,CS textfield,BB textfield,Stack,Head angle,Head tube length textfield,Seat stay junction0,Seat tube length,Seat angle,DT Length,FORK0R,BB diameter,ttd,dtd,csd,ssd,Chain stay position on BB,SSTopZOFFSET,MATERIAL,Head tube upper extension2,Seat tube extension2,Head tube lower extension2,SEATSTAYbrdgshift,CHAINSTAYbrdgshift,SEATSTAYbrdgdia1,CHAINSTAYbrdgdia1,SEATSTAYbrdgCheck,CHAINSTAYbrdgCheck,Dropout spacing,Wall thickness Bottom Bracket,Wall thickness Top tube,Wall thickness Head tube,Wall thickness Down tube,Wall thickness Chain stay,Wall thickness Seat stay,Wall thickness Seat tube,Wheel diameter front,RDBSD,Wheel diameter rear,FDBSD,Fork type,Stem kind,Display AEROBARS,Handlebar style,Head tube type,BB length,Head tube diameter,Wheel cut,Seat tube diameter,bottle SEATTUBE0 show,bottle DOWNTUBE0 show,Front Fender include,Rear Fender include,BELTorCHAIN,Number of cogs,Number of chainrings,Display RACK,FIRST color R_RGB,FIRST color G_RGB,FIRST color B_RGB,RIM_STYLE front,RIM_STYLE rear,SPOKES composite front,SPOKES composite rear,SBLADEW front,SBLADEW rear,Saddle length,Saddle height,Down tube diameter,Seatpost LENGTH,Seat tube type
0,420.0,65.0,600.0,73.0,140.0,45.0,555.0,74.0,650.0,45.0,40.0,30.0,40.0,25.0,15.0,15.0,15.0,STEEL,30.0,45.0,40.0,0.0,0.0,0.0,0.0,False,False,130.0,3.0,2.0,2.0,2.5,2.0,2.0,2.5,700.0,20.0,700.0,20.0,0.0,0.0,False,0.0,1.0,68.0,35.0,0.0,38.0,False,False,False,False,True,11.0,2.0,False,255.0,0.0,0.0,SPOKED,SPOKED,0.0,0.0,80.0,80.0,280.0,700.0,40.0,300.0,1.0
1,430.0,60.0,580.0,70.0,110.0,45.0,515.0,70.0,670.0,50.0,40.0,30.0,40.0,25.0,15.0,15.0,15.0,ALUMINIUM,30.0,45.0,40.0,0.0,0.0,0.0,0.0,False,False,135.0,3.0,2.0,2.0,2.5,2.0,2.0,2.5,700.0,20.0,700.0,20.0,1.0,1.0,False,1.0,1.0,68.0,35.0,0.0,38.0,False,False,False,False,True,8.0,1.0,False,192.0,192.0,192.0,SPOKED,SPOKED,0.0,0.0,80.0,80.0,280.0,700.0,40.0,300.0,1.0
2,415.0,60.0,610.0,72.0,120.0,45.0,530.0,73.0,660.0,45.0,40.0,30.0,40.0,25.0,15.0,15.0,15.0,STEEL,30.0,45.0,40.0,0.0,0.0,0.0,0.0,False,False,130.0,3.0,2.0,2.0,2.5,2.0,2.0,2.5,700.0,20.0,700.0,20.0,0.0,1.0,False,1.0,1.0,68.0,35.0,0.0,38.0,False,False,False,False,True,8.0,1.0,False,65.0,105.0,225.0,SPOKED,SPOKED,0.0,0.0,80.0,80.0,280.0,700.0,40.0,300.0,1.0
3,420.0,65.0,600.0,73.0,150.0,45.0,550.0,74.0,650.0,45.0,40.0,30.0,40.0,25.0,15.0,15.0,15.0,STEEL,30.0,45.0,40.0,0.0,0.0,0.0,0.0,False,False,130.0,3.0,2.0,2.0,2.5,2.0,2.0,2.5,700.0,20.0,700.0,20.0,0.0,0.0,False,0.0,1.0,68.0,35.0,0.0,38.0,False,False,False,False,True,10.0,2.0,False,255.0,255.0,255.0,SPOKED,SPOKED,0.0,0.0,80.0,80.0,280.0,700.0,40.0,300.0,1.0
4,440.0,60.0,580.0,70.0,110.0,45.0,515.0,70.0,670.0,50.0,40.0,30.0,40.0,25.0,15.0,15.0,15.0,ALUMINIUM,30.0,45.0,40.0,0.0,0.0,0.0,0.0,False,False,135.0,3.0,2.0,2.0,2.5,2.0,2.0,2.5,700.0,20.0,700.0,20.0,1.0,1.0,False,1.0,1.0,68.0,35.0,0.0,38.0,False,False,False,False,True,9.0,1.0,False,42.0,82.0,190.0,SPOKED,SPOKED,0.0,0.0,80.0,80.0,280.0,700.0,40.0,300.0,1.0
5,415.0,60.0,620.0,72.0,120.0,45.0,530.0,73.0,660.0,45.0,40.0,30.0,40.0,25.0,15.0,15.0,15.0,STEEL,30.0,45.0,40.0,0.0,0.0,0.0,0.0,False,False,130.0,3.0,2.0,2.0,2.5,2.0,2.0,2.5,700.0,20.0,700.0,20.0,0.0,1.0,False,1.0,1.0,68.0,35.0,0.0,38.0,False,False,False,False,True,8.0,1.0,False,152.0,255.0,152.0,SPOKED,SPOKED,0.0,0.0,80.0,80.0,280.0,700.0,40.0,300.0,1.0
6,420.0,65.0,600.0,73.0,140.0,45.0,555.0,74.0,650.0,45.0,40.0,30.0,40.0,25.0,15.0,15.0,15.0,ALUMINIUM,30.0,45.0,40.0,0.0,0.0,0.0,0.0,False,False,130.0,3.0,2.0,2.0,2.5,2.0,2.0,2.5,700.0,20.0,700.0,20.0,0.0,0.0,False,0.0,1.0,68.0,35.0,0.0,38.0,False,False,False,False,True,9.0,2.0,False,128.0,128.0,128.0,SPOKED,SPOKED,0.0,0.0,80.0,80.0,280.0,700.0,40.0,300.0,1.0
7,440.0,60.0,580.0,70.0,110.0,45.0,515.0,70.0,670.0,50.0,40.0,30.0,40.0,25.0,15.0,15.0,15.0,ALUMINIUM,30.0,45.0,40.0,0.0,0.0,0.0,0.0,False,False,135.0,3.0,2.0,2.0,2.5,2.0,2.0,2.5,700.0,20.0,700.0,20.0,1.0,1.0,False,1.0,1.0,68.0,35.0,0.0,38.0,False,False,False,False,True,10.0,1.0,False,0.0,0.0,0.0,SPOKED,SPOKED,0.0,0.0,80.0,80.0,280.0,700.0,40.0,300.0,1.0
8,415.0,60.0,620.0,72.0,120.0,45.0,530.0,73.0,660.0,45.0,40.0,30.0,40.0,25.0,15.0,15.0,15.0,STEEL,30.0,45.0,40.0,0.0,0.0,0.0,0.0,False,False,130.0,3.0,2.0,2.0,2.5,2.0,2.0,2.5,700.0,20.0,700.0,20.0,0.0,1.0,False,0.0,1.0,68.0,35.0,0.0,38.0,True,True,False,False,True,8.0,1.0,True,112.0,128.0,144.0,SPOKED,SPOKED,0.0,0.0,80.0,80.0,280.0,700.0,40.0,300.0,1.0
9,420.0,65.0,600.0,73.0,140.0,45.0,555.0,74.0,650.0,45.0,40.0,30.0,40.0,25.0,15.0,15.0,15.0,TITANIUM,30.0,45.0,40.0,0.0,0.0,0.0,0.0,False,False,130.0,3.0,2.0,2.0,2.5,2.0,2.0,2.5,700.0,20.0,700.0,20.0,0.0,0.0,False,0.0,3.0,68.0,37.0,0.0,38.0,False,False,False,False,True,11.0,2.0,False,169.0,169.0,169.0,SPOKED,SPOKED,0.0,0.0,80.0,80.0,280.0,700.0,40.0,300.0,1.0
10,430.0,70.0,620.0,67.0,140.0,45.0,520.0,73.0,660.0,45.0,40.0,30.0,36.0,25.0,23.0,13.0,15.0,CARBON,30.0,40.0,40.0,330.0,350.0,16.0,18.0,False,False,135.0,3.0,2.0,3.0,2.0,2.0,1.5,1.8,674.0,52.0,674.0,52.0,1.0,1.0,False,1.0,1.0,68.0,34.0,0.0,33.0,False,False,False,False,True,12.0,2.0,False,0.0,0.0,0.0,SPOKED,SPOKED,0.0,0.0,80.0,80.0,280.0,730.0,36.0,350.0,1.0
11,420.0,70.0,650.0,72.0,160.0,45.0,530.0,73.0,650.0,45.0,40.0,28.0,34.0,25.0,23.0,13.0,15.0,TITANIUM,35.0,45.0,40.0,330.0,350.0,16.0,18.0,False,False,130.0,3.0,2.0,3.0,2.0,1.5,1.5,1.8,674.0,52.0,674.0,52.0,0.0,0.0,False,1.0,1.0,68.0,34.0,0.0,33.0,False,False,False,False,True,8.0,1.0,True,128.0,128.0,128.0,SPOKED,SPOKED,0.0,0.0,80.0,80.0,280.0,700.0,34.0,300.0,1.0
12,425.0,70.0,580.0,73.0,120.0,45.0,550.0,74.0,650.0,45.0,40.0,28.0,36.0,25.0,23.0,13.0,15.0,STEEL,30.0,35.0,40.0,330.0,350.0,16.0,18.0,False,False,130.0,3.0,2.5,3.0,2.5,1.5,1.5,1.8,674.0,52.0,674.0,52.0,0.0,0.0,False,0.0,3.0,68.0,34.0,0.0,33.0,False,False,False,False,True,11.0,2.0,False,50.0,50.0,50.0,SPOKED,SPOKED,0.0,0.0,80.0,80.0,280.0,750.0,36.0,330.0,1.0
13,435.0,70.0,620.0,67.0,140.0,45.0,520.0,73.0,665.0,45.0,40.0,30.0,36.0,25.0,23.0,13.0,15.0,ALUMINIUM,30.0,40.0,40.0,330.0,350.0,16.0,18.0,False,False,135.0,3.0,2.0,3.0,2.0,2.0,1.5,1.8,674.0,52.0,674.0,52.0,1.0,1.0,False,1.0,1.0,68.0,34.0,0.0,33.0,False,False,False,False,True,12.0,1.0,False,0.0,0.0,0.0,SPOKED,SPOKED,0.0,0.0,80.0,80.0,280.0,730.0,36.0,350.0,1.0
14,432.0,70.0,652.0,72.0,162.0,45.0,532.0,73.0,652.0,45.0,40.0,28.0,34.0,25.0,23.0,13.0,15.0,STEEL,35.0,40.0,40.0,330.0,350.0,16.0,18.0,False,False,130.0,3.0,2.5,3.0,2.5,1.5,1.5,1.8,674.0,52.0,674.0,52.0,0.0,0.0,False,2.0,1.0,68.0,34.0,0.0,33.0,False,False,False,False,True,8.0,1.0,True,153.0,0.0,0.0,SPOKED,SPOKED,0.0,0.0,80.0,80.0,280.0,700.0,34.0,300.0,1.0
15,428.0,70.0,585.0,73.0,125.0,45.0,555.0,74.0,655.0,45.0,40.0,28.0,36.0,25.0,23.0,13.0,15.0,TITANIUM,30.0,35.0,40.0,330.0,350.0,16.0,18.0,False,False,130.0,3.0,2.5,3.0,2.5,1.5,1.5,1.8,674.0,52.0,674.0,52.0,0.0,0.0,False,1.0,3.0,68.0,34.0,0.0,33.0,False,False,False,False,True,11.0,2.0,False,192.0,192.0,192.0,SPOKED,SPOKED,0.0,0.0,80.0,80.0,280.0,750.0,36.0,330.0,1.0
16,438.0,70.0,630.0,67.0,145.0,45.0,525.0,73.0,660.0,45.0,40.0,30.0,36.0,25.0,23.0,13.0,15.0,STEEL,30.0,40.0,40.0,330.0,350.0,16.0,18.0,False,False,135.0,3.0,2.0,3.0,2.0,2.0,1.5,1.8,674.0,52.0,674.0,52.0,1.0,1.0,False,1.0,1.0,68.0,34.0,0.0,33.0,False,False,False,False,True,12.0,1.0,False,0.0,0.0,0.0,SPOKED,SPOKED,0.0,0.0,80.0,80.0,280.0,730.0,36.0,350.0,1.0
17,422.0,70.0,650.0,72.0,160.0,45.0,535.0,73.0,650.0,45.0,40.0,28.0,34.0,25.0,23.0,13.0,15.0,STEEL,35.0,40.0,40.0,330.0,350.0,16.0,18.0,False,False,130.0,3.0,2.5,3.0,2.5,1.5,1.5,1.8,674.0,52.0,674.0,52.0,0.0,0.0,False,1.0,1.0,68.0,34.0,0.0,33.0,False,True,False,False,True,8.0,1.0,False,0.0,100.0,0.0,SPOKED,SPOKED,0.0,0.0,80.0,80.0,280.0,700.0,34.0,300.0,1.0
18,423.0,70.0,590.0,73.0,125.0,45.0,550.0,74.0,650.0,45.0,40.0,28.0,36.0,25.0,23.0,13.0,15.0,ALUMINIUM,30.0,35.0,40.0,330.0,350.0,16.0,18.0,False,False,130.0,3.0,2.5,3.0,2.5,1.5,1.5,1.8,674.0,52.0,674.0,52.0,0.0,0.0,False,0.0,3.0,68.0,34.0,0.0,33.0,False,False,False,False,True,11.0,2.0,False,255.0,255.0,255.0,SPOKED,SPOKED,0.0,0.0,80.0,80.0,280.0,750.0,36.0,330.0,1.0
19,440.0,70.0,625.0,67.0,150.0,45.0,525.0,73.0,660.0,45.0,40.0,30.0,36.0,25.0,23.0,13.0,15.0,STEEL,30.0,40.0,40.0,330.0,350.0,16.0,18.0,False,False,135.0,3.0,2.0,3.0,2.0,2.0,1.5,1.8,674.0,52.0,674.0,52.0,1.0,1.0,False,1.0,1.0,68.0,34.0,0.0,33.0,False,False,False,False,True,12.0,1.0,False,0.0,0.0,0.0,SPOKED,SPOKED,0.0,0.0,80.0,80.0,280.0,730.0,36.0,350.0,1.0
20,420.0,66.0,620.0,73.0,150.0,45.0,560.0,74.0,660.0,45.0,40.0,25.4,36.5,23.35,13.0,15.0,9.0,STEEL,90.0,336.0,60.0,330.0,350.0,16.0,18.0,False,False,130.0,2.0,1.5,1.5,2.0,1.5,1.5,2.0,674.0,52.0,674.0,52.0,0.0,1.0,False,1.0,1.0,68.0,31.8,692.0,26.8,True,True,False,False,True,8.0,1.0,True,0.0,128.0,128.0,SPOKED,SPOKED,1.0,1.0,80.0,80.0,280.0,740.0,26.8,300.0,1.0
21,430.0,68.0,620.0,73.0,145.0,45.0,550.0,73.0,650.0,45.0,40.0,25.4,36.5,23.35,13.0,15.0,9.0,STEEL,87.0,330.0,58.0,330.0,350.0,16.0,18.0,False,False,130.0,2.0,1.5,1.5,2.0,1.5,1.5,2.0,674.0,52.0,674.0,52.0,0.0,1.0,False,0.0,1.0,68.0,31.8,692.0,26.8,False,False,False,False,True,11.0,2.0,False,128.0,128.0,128.0,SPOKED,SPOKED,1.0,1.0,80.0,80.0,280.0,740.0,26.8,300.0,1.0
22,405.0,65.0,650.0,71.0,155.0,45.0,565.0,75.0,670.0,45.0,40.0,25.4,36.5,23.35,13.0,15.0,9.0,STEEL,93.0,339.0,62.0,330.0,350.0,16.0,18.0,False,False,130.0,2.0,1.5,1.5,2.0,1.5,1.5,2.0,674.0,52.0,674.0,52.0,1.0,1.0,False,1.0,1.0,68.0,31.8,692.0,26.8,False,False,False,False,True,12.0,1.0,False,0.0,0.0,0.0,SPOKED,SPOKED,1.0,1.0,80.0,80.0,280.0,740.0,26.8,300.0,1.0
23,410.0,66.0,610.0,73.0,140.0,45.0,540.0,73.0,660.0,45.0,40.0,33.0,39.75,23.35,13.0,15.0,9.0,ALUMINIUM,84.0,324.0,56.0,330.0,350.0,16.0,18.0,False,False,130.0,2.0,1.5,1.5,2.0,1.5,1.5,2.0,674.0,52.0,674.0,52.0,0.0,1.0,False,1.0,1.0,68.0,45.0,692.0,31.8,False,False,False,False,True,8.0,1.0,False,255.0,255.0,255.0,SPOKED,SPOKED,1.0,1.0,80.0,80.0,280.0,740.0,26.8,300.0,1.0
24,435.0,68.0,630.0,73.0,150.0,45.0,550.0,73.0,650.0,45.0,40.0,25.4,36.5,23.35,13.0,15.0,9.0,STEEL,90.0,330.0,60.0,330.0,350.0,16.0,18.0,False,False,130.0,2.0,1.5,1.5,2.0,1.5,1.5,2.0,674.0,52.0,674.0,52.0,0.0,1.0,False,1.0,1.0,68.0,31.8,692.0,26.8,False,False,False,False,True,11.0,2.0,False,0.0,0.0,0.0,SPOKED,SPOKED,1.0,1.0,80.0,80.0,280.0,740.0,26.8,300.0,1.0
25,415.0,65.0,650.0,71.0,155.0,45.0,560.0,75.0,670.0,45.0,40.0,25.4,36.5,23.35,13.0,15.0,9.0,STEEL,93.0,336.0,62.0,330.0,350.0,16.0,18.0,False,False,130.0,2.0,1.5,1.5,2.0,1.5,1.5,2.0,674.0,52.0,674.0,52.0,1.0,1.0,False,1.0,1.0,68.0,31.8,692.0,26.8,False,False,False,False,True,12.0,1.0,False,0.0,0.0,0.0,SPOKED,SPOKED,1.0,1.0,80.0,80.0,280.0,740.0,26.8,300.0,1.0
26,420.0,66.0,600.0,73.0,150.0,45.0,540.0,73.0,660.0,45.0,40.0,28.6,28.6,23.35,21.5,15.0,9.0,CARBON,90.0,324.0,60.0,330.0,350.0,16.0,18.0,False,False,130.0,2.0,1.5,1.5,2.0,1.5,1.5,2.0,674.0,52.0,674.0,52.0,0.0,1.0,False,0.0,1.0,68.0,53.0,692.0,35.0,False,False,False,False,True,11.0,2.0,False,255.0,255.0,255.0,TRISPOKE,TRISPOKE,1.0,1.0,80.0,80.0,280.0,740.0,43.0,480.0,1.0
27,430.0,68.0,630.0,73.0,140.0,45.0,550.0,73.0,650.0,45.0,40.0,33.0,39.75,23.35,13.0,15.0,9.0,ALUMINIUM,84.0,330.0,56.0,330.0,350.0,16.0,18.0,False,False,130.0,2.0,1.5,1.5,2.0,1.5,1.5,2.0,674.0,52.0,674.0,52.0,0.0,1.0,False,1.0,1.0,68.0,45.0,692.0,31.8,False,False,False,False,True,8.0,1.0,False,0.0,0.0,0.0,SPOKED,SPOKED,1.0,1.0,80.0,80.0,280.0,740.0,26.8,300.0,1.0
28,405.0,65.0,650.0,71.0,155.0,45.0,565.0,75.0,670.0,45.0,40.0,25.4,36.5,23.35,13.0,15.0,9.0,STEEL,93.0,339.0,62.0,330.0,350.0,16.0,18.0,False,False,130.0,2.0,1.5,1.5,2.0,1.5,1.5,2.0,674.0,52.0,674.0,52.0,1.0,1.0,False,1.0,1.0,68.0,31.8,692.0,26.8,False,False,False,False,True,12.0,1.0,False,0.0,0.0,0.0,SPOKED,SPOKED,1.0,1.0,80.0,80.0,280.0,740.0,26.8,300.0,1.0
29,410.0,66.0,610.0,73.0,145.0,45.0,540.0,73.0,660.0,45.0,40.0,25.4,36.5,23.35,13.0,15.0,9.0,STEEL,87.0,324.0,58.0,330.0,350.0,16.0,18.0,False,False,130.0,2.0,1.5,1.5,2.0,1.5,1.5,2.0,674.0,52.0,674.0,52.0,0.0,1.0,False,1.0,1.0,68.0,31.8,692.0,26.8,False,False,False,False,True,8.0,1.0,False,0.0,0.0,0.0,SPOKED,SPOKED,1.0,1.0,80.0,80.0,280.0,740.0,26.8,300.0,1.0
30,420.0,68.0,580.0,73.0,150.0,45.0,550.0,73.0,650.0,45.0,40.0,25.4,36.5,23.35,23.35,15.0,9.0,STEEL,36.0,48.0,40.0,330.0,350.0,16.0,18.0,False,False,130.0,3.0,1.5,1.8,1.9,1.5,1.4,1.4,674.0,52.0,674.0,52.0,0.0,1.0,False,1.0,1.0,68.0,31.8,692.0,26.8,False,False,False,False,True,11.0,2.0,False,255.0,0.0,0.0,SPOKED,SPOKED,0.0,0.0,80.0,80.0,80.0,298.0,26.8,718.0,1.0
31,440.0,70.0,640.0,67.0,140.0,45.0,540.0,72.0,630.0,45.0,40.0,25.4,36.5,23.35,27.35,15.0,9.0,STEEL,25.0,49.0,40.0,330.0,350.0,16.0,18.0,False,False,157.0,3.0,1.5,1.8,1.9,1.5,1.4,1.4,744.0,122.0,744.0,122.0,1.0,0.0,False,1.0,1.0,68.0,31.8,692.0,26.8,False,False,False,False,True,8.0,1.0,False,0.0,50.0,50.0,SPOKED,SPOKED,0.0,0.0,80.0,80.0,80.0,278.0,26.8,715.0,1.0
32,410.0,68.0,630.0,73.0,160.0,45.0,510.0,74.0,660.0,45.0,40.0,25.4,36.5,23.35,23.35,15.0,9.0,CARBON,33.0,48.0,40.0,330.0,350.0,16.0,18.0,False,False,130.0,3.0,1.5,1.8,1.9,1.5,1.4,1.4,674.0,52.0,674.0,52.0,0.0,1.0,False,0.0,1.0,68.0,53.0,692.0,35.0,False,False,False,False,True,6.0,1.0,False,255.0,255.0,255.0,TRISPOKE,DISC,1.0,0.0,80.0,80.0,80.0,278.0,43.0,700.0,1.0
33,415.0,68.0,580.0,73.0,150.0,45.0,550.0,73.0,650.0,45.0,40.0,25.4,36.5,23.35,23.35,15.0,9.0,ALUMINIUM,36.0,48.0,40.0,330.0,350.0,16.0,18.0,False,False,130.0,3.0,1.5,1.8,1.9,1.5,1.4,1.4,674.0,52.0,674.0,52.0,0.0,2.0,False,1.0,1.0,68.0,45.0,692.0,31.8,False,False,False,False,True,11.0,2.0,False,64.0,224.0,208.0,TRISPOKE,TRISPOKE,1.0,1.0,80.0,80.0,80.0,278.0,34.9,718.0,1.0
34,445.0,70.0,640.0,67.0,140.0,45.0,540.0,72.0,630.0,45.0,40.0,25.4,36.5,23.35,27.35,15.0,9.0,STEEL,25.0,49.0,40.0,330.0,350.0,16.0,18.0,False,False,157.0,3.0,1.5,1.8,1.9,1.5,1.4,1.4,744.0,122.0,744.0,122.0,1.0,0.0,False,1.0,1.0,68.0,31.8,692.0,26.8,False,False,False,False,True,8.0,1.0,True,204.0,204.0,0.0,SPOKED,SPOKED,0.0,0.0,80.0,80.0,80.0,280.0,26.8,715.0,1.0
35,405.0,68.0,630.0,73.0,160.0,45.0,510.0,74.0,660.0,45.0,40.0,25.4,36.5,23.35,23.35,15.0,9.0,STEEL,33.0,48.0,40.0,330.0,350.0,16.0,18.0,False,False,130.0,3.0,1.5,1.8,1.9,1.5,1.4,1.4,674.0,52.0,674.0,52.0,0.0,2.0,False,2.0,1.0,68.0,31.8,692.0,26.8,False,False,False,False,True,6.0,1.0,True,255.0,0.0,0.0,SPOKED,SPOKED,0.0,0.0,80.0,80.0,80.0,278.0,26.8,700.0,1.0
36,418.0,68.0,580.0,73.0,150.0,45.0,550.0,73.0,650.0,45.0,40.0,25.4,36.5,23.35,23.35,15.0,9.0,CARBON,36.0,48.0,40.0,330.0,350.0,16.0,18.0,False,False,130.0,3.0,1.5,1.8,1.9,1.5,1.4,1.4,674.0,52.0,674.0,52.0,2.0,2.0,True,2.0,3.0,68.0,53.0,692.0,35.0,False,False,False,False,True,11.0,2.0,False,0.0,100.0,100.0,TRISPOKE,DISC,1.0,0.0,80.0,80.0,80.0,298.0,43.0,830.0,0.0
37,442.0,70.0,640.0,67.0,140.0,45.0,540.0,72.0,630.0,45.0,40.0,25.4,36.5,23.35,27.35,15.0,9.0,STEEL,25.0,49.0,40.0,330.0,350.0,16.0,18.0,False,False,157.0,3.0,1.5,1.8,1.9,1.5,1.4,1.4,744.0,122.0,744.0,122.0,1.0,0.0,False,1.0,1.0,68.0,31.8,692.0,26.8,False,False,False,False,True,8.0,1.0,False,0.0,50.0,50.0,SPOKED,SPOKED,0.0,0.0,80.0,80.0,80.0,278.0,26.8,715.0,1.0
38,408.0,68.0,630.0,73.0,160.0,45.0,510.0,74.0,660.0,45.0,40.0,25.4,36.5,23.35,23.35,15.0,9.0,CARBON,33.0,48.0,40.0,330.0,350.0,16.0,18.0,False,False,130.0,3.0,1.5,1.8,1.9,1.5,1.4,1.4,674.0,52.0,674.0,52.0,0.0,2.0,False,0.0,1.0,68.0,53.0,692.0,35.0,False,False,False,False,True,6.0,1.0,False,255.0,255.0,0.0,SPOKED,SPOKED,0.0,0.0,80.0,80.0,80.0,290.0,43.0,700.0,1.0
39,412.0,68.0,580.0,73.0,150.0,45.0,550.0,73.0,650.0,45.0,40.0,25.4,36.5,23.35,23.35,15.0,9.0,STEEL,36.0,48.0,40.0,330.0,350.0,16.0,18.0,False,False,130.0,3.0,1.5,1.8,1.9,1.5,1.4,1.4,674.0,52.0,674.0,52.0,2.0,2.0,True,0.0,3.0,68.0,31.8,692.0,26.8,False,False,False,False,True,11.0,2.0,False,123.0,104.0,238.0,TRISPOKE,TRISPOKE,1.0,1.0,80.0,80.0,80.0,270.0,26.8,718.0,0.0
40,450.0,70.0,640.0,66.0,110.0,50.0,520.0,74.0,650.0,45.0,40.0,30.0,40.0,25.0,25.0,15.0,9.0,STEEL,40.0,90.0,40.0,0.0,0.0,0.0,0.0,False,False,135.0,2.5,2.5,3.0,3.0,2.5,2.5,3.0,700.0,50.0,700.0,50.0,1.0,1.0,False,1.0,1.0,68.0,45.0,0.0,31.6,False,False,False,False,True,10.0,1.0,False,128.0,128.0,128.0,SPOKED,SPOKED,0.0,0.0,0.0,0.0,280.0,700.0,38.0,300.0,1.0
41,420.0,65.0,580.0,73.0,150.0,50.0,520.0,73.0,630.0,50.0,40.0,30.0,40.0,25.0,25.0,15.0,9.0,STEEL,50.0,100.0,40.0,0.0,0.0,0.0,0.0,False,False,135.0,2.5,2.5,3.0,3.0,2.5,2.5,3.0,700.0,60.0,700.0,60.0,0.0,1.0,False,1.0,1.0,68.0,45.0,0.0,31.6,False,False,False,False,True,8.0,1.0,False,192.0,192.0,192.0,SPOKED,SPOKED,0.0,0.0,0.0,0.0,280.0,700.0,38.0,300.0,1.0
42,430.0,65.0,550.0,73.0,120.0,50.0,520.0,74.0,600.0,45.0,40.0,28.0,40.0,25.0,25.0,15.0,9.0,STEEL,40.0,100.0,40.0,0.0,0.0,0.0,0.0,False,False,130.0,2.5,2.5,3.0,3.0,2.5,2.5,3.0,700.0,50.0,700.0,50.0,0.0,0.0,False,0.0,1.0,68.0,45.0,0.0,31.6,False,False,False,False,True,9.0,2.0,False,76.0,187.0,23.0,SPOKED,SPOKED,0.0,0.0,0.0,0.0,280.0,700.0,38.0,300.0,1.0
43,450.0,65.0,620.0,66.0,140.0,50.0,540.0,73.0,640.0,50.0,40.0,28.0,40.0,25.0,25.0,15.0,9.0,ALUMINIUM,45.0,100.0,40.0,0.0,0.0,0.0,0.0,False,False,135.0,2.5,2.5,3.0,3.0,2.5,2.5,3.0,700.0,60.0,700.0,60.0,1.0,1.0,False,1.0,1.0,68.0,45.0,0.0,31.6,False,False,False,False,True,10.0,1.0,False,180.0,180.0,180.0,SPOKED,SPOKED,0.0,0.0,0.0,0.0,280.0,700.0,38.0,300.0,1.0
44,420.0,65.0,600.0,73.0,150.0,50.0,520.0,73.0,630.0,50.0,40.0,28.0,40.0,25.0,25.0,15.0,9.0,STEEL,50.0,100.0,40.0,0.0,0.0,0.0,0.0,False,False,135.0,2.5,2.5,3.0,3.0,2.5,2.5,3.0,700.0,60.0,700.0,60.0,0.0,1.0,False,1.0,1.0,68.0,45.0,0.0,31.6,False,False,False,False,True,8.0,1.0,False,0.0,0.0,255.0,SPOKED,SPOKED,0.0,0.0,0.0,0.0,280.0,700.0,38.0,300.0,1.0
45,430.0,65.0,540.0,73.0,110.0,50.0,510.0,74.0,590.0,45.0,40.0,28.0,40.0,25.0,25.0,15.0,9.0,STEEL,40.0,90.0,40.0,0.0,0.0,0.0,0.0,False,False,130.0,2.5,2.5,3.0,3.0,2.5,2.5,3.0,700.0,50.0,700.0,50.0,0.0,0.0,False,0.0,0.0,68.0,45.0,0.0,31.6,False,False,False,False,True,11.0,2.0,False,85.0,107.0,47.0,SPOKED,SPOKED,0.0,0.0,0.0,0.0,280.0,700.0,38.0,300.0,1.0
46,440.0,65.0,620.0,67.0,120.0,50.0,540.0,73.0,640.0,45.0,40.0,30.0,45.0,27.0,27.0,15.0,9.0,CARBON,40.0,100.0,40.0,0.0,0.0,0.0,0.0,False,False,135.0,2.0,2.0,3.0,3.0,2.0,2.0,2.5,700.0,60.0,700.0,60.0,1.0,1.0,False,1.0,3.0,68.0,50.0,0.0,31.6,False,True,False,False,True,11.0,1.0,False,0.0,0.0,0.0,DISC,DISC,0.0,0.0,0.0,0.0,280.0,700.0,38.0,300.0,1.0
47,420.0,65.0,600.0,73.0,150.0,50.0,520.0,73.0,630.0,50.0,40.0,30.0,45.0,27.0,27.0,15.0,9.0,STEEL,50.0,100.0,40.0,0.0,0.0,0.0,0.0,False,False,135.0,2.5,2.5,3.0,3.0,2.5,2.5,3.0,700.0,60.0,700.0,60.0,0.0,1.0,False,1.0,1.0,68.0,45.0,0.0,31.6,True,True,False,False,True,9.0,1.0,False,0.0,0.0,255.0,TRISPOKE,TRISPOKE,1.0,1.0,50.0,50.0,280.0,700.0,38.0,300.0,1.0
48,430.0,65.0,550.0,73.0,90.0,50.0,520.0,74.0,600.0,40.0,40.0,30.0,45.0,27.0,27.0,15.0,9.0,STEEL,40.0,100.0,40.0,0.0,0.0,0.0,0.0,False,False,130.0,2.5,2.5,3.0,3.0,2.5,2.5,3.0,700.0,60.0,700.0,60.0,2.0,0.0,False,0.0,0.0,68.0,40.0,0.0,31.6,True,True,False,False,True,11.0,2.0,False,255.0,255.0,0.0,TRISPOKE,TRISPOKE,1.0,1.0,30.0,30.0,280.0,700.0,38.0,300.0,0.0
49,440.0,65.0,630.0,67.0,120.0,50.0,540.0,73.0,640.0,45.0,40.0,30.0,45.0,27.0,27.0,15.0,9.0,CARBON,40.0,100.0,40.0,0.0,0.0,0.0,0.0,False,False,135.0,2.0,2.0,3.0,3.0,2.0,2.0,2.5,700.0,60.0,700.0,60.0,1.0,0.0,False,0.0,3.0,68.0,50.0,0.0,31.6,True,True,False,False,True,11.0,1.0,False,255.0,0.0,0.0,TRISPOKE,TRISPOKE,1.0,1.0,50.0,50.0,280.0,700.0,38.0,300.0,3.0
50,430.0,65.0,600.0,73.0,120.0,45.0,550.0,74.0,650.0,45.0,40.0,25.4,28.6,36.5,23.35,13.0,15.0,ALUMINIUM,30.0,48.0,40.0,330.0,350.0,16.0,18.0,False,False,130.0,2.5,1.8,2.5,1.8,1.5,1.4,1.4,674.0,52.0,674.0,52.0,0.0,2.0,True,2.0,1.0,68.0,45.0,692.0,31.8,False,True,False,False,True,8.0,1.0,True,153.0,255.0,153.0,TRISPOKE,TRISPOKE,1.0,1.0,80.0,80.0,278.0,720.0,26.8,300.0,1.0
51,445.0,70.0,610.0,73.5,130.0,45.0,515.0,73.0,740.0,45.0,40.0,25.4,28.6,36.5,23.35,13.0,15.0,ALUMINIUM,32.0,48.0,44.0,330.0,350.0,16.0,18.0,False,False,130.0,2.5,1.8,2.5,1.8,1.5,1.4,1.4,674.0,52.0,674.0,52.0,0.0,2.0,False,2.0,1.0,68.0,45.0,692.0,31.8,False,True,False,False,True,10.0,1.0,False,255.0,255.0,255.0,SPOKED,SPOKED,1.0,1.0,80.0,80.0,275.0,740.0,26.8,300.0,1.0
52,410.0,35.0,515.0,65.0,160.0,45.0,380.0,76.0,630.0,45.0,40.0,25.4,28.6,36.5,23.35,13.0,15.0,ALUMINIUM,28.0,45.0,50.0,330.0,350.0,16.0,18.0,False,False,135.0,2.5,1.8,2.5,1.8,1.5,1.4,1.4,628.0,52.0,628.0,52.0,1.0,2.0,False,2.0,1.0,68.0,45.0,692.0,31.8,False,True,False,False,True,9.0,1.0,True,255.0,165.0,0.0,TRISPOKE,TRISPOKE,1.0,1.0,80.0,80.0,265.0,700.0,26.8,300.0,1.0
53,435.0,68.0,610.0,73.0,100.0,45.0,540.0,74.0,655.0,45.0,40.0,25.4,28.6,36.5,23.35,13.0,15.0,STEEL,33.0,48.0,40.0,330.0,350.0,16.0,18.0,False,False,130.0,3.0,2.0,2.0,2.0,2.0,2.0,2.0,674.0,52.0,674.0,52.0,0.0,2.0,False,2.0,1.0,68.0,31.8,692.0,26.8,False,False,False,False,True,7.0,1.0,True,0.0,255.0,0.0,TRISPOKE,TRISPOKE,1.0,1.0,80.0,80.0,280.0,720.0,26.8,250.0,1.0
54,450.0,70.0,620.0,73.0,140.0,45.0,515.0,73.0,740.0,45.0,40.0,33.6,28.6,36.5,23.35,13.0,15.0,CARBON,35.0,48.0,43.5,330.0,350.0,16.0,18.0,False,False,130.0,1.5,1.5,1.5,1.5,1.5,1.5,1.5,674.0,52.0,674.0,52.0,0.0,1.0,False,1.0,3.0,68.0,53.0,692.0,35.0,True,True,False,False,True,11.0,2.0,False,64.0,64.0,64.0,SPOKED,SPOKED,1.0,1.0,80.0,80.0,250.0,740.0,28.6,330.0,1.0
55,425.0,30.0,500.0,67.0,100.0,45.0,530.0,74.0,625.0,45.0,40.0,25.4,28.6,36.5,23.35,13.0,15.0,STEEL,33.0,49.0,50.1,330.0,350.0,16.0,18.0,False,False,135.0,3.0,2.0,2.0,2.0,2.0,2.0,2.0,628.0,52.0,628.0,52.0,1.0,1.0,False,1.0,1.0,68.0,31.8,692.0,26.8,False,False,True,True,True,8.0,1.0,False,255.0,0.0,0.0,SPOKED,SPOKED,1.0,1.0,80.0,80.0,278.0,700.0,26.8,250.0,1.0
56,438.0,67.0,605.0,73.0,120.0,45.0,545.0,74.0,645.0,45.0,40.0,25.4,28.6,36.5,23.35,13.0,15.0,ALUMINIUM,31.0,48.0,42.0,330.0,350.0,16.0,18.0,False,False,130.0,2.5,1.8,2.5,1.8,1.5,1.4,1.4,674.0,52.0,674.0,52.0,0.0,1.0,False,1.0,1.0,68.0,45.0,692.0,31.8,False,False,False,False,True,9.0,1.0,False,0.0,0.0,255.0,SPOKED,SPOKED,1.0,1.0,80.0,80.0,290.0,720.0,26.8,300.0,1.0
57,442.0,70.0,630.0,73.5,140.0,45.0,515.0,73.0,740.0,45.0,40.0,33.6,28.6,36.5,23.35,13.0,15.0,CARBON,35.0,48.0,43.5,330.0,350.0,16.0,18.0,False,False,130.0,1.5,1.5,1.5,1.5,1.5,1.5,1.5,674.0,52.0,674.0,52.0,0.0,0.0,False,0.0,3.0,68.0,53.0,692.0,35.0,True,True,False,False,True,10.0,2.0,False,255.0,255.0,255.0,SPOKED,SPOKED,1.0,1.0,80.0,80.0,260.0,740.0,35.0,330.0,0.0
58,420.0,30.0,520.0,65.0,150.0,45.0,510.0,75.0,635.0,45.0,40.0,33.6,28.6,36.5,23.35,13.0,15.0,CARBON,35.0,48.0,50.0,330.0,350.0,16.0,18.0,False,False,130.0,1.5,1.5,1.5,1.5,1.5,1.5,1.5,628.0,52.0,628.0,52.0,1.0,1.0,False,1.0,3.0,68.0,53.0,692.0,35.0,False,True,False,False,True,11.0,1.0,False,255.0,255.0,255.0,SPOKED,SPOKED,1.0,1.0,80.0,80.0,285.0,700.0,35.0,330.0,1.0
59,432.0,68.0,605.0,73.0,120.0,45.0,540.0,74.0,645.0,45.0,40.0,33.6,28.6,36.5,23.35,13.0,15.0,CARBON,35.0,48.0,40.0,330.0,350.0,16.0,18.0,False,False,130.0,1.5,1.5,1.5,1.5,1.5,1.5,1.5,674.0,52.0,674.0,52.0,0.0,1.0,False,1.0,3.0,68.0,53.0,692.0,35.0,False,True,False,False,True,8.0,1.0,False,255.0,255.0,255.0,SPOKED,SPOKED,1.0,1.0,80.0,80.0,270.0,720.0,35.0,330.0,1.0
61,425,66,575.0,73.0,105.2,45.0,555.0,74.0,644.8,47.0,40.0,25.4,36.5,23.35,13.0,13.0,15.0,STEEL,63.1,48.0,40.1,330.0,350.0,16.0,18.0,False,False,130.0,2.9849,1.7715,2.4986,1.8942,1.5097,1.4105,1.3873,674.0,52.0,674.0,52.0,0.0,0.0,False,1.0,1.0,68.0,31.8,692.0,26.8,False,False,False,False,True,8.0,2.0,False,64.0,96.0,64.0,SPOKED,SPOKED,0.0,0.0,80.0,80.0,80.0,278.0,26.8,718.0,1.0
62,427,29.5,496.9,67.0,100.0,45.0,533.0,65.0,627.6,45.0,40.0,28.6,36.5,23.35,13.0,13.0,15.0,BAMBOO,46.9,44.9,50.1,330.0,350.0,16.0,18.0,False,False,135.0,10.2463,1.0571,3.3202,1.8219,1.3505,1.5312,2.5015,628.0,69.0,628.0,69.0,1.0,1.0,False,1.0,1.0,68.0,45.0,692.0,31.8,False,False,False,False,True,11.0,1.0,False,200.0,200.0,255.0,SPOKED,SPOKED,0.0,0.0,80.0,80.0,80.0,278.0,26.8,718.0,1.0
63,423,66,561.1,74.0,168.8,45.0,552.0,76.0,623.9,45.0,40.0,25.4,36.5,23.35,13.0,13.0,15.0,STEEL,33.0,32.4,46.4,330.0,350.0,16.0,18.0,False,False,130.0,2.9849,1.7715,2.4986,1.8942,1.5097,1.4105,1.3873,674.0,52.0,674.0,52.0,0.0,0.0,False,1.0,1.0,68.0,45.0,692.0,26.8,False,False,False,False,True,8.0,1.0,False,255.0,255.0,255.0,SPOKED,SPOKED,0.0,0.0,80.0,80.0,80.0,278.0,26.8,718.0,1.0
64,430,70,637.9,73.0,180.4,35.0,546.0,73.5,748.5,45.0,40.0,25.4,36.5,23.35,13.0,13.0,9.0,TITANIUM,36.3,46.2,56.2,330.0,350.0,16.0,18.0,False,False,130.0,2.5,1.5,2.0,1.5,1.2,1.2,1.2,736.0,114.0,736.0,114.0,0.0,2.0,False,0.0,3.0,68.0,46.3,692.0,28.6,False,True,False,False,True,10.0,2.0,False,200.0,100.0,40.0,SPOKED,SPOKED,0.0,0.0,80.0,80.0,80.0,278.0,26.8,718.0,1.0
65,420,70,641.1,64.0,151.0,45.0,540.0,72.5,668.1,45.0,40.0,28.6,36.5,23.35,13.0,13.0,15.0,ALUMINIUM,30.6,40.0,55.8,330.0,350.0,16.0,18.0,False,False,135.0,3.0,1.7,2.5,1.7,1.4,1.4,1.4,676.0,54.0,676.0,54.0,1.0,0.0,False,0.0,1.0,68.0,55.0,692.0,50.0,False,False,False,False,True,10.0,2.0,False,200.0,200.0,255.0,SPOKED,SPOKED,0.0,0.0,80.0,80.0,80.0,278.0,26.8,718.0,1.0
66,415,70,593.5,74.0,145.0,45.0,515.0,74.0,648.3,45.0,40.0,25.4,36.5,23.35,13.0,15.0,15.0,ALUMINIUM,34.0,49.0,49.9,330.0,350.0,16.0,18.0,False,False,130.0,3.0,1.7,2.5,1.7,1.4,1.4,1.4,674.0,52.0,674.0,52.0,0.0,1.0,False,0.0,1.0,68.0,45.0,692.0,31.8,False,True,False,False,True,8.0,1.0,False,255.0,255.0,0.0,SPOKED,SPOKED,0.0,0.0,80.0,80.0,80.0,278.0,26.8,718.0,1.0
67,435,66,575.2,73.0,105.2,45.0,555.0,74.0,644.8,47.0,40.0,25.4,36.5,23.35,13.0,15.0,15.0,STEEL,63.1,48.0,40.1,330.0,350.0,16.0,18.0,False,False,130.0,2.9849,1.7715,2.4986,1.8942,1.5097,1.4105,1.3873,674.0,52.0,674.0,52.0,0.0,0.0,False,1.0,1.0,68.0,31.8,692.0,26.8,False,False,False,False,True,8.0,2.0,False,128.0,0.0,128.0,SPOKED,SPOKED,0.0,0.0,80.0,80.0,80.0,278.0,26.8,718.0,1.0
68,440,70,519.9,76.0,160.0,45.0,552.0,76.0,623.9,45.0,40.0,28.6,36.5,23.35,13.0,15.0,15.0,ALUMINIUM,33.0,32.4,46.4,330.0,350.0,16.0,18.0,False,False,135.0,3.0,1.7,2.5,1.7,1.4,1.4,1.4,628.0,69.0,628.0,69.0,1.0,2.0,False,0.0,3.0,68.0,45.0,692.0,35.0,False,False,False,False,True,11.0,1.0,False,255.0,255.0,255.0,TRISPOKE,DISC,1.0,0.0,80.0,80.0,80.0,278.0,26.8,718.0,1.0
69,450,35,512.0,74.0,123.0,45.0,533.0,75.0,640.6,45.0,40.0,25.4,36.5,23.35,13.0,15.0,15.0,CARBON,25.0,53.0,30.0,330.0,350.0,16.0,18.0,False,False,130.0,4.0,2.0,3.0,1.8,1.7,1.7,1.5,674.0,52.0,674.0,52.0,0.0,1.0,False,1.0,1.0,68.0,53.0,692.0,35.0,False,False,False,False,True,8.0,1.0,False,64.0,224.0,208.0,TRISPOKE,TRISPOKE,1.0,1.0,80.0,80.0,80.0,278.0,26.8,718.0,1.0
70,430.0,68.0,630.0,66.0,120.0,45.0,550.0,73.0,650.0,45.0,40.0,30.0,36.0,25.0,21.0,15.0,9.0,STEEL,60.0,50.0,40.0,330.0,350.0,16.0,18.0,False,False,135.0,4.0,2.0,3.0,2.5,2.5,2.5,2.5,700.0,52.0,700.0,52.0,1.0,0.0,False,1.0,1.0,68.0,50.0,32.0,31.0,False,False,False,False,True,8.0,1.0,False,34.0,139.0,34.0,SPOKED,SPOKED,0.0,0.0,0.0,0.0,278.0,718.0,36.0,350.0,1.0
71,420.0,65.0,600.0,72.0,110.0,45.0,520.0,73.0,630.0,40.0,40.0,30.0,35.0,25.0,21.0,15.0,9.0,ALUMINIUM,55.0,45.0,38.0,330.0,350.0,16.0,18.0,False,False,130.0,3.0,2.0,2.5,2.0,1.5,1.5,2.0,700.0,52.0,700.0,52.0,0.0,2.0,False,2.0,1.0,68.0,45.0,32.0,31.0,False,True,False,False,True,7.0,1.0,False,192.0,192.0,192.0,SPOKED,SPOKED,0.0,0.0,0.0,0.0,280.0,700.0,36.0,350.0,1.0
72,430.0,67.0,580.0,73.0,100.0,45.0,540.0,74.0,650.0,45.0,40.0,30.0,36.0,25.0,21.0,15.0,9.0,STEEL,50.0,45.0,35.0,330.0,350.0,16.0,18.0,False,False,130.0,3.0,2.0,2.5,2.5,2.0,2.0,2.0,700.0,52.0,700.0,52.0,0.0,0.0,False,0.0,1.0,68.0,48.0,32.0,31.0,False,False,False,False,True,10.0,2.0,False,255.0,182.0,193.0,SPOKED,SPOKED,0.0,0.0,0.0,0.0,280.0,700.0,36.0,350.0,1.0
73,440.0,66.0,600.0,66.0,115.0,45.0,530.0,73.0,640.0,45.0,40.0,30.0,36.0,25.0,21.0,15.0,9.0,STEEL,58.0,48.0,40.0,330.0,350.0,16.0,18.0,False,False,135.0,4.0,2.0,3.0,2.5,2.5,2.5,2.5,700.0,52.0,700.0,52.0,1.0,0.0,False,1.0,1.0,68.0,50.0,32.0,31.0,False,False,False,False,True,8.0,1.0,False,192.0,192.0,192.0,SPOKED,SPOKED,0.0,0.0,0.0,0.0,278.0,718.0,36.0,350.0,1.0
74,420.0,65.0,610.0,73.0,120.0,45.0,530.0,74.0,630.0,40.0,40.0,30.0,36.0,25.0,21.0,15.0,9.0,STEEL,60.0,45.0,40.0,330.0,350.0,16.0,18.0,False,False,130.0,4.0,2.0,3.0,2.5,2.5,2.5,2.5,700.0,52.0,700.0,52.0,0.0,0.0,False,0.0,1.0,68.0,50.0,32.0,31.0,False,False,False,False,True,8.0,2.0,False,192.0,192.0,192.0,SPOKED,SPOKED,0.0,0.0,0.0,0.0,280.0,700.0,36.0,350.0,1.0
75,425.0,66.0,590.0,74.0,90.0,45.0,540.0,73.0,645.0,45.0,40.0,28.0,34.0,25.0,21.0,15.0,9.0,ALUMINIUM,52.0,48.0,38.0,330.0,350.0,16.0,18.0,False,False,130.0,3.0,2.0,2.5,2.5,2.0,2.0,2.0,700.0,52.0,700.0,52.0,0.0,0.0,False,0.0,1.0,68.0,40.0,32.0,31.0,False,False,False,False,True,10.0,2.0,False,0.0,255.0,0.0,SPOKED,SPOKED,0.0,0.0,0.0,0.0,280.0,700.0,34.0,350.0,1.0
76,415.0,68.0,610.0,68.0,100.0,45.0,550.0,73.0,640.0,45.0,40.0,30.0,36.0,25.0,21.0,15.0,9.0,TITANIUM,55.0,45.0,38.0,330.0,350.0,16.0,18.0,False,False,135.0,3.0,2.0,2.5,2.5,2.0,2.0,2.5,700.0,52.0,700.0,52.0,1.0,0.0,False,0.0,1.0,68.0,50.0,32.0,31.0,True,True,False,False,True,10.0,2.0,False,169.0,169.0,169.0,SPOKED,SPOKED,0.0,0.0,0.0,0.0,280.0,700.0,36.0,350.0,1.0
77,420.0,65.0,610.0,73.0,105.0,45.0,520.0,74.0,630.0,35.0,40.0,30.0,34.0,25.0,21.0,15.0,9.0,TITANIUM,55.0,45.0,38.0,330.0,350.0,16.0,18.0,False,False,130.0,3.0,2.0,2.5,2.5,2.0,2.0,2.0,700.0,52.0,700.0,52.0,0.0,0.0,False,1.0,1.0,68.0,50.0,32.0,31.0,True,True,False,False,True,8.0,2.0,False,169.0,169.0,169.0,SPOKED,SPOKED,0.0,0.0,0.0,0.0,280.0,700.0,36.0,350.0,1.0
78,425.0,68.0,590.0,74.0,95.0,45.0,540.0,73.0,645.0,45.0,40.0,28.0,34.0,25.0,21.0,15.0,9.0,ALUMINIUM,52.0,48.0,38.0,330.0,350.0,16.0,18.0,False,False,130.0,3.0,2.0,2.5,2.5,2.0,2.0,2.0,700.0,52.0,700.0,52.0,0.0,0.0,False,1.0,1.0,68.0,45.0,32.0,31.0,False,False,False,False,True,9.0,2.0,False,212.0,212.0,212.0,SPOKED,SPOKED,0.0,0.0,0.0,0.0,280.0,700.0,34.0,350.0,1.0
79,430.0,67.0,620.0,67.0,110.0,45.0,550.0,73.0,640.0,45.0,40.0,30.0,36.0,25.0,21.0,15.0,9.0,ALUMINIUM,58.0,50.0,40.0,330.0,350.0,16.0,18.0,False,False,135.0,3.0,2.0,2.5,2.5,2.0,2.0,2.0,700.0,52.0,700.0,52.0,1.0,0.0,False,1.0,1.0,68.0,50.0,32.0,31.0,False,False,False,False,True,9.0,1.0,False,0.0,0.0,0.0,SPOKED,SPOKED,0.0,0.0,0.0,0.0,280.0,700.0,36.0,350.0,1.0
80,430.0,65.0,600.0,71.0,120.0,50.0,550.0,73.0,680.0,45.0,40.0,30.0,36.0,23.0,21.0,15.0,20.0,ALUMINIUM,40.0,48.0,40.0,330.0,350.0,16.0,18.0,False,False,135.0,2.0,2.0,2.0,2.0,2.0,2.0,2.0,674.0,52.0,674.0,52.0,0.0,2.0,False,1.0,1.0,68.0,35.0,0.0,31.8,False,False,False,False,True,8.0,1.0,False,0.0,0.0,0.0,SPOKED,SPOKED,1.0,1.0,80.0,80.0,280.0,280.0,34.9,300.0,1.0
81,410.0,70.0,590.0,73.0,140.0,50.0,530.0,74.0,700.0,47.0,40.0,32.0,36.0,23.0,21.0,15.0,20.0,ALUMINIUM,45.0,47.0,45.0,330.0,350.0,16.0,18.0,False,False,130.0,2.0,2.0,2.0,2.0,2.0,2.0,2.0,674.0,52.0,674.0,52.0,0.0,0.0,False,1.0,1.0,68.0,35.0,0.0,31.8,False,True,False,False,True,10.0,2.0,False,0.0,0.0,0.0,SPOKED,SPOKED,1.0,1.0,80.0,80.0,280.0,300.0,34.9,300.0,1.0
82,450.0,30.0,510.0,66.0,105.0,50.0,540.0,65.0,630.0,50.0,40.0,28.0,36.0,23.0,21.5,15.0,20.0,STEEL,35.0,45.0,50.0,330.0,350.0,16.0,18.0,False,False,135.0,2.5,2.5,2.5,2.5,2.5,2.5,2.5,628.0,69.0,628.0,69.0,1.0,1.0,False,1.0,1.0,68.0,35.0,0.0,31.8,False,False,False,False,True,11.0,1.0,False,0.0,127.0,255.0,SPOKED,SPOKED,1.0,1.0,80.0,80.0,280.0,300.0,34.9,300.0,1.0
83,430.0,70.0,640.0,73.0,115.0,50.0,560.0,73.0,670.0,45.0,40.0,30.0,36.0,23.0,21.0,15.0,20.0,ALUMINIUM,40.0,48.0,40.0,330.0,350.0,16.0,18.0,False,False,135.0,2.0,2.0,2.0,2.0,2.0,2.0,2.0,674.0,52.0,674.0,52.0,0.0,2.0,False,1.0,1.0,68.0,35.0,0.0,31.8,False,False,True,True,True,9.0,1.0,False,255.0,255.0,0.0,SPOKED,SPOKED,1.0,1.0,80.0,80.0,280.0,300.0,34.9,300.0,1.0
84,415.0,70.0,625.0,73.0,125.0,50.0,550.0,74.0,690.0,45.0,40.0,28.0,50.0,27.0,23.0,15.0,20.0,CARBON,45.0,47.0,45.0,330.0,350.0,16.0,18.0,False,False,130.0,1.5,1.5,1.5,1.5,1.5,1.5,1.5,674.0,52.0,674.0,52.0,0.0,0.0,False,1.0,1.0,68.0,35.0,0.0,31.8,False,False,False,False,True,11.0,2.0,False,0.0,100.0,0.0,SPOKED,SPOKED,1.0,1.0,80.0,80.0,280.0,300.0,34.9,300.0,1.0
85,445.0,30.0,500.0,67.0,100.0,50.0,550.0,66.0,630.0,50.0,40.0,28.0,36.0,23.0,21.0,15.0,20.0,STEEL,35.0,45.0,50.0,330.0,350.0,16.0,18.0,False,False,135.0,2.5,2.5,2.5,2.5,2.5,2.5,2.5,628.0,69.0,628.0,69.0,1.0,1.0,False,1.0,1.0,68.0,35.0,0.0,31.8,False,False,False,False,True,10.0,1.0,False,85.0,107.0,47.0,SPOKED,SPOKED,1.0,1.0,80.0,80.0,280.0,300.0,34.9,300.0,1.0
86,430.0,70.0,610.0,73.0,120.0,50.0,550.0,73.0,675.0,45.0,40.0,30.0,36.0,23.0,21.0,15.0,20.0,STEEL,40.0,48.0,40.0,330.0,350.0,16.0,18.0,False,False,135.0,2.5,2.5,2.5,2.5,2.5,2.5,2.5,674.0,52.0,674.0,52.0,0.0,2.0,False,1.0,1.0,68.0,35.0,0.0,31.8,False,False,False,False,True,8.0,1.0,False,50.0,50.0,50.0,SPOKED,SPOKED,1.0,1.0,80.0,80.0,280.0,300.0,34.9,300.0,1.0
87,420.0,70.0,580.0,73.0,135.0,50.0,540.0,74.0,700.0,45.0,40.0,30.0,36.0,23.0,21.0,15.0,20.0,ALUMINIUM,45.0,47.0,45.0,330.0,350.0,16.0,18.0,False,False,130.0,2.0,2.0,2.0,2.0,2.0,2.0,2.0,674.0,52.0,674.0,52.0,0.0,2.0,False,1.0,1.0,68.0,35.0,0.0,31.8,False,False,False,False,True,9.0,1.0,False,0.0,0.0,0.0,SPOKED,SPOKED,1.0,1.0,80.0,80.0,280.0,300.0,34.9,300.0,1.0
88,450.0,30.0,540.0,67.0,110.0,50.0,550.0,66.0,640.0,50.0,40.0,28.0,36.0,23.0,21.0,15.0,20.0,STEEL,35.0,45.0,50.0,330.0,350.0,16.0,18.0,False,False,135.0,2.5,2.5,2.5,2.5,2.5,2.5,2.5,628.0,69.0,628.0,69.0,1.0,1.0,False,1.0,1.0,68.0,35.0,0.0,31.8,False,False,False,False,True,10.0,1.0,False,0.0,0.0,139.0,SPOKED,SPOKED,1.0,1.0,80.0,80.0,280.0,300.0,34.9,300.0,1.0
89,430.0,70.0,600.0,73.0,130.0,50.0,550.0,73.0,670.0,45.0,40.0,30.0,36.0,23.0,21.0,15.0,20.0,ALUMINIUM,40.0,48.0,40.0,330.0,350.0,16.0,18.0,False,False,135.0,2.0,2.0,2.0,2.0,2.0,2.0,2.0,674.0,52.0,674.0,52.0,0.0,2.0,False,1.0,1.0,68.0,35.0,0.0,31.8,False,False,False,False,True,9.0,1.0,False,0.0,100.0,0.0,SPOKED,SPOKED,1.0,1.0,80.0,80.0,280.0,300.0,34.9,300.0,1.0
90,430.0,68.0,600.0,73.0,150.0,45.0,550.0,74.0,650.0,45.0,40.0,28.6,36.5,23.35,14.5,15.0,9.0,STEEL,40.0,50.0,40.0,0.0,0.0,0.0,0.0,False,False,130.0,2.5,1.8,2.0,3.0,2.0,1.5,2.0,674.0,52.0,674.0,52.0,0.0,0.0,False,1.0,0.0,68.0,50.0,0.0,40.0,False,False,False,False,True,11.0,2.0,True,255.0,50.0,100.0,SPOKED,SPOKED,0.0,0.0,0.0,0.0,275.0,330.0,36.5,350.0,1.0
91,430.0,65.0,620.0,68.0,140.0,45.0,560.0,72.0,620.0,45.0,40.0,28.6,36.5,23.35,14.5,15.0,9.0,CARBON,35.0,45.0,45.0,0.0,0.0,0.0,0.0,False,False,135.0,2.5,1.6,1.8,2.5,2.0,1.5,2.0,674.0,52.0,674.0,52.0,1.0,1.0,False,1.0,1.0,68.0,40.0,0.0,40.0,False,False,False,False,True,10.0,1.0,False,204.0,204.0,255.0,SPOKED,SPOKED,0.0,0.0,0.0,0.0,275.0,350.0,36.5,350.0,1.0
92,430.0,65.0,580.0,73.0,120.0,45.0,580.0,74.0,640.0,45.0,40.0,28.6,36.5,23.35,14.5,15.0,9.0,ALUMINIUM,30.0,50.0,40.0,0.0,0.0,0.0,0.0,False,False,130.0,2.5,2.0,1.8,3.0,2.0,1.5,2.0,674.0,52.0,674.0,52.0,0.0,2.0,False,1.0,1.0,68.0,40.0,0.0,40.0,False,False,False,False,True,8.0,1.0,False,205.0,102.0,0.0,SPOKED,SPOKED,0.0,0.0,0.0,0.0,275.0,330.0,36.5,350.0,1.0
93,430.0,68.0,600.0,73.0,155.0,45.0,570.0,74.0,655.0,45.0,40.0,28.6,36.5,23.35,14.5,15.0,9.0,STEEL,45.0,50.0,45.0,0.0,0.0,0.0,0.0,False,False,130.0,2.5,1.8,2.0,3.0,2.0,1.5,2.0,674.0,52.0,674.0,52.0,0.0,1.0,False,0.0,0.0,68.0,50.0,0.0,40.0,False,False,False,False,True,11.0,2.0,False,128.0,128.0,128.0,SPOKED,SPOKED,0.0,0.0,0.0,0.0,275.0,330.0,36.5,350.0,1.0
94,430.0,65.0,610.0,68.0,140.0,45.0,590.0,72.0,630.0,45.0,40.0,28.6,36.5,23.35,14.5,15.0,9.0,CARBON,35.0,45.0,45.0,0.0,0.0,0.0,0.0,False,False,135.0,2.5,1.6,1.8,2.5,2.0,1.5,2.0,674.0,52.0,674.0,52.0,1.0,0.0,False,0.0,0.0,68.0,50.0,0.0,40.0,False,True,False,False,True,10.0,2.0,False,0.0,0.0,0.0,SPOKED,SPOKED,0.0,0.0,0.0,0.0,275.0,350.0,36.5,350.0,1.0
95,430.0,65.0,580.0,73.0,120.0,45.0,575.0,74.0,640.0,45.0,40.0,28.6,36.5,23.35,14.5,15.0,9.0,STEEL,30.0,50.0,40.0,0.0,0.0,0.0,0.0,False,False,130.0,2.5,1.8,2.0,3.0,2.0,1.5,2.0,674.0,52.0,674.0,52.0,1.0,2.0,False,1.0,1.0,68.0,40.0,0.0,40.0,False,False,False,False,True,8.0,1.0,False,150.0,0.0,0.0,SPOKED,SPOKED,0.0,0.0,0.0,0.0,275.0,330.0,36.5,350.0,1.0
96,430.0,68.0,590.0,73.0,150.0,45.0,560.0,74.0,650.0,45.0,40.0,28.6,36.5,23.35,14.5,15.0,9.0,STEEL,45.0,50.0,45.0,0.0,0.0,0.0,0.0,False,False,130.0,2.5,1.8,2.0,3.0,2.0,1.5,2.0,674.0,52.0,674.0,52.0,0.0,1.0,False,2.0,0.0,68.0,50.0,0.0,40.0,False,False,False,False,True,11.0,2.0,False,0.0,0.0,0.0,SPOKED,SPOKED,0.0,0.0,0.0,0.0,275.0,330.0,36.5,350.0,1.0
97,430.0,65.0,615.0,68.0,140.0,45.0,565.0,72.0,630.0,45.0,40.0,28.6,36.5,23.35,14.5,15.0,9.0,CARBON,35.0,45.0,45.0,0.0,0.0,0.0,0.0,False,False,135.0,2.5,1.6,1.8,2.5,2.0,1.5,2.0,674.0,52.0,674.0,52.0,2.0,0.0,True,0.0,0.0,68.0,50.0,0.0,40.0,False,True,False,False,True,10.0,2.0,False,0.0,0.0,0.0,SPOKED,SPOKED,0.0,0.0,0.0,0.0,275.0,350.0,36.5,350.0,1.0
98,430.0,65.0,575.0,73.0,120.0,45.0,575.0,74.0,640.0,45.0,40.0,28.6,36.5,23.35,14.5,15.0,9.0,STEEL,30.0,50.0,40.0,0.0,0.0,0.0,0.0,False,False,130.0,2.5,1.8,2.0,3.0,2.0,1.5,2.0,674.0,52.0,674.0,52.0,0.0,2.0,False,1.0,1.0,68.0,40.0,0.0,40.0,False,True,False,False,True,8.0,1.0,False,0.0,0.0,0.0,SPOKED,SPOKED,0.0,0.0,0.0,0.0,275.0,330.0,36.5,350.0,1.0
99,430.0,68.0,590.0,73.0,160.0,45.0,610.0,74.0,650.0,45.0,40.0,28.6,36.5,23.35,14.5,15.0,9.0,CARBON,50.0,50.0,50.0,0.0,0.0,0.0,0.0,False,False,130.0,2.5,1.8,2.0,3.0,2.0,1.5,2.0,674.0,52.0,674.0,52.0,0.0,0.0,False,0.0,0.0,68.0,50.0,0.0,40.0,True,True,False,False,True,11.0,2.0,False,0.0,0.0,0.0,TRISPOKE,TRISPOKE,1.0,1.0,80.0,80.0,275.0,350.0,36.5,350.0,1.0
100,430,60,630,68.0,120.0,45.0,545.0,73.0,700.0,45.0,40.0,40.0,36.5,25.0,25.0,13.0,15.0,ALUMINIUM,35.0,45.0,45.0,330.0,350.0,16.0,18.0,False,False,135.0,3.0,2.0,2.5,2.0,1.5,1.5,1.4,674.0,52.0,674.0,52.0,1.0,0.0,False,0.0,1.0,68.0,31.8,0.0,31.8,False,False,False,False,True,10.0,2.0,False,255.0,255.0,0.0,SPOKED,SPOKED,1.0,1.0,80.0,80.0,280.0,790.0,34.9,400.0,1.0
101,430,70,600,73.0,150.0,45.0,550.0,73.0,650.0,45.0,40.0,25.0,36.5,23.35,23.35,13.0,15.0,STEEL,40.0,45.0,45.0,330.0,350.0,16.0,18.0,False,False,135.0,3.0,2.0,2.5,2.0,1.5,1.5,1.4,674.0,52.0,674.0,52.0,0.0,0.0,False,2.0,1.0,68.0,31.8,0.0,31.8,False,False,False,True,True,8.0,1.0,True,0.0,255.0,0.0,SPOKED,SPOKED,1.0,1.0,80.0,80.0,280.0,812.0,26.8,330.0,1.0
102,430,70,620,73.0,100.0,45.0,503.0,73.0,700.0,45.0,45.0,28.6,36.5,23.35,23.35,15.0,9.0,BAMBOO,30.0,40.0,50.0,330.0,350.0,16.0,18.0,False,False,135.0,3.0,2.0,2.5,2.0,1.5,1.5,1.4,628.0,69.0,628.0,69.0,0.0,0.0,False,2.0,1.0,68.0,45.0,0.0,31.8,False,False,False,False,True,9.0,2.0,False,205.0,102.0,0.0,SPOKED,SPOKED,1.0,1.0,80.0,80.0,280.0,729.0,34.9,700.0,1.0
103,430,60,620,67.0,120.0,45.0,496.0,73.0,700.0,45.0,40.0,40.0,36.5,23.35,23.35,15.0,9.0,STEEL,35.0,40.0,45.0,330.0,350.0,16.0,18.0,False,False,135.0,3.0,2.0,2.5,2.0,1.5,1.5,1.4,674.0,52.0,674.0,52.0,1.0,0.0,True,0.0,1.0,68.0,31.8,0.0,31.8,False,True,False,False,True,10.0,2.0,False,128.0,128.0,128.0,SPOKED,SPOKED,1.0,1.0,80.0,80.0,280.0,720.0,26.8,330.0,1.0
104,430,70,600,73.0,150.0,45.0,492.0,73.0,650.0,45.0,40.0,25.0,36.5,23.35,23.35,15.0,9.0,STEEL,40.0,45.0,40.0,330.0,350.0,16.0,18.0,False,False,135.0,3.0,2.0,2.5,2.0,1.5,1.5,1.4,674.0,52.0,674.0,52.0,0.0,0.0,False,1.0,1.0,68.0,31.8,0.0,31.8,False,False,False,False,True,8.0,1.0,False,204.0,0.0,204.0,SPOKED,SPOKED,1.0,1.0,80.0,80.0,280.0,812.0,26.8,330.0,1.0
105,430,70,620,73.0,100.0,45.0,507.0,73.0,700.0,45.0,45.0,28.6,36.5,23.35,23.35,15.0,9.0,BAMBOO,30.0,40.0,50.0,330.0,350.0,16.0,18.0,False,False,135.0,3.0,2.0,2.5,2.0,1.5,1.5,1.4,628.0,69.0,628.0,69.0,0.0,0.0,False,0.0,1.0,68.0,45.0,0.0,31.8,True,False,False,False,True,9.0,2.0,False,205.0,102.0,0.0,SPOKED,SPOKED,1.0,1.0,80.0,80.0,280.0,735.0,34.9,700.0,1.0
106,430,60,620,67.0,150.0,45.0,523.0,73.0,690.0,45.0,40.0,40.0,36.5,23.35,23.35,15.0,9.0,STEEL,45.0,45.0,45.0,330.0,350.0,16.0,18.0,False,False,135.0,3.0,2.0,2.5,2.0,1.5,1.5,1.4,674.0,52.0,674.0,52.0,1.0,0.0,False,2.0,1.0,68.0,31.8,0.0,31.8,False,False,False,False,True,10.0,2.0,False,245.0,245.0,245.0,SPOKED,SPOKED,1.0,1.0,80.0,80.0,280.0,757.0,26.8,330.0,1.0
107,430,70,600,73.0,150.0,45.0,533.0,73.0,650.0,45.0,40.0,25.0,36.5,23.35,23.35,15.0,9.0,STEEL,40.0,45.0,45.0,330.0,350.0,16.0,18.0,False,False,135.0,3.0,2.0,2.5,2.0,1.5,1.5,1.4,674.0,52.0,674.0,52.0,0.0,0.0,False,2.0,1.0,68.0,31.8,0.0,31.8,True,True,False,False,True,8.0,1.0,False,218.0,165.0,32.0,SPOKED,SPOKED,1.0,1.0,80.0,80.0,280.0,772.0,26.8,330.0,1.0
108,430,70,630,73.0,100.0,45.0,468.0,73.0,700.0,45.0,40.0,40.0,36.5,23.35,23.35,15.0,9.0,STEEL,30.0,40.0,50.0,330.0,350.0,16.0,18.0,False,False,135.0,3.0,2.0,2.5,2.0,1.5,1.5,1.4,674.0,52.0,674.0,52.0,0.0,0.0,False,0.0,1.0,68.0,31.8,0.0,31.8,False,False,False,False,True,9.0,2.0,False,135.0,206.0,235.0,SPOKED,SPOKED,1.0,1.0,80.0,80.0,280.0,679.0,26.8,330.0,1.0
109,430,60,610,67.0,150.0,45.0,514.0,73.0,700.0,45.0,40.0,40.0,36.5,23.35,23.35,15.0,9.0,TITANIUM,45.0,45.0,45.0,330.0,350.0,16.0,18.0,False,False,135.0,3.0,2.0,2.5,2.0,1.5,1.5,1.4,674.0,52.0,674.0,52.0,1.0,0.0,False,0.0,1.0,68.0,31.8,0.0,31.8,False,False,False,False,True,10.0,2.0,False,128.0,128.0,128.0,SPOKED,SPOKED,1.0,1.0,80.0,80.0,280.0,744.0,34.9,400.0,1.0
110,420.0,65.0,620.0,73.0,120.0,45.0,550.0,74.0,650.0,45.0,40.0,28.0,36.0,23.0,23.0,15.0,10.0,CARBON,25.0,40.0,30.0,0.0,0.0,0.0,0.0,False,False,135.0,2.0,1.5,2.0,1.8,1.4,1.3,1.5,700.0,50.0,700.0,50.0,0.0,2.0,True,0.0,0.0,68.0,45.0,30.0,34.0,False,False,False,False,True,10.0,2.0,False,0.0,0.0,0.0,TRISPOKE,SPOKED,1.0,0.0,80.0,0.0,270.0,730.0,36.0,300.0,0.0
111,430.0,65.0,600.0,73.0,130.0,45.0,530.0,73.0,650.0,45.0,40.0,28.0,36.0,23.0,23.0,15.0,10.0,STEEL,30.0,40.0,30.0,0.0,0.0,0.0,0.0,False,False,130.0,3.0,2.0,2.5,2.0,1.5,1.5,2.0,674.0,52.0,674.0,52.0,0.0,1.0,False,0.0,1.0,68.0,50.0,30.0,38.0,False,False,False,False,True,11.0,2.0,False,255.0,0.0,0.0,SPOKED,SPOKED,0.0,0.0,0.0,0.0,280.0,720.0,36.0,300.0,1.0
112,440.0,50.0,650.0,67.0,160.0,45.0,530.0,70.0,630.0,50.0,40.0,28.0,36.0,27.0,27.0,15.0,10.0,STEEL,25.0,35.0,30.0,0.0,0.0,0.0,0.0,False,False,135.0,3.0,2.0,2.0,2.0,2.0,2.0,2.0,740.0,50.0,740.0,50.0,1.0,0.0,False,1.0,1.0,68.0,50.0,0.0,34.0,False,False,False,False,True,10.0,1.0,False,173.0,216.0,230.0,SPOKED,SPOKED,0.0,0.0,0.0,0.0,280.0,700.0,36.0,300.0,1.0
113,420.0,65.0,610.0,73.0,140.0,45.0,525.0,74.0,640.0,45.0,40.0,28.0,36.0,23.0,23.0,15.0,10.0,ALUMINIUM,30.0,38.0,32.0,0.0,0.0,0.0,0.0,False,False,130.0,3.0,2.5,2.5,2.0,1.5,1.5,2.0,674.0,52.0,674.0,52.0,0.0,1.0,False,0.0,3.0,68.0,46.0,30.0,35.0,False,False,False,False,True,9.0,1.0,False,192.0,192.0,192.0,SPOKED,SPOKED,0.0,0.0,0.0,0.0,280.0,717.0,36.0,300.0,1.0
114,430.0,65.0,600.0,73.0,130.0,45.0,530.0,73.0,650.0,45.0,40.0,28.0,36.0,23.0,23.0,15.0,10.0,STEEL,30.0,40.0,30.0,0.0,0.0,0.0,0.0,False,False,130.0,3.0,2.0,2.0,2.0,1.5,1.5,2.0,674.0,52.0,674.0,52.0,0.0,2.0,False,1.0,1.0,68.0,50.0,30.0,38.0,False,False,False,False,True,10.0,1.0,False,255.0,255.0,255.0,DISC,SPOKED,0.0,0.0,0.0,0.0,280.0,720.0,36.0,300.0,1.0
115,440.0,60.0,650.0,67.0,160.0,45.0,530.0,70.0,630.0,50.0,40.0,28.0,36.0,27.0,27.0,15.0,10.0,ALUMINIUM,25.0,35.0,30.0,0.0,0.0,0.0,0.0,False,False,135.0,3.0,2.5,2.0,2.0,2.0,2.0,2.0,740.0,50.0,740.0,50.0,1.0,0.0,False,0.0,3.0,68.0,45.0,0.0,34.0,False,True,False,False,True,10.0,2.0,False,204.0,204.0,255.0,TRISPOKE,SPOKED,1.0,0.0,80.0,0.0,280.0,700.0,36.0,300.0,1.0
116,420.0,65.0,600.0,73.0,130.0,45.0,530.0,74.0,650.0,45.0,40.0,28.0,36.0,23.0,23.0,15.0,10.0,STEEL,30.0,40.0,30.0,0.0,0.0,0.0,0.0,False,False,130.0,3.0,2.0,2.5,2.0,1.5,1.5,2.0,674.0,52.0,674.0,52.0,0.0,1.0,False,1.0,1.0,68.0,50.0,30.0,38.0,False,False,False,False,True,9.0,2.0,False,0.0,255.0,0.0,DISC,SPOKED,0.0,0.0,0.0,0.0,280.0,720.0,36.0,300.0,1.0
117,430.0,65.0,600.0,73.0,140.0,45.0,530.0,73.0,650.0,45.0,40.0,28.0,36.0,23.0,23.0,15.0,10.0,STEEL,30.0,40.0,30.0,0.0,0.0,0.0,0.0,False,False,130.0,3.0,2.0,2.5,2.0,1.5,1.5,2.0,674.0,52.0,674.0,52.0,0.0,2.0,False,0.0,1.0,68.0,50.0,30.0,38.0,False,False,False,False,True,10.0,2.0,False,204.0,204.0,255.0,TRISPOKE,SPOKED,1.0,0.0,80.0,0.0,280.0,720.0,36.0,300.0,1.0
118,460.0,55.0,650.0,67.0,160.0,45.0,530.0,70.0,630.0,50.0,40.0,28.0,36.0,27.0,27.0,15.0,10.0,BAMBOO,25.0,35.0,30.0,0.0,0.0,0.0,0.0,False,False,135.0,5.0,3.0,3.0,3.0,2.0,2.0,3.0,740.0,50.0,740.0,50.0,1.0,2.0,False,2.0,1.0,68.0,45.0,0.0,34.0,False,False,False,False,True,10.0,1.0,False,222.0,184.0,135.0,SPOKED,SPOKED,0.0,0.0,0.0,0.0,280.0,700.0,36.0,350.0,1.0
119,420.0,65.0,600.0,73.0,130.0,45.0,530.0,74.0,650.0,45.0,40.0,28.0,36.0,23.0,23.0,15.0,10.0,STEEL,30.0,40.0,30.0,0.0,0.0,0.0,0.0,False,False,130.0,3.0,2.0,2.5,2.0,1.5,1.5,2.0,674.0,52.0,674.0,52.0,0.0,1.0,False,2.0,1.0,68.0,50.0,30.0,38.0,False,True,False,False,True,10.0,2.0,False,204.0,204.0,255.0,DISC,SPOKED,0.0,0.0,0.0,0.0,280.0,720.0,36.0,300.0,1.0
120,430.0,67.0,585.0,73.0,140.0,45.0,580.0,73.0,660.0,45.0,40.0,30.0,28.0,36.0,28.0,15.0,9.0,CARBON,60.0,45.0,35.0,330.0,350.0,16.0,18.0,False,False,130.0,3.0,2.0,2.0,2.0,2.0,2.0,2.0,740.0,50.0,740.0,50.0,0.0,0.0,False,0.0,3.0,70.0,54.0,0.0,35.0,False,True,False,False,True,11.0,2.0,False,255.0,227.0,0.0,TRISPOKE,DISC,1.0,0.0,80.0,0.0,280.0,740.0,28.0,300.0,1.0
121,430.0,60.0,630.0,68.0,120.0,45.0,540.0,73.0,640.0,50.0,45.0,30.0,32.0,35.0,30.0,15.0,9.0,STEEL,40.0,50.0,45.0,330.0,350.0,16.0,18.0,False,False,135.0,4.0,3.0,3.0,3.0,3.0,3.0,3.0,740.0,55.0,740.0,55.0,1.0,1.0,False,1.0,1.0,70.0,50.0,0.0,35.0,False,True,False,False,True,10.0,1.0,False,255.0,255.0,255.0,SPOKED,SPOKED,0.0,0.0,0.0,0.0,280.0,650.0,32.0,250.0,1.0
122,420.0,55.0,600.0,72.0,130.0,45.0,550.0,73.0,650.0,45.0,40.0,30.0,28.0,36.0,28.0,15.0,9.0,CARBON,55.0,45.0,30.0,330.0,350.0,16.0,18.0,False,False,135.0,3.0,3.0,3.0,3.0,3.0,3.0,3.0,700.0,40.0,700.0,40.0,0.0,0.0,False,0.0,3.0,70.0,54.0,0.0,35.0,False,True,False,False,True,8.0,1.0,False,255.0,255.0,255.0,DISC,SPOKED,0.0,0.0,0.0,0.0,280.0,620.0,28.0,230.0,1.0
123,435.0,67.0,580.0,73.0,140.0,45.0,590.0,73.0,660.0,45.0,40.0,30.0,28.0,36.0,28.0,15.0,9.0,ALUMINIUM,60.0,45.0,35.0,330.0,350.0,16.0,18.0,False,False,130.0,3.0,3.0,3.0,3.0,3.0,3.0,3.0,740.0,50.0,740.0,50.0,0.0,0.0,False,0.0,3.0,70.0,54.0,0.0,35.0,False,True,False,False,True,11.0,2.0,False,128.0,128.0,128.0,TRISPOKE,DISC,1.0,0.0,80.0,0.0,280.0,740.0,28.0,300.0,1.0
124,430.0,60.0,640.0,68.0,120.0,45.0,540.0,73.0,640.0,50.0,45.0,30.0,32.0,35.0,30.0,15.0,9.0,STEEL,40.0,50.0,45.0,330.0,350.0,16.0,18.0,False,False,135.0,4.0,3.0,3.0,3.0,3.0,3.0,3.0,740.0,55.0,740.0,55.0,1.0,2.0,False,2.0,1.0,70.0,50.0,0.0,35.0,False,True,False,False,True,10.0,1.0,False,255.0,0.0,0.0,SPOKED,SPOKED,0.0,0.0,0.0,0.0,280.0,650.0,32.0,250.0,1.0
125,420.0,55.0,600.0,72.0,130.0,45.0,550.0,73.0,650.0,45.0,40.0,30.0,28.0,36.0,28.0,15.0,9.0,CARBON,55.0,45.0,30.0,330.0,350.0,16.0,18.0,False,False,135.0,3.0,3.0,3.0,3.0,3.0,3.0,3.0,700.0,40.0,700.0,40.0,0.0,0.0,False,0.0,3.0,70.0,54.0,0.0,35.0,False,True,False,False,True,8.0,1.0,False,255.0,255.0,255.0,DISC,SPOKED,0.0,0.0,0.0,0.0,280.0,620.0,28.0,230.0,1.0
126,435.0,67.0,580.0,73.0,140.0,45.0,590.0,73.0,660.0,45.0,40.0,30.0,28.0,36.0,28.0,15.0,9.0,STEEL,60.0,45.0,35.0,330.0,350.0,16.0,18.0,False,False,130.0,3.0,3.0,3.0,3.0,3.0,3.0,3.0,740.0,50.0,740.0,50.0,0.0,0.0,False,0.0,3.0,70.0,54.0,0.0,35.0,False,True,False,False,True,11.0,2.0,False,128.0,0.0,128.0,TRISPOKE,DISC,1.0,0.0,80.0,0.0,280.0,740.0,28.0,300.0,1.0
127,430.0,60.0,640.0,68.0,120.0,45.0,540.0,73.0,640.0,50.0,45.0,30.0,32.0,35.0,30.0,15.0,9.0,ALUMINIUM,40.0,50.0,45.0,330.0,350.0,16.0,18.0,False,False,135.0,4.0,3.0,3.0,3.0,3.0,3.0,3.0,740.0,55.0,740.0,55.0,1.0,1.0,False,0.0,1.0,70.0,50.0,0.0,35.0,False,True,False,False,True,10.0,1.0,False,203.0,204.0,255.0,SPOKED,SPOKED,0.0,0.0,0.0,0.0,280.0,650.0,32.0,250.0,1.0
128,420.0,55.0,600.0,72.0,130.0,45.0,550.0,73.0,650.0,45.0,40.0,30.0,28.0,36.0,28.0,15.0,9.0,STEEL,55.0,45.0,30.0,330.0,350.0,16.0,18.0,False,False,135.0,3.0,3.0,3.0,3.0,3.0,3.0,3.0,700.0,40.0,700.0,40.0,0.0,2.0,False,2.0,1.0,70.0,54.0,0.0,35.0,False,False,False,False,True,7.0,1.0,False,255.0,0.0,0.0,DISC,SPOKED,0.0,0.0,0.0,0.0,280.0,620.0,28.0,230.0,1.0
129,435.0,67.0,580.0,73.0,140.0,45.0,590.0,73.0,660.0,45.0,40.0,30.0,28.0,36.0,28.0,15.0,9.0,STEEL,60.0,45.0,35.0,330.0,350.0,16.0,18.0,False,False,130.0,3.0,3.0,3.0,3.0,3.0,3.0,3.0,740.0,50.0,740.0,50.0,0.0,1.0,False,1.0,3.0,70.0,54.0,0.0,35.0,False,False,False,False,True,11.0,2.0,False,255.0,182.0,193.0,TRISPOKE,DISC,1.0,0.0,80.0,0.0,280.0,740.0,28.0,300.0,1.0
130,430.0,65.0,620.0,67.0,120.0,45.0,550.0,73.0,700.0,45.0,40.0,30.0,35.0,25.0,25.0,15.0,9.0,ALUMINIUM,50.0,45.0,40.0,330.0,350.0,16.0,18.0,False,False,135.0,3.0,2.0,2.5,3.0,2.5,2.5,3.0,700.0,39.0,700.0,39.0,1.0,0.0,False,1.0,1.0,68.0,44.0,0.0,34.0,False,True,False,False,True,12.0,1.0,False,50.0,205.0,50.0,SPOKED,SPOKED,0.0,0.0,0.0,0.0,250.0,740.0,40.0,300.0,1.0
131,425.0,60.0,580.0,73.0,150.0,45.0,530.0,73.0,650.0,50.0,40.0,28.0,34.0,25.0,25.0,15.0,9.0,STEEL,70.0,50.0,45.0,330.0,350.0,16.0,18.0,False,False,135.0,3.0,2.5,3.0,3.0,2.5,2.5,3.0,700.0,40.0,700.0,40.0,0.0,2.0,False,2.0,1.0,68.0,46.0,0.0,34.0,False,False,False,False,True,8.0,1.0,False,139.0,0.0,0.0,SPOKED,SPOKED,0.0,0.0,0.0,0.0,260.0,720.0,35.0,200.0,1.0
132,425.0,65.0,580.0,73.0,140.0,45.0,540.0,74.0,690.0,45.0,40.0,28.0,34.0,25.0,25.0,15.0,9.0,STEEL,60.0,50.0,40.0,330.0,350.0,16.0,18.0,False,False,130.0,3.0,2.5,3.0,3.0,2.5,2.5,3.0,700.0,37.0,700.0,37.0,0.0,1.0,False,1.0,1.0,68.0,44.0,0.0,34.0,False,False,False,False,True,11.0,2.0,False,255.0,255.0,255.0,SPOKED,SPOKED,0.0,0.0,0.0,0.0,250.0,730.0,35.0,300.0,1.0
133,435.0,60.0,630.0,67.5,130.0,45.0,560.0,73.0,710.0,45.0,40.0,32.0,36.0,26.0,26.0,15.0,9.0,ALUMINIUM,55.0,50.0,42.0,330.0,350.0,16.0,18.0,False,False,135.0,3.0,2.0,2.5,3.0,2.5,2.5,3.0,700.0,38.0,700.0,38.0,1.0,0.0,False,1.0,1.0,68.0,44.0,0.0,34.0,False,False,False,False,True,12.0,1.0,False,0.0,255.0,0.0,SPOKED,SPOKED,0.0,0.0,0.0,0.0,260.0,750.0,40.0,300.0,1.0
134,420.0,65.0,600.0,73.5,140.0,45.0,540.0,74.0,680.0,50.0,40.0,27.0,33.0,24.0,24.0,15.0,9.0,CARBON,60.0,50.0,40.0,330.0,350.0,16.0,18.0,False,False,130.0,2.5,2.0,2.5,2.5,2.0,2.0,2.5,700.0,36.0,700.0,36.0,0.0,2.0,False,0.0,1.0,68.0,44.0,0.0,34.0,False,True,False,False,True,10.0,2.0,False,255.0,0.0,0.0,DISC,SPOKED,0.0,0.0,0.0,0.0,250.0,720.0,38.0,280.0,1.0
135,425.0,65.0,600.0,73.0,100.0,45.0,520.0,73.0,680.0,45.0,40.0,35.0,38.0,30.0,30.0,15.0,9.0,BAMBOO,50.0,40.0,40.0,330.0,350.0,16.0,18.0,False,False,130.0,4.0,4.0,4.0,5.0,4.0,4.0,4.0,700.0,38.0,700.0,38.0,0.0,2.0,False,2.0,1.0,68.0,50.0,0.0,36.0,False,False,False,False,True,11.0,1.0,False,165.0,42.0,42.0,SPOKED,SPOKED,0.0,0.0,0.0,0.0,260.0,720.0,42.0,300.0,1.0
139,440.0,65.0,620.0,67.0,125.0,45.0,560.0,73.0,710.0,45.0,40.0,30.0,35.0,25.0,25.0,15.0,9.0,ALUMINIUM,50.0,50.0,40.0,330.0,350.0,16.0,18.0,False,False,135.0,3.0,2.0,2.5,3.0,2.5,2.5,3.0,700.0,39.0,700.0,39.0,1.0,0.0,False,1.0,1.0,68.0,44.0,0.0,34.0,False,False,False,False,True,12.0,1.0,False,0.0,255.0,0.0,SPOKED,SPOKED,0.0,0.0,0.0,0.0,255.0,750.0,40.0,300.0,1.0
140,425,70,550,73.0,120.0,45.0,540.0,73.0,680.0,45.0,40.0,31.0,34.9,25.4,25.4,15.0,15.0,CARBON,40.0,40.0,40.0,330.0,350.0,16.0,18.0,False,False,130.0,2.5,1.8,2.0,2.5,1.5,1.5,2.0,674.0,52.0,674.0,52.0,0.0,0.0,True,0.0,3.0,68.0,36.0,0.0,38.0,False,True,False,False,True,11.0,2.0,False,255.0,0.0,0.0,SPOKED,DISC,0.0,0.0,80.0,80.0,278.0,720,34.9,300.0,1.0
141,420,68,580,73.0,140.0,45.0,580.0,74.0,700.0,45.0,40.0,31.0,34.9,25.4,25.4,15.0,15.0,ALUMINIUM,40.0,40.0,40.0,330.0,350.0,16.0,18.0,False,False,130.0,2.5,1.8,2.0,2.5,1.5,1.5,2.0,674.0,52.0,674.0,52.0,0.0,0.0,False,1.0,1.0,68.0,36.0,0.0,38.0,False,False,False,False,True,11.0,2.0,False,204.0,255.0,0.0,SPOKED,SPOKED,0.0,0.0,80.0,80.0,278.0,720,34.9,300.0,1.0
142,445,60,600,67.0,100.0,45.0,550.0,74.0,660.0,45.0,40.0,31.0,34.9,25.4,25.4,15.0,15.0,STEEL,40.0,40.0,40.0,330.0,350.0,16.0,18.0,False,False,130.0,2.5,1.8,2.0,2.5,1.5,1.5,2.0,674.0,52.0,674.0,52.0,1.0,1.0,False,1.0,1.0,68.0,36.0,0.0,38.0,False,False,False,False,True,10.0,1.0,False,255.0,255.0,255.0,SPOKED,SPOKED,0.0,0.0,80.0,80.0,278.0,720,34.9,300.0,1.0
143,425,70,560,74.0,110.0,45.0,560.0,73.0,680.0,45.0,40.0,31.0,34.9,25.4,25.4,15.0,15.0,CARBON,40.0,40.0,40.0,330.0,350.0,16.0,18.0,False,False,130.0,2.5,1.8,2.0,2.5,1.5,1.5,2.0,674.0,52.0,674.0,52.0,0.0,2.0,False,2.0,3.0,68.0,36.0,0.0,38.0,True,True,False,False,True,9.0,2.0,False,0.0,0.0,139.0,SPOKED,SPOKED,0.0,0.0,80.0,80.0,278.0,720,34.9,300.0,1.0
144,420,67,550,74.0,130.0,45.0,580.0,73.0,700.0,45.0,40.0,31.0,34.9,25.4,25.4,15.0,15.0,STEEL,40.0,40.0,40.0,330.0,350.0,16.0,18.0,False,False,130.0,2.5,1.8,2.0,2.5,1.5,1.5,2.0,674.0,52.0,674.0,52.0,0.0,0.0,False,1.0,1.0,68.0,36.0,0.0,38.0,False,False,False,False,True,10.0,2.0,False,255.0,255.0,255.0,SPOKED,SPOKED,0.0,0.0,80.0,80.0,278.0,720,34.9,300.0,1.0
145,450,65,600,68.0,100.0,45.0,570.0,74.0,660.0,45.0,40.0,31.0,34.9,25.4,25.4,15.0,15.0,STEEL,40.0,40.0,40.0,330.0,350.0,16.0,18.0,False,False,130.0,2.5,1.8,2.0,2.5,1.5,1.5,2.0,674.0,52.0,674.0,52.0,1.0,1.0,False,2.0,2.0,68.0,36.0,0.0,38.0,False,True,False,False,True,10.0,1.0,False,204.0,204.0,255.0,SPOKED,SPOKED,0.0,0.0,80.0,80.0,278.0,720,34.9,300.0,1.0
146,425,70,560,73.0,120.0,45.0,560.0,73.0,680.0,45.0,40.0,31.0,34.9,25.4,25.4,15.0,15.0,CARBON,40.0,40.0,40.0,330.0,350.0,16.0,18.0,False,False,130.0,2.5,1.8,2.0,2.5,1.5,1.5,2.0,674.0,52.0,674.0,52.0,0.0,0.0,True,0.0,3.0,68.0,36.0,0.0,38.0,False,True,False,False,True,9.0,2.0,False,204.0,204.0,255.0,SPOKED,SPOKED,0.0,0.0,80.0,80.0,278.0,720,34.9,300.0,1.0
147,420,68,580,73.0,90.0,45.0,580.0,73.0,700.0,45.0,40.0,31.0,34.9,25.4,25.4,15.0,15.0,TITANIUM,40.0,40.0,40.0,330.0,350.0,16.0,18.0,False,False,130.0,2.5,1.8,2.0,2.5,1.5,1.5,2.0,674.0,52.0,674.0,52.0,0.0,0.0,False,2.0,3.0,68.0,36.0,0.0,38.0,False,False,False,False,True,11.0,2.0,False,192.0,192.0,192.0,SPOKED,SPOKED,0.0,0.0,80.0,80.0,278.0,720,34.9,300.0,1.0
148,450,65,600,68.0,100.0,45.0,550.0,74.0,660.0,45.0,40.0,31.0,34.9,25.4,25.4,15.0,15.0,STEEL,40.0,40.0,40.0,330.0,350.0,16.0,18.0,False,False,130.0,2.5,1.8,2.0,2.5,1.5,1.5,2.0,674.0,52.0,674.0,52.0,1.0,1.0,False,1.0,1.0,68.0,36.0,0.0,38.0,False,False,False,False,True,10.0,1.0,False,255.0,255.0,255.0,SPOKED,SPOKED,0.0,0.0,80.0,80.0,278.0,720,34.9,300.0,1.0
149,420,70,560,73.0,130.0,45.0,560.0,73.0,680.0,45.0,40.0,31.0,34.9,25.4,25.4,15.0,15.0,ALUMINIUM,40.0,40.0,40.0,330.0,350.0,16.0,18.0,False,False,130.0,2.5,1.8,2.0,2.5,1.5,1.5,2.0,674.0,52.0,674.0,52.0,0.0,0.0,False,0.0,1.0,68.0,36.0,0.0,38.0,False,False,False,False,True,9.0,2.0,False,0.0,0.0,0.0,SPOKED,SPOKED,0.0,0.0,80.0,80.0,278.0,720,34.9,300.0,1.0
151,435.0,65.0,620.0,73.0,120.0,45.0,555.0,73.0,650.0,45.0,40.0,31.8,50.0,28.6,27.35,13.0,15.0,ALUMINIUM,30.0,40.0,40.0,330.0,350.0,16.0,18.0,False,False,130.0,3.2,3.2,3.5,3.2,2.8,2.8,3.2,670.0,52.0,670.0,52.0,0.0,0.0,False,1.0,0.0,68.0,34.0,700.0,31.8,False,False,False,False,False,11.0,2.0,False,0.0,255.0,0.0,SPOKED,SPOKED,0.0,0.0,0.0,0.0,278.0,713.0,36.0,310.0,0.0
152,435.0,60.0,630.0,66.0,140.0,45.0,555.0,74.0,660.0,45.0,40.0,34.9,50.0,28.6,27.35,13.0,15.0,CARBON,35.0,45.0,45.0,330.0,350.0,16.0,18.0,False,False,130.0,1.8,1.8,2.0,1.8,1.6,1.6,1.8,736.0,60.0,736.0,60.0,1.0,1.0,False,0.0,1.0,73.0,44.0,0.0,34.0,False,True,False,False,True,12.0,1.0,False,204.0,204.0,255.0,SPOKED,SPOKED,0.0,0.0,0.0,0.0,278.0,754.0,36.0,310.0,1.0
153,435.0,70.0,650.0,72.0,150.0,45.0,555.0,72.0,650.0,45.0,40.0,31.8,50.0,28.6,27.35,13.0,15.0,ALUMINIUM,30.0,40.0,40.0,330.0,350.0,16.0,18.0,False,False,130.0,3.2,3.2,3.5,3.2,2.8,2.8,3.2,670.0,52.0,670.0,52.0,0.0,2.0,False,0.0,1.0,68.0,34.0,0.0,31.8,False,False,False,False,True,8.0,1.0,False,255.0,255.0,255.0,DISC,SPOKED,0.0,0.0,0.0,0.0,278.0,783.0,36.0,310.0,1.0
154,435.0,65.0,620.0,72.5,120.0,45.0,555.0,73.0,650.0,45.0,40.0,31.8,50.0,28.6,27.35,13.0,15.0,STEEL,30.0,40.0,40.0,330.0,350.0,16.0,18.0,False,False,130.0,2.5,2.5,2.8,2.5,2.3,2.0,2.5,670.0,52.0,670.0,52.0,0.0,0.0,False,0.0,0.0,68.0,34.0,700.0,31.8,False,True,False,False,True,11.0,2.0,False,30.0,144.0,255.0,SPOKED,SPOKED,0.0,0.0,0.0,0.0,278.0,742.0,36.0,310.0,0.0
155,435.0,65.0,630.0,68.0,140.0,45.0,555.0,74.0,660.0,45.0,40.0,31.8,50.0,28.6,27.35,13.0,15.0,STEEL,30.0,40.0,40.0,330.0,350.0,16.0,18.0,False,False,130.0,2.5,2.5,2.8,2.5,2.3,2.0,2.5,736.0,60.0,736.0,60.0,1.0,1.0,False,1.0,1.0,73.0,44.0,0.0,31.8,False,False,False,False,True,12.0,1.0,False,64.0,64.0,64.0,SPOKED,SPOKED,0.0,0.0,0.0,0.0,278.0,748.0,36.0,310.0,1.0
156,435.0,70.0,650.0,72.0,150.0,45.0,555.0,72.0,650.0,45.0,40.0,31.8,50.0,28.6,27.35,13.0,15.0,STEEL,30.0,40.0,40.0,330.0,350.0,16.0,18.0,False,False,130.0,2.5,2.5,2.8,2.5,2.3,2.0,2.5,670.0,52.0,670.0,52.0,0.0,2.0,False,2.0,2.0,68.0,34.0,0.0,31.8,False,False,False,False,True,8.0,1.0,False,204.0,204.0,255.0,DISC,SPOKED,0.0,0.0,0.0,0.0,278.0,780.0,36.0,310.0,1.0
157,435.0,65.0,620.0,73.0,120.0,45.0,555.0,73.0,650.0,45.0,40.0,31.8,50.0,28.6,27.35,13.0,15.0,STEEL,30.0,40.0,40.0,330.0,350.0,16.0,18.0,False,False,130.0,2.5,2.5,2.8,2.5,2.3,2.0,2.5,670.0,52.0,670.0,52.0,0.0,0.0,False,0.0,0.0,68.0,34.0,700.0,31.8,False,False,False,False,True,11.0,2.0,False,255.0,255.0,255.0,SPOKED,SPOKED,0.0,0.0,0.0,0.0,278.0,719.0,36.0,310.0,0.0
158,435.0,65.0,630.0,67.0,140.0,45.0,555.0,74.0,660.0,45.0,40.0,31.8,50.0,28.6,27.35,13.0,15.0,STEEL,30.0,40.0,40.0,330.0,350.0,16.0,18.0,False,False,130.0,2.5,2.5,2.8,2.5,2.3,2.0,2.5,736.0,60.0,736.0,60.0,1.0,1.0,False,1.0,1.0,73.0,44.0,0.0,31.8,False,False,False,False,True,12.0,1.0,False,128.0,128.0,128.0,SPOKED,SPOKED,0.0,0.0,0.0,0.0,278.0,774.0,36.0,310.0,1.0
159,435.0,70.0,650.0,72.0,150.0,45.0,555.0,72.0,650.0,45.0,40.0,31.8,50.0,28.6,27.35,13.0,15.0,TITANIUM,30.0,40.0,40.0,330.0,350.0,16.0,18.0,False,False,130.0,2.2,2.2,2.5,2.2,1.9,1.9,2.2,670.0,52.0,670.0,52.0,0.0,2.0,False,0.0,1.0,68.0,34.0,0.0,31.8,True,True,False,False,True,8.0,1.0,False,64.0,0.0,64.0,DISC,SPOKED,0.0,0.0,0.0,0.0,278.0,750.0,36.0,310.0,1.0
160,425.0,65.0,620.0,67.0,100.0,45.0,550.0,73.0,600.0,45.0,40.0,30.0,36.0,23.0,21.0,15.0,9.0,CARBON,30.0,50.0,30.0,330.0,350.0,16.0,18.0,False,False,135.0,2.5,1.8,1.8,2.0,2.0,2.0,2.0,700.0,52.0,700.0,52.0,1.0,0.0,False,0.0,1.0,68.0,32.0,0.0,27.2,True,True,False,False,True,12.0,2.0,False,0.0,0.0,0.0,SPOKED,SPOKED,0.0,0.0,0.0,0.0,280.0,720.0,30.0,350.0,1.0
161,415.0,70.0,605.0,73.0,120.0,45.0,550.0,73.0,590.0,45.0,40.0,28.0,36.0,23.0,22.0,15.0,9.0,TITANIUM,30.0,50.0,30.0,330.0,350.0,16.0,18.0,False,False,135.0,2.5,2.0,2.0,2.5,2.5,2.5,2.5,700.0,52.0,700.0,52.0,0.0,0.0,False,2.0,1.0,68.0,36.0,0.0,31.6,False,False,False,False,True,8.0,1.0,False,200.0,200.0,255.0,SPOKED,SPOKED,0.0,0.0,0.0,0.0,280.0,720.0,28.0,300.0,1.0
162,405.0,70.0,580.0,73.0,130.0,45.0,550.0,73.0,580.0,50.0,40.0,25.0,36.0,23.0,23.0,15.0,9.0,STEEL,30.0,50.0,30.0,330.0,350.0,16.0,18.0,False,False,135.0,3.0,2.0,2.0,2.5,2.5,2.5,2.5,700.0,52.0,700.0,52.0,0.0,0.0,False,1.0,1.0,68.0,34.0,0.0,31.6,False,False,False,False,True,11.0,2.0,False,128.0,128.0,128.0,SPOKED,SPOKED,0.0,0.0,0.0,0.0,280.0,720.0,25.0,300.0,1.0
163,425.0,65.0,615.0,67.0,100.0,45.0,550.0,73.0,605.0,45.0,40.0,30.0,36.0,23.0,23.0,15.0,9.0,STEEL,30.0,50.0,30.0,330.0,350.0,16.0,18.0,False,False,135.0,3.0,2.0,2.0,2.5,2.5,2.5,2.5,700.0,52.0,700.0,52.0,1.0,0.0,False,1.0,1.0,68.0,32.0,0.0,31.6,False,True,False,False,True,12.0,1.0,False,200.0,200.0,255.0,SPOKED,SPOKED,0.0,0.0,0.0,0.0,280.0,720.0,30.0,350.0,1.0
164,415.0,70.0,600.0,73.0,120.0,45.0,550.0,73.0,590.0,45.0,40.0,28.0,36.0,23.0,22.0,15.0,9.0,ALUMINIUM,30.0,50.0,30.0,330.0,350.0,16.0,18.0,False,False,135.0,3.0,2.0,2.0,2.5,2.5,2.5,2.5,700.0,52.0,700.0,52.0,0.0,0.0,False,1.0,1.0,68.0,36.0,0.0,31.6,False,False,False,False,True,8.0,1.0,False,34.0,139.0,34.0,SPOKED,SPOKED,0.0,0.0,0.0,0.0,280.0,720.0,28.0,300.0,1.0
165,405.0,70.0,585.0,73.0,130.0,45.0,550.0,73.0,580.0,50.0,40.0,25.0,36.0,23.0,23.0,15.0,9.0,STEEL,30.0,50.0,30.0,330.0,350.0,16.0,18.0,False,False,135.0,3.0,2.0,2.5,2.5,2.5,2.5,2.5,700.0,52.0,700.0,52.0,0.0,0.0,False,1.0,1.0,68.0,34.0,0.0,31.6,False,False,False,False,True,11.0,2.0,False,135.0,206.0,235.0,SPOKED,SPOKED,0.0,0.0,0.0,0.0,280.0,720.0,25.0,300.0,1.0
166,425.0,65.0,625.0,67.0,100.0,45.0,550.0,73.0,605.0,45.0,40.0,30.0,36.0,23.0,22.0,15.0,9.0,ALUMINIUM,30.0,50.0,30.0,330.0,350.0,16.0,18.0,False,False,135.0,3.0,2.0,2.5,2.5,2.5,2.5,2.5,700.0,52.0,700.0,52.0,1.0,0.0,False,1.0,1.0,68.0,32.0,0.0,31.6,False,True,False,False,True,12.0,1.0,False,255.0,255.0,255.0,SPOKED,SPOKED,0.0,0.0,0.0,0.0,280.0,720.0,30.0,350.0,1.0
167,415.0,70.0,610.0,73.0,120.0,45.0,550.0,73.0,590.0,45.0,40.0,28.0,36.0,23.0,23.0,15.0,9.0,STEEL,30.0,50.0,30.0,330.0,350.0,16.0,18.0,False,False,135.0,3.0,2.0,2.5,2.5,2.5,2.5,2.5,700.0,52.0,700.0,52.0,0.0,0.0,False,1.0,1.0,68.0,36.0,0.0,31.6,False,True,False,False,True,8.0,1.0,False,200.0,200.0,255.0,SPOKED,SPOKED,0.0,0.0,0.0,0.0,280.0,720.0,28.0,300.0,1.0
168,405.0,70.0,590.0,73.0,130.0,45.0,550.0,73.0,580.0,50.0,40.0,25.0,36.0,23.0,23.0,15.0,9.0,STEEL,30.0,50.0,30.0,330.0,350.0,16.0,18.0,False,False,135.0,3.0,2.0,2.5,2.5,2.5,2.5,2.5,700.0,52.0,700.0,52.0,0.0,0.0,False,1.0,1.0,68.0,34.0,0.0,31.6,False,False,False,False,True,11.0,2.0,False,255.0,0.0,0.0,SPOKED,SPOKED,0.0,0.0,0.0,0.0,280.0,720.0,25.0,300.0,1.0
169,425.0,65.0,630.0,67.0,100.0,45.0,550.0,73.0,600.0,45.0,40.0,30.0,36.0,23.0,22.0,15.0,9.0,ALUMINIUM,30.0,50.0,30.0,330.0,350.0,16.0,18.0,False,False,135.0,3.0,2.0,2.5,2.5,2.5,2.5,2.5,700.0,52.0,700.0,52.0,1.0,0.0,False,1.0,1.0,68.0,32.0,0.0,31.6,False,False,False,False,True,12.0,1.0,False,0.0,0.0,0.0,SPOKED,SPOKED,0.0,0.0,0.0,0.0,280.0,720.0,30.0,350.0,1.0
170,450,65,600,73.0,130.0,45.0,550.0,73.0,650.0,45.0,40.0,30.0,30.0,25.0,25.0,13.0,15.0,STEEL,30.0,45.0,40.0,0.0,0.0,0.0,0.0,False,False,130.0,2.0,2.0,2.0,2.0,2.0,2.0,2.0,674.0,52.0,674.0,52.0,0.0,0.0,False,0.0,1.0,68.0,45.0,0.0,31.8,False,True,False,False,True,9.0,1.0,False,200.0,200.0,255.0,SPOKED,SPOKED,1.0,1.0,80.0,80.0,280.0,710,30,300.0,1.0
171,435,65,610,74.0,125.0,45.0,560.0,72.0,640.0,45.0,40.0,30.0,30.0,25.0,25.0,13.0,15.0,ALUMINIUM,30.0,45.0,40.0,0.0,0.0,0.0,0.0,False,False,135.0,2.0,2.0,2.0,2.0,2.0,2.0,2.0,674.0,52.0,674.0,52.0,0.0,0.0,False,1.0,1.0,68.0,45.0,0.0,31.8,False,False,False,False,True,11.0,2.0,False,255.0,182.0,193.0,SPOKED,SPOKED,1.0,1.0,80.0,80.0,280.0,720,30,300.0,1.0
172,480,60,630,65.0,110.0,45.0,520.0,74.0,660.0,50.0,40.0,30.0,30.0,25.0,25.0,13.0,15.0,ALUMINIUM,25.0,45.0,35.0,0.0,0.0,0.0,0.0,False,False,135.0,2.0,2.0,2.0,2.0,2.0,2.0,2.0,674.0,52.0,674.0,52.0,1.0,0.0,False,1.0,1.0,68.0,45.0,0.0,31.8,False,True,False,False,True,10.0,1.0,False,0.0,0.0,0.0,SPOKED,SPOKED,1.0,1.0,80.0,80.0,280.0,705,30,300.0,1.0
173,440,60,600,73.0,140.0,45.0,560.0,73.0,650.0,45.0,40.0,30.0,30.0,25.0,25.0,13.0,15.0,TITANIUM,30.0,45.0,40.0,0.0,0.0,0.0,0.0,False,False,130.0,2.0,2.0,2.0,2.0,2.0,2.0,2.0,674.0,52.0,674.0,52.0,0.0,0.0,False,2.0,1.0,68.0,45.0,0.0,31.8,False,False,False,False,True,9.0,1.0,False,192.0,192.0,192.0,SPOKED,SPOKED,1.0,1.0,80.0,80.0,280.0,700,30,300.0,1.0
174,450,65,610,73.0,120.0,45.0,550.0,73.0,650.0,45.0,40.0,30.0,30.0,25.0,25.0,13.0,15.0,ALUMINIUM,30.0,45.0,40.0,0.0,0.0,0.0,0.0,False,False,130.0,2.0,2.0,2.0,2.0,2.0,2.0,2.0,674.0,52.0,674.0,52.0,0.0,0.0,False,1.0,1.0,68.0,45.0,0.0,31.8,False,False,False,False,True,9.0,1.0,True,255.0,255.0,255.0,SPOKED,SPOKED,1.0,1.0,80.0,80.0,280.0,720,30,300.0,1.0
175,480,60,640,65.0,115.0,45.0,530.0,74.0,660.0,50.0,40.0,30.0,30.0,25.0,25.0,13.0,15.0,STEEL,25.0,45.0,35.0,0.0,0.0,0.0,0.0,False,False,135.0,2.0,2.0,2.0,2.0,2.0,2.0,2.0,674.0,52.0,674.0,52.0,1.0,0.0,False,1.0,1.0,68.0,45.0,0.0,31.8,False,False,False,False,True,10.0,1.0,False,255.0,0.0,0.0,SPOKED,SPOKED,1.0,1.0,80.0,80.0,280.0,720,30,300.0,1.0
176,445,65,600,73.0,130.0,45.0,550.0,73.0,650.0,45.0,40.0,30.0,30.0,25.0,25.0,13.0,15.0,TITANIUM,30.0,45.0,40.0,0.0,0.0,0.0,0.0,False,False,130.0,2.0,2.0,2.0,2.0,2.0,2.0,2.0,674.0,52.0,674.0,52.0,0.0,0.0,False,0.0,1.0,68.0,45.0,0.0,31.8,False,True,False,False,True,9.0,1.0,False,200.0,200.0,255.0,SPOKED,SPOKED,1.0,1.0,80.0,80.0,280.0,710,30,300.0,1.0
177,450,65,610,73.0,130.0,45.0,550.0,73.0,650.0,45.0,40.0,30.0,30.0,25.0,25.0,13.0,15.0,STEEL,30.0,45.0,40.0,0.0,0.0,0.0,0.0,False,False,130.0,2.0,2.0,2.0,2.0,2.0,2.0,2.0,674.0,52.0,674.0,52.0,0.0,0.0,False,0.0,1.0,68.0,45.0,0.0,31.8,False,True,False,False,True,9.0,1.0,False,50.0,50.0,50.0,SPOKED,SPOKED,1.0,1.0,80.0,80.0,280.0,700,30,300.0,1.0
178,480,60,630,65.0,115.0,45.0,530.0,74.0,660.0,50.0,40.0,30.0,30.0,25.0,25.0,13.0,15.0,STEEL,25.0,45.0,35.0,0.0,0.0,0.0,0.0,False,False,135.0,2.0,2.0,2.0,2.0,2.0,2.0,2.0,674.0,52.0,674.0,52.0,1.0,0.0,False,1.0,1.0,68.0,45.0,0.0,31.8,False,False,False,False,True,10.0,1.0,False,0.0,0.0,0.0,SPOKED,SPOKED,1.0,1.0,80.0,80.0,280.0,720,30,300.0,1.0
179,450,65,600,73.0,130.0,45.0,550.0,73.0,650.0,45.0,40.0,30.0,30.0,25.0,25.0,13.0,15.0,STEEL,30.0,45.0,40.0,0.0,0.0,0.0,0.0,False,False,130.0,2.0,2.0,2.0,2.0,2.0,2.0,2.0,674.0,52.0,674.0,52.0,0.0,0.0,False,0.0,1.0,68.0,45.0,0.0,31.8,False,False,False,False,True,9.0,1.0,False,20.0,20.0,20.0,SPOKED,SPOKED,1.0,1.0,80.0,80.0,280.0,700,30,300.0,1.0
182,430,70,600,73.0,150.0,45.0,550.0,73.0,680.0,45.0,40.0,28.0,36.5,23.35,23.35,15.0,9.0,STEEL,30.0,48.0,40.0,330.0,350.0,16.0,18.0,False,False,130.0,3.0,2.0,2.5,2.5,1.9,1.5,1.4,674.0,52.0,674.0,52.0,0.0,1.0,False,0.0,1.0,68.0,31.8,692.0,26.8,False,False,False,False,True,8.0,2.0,False,255.0,255.0,255.0,SPOKED,SPOKED,0.0,0.0,80.0,80.0,300.0,731.0,30.0,300.0,1.0
183,430,65,550,67.0,120.0,45.0,550.0,72.0,660.0,45.0,40.0,28.0,36.5,23.35,23.35,15.0,9.0,ALUMINIUM,30.0,48.0,40.0,330.0,350.0,16.0,18.0,False,False,135.0,3.0,2.0,2.5,2.5,1.9,1.5,1.4,740.0,118.0,740.0,118.0,0.0,1.0,False,1.0,1.0,68.0,31.8,692.0,26.8,False,False,False,False,True,12.0,1.0,False,100.0,150.0,200.0,SPOKED,SPOKED,0.0,0.0,80.0,80.0,300.0,727.0,30.0,300.0,1.0
184,430,70,600,73.0,100.0,45.0,550.0,73.0,680.0,45.0,40.0,28.0,50.0,23.35,23.35,15.0,9.0,CARBON,30.0,48.0,40.0,330.0,350.0,16.0,18.0,False,False,130.0,3.0,2.0,2.0,1.9,1.9,1.5,1.4,674.0,52.0,674.0,52.0,0.0,1.0,False,0.0,1.0,68.0,31.8,692.0,26.8,False,True,False,False,True,8.0,2.0,False,128.0,128.0,128.0,SPOKED,SPOKED,0.0,0.0,80.0,80.0,300.0,790.0,30.0,300.0,1.0
185,430,70,600,73.0,150.0,45.0,550.0,73.0,680.0,45.0,40.0,28.0,36.5,23.35,23.35,15.0,9.0,STEEL,30.0,48.0,40.0,330.0,350.0,16.0,18.0,False,False,130.0,3.0,2.0,2.5,2.5,1.9,1.5,1.4,674.0,52.0,674.0,52.0,0.0,1.0,False,0.0,1.0,68.0,31.8,692.0,26.8,False,False,False,False,True,8.0,2.0,False,96.0,128.0,64.0,SPOKED,SPOKED,0.0,0.0,80.0,80.0,300.0,763.0,30.0,300.0,1.0
186,430,65,550,72.0,120.0,45.0,550.0,72.0,660.0,45.0,40.0,28.0,36.5,23.35,23.35,15.0,9.0,BAMBOO,30.0,48.0,40.0,330.0,350.0,16.0,18.0,False,False,135.0,3.0,2.0,3.0,3.0,1.9,1.5,1.4,740.0,118.0,740.0,118.0,0.0,1.0,False,1.0,1.0,68.0,31.8,692.0,26.8,False,False,False,False,True,12.0,1.0,False,139.0,69.0,19.0,SPOKED,SPOKED,0.0,0.0,80.0,80.0,300.0,751.0,30.0,300.0,1.0
187,430,70,600,73.0,100.0,45.0,550.0,73.0,680.0,45.0,40.0,28.0,36.5,23.35,23.35,15.0,9.0,BAMBOO,30.0,48.0,40.0,330.0,350.0,16.0,18.0,False,False,130.0,3.0,2.0,3.0,3.0,1.9,1.5,1.4,674.0,52.0,674.0,52.0,0.0,1.0,False,2.0,2.0,68.0,31.8,692.0,26.8,False,False,False,False,True,8.0,1.0,False,160.0,82.0,45.0,SPOKED,SPOKED,0.0,0.0,80.0,80.0,300.0,724.0,30.0,300.0,1.0
188,430,70,600,73.0,150.0,45.0,550.0,73.0,680.0,45.0,40.0,28.0,36.5,23.35,23.35,15.0,9.0,STEEL,30.0,48.0,40.0,330.0,350.0,16.0,18.0,False,False,130.0,3.0,2.0,2.5,2.5,1.9,1.5,1.4,674.0,52.0,674.0,52.0,0.0,1.0,False,0.0,1.0,68.0,31.8,692.0,26.8,False,False,False,False,True,8.0,2.0,False,0.0,0.0,255.0,SPOKED,SPOKED,0.0,0.0,80.0,80.0,300.0,746.0,30.0,300.0,1.0
189,430,65,550,67.0,120.0,45.0,550.0,72.0,660.0,45.0,40.0,28.0,36.5,23.35,23.35,15.0,9.0,STEEL,30.0,48.0,40.0,330.0,350.0,16.0,18.0,False,False,135.0,3.0,2.0,2.5,2.5,1.9,1.5,1.4,740.0,118.0,740.0,118.0,0.0,1.0,False,1.0,1.0,68.0,31.8,692.0,26.8,False,False,False,False,True,12.0,1.0,False,255.0,0.0,0.0,SPOKED,SPOKED,0.0,0.0,80.0,80.0,300.0,722.0,30.0,300.0,1.0
190,435,68,600,68.0,150.0,45.0,550.0,73.5,650.0,45.0,40.0,30.0,36.5,23.35,23.35,13.0,15.0,STEEL,30.0,50.0,40.0,330.0,350.0,16.0,18.0,False,False,130.0,3.0,2.0,2.5,2.5,1.8,1.5,2.0,622.0,52.0,622.0,52.0,1.0,0.0,False,0.0,1.0,68.0,40.0,0.0,31.8,True,True,False,False,True,8.0,2.0,False,173.0,216.0,230.0,SPOKED,SPOKED,0.0,0.0,80.0,80.0,280.0,300,36.5,300.0,1.0
191,425,65,590,72.0,140.0,45.0,530.0,74.0,640.0,45.0,40.0,30.0,36.5,23.35,23.35,13.0,15.0,STEEL,30.0,50.0,40.0,330.0,350.0,16.0,18.0,False,False,130.0,3.0,2.0,2.5,2.5,1.8,1.5,2.0,622.0,52.0,622.0,52.0,0.0,0.0,False,0.0,1.0,68.0,40.0,0.0,31.8,False,False,False,False,True,7.0,1.0,False,85.0,107.0,47.0,SPOKED,SPOKED,0.0,0.0,80.0,80.0,280.0,300,36.5,300.0,1.0
192,430,68,610,73.0,120.0,45.0,540.0,73.0,680.0,47.0,40.0,28.6,36.5,23.35,23.35,13.0,15.0,CARBON,30.0,50.0,40.0,330.0,350.0,16.0,18.0,False,False,130.0,3.0,2.0,2.5,2.5,1.8,1.5,2.0,622.0,52.0,622.0,52.0,0.0,1.0,False,1.0,1.0,68.0,40.0,0.0,31.8,False,False,False,False,True,10.0,2.0,False,255.0,255.0,255.0,TRISPOKE,TRISPOKE,1.0,1.0,80.0,80.0,280.0,300,36.5,300.0,1.0
193,440,66,615,67.0,160.0,45.0,550.0,73.5,650.0,45.0,40.0,30.0,36.5,23.35,23.35,13.0,15.0,STEEL,30.0,50.0,40.0,330.0,350.0,16.0,18.0,False,False,130.0,3.0,2.0,2.5,2.5,1.8,1.5,2.0,622.0,52.0,622.0,52.0,1.0,0.0,False,1.0,1.0,68.0,40.0,0.0,31.8,False,False,False,False,True,8.0,2.0,False,139.0,69.0,19.0,SPOKED,SPOKED,0.0,0.0,80.0,80.0,280.0,300,36.5,300.0,1.0
194,420,64,580,72.0,130.0,45.0,525.0,74.0,635.0,45.0,40.0,30.0,36.5,23.35,23.35,13.0,15.0,CARBON,30.0,50.0,40.0,330.0,350.0,16.0,18.0,False,False,130.0,3.0,2.0,2.5,2.5,1.8,1.5,2.0,622.0,52.0,622.0,52.0,0.0,0.0,False,1.0,1.0,68.0,40.0,0.0,31.8,False,False,False,False,True,7.0,1.0,False,112.0,128.0,144.0,SPOKED,SPOKED,0.0,0.0,80.0,80.0,280.0,300,36.5,300.0,1.0
195,430,68,610,73.0,110.0,45.0,550.0,73.0,670.0,47.0,40.0,30.0,36.5,23.35,23.35,13.0,15.0,ALUMINIUM,30.0,50.0,40.0,330.0,350.0,16.0,18.0,False,False,130.0,3.0,2.0,2.5,2.5,1.8,1.5,2.0,622.0,52.0,622.0,52.0,0.0,0.0,False,1.0,1.0,68.0,40.0,0.0,31.8,False,False,True,False,True,9.0,2.0,False,34.0,139.0,34.0,TRISPOKE,TRISPOKE,1.0,1.0,80.0,80.0,280.0,300,36.5,300.0,1.0
196,435,66,600,68.0,150.0,45.0,540.0,74.0,660.0,45.0,40.0,30.0,36.5,23.35,23.35,13.0,15.0,ALUMINIUM,30.0,50.0,40.0,330.0,350.0,16.0,18.0,False,False,130.0,3.0,2.0,2.5,2.5,1.8,1.5,2.0,622.0,52.0,622.0,52.0,1.0,0.0,False,1.0,1.0,68.0,40.0,0.0,31.8,False,False,True,False,True,8.0,2.0,False,255.0,255.0,255.0,TRISPOKE,TRISPOKE,1.0,1.0,80.0,80.0,280.0,300,36.5,300.0,1.0
197,425,65,590,72.0,140.0,45.0,530.0,74.0,640.0,45.0,40.0,30.0,36.5,23.35,23.35,13.0,15.0,STEEL,30.0,50.0,40.0,330.0,350.0,16.0,18.0,False,False,130.0,3.0,2.0,2.5,2.5,1.8,1.5,2.0,622.0,52.0,622.0,52.0,1.0,0.0,False,1.0,1.0,68.0,40.0,0.0,31.8,False,False,False,False,True,7.0,1.0,False,255.0,0.0,0.0,TRISPOKE,TRISPOKE,1.0,1.0,80.0,80.0,280.0,300,36.5,300.0,1.0
198,430,68,610,73.0,120.0,45.0,550.0,73.0,670.0,47.0,40.0,30.0,36.5,23.35,23.35,13.0,15.0,STEEL,30.0,50.0,40.0,330.0,350.0,16.0,18.0,False,False,130.0,3.0,2.0,2.5,2.5,1.8,1.5,2.0,622.0,52.0,622.0,52.0,0.0,0.0,False,0.0,0.0,68.0,40.0,0.0,31.8,False,False,True,False,True,9.0,2.0,False,255.0,20.0,20.0,SPOKED,SPOKED,0.0,0.0,80.0,80.0,280.0,300,36.5,300.0,1.0
199,425,67,605,68.5,155.0,45.0,550.0,73.0,655.0,45.0,40.0,30.0,36.5,23.35,23.35,13.0,15.0,STEEL,30.0,50.0,40.0,330.0,350.0,16.0,18.0,False,False,130.0,3.0,2.0,2.5,2.5,1.8,1.5,2.0,622.0,52.0,622.0,52.0,1.0,0.0,False,1.0,1.0,68.0,40.0,0.0,31.8,False,False,True,False,True,8.0,2.0,False,255.0,255.0,255.0,SPOKED,SPOKED,0.0,0.0,80.0,80.0,280.0,300,36.5,300.0,1.0
200,430.0,70.0,580.0,73.0,150.0,45.0,550.0,73.0,680.0,45.0,40.0,25.4,36.5,23.35,23.35,13.0,15.0,STEEL,35.0,50.0,40.0,330.0,350.0,16.0,18.0,False,False,130.0,3.0,3.0,3.0,3.0,3.0,3.0,3.0,674.0,52.0,674.0,52.0,0.0,2.0,False,0.0,1.0,68.0,40.0,31.8,50.0,True,True,True,True,True,8.0,1.0,True,135.0,206.0,235.0,SPOKED,SPOKED,0.0,0.0,80.0,80.0,275.0,270.0,36.5,300.0,1.0
201,430.0,70.0,590.0,73.0,130.0,45.0,550.0,73.0,680.0,45.0,40.0,25.4,36.5,23.35,23.35,13.0,15.0,STEEL,30.0,48.0,38.0,330.0,350.0,16.0,18.0,False,False,130.0,3.0,3.0,3.0,3.0,3.0,3.0,3.0,674.0,52.0,674.0,52.0,0.0,0.0,False,1.0,1.0,68.0,40.0,31.8,50.0,False,False,False,False,False,10.0,2.0,False,255.0,182.0,193.0,SPOKED,SPOKED,0.0,0.0,80.0,80.0,275.0,300.0,36.5,300.0,1.0
202,440.0,65.0,570.0,70.0,120.0,45.0,540.0,73.0,690.0,45.0,40.0,25.4,36.5,23.35,23.35,13.0,15.0,STEEL,28.0,45.0,35.0,330.0,350.0,16.0,18.0,False,False,135.0,3.0,3.0,3.0,3.0,3.0,3.0,3.0,674.0,52.0,674.0,52.0,1.0,0.0,False,1.0,1.0,68.0,40.0,31.8,50.0,False,False,False,False,False,9.0,1.0,False,255.0,255.0,255.0,SPOKED,SPOKED,0.0,0.0,80.0,80.0,275.0,320.0,36.5,300.0,1.0
203,425.0,70.0,580.0,73.0,160.0,45.0,555.0,73.0,680.0,45.0,40.0,25.4,36.5,23.35,23.35,13.0,15.0,STEEL,36.0,52.0,42.0,330.0,350.0,16.0,18.0,False,False,130.0,3.0,3.0,3.0,3.0,3.0,3.0,3.0,674.0,52.0,674.0,52.0,0.0,2.0,False,0.0,1.0,68.0,40.0,31.8,50.0,True,True,True,True,True,8.0,1.0,True,204.0,204.0,255.0,SPOKED,SPOKED,0.0,0.0,80.0,80.0,275.0,270.0,36.5,300.0,1.0
204,400.0,65.0,600.0,71.0,160.0,45.0,560.0,73.0,700.0,45.0,40.0,25.4,36.5,23.35,23.35,13.0,15.0,CARBON,38.0,55.0,45.0,330.0,350.0,16.0,18.0,False,False,130.0,2.0,2.0,2.0,2.0,2.0,2.0,2.0,674.0,52.0,674.0,52.0,0.0,0.0,False,1.0,3.0,68.0,35.0,31.8,50.0,False,False,False,False,False,11.0,2.0,False,0.0,0.0,139.0,TRISPOKE,TRISPOKE,1.0,1.0,450.0,450.0,275.0,260.0,36.5,310.0,0.0
205,440.0,65.0,580.0,70.0,120.0,45.0,540.0,73.0,690.0,45.0,40.0,25.4,36.5,23.35,23.35,13.0,15.0,ALUMINIUM,28.0,45.0,35.0,330.0,350.0,16.0,18.0,False,False,135.0,2.0,2.0,2.0,2.0,2.0,2.0,2.0,674.0,52.0,674.0,52.0,1.0,0.0,False,1.0,1.0,68.0,40.0,31.8,50.0,False,False,False,False,False,11.0,1.0,False,255.0,255.0,255.0,TRISPOKE,TRISPOKE,1.0,1.0,450.0,450.0,275.0,305.0,36.5,300.0,1.0
206,430.0,70.0,570.0,73.0,110.0,45.0,555.0,73.0,680.0,45.0,40.0,25.4,36.5,23.35,23.35,13.0,15.0,TITANIUM,32.0,48.0,38.0,330.0,350.0,16.0,18.0,False,False,130.0,3.0,3.0,3.0,3.0,3.0,3.0,3.0,674.0,52.0,674.0,52.0,0.0,2.0,False,0.0,1.0,68.0,40.0,31.8,50.0,False,False,True,True,False,10.0,2.0,True,204.0,204.0,255.0,SPOKED,SPOKED,0.0,0.0,80.0,80.0,275.0,280.0,36.5,300.0,1.0
207,430.0,70.0,590.0,73.0,140.0,45.0,550.0,73.0,680.0,45.0,40.0,25.4,36.5,23.35,23.35,13.0,15.0,STEEL,34.0,50.0,40.0,330.0,350.0,16.0,18.0,False,False,130.0,3.0,3.0,3.0,3.0,3.0,3.0,3.0,674.0,52.0,674.0,52.0,0.0,0.0,False,0.0,1.0,68.0,40.0,31.8,50.0,False,False,False,False,False,10.0,2.0,False,34.0,139.0,34.0,SPOKED,SPOKED,0.0,0.0,80.0,80.0,275.0,285.0,36.5,300.0,1.0
208,440.0,70.0,580.0,72.0,130.0,45.0,550.0,73.0,690.0,45.0,40.0,25.4,36.5,23.35,23.35,13.0,15.0,STEEL,30.0,50.0,40.0,330.0,350.0,16.0,18.0,False,False,135.0,3.0,3.0,3.0,3.0,3.0,3.0,3.0,674.0,52.0,674.0,52.0,1.0,1.0,False,2.0,1.0,68.0,40.0,31.8,50.0,False,False,False,False,False,12.0,1.0,False,0.0,204.0,204.0,SPOKED,SPOKED,0.0,0.0,80.0,80.0,275.0,310.0,36.5,300.0,1.0
209,430.0,70.0,580.0,73.0,120.0,45.0,555.0,73.0,680.0,45.0,40.0,25.4,36.5,23.35,23.35,13.0,15.0,TITANIUM,32.0,50.0,40.0,330.0,350.0,16.0,18.0,False,False,130.0,3.0,3.0,3.0,3.0,3.0,3.0,3.0,674.0,52.0,674.0,52.0,0.0,2.0,False,0.0,1.0,68.0,40.0,31.8,50.0,False,False,True,True,True,8.0,1.0,True,204.0,204.0,255.0,SPOKED,SPOKED,0.0,0.0,80.0,80.0,275.0,300.0,36.5,300.0,1.0
220,425.0,66.0,575.2029642,73.0,105.2,45.0,555.0,74.0,644.8496592,47.0,40.0,25.4,36.5,23.35,13.0,15.0,9.0,STEEL,63.1,48.0,40.1,330.0,350.0,16.0,18.0,False,False,130.0,2.984925050987317,1.7715343952277929,2.4985541836279714,1.89419119522216,1.509739706979634,1.4104879858706545,1.3872913729986849,674.0,52.0,674.0,52.0,1.0,0.0,False,1,1.0,68.0,31.8,692.0,26.8,False,False,True,True,True,8,1.0,False,230,230.0,250.0,SPOKED,SPOKED,0,0.0,80.0,80.0,278.0,718.0,26.8,250.0,1.0
221,380.0,47.01358832,561.1033732,74.00206468,168.8,45.0,552.4,76.00206468,623.9028894,45.0,40.0,28.6,36.5,23.35,13.0,15.0,9.0,STEEL,33.0,32.4,46.4,330.0,350.0,16.0,18.0,True,True,130.0,20.48369695835277,6.034812926706038,1.5929308922857068,4.880546522303409,9.48464280499604,15.08677458400779,1.7309129777278605,674.0,52.0,674.0,52.0,0.0,0.0,False,2,1.0,68.0,45.0,692.0,31.8,False,True,False,False,True,6,0.0,False,175,175.0,230.0,SPOKED,SPOKED,1,1.0,80.0,80.0,298.0,700.0,34.9,300.0,1.0
222,430.0,65.0,580.0,72.0,110.0,50.0,550.0,73.0,650.0,45.0,40.0,28.0,36.5,23.35,15.0,16.0,10.0,STEEL,60.0,50.0,42.0,330.0,350.0,16.0,18.0,False,False,130.0,3.0,2.0,2.5,2.0,1.5,1.4,1.3,700.0,55.0,700.0,55.0,0.0,0.0,False,0,1.0,68.0,32.0,690.0,28.0,False,False,True,False,True,8,1.0,False,180,180.0,180.0,SPOKED,SPOKED,0,0.0,80.0,80.0,280.0,720.0,27.0,260.0,1.0
223,410.0,68.0,600.0,73.0,150.0,45.0,530.0,73.0,650.0,47.0,40.0,29.0,36.5,23.35,21.5,13.0,9.0,STEEL,50.0,48.0,45.0,330.0,350.0,16.0,18.0,False,False,130.0,4.0,2.0,1.5,1.0,1.0,1.0,1.0,680.0,54.0,680.0,54.0,0.0,0.0,False,0,1.0,68.0,34.0,690.0,30.0,False,False,False,False,True,8,1.0,False,0,255.0,0.0,SPOKED,SPOKED,0,0.0,80.0,80.0,275.0,700.0,28.0,240.0,1.0
224,400.0,70.0,640.0,73.0,191.4,45.0,630.0,73.5,656.6,45.0,40.0,33.6,36.5,23.35,13.0,15.0,9.0,CARBON,27.8,32.1,43.5,330.0,350.0,16.0,18.0,False,False,130.0,3.7,2.0,2.5,1.3,0.7,5.8,0.9,674.0,52.0,674.0,52.0,0.0,0.0,False,0,1.0,68.0,45.0,692.0,31.8,False,True,False,False,True,9,1.0,False,255,255.0,255.0,SPOKED,SPOKED,1,1.0,80.0,80.0,275.0,865.0,34.9,300.0,2.0
225,420.0,66.0,575.0,72.0,105.0,45.0,555.0,73.0,640.0,45.0,40.0,26.0,36.5,23.35,13.0,15.0,9.0,STEEL,60.0,48.0,40.0,330.0,350.0,16.0,18.0,False,False,130.0,3.0,2.0,2.5,1.5,1.2,1.0,1.1,700.0,60.0,700.0,60.0,0.0,0.0,False,1,1.0,68.0,34.0,690.0,28.0,False,False,False,False,True,8,1.0,False,50,0.0,75.0,SPOKED,SPOKED,0,0.0,80.0,80.0,280.0,710.0,27.0,255.0,1.0
226,430.0,66.0,580.0,73.0,110.0,45.0,550.0,74.0,645.0,47.0,40.0,26.5,36.5,23.35,13.0,15.0,9.0,STEEL,63.0,50.0,42.0,330.0,350.0,16.0,18.0,False,False,130.0,3.0,2.0,2.5,1.5,1.0,1.2,1.1,680.0,54.0,680.0,54.0,0.0,0.0,False,0,1.0,68.0,32.0,690.0,28.0,False,False,False,False,True,8,1.0,False,230,230.0,250.0,SPOKED,SPOKED,0,0.0,80.0,80.0,278.0,715.0,27.0,260.0,1.0
227,380.0,47.0,561.0,74.0,168.8,45.0,552.4,76.0,623.9,45.0,40.0,28.6,36.5,23.35,13.0,15.0,9.0,STEEL,33.0,32.4,46.4,330.0,350.0,16.0,18.0,False,False,130.0,20.48,6.03,1.59,4.88,9.48,15.09,1.73,674.0,52.0,674.0,52.0,0.0,0.0,False,0,1.0,68.0,45.0,692.0,31.8,False,False,False,False,True,0,0.0,False,0,70.0,170.0,SPOKED,SPOKED,1,1.0,80.0,80.0,298.0,700.0,34.9,300.0,1.0
228,430.0,66.0,575.0,70.0,120.0,45.0,550.0,73.0,640.0,45.0,40.0,27.0,36.5,23.35,13.0,15.0,9.0,STEEL,60.0,48.0,40.0,330.0,350.0,16.0,18.0,False,False,130.0,3.5,2.0,2.5,1.5,1.0,1.2,1.1,700.0,52.0,700.0,52.0,1.0,0.0,False,1,1.0,68.0,31.8,692.0,26.8,False,False,False,False,True,8,1.0,False,50,50.0,50.0,SPOKED,SPOKED,0,0.0,80.0,80.0,280.0,720.0,26.8,250.0,1.0
229,550.0,66.0,497.0,67.0,100.0,45.0,533.0,65.0,628.0,45.0,40.0,28.6,36.5,23.35,13.0,15.0,9.0,BAMBOO,46.9,44.9,50.1,330.0,350.0,16.0,18.0,False,False,135.0,10.25,1.06,3.32,1.82,1.35,1.53,2.5,628.0,69.0,628.0,69.0,1.0,0.0,False,1,1.0,68.0,45.0,692.0,31.8,False,True,False,False,True,8,2.0,True,160,82.0,45.0,SPOKED,SPOKED,1,1.0,80.0,80.0,278.0,700.0,34.9,300.0,2.0
230,420,68,620,73.0,150.0,50.0,530.0,73.0,650.0,45.0,40.0,28.0,38.0,23.0,23.0,13.0,15.0,STEEL,50,45.0,40.0,330.0,350.0,16.0,16.0,False,False,135,3.0,3.0,3.0,3.0,3.0,3.0,3.0,700.0,50.0,700.0,50.0,0.0,1.0,False,1,1.0,68.0,34.0,0.0,31.8,False,False,False,False,True,8,1.0,False,0,71.0,171.0,SPOKED,SPOKED,0,0.0,80.0,80.0,280.0,730,34.9,300.0,1.0
231,405,70,595,72.0,140.0,45.0,540.0,73.0,635.0,45.0,40.0,28.0,38.0,23.0,23.0,13.0,15.0,STEEL,45,50.0,40.0,330.0,350.0,16.0,16.0,False,False,135,3.0,3.0,3.0,3.0,3.0,3.0,3.0,700.0,50.0,700.0,50.0,0.0,2.0,False,1,1.0,68.0,34.0,0.0,31.8,True,True,False,False,True,10,1.0,False,128,128.0,128.0,SPOKED,DISC,0,0.0,80.0,80.0,270.0,740,34.9,310.0,1.0
232,430,65,600,68.0,120.0,45.0,540.0,73.0,650.0,45.0,40.0,28.0,38.0,23.0,23.0,13.0,15.0,STEEL,45,50.0,40.0,330.0,350.0,16.0,16.0,False,False,135,3.0,3.0,3.0,3.0,3.0,3.0,3.0,700.0,50.0,700.0,50.0,1.0,1.0,False,1,1.0,68.0,34.0,0.0,31.8,False,False,False,False,True,11,1.0,False,128,0.0,64.0,SPOKED,TRISPOKE,0,1.0,60.0,80.0,280.0,750,34.9,300.0,1.0
233,420,68,600,73.0,120.0,45.0,550.0,73.0,640.0,47.0,40.0,28.0,38.0,23.0,23.0,13.0,15.0,ALUMINIUM,40,50.0,40.0,330.0,350.0,16.0,16.0,False,False,135,2.5,2.5,2.5,2.5,2.5,2.5,2.5,700.0,50.0,700.0,50.0,0.0,2.0,False,0,1.0,68.0,34.0,0.0,31.8,False,False,False,False,True,9,1.0,False,112,128.0,144.0,SPOKED,SPOKED,0,0.0,80.0,80.0,270.0,740,34.9,300.0,1.0
234,400,68,580,74.0,120.0,45.0,540.0,74.0,620.0,40.0,40.0,30.0,35.0,20.0,20.0,13.0,15.0,CARBON,40,50.0,40.0,330.0,350.0,16.0,16.0,False,False,130,1.5,1.5,1.5,1.5,1.5,1.5,1.5,700.0,50.0,700.0,50.0,0.0,0.0,False,0,0.0,68.0,42.0,680.0,35.0,False,False,False,False,True,10,2.0,False,0,0.0,0.0,SPOKED,TRISPOKE,0,1.0,60.0,80.0,260.0,710,35.0,300.0,0.0
235,430,65,620,67.0,110.0,45.0,550.0,72.0,660.0,45.0,40.0,35.0,40.0,22.0,22.0,13.0,15.0,CARBON,45,55.0,40.0,330.0,350.0,16.0,16.0,False,False,135,2.0,2.0,2.0,3.0,2.0,2.0,2.0,700.0,50.0,700.0,50.0,1.0,1.0,False,1,1.0,68.0,32.0,0.0,31.8,False,False,False,False,True,12,1.0,False,255,0.0,0.0,SPOKED,SPOKED,0,0.0,80.0,80.0,260.0,750,40.0,300.0,1.0
236,400,68,610,74.0,135.0,45.0,550.0,73.0,630.0,45.0,40.0,28.0,38.0,23.0,23.0,13.0,15.0,STEEL,45,50.0,40.0,330.0,350.0,16.0,16.0,False,False,135,3.0,3.0,3.0,3.0,3.0,3.0,3.0,700.0,50.0,700.0,50.0,0.0,2.0,False,1,1.0,68.0,34.0,0.0,31.8,False,False,False,False,True,8,1.0,False,169,169.0,169.0,DISC,SPOKED,0,0.0,80.0,80.0,280.0,720,34.9,300.0,1.0
237,405,66,580,73.0,125.0,45.0,530.0,74.0,625.0,43.0,40.0,28.0,35.0,23.0,23.0,13.0,15.0,ALUMINIUM,45,50.0,40.0,330.0,350.0,16.0,16.0,False,False,130,2.5,2.5,2.5,2.5,2.5,2.5,2.5,700.0,50.0,700.0,50.0,0.0,2.0,False,1,1.0,68.0,34.0,0.0,31.8,False,False,False,False,True,10,2.0,False,192,192.0,192.0,SPOKED,SPOKED,0,0.0,80.0,80.0,270.0,740,35.0,300.0,1.0
238,440,67,600,69.0,115.0,45.0,545.0,72.0,670.0,45.0,40.0,28.0,40.0,23.0,23.0,13.0,15.0,CARBON,45,55.0,40.0,330.0,350.0,16.0,16.0,False,False,135,1.5,1.5,1.5,1.5,1.5,1.5,1.5,700.0,50.0,700.0,50.0,1.0,1.0,False,0,1.0,68.0,32.0,0.0,31.8,False,False,False,False,True,11,1.0,False,0,0.0,255.0,SPOKED,SPOKED,0,0.0,80.0,80.0,275.0,760,40.0,300.0,1.0
239,415,68,610,72.0,130.0,45.0,545.0,73.0,630.0,45.0,40.0,28.0,38.0,23.0,23.0,13.0,15.0,STEEL,45,50.0,40.0,330.0,350.0,16.0,16.0,False,False,135,3.0,3.0,3.0,3.0,3.0,3.0,3.0,700.0,50.0,700.0,50.0,0.0,0.0,False,0,1.0,68.0,34.0,0.0,31.8,False,True,False,False,True,9,1.0,False,255,0.0,0.0,SPOKED,SPOKED,0,0.0,80.0,80.0,280.0,730,34.9,300.0,1.0
240,415.0,66.0,580.0,73.0,105.0,45.0,550.0,74.0,650.0,45.0,40.0,25.4,36.5,23.35,13.0,15.0,9.0,STEEL,63.1,48.0,40.1,330.0,350.0,16.0,18.0,False,False,130.0,3.5,1.77,2.5,1.9,1.51,1.41,1.39,674.0,52.0,674.0,52.0,0.0,0.0,False,0,0.0,68.0,31.8,0.0,692.0,False,False,False,False,True,9,2.0,False,255,0.0,0.0,SPOKED,SPOKED,0,0.0,80.0,80.0,280.0,296.0,27.0,250.0,1.0
241,435.0,50.0,640.0,67.0,160.0,45.0,520.0,72.0,750.0,45.0,40.0,28.6,50.0,27.35,21.5,15.0,9.0,CARBON,25.0,128.0,30.0,330.0,350.0,16.0,18.0,False,False,157.0,5.0,0.85,3.1,4.2,1.72,2.5,0.64,744.0,122.0,744.0,122.0,1.0,1.0,False,1,1.0,68.0,53.0,0.0,692.0,False,False,False,False,True,11,2.0,False,0,0.0,0.0,SPOKED,SPOKED,0,0.0,80.0,80.0,290.0,238.0,27.0,330.0,1.0
242,405.0,60.0,610.0,74.0,150.0,45.0,540.0,73.0,680.0,45.0,40.0,25.4,36.5,23.35,13.0,15.0,9.0,STEEL,63.1,48.0,40.1,330.0,350.0,16.0,18.0,False,False,130.0,3.5,1.77,2.5,1.9,1.51,1.41,1.39,674.0,52.0,674.0,52.0,0.0,0.0,False,0,1.0,68.0,31.8,0.0,692.0,False,False,False,False,True,7,1.0,False,112,128.0,144.0,SPOKED,SPOKED,0,0.0,80.0,80.0,275.0,291.0,27.0,300.0,1.0
243,415.0,66.0,590.0,73.0,105.0,45.0,550.0,74.0,660.0,45.0,40.0,25.4,36.5,23.35,13.0,15.0,9.0,STEEL,63.1,48.0,40.1,330.0,350.0,16.0,18.0,False,False,130.0,3.5,1.77,2.5,1.9,1.51,1.41,1.39,674.0,52.0,674.0,52.0,0.0,0.0,False,0,0.0,68.0,31.8,0.0,692.0,True,True,False,False,True,9,2.0,False,0,0.0,0.0,SPOKED,SPOKED,0,0.0,80.0,80.0,280.0,287.0,27.0,250.0,1.0
244,435.0,50.0,650.0,67.0,160.0,45.0,520.0,72.0,760.0,45.0,40.0,28.6,50.0,27.35,21.5,15.0,9.0,CARBON,25.0,128.0,30.0,330.0,350.0,16.0,18.0,False,False,157.0,5.0,0.85,3.1,4.2,1.72,2.5,0.64,744.0,122.0,744.0,122.0,1.0,2.0,False,2,1.0,68.0,53.0,0.0,692.0,False,True,False,False,True,11,2.0,False,0,0.0,0.0,SPOKED,SPOKED,0,0.0,80.0,80.0,290.0,284.0,27.0,330.0,1.0
245,405.0,60.0,605.0,74.0,150.0,45.0,540.0,73.0,690.0,45.0,40.0,25.4,36.5,23.35,13.0,15.0,9.0,STEEL,63.1,48.0,40.1,330.0,350.0,16.0,18.0,False,False,130.0,3.5,1.77,2.5,1.9,1.51,1.41,1.39,674.0,52.0,674.0,52.0,0.0,0.0,False,0,0.0,68.0,31.8,0.0,692.0,False,False,False,False,True,7,1.0,False,100,150.0,50.0,SPOKED,SPOKED,0,0.0,80.0,80.0,285.0,283.0,27.0,300.0,1.0
246,415.0,66.0,600.0,73.0,110.0,45.0,550.0,74.0,670.0,45.0,40.0,31.8,36.5,23.35,13.0,15.0,9.0,TITANIUM,30.0,49.0,42.0,330.0,350.0,16.0,18.0,False,False,130.0,4.0,2.0,2.9,2.5,1.3,1.5,1.4,674.0,52.0,674.0,52.0,0.0,0.0,False,0,0.0,73.0,57.0,0.0,692.0,False,False,False,False,True,9,2.0,False,192,192.0,192.0,SPOKED,SPOKED,0,0.0,80.0,80.0,270.0,290.0,27.0,250.0,1.0
247,435.0,50.0,635.0,67.0,155.0,45.0,520.0,72.0,755.0,45.0,40.0,25.4,36.5,23.35,13.0,15.0,9.0,STEEL,63.1,48.0,40.1,330.0,350.0,16.0,18.0,False,False,157.0,3.5,1.77,2.5,1.9,1.51,1.41,1.39,744.0,122.0,744.0,122.0,1.0,2.0,False,2,1.0,68.0,31.8,0.0,692.0,False,False,False,False,True,11,2.0,False,0,100.0,0.0,SPOKED,SPOKED,0,0.0,80.0,80.0,300.0,276.0,27.0,330.0,1.0
248,405.0,60.0,620.0,74.0,145.0,45.0,540.0,73.0,700.0,45.0,40.0,25.4,36.5,23.35,13.0,15.0,9.0,STEEL,63.1,48.0,40.1,330.0,350.0,16.0,18.0,False,False,130.0,3.5,1.77,2.5,1.9,1.51,1.41,1.39,674.0,52.0,674.0,52.0,0.0,0.0,False,0,0.0,68.0,31.8,0.0,692.0,False,True,False,False,True,7,1.0,False,200,200.0,255.0,SPOKED,SPOKED,0,0.0,80.0,80.0,260.0,292.0,27.0,300.0,1.0
249,415.0,66.0,610.0,73.0,110.0,45.0,550.0,74.0,660.0,45.0,40.0,25.4,36.5,23.35,13.0,15.0,9.0,STEEL,63.1,48.0,40.1,330.0,350.0,16.0,18.0,False,False,130.0,3.5,1.77,2.5,1.9,1.51,1.41,1.39,674.0,52.0,674.0,52.0,0.0,1.0,False,1,1.0,68.0,31.8,0.0,692.0,False,True,False,False,True,9,2.0,False,96,128.0,56.0,SPOKED,SPOKED,0,0.0,80.0,80.0,280.0,289.0,27.0,250.0,1.0
250,430.0,70.0,630.0,67.0,120.0,45.0,550.0,73.0,650.0,45.0,40.0,25.0,36.0,24.0,25.0,15.0,9.0,STEEL,30.0,50.0,35.0,330.0,350.0,16.0,18.0,False,False,135.0,1.5,1.4,1.5,1.5,1.5,1.5,1.5,674.0,52.0,674.0,52.0,1.0,1.0,False,1,1.0,68.0,35.0,0.0,31.8,False,False,False,False,True,9,1.0,False,255,165.0,0.0,SPOKED,SPOKED,0,0.0,80.0,80.0,280.0,872.0,34.9,300.0,1.0
251,420.0,70.0,600.0,73.0,140.0,45.0,520.0,74.0,640.0,45.0,40.0,25.0,34.0,24.0,25.0,15.0,9.0,ALUMINIUM,30.0,50.0,35.0,330.0,350.0,16.0,18.0,False,False,130.0,1.2,1.2,1.2,1.2,1.2,1.2,1.2,674.0,52.0,674.0,52.0,0.0,0.0,False,2,1.0,68.0,36.0,0.0,31.8,False,False,False,False,True,7,1.0,False,200,200.0,255.0,SPOKED,SPOKED,0,0.0,80.0,80.0,280.0,887.0,34.9,300.0,1.0
252,415.0,70.0,550.0,73.0,130.0,45.0,520.0,73.0,660.0,47.0,40.0,28.0,34.0,24.0,25.0,15.0,9.0,CARBON,30.0,50.0,35.0,330.0,350.0,16.0,18.0,False,False,130.0,1.0,1.0,1.0,1.0,1.0,1.0,1.0,674.0,52.0,674.0,52.0,0.0,2.0,False,0,3.0,68.0,38.0,0.0,31.8,False,True,False,False,True,11,2.0,False,200,200.0,255.0,SPOKED,SPOKED,0,0.0,80.0,80.0,280.0,926.0,34.9,300.0,1.0
253,440.0,70.0,640.0,67.0,115.0,45.0,560.0,73.0,660.0,45.0,40.0,25.0,36.0,24.0,25.0,15.0,9.0,STEEL,30.0,50.0,35.0,330.0,350.0,16.0,18.0,False,False,135.0,1.5,1.4,1.5,1.5,1.5,1.5,1.5,674.0,52.0,674.0,52.0,1.0,1.0,False,1,1.0,68.0,35.0,0.0,31.8,False,False,False,False,True,9,1.0,False,0,127.0,255.0,SPOKED,SPOKED,0,0.0,80.0,80.0,280.0,964.0,34.9,300.0,1.0
254,425.0,70.0,620.0,73.0,140.0,45.0,540.0,74.0,650.0,45.0,40.0,25.0,36.0,24.0,25.0,15.0,9.0,STEEL,30.0,50.0,35.0,330.0,350.0,16.0,18.0,False,False,130.0,1.5,1.4,1.5,1.5,1.5,1.5,1.5,674.0,52.0,674.0,52.0,0.0,0.0,False,1,1.0,68.0,35.0,0.0,31.8,False,False,False,False,True,7,1.0,False,0,100.0,0.0,SPOKED,SPOKED,0,0.0,80.0,80.0,280.0,948.0,34.9,300.0,1.0
255,410.0,70.0,560.0,73.0,150.0,45.0,520.0,73.0,630.0,45.0,40.0,25.0,34.0,24.0,25.0,15.0,9.0,ALUMINIUM,40.0,60.0,35.0,330.0,350.0,16.0,18.0,False,False,130.0,1.2,1.2,1.2,1.2,1.2,1.2,1.2,674.0,52.0,674.0,52.0,0.0,2.0,False,0,1.0,68.0,36.0,0.0,31.8,False,False,False,False,True,10,2.0,False,255,255.0,255.0,SPOKED,SPOKED,0,0.0,80.0,80.0,280.0,859.0,34.9,300.0,1.0
256,435.0,70.0,640.0,67.0,120.0,45.0,560.0,73.0,650.0,45.0,40.0,25.0,36.0,24.0,25.0,15.0,9.0,STEEL,30.0,50.0,35.0,330.0,350.0,16.0,18.0,False,False,135.0,1.5,1.4,1.5,1.5,1.5,1.5,1.5,674.0,52.0,674.0,52.0,1.0,1.0,False,0,1.0,68.0,35.0,0.0,31.8,False,True,False,False,True,9,1.0,False,200,200.0,255.0,SPOKED,SPOKED,0,0.0,80.0,80.0,280.0,944.0,34.9,300.0,1.0
257,420.0,70.0,600.0,73.0,150.0,45.0,520.0,74.0,650.0,45.0,40.0,25.0,36.0,24.0,25.0,15.0,9.0,STEEL,40.0,60.0,35.0,330.0,350.0,16.0,18.0,False,False,130.0,1.5,1.4,1.5,1.5,1.5,1.5,1.5,674.0,52.0,674.0,52.0,0.0,0.0,False,0,1.0,68.0,35.0,0.0,31.8,False,False,False,False,True,7,1.0,False,0,100.0,0.0,SPOKED,SPOKED,0,0.0,80.0,80.0,280.0,960.0,34.9,300.0,1.0
258,415.0,70.0,580.0,73.0,140.0,45.0,500.0,73.0,650.0,45.0,40.0,25.0,34.0,24.0,25.0,15.0,9.0,ALUMINIUM,30.0,50.0,35.0,330.0,350.0,16.0,18.0,False,False,130.0,1.2,1.2,1.2,1.2,1.2,1.2,1.2,674.0,52.0,674.0,52.0,0.0,2.0,False,0,1.0,73.0,36.0,0.0,31.8,False,False,False,False,True,11,2.0,False,255,255.0,255.0,SPOKED,SPOKED,0,0.0,80.0,80.0,280.0,973.0,34.9,350.0,1.0
259,450.0,70.0,640.0,67.0,115.0,45.0,560.0,73.0,650.0,45.0,40.0,25.0,36.0,24.0,25.0,15.0,9.0,CARBON,30.0,50.0,35.0,330.0,350.0,16.0,18.0,False,False,135.0,1.0,1.0,1.0,1.0,1.0,1.0,1.0,674.0,52.0,674.0,52.0,1.0,1.0,False,0,3.0,68.0,38.0,0.0,31.8,False,False,False,False,True,10,2.0,False,48,25.0,52.0,SPOKED,TRISPOKE,0,1.0,80.0,80.0,280.0,908.0,34.9,300.0,1.0
260,420.0,65.0,600.0,73.0,150.0,45.0,510.0,73.0,680.0,45.0,40.0,25.4,36.5,23.35,23.35,13.0,15.0,TITANIUM,30.0,40.0,30.0,330.0,350.0,16.0,18.0,False,False,130.0,3.0,2.0,3.0,2.0,2.0,2.0,2.0,674.0,52.0,674.0,52.0,0.0,0.0,False,2,1.0,68.0,45.0,692.0,50.0,False,True,False,False,True,7,1.0,False,192,192.0,192.0,SPOKED,SPOKED,1,1.0,80.0,80.0,278.0,718.0,26.8,300.0,1.0
261,410.0,70.0,550.0,73.0,120.0,45.0,530.0,73.0,700.0,45.0,40.0,25.4,36.5,23.35,23.35,13.0,15.0,STEEL,28.0,50.0,30.0,330.0,350.0,16.0,18.0,False,False,130.0,3.0,2.0,3.0,2.0,2.0,2.0,2.0,674.0,52.0,674.0,52.0,0.0,0.0,False,0,1.0,68.0,45.0,692.0,50.0,False,False,False,False,True,8,2.0,False,0,0.0,139.0,SPOKED,SPOKED,1,1.0,80.0,80.0,278.0,718.0,26.8,300.0,1.0
262,440.0,60.0,620.0,67.0,180.0,45.0,540.0,75.0,720.0,45.0,40.0,25.4,36.5,23.35,23.35,13.0,15.0,STEEL,30.0,40.0,30.0,330.0,350.0,16.0,18.0,False,False,135.0,3.0,2.0,3.0,2.0,2.0,2.0,2.0,744.0,122.0,744.0,122.0,1.0,0.0,False,0,1.0,68.0,45.0,692.0,50.0,False,False,False,False,True,9,3.0,False,255,0.0,0.0,SPOKED,SPOKED,1,1.0,80.0,80.0,278.0,718.0,26.8,300.0,1.0
263,425.0,65.0,600.0,73.0,150.0,45.0,515.0,73.0,680.0,45.0,40.0,25.4,36.5,23.35,23.35,13.0,15.0,STEEL,30.0,40.0,30.0,330.0,350.0,16.0,18.0,False,False,130.0,3.0,2.0,3.0,2.0,2.0,2.0,2.0,674.0,52.0,674.0,52.0,0.0,0.0,False,0,1.0,68.0,45.0,692.0,50.0,False,False,False,False,True,7,1.0,False,204,204.0,255.0,SPOKED,SPOKED,1,1.0,80.0,80.0,278.0,718.0,26.8,300.0,1.0
264,415.0,70.0,550.0,73.0,120.0,45.0,530.0,73.0,700.0,45.0,40.0,25.4,36.5,23.35,23.35,13.0,15.0,STEEL,28.0,50.0,30.0,330.0,350.0,16.0,18.0,False,False,130.0,3.0,2.0,3.0,2.0,2.0,2.0,2.0,674.0,52.0,674.0,52.0,0.0,0.0,False,1,1.0,68.0,45.0,692.0,50.0,False,False,False,False,True,8,2.0,False,128,128.0,128.0,SPOKED,SPOKED,1,1.0,80.0,80.0,278.0,718.0,26.8,300.0,1.0
265,435.0,60.0,620.0,67.0,180.0,45.0,540.0,75.0,720.0,45.0,40.0,25.4,36.5,23.35,23.35,13.0,15.0,STEEL,30.0,40.0,30.0,330.0,350.0,16.0,18.0,False,False,135.0,3.0,2.0,3.0,2.0,2.0,2.0,2.0,744.0,122.0,744.0,122.0,1.0,0.0,False,1,1.0,68.0,45.0,692.0,50.0,False,False,False,False,True,9,3.0,False,204,204.0,255.0,SPOKED,SPOKED,1,1.0,80.0,80.0,278.0,718.0,26.8,300.0,1.0
266,418.0,65.0,600.0,73.0,150.0,45.0,500.0,73.0,680.0,45.0,40.0,25.4,36.5,23.35,23.35,13.0,15.0,TITANIUM,30.0,40.0,30.0,330.0,350.0,16.0,18.0,False,False,130.0,3.0,2.0,3.0,2.0,2.0,2.0,2.0,674.0,52.0,674.0,52.0,0.0,0.0,False,2,1.0,68.0,45.0,692.0,50.0,True,True,False,False,True,7,1.0,False,255,255.0,255.0,TRISPOKE,DISC,1,0.0,80.0,0.0,278.0,718.0,26.8,300.0,1.0
267,408.0,70.0,550.0,73.0,120.0,45.0,530.0,73.0,700.0,45.0,40.0,25.4,36.5,23.35,23.35,13.0,15.0,STEEL,28.0,50.0,30.0,330.0,350.0,16.0,18.0,False,False,130.0,3.0,2.0,3.0,2.0,2.0,2.0,2.0,674.0,52.0,674.0,52.0,0.0,0.0,False,0,1.0,68.0,45.0,692.0,50.0,False,False,False,False,True,8,2.0,False,0,139.0,139.0,SPOKED,SPOKED,1,1.0,80.0,80.0,278.0,718.0,26.8,300.0,1.0
268,445.0,60.0,620.0,67.0,180.0,45.0,540.0,75.0,720.0,45.0,40.0,25.4,36.5,23.35,23.35,13.0,15.0,STEEL,30.0,40.0,30.0,330.0,350.0,16.0,18.0,False,False,135.0,3.0,2.0,3.0,2.0,2.0,2.0,2.0,744.0,122.0,744.0,122.0,1.0,0.0,False,1,1.0,68.0,45.0,692.0,50.0,False,False,False,False,True,9,3.0,False,0,0.0,0.0,SPOKED,SPOKED,1,1.0,80.0,80.0,278.0,718.0,26.8,300.0,1.0
269,422.0,65.0,600.0,73.0,150.0,45.0,515.0,73.0,680.0,45.0,40.0,25.4,36.5,23.35,23.35,13.0,15.0,ALUMINIUM,30.0,40.0,30.0,330.0,350.0,16.0,18.0,False,False,130.0,3.0,2.0,3.0,2.0,2.0,2.0,2.0,674.0,52.0,674.0,52.0,0.0,0.0,False,0,1.0,68.0,45.0,692.0,50.0,True,True,False,False,True,7,1.0,False,139,0.0,0.0,SPOKED,SPOKED,1,1.0,80.0,80.0,278.0,718.0,26.8,300.0,1.0
270,425.0,70.0,600.0,73.0,140.0,45.0,550.0,74.0,650.0,47.0,40.0,28.6,36.5,23.35,23.35,13.0,15.0,STEEL,30.0,50.0,40.0,330.0,350.0,16.0,18.0,False,False,130.0,3.0,2.5,2.5,3.0,2.0,2.0,2.0,674.0,52.0,674.0,52.0,0.0,0.0,False,0,1.0,68.0,31.8,692.0,31.8,False,False,False,False,True,11,2.0,False,210,105.0,30.0,SPOKED,SPOKED,1,1.0,80.0,80.0,280.0,718.0,34.9,250.0,1.0
271,425.0,70.0,560.0,68.0,80.0,45.0,500.0,73.0,630.0,45.0,40.0,28.6,36.5,23.35,23.35,13.0,15.0,BAMBOO,25.0,45.0,30.0,330.0,350.0,16.0,18.0,False,False,135.0,3.5,2.5,2.5,3.0,2.0,2.0,2.0,674.0,52.0,674.0,52.0,1.0,1.0,False,0,1.0,68.0,31.8,692.0,31.8,False,True,False,False,True,10,1.0,False,205,92.0,92.0,SPOKED,SPOKED,1,1.0,80.0,80.0,260.0,715.0,34.9,310.0,1.0
272,425.0,70.0,580.0,74.0,110.0,45.0,520.0,76.0,640.0,47.0,40.0,28.6,36.5,23.35,23.35,13.0,15.0,STEEL,30.0,50.0,40.0,330.0,350.0,16.0,18.0,False,False,130.0,3.0,2.5,2.5,3.0,2.0,2.0,2.0,674.0,52.0,674.0,52.0,0.0,2.0,True,2,0.0,68.0,31.8,692.0,31.8,False,False,True,True,True,8,1.0,True,0,139.0,139.0,SPOKED,SPOKED,1,1.0,80.0,80.0,270.0,700.0,34.9,300.0,0.0
273,425.0,70.0,600.0,73.0,150.0,45.0,560.0,74.5,650.0,47.0,40.0,28.6,36.5,23.35,23.35,13.0,15.0,STEEL,30.0,50.0,40.0,330.0,350.0,16.0,18.0,False,False,130.0,3.0,2.5,2.5,3.0,2.0,2.0,2.0,674.0,52.0,674.0,52.0,0.0,1.0,False,1,1.0,68.0,31.8,692.0,31.8,False,False,False,False,True,11,2.0,False,240,255.0,255.0,SPOKED,SPOKED,1,1.0,80.0,80.0,280.0,718.0,34.9,300.0,1.0
274,425.0,70.0,560.0,73.5,90.0,45.0,520.0,73.5,630.0,45.0,40.0,28.6,36.5,23.35,23.35,13.0,15.0,STEEL,25.0,45.0,30.0,330.0,350.0,16.0,18.0,False,False,135.0,3.0,2.5,2.5,3.0,2.0,2.0,2.0,674.0,52.0,674.0,52.0,1.0,1.0,False,1,1.0,68.0,31.8,692.0,31.8,False,False,False,False,True,10,1.0,False,34,139.0,34.0,SPOKED,SPOKED,1,1.0,80.0,80.0,260.0,715.0,34.9,300.0,1.0
275,425.0,70.0,580.0,74.0,115.0,45.0,530.0,76.0,640.0,47.0,40.0,28.6,36.5,23.35,23.35,13.0,15.0,STEEL,30.0,50.0,40.0,330.0,350.0,16.0,18.0,False,False,130.0,3.0,2.5,2.5,3.0,2.0,2.0,2.0,674.0,52.0,674.0,52.0,0.0,2.0,False,2,1.0,68.0,31.8,692.0,31.8,False,False,True,True,True,8,1.0,True,0,0.0,255.0,SPOKED,SPOKED,1,1.0,80.0,80.0,270.0,700.0,34.9,300.0,1.0
276,425.0,70.0,620.0,73.0,160.0,45.0,600.0,74.0,660.0,47.0,40.0,28.6,36.5,23.35,23.35,13.0,15.0,STEEL,30.0,50.0,40.0,330.0,350.0,16.0,18.0,False,False,130.0,3.0,2.5,2.5,3.0,2.0,2.0,2.0,674.0,52.0,674.0,52.0,0.0,0.0,True,0,0.0,68.0,31.8,692.0,31.8,False,False,False,False,True,11,2.0,False,0,139.0,139.0,SPOKED,SPOKED,1,1.0,80.0,80.0,280.0,718.0,34.9,300.0,0.0
277,425.0,70.0,550.0,68.0,85.0,45.0,510.0,74.0,630.0,45.0,40.0,28.6,36.5,23.35,23.35,13.0,15.0,CARBON,25.0,45.0,30.0,330.0,350.0,16.0,18.0,False,False,135.0,3.5,2.5,2.5,3.0,2.0,2.0,2.0,674.0,52.0,674.0,52.0,1.0,1.0,False,2,1.0,68.0,31.8,692.0,31.8,False,True,False,False,True,10,1.0,False,192,192.0,192.0,SPOKED,SPOKED,1,1.0,80.0,80.0,260.0,715.0,34.9,300.0,1.0
278,425.0,70.0,580.0,74.0,105.0,45.0,510.0,76.0,640.0,47.0,40.0,28.6,36.5,23.35,23.35,13.0,15.0,CARBON,30.0,50.0,40.0,330.0,350.0,16.0,18.0,False,False,130.0,2.5,2.5,2.5,3.0,2.0,2.0,2.0,674.0,52.0,674.0,52.0,0.0,2.0,False,2,1.0,68.0,31.8,692.0,31.8,False,True,False,False,True,8,1.0,True,204,204.0,255.0,SPOKED,SPOKED,1,1.0,80.0,80.0,270.0,700.0,34.9,300.0,1.0
279,425.0,70.0,610.0,73.0,150.0,45.0,580.0,74.0,655.0,47.0,40.0,28.6,36.5,23.35,23.35,13.0,15.0,STEEL,30.0,50.0,40.0,330.0,350.0,16.0,18.0,False,False,130.0,3.0,2.5,2.5,3.0,2.0,2.0,2.0,674.0,52.0,674.0,52.0,0.0,2.0,False,2,1.0,68.0,31.8,692.0,31.8,False,False,False,False,True,11,2.0,False,204,204.0,255.0,SPOKED,SPOKED,1,1.0,80.0,80.0,280.0,718.0,34.9,300.0,1.0
280,450,50,580,65.0,120.0,45.0,520.0,73.0,650.0,45.0,40.0,25.4,36.5,23.35,23.35,13.0,15.0,STEEL,30,40.0,50.0,330.0,350.0,16.0,18.0,False,False,135,3.0,2.0,2.5,1.8,1.5,1.5,1.0,674.0,52.0,674.0,52.0,1.0,1.0,False,0,1.0,68.0,31.8,692.0,31.8,False,True,False,False,True,10,2.0,True,0,153.0,0.0,SPOKED,SPOKED,0,0.0,0.0,0.0,280.0,710,28.6,250.0,1.0
281,430,50,600,72.0,150.0,45.0,540.0,74.0,660.0,45.0,40.0,25.4,36.5,23.35,23.35,13.0,15.0,STEEL,35,45.0,45.0,330.0,350.0,16.0,18.0,False,False,130,3.0,2.0,2.5,1.8,1.5,1.5,1.0,674.0,52.0,674.0,52.0,0.0,0.0,False,1,1.0,68.0,31.8,692.0,31.8,False,False,False,False,True,8,1.0,False,0,0.0,153.0,SPOKED,SPOKED,0,0.0,0.0,0.0,298.0,730,31.8,330.0,1.0
282,400,70,560,73.0,100.0,45.0,500.0,74.0,640.0,45.0,40.0,33.6,36.5,23.35,23.35,13.0,15.0,TITANIUM,25,50.0,40.0,330.0,350.0,16.0,18.0,False,False,130,3.0,2.0,2.5,1.8,1.5,1.5,1.0,674.0,52.0,674.0,52.0,0.0,2.0,False,0,1.0,68.0,31.8,692.0,31.8,False,True,False,False,True,11,2.0,True,102,51.0,153.0,SPOKED,SPOKED,0,0.0,0.0,0.0,278.0,720,33.6,480.0,1.0
283,450,50,590,65.0,130.0,45.0,550.0,73.0,660.0,45.0,40.0,25.4,36.5,23.35,23.35,13.0,15.0,STEEL,30,45.0,50.0,330.0,350.0,16.0,18.0,False,False,135,3.0,2.0,2.5,1.8,1.5,1.5,1.0,674.0,52.0,674.0,52.0,1.0,0.0,False,0,1.0,68.0,31.8,692.0,31.8,False,True,False,False,True,10,2.0,True,255,255.0,240.0,SPOKED,SPOKED,0,0.0,0.0,0.0,280.0,725,28.6,330.0,1.0
284,430,50,605,72.0,150.0,45.0,540.0,74.0,660.0,45.0,40.0,25.4,36.5,23.35,23.35,13.0,15.0,STEEL,35,45.0,45.0,330.0,350.0,16.0,18.0,False,False,130,3.0,2.0,2.5,1.8,1.5,1.5,1.0,674.0,52.0,674.0,52.0,0.0,1.0,False,1,1.0,68.0,31.8,692.0,31.8,False,False,False,False,True,8,1.0,False,0,153.0,0.0,SPOKED,SPOKED,0,0.0,0.0,0.0,298.0,730,31.8,330.0,1.0
285,400,70,565,73.0,100.0,45.0,500.0,74.0,640.0,45.0,40.0,33.6,36.5,23.35,23.35,13.0,15.0,STEEL,25,50.0,40.0,330.0,350.0,16.0,18.0,False,False,130,3.0,2.0,2.5,1.8,1.5,1.5,1.0,674.0,52.0,674.0,52.0,0.0,2.0,False,1,1.0,68.0,31.8,692.0,31.8,False,False,False,False,True,11,2.0,False,0,123.0,167.0,SPOKED,SPOKED,0,0.0,0.0,0.0,278.0,735,33.6,480.0,1.0
286,450,50,580,73.0,120.0,45.0,520.0,73.0,650.0,45.0,40.0,25.4,36.5,23.35,23.35,13.0,15.0,STEEL,30,40.0,50.0,330.0,350.0,16.0,18.0,False,False,135,3.0,2.0,2.5,1.8,1.5,1.5,1.0,674.0,52.0,674.0,52.0,1.0,0.0,False,0,1.0,68.0,31.8,692.0,31.8,True,True,False,False,True,10,2.0,True,124,252.0,0.0,SPOKED,SPOKED,0,0.0,0.0,0.0,280.0,715,28.6,330.0,1.0
287,430,50,600,72.0,150.0,45.0,540.0,74.0,660.0,45.0,40.0,25.4,36.5,23.35,23.35,13.0,15.0,STEEL,35,45.0,45.0,330.0,350.0,16.0,18.0,False,False,130,3.0,2.0,2.5,1.8,1.5,1.5,1.0,674.0,52.0,674.0,52.0,0.0,1.0,False,1,1.0,68.0,31.8,692.0,31.8,False,False,False,False,True,8,1.0,False,128,0.0,64.0,TRISPOKE,TRISPOKE,1,1.0,80.0,80.0,298.0,715,31.8,330.0,1.0
288,400,70,565,73.0,100.0,45.0,500.0,74.0,640.0,45.0,40.0,33.6,36.5,23.35,23.35,13.0,15.0,STEEL,25,50.0,40.0,330.0,350.0,16.0,18.0,False,False,130,3.0,2.0,2.5,1.8,1.5,1.5,1.0,674.0,52.0,674.0,52.0,0.0,2.0,False,2,1.0,68.0,31.8,692.0,31.8,False,False,False,False,True,11,2.0,False,128,128.0,128.0,SPOKED,SPOKED,0,0.0,0.0,0.0,278.0,735,33.6,480.0,1.0
289,450,50,580,73.0,120.0,45.0,520.0,74.0,650.0,45.0,40.0,25.4,36.5,23.35,23.35,13.0,15.0,STEEL,30,40.0,50.0,330.0,350.0,16.0,18.0,False,False,135,3.0,2.0,2.5,1.8,1.5,1.5,1.0,674.0,52.0,674.0,52.0,1.0,0.0,False,0,1.0,68.0,31.8,692.0,31.8,True,True,False,False,True,10,2.0,False,0,153.0,0.0,SPOKED,SPOKED,0,0.0,0.0,0.0,280.0,740,28.6,330.0,1.0
290,425.0,66.0,575.2029642,73.0,105.2,45.0,555.0,74.0,644.8496592,47.0,40.0,25.4,36.5,23.35,13.0,15.0,9.0,STEEL,63.1,48.0,40.1,330.0,350.0,16.0,18.0,False,False,130.0,2.984925050987317,1.7715343952277929,2.4985541836279714,1.89419119522216,1.509739706979634,1.4104879858706545,1.3872913729986849,674.0,52.0,674.0,52.0,0.0,2.0,False,0,1.0,68.0,31.8,692.0,26.8,True,True,False,False,True,8,2.0,True,0,0.0,255.0,SPOKED,SPOKED,1,1.0,80.0,80.0,278.0,718.0,26.8,250.0,1.0
291,405.0,70.0,591.9108569,73.0,145.0,45.0,515.2,74.0,653.4145038,45.0,40.0,28.6,36.5,23.35,13.0,15.0,9.0,STEEL,28.9,49.2,49.2,330.0,350.0,16.0,18.0,True,True,130.0,0.2046520282233931,0.305932490991244,2.319972198156796,0.8702181810647862,1.5425441917667475,0.806345347435681,0.92790071049802,674.0,52.0,674.0,52.0,0.0,0.0,False,0,1.0,68.0,45.0,692.0,31.8,False,False,False,False,True,10,2.0,False,200,200.0,255.0,SPOKED,SPOKED,1,1.0,80.0,80.0,298.0,330.0,34.9,330.0,1.0
292,455.0,70.0,721.2682239,71.0,180.4,35.0,546.2,73.5,748.4959838,45.0,39.0,27.0,36.5,21.25,14.5,15.0,10.1,STEEL,36.3,46.2,56.2,330.0,350.0,16.0,18.0,False,False,142.0,5.466905446143302,8.521785908456947,4.204791146184713,0.9166758036231312,4.12050892151602,2.697186294023933,4.6994853143713895,736.0,114.0,736.0,114.0,1.0,1.0,False,1,1.0,68.0,46.3,692.0,28.6,False,False,False,False,True,12,1.0,False,255,255.0,240.0,DISC,DISC,0,0.0,0.0,0.0,265.0,830.0,34.9,300.0,1.0
293,430.0,66.0,580.0,74.0,110.0,45.0,560.0,75.0,650.0,47.0,40.0,26.0,37.0,23.0,13.5,15.0,9.5,STEEL,65.0,50.0,41.0,330.0,350.0,16.0,18.0,False,False,130.0,3.0,1.8,2.6,2.0,1.6,1.5,1.4,674.0,52.0,674.0,52.0,0.0,2.0,False,1,1.0,68.0,32.0,692.0,27.0,False,False,False,False,True,8,1.0,False,255,215.0,0.0,SPOKED,SPOKED,1,1.0,80.0,80.0,280.0,720.0,27.0,255.0,1.0
294,405.0,70.0,592.0,73.0,145.0,45.0,515.0,74.0,653.0,45.0,40.0,28.0,37.0,23.5,13.0,15.0,9.0,BAMBOO,29.0,49.0,49.0,330.0,350.0,16.0,18.0,True,True,130.0,0.2,0.3,2.3,0.9,1.5,0.8,1.0,674.0,52.0,674.0,52.0,0.0,0.0,False,0,1.0,68.0,45.0,692.0,32.0,False,True,False,False,True,10,2.0,True,200,200.0,255.0,SPOKED,SPOKED,1,1.0,80.0,80.0,300.0,700.0,35.0,320.0,2.0
295,455.0,70.0,720.0,71.0,180.0,35.0,546.0,73.5,748.0,45.0,39.0,27.0,36.5,21.25,14.5,15.0,10.1,ALUMINIUM,36.0,46.0,56.0,330.0,350.0,16.0,18.0,False,False,142.0,5.4,8.5,4.2,0.9,4.0,2.7,4.6,736.0,114.0,736.0,114.0,1.0,1.0,False,0,1.0,68.0,46.0,692.0,29.0,False,False,False,False,True,12,2.0,False,192,192.0,192.0,SPOKED,SPOKED,0,0.0,0.0,0.0,265.0,780.0,35.0,300.0,1.0
296,425.0,66.0,575.0,73.0,105.0,45.0,555.0,74.0,645.0,47.0,40.0,25.4,36.5,23.35,13.0,15.0,9.0,ALUMINIUM,63.1,48.0,40.1,330.0,350.0,16.0,18.0,False,False,130.0,3.0,2.0,2.5,1.8,1.6,1.4,1.4,674.0,52.0,674.0,52.0,0.0,2.0,False,1,1.0,68.0,31.8,692.0,26.8,False,False,False,False,True,8,1.0,False,192,192.0,192.0,DISC,SPOKED,1,1.0,80.0,80.0,280.0,720.0,26.8,260.0,1.0
297,405.0,70.0,592.0,73.0,145.0,45.0,515.0,74.0,653.0,45.0,40.0,28.6,36.5,23.35,13.0,15.0,9.0,ALUMINIUM,28.9,49.2,49.2,330.0,350.0,16.0,18.0,True,True,130.0,0.2,0.3,2.5,0.9,1.5,0.8,1.0,674.0,52.0,674.0,52.0,0.0,0.0,False,0,1.0,68.0,45.0,692.0,31.8,False,False,False,False,True,10,2.0,False,255,0.0,0.0,SPOKED,SPOKED,1,1.0,80.0,80.0,298.0,330.0,34.9,330.0,1.0
298,455.0,70.0,721.0,71.0,180.4,35.0,546.0,73.5,748.0,45.0,39.0,27.0,36.5,21.25,14.5,15.0,10.1,ALUMINIUM,36.3,46.2,56.2,330.0,300.0,16.0,18.0,False,False,142.0,5.47,8.52,4.2,0.92,4.12,2.7,4.7,736.0,114.0,736.0,114.0,1.0,1.0,False,1,1.0,68.0,46.3,692.0,28.6,False,False,False,False,True,11,1.0,True,0,0.0,0.0,DISC,SPOKED,0,1.0,0.0,80.0,265.0,830.0,34.9,300.0,1.0
299,425.0,66.0,575.0,73.0,105.0,45.0,555.0,74.0,645.0,47.0,40.0,25.4,36.5,23.35,13.0,15.0,9.0,STEEL,63.1,48.0,40.1,330.0,350.0,16.0,18.0,False,False,130.0,2.98,1.77,2.5,1.89,1.51,1.41,1.39,674.0,52.0,674.0,52.0,0.0,2.0,False,2,1.0,68.0,31.8,692.0,26.8,False,False,False,False,True,8,1.0,False,204,204.0,255.0,TRISPOKE,SPOKED,1,1.0,50.0,80.0,278.0,718.0,26.8,250.0,1.0
300,430.0,68.0,600.0,73.0,120.0,45.0,540.0,73.0,650.0,47.0,40.0,30.0,36.5,23.35,23.35,15.0,9.0,TITANIUM,60.0,45.0,40.0,330.0,350.0,16.0,18.0,False,False,130.0,3.0,2.0,2.5,2.0,1.5,1.4,1.3,700.0,50.0,700.0,50.0,0.0,0.0,False,0,3.0,68.0,34.0,0.0,28.6,False,False,False,False,True,11,2.0,False,0,255.0,0.0,DISC,DISC,0,0.0,1.0,1.0,280.0,720.0,36.5,300.0,1.0
301,450.0,70.0,620.0,66.0,150.0,45.0,520.0,72.0,600.0,45.0,40.0,28.0,38.0,24.0,24.0,15.0,9.0,STEEL,70.0,50.0,45.0,330.0,350.0,18.0,18.0,False,False,135.0,4.0,2.5,3.0,3.0,2.0,2.0,2.0,700.0,60.0,700.0,60.0,1.0,1.0,False,1,1.0,68.0,40.0,0.0,34.9,False,False,False,False,True,11,1.0,False,0,0.0,0.0,SPOKED,SPOKED,0,0.0,1.0,1.0,300.0,650.0,38.0,350.0,1.0
302,440.0,65.0,580.0,73.0,140.0,45.0,530.0,73.0,620.0,47.0,40.0,30.0,36.5,23.35,23.35,15.0,9.0,ALUMINIUM,60.0,45.0,40.0,330.0,350.0,16.0,18.0,False,False,130.0,3.0,2.0,2.5,2.0,1.5,1.4,1.3,700.0,50.0,700.0,50.0,0.0,2.0,False,1,3.0,68.0,32.0,0.0,28.6,False,False,False,False,True,8,1.0,True,100,100.0,100.0,SPOKED,SPOKED,0,0.0,1.0,1.0,280.0,700.0,36.5,350.0,1.0
303,425.0,68.0,580.0,73.0,110.0,45.0,550.0,73.0,660.0,47.0,40.0,30.0,36.5,23.35,23.35,15.0,9.0,CARBON,60.0,45.0,40.0,330.0,350.0,16.0,18.0,False,False,130.0,2.5,2.0,2.0,2.0,1.5,1.4,1.3,700.0,50.0,700.0,50.0,0.0,2.0,False,2,3.0,68.0,34.0,0.0,28.6,False,True,False,False,True,11,2.0,False,200,200.0,255.0,DISC,DISC,0,0.0,1.0,1.0,280.0,720.0,36.5,300.0,1.0
304,445.0,67.0,610.0,68.0,130.0,45.0,530.0,73.0,610.0,45.0,40.0,29.0,38.0,24.0,24.0,15.0,9.0,CARBON,65.0,45.0,42.0,330.0,350.0,18.0,18.0,False,False,135.0,3.0,2.5,3.0,3.0,2.0,2.0,2.0,700.0,60.0,700.0,60.0,1.0,1.0,False,2,1.0,68.0,40.0,0.0,34.9,False,True,False,False,True,11,1.0,False,200,200.0,255.0,SPOKED,SPOKED,0,0.0,1.0,1.0,280.0,700.0,38.0,350.0,1.0
305,430.0,65.0,590.0,73.0,120.0,45.0,540.0,73.0,600.0,47.0,40.0,30.0,36.5,23.35,23.35,15.0,9.0,STEEL,60.0,45.0,40.0,330.0,350.0,16.0,18.0,False,False,130.0,3.5,2.0,2.5,2.0,1.5,1.4,1.3,700.0,50.0,700.0,50.0,0.0,2.0,False,1,1.0,68.0,34.0,0.0,28.6,False,False,False,False,True,8,1.0,True,152,255.0,152.0,SPOKED,SPOKED,0,0.0,1.0,1.0,280.0,700.0,36.5,350.0,1.0
306,430.0,68.0,600.0,73.0,130.0,45.0,540.0,73.0,650.0,47.0,40.0,30.0,36.5,23.35,23.35,15.0,9.0,STEEL,60.0,45.0,40.0,330.0,350.0,16.0,18.0,False,False,130.0,3.0,2.0,2.5,2.0,1.5,1.4,1.3,700.0,50.0,700.0,50.0,0.0,0.0,False,0,1.0,68.0,34.0,0.0,28.6,False,False,False,False,True,10,2.0,False,255,0.0,0.0,SPOKED,SPOKED,0,0.0,1.0,1.0,280.0,720.0,36.5,300.0,2.0
307,455.0,70.0,630.0,67.0,140.0,45.0,540.0,73.0,630.0,45.0,40.0,29.0,38.0,24.0,24.0,15.0,9.0,STEEL,65.0,45.0,42.0,330.0,350.0,18.0,18.0,False,False,135.0,3.5,2.0,2.5,2.0,1.5,1.4,1.3,700.0,60.0,700.0,60.0,1.0,1.0,False,2,1.0,68.0,34.0,0.0,28.6,False,False,False,False,True,10,1.0,False,152,204.0,255.0,SPOKED,SPOKED,0,0.0,1.0,1.0,280.0,700.0,38.0,350.0,1.0
308,430.0,65.0,590.0,73.0,100.0,45.0,530.0,73.0,610.0,47.0,40.0,30.0,36.5,23.35,23.35,15.0,9.0,STEEL,50.0,45.0,40.0,330.0,350.0,16.0,18.0,False,False,130.0,3.0,2.0,2.5,2.0,1.5,1.4,1.3,700.0,50.0,700.0,50.0,0.0,0.0,False,0,0.0,68.0,34.0,0.0,28.6,False,False,False,False,True,7,1.0,False,76,187.0,23.0,SPOKED,SPOKED,0,0.0,1.0,1.0,280.0,700.0,36.5,300.0,2.0
309,430.0,68.0,600.0,73.0,120.0,45.0,540.0,73.0,650.0,47.0,40.0,30.0,36.5,23.35,23.35,15.0,9.0,STEEL,60.0,45.0,40.0,330.0,350.0,16.0,18.0,False,False,130.0,3.0,2.0,2.5,2.0,1.5,1.4,1.3,700.0,50.0,700.0,50.0,0.0,2.0,False,2,3.0,68.0,34.0,0.0,28.6,False,False,False,False,True,11,2.0,False,255,255.0,0.0,DISC,DISC,0,0.0,1.0,1.0,280.0,720.0,36.5,300.0,2.0
320,430.0,70.0,630.0,72.0,150.0,45.0,560.0,73.0,640.0,45.0,40.0,25.4,36.5,23.35,23.35,15.0,9.0,ALUMINIUM,60.0,50.0,45.0,330.0,350.0,16.0,18.0,False,False,130.0,2.5,1.5,1.5,2.5,1.5,1.5,1.5,674.0,52.0,674.0,52.0,0.0,1.0,False,2,1.0,68.0,31.8,0.0,31.8,False,False,False,False,True,7,1.0,False,128,128.0,128.0,SPOKED,SPOKED,0,0.0,80.0,80.0,280.0,725.0,36.5,300.0,1.0
321,420.0,75.0,580.0,74.0,120.0,45.0,540.0,74.0,650.0,47.0,40.0,25.4,36.5,23.35,23.35,15.0,9.0,STEEL,50.0,50.0,45.0,330.0,350.0,16.0,18.0,False,False,130.0,3.0,2.0,2.0,3.0,2.0,2.0,2.0,674.0,52.0,674.0,52.0,2.0,0.0,False,0,0.0,68.0,31.8,0.0,33.6,False,False,False,False,True,10,2.0,False,255,255.0,0.0,SPOKED,TRISPOKE,0,1.0,80.0,80.0,280.0,710.0,36.5,250.0,0.0
322,450.0,45.0,660.0,67.0,140.0,45.0,535.0,73.0,750.0,50.0,40.0,25.4,36.5,23.35,27.35,15.0,9.0,STEEL,55.0,50.0,45.0,330.0,350.0,16.0,18.0,False,False,135.0,3.0,2.0,2.0,3.0,2.0,2.0,2.0,736.0,52.0,736.0,52.0,1.0,2.0,False,1,1.0,68.0,31.8,0.0,33.6,False,False,False,False,True,9,1.0,False,0,102.0,102.0,SPOKED,SPOKED,0,0.0,80.0,80.0,280.0,730.0,36.5,300.0,1.0
323,430.0,70.0,620.0,72.0,160.0,45.0,570.0,73.0,640.0,45.0,40.0,25.4,36.5,23.35,23.35,15.0,9.0,ALUMINIUM,60.0,50.0,45.0,330.0,350.0,16.0,18.0,False,False,130.0,2.5,1.5,1.5,2.5,1.5,1.5,1.5,674.0,52.0,674.0,52.0,0.0,1.0,False,2,1.0,68.0,31.8,0.0,31.8,False,False,False,False,True,8,1.0,False,255,223.0,0.0,SPOKED,SPOKED,0,0.0,80.0,80.0,280.0,720.0,36.5,300.0,1.0
324,420.0,75.0,560.0,74.0,110.0,45.0,555.0,73.0,650.0,47.0,40.0,25.4,36.5,23.35,23.35,15.0,9.0,TITANIUM,50.0,50.0,45.0,330.0,350.0,16.0,18.0,False,False,130.0,2.5,1.5,1.5,2.5,1.5,1.5,1.5,674.0,52.0,674.0,52.0,0.0,2.0,False,1,1.0,68.0,31.8,0.0,31.8,False,False,False,False,True,11,2.0,False,0,0.0,0.0,SPOKED,SPOKED,0,0.0,80.0,80.0,280.0,700.0,36.5,250.0,1.0
325,450.0,70.0,640.0,67.0,140.0,45.0,580.0,73.0,750.0,50.0,40.0,25.4,36.5,23.35,27.35,15.0,9.0,ALUMINIUM,55.0,50.0,45.0,330.0,350.0,16.0,18.0,False,False,135.0,2.5,1.5,1.5,2.5,1.5,1.5,1.5,736.0,52.0,736.0,52.0,1.0,2.0,False,1,1.0,68.0,31.8,0.0,31.8,False,False,False,False,True,9,1.0,False,192,192.0,192.0,SPOKED,SPOKED,0,0.0,80.0,80.0,280.0,735.0,36.5,300.0,1.0
326,430.0,70.0,610.0,72.0,155.0,45.0,570.0,73.0,640.0,45.0,40.0,25.4,36.5,23.35,23.35,15.0,9.0,STEEL,60.0,50.0,45.0,330.0,350.0,16.0,18.0,False,False,130.0,3.0,2.0,2.0,3.0,2.0,2.0,2.0,674.0,52.0,674.0,52.0,0.0,0.0,False,0,0.0,68.0,31.8,0.0,33.6,True,True,False,False,True,8,1.0,False,255,69.0,0.0,SPOKED,SPOKED,0,0.0,80.0,80.0,280.0,715.0,36.5,300.0,1.0
327,420.0,70.0,580.0,74.0,130.0,45.0,610.0,73.0,650.0,47.0,40.0,25.4,36.5,23.35,23.35,15.0,9.0,STEEL,55.0,50.0,45.0,330.0,350.0,16.0,18.0,False,False,130.0,3.0,2.0,2.0,3.0,2.0,2.0,2.0,674.0,52.0,674.0,52.0,0.0,2.0,False,1,1.0,68.0,31.8,0.0,33.6,False,False,False,False,True,10,2.0,False,64,64.0,64.0,SPOKED,SPOKED,0,0.0,80.0,80.0,280.0,705.0,36.5,250.0,1.0
328,450.0,45.0,670.0,67.0,145.0,45.0,580.0,73.0,760.0,50.0,40.0,25.4,36.5,23.35,27.35,15.0,9.0,STEEL,55.0,50.0,45.0,330.0,350.0,16.0,18.0,False,False,135.0,3.0,2.0,2.0,3.0,2.0,2.0,2.0,736.0,52.0,736.0,52.0,1.0,2.0,False,1,1.0,68.0,31.8,0.0,33.6,False,False,False,False,True,9,1.0,False,0,0.0,0.0,SPOKED,SPOKED,0,0.0,80.0,80.0,280.0,740.0,36.5,300.0,1.0
329,430.0,70.0,600.0,72.0,150.0,45.0,560.0,73.0,650.0,45.0,40.0,25.4,36.5,23.35,23.35,15.0,9.0,STEEL,60.0,50.0,45.0,330.0,350.0,16.0,18.0,False,False,130.0,3.0,2.0,2.0,3.0,2.0,2.0,2.0,674.0,52.0,674.0,52.0,1.0,2.0,False,1,1.0,68.0,31.8,0.0,33.6,False,False,False,False,True,8,1.0,False,0,255.0,255.0,SPOKED,SPOKED,0,0.0,80.0,80.0,280.0,720.0,36.5,300.0,1.0
330,425.0,70.0,600.0,73.0,140.0,45.0,550.0,73.0,670.0,45.0,40.0,30.0,36.5,36.5,23.35,13.0,15.0,ALUMINIUM,35.0,40.0,40.0,330.0,350.0,16.0,18.0,False,False,130.0,3.0,2.0,2.5,2.0,1.5,1.5,1.5,674.0,52.0,674.0,52.0,0.0,0.0,False,1,1.0,68.0,34.0,692.0,31.8,False,False,False,False,True,8,2.0,False,218,165.0,32.0,SPOKED,SPOKED,0,0.0,80.0,80.0,278.0,718.0,36.5,300.0,1.0
331,430.0,70.0,620.0,66.0,150.0,45.0,560.0,73.5,680.0,50.0,40.0,30.0,36.5,36.5,23.35,13.0,15.0,STEEL,35.0,40.0,40.0,330.0,350.0,16.0,18.0,False,False,135.0,3.0,2.0,2.5,2.0,1.5,1.5,1.5,674.0,52.0,674.0,52.0,1.0,0.0,False,1,1.0,68.0,34.0,692.0,31.8,False,False,False,False,True,12,1.0,False,64,128.0,64.0,SPOKED,SPOKED,0,0.0,80.0,80.0,278.0,718.0,36.5,300.0,1.0
332,425.0,70.0,590.0,73.0,140.0,45.0,550.0,73.0,670.0,45.0,40.0,30.0,36.5,36.5,23.35,13.0,15.0,STEEL,35.0,40.0,40.0,330.0,350.0,16.0,18.0,False,False,130.0,3.0,2.0,2.5,2.0,1.5,1.5,1.5,674.0,52.0,674.0,52.0,0.0,0.0,False,1,1.0,68.0,34.0,692.0,31.8,False,False,False,False,True,9,1.0,False,60,80.0,40.0,SPOKED,SPOKED,0,0.0,80.0,80.0,278.0,718.0,36.5,300.0,1.0
333,430.0,70.0,610.0,73.0,160.0,45.0,550.0,73.0,670.0,45.0,40.0,30.0,36.5,36.5,23.35,13.0,15.0,CARBON,35.0,40.0,40.0,330.0,350.0,16.0,18.0,False,False,130.0,3.0,2.0,2.5,2.0,1.5,1.5,1.5,674.0,52.0,674.0,52.0,0.0,2.0,False,2,1.0,68.0,34.0,692.0,31.8,False,False,False,False,True,10,1.0,True,34,139.0,34.0,SPOKED,SPOKED,0,0.0,80.0,80.0,278.0,718.0,36.5,300.0,2.0
334,440.0,65.0,620.0,66.0,160.0,45.0,560.0,73.5,690.0,50.0,40.0,30.0,36.5,36.5,23.35,13.0,15.0,STEEL,35.0,40.0,40.0,330.0,350.0,16.0,18.0,False,False,135.0,3.0,2.0,2.5,2.0,1.5,1.5,1.5,674.0,52.0,674.0,52.0,1.0,0.0,False,1,1.0,68.0,34.0,692.0,31.8,False,False,False,False,True,11,1.0,False,205,179.0,60.0,SPOKED,SPOKED,0,0.0,80.0,80.0,278.0,718.0,36.5,300.0,1.0
335,425.0,70.0,600.0,73.0,140.0,45.0,550.0,73.0,670.0,45.0,40.0,30.0,36.5,36.5,23.35,13.0,15.0,CARBON,35.0,40.0,40.0,330.0,350.0,16.0,18.0,False,False,130.0,3.0,2.0,2.5,2.0,1.5,1.5,1.5,674.0,52.0,674.0,52.0,0.0,2.0,False,1,1.0,68.0,34.0,692.0,31.8,False,True,False,False,True,9,2.0,False,204,204.0,255.0,SPOKED,SPOKED,0,0.0,80.0,80.0,278.0,718.0,36.5,300.0,1.0
336,425.0,70.0,600.0,73.0,140.0,45.0,550.0,73.0,670.0,45.0,40.0,30.0,36.5,36.5,23.35,13.0,15.0,STEEL,35.0,40.0,40.0,330.0,350.0,16.0,18.0,False,False,130.0,3.0,2.0,2.5,2.0,1.5,1.5,1.5,674.0,52.0,674.0,52.0,0.0,2.0,False,0,1.0,68.0,34.0,692.0,31.8,False,True,False,False,True,8,1.0,False,204,204.0,255.0,SPOKED,SPOKED,0,0.0,80.0,80.0,278.0,718.0,36.5,300.0,1.0
337,430.0,70.0,620.0,66.0,150.0,45.0,560.0,74.0,680.0,45.0,40.0,30.0,36.5,36.5,23.35,13.0,15.0,STEEL,35.0,40.0,40.0,330.0,350.0,16.0,18.0,False,False,135.0,3.0,2.0,2.5,2.0,1.5,1.5,1.5,674.0,52.0,674.0,52.0,1.0,2.0,False,0,1.0,68.0,34.0,692.0,31.8,False,False,False,False,True,11,1.0,False,60,179.0,113.0,SPOKED,SPOKED,0,0.0,80.0,80.0,278.0,718.0,36.5,300.0,1.0
338,425.0,70.0,600.0,73.0,140.0,45.0,550.0,73.0,670.0,45.0,40.0,30.0,36.5,36.5,23.35,13.0,15.0,STEEL,35.0,40.0,40.0,330.0,350.0,16.0,18.0,False,False,130.0,3.0,2.0,2.5,2.0,1.5,1.5,1.5,674.0,52.0,674.0,52.0,0.0,0.0,False,1,1.0,68.0,34.0,692.0,31.8,False,False,False,False,True,9,1.0,False,255,255.0,0.0,SPOKED,SPOKED,0,0.0,80.0,80.0,278.0,718.0,36.5,300.0,1.0
339,425.0,70.0,600.0,73.0,140.0,45.0,550.0,73.0,670.0,45.0,40.0,30.0,36.5,36.5,23.35,13.0,15.0,ALUMINIUM,35.0,40.0,40.0,330.0,350.0,16.0,18.0,False,False,130.0,3.0,2.0,2.5,2.0,1.5,1.5,1.5,674.0,52.0,674.0,52.0,0.0,2.0,False,0,1.0,68.0,34.0,692.0,31.8,False,False,False,False,True,11,2.0,False,0,0.0,0.0,SPOKED,SPOKED,0,0.0,80.0,80.0,278.0,718.0,36.5,300.0,1.0
340,430,70,600,73.0,140.0,45.0,560.0,74.0,710.0,47.0,40.0,31.8,31.8,23.35,23.35,15.0,9.0,ALUMINIUM,50,50.0,40.0,0.0,0.0,16.0,18.0,False,False,130,3.0,2.0,2.0,2.0,2.0,2.0,2.0,700.0,52.0,700.0,52.0,1.0,0.0,False,1,1.0,68.0,50.0,0.0,31.8,False,False,False,False,True,11,1.0,False,30,144.0,255.0,SPOKED,SPOKED,0,0.0,80.0,80.0,278.0,718,31.8,300.0,1.0
341,440,72,620,72.0,130.0,45.0,550.0,73.0,700.0,47.0,40.0,31.8,31.8,23.35,23.35,15.0,9.0,ALUMINIUM,45,45.0,35.0,0.0,0.0,16.0,18.0,False,False,130,3.0,2.0,2.0,2.0,2.0,2.0,2.0,700.0,52.0,700.0,52.0,0.0,0.0,False,1,1.0,68.0,50.0,0.0,31.8,False,False,False,False,True,8,1.0,False,150,75.0,0.0,DISC,SPOKED,0,0.0,80.0,80.0,278.0,718,31.8,300.0,1.0
342,430,70,610,74.0,150.0,45.0,580.0,74.0,720.0,47.0,40.0,31.8,31.8,23.35,23.35,15.0,9.0,STEEL,55,50.0,45.0,0.0,0.0,16.0,18.0,False,False,130,3.0,2.0,2.0,2.0,2.0,2.0,2.0,710.0,52.0,710.0,52.0,0.0,0.0,False,0,1.0,68.0,50.0,0.0,31.8,False,False,False,False,True,11,2.0,False,255,0.0,255.0,SPOKED,SPOKED,0,0.0,80.0,80.0,278.0,718,31.8,300.0,1.0
343,440,70,620,74.0,150.0,45.0,590.0,74.0,710.0,47.0,40.0,31.8,31.8,23.35,23.35,15.0,9.0,STEEL,55,55.0,45.0,0.0,0.0,16.0,18.0,False,False,130,3.0,2.0,2.0,2.0,2.0,2.0,2.0,700.0,52.0,700.0,52.0,1.0,0.0,False,0,1.0,68.0,50.0,0.0,31.8,False,False,False,False,True,11,2.0,False,120,81.0,169.0,SPOKED,SPOKED,0,0.0,80.0,80.0,278.0,718,31.8,300.0,1.0
344,450,72,600,73.0,140.0,45.0,550.0,74.0,700.0,47.0,40.0,31.8,31.8,23.35,23.35,15.0,9.0,BAMBOO,45,45.0,35.0,0.0,0.0,16.0,18.0,False,False,130,3.0,2.0,2.0,2.0,2.0,2.0,2.0,700.0,52.0,700.0,52.0,0.0,0.0,False,2,1.0,68.0,50.0,0.0,31.8,False,False,False,False,True,8,1.0,False,255,237.0,69.0,DISC,SPOKED,0,0.0,80.0,80.0,278.0,718,31.8,300.0,1.0
345,435,70,605,74.0,145.0,45.0,575.0,74.0,715.0,47.0,40.0,31.8,31.8,23.35,23.35,15.0,9.0,STEEL,50,50.0,40.0,0.0,0.0,16.0,18.0,False,False,130,3.0,2.0,2.0,2.0,2.0,2.0,2.0,710.0,52.0,710.0,52.0,0.0,0.0,False,0,1.0,68.0,50.0,0.0,31.8,False,False,False,False,True,11,2.0,False,173,216.0,230.0,SPOKED,SPOKED,0,0.0,80.0,80.0,278.0,718,31.8,300.0,1.0
346,420,70,595,73.0,135.0,45.0,560.0,74.0,705.0,47.0,40.0,31.8,31.8,23.35,23.35,15.0,9.0,STEEL,45,45.0,35.0,0.0,0.0,16.0,18.0,False,False,130,3.0,2.0,2.0,2.0,2.0,2.0,2.0,700.0,52.0,700.0,52.0,1.0,0.0,False,1,1.0,68.0,50.0,0.0,31.8,False,False,False,False,True,11,1.0,False,204,204.0,255.0,SPOKED,SPOKED,0,0.0,80.0,80.0,278.0,718,31.8,300.0,1.0
347,445,72,610,73.0,145.0,45.0,550.0,74.0,700.0,47.0,40.0,31.8,31.8,23.35,23.35,15.0,9.0,STEEL,45,45.0,35.0,0.0,0.0,16.0,18.0,False,False,130,3.0,2.0,2.0,2.0,2.0,2.0,2.0,700.0,52.0,700.0,52.0,0.0,0.0,False,1,1.0,68.0,50.0,0.0,31.8,False,False,False,False,True,8,1.0,False,214,138.0,89.0,DISC,SPOKED,0,0.0,80.0,80.0,278.0,718,31.8,300.0,1.0
348,430,70,615,74.0,150.0,45.0,580.0,74.0,715.0,47.0,40.0,31.8,31.8,23.35,23.35,15.0,9.0,STEEL,55,50.0,45.0,0.0,0.0,16.0,18.0,False,False,130,3.0,2.0,2.0,2.0,2.0,2.0,2.0,710.0,52.0,710.0,52.0,0.0,0.0,False,0,1.0,68.0,50.0,0.0,31.8,False,False,False,False,True,11,2.0,False,192,192.0,192.0,SPOKED,SPOKED,0,0.0,80.0,80.0,278.0,718,31.8,300.0,1.0
349,440,70,605,73.0,145.0,45.0,565.0,74.0,710.0,47.0,40.0,31.8,31.8,23.35,23.35,15.0,9.0,STEEL,45,45.0,35.0,0.0,0.0,16.0,18.0,False,False,130,3.0,2.0,2.0,2.0,2.0,2.0,2.0,700.0,52.0,700.0,52.0,1.0,0.0,False,1,1.0,68.0,50.0,0.0,31.8,False,True,False,False,True,11,1.0,False,0,0.0,139.0,SPOKED,SPOKED,0,0.0,80.0,80.0,278.0,718,31.8,300.0,1.0
350,430,70,630,73.0,155.0,45.0,540.0,73.0,655.0,47.0,40.0,30.0,38.0,24.0,22.0,13.0,15.0,STEEL,25,45.0,30.0,330.0,350.0,16.0,18.0,False,False,130,2.5,2.5,2.5,2.5,2.0,1.8,2.5,674.0,52.0,674.0,52.0,0.0,0.0,False,2,1.0,68.0,46.0,0.0,31.8,False,False,False,False,True,8,1.0,False,180,255.0,180.0,SPOKED,SPOKED,0,0.0,80.0,80.0,280.0,750,38,300.0,1.0
351,420,70,620,74.0,140.0,45.0,520.0,74.0,650.0,47.0,40.0,30.0,38.0,24.0,22.0,13.0,15.0,CARBON,25,45.0,30.0,330.0,350.0,16.0,18.0,False,False,130,3.0,3.0,3.0,3.0,2.5,2.5,3.0,674.0,52.0,674.0,52.0,0.0,1.0,False,0,3.0,68.0,46.0,0.0,31.8,True,True,False,False,True,11,2.0,False,0,0.0,255.0,SPOKED,SPOKED,0,0.0,80.0,80.0,280.0,740,38,300.0,1.0
352,440,65,640,69.0,160.0,45.0,550.0,72.5,660.0,45.0,40.0,30.0,38.0,24.0,22.0,13.0,15.0,STEEL,25,45.0,30.0,330.0,350.0,16.0,18.0,False,False,135,2.5,2.5,2.5,2.5,2.0,1.8,2.5,674.0,52.0,674.0,52.0,1.0,2.0,False,1,1.0,73.0,46.0,0.0,31.8,False,False,False,False,True,10,2.0,False,34,139.0,34.0,SPOKED,SPOKED,0,0.0,80.0,80.0,280.0,760,38,300.0,1.0
353,435,70,635,73.0,155.0,45.0,540.0,73.0,655.0,47.0,40.0,30.0,38.0,24.0,22.0,13.0,15.0,CARBON,25,45.0,30.0,330.0,350.0,16.0,18.0,False,False,130,3.0,3.0,3.0,3.0,2.5,2.5,3.0,674.0,52.0,674.0,52.0,0.0,0.0,False,2,3.0,68.0,46.0,0.0,31.8,False,False,False,False,True,8,1.0,False,255,0.0,0.0,SPOKED,SPOKED,0,0.0,80.0,80.0,280.0,750,38,300.0,1.0
354,420,70,620,74.0,140.0,45.0,520.0,74.0,650.0,47.0,40.0,30.0,38.0,24.0,22.0,13.0,15.0,STEEL,25,45.0,30.0,330.0,350.0,16.0,18.0,False,False,130,2.5,2.5,2.5,2.5,2.0,1.8,2.5,674.0,52.0,674.0,52.0,0.0,1.0,False,1,1.0,68.0,46.0,0.0,31.8,False,False,False,False,True,11,2.0,False,0,100.0,0.0,SPOKED,SPOKED,0,0.0,80.0,80.0,280.0,740,38,300.0,1.0
355,445,65,645,68.0,165.0,45.0,550.0,72.0,665.0,45.0,40.0,30.0,38.0,24.0,22.0,13.0,15.0,STEEL,25,45.0,30.0,330.0,350.0,16.0,18.0,False,False,135,2.5,2.5,2.5,2.5,2.0,1.8,2.5,674.0,52.0,674.0,52.0,1.0,2.0,False,1,1.0,73.0,46.0,0.0,31.8,False,False,False,False,True,10,2.0,False,65,105.0,225.0,SPOKED,SPOKED,0,0.0,80.0,80.0,280.0,760,38,300.0,1.0
356,430,70,630,73.0,155.0,45.0,540.0,73.0,655.0,47.0,40.0,30.0,38.0,24.0,22.0,13.0,15.0,TITANIUM,25,45.0,30.0,330.0,350.0,16.0,18.0,False,False,130,2.0,2.0,2.0,2.0,1.8,1.5,2.0,674.0,52.0,674.0,52.0,0.0,0.0,False,2,1.0,68.0,46.0,0.0,31.8,False,False,False,False,True,8,1.0,False,255,182.0,193.0,SPOKED,SPOKED,0,0.0,80.0,80.0,280.0,750,38,300.0,1.0
357,420,70,620,74.0,140.0,45.0,520.0,74.0,650.0,47.0,40.0,30.0,38.0,24.0,22.0,13.0,15.0,STEEL,25,45.0,30.0,330.0,350.0,16.0,18.0,False,False,130,2.5,2.5,2.5,2.5,2.0,1.8,2.5,674.0,52.0,674.0,52.0,0.0,1.0,False,0,1.0,68.0,46.0,0.0,31.8,False,False,False,False,True,11,2.0,False,0,100.0,0.0,SPOKED,SPOKED,0,0.0,80.0,80.0,280.0,740,38,300.0,1.0
358,440,65,640,69.0,160.0,45.0,550.0,72.5,660.0,45.0,40.0,30.0,38.0,24.0,22.0,13.0,15.0,STEEL,25,45.0,30.0,330.0,350.0,16.0,18.0,False,False,135,2.5,2.5,2.5,2.5,2.0,1.8,2.5,674.0,52.0,674.0,52.0,1.0,2.0,False,1,1.0,73.0,46.0,0.0,31.8,False,False,False,False,True,10,2.0,False,0,128.0,128.0,SPOKED,SPOKED,0,0.0,80.0,80.0,280.0,760,38,300.0,1.0
359,430,70,635,73.0,155.0,45.0,540.0,73.0,655.0,47.0,40.0,30.0,38.0,24.0,22.0,13.0,15.0,ALUMINIUM,25,45.0,30.0,330.0,350.0,16.0,18.0,False,False,130,3.0,2.5,3.0,3.0,2.5,2.5,2.5,674.0,52.0,674.0,52.0,0.0,0.0,False,2,1.0,68.0,46.0,0.0,31.8,False,True,False,False,True,8,1.0,False,200,200.0,255.0,SPOKED,SPOKED,0,0.0,80.0,80.0,280.0,750,38,300.0,1.0
360,425.0,66.0,550.0,73.0,120.0,45.0,540.0,73.0,650.0,47.0,40.0,28.0,36.0,23.0,23.0,15.0,9.0,CARBON,30.0,45.0,45.0,330.0,350.0,16.0,18.0,False,False,130.0,3.0,2.5,2.5,3.0,2.0,2.0,2.0,672.0,50.0,672.0,50.0,0.0,0.0,False,0,1.0,68.0,31.8,0.0,31.8,False,False,False,False,True,11,2.0,False,0,255.0,0.0,SPOKED,SPOKED,0,0.0,80.0,80.0,280.0,750.0,36.0,300.0,1.0
361,435.0,70.0,610.0,68.0,110.0,45.0,540.0,73.0,660.0,49.0,40.0,28.0,36.0,25.0,25.0,15.0,9.0,CARBON,28.0,46.0,50.0,330.0,350.0,16.0,18.0,False,False,135.0,3.0,3.0,3.0,3.5,2.5,2.5,3.0,676.0,54.0,676.0,54.0,1.0,1.0,False,1,2.0,68.0,34.0,0.0,34.0,False,True,False,False,True,11,1.0,False,200,200.0,255.0,SPOKED,SPOKED,0,0.0,80.0,80.0,280.0,760.0,36.0,320.0,1.0
362,430.0,60.0,590.0,73.0,140.0,45.0,510.0,73.0,650.0,47.0,40.0,28.0,36.0,23.0,23.0,15.0,9.0,ALUMINIUM,35.0,45.0,45.0,330.0,350.0,16.0,18.0,False,False,130.0,3.0,2.5,2.5,3.0,2.0,2.0,2.5,692.0,70.0,692.0,70.0,0.0,1.0,False,1,1.0,68.0,31.8,0.0,31.8,False,True,False,False,True,8,1.0,True,255,255.0,0.0,SPOKED,SPOKED,0,0.0,80.0,80.0,280.0,700.0,36.0,300.0,1.0
363,422.0,65.0,555.0,73.0,130.0,45.0,540.0,73.0,645.0,47.0,40.0,28.0,36.0,23.0,23.0,15.0,9.0,STEEL,28.0,45.0,45.0,330.0,350.0,16.0,18.0,False,False,130.0,3.0,2.5,2.5,3.0,2.0,2.0,2.5,672.0,50.0,672.0,50.0,0.0,0.0,False,1,1.0,68.0,31.8,0.0,31.8,False,False,False,False,True,8,1.0,False,0,128.0,0.0,SPOKED,SPOKED,0,0.0,80.0,80.0,280.0,740.0,36.0,300.0,1.0
364,438.0,70.0,620.0,68.0,115.0,45.0,540.0,72.0,670.0,49.0,40.0,28.0,36.0,23.0,23.0,15.0,9.0,CARBON,28.0,46.0,50.0,330.0,350.0,16.0,18.0,False,False,135.0,3.0,3.0,3.0,3.5,2.5,2.5,3.0,676.0,54.0,676.0,54.0,1.0,0.0,False,0,2.0,73.0,34.0,0.0,34.0,False,False,False,False,True,11,2.0,False,255,0.0,255.0,SPOKED,SPOKED,0,0.0,80.0,80.0,280.0,770.0,36.0,320.0,1.0
365,428.0,65.0,600.0,73.0,125.0,45.0,520.0,73.0,650.0,47.0,40.0,28.0,36.0,23.0,23.0,15.0,9.0,ALUMINIUM,28.0,45.0,45.0,330.0,350.0,16.0,18.0,False,False,130.0,3.0,2.5,2.5,3.0,2.0,2.0,2.5,692.0,70.0,692.0,70.0,0.0,0.0,False,0,1.0,68.0,31.8,0.0,31.8,False,False,False,False,True,9,2.0,False,173,216.0,230.0,SPOKED,SPOKED,0,0.0,80.0,80.0,280.0,700.0,36.0,300.0,1.0
366,420.0,66.0,560.0,73.0,120.0,45.0,540.0,73.0,650.0,47.0,40.0,28.0,36.0,23.0,23.0,15.0,9.0,STEEL,30.0,45.0,45.0,330.0,350.0,16.0,18.0,False,False,130.0,3.0,2.5,2.5,3.0,2.0,2.0,2.0,672.0,50.0,672.0,50.0,0.0,0.0,False,0,1.0,68.0,31.8,0.0,31.8,False,False,False,False,True,10,2.0,False,0,0.0,0.0,SPOKED,SPOKED,0,0.0,80.0,80.0,280.0,740.0,36.0,300.0,1.0
367,430.0,65.0,600.0,69.0,105.0,50.0,550.0,74.0,660.0,50.0,40.0,27.0,35.0,23.0,23.0,15.0,9.0,STEEL,32.0,48.0,55.0,330.0,350.0,16.0,18.0,False,False,135.0,3.0,3.0,3.0,3.5,2.5,2.5,3.0,676.0,54.0,676.0,54.0,1.0,0.0,False,0,0.0,68.0,32.0,0.0,32.0,False,False,False,False,True,10,2.0,False,15,15.0,15.0,SPOKED,SPOKED,0,0.0,80.0,80.0,280.0,780.0,35.0,330.0,1.0
368,430.0,30.0,590.0,73.0,130.0,45.0,520.0,73.0,650.0,47.0,40.0,28.0,36.0,23.0,23.0,15.0,9.0,BAMBOO,28.0,45.0,45.0,330.0,350.0,16.0,18.0,False,False,130.0,3.0,2.5,2.5,3.0,2.0,2.0,2.5,692.0,70.0,692.0,70.0,0.0,0.0,False,0,1.0,68.0,31.8,0.0,31.8,False,True,True,True,True,8,1.0,True,160,82.0,45.0,SPOKED,SPOKED,0,0.0,80.0,80.0,280.0,700.0,36.0,300.0,1.0
369,420.0,66.0,555.0,73.0,120.0,45.0,540.0,73.0,650.0,47.0,40.0,28.0,36.0,23.0,23.0,15.0,9.0,ALUMINIUM,30.0,45.0,45.0,330.0,350.0,16.0,18.0,False,False,130.0,3.0,2.5,2.5,3.0,2.0,2.0,2.0,672.0,50.0,672.0,50.0,0.0,2.0,False,2,1.0,68.0,31.8,0.0,31.8,False,False,False,False,True,9,1.0,False,173,216.0,230.0,SPOKED,SPOKED,0,0.0,80.0,80.0,280.0,740.0,36.0,300.0,1.0
372,450,35,520,64,140.0,45.0,575.0,74.0,757.0,55.0,40.0,28.6,36.5,27.35,21.5,15.0,9.0,TITANIUM,30.0,50.0,35.0,330.0,350.0,16.0,18.0,True,True,135.0,3.0,1.5,2.0,1.5,1.5,1.5,1.5,700.0,50.0,700.0,50.0,1.0,0.0,False,0.0,1.0,68.0,50.0,692.0,35.0,False,False,False,False,True,10.0,2.0,False,200.0,200.0,255.0,SPOKED,SPOKED,1.0,1.0,80.0,80.0,300.0,700.0,36.5,300.0,1.0
373,530,30,600,73,120.0,45.0,520.0,73.0,650.0,45.0,40.0,28.6,36.5,23.35,13.0,15.0,9.0,TITANIUM,35.0,50.0,40.0,330.0,350.0,16.0,18.0,False,False,130.0,3.0,1.5,2.0,1.5,1.5,1.5,1.5,700.0,50.0,700.0,50.0,0.0,2.0,False,1.0,1.0,68.0,45.0,692.0,30.0,False,False,True,True,False,1.0,1.0,True,100.0,100.0,100.0,SPOKED,SPOKED,0.0,0.0,80.0,80.0,250.0,750.0,36.5,300.0,1.0
374,430,65,620,73,140.0,45.0,540.0,74.0,650.0,47.0,40.0,25.4,36.5,23.35,13.0,15.0,9.0,STEEL,63.1,48.0,40.1,330.0,350.0,16.0,18.0,False,False,130.0,2.98,1.77,2.5,1.89,1.51,1.41,1.39,674.0,52.0,674.0,52.0,0.0,0.0,False,0.0,1.0,68.0,31.8,692.0,27.0,False,False,False,False,True,8.0,1.0,False,50.0,100.0,200.0,SPOKED,SPOKED,1.0,1.0,80.0,80.0,300.0,710.0,36.5,250.0,1.0
375,460,65,710,71,175.0,35.0,555.0,74.0,740.0,45.0,39.0,27.0,36.5,21.25,14.5,15.0,10.1,STEEL,36.3,46.2,56.2,330.0,350.0,16.0,18.0,False,False,142.0,5.47,8.52,4.2,0.92,4.12,2.7,4.7,736.0,114.0,736.0,114.0,1.0,1.0,False,1.0,1.0,68.0,46.3,692.0,28.6,False,False,True,True,True,9.0,1.0,False,150.0,200.0,255.0,SPOKED,SPOKED,1.0,1.0,80.0,80.0,265.0,830.0,36.5,300.0,2.0
376,410,65,640,73,190.0,45.0,600.0,73.0,660.0,45.0,40.0,33.6,36.5,23.35,13.0,15.0,9.0,STEEL,27.8,32.1,43.5,330.0,350.0,16.0,18.0,False,False,130.0,3.68,2.0,2.5,1.34,0.67,5.77,0.89,674.0,52.0,674.0,52.0,0.0,0.0,False,1.0,1.0,68.0,45.0,692.0,31.8,False,False,False,False,True,9.0,1.0,False,0.0,100.0,0.0,SPOKED,SPOKED,1.0,1.0,80.0,80.0,275.0,865.0,36.5,300.0,2.0
377,420,66,575,73,105.0,45.0,560.0,74.0,645.0,47.0,40.0,25.4,36.5,23.35,13.0,15.0,9.0,STEEL,63.1,48.0,40.1,330.0,350.0,16.0,18.0,False,False,130.0,2.98,1.77,2.5,1.89,1.51,1.41,1.39,674.0,52.0,674.0,52.0,0.0,0.0,False,1.0,1.0,68.0,31.8,692.0,26.8,False,True,False,False,True,8.0,1.0,False,0.0,127.0,255.0,SPOKED,SPOKED,1.0,1.0,80.0,80.0,278.0,718.0,26.8,250.0,1.0
378,430,55,600,66,120.0,45.0,550.0,73.0,650.0,45.0,40.0,28.6,36.5,23.35,13.0,15.0,9.0,STEEL,30.0,50.0,35.0,330.0,350.0,16.0,18.0,False,False,135.0,3.0,1.5,2.0,1.5,1.5,1.5,1.5,700.0,50.0,700.0,50.0,1.0,1.0,False,1.0,1.0,68.0,45.0,692.0,30.0,False,False,False,True,False,10.0,1.0,True,0.0,0.0,0.0,SPOKED,SPOKED,1.0,1.0,60.0,60.0,280.0,700.0,36.5,300.0,1.0
379,410,60,600,73,140.0,45.0,520.0,74.0,650.0,45.0,40.0,28.6,36.5,23.35,13.0,15.0,9.0,STEEL,34.0,49.0,50.0,330.0,350.0,16.0,18.0,False,False,130.0,1.16,0.74,0.31,0.27,0.29,0.3,0.23,674.0,52.0,674.0,52.0,0.0,2.0,False,0.0,1.0,68.0,45.0,692.0,31.8,False,False,False,False,True,8.0,1.0,False,255.0,100.0,0.0,SPOKED,SPOKED,1.0,1.0,80.0,80.0,278.0,718.0,36.5,300.0,2.0
380,425.0,66.0,600.0,72.0,140.0,45.0,550.0,73.0,680.0,45.0,40.0,28.6,36.5,23.35,23.35,13.0,15.0,STEEL,30.0,40.0,50.0,330.0,350.0,16.0,18.0,False,False,130.0,5.0,2.0,2.5,2.0,1.5,1.5,1.5,674.0,52.0,674.0,52.0,0.0,0.0,False,0,1.0,68.0,34.0,0.0,31.8,False,False,True,True,True,8,1.0,True,0,0.0,255.0,SPOKED,SPOKED,0,0.0,80.0,80.0,300.0,720.0,36.5,300.0,1.0
381,420.0,65.0,580.0,73.5,130.0,45.0,520.0,74.0,700.0,45.0,40.0,28.6,36.5,23.35,23.35,13.0,15.0,CARBON,25.0,35.0,50.0,330.0,350.0,16.0,18.0,False,False,130.0,5.0,2.0,2.5,2.0,1.5,1.5,1.5,674.0,25.0,674.0,25.0,0.0,0.0,False,1,1.0,68.0,54.0,0.0,31.8,False,True,False,False,True,11,2.0,False,0,0.0,0.0,SPOKED,SPOKED,0,0.0,80.0,80.0,280.0,720.0,36.5,300.0,1.0
382,430.0,65.0,620.0,74.0,140.0,45.0,550.0,73.0,690.0,50.0,40.0,28.6,36.5,23.35,23.35,13.0,15.0,STEEL,30.0,40.0,50.0,330.0,350.0,16.0,18.0,False,False,135.0,4.0,2.5,3.0,3.0,2.0,2.0,2.0,674.0,50.0,674.0,50.0,1.0,1.0,False,0,1.0,68.0,34.0,0.0,31.8,True,False,False,False,True,10,1.0,False,0,255.0,0.0,SPOKED,SPOKED,0,0.0,80.0,80.0,280.0,720.0,36.5,300.0,1.0
383,420.0,67.0,610.0,72.0,130.0,45.0,540.0,73.0,670.0,45.0,40.0,28.6,36.5,23.35,23.35,13.0,15.0,STEEL,30.0,40.0,50.0,330.0,350.0,16.0,18.0,False,False,130.0,5.0,2.0,2.5,2.0,1.5,1.5,1.5,674.0,52.0,674.0,52.0,0.0,0.0,False,2,1.0,68.0,34.0,0.0,31.8,False,False,True,True,True,8,1.0,True,255,128.0,128.0,SPOKED,SPOKED,0,0.0,80.0,80.0,300.0,720.0,36.5,300.0,1.0
384,415.0,64.0,575.0,74.0,120.0,45.0,530.0,74.0,700.0,45.0,40.0,28.6,36.5,23.35,23.35,13.0,15.0,CARBON,25.0,35.0,50.0,330.0,350.0,16.0,18.0,False,False,130.0,5.0,2.0,2.5,2.0,1.5,1.5,1.5,674.0,25.0,674.0,25.0,0.0,0.0,False,0,1.0,68.0,54.0,0.0,31.8,False,True,False,False,True,10,2.0,False,255,128.0,128.0,SPOKED,SPOKED,0,0.0,80.0,80.0,300.0,720.0,36.5,300.0,1.0
385,435.0,63.0,605.0,73.0,130.0,45.0,530.0,73.0,680.0,50.0,40.0,28.6,36.5,23.35,23.35,13.0,15.0,ALUMINIUM,28.0,38.0,50.0,330.0,350.0,16.0,18.0,False,False,135.0,4.0,2.0,2.5,3.0,1.5,1.5,1.5,674.0,50.0,674.0,50.0,1.0,1.0,False,1,1.0,68.0,34.0,0.0,31.8,False,False,False,False,True,9,1.0,False,200,200.0,200.0,SPOKED,SPOKED,0,0.0,80.0,80.0,300.0,720.0,36.5,300.0,1.0
386,420.0,66.0,595.0,72.0,140.0,45.0,545.0,73.0,675.0,45.0,40.0,28.6,36.5,23.35,23.35,13.0,15.0,STEEL,30.0,40.0,50.0,330.0,350.0,16.0,18.0,False,False,130.0,5.0,2.0,2.5,2.0,1.5,1.5,1.5,674.0,52.0,674.0,52.0,0.0,0.0,False,0,1.0,68.0,34.0,0.0,31.8,False,False,False,False,True,8,1.0,False,0,128.0,255.0,SPOKED,SPOKED,0,0.0,80.0,80.0,300.0,720.0,36.5,300.0,1.0
387,418.0,65.0,580.0,73.0,125.0,45.0,525.0,74.0,700.0,45.0,40.0,28.6,36.5,23.35,23.35,13.0,15.0,CARBON,25.0,35.0,50.0,330.0,350.0,16.0,18.0,False,False,130.0,5.0,2.0,2.5,2.0,1.5,1.5,1.5,674.0,25.0,674.0,25.0,0.0,0.0,False,0,1.0,68.0,54.0,0.0,31.8,False,True,False,False,True,11,2.0,False,255,0.0,0.0,TRISPOKE,SPOKED,1,0.0,80.0,80.0,300.0,720.0,36.5,300.0,1.0
388,440.0,62.0,600.0,73.0,140.0,45.0,550.0,73.0,700.0,50.0,40.0,28.6,36.5,23.35,23.35,13.0,15.0,TITANIUM,30.0,40.0,50.0,330.0,350.0,16.0,18.0,False,False,135.0,4.0,2.0,2.5,3.0,1.5,1.5,1.5,674.0,50.0,674.0,50.0,1.0,1.0,False,1,1.0,68.0,34.0,0.0,31.8,False,False,False,True,True,9,1.0,True,255,64.0,64.0,SPOKED,SPOKED,0,0.0,80.0,80.0,300.0,720.0,36.5,300.0,1.0
389,425.0,66.0,605.0,72.0,140.0,45.0,545.0,73.0,685.0,45.0,40.0,28.6,36.5,23.35,23.35,13.0,15.0,CARBON,30.0,40.0,50.0,330.0,350.0,16.0,18.0,False,False,130.0,5.0,2.0,2.5,2.0,1.5,1.5,1.5,674.0,52.0,674.0,52.0,0.0,2.0,True,2,3.0,68.0,54.0,0.0,31.8,False,False,False,False,True,11,2.0,False,64,64.0,192.0,DISC,DISC,0,0.0,80.0,80.0,300.0,720.0,36.5,300.0,0.0
390,430,70,595,73,140.0,45.0,545.0,73.0,660.0,47.0,40.0,30.0,36.0,23.0,23.0,15.0,9.0,CARBON,30,45.0,30.0,330.0,350.0,16.0,18.0,False,False,130,1.8,1.5,1.8,1.8,1.5,1.5,1.8,674.0,52.0,674.0,52.0,0.0,0.0,False,1,3.0,68.0,35.0,0.0,31.8,False,False,False,False,True,10,2.0,False,255,255.0,0.0,SPOKED,SPOKED,0,0.0,80.0,80.0,280.0,764,34.9,300.0,1.0
391,430,65,590,67,120.0,45.0,535.0,72.0,650.0,50.0,40.0,32.0,36.0,23.0,23.0,15.0,9.0,STEEL,30,45.0,30.0,330.0,350.0,16.0,18.0,False,False,135,3.0,3.0,3.0,3.0,3.0,3.0,3.0,674.0,52.0,674.0,52.0,1.0,1.0,False,1,1.0,73.0,50.0,0.0,31.8,False,False,False,False,True,8,1.0,True,0,71.0,171.0,SPOKED,SPOKED,0,0.0,80.0,80.0,275.0,755,34.9,300.0,1.0
392,430,70,610,73,140.0,45.0,550.0,74.0,670.0,50.0,40.0,32.0,36.0,23.0,23.0,15.0,9.0,STEEL,30,45.0,30.0,330.0,350.0,16.0,18.0,False,False,130,3.0,3.0,3.0,3.0,3.0,3.0,3.0,674.0,52.0,674.0,52.0,0.0,2.0,False,2,1.0,73.0,50.0,0.0,31.8,False,True,False,False,True,7,1.0,False,255,0.0,0.0,SPOKED,SPOKED,0,0.0,80.0,80.0,280.0,776,34.9,300.0,1.0
393,440,68,640,73,140.0,45.0,560.0,73.0,660.0,47.0,40.0,34.0,36.0,23.0,23.0,15.0,9.0,CARBON,25,45.0,30.0,330.0,350.0,16.0,18.0,False,False,130,1.8,1.5,1.8,1.8,1.5,1.5,1.8,674.0,52.0,674.0,52.0,0.0,2.0,True,0,3.0,68.0,35.0,0.0,31.8,False,True,False,False,True,11,2.0,False,255,255.0,0.0,SPOKED,SPOKED,0,0.0,80.0,80.0,280.0,742,34.9,300.0,0.0
394,430,66,590,67,125.0,45.0,540.0,72.0,655.0,50.0,40.0,32.0,36.0,23.0,23.0,15.0,9.0,CARBON,28,45.0,30.0,330.0,350.0,16.0,18.0,False,False,135,1.8,1.5,1.8,1.8,1.5,1.5,1.8,698.0,60.0,698.0,60.0,1.0,0.0,False,0,1.0,73.0,50.0,0.0,31.8,False,True,False,False,True,10,2.0,False,255,0.0,0.0,SPOKED,SPOKED,0,0.0,80.0,80.0,275.0,784,34.9,300.0,1.0
395,425,70,600,73,150.0,45.0,550.0,73.0,670.0,50.0,40.0,32.0,36.0,23.0,23.0,15.0,9.0,STEEL,30,45.0,30.0,330.0,350.0,16.0,18.0,False,False,130,3.0,3.0,3.0,3.0,3.0,3.0,3.0,674.0,52.0,674.0,52.0,0.0,1.0,False,1,1.0,73.0,50.0,0.0,31.8,False,False,False,False,True,7,1.0,False,255,100.0,150.0,SPOKED,SPOKED,0,0.0,80.0,80.0,280.0,740,34.9,300.0,1.0
396,445,68,620,73,130.0,45.0,560.0,73.0,660.0,47.0,40.0,34.0,36.0,23.0,23.0,15.0,9.0,CARBON,28,48.0,30.0,330.0,350.0,16.0,18.0,False,False,130,1.8,1.5,1.8,1.8,1.5,1.5,1.8,674.0,52.0,674.0,52.0,0.0,2.0,False,0,3.0,68.0,35.0,0.0,31.8,False,True,False,False,True,11,2.0,False,0,0.0,0.0,SPOKED,SPOKED,0,0.0,80.0,80.0,280.0,720,34.9,300.0,0.0
397,430,65,600,67,120.0,45.0,535.0,72.0,650.0,50.0,40.0,32.0,36.0,23.0,23.0,15.0,9.0,ALUMINIUM,28,45.0,30.0,330.0,350.0,16.0,18.0,False,False,135,2.5,2.5,2.5,2.5,2.5,2.5,2.5,698.0,60.0,698.0,60.0,1.0,1.0,False,1,1.0,73.0,50.0,0.0,31.8,False,True,False,False,True,8,1.0,False,255,255.0,255.0,SPOKED,SPOKED,0,0.0,80.0,80.0,280.0,731,34.9,300.0,1.0
398,425,70,590,73,150.0,45.0,550.0,73.0,670.0,50.0,40.0,32.0,36.0,23.0,23.0,15.0,9.0,STEEL,30,45.0,30.0,330.0,350.0,16.0,18.0,False,False,130,3.0,3.0,3.0,3.0,3.0,3.0,3.0,674.0,52.0,674.0,52.0,0.0,1.0,False,2,1.0,73.0,50.0,0.0,31.8,False,False,False,False,True,7,1.0,False,200,200.0,255.0,SPOKED,SPOKED,0,0.0,80.0,80.0,280.0,736,34.9,300.0,1.0
399,440,68,620,73,140.0,45.0,560.0,73.0,660.0,47.0,40.0,32.0,36.0,23.0,23.0,15.0,9.0,STEEL,28,48.0,30.0,330.0,350.0,16.0,18.0,False,False,130,3.0,3.0,3.0,3.0,3.0,3.0,3.0,674.0,52.0,674.0,52.0,0.0,2.0,False,0,1.0,73.0,50.0,0.0,31.8,False,False,False,False,True,8,1.0,False,64,224.0,208.0,SPOKED,SPOKED,0,0.0,80.0,80.0,280.0,800,34.9,300.0,1.0
400,430.0,68.0,630.0,73.0,125.0,45.0,550.0,74.0,650.0,45.0,40.0,30.0,36.5,23.5,23.5,15.0,9.0,CARBON,30.0,50.0,40.0,330.0,350.0,16.0,18.0,False,False,135.0,2.5,1.5,2.0,2.5,1.5,1.5,2.0,674.0,52.0,674.0,52.0,1.0,1.0,False,0,1.0,68.0,50.0,0.0,31.8,False,False,False,False,True,10,2.0,False,100,255.0,100.0,SPOKED,SPOKED,1,1.0,80.0,80.0,280.0,720.0,36.5,300.0,1.0
401,405.0,70.0,620.0,72.0,150.0,45.0,520.0,74.0,640.0,45.0,40.0,28.0,36.5,23.5,23.5,15.0,9.0,STEEL,35.0,50.0,45.0,330.0,350.0,16.0,18.0,False,False,130.0,3.0,2.0,2.0,2.5,1.5,1.5,2.0,674.0,52.0,674.0,52.0,0.0,0.0,False,2,1.0,68.0,45.0,0.0,31.8,False,False,False,False,True,8,1.0,False,255,0.0,0.0,SPOKED,SPOKED,1,1.0,80.0,80.0,280.0,710.0,36.5,300.0,1.0
402,430.0,65.0,580.0,74.0,130.0,45.0,540.0,75.0,660.0,45.0,40.0,30.0,36.5,23.5,23.5,15.0,9.0,STEEL,32.0,48.0,40.0,330.0,350.0,16.0,18.0,False,False,130.0,2.5,1.5,2.0,2.5,1.5,1.5,2.0,700.0,26.0,700.0,26.0,2.0,2.0,False,1,3.0,68.0,50.0,0.0,31.8,False,False,False,False,True,10,2.0,False,255,50.0,50.0,TRISPOKE,DISC,1,1.0,80.0,80.0,280.0,700.0,36.5,300.0,3.0
403,425.0,70.0,630.0,73.0,140.0,45.0,550.0,74.0,650.0,45.0,40.0,28.0,36.5,23.5,23.5,15.0,9.0,STEEL,32.0,50.0,40.0,330.0,350.0,16.0,18.0,False,False,135.0,3.0,1.5,2.0,2.5,1.5,1.5,2.0,674.0,52.0,674.0,52.0,1.0,1.0,False,2,1.0,68.0,46.0,0.0,31.8,False,False,False,False,True,10,1.0,False,200,200.0,255.0,SPOKED,SPOKED,1,1.0,80.0,80.0,280.0,720.0,36.5,300.0,1.0
404,410.0,68.0,615.0,72.0,135.0,45.0,530.0,74.0,640.0,45.0,40.0,30.0,36.5,23.5,23.5,15.0,9.0,TITANIUM,30.0,48.0,40.0,330.0,350.0,16.0,18.0,False,False,130.0,3.0,2.0,2.0,2.5,1.5,1.5,2.0,674.0,52.0,674.0,52.0,0.0,0.0,False,2,1.0,68.0,45.0,0.0,31.8,False,False,False,False,True,9,1.0,False,150,150.0,150.0,SPOKED,SPOKED,1,1.0,80.0,80.0,280.0,715.0,36.5,300.0,1.0
405,430.0,65.0,590.0,74.0,125.0,45.0,530.0,74.0,660.0,45.0,40.0,30.0,36.5,23.5,23.5,15.0,9.0,ALUMINIUM,32.0,48.0,40.0,330.0,350.0,16.0,18.0,False,False,130.0,2.5,1.5,2.0,2.5,1.5,1.5,2.0,700.0,26.0,700.0,26.0,2.0,2.0,False,0,0.0,68.0,50.0,0.0,31.8,False,False,False,False,True,10,2.0,False,200,200.0,200.0,TRISPOKE,TRISPOKE,1,1.0,80.0,80.0,280.0,700.0,36.5,300.0,1.0
406,450.0,70.0,640.0,72.0,140.0,45.0,560.0,74.0,660.0,45.0,40.0,30.0,36.5,23.5,23.5,15.0,9.0,CARBON,35.0,50.0,40.0,330.0,350.0,16.0,18.0,False,False,135.0,2.5,1.5,2.0,2.5,1.5,1.5,2.0,674.0,52.0,674.0,52.0,1.0,2.0,True,2,2.0,68.0,48.0,0.0,31.8,False,False,False,False,True,11,1.0,False,50,150.0,255.0,SPOKED,SPOKED,1,1.0,80.0,80.0,280.0,730.0,36.5,300.0,1.0
407,405.0,68.0,620.0,72.0,135.0,45.0,530.0,74.0,640.0,45.0,40.0,30.0,36.5,23.5,23.5,15.0,9.0,STEEL,30.0,48.0,40.0,330.0,350.0,16.0,18.0,False,False,130.0,3.0,2.0,2.0,2.5,1.5,1.5,2.0,674.0,52.0,674.0,52.0,0.0,1.0,False,1,1.0,68.0,45.0,0.0,31.8,False,False,False,False,True,8,1.0,False,0,255.0,255.0,SPOKED,SPOKED,1,1.0,80.0,80.0,280.0,715.0,36.5,300.0,1.0
408,420.0,65.0,585.0,74.0,130.0,45.0,540.0,75.0,660.0,45.0,40.0,30.0,36.5,23.5,23.5,15.0,9.0,STEEL,32.0,50.0,40.0,330.0,350.0,16.0,18.0,False,False,130.0,2.5,1.5,2.0,2.5,1.5,1.5,2.0,700.0,26.0,700.0,26.0,2.0,2.0,False,0,0.0,68.0,50.0,0.0,31.8,False,False,False,False,True,10,2.0,False,0,0.0,255.0,DISC,TRISPOKE,0,1.0,80.0,80.0,280.0,700.0,36.5,300.0,1.0
409,440.0,70.0,640.0,72.0,140.0,45.0,560.0,74.0,660.0,45.0,40.0,30.0,36.5,23.5,23.5,15.0,9.0,TITANIUM,35.0,50.0,40.0,330.0,350.0,16.0,18.0,False,False,135.0,2.5,1.5,2.0,2.5,1.5,1.5,2.0,674.0,52.0,674.0,52.0,1.0,1.0,False,2,1.0,68.0,48.0,0.0,31.8,False,False,False,False,True,11,1.0,False,200,200.0,255.0,SPOKED,SPOKED,1,1.0,80.0,80.0,280.0,730.0,36.5,300.0,1.0
410,420,50,630,73.0,130.0,45.0,540.0,74.0,650.0,45.0,45.0,28.0,36.5,36.0,23.35,13.0,15.0,STEEL,30,45.0,40.0,330.0,350.0,16.0,18.0,False,False,130,5.0,3.0,2.0,3.0,3.0,3.0,3.0,700.0,60.0,700.0,60.0,0.0,1.0,False,1,1.0,68.0,45.0,692.0,31.8,False,False,False,False,True,8,1.0,False,255,105.0,180.0,SPOKED,SPOKED,1,1.0,80.0,80.0,278.0,720,34.9,300.0,1.0
411,425,65,640,73.0,140.0,45.0,550.0,74.0,680.0,45.0,45.0,33.0,36.5,36.0,23.35,13.0,15.0,STEEL,32,48.0,42.0,330.0,350.0,16.0,18.0,False,False,130,5.0,3.5,2.5,3.0,3.0,3.5,3.5,700.0,60.0,700.0,60.0,0.0,1.0,False,0,1.0,68.0,45.0,692.0,31.8,False,False,False,False,True,8,1.0,False,230,230.0,250.0,SPOKED,SPOKED,1,1.0,80.0,80.0,278.0,730,34.9,300.0,1.0
412,410,35,620,68.0,110.0,45.0,530.0,72.0,620.0,45.0,45.0,30.0,36.5,36.0,23.35,13.0,15.0,STEEL,28,45.0,38.0,330.0,350.0,16.0,18.0,False,False,135,6.0,3.0,2.0,3.5,3.0,3.0,3.0,700.0,60.0,700.0,60.0,1.0,1.0,False,1,1.0,68.0,45.0,692.0,31.8,False,False,False,False,True,8,1.0,False,224,88.0,28.0,SPOKED,SPOKED,1,1.0,80.0,80.0,278.0,715,34.9,300.0,1.0
413,430,55,635,73.5,125.0,45.0,540.0,74.0,660.0,45.0,45.0,28.0,36.5,36.0,23.35,13.0,15.0,STEEL,33,42.0,40.0,330.0,350.0,16.0,18.0,False,False,130,5.5,3.2,2.2,3.1,3.2,3.1,3.1,700.0,60.0,700.0,60.0,0.0,1.0,False,2,1.0,68.0,45.0,692.0,31.8,False,False,False,False,True,8,1.0,False,255,255.0,0.0,SPOKED,SPOKED,1,1.0,80.0,80.0,278.0,725,34.9,300.0,1.0
414,425,65,645,73.0,135.0,45.0,550.0,74.0,690.0,45.0,45.0,33.0,36.5,36.0,23.35,13.0,15.0,STEEL,31,47.0,43.0,330.0,350.0,16.0,18.0,False,False,130,5.0,3.5,2.5,3.2,3.0,3.2,3.3,700.0,60.0,700.0,60.0,0.0,1.0,False,1,1.0,68.0,45.0,692.0,31.8,False,False,False,False,True,8,1.0,False,0,0.0,0.0,SPOKED,SPOKED,1,1.0,80.0,80.0,278.0,740,34.9,300.0,1.0
415,405,35,610,68.0,115.0,45.0,525.0,73.0,625.0,45.0,45.0,30.0,36.5,36.0,23.35,13.0,15.0,STEEL,29,44.0,39.0,330.0,350.0,16.0,18.0,False,False,135,6.0,3.0,2.0,3.5,3.0,3.0,3.0,700.0,60.0,700.0,60.0,1.0,1.0,False,0,1.0,68.0,45.0,692.0,31.8,False,True,False,False,True,8,1.0,False,255,255.0,255.0,TRISPOKE,DISC,1,0.0,80.0,80.0,278.0,705,34.9,300.0,1.0
416,430,60,625,73.0,132.0,45.0,545.0,74.0,650.0,45.0,45.0,33.0,36.5,36.0,23.35,13.0,15.0,CARBON,32,46.0,41.0,330.0,350.0,16.0,18.0,False,False,130,5.0,3.3,2.3,3.3,3.3,3.3,3.3,700.0,60.0,700.0,60.0,0.0,1.0,False,0,0.0,68.0,45.0,692.0,31.8,False,False,False,False,True,8,1.0,False,255,255.0,255.0,SPOKED,SPOKED,1,1.0,80.0,80.0,278.0,718,34.9,300.0,1.0
417,425,65,640,73.0,138.0,45.0,550.0,74.0,680.0,45.0,45.0,33.0,36.5,36.0,23.35,13.0,15.0,STEEL,34,48.0,42.0,330.0,350.0,16.0,18.0,False,False,130,5.0,3.0,2.0,3.0,3.0,3.0,3.0,700.0,60.0,700.0,60.0,0.0,1.0,False,0,1.0,68.0,45.0,692.0,31.8,False,False,False,False,True,8,1.0,False,76,187.0,23.0,SPOKED,SPOKED,1,1.0,80.0,80.0,278.0,730,34.9,300.0,1.0
418,415,35,615,68.0,115.0,45.0,535.0,73.0,630.0,45.0,45.0,30.0,36.5,36.0,23.35,13.0,15.0,STEEL,29,44.0,39.0,330.0,350.0,16.0,18.0,False,False,135,6.0,3.0,2.5,3.0,3.0,3.0,3.5,700.0,60.0,700.0,60.0,1.0,1.0,False,0,1.0,68.0,45.0,692.0,31.8,False,False,False,False,True,8,1.0,False,173,216.0,230.0,SPOKED,SPOKED,1,1.0,80.0,80.0,278.0,725,34.9,300.0,1.0
419,430,50,630,73.0,125.0,45.0,540.0,74.0,655.0,45.0,45.0,28.0,36.5,36.0,23.35,13.0,15.0,STEEL,30,45.0,40.0,330.0,350.0,16.0,18.0,False,False,130,5.0,3.0,2.0,3.0,3.0,3.0,3.0,700.0,60.0,700.0,60.0,1.0,1.0,False,1,1.0,68.0,45.0,692.0,31.8,False,False,False,False,True,8,1.0,False,128,128.0,128.0,SPOKED,SPOKED,1,1.0,80.0,80.0,278.0,720,34.9,300.0,1.0
421,430.0,70.0,600.0,73.0,110.0,45.0,550.0,73.0,700.0,45.0,40.0,520.0,36.5,25.4,23.35,15.0,15.0,STEEL,30.0,50.0,40.0,0.0,0.0,0.0,0.0,False,False,130.0,2.5,1.5,2.0,2.5,1.5,1.5,1.8,674.0,52.0,674.0,52.0,0.0,0.0,False,1.0,0.0,68.0,31.8,0.0,31.8,False,False,False,False,True,11.0,2.0,False,255.0,0.0,0.0,SPOKED,SPOKED,0.0,0.0,80.0,80.0,280.0,720.0,26.8,300.0,1.0
422,435.0,60.0,650.0,67.0,95.0,45.0,580.0,73.0,690.0,45.0,40.0,520.0,36.5,25.4,23.35,15.0,15.0,CARBON,25.0,45.0,35.0,0.0,0.0,0.0,0.0,False,False,135.0,2.0,1.5,2.0,2.5,1.5,1.5,1.8,744.0,25.0,744.0,25.0,1.0,1.0,False,1.0,1.0,68.0,31.8,0.0,31.8,False,True,False,False,True,12.0,1.0,False,0.0,0.0,0.0,SPOKED,DISC,0.0,0.0,80.0,80.0,300.0,720.0,26.8,300.0,1.0
423,425.0,65.0,600.0,73.0,100.0,45.0,550.0,73.0,700.0,45.0,40.0,520.0,36.5,25.4,23.35,15.0,15.0,CARBON,30.0,50.0,35.0,0.0,0.0,0.0,0.0,False,False,130.0,2.0,1.5,1.5,2.5,1.5,1.5,1.8,700.0,20.0,700.0,20.0,0.0,2.0,False,2.0,0.0,68.0,35.0,694.0,50.0,True,True,False,False,True,8.0,2.0,False,255.0,255.0,255.0,TRISPOKE,TRISPOKE,1.0,1.0,90.0,90.0,300.0,700.0,30.0,300.0,0.0
424,440.0,70.0,605.0,73.0,115.0,45.0,555.0,73.0,705.0,45.0,40.0,525.0,36.5,25.4,23.35,15.0,15.0,STEEL,30.0,50.0,40.0,0.0,0.0,0.0,0.0,False,False,130.0,2.5,1.5,2.0,2.5,1.5,1.5,1.8,674.0,52.0,674.0,52.0,0.0,0.0,False,0.0,0.0,68.0,31.8,0.0,31.8,True,True,False,False,True,11.0,2.0,False,255.0,255.0,255.0,SPOKED,SPOKED,0.0,0.0,80.0,80.0,280.0,720.0,26.8,300.0,1.0
425,430.0,60.0,640.0,66.0,95.0,45.0,580.0,73.0,680.0,45.0,40.0,530.0,36.5,25.4,23.35,15.0,15.0,CARBON,28.0,48.0,35.0,0.0,0.0,0.0,0.0,False,False,135.0,2.0,1.5,2.0,2.5,1.5,1.5,1.8,744.0,25.0,744.0,25.0,0.0,2.0,False,2.0,0.0,68.0,35.0,0.0,31.8,True,True,False,False,True,12.0,1.0,False,255.0,0.0,0.0,SPOKED,SPOKED,0.0,0.0,80.0,80.0,300.0,300.0,26.8,300.0,1.0
426,420.0,70.0,590.0,73.0,105.0,45.0,550.0,73.0,690.0,45.0,40.0,520.0,36.5,25.4,23.35,15.0,15.0,STEEL,30.0,50.0,40.0,0.0,0.0,0.0,0.0,False,False,130.0,2.5,1.5,2.0,2.5,1.5,1.5,1.8,674.0,52.0,674.0,52.0,0.0,1.0,False,1.0,1.0,68.0,31.8,0.0,31.8,False,False,False,False,True,10.0,2.0,False,0.0,255.0,255.0,SPOKED,SPOKED,0.0,0.0,80.0,80.0,280.0,300.0,26.8,300.0,1.0
427,425.0,68.0,580.0,74.0,112.0,45.0,545.0,74.0,695.0,45.0,40.0,525.0,36.5,25.4,23.35,15.0,15.0,STEEL,28.0,48.0,40.0,0.0,0.0,0.0,0.0,False,False,130.0,2.5,1.5,2.0,2.5,1.5,1.5,1.8,674.0,52.0,674.0,52.0,0.0,0.0,False,0.0,0.0,68.0,31.8,0.0,31.8,False,False,False,False,True,11.0,2.0,False,20.0,20.0,20.0,SPOKED,SPOKED,0.0,0.0,80.0,80.0,280.0,300.0,26.8,300.0,1.0
428,438.0,60.0,660.0,66.0,98.0,45.0,580.0,73.0,690.0,45.0,40.0,530.0,36.5,25.4,23.35,15.0,15.0,CARBON,27.0,48.0,35.0,0.0,0.0,0.0,0.0,False,False,135.0,2.0,1.5,2.0,2.5,1.5,1.5,1.8,744.0,25.0,744.0,25.0,1.0,1.0,False,1.0,1.0,68.0,31.8,0.0,31.8,False,False,False,False,True,12.0,1.0,False,255.0,0.0,255.0,SPOKED,SPOKED,0.0,0.0,80.0,80.0,300.0,300.0,26.8,300.0,1.0
429,430.0,70.0,600.0,73.0,105.0,45.0,550.0,73.0,700.0,45.0,40.0,520.0,36.5,25.4,23.35,15.0,15.0,STEEL,30.0,50.0,40.0,0.0,0.0,0.0,0.0,False,False,130.0,2.5,1.5,2.0,2.5,1.5,1.5,1.8,674.0,52.0,674.0,52.0,0.0,2.0,False,2.0,1.0,68.0,31.8,0.0,31.8,False,False,False,False,True,10.0,1.0,False,80.0,80.0,80.0,SPOKED,SPOKED,0.0,0.0,80.0,80.0,280.0,300.0,26.8,300.0,1.0
430,420,65,580,67,120.0,45.0,555.0,73.0,650.0,45.0,40.0,28.0,36.5,23.35,27.0,15.0,9.0,ALUMINIUM,25,50.0,30.0,0.0,0.0,0.0,0.0,False,False,135,2.5,1.8,2.2,2.0,1.7,1.8,1.9,674.0,52.0,674.0,52.0,1.0,0.0,False,1,1.0,68.0,31.8,0.0,31.8,False,True,False,False,True,10,1.0,False,204,204.0,255.0,SPOKED,SPOKED,0,0.0,80.0,80.0,280.0,700,26.8,300.0,1.0
431,420,65,615,73,100.0,45.0,540.0,73.0,640.0,45.0,40.0,28.0,36.5,23.35,27.0,15.0,9.0,ALUMINIUM,25,50.0,30.0,0.0,0.0,0.0,0.0,False,False,135,2.5,1.8,2.2,2.0,1.7,1.8,1.9,674.0,52.0,674.0,52.0,0.0,0.0,False,1,1.0,68.0,31.8,0.0,31.8,False,False,False,False,True,8,1.0,False,0,0.0,0.0,SPOKED,SPOKED,0,0.0,80.0,80.0,280.0,700,26.8,300.0,1.0
432,405,75,580,73,90.0,45.0,560.0,74.0,640.0,45.0,40.0,28.0,36.5,23.35,27.0,15.0,9.0,ALUMINIUM,20,55.0,25.0,0.0,0.0,0.0,0.0,False,False,130,2.5,1.8,2.0,1.9,1.7,1.8,1.9,674.0,52.0,674.0,52.0,0.0,0.0,False,1,1.0,68.0,31.8,0.0,31.8,False,False,False,False,True,10,2.0,False,128,0.0,128.0,SPOKED,SPOKED,0,0.0,80.0,80.0,280.0,700,26.8,300.0,1.0
433,435,60,630,65,140.0,45.0,550.0,73.0,620.0,50.0,40.0,28.0,36.5,23.35,27.0,15.0,9.0,STEEL,25,50.0,30.0,0.0,0.0,0.0,0.0,False,False,135,3.0,2.0,3.0,2.5,2.0,2.0,2.0,674.0,52.0,674.0,52.0,1.0,0.0,False,1,1.0,68.0,31.8,0.0,31.8,False,False,False,False,True,9,1.0,False,112,128.0,144.0,SPOKED,SPOKED,0,0.0,80.0,80.0,285.0,720,26.8,300.0,1.0
434,420,65,615,73,100.0,45.0,540.0,73.0,640.0,45.0,40.0,28.0,36.5,23.35,27.0,15.0,9.0,ALUMINIUM,25,50.0,30.0,0.0,0.0,0.0,0.0,False,False,135,2.5,1.8,2.2,2.0,1.7,1.8,1.9,674.0,52.0,674.0,52.0,0.0,0.0,False,2,1.0,68.0,31.8,0.0,31.8,False,False,False,False,True,8,1.0,False,204,204.0,255.0,TRISPOKE,DISC,1,0.0,80.0,0.0,280.0,700,26.8,300.0,1.0
435,405,75,555,74,100.0,45.0,550.0,74.0,620.0,45.0,40.0,28.0,36.5,23.35,27.0,15.0,9.0,ALUMINIUM,20,50.0,30.0,0.0,0.0,0.0,0.0,False,False,130,2.5,1.8,2.0,1.9,1.7,1.8,1.9,674.0,52.0,674.0,52.0,0.0,0.0,False,1,1.0,68.0,31.8,0.0,31.8,False,False,False,False,True,10,2.0,False,255,0.0,0.0,SPOKED,SPOKED,0,0.0,80.0,80.0,280.0,700,26.8,300.0,1.0
436,430,60,620,65,150.0,45.0,560.0,73.0,620.0,50.0,40.0,28.0,36.5,23.35,27.0,15.0,9.0,STEEL,30,50.0,30.0,0.0,0.0,0.0,0.0,False,False,135,3.0,2.0,3.0,2.5,2.0,2.0,2.0,674.0,52.0,674.0,52.0,1.0,0.0,False,1,1.0,68.0,31.8,0.0,31.8,False,False,False,False,True,9,1.0,False,128,0.0,128.0,SPOKED,SPOKED,0,0.0,80.0,80.0,285.0,720,26.8,300.0,1.0
437,420,65,615,73,120.0,45.0,540.0,73.0,640.0,45.0,40.0,28.0,36.5,23.35,27.0,15.0,9.0,STEEL,25,50.0,30.0,0.0,0.0,0.0,0.0,False,False,135,3.0,2.0,3.0,2.5,2.0,2.0,2.0,674.0,52.0,674.0,52.0,0.0,0.0,False,1,1.0,68.0,31.8,0.0,31.8,False,False,False,False,True,8,1.0,False,204,204.0,255.0,SPOKED,SPOKED,0,0.0,80.0,80.0,280.0,720,26.8,300.0,1.0
438,405,75,555,73,100.0,45.0,550.0,74.0,620.0,45.0,40.0,28.0,36.5,23.35,27.0,15.0,9.0,STEEL,20,50.0,30.0,0.0,0.0,0.0,0.0,False,False,130,3.0,2.0,2.0,1.9,1.7,2.0,1.8,674.0,52.0,674.0,52.0,0.0,0.0,False,1,1.0,68.0,31.8,0.0,31.8,False,False,False,False,True,10,2.0,False,0,0.0,139.0,SPOKED,SPOKED,0,0.0,80.0,80.0,280.0,720,26.8,300.0,1.0
439,430,60,620,65,120.0,45.0,560.0,73.0,620.0,50.0,40.0,28.0,36.5,23.35,27.0,15.0,9.0,STEEL,30,50.0,30.0,0.0,0.0,0.0,0.0,False,False,135,3.0,2.0,3.0,2.5,2.0,2.0,2.0,674.0,52.0,674.0,52.0,1.0,0.0,False,0,1.0,68.0,31.8,0.0,31.8,False,False,False,False,True,9,1.0,False,255,0.0,0.0,SPOKED,SPOKED,0,0.0,80.0,80.0,285.0,720,26.8,300.0,1.0
440,420.0,65.0,600.0,73.0,120.0,50.0,550.0,73.0,660.0,45.0,40.0,28.0,36.5,23.35,23.35,15.0,9.0,ALUMINIUM,60.0,50.0,45.0,330.0,350.0,16.0,18.0,False,False,130.0,3.0,2.0,2.5,2.0,1.5,1.4,1.4,674.0,52.0,674.0,52.0,0.0,1.0,False,1,1.0,68.0,31.8,0.0,32.0,False,False,True,True,False,8,1.0,False,0,0.0,0.0,SPOKED,SPOKED,1,1.0,80.0,80.0,280.0,720.0,26.8,300.0,1.0
441,410.0,72.0,580.0,74.0,140.0,45.0,520.0,74.0,650.0,48.0,40.0,28.6,37.0,23.35,23.35,15.0,9.0,CARBON,30.0,50.0,30.0,330.0,350.0,16.0,18.0,False,False,130.0,1.8,1.5,1.5,2.5,2.0,2.0,2.0,744.0,122.0,744.0,122.0,0.0,0.0,False,0,3.0,70.0,53.0,0.0,35.0,False,True,False,False,True,11,2.0,False,255,64.0,64.0,SPOKED,TRISPOKE,1,2.0,80.0,80.0,275.0,800.0,30.0,300.0,0.0
442,430.0,60.0,620.0,65.0,100.0,50.0,580.0,75.0,680.0,45.0,40.0,28.6,36.5,23.35,23.35,15.0,9.0,CARBON,40.0,40.0,40.0,330.0,350.0,16.0,18.0,False,False,135.0,2.0,1.8,1.8,2.2,2.0,2.0,2.0,674.0,52.0,674.0,52.0,1.0,1.0,False,1,1.0,68.0,45.0,0.0,32.0,False,False,False,False,True,12,1.0,False,255,255.0,255.0,SPOKED,SPOKED,1,1.0,80.0,80.0,290.0,780.0,34.9,320.0,2.0
443,415.0,66.0,605.0,73.0,118.0,50.0,552.0,73.0,662.0,45.0,40.0,27.8,36.5,23.35,23.35,15.0,9.0,ALUMINIUM,59.0,51.0,42.0,330.0,350.0,16.0,18.0,False,False,130.0,3.2,2.1,2.5,1.9,1.5,1.4,1.4,674.0,52.0,674.0,52.0,0.0,1.0,False,1,1.0,68.0,31.8,0.0,32.0,False,False,True,True,False,9,1.0,True,128,128.0,128.0,SPOKED,SPOKED,1,1.0,80.0,78.0,285.0,715.0,26.8,290.0,1.0
444,405.0,70.0,580.0,75.0,130.0,45.0,530.0,75.0,650.0,48.0,40.0,28.6,37.0,23.35,23.35,15.0,9.0,CARBON,35.0,45.0,30.0,330.0,350.0,16.0,18.0,False,False,130.0,1.8,1.5,1.5,2.3,2.0,2.0,2.0,744.0,122.0,744.0,122.0,0.0,0.0,False,0,0.0,70.0,53.0,0.0,35.0,False,False,False,False,True,11,2.0,False,128,0.0,128.0,SPOKED,SPOKED,1,1.0,80.0,80.0,270.0,780.0,30.0,310.0,0.0
445,435.0,62.0,630.0,67.0,105.0,50.0,560.0,75.0,680.0,45.0,40.0,28.6,36.5,23.35,23.35,15.0,9.0,CARBON,42.0,38.0,40.0,330.0,350.0,16.0,18.0,False,False,135.0,2.0,1.8,1.8,2.2,2.0,2.0,2.0,744.0,122.0,744.0,122.0,1.0,1.0,False,1,1.0,68.0,45.0,0.0,32.0,False,False,False,False,False,12,1.0,False,255,165.0,0.0,TRISPOKE,SPOKED,2,1.0,80.0,80.0,295.0,800.0,34.9,330.0,2.0
446,425.0,65.0,610.0,74.0,118.0,50.0,555.0,73.0,658.0,44.0,40.0,28.2,36.5,23.35,23.35,15.0,9.0,ALUMINIUM,60.0,52.0,43.0,330.0,350.0,16.0,18.0,False,False,130.0,3.0,2.0,2.5,2.0,1.5,1.4,1.4,674.0,52.0,674.0,52.0,0.0,1.0,False,1,1.0,68.0,31.8,0.0,32.0,False,False,False,False,False,9,1.0,True,255,165.0,0.0,SPOKED,SPOKED,1,1.0,80.0,80.0,282.0,710.0,26.8,305.0,1.0
447,405.0,72.0,570.0,75.0,135.0,45.0,520.0,75.0,640.0,48.0,40.0,28.6,37.0,23.35,23.35,15.0,9.0,CARBON,32.0,48.0,32.0,330.0,350.0,16.0,18.0,False,False,130.0,1.8,1.5,1.5,2.3,2.0,2.0,2.0,744.0,122.0,744.0,122.0,0.0,0.0,False,0,0.0,70.0,53.0,0.0,35.0,False,False,False,False,True,11,2.0,False,255,64.0,64.0,SPOKED,SPOKED,1,1.0,80.0,80.0,260.0,760.0,30.0,320.0,0.0
448,440.0,67.0,610.0,67.0,110.0,55.0,540.0,74.0,670.0,45.0,40.0,28.0,36.5,23.35,23.35,15.0,9.0,STEEL,50.0,50.0,45.0,330.0,350.0,16.0,18.0,False,False,135.0,3.0,2.1,2.5,2.1,1.5,1.4,1.4,674.0,52.0,674.0,52.0,1.0,1.0,False,1,1.0,68.0,45.0,0.0,32.0,False,False,False,False,True,9,1.0,False,112,128.0,144.0,SPOKED,SPOKED,1,1.0,80.0,80.0,290.0,770.0,26.8,310.0,2.0
449,430.0,64.0,595.0,73.5,122.0,50.0,545.0,74.0,665.0,45.0,40.0,28.0,36.5,23.35,23.35,15.0,9.0,STEEL,61.0,49.0,45.0,330.0,350.0,16.0,18.0,False,False,130.0,3.1,2.0,2.5,2.0,1.5,1.4,1.4,674.0,52.0,674.0,52.0,0.0,0.0,False,0,3.0,68.0,31.8,0.0,32.0,False,False,True,False,False,7,1.0,False,0,128.0,128.0,SPOKED,SPOKED,1,1.0,80.0,80.0,280.0,720.0,26.8,300.0,1.0
450,430.0,70.0,580.0,73.0,150.0,45.0,535.0,74.0,650.0,45.0,45.0,30.0,36.5,23.35,13.0,15.0,9.0,STEEL,60.0,48.0,40.0,330.0,350.0,16.0,18.0,False,False,130.0,3.0,2.0,2.0,2.0,2.0,2.0,2.0,700.0,52.0,700.0,52.0,0.0,0.0,False,0,1.0,68.0,32.0,0.0,26.8,False,False,False,False,True,9,2.0,False,255,0.0,0.0,SPOKED,SPOKED,0,0.0,80.0,80.0,278.0,720.0,26.8,300.0,1.0
451,435.0,68.0,620.0,66.0,130.0,45.0,550.0,75.0,680.0,45.0,45.0,30.0,36.5,23.35,13.0,15.0,9.0,STEEL,55.0,48.0,40.0,330.0,350.0,16.0,18.0,False,False,135.0,3.0,2.0,2.0,2.0,2.0,2.0,2.0,700.0,52.0,700.0,52.0,1.0,1.0,False,1,1.0,68.0,33.0,0.0,26.8,False,False,False,False,True,10,1.0,False,0,255.0,0.0,SPOKED,SPOKED,0,0.0,80.0,80.0,278.0,730.0,26.8,300.0,1.0
452,440.0,70.0,610.0,71.0,140.0,45.0,580.0,73.0,660.0,45.0,45.0,30.0,36.5,23.35,13.0,15.0,9.0,STEEL,58.0,48.0,40.0,330.0,350.0,16.0,18.0,False,False,130.0,3.0,2.0,2.0,2.0,2.0,2.0,2.0,700.0,52.0,700.0,52.0,0.0,2.0,False,1,1.0,68.0,32.0,0.0,26.8,False,False,False,False,True,7,1.0,False,0,0.0,0.0,SPOKED,SPOKED,0,0.0,80.0,80.0,278.0,725.0,26.8,300.0,1.0
453,425.0,70.0,560.0,73.0,155.0,45.0,590.0,74.0,640.0,45.0,45.0,30.0,36.5,23.35,13.0,15.0,9.0,STEEL,62.0,48.0,40.0,330.0,350.0,16.0,18.0,False,False,130.0,3.0,2.0,2.0,2.0,2.0,2.0,2.0,700.0,52.0,700.0,52.0,0.0,0.0,False,0,1.0,68.0,34.0,0.0,26.8,False,True,False,False,True,11,2.0,False,204,153.0,255.0,SPOKED,SPOKED,0,0.0,80.0,80.0,278.0,735.0,26.8,300.0,1.0
454,440.0,70.0,630.0,66.0,125.0,45.0,540.0,75.0,690.0,45.0,45.0,30.0,36.5,23.35,13.0,15.0,9.0,STEEL,53.0,48.0,40.0,330.0,350.0,16.0,18.0,False,False,135.0,3.0,2.0,2.0,2.0,2.0,2.0,2.0,700.0,52.0,700.0,52.0,1.0,1.0,False,1,1.0,68.0,33.0,0.0,26.8,False,False,False,False,True,10,1.0,False,255,165.0,0.0,SPOKED,SPOKED,0,0.0,80.0,80.0,278.0,740.0,26.8,300.0,1.0
455,430.0,70.0,600.0,71.0,145.0,45.0,545.0,73.0,670.0,45.0,45.0,30.0,36.5,23.35,13.0,15.0,9.0,STEEL,57.0,48.0,40.0,330.0,350.0,16.0,18.0,False,False,130.0,3.0,2.0,2.0,2.0,2.0,2.0,2.0,700.0,52.0,700.0,52.0,0.0,2.0,False,2,1.0,68.0,32.0,0.0,26.8,False,False,False,False,True,8,1.0,False,0,128.0,128.0,SPOKED,SPOKED,0,0.0,80.0,80.0,278.0,730.0,26.8,300.0,1.0
456,435.0,70.0,590.0,73.0,150.0,45.0,565.0,74.0,655.0,45.0,45.0,30.0,36.5,23.35,13.0,15.0,9.0,STEEL,60.0,48.0,40.0,330.0,350.0,16.0,18.0,False,False,130.0,3.0,2.0,2.0,2.0,2.0,2.0,2.0,700.0,52.0,700.0,52.0,0.0,0.0,False,0,1.0,68.0,32.0,0.0,26.8,False,False,False,False,True,9,2.0,False,0,0.0,0.0,SPOKED,SPOKED,0,0.0,80.0,80.0,278.0,715.0,26.8,300.0,1.0
457,445.0,68.0,640.0,65.0,120.0,45.0,520.0,75.0,700.0,45.0,45.0,30.0,36.5,23.35,13.0,15.0,9.0,STEEL,52.0,48.0,40.0,330.0,350.0,16.0,18.0,False,False,135.0,3.0,2.0,2.0,2.0,2.0,2.0,2.0,700.0,52.0,700.0,52.0,1.0,1.0,False,1,1.0,68.0,33.0,0.0,26.8,False,False,False,False,True,10,1.0,False,128,0.0,32.0,SPOKED,TRISPOKE,0,1.0,80.0,80.0,278.0,745.0,26.8,300.0,1.0
458,430.0,70.0,605.0,71.0,140.0,45.0,545.0,73.0,665.0,45.0,45.0,30.0,36.5,23.35,13.0,15.0,9.0,STEEL,59.0,48.0,40.0,330.0,350.0,16.0,18.0,False,False,130.0,3.0,2.0,2.0,2.0,2.0,2.0,2.0,700.0,52.0,700.0,52.0,0.0,2.0,False,0,1.0,68.0,32.0,0.0,26.8,False,False,False,False,True,7,1.0,False,192,192.0,192.0,SPOKED,SPOKED,0,0.0,80.0,80.0,278.0,725.0,26.8,300.0,1.0
459,425.0,70.0,570.0,73.0,150.0,45.0,575.0,74.0,645.0,45.0,45.0,30.0,36.5,23.35,13.0,15.0,9.0,STEEL,61.0,48.0,40.0,330.0,350.0,16.0,18.0,False,False,130.0,3.0,2.0,2.0,2.0,2.0,2.0,2.0,700.0,52.0,700.0,52.0,0.0,0.0,False,1,1.0,68.0,32.0,0.0,26.8,False,False,False,False,True,9,2.0,False,64,64.0,64.0,SPOKED,SPOKED,0,0.0,80.0,80.0,278.0,720.0,26.8,300.0,1.0
460,430,65,620,66,140.0,45.0,540.0,73.0,660.0,50.0,40.0,28.6,38.0,25.0,20.0,15.0,10.0,STEEL,50,40.0,35.0,330.0,350.0,16.0,18.0,False,False,135,3.0,2.0,2.0,3.0,2.0,2.0,2.0,700.0,50.0,700.0,50.0,1.0,1.0,False,0,1.0,70.0,44.0,0.0,34.9,False,False,False,False,True,8,1.0,False,192,192.0,192.0,SPOKED,SPOKED,0,0.0,80.0,80.0,280.0,740,34.9,300.0,1.0
461,420,60,580,72,130.0,45.0,520.0,74.0,640.0,45.0,40.0,28.6,36.0,25.0,15.0,15.0,10.0,STEEL,50,40.0,30.0,330.0,350.0,16.0,18.0,False,False,135,3.0,2.5,2.0,3.0,2.0,2.0,2.0,700.0,50.0,700.0,50.0,0.0,1.0,False,1,1.0,68.0,44.0,0.0,34.9,False,False,False,False,True,8,1.0,False,128,128.0,128.0,SPOKED,DISC,0,0.0,80.0,80.0,270.0,730,34.9,310.0,1.0
462,400,60,540,73,160.0,45.0,500.0,73.0,650.0,50.0,40.0,28.6,37.0,25.0,25.0,15.0,10.0,STEEL,50,40.0,30.0,330.0,350.0,16.0,18.0,False,False,130,3.0,2.0,2.0,3.0,2.0,2.0,2.0,700.0,50.0,700.0,50.0,0.0,0.0,False,1,3.0,68.0,44.0,0.0,34.9,False,False,False,False,True,9,2.0,False,255,255.0,255.0,SPOKED,SPOKED,0,0.0,80.0,80.0,260.0,720,34.9,320.0,0.0
463,450,66,650,65,150.0,45.0,550.0,74.0,680.0,50.0,40.0,33.6,36.0,27.0,21.0,15.0,10.0,STEEL,50,40.0,35.0,330.0,350.0,16.0,18.0,False,False,135,3.0,2.0,2.0,3.0,2.0,2.0,2.0,700.0,50.0,700.0,50.0,1.0,1.0,False,1,1.0,73.0,44.0,0.0,34.9,False,False,False,False,True,8,1.0,False,255,255.0,255.0,DISC,SPOKED,0,0.0,80.0,80.0,290.0,750,34.9,330.0,1.0
464,420,62,600,72,125.0,45.0,530.0,74.0,650.0,45.0,40.0,28.6,36.0,25.0,20.0,15.0,10.0,STEEL,50,40.0,30.0,330.0,350.0,16.0,18.0,False,False,135,3.0,2.0,2.0,3.0,2.0,2.0,2.0,700.0,50.0,700.0,50.0,0.0,1.0,False,1,1.0,68.0,44.0,0.0,34.9,False,False,False,False,True,8,1.0,False,0,255.0,0.0,SPOKED,SPOKED,0,0.0,80.0,80.0,280.0,740,34.9,300.0,1.0
465,410,60,530,74,140.0,45.0,520.0,72.0,640.0,45.0,40.0,28.6,36.0,25.0,20.0,15.0,10.0,STEEL,50,40.0,30.0,330.0,350.0,16.0,18.0,False,False,135,3.0,2.0,2.0,3.0,2.0,2.0,2.0,700.0,50.0,700.0,50.0,0.0,2.0,False,1,3.0,68.0,44.0,0.0,34.9,False,False,False,False,True,9,2.0,False,160,82.0,45.0,TRISPOKE,TRISPOKE,1,1.0,100.0,100.0,270.0,710,34.9,320.0,0.0
466,440,64,660,67,135.0,45.0,560.0,73.0,670.0,50.0,40.0,28.6,36.0,26.0,22.0,15.0,10.0,STEEL,50,40.0,35.0,330.0,350.0,16.0,18.0,False,False,135,3.0,2.0,2.0,3.0,2.0,2.0,2.0,700.0,50.0,700.0,50.0,1.0,0.0,False,1,1.0,68.0,44.0,0.0,34.9,False,False,False,False,True,8,1.0,False,0,0.0,255.0,DISC,DISC,0,0.0,80.0,80.0,285.0,760,34.9,340.0,1.0
467,415,60,580,73,120.0,45.0,530.0,74.0,650.0,45.0,40.0,28.6,36.0,25.0,15.0,15.0,10.0,ALUMINIUM,50,40.0,30.0,330.0,350.0,16.0,18.0,False,False,135,3.0,2.0,2.0,3.0,2.0,2.0,2.0,700.0,50.0,700.0,50.0,0.0,1.0,False,1,1.0,68.0,44.0,0.0,34.9,False,False,False,False,True,8,1.0,False,10,10.0,10.0,SPOKED,DISC,0,0.0,80.0,80.0,275.0,730,34.9,310.0,1.0
468,405,62,550,73,150.0,45.0,520.0,74.0,640.0,45.0,40.0,28.6,36.0,25.0,15.0,15.0,10.0,STEEL,50,40.0,30.0,330.0,350.0,16.0,18.0,False,False,135,3.0,2.5,2.0,3.0,2.0,2.0,2.0,700.0,50.0,700.0,50.0,0.0,0.0,False,0,3.0,68.0,44.0,0.0,34.9,False,False,False,False,True,9,2.0,False,255,192.0,203.0,SPOKED,SPOKED,0,0.0,80.0,80.0,260.0,720,34.9,315.0,0.0
469,445,64,640,67,130.0,45.0,560.0,72.0,670.0,50.0,40.0,28.6,36.0,27.0,21.0,15.0,10.0,STEEL,50,40.0,35.0,330.0,350.0,16.0,18.0,False,False,135,3.0,2.0,2.0,3.0,2.0,2.0,2.0,700.0,50.0,700.0,50.0,1.0,0.0,False,0,1.0,68.0,44.0,0.0,34.9,False,False,False,False,True,8,1.0,False,255,50.0,50.0,TRISPOKE,SPOKED,1,0.0,100.0,80.0,275.0,750,34.9,330.0,1.0
470,430.0,50.0,560.0,71.0,130.0,45.0,520.0,73.0,650.0,45.0,40.0,28.0,36.5,23.35,15.0,15.0,9.0,TITANIUM,40.0,50.0,45.0,330.0,350.0,16.0,18.0,False,False,135.0,2.5,2.5,2.5,2.5,2.5,2.5,2.5,674.0,52.0,674.0,52.0,0.0,1.0,False,1,1.0,68.0,44.0,0.0,31.8,False,False,False,False,True,9,2.0,False,135,206.0,235.0,SPOKED,SPOKED,0,0.0,80.0,80.0,280.0,750.0,28.0,300.0,1.0
471,425.0,55.0,580.0,73.0,140.0,45.0,540.0,73.0,660.0,45.0,40.0,30.0,36.5,23.35,15.0,15.0,9.0,STEEL,45.0,55.0,50.0,330.0,350.0,16.0,18.0,False,False,135.0,2.5,2.5,2.5,2.5,2.5,2.5,2.5,674.0,52.0,674.0,52.0,0.0,1.0,False,1,1.0,68.0,46.0,0.0,31.8,False,True,False,False,True,11,2.0,False,0,0.0,139.0,SPOKED,SPOKED,0,0.0,80.0,80.0,280.0,750.0,28.0,300.0,1.0
472,410.0,50.0,600.0,67.0,120.0,45.0,520.0,68.0,630.0,45.0,40.0,28.0,36.5,23.35,18.0,15.0,9.0,STEEL,35.0,60.0,50.0,330.0,350.0,16.0,18.0,False,False,135.0,3.0,3.0,3.0,3.0,3.0,3.0,3.0,674.0,52.0,674.0,52.0,1.0,2.0,False,1,1.0,68.0,40.0,0.0,31.8,False,False,False,False,True,10,1.0,False,34,139.0,34.0,SPOKED,SPOKED,0,0.0,80.0,80.0,280.0,750.0,28.0,300.0,1.0
473,435.0,55.0,565.0,72.0,135.0,45.0,530.0,73.0,655.0,45.0,40.0,28.0,36.5,23.35,15.0,15.0,9.0,ALUMINIUM,42.0,52.0,48.0,330.0,350.0,16.0,18.0,False,False,135.0,2.5,2.5,2.5,2.5,2.5,2.5,2.5,674.0,52.0,674.0,52.0,0.0,2.0,False,2,1.0,68.0,42.0,0.0,31.8,False,True,False,False,True,9,2.0,False,173,216.0,230.0,SPOKED,SPOKED,0,0.0,80.0,80.0,280.0,750.0,28.0,300.0,1.0
474,420.0,50.0,590.0,73.0,150.0,45.0,540.0,73.0,665.0,45.0,40.0,30.0,36.5,23.35,15.0,15.0,9.0,ALUMINIUM,48.0,54.0,50.0,330.0,350.0,16.0,18.0,False,False,135.0,2.5,2.5,2.5,2.5,2.5,2.5,2.5,674.0,52.0,674.0,52.0,0.0,1.0,False,0,3.0,68.0,50.0,0.0,31.8,False,False,False,False,True,11,2.0,False,128,128.0,128.0,SPOKED,SPOKED,0,0.0,80.0,80.0,280.0,750.0,28.0,300.0,1.0
475,415.0,50.0,580.0,68.0,125.0,45.0,530.0,68.0,640.0,45.0,40.0,28.0,36.5,23.35,18.0,15.0,9.0,ALUMINIUM,38.0,58.0,50.0,330.0,350.0,16.0,18.0,False,False,135.0,3.0,3.0,3.0,3.0,3.0,3.0,3.0,674.0,52.0,674.0,52.0,1.0,2.0,False,1,1.0,68.0,40.0,0.0,31.8,False,False,False,False,True,10,1.0,False,255,255.0,0.0,SPOKED,SPOKED,0,0.0,80.0,80.0,280.0,750.0,28.0,300.0,1.0
476,430.0,55.0,565.0,73.0,140.0,45.0,520.0,73.0,655.0,45.0,40.0,28.0,36.5,23.35,15.0,15.0,9.0,STEEL,45.0,50.0,48.0,330.0,350.0,16.0,18.0,False,False,135.0,2.5,2.5,2.5,2.5,2.5,2.5,2.5,674.0,52.0,674.0,52.0,0.0,1.0,False,1,1.0,68.0,46.0,0.0,31.8,False,False,False,False,True,9,2.0,False,50,205.0,50.0,SPOKED,SPOKED,0,0.0,80.0,80.0,280.0,750.0,28.0,300.0,1.0
477,425.0,50.0,585.0,73.0,145.0,45.0,535.0,73.0,660.0,45.0,40.0,30.0,36.5,23.35,15.0,15.0,9.0,STEEL,50.0,55.0,50.0,330.0,350.0,16.0,18.0,False,False,135.0,2.5,2.5,2.5,2.5,2.5,2.5,2.5,674.0,52.0,674.0,52.0,0.0,1.0,False,0,1.0,68.0,47.0,0.0,31.8,False,True,False,False,True,11,2.0,False,173,216.0,230.0,SPOKED,SPOKED,0,0.0,80.0,80.0,280.0,750.0,28.0,300.0,1.0
478,425.0,50.0,610.0,70.0,165.0,45.0,540.0,75.0,650.0,45.0,40.0,30.0,36.5,23.35,13.0,15.0,9.0,STEEL,60.0,60.0,60.0,330.0,300.0,16.0,18.0,False,False,130.0,2.5,2.5,2.5,2.5,2.5,2.5,2.5,674.0,52.0,674.0,52.0,2.0,2.0,True,0,0.0,68.0,55.0,0.0,31.8,False,False,False,False,True,11,2.0,False,0,0.0,0.0,DISC,DISC,0,0.0,0.0,0.0,280.0,750.0,28.0,300.0,0.0
479,430.0,55.0,560.0,73.0,140.0,45.0,520.0,73.0,650.0,45.0,40.0,28.0,36.5,23.35,15.0,15.0,9.0,ALUMINIUM,42.0,50.0,48.0,330.0,350.0,16.0,18.0,False,False,135.0,2.5,2.5,2.5,2.5,2.5,2.5,2.5,674.0,52.0,674.0,52.0,0.0,1.0,False,1,1.0,68.0,44.0,0.0,31.8,False,False,False,False,True,9,2.0,False,206,32.0,41.0,SPOKED,SPOKED,0,0.0,80.0,80.0,280.0,750.0,28.0,300.0,1.0
480,425.0,66.0,575.2029642,73.0,105.2,45.0,555.0,74.0,644.8496592,47.0,40.0,25.4,36.5,23.35,13.0,15.0,9.0,STEEL,63.1,48.0,40.1,330.0,350.0,16.0,18.0,False,False,130.0,2.984925050987317,1.7715343952277929,2.4985541836279714,1.89419119522216,1.509739706979634,1.4104879858706545,1.3872913729986849,674.0,52.0,674.0,52.0,0.0,0.0,False,1,1.0,68.0,31.8,692.0,26.8,False,False,True,True,True,8,1.0,False,255,255.0,0.0,SPOKED,SPOKED,1,1.0,80.0,80.0,278.0,718.0,26.8,250.0,1.0
481,405.0,70.0,591.9108569,73.0,145.0,45.0,515.2,74.0,653.4145038,45.0,40.0,28.6,36.5,23.35,13.0,15.0,9.0,TITANIUM,28.9,49.2,49.2,330.0,350.0,16.0,18.0,True,True,130.0,0.2046520282233931,0.305932490991244,2.319972198156796,0.8702181810647862,1.5425441917667475,0.806345347435681,0.92790071049802,674.0,52.0,674.0,52.0,0.0,0.0,False,1,1.0,68.0,45.0,692.0,31.8,False,False,False,False,True,6,1.0,True,200,200.0,255.0,SPOKED,SPOKED,1,1.0,80.0,80.0,298.0,718.0,34.9,330.0,1.0
482,450.0,35.0,512.9319064,64.0,133.8,45.0,380.0,80.0,757.6759997,45.0,40.0,28.6,36.5,27.35,21.5,15.0,9.0,CARBON,25.0,128.4,30.0,330.0,350.0,16.0,18.0,True,True,157.0,8.484778180322339,0.8488915365612826,3.1148345945692566,4.191635779849775,1.7240195862586758,3.896331957214665,0.6390156039354706,744.0,122.0,744.0,122.0,1.0,0.0,False,1,2.0,68.0,53.0,692.0,35.0,False,True,False,False,True,11,0.0,False,255,255.0,255.0,SPOKED,SPOKED,1,1.0,80.0,80.0,250.0,715.0,43.0,480.0,2.0
483,455.0,70.0,721.2682239,71.0,180.4,35.0,546.2,73.5,748.4959838,45.0,39.0,27.0,36.5,21.25,14.5,15.0,10.1,CARBON,36.3,46.2,56.2,330.0,350.0,16.0,18.0,False,False,142.0,5.466905446143302,8.521785908456947,4.204791146184713,0.9166758036231312,4.12050892151602,2.697186294023933,4.6994853143713895,736.0,114.0,736.0,114.0,0.0,0.0,False,0,1.0,68.0,46.3,692.0,28.6,False,False,True,True,True,9,1.0,False,200,200.0,200.0,SPOKED,SPOKED,1,1.0,80.0,80.0,265.0,830.0,34.9,300.0,2.0
484,415.0,70.0,637.9091156,73.0,191.4,45.0,630.0,73.5,656.6201875,45.0,40.0,33.6,36.5,23.35,13.0,15.0,9.0,ALUMINIUM,27.8,32.1,43.5,330.0,350.0,16.0,18.0,False,False,130.0,3.6756400104414495,2.004391254209075,2.5044697624511856,1.340251983765522,0.6731900960204301,5.772791309765022,0.8908183145343465,674.0,52.0,674.0,52.0,0.0,0.0,False,0,1.0,68.0,45.0,692.0,31.8,False,False,False,False,True,9,1.0,False,0,0.0,0.0,SPOKED,SPOKED,1,1.0,80.0,80.0,275.0,865.0,34.9,300.0,2.0
485,420.0,70.0,641.0649213,73.0,151.0,100.0,540.0,72.5,668.1348776,45.0,40.0,39.75,50.0,28.5,13.0,15.0,9.0,CARBON,30.6,40.0,55.8,330.0,350.0,16.0,18.0,False,False,130.0,5.214529705739492,1.9237993824502804,1.4867755647923897,0.8627442835832468,5.247645572356713,2.4721990321348235,0.6039291976593105,676.0,54.0,676.0,54.0,0.0,0.0,False,0,3.0,68.0,55.0,692.0,50.0,False,True,False,False,True,10,1.0,False,0,0.0,0.0,SPOKED,SPOKED,1,1.0,80.0,80.0,210.0,709.0,34.9,310.0,2.0
486,550.0,29.5,496.9336227,67.0,100.0,45.0,533.0,65.0,627.6098218,45.0,40.0,28.6,36.5,23.35,13.0,15.0,9.0,STEEL,46.9,44.9,50.1,330.0,350.0,16.0,18.0,False,False,135.0,10.246325085448763,1.0571538465985395,3.320203681882855,1.821909962603824,1.3504986571871185,1.5312390491638666,2.50149356595328,628.0,69.0,628.0,69.0,1.0,0.0,False,1,1.0,68.0,45.0,692.0,31.8,False,False,True,True,True,8,2.0,True,112,128.0,144.0,SPOKED,SPOKED,1,1.0,80.0,80.0,278.0,700.0,34.9,300.0,2.0
487,405.0,70.0,593.536575,73.0,145.0,45.0,515.0,74.0,648.3152394,45.0,40.0,28.6,36.5,23.35,13.0,15.0,9.0,STEEL,34.0,49.0,49.9,330.0,350.0,16.0,18.0,False,False,130.0,1.1647590566025448,0.7426686627208833,0.3143101269390225,0.2668311202837158,0.2891763139624213,0.2958998478109877,0.2262816326792515,674.0,52.0,674.0,52.0,0.0,0.0,False,0,1.0,68.0,45.0,692.0,31.8,False,True,False,False,True,8,1.0,False,200,200.0,255.0,SPOKED,SPOKED,1,1.0,80.0,80.0,278.0,718.0,34.9,300.0,2.0
488,380.0,47.01358832,561.1033732,74.00206468,168.8,45.0,552.4,76.00206468,623.9028894,45.0,40.0,28.6,36.5,23.35,13.0,15.0,9.0,STEEL,33.0,32.4,46.4,330.0,350.0,16.0,18.0,True,True,130.0,20.48369695835277,6.034812926706038,1.5929308922857068,4.880546522303409,9.48464280499604,15.08677458400779,1.7309129777278605,674.0,52.0,674.0,52.0,0.0,0.0,False,0,1.0,68.0,45.0,692.0,31.8,False,False,False,False,True,0,0.0,False,173,216.0,230.0,SPOKED,SPOKED,1,1.0,80.0,80.0,298.0,700.0,34.9,300.0,1.0
489,400.0,7.0,511.5560042,68.0,123.0,45.0,331.0,75.0,640.6227443,45.0,40.0,42.75,49.0,35.0,21.5,15.0,9.0,CARBON,31.0,60.0,42.0,330.0,300.0,16.0,18.0,False,False,130.0,7.737970318079169,12.947741764920302,3.2944381729785044,6.863696733810227,4.51413833563366,2.7508253329283927,5.072657023145851,674.0,52.0,674.0,52.0,1.0,0.0,False,1,2.0,73.0,57.0,692.0,31.8,False,False,True,True,True,6,0.0,False,200,200.0,255.0,SPOKED,SPOKED,1,1.0,80.0,80.0,230.0,400.0,34.9,200.0,2.0
490,440.0,70.0,610.0,67.0,120.0,45.0,550.0,71.0,660.0,45.0,40.0,28.6,36.5,23.35,23.35,15.0,9.0,STEEL,30.0,40.0,40.0,330.0,350.0,16.0,18.0,False,False,135.0,2.5,1.7,2.5,2.5,1.5,1.5,2.5,674.0,52.0,674.0,52.0,1.0,0.0,False,0,1.0,73.0,45.0,0.0,31.8,False,False,True,True,True,10,2.0,False,255,165.0,0.0,SPOKED,SPOKED,0,0.0,0.0,0.0,80.0,300.0,34.9,300.0,1.0
491,430.0,66.0,620.0,73.0,140.0,45.0,550.0,73.0,650.0,45.0,40.0,28.6,36.5,23.35,23.35,15.0,9.0,STEEL,35.0,45.0,45.0,330.0,350.0,16.0,18.0,False,False,130.0,2.5,1.7,2.5,2.5,1.5,1.5,2.5,674.0,52.0,674.0,52.0,0.0,1.0,False,1,1.0,68.0,45.0,0.0,31.8,False,False,False,False,True,10,2.0,False,64,224.0,208.0,SPOKED,SPOKED,0,0.0,0.0,0.0,80.0,300.0,34.9,330.0,1.0
492,450.0,60.0,550.0,74.0,130.0,45.0,540.0,74.0,680.0,45.0,40.0,28.6,36.5,23.35,23.35,15.0,9.0,STEEL,30.0,40.0,40.0,330.0,350.0,16.0,18.0,False,False,130.0,2.5,1.7,2.5,2.5,1.5,1.5,2.5,674.0,52.0,674.0,52.0,0.0,2.0,False,0,3.0,68.0,45.0,0.0,31.8,False,False,True,True,True,10,2.0,False,200,162.0,200.0,SPOKED,SPOKED,0,0.0,0.0,0.0,80.0,300.0,34.9,280.0,1.0
493,445.0,70.0,600.0,68.0,115.0,45.0,550.0,71.0,660.0,45.0,40.0,28.6,36.5,23.35,23.35,15.0,9.0,ALUMINIUM,35.0,45.0,45.0,330.0,350.0,16.0,18.0,False,False,135.0,2.5,1.7,2.5,2.5,1.5,1.5,2.5,674.0,52.0,674.0,52.0,1.0,0.0,False,0,1.0,73.0,45.0,0.0,31.8,False,False,False,False,True,10,2.0,False,200,162.0,200.0,SPOKED,SPOKED,0,0.0,0.0,0.0,80.0,300.0,34.9,300.0,1.0
494,430.0,66.0,620.0,73.0,140.0,45.0,550.0,73.0,650.0,45.0,40.0,28.6,36.5,23.35,23.35,15.0,9.0,STEEL,30.0,40.0,40.0,330.0,350.0,16.0,18.0,False,False,130.0,2.5,1.7,2.5,2.5,1.5,1.5,2.5,674.0,52.0,674.0,52.0,0.0,1.0,False,1,1.0,68.0,45.0,0.0,31.8,False,False,True,True,True,10,2.0,False,42,82.0,190.0,SPOKED,SPOKED,0,0.0,0.0,0.0,80.0,300.0,34.9,330.0,1.0
495,420.0,60.0,550.0,74.0,130.0,45.0,540.0,74.0,680.0,45.0,40.0,28.6,36.5,23.35,23.35,15.0,9.0,CARBON,35.0,45.0,45.0,330.0,350.0,16.0,18.0,False,False,130.0,2.5,1.7,2.5,2.5,1.5,1.5,2.5,674.0,52.0,674.0,52.0,0.0,2.0,False,1,3.0,68.0,45.0,0.0,31.8,False,False,False,False,True,10,2.0,False,112,128.0,144.0,SPOKED,SPOKED,0,0.0,0.0,0.0,80.0,300.0,34.9,280.0,1.0
496,440.0,70.0,600.0,68.0,115.0,45.0,550.0,71.0,660.0,45.0,40.0,28.6,36.5,23.35,23.35,15.0,9.0,CARBON,30.0,40.0,40.0,330.0,350.0,16.0,18.0,False,False,135.0,2.5,1.7,2.5,2.5,1.5,1.5,2.5,674.0,52.0,674.0,52.0,1.0,0.0,False,1,1.0,73.0,45.0,0.0,31.8,False,False,False,False,True,10,2.0,False,64,64.0,64.0,SPOKED,SPOKED,0,0.0,0.0,0.0,80.0,300.0,34.9,300.0,1.0
497,430.0,66.0,620.0,73.0,140.0,45.0,550.0,73.0,650.0,45.0,40.0,28.6,36.5,23.35,23.35,15.0,9.0,ALUMINIUM,35.0,45.0,45.0,330.0,350.0,16.0,18.0,False,False,130.0,2.5,1.7,2.5,2.5,1.5,1.5,2.5,674.0,52.0,674.0,52.0,0.0,1.0,False,1,1.0,68.0,45.0,0.0,31.8,False,False,False,False,True,10,2.0,False,200,162.0,200.0,SPOKED,SPOKED,0,0.0,0.0,0.0,80.0,300.0,34.9,330.0,1.0
498,420.0,60.0,550.0,74.0,130.0,45.0,540.0,74.0,680.0,45.0,40.0,28.6,36.5,23.35,23.35,15.0,9.0,STEEL,30.0,40.0,40.0,330.0,350.0,16.0,18.0,False,False,130.0,2.5,1.7,2.5,2.5,1.5,1.5,2.5,674.0,52.0,674.0,52.0,0.0,2.0,False,2,3.0,68.0,45.0,0.0,31.8,True,True,False,False,True,10,2.0,False,0,255.0,0.0,SPOKED,SPOKED,0,0.0,0.0,0.0,80.0,300.0,34.9,280.0,1.0
499,445.0,70.0,600.0,68.0,115.0,45.0,550.0,71.0,660.0,45.0,40.0,28.6,36.5,23.35,23.35,15.0,9.0,STEEL,35.0,45.0,45.0,330.0,350.0,16.0,18.0,False,False,135.0,2.5,1.7,2.5,2.5,1.5,1.5,2.5,674.0,52.0,674.0,52.0,1.0,0.0,False,1,1.0,73.0,45.0,0.0,31.8,False,False,True,True,True,10,2.0,False,128,128.0,128.0,SPOKED,SPOKED,0,0.0,0.0,0.0,80.0,300.0,34.9,300.0,1.0
500,425.0,70.0,605.0,73.0,160.0,45.0,550.0,73.0,580.0,45.0,40.0,28.6,36.5,23.35,23.35,15.0,9.0,STEEL,30.0,45.0,40.0,330.0,350.0,16.0,18.0,False,False,130.0,3.0,1.5,2.0,2.0,1.5,1.5,1.5,674.0,52.0,674.0,52.0,0.0,0.0,False,1,1.0,68.0,31.8,0.0,31.8,False,False,True,True,True,8,1.0,False,64,224.0,208.0,SPOKED,SPOKED,0,0.0,0.0,0.0,280.0,700.0,34.9,300.0,1.0
501,420.0,68.0,590.0,74.0,150.0,45.0,540.0,73.0,570.0,45.0,40.0,27.0,36.5,23.35,23.35,15.0,9.0,CARBON,28.0,45.0,40.0,330.0,350.0,16.0,18.0,False,False,130.0,3.0,1.5,2.0,2.0,1.5,1.5,1.5,674.0,52.0,674.0,52.0,1.0,0.0,False,1,1.0,68.0,31.8,0.0,31.8,False,False,False,False,True,10,2.0,False,255,0.0,0.0,SPOKED,SPOKED,0,0.0,0.0,0.0,280.0,680.0,34.9,300.0,1.0
502,430.0,68.0,620.0,72.0,170.0,45.0,560.0,72.0,600.0,45.0,40.0,28.6,36.5,23.35,23.35,15.0,9.0,ALUMINIUM,32.0,48.0,42.0,330.0,350.0,16.0,18.0,False,False,135.0,3.5,1.5,2.5,2.5,1.5,1.5,1.5,700.0,52.0,700.0,52.0,0.0,0.0,False,1,1.0,68.0,31.8,0.0,31.8,False,False,False,False,True,11,1.0,False,85,107.0,47.0,SPOKED,SPOKED,0,0.0,0.0,0.0,285.0,720.0,34.9,310.0,1.0
503,418.0,70.0,610.0,73.0,140.0,45.0,545.0,73.0,575.0,45.0,40.0,27.0,36.5,23.35,23.35,15.0,9.0,STEEL,30.0,46.0,38.0,330.0,350.0,16.0,18.0,False,False,130.0,3.0,1.5,2.0,2.0,1.5,1.5,1.5,674.0,52.0,674.0,52.0,0.0,0.0,False,0,0.0,68.0,31.8,0.0,31.8,False,False,False,False,True,9,1.0,False,255,255.0,255.0,SPOKED,SPOKED,0,0.0,0.0,0.0,278.0,705.0,34.9,290.0,1.0
504,422.0,70.0,595.0,74.0,155.0,45.0,550.0,73.0,580.0,45.0,40.0,27.0,36.5,23.35,23.35,15.0,9.0,STEEL,30.0,45.0,39.0,330.0,350.0,16.0,18.0,False,False,130.0,3.0,1.5,2.0,2.0,1.5,1.5,1.5,674.0,52.0,674.0,52.0,0.0,0.0,False,0,0.0,68.0,31.8,0.0,31.8,True,True,True,True,True,8,2.0,False,192,192.0,192.0,SPOKED,SPOKED,0,0.0,0.0,0.0,280.0,690.0,34.9,305.0,1.0
505,428.0,70.0,625.0,71.0,165.0,45.0,565.0,72.0,605.0,45.0,40.0,28.6,36.5,23.35,23.35,15.0,9.0,STEEL,32.0,47.0,41.0,330.0,350.0,16.0,18.0,False,False,135.0,3.0,1.5,2.5,2.5,1.5,1.5,1.5,700.0,52.0,700.0,52.0,0.0,0.0,False,1,1.0,68.0,31.8,0.0,31.8,False,False,True,True,True,10,1.0,False,0,71.0,171.0,SPOKED,SPOKED,0,0.0,0.0,0.0,288.0,715.0,34.9,320.0,1.0
506,424.0,70.0,600.0,73.0,150.0,45.0,550.0,73.0,580.0,45.0,40.0,27.0,36.5,23.35,23.35,15.0,9.0,STEEL,30.0,45.0,39.0,330.0,350.0,16.0,18.0,False,False,130.0,3.0,1.5,2.0,2.0,1.5,1.5,1.5,674.0,52.0,674.0,52.0,0.0,0.0,False,0,0.0,68.0,31.8,0.0,31.8,True,True,True,True,True,9,2.0,False,192,192.0,192.0,SPOKED,SPOKED,0,0.0,0.0,0.0,282.0,700.0,34.9,305.0,1.0
507,422.0,70.0,598.0,74.0,160.0,45.0,545.0,73.0,575.0,45.0,40.0,27.0,36.5,23.35,23.35,15.0,9.0,STEEL,32.0,45.0,38.0,330.0,350.0,16.0,18.0,False,False,130.0,3.0,1.5,2.0,2.0,1.5,1.5,1.5,674.0,52.0,674.0,52.0,0.0,0.0,False,0,0.0,68.0,31.8,0.0,31.8,True,True,True,True,True,10,1.0,False,255,69.0,0.0,SPOKED,SPOKED,0,0.0,0.0,0.0,278.0,720.0,34.9,300.0,1.0
508,430.0,70.0,630.0,72.0,150.0,45.0,560.0,72.0,600.0,45.0,40.0,28.6,36.5,23.35,23.35,15.0,9.0,STEEL,30.0,45.0,40.0,330.0,350.0,16.0,18.0,False,False,135.0,3.0,1.5,2.0,2.0,1.5,1.5,1.5,700.0,52.0,700.0,52.0,0.0,0.0,False,0,0.0,68.0,31.8,0.0,31.8,False,False,True,True,True,11,1.0,False,139,0.0,0.0,SPOKED,SPOKED,0,0.0,0.0,0.0,285.0,725.0,34.9,315.0,1.0
509,420.0,70.0,600.0,73.0,145.0,45.0,545.0,73.0,575.0,45.0,40.0,27.0,36.5,23.35,23.35,15.0,9.0,STEEL,28.0,45.0,38.0,330.0,350.0,16.0,18.0,False,False,130.0,3.0,1.5,2.0,2.0,1.5,1.5,1.5,674.0,52.0,674.0,52.0,0.0,2.0,False,2,1.0,68.0,31.8,0.0,31.8,False,False,False,False,True,8,1.0,False,192,192.0,192.0,SPOKED,SPOKED,0,0.0,0.0,0.0,280.0,710.0,34.9,290.0,1.0
510,425.0,66.0,575.0,73.0,110.0,45.0,555.0,74.0,645.0,47.0,40.0,25.4,36.5,23.35,13.0,15.0,9.0,STEEL,63.0,48.0,40.0,330.0,350.0,16.0,18.0,False,False,130.0,3.0,2.0,2.5,2.0,1.5,1.4,1.4,674.0,52.0,674.0,52.0,0.0,0.0,False,0,1.0,68.0,31.8,692.0,26.8,True,True,False,False,True,9,2.0,False,255,255.0,0.0,SPOKED,SPOKED,1,1.0,80.0,80.0,278.0,718.0,26.8,250.0,1.0
511,430.0,60.0,600.0,71.0,150.0,45.0,530.0,73.0,650.0,45.0,40.0,25.4,36.5,23.35,13.0,15.0,9.0,STEEL,63.0,48.0,40.0,330.0,350.0,16.0,18.0,False,False,130.0,3.0,2.0,2.5,2.0,1.5,1.4,1.4,741.0,69.0,741.0,69.0,1.0,1.0,False,1,1.0,68.0,31.8,692.0,26.8,True,True,True,True,True,8,3.0,False,0,255.0,255.0,SPOKED,SPOKED,1,1.0,80.0,80.0,278.0,718.0,26.8,250.0,1.0
512,425.0,65.0,620.0,72.0,130.0,45.0,550.0,73.0,650.0,45.0,40.0,25.4,36.5,23.35,13.0,15.0,9.0,STEEL,63.0,48.0,40.0,330.0,350.0,16.0,18.0,False,False,130.0,3.0,2.0,2.5,2.0,1.5,1.4,1.4,674.0,52.0,674.0,52.0,0.0,0.0,False,1,1.0,68.0,31.8,692.0,26.8,False,False,False,False,True,8,1.0,False,0,0.0,0.0,SPOKED,SPOKED,1,1.0,80.0,80.0,278.0,718.0,26.8,250.0,1.0
513,425.0,66.0,575.0,73.0,110.0,45.0,555.0,74.0,645.0,47.0,40.0,25.4,36.5,23.35,13.0,15.0,9.0,STEEL,63.0,48.0,40.0,330.0,350.0,16.0,18.0,False,False,130.0,3.0,2.0,2.5,2.0,1.5,1.4,1.4,674.0,52.0,674.0,52.0,0.0,0.0,False,1,1.0,68.0,31.8,692.0,26.8,False,False,False,False,True,9,2.0,False,0,0.0,139.0,SPOKED,SPOKED,1,1.0,80.0,80.0,278.0,718.0,26.8,250.0,1.0
514,430.0,60.0,600.0,71.0,150.0,45.0,530.0,73.0,650.0,45.0,40.0,25.4,36.5,23.35,13.0,15.0,9.0,STEEL,63.0,48.0,40.0,330.0,350.0,16.0,18.0,False,False,130.0,3.0,2.0,2.5,2.0,1.5,1.4,1.4,741.0,69.0,741.0,69.0,1.0,1.0,False,1,1.0,68.0,31.8,692.0,26.8,True,True,True,True,True,8,3.0,False,173,216.0,230.0,SPOKED,SPOKED,1,1.0,80.0,80.0,278.0,718.0,26.8,250.0,1.0
515,425.0,65.0,620.0,72.0,120.0,45.0,550.0,73.0,650.0,45.0,40.0,25.4,36.5,23.35,13.0,15.0,9.0,STEEL,63.0,48.0,40.0,330.0,350.0,16.0,18.0,False,False,130.0,3.0,2.0,2.5,2.0,1.5,1.4,1.4,674.0,52.0,674.0,52.0,0.0,0.0,False,0,1.0,68.0,31.8,692.0,26.8,False,False,True,True,True,8,2.0,False,128,128.0,128.0,SPOKED,SPOKED,1,1.0,80.0,80.0,278.0,718.0,26.8,250.0,1.0
516,425.0,66.0,575.0,73.0,110.0,45.0,555.0,74.0,645.0,47.0,40.0,25.4,36.5,23.35,13.0,15.0,9.0,STEEL,63.0,48.0,40.0,330.0,350.0,16.0,18.0,False,False,130.0,3.0,2.0,2.5,2.0,1.5,1.4,1.4,674.0,52.0,674.0,52.0,0.0,0.0,False,1,1.0,68.0,31.8,692.0,26.8,False,False,True,True,True,9,2.0,False,0,0.0,0.0,SPOKED,SPOKED,1,1.0,80.0,80.0,278.0,718.0,26.8,250.0,1.0
517,430.0,60.0,600.0,71.0,150.0,45.0,530.0,73.0,650.0,45.0,40.0,25.4,36.5,23.35,13.0,15.0,9.0,STEEL,63.0,48.0,40.0,330.0,350.0,16.0,18.0,False,False,130.0,3.0,2.0,2.5,2.0,1.5,1.4,1.4,741.0,69.0,741.0,69.0,1.0,1.0,False,1,1.0,68.0,31.8,692.0,26.8,False,False,False,False,True,8,3.0,False,255,255.0,0.0,SPOKED,SPOKED,1,1.0,80.0,80.0,278.0,718.0,26.8,250.0,1.0
518,425.0,65.0,620.0,72.0,130.0,45.0,550.0,73.0,650.0,45.0,40.0,25.4,36.5,23.35,13.0,15.0,9.0,STEEL,63.0,48.0,40.0,330.0,350.0,16.0,18.0,False,False,130.0,3.0,2.0,2.5,2.0,1.5,1.4,1.4,674.0,52.0,674.0,52.0,0.0,0.0,False,1,1.0,68.0,31.8,692.0,26.8,False,False,True,True,True,8,1.0,False,128,0.0,128.0,SPOKED,SPOKED,1,1.0,80.0,80.0,278.0,718.0,26.8,250.0,1.0
519,425.0,66.0,575.0,73.0,110.0,45.0,555.0,74.0,645.0,47.0,40.0,25.4,36.5,23.35,13.0,15.0,9.0,STEEL,63.0,48.0,40.0,330.0,350.0,16.0,18.0,False,False,130.0,3.0,2.0,2.5,2.0,1.5,1.4,1.4,674.0,52.0,674.0,52.0,0.0,0.0,False,0,1.0,68.0,31.8,692.0,26.8,False,False,False,False,True,9,2.0,False,100,149.0,237.0,SPOKED,SPOKED,1,1.0,80.0,80.0,278.0,718.0,26.8,250.0,1.0
520,430.0,70.0,600.0,67.0,100.0,45.0,560.0,73.0,680.0,45.0,40.0,30.0,36.5,23.35,13.0,15.0,9.0,ALUMINIUM,35.0,40.0,30.0,330.0,350.0,16.0,18.0,False,False,135.0,3.0,2.5,1.5,3.5,1.8,1.4,2.0,628.0,69.0,628.0,69.0,1.0,2.0,True,2,1.0,73.0,31.8,0.0,31.8,False,False,True,True,True,9,1.0,False,128,128.0,128.0,SPOKED,SPOKED,0,0.0,80.0,80.0,280.0,735.0,34.9,330.0,1.0
521,420.0,70.0,590.0,73.0,140.0,45.0,530.0,73.5,670.0,45.0,40.0,30.0,36.5,23.35,13.0,15.0,9.0,STEEL,40.0,45.0,30.0,330.0,350.0,16.0,18.0,False,False,130.0,3.0,2.5,1.5,3.5,1.8,1.4,2.0,674.0,52.0,674.0,52.0,0.0,1.0,False,1,1.0,68.0,31.8,0.0,31.8,False,False,True,True,True,6,1.0,False,64,64.0,64.0,SPOKED,SPOKED,0,0.0,80.0,80.0,280.0,739.0,34.9,340.0,1.0
522,405.0,68.0,590.0,73.0,120.0,45.0,515.0,75.0,700.0,45.0,40.0,30.0,36.5,23.35,13.0,15.0,9.0,STEEL,45.0,50.0,35.0,330.0,350.0,16.0,18.0,False,False,130.0,3.0,2.5,1.5,3.5,1.8,1.4,2.0,674.0,52.0,674.0,52.0,0.0,1.0,False,1,3.0,68.0,52.0,0.0,31.8,False,False,True,True,True,10,2.0,False,255,0.0,0.0,SPOKED,SPOKED,0,0.0,80.0,80.0,280.0,720.0,34.9,345.0,1.0
523,430.0,70.0,560.0,67.0,90.0,45.0,495.0,73.0,680.0,45.0,40.0,30.0,36.5,23.35,13.0,15.0,9.0,STEEL,30.0,40.0,25.0,330.0,350.0,16.0,18.0,False,False,135.0,3.0,2.5,1.5,3.5,1.8,1.4,2.0,628.0,69.0,628.0,69.0,1.0,1.0,False,1,1.0,73.0,31.8,0.0,31.8,False,False,True,True,True,9,1.0,False,165,42.0,42.0,SPOKED,SPOKED,0,0.0,80.0,80.0,280.0,710.0,34.9,335.0,1.0
524,420.0,70.0,590.0,73.0,140.0,45.0,530.0,73.5,670.0,45.0,40.0,30.0,36.5,23.35,13.0,15.0,9.0,ALUMINIUM,40.0,45.0,30.0,330.0,350.0,16.0,18.0,False,False,130.0,3.0,2.5,1.5,3.5,1.8,1.4,2.0,674.0,52.0,674.0,52.0,0.0,1.0,False,1,1.0,68.0,31.8,0.0,31.8,False,False,True,True,True,7,1.0,False,255,128.0,0.0,SPOKED,SPOKED,0,0.0,80.0,80.0,280.0,725.0,34.9,330.0,1.0
525,405.0,68.0,590.0,73.0,120.0,45.0,555.0,74.0,710.0,45.0,40.0,30.0,36.5,23.35,13.0,15.0,9.0,STEEL,45.0,50.0,35.0,330.0,350.0,16.0,18.0,False,False,130.0,3.0,2.5,1.5,3.5,1.8,1.4,2.0,674.0,52.0,674.0,52.0,0.0,1.0,False,1,3.0,68.0,52.0,0.0,31.8,False,False,True,True,True,10,2.0,False,204,204.0,255.0,SPOKED,SPOKED,0,0.0,80.0,80.0,280.0,722.0,34.9,330.0,1.0
526,430.0,70.0,600.0,67.0,100.0,45.0,540.0,73.0,680.0,45.0,40.0,30.0,36.5,23.35,13.0,15.0,9.0,STEEL,35.0,40.0,30.0,330.0,350.0,16.0,18.0,False,False,135.0,3.0,2.5,1.5,3.5,1.8,1.4,2.0,628.0,69.0,628.0,69.0,1.0,1.0,False,1,1.0,73.0,31.8,0.0,31.8,False,False,False,False,True,9,1.0,False,0,0.0,0.0,SPOKED,SPOKED,0,0.0,80.0,80.0,280.0,738.0,34.9,320.0,1.0
527,420.0,70.0,620.0,73.0,145.0,45.0,555.0,73.5,680.0,45.0,40.0,30.0,36.5,23.35,13.0,15.0,9.0,STEEL,42.0,47.0,32.0,330.0,350.0,16.0,18.0,False,False,130.0,3.0,2.5,1.5,3.5,1.8,1.4,2.0,674.0,52.0,674.0,52.0,0.0,0.0,False,0,0.0,68.0,31.8,0.0,31.8,True,True,True,True,True,7,1.0,False,0,255.0,0.0,SPOKED,SPOKED,0,0.0,80.0,80.0,280.0,722.0,34.9,325.0,1.0
528,430.0,68.0,590.0,73.0,130.0,45.0,580.0,75.0,720.0,45.0,40.0,30.0,36.5,23.35,13.0,15.0,9.0,STEEL,50.0,55.0,40.0,330.0,350.0,16.0,18.0,False,False,130.0,3.0,2.5,1.5,3.5,1.8,1.4,2.0,674.0,52.0,674.0,52.0,0.0,0.0,False,0,3.0,68.0,52.0,0.0,31.8,True,True,True,True,True,10,2.0,False,255,69.0,0.0,SPOKED,SPOKED,0,0.0,80.0,80.0,280.0,755.0,34.9,310.0,1.0
529,430.0,70.0,600.0,67.0,90.0,45.0,560.0,73.0,680.0,45.0,40.0,30.0,36.5,23.35,13.0,15.0,9.0,ALUMINIUM,30.0,40.0,25.0,330.0,350.0,16.0,18.0,False,False,135.0,3.0,2.5,1.5,3.5,1.8,1.4,2.0,628.0,69.0,628.0,69.0,1.0,2.0,True,2,2.0,73.0,31.8,0.0,31.8,False,False,True,True,True,9,1.0,False,192,192.0,192.0,SPOKED,SPOKED,0,0.0,80.0,80.0,280.0,760.0,34.9,320.0,1.0
530,425.0,66.0,575.2029642,73.0,105.2,45.0,555.0,74.0,644.8496592,47.0,40.0,25.4,36.5,23.35,13.0,15.0,9.0,STEEL,63.1,48.0,40.1,0.0,0.0,0.0,0.0,False,False,130.0,2.984925050987317,1.7715343952277929,2.4985541836279714,1.89419119522216,1.509739706979634,1.4104879858706545,1.3872913729986849,674.0,52.0,674.0,52.0,0.0,0.0,False,2,1.0,68.0,31.8,692.0,26.8,False,True,True,True,True,8,1.0,False,200,200.0,255.0,SPOKED,SPOKED,1,1.0,80.0,80.0,278.0,718.0,26.8,250.0,1.0
531,405.0,70.0,591.9108569,73.0,145.0,45.0,515.2,74.0,653.4145038,45.0,45.0,40.0,28.6,36.5,23.35,13.0,15.0,STEEL,28.9,49.2,49.2,0.0,0.0,0.0,0.0,False,False,130.0,0.2046520282233931,0.305932490991244,2.319972198156796,0.8702181810647862,1.5425441917667475,0.806345347435681,0.92790071049802,674.0,52.0,674.0,52.0,0.0,0.0,False,0,0.0,68.0,45.0,692.0,31.8,False,False,False,False,True,11,2.0,False,0,0.0,0.0,SPOKED,SPOKED,1,1.0,80.0,80.0,298.0,718.0,34.9,330.0,1.0
532,450.0,35.0,512.9319064,64.0,133.8,45.0,380.0,80.0,757.6759997,45.0,40.0,28.6,36.5,27.35,21.5,15.0,9.0,ALUMINIUM,25.0,128.4,30.0,0.0,0.0,0.0,0.0,False,False,135.0,2.5,1.7,2.5,1.8,1.6,1.6,1.8,744.0,122.0,744.0,122.0,0.0,0.0,False,0,1.0,68.0,53.0,692.0,35.0,False,False,False,False,True,10,1.0,False,200,200.0,255.0,SPOKED,SPOKED,1,1.0,0.0,0.0,250.0,700.0,35.0,480.0,1.0
533,455.0,70.0,721.2682239,71.0,180.4,35.0,546.2,73.5,748.4959838,45.0,39.0,27.0,36.5,21.25,14.5,15.0,10.1,STEEL,36.3,46.2,56.2,0.0,0.0,0.0,0.0,False,False,142.0,2.5,1.7,2.5,1.8,1.6,1.6,1.8,736.0,114.0,736.0,114.0,0.0,0.0,False,2,1.0,68.0,46.3,692.0,28.6,False,False,True,True,True,9,1.0,False,100,200.0,200.0,SPOKED,SPOKED,1,1.0,0.0,0.0,265.0,720.0,34.9,300.0,1.0
534,415.0,70.0,637.9091156,73.0,191.4,45.0,630.0,73.5,656.6201875,45.0,40.0,33.6,36.5,23.35,13.0,15.0,9.0,STEEL,27.8,32.1,43.5,0.0,0.0,0.0,0.0,False,False,130.0,2.5,1.7,2.5,1.8,1.6,1.6,1.8,674.0,52.0,674.0,52.0,0.0,0.0,False,1,1.0,68.0,45.0,692.0,31.8,False,True,False,False,True,9,1.0,False,200,200.0,255.0,SPOKED,SPOKED,1,1.0,0.0,0.0,275.0,830.0,34.9,300.0,1.0
535,420.0,70.0,641.0649213,73.0,151.0,100.0,540.0,72.5,668.1348776,45.0,40.0,39.75,50.0,28.5,13.0,15.0,9.0,ALUMINIUM,30.6,40.0,55.8,0.0,0.0,0.0,0.0,False,False,130.0,2.5,1.7,2.5,1.8,1.6,1.6,1.8,676.0,54.0,676.0,54.0,0.0,0.0,False,1,1.0,68.0,55.0,692.0,50.0,False,False,False,False,True,10,1.0,False,255,255.0,0.0,SPOKED,SPOKED,1,1.0,0.0,0.0,210.0,709.0,34.9,310.0,1.0
536,550.0,29.5,496.9336227,67.0,100.0,45.0,533.0,65.0,627.6098218,45.0,40.0,28.6,36.5,23.35,13.0,15.0,9.0,STEEL,46.9,44.9,50.1,0.0,0.0,0.0,0.0,False,False,130.0,2.5,1.7,2.5,1.8,1.6,1.6,1.8,628.0,69.0,628.0,69.0,0.0,0.0,False,1,1.0,68.0,45.0,692.0,31.8,False,True,False,False,True,8,2.0,False,150,150.0,150.0,SPOKED,SPOKED,1,1.0,0.0,0.0,278.0,700.0,34.9,300.0,2.0
537,405.0,70.0,593.536575,73.0,145.0,45.0,515.0,74.0,648.3152394,45.0,40.0,28.6,36.5,23.35,13.0,15.0,9.0,STEEL,34.0,49.0,49.9,0.0,0.0,0.0,0.0,False,False,130.0,2.5,1.7,2.5,1.8,1.6,1.6,1.8,674.0,52.0,674.0,52.0,0.0,0.0,False,2,1.0,68.0,45.0,692.0,31.8,False,False,True,True,True,7,1.0,True,173,216.0,230.0,SPOKED,SPOKED,1,1.0,0.0,0.0,298.0,700.0,34.9,300.0,1.0
538,380.0,47.01358832,561.1033732,74.00206468,168.8,45.0,552.4,76.00206468,623.9028894,45.0,40.0,28.6,36.5,23.35,13.0,15.0,9.0,STEEL,33.0,32.4,46.4,0.0,0.0,0.0,0.0,False,False,130.0,2.5,1.7,2.5,1.8,1.6,1.6,1.8,674.0,52.0,674.0,52.0,0.0,0.0,False,0,1.0,68.0,45.0,692.0,31.8,False,True,True,True,True,8,1.0,False,173,216.0,230.0,SPOKED,SPOKED,1,1.0,0.0,0.0,298.0,700.0,34.9,300.0,1.0
539,400.0,7.0,511.5560042,68.0,123.0,45.0,331.0,75.0,640.6227443,45.0,40.0,42.75,49.0,35.0,21.5,15.0,9.0,STEEL,31.0,60.0,42.0,0.0,0.0,0.0,0.0,False,False,130.0,2.5,1.7,2.5,1.8,1.6,1.6,1.8,674.0,52.0,674.0,52.0,0.0,0.0,False,1,2.0,73.0,57.0,692.0,31.8,False,False,False,False,True,6,0.0,False,85,107.0,47.0,SPOKED,SPOKED,1,1.0,0.0,0.0,230.0,700.0,34.9,200.0,2.0
540,425.0,66.0,575.0,74.0,120.0,45.0,555.0,74.0,650.0,45.0,40.0,25.4,36.5,23.35,13.0,15.0,9.0,CARBON,30.0,50.0,40.0,330.0,350.0,16.0,18.0,False,False,130.0,2.0,1.5,1.5,2.0,2.0,2.0,2.0,674.0,52.0,674.0,52.0,0.0,2.0,False,0,3.0,68.0,31.8,692.0,26.8,False,False,True,True,True,11,2.0,False,255,255.0,255.0,SPOKED,SPOKED,1,1.0,80.0,80.0,280.0,720.0,30.0,300.0,0.0
541,405.0,70.0,590.0,69.0,140.0,45.0,515.0,72.0,740.0,45.0,40.0,28.6,50.0,27.35,21.5,15.0,9.0,ALUMINIUM,35.0,60.0,45.0,330.0,350.0,16.0,18.0,True,True,135.0,3.0,2.0,2.0,3.0,2.0,2.0,3.0,744.0,69.0,744.0,69.0,1.0,0.0,False,1,1.0,68.0,45.0,692.0,35.0,False,True,True,True,True,10,2.0,False,200,200.0,255.0,SPOKED,SPOKED,1,1.0,80.0,80.0,260.0,710.0,35.0,300.0,1.0
542,450.0,65.0,560.0,73.0,160.0,50.0,530.0,74.0,640.0,45.0,40.0,28.0,40.0,25.0,15.0,15.0,9.0,STEEL,40.0,70.0,50.0,330.0,350.0,16.0,18.0,False,False,130.0,4.0,2.0,3.0,4.0,3.0,2.0,3.0,674.0,52.0,674.0,52.0,0.0,2.0,False,0,0.0,68.0,46.3,692.0,31.8,False,False,False,False,True,7,1.0,False,200,200.0,255.0,SPOKED,SPOKED,1,1.0,80.0,80.0,278.0,700.0,30.0,300.0,1.0
543,420.0,66.0,575.0,74.0,180.0,45.0,550.0,73.5,650.0,45.0,40.0,26.0,36.5,23.35,15.0,15.0,10.0,STEEL,35.0,50.0,45.0,330.0,350.0,16.0,18.0,False,False,130.0,3.0,2.0,2.0,3.0,2.0,2.0,3.0,674.0,52.0,674.0,52.0,0.0,1.0,False,0,1.0,68.0,45.0,692.0,31.8,False,False,True,True,True,11,2.0,False,0,123.0,167.0,SPOKED,SPOKED,1,1.0,80.0,80.0,275.0,730.0,30.0,300.0,1.0
544,415.0,70.0,640.0,72.5,150.0,45.0,540.0,73.0,660.0,45.0,40.0,40.0,50.0,28.5,13.0,15.0,9.0,STEEL,30.0,45.0,55.0,330.0,350.0,16.0,18.0,False,False,135.0,3.0,2.0,3.0,4.0,3.0,2.0,3.0,744.0,69.0,744.0,69.0,1.0,0.0,False,2,1.0,68.0,55.0,692.0,50.0,False,False,True,True,True,10,2.0,False,255,0.0,0.0,SPOKED,SPOKED,1,1.0,80.0,80.0,260.0,720.0,30.0,300.0,1.0
545,430.0,68.0,600.0,73.0,130.0,45.0,550.0,74.0,630.0,45.0,40.0,26.0,38.0,23.35,15.0,15.0,9.0,STEEL,30.0,50.0,45.0,330.0,350.0,16.0,18.0,False,False,130.0,3.0,2.0,2.5,3.5,2.5,2.0,3.0,674.0,52.0,674.0,52.0,0.0,2.0,False,0,0.0,68.0,46.3,692.0,31.8,False,False,False,False,True,7,1.0,False,0,255.0,0.0,SPOKED,SPOKED,1,1.0,80.0,80.0,278.0,700.0,30.0,300.0,1.0
546,425.0,68.0,580.0,74.0,140.0,45.0,520.0,73.0,665.0,45.0,40.0,27.0,37.0,23.35,15.0,15.0,9.0,STEEL,33.0,48.0,42.0,330.0,350.0,16.0,18.0,False,False,130.0,2.0,1.5,2.0,2.5,2.0,1.5,2.0,674.0,52.0,674.0,52.0,0.0,2.0,False,0,0.0,68.0,31.8,692.0,31.8,False,True,False,False,True,11,2.0,False,255,18.0,0.0,SPOKED,SPOKED,1,1.0,80.0,80.0,280.0,720.0,30.0,300.0,1.0
547,405.0,70.0,590.0,70.0,150.0,45.0,550.0,73.0,720.0,45.0,40.0,27.0,45.0,23.35,15.0,15.0,9.0,STEEL,35.0,50.0,60.0,330.0,350.0,16.0,18.0,False,False,135.0,3.0,2.0,2.5,4.0,3.0,2.0,3.0,744.0,69.0,744.0,69.0,1.0,0.0,False,1,1.0,68.0,45.0,692.0,31.8,False,False,True,True,True,10,2.0,False,135,206.0,250.0,SPOKED,SPOKED,1,1.0,80.0,80.0,260.0,710.0,30.0,300.0,1.0
548,445.0,68.0,620.0,73.0,155.0,45.0,575.0,74.0,645.0,45.0,40.0,30.0,40.0,23.35,15.0,15.0,9.0,STEEL,38.0,80.0,40.0,330.0,350.0,16.0,18.0,False,False,130.0,3.0,2.0,2.0,3.0,2.0,2.0,3.0,674.0,52.0,674.0,52.0,0.0,2.0,False,2,2.0,68.0,45.0,692.0,31.8,False,False,True,True,True,7,1.0,False,255,255.0,255.0,SPOKED,SPOKED,1,1.0,80.0,80.0,280.0,700.0,30.0,300.0,1.0
549,430.0,68.0,580.0,73.5,110.0,45.0,530.0,74.0,650.0,45.0,40.0,25.4,36.5,23.35,13.0,15.0,9.0,ALUMINIUM,28.0,52.0,38.0,330.0,350.0,16.0,18.0,False,False,130.0,1.0,1.0,1.5,1.0,1.0,1.0,1.0,674.0,52.0,674.0,52.0,0.0,1.0,False,1,1.0,68.0,31.8,692.0,26.8,False,False,False,False,True,11,2.0,False,128,128.0,128.0,SPOKED,SPOKED,1,1.0,80.0,80.0,280.0,720.0,30.0,300.0,0.0
550,430.0,60.0,630.0,66.0,130.0,45.0,550.0,73.0,660.0,45.0,40.0,28.0,40.0,28.0,22.0,15.0,10.0,STEEL,40.0,40.0,35.0,330.0,350.0,16.0,16.0,False,False,135.0,2.5,2.0,2.0,2.5,2.0,2.0,2.5,674.0,52.0,674.0,52.0,1.0,0.0,False,1,1.0,68.0,45.0,692.0,31.8,False,False,True,True,True,10,2.0,False,255,165.0,0.0,SPOKED,SPOKED,1,1.0,80.0,80.0,280.0,720.0,34.9,300.0,1.0
551,425.0,65.0,600.0,73.0,140.0,45.0,560.0,73.0,650.0,47.0,40.0,30.0,42.0,28.0,23.0,15.0,10.0,STEEL,40.0,40.0,40.0,330.0,350.0,18.0,16.0,False,False,135.0,3.0,2.0,2.0,2.5,2.0,2.0,3.0,674.0,52.0,674.0,52.0,0.0,0.0,False,2,1.0,68.0,45.0,692.0,31.8,False,False,True,True,True,7,1.0,False,0,0.0,139.0,DISC,SPOKED,0,0.0,0.0,0.0,280.0,700.0,34.9,300.0,1.0
552,410.0,70.0,550.0,73.0,110.0,45.0,540.0,74.0,630.0,45.0,40.0,28.0,36.0,28.0,22.0,15.0,10.0,CARBON,35.0,35.0,35.0,330.0,350.0,16.0,16.0,False,False,130.0,2.0,1.5,1.5,2.0,1.5,1.5,2.0,674.0,52.0,674.0,52.0,0.0,0.0,False,1,1.0,68.0,45.0,692.0,31.8,False,False,True,True,True,11,2.0,False,0,128.0,128.0,DISC,SPOKED,0,0.0,0.0,0.0,280.0,700.0,34.9,300.0,1.0
553,425.0,62.0,635.0,65.0,120.0,45.0,550.0,73.0,670.0,45.0,40.0,28.0,36.0,28.0,22.0,15.0,10.0,CARBON,35.0,35.0,35.0,330.0,350.0,16.0,16.0,False,False,135.0,2.5,1.7,1.7,2.5,1.8,1.8,2.5,674.0,52.0,674.0,52.0,1.0,2.0,False,0,3.0,68.0,53.0,692.0,35.0,False,False,True,True,True,12,2.0,False,25,25.0,112.0,SPOKED,SPOKED,0,0.0,0.0,0.0,280.0,730.0,34.9,300.0,2.0
554,420.0,68.0,600.0,73.0,100.0,45.0,560.0,73.0,640.0,47.0,40.0,30.0,42.0,28.0,22.0,15.0,10.0,STEEL,40.0,40.0,40.0,330.0,350.0,18.0,16.0,False,False,130.0,2.5,2.0,2.0,2.5,2.0,2.0,3.0,674.0,52.0,674.0,52.0,0.0,1.0,False,2,1.0,68.0,45.0,692.0,31.8,False,False,True,True,True,8,1.0,False,124,252.0,0.0,SPOKED,SPOKED,0,0.0,0.0,0.0,280.0,710.0,34.9,300.0,1.0
555,400.0,70.0,550.0,73.0,90.0,45.0,540.0,73.0,630.0,45.0,40.0,25.0,36.0,28.0,22.0,15.0,10.0,ALUMINIUM,35.0,35.0,35.0,330.0,350.0,18.0,16.0,False,False,130.0,3.0,2.0,2.0,3.0,2.0,2.0,3.0,674.0,52.0,674.0,52.0,0.0,2.0,False,2,1.0,68.0,52.0,692.0,31.8,False,False,False,False,True,11,2.0,False,204,204.0,255.0,SPOKED,DISC,0,0.0,0.0,0.0,280.0,700.0,34.9,300.0,1.0
556,430.0,63.0,625.0,66.0,120.0,45.0,560.0,73.0,660.0,45.0,40.0,28.0,36.0,28.0,22.0,15.0,10.0,STEEL,40.0,40.0,40.0,330.0,350.0,16.0,16.0,False,False,135.0,2.5,2.0,2.0,2.5,2.0,2.0,2.5,674.0,52.0,674.0,52.0,1.0,1.0,False,1,1.0,68.0,45.0,692.0,31.8,False,False,True,True,True,10,1.0,False,255,255.0,240.0,SPOKED,SPOKED,1,1.0,80.0,80.0,280.0,720.0,34.9,300.0,1.0
557,420.0,70.0,600.0,73.0,110.0,45.0,560.0,73.0,640.0,47.0,40.0,30.0,42.0,28.0,22.0,15.0,10.0,CARBON,40.0,40.0,40.0,330.0,350.0,18.0,16.0,False,False,130.0,2.0,1.5,1.5,2.0,1.5,1.5,2.0,674.0,52.0,674.0,52.0,0.0,2.0,False,2,1.0,68.0,45.0,692.0,31.8,False,False,False,False,True,9,1.0,False,0,0.0,0.0,SPOKED,SPOKED,0,0.0,0.0,0.0,280.0,700.0,34.9,300.0,1.0
558,415.0,65.0,560.0,73.0,100.0,45.0,550.0,73.0,630.0,45.0,40.0,28.0,36.0,28.0,22.0,15.0,10.0,CARBON,35.0,35.0,35.0,330.0,350.0,16.0,16.0,False,False,130.0,2.0,1.5,1.5,2.0,1.5,1.5,2.0,674.0,52.0,674.0,52.0,0.0,2.0,False,2,1.0,68.0,45.0,692.0,31.8,False,False,False,False,True,11,2.0,False,0,0.0,255.0,SPOKED,SPOKED,0,0.0,0.0,0.0,280.0,710.0,34.9,300.0,1.0
559,420.0,60.0,580.0,72.0,90.0,45.0,550.0,73.0,640.0,40.0,40.0,40.0,36.0,28.0,22.0,15.0,10.0,TITANIUM,35.0,35.0,35.0,330.0,350.0,16.0,16.0,False,False,130.0,2.0,1.5,1.5,2.0,1.5,1.5,2.0,674.0,52.0,674.0,52.0,2.0,2.0,False,0,0.0,68.0,45.0,692.0,35.0,False,False,True,True,True,11,2.0,False,0,51.0,204.0,TRISPOKE,DISC,3,0.0,80.0,0.0,280.0,720.0,34.9,300.0,0.0
560,410.0,70.0,640.0,73.0,140.0,45.0,540.0,73.0,668.0,45.0,40.0,30.0,38.0,25.0,22.0,13.0,15.0,STEEL,35.0,40.0,50.0,330.0,350.0,16.0,18.0,False,False,135.0,3.0,2.0,3.0,1.5,1.0,1.0,1.0,628.0,50.0,674.0,50.0,0.0,1.0,False,0,1.0,68.0,36.0,0.0,31.8,False,True,True,True,True,8,2.0,False,112,128.0,144.0,TRISPOKE,DISC,1,0.0,90.0,0.0,280.0,720.0,34.0,300.0,2.0
561,415.0,65.0,620.0,74.0,110.0,45.0,530.0,74.0,665.0,45.0,40.0,30.0,36.5,23.35,23.35,13.0,15.0,ALUMINIUM,30.0,38.0,45.0,330.0,350.0,16.0,18.0,False,False,130.0,3.0,2.0,3.0,2.5,1.2,1.0,1.5,700.0,40.0,700.0,40.0,0.0,0.0,False,0,1.0,68.0,40.0,0.0,31.8,False,False,True,True,True,10,2.0,False,200,200.0,255.0,SPOKED,SPOKED,1,1.0,0.0,0.0,270.0,800.0,34.9,350.0,2.0
562,430.0,50.0,580.0,65.0,120.0,45.0,520.0,75.0,650.0,55.0,40.0,30.0,35.0,28.0,25.0,15.0,15.0,CARBON,28.0,45.0,35.0,330.0,350.0,16.0,18.0,False,False,157.0,2.0,2.0,2.5,3.0,1.5,1.0,1.5,630.0,50.0,630.0,50.0,1.0,0.0,False,0,1.0,68.0,44.0,0.0,35.0,False,True,True,True,True,10,2.0,False,0,0.0,0.0,SPOKED,SPOKED,1,1.0,0.0,0.0,260.0,720.0,36.5,330.0,2.0
563,420.0,68.0,630.0,73.0,130.0,45.0,550.0,73.0,660.0,45.0,40.0,32.0,36.5,23.35,23.35,13.0,15.0,STEEL,32.0,42.0,40.0,330.0,350.0,16.0,18.0,False,False,130.0,3.0,2.0,3.0,2.0,1.2,1.0,1.5,674.0,52.0,674.0,52.0,0.0,1.0,False,1,1.0,68.0,38.0,0.0,31.8,False,False,True,True,True,7,1.0,False,255,0.0,255.0,SPOKED,SPOKED,1,1.0,0.0,0.0,280.0,730.0,34.0,300.0,2.0
564,405.0,68.0,640.0,74.0,135.0,45.0,540.0,74.0,660.0,45.0,40.0,30.0,36.5,23.35,23.35,13.0,15.0,STEEL,30.0,38.0,45.0,330.0,350.0,16.0,18.0,False,False,130.0,3.0,2.0,3.0,2.0,1.2,1.0,1.5,700.0,40.0,700.0,40.0,0.0,1.0,False,1,1.0,68.0,40.0,0.0,31.8,False,False,True,True,True,9,2.0,False,200,200.0,255.0,SPOKED,SPOKED,1,1.0,0.0,0.0,265.0,820.0,34.9,300.0,2.0
565,435.0,50.0,590.0,66.0,120.0,45.0,530.0,75.0,650.0,55.0,40.0,30.0,36.5,28.5,27.35,15.0,15.0,CARBON,30.0,40.0,35.0,330.0,350.0,16.0,18.0,False,False,157.0,2.0,2.0,2.5,3.0,1.5,1.2,1.5,630.0,50.0,630.0,50.0,1.0,1.0,False,1,1.0,68.0,45.0,0.0,35.0,False,False,True,True,True,11,1.0,False,200,200.0,255.0,SPOKED,SPOKED,1,1.0,0.0,0.0,270.0,750.0,36.5,350.0,2.0
566,405.0,70.0,610.0,73.0,150.0,45.0,520.0,73.0,650.0,45.0,40.0,32.0,36.5,23.35,23.35,13.0,15.0,STEEL,40.0,40.0,45.0,330.0,350.0,16.0,18.0,False,False,130.0,3.0,2.0,3.0,1.5,1.2,1.0,1.5,674.0,52.0,674.0,52.0,0.0,0.0,False,1,1.0,68.0,38.0,0.0,31.8,False,False,True,True,True,8,1.0,False,200,200.0,255.0,SPOKED,SPOKED,1,1.0,0.0,0.0,275.0,710.0,34.9,300.0,2.0
567,415.0,68.0,620.0,74.0,125.0,45.0,530.0,74.0,665.0,45.0,40.0,32.0,36.5,25.0,23.35,13.0,15.0,TITANIUM,35.0,40.0,45.0,330.0,350.0,16.0,18.0,False,False,130.0,2.5,2.0,3.0,1.8,1.2,1.0,1.5,700.0,40.0,700.0,40.0,0.0,0.0,False,0,3.0,68.0,42.0,0.0,35.0,False,True,True,True,True,10,2.0,False,0,255.0,255.0,SPOKED,SPOKED,1,1.0,0.0,0.0,280.0,790.0,34.9,400.0,1.0
568,435.0,50.0,610.0,67.0,130.0,45.0,540.0,75.0,650.0,55.0,40.0,30.0,38.0,27.0,23.35,15.0,15.0,CARBON,30.0,40.0,35.0,330.0,350.0,16.0,18.0,False,False,157.0,2.0,2.0,2.5,3.0,1.5,1.2,1.5,630.0,50.0,630.0,50.0,1.0,1.0,False,1,1.0,68.0,44.0,0.0,35.0,False,False,True,True,True,11,1.0,False,200,200.0,255.0,SPOKED,SPOKED,1,1.0,0.0,0.0,270.0,730.0,36.5,350.0,2.0
569,420.0,68.0,625.0,73.0,140.0,45.0,530.0,73.0,660.0,45.0,40.0,33.0,36.5,25.0,23.35,13.0,15.0,ALUMINIUM,38.0,40.0,42.0,330.0,350.0,16.0,18.0,False,False,130.0,3.0,2.0,3.0,2.0,1.2,1.0,1.5,674.0,52.0,674.0,52.0,0.0,0.0,False,1,1.0,68.0,38.0,0.0,31.8,False,False,False,False,True,8,1.0,False,255,0.0,0.0,SPOKED,SPOKED,1,1.0,0.0,0.0,275.0,720.0,34.9,300.0,2.0
570,420.0,60.0,630.0,73.0,140.0,45.0,550.0,73.0,630.0,45.0,40.0,35.0,36.0,23.0,23.0,13.0,9.0,STEEL,50.0,50.0,50.0,330.0,350.0,16.0,18.0,False,False,130.0,3.0,2.5,2.5,2.5,2.5,2.5,2.5,674.0,52.0,674.0,52.0,0.0,0.0,False,1,1.0,68.0,40.0,0.0,34.9,False,False,True,True,True,8,2.0,False,60,179.0,113.0,SPOKED,SPOKED,0,0.0,0.0,0.0,280.0,750.0,28.0,300.0,1.0
571,430.0,60.0,620.0,66.0,120.0,45.0,540.0,73.0,600.0,45.0,40.0,35.0,36.0,23.0,23.0,13.0,9.0,ALUMINIUM,45.0,45.0,45.0,330.0,350.0,16.0,18.0,False,False,135.0,2.5,2.5,2.5,2.5,2.5,2.5,2.5,674.0,52.0,674.0,52.0,1.0,1.0,False,0,1.0,68.0,40.0,0.0,34.9,False,False,True,True,True,8,2.0,False,192,192.0,192.0,SPOKED,SPOKED,0,0.0,0.0,0.0,280.0,730.0,28.0,300.0,1.0
572,420.0,60.0,620.0,73.0,140.0,45.0,550.0,73.0,620.0,45.0,40.0,35.0,36.0,23.0,23.0,13.0,9.0,STEEL,50.0,50.0,50.0,330.0,350.0,16.0,18.0,False,False,130.0,3.0,2.5,2.5,2.5,2.5,2.5,2.5,674.0,52.0,674.0,52.0,0.0,0.0,False,0,1.0,68.0,40.0,0.0,34.9,False,False,True,True,True,8,2.0,False,141,130.0,208.0,SPOKED,SPOKED,0,0.0,0.0,0.0,280.0,740.0,28.0,300.0,1.0
573,415.0,65.0,580.0,74.0,130.0,45.0,540.0,73.0,620.0,45.0,40.0,35.0,36.0,23.0,23.0,13.0,9.0,STEEL,48.0,48.0,48.0,330.0,350.0,16.0,18.0,False,False,130.0,3.0,2.5,2.5,2.5,2.5,2.5,2.5,674.0,52.0,674.0,52.0,0.0,0.0,False,1,1.0,68.0,40.0,0.0,34.9,False,False,True,True,True,8,2.0,False,153,153.0,51.0,SPOKED,SPOKED,0,0.0,0.0,0.0,280.0,760.0,28.0,300.0,1.0
574,440.0,60.0,630.0,66.0,125.0,45.0,550.0,73.0,600.0,45.0,40.0,35.0,36.0,23.0,23.0,13.0,9.0,STEEL,46.0,46.0,46.0,330.0,350.0,16.0,18.0,False,False,135.0,2.5,2.5,2.5,2.5,2.5,2.5,2.5,674.0,52.0,674.0,52.0,1.0,0.0,False,0,1.0,68.0,40.0,0.0,34.9,False,False,True,True,True,8,2.0,False,204,0.0,0.0,SPOKED,SPOKED,0,0.0,0.0,0.0,280.0,720.0,28.0,300.0,1.0
575,425.0,60.0,610.0,73.0,140.0,45.0,550.0,73.0,630.0,45.0,40.0,35.0,36.0,23.0,23.0,13.0,9.0,STEEL,50.0,50.0,50.0,330.0,350.0,16.0,18.0,False,False,130.0,3.0,2.5,2.5,2.5,2.5,2.5,2.5,674.0,52.0,674.0,52.0,0.0,0.0,False,1,1.0,68.0,40.0,0.0,34.9,False,False,True,True,True,8,2.0,False,124,252.0,0.0,SPOKED,SPOKED,0,0.0,0.0,0.0,280.0,750.0,28.0,300.0,1.0
576,410.0,60.0,600.0,73.0,120.0,45.0,540.0,73.0,630.0,45.0,40.0,35.0,36.0,23.0,23.0,13.0,9.0,ALUMINIUM,50.0,50.0,50.0,330.0,350.0,16.0,18.0,False,False,130.0,2.5,2.5,2.5,2.5,2.5,2.5,2.5,674.0,52.0,674.0,52.0,0.0,0.0,False,0,0.0,68.0,40.0,0.0,34.9,False,False,True,True,True,8,2.0,False,200,162.0,200.0,SPOKED,SPOKED,0,0.0,0.0,0.0,280.0,730.0,28.0,300.0,1.0
577,440.0,65.0,620.0,66.0,125.0,45.0,550.0,73.0,600.0,45.0,40.0,35.0,36.0,23.0,23.0,13.0,9.0,STEEL,46.0,46.0,46.0,330.0,350.0,16.0,18.0,False,False,135.0,3.0,2.5,2.5,2.5,2.5,2.5,2.5,674.0,52.0,674.0,52.0,1.0,0.0,False,1,1.0,68.0,40.0,0.0,34.9,False,False,True,True,True,8,2.0,False,255,165.0,0.0,SPOKED,SPOKED,0,0.0,0.0,0.0,280.0,740.0,28.0,300.0,1.0
578,420.0,60.0,620.0,73.0,130.0,45.0,540.0,73.0,630.0,45.0,40.0,35.0,36.0,23.0,23.0,13.0,9.0,ALUMINIUM,50.0,50.0,50.0,330.0,350.0,16.0,18.0,False,False,130.0,2.5,2.5,2.5,2.5,2.5,2.5,2.5,674.0,52.0,674.0,52.0,0.0,0.0,False,1,1.0,68.0,40.0,0.0,34.9,False,False,True,True,True,8,2.0,True,0,0.0,0.0,SPOKED,SPOKED,0,0.0,0.0,0.0,280.0,760.0,28.0,300.0,1.0
579,415.0,60.0,600.0,73.0,120.0,45.0,540.0,73.0,630.0,45.0,40.0,35.0,36.0,23.0,23.0,13.0,9.0,ALUMINIUM,50.0,50.0,50.0,330.0,350.0,16.0,18.0,False,False,130.0,2.5,2.5,2.5,2.5,2.5,2.5,2.5,674.0,52.0,674.0,52.0,0.0,0.0,False,0,1.0,68.0,40.0,0.0,34.9,False,True,True,True,True,8,2.0,False,153,102.0,204.0,SPOKED,SPOKED,0,0.0,0.0,0.0,280.0,730.0,28.0,300.0,1.0
580,430.0,68.0,620.0,66.0,120.0,45.0,550.0,73.0,600.0,50.0,40.0,31.8,28.6,23.35,23.35,13.0,15.0,CARBON,30.0,30.0,30.0,330.0,350.0,16.0,18.0,False,False,142.0,2.0,2.0,2.0,2.5,1.5,1.5,2.0,700.0,52.0,700.0,52.0,1.0,2.0,True,2,1.0,68.0,44.0,690.0,31.8,False,False,True,True,True,12,1.0,False,0,0.0,0.0,TRISPOKE,DISC,1,0.0,50.0,0.0,280.0,300.0,28.6,300.0,1.0
581,420.0,70.0,580.0,73.0,80.0,45.0,540.0,74.0,610.0,50.0,40.0,31.8,28.6,23.35,23.35,13.0,15.0,STEEL,30.0,30.0,30.0,330.0,350.0,16.0,18.0,False,False,130.0,2.0,2.0,2.0,2.5,1.5,1.5,2.0,700.0,52.0,700.0,52.0,0.0,0.0,False,0,1.0,68.0,33.0,690.0,31.8,False,False,True,True,True,8,1.0,False,255,0.0,0.0,TRISPOKE,SPOKED,1,0.0,50.0,0.0,280.0,300.0,28.6,300.0,1.0
582,420.0,68.0,600.0,74.0,100.0,45.0,540.0,74.0,610.0,50.0,40.0,31.8,28.6,23.35,23.35,13.0,15.0,STEEL,30.0,30.0,30.0,330.0,350.0,16.0,18.0,False,False,130.0,2.0,2.0,2.0,2.5,1.5,1.5,2.0,700.0,52.0,700.0,52.0,0.0,0.0,False,0,1.0,68.0,33.0,690.0,31.8,False,False,False,False,True,10,2.0,False,0,255.0,0.0,SPOKED,SPOKED,0,0.0,0.0,0.0,280.0,300.0,28.6,300.0,1.0
583,435.0,70.0,630.0,65.0,100.0,45.0,550.0,73.0,620.0,50.0,40.0,31.8,28.6,23.35,23.35,13.0,15.0,STEEL,30.0,30.0,30.0,330.0,350.0,16.0,18.0,False,False,142.0,2.0,2.0,2.0,2.5,1.5,1.5,2.0,700.0,52.0,700.0,52.0,1.0,1.0,False,1,1.0,68.0,33.0,690.0,31.8,False,False,True,True,True,11,1.0,False,255,255.0,255.0,SPOKED,SPOKED,0,0.0,0.0,0.0,280.0,300.0,28.6,300.0,1.0
584,425.0,68.0,580.0,73.0,80.0,45.0,540.0,74.0,610.0,50.0,40.0,31.8,28.6,23.35,23.35,13.0,15.0,CARBON,30.0,30.0,30.0,330.0,350.0,16.0,18.0,False,False,130.0,2.0,2.0,2.0,2.5,1.5,1.5,2.0,700.0,52.0,700.0,52.0,0.0,0.0,False,0,1.0,68.0,33.0,690.0,31.8,False,True,True,True,True,8,1.0,False,200,200.0,255.0,SPOKED,SPOKED,0,0.0,0.0,0.0,280.0,300.0,28.6,300.0,1.0
585,425.0,68.0,600.0,74.0,120.0,45.0,550.0,74.0,600.0,50.0,40.0,31.8,28.6,23.35,23.35,13.0,15.0,STEEL,30.0,30.0,30.0,330.0,350.0,16.0,18.0,False,False,130.0,2.0,2.0,2.0,2.5,1.5,1.5,2.0,700.0,52.0,700.0,52.0,2.0,2.0,True,2,3.0,68.0,44.0,690.0,31.8,False,False,False,False,True,11,2.0,False,0,0.0,0.0,SPOKED,SPOKED,0,0.0,0.0,0.0,280.0,300.0,28.6,300.0,3.0
586,440.0,70.0,650.0,67.0,100.0,45.0,560.0,73.0,620.0,50.0,40.0,31.8,28.6,23.35,23.35,13.0,15.0,STEEL,30.0,30.0,30.0,330.0,350.0,16.0,18.0,False,False,142.0,2.0,2.0,2.0,2.5,1.5,1.5,2.0,700.0,52.0,700.0,52.0,1.0,0.0,False,0,1.0,68.0,33.0,690.0,31.8,False,False,False,False,True,10,2.0,False,255,0.0,0.0,SPOKED,SPOKED,0,0.0,0.0,0.0,280.0,300.0,28.6,300.0,1.0
587,420.0,68.0,580.0,73.0,90.0,45.0,540.0,74.0,610.0,50.0,40.0,31.8,28.6,23.35,23.35,13.0,15.0,STEEL,30.0,30.0,30.0,330.0,350.0,16.0,18.0,False,False,130.0,2.0,2.0,2.0,2.5,1.5,1.5,2.0,700.0,52.0,700.0,52.0,0.0,1.0,False,1,1.0,68.0,33.0,690.0,31.8,False,False,False,False,True,8,1.0,False,128,128.0,128.0,SPOKED,SPOKED,0,0.0,0.0,0.0,280.0,300.0,28.6,300.0,1.0
588,430.0,68.0,600.0,73.0,120.0,45.0,550.0,74.0,600.0,50.0,40.0,31.8,28.6,23.35,23.35,13.0,15.0,CARBON,30.0,30.0,30.0,330.0,350.0,16.0,18.0,False,False,130.0,2.0,2.0,2.0,2.5,1.5,1.5,2.0,700.0,52.0,700.0,52.0,0.0,0.0,False,0,1.0,68.0,33.0,690.0,31.8,False,False,False,False,True,11,2.0,False,255,165.0,0.0,SPOKED,SPOKED,0,0.0,0.0,0.0,280.0,300.0,28.6,300.0,1.0
589,435.0,68.0,630.0,67.0,100.0,45.0,560.0,73.0,620.0,50.0,40.0,31.8,28.6,23.35,23.35,13.0,15.0,STEEL,30.0,30.0,30.0,330.0,350.0,16.0,18.0,False,False,142.0,2.0,2.0,2.0,2.5,1.5,1.5,2.0,700.0,52.0,700.0,52.0,0.0,1.0,False,1,1.0,68.0,33.0,690.0,31.8,False,True,False,False,True,11,1.0,False,255,0.0,0.0,SPOKED,SPOKED,0,0.0,0.0,0.0,280.0,300.0,28.6,300.0,1.0
590,425.0,66.0,575.0,73.0,120.0,45.0,555.0,74.0,650.0,45.0,40.0,25.4,36.5,23.35,23.35,13.0,15.0,STEEL,63.0,48.0,40.0,330.0,350.0,16.0,18.0,False,False,130.0,3.0,2.0,2.0,2.0,1.5,1.5,1.5,674.0,52.0,674.0,52.0,0.0,0.0,False,1,1.0,68.0,45.0,0.0,31.8,False,False,False,False,False,8,1.0,False,127,255.0,212.0,SPOKED,SPOKED,0,0.0,0.0,0.0,278.0,80.0,36.5,700.0,1.0
591,430.0,66.0,610.0,73.0,140.0,45.0,555.0,74.0,700.0,45.0,40.0,25.4,28.6,23.35,23.35,13.0,15.0,CARBON,25.0,128.0,30.0,330.0,350.0,16.0,18.0,False,False,130.0,2.0,1.5,2.5,2.0,1.0,1.0,1.0,674.0,52.0,674.0,52.0,0.0,0.0,False,0,0.0,68.0,45.0,0.0,31.8,True,True,True,True,True,11,2.0,False,204,204.0,255.0,SPOKED,SPOKED,0,0.0,0.0,0.0,278.0,80.0,28.6,700.0,1.0
592,450.0,66.0,520.0,67.0,120.0,45.0,555.0,74.0,650.0,45.0,40.0,25.4,36.5,23.35,23.35,13.0,15.0,STEEL,63.0,48.0,40.0,330.0,350.0,16.0,18.0,False,False,157.0,3.0,2.0,2.0,2.0,1.5,1.5,1.5,674.0,52.0,674.0,52.0,0.0,0.0,False,0,0.0,68.0,45.0,0.0,31.8,False,False,False,False,True,10,1.0,False,0,158.0,96.0,SPOKED,DISC,0,0.0,0.0,0.0,278.0,80.0,36.5,700.0,1.0
593,425.0,66.0,575.0,73.0,120.0,45.0,555.0,74.0,650.0,45.0,40.0,25.4,36.5,23.35,23.35,13.0,15.0,STEEL,63.0,48.0,40.0,330.0,350.0,16.0,18.0,False,False,130.0,3.0,2.0,2.0,2.0,1.5,1.5,1.5,674.0,52.0,674.0,52.0,0.0,0.0,False,1,1.0,68.0,45.0,0.0,31.8,False,False,False,False,True,8,1.0,True,0,0.0,0.0,SPOKED,SPOKED,0,0.0,0.0,0.0,278.0,80.0,36.5,700.0,1.0
594,430.0,66.0,610.0,73.0,140.0,45.0,555.0,74.0,700.0,45.0,40.0,25.4,28.6,23.35,23.35,13.0,15.0,CARBON,25.0,128.0,30.0,330.0,350.0,16.0,18.0,False,False,130.0,2.0,1.5,2.5,2.0,1.0,1.0,1.0,674.0,52.0,674.0,52.0,0.0,0.0,False,0,0.0,68.0,45.0,0.0,31.8,False,True,True,True,True,11,2.0,False,204,204.0,255.0,SPOKED,SPOKED,0,0.0,0.0,0.0,278.0,80.0,28.6,700.0,1.0
595,450.0,66.0,520.0,67.0,120.0,45.0,555.0,74.0,650.0,45.0,40.0,25.4,28.6,23.35,23.35,13.0,15.0,CARBON,25.0,128.0,30.0,330.0,350.0,16.0,18.0,False,False,157.0,2.0,1.5,2.5,2.0,1.0,1.0,1.0,674.0,52.0,674.0,52.0,1.0,0.0,False,1,1.0,68.0,45.0,0.0,31.8,True,True,True,True,True,10,1.0,False,0,255.0,0.0,SPOKED,SPOKED,0,0.0,0.0,0.0,278.0,80.0,28.6,700.0,1.0
596,425.0,66.0,575.0,73.0,120.0,45.0,555.0,74.0,650.0,45.0,40.0,25.4,36.5,23.35,23.35,13.0,15.0,STEEL,63.0,48.0,40.0,330.0,350.0,16.0,18.0,False,False,130.0,3.0,2.0,2.0,2.0,1.5,1.5,1.5,674.0,52.0,674.0,52.0,0.0,0.0,False,1,1.0,68.0,45.0,0.0,31.8,False,False,False,False,False,8,1.0,False,255,255.0,255.0,SPOKED,SPOKED,0,0.0,0.0,0.0,278.0,80.0,36.5,700.0,1.0
597,430.0,66.0,610.0,73.0,130.0,45.0,555.0,74.0,700.0,45.0,40.0,25.4,36.5,23.35,23.35,13.0,15.0,TITANIUM,63.0,48.0,40.0,330.0,350.0,16.0,18.0,False,False,130.0,3.0,2.0,2.0,2.0,1.5,1.5,1.5,674.0,52.0,674.0,52.0,0.0,0.0,False,1,1.0,68.0,45.0,0.0,31.8,True,True,True,True,True,11,2.0,False,85,107.0,47.0,SPOKED,SPOKED,0,0.0,0.0,0.0,278.0,80.0,36.5,700.0,1.0
598,450.0,66.0,520.0,67.0,120.0,45.0,555.0,74.0,650.0,45.0,40.0,25.4,28.6,23.35,23.35,13.0,15.0,CARBON,25.0,128.0,30.0,330.0,350.0,16.0,18.0,False,False,157.0,2.0,1.5,2.5,2.0,1.0,1.0,1.0,674.0,52.0,674.0,52.0,1.0,0.0,False,2,1.0,68.0,45.0,0.0,31.8,False,False,True,True,True,10,1.0,False,135,206.0,235.0,SPOKED,SPOKED,0,0.0,0.0,0.0,278.0,80.0,28.6,700.0,1.0
599,425.0,66.0,575.0,73.0,120.0,45.0,555.0,74.0,650.0,45.0,40.0,25.4,36.5,23.35,23.35,13.0,15.0,STEEL,63.0,48.0,40.0,330.0,350.0,16.0,18.0,False,False,130.0,3.0,2.0,2.0,2.0,1.5,1.5,1.5,674.0,52.0,674.0,52.0,0.0,0.0,False,0,0.0,68.0,45.0,0.0,31.8,False,False,True,True,False,8,1.0,False,0,71.0,171.0,SPOKED,SPOKED,0,0.0,0.0,0.0,278.0,80.0,36.5,700.0,1.0
600,425.0,67.0,575.0,73.0,145.0,45.0,560.0,74.0,650.0,45.0,40.0,25.4,36.5,23.35,23.35,13.0,15.0,TITANIUM,30.0,45.0,40.0,330.0,350.0,16.0,18.0,False,False,130.0,3.0,2.5,3.0,3.0,1.5,1.5,1.5,674.0,52.0,674.0,52.0,0.0,2.0,False,0,1.0,68.0,31.8,0.0,31.8,True,True,True,True,True,10,2.0,False,85,107.0,47.0,SPOKED,SPOKED,0,0.0,0.0,0.0,280.0,350.0,34.9,350.0,1.0
601,430.0,68.0,600.0,73.0,150.0,45.0,550.0,73.0,660.0,45.0,40.0,28.6,36.5,23.35,23.35,13.0,15.0,STEEL,32.0,45.0,40.0,330.0,350.0,16.0,18.0,False,False,130.0,3.0,2.5,3.0,3.0,1.5,1.5,1.5,744.0,120.0,744.0,120.0,1.0,1.0,False,0,1.0,68.0,31.8,0.0,31.8,False,False,True,True,True,11,2.0,False,204,204.0,255.0,SPOKED,SPOKED,0,0.0,0.0,0.0,280.0,350.0,34.9,350.0,1.0
602,422.0,67.0,580.0,72.0,140.0,45.0,530.0,74.0,640.0,45.0,40.0,28.6,36.5,23.35,23.35,13.0,15.0,STEEL,28.0,45.0,40.0,330.0,350.0,16.0,18.0,False,False,130.0,3.0,2.5,3.0,3.0,1.5,1.5,1.5,674.0,52.0,674.0,52.0,0.0,1.0,False,1,1.0,68.0,31.8,0.0,31.8,False,False,False,False,True,8,1.0,False,192,192.0,192.0,SPOKED,SPOKED,0,0.0,0.0,0.0,280.0,350.0,34.9,350.0,1.0
603,428.0,67.0,590.0,73.0,150.0,45.0,550.0,73.0,650.0,45.0,40.0,28.6,36.5,23.35,23.35,13.0,15.0,STEEL,30.0,45.0,40.0,330.0,350.0,16.0,18.0,False,False,130.0,3.0,2.5,3.0,3.0,1.5,1.5,1.5,674.0,52.0,674.0,52.0,0.0,2.0,False,0,1.0,68.0,31.8,0.0,31.8,False,False,False,False,True,10,2.0,False,192,192.0,192.0,SPOKED,SPOKED,0,0.0,0.0,0.0,280.0,350.0,34.9,350.0,1.0
604,432.0,68.0,615.0,71.0,155.0,45.0,580.0,72.0,680.0,45.0,40.0,28.6,36.5,23.35,23.35,13.0,15.0,STEEL,33.0,45.0,40.0,330.0,350.0,16.0,18.0,False,False,130.0,3.0,2.5,3.0,3.0,1.5,1.5,1.5,744.0,120.0,744.0,120.0,1.0,1.0,False,1,1.0,68.0,31.8,0.0,31.8,False,False,True,True,True,11,1.0,False,105,105.0,105.0,SPOKED,SPOKED,0,0.0,0.0,0.0,280.0,350.0,34.9,350.0,1.0
605,430.0,67.0,600.0,72.0,145.0,45.0,550.0,74.0,650.0,45.0,40.0,28.6,36.5,23.35,23.35,13.0,15.0,STEEL,30.0,45.0,40.0,330.0,350.0,16.0,18.0,False,False,130.0,3.0,2.5,3.0,3.0,1.5,1.5,1.5,674.0,52.0,674.0,52.0,0.0,2.0,False,2,1.0,68.0,31.8,0.0,31.8,False,False,True,True,True,8,2.0,False,0,0.0,139.0,SPOKED,SPOKED,0,0.0,0.0,0.0,280.0,350.0,34.9,350.0,1.0
606,425.0,67.0,595.0,73.0,140.0,45.0,560.0,74.0,650.0,45.0,40.0,28.6,36.5,23.35,23.35,13.0,15.0,STEEL,29.0,45.0,40.0,330.0,350.0,16.0,18.0,False,False,130.0,3.0,2.5,3.0,3.0,1.5,1.5,1.5,674.0,52.0,674.0,52.0,0.0,2.0,False,0,1.0,68.0,31.8,0.0,31.8,False,False,True,True,True,10,2.0,False,255,255.0,255.0,SPOKED,SPOKED,0,0.0,0.0,0.0,280.0,350.0,34.9,350.0,1.0
607,435.0,69.0,620.0,70.0,160.0,45.0,600.0,72.0,700.0,45.0,40.0,28.6,36.5,23.35,23.35,13.0,15.0,STEEL,35.0,45.0,40.0,330.0,350.0,16.0,18.0,False,False,130.0,3.0,2.5,3.0,3.0,1.5,1.5,1.5,744.0,120.0,744.0,120.0,1.0,1.0,False,1,1.0,68.0,31.8,0.0,31.8,False,False,False,False,True,11,1.0,False,105,105.0,105.0,SPOKED,SPOKED,0,0.0,0.0,0.0,280.0,350.0,34.9,350.0,1.0
608,430.0,66.0,580.0,74.0,145.0,45.0,560.0,75.0,650.0,45.0,40.0,28.6,36.5,23.35,23.35,13.0,15.0,CARBON,30.0,45.0,40.0,330.0,350.0,16.0,18.0,False,False,130.0,3.0,2.5,3.0,3.0,1.5,1.5,1.5,674.0,52.0,674.0,52.0,0.0,2.0,False,2,1.0,68.0,31.8,0.0,31.8,False,False,True,True,True,10,2.0,False,0,0.0,0.0,SPOKED,DISC,0,0.0,0.0,0.0,280.0,350.0,34.9,350.0,1.0
609,428.0,67.0,600.0,73.0,150.0,45.0,560.0,73.0,650.0,45.0,40.0,28.6,36.5,23.35,23.35,13.0,15.0,CARBON,30.0,45.0,40.0,330.0,350.0,16.0,18.0,False,False,130.0,3.0,2.5,3.0,3.0,1.5,1.5,1.5,674.0,52.0,674.0,52.0,2.0,2.0,True,0,1.0,68.0,31.8,0.0,31.8,False,True,False,False,True,10,2.0,False,204,204.0,255.0,SPOKED,SPOKED,0,0.0,0.0,0.0,280.0,350.0,34.9,350.0,1.0
610,430.0,65.0,580.0,68.0,150.0,45.0,550.0,74.0,710.0,45.0,40.0,35.0,36.5,25.0,15.0,15.0,9.0,ALUMINIUM,30.0,45.0,40.0,330.0,350.0,16.0,18.0,False,False,135.0,2.5,2.0,2.5,3.0,2.0,2.0,2.0,674.0,50.0,674.0,50.0,1.0,1.0,False,0,1.0,68.0,44.0,0.0,31.8,False,True,False,False,True,10,2.0,False,173,216.0,230.0,SPOKED,SPOKED,0,0.0,0.0,0.0,280.0,750.0,44.0,300.0,1.0
611,425.0,63.0,620.0,73.0,120.0,45.0,555.0,74.0,660.0,47.0,40.0,34.9,36.5,23.35,15.0,15.0,9.0,STEEL,25.0,45.0,40.0,330.0,350.0,16.0,18.0,False,False,135.0,3.0,2.5,3.0,3.5,2.5,2.5,2.5,674.0,50.0,674.0,50.0,0.0,0.0,False,0,1.0,68.0,44.0,0.0,31.8,False,True,True,True,True,8,1.0,True,0,0.0,0.0,SPOKED,SPOKED,0,0.0,0.0,0.0,280.0,700.0,44.0,300.0,1.0
612,425.0,70.0,620.0,74.0,140.0,45.0,555.0,73.5,680.0,45.0,40.0,34.0,36.5,23.35,15.0,15.0,9.0,ALUMINIUM,26.0,46.0,38.0,330.0,350.0,16.0,18.0,False,False,130.0,2.5,2.0,2.5,3.0,2.0,2.0,2.0,674.0,50.0,674.0,50.0,0.0,0.0,False,0,1.0,68.0,44.0,0.0,31.8,True,True,True,True,True,9,2.0,False,169,169.0,169.0,SPOKED,SPOKED,0,0.0,0.0,0.0,280.0,750.0,44.0,300.0,1.0
613,435.0,60.0,600.0,67.0,160.0,45.0,550.0,74.0,720.0,45.0,40.0,34.9,36.5,27.35,19.0,15.0,9.0,CARBON,28.0,45.0,42.0,330.0,350.0,16.0,18.0,False,False,135.0,1.8,1.5,2.0,2.8,1.8,1.8,1.8,674.0,50.0,674.0,50.0,1.0,2.0,False,2,1.0,68.0,44.0,0.0,31.8,True,True,False,False,True,11,2.0,False,0,0.0,0.0,SPOKED,SPOKED,0,0.0,0.0,0.0,280.0,750.0,45.0,300.0,1.0
614,425.0,63.0,600.0,73.0,130.0,45.0,550.0,74.0,650.0,47.0,40.0,34.9,36.5,23.35,15.0,15.0,9.0,STEEL,26.0,45.0,40.0,330.0,350.0,16.0,18.0,False,False,135.0,3.0,2.5,3.0,3.5,2.5,2.5,2.5,674.0,50.0,674.0,50.0,0.0,0.0,False,0,1.0,68.0,44.0,0.0,31.8,False,False,True,True,True,8,1.0,False,0,0.0,0.0,SPOKED,SPOKED,0,0.0,0.0,0.0,280.0,700.0,44.0,300.0,1.0
615,425.0,65.0,600.0,74.0,140.0,45.0,550.0,74.0,680.0,45.0,40.0,34.9,36.5,23.35,15.0,15.0,9.0,BAMBOO,26.0,45.0,40.0,330.0,350.0,16.0,18.0,False,False,130.0,2.0,1.8,2.0,2.5,1.8,1.8,1.8,674.0,50.0,674.0,50.0,0.0,0.0,False,1,1.0,68.0,44.0,0.0,31.8,False,False,False,False,True,8,2.0,False,204,204.0,255.0,SPOKED,SPOKED,0,0.0,0.0,0.0,280.0,750.0,44.0,300.0,1.0
616,430.0,60.0,600.0,67.0,160.0,45.0,550.0,74.0,730.0,45.0,40.0,34.9,36.5,27.35,16.0,15.0,9.0,CARBON,28.0,45.0,42.0,330.0,350.0,16.0,18.0,False,False,135.0,1.8,1.5,2.0,2.8,1.8,1.8,1.8,674.0,50.0,674.0,50.0,1.0,2.0,True,2,1.0,68.0,44.0,0.0,31.8,False,False,True,True,True,11,2.0,False,50,50.0,50.0,TRISPOKE,DISC,1,0.0,80.0,0.0,280.0,750.0,45.0,300.0,1.0
617,425.0,63.0,620.0,73.0,130.0,45.0,550.0,74.0,650.0,47.0,40.0,34.9,36.5,23.35,15.0,15.0,9.0,STEEL,26.0,45.0,40.0,330.0,350.0,16.0,18.0,False,False,135.0,3.0,2.5,3.0,3.5,2.5,2.5,2.5,674.0,50.0,674.0,50.0,0.0,2.0,False,2,1.0,68.0,44.0,0.0,31.8,False,True,False,False,True,8,2.0,False,173,216.0,230.0,SPOKED,SPOKED,0,0.0,0.0,0.0,280.0,700.0,44.0,300.0,1.0
618,425.0,65.0,620.0,74.0,140.0,45.0,555.0,73.5,680.0,45.0,40.0,34.9,36.5,23.35,15.0,15.0,9.0,TITANIUM,28.0,46.0,38.0,330.0,350.0,16.0,18.0,False,False,130.0,2.0,2.0,2.5,3.0,2.0,2.0,2.0,674.0,50.0,674.0,50.0,0.0,2.0,False,2,1.0,68.0,44.0,0.0,31.8,False,True,False,False,True,10,2.0,False,173,216.0,230.0,SPOKED,SPOKED,0,0.0,0.0,0.0,280.0,750.0,44.0,300.0,1.0
619,430.0,60.0,610.0,67.0,150.0,45.0,550.0,74.0,720.0,45.0,40.0,34.9,36.5,27.35,15.0,15.0,9.0,STEEL,28.0,45.0,42.0,330.0,350.0,16.0,18.0,False,False,135.0,3.0,2.5,3.0,3.5,2.5,2.5,2.5,674.0,50.0,674.0,50.0,1.0,0.0,False,1,1.0,68.0,44.0,0.0,31.8,False,False,True,True,True,8,1.0,False,255,255.0,255.0,SPOKED,SPOKED,0,0.0,0.0,0.0,280.0,750.0,44.0,300.0,1.0
620,425,65,590,73,130.0,45.0,550.0,73.0,650.0,45.0,40.0,31.8,34.9,36.5,23.35,13.0,15.0,STEEL,33,45.0,40.0,330.0,350.0,16.0,18.0,False,False,130,2.5,1.8,2.0,2.5,2.0,1.8,2.0,674.0,52.0,674.0,52.0,0.0,1.0,False,0,1.0,68.0,31.8,692.0,31.8,False,False,True,True,True,8,1.0,False,112,128.0,144.0,SPOKED,SPOKED,0,0.0,80.0,80.0,280.0,718,34.9,300.0,1.0
621,430,68,600,74,125.0,45.0,530.0,74.0,660.0,45.0,40.0,31.8,34.9,36.5,23.35,13.0,15.0,STEEL,33,45.0,40.0,330.0,350.0,16.0,18.0,False,False,130,2.5,1.8,2.0,2.5,2.0,1.8,2.0,674.0,52.0,674.0,52.0,0.0,0.0,False,1,1.0,68.0,31.8,692.0,31.8,False,False,False,False,True,11,2.0,False,200,200.0,255.0,SPOKED,SPOKED,0,0.0,80.0,80.0,280.0,718,34.9,300.0,1.0
622,420,70,610,73,135.0,45.0,560.0,72.0,670.0,45.0,40.0,31.8,34.9,36.5,23.35,13.0,15.0,ALUMINIUM,33,45.0,40.0,330.0,350.0,16.0,18.0,False,False,130,2.5,1.8,2.0,2.5,2.0,1.8,2.0,674.0,52.0,674.0,52.0,1.0,1.0,False,0,1.0,68.0,31.8,692.0,31.8,False,True,True,True,True,8,1.0,False,180,220.0,255.0,SPOKED,SPOKED,0,0.0,80.0,80.0,280.0,715,34.9,325.0,1.0
623,435,66,580,72,128.0,45.0,540.0,73.0,640.0,45.0,40.0,31.8,34.9,36.5,23.35,13.0,15.0,STEEL,34,45.0,40.0,330.0,350.0,16.0,18.0,False,False,130,2.5,1.8,2.0,2.5,2.0,1.8,2.0,674.0,52.0,674.0,52.0,0.0,0.0,False,1,1.0,68.0,31.8,692.0,31.8,False,False,True,True,True,8,1.0,False,0,200.0,0.0,SPOKED,SPOKED,0,0.0,80.0,80.0,280.0,718,34.9,300.0,1.0
624,400,72,620,73,140.0,45.0,520.0,73.0,680.0,45.0,40.0,42.0,50.0,36.5,23.35,13.0,15.0,CARBON,35,50.0,45.0,330.0,350.0,16.0,18.0,False,False,130,2.5,1.8,2.0,2.5,2.0,1.8,2.0,674.0,52.0,674.0,52.0,0.0,2.0,False,2,2.0,68.0,35.0,692.0,35.0,False,True,False,False,True,11,2.0,False,200,200.0,255.0,SPOKED,SPOKED,0,0.0,80.0,80.0,210.0,700,50.0,350.0,1.0
625,440,67,590,74,120.0,45.0,550.0,72.0,655.0,45.0,40.0,42.0,50.0,36.5,23.35,13.0,15.0,CARBON,35,50.0,45.0,330.0,350.0,16.0,18.0,False,False,135,2.5,1.8,2.0,2.5,2.0,1.8,2.0,674.0,52.0,674.0,52.0,1.0,1.0,False,0,1.0,68.0,35.0,692.0,35.0,False,False,True,True,True,8,1.0,False,200,200.0,255.0,SPOKED,SPOKED,0,0.0,80.0,80.0,210.0,700,50.0,350.0,1.0
626,450,68,605,73,132.0,45.0,560.0,73.0,675.0,45.0,40.0,42.0,50.0,36.5,23.35,13.0,15.0,CARBON,35,50.0,45.0,330.0,350.0,16.0,18.0,False,False,130,2.5,1.8,2.0,2.5,2.0,1.8,2.0,674.0,52.0,674.0,52.0,0.0,1.0,False,0,1.0,68.0,35.0,692.0,35.0,False,True,True,True,True,8,2.0,False,200,200.0,255.0,SPOKED,SPOKED,0,0.0,80.0,80.0,210.0,700,50.0,350.0,1.0
627,415,65,595,72,122.0,45.0,545.0,74.0,645.0,45.0,40.0,31.8,34.9,36.5,23.35,13.0,15.0,STEEL,34,45.0,40.0,330.0,350.0,16.0,18.0,False,False,130,2.5,1.8,2.0,2.5,2.0,1.8,2.0,674.0,52.0,674.0,52.0,0.0,0.0,False,0,1.0,68.0,31.8,692.0,31.8,False,True,True,True,True,11,2.0,False,200,200.0,255.0,SPOKED,SPOKED,0,0.0,80.0,80.0,280.0,718,34.9,300.0,1.0
628,445,69,615,73,138.0,45.0,550.0,73.0,665.0,45.0,40.0,31.8,34.9,36.5,23.35,13.0,15.0,STEEL,33,45.0,40.0,330.0,350.0,16.0,18.0,False,False,130,2.5,1.8,2.0,2.5,2.0,1.8,2.0,674.0,52.0,674.0,52.0,1.0,1.0,False,1,1.0,68.0,31.8,692.0,31.8,False,False,True,True,True,8,1.0,False,150,150.0,150.0,SPOKED,SPOKED,0,0.0,80.0,80.0,280.0,718,34.9,300.0,1.0
629,410,66,600,74,126.0,45.0,535.0,72.0,640.0,45.0,40.0,31.8,34.9,36.5,23.35,13.0,15.0,STEEL,33,45.0,40.0,330.0,350.0,16.0,18.0,False,False,130,2.5,1.8,2.0,2.5,2.0,1.8,2.0,674.0,52.0,674.0,52.0,0.0,1.0,False,0,1.0,68.0,31.8,692.0,31.8,False,False,False,False,True,8,1.0,False,200,200.0,255.0,SPOKED,SPOKED,0,0.0,80.0,80.0,280.0,718,34.9,300.0,1.0
630,430,70,600,73,150.0,45.0,550.0,73.0,665.0,45.0,40.0,28.6,34.9,36.5,23.35,13.0,15.0,CARBON,30,50.0,45.0,330.0,350.0,16.0,18.0,False,False,130,3.0,1.8,2.5,1.7,1.4,1.4,1.4,700.0,50.0,700.0,50.0,0.0,0.0,False,1,0.0,68.0,45.0,694.0,31.8,False,False,True,True,True,8,2.0,False,200,200.0,255.0,SPOKED,SPOKED,1,1.0,80.0,80.0,278.0,718,34.9,300.0,1.0
631,435,72,630,71,155.0,45.0,580.0,75.0,670.0,45.0,40.0,28.6,34.9,36.5,23.35,13.0,15.0,STEEL,28,55.0,48.0,330.0,350.0,16.0,18.0,False,False,130,3.0,1.9,2.6,1.8,1.5,1.5,1.5,700.0,50.0,700.0,50.0,1.0,0.0,False,0,1.0,73.0,45.0,694.0,31.8,False,False,True,True,True,9,1.0,False,200,200.0,255.0,SPOKED,SPOKED,1,1.0,80.0,80.0,278.0,718,34.9,300.0,1.0
632,440,68,580,73,145.0,45.0,540.0,73.0,660.0,45.0,40.0,28.6,34.9,36.5,23.35,13.0,15.0,ALUMINIUM,32,48.0,43.0,330.0,350.0,16.0,18.0,False,False,130,2.8,1.7,2.4,1.6,1.3,1.3,1.3,700.0,50.0,700.0,50.0,0.0,0.0,False,1,1.0,68.0,45.0,694.0,31.8,False,False,True,True,True,8,1.0,False,64,224.0,208.0,SPOKED,SPOKED,1,1.0,80.0,80.0,278.0,718,34.9,300.0,1.0
633,432,70,610,73,160.0,45.0,560.0,73.0,675.0,45.0,40.0,28.6,34.9,36.5,23.35,13.0,15.0,STEEL,27,52.0,47.0,330.0,350.0,16.0,18.0,False,False,130,3.2,1.8,2.5,1.7,1.4,1.4,1.4,700.0,50.0,700.0,50.0,0.0,0.0,False,0,1.0,68.0,45.0,694.0,31.8,False,False,False,False,True,8,2.0,False,255,255.0,255.0,SPOKED,SPOKED,1,1.0,80.0,80.0,278.0,718,34.9,300.0,1.0
634,438,75,620,71,150.0,45.0,590.0,75.0,680.0,45.0,40.0,28.6,34.9,36.5,23.35,13.0,15.0,ALUMINIUM,29,58.0,50.0,330.0,350.0,16.0,18.0,False,False,130,3.0,1.9,2.7,1.8,1.5,1.5,1.5,700.0,50.0,700.0,50.0,1.0,0.0,False,1,1.0,73.0,45.0,694.0,31.8,False,False,True,True,True,9,1.0,False,0,0.0,0.0,SPOKED,SPOKED,1,1.0,80.0,80.0,278.0,718,34.9,300.0,1.0
635,433,68,640,73,135.0,45.0,570.0,73.0,665.0,45.0,40.0,28.6,34.9,36.5,23.35,13.0,15.0,CARBON,26,54.0,42.0,330.0,350.0,16.0,18.0,False,False,130,2.9,1.7,2.3,1.5,1.3,1.3,1.3,700.0,50.0,700.0,50.0,0.0,0.0,False,1,0.0,68.0,45.0,694.0,31.8,False,False,True,True,True,8,1.0,False,192,192.0,192.0,SPOKED,SPOKED,1,1.0,80.0,80.0,278.0,718,34.9,300.0,1.0
636,431,70,605,73,155.0,45.0,555.0,73.0,670.0,45.0,40.0,28.6,34.9,36.5,23.35,13.0,15.0,STEEL,31,51.0,46.0,330.0,350.0,16.0,18.0,False,False,130,3.1,1.8,2.5,1.7,1.4,1.4,1.4,700.0,50.0,700.0,50.0,0.0,0.0,False,1,0.0,68.0,45.0,694.0,31.8,False,False,True,True,True,8,2.0,False,255,255.0,255.0,SPOKED,SPOKED,1,1.0,80.0,80.0,278.0,718,34.9,300.0,1.0
637,436,75,635,71,145.0,45.0,585.0,75.0,680.0,45.0,40.0,28.6,34.9,36.5,23.35,13.0,15.0,ALUMINIUM,29,56.0,49.0,330.0,350.0,16.0,18.0,False,False,130,3.0,1.9,2.6,1.8,1.5,1.5,1.5,700.0,50.0,700.0,50.0,1.0,0.0,False,1,1.0,73.0,45.0,694.0,31.8,False,False,True,True,True,9,1.0,False,0,0.0,255.0,SPOKED,SPOKED,1,1.0,80.0,80.0,278.0,718,34.9,300.0,1.0
638,434,68,595,73,140.0,45.0,545.0,73.0,660.0,45.0,40.0,28.6,34.9,36.5,23.35,13.0,15.0,STEEL,33,49.0,44.0,330.0,350.0,16.0,18.0,False,False,130,2.9,1.7,2.4,1.6,1.3,1.3,1.3,700.0,50.0,700.0,50.0,0.0,0.0,False,0,1.0,68.0,45.0,694.0,31.8,False,True,False,False,True,7,1.0,False,200,200.0,255.0,SPOKED,SPOKED,1,1.0,80.0,80.0,278.0,718,34.9,300.0,1.0
639,437,70,615,73,150.0,45.0,565.0,73.0,675.0,45.0,40.0,28.6,34.9,36.5,23.35,13.0,15.0,STEEL,28,53.0,47.0,330.0,350.0,16.0,18.0,False,False,130,3.0,1.8,2.5,1.7,1.4,1.4,1.4,700.0,50.0,700.0,50.0,0.0,0.0,False,1,0.0,68.0,45.0,694.0,31.8,False,False,True,True,True,8,2.0,False,255,255.0,255.0,SPOKED,SPOKED,1,1.0,80.0,80.0,278.0,718,34.9,300.0,1.0
640,430.0,68.0,590.0,68.0,140.0,45.0,550.0,73.0,680.0,45.0,40.0,25.4,36.5,23.5,23.5,15.0,15.0,STEEL,35.0,50.0,45.0,330.0,350.0,16.0,18.0,False,False,142.0,3.0,2.0,2.0,2.0,1.5,1.5,2.0,702.0,80.0,702.0,80.0,1.0,0.0,False,1,1.0,73.0,34.0,692.0,31.8,False,False,True,True,True,12,1.0,False,135,206.0,235.0,SPOKED,SPOKED,0,0.0,0.0,0.0,278.0,720.0,26.8,300.0,1.0
641,420.0,70.0,600.0,71.0,130.0,45.0,540.0,73.0,670.0,45.0,40.0,25.4,36.5,23.5,23.5,15.0,15.0,STEEL,35.0,50.0,45.0,330.0,350.0,16.0,18.0,False,False,130.0,3.0,2.0,2.0,2.0,1.5,1.5,2.0,674.0,52.0,674.0,52.0,0.0,0.0,False,1,1.0,68.0,34.0,692.0,31.8,False,False,True,True,True,8,1.0,False,192,192.0,192.0,SPOKED,SPOKED,0,0.0,0.0,0.0,278.0,720.0,26.8,300.0,1.0
642,425.0,72.0,610.0,73.0,120.0,45.0,540.0,73.0,710.0,45.0,40.0,25.4,36.5,23.5,23.5,15.0,15.0,STEEL,35.0,50.0,45.0,330.0,350.0,16.0,18.0,False,False,130.0,3.0,2.0,2.0,2.0,1.5,1.5,2.0,674.0,52.0,674.0,52.0,0.0,0.0,False,0,0.0,68.0,34.0,692.0,31.8,False,True,True,True,True,11,2.0,False,204,204.0,255.0,SPOKED,SPOKED,0,0.0,0.0,0.0,278.0,720.0,26.8,300.0,1.0
643,435.0,67.0,580.0,69.0,145.0,45.0,555.0,73.0,690.0,45.0,40.0,25.4,36.5,23.5,23.5,15.0,15.0,STEEL,35.0,50.0,45.0,330.0,350.0,16.0,18.0,False,False,142.0,3.0,2.0,2.0,2.0,1.5,1.5,2.0,702.0,80.0,702.0,80.0,1.0,0.0,False,1,1.0,73.0,34.0,692.0,31.8,False,False,True,True,True,12,1.0,False,204,204.0,255.0,SPOKED,SPOKED,0,0.0,0.0,0.0,278.0,720.0,26.8,300.0,1.0
644,415.0,70.0,605.0,72.0,135.0,45.0,545.0,73.0,675.0,45.0,40.0,25.4,36.5,23.5,23.5,15.0,15.0,STEEL,35.0,45.0,45.0,330.0,350.0,16.0,18.0,False,False,130.0,3.0,2.0,2.0,2.0,1.5,1.5,2.0,674.0,52.0,674.0,52.0,0.0,0.0,False,1,1.0,68.0,34.0,692.0,31.8,False,False,True,True,True,8,1.0,False,204,204.0,255.0,SPOKED,SPOKED,0,0.0,0.0,0.0,278.0,720.0,26.8,300.0,1.0
645,420.0,72.0,615.0,74.0,125.0,45.0,540.0,73.0,705.0,45.0,40.0,25.4,36.5,23.5,23.5,15.0,15.0,STEEL,35.0,50.0,45.0,330.0,350.0,16.0,18.0,False,False,130.0,3.0,2.0,2.0,2.0,1.5,1.5,2.0,674.0,52.0,674.0,52.0,0.0,0.0,False,1,1.0,68.0,34.0,692.0,31.8,False,False,True,True,True,11,2.0,False,255,165.0,0.0,SPOKED,SPOKED,0,0.0,0.0,0.0,278.0,720.0,26.8,300.0,1.0
646,440.0,67.0,575.0,68.0,150.0,45.0,560.0,73.0,695.0,45.0,40.0,25.4,36.5,23.5,23.5,15.0,15.0,STEEL,35.0,50.0,45.0,330.0,350.0,16.0,18.0,False,False,142.0,3.0,2.0,2.0,2.0,1.5,1.5,2.0,702.0,80.0,702.0,80.0,1.0,0.0,False,0,1.0,73.0,34.0,692.0,31.8,False,False,False,False,True,12,1.0,False,255,255.0,255.0,SPOKED,SPOKED,0,0.0,0.0,0.0,278.0,720.0,26.8,300.0,1.0
647,410.0,68.0,595.0,73.0,140.0,45.0,545.0,73.0,680.0,45.0,40.0,25.4,36.5,23.5,23.5,15.0,15.0,ALUMINIUM,35.0,50.0,45.0,330.0,350.0,16.0,18.0,False,False,130.0,3.0,2.0,2.0,2.0,1.5,1.5,2.0,674.0,52.0,674.0,52.0,0.0,2.0,False,2,2.0,68.0,34.0,692.0,31.8,False,False,False,False,True,8,1.0,False,0,0.0,0.0,SPOKED,SPOKED,0,0.0,0.0,0.0,278.0,720.0,26.8,300.0,1.0
648,425.0,73.0,620.0,74.0,125.0,45.0,540.0,73.0,705.0,45.0,40.0,25.4,36.5,23.5,23.5,15.0,15.0,STEEL,35.0,50.0,45.0,330.0,350.0,16.0,18.0,False,False,130.0,3.0,2.0,2.0,2.0,1.5,1.5,2.0,674.0,52.0,674.0,52.0,0.0,0.0,False,0,0.0,68.0,34.0,692.0,31.8,False,False,True,True,True,11,2.0,False,255,255.0,255.0,SPOKED,SPOKED,0,0.0,0.0,0.0,278.0,720.0,26.8,300.0,1.0
649,445.0,68.0,595.0,70.0,150.0,45.0,555.0,73.0,695.0,45.0,40.0,25.4,36.5,23.5,23.5,15.0,15.0,STEEL,35.0,50.0,45.0,330.0,350.0,16.0,18.0,False,False,142.0,3.0,2.0,2.0,2.0,1.5,1.5,2.0,702.0,80.0,702.0,80.0,1.0,0.0,False,1,0.0,73.0,34.0,692.0,31.8,True,True,False,False,True,12,1.0,False,112,128.0,144.0,SPOKED,SPOKED,0,0.0,0.0,0.0,278.0,720.0,26.8,300.0,1.0
650,420.0,70.0,630.0,73.0,150.0,45.0,550.0,73.0,660.0,47.0,45.0,30.0,45.0,30.0,14.0,15.0,9.0,ALUMINIUM,35.0,45.0,45.0,330.0,350.0,16.0,18.0,False,False,135.0,3.0,2.5,2.0,2.5,1.5,1.5,1.5,674.0,50.0,674.0,50.0,0.0,0.0,False,1,1.0,68.0,45.0,0.0,31.8,False,False,True,True,False,7,1.0,False,255,255.0,0.0,SPOKED,SPOKED,0,0.0,80.0,80.0,278.0,718.0,28.0,300.0,1.0
651,410.0,65.0,595.0,72.0,140.0,45.0,540.0,73.0,660.0,47.0,40.0,32.0,42.0,27.0,14.0,15.0,9.0,STEEL,30.0,40.0,40.0,330.0,350.0,16.0,18.0,False,False,130.0,3.0,2.5,2.0,2.5,1.5,1.5,1.5,674.0,50.0,674.0,50.0,0.0,0.0,False,0,1.0,68.0,45.0,0.0,31.8,False,False,True,True,True,10,2.0,False,128,128.0,128.0,SPOKED,SPOKED,0,0.0,80.0,80.0,278.0,718.0,28.0,300.0,1.0
652,450.0,40.0,520.0,65.0,135.0,45.0,510.0,75.0,740.0,50.0,40.0,30.0,45.0,27.0,14.0,15.0,9.0,STEEL,25.0,45.0,45.0,330.0,350.0,16.0,18.0,False,False,135.0,3.0,2.5,2.0,2.5,1.5,1.5,1.5,674.0,50.0,674.0,50.0,1.0,0.0,False,0,1.0,68.0,45.0,0.0,31.8,False,True,True,True,True,9,2.0,False,191,173.0,237.0,SPOKED,SPOKED,0,0.0,80.0,80.0,278.0,718.0,28.0,300.0,1.0
653,415.0,65.0,600.0,73.0,120.0,45.0,530.0,74.0,650.0,47.0,45.0,30.0,45.0,30.0,14.0,15.0,9.0,ALUMINIUM,25.0,45.0,40.0,330.0,350.0,16.0,18.0,False,False,135.0,3.0,2.5,2.0,2.5,1.5,1.5,1.5,674.0,50.0,674.0,50.0,0.0,1.0,False,1,1.0,68.0,45.0,0.0,31.8,False,True,True,True,True,7,1.0,False,191,173.0,237.0,SPOKED,SPOKED,0,0.0,80.0,80.0,278.0,718.0,28.0,300.0,1.0
654,405.0,65.0,610.0,72.0,130.0,45.0,520.0,73.0,655.0,47.0,45.0,30.0,42.0,30.0,14.0,15.0,9.0,ALUMINIUM,30.0,45.0,40.0,330.0,350.0,16.0,18.0,False,False,130.0,3.0,2.5,2.0,2.5,1.5,1.5,1.5,674.0,50.0,674.0,50.0,0.0,2.0,False,2,1.0,68.0,45.0,0.0,31.8,False,True,True,True,True,10,2.0,False,191,173.0,237.0,SPOKED,SPOKED,0,0.0,80.0,80.0,278.0,718.0,28.0,300.0,1.0
655,420.0,60.0,610.0,73.0,140.0,45.0,520.0,73.0,660.0,47.0,45.0,30.0,45.0,30.0,14.0,15.0,9.0,ALUMINIUM,30.0,45.0,45.0,330.0,350.0,16.0,18.0,False,False,135.0,3.0,2.5,2.0,2.5,1.5,1.5,1.5,674.0,50.0,674.0,50.0,1.0,0.0,False,0,1.0,68.0,45.0,0.0,31.8,False,True,True,True,True,9,2.0,False,191,173.0,237.0,SPOKED,SPOKED,0,0.0,80.0,80.0,278.0,718.0,28.0,300.0,1.0
656,415.0,65.0,620.0,73.0,150.0,45.0,540.0,73.0,655.0,47.0,45.0,30.0,45.0,30.0,14.0,15.0,9.0,ALUMINIUM,30.0,45.0,40.0,330.0,350.0,16.0,18.0,False,False,135.0,3.0,2.5,2.0,2.5,1.5,1.5,1.5,674.0,50.0,674.0,50.0,0.0,0.0,False,1,1.0,68.0,45.0,0.0,31.8,False,True,False,False,True,7,1.0,False,191,173.0,237.0,SPOKED,SPOKED,0,0.0,80.0,80.0,278.0,718.0,28.0,300.0,1.0
657,400.0,65.0,580.0,74.0,160.0,45.0,520.0,73.0,660.0,47.0,40.0,30.0,42.0,30.0,14.0,15.0,9.0,CARBON,40.0,45.0,45.0,330.0,350.0,16.0,18.0,False,False,130.0,2.0,2.0,2.0,2.0,1.5,1.5,1.5,674.0,50.0,674.0,50.0,2.0,0.0,True,0,3.0,68.0,31.8,0.0,31.8,False,True,True,True,True,11,2.0,False,255,255.0,255.0,SPOKED,DISC,0,0.0,80.0,80.0,278.0,718.0,28.0,300.0,2.0
658,450.0,40.0,550.0,65.0,120.0,45.0,550.0,75.0,740.0,45.0,40.0,30.0,45.0,30.0,14.0,15.0,9.0,STEEL,25.0,45.0,45.0,330.0,350.0,16.0,18.0,False,False,135.0,3.0,2.5,2.0,2.5,1.5,1.5,1.5,674.0,50.0,674.0,50.0,1.0,0.0,False,0,1.0,68.0,45.0,0.0,31.8,False,False,False,False,True,10,2.0,False,191,173.0,237.0,SPOKED,SPOKED,0,0.0,80.0,80.0,278.0,718.0,28.0,300.0,1.0
659,415.0,70.0,600.0,73.0,150.0,45.0,550.0,73.0,660.0,47.0,45.0,30.0,45.0,30.0,14.0,15.0,9.0,STEEL,30.0,45.0,40.0,330.0,350.0,16.0,18.0,False,False,135.0,3.0,2.5,2.0,2.5,1.5,1.5,1.5,674.0,50.0,674.0,50.0,0.0,1.0,False,1,1.0,68.0,45.0,0.0,31.8,False,False,True,True,True,7,1.0,False,85,107.0,47.0,SPOKED,SPOKED,0,0.0,80.0,80.0,278.0,718.0,28.0,300.0,1.0
660,425,70,575,73,150.0,45.0,540.0,73.0,600.0,45.0,40.0,30.0,35.0,28.0,28.0,15.0,9.0,STEEL,30,30.0,40.0,0.0,0.0,0.0,0.0,False,False,130,2.5,2.5,2.5,2.5,2.5,2.5,2.5,672.0,50.0,672.0,50.0,0.0,1.0,False,1,1.0,68.0,35.0,0.0,35.0,False,False,True,True,True,8,2.0,False,0,0.0,0.0,DISC,DISC,0,0.0,0.0,0.0,280.0,720,35,300.0,1.0
661,430,60,610,66,140.0,45.0,500.0,73.0,610.0,45.0,40.0,30.0,35.0,28.0,28.0,15.0,9.0,STEEL,30,30.0,40.0,0.0,0.0,0.0,0.0,False,False,135,3.0,3.0,3.0,3.0,3.0,3.0,3.0,720.0,50.0,720.0,50.0,1.0,1.0,False,2,1.0,68.0,35.0,0.0,35.0,False,False,False,False,True,11,1.0,False,85,107.0,47.0,SPOKED,SPOKED,0,0.0,0.0,0.0,280.0,720,35,300.0,1.0
662,425,70,580,73,160.0,45.0,535.0,73.0,600.0,45.0,40.0,30.0,35.0,28.0,28.0,15.0,9.0,STEEL,30,30.0,40.0,0.0,0.0,0.0,0.0,False,False,130,2.5,2.5,2.5,2.5,2.5,2.5,2.5,672.0,50.0,672.0,50.0,0.0,1.0,False,0,1.0,68.0,35.0,0.0,35.0,False,True,True,True,True,8,2.0,False,192,192.0,192.0,SPOKED,SPOKED,0,0.0,0.0,0.0,280.0,720,35,300.0,1.0
663,425,70,570,73,170.0,45.0,530.0,73.0,600.0,45.0,40.0,28.0,33.0,28.0,28.0,15.0,9.0,STEEL,30,30.0,40.0,0.0,0.0,0.0,0.0,False,False,130,2.5,2.5,2.5,2.5,2.5,2.5,2.5,672.0,50.0,672.0,50.0,0.0,1.0,False,0,1.0,68.0,35.0,0.0,35.0,False,False,True,True,True,8,2.0,False,135,206.0,235.0,DISC,DISC,0,0.0,0.0,0.0,280.0,720,33,300.0,1.0
664,430,60,605,66,140.0,45.0,500.0,73.0,610.0,45.0,40.0,30.0,35.0,28.0,28.0,15.0,9.0,STEEL,30,30.0,40.0,0.0,0.0,0.0,0.0,False,False,135,3.0,3.0,3.0,3.0,3.0,3.0,3.0,720.0,50.0,720.0,50.0,1.0,1.0,False,1,1.0,68.0,35.0,0.0,35.0,False,False,True,False,True,11,1.0,True,124,252.0,0.0,SPOKED,SPOKED,0,0.0,0.0,0.0,280.0,720,35,300.0,1.0
665,425,70,590,73,160.0,45.0,535.0,73.0,600.0,45.0,40.0,30.0,35.0,28.0,28.0,15.0,9.0,STEEL,30,30.0,40.0,0.0,0.0,0.0,0.0,False,False,130,2.5,2.5,2.5,2.5,2.5,2.5,2.5,672.0,50.0,672.0,50.0,0.0,1.0,False,1,1.0,68.0,35.0,0.0,35.0,False,False,True,True,False,8,1.0,False,255,255.0,255.0,SPOKED,SPOKED,0,0.0,0.0,0.0,280.0,720,35,300.0,1.0
666,425,70,575,73,150.0,45.0,540.0,73.0,600.0,45.0,40.0,30.0,35.0,28.0,28.0,15.0,9.0,STEEL,30,30.0,40.0,0.0,0.0,0.0,0.0,False,False,130,2.5,2.5,2.5,2.5,2.5,2.5,2.5,672.0,50.0,672.0,50.0,0.0,1.0,False,1,1.0,68.0,35.0,0.0,35.0,False,False,False,False,True,8,2.0,True,0,255.0,0.0,DISC,DISC,0,0.0,0.0,0.0,280.0,720,35,300.0,1.0
667,430,60,605,66,140.0,45.0,500.0,73.0,610.0,45.0,40.0,30.0,35.0,28.0,28.0,15.0,9.0,STEEL,30,30.0,40.0,0.0,0.0,0.0,0.0,False,False,135,3.0,3.0,3.0,3.0,3.0,3.0,3.0,720.0,50.0,720.0,50.0,1.0,1.0,False,0,1.0,68.0,35.0,0.0,35.0,False,False,False,False,True,11,1.0,False,255,0.0,0.0,SPOKED,SPOKED,0,0.0,0.0,0.0,280.0,720,35,300.0,1.0
668,425,70,580,73,155.0,45.0,530.0,73.0,600.0,45.0,40.0,30.0,35.0,28.0,28.0,15.0,9.0,ALUMINIUM,30,30.0,40.0,0.0,0.0,0.0,0.0,False,False,130,2.5,2.5,2.5,2.5,2.5,2.5,2.5,672.0,50.0,672.0,50.0,0.0,1.0,False,1,1.0,68.0,35.0,0.0,35.0,False,False,True,True,True,8,1.0,False,255,255.0,255.0,SPOKED,SPOKED,0,0.0,0.0,0.0,280.0,720,35,300.0,1.0
669,425,70,575,73,150.0,45.0,540.0,73.0,600.0,45.0,40.0,30.0,35.0,28.0,28.0,15.0,9.0,STEEL,30,30.0,40.0,0.0,0.0,0.0,0.0,False,False,130,2.5,2.5,2.5,2.5,2.5,2.5,2.5,672.0,50.0,672.0,50.0,0.0,1.0,False,0,1.0,68.0,35.0,0.0,35.0,False,False,False,False,True,8,2.0,False,0,0.0,0.0,DISC,DISC,0,0.0,0.0,0.0,280.0,720,35,300.0,1.0
670,455.0,70.0,721.2682239,71.0,180.4,35.0,546.2,73.5,748.4959838,45.0,39.0,27.0,36.5,21.25,14.5,15.0,10.1,STEEL,36.3,46.2,56.2,330.0,350.0,16.0,18.0,False,False,142.0,5.466905446143302,8.521785908456947,4.204791146184713,0.9166758036231312,4.12050892151602,2.697186294023933,4.6994853143713895,736.0,114.0,736.0,114.0,1.0,0.0,False,1,1.0,68.0,46.3,692.0,28.6,False,False,True,True,True,9,1.0,False,90,90.0,90.0,SPOKED,SPOKED,1,1.0,80.0,80.0,265.0,830.0,34.9,300.0,2.0
672,425.0,66.0,575.2029642,73.0,105.2,45.0,555.0,74.0,644.8496592,47.0,40.0,25.4,36.5,23.35,13.0,15.0,9.0,STEEL,63.1,48.0,40.1,330.0,350.0,16.0,18.0,False,False,130.0,2.984925050987317,1.7715343952277929,2.4985541836279714,1.89419119522216,1.509739706979634,1.4104879858706545,1.3872913729986849,674.0,52.0,674.0,52.0,0.0,0.0,False,1,1.0,68.0,31.8,692.0,26.8,False,False,True,True,True,8,1.0,False,120,120.0,120.0,SPOKED,SPOKED,1,1.0,80.0,80.0,278.0,718.0,26.8,250.0,1.0
673,415.0,70.0,637.9091156,73.0,191.4,45.0,630.0,73.5,656.6201875,45.0,40.0,33.6,36.5,23.35,13.0,15.0,9.0,TITANIUM,27.8,32.1,43.5,330.0,350.0,16.0,18.0,False,False,130.0,3.6756400104414495,2.004391254209075,2.5044697624511856,1.340251983765522,0.6731900960204301,5.772791309765022,0.8908183145343465,674.0,52.0,674.0,52.0,1.0,1.0,False,1,1.0,68.0,45.0,692.0,31.8,False,False,True,True,True,9,1.0,False,112,128.0,144.0,SPOKED,SPOKED,1,1.0,80.0,80.0,275.0,865.0,34.9,300.0,2.0
674,405.0,70.0,593.536575,73.0,145.0,45.0,515.0,74.0,648.3152394,45.0,40.0,28.6,36.5,23.35,13.0,15.0,9.0,STEEL,34.0,49.0,49.9,330.0,350.0,16.0,18.0,False,False,130.0,1.1647590566025448,0.7426686627208833,0.3143101269390225,0.2668311202837158,0.2891763139624213,0.2958998478109877,0.2262816326792515,674.0,52.0,674.0,52.0,0.0,0.0,False,1,1.0,68.0,45.0,692.0,31.8,False,False,True,True,True,8,1.0,False,0,255.0,255.0,SPOKED,SPOKED,1,1.0,80.0,80.0,278.0,718.0,34.9,300.0,2.0
675,450.0,35.0,512.9319064,64.0,133.8,45.0,380.0,80.0,757.6759997,45.0,40.0,28.6,36.5,27.35,21.5,15.0,9.0,CARBON,25.0,128.4,30.0,330.0,350.0,16.0,18.0,True,True,157.0,8.484778180322339,0.8488915365612826,3.1148345945692566,4.191635779849775,1.7240195862586758,3.896331957214665,0.6390156039354706,744.0,122.0,744.0,122.0,0.0,0.0,False,2,2.0,68.0,53.0,692.0,35.0,False,False,True,True,True,11,0.0,False,144,238.0,144.0,SPOKED,SPOKED,1,1.0,80.0,80.0,250.0,715.0,43.0,480.0,2.0
676,400.0,7.0,511.5560042,68.0,123.0,45.0,331.0,75.0,640.6227443,45.0,40.0,42.75,49.0,35.0,21.5,15.0,9.0,STEEL,31.0,60.0,42.0,330.0,300.0,16.0,18.0,False,False,130.0,7.737970318079169,12.947741764920302,3.2944381729785044,6.863696733810227,4.51413833563366,2.7508253329283927,5.072657023145851,674.0,52.0,674.0,52.0,1.0,0.0,False,0,2.0,73.0,57.0,692.0,31.8,False,False,True,True,True,6,0.0,False,255,255.0,255.0,SPOKED,SPOKED,1,1.0,80.0,80.0,230.0,400.0,34.9,200.0,2.0
677,380.0,47.01358832,561.1033732,74.00206468,168.8,45.0,552.4,76.00206468,623.9028894,45.0,40.0,28.6,36.5,23.35,13.0,15.0,9.0,STEEL,33.0,32.4,46.4,330.0,350.0,16.0,18.0,True,True,130.0,20.48369695835277,6.034812926706038,1.5929308922857068,4.880546522303409,9.48464280499604,15.08677458400779,1.7309129777278605,674.0,52.0,674.0,52.0,0.0,0.0,False,0,1.0,68.0,45.0,692.0,31.8,False,False,True,True,True,0,0.0,False,230,190.0,220.0,SPOKED,SPOKED,1,1.0,80.0,80.0,298.0,700.0,34.9,300.0,1.0
678,550.0,29.5,496.9336227,67.0,100.0,45.0,533.0,65.0,627.6098218,45.0,40.0,28.6,36.5,23.35,13.0,15.0,9.0,BAMBOO,46.9,44.9,50.1,330.0,350.0,16.0,18.0,False,False,135.0,10.246325085448763,1.0571538465985395,3.320203681882855,1.821909962603824,1.3504986571871185,1.5312390491638666,2.50149356595328,628.0,69.0,628.0,69.0,0.0,0.0,False,0,0.0,68.0,45.0,692.0,31.8,False,True,True,True,True,8,2.0,False,255,218.0,185.0,TRISPOKE,TRISPOKE,1,1.0,80.0,80.0,278.0,700.0,34.9,300.0,2.0
679,405.0,70.0,593.536575,73.0,145.0,45.0,515.0,74.0,648.3152394,45.0,40.0,28.6,36.5,23.35,13.0,15.0,9.0,STEEL,34.0,49.0,49.9,330.0,350.0,16.0,18.0,False,False,130.0,1.1647590566025448,0.7426686627208833,0.3143101269390225,0.2668311202837158,0.2891763139624213,0.2958998478109877,0.2262816326792515,674.0,52.0,674.0,52.0,1.0,1.0,False,1,1.0,68.0,45.0,692.0,31.8,False,True,True,True,True,8,1.0,False,220,20.0,60.0,SPOKED,SPOKED,1,1.0,80.0,80.0,278.0,718.0,34.9,300.0,2.0
680,410,55,600,73,130.0,45.0,550.0,73.0,670.0,45.0,40.0,30.0,35.0,25.0,25.0,15.0,9.0,TITANIUM,30,50.0,40.0,330.0,350.0,16.0,18.0,False,False,130,2.5,1.8,2.0,2.0,1.5,1.5,1.5,685.0,50.0,685.0,50.0,0.0,0.0,False,0,1.0,68.0,35.0,0.0,30.0,False,False,True,True,True,10,2.0,False,192,192.0,192.0,SPOKED,SPOKED,0,0.0,80.0,80.0,265.0,720,34.9,300.0,1.0
681,430,65,610,72,140.0,45.0,540.0,74.0,680.0,45.0,40.0,28.0,36.0,26.0,26.0,16.0,9.0,STEEL,28,55.0,38.0,330.0,350.0,16.0,18.0,False,False,135,2.0,2.0,2.0,2.0,1.5,1.5,1.5,690.0,55.0,690.0,55.0,0.0,1.0,False,1,1.0,68.0,45.0,0.0,28.0,False,False,True,True,True,9,2.0,False,0,0.0,0.0,SPOKED,SPOKED,0,0.0,80.0,80.0,270.0,710,35.0,310.0,1.0
682,450,60,630,68,160.0,50.0,580.0,70.0,650.0,50.0,40.0,35.0,38.0,28.0,28.0,18.0,9.0,STEEL,35,70.0,45.0,330.0,350.0,16.0,18.0,False,False,140,3.0,2.5,3.0,3.0,2.0,2.0,2.0,740.0,110.0,740.0,110.0,1.0,1.0,False,1,1.0,68.0,50.0,0.0,38.0,False,False,True,True,True,12,1.0,False,200,200.0,255.0,SPOKED,SPOKED,0,0.0,80.0,80.0,280.0,750,40.0,350.0,1.0
683,425,60,620,73,120.0,45.0,560.0,73.0,675.0,45.0,40.0,28.0,36.0,26.0,26.0,16.0,9.0,ALUMINIUM,30,50.0,40.0,330.0,350.0,16.0,18.0,False,False,130,2.5,2.0,2.0,2.0,1.5,1.5,1.5,690.0,55.0,690.0,55.0,0.0,2.0,False,1,1.0,68.0,34.0,0.0,28.0,False,False,True,True,True,9,2.0,False,0,255.0,255.0,SPOKED,SPOKED,0,0.0,80.0,80.0,265.0,720,34.9,310.0,1.0
684,415,50,580,74,150.0,45.0,530.0,75.0,700.0,40.0,36.0,30.0,38.0,25.0,25.0,15.0,9.0,CARBON,40,60.0,45.0,330.0,350.0,16.0,18.0,False,False,130,2.0,2.0,2.0,2.0,1.5,1.5,1.5,685.0,50.0,685.0,50.0,0.0,0.0,False,0,3.0,68.0,40.0,0.0,32.0,False,False,True,True,True,11,2.0,False,255,255.0,255.0,SPOKED,SPOKED,0,0.0,80.0,80.0,260.0,705,40.0,300.0,0.0
685,460,65,600,67,140.0,45.0,550.0,71.0,660.0,50.0,40.0,29.0,36.0,26.0,26.0,17.0,9.0,STEEL,28,55.0,42.0,330.0,350.0,16.0,18.0,False,False,135,2.5,2.0,2.0,2.5,1.8,1.8,1.8,740.0,110.0,740.0,110.0,1.0,1.0,False,1,1.0,68.0,45.0,0.0,30.0,False,False,True,True,True,10,1.0,False,135,206.0,235.0,SPOKED,SPOKED,0,0.0,80.0,80.0,275.0,735,36.0,330.0,1.0
686,420,58,610,73,130.0,45.0,540.0,73.0,680.0,45.0,36.0,32.0,35.0,25.0,25.0,15.0,9.0,CARBON,30,48.0,42.0,330.0,350.0,16.0,18.0,False,False,130,2.0,2.0,2.0,2.0,1.5,1.5,1.5,690.0,55.0,690.0,55.0,0.0,2.0,False,2,1.0,68.0,36.0,0.0,30.0,False,True,False,False,True,9,2.0,False,255,255.0,255.0,SPOKED,SPOKED,0,0.0,80.0,80.0,265.0,715,34.9,310.0,1.0
687,440,60,605,72,145.0,45.0,530.0,75.0,700.0,50.0,40.0,30.0,38.0,26.0,26.0,16.0,9.0,STEEL,38,60.0,45.0,330.0,350.0,16.0,18.0,False,False,135,2.2,2.0,2.2,2.0,1.5,1.5,1.5,690.0,55.0,690.0,55.0,1.0,1.0,False,1,1.0,68.0,44.0,0.0,32.0,False,False,True,True,True,10,2.0,False,128,128.0,128.0,SPOKED,SPOKED,0,0.0,80.0,80.0,270.0,710,36.0,320.0,1.0
688,455,63,620,69,150.0,45.0,550.0,72.0,670.0,50.0,40.0,27.0,36.0,25.0,25.0,16.0,9.0,STEEL,40,56.0,45.0,330.0,350.0,16.0,18.0,False,False,135,2.0,2.0,2.0,2.0,1.5,1.5,1.5,740.0,110.0,740.0,110.0,1.0,0.0,False,0,1.0,68.0,38.0,0.0,28.0,False,True,True,True,True,10,2.0,False,218,165.0,32.0,SPOKED,SPOKED,0,0.0,80.0,80.0,275.0,730,36.0,340.0,1.0
689,430,60,615,72,135.0,45.0,560.0,74.0,680.0,50.0,40.0,30.0,36.0,26.0,26.0,17.0,9.0,TITANIUM,35,55.0,42.0,330.0,350.0,16.0,18.0,False,False,130,2.5,2.0,2.0,2.0,1.5,1.5,1.5,740.0,110.0,740.0,110.0,1.0,1.0,False,1,1.0,68.0,32.0,0.0,28.0,False,False,True,True,True,10,1.0,False,192,192.0,192.0,SPOKED,SPOKED,0,0.0,80.0,80.0,270.0,720,36.0,340.0,1.0
690,425,70,600,73,150.0,45.0,555.0,74.0,640.0,47.0,40.0,25.4,36.5,23.35,13.0,15.0,9.0,STEEL,30,50.0,40.0,330.0,350.0,16.0,18.0,False,False,130,3.0,2.0,2.0,2.5,1.5,1.5,1.5,674.0,52.0,674.0,52.0,0.0,0.0,False,0,1.0,68.0,31.8,692.0,31.8,False,False,True,True,True,10,2.0,False,255,0.0,0.0,SPOKED,SPOKED,1,1.0,80.0,80.0,278.0,718,34.9,300.0,1.0
691,430,60,550,65,120.0,45.0,530.0,73.0,620.0,45.0,40.0,25.4,36.5,23.35,13.0,15.0,9.0,STEEL,30,50.0,40.0,330.0,350.0,16.0,18.0,False,False,130,3.0,2.0,2.0,2.5,1.5,1.5,1.5,674.0,52.0,674.0,52.0,1.0,0.0,False,1,1.0,68.0,31.8,692.0,31.8,False,False,False,False,True,10,1.0,False,200,200.0,255.0,SPOKED,SPOKED,1,1.0,80.0,80.0,278.0,700,34.9,300.0,1.0
692,420,70,580,72,140.0,45.0,550.0,74.0,630.0,46.0,40.0,25.4,36.5,23.35,13.0,15.0,9.0,ALUMINIUM,30,50.0,40.0,330.0,350.0,16.0,18.0,False,False,130,3.0,2.0,2.0,2.5,1.5,1.5,1.5,674.0,52.0,674.0,52.0,0.0,0.0,False,0,1.0,68.0,31.8,692.0,31.8,False,False,False,False,True,10,2.0,False,200,200.0,255.0,SPOKED,SPOKED,1,1.0,80.0,80.0,278.0,710,34.9,300.0,1.0
693,425,70,600,73,150.0,45.0,555.0,74.0,640.0,47.0,40.0,25.4,36.5,23.35,13.0,15.0,9.0,CARBON,30,50.0,40.0,330.0,350.0,16.0,18.0,False,False,130,3.0,2.0,2.0,2.5,1.5,1.5,1.5,674.0,52.0,674.0,52.0,0.0,0.0,False,0,1.0,68.0,31.8,692.0,31.8,False,True,True,True,True,10,2.0,False,0,0.0,0.0,SPOKED,SPOKED,1,1.0,80.0,80.0,278.0,718,34.9,300.0,1.0
694,430,60,550,65,120.0,45.0,530.0,73.0,620.0,45.0,40.0,25.4,36.5,23.35,13.0,15.0,9.0,TITANIUM,30,50.0,40.0,330.0,350.0,16.0,18.0,False,False,130,3.0,2.0,2.0,2.5,1.5,1.5,1.5,674.0,52.0,674.0,52.0,1.0,0.0,False,2,1.0,68.0,31.8,692.0,31.8,False,True,False,False,True,10,1.0,False,200,200.0,255.0,SPOKED,SPOKED,1,1.0,80.0,80.0,278.0,700,34.9,300.0,1.0
695,420,70,580,72,140.0,45.0,550.0,74.0,630.0,46.0,40.0,25.4,36.5,23.35,13.0,15.0,9.0,STEEL,30,50.0,40.0,330.0,350.0,16.0,18.0,False,False,130,3.0,2.0,2.0,2.5,1.5,1.5,1.5,674.0,52.0,674.0,52.0,0.0,0.0,False,1,1.0,68.0,31.8,692.0,31.8,False,True,False,False,True,10,2.0,False,255,255.0,0.0,SPOKED,SPOKED,1,1.0,80.0,80.0,278.0,710,34.9,300.0,1.0
696,425,70,600,73,150.0,45.0,555.0,74.0,640.0,47.0,40.0,25.4,36.5,23.35,13.0,15.0,9.0,STEEL,30,50.0,40.0,330.0,350.0,16.0,18.0,False,False,130,3.0,2.0,2.0,2.5,1.5,1.5,1.5,674.0,52.0,674.0,52.0,0.0,0.0,False,1,1.0,68.0,31.8,692.0,31.8,False,False,False,False,True,10,2.0,False,0,0.0,0.0,SPOKED,SPOKED,1,1.0,80.0,80.0,278.0,718,34.9,300.0,1.0
697,430,60,550,65,120.0,45.0,530.0,73.0,620.0,45.0,40.0,25.4,36.5,23.35,13.0,15.0,9.0,STEEL,30,50.0,40.0,330.0,350.0,16.0,18.0,False,False,130,3.0,2.0,2.0,2.5,1.5,1.5,1.5,674.0,52.0,674.0,52.0,1.0,0.0,False,1,1.0,68.0,31.8,692.0,31.8,False,False,False,False,True,10,1.0,False,255,165.0,0.0,SPOKED,SPOKED,1,1.0,80.0,80.0,278.0,700,34.9,300.0,1.0
698,420,70,580,72,140.0,45.0,550.0,74.0,630.0,46.0,40.0,25.4,36.5,23.35,13.0,15.0,9.0,STEEL,30,50.0,40.0,330.0,350.0,16.0,18.0,False,False,130,3.0,2.0,2.0,2.5,1.5,1.5,1.5,674.0,52.0,674.0,52.0,0.0,0.0,False,1,1.0,68.0,31.8,692.0,31.8,False,False,True,True,True,10,2.0,False,173,216.0,230.0,SPOKED,SPOKED,1,1.0,80.0,80.0,278.0,710,34.9,300.0,1.0
699,425,70,600,73,150.0,45.0,555.0,74.0,640.0,47.0,40.0,25.4,36.5,23.35,13.0,15.0,9.0,STEEL,30,50.0,40.0,330.0,350.0,16.0,18.0,False,False,130,3.0,2.0,2.0,2.5,1.5,1.5,1.5,674.0,52.0,674.0,52.0,0.0,0.0,False,1,1.0,68.0,31.8,692.0,31.8,False,False,True,True,True,10,2.0,False,192,192.0,192.0,SPOKED,SPOKED,1,1.0,80.0,80.0,278.0,718,34.9,300.0,1.0
700,430.0,70.0,630.0,67.0,130.0,45.0,550.0,74.0,650.0,45.0,40.0,31.8,36.5,23.35,23.35,15.0,9.0,STEEL,40.0,45.0,40.0,330.0,350.0,16.0,18.0,False,False,135.0,3.0,3.0,3.0,3.0,3.0,3.0,3.0,736.0,50.0,736.0,50.0,1.0,1.0,False,1,1.0,73.0,46.0,0.0,31.8,False,False,True,True,True,9,1.0,False,0,0.0,0.0,SPOKED,SPOKED,0,0.0,80.0,80.0,278.0,700.0,1.0,,
701,410.0,68.0,610.0,73.0,150.0,45.0,520.0,74.0,630.0,45.0,40.0,31.8,36.5,23.35,23.35,15.0,9.0,ALUMINIUM,35.0,45.0,40.0,330.0,350.0,16.0,18.0,False,False,135.0,2.5,2.5,2.5,2.5,2.5,2.5,2.5,674.0,52.0,674.0,52.0,0.0,1.0,False,1,1.0,68.0,46.0,0.0,31.8,False,False,True,True,True,8,1.0,False,200,200.0,255.0,SPOKED,SPOKED,0,0.0,80.0,80.0,278.0,718.0,1.0,,
702,420.0,68.0,590.0,73.0,200.0,45.0,540.0,74.0,650.0,45.0,40.0,31.8,36.5,23.35,23.35,15.0,9.0,TITANIUM,50.0,45.0,50.0,330.0,350.0,16.0,18.0,False,False,130.0,2.0,2.0,2.0,2.0,2.0,2.0,2.0,674.0,52.0,674.0,52.0,0.0,0.0,False,0,3.0,68.0,55.0,0.0,31.8,False,False,False,False,True,11,2.0,False,192,192.0,192.0,SPOKED,SPOKED,0,0.0,260.0,80.0,26.8,750.0,1.0,,
703,430.0,70.0,615.0,67.0,140.0,45.0,550.0,74.0,650.0,45.0,40.0,31.8,36.5,23.35,23.35,15.0,9.0,ALUMINIUM,35.0,45.0,40.0,330.0,350.0,16.0,18.0,False,False,135.0,2.5,2.5,2.5,2.5,2.5,2.5,2.5,736.0,50.0,736.0,50.0,1.0,1.0,False,1,1.0,73.0,46.0,0.0,31.8,False,True,False,False,True,9,1.0,False,200,200.0,255.0,SPOKED,SPOKED,0,0.0,280.0,80.0,26.8,718.0,1.0,,
704,420.0,68.0,610.0,73.0,130.0,45.0,520.0,74.0,630.0,45.0,40.0,31.8,36.5,23.35,23.35,15.0,9.0,STEEL,35.0,45.0,40.0,330.0,350.0,16.0,18.0,False,False,135.0,3.0,3.0,3.0,3.0,3.0,3.0,3.0,674.0,52.0,674.0,52.0,0.0,1.0,False,1,1.0,68.0,46.0,0.0,31.8,True,True,False,False,True,8,1.0,True,0,0.0,128.0,SPOKED,SPOKED,0,0.0,278.0,80.0,26.8,700.0,1.0,,
705,420.0,68.0,600.0,73.0,130.0,45.0,540.0,74.0,650.0,45.0,40.0,31.8,36.5,23.35,23.35,15.0,9.0,STEEL,40.0,45.0,40.0,330.0,350.0,16.0,18.0,False,False,130.0,3.0,3.0,3.0,3.0,3.0,3.0,3.0,674.0,52.0,674.0,52.0,0.0,1.0,False,0,1.0,68.0,46.0,0.0,31.8,False,False,False,False,True,11,2.0,False,173,255.0,47.0,SPOKED,SPOKED,0,0.0,260.0,80.0,26.8,700.0,1.0,,
706,430.0,70.0,635.0,67.0,140.0,45.0,550.0,74.0,650.0,45.0,40.0,31.8,36.5,23.35,23.35,15.0,9.0,STEEL,40.0,45.0,40.0,330.0,350.0,16.0,18.0,False,False,135.0,3.0,3.0,3.0,3.0,3.0,3.0,3.0,736.0,50.0,736.0,50.0,1.0,1.0,False,1,1.0,73.0,46.0,0.0,31.8,False,False,True,True,True,9,1.0,False,0,0.0,0.0,SPOKED,SPOKED,0,0.0,280.0,80.0,26.8,700.0,1.0,,
707,420.0,68.0,600.0,73.0,150.0,45.0,520.0,74.0,630.0,45.0,40.0,31.8,36.5,23.35,23.35,15.0,9.0,TITANIUM,35.0,45.0,40.0,330.0,350.0,16.0,18.0,False,False,135.0,2.0,2.0,2.0,2.0,2.0,2.0,2.0,674.0,52.0,674.0,52.0,0.0,2.0,False,2,3.0,68.0,55.0,0.0,31.8,False,False,True,True,True,8,1.0,False,0,0.0,0.0,TRISPOKE,DISC,1,0.0,90.0,80.0,278.0,80.0,26.8,750.0,1.0
708,420.0,68.0,600.0,73.0,130.0,45.0,540.0,74.0,650.0,45.0,40.0,31.8,36.5,23.35,23.35,15.0,9.0,STEEL,40.0,45.0,40.0,330.0,350.0,16.0,18.0,False,False,130.0,3.0,3.0,3.0,3.0,3.0,3.0,3.0,674.0,52.0,674.0,52.0,0.0,0.0,False,0,1.0,68.0,46.0,0.0,31.8,False,False,False,False,True,11,2.0,False,255,255.0,255.0,SPOKED,SPOKED,0,0.0,260.0,80.0,26.8,700.0,1.0,,
709,430.0,70.0,635.0,67.0,130.0,45.0,550.0,74.0,650.0,45.0,40.0,31.8,36.5,23.35,23.35,15.0,9.0,STEEL,40.0,45.0,40.0,330.0,350.0,16.0,18.0,False,False,135.0,3.0,3.0,3.0,3.0,3.0,3.0,3.0,736.0,50.0,736.0,50.0,1.0,1.0,False,1,1.0,73.0,46.0,0.0,31.8,False,False,True,True,True,9,1.0,False,255,0.0,0.0,SPOKED,SPOKED,0,0.0,280.0,80.0,26.8,700.0,1.0,,
710,430.0,66.0,580.0,73.0,120.0,45.0,550.0,73.0,650.0,45.0,40.0,28.0,36.5,23.35,21.5,15.0,15.0,CARBON,50.0,40.0,40.0,330.0,350.0,16.0,18.0,False,False,130.0,3.0,2.5,3.0,3.0,2.5,2.5,3.0,674.0,52.0,674.0,52.0,0.0,1.0,False,2,1.0,68.0,31.8,0.0,31.8,False,False,True,True,True,8,1.0,False,0,0.0,0.0,SPOKED,DISC,0,0.0,80.0,80.0,280.0,710.0,34.9,300.0,1.0
711,432.0,70.0,582.0,73.0,122.0,45.0,552.0,73.0,652.0,45.0,40.0,28.0,36.5,23.35,21.5,15.0,15.0,ALUMINIUM,52.0,42.0,42.0,330.0,350.0,16.0,18.0,False,False,130.0,3.0,2.5,3.0,3.0,2.5,2.5,3.0,700.0,78.0,700.0,78.0,2.0,1.0,True,2,1.0,68.0,31.8,0.0,31.8,False,False,False,False,True,11,2.0,False,0,0.0,0.0,TRISPOKE,DISC,1,0.0,80.0,80.0,280.0,710.0,34.9,300.0,1.0
712,434.0,66.0,584.0,68.0,124.0,45.0,554.0,74.0,654.0,45.0,40.0,28.0,36.5,23.35,21.5,15.0,15.0,STEEL,54.0,44.0,44.0,330.0,350.0,16.0,18.0,False,False,135.0,3.0,2.5,3.0,3.0,2.5,2.5,3.0,674.0,52.0,674.0,52.0,1.0,1.0,False,1,1.0,68.0,31.8,0.0,31.8,False,False,True,True,True,8,1.0,False,255,0.0,0.0,SPOKED,SPOKED,0,0.0,80.0,80.0,280.0,720.0,34.9,300.0,1.0
713,436.0,66.0,586.0,73.0,126.0,45.0,556.0,73.0,656.0,45.0,40.0,28.0,36.5,23.35,21.5,15.0,15.0,STEEL,55.0,45.0,45.0,330.0,350.0,16.0,18.0,False,False,130.0,3.0,2.5,3.0,3.0,2.5,2.5,3.0,674.0,52.0,674.0,52.0,0.0,1.0,False,1,1.0,68.0,31.8,0.0,31.8,False,False,True,True,True,8,1.0,False,64,64.0,64.0,SPOKED,SPOKED,0,0.0,80.0,80.0,280.0,710.0,34.9,300.0,1.0
714,438.0,70.0,588.0,74.0,128.0,45.0,558.0,74.0,658.0,45.0,40.0,28.0,36.5,23.35,21.5,15.0,15.0,STEEL,56.0,46.0,46.0,330.0,350.0,16.0,18.0,False,False,130.0,3.0,2.5,3.0,3.0,2.5,2.5,3.0,700.0,78.0,700.0,78.0,0.0,1.0,False,2,1.0,68.0,31.8,0.0,31.8,False,False,False,False,True,9,2.0,False,32,32.0,32.0,SPOKED,TRISPOKE,0,1.0,80.0,80.0,280.0,710.0,34.9,300.0,1.0
715,440.0,66.0,590.0,68.0,130.0,45.0,560.0,74.0,660.0,45.0,40.0,28.0,36.5,23.35,21.5,15.0,15.0,STEEL,58.0,48.0,48.0,330.0,350.0,16.0,18.0,False,False,135.0,3.0,2.5,3.0,3.0,2.5,2.5,3.0,674.0,52.0,674.0,52.0,1.0,1.0,False,1,1.0,68.0,31.8,0.0,31.8,False,False,True,True,True,7,1.0,True,0,0.0,0.0,SPOKED,SPOKED,0,0.0,80.0,80.0,280.0,720.0,34.9,300.0,1.0
716,442.0,66.0,592.0,73.0,132.0,45.0,562.0,73.0,662.0,45.0,40.0,28.0,36.5,23.35,21.5,15.0,15.0,STEEL,54.0,46.0,46.0,330.0,350.0,16.0,18.0,False,False,130.0,3.0,2.5,3.0,3.0,2.5,2.5,3.0,674.0,52.0,674.0,52.0,0.0,1.0,False,0,1.0,68.0,31.8,0.0,31.8,True,True,False,False,True,8,1.0,True,255,255.0,255.0,SPOKED,SPOKED,0,0.0,80.0,80.0,280.0,710.0,34.9,300.0,1.0
717,444.0,70.0,594.0,73.0,134.0,45.0,564.0,73.0,664.0,45.0,40.0,28.0,36.5,23.35,21.5,15.0,15.0,CARBON,60.0,50.0,50.0,330.0,350.0,16.0,18.0,False,False,130.0,3.0,2.5,3.0,3.0,2.5,2.5,3.0,700.0,78.0,700.0,78.0,0.0,2.0,False,0,1.0,68.0,31.8,0.0,31.8,False,False,False,False,True,10,2.0,False,0,0.0,255.0,SPOKED,SPOKED,0,0.0,80.0,80.0,280.0,710.0,34.9,300.0,1.0
718,446.0,66.0,596.0,68.0,136.0,45.0,566.0,74.0,666.0,45.0,40.0,28.0,36.5,23.35,21.5,15.0,15.0,STEEL,62.0,52.0,52.0,330.0,350.0,16.0,18.0,False,False,135.0,3.0,2.5,3.0,3.0,2.5,2.5,3.0,674.0,52.0,674.0,52.0,2.0,1.0,False,2,1.0,68.0,31.8,0.0,31.8,False,False,True,True,True,8,1.0,False,0,0.0,255.0,TRISPOKE,DISC,1,0.0,80.0,80.0,280.0,720.0,34.9,300.0,1.0
719,448.0,66.0,598.0,73.0,138.0,45.0,568.0,73.0,668.0,45.0,40.0,28.0,36.5,23.35,21.5,15.0,15.0,STEEL,64.0,54.0,54.0,330.0,350.0,16.0,18.0,False,False,130.0,3.0,2.5,3.0,3.0,2.5,2.5,3.0,674.0,52.0,674.0,52.0,0.0,2.0,False,0,1.0,68.0,31.8,0.0,31.8,True,True,True,True,True,7,1.0,False,64,64.0,64.0,SPOKED,SPOKED,0,0.0,80.0,80.0,280.0,710.0,34.9,300.0,1.0
720,430,65,610,73.5,120.0,45.0,550.0,73.0,680.0,45.0,40.0,28.0,36.0,23.5,23.5,15.0,9.0,STEEL,32,45.0,35.0,330.0,350.0,16.0,18.0,False,False,130,3.0,2.5,3.0,2.5,2.0,2.0,2.5,674.0,52.0,674.0,52.0,0.0,1.0,False,1,1.0,1.0,46.0,692.0,31.8,False,True,True,True,True,11,2.0,False,204,204.0,255.0,SPOKED,SPOKED,1,1.0,80.0,80.0,278.0,718,34.9,300.0,1.0
721,445,70,580,68.0,140.0,45.0,570.0,74.0,750.0,45.0,40.0,28.0,36.0,23.5,23.5,15.0,9.0,CARBON,35,48.0,38.0,330.0,350.0,16.0,18.0,False,False,135,2.5,2.0,3.0,2.5,2.0,2.0,2.5,674.0,52.0,674.0,52.0,1.0,0.0,False,0,3.0,68.0,46.0,692.0,31.8,False,False,True,True,True,10,1.0,False,204,153.0,255.0,SPOKED,SPOKED,1,1.0,80.0,80.0,278.0,718,34.9,300.0,1.0
722,430,70,600,73.0,130.0,45.0,550.0,73.0,680.0,45.0,40.0,28.0,36.0,23.5,23.5,15.0,9.0,CARBON,32,45.0,35.0,330.0,350.0,16.0,18.0,False,False,130,2.5,2.0,3.0,2.5,2.0,2.0,2.5,674.0,52.0,674.0,52.0,0.0,2.0,True,2,3.0,68.0,46.0,692.0,31.8,False,False,True,True,True,8,1.0,False,64,64.0,64.0,SPOKED,DISC,1,1.0,80.0,80.0,278.0,718,34.9,300.0,1.0
723,430,65,610,73.5,120.0,45.0,550.0,73.0,680.0,45.0,40.0,28.0,36.0,23.5,23.5,15.0,9.0,ALUMINIUM,32,45.0,35.0,330.0,350.0,16.0,18.0,False,False,130,3.0,2.0,3.0,2.5,2.0,2.0,2.5,674.0,52.0,674.0,52.0,0.0,1.0,False,1,1.0,68.0,46.0,692.0,31.8,False,False,False,False,True,11,2.0,False,192,192.0,192.0,SPOKED,SPOKED,1,1.0,80.0,80.0,278.0,718,34.9,300.0,1.0
724,450,70,580,68.0,140.0,45.0,570.0,74.0,750.0,45.0,40.0,28.0,36.0,23.5,23.5,15.0,9.0,CARBON,35,48.0,38.0,330.0,350.0,16.0,18.0,False,False,135,2.5,2.0,3.0,2.5,2.0,2.0,2.5,674.0,52.0,674.0,52.0,1.0,1.0,False,1,3.0,68.0,46.0,692.0,31.8,False,False,True,True,True,10,1.0,False,0,0.0,255.0,SPOKED,SPOKED,1,1.0,80.0,80.0,278.0,718,34.9,300.0,1.0
725,430,70,600,73.0,130.0,45.0,550.0,73.0,680.0,45.0,40.0,28.0,36.0,23.5,23.5,15.0,9.0,STEEL,32,45.0,35.0,330.0,350.0,16.0,18.0,False,False,130,3.0,2.5,3.0,2.5,2.0,2.0,2.5,674.0,52.0,674.0,52.0,0.0,2.0,False,2,1.0,68.0,46.0,692.0,31.8,False,False,True,True,True,8,1.0,False,0,0.0,0.0,SPOKED,SPOKED,1,1.0,80.0,80.0,278.0,718,34.9,300.0,1.0
726,430,65,610,73.5,120.0,45.0,550.0,73.0,680.0,45.0,40.0,28.0,36.0,23.5,23.5,15.0,9.0,STEEL,32,45.0,35.0,330.0,350.0,16.0,18.0,False,False,130,3.0,2.5,3.0,2.5,2.0,2.0,2.5,674.0,52.0,674.0,52.0,0.0,1.0,False,1,1.0,68.0,46.0,692.0,31.8,False,False,True,True,True,11,2.0,False,204,204.0,255.0,SPOKED,SPOKED,1,1.0,80.0,80.0,278.0,718,34.9,300.0,1.0
727,445,70,580,68.0,140.0,45.0,570.0,74.0,750.0,45.0,40.0,28.0,36.0,23.5,23.5,15.0,9.0,CARBON,35,48.0,38.0,330.0,350.0,16.0,18.0,False,False,135,2.5,2.0,3.0,2.5,2.0,2.0,2.5,674.0,52.0,674.0,52.0,1.0,1.0,False,1,3.0,68.0,46.0,692.0,31.8,False,True,True,True,True,10,1.0,False,204,204.0,255.0,SPOKED,SPOKED,1,1.0,80.0,80.0,278.0,718,34.9,300.0,1.0
728,430,65,600,73.0,130.0,45.0,550.0,73.0,680.0,45.0,40.0,28.0,36.0,23.5,23.5,15.0,9.0,ALUMINIUM,32,45.0,35.0,330.0,350.0,16.0,18.0,False,False,130,3.0,2.5,3.0,2.5,2.0,2.0,2.5,674.0,52.0,674.0,52.0,0.0,1.0,False,1,1.0,68.0,46.0,692.0,31.8,False,False,True,True,True,8,1.0,False,0,255.0,0.0,SPOKED,SPOKED,1,1.0,80.0,80.0,278.0,718,34.9,300.0,1.0
729,430,65,610,73.5,120.0,45.0,550.0,73.0,680.0,45.0,40.0,28.0,36.0,23.5,23.5,15.0,9.0,STEEL,32,45.0,35.0,330.0,350.0,16.0,18.0,False,False,130,3.0,2.5,3.0,2.5,2.0,2.0,2.5,674.0,52.0,674.0,52.0,0.0,0.0,False,0,1.0,68.0,46.0,692.0,31.8,False,False,True,True,True,11,2.0,False,204,204.0,255.0,SPOKED,SPOKED,1,1.0,80.0,80.0,278.0,718,34.9,300.0,1.0
730,420.0,70.0,620.0,66.0,130.0,45.0,550.0,74.0,650.0,45.0,40.0,28.6,36.5,23.35,23.35,15.0,9.0,CARBON,30.0,45.0,50.0,0.0,0.0,0.0,0.0,False,False,135.0,3.0,1.8,2.5,1.8,1.2,1.2,1.5,674.0,52.0,674.0,52.0,1.0,1.0,False,1,1.0,68.0,45.0,692.0,31.8,False,False,True,True,True,10,1.0,False,0,255.0,0.0,SPOKED,SPOKED,1,1.0,80.0,80.0,280.0,720.0,34.9,300.0,1.0
731,420.0,70.0,630.0,73.0,90.0,45.0,540.0,73.0,650.0,47.0,40.0,28.6,36.5,23.35,23.35,15.0,9.0,STEEL,30.0,45.0,55.0,0.0,0.0,0.0,0.0,False,False,135.0,3.0,1.8,2.3,1.8,1.3,1.3,1.5,674.0,52.0,674.0,52.0,0.0,0.0,False,0,1.0,68.0,45.0,692.0,31.8,False,True,True,True,True,8,2.0,False,200,200.0,255.0,DISC,SPOKED,0,1.0,0.0,80.0,280.0,720.0,34.9,300.0,1.0
732,405.0,67.0,580.0,73.0,100.0,45.0,530.0,73.0,620.0,45.0,40.0,28.6,36.5,23.35,23.35,15.0,9.0,STEEL,30.0,45.0,55.0,0.0,0.0,0.0,0.0,False,False,130.0,3.0,1.8,2.5,1.8,1.2,1.2,1.5,674.0,52.0,674.0,52.0,0.0,1.0,False,1,1.0,68.0,45.0,692.0,31.8,False,False,True,True,True,10,2.0,False,50,50.0,50.0,SPOKED,SPOKED,1,1.0,80.0,80.0,280.0,720.0,34.9,300.0,1.0
733,430.0,70.0,650.0,65.0,95.0,45.0,540.0,74.0,645.0,45.0,40.0,28.6,36.5,23.35,23.35,15.0,9.0,CARBON,30.0,45.0,55.0,0.0,0.0,0.0,0.0,False,False,135.0,3.0,1.8,2.5,1.8,1.2,1.2,1.5,674.0,52.0,674.0,52.0,1.0,1.0,False,1,1.0,68.0,45.0,692.0,31.8,False,False,True,True,True,10,1.0,False,255,0.0,0.0,SPOKED,SPOKED,1,1.0,80.0,80.0,280.0,720.0,34.9,300.0,1.0
734,415.0,70.0,610.0,73.0,110.0,45.0,520.0,74.0,640.0,45.0,40.0,28.6,36.5,23.35,23.35,15.0,9.0,STEEL,30.0,45.0,55.0,0.0,0.0,0.0,0.0,False,False,135.0,3.0,1.8,2.5,1.8,1.2,1.2,1.5,674.0,52.0,674.0,52.0,0.0,0.0,False,0,1.0,68.0,45.0,692.0,31.8,False,True,True,True,True,8,2.0,False,180,200.0,255.0,SPOKED,SPOKED,1,1.0,80.0,80.0,280.0,720.0,34.9,300.0,1.0
735,400.0,75.0,620.0,73.0,95.0,45.0,530.0,73.0,630.0,45.0,40.0,28.6,36.5,23.35,23.35,15.0,9.0,ALUMINIUM,30.0,45.0,55.0,0.0,0.0,0.0,0.0,False,False,130.0,3.0,1.8,2.5,1.8,1.2,1.2,1.5,674.0,52.0,674.0,52.0,0.0,0.0,False,0,1.0,68.0,45.0,692.0,31.8,False,False,True,True,True,10,2.0,False,255,255.0,0.0,DISC,DISC,0,0.0,0.0,0.0,280.0,720.0,34.9,300.0,1.0
736,430.0,68.0,660.0,66.0,110.0,45.0,560.0,74.0,650.0,45.0,40.0,28.6,36.5,23.35,23.35,15.0,9.0,CARBON,30.0,45.0,55.0,0.0,0.0,0.0,0.0,False,False,135.0,3.0,1.8,2.5,1.8,1.2,1.2,1.5,674.0,52.0,674.0,52.0,1.0,1.0,False,1,1.0,68.0,45.0,692.0,31.8,False,False,True,True,True,10,1.0,False,0,0.0,0.0,SPOKED,SPOKED,1,1.0,80.0,80.0,280.0,720.0,34.9,300.0,1.0
737,420.0,70.0,630.0,73.0,100.0,45.0,540.0,73.0,640.0,45.0,40.0,28.6,36.5,23.35,23.35,15.0,9.0,STEEL,30.0,45.0,55.0,0.0,0.0,0.0,0.0,False,False,135.0,3.0,1.8,2.5,1.8,1.2,1.2,1.5,674.0,52.0,674.0,52.0,0.0,2.0,False,2,1.0,68.0,45.0,692.0,31.8,False,False,False,False,True,8,1.0,False,0,0.0,0.0,DISC,SPOKED,0,1.0,0.0,80.0,280.0,720.0,34.9,300.0,1.0
738,400.0,70.0,740.0,74.0,110.0,45.0,530.0,73.0,620.0,45.0,40.0,28.6,36.5,23.35,23.35,15.0,9.0,CARBON,30.0,45.0,55.0,0.0,0.0,0.0,0.0,False,False,130.0,3.0,1.8,2.5,1.8,1.2,1.2,1.5,674.0,52.0,674.0,52.0,0.0,0.0,False,0,1.0,68.0,45.0,692.0,31.8,False,False,True,True,True,11,2.0,False,144,238.0,144.0,DISC,DISC,0,0.0,0.0,0.0,280.0,720.0,34.9,300.0,1.0
739,430.0,70.0,650.0,67.0,110.0,45.0,550.0,74.0,650.0,45.0,40.0,28.6,36.5,23.35,23.35,15.0,9.0,ALUMINIUM,30.0,45.0,55.0,0.0,0.0,0.0,0.0,False,False,135.0,3.0,1.8,2.5,1.8,1.2,1.2,1.5,674.0,52.0,674.0,52.0,1.0,1.0,False,1,1.0,68.0,45.0,692.0,31.8,False,False,True,True,True,10,1.0,False,192,192.0,192.0,SPOKED,SPOKED,1,1.0,80.0,80.0,280.0,720.0,34.9,300.0,1.0
740,425.0,65.0,600.0,73.0,120.0,45.0,540.0,74.0,650.0,45.0,40.0,28.6,36.5,23.35,23.35,15.0,9.0,CARBON,35.0,50.0,45.0,330.0,350.0,16.0,18.0,False,False,135.0,3.0,2.2,2.2,2.5,1.8,1.8,2.2,674.0,52.0,674.0,52.0,0.0,1.0,False,1,3.0,68.0,36.0,28.0,31.8,False,False,True,True,True,9,2.0,False,255,255.0,255.0,SPOKED,SPOKED,0,0.0,0.0,0.0,280.0,720.0,34.9,310.0,1.0
741,425.0,66.0,600.0,73.0,85.0,45.0,555.0,73.0,650.0,47.0,40.0,28.6,36.5,23.35,23.35,15.0,9.0,ALUMINIUM,20.0,45.0,40.0,330.0,350.0,16.0,18.0,False,False,130.0,3.0,2.0,2.0,2.5,1.8,1.8,2.0,674.0,52.0,674.0,52.0,0.0,1.0,False,0,1.0,68.0,34.0,0.0,31.8,False,False,False,False,True,11,2.0,False,204,204.0,255.0,DISC,DISC,0,0.0,0.0,0.0,280.0,740.0,34.9,300.0,1.0
742,435.0,60.0,550.0,67.0,95.0,45.0,570.0,74.0,640.0,45.0,40.0,28.6,36.5,23.35,23.35,15.0,9.0,STEEL,30.0,50.0,40.0,330.0,350.0,16.0,18.0,False,False,135.0,3.0,2.0,2.0,2.5,1.8,1.8,2.0,674.0,52.0,674.0,52.0,1.0,1.0,False,1,1.0,68.0,34.0,0.0,31.8,False,False,True,True,True,10,1.0,False,0,255.0,0.0,SPOKED,SPOKED,0,0.0,0.0,0.0,280.0,700.0,34.9,300.0,1.0
743,425.0,65.0,610.0,73.0,100.0,45.0,540.0,74.0,645.0,45.0,40.0,28.6,36.5,23.35,23.35,15.0,9.0,ALUMINIUM,25.0,48.0,42.0,330.0,350.0,16.0,18.0,False,False,130.0,3.0,2.0,2.0,2.5,1.8,1.8,2.0,674.0,52.0,674.0,52.0,0.0,1.0,False,1,1.0,68.0,34.0,0.0,31.8,False,False,True,True,True,9,1.0,False,255,165.0,0.0,SPOKED,SPOKED,0,0.0,0.0,0.0,280.0,730.0,34.9,310.0,1.0
744,430.0,65.0,600.0,73.5,90.0,45.0,550.0,74.0,650.0,45.0,40.0,28.6,36.5,23.35,23.35,15.0,9.0,STEEL,22.0,48.0,42.0,330.0,350.0,16.0,18.0,False,False,130.0,3.0,2.0,2.0,2.5,1.8,1.8,2.0,674.0,52.0,674.0,52.0,0.0,1.0,False,1,1.0,68.0,34.0,0.0,31.8,False,True,False,False,True,10,2.0,True,100,100.0,100.0,SPOKED,SPOKED,0,0.0,0.0,0.0,280.0,735.0,34.9,300.0,1.0
745,430.0,60.0,550.0,67.0,100.0,45.0,560.0,74.0,650.0,45.0,40.0,28.6,36.5,23.35,23.35,15.0,9.0,STEEL,30.0,50.0,40.0,330.0,350.0,16.0,18.0,False,False,135.0,3.0,2.0,2.0,2.5,1.8,1.8,2.0,674.0,52.0,674.0,52.0,1.0,1.0,False,0,1.0,68.0,34.0,0.0,31.8,False,False,True,True,True,11,2.0,False,255,255.0,255.0,SPOKED,SPOKED,0,0.0,0.0,0.0,280.0,710.0,34.9,300.0,1.0
746,425.0,65.0,610.0,73.0,95.0,45.0,550.0,74.0,648.0,45.0,40.0,28.6,36.5,23.35,23.35,15.0,9.0,STEEL,28.0,48.0,42.0,330.0,350.0,16.0,18.0,False,False,130.0,3.0,2.0,2.0,2.5,1.8,1.8,2.0,674.0,52.0,674.0,52.0,0.0,1.0,False,1,1.0,68.0,34.0,0.0,31.8,False,False,False,False,True,9,1.0,False,112,128.0,144.0,SPOKED,SPOKED,0,0.0,0.0,0.0,280.0,730.0,34.9,300.0,1.0
747,425.0,65.0,600.0,73.0,90.0,45.0,550.0,74.0,650.0,45.0,40.0,28.6,36.5,23.35,23.35,15.0,9.0,STEEL,22.0,48.0,42.0,330.0,350.0,16.0,18.0,False,False,130.0,3.0,2.0,2.0,2.5,1.8,1.8,2.0,674.0,52.0,674.0,52.0,0.0,1.0,False,2,1.0,68.0,34.0,0.0,31.8,False,False,True,True,True,9,2.0,True,150,0.0,0.0,SPOKED,SPOKED,0,0.0,0.0,0.0,280.0,735.0,34.9,300.0,1.0
748,430.0,65.0,550.0,67.0,90.0,45.0,560.0,74.0,650.0,45.0,40.0,28.6,36.5,23.35,23.35,15.0,9.0,ALUMINIUM,30.0,50.0,40.0,330.0,350.0,16.0,18.0,False,False,135.0,3.0,2.0,2.0,2.5,1.8,1.8,2.0,674.0,52.0,674.0,52.0,1.0,1.0,False,1,1.0,68.0,34.0,0.0,31.8,False,True,True,True,True,10,1.0,False,0,0.0,0.0,SPOKED,SPOKED,0,0.0,0.0,0.0,280.0,740.0,34.9,300.0,1.0
749,425.0,65.0,610.0,73.0,95.0,45.0,550.0,74.0,648.0,45.0,40.0,28.6,36.5,23.35,23.35,15.0,9.0,ALUMINIUM,28.0,48.0,42.0,330.0,350.0,16.0,18.0,False,False,130.0,3.0,2.0,2.0,2.5,1.8,1.8,2.0,674.0,52.0,674.0,52.0,0.0,1.0,False,2,1.0,68.0,34.0,0.0,31.8,False,False,True,True,True,9,1.0,False,255,255.0,255.0,SPOKED,SPOKED,0,0.0,0.0,0.0,280.0,730.0,34.9,300.0,1.0
750,550,50,575,73,100.0,45.0,550.0,74.0,640.0,47.0,40.0,28.6,36.5,23.35,13.0,15.0,9.0,BAMBOO,40.0,40.0,50.0,330.0,350.0,16.0,18.0,False,False,130,10.0,1.06,3.32,1.82,1.35,1.53,2.5,628.0,69.0,628.0,69.0,0.0,0.0,False,0,1.0,68.0,31.8,692.0,31.8,False,True,True,True,True,8,2.0,False,0,0.0,0.0,SPOKED,SPOKED,0,0.0,80.0,80.0,278.0,700,34.9,300.0,1.0
751,425,70,595,64,145.0,45.0,530.0,80.0,755.0,45.0,40.0,25.4,36.5,23.35,13.0,15.0,9.0,STEEL,28.9,49.2,49.2,330.0,350.0,16.0,18.0,False,False,157,3.0,1.8,2.5,1.8,1.5,1.4,1.3,674.0,52.0,674.0,52.0,1.0,1.0,False,1,1.0,73.0,45.0,692.0,26.8,False,False,True,True,True,10,1.0,False,255,255.0,255.0,SPOKED,SPOKED,0,0.0,80.0,80.0,278.0,718,26.8,300.0,1.0
752,450,50,550,72,110.0,45.0,540.0,76.0,642.0,47.0,40.0,28.6,36.5,23.35,13.0,15.0,9.0,BAMBOO,42.0,42.0,52.0,330.0,350.0,16.0,18.0,False,False,130,10.0,1.06,3.32,1.82,1.35,1.53,2.5,628.0,69.0,628.0,69.0,0.0,0.0,False,0,1.0,68.0,31.8,692.0,31.8,False,True,True,True,True,7,2.0,False,0,0.0,0.0,SPOKED,SPOKED,0,0.0,80.0,80.0,278.0,700,34.9,300.0,1.0
753,405,66,580,73,120.0,45.0,555.0,74.0,642.0,47.0,40.0,25.4,36.5,23.35,13.0,15.0,9.0,ALUMINIUM,35.0,35.0,45.0,330.0,350.0,16.0,18.0,False,False,130,7.7,12.9,3.29,6.86,4.51,2.75,5.07,674.0,52.0,674.0,52.0,0.0,1.0,False,1,1.0,68.0,31.8,692.0,31.8,False,False,True,True,True,8,2.0,False,30,144.0,255.0,SPOKED,SPOKED,0,0.0,80.0,80.0,278.0,830,34.9,200.0,1.0
754,425,70,640,65,140.0,45.0,540.0,80.0,750.0,45.0,40.0,25.4,36.5,23.35,13.0,15.0,9.0,STEEL,30.6,40.0,55.8,330.0,350.0,16.0,18.0,False,False,157,3.0,1.8,2.5,1.8,1.5,1.4,1.3,674.0,52.0,674.0,52.0,1.0,1.0,False,1,1.0,73.0,45.0,692.0,26.8,False,False,True,True,True,10,1.0,False,0,0.0,0.0,SPOKED,SPOKED,0,0.0,80.0,80.0,278.0,718,26.8,300.0,1.0
755,425,70,560,74,100.0,45.0,540.0,76.0,640.0,47.0,40.0,25.4,36.5,23.35,13.0,15.0,9.0,STEEL,34.0,44.0,50.0,330.0,350.0,16.0,18.0,False,False,130,3.0,1.8,2.5,1.8,1.5,1.4,1.3,674.0,52.0,674.0,52.0,0.0,0.0,False,0,1.0,68.0,31.8,692.0,26.8,True,True,True,True,True,7,2.0,False,255,255.0,255.0,SPOKED,SPOKED,0,0.0,80.0,80.0,278.0,700,26.8,300.0,1.0
756,425,66,600,73,105.0,45.0,555.0,74.0,645.0,47.0,40.0,25.4,36.5,23.35,13.0,15.0,9.0,STEEL,37.0,49.0,45.0,330.0,350.0,16.0,18.0,False,False,130,3.0,1.8,2.5,1.8,1.5,1.4,1.3,674.0,52.0,674.0,52.0,0.0,0.0,False,0,1.0,68.0,31.8,692.0,26.8,False,False,True,True,True,8,2.0,False,0,191.0,255.0,SPOKED,SPOKED,0,0.0,80.0,80.0,278.0,718,26.8,300.0,1.0
757,450,35,560,64,140.0,45.0,520.0,80.0,755.0,45.0,40.0,39.75,36.5,27.35,21.5,15.0,9.0,CARBON,25.0,60.0,30.0,330.0,350.0,16.0,18.0,True,True,157,5.21,1.92,1.49,0.86,5.24,2.47,0.6,744.0,122.0,744.0,122.0,1.0,0.0,False,0,1.0,73.0,53.0,692.0,35.0,False,False,False,False,True,10,1.0,False,64,64.0,64.0,SPOKED,SPOKED,0,0.0,80.0,80.0,278.0,715,35.0,480.0,1.0
758,425,60,550,74,120.0,45.0,540.0,76.0,640.0,47.0,40.0,25.4,36.5,23.35,13.0,15.0,9.0,TITANIUM,31.0,60.0,42.0,330.0,350.0,16.0,18.0,False,False,130,3.0,2.0,2.5,2.0,2.0,2.0,2.0,674.0,52.0,674.0,52.0,0.0,0.0,False,0,1.0,68.0,31.8,692.0,31.8,False,False,True,True,True,7,2.0,False,192,192.0,192.0,SPOKED,SPOKED,0,0.0,80.0,80.0,278.0,700,26.8,300.0,1.0
759,405,66,580,73,105.0,45.0,555.0,74.0,642.0,47.0,40.0,25.4,36.5,23.35,13.0,15.0,9.0,ALUMINIUM,35.0,35.0,45.0,330.0,350.0,16.0,18.0,False,False,130,7.7,12.9,3.29,6.86,4.51,2.75,5.07,674.0,52.0,674.0,52.0,0.0,0.0,False,0,1.0,68.0,31.8,692.0,31.8,False,False,True,True,True,8,2.0,False,255,255.0,255.0,SPOKED,SPOKED,0,0.0,80.0,80.0,278.0,830,34.9,200.0,1.0
760,430,70,620,67,160.0,50.0,550.0,73.0,650.0,45.0,40.0,28.0,36.5,28.6,24.5,15.0,9.0,STEEL,40,45.0,40.0,0.0,0.0,0.0,0.0,False,False,135,2.5,2.5,3.0,3.0,2.5,2.5,2.5,700.0,25.0,700.0,25.0,0.0,1.0,False,1,1.0,68.0,34.0,0.0,31.8,False,True,False,False,True,9,1.0,False,200,200.0,255.0,SPOKED,SPOKED,0,0.0,80.0,80.0,260.0,800,34,300.0,1.0
761,425,70,610,72,140.0,50.0,540.0,73.0,630.0,45.0,40.0,28.0,32.5,28.6,24.5,15.0,9.0,STEEL,35,50.0,45.0,0.0,0.0,0.0,0.0,False,False,135,2.0,2.0,2.5,2.5,2.0,2.0,2.0,700.0,23.0,700.0,23.0,0.0,0.0,False,0,1.0,68.0,34.0,0.0,31.8,False,True,True,True,True,8,1.0,False,180,200.0,255.0,TRISPOKE,SPOKED,1,0.0,100.0,80.0,260.0,780,34,300.0,1.0
762,430,65,600,73,130.0,50.0,550.0,74.0,640.0,45.0,40.0,28.0,34.5,28.6,24.5,15.0,9.0,ALUMINIUM,30,45.0,45.0,0.0,0.0,0.0,0.0,False,False,130,3.0,2.5,3.0,2.5,2.5,2.5,3.0,700.0,25.0,700.0,25.0,0.0,1.0,False,1,1.0,68.0,34.0,0.0,31.8,False,False,True,True,True,9,2.0,False,150,75.0,0.0,SPOKED,SPOKED,0,0.0,80.0,80.0,260.0,770,33,300.0,1.0
763,435,72,615,66,155.0,50.0,540.0,73.0,660.0,45.0,40.0,28.0,36.5,28.6,24.5,15.0,9.0,STEEL,45,50.0,40.0,0.0,0.0,0.0,0.0,False,False,135,3.0,2.5,3.0,2.5,2.5,2.5,3.0,700.0,25.0,700.0,25.0,0.0,2.0,False,2,1.0,68.0,34.0,0.0,31.8,False,True,True,True,True,10,1.0,False,85,107.0,47.0,SPOKED,SPOKED,0,0.0,80.0,80.0,260.0,785,34,300.0,1.0
764,420,68,605,73,145.0,50.0,550.0,73.0,630.0,45.0,40.0,28.0,34.5,28.6,24.5,15.0,9.0,STEEL,35,50.0,45.0,0.0,0.0,0.0,0.0,False,False,130,2.5,2.5,2.5,2.5,2.5,2.5,2.5,700.0,25.0,700.0,25.0,0.0,0.0,False,0,1.0,68.0,34.0,0.0,31.8,False,False,False,False,True,8,1.0,False,200,200.0,255.0,SPOKED,SPOKED,0,0.0,80.0,80.0,260.0,760,34,300.0,1.0
765,430,70,615,73,150.0,50.0,550.0,74.0,640.0,45.0,40.0,28.0,36.5,28.6,24.5,15.0,9.0,STEEL,40,45.0,45.0,0.0,0.0,0.0,0.0,False,False,130,2.5,2.5,2.5,2.5,2.5,2.5,2.5,700.0,25.0,700.0,25.0,0.0,1.0,False,0,0.0,68.0,34.0,0.0,31.8,True,True,True,True,True,9,2.0,False,255,0.0,0.0,SPOKED,SPOKED,0,0.0,80.0,80.0,260.0,780,34,300.0,1.0
766,435,70,620,66,155.0,50.0,550.0,73.0,660.0,45.0,40.0,28.0,36.5,28.6,24.5,15.0,9.0,STEEL,45,50.0,40.0,0.0,0.0,0.0,0.0,False,False,135,2.5,2.5,2.5,2.5,2.5,2.5,2.5,700.0,25.0,700.0,25.0,0.0,1.0,False,1,1.0,68.0,34.0,0.0,31.8,False,False,True,True,True,10,1.0,False,112,128.0,144.0,SPOKED,SPOKED,0,0.0,80.0,80.0,260.0,790,34,300.0,1.0
767,425,68,610,73,140.0,50.0,540.0,74.0,630.0,45.0,40.0,28.0,34.5,28.6,24.5,15.0,9.0,STEEL,35,50.0,45.0,0.0,0.0,0.0,0.0,False,False,130,2.5,2.5,2.5,2.5,2.5,2.5,2.5,700.0,25.0,700.0,25.0,0.0,1.0,False,1,1.0,68.0,34.0,0.0,31.8,False,False,True,True,False,9,1.0,False,112,128.0,144.0,SPOKED,SPOKED,0,0.0,80.0,80.0,260.0,775,34,300.0,1.0
768,430,68,615,73,150.0,50.0,550.0,74.0,640.0,45.0,40.0,28.0,36.5,28.6,24.5,15.0,9.0,STEEL,40,45.0,45.0,0.0,0.0,0.0,0.0,False,False,130,2.5,2.5,2.5,2.5,2.5,2.5,2.5,700.0,25.0,700.0,25.0,0.0,1.0,False,1,1.0,68.0,34.0,0.0,31.8,False,False,True,True,True,10,1.0,True,0,255.0,127.0,SPOKED,SPOKED,0,0.0,80.0,80.0,260.0,780,34,300.0,1.0
769,433,70,620,66,155.0,50.0,550.0,73.0,660.0,45.0,40.0,28.0,36.5,28.6,24.5,15.0,9.0,STEEL,45,50.0,40.0,0.0,0.0,0.0,0.0,False,False,135,2.5,2.5,2.5,2.5,2.5,2.5,2.5,700.0,25.0,700.0,25.0,0.0,1.0,False,1,1.0,68.0,34.0,0.0,31.8,False,False,False,False,True,9,1.0,False,0,255.0,0.0,SPOKED,SPOKED,0,0.0,80.0,80.0,260.0,785,34,300.0,1.0
770,425.0,70.0,580.0,73.0,120.0,45.0,550.0,74.0,650.0,47.0,40.0,25.4,28.6,23.35,23.35,15.0,9.0,STEEL,30.0,50.0,35.0,330.0,350.0,16.0,18.0,False,False,130.0,3.0,2.0,2.0,3.0,1.5,1.5,2.0,674.0,52.0,674.0,52.0,0.0,2.0,False,2,1.0,68.0,50.0,31.8,31.8,False,False,True,True,True,7,1.0,False,255,255.0,255.0,SPOKED,SPOKED,1,1.0,80.0,80.0,200.0,280.0,34.9,720.0,1.0
771,425.0,70.0,580.0,73.0,120.0,45.0,550.0,74.0,650.0,47.0,40.0,25.4,28.6,23.35,23.35,15.0,9.0,STEEL,30.0,50.0,35.0,330.0,350.0,16.0,18.0,False,False,130.0,3.0,2.0,2.0,3.0,1.5,1.5,2.0,674.0,52.0,674.0,52.0,0.0,1.0,False,1,1.0,68.0,50.0,31.8,31.8,False,False,True,True,True,10,2.0,False,128,128.0,128.0,SPOKED,SPOKED,1,1.0,80.0,80.0,200.0,280.0,34.9,720.0,1.0
772,425.0,70.0,580.0,73.0,120.0,45.0,550.0,74.0,650.0,47.0,40.0,25.4,28.6,23.35,23.35,15.0,9.0,STEEL,30.0,50.0,35.0,330.0,350.0,16.0,18.0,False,False,130.0,3.0,2.0,2.0,3.0,1.5,1.5,2.0,674.0,52.0,674.0,52.0,1.0,0.0,False,0,1.0,68.0,50.0,31.8,31.8,False,False,True,True,True,11,2.0,False,0,0.0,0.0,SPOKED,SPOKED,1,1.0,80.0,80.0,200.0,280.0,34.9,720.0,1.0
773,425.0,70.0,580.0,73.0,120.0,45.0,550.0,74.0,650.0,47.0,40.0,25.4,28.6,23.35,23.35,15.0,9.0,STEEL,30.0,50.0,35.0,330.0,350.0,16.0,18.0,False,False,130.0,3.0,2.0,2.0,3.0,1.5,1.5,2.0,674.0,52.0,674.0,52.0,0.0,1.0,False,1,1.0,68.0,50.0,31.8,31.8,False,False,True,True,True,8,1.0,False,112,128.0,144.0,SPOKED,SPOKED,1,1.0,80.0,80.0,200.0,280.0,34.9,720.0,1.0
774,425.0,70.0,580.0,73.0,120.0,45.0,550.0,74.0,650.0,47.0,40.0,25.4,28.6,23.35,23.35,15.0,9.0,STEEL,30.0,50.0,35.0,330.0,350.0,16.0,18.0,False,False,130.0,3.0,2.0,2.0,3.0,1.5,1.5,2.0,674.0,52.0,674.0,52.0,0.0,0.0,False,0,1.0,68.0,50.0,31.8,31.8,False,True,True,True,True,10,2.0,False,255,165.0,0.0,SPOKED,SPOKED,1,1.0,80.0,80.0,200.0,280.0,34.9,720.0,1.0
775,425.0,70.0,580.0,73.0,120.0,45.0,550.0,74.0,650.0,47.0,40.0,25.4,28.6,23.35,23.35,15.0,9.0,STEEL,30.0,50.0,35.0,330.0,350.0,16.0,18.0,False,False,130.0,3.0,2.0,2.0,3.0,1.5,1.5,2.0,674.0,52.0,674.0,52.0,1.0,0.0,False,0,1.0,68.0,50.0,31.8,31.8,False,True,True,True,True,11,2.0,False,200,200.0,255.0,SPOKED,SPOKED,1,1.0,80.0,80.0,200.0,280.0,34.9,720.0,1.0
776,425.0,70.0,580.0,73.0,120.0,45.0,550.0,74.0,650.0,47.0,40.0,25.4,28.6,23.35,23.35,15.0,9.0,STEEL,30.0,50.0,35.0,330.0,350.0,16.0,18.0,False,False,130.0,3.0,2.0,2.0,3.0,1.5,1.5,2.0,674.0,52.0,674.0,52.0,0.0,1.0,False,1,1.0,68.0,50.0,31.8,31.8,False,False,True,True,True,8,1.0,False,200,200.0,255.0,SPOKED,SPOKED,1,1.0,80.0,80.0,200.0,280.0,34.9,720.0,1.0
777,425.0,70.0,580.0,73.0,120.0,45.0,550.0,74.0,650.0,47.0,40.0,25.4,28.6,23.35,23.35,15.0,9.0,STEEL,30.0,50.0,35.0,330.0,350.0,16.0,18.0,False,False,130.0,3.0,2.0,2.0,3.0,1.5,1.5,2.0,674.0,52.0,674.0,52.0,0.0,0.0,False,0,1.0,68.0,50.0,31.8,31.8,False,False,True,True,True,10,2.0,False,128,0.0,0.0,SPOKED,SPOKED,1,1.0,80.0,80.0,200.0,280.0,34.9,720.0,1.0
778,425.0,70.0,580.0,73.0,120.0,45.0,550.0,74.0,650.0,47.0,40.0,25.4,28.6,23.35,23.35,15.0,9.0,ALUMINIUM,30.0,50.0,35.0,330.0,350.0,16.0,18.0,False,False,130.0,3.0,2.0,2.0,3.0,1.5,1.5,2.0,674.0,52.0,674.0,52.0,1.0,1.0,False,1,1.0,68.0,50.0,31.8,31.8,False,True,True,True,True,11,2.0,False,255,255.0,255.0,SPOKED,SPOKED,1,1.0,80.0,80.0,200.0,280.0,34.9,720.0,1.0
779,425.0,70.0,580.0,73.0,120.0,45.0,550.0,74.0,650.0,47.0,40.0,25.4,28.6,23.35,23.35,15.0,9.0,STEEL,30.0,50.0,35.0,330.0,350.0,16.0,18.0,False,False,130.0,3.0,2.0,2.0,3.0,1.5,1.5,2.0,674.0,52.0,674.0,52.0,0.0,2.0,False,2,1.0,68.0,50.0,31.8,31.8,False,True,True,True,True,7,1.0,False,200,200.0,255.0,SPOKED,SPOKED,1,1.0,80.0,80.0,200.0,280.0,34.9,720.0,1.0
780,425.0,66.0,575.2029642,73.0,105.2,45.0,555.0,74.0,645.0,47.0,40.0,25.4,36.5,23.35,13.0,15.0,9.0,STEEL,63.1,48.0,40.1,330.0,350.0,16.0,18.0,False,False,130.0,2.984925,1.771534,2.498554,1.894191,1.50974,1.410488,1.387291,674.0,52.0,674.0,52.0,0.0,0.0,False,0,1.0,68.0,31.8,26.8,26.8,False,False,True,True,True,8,1.0,False,112,128.0,144.0,SPOKED,SPOKED,1,1.0,80.0,80.0,278.0,718.0,26.8,250.0,1.0
781,550.0,29.5,496.9336227,67.0,100.0,45.0,533.0,65.0,628.0,45.0,40.0,28.6,36.5,23.35,13.0,15.0,9.0,BAMBOO,46.9,44.9,50.1,330.0,350.0,16.0,18.0,False,False,135.0,10.2463251,1.0571538,3.3202037,1.8219099,1.3504987,1.531239,2.5014936,628.0,69.0,628.0,69.0,1.0,1.0,False,1,1.0,68.0,45.0,692.0,31.8,False,False,True,True,True,9,1.0,False,135,206.0,235.0,SPOKED,SPOKED,0,0.0,80.0,80.0,278.0,700.0,34.9,300.0,2.0
782,405.0,70.0,591.9108569,73.0,145.0,45.0,515.2,74.0,653.0,45.0,45.0,40.0,28.6,36.5,23.35,15.0,9.0,ALUMINIUM,28.9,49.2,49.2,330.0,350.0,16.0,18.0,True,True,130.0,0.204652,0.305932,2.319972,0.870218,1.542544,0.806345,0.927901,674.0,52.0,674.0,52.0,0.0,0.0,False,0,1.0,68.0,45.0,692.0,31.8,False,False,True,True,True,9,1.0,False,255,255.0,240.0,SPOKED,SPOKED,1,1.0,80.0,80.0,298.0,718.0,34.9,330.0,1.0
783,455.0,70.0,721.2682239,71.0,180.4,35.0,546.2,73.5,748.0,45.0,39.0,27.0,36.5,21.25,14.5,15.0,10.1,STEEL,36.3,46.2,56.2,330.0,350.0,16.0,18.0,False,False,142.0,5.4669054,8.5217859,4.2047911,0.9166758,4.1205089,2.6971863,4.6994853,736.0,114.0,736.0,114.0,1.0,0.0,False,1,1.0,68.0,46.3,692.0,28.6,False,False,True,True,True,9,1.0,False,204,204.0,255.0,SPOKED,SPOKED,1,1.0,80.0,80.0,265.0,830.0,34.9,300.0,1.0
784,420.0,70.0,641.0649213,73.0,151.0,100.0,540.0,72.5,668.0,45.0,40.0,39.75,50.0,28.5,13.0,15.0,9.0,ALUMINIUM,30.6,40.0,55.8,330.0,350.0,16.0,18.0,False,False,130.0,5.2145297,1.9237994,1.4867756,0.8627443,5.2476456,2.472199,0.6039292,676.0,54.0,676.0,54.0,1.0,1.0,False,1,1.0,68.0,55.0,692.0,50.0,False,False,True,True,True,10,1.0,False,0,0.0,0.0,SPOKED,SPOKED,1,1.0,80.0,80.0,210.0,709.0,34.9,310.0,1.0
785,450.0,35.0,512.9319064,64.0,133.8,45.0,380.0,80.0,758.0,45.0,40.0,28.6,36.5,27.35,21.5,15.0,9.0,STEEL,25.0,128.4,30.0,330.0,350.0,16.0,18.0,True,True,157.0,8.4847782,0.8488915,3.1148346,4.1916358,1.7240196,3.896332,0.6390156,744.0,122.0,744.0,122.0,0.0,2.0,False,2,0.0,68.0,53.0,692.0,35.0,True,True,True,True,True,11,1.0,False,112,128.0,144.0,TRISPOKE,TRISPOKE,1,1.0,40.0,40.0,250.0,700.0,43.0,480.0,1.0
786,430.0,68.0,580.0,74.0,110.0,50.0,550.0,73.0,650.0,45.0,40.0,25.4,36.5,23.35,13.0,15.0,9.0,STEEL,65.0,48.0,40.0,330.0,350.0,16.0,18.0,False,False,130.0,3.0,1.8,2.5,1.9,1.5,1.4,1.4,674.0,52.0,674.0,52.0,0.0,0.0,False,0,1.0,68.0,31.8,692.0,26.8,False,False,True,True,True,9,2.0,False,255,255.0,255.0,SPOKED,SPOKED,1,1.0,80.0,80.0,278.0,720.0,26.8,260.0,1.0
787,380.0,47.0,561.1033732,74.0,168.8,45.0,552.4,76.0,624.0,45.0,40.0,28.6,36.5,23.35,13.0,15.0,9.0,STEEL,33.0,32.4,46.4,330.0,350.0,16.0,18.0,True,True,130.0,20.483697,6.0348129,1.5929309,4.8805465,9.4846428,15.086775,1.7309129,674.0,52.0,674.0,52.0,1.0,1.0,False,1,1.0,68.0,45.0,692.0,31.8,False,True,True,True,True,10,2.0,False,204,204.0,255.0,SPOKED,SPOKED,1,1.0,80.0,80.0,298.0,700.0,34.9,300.0,1.0
788,430.0,70.0,600.0,73.0,110.0,50.0,550.0,73.0,650.0,45.0,40.0,25.4,36.5,23.35,13.0,15.0,9.0,STEEL,65.0,48.0,40.0,330.0,350.0,16.0,18.0,False,False,130.0,3.0,1.8,2.5,1.9,1.5,1.4,1.4,674.0,52.0,674.0,52.0,0.0,0.0,False,0,0.0,68.0,31.8,692.0,26.8,False,False,False,False,True,10,2.0,False,112,128.0,144.0,SPOKED,SPOKED,1,1.0,80.0,80.0,278.0,720.0,26.8,260.0,1.0
789,430.0,68.0,578.0,74.0,112.0,47.0,552.0,73.0,648.0,46.0,40.0,25.4,36.5,23.35,13.0,15.0,9.0,STEEL,64.0,49.0,41.0,330.0,350.0,16.0,18.0,False,False,132.0,3.1,1.85,2.4,1.95,1.55,1.42,1.39,674.0,52.0,674.0,52.0,0.0,0.0,False,0,1.0,68.0,31.8,692.0,26.8,False,True,True,True,True,11,2.0,False,220,20.0,60.0,SPOKED,SPOKED,1,1.0,80.0,80.0,280.0,730.0,26.8,270.0,1.0
790,425.0,60.0,580.0,67.0,100.0,45.0,550.0,74.0,630.0,45.0,40.0,28.6,36.5,23.35,23.35,15.0,9.0,STEEL,30.0,50.0,40.0,330.0,350.0,16.0,18.0,False,False,130.0,2.5,2.5,3.0,2.5,2.5,2.5,3.0,650.0,52.0,650.0,52.0,1.0,1.0,False,1,1.0,68.0,31.8,0.0,31.8,False,False,True,True,True,11,1.0,False,255,255.0,255.0,SPOKED,SPOKED,0,0.0,0.0,0.0,280.0,280.0,34.9,350.0,1.0
791,425.0,65.0,620.0,72.0,150.0,45.0,600.0,73.0,630.0,45.0,40.0,28.6,36.5,23.35,23.35,15.0,9.0,STEEL,30.0,50.0,40.0,330.0,350.0,16.0,18.0,False,False,130.0,2.5,2.5,3.0,2.5,2.5,2.5,3.0,700.0,52.0,700.0,52.0,0.0,1.0,False,2,1.0,68.0,31.8,0.0,31.8,False,False,False,False,True,8,1.0,False,255,255.0,255.0,SPOKED,SPOKED,0,0.0,0.0,0.0,280.0,330.0,34.9,400.0,1.0
792,420.0,70.0,530.0,73.0,130.0,45.0,500.0,74.0,600.0,47.0,40.0,28.6,36.5,23.35,23.35,15.0,9.0,STEEL,30.0,50.0,40.0,330.0,350.0,16.0,18.0,False,False,130.0,2.5,2.5,3.0,2.5,2.5,2.5,3.0,700.0,52.0,700.0,52.0,0.0,1.0,False,0,3.0,68.0,31.8,0.0,31.8,False,False,True,True,True,11,2.0,False,192,192.0,192.0,DISC,SPOKED,0,0.0,0.0,0.0,260.0,260.0,34.9,320.0,1.0
793,430.0,60.0,590.0,67.0,100.0,45.0,560.0,74.0,630.0,45.0,40.0,28.6,36.5,23.35,23.35,15.0,9.0,STEEL,30.0,50.0,40.0,330.0,350.0,16.0,18.0,False,False,130.0,2.5,2.5,3.0,2.5,2.5,2.5,3.0,650.0,52.0,650.0,52.0,1.0,1.0,False,1,1.0,68.0,31.8,0.0,31.8,False,False,True,True,True,11,1.0,False,0,204.0,204.0,SPOKED,SPOKED,0,0.0,0.0,0.0,280.0,280.0,34.9,350.0,1.0
794,425.0,65.0,630.0,72.0,150.0,45.0,600.0,73.0,630.0,45.0,40.0,28.6,36.5,23.35,23.35,15.0,9.0,STEEL,30.0,50.0,40.0,330.0,350.0,16.0,18.0,False,False,130.0,2.5,2.5,3.0,2.5,2.5,2.5,3.0,700.0,52.0,700.0,52.0,0.0,1.0,False,2,1.0,68.0,31.8,0.0,31.8,False,True,True,True,True,8,1.0,False,255,255.0,255.0,SPOKED,SPOKED,0,0.0,0.0,0.0,280.0,330.0,34.9,400.0,1.0
795,420.0,70.0,540.0,73.0,130.0,45.0,500.0,74.0,600.0,47.0,40.0,28.6,36.5,23.35,23.35,15.0,9.0,STEEL,30.0,50.0,40.0,330.0,350.0,16.0,18.0,False,False,130.0,2.5,2.5,3.0,2.5,2.5,2.5,3.0,700.0,52.0,700.0,52.0,0.0,1.0,False,0,3.0,68.0,31.8,0.0,31.8,False,False,True,True,True,11,2.0,False,255,255.0,255.0,DISC,SPOKED,0,0.0,0.0,0.0,260.0,260.0,34.9,320.0,1.0
796,430.0,60.0,570.0,67.0,100.0,45.0,560.0,74.0,630.0,45.0,40.0,28.6,36.5,23.35,23.35,15.0,9.0,STEEL,30.0,50.0,40.0,330.0,350.0,16.0,18.0,False,False,130.0,2.5,2.5,3.0,2.5,2.5,2.5,3.0,650.0,52.0,650.0,52.0,1.0,1.0,False,1,1.0,68.0,31.8,0.0,31.8,False,False,True,True,True,11,1.0,False,255,255.0,255.0,SPOKED,SPOKED,0,0.0,0.0,0.0,280.0,280.0,34.9,350.0,1.0
797,425.0,65.0,610.0,72.0,150.0,45.0,600.0,73.0,630.0,45.0,40.0,28.6,36.5,23.35,23.35,15.0,9.0,ALUMINIUM,30.0,50.0,40.0,330.0,350.0,16.0,18.0,False,False,130.0,2.5,2.5,3.0,2.5,2.5,2.5,3.0,700.0,52.0,700.0,52.0,0.0,1.0,False,1,1.0,68.0,31.8,0.0,31.8,False,False,True,True,True,8,1.0,False,0,127.0,255.0,SPOKED,SPOKED,0,0.0,0.0,0.0,280.0,330.0,34.9,400.0,1.0
798,420.0,70.0,550.0,73.0,130.0,45.0,500.0,74.0,600.0,47.0,40.0,28.6,36.5,23.35,23.35,15.0,9.0,TITANIUM,30.0,50.0,40.0,330.0,350.0,16.0,18.0,False,False,130.0,2.5,2.5,3.0,2.5,2.5,2.5,3.0,700.0,52.0,700.0,52.0,0.0,1.0,False,0,3.0,68.0,31.8,0.0,31.8,False,False,False,False,True,11,2.0,False,192,192.0,192.0,DISC,SPOKED,0,0.0,0.0,0.0,260.0,260.0,34.9,320.0,1.0
799,430.0,60.0,600.0,67.0,100.0,45.0,560.0,74.0,630.0,45.0,40.0,28.6,36.5,23.35,23.35,15.0,9.0,STEEL,30.0,50.0,40.0,330.0,350.0,16.0,18.0,False,False,130.0,2.5,2.5,3.0,2.5,2.5,2.5,3.0,650.0,52.0,650.0,52.0,1.0,1.0,False,1,1.0,68.0,31.8,0.0,31.8,False,False,True,True,True,11,1.0,False,143,151.0,73.0,SPOKED,SPOKED,0,0.0,0.0,0.0,280.0,280.0,34.9,350.0,1.0
800,430.0,68.0,620.0,73.0,140.0,45.0,550.0,74.0,660.0,45.0,40.0,27.0,38.0,25.0,14.0,15.0,10.0,STEEL,30.0,50.0,35.0,330.0,350.0,16.0,18.0,False,False,130.0,3.0,2.0,2.0,2.5,2.0,2.0,2.0,674.0,52.0,674.0,52.0,0.0,0.0,False,0,1.0,68.0,40.0,692.0,31.8,False,False,True,True,True,9,2.0,False,0,0.0,0.0,SPOKED,SPOKED,1,1.0,80.0,80.0,280.0,730.0,34.9,300.0,1.0
801,430.0,70.0,605.0,73.0,150.0,45.0,540.0,73.5,680.0,45.0,40.0,28.6,40.0,23.0,14.0,15.0,10.0,STEEL,35.0,48.0,40.0,330.0,350.0,16.0,18.0,False,False,130.0,3.0,2.0,2.0,3.0,2.0,2.0,2.0,674.0,52.0,674.0,52.0,0.0,0.0,False,0,1.0,68.0,45.0,692.0,31.8,False,False,True,True,True,10,2.0,True,0,0.0,0.0,SPOKED,SPOKED,1,1.0,80.0,80.0,290.0,720.0,34.9,310.0,1.0
802,435.0,70.0,627.0,67.0,130.0,45.0,550.0,75.0,650.0,45.0,40.0,30.0,38.0,25.0,15.0,15.0,10.0,STEEL,32.0,45.0,35.0,330.0,350.0,16.0,18.0,False,False,135.0,3.0,2.0,2.0,3.0,2.0,2.0,2.0,674.0,52.0,674.0,52.0,1.0,1.0,False,1,1.0,68.0,45.0,692.0,31.8,False,False,False,False,True,10,1.0,False,255,255.0,255.0,SPOKED,SPOKED,1,1.0,80.0,80.0,270.0,750.0,34.9,300.0,1.0
803,428.0,68.0,615.0,73.0,145.0,45.0,545.0,74.0,670.0,45.0,40.0,28.0,38.0,24.0,14.0,15.0,10.0,STEEL,34.0,50.0,36.0,330.0,350.0,16.0,18.0,False,False,130.0,3.0,2.0,2.0,3.0,2.0,2.0,2.0,674.0,52.0,674.0,52.0,0.0,0.0,False,0,1.0,68.0,45.0,692.0,31.8,False,True,False,False,True,9,2.0,False,204,204.0,255.0,SPOKED,SPOKED,1,1.0,80.0,80.0,285.0,725.0,34.9,305.0,1.0
804,432.0,72.0,600.0,73.0,160.0,45.0,535.0,73.0,700.0,45.0,40.0,30.0,40.0,25.0,15.0,15.0,10.0,CARBON,28.0,46.0,34.0,330.0,350.0,16.0,18.0,False,False,130.0,2.5,1.5,1.5,2.0,1.5,1.5,1.5,674.0,52.0,674.0,52.0,0.0,1.0,False,1,1.0,70.0,50.0,692.0,31.8,False,False,True,True,True,11,2.0,False,192,192.0,192.0,SPOKED,SPOKED,1,1.0,80.0,80.0,290.0,735.0,34.9,320.0,1.0
805,440.0,70.0,630.0,68.0,150.0,45.0,560.0,74.0,680.0,45.0,40.0,28.0,38.0,23.0,14.0,15.0,10.0,STEEL,30.0,50.0,35.0,330.0,350.0,16.0,18.0,False,False,135.0,3.0,2.0,2.0,3.0,2.0,2.0,2.0,674.0,52.0,674.0,52.0,1.0,1.0,False,1,1.0,68.0,45.0,692.0,31.8,False,False,True,True,True,10,1.0,False,200,0.0,0.0,TRISPOKE,DISC,1,0.0,80.0,80.0,280.0,740.0,34.9,330.0,1.0
806,425.0,69.0,610.0,73.0,140.0,45.0,550.0,74.0,665.0,45.0,40.0,28.0,38.0,23.0,14.0,15.0,10.0,STEEL,32.0,48.0,36.0,330.0,350.0,16.0,18.0,False,False,130.0,3.0,2.0,2.0,3.0,2.0,2.0,2.0,674.0,52.0,674.0,52.0,0.0,1.0,False,1,1.0,68.0,45.0,692.0,31.8,False,False,True,True,True,9,2.0,False,204,204.0,255.0,SPOKED,SPOKED,1,1.0,80.0,80.0,275.0,720.0,34.9,300.0,1.0
807,430.0,70.0,610.0,73.0,145.0,45.0,545.0,73.5,660.0,45.0,40.0,28.0,38.0,23.0,14.0,15.0,10.0,STEEL,33.0,50.0,36.0,330.0,350.0,16.0,18.0,False,False,130.0,3.0,2.0,2.0,3.0,2.0,2.0,2.0,674.0,52.0,674.0,52.0,0.0,1.0,False,1,1.0,66.0,45.0,692.0,31.8,False,False,True,True,True,10,2.0,False,255,0.0,0.0,SPOKED,SPOKED,1,1.0,80.0,80.0,285.0,730.0,34.9,310.0,1.0
808,435.0,70.0,625.0,72.0,150.0,45.0,550.0,74.0,670.0,45.0,40.0,30.0,38.0,23.0,14.0,15.0,10.0,STEEL,30.0,50.0,35.0,330.0,350.0,16.0,18.0,False,False,135.0,3.5,2.0,2.0,3.0,2.0,2.0,2.0,674.0,52.0,674.0,52.0,1.0,0.0,False,0,1.0,68.0,45.0,692.0,31.8,False,True,True,True,True,10,2.0,False,100,100.0,100.0,SPOKED,SPOKED,1,1.0,80.0,80.0,295.0,745.0,34.9,320.0,1.0
809,430.0,68.0,615.0,73.0,145.0,45.0,550.0,74.0,665.0,45.0,40.0,28.0,38.0,23.0,14.0,15.0,10.0,STEEL,32.0,48.0,36.0,330.0,350.0,16.0,18.0,False,False,130.0,3.0,2.0,2.0,3.0,2.0,2.0,2.0,674.0,52.0,674.0,52.0,0.0,1.0,False,1,1.0,68.0,45.0,692.0,31.8,False,False,True,True,True,9,2.0,False,255,0.0,0.0,SPOKED,SPOKED,1,1.0,80.0,80.0,280.0,720.0,34.9,300.0,1.0
810,550.0,29.5,496.9336227,67.0,100.0,45.0,533.0,65.0,627.6098218,45.0,40.0,28.6,36.5,23.35,13.0,15.0,9.0,BAMBOO,46.9,44.9,50.1,330.0,350.0,16.0,18.0,False,False,135.0,10.246325085448763,1.0571538465985395,3.320203681882855,1.821909962603824,1.3504986571871185,1.5312390491638666,2.50149356595328,628.0,69.0,628.0,69.0,0.0,0.0,False,0,1.0,68.0,45.0,692.0,31.8,False,False,True,True,True,8,2.0,True,128,128.0,128.0,SPOKED,SPOKED,1,1.0,80.0,80.0,278.0,700.0,34.9,300.0,2.0
811,450.0,35.0,512.9319064,64.0,133.8,45.0,380.0,80.0,757.6759997,45.0,40.0,28.6,36.5,27.35,21.5,15.0,9.0,CARBON,25.0,128.4,30.0,330.0,350.0,16.0,18.0,True,True,157.0,8.484778180322339,0.8488915365612826,3.1148345945692566,4.191635779849775,1.7240195862586758,3.896331957214665,0.6390156039354706,744.0,122.0,744.0,122.0,1.0,0.0,False,1,2.0,68.0,53.0,692.0,35.0,False,False,False,False,True,11,0.0,False,255,255.0,255.0,SPOKED,SPOKED,1,1.0,80.0,80.0,250.0,715.0,43.0,480.0,2.0
812,425.0,66.0,575.2029642,73.0,105.2,45.0,555.0,74.0,644.8496592,47.0,40.0,25.4,36.5,23.35,13.0,15.0,9.0,STEEL,63.1,48.0,40.1,330.0,350.0,16.0,18.0,False,False,130.0,2.984925050987317,1.7715343952277929,2.4985541836279714,1.89419119522216,1.509739706979634,1.4104879858706545,1.3872913729986849,674.0,52.0,674.0,52.0,0.0,1.0,False,1,1.0,68.0,31.8,692.0,26.8,False,False,False,False,True,8,1.0,False,255,255.0,255.0,SPOKED,SPOKED,1,1.0,80.0,80.0,278.0,718.0,26.8,250.0,1.0
813,415.0,70.0,637.9091156,73.0,191.4,45.0,630.0,73.5,656.6201875,45.0,40.0,33.6,36.5,23.35,13.0,15.0,9.0,CARBON,27.8,32.1,43.5,330.0,350.0,16.0,18.0,False,False,130.0,3.6756400104414495,2.004391254209075,2.5044697624511856,1.340251983765522,0.6731900960204301,5.772791309765022,0.8908183145343465,674.0,52.0,674.0,52.0,0.0,0.0,False,0,1.0,68.0,45.0,692.0,31.8,False,False,True,True,True,9,1.0,False,0,0.0,0.0,SPOKED,SPOKED,1,1.0,80.0,80.0,275.0,865.0,34.9,300.0,2.0
814,400.0,7.0,511.5560042,68.0,123.0,45.0,331.0,75.0,640.6227443,45.0,40.0,42.75,49.0,35.0,21.5,15.0,9.0,ALUMINIUM,31.0,60.0,42.0,330.0,300.0,16.0,18.0,False,False,130.0,7.737970318079169,12.947741764920302,3.2944381729785044,6.863696733810227,4.51413833563366,2.7508253329283927,5.072657023145851,674.0,52.0,674.0,52.0,1.0,0.0,False,1,2.0,73.0,57.0,692.0,31.8,False,False,False,False,True,6,0.0,False,255,255.0,240.0,SPOKED,SPOKED,1,1.0,80.0,80.0,230.0,400.0,34.9,200.0,2.0
815,400.0,7.0,511.5560042,68.0,123.0,45.0,331.0,75.0,640.6227443,45.0,40.0,42.75,49.0,35.0,21.5,15.0,9.0,ALUMINIUM,31.0,60.0,42.0,330.0,300.0,16.0,18.0,False,False,130.0,7.737970318079169,12.947741764920302,3.2944381729785044,6.863696733810227,4.51413833563366,2.7508253329283927,5.072657023145851,674.0,52.0,674.0,52.0,0.0,0.0,False,1,2.0,73.0,57.0,692.0,31.8,False,False,False,False,True,6,0.0,False,255,255.0,255.0,SPOKED,SPOKED,1,1.0,80.0,80.0,230.0,400.0,34.9,200.0,2.0
816,405.0,70.0,591.9108569,73.0,145.0,45.0,515.2,74.0,653.4145038,45.0,40.0,28.6,36.5,23.35,13.0,15.0,9.0,CARBON,28.9,49.2,49.2,330.0,350.0,16.0,18.0,True,True,130.0,0.2046520282233931,0.305932490991244,2.319972198156796,0.8702181810647862,1.5425441917667475,0.806345347435681,0.92790071049802,674.0,52.0,674.0,52.0,0.0,0.0,False,1,1.0,68.0,45.0,692.0,31.8,False,False,True,True,True,6,1.0,True,255,255.0,255.0,SPOKED,SPOKED,1,1.0,80.0,80.0,298.0,718.0,34.9,300.0,2.0
817,450.0,35.0,512.9319064,64.0,133.8,45.0,380.0,80.0,757.6759997,45.0,40.0,28.6,36.5,27.35,21.5,15.0,9.0,TITANIUM,25.0,128.4,30.0,330.0,350.0,16.0,18.0,True,True,157.0,8.484778180322339,0.8488915365612826,3.1148345945692566,4.191635779849775,1.7240195862586758,3.896331957214665,0.6390156039354706,744.0,122.0,744.0,122.0,1.0,0.0,False,1,2.0,68.0,53.0,692.0,35.0,False,False,True,True,True,11,0.0,False,0,0.0,0.0,SPOKED,SPOKED,1,1.0,80.0,80.0,250.0,715.0,43.0,480.0,2.0
818,400.0,7.0,511.5560042,68.0,123.0,45.0,331.0,75.0,640.6227443,45.0,40.0,42.75,49.0,35.0,21.5,15.0,9.0,ALUMINIUM,31.0,60.0,42.0,330.0,300.0,16.0,18.0,False,False,130.0,7.737970318079169,12.947741764920302,3.2944381729785044,6.863696733810227,4.51413833563366,2.7508253329283927,5.072657023145851,674.0,52.0,674.0,52.0,0.0,0.0,False,1,2.0,73.0,57.0,692.0,31.8,False,False,True,True,True,6,0.0,False,0,0.0,0.0,SPOKED,SPOKED,1,1.0,80.0,80.0,230.0,400.0,34.9,200.0,2.0
819,415.0,70.0,637.9091156,73.0,191.4,45.0,630.0,73.5,656.6201875,45.0,40.0,33.6,36.5,23.35,13.0,15.0,9.0,CARBON,27.8,32.1,43.5,330.0,350.0,16.0,18.0,False,False,130.0,3.6756400104414495,2.004391254209075,2.5044697624511856,1.340251983765522,0.6731900960204301,5.772791309765022,0.8908183145343465,674.0,52.0,674.0,52.0,0.0,0.0,False,0,1.0,68.0,45.0,692.0,31.8,False,True,False,False,True,9,1.0,False,192,192.0,255.0,SPOKED,SPOKED,1,1.0,80.0,80.0,275.0,865.0,34.9,300.0,2.0
820,435,62,615,66,125.0,45.0,555.0,73.0,655.0,45.0,40.0,31.0,36.5,23.35,23.35,15.0,9.0,ALUMINIUM,30,45.0,45.0,330.0,350.0,16.0,18.0,False,False,135,3.0,2.0,2.5,2.0,1.5,1.5,1.5,630.0,52.0,630.0,52.0,1.0,1.0,False,1,1.0,68.0,45.0,0.0,31.8,False,False,True,True,True,11,1.0,False,255,255.0,0.0,SPOKED,SPOKED,1,1.0,80.0,80.0,260.0,700,34.9,300.0,1.0
821,430,65,580,72,140.0,45.0,550.0,73.0,620.0,45.0,40.0,28.6,36.5,23.35,23.35,15.0,9.0,ALUMINIUM,60,45.0,50.0,330.0,350.0,16.0,18.0,False,False,130,3.0,2.0,2.5,2.0,1.5,1.5,1.5,700.0,24.0,700.0,24.0,0.0,2.0,False,0,1.0,68.0,45.0,0.0,31.8,False,False,False,False,True,9,2.0,False,255,255.0,255.0,DISC,SPOKED,0,1.0,0.0,80.0,260.0,725,34.9,350.0,1.0
822,425,68,600,73,130.0,45.0,560.0,73.0,600.0,45.0,40.0,28.6,36.5,23.35,23.35,15.0,9.0,STEEL,60,45.0,50.0,330.0,350.0,16.0,18.0,False,False,130,3.0,2.0,2.5,2.0,1.5,1.5,1.5,700.0,24.0,700.0,24.0,0.0,2.0,False,0,1.0,68.0,45.0,0.0,31.8,False,False,True,True,True,9,2.0,False,0,150.0,255.0,DISC,SPOKED,0,1.0,0.0,80.0,260.0,720,34.9,350.0,1.0
823,440,62,610,66,120.0,45.0,550.0,73.0,655.0,50.0,40.0,31.8,36.5,23.35,23.35,15.0,9.0,CARBON,30,45.0,45.0,330.0,350.0,16.0,18.0,False,False,135,3.0,2.0,2.5,2.0,1.5,1.5,1.5,630.0,52.0,630.0,52.0,1.0,1.0,False,1,1.0,68.0,44.0,0.0,31.8,False,False,True,True,True,12,1.0,False,255,0.0,0.0,SPOKED,SPOKED,1,1.0,80.0,80.0,265.0,710,34.9,300.0,1.0
824,425,65,580,72,140.0,45.0,550.0,73.0,620.0,45.0,40.0,28.6,36.5,23.35,23.35,15.0,9.0,ALUMINIUM,60,45.0,50.0,330.0,350.0,16.0,18.0,False,False,130,3.0,2.0,2.5,2.0,1.5,1.5,1.5,700.0,24.0,700.0,24.0,0.0,1.0,False,1,1.0,68.0,45.0,0.0,31.8,False,False,True,True,False,9,1.0,False,128,128.0,128.0,DISC,SPOKED,0,1.0,0.0,80.0,260.0,720,34.9,350.0,1.0
825,425,60,605,73,130.0,45.0,560.0,73.0,600.0,45.0,40.0,28.6,36.5,23.35,23.35,15.0,9.0,CARBON,60,45.0,50.0,330.0,350.0,16.0,18.0,False,False,130,3.0,2.0,2.5,2.0,1.5,1.5,1.5,700.0,24.0,700.0,24.0,0.0,1.0,False,1,1.0,68.0,45.0,0.0,31.8,False,False,True,True,True,10,2.0,False,0,0.0,255.0,TRISPOKE,DISC,1,0.0,100.0,0.0,265.0,725,34.9,350.0,1.0
826,430,62,620,66,120.0,45.0,550.0,73.0,655.0,45.0,40.0,28.6,36.5,23.35,23.35,15.0,9.0,STEEL,30,45.0,45.0,330.0,350.0,16.0,18.0,False,False,135,3.0,2.0,2.5,2.0,1.5,1.5,1.5,630.0,52.0,630.0,52.0,1.0,1.0,False,1,1.0,68.0,45.0,0.0,31.8,False,True,True,True,True,8,1.0,False,200,200.0,255.0,SPOKED,DISC,1,0.0,80.0,0.0,260.0,705,34.9,300.0,1.0
827,430,65,580,72,140.0,45.0,550.0,73.0,620.0,45.0,40.0,28.6,36.5,23.35,23.35,15.0,9.0,STEEL,60,45.0,50.0,330.0,350.0,16.0,18.0,False,False,130,3.0,2.0,2.5,2.0,1.5,1.5,1.5,700.0,24.0,700.0,24.0,0.0,2.0,False,0,1.0,68.0,45.0,0.0,31.8,False,False,False,False,True,8,2.0,False,255,255.0,255.0,DISC,SPOKED,0,1.0,0.0,80.0,260.0,725,34.9,350.0,1.0
828,425,68,600,73,130.0,45.0,560.0,73.0,600.0,45.0,40.0,28.6,36.5,23.35,23.35,15.0,9.0,STEEL,60,45.0,50.0,330.0,350.0,16.0,18.0,False,False,130,3.0,2.0,2.5,2.0,1.5,1.5,1.5,700.0,24.0,700.0,24.0,0.0,2.0,False,0,1.0,68.0,45.0,0.0,31.8,True,True,True,True,True,9,2.0,True,60,100.0,40.0,DISC,DISC,0,0.0,0.0,0.0,260.0,720,34.9,350.0,1.0
829,445,60,610,68,110.0,45.0,550.0,73.0,650.0,45.0,40.0,31.8,36.5,23.35,23.35,15.0,9.0,CARBON,30,45.0,45.0,330.0,350.0,16.0,18.0,False,False,135,3.0,2.0,2.5,2.0,1.5,1.5,1.5,630.0,52.0,630.0,52.0,2.0,2.0,False,0,0.0,68.0,44.0,0.0,38.1,False,False,True,True,True,11,1.0,False,255,100.0,100.0,TRISPOKE,TRISPOKE,1,1.0,120.0,120.0,260.0,710,34.9,300.0,0.0
830,425.0,68.0,590.0,73.0,160.0,45.0,540.0,73.0,660.0,45.0,40.0,25.4,36.5,23.35,23.35,13.0,15.0,ALUMINIUM,30.0,50.0,45.0,330.0,350.0,16.0,18.0,False,False,130.0,2.5,1.8,1.5,1.8,1.5,1.4,1.5,674.0,52.0,674.0,52.0,0.0,0.0,False,0,1.0,68.0,31.8,692.0,26.8,False,False,True,True,True,8,1.0,False,255,0.0,0.0,SPOKED,SPOKED,0,0.0,0.0,0.0,278.0,720.0,34.9,300.0,1.0
831,420.0,68.0,575.0,73.0,130.0,45.0,520.0,73.0,630.0,45.0,40.0,25.4,36.5,23.35,23.35,13.0,15.0,ALUMINIUM,30.0,50.0,45.0,330.0,350.0,16.0,18.0,False,False,130.0,2.5,1.8,1.5,1.8,1.5,1.4,1.5,680.0,52.0,680.0,52.0,0.0,0.0,False,1,1.0,68.0,31.8,692.0,26.8,False,True,True,True,True,11,2.0,False,0,0.0,0.0,SPOKED,SPOKED,0,0.0,0.0,0.0,278.0,700.0,34.9,330.0,1.0
832,460.0,68.0,580.0,67.0,120.0,45.0,530.0,74.0,640.0,50.0,40.0,25.4,36.5,23.35,23.35,13.0,15.0,TITANIUM,30.0,50.0,50.0,330.0,350.0,16.0,18.0,False,False,135.0,2.5,1.8,1.5,1.8,1.5,1.4,1.5,740.0,122.0,740.0,122.0,1.0,0.0,False,1,1.0,68.0,31.8,692.0,26.8,False,False,True,True,True,10,1.0,False,0,0.0,0.0,SPOKED,SPOKED,0,0.0,0.0,0.0,278.0,690.0,34.9,310.0,1.0
833,425.0,68.0,590.0,73.0,160.0,45.0,540.0,73.0,650.0,45.0,40.0,25.4,36.5,23.35,23.35,13.0,15.0,ALUMINIUM,30.0,50.0,45.0,330.0,350.0,16.0,18.0,False,False,130.0,2.5,1.8,1.5,1.8,1.5,1.4,1.5,674.0,52.0,674.0,52.0,0.0,0.0,False,1,1.0,68.0,31.8,692.0,26.8,False,False,True,True,True,8,1.0,False,0,0.0,0.0,SPOKED,SPOKED,0,0.0,0.0,0.0,278.0,720.0,34.9,300.0,1.0
834,415.0,68.0,570.0,73.0,130.0,45.0,520.0,73.0,620.0,45.0,40.0,25.4,36.5,23.35,27.35,13.0,15.0,CARBON,30.0,50.0,45.0,330.0,350.0,16.0,18.0,False,False,130.0,2.5,1.8,1.5,1.8,1.5,1.4,1.5,680.0,52.0,680.0,52.0,0.0,0.0,False,2,2.0,68.0,31.8,692.0,26.8,False,True,True,True,True,11,2.0,False,255,255.0,255.0,SPOKED,SPOKED,0,0.0,0.0,0.0,278.0,700.0,34.9,330.0,1.0
835,460.0,68.0,580.0,67.0,100.0,45.0,550.0,74.0,650.0,50.0,40.0,25.4,36.5,23.35,23.35,13.0,15.0,STEEL,30.0,50.0,50.0,330.0,350.0,16.0,18.0,False,False,135.0,2.5,1.8,1.5,1.8,1.5,1.4,1.5,740.0,122.0,740.0,122.0,1.0,0.0,False,1,1.0,68.0,31.8,692.0,26.8,False,False,True,True,True,10,1.0,False,173,216.0,230.0,SPOKED,SPOKED,0,0.0,0.0,0.0,278.0,690.0,34.9,310.0,1.0
836,430.0,68.0,595.0,73.0,160.0,45.0,545.0,73.0,640.0,45.0,40.0,25.4,36.5,23.35,23.35,13.0,15.0,STEEL,30.0,50.0,45.0,330.0,350.0,16.0,18.0,False,False,130.0,2.5,1.8,1.5,1.8,1.5,1.4,1.5,674.0,52.0,674.0,52.0,0.0,0.0,False,0,1.0,68.0,31.8,692.0,26.8,False,False,True,True,True,8,1.0,False,128,128.0,128.0,SPOKED,SPOKED,0,0.0,0.0,0.0,278.0,730.0,34.9,300.0,1.0
837,420.0,68.0,580.0,73.0,130.0,45.0,520.0,73.0,625.0,45.0,40.0,25.4,36.5,23.35,23.35,13.0,15.0,STEEL,30.0,50.0,45.0,330.0,350.0,16.0,18.0,False,False,130.0,2.5,1.8,1.5,1.8,1.5,1.4,1.5,680.0,52.0,680.0,52.0,0.0,0.0,False,0,1.0,68.0,31.8,692.0,26.8,False,False,True,True,True,11,2.0,False,165,42.0,42.0,SPOKED,SPOKED,0,0.0,0.0,0.0,278.0,700.0,34.9,330.0,1.0
838,460.0,68.0,580.0,67.0,110.0,45.0,540.0,74.0,660.0,50.0,40.0,25.4,36.5,23.35,23.35,13.0,15.0,STEEL,30.0,50.0,50.0,330.0,350.0,16.0,18.0,False,False,135.0,2.5,1.8,1.5,1.8,1.5,1.4,1.5,740.0,122.0,740.0,122.0,1.0,0.0,False,1,1.0,68.0,31.8,692.0,26.8,False,False,True,True,True,10,1.0,False,152,251.0,152.0,SPOKED,SPOKED,0,0.0,0.0,0.0,278.0,690.0,34.9,310.0,1.0
839,425.0,68.0,590.0,73.0,160.0,45.0,530.0,73.0,650.0,45.0,40.0,25.4,36.5,23.35,23.35,13.0,15.0,STEEL,30.0,50.0,45.0,330.0,350.0,16.0,18.0,False,False,130.0,2.5,1.8,1.5,1.8,1.5,1.4,1.5,674.0,52.0,674.0,52.0,0.0,0.0,False,0,1.0,68.0,31.8,692.0,26.8,False,False,True,True,True,8,1.0,False,0,255.0,0.0,SPOKED,SPOKED,0,0.0,0.0,0.0,278.0,720.0,34.9,300.0,1.0
840,425.0,66.0,575.2029642,73.0,105.2,45.0,555.0,74.0,644.8496592,47.0,40.0,25.4,36.5,23.35,13.0,15.0,9.0,ALUMINIUM,63.1,48.0,40.1,330.0,350.0,16.0,18.0,False,False,130.0,3.0,1.77,2.5,1.89,1.51,1.41,1.387,674.0,52.0,674.0,52.0,0.0,0.0,False,1,1.0,68.0,31.8,692.0,26.8,False,False,True,True,True,8,1.0,False,0,0.0,0.0,SPOKED,SPOKED,0,0.0,80.0,80.0,278.0,740.0,26.8,250.0,1.0
841,450.0,35.0,512.9319064,64.0,133.8,45.0,520.0,80.0,757.6759997,45.0,40.0,28.6,36.5,27.35,21.5,15.0,9.0,ALUMINIUM,25.0,128.4,30.0,330.0,350.0,16.0,18.0,True,True,157.0,8.4848,0.8489,3.1148,4.1916,1.724,3.8963,0.639,744.0,122.0,744.0,122.0,1.0,1.0,False,1,2.0,68.0,35.0,692.0,35.0,False,True,True,True,True,12,1.0,False,0,128.0,255.0,TRISPOKE,SPOKED,1,0.0,80.0,80.0,250.0,830.0,43.0,300.0,1.0
842,425.0,66.0,575.2029642,73.0,105.2,45.0,550.0,74.0,644.8496592,47.0,40.0,25.4,36.5,23.35,13.0,15.0,9.0,STEEL,63.1,48.0,40.1,330.0,350.0,16.0,18.0,False,False,130.0,5.0,5.0,5.0,5.0,4.0,4.0,4.0,674.0,52.0,674.0,52.0,0.0,0.0,False,0,1.0,68.0,31.8,692.0,26.8,False,False,True,True,True,8,1.0,False,0,0.0,0.0,SPOKED,SPOKED,0,0.0,80.0,80.0,278.0,730.0,26.8,250.0,1.0
843,415.0,70.0,637.9091156,73.0,191.4,45.0,630.0,73.5,656.6201875,45.0,40.0,33.6,36.5,23.35,13.0,15.0,9.0,CARBON,27.8,32.1,43.5,330.0,350.0,16.0,18.0,False,False,130.0,3.6756,2.0044,2.5045,1.3403,0.6732,5.7728,0.8908,674.0,52.0,674.0,52.0,0.0,0.0,False,0,3.0,68.0,45.0,692.0,31.8,False,False,False,False,True,11,2.0,False,0,0.0,0.0,DISC,DISC,0,0.0,80.0,80.0,280.0,750.0,34.9,300.0,1.0
844,550.0,35.0,520.0,67.0,100.0,45.0,530.0,65.0,627.6098218,45.0,40.0,28.6,36.5,23.35,13.0,15.0,9.0,ALUMINIUM,46.9,44.9,50.1,330.0,350.0,16.0,18.0,False,False,135.0,10.2463,1.0572,3.3202,1.8219,1.3505,1.5312,2.5015,744.0,122.0,744.0,122.0,1.0,1.0,False,1,1.0,68.0,45.0,692.0,31.8,True,True,True,True,True,12,1.0,False,192,192.0,192.0,SPOKED,SPOKED,0,0.0,80.0,80.0,278.0,820.0,34.9,300.0,1.0
845,420.0,70.0,641.0649213,73.0,151.0,100.0,540.0,72.5,668.1348776,45.0,40.0,39.75,50.0,28.5,13.0,15.0,9.0,CARBON,30.6,40.0,55.8,330.0,350.0,16.0,18.0,False,False,130.0,5.2145,1.9238,1.4868,0.8627,5.2476,2.4722,0.6039,676.0,54.0,676.0,54.0,0.0,1.0,False,1,1.0,68.0,55.0,692.0,50.0,True,True,True,True,True,8,1.0,False,255,255.0,255.0,SPOKED,SPOKED,0,0.0,80.0,80.0,278.0,730.0,50.0,300.0,1.0
846,425.0,66.0,575.0,73.0,140.0,45.0,555.0,74.0,645.0,47.0,40.0,28.6,36.5,24.0,13.0,15.0,9.0,CARBON,30.0,45.0,40.0,330.0,350.0,16.0,18.0,False,False,130.0,2.5,1.5,2.0,2.0,1.5,1.5,1.5,674.0,52.0,674.0,52.0,0.0,0.0,False,0,3.0,68.0,46.0,692.0,31.8,False,False,False,False,True,11,2.0,False,0,0.0,255.0,TRISPOKE,TRISPOKE,1,1.0,80.0,80.0,280.0,760.0,34.9,300.0,1.0
847,450.0,35.0,512.9319064,64.0,133.8,45.0,530.0,80.0,757.6759997,45.0,40.0,28.6,36.5,27.35,21.5,15.0,9.0,ALUMINIUM,25.0,128.4,30.0,330.0,350.0,16.0,18.0,True,True,157.0,8.4848,0.8489,3.1148,4.1916,1.724,3.8963,0.639,744.0,122.0,744.0,122.0,1.0,0.0,False,1,2.0,68.0,53.0,692.0,35.0,False,True,True,True,True,12,1.0,False,200,200.0,255.0,SPOKED,SPOKED,0,0.0,80.0,80.0,278.0,830.0,43.0,480.0,1.0
848,425.0,66.0,575.2029642,73.0,105.2,45.0,555.0,74.0,644.8496592,47.0,40.0,25.4,36.5,23.35,13.0,15.0,9.0,STEEL,63.1,48.0,40.1,330.0,350.0,16.0,18.0,False,False,130.0,2.9849,1.7715,2.4986,1.8942,1.5097,1.4105,1.3873,674.0,52.0,674.0,52.0,0.0,0.0,False,2,1.0,68.0,31.8,692.0,26.8,False,False,True,True,True,1,1.0,False,0,0.0,128.0,SPOKED,SPOKED,0,0.0,80.0,80.0,278.0,720.0,26.8,250.0,1.0
849,425.0,70.0,575.2029642,73.0,105.2,45.0,555.0,74.0,644.8496592,47.0,40.0,25.4,36.5,23.35,13.0,15.0,9.0,ALUMINIUM,63.1,48.0,40.1,330.0,350.0,16.0,18.0,False,False,130.0,3.0,2.0,2.0,2.0,1.5,1.5,1.5,674.0,52.0,674.0,52.0,0.0,0.0,False,1,1.0,68.0,31.8,692.0,26.8,False,False,False,False,True,10,2.0,False,255,69.0,0.0,SPOKED,SPOKED,0,0.0,80.0,80.0,278.0,740.0,26.8,300.0,1.0
850,420.0,60.0,560.0,73.0,150.0,45.0,550.0,73.5,620.0,45.0,40.0,30.0,35.0,25.0,20.0,15.0,9.0,STEEL,30.0,40.0,50.0,330.0,350.0,16.0,18.0,False,False,135.0,3.0,2.0,3.0,2.2,1.8,1.5,2.0,736.0,114.0,736.0,114.0,1.0,1.0,False,0,1.0,68.0,34.0,0.0,30.0,False,False,True,True,True,10,1.0,False,0,100.0,255.0,SPOKED,SPOKED,1,1.0,80.0,80.0,280.0,750.0,35.0,300.0,1.0
851,405.0,70.0,620.0,73.0,120.0,45.0,530.0,74.0,610.0,45.0,40.0,30.0,35.0,25.0,20.0,15.0,9.0,ALUMINIUM,25.0,35.0,45.0,330.0,350.0,16.0,18.0,False,False,130.0,2.0,1.7,2.0,1.8,1.5,1.3,1.4,674.0,52.0,674.0,52.0,0.0,0.0,False,0,1.0,68.0,32.0,0.0,28.0,False,False,False,False,False,7,1.0,False,0,128.0,255.0,DISC,DISC,0,0.0,0.0,0.0,280.0,720.0,35.0,270.0,1.0
852,410.0,68.0,600.0,74.0,130.0,45.0,520.0,75.0,575.0,43.0,40.0,30.0,35.0,25.0,20.0,15.0,9.0,STEEL,28.0,38.0,42.0,330.0,350.0,16.0,18.0,False,False,130.0,3.0,2.0,3.0,2.2,1.8,1.5,2.0,674.0,52.0,674.0,52.0,0.0,2.0,False,2,1.0,68.0,31.0,0.0,28.0,False,False,False,False,True,10,1.0,False,50,50.0,50.0,SPOKED,SPOKED,1,1.0,80.0,80.0,280.0,730.0,35.0,260.0,1.0
853,425.0,60.0,565.0,72.5,160.0,45.0,550.0,73.0,630.0,44.0,40.0,30.0,35.0,25.0,20.0,15.0,9.0,CARBON,32.0,42.0,48.0,330.0,350.0,16.0,18.0,False,False,135.0,2.5,1.8,2.5,2.0,1.6,1.4,1.7,736.0,114.0,736.0,114.0,1.0,1.0,False,1,1.0,68.0,34.0,0.0,30.0,False,False,True,True,True,11,1.0,False,255,255.0,255.0,SPOKED,SPOKED,1,1.0,80.0,80.0,280.0,750.0,35.0,300.0,1.0
854,400.0,70.0,600.0,73.0,110.0,45.0,530.0,73.5,620.0,45.0,40.0,30.0,35.0,25.0,20.0,15.0,9.0,STEEL,22.0,32.0,43.0,330.0,350.0,16.0,18.0,False,False,130.0,3.0,2.0,3.0,2.2,1.8,1.5,2.0,674.0,52.0,674.0,52.0,0.0,1.0,False,1,1.0,68.0,32.0,0.0,28.0,False,False,True,True,True,8,1.0,False,0,255.0,255.0,SPOKED,SPOKED,1,1.0,80.0,80.0,280.0,720.0,35.0,260.0,1.0
855,415.0,70.0,610.0,74.5,140.0,45.0,520.0,74.0,580.0,44.0,40.0,30.0,35.0,25.0,20.0,15.0,9.0,CARBON,28.0,38.0,45.0,330.0,350.0,16.0,18.0,False,False,130.0,2.5,1.8,2.5,2.0,1.6,1.4,1.7,674.0,52.0,674.0,52.0,0.0,0.0,False,0,3.0,68.0,34.0,0.0,28.0,False,False,True,True,True,11,2.0,False,0,200.0,255.0,TRISPOKE,SPOKED,2,1.0,100.0,80.0,280.0,730.0,35.0,260.0,3.0
856,430.0,65.0,570.0,73.0,150.0,45.0,560.0,73.5,625.0,46.0,40.0,30.0,35.0,25.0,20.0,15.0,9.0,ALUMINIUM,30.0,40.0,50.0,330.0,350.0,16.0,18.0,False,False,135.0,2.0,1.7,2.0,1.8,1.5,1.3,1.4,736.0,114.0,736.0,114.0,1.0,1.0,False,1,1.0,68.0,34.0,0.0,30.0,False,False,False,False,True,12,2.0,False,0,128.0,128.0,SPOKED,SPOKED,1,1.0,80.0,80.0,280.0,740.0,35.0,300.0,1.0
857,410.0,70.0,615.0,73.0,115.0,45.0,540.0,73.5,615.0,45.0,40.0,30.0,35.0,25.0,20.0,15.0,9.0,ALUMINIUM,24.0,34.0,44.0,330.0,350.0,16.0,18.0,False,False,130.0,2.0,1.7,2.0,1.8,1.5,1.3,1.4,674.0,52.0,674.0,52.0,0.0,2.0,True,0,1.0,68.0,32.0,0.0,28.0,False,False,True,True,True,8,1.0,False,255,255.0,240.0,TRISPOKE,DISC,1,0.0,100.0,0.0,280.0,730.0,35.0,270.0,1.0
858,415.0,70.0,605.0,74.0,135.0,45.0,520.0,73.5,590.0,44.0,40.0,30.0,35.0,25.0,20.0,15.0,9.0,CARBON,28.0,38.0,45.0,330.0,350.0,16.0,18.0,False,False,130.0,2.5,1.8,2.5,2.0,1.6,1.4,1.7,674.0,52.0,674.0,52.0,0.0,0.0,False,0,0.0,68.0,34.0,0.0,28.0,False,False,True,True,True,11,2.0,False,204,204.0,255.0,SPOKED,SPOKED,1,1.0,80.0,80.0,280.0,730.0,35.0,260.0,3.0
859,430.0,63.0,565.0,72.5,155.0,45.0,550.0,73.5,635.0,46.0,40.0,30.0,35.0,25.0,20.0,15.0,9.0,ALUMINIUM,32.0,42.0,48.0,330.0,350.0,16.0,18.0,False,False,135.0,2.0,1.7,2.0,1.8,1.5,1.3,1.4,736.0,114.0,736.0,114.0,1.0,1.0,False,1,1.0,68.0,34.0,0.0,30.0,False,False,True,True,True,10,1.0,False,0,128.0,255.0,SPOKED,SPOKED,1,1.0,80.0,80.0,280.0,300.0,1.0,,
860,415.0,65.0,692.0,73.0,130.0,45.0,515.0,74.0,650.0,45.0,40.0,25.4,36.5,23.35,13.0,15.0,9.0,ALUMINIUM,31.0,48.0,40.0,330.0,350.0,16.0,18.0,False,False,135.0,1.5,1.8,2.5,1.9,1.5,1.4,1.38,674.0,52.0,674.0,52.0,0.0,1.0,False,1,1.0,68.0,31.8,0.0,26.8,False,False,True,True,True,7,1.0,False,0,0.0,0.0,SPOKED,SPOKED,0,0.0,0.0,0.0,278.0,718.0,26.8,250.0,1.0
861,405.0,70.0,730.0,73.0,150.0,45.0,511.0,74.0,660.0,45.0,40.0,31.8,36.5,23.35,13.0,15.0,9.0,CARBON,27.0,50.0,30.0,330.0,350.0,16.0,18.0,False,False,130.0,3.0,3.2,3.2,1.3,1.35,0.8,0.64,674.0,52.0,674.0,52.0,0.0,1.0,False,0,3.0,68.0,53.0,0.0,35.0,False,False,True,True,True,11,2.0,False,0,0.0,139.0,SPOKED,SPOKED,0,0.0,0.0,0.0,250.0,715.0,35.0,330.0,1.0
862,450.0,55.0,710.0,69.0,110.0,45.0,592.0,73.0,680.0,45.0,40.0,33.6,36.5,23.35,13.0,15.0,9.0,STEEL,36.0,46.0,56.0,330.0,350.0,16.0,18.0,False,False,135.0,4.0,5.0,5.5,1.9,1.5,1.4,1.38,744.0,122.0,744.0,122.0,1.0,1.0,False,1,1.0,68.0,45.0,0.0,31.8,False,False,False,False,True,10,1.0,False,0,0.0,0.0,SPOKED,SPOKED,0,0.0,0.0,0.0,300.0,480.0,1.0,,
863,415.0,65.0,756.0,73.0,130.0,45.0,522.0,74.0,650.0,45.0,40.0,25.4,36.5,23.35,13.0,15.0,9.0,ALUMINIUM,31.0,48.0,40.0,330.0,350.0,16.0,18.0,False,False,135.0,1.5,1.8,2.5,1.9,1.5,1.4,1.38,674.0,52.0,674.0,52.0,0.0,1.0,False,2,1.0,68.0,31.8,0.0,26.8,False,False,True,True,True,7,1.0,False,255,165.0,0.0,SPOKED,SPOKED,0,0.0,0.0,0.0,278.0,250.0,1.0,,
864,405.0,70.0,690.0,73.0,150.0,45.0,568.0,74.0,660.0,45.0,40.0,33.6,36.5,23.35,13.0,15.0,9.0,STEEL,36.0,46.0,56.0,330.0,350.0,16.0,18.0,False,False,130.0,4.0,5.0,5.5,1.9,1.5,1.4,1.38,674.0,52.0,674.0,52.0,0.0,1.0,False,1,3.0,68.0,45.0,0.0,31.8,False,False,True,True,True,11,2.0,False,128,128.0,128.0,SPOKED,SPOKED,0,0.0,0.0,0.0,250.0,330.0,1.0,,
865,450.0,55.0,726.0,69.0,110.0,45.0,462.0,73.0,680.0,45.0,40.0,33.6,36.5,23.35,13.0,15.0,9.0,STEEL,36.0,46.0,50.0,330.0,350.0,16.0,18.0,False,False,135.0,4.0,5.0,5.5,1.9,1.5,1.4,1.38,744.0,122.0,744.0,122.0,1.0,1.0,False,1,1.0,68.0,45.0,0.0,31.8,False,False,False,False,True,10,1.0,False,192,192.0,192.0,SPOKED,SPOKED,0,0.0,0.0,0.0,300.0,480.0,1.0,,
866,415.0,65.0,655.0,73.0,130.0,45.0,545.0,74.0,650.0,45.0,40.0,25.4,36.5,23.35,13.0,15.0,9.0,ALUMINIUM,31.0,48.0,40.0,330.0,350.0,16.0,18.0,False,False,135.0,1.5,1.8,2.5,1.9,1.5,1.4,1.38,674.0,52.0,674.0,52.0,0.0,1.0,False,0,1.0,68.0,31.8,0.0,26.8,False,False,True,True,True,7,1.0,False,0,255.0,0.0,SPOKED,SPOKED,0,0.0,0.0,0.0,278.0,250.0,1.0,,
867,405.0,70.0,723.0,73.0,150.0,45.0,542.0,74.0,660.0,45.0,40.0,33.6,36.5,23.35,13.0,15.0,9.0,STEEL,36.0,46.0,46.0,330.0,350.0,16.0,18.0,False,False,130.0,4.0,5.0,5.5,1.9,1.5,1.4,1.38,674.0,52.0,674.0,52.0,0.0,1.0,False,1,3.0,68.0,45.0,0.0,31.8,False,False,False,False,True,11,2.0,False,0,100.0,0.0,SPOKED,SPOKED,0,0.0,0.0,0.0,250.0,330.0,1.0,,
868,450.0,55.0,775.0,69.0,110.0,45.0,548.0,73.0,680.0,45.0,40.0,25.4,36.5,23.35,13.0,15.0,9.0,ALUMINIUM,31.0,48.0,56.0,330.0,350.0,16.0,18.0,False,False,135.0,1.5,1.8,2.5,1.9,1.5,1.4,1.38,744.0,122.0,744.0,122.0,1.0,1.0,False,1,1.0,68.0,31.8,0.0,26.8,False,False,False,False,True,10,1.0,False,112,128.0,144.0,SPOKED,SPOKED,0,0.0,0.0,0.0,300.0,480.0,1.0,,
869,415.0,65.0,699.0,73.0,130.0,45.0,555.0,74.0,650.0,45.0,40.0,33.6,36.5,23.35,13.0,15.0,9.0,STEEL,36.0,46.0,56.0,330.0,350.0,16.0,18.0,False,False,135.0,4.0,5.0,5.5,1.9,1.5,1.4,1.38,674.0,52.0,674.0,52.0,0.0,1.0,False,1,1.0,68.0,45.0,0.0,31.8,False,False,False,False,True,7,1.0,False,85,107.0,47.0,SPOKED,SPOKED,0,0.0,0.0,0.0,278.0,250.0,1.0,,
870,430.0,70.0,610.0,73.0,140.0,45.0,540.0,73.0,650.0,45.0,68.0,32.0,35.0,24.0,20.0,15.0,15.0,STEEL,30.0,50.0,40.0,330.0,350.0,15.0,17.0,False,False,130.0,3.0,2.0,2.0,2.5,2.0,2.0,2.0,674.0,52.0,674.0,52.0,0.0,0.0,False,1,1.0,68.0,35.0,692.0,31.8,False,False,True,True,True,11,2.0,False,255,255.0,255.0,SPOKED,SPOKED,0,0.0,80.0,80.0,280.0,300.0,34.9,300.0,1.0
871,445.0,70.0,620.0,66.0,120.0,45.0,540.0,73.0,660.0,55.0,68.0,32.0,35.0,24.0,22.0,15.0,15.0,CARBON,28.0,52.0,38.0,330.0,350.0,15.0,17.0,False,False,135.0,3.0,2.0,2.0,2.5,2.0,2.0,2.0,744.0,122.0,744.0,122.0,1.0,0.0,False,1,1.0,68.0,35.0,692.0,31.8,False,False,True,True,True,12,1.0,False,255,255.0,255.0,TRISPOKE,TRISPOKE,1,1.0,100.0,100.0,300.0,300.0,40.0,300.0,1.0
872,420.0,65.0,640.0,72.0,150.0,45.0,520.0,73.0,630.0,45.0,68.0,32.0,35.0,24.0,20.0,15.0,15.0,ALUMINIUM,30.0,50.0,40.0,330.0,350.0,15.0,17.0,False,False,130.0,2.0,2.0,2.0,2.0,2.0,2.0,2.0,674.0,52.0,674.0,52.0,0.0,1.0,False,1,1.0,68.0,35.0,692.0,31.8,False,False,True,True,True,8,1.0,True,0,0.0,0.0,DISC,DISC,0,0.0,80.0,80.0,300.0,310.0,34.9,300.0,1.0
873,430.0,70.0,600.0,73.0,160.0,45.0,550.0,74.0,650.0,45.0,68.0,32.0,35.0,24.0,20.0,15.0,15.0,STEEL,35.0,50.0,45.0,330.0,350.0,15.0,17.0,False,False,130.0,3.0,2.0,2.0,2.5,2.0,2.0,2.0,674.0,52.0,674.0,52.0,0.0,0.0,False,0,1.0,68.0,35.0,692.0,31.8,False,False,True,True,True,10,2.0,False,0,128.0,128.0,SPOKED,SPOKED,0,0.0,80.0,80.0,280.0,300.0,34.9,300.0,1.0
874,445.0,70.0,630.0,65.0,110.0,45.0,540.0,73.0,660.0,45.0,68.0,32.0,35.0,24.0,20.0,15.0,15.0,STEEL,25.0,50.0,35.0,330.0,350.0,15.0,17.0,False,False,130.0,3.0,2.0,2.0,2.5,2.0,2.0,2.0,744.0,122.0,744.0,122.0,0.0,2.0,False,2,1.0,68.0,35.0,692.0,31.8,False,False,False,False,True,11,2.0,False,173,216.0,230.0,SPOKED,SPOKED,0,0.0,80.0,80.0,280.0,300.0,34.9,300.0,1.0
875,420.0,65.0,630.0,72.0,150.0,45.0,520.0,73.0,630.0,45.0,68.0,32.0,35.0,24.0,20.0,15.0,15.0,ALUMINIUM,30.0,50.0,40.0,330.0,350.0,15.0,17.0,False,False,130.0,2.0,2.0,2.0,2.0,2.0,2.0,2.0,674.0,52.0,674.0,52.0,0.0,0.0,False,0,1.0,68.0,35.0,692.0,31.8,False,False,False,False,True,9,1.0,False,200,200.0,255.0,DISC,SPOKED,0,0.0,80.0,80.0,300.0,310.0,34.9,300.0,1.0
876,435.0,70.0,610.0,73.0,150.0,45.0,540.0,74.0,650.0,45.0,68.0,32.0,35.0,24.0,20.0,15.0,15.0,STEEL,30.0,55.0,45.0,330.0,350.0,15.0,17.0,False,False,130.0,3.0,2.0,2.0,2.0,2.0,2.0,2.0,674.0,52.0,674.0,52.0,0.0,0.0,False,0,1.0,68.0,35.0,692.0,31.8,True,True,True,True,True,10,2.0,False,0,128.0,255.0,SPOKED,SPOKED,0,0.0,80.0,80.0,280.0,300.0,34.9,300.0,1.0
877,450.0,65.0,620.0,66.0,110.0,45.0,540.0,73.0,655.0,55.0,68.0,32.0,35.0,24.0,22.0,15.0,15.0,CARBON,28.0,52.0,38.0,330.0,350.0,15.0,17.0,False,False,135.0,3.0,2.0,2.0,2.5,2.0,2.0,2.0,744.0,122.0,744.0,122.0,1.0,0.0,False,1,1.0,68.0,35.0,692.0,31.8,False,False,False,False,True,12,1.0,False,0,128.0,128.0,TRISPOKE,TRISPOKE,1,1.0,100.0,100.0,300.0,300.0,40.0,300.0,1.0
878,420.0,65.0,635.0,72.0,150.0,45.0,520.0,73.0,630.0,45.0,68.0,32.0,35.0,24.0,20.0,15.0,15.0,ALUMINIUM,30.0,50.0,40.0,330.0,350.0,15.0,17.0,False,False,130.0,2.0,2.0,2.0,2.0,2.0,2.0,2.0,674.0,52.0,674.0,52.0,0.0,0.0,False,1,1.0,68.0,35.0,692.0,31.8,False,False,True,True,True,9,1.0,False,64,64.0,64.0,DISC,DISC,0,0.0,80.0,80.0,300.0,310.0,34.9,300.0,1.0
879,430.0,70.0,605.0,73.0,160.0,45.0,550.0,74.0,650.0,45.0,68.0,32.0,35.0,24.0,20.0,15.0,15.0,STEEL,35.0,50.0,45.0,330.0,350.0,15.0,17.0,False,False,130.0,3.0,2.0,2.0,2.5,2.0,2.0,2.0,674.0,52.0,674.0,52.0,0.0,0.0,False,0,1.0,68.0,35.0,692.0,31.8,False,True,True,True,True,10,2.0,False,192,192.0,192.0,SPOKED,SPOKED,0,0.0,80.0,80.0,280.0,300.0,34.9,300.0,1.0
880,430.0,70.0,610.0,68.0,130.0,45.0,530.0,74.0,680.0,45.0,40.0,30.0,38.0,36.5,23.35,13.0,15.0,ALUMINIUM,40.0,50.0,40.0,330.0,350.0,16.0,18.0,False,False,135.0,2.5,1.8,2.0,2.5,2.0,2.0,2.0,680.0,50.0,680.0,50.0,1.0,1.0,False,1,1.0,68.0,44.0,0.0,34.0,False,False,False,False,True,10,1.0,False,0.0,0.0,0.0,SPOKED,SPOKED,1,1.0,80.0,80.0,278.0,720.0,34.0,300.0,1.0
881,420.0,70.0,580.0,72.0,150.0,45.0,520.0,74.0,650.0,45.0,40.0,30.0,38.0,36.5,23.35,13.0,15.0,ALUMINIUM,50.0,52.0,42.0,330.0,350.0,16.0,18.0,False,False,135.0,2.5,1.8,2.0,2.5,2.0,2.0,2.0,700.0,50.0,700.0,50.0,0.0,2.0,False,1,1.0,68.0,45.0,0.0,34.0,False,False,True,True,True,8,2.0,False,255.0,255.0,0.0,SPOKED,SPOKED,1,1.0,80.0,80.0,280.0,720.0,34.0,300.0,1.0
882,430.0,68.0,550.0,73.0,120.0,45.0,520.0,73.0,660.0,45.0,40.0,28.0,36.0,36.5,23.35,13.0,15.0,ALUMINIUM,45.0,45.0,40.0,330.0,350.0,16.0,18.0,False,False,130.0,2.5,1.5,2.0,2.5,2.0,2.0,2.0,700.0,25.0,700.0,25.0,0.0,0.0,False,0,1.0,68.0,40.0,0.0,32.0,False,False,True,True,True,11,2.0,False,255.0,255.0,255.0,SPOKED,SPOKED,1,1.0,80.0,80.0,275.0,700.0,34.0,300.0,1.0
883,440.0,68.0,580.0,69.0,130.0,45.0,530.0,74.0,680.0,45.0,40.0,30.0,38.0,36.5,23.35,13.0,15.0,STEEL,40.0,50.0,40.0,330.0,350.0,16.0,18.0,False,False,135.0,3.0,2.0,2.5,3.0,2.5,2.5,2.5,680.0,50.0,680.0,50.0,1.0,1.0,False,1,1.0,68.0,45.0,0.0,34.0,False,False,True,True,True,10,1.0,False,0.0,0.0,255.0,SPOKED,SPOKED,1,1.0,80.0,80.0,278.0,330.0,34.0,330.0,1.0
884,425.0,70.0,600.0,72.0,150.0,45.0,525.0,74.0,655.0,45.0,40.0,30.0,38.0,36.5,23.35,13.0,15.0,STEEL,50.0,52.0,42.0,330.0,350.0,16.0,18.0,False,False,135.0,3.0,2.0,2.5,3.0,2.5,2.5,2.5,700.0,50.0,700.0,50.0,0.0,2.0,False,1,1.0,68.0,45.0,0.0,34.0,False,False,True,True,True,7,3.0,False,128.0,0.0,128.0,SPOKED,SPOKED,1,1.0,80.0,80.0,280.0,720.0,34.0,330.0,1.0
885,430.0,68.0,590.0,73.0,120.0,45.0,520.0,73.0,660.0,45.0,40.0,28.0,36.0,36.5,23.35,13.0,15.0,ALUMINIUM,45.0,45.0,40.0,330.0,350.0,16.0,18.0,False,False,130.0,2.5,1.5,2.0,2.5,2.0,2.0,2.0,700.0,25.0,700.0,25.0,0.0,0.0,False,0,1.0,68.0,42.0,0.0,32.0,False,False,True,True,True,11,2.0,False,200.0,200.0,255.0,SPOKED,SPOKED,1,1.0,80.0,80.0,275.0,710.0,34.0,300.0,1.0
886,430.0,70.0,600.0,68.0,140.0,45.0,530.0,74.0,680.0,45.0,40.0,30.0,38.0,36.5,23.35,13.0,15.0,ALUMINIUM,40.0,50.0,40.0,330.0,350.0,16.0,18.0,False,False,135.0,2.5,1.8,2.0,2.5,2.0,2.0,2.0,680.0,50.0,680.0,50.0,1.0,1.0,False,1,1.0,68.0,44.0,0.0,34.0,False,False,True,True,True,9,1.0,False,0.0,0.0,0.0,SPOKED,SPOKED,1,1.0,80.0,80.0,280.0,720.0,34.0,300.0,1.0
887,420.0,70.0,610.0,72.0,150.0,45.0,525.0,73.0,650.0,45.0,40.0,30.0,38.0,36.5,23.35,13.0,15.0,STEEL,50.0,52.0,42.0,330.0,350.0,16.0,18.0,False,False,135.0,3.0,2.0,2.5,3.0,2.5,2.5,2.5,700.0,25.0,700.0,25.0,0.0,0.0,False,0,1.0,68.0,45.0,0.0,34.0,False,True,False,False,True,8,2.0,False,200.0,200.0,255.0,SPOKED,SPOKED,1,1.0,80.0,80.0,275.0,700.0,34.0,300.0,1.0
888,430.0,68.0,590.0,73.0,130.0,45.0,520.0,73.0,660.0,45.0,40.0,28.0,36.0,36.5,23.35,13.0,15.0,STEEL,45.0,45.0,40.0,330.0,350.0,16.0,18.0,False,False,130.0,3.0,2.0,2.5,3.0,2.5,2.5,2.5,700.0,25.0,700.0,25.0,0.0,0.0,False,0,1.0,68.0,45.0,0.0,34.0,False,True,True,True,True,10,2.0,False,200.0,200.0,255.0,SPOKED,SPOKED,1,1.0,80.0,80.0,275.0,700.0,34.0,330.0,1.0
889,430.0,70.0,600.0,68.0,130.0,45.0,530.0,74.0,680.0,45.0,40.0,30.0,38.0,36.5,23.35,13.0,15.0,ALUMINIUM,40.0,50.0,40.0,330.0,350.0,16.0,18.0,False,False,135.0,2.5,1.8,2.0,2.5,2.0,2.0,2.0,680.0,50.0,680.0,50.0,1.0,1.0,False,1,1.0,68.0,44.0,0.0,34.0,False,False,False,False,True,11,1.0,False,100.0,100.0,100.0,SPOKED,SPOKED,1,1.0,80.0,80.0,280.0,720.0,34.0,300.0,1.0
890,430.0,70.0,620.0,73.0,140.0,45.0,550.0,74.0,640.0,47.0,40.0,28.0,36.5,23.35,23.35,15.0,9.0,ALUMINIUM,63.1,48.0,40.0,330.0,350.0,16.0,18.0,False,False,130.0,2.5,2.5,2.5,2.5,2.5,2.5,2.5,674.0,52.0,674.0,52.0,0.0,2.0,False,1,1.0,68.0,31.8,0.0,31.8,False,False,True,True,True,8,1.0,False,255,0.0,0.0,SPOKED,SPOKED,0,0.0,80.0,80.0,280.0,720.0,26.8,250.0,1.0
891,390.0,70.0,570.0,73.0,90.0,45.0,580.0,73.5,630.0,47.0,40.0,28.0,36.5,23.35,23.35,15.0,9.0,STEEL,63.1,48.0,40.0,330.0,350.0,16.0,18.0,False,False,130.0,4.0,3.0,3.0,3.0,3.0,3.0,3.0,674.0,52.0,674.0,52.0,0.0,0.0,False,0,1.0,68.0,31.8,0.0,31.8,False,False,False,False,True,9,2.0,False,112,128.0,144.0,SPOKED,SPOKED,0,0.0,80.0,80.0,278.0,820.0,28.6,330.0,1.0
892,450.0,65.0,600.0,71.0,150.0,45.0,560.0,73.0,660.0,47.0,40.0,28.0,36.5,23.35,23.35,15.0,9.0,STEEL,63.1,48.0,40.0,330.0,350.0,16.0,18.0,False,False,142.0,4.0,3.0,3.0,3.0,3.0,3.0,3.0,628.0,69.0,628.0,69.0,1.0,1.0,False,1,1.0,68.0,31.8,0.0,31.8,False,False,False,False,True,8,1.0,False,0,153.0,255.0,SPOKED,SPOKED,0,0.0,80.0,80.0,282.0,700.0,34.9,300.0,1.0
893,430.0,70.0,615.0,73.0,140.0,45.0,545.0,74.0,642.0,47.0,40.0,28.0,36.5,23.35,23.35,15.0,9.0,ALUMINIUM,63.1,48.0,40.0,330.0,350.0,16.0,18.0,False,False,130.0,2.5,2.5,2.5,2.5,2.5,2.5,2.5,674.0,52.0,674.0,52.0,0.0,2.0,False,1,1.0,68.0,31.8,0.0,31.8,False,False,True,True,True,7,1.0,False,128,128.0,128.0,SPOKED,SPOKED,0,0.0,80.0,80.0,276.0,715.0,26.8,250.0,1.0
894,395.0,72.0,580.0,73.0,90.0,45.0,580.0,73.5,632.0,47.0,40.0,28.0,36.5,23.35,23.35,15.0,9.0,STEEL,63.1,48.0,40.0,330.0,350.0,16.0,18.0,False,False,130.0,4.0,3.0,3.0,3.0,3.0,3.0,3.0,674.0,52.0,674.0,52.0,0.0,0.0,False,0,1.0,68.0,31.8,0.0,31.8,False,False,True,True,True,10,2.0,False,255,165.0,0.0,SPOKED,SPOKED,0,0.0,80.0,80.0,284.0,830.0,28.6,330.0,1.0
895,455.0,60.0,610.0,71.0,150.0,45.0,600.0,73.0,665.0,47.0,40.0,28.0,36.5,23.35,23.35,15.0,9.0,STEEL,63.1,48.0,40.0,330.0,350.0,16.0,18.0,False,False,142.0,4.0,3.0,3.0,3.0,3.0,3.0,3.0,628.0,69.0,628.0,69.0,1.0,1.0,False,1,1.0,68.0,31.8,0.0,31.8,False,False,True,True,True,11,1.0,False,0,255.0,0.0,SPOKED,SPOKED,0,0.0,80.0,80.0,280.0,705.0,34.9,300.0,1.0
896,430.0,70.0,620.0,73.0,140.0,45.0,550.0,74.0,645.0,47.0,40.0,28.0,36.5,23.35,23.35,15.0,9.0,ALUMINIUM,63.1,48.0,40.0,330.0,350.0,16.0,18.0,False,False,130.0,2.5,2.5,2.5,2.5,2.5,2.5,2.5,674.0,52.0,674.0,52.0,0.0,2.0,False,1,1.0,68.0,31.8,0.0,31.8,False,False,True,True,True,8,1.0,False,50,205.0,50.0,SPOKED,SPOKED,0,0.0,80.0,80.0,278.0,725.0,26.8,250.0,1.0
897,395.0,72.0,575.0,73.0,90.0,45.0,575.0,73.5,635.0,47.0,40.0,28.0,36.5,23.35,23.35,15.0,9.0,ALUMINIUM,63.1,48.0,40.0,330.0,350.0,16.0,18.0,False,False,130.0,2.5,2.5,2.5,2.5,2.5,2.5,2.5,674.0,52.0,674.0,52.0,0.0,0.0,False,1,1.0,68.0,31.8,0.0,31.8,False,False,True,True,True,9,2.0,False,76,187.0,23.0,SPOKED,SPOKED,0,0.0,80.0,80.0,282.0,825.0,28.6,330.0,1.0
898,455.0,60.0,605.0,71.0,150.0,45.0,580.0,73.0,655.0,47.0,40.0,28.0,36.5,23.35,23.35,15.0,9.0,ALUMINIUM,63.1,48.0,40.0,330.0,350.0,16.0,18.0,False,False,142.0,2.5,2.5,2.5,2.5,2.5,2.5,2.5,628.0,69.0,628.0,69.0,1.0,1.0,False,1,1.0,68.0,31.8,0.0,31.8,False,False,True,True,True,10,1.0,False,105,105.0,105.0,SPOKED,SPOKED,0,0.0,80.0,80.0,276.0,710.0,34.9,300.0,1.0
899,430.0,70.0,630.0,73.0,140.0,45.0,630.0,74.0,650.0,47.0,40.0,28.0,36.5,23.35,23.35,15.0,9.0,ALUMINIUM,63.1,48.0,40.0,330.0,350.0,16.0,18.0,False,False,130.0,2.5,2.5,2.5,2.5,2.5,2.5,2.5,674.0,52.0,674.0,52.0,0.0,2.0,False,1,1.0,68.0,31.8,0.0,31.8,False,False,True,True,True,9,1.0,False,0,200.0,0.0,SPOKED,SPOKED,0,0.0,80.0,80.0,284.0,728.0,26.8,250.0,1.0
900,450,60,600,72,120.0,45.0,550.0,74.0,650.0,45.0,40.0,28.6,36.5,36.5,23.35,15.0,10.0,ALUMINIUM,35,45.0,40.0,330.0,350.0,16.0,16.0,False,False,135,3.0,2.0,2.0,2.0,1.5,1.5,1.5,700.0,50.0,700.0,50.0,0.0,0.0,False,0,1.0,68.0,34.0,692.0,31.8,False,False,False,False,True,11,2.0,False,128,128.0,128.0,SPOKED,SPOKED,1,1.0,80.0,80.0,280.0,720,34.9,330.0,1.0
901,430,55,600,68,130.0,45.0,520.0,73.0,640.0,45.0,40.0,28.6,36.5,36.5,23.35,15.0,10.0,ALUMINIUM,40,50.0,45.0,330.0,350.0,16.0,16.0,False,False,135,3.0,2.0,2.0,2.0,1.5,1.5,1.5,700.0,50.0,700.0,50.0,1.0,1.0,False,1,1.0,68.0,34.0,692.0,31.8,False,False,False,False,True,10,1.0,False,192,192.0,192.0,SPOKED,SPOKED,1,1.0,80.0,80.0,275.0,725,34.9,300.0,1.0
902,440,60,610,72,140.0,50.0,540.0,74.0,630.0,45.0,40.0,28.6,36.5,36.5,23.35,15.0,10.0,STEEL,45,55.0,50.0,330.0,350.0,16.0,16.0,False,False,135,3.0,2.0,2.0,2.0,1.5,1.5,1.5,700.0,50.0,700.0,50.0,0.0,1.0,False,1,1.0,68.0,34.0,692.0,31.8,False,False,False,False,True,8,1.0,False,0,0.0,0.0,DISC,SPOKED,0,1.0,80.0,80.0,270.0,710,34.9,250.0,1.0
903,455,60,630,73,150.0,45.0,560.0,73.5,660.0,45.0,40.0,28.6,36.5,36.5,23.35,15.0,10.0,CARBON,50,60.0,55.0,330.0,350.0,16.0,16.0,False,False,130,3.0,2.0,2.0,2.0,1.5,1.5,1.5,700.0,50.0,700.0,50.0,0.0,0.0,False,0,0.0,68.0,42.0,692.0,31.8,False,False,False,False,True,11,2.0,False,0,255.0,0.0,DISC,DISC,0,0.0,80.0,80.0,285.0,730,34.9,330.0,1.0
904,445,60,620,67,130.0,50.0,565.0,73.0,645.0,45.0,40.0,28.6,36.5,36.5,23.35,15.0,10.0,STEEL,40,55.0,45.0,330.0,350.0,16.0,16.0,False,False,135,3.0,2.0,2.0,2.0,1.5,1.5,1.5,700.0,50.0,700.0,50.0,1.0,1.0,False,1,1.0,68.0,34.0,692.0,31.8,False,False,True,True,True,10,1.0,False,140,131.0,216.0,SPOKED,SPOKED,1,1.0,80.0,80.0,275.0,735,34.9,300.0,1.0
905,445,60,610,72,140.0,50.0,550.0,74.0,630.0,45.0,40.0,28.6,36.5,36.5,23.35,15.0,10.0,STEEL,45,50.0,50.0,330.0,350.0,16.0,16.0,False,False,135,3.0,2.0,2.0,2.0,1.5,1.5,1.5,700.0,50.0,700.0,50.0,1.0,1.0,False,1,1.0,68.0,34.0,692.0,31.8,False,False,True,True,True,8,1.0,False,0,0.0,0.0,DISC,SPOKED,0,1.0,80.0,80.0,280.0,715,34.9,300.0,1.0
906,450,60,580,73,125.0,45.0,540.0,75.0,650.0,45.0,40.0,28.6,36.5,36.5,23.35,15.0,10.0,STEEL,35,45.0,40.0,330.0,350.0,16.0,16.0,False,False,130,3.0,2.0,2.0,2.0,1.5,1.5,1.5,700.0,50.0,700.0,50.0,0.0,0.0,False,0,0.0,68.0,34.0,692.0,31.8,False,False,True,True,True,11,2.0,False,140,131.0,216.0,DISC,DISC,0,0.0,80.0,80.0,285.0,725,34.9,330.0,1.0
907,435,60,640,68,135.0,50.0,570.0,73.0,660.0,45.0,40.0,28.6,36.5,36.5,23.35,15.0,10.0,STEEL,45,55.0,50.0,330.0,350.0,16.0,16.0,False,False,135,3.0,2.0,2.0,2.0,1.5,1.5,1.5,700.0,50.0,700.0,50.0,1.0,1.0,False,1,1.0,68.0,34.0,692.0,31.8,False,False,True,True,True,10,1.0,False,255,0.0,0.0,SPOKED,SPOKED,1,1.0,80.0,80.0,290.0,740,34.9,300.0,1.0
908,440,60,620,72,140.0,45.0,555.0,74.0,635.0,45.0,40.0,28.6,36.5,36.5,23.35,15.0,10.0,STEEL,45,50.0,45.0,330.0,350.0,16.0,16.0,False,False,135,3.0,2.0,2.0,2.0,1.5,1.5,1.5,700.0,50.0,700.0,50.0,0.0,0.0,False,0,1.0,68.0,34.0,692.0,31.8,False,False,True,True,True,8,1.0,False,140,131.0,216.0,SPOKED,SPOKED,1,1.0,80.0,80.0,275.0,720,34.9,250.0,1.0
909,455,60,650,72,140.0,45.0,570.0,74.0,650.0,45.0,40.0,28.6,36.5,36.5,23.35,15.0,10.0,STEEL,45,60.0,50.0,330.0,350.0,16.0,16.0,False,False,130,3.0,2.0,2.0,2.0,1.5,1.5,1.5,700.0,50.0,700.0,50.0,0.0,1.0,False,1,1.0,68.0,34.0,692.0,31.8,False,False,True,True,True,9,1.0,False,0,0.0,0.0,DISC,SPOKED,0,1.0,80.0,80.0,280.0,745,34.9,300.0,1.0
910,430.0,70.0,600.0,66.0,140.0,45.0,550.0,74.0,700.0,45.0,40.0,31.8,36.5,23.35,23.35,15.0,10.0,CARBON,35.0,48.0,50.0,330.0,350.0,16.0,18.0,False,False,135.0,3.0,2.0,2.0,2.5,1.8,1.5,1.8,674.0,52.0,674.0,52.0,1.0,1.0,True,0,1.0,68.0,31.8,692.0,31.8,False,False,False,False,True,11,1.0,False,255.0,0.0,0.0,SPOKED,DISC,0,0.0,80.0,80.0,278.0,737.0,26.8,300.0,1.0
911,410.0,65.0,620.0,73.0,150.0,45.0,540.0,74.0,650.0,45.0,40.0,31.8,36.5,23.35,23.35,15.0,10.0,ALUMINIUM,30.0,48.0,40.0,330.0,350.0,16.0,18.0,False,False,135.0,3.0,2.0,2.0,2.5,1.8,1.5,1.8,622.0,52.0,622.0,52.0,0.0,2.0,False,1,1.0,68.0,31.8,692.0,31.8,False,False,False,False,True,8,1.0,False,192.0,192.0,192.0,SPOKED,SPOKED,0,0.0,80.0,80.0,278.0,723.0,26.8,300.0,1.0
912,420.0,60.0,560.0,73.0,100.0,45.0,530.0,74.0,750.0,45.0,40.0,31.8,36.5,23.35,23.35,15.0,10.0,STEEL,25.0,48.0,40.0,330.0,350.0,16.0,18.0,False,False,130.0,3.0,2.0,2.0,2.5,1.8,1.5,1.8,622.0,52.0,622.0,52.0,0.0,0.0,False,1,3.0,68.0,31.8,692.0,31.8,False,False,True,True,True,11,2.0,False,0.0,0.0,0.0,SPOKED,SPOKED,0,0.0,80.0,80.0,278.0,760.0,26.8,300.0,1.0
913,440.0,70.0,610.0,66.0,150.0,45.0,540.0,74.0,710.0,45.0,40.0,31.8,36.5,23.35,23.35,15.0,10.0,ALUMINIUM,35.0,48.0,50.0,330.0,350.0,16.0,18.0,False,False,135.0,3.0,2.0,2.0,2.5,1.8,1.5,1.8,674.0,52.0,674.0,52.0,1.0,1.0,False,2,1.0,68.0,31.8,692.0,31.8,False,False,True,True,True,11,1.0,False,85.0,107.0,47.0,SPOKED,SPOKED,0,0.0,80.0,80.0,278.0,745.0,26.8,300.0,1.0
914,415.0,65.0,620.0,73.0,150.0,45.0,540.0,74.0,680.0,45.0,40.0,31.8,36.5,23.35,23.35,15.0,10.0,STEEL,30.0,48.0,40.0,330.0,350.0,16.0,18.0,False,False,135.0,3.0,2.0,2.0,2.5,1.8,1.5,1.8,622.0,52.0,622.0,52.0,0.0,2.0,False,2,1.0,68.0,31.8,692.0,31.8,False,False,False,False,True,8,1.0,False,218.0,165.0,32.0,SPOKED,SPOKED,0,0.0,80.0,80.0,278.0,753.0,26.8,300.0,1.0
915,425.0,60.0,550.0,74.0,90.0,45.0,550.0,74.0,750.0,45.0,40.0,31.8,36.5,23.35,23.35,15.0,10.0,CARBON,25.0,48.0,40.0,330.0,350.0,16.0,18.0,False,False,130.0,3.0,2.0,2.0,2.5,1.8,1.5,1.8,622.0,52.0,622.0,52.0,0.0,0.0,False,0,3.0,68.0,31.8,692.0,31.8,False,False,True,True,True,11,2.0,False,255.0,255.0,255.0,SPOKED,SPOKED,0,0.0,80.0,80.0,278.0,755.0,26.8,300.0,1.0
916,450.0,70.0,630.0,66.0,160.0,45.0,560.0,74.0,720.0,45.0,40.0,31.8,36.5,23.35,23.35,15.0,10.0,STEEL,36.0,48.0,50.0,330.0,350.0,16.0,18.0,False,False,135.0,3.0,2.0,2.0,2.5,1.8,1.5,1.8,674.0,52.0,674.0,52.0,1.0,1.0,False,0,1.0,68.0,31.8,692.0,31.8,True,False,True,True,True,11,1.0,False,255.0,255.0,0.0,SPOKED,SPOKED,0,0.0,80.0,80.0,278.0,819.0,26.8,300.0,1.0
917,410.0,65.0,620.0,73.0,150.0,45.0,550.0,74.0,680.0,45.0,40.0,31.8,36.5,23.35,23.35,15.0,10.0,ALUMINIUM,30.0,48.0,40.0,330.0,350.0,16.0,18.0,False,False,135.0,3.0,2.0,2.0,2.5,1.8,1.5,1.8,622.0,52.0,622.0,52.0,0.0,2.0,False,1,1.0,68.0,31.8,692.0,31.8,False,False,True,True,True,8,1.0,False,0.0,0.0,0.0,SPOKED,SPOKED,0,0.0,80.0,80.0,278.0,784.0,26.8,300.0,1.0
918,420.0,60.0,560.0,74.0,90.0,45.0,550.0,74.0,740.0,45.0,40.0,31.8,36.5,23.35,23.35,15.0,10.0,ALUMINIUM,25.0,48.0,40.0,330.0,350.0,16.0,18.0,False,False,130.0,3.0,2.0,2.0,2.5,1.8,1.5,1.8,622.0,52.0,622.0,52.0,0.0,1.0,False,1,3.0,68.0,31.8,692.0,31.8,False,False,False,False,True,11,2.0,False,0.0,0.0,0.0,SPOKED,SPOKED,0,0.0,80.0,80.0,278.0,773.0,26.8,300.0,1.0
919,430.0,70.0,630.0,66.0,150.0,45.0,580.0,74.0,710.0,45.0,40.0,31.8,36.5,23.35,23.35,15.0,10.0,STEEL,35.0,48.0,50.0,330.0,350.0,16.0,18.0,False,False,135.0,3.0,2.0,2.0,2.5,1.8,1.5,1.8,674.0,52.0,674.0,52.0,1.0,1.0,False,1,1.0,68.0,31.8,692.0,31.8,False,False,True,True,True,11,1.0,False,255.0,130.0,0.0,SPOKED,SPOKED,0,0.0,80.0,80.0,278.0,822.0,26.8,300.0,1.0
920,430,68,580,73.5,110.0,45.0,555.0,74.0,650.0,47.0,40.0,28.0,30.0,24.0,24.0,15.0,9.0,STEEL,62,52.0,42.0,330.0,350.0,16.0,18.0,False,False,130,3.0,2.0,2.0,2.5,1.5,1.5,2.0,700.0,55.0,700.0,55.0,0.0,1.0,False,1,1.0,68.0,32.0,692.0,32.0,False,False,True,True,True,8,1.0,False,200,200.0,255.0,SPOKED,SPOKED,0,0.0,0.0,0.0,280.0,720,30,300.0,1.0
921,420,65,560,73.0,100.0,45.0,530.0,73.0,640.0,45.0,40.0,27.0,30.0,24.0,24.0,15.0,9.0,STEEL,58,50.0,40.0,330.0,350.0,16.0,18.0,False,False,130,3.0,2.0,2.0,2.5,1.5,1.5,2.0,700.0,55.0,700.0,55.0,0.0,1.0,False,0,1.0,68.0,32.0,692.0,32.0,False,False,False,False,True,11,2.0,False,255,165.0,0.0,SPOKED,SPOKED,0,0.0,0.0,0.0,280.0,700,30,300.0,1.0
922,440,60,600,70.0,95.0,45.0,540.0,73.0,680.0,50.0,40.0,28.0,32.0,26.0,26.0,15.0,9.0,STEEL,60,52.0,46.0,330.0,350.0,16.0,18.0,False,False,135,3.0,2.5,2.0,2.5,2.0,2.0,2.0,700.0,65.0,700.0,65.0,1.0,1.0,False,1,1.0,68.0,32.0,692.0,32.0,False,False,True,True,True,10,1.0,False,255,165.0,0.0,SPOKED,SPOKED,0,0.0,0.0,0.0,290.0,720,30,300.0,1.0
923,425,67,585,74.0,108.0,45.0,550.0,74.0,645.0,47.0,40.0,28.0,30.0,24.0,24.0,15.0,9.0,STEEL,61,51.0,43.0,330.0,350.0,16.0,18.0,False,False,130,3.0,2.0,2.0,2.5,1.5,1.5,2.0,700.0,55.0,700.0,55.0,0.0,1.0,False,1,1.0,68.0,32.0,692.0,32.0,False,False,True,True,True,8,1.0,False,0,0.0,255.0,SPOKED,SPOKED,0,0.0,0.0,0.0,280.0,700,30,300.0,1.0
924,415,66,570,72.5,102.0,45.0,530.0,73.5,650.0,45.0,40.0,27.5,30.0,24.0,24.0,15.0,9.0,STEEL,59,50.0,42.0,330.0,350.0,16.0,18.0,False,False,130,3.0,2.0,2.0,2.5,1.5,1.5,2.0,700.0,55.0,700.0,55.0,0.0,1.0,False,1,1.0,68.0,32.0,692.0,32.0,False,False,True,True,True,10,2.0,False,128,128.0,128.0,SPOKED,SPOKED,0,0.0,0.0,0.0,285.0,710,30,300.0,1.0
925,445,63,595,68.0,98.0,45.0,540.0,72.0,690.0,50.0,40.0,30.0,32.0,26.0,26.0,15.0,9.0,STEEL,61,51.0,44.0,330.0,350.0,16.0,18.0,False,False,135,3.0,2.5,2.0,2.5,2.0,2.0,2.0,700.0,65.0,700.0,65.0,1.0,1.0,False,1,1.0,68.0,32.0,692.0,32.0,False,False,True,True,True,11,1.0,False,255,255.0,0.0,SPOKED,SPOKED,0,0.0,0.0,0.0,290.0,730,30,300.0,1.0
926,410,67,575,74.0,100.0,45.0,550.0,74.0,645.0,47.0,40.0,28.0,30.0,24.0,24.0,15.0,9.0,ALUMINIUM,60,50.0,43.0,330.0,350.0,16.0,18.0,False,False,135,3.0,2.0,2.0,2.5,1.5,1.5,2.0,700.0,55.0,700.0,55.0,0.0,1.0,False,1,1.0,68.0,32.0,692.0,32.0,False,False,True,True,True,9,1.0,False,192,192.0,192.0,SPOKED,SPOKED,0,0.0,0.0,0.0,280.0,720,30,300.0,1.0
927,425,64,585,73.5,105.0,45.0,540.0,73.0,650.0,45.0,40.0,28.0,30.0,24.0,24.0,15.0,9.0,STEEL,62,52.0,42.0,330.0,350.0,16.0,18.0,False,False,130,3.0,2.0,2.0,2.5,1.5,1.5,2.0,700.0,55.0,700.0,55.0,0.0,1.0,False,0,1.0,68.0,32.0,692.0,32.0,False,False,False,False,True,12,2.0,False,165,42.0,42.0,SPOKED,SPOKED,0,0.0,0.0,0.0,280.0,720,30,300.0,1.0
928,445,62,590,69.0,97.0,45.0,545.0,72.0,685.0,50.0,40.0,30.0,32.0,26.0,26.0,15.0,9.0,STEEL,61,51.0,44.0,330.0,350.0,16.0,18.0,False,False,135,3.0,2.5,2.0,2.5,2.0,2.0,2.0,700.0,65.0,700.0,65.0,1.0,1.0,False,1,1.0,68.0,32.0,692.0,32.0,False,False,True,True,True,11,1.0,False,64,64.0,64.0,SPOKED,SPOKED,0,0.0,0.0,0.0,290.0,730,30,300.0,1.0
929,435,68,575,73.5,108.0,45.0,555.0,73.0,650.0,47.0,40.0,28.0,30.0,24.0,24.0,15.0,9.0,STEEL,63,53.0,43.0,330.0,350.0,16.0,18.0,False,False,130,3.0,2.0,2.0,2.5,1.5,1.5,2.0,700.0,55.0,700.0,55.0,0.0,1.0,False,1,1.0,68.0,32.0,692.0,32.0,False,False,True,True,True,8,1.0,False,112,128.0,144.0,SPOKED,SPOKED,0,0.0,0.0,0.0,280.0,720,30,300.0,1.0
930,420.0,70.0,600.0,73.0,140.0,45.0,520.0,74.0,680.0,45.0,40.0,28.6,36.5,23.35,23.35,13.0,15.0,STEEL,50.0,50.0,40.0,330.0,350.0,16.0,18.0,False,False,130.0,2.5,2.5,2.5,2.5,2.5,2.5,2.5,674.0,52.0,674.0,52.0,0.0,0.0,False,0,3.0,68.0,34.0,0.0,31.8,False,False,True,True,True,10,2.0,False,255.0,165.0,0.0,SPOKED,SPOKED,0,0.0,0.0,0.0,280.0,735.0,30.0,300.0,1.0
931,430.0,60.0,650.0,64.0,150.0,45.0,530.0,75.0,700.0,45.0,40.0,28.6,36.5,23.35,23.35,13.0,15.0,ALUMINIUM,60.0,50.0,50.0,330.0,350.0,16.0,18.0,False,False,135.0,2.5,2.5,2.5,2.5,2.5,2.5,2.5,674.0,52.0,674.0,52.0,1.0,1.0,False,1,1.0,68.0,35.0,0.0,31.8,False,False,True,True,True,9,2.0,False,85.0,107.0,47.0,SPOKED,SPOKED,0,0.0,0.0,0.0,280.0,740.0,30.0,300.0,1.0
932,420.0,70.0,620.0,73.0,130.0,45.0,520.0,74.0,660.0,45.0,40.0,28.6,36.5,23.35,23.35,13.0,15.0,ALUMINIUM,45.0,50.0,50.0,330.0,350.0,16.0,18.0,False,False,130.0,2.5,2.5,2.5,2.5,2.5,2.5,2.5,674.0,52.0,674.0,52.0,0.0,0.0,False,0,1.0,68.0,34.0,0.0,31.8,False,False,True,True,True,7,2.0,False,0.0,0.0,0.0,SPOKED,SPOKED,0,0.0,0.0,0.0,280.0,730.0,30.0,300.0,1.0
933,430.0,70.0,630.0,73.0,140.0,45.0,540.0,74.0,680.0,45.0,40.0,28.6,36.5,23.35,23.35,13.0,15.0,ALUMINIUM,60.0,50.0,50.0,330.0,350.0,16.0,18.0,False,False,130.0,2.5,2.5,2.5,2.5,2.5,2.5,2.5,674.0,52.0,674.0,52.0,0.0,2.0,False,2,1.0,68.0,34.0,0.0,31.8,False,False,False,False,True,10,2.0,False,255.0,0.0,0.0,SPOKED,SPOKED,0,0.0,0.0,0.0,280.0,745.0,30.0,300.0,1.0
934,430.0,65.0,650.0,64.0,150.0,45.0,520.0,75.0,700.0,45.0,40.0,28.6,36.5,23.35,23.35,13.0,15.0,ALUMINIUM,60.0,50.0,50.0,330.0,350.0,16.0,18.0,False,False,135.0,2.5,2.5,2.5,2.5,2.5,2.5,2.5,674.0,52.0,674.0,52.0,1.0,2.0,False,2,1.0,68.0,34.0,0.0,31.8,False,False,True,True,True,9,2.0,False,0.0,0.0,139.0,SPOKED,SPOKED,0,0.0,0.0,0.0,280.0,728.0,30.0,300.0,1.0
935,420.0,70.0,620.0,73.0,140.0,45.0,500.0,74.0,660.0,45.0,40.0,28.6,36.5,23.35,23.35,13.0,15.0,STEEL,50.0,50.0,50.0,330.0,350.0,16.0,18.0,False,False,130.0,2.5,2.5,2.5,2.5,2.5,2.5,2.5,674.0,52.0,674.0,52.0,0.0,1.0,False,1,1.0,68.0,34.0,0.0,31.8,False,False,False,False,True,7,2.0,False,169.0,169.0,169.0,SPOKED,SPOKED,0,0.0,0.0,0.0,280.0,730.0,30.0,300.0,1.0
936,430.0,65.0,630.0,73.0,140.0,45.0,540.0,74.0,680.0,45.0,40.0,28.6,36.5,23.35,23.35,13.0,15.0,STEEL,50.0,50.0,50.0,330.0,350.0,16.0,18.0,False,False,130.0,2.5,2.5,2.5,2.5,2.5,2.5,2.5,674.0,52.0,674.0,52.0,0.0,1.0,False,1,1.0,68.0,34.0,0.0,31.8,False,False,True,True,True,10,2.0,False,255.0,255.0,255.0,SPOKED,SPOKED,0,0.0,0.0,0.0,280.0,742.0,30.0,300.0,1.0
937,430.0,60.0,650.0,64.0,150.0,45.0,530.0,75.0,700.0,45.0,40.0,28.6,36.5,23.35,23.35,13.0,15.0,STEEL,60.0,50.0,50.0,330.0,350.0,16.0,18.0,False,False,135.0,2.5,2.5,2.5,2.5,2.5,2.5,2.5,674.0,52.0,674.0,52.0,1.0,1.0,False,1,1.0,68.0,34.0,0.0,31.8,False,False,False,False,True,9,1.0,False,112.0,128.0,144.0,SPOKED,SPOKED,0,0.0,0.0,0.0,280.0,725.0,30.0,300.0,1.0
938,430.0,70.0,620.0,73.0,140.0,45.0,520.0,74.0,660.0,45.0,40.0,28.6,36.5,23.35,23.35,13.0,15.0,TITANIUM,50.0,50.0,50.0,330.0,350.0,16.0,18.0,False,False,130.0,1.5,1.5,1.5,1.5,1.5,1.5,1.5,674.0,52.0,674.0,52.0,0.0,2.0,False,2,3.0,68.0,34.0,0.0,31.8,False,True,False,False,True,8,2.0,False,204.0,204.0,255.0,TRISPOKE,TRISPOKE,1,1.0,80.0,80.0,280.0,742.0,30.0,300.0,1.0
939,420.0,70.0,600.0,73.0,140.0,45.0,520.0,74.0,680.0,45.0,40.0,28.6,36.5,23.35,23.35,13.0,15.0,STEEL,50.0,50.0,50.0,330.0,350.0,16.0,18.0,False,False,130.0,2.5,2.5,2.5,2.5,2.5,2.5,2.5,674.0,52.0,674.0,52.0,0.0,0.0,False,0,1.0,68.0,34.0,0.0,31.8,False,False,False,False,True,10,2.0,False,204.0,204.0,255.0,SPOKED,SPOKED,0,0.0,0.0,0.0,280.0,735.0,30.0,300.0,1.0
940,440.0,65.0,575.0,67.0,140.0,50.0,540.0,73.0,660.0,50.0,40.0,28.0,36.5,23.5,23.0,15.0,10.0,STEEL,45.0,40.0,35.0,330.0,350.0,16.0,18.0,False,False,135.0,3.0,2.0,3.0,2.5,1.5,1.5,1.8,674.0,52.0,674.0,52.0,1.0,1.0,False,1,1.0,68.0,46.0,692.0,31.8,False,False,True,True,True,10,2.0,False,0,0.0,255.0,SPOKED,SPOKED,1,1.0,80.0,80.0,280.0,720.0,30.0,300.0,1.0
941,420.0,70.0,600.0,72.0,120.0,45.0,550.0,74.0,640.0,47.0,40.0,30.0,36.5,23.35,23.35,15.0,9.0,ALUMINIUM,40.0,45.0,45.0,330.0,350.0,16.0,18.0,False,False,135.0,2.5,2.5,3.0,2.0,1.2,1.2,1.5,674.0,52.0,674.0,52.0,0.0,0.0,False,0,1.0,68.0,44.0,692.0,31.8,False,False,True,True,True,11,2.0,False,187,183.0,255.0,SPOKED,SPOKED,1,1.0,80.0,80.0,300.0,730.0,32.0,320.0,1.0
942,430.0,62.0,550.0,72.0,100.0,50.0,500.0,75.0,680.0,45.0,40.0,27.0,38.0,25.0,25.0,14.0,10.0,CARBON,35.0,45.0,40.0,330.0,350.0,16.0,18.0,False,False,130.0,2.0,1.5,2.0,1.8,1.2,1.2,1.5,744.0,122.0,744.0,122.0,0.0,1.0,False,1,0.0,68.0,55.0,692.0,35.0,False,False,True,True,True,11,2.0,False,128,0.0,128.0,TRISPOKE,SPOKED,2,1.0,80.0,80.0,280.0,720.0,30.0,300.0,2.0
943,440.0,68.0,580.0,68.0,130.0,50.0,550.0,73.0,660.0,50.0,40.0,28.0,36.5,23.35,23.35,15.0,9.0,STEEL,40.0,50.0,40.0,330.0,350.0,16.0,18.0,False,False,135.0,3.0,2.5,3.0,2.5,1.5,1.5,1.8,674.0,52.0,674.0,52.0,1.0,1.0,False,0,1.0,68.0,46.0,692.0,31.8,False,False,True,True,True,9,1.0,False,0,128.0,0.0,SPOKED,SPOKED,1,1.0,80.0,80.0,280.0,730.0,30.0,300.0,1.0
944,430.0,72.0,610.0,73.0,140.0,45.0,550.0,74.0,640.0,47.0,40.0,30.0,36.5,23.35,23.35,15.0,9.0,ALUMINIUM,40.0,45.0,45.0,330.0,350.0,16.0,18.0,False,False,135.0,2.5,2.5,3.0,2.0,1.2,1.2,1.5,674.0,52.0,674.0,52.0,0.0,2.0,False,2,1.0,68.0,44.0,692.0,31.8,False,False,True,True,True,8,1.0,False,187,183.0,255.0,SPOKED,SPOKED,1,1.0,80.0,80.0,290.0,740.0,32.0,330.0,1.0
945,425.0,60.0,540.0,74.0,95.0,50.0,500.0,76.0,690.0,45.0,40.0,26.0,35.0,24.0,24.0,14.0,10.0,CARBON,30.0,42.0,30.0,330.0,350.0,16.0,18.0,False,False,130.0,2.0,1.5,2.0,1.8,1.2,1.2,1.5,744.0,122.0,744.0,122.0,0.0,1.0,False,0,3.0,68.0,50.0,692.0,35.0,False,True,True,True,True,11,2.0,False,255,255.0,255.0,TRISPOKE,TRISPOKE,1,1.0,85.0,85.0,275.0,710.0,30.0,330.0,0.0
946,445.0,66.0,590.0,68.0,155.0,45.0,520.0,74.0,650.0,50.0,40.0,29.0,36.5,23.35,23.35,15.0,9.0,STEEL,50.0,45.0,35.0,330.0,350.0,16.0,18.0,False,False,135.0,3.0,2.5,3.0,2.5,1.5,1.5,1.8,674.0,52.0,674.0,52.0,1.0,2.0,False,2,1.0,68.0,46.0,692.0,31.8,False,False,True,True,True,9,1.0,False,255,255.0,255.0,SPOKED,SPOKED,1,1.0,80.0,80.0,300.0,730.0,30.0,300.0,1.0
947,435.0,69.0,605.0,73.0,120.0,45.0,550.0,74.0,640.0,47.0,40.0,28.0,36.5,23.35,23.35,15.0,9.0,STEEL,40.0,45.0,45.0,330.0,350.0,16.0,18.0,False,False,135.0,3.0,2.5,3.0,2.5,1.5,1.5,1.8,674.0,52.0,674.0,52.0,0.0,2.0,False,0,2.0,68.0,46.0,692.0,31.8,False,False,True,True,True,8,1.0,False,0,0.0,0.0,SPOKED,SPOKED,1,1.0,80.0,80.0,295.0,740.0,32.0,300.0,1.0
948,425.0,63.0,530.0,73.0,115.0,50.0,500.0,76.0,675.0,47.0,40.0,29.0,36.5,23.35,23.35,14.0,9.0,ALUMINIUM,38.0,42.0,38.0,330.0,350.0,16.0,18.0,False,False,135.0,2.5,2.5,3.0,2.0,1.2,1.2,1.5,744.0,122.0,744.0,122.0,0.0,2.0,False,2,1.0,68.0,44.0,692.0,31.8,False,False,True,True,True,10,2.0,False,187,183.0,255.0,SPOKED,SPOKED,1,1.0,80.0,80.0,285.0,720.0,32.0,330.0,1.0
949,445.0,64.0,595.0,69.0,110.0,50.0,530.0,74.0,655.0,45.0,40.0,28.5,36.5,23.35,23.35,15.0,9.0,CARBON,35.0,45.0,40.0,330.0,350.0,16.0,18.0,False,False,135.0,2.0,1.5,2.0,1.8,1.2,1.2,1.5,744.0,122.0,744.0,122.0,0.0,1.0,False,1,1.0,68.0,48.0,692.0,35.0,False,True,True,True,True,11,2.0,False,0,0.0,255.0,SPOKED,DISC,1,0.0,80.0,0.0,280.0,730.0,30.0,300.0,1.0
950,425.0,66.0,575.2029642,73.0,105.2,45.0,555.0,74.0,644.8496592,47.0,40.0,25.4,36.5,23.35,13.0,15.0,9.0,STEEL,63.1,48.0,40.1,330.0,350.0,16.0,18.0,False,False,130.0,2.984925050987317,1.7715343952277929,2.4985541836279714,1.89419119522216,1.509739706979634,1.4104879858706545,1.3872913729986849,674.0,52.0,674.0,52.0,0.0,1.0,False,0,1.0,68.0,31.8,692.0,26.8,False,True,True,True,True,8,1.0,False,255,165.0,0.0,SPOKED,SPOKED,1,1.0,80.0,80.0,278.0,718.0,26.8,250.0,1.0
952,405.0,70.0,593.536575,73.0,145.0,45.0,515.0,74.0,648.3152394,45.0,40.0,28.6,36.5,23.35,13.0,15.0,9.0,STEEL,34.0,49.0,49.9,330.0,350.0,16.0,18.0,False,False,130.0,1.1647590566025448,0.7426686627208833,0.3143101269390225,0.2668311202837158,0.2891763139624213,0.2958998478109877,0.2262816326792515,674.0,52.0,674.0,52.0,1.0,1.0,False,1,1.0,68.0,45.0,692.0,31.8,False,False,False,False,True,8,1.0,False,0,0.0,0.0,SPOKED,SPOKED,1,1.0,80.0,80.0,278.0,718.0,34.9,300.0,2.0
953,415.0,70.0,637.9091156,73.0,191.4,45.0,630.0,73.5,656.6201875,45.0,40.0,33.6,36.5,23.35,13.0,15.0,9.0,CARBON,27.8,32.1,43.5,330.0,350.0,16.0,18.0,False,False,130.0,3.6756400104414495,2.004391254209075,2.5044697624511856,1.340251983765522,0.6731900960204301,5.772791309765022,0.8908183145343465,674.0,52.0,674.0,52.0,0.0,0.0,False,0,1.0,68.0,45.0,692.0,31.8,False,False,True,True,True,9,1.0,False,0,0.0,139.0,SPOKED,SPOKED,1,1.0,80.0,80.0,275.0,865.0,34.9,300.0,2.0
954,425.0,66.0,575.2029642,73.0,105.2,45.0,555.0,74.0,644.8496592,47.0,40.0,25.4,36.5,23.35,13.0,15.0,9.0,ALUMINIUM,63.1,48.0,40.1,330.0,350.0,16.0,18.0,False,False,130.0,2.984925050987317,1.7715343952277929,2.4985541836279714,1.89419119522216,1.509739706979634,1.4104879858706545,1.3872913729986849,674.0,52.0,674.0,52.0,0.0,0.0,False,0,0.0,68.0,31.8,692.0,26.8,False,False,True,True,True,8,1.0,False,200,200.0,255.0,SPOKED,SPOKED,1,1.0,80.0,80.0,278.0,718.0,26.8,250.0,1.0
955,455.0,70.0,721.2682239,71.0,180.4,35.0,546.2,73.5,748.4959838,45.0,39.0,27.0,36.5,21.25,14.5,15.0,10.1,STEEL,36.3,46.2,56.2,330.0,350.0,16.0,18.0,False,False,142.0,5.466905446143302,8.521785908456947,4.204791146184713,0.9166758036231312,4.12050892151602,2.697186294023933,4.6994853143713895,736.0,114.0,736.0,114.0,1.0,0.0,False,1,1.0,68.0,46.3,692.0,28.6,False,False,False,False,True,9,1.0,False,169,169.0,169.0,SPOKED,SPOKED,1,1.0,80.0,80.0,265.0,830.0,34.9,300.0,2.0
956,425.0,66.0,575.2029642,73.0,105.2,45.0,555.0,74.0,644.8496592,47.0,40.0,25.4,36.5,23.35,13.0,15.0,9.0,STEEL,63.1,48.0,40.1,330.0,350.0,16.0,18.0,False,False,130.0,2.984925050987317,1.7715343952277929,2.4985541836279714,1.89419119522216,1.509739706979634,1.4104879858706545,1.3872913729986849,674.0,52.0,674.0,52.0,0.0,0.0,False,1,1.0,68.0,31.8,692.0,26.8,False,False,True,True,True,8,1.0,False,200,200.0,255.0,SPOKED,SPOKED,1,1.0,80.0,80.0,278.0,718.0,26.8,250.0,1.0
958,455.0,70.0,721.2682239,71.0,180.4,35.0,546.2,73.5,748.4959838,45.0,39.0,27.0,36.5,21.25,14.5,15.0,10.1,STEEL,36.3,46.2,56.2,330.0,350.0,16.0,18.0,False,False,142.0,5.466905446143302,8.521785908456947,4.204791146184713,0.9166758036231312,4.12050892151602,2.697186294023933,4.6994853143713895,736.0,114.0,736.0,114.0,0.0,0.0,False,0,1.0,68.0,46.3,692.0,28.6,False,False,True,True,True,9,1.0,False,0,0.0,0.0,SPOKED,SPOKED,1,1.0,80.0,80.0,265.0,830.0,34.9,300.0,2.0
959,400.0,7.0,511.5560042,68.0,123.0,45.0,331.0,75.0,640.6227443,45.0,40.0,42.75,49.0,35.0,21.5,15.0,9.0,ALUMINIUM,31.0,60.0,42.0,330.0,300.0,16.0,18.0,False,False,130.0,7.737970318079169,12.947741764920302,3.2944381729785044,6.863696733810227,4.51413833563366,2.7508253329283927,5.072657023145851,674.0,52.0,674.0,52.0,1.0,0.0,False,1,1.0,73.0,57.0,692.0,31.8,False,False,True,True,True,6,0.0,False,255,255.0,0.0,SPOKED,SPOKED,1,1.0,80.0,80.0,230.0,400.0,34.9,200.0,2.0
960,430.0,66.0,600.0,73.0,160.0,45.0,595.0,73.0,668.0,45.0,40.0,25.4,36.5,23.35,13.0,15.0,9.0,ALUMINIUM,30.0,45.0,50.0,330.0,350.0,16.0,18.0,False,False,130.0,3.0,2.0,2.0,2.5,1.5,1.2,1.5,674.0,52.0,674.0,52.0,0.0,0.0,False,1,1.0,68.0,34.0,0.0,31.8,False,False,True,True,True,8,1.0,False,0,0.0,255.0,SPOKED,SPOKED,0,0.0,80.0,80.0,280.0,758.0,34.9,300.0,1.0
961,450.0,70.0,620.0,68.0,120.0,45.0,619.0,73.0,698.0,45.0,40.0,25.4,36.5,23.35,13.0,15.0,9.0,ALUMINIUM,30.0,45.0,50.0,330.0,350.0,16.0,18.0,False,False,157.0,3.0,2.0,2.0,2.5,1.5,1.2,1.5,744.0,122.0,744.0,122.0,1.0,0.0,False,1,1.0,68.0,34.0,0.0,31.8,False,False,True,True,True,10,1.0,False,255,0.0,0.0,TRISPOKE,TRISPOKE,1,1.0,80.0,80.0,280.0,782.0,34.9,300.0,1.0
962,430.0,68.0,580.0,74.0,145.0,45.0,544.0,73.0,668.0,45.0,40.0,25.4,36.5,23.35,13.0,15.0,9.0,ALUMINIUM,30.0,45.0,50.0,330.0,350.0,16.0,18.0,False,False,130.0,3.0,2.0,2.0,2.5,1.5,1.2,1.5,674.0,52.0,674.0,52.0,0.0,0.0,False,1,1.0,68.0,34.0,0.0,31.8,False,False,True,True,True,8,1.0,False,64,224.0,208.0,SPOKED,SPOKED,0,0.0,80.0,80.0,280.0,707.0,34.9,300.0,1.0
963,430.0,66.0,600.0,73.0,160.0,45.0,553.0,73.0,668.0,45.0,40.0,25.4,36.5,23.35,13.0,15.0,9.0,ALUMINIUM,30.0,45.0,50.0,330.0,350.0,16.0,18.0,False,False,130.0,3.0,2.0,2.0,2.5,1.5,1.2,1.5,674.0,52.0,674.0,52.0,0.0,0.0,False,0,1.0,68.0,34.0,0.0,31.8,False,False,True,True,True,8,1.0,False,255,223.0,0.0,SPOKED,SPOKED,0,0.0,80.0,80.0,280.0,716.0,34.9,300.0,1.0
964,450.0,70.0,620.0,68.0,120.0,45.0,641.0,73.0,698.0,45.0,40.0,25.4,36.5,23.35,13.0,15.0,9.0,ALUMINIUM,30.0,45.0,50.0,330.0,350.0,16.0,18.0,False,False,157.0,3.0,2.0,2.0,2.5,1.5,1.2,1.5,744.0,122.0,744.0,122.0,1.0,0.0,False,1,1.0,68.0,34.0,0.0,31.8,False,False,True,True,True,10,1.0,False,255,223.0,0.0,TRISPOKE,TRISPOKE,1,1.0,80.0,80.0,280.0,804.0,34.9,300.0,1.0
965,430.0,68.0,580.0,74.0,145.0,45.0,556.0,73.0,668.0,45.0,40.0,25.4,36.5,23.35,13.0,15.0,9.0,CARBON,30.0,45.0,50.0,330.0,350.0,16.0,18.0,False,False,130.0,3.0,2.0,2.0,2.5,1.5,1.2,1.5,674.0,52.0,674.0,52.0,0.0,0.0,False,0,1.0,68.0,34.0,0.0,31.8,False,False,True,True,True,8,1.0,False,0,0.0,139.0,SPOKED,SPOKED,0,0.0,80.0,80.0,280.0,719.0,34.9,300.0,1.0
966,430.0,66.0,600.0,73.0,160.0,45.0,562.0,73.0,668.0,45.0,40.0,25.4,36.5,23.35,13.0,15.0,9.0,STEEL,30.0,45.0,50.0,330.0,350.0,16.0,18.0,False,False,130.0,3.0,2.0,2.0,2.5,1.5,1.2,1.5,674.0,52.0,674.0,52.0,0.0,0.0,False,1,1.0,68.0,34.0,0.0,31.8,False,False,True,True,True,8,1.0,False,128,128.0,128.0,SPOKED,SPOKED,0,0.0,80.0,80.0,280.0,725.0,34.9,300.0,1.0
967,450.0,70.0,620.0,68.0,120.0,45.0,495.0,73.0,698.0,45.0,40.0,25.4,36.5,23.35,13.0,15.0,9.0,CARBON,30.0,45.0,50.0,330.0,350.0,16.0,18.0,False,False,157.0,3.0,2.0,2.0,2.5,1.5,1.2,1.5,744.0,122.0,744.0,122.0,1.0,0.0,False,1,1.0,68.0,34.0,0.0,31.8,False,False,True,True,True,10,1.0,False,0,255.0,0.0,TRISPOKE,TRISPOKE,1,1.0,80.0,80.0,280.0,658.0,34.9,300.0,1.0
968,430.0,68.0,580.0,75.0,145.0,45.0,607.0,73.0,668.0,45.0,40.0,25.4,36.5,23.35,13.0,15.0,9.0,TITANIUM,30.0,45.0,50.0,330.0,350.0,16.0,18.0,False,False,130.0,3.0,2.0,2.0,2.5,1.5,1.2,1.5,674.0,52.0,674.0,52.0,0.0,0.0,False,0,1.0,68.0,34.0,0.0,31.8,True,True,True,True,True,8,1.0,False,192,192.0,192.0,SPOKED,SPOKED,0,0.0,80.0,80.0,280.0,770.0,34.9,300.0,1.0
969,430.0,66.0,600.0,73.0,160.0,45.0,637.0,73.0,668.0,45.0,40.0,25.4,36.5,23.35,13.0,15.0,9.0,TITANIUM,30.0,45.0,50.0,330.0,350.0,16.0,18.0,False,False,130.0,3.0,2.0,2.0,2.5,1.5,1.2,1.5,674.0,52.0,674.0,52.0,0.0,0.0,False,1,1.0,68.0,34.0,0.0,31.8,False,False,True,True,True,8,1.0,False,192,192.0,192.0,SPOKED,SPOKED,0,0.0,80.0,80.0,280.0,800.0,34.9,300.0,1.0
970,435,65,640,67,125.0,45.0,555.0,73.0,650.0,45.0,40.0,30.0,36.5,23.35,23.35,15.0,9.0,STEEL,45,45.0,45.0,330.0,350.0,16.0,18.0,False,False,135,2.5,1.8,2.0,1.8,1.4,1.4,1.8,674.0,52.0,674.0,52.0,1.0,0.0,False,1,1.0,68.0,34.0,692.0,31.8,False,False,True,True,True,10,1.0,False,0,0.0,0.0,SPOKED,SPOKED,0,0.0,0.0,0.0,280.0,718,34.9,300.0,1.0
971,440,66,630,73,130.0,50.0,550.0,74.0,645.0,45.0,40.0,30.0,36.5,23.35,23.35,16.0,9.0,STEEL,48,48.0,48.0,330.0,350.0,16.0,18.0,False,False,135,2.5,1.8,2.0,1.8,1.4,1.4,1.8,674.0,52.0,674.0,52.0,1.0,1.0,False,1,1.0,68.0,34.0,692.0,31.8,False,False,True,True,True,8,1.0,False,204,153.0,0.0,SPOKED,SPOKED,0,0.0,0.0,0.0,300.0,720,34.9,320.0,1.0
972,430,70,600,73,140.0,45.0,540.0,73.0,650.0,45.0,40.0,30.0,36.5,23.35,23.35,15.0,9.0,TITANIUM,55,55.0,30.0,330.0,350.0,16.0,18.0,False,False,130,2.5,1.8,2.0,1.8,1.4,1.4,1.8,674.0,52.0,674.0,52.0,0.0,0.0,False,0,3.0,68.0,34.0,692.0,31.8,False,False,True,True,True,11,2.0,False,192,192.0,192.0,SPOKED,SPOKED,0,0.0,0.0,0.0,300.0,710,34.9,300.0,1.0
973,440,65,660,66,125.0,45.0,550.0,73.0,650.0,45.0,40.0,30.0,36.5,23.35,23.35,15.0,9.0,ALUMINIUM,45,45.0,45.0,330.0,350.0,16.0,18.0,False,False,135,2.5,1.8,2.0,1.8,1.4,1.4,1.8,674.0,52.0,674.0,52.0,1.0,2.0,False,1,1.0,68.0,34.0,692.0,31.8,False,False,False,False,True,10,1.0,False,255,255.0,255.0,SPOKED,SPOKED,0,0.0,0.0,0.0,290.0,730,34.9,310.0,1.0
974,420,66,630,73,135.0,45.0,540.0,74.0,650.0,45.0,40.0,30.0,36.5,23.35,23.35,15.0,9.0,STEEL,50,30.0,50.0,330.0,350.0,16.0,18.0,False,False,135,2.5,1.8,2.0,1.8,1.4,1.4,1.8,674.0,52.0,674.0,52.0,0.0,0.0,False,0,1.0,68.0,34.0,692.0,31.8,False,True,True,True,True,9,2.0,False,255,165.0,0.0,SPOKED,SPOKED,0,0.0,0.0,0.0,300.0,700,34.9,300.0,1.0
975,430,70,610,73,135.0,45.0,545.0,73.0,650.0,45.0,40.0,30.0,36.5,23.35,23.35,15.0,9.0,ALUMINIUM,50,50.0,35.0,330.0,350.0,16.0,18.0,False,False,130,2.5,1.8,2.0,1.8,1.4,1.4,1.8,674.0,52.0,674.0,52.0,0.0,1.0,False,1,2.0,68.0,34.0,692.0,31.8,False,False,True,True,True,11,2.0,False,0,255.0,0.0,SPOKED,SPOKED,0,0.0,0.0,0.0,290.0,705,34.9,320.0,1.0
976,435,65,650,67,125.0,45.0,550.0,73.0,650.0,45.0,40.0,30.0,36.5,23.35,23.35,15.0,9.0,ALUMINIUM,45,45.0,45.0,330.0,350.0,16.0,18.0,False,False,135,2.5,1.8,2.0,1.8,1.4,1.4,1.8,674.0,52.0,674.0,52.0,1.0,1.0,False,1,1.0,68.0,34.0,692.0,31.8,False,False,False,False,True,10,1.0,False,128,128.0,128.0,SPOKED,SPOKED,0,0.0,0.0,0.0,295.0,720,34.9,300.0,1.0
977,430,66,630,73,130.0,45.0,545.0,74.0,650.0,45.0,40.0,30.0,36.5,23.35,23.35,15.0,9.0,ALUMINIUM,48,48.0,48.0,330.0,350.0,16.0,18.0,False,False,135,2.5,1.8,2.0,1.8,1.4,1.4,1.8,674.0,52.0,674.0,52.0,1.0,1.0,False,1,2.0,68.0,34.0,692.0,31.8,False,False,True,True,True,8,1.0,False,50,205.0,50.0,SPOKED,SPOKED,0,0.0,0.0,0.0,300.0,710,34.9,320.0,1.0
978,425,66,600,73,140.0,45.0,545.0,73.0,650.0,45.0,40.0,30.0,36.5,23.35,23.35,15.0,9.0,STEEL,55,55.0,30.0,330.0,350.0,16.0,18.0,False,False,130,2.5,1.8,2.0,1.8,1.4,1.4,1.8,674.0,52.0,674.0,52.0,0.0,0.0,False,0,3.0,68.0,34.0,692.0,31.8,False,False,False,False,True,9,2.0,False,0,0.0,0.0,SPOKED,SPOKED,0,0.0,0.0,0.0,300.0,710,34.9,300.0,1.0
979,440,65,650,66,125.0,45.0,550.0,73.0,650.0,45.0,40.0,30.0,36.5,23.35,23.35,15.0,9.0,ALUMINIUM,45,45.0,45.0,330.0,350.0,16.0,18.0,False,False,135,2.5,1.8,2.0,1.8,1.4,1.4,1.8,674.0,52.0,674.0,52.0,1.0,2.0,False,1,1.0,68.0,34.0,692.0,31.8,False,False,False,False,True,10,1.0,False,0,0.0,0.0,SPOKED,SPOKED,0,0.0,0.0,0.0,295.0,720,34.9,300.0,1.0
980,430,70,600,73,150.0,45.0,540.0,74.0,660.0,45.0,40.0,32.0,34.0,23.0,23.0,15.0,9.0,ALUMINIUM,30,40.0,40.0,330.0,350.0,16.0,18.0,False,False,130,2.0,1.8,2.5,2.2,1.8,1.8,2.0,674.0,52.0,674.0,52.0,0.0,2.0,False,1,1.0,68.0,31.8,692.0,31.8,False,False,True,True,False,8,1.0,False,0,0.0,0.0,SPOKED,SPOKED,1,1.0,80.0,80.0,280.0,720,34,300.0,1.0
981,425,65,610,73,160.0,45.0,550.0,73.5,680.0,45.0,40.0,32.0,33.0,23.0,23.0,15.0,9.0,STEEL,35,45.0,40.0,330.0,350.0,16.0,18.0,False,False,130,2.5,2.2,2.8,2.5,2.0,2.0,2.2,674.0,52.0,674.0,52.0,0.0,2.0,False,1,1.0,68.0,31.8,692.0,31.8,False,True,True,True,True,11,2.0,False,180,180.0,255.0,SPOKED,SPOKED,1,1.0,80.0,80.0,280.0,740,33,300.0,1.0
982,420,60,580,68,140.0,45.0,540.0,73.0,640.0,50.0,40.0,30.0,33.0,23.0,23.0,15.0,9.0,STEEL,28,45.0,35.0,330.0,350.0,16.0,18.0,False,False,135,2.5,2.0,2.8,2.5,2.0,2.0,2.2,736.0,69.0,736.0,69.0,1.0,2.0,False,1,1.0,68.0,31.8,692.0,31.8,False,False,False,False,True,12,1.0,False,0,0.0,0.0,SPOKED,SPOKED,1,1.0,80.0,80.0,280.0,720,33,300.0,1.0
983,430,68,600,73,150.0,45.0,540.0,74.0,660.0,45.0,40.0,32.0,34.0,23.0,23.0,15.0,9.0,ALUMINIUM,30,40.0,40.0,330.0,350.0,16.0,18.0,False,False,130,2.0,1.8,2.5,2.2,1.8,1.8,2.0,674.0,52.0,674.0,52.0,0.0,2.0,False,1,1.0,68.0,31.8,692.0,31.8,False,False,True,True,False,8,1.0,False,255,165.0,0.0,SPOKED,SPOKED,1,1.0,80.0,80.0,280.0,725,34,300.0,1.0
984,425,65,610,73,155.0,45.0,550.0,73.0,680.0,45.0,40.0,32.0,33.0,23.0,23.0,15.0,9.0,STEEL,35,45.0,40.0,330.0,350.0,16.0,18.0,False,False,130,2.5,2.2,2.8,2.5,2.0,2.0,2.2,674.0,52.0,674.0,52.0,0.0,2.0,False,1,1.0,68.0,31.8,692.0,31.8,False,False,True,True,True,11,2.0,False,50,205.0,50.0,SPOKED,SPOKED,1,1.0,80.0,80.0,280.0,740,33,300.0,1.0
985,420,60,580,68,140.0,45.0,540.0,73.0,640.0,50.0,40.0,30.0,33.0,23.0,23.0,15.0,9.0,STEEL,28,45.0,35.0,330.0,350.0,16.0,18.0,False,False,135,2.5,2.0,2.8,2.5,2.0,2.0,2.2,736.0,69.0,736.0,69.0,1.0,2.0,False,1,1.0,68.0,31.8,692.0,31.8,False,False,False,False,True,12,1.0,False,255,0.0,0.0,SPOKED,SPOKED,1,1.0,80.0,80.0,280.0,720,33,300.0,1.0
986,430,70,600,73,150.0,45.0,540.0,74.0,660.0,45.0,40.0,32.0,34.0,23.0,23.0,15.0,9.0,STEEL,30,40.0,40.0,330.0,350.0,16.0,18.0,False,False,130,2.0,1.8,2.5,2.2,1.8,1.8,2.0,674.0,52.0,674.0,52.0,0.0,2.0,False,1,1.0,68.0,31.8,692.0,31.8,False,False,True,True,False,8,1.0,False,0,255.0,0.0,SPOKED,SPOKED,1,1.0,80.0,80.0,280.0,720,34,300.0,1.0
987,425,65,610,73,150.0,45.0,550.0,73.0,680.0,45.0,40.0,32.0,33.0,23.0,23.0,15.0,9.0,ALUMINIUM,30,45.0,40.0,330.0,350.0,16.0,18.0,False,False,130,2.2,1.8,2.5,2.0,1.8,1.8,2.0,674.0,52.0,674.0,52.0,0.0,2.0,False,1,1.0,68.0,31.8,692.0,31.8,False,False,True,True,True,11,2.0,False,255,0.0,0.0,SPOKED,SPOKED,1,1.0,80.0,80.0,280.0,740,33,300.0,1.0
988,420,60,590,69,145.0,45.0,540.0,73.0,640.0,50.0,40.0,30.0,33.0,23.0,23.0,15.0,9.0,CARBON,28,45.0,35.0,330.0,350.0,16.0,18.0,False,False,135,2.2,2.0,2.8,2.5,2.0,2.0,2.2,736.0,69.0,736.0,69.0,1.0,2.0,False,1,1.0,68.0,31.8,692.0,31.8,False,False,True,True,True,12,1.0,False,255,255.0,0.0,SPOKED,SPOKED,1,1.0,80.0,80.0,280.0,720,33,300.0,1.0
989,430,70,600,73,150.0,45.0,540.0,74.0,660.0,45.0,40.0,32.0,34.0,23.0,23.0,15.0,9.0,ALUMINIUM,30,40.0,40.0,330.0,350.0,16.0,18.0,False,False,130,2.0,1.8,2.5,2.2,1.8,1.8,2.0,674.0,52.0,674.0,52.0,0.0,2.0,False,1,1.0,68.0,31.8,692.0,31.8,False,False,False,False,False,8,1.0,False,180,180.0,255.0,SPOKED,SPOKED,1,1.0,80.0,80.0,280.0,720,34,300.0,1.0
990,415.0,66.0,600.0,73.0,120.0,45.0,550.0,74.0,645.0,45.0,40.0,28.6,36.5,36.5,23.35,15.0,9.0,STEEL,30.0,48.0,40.0,330.0,350.0,16.0,18.0,False,False,130.0,3.0,2.0,2.0,2.0,2.0,2.0,2.0,674.0,52.0,674.0,52.0,0.0,0.0,False,0,1.0,68.0,31.8,692.0,26.8,False,False,False,False,True,11,2.0,False,100,100.0,200.0,SPOKED,SPOKED,0,0.0,80.0,80.0,278.0,80.0,34.9,700.0,1.0
991,460.0,50.0,520.0,67.0,140.0,45.0,540.0,73.0,630.0,45.0,40.0,36.5,36.5,36.5,23.35,15.0,9.0,STEEL,36.0,50.0,30.0,330.0,350.0,16.0,18.0,False,False,135.0,3.0,2.0,2.0,2.0,2.0,2.0,2.0,674.0,52.0,674.0,52.0,1.0,0.0,False,1,1.0,68.0,45.0,692.0,31.8,False,False,True,True,True,9,2.0,False,255,204.0,0.0,SPOKED,SPOKED,0,0.0,80.0,80.0,278.0,80.0,34.9,700.0,1.0
992,405.0,60.0,630.0,74.0,100.0,45.0,520.0,74.0,660.0,45.0,40.0,28.6,36.5,36.5,23.35,15.0,9.0,CARBON,25.0,48.0,30.0,330.0,350.0,16.0,18.0,False,False,130.0,0.3,1.0,1.0,1.0,1.0,1.0,1.0,674.0,52.0,674.0,52.0,0.0,0.0,False,0,1.0,68.0,31.8,692.0,26.8,False,True,False,False,True,9,1.0,False,255,255.0,255.0,SPOKED,SPOKED,0,0.0,80.0,80.0,278.0,80.0,34.9,700.0,1.0
993,410.0,66.0,610.0,73.0,140.0,45.0,550.0,73.0,645.0,45.0,40.0,28.6,36.5,36.5,23.35,15.0,9.0,ALUMINIUM,30.0,55.0,40.0,330.0,350.0,16.0,18.0,False,False,130.0,1.0,2.0,2.0,2.0,2.0,2.0,2.0,674.0,52.0,674.0,52.0,0.0,0.0,False,1,1.0,68.0,45.0,692.0,26.8,False,False,True,True,True,11,2.0,False,0,0.0,255.0,SPOKED,SPOKED,0,0.0,80.0,80.0,278.0,80.0,34.9,700.0,1.0
994,440.0,50.0,560.0,68.0,135.0,45.0,540.0,73.0,650.0,45.0,40.0,36.5,36.5,36.5,23.35,15.0,9.0,STEEL,34.0,50.0,46.0,330.0,350.0,16.0,18.0,False,False,135.0,3.0,2.0,2.0,2.0,2.0,2.0,2.0,674.0,52.0,674.0,52.0,1.0,0.0,False,0,1.0,68.0,45.0,692.0,31.8,False,False,True,True,True,9,2.0,False,0,128.0,255.0,SPOKED,SPOKED,0,0.0,80.0,80.0,278.0,80.0,34.9,700.0,1.0
995,420.0,60.0,620.0,74.0,100.0,45.0,520.0,74.0,650.0,45.0,40.0,28.6,36.5,36.5,23.35,15.0,9.0,ALUMINIUM,25.0,48.0,30.0,330.0,350.0,16.0,18.0,False,False,130.0,1.0,2.0,2.0,2.0,2.0,2.0,2.0,674.0,52.0,674.0,52.0,0.0,0.0,False,1,1.0,68.0,45.0,692.0,26.8,False,False,True,True,True,9,1.0,False,255,204.0,0.0,SPOKED,SPOKED,0,0.0,80.0,80.0,278.0,80.0,34.9,700.0,1.0
996,400.0,66.0,590.0,74.0,150.0,45.0,550.0,74.0,640.0,45.0,40.0,28.6,36.5,36.5,23.35,15.0,9.0,STEEL,33.0,46.0,40.0,330.0,350.0,16.0,18.0,False,False,130.0,3.0,2.0,2.0,2.0,2.0,2.0,2.0,674.0,52.0,674.0,52.0,0.0,0.0,False,0,1.0,68.0,31.8,692.0,26.8,False,False,False,False,True,11,2.0,False,0,128.0,255.0,SPOKED,SPOKED,0,0.0,80.0,80.0,278.0,80.0,34.9,700.0,1.0
997,450.0,50.0,540.0,68.0,130.0,45.0,540.0,73.0,630.0,45.0,40.0,36.5,36.5,36.5,23.35,15.0,9.0,STEEL,33.0,50.0,46.0,330.0,350.0,16.0,18.0,False,False,135.0,3.0,2.0,2.0,2.0,2.0,2.0,2.0,674.0,52.0,674.0,52.0,1.0,0.0,False,2,1.0,68.0,45.0,692.0,31.8,False,False,False,False,True,9,2.0,False,0,128.0,255.0,SPOKED,SPOKED,0,0.0,80.0,80.0,278.0,80.0,34.9,700.0,1.0
998,420.0,60.0,650.0,74.0,130.0,45.0,580.0,74.0,660.0,45.0,40.0,28.6,36.5,36.5,23.35,15.0,9.0,TITANIUM,34.0,45.0,46.0,330.0,350.0,16.0,18.0,False,False,130.0,2.0,1.5,1.5,1.5,1.5,1.5,1.5,674.0,52.0,674.0,52.0,0.0,0.0,False,1,1.0,68.0,45.0,692.0,26.8,False,False,True,True,True,9,1.0,False,192,192.0,192.0,SPOKED,SPOKED,0,0.0,80.0,80.0,278.0,80.0,34.9,700.0,1.0
999,425.0,66.0,600.0,72.0,130.0,45.0,550.0,74.0,650.0,45.0,40.0,30.0,36.5,36.5,23.35,15.0,9.0,STEEL,32.0,48.0,40.0,330.0,350.0,16.0,18.0,False,False,130.0,3.0,2.0,2.0,2.0,2.0,2.0,2.0,674.0,52.0,674.0,52.0,0.0,0.0,False,1,1.0,68.0,31.8,692.0,26.8,False,False,True,True,True,11,2.0,False,0,255.0,255.0,SPOKED,SPOKED,0,0.0,80.0,80.0,278.0,80.0,34.9,700.0,1.0
