CS textfield,BB textfield,Stack,Head angle,Head tube length textfield,Seat stay junction0,Seat tube length,Seat angle,DT Length,FORK0R,BB diameter,ttd,dtd,csd,ssd,Chain stay position on BB,SSTopZOFFSET,MATERIAL,Head tube upper extension2,Seat tube extension2,Head tube lower extension2,SEATSTAYbrdgshift,CHAINSTAYbrdgshift,SEATSTAYbrdgdia1,CHAINSTAYbrdgdia1,SEATSTAYbrdgCheck,CHAINSTAYbrdgCheck,Dropout spacing,Wall thickness Bottom Bracket,Wall thickness Top tube,Wall thickness Head tube,Wall thickness Down tube,Wall thickness Chain stay,Wall thickness Seat stay,Wall thickness Seat tube,Wheel diameter front,RDBSD,Wheel diameter rear,FDBSD,Fork type,Stem kind,Display AEROBARS,Handlebar style,Head tube type,BB length,Head tube diameter,Wheel cut,Seat tube diameter,bottle SEATTUBE0 show,bottle DOWNTUBE0 show,Front Fender include,Rear Fender include,BELTorCHAIN,Number of cogs,Number of chainrings,Display RACK,FIRST color R_RGB,FIRST color G_RGB,FIRST color B_RGB,RIM_STYLE front,RIM_STYLE rear,SPOKES composite front,SPOKES composite rear,SBLADEW front,SBLADEW rear,Saddle length,Saddle height,Down tube diameter,Seatpost LENGTH,Seat tube type
430.0,70.0,550.0,68.0,120.0,45.0,520.0,73.0,650.0,50.0,40.0,28.6,36.5,23.35,23.35,15.0,9.0,CARBON,30.0,45.0,40.0,0.0,0.0,0.0,0.0,False,False,135.0,2.0,0.9,1.1,0.9,1.2,1.0,0.9,674.0,52.0,674.0,52.0,1.0,0,False,1.0,1.0,68.0,45.0,0.0,31.8,False,True,False,False,True,10.0,2,False,0.0,102.0,204,DISC,DISC,0.0,0.0,1.0,1.0,278.0,480.0,34.9,300.0,1.0
440.0,72.0,555.0,67.0,130.0,48.0,530.0,74.0,655.0,48.0,40.0,28.6,36.5,23.35,23.35,15.0,9.0,TITANIUM,28.0,47.0,42.0,0.0,0.0,0.0,0.0,False,False,142.0,2.0,0.9,1.1,0.9,1.2,1.0,0.9,674.0,52.0,674.0,52.0,1.0,0,False,1.0,1.0,68.0,45.0,0.0,31.8,False,True,False,False,True,10.0,2,False,0.0,128.0,255,DISC,DISC,0.0,0.0,1.0,1.0,278.0,480.0,34.9,300.0,1.0
450.0,68.0,545.0,69.0,110.0,46.0,525.0,72.0,645.0,52.0,40.0,28.6,36.5,23.35,23.35,15.0,9.0,STEEL,32.0,43.0,38.0,0.0,0.0,0.0,0.0,False,False,135.0,2.0,0.9,1.1,0.9,1.2,1.0,0.9,674.0,52.0,674.0,52.0,1.0,0,False,1.0,1.0,68.0,45.0,0.0,31.8,False,True,False,False,True,10.0,2,False,50.0,150.0,200,DISC,DISC,0.0,0.0,1.0,1.0,278.0,480.0,34.9,300.0,1.0
420.0,70.0,560.0,70.0,100.0,44.0,540.0,75.0,660.0,50.0,40.0,28.6,36.5,23.35,23.35,15.0,9.0,ALUMINIUM,30.0,45.0,40.0,0.0,0.0,0.0,0.0,False,False,142.0,2.0,0.9,1.1,0.9,1.2,1.0,0.9,674.0,52.0,674.0,52.0,1.0,0,False,1.0,1.0,68.0,45.0,0.0,31.8,False,True,False,False,True,10.0,2,False,0.0,100.0,200,DISC,DISC,0.0,0.0,1.0,1.0,278.0,480.0,34.9,300.0,1.0
500.0,65.0,535.0,66.0,140.0,50.0,550.0,73.0,630.0,45.0,40.0,28.6,36.5,23.35,23.35,15.0,9.0,TITANIUM,35.0,50.0,45.0,0.0,0.0,0.0,0.0,False,False,135.0,2.0,0.9,1.1,0.9,1.2,1.0,0.9,674.0,52.0,674.0,52.0,1.0,0,False,1.0,1.0,68.0,45.0,0.0,31.8,False,True,False,False,True,10.0,2,False,10.0,180.0,200,DISC,DISC,0.0,0.0,1.0,1.0,278.0,480.0,34.9,300.0,1.0
430.0,75.0,550.0,66.0,120.0,45.0,520.0,74.0,650.0,50.0,40.0,28.6,36.5,23.35,23.35,15.0,9.0,CARBON,30.0,45.0,40.0,0.0,0.0,0.0,0.0,False,False,142.0,2.0,0.9,1.1,0.9,1.2,1.0,0.9,674.0,52.0,674.0,52.0,1.0,0,False,1.0,1.0,68.0,45.0,0.0,31.8,False,True,False,False,True,10.0,2,False,5.0,120.0,210,DISC,DISC,0.0,0.0,1.0,1.0,278.0,480.0,34.9,300.0,1.0
460.0,70.0,540.0,68.0,115.0,47.0,530.0,72.0,640.0,49.0,40.0,28.6,36.5,23.35,23.35,15.0,9.0,STEEL,30.0,44.0,38.0,0.0,0.0,0.0,0.0,False,False,135.0,2.0,0.9,1.1,0.9,1.2,1.0,0.9,674.0,52.0,674.0,52.0,1.0,0,False,1.0,1.0,68.0,45.0,0.0,31.8,False,True,False,False,True,10.0,2,False,0.0,110.0,220,DISC,DISC,0.0,0.0,1.0,1.0,278.0,480.0,34.9,300.0,1.0
480.0,70.0,545.0,69.0,125.0,46.0,525.0,74.0,650.0,52.0,40.0,28.6,36.5,23.35,23.35,15.0,9.0,CARBON,32.0,46.0,42.0,0.0,0.0,0.0,0.0,False,False,142.0,2.0,0.9,1.1,0.9,1.2,1.0,0.9,674.0,52.0,674.0,52.0,1.0,0,False,1.0,1.0,68.0,45.0,0.0,31.8,False,True,False,False,True,10.0,2,False,20.0,140.0,230,DISC,DISC,0.0,0.0,1.0,1.0,278.0,480.0,34.9,300.0,1.0
415.0,71.0,555.0,67.0,108.0,45.0,515.0,73.0,660.0,51.0,40.0,28.6,36.5,23.35,23.35,15.0,9.0,ALUMINIUM,28.0,45.0,40.0,0.0,0.0,0.0,0.0,False,False,135.0,2.0,0.9,1.1,0.9,1.2,1.0,0.9,674.0,52.0,674.0,52.0,1.0,0,False,1.0,1.0,68.0,45.0,0.0,31.8,False,True,False,False,True,10.0,2,False,0.0,130.0,240,DISC,DISC,0.0,0.0,1.0,1.0,278.0,480.0,34.9,300.0,1.0
530.0,65.0,530.0,66.0,138.0,50.0,560.0,75.0,620.0,45.0,40.0,28.6,36.5,23.35,23.35,15.0,9.0,TITANIUM,35.0,50.0,45.0,0.0,0.0,0.0,0.0,False,False,142.0,2.0,0.9,1.1,0.9,1.2,1.0,0.9,674.0,52.0,674.0,52.0,1.0,0,False,1.0,1.0,68.0,45.0,0.0,31.8,False,True,False,False,True,10.0,2,False,15.0,160.0,215,DISC,DISC,0.0,0.0,1.0,1.0,278.0,480.0,34.9,300.0,1.0
430.0,68.0,600.0,67.0,120.0,50.0,520.0,74.0,650.0,55.0,52.0,28.6,36.5,23.35,13.0,15.0,15.0,ALUMINIUM,30.0,45.0,48.0,0.0,0.0,0.0,0.0,False,False,135.0,2.0,0.9,1.1,0.9,1.2,1.0,0.9,680.0,60.0,680.0,60.0,1.0,1,False,1.0,1.0,68.0,45.0,0.0,31.8,False,True,False,False,True,12.0,1,False,0.0,123.0,204.0,SPOKED,SPOKED,0.0,0.0,80.0,80.0,300.0,680.0,36.5,320.0,1.0
445.0,70.0,620.0,68.0,140.0,55.0,540.0,73.0,660.0,50.0,50.0,28.6,36.5,25.0,14.0,14.0,16.0,CARBON,32.0,50.0,46.0,0.0,0.0,0.0,0.0,False,False,142.0,2.0,0.9,1.1,0.9,1.2,1.0,0.9,690.0,55.0,690.0,55.0,1.0,0,False,1.0,1.0,73.0,45.0,0.0,31.8,True,True,False,False,True,11.0,2,False,10.0,120.0,200.0,SPOKED,SPOKED,0.0,0.0,80.0,80.0,310.0,690.0,36.5,330.0,1.0
460.0,66.0,610.0,67.5,130.0,52.0,530.0,75.0,640.0,54.0,55.0,28.6,36.5,24.0,13.0,13.0,14.0,CARBON,31.0,47.0,49.0,0.0,0.0,0.0,0.0,False,False,135.0,2.0,0.9,1.1,0.9,1.2,1.0,0.9,680.0,60.0,680.0,60.0,1.0,1,False,1.0,1.0,68.0,45.0,0.0,31.8,False,True,False,False,True,12.0,1,False,20.0,110.0,210.0,SPOKED,SPOKED,0.0,0.0,80.0,80.0,320.0,690.0,36.5,340.0,1.0
440.0,65.0,630.0,66.0,150.0,60.0,550.0,74.5,660.0,52.0,50.0,28.6,36.5,23.35,13.0,15.0,15.0,ALUMINIUM,35.0,52.0,47.0,0.0,0.0,0.0,0.0,False,False,135.0,2.0,0.9,1.1,0.9,1.2,1.0,0.9,670.0,55.0,670.0,55.0,1.0,1,False,1.0,1.0,68.0,45.0,0.0,31.8,True,False,False,False,True,11.0,2,False,5.0,125.0,220.0,SPOKED,SPOKED,0.0,0.0,80.0,80.0,330.0,650.0,36.5,300.0,1.0
420.0,72.0,640.0,66.5,125.0,50.0,510.0,73.5,630.0,56.0,50.0,28.6,36.5,24.0,13.0,15.0,15.0,CARBON,33.0,48.0,47.0,0.0,0.0,0.0,0.0,False,False,142.0,2.0,0.9,1.1,0.9,1.2,1.0,0.9,690.0,58.0,690.0,58.0,1.0,0,False,1.0,1.0,73.0,45.0,0.0,31.8,False,True,False,False,True,12.0,1,False,0.0,100.0,180.0,SPOKED,SPOKED,0.0,0.0,80.0,80.0,340.0,670.0,36.5,310.0,1.0
450.0,68.0,595.0,68.0,110.0,48.0,525.0,74.0,620.0,53.0,52.0,28.6,36.5,23.35,13.0,15.0,15.0,ALUMINIUM,30.0,45.0,47.0,0.0,0.0,0.0,0.0,False,False,135.0,2.0,0.9,1.1,0.9,1.2,1.0,0.9,675.0,55.0,675.0,55.0,1.0,1,False,1.0,1.0,68.0,45.0,0.0,31.8,True,False,False,False,True,11.0,1,False,15.0,130.0,200.0,SPOKED,SPOKED,0.0,0.0,80.0,80.0,300.0,660.0,36.5,320.0,1.0
430.0,70.0,610.0,67.0,140.0,54.0,535.0,74.2,655.0,51.0,50.0,28.6,36.5,23.35,13.0,14.0,16.0,CARBON,32.0,51.0,48.0,0.0,0.0,0.0,0.0,False,False,142.0,2.0,0.9,1.1,0.9,1.2,1.0,0.9,685.0,58.0,685.0,58.0,1.0,0,False,1.0,1.0,73.0,45.0,0.0,31.8,True,True,False,False,True,11.0,1,False,20.0,140.0,240.0,SPOKED,SPOKED,0.0,0.0,80.0,80.0,310.0,670.0,36.5,329.0,1.0
440.0,69.0,605.0,68.5,135.0,53.0,530.0,73.8,645.0,54.0,52.0,28.6,36.5,23.35,13.0,15.0,15.0,ALUMINIUM,34.0,49.0,47.0,0.0,0.0,0.0,0.0,False,False,135.0,2.0,0.9,1.1,0.9,1.2,1.0,0.9,675.0,60.0,675.0,60.0,1.0,1,False,1.0,1.0,68.0,45.0,0.0,31.8,False,True,False,False,True,12.0,1,False,10.0,123.0,194.0,SPOKED,SPOKED,0.0,0.0,80.0,80.0,320.0,660.0,36.5,315.0,1.0
460.0,66.0,615.0,67.3,125.0,52.0,540.0,74.6,660.0,50.0,50.0,28.6,36.5,24.0,13.0,13.0,14.0,CARBON,30.0,50.0,46.0,0.0,0.0,0.0,0.0,False,False,142.0,2.0,0.9,1.1,0.9,1.2,1.0,0.9,690.0,55.0,690.0,55.0,1.0,0,False,1.0,1.0,73.0,45.0,0.0,31.8,True,False,False,False,True,12.0,1,False,5.0,115.0,195.0,SPOKED,SPOKED,0.0,0.0,80.0,80.0,330.0,675.0,36.5,335.0,1.0
425.0,70.0,620.0,66.8,145.0,55.0,545.0,73.2,655.0,56.0,45.0,28.6,36.5,23.35,13.0,15.0,15.0,ALUMINIUM,35.0,52.0,48.0,0.0,0.0,0.0,0.0,False,False,135.0,2.0,0.9,1.1,0.9,1.2,1.0,0.9,680.0,60.0,680.0,60.0,1.0,1,False,1.0,1.0,68.0,45.0,0.0,31.8,False,True,False,False,True,11.0,1,False,10.0,140.0,220.0,SPOKED,SPOKED,0.0,0.0,80.0,80.0,340.0,700.0,36.5,320.0,1.0
430.0,70.0,580.0,73.0,160.0,45.0,580.0,74.5,640.0,45.0,47.0,40.0,30.0,36.5,36.5,14.0,15.0,ALUMINIUM,30.0,35.0,42.0,0.0,0.0,0.0,0.0,False,False,135.0,2.0,0.9,1.1,0.9,1.2,1.0,0.9,680.0,52.0,680.0,52.0,1.0,0,False,1.0,1.0,68.0,45.0,0.0,31.8,False,True,False,False,True,12.0,2,False,0.0,123.0,167,SPOKED,SPOKED,0.0,0.0,80.0,80.0,280.0,720.0,34.9,750.0,1.0
410.0,65.0,570.0,74.0,155.0,45.0,560.0,75.0,630.0,45.0,45.0,40.0,28.6,36.5,36.5,13.0,15.0,CARBON,28.0,33.0,43.0,0.0,0.0,0.0,0.0,False,False,135.0,2.0,0.9,1.1,0.9,1.2,1.0,0.9,674.0,50.0,674.0,50.0,1.0,1,False,1.0,1.0,68.0,50.0,0.0,31.8,False,True,False,False,True,11.0,1,False,0.0,150.0,200,SPOKED,SPOKED,0.0,0.0,80.0,80.0,290.0,700.0,34.9,780.0,1.0
450.0,75.0,600.0,72.5,170.0,45.0,600.0,73.5,650.0,50.0,48.0,45.0,33.6,36.5,36.5,15.0,16.0,STEEL,32.0,36.0,45.0,0.0,0.0,0.0,0.0,False,False,135.0,2.0,0.9,1.1,0.9,1.2,1.0,0.9,694.0,55.0,694.0,55.0,1.0,2,False,1.0,1.0,73.0,55.0,0.0,31.8,False,True,False,False,True,12.0,3,False,30.0,144.0,255,SPOKED,SPOKED,0.0,0.0,80.0,80.0,270.0,740.0,31.0,800.0,1.0
390.0,70.0,590.0,73.5,165.0,45.0,575.0,74.0,635.0,45.0,46.0,40.0,28.6,36.5,36.5,14.0,15.0,TITANIUM,31.0,34.0,44.0,0.0,0.0,0.0,0.0,False,False,135.0,2.0,0.9,1.1,0.9,1.2,1.0,0.9,680.0,53.0,680.0,53.0,1.0,1,False,1.0,1.0,68.0,48.0,0.0,31.8,False,True,False,False,True,10.0,2,False,64.0,224.0,208,SPOKED,SPOKED,0.0,0.0,80.0,80.0,285.0,710.0,34.9,760.0,1.0
415.0,68.0,585.0,73.8,158.0,45.0,565.0,74.2,642.0,45.0,47.0,40.0,28.6,36.5,36.5,13.0,15.0,BAMBOO,29.0,32.0,40.0,0.0,0.0,0.0,0.0,False,False,135.0,2.0,0.9,1.1,0.9,1.2,1.0,0.9,674.0,52.0,674.0,52.0,1.0,2,False,1.0,1.0,73.0,46.0,0.0,31.8,False,True,False,False,True,9.0,1,False,106.0,90.0,205,SPOKED,SPOKED,0.0,0.0,80.0,80.0,295.0,730.0,31.0,770.0,1.0
430.0,72.0,575.0,72.0,162.0,45.0,590.0,74.7,655.0,45.0,45.0,40.0,28.6,36.5,36.5,14.0,15.0,CARBON,31.0,34.0,42.0,0.0,0.0,0.0,0.0,False,False,135.0,2.0,0.9,1.1,0.9,1.2,1.0,0.9,690.0,60.0,690.0,60.0,1.0,0,False,1.0,3.0,68.0,50.0,0.0,31.8,False,True,False,False,True,12.0,1,False,0.0,191.0,255,SPOKED,SPOKED,0.0,0.0,80.0,80.0,275.0,745.0,34.9,780.0,1.0
400.0,67.0,565.0,74.2,150.0,45.0,550.0,75.0,625.0,45.0,47.0,40.0,28.6,36.5,36.5,13.0,15.0,ALUMINIUM,28.0,31.0,38.0,0.0,0.0,0.0,0.0,False,False,135.0,2.0,0.9,1.1,0.9,1.2,1.0,0.9,674.0,50.0,674.0,50.0,1.0,1,False,1.0,1.0,68.0,45.0,0.0,31.8,False,True,False,False,True,11.0,3,False,70.0,130.0,180,SPOKED,SPOKED,0.0,0.0,80.0,80.0,260.0,715.0,34.9,740.0,1.0
380.0,69.0,572.0,73.7,148.0,45.0,555.0,74.5,638.0,45.0,46.0,40.0,28.6,36.5,36.5,13.0,15.0,STEEL,28.0,32.0,34.0,0.0,0.0,0.0,0.0,False,False,135.0,2.0,0.9,1.1,0.9,1.2,1.0,0.9,680.0,52.0,680.0,52.0,1.0,2,False,1.0,2.0,68.0,47.0,0.0,31.8,False,True,False,False,True,10.0,2,False,100.0,149.0,237,SPOKED,SPOKED,0.0,0.0,80.0,80.0,300.0,700.0,31.0,720.0,1.0
445.0,74.0,598.0,72.8,172.0,45.0,605.0,73.2,665.0,45.0,48.0,40.0,33.6,36.5,36.5,15.0,16.0,OTHER,34.0,37.0,48.0,0.0,0.0,0.0,0.0,False,False,135.0,2.0,0.9,1.1,0.9,1.2,1.0,0.9,694.0,55.0,694.0,55.0,1.0,0,False,1.0,1.0,73.0,52.0,0.0,31.8,False,True,False,False,True,12.0,2,False,65.0,105.0,225,SPOKED,SPOKED,0.0,0.0,80.0,80.0,265.0,760.0,34.9,800.0,1.0
425.0,71.0,578.0,73.4,168.0,45.0,590.0,74.3,648.0,45.0,47.0,40.0,28.6,36.5,36.5,14.0,15.0,TITANIUM,33.0,36.0,46.0,0.0,0.0,0.0,0.0,False,False,135.0,2.0,0.9,1.1,0.9,1.2,1.0,0.9,680.0,53.0,680.0,53.0,1.0,1,False,1.0,3.0,68.0,50.0,0.0,31.8,False,True,False,False,True,11.0,1,False,176.0,196.0,222,SPOKED,SPOKED,0.0,0.0,80.0,80.0,290.0,735.0,31.0,765.0,0.0
450.0,60.0,610.0,66.0,110.0,50.0,500.0,73.0,610.0,44.0,30.0,35.0,42.0,35.0,30.0,13.0,15.0,ALUMINIUM,50.0,50.0,45.0,200.0,200.0,10.0,10.0,False,False,142.0,2.0,2.0,2.0,2.0,2.0,2.0,2.0,700.0,40.0,700.0,40.0,1.0,1,False,1.0,3.0,68.0,50.0,0.0,35.0,True,True,False,False,True,11.0,1,False,50.0,100.0,200,SPOKED,SPOKED,0.0,0.0,1.0,1.0,280.0,750.0,42.0,400.0,1.0
440.0,55.0,620.0,65.5,105.0,55.0,480.0,74.0,605.0,42.0,30.0,32.0,38.0,32.0,28.0,13.0,15.0,CARBON,48.0,48.0,42.0,195.0,195.0,9.0,9.0,False,False,142.0,1.5,1.5,1.8,1.5,1.5,1.2,1.8,700.0,35.0,700.0,35.0,1.0,2,False,1.0,0.0,68.0,45.0,0.0,34.0,True,True,False,False,True,12.0,1,False,0.0,128.0,255,SPOKED,SPOKED,0.0,0.0,1.0,1.0,290.0,760.0,38.0,420.0,0.0
470.0,65.0,600.0,66.5,120.0,48.0,520.0,72.5,620.0,46.0,30.0,36.0,44.0,36.0,31.0,13.0,15.0,STEEL,52.0,52.0,47.0,205.0,205.0,10.0,10.0,False,False,142.0,2.5,2.0,2.5,2.5,2.0,2.0,2.5,700.0,42.0,700.0,42.0,1.0,0,False,1.0,1.0,70.0,52.0,0.0,36.0,False,True,False,False,True,10.0,2,False,150.0,150.0,150,SPOKED,SPOKED,0.0,0.0,1.0,1.0,285.0,740.0,44.0,380.0,1.0
460.0,60.0,615.0,67.0,115.0,52.0,510.0,73.5,615.0,43.0,30.0,34.0,43.0,34.0,30.0,13.0,15.0,TITANIUM,51.0,51.0,46.0,202.0,202.0,10.0,10.0,False,False,142.0,2.0,2.0,2.0,2.0,2.0,2.0,2.0,700.0,40.0,700.0,40.0,1.0,1,False,1.0,2.0,68.0,50.0,0.0,35.0,True,False,False,False,True,12.0,1,False,200.0,100.0,50,SPOKED,SPOKED,0.0,0.0,1.0,1.0,300.0,755.0,43.0,390.0,2.0
455.0,62.0,605.0,65.0,108.0,49.0,495.0,74.0,608.0,45.0,30.0,36.0,42.0,36.0,31.0,13.0,15.0,BAMBOO,49.0,49.0,44.0,198.0,198.0,10.0,10.0,False,False,142.0,3.0,2.5,3.0,3.0,2.5,2.5,3.0,700.0,38.0,700.0,38.0,1.0,2,False,1.0,3.0,70.0,55.0,0.0,37.0,False,True,False,False,True,10.0,2,False,0.0,255.0,128,SPOKED,SPOKED,0.0,0.0,1.0,1.0,295.0,745.0,42.0,410.0,3.0
445.0,58.0,630.0,68.0,100.0,53.0,505.0,72.0,620.0,42.0,30.0,33.0,41.0,33.0,29.0,13.0,15.0,OTHER,47.0,47.0,43.0,190.0,190.0,9.0,9.0,False,False,142.0,1.8,1.5,1.8,1.8,1.5,1.5,1.8,700.0,37.0,700.0,37.0,1.0,1,False,1.0,0.0,65.0,48.0,0.0,33.0,True,False,False,False,True,11.0,1,False,255.0,0.0,200,SPOKED,SPOKED,0.0,0.0,1.0,1.0,290.0,755.0,41.0,380.0,0.0
460.0,63.0,618.0,66.0,112.0,51.0,515.0,73.0,612.0,44.0,30.0,35.0,42.0,35.0,30.0,13.0,15.0,ALUMINIUM,50.0,50.0,45.0,200.0,200.0,10.0,10.0,False,False,142.0,2.0,2.0,2.0,2.0,2.0,2.0,2.0,700.0,40.0,700.0,40.0,1.0,0,False,1.0,1.0,68.0,50.0,0.0,35.0,True,True,False,False,True,10.0,1,True,0.0,128.0,0,SPOKED,SPOKED,0.0,0.0,1.0,1.0,285.0,750.0,42.0,400.0,1.0
435.0,57.0,622.0,65.0,102.0,54.0,490.0,74.5,607.0,43.0,30.0,32.0,40.0,32.0,29.0,13.0,15.0,CARBON,48.5,48.5,42.5,198.5,198.5,9.0,9.0,False,False,142.0,1.6,1.4,1.6,1.6,1.4,1.4,1.6,700.0,36.0,700.0,36.0,1.0,2,False,1.0,2.0,66.0,45.0,0.0,33.0,True,True,False,False,True,12.0,2,False,128.0,0.0,128,SPOKED,SPOKED,0.0,0.0,1.0,1.0,295.0,755.0,40.0,405.0,2.0
480.0,66.0,595.0,67.5,118.0,47.0,530.0,72.0,625.0,45.0,30.0,37.0,45.0,37.0,32.0,13.0,15.0,STEEL,53.0,53.0,48.0,207.0,207.0,10.0,10.0,False,False,142.0,2.5,2.0,2.5,2.5,2.0,2.0,2.5,700.0,43.0,700.0,43.0,1.0,1,False,1.0,3.0,72.0,54.0,0.0,38.0,False,False,False,False,True,11.0,1,False,100.0,100.0,200,SPOKED,SPOKED,0.0,0.0,1.0,1.0,290.0,745.0,45.0,370.0,3.0
452.0,59.0,608.0,66.8,107.0,50.0,500.0,73.3,612.0,44.5,30.0,34.5,43.5,34.5,30.5,13.0,15.0,TITANIUM,50.5,50.5,45.5,201.0,201.0,10.0,10.0,False,False,142.0,2.0,2.0,2.0,2.0,2.0,2.0,2.0,700.0,41.0,700.0,41.0,1.0,0,False,1.0,0.0,68.0,51.0,0.0,36.0,True,True,False,False,True,12.0,1,False,255.0,50.0,150,SPOKED,SPOKED,0.0,0.0,1.0,1.0,295.0,752.0,43.5,395.0,0.0
435.0,40.0,600.0,66.0,120.0,45.0,550.0,74.0,580.0,45.0,45.0,28.6,36.5,36.5,37.5,13.0,15.0,CARBON,9.0,40.0,45.0,330.0,350.0,16.0,18.0,False,False,135.0,2.0,0.9,1.1,0.9,1.2,1.0,0.9,680.0,52.0,680.0,52.0,1.0,1,False,1.0,1.0,68.0,45.0,0.0,31.8,True,True,False,False,True,12.0,1,False,0.0,123.0,255,SPOKED,SPOKED,0.0,0.0,80.0,80.0,290.0,720.0,34.9,330.0,1.0
440.0,45.0,610.0,67.0,130.0,45.0,560.0,74.5,590.0,45.0,45.0,28.6,36.5,36.5,23.35,13.0,15.0,ALUMINIUM,9.0,45.0,50.0,330.0,350.0,16.0,18.0,False,False,135.0,2.0,0.9,1.1,0.9,1.2,1.0,0.9,680.0,52.0,680.0,52.0,1.0,1,False,1.0,1.0,68.0,45.0,0.0,31.8,True,True,False,False,True,12.0,1,False,0.0,123.0,255,SPOKED,SPOKED,0.0,0.0,80.0,80.0,290.0,720.0,34.9,330.0,1.0
445.0,40.0,620.0,68.0,140.0,45.0,570.0,75.0,600.0,45.0,45.0,28.6,36.5,36.5,23.35,13.0,15.0,TITANIUM,9.0,40.0,45.0,330.0,350.0,16.0,18.0,False,False,135.0,2.0,0.9,1.1,0.9,1.2,1.0,0.9,680.0,52.0,680.0,52.0,1.0,1,False,1.0,1.0,68.0,45.0,0.0,31.8,True,True,False,False,True,12.0,1,False,0.0,123.0,255,SPOKED,SPOKED,0.0,0.0,80.0,80.0,290.0,720.0,34.9,330.0,1.0
430.0,40.0,630.0,69.0,150.0,45.0,580.0,73.5,610.0,45.0,45.0,28.6,36.5,36.5,37.5,13.0,15.0,CARBON,9.0,45.0,50.0,330.0,350.0,16.0,18.0,False,False,135.0,2.0,0.9,1.1,0.9,1.2,1.0,0.9,680.0,52.0,680.0,52.0,1.0,1,False,1.0,1.0,68.0,45.0,0.0,31.8,True,True,False,False,True,12.0,1,False,0.0,123.0,255,SPOKED,SPOKED,0.0,0.0,80.0,80.0,290.0,720.0,34.9,330.0,1.0
450.0,40.0,640.0,65.0,160.0,45.0,590.0,74.0,620.0,45.0,45.0,28.6,36.5,36.5,23.35,13.0,15.0,ALUMINIUM,9.0,40.0,45.0,330.0,350.0,16.0,18.0,False,False,135.0,2.0,0.9,1.1,0.9,1.2,1.0,0.9,680.0,52.0,680.0,52.0,1.0,1,False,1.0,1.0,68.0,45.0,0.0,31.8,True,True,False,False,True,12.0,1,False,0.0,123.0,255,SPOKED,SPOKED,0.0,0.0,80.0,80.0,290.0,720.0,34.9,330.0,1.0
455.0,40.0,650.0,70.0,170.0,45.0,600.0,74.5,630.0,45.0,45.0,28.6,36.5,36.5,37.5,13.0,15.0,CARBON,9.0,45.0,50.0,330.0,350.0,16.0,18.0,False,False,135.0,2.0,0.9,1.1,0.9,1.2,1.0,0.9,680.0,52.0,680.0,52.0,1.0,1,False,1.0,1.0,68.0,45.0,0.0,31.8,True,True,False,False,True,12.0,1,False,0.0,123.0,255,SPOKED,SPOKED,0.0,0.0,80.0,80.0,290.0,720.0,34.9,330.0,1.0
425.0,40.0,660.0,66.5,180.0,45.0,610.0,75.0,640.0,45.0,45.0,28.6,36.5,36.5,23.35,13.0,15.0,TITANIUM,9.0,40.0,45.0,330.0,350.0,16.0,18.0,False,False,135.0,2.0,0.9,1.1,0.9,1.2,1.0,0.9,680.0,52.0,680.0,52.0,1.0,1,False,1.0,1.0,68.0,45.0,0.0,31.8,True,True,False,False,True,12.0,1,False,0.0,123.0,255,SPOKED,SPOKED,0.0,0.0,80.0,80.0,290.0,720.0,34.9,330.0,1.0
460.0,40.0,590.0,67.5,190.0,45.0,620.0,73.0,570.0,45.0,45.0,28.6,36.5,36.5,23.35,13.0,15.0,ALUMINIUM,9.0,45.0,50.0,330.0,350.0,16.0,18.0,False,False,135.0,2.0,0.9,1.1,0.9,1.2,1.0,0.9,680.0,52.0,680.0,52.0,1.0,1,False,1.0,1.0,68.0,45.0,0.0,31.8,True,True,False,False,True,12.0,1,False,0.0,123.0,255,SPOKED,SPOKED,0.0,0.0,80.0,80.0,290.0,720.0,34.9,330.0,1.0
420.0,40.0,580.0,68.5,200.0,45.0,630.0,73.5,660.0,45.0,45.0,28.6,36.5,36.5,37.5,13.0,15.0,CARBON,9.0,40.0,45.0,330.0,350.0,16.0,18.0,False,False,135.0,2.0,0.9,1.1,0.9,1.2,1.0,0.9,680.0,52.0,680.0,52.0,1.0,1,False,1.0,1.0,68.0,45.0,0.0,31.8,True,True,False,False,True,12.0,1,False,0.0,123.0,255,SPOKED,SPOKED,0.0,0.0,80.0,80.0,290.0,720.0,34.9,330.0,1.0
465.0,40.0,670.0,69.5,110.0,45.0,640.0,74.0,650.0,45.0,45.0,28.6,36.5,36.5,23.35,13.0,15.0,TITANIUM,9.0,45.0,50.0,330.0,350.0,16.0,18.0,False,False,135.0,2.0,0.9,1.1,0.9,1.2,1.0,0.9,680.0,52.0,680.0,52.0,1.0,1,False,1.0,1.0,68.0,45.0,0.0,31.8,True,True,False,False,True,12.0,1,False,0.0,123.0,255,SPOKED,SPOKED,0.0,0.0,80.0,80.0,290.0,720.0,34.9,330.0,1.0
400.0,50.0,620.0,67.0,110.0,50.0,540.0,74.0,640.0,45.0,45.0,28.6,36.5,35.0,30.0,13.0,15.0,ALUMINIUM,34.0,50.0,45.0,330.0,350.0,16.0,18.0,False,True,135.0,2.0,0.9,1.1,0.9,1.2,1.0,0.9,680.0,50.0,680.0,50.0,1.0,1,False,1.0,1.0,68.0,45.0,0.0,31.8,True,True,False,False,True,12.0,1,False,100.0,150.0,200,SPOKED,SPOKED,0.0,0.0,0.0,0.0,280.0,740.0,35.0,300.0,1.0
410.0,55.0,600.0,66.0,120.0,40.0,550.0,73.5,630.0,42.0,45.0,28.0,37.0,36.0,32.0,14.0,16.0,CARBON,36.0,45.0,48.0,330.0,350.0,16.0,18.0,True,True,142.0,2.0,0.9,1.1,0.9,1.2,1.0,0.9,700.0,55.0,700.0,55.0,1.0,1,False,1.0,1.0,68.0,44.0,0.0,32.0,True,True,False,False,True,11.0,1,False,80.0,120.0,160,SPOKED,SPOKED,0.0,0.0,0.0,0.0,290.0,730.0,36.0,320.0,1.0
395.0,45.0,650.0,68.0,105.0,45.0,560.0,74.0,650.0,48.0,45.0,30.0,36.5,35.0,30.0,13.0,15.0,STEEL,34.0,55.0,50.0,330.0,350.0,16.0,18.0,False,False,135.0,2.0,0.9,1.1,0.9,1.2,1.0,0.9,680.0,52.0,680.0,52.0,1.0,1,False,1.0,1.0,68.0,45.0,0.0,31.8,True,True,False,False,True,13.0,1,False,120.0,130.0,140,SPOKED,SPOKED,0.0,0.0,0.0,0.0,285.0,750.0,34.0,310.0,1.0
420.0,40.0,610.0,65.5,115.0,48.0,580.0,73.0,635.0,43.0,45.0,29.0,36.0,34.0,31.0,13.5,15.0,TITANIUM,35.0,52.0,46.0,330.0,350.0,16.0,18.0,True,False,135.0,2.0,0.9,1.1,0.9,1.2,1.0,0.9,680.0,53.0,680.0,53.0,1.0,1,False,1.0,1.0,68.0,46.0,0.0,32.0,True,False,False,False,True,12.0,1,False,90.0,160.0,200,SPOKED,SPOKED,0.0,0.0,0.0,0.0,295.0,720.0,36.5,340.0,1.0
380.0,60.0,580.0,67.5,100.0,50.0,530.0,74.5,620.0,50.0,45.0,28.6,36.5,35.0,30.0,14.0,16.0,BAMBOO,32.0,48.0,44.0,330.0,350.0,16.0,18.0,False,True,135.0,2.0,0.9,1.1,0.9,1.2,1.0,0.9,680.0,50.0,680.0,50.0,1.0,1,False,1.0,1.0,68.0,45.0,0.0,31.8,True,True,False,False,True,11.0,1,False,110.0,180.0,90,SPOKED,SPOKED,0.0,0.0,0.0,0.0,275.0,710.0,35.5,330.0,1.0
405.0,48.0,605.0,66.5,112.0,42.0,545.0,73.5,645.0,44.0,45.0,29.0,36.5,35.0,30.0,13.0,15.0,ALUMINIUM,33.0,54.0,47.0,330.0,350.0,16.0,18.0,True,False,135.0,2.0,0.9,1.1,0.9,1.2,1.0,0.9,680.0,54.0,680.0,54.0,1.0,1,False,1.0,1.0,68.0,45.0,0.0,31.8,True,False,False,False,True,12.0,1,False,130.0,100.0,150,SPOKED,SPOKED,0.0,0.0,0.0,0.0,288.0,765.0,35.0,320.0,1.0
390.0,52.0,630.0,67.0,108.0,46.0,555.0,74.0,655.0,46.0,45.0,28.6,36.5,36.0,29.0,14.0,16.0,CARBON,34.0,53.0,48.0,330.0,350.0,16.0,18.0,False,True,135.0,2.0,0.9,1.1,0.9,1.2,1.0,0.9,680.0,51.0,680.0,51.0,1.0,1,False,1.0,1.0,68.0,45.0,0.0,31.8,True,True,False,False,True,11.0,1,False,95.0,140.0,180,SPOKED,SPOKED,0.0,0.0,0.0,0.0,282.0,735.0,36.0,305.0,1.0
415.0,53.0,615.0,68.5,118.0,44.0,535.0,73.8,642.0,47.0,45.0,28.6,36.5,35.5,31.5,13.0,15.0,STEEL,35.0,51.0,46.5,330.0,350.0,16.0,18.0,False,False,135.0,2.0,0.9,1.1,0.9,1.2,1.0,0.9,680.0,56.0,680.0,56.0,1.0,1,False,1.0,1.0,68.0,45.0,0.0,31.8,True,True,False,False,True,12.0,1,False,85.0,120.0,170,SPOKED,SPOKED,0.0,0.0,0.0,0.0,278.0,725.0,34.9,315.0,1.0
425.0,47.0,625.0,65.0,125.0,47.0,545.0,74.2,647.0,43.0,45.0,28.6,36.5,35.0,29.5,14.0,15.0,TITANIUM,36.0,49.0,45.0,330.0,350.0,16.0,18.0,True,False,135.0,2.0,0.9,1.1,0.9,1.2,1.0,0.9,680.0,52.0,680.0,52.0,1.0,1,False,1.0,1.0,68.0,46.0,0.0,31.8,True,False,False,False,True,11.0,1,False,75.0,135.0,160,SPOKED,SPOKED,0.0,0.0,0.0,0.0,292.0,760.0,36.0,350.0,1.0
390.0,58.0,590.0,66.0,102.0,49.0,525.0,73.2,625.0,49.0,45.0,29.0,36.0,34.5,30.5,14.0,16.0,BAMBOO,33.0,47.0,44.5,330.0,350.0,16.0,18.0,False,True,135.0,2.0,0.9,1.1,0.9,1.2,1.0,0.9,680.0,58.0,680.0,58.0,1.0,1,False,1.0,1.0,68.0,45.0,0.0,31.8,True,True,False,False,True,12.0,1,False,110.0,200.0,90,SPOKED,SPOKED,0.0,0.0,0.0,0.0,276.0,715.0,35.0,290.0,1.0
420.0,55.0,600.0,68.0,140.0,50.0,580.0,74.0,630.0,50.0,45.0,34.0,40.0,30.0,30.0,14.0,15.0,ALUMINIUM,35.0,45.0,60.0,330.0,350.0,16.0,18.0,False,False,142.0,1.2,1.2,1.5,1.3,1.1,1.1,1.2,680.0,60.0,680.0,60.0,1.0,0,False,1.0,3.0,68.0,48.0,0.0,31.8,True,True,False,False,True,12.0,1,False,0.0,102.0,204,SPOKED,SPOKED,0.0,0.0,80.0,80.0,280.0,720.0,38.0,400.0,1.0
430.0,50.0,610.0,67.5,150.0,55.0,570.0,73.5,635.0,45.0,50.0,33.0,42.0,32.0,32.0,15.0,16.0,CARBON,36.0,50.0,65.0,330.0,350.0,16.0,18.0,False,False,142.0,1.1,1.0,1.4,1.3,1.1,1.1,1.1,680.0,55.0,680.0,55.0,1.0,1,False,1.0,3.0,70.0,50.0,0.0,31.8,False,True,False,False,True,11.0,2,False,0.0,128.0,255,SPOKED,SPOKED,0.0,0.0,80.0,80.0,290.0,730.0,40.0,380.0,1.0
415.0,60.0,620.0,69.0,130.0,45.0,560.0,74.5,640.0,52.0,45.0,32.0,38.0,28.0,28.0,14.0,15.0,STEEL,34.0,48.0,62.0,330.0,350.0,16.0,18.0,False,False,142.0,1.3,1.3,1.5,1.3,1.2,1.2,1.3,680.0,65.0,680.0,65.0,1.0,2,False,1.0,3.0,68.0,46.0,0.0,31.8,False,True,False,False,True,10.0,1,False,0.0,150.0,200,SPOKED,SPOKED,0.0,0.0,80.0,80.0,270.0,710.0,36.0,420.0,1.0
435.0,50.0,595.0,68.5,145.0,60.0,600.0,73.0,625.0,48.0,48.0,35.0,40.0,30.0,32.0,15.0,16.0,TITANIUM,38.0,52.0,68.0,330.0,350.0,16.0,18.0,False,False,142.0,1.0,1.2,1.3,1.2,1.0,1.0,1.2,680.0,70.0,680.0,70.0,1.0,0,False,1.0,3.0,72.0,52.0,0.0,31.8,True,True,False,False,True,12.0,2,False,0.0,64.0,128,SPOKED,SPOKED,0.0,0.0,80.0,80.0,300.0,725.0,39.0,360.0,1.0
410.0,60.0,605.0,69.5,135.0,50.0,550.0,75.0,655.0,46.0,47.0,34.5,41.0,29.0,29.0,14.0,15.0,BAMBOO,37.0,47.0,63.0,330.0,350.0,16.0,18.0,False,False,142.0,1.4,1.4,1.6,1.4,1.2,1.2,1.4,680.0,75.0,680.0,75.0,1.0,1,False,1.0,3.0,69.0,49.0,0.0,31.8,True,True,False,False,True,11.0,1,False,0.0,128.0,230,SPOKED,SPOKED,0.0,0.0,80.0,80.0,285.0,735.0,37.0,410.0,1.0
425.0,58.0,615.0,67.0,125.0,52.0,590.0,73.0,645.0,53.0,50.0,36.0,43.0,31.0,31.0,15.0,16.0,OTHER,33.0,51.0,66.0,330.0,350.0,16.0,18.0,False,False,142.0,1.2,1.2,1.5,1.3,1.1,1.1,1.2,680.0,58.0,680.0,58.0,1.0,2,False,1.0,3.0,70.0,45.0,0.0,31.8,False,False,False,False,True,10.0,1,False,0.0,102.0,255,SPOKED,SPOKED,0.0,0.0,80.0,80.0,275.0,715.0,36.5,390.0,1.0
418.0,53.0,630.0,68.0,155.0,54.0,580.0,74.0,660.0,49.0,45.0,33.5,41.5,29.5,29.5,14.0,15.0,CARBON,39.0,49.0,64.0,330.0,350.0,16.0,18.0,False,False,142.0,1.1,1.0,1.4,1.3,1.1,1.1,1.0,680.0,62.0,680.0,62.0,1.0,1,False,1.0,3.0,68.0,48.0,0.0,31.8,True,False,False,False,True,12.0,1,False,0.0,128.0,255,SPOKED,SPOKED,0.0,0.0,80.0,80.0,295.0,740.0,38.5,430.0,1.0
440.0,57.0,620.0,66.5,120.0,50.0,565.0,75.0,650.0,54.0,48.0,36.0,44.0,32.0,32.0,15.0,15.0,STEEL,32.0,46.0,61.0,330.0,350.0,16.0,18.0,False,False,142.0,1.2,1.2,1.5,1.3,1.1,1.1,1.2,680.0,68.0,680.0,68.0,1.0,0,False,1.0,3.0,67.0,45.0,0.0,31.8,False,True,False,False,True,11.0,2,False,60.0,120.0,200,SPOKED,SPOKED,0.0,0.0,80.0,80.0,265.0,705.0,36.0,450.0,1.0
405.0,52.0,585.0,69.0,148.0,55.0,595.0,74.0,615.0,47.0,46.0,34.0,42.0,31.0,31.0,14.0,16.0,CARBON,37.0,53.0,67.0,330.0,350.0,16.0,18.0,False,False,142.0,1.0,1.0,1.2,1.1,1.0,1.0,1.0,680.0,58.0,680.0,58.0,1.0,1,False,1.0,3.0,69.0,49.0,0.0,31.8,True,True,False,False,True,12.0,1,False,0.0,110.0,200,SPOKED,SPOKED,0.0,0.0,80.0,80.0,260.0,718.0,37.0,395.0,1.0
450.0,50.0,635.0,66.0,160.0,60.0,605.0,73.5,670.0,51.0,50.0,36.5,45.0,33.0,33.0,15.0,16.0,ALUMINIUM,40.0,55.0,70.0,330.0,350.0,16.0,18.0,False,False,142.0,1.1,1.3,1.4,1.2,1.1,1.1,1.3,680.0,59.0,680.0,59.0,1.0,0,False,1.0,3.0,75.0,52.0,0.0,31.8,False,True,False,False,True,10.0,2,False,10.0,80.0,180,SPOKED,SPOKED,0.0,0.0,80.0,80.0,300.0,750.0,40.0,350.0,1.0
435.0,35.0,580.0,68.0,140.0,50.0,580.0,73.0,620.0,50.0,45.0,28.6,36.5,30.0,30.0,13.0,15.0,ALUMINIUM,25.0,45.0,20.0,330.0,350.0,16.0,18.0,False,False,135.0,2.0,0.9,1.1,0.9,1.2,1.0,0.9,680.0,52.0,680.0,52.0,1.0,0,False,1.0,1.0,68.0,44.0,0.0,33.0,False,False,False,False,True,12.0,1,False,0.0,123.0,167,SPOKED,SPOKED,0.0,0.0,80.0,80.0,270.0,780.0,34.9,800.0,1.0
445.0,32.0,595.0,69.0,150.0,55.0,600.0,74.0,635.0,45.0,42.0,30.0,36.5,25.0,28.0,13.0,15.0,CARBON,30.0,50.0,25.0,330.0,350.0,16.0,18.0,True,False,135.0,2.0,1.0,1.2,0.9,1.3,1.1,1.0,680.0,52.0,680.0,52.0,1.0,1,False,1.0,1.0,68.0,50.0,0.0,32.0,False,True,False,False,True,11.0,1,False,70.0,130.0,180,SPOKED,SPOKED,0.0,0.0,80.0,80.0,280.0,790.0,34.9,820.0,1.0
430.0,38.0,560.0,67.5,130.0,45.0,550.0,72.5,605.0,55.0,46.0,29.0,36.5,28.0,32.0,13.0,15.0,STEEL,27.0,40.0,15.0,330.0,350.0,16.0,18.0,False,True,135.0,2.0,0.9,1.1,0.9,1.2,1.0,0.9,680.0,52.0,680.0,52.0,1.0,2,False,1.0,1.0,68.0,42.0,0.0,34.0,True,False,False,False,True,12.0,2,False,30.0,144.0,255,SPOKED,SPOKED,0.0,0.0,80.0,80.0,260.0,760.0,34.9,780.0,1.0
450.0,30.0,600.0,68.5,160.0,60.0,610.0,74.0,650.0,48.0,44.0,33.6,36.5,32.0,35.0,13.0,15.0,CARBON,35.0,48.0,30.0,330.0,350.0,16.0,18.0,True,True,135.0,2.0,1.1,1.2,1.0,1.2,1.1,1.0,680.0,52.0,680.0,52.0,1.0,1,False,1.0,1.0,68.0,46.0,0.0,32.0,False,False,False,False,True,11.0,1,False,95.0,158.0,160,SPOKED,SPOKED,0.0,0.0,80.0,80.0,290.0,795.0,34.9,860.0,1.0
440.0,36.0,570.0,69.0,120.0,40.0,565.0,73.5,615.0,52.0,43.0,28.0,36.5,27.0,29.0,13.0,15.0,STEEL,22.0,38.0,12.0,330.0,350.0,16.0,18.0,False,False,135.0,2.0,1.0,1.1,0.9,1.2,1.0,1.0,680.0,52.0,680.0,52.0,1.0,2,False,1.0,1.0,68.0,40.0,0.0,31.8,False,False,False,False,True,12.0,1,False,112.0,166.0,217,SPOKED,SPOKED,0.0,0.0,80.0,80.0,275.0,770.0,34.9,750.0,1.0
425.0,33.0,555.0,67.0,110.0,50.0,555.0,72.0,600.0,60.0,48.0,31.0,36.5,35.0,37.0,13.0,15.0,BAMBOO,20.0,42.0,18.0,330.0,350.0,16.0,18.0,False,True,135.0,2.0,0.9,1.1,0.9,1.2,1.0,0.9,693.0,50.0,693.0,50.0,1.0,0,False,1.0,1.0,68.0,58.0,0.0,34.0,False,False,False,False,True,11.0,1,False,64.0,105.0,180,SPOKED,SPOKED,0.0,0.0,80.0,80.0,285.0,800.0,34.9,700.0,1.0
460.0,34.0,610.0,68.0,170.0,45.0,605.0,73.0,650.0,47.0,44.0,32.0,36.5,29.0,33.0,13.0,15.0,ALUMINIUM,40.0,46.0,28.0,330.0,350.0,16.0,18.0,False,False,135.0,2.0,1.1,1.2,1.0,1.2,1.1,1.0,680.0,52.0,680.0,52.0,1.0,1,False,1.0,1.0,68.0,60.0,0.0,33.5,False,False,False,False,True,12.0,1,False,100.0,149.0,237,SPOKED,SPOKED,0.0,0.0,80.0,80.0,300.0,820.0,34.9,900.0,1.0
420.0,37.0,565.0,69.5,125.0,48.0,575.0,74.5,625.0,53.0,43.0,29.5,36.5,33.0,34.0,13.0,15.0,CARBON,28.0,44.0,22.0,330.0,350.0,16.0,18.0,True,False,135.0,2.0,1.0,1.1,0.9,1.2,1.0,1.0,680.0,52.0,680.0,52.0,1.0,2,False,1.0,1.0,68.0,45.0,0.0,31.8,False,False,False,False,True,11.0,1,False,50.0,110.0,200,SPOKED,SPOKED,0.0,0.0,80.0,80.0,265.0,775.0,34.9,740.0,1.0
438.0,36.0,590.0,68.7,135.0,52.0,585.0,73.2,630.0,49.0,47.0,30.5,36.5,29.5,31.0,13.0,15.0,STEEL,32.0,43.0,26.0,330.0,350.0,16.0,18.0,False,True,135.0,2.0,0.9,1.1,0.9,1.2,1.0,0.9,680.0,52.0,680.0,52.0,1.0,1,False,1.0,1.0,68.0,48.0,0.0,32.5,False,False,False,False,True,10.0,1,False,0.0,97.0,177,SPOKED,SPOKED,0.0,0.0,80.0,80.0,280.0,785.0,34.9,770.0,1.0
442.0,34.5,605.0,68.2,145.0,53.0,595.0,74.0,640.0,51.0,46.0,30.8,36.5,33.5,36.0,13.0,15.0,ALUMINIUM,31.0,47.0,24.0,330.0,350.0,16.0,18.0,False,False,135.0,2.0,0.9,1.1,0.9,1.2,1.0,0.9,680.0,52.0,680.0,52.0,1.0,2,False,1.0,1.0,68.0,43.0,0.0,33.0,False,False,False,False,True,11.0,1,False,102.0,205.0,170,SPOKED,SPOKED,0.0,0.0,80.0,80.0,295.0,800.0,34.9,800.0,1.0
440.0,60.0,580.0,67.0,100.0,45.0,500.0,73.0,630.0,45.0,45.0,28.6,36.5,23.35,23.35,13.0,15,ALUMINIUM,30.0,45.0,50.0,330.0,350.0,16.0,18,False,False,135.0,2.0,1.0,1.1,0.9,1.2,1.0,0.9,734.0,56.0,734.0,56.0,1.0,0,False,1.0,1.0,68.0,50.0,0.0,31.8,False,False,False,False,True,12.0,1,False,0.0,123.0,167,SPOKED,SPOKED,0.0,0.0,0.0,0.0,280.0,730.0,34.9,330.0,1.0
445.0,65.0,600.0,68.0,105.0,45.0,520.0,74.0,640.0,45.0,45.0,28.6,36.5,23.35,30.0,13.0,15,ALUMINIUM,32.0,47.0,52.0,330.0,350.0,16.0,18,False,False,135.0,2.0,1.0,1.1,0.9,1.2,1.0,0.9,734.0,56.0,734.0,56.0,1.0,1,False,1.0,1.0,68.0,50.0,0.0,31.8,False,False,False,False,True,11.0,2,False,0.0,123.0,167,SPOKED,SPOKED,0.0,0.0,0.0,0.0,280.0,740.0,34.9,340.0,1.0
435.0,70.0,620.0,69.0,110.0,45.0,540.0,75.0,650.0,45.0,45.0,28.6,36.5,23.35,23.35,13.0,15,ALUMINIUM,34.0,49.0,54.0,330.0,350.0,16.0,18,False,False,135.0,2.0,1.0,1.1,0.9,1.2,1.0,0.9,734.0,56.0,734.0,56.0,1.0,2,False,1.0,1.0,68.0,50.0,0.0,31.8,False,False,False,False,True,10.0,1,False,0.0,123.0,167,SPOKED,SPOKED,0.0,0.0,0.0,0.0,280.0,750.0,34.9,350.0,1.0
430.0,55.0,640.0,66.0,95.0,45.0,560.0,73.5,660.0,45.0,45.0,28.6,36.5,23.35,30.0,13.0,15,ALUMINIUM,36.0,51.0,48.0,330.0,350.0,16.0,18,False,False,135.0,2.0,1.0,1.1,0.9,1.2,1.0,0.9,734.0,56.0,734.0,56.0,1.0,0,False,1.0,1.0,68.0,50.0,0.0,31.8,False,False,False,False,True,9.0,1,False,0.0,123.0,167,SPOKED,SPOKED,0.0,0.0,0.0,0.0,280.0,760.0,34.9,360.0,1.0
450.0,62.0,660.0,65.0,90.0,45.0,480.0,72.0,670.0,45.0,45.0,28.6,36.5,23.35,23.35,13.0,15,ALUMINIUM,38.0,53.0,46.0,330.0,350.0,16.0,18,False,False,135.0,2.0,1.0,1.1,0.9,1.2,1.0,0.9,734.0,56.0,734.0,56.0,1.0,1,False,1.0,1.0,68.0,50.0,0.0,31.8,False,False,False,False,True,12.0,1,False,0.0,123.0,167,SPOKED,SPOKED,0.0,0.0,0.0,0.0,280.0,720.0,34.9,320.0,1.0
442.0,68.0,600.0,70.0,115.0,45.0,510.0,74.5,620.0,45.0,45.0,28.6,36.5,23.35,30.0,13.0,15,ALUMINIUM,28.0,43.0,56.0,330.0,350.0,16.0,18,False,False,135.0,2.0,1.0,1.1,0.9,1.2,1.0,0.9,734.0,56.0,734.0,56.0,1.0,2,False,1.0,1.0,68.0,50.0,0.0,31.8,False,False,False,False,True,11.0,2,False,0.0,123.0,167,SPOKED,SPOKED,0.0,0.0,0.0,0.0,280.0,710.0,34.9,370.0,1.0
438.0,75.0,580.0,71.0,120.0,45.0,530.0,75.5,630.0,45.0,45.0,28.6,36.5,23.35,23.35,13.0,15,ALUMINIUM,26.0,41.0,58.0,330.0,350.0,16.0,18,False,False,135.0,2.0,1.0,1.1,0.9,1.2,1.0,0.9,734.0,56.0,734.0,56.0,1.0,0,False,1.0,1.0,68.0,50.0,0.0,31.8,False,False,False,False,True,10.0,1,False,0.0,123.0,167,SPOKED,SPOKED,0.0,0.0,0.0,0.0,280.0,770.0,34.9,380.0,1.0
445.0,60.0,620.0,68.0,100.0,45.0,550.0,73.5,640.0,45.0,45.0,28.6,36.5,23.35,30.0,13.0,15,ALUMINIUM,40.0,55.0,44.0,330.0,350.0,16.0,18,False,False,135.0,2.0,1.0,1.1,0.9,1.2,1.0,0.9,734.0,56.0,734.0,56.0,1.0,1,False,1.0,1.0,68.0,50.0,0.0,31.8,False,False,False,False,True,9.0,1,False,0.0,123.0,167,SPOKED,SPOKED,0.0,0.0,0.0,0.0,280.0,780.0,34.9,390.0,1.0
430.0,65.0,640.0,67.0,95.0,45.0,495.0,72.5,650.0,45.0,45.0,28.6,36.5,23.35,23.35,13.0,15,ALUMINIUM,42.0,57.0,42.0,330.0,350.0,16.0,18,False,False,135.0,2.0,1.0,1.1,0.9,1.2,1.0,0.9,734.0,56.0,734.0,56.0,1.0,2,False,1.0,1.0,68.0,50.0,0.0,31.8,False,False,False,False,True,11.0,1,False,0.0,123.0,167,SPOKED,SPOKED,0.0,0.0,0.0,0.0,280.0,700.0,34.9,400.0,1.0
450.0,70.0,620.0,69.0,110.0,45.0,525.0,74.0,660.0,45.0,45.0,28.6,36.5,23.35,30.0,13.0,15,ALUMINIUM,24.0,39.0,60.0,330.0,350.0,16.0,18,False,False,135.0,2.0,1.0,1.1,0.9,1.2,1.0,0.9,734.0,56.0,734.0,56.0,1.0,0,False,1.0,1.0,68.0,50.0,0.0,31.8,False,False,False,False,True,12.0,1,False,0.0,123.0,167,SPOKED,SPOKED,0.0,0.0,0.0,0.0,280.0,725.0,34.9,410.0,1.0
430.0,35.0,580.0,67.0,130.0,45.0,520.0,73.0,630.0,45.0,42.0,35.0,34.9,30.0,24.0,13.0,15.0,ALUMINIUM,35.0,45.0,45.0,330.0,350.0,16.0,18.0,False,False,135.0,2.0,0.9,1.1,0.9,1.2,1.0,0.9,680.0,91.0,680.0,91.0,1.0,1,False,1.0,1.0,68.0,45.0,0.0,31.8,False,True,False,False,True,11.0,1,False,0.0,123.0,255,SPOKED,SPOKED,0.0,0.0,80.0,80.0,280.0,80.0,34.9,700.0,1.0
425.0,38.0,590.0,66.5,140.0,50.0,540.0,74.0,635.0,42.0,43.0,36.0,35.0,32.0,25.0,13.0,16.0,CARBON,32.0,48.0,48.0,330.0,350.0,16.0,18.0,False,False,135.0,2.0,0.9,1.1,0.9,1.2,1.0,0.9,700.0,80.0,700.0,80.0,1.0,2,False,1.0,3.0,68.0,50.0,0.0,34.0,False,True,False,False,True,12.0,1,False,30.0,144.0,255,SPOKED,SPOKED,0.0,0.0,80.0,80.0,290.0,78.0,36.5,710.0,1.0
440.0,32.0,570.0,68.0,125.0,40.0,510.0,72.5,640.0,48.0,41.0,32.0,34.0,28.0,23.0,13.0,15.0,STEEL,38.0,42.0,55.0,330.0,350.0,16.0,18.0,False,False,135.0,2.0,0.9,1.1,0.9,1.2,1.0,0.9,680.0,95.0,680.0,95.0,1.0,0,False,1.0,1.0,68.0,44.0,0.0,32.0,False,True,False,False,True,10.0,2,False,0.0,128.0,255,SPOKED,SPOKED,0.0,0.0,80.0,80.0,270.0,82.0,35.0,720.0,1.0
415.0,40.0,610.0,66.0,150.0,55.0,550.0,73.5,620.0,42.0,44.0,38.0,34.9,31.0,22.0,13.0,15.0,CARBON,30.0,45.0,50.0,330.0,350.0,16.0,18.0,False,False,142.0,2.0,0.9,1.1,0.9,1.2,1.0,0.9,700.0,90.0,700.0,90.0,1.0,1,False,1.0,3.0,68.0,50.0,0.0,34.5,False,False,False,False,True,11.0,1,False,25.0,25.0,112,SPOKED,SPOKED,0.0,0.0,80.0,80.0,285.0,79.0,36.0,730.0,1.0
450.0,30.0,600.0,69.0,120.0,45.0,530.0,72.0,650.0,50.0,42.0,34.0,33.0,29.0,23.0,14.0,14.0,TITANIUM,36.0,44.0,47.0,330.0,350.0,16.0,18.0,False,False,137.0,2.0,0.9,1.1,0.9,1.2,1.0,0.9,660.0,92.0,660.0,92.0,1.0,2,False,1.0,1.0,70.0,48.0,0.0,33.0,False,True,False,False,True,10.0,1,False,0.0,100.0,200,SPOKED,SPOKED,0.0,0.0,80.0,80.0,275.0,75.0,35.5,690.0,1.0
420.0,36.0,615.0,68.0,135.0,50.0,540.0,73.5,632.0,46.0,43.0,36.0,35.0,31.0,24.0,13.5,15.5,ALUMINIUM,34.0,46.0,46.0,330.0,350.0,16.0,18.0,False,False,135.0,2.0,0.9,1.1,0.9,1.2,1.0,0.9,680.0,88.0,680.0,88.0,1.0,1,False,1.0,1.0,68.0,45.0,0.0,32.0,False,True,False,False,True,9.0,2,False,10.0,50.0,200,SPOKED,SPOKED,0.0,0.0,80.0,80.0,282.0,79.0,34.9,720.0,1.0
435.0,34.0,605.0,67.5,128.0,48.0,525.0,73.0,645.0,44.0,42.5,35.0,34.5,30.5,24.5,13.0,15.0,STEEL,36.5,47.5,47.0,330.0,350.0,16.0,18.0,False,False,135.0,2.0,0.9,1.1,0.9,1.2,1.0,0.9,675.0,90.0,675.0,90.0,1.0,0,False,1.0,1.0,68.0,44.5,0.0,33.0,True,True,False,False,True,11.0,1,False,25.0,100.0,255,SPOKED,SPOKED,0.0,0.0,80.0,80.0,288.0,77.0,36.0,700.0,1.0
400.0,42.0,565.0,68.5,115.0,43.0,515.0,72.0,625.0,43.0,41.0,34.0,33.5,29.5,23.5,13.0,15.0,BAMBOO,33.0,43.0,45.0,330.0,350.0,16.0,18.0,False,False,135.0,2.0,0.9,1.1,0.9,1.2,1.0,0.9,680.0,100.0,680.0,100.0,1.0,2,False,1.0,2.0,68.0,45.0,0.0,32.0,False,False,True,False,True,12.0,1,True,0.0,191.0,255,SPOKED,SPOKED,0.0,0.0,80.0,80.0,280.0,80.0,35.0,710.0,1.0
460.0,33.0,595.0,67.2,132.0,47.0,550.0,72.8,655.0,47.0,44.0,37.0,36.0,32.0,25.0,13.0,15.0,ALUMINIUM,34.0,47.0,49.0,330.0,350.0,16.0,18.0,False,False,135.0,2.0,0.9,1.1,0.9,1.2,1.0,0.9,700.0,95.0,700.0,95.0,1.0,1,False,1.0,3.0,70.0,48.0,0.0,34.0,True,False,False,True,True,11.0,2,False,70.0,130.0,180,SPOKED,SPOKED,0.0,0.0,80.0,80.0,300.0,78.0,37.0,700.0,1.0
410.0,37.0,575.0,68.8,138.0,50.0,530.0,74.2,638.0,44.0,42.0,35.5,34.5,30.0,24.0,13.0,15.0,CARBON,32.0,46.0,48.0,330.0,350.0,16.0,18.0,False,False,135.0,2.0,0.9,1.1,0.9,1.2,1.0,0.9,690.0,85.0,690.0,85.0,1.0,1,False,1.0,1.0,68.0,45.0,0.0,32.5,False,True,True,False,True,10.0,1,False,0.0,128.0,200,SPOKED,SPOKED,0.0,0.0,80.0,80.0,278.0,81.0,35.5,705.0,1.0
430.0,65.0,600.0,67.5,140.0,40.0,550.0,74.0,640.0,45.0,40.0,32.0,34.0,30.0,28.0,13.0,9.0,CARBON,25.0,50.0,35.0,330.0,350.0,16.0,18.0,False,False,135.0,0.9,0.9,1.1,0.9,1.0,0.9,0.9,700.0,78.0,700.0,78.0,1.0,1,False,1.0,1.0,68.0,45.0,0.0,34.9,False,True,False,False,True,12.0,1,False,0.0,125.0,255,SPOKED,SPOKED,0.0,0.0,0.0,0.0,280.0,720.0,34.9,300.0,1.0
440.0,70.0,620.0,68.0,160.0,42.0,560.0,73.5,645.0,47.0,42.0,32.0,35.0,30.0,29.0,13.0,9.0,ALUMINIUM,30.0,55.0,38.0,330.0,350.0,16.0,18.0,False,False,135.0,2.0,1.8,2.0,1.8,1.5,1.5,1.8,650.0,50.0,650.0,50.0,1.0,0,False,1.0,1.0,70.0,40.0,0.0,34.9,True,True,False,False,True,11.0,2,False,10.0,145.0,230,SPOKED,SPOKED,0.0,0.0,0.0,0.0,270.0,730.0,32.0,320.0,1.0
420.0,60.0,580.0,66.5,150.0,38.0,570.0,72.5,655.0,50.0,50.0,35.0,36.5,31.5,29.5,13.0,9.0,STEEL,32.0,52.0,40.0,330.0,350.0,18.0,20.0,True,False,148.0,2.5,1.5,2.5,1.5,1.2,1.2,1.5,700.0,80.0,700.0,80.0,1.0,1,False,1.0,3.0,73.0,50.0,0.0,36.5,True,True,True,False,True,12.0,1,False,20.0,140.0,240,DISC,DISC,0.0,0.0,0.0,0.0,260.0,710.0,36.5,330.0,1.0
450.0,55.0,620.0,68.0,180.0,50.0,530.0,75.0,630.0,42.0,40.0,30.0,34.0,32.0,27.0,13.0,9.0,TITANIUM,35.0,45.0,45.0,330.0,350.0,16.0,18.0,False,True,142.0,1.8,1.5,1.8,1.5,1.2,1.2,1.5,650.0,50.0,650.0,50.0,1.0,2,False,1.0,1.0,68.0,45.0,0.0,34.9,False,True,False,False,True,11.0,2,True,0.0,120.0,230,SPOKED,SPOKED,0.0,0.0,0.0,0.0,275.0,725.0,34.9,350.0,1.0
460.0,60.0,640.0,69.0,160.0,45.0,540.0,73.0,650.0,48.0,45.0,32.0,34.0,30.0,28.0,13.0,9.0,CARBON,28.0,50.0,37.0,330.0,350.0,18.0,20.0,True,True,135.0,0.9,0.9,1.1,0.9,1.0,0.9,0.9,650.0,60.0,650.0,60.0,1.0,1,False,1.0,3.0,68.0,45.0,0.0,34.9,True,True,False,False,True,12.0,1,False,30.0,130.0,250,DISC,SPOKED,0.0,0.0,0.0,0.0,265.0,715.0,36.5,310.0,0.0
470.0,68.0,610.0,67.0,135.0,42.0,580.0,74.5,635.0,44.0,40.0,33.0,35.0,31.0,29.0,13.0,9.0,BAMBOO,27.0,53.0,36.0,330.0,350.0,16.0,18.0,False,False,142.0,2.0,1.2,1.5,1.2,1.0,1.0,1.2,700.0,80.0,700.0,80.0,1.0,0,False,1.0,2.0,70.0,45.0,0.0,35.0,False,True,True,True,True,10.0,2,True,50.0,120.0,255,SPOKED,DISC,0.0,0.0,0.0,0.0,280.0,735.0,32.0,340.0,1.0
425.0,58.0,590.0,66.0,120.0,38.0,560.0,75.0,660.0,46.0,42.0,32.0,34.0,30.0,28.0,13.0,9.0,ALUMINIUM,26.0,50.0,35.0,330.0,350.0,16.0,18.0,True,True,148.0,2.0,1.8,2.0,1.8,1.5,1.5,1.8,690.0,80.0,690.0,80.0,1.0,2,False,1.0,3.0,68.0,50.0,0.0,36.5,True,True,True,False,True,12.0,1,False,10.0,150.0,240,DISC,DISC,0.0,0.0,0.0,0.0,265.0,740.0,36.5,300.0,1.0
480.0,62.0,605.0,68.5,155.0,44.0,550.0,74.0,640.0,45.0,42.0,31.8,35.0,30.0,29.0,13.0,9.0,STEEL,29.0,55.0,39.0,330.0,350.0,16.0,18.0,True,True,142.0,2.5,1.5,2.5,1.5,1.2,1.2,1.5,650.0,60.0,650.0,60.0,1.0,0,False,1.0,1.0,70.0,45.0,0.0,35.0,False,True,False,False,True,10.0,2,False,0.0,130.0,255,SPOKED,SPOKED,0.0,0.0,0.0,0.0,270.0,718.0,34.0,330.0,1.0
390.0,50.0,570.0,65.5,125.0,30.0,520.0,75.5,670.0,50.0,35.0,28.6,33.0,29.0,25.4,13.0,9.0,CARBON,24.0,45.0,33.0,330.0,350.0,18.0,20.0,False,False,148.0,0.9,0.9,1.1,0.9,1.0,0.9,0.9,700.0,90.0,700.0,90.0,1.0,2,False,1.0,3.0,70.0,50.0,0.0,33.6,False,True,False,False,True,12.0,1,False,0.0,120.0,250,TRISPOKE,SPOKED,1.0,0.0,20.0,0.0,280.0,725.0,34.9,300.0,0.0
410.0,63.0,600.0,68.0,145.0,42.0,555.0,74.0,650.0,46.0,40.0,31.8,35.0,30.0,28.0,13.0,9.0,STEEL,30.0,52.0,38.0,330.0,350.0,16.0,18.0,True,True,135.0,2.5,1.5,2.5,1.5,1.2,1.2,1.5,650.0,60.0,650.0,60.0,1.0,1,False,1.0,2.0,68.0,45.0,0.0,34.9,True,True,False,False,True,12.0,1,False,15.0,140.0,245,SPOKED,TRISPOKE,0.0,1.0,0.0,22.0,270.0,740.0,34.9,320.0,1.0
440.0,40.0,620.0,66.5,120.0,50.0,520.0,73.0,630.0,45.0,45.0,28.0,36.5,23.35,23.35,13.0,15.0,ALUMINIUM,25.0,45.0,45.0,330.0,350.0,16.0,18.0,False,False,142.0,2.0,0.9,1.1,0.9,1.2,1.0,0.9,736.6,114.0,736.6,114.0,1.0,0,False,1.0,1.0,73.0,45.0,0.0,31.8,True,True,False,False,True,12.0,1,False,0.0,123.0,167,SPOKED,SPOKED,0.0,0.0,80.0,80.0,278.0,650.0,34.9,300.0,1.0
435.0,50.0,610.0,67.0,110.0,55.0,540.0,72.5,615.0,45.0,45.0,28.0,36.5,23.35,23.35,13.0,15.0,CARBON,20.0,50.0,40.0,330.0,350.0,16.0,18.0,True,True,142.0,2.0,0.9,1.1,0.9,1.2,1.0,0.9,736.6,114.0,736.6,114.0,1.0,0,False,1.0,1.0,73.0,45.0,0.0,31.8,True,True,False,False,True,11.0,1,False,10.0,130.0,180,SPOKED,SPOKED,0.0,0.0,80.0,80.0,280.0,660.0,34.9,320.0,1.0
450.0,60.0,640.0,66.0,140.0,60.0,560.0,74.0,640.0,45.0,45.0,28.0,36.5,23.35,23.35,13.0,15.0,STEEL,30.0,55.0,35.0,330.0,350.0,16.0,18.0,True,False,142.0,2.0,0.9,1.1,0.9,1.2,1.0,0.9,698.5,50.0,698.5,50.0,1.0,0,False,1.0,1.0,73.0,45.0,0.0,31.8,True,True,False,False,True,10.0,1,False,0.0,100.0,150,SPOKED,SPOKED,0.0,0.0,80.0,80.0,300.0,670.0,34.9,310.0,1.0
430.0,45.0,625.0,66.8,125.0,48.0,530.0,73.5,625.0,45.0,45.0,28.0,36.5,23.35,23.35,13.0,15.0,TITANIUM,22.0,46.0,48.0,330.0,350.0,16.0,18.0,False,True,142.0,2.0,0.9,1.1,0.9,1.2,1.0,0.9,736.6,114.0,736.6,114.0,1.0,0,False,1.0,1.0,73.0,45.0,0.0,31.8,True,True,False,False,True,12.0,1,False,30.0,144.0,255,SPOKED,SPOKED,0.0,0.0,80.0,80.0,265.0,655.0,34.9,330.0,1.0
455.0,40.0,635.0,67.2,115.0,52.0,550.0,73.0,635.0,45.0,45.0,28.0,36.5,23.35,23.35,13.0,15.0,BAMBOO,28.0,47.0,42.0,330.0,350.0,16.0,18.0,True,False,142.0,2.0,0.9,1.1,0.9,1.2,1.0,0.9,698.5,50.0,698.5,50.0,1.0,0,False,1.0,1.0,73.0,45.0,0.0,31.8,True,True,False,False,True,11.0,1,False,0.0,156.0,222,SPOKED,SPOKED,0.0,0.0,80.0,80.0,290.0,680.0,34.9,340.0,1.0
445.0,50.0,620.0,67.5,130.0,50.0,540.0,72.0,620.0,45.0,45.0,28.0,36.5,23.35,23.35,13.0,15.0,ALUMINIUM,26.0,48.0,38.0,330.0,350.0,16.0,18.0,False,False,142.0,2.0,0.9,1.1,0.9,1.2,1.0,0.9,736.6,114.0,736.6,114.0,1.0,0,False,1.0,1.0,73.0,45.0,0.0,31.8,True,True,False,False,True,12.0,1,False,5.0,100.0,200,SPOKED,SPOKED,0.0,0.0,80.0,80.0,275.0,645.0,34.9,300.0,1.0
460.0,55.0,650.0,68.0,118.0,58.0,560.0,73.8,650.0,45.0,45.0,28.0,36.5,23.35,23.35,13.0,15.0,CARBON,32.0,52.0,44.0,330.0,350.0,16.0,18.0,True,True,142.0,2.0,0.9,1.1,0.9,1.2,1.0,0.9,698.5,50.0,698.5,50.0,1.0,0,False,1.0,1.0,73.0,45.0,0.0,31.8,True,True,False,False,True,10.0,1,False,15.0,110.0,190,SPOKED,SPOKED,0.0,0.0,80.0,80.0,285.0,690.0,34.9,315.0,1.0
435.0,45.0,605.0,66.2,135.0,54.0,530.0,72.3,605.0,45.0,45.0,28.0,36.5,23.35,23.35,13.0,15.0,STEEL,24.0,49.0,41.0,330.0,350.0,16.0,18.0,False,True,142.0,2.0,0.9,1.1,0.9,1.2,1.0,0.9,736.6,114.0,736.6,114.0,1.0,0,False,1.0,1.0,73.0,45.0,0.0,31.8,True,True,False,False,True,11.0,1,False,20.0,140.0,210,SPOKED,SPOKED,0.0,0.0,80.0,80.0,270.0,660.0,34.9,320.0,1.0
450.0,50.0,620.0,65.5,145.0,50.0,520.0,74.0,620.0,45.0,45.0,28.0,36.5,23.35,23.35,13.0,15.0,TITANIUM,27.0,51.0,43.0,330.0,350.0,16.0,18.0,True,False,142.0,2.0,0.9,1.1,0.9,1.2,1.0,0.9,698.5,50.0,698.5,50.0,1.0,0,False,1.0,1.0,73.0,45.0,0.0,31.8,True,True,False,False,True,12.0,1,False,0.0,120.0,200,SPOKED,SPOKED,0.0,0.0,80.0,80.0,260.0,675.0,34.9,325.0,1.0
455.0,48.0,630.0,67.8,132.0,53.0,550.0,73.2,630.0,45.0,45.0,28.0,36.5,23.35,23.35,13.0,15.0,BAMBOO,29.0,53.0,39.0,330.0,350.0,16.0,18.0,False,True,142.0,2.0,0.9,1.1,0.9,1.2,1.0,0.9,736.6,114.0,736.6,114.0,1.0,0,False,1.0,1.0,73.0,45.0,0.0,31.8,True,True,False,False,True,11.0,1,False,10.0,140.0,230,SPOKED,SPOKED,0.0,0.0,80.0,80.0,275.0,665.0,34.9,335.0,1.0
435.0,50.0,610.0,66.0,150.0,45.0,550.0,73.5,645.0,50.0,45.0,30.0,28.0,36.5,36.5,13.0,15.0,CARBON,33.0,32.0,43.0,330.0,350.0,16.0,18.0,False,False,135.0,2.0,0.9,1.1,0.9,1.2,1.0,0.9,680.0,60.0,680.0,60.0,1.0,0,False,1.0,1.0,68.0,45.0,0.0,31.8,False,False,False,False,True,12.0,1,False,70.0,130.0,200,SPOKED,SPOKED,1.0,1.0,80.0,80.0,300.0,780.0,34.9,380.0,1.0
445.0,55.0,620.0,65.5,140.0,45.0,560.0,74.0,635.0,52.0,45.0,32.0,29.0,37.0,37.0,13.0,15.0,ALUMINIUM,34.0,33.0,44.0,330.0,350.0,16.0,18.0,False,False,135.0,2.0,0.9,1.1,0.9,1.2,1.0,0.9,674.0,60.0,674.0,60.0,1.0,1,False,1.0,1.0,68.0,44.0,0.0,32.0,False,False,False,False,True,11.0,2,False,70.0,130.0,200,SPOKED,SPOKED,1.0,1.0,80.0,80.0,295.0,770.0,34.5,390.0,1.0
430.0,48.0,600.0,66.5,155.0,45.0,530.0,73.0,650.0,48.0,45.0,31.0,29.0,36.5,36.5,13.0,15.0,CARBON,33.0,32.0,43.0,330.0,350.0,16.0,18.0,False,False,135.0,2.0,0.9,1.1,0.9,1.2,1.0,0.9,680.0,65.0,680.0,65.0,1.0,2,False,1.0,1.0,68.0,46.0,0.0,31.8,False,False,False,False,True,12.0,1,False,70.0,130.0,200,SPOKED,SPOKED,1.0,1.0,80.0,80.0,305.0,790.0,34.9,400.0,1.0
445.0,52.0,630.0,65.0,145.0,45.0,540.0,74.0,640.0,54.0,45.0,30.5,28.5,37.0,37.0,13.0,15.0,ALUMINIUM,33.5,32.5,43.5,330.0,350.0,16.0,18.0,False,False,135.0,2.0,0.9,1.1,0.9,1.2,1.0,0.9,674.0,60.0,674.0,60.0,1.0,1,False,1.0,1.0,68.0,45.5,0.0,32.0,False,False,False,False,True,11.0,2,False,70.0,130.0,200,SPOKED,SPOKED,1.0,1.0,80.0,80.0,290.0,760.0,34.5,385.0,1.0
440.0,49.0,615.0,66.8,160.0,45.0,580.0,73.2,655.0,50.0,45.0,30.0,29.5,36.5,36.5,13.0,15.0,CARBON,33.0,32.0,43.0,330.0,350.0,16.0,18.0,False,False,135.0,2.0,0.9,1.1,0.9,1.2,1.0,0.9,680.0,58.0,680.0,58.0,1.0,0,False,1.0,1.0,68.0,45.0,0.0,31.8,False,False,False,False,True,12.0,1,False,70.0,130.0,200,SPOKED,SPOKED,1.0,1.0,80.0,80.0,310.0,800.0,34.9,395.0,1.0
450.0,60.0,635.0,65.2,130.0,45.0,520.0,73.8,630.0,53.0,45.0,31.5,28.0,36.5,36.5,13.0,15.0,ALUMINIUM,32.0,31.0,44.0,330.0,350.0,16.0,18.0,False,False,135.0,2.0,0.9,1.1,0.9,1.2,1.0,0.9,674.0,62.0,674.0,62.0,1.0,2,False,1.0,1.0,68.0,44.0,0.0,31.8,False,False,False,False,True,10.0,2,False,70.0,130.0,200,SPOKED,SPOKED,1.0,1.0,80.0,80.0,300.0,765.0,34.5,385.0,1.0
438.0,47.0,590.0,67.0,160.0,45.0,545.0,73.0,655.0,50.0,45.0,30.0,29.0,36.5,36.5,13.0,15.0,CARBON,35.0,33.0,42.0,330.0,350.0,16.0,18.0,False,False,135.0,2.0,0.9,1.1,0.9,1.2,1.0,0.9,680.0,60.0,680.0,60.0,1.0,1,False,1.0,1.0,68.0,47.0,0.0,31.8,False,False,False,False,True,12.0,1,False,70.0,130.0,200,SPOKED,SPOKED,1.0,1.0,80.0,80.0,295.0,775.0,34.9,390.0,1.0
442.0,53.0,605.0,66.2,150.0,45.0,555.0,73.4,648.0,51.0,45.0,29.5,28.5,36.5,36.5,13.0,15.0,ALUMINIUM,34.5,32.5,43.5,330.0,350.0,16.0,18.0,False,False,135.0,2.0,0.9,1.1,0.9,1.2,1.0,0.9,674.0,59.0,674.0,59.0,1.0,0,False,1.0,1.0,68.0,45.0,0.0,32.0,False,False,False,False,True,11.0,2,False,70.0,130.0,200,SPOKED,SPOKED,1.0,1.0,80.0,80.0,300.0,780.0,34.5,395.0,1.0
448.0,46.0,620.0,66.7,135.0,45.0,570.0,73.6,660.0,49.0,45.0,31.0,29.0,36.5,36.5,13.0,15.0,CARBON,33.0,32.0,43.0,330.0,350.0,16.0,18.0,False,False,135.0,2.0,0.9,1.1,0.9,1.2,1.0,0.9,680.0,60.0,680.0,60.0,1.0,2,False,1.0,1.0,68.0,46.0,0.0,31.8,False,False,False,False,True,12.0,1,False,70.0,130.0,200,SPOKED,SPOKED,1.0,1.0,80.0,80.0,308.0,795.0,34.9,400.0,1.0
432.0,51.0,625.0,65.9,148.0,45.0,530.0,73.3,638.0,52.0,45.0,30.0,28.8,36.5,36.5,13.0,15.0,ALUMINIUM,33.5,32.5,43.5,330.0,350.0,16.0,18.0,False,False,135.0,2.0,0.9,1.1,0.9,1.2,1.0,0.9,674.0,61.0,674.0,61.0,1.0,1,False,1.0,1.0,68.0,45.0,0.0,32.0,False,False,False,False,True,11.0,2,False,70.0,130.0,200,SPOKED,SPOKED,1.0,1.0,80.0,80.0,300.0,785.0,34.5,390.0,1.0
450.0,30.0,600.0,67.0,120.0,45.0,550.0,73.0,620.0,40.0,40.0,28.6,36.5,30.0,25.0,14.0,9.0,ALUMINIUM,45.0,60.0,45.0,300.0,300.0,16.0,18.0,False,False,135.0,2.0,2.0,2.5,2.0,2.0,2.0,2.0,732.0,55.0,732.0,55.0,1.0,1,False,1.0,1.0,68.0,50.0,0.0,30.0,True,True,False,False,False,12.0,1,False,0.0,123.0,167.0,SPOKED,SPOKED,0.0,0.0,80.0,80.0,280.0,760.0,36.5,300.0,1.0
455.0,32.0,610.0,68.0,110.0,48.0,545.0,72.0,610.0,42.0,40.0,28.6,36.5,30.0,25.0,15.0,8.0,CARBON,40.0,58.0,40.0,300.0,300.0,16.0,18.0,False,False,135.0,1.8,1.8,2.0,1.8,1.8,1.8,1.8,732.0,50.0,732.0,50.0,1.0,2,False,1.0,1.0,68.0,50.0,0.0,30.0,False,True,False,False,False,11.0,2,True,10.0,130.0,180.0,SPOKED,SPOKED,0.0,0.0,80.0,80.0,285.0,755.0,36.5,300.0,1.0
460.0,35.0,590.0,66.0,130.0,42.0,565.0,74.0,630.0,38.0,40.0,28.6,36.5,30.0,25.0,13.0,9.0,STEEL,50.0,65.0,42.0,300.0,300.0,16.0,18.0,False,False,135.0,2.2,2.2,2.5,2.2,2.2,2.2,2.2,732.0,55.0,732.0,55.0,1.0,0,False,1.0,1.0,68.0,50.0,0.0,30.0,True,True,False,False,False,10.0,3,False,20.0,100.0,150.0,SPOKED,SPOKED,0.0,0.0,80.0,80.0,275.0,770.0,36.5,300.0,1.0
440.0,32.0,610.0,67.5,115.0,46.0,555.0,73.5,625.0,41.0,40.0,28.6,36.5,30.0,25.0,14.0,10.0,BAMBOO,48.0,62.0,47.0,300.0,300.0,16.0,18.0,False,False,135.0,2.5,2.5,2.5,2.5,2.5,2.5,2.5,732.0,55.0,732.0,55.0,1.0,1,False,1.0,1.0,68.0,50.0,0.0,30.0,True,True,True,False,False,12.0,2,True,30.0,140.0,160.0,SPOKED,SPOKED,0.0,0.0,80.0,80.0,282.0,765.0,36.5,300.0,1.0
452.0,34.0,580.0,68.5,105.0,44.0,560.0,72.5,605.0,43.0,40.0,28.6,36.5,30.0,25.0,14.0,9.0,TITANIUM,46.0,64.0,43.0,300.0,300.0,16.0,18.0,False,False,135.0,2.1,2.1,2.5,2.1,2.1,2.1,2.1,732.0,55.0,732.0,55.0,1.0,2,False,1.0,1.0,68.0,50.0,0.0,30.0,False,True,True,False,False,11.0,1,False,50.0,150.0,200.0,SPOKED,SPOKED,0.0,0.0,80.0,80.0,278.0,750.0,36.5,300.0,1.0
447.0,28.0,595.0,66.5,125.0,49.0,548.0,73.0,615.0,39.0,40.0,28.6,36.5,30.0,25.0,13.0,9.0,ALUMINIUM,47.0,61.0,44.0,300.0,300.0,16.0,18.0,False,False,135.0,1.9,1.9,2.5,1.9,1.9,1.9,1.9,732.0,55.0,732.0,55.0,1.0,0,False,1.0,1.0,68.0,50.0,0.0,30.0,True,False,False,False,False,9.0,2,False,0.0,123.0,167.0,SPOKED,SPOKED,0.0,0.0,80.0,80.0,276.0,755.0,36.5,300.0,1.0
458.0,31.0,605.0,67.2,118.0,47.0,552.0,74.0,628.0,40.0,40.0,28.6,36.5,30.0,25.0,14.0,8.0,CARBON,49.0,63.0,46.0,300.0,300.0,16.0,18.0,False,False,135.0,1.8,1.8,2.5,1.8,1.8,1.8,1.8,732.0,55.0,732.0,55.0,1.0,1,False,1.0,1.0,68.0,50.0,0.0,30.0,False,True,True,False,False,12.0,3,True,5.0,110.0,150.0,SPOKED,SPOKED,0.0,0.0,80.0,80.0,281.0,768.0,36.5,300.0,1.0
443.0,29.0,585.0,68.8,112.0,43.0,558.0,72.8,618.0,42.0,40.0,28.6,36.5,30.0,25.0,14.0,9.0,ALUMINIUM,46.0,60.0,45.0,300.0,300.0,16.0,18.0,False,False,135.0,2.0,2.0,2.5,2.0,2.0,2.0,2.0,732.0,55.0,732.0,55.0,1.0,2,False,1.0,1.0,68.0,50.0,0.0,30.0,False,False,False,False,False,11.0,2,False,10.0,130.0,180.0,SPOKED,SPOKED,0.0,0.0,80.0,80.0,279.0,760.0,36.5,300.0,1.0
462.0,33.0,598.0,67.8,108.0,45.0,547.0,73.3,622.0,41.0,40.0,28.6,36.5,30.0,25.0,15.0,8.0,CARBON,44.0,62.0,47.0,300.0,300.0,16.0,18.0,False,False,135.0,2.2,2.2,2.5,2.2,2.2,2.2,2.2,732.0,55.0,732.0,55.0,1.0,1,False,1.0,1.0,68.0,50.0,0.0,30.0,False,True,True,False,False,12.0,2,True,25.0,140.0,170.0,SPOKED,SPOKED,0.0,0.0,80.0,80.0,283.0,765.0,36.5,300.0,1.0
448.0,30.0,590.0,66.7,122.0,46.0,559.0,72.2,629.0,39.0,40.0,28.6,36.5,30.0,25.0,14.0,8.0,STEEL,47.0,61.0,45.0,300.0,300.0,16.0,18.0,False,False,135.0,2.3,2.3,2.5,2.3,2.3,2.3,2.3,732.0,55.0,732.0,55.0,1.0,0,False,1.0,1.0,68.0,50.0,0.0,30.0,True,True,False,False,False,10.0,3,False,0.0,100.0,140.0,SPOKED,SPOKED,0.0,0.0,80.0,80.0,284.0,758.0,36.5,300.0,1.0
420.0,50.0,600.0,68.0,140.0,45.0,550.0,73.0,650.0,45.0,50.0,36.5,36.5,36.5,30.0,14.0,15.0,CARBON,20.0,15.0,45.0,0.0,0.0,0.0,0.0,False,False,135.0,2.0,2.0,2.0,2.0,2.0,2.0,2.0,740.0,100.0,740.0,100.0,1.0,1,False,1.0,1.0,68.0,45.0,0.0,36.5,True,True,False,False,True,12.0,1,False,0.0,123.0,167,SPOKED,TRISPOKE,0.0,1.0,0.0,60.0,270.0,700.0,40.0,300.0,1.0
430.0,55.0,610.0,67.5,145.0,50.0,560.0,72.5,660.0,50.0,52.0,38.0,38.0,37.0,29.0,15.0,16.0,ALUMINIUM,22.0,16.0,46.0,0.0,0.0,0.0,0.0,False,False,142.0,2.0,2.0,2.0,2.0,2.0,2.0,2.0,740.0,100.0,740.0,100.0,1.0,2,False,1.0,1.0,70.0,48.0,0.0,38.0,True,True,True,False,True,11.0,1,False,100.0,150.0,200,DISC,DISC,0.0,0.0,0.0,0.0,275.0,680.0,42.0,320.0,1.0
415.0,48.0,590.0,69.0,135.0,47.0,548.0,73.5,645.0,46.0,50.0,36.0,36.0,35.0,30.0,14.5,14.0,CARBON,18.0,14.0,48.0,0.0,0.0,0.0,0.0,False,False,135.0,2.0,2.0,2.0,2.0,2.0,2.0,2.0,750.0,110.0,750.0,110.0,1.0,0,False,1.0,3.0,68.0,44.0,0.0,36.0,True,True,False,True,True,12.0,2,False,50.0,200.0,220,SPOKED,SPOKED,0.0,0.0,0.0,0.0,260.0,690.0,38.0,280.0,1.0
425.0,52.0,605.0,68.5,142.0,48.0,555.0,73.0,655.0,47.0,52.0,37.0,37.0,36.5,32.0,15.0,15.5,BAMBOO,21.0,15.5,47.0,0.0,0.0,0.0,0.0,False,False,140.0,2.0,2.0,2.0,2.0,2.0,2.0,2.0,740.0,100.0,740.0,100.0,1.0,1,False,1.0,1.0,68.0,46.0,0.0,36.5,True,False,True,False,True,10.0,1,False,0.0,100.0,200,TRISPOKE,TRISPOKE,1.0,1.0,50.0,50.0,280.0,710.0,40.0,310.0,1.0
430.0,53.0,595.0,67.0,138.0,46.0,555.0,72.0,648.0,44.0,50.0,36.5,36.5,36.0,29.5,14.0,14.5,STEEL,19.0,14.5,46.5,0.0,0.0,0.0,0.0,False,False,135.0,2.2,2.2,2.2,2.2,2.2,2.2,2.2,700.0,75.0,700.0,75.0,1.0,1,False,1.0,1.0,68.0,45.0,0.0,36.0,True,True,False,True,True,11.0,1,False,150.0,75.0,0,DISC,TRISPOKE,0.0,1.0,0.0,60.0,265.0,700.0,38.0,305.0,1.0
418.0,49.0,598.0,68.2,139.0,47.5,552.0,73.2,653.0,46.5,50.0,36.5,36.5,35.5,30.5,14.8,15.2,TITANIUM,20.5,15.2,45.5,0.0,0.0,0.0,0.0,False,False,137.0,1.8,1.8,1.8,1.8,1.8,1.8,1.8,740.0,100.0,740.0,100.0,1.0,2,False,1.0,1.0,68.0,45.5,0.0,36.5,False,True,True,False,True,12.0,1,False,255.0,182.0,193,SPOKED,SPOKED,0.0,0.0,0.0,0.0,270.0,695.0,40.0,300.0,1.0
435.0,51.0,602.0,69.0,142.0,49.0,558.0,73.5,658.0,45.5,50.0,36.0,36.0,36.0,30.0,15.0,15.0,CARBON,21.0,15.0,46.0,0.0,0.0,0.0,0.0,False,False,136.0,1.8,1.8,1.8,1.8,1.8,1.8,1.8,745.0,105.0,745.0,105.0,1.0,0,False,1.0,1.0,68.0,44.5,0.0,36.0,True,False,False,False,False,0.0,1,False,10.0,100.0,200,TRISPOKE,DISC,1.0,0.0,65.0,0.0,275.0,705.0,39.0,310.0,1.0
422.0,50.0,600.0,68.0,140.0,45.0,552.0,73.0,650.0,45.0,50.0,36.5,36.5,36.0,30.0,14.0,15.0,ALUMINIUM,20.0,15.0,45.0,0.0,0.0,0.0,0.0,False,False,135.0,2.0,2.0,2.0,2.0,2.0,2.0,2.0,730.0,90.0,730.0,90.0,1.0,1,False,1.0,1.0,68.0,45.0,0.0,36.0,True,True,False,False,True,10.0,1,False,0.0,200.0,100,SPOKED,SPOKED,0.0,0.0,0.0,0.0,265.0,690.0,38.0,300.0,1.0
440.0,56.0,620.0,66.0,150.0,50.0,565.0,72.0,670.0,48.0,50.0,37.0,37.0,36.5,32.0,16.0,16.0,OTHER,23.0,17.0,47.0,0.0,0.0,0.0,0.0,False,False,148.0,2.0,2.0,2.0,2.0,2.0,2.0,2.0,745.0,105.0,745.0,105.0,1.0,1,False,1.0,1.0,68.0,47.0,0.0,37.0,True,False,True,True,True,10.0,2,False,10.0,10.0,10,TRISPOKE,TRISPOKE,1.0,1.0,70.0,70.0,280.0,720.0,41.0,320.0,1.0
428.0,54.0,597.0,68.8,141.0,47.0,553.0,73.1,652.0,46.0,50.0,36.5,36.5,35.8,29.8,14.3,15.1,STEEL,20.8,15.1,45.8,0.0,0.0,0.0,0.0,False,False,139.0,2.2,2.2,2.2,2.2,2.2,2.2,2.2,740.0,100.0,740.0,100.0,1.0,2,False,1.0,1.0,68.0,45.0,0.0,36.5,False,True,False,False,True,12.0,1,False,200.0,0.0,100,SPOKED,SPOKED,0.0,0.0,0.0,0.0,270.0,698.0,40.0,295.0,1.0
430.0,55.0,580.0,68.0,110.0,45.0,480.0,74.0,600.0,45.0,48.0,28.6,36.5,30.0,25.0,12.0,15.0,ALUMINIUM,25.0,40.0,40.0,0.0,0.0,0.0,0.0,False,False,135.0,2.0,0.9,1.1,1.1,0.9,0.9,1.1,680.0,55.0,680.0,55.0,1.0,0,False,1.0,1.0,68.0,45.0,0.0,35.0,True,True,False,False,True,12.0,1,False,20.0,90.0,150.0,SPOKED,SPOKED,0.0,0.0,0.0,0.0,280.0,760.0,34.9,350.0,1.0
450.0,60.0,590.0,67.5,120.0,50.0,500.0,73.5,620.0,42.0,48.0,28.6,38.5,30.0,25.0,13.0,15.0,CARBON,27.0,42.0,45.0,0.0,0.0,0.0,0.0,False,False,135.0,2.0,0.9,1.1,1.1,0.9,0.9,1.1,740.0,50.0,740.0,50.0,1.0,1,False,1.0,3.0,73.0,50.0,0.0,31.8,True,True,True,False,True,12.0,2,False,30.0,100.0,180.0,SPOKED,SPOKED,0.0,0.0,0.0,0.0,280.0,780.0,34.9,350.0,1.0
420.0,50.0,570.0,69.0,100.0,48.0,470.0,74.0,605.0,47.0,49.0,31.8,40.0,33.0,27.0,12.5,16.0,STEEL,24.0,38.0,42.0,0.0,0.0,0.0,0.0,False,False,142.0,2.0,1.1,1.4,1.4,1.1,1.1,1.4,700.0,52.0,700.0,52.0,1.0,2,False,1.0,1.0,68.0,45.0,0.0,35.0,True,True,False,False,True,10.0,1,False,40.0,120.0,200.0,SPOKED,SPOKED,0.0,0.0,0.0,0.0,270.0,750.0,34.9,340.0,1.0
460.0,60.0,600.0,66.0,125.0,55.0,520.0,73.0,630.0,44.0,48.0,28.6,38.0,32.0,26.0,14.0,15.0,TITANIUM,30.0,45.0,47.0,0.0,0.0,0.0,0.0,False,False,148.0,2.0,0.9,1.1,1.2,0.9,0.9,1.1,650.0,52.0,650.0,52.0,1.0,1,False,1.0,1.0,73.0,38.0,0.0,34.9,True,False,True,False,True,11.0,2,False,22.0,80.0,170.0,SPOKED,SPOKED,0.0,0.0,0.0,0.0,285.0,770.0,34.9,380.0,1.0
440.0,55.0,580.0,68.5,115.0,50.0,490.0,74.0,615.0,46.0,49.0,31.8,39.0,32.0,26.0,13.0,15.0,ALUMINIUM,26.0,40.0,43.0,0.0,0.0,0.0,0.0,False,False,142.0,2.0,1.0,1.2,1.2,1.0,1.0,1.2,680.0,55.0,680.0,55.0,1.0,0,False,1.0,3.0,68.0,45.0,0.0,31.8,False,True,False,True,True,12.0,1,False,10.0,100.0,160.0,SPOKED,DISC,0.0,0.0,0.0,0.0,290.0,765.0,34.9,360.0,1.0
480.0,70.0,600.0,67.0,130.0,60.0,530.0,73.0,635.0,43.0,47.0,30.0,37.0,30.0,25.0,12.5,15.0,CARBON,29.0,44.0,48.0,0.0,0.0,0.0,0.0,False,False,148.0,2.0,0.8,1.0,1.2,0.8,0.8,1.0,700.0,50.0,700.0,50.0,1.0,2,False,1.0,3.0,73.0,50.0,0.0,34.9,True,False,True,True,True,11.0,1,False,0.0,128.0,192.0,SPOKED,TRISPOKE,0.0,1.0,0.0,45.0,295.0,780.0,34.9,400.0,1.0
425.0,45.0,560.0,69.5,95.0,45.0,460.0,74.5,590.0,48.0,46.0,28.6,35.0,28.0,24.0,11.5,14.0,BAMBOO,23.0,34.0,40.0,0.0,0.0,0.0,0.0,False,False,142.0,2.0,1.0,1.2,1.2,1.0,1.0,1.2,690.0,45.0,690.0,45.0,1.0,0,False,1.0,1.0,68.0,45.0,0.0,35.0,True,True,False,False,True,12.0,1,False,60.0,150.0,220.0,SPOKED,SPOKED,0.0,0.0,0.0,0.0,275.0,745.0,34.9,330.0,1.0
455.0,65.0,595.0,66.5,120.0,55.0,515.0,73.5,625.0,44.0,48.0,31.8,39.5,31.0,26.0,13.5,15.0,STEEL,28.0,43.0,47.0,60.0,0.0,16.0,0.0,True,False,148.0,2.0,1.0,1.3,1.3,1.0,1.0,1.2,720.0,47.0,720.0,47.0,1.0,1,False,1.0,1.0,73.0,45.0,0.0,34.9,False,True,True,True,True,10.0,2,False,80.0,140.0,200.0,SPOKED,DISC,0.0,0.0,0.0,0.0,280.0,780.0,34.9,360.0,1.0
465.0,50.0,585.0,68.0,110.0,50.0,495.0,74.0,610.0,45.0,48.0,28.6,37.0,30.0,25.0,12.0,15.0,CARBON,25.0,39.0,44.0,0.0,0.0,0.0,0.0,False,False,142.0,2.0,0.8,1.0,1.1,0.8,0.8,1.0,680.0,55.0,680.0,55.0,1.0,2,False,1.0,3.0,73.0,45.0,0.0,34.9,True,True,False,False,True,11.0,1,False,30.0,110.0,180.0,SPOKED,SPOKED,0.0,0.0,0.0,0.0,285.0,765.0,34.9,355.0,1.0
445.0,58.0,590.0,67.8,118.0,52.0,505.0,73.5,620.0,43.5,47.0,30.0,38.0,31.0,26.0,13.2,15.0,ALUMINIUM,28.5,42.5,46.0,0.0,0.0,0.0,0.0,False,False,148.0,2.0,0.9,1.1,1.1,0.9,0.9,1.1,690.0,50.0,690.0,50.0,1.0,1,False,1.0,1.0,68.0,45.0,0.0,35.0,True,False,False,True,True,10.0,2,False,25.0,100.0,160.0,SPOKED,SPOKED,0.0,0.0,0.0,0.0,290.0,770.0,34.9,370.0,1.0
405.0,65.0,565.0,67.0,120.0,50.0,550.0,73.0,630.0,45.0,45.0,28.6,33.6,36.5,23.35,13.0,9.0,ALUMINIUM,20.0,45.0,40.0,330.0,350.0,16.0,18.0,False,False,135.0,2.0,0.9,1.1,0.9,1.2,1.0,0.9,680.0,60.0,680.0,60.0,1.0,2,False,1.0,1.0,68.0,45.0,0.0,31.8,True,True,False,False,True,12.0,2,False,0.0,123.0,255,SPOKED,SPOKED,0.0,0.0,0.0,0.0,280.0,800.0,28.6,300.0,1.0
410.0,65.0,565.0,67.0,120.0,50.0,550.0,73.0,630.0,45.0,45.0,34.0,33.6,36.5,23.35,13.0,9.0,CARBON,20.0,45.0,40.0,330.0,350.0,16.0,18.0,False,False,135.0,2.0,0.9,1.1,0.9,1.2,1.0,0.9,680.0,60.0,680.0,60.0,1.0,2,False,1.0,3.0,68.0,45.0,0.0,31.8,False,True,True,False,True,12.0,2,False,0.0,123.0,255,SPOKED,SPOKED,0.0,0.0,0.0,0.0,280.0,800.0,28.6,320.0,1.0
400.0,65.0,565.0,67.0,110.0,50.0,550.0,73.0,630.0,45.0,45.0,28.6,33.6,36.5,23.35,13.0,9.0,STEEL,25.0,50.0,45.0,330.0,350.0,16.0,18.0,True,True,135.0,2.0,0.9,1.1,0.9,1.2,1.0,0.9,680.0,60.0,680.0,60.0,1.0,2,False,1.0,1.0,68.0,45.0,0.0,31.8,True,True,False,False,True,11.0,2,False,0.0,123.0,255,SPOKED,SPOKED,0.0,0.0,0.0,0.0,290.0,780.0,28.6,300.0,1.0
405.0,65.0,570.0,67.5,130.0,50.0,580.0,73.0,650.0,45.0,45.0,28.6,33.6,36.5,23.35,13.0,9.0,TITANIUM,22.0,48.0,42.0,330.0,350.0,16.0,18.0,False,False,135.0,2.0,0.9,1.1,0.9,1.2,1.0,0.9,680.0,60.0,680.0,60.0,1.0,2,False,1.0,1.0,68.0,45.0,0.0,31.8,True,False,False,False,True,12.0,1,False,0.0,100.0,200,SPOKED,SPOKED,0.0,0.0,0.0,0.0,300.0,820.0,28.6,320.0,1.0
420.0,65.0,555.0,66.0,140.0,55.0,565.0,72.0,640.0,45.0,45.0,28.6,33.6,36.5,25.0,13.0,9.0,BAMBOO,24.0,46.0,43.0,330.0,350.0,16.0,18.0,False,False,135.0,2.0,0.9,1.1,0.9,1.2,1.0,0.9,680.0,60.0,680.0,60.0,1.0,2,False,1.0,1.0,68.0,45.0,0.0,31.8,False,True,True,False,True,12.0,2,False,0.0,123.0,255,SPOKED,SPOKED,0.0,0.0,0.0,0.0,285.0,790.0,28.6,310.0,1.0
405.0,65.0,565.0,67.0,120.0,50.0,550.0,73.0,630.0,45.0,45.0,34.0,33.6,36.5,23.35,13.0,9.0,CARBON,20.0,45.0,40.0,330.0,350.0,16.0,18.0,False,False,135.0,2.0,0.9,1.1,0.9,1.2,1.0,0.9,680.0,60.0,680.0,60.0,1.0,0,False,1.0,3.0,68.0,45.0,0.0,31.8,False,True,False,True,True,12.0,2,False,0.0,123.0,255,SPOKED,SPOKED,0.0,0.0,0.0,0.0,280.0,800.0,28.6,320.0,1.0
405.0,70.0,565.0,67.0,120.0,50.0,550.0,73.0,630.0,45.0,45.0,28.6,33.6,36.5,23.35,14.0,9.0,ALUMINIUM,20.0,45.0,40.0,330.0,350.0,16.0,18.0,False,False,135.0,2.0,0.9,1.1,0.9,1.1,1.0,0.9,680.0,60.0,680.0,60.0,1.0,2,False,1.0,1.0,68.0,45.0,0.0,31.8,True,True,False,False,True,12.0,2,False,0.0,123.0,255,SPOKED,SPOKED,0.0,0.0,0.0,0.0,280.0,800.0,28.6,300.0,1.0
395.0,65.0,560.0,68.0,125.0,50.0,550.0,74.0,630.0,45.0,45.0,28.6,33.6,36.5,23.35,13.0,9.0,STEEL,20.0,45.0,40.0,330.0,350.0,16.0,18.0,False,False,135.0,2.0,0.9,1.1,0.9,1.2,1.0,0.9,680.0,60.0,680.0,60.0,1.0,2,False,1.0,1.0,68.0,45.0,0.0,31.8,False,True,False,False,True,12.0,2,False,0.0,123.0,255,SPOKED,SPOKED,0.0,0.0,0.0,0.0,280.0,800.0,28.6,300.0,1.0
405.0,65.0,565.0,67.0,120.0,50.0,550.0,73.0,630.0,45.0,45.0,34.0,33.6,36.5,23.35,13.0,9.0,CARBON,20.0,45.0,40.0,330.0,350.0,16.0,18.0,False,False,135.0,2.0,0.9,1.1,0.9,1.2,1.0,0.9,680.0,60.0,680.0,60.0,1.0,2,False,1.0,3.0,68.0,45.0,0.0,31.8,True,True,False,False,True,10.0,3,True,0.0,123.0,255,SPOKED,SPOKED,0.0,0.0,0.0,0.0,280.0,800.0,28.6,320.0,1.0
405.0,65.0,565.0,67.0,120.0,50.0,550.0,73.0,630.0,45.0,45.0,34.0,33.6,36.5,23.35,13.0,9.0,CARBON,20.0,45.0,40.0,330.0,350.0,16.0,18.0,False,False,135.0,2.0,0.9,1.1,0.9,1.2,1.0,0.9,680.0,60.0,680.0,60.0,1.0,2,False,1.0,3.0,68.0,45.0,0.0,31.8,True,True,False,False,True,12.0,2,False,0.0,123.0,255,SPOKED,TRISPOKE,0.0,1.0,0.0,50.0,280.0,800.0,28.6,320.0,1.0
400.0,50.0,580.0,67.0,100.0,45.0,530.0,73.5,630.0,50.0,45.0,30.0,36.5,30.0,30.0,13.0,15,ALUMINIUM,35.0,50.0,50.0,330.0,350.0,16.0,18,False,False,135.0,2.0,1.0,1.1,1.2,1.0,1.0,1.0,674.0,50.0,674.0,50.0,1.0,1,False,1.0,1.0,68.0,45.0,0.0,31.8,True,True,False,False,True,12.0,1,False,0.0,122.0,255,SPOKED,SPOKED,0.0,0.0,0.0,0.0,280.0,720.0,34.9,300.0,1.0
395.0,50.0,570.0,68.0,95.0,45.0,540.0,74.0,620.0,45.0,45.0,28.6,36.5,23.35,23.35,13.0,15,ALUMINIUM,30.0,55.0,45.0,330.0,350.0,16.0,18,False,False,135.0,2.0,1.0,1.1,1.2,1.0,1.0,1.0,674.0,60.0,674.0,60.0,1.0,1,False,1.0,1.0,68.0,45.0,0.0,31.8,True,True,False,False,True,12.0,1,False,0.0,100.0,200,SPOKED,SPOKED,0.0,0.0,0.0,0.0,280.0,720.0,34.9,300.0,1.0
405.0,55.0,590.0,66.0,105.0,45.0,530.0,73.5,640.0,50.0,45.0,33.6,36.5,30.0,30.0,13.0,15,ALUMINIUM,40.0,50.0,50.0,330.0,350.0,16.0,18,False,False,142.0,2.0,1.0,1.1,1.2,1.0,1.0,1.0,680.0,50.0,680.0,50.0,1.0,1,False,1.0,1.0,68.0,45.0,0.0,31.8,True,True,False,False,True,12.0,1,False,50.0,150.0,255,SPOKED,SPOKED,0.0,0.0,0.0,0.0,280.0,720.0,34.9,300.0,1.0
390.0,50.0,580.0,67.5,100.0,45.0,550.0,73.0,630.0,50.0,45.0,30.0,33.6,30.0,30.0,13.0,15,ALUMINIUM,35.0,50.0,50.0,330.0,350.0,16.0,18,True,False,135.0,2.0,1.0,1.1,1.2,1.0,1.0,1.0,680.0,55.0,680.0,55.0,1.0,1,False,1.0,1.0,68.0,45.0,0.0,31.8,True,True,False,False,True,12.0,1,False,0.0,128.0,255,SPOKED,SPOKED,0.0,0.0,0.0,0.0,280.0,720.0,34.9,300.0,1.0
410.0,60.0,600.0,66.5,110.0,45.0,540.0,74.0,650.0,45.0,45.0,28.6,36.5,30.0,23.35,13.0,15,ALUMINIUM,40.0,55.0,45.0,330.0,350.0,16.0,18,True,True,135.0,2.0,1.0,1.1,1.2,1.0,1.0,1.0,674.0,50.0,674.0,50.0,1.0,1,False,1.0,1.0,68.0,45.0,0.0,31.8,True,True,False,False,True,12.0,1,False,10.0,100.0,200,SPOKED,SPOKED,0.0,0.0,0.0,0.0,280.0,720.0,34.9,300.0,1.0
380.0,50.0,575.0,68.0,90.0,45.0,530.0,73.5,620.0,45.0,45.0,33.6,33.6,23.35,23.35,13.0,15,CARBON,30.0,50.0,50.0,330.0,350.0,16.0,18,False,False,135.0,2.0,1.0,1.1,1.3,1.0,1.0,1.0,680.0,50.0,680.0,50.0,1.0,1,False,1.0,1.0,68.0,45.0,0.0,31.8,True,True,False,False,True,12.0,1,False,0.0,150.0,255,SPOKED,SPOKED,0.0,0.0,0.0,0.0,280.0,720.0,34.9,300.0,1.0
420.0,55.0,585.0,66.0,100.0,45.0,540.0,73.0,630.0,50.0,45.0,30.0,36.5,30.0,30.0,13.0,15,ALUMINIUM,35.0,55.0,45.0,330.0,350.0,16.0,18,False,False,142.0,2.0,1.0,1.1,1.2,1.0,1.0,1.0,674.0,55.0,674.0,55.0,1.0,1,False,1.0,1.0,68.0,45.0,0.0,31.8,True,True,False,False,True,12.0,1,False,0.0,180.0,255,SPOKED,SPOKED,0.0,0.0,0.0,0.0,280.0,720.0,34.9,300.0,1.0
415.0,50.0,595.0,67.0,105.0,45.0,550.0,74.0,640.0,45.0,45.0,33.6,33.6,23.35,30.0,13.0,15,STEEL,30.0,50.0,50.0,330.0,350.0,16.0,18,False,False,135.0,2.0,1.0,1.1,1.2,1.0,1.0,1.0,680.0,50.0,680.0,50.0,1.0,1,False,1.0,1.0,68.0,45.0,0.0,31.8,True,True,False,False,True,12.0,1,False,20.0,110.0,230,SPOKED,SPOKED,0.0,0.0,0.0,0.0,280.0,720.0,34.9,300.0,1.0
400.0,55.0,580.0,67.0,100.0,45.0,530.0,73.5,630.0,50.0,45.0,30.0,36.5,30.0,30.0,13.0,15,TITANIUM,35.0,50.0,50.0,330.0,350.0,16.0,18,False,False,135.0,2.0,1.0,1.1,1.2,1.0,1.0,1.0,674.0,50.0,674.0,50.0,1.0,1,False,1.0,1.0,68.0,45.0,0.0,31.8,True,True,False,False,True,12.0,1,False,0.0,200.0,255,SPOKED,SPOKED,0.0,0.0,0.0,0.0,280.0,720.0,34.9,300.0,1.0
395.0,50.0,590.0,66.5,95.0,45.0,540.0,74.0,620.0,45.0,45.0,30.0,36.5,23.35,30.0,13.0,15,BAMBOO,30.0,55.0,45.0,330.0,350.0,16.0,18,True,True,135.0,2.0,1.0,1.1,1.2,1.0,1.0,1.0,680.0,60.0,680.0,60.0,1.0,1,False,1.0,1.0,68.0,45.0,0.0,31.8,True,True,False,False,True,12.0,1,False,30.0,90.0,200,SPOKED,SPOKED,0.0,0.0,0.0,0.0,280.0,720.0,34.9,300.0,1.0
430.0,70.0,640.0,67.0,110.0,40.0,580.0,74.0,660.0,45.0,45.0,35.0,36.0,30.0,25.0,23.0,15.0,ALUMINIUM,25.0,30.0,40.0,0.0,0.0,0.0,0.0,False,False,142.0,1.2,1.0,1.3,1.1,1.0,1.0,1.1,690.0,50.0,690.0,50.0,1.0,1,False,1.0,1.0,68.0,45.0,0.0,35.0,False,True,False,False,True,12.0,1,False,64.0,224.0,208,DISC,DISC,0.0,0.0,0.0,0.0,280.0,700.0,36.0,300.0,1.0
420.0,75.0,650.0,68.0,120.0,42.0,600.0,73.0,670.0,45.0,45.0,38.0,38.0,32.0,26.0,23.0,15.0,CARBON,30.0,35.0,45.0,0.0,0.0,0.0,0.0,False,False,142.0,1.2,1.0,1.3,1.1,1.0,1.0,1.1,690.0,50.0,690.0,50.0,1.0,1,False,1.0,1.0,70.0,45.0,0.0,35.0,True,False,False,False,True,11.0,1,False,64.0,224.0,208,DISC,DISC,0.0,0.0,0.0,0.0,280.0,710.0,38.0,300.0,1.0
440.0,60.0,630.0,66.0,100.0,38.0,570.0,73.0,650.0,45.0,45.0,36.0,37.0,31.0,24.0,25.0,15.0,CARBON,20.0,28.0,38.0,0.0,0.0,0.0,0.0,False,False,142.0,1.2,1.0,1.3,1.1,1.0,1.0,1.1,690.0,50.0,690.0,50.0,1.0,2,False,1.0,3.0,68.0,52.0,0.0,35.0,False,False,False,False,True,12.0,2,False,64.0,224.0,208,DISC,DISC,0.0,0.0,0.0,0.0,300.0,695.0,37.0,300.0,1.0
440.0,65.0,630.0,67.0,105.0,38.0,570.0,74.0,650.0,45.0,45.0,36.0,37.0,31.0,24.0,23.0,15.0,TITANIUM,22.0,32.0,42.0,0.0,0.0,0.0,0.0,False,False,142.0,1.2,1.0,1.2,1.1,1.0,1.0,1.1,690.0,50.0,690.0,50.0,1.0,0,False,1.0,2.0,68.0,45.0,0.0,35.0,False,False,False,False,True,10.0,1,False,64.0,224.0,208,DISC,DISC,0.0,0.0,0.0,0.0,290.0,700.0,37.0,280.0,1.0
450.0,60.0,620.0,65.0,115.0,40.0,590.0,73.0,655.0,45.0,45.0,40.0,42.0,33.0,28.0,23.0,15.0,CARBON,28.0,38.0,48.0,0.0,0.0,0.0,0.0,False,False,142.0,1.2,1.0,1.3,1.1,1.0,1.0,1.1,690.0,50.0,690.0,50.0,1.0,2,False,1.0,3.0,70.0,52.0,0.0,35.0,True,True,False,False,True,11.0,2,False,64.0,224.0,208,DISC,DISC,0.0,0.0,0.0,0.0,300.0,710.0,42.0,300.0,1.0
435.0,68.0,635.0,67.5,112.0,40.0,585.0,73.0,665.0,45.0,45.0,34.0,35.0,29.0,27.0,23.0,15.0,ALUMINIUM,26.0,34.0,44.0,0.0,0.0,0.0,0.0,False,False,142.0,1.2,1.0,1.3,1.1,1.0,1.0,1.1,690.0,50.0,690.0,50.0,1.0,1,False,1.0,1.0,68.0,45.0,0.0,35.0,False,False,False,False,True,10.0,1,True,64.0,224.0,208,DISC,DISC,0.0,0.0,0.0,0.0,290.0,705.0,35.0,300.0,1.0
425.0,72.0,655.0,69.0,118.0,42.0,595.0,73.0,675.0,45.0,45.0,37.0,39.0,32.0,26.0,23.0,15.0,STEEL,29.0,36.0,46.0,0.0,0.0,0.0,0.0,False,False,142.0,1.2,1.0,1.3,1.1,1.0,1.0,1.1,690.0,50.0,690.0,50.0,1.0,0,False,1.0,1.0,70.0,45.0,0.0,35.0,False,True,False,False,True,12.0,2,False,64.0,224.0,208,DISC,DISC,0.0,0.0,0.0,0.0,295.0,700.0,39.0,300.0,1.0
440.0,66.0,645.0,68.0,110.0,40.0,580.0,74.0,660.0,45.0,45.0,33.0,34.0,28.0,25.0,23.0,15.0,BAMBOO,24.0,33.0,43.0,0.0,0.0,0.0,0.0,False,False,142.0,1.2,1.0,1.3,1.1,1.0,1.0,1.1,690.0,50.0,690.0,50.0,1.0,1,False,1.0,1.0,68.0,45.0,0.0,35.0,False,False,True,False,True,11.0,1,True,64.0,224.0,208,DISC,DISC,0.0,0.0,0.0,0.0,280.0,700.0,34.0,300.0,1.0
450.0,63.0,625.0,66.5,108.0,38.0,575.0,73.0,658.0,45.0,45.0,36.0,35.0,31.0,25.0,23.0,15.0,CARBON,27.0,37.0,47.0,0.0,0.0,0.0,0.0,False,False,142.0,1.2,1.0,1.3,1.1,1.0,1.0,1.1,690.0,50.0,690.0,50.0,1.0,1,False,1.0,3.0,68.0,52.0,0.0,35.0,False,False,False,False,False,0.0,1,False,64.0,224.0,208,DISC,DISC,0.0,0.0,0.0,0.0,300.0,690.0,35.0,300.0,1.0
430.0,70.0,640.0,67.0,113.0,40.0,590.0,73.0,662.0,45.0,45.0,35.0,36.0,30.0,27.0,23.0,15.0,ALUMINIUM,25.0,35.0,45.0,0.0,0.0,0.0,0.0,False,False,142.0,1.2,1.0,1.3,1.1,1.0,1.0,1.1,690.0,50.0,690.0,50.0,1.0,1,False,1.0,2.0,68.0,45.0,0.0,35.0,True,False,True,True,True,11.0,1,False,64.0,224.0,208,DISC,DISC,0.0,0.0,0.0,0.0,290.0,705.0,36.0,300.0,1.0
440.0,65.0,560.0,68.0,110.0,45.0,520.0,74.0,640.0,45.0,45.0,28.6,33.6,36.5,30.0,13.0,15.0,ALUMINIUM,30.0,40.0,45.0,330.0,350.0,16.0,18.0,False,False,135.0,2.0,0.9,1.1,0.9,1.2,1.0,0.9,700.0,52.0,700.0,52.0,1.0,1,False,1.0,1.0,68.0,45.0,0.0,31.8,False,True,False,False,True,12.0,1,False,30.0,144.0,250,SPOKED,SPOKED,0.0,0.0,0.0,0.0,280.0,700.0,34.9,700.0,1.0
430.0,60.0,550.0,67.0,100.0,50.0,510.0,73.0,630.0,50.0,45.0,28.6,33.6,36.5,30.0,13.0,15.0,ALUMINIUM,32.0,42.0,48.0,330.0,350.0,16.0,18.0,False,False,135.0,2.0,0.9,1.1,0.9,1.2,1.0,0.9,700.0,52.0,700.0,52.0,1.0,2,False,1.0,1.0,68.0,45.0,0.0,31.8,False,True,False,False,True,11.0,1,False,30.0,144.0,250,SPOKED,SPOKED,0.0,0.0,0.0,0.0,285.0,680.0,34.9,680.0,1.0
450.0,70.0,580.0,69.0,120.0,45.0,540.0,75.0,650.0,40.0,45.0,28.6,33.6,36.5,30.0,13.0,15.0,ALUMINIUM,35.0,45.0,50.0,330.0,350.0,16.0,18.0,False,False,135.0,2.0,0.9,1.1,0.9,1.2,1.0,0.9,700.0,52.0,700.0,52.0,1.0,0,False,1.0,1.0,68.0,45.0,0.0,31.8,False,True,False,False,True,12.0,2,False,30.0,144.0,250,SPOKED,SPOKED,0.0,0.0,0.0,0.0,290.0,720.0,34.9,720.0,1.0
435.0,63.0,565.0,67.5,105.0,50.0,515.0,72.5,625.0,48.0,45.0,28.6,33.6,36.5,30.0,13.0,15.0,ALUMINIUM,28.0,38.0,46.0,330.0,350.0,16.0,18.0,False,False,135.0,2.0,0.9,1.1,0.9,1.2,1.0,0.9,700.0,52.0,700.0,52.0,1.0,1,False,1.0,1.0,68.0,45.0,0.0,31.8,False,True,False,False,True,10.0,1,False,30.0,144.0,250,SPOKED,SPOKED,0.0,0.0,0.0,0.0,278.0,710.0,34.9,710.0,1.0
445.0,68.0,590.0,66.5,115.0,45.0,530.0,74.5,660.0,42.0,45.0,28.6,33.6,36.5,30.0,13.0,15.0,ALUMINIUM,30.0,40.0,44.0,330.0,350.0,16.0,18.0,False,False,135.0,2.0,0.9,1.1,0.9,1.2,1.0,0.9,700.0,52.0,700.0,52.0,1.0,2,False,1.0,1.0,68.0,45.0,0.0,31.8,False,True,False,False,True,11.0,2,False,30.0,144.0,250,SPOKED,SPOKED,0.0,0.0,0.0,0.0,295.0,750.0,34.9,750.0,1.0
438.0,62.0,555.0,68.5,108.0,50.0,525.0,73.5,642.0,47.0,45.0,28.6,33.6,36.5,30.0,13.0,15.0,ALUMINIUM,33.0,43.0,47.0,330.0,350.0,16.0,18.0,False,False,135.0,2.0,0.9,1.1,0.9,1.2,1.0,0.9,700.0,52.0,700.0,52.0,1.0,0,False,1.0,1.0,68.0,45.0,0.0,31.8,False,True,False,False,True,12.0,1,False,30.0,144.0,250,SPOKED,SPOKED,0.0,0.0,0.0,0.0,282.0,705.0,34.9,705.0,1.0
442.0,66.0,570.0,67.8,112.0,48.0,535.0,74.2,648.0,44.0,45.0,28.6,33.6,36.5,30.0,13.0,15.0,ALUMINIUM,31.0,41.0,45.5,330.0,350.0,16.0,18.0,False,False,135.0,2.0,0.9,1.1,0.9,1.2,1.0,0.9,700.0,52.0,700.0,52.0,1.0,1,False,1.0,1.0,68.0,45.0,0.0,31.8,False,True,False,False,True,11.0,1,False,30.0,144.0,250,SPOKED,SPOKED,0.0,0.0,0.0,0.0,288.0,715.0,34.9,715.0,1.0
455.0,64.0,575.0,66.8,118.0,45.0,540.0,73.8,655.0,46.0,45.0,28.6,33.6,36.5,30.0,13.0,15.0,ALUMINIUM,34.0,44.0,49.0,330.0,350.0,16.0,18.0,False,False,135.0,2.0,0.9,1.1,0.9,1.2,1.0,0.9,700.0,52.0,700.0,52.0,1.0,2,False,1.0,1.0,68.0,45.0,0.0,31.8,False,True,False,False,True,10.0,2,False,30.0,144.0,250,SPOKED,SPOKED,0.0,0.0,0.0,0.0,292.0,730.0,34.9,730.0,1.0
437.0,61.0,560.0,69.2,102.0,50.0,518.0,72.8,638.0,49.0,45.0,28.6,33.6,36.5,30.0,13.0,15.0,ALUMINIUM,29.0,39.0,46.5,330.0,350.0,16.0,18.0,False,False,135.0,2.0,0.9,1.1,0.9,1.2,1.0,0.9,700.0,52.0,700.0,52.0,1.0,0,False,1.0,1.0,68.0,45.0,0.0,31.8,False,True,False,False,True,12.0,1,False,30.0,144.0,250,SPOKED,SPOKED,0.0,0.0,0.0,0.0,281.0,690.0,34.9,690.0,1.0
448.0,69.0,592.0,67.2,125.0,47.0,545.0,75.0,658.0,43.0,45.0,28.6,33.6,36.5,30.0,13.0,15.0,ALUMINIUM,32.5,42.5,48.5,330.0,350.0,16.0,18.0,False,False,135.0,2.0,0.9,1.1,0.9,1.2,1.0,0.9,700.0,52.0,700.0,52.0,1.0,1,False,1.0,1.0,68.0,45.0,0.0,31.8,False,True,False,False,True,11.0,2,False,30.0,144.0,250,SPOKED,SPOKED,0.0,0.0,0.0,0.0,298.0,745.0,34.9,745.0,1.0
445.0,65.0,580.0,67.5,110.0,50.0,580.0,73.0,630.0,50.0,45.0,30.0,36.5,23.35,23.35,13.0,15.0,CARBON,35.0,45.0,50.0,330.0,350.0,0.0,0.0,False,False,135.0,2.0,1.0,1.0,1.2,1.0,1.0,1.0,740.0,118.0,740.0,118.0,1.0,2,False,1.0,3.0,68.0,50.0,0.0,34.0,False,True,False,False,True,11.0,1,False,0.0,102.0,204.0,SPOKED,SPOKED,0.0,0.0,0.0,0.0,280.0,780.0,34.9,350.0,1.0
450.0,68.0,590.0,67.0,120.0,52.0,600.0,72.5,640.0,52.0,45.0,31.0,36.0,23.35,23.35,13.0,15.0,CARBON,36.0,47.0,52.0,330.0,350.0,0.0,0.0,False,False,135.0,2.0,1.0,1.0,1.2,1.0,1.0,1.0,740.0,118.0,740.0,118.0,1.0,2,False,1.0,3.0,68.0,50.0,0.0,34.0,False,True,False,False,True,11.0,1,False,0.0,102.0,204.0,SPOKED,SPOKED,0.0,0.0,0.0,0.0,280.0,770.0,34.9,350.0,1.0
430.0,60.0,570.0,68.0,100.0,48.0,570.0,73.5,620.0,48.0,45.0,29.0,36.5,23.35,23.35,13.0,15.0,CARBON,34.0,44.0,48.0,330.0,350.0,0.0,0.0,False,False,135.0,2.0,1.0,1.0,1.2,1.0,1.0,1.0,740.0,118.0,740.0,118.0,1.0,2,False,1.0,3.0,68.0,50.0,0.0,34.0,False,True,False,False,True,11.0,1,False,0.0,102.0,204.0,SPOKED,SPOKED,0.0,0.0,0.0,0.0,280.0,760.0,34.9,350.0,1.0
460.0,70.0,600.0,67.0,115.0,55.0,620.0,72.0,650.0,50.0,45.0,32.0,36.0,23.35,23.35,13.0,15.0,CARBON,38.0,50.0,54.0,330.0,350.0,0.0,0.0,False,False,135.0,2.0,1.0,1.0,1.2,1.0,1.0,1.0,740.0,118.0,740.0,118.0,1.0,2,False,1.0,3.0,68.0,50.0,0.0,34.0,False,True,False,False,True,11.0,1,False,0.0,102.0,204.0,SPOKED,SPOKED,0.0,0.0,0.0,0.0,280.0,790.0,34.9,350.0,1.0
420.0,62.0,565.0,68.5,105.0,49.0,575.0,74.0,635.0,49.0,45.0,30.5,36.5,23.35,23.35,13.0,15.0,CARBON,37.0,46.0,49.0,330.0,350.0,0.0,0.0,False,False,135.0,2.0,1.0,1.0,1.2,1.0,1.0,1.0,740.0,118.0,740.0,118.0,1.0,2,False,1.0,3.0,68.0,50.0,0.0,34.0,False,True,False,False,True,11.0,1,False,0.0,102.0,204.0,SPOKED,SPOKED,0.0,0.0,0.0,0.0,280.0,755.0,34.9,350.0,1.0
440.0,65.0,590.0,69.0,110.0,51.0,590.0,73.0,640.0,51.0,45.0,31.0,36.0,23.35,23.35,13.0,15.0,CARBON,35.5,48.0,51.0,330.0,350.0,0.0,0.0,False,False,135.0,2.0,1.0,1.0,1.2,1.0,1.0,1.0,740.0,118.0,740.0,118.0,1.0,2,False,1.0,3.0,68.0,50.0,0.0,34.0,False,True,False,False,True,11.0,1,False,0.0,102.0,204.0,SPOKED,SPOKED,0.0,0.0,0.0,0.0,280.0,785.0,34.9,350.0,1.0
435.0,67.0,585.0,67.8,112.0,53.0,605.0,72.8,645.0,50.0,45.0,31.5,36.5,23.35,23.35,13.0,15.0,CARBON,36.5,49.0,53.0,330.0,350.0,0.0,0.0,False,False,135.0,2.0,1.0,1.0,1.2,1.0,1.0,1.0,740.0,118.0,740.0,118.0,1.0,2,False,1.0,3.0,68.0,50.0,0.0,34.0,False,True,False,False,True,11.0,1,False,0.0,102.0,204.0,SPOKED,SPOKED,0.0,0.0,0.0,0.0,280.0,770.0,34.9,350.0,1.0
455.0,64.0,595.0,68.2,118.0,54.0,615.0,72.3,655.0,53.0,45.0,32.0,36.0,23.35,23.35,13.0,15.0,CARBON,38.0,50.0,52.5,330.0,350.0,0.0,0.0,False,False,135.0,2.0,1.0,1.0,1.2,1.0,1.0,1.0,740.0,118.0,740.0,118.0,1.0,2,False,1.0,3.0,68.0,50.0,0.0,34.0,False,True,False,False,True,11.0,1,False,0.0,102.0,204.0,SPOKED,SPOKED,0.0,0.0,0.0,0.0,280.0,795.0,34.9,350.0,1.0
425.0,61.0,575.0,68.7,108.0,47.0,565.0,73.8,625.0,49.0,45.0,29.5,36.5,23.35,23.35,13.0,15.0,CARBON,34.5,45.0,49.5,330.0,350.0,0.0,0.0,False,False,135.0,2.0,1.0,1.0,1.2,1.0,1.0,1.0,740.0,118.0,740.0,118.0,1.0,2,False,1.0,3.0,68.0,50.0,0.0,34.0,False,True,False,False,True,11.0,1,False,0.0,102.0,204.0,SPOKED,SPOKED,0.0,0.0,0.0,0.0,280.0,765.0,34.9,350.0,1.0
450.0,30.0,630.0,68.0,120.0,50.0,550.0,73.0,620.0,50.0,45.0,32.0,36.5,25.0,15.0,12.0,8.0,STEEL,35.0,45.0,50.0,0.0,0.0,0.0,0.0,False,False,142.0,3.0,2.0,3.0,2.5,2.0,1.8,2.2,735.0,53.0,735.0,53.0,1.0,1,False,1.0,1.0,73.0,45.0,0.0,33.0,False,True,False,False,True,12.0,1,False,0.0,123.0,204,SPOKED,SPOKED,0.0,0.0,0.0,0.0,278.0,720.0,36.5,300.0,1.0
460.0,35.0,640.0,69.0,115.0,55.0,560.0,74.0,610.0,45.0,45.0,32.0,38.0,26.0,16.0,13.0,9.0,ALUMINIUM,33.0,48.0,52.0,0.0,0.0,0.0,0.0,False,False,148.0,2.8,2.2,3.2,2.8,2.1,1.7,2.0,735.0,53.0,735.0,53.0,1.0,2,False,1.0,2.0,68.0,50.0,0.0,34.0,False,True,False,False,True,11.0,1,False,5.0,120.0,200,SPOKED,SPOKED,0.0,0.0,0.0,0.0,280.0,725.0,38.0,310.0,1.0
470.0,30.0,620.0,67.0,130.0,50.0,540.0,73.0,630.0,55.0,45.0,33.0,37.0,25.0,15.0,14.0,7.0,CARBON,38.0,42.0,48.0,0.0,0.0,0.0,0.0,False,False,142.0,2.5,1.8,3.5,2.5,1.9,1.5,2.0,720.0,50.0,720.0,50.0,1.0,1,False,1.0,1.0,73.0,44.0,0.0,32.0,False,True,False,False,True,12.0,1,False,10.0,100.0,190,SPOKED,SPOKED,0.0,0.0,0.0,0.0,275.0,710.0,37.0,320.0,1.0
480.0,25.0,625.0,68.5,125.0,45.0,530.0,72.5,625.0,50.0,45.0,32.0,36.5,24.0,15.0,12.0,8.0,STEEL,30.0,40.0,55.0,0.0,0.0,0.0,0.0,False,False,148.0,3.0,2.0,3.0,2.5,2.0,1.8,2.1,735.0,60.0,735.0,60.0,1.0,1,False,1.0,1.0,68.0,38.0,0.0,33.0,False,True,False,False,True,10.0,1,False,15.0,110.0,210,SPOKED,SPOKED,0.0,0.0,0.0,0.0,280.0,730.0,36.5,305.0,1.0
490.0,35.0,635.0,69.0,140.0,50.0,560.0,73.0,615.0,45.0,45.0,34.0,38.0,26.0,16.0,13.0,9.0,ALUMINIUM,36.0,46.0,49.0,0.0,0.0,0.0,0.0,False,False,142.0,2.7,2.1,3.1,2.7,2.0,1.6,2.2,735.0,55.0,735.0,55.0,1.0,2,False,1.0,2.0,73.0,46.0,0.0,34.0,False,True,False,False,True,12.0,1,False,20.0,130.0,220,SPOKED,SPOKED,0.0,0.0,0.0,0.0,282.0,735.0,38.0,315.0,1.0
500.0,30.0,655.0,67.5,110.0,55.0,565.0,74.0,640.0,52.0,45.0,33.0,37.5,25.0,15.0,12.0,7.5,CARBON,40.0,50.0,53.0,0.0,0.0,0.0,0.0,False,False,148.0,2.5,1.9,3.4,2.6,1.8,1.5,2.1,745.0,60.0,745.0,60.0,1.0,1,False,1.0,1.0,68.0,44.0,0.0,33.0,False,True,False,False,True,11.0,1,False,25.0,140.0,230,SPOKED,SPOKED,0.0,0.0,0.0,0.0,285.0,740.0,37.0,325.0,1.0
455.0,28.0,645.0,68.2,118.0,48.0,545.0,73.8,630.0,48.0,45.0,32.0,36.5,25.0,15.0,12.5,8.0,TITANIUM,34.0,44.0,51.0,0.0,0.0,0.0,0.0,False,False,142.0,3.0,2.2,3.2,2.5,2.0,1.8,2.2,730.0,55.0,730.0,55.0,1.0,2,False,1.0,1.0,73.0,45.0,0.0,33.0,False,True,False,False,True,12.0,1,False,30.0,150.0,240,SPOKED,SPOKED,0.0,0.0,0.0,0.0,279.0,728.0,36.5,310.0,1.0
475.0,33.0,638.0,68.7,122.0,52.0,555.0,74.2,635.0,50.0,45.0,33.0,37.0,25.0,15.0,13.0,9.0,STEEL,36.0,47.0,54.0,0.0,0.0,0.0,0.0,False,False,148.0,2.9,2.0,3.0,2.5,1.9,1.7,2.0,740.0,62.0,740.0,62.0,1.0,1,False,1.0,2.0,68.0,46.0,0.0,33.0,False,True,False,False,True,11.0,1,False,35.0,160.0,250,SPOKED,SPOKED,0.0,0.0,0.0,0.0,283.0,732.0,37.0,318.0,1.0
485.0,30.0,650.0,69.3,135.0,50.0,560.0,73.5,645.0,48.0,45.0,34.0,38.0,26.0,16.0,14.0,8.0,ALUMINIUM,37.0,46.0,52.0,0.0,0.0,0.0,0.0,False,False,142.0,2.7,2.1,3.2,2.7,2.0,1.8,2.2,735.0,57.0,735.0,57.0,1.0,2,False,1.0,1.0,73.0,45.0,0.0,34.0,False,True,False,False,True,12.0,1,False,40.0,170.0,255,SPOKED,SPOKED,0.0,0.0,0.0,0.0,287.0,738.0,38.0,330.0,1.0
495.0,28.0,635.0,67.8,128.0,47.0,550.0,73.9,638.0,53.0,45.0,33.0,37.0,25.0,15.0,13.0,8.0,TITANIUM,39.0,49.0,51.0,0.0,0.0,0.0,0.0,False,False,148.0,2.8,2.0,3.3,2.6,1.9,1.7,2.1,750.0,65.0,750.0,65.0,1.0,1,False,1.0,1.0,68.0,46.0,0.0,33.0,False,True,False,False,True,12.0,1,False,45.0,180.0,245,SPOKED,SPOKED,0.0,0.0,0.0,0.0,289.0,745.0,37.0,320.0,1.0
420.0,70.0,600.0,68.0,140.0,50.0,560.0,74.0,640.0,45.0,45.0,34.9,36.5,23.35,20.0,15.0,9.0,CARBON,35.0,45.0,45.0,330.0,350.0,16.0,18.0,False,False,135.0,2.0,0.9,1.1,0.9,1.2,1.0,0.9,650.0,52.0,650.0,52.0,1.0,1,False,1.0,1.0,70.0,45.0,0.0,31.8,True,True,False,False,True,12.0,1,False,0.0,128.0,255,SPOKED,SPOKED,0.0,0.0,80.0,80.0,280.0,780.0,34.9,350.0,1.0
390.0,65.0,580.0,69.0,120.0,45.0,550.0,75.0,630.0,40.0,45.0,28.6,33.6,23.35,19.0,15.0,8.0,ALUMINIUM,30.0,40.0,40.0,330.0,350.0,16.0,18.0,False,False,135.0,2.0,1.0,1.1,1.0,1.2,1.0,1.1,680.0,60.0,680.0,60.0,1.0,1,False,1.0,1.0,68.0,45.0,0.0,31.8,True,False,False,False,True,11.0,1,False,34.0,139.0,34,SPOKED,SPOKED,0.0,0.0,80.0,80.0,300.0,760.0,36.5,330.0,1.0
450.0,75.0,620.0,67.0,160.0,55.0,580.0,73.0,650.0,50.0,50.0,33.6,37.5,25.0,21.0,15.0,10.0,STEEL,38.0,48.0,48.0,330.0,350.0,16.0,18.0,False,False,135.0,2.0,1.1,1.2,1.0,1.3,1.1,1.2,700.0,50.0,700.0,50.0,1.0,2,False,1.0,1.0,70.0,50.0,0.0,34.9,True,True,False,False,True,10.0,2,False,0.0,0.0,255,SPOKED,DISC,0.0,0.0,80.0,80.0,290.0,800.0,34.9,320.0,1.0
410.0,68.0,590.0,70.0,130.0,52.0,560.0,74.5,635.0,45.0,45.0,30.0,35.0,23.35,20.0,15.0,9.0,TITANIUM,32.0,42.0,42.0,330.0,350.0,16.0,18.0,False,False,135.0,2.0,1.0,1.1,1.0,1.2,1.0,1.1,670.0,55.0,670.0,55.0,1.0,1,False,1.0,1.0,69.0,48.0,0.0,34.9,True,False,False,False,True,11.0,1,False,100.0,149.0,237,DISC,SPOKED,0.0,0.0,80.0,80.0,300.0,770.0,34.9,340.0,1.0
380.0,72.0,610.0,66.5,150.0,50.0,570.0,75.5,645.0,47.0,45.0,28.6,36.5,25.0,19.0,15.0,9.0,CARBON,36.0,46.0,46.0,330.0,350.0,16.0,18.0,False,False,135.0,2.0,1.0,1.2,1.0,1.2,1.0,1.1,660.0,58.0,660.0,58.0,1.0,2,False,1.0,1.0,71.0,47.0,0.0,34.9,True,True,False,True,True,12.0,1,False,0.0,191.0,255,SPOKED,SPOKED,0.0,0.0,80.0,80.0,295.0,790.0,36.5,360.0,1.0
430.0,67.0,605.0,68.5,145.0,53.0,565.0,74.0,642.0,46.0,45.0,33.6,36.5,23.35,20.0,15.0,9.0,STEEL,34.0,44.0,44.0,330.0,350.0,16.0,18.0,False,False,135.0,2.0,0.9,1.1,0.9,1.2,1.0,1.0,670.0,55.0,670.0,55.0,1.0,1,False,1.0,1.0,68.0,45.0,0.0,31.8,False,True,True,False,True,11.0,1,False,139.0,0.0,139,DISC,DISC,0.0,0.0,80.0,80.0,305.0,780.0,34.9,355.0,1.0
400.0,71.0,595.0,69.5,125.0,50.0,555.0,75.0,638.0,44.0,45.0,28.6,36.5,23.35,20.0,15.0,9.0,ALUMINIUM,31.0,41.0,41.0,330.0,350.0,16.0,18.0,False,False,135.0,2.0,0.9,1.0,0.9,1.2,1.0,1.1,660.0,58.0,660.0,58.0,1.0,2,False,1.0,1.0,72.0,46.0,0.0,34.9,True,False,False,False,True,12.0,1,False,255.0,69.0,0,SPOKED,SPOKED,0.0,0.0,80.0,80.0,280.0,770.0,36.5,345.0,1.0
415.0,69.0,602.0,68.0,135.0,54.0,562.0,74.3,639.0,45.0,45.0,33.6,36.5,23.35,20.0,15.0,9.0,CARBON,33.0,43.0,43.0,330.0,350.0,16.0,18.0,False,False,135.0,2.0,1.0,1.1,1.0,1.2,1.0,1.1,675.0,56.0,675.0,56.0,1.0,1,False,1.0,1.0,70.0,47.0,0.0,34.9,True,True,False,False,True,11.0,2,False,65.0,105.0,225,DISC,DISC,0.0,0.0,80.0,80.0,298.0,785.0,36.5,355.0,1.0
395.0,66.0,587.0,70.0,125.0,51.0,555.0,75.0,630.0,44.0,45.0,30.0,35.0,23.35,20.0,15.0,9.0,ALUMINIUM,32.0,42.0,42.0,330.0,350.0,16.0,18.0,False,False,135.0,2.0,0.9,1.0,0.9,1.2,1.0,1.1,660.0,58.0,660.0,58.0,1.0,1,False,1.0,1.0,68.0,46.0,0.0,31.8,False,True,True,True,True,12.0,1,False,210.0,105.0,30,DISC,SPOKED,0.0,0.0,80.0,80.0,295.0,770.0,34.9,340.0,1.0
425.0,73.0,615.0,67.5,155.0,56.0,575.0,73.5,648.0,48.0,48.0,34.9,37.5,25.0,21.0,15.0,10.0,CARBON,37.0,47.0,47.0,330.0,350.0,16.0,18.0,False,False,135.0,2.0,1.1,1.2,1.0,1.3,1.1,1.2,690.0,54.0,690.0,54.0,1.0,2,False,1.0,1.0,72.0,50.0,0.0,34.9,True,True,False,False,True,11.0,2,False,0.0,206.0,209,SPOKED,DISC,0.0,0.0,80.0,80.0,305.0,810.0,36.5,365.0,1.0
430.0,60.0,620.0,67.0,120.0,50.0,580.0,73.0,650.0,45.0,45.0,45.0,36.0,30.0,30.0,13.0,15.0,ALUMINIUM,30.0,50.0,45.0,330.0,350.0,16.0,18.0,False,False,135.0,2.0,0.9,1.1,0.9,1.2,1.0,0.9,720.0,50.0,720.0,50.0,1.0,1,False,1.0,1.0,68.0,45.0,0.0,31.8,False,False,False,False,False,12.0,1,False,34.0,139.0,34.0,SPOKED,SPOKED,1.0,1.0,80.0,80.0,280.0,600.0,34.0,400.0,1.0
420.0,55.0,635.0,68.0,130.0,50.0,550.0,73.5,640.0,46.0,42.0,44.0,35.0,30.0,29.0,14.0,15.0,CARBON,32.0,48.0,46.0,332.0,352.0,15.0,17.0,True,True,142.0,1.8,0.9,1.1,0.9,1.1,0.9,0.9,740.0,50.0,740.0,50.0,1.0,2,False,1.0,3.0,73.0,50.0,0.0,34.9,False,True,True,True,False,11.0,1,False,0.0,0.0,255.0,SPOKED,SPOKED,1.0,1.0,85.0,85.0,275.0,620.0,38.0,450.0,1.0
440.0,65.0,630.0,66.5,140.0,55.0,600.0,74.0,660.0,48.0,50.0,50.0,45.0,32.0,32.0,13.5,16.0,STEEL,35.0,55.0,48.0,335.0,355.0,18.0,20.0,True,True,135.0,2.2,1.0,1.3,1.0,1.3,1.1,1.0,740.0,60.0,740.0,60.0,1.0,1,False,1.0,2.0,73.0,38.0,0.0,34.9,True,True,True,False,False,12.0,2,True,139.0,69.0,19.0,DISC,SPOKED,0.0,0.0,0.0,0.0,290.0,630.0,40.0,420.0,1.0
425.0,58.0,615.0,68.5,110.0,60.0,570.0,72.5,645.0,47.0,47.0,48.0,38.0,31.0,29.0,14.5,16.0,TITANIUM,28.0,52.0,43.0,333.0,353.0,17.0,19.0,False,False,142.0,1.5,0.8,1.0,0.8,1.0,0.8,0.8,720.0,52.0,720.0,52.0,1.0,2,False,1.0,3.0,68.0,45.0,0.0,31.8,False,True,False,True,False,10.0,1,False,192.0,192.0,192.0,SPOKED,DISC,1.0,0.0,80.0,0.0,285.0,610.0,36.0,410.0,1.0
435.0,62.0,605.0,67.5,115.0,52.0,565.0,73.0,655.0,44.0,44.0,50.0,40.0,33.0,35.0,13.0,15.0,BAMBOO,32.0,50.0,46.0,334.0,354.0,16.0,18.0,True,False,135.0,2.0,1.0,1.2,1.1,1.2,1.0,1.0,740.0,60.0,740.0,60.0,1.0,1,False,1.0,1.0,68.0,50.0,0.0,34.0,True,False,False,False,True,10.0,1,True,34.0,0.0,255.0,TRISPOKE,TRISPOKE,1.0,1.0,100.0,100.0,300.0,620.0,45.0,380.0,2.0
445.0,50.0,640.0,69.0,125.0,48.0,540.0,74.5,660.0,42.0,45.0,42.0,36.0,31.0,32.0,13.0,14.0,CARBON,30.0,54.0,44.0,330.0,350.0,16.0,17.0,False,True,135.0,1.8,0.8,1.0,0.8,1.0,0.8,0.8,720.0,55.0,720.0,55.0,1.0,0,False,1.0,3.0,68.0,45.0,0.0,31.8,True,True,True,False,False,12.0,1,False,255.0,127.0,80.0,SPOKED,DISC,1.0,0.0,85.0,0.0,270.0,610.0,34.0,430.0,1.0
415.0,70.0,605.0,66.0,135.0,60.0,620.0,72.0,670.0,50.0,50.0,50.0,45.0,35.0,35.0,15.0,17.0,STEEL,36.0,60.0,49.0,338.0,358.0,20.0,22.0,False,False,135.0,2.5,1.2,1.4,1.2,1.4,1.2,1.0,740.0,65.0,740.0,65.0,1.0,1,False,1.0,1.0,73.0,50.0,0.0,34.9,True,False,True,True,False,9.0,1,True,210.0,105.0,30.0,DISC,DISC,0.0,0.0,0.0,0.0,295.0,625.0,42.0,415.0,1.0
460.0,52.0,650.0,70.0,118.0,55.0,570.0,74.0,635.0,43.0,44.0,43.0,37.0,29.0,30.0,12.0,14.5,CARBON,29.0,49.0,42.0,329.0,349.0,15.0,18.0,False,True,142.0,1.6,0.8,1.0,0.8,1.0,0.8,0.8,720.0,53.0,720.0,53.0,2.0,0,False,1.0,3.0,68.0,45.0,0.0,31.8,False,False,False,False,False,12.0,2,False,0.0,191.0,255.0,SPOKED,SPOKED,1.0,1.0,85.0,85.0,280.0,610.0,36.0,440.0,1.0
455.0,57.0,615.0,67.0,122.0,53.0,560.0,73.2,648.0,46.0,46.0,45.0,38.0,29.5,31.0,13.8,15.2,ALUMINIUM,31.0,51.0,44.0,331.0,351.0,16.0,17.0,True,False,135.0,2.0,0.9,1.1,0.9,1.2,1.0,0.9,740.0,58.0,740.0,58.0,1.0,1,False,1.0,1.0,68.0,45.0,0.0,34.0,True,True,False,True,False,11.0,2,True,65.0,105.0,225.0,TRISPOKE,SPOKED,1.0,1.0,90.0,80.0,285.0,615.0,37.0,430.0,1.0
425.0,54.0,600.0,68.0,105.0,49.0,550.0,73.5,635.0,45.5,45.0,46.0,36.5,30.0,31.5,13.5,15.5,CARBON,29.0,49.5,42.5,333.5,353.5,16.5,17.5,False,False,142.0,1.7,0.85,1.05,0.85,1.05,0.85,0.85,720.0,54.0,720.0,54.0,1.0,2,False,1.0,3.0,68.0,45.0,0.0,31.8,False,False,False,False,False,12.0,1,False,255.0,215.0,0.0,SPOKED,TRISPOKE,1.0,1.0,80.0,90.0,275.0,605.0,35.0,390.0,1.0
410.0,70.0,620.0,73.5,150.0,45.0,580.0,74.0,650.0,46.0,50.0,32.0,36.5,23.35,13.0,13.0,15.0,ALUMINIUM,30.0,50.0,40.0,330.0,350.0,16.0,18.0,False,False,135.0,1.2,0.9,1.0,1.1,1.0,0.9,0.9,700.0,80.0,700.0,80.0,1.0,1,False,1.0,1.0,68.0,45.0,690.0,31.8,False,False,False,False,True,12.0,1,False,100.0,149.0,237,SPOKED,SPOKED,0.0,0.0,0.0,0.0,280.0,750.0,34.9,350.0,1.0
430.0,65.0,640.0,74.0,160.0,50.0,600.0,73.0,670.0,44.0,60.0,33.0,36.5,24.0,13.5,14.0,15.0,CARBON,32.0,52.0,42.0,330.0,350.0,16.0,18.0,True,True,142.0,1.1,0.9,1.0,1.2,1.0,0.9,0.9,700.0,75.0,700.0,75.0,1.0,2,False,1.0,3.0,68.0,46.0,0.0,32.0,True,False,False,False,True,11.0,2,False,95.0,158.0,237,SPOKED,SPOKED,0.0,0.0,0.0,0.0,285.0,760.0,34.9,360.0,1.0
400.0,75.0,610.0,73.0,140.0,45.0,570.0,75.0,630.0,48.0,45.0,31.0,36.5,23.35,13.0,13.0,15.0,ALUMINIUM,28.0,48.0,38.0,330.0,350.0,0.0,0.0,False,False,135.0,1.2,0.9,1.1,1.1,1.0,0.9,0.9,700.0,85.0,700.0,85.0,1.0,1,False,1.0,1.0,68.0,44.0,0.0,31.8,False,True,False,False,True,12.0,1,False,80.0,130.0,200,SPOKED,SPOKED,0.0,0.0,0.0,0.0,290.0,740.0,34.9,340.0,1.0
395.0,68.0,580.0,72.5,135.0,45.0,550.0,74.5,620.0,50.0,50.0,32.5,36.5,23.35,13.2,13.0,15.0,CARBON,27.0,47.0,37.0,330.0,350.0,16.0,18.0,True,False,142.0,1.0,0.9,1.0,1.2,1.0,0.9,0.9,650.0,80.0,650.0,80.0,1.0,2,False,1.0,3.0,68.0,44.0,0.0,32.0,False,False,False,False,True,10.0,2,False,100.0,120.0,200,SPOKED,SPOKED,0.0,0.0,0.0,0.0,295.0,730.0,34.9,320.0,1.0
420.0,60.0,560.0,74.0,120.0,50.0,530.0,75.0,640.0,47.0,52.0,29.0,36.5,23.5,13.0,12.5,15.0,BAMBOO,25.0,45.0,35.0,330.0,350.0,0.0,0.0,False,False,135.0,1.1,0.9,1.0,1.1,1.0,0.9,0.9,710.0,90.0,710.0,90.0,1.0,1,False,1.0,1.0,68.0,46.0,0.0,32.0,True,True,False,False,True,12.0,1,False,100.0,149.0,237,SPOKED,SPOKED,0.0,0.0,0.0,0.0,300.0,760.0,34.9,380.0,1.0
405.0,72.0,630.0,73.0,155.0,45.0,585.0,73.5,660.0,45.0,55.0,30.0,36.5,23.35,13.0,13.5,15.0,STEEL,31.0,51.0,41.0,330.0,350.0,16.0,18.0,True,True,135.0,1.2,0.9,1.1,1.1,1.0,1.0,0.9,700.0,85.0,700.0,85.0,1.0,2,False,1.0,1.0,68.0,47.0,0.0,33.0,False,False,False,False,True,11.0,1,False,110.0,180.0,230,SPOKED,SPOKED,0.0,0.0,0.0,0.0,275.0,745.0,34.9,330.0,1.0
390.0,78.0,650.0,73.5,170.0,45.0,610.0,72.0,680.0,46.0,60.0,34.0,36.5,23.35,13.0,13.0,15.0,TITANIUM,35.0,55.0,45.0,330.0,350.0,16.0,18.0,False,True,148.0,1.2,0.9,1.0,1.1,1.0,0.9,0.9,700.0,80.0,700.0,80.0,1.0,1,False,1.0,3.0,68.0,48.0,0.0,34.0,True,False,True,True,True,12.0,2,False,90.0,160.0,200,SPOKED,SPOKED,0.0,0.0,0.0,0.0,305.0,755.0,34.9,390.0,1.0
425.0,62.0,600.0,74.0,145.0,45.0,565.0,75.0,655.0,45.5,47.0,31.5,36.5,23.0,13.0,13.2,15.0,ALUMINIUM,29.0,49.0,39.0,330.0,350.0,0.0,0.0,False,False,135.0,1.2,0.9,1.0,1.1,1.0,0.9,0.9,695.0,75.0,695.0,75.0,1.0,2,False,1.0,1.0,68.0,45.0,0.0,31.8,False,True,False,False,True,10.0,1,False,100.0,149.0,237,SPOKED,SPOKED,0.0,0.0,0.0,0.0,290.0,740.0,34.9,365.0,1.0
415.0,69.0,625.0,73.2,152.0,45.0,590.0,74.0,665.0,44.5,55.0,32.2,36.5,23.35,13.0,13.0,15.0,CARBON,31.5,51.5,41.5,330.0,350.0,16.0,18.0,True,True,142.0,1.1,0.9,1.0,1.2,1.0,0.9,0.9,705.0,82.0,705.0,82.0,1.0,1,False,1.0,3.0,68.0,47.0,0.0,32.5,False,False,False,False,True,12.0,2,False,100.0,140.0,200,SPOKED,SPOKED,0.0,0.0,0.0,0.0,300.0,745.0,34.9,375.0,1.0
420.0,66.0,585.0,74.5,130.0,45.0,555.0,75.0,635.0,47.5,48.0,30.5,36.5,23.35,13.0,13.0,15.0,STEEL,26.0,46.0,36.0,330.0,350.0,0.0,0.0,False,True,135.0,1.2,0.9,1.0,1.1,1.0,0.9,0.9,695.0,78.0,695.0,78.0,1.0,2,False,1.0,1.0,68.0,44.0,0.0,31.8,True,False,False,False,True,11.0,1,False,100.0,149.0,237,SPOKED,SPOKED,0.0,0.0,0.0,0.0,285.0,735.0,34.9,345.0,1.0
430.0,65.0,580.0,67.0,100.0,45.0,600.0,73.0,640.0,50.0,40.0,32.0,36.0,30.0,30.0,15.0,9.0,CARBON,35.0,40.0,45.0,0.0,0.0,0.0,0.0,False,False,135.0,1.2,1.1,1.3,1.2,1.0,1.0,1.2,700.0,40.0,700.0,40.0,1.0,1,False,1.0,1.0,68.0,45.0,0.0,35.0,False,True,False,False,True,12.0,1,False,0.0,123.0,167,SPOKED,SPOKED,0.0,0.0,0.0,0.0,280.0,730.0,36.0,150.0,1.0
435.0,62.0,590.0,66.5,110.0,46.0,610.0,72.5,650.0,50.0,40.0,33.0,37.0,31.0,31.0,14.0,8.0,CARBON,36.0,41.0,46.0,0.0,0.0,0.0,0.0,False,False,135.0,1.2,1.1,1.3,1.2,1.0,1.0,1.2,700.0,40.0,700.0,40.0,1.0,2,False,1.0,1.0,68.0,45.0,0.0,35.0,False,True,False,False,True,12.0,2,False,0.0,123.0,167,SPOKED,SPOKED,0.0,0.0,0.0,0.0,280.0,730.0,37.0,150.0,1.0
425.0,63.0,575.0,67.5,95.0,44.0,595.0,73.5,630.0,50.0,40.0,31.0,35.0,29.0,29.0,15.5,10.0,CARBON,32.0,39.0,44.0,0.0,0.0,0.0,0.0,False,False,135.0,1.2,1.1,1.3,1.2,1.0,1.0,1.2,700.0,40.0,700.0,40.0,1.0,1,False,1.0,1.0,68.0,45.0,0.0,35.0,False,True,False,False,True,12.0,1,False,0.0,123.0,167,SPOKED,SPOKED,0.0,0.0,0.0,0.0,280.0,730.0,35.0,150.0,1.0
440.0,60.0,570.0,68.0,105.0,45.5,605.0,72.8,645.0,50.0,40.0,34.0,38.0,30.0,29.5,15.2,9.5,CARBON,38.0,42.0,47.0,0.0,0.0,0.0,0.0,False,False,135.0,1.2,1.1,1.3,1.2,1.0,1.0,1.2,700.0,40.0,700.0,40.0,1.0,2,False,1.0,1.0,68.0,45.0,0.0,35.0,False,True,False,False,True,12.0,2,False,0.0,123.0,167,SPOKED,SPOKED,0.0,0.0,0.0,0.0,280.0,730.0,38.0,150.0,1.0
428.0,64.0,585.0,67.2,98.0,45.0,598.0,73.2,638.0,50.0,40.0,32.5,36.5,30.5,30.0,14.8,8.5,CARBON,34.0,40.5,45.5,0.0,0.0,0.0,0.0,False,False,135.0,1.2,1.1,1.3,1.2,1.0,1.0,1.2,700.0,40.0,700.0,40.0,1.0,1,False,1.0,1.0,68.0,45.0,0.0,35.0,False,True,False,False,True,12.0,1,False,0.0,123.0,167,SPOKED,SPOKED,0.0,0.0,0.0,0.0,280.0,730.0,36.5,150.0,1.0
432.0,61.0,595.0,66.8,102.0,44.5,615.0,72.2,655.0,50.0,40.0,33.5,37.5,30.2,30.8,15.3,9.2,CARBON,37.0,41.0,46.0,0.0,0.0,0.0,0.0,False,False,135.0,1.2,1.1,1.3,1.2,1.0,1.0,1.2,700.0,40.0,700.0,40.0,1.0,2,False,1.0,1.0,68.0,45.0,0.0,35.0,False,True,False,False,True,12.0,2,False,0.0,123.0,167,SPOKED,SPOKED,0.0,0.0,0.0,0.0,280.0,730.0,37.5,150.0,1.0
438.0,66.0,578.0,67.7,115.0,45.2,620.0,72.9,650.0,50.0,40.0,33.0,36.8,29.8,31.2,14.5,8.8,CARBON,35.5,40.8,45.0,0.0,0.0,0.0,0.0,False,False,135.0,1.2,1.1,1.3,1.2,1.0,1.0,1.2,700.0,40.0,700.0,40.0,1.0,1,False,1.0,1.0,68.0,45.0,0.0,35.0,False,True,False,False,True,12.0,2,False,0.0,123.0,167,SPOKED,SPOKED,0.0,0.0,0.0,0.0,280.0,730.0,36.8,150.0,1.0
422.0,67.0,565.0,66.2,92.0,46.0,590.0,73.8,625.0,50.0,40.0,30.0,34.0,29.2,29.9,15.6,9.5,CARBON,33.0,38.5,43.5,0.0,0.0,0.0,0.0,False,False,135.0,1.2,1.1,1.3,1.2,1.0,1.0,1.2,700.0,40.0,700.0,40.0,1.0,2,False,1.0,1.0,68.0,45.0,0.0,35.0,False,True,False,False,True,12.0,2,False,0.0,123.0,167,SPOKED,SPOKED,0.0,0.0,0.0,0.0,280.0,730.0,34.0,150.0,1.0
437.0,65.0,600.0,67.3,108.0,45.8,610.0,73.1,648.0,50.0,40.0,34.0,37.0,30.0,30.5,15.1,9.3,CARBON,36.8,41.2,46.5,0.0,0.0,0.0,0.0,False,False,135.0,1.2,1.1,1.3,1.2,1.0,1.0,1.2,700.0,40.0,700.0,40.0,1.0,1,False,1.0,1.0,68.0,45.0,0.0,35.0,False,True,False,False,True,12.0,1,False,0.0,123.0,167,SPOKED,SPOKED,0.0,0.0,0.0,0.0,280.0,730.0,37.0,150.0,1.0
429.0,62.0,572.0,68.0,97.0,44.8,605.0,72.7,635.0,50.0,40.0,31.5,35.5,30.1,29.7,14.9,9.7,CARBON,34.5,39.8,44.7,0.0,0.0,0.0,0.0,False,False,135.0,1.2,1.1,1.3,1.2,1.0,1.0,1.2,700.0,40.0,700.0,40.0,1.0,2,False,1.0,1.0,68.0,45.0,0.0,35.0,False,True,False,False,True,12.0,2,False,0.0,123.0,167,SPOKED,SPOKED,0.0,0.0,0.0,0.0,280.0,730.0,35.5,150.0,1.0
450.0,30.0,550.0,67.0,110.0,60.0,500.0,73.0,600.0,45.0,40.0,28.6,36.5,25.0,20.0,15.0,9.0,ALUMINIUM,25.0,40.0,30.0,300.0,350.0,16.0,18.0,True,True,142.0,2.0,1.2,1.2,1.2,1.0,1.0,1.2,700.0,50.0,700.0,50.0,1.0,1,False,1.0,1.0,68.0,45.0,0.0,31.8,True,True,False,False,True,12.0,1,False,0.0,123.0,167,SPOKED,SPOKED,1.0,1.0,80.0,80.0,280.0,300.0,35.0,350.0,1.0
465.0,40.0,540.0,66.0,120.0,55.0,490.0,74.0,610.0,50.0,40.0,30.0,38.0,25.0,18.0,14.0,8.5,CARBON,28.0,38.0,32.0,310.0,360.0,15.0,17.0,True,False,135.0,1.8,1.0,1.0,1.1,0.9,0.9,1.0,686.0,64.0,686.0,64.0,1.0,0,False,1.0,1.0,70.0,44.0,0.0,32.0,True,False,False,False,True,11.0,2,False,0.0,113.0,157,TRISPOKE,SPOKED,1.0,1.0,60.0,80.0,290.0,310.0,36.0,400.0,1.0
440.0,35.0,560.0,68.5,115.0,65.0,520.0,73.5,595.0,42.0,42.0,28.0,34.0,27.0,22.0,16.0,10.0,STEEL,30.0,42.0,35.0,320.0,340.0,18.0,20.0,True,True,142.0,2.0,1.1,1.1,1.3,1.0,1.0,1.2,700.0,60.0,700.0,60.0,1.0,2,False,1.0,1.0,68.0,46.0,0.0,33.0,True,True,True,True,True,12.0,1,False,0.0,123.0,167,SPOKED,SPOKED,2.0,2.0,90.0,90.0,275.0,295.0,37.0,420.0,1.0
470.0,50.0,530.0,65.0,105.0,70.0,480.0,74.5,620.0,48.0,40.0,29.0,35.0,26.0,21.0,15.0,9.5,TITANIUM,26.0,36.0,33.0,315.0,355.0,17.0,19.0,False,True,135.0,1.5,1.0,1.0,1.0,0.9,0.9,1.0,686.0,58.0,686.0,58.0,1.0,1,False,1.0,1.0,75.0,47.0,0.0,32.5,False,False,False,False,True,10.0,2,True,0.0,133.0,177,DISC,SPOKED,0.0,2.0,0.0,85.0,265.0,290.0,36.5,360.0,1.0
430.0,45.0,555.0,69.0,130.0,60.0,530.0,72.0,605.0,46.0,38.0,32.0,37.0,28.0,23.0,17.0,8.0,CARBON,27.0,39.0,36.0,325.0,345.0,16.0,18.0,True,True,142.0,2.0,1.1,1.2,1.1,1.0,1.0,1.2,700.0,55.0,700.0,55.0,1.0,0,False,1.0,3.0,70.0,50.0,0.0,34.0,True,True,True,False,True,12.0,2,False,10.0,125.0,160,SPOKED,DISC,1.0,0.0,80.0,0.0,285.0,305.0,37.5,380.0,1.0
460.0,32.0,520.0,64.5,100.0,75.0,470.0,75.0,630.0,40.0,40.0,30.0,35.0,25.0,21.0,13.0,11.0,BAMBOO,24.0,34.0,30.0,305.0,365.0,14.0,19.0,False,False,135.0,2.0,1.2,1.1,1.3,1.1,1.0,1.2,686.0,60.0,686.0,60.0,1.0,2,False,1.0,1.0,65.0,44.0,0.0,32.0,False,False,True,True,True,11.0,1,True,0.0,110.0,150,SPOKED,SPOKED,1.0,1.0,80.0,80.0,270.0,285.0,36.0,450.0,2.0
420.0,48.0,545.0,67.5,140.0,50.0,510.0,73.0,600.0,47.0,42.0,32.0,36.5,27.5,22.5,18.0,8.8,STEEL,29.0,43.0,37.0,330.0,370.0,17.5,20.0,True,True,142.0,1.9,1.1,1.0,1.2,1.0,1.0,1.1,700.0,52.0,700.0,52.0,1.0,0,False,1.0,2.0,68.0,43.0,0.0,33.0,True,False,False,True,True,10.0,3,False,5.0,130.0,175,TRISPOKE,TRISPOKE,1.0,1.0,70.0,70.0,285.0,300.0,35.5,370.0,1.0
480.0,38.0,565.0,66.5,125.0,58.0,540.0,72.5,615.0,44.0,40.0,29.0,37.0,26.5,21.5,15.5,9.2,ALUMINIUM,31.0,41.0,34.0,318.0,358.0,16.5,18.5,False,True,135.0,2.0,1.1,1.1,1.2,1.0,1.0,1.1,700.0,58.0,700.0,58.0,1.0,1,False,1.0,1.0,67.0,45.0,0.0,32.2,True,True,False,False,True,12.0,2,True,0.0,120.0,160,SPOKED,DISC,1.0,0.0,80.0,0.0,275.0,290.0,36.8,360.0,2.0
455.0,42.0,585.0,69.0,135.0,62.0,525.0,73.8,605.0,49.0,38.0,31.0,34.5,25.8,22.2,15.8,9.8,CARBON,27.5,40.5,33.5,322.0,362.0,16.8,18.8,True,False,142.0,1.8,1.0,1.0,1.0,0.9,0.9,1.0,686.0,62.0,686.0,62.0,1.0,0,False,1.0,1.0,69.0,44.5,0.0,32.8,True,True,False,False,True,13.0,1,False,5.0,125.0,170,SPOKED,SPOKED,1.0,1.0,80.0,80.0,290.0,305.0,35.5,400.0,1.0
495.0,37.0,550.0,65.5,110.0,68.0,515.0,74.2,625.0,41.0,40.0,30.5,36.2,26.2,20.8,14.5,8.7,OTHER,28.5,37.5,32.5,312.0,352.0,15.5,17.5,False,False,135.0,1.7,1.2,1.1,1.3,1.0,1.0,1.1,700.0,56.0,700.0,56.0,1.0,1,False,1.0,1.0,68.5,45.5,0.0,32.6,False,False,True,True,True,12.0,1,False,0.0,123.0,167,TRISPOKE,DISC,2.0,0.0,70.0,0.0,280.0,295.0,35.0,410.0,1.0
430.0,60.0,620.0,67.0,120.0,50.0,580.0,73.0,650.0,50.0,40.0,32.0,37.0,35.0,34.0,13.0,15.0,ALUMINIUM,30.0,50.0,10.0,330.0,350.0,16.0,18.0,False,False,135.0,2.0,1.0,1.0,1.0,1.2,1.0,1.0,700.0,60.0,700.0,60.0,1.0,0,False,1.0,3.0,68.0,50.0,30.0,34.9,True,True,False,False,True,12.0,1,False,0.0,123.0,167,SPOKED,SPOKED,0.0,0.0,0.0,0.0,280.0,770.0,36.0,720.0,1.0
440.0,55.0,640.0,66.0,100.0,45.0,600.0,74.0,665.0,45.0,40.0,30.0,40.0,30.0,32.0,13.5,15.0,CARBON,25.0,55.0,12.0,330.0,350.0,17.0,19.0,True,True,135.0,1.5,0.8,0.9,0.8,1.0,1.0,0.9,700.0,55.0,700.0,55.0,1.0,1,False,1.0,3.0,70.0,45.0,30.0,31.8,False,True,False,False,True,11.0,1,False,0.0,123.0,167,SPOKED,SPOKED,0.0,0.0,0.0,0.0,280.0,760.0,35.0,700.0,1.0
425.0,65.0,615.0,68.0,140.0,55.0,570.0,72.0,640.0,50.0,40.0,34.0,38.0,33.0,33.0,13.0,15.0,TITANIUM,35.0,48.0,8.0,330.0,350.0,16.0,18.0,False,False,142.0,2.0,1.0,1.0,1.0,1.2,1.0,1.1,700.0,70.0,700.0,70.0,1.0,2,False,1.0,3.0,70.0,52.0,25.0,34.9,True,False,False,False,True,11.0,2,False,0.0,123.0,167,SPOKED,SPOKED,0.0,0.0,0.0,0.0,290.0,730.0,38.0,700.0,1.0
435.0,58.0,630.0,67.5,130.0,47.0,560.0,73.5,655.0,48.0,40.0,31.8,37.5,34.0,34.0,13.5,15.0,STEEL,32.0,52.0,15.0,330.0,350.0,16.0,18.0,True,False,135.0,2.0,1.1,1.1,1.1,1.3,1.1,1.2,680.0,65.0,680.0,65.0,1.0,0,False,1.0,1.0,68.0,48.0,28.0,31.8,True,True,False,False,True,10.0,1,False,0.0,123.0,167,SPOKED,SPOKED,0.0,0.0,0.0,0.0,275.0,740.0,37.5,700.0,1.0
445.0,62.0,610.0,66.5,125.0,49.0,590.0,74.0,660.0,52.0,42.0,35.0,39.0,36.0,35.0,13.5,15.0,BAMBOO,34.0,50.0,10.0,330.0,350.0,16.0,18.0,False,True,142.0,2.0,1.0,1.0,1.0,1.2,1.0,1.0,700.0,60.0,700.0,60.0,1.0,1,False,1.0,2.0,66.0,50.0,30.0,34.9,True,False,False,False,True,12.0,1,False,0.0,123.0,167,SPOKED,SPOKED,0.0,0.0,0.0,0.0,285.0,750.0,39.0,700.0,1.0
420.0,58.0,635.0,68.0,90.0,52.0,575.0,72.5,645.0,43.0,40.0,29.0,38.0,30.0,32.0,13.3,15.0,CARBON,22.0,53.0,6.0,330.0,350.0,17.0,19.0,True,True,135.0,1.2,0.8,0.9,0.8,1.0,0.9,0.9,700.0,55.0,700.0,55.0,1.0,2,False,1.0,3.0,68.0,45.0,28.0,31.8,False,True,False,False,True,11.0,2,False,0.0,123.0,167,SPOKED,SPOKED,0.0,0.0,0.0,0.0,270.0,760.0,38.0,700.0,1.0
450.0,70.0,655.0,66.0,150.0,54.0,600.0,74.0,670.0,55.0,45.0,40.0,42.0,38.0,36.0,14.0,17.0,OTHER,38.0,58.0,18.0,330.0,350.0,18.0,20.0,True,True,142.0,2.0,1.0,1.0,1.0,1.2,1.0,1.0,720.0,68.0,720.0,68.0,1.0,1,False,1.0,3.0,70.0,55.0,30.0,38.0,True,False,False,False,True,12.0,1,False,0.0,123.0,167,SPOKED,SPOKED,0.0,0.0,0.0,0.0,300.0,770.0,42.0,700.0,1.0
435.0,65.0,605.0,67.0,110.0,49.0,580.0,73.0,640.0,47.0,40.0,33.0,37.0,34.0,33.0,13.2,15.0,ALUMINIUM,28.0,49.0,12.0,330.0,350.0,16.0,18.0,False,False,135.0,2.0,1.0,1.0,1.0,1.2,1.0,1.0,700.0,62.0,700.0,62.0,1.0,0,False,1.0,3.0,68.0,48.0,28.0,31.8,True,False,False,False,True,10.0,1,False,0.0,123.0,167,SPOKED,SPOKED,0.0,0.0,0.0,0.0,275.0,740.0,37.0,700.0,1.0
440.0,60.0,600.0,66.5,135.0,51.0,590.0,74.0,650.0,49.0,42.0,35.0,38.0,36.0,34.0,13.5,15.0,STEEL,33.0,54.0,14.0,330.0,350.0,16.0,18.0,True,False,135.0,2.0,1.1,1.0,1.0,1.3,1.0,1.1,700.0,65.0,700.0,65.0,1.0,1,False,1.0,1.0,68.0,47.0,28.0,31.8,True,False,False,False,True,10.0,2,False,0.0,123.0,167,SPOKED,SPOKED,0.0,0.0,0.0,0.0,280.0,755.0,38.0,700.0,1.0
425.0,62.0,620.0,67.5,150.0,56.0,570.0,72.0,655.0,50.0,40.0,32.0,37.0,34.0,33.0,13.0,15.0,TITANIUM,36.0,47.0,9.0,330.0,350.0,16.0,18.0,False,True,142.0,2.0,1.0,1.0,1.0,1.2,1.0,1.0,700.0,68.0,700.0,68.0,1.0,2,False,1.0,3.0,70.0,50.0,30.0,34.9,False,True,False,False,True,11.0,1,False,0.0,123.0,167,SPOKED,SPOKED,0.0,0.0,0.0,0.0,290.0,735.0,37.0,700.0,1.0
430.0,70.0,550.0,68.0,110.0,45.0,500.0,74.0,650.0,45.0,41.0,28.6,33.6,23.35,23.35,13.0,15,ALUMINIUM,30.0,45.0,45.0,0.0,0.0,0.0,0,False,False,135.0,2.0,1.0,1.1,1.0,1.2,1.0,0.9,674.0,52.0,674.0,52.0,1.0,0,False,1.0,1.0,68.0,50.0,0.0,34.9,True,True,False,False,True,12.0,1,False,70.0,130.0,180,SPOKED,SPOKED,0.0,0.0,0.0,0.0,300.0,760.0,33.6,330.0,1.0
435.0,75.0,560.0,67.0,120.0,50.0,520.0,73.0,660.0,46.0,42.0,28.6,33.6,23.35,23.35,13.0,15,CARBON,32.0,47.0,47.0,0.0,0.0,0.0,0,False,False,148.0,2.0,1.0,1.1,1.0,1.2,1.0,0.9,700.0,60.0,700.0,60.0,1.0,1,False,1.0,1.0,68.0,52.0,0.0,34.9,True,True,False,False,True,11.0,1,False,70.0,130.0,180,SPOKED,SPOKED,0.0,0.0,0.0,0.0,310.0,750.0,33.6,350.0,1.0
440.0,65.0,540.0,69.0,105.0,40.0,480.0,75.0,640.0,44.0,40.0,28.6,33.6,23.35,23.35,13.0,15,STEEL,28.0,42.0,42.0,300.0,320.0,16.0,18,True,True,135.0,2.0,1.0,1.1,1.0,1.2,1.0,0.9,650.0,50.0,650.0,50.0,1.0,2,False,1.0,1.0,68.0,48.0,0.0,34.9,True,True,False,False,True,12.0,1,False,70.0,130.0,180,SPOKED,SPOKED,0.0,0.0,0.0,0.0,290.0,770.0,33.6,340.0,1.0
450.0,72.0,570.0,66.0,115.0,48.0,530.0,72.0,665.0,47.0,42.0,30.0,36.5,25.0,25.0,15.0,17,TITANIUM,35.0,50.0,50.0,0.0,0.0,0.0,0,False,False,148.0,2.0,1.0,1.1,1.0,1.2,1.0,0.9,700.0,60.0,700.0,60.0,1.0,0,False,1.0,1.0,68.0,54.0,0.0,34.9,True,True,False,False,True,10.0,2,False,70.0,130.0,180,SPOKED,SPOKED,0.0,0.0,0.0,0.0,305.0,745.0,36.5,360.0,1.0
455.0,68.0,555.0,70.0,100.0,45.0,510.0,74.0,655.0,44.0,41.0,28.6,33.6,23.35,23.35,13.0,15,BAMBOO,30.0,45.0,45.0,0.0,0.0,0.0,0,False,False,135.0,2.0,1.0,1.1,1.0,1.2,1.0,0.9,674.0,52.0,674.0,52.0,1.0,1,False,1.0,1.0,68.0,50.0,0.0,34.9,True,True,False,False,True,12.0,1,False,70.0,130.0,180,DISC,SPOKED,0.0,0.0,0.0,0.0,295.0,755.0,33.6,345.0,1.0
425.0,74.0,565.0,67.0,125.0,50.0,520.0,72.0,660.0,48.0,43.0,28.6,36.5,25.0,23.35,14.0,16,ALUMINIUM,33.0,48.0,48.0,0.0,0.0,0.0,0,False,False,148.0,2.0,1.0,1.1,1.0,1.2,1.0,0.9,700.0,55.0,700.0,55.0,1.0,2,False,1.0,1.0,68.0,52.0,0.0,34.9,True,True,False,False,True,11.0,1,False,70.0,130.0,180,SPOKED,DISC,0.0,0.0,0.0,0.0,300.0,765.0,36.5,350.0,1.0
445.0,69.0,545.0,68.5,110.0,46.0,495.0,73.5,648.0,45.0,41.0,30.0,33.6,23.35,23.35,13.0,15,CARBON,31.0,46.0,46.0,0.0,0.0,0.0,0,False,False,135.0,2.0,1.0,1.1,1.0,1.2,1.0,0.9,674.0,52.0,674.0,52.0,1.0,1,False,1.0,1.0,68.0,50.0,0.0,34.9,True,True,False,False,True,12.0,1,False,70.0,130.0,180,TRISPOKE,SPOKED,1.0,0.0,60.0,0.0,285.0,750.0,33.6,340.0,1.0
430.0,73.0,580.0,66.5,120.0,48.0,540.0,72.0,670.0,50.0,44.0,28.6,36.5,25.0,25.0,15.0,17,STEEL,35.0,50.0,50.0,0.0,0.0,0.0,0,False,False,148.0,2.0,1.0,1.1,1.0,1.2,1.0,0.9,700.0,60.0,700.0,60.0,1.0,0,False,1.0,1.0,73.0,54.0,0.0,34.9,True,True,False,False,True,12.0,2,False,70.0,130.0,180,SPOKED,SPOKED,0.0,0.0,0.0,0.0,320.0,780.0,36.5,380.0,1.0
460.0,71.0,555.0,68.0,115.0,47.0,505.0,74.0,658.0,46.0,42.0,28.6,33.6,23.35,23.35,14.0,16,TITANIUM,32.0,47.0,47.0,310.0,0.0,14.0,0,True,False,135.0,2.0,1.0,1.1,1.0,1.2,1.0,0.9,674.0,52.0,674.0,52.0,1.0,2,False,1.0,1.0,68.0,50.0,0.0,34.9,True,True,False,False,True,12.0,1,False,70.0,130.0,180,SPOKED,SPOKED,0.0,0.0,0.0,0.0,295.0,755.0,33.6,345.0,1.0
450.0,66.0,565.0,69.5,105.0,44.0,490.0,75.0,645.0,45.0,41.0,30.0,33.6,23.35,23.35,13.0,15,BAMBOO,30.0,45.0,45.0,0.0,0.0,0.0,0,False,False,148.0,2.0,1.0,1.1,1.0,1.2,1.0,0.9,700.0,60.0,700.0,60.0,1.0,1,False,1.0,1.0,68.0,50.0,0.0,34.9,True,True,False,False,True,12.0,1,False,70.0,130.0,180,TRISPOKE,TRISPOKE,1.0,1.0,60.0,60.0,300.0,760.0,33.6,350.0,1.0
430.0,55.0,600.0,68.0,120.0,45.0,550.0,74.0,650.0,45.0,45.0,30.0,36.5,36.5,23.35,13.0,15,ALUMINIUM,30.0,45.0,45.0,330.0,350.0,16.0,18,False,False,135.0,2.0,0.9,1.1,0.9,1.2,1.0,0.9,674.0,52.0,674.0,52.0,1.0,1,False,1.0,1.0,68.0,45.0,692.0,31.8,False,True,False,False,True,12.0,1,False,0.0,123.0,180,SPOKED,SPOKED,0.0,0.0,0.0,0.0,280.0,760.0,34.9,800.0,1.0
438.0,52.0,595.0,69.0,118.0,48.0,555.0,73.5,655.0,48.0,45.0,32.0,36.5,36.5,23.35,14.0,16,CARBON,32.0,47.0,48.0,330.0,350.0,16.0,18,False,False,130.0,2.2,1.0,1.2,1.0,1.3,1.1,1.0,650.0,50.0,650.0,50.0,1.0,2,False,1.0,1.0,70.0,48.0,692.0,31.8,False,True,False,False,True,12.0,1,False,0.0,123.0,200,SPOKED,SPOKED,0.0,0.0,0.0,0.0,285.0,750.0,34.9,780.0,1.0
425.0,60.0,610.0,68.5,125.0,46.0,545.0,74.0,645.0,44.0,40.0,28.6,36.5,36.5,23.35,13.0,15,STEEL,28.0,44.0,46.0,330.0,350.0,16.0,18,False,False,135.0,2.1,0.9,1.1,0.9,1.2,1.0,0.9,674.0,52.0,674.0,52.0,1.0,0,False,1.0,1.0,68.0,45.0,692.0,31.8,False,True,False,False,True,12.0,2,False,10.0,100.0,200,SPOKED,SPOKED,0.0,0.0,0.0,0.0,275.0,700.0,34.9,750.0,1.0
445.0,50.0,605.0,67.5,110.0,47.0,560.0,73.0,660.0,46.0,50.0,31.0,36.5,36.5,23.35,14.0,14,TITANIUM,29.0,46.0,47.0,330.0,350.0,16.0,18,False,False,130.0,2.0,0.95,1.05,0.95,1.15,1.05,0.95,680.0,54.0,680.0,54.0,1.0,2,False,1.0,1.0,69.0,46.0,692.0,31.8,True,True,False,False,True,12.0,1,True,20.0,80.0,160,SPOKED,SPOKED,0.0,0.0,0.0,0.0,290.0,740.0,34.9,760.0,1.0
420.0,58.0,620.0,70.0,130.0,49.0,540.0,74.5,640.0,43.0,45.0,29.5,36.5,36.5,23.35,13.0,17,BAMBOO,31.0,48.0,44.0,330.0,350.0,16.0,18,True,True,135.0,2.3,1.1,1.2,1.0,1.3,1.2,1.1,690.0,53.0,690.0,53.0,1.0,1,False,1.0,1.0,72.0,50.0,692.0,31.8,True,True,False,False,True,11.0,2,False,50.0,150.0,220,SPOKED,SPOKED,0.0,0.0,0.0,0.0,300.0,780.0,34.9,820.0,1.0
435.0,57.0,605.0,69.5,122.0,46.0,555.0,73.8,655.0,47.0,45.0,30.0,36.5,36.5,23.35,14.0,15,ALUMINIUM,33.0,45.0,46.0,330.0,350.0,16.0,18,False,False,130.0,2.1,0.85,1.15,0.85,1.25,0.95,0.85,674.0,52.0,674.0,52.0,1.0,1,False,1.0,1.0,68.0,45.0,692.0,31.8,False,True,False,False,True,12.0,1,False,0.0,150.0,120,SPOKED,SPOKED,0.0,0.0,0.0,0.0,278.0,720.0,34.9,700.0,1.0
432.0,59.0,598.0,68.2,119.0,45.0,548.0,74.2,648.0,45.0,48.0,31.0,36.5,36.5,23.35,13.0,15,CARBON,34.0,46.0,45.0,330.0,350.0,16.0,18,False,False,135.0,1.9,0.9,1.1,0.9,1.2,1.0,0.9,680.0,52.0,680.0,52.0,1.0,0,False,1.0,1.0,70.0,49.0,692.0,31.8,False,True,False,False,True,12.0,2,False,100.0,200.0,150,SPOKED,SPOKED,0.0,0.0,0.0,0.0,282.0,755.0,34.9,790.0,1.0
438.0,53.0,615.0,67.8,128.0,48.0,565.0,73.2,658.0,49.0,45.0,32.0,36.5,36.5,23.35,14.0,16,STEEL,30.0,44.0,48.0,330.0,350.0,16.0,18,False,False,130.0,2.2,0.95,1.05,0.95,1.15,1.05,0.95,682.0,51.0,682.0,51.0,1.0,2,False,1.0,1.0,69.0,47.0,692.0,31.8,False,True,False,False,True,12.0,1,False,200.0,50.0,100,SPOKED,SPOKED,0.0,0.0,0.0,0.0,295.0,765.0,34.9,810.0,1.0
445.0,56.0,590.0,69.2,117.0,47.0,540.0,74.1,642.0,44.0,45.0,31.0,36.5,36.5,23.35,13.0,17,TITANIUM,32.0,49.0,45.0,330.0,350.0,16.0,18,False,False,135.0,2.0,0.9,1.0,0.9,1.2,1.0,0.9,690.0,54.0,690.0,54.0,1.0,1,False,1.0,1.0,68.0,45.0,692.0,31.8,False,True,False,False,True,12.0,2,False,30.0,90.0,160,SPOKED,SPOKED,0.0,0.0,0.0,0.0,270.0,700.0,34.9,670.0,1.0
440.0,54.0,605.0,68.7,121.0,46.0,555.0,73.7,655.0,46.0,45.0,31.0,36.5,36.5,23.35,14.0,16,BAMBOO,31.0,47.0,46.0,330.0,350.0,16.0,18,False,False,130.0,2.1,0.9,1.1,0.9,1.2,1.0,0.9,684.0,52.0,684.0,52.0,1.0,0,False,1.0,1.0,70.0,45.0,692.0,31.8,False,True,False,False,True,12.0,1,False,0.0,180.0,100,SPOKED,SPOKED,0.0,0.0,0.0,0.0,288.0,758.0,34.9,780.0,1.0
470.0,70.0,600.0,67.0,150.0,45.0,550.0,74.0,650.0,45.0,50.0,33.6,28.6,36.5,30.0,13.0,15.0,ALUMINIUM,35.0,40.0,45.0,330.0,350.0,16.0,18.0,False,False,135.0,2.0,1.0,1.1,0.9,1.2,1.0,0.9,690.0,50.0,690.0,50.0,1.0,1,False,1.0,1.0,68.0,45.0,0.0,31.8,False,True,False,False,True,11.0,1,False,100.0,149.0,237,SPOKED,SPOKED,1.0,1.0,80.0,80.0,280.0,750.0,34.9,300.0,1.0
480.0,65.0,580.0,68.5,130.0,45.0,560.0,73.5,640.0,44.0,50.0,32.0,29.0,35.0,29.0,13.0,15.0,CARBON,30.0,38.0,42.0,330.0,350.0,16.0,18.0,False,False,135.0,2.0,1.0,1.1,0.9,1.2,1.0,0.9,680.0,45.0,680.0,45.0,1.0,0,False,1.0,3.0,68.0,50.0,0.0,34.9,False,True,False,False,True,12.0,1,False,0.0,127.0,255,SPOKED,SPOKED,1.0,1.0,80.0,80.0,275.0,740.0,34.9,310.0,1.0
500.0,68.0,620.0,66.0,160.0,50.0,540.0,74.5,660.0,47.0,55.0,30.0,28.6,36.5,30.0,13.0,15.0,STEEL,40.0,42.0,48.0,330.0,350.0,16.0,18.0,False,False,135.0,2.0,1.0,1.1,0.9,1.2,1.0,0.9,700.0,50.0,700.0,50.0,1.0,1,False,1.0,1.0,68.0,45.0,0.0,31.8,False,True,False,False,True,10.0,2,True,64.0,224.0,208,SPOKED,SPOKED,1.0,1.0,80.0,80.0,278.0,760.0,34.9,300.0,1.0
460.0,75.0,610.0,67.5,140.0,45.0,570.0,73.0,670.0,45.0,50.0,33.6,28.6,36.5,30.0,13.0,15.0,TITANIUM,33.0,40.0,46.0,330.0,350.0,16.0,18.0,False,False,135.0,2.0,1.0,1.1,0.9,1.2,1.0,0.9,695.0,50.0,695.0,50.0,1.0,1,False,1.0,1.0,68.0,45.0,0.0,31.8,False,True,False,False,True,9.0,1,False,255.0,165.0,0,SPOKED,SPOKED,1.0,1.0,80.0,80.0,276.0,755.0,34.9,300.0,1.0
550.0,65.0,590.0,68.0,120.0,45.0,560.0,74.0,655.0,46.0,50.0,34.9,28.6,36.5,30.0,13.0,15.0,BAMBOO,28.0,38.0,44.0,330.0,350.0,16.0,18.0,False,False,135.0,2.0,1.0,1.1,0.9,1.2,1.0,0.9,685.0,50.0,685.0,50.0,1.0,1,False,1.0,1.0,68.0,45.0,0.0,31.8,False,True,False,False,True,10.0,1,False,34.0,139.0,34,SPOKED,SPOKED,1.0,1.0,80.0,80.0,282.0,745.0,34.9,300.0,1.0
490.0,72.0,605.0,69.0,110.0,50.0,580.0,74.0,645.0,44.0,50.0,32.0,28.6,36.5,30.0,13.0,15.0,CARBON,32.0,40.0,43.0,330.0,350.0,16.0,18.0,False,False,135.0,2.0,1.0,1.1,0.9,1.2,1.0,0.9,690.0,50.0,690.0,50.0,1.0,0,False,1.0,3.0,68.0,45.0,0.0,31.8,False,True,False,False,True,11.0,1,False,220.0,20.0,60,SPOKED,SPOKED,1.0,1.0,80.0,80.0,279.0,748.0,34.9,300.0,1.0
530.0,70.0,630.0,66.0,180.0,45.0,550.0,73.5,680.0,45.0,50.0,33.6,28.6,36.5,30.0,13.0,15.0,ALUMINIUM,35.0,40.0,48.0,330.0,350.0,16.0,18.0,False,False,135.0,2.0,1.0,1.1,0.9,1.2,1.0,0.9,700.0,50.0,700.0,50.0,1.0,1,False,1.0,1.0,68.0,45.0,0.0,31.8,False,True,False,False,True,12.0,1,False,255.0,215.0,0,SPOKED,SPOKED,1.0,1.0,80.0,80.0,281.0,765.0,34.9,300.0,1.0
515.0,68.0,595.0,68.0,150.0,48.0,560.0,74.5,660.0,50.0,55.0,30.0,25.4,36.5,30.0,13.0,15.0,STEEL,33.0,40.0,45.0,330.0,350.0,16.0,18.0,False,False,135.0,2.0,1.0,1.1,0.9,1.2,1.0,0.9,695.0,52.0,695.0,52.0,1.0,1,False,1.0,1.0,68.0,45.0,0.0,31.8,False,True,False,False,True,10.0,2,False,128.0,0.0,128,SPOKED,SPOKED,1.0,1.0,80.0,80.0,277.0,730.0,34.9,300.0,1.0
475.0,73.0,615.0,67.5,145.0,45.0,550.0,73.0,650.0,45.0,50.0,33.0,28.6,36.5,30.0,13.0,15.0,TITANIUM,31.0,39.0,44.0,330.0,350.0,16.0,18.0,False,False,135.0,2.0,1.0,1.1,0.9,1.2,1.0,0.9,700.0,50.0,700.0,50.0,1.0,1,False,1.0,1.0,68.0,45.0,0.0,31.8,False,True,False,False,True,11.0,1,False,150.0,75.0,0,SPOKED,SPOKED,1.0,1.0,80.0,80.0,279.0,752.0,34.9,300.0,1.0
500.0,69.0,605.0,68.5,135.0,45.0,565.0,74.0,660.0,46.0,45.0,33.6,28.6,36.5,30.0,13.0,15.0,CARBON,34.0,41.0,46.0,330.0,350.0,16.0,18.0,False,False,135.0,2.0,1.0,1.1,0.9,1.2,1.0,0.9,690.0,50.0,690.0,50.0,1.0,0,False,1.0,3.0,68.0,45.0,0.0,31.8,False,True,False,False,True,12.0,1,False,255.0,0.0,255,SPOKED,SPOKED,1.0,1.0,80.0,80.0,280.0,749.0,34.9,300.0,1.0
435.0,35.0,600.0,67.0,120.0,50.0,500.0,72.0,630.0,45.0,40.0,32.0,38.0,27.0,24.0,12.0,15.0,ALUMINIUM,40.0,35.0,45.0,0.0,0.0,0.0,0.0,False,False,135.0,2.0,1.0,1.1,0.9,1.2,1.0,0.9,700.0,45.0,700.0,45.0,1.0,0,False,1.0,1.0,68.0,44.0,0.0,31.8,False,True,False,False,True,12.0,1,False,0.0,120.0,170,DISC,DISC,0.0,0.0,0.0,0.0,280.0,740.0,37.0,350.0,1.0
445.0,40.0,610.0,66.0,130.0,55.0,510.0,73.0,640.0,50.0,42.0,33.0,39.0,28.0,25.0,13.0,16.0,CARBON,45.0,40.0,50.0,0.0,0.0,0.0,0.0,False,False,142.0,2.2,1.1,1.2,1.0,1.3,1.1,1.0,710.0,50.0,710.0,50.0,1.0,1,False,1.0,2.0,70.0,46.0,0.0,32.0,True,False,False,False,True,11.0,2,False,5.0,125.0,175,DISC,SPOKED,0.0,0.0,0.0,0.0,285.0,745.0,38.0,360.0,2.0
430.0,30.0,590.0,68.0,110.0,45.0,480.0,74.0,620.0,40.0,38.0,31.0,37.0,26.0,23.0,11.0,14.0,STEEL,35.0,30.0,40.0,0.0,0.0,0.0,0.0,False,False,135.0,1.8,0.9,1.0,0.8,1.1,0.9,0.8,690.0,40.0,690.0,40.0,1.0,2,False,1.0,1.0,66.0,42.0,0.0,31.0,False,True,False,False,True,12.0,1,False,10.0,130.0,180,DISC,DISC,0.0,0.0,0.0,0.0,275.0,735.0,36.0,340.0,1.0
455.0,45.0,620.0,65.0,140.0,60.0,520.0,71.0,650.0,55.0,44.0,34.0,40.0,29.0,26.0,14.0,17.0,TITANIUM,50.0,45.0,55.0,0.0,0.0,0.0,0.0,False,False,142.0,2.4,1.2,1.3,1.1,1.4,1.2,1.1,720.0,55.0,720.0,55.0,1.0,0,False,1.0,2.0,72.0,48.0,0.0,32.2,True,False,False,False,True,10.0,2,False,15.0,135.0,185,DISC,SPOKED,0.0,0.0,0.0,0.0,290.0,750.0,39.0,370.0,2.0
440.0,38.0,605.0,69.0,125.0,52.0,505.0,75.0,635.0,48.0,41.0,32.5,38.5,27.5,24.5,12.5,15.5,BAMBOO,42.0,37.0,47.0,0.0,0.0,0.0,0.0,False,False,135.0,2.1,1.05,1.15,0.95,1.25,1.05,0.95,705.0,47.0,705.0,47.0,1.0,1,False,1.0,1.0,69.0,45.0,0.0,31.9,False,True,False,False,True,11.0,1,False,20.0,140.0,190,DISC,DISC,0.0,0.0,0.0,0.0,280.0,742.0,37.5,355.0,1.0
450.0,32.0,595.0,67.5,115.0,48.0,495.0,72.5,625.0,42.0,39.0,31.5,37.5,26.5,23.5,11.5,14.5,ALUMINIUM,37.0,32.0,42.0,0.0,0.0,0.0,0.0,False,False,142.0,1.9,0.95,1.05,0.85,1.15,0.95,0.85,695.0,42.0,695.0,42.0,1.0,2,False,1.0,2.0,67.0,43.0,0.0,31.7,True,False,False,False,True,12.0,2,False,25.0,145.0,195,DISC,SPOKED,0.0,0.0,0.0,0.0,285.0,737.0,36.5,345.0,2.0
460.0,42.0,615.0,66.5,135.0,58.0,515.0,73.5,645.0,52.0,43.0,33.5,39.5,28.5,25.5,13.5,16.5,CARBON,47.0,42.0,52.0,0.0,0.0,0.0,0.0,False,False,135.0,2.3,1.15,1.25,1.05,1.35,1.15,1.05,715.0,52.0,715.0,52.0,1.0,0,False,1.0,1.0,71.0,47.0,0.0,32.1,False,True,False,False,True,10.0,1,False,30.0,150.0,200,DISC,DISC,0.0,0.0,0.0,0.0,275.0,747.0,38.5,365.0,1.0
420.0,36.0,585.0,68.5,105.0,42.0,475.0,74.5,615.0,38.0,37.0,30.5,36.5,25.5,22.5,10.5,13.5,STEEL,32.0,27.0,37.0,0.0,0.0,0.0,0.0,False,False,142.0,1.7,0.85,0.95,0.75,1.05,0.85,0.75,685.0,37.0,685.0,37.0,1.0,1,False,1.0,2.0,65.0,41.0,0.0,30.9,True,False,False,False,True,11.0,2,False,35.0,155.0,205,DISC,SPOKED,0.0,0.0,0.0,0.0,290.0,732.0,35.5,335.0,2.0
470.0,34.0,625.0,64.0,145.0,62.0,525.0,71.5,655.0,58.0,45.0,34.5,40.5,29.5,26.5,14.5,17.5,TITANIUM,52.0,47.0,57.0,0.0,0.0,0.0,0.0,False,False,135.0,2.5,1.25,1.35,1.15,1.45,1.25,1.15,725.0,57.0,725.0,57.0,1.0,2,False,1.0,1.0,73.0,49.0,0.0,32.3,False,True,False,False,True,12.0,1,False,40.0,160.0,210,DISC,DISC,0.0,0.0,0.0,0.0,280.0,752.0,39.5,375.0,1.0
425.0,39.0,580.0,70.0,100.0,40.0,470.0,75.5,610.0,46.0,36.0,30.0,36.0,25.0,22.0,10.0,13.0,BAMBOO,30.0,25.0,35.0,0.0,0.0,0.0,0.0,False,False,142.0,1.6,0.8,0.9,0.7,1.0,0.8,0.7,680.0,35.0,680.0,35.0,1.0,0,False,1.0,2.0,64.0,40.0,0.0,30.8,True,False,False,False,True,10.0,2,False,45.0,165.0,215,DISC,SPOKED,0.0,0.0,0.0,0.0,285.0,730.0,35.0,330.0,2.0
420.0,70.0,620.0,74.0,150.0,48.0,580.0,74.0,660.0,45.0,45.0,28.6,36.5,30.0,30.0,13.0,15.0,ALUMINIUM,35.0,45.0,50.0,330.0,350.0,16.0,18.0,False,False,135.0,2.0,1.0,1.2,1.0,1.0,1.1,1.0,680.0,50.0,680.0,50.0,1.0,0,False,1.0,1.0,68.0,50.0,0.0,34.0,True,True,False,False,True,11.0,2,False,0.0,128.0,255,SPOKED,SPOKED,0.0,0.0,80.0,80.0,280.0,800.0,34.9,320.0,1.0
405.0,65.0,600.0,73.0,130.0,45.0,560.0,75.0,650.0,50.0,45.0,30.0,38.0,32.0,32.0,13.5,16.0,CARBON,30.0,40.0,45.0,330.0,350.0,16.0,18.0,False,False,135.0,2.0,0.9,1.1,0.9,0.9,1.0,0.9,690.0,52.0,690.0,52.0,1.0,1,False,1.0,3.0,70.0,55.0,0.0,35.0,False,True,False,True,True,12.0,1,False,255.0,0.0,0,DISC,SPOKED,0.0,0.0,80.0,80.0,290.0,780.0,35.0,330.0,1.0
430.0,68.0,610.0,74.5,140.0,47.0,570.0,74.0,655.0,48.0,45.0,28.6,36.5,30.0,30.0,13.2,15.5,STEEL,32.0,42.0,48.0,330.0,350.0,16.0,18.0,False,True,135.0,2.0,1.1,1.2,1.1,1.0,1.1,1.0,675.0,50.0,675.0,50.0,1.0,2,False,1.0,1.0,68.0,60.0,0.0,32.0,True,False,False,False,True,10.0,3,False,0.0,255.0,0,SPOKED,SPOKED,0.0,0.0,80.0,80.0,270.0,820.0,34.9,310.0,1.0
445.0,72.0,640.0,73.0,155.0,49.0,600.0,73.5,670.0,47.0,45.0,29.0,37.0,31.0,31.0,13.3,15.2,CARBON,40.0,50.0,55.0,330.0,350.0,16.0,18.0,True,False,135.0,2.0,1.0,1.1,1.0,1.0,1.1,1.0,695.0,50.0,695.0,50.0,1.0,0,False,1.0,3.0,68.0,48.0,0.0,33.0,True,True,False,False,False,10.0,1,False,255.0,165.0,0,SPOKED,SPOKED,0.0,0.0,80.0,80.0,260.0,790.0,34.9,340.0,1.0
400.0,66.0,580.0,75.0,120.0,46.0,550.0,75.0,640.0,46.0,45.0,28.6,36.5,29.0,29.0,14.0,15.0,TITANIUM,28.0,38.0,42.0,330.0,350.0,16.0,18.0,False,False,135.0,2.0,0.9,1.1,0.9,0.9,1.0,0.9,660.0,50.0,660.0,50.0,1.0,1,False,1.0,1.0,68.0,45.0,0.0,30.0,False,False,False,False,True,11.0,2,True,128.0,0.0,128,DISC,DISC,0.0,0.0,80.0,80.0,285.0,780.0,34.9,305.0,1.0
425.0,67.0,605.0,74.0,165.0,50.0,590.0,74.0,665.0,49.0,45.0,29.5,37.5,31.5,31.5,13.0,15.0,BAMBOO,38.0,48.0,53.0,330.0,350.0,16.0,18.0,False,False,135.0,2.0,1.0,1.0,1.0,1.0,1.1,1.0,685.0,52.0,685.0,52.0,1.0,2,False,1.0,1.0,70.0,50.0,0.0,34.0,True,True,False,True,True,12.0,1,False,0.0,0.0,255,SPOKED,SPOKED,0.0,0.0,80.0,80.0,295.0,810.0,34.9,325.0,1.0
410.0,70.0,590.0,73.5,145.0,47.5,580.0,73.0,655.0,46.0,45.0,28.8,36.8,30.5,30.5,13.4,15.0,ALUMINIUM,36.0,44.0,49.0,330.0,350.0,16.0,18.0,False,False,135.0,2.0,0.9,1.1,0.9,0.9,1.0,0.9,670.0,50.0,670.0,50.0,1.0,1,False,1.0,3.0,68.0,47.0,0.0,32.0,True,False,False,False,False,11.0,3,False,0.0,255.0,255,DISC,DISC,0.0,0.0,80.0,80.0,265.0,770.0,34.9,315.0,1.0
415.0,68.0,615.0,74.0,158.0,49.0,600.0,74.5,675.0,50.0,45.0,29.2,37.2,31.2,31.2,13.1,15.1,STEEL,42.0,52.0,58.0,330.0,350.0,16.0,18.0,False,True,135.0,2.0,1.0,1.1,1.0,1.0,1.1,1.0,700.0,52.0,700.0,52.0,1.0,0,False,1.0,1.0,68.0,52.0,0.0,33.0,False,True,False,False,True,12.0,2,True,123.0,104.0,238,DISC,SPOKED,0.0,0.0,80.0,80.0,275.0,805.0,34.9,335.0,1.0
435.0,69.0,630.0,73.0,170.0,50.0,610.0,73.0,680.0,47.0,45.0,29.8,37.8,32.0,32.0,13.6,15.3,OTHER,50.0,60.0,60.0,330.0,350.0,16.0,18.0,True,True,135.0,2.0,1.0,1.0,1.0,1.0,1.0,1.0,690.0,50.0,690.0,50.0,1.0,1,False,1.0,1.0,68.0,54.0,0.0,34.0,True,True,True,False,False,9.0,1,False,255.0,20.0,147,DISC,DISC,0.0,0.0,80.0,80.0,285.0,820.0,34.9,345.0,1.0
440.0,67.5,625.0,74.2,160.0,48.0,595.0,74.3,672.0,49.5,45.0,29.0,37.0,31.0,31.0,13.2,15.4,STEEL,44.0,54.0,56.0,330.0,350.0,16.0,18.0,False,False,135.0,2.0,0.9,1.2,1.0,1.0,1.0,1.0,678.0,51.0,678.0,51.0,1.0,2,False,1.0,3.0,68.0,50.0,0.0,32.0,False,True,False,True,True,12.0,3,True,0.0,0.0,0,SPOKED,SPOKED,0.0,0.0,80.0,80.0,300.0,795.0,34.9,350.0,1.0
420.0,40.0,600.0,65.0,110.0,30.0,550.0,73.0,640.0,45.0,40.0,34.0,28.6,36.5,30.0,13.0,15,ALUMINIUM,30.0,50.0,45.0,330.0,350.0,16.0,18,False,False,135.0,1.0,1.2,1.1,1.1,1.0,1.0,1.2,650.0,90.0,650.0,90.0,1.0,0,False,1.0,1.0,68.0,45.0,0.0,31.8,False,True,True,True,True,12.0,1,False,0.0,123.0,167,SPOKED,SPOKED,0.0,0.0,0.0,0.0,280.0,750.0,34.9,300.0,1.0
430.0,45.0,620.0,66.0,115.0,35.0,560.0,74.0,650.0,50.0,40.0,35.0,30.0,37.0,25.0,14.0,18,CARBON,35.0,55.0,50.0,335.0,355.0,16.0,18,False,False,135.0,1.0,1.0,1.1,1.2,1.0,1.0,1.2,650.0,85.0,650.0,85.0,1.0,1,False,1.0,1.0,68.0,46.0,0.0,32.0,False,True,False,True,True,11.0,1,True,0.0,100.0,200,SPOKED,SPOKED,0.0,0.0,0.0,0.0,290.0,760.0,35.0,320.0,1.0
390.0,50.0,580.0,67.0,105.0,40.0,540.0,75.0,630.0,48.0,40.0,33.0,28.6,36.5,27.0,12.0,15,STEEL,28.0,48.0,42.0,330.0,350.0,16.0,18,False,False,135.0,1.1,1.1,1.2,1.0,1.0,1.1,1.2,650.0,95.0,650.0,95.0,1.0,0,False,1.0,1.0,68.0,44.0,0.0,31.8,True,False,False,True,True,12.0,2,False,10.0,144.0,200,SPOKED,SPOKED,0.0,0.0,0.0,0.0,275.0,740.0,34.9,310.0,1.0
415.0,42.0,640.0,66.5,120.0,32.0,570.0,74.5,660.0,46.0,40.0,34.5,28.6,37.0,28.0,13.0,16,CARBON,32.0,52.0,48.0,332.0,352.0,16.0,18,False,False,135.0,1.0,1.2,1.1,1.1,1.0,1.0,1.2,650.0,88.0,650.0,88.0,1.0,1,False,1.0,1.0,68.0,47.0,0.0,31.8,False,True,True,True,True,10.0,1,True,0.0,123.0,180,SPOKED,SPOKED,0.0,0.0,0.0,0.0,285.0,770.0,34.9,330.0,1.0
405.0,38.0,625.0,68.0,108.0,38.0,555.0,73.5,645.0,49.0,40.0,35.0,28.6,36.5,29.0,13.0,17,ALUMINIUM,30.0,49.0,46.0,334.0,354.0,16.0,18,False,False,135.0,1.0,1.0,1.0,1.0,1.0,1.0,1.2,650.0,92.0,650.0,92.0,1.0,2,False,1.0,1.0,68.0,45.0,0.0,31.0,True,True,False,False,True,12.0,1,False,0.0,100.0,150,SPOKED,SPOKED,0.0,0.0,0.0,0.0,295.0,755.0,34.9,320.0,1.0
445.0,47.0,630.0,65.5,118.0,33.0,580.0,74.0,670.0,44.0,40.0,33.0,28.6,38.0,30.0,14.0,15,TITANIUM,34.0,54.0,49.0,336.0,356.0,16.0,18,False,False,135.0,1.1,1.1,1.2,1.2,1.1,1.1,1.2,650.0,85.0,650.0,85.0,1.0,0,False,1.0,1.0,68.0,48.0,0.0,32.0,False,False,True,True,True,11.0,2,True,50.0,150.0,200,SPOKED,SPOKED,0.0,0.0,0.0,0.0,300.0,765.0,34.9,325.0,1.0
400.0,43.0,610.0,66.8,112.0,36.0,545.0,73.8,655.0,47.0,40.0,34.5,28.6,36.0,27.0,12.0,15,BAMBOO,29.0,50.0,44.0,331.0,351.0,16.0,18,False,False,135.0,1.0,1.2,1.1,1.1,1.0,1.0,1.2,650.0,87.0,650.0,87.0,1.0,1,False,1.0,1.0,68.0,46.0,0.0,32.0,True,True,True,False,True,12.0,1,False,100.0,150.0,200,SPOKED,SPOKED,0.0,0.0,0.0,0.0,280.0,755.0,34.9,315.0,1.0
410.0,44.0,645.0,67.2,117.0,34.0,565.0,74.2,665.0,46.0,40.0,34.0,28.6,37.0,28.0,13.0,16,STEEL,31.0,53.0,47.0,333.0,353.0,16.0,18,False,False,135.0,1.0,1.0,1.1,1.2,1.0,1.0,1.2,650.0,89.0,650.0,89.0,1.0,2,False,1.0,1.0,68.0,45.0,0.0,31.8,False,False,True,True,True,11.0,1,True,0.0,123.0,190,SPOKED,SPOKED,0.0,0.0,0.0,0.0,295.0,758.0,34.9,328.0,1.0
425.0,39.0,655.0,66.0,110.0,37.0,575.0,73.2,675.0,49.0,40.0,35.0,28.6,36.5,29.0,13.0,16,CARBON,33.0,57.0,49.0,335.0,355.0,16.0,18,False,False,135.0,1.0,1.2,1.1,1.1,1.0,1.0,1.2,650.0,86.0,650.0,86.0,1.0,1,False,1.0,3.0,68.0,48.0,0.0,32.0,True,True,False,False,True,10.0,1,False,20.0,120.0,180,SPOKED,SPOKED,0.0,0.0,0.0,0.0,292.0,772.0,34.9,335.0,1.0
395.0,41.0,615.0,65.7,105.0,31.0,535.0,75.0,625.0,50.0,40.0,34.0,28.6,36.5,27.0,12.0,15,OTHER,28.0,48.0,43.0,330.0,350.0,16.0,18,False,False,135.0,1.1,1.1,1.1,1.1,1.0,1.0,1.2,650.0,90.0,650.0,90.0,1.0,0,False,1.0,2.0,68.0,44.0,0.0,31.8,False,False,True,True,True,12.0,2,False,0.0,123.0,208,SPOKED,SPOKED,0.0,0.0,0.0,0.0,270.0,739.0,34.9,305.0,1.0
430.0,45.0,580.0,68.0,120.0,45.0,580.0,74.0,620.0,50.0,40.0,28.6,36.5,30.0,23.0,13.0,15,ALUMINIUM,30.0,50.0,40.0,330.0,350.0,16.0,18,True,True,135.0,2.0,0.9,1.1,1.1,1.0,1.0,0.9,700.0,52.0,700.0,52.0,1.0,1,False,1.0,1.0,68.0,40.0,0.0,31.8,True,True,False,False,True,12.0,1,False,0.0,128.0,255,DISC,DISC,0.0,0.0,0.0,0.0,300.0,730.0,36.5,420.0,1.0
435.0,50.0,600.0,67.5,130.0,50.0,600.0,73.5,640.0,55.0,40.0,28.6,36.5,30.0,23.0,13.0,15,CARBON,35.0,55.0,45.0,330.0,350.0,16.0,18,True,True,135.0,2.0,1.0,1.2,1.2,1.1,1.0,0.9,740.0,52.0,740.0,52.0,1.0,1,False,1.0,1.0,68.0,40.0,0.0,31.8,True,True,False,False,True,12.0,1,False,0.0,128.0,255,DISC,DISC,0.0,0.0,0.0,0.0,300.0,735.0,36.5,420.0,1.0
420.0,40.0,570.0,69.0,110.0,40.0,560.0,75.0,610.0,45.0,40.0,30.0,36.5,30.0,23.0,13.0,15,STEEL,28.0,48.0,38.0,330.0,350.0,16.0,18,True,True,135.0,2.0,0.9,1.0,1.1,1.0,1.0,0.9,700.0,52.0,700.0,52.0,1.0,1,False,1.0,1.0,73.0,45.0,0.0,34.9,True,True,False,False,True,12.0,1,False,0.0,128.0,255,DISC,DISC,0.0,0.0,0.0,0.0,300.0,725.0,36.5,420.0,1.0
440.0,48.0,590.0,68.5,125.0,48.0,590.0,74.5,630.0,52.0,40.0,28.6,36.5,30.0,23.0,13.0,15,TITANIUM,32.0,52.0,42.0,330.0,350.0,16.0,18,True,True,135.0,2.0,0.9,1.2,1.2,1.1,1.0,0.9,700.0,52.0,700.0,52.0,1.0,1,False,1.0,1.0,68.0,40.0,0.0,31.8,True,True,False,False,True,12.0,1,False,0.0,128.0,255,DISC,DISC,0.0,0.0,0.0,0.0,300.0,738.0,36.5,420.0,1.0
425.0,47.0,565.0,67.0,105.0,44.0,555.0,73.0,605.0,48.0,40.0,29.0,36.5,30.0,23.0,13.0,15,BAMBOO,25.0,45.0,35.0,330.0,350.0,16.0,18,True,True,135.0,2.0,0.9,1.1,1.1,1.0,1.0,0.9,700.0,52.0,700.0,52.0,1.0,1,False,1.0,1.0,73.0,42.0,0.0,31.8,True,True,False,False,True,12.0,1,False,0.0,128.0,255,DISC,DISC,0.0,0.0,0.0,0.0,300.0,720.0,36.5,420.0,1.0
450.0,42.0,610.0,66.0,140.0,52.0,620.0,75.0,650.0,57.0,40.0,28.6,36.5,30.0,23.0,13.0,15,OTHER,40.0,60.0,50.0,330.0,350.0,16.0,18,True,True,135.0,2.0,0.9,1.2,1.2,1.1,1.0,0.9,740.0,52.0,740.0,52.0,1.0,1,False,1.0,1.0,66.0,40.0,0.0,31.8,True,True,False,False,True,12.0,1,False,0.0,128.0,255,DISC,DISC,0.0,0.0,0.0,0.0,300.0,740.0,36.5,420.0,1.0
445.0,46.0,595.0,68.0,118.0,46.0,585.0,74.0,625.0,53.0,40.0,28.6,36.5,30.0,23.0,13.0,15,ALUMINIUM,33.0,51.0,43.0,330.0,350.0,16.0,18,True,True,135.0,2.0,0.9,1.1,1.1,1.0,1.0,0.9,700.0,52.0,700.0,52.0,1.0,1,False,1.0,1.0,68.0,40.0,0.0,31.8,True,True,False,False,True,12.0,1,False,0.0,128.0,255,DISC,DISC,0.0,0.0,0.0,0.0,300.0,732.0,36.5,420.0,1.0
430.0,50.0,605.0,67.0,135.0,49.0,615.0,73.0,645.0,56.0,40.0,28.6,36.5,30.0,23.0,13.0,15,CARBON,36.0,58.0,47.0,330.0,350.0,16.0,18,True,True,135.0,2.0,1.0,1.2,1.2,1.1,1.0,0.9,740.0,52.0,740.0,52.0,1.0,1,False,1.0,1.0,67.0,40.0,0.0,31.8,True,True,False,False,True,12.0,1,False,0.0,128.0,255,DISC,DISC,0.0,0.0,0.0,0.0,300.0,738.0,36.5,420.0,1.0
415.0,50.0,580.0,69.0,115.0,47.0,570.0,74.0,615.0,51.0,40.0,28.6,36.5,30.0,23.0,13.0,15,STEEL,29.0,50.0,39.0,330.0,350.0,16.0,18,True,True,135.0,2.0,0.9,1.0,1.1,1.0,1.0,0.9,700.0,52.0,700.0,52.0,1.0,1,False,1.0,1.0,69.0,45.0,0.0,34.9,True,True,False,False,True,12.0,1,False,0.0,128.0,255,DISC,DISC,0.0,0.0,0.0,0.0,300.0,730.0,36.5,420.0,1.0
435.0,48.0,600.0,68.25,128.0,51.0,600.0,74.0,635.0,54.0,40.0,28.6,36.5,30.0,23.0,13.0,15,TITANIUM,34.0,54.0,44.0,330.0,350.0,16.0,18,True,True,135.0,2.0,0.9,1.2,1.2,1.1,1.0,0.9,700.0,52.0,700.0,52.0,1.0,1,False,1.0,1.0,68.0,40.0,0.0,31.8,True,True,False,False,True,12.0,1,False,0.0,128.0,255,DISC,DISC,0.0,0.0,0.0,0.0,300.0,735.0,36.5,420.0,1.0
410.0,60.0,580.0,67.0,120.0,50.0,560.0,73.0,640.0,45.0,50.0,33.6,36.5,25.0,25.0,14.0,15.0,ALUMINIUM,20.0,40.0,45.0,330.0,350.0,16.0,18.0,False,False,135.0,2.0,1.1,1.1,1.1,1.0,0.9,0.9,650.0,60.0,650.0,60.0,1.0,1,False,1.0,1.0,68.0,45.0,0.0,31.8,False,True,False,False,True,12.0,1,False,0.0,123.0,167,SPOKED,SPOKED,1.0,1.0,80.0,80.0,280.0,700.0,34.9,700.0,1.0
420.0,55.0,600.0,68.5,130.0,45.0,590.0,74.0,660.0,50.0,55.0,32.0,35.0,24.0,26.0,15.0,15.0,CARBON,25.0,45.0,50.0,330.0,350.0,16.0,18.0,False,False,135.0,2.0,0.9,1.1,0.9,1.0,0.9,0.9,674.0,52.0,674.0,52.0,1.0,0,False,1.0,1.0,68.0,50.0,0.0,31.8,True,True,False,False,True,12.0,1,False,0.0,123.0,167,SPOKED,SPOKED,1.0,1.0,80.0,80.0,290.0,720.0,34.9,720.0,1.0
395.0,65.0,620.0,69.0,140.0,40.0,580.0,72.0,650.0,40.0,50.0,30.0,28.6,23.35,23.35,13.0,15.0,STEEL,30.0,35.0,55.0,330.0,350.0,16.0,18.0,False,False,135.0,2.0,0.9,1.1,1.1,1.0,0.9,0.9,628.0,69.0,628.0,69.0,1.0,2,False,1.0,1.0,68.0,45.0,0.0,30.0,False,False,False,False,True,11.0,2,False,0.0,123.0,167,SPOKED,SPOKED,1.0,1.0,80.0,80.0,270.0,740.0,34.9,740.0,1.0
430.0,58.0,590.0,73.0,115.0,55.0,600.0,75.0,670.0,47.0,49.0,33.0,36.5,28.0,27.0,14.0,15.0,TITANIUM,18.0,38.0,48.0,330.0,350.0,16.0,18.0,False,False,135.0,2.0,0.9,0.9,0.9,1.0,0.9,0.9,650.0,55.0,650.0,55.0,1.0,1,False,1.0,1.0,68.0,42.0,0.0,29.0,True,False,False,False,True,10.0,1,False,0.0,123.0,167,SPOKED,SPOKED,1.0,1.0,80.0,80.0,300.0,760.0,31.0,760.0,2.0
405.0,62.0,630.0,68.0,150.0,50.0,615.0,74.0,685.0,45.0,60.0,34.0,36.0,26.0,26.0,15.0,15.0,CARBON,28.0,48.0,42.0,330.0,350.0,16.0,18.0,False,False,135.0,2.0,1.1,1.1,1.1,1.0,0.9,1.0,674.0,52.0,674.0,52.0,1.0,0,False,1.0,1.0,68.0,50.0,0.0,31.8,False,True,False,False,True,12.0,1,False,0.0,123.0,167,SPOKED,SPOKED,1.0,1.0,80.0,80.0,285.0,780.0,34.9,780.0,1.0
390.0,65.0,615.0,69.0,135.0,48.0,575.0,73.0,655.0,44.0,55.0,31.0,28.6,23.35,24.0,13.5,15.0,STEEL,22.0,42.0,49.0,330.0,350.0,16.0,18.0,False,False,135.0,2.0,0.9,1.1,0.9,1.0,0.9,0.9,628.0,69.0,628.0,69.0,1.0,2,False,1.0,2.0,68.0,47.0,0.0,28.6,False,False,False,False,True,11.0,2,False,0.0,123.0,167,SPOKED,SPOKED,1.0,1.0,80.0,80.0,260.0,700.0,34.9,700.0,2.0
425.0,59.0,605.0,66.5,155.0,52.0,605.0,75.0,630.0,46.0,55.0,32.0,34.0,24.0,25.0,14.5,15.0,ALUMINIUM,26.0,44.0,46.0,330.0,350.0,16.0,18.0,False,False,135.0,2.0,1.1,1.1,1.1,1.0,0.9,1.0,650.0,58.0,650.0,58.0,1.0,1,False,1.0,1.0,68.0,44.0,0.0,30.0,True,True,False,False,True,12.0,1,False,0.0,123.0,167,SPOKED,SPOKED,1.0,1.0,80.0,80.0,275.0,730.0,34.9,715.0,1.0
400.0,57.0,572.0,72.0,125.0,45.0,582.0,73.5,665.0,48.0,52.0,33.0,35.0,27.0,26.0,14.0,15.0,CARBON,19.0,39.0,51.0,330.0,350.0,16.0,18.0,False,False,135.0,2.0,0.9,1.1,1.1,1.0,0.9,0.9,674.0,50.0,674.0,50.0,1.0,0,False,1.0,1.0,68.0,46.0,0.0,30.5,False,True,False,False,True,12.0,1,False,0.0,123.0,167,SPOKED,SPOKED,1.0,1.0,80.0,80.0,292.0,745.0,34.9,710.0,1.0
415.0,61.0,588.0,70.5,105.0,49.0,563.0,72.0,658.0,43.0,48.0,31.5,29.0,23.35,24.5,13.0,15.0,BAMBOO,24.0,43.0,53.0,330.0,350.0,16.0,18.0,False,False,135.0,2.0,1.1,1.1,1.1,1.0,0.9,1.0,628.0,69.0,628.0,69.0,1.0,1,False,1.0,2.0,68.0,49.0,0.0,29.5,True,False,False,False,True,10.0,1,False,0.0,123.0,167,SPOKED,SPOKED,1.0,1.0,80.0,80.0,305.0,715.0,34.9,705.0,1.0
435.0,63.0,649.0,68.5,160.0,46.0,620.0,75.0,680.0,49.0,55.0,34.5,36.5,29.0,29.0,15.0,15.0,CARBON,32.0,50.0,54.0,330.0,350.0,16.0,18.0,False,False,135.0,2.0,1.1,1.1,1.1,1.0,0.9,1.0,650.0,58.0,650.0,58.0,1.0,2,False,1.0,1.0,68.0,48.0,0.0,31.8,False,True,False,False,True,12.0,2,False,0.0,123.0,167,SPOKED,SPOKED,1.0,1.0,80.0,80.0,295.0,755.0,34.9,780.0,1.0
420.0,50.0,610.0,73.0,150.0,40.0,560.0,74.0,640.0,50.0,57.0,30.0,36.5,36.5,36.5,20.0,15.0,ALUMINIUM,30.0,40.0,45.0,330.0,330.0,16.0,18.0,False,False,135.0,2.0,0.9,1.1,0.9,1.2,1.0,0.9,650.0,55.0,650.0,55.0,1.0,1,False,1.0,1.0,68.0,45.0,0.0,31.8,True,True,False,False,True,10.0,2,False,0.0,123.0,184,SPOKED,SPOKED,1.0,1.0,80.0,80.0,278.0,730.0,34.9,330.0,1.0
430.0,45.0,605.0,72.0,140.0,50.0,570.0,75.0,645.0,55.0,57.0,31.0,36.5,36.5,36.5,22.0,15.0,CARBON,32.0,42.0,43.0,330.0,330.0,16.0,18.0,False,False,135.0,2.0,0.9,1.1,0.9,1.2,1.0,0.9,680.0,60.0,680.0,60.0,1.0,1,False,1.0,3.0,68.0,50.0,0.0,31.8,False,True,False,False,True,10.0,2,False,0.0,123.0,184,SPOKED,SPOKED,1.0,1.0,80.0,80.0,278.0,730.0,34.9,330.0,1.0
400.0,55.0,620.0,74.0,160.0,45.0,555.0,73.0,630.0,50.0,57.0,30.0,36.5,36.5,36.5,18.0,15.0,BAMBOO,29.0,38.0,47.0,330.0,330.0,16.0,18.0,True,True,130.0,2.0,0.9,1.1,0.9,1.2,1.0,0.9,650.0,55.0,650.0,55.0,1.0,1,False,1.0,1.0,68.0,45.0,0.0,31.8,True,False,False,False,True,10.0,2,False,0.0,123.0,184,SPOKED,SPOKED,1.0,1.0,80.0,80.0,278.0,730.0,34.9,330.0,1.0
415.0,48.0,615.0,73.5,155.0,42.0,565.0,74.0,635.0,52.0,57.0,31.0,36.5,36.5,36.5,21.0,15.0,ALUMINIUM,31.0,39.0,44.0,330.0,330.0,16.0,18.0,False,False,135.0,2.0,0.9,1.1,0.9,1.2,1.0,0.9,700.0,65.0,700.0,65.0,1.0,1,False,1.0,1.0,68.0,45.0,0.0,31.8,False,True,False,False,True,10.0,2,False,0.0,123.0,184,SPOKED,SPOKED,1.0,1.0,80.0,80.0,278.0,730.0,34.9,330.0,1.0
425.0,50.0,610.0,72.5,145.0,48.0,575.0,75.0,640.0,55.0,57.0,32.0,36.5,36.5,36.5,23.0,15.0,CARBON,33.0,41.0,46.0,330.0,330.0,16.0,18.0,False,False,130.0,2.0,0.9,1.1,0.9,1.2,1.0,0.9,680.0,60.0,680.0,60.0,1.0,1,False,1.0,3.0,68.0,50.0,0.0,31.8,True,True,False,False,True,10.0,2,False,0.0,123.0,184,SPOKED,SPOKED,1.0,1.0,80.0,80.0,278.0,730.0,34.9,330.0,1.0
405.0,53.0,630.0,74.0,165.0,43.0,550.0,73.5,625.0,53.0,57.0,30.0,36.5,36.5,36.5,19.0,15.0,BAMBOO,30.0,37.0,49.0,330.0,330.0,16.0,18.0,True,True,135.0,2.0,0.9,1.1,0.9,1.2,1.0,0.9,650.0,55.0,650.0,55.0,1.0,1,False,1.0,1.0,68.0,45.0,0.0,31.8,False,False,False,False,True,10.0,2,False,0.0,123.0,184,SPOKED,SPOKED,1.0,1.0,80.0,80.0,278.0,730.0,34.9,330.0,1.0
435.0,47.0,600.0,72.0,135.0,50.0,580.0,75.0,648.0,56.0,57.0,31.0,36.5,36.5,36.5,24.0,15.0,ALUMINIUM,34.0,43.0,42.0,330.0,330.0,16.0,18.0,False,False,130.0,2.0,0.9,1.1,0.9,1.2,1.0,0.9,690.0,62.0,690.0,62.0,1.0,1,False,1.0,3.0,68.0,50.0,0.0,31.8,False,True,False,False,True,10.0,2,False,0.0,123.0,184,SPOKED,SPOKED,1.0,1.0,80.0,80.0,278.0,730.0,34.9,330.0,1.0
420.0,52.0,625.0,73.0,158.0,44.0,565.0,74.0,638.0,54.0,57.0,33.0,36.5,36.5,36.5,22.0,15.0,CARBON,32.0,40.0,45.0,330.0,330.0,16.0,18.0,True,True,135.0,2.0,0.9,1.1,0.9,1.2,1.0,0.9,680.0,60.0,680.0,60.0,1.0,1,False,1.0,1.0,68.0,45.0,0.0,31.8,True,False,False,False,True,10.0,2,False,0.0,123.0,184,SPOKED,SPOKED,1.0,1.0,80.0,80.0,278.0,730.0,34.9,330.0,1.0
410.0,49.0,618.0,74.5,152.0,46.0,575.0,74.0,642.0,51.0,57.0,32.0,36.5,36.5,36.5,21.0,15.0,BAMBOO,31.0,39.0,47.0,330.0,330.0,16.0,18.0,False,False,130.0,2.0,0.9,1.1,0.9,1.2,1.0,0.9,700.0,65.0,700.0,65.0,1.0,1,False,1.0,3.0,68.0,50.0,0.0,31.8,False,True,False,False,True,10.0,2,False,0.0,123.0,184,SPOKED,SPOKED,1.0,1.0,80.0,80.0,278.0,730.0,34.9,330.0,1.0
430.0,46.0,608.0,73.0,148.0,47.0,568.0,74.0,639.0,52.0,57.0,31.0,36.5,36.5,36.5,22.0,15.0,ALUMINIUM,33.0,42.0,44.0,330.0,330.0,16.0,18.0,True,True,135.0,2.0,0.9,1.1,0.9,1.2,1.0,0.9,670.0,58.0,670.0,58.0,1.0,1,False,1.0,1.0,68.0,45.0,0.0,31.8,True,True,False,False,True,10.0,2,False,0.0,123.0,184,SPOKED,SPOKED,1.0,1.0,80.0,80.0,278.0,730.0,34.9,330.0,1.0
494.19,80.0,668.2733911,71.5,200.1,50.0,540.0,70.0,658.529904,55.0,40.0,28.6,36.5,23.35,13.0,15.0,9.0,ALUMINIUM,33.1,40.0,49.4,330.0,350.0,16.0,18.0,False,False,130.0,2.0,0.9,1.1,0.9,1.2,1.0,0.9,680.0,121.0,680.0,121.0,1.0,0,False,1.0,1.0,68.0,45.0,692.0,31.8,False,True,False,False,True,10.0,1,False,50.0,100.0,150,SPOKED,SPOKED,1.0,1.0,80.0,80.0,278.0,762.0,34.9,300.0,1.0
405.0,70.0,591.9108569,73.0,145.0,45.0,515.2,74.0,653.4145038,55.0,45.0,40.0,28.6,36.5,23.35,13.0,15.0,CARBON,28.9,49.2,49.2,330.0,350.0,16.0,18.0,True,True,130.0,2.0,0.9,1.1,0.9,1.2,1.0,0.9,674.0,52.0,674.0,52.0,1.0,0,False,1.0,1.0,68.0,45.0,692.0,31.8,False,True,False,False,True,9.0,2,False,200.0,50.0,100,SPOKED,SPOKED,1.0,1.0,80.0,80.0,298.0,718.0,34.9,330.0,1.0
395.0,60.0,522.5191235,72.0,96.7,220.0,611.6,75.0,587.5256351,55.0,45.0,55.0,28.6,36.5,37.5,13.0,15.0,STEEL,13.5,131.6,4.1,330.0,350.0,16.0,18.0,True,True,130.0,2.0,0.9,1.1,0.9,1.2,1.0,0.9,674.0,52.0,674.0,52.0,1.0,0,False,1.0,1.0,68.0,50.0,685.0,31.8,False,True,False,False,True,11.0,1,False,100.0,150.0,200,SPOKED,SPOKED,1.0,1.0,80.0,80.0,240.0,695.0,34.9,50.0,1.0
385.0,58.0,587.0392466,74.5,160.3,30.0,590.6,74.5,637.3537657,55.0,35.0,42.0,25.4,36.5,20.5,12.5,15.0,TITANIUM,29.8,30.6,39.6,330.0,350.0,16.0,18.0,False,False,120.0,2.0,0.9,1.1,0.9,1.2,1.0,0.9,676.0,54.0,676.0,54.0,1.0,0,False,1.0,1.0,73.0,38.0,692.0,28.6,False,True,False,False,True,12.0,1,False,75.0,200.0,50,SPOKED,SPOKED,1.0,1.0,60.0,80.0,300.0,820.0,31.0,300.0,1.0
415.0,70.0,637.9091156,73.0,191.4,45.0,630.0,73.5,656.6201875,55.0,45.0,40.0,33.6,36.5,23.35,13.0,15.0,CARBON,27.8,32.1,43.5,330.0,350.0,16.0,18.0,False,False,130.0,2.0,0.9,1.1,0.9,1.2,1.0,0.9,674.0,52.0,674.0,52.0,1.0,0,False,1.0,1.0,68.0,45.0,692.0,31.8,False,True,False,False,True,13.0,2,False,0.0,100.0,50,SPOKED,SPOKED,1.0,1.0,80.0,80.0,275.0,865.0,34.9,300.0,1.0
389.89,70.0,568.6665991,66.5,117.2,45.0,450.2,74.5,654.4009557,55.0,45.0,40.0,28.6,36.5,30.0,13.0,15.0,STEEL,30.4,50.2,44.1,330.0,350.0,16.0,18.0,True,True,135.0,2.0,0.9,1.1,0.9,1.2,1.0,0.9,650.0,91.0,650.0,91.0,1.0,0,False,1.0,1.0,68.0,45.0,692.0,31.8,False,True,False,False,True,14.0,1,False,254.0,0.0,100,SPOKED,SPOKED,1.0,1.0,80.0,80.0,278.0,600.0,34.9,330.0,1.0
550.0,29.5,496.9336227,67.0,100.0,45.0,533.0,65.0,627.6098218,55.0,45.0,40.0,28.6,36.5,23.35,13.0,15.0,BAMBOO,46.9,44.9,50.1,330.0,350.0,16.0,18.0,False,False,135.0,2.0,0.9,1.1,0.9,1.2,1.0,0.9,628.0,69.0,628.0,69.0,1.0,0,False,1.0,1.0,68.0,45.0,692.0,31.8,False,True,False,False,True,15.0,3,False,100.0,200.0,0,SPOKED,SPOKED,1.0,1.0,80.0,80.0,278.0,700.0,34.9,300.0,1.0
405.0,70.0,593.536575,73.0,145.0,45.0,515.0,74.0,648.3152394,55.0,45.0,40.0,28.6,36.5,23.35,13.0,15.0,STEEL,34.0,49.0,49.9,330.0,350.0,16.0,18.0,False,False,130.0,2.0,0.9,1.1,0.9,1.2,1.0,0.9,674.0,52.0,674.0,52.0,1.0,0,False,1.0,1.0,68.0,45.0,692.0,31.8,False,True,False,False,True,16.0,1,False,50.0,50.0,200,SPOKED,SPOKED,1.0,1.0,80.0,80.0,278.0,718.0,34.9,300.0,1.0
380.0,47.01358832,561.1033732,74.00206468,168.8,45.0,552.4,76.00206468,623.9028894,55.0,45.0,40.0,28.6,36.5,23.35,13.0,15.0,ALUMINIUM,33.0,32.4,46.4,330.0,350.0,16.0,18.0,True,True,130.0,2.0,0.9,1.1,0.9,1.2,1.0,0.9,674.0,52.0,674.0,52.0,1.0,0,False,1.0,1.0,68.0,45.0,692.0,31.8,False,True,False,False,True,17.0,2,False,25.0,125.0,225,SPOKED,SPOKED,1.0,1.0,80.0,80.0,298.0,700.0,34.9,300.0,1.0
435.0,65.0,643.0599211,73.0,177.9,45.0,568.5,73.0,670.1914253,55.0,65.0,40.0,28.6,36.5,23.35,13.0,15.0,TITANIUM,34.8,48.5,49.4,330.0,350.0,16.0,18.0,True,True,130.0,2.0,0.9,1.1,0.9,1.2,1.0,0.9,694.0,110.0,694.0,110.0,1.0,0,False,1.0,1.0,68.0,45.0,692.0,31.8,False,True,False,False,True,18.0,1,False,125.0,50.0,75,SPOKED,SPOKED,1.0,1.0,80.0,80.0,260.0,759.0,34.9,330.0,1.0
430.0,60.0,560.0,67.0,130.0,50.0,570.0,74.0,620.0,45.0,45.0,31.0,36.5,36.5,30.0,13.0,15.0,CARBON,30.0,40.0,45.0,330.0,350.0,16.0,18,False,False,142.0,2.0,0.9,1.1,0.9,1.2,1.0,0.9,700.0,50.0,700.0,50.0,1.0,1,False,1.0,1.0,68.0,45.0,0.0,31.8,False,True,False,False,True,12.0,1,False,0.0,127.0,255,SPOKED,SPOKED,0.0,0.0,80.0,80.0,278.0,285.0,34.9,300.0,1.0
435.0,62.0,565.0,67.5,135.0,55.0,580.0,73.5,630.0,46.0,47.0,32.0,37.0,37.0,31.0,13.5,15.5,CARBON,31.0,41.0,46.0,330.0,350.0,16.0,18,False,False,142.0,2.0,0.95,1.15,0.95,1.25,1.05,0.95,705.0,52.0,705.0,52.0,1.0,1,False,1.0,1.0,68.0,46.0,0.0,32.0,False,True,False,False,True,12.0,1,False,10.0,117.0,255,SPOKED,SPOKED,0.0,0.0,80.0,80.0,280.0,287.0,35.1,305.0,1.0
440.0,58.0,550.0,66.5,125.0,53.0,560.0,74.5,615.0,44.0,46.0,30.5,36.0,36.0,29.0,12.8,15.2,CARBON,29.0,39.0,44.0,330.0,350.0,16.0,18,False,False,142.0,2.0,0.92,1.12,0.92,1.18,1.02,0.92,695.0,48.0,695.0,48.0,1.0,2,False,1.0,1.0,68.0,44.0,0.0,31.5,False,True,False,False,True,12.0,1,False,20.0,137.0,255,SPOKED,SPOKED,0.0,0.0,80.0,80.0,276.0,283.0,34.8,290.0,1.0
425.0,61.0,570.0,68.0,140.0,52.0,575.0,73.0,640.0,47.0,44.0,31.5,36.8,36.8,30.5,13.2,14.8,CARBON,32.0,42.0,43.0,330.0,350.0,16.0,18,False,False,142.0,2.1,0.9,1.1,0.9,1.2,1.0,0.9,710.0,55.0,710.0,55.0,1.0,1,False,1.0,1.0,68.0,48.0,0.0,31.8,False,True,False,False,True,12.0,1,False,0.0,147.0,255,SPOKED,SPOKED,0.0,0.0,80.0,80.0,282.0,290.0,35.0,295.0,1.0
450.0,63.0,580.0,67.8,145.0,58.0,585.0,74.2,645.0,48.0,48.0,32.0,37.0,37.0,32.0,14.0,16.0,CARBON,33.0,43.0,47.0,330.0,350.0,16.0,18,False,False,142.0,2.0,0.95,1.13,0.95,1.2,1.1,0.95,715.0,50.0,715.0,50.0,1.0,1,False,1.0,1.0,68.0,50.0,0.0,32.0,False,True,False,False,True,12.0,1,False,5.0,157.0,255,SPOKED,SPOKED,0.0,0.0,80.0,80.0,288.0,295.0,35.2,310.0,1.0
420.0,59.0,555.0,66.8,120.0,49.0,555.0,75.0,610.0,43.0,43.0,30.0,36.0,36.0,28.0,12.5,14.5,CARBON,28.0,38.0,42.0,330.0,350.0,16.0,18,False,False,142.0,2.0,0.88,1.08,0.88,1.18,1.0,0.88,690.0,47.0,690.0,47.0,1.0,1,False,1.0,1.0,68.0,43.0,0.0,31.2,False,True,False,False,True,12.0,1,False,15.0,127.0,255,SPOKED,SPOKED,0.0,0.0,80.0,80.0,274.0,281.0,34.6,285.0,1.0
430.0,65.0,590.0,67.2,150.0,60.0,590.0,73.8,655.0,50.0,49.0,33.0,37.5,37.5,33.0,14.5,15.8,CARBON,34.0,45.0,50.0,330.0,350.0,16.0,18,False,False,142.0,2.0,0.96,1.2,0.96,1.25,1.1,0.96,720.0,58.0,720.0,58.0,1.0,1,False,1.0,1.0,68.0,52.0,0.0,32.2,False,True,False,False,True,12.0,1,False,0.0,117.0,245,SPOKED,SPOKED,0.0,0.0,80.0,80.0,292.0,300.0,35.4,320.0,1.0
445.0,64.0,575.0,68.5,142.0,57.0,575.0,74.3,640.0,49.0,47.0,32.5,36.2,36.2,31.2,13.8,15.3,CARBON,31.5,42.0,46.5,330.0,350.0,16.0,18,False,False,142.0,2.0,0.93,1.15,0.93,1.22,1.05,0.93,710.0,54.0,710.0,54.0,1.0,1,False,1.0,1.0,68.0,49.0,0.0,31.9,False,True,False,False,True,12.0,1,False,25.0,137.0,245,SPOKED,SPOKED,0.0,0.0,80.0,80.0,286.0,292.0,35.0,300.0,1.0
438.0,60.0,565.0,67.0,138.0,55.0,565.0,73.5,635.0,46.0,45.0,31.2,36.7,36.7,30.8,13.4,14.9,CARBON,30.8,41.0,44.8,330.0,350.0,16.0,18,False,False,142.0,2.0,0.9,1.1,0.9,1.2,1.0,0.9,705.0,53.0,705.0,53.0,1.0,1,False,1.0,1.0,68.0,47.0,0.0,31.7,False,True,False,False,True,12.0,1,False,50.0,157.0,245,SPOKED,SPOKED,0.0,0.0,80.0,80.0,284.0,289.0,34.9,295.0,1.0
442.0,61.5,570.0,67.3,140.0,54.0,570.0,74.0,638.0,47.0,46.0,31.8,36.3,36.3,31.0,13.6,15.1,CARBON,32.0,43.0,45.2,330.0,350.0,16.0,18,False,False,142.0,2.0,0.91,1.12,0.91,1.21,1.03,0.91,707.0,54.5,707.0,54.5,1.0,1,False,1.0,1.0,68.0,48.5,0.0,31.85,False,True,False,False,True,12.0,1,False,30.0,127.0,235,SPOKED,SPOKED,0.0,0.0,80.0,80.0,288.0,295.0,35.1,305.0,1.0
430.0,50.0,600.0,67.0,120.0,45.0,540.0,73.5,640.0,45.0,50.0,32.0,36.5,28.0,28.0,34.0,15.0,ALUMINIUM,40.0,40.0,50.0,0.0,0.0,0.0,0.0,False,False,135.0,2.5,1.0,1.2,1.2,1.4,1.2,1.1,650.0,52.0,650.0,52.0,1.0,1,False,1.0,1.0,68.0,50.0,0.0,31.8,False,True,False,False,True,11.0,1,False,30.0,144.0,255.0,SPOKED,SPOKED,0.0,0.0,0.0,0.0,280.0,730.0,34.9,350.0,1.0
445.0,50.0,620.0,66.5,110.0,48.0,550.0,74.0,630.0,50.0,48.0,33.0,36.5,27.0,29.0,35.0,15.0,CARBON,38.0,42.0,48.0,0.0,0.0,0.0,0.0,False,False,135.0,2.5,0.95,1.15,1.1,1.35,1.2,1.1,650.0,52.0,650.0,52.0,1.0,2,False,1.0,1.0,68.0,52.0,0.0,31.8,False,True,False,False,True,11.0,1,False,30.0,144.0,255.0,SPOKED,SPOKED,0.0,0.0,0.0,0.0,280.0,735.0,34.9,350.0,1.0
420.0,55.0,580.0,65.0,125.0,46.0,560.0,73.0,645.0,45.0,50.0,31.0,36.5,30.0,30.0,34.0,15.0,STEEL,42.0,45.0,52.0,0.0,0.0,0.0,0.0,False,False,135.0,2.5,1.0,1.2,1.2,1.4,1.3,1.1,650.0,52.0,650.0,52.0,1.0,1,False,1.0,1.0,68.0,48.0,0.0,31.8,False,True,False,False,True,11.0,2,False,30.0,144.0,255.0,SPOKED,SPOKED,0.0,0.0,0.0,0.0,275.0,725.0,34.9,350.0,1.0
460.0,52.0,640.0,67.5,105.0,50.0,535.0,75.0,650.0,46.0,45.0,32.0,36.5,26.0,26.0,33.0,15.0,TITANIUM,36.0,38.0,46.0,0.0,0.0,0.0,0.0,False,False,135.0,2.5,1.0,1.15,1.2,1.4,1.2,1.1,650.0,52.0,650.0,52.0,1.0,2,False,1.0,1.0,68.0,50.0,0.0,31.8,False,True,False,False,True,11.0,1,False,30.0,144.0,255.0,SPOKED,SPOKED,0.0,0.0,0.0,0.0,282.0,740.0,34.9,350.0,1.0
475.0,48.0,610.0,66.0,130.0,44.0,580.0,73.5,635.0,47.0,52.0,34.0,36.5,29.0,29.0,36.0,15.0,ALUMINIUM,45.0,43.0,55.0,0.0,0.0,0.0,0.0,False,False,135.0,2.5,0.9,1.2,1.15,1.4,1.25,1.1,650.0,52.0,650.0,52.0,1.0,1,False,1.0,1.0,68.0,55.0,0.0,31.8,False,True,False,False,True,11.0,1,False,30.0,144.0,255.0,SPOKED,SPOKED,0.0,0.0,0.0,0.0,290.0,750.0,34.9,350.0,1.0
435.0,54.0,590.0,68.0,115.0,47.0,525.0,74.0,650.0,48.0,48.0,33.0,36.5,28.0,28.0,32.0,15.0,CARBON,39.0,41.0,49.0,0.0,0.0,0.0,0.0,False,False,135.0,2.5,1.0,1.15,1.1,1.35,1.2,1.1,650.0,52.0,650.0,52.0,1.0,1,False,1.0,1.0,68.0,50.0,0.0,31.8,False,True,False,False,True,11.0,1,False,30.0,144.0,255.0,SPOKED,SPOKED,0.0,0.0,0.0,0.0,276.0,720.0,34.9,350.0,1.0
455.0,50.0,605.0,66.8,118.0,48.0,545.0,73.8,640.0,44.0,46.0,31.5,36.5,27.5,27.5,33.5,15.0,STEEL,41.0,44.0,53.0,0.0,0.0,0.0,0.0,False,False,135.0,2.5,1.0,1.15,1.2,1.35,1.2,1.1,650.0,52.0,650.0,52.0,1.0,2,False,1.0,1.0,68.0,49.0,0.0,31.8,False,True,False,False,True,11.0,1,False,30.0,144.0,255.0,SPOKED,SPOKED,0.0,0.0,0.0,0.0,284.0,738.0,34.9,350.0,1.0
440.0,53.0,615.0,65.5,122.0,49.0,570.0,74.5,645.0,46.0,49.0,32.5,36.5,28.5,28.5,34.5,15.0,TITANIUM,43.0,46.0,54.0,0.0,0.0,0.0,0.0,False,False,135.0,2.5,1.0,1.15,1.15,1.35,1.25,1.1,650.0,52.0,650.0,52.0,1.0,1,False,1.0,1.0,68.0,51.0,0.0,31.8,False,True,False,False,True,11.0,1,False,30.0,144.0,255.0,SPOKED,SPOKED,0.0,0.0,0.0,0.0,278.0,730.0,34.9,350.0,1.0
425.0,50.0,595.0,67.2,108.0,46.0,560.0,73.2,628.0,45.0,47.0,30.0,36.5,26.5,26.5,32.5,15.0,ALUMINIUM,37.0,40.0,47.0,0.0,0.0,0.0,0.0,False,False,135.0,2.5,0.95,1.1,1.1,1.35,1.2,1.1,650.0,52.0,650.0,52.0,1.0,2,False,1.0,1.0,68.0,47.0,0.0,31.8,False,True,False,False,True,11.0,1,False,30.0,144.0,255.0,SPOKED,SPOKED,0.0,0.0,0.0,0.0,270.0,712.0,34.9,350.0,1.0
465.0,56.0,630.0,65.8,132.0,50.0,585.0,74.0,655.0,47.0,53.0,34.5,36.5,29.5,29.5,36.5,15.0,CARBON,46.0,48.0,56.0,0.0,0.0,0.0,0.0,False,False,135.0,2.5,1.05,1.25,1.25,1.4,1.3,1.15,650.0,52.0,650.0,52.0,1.0,1,False,1.0,1.0,68.0,56.0,0.0,31.8,False,True,False,False,True,11.0,1,False,30.0,144.0,255.0,SPOKED,SPOKED,0.0,0.0,0.0,0.0,295.0,760.0,34.9,350.0,1.0
430.0,30.0,600.0,67.0,110.0,50.0,500.0,73.0,640.0,45.0,45.0,31.8,36.5,36.5,30.0,13.0,15.0,ALUMINIUM,30.0,45.0,45.0,330.0,350.0,16.0,18.0,False,False,135.0,2.0,0.9,1.1,0.9,1.2,1.0,0.9,676.0,52.0,676.0,52.0,1.0,0,False,1.0,3.0,68.0,45.0,31.8,31.8,False,True,False,False,True,12.0,1,False,30.0,114.0,200,SPOKED,SPOKED,0.0,0.0,80.0,80.0,280.0,740.0,34.9,330.0,1.0
440.0,35.0,610.0,66.5,120.0,50.0,520.0,72.5,645.0,45.0,45.0,28.6,38.0,36.5,28.6,13.0,15.0,CARBON,32.0,48.0,42.0,330.0,350.0,16.0,18.0,False,True,135.0,2.0,0.9,1.1,0.9,1.2,1.0,0.9,676.0,52.0,676.0,52.0,1.0,1,False,1.0,3.0,68.0,45.0,31.8,31.8,False,True,False,False,True,12.0,1,False,30.0,114.0,200,SPOKED,SPOKED,0.0,0.0,80.0,80.0,280.0,750.0,34.9,350.0,1.0
420.0,32.0,580.0,68.0,100.0,50.0,480.0,73.5,630.0,50.0,45.0,31.8,36.5,36.5,32.0,13.0,15.0,ALUMINIUM,30.0,45.0,45.0,330.0,350.0,16.0,18.0,False,False,135.0,2.0,0.9,1.1,0.9,1.2,1.0,0.9,676.0,52.0,676.0,52.0,1.0,2,False,1.0,3.0,68.0,45.0,31.8,31.8,False,True,False,False,True,12.0,1,False,20.0,100.0,180,SPOKED,SPOKED,0.0,0.0,80.0,80.0,275.0,730.0,34.9,300.0,1.0
435.0,28.0,590.0,67.5,115.0,50.0,495.0,73.0,635.0,45.0,45.0,33.6,36.5,36.5,29.0,13.0,15.0,BAMBOO,32.0,47.0,47.0,330.0,350.0,16.0,18.0,False,True,135.0,2.0,0.9,1.1,0.9,1.2,1.0,0.9,676.0,52.0,676.0,52.0,1.0,0,False,1.0,3.0,68.0,45.0,31.8,31.8,False,True,False,False,True,12.0,1,False,30.0,114.0,200,SPOKED,SPOKED,0.0,0.0,80.0,80.0,285.0,745.0,34.9,300.0,1.0
450.0,34.0,620.0,67.0,130.0,50.0,550.0,72.0,650.0,45.0,45.0,31.8,36.5,36.5,30.0,13.0,15.0,STEEL,34.0,50.0,50.0,330.0,350.0,16.0,18.0,True,True,135.0,2.0,0.9,1.1,0.9,1.2,1.0,0.9,676.0,52.0,676.0,52.0,1.0,1,False,1.0,3.0,68.0,45.0,31.8,31.8,False,True,False,False,True,12.0,2,True,30.0,114.0,200,SPOKED,SPOKED,0.0,0.0,80.0,80.0,290.0,760.0,34.9,300.0,1.0
425.0,30.0,605.0,68.5,105.0,50.0,510.0,73.0,638.0,45.0,45.0,31.8,36.5,36.5,30.0,13.0,15.0,TITANIUM,33.0,49.0,46.0,330.0,350.0,16.0,18.0,False,False,135.0,2.0,0.9,1.1,0.9,1.2,1.0,0.9,676.0,52.0,676.0,52.0,1.0,2,False,1.0,3.0,68.0,45.0,31.8,31.8,False,True,False,False,True,12.0,1,False,30.0,114.0,200,SPOKED,SPOKED,0.0,0.0,80.0,80.0,280.0,750.0,34.9,330.0,1.0
415.0,36.0,600.0,69.0,95.0,50.0,470.0,73.5,620.0,45.0,45.0,31.8,36.5,36.5,30.0,13.0,15.0,CARBON,28.0,44.0,44.0,330.0,350.0,16.0,18.0,False,False,135.0,2.0,0.9,1.1,0.9,1.2,1.0,0.9,676.0,52.0,676.0,52.0,1.0,1,False,1.0,3.0,68.0,45.0,31.8,31.8,False,True,False,False,True,12.0,1,False,25.0,120.0,210,SPOKED,SPOKED,0.0,0.0,80.0,80.0,290.0,730.0,34.9,300.0,1.0
410.0,33.0,590.0,68.0,110.0,50.0,485.0,72.5,630.0,45.0,45.0,33.6,36.5,36.5,30.0,13.0,15.0,ALUMINIUM,31.0,46.0,46.0,330.0,350.0,16.0,18.0,True,False,135.0,2.0,0.9,1.1,0.9,1.2,1.0,0.9,676.0,52.0,676.0,52.0,1.0,0,False,1.0,3.0,68.0,45.0,31.8,31.8,False,True,False,False,True,12.0,1,False,30.0,114.0,200,SPOKED,SPOKED,0.0,0.0,80.0,80.0,278.0,735.0,34.9,330.0,1.0
450.0,32.0,615.0,67.0,125.0,50.0,525.0,73.0,645.0,45.0,45.0,31.8,36.5,36.5,30.0,13.0,15.0,CARBON,33.0,48.0,47.0,330.0,350.0,16.0,18.0,False,True,135.0,2.0,0.9,1.1,0.9,1.2,1.0,0.9,676.0,52.0,676.0,52.0,1.0,2,False,1.0,3.0,68.0,45.0,31.8,31.8,False,True,False,False,True,12.0,1,False,30.0,114.0,200,SPOKED,SPOKED,0.0,0.0,80.0,80.0,285.0,755.0,34.9,330.0,1.0
440.0,30.0,595.0,68.5,120.0,50.0,500.0,72.5,640.0,45.0,45.0,31.8,36.5,36.5,32.0,13.0,15.0,STEEL,32.0,49.0,46.0,330.0,350.0,16.0,18.0,False,False,135.0,2.0,0.9,1.1,0.9,1.2,1.0,0.9,676.0,52.0,676.0,52.0,1.0,1,False,1.0,3.0,68.0,45.0,31.8,31.8,False,True,False,False,True,12.0,1,False,28.0,110.0,190,SPOKED,SPOKED,0.0,0.0,80.0,80.0,280.0,745.0,34.9,300.0,1.0
405.0,60.0,600.0,67.0,150.0,45.0,580.0,73.0,635.0,45.0,45.0,28.6,36.5,23.35,30.0,13.0,15.0,ALUMINIUM,33.0,40.0,49.0,330.0,350.0,16.0,18.0,False,False,135.0,2.0,0.9,1.1,0.9,1.2,1.0,0.9,678.0,47.0,678.0,47.0,1.0,2,False,1.0,1.0,68.0,45.0,0.0,31.8,False,False,False,False,True,11.0,1,False,0.0,123.0,167,SPOKED,SPOKED,0.0,0.0,0.0,0.0,280.0,730.0,34.9,700.0,1.0
415.0,65.0,605.0,68.0,155.0,45.0,585.0,74.0,640.0,45.0,45.0,28.6,36.5,23.35,30.0,13.0,15.0,CARBON,33.0,40.0,49.0,330.0,350.0,16.0,18.0,False,False,135.0,2.0,0.9,1.1,0.9,1.2,1.0,0.9,678.0,47.0,678.0,47.0,1.0,2,False,1.0,1.0,68.0,45.0,0.0,31.8,False,False,False,False,True,11.0,1,False,0.0,123.0,167,SPOKED,SPOKED,0.0,0.0,0.0,0.0,280.0,730.0,34.9,700.0,1.0
420.0,70.0,610.0,66.5,145.0,45.0,575.0,73.5,630.0,45.0,45.0,28.6,36.5,23.35,30.0,13.0,15.0,STEEL,33.0,40.0,49.0,330.0,350.0,16.0,18.0,False,False,135.0,2.0,0.9,1.1,0.9,1.2,1.0,0.9,678.0,47.0,678.0,47.0,1.0,2,False,1.0,1.0,68.0,45.0,0.0,31.8,False,False,False,False,True,11.0,1,False,0.0,123.0,167,SPOKED,SPOKED,0.0,0.0,0.0,0.0,280.0,730.0,34.9,700.0,1.0
395.0,55.0,595.0,67.5,148.0,45.0,590.0,72.5,638.0,45.0,45.0,28.6,36.5,23.35,30.0,13.0,15.0,TITANIUM,33.0,40.0,49.0,330.0,350.0,16.0,18.0,False,False,135.0,2.0,0.9,1.1,0.9,1.2,1.0,0.9,678.0,47.0,678.0,47.0,1.0,2,False,1.0,1.0,68.0,45.0,0.0,31.8,False,False,False,False,True,11.0,1,False,0.0,123.0,167,SPOKED,SPOKED,0.0,0.0,0.0,0.0,280.0,730.0,34.9,700.0,1.0
410.0,62.0,597.0,68.5,152.0,45.0,582.0,73.0,636.0,45.0,45.0,28.6,36.5,23.35,30.0,13.0,15.0,BAMBOO,33.0,40.0,49.0,330.0,350.0,16.0,18.0,False,False,135.0,2.0,0.9,1.1,0.9,1.2,1.0,0.9,678.0,47.0,678.0,47.0,1.0,2,False,1.0,1.0,68.0,45.0,0.0,31.8,False,False,False,False,True,11.0,1,False,0.0,123.0,167,SPOKED,SPOKED,0.0,0.0,0.0,0.0,280.0,730.0,34.9,700.0,1.0
425.0,68.0,615.0,66.0,149.0,45.0,588.0,74.0,645.0,45.0,45.0,28.6,36.5,23.35,30.0,13.0,15.0,ALUMINIUM,33.0,40.0,49.0,330.0,350.0,16.0,18.0,False,False,135.0,2.0,0.9,1.1,0.9,1.2,1.0,0.9,678.0,47.0,678.0,47.0,1.0,2,False,1.0,1.0,68.0,45.0,0.0,31.8,False,False,False,False,True,11.0,1,False,0.0,123.0,167,SPOKED,SPOKED,0.0,0.0,0.0,0.0,280.0,730.0,34.9,700.0,1.0
400.0,58.0,602.0,67.0,151.0,45.0,579.0,73.0,632.0,45.0,45.0,28.6,36.5,23.35,30.0,13.0,15.0,CARBON,33.0,40.0,49.0,330.0,350.0,16.0,18.0,False,False,135.0,2.0,0.9,1.1,0.9,1.2,1.0,0.9,678.0,47.0,678.0,47.0,1.0,2,False,1.0,1.0,68.0,45.0,0.0,31.8,False,False,False,False,True,11.0,1,False,0.0,123.0,167,SPOKED,SPOKED,0.0,0.0,0.0,0.0,280.0,730.0,34.9,700.0,1.0
430.0,69.0,620.0,65.5,154.0,45.0,592.0,72.0,648.0,45.0,45.0,28.6,36.5,23.35,30.0,13.0,15.0,TITANIUM,33.0,40.0,49.0,330.0,350.0,16.0,18.0,False,False,135.0,2.0,0.9,1.1,0.9,1.2,1.0,0.9,678.0,47.0,678.0,47.0,1.0,2,False,1.0,1.0,68.0,45.0,0.0,31.8,False,False,False,False,True,11.0,1,False,0.0,123.0,167,SPOKED,SPOKED,0.0,0.0,0.0,0.0,280.0,730.0,34.9,700.0,1.0
390.0,50.0,590.0,68.0,142.0,45.0,570.0,71.5,628.0,45.0,45.0,28.6,36.5,23.35,30.0,13.0,15.0,STEEL,33.0,40.0,49.0,330.0,350.0,16.0,18.0,False,False,135.0,2.0,0.9,1.1,0.9,1.2,1.0,0.9,678.0,47.0,678.0,47.0,1.0,2,False,1.0,1.0,68.0,45.0,0.0,31.8,False,False,False,False,True,11.0,1,False,0.0,123.0,167,SPOKED,SPOKED,0.0,0.0,0.0,0.0,280.0,730.0,34.9,700.0,1.0
435.0,75.0,625.0,65.0,140.0,45.0,595.0,72.5,650.0,45.0,45.0,28.6,36.5,23.35,30.0,13.0,15.0,BAMBOO,33.0,40.0,49.0,330.0,350.0,16.0,18.0,False,False,135.0,2.0,0.9,1.1,0.9,1.2,1.0,0.9,678.0,47.0,678.0,47.0,1.0,2,False,1.0,1.0,68.0,45.0,0.0,31.8,False,False,False,False,True,11.0,1,False,0.0,123.0,167,SPOKED,SPOKED,0.0,0.0,0.0,0.0,280.0,730.0,34.9,700.0,1.0
450.0,60.0,600.0,68.0,110.0,45.0,550.0,74.0,630.0,45.0,45.0,28.6,36.5,36.5,23.35,13.0,15,ALUMINIUM,35.0,130.0,45.0,330.0,350.0,16.0,18,False,False,142.0,2.0,2.0,2.0,2.0,2.0,2.0,2.0,690.0,52.0,690.0,52.0,1.0,1,False,1.0,3.0,68.0,45.0,0.0,31.8,False,True,False,False,True,12.0,1,False,0.0,123.0,167,DISC,DISC,0.0,0.0,0.0,0.0,300.0,750.0,34.9,400.0,1.0
430.0,55.0,580.0,69.0,100.0,48.0,540.0,75.0,620.0,50.0,45.0,28.6,36.5,36.5,23.35,13.0,15,CARBON,32.0,125.0,42.0,330.0,350.0,16.0,18,False,False,142.0,2.0,2.0,2.0,2.0,2.0,2.0,2.0,700.0,55.0,700.0,55.0,1.0,2,False,1.0,3.0,68.0,45.0,0.0,31.8,True,False,True,False,True,11.0,1,False,0.0,150.0,200,DISC,DISC,0.0,0.0,0.0,0.0,310.0,740.0,34.9,400.0,1.0
460.0,65.0,620.0,67.0,120.0,46.0,560.0,73.0,640.0,42.0,45.0,28.6,36.5,36.5,23.35,13.0,15,STEEL,38.0,128.0,48.0,330.0,350.0,16.0,18,False,False,142.0,2.0,2.0,2.0,2.0,2.0,2.0,2.0,680.0,52.0,680.0,52.0,1.0,1,False,1.0,3.0,68.0,45.0,0.0,31.8,True,True,False,False,True,12.0,2,False,64.0,224.0,208,SPOKED,SPOKED,0.0,0.0,0.0,0.0,300.0,760.0,34.9,400.0,1.0
440.0,60.0,610.0,68.5,115.0,47.0,545.0,74.5,635.0,44.0,45.0,28.6,36.5,36.5,23.35,13.0,15,TITANIUM,36.0,127.0,44.0,330.0,350.0,14.0,20,True,True,142.0,2.0,2.0,2.0,2.0,2.0,2.0,2.0,695.0,52.0,695.0,52.0,1.0,1,False,1.0,3.0,68.0,45.0,0.0,31.8,False,True,False,False,True,11.0,1,False,0.0,100.0,150,DISC,DISC,0.0,0.0,0.0,0.0,320.0,755.0,34.9,400.0,1.0
470.0,62.0,605.0,69.5,105.0,46.0,565.0,73.5,645.0,46.0,45.0,28.6,36.5,36.5,23.35,13.0,15,BAMBOO,34.0,130.0,46.0,330.0,350.0,16.0,18,False,False,142.0,2.0,2.0,2.0,2.0,2.0,2.0,2.0,690.0,52.0,690.0,52.0,1.0,2,False,1.0,3.0,68.0,45.0,0.0,31.8,True,False,True,False,True,12.0,1,False,0.0,200.0,230,SPOKED,SPOKED,0.0,0.0,0.0,0.0,305.0,765.0,34.9,400.0,1.0
455.0,58.0,615.0,68.0,125.0,44.0,555.0,74.0,640.0,43.0,45.0,28.6,36.5,36.5,23.35,13.0,15,OTHER,37.0,129.0,43.0,330.0,350.0,16.0,18,False,False,142.0,2.0,2.0,2.0,2.0,2.0,2.0,2.0,705.0,52.0,705.0,52.0,1.0,1,False,1.0,3.0,68.0,45.0,0.0,31.8,False,True,False,False,True,10.0,2,False,32.0,178.0,170,DISC,SPOKED,0.0,0.0,0.0,0.0,315.0,752.0,34.9,400.0,1.0
440.0,60.0,595.0,70.0,100.0,45.0,545.0,75.0,625.0,48.0,45.0,28.6,36.5,36.5,23.35,13.0,15,ALUMINIUM,33.0,123.0,41.0,330.0,350.0,16.0,18,False,False,142.0,2.0,2.0,2.0,2.0,2.0,2.0,2.0,685.0,52.0,685.0,52.0,1.0,2,False,1.0,3.0,68.0,45.0,0.0,31.8,False,True,True,False,True,12.0,1,False,72.0,209.0,204,SPOKED,DISC,0.0,0.0,0.0,0.0,290.0,748.0,34.9,400.0,1.0
420.0,63.0,630.0,66.5,130.0,47.0,580.0,73.0,655.0,44.0,45.0,28.6,36.5,36.5,23.35,13.0,15,STEEL,40.0,140.0,50.0,330.0,350.0,16.0,18,False,False,142.0,2.0,2.0,2.0,2.0,2.0,2.0,2.0,700.0,52.0,700.0,52.0,1.0,1,False,1.0,3.0,68.0,45.0,0.0,31.8,False,False,False,False,True,10.0,3,True,95.0,158.0,160,DISC,DISC,0.0,0.0,0.0,0.0,330.0,770.0,34.9,400.0,1.0
435.0,57.0,625.0,67.5,95.0,45.0,560.0,75.5,635.0,47.0,45.0,28.6,36.5,36.5,23.35,13.0,15,CARBON,31.0,120.0,40.0,330.0,350.0,16.0,18,False,False,142.0,2.0,2.0,2.0,2.0,2.0,2.0,2.0,695.0,52.0,695.0,52.0,1.0,1,False,1.0,3.0,68.0,45.0,0.0,31.8,True,True,False,False,True,12.0,1,False,0.0,80.0,130,TRISPOKE,SPOKED,1.0,0.0,60.0,0.0,300.0,755.0,34.9,400.0,1.0
465.0,60.0,600.0,68.0,115.0,46.0,570.0,74.0,650.0,46.0,45.0,28.6,36.5,36.5,23.35,13.0,15,ALUMINIUM,36.0,132.0,46.0,330.0,350.0,16.0,18,False,False,142.0,2.0,2.0,2.0,2.0,2.0,2.0,2.0,690.0,52.0,690.0,52.0,1.0,1,False,1.0,3.0,68.0,45.0,0.0,31.8,False,False,True,False,True,11.0,2,True,70.0,130.0,180,DISC,TRISPOKE,0.0,1.0,0.0,45.0,310.0,760.0,34.9,400.0,1.0
430.0,45.0,600.0,67.0,140.0,40.0,580.0,74.0,600.0,50.0,45.0,31.0,36.5,25.0,13.0,15.0,9.0,ALUMINIUM,30.0,50.0,40.0,330.0,350.0,18.0,16.0,True,False,135.0,2.0,0.9,1.1,0.9,1.2,1.0,0.9,680.0,121.0,680.0,121.0,1.0,1,False,1.0,1.0,73.0,45.0,0.0,31.8,False,False,False,False,True,11.0,1,False,0.0,123.0,255,SPOKED,SPOKED,1.0,1.0,80.0,80.0,280.0,750.0,34.9,300.0,1.0
440.0,50.0,610.0,68.0,150.0,50.0,590.0,73.0,610.0,52.0,45.0,31.0,36.5,25.0,13.0,15.0,9.0,CARBON,35.0,55.0,45.0,330.0,350.0,18.0,16.0,False,True,140.0,2.0,0.9,1.1,0.9,1.2,1.0,0.9,680.0,121.0,680.0,121.0,1.0,0,False,1.0,1.0,68.0,45.0,0.0,31.8,False,False,False,False,True,11.0,1,False,10.0,130.0,250,SPOKED,SPOKED,1.0,1.0,80.0,80.0,285.0,760.0,34.9,300.0,1.0
420.0,40.0,620.0,69.0,130.0,45.0,600.0,75.0,620.0,48.0,45.0,31.0,36.5,25.0,13.0,15.0,9.0,STEEL,25.0,45.0,35.0,330.0,350.0,18.0,16.0,True,False,135.0,2.0,0.9,1.1,0.9,1.2,1.0,0.9,680.0,121.0,680.0,121.0,1.0,2,False,1.0,1.0,73.0,45.0,0.0,31.8,False,False,False,False,True,11.0,1,False,5.0,125.0,245,SPOKED,SPOKED,1.0,1.0,80.0,80.0,275.0,740.0,34.9,300.0,1.0
450.0,55.0,630.0,66.0,160.0,55.0,570.0,72.0,630.0,54.0,45.0,31.0,36.5,25.0,13.0,15.0,9.0,TITANIUM,40.0,60.0,50.0,330.0,350.0,18.0,16.0,False,True,140.0,2.0,0.9,1.1,0.9,1.2,1.0,0.9,680.0,121.0,680.0,121.0,1.0,1,False,1.0,1.0,68.0,45.0,0.0,31.8,False,False,False,False,True,11.0,1,False,15.0,135.0,255,SPOKED,SPOKED,1.0,1.0,80.0,80.0,290.0,770.0,34.9,300.0,1.0
435.0,48.0,605.0,67.5,145.0,42.0,585.0,74.5,605.0,51.0,45.0,31.0,36.5,25.0,13.0,15.0,9.0,BAMBOO,32.0,52.0,42.0,330.0,350.0,18.0,16.0,True,False,135.0,2.0,0.9,1.1,0.9,1.2,1.0,0.9,680.0,121.0,680.0,121.0,1.0,0,False,1.0,1.0,73.0,45.0,0.0,31.8,False,False,False,False,True,11.0,1,False,0.0,120.0,255,SPOKED,SPOKED,1.0,1.0,80.0,80.0,282.0,755.0,34.9,300.0,1.0
445.0,52.0,615.0,68.5,155.0,52.0,595.0,73.5,615.0,53.0,45.0,31.0,36.5,25.0,13.0,15.0,9.0,ALUMINIUM,37.0,57.0,47.0,330.0,350.0,18.0,16.0,False,True,140.0,2.0,0.9,1.1,0.9,1.2,1.0,0.9,680.0,121.0,680.0,121.0,1.0,2,False,1.0,1.0,68.0,45.0,0.0,31.8,False,False,False,False,True,11.0,1,False,20.0,140.0,250,SPOKED,SPOKED,1.0,1.0,80.0,80.0,287.0,765.0,34.9,300.0,1.0
425.0,46.0,625.0,66.5,135.0,47.0,605.0,75.0,625.0,49.0,45.0,31.0,36.5,25.0,13.0,15.0,9.0,CARBON,27.0,47.0,37.0,330.0,350.0,18.0,16.0,True,False,135.0,2.0,0.9,1.1,0.9,1.2,1.0,0.9,680.0,121.0,680.0,121.0,1.0,1,False,1.0,1.0,73.0,45.0,0.0,31.8,False,False,False,False,True,11.0,1,False,0.0,110.0,240,SPOKED,SPOKED,1.0,1.0,80.0,80.0,277.0,745.0,34.9,300.0,1.0
460.0,54.0,635.0,69.5,165.0,57.0,575.0,72.5,635.0,55.0,45.0,31.0,36.5,25.0,13.0,15.0,9.0,STEEL,42.0,62.0,52.0,330.0,350.0,18.0,16.0,False,True,140.0,2.0,0.9,1.1,0.9,1.2,1.0,0.9,680.0,121.0,680.0,121.0,1.0,0,False,1.0,1.0,68.0,45.0,0.0,31.8,False,False,False,False,True,11.0,1,False,25.0,145.0,255,SPOKED,SPOKED,1.0,1.0,80.0,80.0,292.0,775.0,34.9,300.0,1.0
430.0,42.0,608.0,67.2,148.0,44.0,588.0,74.2,608.0,50.0,45.0,31.0,36.5,25.0,13.0,15.0,9.0,TITANIUM,33.0,53.0,43.0,330.0,350.0,18.0,16.0,True,False,135.0,2.0,0.9,1.1,0.9,1.2,1.0,0.9,680.0,121.0,680.0,121.0,1.0,2,False,1.0,1.0,73.0,45.0,0.0,31.8,False,False,False,False,True,11.0,1,False,0.0,115.0,255,SPOKED,SPOKED,1.0,1.0,80.0,80.0,284.0,752.0,34.9,300.0,1.0
440.0,49.0,618.0,68.2,158.0,54.0,598.0,73.2,618.0,52.0,45.0,31.0,36.5,25.0,13.0,15.0,9.0,BAMBOO,38.0,58.0,48.0,330.0,350.0,18.0,16.0,False,True,140.0,2.0,0.9,1.1,0.9,1.2,1.0,0.9,680.0,121.0,680.0,121.0,1.0,1,False,1.0,1.0,68.0,45.0,0.0,31.8,False,False,False,False,True,11.0,1,False,30.0,150.0,250,SPOKED,SPOKED,1.0,1.0,80.0,80.0,289.0,762.0,34.9,300.0,1.0
420.0,60.0,580.0,67.0,95.0,45.0,600.0,73.0,630.0,55.0,40.0,28.6,36.5,23.35,23.35,13.0,15.0,ALUMINIUM,35.0,50.0,50.0,330.0,350.0,16.0,18.0,False,False,135.0,2.0,0.9,1.1,0.9,1.2,1.0,0.9,680.0,52.0,680.0,52.0,1.0,1,False,1.0,1.0,68.0,45.0,0.0,31.8,True,True,False,False,True,11.0,1,False,70.0,130.0,180,SPOKED,SPOKED,0.0,0.0,80.0,80.0,280.0,730.0,34.9,300.0,1.0
421.0,61.0,585.0,67.5,97.0,46.0,605.0,73.2,632.0,54.0,40.0,28.6,36.5,23.35,23.35,13.0,15.0,ALUMINIUM,35.0,50.0,50.0,330.0,350.0,16.0,18.0,False,False,135.0,2.0,0.9,1.1,0.9,1.2,1.0,0.9,680.0,52.0,680.0,52.0,1.0,1,False,1.0,1.0,68.0,45.0,0.0,31.8,True,True,False,False,True,11.0,1,False,70.0,130.0,180,SPOKED,SPOKED,0.0,0.0,80.0,80.0,280.0,730.0,34.9,300.0,1.0
422.0,62.0,590.0,68.0,99.0,47.0,610.0,73.4,634.0,53.0,40.0,28.6,36.5,23.35,23.35,13.0,15.0,ALUMINIUM,35.0,50.0,50.0,330.0,350.0,16.0,18.0,False,False,135.0,2.0,0.9,1.1,0.9,1.2,1.0,0.9,680.0,52.0,680.0,52.0,1.0,1,False,1.0,1.0,68.0,45.0,0.0,31.8,True,True,False,False,True,11.0,1,False,70.0,130.0,180,SPOKED,SPOKED,0.0,0.0,80.0,80.0,280.0,730.0,34.9,300.0,1.0
423.0,63.0,595.0,68.5,101.0,48.0,615.0,73.6,636.0,52.0,40.0,28.6,36.5,23.35,23.35,13.0,15.0,ALUMINIUM,35.0,50.0,50.0,330.0,350.0,16.0,18.0,False,False,135.0,2.0,0.9,1.1,0.9,1.2,1.0,0.9,680.0,52.0,680.0,52.0,1.0,1,False,1.0,1.0,68.0,45.0,0.0,31.8,True,True,False,False,True,11.0,1,False,70.0,130.0,180,SPOKED,SPOKED,0.0,0.0,80.0,80.0,280.0,730.0,34.9,300.0,1.0
424.0,64.0,600.0,69.0,103.0,49.0,620.0,73.8,638.0,51.0,40.0,28.6,36.5,23.35,23.35,13.0,15.0,ALUMINIUM,35.0,50.0,50.0,330.0,350.0,16.0,18.0,False,False,135.0,2.0,0.9,1.1,0.9,1.2,1.0,0.9,680.0,52.0,680.0,52.0,1.0,1,False,1.0,1.0,68.0,45.0,0.0,31.8,True,True,False,False,True,11.0,1,False,70.0,130.0,180,SPOKED,SPOKED,0.0,0.0,80.0,80.0,280.0,730.0,34.9,300.0,1.0
425.0,60.5,605.0,67.2,105.0,44.0,598.0,72.8,631.0,56.0,40.0,28.6,36.5,23.35,23.35,13.0,15.0,ALUMINIUM,35.0,50.0,50.0,330.0,350.0,16.0,18.0,False,False,135.0,2.0,0.9,1.1,0.9,1.2,1.0,0.9,680.0,52.0,680.0,52.0,1.0,1,False,1.0,1.0,68.0,45.0,0.0,31.8,True,True,False,False,True,11.0,1,False,70.0,130.0,180,SPOKED,SPOKED,0.0,0.0,80.0,80.0,280.0,730.0,34.9,300.0,1.0
426.0,61.5,610.0,67.7,107.0,43.0,603.0,73.1,633.0,55.0,40.0,28.6,36.5,23.35,23.35,13.0,15.0,ALUMINIUM,35.0,50.0,50.0,330.0,350.0,16.0,18.0,False,False,135.0,2.0,0.9,1.1,0.9,1.2,1.0,0.9,680.0,52.0,680.0,52.0,1.0,1,False,1.0,1.0,68.0,45.0,0.0,31.8,True,True,False,False,True,11.0,1,False,70.0,130.0,180,SPOKED,SPOKED,0.0,0.0,80.0,80.0,280.0,730.0,34.9,300.0,1.0
427.0,62.5,615.0,68.2,109.0,42.0,608.0,73.3,635.0,54.0,40.0,28.6,36.5,23.35,23.35,13.0,15.0,ALUMINIUM,35.0,50.0,50.0,330.0,350.0,16.0,18.0,False,False,135.0,2.0,0.9,1.1,0.9,1.2,1.0,0.9,680.0,52.0,680.0,52.0,1.0,1,False,1.0,1.0,68.0,45.0,0.0,31.8,True,True,False,False,True,11.0,1,False,70.0,130.0,180,SPOKED,SPOKED,0.0,0.0,80.0,80.0,280.0,730.0,34.9,300.0,1.0
428.0,63.5,620.0,68.7,111.0,41.0,613.0,73.5,637.0,53.0,40.0,28.6,36.5,23.35,23.35,13.0,15.0,ALUMINIUM,35.0,50.0,50.0,330.0,350.0,16.0,18.0,False,False,135.0,2.0,0.9,1.1,0.9,1.2,1.0,0.9,680.0,52.0,680.0,52.0,1.0,1,False,1.0,1.0,68.0,45.0,0.0,31.8,True,True,False,False,True,11.0,1,False,70.0,130.0,180,SPOKED,SPOKED,0.0,0.0,80.0,80.0,280.0,730.0,34.9,300.0,1.0
429.0,64.5,625.0,69.2,113.0,40.0,618.0,73.7,639.0,52.0,40.0,28.6,36.5,23.35,23.35,13.0,15.0,ALUMINIUM,35.0,50.0,50.0,330.0,350.0,16.0,18.0,False,False,135.0,2.0,0.9,1.1,0.9,1.2,1.0,0.9,680.0,52.0,680.0,52.0,1.0,1,False,1.0,1.0,68.0,45.0,0.0,31.8,True,True,False,False,True,11.0,1,False,70.0,130.0,180,SPOKED,SPOKED,0.0,0.0,80.0,80.0,280.0,730.0,34.9,300.0,1.0
450.0,40.0,650.0,67.0,130.0,50.0,550.0,72.0,600.0,45.0,40.0,28.6,36.0,23.0,23.0,13.0,15.0,CARBON,30.0,50.0,45.0,330.0,350.0,16.0,18.0,False,False,148.0,2.0,0.9,1.1,0.9,1.2,1.0,0.9,650.0,79.0,650.0,79.0,1.0,1,False,1.0,1.0,68.0,45.0,0.0,31.6,False,False,False,False,True,11.0,1,False,46.0,139.0,190,SPOKED,SPOKED,1.0,1.0,80.0,80.0,280.0,730.0,34.9,300.0,1.0
440.0,38.0,640.0,68.0,120.0,48.0,540.0,72.5,610.0,45.0,40.0,28.6,36.0,23.0,23.0,13.0,15.0,ALUMINIUM,28.0,48.0,48.0,330.0,350.0,16.0,18.0,False,False,142.0,2.0,0.9,1.1,0.9,1.2,1.0,0.9,680.0,121.0,680.0,121.0,1.0,2,False,1.0,1.0,68.0,45.0,0.0,31.6,False,False,False,False,True,11.0,1,False,0.0,128.0,255,SPOKED,SPOKED,1.0,1.0,80.0,80.0,285.0,720.0,34.9,300.0,1.0
460.0,42.0,660.0,66.0,140.0,52.0,560.0,71.5,590.0,50.0,40.0,28.6,36.0,23.0,23.0,13.0,15.0,BAMBOO,32.0,55.0,42.0,330.0,350.0,16.0,18.0,False,False,135.0,2.0,0.9,1.1,0.9,1.2,1.0,0.9,630.0,71.0,630.0,71.0,1.0,0,False,1.0,1.0,68.0,45.0,0.0,31.6,False,False,False,False,True,11.0,1,False,139.0,69.0,19,SPOKED,SPOKED,1.0,1.0,80.0,80.0,275.0,740.0,34.9,300.0,1.0
455.0,40.0,640.0,67.5,125.0,50.0,545.0,72.0,605.0,45.0,40.0,28.6,36.0,23.0,23.0,13.0,15.0,STEEL,29.0,49.0,44.0,330.0,350.0,16.0,18.0,False,False,148.0,2.0,0.9,1.1,0.9,1.2,1.0,0.9,674.0,115.0,674.0,115.0,1.0,1,False,1.0,1.0,68.0,45.0,0.0,31.6,False,False,False,False,True,11.0,1,False,128.0,0.0,0,SPOKED,SPOKED,1.0,1.0,80.0,80.0,282.0,725.0,34.9,300.0,1.0
440.0,42.0,655.0,69.0,115.0,52.0,550.0,73.0,620.0,42.0,40.0,28.6,36.0,23.0,23.0,13.0,15.0,TITANIUM,27.0,50.0,43.0,330.0,350.0,16.0,18.0,False,False,142.0,2.0,0.9,1.1,0.9,1.2,1.0,0.9,650.0,79.0,650.0,79.0,1.0,2,False,1.0,1.0,68.0,45.0,0.0,31.6,False,False,False,False,True,11.0,1,False,192.0,192.0,192,SPOKED,SPOKED,1.0,1.0,80.0,80.0,288.0,735.0,34.9,300.0,1.0
470.0,38.0,670.0,65.0,135.0,54.0,560.0,71.0,580.0,40.0,40.0,28.6,36.0,23.0,23.0,13.0,15.0,CARBON,34.0,53.0,50.0,330.0,350.0,16.0,18.0,False,False,135.0,2.0,0.9,1.1,0.9,1.2,1.0,0.9,650.0,79.0,650.0,79.0,1.0,0,False,1.0,1.0,68.0,45.0,0.0,31.6,False,False,False,False,True,11.0,1,False,0.0,0.0,255,SPOKED,SPOKED,1.0,1.0,80.0,80.0,290.0,745.0,34.9,300.0,1.0
445.0,40.0,620.0,68.5,128.0,51.0,555.0,72.0,600.0,47.0,40.0,28.6,36.0,23.0,23.0,13.0,15.0,ALUMINIUM,31.0,52.0,46.0,330.0,350.0,16.0,18.0,False,False,148.0,2.0,0.9,1.1,0.9,1.2,1.0,0.9,674.0,115.0,674.0,115.0,1.0,1,False,1.0,1.0,68.0,45.0,0.0,31.6,False,False,False,False,True,11.0,1,False,255.0,165.0,0,SPOKED,SPOKED,1.0,1.0,80.0,80.0,276.0,715.0,34.9,300.0,1.0
465.0,42.0,660.0,66.5,132.0,52.0,560.0,71.5,615.0,50.0,40.0,28.6,36.0,23.0,23.0,13.0,15.0,BAMBOO,33.0,55.0,47.0,330.0,350.0,16.0,18.0,False,False,135.0,2.0,0.9,1.1,0.9,1.2,1.0,0.9,630.0,71.0,630.0,71.0,1.0,2,False,1.0,1.0,68.0,45.0,0.0,31.6,False,False,False,False,True,11.0,1,False,34.0,139.0,34,SPOKED,SPOKED,1.0,1.0,80.0,80.0,295.0,755.0,34.9,300.0,1.0
430.0,45.0,630.0,70.0,110.0,48.0,540.0,73.0,625.0,45.0,40.0,28.6,36.0,23.0,23.0,13.0,15.0,TITANIUM,26.0,49.0,42.0,330.0,350.0,16.0,18.0,False,False,142.0,2.0,0.9,1.1,0.9,1.2,1.0,0.9,650.0,79.0,650.0,79.0,1.0,1,False,1.0,1.0,68.0,45.0,0.0,31.6,False,False,False,False,True,11.0,1,False,220.0,220.0,220,SPOKED,SPOKED,1.0,1.0,80.0,80.0,285.0,720.0,34.9,300.0,1.0
452.0,40.0,645.0,67.2,118.0,50.0,548.0,72.0,602.0,48.0,40.0,28.6,36.0,23.0,23.0,13.0,15.0,STEEL,28.0,51.0,45.0,330.0,350.0,16.0,18.0,False,False,148.0,2.0,0.9,1.1,0.9,1.2,1.0,0.9,680.0,121.0,680.0,121.0,1.0,0,False,1.0,1.0,68.0,45.0,0.0,31.6,False,False,False,False,True,11.0,1,False,128.0,0.0,128,SPOKED,SPOKED,1.0,1.0,80.0,80.0,281.0,728.0,34.9,300.0,1.0
420.0,60.0,600.0,66.0,120.0,50.0,500.0,73.0,630.0,45.0,50.0,30.0,34.9,36.5,23.35,13.0,15.0,CARBON,30.0,40.0,50.0,330.0,350.0,16.0,18.0,False,False,135.0,1.2,1.2,1.2,1.2,1.2,1.2,1.2,700.0,52.0,700.0,52.0,1.0,0,False,1.0,1.0,68.0,45.0,0.0,31.8,True,True,False,False,True,12.0,1,False,0.0,123.0,167,SPOKED,SPOKED,0.0,0.0,0.0,0.0,280.0,690.0,34.9,400.0,1.0
430.0,62.0,610.0,66.5,125.0,55.0,510.0,73.5,635.0,45.0,50.0,30.0,34.9,36.5,23.35,13.0,15.0,ALUMINIUM,30.0,40.0,50.0,330.0,350.0,16.0,18.0,False,False,135.0,1.2,1.2,1.2,1.2,1.2,1.2,1.2,695.0,52.0,695.0,52.0,1.0,0,False,1.0,1.0,68.0,45.0,0.0,31.8,True,True,False,False,True,12.0,1,False,0.0,123.0,167,SPOKED,SPOKED,0.0,0.0,0.0,0.0,280.0,695.0,34.9,400.0,1.0
440.0,64.0,620.0,67.0,130.0,60.0,520.0,74.0,640.0,45.0,50.0,30.0,34.9,36.5,23.35,13.0,15.0,STEEL,30.0,40.0,50.0,330.0,350.0,16.0,18.0,False,False,135.0,1.2,1.2,1.2,1.2,1.2,1.2,1.2,690.0,52.0,690.0,52.0,1.0,0,False,1.0,1.0,68.0,45.0,0.0,31.8,True,True,False,False,True,12.0,1,False,0.0,123.0,167,SPOKED,SPOKED,0.0,0.0,0.0,0.0,280.0,700.0,34.9,400.0,1.0
450.0,66.0,630.0,67.5,135.0,65.0,530.0,74.5,645.0,45.0,50.0,30.0,34.9,36.5,23.35,13.0,15.0,TITANIUM,30.0,40.0,50.0,330.0,350.0,16.0,18.0,False,False,135.0,1.2,1.2,1.2,1.2,1.2,1.2,1.2,685.0,52.0,685.0,52.0,1.0,0,False,1.0,1.0,68.0,45.0,0.0,31.8,True,True,False,False,True,12.0,1,False,0.0,123.0,167,SPOKED,SPOKED,0.0,0.0,0.0,0.0,280.0,705.0,34.9,400.0,1.0
460.0,68.0,640.0,68.0,140.0,70.0,540.0,75.0,650.0,45.0,50.0,30.0,34.9,36.5,23.35,13.0,15.0,BAMBOO,30.0,40.0,50.0,330.0,350.0,16.0,18.0,False,False,135.0,1.2,1.2,1.2,1.2,1.2,1.2,1.2,680.0,52.0,680.0,52.0,1.0,0,False,1.0,1.0,68.0,45.0,0.0,31.8,True,True,False,False,True,12.0,1,False,0.0,123.0,167,SPOKED,SPOKED,0.0,0.0,0.0,0.0,280.0,710.0,34.9,400.0,1.0
470.0,70.0,650.0,68.5,145.0,75.0,550.0,75.5,655.0,45.0,50.0,30.0,34.9,36.5,23.35,13.0,15.0,CARBON,30.0,40.0,50.0,330.0,350.0,16.0,18.0,False,False,135.0,1.2,1.2,1.2,1.2,1.2,1.2,1.2,680.0,52.0,680.0,52.0,1.0,0,False,1.0,1.0,68.0,45.0,0.0,31.8,True,True,False,False,True,12.0,1,False,0.0,123.0,167,SPOKED,SPOKED,0.0,0.0,0.0,0.0,280.0,715.0,34.9,400.0,1.0
480.0,72.0,660.0,69.0,150.0,80.0,560.0,76.0,660.0,45.0,50.0,30.0,34.9,36.5,23.35,13.0,15.0,ALUMINIUM,30.0,40.0,50.0,330.0,350.0,16.0,18.0,False,False,135.0,1.2,1.2,1.2,1.2,1.2,1.2,1.2,680.0,52.0,680.0,52.0,1.0,0,False,1.0,1.0,68.0,45.0,0.0,31.8,True,True,False,False,True,12.0,1,False,0.0,123.0,167,SPOKED,SPOKED,0.0,0.0,0.0,0.0,280.0,720.0,34.9,400.0,1.0
490.0,74.0,670.0,69.5,155.0,85.0,570.0,76.0,665.0,45.0,50.0,30.0,34.9,36.5,23.35,13.0,15.0,STEEL,30.0,40.0,50.0,330.0,350.0,16.0,18.0,False,False,135.0,1.2,1.2,1.2,1.2,1.2,1.2,1.2,680.0,52.0,680.0,52.0,1.0,0,False,1.0,1.0,68.0,45.0,0.0,31.8,True,True,False,False,True,12.0,1,False,0.0,123.0,167,SPOKED,SPOKED,0.0,0.0,0.0,0.0,280.0,725.0,34.9,400.0,1.0
500.0,76.0,680.0,70.0,160.0,90.0,580.0,75.5,670.0,45.0,50.0,30.0,34.9,36.5,23.35,13.0,15.0,TITANIUM,30.0,40.0,50.0,330.0,350.0,16.0,18.0,False,False,135.0,1.2,1.2,1.2,1.2,1.2,1.2,1.2,680.0,52.0,680.0,52.0,1.0,0,False,1.0,1.0,68.0,45.0,0.0,31.8,True,True,False,False,True,12.0,1,False,0.0,123.0,167,SPOKED,SPOKED,0.0,0.0,0.0,0.0,280.0,730.0,34.9,400.0,1.0
510.0,78.0,690.0,70.5,165.0,95.0,590.0,75.0,675.0,45.0,50.0,30.0,34.9,36.5,23.35,13.0,15.0,BAMBOO,30.0,40.0,50.0,330.0,350.0,16.0,18.0,False,False,135.0,1.2,1.2,1.2,1.2,1.2,1.2,1.2,680.0,52.0,680.0,52.0,1.0,0,False,1.0,1.0,68.0,45.0,0.0,31.8,True,True,False,False,True,12.0,1,False,0.0,123.0,167,SPOKED,SPOKED,0.0,0.0,0.0,0.0,280.0,735.0,34.9,400.0,1.0
430.0,65.0,550.0,67.5,120.0,45.0,530.0,74.0,640.0,50.0,45.0,28.6,36.5,30.0,30.0,13.0,15.0,ALUMINIUM,30.0,50.0,50.0,330.0,350.0,16.0,16.0,False,False,135.0,2.0,0.9,1.1,0.9,1.2,1.0,0.9,674.0,52.0,674.0,52.0,1.0,1,False,1.0,1.0,68.0,45.0,0.0,31.8,False,True,False,False,True,12.0,1,False,0.0,123.0,255,SPOKED,SPOKED,0.0,0.0,0.0,0.0,280.0,760.0,34.9,350.0,1.0
420.0,70.0,580.0,68.5,140.0,55.0,560.0,73.0,660.0,55.0,50.0,30.0,36.5,32.0,32.0,12.0,14.0,CARBON,35.0,55.0,45.0,330.0,350.0,16.0,16.0,False,False,142.0,2.0,0.9,1.1,0.9,1.2,1.0,0.9,674.0,52.0,674.0,52.0,1.0,0,False,1.0,1.0,70.0,50.0,0.0,34.0,True,True,False,False,True,11.0,1,False,0.0,150.0,255,SPOKED,SPOKED,0.0,0.0,0.0,0.0,285.0,750.0,34.9,360.0,1.0
450.0,60.0,520.0,70.0,110.0,50.0,500.0,75.0,620.0,48.0,45.0,28.6,38.0,30.0,30.0,14.0,16.0,STEEL,25.0,45.0,55.0,330.0,350.0,16.0,16.0,False,False,135.0,2.0,0.9,1.1,0.9,1.2,1.0,0.9,674.0,52.0,674.0,52.0,1.0,2,False,1.0,1.0,68.0,45.0,0.0,30.0,False,True,False,False,True,12.0,1,False,0.0,100.0,200,SPOKED,SPOKED,0.0,0.0,0.0,0.0,275.0,780.0,34.9,340.0,1.0
440.0,68.0,560.0,69.0,130.0,60.0,550.0,73.5,650.0,52.0,50.0,32.0,36.5,34.0,34.0,13.0,15.0,TITANIUM,40.0,60.0,48.0,330.0,350.0,16.0,16.0,False,False,135.0,2.0,0.9,1.1,0.9,1.2,1.0,0.9,674.0,52.0,674.0,52.0,1.0,1,False,1.0,1.0,70.0,52.0,0.0,35.0,False,True,False,False,True,10.0,2,False,0.0,90.0,180,SPOKED,SPOKED,0.0,0.0,0.0,0.0,290.0,740.0,34.9,370.0,1.0
425.0,72.0,580.0,67.0,150.0,50.0,540.0,74.5,640.0,54.0,45.0,28.6,36.5,30.0,31.0,12.0,15.0,ALUMINIUM,28.0,52.0,50.0,330.0,350.0,16.0,16.0,False,False,142.0,2.0,0.9,1.1,0.9,1.2,1.0,0.9,674.0,52.0,674.0,52.0,1.0,0,False,1.0,3.0,68.0,52.0,0.0,32.5,True,True,True,False,True,12.0,1,False,10.0,120.0,230,SPOKED,SPOKED,0.0,0.0,0.0,0.0,295.0,750.0,34.9,360.0,1.0
445.0,55.0,540.0,68.5,100.0,48.0,520.0,75.0,630.0,49.0,40.0,25.4,33.6,28.0,28.0,14.0,14.0,CARBON,32.0,48.0,47.0,330.0,350.0,16.0,16.0,False,False,135.0,2.0,0.9,1.1,0.9,1.2,1.0,0.9,674.0,52.0,674.0,52.0,1.0,2,False,1.0,2.0,65.0,40.0,0.0,30.0,False,True,False,False,True,11.0,1,False,20.0,140.0,240,SPOKED,SPOKED,0.0,0.0,0.0,0.0,265.0,770.0,34.9,330.0,1.0
435.0,62.0,570.0,69.5,140.0,60.0,560.0,73.0,650.0,53.0,50.0,28.6,36.5,33.0,33.0,13.0,15.0,BAMBOO,38.0,58.0,52.0,330.0,350.0,16.0,16.0,False,False,142.0,2.0,0.9,1.1,0.9,1.2,1.0,0.9,674.0,52.0,674.0,52.0,1.0,1,False,1.0,1.0,68.0,48.0,0.0,33.0,True,True,True,True,True,10.0,2,False,30.0,150.0,200,SPOKED,SPOKED,0.0,0.0,0.0,0.0,300.0,730.0,34.9,380.0,1.0
420.0,75.0,600.0,66.0,160.0,45.0,580.0,74.0,655.0,50.0,45.0,28.6,36.5,30.0,30.0,12.0,15.0,OTHER,45.0,60.0,58.0,330.0,350.0,16.0,16.0,False,False,135.0,2.0,0.9,1.1,0.9,1.2,1.0,0.9,674.0,52.0,674.0,52.0,1.0,0,False,1.0,1.0,68.0,50.0,0.0,34.0,False,True,False,False,True,12.0,1,False,50.0,160.0,240,SPOKED,SPOKED,0.0,0.0,0.0,0.0,305.0,710.0,34.9,390.0,1.0
425.0,65.0,530.0,68.0,120.0,48.0,520.0,74.0,630.0,49.0,45.0,28.6,36.5,32.0,32.0,13.0,15.0,ALUMINIUM,33.0,50.0,53.0,330.0,350.0,16.0,16.0,False,False,142.0,2.0,0.9,1.1,0.9,1.2,1.0,0.9,674.0,52.0,674.0,52.0,1.0,1,False,1.0,3.0,68.0,48.0,0.0,32.0,False,False,True,True,True,11.0,2,False,0.0,200.0,255,SPOKED,SPOKED,0.0,0.0,0.0,0.0,265.0,760.0,34.9,345.0,1.0
455.0,63.0,555.0,69.0,135.0,52.0,545.0,74.5,645.0,51.0,50.0,30.0,37.0,33.0,33.0,14.0,15.0,STEEL,36.0,53.0,51.0,330.0,350.0,16.0,16.0,False,False,135.0,2.0,0.9,1.1,0.9,1.2,1.0,0.9,674.0,52.0,674.0,52.0,1.0,2,False,1.0,1.0,70.0,50.0,0.0,33.0,True,False,False,False,True,12.0,1,False,70.0,180.0,230,SPOKED,SPOKED,0.0,0.0,0.0,0.0,300.0,745.0,34.9,365.0,1.0
450.0,75.0,560.0,68.0,130.0,45.0,550.0,73.0,640.0,46.0,40.0,33.0,34.0,36.0,36.0,13.0,15.0,CARBON,30.0,60.0,45.0,0.0,350.0,16.0,18.0,False,False,148.0,0.9,0.9,0.9,0.9,0.9,0.9,0.9,700.0,50.0,700.0,50.0,1.0,1.0,False,1.0,1.0,68.0,45.0,0.0,31.6,False,False,False,False,True,12.0,1.0,False,0.0,123.0,167.0,SPOKED,SPOKED,0.0,0.0,0.0,0.0,280.0,730.0,34.0,350.0,1.0
440.0,75.0,560.0,69.0,135.0,48.0,540.0,73.0,630.0,44.0,40.0,32.0,33.0,36.0,36.0,13.0,15.0,ALUMINIUM,32.0,62.0,46.0,0.0,350.0,16.0,18.0,False,False,135.0,1.1,1.1,1.1,1.1,1.1,1.1,1.1,650.0,47.0,650.0,47.0,1.0,1.0,False,1.0,1.0,68.0,45.0,0.0,31.6,False,False,False,False,True,11.0,2.0,False,0.0,123.0,167.0,SPOKED,SPOKED,0.0,0.0,0.0,0.0,285.0,725.0,33.0,340.0,1.0
460.0,65.0,570.0,68.0,125.0,46.0,560.0,72.0,650.0,47.0,38.0,34.0,35.0,36.0,36.0,13.0,15.0,CARBON,28.0,58.0,44.0,0.0,350.0,16.0,18.0,False,False,148.0,0.9,0.9,0.9,0.9,0.9,0.9,0.9,700.0,48.0,700.0,48.0,1.0,1.0,False,1.0,1.0,68.0,45.0,0.0,31.6,False,False,False,False,True,12.0,1.0,False,0.0,123.0,167.0,SPOKED,SPOKED,0.0,0.0,0.0,0.0,290.0,735.0,35.0,360.0,1.0
480.0,80.0,580.0,70.0,140.0,50.0,580.0,74.0,640.0,45.0,45.0,30.0,32.0,36.0,36.0,13.0,15.0,STEEL,35.0,65.0,50.0,0.0,350.0,16.0,18.0,False,False,135.0,1.2,1.2,1.2,1.2,1.2,1.2,1.2,700.0,52.0,700.0,52.0,1.0,1.0,False,1.0,1.0,68.0,45.0,0.0,31.6,False,False,False,False,True,10.0,2.0,False,0.0,123.0,167.0,SPOKED,SPOKED,0.0,0.0,0.0,0.0,275.0,745.0,32.0,380.0,1.0
450.0,70.0,550.0,67.0,120.0,47.0,570.0,73.0,635.0,46.0,38.0,31.0,33.0,36.0,36.0,13.0,15.0,CARBON,29.0,59.0,43.0,0.0,350.0,16.0,18.0,False,False,148.0,0.9,0.9,0.9,0.9,0.9,0.9,0.9,650.0,45.0,650.0,45.0,1.0,1.0,False,1.0,1.0,68.0,45.0,0.0,31.6,False,False,False,False,True,12.0,1.0,False,0.0,123.0,167.0,SPOKED,SPOKED,0.0,0.0,0.0,0.0,285.0,720.0,33.0,345.0,1.0
430.0,60.0,540.0,66.0,115.0,44.0,550.0,72.0,620.0,43.0,40.0,32.0,34.0,36.0,36.0,13.0,15.0,ALUMINIUM,27.0,57.0,42.0,0.0,350.0,16.0,18.0,False,False,135.0,1.1,1.1,1.1,1.1,1.1,1.1,1.1,650.0,45.0,650.0,45.0,1.0,1.0,False,1.0,1.0,68.0,45.0,0.0,31.6,True,False,False,False,True,10.0,1.0,False,0.0,123.0,167.0,SPOKED,SPOKED,0.0,0.0,0.0,0.0,280.0,715.0,34.0,330.0,1.0
500.0,75.0,590.0,69.0,150.0,52.0,600.0,75.0,660.0,48.0,45.0,28.0,32.0,36.0,36.0,13.0,15.0,STEEL,38.0,68.0,53.0,0.0,350.0,16.0,18.0,False,False,148.0,1.2,1.2,1.2,1.2,1.2,1.2,1.2,700.0,55.0,700.0,55.0,1.0,1.0,False,1.0,1.0,68.0,45.0,0.0,31.6,False,False,False,False,True,12.0,2.0,False,0.0,123.0,167.0,SPOKED,SPOKED,0.0,0.0,0.0,0.0,300.0,740.0,32.0,360.0,1.0
470.0,65.0,560.0,68.0,125.0,48.0,580.0,73.0,645.0,45.0,38.0,34.0,35.0,36.0,36.0,13.0,15.0,BAMBOO,30.0,60.0,45.0,0.0,350.0,16.0,18.0,False,False,148.0,0.9,0.9,0.9,0.9,0.9,0.9,0.9,700.0,50.0,700.0,50.0,1.0,1.0,False,1.0,1.0,68.0,45.0,0.0,31.6,False,False,False,False,True,11.0,1.0,False,0.0,123.0,167.0,SPOKED,SPOKED,0.0,0.0,0.0,0.0,290.0,730.0,35.0,350.0,1.0
455.0,70.0,555.0,68.0,130.0,46.0,565.0,73.0,640.0,44.0,45.0,32.0,33.0,36.0,36.0,13.0,15.0,STEEL,31.0,61.0,43.0,0.0,350.0,16.0,18.0,False,False,135.0,1.2,1.2,1.2,1.2,1.2,1.2,1.2,650.0,45.0,650.0,45.0,1.0,1.0,False,1.0,1.0,68.0,45.0,0.0,31.6,False,True,False,False,True,11.0,1.0,False,0.0,123.0,167.0,SPOKED,SPOKED,0.0,0.0,0.0,0.0,275.0,735.0,33.0,345.0,1.0
465.0,68.0,565.0,67.0,135.0,47.0,575.0,74.0,650.0,46.0,38.0,33.0,36.0,36.0,36.0,13.0,15.0,CARBON,30.0,60.0,45.0,0.0,350.0,16.0,18.0,False,False,148.0,0.9,0.9,0.9,0.9,0.9,0.9,0.9,700.0,48.0,700.0,48.0,1.0,1.0,False,1.0,1.0,68.0,45.0,0.0,31.6,False,False,False,False,True,12.0,1.0,False,0.0,123.0,167.0,SPOKED,SPOKED,0.0,0.0,0.0,0.0,280.0,725.0,36.0,360.0,1.0
445.0,65.0,635.0,66.5,110.0,45.0,605.0,73.5,660.0,55.0,45.0,31.8,36.5,34.0,30.0,13.0,15.0,ALUMINIUM,30.0,50.0,45.0,330.0,350.0,16.0,18.0,False,False,135.0,2.0,0.9,1.1,0.9,1.2,1.0,0.9,710.0,50.0,710.0,50.0,1.0,0,False,1.0,1.0,68.0,45.0,0.0,31.8,False,True,False,False,True,12.0,2,False,0.0,102.0,204,DISC,DISC,0.0,0.0,0.0,0.0,300.0,780.0,36.5,330.0,1.0
430.0,70.0,620.0,67.0,120.0,47.0,620.0,74.0,655.0,52.0,40.0,31.8,36.5,33.0,31.0,12.5,14.5,CARBON,32.0,52.0,48.0,325.0,345.0,16.0,18.0,False,False,135.0,2.0,1.0,1.2,1.0,1.3,1.1,1.0,720.0,52.0,720.0,52.0,1.0,1,False,1.0,1.0,68.0,50.0,0.0,31.8,False,True,True,False,True,11.0,1,False,204.0,0.0,102,DISC,DISC,0.0,0.0,0.0,0.0,295.0,760.0,36.5,320.0,3.0
440.0,60.0,650.0,65.5,100.0,46.0,610.0,73.0,670.0,58.0,48.0,34.0,36.5,32.0,34.0,14.0,16.0,STEEL,28.0,48.0,42.0,335.0,355.0,17.0,19.0,True,True,142.0,2.2,1.1,1.2,1.1,1.3,1.1,1.0,700.0,51.0,700.0,51.0,1.0,0,False,1.0,1.0,73.0,48.0,0.0,34.9,True,False,True,True,True,10.0,3,True,102.0,204.0,0,TRISPOKE,TRISPOKE,1.0,1.0,40.0,40.0,305.0,770.0,36.5,340.0,0.0
435.0,70.0,635.0,66.0,115.0,44.0,615.0,74.5,665.0,54.0,43.0,31.8,38.0,33.5,30.5,13.5,15.0,TITANIUM,31.0,51.0,46.0,330.0,350.0,16.0,18.0,False,False,135.0,2.0,1.0,1.1,1.0,1.2,1.0,0.9,715.0,50.0,715.0,50.0,1.0,2,False,1.0,1.0,68.0,46.0,0.0,31.8,False,True,False,False,False,12.0,2,False,255.0,0.0,0,DISC,DISC,0.0,0.0,0.0,0.0,290.0,750.0,38.0,330.0,3.0
450.0,68.0,630.0,67.5,105.0,46.5,600.0,73.2,658.0,56.0,46.0,32.0,36.5,35.0,32.0,13.0,15.5,CARBON,29.0,49.0,43.0,328.0,348.0,15.5,17.5,True,False,135.0,1.8,0.9,1.0,0.9,1.1,1.0,0.9,712.0,49.0,712.0,49.0,1.0,1,False,1.0,1.0,68.0,44.0,50.0,35.0,False,True,False,False,True,11.0,1,False,0.0,153.0,76,DISC,TRISPOKE,0.0,1.0,0.0,40.0,295.0,765.0,36.5,325.0,0.0
438.0,72.0,640.0,66.2,112.0,44.5,618.0,74.0,662.0,53.0,44.0,33.0,36.5,32.5,31.5,12.8,14.8,ALUMINIUM,33.0,53.0,47.0,332.0,352.0,16.2,18.2,False,True,135.0,2.0,1.0,1.1,1.0,1.2,1.0,0.9,708.0,50.5,708.0,50.5,1.0,0,False,1.0,1.0,73.0,47.0,0.0,33.0,True,True,False,False,True,10.0,2,True,255.0,204.0,0,DISC,DISC,0.0,0.0,0.0,0.0,300.0,775.0,36.5,335.0,1.0
442.0,63.0,655.0,65.8,108.0,45.5,630.0,73.8,675.0,57.0,47.0,31.8,38.5,31.8,34.0,13.2,15.2,BAMBOO,27.0,47.0,44.0,334.0,354.0,15.8,17.8,True,True,142.0,2.5,1.2,1.3,1.2,1.4,1.2,1.1,705.0,52.0,705.0,52.0,1.0,2,False,1.0,1.0,68.0,48.0,0.0,31.8,False,False,True,True,False,11.0,2,False,150.0,75.0,0,SPOKED,SPOKED,0.0,0.0,0.0,0.0,310.0,790.0,38.5,350.0,1.0
428.0,66.0,625.0,67.8,95.0,44.0,595.0,72.8,652.0,59.0,44.0,31.8,36.5,33.0,30.0,12.5,14.0,ALUMINIUM,26.0,46.0,40.0,330.0,350.0,16.0,18.0,False,False,135.0,2.2,1.1,1.2,1.1,1.3,1.1,0.9,690.0,49.0,690.0,49.0,1.0,0,False,1.0,1.0,68.0,45.0,0.0,31.8,False,True,False,False,True,11.0,2,False,0.0,128.0,255,DISC,SPOKED,0.0,0.0,0.0,0.0,305.0,760.0,36.5,310.0,1.0
452.0,62.0,645.0,66.7,118.0,45.0,620.0,74.2,670.0,53.0,46.0,31.8,39.0,34.0,32.0,13.0,15.0,BAMBOO,34.0,54.0,49.0,333.0,353.0,17.0,19.0,True,False,142.0,2.2,1.0,1.2,1.0,1.3,1.1,1.0,702.0,53.0,702.0,53.0,1.0,2,False,1.0,1.0,68.0,45.0,0.0,31.8,True,False,True,True,True,9.0,1,True,255.0,51.0,153,SPOKED,DISC,1.0,1.0,0.0,0.0,295.0,770.0,39.0,345.0,1.0
444.0,68.5,638.0,66.3,107.0,45.2,612.0,73.6,661.0,57.0,45.0,31.8,36.5,32.8,30.8,13.3,14.9,CARBON,31.0,51.0,46.0,331.0,351.0,16.5,18.5,False,True,135.0,2.0,0.9,1.1,0.9,1.2,1.0,0.9,709.0,52.0,709.0,52.0,1.0,1,False,1.0,1.0,68.0,45.0,0.0,31.8,False,True,False,False,True,12.0,2,False,51.0,204.0,51,SPOKED,TRISPOKE,0.0,1.0,0.0,40.0,305.0,335.0,1.0,,
425,70.0,600,68.0,120,48.0,550.0,74.0,620.0,45.0,45.0,38.0,36.5,23.35,23.35,13.0,15,ALUMINIUM,35.0,50.0,40.0,0.0,0.0,0.0,0,False,False,135.0,2.0,1.0,1.0,1.0,1.0,1.0,1.0,650.0,50.0,650.0,50.0,1.0,0,False,1.0,1.0,68.0,50.0,0.0,31.8,True,True,False,False,True,10.0,1,False,0.0,123.0,167,SPOKED,SPOKED,0.0,0.0,0.0,0.0,280.0,730.0,34.9,700.0,1.0
405,68.0,620,70.0,140,50.0,600.0,73.5,640.0,50.0,45.0,40.0,36.5,23.35,23.35,13.0,15,CARBON,40.0,55.0,45.0,0.0,0.0,0.0,0,False,False,135.0,2.0,1.0,1.0,1.0,1.0,1.0,1.0,660.0,50.0,660.0,50.0,1.0,1,False,1.0,1.0,68.0,50.0,0.0,31.8,True,True,False,False,True,11.0,1,False,10.0,120.0,160,SPOKED,SPOKED,0.0,0.0,0.0,0.0,280.0,740.0,34.9,710.0,1.0
440,72.0,610,69.0,160,52.0,620.0,75.0,630.0,55.0,45.0,42.0,36.5,23.35,23.35,13.0,15,TITANIUM,45.0,60.0,35.0,0.0,0.0,0.0,0,False,False,135.0,2.0,1.0,1.0,1.0,1.0,1.0,1.0,670.0,50.0,670.0,50.0,1.0,2,False,1.0,1.0,68.0,50.0,0.0,31.8,True,True,False,False,True,12.0,1,False,0.0,130.0,170,SPOKED,SPOKED,0.0,0.0,0.0,0.0,280.0,750.0,34.9,720.0,1.0
390,65.0,630,71.0,180,46.0,580.0,74.5,650.0,45.0,45.0,39.0,36.5,23.35,23.35,13.0,15,STEEL,50.0,45.0,50.0,0.0,0.0,0.0,0,False,False,135.0,2.0,1.0,1.0,1.0,1.0,1.0,1.0,680.0,50.0,680.0,50.0,1.0,0,False,1.0,1.0,68.0,50.0,0.0,31.8,True,True,False,False,True,10.0,1,False,5.0,125.0,165,SPOKED,SPOKED,0.0,0.0,0.0,0.0,280.0,760.0,34.9,730.0,1.0
410,75.0,640,72.0,200,54.0,630.0,73.0,660.0,60.0,45.0,41.0,36.5,23.35,23.35,13.0,15,BAMBOO,30.0,58.0,30.0,0.0,0.0,0.0,0,False,False,135.0,2.0,1.0,1.0,1.0,1.0,1.0,1.0,690.0,50.0,690.0,50.0,1.0,1,False,1.0,1.0,68.0,50.0,0.0,31.8,True,True,False,False,True,11.0,1,False,2.0,122.0,168,SPOKED,SPOKED,0.0,0.0,0.0,0.0,280.0,720.0,34.9,740.0,1.0
430,70.0,590,67.0,130,49.0,590.0,75.5,610.0,50.0,45.0,40.0,36.5,23.35,23.35,13.0,15,CARBON,38.0,53.0,42.0,0.0,0.0,0.0,0,False,False,135.0,2.0,1.0,1.0,1.0,1.0,1.0,1.0,655.0,50.0,655.0,50.0,1.0,2,False,1.0,1.0,68.0,50.0,0.0,31.8,True,True,False,False,True,12.0,1,False,0.0,124.0,166,SPOKED,SPOKED,0.0,0.0,0.0,0.0,280.0,735.0,34.9,750.0,1.0
415,67.0,605,73.0,150,51.0,610.0,74.0,635.0,48.0,45.0,38.0,36.5,23.35,23.35,13.0,15,ALUMINIUM,42.0,57.0,47.0,0.0,0.0,0.0,0,False,False,135.0,2.0,1.0,1.0,1.0,1.0,1.0,1.0,665.0,50.0,665.0,50.0,1.0,0,False,1.0,1.0,68.0,50.0,0.0,31.8,True,True,False,False,True,10.0,1,False,8.0,128.0,172,SPOKED,SPOKED,0.0,0.0,0.0,0.0,280.0,745.0,34.9,760.0,1.0
400,73.0,615,68.5,170,47.0,570.0,73.8,625.0,53.0,45.0,42.0,36.5,23.35,23.35,13.0,15,STEEL,47.0,48.0,33.0,0.0,0.0,0.0,0,False,False,135.0,2.0,1.0,1.0,1.0,1.0,1.0,1.0,675.0,50.0,675.0,50.0,1.0,1,False,1.0,1.0,68.0,50.0,0.0,31.8,True,True,False,False,True,11.0,1,False,0.0,126.0,168,SPOKED,SPOKED,0.0,0.0,0.0,0.0,280.0,755.0,34.9,770.0,1.0
445,69.5,625,69.5,155,53.0,640.0,75.2,655.0,47.0,45.0,39.0,36.5,23.35,23.35,13.0,15,TITANIUM,33.0,52.0,38.0,0.0,0.0,0.0,0,False,False,135.0,2.0,1.0,1.0,1.0,1.0,1.0,1.0,685.0,50.0,685.0,50.0,1.0,2,False,1.0,1.0,68.0,50.0,0.0,31.8,True,True,False,False,True,12.0,1,False,5.0,129.0,169,SPOKED,SPOKED,0.0,0.0,0.0,0.0,280.0,725.0,34.9,780.0,1.0
420,74.0,635,70.5,165,50.0,560.0,74.2,645.0,52.0,45.0,41.0,36.5,23.35,23.35,13.0,15,BAMBOO,43.0,49.0,44.0,0.0,0.0,0.0,0,False,False,135.0,2.0,1.0,1.0,1.0,1.0,1.0,1.0,695.0,50.0,695.0,50.0,1.0,0,False,1.0,1.0,68.0,50.0,0.0,31.8,True,True,False,False,True,10.0,1,False,1.0,121.0,166,SPOKED,SPOKED,0.0,0.0,0.0,0.0,280.0,765.0,34.9,790.0,1.0
390.0,65.0,620.0,73.0,150.0,40.0,580.0,74.0,640.0,45.0,41.0,30.0,32.0,36.5,24.0,13.0,15.0,ALUMINIUM,30.0,45.0,45.0,330.0,350.0,16.0,18.0,False,False,135.0,1.2,1.0,1.1,1.2,1.0,1.0,1.1,650.0,60.0,650.0,60.0,1.0,2,False,1.0,1.0,68.0,45.0,0.0,28.0,True,True,False,False,True,12.0,1,False,50.0,150.0,200,SPOKED,SPOKED,0.0,0.0,0.0,0.0,280.0,710.0,34.9,350.0,1.0
400.0,60.0,600.0,74.0,140.0,42.0,560.0,73.0,625.0,50.0,42.0,29.0,30.0,36.0,25.0,13.5,16.0,CARBON,28.0,40.0,48.0,330.0,350.0,16.0,18.0,False,False,142.0,1.3,1.1,1.0,1.15,1.0,1.0,1.2,675.0,70.0,675.0,70.0,1.0,2,False,1.0,3.0,68.0,50.0,0.0,30.0,False,True,False,False,True,11.0,2,False,200.0,50.0,80,SPOKED,SPOKED,0.0,0.0,0.0,0.0,285.0,700.0,34.9,360.0,1.0
410.0,68.0,630.0,72.0,160.0,38.0,600.0,75.0,660.0,47.0,40.0,31.0,33.0,36.5,23.0,12.5,15.0,ALUMINIUM,32.0,48.0,46.0,340.0,345.0,16.0,18.0,True,True,136.0,1.2,1.0,1.1,1.2,1.0,1.0,1.1,660.0,65.0,660.0,65.0,1.0,0,False,1.0,1.0,68.0,42.0,0.0,29.0,True,True,False,False,True,10.0,1,False,30.0,200.0,100,SPOKED,DISC,0.0,0.0,0.0,0.0,290.0,715.0,34.9,340.0,1.0
380.0,62.0,610.0,73.5,155.0,39.0,590.0,74.0,655.0,44.0,41.0,30.0,31.0,36.0,24.5,13.0,14.0,CARBON,31.0,43.0,44.0,332.0,348.0,16.0,18.0,False,False,134.0,1.1,1.0,1.2,1.15,1.0,1.1,1.0,655.0,68.0,655.0,68.0,2.0,0,False,1.0,3.0,68.0,47.0,0.0,27.0,False,True,False,True,True,11.0,2,False,100.0,150.0,50,DISC,DISC,0.0,0.0,0.0,0.0,282.0,720.0,34.9,330.0,1.0
425.0,66.0,640.0,71.0,170.0,37.0,610.0,73.0,670.0,46.0,39.0,32.0,34.0,37.0,22.0,13.0,15.0,STEEL,33.0,46.0,47.0,335.0,350.0,16.0,18.0,True,False,138.0,1.2,1.1,1.0,1.2,1.0,1.0,1.1,680.0,75.0,680.0,75.0,1.0,2,False,1.0,1.0,68.0,43.0,0.0,30.0,True,False,False,False,True,12.0,1,False,150.0,100.0,200,SPOKED,SPOKED,0.0,0.0,0.0,0.0,300.0,705.0,34.9,360.0,1.0
395.0,63.0,605.0,74.5,165.0,41.0,595.0,72.0,660.0,48.0,42.0,29.5,32.5,36.5,24.0,13.0,15.0,BAMBOO,34.0,44.0,45.0,330.0,350.0,16.0,18.0,False,True,140.0,1.3,1.2,1.1,1.2,1.1,1.0,1.2,670.0,80.0,670.0,80.0,1.0,1,False,1.0,1.0,68.0,44.0,0.0,29.0,False,True,False,True,True,10.0,2,False,80.0,180.0,220,SPOKED,SPOKED,0.0,0.0,0.0,0.0,295.0,690.0,34.9,320.0,1.0
405.0,60.0,615.0,72.5,158.0,43.0,580.0,74.0,645.0,45.0,40.0,30.5,31.5,36.0,23.0,12.0,16.0,CARBON,29.0,47.0,49.0,330.0,350.0,16.0,18.0,False,False,137.0,1.2,1.0,1.1,1.15,1.0,1.0,1.2,660.0,68.0,660.0,68.0,0.0,2,False,1.0,3.0,68.0,46.0,0.0,28.0,True,True,False,False,True,11.0,1,False,120.0,180.0,160,DISC,DISC,0.0,0.0,0.0,0.0,288.0,715.0,34.9,370.0,1.0
380.0,58.0,595.0,74.0,145.0,45.0,565.0,74.5,630.0,44.0,39.0,28.6,29.5,36.5,25.0,14.0,15.0,ALUMINIUM,27.0,42.0,44.5,330.0,350.0,16.0,18.0,True,True,133.0,1.1,1.0,1.2,1.1,1.0,1.0,1.1,650.0,65.0,650.0,65.0,1.0,2,False,1.0,1.0,68.0,45.0,0.0,27.5,False,True,False,False,True,12.0,2,False,90.0,120.0,255,SPOKED,SPOKED,0.0,0.0,0.0,0.0,300.0,700.0,34.9,340.0,1.0
420.0,67.0,635.0,73.0,175.0,36.0,620.0,73.5,685.0,46.0,42.0,33.6,34.5,37.0,22.5,13.0,14.0,STEEL,35.0,49.0,48.0,334.0,349.0,16.0,18.0,False,False,139.0,1.2,1.1,1.0,1.2,1.0,1.0,1.1,690.0,85.0,690.0,85.0,1.0,0,False,1.0,1.0,68.0,48.0,0.0,31.0,True,False,False,True,True,13.0,1,False,180.0,80.0,50,DISC,SPOKED,0.0,0.0,0.0,0.0,275.0,730.0,34.9,310.0,1.0
430.0,64.0,625.0,71.5,168.0,44.0,605.0,75.0,675.0,49.0,40.0,32.8,34.8,36.8,23.8,12.8,15.2,CARBON,32.5,45.5,46.5,331.0,351.0,16.0,18.0,True,False,141.0,1.3,1.0,1.2,1.2,1.0,1.0,1.2,680.0,78.0,680.0,78.0,1.0,2,False,1.0,3.0,68.0,47.0,0.0,29.5,False,True,False,False,True,12.0,2,False,75.0,130.0,210,SPOKED,DISC,0.0,0.0,0.0,0.0,285.0,720.0,34.9,330.0,1.0
480.0,50.0,580.0,73.0,140.0,45.0,540.0,73.0,630.0,45.0,40.0,28.6,36.5,23.35,20.0,13.0,15.0,ALUMINIUM,35.0,45.0,49.0,330.0,350.0,16.0,18.0,False,False,135.0,2.0,0.9,1.1,0.9,1.2,1.0,0.9,674.0,60.0,674.0,60.0,1.0,1,False,1.0,1.0,68.0,45.0,0.0,31.8,False,False,False,False,True,12.0,1,False,0.0,120.0,200,SPOKED,SPOKED,0.0,0.0,0.0,0.0,300.0,650.0,34.9,650.0,1.0
490.0,55.0,590.0,72.0,130.0,45.0,550.0,74.0,640.0,45.0,40.0,28.6,36.5,23.35,20.0,13.0,15.0,ALUMINIUM,38.0,48.0,51.0,330.0,350.0,16.0,18.0,False,False,135.0,2.0,0.9,1.1,0.9,1.2,1.0,0.9,674.0,60.0,674.0,60.0,1.0,0,False,1.0,1.0,68.0,45.0,0.0,31.8,False,False,False,False,True,12.0,1,False,10.0,110.0,190,SPOKED,SPOKED,0.0,0.0,0.0,0.0,300.0,650.0,35.0,650.0,1.0
500.0,60.0,600.0,71.0,160.0,45.0,560.0,74.0,650.0,45.0,40.0,28.6,36.5,23.35,20.0,13.0,15.0,ALUMINIUM,36.0,44.0,52.0,330.0,350.0,16.0,18.0,False,False,135.0,2.0,0.9,1.1,0.9,1.2,1.0,0.9,674.0,60.0,674.0,60.0,1.0,2,False,1.0,1.0,68.0,45.0,0.0,31.8,False,False,False,False,True,12.0,1,False,20.0,100.0,180,SPOKED,SPOKED,0.0,0.0,0.0,0.0,300.0,650.0,35.5,650.0,1.0
480.0,45.0,570.0,74.0,150.0,45.0,530.0,72.0,620.0,45.0,40.0,28.6,36.5,23.35,20.0,13.0,15.0,ALUMINIUM,40.0,46.0,48.0,330.0,350.0,16.0,18.0,False,False,135.0,2.0,0.9,1.1,0.9,1.2,1.0,0.9,674.0,60.0,674.0,60.0,1.0,1,False,1.0,1.0,68.0,45.0,0.0,31.8,False,False,False,False,True,12.0,1,False,30.0,90.0,170,SPOKED,SPOKED,0.0,0.0,0.0,0.0,300.0,650.0,34.8,650.0,1.0
460.0,50.0,565.0,73.5,140.0,45.0,540.0,73.5,635.0,45.0,40.0,28.6,36.5,23.35,20.0,13.0,15.0,ALUMINIUM,37.0,43.0,50.0,330.0,350.0,16.0,18.0,False,False,135.0,2.0,0.9,1.1,0.9,1.2,1.0,0.9,674.0,60.0,674.0,60.0,1.0,0,False,1.0,1.0,68.0,45.0,0.0,31.8,False,False,False,False,True,12.0,1,False,40.0,80.0,160,SPOKED,SPOKED,0.0,0.0,0.0,0.0,300.0,650.0,35.2,650.0,1.0
500.0,65.0,615.0,71.5,125.0,45.0,555.0,74.0,655.0,45.0,40.0,28.6,36.5,23.35,20.0,13.0,15.0,ALUMINIUM,35.0,47.0,53.0,330.0,350.0,16.0,18.0,False,False,135.0,2.0,0.9,1.1,0.9,1.2,1.0,0.9,674.0,60.0,674.0,60.0,1.0,2,False,1.0,1.0,68.0,45.0,0.0,31.8,False,False,False,False,True,12.0,1,False,50.0,70.0,150,SPOKED,SPOKED,0.0,0.0,0.0,0.0,300.0,650.0,35.1,650.0,1.0
490.0,55.0,580.0,75.0,155.0,45.0,530.0,72.5,630.0,45.0,40.0,28.6,36.5,23.35,20.0,13.0,15.0,ALUMINIUM,39.0,44.0,50.0,330.0,350.0,16.0,18.0,False,False,135.0,2.0,0.9,1.1,0.9,1.2,1.0,0.9,674.0,60.0,674.0,60.0,1.0,1,False,1.0,1.0,68.0,45.0,0.0,31.8,False,False,False,False,True,12.0,1,False,60.0,60.0,140,SPOKED,SPOKED,0.0,0.0,0.0,0.0,300.0,650.0,34.6,650.0,1.0
510.0,50.0,595.0,72.5,145.0,45.0,545.0,73.0,640.0,45.0,40.0,28.6,36.5,23.35,20.0,13.0,15.0,ALUMINIUM,36.0,42.0,49.0,330.0,350.0,16.0,18.0,False,False,135.0,2.0,0.9,1.1,0.9,1.2,1.0,0.9,674.0,60.0,674.0,60.0,1.0,0,False,1.0,1.0,68.0,45.0,0.0,31.8,False,False,False,False,True,12.0,1,False,70.0,50.0,130,SPOKED,SPOKED,0.0,0.0,0.0,0.0,300.0,650.0,35.3,650.0,1.0
475.0,48.0,580.0,74.0,135.0,45.0,555.0,72.0,625.0,45.0,40.0,28.6,36.5,23.35,20.0,13.0,15.0,ALUMINIUM,38.0,43.0,47.0,330.0,350.0,16.0,18.0,False,False,135.0,2.0,0.9,1.1,0.9,1.2,1.0,0.9,674.0,60.0,674.0,60.0,1.0,2,False,1.0,1.0,68.0,45.0,0.0,31.8,False,False,False,False,True,12.0,1,False,80.0,40.0,120,SPOKED,SPOKED,0.0,0.0,0.0,0.0,300.0,650.0,34.7,650.0,1.0
485.0,52.0,590.0,73.0,155.0,45.0,565.0,73.5,645.0,45.0,40.0,28.6,36.5,23.35,20.0,13.0,15.0,ALUMINIUM,37.0,46.0,49.0,330.0,350.0,16.0,18.0,False,False,135.0,2.0,0.9,1.1,0.9,1.2,1.0,0.9,674.0,60.0,674.0,60.0,1.0,1,False,1.0,1.0,68.0,45.0,0.0,31.8,False,False,False,False,True,12.0,1,False,90.0,30.0,110,SPOKED,SPOKED,0.0,0.0,0.0,0.0,300.0,650.0,35.4,650.0,1.0
445,60,610,67.0,120,30.0,500.0,73.0,600.0,45.0,40.0,30.0,35.0,30.0,28.0,15.0,9,ALUMINIUM,30.0,50.0,40.0,0.0,0.0,0.0,0,False,False,135.0,2.0,0.9,1.1,0.9,1.2,1.0,0.9,680.0,52.0,680.0,52.0,1.0,1,False,1.0,1.0,68.0,45.0,0.0,31.8,True,True,False,False,True,11.0,2,False,0.0,123.0,167,DISC,SPOKED,0.0,0.0,0.0,0.0,280.0,480.0,28.0,300.0,1.0
450,58,600,68.0,130,35.0,510.0,72.0,605.0,50.0,45.0,32.0,36.0,32.0,30.0,16.0,10,CARBON,32.0,48.0,38.0,0.0,0.0,0.0,0,False,False,135.0,2.0,0.9,1.1,0.9,1.2,1.0,0.9,690.0,50.0,690.0,50.0,1.0,1,False,1.0,1.0,68.0,50.0,0.0,31.8,True,True,False,False,True,12.0,1,False,50.0,50.0,150,DISC,SPOKED,0.0,0.0,0.0,0.0,280.0,480.0,28.0,300.0,1.0
460,62,620,66.0,110,32.0,495.0,74.0,595.0,44.0,42.0,28.0,34.0,28.0,26.0,15.0,8,STEEL,28.0,52.0,42.0,0.0,0.0,0.0,0,False,False,135.0,2.0,0.9,1.1,0.9,1.2,1.0,0.9,680.0,60.0,680.0,60.0,1.0,1,False,1.0,1.0,68.0,45.0,0.0,31.8,True,True,False,False,True,9.0,3,False,100.0,100.0,100,DISC,SPOKED,0.0,0.0,0.0,0.0,280.0,480.0,28.0,300.0,1.0
430,59,605,67.5,125,28.0,505.0,73.5,598.0,48.0,40.0,30.0,35.0,30.0,28.0,15.0,9,TITANIUM,30.0,50.0,40.0,0.0,0.0,0.0,0,False,False,137.0,2.0,0.9,1.1,0.9,1.2,1.0,0.9,685.0,45.0,685.0,45.0,1.0,2,False,1.0,1.0,68.0,45.0,0.0,31.8,True,True,False,False,True,10.0,2,False,200.0,200.0,200,DISC,SPOKED,0.0,0.0,0.0,0.0,280.0,480.0,28.0,300.0,1.0
445,65,630,66.0,115,27.0,490.0,75.0,590.0,47.0,46.0,36.0,38.0,34.0,32.0,15.0,10,BAMBOO,35.0,55.0,45.0,0.0,0.0,0.0,0,False,False,135.0,2.0,0.9,1.1,0.9,1.2,1.0,0.9,670.0,50.0,670.0,50.0,1.0,1,False,1.0,1.0,68.0,38.0,0.0,31.8,True,True,False,False,True,8.0,3,False,34.0,139.0,34,DISC,SPOKED,0.0,0.0,0.0,0.0,280.0,480.0,28.0,300.0,1.0
455,63,615,67.0,118,30.0,515.0,72.0,602.0,46.0,42.0,30.0,35.0,30.0,28.0,15.0,9,ALUMINIUM,29.0,49.0,39.0,0.0,0.0,0.0,0,False,False,135.0,2.0,0.9,1.1,0.9,1.2,1.0,0.9,684.0,48.0,684.0,48.0,1.0,0,False,1.0,1.0,68.0,45.0,0.0,31.8,True,True,False,False,True,11.0,1,False,255.0,0.0,0,DISC,SPOKED,0.0,0.0,0.0,0.0,280.0,480.0,28.0,300.0,1.0
440,58,590,69.0,123,33.0,500.0,73.0,610.0,52.0,40.0,32.0,35.0,32.0,30.0,15.0,10,OTHER,31.0,51.0,41.0,0.0,0.0,0.0,0,False,False,135.0,2.0,0.9,1.1,0.9,1.2,1.0,0.9,690.0,50.0,690.0,50.0,1.0,1,False,1.0,1.0,68.0,45.0,0.0,31.8,True,True,False,False,True,10.0,2,False,123.0,0.0,123,DISC,SPOKED,0.0,0.0,0.0,0.0,280.0,480.0,28.0,300.0,1.0
470,61,625,66.5,128,34.0,520.0,72.5,605.0,49.0,44.0,31.0,36.0,31.0,29.0,16.0,9,CARBON,33.0,53.0,43.0,0.0,0.0,0.0,0,False,False,135.0,2.0,0.9,1.1,0.9,1.2,1.0,0.9,682.0,55.0,682.0,55.0,1.0,1,False,1.0,1.0,68.0,45.0,0.0,31.8,True,True,False,False,True,12.0,2,False,0.0,255.0,0,DISC,SPOKED,0.0,0.0,0.0,0.0,280.0,480.0,28.0,300.0,1.0
460,60,600,68.0,135,30.0,505.0,73.0,600.0,45.0,43.0,29.0,34.0,29.0,27.0,15.0,9,STEEL,30.0,50.0,40.0,0.0,0.0,0.0,0,False,False,135.0,2.0,0.9,1.1,0.9,1.2,1.0,0.9,678.0,52.0,678.0,52.0,1.0,2,False,1.0,1.0,68.0,45.0,0.0,31.8,True,True,False,False,True,9.0,1,False,0.0,0.0,255,DISC,SPOKED,0.0,0.0,0.0,0.0,280.0,480.0,28.0,300.0,1.0
450,59,610,67.8,122,32.0,510.0,72.2,598.0,48.0,41.0,31.0,35.0,31.0,29.0,15.0,9,ALUMINIUM,32.0,49.0,39.0,0.0,0.0,0.0,0,False,False,136.0,2.0,0.9,1.1,0.9,1.2,1.0,0.9,683.0,51.0,683.0,51.0,1.0,1,False,1.0,1.0,68.0,45.0,0.0,31.8,True,True,False,False,True,10.0,2,False,255.0,165.0,0,DISC,SPOKED,0.0,0.0,0.0,0.0,280.0,480.0,28.0,300.0,1.0
450.0,60.0,550.0,70.0,120.0,50.0,580.0,74.0,640.0,45.0,50.0,34.9,38.0,25.0,20.0,14.0,15.0,CARBON,30.0,50.0,10.0,330.0,350.0,16.0,18.0,False,False,135.0,2.0,0.9,1.1,0.9,1.2,1.0,0.9,680.0,52.0,680.0,52.0,1.0,1,False,1.0,1.0,68.0,45.0,40.0,31.8,True,True,False,False,True,12.0,1,False,64.0,128.0,191,SPOKED,SPOKED,1.0,1.0,80.0,80.0,280.0,730.0,34.9,350.0,1.0
460.0,65.0,560.0,69.0,130.0,60.0,590.0,73.0,650.0,43.0,55.0,35.0,40.0,27.0,18.0,15.0,15.0,ALUMINIUM,32.0,48.0,12.0,330.0,350.0,16.0,18.0,False,False,135.0,2.0,0.9,1.1,0.9,1.2,1.0,0.9,682.0,52.0,682.0,52.0,1.0,1,False,1.0,1.0,68.0,45.0,42.0,31.8,True,True,False,False,True,11.0,2,False,64.0,128.0,191,SPOKED,SPOKED,1.0,1.0,80.0,80.0,285.0,740.0,34.9,360.0,1.0
440.0,58.0,530.0,71.0,110.0,55.0,570.0,74.5,630.0,47.0,52.0,34.0,37.0,24.0,22.0,14.0,15.0,STEEL,28.0,52.0,8.0,330.0,350.0,16.0,18.0,False,False,135.0,2.0,0.9,1.1,0.9,1.2,1.0,0.9,678.0,50.0,678.0,50.0,1.0,1,False,1.0,1.0,68.0,45.0,38.0,31.8,True,True,False,False,True,10.0,1,False,64.0,128.0,191,SPOKED,SPOKED,1.0,1.0,80.0,80.0,290.0,720.0,34.9,340.0,1.0
470.0,62.0,580.0,68.5,140.0,65.0,600.0,72.5,660.0,46.0,54.0,36.0,42.0,30.0,16.0,15.0,15.0,TITANIUM,35.0,55.0,15.0,330.0,350.0,16.0,18.0,False,False,135.0,2.0,0.9,1.1,0.9,1.2,1.0,0.9,685.0,52.0,685.0,52.0,1.0,1,False,1.0,1.0,68.0,45.0,45.0,31.8,True,True,False,False,True,11.0,1,False,64.0,128.0,191,SPOKED,SPOKED,1.0,1.0,80.0,80.0,295.0,760.0,34.9,380.0,1.0
430.0,60.0,520.0,72.0,100.0,45.0,550.0,75.0,620.0,44.0,50.0,33.0,36.0,26.0,18.0,13.0,15.0,BAMBOO,25.0,45.0,5.0,330.0,350.0,16.0,18.0,False,False,135.0,2.0,0.9,1.1,0.9,1.2,1.0,0.9,675.0,52.0,675.0,52.0,1.0,1,False,1.0,1.0,68.0,45.0,35.0,31.8,True,True,False,False,True,10.0,1,False,64.0,128.0,191,SPOKED,SPOKED,1.0,1.0,80.0,80.0,280.0,700.0,34.9,360.0,1.0
480.0,55.0,600.0,70.0,150.0,70.0,620.0,74.0,670.0,45.0,60.0,38.0,44.0,32.0,24.0,16.0,15.0,CARBON,40.0,60.0,20.0,330.0,350.0,16.0,18.0,False,False,135.0,2.0,0.9,1.1,0.9,1.2,1.0,0.9,690.0,55.0,690.0,55.0,1.0,2,False,1.0,1.0,68.0,45.0,50.0,31.8,True,True,False,False,True,12.0,2,False,64.0,128.0,191,SPOKED,SPOKED,1.0,1.0,80.0,80.0,300.0,800.0,34.9,400.0,1.0
445.0,63.0,545.0,73.0,125.0,58.0,585.0,74.0,645.0,43.0,52.0,35.0,39.0,28.0,20.0,14.0,15.0,ALUMINIUM,33.0,50.0,12.0,330.0,350.0,16.0,18.0,False,False,135.0,2.0,0.9,1.1,0.9,1.2,1.0,0.9,682.0,52.0,682.0,52.0,1.0,1,False,1.0,1.0,68.0,45.0,42.0,31.8,True,True,False,False,True,11.0,2,False,64.0,128.0,191,SPOKED,SPOKED,1.0,1.0,80.0,80.0,288.0,745.0,34.9,360.0,1.0
490.0,68.0,640.0,69.5,160.0,80.0,640.0,72.0,680.0,48.0,58.0,40.0,45.0,35.0,28.0,16.0,15.0,OTHER,45.0,65.0,25.0,330.0,350.0,16.0,18.0,False,False,135.0,2.0,0.9,1.1,0.9,1.2,1.0,0.9,695.0,55.0,695.0,55.0,1.0,2,False,1.0,1.0,68.0,45.0,55.0,31.8,True,True,False,False,True,11.0,1,False,64.0,128.0,191,SPOKED,SPOKED,1.0,1.0,80.0,80.0,300.0,820.0,34.9,420.0,1.0
460.0,57.0,560.0,72.5,115.0,52.0,580.0,74.5,655.0,44.0,50.0,36.0,40.0,29.0,21.0,14.0,15.0,CARBON,30.0,55.0,10.0,330.0,350.0,16.0,18.0,False,False,135.0,2.0,0.9,1.1,0.9,1.2,1.0,0.9,685.0,52.0,685.0,52.0,1.0,1,False,1.0,1.0,68.0,45.0,45.0,31.8,True,True,False,False,True,12.0,1,False,64.0,128.0,191,SPOKED,SPOKED,1.0,1.0,80.0,80.0,295.0,755.0,34.9,380.0,1.0
455.0,61.0,575.0,71.0,135.0,62.0,605.0,73.5,665.0,46.0,54.0,37.0,43.0,31.0,23.0,15.0,15.0,TITANIUM,34.0,58.0,18.0,330.0,350.0,16.0,18.0,False,False,135.0,2.0,0.9,1.1,0.9,1.2,1.0,0.9,688.0,52.0,688.0,52.0,1.0,1,False,1.0,1.0,68.0,45.0,48.0,31.8,True,True,False,False,True,11.0,1,False,64.0,128.0,191,SPOKED,SPOKED,1.0,1.0,80.0,80.0,292.0,765.0,34.9,390.0,1.0
430.0,70.0,630.0,68.0,120.0,45.0,580.0,73.0,650.0,45.0,40.0,32.0,36.0,30.0,28.0,14.0,15.0,ALUMINIUM,30.0,60.0,50.0,300.0,320.0,16.0,18.0,False,False,135.0,2.0,1.3,1.5,1.3,1.1,1.1,1.2,700.0,78.0,700.0,78.0,1.0,2,False,1.0,3.0,70.0,48.0,30.0,35.0,True,True,False,False,True,12.0,1,False,0.0,123.0,167,SPOKED,SPOKED,1.0,1.0,80.0,80.0,280.0,330.0,36.0,400.0,1.0
420.0,65.0,610.0,67.0,100.0,50.0,560.0,72.0,630.0,50.0,40.0,25.0,34.0,28.0,26.0,12.0,14.0,CARBON,28.0,58.0,48.0,0.0,0.0,0.0,0.0,False,False,135.0,1.5,1.0,1.0,1.2,1.0,1.0,1.1,700.0,78.0,700.0,78.0,1.0,2,False,1.0,3.0,75.0,50.0,30.0,36.0,False,True,False,False,True,11.0,1,False,0.0,150.0,200,SPOKED,SPOKED,0.0,0.0,0.0,0.0,270.0,325.0,34.0,380.0,1.0
440.0,75.0,650.0,69.0,130.0,47.0,600.0,73.5,670.0,50.0,45.0,30.0,38.0,32.0,30.0,16.0,16.0,STEEL,35.0,65.0,55.0,300.0,320.0,18.0,20.0,True,True,135.0,2.5,1.5,1.5,1.5,1.3,1.3,1.4,700.0,78.0,700.0,78.0,1.0,1,False,1.0,3.0,70.0,55.0,32.0,37.0,True,True,False,False,True,12.0,1,False,0.0,100.0,200,DISC,DISC,0.0,0.0,0.0,0.0,290.0,340.0,38.0,420.0,1.0
425.0,60.0,620.0,68.5,115.0,46.0,570.0,72.5,655.0,55.0,40.0,28.0,37.0,30.0,28.0,14.0,14.0,TITANIUM,32.0,62.0,52.0,0.0,0.0,0.0,0.0,False,False,135.0,2.0,1.2,1.2,1.4,1.2,1.2,1.3,700.0,78.0,700.0,78.0,1.0,0,False,1.0,2.0,68.0,50.0,0.0,36.0,False,True,False,False,True,10.0,1,False,100.0,149.0,237,DISC,SPOKED,0.0,0.0,0.0,0.0,265.0,335.0,37.0,380.0,2.0
450.0,55.0,605.0,67.5,110.0,44.0,550.0,74.0,640.0,50.0,40.0,27.0,35.0,29.0,27.0,13.0,13.0,BAMBOO,30.0,60.0,50.0,0.0,0.0,0.0,0.0,False,False,135.0,1.8,1.1,1.1,1.3,1.1,1.1,1.2,700.0,78.0,700.0,78.0,1.0,2,False,1.0,3.0,72.0,48.0,28.0,34.0,True,True,True,False,True,11.0,1,False,0.0,162.0,232,SPOKED,SPOKED,1.0,1.0,90.0,90.0,275.0,345.0,35.0,390.0,0.0
435.0,65.0,645.0,70.0,125.0,48.0,590.0,73.0,660.0,52.0,42.0,29.0,37.0,31.0,29.0,15.0,15.0,CARBON,33.0,63.0,53.0,300.0,320.0,15.0,15.0,True,True,135.0,1.6,1.0,1.0,1.2,1.0,1.0,1.1,700.0,78.0,700.0,78.0,1.0,2,False,1.0,3.0,70.0,52.0,30.0,37.0,False,True,False,False,True,12.0,2,False,25.0,25.0,112,SPOKED,DISC,0.0,0.0,0.0,0.0,300.0,350.0,37.0,410.0,1.0
420.0,68.0,615.0,67.2,105.0,43.0,555.0,74.5,645.0,48.0,40.0,28.0,36.0,30.0,28.0,13.0,13.0,ALUMINIUM,31.0,61.0,51.0,0.0,0.0,0.0,0.0,False,False,135.0,1.9,1.1,1.1,1.3,1.1,1.1,1.2,700.0,78.0,700.0,78.0,1.0,1,False,1.0,3.0,68.0,46.0,30.0,35.0,True,False,False,False,True,10.0,1,False,70.0,130.0,180,SPOKED,SPOKED,0.0,0.0,0.0,0.0,280.0,340.0,36.0,380.0,1.0
440.0,72.0,660.0,69.5,135.0,49.0,605.0,73.8,675.0,54.0,45.0,31.0,39.0,33.0,31.0,17.0,17.0,STEEL,36.0,66.0,56.0,310.0,330.0,17.0,17.0,True,True,135.0,2.2,1.5,1.5,1.5,1.4,1.4,1.5,700.0,78.0,700.0,78.0,1.0,2,False,1.0,3.0,72.0,54.0,32.0,37.0,True,True,False,False,True,12.0,2,False,0.0,191.0,255,DISC,DISC,0.0,0.0,0.0,0.0,300.0,360.0,39.0,430.0,1.0
425.0,67.0,640.0,68.0,122.0,44.0,570.0,74.0,660.0,50.0,40.0,29.0,37.0,30.0,28.0,14.0,14.0,TITANIUM,32.0,62.0,52.0,300.0,320.0,0.0,0.0,False,False,135.0,2.0,1.2,1.2,1.4,1.2,1.2,1.3,700.0,78.0,700.0,78.0,1.0,1,False,1.0,3.0,68.0,50.0,30.0,36.0,False,True,False,False,True,11.0,1,False,176.0,196.0,222,SPOKED,SPOKED,1.0,1.0,85.0,85.0,285.0,345.0,37.0,410.0,1.0
435.0,63.0,625.0,67.8,118.0,46.0,580.0,73.5,650.0,48.0,40.0,28.0,36.0,29.0,27.0,13.0,13.0,BAMBOO,30.0,60.0,50.0,0.0,0.0,0.0,0.0,False,False,135.0,1.8,1.1,1.1,1.3,1.1,1.1,1.2,700.0,78.0,700.0,78.0,1.0,2,False,1.0,3.0,70.0,48.0,28.0,34.0,False,True,True,False,True,11.0,1,False,106.0,90.0,205,SPOKED,SPOKED,1.0,1.0,92.0,92.0,275.0,345.0,36.0,395.0,0.0
455.0,60.0,630.0,66.5,150.0,50.0,500.0,74.0,650.0,50.0,50.0,32.0,38.0,30.0,24.0,14.0,15.0,CARBON,40.0,50.0,45.0,330.0,350.0,16.0,18.0,False,False,142.0,1.5,1.2,1.5,1.2,1.0,1.0,1.2,680.0,50.0,680.0,50.0,1.0,2,False,1.0,3.0,68.0,45.0,0.0,31.8,False,True,False,False,True,12.0,1,False,70.0,130.0,200,SPOKED,SPOKED,0.0,0.0,0.0,0.0,280.0,800.0,34.9,350.0,1.0
445.0,55.0,620.0,67.0,160.0,55.0,550.0,74.5,640.0,48.0,55.0,33.0,37.0,28.0,26.0,13.0,16.0,ALUMINIUM,45.0,55.0,40.0,330.0,350.0,16.0,18.0,False,False,142.0,1.4,1.1,1.4,1.1,0.9,0.9,1.1,690.0,52.0,690.0,52.0,1.0,1,False,1.0,1.0,68.0,45.0,0.0,31.8,False,False,False,False,True,11.0,2,False,60.0,140.0,190,SPOKED,SPOKED,0.0,0.0,0.0,0.0,290.0,820.0,34.9,360.0,1.0
465.0,65.0,610.0,66.0,145.0,48.0,600.0,73.5,630.0,52.0,60.0,31.0,39.0,32.0,22.0,15.0,14.0,STEEL,38.0,48.0,50.0,330.0,350.0,16.0,18.0,False,False,142.0,1.6,1.3,1.6,1.3,1.1,1.1,1.3,670.0,48.0,670.0,48.0,1.0,0,False,1.0,1.0,68.0,45.0,0.0,31.8,False,True,False,False,True,10.0,1,False,80.0,120.0,180,SPOKED,SPOKED,0.0,0.0,0.0,0.0,270.0,780.0,34.9,345.0,1.0
440.0,62.0,640.0,65.5,170.0,60.0,620.0,74.2,660.0,49.0,65.0,34.0,36.0,26.0,28.0,14.0,15.0,TITANIUM,48.0,60.0,55.0,330.0,350.0,16.0,18.0,False,False,142.0,1.5,1.2,1.5,1.2,1.0,1.0,1.2,700.0,54.0,700.0,54.0,1.0,0,False,1.0,1.0,68.0,45.0,0.0,31.8,True,True,False,False,True,11.0,2,False,100.0,150.0,220,SPOKED,SPOKED,0.0,0.0,0.0,0.0,300.0,840.0,34.9,370.0,1.0
450.0,58.0,600.0,67.5,155.0,52.0,530.0,73.8,620.0,51.0,50.0,30.0,40.0,34.0,21.0,13.0,16.0,CARBON,35.0,47.0,37.0,330.0,350.0,16.0,18.0,False,False,142.0,1.4,1.1,1.4,1.1,0.9,0.9,1.1,660.0,46.0,660.0,46.0,1.0,2,False,1.0,3.0,68.0,45.0,0.0,31.8,False,True,False,False,True,12.0,1,False,75.0,125.0,195,SPOKED,SPOKED,0.0,0.0,0.0,0.0,260.0,760.0,34.9,340.0,1.0
460.0,63.0,650.0,66.8,165.0,58.0,640.0,74.3,670.0,47.0,55.0,35.0,38.5,29.0,29.0,15.0,14.0,ALUMINIUM,50.0,58.0,52.0,330.0,350.0,16.0,18.0,False,False,142.0,1.6,1.3,1.6,1.3,1.1,1.1,1.3,695.0,53.0,695.0,53.0,1.0,1,False,1.0,2.0,68.0,45.0,0.0,31.8,True,False,False,False,True,11.0,1,False,50.0,100.0,160,SPOKED,SPOKED,0.0,0.0,0.0,0.0,295.0,830.0,34.9,365.0,1.0
475.0,59.0,635.0,65.8,142.0,49.0,610.0,73.2,655.0,53.0,60.0,32.5,36.5,31.0,23.0,13.0,15.0,CARBON,42.0,49.0,42.0,330.0,350.0,16.0,18.0,False,False,142.0,1.5,1.2,1.5,1.2,1.0,1.0,1.2,675.0,49.0,675.0,49.0,1.0,2,False,1.0,3.0,68.0,45.0,0.0,31.8,False,False,False,False,True,12.0,1,False,30.0,90.0,150,SPOKED,SPOKED,0.0,0.0,0.0,0.0,275.0,790.0,34.9,355.0,1.0
430.0,61.0,615.0,67.2,158.0,54.0,580.0,74.1,635.0,46.0,65.0,33.5,39.5,27.0,27.0,14.0,16.0,STEEL,46.0,56.0,53.0,330.0,350.0,16.0,18.0,False,False,142.0,1.4,1.1,1.4,1.1,0.9,0.9,1.1,685.0,51.0,685.0,51.0,1.0,1,False,1.0,1.0,68.0,45.0,0.0,31.8,False,True,False,False,True,10.0,2,False,90.0,110.0,170,SPOKED,SPOKED,0.0,0.0,0.0,0.0,285.0,810.0,34.9,375.0,1.0
480.0,57.0,605.0,66.2,148.0,46.0,650.0,73.9,625.0,54.0,50.0,31.5,37.5,33.0,25.0,15.0,14.0,BAMBOO,39.0,46.0,47.0,330.0,350.0,16.0,18.0,False,False,142.0,1.6,1.3,1.6,1.3,1.1,1.1,1.3,665.0,47.0,665.0,47.0,1.0,0,False,1.0,1.0,68.0,45.0,0.0,31.8,True,False,False,False,True,9.0,1,False,40.0,80.0,140,SPOKED,SPOKED,0.0,0.0,0.0,0.0,265.0,770.0,34.9,335.0,1.0
435.0,64.0,645.0,65.2,175.0,57.0,570.0,74.4,665.0,45.0,55.0,34.5,40.5,35.0,30.0,13.0,15.0,OTHER,49.0,59.0,54.0,330.0,350.0,16.0,18.0,False,False,142.0,1.5,1.2,1.5,1.2,1.0,1.0,1.2,705.0,55.0,705.0,55.0,1.0,1,False,1.0,2.0,68.0,45.0,0.0,31.8,False,True,False,False,True,10.0,1,False,110.0,160.0,230,SPOKED,SPOKED,0.0,0.0,0.0,0.0,298.0,850.0,34.9,380.0,1.0
420.0,60.0,590.0,68.0,140.0,50.0,550.0,74.0,650.0,50.0,40.0,580.0,34.9,36.5,23.35,13.0,15.0,ALUMINIUM,30.0,50.0,45.0,330.0,350.0,16.0,18.0,False,False,135.0,2.0,0.9,1.1,0.9,1.2,1.0,0.9,680.0,52.0,680.0,52.0,1.0,0,False,1.0,1.0,68.0,45.0,0.0,31.8,True,True,False,False,True,12.0,1,False,200.0,50.0,100,SPOKED,SPOKED,0.0,0.0,0.0,0.0,280.0,780.0,34.9,700.0,1.0
430.0,65.0,600.0,69.0,145.0,55.0,560.0,73.5,660.0,52.0,40.0,580.0,34.9,36.5,23.35,13.0,15.0,CARBON,30.0,50.0,45.0,330.0,350.0,16.0,18.0,False,False,135.0,2.0,0.9,1.1,0.9,1.2,1.0,0.9,680.0,52.0,680.0,52.0,1.0,1,False,1.0,1.0,68.0,45.0,0.0,31.8,True,True,False,False,True,12.0,1,False,0.0,100.0,200,SPOKED,SPOKED,0.0,0.0,0.0,0.0,280.0,790.0,34.9,700.0,2.0
440.0,55.0,580.0,67.0,150.0,45.0,530.0,74.5,640.0,48.0,40.0,580.0,34.9,36.5,23.35,13.0,15.0,STEEL,30.0,50.0,45.0,330.0,350.0,16.0,18.0,False,False,135.0,2.0,0.9,1.1,0.9,1.2,1.0,0.9,680.0,52.0,680.0,52.0,1.0,2,False,1.0,1.0,68.0,45.0,0.0,31.8,True,True,False,False,True,12.0,2,False,100.0,200.0,50,SPOKED,SPOKED,0.0,0.0,0.0,0.0,280.0,800.0,34.9,700.0,1.0
450.0,70.0,620.0,68.5,135.0,52.0,580.0,73.2,670.0,55.0,40.0,580.0,34.9,36.5,23.35,13.0,15.0,TITANIUM,30.0,50.0,45.0,330.0,350.0,16.0,18.0,False,False,135.0,2.0,0.9,1.1,0.9,1.2,1.0,0.9,680.0,52.0,680.0,52.0,1.0,0,False,1.0,1.0,68.0,45.0,0.0,31.8,True,True,False,False,True,12.0,2,False,255.0,128.0,0,SPOKED,SPOKED,0.0,0.0,0.0,0.0,280.0,815.0,34.9,700.0,2.0
460.0,58.0,630.0,69.2,130.0,60.0,600.0,73.0,660.0,47.0,40.0,580.0,34.9,36.5,23.35,13.0,15.0,BAMBOO,30.0,50.0,45.0,330.0,350.0,16.0,18.0,False,False,135.0,2.0,0.9,1.1,0.9,1.2,1.0,0.9,680.0,52.0,680.0,52.0,1.0,1,False,1.0,1.0,68.0,45.0,0.0,31.8,True,True,False,False,True,12.0,1,False,64.0,128.0,255,SPOKED,SPOKED,0.0,0.0,0.0,0.0,280.0,770.0,34.9,700.0,1.0
470.0,62.0,605.0,66.5,160.0,48.0,540.0,74.8,655.0,53.0,40.0,580.0,34.9,36.5,23.35,13.0,15.0,ALUMINIUM,30.0,50.0,45.0,330.0,350.0,16.0,18.0,False,False,135.0,2.0,0.9,1.1,0.9,1.2,1.0,0.9,680.0,52.0,680.0,52.0,1.0,2,False,1.0,1.0,68.0,45.0,0.0,31.8,True,True,False,False,True,12.0,1,False,128.0,0.0,255,SPOKED,SPOKED,0.0,0.0,0.0,0.0,280.0,805.0,34.9,700.0,2.0
480.0,59.0,615.0,67.5,155.0,53.0,570.0,73.7,660.0,49.0,40.0,580.0,34.9,36.5,23.35,13.0,15.0,CARBON,30.0,50.0,45.0,330.0,350.0,16.0,18.0,False,False,135.0,2.0,0.9,1.1,0.9,1.2,1.0,0.9,680.0,52.0,680.0,52.0,1.0,0,False,1.0,1.0,68.0,45.0,0.0,31.8,True,True,False,False,True,12.0,2,False,0.0,255.0,128,SPOKED,SPOKED,0.0,0.0,0.0,0.0,280.0,795.0,34.9,700.0,1.0
490.0,61.0,625.0,70.0,150.0,50.0,620.0,73.3,665.0,46.0,40.0,580.0,34.9,36.5,23.35,13.0,15.0,STEEL,30.0,50.0,45.0,330.0,350.0,16.0,18.0,False,False,135.0,2.0,0.9,1.1,0.9,1.2,1.0,0.9,680.0,52.0,680.0,52.0,1.0,1,False,1.0,1.0,68.0,45.0,0.0,31.8,True,True,False,False,True,12.0,1,False,255.0,0.0,64,SPOKED,SPOKED,0.0,0.0,0.0,0.0,280.0,782.0,34.9,700.0,1.0
495.0,56.0,635.0,68.8,140.0,58.0,610.0,74.1,675.0,51.0,40.0,580.0,34.9,36.5,23.35,13.0,15.0,TITANIUM,30.0,50.0,45.0,330.0,350.0,16.0,18.0,False,False,135.0,2.0,0.9,1.1,0.9,1.2,1.0,0.9,680.0,52.0,680.0,52.0,1.0,2,False,1.0,1.0,68.0,45.0,0.0,31.8,True,True,False,False,True,12.0,2,False,64.0,255.0,64,SPOKED,SPOKED,0.0,0.0,0.0,0.0,280.0,798.0,34.9,700.0,2.0
405.0,63.0,595.0,67.2,145.0,46.0,525.0,74.3,645.0,54.0,40.0,580.0,34.9,36.5,23.35,13.0,15.0,BAMBOO,30.0,50.0,45.0,330.0,350.0,16.0,18.0,False,False,135.0,2.0,0.9,1.1,0.9,1.2,1.0,0.9,680.0,52.0,680.0,52.0,1.0,0,False,1.0,1.0,68.0,45.0,0.0,31.8,True,True,False,False,True,12.0,1,False,192.0,192.0,192,SPOKED,SPOKED,0.0,0.0,0.0,0.0,280.0,785.0,34.9,700.0,1.0
460.0,60.0,580.0,67.0,120.0,50.0,480.0,74.0,630.0,45.0,45.0,28.6,34.9,30.0,25.0,13.0,15.0,ALUMINIUM,35.0,40.0,45.0,330.0,350.0,16.0,18.0,False,False,135.0,2.0,0.9,1.1,0.9,1.2,1.0,0.9,680.0,121.0,680.0,121.0,1.0,1,False,1.0,1.0,68.0,50.0,0.0,31.8,True,True,False,False,True,12.0,1,False,30.0,144.0,255,DISC,SPOKED,0.0,0.0,80.0,80.0,278.0,700.0,34.9,300.0,1.0
455.0,65.0,570.0,68.0,110.0,55.0,500.0,73.0,640.0,50.0,45.0,28.6,34.9,30.0,25.0,13.0,15.0,CARBON,32.0,38.0,48.0,330.0,350.0,16.0,18.0,False,False,135.0,2.0,0.9,1.1,0.9,1.2,1.0,0.9,680.0,121.0,680.0,121.0,1.0,2,False,1.0,1.0,68.0,53.0,0.0,31.8,True,False,False,False,True,11.0,1,False,30.0,144.0,255,DISC,DISC,0.0,0.0,80.0,80.0,280.0,720.0,34.9,310.0,1.0
480.0,70.0,590.0,67.5,130.0,50.0,520.0,75.0,650.0,44.0,45.0,28.6,34.9,30.0,25.0,13.0,15.0,STEEL,36.0,42.0,46.0,330.0,350.0,16.0,18.0,False,False,135.0,2.0,0.9,1.1,0.9,1.2,1.0,0.9,680.0,121.0,680.0,121.0,1.0,0,False,1.0,1.0,68.0,56.0,0.0,31.8,False,True,True,False,True,10.0,2,False,30.0,144.0,255,SPOKED,SPOKED,0.0,0.0,80.0,80.0,275.0,710.0,34.9,290.0,1.0
450.0,60.0,600.0,66.5,140.0,60.0,540.0,74.5,660.0,47.0,45.0,28.6,34.9,30.0,25.0,13.0,15.0,BAMBOO,38.0,45.0,50.0,330.0,350.0,16.0,18.0,False,False,135.0,2.0,0.9,1.1,0.9,1.2,1.0,0.9,680.0,121.0,680.0,121.0,1.0,1,False,1.0,1.0,68.0,60.0,0.0,31.8,False,False,False,False,True,11.0,1,False,30.0,144.0,255,DISC,SPOKED,0.0,0.0,80.0,80.0,300.0,720.0,34.9,300.0,1.0
470.0,55.0,575.0,68.5,125.0,55.0,500.0,74.0,635.0,46.0,45.0,28.6,34.9,30.0,25.0,13.0,15.0,TITANIUM,34.0,39.0,47.0,330.0,350.0,16.0,18.0,False,False,135.0,2.0,0.9,1.1,0.9,1.2,1.0,0.9,680.0,121.0,680.0,121.0,1.0,2,False,1.0,1.0,68.0,55.0,0.0,31.8,True,True,False,False,True,12.0,1,False,30.0,144.0,255,DISC,SPOKED,0.0,0.0,80.0,80.0,278.0,705.0,34.9,300.0,1.0
465.0,63.0,565.0,69.0,100.0,52.0,480.0,75.0,625.0,44.0,45.0,28.6,34.9,30.0,25.0,13.0,15.0,OTHER,30.0,35.0,40.0,330.0,350.0,16.0,18.0,False,False,135.0,2.0,0.9,1.1,0.9,1.2,1.0,0.9,680.0,121.0,680.0,121.0,1.0,0,False,1.0,1.0,68.0,48.0,0.0,31.8,False,True,False,False,True,10.0,2,False,30.0,144.0,255,DISC,SPOKED,0.0,0.0,80.0,80.0,285.0,730.0,34.9,320.0,1.0
455.0,62.0,590.0,67.2,115.0,55.0,530.0,73.5,648.0,47.0,45.0,28.6,34.9,30.0,25.0,13.0,15.0,ALUMINIUM,34.0,41.0,47.0,330.0,350.0,16.0,18.0,False,False,135.0,2.0,0.9,1.1,0.9,1.2,1.0,0.9,680.0,121.0,680.0,121.0,1.0,1,False,1.0,1.0,68.0,52.0,0.0,31.8,True,True,False,False,True,11.0,1,False,30.0,144.0,255,DISC,DISC,0.0,0.0,80.0,80.0,295.0,725.0,34.9,305.0,1.0
450.0,58.0,580.0,66.8,120.0,58.0,510.0,74.8,635.0,46.0,45.0,28.6,34.9,30.0,25.0,13.0,15.0,CARBON,36.0,44.0,49.0,330.0,350.0,16.0,18.0,True,True,135.0,2.0,0.9,1.1,0.9,1.2,1.0,0.9,680.0,121.0,680.0,121.0,1.0,2,False,1.0,1.0,68.0,58.0,0.0,31.8,True,True,False,False,True,12.0,1,False,30.0,144.0,255,DISC,DISC,0.0,0.0,80.0,80.0,280.0,715.0,34.9,310.0,1.0
470.0,63.0,595.0,68.1,135.0,54.0,550.0,73.2,655.0,44.0,45.0,28.6,34.9,30.0,25.0,13.0,15.0,STEEL,37.0,43.0,48.0,330.0,350.0,16.0,18.0,False,False,135.0,2.0,0.9,1.1,0.9,1.2,1.0,0.9,680.0,121.0,680.0,121.0,1.0,0,False,1.0,1.0,68.0,55.0,0.0,31.8,False,True,False,False,True,10.0,1,False,30.0,144.0,255,DISC,SPOKED,0.0,0.0,80.0,80.0,290.0,735.0,34.9,320.0,2.0
455.0,59.0,585.0,67.7,125.0,59.0,530.0,74.3,642.0,47.0,45.0,28.6,34.9,30.0,25.0,13.0,15.0,BAMBOO,35.0,46.0,49.0,330.0,350.0,16.0,18.0,True,False,135.0,2.0,0.9,1.1,0.9,1.2,1.0,0.9,680.0,121.0,680.0,121.0,1.0,1,False,1.0,1.0,68.0,60.0,0.0,31.8,True,False,False,False,True,11.0,2,False,30.0,144.0,255,DISC,DISC,0.0,0.0,80.0,80.0,305.0,720.0,34.9,310.0,2.0
430.0,65.0,580.0,67.0,140.0,45.0,550.0,74.0,620.0,50.0,45.0,31.8,34.9,28.6,28.6,13.0,15.0,ALUMINIUM,30.0,40.0,45.0,0.0,0.0,0.0,0.0,False,False,142.0,2.0,0.9,1.1,0.9,1.2,1.0,0.9,700.0,50.0,700.0,50.0,1.0,1,False,1.0,1.0,68.0,45.0,0.0,31.8,False,False,False,False,True,12.0,2,False,0.0,102.0,204,SPOKED,SPOKED,0.0,0.0,0.0,0.0,280.0,280.0,34.9,700.0,1.0
440.0,62.0,570.0,66.5,150.0,50.0,560.0,73.5,630.0,48.0,45.0,32.0,35.0,29.0,29.0,13.0,16.0,CARBON,28.0,45.0,50.0,0.0,0.0,0.0,0.0,False,False,142.0,2.0,1.0,1.2,1.0,1.3,1.1,1.0,700.0,50.0,700.0,50.0,1.0,2,False,1.0,1.0,68.0,46.0,0.0,31.8,True,True,False,False,True,11.0,3,False,0.0,102.0,204,SPOKED,SPOKED,0.0,0.0,0.0,0.0,285.0,275.0,35.0,720.0,1.0
420.0,67.0,590.0,67.5,130.0,47.0,545.0,74.5,615.0,52.0,47.0,30.0,34.0,28.0,28.0,13.0,14.0,STEEL,32.0,42.0,48.0,0.0,0.0,0.0,0.0,False,False,142.0,2.2,1.0,1.3,1.1,1.4,1.2,1.0,700.0,52.0,700.0,52.0,1.0,1,False,1.0,1.0,68.0,44.0,0.0,31.8,False,True,False,False,True,12.0,2,False,0.0,102.0,204,SPOKED,SPOKED,0.0,0.0,0.0,0.0,278.0,750.0,1.0,,
450.0,60.0,610.0,66.0,160.0,48.0,570.0,73.0,650.0,46.0,45.0,33.0,36.0,29.0,29.0,13.0,16.0,TITANIUM,35.0,50.0,40.0,0.0,0.0,0.0,0.0,False,False,142.0,2.0,0.8,1.1,0.9,1.2,1.0,0.8,700.0,50.0,700.0,50.0,1.0,2,False,1.0,1.0,68.0,48.0,0.0,31.8,True,False,False,False,True,11.0,1,False,0.0,102.0,204,SPOKED,SPOKED,0.0,0.0,0.0,0.0,290.0,800.0,1.0,,
415.0,68.0,565.0,68.0,120.0,43.0,525.0,75.0,605.0,54.0,45.0,30.5,34.5,28.5,28.5,13.0,14.5,BAMBOO,30.0,38.0,50.0,330.0,350.0,16.0,18.0,True,True,142.0,2.2,0.9,1.2,0.95,1.25,1.05,0.95,700.0,50.0,700.0,50.0,1.0,1,False,1.0,1.0,68.0,45.5,0.0,31.8,False,True,False,False,True,10.0,3,False,0.0,102.0,204,SPOKED,SPOKED,1.0,1.0,38.0,36.0,275.0,720.0,1.0,,
460.0,63.0,580.0,66.8,155.0,49.0,565.0,73.8,640.0,49.0,47.0,32.5,35.5,29.5,29.5,13.0,15.5,OTHER,34.0,47.0,42.0,0.0,0.0,0.0,0.0,False,False,142.0,2.0,1.0,1.1,0.9,1.2,1.0,0.9,700.0,50.0,700.0,50.0,1.0,1,False,1.0,1.0,68.0,47.0,0.0,31.8,False,False,False,False,True,12.0,2,False,0.0,102.0,204,SPOKED,SPOKED,0.0,0.0,0.0,0.0,285.0,680.0,1.0,,
425.0,69.0,600.0,67.2,145.0,46.0,555.0,74.2,625.0,51.0,45.0,31.0,34.8,28.2,28.2,13.0,14.8,ALUMINIUM,29.0,44.0,47.0,0.0,0.0,0.0,0.0,False,False,142.0,2.0,0.9,1.1,0.9,1.2,1.0,0.9,700.0,50.0,700.0,50.0,1.0,1,False,1.0,1.0,68.0,45.0,0.0,31.8,False,True,False,False,True,11.0,2,False,0.0,102.0,204,SPOKED,SPOKED,0.0,0.0,0.0,0.0,280.0,720.0,1.0,,
435.0,64.0,575.0,66.3,135.0,44.0,535.0,74.8,630.0,53.0,45.0,32.2,35.2,29.2,29.2,13.0,15.2,CARBON,31.0,46.0,44.0,0.0,0.0,0.0,0.0,False,False,142.0,2.1,0.95,1.1,0.95,1.25,1.05,0.95,700.0,50.0,700.0,50.0,1.0,0,False,1.0,1.0,68.0,45.0,0.0,31.8,True,False,False,False,True,13.0,2,False,0.0,102.0,204,SPOKED,SPOKED,0.0,0.0,0.0,0.0,275.0,760.0,1.0,,
445.0,66.0,595.0,67.1,148.0,48.0,560.0,74.6,645.0,47.0,45.0,31.5,34.9,28.7,28.7,13.0,14.7,STEEL,34.0,48.0,46.0,0.0,0.0,0.0,0.0,False,False,142.0,2.0,0.9,1.1,0.9,1.2,1.0,0.9,700.0,50.0,700.0,50.0,1.0,1,False,1.0,1.0,68.0,46.0,0.0,31.8,False,True,False,False,True,12.0,3,False,0.0,102.0,204,SPOKED,SPOKED,0.0,0.0,0.0,0.0,285.0,740.0,1.0,,
455.0,61.0,605.0,66.4,142.0,47.0,555.0,73.3,635.0,50.0,45.0,32.8,35.8,29.3,29.3,13.0,15.3,TITANIUM,33.0,49.0,43.0,0.0,0.0,0.0,0.0,False,False,142.0,2.0,0.8,1.1,0.9,1.2,1.0,0.8,700.0,50.0,700.0,50.0,1.0,2,False,1.0,1.0,68.0,47.0,0.0,31.8,True,False,False,False,True,11.0,2,False,0.0,102.0,204,SPOKED,SPOKED,0.0,0.0,0.0,0.0,290.0,780.0,1.0,,
420.0,60.0,630.0,68.0,120.0,50.0,560.0,74.0,660.0,50.0,45.0,30.0,34.0,35.0,35.0,15.0,15.0,CARBON,30.0,50.0,5.0,0.0,0.0,0.0,0.0,False,False,135.0,2.5,1.0,1.0,1.2,1.0,1.0,1.2,680.0,52.0,680.0,52.0,1.0,1,False,1.0,3.0,68.0,50.0,0.0,34.0,False,True,False,False,True,11.0,1,False,42.0,82.0,190,SPOKED,SPOKED,0.0,0.0,80.0,80.0,300.0,750.0,34.0,320.0,1.0
410.0,55.0,620.0,69.0,100.0,45.0,540.0,73.0,650.0,48.0,50.0,32.0,36.0,32.0,38.0,16.0,12.0,ALUMINIUM,25.0,45.0,6.0,0.0,0.0,0.0,0.0,False,False,135.0,2.5,1.0,1.0,1.2,1.0,1.0,1.2,680.0,52.0,680.0,52.0,1.0,0,False,1.0,1.0,68.0,45.0,0.0,32.0,False,True,False,False,True,11.0,1,False,42.0,82.0,190,SPOKED,SPOKED,0.0,0.0,80.0,80.0,290.0,760.0,34.0,330.0,1.0
430.0,65.0,640.0,67.0,140.0,60.0,600.0,75.0,670.0,52.0,40.0,28.0,34.0,30.0,32.0,18.0,20.0,STEEL,35.0,55.0,4.0,0.0,0.0,0.0,0.0,False,False,135.0,2.5,1.0,1.0,1.2,1.0,1.0,1.2,680.0,52.0,680.0,52.0,1.0,2,False,1.0,2.0,68.0,55.0,0.0,30.0,False,True,False,False,True,11.0,1,False,42.0,82.0,190,SPOKED,SPOKED,0.0,0.0,80.0,80.0,305.0,730.0,34.0,310.0,1.0
405.0,70.0,610.0,70.0,110.0,52.0,520.0,74.0,645.0,47.0,48.0,33.0,35.0,33.0,34.0,14.0,14.0,TITANIUM,28.0,48.0,7.0,0.0,0.0,0.0,0.0,False,False,135.0,2.5,1.0,1.0,1.2,1.0,1.0,1.2,680.0,52.0,680.0,52.0,1.0,1,False,1.0,3.0,68.0,48.0,0.0,33.0,False,True,False,False,True,11.0,1,False,42.0,82.0,190,SPOKED,SPOKED,0.0,0.0,80.0,80.0,295.0,740.0,34.0,340.0,1.0
415.0,58.0,615.0,68.5,95.0,48.0,550.0,73.5,655.0,46.0,46.0,29.0,34.0,36.0,35.0,15.5,16.0,BAMBOO,26.0,51.0,5.5,0.0,0.0,0.0,0.0,False,False,135.0,2.5,1.0,1.0,1.2,1.0,1.0,1.2,680.0,52.0,680.0,52.0,1.0,0,False,1.0,1.0,68.0,46.0,0.0,29.0,False,True,False,False,True,11.0,1,False,42.0,82.0,190,SPOKED,SPOKED,0.0,0.0,80.0,80.0,285.0,720.0,34.0,360.0,1.0
425.0,62.0,645.0,66.5,130.0,55.0,580.0,75.5,675.0,53.0,44.0,31.0,35.0,32.0,36.0,17.0,18.0,CARBON,33.0,54.0,6.5,0.0,0.0,0.0,0.0,False,False,135.0,2.5,1.0,1.0,1.2,1.0,1.0,1.2,680.0,52.0,680.0,52.0,1.0,2,False,1.0,3.0,68.0,44.0,0.0,31.0,False,True,False,False,True,11.0,1,False,42.0,82.0,190,SPOKED,SPOKED,0.0,0.0,80.0,80.0,300.0,760.0,34.0,300.0,1.0
395.0,75.0,600.0,69.5,105.0,42.0,530.0,72.5,640.0,49.0,47.0,34.0,36.0,34.0,33.0,14.5,14.0,ALUMINIUM,29.0,47.0,7.5,0.0,0.0,0.0,0.0,False,False,135.0,2.5,1.0,1.0,1.2,1.0,1.0,1.2,680.0,52.0,680.0,52.0,1.0,1,False,1.0,2.0,68.0,47.0,0.0,34.0,False,True,False,False,True,11.0,1,False,42.0,82.0,190,SPOKED,SPOKED,0.0,0.0,80.0,80.0,290.0,730.0,34.0,350.0,1.0
415.0,80.0,650.0,66.0,125.0,58.0,610.0,76.0,680.0,54.0,43.0,30.0,36.0,33.0,37.0,18.0,19.0,STEEL,32.0,59.0,5.0,0.0,0.0,0.0,0.0,False,False,135.0,2.5,1.0,1.0,1.2,1.0,1.0,1.2,680.0,52.0,680.0,52.0,1.0,0,False,1.0,1.0,68.0,43.0,0.0,30.0,False,True,False,False,True,11.0,1,False,42.0,82.0,190,SPOKED,SPOKED,0.0,0.0,80.0,80.0,310.0,750.0,34.0,340.0,1.0
400.0,68.0,625.0,71.0,115.0,50.0,555.0,74.5,660.0,51.0,45.0,29.0,34.0,32.0,35.0,15.0,17.0,OTHER,31.0,53.0,6.0,0.0,0.0,0.0,0.0,False,False,135.0,2.5,1.0,1.0,1.2,1.0,1.0,1.2,680.0,52.0,680.0,52.0,1.0,1,False,1.0,2.0,68.0,45.0,0.0,29.0,False,True,False,False,True,11.0,1,False,42.0,82.0,190,SPOKED,SPOKED,0.0,0.0,80.0,80.0,295.0,720.0,34.0,310.0,1.0
425.0,59.0,635.0,68.2,135.0,54.0,590.0,75.2,670.0,50.0,42.0,31.5,35.5,34.5,36.5,16.5,16.5,CARBON,34.5,57.5,5.2,0.0,0.0,0.0,0.0,False,False,135.0,2.5,1.0,1.0,1.2,1.0,1.0,1.2,680.0,52.0,680.0,52.0,1.0,2,False,1.0,3.0,68.0,42.0,0.0,31.5,False,True,False,False,True,11.0,1,False,42.0,82.0,190,SPOKED,SPOKED,0.0,0.0,80.0,80.0,305.0,770.0,34.0,325.0,1.0
480.0,65.0,560.0,68.5,120.0,45.0,520.0,73.0,610.0,50.0,42.0,28.6,36.5,36.5,23.35,13.0,15.0,CARBON,30.0,40.0,45.0,330.0,350.0,16.0,18.0,False,False,135.0,2.0,1.2,1.5,1.2,1.0,1.0,1.1,690.0,50.0,690.0,50.0,1.0,1,False,1.0,1.0,73.0,45.0,0.0,31.8,True,True,False,False,True,12.0,1,False,0.0,123.0,167,SPOKED,SPOKED,0.0,0.0,80.0,80.0,280.0,710.0,34.9,350.0,1.0
465.0,70.0,580.0,67.0,140.0,55.0,550.0,72.0,630.0,45.0,40.0,30.0,36.5,36.5,25.0,13.0,15.0,ALUMINIUM,35.0,45.0,50.0,330.0,350.0,16.0,18.0,False,False,135.0,2.0,1.2,1.5,1.2,1.0,1.0,1.1,680.0,52.0,680.0,52.0,1.0,1,False,1.0,1.0,73.0,50.0,0.0,31.8,True,True,False,False,True,11.0,1,False,0.0,123.0,167,SPOKED,SPOKED,0.0,0.0,80.0,80.0,285.0,720.0,34.9,360.0,1.0
500.0,60.0,550.0,69.0,110.0,50.0,540.0,74.0,620.0,48.0,42.0,28.6,36.5,36.5,23.35,13.0,15.0,STEEL,28.0,42.0,47.0,330.0,350.0,16.0,18.0,True,False,135.0,2.0,1.2,1.5,1.2,1.0,1.0,1.1,680.0,54.0,680.0,54.0,1.0,2,False,1.0,2.0,73.0,52.0,0.0,31.8,False,True,False,False,True,12.0,1,False,0.0,123.0,167,SPOKED,SPOKED,0.0,0.0,80.0,80.0,275.0,700.0,34.9,340.0,1.0
450.0,75.0,600.0,68.0,130.0,60.0,560.0,72.5,640.0,55.0,42.0,28.6,36.5,36.5,23.35,13.0,15.0,TITANIUM,32.0,48.0,46.0,330.0,350.0,16.0,18.0,False,True,135.0,2.0,1.2,1.5,1.2,1.0,1.0,1.1,700.0,56.0,700.0,56.0,1.0,1,False,1.0,1.0,73.0,48.0,0.0,31.8,True,False,True,False,True,12.0,1,False,0.0,123.0,167,SPOKED,SPOKED,0.0,0.0,80.0,80.0,280.0,740.0,34.9,370.0,1.0
470.0,68.0,570.0,67.5,150.0,52.0,530.0,72.0,615.0,49.0,42.0,28.6,36.5,36.5,30.0,13.0,15.0,ALUMINIUM,29.0,44.0,48.0,330.0,350.0,20.0,22.0,True,True,135.0,2.0,1.1,1.3,1.1,0.9,0.9,1.0,685.0,55.0,685.0,55.0,1.0,2,False,1.0,1.0,73.0,47.0,0.0,31.8,False,True,False,True,True,11.0,2,False,0.0,123.0,167,SPOKED,SPOKED,0.0,0.0,80.0,80.0,290.0,705.0,34.9,350.0,1.0
460.0,63.0,585.0,69.5,125.0,48.0,545.0,73.5,630.0,52.0,40.0,28.6,36.5,36.5,23.35,13.0,15.0,BAMBOO,31.0,43.0,46.0,330.0,350.0,16.0,18.0,False,False,135.0,2.0,1.0,1.2,1.0,0.9,0.9,1.0,690.0,54.0,690.0,54.0,1.0,0,False,1.0,1.0,73.0,44.0,0.0,31.8,False,False,False,False,True,9.0,3,False,0.0,123.0,167,SPOKED,SPOKED,0.0,0.0,80.0,80.0,285.0,735.0,34.9,340.0,1.0
490.0,66.0,590.0,68.2,135.0,54.0,565.0,72.8,640.0,53.0,42.0,28.6,36.5,36.5,23.35,13.0,15.0,CARBON,33.0,47.0,49.0,330.0,350.0,16.0,18.0,True,True,135.0,2.0,1.2,1.5,1.2,1.0,1.0,1.1,690.0,56.0,690.0,56.0,1.0,1,False,1.0,3.0,73.0,49.0,0.0,31.8,False,False,True,True,True,12.0,1,False,0.0,123.0,167,SPOKED,SPOKED,0.0,0.0,80.0,80.0,280.0,725.0,34.9,355.0,1.0
455.0,72.0,575.0,67.8,155.0,50.0,550.0,73.2,620.0,50.0,41.0,28.6,36.5,36.5,23.35,13.0,15.0,CARBON,36.0,46.0,48.0,330.0,350.0,16.0,18.0,False,False,135.0,2.0,1.3,1.6,1.3,1.1,1.1,1.2,700.0,52.0,700.0,52.0,1.0,2,False,1.0,1.0,73.0,51.0,0.0,31.8,True,False,False,False,True,10.0,1,False,0.0,123.0,167,SPOKED,SPOKED,0.0,0.0,80.0,80.0,295.0,715.0,34.9,365.0,1.0
475.0,69.0,605.0,68.7,145.0,56.0,580.0,71.5,650.0,56.0,44.0,28.6,36.5,36.5,23.35,13.0,15.0,STEEL,34.0,49.0,50.0,330.0,350.0,16.0,18.0,True,False,135.0,2.0,1.2,1.5,1.2,1.0,1.0,1.1,685.0,58.0,685.0,58.0,1.0,1,False,1.0,1.0,73.0,53.0,0.0,31.8,False,True,False,False,True,11.0,2,False,0.0,123.0,167,SPOKED,SPOKED,0.0,0.0,80.0,80.0,290.0,730.0,34.9,345.0,1.0
520.0,61.0,565.0,69.2,105.0,46.0,525.0,74.2,605.0,47.0,40.0,28.6,36.5,36.5,23.35,13.0,15.0,OTHER,27.0,41.0,43.0,330.0,350.0,16.0,18.0,False,False,135.0,2.0,1.2,1.5,1.2,1.0,1.0,1.1,700.0,54.0,700.0,54.0,1.0,0,False,1.0,2.0,73.0,46.0,0.0,31.8,True,True,False,True,True,10.0,1,False,0.0,123.0,167,SPOKED,SPOKED,0.0,0.0,80.0,80.0,270.0,695.0,34.9,320.0,1.0
420,45,580,68.0,130,50.0,600.0,73.5,650.0,50.0,45.0,32.0,33.0,25.0,25.0,15.0,15,ALUMINIUM,20.0,45.0,40.0,330.0,350.0,16.0,18,False,False,135.0,2.0,0.9,1.1,0.9,1.2,1.0,0.9,680.0,60.0,680.0,60.0,1.0,0,False,1.0,1.0,68.0,45.0,0.0,31.8,True,True,False,False,False,12.0,1,False,0.0,123.0,167,SPOKED,SPOKED,0.0,0.0,0.0,0.0,280.0,780.0,34.9,820.0,1.0
450,50,600,67.0,150,55.0,620.0,74.0,660.0,52.0,40.0,34.0,31.0,26.0,27.0,18.0,18,CARBON,25.0,50.0,30.0,330.0,350.0,16.0,18,True,True,142.0,2.0,0.9,1.1,0.9,1.2,1.0,0.9,690.0,70.0,690.0,70.0,1.0,1,False,1.0,3.0,68.0,50.0,0.0,32.0,True,True,False,False,False,11.0,1,False,10.0,130.0,170,SPOKED,SPOKED,0.0,0.0,0.0,0.0,290.0,800.0,36.5,850.0,1.0
390,40,550,69.0,120,48.0,580.0,73.0,630.0,48.0,45.0,31.0,34.0,24.0,26.0,14.0,14,BAMBOO,18.0,42.0,35.0,330.0,350.0,16.0,18,False,True,135.0,2.0,0.9,1.1,0.9,1.2,1.0,0.9,670.0,65.0,670.0,65.0,1.0,2,False,1.0,1.0,68.0,42.0,0.0,30.0,True,False,False,False,False,10.0,1,False,0.0,120.0,180,SPOKED,SPOKED,0.0,0.0,0.0,0.0,260.0,750.0,33.0,770.0,1.0
430,42,590,66.5,140,50.0,610.0,73.8,660.0,53.0,40.0,33.0,32.0,25.0,28.0,17.0,17,TITANIUM,23.0,48.0,38.0,330.0,350.0,16.0,18,False,False,140.0,2.0,0.9,1.1,0.9,1.2,1.0,0.9,675.0,55.0,675.0,55.0,1.0,0,False,1.0,3.0,68.0,48.0,0.0,32.0,False,True,False,False,False,12.0,1,False,5.0,140.0,160,SPOKED,SPOKED,0.0,0.0,0.0,0.0,300.0,820.0,35.0,840.0,1.0
400,48,620,67.5,160,60.0,640.0,74.5,680.0,50.0,45.0,30.0,31.0,27.0,29.0,16.0,16,CARBON,30.0,55.0,40.0,330.0,350.0,16.0,18,True,True,138.0,2.0,0.9,1.1,0.9,1.2,1.0,0.9,700.0,80.0,700.0,80.0,1.0,1,False,1.0,1.0,68.0,50.0,0.0,33.0,True,True,False,False,False,11.0,1,False,20.0,150.0,200,SPOKED,SPOKED,0.0,0.0,0.0,0.0,270.0,760.0,36.0,800.0,1.0
380,50,555,69.5,110,45.0,560.0,73.2,640.0,45.0,40.0,34.0,35.0,24.0,26.0,13.0,13,ALUMINIUM,15.0,40.0,30.0,330.0,350.0,16.0,18,True,False,130.0,2.0,0.9,1.1,0.9,1.2,1.0,0.9,660.0,50.0,660.0,50.0,1.0,2,False,1.0,1.0,68.0,40.0,0.0,30.0,False,True,False,False,False,10.0,1,False,0.0,135.0,180,SPOKED,SPOKED,0.0,0.0,0.0,0.0,265.0,740.0,32.0,760.0,1.0
440,46,610,68.0,170,58.0,630.0,74.0,670.0,52.0,45.0,32.0,33.0,26.0,28.0,16.0,16,BAMBOO,28.0,53.0,35.0,330.0,350.0,16.0,18,False,True,142.0,2.0,0.9,1.1,0.9,1.2,1.0,0.9,690.0,75.0,690.0,75.0,1.0,1,False,1.0,3.0,68.0,52.0,0.0,34.0,True,False,False,False,False,12.0,2,False,15.0,125.0,175,SPOKED,SPOKED,0.0,0.0,0.0,0.0,300.0,800.0,34.0,820.0,1.0
405,44,575,67.0,135,50.0,605.0,73.6,655.0,49.0,40.0,33.0,32.0,25.0,27.0,15.0,15,STEEL,22.0,47.0,36.0,330.0,350.0,16.0,18,True,False,138.0,2.0,0.9,1.1,0.9,1.2,1.0,0.9,685.0,68.0,685.0,68.0,1.0,0,False,1.0,1.0,68.0,45.0,0.0,32.0,False,True,False,False,False,11.0,1,False,0.0,130.0,167,SPOKED,SPOKED,0.0,0.0,0.0,0.0,275.0,780.0,33.5,800.0,1.0
415,50,600,68.5,145,52.0,615.0,73.9,665.0,51.0,45.0,34.0,33.0,26.0,28.0,17.0,17,ALUMINIUM,24.0,49.0,37.0,330.0,350.0,16.0,18,False,True,136.0,2.0,0.9,1.1,0.9,1.2,1.0,0.9,672.0,62.0,672.0,62.0,1.0,2,False,1.0,3.0,68.0,47.0,0.0,32.5,True,True,False,False,False,10.0,1,False,10.0,140.0,178,SPOKED,SPOKED,0.0,0.0,0.0,0.0,285.0,790.0,34.2,810.0,1.0
395,43,565,69.0,125,47.0,590.0,73.4,635.0,47.0,40.0,31.0,33.0,24.0,26.0,14.0,14,TITANIUM,19.0,44.0,34.0,330.0,350.0,16.0,18,True,False,132.0,2.0,0.9,1.1,0.9,1.2,1.0,0.9,665.0,58.0,665.0,58.0,1.0,1,False,1.0,1.0,68.0,44.0,0.0,31.0,False,True,False,False,False,11.0,1,False,0.0,145.0,190,SPOKED,SPOKED,0.0,0.0,0.0,0.0,265.0,770.0,33.8,780.0,1.0
405.0,50.0,600.0,72.0,150.0,50.0,550.0,73.0,650.0,50.0,45.0,30.0,36.5,23.35,13.0,15.0,15.0,CARBON,35.0,40.0,40.0,0.0,0.0,0.0,0.0,False,False,142.0,2.0,0.9,1.1,0.9,1.2,1.0,0.9,674.0,52.0,674.0,52.0,1.0,1,False,1.0,1.0,68.0,45.0,0.0,31.8,True,True,False,False,True,12.0,1,False,0.0,127.0,255,SPOKED,SPOKED,0.0,0.0,0.0,0.0,280.0,750.0,34.9,300.0,1.0
415.0,55.0,620.0,71.0,160.0,55.0,560.0,74.0,660.0,52.0,46.0,32.0,38.0,24.0,13.5,16.0,16.0,ALUMINIUM,36.0,42.0,38.0,0.0,0.0,0.0,0.0,False,False,142.0,2.0,0.9,1.1,0.9,1.2,1.0,0.9,684.0,54.0,684.0,54.0,1.0,1,False,1.0,1.0,70.0,46.0,0.0,33.0,True,True,False,False,True,11.0,2,False,0.0,127.0,255,SPOKED,DISC,0.0,0.0,0.0,0.0,290.0,760.0,36.0,290.0,1.0
395.0,45.0,590.0,72.5,140.0,48.0,540.0,73.5,640.0,50.0,44.0,29.0,35.0,23.5,13.0,14.0,15.0,TITANIUM,34.0,38.0,37.0,0.0,0.0,0.0,0.0,False,False,142.0,2.0,0.9,1.1,0.9,1.2,1.0,0.9,674.0,52.0,674.0,52.0,1.0,0,False,1.0,1.0,68.0,44.0,0.0,32.0,True,True,False,False,True,10.0,1,False,10.0,100.0,200,SPOKED,SPOKED,0.0,0.0,0.0,0.0,285.0,740.0,35.0,280.0,1.0
425.0,50.0,610.0,70.0,155.0,52.0,555.0,74.0,655.0,51.0,47.0,31.0,36.5,23.35,14.0,15.0,16.0,CARBON,35.5,40.5,39.0,0.0,0.0,0.0,0.0,False,False,142.0,2.0,0.9,1.1,0.9,1.2,1.0,0.9,684.0,52.0,684.0,52.0,1.0,2,False,1.0,3.0,68.0,46.0,0.0,31.8,True,True,False,False,True,12.0,1,False,0.0,127.0,255,DISC,SPOKED,0.0,0.0,0.0,0.0,300.0,770.0,37.0,310.0,0.0
405.0,48.0,605.0,73.0,145.0,50.0,545.0,72.5,645.0,49.0,45.0,30.0,36.5,23.35,13.0,14.5,15.0,ALUMINIUM,33.0,37.0,38.0,0.0,0.0,0.0,0.0,False,False,142.0,2.0,0.9,1.1,0.9,1.2,1.0,0.9,674.0,52.0,674.0,52.0,1.0,1,False,1.0,1.0,66.0,44.0,0.0,32.0,True,True,False,False,True,11.0,2,False,5.0,100.0,250,TRISPOKE,TRISPOKE,1.0,1.0,50.0,50.0,285.0,755.0,36.5,300.0,2.0
390.0,52.0,595.0,71.5,152.0,53.0,558.0,73.0,648.0,53.0,46.0,31.5,36.5,23.35,13.5,15.5,15.5,STEEL,35.0,39.0,39.0,0.0,0.0,0.0,0.0,False,False,142.0,2.0,0.9,1.1,0.9,1.2,1.0,0.9,674.0,52.0,674.0,52.0,1.0,1,False,1.0,1.0,68.0,45.0,0.0,31.8,True,True,False,False,True,10.0,1,False,20.0,120.0,230,SPOKED,DISC,0.0,0.0,0.0,0.0,290.0,765.0,36.5,295.0,1.0
420.0,47.0,625.0,70.5,158.0,54.0,565.0,74.5,662.0,51.0,48.0,32.5,37.0,24.0,13.5,16.0,16.0,CARBON,36.0,41.0,40.0,0.0,0.0,0.0,0.0,False,False,142.0,2.0,0.9,1.1,0.9,1.2,1.0,0.9,680.0,55.0,680.0,55.0,1.0,2,False,1.0,3.0,70.0,47.0,0.0,32.5,True,True,False,False,True,12.0,1,False,0.0,130.0,240,DISC,DISC,0.0,0.0,0.0,0.0,295.0,780.0,37.5,320.0,1.0
400.0,50.0,605.0,72.0,150.0,51.0,550.0,73.0,650.0,50.0,45.0,30.0,36.5,23.35,13.0,15.0,15.0,ALUMINIUM,35.0,40.0,39.0,330.0,350.0,16.0,18.0,True,True,142.0,2.0,0.9,1.1,0.9,1.2,1.0,0.9,674.0,52.0,674.0,52.0,1.0,1,False,1.0,1.0,68.0,45.0,0.0,31.8,True,True,False,False,True,11.0,2,False,0.0,127.0,255,SPOKED,SPOKED,0.0,0.0,0.0,0.0,280.0,750.0,34.9,300.0,1.0
430.0,49.0,620.0,71.5,160.0,53.0,560.0,73.5,660.0,52.0,47.0,32.0,37.0,24.0,14.0,16.0,16.0,TITANIUM,37.0,42.0,40.0,0.0,0.0,0.0,0.0,False,False,142.0,2.0,0.9,1.1,0.9,1.2,1.0,0.9,684.0,54.0,684.0,54.0,1.0,0,False,1.0,1.0,68.0,46.0,0.0,32.0,True,True,False,False,True,11.0,1,False,15.0,110.0,220,SPOKED,SPOKED,0.0,0.0,0.0,0.0,300.0,770.0,37.0,305.0,2.0
395.0,50.0,600.0,73.0,145.0,50.0,545.0,72.0,645.0,49.0,45.0,30.0,36.5,23.35,13.0,15.0,15.0,BAMBOO,34.0,38.0,38.0,0.0,0.0,0.0,0.0,False,False,142.0,2.0,0.9,1.1,0.9,1.2,1.0,0.9,674.0,52.0,674.0,52.0,1.0,1,False,1.0,1.0,68.0,45.0,0.0,32.0,True,True,False,False,True,10.0,2,False,0.0,130.0,255,SPOKED,SPOKED,0.0,0.0,0.0,0.0,280.0,745.0,34.9,290.0,1.0
405.0,60.0,550.0,67.0,110.0,45.0,580.0,73.0,630.0,50.0,40.0,35.0,38.0,28.0,28.0,13.0,15.0,CARBON,30.0,60.0,50.0,330.0,350.0,0.0,0.0,False,False,135.0,2.0,1.0,1.2,1.0,0.9,0.9,1.0,700.0,50.0,700.0,50.0,1.0,1,False,1.0,3.0,68.0,45.0,0.0,31.8,True,True,False,False,True,12.0,1,False,0.0,127.0,255,DISC,DISC,0.0,0.0,0.0,0.0,250.0,750.0,35.0,300.0,1.0
410.0,62.0,560.0,66.5,115.0,48.0,575.0,72.5,635.0,52.0,40.0,35.0,38.0,28.0,28.0,13.5,15.0,ALUMINIUM,32.0,58.0,48.0,330.0,350.0,0.0,0.0,False,False,135.0,2.5,1.2,1.2,1.1,1.0,1.0,1.2,700.0,50.0,700.0,50.0,1.0,1,False,1.0,3.0,70.0,50.0,0.0,32.0,True,True,False,False,True,11.0,1,False,0.0,100.0,200,DISC,DISC,0.0,0.0,0.0,0.0,250.0,760.0,35.0,310.0,1.0
400.0,58.0,545.0,67.5,108.0,44.0,590.0,73.5,625.0,48.0,40.0,36.0,39.0,29.0,29.0,14.0,15.0,CARBON,28.0,62.0,52.0,330.0,350.0,10.0,0.0,True,False,135.0,2.0,1.0,1.2,1.0,0.9,0.9,1.0,700.0,50.0,700.0,50.0,1.0,2,False,1.0,3.0,68.0,45.0,0.0,31.8,True,True,False,False,True,12.0,2,False,0.0,150.0,200,DISC,DISC,0.0,0.0,0.0,0.0,255.0,755.0,35.0,305.0,1.0
395.0,65.0,580.0,66.0,120.0,50.0,565.0,72.0,640.0,55.0,42.0,38.0,40.0,30.0,30.0,13.0,15.0,ALUMINIUM,35.0,55.0,50.0,330.0,350.0,0.0,0.0,False,False,135.0,3.0,1.5,1.5,1.3,1.0,1.0,1.5,690.0,45.0,690.0,45.0,1.0,1,False,1.0,3.0,68.0,50.0,0.0,32.0,False,True,False,False,True,11.0,1,False,50.0,100.0,200,DISC,DISC,0.0,0.0,0.0,0.0,255.0,765.0,36.0,315.0,2.0
408.0,60.0,555.0,68.0,112.0,46.0,585.0,74.0,630.0,50.0,40.0,36.0,39.0,29.0,29.0,13.5,15.0,CARBON,30.0,60.0,50.0,330.0,350.0,12.0,12.0,True,True,135.0,2.0,1.1,1.2,1.0,1.0,1.0,1.1,700.0,48.0,700.0,48.0,1.0,1,False,1.0,3.0,68.0,45.0,0.0,32.0,True,True,False,False,True,12.0,1,False,0.0,0.0,255,DISC,DISC,0.0,0.0,0.0,0.0,250.0,750.0,35.0,305.0,0.0
415.0,55.0,550.0,67.0,105.0,43.0,570.0,73.0,620.0,48.0,40.0,34.0,37.0,27.0,27.0,14.0,15.0,CARBON,28.0,58.0,48.0,330.0,350.0,0.0,0.0,False,False,135.0,2.0,1.0,1.2,1.0,0.9,0.9,1.0,680.0,45.0,680.0,45.0,1.0,2,False,1.0,3.0,68.0,45.0,0.0,30.0,False,True,False,False,True,10.0,1,False,0.0,50.0,150,DISC,DISC,0.0,0.0,0.0,0.0,260.0,740.0,34.0,290.0,1.0
390.0,68.0,560.0,66.8,118.0,49.0,595.0,74.5,638.0,54.0,42.0,37.0,40.0,30.0,30.0,13.0,15.0,ALUMINIUM,34.0,57.0,49.0,330.0,350.0,0.0,0.0,False,False,135.0,2.5,1.3,1.5,1.2,1.0,1.0,1.3,700.0,50.0,700.0,50.0,1.0,1,False,1.0,3.0,70.0,50.0,0.0,32.0,False,True,False,False,True,12.0,2,False,100.0,100.0,255,DISC,DISC,0.0,0.0,0.0,0.0,248.0,770.0,36.0,320.0,2.0
402.0,59.0,545.0,67.2,107.0,47.0,588.0,73.8,628.0,49.0,40.0,36.0,39.0,29.0,29.0,14.0,15.0,BAMBOO,29.0,60.0,50.0,330.0,350.0,0.0,0.0,False,False,135.0,2.0,1.0,1.2,1.0,1.0,1.0,1.1,680.0,45.0,680.0,45.0,1.0,2,False,1.0,3.0,68.0,45.0,0.0,31.8,True,True,False,False,True,11.0,1,False,0.0,128.0,255,DISC,DISC,0.0,0.0,0.0,0.0,252.0,757.0,35.0,300.0,1.0
412.0,61.0,552.0,67.5,110.0,46.0,580.0,73.0,632.0,51.0,40.0,35.0,38.0,28.0,28.0,13.5,15.0,STEEL,30.0,59.0,49.0,330.0,350.0,0.0,0.0,False,False,135.0,2.5,1.2,1.2,1.1,1.0,1.0,1.2,690.0,50.0,690.0,50.0,1.0,1,False,1.0,3.0,68.0,45.0,0.0,32.0,True,False,False,False,True,10.0,1,False,25.0,200.0,255,DISC,DISC,0.0,0.0,0.0,0.0,247.0,743.0,35.0,295.0,1.0
405.0,63.0,565.0,66.8,112.0,48.0,592.0,74.2,637.0,53.0,41.0,36.0,38.0,29.0,29.0,13.2,15.0,CARBON,33.0,61.0,51.0,330.0,350.0,0.0,0.0,False,False,135.0,2.0,1.1,1.2,1.0,1.0,1.0,1.1,700.0,52.0,700.0,52.0,1.0,1,False,1.0,3.0,68.0,45.0,0.0,31.8,True,True,False,False,True,12.0,1,False,0.0,0.0,255,DISC,DISC,0.0,0.0,0.0,0.0,250.0,760.0,35.0,305.0,1.0
425.0,35.0,560.0,67.0,120.0,60.0,550.0,73.0,620.0,45.0,45.0,30.0,36.0,30.0,28.0,15.0,10.0,ALUMINIUM,25.0,50.0,30.0,330.0,350.0,16.0,18.0,False,False,135.0,2.5,1.5,2.0,2.0,1.5,1.5,2.0,736.0,45.0,736.0,45.0,1.0,2,False,1.0,1.0,68.0,50.0,0.0,34.9,False,True,False,False,True,12.0,1,False,30.0,144.0,255,SPOKED,SPOKED,0.0,0.0,0.0,0.0,285.0,760.0,36.0,300.0,1.0
430.0,25.0,580.0,66.0,140.0,65.0,600.0,74.0,640.0,50.0,45.0,32.0,38.0,32.0,28.0,16.0,12.0,CARBON,28.0,55.0,35.0,335.0,355.0,15.0,17.0,False,False,142.0,1.5,1.2,1.8,2.0,1.2,1.2,1.8,736.0,50.0,736.0,50.0,1.0,2,False,1.0,1.0,70.0,52.0,0.0,35.0,False,True,False,False,True,11.0,1,False,0.0,191.0,255,SPOKED,SPOKED,0.0,0.0,0.0,0.0,295.0,780.0,38.0,350.0,1.0
420.0,35.0,550.0,67.5,130.0,60.0,550.0,73.5,630.0,44.0,45.0,28.0,34.0,28.0,26.0,15.0,9.0,STEEL,26.0,50.0,32.0,332.0,352.0,16.0,18.0,False,False,135.0,3.0,2.0,3.0,3.0,2.0,2.0,3.0,736.0,45.0,736.0,45.0,1.0,2,False,1.0,1.0,68.0,50.0,0.0,34.9,False,True,False,False,True,10.0,1,False,205.0,133.0,63,SPOKED,SPOKED,0.0,0.0,0.0,0.0,290.0,750.0,34.0,300.0,1.0
415.0,30.0,565.0,66.5,125.0,62.0,560.0,73.0,635.0,46.0,45.0,30.0,36.0,30.0,28.0,15.0,10.0,TITANIUM,27.0,52.0,33.0,333.0,353.0,16.0,18.0,False,False,135.0,2.2,1.8,2.5,2.5,1.8,1.8,2.5,736.0,45.0,736.0,45.0,1.0,2,False,1.0,1.0,70.0,52.0,0.0,35.0,False,True,False,False,True,12.0,1,False,72.0,209.0,204,DISC,SPOKED,0.0,0.0,0.0,0.0,295.0,770.0,36.0,320.0,1.0
430.0,40.0,540.0,68.0,110.0,58.0,540.0,74.0,600.0,42.0,45.0,35.0,40.0,35.0,30.0,16.0,11.0,BAMBOO,24.0,48.0,28.0,328.0,348.0,16.0,18.0,False,False,135.0,2.0,2.0,2.0,2.5,2.0,2.0,2.0,736.0,45.0,736.0,45.0,1.0,1,False,1.0,1.0,68.0,50.0,0.0,36.0,False,True,False,False,True,9.0,1,False,32.0,178.0,170,SPOKED,SPOKED,0.0,0.0,0.0,0.0,290.0,740.0,40.0,300.0,1.0
425.0,32.0,555.0,67.0,115.0,60.0,555.0,73.5,625.0,45.0,45.0,30.0,36.0,30.0,28.0,15.0,10.0,OTHER,26.0,51.0,31.0,331.0,351.0,17.0,19.0,True,True,142.0,2.5,1.5,2.0,2.0,1.5,1.5,2.0,736.0,45.0,736.0,45.0,1.0,0,False,1.0,3.0,68.0,50.0,0.0,35.0,True,True,False,False,True,11.0,2,False,0.0,191.0,255,SPOKED,SPOKED,0.0,0.0,0.0,0.0,300.0,760.0,36.0,310.0,2.0
435.0,28.0,570.0,66.0,135.0,68.0,580.0,74.5,650.0,49.0,45.0,32.0,38.0,32.0,30.0,16.0,12.0,CARBON,29.0,54.0,34.0,334.0,354.0,16.0,18.0,False,False,135.0,1.4,1.2,1.6,1.8,1.2,1.2,1.6,736.0,55.0,736.0,55.0,1.0,2,False,1.0,1.0,70.0,52.0,0.0,36.0,False,True,False,False,True,12.0,1,False,100.0,149.0,237,DISC,DISC,0.0,0.0,0.0,0.0,292.0,775.0,38.0,330.0,1.0
440.0,38.0,545.0,68.0,118.0,59.0,545.0,73.0,615.0,43.0,45.0,29.0,35.0,29.0,27.0,15.0,10.0,ALUMINIUM,25.0,49.0,29.0,329.0,349.0,15.0,17.0,False,False,135.0,2.2,1.6,2.0,2.0,1.6,1.6,2.0,736.0,45.0,736.0,45.0,1.0,2,False,1.0,1.0,65.0,48.0,0.0,34.0,True,True,False,False,True,10.0,2,False,0.0,206.0,209,SPOKED,SPOKED,0.0,0.0,0.0,0.0,288.0,745.0,35.0,305.0,1.0
425.0,36.0,555.0,67.0,128.0,64.0,565.0,73.0,620.0,45.0,45.0,31.0,36.0,31.0,29.0,15.0,10.0,STEEL,27.0,52.0,32.0,332.0,352.0,16.0,18.0,False,False,135.0,3.0,2.0,3.0,3.0,2.0,2.0,3.0,736.0,45.0,736.0,45.0,1.0,2,False,1.0,1.0,68.0,50.0,0.0,35.0,False,True,False,False,True,11.0,1,False,47.0,79.0,79,SPOKED,SPOKED,0.0,0.0,0.0,0.0,293.0,758.0,36.0,312.0,1.0
435.0,42.0,535.0,68.5,105.0,57.0,535.0,74.0,605.0,42.0,45.0,34.0,39.0,34.0,29.0,16.0,11.0,BAMBOO,23.0,47.0,27.0,327.0,347.0,16.0,18.0,False,False,135.0,2.0,2.0,2.0,2.5,2.0,2.0,2.0,736.0,45.0,736.0,45.0,1.0,2,False,1.0,1.0,68.0,50.0,0.0,35.0,False,True,False,False,True,9.0,1,False,0.0,128.0,128,SPOKED,SPOKED,0.0,0.0,0.0,0.0,287.0,735.0,39.0,280.0,1.0
480.0,30.0,650.0,67.0,120.0,60.0,450.0,73.0,660.0,45.0,45.0,28.6,36.5,25.0,17.0,13.0,15.0,CARBON,40.0,50.0,50.0,330.0,350.0,18.0,20.0,True,True,142.0,2.5,1.1,1.2,1.1,1.2,1.0,1.1,690.0,50.0,690.0,50.0,1.0,0,False,1.0,1.0,73.0,50.0,0.0,34.9,True,True,False,False,True,12.0,1,False,0.0,160.0,200,SPOKED,SPOKED,1.0,1.0,80.0,80.0,280.0,770.0,34.9,330.0,1.0
490.0,25.0,630.0,66.5,110.0,70.0,460.0,72.5,655.0,48.0,42.0,30.0,36.5,26.0,16.0,12.0,14.0,ALUMINIUM,35.0,45.0,45.0,320.0,348.0,17.0,19.0,False,True,145.0,2.0,1.0,1.1,1.0,1.1,1.0,1.2,680.0,45.0,680.0,45.0,1.0,1,False,1.0,1.0,68.0,48.0,0.0,34.9,True,False,False,False,True,11.0,1,False,10.0,150.0,210,SPOKED,SPOKED,1.0,1.0,80.0,80.0,275.0,760.0,34.9,320.0,1.0
485.0,35.0,670.0,68.0,130.0,55.0,440.0,73.5,670.0,42.0,46.0,28.6,36.5,24.0,18.0,14.0,16.0,BAMBOO,45.0,55.0,52.0,335.0,352.0,16.0,18.0,True,False,142.0,2.5,1.2,1.3,1.2,1.2,1.1,1.2,695.0,52.0,695.0,52.0,1.0,2,False,1.0,1.0,73.0,52.0,0.0,34.9,True,True,False,False,True,12.0,1,False,20.0,145.0,190,SPOKED,SPOKED,1.0,1.0,80.0,80.0,290.0,780.0,34.9,350.0,1.0
475.0,28.0,640.0,67.5,115.0,65.0,455.0,72.8,645.0,46.0,44.0,32.0,36.5,27.0,16.5,13.5,14.5,STEEL,38.0,48.0,48.0,328.0,348.0,17.5,19.5,False,True,148.0,2.0,1.0,1.0,1.0,1.2,1.1,1.0,685.0,48.0,685.0,48.0,1.0,1,False,1.0,1.0,68.0,48.0,0.0,34.9,False,True,False,False,True,10.0,1,False,0.0,165.0,200,SPOKED,SPOKED,1.0,1.0,80.0,80.0,290.0,750.0,34.9,340.0,1.0
495.0,32.0,660.0,66.0,140.0,50.0,470.0,73.2,675.0,44.0,47.0,29.5,36.5,28.0,17.5,13.0,15.5,CARBON,50.0,60.0,60.0,340.0,355.0,18.0,21.0,True,True,142.0,2.5,1.1,1.2,1.1,1.3,1.2,1.1,690.0,50.0,690.0,50.0,1.0,0,False,1.0,3.0,73.0,55.0,0.0,34.9,True,True,False,False,True,12.0,1,False,15.0,140.0,205,DISC,SPOKED,1.0,1.0,80.0,80.0,285.0,780.0,34.9,350.0,1.0
470.0,29.0,620.0,67.0,100.0,80.0,430.0,72.0,650.0,50.0,42.0,28.6,36.5,23.5,15.5,12.5,15.0,ALUMINIUM,32.0,42.0,42.0,325.0,345.0,16.5,18.5,False,False,135.0,2.0,0.9,1.0,0.9,1.0,0.9,1.0,680.0,45.0,680.0,45.0,1.0,1,False,1.0,1.0,68.0,45.0,0.0,34.9,True,False,False,False,True,11.0,2,False,5.0,150.0,195,TRISPOKE,SPOKED,1.0,1.0,90.0,80.0,280.0,740.0,34.9,310.0,1.0
500.0,30.0,655.0,67.8,125.0,60.0,465.0,73.0,668.0,47.0,48.0,30.0,36.5,26.5,16.8,13.2,15.2,STEEL,42.0,52.0,55.0,332.0,350.0,17.2,19.8,True,True,142.0,2.2,1.1,1.2,1.1,1.1,1.0,1.1,695.0,50.0,695.0,50.0,1.0,2,False,1.0,1.0,73.0,50.0,0.0,34.9,False,True,False,False,True,12.0,1,False,2.0,170.0,195,SPOKED,SPOKED,1.0,1.0,80.0,80.0,295.0,760.0,34.9,325.0,1.0
485.0,34.0,685.0,66.2,135.0,55.0,480.0,73.6,680.0,43.0,47.0,29.0,36.5,25.5,17.2,13.8,15.8,CARBON,48.0,58.0,58.0,338.0,354.0,18.8,20.2,True,False,142.0,2.4,1.2,1.3,1.2,1.3,1.2,1.2,690.0,50.0,690.0,50.0,1.0,0,False,1.0,1.0,73.0,53.0,0.0,34.9,False,True,False,False,True,11.0,1,False,8.0,155.0,205,SPOKED,SPOKED,1.0,1.0,85.0,85.0,285.0,770.0,34.9,345.0,1.0
465.0,27.0,625.0,67.2,105.0,75.0,430.0,72.3,640.0,49.0,43.0,28.6,36.5,24.5,15.8,12.8,15.1,BAMBOO,34.0,44.0,44.0,327.0,347.0,16.2,18.2,False,False,135.0,2.1,0.9,1.0,0.9,1.0,0.9,1.0,680.0,45.0,680.0,45.0,1.0,1,False,1.0,1.0,68.0,46.0,0.0,34.9,True,False,False,False,True,10.0,2,False,12.0,160.0,185,SPOKED,SPOKED,1.0,1.0,80.0,80.0,270.0,740.0,34.9,310.0,1.0
475.0,31.0,675.0,66.8,128.0,58.0,450.0,73.4,672.0,46.0,46.0,28.6,36.5,25.0,17.0,13.3,15.3,ALUMINIUM,44.0,54.0,54.0,333.0,353.0,17.8,19.6,True,True,142.0,2.3,1.1,1.2,1.1,1.2,1.1,1.1,690.0,50.0,690.0,50.0,1.0,2,False,1.0,3.0,73.0,54.0,0.0,34.9,True,True,False,False,True,12.0,1,False,18.0,150.0,198,SPOKED,SPOKED,1.0,1.0,85.0,85.0,288.0,775.0,34.9,350.0,2.0
395,65,620,73.5,155,45.0,540.0,74.0,635.0,45.0,45.0,30.0,36.0,23.0,24.0,13.0,15,STEEL,30.0,60.0,50.0,330.0,350.0,16.0,18,False,False,135.0,2.0,0.9,1.1,0.9,1.2,1.0,0.9,680.0,56.0,680.0,56.0,1.0,1,False,1.0,1.0,70.0,45.0,0.0,31.8,True,True,True,True,True,12.0,1,False,30.0,144.0,255,SPOKED,SPOKED,0.0,0.0,80.0,80.0,300.0,780.0,35.0,350.0,1.0
410,60,630,74.0,140,50.0,550.0,73.0,640.0,50.0,50.0,32.0,34.0,22.0,23.0,15.0,14,ALUMINIUM,32.0,70.0,48.0,340.0,345.0,15.0,17,True,True,130.0,2.0,1.0,1.2,1.0,1.3,1.1,1.0,674.0,54.0,674.0,54.0,1.0,2,False,1.0,1.0,68.0,46.0,0.0,33.0,True,True,False,False,True,12.0,2,False,0.0,127.0,255,SPOKED,SPOKED,0.0,0.0,80.0,80.0,305.0,760.0,36.0,340.0,1.0
400,55,640,72.5,130,40.0,530.0,75.0,650.0,42.0,35.0,28.0,40.0,24.0,25.0,14.0,16,CARBON,28.0,65.0,45.0,335.0,340.0,14.0,17,True,True,135.0,1.5,1.0,1.0,1.0,1.2,1.0,1.0,680.0,52.0,680.0,52.0,1.0,0,False,1.0,2.0,68.0,44.0,0.0,32.0,False,True,True,False,True,11.0,1,False,135.0,206.0,235,SPOKED,SPOKED,0.0,0.0,80.0,80.0,320.0,780.0,34.0,360.0,2.0
455,62,610,74.0,160,45.0,545.0,73.5,620.0,47.0,45.0,29.0,36.0,23.4,24.5,13.5,15,BAMBOO,35.0,55.0,52.0,338.0,343.0,16.0,18,False,False,135.0,1.8,1.0,1.1,1.1,1.2,1.0,1.0,680.0,56.0,680.0,56.0,1.0,1,False,1.0,1.0,70.0,45.0,0.0,32.0,False,True,True,True,True,11.0,2,False,0.0,100.0,200,SPOKED,SPOKED,0.0,0.0,80.0,80.0,300.0,770.0,35.0,350.0,1.0
420,67,625,73.0,150,50.0,550.0,73.8,630.0,46.0,40.0,30.0,36.0,23.5,23.5,13.0,15,TITANIUM,33.0,68.0,48.0,335.0,345.0,15.0,18,True,False,135.0,1.8,0.9,1.1,1.0,1.2,1.0,1.0,674.0,54.0,674.0,54.0,1.0,2,False,1.0,3.0,68.0,45.0,0.0,31.8,True,True,False,False,True,10.0,1,False,100.0,149.0,237,SPOKED,SPOKED,0.0,0.0,80.0,80.0,310.0,765.0,34.0,345.0,2.0
385,70,600,73.2,145,48.0,540.0,74.0,640.0,45.0,45.0,30.0,36.0,23.0,24.0,13.0,15,ALUMINIUM,29.0,64.0,47.0,338.0,344.0,16.0,18,True,True,135.0,2.0,1.0,1.1,1.0,1.2,1.0,1.0,674.0,50.0,674.0,50.0,1.0,1,False,1.0,1.0,68.0,46.0,0.0,32.0,False,False,False,False,True,12.0,2,True,0.0,0.0,0,SPOKED,SPOKED,0.0,0.0,80.0,80.0,300.0,760.0,35.0,330.0,1.0
390,68,610,73.8,150,48.0,545.0,74.0,635.0,46.0,45.0,30.0,36.0,23.0,24.0,13.0,15,OTHER,30.0,65.0,49.0,337.0,342.0,16.0,18,False,False,135.0,2.0,0.9,1.1,1.0,1.2,1.0,1.0,680.0,52.0,680.0,52.0,1.0,0,False,1.0,1.0,69.0,45.0,0.0,32.0,False,True,True,False,True,11.0,1,False,119.0,136.0,153,SPOKED,SPOKED,0.0,0.0,80.0,80.0,305.0,770.0,34.5,350.0,1.0
405,64,630,73.0,155,45.0,550.0,73.0,645.0,47.0,50.0,32.0,36.0,23.5,24.5,13.0,15,STEEL,32.0,70.0,50.0,338.0,343.0,16.0,18,True,True,135.0,2.0,0.9,1.1,1.0,1.2,1.0,1.0,690.0,55.0,690.0,55.0,1.0,2,False,1.0,3.0,68.0,47.0,0.0,32.0,True,False,True,True,True,12.0,1,False,255.0,69.0,0,SPOKED,SPOKED,0.0,0.0,80.0,80.0,310.0,780.0,36.0,360.0,2.0
395,65,640,72.7,140,40.0,535.0,75.0,650.0,43.0,40.0,26.0,38.0,24.0,24.0,14.0,14,CARBON,28.0,66.0,46.0,336.0,341.0,14.0,17,True,False,135.0,1.0,0.9,1.0,1.0,1.2,1.0,1.0,680.0,50.0,680.0,50.0,1.0,1,False,1.0,2.0,68.0,44.0,0.0,32.0,False,False,False,False,True,11.0,2,False,169.0,169.0,169,SPOKED,SPOKED,0.0,0.0,80.0,80.0,300.0,780.0,34.0,360.0,1.0
410,63,650,73.3,150,46.0,560.0,73.5,655.0,46.0,45.0,31.0,36.0,23.5,24.0,13.0,15,TITANIUM,34.0,67.0,49.0,338.0,344.0,15.0,18,False,True,135.0,1.8,0.9,1.1,1.0,1.2,1.0,1.0,682.0,54.0,682.0,54.0,1.0,2,False,1.0,3.0,68.0,46.0,0.0,32.0,True,True,False,False,True,12.0,1,True,25.0,25.0,112,SPOKED,SPOKED,0.0,0.0,80.0,80.0,315.0,780.0,35.0,370.0,2.0
440.0,65.0,600.0,74.0,130.0,45.0,560.0,73.0,650.0,50.0,40.0,30.0,35.0,37.0,25.0,15.0,9.0,CARBON,30.0,55.0,40.0,330.0,350.0,16.0,18.0,False,False,135.0,3.0,2.0,3.0,3.0,2.0,1.5,2.0,680.0,50.0,680.0,50.0,1.0,1,False,1.0,1.0,68.0,45.0,0.0,31.8,False,True,False,False,True,12.0,1,False,0.0,100.0,180,SPOKED,SPOKED,0.0,0.0,0.0,0.0,280.0,760.0,35.0,350.0,1.0
450.0,70.0,610.0,73.5,140.0,48.0,570.0,72.5,660.0,52.0,40.0,30.0,36.0,36.0,24.0,15.0,9.0,ALUMINIUM,32.0,50.0,42.0,330.0,350.0,16.0,18.0,False,False,135.0,3.0,2.0,3.0,3.0,2.0,1.5,2.0,680.0,50.0,680.0,50.0,1.0,1,False,1.0,1.0,68.0,45.0,0.0,31.8,False,True,False,False,True,12.0,1,False,0.0,110.0,170,SPOKED,SPOKED,0.0,0.0,0.0,0.0,285.0,755.0,36.0,340.0,1.0
460.0,68.0,620.0,73.0,135.0,50.0,580.0,73.5,655.0,48.0,40.0,32.0,37.0,38.0,23.0,15.0,9.0,STEEL,28.0,58.0,38.0,330.0,350.0,16.0,18.0,False,False,135.0,3.0,2.0,3.0,3.0,2.0,1.5,2.0,680.0,50.0,680.0,50.0,1.0,1,False,1.0,1.0,68.0,45.0,0.0,31.8,False,True,False,False,True,12.0,1,False,0.0,120.0,160,SPOKED,SPOKED,0.0,0.0,0.0,0.0,290.0,780.0,37.0,360.0,1.0
470.0,60.0,590.0,74.5,120.0,42.0,555.0,72.0,645.0,51.0,40.0,29.0,35.0,36.0,22.0,15.0,9.0,TITANIUM,34.0,52.0,45.0,330.0,350.0,16.0,18.0,False,False,135.0,3.0,2.0,3.0,3.0,2.0,1.5,2.0,680.0,50.0,680.0,50.0,1.0,1,False,1.0,1.0,68.0,45.0,0.0,31.8,False,True,False,False,True,12.0,1,False,10.0,130.0,150,SPOKED,SPOKED,0.0,0.0,0.0,0.0,275.0,750.0,35.0,330.0,1.0
480.0,75.0,630.0,73.8,150.0,46.0,565.0,73.2,670.0,55.0,40.0,31.0,33.0,35.0,24.0,15.0,9.0,CARBON,33.0,60.0,43.0,330.0,350.0,16.0,18.0,False,False,135.0,3.0,2.0,3.0,3.0,2.0,1.5,2.0,680.0,50.0,680.0,50.0,1.0,1,False,1.0,1.0,68.0,45.0,0.0,31.8,False,True,False,False,True,12.0,1,False,10.0,115.0,155,SPOKED,SPOKED,0.0,0.0,0.0,0.0,285.0,770.0,33.0,370.0,1.0
445.0,65.0,605.0,73.2,125.0,44.0,572.0,72.8,648.0,49.0,40.0,28.6,36.5,37.5,23.5,15.0,9.0,ALUMINIUM,31.0,54.0,41.0,330.0,350.0,16.0,18.0,False,False,135.0,3.0,2.0,3.0,3.0,2.0,1.5,2.0,680.0,50.0,680.0,50.0,1.0,1,False,1.0,1.0,68.0,45.0,0.0,31.8,False,True,False,False,True,12.0,1,False,5.0,125.0,165,SPOKED,SPOKED,0.0,0.0,0.0,0.0,278.0,765.0,36.5,345.0,1.0
455.0,70.0,615.0,73.6,145.0,47.0,577.0,73.4,663.0,53.0,40.0,30.5,36.5,36.5,24.5,15.0,9.0,BAMBOO,29.0,57.0,39.0,330.0,350.0,16.0,18.0,False,False,135.0,3.0,2.0,3.0,3.0,2.0,1.5,2.0,680.0,50.0,680.0,50.0,1.0,1,False,1.0,1.0,68.0,45.0,0.0,31.8,False,True,False,False,True,12.0,1,False,0.0,140.0,140,SPOKED,SPOKED,0.0,0.0,0.0,0.0,282.0,775.0,36.5,355.0,1.0
465.0,72.0,625.0,73.4,155.0,49.0,562.0,73.1,658.0,50.0,40.0,31.5,36.8,35.8,23.8,15.0,9.0,STEEL,32.0,56.0,44.0,330.0,350.0,16.0,18.0,False,False,135.0,3.0,2.0,3.0,3.0,2.0,1.5,2.0,680.0,50.0,680.0,50.0,1.0,1,False,1.0,1.0,68.0,45.0,0.0,31.8,False,True,False,False,True,12.0,1,False,0.0,150.0,130,SPOKED,SPOKED,0.0,0.0,0.0,0.0,288.0,772.0,36.8,365.0,1.0
475.0,68.0,595.0,74.1,138.0,43.0,558.0,72.6,642.0,54.0,40.0,29.5,35.5,35.0,22.5,15.0,9.0,TITANIUM,30.0,51.0,37.0,330.0,350.0,16.0,18.0,False,False,135.0,3.0,2.0,3.0,3.0,2.0,1.5,2.0,680.0,50.0,680.0,50.0,1.0,1,False,1.0,1.0,68.0,45.0,0.0,31.8,False,True,False,False,True,12.0,1,False,0.0,155.0,125,SPOKED,SPOKED,0.0,0.0,0.0,0.0,279.0,758.0,35.5,338.0,1.0
452.0,67.0,612.0,73.3,142.0,46.0,571.0,73.3,660.0,52.0,40.0,30.2,36.2,37.2,24.2,15.0,9.0,OTHER,31.5,53.0,42.5,330.0,350.0,16.0,18.0,False,False,135.0,3.0,2.0,3.0,3.0,2.0,1.5,2.0,680.0,50.0,680.0,50.0,1.0,1,False,1.0,1.0,68.0,45.0,0.0,31.8,False,True,False,False,True,12.0,1,False,0.0,160.0,120,SPOKED,SPOKED,0.0,0.0,0.0,0.0,286.0,768.0,36.2,372.0,1.0
460.0,40.0,580.0,67.0,120.0,45.0,520.0,73.0,610.0,50.0,40.0,28.6,36.5,30.0,30.0,13.0,15.0,ALUMINIUM,30.0,40.0,35.0,330.0,350.0,16.0,18.0,False,False,135.0,2.0,0.9,1.1,0.9,1.2,1.0,0.9,674.0,52.0,674.0,52.0,1.0,1,False,1.0,1.0,68.0,45.0,0.0,31.8,True,True,False,False,True,11.0,1,False,64.0,164.0,223,SPOKED,SPOKED,0.0,0.0,0.0,0.0,280.0,600.0,34.9,300.0,1.0
450.0,42.0,590.0,68.0,140.0,45.0,540.0,72.0,620.0,55.0,40.0,28.6,36.5,30.0,30.0,13.0,15.0,ALUMINIUM,32.0,42.0,36.0,330.0,350.0,16.0,18.0,False,False,135.0,2.0,0.9,1.1,0.9,1.2,1.0,0.9,674.0,52.0,674.0,52.0,1.0,1,False,1.0,1.0,68.0,45.0,0.0,31.8,False,True,False,False,True,11.0,1,False,64.0,164.0,223,SPOKED,SPOKED,0.0,0.0,0.0,0.0,280.0,600.0,34.9,300.0,1.0
480.0,35.0,565.0,66.5,110.0,45.0,530.0,74.0,600.0,45.0,40.0,28.6,36.5,30.0,30.0,13.0,15.0,CARBON,28.0,38.0,33.0,330.0,350.0,16.0,18.0,False,False,135.0,2.0,0.9,1.1,0.9,1.2,1.0,0.9,674.0,52.0,674.0,52.0,1.0,1,False,1.0,1.0,68.0,45.0,0.0,31.8,True,False,False,False,True,11.0,1,False,64.0,164.0,223,SPOKED,SPOKED,0.0,0.0,0.0,0.0,280.0,600.0,34.9,300.0,1.0
470.0,40.0,575.0,67.5,130.0,45.0,525.0,73.5,605.0,50.0,40.0,28.6,36.5,30.0,30.0,13.0,15.0,ALUMINIUM,28.0,38.0,34.0,330.0,350.0,16.0,18.0,False,False,135.0,2.0,0.9,1.1,0.9,1.2,1.0,0.9,674.0,52.0,674.0,52.0,1.0,1,False,1.0,1.0,68.0,45.0,0.0,31.8,False,False,False,False,True,10.0,2,False,64.0,164.0,223,SPOKED,SPOKED,0.0,0.0,0.0,0.0,280.0,600.0,34.9,300.0,1.0
490.0,38.0,585.0,67.0,125.0,45.0,535.0,72.5,615.0,52.0,40.0,28.6,36.5,30.0,30.0,13.0,15.0,ALUMINIUM,31.0,43.0,36.0,330.0,350.0,16.0,18.0,False,False,135.0,2.0,0.9,1.1,0.9,1.2,1.0,0.9,674.0,52.0,674.0,52.0,1.0,2,False,1.0,1.0,68.0,45.0,0.0,31.8,True,True,False,False,True,11.0,1,True,64.0,164.0,223,SPOKED,SPOKED,0.0,0.0,0.0,0.0,280.0,600.0,34.9,300.0,1.0
455.0,42.0,570.0,68.5,115.0,45.0,545.0,73.2,610.0,48.0,40.0,28.6,36.5,30.0,30.0,13.0,15.0,ALUMINIUM,29.0,39.0,35.0,330.0,350.0,16.0,18.0,False,False,135.0,2.0,0.9,1.1,0.9,1.2,1.0,0.9,674.0,52.0,674.0,52.0,1.0,0,False,1.0,1.0,68.0,45.0,0.0,31.8,False,True,False,False,True,11.0,1,False,64.0,164.0,223,SPOKED,SPOKED,0.0,0.0,0.0,0.0,280.0,600.0,34.9,300.0,1.0
460.0,45.0,590.0,67.8,135.0,45.0,550.0,72.8,620.0,53.0,40.0,28.6,36.5,30.0,30.0,13.0,15.0,ALUMINIUM,33.0,44.0,37.0,330.0,350.0,16.0,18.0,False,False,135.0,2.0,0.9,1.1,0.9,1.2,1.0,0.9,674.0,52.0,674.0,52.0,1.0,1,False,1.0,1.0,68.0,45.0,0.0,31.8,True,False,False,False,True,12.0,1,False,64.0,164.0,223,SPOKED,SPOKED,0.0,0.0,0.0,0.0,280.0,600.0,34.9,300.0,1.0
475.0,40.0,580.0,66.8,120.0,45.0,525.0,73.6,605.0,50.0,40.0,28.6,36.5,30.0,30.0,13.0,15.0,ALUMINIUM,27.0,37.0,32.0,330.0,350.0,16.0,18.0,False,False,135.0,2.0,0.9,1.1,0.9,1.2,1.0,0.9,674.0,52.0,674.0,52.0,1.0,2,False,1.0,1.0,68.0,45.0,0.0,31.8,True,True,False,False,True,11.0,2,False,64.0,164.0,223,SPOKED,SPOKED,0.0,0.0,0.0,0.0,280.0,600.0,34.9,300.0,1.0
485.0,37.0,595.0,67.2,128.0,45.0,540.0,72.4,618.0,52.0,40.0,28.6,36.5,30.0,30.0,13.0,15.0,ALUMINIUM,29.0,41.0,35.0,330.0,350.0,16.0,18.0,False,False,135.0,2.0,0.9,1.1,0.9,1.2,1.0,0.9,674.0,52.0,674.0,52.0,1.0,0,False,1.0,1.0,68.0,45.0,0.0,31.8,False,True,False,False,True,10.0,1,False,64.0,164.0,223,SPOKED,SPOKED,0.0,0.0,0.0,0.0,280.0,600.0,34.9,300.0,1.0
465.0,39.0,585.0,67.4,122.0,45.0,532.0,73.1,612.0,51.0,40.0,28.6,36.5,30.0,30.0,13.0,15.0,ALUMINIUM,30.0,40.0,35.0,330.0,350.0,16.0,18.0,False,False,135.0,2.0,0.9,1.1,0.9,1.2,1.0,0.9,674.0,52.0,674.0,52.0,1.0,1,False,1.0,1.0,68.0,45.0,0.0,31.8,False,False,False,False,True,11.0,1,False,64.0,164.0,223,SPOKED,SPOKED,0.0,0.0,0.0,0.0,280.0,600.0,34.9,300.0,1.0
430.0,50.0,580.0,67.0,150.0,45.0,580.0,73.0,640.0,45.0,45.0,28.6,36.5,36.5,23.35,13.0,15.0,ALUMINIUM,40.0,50.0,50.0,330.0,350.0,16.0,18.0,False,False,135.0,2.2,1.6,2.5,2.2,2.0,1.8,2.2,674.0,52.0,674.0,52.0,1.0,2,False,1.0,3.0,68.0,45.0,0.0,31.8,True,True,False,False,True,12.0,1,False,0.0,123.0,167,SPOKED,SPOKED,0.0,0.0,80.0,80.0,300.0,760.0,34.9,350.0,1.0
440.0,55.0,590.0,68.0,160.0,50.0,600.0,74.0,650.0,45.0,45.0,33.6,36.5,36.5,23.35,13.0,15.0,CARBON,45.0,55.0,55.0,330.0,350.0,16.0,18.0,False,False,135.0,2.0,1.4,2.0,2.0,1.8,1.2,2.0,674.0,52.0,674.0,52.0,1.0,1,False,1.0,3.0,68.0,45.0,0.0,31.8,True,True,False,False,True,11.0,1,False,0.0,123.0,167,SPOKED,SPOKED,0.0,0.0,80.0,80.0,300.0,750.0,34.9,360.0,1.0
420.0,50.0,570.0,66.5,140.0,50.0,570.0,73.5,630.0,45.0,45.0,28.6,28.6,36.5,23.35,13.0,15.0,STEEL,35.0,45.0,45.0,330.0,350.0,16.0,18.0,True,True,135.0,2.2,1.6,2.5,2.2,2.0,1.8,2.2,674.0,52.0,674.0,52.0,1.0,0,False,0.0,1.0,68.0,45.0,0.0,31.8,False,True,True,False,True,10.0,2,True,0.0,123.0,167,SPOKED,SPOKED,0.0,0.0,80.0,80.0,300.0,770.0,34.9,340.0,1.0
435.0,48.0,600.0,68.5,155.0,48.0,590.0,74.0,645.0,45.0,45.0,33.6,36.5,36.5,23.35,13.0,15.0,TITANIUM,42.0,52.0,52.0,330.0,350.0,16.0,18.0,False,True,135.0,1.8,1.5,2.0,1.8,1.8,1.5,1.8,674.0,52.0,674.0,52.0,1.0,2,False,1.0,2.0,68.0,45.0,0.0,31.8,True,True,False,False,True,11.0,1,False,0.0,123.0,167,DISC,DISC,0.0,0.0,80.0,80.0,300.0,760.0,34.9,360.0,2.0
425.0,52.0,570.0,67.5,145.0,47.0,580.0,73.5,635.0,45.0,45.0,33.6,36.5,36.5,23.35,13.0,15.0,CARBON,38.0,48.0,48.0,330.0,350.0,16.0,18.0,False,False,135.0,1.8,1.2,2.0,1.8,1.6,1.2,1.8,674.0,52.0,674.0,52.0,1.0,1,False,1.0,3.0,68.0,45.0,0.0,31.8,True,False,False,False,True,12.0,1,False,0.0,123.0,167,TRISPOKE,SPOKED,1.0,0.0,60.0,80.0,300.0,755.0,34.9,370.0,1.0
450.0,60.0,620.0,69.0,170.0,52.0,620.0,74.0,660.0,45.0,45.0,33.6,36.5,36.5,23.35,13.0,15.0,ALUMINIUM,48.0,58.0,58.0,330.0,350.0,16.0,18.0,True,False,135.0,2.0,1.6,2.5,2.2,2.0,1.8,2.2,674.0,52.0,674.0,52.0,1.0,1,False,1.0,3.0,68.0,45.0,0.0,31.8,False,True,True,True,True,10.0,2,False,0.0,123.0,167,DISC,SPOKED,0.0,0.0,80.0,80.0,300.0,765.0,34.9,380.0,1.0
440.0,55.0,610.0,68.0,165.0,49.0,605.0,73.5,650.0,45.0,45.0,33.6,36.5,36.5,23.35,13.0,15.0,BAMBOO,46.0,56.0,56.0,330.0,350.0,16.0,18.0,False,True,135.0,2.0,1.6,2.5,2.2,2.0,1.8,2.2,674.0,52.0,674.0,52.0,1.0,0,False,1.0,1.0,68.0,45.0,0.0,31.8,False,False,False,False,True,11.0,1,False,0.0,123.0,167,SPOKED,DISC,0.0,0.0,80.0,80.0,300.0,770.0,34.9,350.0,1.0
415.0,52.0,590.0,66.0,135.0,44.0,565.0,73.0,620.0,45.0,45.0,28.6,28.6,36.5,23.35,13.0,15.0,STEEL,30.0,40.0,40.0,330.0,350.0,16.0,18.0,True,False,135.0,2.2,1.6,2.5,2.2,2.0,1.8,2.2,674.0,52.0,674.0,52.0,1.0,2,False,1.0,1.0,68.0,45.0,0.0,31.8,False,True,True,False,True,12.0,1,True,0.0,123.0,167,SPOKED,SPOKED,0.0,0.0,80.0,80.0,300.0,755.0,34.9,345.0,1.0
460.0,65.0,630.0,70.0,180.0,55.0,630.0,75.0,670.0,45.0,45.0,33.6,36.5,36.5,23.35,13.0,15.0,ALUMINIUM,50.0,60.0,60.0,330.0,350.0,16.0,18.0,False,False,135.0,2.0,1.6,2.5,2.2,2.0,1.8,2.2,674.0,52.0,674.0,52.0,1.0,1,False,1.0,3.0,68.0,45.0,0.0,31.8,True,True,False,False,True,10.0,2,False,0.0,123.0,167,DISC,DISC,0.0,0.0,80.0,80.0,300.0,765.0,34.9,375.0,1.0
420.0,45.0,560.0,66.5,130.0,43.0,550.0,73.5,620.0,45.0,45.0,33.6,36.5,36.5,23.35,13.0,15.0,TITANIUM,28.0,38.0,38.0,330.0,350.0,16.0,18.0,True,True,135.0,1.8,1.5,2.0,1.8,1.8,1.5,1.8,674.0,52.0,674.0,52.0,1.0,0,False,1.0,2.0,68.0,45.0,0.0,31.8,False,True,False,False,True,12.0,1,False,0.0,123.0,167,SPOKED,TRISPOKE,0.0,1.0,80.0,60.0,300.0,750.0,34.9,360.0,1.0
445.0,40.0,580.0,67.0,115.0,80.0,460.0,74.0,610.0,51.0,45.0,28.6,36.5,30.0,25.0,13.0,15.0,ALUMINIUM,32.0,48.0,42.0,330.0,350.0,16.0,18.0,False,False,142.0,2.5,1.5,1.5,1.5,1.5,1.5,1.5,674.0,52.0,674.0,52.0,1.0,1,False,1.0,1.0,68.0,45.0,0.0,34.9,False,True,False,False,True,12.0,1,False,70.0,130.0,180,SPOKED,SPOKED,0.0,0.0,0.0,0.0,280.0,750.0,36.5,350.0,1.0
438.0,42.0,575.0,66.5,108.0,75.0,450.0,74.5,605.0,50.0,45.0,28.6,36.5,30.0,25.0,13.0,15.0,CARBON,30.0,50.0,40.0,330.0,350.0,16.0,18.0,False,False,135.0,2.5,1.5,1.5,1.5,1.5,1.5,1.5,674.0,52.0,674.0,52.0,1.0,1,False,1.0,1.0,68.0,45.0,0.0,34.9,False,True,True,False,True,12.0,1,False,0.0,122.0,184,DISC,SPOKED,0.0,0.0,0.0,0.0,280.0,740.0,36.5,350.0,1.0
450.0,38.0,585.0,67.5,120.0,82.0,470.0,73.5,620.0,52.0,45.0,28.6,36.5,30.0,25.0,13.0,15.0,STEEL,35.0,52.0,38.0,330.0,350.0,16.0,18.0,False,False,142.0,2.5,1.5,1.5,1.5,1.5,1.5,1.5,674.0,52.0,674.0,52.0,1.0,1,False,1.0,1.0,68.0,45.0,0.0,34.9,True,False,False,False,True,12.0,1,False,100.0,149.0,237,SPOKED,SPOKED,0.0,0.0,0.0,0.0,280.0,760.0,36.5,360.0,1.0
430.0,44.0,570.0,68.0,110.0,79.0,458.0,74.0,615.0,48.0,45.0,28.6,36.5,30.0,25.0,13.0,15.0,TITANIUM,31.0,49.0,41.0,330.0,350.0,16.0,18.0,False,False,135.0,2.5,1.5,1.5,1.5,1.5,1.5,1.5,674.0,52.0,674.0,52.0,1.0,1,False,1.0,1.0,68.0,45.0,0.0,34.9,False,False,False,False,True,12.0,1,False,200.0,200.0,200,DISC,DISC,0.0,0.0,0.0,0.0,280.0,755.0,36.5,345.0,1.0
442.0,36.0,590.0,66.0,100.0,77.0,465.0,75.0,600.0,53.0,45.0,28.6,36.5,30.0,25.0,13.0,15.0,CARBON,29.0,46.0,44.0,330.0,350.0,16.0,18.0,False,False,142.0,2.5,1.5,1.5,1.5,1.5,1.5,1.5,674.0,52.0,674.0,52.0,1.0,1,False,1.0,1.0,68.0,45.0,0.0,34.9,False,True,True,False,True,12.0,1,False,0.0,100.0,0,TRISPOKE,SPOKED,1.0,0.0,80.0,0.0,280.0,740.0,36.5,350.0,1.0
445.0,39.0,565.0,67.0,112.0,81.0,455.0,74.5,605.0,50.0,45.0,28.6,36.5,30.0,25.0,13.0,15.0,ALUMINIUM,33.0,48.0,42.0,330.0,350.0,16.0,18.0,False,False,135.0,2.5,1.5,1.5,1.5,1.5,1.5,1.5,674.0,52.0,674.0,52.0,1.0,1,False,1.0,1.0,68.0,45.0,0.0,34.9,True,False,True,True,True,12.0,1,False,50.0,205.0,50,SPOKED,SPOKED,0.0,0.0,0.0,0.0,280.0,760.0,36.5,360.0,1.0
440.0,41.0,575.0,68.5,118.0,78.0,462.0,73.0,615.0,49.0,45.0,28.6,36.5,30.0,25.0,13.0,15.0,BAMBOO,34.0,51.0,43.0,330.0,350.0,16.0,18.0,False,False,142.0,2.5,1.5,1.5,1.5,1.5,1.5,1.5,674.0,52.0,674.0,52.0,1.0,1,False,1.0,1.0,68.0,45.0,0.0,34.9,False,False,False,False,True,12.0,1,False,160.0,82.0,45,SPOKED,SPOKED,0.0,0.0,0.0,0.0,280.0,755.0,36.5,345.0,1.0
435.0,37.0,590.0,66.8,105.0,76.0,468.0,74.2,614.0,51.0,45.0,28.6,36.5,30.0,25.0,13.0,15.0,CARBON,32.0,49.0,42.0,330.0,350.0,16.0,18.0,False,False,135.0,2.5,1.5,1.5,1.5,1.5,1.5,1.5,674.0,52.0,674.0,52.0,1.0,1,False,1.0,1.0,68.0,45.0,0.0,34.9,False,True,True,False,True,12.0,1,False,25.0,25.0,112,SPOKED,DISC,0.0,0.0,0.0,0.0,280.0,745.0,36.5,350.0,1.0
448.0,43.0,580.0,67.2,115.0,80.0,459.0,73.8,610.0,52.0,45.0,28.6,36.5,30.0,25.0,13.0,15.0,STEEL,33.0,50.0,41.0,330.0,350.0,16.0,18.0,False,False,142.0,2.5,1.5,1.5,1.5,1.5,1.5,1.5,674.0,52.0,674.0,52.0,1.0,1,False,1.0,1.0,68.0,45.0,0.0,34.9,False,True,False,False,True,12.0,1,False,72.0,61.0,139,SPOKED,SPOKED,0.0,0.0,0.0,0.0,280.0,750.0,36.5,350.0,1.0
442.0,42.0,575.0,66.3,102.0,74.0,464.0,74.7,615.0,50.0,45.0,28.6,36.5,30.0,25.0,13.0,15.0,ALUMINIUM,30.0,47.0,43.0,330.0,350.0,16.0,18.0,False,False,135.0,2.5,1.5,1.5,1.5,1.5,1.5,1.5,674.0,52.0,674.0,52.0,1.0,1,False,1.0,1.0,68.0,45.0,0.0,34.9,True,True,False,False,True,12.0,1,False,106.0,90.0,205,SPOKED,SPOKED,0.0,0.0,0.0,0.0,280.0,755.0,36.5,355.0,1.0
420.0,65.0,600.0,68.0,140.0,45.0,580.0,74.0,630.0,45.0,40.0,28.6,33.0,36.5,23.35,13.0,15.0,CARBON,30.0,50.0,45.0,330.0,350.0,16.0,18.0,False,False,135.0,2.0,0.9,1.1,0.9,1.2,1.0,0.9,680.0,52.0,680.0,52.0,1.0,1,False,1.0,1.0,68.0,45.0,0.0,31.8,True,True,False,False,True,12.0,1,False,0.0,123.0,167,SPOKED,SPOKED,0.0,0.0,80.0,80.0,278.0,700.0,34.9,300.0,1.0
430.0,60.0,620.0,69.0,130.0,40.0,570.0,73.5,640.0,42.0,42.0,30.0,32.0,36.5,23.35,13.0,15.0,ALUMINIUM,35.0,55.0,50.0,330.0,350.0,16.0,18.0,False,False,135.0,2.0,0.9,1.1,0.9,1.2,1.0,0.9,680.0,52.0,680.0,52.0,1.0,1,False,1.0,1.0,68.0,45.0,0.0,31.8,True,True,False,False,True,11.0,1,False,10.0,100.0,200,SPOKED,SPOKED,0.0,0.0,80.0,80.0,278.0,700.0,34.9,300.0,1.0
450.0,70.0,580.0,67.5,160.0,50.0,600.0,74.5,620.0,50.0,38.0,28.6,30.0,36.5,23.35,13.0,15.0,STEEL,40.0,48.0,55.0,330.0,350.0,16.0,18.0,False,False,135.0,2.0,0.9,1.1,0.9,1.2,1.0,0.9,680.0,52.0,680.0,52.0,1.0,1,False,1.0,1.0,68.0,45.0,0.0,31.8,True,True,False,False,True,10.0,2,False,20.0,110.0,210,SPOKED,SPOKED,0.0,0.0,80.0,80.0,278.0,700.0,34.9,300.0,1.0
440.0,65.0,610.0,68.5,120.0,35.0,590.0,73.0,635.0,45.0,40.0,32.0,28.6,36.5,23.35,13.0,15.0,TITANIUM,25.0,52.0,60.0,330.0,350.0,16.0,18.0,False,False,135.0,2.0,0.9,1.1,0.9,1.2,1.0,0.9,680.0,52.0,680.0,52.0,1.0,1,False,1.0,1.0,68.0,45.0,0.0,31.8,True,True,False,False,True,12.0,1,False,30.0,120.0,220,SPOKED,SPOKED,0.0,0.0,80.0,80.0,278.0,700.0,34.9,300.0,1.0
460.0,55.0,640.0,69.5,150.0,45.0,610.0,74.0,650.0,45.0,40.0,28.6,32.0,36.5,23.35,13.0,15.0,BAMBOO,38.0,58.0,45.0,330.0,350.0,16.0,18.0,False,False,135.0,2.0,0.9,1.1,0.9,1.2,1.0,0.9,680.0,52.0,680.0,52.0,1.0,1,False,1.0,1.0,68.0,45.0,0.0,31.8,True,True,False,False,True,11.0,1,False,40.0,130.0,230,SPOKED,SPOKED,0.0,0.0,80.0,80.0,278.0,700.0,34.9,300.0,1.0
475.0,68.0,555.0,67.0,170.0,30.0,565.0,73.8,625.0,50.0,40.0,30.0,33.0,36.5,23.35,13.0,15.0,CARBON,45.0,50.0,55.0,330.0,350.0,16.0,18.0,False,False,135.0,2.0,0.9,1.1,0.9,1.2,1.0,0.9,680.0,52.0,680.0,52.0,1.0,1,False,1.0,1.0,68.0,45.0,0.0,31.8,True,True,False,False,True,12.0,1,False,50.0,140.0,240,SPOKED,SPOKED,0.0,0.0,80.0,80.0,278.0,700.0,34.9,300.0,1.0
400.0,75.0,595.0,68.0,110.0,48.0,580.0,74.2,630.0,45.0,40.0,28.6,30.0,36.5,23.35,13.0,15.0,STEEL,32.0,47.0,60.0,330.0,350.0,16.0,18.0,False,False,135.0,2.0,0.9,1.1,0.9,1.2,1.0,0.9,680.0,52.0,680.0,52.0,1.0,1,False,1.0,1.0,68.0,45.0,0.0,31.8,True,True,False,False,True,10.0,2,False,25.0,125.0,215,SPOKED,SPOKED,0.0,0.0,80.0,80.0,278.0,700.0,34.9,300.0,1.0
415.0,62.0,605.0,68.7,135.0,42.0,590.0,73.6,640.0,42.0,40.0,28.6,32.0,36.5,23.35,13.0,15.0,ALUMINIUM,28.0,54.0,50.0,330.0,350.0,16.0,18.0,False,False,135.0,2.0,0.9,1.1,0.9,1.2,1.0,0.9,680.0,52.0,680.0,52.0,1.0,1,False,1.0,1.0,68.0,45.0,0.0,31.8,True,True,False,False,True,11.0,1,False,0.0,123.0,255,SPOKED,SPOKED,0.0,0.0,80.0,80.0,278.0,700.0,34.9,300.0,1.0
420.0,70.0,620.0,68.2,145.0,46.0,600.0,74.0,635.0,45.0,40.0,30.0,33.0,36.5,23.35,13.0,15.0,CARBON,34.0,51.0,53.0,330.0,350.0,16.0,18.0,False,False,135.0,2.0,0.9,1.1,0.9,1.2,1.0,0.9,680.0,52.0,680.0,52.0,1.0,1,False,1.0,1.0,68.0,45.0,0.0,31.8,True,True,False,False,True,12.0,1,False,0.0,150.0,255,SPOKED,SPOKED,0.0,0.0,80.0,80.0,278.0,700.0,34.9,300.0,1.0
430.0,65.0,630.0,69.0,155.0,44.0,605.0,73.9,645.0,48.0,40.0,28.6,32.0,36.5,23.35,13.0,15.0,TITANIUM,37.0,56.0,48.0,330.0,350.0,16.0,18.0,False,False,135.0,2.0,0.9,1.1,0.9,1.2,1.0,0.9,680.0,52.0,680.0,52.0,1.0,1,False,1.0,1.0,68.0,45.0,0.0,31.8,True,True,False,False,True,11.0,1,False,15.0,135.0,225,SPOKED,SPOKED,0.0,0.0,80.0,80.0,278.0,700.0,34.9,300.0,1.0
450,65,550,67.0,120,50.0,430.0,73.0,630.0,45.0,42.0,28.6,34.9,30.0,20.0,13.0,15,CARBON,35.0,45.0,40.0,330.0,350.0,0.0,0,False,False,135.0,2.0,1.0,1.2,1.0,1.0,0.9,1.2,674.0,52.0,674.0,52.0,1.0,2,False,1.0,3.0,68.0,45.0,0.0,31.8,False,True,False,False,True,11.0,1,False,0.0,102.0,204,SPOKED,SPOKED,0.0,0.0,0.0,0.0,280.0,720.0,34.9,400.0,1.0
460,70,545,68.0,130,60.0,440.0,74.0,635.0,50.0,42.0,28.6,36.5,32.0,22.0,13.0,15,ALUMINIUM,36.0,46.0,42.0,350.0,350.0,18.0,0,True,False,140.0,2.0,1.1,1.2,1.1,1.1,1.0,1.0,674.0,52.0,674.0,52.0,1.0,2,False,1.0,3.0,68.0,45.0,0.0,31.8,False,True,False,False,True,11.0,1,False,0.0,102.0,204,SPOKED,SPOKED,0.0,0.0,0.0,0.0,280.0,715.0,34.9,405.0,1.0
455,68,555,67.5,125,55.0,435.0,73.5,632.0,48.0,40.0,28.6,34.9,31.0,21.0,13.0,15,STEEL,34.0,44.0,41.0,320.0,350.0,0.0,18,False,True,138.0,2.0,1.0,1.0,1.0,1.0,0.9,0.9,674.0,52.0,674.0,52.0,1.0,2,False,1.0,1.0,68.0,45.0,0.0,31.8,False,True,False,False,True,11.0,1,False,0.0,102.0,204,SPOKED,SPOKED,0.0,1.0,0.0,80.0,280.0,730.0,34.9,410.0,1.0
470,66,560,66.0,115,60.0,440.0,72.0,640.0,55.0,42.0,28.6,36.5,33.0,23.0,13.0,15,BAMBOO,38.0,48.0,45.0,330.0,360.0,0.0,0,False,False,140.0,2.0,1.2,1.0,1.0,1.2,1.0,1.1,674.0,52.0,674.0,52.0,1.0,2,False,1.0,1.0,68.0,45.0,0.0,31.8,False,True,False,False,True,11.0,1,False,0.0,102.0,204,SPOKED,SPOKED,0.0,0.0,0.0,0.0,280.0,725.0,34.9,420.0,1.0
465,64,558,68.5,118,58.0,438.0,74.0,638.0,47.0,42.0,28.6,34.9,30.0,22.0,13.0,15,ALUMINIUM,37.0,47.0,43.0,330.0,350.0,0.0,0,False,False,133.0,2.0,1.0,1.0,1.1,1.0,0.9,1.0,674.0,52.0,674.0,52.0,1.0,2,False,1.0,3.0,68.0,45.0,0.0,31.8,True,True,False,False,True,11.0,1,False,0.0,102.0,204,SPOKED,SPOKED,0.0,0.0,0.0,0.0,280.0,718.0,34.9,415.0,1.0
440,63,552,69.0,110,52.0,432.0,73.0,630.0,46.0,42.0,28.6,36.5,29.0,20.0,13.0,15,CARBON,33.0,46.0,38.0,330.0,350.0,0.0,0,False,False,130.0,2.0,1.1,1.2,1.0,1.0,0.9,1.1,674.0,52.0,674.0,52.0,1.0,2,False,1.0,3.0,68.0,45.0,0.0,31.8,False,True,False,False,True,11.0,1,False,0.0,102.0,204,DISC,DISC,0.0,0.0,0.0,0.0,280.0,710.0,34.9,395.0,1.0
480,67,565,66.5,122,62.0,445.0,72.5,645.0,47.0,42.0,28.6,36.5,33.0,23.0,13.0,15,ALUMINIUM,36.0,50.0,45.0,330.0,350.0,0.0,0,False,False,140.0,2.0,1.0,1.1,1.0,1.0,1.0,1.2,674.0,52.0,674.0,52.0,1.0,2,False,1.0,3.0,68.0,45.0,0.0,31.8,False,True,False,False,True,11.0,1,False,0.0,102.0,204,SPOKED,TRISPOKE,0.0,1.0,0.0,80.0,280.0,700.0,34.9,430.0,1.0
455,66,548,68.5,117,54.0,436.0,73.5,638.0,46.0,42.0,28.6,36.5,30.0,20.0,13.0,15,CARBON,34.0,46.0,41.0,330.0,350.0,0.0,0,False,False,135.0,2.0,1.0,1.0,1.0,1.0,1.0,1.1,674.0,52.0,674.0,52.0,1.0,2,False,1.0,3.0,68.0,45.0,0.0,31.8,False,True,True,False,True,11.0,1,True,0.0,102.0,204,SPOKED,SPOKED,0.0,0.0,0.0,0.0,285.0,722.0,34.9,425.0,1.0
465,64,556,69.0,121,57.0,442.0,74.5,642.0,52.0,44.0,28.6,36.5,32.0,22.0,13.0,15,ALUMINIUM,38.0,48.0,44.0,330.0,350.0,0.0,0,False,False,135.0,2.0,1.0,1.0,1.0,1.0,1.0,1.0,674.0,52.0,674.0,52.0,1.0,2,False,1.0,3.0,68.0,45.0,0.0,31.8,True,True,False,False,True,12.0,2,False,0.0,102.0,204,SPOKED,SPOKED,0.0,0.0,0.0,0.0,282.0,718.0,34.9,428.0,1.0
440,68,540,66.0,110,50.0,430.0,72.0,628.0,46.0,42.0,28.6,34.9,28.0,18.0,13.0,15,STEEL,32.0,42.0,39.0,330.0,350.0,0.0,0,False,False,130.0,2.0,1.0,1.0,1.2,1.0,0.9,1.0,680.0,52.0,680.0,52.0,1.0,2,False,1.0,1.0,68.0,45.0,0.0,31.8,False,False,False,False,True,11.0,1,False,0.0,102.0,204,SPOKED,SPOKED,0.0,0.0,0.0,0.0,278.0,708.0,34.9,445.0,1.0
430.0,70.0,620.0,68.0,120.0,45.0,510.0,73.0,630.0,45.0,50.0,40.0,36.5,23.35,23.35,15.0,15.0,ALUMINIUM,35.0,45.0,40.0,330.0,350.0,16.0,18.0,False,False,142.0,3.0,1.5,1.8,1.8,1.2,1.2,1.5,702.0,40.0,702.0,40.0,1.0,0,False,1.0,1.0,68.0,50.0,0.0,34.9,False,True,False,False,True,10.0,1,False,0.0,123.0,167,SPOKED,SPOKED,0.0,0.0,0.0,0.0,280.0,720.0,36.5,350.0,1.0
435.2,70.0,630.0,68.5,125.0,45.0,520.0,73.5,635.0,45.0,50.0,40.0,36.5,23.35,23.35,15.0,15.0,CARBON,35.0,45.0,40.0,330.0,350.0,16.0,18.0,False,False,142.0,3.0,1.5,1.8,1.8,1.2,1.2,1.5,702.0,40.0,702.0,40.0,1.0,1,False,1.0,1.0,68.0,50.0,0.0,34.9,False,True,False,False,True,10.0,1,False,0.0,123.0,167,SPOKED,SPOKED,0.0,0.0,0.0,0.0,280.0,720.0,36.5,350.0,1.0
440.5,70.0,640.0,69.0,130.0,45.0,530.0,74.0,640.0,45.0,50.0,40.0,36.5,23.35,23.35,15.0,15.0,STEEL,35.0,45.0,40.0,330.0,350.0,16.0,18.0,False,False,142.0,3.0,1.5,1.8,1.8,1.2,1.2,1.5,702.0,40.0,702.0,40.0,1.0,2,False,1.0,1.0,68.0,50.0,0.0,34.9,False,True,False,False,True,10.0,1,False,0.0,123.0,167,SPOKED,SPOKED,0.0,0.0,0.0,0.0,280.0,720.0,36.5,350.0,1.0
445.0,70.0,650.0,69.5,135.0,45.0,540.0,74.5,645.0,45.0,50.0,40.0,36.5,23.35,23.35,15.0,15.0,TITANIUM,35.0,45.0,40.0,330.0,350.0,16.0,18.0,False,False,142.0,3.0,1.5,1.8,1.8,1.2,1.2,1.5,702.0,40.0,702.0,40.0,1.0,0,False,1.0,1.0,68.0,50.0,0.0,34.9,False,True,False,False,True,10.0,1,False,0.0,123.0,167,SPOKED,SPOKED,0.0,0.0,0.0,0.0,280.0,720.0,36.5,350.0,1.0
450.0,70.0,610.0,70.0,140.0,45.0,550.0,75.0,650.0,45.0,50.0,40.0,36.5,23.35,23.35,15.0,15.0,BAMBOO,35.0,45.0,40.0,330.0,350.0,16.0,18.0,False,False,142.0,3.0,1.5,1.8,1.8,1.2,1.2,1.5,702.0,40.0,702.0,40.0,1.0,1,False,1.0,1.0,68.0,50.0,0.0,34.9,False,True,False,False,True,10.0,1,False,0.0,123.0,167,SPOKED,SPOKED,0.0,0.0,0.0,0.0,280.0,720.0,36.5,350.0,1.0
425.0,70.0,625.0,68.2,115.0,45.0,500.0,73.2,625.0,45.0,50.0,40.0,36.5,23.35,23.35,15.0,15.0,OTHER,35.0,45.0,40.0,330.0,350.0,16.0,18.0,False,False,142.0,3.0,1.5,1.8,1.8,1.2,1.2,1.5,702.0,40.0,702.0,40.0,1.0,2,False,1.0,1.0,68.0,50.0,0.0,34.9,False,False,False,False,True,10.0,1,False,0.0,123.0,167,SPOKED,SPOKED,0.0,0.0,0.0,0.0,280.0,720.0,36.5,350.0,1.0
420.0,70.0,635.0,69.2,118.0,45.0,515.0,74.2,632.0,45.0,50.0,40.0,36.5,23.35,23.35,15.0,15.0,CARBON,35.0,45.0,40.0,330.0,350.0,16.0,18.0,False,False,142.0,3.0,1.5,1.8,1.8,1.2,1.2,1.5,702.0,40.0,702.0,40.0,1.0,1,False,1.0,1.0,68.0,50.0,0.0,34.9,False,False,False,False,True,10.0,1,False,0.0,123.0,167,SPOKED,SPOKED,0.0,0.0,0.0,0.0,280.0,720.0,36.5,350.0,1.0
435.0,70.0,615.0,69.7,128.0,45.0,525.0,74.7,642.0,45.0,50.0,40.0,36.5,23.35,23.35,15.0,15.0,ALUMINIUM,35.0,45.0,40.0,330.0,350.0,16.0,18.0,False,False,142.0,3.0,1.5,1.8,1.8,1.2,1.2,1.5,702.0,40.0,702.0,40.0,1.0,2,False,1.0,1.0,68.0,50.0,0.0,34.9,False,False,False,False,True,10.0,1,False,0.0,123.0,167,SPOKED,SPOKED,0.0,0.0,0.0,0.0,280.0,720.0,36.5,350.0,1.0
445.0,70.0,645.0,70.5,132.0,45.0,535.0,75.2,647.0,45.0,50.0,40.0,36.5,23.35,23.35,15.0,15.0,STEEL,35.0,45.0,40.0,330.0,350.0,16.0,18.0,False,False,142.0,3.0,1.5,1.8,1.8,1.2,1.2,1.5,702.0,40.0,702.0,40.0,1.0,0,False,1.0,1.0,68.0,50.0,0.0,34.9,False,False,False,False,True,10.0,1,False,0.0,123.0,167,SPOKED,SPOKED,0.0,0.0,0.0,0.0,280.0,720.0,36.5,350.0,1.0
430.5,70.0,655.0,71.0,138.0,45.0,545.0,75.5,657.0,45.0,50.0,40.0,36.5,23.35,23.35,15.0,15.0,TITANIUM,35.0,45.0,40.0,330.0,350.0,16.0,18.0,False,False,142.0,3.0,1.5,1.8,1.8,1.2,1.2,1.5,702.0,40.0,702.0,40.0,1.0,1,False,1.0,1.0,68.0,50.0,0.0,34.9,False,True,False,False,True,10.0,1,False,0.0,123.0,167,SPOKED,SPOKED,0.0,0.0,0.0,0.0,280.0,720.0,36.5,350.0,1.0
440.0,60.0,620.0,67.5,130.0,50.0,480.0,74.0,660.0,45.0,40.0,35.0,35.0,30.0,30.0,15.0,9.0,CARBON,30.0,30.0,40.0,0.0,0.0,0.0,0.0,False,False,135.0,2.0,0.9,1.1,0.9,1.2,1.0,0.9,680.0,40.0,680.0,40.0,1.0,1,False,1.0,1.0,70.0,45.0,0.0,31.8,False,False,False,False,True,12.0,1,False,0.0,128.0,200,DISC,DISC,0.0,0.0,0.0,0.0,280.0,800.0,35.0,350.0,1.0
445.0,58.0,630.0,66.5,125.0,55.0,500.0,75.0,665.0,48.0,40.0,36.0,35.0,30.0,30.0,16.0,9.0,ALUMINIUM,32.0,35.0,42.0,0.0,0.0,0.0,0.0,False,False,135.0,2.0,1.0,1.2,1.0,1.3,1.1,1.0,700.0,50.0,700.0,50.0,1.0,0,False,1.0,1.0,68.0,46.0,0.0,32.0,False,False,True,False,True,11.0,1,False,10.0,120.0,195,DISC,TRISPOKE,2.0,1.0,40.0,30.0,285.0,780.0,36.0,360.0,1.0
460.0,55.0,610.0,68.0,140.0,45.0,490.0,73.0,670.0,42.0,42.0,35.0,36.0,32.0,32.0,14.0,8.0,STEEL,35.0,30.0,45.0,0.0,0.0,0.0,0.0,False,False,135.0,2.5,1.0,1.2,1.0,1.3,1.1,1.0,680.0,45.0,680.0,45.0,1.0,2,False,1.0,1.0,72.0,48.0,0.0,34.0,False,False,False,True,True,10.0,2,True,20.0,130.0,210,SPOKED,DISC,0.0,0.0,0.0,0.0,290.0,820.0,36.5,340.0,1.0
450.0,62.0,615.0,67.0,135.0,52.0,500.0,74.5,655.0,47.0,40.0,34.0,34.0,30.0,30.0,15.0,9.0,ALUMINIUM,33.0,34.0,41.0,0.0,0.0,0.0,0.0,False,False,135.0,2.0,1.0,1.1,1.0,1.2,1.0,1.0,700.0,40.0,700.0,40.0,1.0,1,False,1.0,1.0,69.0,47.0,0.0,32.0,False,False,False,False,True,12.0,1,False,5.0,110.0,180,SPOKED,SPOKED,0.0,0.0,0.0,0.0,275.0,790.0,35.5,360.0,1.0
430.0,57.0,625.0,68.5,120.0,48.0,480.0,73.5,680.0,44.0,40.0,35.0,35.0,31.0,31.0,15.0,9.0,CARBON,31.0,32.0,39.0,0.0,0.0,0.0,0.0,False,False,135.0,1.8,0.8,1.0,0.8,1.0,0.9,0.8,680.0,42.0,680.0,42.0,1.0,2,False,1.0,3.0,68.0,46.0,0.0,31.8,True,True,False,False,True,12.0,1,False,0.0,100.0,210,TRISPOKE,DISC,1.0,0.0,45.0,0.0,280.0,800.0,36.0,350.0,2.0
455.0,59.0,618.0,67.8,130.0,50.0,500.0,74.2,660.0,46.0,40.0,34.0,34.0,30.5,30.5,15.0,9.0,BAMBOO,34.0,33.0,40.0,0.0,0.0,0.0,0.0,False,False,135.0,2.1,1.1,1.3,1.1,1.3,1.2,1.1,700.0,48.0,700.0,48.0,1.0,1,False,1.0,1.0,70.0,47.0,0.0,34.0,False,False,True,True,True,11.0,2,True,30.0,140.0,220,SPOKED,SPOKED,0.0,0.0,0.0,0.0,295.0,810.0,37.0,370.0,1.0
445.0,61.0,605.0,68.2,135.0,49.0,495.0,73.8,650.0,43.0,42.0,34.5,35.0,31.5,31.5,14.0,8.5,STEEL,31.0,32.0,38.0,0.0,0.0,0.0,0.0,False,False,135.0,2.5,1.1,1.3,1.1,1.4,1.2,1.1,680.0,43.0,680.0,43.0,1.0,0,False,1.0,1.0,73.0,48.0,0.0,33.5,False,False,False,False,True,12.0,3,False,15.0,135.0,205,DISC,DISC,0.0,0.0,0.0,0.0,285.0,795.0,35.5,355.0,1.0
420.0,56.0,618.0,67.3,128.0,51.0,485.0,74.0,662.0,44.5,40.0,34.0,34.0,30.0,30.0,15.0,9.0,TITANIUM,32.0,33.0,39.5,0.0,0.0,0.0,0.0,False,False,135.0,2.2,1.0,1.2,1.0,1.3,1.1,1.0,700.0,49.0,700.0,49.0,1.0,1,False,1.0,3.0,69.0,47.0,0.0,33.0,False,False,False,False,True,12.0,1,True,25.0,145.0,215,SPOKED,SPOKED,0.0,0.0,0.0,0.0,290.0,805.0,35.8,365.0,2.0
448.0,60.0,622.0,66.8,132.0,49.0,492.0,74.3,658.0,47.0,40.0,35.5,35.5,31.0,31.0,15.5,8.8,BAMBOO,33.5,33.5,40.5,0.0,0.0,0.0,0.0,False,False,135.0,2.0,1.2,1.2,1.0,1.3,1.2,1.1,680.0,45.0,680.0,45.0,1.0,2,False,1.0,2.0,70.0,47.0,0.0,33.0,True,False,False,False,True,11.0,1,False,0.0,150.0,225,TRISPOKE,TRISPOKE,1.0,1.0,35.0,35.0,295.0,795.0,36.0,360.0,1.0
435.0,61.0,605.0,68.0,138.0,50.0,500.0,73.7,675.0,46.0,40.0,35.0,36.0,31.0,31.0,15.0,9.0,CARBON,34.0,34.0,43.0,0.0,0.0,0.0,0.0,False,False,135.0,2.0,0.9,1.2,0.9,1.2,1.0,0.9,700.0,50.0,700.0,50.0,1.0,1,False,1.0,1.0,71.0,46.0,0.0,32.0,False,True,False,False,True,12.0,2,False,5.0,125.0,190,DISC,DISC,0.0,0.0,0.0,0.0,280.0,800.0,36.0,350.0,1.0
440.0,35.0,620.0,66.5,150.0,45.0,520.0,73.0,650.0,46.0,45.0,34.9,34.9,31.8,31.8,13.0,15.0,ALUMINIUM,35.0,45.0,45.0,0.0,0.0,0.0,0.0,False,False,135.0,2.0,1.0,1.0,1.0,1.0,1.0,1.0,740.0,60.0,740.0,60.0,1.0,0,False,1.0,1.0,68.0,45.0,0.0,31.8,True,True,False,False,True,12.0,1,False,0.0,127.0,255,SPOKED,SPOKED,0.0,0.0,0.0,0.0,280.0,740.0,34.9,330.0,1.0
445.0,40.0,630.0,67.0,155.0,47.0,530.0,74.0,655.0,45.0,42.0,33.6,34.0,31.5,31.5,12.0,14.0,CARBON,37.0,47.0,47.0,0.0,0.0,0.0,0.0,False,False,135.0,2.0,0.9,0.9,1.1,1.1,1.0,1.0,740.0,62.0,740.0,62.0,1.0,1,False,1.0,3.0,73.0,50.0,0.0,34.0,True,True,False,False,True,11.0,1,False,10.0,120.0,240,SPOKED,SPOKED,0.0,0.0,0.0,0.0,280.0,300.0,34.9,300.0,1.0
430.0,30.0,600.0,66.0,145.0,44.0,510.0,73.5,645.0,48.0,40.0,31.8,33.0,30.0,30.0,14.0,16.0,STEEL,32.0,42.0,42.0,0.0,0.0,0.0,0.0,False,False,135.0,2.0,1.0,1.0,1.1,1.1,1.0,1.0,760.0,60.0,760.0,60.0,1.0,2,False,1.0,1.0,68.0,44.0,0.0,31.8,False,True,False,False,True,10.0,1,False,30.0,140.0,200,SPOKED,SPOKED,0.0,0.0,0.0,0.0,280.0,730.0,34.9,330.0,1.0
450.0,25.0,650.0,66.8,160.0,50.0,540.0,72.5,660.0,47.0,45.0,34.9,35.0,32.0,32.0,13.0,15.0,ALUMINIUM,40.0,50.0,50.0,0.0,0.0,0.0,0.0,False,False,135.0,2.0,1.0,1.0,1.0,1.0,1.0,1.0,740.0,60.0,740.0,60.0,1.0,0,False,1.0,3.0,73.0,52.0,0.0,34.9,True,False,False,False,True,10.0,2,False,20.0,100.0,220,SPOKED,SPOKED,0.0,0.0,0.0,0.0,280.0,745.0,34.9,300.0,1.0
435.0,38.0,615.0,67.5,150.0,42.0,515.0,74.0,650.0,44.0,42.0,33.5,34.5,31.2,31.2,13.0,15.0,BAMBOO,36.0,46.0,46.0,0.0,0.0,0.0,0.0,False,False,135.0,2.0,1.0,1.0,1.0,1.0,1.0,1.0,680.0,50.0,680.0,50.0,1.0,1,False,1.0,1.0,68.0,45.0,0.0,31.8,True,True,False,False,True,12.0,1,False,0.0,80.0,180,SPOKED,SPOKED,0.0,0.0,0.0,0.0,280.0,735.0,34.9,330.0,1.0
445.0,35.0,625.0,66.3,140.0,46.0,525.0,73.0,655.0,46.0,44.0,34.0,34.8,31.0,31.0,12.0,14.0,TITANIUM,34.0,45.0,45.0,0.0,0.0,0.0,0.0,False,False,135.0,2.0,0.9,0.9,1.1,1.1,1.0,1.0,740.0,60.0,740.0,60.0,1.0,2,False,1.0,1.0,68.0,46.0,0.0,31.8,False,True,False,False,True,12.0,1,False,50.0,130.0,255,SPOKED,SPOKED,0.0,0.0,0.0,0.0,280.0,740.0,34.9,330.0,1.0
420.0,32.0,610.0,67.0,138.0,43.0,505.0,74.5,640.0,43.0,42.0,32.5,33.6,30.8,30.8,13.0,14.0,CARBON,33.0,43.0,44.0,0.0,0.0,0.0,0.0,False,False,135.0,2.0,1.0,1.0,1.0,1.0,1.0,1.0,760.0,62.0,760.0,62.0,1.0,1,False,1.0,3.0,73.0,48.0,0.0,33.6,True,True,False,False,True,11.0,1,False,5.0,90.0,200,SPOKED,SPOKED,0.0,0.0,0.0,0.0,280.0,745.0,34.9,330.0,1.0
460.0,28.0,640.0,66.6,145.0,47.0,535.0,72.0,660.0,46.0,45.0,34.5,35.2,32.2,32.2,12.0,16.0,ALUMINIUM,36.0,48.0,48.0,0.0,0.0,0.0,0.0,False,False,135.0,2.0,1.0,1.0,1.0,1.0,1.0,1.0,740.0,60.0,740.0,60.0,1.0,0,False,1.0,1.0,68.0,47.0,0.0,34.9,True,False,False,False,True,12.0,1,False,15.0,110.0,240,SPOKED,SPOKED,0.0,0.0,0.0,0.0,280.0,745.0,34.9,330.0,1.0
430.0,34.0,605.0,67.2,142.0,44.0,508.0,73.8,648.0,45.0,40.0,33.8,34.1,31.2,31.2,13.0,15.0,STEEL,35.0,44.0,46.0,0.0,0.0,0.0,0.0,False,False,135.0,2.0,1.0,1.0,1.1,1.1,1.0,1.0,680.0,50.0,680.0,50.0,1.0,2,False,1.0,1.0,73.0,45.0,0.0,31.8,False,True,False,False,True,10.0,2,False,0.0,150.0,255,SPOKED,SPOKED,0.0,0.0,0.0,0.0,280.0,730.0,34.9,300.0,1.0
455.0,31.0,635.0,66.9,158.0,49.0,540.0,72.7,662.0,47.0,45.0,34.9,35.5,32.5,32.5,14.0,16.0,CARBON,38.0,49.0,50.0,0.0,0.0,0.0,0.0,False,False,135.0,2.0,1.0,1.0,1.0,1.0,1.0,1.0,760.0,62.0,760.0,62.0,1.0,1,False,1.0,3.0,68.0,50.0,0.0,34.9,True,True,False,False,True,12.0,1,False,10.0,100.0,230,SPOKED,SPOKED,0.0,0.0,0.0,0.0,280.0,745.0,34.9,330.0,1.0
435.0,60.0,620.0,68.0,120.0,50.0,480.0,73.0,600.0,46.0,40.0,28.6,36.5,23.35,23.35,15.0,9.0,CARBON,35.0,45.0,45.0,330.0,350.0,16.0,18.0,False,False,142.0,2.0,0.9,1.1,0.9,1.2,1.0,0.9,680.0,121.0,680.0,121.0,1.0,1,False,1.0,1.0,68.0,45.0,0.0,31.8,False,False,False,False,True,12.0,1,False,0.0,123.0,167.0,DISC,DISC,0.0,0.0,0.0,0.0,278.0,760.0,34.9,350.0,1.0
445.0,55.0,630.0,67.0,100.0,55.0,490.0,72.0,620.0,48.0,45.0,28.6,36.5,23.35,23.35,15.0,9.0,ALUMINIUM,38.0,48.0,43.0,330.0,350.0,16.0,18.0,False,False,142.0,2.0,0.9,1.1,0.9,1.2,1.0,0.9,680.0,121.0,680.0,121.0,1.0,2,False,1.0,1.0,68.0,45.0,0.0,31.8,False,False,False,False,True,12.0,1,False,0.0,123.0,167.0,DISC,DISC,0.0,0.0,0.0,0.0,278.0,765.0,34.9,350.0,1.0
425.0,65.0,610.0,69.0,140.0,45.0,470.0,74.0,580.0,44.0,35.0,28.6,36.5,23.35,23.35,15.0,9.0,STEEL,32.0,42.0,47.0,330.0,350.0,16.0,18.0,False,False,142.0,2.0,0.9,1.1,0.9,1.2,1.0,0.9,680.0,121.0,680.0,121.0,1.0,1,False,1.0,1.0,68.0,45.0,0.0,31.8,False,False,False,False,True,12.0,1,False,0.0,123.0,167.0,DISC,DISC,0.0,0.0,0.0,0.0,278.0,758.0,34.9,350.0,1.0
455.0,58.0,640.0,66.0,110.0,50.0,500.0,73.0,640.0,50.0,42.0,28.6,36.5,23.35,23.35,15.0,9.0,TITANIUM,40.0,50.0,42.0,330.0,350.0,16.0,18.0,False,False,142.0,2.0,0.9,1.1,0.9,1.2,1.0,0.9,680.0,121.0,680.0,121.0,2.0,2,False,1.0,1.0,68.0,45.0,0.0,31.8,False,False,False,False,True,12.0,1,False,0.0,123.0,167.0,DISC,DISC,0.0,0.0,0.0,0.0,278.0,770.0,34.9,350.0,1.0
435.0,62.0,600.0,70.0,130.0,55.0,460.0,72.0,560.0,42.0,38.0,28.6,36.5,23.35,23.35,15.0,9.0,BAMBOO,30.0,40.0,48.0,330.0,350.0,16.0,18.0,False,False,142.0,2.0,0.9,1.1,0.9,1.2,1.0,0.9,680.0,121.0,680.0,121.0,2.0,1,False,1.0,1.0,68.0,45.0,0.0,31.8,False,False,False,False,True,12.0,1,False,0.0,123.0,167.0,DISC,DISC,0.0,0.0,0.0,0.0,278.0,755.0,34.9,350.0,1.0
445.0,60.0,650.0,65.0,90.0,45.0,510.0,74.0,660.0,52.0,44.0,28.6,36.5,23.35,23.35,15.0,9.0,CARBON,42.0,52.0,40.0,330.0,350.0,16.0,18.0,False,False,142.0,2.0,0.9,1.1,0.9,1.2,1.0,0.9,735.0,125.0,735.0,125.0,1.0,2,False,1.0,1.0,68.0,45.0,0.0,31.8,False,False,False,False,True,12.0,1,False,0.0,123.0,167.0,DISC,DISC,0.0,0.0,0.0,0.0,278.0,775.0,34.9,350.0,1.0
425.0,63.0,605.0,68.0,125.0,50.0,475.0,73.0,590.0,46.0,39.0,28.6,36.5,23.35,23.35,15.0,9.0,ALUMINIUM,34.0,44.0,46.0,330.0,350.0,16.0,18.0,False,False,142.0,2.0,0.9,1.1,0.9,1.2,1.0,0.9,735.0,125.0,735.0,125.0,2.0,1,False,1.0,1.0,68.0,45.0,0.0,31.8,False,False,False,False,True,12.0,1,False,0.0,123.0,167.0,DISC,DISC,0.0,0.0,0.0,0.0,278.0,762.0,34.9,350.0,1.0
455.0,57.0,635.0,67.0,105.0,55.0,495.0,72.0,630.0,48.0,43.0,28.6,36.5,23.35,23.35,15.0,9.0,STEEL,37.0,47.0,44.0,330.0,350.0,16.0,18.0,False,False,142.0,2.0,0.9,1.1,0.9,1.2,1.0,0.9,735.0,125.0,735.0,125.0,2.0,2,False,1.0,1.0,68.0,45.0,0.0,31.8,False,False,False,False,True,12.0,1,False,0.0,123.0,167.0,DISC,DISC,0.0,0.0,0.0,0.0,278.0,768.0,34.9,350.0,1.0
465.0,61.0,615.0,69.0,135.0,45.0,465.0,74.0,570.0,44.0,37.0,28.6,36.5,23.35,23.35,15.0,9.0,TITANIUM,33.0,43.0,49.0,330.0,350.0,16.0,18.0,False,False,142.0,2.0,0.9,1.1,0.9,1.2,1.0,0.9,735.0,125.0,735.0,125.0,1.0,1,False,1.0,1.0,68.0,45.0,0.0,31.8,False,False,False,False,True,12.0,1,False,0.0,123.0,167.0,DISC,DISC,0.0,0.0,0.0,0.0,278.0,759.0,34.9,350.0,1.0
415.0,59.0,645.0,66.0,115.0,50.0,485.0,73.0,650.0,50.0,41.0,28.6,36.5,23.35,23.35,15.0,9.0,BAMBOO,39.0,49.0,41.0,330.0,350.0,16.0,18.0,False,False,142.0,2.0,0.9,1.1,0.9,1.2,1.0,0.9,735.0,125.0,735.0,125.0,2.0,2,False,1.0,1.0,68.0,45.0,0.0,31.8,False,False,False,False,True,12.0,1,False,0.0,123.0,167.0,DISC,DISC,0.0,0.0,0.0,0.0,278.0,771.0,34.9,350.0,1.0
420.0,60.0,630.0,69.0,150.0,50.0,520.0,73.0,650.0,50.0,40.0,32.0,34.9,32.0,30.0,13.0,9.0,ALUMINIUM,35.0,50.0,50.0,330.0,350.0,16.0,18.0,False,False,135.0,2.0,1.0,1.0,1.0,1.0,1.0,1.0,674.0,50.0,674.0,50.0,1.0,0,False,1.0,1.0,68.0,50.0,0.0,31.8,True,True,False,False,True,12.0,2,False,0.0,157.0,196,SPOKED,SPOKED,0.0,0.0,0.0,0.0,280.0,720.0,34.9,400.0,1.0
425.0,55.0,640.0,68.0,160.0,55.0,530.0,72.0,660.0,55.0,40.0,33.0,35.0,33.0,31.0,13.0,9.0,CARBON,36.0,52.0,48.0,330.0,350.0,16.0,18.0,False,False,135.0,2.0,1.0,1.0,1.0,1.0,1.0,1.0,680.0,50.0,680.0,50.0,1.0,1,False,1.0,3.0,68.0,52.0,0.0,31.8,False,True,False,False,True,11.0,1,False,30.0,144.0,255,SPOKED,SPOKED,0.0,0.0,0.0,0.0,290.0,730.0,34.9,420.0,1.0
430.0,65.0,625.0,67.0,140.0,45.0,515.0,74.0,630.0,48.0,40.0,30.0,34.9,30.0,29.0,13.0,9.0,STEEL,34.0,48.0,52.0,330.0,350.0,16.0,18.0,False,False,135.0,2.0,1.0,1.0,1.0,1.0,1.0,1.0,670.0,52.0,670.0,52.0,1.0,2,False,1.0,1.0,68.0,48.0,0.0,31.8,True,True,False,False,True,10.0,3,False,0.0,191.0,255,SPOKED,SPOKED,0.0,0.0,0.0,0.0,270.0,710.0,34.9,380.0,1.0
440.0,50.0,655.0,69.5,170.0,60.0,540.0,73.5,670.0,52.0,40.0,34.0,34.9,34.0,32.0,13.0,9.0,TITANIUM,38.0,54.0,55.0,330.0,350.0,16.0,18.0,False,False,135.0,2.0,1.0,1.0,1.0,1.0,1.0,1.0,678.0,50.0,678.0,50.0,1.0,1,False,1.0,1.0,68.0,54.0,0.0,31.8,True,True,False,False,True,12.0,2,False,100.0,149.0,237,SPOKED,SPOKED,0.0,0.0,0.0,0.0,300.0,740.0,34.9,450.0,1.0
450.0,70.0,620.0,67.5,130.0,40.0,505.0,72.5,620.0,47.0,40.0,35.0,34.9,35.0,33.0,13.0,9.0,BAMBOO,32.0,46.0,45.0,330.0,350.0,16.0,18.0,False,False,135.0,2.0,1.0,1.0,1.0,1.0,1.0,1.0,672.0,48.0,672.0,48.0,1.0,0,False,1.0,1.0,68.0,48.0,0.0,31.8,False,False,False,False,True,11.0,1,False,70.0,130.0,180,SPOKED,SPOKED,0.0,0.0,0.0,0.0,260.0,700.0,34.9,360.0,1.0
460.0,60.0,635.0,68.0,155.0,48.0,525.0,73.0,645.0,53.0,40.0,33.0,34.9,33.0,32.0,13.0,9.0,CARBON,36.0,51.0,49.0,330.0,350.0,16.0,18.0,False,False,135.0,2.0,1.0,1.0,1.0,1.0,1.0,1.0,676.0,51.0,676.0,51.0,1.0,2,False,1.0,3.0,68.0,50.0,0.0,31.8,True,True,False,False,True,12.0,3,False,65.0,105.0,225,SPOKED,SPOKED,0.0,0.0,0.0,0.0,285.0,725.0,34.9,410.0,1.0
470.0,65.0,650.0,69.0,160.0,53.0,535.0,74.0,655.0,49.0,40.0,32.0,34.9,32.0,30.0,13.0,9.0,STEEL,37.0,53.0,53.0,330.0,350.0,16.0,18.0,False,False,135.0,2.0,1.0,1.0,1.0,1.0,1.0,1.0,674.0,50.0,674.0,50.0,1.0,1,False,1.0,1.0,68.0,52.0,0.0,31.8,True,False,False,False,True,10.0,2,False,25.0,25.0,112,SPOKED,SPOKED,0.0,0.0,0.0,0.0,275.0,715.0,34.9,395.0,1.0
480.0,55.0,660.0,70.0,180.0,62.0,545.0,73.0,665.0,54.0,40.0,31.0,34.9,31.0,29.0,13.0,9.0,TITANIUM,40.0,55.0,58.0,330.0,350.0,16.0,18.0,False,False,135.0,2.0,1.0,1.0,1.0,1.0,1.0,1.0,680.0,50.0,680.0,50.0,1.0,0,False,1.0,3.0,68.0,56.0,0.0,31.8,True,True,False,False,True,12.0,1,False,0.0,0.0,205,SPOKED,SPOKED,0.0,0.0,0.0,0.0,295.0,745.0,34.9,430.0,1.0
490.0,68.0,645.0,69.5,165.0,58.0,540.0,73.5,660.0,46.0,40.0,34.0,34.9,34.0,32.0,13.0,9.0,BAMBOO,39.0,52.0,54.0,330.0,350.0,16.0,18.0,False,False,135.0,2.0,1.0,1.0,1.0,1.0,1.0,1.0,672.0,49.0,672.0,49.0,1.0,2,False,1.0,1.0,68.0,50.0,0.0,31.8,False,False,False,False,True,11.0,2,False,0.0,0.0,255,SPOKED,SPOKED,0.0,0.0,0.0,0.0,280.0,730.0,34.9,405.0,1.0
455.0,62.0,655.0,68.5,175.0,57.0,550.0,72.0,675.0,51.0,40.0,35.0,34.9,35.0,33.0,13.0,9.0,OTHER,41.0,54.0,57.0,330.0,350.0,16.0,18.0,False,False,135.0,2.0,1.0,1.0,1.0,1.0,1.0,1.0,678.0,52.0,678.0,52.0,1.0,1,False,1.0,1.0,68.0,53.0,0.0,31.8,False,True,False,False,True,10.0,3,False,72.0,61.0,139,SPOKED,SPOKED,0.0,0.0,0.0,0.0,265.0,705.0,34.9,390.0,1.0
430.0,60.0,610.0,68.5,110.0,50.0,480.0,73.5,645.0,44.0,42.0,31.8,35.0,23.5,20.0,15.0,9.0,ALUMINIUM,25.0,60.0,45.0,330.0,350.0,16.0,18.0,False,False,142.0,2.5,2.0,2.0,2.5,2.2,2.0,2.5,702.0,80.0,702.0,80.0,1.0,1,False,1.0,1.0,68.0,45.0,0.0,31.8,True,True,False,False,True,12.0,2,False,50.0,100.0,200,SPOKED,SPOKED,0.0,0.0,0.0,0.0,280.0,760.0,35.0,300.0,1.0
425.0,58.0,620.0,69.0,100.0,55.0,495.0,74.0,650.0,43.0,42.0,27.0,34.0,24.0,21.0,16.0,8.5,CARBON,23.0,62.0,42.0,330.0,350.0,15.0,17.0,False,False,142.0,1.5,1.2,1.2,1.5,1.3,1.2,1.5,702.0,80.0,702.0,80.0,1.0,1,False,1.0,1.0,68.0,45.0,0.0,31.8,True,True,False,False,True,11.0,1,False,60.0,120.0,200,SPOKED,SPOKED,0.0,0.0,0.0,0.0,270.0,750.0,35.0,320.0,1.0
435.0,62.0,600.0,67.5,120.0,48.0,470.0,73.0,640.0,46.0,42.0,31.8,36.0,23.0,19.0,14.0,9.5,TITANIUM,27.0,58.0,48.0,330.0,350.0,16.0,18.0,False,False,142.0,2.0,1.8,1.8,2.0,1.7,1.6,2.0,702.0,80.0,702.0,80.0,1.0,1,False,1.0,1.0,68.2,46.0,0.0,32.0,True,True,False,False,True,12.0,2,False,70.0,130.0,180,SPOKED,SPOKED,0.0,0.0,0.0,0.0,285.0,770.0,36.0,280.0,1.0
420.0,65.0,630.0,68.0,105.0,52.0,505.0,74.5,655.0,42.0,42.0,30.0,34.5,25.0,22.0,15.5,8.0,BAMBOO,24.0,65.0,40.0,330.0,350.0,17.0,20.0,False,False,142.0,3.0,2.5,2.5,3.0,2.8,2.3,3.0,702.0,80.0,702.0,80.0,1.0,1,False,1.0,1.0,67.5,44.0,0.0,33.0,True,True,False,False,True,10.0,3,False,45.0,150.0,210,SPOKED,SPOKED,0.0,0.0,0.0,0.0,260.0,740.0,38.0,310.0,1.0
432.0,59.0,605.0,68.8,115.0,50.0,485.0,73.8,648.0,45.0,42.0,31.0,35.5,23.8,20.5,15.0,9.2,STEEL,26.0,60.0,46.0,330.0,350.0,16.0,18.0,False,False,142.0,2.5,2.0,2.0,2.5,2.2,2.1,2.5,702.0,80.0,702.0,80.0,1.0,1,False,1.0,1.0,68.0,45.0,0.0,31.8,True,True,False,False,True,11.0,2,False,30.0,80.0,150,SPOKED,SPOKED,0.0,0.0,0.0,0.0,290.0,780.0,35.0,295.0,1.0
428.0,63.0,615.0,69.2,90.0,49.0,490.0,74.2,652.0,43.5,42.0,27.2,34.8,24.2,21.2,15.2,8.8,CARBON,22.0,63.0,41.0,330.0,350.0,14.0,17.0,False,False,142.0,1.5,1.2,1.2,1.5,1.3,1.2,1.5,702.0,80.0,702.0,80.0,1.0,1,False,1.0,3.0,68.5,44.5,0.0,31.5,True,True,False,False,True,12.0,1,False,80.0,40.0,220,SPOKED,SPOKED,0.0,0.0,0.0,0.0,265.0,755.0,36.0,305.0,1.0
438.0,61.0,608.0,68.0,112.0,47.0,480.0,73.0,647.0,44.5,42.0,31.8,35.2,23.2,20.2,14.5,9.0,ALUMINIUM,25.0,61.0,47.0,330.0,350.0,16.0,18.0,False,False,142.0,2.5,2.0,2.0,2.5,2.2,2.0,2.5,702.0,80.0,702.0,80.0,1.0,1,False,1.0,1.0,68.0,45.0,0.0,31.8,True,True,False,False,True,12.0,3,False,100.0,150.0,50,DISC,SPOKED,0.0,0.0,0.0,0.0,275.0,765.0,35.0,290.0,1.0
430.0,64.0,595.0,67.0,118.0,46.0,475.0,72.5,642.0,46.5,42.0,32.0,36.2,23.6,19.8,14.0,9.3,TITANIUM,26.5,59.0,49.0,330.0,350.0,16.5,18.5,False,False,142.0,2.0,1.8,1.8,2.0,1.7,1.6,2.0,702.0,80.0,702.0,80.0,1.0,1,False,1.0,1.0,68.2,46.0,0.0,32.2,True,True,False,False,True,11.0,2,False,150.0,75.0,120,SPOKED,DISC,0.0,0.0,0.0,0.0,280.0,770.0,36.0,300.0,1.0
432.0,60.0,602.0,68.7,108.0,51.0,490.0,73.7,649.0,44.0,42.0,31.5,35.5,23.7,20.7,15.0,9.1,STEEL,24.5,62.0,46.5,330.0,350.0,16.0,18.0,False,False,142.0,2.5,2.0,2.0,2.5,2.2,2.0,2.5,702.0,80.0,702.0,80.0,1.0,1,False,1.0,1.0,68.0,45.0,0.0,31.8,True,True,False,False,True,12.0,2,False,80.0,200.0,100,SPOKED,TRISPOKE,0.0,1.0,20.0,0.0,285.0,760.0,35.0,315.0,1.0
425.0,58.5,615.0,69.5,102.0,53.0,500.0,74.0,654.0,43.8,42.0,30.5,34.8,24.5,22.5,16.0,8.7,BAMBOO,23.5,64.0,42.5,330.0,350.0,17.0,20.0,False,False,142.0,3.0,2.5,2.5,3.0,2.8,2.3,3.0,702.0,80.0,702.0,80.0,1.0,1,False,1.0,1.0,68.3,44.2,0.0,33.2,True,True,False,False,True,11.0,1,False,25.0,50.0,200,TRISPOKE,SPOKED,1.0,0.0,0.0,0.0,263.0,745.0,38.0,305.0,1.0
440.0,40.0,620.0,67.5,120.0,50.0,550.0,74.0,620.0,45.0,45.0,34.0,36.0,24.0,24.0,13.0,9.0,ALUMINIUM,35.0,50.0,45.0,0.0,0.0,0.0,0.0,False,False,135.0,2.0,1.0,1.2,1.2,1.0,1.0,1.0,694.0,52.0,694.0,52.0,1.0,0,False,1.0,1.0,68.0,45.0,0.0,31.8,False,True,False,False,True,12.0,1,False,0.0,123.0,167,SPOKED,SPOKED,0.0,0.0,0.0,0.0,300.0,760.0,34.9,330.0,1.0
445.0,42.0,630.0,66.5,130.0,55.0,560.0,73.5,630.0,48.0,42.2,35.0,37.0,25.0,25.0,14.0,9.0,CARBON,36.0,52.0,46.0,0.0,0.0,0.0,0.0,False,False,135.0,2.0,1.0,1.2,1.2,1.0,1.0,1.0,694.0,52.0,694.0,52.0,1.0,1,False,1.0,1.0,68.0,45.0,0.0,31.8,False,True,False,False,True,12.0,1,False,0.0,140.0,180,SPOKED,SPOKED,0.0,0.0,0.0,0.0,300.0,760.0,34.9,330.0,1.0
450.0,38.0,615.0,68.0,110.0,48.0,540.0,74.5,615.0,44.0,45.0,33.5,35.5,24.5,24.5,13.5,9.0,STEEL,33.0,50.0,44.0,0.0,0.0,0.0,0.0,False,False,135.0,2.0,1.0,1.2,1.2,1.0,1.0,1.0,694.0,52.0,694.0,52.0,1.0,2,False,1.0,1.0,68.0,45.0,0.0,31.8,False,True,False,False,True,12.0,1,False,10.0,120.0,160,SPOKED,SPOKED,0.0,0.0,0.0,0.0,300.0,760.0,34.9,330.0,1.0
438.0,45.0,625.0,67.0,125.0,52.0,580.0,73.0,640.0,50.0,45.0,36.0,38.0,26.0,26.0,15.0,9.0,TITANIUM,37.0,54.0,48.0,0.0,0.0,0.0,0.0,False,False,135.0,2.0,1.0,1.2,1.2,1.0,1.0,1.0,694.0,52.0,694.0,52.0,1.0,0,False,1.0,1.0,68.0,45.0,0.0,31.8,False,True,False,False,True,12.0,1,False,5.0,100.0,150,SPOKED,SPOKED,0.0,0.0,0.0,0.0,300.0,760.0,34.9,330.0,1.0
455.0,35.0,610.0,69.0,100.0,45.0,530.0,75.0,600.0,47.0,40.0,34.5,36.5,25.5,25.5,14.5,9.0,BAMBOO,34.0,50.0,44.0,0.0,0.0,0.0,0.0,False,False,135.0,2.0,1.0,1.2,1.2,1.0,1.0,1.0,694.0,52.0,694.0,52.0,1.0,1,False,1.0,1.0,68.0,45.0,0.0,31.8,False,True,False,False,True,12.0,1,False,0.0,130.0,170,SPOKED,SPOKED,0.0,0.0,0.0,0.0,300.0,760.0,34.9,330.0,1.0
442.0,41.0,622.0,66.8,115.0,49.0,545.0,73.8,625.0,46.0,45.0,34.2,36.2,24.2,24.2,13.2,9.0,ALUMINIUM,35.5,51.0,45.0,0.0,0.0,0.0,0.0,False,False,135.0,2.0,1.0,1.2,1.2,1.0,1.0,1.0,694.0,52.0,694.0,52.0,1.0,2,False,1.0,1.0,68.0,45.0,0.0,31.8,False,True,False,False,True,12.0,1,False,15.0,110.0,155,SPOKED,SPOKED,0.0,0.0,0.0,0.0,300.0,760.0,34.9,330.0,1.0
448.0,43.0,632.0,65.5,135.0,57.0,595.0,72.5,640.0,49.0,42.2,35.2,37.2,25.2,25.2,14.2,9.0,CARBON,38.0,55.0,48.0,0.0,0.0,0.0,0.0,False,False,135.0,2.0,1.0,1.2,1.2,1.0,1.0,1.0,694.0,52.0,694.0,52.0,1.0,1,False,1.0,1.0,68.0,45.0,0.0,31.8,True,True,False,False,True,12.0,1,False,2.0,125.0,165,SPOKED,SPOKED,0.0,0.0,0.0,0.0,300.0,760.0,34.9,330.0,1.0
435.0,39.0,618.0,68.2,128.0,54.0,575.0,74.2,620.0,45.5,45.0,33.8,35.8,24.8,24.8,13.8,9.0,STEEL,34.0,53.0,46.0,0.0,0.0,0.0,0.0,False,False,135.0,2.0,1.0,1.2,1.2,1.0,1.0,1.0,694.0,52.0,694.0,52.0,1.0,0,False,1.0,1.0,68.0,45.0,0.0,31.8,False,False,True,True,True,12.0,1,False,8.0,115.0,158,SPOKED,SPOKED,0.0,0.0,0.0,0.0,300.0,760.0,34.9,330.0,1.0
452.0,37.0,628.0,67.8,118.0,51.0,560.0,73.2,628.0,47.5,45.0,34.8,36.8,25.8,25.8,14.8,9.0,TITANIUM,36.0,54.0,47.0,0.0,0.0,0.0,0.0,False,False,135.0,2.0,1.0,1.2,1.2,1.0,1.0,1.0,694.0,52.0,694.0,52.0,1.0,2,False,1.0,1.0,68.0,45.0,0.0,31.8,True,False,False,False,True,12.0,1,False,3.0,118.0,162,SPOKED,SPOKED,0.0,0.0,0.0,0.0,300.0,760.0,34.9,330.0,1.0
460.0,36.0,635.0,66.0,140.0,60.0,600.0,72.8,650.0,50.0,42.2,35.5,37.5,25.5,25.5,15.5,9.0,OTHER,39.0,58.0,50.0,0.0,0.0,0.0,0.0,False,False,135.0,2.0,1.0,1.2,1.2,1.0,1.0,1.0,694.0,52.0,694.0,52.0,1.0,1,False,1.0,1.0,68.0,45.0,0.0,31.8,False,True,False,False,True,12.0,1,False,20.0,135.0,190,SPOKED,SPOKED,0.0,0.0,0.0,0.0,300.0,760.0,34.9,330.0,1.0
410,65,590,68.0,140,45.0,580.0,74.0,650.0,45.0,50.0,30.0,28.6,36.5,23.35,23.35,15,ALUMINIUM,35.0,40.0,40.0,0.0,0.0,0.0,0,False,False,135.0,2.0,0.9,1.1,0.9,1.2,1.0,0.9,700.0,56.0,700.0,56.0,1.0,1,False,1.0,1.0,68.0,45.0,0.0,31.8,True,True,False,False,True,12.0,1,False,0.0,127.0,255,SPOKED,SPOKED,0.0,0.0,0.0,0.0,280.0,720.0,34.9,320.0,1.0
450,63,605,67.0,150,40.0,600.0,73.0,660.0,47.0,55.0,32.0,28.6,36.5,25.0,25.0,14,CARBON,40.0,45.0,45.0,0.0,0.0,0.0,0,False,False,142.0,2.0,0.9,1.1,0.9,1.2,1.0,0.9,690.0,52.0,690.0,52.0,1.0,1,False,1.0,1.0,68.0,45.0,0.0,31.8,True,True,False,False,True,11.0,1,False,0.0,127.0,255,SPOKED,SPOKED,0.0,0.0,0.0,0.0,282.0,730.0,34.9,330.0,1.0
395,62,575,69.0,130,50.0,570.0,75.0,640.0,44.0,45.0,29.0,28.0,36.0,24.0,21.0,16,STEEL,30.0,38.0,35.0,0.0,0.0,0.0,0,False,False,135.0,2.0,0.9,1.1,0.9,1.2,1.0,0.9,685.0,60.0,685.0,60.0,1.0,1,False,1.0,1.0,68.0,45.0,0.0,31.8,True,True,False,False,True,10.0,1,False,0.0,127.0,255,SPOKED,SPOKED,0.0,0.0,0.0,0.0,278.0,710.0,34.9,310.0,1.0
430,68,620,66.0,160,35.0,610.0,73.5,670.0,46.0,60.0,33.0,28.6,37.0,26.0,26.0,15,TITANIUM,42.0,48.0,50.0,0.0,0.0,0.0,0,False,False,140.0,2.0,0.9,1.1,0.9,1.2,1.0,0.9,700.0,55.0,700.0,55.0,1.0,1,False,1.0,1.0,68.0,45.0,0.0,31.8,True,True,False,False,True,12.0,1,False,0.0,127.0,255,SPOKED,SPOKED,0.0,0.0,0.0,0.0,284.0,740.0,34.9,340.0,1.0
400,60,560,72.0,120,30.0,550.0,74.5,620.0,43.0,50.0,28.6,28.6,36.5,23.35,23.35,15,ALUMINIUM,32.0,36.0,32.0,0.0,0.0,0.0,0,False,False,135.0,2.0,0.9,1.1,0.9,1.2,1.0,0.9,675.0,50.0,675.0,50.0,1.0,1,False,1.0,1.0,68.0,45.0,0.0,31.8,True,True,False,False,True,11.0,1,False,0.0,127.0,255,SPOKED,SPOKED,0.0,0.0,0.0,0.0,276.0,700.0,34.9,300.0,1.0
415,65,600,67.5,145,48.0,595.0,74.0,660.0,45.0,55.0,32.0,28.6,36.5,25.0,25.0,14,CARBON,38.0,44.0,42.0,0.0,0.0,0.0,0,False,False,142.0,2.0,0.9,1.1,0.9,1.2,1.0,0.9,690.0,54.0,690.0,54.0,1.0,1,False,1.0,1.0,68.0,45.0,0.0,31.8,True,True,False,False,True,10.0,1,False,0.0,127.0,255,SPOKED,SPOKED,0.0,0.0,0.0,0.0,281.0,725.0,34.9,325.0,1.0
420,64,580,68.0,135,42.0,575.0,75.0,650.0,47.0,50.0,30.0,28.6,36.5,24.0,22.0,15,STEEL,36.0,40.0,38.0,0.0,0.0,0.0,0,False,False,135.0,2.0,0.9,1.1,0.9,1.2,1.0,0.9,680.0,53.0,680.0,53.0,1.0,1,False,1.0,1.0,68.0,45.0,0.0,31.8,True,True,False,False,True,12.0,1,False,0.0,127.0,255,SPOKED,SPOKED,0.0,0.0,0.0,0.0,279.0,715.0,34.9,315.0,1.0
405,61,565,70.0,125,38.0,565.0,74.2,630.0,44.0,48.0,29.5,28.6,36.5,23.5,20.0,16,ALUMINIUM,34.0,39.0,34.0,0.0,0.0,0.0,0,False,False,140.0,2.0,0.9,1.1,0.9,1.2,1.0,0.9,680.0,55.0,680.0,55.0,1.0,1,False,1.0,1.0,68.0,45.0,0.0,31.8,True,True,False,False,True,11.0,1,False,0.0,127.0,255,SPOKED,SPOKED,0.0,0.0,0.0,0.0,283.0,705.0,34.9,305.0,1.0
438,66,612,66.5,155,46.0,605.0,73.8,675.0,46.0,60.0,33.5,28.6,36.5,26.5,27.0,14,BAMBOO,44.0,47.0,48.0,0.0,0.0,0.0,0,False,False,142.0,2.0,0.9,1.1,0.9,1.2,1.0,0.9,700.0,57.0,700.0,57.0,1.0,1,False,1.0,1.0,68.0,45.0,0.0,31.8,True,True,False,False,True,10.0,1,False,0.0,127.0,255,SPOKED,SPOKED,0.0,0.0,0.0,0.0,286.0,735.0,34.9,335.0,1.0
390,63,595,69.5,150,43.0,590.0,75.0,655.0,45.0,55.0,31.0,28.2,36.0,24.5,24.0,15,CARBON,41.0,43.0,43.0,0.0,0.0,0.0,0,False,False,135.0,2.0,0.9,1.1,0.9,1.2,1.0,0.9,690.0,54.0,690.0,54.0,1.0,1,False,1.0,1.0,68.0,45.0,0.0,31.8,True,True,False,False,True,11.0,1,False,0.0,127.0,255,SPOKED,SPOKED,0.0,0.0,0.0,0.0,280.0,720.0,34.9,320.0,1.0
440,60,580,68.0,120,50.0,480.0,73.0,650.0,45.0,45.0,32.0,38.0,27.0,23.0,14.0,15.0,ALUMINIUM,30.0,35.0,40.0,0.0,0.0,0.0,0,False,False,142.0,2.5,1.2,1.5,2.0,1.5,1.2,1.8,680.0,52.0,680.0,52.0,1.0,0,False,1.0,1.0,68.0,45.0,0.0,31.6,False,False,False,False,True,11.0,2,False,0.0,127.0,255,SPOKED,SPOKED,0.0,0.0,0.0,0.0,300.0,760.0,35.0,300.0,1.0
445,58,575,67.5,115,52.0,470.0,72.5,640.0,46.0,45.0,33.0,37.0,26.0,22.0,14.5,16.0,CARBON,28.0,34.0,38.0,0.0,0.0,0.0,0,False,False,148.0,2.5,1.2,1.5,2.0,1.5,1.2,1.8,680.0,52.0,680.0,52.0,1.0,1,False,1.0,2.0,68.0,45.0,0.0,31.6,False,False,False,False,True,11.0,1,False,10.0,100.0,220,SPOKED,SPOKED,0.0,0.0,0.0,0.0,310.0,755.0,35.0,290.0,1.0
430,62,585,69.0,125,48.0,490.0,74.0,660.0,44.0,42.0,31.0,39.0,28.0,24.0,13.0,14.0,STEEL,32.0,36.0,42.0,0.0,0.0,0.0,0,False,False,142.0,2.5,1.2,1.5,2.0,1.5,1.2,1.8,680.0,52.0,680.0,52.0,1.0,2,False,1.0,1.0,68.0,45.0,0.0,31.6,False,False,False,False,True,11.0,2,False,20.0,110.0,230,SPOKED,SPOKED,0.0,0.0,0.0,0.0,305.0,765.0,35.0,310.0,1.0
445,55,570,66.0,130,50.0,460.0,73.5,645.0,47.0,50.0,35.0,40.0,30.0,25.0,16.0,15.0,TITANIUM,30.0,33.0,37.0,0.0,0.0,0.0,0,False,False,142.0,2.5,1.2,1.5,2.0,1.5,1.2,1.8,680.0,52.0,680.0,52.0,1.0,0,False,1.0,2.0,68.0,45.0,0.0,31.6,False,False,False,False,True,11.0,1,False,30.0,120.0,240,SPOKED,SPOKED,0.0,0.0,0.0,0.0,315.0,750.0,35.0,295.0,1.0
435,60,590,68.5,118,49.0,475.0,73.8,655.0,46.0,45.0,32.0,38.0,27.0,23.0,14.0,15.0,BAMBOO,29.0,35.0,41.0,0.0,0.0,0.0,0,False,False,148.0,2.5,1.2,1.5,2.0,1.5,1.2,1.8,680.0,52.0,680.0,52.0,1.0,1,False,1.0,1.0,68.0,45.0,0.0,31.6,False,False,False,False,True,11.0,2,False,40.0,130.0,250,SPOKED,SPOKED,0.0,0.0,0.0,0.0,300.0,770.0,35.0,305.0,1.0
450,65,576,67.0,122,51.0,485.0,74.2,648.0,43.0,45.0,34.0,37.0,26.0,22.0,15.0,16.0,OTHER,31.0,34.0,39.0,0.0,0.0,0.0,0,False,False,142.0,2.5,1.2,1.5,2.0,1.5,1.2,1.8,680.0,52.0,680.0,52.0,1.0,2,False,1.0,3.0,68.0,45.0,0.0,31.6,False,False,False,False,True,11.0,1,False,50.0,140.0,255,SPOKED,SPOKED,0.0,0.0,0.0,0.0,320.0,740.0,35.0,285.0,1.0
460,59,583,69.5,128,48.0,495.0,74.0,662.0,45.0,45.0,33.0,39.0,28.0,24.0,13.5,14.5,ALUMINIUM,32.5,36.5,41.2,0.0,0.0,0.0,0,False,False,148.0,2.5,1.2,1.5,2.0,1.5,1.2,1.8,680.0,52.0,680.0,52.0,1.0,0,False,1.0,3.0,68.0,45.0,0.0,31.6,False,False,False,False,True,11.0,2,False,60.0,120.0,210,SPOKED,SPOKED,0.0,0.0,0.0,0.0,310.0,765.0,35.0,315.0,1.0
420,57,595,66.8,112,53.0,465.0,73.0,638.0,49.0,45.0,31.5,37.5,26.5,22.5,14.8,15.2,CARBON,28.5,33.5,38.8,0.0,0.0,0.0,0,False,False,142.0,2.5,1.2,1.5,2.0,1.5,1.2,1.8,680.0,52.0,680.0,52.0,1.0,1,False,1.0,3.0,68.0,45.0,0.0,31.6,False,False,False,False,True,11.0,1,False,70.0,90.0,200,SPOKED,SPOKED,0.0,0.0,0.0,0.0,300.0,755.0,35.0,275.0,1.0
455,63,578,68.2,124,49.5,482.0,74.5,650.0,46.0,45.0,33.5,38.5,27.5,23.5,15.2,16.3,STEEL,31.2,36.0,40.2,0.0,0.0,0.0,0,False,False,148.0,2.5,1.2,1.5,2.0,1.5,1.2,1.8,680.0,52.0,680.0,52.0,1.0,2,False,1.0,2.0,68.0,45.0,0.0,31.6,False,False,False,False,True,11.0,2,False,80.0,110.0,240,SPOKED,SPOKED,0.0,0.0,0.0,0.0,305.0,770.0,35.0,300.0,1.0
438,61,592,67.3,118,52.5,476.0,73.7,657.0,47.0,45.0,32.0,37.0,26.0,22.0,14.3,15.8,TITANIUM,29.7,34.2,39.5,0.0,0.0,0.0,0,False,False,142.0,2.5,1.2,1.5,2.0,1.5,1.2,1.8,680.0,52.0,680.0,52.0,1.0,1,False,1.0,3.0,68.0,45.0,0.0,31.6,False,False,False,False,True,11.0,1,False,90.0,130.0,255,SPOKED,SPOKED,0.0,0.0,0.0,0.0,295.0,745.0,35.0,285.0,1.0
420.0,65.0,610.0,69.5,160.0,45.0,580.0,73.0,660.0,45.0,45.0,40.0,33.6,36.5,23.35,14.0,15.0,ALUMINIUM,35.0,42.0,50.0,330.0,350.0,16.0,18.0,False,False,135.0,2.0,0.9,1.1,0.9,1.2,1.0,0.9,685.0,52.0,685.0,52.0,1.0,1,False,1.0,1.0,68.0,50.0,0.0,31.8,False,True,False,False,True,12.0,1,False,30.0,144.0,255,SPOKED,SPOKED,0.0,0.0,0.0,0.0,300.0,720.0,34.9,350.0,1.0
430.0,64.0,620.0,68.5,170.0,50.0,590.0,72.5,650.0,46.0,45.0,42.0,34.0,37.0,23.5,15.0,15.0,ALUMINIUM,36.0,44.0,48.0,330.0,350.0,16.0,18.0,False,False,142.0,2.0,0.9,1.1,0.9,1.2,1.0,0.9,690.0,50.0,690.0,50.0,1.0,1,False,1.0,1.0,68.0,48.0,0.0,31.8,False,True,False,False,True,12.0,1,False,30.0,144.0,255,SPOKED,SPOKED,0.0,0.0,0.0,0.0,300.0,730.0,34.9,350.0,1.0
400.0,66.0,595.0,70.0,155.0,48.0,565.0,74.0,670.0,44.0,45.0,38.0,32.5,36.5,23.35,13.5,14.0,ALUMINIUM,34.5,41.0,49.0,330.0,350.0,16.0,18.0,False,False,135.0,2.0,0.9,1.1,0.9,1.2,1.0,0.9,680.0,54.0,680.0,54.0,1.0,1,False,1.0,1.0,68.0,49.0,0.0,31.8,False,True,False,False,True,12.0,1,False,30.0,144.0,255,SPOKED,SPOKED,0.0,0.0,0.0,0.0,300.0,740.0,34.9,350.0,1.0
440.0,64.0,605.0,69.0,165.0,47.0,575.0,73.5,655.0,45.0,45.0,41.0,33.6,36.5,23.35,14.0,15.0,ALUMINIUM,37.0,43.0,51.0,330.0,350.0,16.0,18.0,False,False,142.0,2.0,0.9,1.1,0.9,1.2,1.0,0.9,692.0,53.0,692.0,53.0,1.0,1,False,1.0,1.0,68.0,50.0,0.0,31.8,False,True,False,False,True,12.0,1,False,30.0,144.0,255,SPOKED,SPOKED,0.0,0.0,0.0,0.0,300.0,750.0,34.9,350.0,1.0
415.0,67.0,615.0,68.0,150.0,44.0,590.0,72.8,665.0,46.0,45.0,39.0,33.0,37.0,23.5,13.0,16.0,ALUMINIUM,34.0,42.0,48.0,330.0,350.0,16.0,18.0,False,False,135.0,2.0,0.9,1.1,0.9,1.2,1.0,0.9,687.0,52.0,687.0,52.0,1.0,1,False,1.0,1.0,68.0,47.0,0.0,31.8,False,True,False,False,True,12.0,1,False,30.0,144.0,255,SPOKED,SPOKED,0.0,0.0,0.0,0.0,300.0,760.0,34.9,350.0,1.0
425.0,63.0,630.0,69.8,180.0,46.0,600.0,73.2,658.0,45.0,45.0,40.0,33.6,37.0,23.35,14.0,15.0,ALUMINIUM,40.0,45.0,52.0,330.0,350.0,16.0,18.0,False,False,142.0,2.0,0.9,1.1,0.9,1.2,1.0,0.9,695.0,51.0,695.0,51.0,1.0,1,False,1.0,1.0,68.0,52.0,0.0,31.8,False,True,False,False,True,12.0,1,False,30.0,144.0,255,SPOKED,SPOKED,0.0,0.0,0.0,0.0,300.0,710.0,34.9,350.0,1.0
395.0,65.0,600.0,70.2,175.0,49.0,570.0,73.7,662.0,45.0,45.0,42.0,34.0,36.5,23.5,13.0,15.0,ALUMINIUM,36.0,44.0,49.0,330.0,350.0,16.0,18.0,False,False,135.0,2.0,0.9,1.1,0.9,1.2,1.0,0.9,683.0,54.0,683.0,54.0,1.0,1,False,1.0,1.0,68.0,49.0,0.0,31.8,False,True,False,False,True,12.0,1,False,30.0,144.0,255,SPOKED,SPOKED,0.0,0.0,0.0,0.0,300.0,725.0,34.9,350.0,1.0
435.0,66.0,620.0,69.3,160.0,46.0,590.0,72.9,670.0,44.0,45.0,41.0,33.6,36.8,23.4,14.5,14.0,ALUMINIUM,35.0,43.0,50.5,330.0,350.0,16.0,18.0,False,False,142.0,2.0,0.9,1.1,0.9,1.2,1.0,0.9,688.0,52.0,688.0,52.0,1.0,1,False,1.0,1.0,68.0,48.0,0.0,31.8,False,True,False,False,True,12.0,1,False,30.0,144.0,255,SPOKED,SPOKED,0.0,0.0,0.0,0.0,300.0,735.0,34.9,350.0,1.0
405.0,65.0,605.0,70.5,170.0,45.0,580.0,73.4,660.0,45.0,45.0,40.0,33.2,36.5,23.35,14.0,15.0,ALUMINIUM,38.0,42.0,49.5,330.0,350.0,16.0,18.0,False,False,135.0,2.0,0.9,1.1,0.9,1.2,1.0,0.9,690.0,53.0,690.0,53.0,1.0,1,False,1.0,1.0,68.0,49.0,0.0,31.8,False,True,False,False,True,12.0,1,False,30.0,144.0,255,SPOKED,SPOKED,0.0,0.0,0.0,0.0,300.0,745.0,34.9,350.0,1.0
410.0,64.0,610.0,68.8,155.0,47.0,595.0,72.6,655.0,46.0,45.0,39.5,33.4,36.7,23.45,13.0,15.0,ALUMINIUM,36.0,44.0,48.0,330.0,350.0,16.0,18.0,False,False,142.0,2.0,0.9,1.1,0.9,1.2,1.0,0.9,685.0,54.0,685.0,54.0,1.0,1,False,1.0,1.0,68.0,47.0,0.0,31.8,False,True,False,False,True,12.0,1,False,30.0,144.0,255,SPOKED,SPOKED,0.0,0.0,0.0,0.0,300.0,715.0,34.9,350.0,1.0
420.0,70.0,600.0,70.0,140.0,100.0,550.0,73.0,630.0,55.0,40.0,28.6,36.5,23.35,20.0,14.0,9.0,ALUMINIUM,20.0,40.0,30.0,330.0,350.0,16.0,18.0,False,False,135.0,2.0,0.9,1.1,0.9,1.2,1.0,0.9,680.0,52.0,680.0,52.0,1.0,1,False,1.0,1.0,68.0,45.0,680.0,31.8,True,True,False,False,True,10.0,2,False,10.0,140.0,230,SPOKED,SPOKED,0.0,0.0,80.0,80.0,280.0,760.0,34.9,300.0,1.0
430.0,72.0,620.0,71.0,150.0,120.0,560.0,74.0,640.0,52.0,45.0,30.0,34.0,25.0,22.0,14.0,9.0,CARBON,22.0,42.0,32.0,330.0,350.0,16.0,18.0,False,False,135.0,2.0,0.9,1.1,0.9,1.2,1.0,0.9,680.0,52.0,680.0,52.0,1.0,0,False,1.0,1.0,68.0,45.0,680.0,31.8,True,True,False,False,True,11.0,1,False,0.0,128.0,255,SPOKED,SPOKED,0.0,0.0,80.0,80.0,280.0,760.0,34.9,300.0,1.0
450.0,65.0,610.0,69.0,160.0,140.0,580.0,72.0,650.0,60.0,42.0,32.0,35.0,30.0,25.0,13.0,9.0,STEEL,25.0,45.0,35.0,330.0,350.0,16.0,18.0,False,False,135.0,2.0,0.9,1.1,0.9,1.2,1.0,0.9,680.0,52.0,680.0,52.0,1.0,2,False,1.0,1.0,68.0,45.0,680.0,31.8,True,True,False,False,True,9.0,3,False,20.0,150.0,240,SPOKED,SPOKED,0.0,0.0,80.0,80.0,280.0,760.0,34.9,300.0,1.0
410.0,68.0,580.0,72.0,120.0,90.0,540.0,73.0,620.0,50.0,40.0,25.4,28.6,24.0,20.0,14.0,9.0,TITANIUM,18.0,38.0,28.0,330.0,350.0,16.0,18.0,False,False,135.0,2.0,0.9,1.1,0.9,1.2,1.0,0.9,680.0,52.0,680.0,52.0,1.0,1,False,1.0,1.0,68.0,45.0,680.0,31.8,True,True,False,False,True,10.0,2,False,30.0,100.0,200,SPOKED,SPOKED,0.0,0.0,80.0,80.0,280.0,760.0,34.9,300.0,1.0
440.0,75.0,630.0,68.0,170.0,160.0,600.0,71.0,660.0,65.0,45.0,33.6,36.0,34.0,30.0,15.0,9.0,BAMBOO,30.0,46.0,38.0,330.0,350.0,16.0,18.0,False,False,135.0,2.0,0.9,1.1,0.9,1.2,1.0,0.9,680.0,52.0,680.0,52.0,1.0,0,False,1.0,1.0,68.0,45.0,680.0,31.8,True,True,False,False,True,11.0,2,False,0.0,100.0,180,SPOKED,SPOKED,0.0,0.0,80.0,80.0,280.0,760.0,34.9,300.0,1.0
400.0,70.0,590.0,73.0,130.0,110.0,570.0,74.0,620.0,55.0,40.0,28.0,29.0,26.0,18.0,14.0,9.0,ALUMINIUM,16.0,36.0,26.0,330.0,350.0,16.0,18.0,False,False,135.0,2.0,0.9,1.1,0.9,1.2,1.0,0.9,680.0,52.0,680.0,52.0,1.0,2,False,1.0,1.0,68.0,45.0,680.0,31.8,True,True,False,False,True,9.0,1,False,0.0,120.0,220,SPOKED,SPOKED,0.0,0.0,80.0,80.0,280.0,760.0,34.9,300.0,1.0
480.0,66.0,650.0,67.0,110.0,80.0,520.0,75.0,605.0,58.0,42.0,30.0,30.0,27.0,19.0,14.0,9.0,CARBON,28.0,44.0,32.0,330.0,350.0,16.0,18.0,False,False,135.0,2.0,0.9,1.1,0.9,1.2,1.0,0.9,680.0,52.0,680.0,52.0,1.0,1,False,1.0,1.0,68.0,45.0,680.0,31.8,True,True,False,False,True,10.0,3,False,10.0,150.0,255,SPOKED,SPOKED,0.0,0.0,80.0,80.0,280.0,760.0,34.9,300.0,1.0
405.0,62.0,550.0,74.0,140.0,100.0,540.0,76.0,610.0,60.0,45.0,29.0,30.0,24.5,21.0,15.0,9.0,STEEL,20.0,40.0,30.0,330.0,350.0,16.0,18.0,False,False,135.0,2.0,0.9,1.1,0.9,1.2,1.0,0.9,680.0,52.0,680.0,52.0,1.0,0,False,1.0,1.0,68.0,45.0,680.0,31.8,True,True,False,False,True,10.0,2,False,5.0,130.0,210,SPOKED,SPOKED,0.0,0.0,80.0,80.0,280.0,760.0,34.9,300.0,1.0
425.0,69.0,575.0,71.0,125.0,85.0,560.0,74.0,625.0,53.0,40.0,27.0,32.0,25.0,22.0,14.0,9.0,OTHER,19.0,39.0,29.0,330.0,350.0,16.0,18.0,False,False,135.0,2.0,0.9,1.1,0.9,1.2,1.0,0.9,680.0,52.0,680.0,52.0,1.0,1,False,1.0,1.0,68.0,45.0,680.0,31.8,True,True,False,False,True,10.0,2,False,0.0,140.0,255,SPOKED,SPOKED,0.0,0.0,80.0,80.0,280.0,760.0,34.9,300.0,1.0
460.0,63.0,620.0,66.0,150.0,150.0,610.0,70.0,670.0,62.0,45.0,32.0,34.0,30.0,28.0,13.0,9.0,ALUMINIUM,35.0,48.0,40.0,330.0,350.0,16.0,18.0,False,False,135.0,2.0,0.9,1.1,0.9,1.2,1.0,0.9,680.0,52.0,680.0,52.0,1.0,2,False,1.0,1.0,68.0,45.0,680.0,31.8,True,True,False,False,True,11.0,1,False,0.0,160.0,255,SPOKED,SPOKED,0.0,0.0,80.0,80.0,280.0,760.0,34.9,300.0,1.0
420.0,75.0,610.0,67.0,115.0,45.0,540.0,74.0,660.0,48.0,45.0,28.6,36.5,30.0,32.0,15.0,15.0,CARBON,20.0,45.0,45.0,330.0,350.0,16.0,18.0,False,False,135.0,2.5,0.9,1.1,0.9,1.2,1.0,0.9,680.0,50.0,680.0,50.0,1.0,2,False,1.0,1.0,68.0,45.0,0.0,31.8,False,False,False,False,True,12.0,1,False,0.0,127.0,255,SPOKED,SPOKED,0.0,0.0,0.0,0.0,280.0,760.0,34.9,320.0,1.0
430.0,70.0,600.0,68.0,120.0,45.0,550.0,73.5,650.0,46.0,45.0,28.6,36.5,32.0,33.0,15.0,15.0,STEEL,18.0,47.0,44.0,330.0,350.0,16.0,18.0,False,False,135.0,2.2,0.9,1.1,0.9,1.2,1.0,0.9,680.0,52.0,680.0,52.0,1.0,1,False,1.0,1.0,70.0,46.0,0.0,31.8,True,False,False,False,True,11.0,1,False,0.0,100.0,200,SPOKED,DISC,0.0,0.0,0.0,0.0,290.0,750.0,34.9,330.0,1.0
410.0,80.0,620.0,66.5,110.0,48.0,530.0,75.0,670.0,50.0,50.0,30.0,36.5,31.0,34.0,15.0,15.0,ALUMINIUM,22.0,43.0,46.0,330.0,350.0,17.0,19.0,False,False,140.0,2.3,1.0,1.2,1.0,1.3,1.1,1.0,690.0,48.0,690.0,48.0,1.0,2,False,1.0,1.0,69.0,44.0,0.0,32.5,False,True,False,False,True,10.0,2,False,50.0,150.0,255,DISC,SPOKED,0.0,0.0,0.0,0.0,285.0,780.0,36.5,315.0,1.0
415.0,65.0,595.0,68.5,105.0,47.0,545.0,73.5,645.0,45.0,45.0,28.6,37.5,29.0,33.0,15.0,16.0,CARBON,19.0,46.0,43.0,335.0,355.0,15.0,18.0,True,False,135.0,2.0,0.8,1.0,0.9,1.1,1.0,0.9,680.0,45.0,680.0,45.0,1.0,1,False,1.0,1.0,67.0,43.0,0.0,31.8,True,True,True,False,True,12.0,2,False,0.0,100.0,200,DISC,DISC,0.0,0.0,0.0,0.0,295.0,770.0,37.5,340.0,1.0
400.0,70.0,605.0,69.0,112.0,44.0,550.0,74.0,660.0,47.0,45.0,28.6,36.5,30.0,32.0,16.0,15.0,STEEL,20.0,45.0,44.0,330.0,350.0,16.0,18.0,False,False,130.0,2.0,0.9,1.1,0.9,1.2,1.0,0.9,700.0,52.0,700.0,52.0,1.0,0,False,1.0,1.0,69.0,45.0,0.0,32.0,False,False,False,False,True,11.0,1,False,30.0,144.0,255,SPOKED,SPOKED,0.0,0.0,0.0,0.0,275.0,765.0,36.5,310.0,1.0
425.0,72.0,615.0,67.5,118.0,46.0,545.0,74.5,655.0,49.0,45.0,28.6,36.5,30.0,32.0,15.0,15.0,TITANIUM,21.0,44.0,45.0,332.0,352.0,16.0,18.0,False,False,135.0,1.8,0.8,1.0,0.8,1.0,0.8,0.8,650.0,46.0,650.0,46.0,1.0,2,False,1.0,1.0,68.0,44.5,0.0,31.0,False,False,True,False,True,10.0,1,False,70.0,130.0,180,SPOKED,SPOKED,0.0,0.0,0.0,0.0,300.0,780.0,36.5,325.0,1.0
440.0,68.0,605.0,68.0,117.0,47.0,555.0,73.0,662.0,48.0,45.0,28.6,36.5,30.0,33.0,15.0,15.0,BAMBOO,20.0,47.0,44.0,330.0,350.0,16.0,18.0,False,False,135.0,2.5,1.0,1.2,1.0,1.3,1.1,1.0,700.0,50.0,700.0,50.0,1.0,1,False,1.0,1.0,66.0,46.0,0.0,32.5,True,False,False,True,True,9.0,2,False,0.0,191.0,255,SPOKED,TRISPOKE,0.0,1.0,0.0,80.0,290.0,775.0,36.5,350.0,1.0
395.0,75.0,590.0,69.5,108.0,46.0,535.0,75.0,640.0,46.0,45.0,29.0,36.5,30.0,32.0,15.0,15.0,OTHER,18.0,45.0,42.0,330.0,350.0,15.0,18.0,True,True,130.0,2.0,0.9,1.1,0.9,1.2,1.0,0.9,680.0,50.0,680.0,50.0,1.0,0,False,1.0,1.0,70.0,45.5,0.0,32.0,False,True,True,True,True,12.0,1,False,100.0,149.0,237,DISC,DISC,0.0,0.0,0.0,0.0,285.0,765.0,36.5,305.0,1.0
430.0,73.0,610.0,67.0,113.0,48.0,540.0,74.0,658.0,48.0,45.0,28.6,37.0,30.0,32.0,15.0,15.0,STEEL,20.0,46.0,45.0,330.0,350.0,16.0,18.0,False,False,135.0,2.1,0.9,1.1,0.9,1.2,1.0,0.9,690.0,48.0,690.0,48.0,1.0,2,False,1.0,1.0,68.0,45.0,0.0,32.5,False,False,False,False,True,11.0,2,False,25.0,25.0,112,SPOKED,SPOKED,0.0,0.0,0.0,0.0,300.0,770.0,37.0,340.0,1.0
405.0,69.0,600.0,68.0,109.0,45.0,535.0,74.5,650.0,47.0,45.0,28.6,36.5,30.0,32.0,15.0,15.0,CARBON,19.0,45.0,44.0,330.0,350.0,16.0,18.0,False,False,135.0,2.0,0.9,1.1,0.9,1.2,1.0,0.9,685.0,48.0,685.0,48.0,1.0,1,False,1.0,1.0,68.0,44.0,0.0,32.0,False,True,False,True,True,10.0,1,False,70.0,130.0,180,DISC,SPOKED,0.0,0.0,0.0,0.0,290.0,760.0,36.5,320.0,1.0
430,30,610,67.0,125,40.0,550.0,73.0,600.0,50.0,40.0,34.9,36.5,23.35,23.35,15.0,9,CARBON,40.0,50.0,45.0,0.0,0.0,0.0,0,False,False,142.0,2.0,1.0,1.2,1.1,0.9,0.9,1.0,760.0,138.0,760.0,138.0,1.0,2,False,1.0,3.0,68.0,45.0,0.0,34,False,True,False,False,True,12.0,1,False,0.0,123.0,167,SPOKED,SPOKED,0.0,0.0,0.0,0.0,280.0,700.0,36.5,650.0,1.0
450,25,630,66.0,135,45.0,560.0,74.0,620.0,52.0,40.0,34.9,36.5,23.35,23.35,18.0,9,ALUMINIUM,45.0,55.0,48.0,0.0,0.0,0.0,0,False,False,135.0,2.0,1.0,1.2,1.1,1.0,1.0,1.1,760.0,138.0,760.0,138.0,1.0,1,False,1.0,1.0,70.0,44.0,0.0,35,True,True,False,False,True,11.0,2,False,5.0,140.0,180,SPOKED,SPOKED,0.0,0.0,0.0,0.0,270.0,710.0,36.5,660.0,1.0
420,35,620,68.0,140,42.0,540.0,73.5,610.0,48.0,42.0,35.5,37.0,24.0,24.0,14.0,8,STEEL,42.0,52.0,47.0,0.0,0.0,0.0,0,False,False,142.0,2.2,1.1,1.3,1.2,1.0,1.0,1.1,760.0,138.0,760.0,138.0,1.0,0,False,1.0,2.0,66.0,46.0,0.0,36,False,True,False,False,True,10.0,1,False,10.0,120.0,150,SPOKED,SPOKED,0.0,0.0,0.0,0.0,290.0,690.0,37.0,640.0,2.0
440,32,615,67.5,130,43.0,555.0,72.5,605.0,49.0,40.0,34.9,36.5,23.35,23.35,16.0,9,TITANIUM,43.0,50.0,46.0,0.0,0.0,0.0,0,False,False,140.0,1.8,1.0,1.2,1.1,0.9,0.9,1.0,760.0,138.0,760.0,138.0,1.0,2,False,1.0,3.0,68.0,45.0,0.0,35,True,False,False,False,True,12.0,1,False,0.0,100.0,170,SPOKED,SPOKED,0.0,0.0,0.0,0.0,285.0,705.0,36.5,650.0,1.0
455,28,605,66.5,120,41.0,545.0,73.0,615.0,51.0,38.0,34.9,36.5,23.35,23.35,17.0,9,BAMBOO,41.0,51.0,44.0,0.0,0.0,0.0,0,False,False,142.0,2.5,1.2,1.4,1.3,1.1,1.1,1.2,760.0,138.0,760.0,138.0,1.0,1,False,1.0,1.0,70.0,44.0,0.0,34,False,True,False,False,True,11.0,2,False,8.0,130.0,160,SPOKED,SPOKED,0.0,0.0,0.0,0.0,275.0,695.0,37.0,645.0,1.0
435,34,620,67.0,128,44.0,552.0,74.0,608.0,50.0,40.0,34.9,36.5,23.35,23.35,15.0,9,CARBON,44.0,50.0,45.0,0.0,0.0,0.0,0,False,False,135.0,2.0,1.0,1.2,1.1,0.9,0.9,1.0,760.0,138.0,760.0,138.0,1.0,0,False,1.0,3.0,69.0,45.0,0.0,35,False,True,False,False,True,12.0,1,False,2.0,125.0,168,SPOKED,SPOKED,0.0,0.0,0.0,0.0,280.0,700.0,36.5,650.0,1.0
425,29,615,66.0,118,40.0,548.0,72.0,598.0,53.0,38.0,34.9,36.5,23.35,23.35,16.0,9,ALUMINIUM,41.0,50.0,44.0,0.0,0.0,0.0,0,False,False,142.0,2.0,1.0,1.0,1.0,0.9,0.9,1.0,760.0,138.0,760.0,138.0,1.0,1,False,1.0,1.0,67.0,43.0,0.0,34,True,False,False,False,True,10.0,1,False,6.0,135.0,158,SPOKED,SPOKED,0.0,0.0,0.0,0.0,280.0,695.0,36.5,640.0,1.0
445,31,625,68.5,132,46.0,558.0,73.8,618.0,49.0,40.0,34.9,36.5,23.35,23.35,15.0,9,CARBON,46.0,55.0,48.0,0.0,0.0,0.0,0,False,False,140.0,2.0,1.0,1.2,1.0,0.9,0.9,1.1,760.0,138.0,760.0,138.0,1.0,1,False,1.0,3.0,70.0,45.0,0.0,36,True,True,False,False,True,12.0,2,False,3.0,128.0,165,SPOKED,SPOKED,0.0,0.0,0.0,0.0,275.0,705.0,36.5,655.0,2.0
460,27,600,67.0,122,42.0,550.0,74.2,612.0,52.0,40.0,34.9,36.5,23.35,23.35,18.0,9,STEEL,42.0,50.0,45.0,0.0,0.0,0.0,0,False,False,142.0,2.1,1.0,1.2,1.1,1.0,1.0,1.1,760.0,138.0,760.0,138.0,1.0,0,False,1.0,2.0,69.0,46.0,0.0,35,False,True,False,False,True,11.0,2,False,0.0,130.0,170,SPOKED,SPOKED,0.0,0.0,0.0,0.0,280.0,700.0,36.5,650.0,2.0
430,33,618,67.2,134,43.0,555.0,73.4,605.0,50.0,40.0,34.9,36.5,23.35,23.35,15.0,9,CARBON,43.0,50.0,45.0,0.0,0.0,0.0,0,False,False,140.0,2.0,1.0,1.2,1.0,0.9,0.9,1.0,760.0,138.0,760.0,138.0,1.0,1,False,1.0,3.0,68.0,45.0,0.0,35,False,True,False,False,True,12.0,1,False,4.0,127.0,169,SPOKED,SPOKED,0.0,0.0,0.0,0.0,275.0,702.0,36.5,652.0,1.0
400,65,580,68.0,120,45.0,540.0,73.0,620.0,55.0,40.0,30.0,32.0,25.0,18.0,13.0,15.0,ALUMINIUM,15.0,50.0,45.0,0.0,0.0,0.0,0.0,False,False,135.0,2.0,1.0,1.0,1.0,1.0,1.0,1.0,650.0,60.0,650.0,60.0,1.0,1,False,1.0,1.0,68.0,45.0,0.0,31.8,False,True,False,False,True,12.0,1,False,0.0,123.0,255,SPOKED,SPOKED,0.0,0.0,80.0,80.0,280.0,680.0,34.9,600.0,1.0
390,60,600,67.0,140,50.0,560.0,74.0,630.0,50.0,45.0,30.0,33.6,23.35,15.0,13.0,15.0,CARBON,12.0,55.0,50.0,0.0,0.0,0.0,0.0,False,False,135.0,2.0,0.9,0.9,0.9,0.9,0.9,0.9,660.0,55.0,660.0,55.0,1.0,0,False,1.0,1.0,68.0,40.0,0.0,31.8,True,True,False,False,True,11.0,2,False,0.0,255.0,127,SPOKED,SPOKED,0.0,0.0,80.0,80.0,290.0,700.0,34.9,650.0,1.0
420,70,590,69.0,130,45.0,550.0,73.5,625.0,60.0,50.0,28.6,28.6,26.0,18.0,13.0,15.0,STEEL,18.0,48.0,52.0,0.0,0.0,0.0,0.0,False,False,130.0,2.0,1.1,1.1,1.1,1.1,1.1,1.1,680.0,65.0,680.0,65.0,1.0,2,False,1.0,2.0,70.0,47.0,0.0,32.0,False,True,True,False,True,10.0,3,True,10.0,10.0,200,SPOKED,SPOKED,0.0,0.0,80.0,80.0,300.0,720.0,34.0,700.0,1.0
405,55,610,68.5,150,50.0,580.0,74.0,640.0,48.0,45.0,33.6,33.6,25.0,16.0,13.0,15.0,TITANIUM,14.0,52.0,60.0,0.0,0.0,0.0,0.0,False,False,135.0,2.0,1.0,1.0,1.0,1.0,1.0,1.0,670.0,62.0,670.0,62.0,1.0,1,False,1.0,3.0,68.0,48.0,0.0,33.0,False,False,False,False,True,12.0,1,False,192.0,192.0,192,SPOKED,SPOKED,0.0,0.0,80.0,80.0,285.0,710.0,35.0,660.0,1.0
450,50,575,70.0,100,40.0,600.0,72.0,660.0,50.0,40.0,28.6,30.0,23.35,14.0,13.0,15.0,BAMBOO,10.0,54.0,50.0,0.0,0.0,0.0,0.0,False,False,135.0,2.0,0.9,0.9,0.9,0.9,0.9,0.9,660.0,58.0,660.0,58.0,1.0,0,False,1.0,1.0,68.0,42.0,0.0,30.0,True,False,False,False,True,9.0,2,False,0.0,204.0,153,SPOKED,SPOKED,0.0,0.0,80.0,80.0,275.0,690.0,34.9,730.0,1.0
395,62,620,66.5,110,47.0,570.0,73.0,630.0,55.0,42.0,30.0,29.0,24.5,17.0,13.0,15.0,ALUMINIUM,16.0,50.0,48.0,0.0,0.0,0.0,0.0,False,False,130.0,2.0,1.1,1.1,1.1,1.1,1.1,1.1,650.0,54.0,650.0,54.0,1.0,2,False,1.0,1.0,70.0,44.0,0.0,32.0,False,False,True,False,True,11.0,1,True,255.0,125.0,0,SPOKED,SPOKED,0.0,0.0,80.0,80.0,295.0,695.0,34.9,720.0,1.0
408,58,585,69.5,125,50.0,565.0,74.0,625.0,52.0,46.0,31.0,32.0,23.35,15.5,13.0,15.0,CARBON,13.0,53.0,47.0,0.0,0.0,0.0,0.0,False,False,135.0,2.0,0.95,0.95,0.95,0.95,0.95,0.95,660.0,57.0,660.0,57.0,1.0,1,False,1.0,1.0,68.0,44.0,0.0,32.0,True,True,True,True,True,12.0,2,False,0.0,0.0,255,SPOKED,SPOKED,0.0,0.0,80.0,80.0,270.0,705.0,34.5,700.0,1.0
430,67,610,67.5,155,48.0,590.0,72.5,645.0,49.0,48.0,33.0,34.0,25.0,19.0,13.0,15.0,STEEL,17.0,51.0,53.0,0.0,0.0,0.0,0.0,False,False,130.0,2.0,1.05,1.05,1.05,1.05,1.05,1.05,680.0,66.0,680.0,66.0,1.0,0,False,1.0,2.0,69.0,46.0,0.0,33.0,False,True,False,False,True,11.0,1,False,128.0,0.0,128,SPOKED,SPOKED,0.0,0.0,80.0,80.0,285.0,715.0,34.0,710.0,2.0
385,63,595,70.5,118,45.0,555.0,73.0,635.0,53.0,44.0,32.0,33.0,24.0,16.0,13.0,15.0,TITANIUM,16.0,49.0,51.0,0.0,0.0,0.0,0.0,False,False,135.0,2.0,1.0,1.0,1.0,1.0,1.0,1.0,660.0,59.0,660.0,59.0,1.0,2,False,1.0,3.0,68.0,45.0,0.0,32.0,False,False,False,False,True,12.0,1,False,0.0,0.0,0,SPOKED,SPOKED,0.0,0.0,80.0,80.0,300.0,725.0,34.9,800.0,1.0
460,52,570,71.0,143,46.0,620.0,72.0,670.0,47.0,43.0,28.6,30.0,23.35,13.5,13.0,15.0,BAMBOO,11.0,58.0,45.0,0.0,0.0,0.0,0.0,False,False,135.0,2.0,0.9,0.9,0.9,0.9,0.9,0.9,670.0,60.0,670.0,60.0,1.0,1,False,1.0,1.0,68.0,43.0,0.0,31.0,True,True,True,True,True,9.0,2,True,0.0,255.0,204,SPOKED,SPOKED,0.0,0.0,80.0,80.0,290.0,685.0,34.0,750.0,1.0
420.0,60.0,560.0,67.0,120.0,50.0,500.0,74.0,660.0,50.0,45.0,28.6,36.5,23.35,15.0,15.0,9.0,CARBON,30.0,50.0,45.0,330.0,350.0,16.0,18.0,False,False,135.0,2.0,2.0,2.0,2.0,2.0,2.0,2.0,680.0,52.0,680.0,52.0,1.0,1,False,1.0,1.0,68.0,44.0,0.0,31.8,False,False,False,False,True,12.0,1,False,0.0,123.0,167,DISC,SPOKED,0.0,0.0,0.0,0.0,290.0,700.0,34.9,300.0,1.0
425.0,62.0,565.0,66.0,130.0,50.0,505.0,73.0,665.0,52.0,45.0,30.0,36.5,25.0,15.0,15.0,9.0,ALUMINIUM,32.0,52.0,45.0,330.0,350.0,16.0,18.0,False,False,135.0,2.0,2.0,2.0,2.0,2.0,2.0,2.0,680.0,52.0,680.0,52.0,1.0,0,False,1.0,1.0,68.0,46.0,0.0,31.8,False,False,False,False,True,11.0,1,False,10.0,100.0,200,DISC,DISC,0.0,0.0,0.0,0.0,295.0,710.0,35.0,305.0,1.0
430.0,65.0,570.0,68.0,125.0,55.0,510.0,75.0,670.0,48.0,45.0,28.6,36.5,23.35,16.0,15.0,9.0,CARBON,31.0,50.0,45.0,330.0,350.0,16.0,18.0,False,False,138.0,2.0,2.0,2.0,2.0,2.0,2.0,2.0,680.0,52.0,680.0,52.0,1.0,1,False,1.0,1.0,68.0,45.0,0.0,31.8,False,False,False,False,True,12.0,1,False,20.0,150.0,180,DISC,SPOKED,0.0,0.0,0.0,0.0,300.0,720.0,35.0,310.0,1.0
415.0,63.0,558.0,67.5,115.0,52.0,498.0,74.5,655.0,55.0,45.0,28.6,36.5,24.0,14.5,15.0,9.0,ALUMINIUM,29.0,49.0,46.0,330.0,350.0,16.0,18.0,False,False,135.0,2.0,2.0,2.0,2.0,2.0,2.0,2.0,680.0,52.0,680.0,52.0,1.0,1,False,1.0,1.0,68.0,44.0,0.0,31.8,False,False,False,False,True,10.0,1,False,0.0,200.0,255,DISC,SPOKED,0.0,0.0,0.0,0.0,285.0,705.0,35.0,295.0,1.0
440.0,60.0,575.0,66.5,140.0,48.0,520.0,73.5,675.0,45.0,45.0,28.6,36.5,23.35,15.0,15.0,9.0,STEEL,33.0,53.0,44.0,330.0,350.0,16.0,18.0,False,False,135.0,2.0,2.0,2.0,2.0,2.0,2.0,2.0,680.0,52.0,680.0,52.0,1.0,1,False,1.0,1.0,68.0,44.0,0.0,31.8,False,False,True,False,True,12.0,1,False,5.0,100.0,150,DISC,DISC,0.0,0.0,0.0,0.0,292.0,715.0,35.0,300.0,1.0
435.0,61.0,565.0,68.0,135.0,50.0,515.0,74.0,668.0,50.0,45.0,28.6,36.5,24.5,15.0,15.0,9.0,CARBON,32.0,51.0,45.5,330.0,350.0,16.0,18.0,False,False,132.0,2.0,2.0,2.0,2.0,2.0,2.0,2.0,680.0,52.0,680.0,52.0,1.0,1,False,1.0,1.0,68.0,45.0,0.0,31.8,False,False,False,False,True,11.0,1,False,50.0,123.0,200,DISC,SPOKED,0.0,0.0,0.0,0.0,288.0,705.0,35.0,300.0,1.0
420.0,64.0,580.0,67.0,118.0,49.0,508.0,73.5,660.0,47.0,45.0,28.6,36.5,23.35,14.0,15.0,9.0,BAMBOO,30.0,50.0,45.0,330.0,350.0,16.0,18.0,False,False,135.0,2.0,2.0,2.0,2.0,2.0,2.0,2.0,680.0,52.0,680.0,52.0,1.0,1,False,1.0,1.0,68.0,44.0,0.0,31.8,False,False,True,False,True,12.0,1,False,0.0,180.0,220,DISC,SPOKED,0.0,0.0,0.0,0.0,290.0,710.0,35.0,300.0,1.0
445.0,58.0,555.0,66.0,125.0,51.0,495.0,74.0,650.0,53.0,45.0,28.6,36.5,23.35,15.0,15.0,9.0,ALUMINIUM,31.0,49.0,46.0,330.0,350.0,16.0,18.0,False,False,136.0,2.0,2.0,2.0,2.0,2.0,2.0,2.0,680.0,52.0,680.0,52.0,1.0,1,False,1.0,1.0,68.0,44.0,0.0,31.8,False,False,False,False,True,13.0,1,False,10.0,150.0,255,DISC,SPOKED,0.0,0.0,0.0,0.0,295.0,720.0,35.0,300.0,1.0
430.0,62.0,568.0,67.5,122.0,53.0,503.0,73.0,662.0,49.0,45.0,28.6,36.5,24.0,15.0,15.0,9.0,STEEL,30.0,50.0,46.0,330.0,350.0,16.0,18.0,False,False,135.0,2.0,2.0,2.0,2.0,2.0,2.0,2.0,680.0,52.0,680.0,52.0,1.0,1,False,1.0,1.0,68.0,44.0,0.0,31.8,False,False,False,False,True,12.0,1,False,15.0,123.0,200,DISC,SPOKED,0.0,0.0,0.0,0.0,292.0,715.0,35.0,300.0,1.0
440.0,63.0,572.0,68.0,128.0,52.0,515.0,74.5,670.0,46.0,45.0,28.6,36.5,23.35,16.0,15.0,9.0,CARBON,32.0,52.0,45.0,330.0,350.0,16.0,18.0,False,False,134.0,2.0,2.0,2.0,2.0,2.0,2.0,2.0,680.0,52.0,680.0,52.0,1.0,1,False,1.0,1.0,68.0,44.0,0.0,31.8,False,False,False,False,True,11.0,1,False,0.0,123.0,167,DISC,SPOKED,0.0,0.0,0.0,0.0,297.0,725.0,35.0,305.0,1.0
390,65,580,66.0,110,45.0,510.0,73.0,630.0,45.0,50.0,28.0,34.9,36.5,23.35,13.0,15,ALUMINIUM,30.0,50.0,45.0,330.0,350.0,16.0,18,False,False,135.0,2.0,0.9,1.1,0.9,1.1,1.0,0.9,680.0,58.0,680.0,58.0,1.0,1,False,1.0,1.0,68.0,45.0,0.0,31.8,False,False,False,False,True,10.0,1,False,0.0,123.0,167,SPOKED,SPOKED,0.0,0.0,0.0,0.0,300.0,85.0,34.9,800.0,1.0
395,60,585,67.0,120,46.0,520.0,73.5,635.0,45.0,50.0,29.0,34.9,36.5,23.35,13.0,15,ALUMINIUM,30.0,50.0,45.0,330.0,350.0,16.0,18,False,False,135.0,2.0,0.9,1.1,0.9,1.1,1.0,0.9,680.0,58.0,680.0,58.0,1.0,1,False,1.0,1.0,68.0,45.0,0.0,31.8,False,False,False,False,True,10.0,1,False,0.0,123.0,167,SPOKED,SPOKED,0.0,0.0,0.0,0.0,300.0,85.0,34.9,800.0,1.0
400,62,590,68.0,130,47.0,530.0,74.0,640.0,45.0,50.0,30.0,34.9,36.5,23.35,13.0,15,ALUMINIUM,30.0,50.0,45.0,330.0,350.0,16.0,18,False,False,135.0,2.0,0.9,1.1,0.9,1.1,1.0,0.9,680.0,58.0,680.0,58.0,1.0,1,False,1.0,1.0,68.0,45.0,0.0,31.8,False,False,False,False,True,10.0,1,False,0.0,123.0,167,SPOKED,SPOKED,0.0,0.0,0.0,0.0,300.0,85.0,34.9,800.0,1.0
405,68,595,69.0,140,48.0,540.0,74.5,645.0,45.0,50.0,31.0,34.9,36.5,23.35,13.0,15,ALUMINIUM,30.0,50.0,45.0,330.0,350.0,16.0,18,False,False,135.0,2.0,0.9,1.1,0.9,1.1,1.0,0.9,680.0,58.0,680.0,58.0,1.0,1,False,1.0,1.0,68.0,45.0,0.0,31.8,False,False,False,False,True,10.0,1,False,0.0,123.0,167,SPOKED,SPOKED,0.0,0.0,0.0,0.0,300.0,85.0,34.9,800.0,1.0
410,64,600,70.0,150,49.0,550.0,75.0,650.0,45.0,50.0,32.0,34.9,36.5,23.35,13.0,15,ALUMINIUM,30.0,50.0,45.0,330.0,350.0,16.0,18,False,False,135.0,2.0,0.9,1.1,0.9,1.1,1.0,0.9,680.0,58.0,680.0,58.0,1.0,1,False,1.0,1.0,68.0,45.0,0.0,31.8,False,False,False,False,True,10.0,1,False,0.0,123.0,167,SPOKED,SPOKED,0.0,0.0,0.0,0.0,300.0,85.0,34.9,800.0,1.0
415,66,605,67.5,160,50.0,560.0,72.0,655.0,45.0,50.0,33.0,34.9,36.5,23.35,13.0,15,ALUMINIUM,30.0,50.0,45.0,330.0,350.0,16.0,18,False,False,135.0,2.0,0.9,1.1,0.9,1.1,1.0,0.9,680.0,58.0,680.0,58.0,1.0,1,False,1.0,1.0,68.0,45.0,0.0,31.8,False,False,False,False,True,10.0,1,False,0.0,123.0,167,SPOKED,SPOKED,0.0,0.0,0.0,0.0,300.0,85.0,34.9,800.0,1.0
420,63,610,68.5,170,55.0,570.0,72.5,660.0,45.0,50.0,34.0,34.9,36.5,23.35,13.0,15,ALUMINIUM,30.0,50.0,45.0,330.0,350.0,16.0,18,False,False,135.0,2.0,0.9,1.1,0.9,1.1,1.0,0.9,680.0,58.0,680.0,58.0,1.0,1,False,1.0,1.0,68.0,45.0,0.0,31.8,False,False,False,False,True,10.0,1,False,0.0,123.0,167,SPOKED,SPOKED,0.0,0.0,0.0,0.0,300.0,85.0,34.9,800.0,1.0
425,69,615,69.5,180,60.0,580.0,73.0,665.0,45.0,50.0,35.0,34.9,36.5,23.35,13.0,15,ALUMINIUM,30.0,50.0,45.0,330.0,350.0,16.0,18,False,False,135.0,2.0,0.9,1.1,0.9,1.1,1.0,0.9,680.0,58.0,680.0,58.0,1.0,1,False,1.0,1.0,68.0,45.0,0.0,31.8,False,False,False,False,True,10.0,1,False,0.0,123.0,167,SPOKED,SPOKED,0.0,0.0,0.0,0.0,300.0,85.0,34.9,800.0,1.0
430,61,620,70.5,100,50.0,590.0,74.0,670.0,45.0,50.0,36.0,34.9,36.5,23.35,13.0,15,ALUMINIUM,30.0,50.0,45.0,330.0,350.0,16.0,18,False,False,135.0,2.0,0.9,1.1,0.9,1.1,1.0,0.9,680.0,58.0,680.0,58.0,1.0,1,False,1.0,1.0,68.0,45.0,0.0,31.8,False,False,False,False,True,10.0,1,False,0.0,123.0,167,SPOKED,SPOKED,0.0,0.0,0.0,0.0,300.0,85.0,34.9,800.0,1.0
435,67,625,66.5,115,52.0,600.0,75.0,675.0,45.0,50.0,27.0,34.9,36.5,23.35,13.0,15,ALUMINIUM,30.0,50.0,45.0,330.0,350.0,16.0,18,False,False,135.0,2.0,0.9,1.1,0.9,1.1,1.0,0.9,680.0,58.0,680.0,58.0,1.0,1,False,1.0,1.0,68.0,45.0,0.0,31.8,False,False,False,False,True,10.0,1,False,0.0,123.0,167,SPOKED,SPOKED,0.0,0.0,0.0,0.0,300.0,85.0,34.9,800.0,1.0
430.0,45.0,620.0,66.0,110.0,50.0,460.0,73.0,620.0,45.0,50.0,30.0,35.0,28.0,25.0,15.0,10.0,ALUMINIUM,30.0,30.0,40.0,0.0,0.0,0.0,0.0,False,False,148.0,3.0,2.5,3.0,2.5,2.0,2.0,2.8,680.0,58.0,680.0,58.0,1.0,1,False,1.0,1.0,68.0,44.0,0.0,34.0,False,True,False,False,True,12.0,1,False,0.0,100.0,200,DISC,SPOKED,0.0,0.0,0.0,0.0,280.0,700.0,35.0,300.0,1.0
432.0,50.0,630.0,67.0,105.0,55.0,470.0,74.0,630.0,50.0,50.0,32.0,36.0,29.0,26.0,16.0,12.0,CARBON,35.0,32.0,42.0,0.0,0.0,0.0,0.0,False,False,148.0,2.5,2.0,2.5,2.0,2.0,2.0,2.5,690.0,60.0,690.0,60.0,1.0,1,False,1.0,1.0,68.0,44.0,0.0,35.0,True,True,False,False,True,12.0,1,False,0.0,120.0,180,DISC,DISC,0.0,0.0,0.0,0.0,295.0,720.0,36.0,310.0,1.0
425.0,40.0,610.0,68.0,115.0,52.0,450.0,73.5,610.0,44.0,48.0,30.0,34.0,28.0,25.0,15.0,10.0,STEEL,32.0,30.0,38.0,0.0,0.0,0.0,0.0,False,False,148.0,3.0,3.0,3.0,3.0,2.5,2.5,2.5,680.0,58.0,680.0,58.0,1.0,1,False,1.0,1.0,68.0,42.0,0.0,33.0,False,True,False,False,True,11.0,1,False,50.0,150.0,200,SPOKED,SPOKED,0.0,0.0,300.0,700.0,34.0,280.0,1.0,,
440.0,42.0,640.0,66.0,120.0,60.0,490.0,72.0,640.0,46.0,55.0,33.0,38.0,30.0,26.0,16.0,12.0,TITANIUM,38.0,34.0,45.0,0.0,0.0,0.0,0.0,False,False,148.0,2.8,2.5,2.8,2.5,2.0,2.0,2.5,700.0,60.0,700.0,60.0,1.0,1,False,1.0,1.0,68.0,45.0,0.0,36.0,True,True,False,False,True,12.0,1,False,100.0,180.0,200,DISC,SPOKED,0.0,0.0,310.0,730.0,38.0,320.0,1.0,,
428.0,38.0,605.0,68.5,108.0,50.0,455.0,74.0,615.0,43.0,50.0,31.0,36.0,29.0,25.0,14.0,10.0,CARBON,30.0,28.0,40.0,0.0,0.0,0.0,0.0,False,False,148.0,2.5,2.0,2.5,2.0,1.8,1.8,2.0,685.0,56.0,685.0,56.0,1.0,2,False,1.0,3.0,68.0,42.0,0.0,34.0,False,True,False,False,True,12.0,1,False,0.0,80.0,160,DISC,DISC,0.0,0.0,290.0,710.0,36.0,290.0,3.0,,
435.0,47.0,615.0,67.5,112.0,55.0,480.0,73.0,625.0,47.0,50.0,35.0,40.0,32.0,28.0,15.0,11.0,BAMBOO,34.0,32.0,42.0,0.0,0.0,0.0,0.0,False,False,148.0,2.5,2.5,3.0,2.5,2.0,2.0,2.5,690.0,60.0,690.0,60.0,1.0,1,False,1.0,1.0,68.0,50.0,0.0,38.0,False,True,False,False,True,11.0,1,False,0.0,150.0,100,DISC,SPOKED,0.0,0.0,305.0,720.0,40.0,300.0,1.0,,
420.0,40.0,600.0,69.0,100.0,45.0,440.0,75.0,600.0,42.0,45.0,28.0,32.0,27.0,24.0,15.0,9.0,OTHER,28.0,26.0,35.0,0.0,0.0,0.0,0.0,False,False,148.0,3.0,2.5,3.0,2.5,2.0,2.0,2.0,670.0,54.0,670.0,54.0,1.0,1,False,1.0,1.0,68.0,40.0,0.0,32.0,False,False,False,False,True,10.0,1,False,150.0,75.0,0,SPOKED,SPOKED,0.0,0.0,280.0,680.0,32.0,270.0,1.0,,
435.0,50.0,650.0,65.0,125.0,60.0,500.0,72.0,650.0,48.0,55.0,40.0,45.0,35.0,30.0,20.0,15.0,CARBON,40.0,36.0,50.0,0.0,0.0,0.0,0.0,False,False,148.0,3.0,3.0,3.5,3.0,2.5,2.5,3.0,700.0,60.0,700.0,60.0,1.0,2,False,1.0,2.0,68.0,50.0,0.0,40.0,True,True,False,False,True,12.0,2,False,20.0,20.0,100,DISC,DISC,0.0,0.0,320.0,740.0,45.0,350.0,2.0,,
438.0,45.0,625.0,68.0,108.0,52.0,475.0,73.0,635.0,46.0,50.0,30.0,37.0,29.0,27.0,15.0,11.0,ALUMINIUM,32.0,31.0,42.0,0.0,0.0,0.0,0.0,False,False,148.0,2.8,2.4,2.8,2.4,2.0,2.0,2.4,685.0,58.0,685.0,58.0,1.0,1,False,1.0,1.0,68.0,44.0,0.0,35.0,True,False,False,False,True,11.0,1,False,0.0,120.0,220,SPOKED,DISC,0.0,0.0,295.0,710.0,37.0,300.0,1.0,,
433.0,48.0,618.0,67.0,103.0,58.0,490.0,74.0,628.0,45.0,45.0,32.0,36.0,29.0,26.0,14.0,9.0,STEEL,35.0,33.0,40.0,0.0,0.0,0.0,0.0,False,False,148.0,3.0,2.5,3.0,2.5,2.0,2.0,2.5,680.0,58.0,680.0,58.0,1.0,1,False,1.0,1.0,68.0,43.0,0.0,34.0,False,True,True,False,True,12.0,1,True,100.0,0.0,200,SPOKED,SPOKED,0.0,0.0,300.0,705.0,36.0,315.0,1.0,,
430.0,50.0,600.0,67.0,120.0,45.0,500.0,73.0,650.0,50.0,45.0,30.0,36.0,23.35,30.0,13.0,15.0,ALUMINIUM,30.0,45.0,50.0,330.0,350.0,16.0,18.0,False,False,135.0,2.0,1.0,1.1,0.9,1.2,1.0,0.9,650.0,60.0,650.0,60.0,1.0,0,False,1.0,1.0,68.0,45.0,0.0,31.8,True,True,False,False,False,12.0,1,False,0.0,50.0,200,SPOKED,SPOKED,0.0,0.0,0.0,0.0,280.0,780.0,36.0,300.0,1.0
435.0,55.0,610.0,68.0,130.0,50.0,520.0,74.0,660.0,50.0,45.0,30.0,36.0,23.35,30.0,13.0,15.0,CARBON,30.0,45.0,50.0,330.0,350.0,16.0,18.0,False,False,135.0,2.0,1.0,1.1,0.9,1.2,1.0,0.9,650.0,60.0,650.0,60.0,1.0,1,False,1.0,1.0,68.0,45.0,0.0,31.8,True,True,False,False,False,11.0,1,False,50.0,100.0,200,SPOKED,SPOKED,0.0,0.0,0.0,0.0,280.0,780.0,36.0,300.0,1.0
425.0,50.0,590.0,66.0,110.0,40.0,480.0,72.0,640.0,50.0,45.0,30.0,36.0,23.35,30.0,13.0,15.0,STEEL,30.0,45.0,50.0,330.0,350.0,16.0,18.0,False,False,135.0,2.0,1.0,1.1,0.9,1.2,1.0,0.9,650.0,60.0,650.0,60.0,1.0,2,False,1.0,1.0,68.0,45.0,0.0,31.8,True,True,False,False,False,12.0,1,False,80.0,80.0,180,SPOKED,SPOKED,0.0,0.0,0.0,0.0,280.0,780.0,36.0,300.0,1.0
440.0,50.0,620.0,67.0,140.0,45.0,500.0,73.0,650.0,50.0,45.0,30.0,36.0,23.35,30.0,13.0,15.0,TITANIUM,30.0,45.0,50.0,330.0,350.0,16.0,18.0,False,False,135.0,2.0,1.0,1.1,0.9,1.2,1.0,0.9,650.0,60.0,650.0,60.0,1.0,0,False,1.0,1.0,68.0,45.0,0.0,31.8,True,True,False,False,False,10.0,1,False,100.0,50.0,220,SPOKED,SPOKED,0.0,0.0,0.0,0.0,280.0,780.0,36.0,300.0,1.0
445.0,55.0,605.0,68.0,125.0,50.0,520.0,74.0,660.0,50.0,45.0,30.0,36.0,23.35,30.0,13.0,15.0,BAMBOO,30.0,45.0,50.0,330.0,350.0,16.0,18.0,False,False,135.0,2.0,1.0,1.1,0.9,1.2,1.0,0.9,650.0,60.0,650.0,60.0,1.0,1,False,1.0,1.0,68.0,45.0,0.0,31.8,True,True,False,False,False,11.0,1,False,0.0,80.0,200,SPOKED,SPOKED,0.0,0.0,0.0,0.0,280.0,780.0,36.0,300.0,1.0
450.0,50.0,600.0,67.0,120.0,45.0,500.0,73.0,650.0,50.0,45.0,30.0,36.0,23.35,30.0,13.0,15.0,OTHER,30.0,45.0,50.0,330.0,350.0,16.0,18.0,False,False,135.0,2.0,1.0,1.1,0.9,1.2,1.0,0.9,650.0,60.0,650.0,60.0,1.0,2,False,1.0,1.0,68.0,45.0,0.0,31.8,True,True,False,False,False,12.0,1,False,50.0,50.0,200,SPOKED,SPOKED,0.0,0.0,0.0,0.0,280.0,780.0,36.0,300.0,1.0
455.0,45.0,595.0,66.0,115.0,40.0,480.0,72.0,640.0,50.0,45.0,30.0,36.0,23.35,30.0,13.0,15.0,ALUMINIUM,30.0,45.0,50.0,330.0,350.0,16.0,18.0,False,False,135.0,2.0,1.0,1.1,0.9,1.2,1.0,0.9,650.0,60.0,650.0,60.0,1.0,0,False,1.0,1.0,68.0,45.0,0.0,31.8,True,True,False,False,False,11.0,1,False,0.0,100.0,200,SPOKED,SPOKED,0.0,0.0,0.0,0.0,280.0,780.0,36.0,300.0,1.0
460.0,50.0,615.0,69.0,135.0,45.0,500.0,73.0,650.0,50.0,45.0,30.0,36.0,23.35,30.0,13.0,15.0,CARBON,30.0,45.0,50.0,330.0,350.0,16.0,18.0,False,False,135.0,2.0,1.0,1.1,0.9,1.2,1.0,0.9,650.0,60.0,650.0,60.0,1.0,1,False,1.0,1.0,68.0,45.0,0.0,31.8,True,True,False,False,False,12.0,1,False,20.0,60.0,200,SPOKED,SPOKED,0.0,0.0,0.0,0.0,280.0,780.0,36.0,300.0,1.0
465.0,50.0,605.0,67.0,125.0,50.0,520.0,74.0,660.0,50.0,45.0,30.0,36.0,23.35,30.0,13.0,15.0,STEEL,30.0,45.0,50.0,330.0,350.0,16.0,18.0,False,False,135.0,2.0,1.0,1.1,0.9,1.2,1.0,0.9,650.0,60.0,650.0,60.0,1.0,2,False,1.0,1.0,68.0,45.0,0.0,31.8,True,True,False,False,False,10.0,1,False,100.0,0.0,200,SPOKED,SPOKED,0.0,0.0,0.0,0.0,280.0,780.0,36.0,300.0,1.0
470.0,55.0,600.0,68.0,130.0,45.0,500.0,73.0,650.0,50.0,45.0,30.0,36.0,23.35,30.0,13.0,15.0,TITANIUM,30.0,45.0,50.0,330.0,350.0,16.0,18.0,False,False,135.0,2.0,1.0,1.1,0.9,1.2,1.0,0.9,650.0,60.0,650.0,60.0,1.0,0,False,1.0,1.0,68.0,45.0,0.0,31.8,True,True,False,False,False,12.0,1,False,0.0,60.0,200,SPOKED,SPOKED,0.0,0.0,0.0,0.0,280.0,780.0,36.0,300.0,1.0
430.0,70.0,590.0,73.5,150.0,50.0,580.0,73.0,660.0,55.0,45.0,40.0,30.0,36.5,36.5,13.0,15.0,CARBON,30.0,45.0,45.0,330.0,350.0,16.0,18.0,True,True,135.0,2.0,0.9,1.1,0.9,1.2,1.0,0.9,675.0,50.0,675.0,50.0,1.0,1,False,1.0,1.0,70.0,45.0,0.0,31.8,False,False,True,False,True,12.0,1,False,50.0,100.0,200,SPOKED,SPOKED,0.0,0.0,0.0,0.0,280.0,720.0,34.9,350.0,1.0
420.0,65.0,600.0,72.5,160.0,55.0,590.0,74.0,655.0,60.0,45.0,42.0,30.0,36.5,36.5,13.0,15.0,STEEL,32.0,47.0,47.0,330.0,350.0,16.0,18.0,False,False,135.0,2.0,1.0,1.1,0.9,1.2,1.0,0.9,690.0,40.0,690.0,40.0,1.0,0,False,1.0,1.0,75.0,50.0,0.0,34.0,True,False,True,False,False,12.0,2,False,100.0,100.0,255,TRISPOKE,TRISPOKE,1.0,1.0,50.0,50.0,280.0,740.0,34.9,360.0,1.0
410.0,80.0,580.0,74.0,140.0,52.0,570.0,73.5,650.0,55.0,40.0,45.0,32.0,36.5,36.5,13.0,15.0,ALUMINIUM,28.0,42.0,42.0,330.0,350.0,16.0,18.0,False,False,135.0,1.8,0.8,1.0,0.8,1.1,0.9,0.9,680.0,45.0,680.0,45.0,1.0,2,False,1.0,3.0,70.0,44.0,0.0,32.0,False,True,False,False,True,11.0,1,False,0.0,128.0,255,SPOKED,SPOKED,0.0,0.0,0.0,0.0,275.0,710.0,35.0,340.0,2.0
440.0,75.0,605.0,72.0,155.0,58.0,600.0,74.0,670.0,58.0,45.0,38.0,34.0,36.5,36.5,13.0,15.0,TITANIUM,31.0,46.0,46.0,330.0,350.0,16.0,18.0,False,False,135.0,2.0,1.0,1.2,1.0,1.2,1.0,1.0,700.0,50.0,700.0,50.0,1.0,1,False,1.0,1.0,75.0,48.0,0.0,33.0,False,True,False,False,False,10.0,1,False,0.0,100.0,180,DISC,DISC,0.0,0.0,0.0,0.0,290.0,730.0,36.0,360.0,1.0
425.0,68.0,595.0,73.0,148.0,53.0,585.0,73.5,660.0,56.0,40.0,42.0,32.0,36.5,36.5,13.0,15.0,BAMBOO,29.0,44.0,44.0,330.0,350.0,16.0,18.0,True,False,135.0,1.5,0.8,1.0,0.8,1.1,0.9,0.9,690.0,42.0,690.0,42.0,1.0,2,False,1.0,1.0,70.0,42.0,0.0,34.0,True,False,True,True,True,11.0,2,True,0.0,150.0,200,SPOKED,DISC,0.0,0.0,0.0,0.0,270.0,715.0,34.0,345.0,1.0
435.0,72.0,590.0,74.0,142.0,51.0,575.0,73.0,655.0,54.0,45.0,40.0,30.0,36.5,36.5,13.0,15.0,OTHER,28.0,43.0,43.0,330.0,350.0,16.0,18.0,False,False,135.0,2.0,0.9,1.1,0.9,1.2,1.0,0.9,680.0,45.0,680.0,45.0,1.0,0,False,1.0,3.0,70.0,43.0,0.0,33.0,False,True,False,False,False,12.0,1,False,120.0,200.0,255,SPOKED,SPOKED,0.0,0.0,0.0,0.0,285.0,725.0,34.9,355.0,2.0
450.0,65.0,610.0,71.5,158.0,60.0,605.0,74.5,680.0,62.0,45.0,38.0,35.0,36.5,36.5,13.0,15.0,STEEL,33.0,48.0,48.0,330.0,350.0,16.0,18.0,False,True,135.0,2.1,1.1,1.2,1.0,1.2,1.0,1.1,695.0,48.0,695.0,48.0,1.0,1,False,1.0,1.0,80.0,50.0,0.0,35.0,False,False,False,False,True,11.0,2,False,30.0,144.0,255,SPOKED,DISC,0.0,0.0,0.0,0.0,290.0,735.0,37.0,365.0,1.0
395.0,70.0,580.0,74.5,138.0,54.0,560.0,73.0,640.0,53.0,40.0,46.0,33.0,36.5,36.5,13.0,15.0,CARBON,27.0,41.0,41.0,330.0,350.0,16.0,18.0,False,False,135.0,1.7,0.8,1.0,0.8,1.1,0.9,0.9,670.0,42.0,670.0,42.0,1.0,2,False,1.0,1.0,68.0,44.0,0.0,32.0,False,True,False,False,True,12.0,1,False,100.0,100.0,205,DISC,SPOKED,0.0,0.0,0.0,0.0,260.0,720.0,33.0,330.0,1.0
415.0,78.0,570.0,73.0,145.0,56.0,565.0,73.8,650.0,57.0,45.0,43.0,31.0,36.5,36.5,13.0,15.0,ALUMINIUM,26.0,42.0,42.0,330.0,350.0,16.0,18.0,False,False,135.0,2.0,0.9,1.1,0.9,1.2,1.0,0.9,682.0,46.0,682.0,46.0,1.0,0,False,1.0,3.0,72.0,44.0,0.0,33.0,True,True,True,False,False,11.0,1,False,0.0,150.0,255,SPOKED,SPOKED,0.0,0.0,0.0,0.0,275.0,710.0,32.0,345.0,2.0
405.0,66.0,600.0,72.0,162.0,59.0,595.0,74.2,670.0,61.0,45.0,41.0,34.0,36.5,36.5,13.0,15.0,STEEL,34.0,49.0,49.0,330.0,350.0,16.0,18.0,True,True,135.0,2.0,1.0,1.2,1.0,1.2,1.0,1.0,695.0,48.0,695.0,48.0,1.0,1,False,1.0,1.0,78.0,49.0,0.0,35.0,False,True,True,True,False,12.0,2,False,0.0,128.0,200,DISC,DISC,0.0,0.0,0.0,0.0,295.0,745.0,37.0,370.0,1.0
420,70,590,73.0,160,45.0,550.0,74.0,630.0,45.0,40.0,30.0,36.0,23.0,18.0,13.0,15,CARBON,40.0,42.0,50.0,330.0,350.0,16.0,18,False,False,135.0,2.0,0.9,1.1,0.9,1.2,1.0,0.9,650.0,50.0,650.0,50.0,1.0,1,False,1.0,1.0,68.0,45.0,0.0,31.8,False,True,False,False,True,11.0,1,False,70.0,130.0,180,SPOKED,SPOKED,0.0,0.0,0.0,0.0,300.0,720.0,34.9,300.0,1.0
430,65,600,72.0,170,50.0,560.0,73.0,640.0,45.0,42.0,32.0,36.0,23.0,20.0,13.0,15,ALUMINIUM,45.0,40.0,52.0,330.0,350.0,16.0,18,False,False,135.0,2.0,0.9,1.1,0.9,1.2,1.0,0.9,650.0,50.0,650.0,50.0,1.0,2,False,1.0,1.0,68.0,45.0,0.0,31.8,True,True,False,False,True,12.0,1,False,70.0,130.0,185,SPOKED,SPOKED,0.0,0.0,0.0,0.0,300.0,720.0,34.9,300.0,1.0
400,75,570,74.0,150,48.0,540.0,75.0,620.0,45.0,40.0,28.0,36.0,23.0,18.0,13.0,15,STEEL,38.0,45.0,48.0,330.0,350.0,16.0,18,False,False,135.0,2.0,0.9,1.1,0.9,1.2,1.0,0.9,650.0,50.0,650.0,50.0,1.0,0,False,1.0,1.0,68.0,45.0,0.0,31.8,True,False,False,True,True,10.0,2,False,65.0,125.0,175,SPOKED,SPOKED,0.0,0.0,0.0,0.0,310.0,710.0,35.0,290.0,1.0
415,70,580,73.0,165,47.0,555.0,74.0,635.0,48.0,40.0,30.0,37.0,23.0,19.0,13.0,15,TITANIUM,42.0,43.0,51.0,330.0,350.0,16.0,18,False,False,135.0,2.0,0.9,1.1,0.9,1.2,1.0,0.9,650.0,50.0,650.0,50.0,1.0,1,False,1.0,1.0,68.0,47.0,0.0,31.8,True,False,False,True,True,11.0,1,False,75.0,140.0,190,SPOKED,SPOKED,0.0,0.0,0.0,0.0,295.0,715.0,34.9,310.0,2.0
440,60,550,74.0,155,44.0,530.0,75.0,600.0,50.0,45.0,31.0,36.0,24.0,18.0,13.0,15,BAMBOO,35.0,41.0,47.0,330.0,350.0,16.0,18,False,False,135.0,2.0,0.9,1.1,0.9,1.2,1.0,0.9,650.0,55.0,650.0,55.0,1.0,1,False,1.0,1.0,68.0,45.0,0.0,31.8,False,True,True,True,True,12.0,1,False,68.0,128.0,180,SPOKED,SPOKED,0.0,0.0,0.0,0.0,300.0,730.0,34.9,300.0,1.0
410,68,605,72.0,172,46.0,565.0,73.0,645.0,45.0,40.0,29.0,36.0,23.0,19.0,13.0,15,CARBON,48.0,44.0,53.0,330.0,350.0,16.0,18,False,False,135.0,2.0,0.9,1.1,0.9,1.2,1.0,0.9,650.0,50.0,650.0,50.0,1.0,2,False,1.0,1.0,68.0,45.0,0.0,31.8,True,True,False,False,True,10.0,2,False,72.0,135.0,182,SPOKED,SPOKED,0.0,0.0,0.0,0.0,305.0,725.0,34.9,300.0,1.0
425,72,595,73.5,168,49.0,555.0,74.5,640.0,45.0,40.0,30.0,36.0,23.0,18.0,13.0,15,ALUMINIUM,43.0,46.0,49.0,330.0,350.0,16.0,18,False,False,135.0,2.0,0.9,1.1,0.9,1.2,1.0,0.9,650.0,50.0,650.0,50.0,1.0,0,False,1.0,1.0,68.0,45.0,0.0,31.8,False,False,False,False,True,11.0,1,False,70.0,132.0,178,SPOKED,SPOKED,0.0,0.0,0.0,0.0,302.0,712.0,34.9,300.0,1.0
395,80,565,71.0,158,45.0,545.0,75.0,615.0,45.0,40.0,30.0,36.0,23.0,18.0,13.0,15,STEEL,39.0,42.0,49.0,330.0,350.0,16.0,18,False,False,135.0,2.0,0.9,1.1,0.9,1.2,1.0,0.9,650.0,50.0,650.0,50.0,1.0,1,False,1.0,1.0,68.0,45.0,0.0,31.8,False,True,False,False,True,9.0,1,False,68.0,129.0,177,SPOKED,SPOKED,0.0,0.0,0.0,0.0,298.0,718.0,34.9,300.0,1.0
430,67,600,74.0,175,46.0,570.0,73.0,650.0,45.0,40.0,30.0,36.0,23.0,18.0,13.0,15,TITANIUM,50.0,45.0,55.0,330.0,350.0,16.0,18,False,False,135.0,2.0,0.9,1.1,0.9,1.2,1.0,0.9,650.0,50.0,650.0,50.0,1.0,1,False,1.0,1.0,68.0,45.0,0.0,31.8,True,True,True,False,True,12.0,1,False,75.0,140.0,185,SPOKED,SPOKED,0.0,0.0,0.0,0.0,305.0,730.0,34.9,300.0,2.0
405,70,585,72.5,162,47.0,560.0,74.0,638.0,45.0,40.0,30.0,36.0,23.0,18.0,13.0,15,OTHER,42.0,43.0,52.0,330.0,350.0,16.0,18,False,False,135.0,2.0,0.9,1.1,0.9,1.2,1.0,0.9,650.0,50.0,650.0,50.0,1.0,1,False,1.0,1.0,68.0,45.0,0.0,31.8,True,False,False,True,True,11.0,2,False,72.0,138.0,182,SPOKED,SPOKED,0.0,0.0,0.0,0.0,300.0,715.0,34.9,305.0,1.0
450.0,60.0,570.0,67.0,120.0,45.0,500.0,73.0,650.0,45.0,45.0,40.0,36.0,30.0,25.0,13.0,15.0,ALUMINIUM,28.0,50.0,50.0,0.0,0.0,0.0,0.0,False,False,135.0,2.0,1.0,1.0,1.0,0.9,0.9,0.9,680.0,55.0,680.0,55.0,1.0,1,False,1.0,1.0,68.0,45.0,0.0,31.8,False,True,False,False,True,10.0,1,False,0.0,127.0,255,SPOKED,SPOKED,0.0,0.0,80.0,80.0,280.0,80.0,34.9,720.0,1.0
420.0,55.0,590.0,68.0,100.0,40.0,520.0,73.0,640.0,50.0,45.0,35.0,45.0,28.0,22.0,14.0,15.0,CARBON,25.0,50.0,46.0,0.0,0.0,0.0,0.0,False,False,142.0,1.5,1.0,1.0,1.0,1.0,1.0,1.0,700.0,45.0,700.0,45.0,1.0,0,False,1.0,1.0,70.0,44.0,0.0,30.0,True,True,False,False,True,12.0,1,False,0.0,191.0,255,TRISPOKE,SPOKED,1.0,0.0,80.0,80.0,290.0,82.0,40.0,750.0,1.0
480.0,65.0,550.0,69.0,150.0,42.0,540.0,74.0,660.0,46.0,50.0,40.0,38.0,32.0,25.0,12.0,16.0,STEEL,30.0,48.0,50.0,0.0,0.0,0.0,0.0,False,False,135.0,2.0,1.0,1.0,1.0,1.0,1.0,1.0,676.0,50.0,676.0,50.0,1.0,2,False,1.0,1.0,68.0,46.0,0.0,32.0,False,False,True,True,False,10.0,2,False,0.0,0.0,128,DISC,DISC,0.0,0.0,80.0,80.0,285.0,78.0,36.0,730.0,1.0
430.0,70.0,595.0,66.0,130.0,48.0,560.0,72.0,655.0,44.0,43.0,42.0,37.0,29.0,24.0,13.5,14.0,TITANIUM,27.0,53.0,48.0,0.0,0.0,0.0,0.0,False,False,142.0,2.0,1.2,1.2,1.2,1.0,1.0,1.0,680.0,48.0,680.0,48.0,1.0,1,False,1.0,1.0,68.0,45.0,0.0,32.0,True,False,False,False,False,11.0,1,True,32.0,178.0,170,SPOKED,DISC,0.0,0.0,80.0,80.0,295.0,85.0,38.0,760.0,1.0
440.0,60.0,580.0,68.0,110.0,44.0,550.0,74.0,645.0,44.0,44.0,50.0,42.0,34.0,28.0,14.0,16.0,BAMBOO,25.0,45.0,47.0,150.0,0.0,16.0,0.0,True,False,135.0,2.0,1.0,1.0,1.0,1.0,1.0,1.0,680.0,50.0,680.0,50.0,1.0,2,False,1.0,2.0,68.0,45.0,0.0,30.0,False,True,True,True,True,8.0,1,False,0.0,100.0,0,SPOKED,SPOKED,0.0,0.0,80.0,80.0,300.0,80.0,34.9,700.0,2.0
460.0,75.0,610.0,67.0,90.0,46.0,530.0,73.0,665.0,40.0,42.0,50.0,45.0,35.0,30.0,13.0,15.0,OTHER,20.0,55.0,52.0,0.0,0.0,0.0,0.0,False,False,142.0,2.0,1.0,1.0,1.0,1.0,1.0,1.0,700.0,45.0,700.0,45.0,1.0,2,False,1.0,1.0,68.0,44.0,0.0,32.0,True,False,False,False,False,9.0,1,False,128.0,0.0,128,DISC,DISC,0.0,0.0,80.0,80.0,285.0,85.0,40.0,770.0,0.0
430.0,65.0,600.0,66.0,115.0,43.0,545.0,72.0,660.0,47.0,45.0,40.0,37.0,30.0,24.0,12.5,15.0,ALUMINIUM,28.0,52.0,48.0,0.0,0.0,0.0,0.0,False,False,135.0,2.0,1.0,1.0,1.0,1.0,1.0,1.0,680.0,55.0,680.0,55.0,1.0,0,False,1.0,3.0,68.0,45.0,0.0,32.0,False,True,False,False,True,10.0,2,False,0.0,0.0,255,TRISPOKE,TRISPOKE,2.0,2.0,60.0,60.0,300.0,78.0,36.0,745.0,1.0
425.0,57.0,585.0,69.0,105.0,41.0,555.0,75.0,650.0,43.0,40.0,35.0,35.0,28.0,22.0,14.0,15.0,CARBON,23.0,47.0,45.0,140.0,20.0,15.0,15.0,True,True,142.0,1.0,1.0,1.0,1.0,1.0,1.0,1.0,700.0,45.0,700.0,45.0,1.0,1,False,1.0,2.0,68.0,42.0,0.0,30.0,True,False,False,False,True,11.0,1,False,255.0,140.0,0,DISC,SPOKED,0.0,0.0,80.0,80.0,290.0,83.0,38.0,760.0,1.0
475.0,68.0,610.0,67.0,140.0,46.0,565.0,74.0,670.0,42.0,48.0,43.0,39.0,32.0,28.0,13.0,15.0,STEEL,29.0,49.0,52.0,0.0,0.0,0.0,0.0,False,False,135.0,2.0,1.0,1.0,1.0,1.0,1.0,1.0,676.0,52.0,676.0,52.0,1.0,2,False,1.0,1.0,68.0,45.0,0.0,32.0,False,False,True,True,False,9.0,3,True,139.0,69.0,19,SPOKED,DISC,0.0,0.0,80.0,80.0,305.0,81.0,37.0,740.0,2.0
440.0,64.0,605.0,68.0,125.0,45.0,550.0,73.0,655.0,45.0,47.0,38.0,36.0,29.0,23.0,12.8,15.0,TITANIUM,26.0,50.0,49.0,0.0,0.0,0.0,0.0,False,False,142.0,2.0,1.2,1.2,1.2,1.0,1.0,1.2,680.0,49.0,680.0,49.0,1.0,0,False,1.0,3.0,70.0,45.0,0.0,32.0,True,False,False,False,True,10.0,1,False,64.0,224.0,208,DISC,DISC,0.0,0.0,80.0,80.0,295.0,84.0,35.0,765.0,1.0
405,65,630,67.0,105,200.0,550.0,73.0,620.0,50.0,50.0,35.0,36.5,30.0,30.0,15.0,9,ALUMINIUM,22.0,45.0,50.0,330.0,350.0,16.0,18,False,False,135.0,2.0,1.0,1.2,1.0,1.0,1.0,1.0,680.0,50.0,680.0,50.0,1.0,1,False,1.0,1.0,68.0,45.0,0.0,31.8,False,False,False,False,True,11.0,1,False,0.0,123.0,167,SPOKED,SPOKED,0.0,0.0,0.0,0.0,280.0,760.0,34.9,300.0,1.0
410,68,640,66.8,110,210.0,560.0,73.5,630.0,52.0,50.0,36.0,36.5,30.0,30.0,15.0,9,ALUMINIUM,24.0,48.0,52.0,330.0,350.0,16.0,18,False,False,135.0,2.2,1.1,1.1,1.0,1.0,1.0,1.0,680.0,50.0,680.0,50.0,1.0,1,False,1.0,1.0,68.0,45.0,0.0,31.8,False,False,False,False,True,11.0,1,False,0.0,123.0,167,SPOKED,SPOKED,0.0,0.0,0.0,0.0,280.0,762.0,34.9,320.0,1.0
415,70,650,67.2,115,220.0,570.0,72.8,640.0,50.0,45.0,34.0,36.5,30.0,30.0,15.0,9,ALUMINIUM,23.0,46.0,48.0,330.0,350.0,16.0,18,False,False,135.0,2.1,1.0,1.3,1.0,1.1,1.0,1.0,680.0,50.0,680.0,50.0,1.0,2,False,1.0,1.0,68.0,45.0,0.0,31.8,False,False,False,False,True,11.0,1,False,0.0,123.0,167,SPOKED,SPOKED,0.0,0.0,0.0,0.0,285.0,765.0,34.9,310.0,1.0
420,72,620,67.4,120,190.0,540.0,73.2,650.0,54.0,50.0,35.0,36.5,30.0,30.0,15.0,9,ALUMINIUM,25.0,50.0,53.0,330.0,350.0,16.0,18,False,False,135.0,2.0,1.2,1.2,1.0,1.1,1.0,1.0,680.0,50.0,680.0,50.0,1.0,1,False,1.0,1.0,68.0,45.0,0.0,31.8,False,False,False,False,True,11.0,1,False,0.0,123.0,167,SPOKED,SPOKED,0.0,0.0,0.0,0.0,275.0,755.0,34.9,305.0,1.0
425,67,635,67.6,108,205.0,565.0,73.1,630.0,53.0,52.0,36.0,36.5,30.0,30.0,15.0,9,ALUMINIUM,21.0,44.0,51.0,330.0,350.0,16.0,18,False,False,135.0,2.3,1.1,1.2,1.1,1.0,1.0,1.0,680.0,50.0,680.0,50.0,1.0,1,False,1.0,1.0,68.0,45.0,0.0,31.8,False,False,False,False,True,11.0,1,False,0.0,123.0,167,SPOKED,SPOKED,0.0,0.0,0.0,0.0,290.0,770.0,34.9,330.0,1.0
430,70,645,66.9,112,215.0,580.0,72.9,640.0,52.0,50.0,35.0,36.5,30.0,30.0,15.0,9,ALUMINIUM,22.0,47.0,50.0,330.0,350.0,16.0,18,False,False,135.0,2.1,1.0,1.1,1.0,1.0,1.0,1.0,680.0,50.0,680.0,50.0,1.0,1,False,1.0,1.0,68.0,45.0,0.0,31.8,False,False,False,False,True,11.0,1,False,0.0,123.0,167,SPOKED,SPOKED,0.0,0.0,0.0,0.0,300.0,780.0,34.9,295.0,1.0
435,69,655,67.1,118,225.0,575.0,73.3,650.0,51.0,48.0,36.0,36.5,30.0,30.0,15.0,9,ALUMINIUM,26.0,49.0,54.0,330.0,350.0,16.0,18,False,False,135.0,2.0,1.1,1.2,1.0,1.0,1.0,1.0,680.0,50.0,680.0,50.0,1.0,2,False,1.0,1.0,68.0,45.0,0.0,31.8,False,False,False,False,True,11.0,1,False,0.0,123.0,167,SPOKED,SPOKED,0.0,0.0,0.0,0.0,295.0,775.0,34.9,315.0,1.0
440,66,635,67.3,109,195.0,555.0,73.0,630.0,50.0,50.0,34.0,36.5,30.0,30.0,15.0,9,ALUMINIUM,23.0,45.0,49.0,330.0,350.0,16.0,18,False,False,135.0,2.2,1.2,1.3,1.0,1.0,1.0,1.0,680.0,50.0,680.0,50.0,1.0,1,False,1.0,1.0,68.0,45.0,0.0,31.8,False,False,False,False,True,11.0,1,False,0.0,123.0,167,SPOKED,SPOKED,0.0,0.0,0.0,0.0,270.0,745.0,34.9,290.0,1.0
445,65,660,66.7,106,210.0,590.0,73.4,640.0,53.0,51.0,35.0,36.5,30.0,30.0,15.0,9,ALUMINIUM,24.0,48.0,52.0,330.0,350.0,16.0,18,False,False,135.0,2.0,1.0,1.1,1.0,1.1,1.0,1.0,680.0,50.0,680.0,50.0,1.0,1,False,1.0,1.0,68.0,45.0,0.0,31.8,False,False,False,False,True,11.0,1,False,0.0,123.0,167,SPOKED,SPOKED,0.0,0.0,0.0,0.0,285.0,765.0,34.9,325.0,1.0
450,68,650,66.6,114,230.0,600.0,72.7,650.0,54.0,49.0,36.0,36.5,30.0,30.0,15.0,9,ALUMINIUM,25.0,50.0,55.0,330.0,350.0,16.0,18,False,False,135.0,2.1,1.1,1.2,1.0,1.0,1.0,1.0,680.0,50.0,680.0,50.0,1.0,1,False,1.0,1.0,68.0,45.0,0.0,31.8,False,False,False,False,True,11.0,1,False,0.0,123.0,167,SPOKED,SPOKED,0.0,0.0,0.0,0.0,300.0,785.0,34.9,340.0,1.0
