CS textfield,BB textfield,Stack,Head angle,Head tube length textfield,Seat stay junction0,Seat tube length,Seat angle,DT Length,FORK0R,BB diameter,ttd,dtd,csd,ssd,Chain stay position on BB,SSTopZOFFSET,MATERIAL,Head tube upper extension2,Seat tube extension2,Head tube lower extension2,SEATSTAYbrdgshift,CHAINSTAYbrdgshift,SEATSTAYbrdgdia1,CHAINSTAYbrdgdia1,SEATSTAYbrdgCheck,CHAINSTAYbrdgCheck,Dropout spacing,Wall thickness Bottom Bracket,Wall thickness Top tube,Wall thickness Head tube,Wall thickness Down tube,Wall thickness Chain stay,Wall thickness Seat stay,Wall thickness Seat tube,Wheel diameter front,RDBSD,Wheel diameter rear,FDBSD,Fork type,Stem kind,Display AEROBARS,Handlebar style,Head tube type,BB length,Head tube diameter,Wheel cut,Seat tube diameter,bottle SEATTUBE0 show,bottle DOWNTUBE0 show,Front Fender include,Rear Fender include,BELTorCHAIN,Number of cogs,Number of chainrings,Display RACK,FIRST color R_RGB,FIRST color G_RGB,FIRST color B_RGB,RIM_STYLE front,RIM_STYLE rear,SPOKES composite front,SPOKES composite rear,SBLADEW front,SBLADEW rear,Saddle length,Saddle height,Down tube diameter,Seatpost LENGTH,Seat tube type
400.0,70.0,580.0,73.0,150.0,50.0,580.0,73.0,630.0,50.0,45.0,50.0,30.0,36.5,22.0,15.0,9.0,STEEL,30.0,40.0,45.0,330.0,350.0,16.0,18.0,False,False,130.0,2.0,1.0,1.0,1.2,1.0,0.9,1.1,680.0,60.0,680.0,60.0,0,0,False,0,1.0,68.0,45.0,692.0,31.8,False,False,False,False,True,11,2,False,255.0,255.0,255.0,SPOKED,SPOKED,0,0.0,80.0,80.0,300.0,780.0,34.0,300.0,1.0
410.0,65.0,600.0,72.5,160.0,55.0,600.0,74.0,640.0,52.0,50.0,45.0,28.6,37.0,25.0,15.0,9.0,STEEL,32.0,42.0,43.0,330.0,350.0,16.0,18.0,False,False,130.0,2.0,1.1,1.0,1.2,1.0,0.9,1.1,674.0,55.0,674.0,55.0,0,1,False,0,1.0,68.0,50.0,692.0,31.8,False,False,False,False,True,10,2,False,255.0,255.0,255.0,SPOKED,SPOKED,0,0.0,80.0,80.0,295.0,790.0,34.0,310.0,1.0
420.0,75.0,620.0,73.5,140.0,60.0,620.0,73.5,650.0,50.0,45.0,48.0,30.0,36.5,20.0,14.0,9.0,STEEL,35.0,45.0,40.0,330.0,350.0,16.0,18.0,False,False,135.0,2.0,1.1,1.0,1.2,1.0,0.9,1.1,690.0,60.0,690.0,60.0,0,2,False,0,3.0,68.0,45.0,692.0,31.8,False,False,False,False,True,11,1,False,255.0,255.0,255.0,SPOKED,SPOKED,0,0.0,80.0,80.0,305.0,800.0,34.5,320.0,1.0
430.0,68.0,640.0,72.0,165.0,65.0,580.0,71.0,635.0,48.0,48.0,50.0,33.0,36.5,24.0,15.0,9.0,STEEL,34.0,40.0,42.0,330.0,350.0,16.0,18.0,False,False,132.0,2.0,1.1,1.0,1.2,1.0,0.9,1.1,680.0,65.0,680.0,65.0,0,1,False,0,1.0,68.0,45.0,692.0,31.8,False,False,False,False,True,10,2,False,255.0,255.0,255.0,SPOKED,SPOKED,0,0.0,80.0,80.0,300.0,770.0,34.0,310.0,1.0
440.0,62.0,560.0,74.0,155.0,50.0,600.0,74.0,620.0,53.0,44.0,46.0,29.0,36.5,23.0,15.0,9.0,STEEL,33.0,38.0,47.0,330.0,350.0,16.0,18.0,False,False,130.0,2.0,1.1,1.0,1.2,1.0,0.9,1.1,674.0,58.0,674.0,58.0,0,0,False,0,0.0,68.0,45.0,692.0,31.8,False,False,False,False,True,11,2,False,255.0,255.0,255.0,SPOKED,SPOKED,0,0.0,80.0,80.0,290.0,760.0,34.0,300.0,1.0
450.0,70.0,650.0,72.0,170.0,60.0,620.0,73.0,660.0,49.0,47.0,52.0,31.0,36.5,26.0,15.0,9.0,STEEL,36.0,46.0,44.0,330.0,350.0,16.0,18.0,False,False,135.0,2.0,1.1,1.0,1.2,1.0,0.9,1.1,694.0,70.0,694.0,70.0,0,1,False,0,1.0,68.0,45.0,692.0,31.8,False,False,False,False,True,10,2,False,255.0,255.0,255.0,SPOKED,SPOKED,0,0.0,80.0,80.0,305.0,805.0,34.8,330.0,1.0
460.0,67.0,630.0,73.5,160.0,55.0,590.0,72.0,645.0,51.0,45.0,49.0,32.0,36.5,25.0,15.0,9.0,STEEL,35.0,43.0,46.0,330.0,350.0,16.0,18.0,False,False,130.0,2.0,1.1,1.0,1.2,1.0,0.9,1.1,680.0,65.0,680.0,65.0,0,2,False,0,1.0,68.0,45.0,692.0,31.8,False,False,False,False,True,9,2,False,255.0,255.0,255.0,SPOKED,SPOKED,0,0.0,80.0,80.0,300.0,780.0,35.0,320.0,1.0
470.0,65.0,570.0,74.0,145.0,50.0,580.0,74.5,625.0,52.0,44.0,48.0,28.6,36.5,23.0,15.0,9.0,STEEL,33.0,38.0,47.0,330.0,350.0,16.0,18.0,False,False,130.0,2.0,1.1,1.0,1.2,1.0,0.9,1.1,674.0,58.0,674.0,58.0,0,0,False,0,1.0,68.0,45.0,692.0,31.8,False,False,False,False,True,11,2,False,255.0,255.0,255.0,SPOKED,SPOKED,0,0.0,80.0,80.0,295.0,760.0,34.0,300.0,1.0
480.0,60.0,550.0,75.0,150.0,45.0,560.0,75.0,610.0,54.0,43.0,47.0,29.0,36.5,22.0,15.0,9.0,STEEL,31.0,36.0,48.0,330.0,350.0,16.0,18.0,False,False,130.0,2.0,1.1,1.0,1.2,1.0,0.9,1.1,674.0,60.0,674.0,60.0,0,1,False,0,1.0,68.0,45.0,692.0,31.8,False,False,False,False,True,10,2,False,255.0,255.0,255.0,SPOKED,SPOKED,0,0.0,80.0,80.0,290.0,750.0,29.0,300.0,1.0
390.0,72.0,595.0,72.2,155.0,52.0,595.0,73.2,635.0,50.0,46.0,49.0,31.5,36.5,24.0,15.0,9.0,STEEL,34.0,42.0,45.0,330.0,350.0,16.0,18.0,False,False,135.0,2.0,1.1,1.0,1.2,1.0,0.9,1.1,680.0,65.0,680.0,65.0,0,2,False,0,1.0,68.0,45.0,692.0,31.8,False,False,False,False,True,11,2,False,255.0,255.0,255.0,SPOKED,SPOKED,0,0.0,80.0,80.0,298.0,785.0,31.5,315.0,1.0
420.0,70.0,600.0,73.0,180.0,50.0,550.0,73.0,650.0,50.0,40.0,28.6,36.0,36.5,23.35,13.0,15.0,STEEL,35.0,40.0,45.0,330.0,350.0,16.0,18.0,False,False,130.0,1.2,1.2,1.2,1.2,1.2,1.2,1.2,668.0,23.0,668.0,23.0,0,0,False,0,1.0,68.0,45.0,0.0,31.8,False,False,False,False,True,11,2,False,255.0,255.0,255.0,DISC,SPOKED,0,0.0,0.0,0.0,280.0,760.0,34.9,300.0,1.0
415.0,65.0,580.0,72.5,170.0,48.0,540.0,72.0,640.0,50.0,40.0,28.6,36.0,36.5,23.35,13.0,15.0,STEEL,35.0,40.0,45.0,330.0,350.0,16.0,18.0,False,False,130.0,1.2,1.2,1.2,1.2,1.2,1.2,1.2,668.0,23.0,668.0,23.0,0,1,False,0,1.0,68.0,45.0,0.0,31.8,False,False,False,False,True,11,2,False,255.0,255.0,255.0,DISC,DISC,0,0.0,0.0,0.0,285.0,760.0,34.9,300.0,1.0
430.0,72.0,620.0,74.0,190.0,52.0,560.0,74.0,660.0,52.0,40.0,28.6,36.0,36.5,23.35,13.0,15.0,STEEL,35.0,40.0,45.0,330.0,350.0,16.0,18.0,False,False,130.0,1.2,1.2,1.2,1.2,1.2,1.2,1.2,668.0,23.0,668.0,23.0,0,2,False,0,2.0,68.0,45.0,0.0,31.8,False,False,False,False,True,11,2,False,255.0,255.0,255.0,DISC,SPOKED,0,0.0,0.0,0.0,290.0,760.0,34.9,300.0,2.0
400.0,60.0,560.0,72.0,160.0,47.0,530.0,73.0,630.0,48.0,40.0,28.6,36.0,36.5,23.35,13.0,15.0,STEEL,33.0,38.0,44.0,330.0,350.0,16.0,18.0,False,False,130.0,1.2,1.2,1.2,1.2,1.2,1.2,1.2,668.0,23.0,668.0,23.0,0,0,False,0,1.0,68.0,45.0,0.0,31.8,False,False,False,False,True,11,2,False,255.0,255.0,255.0,DISC,DISC,0,0.0,0.0,0.0,275.0,760.0,34.9,300.0,1.0
435.0,75.0,650.0,75.0,200.0,55.0,570.0,75.0,670.0,55.0,40.0,28.6,36.0,36.5,23.35,13.0,15.0,STEEL,35.0,42.0,48.0,330.0,350.0,16.0,18.0,False,False,130.0,1.2,1.2,1.2,1.2,1.2,1.2,1.2,668.0,23.0,668.0,23.0,0,1,False,0,1.0,68.0,45.0,0.0,31.8,False,False,False,False,True,11,2,False,255.0,255.0,255.0,DISC,DISC,0,0.0,0.0,0.0,295.0,760.0,34.9,300.0,1.0
445.0,68.0,630.0,73.0,185.0,50.0,580.0,73.0,660.0,50.0,40.0,28.6,36.0,36.5,23.35,13.0,15.0,STEEL,36.0,42.0,46.0,330.0,350.0,16.0,18.0,False,False,130.0,1.2,1.2,1.2,1.2,1.2,1.2,1.2,668.0,23.0,668.0,23.0,0,2,False,0,0.0,68.0,45.0,0.0,31.8,False,False,False,False,True,11,2,False,255.0,255.0,255.0,SPOKED,SPOKED,0,0.0,0.0,0.0,300.0,760.0,34.9,300.0,1.0
425.0,65.0,610.0,71.0,175.0,50.0,565.0,71.0,650.0,50.0,40.0,28.6,36.0,36.5,23.35,13.0,15.0,STEEL,34.0,40.0,44.0,330.0,350.0,16.0,18.0,False,False,130.0,1.2,1.2,1.2,1.2,1.2,1.2,1.2,668.0,23.0,668.0,23.0,0,1,False,0,2.0,68.0,45.0,0.0,31.8,False,False,False,False,True,11,2,False,255.0,255.0,255.0,SPOKED,DISC,0,0.0,0.0,0.0,285.0,760.0,34.9,300.0,2.0
410.0,62.0,570.0,72.0,165.0,48.0,545.0,72.0,640.0,48.0,40.0,28.6,36.0,36.5,23.35,13.0,15.0,STEEL,33.0,38.0,44.0,330.0,350.0,16.0,18.0,False,False,130.0,1.2,1.2,1.2,1.2,1.2,1.2,1.2,668.0,23.0,668.0,23.0,0,0,False,0,0.0,68.0,45.0,0.0,31.8,False,False,False,False,True,11,2,False,255.0,255.0,255.0,DISC,SPOKED,0,0.0,0.0,0.0,270.0,760.0,34.9,300.0,1.0
435.0,70.0,640.0,74.0,195.0,53.0,575.0,74.0,665.0,52.0,40.0,28.6,36.0,36.5,23.35,13.0,15.0,STEEL,35.0,42.0,47.0,330.0,350.0,16.0,18.0,False,False,130.0,1.2,1.2,1.2,1.2,1.2,1.2,1.2,668.0,23.0,668.0,23.0,0,2,False,0,2.0,68.0,45.0,0.0,31.8,False,False,False,False,True,11,2,False,255.0,255.0,255.0,DISC,DISC,0,0.0,0.0,0.0,295.0,760.0,34.9,300.0,2.0
440.0,66.0,615.0,72.8,182.0,51.0,570.0,72.8,655.0,51.0,40.0,28.6,36.0,36.5,23.35,13.0,15.0,STEEL,35.0,40.0,45.0,330.0,350.0,16.0,18.0,False,False,130.0,1.2,1.2,1.2,1.2,1.2,1.2,1.2,668.0,23.0,668.0,23.0,0,1,False,0,1.0,68.0,45.0,0.0,31.8,False,False,False,False,True,11,2,False,255.0,255.0,255.0,SPOKED,DISC,0,0.0,0.0,0.0,290.0,760.0,34.9,300.0,1.0
410.0,70.0,610.0,73.0,160.0,45.0,545.0,73.0,640.0,45.0,40.0,28.6,36.5,23.35,23.35,13.0,15.0,STEEL,32.0,48.0,48.0,330.0,350.0,16.0,18.0,False,False,130.0,2.0,0.9,1.1,0.9,1.2,1.0,0.9,674.0,52.0,674.0,52.0,0,0,False,0,1.0,68.0,45.0,0.0,31.8,False,True,False,False,True,11,2,False,255.0,255.0,255.0,SPOKED,SPOKED,0,0.0,0.0,0.0,278.0,780.0,34.9,300.0,1.0
405.0,72.0,605.0,72.5,155.0,47.0,540.0,72.0,635.0,44.0,40.0,30.0,36.5,23.35,23.35,13.0,15.0,STEEL,31.0,47.0,47.0,330.0,350.0,16.0,18.0,False,False,130.0,2.0,0.9,1.1,0.9,1.2,1.0,0.9,674.0,52.0,674.0,52.0,0,1,False,0,1.0,68.0,45.0,0.0,31.8,False,True,False,False,True,11,2,False,255.0,255.0,255.0,SPOKED,SPOKED,0,0.0,0.0,0.0,280.0,770.0,34.9,300.0,1.0
415.0,70.0,615.0,73.0,165.0,46.0,550.0,73.0,645.0,46.0,40.0,29.0,36.5,23.35,23.35,13.0,15.0,STEEL,33.0,49.0,49.0,330.0,350.0,16.0,18.0,False,False,130.0,2.0,0.9,1.1,0.9,1.2,1.0,0.9,674.0,52.0,674.0,52.0,0,2,False,0,1.0,68.0,45.0,0.0,31.8,False,True,False,False,True,12,2,False,255.0,255.0,255.0,SPOKED,SPOKED,0,0.0,0.0,0.0,278.0,785.0,34.9,300.0,1.0
420.0,68.0,620.0,73.5,170.0,44.0,548.0,73.5,642.0,45.5,40.0,28.6,36.5,23.35,23.35,13.0,15.0,STEEL,34.0,48.0,50.0,330.0,350.0,16.0,18.0,False,False,130.0,2.0,0.9,1.1,0.9,1.2,1.0,0.9,674.0,52.0,674.0,52.0,0,0,False,0,1.0,68.0,45.0,0.0,31.8,False,True,False,False,True,11,2,False,255.0,255.0,255.0,SPOKED,SPOKED,0,0.0,0.0,0.0,276.0,775.0,34.9,300.0,1.0
400.0,70.0,600.0,72.8,150.0,48.0,535.0,72.8,630.0,43.0,40.0,28.6,36.5,23.35,23.35,13.0,15.0,STEEL,30.0,46.0,46.0,330.0,350.0,16.0,18.0,False,False,130.0,2.0,0.9,1.1,0.9,1.2,1.0,0.9,674.0,52.0,674.0,52.0,0,0,False,0,1.0,68.0,45.0,0.0,31.8,False,True,False,False,True,11,2,False,255.0,255.0,255.0,SPOKED,SPOKED,0,0.0,0.0,0.0,282.0,765.0,34.9,300.0,1.0
395.0,75.0,590.0,72.0,145.0,49.0,530.0,72.0,625.0,44.5,40.0,28.6,36.5,23.35,23.35,13.0,15.0,STEEL,29.0,45.0,45.0,330.0,350.0,16.0,18.0,False,False,130.0,2.0,0.9,1.1,0.9,1.2,1.0,0.9,674.0,52.0,674.0,52.0,0,0,False,0,1.0,68.0,45.0,0.0,31.8,False,True,False,False,True,11,2,False,255.0,255.0,255.0,SPOKED,SPOKED,0,0.0,0.0,0.0,274.0,790.0,34.9,300.0,1.0
430.0,70.0,630.0,73.2,175.0,45.0,555.0,73.2,650.0,46.0,40.0,28.6,36.5,23.35,23.35,13.0,15.0,STEEL,35.0,50.0,50.0,330.0,350.0,16.0,18.0,False,False,130.0,2.0,0.9,1.1,0.9,1.2,1.0,0.9,674.0,52.0,674.0,52.0,0,0,False,0,1.0,68.0,45.0,0.0,31.8,False,True,False,False,True,11,2,False,255.0,255.0,255.0,SPOKED,SPOKED,0,0.0,0.0,0.0,286.0,780.0,34.9,300.0,1.0
435.0,69.0,625.0,73.0,172.0,46.0,560.0,73.0,648.0,45.0,40.0,28.6,36.5,23.35,23.35,13.0,15.0,STEEL,34.5,49.0,49.0,330.0,350.0,16.0,18.0,False,False,130.0,2.0,0.9,1.1,0.9,1.2,1.0,0.9,674.0,52.0,674.0,52.0,0,0,False,0,1.0,68.0,45.0,0.0,31.8,False,True,False,False,True,11,2,False,255.0,255.0,255.0,SPOKED,SPOKED,0,0.0,0.0,0.0,284.0,772.0,34.9,300.0,1.0
390.0,71.0,595.0,72.7,158.0,47.0,538.0,72.7,638.0,43.5,40.0,28.6,36.5,23.35,23.35,13.0,15.0,STEEL,32.0,47.0,47.0,330.0,350.0,16.0,18.0,False,False,130.0,2.0,0.9,1.1,0.9,1.2,1.0,0.9,674.0,52.0,674.0,52.0,0,0,False,0,1.0,68.0,45.0,0.0,31.8,False,True,False,False,True,11,2,False,255.0,255.0,255.0,SPOKED,SPOKED,0,0.0,0.0,0.0,279.0,767.0,34.9,300.0,1.0
425.0,73.5,635.0,73.5,180.0,44.0,550.0,73.5,655.0,46.5,40.0,28.6,36.5,23.35,23.35,13.0,15.0,STEEL,36.0,51.0,51.0,330.0,350.0,16.0,18.0,False,False,130.0,2.0,0.9,1.1,0.9,1.2,1.0,0.9,674.0,52.0,674.0,52.0,0,0,False,0,1.0,68.0,45.0,0.0,31.8,False,True,False,False,True,11,2,False,255.0,255.0,255.0,SPOKED,SPOKED,0,0.0,0.0,0.0,290.0,788.0,34.9,300.0,1.0
420.0,70.0,600.0,73.5,175.0,50.0,540.0,73.0,640.0,50.0,40.0,28.6,36.5,23.35,13.0,13.0,15.0,STEEL,30.0,40.0,45.0,330.0,350.0,16.0,18.0,False,False,130.0,1.2,1.2,1.2,1.2,1.2,1.2,1.2,680.0,121.0,680.0,121.0,0,1,False,0,1.0,45.0,45.0,0.0,45.0,False,False,False,False,True,11,2,False,240.0,240.0,240.0,SPOKED,SPOKED,0,0.0,80.0,80.0,278.0,680.0,36.5,300.0,1.0
415.0,68.0,610.0,74.0,165.0,50.0,550.0,74.0,650.0,50.0,40.0,28.6,36.5,23.35,13.0,13.0,15.0,STEEL,32.0,38.0,45.0,330.0,350.0,16.0,18.0,False,False,130.0,1.2,1.2,1.2,1.2,1.2,1.2,1.2,680.0,121.0,680.0,121.0,0,1,False,0,1.0,45.0,45.0,0.0,45.0,False,False,False,False,True,11,2,False,240.0,240.0,240.0,SPOKED,SPOKED,0,0.0,80.0,80.0,278.0,685.0,36.5,305.0,1.0
430.0,66.0,590.0,73.0,185.0,52.0,530.0,72.0,630.0,48.0,40.0,28.6,36.5,23.35,13.0,13.0,15.0,STEEL,28.0,42.0,45.0,330.0,350.0,16.0,18.0,False,False,130.0,1.2,1.2,1.2,1.2,1.2,1.2,1.2,680.0,121.0,680.0,121.0,0,1,False,0,1.0,45.0,45.0,0.0,45.0,False,False,False,False,True,12,2,False,240.0,240.0,240.0,SPOKED,SPOKED,0,0.0,80.0,80.0,280.0,675.0,36.5,295.0,1.0
425.0,75.0,605.0,72.5,170.0,48.0,545.0,73.5,645.0,52.0,40.0,28.6,36.5,23.35,13.0,13.0,15.0,STEEL,30.0,45.0,45.0,330.0,350.0,16.0,18.0,False,False,130.0,1.2,1.2,1.2,1.2,1.2,1.2,1.2,680.0,121.0,680.0,121.0,0,1,False,0,1.0,45.0,45.0,0.0,45.0,False,False,False,False,True,11,2,False,245.0,245.0,245.0,SPOKED,SPOKED,0,0.0,80.0,80.0,278.0,690.0,36.5,310.0,1.0
410.0,65.0,595.0,73.8,180.0,50.0,535.0,72.8,635.0,49.0,40.0,28.6,36.5,23.35,13.0,13.0,15.0,STEEL,27.0,38.0,45.0,330.0,350.0,16.0,18.0,False,False,130.0,1.2,1.2,1.2,1.2,1.2,1.2,1.2,680.0,121.0,680.0,121.0,0,1,False,0,1.0,45.0,45.0,0.0,45.0,False,False,False,False,True,10,2,False,230.0,230.0,230.0,SPOKED,SPOKED,0,0.0,80.0,80.0,280.0,670.0,36.5,290.0,1.0
435.0,72.0,615.0,74.2,160.0,52.0,555.0,73.2,655.0,51.0,40.0,28.6,36.5,23.35,13.0,13.0,15.0,STEEL,33.0,43.0,45.0,330.0,350.0,16.0,18.0,False,False,130.0,1.2,1.2,1.2,1.2,1.2,1.2,1.2,680.0,121.0,680.0,121.0,0,1,False,0,1.0,45.0,45.0,0.0,45.0,False,False,False,False,True,11,1,False,235.0,235.0,235.0,SPOKED,SPOKED,0,0.0,80.0,80.0,278.0,695.0,36.5,315.0,1.0
418.0,70.0,620.0,73.3,175.0,50.0,540.0,73.0,640.0,50.0,40.0,28.6,36.5,23.35,13.0,13.0,15.0,STEEL,31.0,40.0,45.0,330.0,350.0,16.0,18.0,False,False,130.0,1.2,1.2,1.2,1.2,1.2,1.2,1.2,680.0,121.0,680.0,121.0,0,1,False,0,1.0,45.0,45.0,0.0,45.0,False,False,False,False,True,13,2,False,250.0,250.0,250.0,SPOKED,SPOKED,0,0.0,80.0,80.0,285.0,700.0,36.5,300.0,1.0
412.0,68.0,600.0,73.6,172.0,50.0,542.0,73.4,642.0,49.0,40.0,28.6,36.5,23.35,13.0,13.0,15.0,STEEL,29.0,41.0,45.0,330.0,350.0,16.0,18.0,False,False,130.0,1.2,1.2,1.2,1.2,1.2,1.2,1.2,680.0,121.0,680.0,121.0,0,1,False,0,1.0,45.0,45.0,0.0,45.0,False,False,False,False,True,11,2,False,238.0,238.0,238.0,SPOKED,SPOKED,0,0.0,80.0,80.0,278.0,678.0,36.5,300.0,1.0
428.0,74.0,605.0,72.8,168.0,50.0,548.0,72.9,648.0,50.0,40.0,28.6,36.5,23.35,13.0,13.0,15.0,STEEL,31.5,39.0,45.0,330.0,350.0,16.0,18.0,False,False,130.0,1.2,1.2,1.2,1.2,1.2,1.2,1.2,680.0,121.0,680.0,121.0,0,1,False,0,1.0,45.0,45.0,0.0,45.0,False,False,False,False,True,11,3,False,242.0,242.0,242.0,SPOKED,SPOKED,0,0.0,80.0,80.0,278.0,692.0,36.5,300.0,1.0
422.0,69.0,610.0,73.1,177.0,50.0,538.0,73.1,638.0,51.0,40.0,28.6,36.5,23.35,13.0,13.0,15.0,STEEL,30.0,40.0,45.0,330.0,350.0,16.0,18.0,False,False,130.0,1.2,1.2,1.2,1.2,1.2,1.2,1.2,680.0,121.0,680.0,121.0,0,1,False,0,1.0,45.0,45.0,0.0,45.0,False,False,False,False,True,11,2,False,247.0,247.0,247.0,SPOKED,SPOKED,0,0.0,80.0,80.0,280.0,690.0,36.5,305.0,1.0
410.0,70.0,600.0,73.0,150.0,50.0,540.0,73.0,550.0,50.0,40.0,28.6,36.5,23.35,23.35,15.0,9.0,STEEL,30.0,50.0,45.0,200.0,0.0,16.0,0.0,True,False,130.0,2.0,0.9,1.1,0.9,1.2,1.0,0.9,680.0,121.0,680.0,121.0,0,0,False,0,1.0,68.0,45.0,0.0,31.8,False,False,False,False,True,11,2,False,255.0,255.0,255.0,SPOKED,SPOKED,0,0.0,0.0,0.0,275.0,80.0,36.5,700.0,1.0
415.0,70.0,610.0,74.0,160.0,55.0,550.0,74.0,560.0,45.0,42.0,30.0,38.0,24.0,24.0,14.0,9.5,STEEL,32.0,52.0,46.0,0.0,120.0,0.0,17.0,False,True,130.0,2.2,1.0,1.2,1.0,1.3,1.1,1.0,700.0,120.0,700.0,120.0,0,1,False,0,3.0,68.0,46.0,0.0,32.0,False,True,False,False,True,12,2,False,255.0,255.0,255.0,SPOKED,SPOKED,0,0.0,0.0,0.0,280.0,85.0,38.0,720.0,1.0
420.0,72.0,595.0,72.0,140.0,50.0,530.0,72.0,540.0,52.0,42.0,29.0,37.0,23.0,23.0,16.0,8.0,STEEL,28.0,48.0,44.0,210.0,115.0,16.0,16.0,True,True,130.0,2.0,0.8,1.0,0.8,1.1,1.0,0.8,685.0,115.0,685.0,115.0,0,2,False,0,1.0,70.0,44.0,0.0,32.0,True,True,True,True,True,11,2,False,255.0,255.0,255.0,SPOKED,SPOKED,0,1.0,0.0,60.0,290.0,82.0,37.0,710.0,1.0
405.0,68.0,605.0,73.5,155.0,52.0,545.0,73.0,555.0,48.0,40.0,28.6,36.5,23.5,23.5,15.0,9.0,STEEL,31.0,51.0,45.0,0.0,0.0,0.0,0.0,False,False,130.0,2.0,0.9,1.1,0.9,1.2,1.0,0.9,680.0,118.0,680.0,118.0,0,0,False,0,1.0,68.0,45.0,0.0,31.8,True,False,True,False,True,10,2,False,255.0,255.0,255.0,SPOKED,SPOKED,0,0.0,0.0,0.0,285.0,78.0,36.5,730.0,1.0
408.0,70.0,598.0,72.0,145.0,53.0,538.0,72.5,548.0,50.0,40.0,28.6,36.5,23.35,23.35,15.0,9.0,STEEL,29.0,49.0,44.0,200.0,0.0,16.0,0.0,True,False,130.0,2.0,0.85,1.05,0.85,1.15,1.05,0.85,680.0,120.0,680.0,120.0,0,0,False,0,1.0,68.0,44.0,0.0,31.8,False,False,False,False,True,11,2,False,255.0,255.0,255.0,SPOKED,TRISPOKE,0,1.0,0.0,60.0,295.0,83.0,36.5,720.0,1.0
412.0,70.0,602.0,73.0,152.0,54.0,542.0,73.0,552.0,48.0,40.0,28.6,36.5,23.35,23.35,15.0,9.0,STEEL,30.0,50.0,45.0,0.0,115.0,0.0,16.0,False,True,130.0,2.0,0.9,1.1,0.9,1.2,1.0,0.9,680.0,122.0,680.0,122.0,2,0,False,0,1.0,68.0,45.0,0.0,31.8,False,False,False,False,True,11,2,False,255.0,255.0,255.0,SPOKED,SPOKED,0,0.0,0.0,0.0,275.0,80.0,36.5,740.0,1.0
400.0,69.0,590.0,74.0,130.0,50.0,535.0,74.0,545.0,51.0,40.0,28.6,36.5,23.35,23.35,15.0,9.0,STEEL,27.0,47.0,43.0,0.0,0.0,0.0,0.0,False,False,130.0,2.0,0.9,1.2,0.9,1.2,1.0,0.9,685.0,118.0,685.0,118.0,0,1,False,0,3.0,68.0,47.0,0.0,32.2,True,False,False,False,True,10,2,False,255.0,255.0,255.0,SPOKED,SPOKED,0,0.0,0.0,0.0,265.0,79.0,36.5,720.0,1.0
418.0,70.0,607.0,73.0,158.0,56.0,548.0,73.2,558.0,50.0,40.0,28.6,36.5,23.35,23.35,15.0,9.0,STEEL,33.0,53.0,46.0,205.0,110.0,16.0,16.0,True,True,130.0,2.0,0.9,1.1,0.9,1.2,1.0,0.9,680.0,119.0,680.0,119.0,0,0,False,0,1.0,68.0,45.0,0.0,31.8,True,True,False,False,True,11,2,True,255.0,255.0,255.0,SPOKED,SPOKED,0,0.0,0.0,0.0,280.0,84.0,36.5,730.0,1.0
413.0,70.0,600.0,73.2,150.0,54.0,542.0,73.0,552.0,49.0,40.0,28.6,36.5,23.35,23.35,15.0,9.0,STEEL,30.0,50.0,45.0,0.0,110.0,0.0,16.0,False,True,130.0,2.0,0.9,1.1,0.9,1.2,1.0,0.9,700.0,115.0,680.0,120.0,0,0,False,0,1.0,68.0,45.0,0.0,31.8,False,False,False,False,True,11,2,False,255.0,255.0,255.0,DISC,SPOKED,0,0.0,0.0,0.0,300.0,82.0,36.5,725.0,1.0
407.0,70.0,603.0,73.8,148.0,53.0,543.0,73.5,549.0,47.0,40.0,28.6,36.5,23.35,23.35,15.0,9.0,STEEL,31.0,51.0,45.0,200.0,0.0,16.0,0.0,True,False,130.0,2.0,0.9,1.1,0.9,1.2,1.0,0.9,682.0,119.0,682.0,119.0,0,1,False,0,1.0,68.0,45.0,0.0,31.8,False,True,False,False,True,11,2,False,255.0,255.0,255.0,SPOKED,SPOKED,0,0.0,0.0,0.0,280.0,81.0,36.5,735.0,1.0
500.0,80.0,660.0,72.5,200.0,50.0,550.0,72.0,660.0,50.0,45.0,28.6,36.5,23.35,13.0,15.0,9.0,STEEL,33.0,42.0,50.0,330.0,350.0,16.0,18.0,False,False,130.0,2.0,0.9,1.1,0.9,1.2,1.0,0.9,680.0,121.0,680.0,121.0,0,0,False,0,1.0,68.0,45.0,0.0,31.8,False,False,False,False,True,11,2,False,255.0,255.0,255.0,SPOKED,SPOKED,1,1.0,80.0,80.0,278.0,760.0,34.9,300.0,1.0
490.0,75.0,655.0,73.0,190.0,52.0,560.0,71.5,655.0,52.0,50.0,28.6,36.5,23.35,13.0,15.0,9.0,STEEL,32.0,44.0,49.0,330.0,350.0,16.0,18.0,False,False,130.0,2.0,0.9,1.1,0.9,1.2,1.0,0.9,680.0,121.0,680.0,121.0,0,2,False,0,1.0,68.0,45.0,0.0,31.8,False,False,False,False,True,11,2,False,255.0,255.0,255.0,SPOKED,SPOKED,1,1.0,80.0,80.0,278.0,760.0,34.9,300.0,1.0
510.0,85.0,670.0,72.0,210.0,48.0,545.0,73.0,670.0,48.0,40.0,28.6,36.5,23.35,13.0,15.0,9.0,STEEL,34.0,41.0,51.0,330.0,350.0,16.0,18.0,False,False,130.0,2.0,0.9,1.1,0.9,1.2,1.0,0.9,680.0,121.0,680.0,121.0,0,0,False,0,1.0,68.0,45.0,0.0,31.8,False,False,False,False,True,11,2,False,255.0,255.0,255.0,SPOKED,SPOKED,1,1.0,80.0,80.0,278.0,760.0,34.9,300.0,1.0
480.0,78.0,650.0,71.0,180.0,55.0,565.0,71.0,650.0,55.0,48.0,28.6,36.5,23.35,13.0,15.0,9.0,STEEL,30.0,45.0,48.0,330.0,350.0,16.0,18.0,False,False,130.0,2.0,0.9,1.1,0.9,1.2,1.0,0.9,680.0,121.0,680.0,121.0,0,2,False,0,1.0,68.0,45.0,0.0,31.8,False,False,False,False,True,11,2,False,255.0,255.0,255.0,SPOKED,SPOKED,1,1.0,80.0,80.0,278.0,760.0,34.9,300.0,1.0
520.0,90.0,680.0,73.5,220.0,45.0,540.0,73.0,680.0,45.0,43.0,28.6,36.5,23.35,13.0,15.0,9.0,STEEL,35.0,40.0,52.0,330.0,350.0,16.0,18.0,False,False,130.0,2.0,0.9,1.1,0.9,1.2,1.0,0.9,680.0,121.0,680.0,121.0,0,0,False,0,1.0,68.0,45.0,0.0,31.8,False,False,False,False,True,11,2,False,255.0,255.0,255.0,SPOKED,SPOKED,1,1.0,80.0,80.0,278.0,760.0,34.9,300.0,1.0
495.0,82.0,665.0,72.5,205.0,50.0,552.0,72.5,665.0,51.0,46.0,28.6,36.5,23.35,13.0,15.0,9.0,STEEL,33.5,43.0,50.5,330.0,350.0,16.0,18.0,False,False,130.0,2.0,0.9,1.1,0.9,1.2,1.0,0.9,680.0,121.0,680.0,121.0,0,2,False,0,1.0,68.0,45.0,0.0,31.8,False,False,False,False,True,11,2,False,255.0,255.0,255.0,SPOKED,SPOKED,1,1.0,80.0,80.0,278.0,760.0,34.9,300.0,1.0
505.0,88.0,675.0,72.8,215.0,49.0,558.0,72.8,675.0,49.0,42.0,28.6,36.5,23.35,13.0,15.0,9.0,STEEL,34.5,42.5,51.5,330.0,350.0,16.0,18.0,False,False,130.0,2.0,0.9,1.1,0.9,1.2,1.0,0.9,680.0,121.0,680.0,121.0,0,0,False,0,1.0,68.0,45.0,0.0,31.8,False,False,False,False,True,11,2,False,255.0,255.0,255.0,SPOKED,SPOKED,1,1.0,80.0,80.0,278.0,760.0,34.9,300.0,1.0
485.0,79.0,658.0,71.7,195.0,53.0,562.0,71.7,658.0,53.0,44.0,28.6,36.5,23.35,13.0,15.0,9.0,STEEL,31.0,44.5,49.5,330.0,350.0,16.0,18.0,False,False,130.0,2.0,0.9,1.1,0.9,1.2,1.0,0.9,680.0,121.0,680.0,121.0,0,2,False,0,1.0,68.0,45.0,0.0,31.8,False,False,False,False,True,11,2,False,255.0,255.0,255.0,SPOKED,SPOKED,1,1.0,80.0,80.0,278.0,760.0,34.9,300.0,1.0
515.0,87.0,678.0,72.3,218.0,47.0,548.0,72.3,678.0,47.0,47.0,28.6,36.5,23.35,13.0,15.0,9.0,STEEL,32.5,41.5,50.2,330.0,350.0,16.0,18.0,False,False,130.0,2.0,0.9,1.1,0.9,1.2,1.0,0.9,680.0,121.0,680.0,121.0,0,0,False,0,1.0,68.0,45.0,0.0,31.8,False,False,False,False,True,11,2,False,255.0,255.0,255.0,SPOKED,SPOKED,1,1.0,80.0,80.0,278.0,760.0,34.9,300.0,1.0
525.0,92.0,690.0,73.2,225.0,46.0,570.0,73.2,690.0,46.0,41.0,28.6,36.5,23.35,13.0,15.0,9.0,STEEL,35.5,40.5,52.5,330.0,350.0,16.0,18.0,False,False,130.0,2.0,0.9,1.1,0.9,1.2,1.0,0.9,680.0,121.0,680.0,121.0,0,2,False,0,1.0,68.0,45.0,0.0,31.8,False,False,False,False,True,11,2,False,255.0,255.0,255.0,SPOKED,SPOKED,1,1.0,80.0,80.0,278.0,760.0,34.9,300.0,1.0
420.0,70.0,630.0,73.5,165.0,50.0,580.0,73.0,670.0,50.0,40.0,29.0,34.0,36.0,23.0,15.0,15.0,STEEL,35.0,40.0,45.0,0.0,0.0,0.0,0.0,False,False,130.0,2.0,0.9,1.1,0.95,1.05,0.9,1.0,700.0,78.0,700.0,78.0,0,0,False,0,1.0,68.0,45.0,0.0,31.8,False,False,False,False,True,11,2,False,255.0,255.0,255.0,SPOKED,SPOKED,0,0.0,0.0,0.0,278.0,760.0,34.9,300.0,1.0
410.5,72.0,620.0,72.5,155.0,48.0,570.0,72.0,660.0,52.0,40.0,28.5,33.5,35.5,22.5,14.5,14.8,STEEL,32.0,38.0,43.0,0.0,0.0,0.0,0.0,False,False,130.0,2.0,0.9,1.1,0.95,1.05,0.9,1.0,700.0,78.0,700.0,78.0,0,1,False,0,1.0,68.0,45.0,0.0,31.8,False,False,False,False,True,10,2,False,255.0,255.0,255.0,SPOKED,SPOKED,0,0.0,0.0,0.0,278.0,760.0,34.9,300.0,1.0
430.0,68.0,640.0,74.0,170.0,52.0,590.0,74.0,680.0,48.0,40.0,30.0,35.0,37.0,23.5,15.5,16.0,STEEL,38.0,42.0,47.0,0.0,0.0,0.0,0.0,False,False,130.0,2.0,0.9,1.1,0.95,1.05,0.9,1.0,700.0,78.0,700.0,78.0,0,2,False,0,1.0,68.0,45.0,0.0,31.8,False,False,False,False,True,11,2,False,255.0,255.0,255.0,SPOKED,SPOKED,0,0.0,0.0,0.0,278.0,760.0,34.9,300.0,1.0
405.0,65.0,615.0,72.0,150.0,45.0,560.0,71.5,650.0,53.0,40.0,28.8,33.8,35.8,22.2,14.2,15.2,STEEL,30.0,36.0,40.0,0.0,0.0,0.0,0.0,False,False,130.0,2.0,0.9,1.1,0.95,1.05,0.9,1.0,700.0,78.0,700.0,78.0,0,0,False,0,1.0,68.0,45.0,0.0,31.8,False,False,False,False,True,10,2,False,255.0,255.0,255.0,SPOKED,SPOKED,0,0.0,0.0,0.0,278.0,760.0,34.9,300.0,1.0
440.0,75.0,650.0,73.0,180.0,55.0,600.0,73.5,675.0,49.0,40.0,29.5,34.5,36.5,23.8,15.2,15.5,STEEL,40.0,45.0,50.0,0.0,0.0,0.0,0.0,False,False,130.0,2.0,0.9,1.1,0.95,1.05,0.9,1.0,700.0,78.0,700.0,78.0,0,1,False,0,1.0,68.0,45.0,0.0,31.8,False,False,False,False,True,11,2,False,255.0,255.0,255.0,SPOKED,SPOKED,0,0.0,0.0,0.0,278.0,760.0,34.9,300.0,1.0
395.0,67.0,605.0,73.8,160.0,47.0,572.0,73.2,665.0,51.0,40.0,29.2,33.2,35.2,22.8,14.8,14.9,STEEL,34.0,39.0,44.0,0.0,0.0,0.0,0.0,False,False,130.0,2.0,0.9,1.1,0.95,1.05,0.9,1.0,700.0,78.0,700.0,78.0,0,2,False,0,1.0,68.0,45.0,0.0,31.8,False,False,False,False,True,12,2,False,255.0,255.0,255.0,SPOKED,SPOKED,0,0.0,0.0,0.0,278.0,760.0,34.9,300.0,1.0
425.0,69.0,625.0,72.8,158.0,49.0,578.0,72.5,670.0,54.0,40.0,28.7,34.2,36.2,22.3,15.3,15.1,STEEL,33.0,37.0,42.0,0.0,0.0,0.0,0.0,False,False,130.0,2.0,0.9,1.1,0.95,1.05,0.9,1.0,700.0,78.0,700.0,78.0,0,1,False,0,1.0,68.0,45.0,0.0,31.8,False,False,False,False,True,10,2,False,255.0,255.0,255.0,SPOKED,SPOKED,0,0.0,0.0,0.0,278.0,760.0,34.9,300.0,1.0
415.0,66.0,610.0,73.2,152.0,46.0,565.0,72.2,655.0,47.0,40.0,28.9,33.9,35.9,22.6,14.6,15.3,STEEL,31.0,36.0,41.0,0.0,0.0,0.0,0.0,False,False,130.0,2.0,0.9,1.1,0.95,1.05,0.9,1.0,700.0,78.0,700.0,78.0,0,0,False,0,1.0,68.0,45.0,0.0,31.8,False,False,False,False,True,11,2,False,255.0,255.0,255.0,SPOKED,SPOKED,0,0.0,0.0,0.0,278.0,760.0,34.9,300.0,1.0
435.0,74.0,645.0,73.7,175.0,54.0,595.0,73.8,678.0,46.0,40.0,29.8,34.8,36.8,23.7,15.1,15.7,STEEL,39.0,43.0,49.0,0.0,0.0,0.0,0.0,False,False,130.0,2.0,0.9,1.1,0.95,1.05,0.9,1.0,700.0,78.0,700.0,78.0,0,2,False,0,1.0,68.0,45.0,0.0,31.8,False,False,False,False,True,11,2,False,255.0,255.0,255.0,SPOKED,SPOKED,0,0.0,0.0,0.0,278.0,760.0,34.9,300.0,1.0
400.0,64.0,600.0,72.3,148.0,44.0,555.0,71.8,648.0,55.0,40.0,28.3,33.3,35.3,22.1,14.3,14.5,STEEL,29.0,35.0,39.0,0.0,0.0,0.0,0.0,False,False,130.0,2.0,0.9,1.1,0.95,1.05,0.9,1.0,700.0,78.0,700.0,78.0,0,1,False,0,1.0,68.0,45.0,0.0,31.8,False,False,False,False,True,10,2,False,255.0,255.0,255.0,SPOKED,SPOKED,0,0.0,0.0,0.0,278.0,760.0,34.9,300.0,1.0
420.0,70.0,610.0,73.0,150.0,45.0,530.0,73.0,660.0,45.0,40.0,31.8,34.9,23.35,20.0,13.0,15.0,STEEL,20.0,25.0,34.0,330.0,350.0,16.0,18.0,False,False,130.0,2.0,0.9,1.1,0.9,1.2,1.0,0.9,680.0,50.0,680.0,50.0,0,2,False,0,1.0,68.0,45.0,692.0,31.8,False,True,False,False,True,11,2,False,255.0,255.0,255.0,SPOKED,SPOKED,0,0.0,80.0,80.0,278.0,750.0,34.9,300.0,1.0
425.0,72.0,615.0,73.5,155.0,50.0,535.0,73.5,665.0,45.0,40.0,31.8,34.9,23.35,20.0,13.0,15.0,STEEL,20.0,25.0,34.0,330.0,350.0,16.0,18.0,False,False,130.0,2.0,0.9,1.1,0.9,1.2,1.0,0.9,680.0,50.0,680.0,50.0,0,2,False,0,1.0,68.0,45.0,692.0,31.8,False,True,False,False,True,11,2,False,255.0,255.0,255.0,SPOKED,SPOKED,0,0.0,80.0,80.0,278.0,750.0,34.9,300.0,1.0
415.0,68.0,605.0,72.5,145.0,48.0,525.0,72.5,655.0,45.0,40.0,31.8,34.9,23.35,20.0,13.0,15.0,STEEL,20.0,25.0,34.0,330.0,350.0,16.0,18.0,False,False,130.0,2.0,0.9,1.1,0.9,1.2,1.0,0.9,680.0,50.0,680.0,50.0,0,2,False,0,1.0,68.0,45.0,692.0,31.8,False,True,False,False,True,11,2,False,255.0,255.0,255.0,SPOKED,SPOKED,0,0.0,80.0,80.0,278.0,750.0,34.9,300.0,1.0
430.0,70.0,620.0,74.0,160.0,52.0,540.0,74.0,670.0,45.0,40.0,31.8,34.9,23.35,20.0,13.0,15.0,STEEL,20.0,25.0,34.0,330.0,350.0,16.0,18.0,False,False,130.0,2.0,0.9,1.1,0.9,1.2,1.0,0.9,680.0,50.0,680.0,50.0,0,2,False,0,1.0,68.0,45.0,692.0,31.8,False,True,False,False,True,11,2,False,255.0,255.0,255.0,SPOKED,SPOKED,0,0.0,80.0,80.0,278.0,750.0,34.9,300.0,1.0
410.0,70.0,600.0,73.2,150.0,47.0,530.0,73.2,660.0,45.0,40.0,31.8,34.9,23.35,20.0,13.0,15.0,STEEL,20.0,25.0,34.0,330.0,350.0,16.0,18.0,False,False,130.0,2.0,0.9,1.1,0.9,1.2,1.0,0.9,680.0,50.0,680.0,50.0,0,2,False,0,1.0,68.0,45.0,692.0,31.8,False,True,False,False,True,11,2,False,255.0,255.0,255.0,SPOKED,SPOKED,0,0.0,80.0,80.0,278.0,750.0,34.9,300.0,1.0
422.0,69.0,608.0,73.8,152.0,49.0,532.0,73.8,662.0,45.0,40.0,31.8,34.9,23.35,20.0,13.0,15.0,STEEL,20.0,25.0,34.0,330.0,350.0,16.0,18.0,False,False,130.0,2.0,0.9,1.1,0.9,1.2,1.0,0.9,680.0,50.0,680.0,50.0,0,2,False,0,1.0,68.0,45.0,692.0,31.8,False,True,False,False,True,11,2,False,255.0,255.0,255.0,SPOKED,SPOKED,0,0.0,80.0,80.0,278.0,750.0,34.9,300.0,1.0
418.0,71.0,612.0,72.8,148.0,46.0,528.0,72.8,658.0,45.0,40.0,31.8,34.9,23.35,20.0,13.0,15.0,STEEL,20.0,25.0,34.0,330.0,350.0,16.0,18.0,False,False,130.0,2.0,0.9,1.1,0.9,1.2,1.0,0.9,680.0,50.0,680.0,50.0,0,2,False,0,1.0,68.0,45.0,692.0,31.8,False,True,False,False,True,11,2,False,255.0,255.0,255.0,SPOKED,SPOKED,0,0.0,80.0,80.0,278.0,750.0,34.9,300.0,1.0
427.0,70.0,618.0,74.5,158.0,51.0,538.0,74.5,668.0,45.0,40.0,31.8,34.9,23.35,20.0,13.0,15.0,STEEL,20.0,25.0,34.0,330.0,350.0,16.0,18.0,False,False,130.0,2.0,0.9,1.1,0.9,1.2,1.0,0.9,680.0,50.0,680.0,50.0,0,2,False,0,1.0,68.0,45.0,692.0,31.8,False,True,False,False,True,11,2,False,255.0,255.0,255.0,SPOKED,SPOKED,0,0.0,80.0,80.0,278.0,750.0,34.9,300.0,1.0
412.0,69.0,602.0,72.0,142.0,44.0,522.0,72.0,652.0,45.0,40.0,31.8,34.9,23.35,20.0,13.0,15.0,STEEL,20.0,25.0,34.0,330.0,350.0,16.0,18.0,False,False,130.0,2.0,0.9,1.1,0.9,1.2,1.0,0.9,680.0,50.0,680.0,50.0,0,2,False,0,1.0,68.0,45.0,692.0,31.8,False,True,False,False,True,11,2,False,255.0,255.0,255.0,SPOKED,SPOKED,0,0.0,80.0,80.0,278.0,750.0,34.9,300.0,1.0
429.0,70.0,614.0,73.3,153.0,50.0,534.0,73.3,663.0,45.0,40.0,31.8,34.9,23.35,20.0,13.0,15.0,STEEL,20.0,25.0,34.0,330.0,350.0,16.0,18.0,False,False,130.0,2.0,0.9,1.1,0.9,1.2,1.0,0.9,680.0,50.0,680.0,50.0,0,2,False,0,1.0,68.0,45.0,692.0,31.8,False,True,False,False,True,11,2,False,255.0,255.0,255.0,SPOKED,SPOKED,0,0.0,80.0,80.0,278.0,750.0,34.9,300.0,1.0
410.0,70.0,585.0,73.0,150.0,50.0,540.0,73.0,650.0,50.0,40.0,28.6,33.6,36.5,20.5,13.0,15.0,STEEL,33.0,40.0,45.0,320.0,350.0,18.0,20.0,True,True,130.0,2.0,0.9,1.1,0.9,1.2,1.0,0.9,674.0,52.0,674.0,52.0,0,0,False,0,1.0,68.0,45.0,0.0,31.8,False,False,False,False,True,11,2,False,255.0,255.0,255.0,SPOKED,SPOKED,0,0.0,0.0,0.0,280.0,750.0,34.9,300.0,1.0
415.0,70.0,590.0,73.0,160.0,52.0,545.0,74.0,645.0,50.0,40.0,28.6,33.6,36.5,20.5,13.0,15.0,STEEL,33.0,40.0,45.0,315.0,345.0,17.0,19.0,True,False,130.0,2.0,0.9,1.1,0.9,1.2,1.0,0.9,674.0,52.0,674.0,52.0,0,1,False,0,1.0,68.0,45.0,0.0,31.8,False,False,False,False,True,11,2,False,255.0,255.0,255.0,SPOKED,SPOKED,0,0.0,0.0,0.0,282.0,740.0,34.9,320.0,1.0
412.0,70.0,580.0,73.0,155.0,48.0,535.0,73.5,655.0,50.0,40.0,28.6,33.6,36.5,20.5,13.0,15.0,STEEL,33.0,40.0,45.0,325.0,355.0,16.0,18.0,False,True,130.0,2.0,0.9,1.1,0.9,1.2,1.0,0.9,674.0,52.0,674.0,52.0,0,2,False,0,1.0,68.0,45.0,0.0,31.8,False,False,False,False,True,11,2,False,255.0,255.0,255.0,SPOKED,SPOKED,0,0.0,0.0,0.0,278.0,760.0,34.9,315.0,1.0
405.0,70.0,595.0,73.0,170.0,50.0,550.0,74.0,650.0,50.0,40.0,28.6,33.6,36.5,20.5,13.0,15.0,STEEL,33.0,40.0,45.0,310.0,340.0,18.0,16.0,False,False,130.0,2.0,0.9,1.1,0.9,1.2,1.0,0.9,674.0,52.0,674.0,52.0,0,0,False,0,1.0,68.0,45.0,0.0,31.8,False,False,False,False,True,11,2,False,255.0,255.0,255.0,SPOKED,SPOKED,0,0.0,0.0,0.0,284.0,730.0,34.9,340.0,1.0
420.0,70.0,600.0,73.0,180.0,55.0,555.0,73.0,660.0,50.0,40.0,28.6,33.6,36.5,20.5,13.0,15.0,STEEL,33.0,40.0,45.0,330.0,360.0,16.0,18.0,True,True,130.0,2.0,0.9,1.1,0.9,1.2,1.0,0.9,674.0,52.0,674.0,52.0,0,1,False,0,1.0,68.0,45.0,0.0,31.8,False,False,False,False,True,11,2,False,255.0,255.0,255.0,SPOKED,SPOKED,0,0.0,0.0,0.0,276.0,755.0,34.9,310.0,1.0
408.0,70.0,605.0,73.0,165.0,49.0,545.0,74.5,640.0,50.0,40.0,28.6,33.6,36.5,20.5,13.0,15.0,STEEL,33.0,40.0,45.0,310.0,350.0,20.0,20.0,False,True,130.0,2.0,0.9,1.1,0.9,1.2,1.0,0.9,674.0,52.0,674.0,52.0,0,2,False,0,1.0,68.0,45.0,0.0,31.8,False,False,False,False,True,11,2,False,255.0,255.0,255.0,SPOKED,SPOKED,0,0.0,0.0,0.0,279.0,740.0,34.9,330.0,1.0
417.0,70.0,580.0,73.0,150.0,51.0,540.0,73.5,655.0,50.0,40.0,28.6,33.6,36.5,20.5,13.0,15.0,STEEL,33.0,40.0,45.0,330.0,340.0,18.0,16.0,True,False,130.0,2.0,0.9,1.1,0.9,1.2,1.0,0.9,674.0,52.0,674.0,52.0,0,1,False,0,1.0,68.0,45.0,0.0,31.8,False,False,False,False,True,11,2,False,255.0,255.0,255.0,SPOKED,SPOKED,0,0.0,0.0,0.0,283.0,745.0,34.9,320.0,1.0
409.0,70.0,590.0,73.0,160.0,47.0,550.0,73.8,648.0,50.0,40.0,28.6,33.6,36.5,20.5,13.0,15.0,STEEL,33.0,40.0,45.0,318.0,348.0,17.0,19.0,False,False,130.0,2.0,0.9,1.1,0.9,1.2,1.0,0.9,674.0,52.0,674.0,52.0,0,0,False,0,1.0,68.0,45.0,0.0,31.8,False,False,False,False,True,11,2,False,255.0,255.0,255.0,SPOKED,SPOKED,0,0.0,0.0,0.0,281.0,750.0,34.9,340.0,1.0
413.0,70.0,598.0,73.0,175.0,52.0,560.0,74.2,658.0,50.0,40.0,28.6,33.6,36.5,20.5,13.0,15.0,STEEL,33.0,40.0,45.0,325.0,355.0,16.0,18.0,True,True,130.0,2.0,0.9,1.1,0.9,1.2,1.0,0.9,674.0,52.0,674.0,52.0,0,2,False,0,1.0,68.0,45.0,0.0,31.8,False,False,False,False,True,11,2,False,255.0,255.0,255.0,SPOKED,SPOKED,0,0.0,0.0,0.0,288.0,765.0,34.9,300.0,1.0
411.0,70.0,592.0,73.0,158.0,49.0,545.0,73.3,653.0,50.0,40.0,28.6,33.6,36.5,20.5,13.0,15.0,STEEL,33.0,40.0,45.0,322.0,352.0,19.0,17.0,False,False,130.0,2.0,0.9,1.1,0.9,1.2,1.0,0.9,674.0,52.0,674.0,52.0,0,1,False,0,1.0,68.0,45.0,0.0,31.8,False,False,False,False,True,11,2,False,255.0,255.0,255.0,SPOKED,SPOKED,0,0.0,0.0,0.0,277.0,755.0,34.9,325.0,1.0
405.0,70.0,600.0,73.0,160.0,50.0,580.0,74.0,655.0,45.0,40.0,28.6,36.5,25.0,23.35,13.0,15.0,STEEL,32.0,42.0,45.0,330.0,350.0,16.0,18.0,False,False,130.0,2.0,1.0,1.0,1.0,1.0,1.0,1.0,680.0,30.0,680.0,30.0,0,0,False,0,1.0,68.0,45.0,0.0,31.8,False,False,False,False,True,11,2,False,255.0,255.0,255.0,SPOKED,SPOKED,0,0.0,0.0,0.0,300.0,760.0,34.9,320.0,1.0
395.0,68.0,590.0,72.5,150.0,55.0,570.0,73.5,650.0,44.0,45.0,29.0,36.5,24.0,23.35,13.0,15.0,STEEL,31.0,40.0,46.0,330.0,350.0,16.0,18.0,True,True,135.0,2.0,1.1,1.0,1.1,1.0,1.0,1.0,680.0,30.0,680.0,30.0,0,0,False,0,1.0,68.0,45.0,0.0,31.8,False,False,False,False,True,11,2,False,255.0,255.0,255.0,SPOKED,SPOKED,0,0.0,0.0,0.0,300.0,750.0,34.9,310.0,1.0
420.0,72.0,610.0,73.0,170.0,60.0,600.0,74.0,660.0,46.0,40.0,28.6,36.5,23.35,23.35,13.0,15.0,STEEL,34.0,44.0,48.0,330.0,350.0,16.0,18.0,False,False,130.0,2.0,1.1,1.0,1.1,1.0,1.0,1.0,685.0,32.0,685.0,32.0,0,0,False,0,1.0,68.0,45.0,0.0,31.8,False,False,False,False,True,11,2,False,255.0,255.0,255.0,SPOKED,SPOKED,0,0.0,0.0,0.0,305.0,765.0,34.9,325.0,1.0
390.0,65.0,580.0,72.0,140.0,45.0,550.0,73.0,645.0,44.5,42.0,29.5,36.5,23.35,23.35,13.0,15.0,STEEL,29.0,38.0,42.0,330.0,350.0,16.0,18.0,False,False,135.0,2.2,1.0,1.0,1.0,1.0,1.0,1.0,678.0,29.0,678.0,29.0,0,0,False,0,1.0,68.0,45.0,0.0,31.8,False,False,False,False,True,11,2,False,255.0,255.0,255.0,SPOKED,SPOKED,0,0.0,0.0,0.0,295.0,740.0,34.9,315.0,1.0
410.0,70.0,600.0,73.0,155.0,52.0,590.0,74.0,655.0,45.0,42.0,28.6,36.5,23.35,23.35,13.0,15.0,STEEL,33.0,42.0,46.0,330.0,350.0,16.0,18.0,True,False,130.0,2.0,1.0,1.0,1.0,1.0,1.0,1.0,682.0,31.0,682.0,31.0,0,0,False,0,1.0,68.0,45.0,0.0,31.8,False,False,False,False,True,11,2,False,255.0,255.0,255.0,SPOKED,SPOKED,0,0.0,0.0,0.0,302.0,770.0,34.9,330.0,1.0
400.0,72.0,605.0,73.5,160.0,58.0,605.0,74.5,660.0,46.0,40.0,28.6,36.5,23.35,23.35,13.0,15.0,STEEL,34.0,45.0,48.0,330.0,350.0,16.0,18.0,False,True,130.0,2.0,1.0,1.0,1.0,1.0,1.0,1.0,690.0,34.0,690.0,34.0,0,0,False,0,1.0,68.0,45.0,0.0,31.8,False,False,False,False,True,11,2,False,255.0,255.0,255.0,SPOKED,SPOKED,0,0.0,0.0,0.0,300.0,765.0,34.9,320.0,1.0
430.0,70.0,620.0,73.5,175.0,50.0,620.0,74.5,670.0,45.0,40.0,28.6,36.5,23.35,23.35,13.0,15.0,STEEL,36.0,48.0,50.0,330.0,350.0,16.0,18.0,False,False,130.0,2.1,1.1,1.0,1.1,1.0,1.0,1.0,685.0,32.0,685.0,32.0,0,0,False,0,1.0,68.0,45.0,0.0,31.8,False,False,False,False,True,11,2,False,255.0,255.0,255.0,SPOKED,SPOKED,0,0.0,0.0,0.0,300.0,780.0,34.9,330.0,1.0
385.0,66.0,590.0,74.0,145.0,48.0,565.0,73.0,640.0,43.0,42.0,29.0,36.5,24.0,23.35,13.0,15.0,STEEL,30.0,40.0,43.0,330.0,350.0,16.0,18.0,False,False,135.0,2.0,1.0,1.0,1.0,1.0,1.0,1.0,675.0,28.0,675.0,28.0,0,0,False,0,1.0,68.0,45.0,0.0,31.8,False,False,False,False,True,11,2,False,255.0,255.0,255.0,SPOKED,SPOKED,0,0.0,0.0,0.0,288.0,720.0,34.9,300.0,1.0
390.0,70.0,595.0,73.0,150.0,50.0,575.0,73.5,650.0,45.0,40.0,28.6,36.5,23.35,23.35,13.0,15.0,STEEL,32.0,41.0,47.0,330.0,350.0,16.0,18.0,True,True,130.0,2.0,1.0,1.0,1.0,1.0,1.0,1.0,680.0,30.0,680.0,30.0,0,0,False,0,1.0,68.0,40.0,0.0,31.8,False,False,False,False,True,11,2,False,255.0,255.0,255.0,SPOKED,SPOKED,0,0.0,0.0,0.0,300.0,755.0,34.9,315.0,1.0
415.0,69.0,605.0,72.5,158.0,54.0,600.0,74.0,658.0,44.0,45.0,29.5,36.5,23.35,23.35,13.0,15.0,STEEL,35.0,43.0,49.0,330.0,350.0,16.0,18.0,False,False,130.0,2.0,1.1,1.0,1.1,1.0,1.0,1.0,682.0,31.0,682.0,31.0,0,0,False,0,1.0,68.0,45.0,0.0,31.8,False,False,False,False,True,11,2,False,255.0,255.0,255.0,SPOKED,SPOKED,0,0.0,0.0,0.0,310.0,770.0,34.9,330.0,1.0
430.0,70.0,600.0,73.0,160.0,45.0,580.0,73.0,660.0,50.0,40.0,28.6,36.5,23.35,23.35,13.0,15.0,STEEL,35.0,40.0,45.0,330.0,350.0,16.0,18.0,False,False,130.0,2.0,1.2,1.5,1.2,1.0,1.0,1.2,700.0,52.0,700.0,52.0,0,2,False,0,1.0,68.0,45.0,0.0,31.8,False,False,False,False,True,11,2,False,255.0,255.0,255.0,SPOKED,SPOKED,0,0.0,80.0,80.0,278.0,740.0,34.9,300.0,1.0
445.0,65.0,610.0,72.5,155.0,48.0,590.0,74.0,665.0,48.0,42.0,28.6,36.5,25.0,25.0,13.0,16.0,STEEL,38.0,42.0,47.0,330.0,350.0,16.0,18.0,False,False,130.0,2.1,1.1,1.4,1.3,1.0,1.1,1.3,700.0,50.0,700.0,50.0,0,0,False,0,1.0,68.0,45.0,0.0,31.8,False,False,False,False,True,11,2,False,255.0,255.0,255.0,SPOKED,SPOKED,0,0.0,80.0,80.0,278.0,740.0,34.9,300.0,1.0
420.0,75.0,595.0,74.0,165.0,44.0,575.0,73.5,655.0,52.0,40.0,28.6,36.5,23.35,23.35,13.0,14.0,STEEL,33.0,38.0,45.0,330.0,350.0,16.0,18.0,False,False,130.0,2.0,1.3,1.6,1.2,1.1,1.0,1.2,700.0,52.0,700.0,52.0,0,2,False,0,1.0,68.0,45.0,0.0,31.8,False,False,False,False,True,11,2,False,255.0,255.0,255.0,SPOKED,SPOKED,0,0.0,80.0,80.0,278.0,740.0,34.9,300.0,1.0
435.0,68.0,605.0,73.5,150.0,46.0,585.0,74.5,662.0,49.0,41.0,28.6,36.5,23.35,23.35,13.0,15.0,STEEL,35.0,40.0,45.0,330.0,350.0,16.0,18.0,False,False,130.0,2.0,1.2,1.5,1.1,1.0,1.0,1.3,700.0,52.0,700.0,52.0,0,2,False,0,1.0,68.0,45.0,0.0,31.8,False,False,False,False,True,11,2,False,255.0,255.0,255.0,SPOKED,SPOKED,0,0.0,80.0,80.0,278.0,740.0,34.9,300.0,1.0
440.0,70.0,615.0,72.0,158.0,47.0,590.0,73.0,668.0,50.0,43.0,28.6,36.5,23.35,23.35,13.0,16.0,STEEL,36.0,41.0,44.0,330.0,350.0,16.0,18.0,False,False,130.0,2.0,1.2,1.4,1.2,1.0,1.0,1.2,700.0,52.0,700.0,52.0,0,2,False,0,1.0,68.0,45.0,0.0,31.8,False,False,False,False,True,11,2,False,255.0,255.0,255.0,SPOKED,SPOKED,0,0.0,80.0,80.0,278.0,740.0,34.9,300.0,1.0
425.0,72.0,590.0,73.0,148.0,45.0,575.0,74.0,658.0,47.0,40.0,28.6,36.5,23.35,23.35,13.0,15.0,STEEL,37.0,39.0,46.0,330.0,350.0,16.0,18.0,False,False,130.0,2.0,1.1,1.5,1.2,1.0,1.0,1.3,700.0,52.0,700.0,52.0,0,2,False,0,1.0,68.0,45.0,0.0,31.8,False,False,False,False,True,11,2,False,255.0,255.0,255.0,SPOKED,SPOKED,0,0.0,80.0,80.0,278.0,740.0,34.9,300.0,1.0
430.0,67.0,620.0,72.8,162.0,49.0,595.0,73.2,670.0,51.0,42.0,28.6,36.5,23.35,23.35,13.0,16.0,STEEL,38.0,42.0,45.0,330.0,350.0,16.0,18.0,False,False,130.0,2.0,1.2,1.4,1.3,1.0,1.1,1.2,700.0,52.0,700.0,52.0,0,2,False,0,1.0,68.0,45.0,0.0,31.8,False,False,False,False,True,11,2,False,255.0,255.0,255.0,SPOKED,SPOKED,0,0.0,80.0,80.0,278.0,740.0,34.9,300.0,1.0
438.0,69.0,608.0,74.2,152.0,46.0,580.0,74.2,660.0,49.0,41.0,28.6,36.5,23.35,23.35,13.0,14.0,STEEL,35.0,40.0,45.0,330.0,350.0,16.0,18.0,False,False,130.0,2.0,1.2,1.5,1.1,1.0,1.2,1.2,700.0,52.0,700.0,52.0,0,2,False,0,1.0,68.0,45.0,0.0,31.8,False,False,False,False,True,11,2,False,255.0,255.0,255.0,SPOKED,SPOKED,0,0.0,80.0,80.0,278.0,740.0,34.9,300.0,1.0
422.0,73.0,598.0,73.7,160.0,44.0,575.0,73.7,657.0,48.0,40.0,28.6,36.5,23.35,23.35,13.0,15.0,STEEL,36.0,41.0,45.0,330.0,350.0,16.0,18.0,False,False,130.0,2.0,1.1,1.6,1.2,1.0,1.0,1.3,700.0,52.0,700.0,52.0,0,2,False,0,1.0,68.0,45.0,0.0,31.8,False,False,False,False,True,11,2,False,255.0,255.0,255.0,SPOKED,SPOKED,0,0.0,80.0,80.0,278.0,740.0,34.9,300.0,1.0
445.0,66.0,630.0,72.3,155.0,48.0,600.0,74.3,670.0,50.0,43.0,28.6,36.5,23.35,23.35,13.0,16.0,STEEL,38.0,42.0,47.0,330.0,350.0,16.0,18.0,False,False,130.0,2.0,1.2,1.4,1.2,1.1,1.0,1.2,700.0,52.0,700.0,52.0,0,2,False,0,1.0,68.0,45.0,0.0,31.8,False,False,False,False,True,11,2,False,255.0,255.0,255.0,SPOKED,SPOKED,0,0.0,80.0,80.0,278.0,740.0,34.9,300.0,1.0
410.0,75.0,610.0,73.5,155.0,50.0,600.0,73.0,655.0,50.0,45.0,28.6,34.9,36.5,23.35,15.0,9.0,STEEL,32.0,42.0,50.0,330.0,350.0,16.0,18.0,False,False,130.0,2.0,0.9,1.1,0.9,1.2,1.0,0.9,680.0,50.0,680.0,50.0,0,0,False,0,1.0,68.0,45.0,45.0,31.8,False,True,False,False,True,11,2,False,255.0,255.0,255.0,SPOKED,SPOKED,0,0.0,0.0,0.0,300.0,760.0,34.9,350.0,1.0
415.0,72.0,605.0,73.0,150.0,52.0,610.0,74.0,660.0,55.0,40.0,30.0,34.9,36.0,23.35,15.0,9.0,STEEL,34.0,44.0,48.0,330.0,350.0,16.0,18.0,False,False,130.0,2.0,0.95,1.05,0.9,1.2,1.0,0.9,680.0,48.0,680.0,48.0,0,1,False,0,1.0,68.0,45.0,45.0,31.8,False,True,False,False,True,11,2,False,255.0,255.0,255.0,SPOKED,SPOKED,0,0.0,0.0,0.0,300.0,760.0,34.9,350.0,1.0
420.0,78.0,600.0,72.5,160.0,48.0,590.0,73.5,650.0,50.0,45.0,28.6,34.9,37.0,23.35,16.0,9.0,STEEL,33.0,41.0,52.0,330.0,350.0,16.0,18.0,False,False,130.0,2.5,1.0,1.1,1.0,1.2,1.1,1.0,680.0,52.0,680.0,52.0,0,0,False,0,0.0,68.0,50.0,45.0,32.0,False,True,False,False,True,12,2,False,255.0,255.0,255.0,SPOKED,SPOKED,0,0.0,0.0,0.0,300.0,760.0,34.9,350.0,3.0
405.0,68.0,620.0,74.0,145.0,50.0,620.0,72.5,660.0,52.0,40.0,30.0,34.9,36.5,23.35,14.0,9.0,STEEL,31.0,43.0,49.0,330.0,350.0,16.0,18.0,False,False,130.0,2.0,0.9,1.0,0.9,1.2,1.0,0.9,675.0,50.0,675.0,50.0,0,1,False,0,1.0,68.0,40.0,45.0,31.8,False,True,False,False,True,11,2,False,255.0,255.0,255.0,SPOKED,SPOKED,0,0.0,0.0,0.0,300.0,740.0,34.9,360.0,1.0
425.0,70.0,595.0,73.5,155.0,52.0,580.0,73.0,640.0,50.0,45.0,28.6,34.9,36.5,23.35,15.0,8.0,STEEL,32.0,42.0,47.0,330.0,350.0,16.0,18.0,False,False,135.0,2.0,0.9,1.1,0.9,1.2,1.0,0.9,682.0,51.0,682.0,51.0,0,2,False,2,1.0,68.0,45.0,50.0,31.8,False,True,False,False,True,10,2,False,255.0,255.0,255.0,SPOKED,SPOKED,0,0.0,0.0,0.0,300.0,760.0,34.9,350.0,1.0
415.0,74.0,605.0,74.5,140.0,55.0,605.0,73.2,658.0,50.0,40.0,30.0,34.9,36.5,23.35,15.0,9.0,STEEL,30.0,44.0,45.0,330.0,350.0,16.0,18.0,False,False,130.0,2.0,1.0,1.1,0.9,1.2,1.0,0.9,680.0,50.0,680.0,50.0,0,0,False,0,0.0,68.0,43.0,45.0,31.8,False,True,False,False,True,11,3,False,255.0,255.0,255.0,SPOKED,SPOKED,0,0.0,0.0,0.0,300.0,760.0,34.9,345.0,2.0
420.0,69.0,598.0,73.5,150.0,50.0,600.0,73.0,650.0,50.0,45.0,28.6,34.9,36.5,23.35,15.0,9.0,STEEL,34.0,41.0,50.0,330.0,350.0,16.0,18.0,False,False,135.0,2.0,0.9,1.1,0.9,1.2,1.0,0.9,678.0,49.0,678.0,49.0,0,0,False,0,1.0,68.0,45.0,45.0,31.8,False,True,False,False,True,9,2,False,255.0,255.0,255.0,SPOKED,SPOKED,0,0.0,0.0,0.0,302.0,758.0,34.9,350.0,1.0
405.0,73.0,610.0,73.0,160.0,48.0,610.0,72.8,660.0,50.0,45.0,30.0,34.9,36.5,23.35,14.0,9.0,STEEL,31.0,43.0,48.0,330.0,350.0,16.0,18.0,False,False,130.0,2.0,0.9,1.1,0.9,1.2,1.0,0.9,682.0,50.0,682.0,50.0,0,0,False,0,1.0,68.0,45.0,45.0,31.8,False,True,False,False,True,11,2,False,255.0,255.0,255.0,SPOKED,SPOKED,0,0.0,0.0,0.0,300.0,760.0,34.9,355.0,1.0
430.0,76.0,600.0,72.8,145.0,50.0,590.0,73.5,645.0,52.0,40.0,30.0,34.9,36.5,23.35,15.0,9.0,STEEL,33.0,40.0,47.0,330.0,350.0,16.0,18.0,False,False,130.0,2.0,0.9,1.1,0.9,1.2,1.0,0.9,680.0,50.0,680.0,50.0,0,2,False,0,1.0,68.0,45.0,45.0,31.8,False,True,False,False,True,12,2,False,255.0,255.0,255.0,SPOKED,SPOKED,0,0.0,0.0,0.0,300.0,760.0,34.9,350.0,1.0
400.0,70.0,615.0,73.2,150.0,50.0,605.0,73.2,655.0,50.0,45.0,29.0,34.9,36.5,23.35,15.0,9.0,STEEL,32.0,42.0,49.0,330.0,350.0,16.0,18.0,False,False,130.0,2.0,0.9,1.1,0.9,1.2,1.0,0.9,680.0,50.0,680.0,50.0,0,1,False,0,1.0,68.0,45.0,45.0,31.8,False,True,False,False,True,11,2,False,255.0,255.0,255.0,SPOKED,SPOKED,0,0.0,0.0,0.0,305.0,765.0,34.9,350.0,1.0
400.0,68.0,610.0,73.5,180.0,45.0,560.0,73.8,660.0,45.0,40.0,28.6,36.5,23.35,23.35,13.0,15.0,STEEL,32.0,42.0,45.0,330.0,350.0,16.0,18.0,False,False,130.0,2.0,0.9,1.1,0.9,1.2,1.0,0.9,700.0,50.0,700.0,50.0,0,1,False,0,1.0,68.0,45.0,0.0,31.8,False,False,False,False,True,11,2,False,255.0,255.0,255.0,SPOKED,SPOKED,0,0.0,0.0,0.0,280.0,805.0,34.9,300.0,1.0
395.0,70.0,620.0,74.0,175.0,50.0,565.0,74.0,655.0,46.0,40.0,31.8,36.5,23.35,30.0,13.0,15.0,STEEL,35.0,45.0,48.0,330.0,350.0,16.0,18.0,False,False,130.0,2.0,0.9,1.1,0.9,1.2,1.0,0.9,700.0,50.0,700.0,50.0,0,1,False,0,1.0,68.0,45.0,0.0,31.8,False,False,False,False,True,11,2,False,255.0,255.0,255.0,SPOKED,SPOKED,0,0.0,0.0,0.0,282.0,810.0,34.9,305.0,1.0
405.0,72.0,600.0,73.0,190.0,40.0,550.0,73.5,670.0,45.0,40.0,28.6,37.0,23.35,23.35,13.0,15.0,STEEL,30.0,40.0,45.0,330.0,350.0,16.0,18.0,False,False,130.0,2.0,0.9,1.1,0.9,1.2,1.0,0.9,700.0,50.0,700.0,50.0,0,1,False,0,1.0,68.0,45.0,0.0,31.8,False,False,False,False,True,11,2,False,255.0,255.0,255.0,SPOKED,SPOKED,0,0.0,0.0,0.0,285.0,795.0,34.9,300.0,1.0
390.0,70.0,595.0,74.5,170.0,42.0,555.0,74.2,675.0,46.0,40.0,31.8,36.5,23.35,30.0,13.0,15.0,STEEL,28.0,43.0,48.0,330.0,350.0,16.0,18.0,False,False,130.0,2.0,0.9,1.1,0.9,1.2,1.0,0.9,700.0,50.0,700.0,50.0,0,1,False,0,1.0,68.0,45.0,0.0,31.8,False,False,False,False,True,11,2,False,255.0,255.0,255.0,SPOKED,SPOKED,0,0.0,0.0,0.0,278.0,800.0,34.9,290.0,1.0
410.0,65.0,630.0,73.5,160.0,55.0,580.0,73.9,650.0,45.0,40.0,28.6,36.5,23.35,23.35,13.0,15.0,STEEL,36.0,49.0,42.0,330.0,350.0,16.0,18.0,False,False,130.0,2.0,0.9,1.1,0.9,1.2,1.0,0.9,700.0,50.0,700.0,50.0,0,1,False,0,1.0,68.0,45.0,0.0,31.8,False,False,False,False,True,11,2,False,255.0,255.0,255.0,SPOKED,SPOKED,0,0.0,0.0,0.0,288.0,820.0,34.9,310.0,1.0
395.0,68.0,615.0,74.5,185.0,47.0,570.0,74.0,665.0,46.0,40.0,31.8,36.5,23.35,23.35,13.0,15.0,STEEL,33.0,44.0,47.0,330.0,350.0,16.0,18.0,False,False,130.0,2.0,0.9,1.1,0.9,1.2,1.0,0.9,700.0,50.0,700.0,50.0,0,1,False,0,1.0,68.0,45.0,0.0,31.8,False,False,False,False,True,11,2,False,255.0,255.0,255.0,SPOKED,SPOKED,0,0.0,0.0,0.0,275.0,810.0,35.0,295.0,1.0
400.0,75.0,605.0,73.0,165.0,52.0,555.0,73.0,660.0,45.0,40.0,28.6,36.5,23.35,23.35,13.0,15.0,STEEL,31.0,41.0,44.0,330.0,350.0,16.0,18.0,False,False,130.0,2.0,0.9,1.1,0.9,1.2,1.0,0.9,700.0,50.0,700.0,50.0,0,1,False,0,1.0,68.0,45.0,0.0,31.8,False,False,False,False,True,11,2,False,255.0,255.0,255.0,SPOKED,SPOKED,0,0.0,0.0,0.0,280.0,800.0,34.5,305.0,1.0
385.0,68.0,598.0,74.8,155.0,42.0,565.0,74.1,675.0,46.0,40.0,31.8,36.5,23.35,30.0,13.0,15.0,STEEL,29.0,46.0,49.0,330.0,350.0,16.0,18.0,False,False,130.0,2.0,0.9,1.1,0.9,1.2,1.0,0.9,700.0,50.0,700.0,50.0,0,1,False,0,1.0,68.0,45.0,0.0,31.8,False,False,False,False,True,11,2,False,255.0,255.0,255.0,SPOKED,SPOKED,0,0.0,0.0,0.0,290.0,815.0,35.0,300.0,1.0
410.0,70.0,625.0,73.2,182.0,48.0,572.0,73.9,658.0,45.0,40.0,28.6,36.5,23.35,23.35,13.0,15.0,STEEL,34.0,44.0,47.0,330.0,350.0,16.0,18.0,False,False,130.0,2.0,0.9,1.1,0.9,1.2,1.0,0.9,700.0,50.0,700.0,50.0,0,1,False,0,1.0,68.0,45.0,0.0,31.8,False,False,False,False,True,11,2,False,255.0,255.0,255.0,SPOKED,SPOKED,0,0.0,0.0,0.0,279.0,798.0,34.8,300.0,1.0
395.0,72.0,610.0,74.0,178.0,44.0,558.0,73.6,662.0,46.0,40.0,31.8,36.5,23.35,23.35,13.0,15.0,STEEL,33.0,43.0,46.0,330.0,350.0,16.0,18.0,False,False,130.0,2.0,0.9,1.1,0.9,1.2,1.0,0.9,700.0,50.0,700.0,50.0,0,1,False,0,1.0,68.0,45.0,0.0,31.8,False,False,False,False,True,11,2,False,255.0,255.0,255.0,SPOKED,SPOKED,0,0.0,0.0,0.0,285.0,805.0,34.9,300.0,1.0
410.0,70.0,580.0,73.5,150.0,45.0,550.0,73.0,660.0,48.0,40.0,28.6,33.6,23.35,20.5,14.0,17.0,STEEL,35.0,35.0,45.0,0.0,0.0,0.0,0.0,False,False,130.0,3.0,1.2,1.5,1.3,1.2,1.2,1.3,674.0,52.0,674.0,52.0,0,0,False,0,1.0,68.0,50.0,0.0,31.8,False,False,False,False,True,11,2,False,254.0,254.0,254.0,SPOKED,SPOKED,0,0.0,0.0,0.0,280.0,745.0,33.6,300.0,1.0
420.0,68.0,590.0,73.0,160.0,50.0,560.0,73.5,665.0,49.0,40.0,30.0,35.0,23.35,21.0,13.0,18.0,STEEL,40.0,36.0,47.0,0.0,0.0,0.0,0.0,False,False,130.0,3.0,1.3,1.6,1.4,1.3,1.3,1.4,674.0,52.0,674.0,52.0,0,1,False,0,0.0,68.0,55.0,0.0,31.8,False,False,False,False,True,12,2,False,254.0,254.0,254.0,SPOKED,SPOKED,0,0.0,0.0,0.0,285.0,750.0,35.0,300.0,1.0
405.0,72.0,570.0,72.5,140.0,42.0,540.0,72.5,655.0,46.0,40.0,28.6,33.6,23.35,20.0,15.0,16.0,STEEL,32.0,33.0,42.0,0.0,0.0,0.0,0.0,False,False,130.0,2.8,1.1,1.7,1.5,1.2,1.2,1.3,674.0,52.0,674.0,52.0,0,2,False,0,1.0,68.0,48.0,0.0,31.8,False,False,False,False,True,11,2,False,254.0,254.0,254.0,SPOKED,SPOKED,0,0.0,0.0,0.0,278.0,740.0,33.6,300.0,1.0
430.0,68.0,600.0,74.0,170.0,55.0,580.0,74.0,670.0,50.0,40.0,30.0,36.0,23.35,22.0,14.0,20.0,STEEL,45.0,40.0,48.0,0.0,0.0,0.0,0.0,False,False,130.0,3.2,1.4,1.8,1.6,1.3,1.4,1.5,674.0,52.0,674.0,52.0,0,0,False,0,0.0,68.0,52.0,0.0,31.8,False,False,False,False,True,12,2,False,254.0,254.0,254.0,SPOKED,SPOKED,0,0.0,0.0,0.0,290.0,760.0,36.0,300.0,1.0
415.0,69.0,585.0,73.0,155.0,48.0,565.0,73.5,662.0,47.0,40.0,29.5,34.0,23.35,21.5,13.0,17.0,STEEL,38.0,37.0,46.0,0.0,0.0,0.0,0.0,False,False,130.0,2.9,1.25,1.6,1.4,1.3,1.3,1.4,674.0,52.0,674.0,52.0,0,1,False,0,1.0,68.0,49.0,0.0,31.8,False,False,False,False,True,11,2,False,254.0,254.0,254.0,SPOKED,SPOKED,0,0.0,0.0,0.0,282.0,748.0,34.0,300.0,1.0
425.0,71.0,595.0,73.8,165.0,52.0,570.0,74.0,668.0,48.0,40.0,30.0,35.0,23.35,21.0,14.0,19.0,STEEL,42.0,39.0,49.0,0.0,0.0,0.0,0.0,False,False,130.0,3.1,1.3,1.7,1.5,1.4,1.4,1.5,674.0,52.0,674.0,52.0,0,2,False,0,1.0,68.0,51.0,0.0,31.8,False,False,False,False,True,12,3,False,254.0,254.0,254.0,SPOKED,SPOKED,0,0.0,0.0,0.0,295.0,755.0,35.0,300.0,1.0
400.0,70.0,575.0,73.0,145.0,44.0,555.0,73.0,658.0,47.0,40.0,29.0,33.0,23.35,20.5,13.0,17.0,STEEL,36.0,34.0,44.0,0.0,0.0,0.0,0.0,False,False,130.0,2.7,1.1,1.6,1.3,1.2,1.2,1.2,674.0,52.0,674.0,52.0,0,0,False,0,1.0,68.0,47.0,0.0,31.8,False,False,False,False,True,10,2,False,254.0,254.0,254.0,SPOKED,SPOKED,0,0.0,0.0,0.0,279.0,742.0,33.0,300.0,1.0
418.0,69.0,590.0,73.2,158.0,49.0,565.0,73.8,664.0,49.0,40.0,31.0,34.5,23.35,21.5,14.0,18.0,STEEL,39.0,37.0,46.0,0.0,0.0,0.0,0.0,False,False,130.0,3.0,1.2,1.5,1.4,1.3,1.3,1.4,674.0,52.0,674.0,52.0,0,1,False,0,1.0,68.0,50.0,0.0,31.8,False,False,False,False,True,11,2,False,254.0,254.0,254.0,SPOKED,SPOKED,0,0.0,0.0,0.0,287.0,749.0,34.5,300.0,1.0
412.0,67.0,582.0,73.7,152.0,47.0,558.0,73.4,661.0,47.0,40.0,29.5,33.8,23.35,21.0,13.5,17.5,STEEL,37.0,36.0,45.0,0.0,0.0,0.0,0.0,False,False,130.0,3.0,1.2,1.7,1.5,1.4,1.4,1.5,674.0,52.0,674.0,52.0,0,2,False,0,1.0,68.0,49.0,0.0,31.8,False,False,False,False,True,12,2,False,254.0,254.0,254.0,SPOKED,SPOKED,0,0.0,0.0,0.0,283.0,747.0,33.8,300.0,1.0
422.0,70.0,597.0,73.3,162.0,51.0,572.0,73.6,667.0,50.0,40.0,30.0,35.0,23.35,21.5,14.0,18.0,STEEL,41.0,38.0,48.0,0.0,0.0,0.0,0.0,False,False,130.0,3.1,1.3,1.6,1.5,1.3,1.4,1.5,674.0,52.0,674.0,52.0,0,1,False,0,1.0,68.0,51.0,0.0,31.8,False,False,False,False,True,11,2,False,254.0,254.0,254.0,SPOKED,SPOKED,0,0.0,0.0,0.0,289.0,752.0,35.0,300.0,1.0
405.0,70.0,570.0,73.0,150.0,45.0,540.0,73.0,640.0,50.0,40.0,40.0,28.6,36.5,23.35,13.0,15.0,STEEL,30.0,50.0,49.0,330.0,350.0,16.0,18.0,False,False,130.0,2.0,0.9,1.1,0.9,1.2,1.0,0.9,672.0,50.0,672.0,50.0,0,0,False,0,1.0,68.0,45.0,0.0,31.8,False,False,False,False,True,11,2,False,254.0,254.0,254.0,DISC,SPOKED,0,0.0,0.0,0.0,250.0,530.0,34.9,700.0,1.0
410.0,75.0,580.0,72.5,155.0,47.0,550.0,73.5,650.0,52.0,40.0,40.0,28.6,36.5,23.35,14.0,14.0,STEEL,32.0,48.0,50.0,330.0,350.0,16.0,18.0,False,False,130.0,2.0,0.9,1.1,0.9,1.2,1.0,0.9,672.0,50.0,672.0,50.0,0,0,False,0,1.0,68.0,45.0,0.0,31.8,False,False,False,False,True,11,2,False,254.0,254.0,254.0,DISC,SPOKED,0,0.0,0.0,0.0,250.0,530.0,34.9,700.0,1.0
415.0,60.0,560.0,73.5,160.0,48.0,540.0,72.5,660.0,48.0,40.0,40.0,28.6,36.5,23.35,12.0,16.0,STEEL,28.0,52.0,47.0,330.0,350.0,16.0,18.0,False,False,130.0,2.0,0.9,1.1,0.9,1.2,1.0,0.9,672.0,50.0,672.0,50.0,0,0,False,0,1.0,68.0,45.0,0.0,31.8,False,False,False,False,True,11,2,False,254.0,254.0,254.0,DISC,SPOKED,0,0.0,0.0,0.0,250.0,530.0,34.9,700.0,1.0
420.0,80.0,590.0,72.0,165.0,46.0,560.0,74.0,630.0,50.0,40.0,40.0,28.6,36.5,23.35,13.0,15.0,STEEL,30.0,55.0,45.0,330.0,350.0,16.0,18.0,False,False,130.0,2.0,0.9,1.1,0.9,1.2,1.0,0.9,672.0,50.0,672.0,50.0,0,0,False,0,1.0,68.0,45.0,0.0,31.8,False,False,False,False,True,11,2,False,254.0,254.0,254.0,DISC,SPOKED,0,0.0,0.0,0.0,250.0,530.0,34.9,700.0,1.0
430.0,65.0,585.0,74.0,145.0,50.0,530.0,72.0,645.0,51.0,40.0,40.0,28.6,36.5,23.35,15.0,13.0,STEEL,35.0,45.0,52.0,330.0,350.0,16.0,18.0,False,False,130.0,2.0,0.9,1.1,0.9,1.2,1.0,0.9,672.0,50.0,672.0,50.0,0,0,False,0,1.0,68.0,45.0,0.0,31.8,False,False,False,False,True,11,2,False,254.0,254.0,254.0,DISC,SPOKED,0,0.0,0.0,0.0,250.0,530.0,34.9,700.0,1.0
440.0,68.0,575.0,73.0,170.0,44.0,545.0,73.0,655.0,49.0,40.0,40.0,28.6,36.5,23.35,11.0,17.0,STEEL,33.0,53.0,48.0,330.0,350.0,16.0,18.0,False,False,130.0,2.0,0.9,1.1,0.9,1.2,1.0,0.9,672.0,50.0,672.0,50.0,0,0,False,0,1.0,68.0,45.0,0.0,31.8,False,False,False,False,True,11,2,False,254.0,254.0,254.0,DISC,SPOKED,0,0.0,0.0,0.0,250.0,530.0,34.9,700.0,1.0
405.0,72.0,565.0,72.8,140.0,43.0,555.0,73.2,640.0,47.0,40.0,40.0,28.6,36.5,23.35,14.0,14.0,STEEL,29.0,51.0,50.0,330.0,350.0,16.0,18.0,False,False,130.0,2.0,0.9,1.1,0.9,1.2,1.0,0.9,672.0,50.0,672.0,50.0,0,0,False,0,1.0,68.0,45.0,0.0,31.8,False,False,False,False,True,11,2,False,254.0,254.0,254.0,DISC,SPOKED,0,0.0,0.0,0.0,250.0,530.0,34.9,700.0,1.0
415.0,63.0,595.0,73.2,180.0,42.0,565.0,73.0,670.0,53.0,40.0,40.0,28.6,36.5,23.35,12.0,16.0,STEEL,34.0,49.0,46.0,330.0,350.0,16.0,18.0,False,False,130.0,2.0,0.9,1.1,0.9,1.2,1.0,0.9,672.0,50.0,672.0,50.0,0,0,False,0,1.0,68.0,45.0,0.0,31.8,False,False,False,False,True,11,2,False,254.0,254.0,254.0,DISC,SPOKED,0,0.0,0.0,0.0,250.0,530.0,34.9,700.0,1.0
425.0,78.0,600.0,72.2,150.0,49.0,550.0,72.8,660.0,50.0,40.0,40.0,28.6,36.5,23.35,13.0,15.0,STEEL,31.0,54.0,49.0,330.0,350.0,16.0,18.0,False,False,130.0,2.0,0.9,1.1,0.9,1.2,1.0,0.9,672.0,50.0,672.0,50.0,0,0,False,0,1.0,68.0,45.0,0.0,31.8,False,False,False,False,True,11,2,False,254.0,254.0,254.0,DISC,SPOKED,0,0.0,0.0,0.0,250.0,530.0,34.9,700.0,1.0
435.0,69.0,555.0,73.7,158.0,41.0,535.0,73.3,635.0,52.0,40.0,40.0,28.6,36.5,23.35,13.0,14.0,STEEL,30.0,47.0,51.0,330.0,350.0,16.0,18.0,False,False,130.0,2.0,0.9,1.1,0.9,1.2,1.0,0.9,672.0,50.0,672.0,50.0,0,0,False,0,1.0,68.0,45.0,0.0,31.8,False,False,False,False,True,11,2,False,254.0,254.0,254.0,DISC,SPOKED,0,0.0,0.0,0.0,250.0,530.0,34.9,700.0,1.0
400.0,70.0,620.0,73.0,180.0,45.0,560.0,74.0,640.0,45.0,46.0,30.0,28.6,36.5,24.0,13.0,15.0,STEEL,35.0,45.0,50.0,330.0,350.0,16.0,18.0,False,False,130.0,2.0,0.9,1.1,0.9,1.2,1.0,0.9,680.0,60.0,680.0,60.0,0,0,False,0,1.0,68.0,45.0,0.0,31.8,False,False,False,False,True,11,2,False,255.0,255.0,255.0,SPOKED,SPOKED,1,1.0,80.0,80.0,280.0,780.0,34.9,350.0,1.0
420.0,65.0,610.0,72.5,170.0,60.0,550.0,73.5,630.0,50.0,50.0,32.0,28.6,36.5,23.0,13.0,15.0,STEEL,30.0,40.0,45.0,330.0,350.0,16.0,18.0,False,False,130.0,2.0,0.9,1.1,0.9,1.2,1.0,0.9,700.0,70.0,700.0,70.0,0,1,False,0,1.0,68.0,50.0,0.0,32.0,False,False,False,False,True,10,2,False,255.0,255.0,255.0,SPOKED,SPOKED,1,1.0,80.0,80.0,290.0,790.0,33.0,360.0,1.0
450.0,75.0,640.0,74.0,190.0,50.0,570.0,75.0,650.0,40.0,45.0,35.0,28.6,36.5,25.0,13.0,15.0,STEEL,40.0,50.0,55.0,330.0,350.0,16.0,18.0,False,False,130.0,2.0,0.9,1.1,0.9,1.2,1.0,0.9,680.0,55.0,680.0,55.0,0,2,False,0,1.0,68.0,44.0,0.0,32.0,False,False,False,False,True,9,2,False,255.0,255.0,255.0,SPOKED,SPOKED,1,1.0,80.0,80.0,285.0,800.0,34.0,380.0,1.0
380.0,70.0,600.0,73.5,160.0,55.0,540.0,73.0,620.0,55.0,50.0,28.0,28.6,36.5,23.5,13.0,15.0,STEEL,33.0,42.0,48.0,330.0,350.0,16.0,18.0,False,False,130.0,2.0,0.9,1.1,0.9,1.2,1.0,0.9,690.0,65.0,690.0,65.0,0,1,False,0,1.0,68.0,46.0,0.0,31.8,False,False,False,False,True,11,2,False,255.0,255.0,255.0,SPOKED,SPOKED,1,1.0,80.0,80.0,277.0,765.0,34.9,340.0,1.0
430.0,80.0,630.0,72.0,175.0,65.0,560.0,74.5,640.0,45.0,40.0,30.0,28.6,36.5,24.5,13.0,15.0,STEEL,36.0,48.0,53.0,330.0,350.0,16.0,18.0,False,False,130.0,2.0,0.9,1.1,0.9,1.2,1.0,0.9,672.0,58.0,672.0,58.0,0,0,False,0,1.0,68.0,45.0,0.0,31.8,False,False,False,False,True,10,2,False,255.0,255.0,255.0,SPOKED,SPOKED,1,1.0,80.0,80.0,300.0,800.0,33.0,360.0,1.0
410.0,72.0,605.0,73.2,168.0,52.0,550.0,73.8,635.0,48.0,46.0,29.0,28.6,36.5,24.0,13.0,15.0,STEEL,34.0,44.0,49.0,330.0,350.0,16.0,18.0,False,False,130.0,2.0,0.9,1.1,0.9,1.2,1.0,0.9,695.0,62.0,695.0,62.0,0,1,False,0,1.0,68.0,47.0,0.0,31.8,False,False,False,False,True,11,2,False,255.0,255.0,255.0,SPOKED,SPOKED,1,1.0,80.0,80.0,278.0,770.0,35.0,370.0,1.0
460.0,68.0,650.0,74.0,185.0,58.0,580.0,74.2,655.0,42.0,48.0,34.0,28.6,36.5,25.0,13.0,15.0,STEEL,38.0,47.0,52.0,330.0,350.0,16.0,18.0,False,False,130.0,2.0,0.9,1.1,0.9,1.2,1.0,0.9,685.0,56.0,685.0,56.0,0,2,False,0,1.0,68.0,44.0,0.0,31.8,False,False,False,False,True,9,2,False,255.0,255.0,255.0,SPOKED,SPOKED,1,1.0,80.0,80.0,282.0,795.0,34.0,380.0,1.0
395.0,75.0,615.0,73.0,162.0,54.0,545.0,73.6,625.0,53.0,45.0,31.0,28.6,36.5,24.0,13.0,15.0,STEEL,32.0,43.0,46.0,330.0,350.0,16.0,18.0,False,False,130.0,2.0,0.9,1.1,0.9,1.2,1.0,0.9,690.0,68.0,690.0,68.0,0,1,False,0,1.0,68.0,46.0,0.0,31.8,False,False,False,False,True,10,2,False,255.0,255.0,255.0,SPOKED,SPOKED,1,1.0,80.0,80.0,286.0,760.0,33.0,360.0,1.0
480.0,69.0,655.0,74.0,188.0,62.0,580.0,74.8,660.0,46.0,50.0,36.0,28.6,36.5,26.0,13.0,15.0,STEEL,42.0,52.0,54.0,330.0,350.0,16.0,18.0,False,False,130.0,2.0,0.9,1.1,0.9,1.2,1.0,0.9,682.0,54.0,682.0,54.0,0,0,False,0,1.0,68.0,45.0,0.0,31.8,False,False,False,False,True,11,2,False,255.0,255.0,255.0,SPOKED,SPOKED,1,1.0,80.0,80.0,288.0,810.0,34.0,390.0,1.0
415.0,67.0,605.0,72.8,172.0,57.0,555.0,73.7,640.0,49.0,47.0,30.0,28.6,36.5,24.0,13.0,15.0,STEEL,36.0,45.0,49.0,330.0,350.0,16.0,18.0,False,False,130.0,2.0,0.9,1.1,0.9,1.2,1.0,0.9,675.0,60.0,675.0,60.0,0,1,False,0,1.0,68.0,46.0,0.0,31.8,False,False,False,False,True,10,2,False,255.0,255.0,255.0,SPOKED,SPOKED,1,1.0,80.0,80.0,279.0,775.0,34.0,365.0,1.0
410.0,70.0,620.0,73.0,150.0,50.0,560.0,73.0,560.0,45.0,40.0,28.6,36.5,23.35,23.35,13.0,15.0,STEEL,35.0,50.0,50.0,330.0,350.0,16.0,18.0,False,False,130.0,2.0,0.9,1.1,0.9,1.0,0.9,0.9,674.0,52.0,674.0,52.0,0,1,False,0,1.0,68.0,45.0,28.0,31.8,False,True,False,False,True,10,2,False,255.0,255.0,255.0,SPOKED,SPOKED,0,0.0,0.0,0.0,280.0,750.0,36.5,350.0,1.0
405.0,68.0,610.0,74.0,160.0,48.0,555.0,74.0,565.0,44.0,40.0,28.6,36.5,23.35,23.35,14.0,15.0,STEEL,36.0,52.0,48.0,330.0,350.0,16.0,18.0,False,False,130.0,2.0,0.9,1.1,0.9,1.0,0.9,0.9,674.0,52.0,674.0,52.0,0,1,False,0,1.0,68.0,45.0,28.0,31.8,False,True,False,False,True,11,2,False,255.0,255.0,255.0,SPOKED,SPOKED,0,0.0,0.0,0.0,280.0,740.0,36.5,350.0,1.0
415.0,72.0,630.0,72.0,145.0,52.0,565.0,72.0,550.0,46.0,40.0,28.6,36.5,23.35,23.35,12.0,15.0,STEEL,34.0,48.0,52.0,330.0,350.0,16.0,18.0,False,False,130.0,2.0,0.9,1.1,0.9,1.0,0.9,0.9,674.0,52.0,674.0,52.0,0,1,False,0,1.0,68.0,45.0,28.0,31.8,False,True,False,False,True,9,1,False,255.0,255.0,255.0,SPOKED,SPOKED,0,0.0,0.0,0.0,280.0,760.0,36.5,350.0,1.0
400.0,70.0,600.0,73.0,155.0,47.0,558.0,73.5,558.0,45.0,40.0,28.6,36.5,23.35,23.35,13.0,15.0,STEEL,35.0,50.0,50.0,330.0,350.0,16.0,18.0,False,False,130.0,2.0,0.9,1.1,0.9,1.0,0.9,0.9,674.0,52.0,674.0,52.0,0,1,False,0,1.0,68.0,45.0,28.0,31.8,False,True,True,False,True,10,2,True,255.0,255.0,255.0,SPOKED,SPOKED,0,0.0,0.0,0.0,280.0,730.0,36.5,350.0,1.0
420.0,69.0,625.0,73.5,158.0,49.0,562.0,73.5,562.0,45.0,40.0,28.6,36.5,23.35,23.35,13.0,15.0,STEEL,36.0,51.0,49.0,330.0,350.0,16.0,18.0,False,False,130.0,2.0,0.9,1.1,0.9,1.0,0.9,0.9,674.0,52.0,674.0,52.0,0,1,False,0,1.0,68.0,45.0,28.0,31.8,True,True,False,False,True,12,2,False,255.0,255.0,255.0,SPOKED,SPOKED,0,0.0,0.0,0.0,280.0,745.0,36.5,350.0,1.0
408.0,67.0,615.0,74.0,152.0,46.0,557.0,74.0,557.0,44.0,40.0,28.6,36.5,23.35,23.35,13.0,15.0,STEEL,35.0,49.0,51.0,330.0,350.0,16.0,18.0,False,False,130.0,2.0,0.9,1.1,0.9,1.0,0.9,0.9,674.0,52.0,674.0,52.0,0,1,False,0,1.0,68.0,45.0,28.0,31.8,False,True,True,False,True,10,2,True,255.0,255.0,255.0,SPOKED,SPOKED,0,0.0,0.0,0.0,280.0,750.0,36.5,350.0,1.0
412.0,71.0,618.0,73.0,150.0,50.0,560.0,73.0,560.0,45.0,40.0,28.6,36.5,23.35,23.35,13.0,15.0,STEEL,35.0,50.0,50.0,330.0,350.0,16.0,18.0,False,False,130.0,2.0,0.9,1.1,0.9,1.0,0.9,0.9,674.0,52.0,674.0,52.0,0,1,False,0,1.0,68.0,45.0,28.0,31.8,False,True,False,False,True,10,1,False,255.0,255.0,255.0,TRISPOKE,SPOKED,1,0.0,60.0,0.0,280.0,755.0,36.5,350.0,1.0
409.0,70.0,605.0,74.0,162.0,53.0,565.0,74.0,555.0,43.0,40.0,28.6,36.5,23.35,23.35,13.0,15.0,STEEL,37.0,53.0,47.0,330.0,350.0,16.0,18.0,False,False,130.0,2.0,0.9,1.1,0.9,1.0,0.9,0.9,674.0,52.0,674.0,52.0,0,1,False,0,1.0,68.0,45.0,28.0,31.8,False,True,False,False,True,11,2,False,255.0,255.0,255.0,SPOKED,SPOKED,0,0.0,0.0,0.0,280.0,760.0,36.5,350.0,1.0
407.0,68.0,610.0,72.5,148.0,48.0,559.0,72.5,559.0,46.0,40.0,28.6,36.5,23.35,23.35,13.0,15.0,STEEL,34.0,49.0,51.0,330.0,350.0,16.0,18.0,False,False,130.0,2.0,0.9,1.1,0.9,1.0,0.9,0.9,674.0,52.0,674.0,52.0,0,1,False,0,1.0,68.0,45.0,28.0,31.8,False,True,True,False,True,9,2,False,255.0,255.0,255.0,SPOKED,SPOKED,0,0.0,0.0,0.0,280.0,745.0,36.5,350.0,1.0
416.0,69.0,620.0,73.0,154.0,51.0,563.0,73.0,563.0,45.0,40.0,28.6,36.5,23.35,23.35,13.0,15.0,STEEL,35.0,50.0,50.0,330.0,350.0,16.0,18.0,False,False,130.0,2.0,0.9,1.1,0.9,1.0,0.9,0.9,674.0,52.0,674.0,52.0,0,1,False,0,1.0,68.0,45.0,28.0,31.8,False,True,True,False,True,10,2,True,255.0,255.0,255.0,SPOKED,SPOKED,0,0.0,0.0,0.0,280.0,750.0,36.5,350.0,1.0
430.0,75.0,640.0,73.0,180.0,55.0,550.0,74.0,660.0,50.0,40.0,28.6,36.5,23.35,13.0,15.0,15.0,STEEL,35.0,40.0,50.0,330.0,350.0,16.0,18.0,False,False,130.0,2.0,0.9,1.1,0.9,1.2,1.0,0.9,680.0,121.0,680.0,121.0,0,1,False,0,1.0,68.0,45.0,0.0,31.8,False,False,False,False,False,11,2,False,255.0,255.0,255.0,SPOKED,SPOKED,0,0.0,0.0,0.0,280.0,760.0,34.9,300.0,1.0
425.0,74.0,630.0,73.5,170.0,50.0,545.0,73.5,665.0,52.0,40.0,28.6,36.5,23.35,13.0,15.0,15.0,STEEL,32.0,38.0,48.0,330.0,350.0,16.0,18.0,False,False,130.0,2.0,0.9,1.1,0.9,1.2,1.0,0.9,680.0,121.0,680.0,121.0,0,2,False,0,1.0,68.0,46.0,0.0,31.8,False,False,False,False,False,10,2,False,255.0,255.0,255.0,SPOKED,SPOKED,0,0.0,0.0,0.0,278.0,755.0,34.9,310.0,1.0
435.0,73.0,650.0,72.5,190.0,60.0,560.0,74.5,670.0,50.0,40.0,28.6,36.5,23.35,13.0,15.0,15.0,STEEL,38.0,43.0,52.0,330.0,350.0,16.0,18.0,False,False,130.0,2.0,0.9,1.1,0.9,1.2,1.0,0.9,680.0,121.0,680.0,121.0,0,0,False,0,1.0,68.0,44.0,0.0,31.8,False,False,False,False,False,11,2,False,255.0,255.0,255.0,SPOKED,SPOKED,0,0.0,0.0,0.0,282.0,770.0,34.9,320.0,1.0
440.0,72.0,620.0,73.0,160.0,45.0,530.0,73.0,655.0,53.0,40.0,28.6,36.5,23.35,13.0,15.0,15.0,STEEL,30.0,35.0,48.0,330.0,350.0,16.0,18.0,False,False,130.0,2.0,0.9,1.1,0.9,1.2,1.0,0.9,680.0,121.0,680.0,121.0,0,1,False,0,1.0,68.0,47.0,0.0,31.8,False,False,False,False,False,10,2,False,255.0,255.0,255.0,SPOKED,SPOKED,0,0.0,0.0,0.0,285.0,745.0,34.9,305.0,1.0
420.0,75.0,635.0,74.0,175.0,55.0,555.0,74.0,665.0,51.0,40.0,28.6,36.5,23.35,13.0,15.0,15.0,STEEL,34.0,42.0,51.0,330.0,350.0,16.0,18.0,False,False,130.0,2.0,0.9,1.1,0.9,1.2,1.0,0.9,680.0,121.0,680.0,121.0,0,2,False,0,1.0,68.0,45.5,0.0,31.8,False,False,False,False,False,11,2,False,255.0,255.0,255.0,SPOKED,SPOKED,0,0.0,0.0,0.0,280.0,765.0,34.9,315.0,1.0
415.0,71.0,645.0,72.0,185.0,58.0,565.0,73.8,675.0,54.0,40.0,28.6,36.5,23.35,13.0,15.0,15.0,STEEL,36.0,41.0,49.0,330.0,350.0,16.0,18.0,False,False,130.0,2.0,0.9,1.1,0.9,1.2,1.0,0.9,680.0,121.0,680.0,121.0,0,0,False,0,1.0,68.0,46.5,0.0,31.8,False,False,False,False,False,10,2,False,255.0,255.0,255.0,SPOKED,SPOKED,0,0.0,0.0,0.0,288.0,750.0,34.9,320.0,1.0
450.0,73.5,625.0,73.8,165.0,48.0,535.0,73.2,660.0,50.0,40.0,28.6,36.5,23.35,13.0,15.0,15.0,STEEL,33.0,37.0,53.0,330.0,350.0,16.0,18.0,False,False,130.0,2.0,0.9,1.1,0.9,1.2,1.0,0.9,680.0,121.0,680.0,121.0,0,1,False,0,1.0,68.0,44.5,0.0,31.8,False,False,False,False,False,11,2,False,255.0,255.0,255.0,SPOKED,SPOKED,0,0.0,0.0,0.0,279.0,772.0,34.9,302.0,1.0
430.0,76.0,655.0,74.0,200.0,60.0,580.0,75.0,680.0,55.0,40.0,28.6,36.5,23.35,13.0,15.0,15.0,STEEL,40.0,45.0,55.0,330.0,350.0,16.0,18.0,False,False,130.0,2.0,0.9,1.1,0.9,1.2,1.0,0.9,680.0,121.0,680.0,121.0,0,2,False,0,1.0,68.0,48.0,0.0,31.8,False,False,False,False,False,10,2,False,255.0,255.0,255.0,SPOKED,SPOKED,0,0.0,0.0,0.0,288.0,780.0,34.9,330.0,1.0
435.0,70.0,615.0,72.2,155.0,52.0,525.0,73.0,650.0,50.0,40.0,28.6,36.5,23.35,13.0,15.0,15.0,STEEL,31.0,36.0,49.0,330.0,350.0,16.0,18.0,False,False,130.0,2.0,0.9,1.1,0.9,1.2,1.0,0.9,680.0,121.0,680.0,121.0,0,1,False,0,1.0,68.0,43.0,0.0,31.8,False,False,False,False,False,11,2,False,255.0,255.0,255.0,SPOKED,SPOKED,0,0.0,0.0,0.0,283.0,748.0,34.9,308.0,1.0
445.0,74.5,640.0,73.3,182.0,57.0,560.0,74.2,668.0,51.0,40.0,28.6,36.5,23.35,13.0,15.0,15.0,STEEL,37.0,44.0,50.0,330.0,350.0,16.0,18.0,False,False,130.0,2.0,0.9,1.1,0.9,1.2,1.0,0.9,680.0,121.0,680.0,121.0,0,0,False,0,1.0,68.0,46.0,0.0,31.8,False,False,False,False,False,10,2,False,255.0,255.0,255.0,SPOKED,SPOKED,0,0.0,0.0,0.0,286.0,762.0,34.9,312.0,1.0
410.0,70.0,610.0,73.0,170.0,50.0,550.0,74.0,600.0,50.0,40.0,28.6,35.0,24.0,24.0,13.0,15.0,STEEL,35.0,45.0,7.0,330.0,350.0,16.0,18.0,False,False,130.0,2.0,1.1,1.3,1.1,0.9,0.9,1.0,700.0,50.0,700.0,50.0,0,0,False,0,1.0,68.0,45.0,0.0,28.6,False,True,False,False,True,11,2,False,255.0,255.0,255.0,SPOKED,SPOKED,0,0.0,0.0,0.0,280.0,760.0,35.0,300.0,1.0
405.0,68.0,605.0,72.5,165.0,55.0,540.0,73.5,595.0,48.0,40.0,28.6,34.0,24.0,23.0,14.0,16.0,STEEL,36.0,44.0,8.0,330.0,350.0,16.0,18.0,False,False,130.0,2.0,1.0,1.2,1.0,0.9,0.9,1.0,700.0,52.0,700.0,52.0,0,0,False,0,1.0,68.0,44.0,0.0,29.0,False,True,False,False,True,11,2,False,255.0,255.0,255.0,SPOKED,SPOKED,0,0.0,0.0,0.0,275.0,750.0,34.0,310.0,1.0
420.0,72.0,615.0,73.5,175.0,48.0,560.0,74.5,610.0,52.0,40.0,28.6,36.0,25.0,25.0,13.5,15.5,STEEL,34.0,46.0,6.5,330.0,350.0,16.0,18.0,False,False,130.0,2.0,1.2,1.4,1.2,0.9,0.9,1.1,700.0,50.0,700.0,50.0,0,0,False,0,1.0,68.0,45.5,0.0,28.6,False,True,False,False,True,11,2,False,255.0,255.0,255.0,SPOKED,SPOKED,0,0.0,0.0,0.0,285.0,770.0,36.0,290.0,1.0
400.0,69.0,600.0,72.0,160.0,52.0,545.0,73.0,590.0,49.0,40.0,28.6,35.5,23.5,24.5,12.5,14.5,STEEL,37.0,43.0,9.0,330.0,350.0,16.0,18.0,False,False,130.0,2.0,1.1,1.3,1.1,0.9,0.9,1.0,700.0,48.0,700.0,48.0,0,0,False,0,1.0,68.0,44.5,0.0,28.0,False,True,False,False,True,11,2,False,255.0,255.0,255.0,SPOKED,SPOKED,0,0.0,0.0,0.0,270.0,740.0,35.5,305.0,1.0
415.0,71.0,608.0,73.8,172.0,49.0,555.0,74.2,605.0,51.0,40.0,28.6,35.8,24.5,23.5,13.2,15.2,STEEL,33.5,45.5,7.2,330.0,350.0,16.0,18.0,False,False,130.0,2.0,1.1,1.3,1.1,0.9,0.9,1.0,700.0,51.0,700.0,51.0,0,0,False,0,1.0,68.0,45.2,0.0,28.6,False,True,False,False,True,11,2,False,255.0,255.0,255.0,SPOKED,SPOKED,0,0.0,0.0,0.0,278.0,755.0,35.0,300.0,1.0
390.0,67.0,595.0,72.3,158.0,53.0,535.0,73.7,580.0,47.0,40.0,28.6,34.5,23.8,24.2,14.3,16.3,STEEL,38.0,42.5,9.5,330.0,350.0,16.0,18.0,False,False,130.0,2.0,1.0,1.2,1.0,0.9,0.9,1.0,700.0,49.0,700.0,49.0,0,0,False,0,1.0,68.0,44.0,0.0,28.4,False,True,False,False,True,11,2,False,255.0,255.0,255.0,SPOKED,SPOKED,0,0.0,0.0,0.0,265.0,730.0,34.5,295.0,1.0
425.0,73.0,620.0,74.0,180.0,47.0,565.0,74.8,615.0,53.0,40.0,28.6,36.2,25.2,23.8,12.8,14.8,STEEL,32.0,47.0,6.8,330.0,350.0,16.0,18.0,False,False,130.0,2.0,1.3,1.5,1.3,0.9,0.9,1.1,700.0,52.5,700.0,52.5,0,0,False,0,1.0,68.0,45.8,0.0,28.6,False,True,False,False,True,11,2,False,255.0,255.0,255.0,SPOKED,SPOKED,0,0.0,0.0,0.0,290.0,780.0,36.2,310.0,1.0
395.0,69.5,602.0,73.2,168.0,51.0,548.0,73.9,595.0,49.5,40.0,28.6,35.2,24.2,24.7,13.7,15.7,STEEL,36.5,44.2,8.2,330.0,350.0,16.0,18.0,False,False,130.0,2.0,1.1,1.3,1.1,0.9,0.9,1.0,700.0,50.8,700.0,50.8,0,0,False,0,1.0,68.0,45.3,0.0,28.6,False,True,False,False,True,11,2,False,255.0,255.0,255.0,SPOKED,SPOKED,0,0.0,0.0,0.0,275.0,760.0,35.2,300.0,1.0
415.0,70.5,612.0,73.7,174.0,49.5,558.0,74.4,608.0,51.5,40.0,28.6,36.0,24.8,23.2,13.1,15.1,STEEL,33.2,46.8,7.5,330.0,350.0,16.0,18.0,False,False,130.0,2.0,1.2,1.4,1.2,0.9,0.9,1.0,700.0,51.2,700.0,51.2,0,0,False,0,1.0,68.0,45.7,0.0,28.6,False,True,False,False,True,11,2,False,255.0,255.0,255.0,SPOKED,SPOKED,0,0.0,0.0,0.0,282.0,765.0,36.0,305.0,1.0
405.0,71.5,608.0,73.3,169.0,50.5,552.0,74.1,602.0,50.0,40.0,28.6,35.6,24.5,23.5,13.4,15.4,STEEL,34.8,45.5,7.9,330.0,350.0,16.0,18.0,False,False,130.0,2.0,1.1,1.3,1.1,0.9,0.9,1.0,700.0,50.5,700.0,50.5,0,0,False,0,1.0,68.0,45.5,0.0,28.6,False,True,False,False,True,11,2,False,255.0,255.0,255.0,SPOKED,SPOKED,0,0.0,0.0,0.0,279.0,758.0,35.6,300.0,1.0
400.0,70.0,580.0,72.0,150.0,60.0,550.0,73.0,640.0,40.0,45.0,31.0,36.5,23.35,26.0,13.0,15.0,STEEL,30.0,35.0,10.0,0.0,0.0,0.0,0.0,False,False,130.0,2.0,0.9,1.1,0.9,1.0,0.9,1.0,690.0,52.0,690.0,52.0,0,0,False,0,1.0,68.0,45.0,0.0,31.8,False,False,False,False,True,11,2,False,255.0,255.0,255.0,SPOKED,SPOKED,0,0.0,80.0,80.0,290.0,290.0,34.9,300.0,1.0
405.0,75.0,600.0,73.0,160.0,65.0,560.0,74.0,650.0,42.0,50.0,32.0,36.5,23.35,28.0,13.0,15.0,STEEL,32.0,40.0,12.0,0.0,0.0,0.0,0.0,False,False,132.0,2.0,1.0,0.9,1.0,1.0,1.0,1.0,690.0,52.0,690.0,52.0,0,0,False,0,1.0,68.0,45.0,0.0,31.8,False,False,False,False,True,11,2,False,255.0,255.0,255.0,SPOKED,SPOKED,0,0.0,80.0,80.0,300.0,300.0,34.9,310.0,1.0
410.0,65.0,620.0,71.5,170.0,70.0,570.0,72.0,660.0,44.0,40.0,33.0,36.5,23.35,30.0,13.0,15.0,STEEL,34.0,45.0,14.0,0.0,0.0,0.0,0.0,False,False,134.0,2.0,1.1,1.0,1.1,1.0,0.9,0.9,690.0,52.0,690.0,52.0,0,0,False,0,1.0,68.0,45.0,0.0,31.8,False,False,False,False,True,11,2,False,255.0,255.0,255.0,SPOKED,SPOKED,0,0.0,80.0,80.0,310.0,310.0,34.9,320.0,1.0
415.0,80.0,640.0,74.0,180.0,75.0,580.0,75.0,670.0,46.0,48.0,30.0,36.5,23.35,32.0,13.0,15.0,STEEL,29.0,50.0,8.0,0.0,0.0,0.0,0.0,False,False,135.0,2.0,0.9,1.1,0.9,1.0,1.0,1.0,690.0,52.0,690.0,52.0,0,0,False,0,1.0,68.0,45.0,0.0,31.8,False,False,False,False,True,11,2,False,255.0,255.0,255.0,SPOKED,SPOKED,0,0.0,80.0,80.0,320.0,320.0,34.9,330.0,1.0
420.0,72.0,590.0,72.5,140.0,80.0,590.0,73.5,630.0,48.0,46.0,31.0,36.5,23.35,34.0,13.0,15.0,STEEL,31.0,38.0,9.0,0.0,0.0,0.0,0.0,False,False,131.0,2.0,1.0,0.9,1.0,1.0,0.9,1.0,690.0,52.0,690.0,52.0,0,0,False,0,1.0,68.0,45.0,0.0,31.8,False,False,False,False,True,11,2,False,255.0,255.0,255.0,SPOKED,SPOKED,0,0.0,80.0,80.0,300.0,300.0,34.9,300.0,1.0
425.0,78.0,610.0,73.5,155.0,85.0,600.0,74.5,645.0,36.0,49.0,32.0,36.5,23.35,36.0,13.0,15.0,STEEL,33.0,42.0,11.0,0.0,0.0,0.0,0.0,False,False,133.0,2.0,1.1,1.0,1.1,1.0,1.0,1.0,690.0,52.0,690.0,52.0,0,0,False,0,1.0,68.0,45.0,0.0,31.8,False,False,False,False,True,11,2,False,255.0,255.0,255.0,SPOKED,SPOKED,0,0.0,80.0,80.0,310.0,310.0,34.9,310.0,1.0
430.0,68.0,630.0,71.0,165.0,90.0,610.0,72.5,655.0,38.0,44.0,33.0,36.5,23.35,25.0,13.0,15.0,STEEL,35.0,47.0,13.0,0.0,0.0,0.0,0.0,False,False,130.0,2.0,0.9,1.1,0.9,1.0,0.9,1.1,690.0,52.0,690.0,52.0,0,0,False,0,1.0,68.0,45.0,0.0,31.8,False,False,False,False,True,11,2,False,255.0,255.0,255.0,SPOKED,SPOKED,0,0.0,80.0,80.0,320.0,320.0,34.9,320.0,1.0
395.0,74.0,650.0,74.0,175.0,95.0,620.0,75.0,665.0,50.0,47.0,30.0,36.5,23.35,27.0,13.0,15.0,STEEL,28.0,33.0,7.0,0.0,0.0,0.0,0.0,False,False,134.0,2.0,1.0,0.9,1.0,1.0,1.0,0.9,690.0,52.0,690.0,52.0,0,0,False,0,1.0,68.0,45.0,0.0,31.8,False,False,False,False,True,11,2,False,255.0,255.0,255.0,SPOKED,SPOKED,0,0.0,80.0,80.0,290.0,290.0,34.9,330.0,1.0
405.0,69.0,570.0,72.0,145.0,55.0,540.0,73.0,625.0,41.0,43.0,31.0,36.5,23.35,29.0,13.0,15.0,STEEL,30.0,37.0,15.0,0.0,0.0,0.0,0.0,False,False,132.0,2.0,1.1,1.0,1.1,1.0,0.9,1.0,690.0,52.0,690.0,52.0,0,0,False,0,1.0,68.0,45.0,0.0,31.8,False,False,False,False,True,11,2,False,255.0,255.0,255.0,SPOKED,SPOKED,0,0.0,80.0,80.0,300.0,300.0,34.9,300.0,1.0
415.0,76.0,605.0,73.0,150.0,50.0,530.0,74.0,635.0,43.0,42.0,32.0,36.5,23.35,31.0,13.0,15.0,STEEL,32.0,44.0,10.0,0.0,0.0,0.0,0.0,False,False,135.0,2.0,0.9,1.1,0.9,1.0,1.0,1.1,690.0,52.0,690.0,52.0,0,0,False,0,1.0,68.0,45.0,0.0,31.8,False,False,False,False,True,11,2,False,255.0,255.0,255.0,SPOKED,SPOKED,0,0.0,80.0,80.0,310.0,310.0,34.9,310.0,1.0
415.0,70.0,600.0,73.0,140.0,45.0,580.0,73.0,640.0,50.0,45.0,28.6,28.6,23.35,13.0,13.0,9.0,STEEL,30.0,50.0,45.0,330.0,350.0,16.0,18.0,False,False,130.0,2.0,0.9,1.1,0.9,1.2,1.0,0.9,674.0,52.0,674.0,52.0,0,2,False,0,1.0,68.0,45.0,0.0,31.8,False,False,False,False,True,11,2,False,255.0,255.0,255.0,SPOKED,SPOKED,0,0.0,0.0,0.0,280.0,730.0,28.6,720.0,1.0
420.0,70.0,610.0,72.5,150.0,50.0,590.0,72.5,645.0,50.0,45.0,28.6,28.6,23.35,13.0,13.0,9.0,STEEL,32.0,52.0,47.0,330.0,350.0,16.0,18.0,False,False,130.0,2.0,0.9,1.1,0.9,1.2,1.0,0.9,674.0,52.0,674.0,52.0,0,2,False,0,1.0,68.0,45.0,0.0,31.8,False,False,False,False,True,11,2,False,255.0,255.0,255.0,SPOKED,SPOKED,0,0.0,0.0,0.0,280.0,735.0,28.6,700.0,1.0
410.0,70.0,590.0,74.0,130.0,40.0,570.0,74.0,635.0,50.0,45.0,28.6,28.6,23.35,13.0,13.0,9.0,STEEL,28.0,48.0,43.0,330.0,350.0,16.0,18.0,False,False,130.0,2.0,0.9,1.1,0.9,1.2,1.0,0.9,674.0,52.0,674.0,52.0,0,2,False,0,1.0,68.0,45.0,0.0,31.8,False,False,False,False,True,11,2,False,255.0,255.0,255.0,SPOKED,SPOKED,0,0.0,0.0,0.0,280.0,725.0,28.6,730.0,1.0
430.0,70.0,620.0,73.5,160.0,55.0,600.0,73.5,650.0,50.0,45.0,28.6,28.6,23.35,13.0,13.0,9.0,STEEL,35.0,55.0,50.0,330.0,350.0,16.0,18.0,False,False,130.0,2.0,0.9,1.1,0.9,1.2,1.0,0.9,674.0,52.0,674.0,52.0,0,2,False,0,1.0,68.0,45.0,0.0,31.8,False,False,False,False,True,11,2,False,255.0,255.0,255.0,SPOKED,SPOKED,0,0.0,0.0,0.0,280.0,740.0,28.6,750.0,1.0
405.0,70.0,605.0,72.0,145.0,48.0,585.0,72.0,642.0,50.0,45.0,28.6,28.6,23.35,13.0,13.0,9.0,STEEL,31.0,51.0,46.0,330.0,350.0,16.0,18.0,False,False,130.0,2.0,0.9,1.1,0.9,1.2,1.0,0.9,674.0,52.0,674.0,52.0,0,2,False,0,1.0,68.0,45.0,0.0,31.8,False,False,False,False,True,11,2,False,255.0,255.0,255.0,SPOKED,SPOKED,0,0.0,0.0,0.0,280.0,728.0,28.6,710.0,1.0
425.0,70.0,615.0,71.5,155.0,52.0,595.0,71.5,648.0,50.0,45.0,28.6,28.6,23.35,13.0,13.0,9.0,STEEL,34.0,54.0,49.0,330.0,350.0,16.0,18.0,False,False,130.0,2.0,0.9,1.1,0.9,1.2,1.0,0.9,674.0,52.0,674.0,52.0,0,2,False,0,1.0,68.0,45.0,0.0,31.8,False,False,False,False,True,11,2,False,255.0,255.0,255.0,SPOKED,SPOKED,0,0.0,0.0,0.0,280.0,732.0,28.6,740.0,1.0
395.0,70.0,580.0,74.5,120.0,42.0,565.0,74.5,630.0,50.0,45.0,28.6,28.6,23.35,13.0,13.0,9.0,STEEL,26.0,45.0,41.0,330.0,350.0,16.0,18.0,False,False,130.0,2.0,0.9,1.1,0.9,1.2,1.0,0.9,674.0,52.0,674.0,52.0,0,2,False,0,1.0,68.0,45.0,0.0,31.8,False,False,False,False,True,11,2,False,255.0,255.0,255.0,SPOKED,SPOKED,0,0.0,0.0,0.0,280.0,720.0,28.6,680.0,1.0
440.0,70.0,630.0,73.0,170.0,60.0,610.0,73.0,655.0,50.0,45.0,28.6,28.6,23.35,13.0,13.0,9.0,STEEL,36.0,57.0,52.0,330.0,350.0,16.0,18.0,False,False,130.0,2.0,0.9,1.1,0.9,1.2,1.0,0.9,674.0,52.0,674.0,52.0,0,2,False,0,1.0,68.0,45.0,0.0,31.8,False,False,False,False,True,11,2,False,255.0,255.0,255.0,SPOKED,SPOKED,0,0.0,0.0,0.0,280.0,738.0,28.6,760.0,1.0
400.0,70.0,595.0,72.8,135.0,47.0,575.0,72.8,638.0,50.0,45.0,28.6,28.6,23.35,13.0,13.0,9.0,STEEL,29.0,50.0,44.0,330.0,350.0,16.0,18.0,False,False,130.0,2.0,0.9,1.1,0.9,1.2,1.0,0.9,674.0,52.0,674.0,52.0,0,2,False,0,1.0,68.0,45.0,0.0,31.8,False,False,False,False,True,11,2,False,255.0,255.0,255.0,SPOKED,SPOKED,0,0.0,0.0,0.0,280.0,726.0,28.6,725.0,1.0
435.0,70.0,625.0,74.0,165.0,58.0,605.0,74.0,652.0,50.0,45.0,28.6,28.6,23.35,13.0,13.0,9.0,STEEL,35.0,56.0,51.0,330.0,350.0,16.0,18.0,False,False,130.0,2.0,0.9,1.1,0.9,1.2,1.0,0.9,674.0,52.0,674.0,52.0,0,2,False,0,1.0,68.0,45.0,0.0,31.8,False,False,False,False,True,11,2,False,255.0,255.0,255.0,SPOKED,SPOKED,0,0.0,0.0,0.0,280.0,736.0,28.6,755.0,1.0
410.0,70.0,620.0,73.0,180.0,45.0,580.0,73.0,645.0,50.0,42.0,28.6,34.9,36.5,23.35,12.0,15.0,STEEL,40.0,45.0,45.0,330.0,350.0,16.0,18.0,False,False,130.0,0.9,1.0,1.1,0.9,1.0,0.9,1.1,680.0,52.0,680.0,52.0,0,0,False,0,1.0,68.0,45.0,692.0,31.8,False,True,False,False,True,11,2,False,255.0,255.0,255.0,SPOKED,SPOKED,0,0.0,0.0,278.0,760.0,34.9,330.0,1.0,
415.0,75.0,630.0,72.5,170.0,50.0,585.0,74.0,640.0,48.0,45.0,29.0,35.0,36.8,23.5,13.0,15.0,STEEL,38.0,48.0,42.0,330.0,350.0,16.0,18.0,True,False,130.0,0.9,1.1,1.1,0.9,1.0,0.9,1.1,680.0,52.0,680.0,52.0,0,0,False,0,1.0,68.0,45.0,692.0,31.8,False,True,False,False,True,11,2,False,255.0,255.0,255.0,SPOKED,SPOKED,0,0.0,0.0,278.0,765.0,35.0,330.0,1.0,
420.0,68.0,610.0,73.5,160.0,47.0,575.0,73.5,650.0,50.0,40.0,25.4,31.0,36.5,22.5,11.5,16.0,STEEL,36.0,42.0,40.0,330.0,350.0,14.0,20.0,True,True,135.0,1.0,1.0,1.1,0.8,1.1,0.9,1.0,680.0,52.0,680.0,52.0,0,0,False,0,1.0,68.0,45.0,692.0,31.8,False,True,False,False,True,11,2,False,255.0,255.0,255.0,SPOKED,SPOKED,0,0.0,0.0,278.0,770.0,31.0,330.0,1.0,
405.0,72.0,625.0,74.0,175.0,44.0,590.0,72.5,655.0,52.0,50.0,28.6,34.9,36.5,23.35,14.0,16.0,STEEL,42.0,40.0,48.0,330.0,350.0,16.0,18.0,False,False,130.0,0.9,1.0,1.1,0.9,1.0,0.9,1.1,680.0,52.0,680.0,52.0,0,0,False,0,1.0,68.0,45.0,692.0,31.8,False,True,False,False,True,11,2,False,255.0,255.0,255.0,SPOKED,SPOKED,0,0.0,0.0,278.0,755.0,34.9,335.0,1.0,
400.0,70.0,600.0,71.5,185.0,46.0,600.0,73.0,635.0,47.0,42.0,28.6,34.9,36.5,23.35,12.5,14.0,STEEL,44.0,50.0,42.0,330.0,350.0,16.0,18.0,False,False,135.0,1.0,1.1,1.2,0.9,1.0,0.9,1.1,680.0,52.0,680.0,52.0,0,0,False,0,1.0,68.0,45.0,692.0,31.8,False,True,False,False,True,11,2,False,200.0,200.0,200.0,SPOKED,SPOKED,0,0.0,0.0,270.0,760.0,34.9,325.0,2.0,
425.0,65.0,615.0,72.0,165.0,48.0,570.0,74.5,645.0,49.0,43.0,29.5,34.9,36.2,23.35,13.0,15.5,STEEL,39.0,47.0,44.0,330.0,350.0,15.0,17.0,False,True,130.0,0.9,1.0,1.1,0.9,1.1,0.9,1.0,680.0,52.0,680.0,52.0,0,0,False,0,1.0,68.0,45.0,692.0,31.8,False,True,False,False,True,11,2,False,255.0,255.0,255.0,SPOKED,SPOKED,0,0.0,0.0,278.0,765.0,34.9,330.0,1.0,
430.0,69.0,635.0,73.0,180.0,45.0,580.0,73.0,650.0,50.0,44.0,28.6,34.9,36.5,23.35,12.0,15.0,STEEL,40.0,46.0,45.0,330.0,350.0,16.0,18.0,False,False,130.0,0.9,1.2,1.1,0.9,1.0,0.9,1.2,680.0,52.0,680.0,52.0,0,0,False,0,1.0,68.0,45.0,692.0,31.8,False,True,False,False,True,11,2,False,255.0,255.0,255.0,SPOKED,SPOKED,0,0.0,0.0,278.0,770.0,34.9,330.0,1.0,
395.0,74.0,605.0,73.8,155.0,43.0,565.0,74.0,630.0,46.0,40.0,28.6,34.9,36.5,23.35,11.0,16.5,STEEL,37.0,49.0,43.0,330.0,350.0,14.0,20.0,True,False,135.0,0.9,1.0,1.1,0.9,1.0,0.9,1.1,680.0,52.0,680.0,52.0,0,0,False,0,1.0,68.0,45.0,692.0,31.8,False,True,False,False,True,11,2,False,254.0,254.0,254.0,SPOKED,SPOKED,0,0.0,0.0,285.0,755.0,34.9,330.0,1.0,
410.0,67.0,640.0,72.2,190.0,49.0,595.0,73.2,660.0,51.0,43.0,28.6,34.9,36.5,23.35,12.5,15.0,STEEL,45.0,50.0,46.0,330.0,350.0,16.0,18.0,False,False,130.0,0.9,1.0,1.1,0.9,1.0,0.9,1.0,680.0,52.0,680.0,52.0,0,0,False,0,3.0,68.0,45.0,692.0,31.8,False,True,False,False,True,11,2,False,255.0,255.0,255.0,SPOKED,SPOKED,0,0.0,0.0,270.0,780.0,34.9,300.0,3.0,
415.0,73.0,620.0,74.0,172.0,46.0,585.0,72.8,655.0,53.0,44.0,28.6,34.9,36.5,23.35,13.0,15.0,STEEL,41.0,47.0,45.0,330.0,350.0,16.0,18.0,False,False,130.0,0.9,1.0,1.1,0.9,1.0,0.9,1.1,680.0,52.0,680.0,52.0,0,2,False,0,2.0,68.0,45.0,692.0,31.8,False,True,False,False,True,11,2,False,255.0,255.0,255.0,SPOKED,SPOKED,0,0.0,0.0,278.0,765.0,34.9,330.0,1.0,
410.0,60.0,600.0,71.5,140.0,45.0,540.0,72.0,650.0,45.0,40.0,27.0,35.0,20.0,23.0,11.0,7.0,STEEL,30.0,30.0,40.0,0.0,0.0,0.0,0.0,False,False,130.0,2.0,0.9,1.1,0.9,1.2,1.0,0.9,700.0,78.0,700.0,78.0,0,2,False,0,1.0,68.0,45.0,0.0,31.8,False,False,False,False,True,11,2,False,255.0,255.0,255.0,SPOKED,SPOKED,0,0.0,0.0,0.0,280.0,785.0,33.0,330.0,1.0
420.0,62.0,610.0,72.0,150.0,47.0,550.0,72.5,655.0,46.0,42.0,28.0,36.0,22.0,25.0,12.0,8.0,STEEL,32.0,32.0,42.0,0.0,0.0,0.0,0.0,False,False,130.0,2.0,0.9,1.1,0.9,1.2,1.0,0.9,700.0,78.0,700.0,78.0,0,2,False,0,1.0,68.0,45.0,0.0,31.8,False,False,False,False,True,11,2,False,255.0,255.0,255.0,SPOKED,SPOKED,0,0.0,0.0,0.0,280.0,785.0,33.0,330.0,1.0
430.0,64.0,620.0,72.5,160.0,49.0,560.0,73.0,660.0,47.0,44.0,29.0,37.0,24.0,27.0,13.0,9.0,STEEL,34.0,34.0,44.0,0.0,0.0,0.0,0.0,False,False,130.0,2.0,0.9,1.1,0.9,1.2,1.0,0.9,700.0,78.0,700.0,78.0,0,2,False,0,1.0,68.0,45.0,0.0,31.8,False,False,False,False,True,11,2,False,255.0,255.0,255.0,SPOKED,SPOKED,0,0.0,0.0,0.0,280.0,785.0,33.0,330.0,1.0
440.0,66.0,630.0,73.0,170.0,51.0,570.0,73.5,665.0,48.0,46.0,30.0,38.0,26.0,29.0,14.0,10.0,STEEL,36.0,36.0,46.0,0.0,0.0,0.0,0.0,False,False,130.0,2.0,0.9,1.1,0.9,1.2,1.0,0.9,700.0,78.0,700.0,78.0,0,2,False,0,1.0,68.0,45.0,0.0,31.8,False,False,False,False,True,11,2,False,255.0,255.0,255.0,SPOKED,SPOKED,0,0.0,0.0,0.0,280.0,785.0,33.0,330.0,1.0
450.0,68.0,640.0,73.5,180.0,53.0,580.0,74.0,670.0,49.0,48.0,31.0,39.0,28.0,31.0,15.0,11.0,STEEL,38.0,38.0,48.0,0.0,0.0,0.0,0.0,False,False,130.0,2.0,0.9,1.1,0.9,1.2,1.0,0.9,700.0,78.0,700.0,78.0,0,2,False,0,1.0,68.0,45.0,0.0,31.8,False,False,False,False,True,11,2,False,255.0,255.0,255.0,SPOKED,SPOKED,0,0.0,0.0,0.0,280.0,785.0,33.0,330.0,1.0
460.0,70.0,650.0,74.0,190.0,55.0,590.0,74.5,675.0,50.0,50.0,32.0,40.0,30.0,33.0,16.0,12.0,STEEL,40.0,40.0,50.0,0.0,0.0,0.0,0.0,False,False,130.0,2.0,0.9,1.1,0.9,1.2,1.0,0.9,700.0,78.0,700.0,78.0,0,2,False,0,1.0,68.0,45.0,0.0,31.8,False,False,False,False,True,11,2,False,255.0,255.0,255.0,SPOKED,SPOKED,0,0.0,0.0,0.0,280.0,785.0,33.0,330.0,1.0
470.0,72.0,660.0,71.0,200.0,57.0,600.0,72.2,680.0,51.0,52.0,33.0,41.0,32.0,35.0,17.0,13.0,STEEL,42.0,42.0,52.0,0.0,0.0,0.0,0.0,False,False,130.0,2.0,0.9,1.1,0.9,1.2,1.0,0.9,700.0,78.0,700.0,78.0,0,2,False,0,1.0,68.0,45.0,0.0,31.8,False,False,False,False,True,11,2,False,255.0,255.0,255.0,SPOKED,SPOKED,0,0.0,0.0,0.0,280.0,785.0,33.0,330.0,1.0
480.0,74.0,670.0,71.8,210.0,59.0,610.0,72.8,685.0,52.0,54.0,34.0,42.0,34.0,37.0,18.0,14.0,STEEL,44.0,44.0,54.0,0.0,0.0,0.0,0.0,False,False,130.0,2.0,0.9,1.1,0.9,1.2,1.0,0.9,700.0,78.0,700.0,78.0,0,2,False,0,1.0,68.0,45.0,0.0,31.8,False,False,False,False,True,11,2,False,255.0,255.0,255.0,SPOKED,SPOKED,0,0.0,0.0,0.0,280.0,785.0,33.0,330.0,1.0
490.0,76.0,680.0,72.2,220.0,61.0,620.0,73.2,690.0,53.0,56.0,35.0,43.0,36.0,39.0,19.0,15.0,STEEL,46.0,46.0,56.0,0.0,0.0,0.0,0.0,False,False,130.0,2.0,0.9,1.1,0.9,1.2,1.0,0.9,700.0,78.0,700.0,78.0,0,2,False,0,1.0,68.0,45.0,0.0,31.8,False,False,False,False,True,11,2,False,255.0,255.0,255.0,SPOKED,SPOKED,0,0.0,0.0,0.0,280.0,785.0,33.0,330.0,1.0
500.0,78.0,690.0,73.8,230.0,63.0,630.0,73.8,695.0,54.0,58.0,36.0,44.0,38.0,41.0,20.0,16.0,STEEL,48.0,48.0,58.0,0.0,0.0,0.0,0.0,False,False,130.0,2.0,0.9,1.1,0.9,1.2,1.0,0.9,700.0,78.0,700.0,78.0,0,2,False,0,1.0,68.0,45.0,0.0,31.8,False,False,False,False,True,11,2,False,255.0,255.0,255.0,SPOKED,SPOKED,0,0.0,0.0,0.0,280.0,785.0,33.0,330.0,1.0
410.0,70.0,580.0,73.0,140.0,60.0,520.0,72.8,610.0,50.0,68.0,31.8,34.9,25.0,20.0,20.0,15.0,STEEL,15.0,15.0,20.0,150.0,30.0,4.0,5.0,True,False,130.0,2.5,0.9,1.1,0.9,1.2,1.0,0.9,680.0,20.0,680.0,20.0,0,0,False,0,1.0,68.0,45.0,30.0,31.8,False,True,False,False,True,11,2,False,255.0,255.0,255.0,SPOKED,SPOKED,0,0.0,0.0,0.0,280.0,750.0,34.9,300.0,1.0
415.0,68.0,590.0,73.5,160.0,55.0,530.0,73.2,615.0,48.0,68.0,31.8,34.9,25.0,20.0,22.0,14.0,STEEL,17.0,16.0,22.0,155.0,32.0,4.5,5.0,True,False,130.0,2.5,0.9,1.1,0.9,1.2,1.0,0.9,680.0,20.0,680.0,20.0,0,1,False,0,1.0,68.0,45.0,30.0,31.8,True,False,False,False,True,12,2,False,245.0,245.0,245.0,SPOKED,DISC,0,0.0,0.0,0.0,285.0,755.0,34.9,310.0,1.0
420.0,72.0,600.0,72.8,180.0,70.0,525.0,72.5,605.0,52.0,68.0,31.8,34.9,25.0,20.0,21.0,16.0,STEEL,18.0,17.0,23.0,160.0,34.0,5.0,5.0,True,True,130.0,2.5,0.9,1.1,0.9,1.2,1.0,0.9,680.0,23.0,680.0,23.0,0,2,False,0,1.0,68.0,45.0,30.0,31.8,True,True,False,False,True,11,1,False,230.0,230.0,230.0,TRISPOKE,SPOKED,1,0.0,80.0,0.0,278.0,752.0,34.9,320.0,1.0
405.0,69.0,610.0,74.0,150.0,50.0,515.0,73.5,620.0,45.0,68.0,31.8,34.9,25.0,20.0,20.0,15.0,STEEL,16.0,16.0,21.0,150.0,30.0,4.0,5.0,True,True,130.0,2.5,0.9,1.1,0.9,1.2,1.0,0.9,680.0,20.0,680.0,20.0,0,1,False,0,1.0,68.0,45.0,30.0,31.8,False,True,True,True,True,10,2,False,240.0,240.0,240.0,SPOKED,SPOKED,0,0.0,0.0,0.0,282.0,760.0,34.9,300.0,1.0
425.0,70.0,620.0,73.2,170.0,65.0,535.0,73.0,600.0,55.0,68.0,31.8,34.9,25.0,20.0,22.0,14.0,STEEL,19.0,18.0,24.0,155.0,32.0,4.5,5.0,True,False,130.0,2.5,0.9,1.1,0.9,1.2,1.0,0.9,680.0,20.0,680.0,20.0,0,0,False,0,1.0,68.0,45.0,30.0,31.8,True,False,True,False,True,11,1,False,255.0,250.0,250.0,TRISPOKE,SPOKED,1,0.0,80.0,0.0,280.0,755.0,34.9,310.0,1.0
412.0,71.0,585.0,73.7,155.0,60.0,520.0,72.9,615.0,49.0,68.0,31.8,34.9,25.0,20.0,21.0,16.0,STEEL,17.0,17.0,22.0,160.0,34.0,5.0,5.0,True,False,130.0,2.5,0.9,1.1,0.9,1.2,1.0,0.9,680.0,20.0,680.0,20.0,0,2,False,0,1.0,68.0,45.0,30.0,31.8,False,True,False,False,True,12,2,False,235.0,235.0,235.0,TRISPOKE,DISC,1,0.0,0.0,0.0,285.0,758.0,34.9,320.0,1.0
418.0,67.0,595.0,73.1,165.0,55.0,530.0,73.3,605.0,53.0,68.0,31.8,34.9,25.0,20.0,20.0,15.0,STEEL,18.0,16.0,23.0,150.0,30.0,4.0,5.0,True,True,130.0,2.5,0.9,1.1,0.9,1.2,1.0,0.9,680.0,20.0,680.0,20.0,0,1,False,0,1.0,68.0,45.0,30.0,31.8,False,True,False,True,True,13,2,False,225.0,225.0,225.0,SPOKED,TRISPOKE,0,1.0,0.0,80.0,278.0,760.0,34.9,300.0,1.0
430.0,70.0,605.0,74.2,175.0,70.0,525.0,72.7,620.0,47.0,68.0,31.8,34.9,25.0,20.0,22.0,14.0,STEEL,20.0,18.0,25.0,155.0,32.0,4.5,5.0,True,True,130.0,2.5,0.9,1.1,0.9,1.2,1.0,0.9,680.0,20.0,680.0,20.0,0,0,False,0,1.0,68.0,45.0,30.0,31.8,True,True,False,False,True,11,2,False,255.0,255.0,240.0,SPOKED,SPOKED,0,0.0,0.0,0.0,280.0,752.0,34.9,310.0,1.0
408.0,68.0,615.0,73.9,145.0,50.0,515.0,73.4,600.0,51.0,68.0,31.8,34.9,25.0,20.0,21.0,16.0,STEEL,16.0,17.0,21.0,160.0,34.0,5.0,5.0,True,False,130.0,2.5,0.9,1.1,0.9,1.2,1.0,0.9,680.0,20.0,680.0,20.0,0,2,False,0,1.0,68.0,45.0,30.0,31.8,False,False,True,True,True,10,1,False,245.0,245.0,245.0,SPOKED,SPOKED,0,0.0,0.0,0.0,282.0,762.0,34.9,320.0,1.0
415.0,72.0,625.0,74.5,185.0,65.0,535.0,73.8,610.0,54.0,68.0,31.8,34.9,25.0,20.0,20.0,15.0,STEEL,19.0,16.0,24.0,150.0,30.0,4.0,5.0,True,False,130.0,2.5,0.9,1.1,0.9,1.2,1.0,0.9,680.0,20.0,680.0,20.0,0,1,False,0,1.0,68.0,45.0,30.0,31.8,True,False,False,True,True,11,2,False,235.0,235.0,235.0,SPOKED,DISC,0,1.0,0.0,80.0,285.0,765.0,34.9,300.0,1.0
405.0,65.0,610.0,73.0,140.0,50.0,580.0,73.0,640.0,50.0,45.0,40.0,34.0,36.5,23.0,14.0,15.0,STEEL,25.0,45.0,25.0,330.0,350.0,16.0,18.0,False,False,130.0,2.0,0.9,1.1,0.9,1.2,1.0,0.9,680.0,60.0,680.0,60.0,0,0,False,0,1.0,68.0,45.0,692.0,31.8,False,False,False,False,True,10,2,False,254.0,254.0,254.0,SPOKED,SPOKED,1,1.0,80.0,80.0,280.0,700.0,34.9,400.0,1.0
410.0,67.0,620.0,72.0,150.0,60.0,585.0,74.0,650.0,50.0,48.0,40.0,35.0,37.0,23.5,14.5,15.0,STEEL,28.0,48.0,22.0,330.0,350.0,16.0,18.0,False,False,130.0,2.0,0.9,1.1,0.9,1.2,1.0,0.9,675.0,55.0,675.0,55.0,0,0,False,0,1.0,68.0,45.0,692.0,31.8,False,False,False,False,True,9,2,False,254.0,254.0,254.0,SPOKED,SPOKED,1,1.0,80.0,80.0,285.0,710.0,34.9,400.0,1.0
395.0,66.0,600.0,74.0,130.0,55.0,575.0,72.0,630.0,50.0,40.0,28.0,35.5,36.0,22.5,13.5,15.0,STEEL,23.0,42.0,20.0,330.0,350.0,16.0,18.0,False,False,132.0,2.0,0.9,1.1,0.9,1.2,1.0,0.9,678.0,58.0,678.0,58.0,0,0,False,0,1.0,68.0,45.0,692.0,31.8,False,False,False,False,True,11,1,False,254.0,254.0,254.0,SPOKED,SPOKED,1,1.0,80.0,80.0,275.0,705.0,34.9,400.0,1.0
420.0,64.0,630.0,71.0,160.0,70.0,590.0,75.0,660.0,50.0,50.0,45.0,36.0,37.5,24.0,15.0,15.0,STEEL,30.0,52.0,30.0,330.0,350.0,16.0,18.0,False,False,130.0,2.0,0.9,1.1,0.9,1.2,1.0,0.9,682.0,62.0,682.0,62.0,0,0,False,0,1.0,68.0,45.0,692.0,31.8,False,False,False,False,True,8,2,False,254.0,254.0,254.0,SPOKED,SPOKED,1,1.0,80.0,80.0,290.0,695.0,34.9,400.0,1.0
390.0,68.0,605.0,75.0,120.0,45.0,565.0,70.0,635.0,50.0,45.0,35.0,34.5,36.5,23.0,13.0,15.0,STEEL,22.0,40.0,18.0,330.0,350.0,16.0,18.0,False,False,130.0,2.0,0.9,1.1,0.9,1.2,1.0,0.9,670.0,56.0,670.0,56.0,0,0,False,0,1.0,68.0,45.0,692.0,31.8,False,False,False,False,True,10,2,False,254.0,254.0,254.0,SPOKED,SPOKED,1,1.0,80.0,80.0,265.0,720.0,34.9,400.0,1.0
415.0,63.0,615.0,70.5,155.0,65.0,595.0,71.0,655.0,50.0,48.0,40.0,36.5,37.0,23.0,14.0,15.0,STEEL,32.0,50.0,28.0,330.0,350.0,16.0,18.0,False,False,135.0,2.0,0.9,1.1,0.9,1.2,1.0,0.9,685.0,65.0,685.0,65.0,0,0,False,0,1.0,68.0,45.0,692.0,31.8,False,False,False,False,True,9,2,False,254.0,254.0,254.0,SPOKED,SPOKED,1,1.0,80.0,80.0,295.0,680.0,34.9,400.0,1.0
430.0,66.0,625.0,74.5,145.0,60.0,600.0,73.5,645.0,50.0,47.0,39.0,36.0,36.5,23.5,14.0,15.0,STEEL,29.0,48.0,26.0,330.0,350.0,16.0,18.0,False,False,130.0,2.0,0.9,1.1,0.9,1.2,1.0,0.9,675.0,59.0,675.0,59.0,0,0,False,0,1.0,68.0,45.0,692.0,31.8,False,False,False,False,True,11,1,False,254.0,254.0,254.0,SPOKED,SPOKED,1,1.0,80.0,80.0,280.0,700.0,34.9,400.0,1.0
400.0,65.5,605.0,72.5,135.0,55.0,580.0,72.0,640.0,50.0,42.0,36.0,35.5,36.0,22.0,13.5,15.0,STEEL,24.0,45.0,21.0,330.0,350.0,16.0,18.0,False,False,132.0,2.0,0.9,1.1,0.9,1.2,1.0,0.9,680.0,57.0,680.0,57.0,0,0,False,0,1.0,68.0,45.0,692.0,31.8,False,False,False,False,True,10,2,False,254.0,254.0,254.0,SPOKED,SPOKED,1,1.0,80.0,80.0,275.0,710.0,34.9,400.0,1.0
420.0,62.0,620.0,73.0,148.0,65.0,590.0,74.0,650.0,50.0,50.0,45.0,36.5,37.0,23.5,14.5,15.0,STEEL,31.0,52.0,29.0,330.0,350.0,16.0,18.0,False,False,130.0,2.0,0.9,1.1,0.9,1.2,1.0,0.9,682.0,63.0,682.0,63.0,0,0,False,0,1.0,68.0,45.0,692.0,31.8,False,False,False,False,True,9,1,False,254.0,254.0,254.0,SPOKED,SPOKED,1,1.0,80.0,80.0,290.0,690.0,34.9,400.0,1.0
405.0,64.5,615.0,71.5,138.0,58.0,585.0,72.5,645.0,50.0,46.0,38.0,36.0,36.0,22.5,14.0,15.0,STEEL,27.0,47.0,24.0,330.0,350.0,16.0,18.0,False,False,135.0,2.0,0.9,1.1,0.9,1.2,1.0,0.9,678.0,61.0,678.0,61.0,0,0,False,0,1.0,68.0,45.0,692.0,31.8,False,False,False,False,True,10,2,False,254.0,254.0,254.0,SPOKED,SPOKED,1,1.0,80.0,80.0,285.0,700.0,34.9,400.0,1.0
420.0,65.0,620.0,72.5,150.0,45.0,540.0,73.0,650.0,40.0,40.0,28.6,36.5,23.35,13.0,13.0,15.0,STEEL,35.0,40.0,50.0,330.0,350.0,16.0,18.0,False,False,130.0,2.0,0.9,1.1,0.9,1.2,1.0,0.9,680.0,60.0,680.0,60.0,0,0,False,0,1.0,68.0,45.0,31.8,31.8,False,False,False,False,True,10,2,False,255.0,255.0,255.0,SPOKED,SPOKED,0,0.0,80.0,80.0,278.0,750.0,34.9,300.0,1.0
430.0,70.0,600.0,73.0,160.0,50.0,550.0,72.0,660.0,42.0,42.0,28.6,36.5,23.35,13.0,13.0,15.0,STEEL,36.0,42.0,52.0,330.0,350.0,16.0,18.0,False,False,130.0,2.0,0.9,1.1,0.9,1.2,1.0,0.9,680.0,60.0,680.0,60.0,0,1,False,0,1.0,68.0,45.0,31.8,31.8,False,False,False,False,True,10,2,False,255.0,255.0,255.0,SPOKED,SPOKED,0,0.0,80.0,80.0,278.0,760.0,34.9,300.0,1.0
440.0,68.0,580.0,73.5,170.0,55.0,560.0,74.0,670.0,44.0,44.0,28.6,36.5,23.35,13.0,13.0,15.0,STEEL,37.0,44.0,54.0,330.0,350.0,16.0,18.0,False,False,130.0,2.0,0.9,1.1,0.9,1.2,1.0,0.9,680.0,60.0,680.0,60.0,0,2,False,0,1.0,68.0,45.0,31.8,31.8,False,False,False,False,True,10,2,False,255.0,255.0,255.0,SPOKED,SPOKED,0,0.0,80.0,80.0,278.0,770.0,34.9,300.0,1.0
450.0,72.0,610.0,74.0,180.0,48.0,570.0,73.5,680.0,46.0,46.0,28.6,36.5,23.35,13.0,13.0,15.0,STEEL,38.0,46.0,56.0,330.0,350.0,16.0,18.0,False,False,130.0,2.0,0.9,1.1,0.9,1.2,1.0,0.9,680.0,60.0,680.0,60.0,0,0,False,0,1.0,68.0,45.0,31.8,31.8,False,False,False,False,True,10,2,False,255.0,255.0,255.0,SPOKED,SPOKED,0,0.0,80.0,80.0,278.0,780.0,34.9,300.0,1.0
465.0,66.0,590.0,72.0,190.0,52.0,580.0,72.5,690.0,48.0,48.0,28.6,36.5,23.35,13.0,13.0,15.0,STEEL,39.0,48.0,58.0,330.0,350.0,16.0,18.0,False,False,130.0,2.0,0.9,1.1,0.9,1.2,1.0,0.9,680.0,60.0,680.0,60.0,0,1,False,0,1.0,68.0,45.0,31.8,31.8,False,False,False,False,True,10,2,False,255.0,255.0,255.0,SPOKED,SPOKED,0,0.0,80.0,80.0,278.0,790.0,34.9,300.0,1.0
400.0,74.0,630.0,73.2,200.0,46.0,590.0,74.5,700.0,50.0,50.0,28.6,36.5,23.35,13.0,13.0,15.0,STEEL,40.0,50.0,60.0,330.0,350.0,16.0,18.0,False,False,130.0,2.0,0.9,1.1,0.9,1.2,1.0,0.9,680.0,60.0,680.0,60.0,0,2,False,0,1.0,68.0,45.0,31.8,31.8,False,False,False,False,True,10,2,False,255.0,255.0,255.0,SPOKED,SPOKED,0,0.0,80.0,80.0,278.0,800.0,34.9,300.0,1.0
415.0,69.0,605.0,73.8,155.0,51.0,545.0,73.2,655.0,41.0,41.0,28.6,36.5,23.35,13.0,13.0,15.0,STEEL,41.0,52.0,62.0,330.0,350.0,16.0,18.0,False,False,130.0,2.0,0.9,1.1,0.9,1.2,1.0,0.9,680.0,60.0,680.0,60.0,0,0,False,0,1.0,68.0,45.0,31.8,31.8,False,False,False,False,True,10,2,False,255.0,255.0,255.0,SPOKED,SPOKED,0,0.0,80.0,80.0,278.0,740.0,34.9,300.0,1.0
435.0,71.0,595.0,72.8,165.0,47.0,555.0,72.8,665.0,43.0,43.0,28.6,36.5,23.35,13.0,13.0,15.0,STEEL,42.0,54.0,64.0,330.0,350.0,16.0,18.0,False,False,130.0,2.0,0.9,1.1,0.9,1.2,1.0,0.9,680.0,60.0,680.0,60.0,0,1,False,0,1.0,68.0,45.0,31.8,31.8,False,False,False,False,True,10,2,False,255.0,255.0,255.0,SPOKED,SPOKED,0,0.0,80.0,80.0,278.0,720.0,34.9,300.0,1.0
445.0,67.0,615.0,73.1,175.0,53.0,565.0,73.8,675.0,45.0,45.0,28.6,36.5,23.35,13.0,13.0,15.0,STEEL,43.0,56.0,66.0,330.0,350.0,16.0,18.0,False,False,130.0,2.0,0.9,1.1,0.9,1.2,1.0,0.9,680.0,60.0,680.0,60.0,0,2,False,0,1.0,68.0,45.0,31.8,31.8,False,False,False,False,True,10,2,False,255.0,255.0,255.0,SPOKED,SPOKED,0,0.0,80.0,80.0,278.0,730.0,34.9,300.0,1.0
425.0,73.0,585.0,73.4,185.0,49.0,575.0,72.2,685.0,47.0,47.0,28.6,36.5,23.35,13.0,13.0,15.0,STEEL,34.0,44.0,54.0,330.0,350.0,16.0,18.0,False,False,130.0,2.0,0.9,1.1,0.9,1.2,1.0,0.9,680.0,60.0,680.0,60.0,0,1,False,0,1.0,68.0,45.0,31.8,31.8,False,False,False,False,True,10,2,False,255.0,255.0,255.0,SPOKED,SPOKED,0,0.0,80.0,80.0,278.0,710.0,34.9,300.0,1.0
410.0,75.0,600.0,73.0,160.0,45.0,560.0,73.5,660.0,45.0,45.0,35.0,36.5,23.35,23.35,13.0,15.0,STEEL,30.0,50.0,35.0,330.0,350.0,16.0,18.0,False,False,130.0,2.0,0.9,1.1,0.9,1.2,1.0,0.9,680.0,52.0,680.0,52.0,0,0,False,0,1.0,68.0,45.0,31.8,28.6,False,False,False,False,True,11,2,False,255.0,255.0,255.0,SPOKED,SPOKED,1,1.0,80.0,80.0,278.0,720.0,34.9,800.0,1.0
415.0,72.0,605.0,72.5,155.0,46.0,565.0,73.0,655.0,45.0,45.0,36.0,36.5,23.35,23.35,13.5,15.0,STEEL,32.0,52.0,37.0,332.0,352.0,16.0,18.0,False,False,130.0,2.0,0.9,1.1,0.9,1.2,1.0,0.9,680.0,52.0,680.0,52.0,0,0,False,0,1.0,68.0,45.0,31.8,28.6,False,False,False,False,True,11,2,False,255.0,255.0,255.0,SPOKED,SPOKED,1,1.0,80.0,80.0,278.0,725.0,34.9,800.0,1.0
405.0,78.0,595.0,74.0,170.0,44.0,555.0,74.0,665.0,45.0,45.0,35.0,36.5,23.35,23.35,12.5,15.0,STEEL,28.0,49.0,33.0,328.0,348.0,16.0,18.0,False,False,130.0,2.0,0.9,1.1,0.9,1.2,1.0,0.9,675.0,53.0,675.0,53.0,0,0,False,0,1.0,68.0,45.0,31.8,28.6,False,False,False,False,True,10,2,False,255.0,255.0,255.0,SPOKED,SPOKED,1,1.0,80.0,80.0,280.0,715.0,34.9,800.0,1.0
420.0,70.0,610.0,72.0,150.0,47.0,570.0,72.5,650.0,45.0,45.0,34.0,36.5,23.35,23.35,13.0,15.0,STEEL,30.0,55.0,35.0,330.0,350.0,16.0,18.0,False,False,130.0,2.0,0.9,1.1,0.9,1.2,1.0,0.9,680.0,52.0,680.0,52.0,0,0,False,0,1.0,68.0,45.0,31.8,28.6,False,False,False,False,True,11,3,False,255.0,255.0,255.0,SPOKED,SPOKED,1,1.0,80.0,80.0,278.0,730.0,34.9,800.0,1.0
415.0,74.0,605.0,73.5,165.0,46.0,575.0,73.5,670.0,45.0,45.0,36.0,36.5,23.35,23.35,13.5,15.0,STEEL,32.0,50.0,38.0,330.0,350.0,16.0,18.0,False,False,130.0,2.0,0.9,1.1,0.9,1.2,1.0,0.9,682.0,50.0,682.0,50.0,0,1,False,0,1.0,68.0,45.0,31.8,28.6,False,False,False,False,True,11,2,False,255.0,255.0,255.0,SPOKED,SPOKED,1,1.0,80.0,80.0,280.0,725.0,34.9,800.0,1.0
408.0,76.0,598.0,73.2,158.0,45.0,562.0,73.2,658.0,45.0,45.0,35.0,36.5,23.35,23.35,12.8,15.0,STEEL,31.0,51.0,36.0,331.0,351.0,16.0,18.0,False,False,130.0,2.0,0.9,1.1,0.9,1.2,1.0,0.9,678.0,54.0,678.0,54.0,0,2,False,0,1.0,68.0,45.0,31.8,28.6,False,False,False,False,True,11,2,False,255.0,255.0,255.0,SPOKED,SPOKED,1,1.0,80.0,80.0,279.0,722.0,34.9,800.0,1.0
422.0,71.0,612.0,72.8,162.0,48.0,580.0,72.8,672.0,45.0,45.0,35.0,36.5,23.35,23.35,13.2,15.0,STEEL,29.0,53.0,34.0,329.0,349.0,16.0,18.0,False,False,130.0,2.0,0.9,1.1,0.9,1.2,1.0,0.9,685.0,51.0,685.0,51.0,0,0,False,0,1.0,68.0,45.0,31.8,28.6,False,False,False,False,True,11,2,False,255.0,255.0,255.0,SPOKED,SPOKED,1,1.0,80.0,80.0,280.0,728.0,34.9,800.0,1.0
430.0,73.0,620.0,73.4,175.0,49.0,590.0,73.4,680.0,45.0,45.0,36.0,36.5,23.35,23.35,14.0,15.0,STEEL,33.0,55.0,37.0,330.0,350.0,16.0,18.0,False,False,130.0,2.0,0.9,1.1,0.9,1.2,1.0,0.9,690.0,49.0,690.0,49.0,0,1,False,0,1.0,68.0,45.0,31.8,28.6,False,False,False,False,True,11,2,False,255.0,255.0,255.0,SPOKED,SPOKED,1,1.0,80.0,80.0,282.0,735.0,34.9,800.0,1.0
395.0,77.0,590.0,74.0,140.0,44.0,550.0,74.0,645.0,45.0,45.0,35.0,36.5,23.35,23.35,12.0,15.0,STEEL,26.0,49.0,32.0,327.0,347.0,16.0,18.0,False,False,130.0,2.0,0.9,1.1,0.9,1.2,1.0,0.9,670.0,55.0,670.0,55.0,0,0,False,0,1.0,68.0,45.0,31.8,28.6,False,False,False,False,True,11,2,False,255.0,255.0,255.0,SPOKED,SPOKED,1,1.0,80.0,80.0,276.0,710.0,34.9,800.0,1.0
418.0,74.0,607.0,72.6,168.0,46.0,578.0,73.1,668.0,45.0,45.0,35.0,36.5,23.35,23.35,13.0,15.0,STEEL,31.0,54.0,36.0,331.0,351.0,16.0,18.0,False,False,130.0,2.0,0.9,1.1,0.9,1.2,1.0,0.9,682.0,52.0,682.0,52.0,0,0,False,0,1.0,68.0,45.0,31.8,28.6,False,False,False,False,True,11,2,False,255.0,255.0,255.0,SPOKED,SPOKED,1,1.0,80.0,80.0,279.0,723.0,34.9,800.0,1.0
405.0,70.0,600.0,73.0,160.0,45.0,580.0,73.5,650.0,50.0,40.0,28.6,33.7,36.5,23.35,15.0,9.0,STEEL,32.0,45.0,47.0,330.0,350.0,16.0,18.0,False,False,130.0,2.0,0.9,1.1,0.9,1.2,1.0,0.9,680.0,121.0,680.0,121.0,0,1,False,0,1.0,68.0,45.0,0.0,31.8,False,False,False,False,True,11,2,False,255.0,255.0,255.0,SPOKED,SPOKED,0,0.0,0.0,0.0,275.0,762.0,34.9,300.0,1.0
395.0,65.0,620.0,72.5,150.0,50.0,565.0,74.0,660.0,52.0,40.0,28.6,33.7,36.5,23.35,15.0,9.0,STEEL,30.0,42.0,45.0,330.0,350.0,16.0,18.0,False,False,130.0,2.0,0.9,1.1,0.9,1.2,1.0,0.9,680.0,121.0,680.0,121.0,0,1,False,0,1.0,68.0,45.0,0.0,31.8,False,False,False,False,True,10,2,False,255.0,255.0,255.0,SPOKED,SPOKED,0,0.0,0.0,0.0,280.0,770.0,34.9,300.0,1.0
415.0,75.0,610.0,73.5,155.0,47.0,590.0,73.0,645.0,48.0,40.0,28.6,33.7,36.5,23.35,15.0,9.0,STEEL,33.0,48.0,49.0,330.0,350.0,16.0,18.0,False,False,130.0,2.0,0.9,1.1,0.9,1.2,1.0,0.9,680.0,121.0,680.0,121.0,0,1,False,0,1.0,68.0,45.0,0.0,31.8,False,False,False,False,True,12,2,False,255.0,255.0,255.0,SPOKED,SPOKED,0,0.0,0.0,0.0,270.0,755.0,34.9,300.0,1.0
420.0,70.0,630.0,74.0,170.0,46.0,600.0,72.0,670.0,50.0,40.0,28.6,33.7,36.5,23.35,15.0,9.0,STEEL,35.0,50.0,50.0,330.0,350.0,16.0,18.0,False,False,130.0,2.0,0.9,1.1,0.9,1.2,1.0,0.9,680.0,121.0,680.0,121.0,0,1,False,0,1.0,68.0,45.0,0.0,31.8,False,False,False,False,True,11,2,False,255.0,255.0,255.0,SPOKED,SPOKED,0,0.0,0.0,0.0,285.0,780.0,34.9,300.0,1.0
390.0,68.0,580.0,72.0,140.0,44.0,555.0,74.5,640.0,54.0,40.0,28.6,33.7,36.5,23.35,15.0,9.0,STEEL,28.0,40.0,43.0,330.0,350.0,16.0,18.0,False,False,130.0,2.0,0.9,1.1,0.9,1.2,1.0,0.9,680.0,121.0,680.0,121.0,0,1,False,0,1.0,68.0,45.0,0.0,31.8,False,False,False,False,True,10,2,False,255.0,255.0,255.0,SPOKED,SPOKED,0,0.0,0.0,0.0,265.0,740.0,34.9,300.0,1.0
430.0,73.0,655.0,73.0,180.0,48.0,610.0,73.5,680.0,50.0,40.0,28.6,33.7,36.5,23.35,15.0,9.0,STEEL,36.0,52.0,51.0,330.0,350.0,16.0,18.0,False,False,130.0,2.0,0.9,1.1,0.9,1.2,1.0,0.9,680.0,121.0,680.0,121.0,0,1,False,0,1.0,68.0,45.0,0.0,31.8,False,False,False,False,True,12,2,False,255.0,255.0,255.0,SPOKED,SPOKED,0,0.0,0.0,0.0,290.0,800.0,34.9,300.0,1.0
385.0,66.0,590.0,72.8,145.0,43.0,550.0,74.0,635.0,53.0,40.0,28.6,33.7,36.5,23.35,15.0,9.0,STEEL,29.0,38.0,46.0,330.0,350.0,16.0,18.0,False,False,130.0,2.0,0.9,1.1,0.9,1.2,1.0,0.9,680.0,121.0,680.0,121.0,0,1,False,0,1.0,68.0,45.0,0.0,31.8,False,False,False,False,True,11,2,False,255.0,255.0,255.0,SPOKED,SPOKED,0,0.0,0.0,0.0,255.0,725.0,34.9,300.0,1.0
440.0,80.0,670.0,73.2,190.0,50.0,620.0,72.5,690.0,49.0,40.0,28.6,33.7,36.5,23.35,15.0,9.0,STEEL,38.0,55.0,52.0,330.0,350.0,16.0,18.0,False,False,130.0,2.0,0.9,1.1,0.9,1.2,1.0,0.9,680.0,121.0,680.0,121.0,0,1,False,0,1.0,68.0,45.0,0.0,31.8,False,False,False,False,True,13,2,False,255.0,255.0,255.0,SPOKED,SPOKED,0,0.0,0.0,0.0,300.0,820.0,34.9,300.0,1.0
400.0,69.0,605.0,71.8,152.0,45.0,575.0,73.8,655.0,51.0,40.0,28.6,33.7,36.5,23.35,15.0,9.0,STEEL,31.0,47.0,48.0,330.0,350.0,16.0,18.0,False,False,130.0,2.0,0.9,1.1,0.9,1.2,1.0,0.9,680.0,121.0,680.0,121.0,0,1,False,0,1.0,68.0,45.0,0.0,31.8,False,False,False,False,True,11,2,False,255.0,255.0,255.0,SPOKED,SPOKED,0,0.0,0.0,0.0,280.0,765.0,34.9,300.0,1.0
398.0,72.0,625.0,73.7,165.0,46.0,595.0,72.3,668.0,50.0,40.0,28.6,33.7,36.5,23.35,15.0,9.0,STEEL,34.0,49.0,50.0,330.0,350.0,16.0,18.0,False,False,130.0,2.0,0.9,1.1,0.9,1.2,1.0,0.9,680.0,121.0,680.0,121.0,0,1,False,0,1.0,68.0,45.0,0.0,31.8,False,False,False,False,True,12,2,False,255.0,255.0,255.0,SPOKED,SPOKED,0,0.0,0.0,0.0,295.0,795.0,34.9,300.0,1.0
420.0,70.0,600.0,72.0,140.0,50.0,550.0,72.0,650.0,45.0,40.0,28.6,34.0,36.5,23.35,13.0,9.0,STEEL,30.0,50.0,50.0,330.0,350.0,16.0,18.0,False,False,130.0,2.0,1.0,1.0,1.0,1.0,1.0,1.0,700.0,50.0,700.0,50.0,0,0,False,0,1.0,68.0,45.0,0.0,34.0,False,False,False,False,True,11,2,False,255.0,255.0,255.0,DISC,SPOKED,0,0.0,0.0,0.0,280.0,760.0,34.0,350.0,1.0
425.0,72.0,610.0,72.5,150.0,50.0,560.0,72.5,655.0,50.0,40.0,28.6,34.0,36.5,23.35,13.0,9.0,STEEL,32.0,52.0,52.0,330.0,350.0,16.0,18.0,False,False,130.0,2.0,1.0,1.0,1.0,1.0,1.0,1.0,700.0,50.0,700.0,50.0,0,1,False,0,1.0,68.0,45.0,0.0,34.0,False,False,False,False,True,11,2,False,255.0,255.0,255.0,DISC,SPOKED,0,0.0,0.0,0.0,285.0,765.0,34.0,350.0,1.0
430.0,71.0,620.0,73.0,160.0,50.0,570.0,73.0,660.0,55.0,40.0,28.6,34.0,36.5,23.35,13.0,9.0,STEEL,34.0,54.0,54.0,330.0,350.0,16.0,18.0,False,False,130.0,2.0,1.0,1.0,1.0,1.0,1.0,1.0,700.0,50.0,700.0,50.0,0,2,False,0,1.0,68.0,45.0,0.0,34.0,False,False,False,False,True,11,2,False,255.0,255.0,255.0,DISC,SPOKED,0,0.0,0.0,0.0,290.0,770.0,34.0,350.0,1.0
435.0,73.0,630.0,73.5,170.0,50.0,580.0,73.5,665.0,60.0,40.0,28.6,34.0,36.5,23.35,13.0,9.0,STEEL,36.0,56.0,56.0,330.0,350.0,16.0,18.0,False,False,130.0,2.0,1.0,1.0,1.0,1.0,1.0,1.0,700.0,50.0,700.0,50.0,0,0,False,0,1.0,68.0,45.0,0.0,34.0,False,False,False,False,True,11,2,False,255.0,255.0,255.0,DISC,SPOKED,0,0.0,0.0,0.0,295.0,775.0,34.0,350.0,1.0
440.0,74.0,640.0,74.0,180.0,50.0,590.0,74.0,670.0,65.0,40.0,28.6,34.0,36.5,23.35,13.0,9.0,STEEL,38.0,58.0,58.0,330.0,350.0,16.0,18.0,False,False,130.0,2.0,1.0,1.0,1.0,1.0,1.0,1.0,700.0,50.0,700.0,50.0,0,1,False,0,1.0,68.0,45.0,0.0,34.0,False,False,False,False,True,11,2,False,255.0,255.0,255.0,DISC,SPOKED,0,0.0,0.0,0.0,300.0,780.0,34.0,350.0,1.0
415.0,70.0,650.0,74.5,190.0,50.0,600.0,74.5,675.0,70.0,40.0,28.6,34.0,36.5,23.35,13.0,9.0,STEEL,40.0,60.0,60.0,330.0,350.0,16.0,18.0,False,False,130.0,2.0,1.0,1.0,1.0,1.0,1.0,1.0,700.0,50.0,700.0,50.0,0,2,False,0,1.0,68.0,45.0,0.0,34.0,False,False,False,False,True,11,2,False,255.0,255.0,255.0,DISC,SPOKED,0,0.0,0.0,0.0,305.0,785.0,34.0,350.0,1.0
445.0,68.0,660.0,71.5,200.0,50.0,610.0,71.5,680.0,75.0,40.0,28.6,34.0,36.5,23.35,13.0,9.0,STEEL,42.0,62.0,62.0,330.0,350.0,16.0,18.0,False,False,130.0,2.0,1.0,1.0,1.0,1.0,1.0,1.0,700.0,50.0,700.0,50.0,0,0,False,0,1.0,68.0,45.0,0.0,34.0,False,False,False,False,True,11,2,False,255.0,255.0,255.0,DISC,SPOKED,0,0.0,0.0,0.0,310.0,790.0,34.0,350.0,1.0
450.0,69.0,670.0,75.0,210.0,50.0,620.0,75.0,685.0,80.0,40.0,28.6,34.0,36.5,23.35,13.0,9.0,STEEL,44.0,64.0,64.0,330.0,350.0,16.0,18.0,False,False,130.0,2.0,1.0,1.0,1.0,1.0,1.0,1.0,700.0,50.0,700.0,50.0,0,1,False,0,1.0,68.0,45.0,0.0,34.0,False,False,False,False,True,11,2,False,255.0,255.0,255.0,DISC,SPOKED,0,0.0,0.0,0.0,315.0,795.0,34.0,350.0,1.0
460.0,67.0,680.0,70.0,220.0,50.0,630.0,70.0,690.0,85.0,40.0,28.6,34.0,36.5,23.35,13.0,9.0,STEEL,46.0,66.0,66.0,330.0,350.0,16.0,18.0,False,False,130.0,2.0,1.0,1.0,1.0,1.0,1.0,1.0,700.0,50.0,700.0,50.0,0,2,False,0,1.0,68.0,45.0,0.0,34.0,False,False,False,False,True,11,2,False,255.0,255.0,255.0,DISC,SPOKED,0,0.0,0.0,0.0,320.0,800.0,34.0,350.0,1.0
470.0,66.0,690.0,73.2,230.0,50.0,640.0,73.2,695.0,90.0,40.0,28.6,34.0,36.5,23.35,13.0,9.0,STEEL,48.0,68.0,68.0,330.0,350.0,16.0,18.0,False,False,130.0,2.0,1.0,1.0,1.0,1.0,1.0,1.0,700.0,50.0,700.0,50.0,0,0,False,0,1.0,68.0,45.0,0.0,34.0,False,False,False,False,True,11,2,False,255.0,255.0,255.0,DISC,SPOKED,0,0.0,0.0,0.0,325.0,805.0,34.0,350.0,1.0
410.0,60.0,600.0,72.0,180.0,50.0,550.0,73.0,600.0,50.0,40.0,30.0,36.0,30.0,30.0,15.0,9.0,STEEL,32.0,36.0,40.0,330.0,350.0,16.0,16.0,False,False,130.0,2.0,1.0,1.5,1.5,1.0,1.0,1.0,680.0,121.0,680.0,121.0,0,2,False,0,1.0,68.0,45.0,50.0,31.8,False,True,False,False,True,11,2,False,255.0,255.0,255.0,DISC,SPOKED,0,0.0,0.0,0.0,278.0,700.0,34.9,300.0,1.0
415.0,62.0,610.0,73.0,175.0,52.0,555.0,74.0,605.0,52.0,40.0,31.0,37.0,31.0,31.0,14.0,9.2,STEEL,32.0,35.0,39.0,330.0,350.0,12.0,16.0,True,False,130.0,2.0,1.0,1.5,1.5,1.0,1.0,1.0,680.0,121.0,680.0,121.0,0,2,False,0,1.0,68.0,45.0,50.0,31.8,False,True,False,False,True,11,2,False,255.0,255.0,255.0,DISC,SPOKED,0,0.0,0.0,0.0,278.0,705.0,34.9,300.0,1.0
405.0,58.0,590.0,71.5,185.0,49.0,545.0,72.0,595.0,48.0,40.0,28.0,35.0,29.0,29.0,16.0,8.8,STEEL,33.0,37.0,41.0,330.0,350.0,16.0,14.0,False,True,130.0,2.0,1.0,1.5,1.5,1.0,1.0,1.0,680.0,121.0,680.0,121.0,0,2,False,0,1.0,68.0,45.0,50.0,31.8,False,True,False,False,True,11,2,False,255.0,255.0,255.0,DISC,SPOKED,0,0.0,0.0,0.0,278.0,698.0,34.9,300.0,1.0
420.0,65.0,605.0,72.5,165.0,48.0,560.0,73.5,610.0,49.0,40.0,32.0,36.5,30.5,30.5,15.5,9.1,STEEL,30.0,33.0,36.0,330.0,350.0,16.0,16.0,False,False,130.0,2.0,1.0,1.5,1.5,1.0,1.0,1.0,680.0,121.0,680.0,121.0,0,2,False,0,1.0,68.0,45.0,50.0,31.8,False,True,False,False,True,11,2,False,255.0,255.0,255.0,DISC,SPOKED,0,0.0,0.0,0.0,278.0,702.0,34.9,300.0,1.0
408.0,60.0,595.0,71.0,170.0,50.0,552.0,73.0,602.0,50.0,40.0,29.0,36.0,30.0,30.0,15.0,9.0,STEEL,31.0,34.0,37.0,330.0,350.0,15.0,15.0,True,True,130.0,2.0,1.0,1.5,1.5,1.0,1.0,1.0,680.0,121.0,680.0,121.0,0,2,False,0,1.0,68.0,45.0,50.0,31.8,False,True,False,False,True,11,2,False,255.0,255.0,255.0,DISC,SPOKED,0,0.0,0.0,0.0,278.0,699.0,34.9,300.0,1.0
412.0,63.0,598.0,73.0,190.0,51.0,555.0,74.2,610.0,51.0,40.0,33.0,37.5,32.0,32.0,14.5,9.3,STEEL,34.0,38.0,42.0,330.0,350.0,16.0,16.0,False,False,130.0,2.0,1.0,1.5,1.5,1.0,1.0,1.0,680.0,121.0,680.0,121.0,0,2,False,0,1.0,68.0,45.0,50.0,31.8,False,True,False,False,True,11,2,False,255.0,255.0,255.0,DISC,SPOKED,0,0.0,0.0,0.0,278.0,704.0,34.9,300.0,1.0
407.0,59.0,599.0,72.8,178.0,52.0,548.0,72.5,598.0,49.0,40.0,31.5,36.8,30.2,30.2,15.8,9.0,STEEL,32.0,36.0,39.0,330.0,350.0,10.0,16.0,True,False,130.0,2.0,1.0,1.5,1.5,1.0,1.0,1.0,680.0,121.0,680.0,121.0,0,2,False,0,1.0,68.0,45.0,50.0,31.8,False,True,False,False,True,11,2,False,255.0,255.0,255.0,DISC,SPOKED,0,0.0,0.0,0.0,278.0,701.0,34.9,300.0,1.0
415.0,61.0,603.0,73.2,182.0,49.0,560.0,73.8,608.0,50.0,40.0,32.5,37.0,30.8,30.8,16.0,9.1,STEEL,33.0,37.0,40.0,330.0,350.0,16.0,11.0,False,True,130.0,2.0,1.0,1.5,1.5,1.0,1.0,1.0,680.0,121.0,680.0,121.0,0,2,False,0,1.0,68.0,45.0,50.0,31.8,False,True,False,False,True,11,2,False,255.0,255.0,255.0,DISC,SPOKED,0,0.0,0.0,0.0,278.0,703.0,34.9,300.0,1.0
420.0,62.0,607.0,72.2,175.0,47.0,545.0,74.5,600.0,49.0,40.0,29.5,36.2,29.8,29.8,15.2,8.9,STEEL,32.0,35.0,38.0,330.0,350.0,14.0,14.0,True,True,130.0,2.0,1.0,1.5,1.5,1.0,1.0,1.0,680.0,121.0,680.0,121.0,0,2,False,0,1.0,68.0,45.0,50.0,31.8,False,True,False,False,True,11,2,False,255.0,255.0,255.0,DISC,SPOKED,0,0.0,0.0,0.0,278.0,706.0,34.9,300.0,1.0
410.0,64.0,602.0,71.8,180.0,53.0,557.0,73.3,605.0,51.0,40.0,30.5,36.9,30.3,30.3,15.7,9.2,STEEL,32.0,36.0,40.0,330.0,350.0,16.0,16.0,False,False,130.0,2.0,1.0,1.5,1.5,1.0,1.0,1.0,680.0,121.0,680.0,121.0,0,2,False,0,1.0,68.0,45.0,50.0,31.8,False,True,False,False,True,11,2,False,255.0,255.0,255.0,DISC,SPOKED,0,0.0,0.0,0.0,278.0,700.0,34.9,300.0,1.0
405.0,70.0,600.0,73.0,160.0,45.0,550.0,73.0,650.0,45.0,40.0,28.6,36.5,23.35,23.35,13.0,15.0,STEEL,30.0,50.0,50.0,330.0,350.0,16.0,18.0,False,False,130.0,2.0,0.9,1.1,0.9,1.2,1.0,0.9,680.0,50.0,680.0,50.0,0,2,False,0,1.0,68.0,45.0,692.0,31.8,False,False,False,False,True,11,2,False,255.0,255.0,255.0,SPOKED,SPOKED,0,0.0,0.0,0.0,278.0,700.0,34.9,330.0,1.0
400.0,75.0,610.0,72.5,170.0,47.0,560.0,73.5,660.0,45.0,40.0,28.6,36.5,23.35,23.35,13.0,15.0,STEEL,32.0,52.0,48.0,330.0,350.0,16.0,18.0,False,False,130.0,2.0,0.9,1.1,0.9,1.2,1.0,0.9,680.0,50.0,680.0,50.0,0,2,False,0,1.0,70.0,45.0,692.0,31.8,False,False,False,False,True,11,2,False,255.0,255.0,255.0,SPOKED,SPOKED,0,0.0,0.0,0.0,280.0,720.0,34.9,340.0,1.0
395.0,68.0,605.0,73.5,155.0,44.0,545.0,74.0,655.0,50.0,42.0,30.0,37.0,24.0,24.0,13.0,16.0,STEEL,31.0,51.0,49.0,330.0,350.0,16.0,18.0,False,False,130.0,2.0,0.9,1.1,0.9,1.2,1.0,0.9,680.0,50.0,680.0,50.0,0,1,False,0,1.0,68.0,45.0,692.0,31.8,False,False,False,False,True,12,2,False,255.0,255.0,255.0,SPOKED,SPOKED,0,0.0,0.0,0.0,275.0,715.0,35.0,345.0,1.0
410.0,72.0,595.0,73.0,165.0,46.0,555.0,73.0,645.0,47.0,40.0,28.6,36.5,23.35,23.35,14.0,15.0,STEEL,30.0,50.0,50.0,330.0,350.0,16.0,18.0,False,False,130.0,2.0,0.9,1.1,0.9,1.2,1.0,0.9,680.0,50.0,680.0,50.0,0,2,False,0,1.0,68.0,45.0,692.0,31.8,False,False,False,False,True,10,1,False,255.0,255.0,255.0,SPOKED,SPOKED,0,0.0,0.0,0.0,280.0,705.0,34.9,325.0,1.0
398.0,69.0,602.0,72.8,158.0,45.5,552.0,73.8,658.0,46.0,40.0,28.6,36.5,23.35,23.35,13.5,15.0,STEEL,31.5,51.5,49.0,330.0,350.0,16.0,18.0,False,False,130.0,2.0,0.9,1.1,0.9,1.2,1.0,0.9,680.0,50.0,680.0,50.0,0,1,False,0,1.0,69.0,45.0,692.0,31.8,False,False,False,False,True,11,2,False,255.0,255.0,255.0,SPOKED,SPOKED,0,0.0,0.0,0.0,278.0,710.0,34.9,335.0,1.0
402.0,74.0,595.0,73.2,168.0,47.0,558.0,73.2,663.0,46.5,40.0,28.6,36.5,23.35,23.35,13.0,15.0,STEEL,32.0,52.0,48.0,330.0,350.0,16.0,18.0,False,False,130.0,2.0,0.9,1.1,0.9,1.2,1.0,0.9,680.0,50.0,680.0,50.0,0,2,False,0,1.0,68.0,45.0,692.0,31.8,False,False,False,False,True,11,1,False,255.0,255.0,255.0,SPOKED,SPOKED,0,0.0,0.0,0.0,275.0,695.0,34.9,320.0,1.0
407.0,71.0,610.0,72.5,150.0,44.0,548.0,74.5,652.0,44.0,40.0,28.6,36.5,23.35,23.35,13.0,15.0,STEEL,29.0,49.0,51.0,330.0,350.0,16.0,18.0,False,False,130.0,2.0,0.9,1.1,0.9,1.2,1.0,0.9,680.0,50.0,680.0,50.0,0,1,False,0,1.0,68.0,45.0,692.0,31.8,False,False,False,False,True,10,2,False,255.0,255.0,255.0,SPOKED,SPOKED,0,0.0,0.0,0.0,280.0,725.0,34.9,350.0,1.0
399.0,73.0,605.0,73.0,162.0,46.0,553.0,73.7,656.0,45.0,40.0,28.6,36.5,23.35,23.35,13.0,15.0,STEEL,30.5,50.5,49.5,330.0,350.0,16.0,18.0,False,False,130.0,2.0,0.9,1.1,0.9,1.2,1.0,0.9,680.0,50.0,680.0,50.0,0,2,False,0,1.0,68.0,45.0,692.0,31.8,False,False,False,False,True,11,2,False,255.0,255.0,255.0,SPOKED,SPOKED,0,0.0,0.0,0.0,278.0,705.0,34.9,330.0,1.0
403.0,72.5,598.0,72.7,157.0,45.8,551.0,73.3,660.0,45.5,40.0,28.6,36.5,23.35,23.35,13.0,15.0,STEEL,30.8,50.8,49.2,330.0,350.0,16.0,18.0,False,False,130.0,2.0,0.9,1.1,0.9,1.2,1.0,0.9,680.0,50.0,680.0,50.0,0,2,False,0,1.0,68.0,45.0,692.0,31.8,False,False,False,False,True,10,1,False,255.0,255.0,255.0,SPOKED,SPOKED,0,0.0,0.0,0.0,282.0,715.0,34.9,340.0,1.0
401.0,70.0,600.0,73.4,160.0,45.0,550.0,74.0,658.0,45.0,40.0,28.6,36.5,23.35,23.35,13.0,15.0,STEEL,31.0,51.0,49.0,330.0,350.0,16.0,18.0,False,False,130.0,2.0,0.9,1.1,0.9,1.2,1.0,0.9,680.0,50.0,680.0,50.0,0,1,False,0,1.0,68.0,45.0,692.0,31.8,False,False,False,False,True,12,2,False,255.0,255.0,255.0,SPOKED,SPOKED,0,0.0,0.0,0.0,279.0,710.0,34.9,345.0,1.0
405.0,70.0,600.0,73.0,160.0,50.0,550.0,74.0,670.0,50.0,40.0,30.0,35.0,36.0,30.0,13.0,15.0,STEEL,32.0,50.0,45.0,0.0,0.0,0.0,0.0,False,False,130.0,2.0,1.1,1.0,1.2,1.1,1.0,1.2,680.0,120.0,680.0,120.0,0,2,False,0,1.0,68.0,45.0,0.0,31.8,False,False,False,False,True,11,2,False,255.0,255.0,255,SPOKED,SPOKED,0,0.0,0.0,0.0,280.0,760.0,34.9,350.0,1.0
415.0,69.0,605.0,72.0,150.0,48.0,555.0,74.2,680.0,54.0,40.0,30.0,35.0,36.0,30.0,13.0,15.0,STEEL,33.0,51.0,46.0,0.0,0.0,0.0,0.0,False,False,130.0,2.0,1.1,1.1,1.2,1.1,1.0,1.2,680.0,120.0,680.0,120.0,0,1,False,0,1.0,68.0,45.0,0.0,31.8,False,False,False,False,True,11,2,False,255.0,255.0,255,SPOKED,SPOKED,0,0.0,0.0,0.0,280.0,760.0,34.9,350.0,1.0
395.0,71.0,620.0,74.0,170.0,60.0,565.0,73.0,690.0,46.0,40.0,30.0,35.0,36.0,30.0,13.0,15.0,STEEL,35.0,55.0,49.0,0.0,0.0,0.0,0.0,False,False,130.0,2.0,1.1,1.0,1.2,1.1,1.0,1.2,680.0,120.0,680.0,120.0,0,2,False,0,1.0,68.0,45.0,0.0,31.8,False,False,False,False,True,11,2,False,255.0,255.0,255,SPOKED,SPOKED,0,0.0,0.0,0.0,280.0,760.0,34.9,350.0,1.0
420.0,73.0,595.0,73.0,160.0,50.0,550.0,74.0,670.0,50.0,40.0,30.0,35.0,36.0,30.0,13.0,15.0,STEEL,32.0,50.0,45.0,0.0,0.0,0.0,0.0,False,False,130.0,2.0,1.1,1.0,1.2,1.1,1.0,1.2,680.0,120.0,680.0,120.0,0,2,False,0,3.0,68.0,50.0,0.0,31.8,False,False,False,False,True,11,2,False,255.0,255.0,255,SPOKED,SPOKED,0,0.0,0.0,0.0,280.0,760.0,34.9,350.0,3.0
405.0,70.0,600.0,73.0,160.0,50.0,550.0,74.0,670.0,50.0,40.0,30.0,35.0,36.0,30.0,13.0,15.0,STEEL,32.0,50.0,45.0,0.0,0.0,0.0,0.0,False,False,130.0,2.0,1.1,1.0,1.2,1.1,1.0,1.2,680.0,120.0,680.0,120.0,0,2,False,0,1.0,68.0,45.0,0.0,31.8,False,False,False,False,False,11,2,False,255.0,255.0,255,SPOKED,SPOKED,0,0.0,0.0,0.0,280.0,760.0,34.9,350.0,1.0
405.0,70.0,600.0,73.0,160.0,50.0,550.0,74.0,670.0,50.0,40.0,30.0,35.0,36.0,30.0,13.0,15.0,STEEL,32.0,50.0,45.0,0.0,0.0,0.0,0.0,False,False,130.0,2.0,1.1,1.0,1.2,1.1,1.0,1.2,680.0,120.0,680.0,120.0,0,2,False,0,1.0,68.0,45.0,0.0,31.8,False,False,False,False,True,12,2,False,255.0,255.0,255,SPOKED,SPOKED,0,0.0,0.0,0.0,280.0,760.0,34.9,350.0,1.0
405.0,70.0,600.0,73.0,160.0,50.0,550.0,74.0,670.0,50.0,40.0,30.0,35.0,36.0,30.0,13.0,15.0,STEEL,32.0,50.0,45.0,0.0,0.0,0.0,0.0,False,False,130.0,2.0,1.1,1.0,1.2,1.1,1.0,1.2,680.0,120.0,680.0,120.0,0,2,False,0,1.0,68.0,45.0,0.0,31.8,False,False,False,False,True,11,1,False,255.0,255.0,255,SPOKED,SPOKED,0,0.0,0.0,0.0,280.0,760.0,34.9,350.0,1.0
405.0,70.0,600.0,73.0,160.0,50.0,550.0,74.0,670.0,50.0,40.0,30.0,35.0,36.0,30.0,13.0,15.0,STEEL,32.0,50.0,45.0,0.0,0.0,0.0,0.0,False,False,130.0,2.0,1.1,1.0,1.2,1.1,1.0,1.2,680.0,120.0,680.0,120.0,0,2,False,0,1.0,68.0,45.0,0.0,31.8,False,False,False,False,True,11,2,True,255.0,255.0,255,SPOKED,SPOKED,0,0.0,0.0,0.0,280.0,760.0,34.9,350.0,1.0
495.0,80.0,670.0,72.0,190.0,50.0,550.0,73.0,665.0,50.0,40.0,28.6,36.5,23.5,14.0,15.0,9.0,STEEL,35.0,45.0,50.0,330.0,350.0,16.0,18.0,False,False,130.0,2.0,0.9,1.1,0.9,1.2,1.0,0.9,680.0,120.0,680.0,120.0,0,0,False,0,1.0,70.0,45.0,0.0,31.8,False,False,False,False,True,9,2,False,254.0,254.0,254,SPOKED,SPOKED,0,0.0,80.0,80.0,275.0,760.0,34.9,300.0,1.0
490.0,82.0,660.0,73.0,195.0,52.0,545.0,74.0,660.0,52.0,40.0,28.6,36.5,23.5,14.0,15.0,9.0,STEEL,34.0,46.0,48.0,330.0,350.0,16.0,18.0,False,False,130.0,2.0,0.9,1.1,0.9,1.2,1.0,0.9,680.0,120.0,680.0,120.0,0,0,False,0,1.0,70.0,45.0,0.0,31.8,False,False,False,False,True,9,2,False,254.0,254.0,254,SPOKED,SPOKED,0,0.0,80.0,80.0,280.0,750.0,34.9,305.0,1.0
505.0,78.0,680.0,71.0,180.0,48.0,555.0,72.0,670.0,48.0,40.0,28.6,36.5,23.5,14.0,15.0,9.0,STEEL,36.0,44.0,52.0,330.0,350.0,16.0,18.0,False,False,130.0,2.0,0.9,1.1,0.9,1.2,1.0,0.9,680.0,120.0,680.0,120.0,0,1,False,0,1.0,70.0,45.0,0.0,31.8,False,False,False,False,True,9,2,False,254.0,254.0,254,SPOKED,SPOKED,0,0.0,80.0,80.0,270.0,770.0,34.9,295.0,1.0
500.0,85.0,655.0,73.5,200.0,55.0,538.0,75.0,655.0,55.0,40.0,28.6,36.5,23.5,14.0,15.0,9.0,STEEL,33.0,47.0,49.0,330.0,350.0,16.0,18.0,False,False,130.0,2.0,0.9,1.1,0.9,1.2,1.0,0.9,680.0,120.0,680.0,120.0,0,1,False,0,1.0,70.0,45.0,0.0,31.8,False,False,False,False,True,9,2,False,254.0,254.0,254,SPOKED,SPOKED,0,0.0,80.0,80.0,285.0,740.0,34.9,310.0,1.0
510.0,75.0,675.0,72.5,185.0,47.0,560.0,71.0,680.0,45.0,40.0,28.6,36.5,23.5,14.0,15.0,9.0,STEEL,37.0,43.0,51.0,330.0,350.0,16.0,18.0,False,False,130.0,2.0,0.9,1.1,0.9,1.2,1.0,0.9,680.0,120.0,680.0,120.0,0,2,False,0,1.0,70.0,45.0,0.0,31.8,False,False,False,False,True,9,2,False,254.0,254.0,254,SPOKED,SPOKED,0,0.0,80.0,80.0,265.0,780.0,34.9,290.0,1.0
480.0,90.0,665.0,74.0,205.0,53.0,530.0,76.0,650.0,60.0,40.0,28.6,36.5,23.5,14.0,15.0,9.0,STEEL,32.0,48.0,47.0,330.0,350.0,16.0,18.0,False,False,130.0,2.0,0.9,1.1,0.9,1.2,1.0,0.9,680.0,120.0,680.0,120.0,0,2,False,0,1.0,70.0,45.0,0.0,31.8,False,False,False,False,True,9,2,False,254.0,254.0,254,SPOKED,SPOKED,0,0.0,80.0,80.0,290.0,730.0,34.9,315.0,1.0
515.0,70.0,690.0,70.5,175.0,49.0,545.0,70.0,675.0,46.0,40.0,28.6,36.5,23.5,14.0,15.0,9.0,STEEL,38.0,42.0,53.0,330.0,350.0,16.0,18.0,False,False,130.0,2.0,0.9,1.1,0.9,1.2,1.0,0.9,680.0,120.0,680.0,120.0,0,0,False,0,1.0,70.0,45.0,0.0,31.8,False,False,False,False,True,9,2,False,254.0,254.0,254,SPOKED,SPOKED,0,0.0,80.0,80.0,260.0,790.0,34.9,285.0,1.0
485.0,80.0,650.0,72.0,195.0,51.0,540.0,73.0,645.0,53.0,40.0,28.6,36.5,23.5,14.0,15.0,9.0,STEEL,31.0,49.0,46.0,330.0,350.0,16.0,18.0,False,False,130.0,2.0,0.9,1.1,0.9,1.2,1.0,0.9,680.0,120.0,680.0,120.0,0,1,False,0,1.0,70.0,45.0,0.0,31.8,False,False,False,False,True,9,2,False,254.0,254.0,254,SPOKED,SPOKED,0,0.0,80.0,80.0,295.0,720.0,34.9,320.0,1.0
520.0,85.0,685.0,73.0,190.0,56.0,553.0,74.0,685.0,57.0,40.0,28.6,36.5,23.5,14.0,15.0,9.0,STEEL,39.0,41.0,54.0,330.0,350.0,16.0,18.0,False,False,130.0,2.0,0.9,1.1,0.9,1.2,1.0,0.9,680.0,120.0,680.0,120.0,0,2,False,0,1.0,70.0,45.0,0.0,31.8,False,False,False,False,True,9,2,False,254.0,254.0,254,SPOKED,SPOKED,0,0.0,80.0,80.0,255.0,800.0,34.9,280.0,1.0
475.0,77.0,660.0,71.5,180.0,45.0,535.0,72.0,660.0,49.0,40.0,28.6,36.5,23.5,14.0,15.0,9.0,STEEL,30.0,50.0,45.0,330.0,350.0,16.0,18.0,False,False,130.0,2.0,0.9,1.1,0.9,1.2,1.0,0.9,680.0,120.0,680.0,120.0,0,0,False,0,1.0,70.0,45.0,0.0,31.8,False,False,False,False,True,9,2,False,254.0,254.0,254,SPOKED,SPOKED,0,0.0,80.0,80.0,300.0,710.0,34.9,325.0,1.0
395.0,70.0,600.0,72.0,190.0,50.0,550.0,73.0,650.0,50.0,40.0,28.6,36.5,23.5,13.5,15.0,9.0,STEEL,32.0,42.0,50.0,330.0,350.0,16.0,18.0,False,False,130.0,2.0,0.9,1.1,0.9,1.2,1.0,0.9,680.0,20.0,680.0,20.0,0,0,False,0,1.0,68.0,45.0,0.0,31.8,False,True,False,False,True,11,2,False,255.0,255.0,255,SPOKED,SPOKED,0,0.0,80.0,80.0,300.0,760.0,34.9,300.0,1.0
405.0,70.0,610.0,73.0,200.0,50.0,560.0,74.0,655.0,50.0,40.0,28.6,36.5,23.5,13.5,15.0,9.0,STEEL,33.0,44.0,49.0,330.0,350.0,16.0,18.0,False,False,130.0,2.0,0.9,1.1,0.9,1.2,1.0,0.9,680.0,20.0,680.0,20.0,0,1,False,0,1.0,68.0,45.0,0.0,31.8,False,True,False,False,True,11,2,False,255.0,255.0,255,SPOKED,SPOKED,0,0.0,80.0,80.0,300.0,760.0,34.9,300.0,1.0
415.0,70.0,620.0,71.5,205.0,50.0,570.0,72.0,660.0,50.0,40.0,28.6,36.5,23.5,13.5,15.0,9.0,STEEL,34.0,43.0,48.0,330.0,350.0,16.0,18.0,False,False,130.0,2.0,0.9,1.1,0.9,1.2,1.0,0.9,680.0,20.0,680.0,20.0,0,2,False,0,1.0,68.0,45.0,0.0,31.8,False,True,False,False,True,11,2,False,255.0,255.0,255,SPOKED,SPOKED,0,0.0,80.0,80.0,300.0,760.0,34.9,300.0,1.0
425.0,70.0,590.0,74.0,195.0,50.0,580.0,74.5,645.0,50.0,40.0,28.6,36.5,23.5,13.5,15.0,9.0,STEEL,31.0,41.0,51.0,330.0,350.0,16.0,18.0,False,False,130.0,2.0,0.9,1.1,0.9,1.2,1.0,0.9,680.0,20.0,680.0,20.0,0,0,False,0,1.0,68.0,45.0,0.0,31.8,False,True,False,False,True,11,2,False,255.0,255.0,255,SPOKED,SPOKED,0,0.0,80.0,80.0,300.0,760.0,34.9,300.0,1.0
435.0,70.0,580.0,73.5,210.0,50.0,530.0,75.0,670.0,50.0,40.0,28.6,36.5,23.5,13.5,15.0,9.0,STEEL,35.0,45.0,52.0,330.0,350.0,16.0,18.0,False,False,130.0,2.0,0.9,1.1,0.9,1.2,1.0,0.9,680.0,20.0,680.0,20.0,0,1,False,0,1.0,68.0,45.0,0.0,31.8,False,True,False,False,True,11,2,False,255.0,255.0,255,SPOKED,SPOKED,0,0.0,80.0,80.0,300.0,760.0,34.9,300.0,1.0
445.0,70.0,630.0,72.5,185.0,50.0,520.0,72.5,660.0,50.0,40.0,28.6,36.5,23.5,13.5,15.0,9.0,STEEL,30.0,42.0,50.0,330.0,350.0,16.0,18.0,False,False,130.0,2.0,0.9,1.1,0.9,1.2,1.0,0.9,680.0,20.0,680.0,20.0,0,2,False,0,1.0,68.0,45.0,0.0,31.8,False,True,False,False,True,11,2,False,255.0,255.0,255,SPOKED,SPOKED,0,0.0,80.0,80.0,300.0,760.0,34.9,300.0,1.0
455.0,70.0,570.0,71.0,175.0,50.0,510.0,73.5,640.0,50.0,40.0,28.6,36.5,23.5,13.5,15.0,9.0,STEEL,32.0,40.0,48.0,330.0,350.0,16.0,18.0,False,False,130.0,2.0,0.9,1.1,0.9,1.2,1.0,0.9,680.0,20.0,680.0,20.0,0,0,False,0,1.0,68.0,45.0,0.0,31.8,False,True,False,False,True,11,2,False,255.0,255.0,255,SPOKED,SPOKED,0,0.0,80.0,80.0,300.0,760.0,34.9,300.0,1.0
465.0,70.0,640.0,75.0,220.0,50.0,500.0,72.8,680.0,50.0,40.0,28.6,36.5,23.5,13.5,15.0,9.0,STEEL,34.0,43.0,49.0,330.0,350.0,16.0,18.0,False,False,130.0,2.0,0.9,1.1,0.9,1.2,1.0,0.9,680.0,20.0,680.0,20.0,0,1,False,0,1.0,68.0,45.0,0.0,31.8,False,True,False,False,True,11,2,False,255.0,255.0,255,SPOKED,SPOKED,0,0.0,80.0,80.0,300.0,760.0,34.9,300.0,1.0
475.0,70.0,605.0,72.8,215.0,50.0,590.0,74.2,665.0,50.0,40.0,28.6,36.5,23.5,13.5,15.0,9.0,STEEL,33.0,44.0,50.0,330.0,350.0,16.0,18.0,False,False,130.0,2.0,0.9,1.1,0.9,1.2,1.0,0.9,680.0,20.0,680.0,20.0,0,2,False,0,1.0,68.0,45.0,0.0,31.8,False,True,False,False,True,11,2,False,255.0,255.0,255,SPOKED,SPOKED,0,0.0,80.0,80.0,300.0,760.0,34.9,300.0,1.0
485.0,70.0,615.0,73.2,180.0,50.0,580.0,73.0,650.0,50.0,40.0,28.6,36.5,23.5,13.5,15.0,9.0,STEEL,31.0,42.0,49.0,330.0,350.0,16.0,18.0,False,False,130.0,2.0,0.9,1.1,0.9,1.2,1.0,0.9,680.0,20.0,680.0,20.0,0,0,False,0,1.0,68.0,45.0,0.0,31.8,False,True,False,False,True,11,2,False,255.0,255.0,255,SPOKED,SPOKED,0,0.0,80.0,80.0,300.0,760.0,34.9,300.0,1.0
415.0,70.0,600.0,73.0,160.0,40.0,580.0,73.5,660.0,45.0,40.0,32.0,38.0,24.0,24.0,15.0,12.0,ALUMINIUM,35.0,45.0,45.0,330.0,350.0,16.0,18.0,False,False,130.0,2.0,1.0,1.2,1.0,1.2,1.0,1.0,700.0,50.0,700.0,50.0,0,0,False,0,1.0,68.0,45.0,28.6,31.8,False,True,False,False,True,11,2,False,250.0,250.0,250,SPOKED,SPOKED,1,1.0,80.0,80.0,278.0,820.0,34.9,300.0,1.0
395.0,65.0,630.0,72.0,140.0,35.0,550.0,74.0,640.0,40.0,35.0,30.0,36.0,22.0,22.0,15.0,10.0,CARBON,30.0,40.0,40.0,330.0,350.0,16.0,18.0,False,False,130.0,2.5,1.2,1.4,1.2,1.4,1.2,1.2,680.0,50.0,680.0,50.0,2,2,False,0,3.0,70.0,50.0,30.0,35.0,False,True,False,False,True,12,2,False,245.0,245.0,245,SPOKED,SPOKED,1,1.0,80.0,80.0,280.0,830.0,36.5,330.0,0.0
430.0,75.0,610.0,74.0,170.0,50.0,590.0,73.0,670.0,45.0,45.0,34.0,38.0,25.0,25.0,16.0,14.0,STEEL,38.0,48.0,48.0,330.0,350.0,17.0,19.0,False,False,132.0,2.0,1.0,1.2,1.0,1.2,1.0,1.0,690.0,52.0,690.0,52.0,0,1,False,2,1.0,68.0,47.0,29.0,33.0,False,True,False,False,True,11,2,False,250.0,248.0,246,SPOKED,SPOKED,1,1.0,80.0,80.0,275.0,810.0,37.0,310.0,1.0
400.0,68.0,605.0,72.5,150.0,30.0,560.0,74.5,655.0,43.0,40.0,32.0,37.0,24.0,24.0,15.0,12.0,ALUMINIUM,32.0,42.0,44.0,330.0,350.0,16.0,18.0,False,False,130.0,2.0,1.1,1.3,1.1,1.3,1.1,1.1,675.0,49.0,675.0,49.0,0,0,False,0,1.0,68.0,45.0,28.6,31.8,False,True,False,False,True,11,2,False,252.0,252.0,252,SPOKED,SPOKED,1,1.0,80.0,80.0,278.0,820.0,34.9,300.0,1.0
420.0,72.0,620.0,73.5,160.0,45.0,600.0,73.5,660.0,40.0,42.0,30.0,36.0,23.0,23.0,15.0,13.0,TITANIUM,36.0,46.0,46.0,330.0,350.0,16.0,18.0,False,False,135.0,2.0,1.0,1.3,1.0,1.3,1.0,1.0,700.0,50.0,700.0,50.0,0,1,False,0,1.0,68.0,45.0,28.6,31.8,False,True,False,False,True,11,1,False,245.0,245.0,243,SPOKED,SPOKED,1,1.0,80.0,80.0,279.0,825.0,34.9,305.0,1.0
390.0,65.0,635.0,72.0,135.0,33.0,545.0,74.0,645.0,38.0,35.0,30.0,36.0,22.0,22.0,15.0,11.0,CARBON,29.0,38.0,42.0,330.0,350.0,16.0,18.0,False,False,130.0,2.3,1.2,1.3,1.2,1.3,1.2,1.2,680.0,49.0,680.0,49.0,2,2,False,0,3.0,70.0,50.0,30.0,35.0,False,True,False,False,True,12,1,False,250.0,250.0,250,SPOKED,SPOKED,1,1.0,80.0,80.0,280.0,840.0,36.0,330.0,0.0
440.0,78.0,590.0,74.5,180.0,55.0,620.0,73.0,675.0,46.0,45.0,34.0,38.0,25.0,25.0,16.0,15.0,STEEL,40.0,50.0,50.0,330.0,350.0,16.0,18.0,False,False,135.0,2.0,1.0,1.2,1.0,1.2,1.0,1.0,690.0,52.0,690.0,52.0,0,1,False,2,1.0,68.0,47.0,29.0,33.0,False,True,False,False,True,11,2,False,240.0,240.0,240,SPOKED,SPOKED,1,1.0,80.0,80.0,282.0,800.0,37.0,300.0,1.0
435.0,70.0,620.0,73.5,155.0,42.0,580.0,74.0,660.0,45.0,42.0,32.0,37.0,23.0,23.0,15.0,13.0,STEEL,33.0,43.0,44.0,330.0,350.0,16.0,18.0,False,False,130.0,2.0,1.0,1.2,1.0,1.2,1.0,1.0,700.0,50.0,700.0,50.0,0,0,False,0,1.0,68.0,45.0,28.6,31.8,False,True,False,False,True,11,1,False,250.0,250.0,250,SPOKED,SPOKED,1,1.0,80.0,80.0,278.0,815.0,36.0,310.0,1.0
405.0,68.0,600.0,71.5,165.0,48.0,600.0,73.0,660.0,45.0,40.0,32.0,38.0,24.0,24.0,15.0,14.0,ALUMINIUM,38.0,48.0,46.0,330.0,350.0,16.0,18.0,False,False,130.0,2.0,1.0,1.2,1.0,1.2,1.0,1.0,680.0,50.0,680.0,50.0,0,1,False,1,1.0,68.0,45.0,28.6,31.8,False,True,False,False,True,11,2,False,249.0,249.0,249,SPOKED,SPOKED,1,1.0,80.0,80.0,279.0,820.0,36.0,300.0,1.0
425.0,74.0,630.0,73.0,170.0,50.0,610.0,73.5,665.0,44.0,43.0,34.0,38.0,24.0,24.0,15.0,14.0,TITANIUM,37.0,49.0,47.0,330.0,350.0,16.0,18.0,False,False,135.0,2.0,1.0,1.2,1.0,1.2,1.0,1.0,690.0,51.0,690.0,51.0,0,2,False,0,1.0,68.0,45.0,28.6,31.8,False,True,False,False,True,12,2,False,246.0,246.0,246,SPOKED,SPOKED,1,1.0,80.0,80.0,281.0,830.0,37.0,320.0,1.0
405.0,70.0,600.0,73.0,160.0,45.0,560.0,73.0,650.0,45.0,40.0,28.6,36.5,23.35,23.35,13.0,15,STEEL,35.0,50.0,50.0,0.0,0.0,0.0,0,False,False,130.0,2.0,0.9,1.1,0.9,0.9,0.9,0.9,680.0,52.0,680.0,52.0,0,0,False,0,1.0,68.0,45.0,0.0,31.8,False,False,False,False,True,11,2,False,255.0,255.0,255,SPOKED,SPOKED,1,1.0,80.0,80.0,280.0,740.0,34.9,300.0,1.0
410.0,72.0,610.0,72.5,155.0,50.0,570.0,74.0,660.0,48.0,40.0,28.6,36.5,23.35,23.35,13.0,15,STEEL,33.0,52.0,48.0,0.0,0.0,0.0,0,False,False,130.0,2.0,0.9,1.1,0.9,0.9,0.9,0.9,680.0,52.0,680.0,52.0,0,0,False,0,1.0,68.0,45.0,0.0,31.8,False,False,False,False,True,11,2,False,255.0,255.0,255,SPOKED,SPOKED,1,1.0,80.0,80.0,280.0,735.0,34.9,300.0,1.0
420.0,68.0,590.0,74.0,165.0,48.0,550.0,73.5,640.0,46.0,40.0,28.6,36.5,23.35,23.35,13.0,15,STEEL,36.0,48.0,52.0,0.0,0.0,0.0,0,False,False,130.0,2.0,0.9,1.1,0.9,0.9,0.9,0.9,680.0,52.0,680.0,52.0,0,0,False,0,1.0,68.0,45.0,0.0,31.8,False,False,False,False,True,11,2,False,255.0,255.0,255,SPOKED,SPOKED,1,1.0,80.0,80.0,280.0,730.0,34.9,300.0,1.0
415.0,69.0,605.0,73.5,158.0,47.0,565.0,74.5,655.0,47.0,40.0,28.6,36.5,23.35,23.35,13.0,15,STEEL,34.0,51.0,49.0,0.0,0.0,0.0,0,False,False,130.0,2.0,0.9,1.1,0.9,0.9,0.9,0.9,680.0,52.0,680.0,52.0,0,0,False,0,1.0,68.0,45.0,0.0,31.8,False,False,False,False,True,11,2,False,255.0,255.0,255,SPOKED,SPOKED,1,1.0,80.0,80.0,280.0,745.0,34.9,300.0,1.0
400.0,75.0,620.0,71.5,150.0,46.0,580.0,73.0,670.0,44.0,40.0,28.6,36.5,23.35,23.35,13.0,15,STEEL,30.0,49.0,46.0,0.0,0.0,0.0,0,False,False,130.0,2.0,0.9,1.1,0.9,0.9,0.9,0.9,680.0,52.0,680.0,52.0,0,0,False,0,1.0,68.0,45.0,0.0,31.8,False,False,False,False,True,11,2,False,255.0,255.0,255,SPOKED,SPOKED,1,1.0,80.0,80.0,280.0,725.0,34.9,300.0,1.0
430.0,70.0,600.0,74.0,162.0,49.0,555.0,74.5,650.0,46.0,40.0,28.6,36.5,23.35,23.35,13.0,15,STEEL,35.0,50.0,51.0,0.0,0.0,0.0,0,False,False,130.0,2.0,0.9,1.1,0.9,0.9,0.9,0.9,680.0,52.0,680.0,52.0,0,0,False,0,1.0,68.0,45.0,0.0,31.8,False,False,False,False,True,11,2,False,255.0,255.0,255,SPOKED,SPOKED,1,1.0,80.0,80.0,280.0,738.0,34.9,300.0,1.0
395.0,68.0,595.0,73.2,152.0,45.0,565.0,73.8,645.0,45.0,40.0,28.6,36.5,23.35,23.35,13.0,15,STEEL,32.0,47.0,47.0,0.0,0.0,0.0,0,False,False,130.0,2.0,0.9,1.1,0.9,0.9,0.9,0.9,680.0,52.0,680.0,52.0,0,0,False,0,1.0,68.0,45.0,0.0,31.8,False,False,False,False,True,11,2,False,255.0,255.0,255,SPOKED,SPOKED,1,1.0,80.0,80.0,280.0,732.0,34.9,300.0,1.0
425.0,71.0,610.0,72.8,160.0,50.0,575.0,74.2,660.0,48.0,40.0,28.6,36.5,23.35,23.35,13.0,15,STEEL,34.0,52.0,50.0,0.0,0.0,0.0,0,False,False,130.0,2.0,0.9,1.1,0.9,0.9,0.9,0.9,680.0,52.0,680.0,52.0,0,0,False,0,1.0,68.0,45.0,0.0,31.8,False,False,False,False,True,11,2,False,255.0,255.0,255,SPOKED,SPOKED,1,1.0,80.0,80.0,280.0,743.0,34.9,300.0,1.0
410.0,69.0,595.0,73.7,155.0,46.0,560.0,74.1,650.0,45.0,40.0,28.6,36.5,23.35,23.35,13.0,15,STEEL,33.0,48.0,49.0,0.0,0.0,0.0,0,False,False,130.0,2.0,0.9,1.1,0.9,0.9,0.9,0.9,680.0,52.0,680.0,52.0,0,0,False,0,1.0,68.0,45.0,0.0,31.8,False,False,False,False,True,11,2,False,255.0,255.0,255,SPOKED,SPOKED,1,1.0,80.0,80.0,280.0,729.0,34.9,300.0,1.0
420.0,70.0,605.0,73.3,158.0,48.0,570.0,73.9,655.0,47.0,40.0,28.6,36.5,23.35,23.35,13.0,15,STEEL,36.0,51.0,52.0,0.0,0.0,0.0,0,False,False,130.0,2.0,0.9,1.1,0.9,0.9,0.9,0.9,680.0,52.0,680.0,52.0,0,0,False,0,1.0,68.0,45.0,0.0,31.8,False,False,False,False,True,11,2,False,255.0,255.0,255,SPOKED,SPOKED,1,1.0,80.0,80.0,280.0,737.0,34.9,300.0,1.0
420.0,70.0,620.0,73.0,150.0,100.0,580.0,73.0,650.0,50.0,40.0,32.0,36.5,23.35,23.35,13.0,15.0,STEEL,35.0,40.0,15.0,330.0,350.0,16.0,18.0,False,False,130.0,2.0,1.0,1.1,1.0,1.2,1.0,1.0,690.0,70.0,690.0,70.0,0,0,False,0,1.0,68.0,45.0,0.0,31.8,False,False,False,False,True,11,2,False,255.0,255.0,255,SPOKED,SPOKED,0,0.0,0.0,0.0,278.0,760.0,34.9,300.0,1.0
430.0,68.0,630.0,74.0,140.0,80.0,590.0,74.0,660.0,52.0,42.0,34.0,36.0,24.0,24.0,13.0,15.0,STEEL,36.0,45.0,12.0,330.0,350.0,16.0,18.0,False,False,132.0,2.0,1.0,1.1,1.0,1.2,1.0,1.0,695.0,75.0,695.0,75.0,0,0,False,0,1.0,68.0,45.0,0.0,31.8,False,False,False,False,True,11,2,False,255.0,255.0,255,SPOKED,SPOKED,0,0.0,0.0,0.0,278.0,760.0,34.9,300.0,1.0
410.0,72.0,610.0,72.5,160.0,120.0,600.0,72.5,640.0,48.0,38.0,30.0,37.0,24.5,23.35,13.0,15.0,STEEL,33.0,42.0,18.0,330.0,350.0,16.0,18.0,False,False,128.0,2.0,1.0,1.1,1.0,1.2,1.0,1.0,680.0,68.0,680.0,68.0,0,0,False,0,1.0,68.0,45.0,0.0,31.8,False,False,False,False,True,11,2,False,255.0,255.0,255,SPOKED,SPOKED,0,0.0,0.0,0.0,278.0,760.0,34.9,300.0,1.0
440.0,66.0,640.0,75.0,130.0,90.0,620.0,75.0,670.0,55.0,45.0,28.0,36.5,23.35,30.0,13.0,15.0,STEEL,38.0,50.0,10.0,330.0,350.0,16.0,18.0,False,False,135.0,2.0,1.0,1.1,1.0,1.2,1.0,1.0,700.0,80.0,700.0,80.0,0,0,False,0,1.0,68.0,45.0,0.0,31.8,False,False,False,False,True,11,2,False,255.0,255.0,255,SPOKED,SPOKED,0,0.0,0.0,0.0,278.0,760.0,34.9,300.0,1.0
450.0,65.0,600.0,73.5,170.0,110.0,610.0,73.5,655.0,49.0,36.0,32.0,36.5,23.35,25.0,13.0,15.0,STEEL,40.0,55.0,14.0,330.0,350.0,16.0,18.0,False,False,132.0,2.0,1.0,1.1,1.0,1.2,1.0,1.0,685.0,72.0,685.0,72.0,0,0,False,0,1.0,68.0,45.0,0.0,31.8,False,False,False,False,True,11,2,False,255.0,255.0,255,SPOKED,SPOKED,0,0.0,0.0,0.0,278.0,760.0,34.9,300.0,1.0
460.0,69.0,655.0,72.0,155.0,130.0,590.0,72.0,660.0,51.0,42.0,34.0,36.5,23.35,28.0,13.0,15.0,STEEL,34.0,48.0,16.0,330.0,350.0,16.0,18.0,False,False,130.0,2.0,1.0,1.1,1.0,1.2,1.0,1.0,692.0,74.0,692.0,74.0,0,0,False,0,1.0,68.0,45.0,0.0,31.8,False,False,False,False,True,11,2,False,255.0,255.0,255,SPOKED,SPOKED,0,0.0,0.0,0.0,278.0,760.0,34.9,300.0,1.0
470.0,70.0,625.0,74.5,145.0,140.0,580.0,74.5,650.0,47.0,40.0,30.0,36.5,23.35,27.0,13.0,15.0,STEEL,36.0,52.0,18.0,330.0,350.0,16.0,18.0,False,False,130.0,2.0,1.0,1.1,1.0,1.2,1.0,1.0,688.0,69.0,688.0,69.0,0,0,False,0,1.0,68.0,45.0,0.0,31.8,False,False,False,False,True,11,2,False,255.0,255.0,255,SPOKED,SPOKED,0,0.0,0.0,0.0,278.0,760.0,34.9,300.0,1.0
480.0,68.0,635.0,73.0,135.0,150.0,620.0,73.0,645.0,53.0,39.0,33.0,36.5,23.35,29.0,13.0,15.0,STEEL,35.0,44.0,15.0,330.0,350.0,16.0,18.0,False,False,134.0,2.0,1.0,1.1,1.0,1.2,1.0,1.0,698.0,78.0,698.0,78.0,0,0,False,0,1.0,68.0,45.0,0.0,31.8,False,False,False,False,True,11,2,False,255.0,255.0,255,SPOKED,SPOKED,0,0.0,0.0,0.0,278.0,760.0,34.9,300.0,1.0
400.0,67.0,615.0,72.3,148.0,160.0,595.0,72.3,655.0,50.0,41.0,31.0,37.0,23.35,26.0,13.0,15.0,STEEL,38.0,49.0,17.0,330.0,350.0,16.0,18.0,False,False,129.0,2.0,1.0,1.1,1.0,1.2,1.0,1.0,695.0,76.0,695.0,76.0,0,0,False,0,1.0,68.0,45.0,0.0,31.8,False,False,False,False,True,11,2,False,255.0,255.0,255,SPOKED,SPOKED,0,0.0,0.0,0.0,278.0,760.0,34.9,300.0,1.0
455.0,71.0,645.0,74.2,152.0,170.0,605.0,74.2,658.0,49.0,44.0,35.0,36.5,23.35,31.0,13.0,15.0,STEEL,37.0,56.0,16.0,330.0,350.0,16.0,18.0,False,False,132.0,2.0,1.0,1.1,1.0,1.2,1.0,1.0,690.0,70.0,690.0,70.0,0,0,False,0,1.0,68.0,45.0,0.0,31.8,False,False,False,False,True,11,2,False,255.0,255.0,255,SPOKED,SPOKED,0,0.0,0.0,0.0,278.0,760.0,34.9,300.0,1.0
480.0,80.0,630.0,73.0,180.0,50.0,580.0,73.5,660.0,50.0,50.0,28.6,34.9,36.5,23.35,13.0,15.0,STEEL,35.0,50.0,45.0,330.0,350.0,16.0,18.0,False,False,130.0,2.0,0.9,1.1,0.9,1.2,1.0,0.9,680.0,121.0,680.0,121.0,0,0,False,0,1.0,68.0,45.0,692.0,31.8,False,True,False,False,True,11,2,False,255.0,255.0,255,SPOKED,SPOKED,0,0.0,0.0,0.0,278.0,760.0,34.9,300.0,1.0
500.0,82.0,640.0,72.5,185.0,52.0,590.0,74.0,665.0,52.0,52.0,28.6,34.9,36.5,23.35,13.0,15.0,STEEL,36.0,48.0,46.0,330.0,350.0,16.0,18.0,False,False,130.0,2.0,0.9,1.1,0.9,1.2,1.0,0.9,680.0,121.0,680.0,121.0,0,1,False,0,1.0,68.0,45.0,692.0,31.8,False,True,False,False,True,12,2,False,255.0,255.0,255,SPOKED,SPOKED,0,0.0,0.0,0.0,278.0,770.0,34.9,300.0,1.0
460.0,78.0,625.0,73.5,175.0,48.0,570.0,73.0,655.0,49.0,48.0,29.0,34.9,37.0,23.0,14.0,16.0,STEEL,34.0,49.0,44.0,330.0,350.0,16.0,18.0,False,False,130.0,2.0,0.9,1.1,0.9,1.2,1.0,0.9,680.0,121.0,680.0,121.0,0,2,False,0,1.0,68.0,45.0,692.0,31.8,False,False,False,False,True,10,1,False,255.0,255.0,255,SPOKED,SPOKED,0,0.0,0.0,0.0,278.0,755.0,34.9,300.0,1.0
520.0,85.0,650.0,73.0,190.0,55.0,600.0,72.5,670.0,50.0,50.0,28.0,34.9,36.0,23.5,12.0,15.0,STEEL,38.0,53.0,48.0,330.0,350.0,16.0,18.0,False,False,130.0,2.0,0.9,1.1,0.9,1.2,1.0,0.9,680.0,121.0,680.0,121.0,0,0,False,0,1.0,68.0,45.0,692.0,31.8,True,False,False,False,True,11,2,False,255.0,255.0,255,SPOKED,SPOKED,0,0.0,0.0,0.0,278.0,765.0,34.9,300.0,1.0
470.0,79.0,635.0,74.0,178.0,49.0,585.0,73.2,663.0,51.0,49.0,28.8,34.9,36.3,23.2,13.0,15.0,STEEL,36.0,47.0,46.0,330.0,350.0,16.0,18.0,False,False,130.0,2.0,0.9,1.1,0.9,1.2,1.0,0.9,680.0,121.0,680.0,121.0,0,0,False,0,1.0,68.0,45.0,692.0,31.8,False,False,False,False,True,12,2,False,255.0,255.0,255,SPOKED,SPOKED,0,0.0,0.0,0.0,278.0,758.0,34.9,300.0,1.0
530.0,83.0,645.0,72.0,165.0,54.0,595.0,74.1,667.0,52.0,52.0,28.6,34.9,36.5,23.35,13.0,15.0,STEEL,33.0,45.0,43.0,330.0,350.0,16.0,18.0,False,False,130.0,2.0,0.9,1.1,0.9,1.2,1.0,0.9,680.0,121.0,680.0,121.0,0,1,False,0,1.0,68.0,45.0,692.0,31.8,True,True,True,False,True,10,2,False,255.0,255.0,255,SPOKED,SPOKED,0,0.0,0.0,0.0,278.0,762.0,34.9,300.0,1.0
490.0,81.0,638.0,73.8,182.0,51.0,585.0,73.5,662.0,50.0,50.0,28.6,34.9,36.5,23.35,13.0,15.0,STEEL,37.0,52.0,47.0,330.0,350.0,16.0,18.0,False,False,130.0,2.0,0.9,1.1,0.9,1.2,1.0,0.9,680.0,121.0,680.0,121.0,0,2,False,0,1.0,68.0,45.0,692.0,31.8,False,False,False,False,True,11,3,True,255.0,255.0,255,SPOKED,SPOKED,0,0.0,0.0,0.0,278.0,768.0,34.9,300.0,1.0
450.0,77.0,620.0,72.0,170.0,47.0,565.0,73.3,650.0,48.0,48.0,29.0,34.9,36.5,23.35,14.0,16.0,STEEL,33.0,46.0,42.0,330.0,350.0,16.0,18.0,False,False,130.0,2.0,0.9,1.1,0.9,1.2,1.0,0.9,680.0,121.0,680.0,121.0,0,1,False,0,1.0,68.0,45.0,692.0,31.8,False,False,False,False,True,9,1,False,255.0,255.0,255,SPOKED,SPOKED,0,0.0,0.0,0.0,278.0,750.0,34.9,300.0,1.0
510.0,84.0,647.0,74.2,188.0,56.0,610.0,72.8,669.0,50.0,50.0,28.6,34.9,36.5,23.35,13.0,15.0,STEEL,39.0,54.0,49.0,330.0,350.0,16.0,18.0,False,False,130.0,2.0,0.9,1.1,0.9,1.2,1.0,0.9,680.0,121.0,680.0,121.0,0,0,False,0,1.0,68.0,45.0,692.0,31.8,False,True,False,False,True,11,2,False,255.0,255.0,255,SPOKED,SPOKED,0,0.0,0.0,0.0,278.0,775.0,34.9,300.0,2.0
475.0,80.0,630.0,73.0,182.0,53.0,590.0,73.7,660.0,50.0,50.0,28.6,34.9,36.5,23.35,13.0,15.0,STEEL,37.0,51.0,46.0,330.0,350.0,16.0,18.0,False,False,130.0,2.0,0.9,1.1,0.9,1.2,1.0,0.9,680.0,121.0,680.0,121.0,0,1,False,0,1.0,68.0,45.0,692.0,31.8,False,False,True,True,True,10,3,False,255.0,255.0,255,SPOKED,SPOKED,0,0.0,0.0,0.0,278.0,773.0,34.9,300.0,1.0
400.0,70.0,620.0,73.0,150.0,40.0,580.0,73.0,650.0,45.0,45.0,30.0,36.5,25.0,15.0,14.0,9,STEEL,40.0,40.0,40.0,330.0,350.0,16.0,18,False,False,130.0,2.0,0.9,1.1,0.9,1.2,1.0,0.9,700.0,25.0,700.0,25.0,0,1,False,0,1.0,68.0,44.0,0.0,34,False,True,False,False,True,11,2,False,254.0,254.0,254,SPOKED,SPOKED,0,0.0,0.0,0.0,280.0,760.0,36.5,700.0,1.0
405.0,68.0,600.0,72.5,140.0,45.0,560.0,72.0,645.0,50.0,50.0,35.0,36.5,28.0,17.0,14.5,9,STEEL,38.0,42.0,45.0,330.0,350.0,15.0,18,True,True,130.0,2.2,0.9,1.0,1.0,1.2,1.0,1.0,680.0,30.0,680.0,30.0,0,0,False,0,1.0,70.0,46.0,0.0,35,False,True,False,False,True,12,2,False,254.0,254.0,254,SPOKED,SPOKED,0,0.0,0.0,0.0,285.0,745.0,36.5,690.0,1.0
395.0,72.0,650.0,72.0,180.0,40.0,600.0,74.0,655.0,40.0,50.0,32.0,36.5,26.0,16.0,14.0,9,STEEL,50.0,35.0,40.0,330.0,350.0,17.0,18,True,True,130.0,2.1,0.9,1.2,1.0,1.2,1.0,0.9,700.0,30.0,700.0,30.0,0,1,False,0,3.0,70.0,52.0,0.0,36,False,True,False,False,True,11,2,False,254.0,254.0,254,SPOKED,SPOKED,0,0.0,0.0,0.0,290.0,770.0,36.5,720.0,1.0
420.0,65.0,630.0,74.0,130.0,42.0,570.0,73.0,640.0,48.0,45.0,30.0,36.5,25.0,15.0,13.5,9,STEEL,35.0,45.0,50.0,320.0,360.0,0.0,0,False,False,130.0,2.0,0.9,1.1,0.9,1.2,1.0,0.9,700.0,28.0,700.0,28.0,0,2,False,0,1.0,68.0,43.0,0.0,34,False,True,False,False,True,10,2,False,254.0,254.0,254,SPOKED,SPOKED,0,0.0,0.0,0.0,280.0,750.0,36.5,700.0,1.0
380.0,75.0,605.0,73.5,145.0,43.0,550.0,74.0,660.0,42.0,50.0,28.0,36.5,24.0,16.0,14.2,9,STEEL,45.0,40.0,45.0,330.0,350.0,16.0,18,True,True,130.0,2.1,1.0,1.1,1.0,1.2,1.0,1.0,700.0,26.0,700.0,26.0,0,1,False,0,1.0,70.0,45.0,0.0,34,False,True,False,False,True,12,2,False,254.0,254.0,254,SPOKED,SPOKED,0,0.0,0.0,0.0,300.0,770.0,36.5,710.0,1.0
410.0,68.0,640.0,72.5,170.0,47.0,610.0,72.5,650.0,44.0,48.0,33.0,36.5,27.0,17.0,14.0,9,STEEL,50.0,45.0,45.0,330.0,350.0,17.0,18,True,True,130.0,2.2,1.0,1.2,1.0,1.2,1.0,1.0,700.0,30.0,700.0,30.0,0,2,False,0,3.0,70.0,50.0,0.0,37,False,True,False,False,True,11,2,False,254.0,254.0,254,SPOKED,SPOKED,0,0.0,0.0,0.0,295.0,765.0,36.5,730.0,1.0
402.0,70.0,615.0,73.2,160.0,42.0,580.0,73.5,655.0,43.0,47.0,45.0,45.0,30.0,20.0,14.0,9,STEEL,40.0,42.0,45.0,330.0,350.0,0.0,0,False,False,130.0,2.0,1.2,1.2,1.2,1.2,1.1,1.0,700.0,24.0,700.0,24.0,0,1,False,0,0.0,68.0,44.0,60.0,34,False,True,False,False,True,11,2,False,254.0,254.0,254,SPOKED,SPOKED,0,0.0,0.0,0.0,290.0,755.0,45.0,700.0,0.0
395.0,72.0,630.0,74.5,155.0,46.0,590.0,73.8,660.0,47.0,46.0,34.0,36.5,28.0,16.0,14.2,9,STEEL,42.0,44.0,42.0,330.0,350.0,16.0,18,True,True,130.0,2.1,1.0,1.1,1.0,1.2,1.0,1.0,700.0,26.0,700.0,26.0,0,0,False,0,1.0,70.0,45.0,0.0,35,False,True,False,False,True,11,2,False,254.0,254.0,254,SPOKED,SPOKED,0,0.0,0.0,0.0,295.0,760.0,36.5,720.0,1.0
405.0,70.0,620.0,72.0,140.0,45.0,570.0,73.0,650.0,45.0,50.0,30.0,36.5,25.0,15.0,14.0,9,STEEL,35.0,40.0,45.0,330.0,350.0,16.0,18,True,True,130.0,2.5,1.2,1.3,1.2,1.3,1.1,1.1,700.0,25.0,700.0,25.0,0,2,False,0,1.0,68.0,43.0,0.0,34,False,True,False,False,True,12,2,False,254.0,254.0,254,SPOKED,SPOKED,0,0.0,0.0,0.0,300.0,755.0,36.5,700.0,1.0
410.0,80.0,640.0,71.5,190.0,44.0,600.0,72.0,645.0,50.0,45.0,32.0,36.5,27.0,17.0,14.0,9,STEEL,60.0,38.0,45.0,330.0,350.0,16.0,18,True,True,130.0,2.2,1.0,1.1,1.0,1.2,1.0,1.0,700.0,30.0,700.0,30.0,0,1,False,0,3.0,70.0,50.0,0.0,36,False,True,False,False,True,10,2,False,254.0,254.0,254,SPOKED,SPOKED,0,0.0,0.0,0.0,290.0,780.0,36.5,740.0,1.0
410.0,55.0,580.0,72.0,120.0,40.0,540.0,73.0,650.0,45.0,45.0,28.0,28.0,36.5,25.0,12.0,9.0,STEEL,20.0,40.0,40.0,330.0,350.0,16.0,18.0,False,False,130.0,2.0,1.0,1.0,1.2,1.0,0.9,1.0,680.0,60.0,680.0,60.0,0,0,False,0,1.0,65.0,40.0,695.0,30.0,False,False,False,False,True,8,2,False,255.0,255.0,255.0,SPOKED,SPOKED,0,0.0,0.0,0.0,260.0,720.0,32.0,650.0,1.0
420.0,60.0,590.0,73.0,130.0,45.0,550.0,72.5,655.0,46.0,50.0,30.0,30.0,36.5,26.0,13.0,9.0,STEEL,25.0,45.0,45.0,330.0,350.0,16.0,18.0,True,False,135.0,2.1,1.1,1.1,1.25,1.05,0.95,1.05,690.0,65.0,690.0,65.0,0,1,False,0,1.0,66.0,42.0,696.0,31.0,False,False,False,False,True,9,2,False,255.0,255.0,255.0,DISC,SPOKED,0,0.0,0.0,0.0,270.0,740.0,33.0,680.0,1.0
430.0,65.0,600.0,74.0,140.0,50.0,560.0,74.0,660.0,47.0,55.0,32.0,32.0,36.5,27.0,14.0,9.0,STEEL,30.0,50.0,50.0,330.0,350.0,16.0,18.0,False,True,140.0,2.2,1.2,1.2,1.3,1.1,1.0,1.1,700.0,70.0,700.0,70.0,0,2,False,0,1.0,67.0,44.0,697.0,32.0,False,False,False,False,True,10,2,False,255.0,255.0,255.0,TRISPOKE,SPOKED,1,0.0,70.0,0.0,280.0,760.0,34.0,710.0,1.0
440.0,70.0,610.0,71.0,150.0,55.0,570.0,73.5,665.0,48.0,60.0,34.0,34.0,36.5,28.0,15.0,9.0,STEEL,35.0,55.0,55.0,330.0,350.0,16.0,18.0,True,True,125.0,2.0,1.0,1.0,1.2,1.0,0.9,1.0,710.0,75.0,710.0,75.0,0,0,False,0,1.0,68.0,46.0,698.0,33.0,False,False,False,False,True,11,2,False,255.0,255.0,255.0,SPOKED,DISC,0,0.0,0.0,0.0,290.0,780.0,35.0,740.0,1.0
450.0,75.0,620.0,72.5,160.0,60.0,580.0,75.0,670.0,49.0,65.0,36.0,30.0,36.5,29.0,13.0,9.0,STEEL,40.0,60.0,60.0,330.0,350.0,16.0,18.0,False,False,120.0,2.1,1.1,1.1,1.25,1.05,0.95,1.05,720.0,80.0,720.0,80.0,0,1,False,0,3.0,69.0,48.0,699.0,34.0,False,False,False,False,True,12,2,False,255.0,255.0,255.0,DISC,DISC,0,0.0,0.0,0.0,300.0,800.0,33.0,770.0,1.0
460.0,80.0,630.0,73.5,170.0,65.0,590.0,71.0,675.0,50.0,40.0,38.0,28.0,36.5,30.0,12.0,9.0,STEEL,45.0,65.0,65.0,330.0,350.0,16.0,18.0,True,False,130.0,2.2,1.2,1.2,1.3,1.1,1.0,1.1,680.0,60.0,680.0,60.0,0,2,False,0,3.0,70.0,40.0,700.0,30.0,False,False,False,False,True,8,2,False,255.0,255.0,255.0,TRISPOKE,TRISPOKE,1,1.0,70.0,70.0,310.0,820.0,34.0,800.0,1.0
480.0,60.0,650.0,74.5,190.0,75.0,610.0,74.5,685.0,52.0,50.0,42.0,34.0,36.5,32.0,15.0,9.0,STEEL,25.0,75.0,35.0,330.0,350.0,16.0,18.0,True,False,140.0,2.1,1.1,1.1,1.25,1.05,0.95,1.05,700.0,70.0,700.0,70.0,0,1,False,0,3.0,72.0,44.0,702.0,32.0,False,False,False,False,True,10,2,False,255.0,255.0,255.0,DISC,SPOKED,0,0.0,0.0,0.0,330.0,750.0,32.0,660.0,1.0
490.0,65.0,660.0,75.0,200.0,80.0,620.0,73.0,690.0,53.0,55.0,44.0,30.0,36.5,33.0,13.0,9.0,STEEL,30.0,80.0,40.0,330.0,350.0,16.0,18.0,False,False,125.0,2.2,1.2,1.2,1.3,1.1,1.0,1.1,710.0,75.0,710.0,75.0,0,2,False,0,1.0,73.0,46.0,703.0,33.0,False,False,False,False,True,11,2,False,255.0,255.0,255.0,TRISPOKE,DISC,1,0.0,80.0,0.0,340.0,770.0,33.0,690.0,1.0
500.0,70.0,670.0,71.5,110.0,85.0,530.0,75.0,695.0,54.0,60.0,46.0,32.0,36.5,34.0,12.0,9.0,STEEL,35.0,45.0,45.0,330.0,350.0,16.0,18.0,True,False,120.0,2.0,1.0,1.0,1.2,1.0,0.9,1.0,720.0,80.0,720.0,80.0,0,0,False,0,3.0,74.0,48.0,704.0,34.0,False,False,False,False,True,12,2,False,255.0,255.0,255.0,SPOKED,TRISPOKE,0,1.0,0.0,80.0,350.0,790.0,35.0,720.0,1.0
420.0,75.0,600.0,73.0,160.0,50.0,540.0,73.0,600.0,50.0,40.0,28.6,28.6,23.35,20.5,13.0,15.0,STEEL,35.0,45.0,45.0,330.0,350.0,16.0,18.0,False,False,130.0,2.0,0.9,1.1,0.9,1.2,1.0,0.9,672.0,50.0,672.0,50.0,0,1,False,0,1.0,68.0,44.0,0.0,31.8,False,True,False,False,True,11,2,False,255.0,255.0,255,SPOKED,SPOKED,0,0.0,0.0,0.0,280.0,865.0,34.9,300,1.0
415.0,70.0,590.0,72.5,150.0,52.0,550.0,72.0,610.0,55.0,40.0,28.6,28.6,23.35,20.5,14.0,16.0,STEEL,34.0,47.0,47.0,330.0,350.0,16.0,18.0,False,False,130.0,2.0,0.9,1.1,0.9,1.2,1.0,0.9,672.0,50.0,672.0,50.0,0,1,False,0,1.0,68.0,45.0,0.0,31.8,True,True,False,False,True,11,2,False,255.0,255.0,255,SPOKED,SPOKED,0,0.0,0.0,0.0,282.0,870.0,34.9,300,1.0
425.0,80.0,620.0,73.5,170.0,50.0,545.0,74.0,620.0,48.0,40.0,28.6,28.6,23.35,20.5,13.0,15.0,STEEL,36.0,44.0,44.0,330.0,350.0,16.0,18.0,False,False,130.0,2.0,0.9,1.1,0.9,1.2,1.0,0.9,672.0,50.0,672.0,50.0,0,1,False,0,1.0,68.0,43.0,0.0,31.8,False,True,True,False,True,11,2,False,255.0,255.0,255,SPOKED,SPOKED,0,0.0,0.0,0.0,278.0,860.0,34.9,300,1.0
410.0,75.0,585.0,72.0,140.0,53.0,555.0,72.5,595.0,52.0,40.0,28.6,28.6,23.35,20.5,13.5,15.5,STEEL,33.0,46.0,46.0,330.0,350.0,16.0,18.0,False,False,130.0,2.0,0.9,1.1,0.9,1.2,1.0,0.9,672.0,50.0,672.0,50.0,0,1,False,0,1.0,68.0,45.5,0.0,31.8,False,True,False,True,True,11,2,False,255.0,255.0,255,SPOKED,SPOKED,0,0.0,0.0,0.0,285.0,855.0,34.9,300,1.0
430.0,78.0,630.0,74.0,180.0,49.0,535.0,74.0,630.0,50.0,40.0,28.6,28.6,23.35,20.5,12.5,14.5,STEEL,37.0,43.0,43.0,330.0,350.0,16.0,18.0,False,False,130.0,2.0,0.9,1.1,0.9,1.2,1.0,0.9,672.0,50.0,672.0,50.0,0,1,False,0,1.0,68.0,42.0,0.0,31.8,False,True,False,False,True,11,2,False,255.0,255.0,255,SPOKED,SPOKED,0,0.0,0.0,0.0,275.0,870.0,34.9,300,1.0
405.0,72.0,580.0,71.0,130.0,54.0,560.0,71.5,585.0,53.0,40.0,28.6,28.6,23.35,20.5,14.0,16.0,STEEL,32.0,48.0,48.0,330.0,350.0,16.0,18.0,False,False,130.0,2.0,0.9,1.1,0.9,1.2,1.0,0.9,672.0,50.0,672.0,50.0,0,1,False,0,1.0,68.0,46.0,0.0,31.8,False,True,True,False,True,11,2,False,255.0,255.0,255,SPOKED,SPOKED,0,0.0,0.0,0.0,290.0,850.0,34.9,300,1.0
435.0,76.0,615.0,72.8,165.0,51.0,545.0,73.5,615.0,49.0,40.0,28.6,28.6,23.35,20.5,13.0,15.0,STEEL,36.5,45.5,45.5,330.0,350.0,16.0,18.0,False,False,130.0,2.0,0.9,1.1,0.9,1.2,1.0,0.9,672.0,50.0,672.0,50.0,0,1,False,0,1.0,68.0,44.5,0.0,31.8,True,True,False,False,True,11,2,False,255.0,255.0,255,SPOKED,SPOKED,0,0.0,0.0,0.0,282.0,865.0,34.9,300,1.0
400.0,74.0,595.0,71.8,155.0,52.5,550.0,72.2,605.0,50.0,40.0,28.6,28.6,23.35,20.5,13.5,15.0,STEEL,34.5,47.5,47.5,330.0,350.0,16.0,18.0,False,False,130.0,2.0,0.9,1.1,0.9,1.2,1.0,0.9,672.0,50.0,672.0,50.0,0,1,False,0,1.0,68.0,45.2,0.0,31.8,False,True,False,False,True,11,2,False,255.0,255.0,255,SPOKED,SPOKED,0,0.0,0.0,0.0,277.0,880.0,34.9,300,1.0
410.0,73.0,605.0,72.2,160.0,50.0,540.0,73.0,615.0,52.0,40.0,28.6,28.6,23.35,20.5,14.0,15.0,STEEL,35.0,46.0,46.0,330.0,350.0,16.0,18.0,False,False,130.0,2.0,0.9,1.1,0.9,1.2,1.0,0.9,672.0,50.0,672.0,50.0,0,1,False,0,1.0,68.0,45.0,0.0,31.8,False,True,True,True,True,11,2,False,255.0,255.0,255,SPOKED,SPOKED,0,0.0,0.0,0.0,284.0,860.0,34.9,300,1.0
425.0,77.0,625.0,73.7,175.0,49.5,545.0,74.3,625.0,51.0,40.0,28.6,28.6,23.35,20.5,13.0,15.0,STEEL,36.0,44.5,44.5,330.0,350.0,16.0,18.0,False,False,130.0,2.0,0.9,1.1,0.9,1.2,1.0,0.9,672.0,50.0,672.0,50.0,0,1,False,0,1.0,68.0,43.5,0.0,31.8,False,True,False,False,True,11,2,False,255.0,255.0,255,SPOKED,SPOKED,0,0.0,0.0,0.0,279.0,875.0,34.9,300,1.0
410.0,70.0,580.0,73.0,150.0,50.0,520.0,73.0,550.0,50.0,40.0,30.0,36.0,25.0,25.0,15.0,9,STEEL,35.0,35.0,40.0,330.0,350.0,16.0,18,False,False,130.0,2.0,1.0,1.0,1.0,1.0,1.0,1.0,680.0,20.0,680.0,20.0,0,0,False,0,1.0,68.0,40.0,0.0,31.8,False,True,False,False,True,10,2,False,255.0,255.0,255,SPOKED,SPOKED,0,0.0,80.0,80.0,280.0,760.0,34.9,300,1.0
415.0,72.0,585.0,73.5,155.0,52.0,525.0,73.0,555.0,48.0,40.0,30.0,36.0,25.0,25.0,15.0,9,STEEL,36.0,36.0,42.0,330.0,350.0,16.0,18,False,False,132.0,2.0,1.0,1.0,1.0,1.0,1.0,1.0,680.0,20.0,680.0,20.0,0,0,False,0,1.0,68.0,40.0,0.0,31.8,False,True,False,False,True,10,2,False,255.0,255.0,255,SPOKED,SPOKED,0,0.0,80.0,80.0,280.0,760.0,34.9,300,1.0
405.0,68.0,575.0,72.5,145.0,48.0,515.0,72.5,545.0,52.0,40.0,30.0,36.0,25.0,25.0,15.0,9,STEEL,34.0,34.0,38.0,330.0,350.0,16.0,18,False,False,128.0,2.0,1.0,1.0,1.0,1.0,1.0,1.0,680.0,20.0,680.0,20.0,0,0,False,0,1.0,68.0,40.0,0.0,31.8,False,True,False,False,True,10,2,False,255.0,255.0,255,SPOKED,SPOKED,0,0.0,80.0,80.0,280.0,760.0,34.9,300,1.0
420.0,75.0,590.0,74.0,160.0,55.0,530.0,74.0,560.0,47.0,40.0,30.0,36.0,25.0,25.0,15.0,9,STEEL,37.0,37.0,43.0,330.0,350.0,16.0,18,False,False,135.0,2.0,1.0,1.0,1.0,1.0,1.0,1.0,680.0,20.0,680.0,20.0,0,0,False,0,1.0,68.0,40.0,0.0,31.8,False,True,False,False,True,10,2,False,255.0,255.0,255,SPOKED,SPOKED,0,0.0,80.0,80.0,280.0,760.0,34.9,300,1.0
395.0,65.0,570.0,72.0,140.0,45.0,510.0,72.0,540.0,53.0,40.0,30.0,36.0,25.0,25.0,15.0,9,STEEL,33.0,33.0,37.0,330.0,350.0,16.0,18,False,False,127.0,2.0,1.0,1.0,1.0,1.0,1.0,1.0,680.0,20.0,680.0,20.0,0,0,False,0,1.0,68.0,40.0,0.0,31.8,False,True,False,False,True,10,2,False,255.0,255.0,255,SPOKED,SPOKED,0,0.0,80.0,80.0,280.0,760.0,34.9,300,1.0
412.0,70.0,582.0,73.0,152.0,51.0,522.0,73.0,552.0,50.0,40.0,30.0,36.0,25.0,25.0,15.0,9,STEEL,35.0,35.0,41.0,330.0,350.0,16.0,18,False,False,130.0,2.0,1.0,1.0,1.0,1.0,1.0,1.0,680.0,20.0,680.0,20.0,0,0,False,0,1.0,68.0,40.0,0.0,31.8,False,True,False,False,True,10,2,False,255.0,255.0,255,SPOKED,SPOKED,0,0.0,80.0,80.0,280.0,760.0,34.9,300,1.0
408.0,69.0,578.0,72.8,148.0,49.0,518.0,72.8,548.0,51.0,40.0,30.0,36.0,25.0,25.0,15.0,9,STEEL,34.0,34.0,39.0,330.0,350.0,16.0,18,False,False,129.0,2.0,1.0,1.0,1.0,1.0,1.0,1.0,680.0,20.0,680.0,20.0,0,0,False,0,1.0,68.0,40.0,0.0,31.8,False,True,False,False,True,10,2,False,255.0,255.0,255,SPOKED,SPOKED,0,0.0,80.0,80.0,280.0,760.0,34.9,300,1.0
417.0,71.0,585.0,73.2,153.0,53.0,526.0,73.2,556.0,49.0,40.0,30.0,36.0,25.0,25.0,15.0,9,STEEL,36.0,36.0,42.0,330.0,350.0,16.0,18,False,False,133.0,2.0,1.0,1.0,1.0,1.0,1.0,1.0,680.0,20.0,680.0,20.0,0,0,False,0,1.0,68.0,40.0,0.0,31.8,False,True,False,False,True,10,2,False,255.0,255.0,255,SPOKED,SPOKED,0,0.0,80.0,80.0,280.0,760.0,34.9,300,1.0
390.0,66.0,575.0,72.5,142.0,47.0,512.0,72.5,542.0,54.0,40.0,30.0,36.0,25.0,25.0,15.0,9,STEEL,33.0,33.0,38.0,330.0,350.0,16.0,18,False,False,126.0,2.0,1.0,1.0,1.0,1.0,1.0,1.0,680.0,20.0,680.0,20.0,0,0,False,0,1.0,68.0,40.0,0.0,31.8,False,True,False,False,True,10,2,False,255.0,255.0,255,SPOKED,SPOKED,0,0.0,80.0,80.0,280.0,760.0,34.9,300,1.0
425.0,74.0,592.0,73.5,158.0,56.0,532.0,73.5,562.0,46.0,40.0,30.0,36.0,25.0,25.0,15.0,9,STEEL,38.0,38.0,44.0,330.0,350.0,16.0,18,False,False,136.0,2.0,1.0,1.0,1.0,1.0,1.0,1.0,680.0,20.0,680.0,20.0,0,0,False,0,1.0,68.0,40.0,0.0,31.8,False,True,False,False,True,10,2,False,255.0,255.0,255,SPOKED,SPOKED,0,0.0,80.0,80.0,280.0,760.0,34.9,300,1.0
405.0,70.0,600.0,73.0,170.0,45.0,620.0,74.0,650.0,45.0,45.0,28.6,33.6,23.35,30.0,13.0,15.0,STEEL,32.0,50.0,45.0,330.0,350.0,16.0,18.0,False,False,130.0,2.0,0.9,1.1,0.9,1.2,1.0,0.9,700.0,50.0,700.0,50.0,0,0,False,0,1.0,68.0,45.0,0.0,31.8,False,False,False,False,True,10,2,False,255.0,255.0,255.0,SPOKED,SPOKED,0,0.0,0.0,0.0,280.0,780.0,33.6,750.0,1.0
420.0,75.0,620.0,72.5,180.0,50.0,630.0,73.5,660.0,45.0,50.0,28.6,33.6,23.35,30.0,13.0,15.0,STEEL,35.0,55.0,50.0,330.0,350.0,16.0,18.0,False,False,130.0,2.0,0.9,1.1,0.9,1.2,1.0,0.9,700.0,50.0,700.0,50.0,0,0,False,0,1.0,68.0,45.0,0.0,31.8,False,False,False,False,True,10,2,False,255.0,255.0,255.0,SPOKED,SPOKED,0,0.0,0.0,0.0,280.0,780.0,33.6,750.0,1.0
410.0,65.0,630.0,74.0,160.0,48.0,625.0,73.0,655.0,45.0,45.0,28.6,33.6,23.35,30.0,13.0,15.0,STEEL,30.0,52.0,48.0,330.0,350.0,16.0,18.0,False,False,130.0,2.0,0.9,1.1,0.9,1.2,1.0,0.9,700.0,50.0,700.0,50.0,0,0,False,0,1.0,68.0,45.0,0.0,31.8,False,False,False,False,True,10,2,False,255.0,255.0,255.0,SPOKED,SPOKED,0,0.0,0.0,0.0,280.0,780.0,33.6,750.0,1.0
415.0,68.0,610.0,73.5,175.0,46.0,615.0,74.5,645.0,45.0,45.0,28.6,33.6,23.35,30.0,13.0,15.0,STEEL,33.0,53.0,46.0,330.0,350.0,16.0,18.0,False,False,130.0,2.0,0.9,1.1,0.9,1.2,1.0,0.9,700.0,50.0,700.0,50.0,0,0,False,0,1.0,68.0,45.0,0.0,31.8,False,False,False,False,True,10,2,False,255.0,255.0,255.0,SPOKED,SPOKED,0,0.0,0.0,0.0,280.0,780.0,33.6,750.0,1.0
430.0,70.0,640.0,72.0,190.0,52.0,640.0,73.0,670.0,45.0,45.0,28.6,33.6,23.35,30.0,13.0,15.0,STEEL,40.0,60.0,55.0,330.0,350.0,16.0,18.0,False,False,130.0,2.0,0.9,1.1,0.9,1.2,1.0,0.9,700.0,50.0,700.0,50.0,0,0,False,0,1.0,68.0,45.0,0.0,31.8,False,False,False,False,True,10,2,False,255.0,255.0,255.0,SPOKED,SPOKED,0,0.0,0.0,0.0,280.0,780.0,33.6,750.0,1.0
425.0,80.0,650.0,72.8,165.0,47.0,635.0,74.0,675.0,45.0,50.0,28.6,33.6,23.35,30.0,13.0,15.0,STEEL,32.5,57.0,53.0,330.0,350.0,16.0,18.0,False,False,130.0,2.0,0.9,1.1,0.9,1.2,1.0,0.9,700.0,50.0,700.0,50.0,0,0,False,0,1.0,68.0,45.0,0.0,31.8,False,False,False,False,True,10,2,False,255.0,255.0,255.0,SPOKED,SPOKED,0,0.0,0.0,0.0,280.0,780.0,33.6,750.0,1.0
408.0,72.0,625.0,73.2,158.0,49.0,628.0,73.8,652.0,45.0,45.0,28.6,33.6,23.35,30.0,13.0,15.0,STEEL,31.0,54.0,47.0,330.0,350.0,16.0,18.0,False,False,130.0,2.0,0.9,1.1,0.9,1.2,1.0,0.9,700.0,50.0,700.0,50.0,0,0,False,0,1.0,68.0,45.0,0.0,31.8,False,False,False,False,True,10,2,False,255.0,255.0,255.0,SPOKED,SPOKED,0,0.0,0.0,0.0,280.0,780.0,33.6,750.0,1.0
412.0,66.0,615.0,74.5,172.0,51.0,618.0,74.2,648.0,45.0,45.0,28.6,33.6,23.35,30.0,13.0,15.0,STEEL,34.0,56.0,49.0,330.0,350.0,16.0,18.0,False,False,130.0,2.0,0.9,1.1,0.9,1.2,1.0,0.9,700.0,50.0,700.0,50.0,0,0,False,0,1.0,68.0,45.0,0.0,31.8,False,False,False,False,True,10,2,False,255.0,255.0,255.0,SPOKED,SPOKED,0,0.0,0.0,0.0,280.0,780.0,33.6,750.0,1.0
418.0,78.0,655.0,72.2,185.0,53.0,645.0,73.2,668.0,45.0,45.0,28.6,33.6,23.35,30.0,13.0,15.0,STEEL,38.0,59.0,52.0,330.0,350.0,16.0,18.0,False,False,130.0,2.0,0.9,1.1,0.9,1.2,1.0,0.9,700.0,50.0,700.0,50.0,0,0,False,0,1.0,68.0,45.0,0.0,31.8,False,False,False,False,True,10,2,False,255.0,255.0,255.0,SPOKED,SPOKED,0,0.0,0.0,0.0,280.0,780.0,33.6,750.0,1.0
422.0,69.0,605.0,73.7,168.0,44.0,605.0,74.7,642.0,45.0,45.0,28.6,33.6,23.35,30.0,13.0,15.0,STEEL,33.5,51.0,44.0,330.0,350.0,16.0,18.0,False,False,130.0,2.0,0.9,1.1,0.9,1.2,1.0,0.9,700.0,50.0,700.0,50.0,0,0,False,0,1.0,68.0,45.0,0.0,31.8,False,False,False,False,True,10,2,False,255.0,255.0,255.0,SPOKED,SPOKED,0,0.0,0.0,0.0,280.0,780.0,33.6,750.0,1.0
415.0,72.0,605.0,73.0,180.0,50.0,580.0,73.0,660.0,50.0,45.0,28.6,28.6,36.5,23.35,16.0,9.0,STEEL,36.0,40.0,50.4,330.0,350.0,16.0,18.0,False,False,130.0,2.0,0.9,1.1,0.9,1.2,1.0,0.9,680.0,121.0,680.0,121.0,0,0,False,0,1.0,68.0,45.0,0.0,31.8,False,False,False,False,True,11,2,False,255.0,255.0,255,SPOKED,SPOKED,0,0.0,0.0,0.0,278.0,760.0,34.9,300.0,1.0
405.0,68.0,590.0,72.5,170.0,52.0,575.0,73.5,655.0,52.0,50.0,28.6,28.6,36.5,23.35,16.0,9.0,STEEL,34.0,40.0,47.6,330.0,350.0,16.0,18.0,False,False,130.0,2.0,0.9,1.1,0.9,1.2,1.0,0.9,680.0,121.0,680.0,121.0,0,0,False,0,1.0,68.0,45.0,0.0,31.8,False,False,False,False,True,11,2,False,255.0,255.0,255,SPOKED,SPOKED,0,0.0,0.0,0.0,278.0,760.0,34.9,300.0,1.0
425.0,75.0,620.0,73.5,190.0,48.0,590.0,72.0,665.0,48.0,45.0,28.6,28.6,36.5,23.35,16.0,9.0,STEEL,38.0,40.0,53.2,330.0,350.0,16.0,18.0,False,False,130.0,2.0,0.9,1.1,0.9,1.2,1.0,0.9,680.0,121.0,680.0,121.0,0,0,False,0,1.0,68.0,45.0,0.0,31.8,False,False,False,False,True,11,2,False,255.0,255.0,255,SPOKED,SPOKED,0,0.0,0.0,0.0,278.0,760.0,34.9,300.0,1.0
395.0,70.0,600.0,74.0,160.0,55.0,570.0,73.0,650.0,51.0,50.0,28.6,28.6,36.5,23.35,16.0,9.0,STEEL,32.0,40.0,44.8,330.0,350.0,16.0,18.0,False,False,130.0,2.0,0.9,1.1,0.9,1.2,1.0,0.9,680.0,121.0,680.0,121.0,0,0,False,0,1.0,68.0,45.0,0.0,31.8,False,False,False,False,True,11,2,False,255.0,255.0,255,SPOKED,SPOKED,0,0.0,0.0,0.0,278.0,760.0,34.9,300.0,1.0
435.0,68.0,615.0,72.0,175.0,50.0,585.0,73.2,660.0,49.0,45.0,28.6,28.6,36.5,23.35,16.0,9.0,STEEL,35.0,40.0,49.0,330.0,350.0,16.0,18.0,False,False,130.0,2.0,0.9,1.1,0.9,1.2,1.0,0.9,680.0,121.0,680.0,121.0,0,0,False,0,1.0,68.0,45.0,0.0,31.8,False,False,False,False,True,11,2,False,255.0,255.0,255,SPOKED,SPOKED,0,0.0,0.0,0.0,278.0,760.0,34.9,300.0,1.0
400.0,72.0,595.0,73.0,165.0,53.0,578.0,73.8,658.0,50.0,46.0,28.6,28.6,36.5,23.35,16.0,9.0,STEEL,33.0,40.0,46.2,330.0,350.0,16.0,18.0,False,False,130.0,2.0,0.9,1.1,0.9,1.2,1.0,0.9,680.0,121.0,680.0,121.0,0,0,False,0,1.0,68.0,45.0,0.0,31.8,False,False,False,False,True,11,2,False,255.0,255.0,255,SPOKED,SPOKED,0,0.0,0.0,0.0,278.0,760.0,34.9,300.0,1.0
420.0,70.0,610.0,73.2,182.0,51.0,582.0,72.8,662.0,52.0,47.0,28.6,28.6,36.5,23.35,16.0,9.0,STEEL,36.4,40.0,51.0,330.0,350.0,16.0,18.0,False,False,130.0,2.0,0.9,1.1,0.9,1.2,1.0,0.9,680.0,121.0,680.0,121.0,0,0,False,0,1.0,68.0,45.0,0.0,31.8,False,False,False,False,True,11,2,False,255.0,255.0,255,SPOKED,SPOKED,0,0.0,0.0,0.0,278.0,760.0,34.9,300.0,1.0
410.0,69.0,605.0,74.0,168.0,54.0,577.0,73.4,657.0,50.0,48.0,28.6,28.6,36.5,23.35,16.0,9.0,STEEL,33.6,40.0,47.0,330.0,350.0,16.0,18.0,False,False,130.0,2.0,0.9,1.1,0.9,1.2,1.0,0.9,680.0,121.0,680.0,121.0,0,0,False,0,1.0,68.0,45.0,0.0,31.8,False,False,False,False,True,11,2,False,255.0,255.0,255,SPOKED,SPOKED,0,0.0,0.0,0.0,278.0,760.0,34.9,300.0,1.0
430.0,73.0,618.0,73.0,185.0,49.0,588.0,73.6,664.0,49.0,45.0,28.6,28.6,36.5,23.35,16.0,9.0,STEEL,37.0,40.0,51.8,330.0,350.0,16.0,18.0,False,False,130.0,2.0,0.9,1.1,0.9,1.2,1.0,0.9,680.0,121.0,680.0,121.0,0,0,False,0,1.0,68.0,45.0,0.0,31.8,False,False,False,False,True,11,2,False,255.0,255.0,255,SPOKED,SPOKED,0,0.0,0.0,0.0,278.0,760.0,34.9,300.0,1.0
395.0,71.0,600.0,73.5,172.0,52.0,575.0,72.5,656.0,51.0,50.0,28.6,28.6,36.5,23.35,16.0,9.0,STEEL,34.4,40.0,48.2,330.0,350.0,16.0,18.0,False,False,130.0,2.0,0.9,1.1,0.9,1.2,1.0,0.9,680.0,121.0,680.0,121.0,0,0,False,0,1.0,68.0,45.0,0.0,31.8,False,False,False,False,True,11,2,False,255.0,255.0,255,SPOKED,SPOKED,0,0.0,0.0,0.0,278.0,760.0,34.9,300.0,1.0
480.0,70.0,650.0,72.0,170.0,40.0,570.0,73.0,660.0,50.0,47.0,30.0,34.0,25.0,15.0,15.0,16,STEEL,30.0,45.0,45.0,330.0,350.0,16.0,18,False,False,130.0,2.0,0.9,1.1,0.9,1.2,1.0,0.9,700.0,54.0,700.0,54.0,0,2,False,0,1.0,68.0,45.0,0.0,31.8,False,False,False,False,True,10,2,False,255.0,255.0,255,SPOKED,SPOKED,0,0.0,0.0,0.0,280.0,720.0,34.0,300,1.0
470.0,68.0,660.0,73.0,160.0,38.0,565.0,74.0,655.0,48.0,45.0,29.0,35.0,24.0,14.0,15.0,17,STEEL,32.0,44.0,46.0,330.0,350.0,16.0,18,False,False,130.0,2.0,0.9,1.1,0.9,1.2,1.0,0.9,700.0,54.0,700.0,54.0,0,1,False,0,1.0,68.0,45.0,0.0,31.8,False,False,False,False,True,10,2,False,255.0,255.0,255,SPOKED,SPOKED,0,0.0,1.0,1.0,285.0,730.0,34.0,300,1.0
460.0,72.0,640.0,71.5,150.0,42.0,575.0,73.5,650.0,52.0,50.0,31.0,33.5,26.0,16.0,15.0,15,STEEL,28.0,46.0,44.0,330.0,350.0,16.0,18,False,False,130.0,2.0,0.9,1.1,0.9,1.2,1.0,0.9,700.0,54.0,700.0,54.0,0,0,False,0,1.0,68.0,45.0,0.0,31.8,False,False,False,False,True,10,2,False,255.0,255.0,255,SPOKED,SPOKED,0,0.0,0.0,0.0,275.0,715.0,34.0,300,1.0
455.0,69.0,655.0,72.5,165.0,39.0,560.0,72.0,665.0,49.0,48.0,32.0,34.5,25.5,15.5,15.0,18,STEEL,35.0,42.0,47.0,330.0,350.0,16.0,18,False,False,130.0,2.0,0.9,1.1,0.9,1.2,1.0,0.9,700.0,54.0,700.0,54.0,0,1,False,0,1.0,68.0,45.0,0.0,31.8,False,False,False,False,True,10,2,False,255.0,255.0,255,SPOKED,SPOKED,0,0.0,2.0,2.0,290.0,740.0,34.0,300,1.0
475.0,71.0,670.0,73.0,180.0,37.0,580.0,74.0,670.0,51.0,46.0,33.0,36.0,27.0,17.0,15.0,17,STEEL,40.0,50.0,43.0,330.0,350.0,16.0,18,False,False,130.0,2.0,0.9,1.1,0.9,1.2,1.0,0.9,700.0,54.0,700.0,54.0,0,2,False,0,1.0,68.0,45.0,0.0,31.8,False,False,False,False,True,10,2,False,255.0,255.0,255,SPOKED,SPOKED,0,0.0,0.0,0.0,300.0,750.0,34.0,300,1.0
485.0,67.0,660.0,72.0,175.0,41.0,590.0,73.0,660.0,50.0,48.0,29.0,35.0,24.0,14.0,15.0,16,STEEL,33.0,45.0,45.0,330.0,350.0,16.0,18,False,False,130.0,2.0,0.9,1.1,0.9,1.2,1.0,0.9,680.0,52.0,680.0,52.0,0,0,False,0,1.0,68.0,45.0,0.0,31.8,False,False,False,False,True,10,2,False,255.0,255.0,255,SPOKED,SPOKED,0,0.0,1.0,1.0,285.0,725.0,34.0,300,1.0
495.0,65.0,645.0,71.0,140.0,44.0,555.0,74.0,645.0,53.0,45.0,28.0,34.0,23.0,13.0,15.0,15,STEEL,30.0,40.0,42.0,330.0,350.0,16.0,18,False,False,130.0,2.0,0.9,1.1,0.9,1.2,1.0,0.9,680.0,52.0,680.0,52.0,0,1,False,0,1.0,68.0,45.0,0.0,31.8,False,False,False,False,True,10,2,False,255.0,255.0,255,SPOKED,SPOKED,0,0.0,2.0,2.0,270.0,710.0,34.0,300,1.0
490.0,68.0,650.0,72.5,155.0,43.0,565.0,72.5,655.0,49.0,47.0,30.0,35.0,24.0,16.0,15.0,18,STEEL,37.0,48.0,46.0,330.0,350.0,16.0,18,False,False,130.0,2.0,0.9,1.1,0.9,1.2,1.0,0.9,680.0,52.0,680.0,52.0,0,2,False,0,1.0,68.0,45.0,0.0,31.8,False,False,False,False,True,10,2,False,255.0,255.0,255,SPOKED,SPOKED,0,0.0,0.0,0.0,280.0,720.0,34.0,300,1.0
465.0,70.0,675.0,73.0,190.0,36.0,600.0,74.0,680.0,50.0,50.0,34.0,36.0,28.0,18.0,15.0,17,STEEL,42.0,52.0,48.0,330.0,350.0,16.0,18,False,False,130.0,2.0,0.9,1.1,0.9,1.2,1.0,0.9,680.0,52.0,680.0,52.0,0,0,False,0,1.0,68.0,45.0,0.0,31.8,False,False,False,False,True,10,2,False,255.0,255.0,255,SPOKED,SPOKED,0,0.0,1.0,1.0,295.0,760.0,34.0,300,1.0
450.0,72.0,660.0,71.5,160.0,40.0,575.0,73.0,670.0,52.0,49.0,32.0,35.0,26.0,17.0,15.0,16,STEEL,35.0,45.0,44.0,330.0,350.0,16.0,18,False,False,130.0,2.0,0.9,1.1,0.9,1.2,1.0,0.9,680.0,52.0,680.0,52.0,0,1,False,0,1.0,68.0,45.0,0.0,31.8,False,False,False,False,True,10,2,False,255.0,255.0,255,SPOKED,SPOKED,0,0.0,0.0,0.0,285.0,730.0,34.0,300,1.0
410.0,70.0,600.0,73.0,150.0,45.0,540.0,71.0,650.0,50.0,45.0,28.6,36.5,23.35,13.0,15.0,9.0,STEEL,30.0,40.0,45.0,0.0,0.0,0.0,0.0,False,False,130.0,2.0,0.9,1.1,0.9,1.2,1.0,0.9,700.0,20.0,700.0,20.0,0,0,False,0,1.0,68.0,45.0,0.0,31.8,False,False,False,False,True,11,2,False,255.0,255.0,255,SPOKED,SPOKED,0,0.0,0.0,0.0,278.0,760.0,34.9,300.0,1.0
410.0,70.0,610.0,72.5,160.0,45.0,540.0,72.0,655.0,50.0,45.0,28.6,36.5,23.35,13.0,15.0,9.0,STEEL,32.0,42.0,47.0,0.0,0.0,0.0,0.0,False,False,130.0,2.0,0.9,1.1,0.9,1.2,1.0,0.9,700.0,20.0,700.0,20.0,0,0,False,0,1.0,68.0,45.0,0.0,31.8,False,False,False,False,True,11,2,False,255.0,255.0,255,SPOKED,SPOKED,0,0.0,0.0,0.0,278.0,760.0,34.9,300.0,1.0
408.0,70.0,590.0,74.0,150.0,45.0,550.0,71.0,650.0,50.0,45.0,28.6,36.5,23.35,13.0,15.0,9.0,STEEL,30.0,40.0,45.0,0.0,0.0,0.0,0.0,False,False,130.0,2.0,0.9,1.1,0.9,1.2,1.0,0.9,700.0,20.0,700.0,20.0,0,0,False,0,1.0,68.0,45.0,0.0,31.8,False,False,False,False,True,11,2,False,255.0,255.0,255,SPOKED,SPOKED,0,0.0,0.0,0.0,278.0,760.0,34.9,300.0,1.0
420.0,70.0,600.0,73.0,150.0,45.0,540.0,70.0,650.0,50.0,45.0,28.6,36.5,23.35,13.0,15.0,9.0,STEEL,30.0,40.0,45.0,0.0,0.0,0.0,0.0,False,False,130.0,2.0,0.9,1.1,0.9,1.2,1.0,0.9,700.0,20.0,700.0,20.0,0,1,False,0,2.0,68.0,45.0,0.0,31.8,False,False,False,False,True,11,2,False,255.0,255.0,255,SPOKED,SPOKED,0,0.0,0.0,0.0,278.0,760.0,34.9,300.0,1.0
410.0,70.0,600.0,73.0,150.0,45.0,540.0,71.0,650.0,50.0,45.0,28.6,36.5,23.35,13.0,15.0,9.0,STEEL,30.0,40.0,45.0,0.0,0.0,0.0,0.0,False,False,130.0,2.0,0.9,1.1,0.9,1.2,1.0,0.9,680.0,18.0,680.0,18.0,0,0,False,0,1.0,68.0,45.0,0.0,31.8,False,False,False,False,True,11,2,False,255.0,255.0,255,SPOKED,SPOKED,0,0.0,0.0,0.0,278.0,760.0,34.9,300.0,1.0
410.0,70.0,600.0,73.0,150.0,45.0,540.0,71.0,650.0,50.0,45.0,28.6,36.5,23.35,13.0,15.0,9.0,STEEL,30.0,40.0,45.0,0.0,0.0,0.0,0.0,False,False,130.0,2.0,0.9,1.1,0.9,1.2,1.0,0.9,700.0,20.0,700.0,20.0,0,0,False,0,1.0,68.0,45.0,0.0,31.8,False,True,False,False,True,11,2,False,255.0,255.0,255,SPOKED,SPOKED,0,0.0,0.0,0.0,278.0,760.0,34.9,300.0,1.0
410.0,70.0,600.0,73.0,150.0,45.0,540.0,71.0,650.0,50.0,45.0,28.6,36.5,23.35,13.0,15.0,9.0,STEEL,30.0,40.0,45.0,0.0,0.0,0.0,0.0,False,False,130.0,2.0,0.9,1.1,0.9,1.2,1.0,0.9,700.0,20.0,700.0,20.0,0,0,False,0,1.0,68.0,45.0,0.0,31.8,False,False,False,False,True,11,2,True,255.0,255.0,255,SPOKED,SPOKED,0,0.0,0.0,0.0,278.0,760.0,34.9,300.0,1.0
410.0,70.0,600.0,73.0,150.0,45.0,540.0,71.0,650.0,50.0,45.0,28.6,36.5,23.35,13.0,15.0,9.0,STEEL,30.0,40.0,45.0,0.0,0.0,0.0,0.0,False,False,130.0,2.0,0.9,1.1,0.9,1.2,1.0,0.9,700.0,20.0,700.0,20.0,0,0,False,0,1.0,68.0,45.0,0.0,31.8,False,False,True,True,True,11,2,False,255.0,255.0,255,SPOKED,SPOKED,0,0.0,0.0,0.0,278.0,760.0,34.9,300.0,1.0
410.0,75.0,600.0,73.0,150.0,45.0,540.0,71.0,650.0,50.0,45.0,28.6,36.5,23.35,13.0,15.0,9.0,STEEL,30.0,42.0,45.0,0.0,0.0,0.0,0.0,False,False,130.0,2.0,0.9,1.1,0.9,1.2,1.0,0.9,700.0,20.0,700.0,20.0,0,0,False,0,1.0,68.0,45.0,0.0,31.8,False,False,False,False,True,11,2,False,255.0,255.0,255,SPOKED,SPOKED,0,0.0,0.0,0.0,278.0,760.0,34.9,300.0,1.0
410.0,70.0,600.0,73.0,150.0,45.0,540.0,71.0,650.0,50.0,45.0,28.6,36.5,23.35,13.0,15.0,9.0,STEEL,30.0,40.0,45.0,0.0,0.0,0.0,0.0,False,False,130.0,2.0,0.9,1.1,0.9,1.2,1.0,1.1,700.0,20.0,700.0,20.0,0,0,False,0,1.0,68.0,45.0,0.0,31.8,False,False,False,False,True,11,2,False,255.0,255.0,255,SPOKED,SPOKED,0,0.0,0.0,0.0,278.0,760.0,34.9,300.0,1.0
420.0,70.0,610.0,73.0,160.0,45.0,590.0,73.0,630.0,50.0,40.0,30.0,30.0,23.35,23.35,13.0,15,STEEL,33.0,40.0,48.0,330.0,350.0,16.0,18,False,False,130.0,2.0,1.0,1.0,1.0,1.2,1.0,1.0,674.0,52.0,674.0,52.0,0,0,False,0,1.0,68.0,45.0,0.0,31.8,False,False,False,False,True,11,2,False,255.0,255.0,255,SPOKED,SPOKED,0,0.0,0.0,0.0,280.0,820.0,34.9,350,1.0
430.0,68.0,600.0,74.0,150.0,45.0,580.0,73.0,640.0,52.0,40.0,30.0,30.0,23.35,23.35,13.0,15,STEEL,31.0,38.0,50.0,330.0,350.0,16.0,18,False,False,130.0,2.0,1.1,1.0,1.0,1.2,1.0,1.0,674.0,52.0,674.0,52.0,0,0,False,0,1.0,68.0,50.0,0.0,31.8,False,False,False,False,True,11,2,False,255.0,255.0,255,SPOKED,SPOKED,0,0.0,0.0,0.0,290.0,810.0,34.9,340,1.0
410.0,72.0,620.0,72.0,170.0,45.0,600.0,74.0,620.0,48.0,40.0,28.0,32.0,23.35,23.35,13.0,15,STEEL,35.0,44.0,46.0,330.0,350.0,16.0,18,False,False,130.0,2.0,1.0,1.0,1.0,1.2,1.0,1.0,674.0,52.0,674.0,52.0,0,0,False,0,1.0,68.0,43.0,0.0,31.8,False,False,False,False,True,11,2,False,255.0,255.0,255,SPOKED,SPOKED,0,0.0,0.0,0.0,300.0,830.0,34.9,360,1.0
425.0,69.0,615.0,73.5,155.0,45.0,595.0,73.5,635.0,49.0,40.0,32.0,28.0,23.35,23.35,13.0,15,STEEL,32.0,42.0,47.0,330.0,350.0,16.0,18,False,False,130.0,2.0,1.0,1.0,1.0,1.2,1.0,1.0,674.0,52.0,674.0,52.0,0,0,False,0,1.0,68.0,42.0,0.0,31.8,False,False,False,False,True,11,2,False,255.0,255.0,255,SPOKED,SPOKED,0,0.0,0.0,0.0,285.0,800.0,34.9,340,1.0
440.0,70.0,605.0,73.0,165.0,45.0,605.0,73.0,625.0,51.0,40.0,30.0,30.0,23.35,23.35,13.0,15,STEEL,34.0,46.0,49.0,330.0,350.0,16.0,18,False,False,130.0,2.0,1.0,1.0,1.0,1.2,1.0,1.0,674.0,52.0,674.0,52.0,0,0,False,0,1.0,68.0,48.0,0.0,31.8,False,False,False,False,True,11,2,False,255.0,255.0,255,SPOKED,SPOKED,0,0.0,0.0,0.0,278.0,805.0,34.9,345,1.0
415.0,73.0,630.0,72.5,140.0,45.0,575.0,72.5,645.0,50.0,40.0,29.0,31.0,23.35,23.35,13.0,15,STEEL,31.0,36.0,45.0,330.0,350.0,16.0,18,False,False,130.0,2.0,1.0,1.0,1.0,1.2,1.0,1.0,674.0,52.0,674.0,52.0,0,0,False,0,1.0,68.0,44.0,0.0,31.8,False,False,False,False,True,11,2,False,255.0,255.0,255,SPOKED,SPOKED,0,0.0,0.0,0.0,295.0,825.0,34.9,365,1.0
435.0,71.0,600.0,74.0,180.0,45.0,615.0,74.0,610.0,53.0,40.0,31.0,29.0,23.35,23.35,13.0,15,STEEL,36.0,48.0,52.0,330.0,350.0,16.0,18,False,False,130.0,2.0,1.0,1.0,1.0,1.2,1.0,1.0,674.0,52.0,674.0,52.0,0,0,False,0,1.0,68.0,46.0,0.0,31.8,False,False,False,False,True,11,2,False,255.0,255.0,255,SPOKED,SPOKED,0,0.0,0.0,0.0,290.0,815.0,34.9,355,1.0
405.0,69.0,595.0,73.0,160.0,45.0,590.0,73.0,630.0,50.0,40.0,33.0,33.0,23.35,23.35,13.0,15,STEEL,33.0,40.0,48.0,330.0,350.0,16.0,18,False,False,130.0,2.0,1.0,1.0,1.0,1.2,1.0,1.0,674.0,52.0,674.0,52.0,0,0,False,0,1.0,68.0,47.0,0.0,31.8,False,False,False,False,True,11,2,False,255.0,255.0,255,SPOKED,SPOKED,0,0.0,0.0,0.0,300.0,795.0,34.9,335,1.0
420.0,72.0,620.0,72.5,150.0,45.0,600.0,72.5,640.0,48.0,40.0,32.0,32.0,23.35,23.35,13.0,15,STEEL,32.0,44.0,51.0,330.0,350.0,16.0,18,False,False,130.0,2.0,1.0,1.0,1.0,1.2,1.0,1.0,674.0,52.0,674.0,52.0,0,0,False,0,1.0,68.0,49.0,0.0,31.8,False,False,False,False,True,11,2,False,255.0,255.0,255,SPOKED,SPOKED,0,0.0,0.0,0.0,278.0,820.0,34.9,360,1.0
430.0,70.0,610.0,73.0,170.0,45.0,600.0,73.0,635.0,52.0,40.0,30.5,30.5,23.35,23.35,13.0,15,STEEL,34.0,42.0,50.0,330.0,350.0,16.0,18,False,False,130.0,2.0,1.0,1.0,1.0,1.2,1.0,1.0,674.0,52.0,674.0,52.0,0,0,False,0,1.0,68.0,45.0,0.0,31.8,False,False,False,False,True,11,2,False,255.0,255.0,255,SPOKED,SPOKED,0,0.0,0.0,0.0,285.0,810.0,34.9,350,1.0
415.0,70.0,620.0,73.5,170.0,40.0,580.0,74.0,655.0,45.0,45.0,34.0,36.5,23.5,23.5,13.0,15.0,STEEL,30.0,40.0,45.0,330.0,350.0,16.0,18.0,False,False,130.0,2.0,0.9,1.1,0.9,1.2,1.0,0.9,680.0,121.0,680.0,121.0,0,0,False,0,1.0,68.0,45.0,692.0,31.8,False,False,False,False,True,11,2,False,255.0,255.0,255,SPOKED,SPOKED,0,0.0,80.0,80.0,278.0,760.0,34.9,300,1.0
420.0,68.0,615.0,73.0,165.0,42.0,575.0,73.5,650.0,45.0,45.0,34.0,36.5,23.5,23.5,13.0,15.0,STEEL,30.0,40.0,45.0,330.0,350.0,16.0,18.0,False,False,130.0,2.0,0.9,1.1,0.9,1.2,1.0,0.9,680.0,121.0,680.0,121.0,0,1,False,0,1.0,68.0,45.0,692.0,31.8,False,False,False,False,True,11,2,False,255.0,255.0,255,SPOKED,SPOKED,0,0.0,80.0,80.0,278.0,760.0,34.9,300,1.0
430.0,66.0,610.0,72.5,160.0,45.0,570.0,73.0,645.0,45.0,45.0,34.0,36.5,23.5,23.5,13.0,15.0,STEEL,30.0,40.0,45.0,330.0,350.0,16.0,18.0,False,False,130.0,2.0,0.9,1.1,0.9,1.2,1.0,0.9,680.0,121.0,680.0,121.0,0,2,False,0,3.0,68.0,45.0,692.0,31.8,False,False,False,False,True,11,2,False,255.0,255.0,255,SPOKED,SPOKED,0,0.0,80.0,80.0,278.0,760.0,34.9,300,1.0
440.0,64.0,630.0,74.0,180.0,38.0,590.0,74.5,660.0,45.0,45.0,34.0,36.5,23.5,23.5,13.0,15.0,STEEL,30.0,40.0,45.0,330.0,350.0,16.0,18.0,False,False,130.0,2.0,0.9,1.1,0.9,1.2,1.0,0.9,680.0,121.0,680.0,121.0,0,0,False,0,1.0,68.0,45.0,692.0,31.8,False,False,False,False,True,11,2,False,255.0,255.0,255,SPOKED,SPOKED,0,0.0,80.0,80.0,278.0,760.0,34.9,300,1.0
435.0,65.0,625.0,73.8,175.0,41.0,585.0,74.0,658.0,45.0,45.0,34.0,36.5,23.5,23.5,13.0,15.0,STEEL,30.0,40.0,45.0,330.0,350.0,16.0,18.0,False,False,130.0,2.0,0.9,1.1,0.9,1.2,1.0,0.9,680.0,121.0,680.0,121.0,0,1,False,0,1.0,68.0,45.0,692.0,31.8,False,False,False,False,True,11,2,False,255.0,255.0,255,SPOKED,SPOKED,0,0.0,80.0,80.0,278.0,760.0,34.9,300,1.0
425.0,67.0,618.0,73.2,168.0,43.0,578.0,73.7,652.0,45.0,45.0,34.0,36.5,23.5,23.5,13.0,15.0,STEEL,30.0,40.0,45.0,330.0,350.0,16.0,18.0,False,False,130.0,2.0,0.9,1.1,0.9,1.2,1.0,0.9,680.0,121.0,680.0,121.0,0,2,False,0,1.0,68.0,45.0,692.0,31.8,False,False,False,False,True,11,2,False,255.0,255.0,255,SPOKED,SPOKED,0,0.0,80.0,80.0,278.0,760.0,34.9,300,1.0
405.0,72.0,605.0,72.0,155.0,46.0,565.0,73.0,640.0,45.0,45.0,34.0,36.5,23.5,23.5,13.0,15.0,STEEL,30.0,40.0,45.0,330.0,350.0,16.0,18.0,False,False,130.0,2.0,0.9,1.1,0.9,1.2,1.0,0.9,680.0,121.0,680.0,121.0,0,0,False,0,1.0,68.0,45.0,692.0,31.8,False,False,False,False,True,11,2,False,255.0,255.0,255,SPOKED,SPOKED,0,0.0,80.0,80.0,278.0,760.0,34.9,300,1.0
445.0,63.0,635.0,74.2,185.0,39.0,595.0,74.8,663.0,45.0,45.0,34.0,36.5,23.5,23.5,13.0,15.0,STEEL,30.0,40.0,45.0,330.0,350.0,16.0,18.0,False,False,130.0,2.0,0.9,1.1,0.9,1.2,1.0,0.9,680.0,121.0,680.0,121.0,0,1,False,0,3.0,68.0,45.0,692.0,31.8,False,False,False,False,True,11,2,False,255.0,255.0,255,SPOKED,SPOKED,0,0.0,80.0,80.0,278.0,760.0,34.9,300,1.0
450.0,62.0,640.0,74.5,190.0,37.0,600.0,75.0,665.0,45.0,45.0,34.0,36.5,23.5,23.5,13.0,15.0,STEEL,30.0,40.0,45.0,330.0,350.0,16.0,18.0,False,False,130.0,2.0,0.9,1.1,0.9,1.2,1.0,0.9,680.0,121.0,680.0,121.0,0,2,False,0,1.0,68.0,45.0,692.0,31.8,False,False,False,False,True,11,2,False,255.0,255.0,255,SPOKED,SPOKED,0,0.0,80.0,80.0,278.0,760.0,34.9,300,1.0
435.0,68.0,610.0,72.8,162.0,44.0,575.0,73.4,648.0,45.0,45.0,34.0,36.5,23.5,23.5,13.0,15.0,STEEL,30.0,40.0,45.0,330.0,350.0,16.0,18.0,False,False,130.0,2.0,0.9,1.1,0.9,1.2,1.0,0.9,680.0,121.0,680.0,121.0,0,0,False,0,1.0,68.0,45.0,692.0,31.8,False,False,False,False,True,11,2,False,255.0,255.0,255,SPOKED,SPOKED,0,0.0,80.0,80.0,278.0,760.0,34.9,300,1.0
410.0,70.0,600.0,73.0,180.0,50.0,550.0,73.5,660.0,50.0,40.0,28.6,36.5,23.35,23.35,15.0,15,STEEL,33.0,32.0,48.0,0.0,0.0,0.0,0,False,False,130.0,2.0,0.9,1.1,0.9,1.2,1.0,0.9,680.0,52.0,680.0,52.0,0,2,False,0,1.0,68.0,45.0,31.8,31.8,False,True,False,False,True,9,2,False,255.0,255.0,255,SPOKED,SPOKED,1,1.0,80.0,80.0,278.0,770.0,34.9,300,1.0
415.0,75.0,620.0,72.5,175.0,50.0,550.0,73.8,665.0,50.0,40.0,28.6,36.5,23.35,23.35,15.0,15,STEEL,34.0,32.0,49.0,0.0,0.0,0.0,0,False,False,130.0,2.0,0.9,1.1,0.9,1.2,1.0,0.9,680.0,50.0,680.0,50.0,0,2,False,0,1.0,68.0,45.0,31.8,31.8,False,True,False,False,True,10,2,False,255.0,255.0,255,SPOKED,SPOKED,1,1.0,80.0,80.0,278.0,760.0,34.9,310,1.0
405.0,68.0,585.0,73.2,185.0,52.0,545.0,74.0,655.0,50.0,40.0,28.6,36.5,23.35,23.35,15.0,15,STEEL,33.0,35.0,46.0,0.0,0.0,0.0,0,False,False,130.0,2.0,0.9,1.1,0.9,1.2,1.0,0.9,680.0,52.0,680.0,52.0,0,2,False,0,1.0,68.0,45.0,31.8,31.8,False,True,False,False,True,8,1,False,255.0,255.0,255,SPOKED,SPOKED,1,1.0,80.0,80.0,278.0,780.0,34.9,290,1.0
420.0,70.0,595.0,73.7,160.0,47.0,560.0,73.0,680.0,50.0,40.0,28.6,36.5,23.35,23.35,15.0,15,STEEL,31.0,34.0,50.0,0.0,0.0,0.0,0,False,False,130.0,2.0,0.9,1.1,0.9,1.2,1.0,0.9,680.0,50.0,680.0,50.0,0,2,False,0,1.0,68.0,45.0,31.8,31.8,False,True,False,False,True,11,2,False,255.0,255.0,255,SPOKED,SPOKED,1,1.0,80.0,80.0,278.0,765.0,34.9,305,1.0
408.0,69.0,605.0,72.8,162.0,49.0,548.0,73.5,658.0,50.0,40.0,28.6,36.5,23.35,23.35,15.0,15,STEEL,30.0,30.0,48.0,0.0,0.0,0.0,0,False,False,130.0,2.0,0.9,1.1,0.9,1.2,1.0,0.9,680.0,53.0,680.0,53.0,0,2,False,0,1.0,68.0,45.0,31.8,31.8,False,True,False,False,True,9,1,False,255.0,255.0,255,SPOKED,SPOKED,1,1.0,80.0,80.0,278.0,775.0,34.9,295,1.0
412.0,71.0,615.0,73.1,178.0,53.0,543.0,73.9,668.0,50.0,40.0,28.6,36.5,23.35,23.35,15.0,15,STEEL,35.0,32.0,47.0,0.0,0.0,0.0,0,False,False,130.0,2.0,0.9,1.1,0.9,1.2,1.0,0.9,680.0,51.0,680.0,51.0,0,2,False,0,1.0,68.0,45.0,31.8,31.8,False,True,False,False,True,10,2,False,255.0,255.0,255,SPOKED,SPOKED,1,1.0,80.0,80.0,278.0,755.0,34.9,315,1.0
418.0,74.0,625.0,72.7,187.0,51.0,550.0,74.2,675.0,50.0,40.0,28.6,36.5,23.35,23.35,15.0,15,STEEL,34.0,33.0,49.0,0.0,0.0,0.0,0,False,False,130.0,2.0,0.9,1.1,0.9,1.2,1.0,0.9,680.0,52.0,680.0,52.0,0,2,False,0,1.0,68.0,45.0,31.8,31.8,False,True,False,False,True,9,2,False,255.0,255.0,255,SPOKED,SPOKED,1,1.0,80.0,80.0,278.0,780.0,34.9,305,1.0
409.0,70.0,590.0,73.4,168.0,46.0,555.0,73.6,660.0,50.0,40.0,28.6,36.5,23.35,23.35,15.0,15,STEEL,32.0,34.0,47.0,0.0,0.0,0.0,0,False,False,130.0,2.0,0.9,1.1,0.9,1.2,1.0,0.9,680.0,50.0,680.0,50.0,0,2,False,0,1.0,68.0,45.0,31.8,31.8,False,True,False,False,True,8,1,False,255.0,255.0,255,SPOKED,SPOKED,1,1.0,80.0,80.0,278.0,770.0,34.9,300,1.0
422.0,72.0,618.0,73.3,172.0,54.0,540.0,73.7,672.0,50.0,40.0,28.6,36.5,23.35,23.35,15.0,15,STEEL,33.0,31.0,48.0,0.0,0.0,0.0,0,False,False,130.0,2.0,0.9,1.1,0.9,1.2,1.0,0.9,680.0,53.0,680.0,53.0,0,2,False,0,1.0,68.0,45.0,31.8,31.8,False,True,False,False,True,11,2,False,255.0,255.0,255,SPOKED,SPOKED,1,1.0,80.0,80.0,278.0,760.0,34.9,310,1.0
407.0,69.0,600.0,73.0,180.0,49.0,552.0,73.4,662.0,50.0,40.0,28.6,36.5,23.35,23.35,15.0,15,STEEL,31.0,33.0,46.0,0.0,0.0,0.0,0,False,False,130.0,2.0,0.9,1.1,0.9,1.2,1.0,0.9,680.0,51.0,680.0,51.0,0,2,False,0,1.0,68.0,45.0,31.8,31.8,False,True,False,False,True,10,1,False,255.0,255.0,255,SPOKED,SPOKED,1,1.0,80.0,80.0,278.0,785.0,34.9,295,1.0
410.0,75.0,620.0,73.0,160.0,45.0,580.0,73.0,650.0,45.0,45.0,40.0,28.6,36.5,23.35,13.0,15.0,STEEL,32.0,42.0,45.0,330.0,350.0,16.0,18.0,False,False,130.0,2.0,0.9,0.9,0.9,0.9,1.0,0.9,700.0,55.0,700.0,55.0,0,0,False,0,1.0,68.0,45.0,692.0,31.8,False,False,False,False,True,11,2,False,255.0,255.0,255,SPOKED,SPOKED,1,1.0,80.0,80.0,280.0,740.0,34.9,320.0,1.0
420.0,80.0,650.0,72.0,150.0,40.0,600.0,74.0,660.0,50.0,50.0,45.0,30.0,36.5,23.35,13.0,15.0,STEEL,30.0,45.0,48.0,332.0,352.0,16.0,18.0,False,False,135.0,2.0,1.0,1.0,1.0,1.0,1.0,0.9,700.0,60.0,700.0,60.0,0,0,False,0,1.0,68.0,46.0,692.0,31.8,False,False,False,False,True,11,2,False,255.0,255.0,255,DISC,SPOKED,0,1.0,80.0,80.0,290.0,750.0,34.9,330.0,1.0
400.0,78.0,610.0,74.0,170.0,45.0,570.0,73.5,640.0,45.0,50.0,42.0,29.0,36.5,23.35,13.0,15.0,STEEL,33.0,40.0,46.0,331.0,351.0,16.0,18.0,False,False,130.0,2.0,0.9,1.1,1.0,1.0,1.0,0.9,670.0,60.0,670.0,60.0,0,1,False,0,1.0,68.0,46.0,692.0,31.8,False,False,False,False,True,11,2,False,255.0,255.0,255,DISC,DISC,0,0.0,80.0,80.0,285.0,730.0,34.9,310.0,1.0
395.0,72.0,600.0,72.5,140.0,42.0,575.0,72.0,655.0,48.0,45.0,41.0,28.0,36.5,23.35,13.0,15.0,STEEL,29.0,43.0,44.0,330.0,350.0,16.0,18.0,False,False,135.0,2.0,0.9,1.0,0.9,1.1,0.9,0.9,680.0,65.0,680.0,65.0,0,2,False,0,1.0,68.0,47.0,692.0,31.8,False,False,False,False,True,10,2,False,255.0,255.0,255,SPOKED,SPOKED,1,1.0,80.0,80.0,300.0,760.0,34.9,325.0,1.0
420.0,70.0,640.0,73.5,155.0,44.0,590.0,73.0,660.0,47.0,50.0,43.0,29.5,36.5,23.35,13.0,15.0,STEEL,31.0,46.0,47.0,333.0,353.0,16.0,18.0,False,False,130.0,2.0,0.9,1.1,1.1,1.0,0.9,0.9,690.0,58.0,690.0,58.0,0,0,False,0,3.0,68.0,45.0,692.0,31.8,False,False,False,False,True,11,2,False,255.0,255.0,255,DISC,SPOKED,0,1.0,80.0,80.0,295.0,745.0,34.9,330.0,1.0
405.0,76.0,630.0,71.5,180.0,45.0,585.0,74.0,655.0,46.0,45.0,44.0,29.0,36.5,23.35,13.0,15.0,STEEL,34.0,41.0,46.0,332.0,352.0,16.0,18.0,False,False,130.0,2.0,1.1,1.1,1.0,1.0,0.9,0.9,680.0,63.0,680.0,63.0,0,1,False,0,2.0,68.0,46.0,692.0,31.8,False,False,False,False,True,10,1,False,255.0,255.0,255,SPOKED,SPOKED,1,1.0,80.0,80.0,290.0,735.0,34.9,315.0,2.0
390.0,74.0,615.0,73.5,165.0,45.0,595.0,73.0,645.0,45.0,45.0,41.0,28.6,36.5,23.35,13.0,15.0,STEEL,32.0,43.0,45.0,330.0,350.0,16.0,18.0,False,False,135.0,2.0,1.0,1.0,1.0,1.1,0.9,0.9,670.0,60.0,670.0,60.0,0,0,False,0,1.0,68.0,45.0,692.0,31.8,False,False,False,False,True,10,2,False,255.0,255.0,255,DISC,DISC,0,0.0,80.0,80.0,300.0,750.0,34.9,325.0,1.0
415.0,69.0,640.0,72.0,155.0,44.0,580.0,74.0,650.0,49.0,50.0,43.0,29.0,36.5,23.35,13.0,15.0,STEEL,31.0,44.0,46.0,331.0,351.0,16.0,18.0,False,False,130.0,2.0,1.0,1.0,1.0,1.0,0.9,0.9,690.0,62.0,690.0,62.0,0,0,False,0,1.0,68.0,46.0,692.0,31.8,False,False,False,False,True,11,3,False,255.0,255.0,255,SPOKED,DISC,1,0.0,80.0,80.0,288.0,765.0,34.9,330.0,1.0
430.0,73.0,655.0,73.0,145.0,40.0,590.0,73.5,670.0,46.0,45.0,42.0,28.6,36.5,23.35,13.0,15.0,STEEL,32.0,42.0,45.0,330.0,350.0,16.0,18.0,False,False,135.0,2.0,0.9,1.0,1.0,1.1,0.9,0.9,680.0,64.0,680.0,64.0,0,1,False,0,1.0,68.0,45.0,692.0,31.8,False,False,False,False,True,12,2,False,255.0,255.0,255,DISC,SPOKED,0,1.0,80.0,80.0,272.0,755.0,34.9,318.0,1.0
395.0,77.0,620.0,72.5,150.0,45.0,565.0,74.0,650.0,45.0,45.0,43.0,29.0,36.5,23.35,13.0,15.0,STEEL,30.0,47.0,48.0,332.0,352.0,16.0,18.0,False,False,130.0,2.0,0.9,1.1,1.0,1.0,0.9,0.9,660.0,61.0,660.0,61.0,0,0,False,0,1.0,68.0,45.0,692.0,31.8,False,False,False,False,True,10,2,False,255.0,255.0,255,DISC,DISC,0,0.0,80.0,80.0,298.0,720.0,34.9,310.0,1.0
405.0,70.0,580.0,72.0,140.0,45.0,540.0,72.0,600.0,45.0,40.0,34.9,34.9,23.35,23.35,13.0,9,STEEL,30.0,35.0,50.0,0.0,0.0,0.0,0,False,False,130.0,2.0,2.0,2.0,2.0,2.0,2.0,2.0,674.0,50.0,674.0,50.0,0,0,False,0,1.0,68.0,45.0,0.0,33,False,False,False,False,True,11,2,False,255.0,255.0,255,SPOKED,SPOKED,0,0.0,0.0,0.0,280.0,740.0,34.9,300,1.0
410.0,72.0,590.0,73.0,150.0,50.0,550.0,73.0,610.0,45.0,42.0,35.0,35.0,23.5,23.5,13.0,9,STEEL,35.0,40.0,55.0,0.0,0.0,0.0,0,False,False,130.0,2.0,2.0,2.0,2.0,2.0,2.0,2.0,674.0,50.0,674.0,50.0,0,0,False,0,1.0,68.0,45.0,0.0,33,False,False,False,False,True,11,2,False,255.0,255.0,255,SPOKED,SPOKED,0,0.0,0.0,0.0,280.0,740.0,35.0,300,1.0
415.0,68.0,575.0,74.0,160.0,55.0,530.0,74.0,590.0,50.0,38.0,34.5,34.5,23.0,23.0,13.0,9,STEEL,40.0,45.0,60.0,0.0,0.0,0.0,0,False,False,130.0,2.0,2.0,2.0,2.0,2.0,2.0,2.0,674.0,50.0,674.0,50.0,0,0,False,0,1.0,68.0,45.0,0.0,33,False,False,False,False,True,11,2,False,255.0,255.0,255,SPOKED,SPOKED,0,0.0,0.0,0.0,280.0,740.0,34.5,300,1.0
420.0,65.0,600.0,72.5,170.0,60.0,560.0,72.5,620.0,40.0,40.0,35.5,35.5,24.0,24.0,13.0,9,STEEL,45.0,50.0,45.0,0.0,0.0,0.0,0,False,False,130.0,2.0,2.0,2.0,2.0,2.0,2.0,2.0,674.0,50.0,674.0,50.0,0,0,False,0,1.0,68.0,45.0,0.0,33,False,False,False,False,True,11,2,False,255.0,255.0,255,SPOKED,SPOKED,0,0.0,0.0,0.0,280.0,740.0,35.5,300,1.0
395.0,70.0,570.0,73.5,180.0,40.0,520.0,73.5,580.0,45.0,42.0,34.9,34.9,23.35,23.35,13.0,9,STEEL,50.0,30.0,65.0,0.0,0.0,0.0,0,False,False,130.0,2.0,2.0,2.0,2.0,2.0,2.0,2.0,674.0,50.0,674.0,50.0,0,0,False,0,1.0,68.0,45.0,0.0,33,False,False,False,False,True,11,2,False,255.0,255.0,255,SPOKED,SPOKED,0,0.0,0.0,0.0,280.0,740.0,34.9,300,1.0
400.0,72.0,585.0,74.0,155.0,50.0,550.0,74.0,610.0,45.0,38.0,35.0,35.0,23.5,23.5,13.0,9,STEEL,35.0,40.0,55.0,0.0,0.0,0.0,0,False,False,130.0,2.0,2.0,2.0,2.0,2.0,2.0,2.0,674.0,50.0,674.0,50.0,0,0,False,0,1.0,68.0,45.0,0.0,33,False,False,False,False,True,11,2,False,255.0,255.0,255,SPOKED,SPOKED,0,0.0,0.0,0.0,280.0,740.0,35.0,300,1.0
425.0,68.0,595.0,72.5,165.0,55.0,540.0,72.5,600.0,50.0,40.0,34.5,34.5,23.0,23.0,13.0,9,STEEL,40.0,45.0,60.0,0.0,0.0,0.0,0,False,False,130.0,2.0,2.0,2.0,2.0,2.0,2.0,2.0,674.0,50.0,674.0,50.0,0,0,False,0,1.0,68.0,45.0,0.0,33,False,False,False,False,True,11,2,False,255.0,255.0,255,SPOKED,SPOKED,0,0.0,0.0,0.0,280.0,740.0,34.5,300,1.0
430.0,65.0,565.0,73.0,145.0,45.0,530.0,73.0,590.0,40.0,42.0,35.5,35.5,24.0,24.0,13.0,9,STEEL,30.0,35.0,50.0,0.0,0.0,0.0,0,False,False,130.0,2.0,2.0,2.0,2.0,2.0,2.0,2.0,674.0,50.0,674.0,50.0,0,0,False,0,1.0,68.0,45.0,0.0,33,False,False,False,False,True,11,2,False,255.0,255.0,255,SPOKED,SPOKED,0,0.0,0.0,0.0,280.0,740.0,35.5,300,1.0
390.0,70.0,580.0,73.5,175.0,60.0,560.0,73.5,620.0,45.0,38.0,34.9,34.9,23.35,23.35,13.0,9,STEEL,45.0,50.0,45.0,0.0,0.0,0.0,0,False,False,130.0,2.0,2.0,2.0,2.0,2.0,2.0,2.0,674.0,50.0,674.0,50.0,0,0,False,0,1.0,68.0,45.0,0.0,33,False,False,False,False,True,11,2,False,255.0,255.0,255,SPOKED,SPOKED,0,0.0,0.0,0.0,280.0,740.0,34.9,300,1.0
435.0,72.0,565.0,74.0,185.0,40.0,520.0,74.0,580.0,45.0,40.0,35.0,35.0,23.5,23.5,13.0,9,STEEL,50.0,30.0,65.0,0.0,0.0,0.0,0,False,False,130.0,2.0,2.0,2.0,2.0,2.0,2.0,2.0,674.0,50.0,674.0,50.0,0,0,False,0,1.0,68.0,45.0,0.0,33,False,False,False,False,True,11,2,False,255.0,255.0,255,SPOKED,SPOKED,0,0.0,0.0,0.0,280.0,740.0,35.0,300,1.0
390.0,65.0,600.0,73.0,150.0,40.0,550.0,73.0,660.0,50.0,40.0,28.6,36.5,23.35,23.35,14.0,16.0,STEEL,30.0,40.0,45.0,0.0,0.0,0.0,0,False,False,130.0,2.0,2.0,2.0,2.0,2.0,2.0,2.0,680.0,56.0,680.0,56.0,0,2,False,0,1.0,68.0,45.0,0.0,31.8,False,False,False,False,True,11,2,False,255.0,255.0,255,SPOKED,SPOKED,0,0.0,0.0,0.0,280.0,760.0,34.9,300,1.0
395.0,63.0,610.0,73.5,160.0,38.0,555.0,73.5,665.0,50.0,40.0,28.6,36.5,23.35,23.35,14.5,16.5,STEEL,32.0,42.0,46.0,0.0,0.0,0.0,0,False,False,135.0,2.0,2.0,2.0,2.0,2.0,2.0,2.0,682.0,58.0,682.0,58.0,0,2,False,0,2.0,68.0,46.0,0.0,31.8,False,False,False,False,True,11,2,False,255.0,255.0,255,SPOKED,SPOKED,0,0.0,0.0,0.0,282.0,765.0,34.9,305,2.0
385.0,70.0,620.0,72.5,140.0,45.0,560.0,74.0,655.0,52.0,42.0,30.0,36.5,24.0,24.0,14.0,17.0,STEEL,28.0,45.0,44.0,0.0,0.0,0.0,0,False,False,130.0,2.0,2.0,2.0,2.0,2.0,2.0,2.0,678.0,55.0,678.0,55.0,0,2,False,0,1.0,68.0,44.0,0.0,31.8,False,False,False,False,True,11,2,False,255.0,255.0,255,SPOKED,SPOKED,0,0.0,0.0,0.0,278.0,758.0,34.9,298,1.0
400.0,62.0,615.0,73.0,145.0,46.0,558.0,73.8,662.0,51.0,40.0,28.6,37.0,23.35,23.35,14.0,18.0,STEEL,30.0,50.0,42.0,0.0,0.0,0.0,0,False,False,130.0,2.0,2.0,2.0,2.0,2.0,2.0,2.0,684.0,57.0,684.0,57.0,0,2,False,0,3.0,68.0,47.0,0.0,31.8,False,False,False,False,True,11,2,False,255.0,255.0,255,SPOKED,SPOKED,0,0.0,0.0,0.0,285.0,770.0,34.9,310,1.0
410.0,60.0,630.0,72.0,165.0,40.0,565.0,72.5,670.0,49.0,42.0,29.0,36.5,23.35,23.35,14.2,16.2,STEEL,34.0,44.0,47.0,0.0,0.0,0.0,0,False,False,130.0,2.0,2.0,2.0,2.0,2.0,2.0,2.0,686.0,59.0,686.0,59.0,0,2,False,0,1.0,68.0,46.0,0.0,31.8,False,False,False,False,True,11,2,False,255.0,255.0,255,SPOKED,SPOKED,0,0.0,0.0,0.0,290.0,775.0,34.9,315,1.0
395.0,68.0,625.0,73.2,150.0,44.0,560.0,74.2,663.0,50.0,40.0,28.6,36.0,23.35,23.35,13.8,17.5,STEEL,29.0,46.0,45.0,0.0,0.0,0.0,0,False,False,135.0,2.0,2.0,2.0,2.0,2.0,2.0,2.0,680.0,56.0,680.0,56.0,0,2,False,0,1.0,68.0,45.0,0.0,31.8,False,False,False,False,True,11,2,False,255.0,255.0,255,SPOKED,SPOKED,0,0.0,0.0,0.0,280.0,760.0,34.9,300,2.0
420.0,65.0,640.0,72.8,170.0,38.0,570.0,73.0,675.0,52.0,40.0,30.0,36.5,24.0,24.0,14.7,16.7,STEEL,31.0,43.0,48.0,0.0,0.0,0.0,0,False,False,130.0,2.0,2.0,2.0,2.0,2.0,2.0,2.0,688.0,58.0,688.0,58.0,0,2,False,0,2.0,68.0,48.0,0.0,31.8,False,False,False,False,True,11,2,False,255.0,255.0,255,SPOKED,SPOKED,0,0.0,0.0,0.0,295.0,780.0,34.9,320,1.0
405.0,66.0,635.0,73.5,160.0,41.0,560.0,74.0,668.0,50.0,41.0,28.6,36.5,23.35,23.35,14.3,16.3,STEEL,30.0,42.0,46.0,0.0,0.0,0.0,0,False,False,135.0,2.0,2.0,2.0,2.0,2.0,2.0,2.0,682.0,57.0,682.0,57.0,0,2,False,0,1.0,68.0,45.0,0.0,31.8,False,False,False,False,True,11,2,False,255.0,255.0,255,SPOKED,SPOKED,0,0.0,0.0,0.0,285.0,770.0,34.9,310,2.0
415.0,64.0,655.0,72.4,175.0,47.0,575.0,73.5,680.0,49.0,41.0,28.6,36.5,23.35,23.35,14.6,16.8,STEEL,32.0,48.0,49.0,0.0,0.0,0.0,0,False,False,130.0,2.0,2.0,2.0,2.0,2.0,2.0,2.0,690.0,60.0,690.0,60.0,0,2,False,0,3.0,68.0,50.0,0.0,31.8,False,False,False,False,True,11,2,False,255.0,255.0,255,SPOKED,SPOKED,0,0.0,0.0,0.0,300.0,785.0,34.9,330,2.0
390.0,69.0,620.0,72.6,158.0,43.0,565.0,74.8,660.0,50.0,40.0,29.0,36.5,23.35,23.35,14.1,17.0,STEEL,29.0,44.0,43.0,0.0,0.0,0.0,0,False,False,135.0,2.0,2.0,2.0,2.0,2.0,2.0,2.0,679.0,56.0,679.0,56.0,0,2,False,0,1.0,68.0,45.0,0.0,31.8,False,False,False,False,True,11,2,False,255.0,255.0,255,SPOKED,SPOKED,0,0.0,0.0,0.0,278.0,762.0,34.9,300,1.0
420.0,70.0,600.0,73.0,160.0,45.0,540.0,73.5,590.0,50.0,40.0,33.6,28.6,36.5,23.35,13.0,15.0,STEEL,40.0,50.0,50.0,330.0,350.0,16.0,18.0,False,False,130.0,2.0,0.9,1.2,1.0,1.1,1.0,0.9,700.0,52.0,700.0,52.0,0,0,False,0,1.0,68.0,45.0,0.0,31.8,False,False,False,False,True,11,2,False,255.0,255.0,255,SPOKED,SPOKED,0,0.0,0.0,0.0,278.0,780.0,34.9,320.0,1.0
415.0,68.0,610.0,72.5,150.0,48.0,550.0,73.0,580.0,48.0,40.0,32.0,27.5,36.0,23.5,13.0,16.0,STEEL,38.0,48.0,47.0,330.0,350.0,16.0,18.0,False,False,135.0,2.0,1.0,1.0,0.9,1.2,1.0,0.9,700.0,50.0,700.0,50.0,0,1,False,0,1.0,68.0,45.0,0.0,31.8,False,False,False,False,True,11,2,False,255.0,255.0,255,SPOKED,SPOKED,0,0.0,0.0,0.0,278.0,790.0,34.9,310.0,1.0
430.0,72.0,590.0,74.0,170.0,45.0,540.0,74.0,600.0,52.0,40.0,33.0,28.0,36.5,23.0,13.0,14.0,STEEL,42.0,52.0,48.0,330.0,350.0,16.0,18.0,False,False,130.0,2.0,0.95,1.25,1.05,1.1,1.05,0.95,700.0,52.0,700.0,52.0,0,2,False,0,1.0,68.0,45.0,0.0,31.8,False,False,False,False,True,11,2,False,255.0,255.0,255,SPOKED,SPOKED,0,0.0,0.0,0.0,278.0,800.0,34.9,330.0,1.0
425.0,70.0,620.0,73.5,180.0,45.0,540.0,73.5,610.0,45.0,40.0,33.6,28.6,36.5,23.35,13.0,15.0,STEEL,45.0,60.0,55.0,330.0,350.0,16.0,18.0,False,False,130.0,2.0,0.9,1.2,1.0,1.1,1.0,0.9,700.0,52.0,700.0,52.0,2,0,False,0,1.0,68.0,45.0,0.0,31.8,False,False,False,False,True,11,2,False,255.0,255.0,255,SPOKED,SPOKED,0,0.0,0.0,0.0,278.0,775.0,34.9,300.0,1.0
405.0,70.0,605.0,73.0,155.0,46.0,545.0,73.0,595.0,50.0,40.0,33.6,28.6,36.5,23.35,13.0,15.0,STEEL,35.0,55.0,46.0,330.0,350.0,16.0,18.0,False,False,130.0,2.0,0.9,1.1,0.9,1.2,1.0,0.9,700.0,52.0,700.0,52.0,0,1,False,0,1.0,68.0,45.0,0.0,31.8,False,False,False,False,True,11,2,False,255.0,255.0,255,SPOKED,SPOKED,0,0.0,0.0,0.0,278.0,765.0,34.9,305.0,1.0
420.0,68.0,595.0,72.0,140.0,44.0,535.0,73.0,585.0,52.0,40.0,33.6,28.6,36.5,23.35,13.0,15.0,STEEL,33.0,42.0,47.0,330.0,350.0,16.0,18.0,False,False,135.0,2.0,0.9,1.2,1.0,1.1,1.0,0.9,700.0,52.0,700.0,52.0,0,2,False,0,1.0,68.0,45.0,0.0,31.8,False,False,False,False,True,11,2,False,255.0,255.0,255,SPOKED,SPOKED,0,0.0,0.0,0.0,278.0,750.0,34.9,315.0,1.0
415.0,70.0,580.0,73.5,165.0,45.0,540.0,74.0,600.0,48.0,40.0,33.6,28.6,36.5,23.35,13.0,15.0,STEEL,39.0,50.0,49.0,330.0,350.0,16.0,18.0,False,False,130.0,2.0,0.9,1.1,0.9,1.2,1.0,0.9,700.0,52.0,700.0,52.0,0,1,False,0,1.0,68.0,45.0,0.0,31.8,False,False,False,False,True,11,2,False,255.0,255.0,255,SPOKED,SPOKED,0,0.0,0.0,0.0,278.0,770.0,34.9,325.0,1.0
430.0,69.0,615.0,72.5,160.0,47.0,550.0,73.2,600.0,50.0,40.0,33.6,28.6,36.5,23.35,13.0,15.0,STEEL,37.0,53.0,47.0,330.0,350.0,16.0,18.0,False,False,135.0,2.0,0.9,1.1,0.9,1.2,1.0,0.9,700.0,52.0,700.0,52.0,0,0,False,0,1.0,68.0,45.0,0.0,31.8,False,False,False,False,True,11,2,False,255.0,255.0,255,SPOKED,SPOKED,0,0.0,0.0,0.0,278.0,785.0,34.9,320.0,1.0
425.0,71.0,600.0,73.0,170.0,45.0,540.0,73.8,590.0,50.0,40.0,33.6,28.6,36.5,23.35,13.0,15.0,STEEL,41.0,51.0,49.0,330.0,350.0,16.0,18.0,False,False,130.0,2.0,0.9,1.1,0.9,1.2,1.0,0.9,700.0,52.0,700.0,52.0,0,2,False,0,1.0,68.0,45.0,0.0,31.8,False,False,False,False,True,11,2,False,255.0,255.0,255,SPOKED,SPOKED,0,0.0,0.0,0.0,278.0,760.0,34.9,330.0,1.0
410.0,70.0,610.0,72.0,150.0,45.0,540.0,73.0,580.0,50.0,40.0,33.6,28.6,36.5,23.35,13.0,15.0,STEEL,36.0,50.0,46.0,330.0,350.0,16.0,18.0,False,False,135.0,2.0,0.9,1.1,0.9,1.2,1.0,0.9,700.0,52.0,700.0,52.0,0,1,False,0,1.0,68.0,45.0,0.0,31.8,False,False,False,False,True,11,2,False,255.0,255.0,255,SPOKED,SPOKED,0,0.0,0.0,0.0,278.0,780.0,34.9,315.0,1.0
410.0,70.0,620.0,73.0,150.0,50.0,580.0,73.5,660.0,45.0,40.0,30.0,36.5,23.35,13.0,15.0,9.0,STEEL,35.0,50.0,45.0,330.0,350.0,16.0,18.0,False,False,130.0,2.0,1.1,0.9,1.2,1.0,0.9,1.0,680.0,121.0,680.0,121.0,0,2,False,0,1.0,68.0,45.0,692.0,31.8,False,False,False,False,True,10,2,False,255.0,255.0,255,SPOKED,SPOKED,1,1.0,80.0,80.0,278.0,760.0,34.9,300.0,1.0
415.0,68.0,610.0,72.5,140.0,45.0,570.0,74.0,655.0,50.0,42.0,32.0,36.5,23.35,13.0,15.0,9.0,STEEL,33.0,48.0,47.0,330.0,350.0,16.0,18.0,False,False,131.0,1.8,1.05,0.85,1.15,0.95,0.85,0.95,680.0,121.0,680.0,121.0,0,0,False,0,1.0,68.0,45.0,692.0,31.8,False,False,False,False,True,10,2,False,255.0,255.0,255,SPOKED,SPOKED,1,1.0,80.0,80.0,278.0,755.0,34.9,300.0,1.0
420.0,65.0,630.0,73.2,160.0,55.0,600.0,73.0,665.0,46.0,40.0,29.0,36.5,23.35,13.0,15.0,9.0,STEEL,37.0,52.0,50.0,330.0,350.0,15.0,18.0,True,False,129.0,2.0,1.1,0.9,1.2,1.0,0.9,1.0,680.0,121.0,680.0,121.0,0,2,False,0,1.0,68.0,45.0,692.0,31.8,False,False,False,False,True,10,2,False,255.0,255.0,255,SPOKED,SPOKED,1,1.0,80.0,80.0,278.0,758.0,34.9,300.0,1.0
425.0,72.0,645.0,74.0,170.0,48.0,590.0,74.5,670.0,44.0,43.0,31.0,36.5,23.35,13.0,15.0,9.0,STEEL,36.0,54.0,46.0,330.0,350.0,16.0,17.0,False,True,132.0,2.0,1.1,0.9,1.2,1.0,0.9,1.0,680.0,121.0,680.0,121.0,0,2,False,0,1.0,68.0,45.0,692.0,31.8,False,False,False,False,True,10,2,False,255.0,255.0,255,SPOKED,SPOKED,1,1.0,80.0,80.0,278.0,765.0,34.9,300.0,1.0
405.0,69.0,600.0,72.8,130.0,52.0,560.0,73.2,650.0,47.0,41.0,30.0,36.5,23.35,13.0,15.0,9.0,STEEL,32.0,46.0,44.0,330.0,350.0,16.0,18.0,False,False,130.0,2.0,1.1,0.9,1.2,1.0,0.9,1.0,680.0,121.0,680.0,121.0,0,2,False,0,1.0,68.0,45.0,692.0,31.8,False,False,False,False,True,10,2,False,255.0,255.0,255,SPOKED,SPOKED,1,1.0,80.0,80.0,278.0,750.0,34.9,300.0,1.0
430.0,67.0,615.0,73.5,155.0,50.0,575.0,73.0,660.0,48.0,42.0,33.0,36.5,23.35,13.0,15.0,9.0,STEEL,36.0,51.0,48.0,330.0,350.0,16.0,18.0,False,False,131.0,2.0,1.2,1.0,1.3,1.1,0.9,1.05,680.0,121.0,680.0,121.0,0,2,False,0,1.0,68.0,45.0,692.0,31.8,False,False,False,False,True,10,2,False,255.0,255.0,255,SPOKED,SPOKED,1,1.0,80.0,80.0,278.0,745.0,34.9,300.0,1.0
418.0,75.0,640.0,72.3,145.0,47.0,585.0,73.8,660.0,46.0,40.0,29.0,36.5,23.35,13.0,15.0,9.0,STEEL,34.0,49.0,48.0,330.0,350.0,16.0,18.0,False,False,130.0,2.0,1.1,0.9,1.2,1.0,0.9,1.0,680.0,121.0,680.0,121.0,0,2,False,0,3.0,68.0,50.0,692.0,31.8,False,False,False,False,True,10,2,False,255.0,255.0,255,SPOKED,SPOKED,1,1.0,80.0,80.0,278.0,770.0,34.9,300.0,1.0
412.0,71.0,625.0,73.1,152.0,49.0,585.0,73.3,660.0,47.0,41.0,31.0,36.5,23.35,13.0,15.0,9.0,STEEL,35.0,51.0,46.0,330.0,350.0,16.0,18.0,True,True,130.0,2.0,1.1,0.9,1.2,1.0,0.9,1.0,680.0,121.0,680.0,121.0,0,2,False,0,1.0,68.0,45.0,692.0,31.8,False,False,False,False,True,10,2,False,255.0,255.0,255,SPOKED,SPOKED,1,1.0,80.0,80.0,278.0,765.0,34.9,300.0,1.0
400.0,75.0,600.0,72.0,135.0,45.0,565.0,74.0,647.0,50.0,40.0,28.0,36.5,23.35,13.0,15.0,9.0,STEEL,32.0,47.0,43.0,330.0,350.0,16.0,18.0,False,False,130.0,2.0,1.1,0.9,1.2,1.0,0.9,1.0,680.0,121.0,680.0,121.0,0,2,False,0,1.0,68.0,45.0,692.0,31.8,False,False,False,False,True,10,2,False,255.0,255.0,255,SPOKED,SPOKED,1,1.0,80.0,80.0,278.0,740.0,34.9,300.0,1.0
435.0,66.0,645.0,73.8,165.0,60.0,610.0,72.4,675.0,44.0,42.0,32.0,36.5,23.35,13.0,15.0,9.0,STEEL,38.0,56.0,52.0,330.0,350.0,16.0,18.0,False,False,130.0,2.0,1.1,0.9,1.2,1.0,0.9,1.0,680.0,121.0,680.0,121.0,0,2,False,0,1.0,68.0,45.0,692.0,31.8,False,False,False,False,True,10,2,False,255.0,255.0,255,SPOKED,SPOKED,1,1.0,80.0,80.0,278.0,770.0,34.9,300.0,1.0
410.0,70.0,600.0,73.0,150.0,50.0,540.0,73.0,655.0,50.0,45.0,28.6,28.6,23.35,23.35,13.0,15.0,STEEL,30.0,40.0,30.0,0.0,0.0,0.0,0.0,False,False,130.0,2.0,0.9,1.1,0.9,0.9,0.9,0.9,672.0,50.0,672.0,50.0,0,1,False,0,1.0,68.0,45.0,0.0,31.8,False,True,False,False,True,11,2,False,255.0,255.0,255,SPOKED,SPOKED,0,0.0,0.0,0.0,280.0,760.0,34.9,300.0,1.0
415.0,70.0,605.0,72.5,155.0,50.0,550.0,72.5,650.0,50.0,45.0,28.6,28.6,23.35,23.35,13.0,15.0,STEEL,30.0,40.0,30.0,0.0,0.0,0.0,0.0,False,False,130.0,2.0,0.9,1.1,0.9,0.9,0.9,0.9,672.0,50.0,672.0,50.0,0,1,False,0,1.0,68.0,45.0,0.0,31.8,False,True,False,False,True,11,2,False,255.0,255.0,255,SPOKED,SPOKED,0,0.0,0.0,0.0,280.0,760.0,34.9,300.0,1.0
420.0,70.0,590.0,73.5,145.0,50.0,530.0,73.5,660.0,50.0,45.0,28.6,28.6,23.35,23.35,13.0,15.0,STEEL,30.0,40.0,30.0,0.0,0.0,0.0,0.0,False,False,130.0,2.0,0.9,1.1,0.9,0.9,0.9,0.9,672.0,50.0,672.0,50.0,0,1,False,0,1.0,68.0,45.0,0.0,31.8,False,True,False,False,True,11,2,False,255.0,255.0,255,SPOKED,SPOKED,0,0.0,0.0,0.0,280.0,760.0,34.9,300.0,1.0
412.0,70.0,610.0,72.0,140.0,50.0,545.0,74.0,652.0,50.0,45.0,28.6,28.6,23.35,23.35,13.0,15.0,STEEL,30.0,40.0,30.0,0.0,0.0,0.0,0.0,False,False,130.0,2.0,0.9,1.1,0.9,0.9,0.9,0.9,672.0,50.0,672.0,50.0,0,1,False,0,1.0,68.0,45.0,0.0,31.8,False,True,False,False,True,11,2,False,255.0,255.0,255,SPOKED,SPOKED,0,0.0,0.0,0.0,280.0,760.0,34.9,300.0,1.0
418.0,70.0,595.0,74.0,160.0,50.0,538.0,72.0,658.0,50.0,45.0,28.6,28.6,23.35,23.35,13.0,15.0,STEEL,30.0,40.0,30.0,0.0,0.0,0.0,0.0,False,False,130.0,2.0,0.9,1.1,0.9,0.9,0.9,0.9,672.0,50.0,672.0,50.0,0,1,False,0,1.0,68.0,45.0,0.0,31.8,False,True,False,False,True,11,2,False,255.0,255.0,255,SPOKED,SPOKED,0,0.0,0.0,0.0,280.0,760.0,34.9,300.0,1.0
405.0,70.0,602.0,73.2,148.0,50.0,542.0,73.8,653.0,50.0,45.0,28.6,28.6,23.35,23.35,13.0,15.0,STEEL,30.0,40.0,30.0,0.0,0.0,0.0,0.0,False,False,130.0,2.0,0.9,1.1,0.9,0.9,0.9,0.9,672.0,50.0,672.0,50.0,0,1,False,0,1.0,68.0,45.0,0.0,31.8,False,True,False,False,True,11,2,False,255.0,255.0,255,SPOKED,SPOKED,0,0.0,0.0,0.0,280.0,760.0,34.9,300.0,1.0
422.0,70.0,598.0,72.8,152.0,50.0,548.0,72.2,657.0,50.0,45.0,28.6,28.6,23.35,23.35,13.0,15.0,STEEL,30.0,40.0,30.0,0.0,0.0,0.0,0.0,False,False,130.0,2.0,0.9,1.1,0.9,0.9,0.9,0.9,672.0,50.0,672.0,50.0,0,1,False,0,1.0,68.0,45.0,0.0,31.8,False,True,False,False,True,11,2,False,255.0,255.0,255,SPOKED,SPOKED,0,0.0,0.0,0.0,280.0,760.0,34.9,300.0,1.0
416.0,70.0,607.0,73.6,150.0,50.0,535.0,73.4,659.0,50.0,45.0,28.6,28.6,23.35,23.35,13.0,15.0,STEEL,30.0,40.0,30.0,0.0,0.0,0.0,0.0,False,False,130.0,2.0,0.9,1.1,0.9,0.9,0.9,0.9,672.0,50.0,672.0,50.0,0,1,False,0,1.0,68.0,45.0,0.0,31.8,False,True,False,False,True,11,2,False,255.0,255.0,255,SPOKED,SPOKED,0,0.0,0.0,0.0,280.0,760.0,34.9,300.0,1.0
409.0,70.0,592.0,71.8,142.0,50.0,552.0,74.2,651.0,50.0,45.0,28.6,28.6,23.35,23.35,13.0,15.0,STEEL,30.0,40.0,30.0,0.0,0.0,0.0,0.0,False,False,130.0,2.0,0.9,1.1,0.9,0.9,0.9,0.9,672.0,50.0,672.0,50.0,0,1,False,0,1.0,68.0,45.0,0.0,31.8,False,True,False,False,True,11,2,False,255.0,255.0,255,SPOKED,SPOKED,0,0.0,0.0,0.0,280.0,760.0,34.9,300.0,1.0
417.0,70.0,608.0,74.2,158.0,50.0,545.0,71.9,661.0,50.0,45.0,28.6,28.6,23.35,23.35,13.0,15.0,STEEL,30.0,40.0,30.0,0.0,0.0,0.0,0.0,False,False,130.0,2.0,0.9,1.1,0.9,0.9,0.9,0.9,672.0,50.0,672.0,50.0,0,1,False,0,1.0,68.0,45.0,0.0,31.8,False,True,False,False,True,11,2,False,255.0,255.0,255,SPOKED,SPOKED,0,0.0,0.0,0.0,280.0,760.0,34.9,300.0,1.0
415.0,70.0,610.0,73.0,180.0,50.0,580.0,73.0,570.0,50.0,40.0,30.0,35.0,25.0,25.0,15.0,9.0,STEEL,35.0,40.0,50.0,330.0,350.0,16.0,18.0,False,False,130.0,2.0,1.0,1.2,1.0,1.2,1.0,1.0,680.0,52.0,680.0,52.0,0,0,False,0,1.0,68.0,45.0,0.0,31.8,False,True,False,False,True,11,2,False,255.0,255.0,255,SPOKED,SPOKED,0,0.0,0.0,0.0,280.0,760.0,35.0,300.0,1.0
420.0,75.0,620.0,72.5,185.0,52.0,590.0,72.5,575.0,45.0,42.0,31.0,36.0,26.0,26.0,16.0,9.5,STEEL,36.0,42.0,48.0,330.0,350.0,16.0,18.0,False,False,135.0,2.2,1.0,1.2,1.0,1.2,1.0,1.0,680.0,52.0,680.0,52.0,0,1,False,0,1.0,68.0,46.0,0.0,31.8,False,True,False,False,True,11,2,False,255.0,255.0,255,SPOKED,SPOKED,0,0.0,0.0,0.0,280.0,770.0,35.0,300.0,1.0
410.0,72.0,605.0,73.5,175.0,48.0,575.0,73.5,565.0,55.0,40.0,30.0,35.0,24.0,24.0,14.0,8.0,STEEL,35.0,40.0,52.0,330.0,350.0,16.0,18.0,False,False,130.0,2.0,1.1,1.2,1.0,1.2,1.0,1.0,680.0,52.0,680.0,52.0,0,2,False,0,1.0,68.0,44.0,0.0,31.8,False,True,False,False,True,11,2,False,255.0,255.0,255,SPOKED,SPOKED,0,0.0,0.0,0.0,280.0,750.0,35.0,300.0,1.0
425.0,70.0,615.0,74.0,182.0,55.0,585.0,74.0,580.0,50.0,42.0,32.0,36.0,26.0,26.0,17.0,10.0,STEEL,37.0,41.0,49.0,330.0,350.0,16.0,18.0,False,False,132.0,2.0,1.0,1.3,1.0,1.2,1.0,1.0,680.0,52.0,680.0,52.0,0,0,False,0,1.0,68.0,46.0,0.0,31.8,False,True,False,False,True,11,2,False,255.0,255.0,255,SPOKED,SPOKED,0,0.0,0.0,0.0,280.0,765.0,35.0,300.0,1.0
400.0,68.0,600.0,73.0,170.0,50.0,570.0,73.0,560.0,50.0,40.0,29.0,34.0,25.0,25.0,14.0,8.0,STEEL,33.0,39.0,51.0,330.0,350.0,16.0,18.0,False,False,128.0,2.0,1.0,1.2,1.1,1.2,1.0,1.0,680.0,52.0,680.0,52.0,0,1,False,0,1.0,68.0,45.0,0.0,31.8,False,True,False,False,True,11,2,False,255.0,255.0,255,SPOKED,SPOKED,0,0.0,0.0,0.0,280.0,755.0,34.0,300.0,1.0
430.0,80.0,625.0,72.0,188.0,53.0,595.0,72.0,590.0,45.0,43.0,30.0,37.0,27.0,27.0,16.0,9.0,STEEL,38.0,43.0,50.0,330.0,350.0,16.0,18.0,False,False,137.0,2.0,1.0,1.2,1.0,1.3,1.0,1.0,680.0,52.0,680.0,52.0,0,2,False,0,1.0,68.0,47.0,0.0,31.8,False,True,False,False,True,11,2,False,255.0,255.0,255,SPOKED,SPOKED,0,0.0,0.0,0.0,280.0,770.0,37.0,300.0,1.0
390.0,74.0,605.0,73.5,178.0,49.0,580.0,74.0,570.0,50.0,41.0,31.0,35.0,24.0,26.0,14.0,8.5,STEEL,34.0,40.0,47.0,330.0,350.0,16.0,18.0,False,False,129.0,2.0,1.0,1.2,1.0,1.2,1.2,1.0,680.0,52.0,680.0,52.0,0,0,False,0,1.0,68.0,45.0,0.0,31.8,False,True,False,False,True,11,2,False,255.0,255.0,255,SPOKED,SPOKED,0,0.0,0.0,0.0,280.0,760.0,35.0,300.0,1.0
405.0,76.0,618.0,72.5,190.0,52.0,590.0,73.0,580.0,48.0,42.0,32.0,35.0,26.0,25.0,17.0,9.2,STEEL,36.0,42.0,49.0,330.0,350.0,16.0,18.0,False,False,136.0,2.0,1.0,1.2,1.0,1.2,1.0,1.1,680.0,52.0,680.0,52.0,0,1,False,0,1.0,68.0,46.0,0.0,31.8,False,True,False,False,True,11,2,False,255.0,255.0,255,SPOKED,SPOKED,0,0.0,0.0,0.0,280.0,765.0,35.0,300.0,1.0
415.0,73.0,610.0,73.2,180.0,50.0,585.0,73.2,575.0,50.0,40.0,30.0,34.0,25.0,24.0,15.0,9.0,STEEL,35.0,41.0,50.0,330.0,350.0,16.0,18.0,False,False,131.0,1.8,1.0,1.2,1.0,1.2,1.0,1.1,680.0,52.0,680.0,52.0,0,2,False,0,1.0,68.0,45.0,0.0,31.8,False,True,False,False,True,11,2,False,255.0,255.0,255,SPOKED,SPOKED,0,0.0,0.0,0.0,280.0,760.0,34.0,300.0,1.0
420.0,69.0,602.0,73.8,172.0,48.0,575.0,73.8,562.0,53.0,40.0,30.0,35.0,25.0,25.0,14.0,8.8,STEEL,36.0,40.0,48.0,330.0,350.0,16.0,18.0,False,False,127.0,2.0,1.0,1.2,1.0,1.2,1.0,1.1,680.0,52.0,680.0,52.0,0,0,False,0,1.0,68.0,45.0,0.0,31.8,False,True,False,False,True,11,2,False,255.0,255.0,255,SPOKED,SPOKED,0,0.0,0.0,0.0,280.0,755.0,35.0,300.0,1.0
400.0,70.0,600.0,73.0,160.0,45.0,560.0,74.0,650.0,45.0,45.0,28.6,33.6,36.5,23.35,13.0,15.0,STEEL,34.0,32.0,49.0,330.0,350.0,16.0,18,False,False,130.0,2.0,2.0,2.0,2.0,2.0,2.0,2.0,674.0,52.0,674.0,52.0,0,2,False,0,1.0,68.0,45.0,692.0,31.8,False,False,False,False,True,11,2,False,255.0,255.0,255,SPOKED,SPOKED,0,0.0,80.0,80.0,280.0,740.0,34.9,300,1.0
405.0,68.0,595.0,72.5,165.0,48.0,555.0,73.8,655.0,42.0,42.0,28.6,33.6,36.5,25.0,14.0,16.0,STEEL,36.0,30.0,48.0,330.0,350.0,17.0,19,True,False,130.0,2.0,2.0,2.0,2.0,2.0,2.0,2.0,680.0,50.0,680.0,50.0,0,1,False,0,1.0,68.0,46.0,692.0,32.0,False,False,False,False,True,10,2,False,255.0,255.0,255,SPOKED,SPOKED,0,0.0,80.0,80.0,280.0,735.0,34.9,300,1.0
398.0,72.0,605.0,74.0,155.0,47.0,565.0,74.2,645.0,48.0,44.0,28.6,33.6,36.5,24.0,13.5,15.5,STEEL,35.0,31.0,49.0,330.0,350.0,16.0,18,False,True,130.0,2.0,2.0,2.0,2.0,2.0,2.0,2.0,672.0,54.0,672.0,54.0,0,2,False,0,1.0,68.0,44.0,692.0,31.6,False,False,False,False,True,11,1,False,255.0,255.0,255,SPOKED,SPOKED,0,0.0,80.0,80.0,278.0,745.0,34.9,300,1.0
410.0,69.0,590.0,73.5,170.0,46.0,550.0,73.5,660.0,43.0,40.0,28.6,33.6,36.5,23.35,14.5,15.0,STEEL,37.0,32.0,48.0,330.0,350.0,17.0,19,False,False,130.0,2.0,2.0,2.0,2.0,2.0,2.0,2.0,678.0,53.0,678.0,53.0,0,1,False,0,1.0,68.0,47.0,692.0,32.2,False,False,False,False,True,12,2,False,255.0,255.0,255,SPOKED,SPOKED,0,0.0,80.0,80.0,279.0,738.0,34.9,300,1.0
395.0,71.0,610.0,72.0,150.0,44.0,570.0,74.5,640.0,47.0,45.0,28.6,33.6,36.5,25.5,12.5,15.0,STEEL,34.0,30.5,50.0,330.0,350.0,16.0,18,True,True,130.0,2.0,2.0,2.0,2.0,2.0,2.0,2.0,680.0,52.0,680.0,52.0,0,0,False,0,1.0,68.0,43.0,692.0,31.7,False,False,False,False,True,11,2,False,255.0,255.0,255,SPOKED,SPOKED,0,0.0,80.0,80.0,281.0,750.0,34.9,300,1.0
415.0,67.0,585.0,73.0,175.0,49.0,545.0,73.0,665.0,41.0,42.0,28.6,33.6,36.5,23.35,14.0,14.0,STEEL,38.0,33.0,47.0,330.0,350.0,16.0,18,False,False,130.0,2.0,2.0,2.0,2.0,2.0,2.0,2.0,672.0,53.0,672.0,53.0,0,2,False,0,1.0,68.0,48.0,692.0,32.1,False,False,False,False,True,10,2,False,255.0,255.0,255,SPOKED,SPOKED,0,0.0,80.0,80.0,282.0,742.0,34.9,300,1.0
402.0,69.5,598.0,74.0,162.0,45.0,558.0,74.0,652.0,46.0,44.0,28.6,33.6,36.5,24.5,13.0,15.0,STEEL,35.5,31.5,49.0,330.0,350.0,16.0,18,True,False,130.0,2.0,2.0,2.0,2.0,2.0,2.0,2.0,674.0,52.0,674.0,52.0,0,1,False,0,1.0,68.0,45.0,692.0,31.9,False,False,False,False,True,11,2,False,255.0,255.0,255,SPOKED,SPOKED,0,0.0,80.0,80.0,279.0,737.0,34.9,300,1.0
407.0,70.5,602.0,73.0,158.0,46.0,562.0,73.7,658.0,44.0,43.0,28.6,33.6,36.5,23.9,13.5,15.0,STEEL,36.0,32.0,48.0,330.0,350.0,17.0,19,False,True,130.0,2.0,2.0,2.0,2.0,2.0,2.0,2.0,676.0,54.0,676.0,54.0,0,2,False,0,1.0,68.0,46.0,692.0,32.0,False,False,False,False,True,10,2,False,255.0,255.0,255,SPOKED,SPOKED,0,0.0,80.0,80.0,280.0,748.0,34.9,300,1.0
392.0,72.0,607.0,72.8,152.0,43.0,572.0,74.3,642.0,49.0,45.0,28.6,33.6,36.5,24.0,13.0,15.0,STEEL,34.5,30.8,50.0,330.0,350.0,16.0,18,False,False,130.0,2.0,2.0,2.0,2.0,2.0,2.0,2.0,678.0,53.0,678.0,53.0,0,1,False,0,1.0,68.0,44.0,692.0,31.8,False,False,False,False,True,11,2,False,255.0,255.0,255,SPOKED,SPOKED,0,0.0,80.0,80.0,278.0,734.0,34.9,300,1.0
418.0,68.5,588.0,73.2,168.0,48.0,553.0,73.4,662.0,42.5,43.0,28.6,33.6,36.5,23.35,14.0,15.0,STEEL,37.0,33.2,47.5,330.0,350.0,17.0,19,False,True,130.0,2.0,2.0,2.0,2.0,2.0,2.0,2.0,680.0,52.0,680.0,52.0,0,2,False,0,1.0,68.0,47.0,692.0,32.1,False,False,False,False,True,10,2,False,255.0,255.0,255,SPOKED,SPOKED,0,0.0,80.0,80.0,283.0,743.0,34.9,300,1.0
420.0,70.0,610.0,73.0,160.0,45.0,580.0,73.0,650.0,45.0,40.0,28.6,28.6,36.5,23.35,13.0,15.0,STEEL,20.0,40.0,40.0,330.0,350.0,16.0,18.0,False,False,130.0,2.0,0.9,1.1,0.9,1.2,1.0,0.9,685.0,50.0,685.0,50.0,0,0,False,0,1.0,70.0,45.0,692.0,31.8,False,False,False,False,True,11,2,False,255.0,255.0,255,SPOKED,SPOKED,0,0.0,80.0,80.0,280.0,730.0,34.9,300.0,1.0
430.0,75.0,630.0,72.5,170.0,50.0,600.0,73.5,660.0,50.0,40.0,33.6,33.6,36.5,23.35,13.0,16.0,STEEL,22.0,42.0,45.0,330.0,350.0,16.0,18.0,False,False,130.0,2.0,0.9,1.1,0.9,1.2,1.0,0.9,688.0,52.0,688.0,52.0,0,2,False,0,3.0,75.0,50.0,692.0,34.0,False,False,False,False,True,12,2,False,255.0,255.0,255,SPOKED,SPOKED,0,0.0,80.0,80.0,285.0,740.0,34.9,300.0,1.0
440.0,68.0,620.0,74.0,155.0,40.0,590.0,74.0,645.0,47.0,42.0,28.6,28.6,36.5,23.35,13.0,17.0,STEEL,25.0,45.0,35.0,330.0,350.0,16.0,18.0,False,False,130.0,2.0,0.9,1.1,0.9,1.2,1.0,0.9,680.0,55.0,680.0,55.0,0,1,False,0,1.0,70.0,45.0,692.0,31.8,False,False,False,False,True,10,2,False,255.0,255.0,255,SPOKED,SPOKED,0,0.0,80.0,80.0,290.0,720.0,34.9,320.0,1.0
400.0,65.0,580.0,73.5,150.0,55.0,570.0,73.0,630.0,44.0,40.0,25.4,25.4,36.5,23.35,13.0,15.0,STEEL,18.0,38.0,38.0,330.0,350.0,16.0,18.0,False,False,130.0,2.0,0.9,1.1,0.9,1.2,1.0,0.9,675.0,50.0,675.0,50.0,0,0,False,0,2.0,68.0,45.0,692.0,31.8,False,False,False,False,True,9,2,False,255.0,255.0,255,SPOKED,SPOKED,0,0.0,80.0,80.0,280.0,710.0,34.9,310.0,2.0
450.0,70.0,615.0,72.0,165.0,48.0,605.0,74.0,655.0,46.0,42.0,33.6,33.6,36.5,23.35,13.0,18.0,STEEL,24.0,43.0,41.0,330.0,350.0,16.0,18.0,False,False,130.0,2.0,0.9,1.1,0.9,1.2,1.0,0.9,682.0,52.0,682.0,52.0,0,1,False,0,1.0,70.0,45.0,692.0,31.8,False,False,False,False,True,11,2,False,255.0,255.0,255,SPOKED,SPOKED,0,0.0,80.0,80.0,295.0,745.0,34.9,330.0,1.0
390.0,72.0,590.0,73.0,158.0,42.0,575.0,73.0,640.0,48.0,40.0,28.6,28.6,36.5,23.35,13.0,15.0,STEEL,22.0,44.0,36.0,330.0,350.0,16.0,18.0,False,False,130.0,2.0,0.9,1.1,0.9,1.2,1.0,0.9,682.0,52.0,682.0,52.0,0,2,False,0,1.0,70.0,45.0,692.0,31.8,False,False,False,False,True,12,2,False,255.0,255.0,255,SPOKED,SPOKED,0,0.0,80.0,80.0,275.0,725.0,34.9,305.0,1.0
460.0,68.0,620.0,72.0,162.0,60.0,610.0,73.0,665.0,46.0,40.0,25.4,25.4,36.5,23.35,13.0,17.0,STEEL,25.0,48.0,42.0,330.0,350.0,16.0,18.0,False,False,130.0,2.0,0.9,1.1,0.9,1.2,1.0,0.9,688.0,54.0,688.0,54.0,0,1,False,0,1.0,70.0,45.0,692.0,31.8,False,False,False,False,True,10,2,False,255.0,255.0,255,SPOKED,SPOKED,0,0.0,80.0,80.0,285.0,735.0,34.9,315.0,1.0
410.0,69.0,600.0,74.0,170.0,50.0,595.0,73.0,655.0,45.0,40.0,28.6,31.8,36.5,23.35,13.0,16.0,STEEL,30.0,42.0,38.0,330.0,350.0,16.0,18.0,False,False,130.0,2.0,0.9,1.1,0.9,1.2,1.0,0.9,687.0,53.0,687.0,53.0,0,0,False,0,2.0,70.0,45.0,692.0,31.8,False,False,False,False,True,9,2,False,255.0,255.0,255,SPOKED,SPOKED,0,0.0,80.0,80.0,295.0,720.0,34.9,300.0,2.0
480.0,74.0,640.0,73.0,180.0,65.0,620.0,74.0,675.0,50.0,42.0,33.6,33.6,36.5,23.35,13.0,15.0,STEEL,28.0,50.0,45.0,330.0,350.0,16.0,18.0,False,False,130.0,2.0,0.9,1.1,0.9,1.2,1.0,0.9,690.0,55.0,690.0,55.0,0,2,False,0,1.0,75.0,50.0,692.0,34.0,False,False,False,False,True,11,2,False,255.0,255.0,255,SPOKED,SPOKED,0,0.0,80.0,80.0,295.0,750.0,34.9,340.0,1.0
395.0,67.0,605.0,72.5,155.0,43.0,585.0,73.5,640.0,47.0,40.0,25.4,28.6,36.5,23.35,13.0,15.0,STEEL,21.0,41.0,37.0,330.0,350.0,16.0,18.0,False,False,130.0,2.0,0.9,1.1,0.9,1.2,1.0,0.9,683.0,51.0,683.0,51.0,0,1,False,0,1.0,68.0,45.0,692.0,31.8,False,False,False,False,True,8,2,False,255.0,255.0,255,SPOKED,SPOKED,0,0.0,80.0,80.0,278.0,715.0,34.9,300.0,1.0
410.0,70.0,620.0,73.0,150.0,45.0,580.0,73.0,660.0,45.0,40.0,32.0,36.0,24.0,24.0,15.0,10,STEEL,30.0,40.0,50.0,330.0,350.0,16.0,18,False,False,130.0,2.0,0.9,1.1,0.9,1.2,1.0,0.9,700.0,50.0,700.0,50.0,0,1,False,0,1.0,68.0,45.0,30.0,31.8,False,False,False,False,True,11,2,False,255.0,255.0,255,SPOKED,SPOKED,0,0.0,0.0,0.0,280.0,300.0,34.0,350,1.0
405.0,68.0,630.0,72.5,145.0,46.0,590.0,73.5,655.0,46.0,40.0,32.0,36.0,24.0,24.0,15.0,10,STEEL,32.0,42.0,48.0,330.0,350.0,16.0,18,False,False,132.0,2.1,0.9,1.0,0.9,1.2,1.0,0.9,700.0,52.0,700.0,52.0,0,1,False,0,1.0,69.0,46.0,32.0,31.9,False,False,False,False,True,11,2,False,255.0,255.0,255,SPOKED,SPOKED,0,0.0,0.0,0.0,285.0,310.0,34.0,360,1.0
420.0,72.0,615.0,73.7,155.0,44.0,600.0,72.8,668.0,44.0,40.0,33.0,37.0,25.0,25.0,16.0,12,STEEL,34.0,44.0,46.0,330.0,350.0,16.0,18,False,False,130.0,2.0,0.95,1.05,0.95,1.25,1.05,0.95,700.0,50.0,700.0,50.0,0,1,False,0,1.0,68.0,45.0,35.0,32.0,False,False,False,False,True,11,2,False,255.0,255.0,255,SPOKED,SPOKED,0,0.0,0.0,0.0,290.0,320.0,34.0,340,1.0
395.0,75.0,605.0,72.0,140.0,47.0,575.0,73.2,650.0,48.0,40.0,32.0,36.0,24.0,24.0,15.0,10,STEEL,31.0,38.0,48.0,330.0,350.0,16.0,18,False,False,135.0,2.0,0.9,1.1,0.9,1.2,1.0,0.9,700.0,48.0,700.0,49.0,0,1,False,0,1.0,68.0,44.0,31.0,31.6,False,False,False,False,True,11,2,False,250.0,250.0,250,SPOKED,SPOKED,0,0.0,0.0,0.0,275.0,305.0,34.0,330,1.0
415.0,65.0,640.0,74.0,160.0,45.0,585.0,72.0,675.0,43.0,40.0,32.0,36.0,24.0,24.0,15.0,10,STEEL,33.0,42.0,52.0,330.0,350.0,16.0,18,False,False,130.0,2.0,0.9,1.1,0.9,1.2,1.0,0.9,700.0,55.0,700.0,55.0,0,1,False,0,1.0,68.0,47.0,33.0,32.2,False,False,False,False,True,11,2,False,255.0,255.0,254,SPOKED,SPOKED,0,0.0,0.0,0.0,295.0,315.0,34.0,360,1.0
430.0,68.0,625.0,73.2,150.0,46.0,590.0,72.5,660.0,45.0,40.0,32.0,36.0,24.0,24.0,15.0,10,STEEL,30.0,40.0,50.0,330.0,350.0,16.0,18,False,False,132.0,2.0,0.9,1.1,0.9,1.2,1.0,0.9,700.0,50.0,700.0,50.0,0,1,False,0,1.0,68.0,45.0,30.0,31.8,False,False,False,False,True,11,2,False,255.0,254.0,255,SPOKED,SPOKED,0,0.0,0.0,0.0,280.0,300.0,34.0,350,1.0
400.0,70.0,618.0,72.9,148.0,45.0,580.0,73.7,660.0,46.0,40.0,32.0,36.0,24.0,24.0,15.0,10,STEEL,31.0,41.0,49.0,330.0,350.0,16.0,18,False,False,130.0,2.0,0.9,1.1,0.9,1.2,1.0,0.9,700.0,50.0,700.0,50.0,0,1,False,0,1.0,68.0,44.0,30.0,31.7,False,False,False,False,True,11,2,False,255.0,253.0,255,SPOKED,SPOKED,0,0.0,0.0,0.0,285.0,310.0,34.0,360,1.0
410.0,70.0,630.0,73.5,152.0,46.0,590.0,72.2,665.0,44.2,40.0,32.0,36.0,24.0,24.0,15.0,10,STEEL,32.0,42.0,48.0,330.0,350.0,16.0,18,False,False,130.0,2.0,0.9,1.1,0.9,1.2,1.0,0.9,700.0,50.0,700.0,50.0,0,1,False,0,1.0,68.0,45.0,30.0,31.8,False,False,False,False,True,11,2,False,255.0,255.0,255,TRISPOKE,SPOKED,1,0.0,80.0,0.0,286.0,311.0,34.0,355,1.0
395.0,68.0,610.0,74.5,142.0,44.0,575.0,72.9,655.0,45.0,40.0,32.0,36.0,24.0,24.0,15.0,10,STEEL,30.0,38.0,47.0,330.0,350.0,16.0,18,False,False,130.0,2.0,0.9,1.1,0.9,1.2,1.0,0.9,700.0,55.0,700.0,55.0,0,1,False,0,1.0,68.0,44.0,33.0,32.0,False,False,False,False,True,11,2,False,255.0,255.0,255,TRISPOKE,TRISPOKE,2,2.0,85.0,85.0,290.0,320.0,34.0,345,1.0
405.0,72.0,635.0,73.8,158.0,45.0,600.0,73.0,670.0,43.0,40.0,32.0,36.0,24.0,24.0,15.0,10,STEEL,33.0,43.0,51.0,330.0,350.0,16.0,18,False,False,132.0,2.0,0.9,1.1,0.9,1.2,1.0,0.9,700.0,50.0,700.0,50.0,0,1,False,0,3.0,68.0,45.0,34.0,31.9,False,False,False,False,True,11,2,False,250.0,250.0,255,SPOKED,SPOKED,0,0.0,0.0,0.0,295.0,315.0,34.0,355,3.0
410.0,60.0,620.0,73.0,180.0,48.0,550.0,74.0,665.0,50.0,40.0,28.6,36.5,23.35,13.0,15.0,9,STEEL,33.0,42.0,48.0,0.0,0.0,0.0,0,False,False,130.0,2.0,0.9,1.1,0.9,1.2,1.0,0.9,680.0,121.0,680.0,121.0,0,0,False,0,1.0,68.0,45.0,0.0,31.8,False,False,False,False,True,11,2,False,255.0,255.0,255,SPOKED,SPOKED,1,1.0,80.0,80.0,278.0,760.0,34.9,300,1.0
415.0,62.0,630.0,73.5,185.0,47.0,545.0,74.0,670.0,48.0,42.0,28.6,36.5,23.35,13.0,15.0,9,STEEL,34.0,43.0,46.0,0.0,0.0,0.0,0,False,False,130.0,2.0,0.9,1.1,0.9,1.2,1.0,0.9,680.0,121.0,680.0,121.0,0,0,False,0,1.0,68.0,45.0,0.0,31.8,False,False,False,False,True,11,2,False,255.0,255.0,255,SPOKED,SPOKED,1,1.0,80.0,80.0,278.0,760.0,34.9,300,1.0
420.0,58.0,615.0,72.5,175.0,49.0,540.0,73.5,660.0,49.0,41.0,28.6,36.5,23.35,13.0,15.0,9,STEEL,32.0,41.0,49.0,0.0,0.0,0.0,0,False,False,130.0,2.0,0.9,1.1,0.9,1.2,1.0,0.9,680.0,121.0,680.0,121.0,0,0,False,0,1.0,68.0,45.0,0.0,31.8,False,False,False,False,True,11,2,False,255.0,255.0,255,SPOKED,SPOKED,1,1.0,80.0,80.0,278.0,760.0,34.9,300,1.0
405.0,65.0,640.0,73.0,190.0,46.0,555.0,74.5,675.0,47.0,43.0,28.6,36.5,23.35,13.0,15.0,9,STEEL,35.0,44.0,50.0,0.0,0.0,0.0,0,False,False,130.0,2.0,0.9,1.1,0.9,1.2,1.0,0.9,680.0,121.0,680.0,121.0,0,0,False,0,1.0,68.0,45.0,0.0,31.8,False,False,False,False,True,11,2,False,255.0,255.0,255,SPOKED,SPOKED,1,1.0,80.0,80.0,278.0,760.0,34.9,300,1.0
425.0,60.0,610.0,72.0,170.0,48.0,535.0,73.0,655.0,50.0,40.0,28.6,36.5,23.35,13.0,15.0,9,STEEL,31.0,40.0,45.0,0.0,0.0,0.0,0,False,False,130.0,2.0,0.9,1.1,0.9,1.2,1.0,0.9,680.0,121.0,680.0,121.0,0,0,False,0,1.0,68.0,45.0,0.0,31.8,False,False,False,False,True,11,2,False,255.0,255.0,255,SPOKED,SPOKED,1,1.0,80.0,80.0,278.0,760.0,34.9,300,1.0
412.0,64.0,625.0,74.0,182.0,46.0,548.0,74.0,668.0,46.0,42.0,28.6,36.5,23.35,13.0,15.0,9,STEEL,33.0,42.0,47.0,0.0,0.0,0.0,0,False,False,130.0,2.0,0.9,1.1,0.9,1.2,1.0,0.9,680.0,121.0,680.0,121.0,0,0,False,0,1.0,68.0,45.0,0.0,31.8,False,False,False,False,True,11,2,False,255.0,255.0,255,SPOKED,SPOKED,1,1.0,80.0,80.0,278.0,760.0,34.9,300,1.0
418.0,59.0,618.0,72.5,178.0,49.0,542.0,73.5,662.0,51.0,41.0,28.6,36.5,23.35,13.0,15.0,9,STEEL,32.0,43.0,48.0,0.0,0.0,0.0,0,False,False,130.0,2.0,0.9,1.1,0.9,1.2,1.0,0.9,680.0,121.0,680.0,121.0,0,0,False,0,1.0,68.0,45.0,0.0,31.8,False,False,False,False,True,11,2,False,255.0,255.0,255,SPOKED,SPOKED,1,1.0,80.0,80.0,278.0,760.0,34.9,300,1.0
422.0,61.0,635.0,73.0,188.0,47.0,552.0,74.0,672.0,48.0,42.0,28.6,36.5,23.35,13.0,15.0,9,STEEL,34.0,44.0,49.0,0.0,0.0,0.0,0,False,False,130.0,2.0,0.9,1.1,0.9,1.2,1.0,0.9,680.0,121.0,680.0,121.0,0,0,False,0,1.0,68.0,45.0,0.0,31.8,False,False,False,False,True,11,2,False,255.0,255.0,255,SPOKED,SPOKED,1,1.0,80.0,80.0,278.0,760.0,34.9,300,1.0
408.0,63.0,605.0,72.0,172.0,50.0,538.0,73.0,658.0,49.0,40.0,28.6,36.5,23.35,13.0,15.0,9,STEEL,31.0,42.0,50.0,0.0,0.0,0.0,0,False,False,130.0,2.0,0.9,1.1,0.9,1.2,1.0,0.9,680.0,121.0,680.0,121.0,0,0,False,0,1.0,68.0,45.0,0.0,31.8,False,False,False,False,True,11,2,False,255.0,255.0,255,SPOKED,SPOKED,1,1.0,80.0,80.0,278.0,760.0,34.9,300,1.0
430.0,57.0,645.0,74.0,195.0,45.0,560.0,75.0,680.0,45.0,44.0,28.6,36.5,23.35,13.0,15.0,9,STEEL,35.0,45.0,46.0,0.0,0.0,0.0,0,False,False,130.0,2.0,0.9,1.1,0.9,1.2,1.0,0.9,680.0,121.0,680.0,121.0,0,0,False,0,1.0,68.0,45.0,0.0,31.8,False,False,False,False,True,11,2,False,255.0,255.0,255,SPOKED,SPOKED,1,1.0,80.0,80.0,278.0,760.0,34.9,300,1.0
430.0,70.0,620.0,73.0,180.0,50.0,550.0,74.0,660.0,50.0,40.0,28.6,36.5,30.0,30.0,15.0,9.0,STEEL,40.0,40.0,50.0,330.0,350.0,0.0,0.0,False,False,130.0,2.0,2.0,2.0,2.0,2.0,2.0,2.0,700.0,60.0,700.0,60.0,0,0,False,0,1.0,68.0,45.0,0.0,31.8,False,False,False,False,True,11,2,False,254.0,254.0,254,SPOKED,TRISPOKE,0,1.0,0.0,45.0,280.0,600.0,36.0,300.0,1.0
425.0,65.0,615.0,72.5,170.0,45.0,545.0,75.0,665.0,55.0,42.0,29.0,37.0,31.0,31.0,16.0,8.0,STEEL,38.0,42.0,48.0,0.0,0.0,0.0,0.0,False,False,135.0,1.8,1.8,1.8,1.8,1.8,1.8,1.8,690.0,55.0,690.0,55.0,0,2,False,0,1.0,70.0,50.0,0.0,32.0,False,False,False,False,True,12,2,False,254.0,254.0,254,TRISPOKE,SPOKED,1,0.0,45.0,0.0,285.0,605.0,36.5,305.0,1.0
440.0,72.0,625.0,73.5,185.0,50.0,555.0,73.5,655.0,48.0,40.0,28.6,36.5,30.0,30.0,15.0,9.0,STEEL,42.0,38.0,52.0,0.0,0.0,0.0,0.0,False,False,130.0,2.0,2.1,2.0,2.0,2.0,2.0,2.0,700.0,58.0,700.0,58.0,0,1,False,0,1.0,68.0,47.0,0.0,31.0,False,False,False,False,True,10,2,False,254.0,254.0,254,SPOKED,SPOKED,0,0.0,0.0,0.0,275.0,590.0,36.0,295.0,1.0
420.0,68.0,610.0,74.0,175.0,48.0,540.0,74.5,662.0,52.0,42.0,29.0,38.0,32.0,32.0,14.0,8.0,STEEL,39.0,39.0,49.0,0.0,0.0,0.0,0.0,False,False,132.0,2.0,2.0,2.0,2.0,2.0,2.0,2.0,695.0,57.0,695.0,57.0,0,2,False,0,1.0,69.0,46.0,0.0,31.8,False,False,False,False,True,11,2,False,254.0,254.0,254,TRISPOKE,TRISPOKE,1,1.0,45.0,45.0,280.0,600.0,37.0,300.0,1.0
435.0,70.0,630.0,72.0,190.0,52.0,560.0,73.0,665.0,49.0,40.0,28.0,36.0,30.0,30.0,15.0,9.0,STEEL,41.0,42.0,51.0,330.0,350.0,16.0,18.0,True,True,135.0,2.0,2.0,2.0,2.0,2.0,2.0,2.0,700.0,60.0,700.0,60.0,0,0,False,0,1.0,68.0,45.0,0.0,31.8,True,True,False,False,True,12,2,False,254.0,254.0,254,SPOKED,SPOKED,0,0.0,0.0,0.0,285.0,610.0,36.0,305.0,1.0
420.0,68.0,618.0,73.0,178.0,50.0,550.0,74.0,660.0,50.0,40.0,28.6,37.0,31.0,31.0,15.0,9.0,STEEL,40.0,40.0,50.0,0.0,0.0,0.0,0.0,False,False,130.0,2.0,2.0,2.0,2.0,2.0,2.0,2.0,700.0,60.0,700.0,60.0,0,1,False,0,0.0,68.0,45.0,0.0,31.8,False,False,False,False,True,11,2,False,254.0,254.0,254,DISC,SPOKED,0,0.0,0.0,0.0,275.0,595.0,37.0,290.0,1.0
438.0,71.0,622.0,72.8,182.0,49.0,555.0,74.2,658.0,51.0,41.0,29.0,37.5,32.0,32.0,14.5,8.5,STEEL,41.5,41.0,51.0,330.0,350.0,15.0,17.0,True,True,132.0,2.1,2.1,2.1,2.1,2.1,2.1,2.1,700.0,59.0,700.0,59.0,0,0,False,0,1.0,68.0,49.0,0.0,32.0,False,False,False,False,True,11,2,False,254.0,254.0,253,SPOKED,SPOKED,0,0.0,0.0,0.0,285.0,605.0,36.5,305.0,1.0
432.0,69.0,630.0,73.2,188.0,52.0,565.0,73.8,670.0,49.0,40.0,28.6,36.5,30.0,30.0,16.0,9.0,STEEL,44.0,43.0,54.0,0.0,0.0,0.0,0.0,False,False,130.0,2.0,2.0,2.0,2.0,2.0,2.0,2.0,700.0,60.0,700.0,60.0,0,1,False,0,1.0,68.0,45.0,0.0,31.8,False,False,False,False,True,12,2,False,254.0,253.0,254,TRISPOKE,DISC,1,0.0,45.0,0.0,287.0,610.0,37.0,310.0,1.0
445.0,70.0,635.0,72.2,195.0,53.0,570.0,73.3,675.0,50.0,40.0,28.6,36.5,30.0,30.0,15.0,9.0,STEEL,45.0,44.0,55.0,330.0,350.0,18.0,18.0,True,True,135.0,2.0,2.0,2.0,2.0,2.0,2.0,2.0,700.0,62.0,700.0,62.0,0,2,False,0,1.0,68.0,50.0,0.0,32.0,False,False,False,False,True,11,2,False,250.0,250.0,250,SPOKED,SPOKED,0,0.0,0.0,0.0,290.0,620.0,36.5,320.0,1.0
420.0,66.0,605.0,74.0,160.0,45.0,540.0,75.0,650.0,47.0,40.0,28.6,36.5,30.0,30.0,15.0,9.0,STEEL,35.0,35.0,45.0,0.0,0.0,0.0,0.0,False,False,130.0,2.0,2.0,2.0,2.0,2.0,2.0,2.0,680.0,55.0,680.0,55.0,0,2,False,0,1.0,68.0,45.0,0.0,31.8,False,False,False,False,True,10,1,False,254.0,254.0,254,DISC,TRISPOKE,0,1.0,0.0,45.0,275.0,580.0,36.0,285.0,1.0
410.0,70.0,600.0,73.0,180.0,50.0,580.0,74.0,660.0,45.0,40.0,28.6,36.5,23.35,23.35,13.0,15.0,STEEL,35.0,50.0,45.0,330.0,350.0,16.0,18.0,False,False,130.0,2.0,0.9,1.1,0.9,1.2,1.0,0.9,680.0,52.0,680.0,52.0,0,0,False,0,1.0,68.0,45.0,692.0,31.8,False,False,False,False,True,11,2,False,255.0,255.0,255,SPOKED,SPOKED,1,1.0,80.0,80.0,278.0,760.0,34.9,300.0,1.0
395.0,65.0,620.0,72.5,160.0,55.0,600.0,74.5,655.0,42.0,40.0,28.6,36.5,23.35,23.35,13.0,15.0,STEEL,33.0,52.0,43.0,330.0,350.0,16.0,18.0,False,False,130.0,2.0,0.9,1.1,0.9,1.2,1.0,0.9,680.0,52.0,680.0,52.0,0,1,False,0,1.0,68.0,45.0,692.0,31.8,False,False,False,False,True,11,2,False,255.0,255.0,255,SPOKED,SPOKED,1,1.0,80.0,80.0,278.0,760.0,34.9,300.0,1.0
430.0,75.0,580.0,73.5,200.0,45.0,570.0,73.0,670.0,48.0,40.0,28.6,36.5,23.35,23.35,13.0,15.0,STEEL,37.0,48.0,47.0,330.0,350.0,16.0,18.0,False,False,130.0,2.0,0.9,1.1,0.9,1.2,1.0,0.9,680.0,52.0,680.0,52.0,0,2,False,0,1.0,68.0,45.0,692.0,31.8,False,False,False,False,True,11,2,False,255.0,255.0,255,SPOKED,SPOKED,1,1.0,80.0,80.0,278.0,760.0,34.9,300.0,1.0
380.0,68.0,610.0,72.0,150.0,60.0,590.0,75.0,650.0,40.0,40.0,28.6,36.5,23.35,23.35,13.0,15.0,STEEL,32.0,55.0,42.0,330.0,350.0,16.0,18.0,False,False,130.0,2.0,0.9,1.1,0.9,1.2,1.0,0.9,680.0,52.0,680.0,52.0,0,0,False,0,1.0,68.0,45.0,692.0,31.8,False,True,False,False,True,11,2,False,255.0,255.0,255,SPOKED,SPOKED,1,1.0,80.0,80.0,278.0,760.0,34.9,300.0,1.0
420.0,70.0,590.0,74.0,170.0,50.0,560.0,74.0,665.0,46.0,40.0,28.6,36.5,23.35,23.35,13.0,15.0,STEEL,36.0,49.0,46.0,330.0,350.0,16.0,18.0,False,False,130.0,2.0,0.9,1.1,0.9,1.2,1.0,0.9,680.0,52.0,680.0,52.0,0,1,False,0,1.0,68.0,45.0,692.0,31.8,True,False,False,False,True,11,2,False,255.0,255.0,255,SPOKED,SPOKED,1,1.0,80.0,80.0,278.0,760.0,34.9,300.0,1.0
415.0,72.0,605.0,73.0,190.0,48.0,575.0,73.5,662.0,47.0,40.0,28.6,36.5,23.35,23.35,13.0,15.0,STEEL,38.0,51.0,48.0,330.0,350.0,16.0,18.0,False,False,130.0,2.0,0.9,1.1,0.9,1.2,1.0,0.9,680.0,52.0,680.0,52.0,0,2,False,0,1.0,68.0,45.0,692.0,31.8,False,False,False,False,True,11,2,False,255.0,255.0,255,SPOKED,SPOKED,1,1.0,80.0,80.0,278.0,760.0,34.9,300.0,1.0
400.0,67.0,595.0,72.8,165.0,52.0,580.0,74.2,658.0,43.0,40.0,28.6,36.5,23.35,23.35,13.0,15.0,STEEL,34.0,53.0,44.0,330.0,350.0,16.0,18.0,False,False,130.0,2.0,0.9,1.1,0.9,1.2,1.0,0.9,680.0,52.0,680.0,52.0,0,0,False,0,1.0,68.0,45.0,692.0,31.8,False,False,False,False,True,11,2,False,255.0,255.0,255,SPOKED,SPOKED,1,1.0,80.0,80.0,278.0,760.0,34.9,300.0,1.0
435.0,74.0,585.0,73.2,185.0,47.0,565.0,73.8,668.0,49.0,40.0,28.6,36.5,23.35,23.35,13.0,15.0,STEEL,39.0,47.0,49.0,330.0,350.0,16.0,18.0,False,False,130.0,2.0,0.9,1.1,0.9,1.2,1.0,0.9,680.0,52.0,680.0,52.0,0,1,False,0,1.0,68.0,45.0,692.0,31.8,False,False,False,False,True,11,2,False,255.0,255.0,255,SPOKED,SPOKED,1,1.0,80.0,80.0,278.0,760.0,34.9,300.0,1.0
390.0,69.0,615.0,72.3,155.0,58.0,595.0,74.8,652.0,41.0,40.0,28.6,36.5,23.35,23.35,13.0,15.0,STEEL,31.0,56.0,41.0,330.0,350.0,16.0,18.0,False,False,130.0,2.0,0.9,1.1,0.9,1.2,1.0,0.9,680.0,52.0,680.0,52.0,0,2,False,0,1.0,68.0,45.0,692.0,31.8,False,False,False,False,True,11,2,False,255.0,255.0,255,SPOKED,SPOKED,1,1.0,80.0,80.0,278.0,760.0,34.9,300.0,1.0
425.0,71.0,600.0,73.6,175.0,51.0,585.0,73.3,660.0,44.0,40.0,28.6,36.5,23.35,23.35,13.0,15.0,STEEL,36.5,50.5,46.5,330.0,350.0,16.0,18.0,False,False,130.0,2.0,0.9,1.1,0.9,1.2,1.0,0.9,680.0,52.0,680.0,52.0,0,1,False,0,1.0,68.0,45.0,692.0,31.8,False,False,False,False,True,11,2,False,255.0,255.0,255,SPOKED,SPOKED,1,1.0,80.0,80.0,278.0,760.0,34.9,300.0,1.0
410.0,70.0,600.0,73.0,150.0,50.0,540.0,73.0,660.0,50.0,45.0,28.6,36.5,23.35,23.35,15.0,9.0,STEEL,30.0,30.0,40.0,330.0,330.0,16.0,16.0,False,False,130.0,1.2,1.0,1.0,1.0,0.9,0.9,1.0,680.0,121.0,680.0,121.0,0,0,False,0,1.0,68.0,45.0,0.0,31.8,True,True,False,False,True,11,2,False,255.0,255.0,255,SPOKED,SPOKED,0,0.0,0.0,0.0,280.0,770.0,34.9,330.0,1.0
425.0,70.0,620.0,72.5,160.0,50.0,560.0,72.5,670.0,45.0,45.0,28.6,36.5,23.35,23.35,15.0,9.0,STEEL,32.0,32.0,38.0,330.0,330.0,16.0,16.0,False,False,130.0,1.2,1.0,1.0,1.0,0.9,0.9,1.0,680.0,121.0,680.0,121.0,0,1,False,0,1.0,68.0,45.0,0.0,31.8,True,True,False,False,True,10,2,False,255.0,255.0,255,SPOKED,SPOKED,0,0.0,0.0,0.0,290.0,760.0,34.9,320.0,1.0
405.0,68.0,590.0,73.5,140.0,50.0,530.0,73.5,650.0,52.0,45.0,28.6,36.5,23.35,23.35,15.0,9.0,STEEL,28.0,28.0,42.0,330.0,330.0,16.0,16.0,False,False,130.0,1.2,1.0,1.0,1.0,0.9,0.9,1.0,680.0,121.0,680.0,121.0,0,0,False,0,1.0,68.0,45.0,0.0,31.8,True,True,False,False,True,12,2,False,255.0,255.0,255,SPOKED,SPOKED,0,0.0,0.0,0.0,270.0,340.0,34.9,310.0,1.0
430.0,65.0,610.0,72.0,155.0,50.0,550.0,72.0,665.0,50.0,45.0,28.6,36.5,23.35,23.35,15.0,9.0,STEEL,31.0,31.0,39.0,330.0,330.0,16.0,16.0,False,False,130.0,1.2,1.0,1.0,1.0,0.9,0.9,1.0,680.0,121.0,680.0,121.0,0,2,False,0,1.0,68.0,45.0,0.0,31.8,True,True,False,False,True,11,1,False,255.0,255.0,255,SPOKED,SPOKED,0,0.0,0.0,0.0,285.0,350.0,34.9,320.0,1.0
415.0,75.0,630.0,71.5,170.0,50.0,580.0,71.5,675.0,48.0,45.0,28.6,36.5,23.35,23.35,15.0,9.0,STEEL,35.0,35.0,36.0,330.0,330.0,16.0,16.0,False,False,130.0,1.2,1.0,1.0,1.0,0.9,0.9,1.0,680.0,121.0,680.0,121.0,0,1,False,0,1.0,68.0,45.0,0.0,31.8,True,True,False,False,True,10,2,False,255.0,255.0,255,SPOKED,SPOKED,0,0.0,0.0,0.0,295.0,330.0,34.9,350.0,3.0
435.0,68.0,605.0,72.8,145.0,50.0,560.0,72.8,668.0,49.0,45.0,28.6,36.5,23.35,23.35,15.0,9.0,STEEL,30.0,30.0,38.5,330.0,330.0,16.0,16.0,False,False,130.0,1.2,1.0,1.0,1.0,0.9,0.9,1.0,680.0,121.0,680.0,121.0,0,2,False,0,1.0,68.0,45.0,0.0,31.8,True,True,False,False,True,11,2,False,255.0,255.0,255,SPOKED,SPOKED,0,0.0,0.0,0.0,285.0,325.0,34.9,330.0,1.0
420.0,72.0,615.0,73.2,165.0,50.0,545.0,73.2,672.0,50.0,45.0,28.6,36.5,23.35,23.35,15.0,9.0,STEEL,33.0,33.0,37.0,330.0,330.0,16.0,16.0,False,False,130.0,1.2,1.0,1.0,1.0,0.9,0.9,1.0,680.0,121.0,680.0,121.0,0,1,False,0,1.0,68.0,45.0,0.0,31.8,True,True,False,False,True,12,1,False,255.0,255.0,255,SPOKED,SPOKED,0,0.0,0.0,0.0,300.0,340.0,34.9,340.0,2.0
445.0,66.0,592.0,72.3,152.0,50.0,555.0,72.3,659.0,46.0,45.0,28.6,36.5,23.35,23.35,15.0,9.0,STEEL,32.0,32.0,39.5,330.0,330.0,16.0,16.0,False,False,130.0,1.2,1.0,1.0,1.0,0.9,0.9,1.0,680.0,121.0,680.0,121.0,0,0,False,0,1.0,68.0,45.0,0.0,31.8,True,True,False,False,True,10,2,False,255.0,255.0,255,SPOKED,SPOKED,0,0.0,0.0,0.0,275.0,330.0,34.9,315.0,1.0
400.0,73.0,625.0,71.8,158.0,50.0,570.0,71.8,663.0,51.0,45.0,28.6,36.5,23.35,23.35,15.0,9.0,STEEL,34.0,34.0,38.0,330.0,330.0,16.0,16.0,False,False,130.0,1.2,1.0,1.0,1.0,0.9,0.9,1.0,680.0,121.0,680.0,121.0,0,1,False,0,1.0,68.0,45.0,0.0,31.8,True,True,False,False,True,10,1,False,255.0,255.0,255,SPOKED,SPOKED,0,0.0,0.0,0.0,290.0,345.0,34.9,350.0,1.0
440.0,69.0,635.0,72.6,168.0,50.0,565.0,72.6,669.0,49.0,45.0,28.6,36.5,23.35,23.35,15.0,9.0,STEEL,36.0,36.0,37.0,330.0,330.0,16.0,16.0,False,False,130.0,1.2,1.0,1.0,1.0,0.9,0.9,1.0,680.0,121.0,680.0,121.0,0,2,False,0,1.0,68.0,45.0,0.0,31.8,True,True,False,False,True,12,2,False,255.0,255.0,255,SPOKED,SPOKED,0,0.0,0.0,0.0,280.0,360.0,34.9,325.0,2.0
420.0,70.0,600.0,72.0,180.0,45.0,570.0,72.0,650.0,48.0,45.0,33.0,36.5,23.35,23.35,15.0,9.0,STEEL,30.0,40.0,40.0,330.0,350.0,16.0,18.0,False,False,130.0,2.0,1.0,1.1,0.9,0.9,1.2,1.0,680.0,52.0,680.0,52.0,0,2,False,0,1.0,68.0,45.0,0.0,31.8,False,True,False,False,True,10,2,False,255.0,255.0,255,SPOKED,SPOKED,0,0.0,0.0,0.0,280.0,760.0,34.9,300.0,1.0
425.0,70.0,605.0,72.5,185.0,45.0,575.0,73.0,655.0,47.0,46.0,33.0,36.5,23.35,23.35,15.0,9.0,STEEL,30.0,40.0,40.0,330.0,350.0,16.0,18.0,False,False,130.0,2.0,1.0,1.1,0.9,0.9,1.2,1.0,680.0,52.0,680.0,52.0,0,2,False,0,1.0,68.0,45.0,0.0,31.8,True,True,False,False,True,10,2,False,255.0,255.0,255,SPOKED,SPOKED,0,0.0,0.0,0.0,280.0,760.0,34.9,300.0,1.0
430.0,70.0,610.0,73.0,190.0,45.0,580.0,74.0,660.0,49.0,44.0,33.0,36.5,23.35,23.35,15.0,9.0,STEEL,30.0,40.0,40.0,330.0,350.0,16.0,18.0,False,False,130.0,2.0,1.0,1.1,0.9,0.9,1.2,1.0,680.0,52.0,680.0,52.0,0,2,False,0,1.0,68.0,45.0,0.0,31.8,True,False,False,False,True,10,2,False,255.0,255.0,255,SPOKED,SPOKED,0,0.0,0.0,0.0,280.0,760.0,34.9,300.0,1.0
435.0,70.0,615.0,73.5,195.0,45.0,585.0,75.0,665.0,50.0,47.0,33.0,36.5,23.35,23.35,15.0,9.0,STEEL,30.0,40.0,40.0,330.0,350.0,16.0,18.0,False,False,130.0,2.0,1.0,1.1,0.9,0.9,1.2,1.0,680.0,52.0,680.0,52.0,0,2,False,0,1.0,68.0,45.0,0.0,31.8,False,False,False,False,True,10,2,False,255.0,255.0,255,SPOKED,SPOKED,0,0.0,0.0,0.0,280.0,760.0,34.9,300.0,1.0
440.0,70.0,620.0,74.0,200.0,45.0,590.0,73.0,670.0,46.0,48.0,33.0,36.5,23.35,23.35,15.0,9.0,STEEL,30.0,40.0,40.0,330.0,350.0,16.0,18.0,False,False,130.0,2.0,1.0,1.1,0.9,0.9,1.2,1.0,680.0,52.0,680.0,52.0,0,2,False,0,1.0,68.0,45.0,0.0,31.8,True,True,False,False,True,10,2,False,255.0,255.0,255,SPOKED,SPOKED,0,0.0,0.0,0.0,280.0,760.0,34.9,300.0,1.0
445.0,70.0,625.0,72.0,175.0,45.0,555.0,74.0,645.0,48.0,45.0,33.0,36.5,23.35,23.35,15.0,9.0,STEEL,30.0,40.0,40.0,330.0,350.0,16.0,18.0,False,False,130.0,2.0,1.0,1.1,0.9,0.9,1.2,1.0,680.0,52.0,680.0,52.0,0,2,False,0,1.0,68.0,45.0,0.0,31.8,False,True,False,False,True,10,2,False,255.0,255.0,255,SPOKED,SPOKED,0,0.0,0.0,0.0,280.0,760.0,34.9,300.0,1.0
450.0,70.0,630.0,73.0,170.0,45.0,560.0,72.0,640.0,47.0,46.0,33.0,36.5,23.35,23.35,15.0,9.0,STEEL,30.0,40.0,40.0,330.0,350.0,16.0,18.0,False,False,130.0,2.0,1.0,1.1,0.9,0.9,1.2,1.0,680.0,52.0,680.0,52.0,0,2,False,0,1.0,68.0,45.0,0.0,31.8,False,False,False,False,True,10,2,False,255.0,255.0,255,SPOKED,SPOKED,0,0.0,0.0,0.0,280.0,760.0,34.9,300.0,1.0
455.0,70.0,635.0,74.0,165.0,45.0,565.0,73.0,635.0,49.0,44.0,33.0,36.5,23.35,23.35,15.0,9.0,STEEL,30.0,40.0,40.0,330.0,350.0,16.0,18.0,False,False,130.0,2.0,1.0,1.1,0.9,0.9,1.2,1.0,680.0,52.0,680.0,52.0,0,2,False,0,1.0,68.0,45.0,0.0,31.8,True,False,False,False,True,10,2,False,255.0,255.0,255,SPOKED,SPOKED,0,0.0,0.0,0.0,280.0,760.0,34.9,300.0,1.0
460.0,70.0,640.0,73.5,160.0,45.0,550.0,74.0,630.0,50.0,47.0,33.0,36.5,23.35,23.35,15.0,9.0,STEEL,30.0,40.0,40.0,330.0,350.0,16.0,18.0,False,False,130.0,2.0,1.0,1.1,0.9,0.9,1.2,1.0,680.0,52.0,680.0,52.0,0,2,False,0,1.0,68.0,45.0,0.0,31.8,True,True,False,False,True,10,2,False,255.0,255.0,255,SPOKED,SPOKED,0,0.0,0.0,0.0,280.0,760.0,34.9,300.0,1.0
465.0,70.0,645.0,72.5,155.0,45.0,545.0,75.0,625.0,46.0,48.0,33.0,36.5,23.35,23.35,15.0,9.0,STEEL,30.0,40.0,40.0,330.0,350.0,16.0,18.0,False,False,130.0,2.0,1.0,1.1,0.9,0.9,1.2,1.0,680.0,52.0,680.0,52.0,0,2,False,0,1.0,68.0,45.0,0.0,31.8,False,False,False,False,True,10,2,False,255.0,255.0,255,SPOKED,SPOKED,0,0.0,0.0,0.0,280.0,760.0,34.9,300.0,1.0
390.0,68.0,570.0,72.0,150.0,45.0,525.0,72.5,640.0,45.0,38.0,27.0,35.0,23.35,22.0,12.0,14,STEEL,28.0,38.0,48.0,330.0,350.0,16.0,18,False,False,130.0,2.0,0.9,1.1,0.9,1.2,1.0,0.9,674.0,52.0,674.0,52.0,0,0,False,0,1.0,68.0,45.0,0.0,31.8,False,True,False,False,True,11,2,False,255.0,255.0,255,SPOKED,SPOKED,1,1.0,80.0,80.0,278.0,760.0,34.9,300,1.0
395.0,70.0,575.0,72.5,155.0,50.0,530.0,73.0,645.0,48.0,39.0,28.0,36.0,23.35,23.0,13.0,15,STEEL,29.0,39.0,49.0,330.0,350.0,16.0,18,False,False,130.0,2.0,0.9,1.1,0.9,1.2,1.0,0.9,674.0,52.0,674.0,52.0,0,0,False,0,1.0,68.0,45.0,0.0,31.8,False,True,False,False,True,11,2,False,255.0,255.0,255,SPOKED,SPOKED,1,1.0,80.0,80.0,278.0,760.0,34.9,300,1.0
400.0,72.0,580.0,73.0,160.0,55.0,535.0,73.5,650.0,50.0,40.0,28.6,36.5,23.35,23.35,14.0,16,STEEL,30.0,40.0,50.0,330.0,350.0,16.0,18,False,False,130.0,2.0,0.9,1.1,0.9,1.2,1.0,0.9,674.0,52.0,674.0,52.0,0,0,False,0,1.0,68.0,45.0,0.0,31.8,False,True,False,False,True,11,2,False,255.0,255.0,255,SPOKED,SPOKED,1,1.0,80.0,80.0,278.0,760.0,34.9,300,1.0
405.0,74.0,585.0,73.5,165.0,60.0,540.0,74.0,655.0,52.0,41.0,29.0,37.0,23.35,23.5,15.0,17,STEEL,31.0,41.0,51.0,330.0,350.0,16.0,18,False,False,130.0,2.0,0.9,1.1,0.9,1.2,1.0,0.9,674.0,52.0,674.0,52.0,0,0,False,0,1.0,68.0,45.0,0.0,31.8,False,True,False,False,True,11,2,False,255.0,255.0,255,SPOKED,SPOKED,1,1.0,80.0,80.0,278.0,760.0,34.9,300,1.0
410.0,76.0,590.0,74.0,170.0,65.0,545.0,74.5,660.0,55.0,42.0,30.0,38.0,23.35,24.0,16.0,18,STEEL,32.0,42.0,52.0,330.0,350.0,16.0,18,False,False,130.0,2.0,0.9,1.1,0.9,1.2,1.0,0.9,674.0,52.0,674.0,52.0,0,0,False,0,1.0,68.0,45.0,0.0,31.8,False,True,False,False,True,11,2,False,255.0,255.0,255,SPOKED,SPOKED,1,1.0,80.0,80.0,278.0,760.0,34.9,300,1.0
415.0,78.0,595.0,74.5,175.0,70.0,550.0,75.0,665.0,58.0,43.0,31.0,39.0,23.35,24.5,17.0,19,STEEL,33.0,43.0,53.0,330.0,350.0,16.0,18,False,False,130.0,2.0,0.9,1.1,0.9,1.2,1.0,0.9,674.0,52.0,674.0,52.0,0,0,False,0,1.0,68.0,45.0,0.0,31.8,False,True,False,False,True,11,2,False,255.0,255.0,255,SPOKED,SPOKED,1,1.0,80.0,80.0,278.0,760.0,34.9,300,1.0
420.0,80.0,600.0,75.0,180.0,75.0,555.0,75.5,670.0,60.0,44.0,32.0,40.0,23.35,25.0,18.0,20,STEEL,34.0,44.0,54.0,330.0,350.0,16.0,18,False,False,130.0,2.0,0.9,1.1,0.9,1.2,1.0,0.9,674.0,52.0,674.0,52.0,0,0,False,0,1.0,68.0,45.0,0.0,31.8,False,True,False,False,True,11,2,False,255.0,255.0,255,SPOKED,SPOKED,1,1.0,80.0,80.0,278.0,760.0,34.9,300,1.0
425.0,82.0,605.0,75.5,185.0,80.0,560.0,76.0,675.0,62.0,45.0,33.0,41.0,23.35,25.5,19.0,21,STEEL,35.0,45.0,55.0,330.0,350.0,16.0,18,False,False,130.0,2.0,0.9,1.1,0.9,1.2,1.0,0.9,674.0,52.0,674.0,52.0,0,0,False,0,1.0,68.0,45.0,0.0,31.8,False,True,False,False,True,11,2,False,255.0,255.0,255,SPOKED,SPOKED,1,1.0,80.0,80.0,278.0,760.0,34.9,300,1.0
430.0,84.0,610.0,76.0,190.0,85.0,565.0,76.5,680.0,65.0,46.0,34.0,42.0,23.35,26.0,20.0,22,STEEL,36.0,46.0,56.0,330.0,350.0,16.0,18,False,False,130.0,2.0,0.9,1.1,0.9,1.2,1.0,0.9,674.0,52.0,674.0,52.0,0,0,False,0,1.0,68.0,45.0,0.0,31.8,False,True,False,False,True,11,2,False,255.0,255.0,255,SPOKED,SPOKED,1,1.0,80.0,80.0,278.0,760.0,34.9,300,1.0
435.0,86.0,615.0,76.5,195.0,90.0,570.0,77.0,685.0,68.0,47.0,35.0,43.0,23.35,26.5,21.0,23,STEEL,37.0,47.0,57.0,330.0,350.0,16.0,18,False,False,130.0,2.0,0.9,1.1,0.9,1.2,1.0,0.9,674.0,52.0,674.0,52.0,0,0,False,0,1.0,68.0,45.0,0.0,31.8,False,True,False,False,True,11,2,False,255.0,255.0,255,SPOKED,SPOKED,1,1.0,80.0,80.0,278.0,760.0,34.9,300,1.0
420.0,70.0,600.0,73.5,180.0,50.0,550.0,73.0,600.0,45.0,45.0,28.6,36.5,23.35,23.35,13.0,15.0,STEEL,35.0,45.0,50.0,0.0,0.0,0.0,0.0,False,False,130.0,2.0,1.0,1.1,1.1,1.0,1.0,1.2,680.0,58.0,680.0,58.0,0,0,False,0,1.0,70.0,45.0,0.0,31.8,False,False,False,False,True,11,2,False,255.0,255.0,255,DISC,SPOKED,0,0.0,0.0,0.0,280.0,790.0,36.5,300.0,1.0
415.0,70.0,590.0,73.0,170.0,50.0,560.0,73.5,605.0,45.0,45.0,28.6,36.5,23.35,23.35,13.0,15.0,STEEL,34.0,46.0,51.0,0.0,0.0,0.0,0.0,False,False,130.0,2.0,1.0,1.1,1.1,1.0,1.0,1.2,680.0,58.0,680.0,58.0,0,0,False,0,1.0,70.0,45.0,0.0,31.8,False,False,False,False,True,11,2,False,255.0,255.0,255,DISC,SPOKED,0,0.0,0.0,0.0,282.0,780.0,36.5,305.0,1.0
425.0,70.0,605.0,74.0,185.0,50.0,555.0,72.8,610.0,45.0,45.0,28.6,36.5,23.35,23.35,13.0,15.0,STEEL,36.0,44.0,49.0,0.0,0.0,0.0,0.0,False,False,130.0,2.0,1.0,1.1,1.1,1.0,1.0,1.2,680.0,58.0,680.0,58.0,0,0,False,0,1.0,70.0,45.0,0.0,31.8,False,False,False,False,True,11,2,False,255.0,255.0,255,DISC,SPOKED,0,0.0,0.0,0.0,284.0,800.0,36.5,310.0,1.0
420.0,70.0,610.0,73.2,160.0,50.0,570.0,73.0,615.0,45.0,45.0,28.6,36.5,23.35,23.35,13.0,15.0,STEEL,33.0,47.0,53.0,0.0,0.0,0.0,0.0,False,False,130.0,2.0,1.0,1.1,1.1,1.0,1.0,1.2,680.0,58.0,680.0,58.0,0,0,False,0,1.0,70.0,45.0,0.0,31.8,False,False,False,False,True,11,2,False,255.0,255.0,255,DISC,SPOKED,0,0.0,0.0,0.0,286.0,812.0,36.5,315.0,1.0
430.0,70.0,580.0,72.8,150.0,50.0,545.0,74.0,620.0,45.0,45.0,28.6,36.5,23.35,23.35,13.0,15.0,STEEL,32.0,48.0,55.0,0.0,0.0,0.0,0.0,False,False,130.0,2.0,1.0,1.1,1.1,1.0,1.0,1.2,680.0,58.0,680.0,58.0,0,0,False,0,1.0,70.0,45.0,0.0,31.8,False,False,False,False,True,11,2,False,255.0,255.0,255,DISC,SPOKED,0,0.0,0.0,0.0,288.0,770.0,36.5,290.0,1.0
440.0,70.0,620.0,73.5,200.0,50.0,565.0,73.3,630.0,45.0,45.0,28.6,36.5,23.35,23.35,13.0,15.0,STEEL,38.0,43.0,48.0,0.0,0.0,0.0,0.0,False,False,130.0,2.0,1.0,1.1,1.1,1.0,1.0,1.2,680.0,58.0,680.0,58.0,0,0,False,0,1.0,70.0,45.0,0.0,31.8,False,False,False,False,True,11,2,False,255.0,255.0,255,DISC,SPOKED,0,0.0,0.0,0.0,282.0,825.0,36.5,320.0,1.0
410.0,70.0,575.0,74.0,155.0,50.0,550.0,73.8,595.0,45.0,45.0,28.6,36.5,23.35,23.35,13.0,15.0,STEEL,31.0,45.0,54.0,0.0,0.0,0.0,0.0,False,False,130.0,2.0,1.0,1.1,1.1,1.0,1.0,1.2,680.0,58.0,680.0,58.0,0,0,False,0,1.0,70.0,45.0,0.0,31.8,False,False,False,False,True,11,2,False,255.0,255.0,255,DISC,SPOKED,0,0.0,0.0,0.0,290.0,760.0,36.5,295.0,1.0
435.0,70.0,605.0,73.1,165.0,50.0,558.0,72.9,630.0,45.0,45.0,28.6,36.5,23.35,23.35,13.0,15.0,STEEL,34.0,49.0,52.0,0.0,0.0,0.0,0.0,False,False,130.0,2.0,1.0,1.1,1.1,1.0,1.0,1.2,680.0,58.0,680.0,58.0,0,0,False,0,1.0,70.0,45.0,0.0,31.8,False,False,False,False,True,11,2,False,255.0,255.0,255,DISC,SPOKED,0,0.0,0.0,0.0,285.0,805.0,36.5,305.0,1.0
418.0,70.0,590.0,72.9,175.0,50.0,568.0,73.4,600.0,45.0,45.0,28.6,36.5,23.35,23.35,13.0,15.0,STEEL,37.0,42.0,49.0,0.0,0.0,0.0,0.0,False,False,130.0,2.0,1.0,1.1,1.1,1.0,1.0,1.2,680.0,58.0,680.0,58.0,0,0,False,0,1.0,70.0,45.0,0.0,31.8,False,False,False,False,True,11,2,False,255.0,255.0,255,DISC,SPOKED,0,0.0,0.0,0.0,279.0,788.0,36.5,298.0,1.0
422.0,70.0,615.0,73.3,185.0,50.0,562.0,73.1,610.0,45.0,45.0,28.6,36.5,23.35,23.35,13.0,15.0,STEEL,35.0,46.0,51.0,0.0,0.0,0.0,0.0,False,False,130.0,2.0,1.0,1.1,1.1,1.0,1.0,1.2,680.0,58.0,680.0,58.0,0,0,False,0,1.0,70.0,45.0,0.0,31.8,False,False,False,False,True,11,2,False,255.0,255.0,255,DISC,SPOKED,0,0.0,0.0,0.0,283.0,815.0,36.5,312.0,1.0
410.0,70.0,590.0,73.0,180.0,50.0,540.0,73.0,560.0,50.0,34.0,33.0,38.0,30.0,27.0,12.0,9.0,STEEL,30.0,50.0,50.0,0.0,0.0,0.0,0.0,False,False,130.0,2.0,1.2,1.5,1.3,1.2,1.1,1.2,680.0,58.0,680.0,58.0,0,0,False,0,1.0,68.0,45.0,0.0,31.8,False,False,False,False,True,11,2,False,255.0,255.0,255,SPOKED,SPOKED,0,0.0,0.0,0.0,280.0,740.0,38.0,350.0,1.0
405.0,68.0,600.0,72.5,185.0,52.0,550.0,73.5,555.0,50.0,34.0,32.0,36.0,30.0,28.0,11.5,9.0,STEEL,32.0,48.0,52.0,0.0,0.0,0.0,0.0,False,False,130.0,2.0,1.3,1.5,1.3,1.2,1.1,1.2,680.0,60.0,680.0,60.0,0,1,False,0,1.0,68.0,45.0,0.0,31.8,False,False,False,False,True,12,2,False,255.0,255.0,255,SPOKED,SPOKED,0,0.0,0.0,285.0,750.0,36.0,360.0,1.0,
415.0,72.0,580.0,73.5,175.0,49.0,530.0,72.8,570.0,48.0,34.0,34.0,40.0,31.0,26.5,12.5,8.5,STEEL,28.0,54.0,48.0,0.0,0.0,0.0,0.0,False,False,130.0,2.0,1.2,1.4,1.3,1.2,1.1,1.2,680.0,55.0,680.0,55.0,0,2,False,0,3.0,68.0,45.0,0.0,31.8,False,False,False,False,True,11,2,False,255.0,255.0,255,SPOKED,SPOKED,0,0.0,0.0,275.0,730.0,40.0,340.0,1.0,
420.0,65.0,605.0,72.0,200.0,51.0,545.0,73.2,560.0,50.0,34.0,33.5,38.5,30.5,27.5,12.0,9.0,STEEL,32.0,50.0,50.0,0.0,0.0,0.0,0.0,False,False,130.0,2.0,1.25,1.6,1.35,1.25,1.15,1.25,680.0,58.0,680.0,58.0,0,1,False,0,1.0,69.0,46.0,0.0,31.8,False,False,False,False,True,10,2,False,255.0,255.0,255,SPOKED,SPOKED,0,0.0,0.0,282.0,745.0,38.5,360.0,1.0,
398.0,75.0,595.0,74.0,170.0,47.0,535.0,73.8,550.0,50.0,34.0,32.5,37.0,29.5,26.0,11.8,9.0,STEEL,29.0,53.0,49.0,0.0,0.0,0.0,0.0,False,False,130.0,2.1,1.15,1.45,1.25,1.15,1.05,1.15,680.0,57.0,680.0,57.0,0,2,False,0,2.0,68.0,45.0,0.0,31.8,False,False,False,False,True,11,1,False,255.0,255.0,255,SPOKED,SPOKED,0,0.0,0.0,278.0,735.0,37.0,345.0,1.0,
412.0,70.0,610.0,72.3,195.0,50.0,555.0,73.0,565.0,50.0,34.0,33.0,39.0,30.0,27.0,12.2,9.5,STEEL,31.0,51.0,51.0,0.0,0.0,0.0,0.0,False,False,130.0,2.0,1.2,1.5,1.3,1.2,1.1,1.2,680.0,58.0,680.0,58.0,0,0,False,0,1.0,68.0,45.0,0.0,31.8,False,False,False,False,True,12,2,False,255.0,255.0,255,SPOKED,SPOKED,0,0.0,0.0,290.0,755.0,39.0,355.0,1.0,
395.0,68.0,585.0,73.8,165.0,45.0,525.0,72.5,540.0,50.0,34.0,31.5,35.0,29.0,26.0,11.0,8.0,STEEL,27.0,55.0,47.0,0.0,0.0,0.0,0.0,False,False,130.0,2.1,1.3,1.4,1.2,1.1,1.0,1.2,680.0,56.0,680.0,56.0,0,1,False,0,1.0,67.0,44.0,0.0,31.8,False,False,False,False,True,11,2,False,255.0,255.0,255,SPOKED,SPOKED,0,0.0,0.0,270.0,720.0,35.0,330.0,1.0,
425.0,66.0,600.0,72.0,210.0,52.0,560.0,73.3,580.0,50.0,34.0,34.5,41.0,32.0,28.5,13.0,9.0,STEEL,35.0,49.0,55.0,0.0,0.0,0.0,0.0,False,False,130.0,2.0,1.2,1.6,1.4,1.3,1.2,1.3,680.0,58.0,680.0,58.0,0,2,False,0,3.0,68.0,45.0,0.0,31.8,False,False,False,False,True,11,2,False,255.0,255.0,255,SPOKED,SPOKED,0,0.0,0.0,295.0,760.0,41.0,365.0,1.0,
405.0,69.0,595.0,73.2,190.0,50.0,545.0,73.6,555.0,50.0,34.0,33.0,38.0,30.0,27.0,12.0,9.0,STEEL,30.0,52.0,50.0,0.0,0.0,0.0,0.0,False,False,130.0,2.0,1.2,1.5,1.3,1.2,1.1,1.2,680.0,58.0,680.0,58.0,0,1,False,0,1.0,68.0,45.0,0.0,31.8,False,True,False,False,True,11,2,False,255.0,255.0,255,SPOKED,SPOKED,0,0.0,0.0,285.0,745.0,38.0,350.0,1.0,
418.0,67.0,580.0,74.0,175.0,49.5,520.0,72.9,545.0,50.0,34.0,32.0,36.5,29.5,26.8,11.7,8.8,STEEL,29.5,50.5,49.5,0.0,0.0,0.0,0.0,False,False,130.0,2.0,1.1,1.4,1.2,1.1,1.0,1.1,680.0,57.0,680.0,57.0,0,0,False,0,2.0,68.0,45.0,0.0,31.8,False,False,False,True,True,11,2,False,255.0,255.0,255,SPOKED,SPOKED,0,0.0,0.0,280.0,730.0,36.5,340.0,1.0,
490.0,75.0,650.0,71.0,180.0,45.0,530.0,69.0,650.0,45.0,34.0,25.0,35.0,22.0,12.0,14.0,8.0,STEEL,30.0,38.0,45.0,330.0,350.0,16.0,18.0,False,False,130.0,2.0,0.9,1.1,0.9,1.2,1.0,0.9,680.0,120.0,680.0,120.0,0,0,False,0,1.0,68.0,45.0,692.0,31.8,False,False,False,False,True,11,2,False,255.0,255.0,255,SPOKED,SPOKED,0,0.0,0.0,0.0,280.0,780.0,34.9,300.0,1.0
492.0,77.0,660.0,71.5,190.0,49.0,540.0,70.0,660.0,48.0,36.0,26.0,36.0,23.0,13.0,15.0,9.0,STEEL,31.0,39.0,46.0,330.0,350.0,16.0,18.0,False,False,132.0,2.0,0.9,1.1,0.9,1.2,1.0,0.9,680.0,121.0,680.0,121.0,0,0,False,0,1.0,68.0,45.0,692.0,31.8,False,False,False,False,True,11,2,False,255.0,255.0,255,SPOKED,SPOKED,0,0.0,0.0,0.0,280.0,780.0,34.9,300.0,1.0
494.0,79.0,670.0,72.0,200.0,53.0,550.0,71.0,670.0,50.0,38.0,27.0,37.0,24.0,14.0,16.0,10.0,STEEL,32.0,40.0,47.0,330.0,350.0,16.0,18.0,False,False,134.0,2.0,0.9,1.1,0.9,1.2,1.0,0.9,680.0,122.0,680.0,122.0,0,0,False,0,1.0,68.0,45.0,692.0,31.8,False,False,False,False,True,11,2,False,255.0,255.0,255,SPOKED,SPOKED,0,0.0,0.0,0.0,280.0,780.0,34.9,300.0,1.0
496.0,81.0,680.0,72.5,210.0,57.0,560.0,72.0,680.0,52.0,40.0,28.0,38.0,25.0,15.0,17.0,11.0,STEEL,33.0,41.0,48.0,330.0,350.0,16.0,18.0,False,False,136.0,2.0,0.9,1.1,0.9,1.2,1.0,0.9,680.0,123.0,680.0,123.0,0,0,False,0,1.0,68.0,45.0,692.0,31.8,False,False,False,False,True,11,2,False,255.0,255.0,255,SPOKED,SPOKED,0,0.0,0.0,0.0,280.0,780.0,34.9,300.0,1.0
498.0,83.0,690.0,73.0,220.0,61.0,570.0,73.0,690.0,54.0,42.0,29.0,39.0,26.0,16.0,18.0,12.0,STEEL,34.0,42.0,49.0,330.0,350.0,16.0,18.0,False,False,138.0,2.0,0.9,1.1,0.9,1.2,1.0,0.9,680.0,124.0,680.0,124.0,0,0,False,0,1.0,68.0,45.0,692.0,31.8,False,False,False,False,True,11,2,False,255.0,255.0,255,SPOKED,SPOKED,0,0.0,0.0,0.0,280.0,780.0,34.9,300.0,1.0
500.0,85.0,700.0,73.5,230.0,65.0,580.0,71.5,700.0,56.0,44.0,30.0,40.0,27.0,17.0,19.0,13.0,STEEL,35.0,43.0,50.0,330.0,350.0,16.0,18.0,False,False,140.0,2.0,0.9,1.1,0.9,1.2,1.0,0.9,680.0,125.0,680.0,125.0,0,0,False,0,1.0,68.0,45.0,692.0,31.8,False,False,False,False,True,11,2,False,255.0,255.0,255,SPOKED,SPOKED,0,0.0,0.0,0.0,280.0,780.0,34.9,300.0,1.0
502.0,87.0,710.0,71.2,240.0,69.0,590.0,70.5,710.0,58.0,46.0,31.0,41.0,28.0,18.0,20.0,14.0,STEEL,36.0,44.0,51.0,330.0,350.0,16.0,18.0,False,False,142.0,2.0,0.9,1.1,0.9,1.2,1.0,0.9,680.0,126.0,680.0,126.0,0,0,False,0,1.0,68.0,45.0,692.0,31.8,False,False,False,False,True,11,2,False,255.0,255.0,255,SPOKED,SPOKED,0,0.0,0.0,0.0,280.0,780.0,34.9,300.0,1.0
504.0,89.0,720.0,72.8,250.0,73.0,600.0,72.5,720.0,60.0,48.0,32.0,42.0,29.0,19.0,21.0,15.0,STEEL,37.0,45.0,52.0,330.0,350.0,16.0,18.0,False,False,144.0,2.0,0.9,1.1,0.9,1.2,1.0,0.9,680.0,127.0,680.0,127.0,0,0,False,0,1.0,68.0,45.0,692.0,31.8,False,False,False,False,True,11,2,False,255.0,255.0,255,SPOKED,SPOKED,0,0.0,0.0,0.0,280.0,780.0,34.9,300.0,1.0
506.0,91.0,730.0,73.1,260.0,77.0,610.0,69.5,730.0,62.0,50.0,33.0,43.0,30.0,20.0,22.0,16.0,STEEL,38.0,46.0,53.0,330.0,350.0,16.0,18.0,False,False,146.0,2.0,0.9,1.1,0.9,1.2,1.0,0.9,680.0,128.0,680.0,128.0,0,0,False,0,1.0,68.0,45.0,692.0,31.8,False,False,False,False,True,11,2,False,255.0,255.0,255,SPOKED,SPOKED,0,0.0,0.0,0.0,280.0,780.0,34.9,300.0,1.0
508.0,93.0,740.0,72.3,270.0,81.0,620.0,73.5,740.0,64.0,52.0,34.0,44.0,31.0,21.0,23.0,17.0,STEEL,39.0,47.0,54.0,330.0,350.0,16.0,18.0,False,False,148.0,2.0,0.9,1.1,0.9,1.2,1.0,0.9,680.0,129.0,680.0,129.0,0,0,False,0,1.0,68.0,45.0,692.0,31.8,False,False,False,False,True,11,2,False,255.0,255.0,255,SPOKED,SPOKED,0,0.0,0.0,0.0,280.0,780.0,34.9,300.0,1.0
410.0,68.0,600.0,73.0,160.0,45.0,550.0,73.0,660.0,45.0,45.0,28.6,36.5,23.35,13.0,15.0,9.0,STEEL,30.0,50.0,40.0,330.0,350.0,16.0,18.0,False,False,130.0,2.0,0.9,1.1,0.9,1.2,1.0,0.9,674.0,52.0,674.0,52.0,0,0,False,0,1.0,68.0,45.0,0.0,31.8,False,True,False,False,True,11,2,False,255.0,255.0,255,SPOKED,SPOKED,0,0.0,0.0,0.0,280.0,750.0,34.9,300.0,1.0
415.0,70.0,605.0,72.5,165.0,46.0,555.0,72.0,665.0,46.0,45.0,28.6,36.5,23.35,13.0,15.0,9.0,STEEL,31.0,51.0,41.0,330.0,350.0,16.0,18.0,False,False,130.0,2.0,0.9,1.1,0.9,1.2,1.0,0.9,674.0,52.0,674.0,52.0,0,1,False,0,1.0,68.0,45.0,0.0,31.8,False,True,False,False,True,11,2,False,255.0,255.0,255,SPOKED,SPOKED,0,0.0,0.0,0.0,280.0,760.0,34.9,305.0,1.0
420.0,72.0,610.0,74.0,170.0,47.0,560.0,73.0,670.0,47.0,45.0,28.6,36.5,23.35,13.0,15.0,9.0,STEEL,32.0,52.0,42.0,330.0,350.0,16.0,18.0,False,False,130.0,2.0,0.9,1.1,0.9,1.2,1.0,0.9,674.0,52.0,674.0,52.0,0,2,False,0,1.0,68.0,45.0,0.0,31.8,False,True,False,False,True,11,2,False,255.0,255.0,255,SPOKED,SPOKED,0,0.0,0.0,0.0,280.0,770.0,34.9,310.0,1.0
425.0,74.0,615.0,73.0,175.0,48.0,565.0,74.0,675.0,48.0,45.0,28.6,36.5,23.35,13.0,15.0,9.0,STEEL,33.0,53.0,43.0,330.0,350.0,16.0,18.0,False,False,130.0,2.0,0.9,1.1,0.9,1.2,1.0,0.9,674.0,52.0,674.0,52.0,0,0,False,0,1.0,68.0,45.0,0.0,31.8,False,True,False,False,True,11,2,False,255.0,255.0,255,SPOKED,SPOKED,0,0.0,0.0,0.0,280.0,765.0,34.9,300.0,1.0
430.0,76.0,620.0,74.0,180.0,49.0,570.0,73.0,680.0,49.0,45.0,28.6,36.5,23.35,13.0,15.0,9.0,STEEL,34.0,54.0,44.0,330.0,350.0,16.0,18.0,False,False,130.0,2.0,0.9,1.1,0.9,1.2,1.0,0.9,674.0,52.0,674.0,52.0,0,1,False,0,1.0,68.0,45.0,0.0,31.8,False,True,False,False,True,11,2,False,255.0,255.0,255,SPOKED,SPOKED,0,0.0,0.0,0.0,280.0,755.0,34.9,310.0,1.0
435.0,78.0,625.0,75.0,185.0,50.0,575.0,74.0,685.0,50.0,45.0,28.6,36.5,23.35,13.0,15.0,9.0,STEEL,35.0,55.0,45.0,330.0,350.0,16.0,18.0,False,False,130.0,2.0,0.9,1.1,0.9,1.2,1.0,0.9,674.0,52.0,674.0,52.0,0,2,False,0,1.0,68.0,45.0,0.0,31.8,False,True,False,False,True,11,2,False,255.0,255.0,255,SPOKED,SPOKED,0,0.0,0.0,0.0,280.0,740.0,34.9,300.0,1.0
440.0,80.0,630.0,72.0,190.0,51.0,580.0,73.0,690.0,43.0,45.0,28.6,36.5,23.35,13.0,15.0,9.0,STEEL,36.0,56.0,46.0,330.0,350.0,16.0,18.0,False,False,130.0,2.0,0.9,1.1,0.9,1.2,1.0,0.9,674.0,52.0,674.0,52.0,0,0,False,0,1.0,68.0,45.0,0.0,31.8,False,True,False,False,True,11,2,False,255.0,255.0,255,SPOKED,SPOKED,0,0.0,0.0,0.0,280.0,730.0,34.9,305.0,1.0
445.0,82.0,635.0,73.0,195.0,52.0,585.0,74.0,695.0,44.0,45.0,28.6,36.5,23.35,13.0,15.0,9.0,STEEL,37.0,57.0,47.0,330.0,350.0,16.0,18.0,False,False,130.0,2.0,0.9,1.1,0.9,1.2,1.0,0.9,674.0,52.0,674.0,52.0,0,1,False,0,1.0,68.0,45.0,0.0,31.8,False,True,False,False,True,11,2,False,255.0,255.0,255,SPOKED,SPOKED,0,0.0,0.0,0.0,280.0,720.0,34.9,300.0,1.0
450.0,84.0,640.0,74.0,185.0,53.0,590.0,73.0,680.0,45.0,45.0,28.6,36.5,23.35,13.0,15.0,9.0,STEEL,38.0,58.0,48.0,330.0,350.0,16.0,18.0,False,False,130.0,2.0,0.9,1.1,0.9,1.2,1.0,0.9,674.0,52.0,674.0,52.0,0,2,False,0,1.0,68.0,45.0,0.0,31.8,False,True,False,False,True,11,2,False,255.0,255.0,255,SPOKED,SPOKED,0,0.0,0.0,0.0,280.0,715.0,34.9,310.0,1.0
455.0,86.0,650.0,75.0,180.0,55.0,600.0,75.0,675.0,46.0,45.0,28.6,36.5,23.35,13.0,15.0,9.0,STEEL,39.0,59.0,49.0,330.0,350.0,16.0,18.0,False,False,130.0,2.0,0.9,1.1,0.9,1.2,1.0,0.9,674.0,52.0,674.0,52.0,0,1,False,0,1.0,68.0,45.0,0.0,31.8,False,True,False,False,True,11,2,False,255.0,255.0,255,SPOKED,SPOKED,0,0.0,0.0,0.0,280.0,725.0,34.9,305.0,1.0
400.0,70.0,610.0,72.0,150.0,45.0,580.0,73.5,655.0,45.0,40.0,28.6,33.6,36.5,23.35,13.0,15.0,STEEL,32.0,48.0,48.0,330.0,350.0,16.0,18.0,False,False,130.0,2.0,0.9,1.1,0.9,1.2,1.0,0.9,674.0,52.0,674.0,52.0,0,1,False,0,1.0,68.0,45.0,0.0,31.8,False,False,False,False,True,8,2,False,254.0,254.0,254,SPOKED,SPOKED,0,0.0,0.0,0.0,278.0,760.0,34.9,300.0,1.0
405.0,70.0,615.0,73.0,160.0,45.0,590.0,73.5,660.0,45.0,40.0,28.6,33.6,36.5,23.35,13.0,15.0,STEEL,35.0,50.0,50.0,330.0,350.0,16.0,18.0,False,False,135.0,2.0,0.9,1.1,0.9,1.2,1.0,0.9,674.0,52.0,674.0,52.0,0,1,False,0,1.0,68.0,45.0,0.0,31.8,False,False,False,False,True,8,2,False,254.0,254.0,254,SPOKED,SPOKED,0,0.0,0.0,0.0,278.0,760.0,34.9,300.0,1.0
410.0,68.0,620.0,72.0,170.0,45.0,600.0,74.0,650.0,45.0,40.0,28.6,33.6,36.5,23.35,13.0,15.0,STEEL,38.0,45.0,45.0,330.0,350.0,16.0,18.0,False,False,128.0,2.0,0.9,1.1,0.9,1.2,1.0,0.9,674.0,52.0,674.0,52.0,0,1,False,0,1.0,68.0,45.0,0.0,31.8,False,False,False,False,True,8,2,False,254.0,254.0,254,SPOKED,SPOKED,0,0.0,0.0,0.0,278.0,760.0,34.9,300.0,1.0
415.0,72.0,630.0,74.0,180.0,45.0,610.0,73.0,645.0,45.0,40.0,28.6,33.6,36.5,23.35,13.0,15.0,STEEL,30.0,52.0,52.0,330.0,350.0,16.0,18.0,False,False,132.0,2.0,0.9,1.1,0.9,1.2,1.0,0.9,674.0,52.0,674.0,52.0,0,1,False,0,1.0,68.0,45.0,0.0,31.8,False,False,False,False,True,8,2,False,254.0,254.0,254,SPOKED,SPOKED,0,0.0,0.0,0.0,278.0,760.0,34.9,300.0,1.0
420.0,69.0,625.0,73.0,155.0,45.0,595.0,73.5,652.0,45.0,40.0,28.6,33.6,36.5,23.35,13.0,15.0,STEEL,34.0,49.0,49.0,330.0,350.0,16.0,18.0,False,False,130.0,2.0,0.9,1.1,0.9,1.2,1.0,0.9,674.0,52.0,674.0,52.0,0,1,False,0,1.0,68.0,45.0,0.0,31.8,False,False,False,False,True,8,2,False,254.0,254.0,254,SPOKED,SPOKED,0,0.0,0.0,0.0,278.0,760.0,34.9,300.0,1.0
395.0,71.0,605.0,72.0,165.0,45.0,605.0,74.0,658.0,45.0,40.0,28.6,33.6,36.5,23.35,13.0,15.0,STEEL,36.0,47.0,47.0,330.0,350.0,16.0,18.0,False,False,134.0,2.0,0.9,1.1,0.9,1.2,1.0,0.9,674.0,52.0,674.0,52.0,0,1,False,0,1.0,68.0,45.0,0.0,31.8,False,False,False,False,True,8,2,False,254.0,254.0,254,SPOKED,SPOKED,0,0.0,0.0,0.0,278.0,760.0,34.9,300.0,1.0
390.0,70.0,600.0,73.0,140.0,45.0,580.0,73.5,660.0,45.0,40.0,28.6,33.6,36.5,23.35,13.0,15.0,STEEL,33.0,51.0,46.0,330.0,350.0,16.0,18.0,False,False,129.0,2.0,0.9,1.1,0.9,1.2,1.0,0.9,674.0,52.0,674.0,52.0,0,1,False,0,1.0,68.0,45.0,0.0,31.8,False,False,False,False,True,8,2,False,254.0,254.0,254,SPOKED,SPOKED,0,0.0,0.0,0.0,278.0,760.0,34.9,300.0,1.0
425.0,70.0,635.0,74.0,190.0,45.0,620.0,73.0,648.0,45.0,40.0,28.6,33.6,36.5,23.35,13.0,15.0,STEEL,37.0,53.0,43.0,330.0,350.0,16.0,18.0,False,False,136.0,2.0,0.9,1.1,0.9,1.2,1.0,0.9,674.0,52.0,674.0,52.0,0,1,False,0,1.0,68.0,45.0,0.0,31.8,False,False,False,False,True,8,2,False,254.0,254.0,254,SPOKED,SPOKED,0,0.0,0.0,0.0,278.0,760.0,34.9,300.0,1.0
430.0,68.0,640.0,72.0,175.0,45.0,600.0,74.0,642.0,45.0,40.0,28.6,33.6,36.5,23.35,13.0,15.0,STEEL,31.0,46.0,44.0,330.0,350.0,16.0,18.0,False,False,131.0,2.0,0.9,1.1,0.9,1.2,1.0,0.9,674.0,52.0,674.0,52.0,0,1,False,0,1.0,68.0,45.0,0.0,31.8,False,False,False,False,True,8,2,False,254.0,254.0,254,SPOKED,SPOKED,0,0.0,0.0,0.0,278.0,760.0,34.9,300.0,1.0
395.0,69.0,615.0,73.5,150.0,45.0,590.0,73.5,655.0,45.0,40.0,28.6,33.6,36.5,23.35,13.0,15.0,STEEL,32.0,48.0,48.0,330.0,350.0,16.0,18.0,False,False,133.0,2.0,0.9,1.1,0.9,1.2,1.0,0.9,674.0,52.0,674.0,52.0,0,1,False,0,1.0,68.0,45.0,0.0,31.8,False,False,False,False,True,8,2,False,254.0,254.0,254,SPOKED,SPOKED,0,0.0,0.0,0.0,278.0,760.0,34.9,300.0,1.0
500.0,70.0,630.0,73.0,150.0,50.0,560.0,72.0,650.0,50.0,40.0,30.0,36.5,23.5,23.5,15.0,15.0,STEEL,30.0,40.0,40.0,330.0,350.0,16.0,18.0,False,False,130.0,2.0,1.0,1.1,1.0,1.2,1.0,1.0,700.0,50.0,700.0,50.0,0,1,False,0,1.0,70.0,45.0,31.8,692.0,False,False,False,False,True,10,2,False,255.0,255.0,255,SPOKED,SPOKED,0,0.0,0.0,0.0,280.0,762.0,34.9,350.0,1.0
520.0,75.0,650.0,72.5,160.0,60.0,580.0,73.0,660.0,55.0,40.0,32.0,36.5,24.0,24.0,16.0,16.0,STEEL,32.0,42.0,38.0,330.0,350.0,16.0,18.0,False,False,130.0,2.0,1.0,1.1,1.0,1.2,1.0,1.0,700.0,50.0,700.0,50.0,0,0,False,0,1.0,72.0,50.0,31.8,692.0,False,False,False,False,True,11,2,False,255.0,255.0,255,SPOKED,SPOKED,0,0.0,0.0,0.0,285.0,760.0,34.0,360.0,1.0
480.0,65.0,620.0,74.0,140.0,55.0,550.0,74.0,645.0,52.0,45.0,30.0,36.5,23.0,23.0,14.0,14.0,STEEL,28.0,38.0,42.0,330.0,350.0,16.0,18.0,False,False,130.0,2.0,1.0,1.1,1.0,1.2,1.0,1.0,700.0,52.0,700.0,52.0,0,2,False,0,1.0,68.0,44.0,31.8,692.0,False,False,False,False,True,9,2,False,255.0,255.0,255,SPOKED,SPOKED,0,0.0,0.0,0.0,275.0,750.0,35.0,340.0,1.0
550.0,80.0,640.0,71.0,170.0,65.0,600.0,71.0,670.0,60.0,40.0,33.0,37.0,24.0,24.0,17.0,17.0,STEEL,35.0,45.0,45.0,330.0,350.0,16.0,18.0,False,False,135.0,2.0,1.1,1.2,1.1,1.2,1.1,1.1,700.0,50.0,700.0,50.0,0,1,False,0,1.0,75.0,47.0,31.8,700.0,False,False,False,False,True,10,2,False,255.0,255.0,255,SPOKED,SPOKED,0,0.0,0.0,0.0,290.0,780.0,36.0,370.0,1.0
450.0,68.0,610.0,73.5,155.0,52.0,565.0,73.0,655.0,49.0,42.0,31.0,36.5,23.7,23.7,15.5,15.5,STEEL,31.0,41.0,41.0,330.0,350.0,16.0,18.0,False,False,130.0,2.0,1.0,1.1,1.0,1.2,1.0,1.0,700.0,50.0,700.0,50.0,0,2,False,0,1.0,70.0,44.0,31.8,695.0,False,False,False,False,True,9,2,False,255.0,255.0,255,SPOKED,SPOKED,0,0.0,0.0,0.0,282.0,755.0,34.5,355.0,1.0
600.0,72.0,660.0,72.0,165.0,60.0,590.0,72.0,675.0,58.0,40.0,34.0,37.5,24.5,24.5,18.0,18.0,STEEL,36.0,46.0,46.0,330.0,350.0,16.0,18.0,False,False,135.0,2.0,1.0,1.1,1.0,1.2,1.0,1.0,700.0,52.0,700.0,52.0,0,1,False,0,1.0,76.0,48.0,31.8,702.0,False,False,False,False,True,11,2,False,255.0,255.0,255,SPOKED,SPOKED,0,0.0,0.0,0.0,295.0,790.0,36.0,380.0,1.0
530.0,66.0,625.0,74.5,145.0,58.0,575.0,74.0,660.0,55.0,40.0,31.0,36.5,23.5,23.5,16.0,16.0,STEEL,32.0,43.0,39.0,330.0,350.0,16.0,18.0,False,False,130.0,2.0,1.0,1.1,1.0,1.2,1.0,1.0,700.0,50.0,700.0,50.0,0,2,False,0,1.0,69.0,45.0,31.8,693.0,False,False,False,False,True,10,2,False,255.0,255.0,255,SPOKED,SPOKED,0,0.0,0.0,0.0,288.0,765.0,34.8,345.0,1.0
490.0,63.0,605.0,75.0,135.0,54.0,555.0,75.0,640.0,50.0,40.0,29.0,36.5,23.0,23.0,14.0,14.0,STEEL,29.0,39.0,43.0,330.0,350.0,16.0,18.0,False,False,130.0,2.0,1.0,1.1,1.0,1.2,1.0,1.0,700.0,50.0,700.0,50.0,0,0,False,0,1.0,67.0,44.0,31.8,690.0,False,False,False,False,True,9,2,False,255.0,255.0,255,SPOKED,SPOKED,0,0.0,0.0,0.0,270.0,740.0,34.0,330.0,1.0
515.0,77.0,655.0,72.0,158.0,62.0,585.0,72.5,668.0,57.0,40.0,33.0,37.0,24.0,24.0,17.0,17.0,STEEL,34.0,44.0,44.0,330.0,350.0,16.0,18.0,False,False,135.0,2.0,1.0,1.1,1.0,1.2,1.0,1.0,700.0,50.0,700.0,50.0,0,1,False,0,1.0,74.0,46.0,31.8,698.0,False,False,False,False,True,10,2,False,255.0,255.0,255,SPOKED,SPOKED,0,0.0,0.0,0.0,292.0,775.0,35.5,375.0,1.0
470.0,70.0,630.0,73.0,148.0,59.0,570.0,73.5,655.0,53.0,40.0,32.0,36.5,24.0,24.0,16.5,16.5,STEEL,33.0,42.0,41.0,330.0,350.0,16.0,18.0,False,False,132.0,2.0,1.0,1.1,1.0,1.2,1.0,1.0,700.0,51.0,700.0,51.0,0,2,False,0,1.0,71.0,45.0,31.8,693.0,False,False,False,False,True,9,2,False,255.0,255.0,255,SPOKED,SPOKED,0,0.0,0.0,0.0,280.0,760.0,34.5,360.0,1.0
480.0,70.0,610.0,73.5,150.0,45.0,550.0,73.0,600.0,50.0,40.0,31.8,34.9,25.0,25.0,15.0,9.0,STEEL,30.0,40.0,50.0,330.0,350.0,16.0,18.0,False,False,130.0,1.2,1.0,1.2,1.0,0.9,0.9,1.0,680.0,52.0,680.0,52.0,0,0,False,0,1.0,68.0,45.0,28.0,32.0,False,True,False,False,True,11,2,False,255.0,255.0,255,DISC,SPOKED,0,0.0,0.0,0.0,280.0,760.0,34.9,300.0,1.0
490.0,65.0,600.0,74.0,140.0,50.0,540.0,73.5,610.0,48.0,40.0,31.8,34.9,26.0,26.0,15.0,9.0,STEEL,32.0,42.0,48.0,330.0,350.0,16.0,18.0,False,True,130.0,1.2,1.0,1.2,1.0,0.9,0.9,1.0,680.0,50.0,680.0,50.0,0,1,False,0,1.0,68.0,45.0,28.0,32.0,False,True,False,False,True,11,2,False,255.0,255.0,255,DISC,DISC,0,0.0,0.0,0.0,285.0,770.0,34.9,310.0,1.0
475.0,75.0,620.0,72.5,160.0,47.0,560.0,73.2,590.0,52.0,40.0,31.8,34.9,24.0,24.0,15.0,8.0,STEEL,28.0,38.0,52.0,330.0,350.0,16.0,18.0,False,False,130.0,1.2,1.1,1.2,1.0,0.9,0.9,1.0,680.0,54.0,680.0,54.0,0,2,False,0,1.0,70.0,46.0,28.0,33.0,True,True,False,False,True,12,2,False,255.0,255.0,255,SPOKED,SPOKED,0,0.0,0.0,0.0,275.0,750.0,34.9,295.0,1.0
485.0,68.0,605.0,73.0,155.0,46.0,555.0,73.3,605.0,49.0,40.0,31.8,34.9,25.5,25.5,15.0,9.5,STEEL,31.0,41.0,49.0,330.0,350.0,16.0,18.0,False,False,130.0,1.2,1.0,1.2,1.0,0.9,0.9,1.0,680.0,53.0,680.0,53.0,0,1,False,0,1.0,68.0,45.0,28.0,32.5,False,True,False,False,True,11,2,False,255.0,255.0,255,DISC,SPOKED,0,0.0,0.0,0.0,280.0,765.0,34.9,305.0,1.0
470.0,72.0,615.0,74.0,145.0,48.0,545.0,73.6,595.0,51.0,40.0,31.8,34.9,26.0,26.0,15.0,9.0,STEEL,29.0,39.0,51.0,330.0,350.0,16.0,18.0,False,True,130.0,1.2,1.0,1.2,1.0,0.9,0.9,1.0,680.0,51.0,680.0,51.0,0,0,False,0,1.0,68.0,45.0,28.0,32.5,False,True,False,False,True,11,2,False,255.0,255.0,255,DISC,SPOKED,0,0.0,0.0,0.0,285.0,772.0,34.9,300.0,1.0
460.0,69.0,608.0,73.3,152.0,47.0,552.0,73.4,602.0,50.0,40.0,31.8,34.9,25.8,25.8,15.0,9.2,STEEL,30.5,40.5,49.5,330.0,350.0,16.0,18.0,False,False,130.0,1.2,1.0,1.2,1.0,0.9,0.9,1.0,680.0,52.0,680.0,52.0,0,2,False,0,1.0,68.0,45.0,28.0,32.0,False,True,False,False,True,11,2,False,255.0,255.0,255,DISC,DISC,0,0.0,0.0,0.0,290.0,768.0,34.9,310.0,1.0
495.0,66.0,612.0,73.7,148.0,45.0,558.0,73.2,598.0,49.0,40.0,31.8,34.9,25.2,25.2,15.0,8.8,STEEL,33.0,43.0,47.0,330.0,350.0,16.0,18.0,False,True,130.0,1.2,1.0,1.2,1.0,0.9,0.9,1.0,680.0,51.0,680.0,51.0,0,1,False,0,1.0,68.0,45.0,28.0,32.3,False,True,False,False,True,11,2,False,255.0,255.0,255,SPOKED,SPOKED,0,0.0,0.0,0.0,275.0,765.0,34.9,305.0,1.0
480.0,71.0,605.0,72.8,158.0,49.0,548.0,73.5,605.0,50.0,40.0,31.8,34.9,26.0,26.0,15.0,9.1,STEEL,31.0,41.0,49.0,330.0,350.0,16.0,18.0,False,False,130.0,1.2,1.0,1.2,1.0,0.9,0.9,1.0,680.0,53.0,680.0,53.0,0,0,False,0,1.0,68.0,45.0,28.0,32.7,False,True,False,False,True,10,2,False,255.0,255.0,255,DISC,SPOKED,0,0.0,0.0,0.0,282.0,770.0,34.9,300.0,1.0
472.0,69.0,618.0,73.2,149.0,47.0,553.0,73.4,599.0,50.0,40.0,31.8,34.9,25.7,25.7,15.0,9.3,STEEL,30.0,40.0,50.0,330.0,350.0,16.0,18.0,False,False,130.0,1.2,1.0,1.2,1.0,0.9,0.9,1.0,680.0,52.0,680.0,52.0,0,1,False,0,1.0,68.0,45.0,28.0,32.2,False,True,False,False,True,11,3,False,255.0,255.0,255,DISC,DISC,0,0.0,0.0,0.0,285.0,762.0,34.9,305.0,1.0
485.0,67.0,607.0,73.6,153.0,46.0,556.0,73.1,603.0,49.0,40.0,31.8,34.9,25.4,25.4,15.0,9.0,STEEL,31.5,41.5,48.5,330.0,350.0,16.0,18.0,False,False,130.0,1.2,1.0,1.2,1.0,0.9,0.9,1.0,680.0,52.0,680.0,52.0,0,2,False,0,1.0,68.0,45.0,28.0,32.4,False,True,False,False,True,11,2,True,255.0,255.0,255,DISC,SPOKED,0,0.0,0.0,0.0,288.0,767.0,34.9,302.0,1.0
410.0,70.0,580.0,72.5,150.0,45.0,530.0,73.5,600.0,50.0,40.0,28.6,36.5,23.35,23.35,15.0,9.0,STEEL,30.0,45.0,40.0,330.0,340.0,16.0,18,False,False,130.0,2.0,1.1,1.1,1.2,1.0,1.0,1.1,680.0,52.0,680.0,52.0,0,2,False,0,1.0,68.0,45.0,0.0,31.8,False,True,False,False,True,11,2,False,255.0,255.0,255,SPOKED,SPOKED,0,0.0,80.0,80.0,280.0,750.0,34.9,350,1.0
405.0,68.0,570.0,73.0,160.0,48.0,540.0,74.0,610.0,45.0,40.0,29.0,37.0,23.5,23.5,14.0,9.5,STEEL,32.0,46.0,42.0,332.0,342.0,16.0,18,False,False,130.0,2.2,1.15,1.12,1.18,1.05,1.05,1.15,674.0,50.0,674.0,50.0,0,2,False,0,1.0,70.0,44.0,0.0,32.0,True,True,False,False,True,11,2,False,255.0,255.0,255,SPOKED,SPOKED,0,0.0,80.0,80.0,280.0,760.0,34.9,350,1.0
415.0,72.0,590.0,72.0,140.0,50.0,525.0,73.0,605.0,52.0,42.0,28.6,36.7,23.4,23.4,16.0,8.5,STEEL,28.0,44.0,38.0,328.0,338.0,16.0,18,False,False,130.0,2.0,1.1,1.1,1.2,1.0,1.0,1.1,680.0,50.0,680.0,50.0,0,1,False,0,1.0,68.0,45.0,0.0,31.8,False,True,False,False,True,11,1,False,255.0,255.0,255,SPOKED,SPOKED,0,0.0,80.0,80.0,275.0,740.0,35.0,360,1.0
400.0,70.0,565.0,73.5,155.0,47.0,535.0,74.0,615.0,48.0,40.0,29.0,37.0,23.5,23.5,15.0,9.0,STEEL,31.0,45.0,41.0,330.0,340.0,16.0,18,False,False,130.0,2.0,1.2,1.1,1.2,1.0,1.0,1.2,674.0,52.0,674.0,52.0,0,2,False,0,1.0,70.0,46.0,0.0,31.8,False,True,False,False,True,11,2,False,255.0,255.0,255,SPOKED,SPOKED,0,0.0,80.0,80.0,280.0,765.0,34.9,340,1.0
420.0,69.0,590.0,72.0,145.0,46.0,530.0,73.5,600.0,50.0,40.0,28.6,36.5,23.35,23.35,15.0,9.0,STEEL,29.0,44.0,39.0,330.0,342.0,16.0,18,False,False,130.0,2.0,1.1,1.1,1.2,1.0,1.0,1.1,680.0,52.0,680.0,52.0,0,0,False,0,1.0,68.0,45.0,0.0,31.8,False,True,False,False,True,10,2,False,255.0,255.0,255,SPOKED,SPOKED,0,0.0,80.0,80.0,285.0,755.0,35.0,360,1.0
395.0,71.0,575.0,72.0,150.0,44.0,520.0,73.0,610.0,49.0,42.0,28.6,37.0,23.5,23.5,14.0,9.5,STEEL,30.0,43.0,40.0,328.0,338.0,16.0,18,False,False,130.0,2.0,1.1,1.1,1.2,1.0,1.0,1.1,680.0,52.0,680.0,52.0,0,2,False,0,1.0,68.0,45.0,0.0,31.8,False,True,False,False,True,12,2,False,255.0,255.0,255,SPOKED,SPOKED,0,0.0,80.0,80.0,280.0,745.0,34.9,355,1.0
430.0,70.0,585.0,73.0,160.0,49.0,545.0,74.0,620.0,50.0,40.0,29.0,37.0,23.35,23.35,15.0,9.0,STEEL,33.0,47.0,42.0,332.0,344.0,16.0,18,False,False,130.0,2.0,1.1,1.1,1.2,1.0,1.0,1.1,674.0,52.0,674.0,52.0,0,2,False,0,1.0,68.0,46.0,0.0,31.8,False,True,False,False,True,11,2,False,255.0,255.0,255,SPOKED,SPOKED,0,0.0,80.0,80.0,290.0,760.0,35.0,365,1.0
405.0,67.0,555.0,74.0,150.0,45.0,515.0,73.5,605.0,51.0,41.0,28.8,36.6,23.4,23.4,15.0,8.8,STEEL,31.0,44.0,41.0,330.0,340.0,16.0,18,False,False,130.0,2.0,1.1,1.1,1.2,1.0,1.0,1.1,680.0,52.0,680.0,52.0,0,2,False,0,1.0,68.0,45.0,0.0,31.8,False,True,False,False,True,11,3,False,255.0,255.0,255,SPOKED,SPOKED,0,0.0,80.0,80.0,280.0,735.0,34.9,350,1.0
415.0,69.0,600.0,71.5,140.0,46.0,530.0,73.0,595.0,49.0,40.0,28.6,36.5,23.35,23.35,15.0,9.0,STEEL,28.0,43.0,39.0,328.0,338.0,16.0,18,False,False,130.0,2.0,1.1,1.1,1.2,1.0,1.0,1.1,680.0,52.0,680.0,52.0,0,1,False,0,1.0,68.0,45.0,0.0,31.8,False,True,False,False,True,11,2,False,255.0,255.0,255,SPOKED,SPOKED,0,0.0,80.0,80.0,290.0,780.0,35.0,350,1.0
400.0,71.0,575.0,72.5,150.0,50.0,540.0,74.0,610.0,50.0,40.0,28.6,36.5,23.35,23.35,15.0,9.0,STEEL,30.0,45.0,40.0,330.0,340.0,16.0,18,False,False,130.0,2.0,1.1,1.1,1.2,1.0,1.0,1.1,674.0,52.0,674.0,52.0,0,2,False,0,1.0,68.0,45.0,0.0,31.8,False,True,False,False,True,11,2,False,255.0,255.0,255,SPOKED,SPOKED,0,0.0,80.0,80.0,280.0,750.0,34.9,355,1.0
400.0,70.0,620.0,73.0,160.0,45.0,550.0,73.0,600.0,50.0,40.0,28.6,34.0,30.0,25.0,15.0,15,STEEL,35.0,35.0,45.0,0.0,0.0,0.0,0,False,False,130.0,2.0,1.1,1.3,1.2,1.0,1.0,1.1,700.0,25.0,700.0,25.0,0,0,False,0,1.0,68.0,45.0,0.0,31.8,False,False,False,False,True,11,2,False,255.0,255.0,255,SPOKED,SPOKED,0,0.0,0.0,0.0,300.0,760.0,34.0,300,1.0
410.0,65.0,635.0,73.5,165.0,50.0,545.0,73.5,605.0,52.0,40.0,29.0,35.0,31.0,26.0,16.0,16,STEEL,36.0,36.0,46.0,0.0,0.0,0.0,0,False,False,130.0,2.0,1.2,1.3,1.2,1.05,1.05,1.15,700.0,26.0,700.0,26.0,0,1,False,0,1.0,70.0,46.0,0.0,32.0,False,False,False,False,True,10,2,False,255.0,255.0,255,SPOKED,SPOKED,0,0.0,0.0,0.0,300.0,760.0,34.0,300,1.0
395.0,75.0,610.0,72.5,155.0,48.0,555.0,72.5,590.0,48.0,40.0,28.5,33.5,30.5,25.5,14.0,15,STEEL,34.0,34.0,44.0,0.0,0.0,0.0,0,False,False,135.0,2.0,1.1,1.2,1.2,1.0,1.0,1.1,700.0,24.0,700.0,24.0,0,2,False,0,1.0,68.0,45.0,0.0,31.8,False,False,False,False,True,12,2,False,255.0,255.0,255,SPOKED,SPOKED,0,0.0,0.0,0.0,300.0,760.0,34.0,300,1.0
420.0,68.0,645.0,73.2,180.0,47.0,560.0,73.2,615.0,53.0,40.0,29.5,36.0,32.0,27.0,16.0,17,STEEL,37.0,37.0,47.0,0.0,0.0,0.0,0,False,False,130.0,2.0,1.15,1.35,1.25,1.0,1.0,1.1,700.0,27.0,700.0,27.0,0,0,False,0,1.0,68.0,47.0,0.0,31.8,False,False,False,False,True,11,1,False,255.0,255.0,255,SPOKED,SPOKED,0,0.0,0.0,0.0,300.0,760.0,34.0,300,1.0
405.0,72.0,630.0,74.0,170.0,46.0,548.0,74.0,610.0,49.0,40.0,28.8,34.5,30.8,25.8,15.0,15,STEEL,35.0,36.0,46.0,0.0,0.0,0.0,0,False,False,132.0,2.0,1.1,1.3,1.2,1.0,1.0,1.1,700.0,26.0,700.0,26.0,0,0,False,0,1.0,68.0,45.0,0.0,31.8,False,False,False,False,True,9,2,False,255.0,255.0,255,SPOKED,SPOKED,0,0.0,0.0,0.0,300.0,760.0,34.0,300,1.0
415.0,69.0,625.0,72.0,158.0,49.0,552.0,72.0,598.0,51.0,40.0,28.6,34.0,30.0,25.0,15.0,15,STEEL,35.0,35.0,45.0,0.0,0.0,0.0,0,False,False,130.0,2.0,1.1,1.3,1.2,1.0,1.0,1.1,700.0,25.0,700.0,25.0,0,0,False,0,1.0,68.0,45.0,0.0,31.8,False,False,False,False,True,11,3,False,255.0,255.0,255,SPOKED,SPOKED,0,0.0,0.0,0.0,300.0,760.0,34.0,300,1.0
390.0,74.0,615.0,73.0,162.0,46.0,547.0,73.0,605.0,50.0,40.0,29.0,35.0,31.0,26.0,16.0,15,STEEL,36.0,36.0,46.0,0.0,0.0,0.0,0,False,False,130.0,2.0,1.1,1.3,1.2,1.0,1.0,1.1,700.0,26.0,700.0,26.0,0,0,False,0,1.0,68.0,46.0,0.0,31.8,False,False,False,False,True,10,2,False,255.0,255.0,255,SPOKED,SPOKED,0,0.0,0.0,0.0,300.0,760.0,34.0,300,1.0
430.0,70.0,640.0,73.8,175.0,52.0,558.0,73.8,620.0,54.0,40.0,30.0,36.0,32.0,27.0,17.0,16,STEEL,38.0,38.0,48.0,0.0,0.0,0.0,0,False,False,130.0,2.0,1.2,1.4,1.3,1.0,1.0,1.2,700.0,27.0,700.0,27.0,0,0,False,0,1.0,68.0,48.0,0.0,31.8,False,False,False,False,True,11,2,False,255.0,255.0,255,SPOKED,SPOKED,0,0.0,0.0,0.0,300.0,760.0,34.0,300,1.0
385.0,76.0,605.0,72.8,150.0,44.0,545.0,72.8,592.0,47.0,40.0,28.4,33.8,30.2,25.2,14.0,14,STEEL,33.0,33.0,43.0,0.0,0.0,0.0,0,False,False,130.0,2.0,1.0,1.2,1.1,1.0,1.0,1.1,700.0,24.0,700.0,24.0,0,0,False,0,1.0,68.0,44.0,0.0,31.8,False,False,False,False,True,12,2,False,255.0,255.0,255,SPOKED,SPOKED,0,0.0,0.0,0.0,300.0,760.0,34.0,300,1.0
425.0,71.5,635.5,73.3,168.0,51.0,555.0,73.3,612.0,52.0,40.0,29.2,35.5,31.2,26.5,16.0,16,STEEL,37.0,37.0,47.0,0.0,0.0,0.0,0,False,False,135.0,2.0,1.15,1.3,1.25,1.0,1.0,1.15,700.0,26.0,700.0,26.0,0,0,False,0,1.0,68.0,47.0,0.0,31.8,False,False,False,False,True,11,2,False,255.0,255.0,255,SPOKED,SPOKED,0,0.0,0.0,0.0,300.0,760.0,34.0,300,1.0
400.0,70.0,600.0,73.0,150.0,50.0,550.0,73.5,650.0,45.0,45.0,40.0,28.0,36.0,23.0,13.0,15.0,STEEL,30.0,50.0,45.0,0.0,0.0,0.0,0.0,False,False,130.0,2.0,1.0,1.1,0.9,1.2,1.0,0.9,680.0,30.0,680.0,30.0,0,2,False,0,1.0,68.0,45.0,0.0,31.8,False,False,False,False,True,10,2,False,255.0,255.0,255,SPOKED,SPOKED,0,0.0,0.0,0.0,275.0,310.0,34.9,300.0,1.0
410.0,75.0,620.0,72.5,160.0,45.0,555.0,74.0,655.0,48.0,50.0,42.0,29.0,37.0,24.0,14.0,16.0,STEEL,32.0,55.0,47.0,0.0,0.0,0.0,0.0,False,False,130.0,2.0,1.0,1.1,0.9,1.2,1.0,0.9,680.0,32.0,680.0,33.0,0,1,False,0,1.0,68.0,45.0,0.0,31.8,True,False,False,False,True,11,2,False,255.0,255.0,255,SPOKED,SPOKED,0,0.0,0.0,0.0,280.0,315.0,34.9,310.0,1.0
420.0,65.0,610.0,73.5,170.0,55.0,560.0,73.0,660.0,50.0,45.0,44.0,27.0,36.0,24.0,12.0,14.0,STEEL,34.0,58.0,50.0,0.0,0.0,0.0,0.0,False,False,135.0,2.0,1.0,1.1,0.9,1.2,1.0,0.9,680.0,34.0,680.0,34.0,0,0,False,0,1.0,68.0,45.0,0.0,31.8,False,True,False,False,True,9,1,False,255.0,255.0,255,SPOKED,SPOKED,0,0.0,0.0,0.0,290.0,320.0,34.9,320.0,1.0
390.0,68.0,605.0,72.0,145.0,48.0,545.0,74.5,645.0,47.0,44.0,39.0,26.0,35.0,22.0,15.0,17.0,STEEL,29.0,52.0,42.0,0.0,0.0,0.0,0.0,False,False,130.0,2.0,1.0,1.1,0.9,1.2,1.0,0.9,680.0,31.0,680.0,31.0,0,2,False,0,1.0,68.0,45.0,0.0,31.8,False,False,False,False,True,8,2,False,255.0,255.0,255,SPOKED,SPOKED,0,0.0,0.0,0.0,265.0,305.0,34.9,290.0,1.0
430.0,72.0,635.0,74.0,155.0,52.0,580.0,72.5,670.0,43.0,46.0,41.0,30.0,38.0,25.0,11.0,13.0,STEEL,31.0,50.0,55.0,0.0,0.0,0.0,0.0,False,False,135.0,2.0,1.0,1.1,0.9,1.2,1.0,0.9,680.0,33.0,680.0,32.0,0,1,False,0,1.0,68.0,45.0,0.0,31.8,True,True,False,False,True,10,3,False,255.0,255.0,255,SPOKED,SPOKED,0,0.0,0.0,0.0,300.0,330.0,34.9,330.0,1.0
405.0,70.0,625.0,72.8,148.0,47.0,565.0,73.8,652.0,46.0,45.0,40.0,28.0,36.0,23.0,14.0,16.0,STEEL,33.0,53.0,46.0,0.0,0.0,0.0,0.0,False,False,130.0,2.0,1.0,1.1,0.9,1.2,1.0,0.9,680.0,31.0,680.0,32.0,0,0,False,0,1.0,68.0,45.0,0.0,31.8,False,True,False,False,True,9,2,False,255.0,255.0,255,SPOKED,SPOKED,0,0.0,0.0,0.0,285.0,315.0,34.9,305.0,1.0
395.0,69.0,615.0,71.5,142.0,43.0,555.0,74.2,660.0,44.0,43.0,39.0,27.0,36.0,22.0,13.0,15.0,STEEL,28.0,49.0,43.0,0.0,0.0,0.0,0.0,False,False,130.0,2.0,1.0,1.1,0.9,1.2,1.0,0.9,680.0,32.0,680.0,33.0,0,1,False,0,1.0,68.0,45.0,0.0,31.8,False,False,False,False,True,11,1,False,255.0,255.0,255,SPOKED,SPOKED,0,0.0,0.0,0.0,270.0,300.0,34.9,280.0,1.0
385.0,73.0,640.0,74.5,165.0,60.0,590.0,72.0,668.0,49.0,47.0,43.0,29.0,37.0,24.0,12.0,17.0,STEEL,36.0,56.0,53.0,0.0,0.0,0.0,0.0,False,False,135.0,2.0,1.0,1.1,0.9,1.2,1.0,0.9,680.0,35.0,680.0,35.0,0,2,False,0,1.0,68.0,45.0,0.0,31.8,False,True,False,False,True,8,2,False,255.0,255.0,255,SPOKED,SPOKED,0,0.0,0.0,0.0,295.0,340.0,34.9,325.0,1.0
415.0,66.0,635.0,73.2,158.0,54.0,575.0,73.7,662.0,45.0,44.0,42.0,28.0,36.0,23.0,13.0,14.0,STEEL,30.0,54.0,48.0,0.0,0.0,0.0,0.0,False,False,130.0,2.0,1.0,1.1,0.9,1.2,1.0,0.9,680.0,33.0,680.0,31.0,0,1,False,0,1.0,68.0,45.0,0.0,31.8,True,False,False,False,True,9,1,False,255.0,255.0,255,SPOKED,SPOKED,0,0.0,0.0,0.0,255.0,308.0,34.9,315.0,1.0
425.0,69.0,620.0,72.0,147.0,46.0,560.0,74.0,656.0,46.0,45.0,41.0,28.0,36.0,23.0,14.0,15.0,STEEL,29.0,51.0,44.0,0.0,0.0,0.0,0.0,False,False,135.0,2.0,1.0,1.1,0.9,1.2,1.0,0.9,680.0,32.0,680.0,32.0,0,0,False,0,1.0,68.0,45.0,0.0,31.8,False,False,False,False,True,10,2,False,255.0,255.0,255,SPOKED,SPOKED,0,0.0,0.0,0.0,285.0,315.0,34.9,310.0,1.0
410.0,70.0,600.0,73.0,160.0,45.0,580.0,73.0,620.0,50.0,45.0,30.0,36.5,23.35,23.35,13.0,15,STEEL,35.0,50.0,50.0,330.0,350.0,16.0,18,False,False,130.0,2.0,0.9,1.1,0.9,1.2,1.0,0.9,700.0,70.0,700.0,70.0,0,2,False,0,1.0,68.0,45.0,0.0,31.8,True,True,False,False,True,11,2,False,255.0,255.0,255,SPOKED,SPOKED,0,0.0,0.0,0.0,280.0,720.0,34.9,340,1.0
415.0,70.0,610.0,73.5,165.0,48.0,600.0,73.5,630.0,52.0,45.0,30.0,36.5,23.35,24.0,13.0,15,STEEL,36.0,52.0,52.0,330.0,350.0,16.0,18,False,False,130.0,2.0,0.9,1.1,0.9,1.2,1.0,0.9,700.0,70.0,700.0,70.0,0,2,False,0,1.0,68.0,45.0,0.0,31.8,True,True,False,False,True,11,2,False,255.0,255.0,255,SPOKED,SPOKED,0,0.0,0.0,0.0,290.0,710.0,34.9,350,1.0
420.0,70.0,620.0,74.0,170.0,42.0,610.0,74.0,640.0,48.0,45.0,30.0,36.5,23.35,25.0,13.0,15,STEEL,37.0,54.0,54.0,330.0,350.0,16.0,18,False,False,130.0,2.0,0.9,1.1,0.9,1.2,1.0,0.9,700.0,70.0,700.0,70.0,0,2,False,0,1.0,68.0,45.0,0.0,31.8,True,True,False,False,True,11,2,False,255.0,255.0,255,SPOKED,SPOKED,0,0.0,0.0,0.0,285.0,715.0,34.9,345,1.0
425.0,70.0,630.0,72.5,180.0,46.0,620.0,72.5,650.0,50.0,45.0,30.0,36.5,23.35,23.35,13.0,15,STEEL,38.0,56.0,56.0,330.0,350.0,16.0,18,False,False,130.0,2.0,0.9,1.1,0.9,1.2,1.0,0.9,700.0,70.0,700.0,70.0,0,2,False,0,1.0,68.0,45.0,0.0,31.8,True,True,False,False,True,11,2,False,255.0,255.0,255,SPOKED,SPOKED,0,0.0,0.0,0.0,290.0,730.0,34.9,360,1.0
430.0,70.0,605.0,73.2,155.0,44.0,590.0,73.2,610.0,54.0,45.0,30.0,36.5,23.35,23.35,13.0,15,STEEL,34.0,49.0,49.0,330.0,350.0,16.0,18,False,False,130.0,2.0,0.9,1.1,0.9,1.2,1.0,0.9,700.0,70.0,700.0,70.0,0,2,False,0,1.0,68.0,45.0,0.0,31.8,True,True,False,False,True,11,2,False,255.0,255.0,255,SPOKED,SPOKED,0,0.0,0.0,0.0,295.0,705.0,34.9,335,1.0
435.0,70.0,615.0,74.0,175.0,47.0,615.0,74.0,645.0,46.0,45.0,30.0,36.5,23.35,23.35,13.0,15,STEEL,39.0,53.0,53.0,330.0,350.0,16.0,18,False,False,130.0,2.0,0.9,1.1,0.9,1.2,1.0,0.9,700.0,70.0,700.0,70.0,0,2,False,0,1.0,68.0,45.0,0.0,31.8,True,True,False,False,True,11,2,False,255.0,255.0,255,SPOKED,SPOKED,0,0.0,0.0,0.0,288.0,725.0,34.9,355,1.0
418.0,70.0,618.0,73.8,162.0,49.0,598.0,73.8,628.0,51.0,45.0,30.0,36.5,23.35,23.35,13.0,15,STEEL,36.0,50.0,50.0,330.0,350.0,16.0,18,False,False,130.0,2.0,0.9,1.1,0.9,1.2,1.0,0.9,700.0,70.0,700.0,70.0,0,2,False,0,1.0,68.0,45.0,0.0,31.8,True,True,False,False,True,11,2,False,255.0,255.0,255,SPOKED,SPOKED,0,0.0,0.0,0.0,292.0,712.0,34.9,348,1.0
422.0,70.0,630.0,74.0,172.0,43.0,605.0,74.0,638.0,49.0,45.0,30.0,36.5,23.35,24.0,13.0,15,STEEL,37.0,51.0,51.0,330.0,350.0,16.0,18,False,False,130.0,2.0,0.9,1.1,0.9,1.2,1.0,0.9,700.0,70.0,700.0,70.0,0,2,False,0,1.0,68.0,45.0,0.0,31.8,True,True,False,False,True,11,2,False,255.0,255.0,255,SPOKED,SPOKED,0,0.0,0.0,0.0,300.0,728.0,34.9,358,1.0
412.0,70.0,600.0,73.1,158.0,46.0,585.0,73.1,622.0,53.0,45.0,30.0,36.5,23.35,23.35,13.0,15,STEEL,35.0,48.0,48.0,330.0,350.0,16.0,18,False,False,130.0,2.0,0.9,1.1,0.9,1.2,1.0,0.9,700.0,70.0,700.0,70.0,0,2,False,0,1.0,68.0,45.0,0.0,31.8,True,True,False,False,True,11,2,False,255.0,255.0,255,SPOKED,SPOKED,0,0.0,0.0,0.0,278.0,705.0,34.9,332,1.0
421.0,70.0,625.0,73.3,168.0,50.0,625.0,73.3,655.0,47.0,45.0,30.0,36.5,23.35,23.35,13.0,15,STEEL,38.0,55.0,55.0,330.0,350.0,16.0,18,False,False,130.0,2.0,0.9,1.1,0.9,1.2,1.0,0.9,700.0,70.0,700.0,70.0,0,2,False,0,1.0,68.0,45.0,0.0,31.8,True,True,False,False,True,11,2,False,255.0,255.0,255,SPOKED,SPOKED,0,0.0,0.0,0.0,282.0,718.0,34.9,351,1.0
420.0,72.0,600.0,73.0,170.0,50.0,540.0,73.5,620.0,50.0,40.0,28.6,28.6,36.5,23.35,13.0,15.0,STEEL,30.0,40.0,50.0,0.0,0.0,0.0,0.0,False,False,130.0,2.0,0.9,1.1,0.9,1.2,1.0,0.9,674.0,52.0,674.0,52.0,0,0,False,0,1.0,68.0,45.0,0.0,31.8,False,False,False,False,True,11,2,False,255.0,255.0,255,SPOKED,SPOKED,0,0.0,0.0,0.0,280.0,770.0,34.9,330.0,1.0
430.0,75.0,610.0,72.5,190.0,55.0,560.0,74.0,630.0,55.0,40.0,28.6,28.6,36.5,23.35,13.0,15.0,STEEL,32.0,42.0,52.0,0.0,0.0,0.0,0.0,False,False,135.0,2.0,0.9,1.1,0.9,1.2,1.0,0.9,674.0,52.0,674.0,52.0,0,0,False,0,1.0,68.0,45.0,0.0,31.8,False,True,False,False,True,11,2,False,255.0,255.0,255,SPOKED,SPOKED,0,0.0,0.0,0.0,280.0,780.0,34.9,330.0,1.0
400.0,70.0,590.0,74.0,160.0,60.0,530.0,73.0,610.0,48.0,40.0,28.6,28.6,36.5,23.35,13.0,15.0,STEEL,28.0,36.0,48.0,0.0,0.0,0.0,0.0,False,False,130.0,2.0,0.9,1.1,0.9,1.2,1.0,0.9,674.0,52.0,674.0,52.0,0,0,False,0,1.0,68.0,42.0,0.0,31.8,True,True,False,False,True,11,2,False,255.0,255.0,255,SPOKED,SPOKED,0,0.0,0.0,0.0,280.0,760.0,34.9,330.0,1.0
415.0,73.0,605.0,73.5,150.0,45.0,550.0,74.0,625.0,52.0,40.0,28.6,28.6,36.5,23.35,13.0,15.0,STEEL,29.0,38.0,49.0,0.0,0.0,0.0,0.0,False,False,130.0,2.0,0.9,1.1,0.9,1.2,1.0,0.9,674.0,52.0,674.0,52.0,2,2,False,0,1.0,68.0,42.0,0.0,31.8,False,True,False,False,True,11,2,False,255.0,255.0,255,SPOKED,SPOKED,0,0.0,0.0,0.0,280.0,775.0,34.9,330.0,1.0
425.0,74.0,615.0,72.0,180.0,50.0,555.0,74.0,635.0,50.0,40.0,28.6,28.6,36.5,23.35,13.0,15.0,STEEL,31.0,40.0,51.0,0.0,0.0,0.0,0.0,False,False,130.0,2.0,0.9,1.1,0.9,1.2,1.0,0.9,674.0,52.0,674.0,52.0,0,1,False,0,1.0,68.0,45.0,0.0,31.8,False,False,False,False,True,11,2,False,255.0,255.0,255,TRISPOKE,SPOKED,1,0.0,40.0,0.0,280.0,785.0,34.9,330.0,1.0
410.0,72.0,595.0,73.5,165.0,55.0,545.0,73.5,620.0,55.0,40.0,28.6,28.6,36.5,23.35,13.0,15.0,STEEL,30.0,39.0,50.0,0.0,0.0,0.0,0.0,False,False,130.0,2.0,0.9,1.1,0.9,1.2,1.0,0.9,674.0,52.0,674.0,52.0,0,0,False,0,1.0,68.0,45.0,0.0,31.8,False,False,False,False,True,11,2,False,255.0,255.0,255,SPOKED,TRISPOKE,0,1.0,0.0,40.0,280.0,790.0,34.9,330.0,1.0
430.0,73.0,605.0,73.0,175.0,50.0,550.0,74.0,630.0,50.0,40.0,28.6,28.6,36.5,23.35,13.0,15.0,STEEL,30.0,40.0,50.0,0.0,0.0,0.0,0.0,False,False,130.0,2.0,0.9,1.1,0.9,1.2,1.0,0.9,674.0,52.0,674.0,52.0,0,0,False,0,1.0,68.0,45.0,0.0,31.8,True,True,False,False,True,11,2,True,255.0,255.0,255,SPOKED,SPOKED,0,0.0,0.0,0.0,280.0,775.0,34.9,330.0,1.0
420.0,74.0,600.0,73.0,170.0,50.0,540.0,73.5,620.0,50.0,40.0,28.6,28.6,36.5,23.35,13.0,15.0,STEEL,30.0,40.0,50.0,0.0,0.0,0.0,0.0,False,False,130.0,2.0,0.9,1.1,0.9,1.2,1.0,0.9,674.0,52.0,674.0,52.0,0,0,False,0,1.0,68.0,45.0,0.0,31.8,False,False,True,False,True,11,2,False,255.0,255.0,255,SPOKED,SPOKED,0,0.0,0.0,0.0,280.0,770.0,34.9,330.0,1.0
425.0,75.0,605.0,72.5,175.0,55.0,545.0,74.0,625.0,55.0,40.0,28.6,28.6,36.5,23.35,13.0,15.0,STEEL,31.0,41.0,51.0,0.0,0.0,0.0,0.0,False,False,130.0,2.0,0.9,1.1,0.9,1.2,1.0,0.9,674.0,52.0,674.0,52.0,0,0,False,0,1.0,68.0,45.0,0.0,31.8,False,False,False,True,True,11,2,False,255.0,255.0,255,SPOKED,SPOKED,0,0.0,0.0,0.0,280.0,780.0,34.9,330.0,1.0
450.0,75.0,620.0,72.0,200.0,60.0,560.0,74.0,640.0,50.0,40.0,28.6,28.6,36.5,23.35,13.0,15.0,STEEL,34.0,44.0,55.0,0.0,0.0,0.0,0.0,False,False,135.0,2.0,0.9,1.1,0.9,1.2,1.0,0.9,674.0,52.0,674.0,52.0,0,0,False,0,1.0,68.0,49.0,0.0,31.8,False,False,False,False,True,11,2,False,255.0,255.0,255,SPOKED,SPOKED,0,0.0,0.0,0.0,280.0,800.0,34.9,330.0,3.0
390.0,75.0,580.0,72.0,160.0,40.0,560.0,72.0,640.0,40.0,45.0,31.8,34.9,30.0,28.0,15.0,9,STEEL,30.0,45.0,50.0,330.0,350.0,16.0,18,False,False,130.0,2.0,0.9,1.1,0.9,1.2,1.0,0.9,680.0,50.0,680.0,50.0,0,2,False,0,1.0,68.0,45.0,31.8,31.8,False,True,False,False,True,9,2,False,255.0,255.0,255,SPOKED,SPOKED,0,0.0,0.0,0.0,280.0,740.0,34.9,300,1.0
395.0,70.0,590.0,73.0,165.0,45.0,570.0,73.0,650.0,41.0,46.0,32.0,35.0,31.0,29.0,15.0,10,STEEL,32.0,46.0,48.0,330.0,350.0,16.0,18,False,False,130.0,2.0,0.9,1.1,0.9,1.2,1.0,0.9,680.0,50.0,680.0,50.0,0,2,False,0,1.0,68.0,46.0,31.8,31.8,False,True,False,False,True,9,2,False,255.0,255.0,255,SPOKED,SPOKED,0,0.0,0.0,0.0,280.0,745.0,34.9,300,1.0
400.0,65.0,600.0,74.0,170.0,50.0,580.0,74.0,660.0,42.0,45.0,31.8,34.9,30.0,28.0,15.0,9,STEEL,34.0,48.0,52.0,330.0,350.0,16.0,18,False,False,130.0,2.0,0.9,1.1,0.9,1.2,1.0,0.9,680.0,50.0,680.0,50.0,0,2,False,0,1.0,68.0,45.0,31.8,31.8,False,True,False,False,True,9,2,False,255.0,255.0,255,SPOKED,SPOKED,0,0.0,0.0,0.0,280.0,750.0,34.9,300,1.0
405.0,68.0,610.0,73.0,175.0,55.0,590.0,73.0,670.0,43.0,46.0,31.8,34.9,31.0,29.0,16.0,10,STEEL,36.0,50.0,54.0,330.0,350.0,16.0,18,False,False,130.0,2.0,0.9,1.1,0.9,1.2,1.0,0.9,680.0,50.0,680.0,50.0,0,2,False,0,1.0,68.0,47.0,31.8,31.8,False,True,False,False,True,9,2,False,255.0,255.0,255,SPOKED,SPOKED,0,0.0,0.0,0.0,280.0,755.0,34.9,300,1.0
410.0,72.0,620.0,72.0,180.0,60.0,600.0,72.0,680.0,44.0,45.0,31.8,34.9,30.0,28.0,15.0,9,STEEL,38.0,52.0,56.0,330.0,350.0,16.0,18,False,False,130.0,2.0,0.9,1.1,0.9,1.2,1.0,0.9,680.0,50.0,680.0,50.0,0,2,False,0,1.0,68.0,45.0,31.8,31.8,False,True,False,False,True,9,2,False,255.0,255.0,255,SPOKED,SPOKED,0,0.0,0.0,0.0,280.0,760.0,34.9,300,1.0
395.0,68.0,605.0,73.0,185.0,48.0,575.0,73.0,675.0,41.0,47.0,32.0,35.0,32.0,30.0,15.0,10,STEEL,33.0,49.0,55.0,330.0,350.0,16.0,18,False,False,130.0,2.0,0.9,1.1,0.9,1.2,1.0,0.9,680.0,50.0,680.0,50.0,0,2,False,0,1.0,68.0,48.0,31.8,31.8,False,True,False,False,True,9,2,False,255.0,255.0,255,SPOKED,SPOKED,0,0.0,0.0,0.0,280.0,745.0,34.9,300,1.0
402.0,70.0,595.0,74.0,190.0,52.0,580.0,74.0,665.0,42.0,44.0,31.8,34.9,29.0,27.0,15.0,9,STEEL,35.0,53.0,53.0,330.0,350.0,16.0,18,False,False,130.0,2.0,0.9,1.1,0.9,1.2,1.0,0.9,680.0,50.0,680.0,50.0,0,2,False,0,1.0,68.0,44.0,31.8,31.8,False,True,False,False,True,9,2,False,255.0,255.0,255,SPOKED,SPOKED,0,0.0,0.0,0.0,280.0,750.0,34.9,300,1.0
407.0,69.0,598.0,72.0,195.0,47.0,585.0,72.0,662.0,43.0,46.0,31.8,34.9,30.0,28.0,15.0,10,STEEL,37.0,51.0,54.0,330.0,350.0,16.0,18,False,False,130.0,2.0,0.9,1.1,0.9,1.2,1.0,0.9,680.0,50.0,680.0,50.0,0,2,False,0,1.0,68.0,46.0,31.8,31.8,False,True,False,False,True,9,2,False,255.0,255.0,255,SPOKED,SPOKED,0,0.0,0.0,0.0,280.0,760.0,34.9,300,1.0
415.0,73.0,612.0,73.0,182.0,58.0,595.0,73.0,678.0,44.0,45.0,31.8,34.9,31.0,29.0,16.0,9,STEEL,39.0,54.0,57.0,330.0,350.0,16.0,18,False,False,130.0,2.0,0.9,1.1,0.9,1.2,1.0,0.9,680.0,50.0,680.0,50.0,0,2,False,0,1.0,68.0,45.0,31.8,31.8,False,True,False,False,True,9,2,False,255.0,255.0,255,SPOKED,SPOKED,0,0.0,0.0,0.0,280.0,755.0,34.9,300,1.0
420.0,74.0,618.0,74.0,188.0,60.0,600.0,74.0,680.0,45.0,47.0,32.0,35.0,32.0,30.0,16.0,10,STEEL,40.0,55.0,58.0,330.0,350.0,16.0,18,False,False,130.0,2.0,0.9,1.1,0.9,1.2,1.0,0.9,680.0,50.0,680.0,50.0,0,2,False,0,1.0,68.0,47.0,31.8,31.8,False,True,False,False,True,9,2,False,255.0,255.0,255,SPOKED,SPOKED,0,0.0,0.0,0.0,280.0,760.0,34.9,300,1.0
410.0,70.0,600.0,73.0,150.0,50.0,540.0,73.0,650.0,50.0,45.0,28.6,28.6,36.5,23.35,15.0,9.0,STEEL,30.0,40.0,50.0,330.0,350.0,16.0,18.0,False,False,130.0,2.0,0.9,1.1,0.9,1.2,1.0,0.9,680.0,52.0,680.0,52.0,0,2,False,0,1.0,68.0,45.0,0.0,31.8,True,True,False,False,True,11,2,False,255.0,255.0,255.0,DISC,SPOKED,0,0.0,0.0,0.0,300.0,750.0,34.9,750.0,1.0
415.0,72.0,610.0,74.0,160.0,55.0,550.0,72.5,660.0,48.0,45.0,30.0,30.0,38.0,24.0,16.0,9.5,STEEL,35.0,45.0,55.0,330.0,350.0,16.0,18.0,False,False,130.0,2.0,0.9,1.1,0.9,1.2,1.0,0.9,680.0,52.0,680.0,52.0,0,2,False,0,1.0,70.0,46.0,0.0,32.0,True,True,False,False,True,12,2,False,255.0,255.0,255.0,DISC,SPOKED,0,0.0,0.0,0.0,300.0,760.0,35.0,760.0,1.0
405.0,68.0,590.0,72.5,140.0,48.0,530.0,73.5,640.0,52.0,45.0,27.0,27.0,34.0,23.0,14.0,8.5,STEEL,25.0,35.0,45.0,330.0,350.0,16.0,18.0,False,False,130.0,2.0,0.9,1.1,0.9,1.2,1.0,0.9,680.0,52.0,680.0,52.0,0,2,False,0,1.0,65.0,44.0,0.0,31.5,True,True,False,False,True,11,2,False,255.0,255.0,255.0,DISC,SPOKED,0,0.0,0.0,0.0,290.0,740.0,34.0,740.0,1.0
410.0,70.0,600.0,73.0,150.0,50.0,540.0,73.0,650.0,50.0,45.0,28.6,28.6,36.5,23.35,15.0,9.0,STEEL,30.0,40.0,50.0,330.0,350.0,16.0,18.0,False,False,130.0,2.0,0.9,1.1,0.9,1.2,1.0,0.9,680.0,52.0,680.0,52.0,0,2,False,0,1.0,68.0,45.0,0.0,31.8,True,True,True,True,True,11,2,False,255.0,255.0,255.0,DISC,SPOKED,0,0.0,0.0,0.0,300.0,750.0,34.9,750.0,1.0
410.0,70.0,600.0,73.0,150.0,50.0,540.0,73.0,650.0,50.0,45.0,28.6,28.6,36.5,23.35,15.0,9.0,STEEL,30.0,40.0,50.0,330.0,350.0,16.0,18.0,False,False,130.0,2.0,0.9,1.1,0.9,1.2,1.0,0.9,680.0,52.0,680.0,52.0,0,2,False,0,1.0,68.0,45.0,0.0,31.8,True,True,False,False,True,11,2,True,255.0,255.0,255.0,DISC,SPOKED,0,0.0,0.0,0.0,300.0,750.0,34.9,750.0,1.0
410.0,70.0,600.0,73.0,150.0,50.0,540.0,73.0,650.0,50.0,45.0,28.6,28.6,36.5,23.35,15.0,9.0,STEEL,30.0,40.0,50.0,330.0,350.0,16.0,18.0,False,False,130.0,2.0,0.9,1.1,0.9,1.2,1.0,0.9,680.0,52.0,680.0,52.0,0,2,False,0,1.0,68.0,45.0,0.0,31.8,True,True,False,False,False,11,1,False,255.0,255.0,255.0,DISC,SPOKED,0,0.0,0.0,0.0,300.0,750.0,34.9,750.0,1.0
410.0,70.0,600.0,73.0,150.0,50.0,540.0,73.0,650.0,50.0,45.0,28.6,28.6,36.5,23.35,15.0,9.0,STEEL,30.0,40.0,50.0,330.0,350.0,16.0,18.0,False,False,130.0,2.0,0.9,1.1,0.9,1.2,1.0,0.9,680.0,52.0,680.0,52.0,0,0,False,0,1.0,68.0,45.0,0.0,31.8,True,True,False,False,True,11,2,False,255.0,255.0,255.0,DISC,SPOKED,0,0.0,0.0,0.0,300.0,750.0,34.9,750.0,1.0
410.0,70.0,600.0,73.0,150.0,50.0,540.0,73.0,650.0,50.0,45.0,28.6,28.6,36.5,23.35,15.0,9.0,STEEL,30.0,40.0,50.0,330.0,350.0,16.0,18.0,False,False,130.0,2.0,0.9,1.1,0.9,1.2,1.0,0.9,680.0,52.0,680.0,52.0,0,2,False,0,1.0,68.0,45.0,0.0,31.8,True,True,False,False,True,11,2,False,255.0,255.0,255.0,SPOKED,SPOKED,0,0.0,0.0,0.0,300.0,750.0,34.9,750.0,1.0
410.0,70.0,600.0,73.0,150.0,50.0,540.0,73.0,650.0,50.0,45.0,28.6,28.6,36.5,23.35,15.0,9.0,STEEL,30.0,40.0,50.0,330.0,350.0,16.0,18.0,False,False,130.0,2.0,0.9,1.1,0.9,1.2,1.0,0.9,680.0,52.0,680.0,52.0,0,2,False,0,1.0,68.0,45.0,0.0,31.8,True,True,False,False,True,11,2,False,255.0,255.0,255.0,TRISPOKE,SPOKED,1,0.0,50.0,0.0,300.0,750.0,34.9,750.0,1.0
410.0,70.0,600.0,73.0,150.0,50.0,540.0,73.0,650.0,50.0,45.0,28.6,28.6,36.5,23.35,15.0,9.0,STEEL,30.0,40.0,50.0,330.0,350.0,16.0,18.0,False,False,130.0,2.0,0.9,1.1,0.9,1.2,1.0,0.9,680.0,52.0,680.0,52.0,0,2,False,0,1.0,68.0,45.0,0.0,31.8,True,True,False,False,True,11,2,False,255.0,255.0,255.0,SPOKED,DISC,0,0.0,0.0,0.0,300.0,750.0,34.9,750.0,1.0
410.0,70.0,550.0,73.0,140.0,45.0,540.0,73.0,660.0,50.0,40.0,28.6,36.5,30.0,25.0,13.0,15,STEEL,35.0,45.0,50.0,0.0,0.0,0.0,0,False,False,130.0,2.0,0.9,1.1,0.9,0.9,0.9,0.9,680.0,56.0,680.0,56.0,0,1,False,0,1.0,68.0,45.0,0.0,31.8,False,True,False,False,True,11,2,False,254.0,254.0,254,SPOKED,SPOKED,0,0.0,0.0,0.0,280.0,750.0,36.5,300,1.0
415.0,68.0,560.0,74.0,150.0,50.0,550.0,73.5,650.0,52.0,40.0,28.6,36.5,30.0,25.0,14.0,16,STEEL,45.0,50.0,40.0,0.0,0.0,0.0,0,False,False,130.0,2.0,0.9,1.1,0.9,0.9,0.9,0.9,680.0,56.0,680.0,56.0,0,1,False,0,1.0,68.0,45.0,0.0,31.8,False,True,False,False,True,11,2,False,254.0,254.0,254,SPOKED,SPOKED,0,0.0,0.0,0.0,280.0,750.0,36.5,300,1.0
420.0,72.0,540.0,72.0,160.0,48.0,540.0,74.0,655.0,48.0,40.0,28.6,36.5,30.0,25.0,12.0,14,STEEL,55.0,40.0,30.0,0.0,0.0,0.0,0,False,False,130.0,2.0,0.9,1.1,0.9,0.9,0.9,0.9,680.0,56.0,680.0,56.0,0,2,False,0,1.0,68.0,45.0,0.0,31.8,True,True,False,False,True,11,2,False,254.0,254.0,254,SPOKED,SPOKED,0,0.0,0.0,0.0,280.0,750.0,36.5,300,1.0
405.0,70.0,550.0,73.0,140.0,45.0,545.0,73.0,660.0,50.0,40.0,28.6,36.5,30.0,25.0,13.0,15,STEEL,35.0,45.0,50.0,0.0,0.0,0.0,0,False,False,130.0,2.0,0.9,1.1,0.9,0.9,0.9,0.9,680.0,56.0,680.0,56.0,0,1,False,0,1.0,68.0,45.0,0.0,31.8,False,True,True,False,True,11,2,True,254.0,254.0,254,SPOKED,SPOKED,0,0.0,0.0,0.0,280.0,750.0,36.5,300,1.0
430.0,69.0,560.0,74.0,150.0,50.0,550.0,73.5,650.0,52.0,40.0,28.6,36.5,30.0,25.0,14.0,16,STEEL,45.0,50.0,40.0,0.0,0.0,0.0,0,False,False,130.0,2.0,0.9,1.1,0.9,0.9,0.9,0.9,680.0,56.0,680.0,56.0,0,1,False,0,1.0,68.0,45.0,0.0,31.8,True,False,False,False,True,11,2,False,254.0,254.0,254,SPOKED,SPOKED,0,0.0,0.0,0.0,280.0,750.0,36.5,300,1.0
410.0,71.0,540.0,72.0,160.0,48.0,540.0,74.0,655.0,48.0,40.0,28.6,36.5,30.0,25.0,12.0,14,STEEL,55.0,40.0,30.0,0.0,0.0,0.0,0,False,False,130.0,3.0,0.9,1.2,0.9,1.2,0.9,0.9,680.0,56.0,680.0,56.0,0,2,False,0,1.0,68.0,45.0,0.0,31.8,False,True,False,False,True,11,2,False,254.0,254.0,254,TRISPOKE,SPOKED,1,0.0,45.0,0.0,280.0,750.0,36.5,300,1.0
415.0,70.0,550.0,73.0,140.0,45.0,545.0,73.0,660.0,50.0,40.0,28.6,36.5,30.0,25.0,13.0,15,STEEL,35.0,45.0,50.0,0.0,0.0,0.0,0,False,False,130.0,2.0,1.0,1.1,1.0,1.1,1.0,1.0,680.0,56.0,680.0,56.0,0,1,False,0,1.0,68.0,45.0,0.0,31.8,False,True,False,False,True,11,2,False,254.0,254.0,254,SPOKED,TRISPOKE,0,1.0,0.0,45.0,280.0,750.0,36.5,300,1.0
415.0,68.0,560.0,74.0,150.0,50.0,550.0,73.5,650.0,52.0,40.0,28.6,36.5,30.0,25.0,14.0,16,STEEL,45.0,50.0,40.0,0.0,0.0,0.0,0,False,False,130.0,2.0,0.9,1.1,0.9,0.9,0.9,0.9,680.0,56.0,680.0,56.0,0,1,False,0,1.0,68.0,45.0,0.0,31.8,False,True,False,False,True,11,2,False,254.0,254.0,254,DISC,DISC,0,0.0,0.0,0.0,280.0,750.0,36.5,300,1.0
420.0,72.0,540.0,72.0,160.0,48.0,540.0,74.0,655.0,48.0,40.0,28.6,36.5,30.0,25.0,12.0,14,STEEL,55.0,40.0,30.0,0.0,0.0,0.0,0,False,False,130.0,2.0,0.8,1.1,0.8,0.9,0.8,0.8,680.0,40.0,680.0,40.0,0,2,False,0,1.0,68.0,45.0,0.0,31.8,False,True,False,False,True,11,2,False,254.0,254.0,254,SPOKED,SPOKED,0,0.0,0.0,0.0,280.0,750.0,36.5,300,1.0
430.0,70.0,550.0,73.0,150.0,45.0,545.0,73.0,660.0,50.0,40.0,28.6,36.5,30.0,25.0,13.0,15,STEEL,35.0,45.0,50.0,0.0,0.0,0.0,0,False,False,130.0,3.0,1.2,1.2,1.2,1.2,1.2,1.2,680.0,56.0,680.0,56.0,0,1,False,0,1.0,68.0,45.0,0.0,31.8,False,True,False,False,True,11,2,False,254.0,254.0,254,SPOKED,SPOKED,0,0.0,0.0,0.0,280.0,750.0,36.5,300,1.0
420.0,70.0,630.0,73.0,160.0,45.0,580.0,73.0,650.0,45.0,45.0,40.0,36.0,30.0,30.0,13.0,15.0,STEEL,35.0,50.0,50.0,330.0,350.0,16.0,18.0,False,False,130.0,2.0,2.0,2.0,2.0,2.0,2.0,2.0,680.0,121.0,680.0,121.0,0,0,False,0,1.0,68.0,45.0,0.0,31.8,False,False,False,False,True,11,2,False,255.0,255.0,255,SPOKED,SPOKED,0,0.0,0.0,0.0,280.0,800.0,35.0,300.0,1.0
425.0,72.0,635.0,72.5,162.0,47.0,585.0,72.5,645.0,46.0,47.0,41.0,35.0,29.0,31.0,14.0,14.0,STEEL,34.0,52.0,48.0,330.0,350.0,16.0,18.0,False,False,130.0,2.0,2.0,2.0,2.0,2.0,2.0,2.0,682.0,122.0,682.0,122.0,0,2,False,0,1.0,70.0,46.0,0.0,31.8,False,False,False,False,True,12,2,False,255.0,255.0,255,SPOKED,SPOKED,0,0.0,0.0,0.0,285.0,810.0,35.5,310.0,1.0
430.0,68.0,640.0,73.5,155.0,42.0,575.0,73.5,655.0,44.0,44.0,39.0,34.0,32.0,28.0,12.0,16.0,STEEL,36.0,48.0,52.0,330.0,350.0,16.0,18.0,False,False,130.0,1.8,1.8,1.8,1.8,1.8,1.8,1.8,678.0,120.0,678.0,120.0,0,0,False,0,1.0,68.0,44.0,0.0,31.8,False,False,False,False,True,11,3,False,255.0,255.0,255,SPOKED,SPOKED,0,0.0,0.0,0.0,275.0,790.0,34.5,290.0,1.0
415.0,75.0,620.0,72.0,165.0,50.0,600.0,72.0,660.0,48.0,50.0,42.0,37.0,31.0,29.0,15.0,15.0,STEEL,33.0,49.0,49.0,330.0,350.0,16.0,18.0,False,False,130.0,2.2,2.2,2.2,2.2,2.2,2.2,2.2,688.0,130.0,688.0,130.0,0,2,False,0,1.0,68.0,47.0,0.0,31.8,False,False,False,False,True,10,2,False,255.0,255.0,255,SPOKED,SPOKED,0,0.0,0.0,0.0,282.0,820.0,36.0,320.0,1.0
440.0,65.0,650.0,74.0,158.0,43.0,590.0,74.0,648.0,43.0,46.0,38.0,36.5,30.5,30.0,14.5,14.5,STEEL,35.5,51.0,51.0,330.0,350.0,16.0,18.0,False,False,130.0,2.0,2.0,2.0,2.0,2.0,2.0,2.0,674.0,115.0,674.0,115.0,0,0,False,0,1.0,68.0,45.0,0.0,31.8,False,False,False,False,True,11,1,False,255.0,255.0,255,SPOKED,SPOKED,0,0.0,0.0,0.0,288.0,805.0,35.5,305.0,1.0
410.0,69.0,625.0,72.7,163.0,46.0,582.0,72.7,652.0,47.0,48.0,40.5,35.5,29.5,31.5,12.5,15.5,STEEL,34.5,49.5,50.5,330.0,350.0,16.0,18.0,False,False,130.0,1.9,1.9,1.9,1.9,1.9,1.9,1.9,676.0,125.0,676.0,125.0,0,2,False,0,1.0,68.0,44.0,0.0,31.8,False,False,False,False,True,12,3,False,255.0,255.0,255,SPOKED,SPOKED,0,0.0,0.0,0.0,279.0,798.0,35.2,315.0,1.0
435.0,71.0,638.0,73.2,159.0,48.0,595.0,73.2,648.0,46.5,47.5,41.5,36.8,30.2,29.8,13.5,14.8,STEEL,34.8,50.2,49.8,330.0,350.0,16.0,18.0,False,False,130.0,2.0,2.0,2.0,2.0,2.0,2.0,2.0,682.0,118.0,682.0,118.0,0,0,False,0,1.0,68.0,45.5,0.0,31.8,False,False,False,False,True,11,2,False,255.0,255.0,255,SPOKED,SPOKED,0,0.0,0.0,0.0,286.0,812.0,35.7,298.0,1.0
422.0,67.5,627.0,72.3,161.0,44.5,577.0,72.3,653.0,45.5,46.2,39.2,35.2,29.2,30.8,13.2,15.2,STEEL,36.2,49.8,46.2,330.0,350.0,16.0,18.0,False,False,130.0,1.85,1.85,1.85,1.85,1.85,1.85,1.85,680.0,127.0,680.0,127.0,0,2,False,0,1.0,68.0,45.2,0.0,31.8,False,False,False,False,True,10,2,False,255.0,255.0,255,SPOKED,SPOKED,0,0.0,0.0,0.0,283.0,800.0,34.9,310.0,1.0
428.0,69.5,645.0,73.8,157.0,47.2,588.0,73.8,647.0,44.8,45.8,40.8,36.2,30.8,28.5,14.2,14.2,STEEL,34.2,50.5,51.2,330.0,350.0,16.0,18.0,False,False,130.0,1.95,1.95,1.95,1.95,1.95,1.95,1.95,684.0,129.0,684.0,129.0,0,0,False,0,1.0,68.0,45.8,0.0,31.8,False,False,False,False,True,11,2,False,255.0,255.0,255,SPOKED,SPOKED,0,0.0,0.0,0.0,281.0,807.0,35.9,299.0,1.0
417.5,66.8,633.0,72.8,164.5,46.9,592.0,72.8,651.5,45.2,46.5,40.2,35.7,29.9,29.9,13.9,15.9,STEEL,35.9,49.2,50.9,330.0,350.0,16.0,18.0,False,False,130.0,2.05,2.05,2.05,2.05,2.05,2.05,2.05,679.0,124.0,679.0,124.0,0,2,False,0,1.0,68.0,45.7,0.0,31.8,False,False,False,False,True,10,2,False,255.0,255.0,255,SPOKED,SPOKED,0,0.0,0.0,0.0,284.0,804.0,35.3,307.0,1.0
410.0,74.0,590.0,73.0,160.0,50.0,540.0,74.0,660.0,45.0,46.0,28.6,36.5,23.35,13.0,13.0,15.0,STEEL,30.0,50.0,50.0,0.0,0.0,0.0,0.0,False,False,130.0,1.2,1.1,1.3,1.2,1.1,1.0,1.2,680.0,121.0,680.0,121.0,0,2,False,0,1.0,68.0,44.0,692.0,31.8,False,False,False,False,True,11,2,False,255.0,255.0,255,SPOKED,SPOKED,0,0.0,80.0,80.0,280.0,770.0,34.9,300.0,1.0
415.0,73.0,610.0,72.5,170.0,55.0,550.0,73.5,670.0,45.0,46.0,28.6,36.5,23.35,13.0,13.0,15.0,STEEL,30.0,50.0,50.0,0.0,0.0,0.0,0.0,False,False,130.0,1.2,1.1,1.3,1.2,1.1,1.0,1.2,680.0,121.0,680.0,121.0,0,2,False,0,1.0,68.0,44.0,692.0,31.8,False,False,False,False,True,11,2,False,255.0,255.0,255,SPOKED,SPOKED,0,0.0,80.0,80.0,280.0,770.0,34.9,300.0,1.0
420.0,75.0,600.0,73.5,150.0,52.0,530.0,74.5,650.0,45.0,46.0,28.6,36.5,23.35,13.0,13.0,15.0,STEEL,30.0,50.0,50.0,0.0,0.0,0.0,0.0,False,False,130.0,1.2,1.1,1.3,1.2,1.1,1.0,1.2,680.0,121.0,680.0,121.0,0,2,False,0,1.0,68.0,44.0,692.0,31.8,False,False,False,False,True,11,2,False,255.0,255.0,255,SPOKED,SPOKED,0,0.0,80.0,80.0,280.0,770.0,34.9,300.0,1.0
405.0,72.0,580.0,74.0,180.0,58.0,560.0,73.0,680.0,45.0,46.0,28.6,36.5,23.35,13.0,13.0,15.0,STEEL,30.0,50.0,50.0,0.0,0.0,0.0,0.0,False,False,130.0,1.2,1.1,1.3,1.2,1.1,1.0,1.2,680.0,121.0,680.0,121.0,0,2,False,0,1.0,68.0,44.0,692.0,31.8,False,False,False,False,True,11,2,False,255.0,255.0,255,SPOKED,SPOKED,0,0.0,80.0,80.0,280.0,770.0,34.9,300.0,1.0
425.0,76.0,600.0,72.5,155.0,45.0,520.0,74.0,655.0,45.0,46.0,28.6,36.5,23.35,13.0,13.0,15.0,STEEL,30.0,50.0,50.0,0.0,0.0,0.0,0.0,False,False,130.0,1.2,1.1,1.3,1.2,1.1,1.0,1.2,680.0,121.0,680.0,121.0,0,2,False,0,1.0,68.0,44.0,692.0,31.8,False,False,False,False,True,11,2,False,255.0,255.0,255,SPOKED,SPOKED,0,0.0,80.0,80.0,280.0,770.0,34.9,300.0,1.0
430.0,74.0,620.0,73.2,165.0,53.0,545.0,73.8,675.0,45.0,46.0,28.6,36.5,23.35,13.0,13.0,15.0,STEEL,30.0,50.0,50.0,0.0,0.0,0.0,0.0,False,False,130.0,1.2,1.1,1.3,1.2,1.1,1.0,1.2,680.0,121.0,680.0,121.0,0,2,False,0,1.0,68.0,44.0,692.0,31.8,False,False,False,False,True,11,2,False,255.0,255.0,255,SPOKED,SPOKED,0,0.0,80.0,80.0,280.0,770.0,34.9,300.0,1.0
408.0,71.0,585.0,74.0,175.0,60.0,565.0,74.2,690.0,45.0,46.0,28.6,36.5,23.35,13.0,13.0,15.0,STEEL,30.0,50.0,50.0,0.0,0.0,0.0,0.0,False,False,130.0,1.2,1.1,1.3,1.2,1.1,1.0,1.2,680.0,121.0,680.0,121.0,0,2,False,0,1.0,68.0,44.0,692.0,31.8,False,False,False,False,True,11,2,False,255.0,255.0,255,SPOKED,SPOKED,0,0.0,80.0,80.0,280.0,770.0,34.9,300.0,1.0
418.0,73.5,595.0,73.8,160.0,50.0,535.0,73.3,665.0,45.0,46.0,28.6,36.5,23.35,13.0,13.0,15.0,STEEL,30.0,50.0,50.0,0.0,0.0,0.0,0.0,False,False,130.0,1.2,1.1,1.3,1.2,1.1,1.0,1.2,680.0,121.0,680.0,121.0,0,2,False,0,1.0,68.0,44.0,692.0,31.8,False,False,False,False,True,11,2,False,255.0,255.0,255,SPOKED,SPOKED,0,0.0,80.0,80.0,280.0,770.0,34.9,300.0,1.0
412.0,72.5,605.0,72.8,170.0,57.0,550.0,74.1,660.0,45.0,46.0,28.6,36.5,23.35,13.0,13.0,15.0,STEEL,30.0,50.0,50.0,0.0,0.0,0.0,0.0,False,False,130.0,1.2,1.1,1.3,1.2,1.1,1.0,1.2,680.0,121.0,680.0,121.0,0,2,False,0,1.0,68.0,44.0,692.0,31.8,False,False,False,False,True,11,2,False,255.0,255.0,255,SPOKED,SPOKED,0,0.0,80.0,80.0,280.0,770.0,34.9,300.0,1.0
422.0,75.5,615.0,73.3,160.0,54.0,545.0,73.6,670.0,45.0,46.0,28.6,36.5,23.35,13.0,13.0,15.0,STEEL,30.0,50.0,50.0,0.0,0.0,0.0,0.0,False,False,130.0,1.2,1.1,1.3,1.2,1.1,1.0,1.2,680.0,121.0,680.0,121.0,0,2,False,0,1.0,68.0,44.0,692.0,31.8,False,False,False,False,True,11,2,False,255.0,255.0,255,SPOKED,SPOKED,0,0.0,80.0,80.0,280.0,770.0,34.9,300.0,1.0
405.0,68.0,580.0,72.0,120.0,50.0,520.0,73.0,620.0,45.0,45.0,28.6,36.5,23.35,13.0,15.0,9.0,STEEL,30.0,50.0,45.0,0.0,0.0,0.0,0.0,False,False,130.0,1.2,0.9,1.1,1.2,1.0,0.9,1.1,668.0,23.0,668.0,23.0,0,0,False,0,1.0,68.0,45.0,0.0,31.8,False,False,False,False,True,11,2,False,255.0,255.0,255,SPOKED,SPOKED,1,1.0,0.0,0.0,278.0,730.0,34.9,300.0,1.0
410.0,70.0,590.0,73.0,130.0,50.0,530.0,73.5,625.0,45.0,45.0,30.0,35.0,23.35,13.0,15.0,9.0,STEEL,32.0,52.0,47.0,0.0,0.0,0.0,0.0,False,False,130.0,1.2,0.9,1.1,1.2,1.0,0.9,1.1,668.0,23.0,668.0,23.0,0,0,False,0,1.0,68.0,45.0,0.0,31.8,False,False,False,False,True,11,2,False,255.0,255.0,255,SPOKED,SPOKED,1,1.0,0.0,0.0,280.0,735.0,34.9,300.0,1.0
415.0,65.0,600.0,74.0,140.0,50.0,540.0,72.5,630.0,45.0,45.0,31.8,34.0,23.35,13.0,15.0,9.0,STEEL,34.0,54.0,49.0,0.0,0.0,0.0,0.0,False,False,130.0,1.2,0.9,1.1,1.2,1.0,0.9,1.1,668.0,23.0,668.0,23.0,0,0,False,0,1.0,68.0,45.0,0.0,31.8,False,False,False,False,True,11,2,False,255.0,255.0,255,SPOKED,SPOKED,1,1.0,0.0,0.0,282.0,740.0,34.9,300.0,1.0
420.0,75.0,610.0,73.5,150.0,50.0,550.0,73.5,635.0,45.0,45.0,33.6,33.0,23.35,13.0,15.0,9.0,STEEL,36.0,56.0,51.0,0.0,0.0,0.0,0.0,False,False,130.0,1.2,0.9,1.1,1.2,1.0,0.9,1.1,668.0,23.0,668.0,23.0,0,0,False,0,1.0,68.0,45.0,0.0,31.8,False,False,False,False,True,11,2,False,255.0,255.0,255,SPOKED,SPOKED,1,1.0,0.0,0.0,284.0,745.0,34.9,300.0,1.0
425.0,72.0,620.0,72.5,160.0,50.0,560.0,74.0,640.0,45.0,45.0,28.6,36.5,23.35,13.0,15.0,9.0,STEEL,38.0,58.0,53.0,0.0,0.0,0.0,0.0,False,False,130.0,1.2,0.9,1.1,1.2,1.0,0.9,1.1,668.0,23.0,668.0,23.0,0,0,False,0,1.0,68.0,45.0,0.0,31.8,False,False,False,False,True,11,2,False,255.0,255.0,255,SPOKED,SPOKED,1,1.0,0.0,0.0,286.0,750.0,34.9,300.0,1.0
430.0,66.0,630.0,74.5,170.0,50.0,570.0,72.5,645.0,45.0,45.0,30.0,35.0,23.35,13.0,15.0,9.0,STEEL,40.0,60.0,55.0,0.0,0.0,0.0,0.0,False,False,130.0,1.2,0.9,1.1,1.2,1.0,0.9,1.1,668.0,23.0,668.0,23.0,0,0,False,0,1.0,68.0,45.0,0.0,31.8,False,False,False,False,True,11,2,False,255.0,255.0,255,SPOKED,SPOKED,1,1.0,0.0,0.0,288.0,755.0,34.9,300.0,1.0
435.0,69.0,640.0,73.0,180.0,50.0,580.0,73.0,650.0,45.0,45.0,31.8,34.0,23.35,13.0,15.0,9.0,STEEL,42.0,62.0,57.0,0.0,0.0,0.0,0.0,False,False,130.0,1.2,0.9,1.1,1.2,1.0,0.9,1.1,668.0,23.0,668.0,23.0,0,0,False,0,1.0,68.0,45.0,0.0,31.8,False,False,False,False,True,11,2,False,255.0,255.0,255,SPOKED,SPOKED,1,1.0,0.0,0.0,290.0,760.0,34.9,300.0,1.0
440.0,71.0,650.0,72.5,190.0,50.0,540.0,74.5,655.0,45.0,45.0,33.6,33.0,23.35,13.0,15.0,9.0,STEEL,44.0,64.0,59.0,0.0,0.0,0.0,0.0,False,False,130.0,1.2,0.9,1.1,1.2,1.0,0.9,1.1,668.0,23.0,668.0,23.0,0,0,False,0,1.0,68.0,45.0,0.0,31.8,False,False,False,False,True,11,2,False,255.0,255.0,255,SPOKED,SPOKED,1,1.0,0.0,0.0,292.0,765.0,34.9,300.0,1.0
445.0,67.0,660.0,74.0,200.0,50.0,550.0,72.0,660.0,45.0,45.0,28.6,36.5,23.35,13.0,15.0,9.0,STEEL,46.0,66.0,61.0,0.0,0.0,0.0,0.0,False,False,130.0,1.2,0.9,1.1,1.2,1.0,0.9,1.1,668.0,23.0,668.0,23.0,0,0,False,0,1.0,68.0,45.0,0.0,31.8,False,False,False,False,True,11,2,False,255.0,255.0,255,SPOKED,SPOKED,1,1.0,0.0,0.0,294.0,770.0,34.9,300.0,1.0
450.0,73.0,670.0,73.5,210.0,50.0,560.0,73.5,665.0,45.0,45.0,30.0,35.0,23.35,13.0,15.0,9.0,STEEL,48.0,68.0,63.0,0.0,0.0,0.0,0.0,False,False,130.0,1.2,0.9,1.1,1.2,1.0,0.9,1.1,668.0,23.0,668.0,23.0,0,0,False,0,1.0,68.0,45.0,0.0,31.8,False,False,False,False,True,11,2,False,255.0,255.0,255,SPOKED,SPOKED,1,1.0,0.0,0.0,296.0,775.0,34.9,300.0,1.0
450.0,70.0,620.0,72.0,150.0,50.0,540.0,73.0,640.0,45.0,40.0,28.6,36.5,23.35,23.35,13.0,15.0,STEEL,35.0,45.0,40.0,330.0,350.0,16.0,18.0,False,False,130.0,2.0,1.0,1.0,1.0,1.0,1.0,1.0,700.0,50.0,700.0,50.0,0,2,False,0,1.0,68.0,45.0,0.0,31.8,False,False,False,False,True,11,2,False,255.0,255.0,255,SPOKED,SPOKED,0,0.0,0.0,0.0,280.0,780.0,34.0,300.0,1.0
460.0,70.0,630.0,72.5,155.0,50.0,550.0,74.0,645.0,45.0,40.0,28.6,36.5,23.35,23.35,13.0,15.0,STEEL,36.0,46.0,41.0,330.0,350.0,16.0,18.0,False,False,130.0,2.0,1.0,1.0,1.0,1.0,1.0,1.0,700.0,50.0,700.0,50.0,0,2,False,0,1.0,68.0,45.0,0.0,31.8,False,False,False,False,True,11,2,False,255.0,255.0,255,SPOKED,SPOKED,0,0.0,0.0,0.0,280.0,780.0,34.0,300.0,1.0
470.0,70.0,640.0,73.0,160.0,50.0,560.0,75.0,650.0,45.0,40.0,28.6,36.5,23.35,23.35,13.0,15.0,STEEL,37.0,47.0,42.0,330.0,350.0,16.0,18.0,False,False,130.0,2.0,1.0,1.0,1.0,1.0,1.0,1.0,700.0,50.0,700.0,50.0,0,2,False,0,1.0,68.0,45.0,0.0,31.8,False,False,False,False,True,11,2,False,255.0,255.0,255,SPOKED,SPOKED,0,0.0,0.0,0.0,280.0,780.0,34.0,300.0,1.0
480.0,70.0,650.0,73.5,165.0,50.0,570.0,72.0,655.0,45.0,40.0,28.6,36.5,23.35,23.35,13.0,15.0,STEEL,38.0,48.0,43.0,330.0,350.0,16.0,18.0,False,False,130.0,2.0,1.0,1.0,1.0,1.0,1.0,1.0,700.0,50.0,700.0,50.0,0,2,False,0,1.0,68.0,45.0,0.0,31.8,False,False,False,False,True,11,2,False,255.0,255.0,255,SPOKED,SPOKED,0,0.0,0.0,0.0,280.0,780.0,34.0,300.0,1.0
490.0,70.0,660.0,74.0,170.0,50.0,580.0,71.0,660.0,45.0,40.0,28.6,36.5,23.35,23.35,13.0,15.0,STEEL,39.0,49.0,44.0,330.0,350.0,16.0,18.0,False,False,130.0,2.0,1.0,1.0,1.0,1.0,1.0,1.0,700.0,50.0,700.0,50.0,0,2,False,0,1.0,68.0,45.0,0.0,31.8,False,False,False,False,True,11,2,False,255.0,255.0,255,SPOKED,SPOKED,0,0.0,0.0,0.0,280.0,780.0,34.0,300.0,1.0
500.0,70.0,670.0,71.5,175.0,50.0,590.0,73.5,665.0,45.0,40.0,28.6,36.5,23.35,23.35,13.0,15.0,STEEL,40.0,50.0,45.0,330.0,350.0,16.0,18.0,False,False,130.0,2.0,1.0,1.0,1.0,1.0,1.0,1.0,700.0,50.0,700.0,50.0,0,2,False,0,1.0,68.0,45.0,0.0,31.8,False,False,False,False,True,11,2,False,255.0,255.0,255,SPOKED,SPOKED,0,0.0,0.0,0.0,280.0,780.0,34.0,300.0,1.0
520.0,70.0,680.0,72.2,180.0,50.0,600.0,72.5,670.0,45.0,40.0,28.6,36.5,23.35,23.35,13.0,15.0,STEEL,41.0,51.0,46.0,330.0,350.0,16.0,18.0,False,False,130.0,2.0,1.0,1.0,1.0,1.0,1.0,1.0,700.0,50.0,700.0,50.0,0,2,False,0,1.0,68.0,45.0,0.0,31.8,False,False,False,False,True,11,2,False,255.0,255.0,255,SPOKED,SPOKED,0,0.0,0.0,0.0,280.0,780.0,34.0,300.0,1.0
540.0,70.0,690.0,73.8,185.0,50.0,610.0,74.5,675.0,45.0,40.0,28.6,36.5,23.35,23.35,13.0,15.0,STEEL,42.0,52.0,47.0,330.0,350.0,16.0,18.0,False,False,130.0,2.0,1.0,1.0,1.0,1.0,1.0,1.0,700.0,50.0,700.0,50.0,0,2,False,0,1.0,68.0,45.0,0.0,31.8,False,False,False,False,True,11,2,False,255.0,255.0,255,SPOKED,SPOKED,0,0.0,0.0,0.0,280.0,780.0,34.0,300.0,1.0
560.0,70.0,700.0,74.2,190.0,50.0,620.0,75.5,680.0,45.0,40.0,28.6,36.5,23.35,23.35,13.0,15.0,STEEL,43.0,53.0,48.0,330.0,350.0,16.0,18.0,False,False,130.0,2.0,1.0,1.0,1.0,1.0,1.0,1.0,700.0,50.0,700.0,50.0,0,2,False,0,1.0,68.0,45.0,0.0,31.8,False,False,False,False,True,11,2,False,255.0,255.0,255,SPOKED,SPOKED,0,0.0,0.0,0.0,280.0,780.0,34.0,300.0,1.0
580.0,70.0,710.0,71.8,195.0,50.0,630.0,71.5,685.0,45.0,40.0,28.6,36.5,23.35,23.35,13.0,15.0,STEEL,44.0,54.0,49.0,330.0,350.0,16.0,18.0,False,False,130.0,2.0,1.0,1.0,1.0,1.0,1.0,1.0,700.0,50.0,700.0,50.0,0,2,False,0,1.0,68.0,45.0,0.0,31.8,False,False,False,False,True,11,2,False,255.0,255.0,255,SPOKED,SPOKED,0,0.0,0.0,0.0,280.0,780.0,34.0,300.0,1.0
420.0,70.0,620.0,73.0,160.0,60.0,540.0,73.5,640.0,50.0,42.0,28.6,36.5,36.5,36.5,15.0,9,STEEL,35.0,45.0,45.0,330.0,350.0,16.0,18,False,False,130.0,2.0,0.9,1.1,0.9,1.2,1.0,0.9,680.0,52.0,680.0,52.0,0,2,False,0,1.0,68.0,45.0,0.0,31.8,False,False,False,False,True,10,2,False,255.0,255.0,255,SPOKED,SPOKED,0,0.0,0.0,0.0,300.0,780.0,34.9,300,1.0
425.0,68.0,615.0,72.5,155.0,65.0,545.0,73.0,645.0,52.0,42.0,28.6,36.5,36.5,36.5,15.0,9,STEEL,35.0,45.0,45.0,330.0,350.0,16.0,18,False,False,130.0,2.0,0.9,1.1,0.9,1.2,1.0,0.9,680.0,52.0,680.0,52.0,0,0,False,0,1.0,68.0,45.0,0.0,31.8,False,False,False,False,True,10,2,False,255.0,255.0,255,SPOKED,SPOKED,0,0.0,0.0,0.0,300.0,780.0,34.9,300,1.0
430.0,72.0,630.0,73.5,165.0,58.0,535.0,74.0,635.0,48.0,42.0,28.6,36.5,36.5,36.5,15.0,9,STEEL,35.0,45.0,45.0,330.0,350.0,16.0,18,False,False,130.0,2.0,0.9,1.1,0.9,1.2,1.0,0.9,680.0,52.0,680.0,52.0,0,1,False,0,1.0,68.0,45.0,0.0,31.8,False,False,False,False,True,10,2,False,255.0,255.0,255,SPOKED,SPOKED,0,0.0,0.0,0.0,300.0,780.0,34.9,300,1.0
415.0,70.0,620.0,73.0,160.0,60.0,540.0,73.5,640.0,50.0,42.0,30.0,36.5,36.5,36.5,15.0,9,STEEL,35.0,45.0,45.0,330.0,350.0,16.0,18,False,False,130.0,2.0,0.9,1.1,0.9,1.2,1.0,0.9,680.0,52.0,680.0,52.0,0,2,False,0,3.0,68.0,45.0,0.0,31.8,False,False,False,False,True,10,2,False,255.0,255.0,255,SPOKED,SPOKED,0,0.0,0.0,0.0,300.0,780.0,34.9,300,3.0
440.0,65.0,610.0,72.0,150.0,63.0,550.0,74.0,650.0,55.0,42.0,28.6,36.5,36.5,36.5,15.0,9,STEEL,35.0,45.0,45.0,330.0,350.0,16.0,18,False,False,130.0,2.0,0.9,1.1,0.9,1.2,1.0,0.9,680.0,52.0,680.0,52.0,0,0,False,0,1.0,68.0,45.0,0.0,31.8,False,False,False,False,True,10,2,False,255.0,255.0,255,SPOKED,SPOKED,0,0.0,0.0,0.0,300.0,780.0,34.9,300,1.0
405.0,75.0,640.0,74.0,170.0,57.0,530.0,72.5,630.0,45.0,42.0,29.0,36.5,36.5,36.5,15.0,9,STEEL,35.0,45.0,45.0,330.0,350.0,16.0,18,False,False,130.0,2.0,0.9,1.1,0.9,1.2,1.0,0.9,680.0,52.0,680.0,52.0,0,1,False,0,2.0,68.0,45.0,0.0,31.8,False,False,False,False,True,10,2,False,255.0,255.0,255,SPOKED,SPOKED,0,0.0,0.0,0.0,300.0,780.0,34.9,300,2.0
420.0,68.0,625.0,73.0,158.0,62.0,542.0,73.0,645.0,50.0,42.0,28.6,36.5,36.5,36.5,15.0,9,STEEL,35.0,45.0,45.0,330.0,350.0,16.0,18,False,False,135.0,2.0,0.9,1.1,0.9,1.2,1.0,0.9,680.0,52.0,680.0,52.0,0,2,False,0,1.0,68.0,45.0,0.0,31.8,False,False,False,False,True,10,2,False,255.0,255.0,255,SPOKED,SPOKED,0,0.0,0.0,0.0,300.0,780.0,34.9,300,1.0
425.0,70.0,610.0,72.8,152.0,64.0,538.0,73.2,638.0,51.0,42.0,28.6,36.5,36.5,36.5,15.0,9,STEEL,35.0,45.0,45.0,330.0,350.0,16.0,18,False,False,130.0,2.0,0.9,1.1,0.9,1.2,1.0,0.9,680.0,52.0,680.0,52.0,0,2,False,0,3.0,68.0,45.0,0.0,31.8,False,False,False,False,True,10,2,False,255.0,255.0,255,SPOKED,SPOKED,0,0.0,0.0,0.0,300.0,780.0,34.9,300,3.0
430.0,69.0,635.0,73.2,162.0,59.0,543.0,73.8,640.0,49.0,42.0,28.6,36.5,36.5,36.5,15.0,9,STEEL,35.0,45.0,45.0,330.0,350.0,16.0,18,False,False,130.0,2.0,0.9,1.1,0.9,1.2,1.0,0.9,680.0,52.0,680.0,52.0,0,0,False,0,2.0,68.0,45.0,0.0,31.8,False,False,False,False,True,10,2,False,255.0,255.0,255,SPOKED,SPOKED,0,0.0,0.0,0.0,300.0,780.0,34.9,300,2.0
410.0,67.0,605.0,72.3,158.0,61.0,541.0,73.4,642.0,53.0,42.0,28.6,36.5,36.5,36.5,15.0,9,STEEL,35.0,45.0,45.0,330.0,350.0,16.0,18,False,False,130.0,2.0,0.9,1.1,0.9,1.2,1.0,0.9,680.0,52.0,680.0,52.0,0,1,False,0,3.0,68.0,45.0,0.0,31.8,False,False,False,False,True,10,2,False,255.0,255.0,255,SPOKED,SPOKED,0,0.0,0.0,0.0,300.0,780.0,34.9,300,3.0
405.0,70.0,590.0,73.0,145.0,45.0,550.0,73.0,640.0,45.0,40.0,28.6,36.5,36.5,23.35,13.0,15,STEEL,32.0,45.0,40.0,0.0,0.0,0.0,0,False,False,130.0,1.2,1.0,1.1,1.2,1.0,0.9,1.0,674.0,52.0,674.0,52.0,0,1,False,0,1.0,68.0,45.0,0.0,31.8,False,False,False,False,True,9,2,False,255.0,255.0,255,SPOKED,SPOKED,0,0.0,0.0,0.0,280.0,720.0,34.9,300,1.0
410.0,70.0,595.0,73.0,150.0,45.0,555.0,73.0,645.0,45.0,40.0,28.6,36.5,36.5,23.35,13.0,15,STEEL,33.0,46.0,41.0,0.0,0.0,0.0,0,False,False,130.0,1.2,1.0,1.1,1.2,1.0,0.9,1.0,674.0,52.0,674.0,52.0,0,1,False,0,1.0,68.0,45.0,0.0,31.8,False,False,False,False,True,10,2,False,255.0,255.0,255,SPOKED,SPOKED,0,0.0,0.0,0.0,280.0,720.0,34.9,300,1.0
415.0,70.0,600.0,73.0,155.0,45.0,560.0,73.0,650.0,45.0,40.0,28.6,36.5,36.5,23.35,13.0,15,STEEL,34.0,47.0,42.0,0.0,0.0,0.0,0,False,False,130.0,1.2,1.0,1.1,1.2,1.0,0.9,1.0,674.0,52.0,674.0,52.0,0,1,False,0,1.0,68.0,45.0,0.0,31.8,False,False,False,False,True,11,2,False,255.0,255.0,255,SPOKED,SPOKED,0,0.0,0.0,0.0,280.0,720.0,34.9,300,1.0
420.0,70.0,605.0,73.0,160.0,45.0,565.0,73.0,655.0,45.0,40.0,28.6,36.5,36.5,23.35,13.0,15,STEEL,35.0,48.0,43.0,0.0,0.0,0.0,0,False,False,130.0,1.2,1.0,1.1,1.2,1.0,0.9,1.0,674.0,52.0,674.0,52.0,0,1,False,0,1.0,68.0,45.0,0.0,31.8,False,False,False,False,True,12,2,False,255.0,255.0,255,SPOKED,SPOKED,0,0.0,0.0,0.0,280.0,720.0,34.9,300,1.0
425.0,70.0,610.0,73.0,165.0,45.0,570.0,73.0,660.0,45.0,40.0,28.6,36.5,36.5,23.35,13.0,15,STEEL,36.0,49.0,44.0,0.0,0.0,0.0,0,False,False,130.0,1.2,1.0,1.1,1.2,1.0,0.9,1.0,674.0,52.0,674.0,52.0,0,1,False,0,1.0,68.0,45.0,0.0,31.8,False,False,False,False,True,10,2,False,255.0,255.0,255,SPOKED,SPOKED,0,0.0,0.0,0.0,280.0,720.0,34.9,300,1.0
430.0,70.0,615.0,73.0,170.0,45.0,575.0,73.0,665.0,45.0,40.0,28.6,36.5,36.5,23.35,13.0,15,STEEL,37.0,50.0,45.0,0.0,0.0,0.0,0,False,False,130.0,1.2,1.0,1.1,1.2,1.0,0.9,1.0,674.0,52.0,674.0,52.0,0,1,False,0,1.0,68.0,45.0,0.0,31.8,False,False,False,False,True,11,2,False,255.0,255.0,255,SPOKED,SPOKED,0,0.0,0.0,0.0,280.0,720.0,34.9,300,1.0
435.0,70.0,620.0,73.0,175.0,45.0,580.0,73.0,670.0,45.0,40.0,28.6,36.5,36.5,23.35,13.0,15,STEEL,38.0,51.0,46.0,0.0,0.0,0.0,0,False,False,130.0,1.2,1.0,1.1,1.2,1.0,0.9,1.0,674.0,52.0,674.0,52.0,0,1,False,0,1.0,68.0,45.0,0.0,31.8,False,False,False,False,True,12,2,False,255.0,255.0,255,SPOKED,SPOKED,0,0.0,0.0,0.0,280.0,720.0,34.9,300,1.0
440.0,70.0,625.0,73.0,180.0,45.0,585.0,73.0,675.0,45.0,40.0,28.6,36.5,36.5,23.35,13.0,15,STEEL,39.0,52.0,47.0,0.0,0.0,0.0,0,False,False,130.0,1.2,1.0,1.1,1.2,1.0,0.9,1.0,674.0,52.0,674.0,52.0,0,1,False,0,1.0,68.0,45.0,0.0,31.8,False,False,False,False,True,9,2,False,255.0,255.0,255,SPOKED,SPOKED,0,0.0,0.0,0.0,280.0,720.0,34.9,300,1.0
445.0,70.0,630.0,73.0,185.0,45.0,590.0,73.0,680.0,45.0,40.0,28.6,36.5,36.5,23.35,13.0,15,STEEL,40.0,53.0,48.0,0.0,0.0,0.0,0,False,False,130.0,1.2,1.0,1.1,1.2,1.0,0.9,1.0,674.0,52.0,674.0,52.0,0,1,False,0,1.0,68.0,45.0,0.0,31.8,False,False,False,False,True,10,2,False,255.0,255.0,255,SPOKED,SPOKED,0,0.0,0.0,0.0,280.0,720.0,34.9,300,1.0
450.0,70.0,635.0,73.0,190.0,45.0,595.0,73.0,685.0,45.0,40.0,28.6,36.5,36.5,23.35,13.0,15,STEEL,41.0,54.0,49.0,0.0,0.0,0.0,0,False,False,130.0,1.2,1.0,1.1,1.2,1.0,0.9,1.0,674.0,52.0,674.0,52.0,0,1,False,0,1.0,68.0,45.0,0.0,31.8,False,False,False,False,True,11,2,False,255.0,255.0,255,SPOKED,SPOKED,0,0.0,0.0,0.0,280.0,720.0,34.9,300,1.0
420.0,70.0,580.0,73.0,180.0,45.0,550.0,73.0,660.0,50.0,40.0,28.6,36.5,23.35,23.35,13.0,15,STEEL,30.0,50.0,40.0,0.0,0.0,0.0,0,False,False,130.0,2.0,0.9,1.1,0.9,1.2,1.0,0.9,680.0,52.0,680.0,52.0,0,2,False,0,1.0,68.0,45.0,0.0,45,False,True,False,False,True,11,2,False,255.0,255.0,255,SPOKED,SPOKED,0,0.0,0.0,0.0,280.0,760.0,36.5,300,1.0
415.0,75.0,570.0,72.5,170.0,47.0,545.0,72.5,655.0,52.0,40.0,29.0,36.5,23.35,23.35,13.0,15,STEEL,28.0,48.0,38.0,0.0,0.0,0.0,0,False,False,130.0,2.0,0.9,1.1,0.9,1.2,1.0,0.9,675.0,52.0,675.0,52.0,0,2,False,0,1.0,68.0,44.0,0.0,44,False,True,False,False,True,11,2,False,255.0,255.0,255,SPOKED,SPOKED,0,0.0,0.0,0.0,280.0,755.0,36.5,300,1.0
430.0,68.0,560.0,73.5,160.0,44.0,555.0,73.5,665.0,48.0,40.0,31.0,36.5,23.35,23.35,13.0,15,STEEL,32.0,52.0,42.0,0.0,0.0,0.0,0,False,False,130.0,2.0,0.9,1.1,0.9,1.2,1.0,0.9,690.0,52.0,690.0,52.0,0,1,False,0,1.0,68.0,46.0,0.0,46,False,True,False,False,True,11,2,False,255.0,255.0,255,SPOKED,SPOKED,0,0.0,0.0,0.0,280.0,765.0,36.5,300,1.0
425.0,72.0,590.0,72.0,185.0,46.0,540.0,72.0,650.0,50.0,40.0,30.0,36.5,23.35,23.35,13.0,15,STEEL,29.0,49.0,39.0,0.0,0.0,0.0,0,False,False,130.0,2.0,0.9,1.1,0.9,1.2,1.0,0.9,670.0,52.0,670.0,52.0,0,2,False,0,1.0,68.0,45.0,0.0,45,False,True,False,False,True,11,2,False,255.0,255.0,255,SPOKED,SPOKED,0,0.0,0.0,0.0,280.0,770.0,36.5,300,1.0
435.0,78.0,600.0,71.5,190.0,45.0,560.0,71.5,670.0,49.0,40.0,29.5,36.5,23.35,23.35,13.0,15,STEEL,31.0,50.0,41.0,0.0,0.0,0.0,0,False,False,130.0,2.0,0.9,1.1,0.9,1.2,1.0,0.9,685.0,52.0,685.0,52.0,0,2,False,0,1.0,68.0,47.0,0.0,47,False,True,False,False,True,11,2,False,255.0,255.0,255,SPOKED,SPOKED,0,0.0,0.0,0.0,280.0,750.0,36.5,300,1.0
410.0,70.0,575.0,73.0,175.0,48.0,550.0,73.0,660.0,51.0,40.0,30.5,36.5,23.35,23.35,13.0,15,STEEL,30.0,51.0,40.0,0.0,0.0,0.0,0,False,False,130.0,2.0,0.9,1.1,0.9,1.2,1.0,0.9,678.0,52.0,678.0,52.0,0,1,False,0,1.0,68.0,45.0,0.0,45,False,True,False,False,True,11,2,False,255.0,255.0,255,SPOKED,SPOKED,0,0.0,0.0,0.0,280.0,765.0,36.5,300,1.0
405.0,65.0,565.0,74.0,165.0,43.0,530.0,74.0,655.0,53.0,40.0,28.6,36.5,23.35,23.35,13.0,15,STEEL,33.0,47.0,37.0,0.0,0.0,0.0,0,False,False,130.0,2.0,0.9,1.1,0.9,1.2,1.0,0.9,660.0,52.0,660.0,52.0,0,2,False,0,1.0,68.0,43.0,0.0,43,False,True,False,False,True,11,2,False,255.0,255.0,255,SPOKED,SPOKED,0,0.0,0.0,0.0,280.0,755.0,36.5,300,1.0
420.0,68.0,585.0,72.8,178.0,45.0,550.0,72.8,662.0,50.0,40.0,29.8,36.5,23.35,23.35,13.0,15,STEEL,30.0,50.0,40.0,0.0,0.0,0.0,0,False,False,130.0,2.0,0.9,1.1,0.9,1.2,1.0,0.9,682.0,52.0,682.0,52.0,0,1,False,0,1.0,68.0,45.0,0.0,45,False,True,False,False,True,11,2,False,255.0,255.0,255,SPOKED,SPOKED,0,0.0,0.0,0.0,280.0,760.0,36.5,300,1.0
428.0,73.0,595.0,72.2,182.0,46.0,555.0,72.2,668.0,52.0,40.0,30.2,36.5,23.35,23.35,13.0,15,STEEL,32.0,51.0,41.0,0.0,0.0,0.0,0,False,False,130.0,2.0,0.9,1.1,0.9,1.2,1.0,0.9,688.0,52.0,688.0,52.0,0,2,False,0,1.0,68.0,48.0,0.0,48,False,True,False,False,True,11,2,False,255.0,255.0,255,SPOKED,SPOKED,0,0.0,0.0,0.0,280.0,770.0,36.5,300,1.0
418.0,69.0,580.0,73.2,168.0,45.0,550.0,73.2,658.0,49.0,40.0,28.6,36.5,23.35,23.35,13.0,15,STEEL,29.0,49.0,39.0,0.0,0.0,0.0,0,False,False,130.0,2.0,0.9,1.1,0.9,1.2,1.0,0.9,670.0,52.0,670.0,52.0,0,2,False,0,1.0,68.0,45.0,0.0,45,False,True,False,False,True,11,2,False,255.0,255.0,255,SPOKED,SPOKED,0,0.0,0.0,0.0,280.0,757.0,36.5,300,1.0
415.0,70.0,600.0,73.0,160.0,45.0,550.0,74.0,660.0,45.0,68.0,45.0,36.5,23.5,23.5,13.0,15,STEEL,35.0,50.0,45.0,0.0,0.0,0.0,0,False,False,130.0,2.0,2.0,2.0,2.0,2.0,2.0,2.0,700.0,78.0,700.0,78.0,0,2,False,0,1.0,68.0,45.0,0.0,31.8,False,False,False,False,True,11,2,False,255.0,255.0,255,SPOKED,SPOKED,0,0.0,0.0,0.0,250.0,760.0,36.5,330,1.0
420.0,70.0,610.0,72.5,165.0,45.0,560.0,73.5,670.0,45.0,68.0,45.0,36.5,23.5,23.5,13.0,15,STEEL,38.0,52.0,48.0,0.0,0.0,0.0,0,False,False,130.0,2.0,2.0,2.0,2.0,2.0,2.0,2.0,700.0,78.0,700.0,78.0,0,2,False,0,1.0,68.0,45.0,0.0,31.8,False,False,False,False,True,11,2,False,255.0,255.0,255,SPOKED,SPOKED,0,0.0,0.0,0.0,250.0,750.0,36.5,330,1.0
430.0,70.0,620.0,74.0,170.0,48.0,570.0,74.5,680.0,45.0,68.0,45.0,36.5,23.5,23.5,13.0,15,STEEL,40.0,54.0,50.0,0.0,0.0,0.0,0,False,False,130.0,2.0,2.0,2.0,2.0,2.0,2.0,2.0,700.0,78.0,700.0,78.0,0,2,False,0,1.0,68.0,45.0,0.0,31.8,False,False,False,False,True,11,2,False,255.0,255.0,255,SPOKED,SPOKED,0,0.0,0.0,0.0,250.0,755.0,36.5,330,1.0
425.0,70.0,605.0,73.5,155.0,47.0,555.0,73.0,655.0,45.0,68.0,45.0,36.5,23.5,23.5,13.0,15,STEEL,36.0,49.0,44.0,0.0,0.0,0.0,0,False,False,130.0,2.0,2.0,2.0,2.0,2.0,2.0,2.0,700.0,78.0,700.0,78.0,0,2,False,0,1.0,68.0,45.0,0.0,31.8,False,False,False,False,True,11,2,False,255.0,255.0,255,SPOKED,SPOKED,0,0.0,0.0,0.0,250.0,740.0,36.5,330,1.0
410.0,70.0,615.0,72.0,158.0,46.0,545.0,74.0,665.0,45.0,68.0,45.0,36.5,23.5,23.5,13.0,15,STEEL,34.0,51.0,46.0,0.0,0.0,0.0,0,False,False,130.0,2.0,2.0,2.0,2.0,2.0,2.0,2.0,700.0,78.0,700.0,78.0,0,2,False,0,1.0,68.0,45.0,0.0,31.8,False,False,False,False,True,11,2,False,255.0,255.0,255,SPOKED,SPOKED,0,0.0,0.0,0.0,250.0,765.0,36.5,330,1.0
435.0,70.0,630.0,75.0,180.0,45.0,580.0,75.0,690.0,45.0,68.0,45.0,36.5,23.5,23.5,13.0,15,STEEL,42.0,56.0,52.0,0.0,0.0,0.0,0,False,False,130.0,2.0,2.0,2.0,2.0,2.0,2.0,2.0,700.0,78.0,700.0,78.0,0,2,False,0,1.0,68.0,45.0,0.0,31.8,False,False,False,False,True,11,2,False,255.0,255.0,255,SPOKED,SPOKED,0,0.0,0.0,0.0,250.0,780.0,36.5,330,1.0
418.0,70.0,595.0,71.5,150.0,49.0,540.0,72.0,650.0,45.0,68.0,45.0,36.5,23.5,23.5,13.0,15,STEEL,32.0,48.0,43.0,0.0,0.0,0.0,0,False,False,130.0,2.0,2.0,2.0,2.0,2.0,2.0,2.0,700.0,78.0,700.0,78.0,0,2,False,0,1.0,68.0,45.0,0.0,31.8,False,False,False,False,True,11,2,False,255.0,255.0,255,SPOKED,SPOKED,0,0.0,0.0,0.0,250.0,735.0,36.5,330,1.0
440.0,70.0,640.0,74.5,175.0,45.0,590.0,74.5,700.0,45.0,68.0,45.0,36.5,23.5,23.5,13.0,15,STEEL,45.0,58.0,55.0,0.0,0.0,0.0,0,False,False,130.0,2.0,2.0,2.0,2.0,2.0,2.0,2.0,700.0,78.0,700.0,78.0,0,2,False,0,1.0,68.0,45.0,0.0,31.8,False,False,False,False,True,11,2,False,255.0,255.0,255,SPOKED,SPOKED,0,0.0,0.0,0.0,250.0,770.0,36.5,330,1.0
405.0,70.0,615.0,73.2,162.0,45.0,557.0,73.2,667.0,45.0,68.0,45.0,36.5,23.5,23.5,13.0,15,STEEL,37.0,52.0,47.0,0.0,0.0,0.0,0,False,False,130.0,2.0,2.0,2.0,2.0,2.0,2.0,2.0,700.0,78.0,700.0,78.0,0,2,False,0,1.0,68.0,45.0,0.0,31.8,False,False,False,False,True,11,2,False,255.0,255.0,255,SPOKED,SPOKED,0,0.0,0.0,0.0,250.0,752.0,36.5,330,1.0
422.0,70.0,625.0,74.8,172.0,46.0,565.0,74.8,677.0,45.0,68.0,45.0,36.5,23.5,23.5,13.0,15,STEEL,39.0,53.0,49.0,0.0,0.0,0.0,0,False,False,130.0,2.0,2.0,2.0,2.0,2.0,2.0,2.0,700.0,78.0,700.0,78.0,0,2,False,0,1.0,68.0,45.0,0.0,31.8,False,False,False,False,True,11,2,False,255.0,255.0,255,SPOKED,SPOKED,0,0.0,0.0,0.0,250.0,765.0,36.5,330,1.0
450.0,70.0,610.0,73.0,160.0,45.0,560.0,73.0,650.0,45.0,40.0,30.0,33.0,36.5,24.0,13.0,15.0,STEEL,35.0,40.0,50.0,330.0,350.0,16.0,18.0,False,False,130.0,2.0,0.9,1.1,0.9,1.2,1.0,0.9,680.0,52.0,680.0,52.0,0,0,False,0,1.0,68.0,45.0,0.0,31.8,False,False,False,False,True,11,2,False,255.0,255.0,255,SPOKED,SPOKED,1,1.0,80.0,80.0,278.0,700.0,34.9,300.0,1.0
430.0,75.0,600.0,72.0,150.0,48.0,570.0,73.5,660.0,50.0,40.0,32.0,35.0,36.0,25.0,13.0,15.0,STEEL,33.0,42.0,48.0,330.0,350.0,16.0,18.0,False,False,130.0,2.0,0.9,1.1,0.9,1.2,1.0,0.9,682.0,55.0,682.0,55.0,0,1,False,0,1.0,68.0,45.0,0.0,32.0,False,False,False,False,True,10,2,False,255.0,255.0,255,SPOKED,SPOKED,1,1.0,80.0,80.0,278.0,700.0,34.9,300.0,1.0
460.0,68.0,620.0,73.5,170.0,46.0,550.0,74.0,640.0,48.0,42.0,28.5,33.5,36.7,24.5,13.0,15.0,STEEL,36.0,38.0,52.0,330.0,350.0,16.0,18.0,False,False,130.0,2.0,0.9,1.1,0.9,1.2,1.0,0.9,678.0,50.0,678.0,50.0,0,0,False,0,1.0,68.0,45.0,0.0,31.8,False,False,False,False,True,11,3,False,255.0,255.0,255,SPOKED,SPOKED,1,1.0,80.0,80.0,280.0,710.0,34.9,300.0,1.0
415.0,72.0,590.0,74.0,155.0,50.0,565.0,73.0,655.0,46.0,40.0,31.0,34.0,36.5,23.0,13.0,15.0,STEEL,34.0,45.0,49.0,330.0,350.0,16.0,18.0,False,False,130.0,2.0,0.9,1.1,0.9,1.2,1.0,0.9,690.0,54.0,690.0,54.0,0,0,False,0,1.0,68.0,45.0,0.0,31.8,False,False,False,False,True,12,2,False,255.0,255.0,255,SPOKED,SPOKED,1,1.0,80.0,80.0,275.0,700.0,34.9,300.0,1.0
440.0,70.0,630.0,72.5,165.0,47.0,580.0,74.5,630.0,47.0,42.0,30.0,36.0,36.2,24.8,13.0,15.0,STEEL,37.0,43.0,51.0,330.0,350.0,16.0,18.0,False,False,130.0,2.0,0.9,1.1,0.9,1.2,1.0,0.9,674.0,52.0,674.0,52.0,0,2,False,0,1.0,68.0,45.0,0.0,31.8,False,False,False,False,True,10,1,False,255.0,255.0,255,SPOKED,SPOKED,1,1.0,80.0,80.0,282.0,705.0,34.9,300.0,1.0
420.0,74.0,605.0,73.8,158.0,44.0,555.0,73.2,670.0,44.0,40.0,29.5,34.5,36.1,23.5,13.0,15.0,STEEL,35.5,41.0,50.5,330.0,350.0,16.0,18.0,False,False,130.0,2.0,0.9,1.1,0.9,1.2,1.0,0.9,688.0,53.0,688.0,53.0,0,0,False,0,1.0,68.0,45.0,0.0,31.8,False,False,False,False,True,11,2,False,255.0,255.0,255,SPOKED,SPOKED,1,1.0,80.0,80.0,276.0,695.0,34.9,300.0,1.0
455.0,69.0,615.0,72.3,162.0,49.0,565.0,74.0,655.0,49.0,42.0,31.5,33.8,36.4,24.2,13.0,15.0,STEEL,38.0,44.0,53.0,330.0,350.0,16.0,18.0,False,False,130.0,2.0,0.9,1.1,0.9,1.2,1.0,0.9,676.0,51.0,676.0,51.0,0,0,False,0,1.0,68.0,45.0,0.0,31.8,False,False,False,False,True,10,2,False,255.0,255.0,255,SPOKED,SPOKED,1,1.0,80.0,80.0,284.0,720.0,34.9,300.0,1.0
425.0,73.0,595.0,74.2,152.0,46.0,550.0,73.7,645.0,47.0,40.0,29.0,34.2,36.6,23.8,13.0,15.0,STEEL,32.0,39.0,47.5,330.0,350.0,16.0,18.0,False,False,130.0,2.0,0.9,1.1,0.9,1.2,1.0,0.9,692.0,54.0,692.0,54.0,0,0,False,0,1.0,68.0,45.0,0.0,31.8,False,False,False,False,True,11,3,False,255.0,255.0,255,SPOKED,SPOKED,1,1.0,80.0,80.0,270.0,685.0,34.9,300.0,1.0
465.0,71.0,605.0,73.1,168.0,48.0,575.0,73.9,660.0,46.0,42.0,30.5,35.2,36.3,24.6,13.0,15.0,STEEL,36.5,42.5,52.5,330.0,350.0,16.0,18.0,False,False,130.0,2.0,0.9,1.1,0.9,1.2,1.0,0.9,680.0,52.0,680.0,52.0,0,1,False,0,1.0,68.0,45.0,0.0,31.8,False,False,False,False,True,10,2,False,255.0,255.0,255,SPOKED,SPOKED,1,1.0,80.0,80.0,290.0,715.0,34.9,300.0,1.0
440.0,76.0,625.0,72.8,175.0,47.0,590.0,74.3,640.0,49.0,40.0,31.2,36.0,36.5,24.0,13.0,15.0,STEEL,39.0,45.0,54.0,330.0,350.0,16.0,18.0,False,False,130.0,2.0,0.9,1.1,0.9,1.2,1.0,0.9,674.0,55.0,674.0,55.0,0,0,False,0,1.0,68.0,45.0,0.0,31.8,False,False,False,False,True,12,3,False,255.0,255.0,255,SPOKED,SPOKED,1,1.0,80.0,80.0,272.0,690.0,34.9,300.0,1.0
410.0,65.0,600.0,73.0,180.0,50.0,560.0,73.0,660.0,50.0,40.0,28.6,34.9,28.6,28.6,13.0,15.0,STEEL,35.0,55.0,45.0,0.0,0.0,0.0,0.0,False,False,130.0,2.0,0.9,1.1,0.9,1.2,1.0,0.9,680.0,52.0,680.0,52.0,0,1,False,0,1.0,68.0,45.0,0.0,31.8,False,False,False,False,True,12,2,False,254.0,254.0,254,SPOKED,SPOKED,0,0.0,80.0,80.0,280.0,740.0,34.9,300.0,1.0
420.0,60.0,580.0,72.5,170.0,50.0,550.0,72.5,650.0,52.0,40.0,28.6,34.9,28.6,28.6,13.0,15.0,STEEL,38.0,58.0,42.0,0.0,0.0,0.0,0.0,False,False,130.0,2.0,0.9,1.1,0.9,1.2,1.0,0.9,680.0,52.0,680.0,52.0,0,1,False,0,1.0,68.0,45.0,0.0,31.8,False,False,False,False,True,11,2,False,254.0,254.0,254,DISC,SPOKED,0,0.0,80.0,80.0,280.0,720.0,34.9,300.0,1.0
430.0,68.0,610.0,73.5,175.0,50.0,570.0,74.0,670.0,48.0,40.0,28.6,34.9,28.6,28.6,13.0,15.0,STEEL,33.0,53.0,48.0,0.0,0.0,0.0,0.0,False,False,130.0,2.0,0.9,1.1,0.9,1.2,1.0,0.9,680.0,52.0,680.0,52.0,0,1,False,0,1.0,68.0,45.0,0.0,31.8,False,False,False,False,True,12,2,False,254.0,254.0,254,TRISPOKE,DISC,1,1.0,90.0,90.0,280.0,760.0,34.9,300.0,1.0
415.0,70.0,595.0,72.0,155.0,50.0,540.0,72.5,640.0,50.0,40.0,28.6,34.9,28.6,28.6,13.0,15.0,STEEL,30.0,50.0,40.0,0.0,0.0,0.0,0.0,False,False,130.0,2.0,0.9,1.1,0.9,1.2,1.0,0.9,680.0,52.0,680.0,52.0,0,1,False,0,1.0,68.0,45.0,0.0,31.8,False,False,False,False,True,12,2,False,254.0,254.0,254,SPOKED,TRISPOKE,0,1.0,80.0,75.0,280.0,730.0,34.9,300.0,1.0
425.0,66.0,605.0,74.0,185.0,50.0,580.0,73.5,675.0,55.0,40.0,28.6,34.9,28.6,28.6,13.0,15.0,STEEL,40.0,60.0,50.0,0.0,0.0,0.0,0.0,False,False,130.0,2.0,0.9,1.1,0.9,1.2,1.0,0.9,680.0,52.0,680.0,52.0,0,1,False,0,1.0,68.0,45.0,0.0,31.8,False,False,False,False,True,12,2,False,254.0,254.0,254,SPOKED,SPOKED,0,0.0,80.0,80.0,280.0,750.0,34.9,300.0,3.0
435.0,63.0,585.0,73.0,160.0,50.0,565.0,73.0,655.0,49.0,40.0,28.6,34.9,28.6,28.6,13.0,15.0,STEEL,36.0,57.0,46.0,0.0,0.0,0.0,0.0,False,False,130.0,2.0,0.9,1.1,0.9,1.2,1.0,0.9,680.0,52.0,680.0,52.0,0,2,False,0,1.0,68.0,45.0,0.0,31.8,False,False,False,False,True,12,2,False,254.0,254.0,254,SPOKED,SPOKED,0,0.0,80.0,80.0,280.0,735.0,34.9,300.0,1.0
440.0,64.0,620.0,72.0,190.0,50.0,590.0,74.0,680.0,46.0,40.0,28.6,34.9,28.6,28.6,13.0,15.0,STEEL,37.0,54.0,49.0,0.0,0.0,0.0,0.0,False,False,130.0,2.0,0.9,1.1,0.9,1.2,1.0,0.9,680.0,52.0,680.0,52.0,0,1,False,0,1.0,68.0,45.0,0.0,31.8,False,False,False,False,True,11,2,False,254.0,254.0,254,SPOKED,SPOKED,0,0.0,80.0,80.0,280.0,780.0,34.9,300.0,1.0
420.0,65.0,590.0,72.8,165.0,50.0,555.0,72.8,645.0,51.0,40.0,28.6,34.9,28.6,28.6,13.0,15.0,STEEL,34.0,56.0,43.0,0.0,0.0,0.0,0.0,False,False,130.0,2.0,0.9,1.1,0.9,1.2,1.0,0.9,680.0,52.0,680.0,52.0,0,1,False,0,1.0,68.0,45.0,0.0,31.8,False,False,False,False,True,12,2,False,254.0,254.0,254,SPOKED,SPOKED,0,0.0,80.0,80.0,280.0,745.0,34.9,300.0,1.0
418.0,67.0,615.0,73.2,178.0,50.0,575.0,73.2,668.0,53.0,40.0,28.6,34.9,28.6,28.6,13.0,15.0,STEEL,39.0,59.0,47.0,0.0,0.0,0.0,0.0,False,False,130.0,2.0,0.9,1.1,0.9,1.2,1.0,0.9,680.0,52.0,680.0,52.0,0,1,False,0,1.0,68.0,45.0,0.0,31.8,False,True,False,False,True,12,2,False,254.0,254.0,254,SPOKED,SPOKED,0,0.0,80.0,80.0,280.0,755.0,34.9,300.0,1.0
428.0,62.0,600.0,73.8,172.0,50.0,565.0,72.2,658.0,50.0,40.0,28.6,34.9,28.6,28.6,13.0,15.0,STEEL,32.0,52.0,44.0,0.0,0.0,0.0,0.0,False,False,130.0,2.0,0.9,1.1,0.9,1.2,1.0,0.9,680.0,52.0,680.0,52.0,0,1,False,0,1.0,68.0,45.0,0.0,31.8,False,False,False,False,True,12,2,True,254.0,254.0,254,SPOKED,SPOKED,0,0.0,80.0,80.0,280.0,765.0,34.9,300.0,1.0
420.0,68.0,610.0,73.0,160.0,50.0,560.0,73.0,570.0,50.0,47.0,57.0,28.6,36.5,23.35,13.0,15.0,STEEL,32.0,50.0,45.0,0.0,0.0,0.0,0.0,False,False,130.0,2.0,0.9,1.1,0.9,1.2,1.0,0.9,670.0,52.0,670.0,52.0,0,0,False,0,1.0,68.0,45.0,0.0,31.8,False,False,False,False,True,10,2,False,255.0,255.0,255,SPOKED,SPOKED,0,0.0,0.0,0.0,278.0,300.0,34.9,330.0,1.0
425.0,70.0,620.0,72.5,170.0,55.0,580.0,73.5,585.0,48.0,46.0,58.0,28.6,36.5,23.35,13.0,15.0,STEEL,34.0,52.0,47.0,0.0,0.0,0.0,0.0,False,False,130.0,2.0,0.9,1.1,0.9,1.2,1.0,0.9,670.0,52.0,670.0,52.0,0,1,False,0,1.0,68.0,45.0,0.0,31.8,False,False,False,False,True,10,2,False,255.0,255.0,255,SPOKED,SPOKED,0,0.0,0.0,0.0,278.0,300.0,34.9,330.0,1.0
430.0,72.0,630.0,74.0,180.0,50.0,560.0,72.8,600.0,52.0,48.0,60.0,28.6,36.5,23.35,13.5,15.0,STEEL,36.0,54.0,49.0,0.0,0.0,0.0,0.0,False,False,130.0,2.0,0.9,1.1,0.9,1.2,1.0,0.9,670.0,52.0,670.0,52.0,0,2,False,0,1.0,68.0,45.0,0.0,31.8,False,False,False,False,True,10,2,False,255.0,255.0,255,SPOKED,SPOKED,0,0.0,0.0,0.0,278.0,300.0,34.9,330.0,1.0
415.0,67.0,605.0,73.5,155.0,53.0,570.0,73.0,575.0,49.0,47.0,57.5,28.6,36.5,23.35,12.5,15.0,STEEL,31.0,49.0,46.0,0.0,0.0,0.0,0.0,False,False,130.0,2.0,0.9,1.1,0.9,1.2,1.0,0.9,670.0,52.0,670.0,52.0,0,0,False,0,1.0,68.0,45.0,0.0,31.8,False,False,False,False,True,10,2,False,255.0,255.0,255,SPOKED,SPOKED,0,0.0,0.0,0.0,278.0,300.0,34.9,330.0,1.0
418.0,69.0,615.0,72.0,165.0,52.0,565.0,74.0,580.0,51.0,49.0,59.0,28.6,36.5,23.35,13.2,15.0,STEEL,33.0,53.0,48.0,0.0,0.0,0.0,0.0,False,False,130.0,2.0,0.9,1.1,0.9,1.2,1.0,0.9,670.0,52.0,670.0,52.0,0,1,False,0,1.0,68.0,45.0,0.0,31.8,False,False,False,False,True,10,2,False,255.0,255.0,255,SPOKED,SPOKED,0,0.0,0.0,0.0,278.0,300.0,34.9,330.0,1.0
422.0,68.0,618.0,72.8,158.0,54.0,575.0,73.2,590.0,50.0,46.0,56.0,28.6,36.5,23.35,12.8,15.0,STEEL,35.0,51.0,47.0,0.0,0.0,0.0,0.0,False,False,130.0,2.0,0.9,1.1,0.9,1.2,1.0,0.9,670.0,52.0,670.0,52.0,0,2,False,0,1.0,68.0,45.0,0.0,31.8,False,False,False,False,True,10,2,False,255.0,255.0,255,SPOKED,SPOKED,0,0.0,0.0,0.0,278.0,300.0,34.9,330.0,1.0
419.0,68.5,612.0,73.2,162.0,51.0,562.0,73.7,578.0,49.0,45.0,57.0,28.6,36.5,23.35,13.0,15.0,STEEL,32.5,50.5,46.5,0.0,0.0,0.0,0.0,False,False,130.0,2.0,0.9,1.1,0.9,1.2,1.0,0.9,670.0,52.0,670.0,52.0,0,0,False,0,1.0,68.0,45.0,0.0,31.8,False,False,False,False,True,10,2,False,255.0,255.0,255,SPOKED,SPOKED,0,0.0,0.0,0.0,278.0,300.0,34.9,330.0,1.0
427.0,71.0,625.0,73.7,175.0,59.0,590.0,72.5,595.0,52.0,48.0,61.0,28.6,36.5,23.35,14.0,15.0,STEEL,35.0,55.0,50.0,0.0,0.0,0.0,0.0,False,False,130.0,2.0,0.9,1.1,0.9,1.2,1.0,0.9,670.0,52.0,670.0,52.0,0,1,False,0,1.0,68.0,45.0,0.0,31.8,False,False,False,False,True,10,2,False,255.0,255.0,255,SPOKED,SPOKED,0,0.0,0.0,0.0,278.0,300.0,34.9,330.0,1.0
423.0,68.0,619.0,72.0,168.0,56.0,585.0,73.0,582.0,50.0,47.0,59.0,28.6,36.5,23.35,13.0,15.0,STEEL,34.0,52.0,48.0,0.0,0.0,0.0,0.0,False,False,130.0,2.0,0.9,1.1,0.9,1.2,1.0,0.9,670.0,52.0,670.0,52.0,0,2,False,0,1.0,68.0,45.0,0.0,31.8,False,False,False,False,True,10,2,False,255.0,255.0,255,SPOKED,SPOKED,0,0.0,0.0,0.0,278.0,300.0,34.9,330.0,1.0
421.0,67.5,613.0,74.0,159.0,54.0,572.0,72.5,572.0,48.0,46.0,57.0,28.6,36.5,23.35,13.4,15.0,STEEL,33.0,51.0,45.0,0.0,0.0,0.0,0.0,False,False,130.0,2.0,0.9,1.1,0.9,1.2,1.0,0.9,670.0,52.0,670.0,52.0,0,1,False,0,1.0,68.0,45.0,0.0,31.8,False,False,False,False,True,10,2,False,255.0,255.0,255,SPOKED,SPOKED,0,0.0,0.0,0.0,278.0,300.0,34.9,330.0,1.0
420.0,70.0,600.0,73.0,180.0,50.0,560.0,73.5,660.0,45.0,45.0,540.0,34.9,30.0,25.0,15.0,9.0,STEEL,33.0,48.0,49.0,330.0,350.0,16.0,18.0,False,False,130.0,2.0,0.9,1.1,0.9,1.2,1.0,0.9,674.0,52.0,674.0,52.0,0,0,False,0,1.0,68.0,45.0,20.0,31.8,False,True,False,False,True,9,2,False,255.0,255.0,255,SPOKED,SPOKED,1,1.0,80.0,80.0,280.0,760.0,34.9,350.0,1.0
430.0,65.0,610.0,72.5,175.0,52.0,555.0,73.0,655.0,50.0,45.0,535.0,34.9,30.0,25.0,14.0,8.5,STEEL,32.0,47.0,48.0,330.0,350.0,16.0,18.0,False,False,130.0,2.0,0.9,1.1,0.9,1.2,1.0,0.9,674.0,52.0,674.0,52.0,0,1,False,0,1.0,68.0,45.0,20.0,31.8,False,True,False,False,True,10,2,False,255.0,255.0,255,SPOKED,SPOKED,1,1.0,80.0,80.0,280.0,755.0,34.9,350.0,1.0
410.0,75.0,590.0,73.5,185.0,48.0,565.0,74.0,660.0,42.0,45.0,545.0,35.0,30.0,25.0,16.0,9.5,STEEL,34.0,49.0,50.0,330.0,350.0,16.0,18.0,False,False,130.0,2.0,0.9,1.2,1.0,1.2,1.0,0.9,674.0,52.0,674.0,52.0,0,2,False,0,1.0,68.0,45.0,20.0,31.8,False,True,False,True,True,11,1,True,255.0,255.0,255,SPOKED,SPOKED,1,1.0,80.0,80.0,280.0,765.0,35.0,350.0,1.0
415.0,70.0,605.0,74.0,190.0,50.0,570.0,72.5,650.0,44.0,45.0,550.0,34.9,30.0,25.0,15.5,9.0,STEEL,33.0,48.0,49.0,330.0,350.0,16.0,18.0,False,False,130.0,2.0,0.9,1.1,0.9,1.2,1.0,0.9,674.0,52.0,674.0,52.0,0,0,False,0,1.0,68.0,45.0,20.0,31.8,False,True,False,False,True,9,2,False,255.0,255.0,255,SPOKED,SPOKED,1,1.0,80.0,80.0,280.0,770.0,34.9,350.0,1.0
425.0,68.0,600.0,72.0,170.0,52.0,558.0,73.2,658.0,46.0,45.0,538.0,34.9,30.0,25.0,15.0,8.0,STEEL,32.0,47.0,48.0,330.0,350.0,16.0,18.0,False,False,130.0,2.0,0.9,1.1,0.9,1.2,1.0,0.9,674.0,52.0,674.0,52.0,0,1,False,0,1.0,68.0,45.0,20.0,31.8,True,False,False,False,True,10,2,False,255.0,255.0,255,SPOKED,SPOKED,1,1.0,80.0,80.0,280.0,760.0,34.9,350.0,1.0
440.0,72.0,620.0,71.5,200.0,60.0,580.0,74.0,665.0,43.0,45.0,555.0,34.9,30.0,25.0,17.0,10.0,STEEL,34.0,49.0,50.0,330.0,350.0,16.0,18.0,False,False,130.0,2.0,0.9,1.1,0.9,1.2,1.0,0.9,674.0,52.0,674.0,52.0,0,2,False,0,1.0,68.0,45.0,20.0,31.8,False,True,False,False,True,11,2,False,255.0,255.0,255,SPOKED,SPOKED,1,1.0,80.0,80.0,280.0,780.0,34.9,350.0,1.0
400.0,70.0,595.0,73.0,160.0,45.0,550.0,72.8,648.0,47.0,45.0,530.0,34.9,30.0,25.0,14.5,9.0,STEEL,31.0,46.0,47.0,330.0,350.0,16.0,18.0,False,False,130.0,2.0,0.9,1.1,0.9,1.2,1.0,0.9,674.0,52.0,674.0,52.0,0,1,False,0,1.0,68.0,45.0,20.0,31.8,True,False,False,False,True,9,2,False,255.0,255.0,255,SPOKED,SPOKED,1,1.0,80.0,80.0,280.0,750.0,34.9,350.0,1.0
435.0,65.0,615.0,74.0,185.0,55.0,575.0,73.5,660.0,44.0,45.0,548.0,34.9,30.0,25.0,16.5,9.5,STEEL,33.0,48.0,49.0,330.0,350.0,16.0,18.0,False,False,130.0,2.0,0.9,1.1,0.9,1.2,1.0,0.9,674.0,52.0,674.0,52.0,0,0,False,0,1.0,68.0,45.0,20.0,31.8,False,False,False,False,True,10,2,False,255.0,255.0,255,SPOKED,SPOKED,1,1.0,80.0,80.0,280.0,770.0,34.9,350.0,1.0
405.0,68.0,605.0,72.5,178.0,50.0,562.0,73.0,650.0,45.0,45.0,540.0,34.9,30.0,25.0,15.0,9.0,STEEL,32.0,47.0,48.0,330.0,350.0,16.0,18.0,False,False,130.0,2.0,0.9,1.1,0.9,1.2,1.0,0.9,674.0,52.0,674.0,52.0,0,1,False,0,1.0,68.0,45.0,20.0,31.8,False,True,False,False,True,11,2,False,255.0,255.0,255,SPOKED,SPOKED,1,1.0,80.0,80.0,280.0,765.0,34.9,350.0,1.0
445.0,75.0,630.0,71.0,210.0,58.0,585.0,74.5,670.0,42.0,45.0,560.0,34.9,30.0,25.0,17.5,10.0,STEEL,35.0,50.0,51.0,330.0,350.0,16.0,18.0,False,False,130.0,2.0,0.9,1.1,0.9,1.2,1.0,0.9,674.0,52.0,674.0,52.0,0,2,False,0,1.0,68.0,45.0,20.0,31.8,False,True,False,False,True,10,2,False,255.0,255.0,255,SPOKED,SPOKED,1,1.0,80.0,80.0,280.0,785.0,34.9,350.0,1.0
405.0,70.0,600.0,73.0,160.0,50.0,580.0,73.0,660.0,45.0,45.0,40.0,36.5,23.35,23.35,13.0,15.0,STEEL,35.0,40.0,40.0,0.0,0.0,0.0,0.0,False,False,130.0,2.0,0.9,1.1,0.9,1.2,1.0,0.9,674.0,52.0,674.0,52.0,0,0,False,0,3.0,68.0,45.0,692.0,31.8,False,False,False,False,True,11,2,False,255.0,255.0,255,SPOKED,SPOKED,1,1.0,80.0,80.0,300.0,780.0,36.5,300.0,1.0
410.0,68.0,610.0,74.0,155.0,48.0,585.0,74.0,655.0,44.0,42.0,41.0,38.0,23.0,23.0,14.0,14.0,STEEL,32.0,38.0,42.0,0.0,0.0,0.0,0.0,False,False,130.0,2.0,0.9,1.1,0.9,1.2,1.0,0.9,680.0,55.0,680.0,55.0,0,1,False,0,3.0,70.0,48.0,694.0,32.0,False,False,False,False,True,10,2,False,255.0,255.0,255,SPOKED,SPOKED,1,1.0,80.0,80.0,295.0,770.0,36.5,305.0,1.0
400.0,72.0,590.0,72.5,165.0,52.0,575.0,72.0,670.0,47.0,50.0,39.0,37.0,23.5,24.0,13.0,16.0,STEEL,38.0,42.0,38.0,0.0,0.0,0.0,0.0,False,False,130.0,2.0,0.9,1.1,0.9,1.2,1.0,0.9,670.0,50.0,670.0,50.0,0,0,False,0,1.0,66.0,46.0,689.0,31.0,False,False,False,False,True,9,2,False,255.0,255.0,255,SPOKED,SPOKED,1,1.0,80.0,80.0,300.0,760.0,36.5,290.0,1.0
420.0,68.0,620.0,73.0,150.0,47.0,590.0,73.0,650.0,43.0,43.0,42.0,35.0,23.35,23.35,12.0,15.0,STEEL,30.0,35.0,45.0,0.0,0.0,0.0,0.0,False,False,130.0,2.0,0.9,1.1,0.9,1.2,1.0,0.9,678.0,54.0,678.0,54.0,0,1,False,0,3.0,69.0,44.0,695.0,32.0,False,False,False,False,True,10,2,False,255.0,255.0,255,SPOKED,SPOKED,1,1.0,80.0,80.0,305.0,790.0,36.5,315.0,2.0
395.0,75.0,605.0,72.0,170.0,49.0,565.0,72.5,662.0,46.0,47.0,39.0,37.0,23.35,22.5,14.0,16.0,STEEL,36.0,43.0,39.0,0.0,0.0,0.0,0.0,False,False,130.0,2.0,0.9,1.1,0.9,1.2,1.0,0.9,672.0,51.0,672.0,51.0,0,2,False,0,3.0,68.0,46.0,690.0,31.5,False,False,False,False,True,11,3,False,255.0,255.0,255,SPOKED,SPOKED,1,1.0,80.0,80.0,290.0,765.0,36.5,300.0,1.0
408.0,69.0,595.0,73.5,158.0,46.0,600.0,73.0,658.0,44.0,44.0,38.0,36.0,23.35,23.35,13.0,15.0,STEEL,34.0,39.0,41.0,0.0,0.0,0.0,0.0,False,False,130.0,2.0,0.9,1.1,0.9,1.2,1.0,0.9,676.0,53.0,676.0,53.0,0,0,False,0,3.0,67.0,45.0,693.0,32.5,False,False,False,False,True,10,2,False,255.0,255.0,255,SPOKED,SPOKED,1,1.0,80.0,80.0,285.0,755.0,36.5,305.0,1.0
415.0,67.0,615.0,74.0,162.0,51.0,570.0,74.0,665.0,48.0,40.0,42.0,34.9,24.0,23.5,12.0,14.0,STEEL,33.0,41.0,37.0,0.0,0.0,0.0,0.0,False,False,130.0,2.0,0.9,1.1,0.9,1.2,1.0,0.9,680.0,56.0,680.0,56.0,0,1,False,0,3.0,69.0,47.0,696.0,33.0,False,False,False,False,True,12,2,False,255.0,255.0,255,SPOKED,SPOKED,1,1.0,80.0,80.0,295.0,785.0,36.5,320.0,2.0
402.0,71.0,605.0,72.8,164.0,53.0,595.0,72.8,660.0,45.0,42.0,40.0,36.5,23.35,23.35,14.0,15.0,STEEL,37.0,44.0,36.0,0.0,0.0,0.0,0.0,False,False,130.0,2.0,0.9,1.1,0.9,1.2,1.0,0.9,674.0,52.0,674.0,52.0,0,0,False,0,0.0,67.0,44.0,690.0,31.0,False,False,False,False,True,11,2,False,255.0,255.0,255,SPOKED,SPOKED,1,1.0,80.0,80.0,300.0,775.0,36.5,310.0,0.0
425.0,69.0,618.0,73.2,159.0,50.0,580.0,73.2,655.0,46.0,46.0,41.0,37.0,23.35,23.35,13.0,15.0,STEEL,35.0,42.0,41.0,0.0,0.0,0.0,0.0,False,False,130.0,2.0,0.9,1.1,0.9,1.2,1.0,0.9,678.0,54.0,678.0,54.0,0,2,False,0,3.0,68.0,45.0,694.0,32.0,False,False,False,False,True,11,2,False,255.0,255.0,255,SPOKED,SPOKED,1,1.0,80.0,80.0,290.0,770.0,36.5,300.0,1.0
410.0,70.0,600.0,73.0,160.0,50.0,580.0,74.0,650.0,45.0,50.0,40.0,35.0,37.0,28.0,13.0,15.0,STEEL,25.0,80.0,35.0,0.0,0.0,0.0,0.0,False,False,130.0,1.8,1.2,1.0,1.4,1.0,1.0,1.2,680.0,52.0,680.0,52.0,0,0,False,0,1.0,68.0,45.0,0.0,31.8,False,False,False,False,True,11,2,False,255.0,255.0,255,SPOKED,SPOKED,0,0.0,0.0,0.0,278.0,740.0,34.9,320.0,1.0
420.0,65.0,610.0,72.0,155.0,55.0,590.0,73.5,655.0,46.0,45.0,42.0,36.0,38.0,29.0,14.0,15.0,STEEL,30.0,85.0,38.0,0.0,0.0,0.0,0.0,False,False,130.0,1.7,1.1,1.0,1.3,1.1,1.1,1.3,680.0,52.0,680.0,52.0,0,0,False,0,1.0,68.0,45.0,0.0,31.8,False,False,False,False,True,11,2,False,255.0,255.0,255,SPOKED,SPOKED,0,0.0,0.0,0.0,278.0,750.0,34.9,325.0,1.0
430.0,68.0,620.0,74.0,165.0,50.0,600.0,73.0,660.0,44.0,52.0,38.0,37.0,36.0,27.0,13.5,15.0,STEEL,28.0,90.0,40.0,0.0,0.0,0.0,0.0,False,False,130.0,1.9,1.3,1.1,1.5,1.0,1.0,1.3,680.0,52.0,680.0,52.0,0,0,False,0,1.0,68.0,45.0,0.0,31.8,False,False,False,False,True,11,2,False,255.0,255.0,255,SPOKED,SPOKED,0,0.0,0.0,0.0,278.0,760.0,34.9,330.0,1.0
415.0,72.0,605.0,73.5,150.0,52.0,585.0,74.5,648.0,46.5,48.0,41.0,34.0,37.5,28.5,14.0,15.0,STEEL,26.0,82.0,36.0,0.0,0.0,0.0,0.0,False,False,130.0,1.8,1.2,1.0,1.4,1.0,1.0,1.2,680.0,52.0,680.0,52.0,0,0,False,0,1.0,68.0,45.0,0.0,31.8,False,False,False,False,True,11,2,False,255.0,255.0,255,SPOKED,SPOKED,0,0.0,0.0,0.0,278.0,730.0,34.9,310.0,1.0
405.0,75.0,595.0,72.5,158.0,60.0,570.0,75.0,642.0,45.5,50.0,39.0,37.0,37.0,28.0,13.3,15.0,STEEL,29.0,88.0,39.0,0.0,0.0,0.0,0.0,False,False,130.0,1.7,1.1,1.0,1.3,1.0,1.0,1.1,680.0,52.0,680.0,52.0,0,0,False,0,1.0,68.0,45.0,0.0,31.8,False,False,False,False,True,11,2,False,255.0,255.0,255,SPOKED,SPOKED,0,0.0,0.0,0.0,278.0,745.0,34.9,315.0,1.0
425.0,70.0,612.0,74.0,170.0,54.0,595.0,73.0,658.0,45.0,53.0,40.5,36.5,37.8,29.2,13.8,15.0,STEEL,32.0,92.0,42.0,0.0,0.0,0.0,0.0,False,False,130.0,1.8,1.2,1.0,1.4,1.0,1.0,1.2,680.0,52.0,680.0,52.0,0,0,False,0,1.0,68.0,45.0,0.0,31.8,False,False,False,False,True,11,2,False,255.0,255.0,255,SPOKED,SPOKED,0,0.0,0.0,0.0,278.0,755.0,34.9,335.0,1.0
435.0,68.0,630.0,72.0,160.0,58.0,605.0,74.0,665.0,47.0,50.0,42.0,36.0,38.0,29.0,14.0,15.0,STEEL,31.0,95.0,45.0,0.0,0.0,0.0,0.0,False,False,130.0,1.9,1.3,1.1,1.5,1.0,1.0,1.3,680.0,52.0,680.0,52.0,0,0,False,0,1.0,68.0,45.0,0.0,31.8,False,False,False,False,True,11,2,False,255.0,255.0,255,SPOKED,SPOKED,0,0.0,0.0,0.0,278.0,770.0,34.9,340.0,1.0
412.0,69.0,607.0,73.0,152.0,53.0,590.0,73.5,650.0,46.5,49.0,41.0,35.5,37.0,28.0,13.7,15.0,STEEL,27.0,87.0,37.0,0.0,0.0,0.0,0.0,False,False,130.0,1.8,1.2,1.0,1.4,1.0,1.0,1.2,680.0,52.0,680.0,52.0,0,0,False,0,1.0,68.0,45.0,0.0,31.8,False,False,False,False,True,11,2,False,255.0,255.0,255,SPOKED,SPOKED,0,0.0,0.0,0.0,278.0,735.0,34.9,325.0,1.0
418.0,71.0,620.0,73.8,162.0,56.0,598.0,74.2,655.0,45.2,51.0,40.0,36.8,37.2,28.8,14.0,15.0,STEEL,34.0,93.0,43.0,0.0,0.0,0.0,0.0,False,False,130.0,1.8,1.3,1.1,1.4,1.0,1.0,1.2,680.0,52.0,680.0,52.0,0,0,False,0,1.0,68.0,45.0,0.0,31.8,False,False,False,False,True,11,2,False,255.0,255.0,255,SPOKED,SPOKED,0,0.0,0.0,0.0,278.0,760.0,34.9,345.0,1.0
422.0,67.0,598.0,72.3,148.0,57.0,588.0,74.7,643.0,45.7,50.5,41.2,35.8,37.5,29.0,13.9,15.0,STEEL,29.0,89.0,38.5,0.0,0.0,0.0,0.0,False,False,130.0,1.7,1.2,1.0,1.3,1.0,1.0,1.1,680.0,52.0,680.0,52.0,0,0,False,0,1.0,68.0,45.0,0.0,31.8,False,False,False,False,True,11,2,False,255.0,255.0,255,SPOKED,SPOKED,0,0.0,0.0,0.0,278.0,745.0,34.9,315.0,1.0
410.0,70.0,580.0,73.0,180.0,40.0,560.0,73.0,640.0,50.0,50.0,28.6,36.5,23.35,23.35,13.0,15.0,STEEL,35.0,50.0,45.0,330.0,350.0,16.0,18.0,True,True,130.0,2.0,0.9,1.1,0.9,1.2,1.0,0.9,680.0,121.0,680.0,121.0,0,0,False,0,1.0,68.0,45.0,0.0,31.8,False,True,False,False,True,11,2,False,255.0,255.0,255,SPOKED,SPOKED,0,0.0,0.0,0.0,278.0,780.0,34.9,300.0,1.0
415.0,65.0,575.0,73.5,170.0,42.0,565.0,72.5,645.0,52.0,55.0,29.0,37.0,24.0,24.0,14.0,14.0,STEEL,36.0,48.0,47.0,335.0,355.0,17.0,18.0,True,True,130.0,2.0,0.9,1.1,0.9,1.2,1.0,0.9,680.0,121.0,680.0,121.0,0,0,False,0,1.0,68.0,45.0,0.0,31.8,False,True,False,False,True,11,2,False,255.0,255.0,255,SPOKED,SPOKED,0,0.0,0.0,0.0,278.0,780.0,34.9,300.0,1.0
420.0,60.0,570.0,72.5,160.0,45.0,570.0,73.0,650.0,48.0,45.0,28.0,35.0,25.0,25.0,15.0,16.0,STEEL,37.0,52.0,44.0,340.0,360.0,16.0,19.0,True,True,130.0,2.0,0.9,1.1,0.9,1.2,1.0,0.9,680.0,121.0,680.0,121.0,0,0,False,0,1.0,68.0,45.0,0.0,31.8,False,True,False,False,True,11,2,False,255.0,255.0,255,SPOKED,SPOKED,0,0.0,0.0,0.0,278.0,780.0,34.9,300.0,1.0
405.0,75.0,585.0,74.0,190.0,38.0,580.0,71.0,630.0,49.0,40.0,27.0,36.0,23.35,23.35,13.0,15.0,STEEL,35.0,47.0,46.0,330.0,350.0,16.0,18.0,True,True,130.0,2.0,0.9,1.1,0.9,1.2,1.0,0.9,680.0,121.0,680.0,121.0,0,0,False,0,1.0,68.0,45.0,0.0,31.8,False,True,False,False,True,11,2,False,255.0,255.0,255,SPOKED,SPOKED,0,0.0,0.0,0.0,278.0,780.0,34.9,300.0,1.0
425.0,72.0,590.0,71.5,155.0,50.0,575.0,74.0,635.0,51.0,60.0,30.0,38.0,26.0,26.0,12.0,14.0,STEEL,33.0,55.0,50.0,330.0,350.0,18.0,20.0,True,True,130.0,2.0,0.9,1.1,0.9,1.2,1.0,0.9,680.0,121.0,680.0,121.0,0,0,False,0,1.0,68.0,45.0,0.0,31.8,False,True,False,False,True,11,2,False,255.0,255.0,255,SPOKED,SPOKED,0,0.0,0.0,0.0,278.0,780.0,34.9,300.0,1.0
430.0,68.0,565.0,73.0,165.0,48.0,590.0,73.5,640.0,50.0,52.0,28.6,36.5,24.5,24.5,14.0,15.0,STEEL,38.0,60.0,55.0,335.0,355.0,17.0,19.0,True,True,130.0,2.0,0.9,1.1,0.9,1.2,1.0,0.9,680.0,121.0,680.0,121.0,0,0,False,0,1.0,68.0,45.0,0.0,31.8,False,True,False,False,True,11,2,False,255.0,255.0,255,SPOKED,SPOKED,0,0.0,0.0,0.0,278.0,780.0,34.9,300.0,1.0
395.0,62.0,560.0,72.0,150.0,44.0,555.0,74.0,655.0,53.0,48.0,27.0,35.0,23.35,23.35,13.0,17.0,STEEL,30.0,45.0,40.0,330.0,350.0,16.0,18.0,True,True,130.0,2.0,0.9,1.1,0.9,1.2,1.0,0.9,680.0,121.0,680.0,121.0,0,0,False,0,1.0,68.0,45.0,0.0,31.8,False,True,False,False,True,11,2,False,255.0,255.0,255,SPOKED,SPOKED,0,0.0,0.0,0.0,278.0,780.0,34.9,300.0,1.0
400.0,70.0,595.0,73.5,185.0,47.0,585.0,71.5,645.0,49.0,50.0,29.0,37.0,25.0,25.0,14.0,16.0,STEEL,36.0,49.0,43.0,335.0,360.0,18.0,20.0,True,True,130.0,2.0,0.9,1.1,0.9,1.2,1.0,0.9,680.0,121.0,680.0,121.0,0,0,False,0,1.0,68.0,45.0,0.0,31.8,False,True,False,False,True,11,2,False,255.0,255.0,255,SPOKED,SPOKED,0,0.0,0.0,0.0,278.0,780.0,34.9,300.0,1.0
418.0,66.0,578.0,73.0,175.0,43.0,578.0,72.5,638.0,51.0,55.0,28.6,36.0,23.35,23.35,14.0,15.0,STEEL,34.0,51.0,48.0,330.0,355.0,16.0,18.0,True,True,130.0,2.0,0.9,1.1,0.9,1.2,1.0,0.9,680.0,121.0,680.0,121.0,0,0,False,0,1.0,68.0,45.0,0.0,31.8,False,True,False,False,True,11,2,False,255.0,255.0,255,SPOKED,SPOKED,0,0.0,0.0,0.0,278.0,780.0,34.9,300.0,1.0
412.0,69.0,582.0,72.5,168.0,46.0,562.0,73.0,642.0,50.0,53.0,28.0,34.0,23.35,24.0,13.0,17.0,STEEL,32.0,53.0,42.0,332.0,352.0,17.0,19.0,True,True,130.0,2.0,0.9,1.1,0.9,1.2,1.0,0.9,680.0,121.0,680.0,121.0,0,0,False,0,1.0,68.0,45.0,0.0,31.8,False,True,False,False,True,11,2,False,255.0,255.0,255,SPOKED,SPOKED,0,0.0,0.0,0.0,278.0,780.0,34.9,300.0,1.0
450.0,70.0,600.0,73.0,180.0,50.0,540.0,73.0,610.0,50.0,45.0,28.6,36.5,23.35,20.0,13.0,15.0,STEEL,30.0,50.0,40.0,330.0,350.0,16.0,18.0,False,False,130.0,2.0,0.9,1.1,0.9,1.2,1.0,0.9,680.0,52.0,680.0,52.0,0,0,False,0,1.0,68.0,45.0,0.0,31.8,False,False,False,False,True,11,2,False,255.0,255.0,255,SPOKED,SPOKED,0,0.0,0.0,0.0,280.0,900.0,35.0,380.0,1.0
440.0,72.0,610.0,72.5,170.0,48.0,550.0,73.5,620.0,50.0,45.0,28.6,36.5,23.35,20.0,13.0,15.0,STEEL,35.0,55.0,45.0,330.0,350.0,16.0,18.0,False,False,130.0,2.0,0.9,1.1,0.9,1.2,1.0,0.9,680.0,52.0,680.0,52.0,0,0,False,0,1.0,68.0,45.0,0.0,31.8,False,False,False,False,True,11,2,False,255.0,255.0,255,SPOKED,SPOKED,0,0.0,0.0,0.0,280.0,900.0,35.0,380.0,1.0
460.0,68.0,590.0,73.5,190.0,52.0,530.0,72.5,600.0,50.0,45.0,28.6,36.5,23.35,20.0,13.0,15.0,STEEL,32.0,52.0,42.0,330.0,350.0,16.0,18.0,False,False,130.0,2.0,0.9,1.1,0.9,1.2,1.0,0.9,680.0,52.0,680.0,52.0,0,0,False,0,1.0,68.0,45.0,0.0,31.8,False,False,False,False,True,11,2,False,255.0,255.0,255,SPOKED,SPOKED,0,0.0,0.0,0.0,280.0,900.0,35.0,380.0,1.0
430.0,75.0,605.0,74.0,160.0,50.0,545.0,74.0,615.0,50.0,45.0,28.6,36.5,23.35,20.0,13.0,15.0,STEEL,28.0,50.0,38.0,330.0,350.0,16.0,18.0,False,False,130.0,2.0,0.9,1.1,0.9,1.2,1.0,0.9,680.0,52.0,680.0,52.0,0,0,False,0,1.0,68.0,45.0,0.0,31.8,False,False,False,False,True,11,2,False,255.0,255.0,255,SPOKED,SPOKED,0,0.0,0.0,0.0,280.0,900.0,35.0,380.0,1.0
470.0,70.0,620.0,72.0,200.0,54.0,535.0,73.0,630.0,50.0,45.0,28.6,36.5,23.35,20.0,13.0,15.0,STEEL,36.0,60.0,46.0,330.0,350.0,16.0,18.0,False,False,130.0,2.0,0.9,1.1,0.9,1.2,1.0,0.9,680.0,52.0,680.0,52.0,0,0,False,0,1.0,68.0,45.0,0.0,31.8,False,False,False,False,True,11,2,False,255.0,255.0,255,SPOKED,SPOKED,0,0.0,0.0,0.0,280.0,900.0,35.0,380.0,1.0
445.0,69.0,595.0,73.2,155.0,48.0,565.0,73.7,605.0,50.0,45.0,28.6,36.5,23.35,20.0,13.0,15.0,STEEL,30.0,50.0,40.0,330.0,350.0,16.0,18.0,False,False,130.0,2.0,0.9,1.1,0.9,1.2,1.0,0.9,680.0,52.0,680.0,52.0,0,0,False,0,1.0,68.0,45.0,0.0,31.8,False,False,False,False,True,11,2,False,255.0,255.0,255,SPOKED,SPOKED,0,0.0,0.0,0.0,280.0,900.0,35.0,380.0,1.0
455.0,71.0,605.0,74.5,165.0,49.0,540.0,74.2,610.0,50.0,45.0,28.6,36.5,23.35,20.0,13.0,15.0,STEEL,34.0,53.0,44.0,330.0,350.0,16.0,18.0,False,False,130.0,2.0,0.9,1.1,0.9,1.2,1.0,0.9,680.0,52.0,680.0,52.0,0,0,False,0,1.0,68.0,45.0,0.0,31.8,False,False,False,False,True,11,2,False,255.0,255.0,255,SPOKED,SPOKED,0,0.0,0.0,0.0,280.0,900.0,35.0,380.0,1.0
435.0,73.0,600.0,71.5,180.0,51.0,525.0,72.0,600.0,50.0,45.0,28.6,36.5,23.35,20.0,13.0,15.0,STEEL,31.0,52.0,41.0,330.0,350.0,16.0,18.0,False,False,130.0,2.0,0.9,1.1,0.9,1.2,1.0,0.9,680.0,52.0,680.0,52.0,0,0,False,0,1.0,68.0,45.0,0.0,31.8,False,False,False,False,True,11,2,False,255.0,255.0,255,SPOKED,SPOKED,0,0.0,0.0,0.0,280.0,900.0,35.0,380.0,1.0
480.0,70.0,615.0,75.0,175.0,50.0,550.0,75.0,625.0,50.0,45.0,28.6,36.5,23.35,20.0,13.0,15.0,STEEL,38.0,57.0,48.0,330.0,350.0,16.0,18.0,False,False,130.0,2.0,0.9,1.1,0.9,1.2,1.0,0.9,680.0,52.0,680.0,52.0,0,0,False,0,1.0,68.0,45.0,0.0,31.8,False,False,False,False,True,11,2,False,255.0,255.0,255,SPOKED,SPOKED,0,0.0,0.0,0.0,280.0,900.0,35.0,380.0,1.0
425.0,72.0,590.0,72.8,185.0,53.0,545.0,72.3,615.0,50.0,45.0,28.6,36.5,23.35,20.0,13.0,15.0,STEEL,29.0,49.0,39.0,330.0,350.0,16.0,18.0,False,False,130.0,2.0,0.9,1.1,0.9,1.2,1.0,0.9,680.0,52.0,680.0,52.0,0,0,False,0,1.0,68.0,45.0,0.0,31.8,False,False,False,False,True,11,2,False,255.0,255.0,255,SPOKED,SPOKED,0,0.0,0.0,0.0,280.0,900.0,35.0,380.0,1.0
400.0,70.0,590.0,73.0,150.0,50.0,550.0,73.5,660.0,45.0,45.0,28.6,36.5,23.35,13.0,15.0,9.0,STEEL,35.0,50.0,45.0,330.0,350.0,16.0,18.0,False,False,130.0,2.0,0.9,1.1,0.9,1.2,1.0,0.9,680.0,52.0,680.0,52.0,0,2,False,0,1.0,68.0,45.0,0.0,31.8,False,False,False,False,True,11,2,False,255.0,255.0,255,SPOKED,SPOKED,0,0.0,80.0,80.0,280.0,740.0,34.9,300.0,1.0
405.0,68.0,600.0,74.0,160.0,55.0,560.0,74.0,670.0,45.0,45.0,28.6,36.5,23.35,13.0,15.0,9.0,STEEL,40.0,55.0,50.0,330.0,350.0,16.0,18.0,False,False,132.0,2.0,0.9,1.1,0.9,1.2,1.0,0.9,674.0,60.0,674.0,60.0,0,1,False,0,1.0,68.0,45.0,0.0,31.8,False,False,False,False,True,11,2,False,255.0,255.0,255,SPOKED,SPOKED,0,0.0,80.0,80.0,280.0,740.0,34.9,300.0,1.0
410.0,72.0,610.0,73.5,140.0,50.0,545.0,73.5,665.0,45.0,45.0,28.6,36.5,23.35,13.0,15.0,9.0,STEEL,38.0,52.0,48.0,330.0,350.0,16.0,18.0,False,False,130.0,2.0,0.9,1.1,0.9,1.2,1.0,0.9,682.0,55.0,682.0,55.0,0,2,False,0,1.0,68.0,45.0,0.0,31.8,False,False,False,False,True,11,2,False,255.0,255.0,255,SPOKED,SPOKED,0,0.0,80.0,80.0,280.0,740.0,34.9,300.0,1.0
420.0,75.0,595.0,72.0,155.0,45.0,555.0,73.0,655.0,45.0,45.0,28.6,36.5,23.35,13.0,15.0,9.0,STEEL,36.0,53.0,46.0,330.0,350.0,16.0,18.0,False,False,135.0,2.0,0.9,1.1,0.9,1.2,1.0,0.9,690.0,60.0,690.0,60.0,0,1,False,0,1.0,68.0,45.0,0.0,31.8,False,False,False,False,True,11,2,False,255.0,255.0,255,SPOKED,SPOKED,0,0.0,80.0,80.0,280.0,740.0,34.9,300.0,1.0
395.0,65.0,585.0,74.0,145.0,48.0,560.0,74.0,660.0,45.0,45.0,28.6,36.5,23.35,13.0,15.0,9.0,STEEL,34.0,49.0,44.0,330.0,350.0,16.0,18.0,False,False,130.0,2.0,0.9,1.1,0.9,1.2,1.0,0.9,680.0,52.0,680.0,52.0,0,2,False,0,1.0,68.0,45.0,0.0,31.8,False,False,False,False,True,11,2,False,255.0,255.0,255,SPOKED,SPOKED,0,0.0,80.0,80.0,280.0,740.0,34.9,300.0,1.0
430.0,70.0,605.0,73.0,150.0,52.0,558.0,73.0,668.0,45.0,45.0,28.6,36.5,23.35,13.0,15.0,9.0,STEEL,42.0,57.0,52.0,330.0,350.0,16.0,18.0,False,False,132.0,2.0,0.9,1.1,0.9,1.2,1.0,0.9,694.0,58.0,694.0,58.0,0,2,False,0,1.0,68.0,45.0,0.0,31.8,False,False,False,False,True,11,2,False,255.0,255.0,255,SPOKED,SPOKED,0,0.0,80.0,80.0,280.0,740.0,34.9,300.0,1.0
415.0,69.0,588.0,74.5,135.0,50.0,552.0,73.0,658.0,45.0,45.0,28.6,36.5,23.35,13.0,15.0,9.0,STEEL,37.0,51.0,47.0,330.0,350.0,16.0,18.0,False,False,134.0,2.0,0.9,1.1,0.9,1.2,1.0,0.9,674.0,53.0,674.0,53.0,0,1,False,0,1.0,68.0,45.0,0.0,31.8,False,False,False,False,True,11,2,False,255.0,255.0,255,SPOKED,SPOKED,0,0.0,80.0,80.0,280.0,740.0,34.9,300.0,1.0
400.0,68.0,600.0,72.5,130.0,53.0,555.0,74.0,650.0,45.0,45.0,28.6,36.5,23.35,13.0,15.0,9.0,STEEL,33.0,54.0,45.0,330.0,350.0,16.0,18.0,False,False,130.0,2.0,0.9,1.1,0.9,1.2,1.0,0.9,680.0,52.0,680.0,52.0,0,2,False,0,1.0,68.0,45.0,0.0,31.8,False,False,False,False,True,11,2,False,255.0,255.0,255,SPOKED,SPOKED,0,0.0,80.0,80.0,280.0,740.0,34.9,300.0,1.0
425.0,73.0,615.0,73.0,160.0,47.0,565.0,73.0,672.0,45.0,45.0,28.6,36.5,23.35,13.0,15.0,9.0,STEEL,39.0,56.0,49.0,330.0,350.0,16.0,18.0,False,False,133.0,2.0,0.9,1.1,0.9,1.2,1.0,0.9,690.0,60.0,690.0,60.0,0,1,False,0,1.0,68.0,45.0,0.0,31.8,False,False,False,False,True,11,2,False,255.0,255.0,255,SPOKED,SPOKED,0,0.0,80.0,80.0,280.0,740.0,34.9,300.0,1.0
435.0,70.0,620.0,73.5,165.0,50.0,570.0,73.0,680.0,45.0,45.0,28.6,36.5,23.35,13.0,15.0,9.0,STEEL,41.0,58.0,54.0,330.0,350.0,16.0,18.0,False,False,132.0,2.0,0.9,1.1,0.9,1.2,1.0,0.9,682.0,55.0,682.0,55.0,0,1,False,0,1.0,68.0,45.0,0.0,31.8,False,False,False,False,True,11,2,False,255.0,255.0,255,SPOKED,SPOKED,0,0.0,80.0,80.0,280.0,740.0,34.9,300.0,1.0
410.0,70.0,590.0,73.0,170.0,50.0,550.0,72.5,560.0,50.0,45.0,28.6,36.5,23.35,23.35,13.0,15.0,STEEL,35.0,35.0,45.0,330.0,350.0,16.0,18.0,False,False,130.0,2.0,0.9,1.1,0.9,1.2,1.0,0.9,680.0,25.0,680.0,25.0,0,0,False,0,1.0,68.0,45.0,0.0,31.8,False,False,False,False,True,11,2,False,255.0,255.0,255,SPOKED,SPOKED,0,0.0,0.0,0.0,278.0,750.0,36.5,300,1.0
408.0,68.0,585.0,73.5,175.0,48.0,545.0,73.0,558.0,50.0,42.0,28.6,36.5,23.35,23.35,13.0,15.0,STEEL,36.0,34.0,46.0,330.0,350.0,16.0,18.0,False,False,130.0,2.0,0.9,1.1,0.9,1.2,1.0,0.9,680.0,25.0,680.0,25.0,0,1,False,0,1.0,68.0,45.0,0.0,31.8,False,False,False,False,True,11,2,False,255.0,255.0,255,SPOKED,SPOKED,0,0.0,0.0,0.0,280.0,745.0,36.5,310,1.0
412.0,72.0,595.0,72.5,165.0,52.0,555.0,72.0,562.0,52.0,43.0,28.6,36.5,23.35,23.35,13.0,15.0,STEEL,34.0,36.0,44.0,330.0,350.0,16.0,18.0,False,False,130.0,2.0,0.9,1.1,0.9,1.2,1.0,0.9,680.0,25.0,680.0,25.0,0,2,False,0,1.0,68.0,45.0,0.0,31.8,False,False,False,False,True,11,2,False,255.0,255.0,255,SPOKED,SPOKED,0,0.0,0.0,0.0,275.0,760.0,36.5,290,1.0
415.0,70.0,600.0,73.0,180.0,49.0,560.0,73.5,565.0,50.0,45.0,28.6,36.5,23.35,23.35,13.0,15.0,STEEL,38.0,33.0,48.0,330.0,350.0,16.0,18.0,False,False,130.0,2.0,0.9,1.1,0.9,1.2,1.0,0.9,680.0,25.0,680.0,25.0,0,0,False,0,3.0,68.0,45.0,0.0,31.8,False,False,False,False,True,11,2,False,255.0,255.0,255,SPOKED,SPOKED,0,0.0,0.0,0.0,282.0,755.0,36.5,305,1.0
405.0,68.0,580.0,74.0,155.0,50.0,548.0,72.8,555.0,49.0,44.0,28.6,38.0,23.35,23.35,13.0,15.0,STEEL,35.0,34.0,45.0,330.0,350.0,16.0,18.0,False,False,130.0,2.0,0.9,1.1,0.9,1.2,1.0,0.9,680.0,25.0,680.0,25.0,0,1,False,0,1.0,68.0,45.0,0.0,31.8,False,False,False,False,True,11,2,False,255.0,255.0,255,SPOKED,SPOKED,0,0.0,0.0,0.0,276.0,740.0,38.0,315,1.0
420.0,69.0,605.0,72.0,160.0,48.0,552.0,73.2,568.0,51.0,45.0,28.6,36.5,23.35,23.35,13.0,15.0,STEEL,37.0,34.0,47.0,330.0,350.0,16.0,18.0,False,False,130.0,2.0,0.9,1.1,0.9,1.2,1.0,0.9,680.0,25.0,680.0,25.0,0,1,False,0,1.0,68.0,45.0,0.0,31.8,False,False,False,False,True,11,2,False,255.0,255.0,255,SPOKED,SPOKED,0,0.0,0.0,0.0,279.0,765.0,36.5,320,1.0
407.0,71.0,592.0,73.5,170.0,51.0,558.0,73.0,564.0,50.0,43.0,28.6,36.5,23.35,23.35,13.0,15.0,STEEL,36.0,35.0,45.0,330.0,350.0,16.0,18.0,False,False,130.0,2.0,0.9,1.1,0.9,1.2,1.0,0.9,680.0,25.0,680.0,25.0,0,2,False,0,1.0,68.0,45.0,0.0,31.8,False,False,False,False,True,11,2,False,255.0,255.0,255,SPOKED,SPOKED,0,0.0,0.0,0.0,281.0,748.0,36.5,315,1.0
409.0,70.0,588.0,72.8,168.0,49.0,553.0,72.7,557.0,50.0,44.0,28.6,36.5,23.35,23.35,13.0,15.0,STEEL,35.0,36.0,46.0,330.0,350.0,16.0,18.0,False,False,130.0,2.0,0.9,1.1,0.9,1.2,1.0,0.9,680.0,25.0,680.0,25.0,0,2,False,0,1.0,68.0,45.0,0.0,31.8,False,False,False,False,True,11,2,False,255.0,255.0,255,SPOKED,SPOKED,0,0.0,0.0,0.0,277.0,752.0,36.5,305,1.0
413.0,69.0,597.0,73.2,172.0,50.0,556.0,72.9,561.0,49.0,42.0,28.6,36.5,23.35,23.35,13.0,15.0,STEEL,36.0,35.0,45.0,330.0,350.0,16.0,18.0,False,False,130.0,2.0,0.9,1.1,0.9,1.2,1.0,0.9,680.0,25.0,680.0,25.0,0,0,False,0,1.0,68.0,45.0,0.0,31.8,False,False,False,False,True,11,2,False,255.0,255.0,255,SPOKED,SPOKED,0,0.0,0.0,0.0,280.0,758.0,36.5,310,1.0
411.0,70.0,593.0,73.0,169.0,50.0,552.0,73.0,559.0,50.0,45.0,28.6,36.5,23.35,23.35,13.0,15.0,STEEL,35.0,35.0,47.0,330.0,350.0,16.0,18.0,False,False,130.0,2.0,0.9,1.1,0.9,1.2,1.0,0.9,680.0,25.0,680.0,25.0,0,1,False,0,1.0,68.0,45.0,0.0,31.8,False,False,False,False,True,11,2,False,255.0,255.0,255,SPOKED,SPOKED,0,0.0,0.0,0.0,279.0,751.0,36.5,295,1.0
450.0,70.0,600.0,73.0,160.0,40.0,580.0,74.0,660.0,50.0,45.0,28.6,36.5,25.0,15.0,14.0,17.0,STEEL,30.0,40.0,45.0,330.0,350.0,16.0,18.0,False,False,130.0,2.0,0.9,1.1,0.9,1.2,1.0,0.9,680.0,60.0,680.0,60.0,0,2,False,0,1.0,68.0,45.0,28.0,34.9,False,False,False,False,True,11,2,False,255.0,255.0,255,SPOKED,SPOKED,0,0.0,0.0,0.0,280.0,750.0,36.5,350.0,1.0
460.0,75.0,610.0,72.5,170.0,35.0,590.0,73.5,665.0,52.0,50.0,30.0,36.5,26.0,14.0,14.5,18.0,STEEL,32.0,42.0,46.0,330.0,350.0,16.0,18.0,False,False,130.0,2.0,0.9,1.1,0.9,1.2,1.0,0.9,690.0,55.0,690.0,55.0,0,2,False,0,1.0,68.0,47.0,29.0,35.0,False,False,False,False,True,10,2,False,255.0,255.0,255,SPOKED,SPOKED,0,0.0,0.0,0.0,290.0,760.0,35.5,360.0,1.0
440.0,65.0,595.0,73.5,155.0,45.0,570.0,74.5,655.0,48.0,48.0,25.4,36.5,24.0,16.0,13.5,16.0,STEEL,29.0,38.0,44.0,330.0,350.0,16.0,18.0,False,False,130.0,2.0,0.9,1.1,0.9,1.2,1.0,0.9,675.0,65.0,675.0,65.0,0,1,False,0,1.0,70.0,46.0,30.0,33.0,False,False,False,False,True,11,2,False,255.0,255.0,255,SPOKED,SPOKED,0,0.0,0.0,0.0,270.0,740.0,36.0,340.0,1.0
480.0,80.0,605.0,72.0,180.0,30.0,600.0,73.0,670.0,54.0,52.0,28.6,36.5,27.0,15.0,14.0,17.0,STEEL,33.0,45.0,49.0,330.0,350.0,16.0,18.0,False,False,130.0,2.0,0.9,1.1,0.9,1.2,1.0,0.9,692.0,60.0,692.0,60.0,0,2,False,0,1.0,68.0,48.0,31.0,36.0,False,False,False,False,True,11,2,False,255.0,255.0,255,SPOKED,SPOKED,0,0.0,0.0,0.0,260.0,770.0,36.5,370.0,1.0
430.0,68.0,588.0,74.0,150.0,50.0,560.0,74.0,650.0,49.0,46.0,26.0,36.5,23.5,17.0,14.0,15.0,STEEL,28.0,35.0,42.0,330.0,350.0,16.0,18.0,False,False,130.0,2.0,0.9,1.1,0.9,1.2,1.0,0.9,680.0,58.0,680.0,58.0,0,0,False,0,1.0,68.0,46.0,30.0,32.5,False,False,False,False,True,10,2,False,255.0,255.0,255,SPOKED,SPOKED,0,0.0,0.0,0.0,280.0,740.0,36.5,300.0,1.0
455.0,72.0,602.0,73.2,165.0,38.0,585.0,73.8,662.0,53.0,47.0,27.5,36.5,25.5,16.5,14.2,17.5,STEEL,31.5,41.0,47.0,330.0,350.0,16.0,18.0,False,False,130.0,2.0,0.9,1.1,0.9,1.2,1.0,0.9,688.0,62.0,688.0,62.0,0,2,False,0,1.0,68.0,47.0,30.0,35.5,False,False,False,False,True,11,2,False,255.0,255.0,255,SPOKED,SPOKED,0,0.0,0.0,0.0,275.0,760.0,36.5,360.0,1.0
465.0,74.0,608.0,72.8,175.0,33.0,595.0,73.3,667.0,55.0,50.0,29.0,36.5,26.5,15.5,14.8,18.0,STEEL,32.0,44.0,48.0,330.0,350.0,16.0,18.0,False,False,130.0,2.0,0.9,1.1,0.9,1.2,1.0,0.9,690.0,59.0,690.0,59.0,0,1,False,0,1.0,68.0,48.0,31.0,35.0,False,False,False,False,True,10,2,False,255.0,255.0,255,SPOKED,SPOKED,0,0.0,0.0,0.0,265.0,755.0,36.0,345.0,1.0
420.0,67.0,590.0,74.3,155.0,47.0,565.0,74.3,652.0,47.0,46.0,25.0,36.5,24.8,16.8,13.8,16.8,STEEL,29.8,39.0,43.0,330.0,350.0,16.0,18.0,False,False,130.0,2.0,0.9,1.1,0.9,1.2,1.0,0.9,678.0,61.0,678.0,61.0,0,1,False,0,1.0,68.0,46.0,29.0,33.8,False,False,False,False,True,10,2,False,255.0,255.0,255,SPOKED,SPOKED,0,0.0,0.0,0.0,268.0,745.0,36.5,330.0,1.0
475.0,78.0,615.0,72.6,185.0,32.0,605.0,73.1,672.0,56.0,52.0,30.5,36.5,27.2,14.2,14.0,17.2,STEEL,33.5,46.0,49.5,330.0,350.0,16.0,18.0,False,False,130.0,2.0,0.9,1.1,0.9,1.2,1.0,0.9,694.0,63.0,694.0,63.0,0,2,False,0,1.0,68.0,49.0,32.0,36.5,False,False,False,False,True,11,2,False,255.0,255.0,255,SPOKED,SPOKED,0,0.0,0.0,0.0,285.0,780.0,36.5,380.0,1.0
440.0,69.0,592.0,73.7,162.0,42.0,575.0,74.2,658.0,51.0,47.0,27.0,36.5,24.0,16.0,14.1,16.6,STEEL,30.0,38.5,45.0,330.0,350.0,16.0,18.0,False,False,130.0,2.0,0.9,1.1,0.9,1.2,1.0,0.9,682.0,60.5,682.0,60.5,0,0,False,0,1.0,68.0,47.0,28.0,34.0,False,False,False,False,True,10,2,False,255.0,255.0,255,SPOKED,SPOKED,0,0.0,0.0,0.0,275.0,750.0,36.5,345.0,1.0
