CS textfield,BB textfield,Stack,Head angle,Head tube length textfield,Seat stay junction0,Seat tube length,Seat angle,DT Length,FORK0R,BB diameter,ttd,dtd,csd,ssd,Chain stay position on BB,SSTopZOFFSET,MATERIAL,Head tube upper extension2,Seat tube extension2,Head tube lower extension2,SEATSTAYbrdgshift,CHAINSTAYbrdgshift,SEATSTAYbrdgdia1,CHAINSTAYbrdgdia1,SEATSTAYbrdgCheck,CHAINSTAYbrdgCheck,Dropout spacing,Wall thickness Bottom Bracket,Wall thickness Top tube,Wall thickness Head tube,Wall thickness Down tube,Wall thickness Chain stay,Wall thickness Seat stay,Wall thickness Seat tube,Wheel diameter front,RDBSD,Wheel diameter rear,FDBSD,Fork type,Stem kind,Display AEROBARS,Handlebar style,Head tube type,BB length,Head tube diameter,Wheel cut,Seat tube diameter,bottle SEATTUBE0 show,bottle DOWNTUBE0 show,Front Fender include,Rear Fender include,BELTorCHAIN,Number of cogs,Number of chainrings,Display RACK,FIRST color R_RGB,FIRST color G_RGB,FIRST color B_RGB,RIM_STYLE front,RIM_STYLE rear,SPOKES composite front,SPOKES composite rear,SBLADEW front,SBLADEW rear,Saddle length,Saddle height,Down tube diameter,Seatpost LENGTH,Seat tube type
405.0,75.0,610.0,73.5,140.0,50.0,545.0,73.0,540.0,43.0,68.0,28.6,34.9,36.5,23.35,13.0,15.0,ALUMINIUM,34.0,40.0,50.0,330.0,350.0,16.0,18.0,False,False,130.0,2.0,1.0,1.1,1.0,1.2,1.0,1.0,680.0,23.0,680.0,23.0,0,0,False,0,3.0,73.0,45.0,0.0,31.8,True,True,False,False,True,11,2,False,0.0,102.0,204.0,SPOKED,SPOKED,0,0.0,0.0,0.0,278.0,740.0,34.9,300.0,1.0
410.0,70.0,605.0,72.5,135.0,55.0,550.0,72.5,545.0,42.0,68.0,28.6,35.5,37.0,23.5,13.5,15.5,ALUMINIUM,33.0,42.0,48.0,330.0,350.0,16.0,18.0,False,False,130.0,2.0,1.0,1.1,1.0,1.2,1.0,1.0,680.0,23.5,680.0,23.5,0,2,False,0,3.0,75.0,44.0,0.0,31.8,True,True,False,False,True,12,2,False,204.0,0.0,0.0,SPOKED,SPOKED,0,0.0,0.0,0.0,280.0,745.0,35.5,310.0,1.0
405.0,72.0,615.0,73.0,150.0,52.0,545.0,73.0,550.0,44.0,68.0,28.6,35.0,36.5,23.4,13.0,15.0,ALUMINIUM,36.0,40.0,52.0,330.0,350.0,16.0,18.0,False,False,130.0,2.0,1.0,1.1,1.0,1.2,1.0,1.0,680.0,23.0,680.0,23.0,0,1,False,0,3.0,73.5,46.0,0.0,31.8,False,True,False,False,True,11,2,False,255.0,165.0,0.0,SPOKED,SPOKED,0,0.0,0.0,0.0,275.0,750.0,35.0,290.0,1.0
415.0,68.0,600.0,73.5,145.0,48.0,540.0,73.0,538.0,42.0,68.0,30.0,34.9,36.5,23.35,13.0,15.0,ALUMINIUM,35.0,38.0,50.0,330.0,350.0,16.0,18.0,False,False,130.0,2.0,1.0,1.1,1.0,1.2,1.0,1.0,680.0,23.0,680.0,23.0,0,0,False,0,3.0,70.0,45.0,0.0,31.8,True,True,False,False,True,10,2,False,0.0,51.0,102.0,SPOKED,SPOKED,0,0.0,0.0,0.0,280.0,735.0,34.9,305.0,1.0
420.0,70.0,605.0,73.0,138.0,50.0,545.0,72.5,540.0,43.0,68.0,28.6,35.0,37.0,23.5,13.5,15.5,ALUMINIUM,34.0,40.0,50.0,330.0,350.0,16.0,18.0,False,False,130.0,2.0,1.0,1.1,1.0,1.2,1.0,1.0,680.0,23.5,680.0,23.5,0,2,False,0,3.0,73.0,45.0,0.0,31.8,True,True,False,False,True,11,2,False,128.0,128.0,128.0,SPOKED,SPOKED,0,0.0,0.0,0.0,278.0,740.0,35.0,300.0,1.0
405.0,72.0,610.0,72.5,142.0,51.0,550.0,73.5,545.0,44.0,68.0,28.6,34.9,36.5,23.35,13.0,15.0,ALUMINIUM,36.0,40.0,52.0,330.0,350.0,16.0,18.0,False,False,130.0,2.0,1.0,1.1,1.0,1.2,1.0,1.0,680.0,23.0,680.0,23.0,0,1,False,0,3.0,74.0,45.0,0.0,31.8,True,True,False,False,True,11,2,False,255.0,255.0,0.0,SPOKED,SPOKED,0,0.0,0.0,0.0,280.0,745.0,34.9,310.0,1.0
410.0,70.0,608.0,74.0,145.0,49.0,548.0,73.0,542.0,43.0,68.0,28.6,34.9,36.5,23.35,13.0,15.0,ALUMINIUM,35.0,41.0,50.0,330.0,350.0,16.0,18.0,False,False,130.0,2.0,1.0,1.1,1.0,1.2,1.0,1.0,680.0,23.0,680.0,23.0,0,0,False,0,3.0,73.0,45.0,0.0,31.8,True,True,False,False,True,12,2,False,0.0,0.0,255.0,SPOKED,SPOKED,0,0.0,0.0,0.0,278.0,748.0,34.9,298.0,1.0
405.0,69.0,602.0,73.0,137.0,50.0,544.0,72.8,539.0,42.0,68.0,28.6,35.2,36.7,23.5,13.0,15.0,ALUMINIUM,33.0,39.0,49.0,330.0,350.0,16.0,18.0,False,False,130.0,2.0,1.0,1.1,1.0,1.2,1.0,1.0,680.0,23.2,680.0,23.2,0,2,False,0,3.0,72.0,45.0,0.0,31.8,True,True,False,False,True,10,2,False,255.0,20.0,147.0,SPOKED,SPOKED,0,0.0,0.0,0.0,279.0,738.0,35.2,305.0,1.0
415.0,74.0,612.0,72.0,130.0,52.0,550.0,73.2,547.0,45.0,68.0,28.6,35.0,36.5,23.35,13.0,15.0,ALUMINIUM,32.0,40.0,50.0,330.0,350.0,16.0,18.0,False,False,130.0,2.0,1.0,1.1,1.0,1.2,1.0,1.0,680.0,23.0,680.0,23.0,0,1,False,0,3.0,75.0,45.0,0.0,31.8,True,True,False,False,True,11,2,False,128.0,0.0,128.0,SPOKED,SPOKED,0,0.0,0.0,0.0,278.0,750.0,35.0,315.0,1.0
400.0,71.0,605.0,73.5,143.0,50.0,548.0,73.0,543.0,43.0,68.0,28.6,35.0,36.5,23.35,13.0,15.0,ALUMINIUM,34.0,40.0,50.0,330.0,350.0,16.0,18.0,False,False,130.0,2.0,1.0,1.1,1.0,1.2,1.0,1.0,680.0,23.0,680.0,23.0,0,2,False,0,3.0,74.0,45.0,0.0,31.8,False,True,False,False,True,12,1,False,0.0,204.0,102.0,SPOKED,SPOKED,0,0.0,0.0,0.0,280.0,742.0,35.0,305.0,1.0
395.0,70.0,620.0,73.0,150.0,45.0,550.0,73.0,570.0,45.0,40.0,33.6,36.5,36.5,23.35,13.0,15.0,ALUMINIUM,30.0,40.0,120.0,330.0,350.0,16.0,18.0,False,False,130.0,2.0,0.9,1.1,0.9,1.2,1.0,0.9,674.0,52.0,674.0,52.0,0,0,False,0,3.0,68.0,42.0,0.0,31.8,False,True,False,False,False,10,2,False,50.0,50.0,50.0,DISC,SPOKED,0,0.0,0.0,0.0,275.0,730.0,34.9,350.0,0.0
400.0,72.0,630.0,72.5,160.0,50.0,560.0,74.0,580.0,50.0,40.0,33.6,36.5,36.5,23.35,13.0,15.0,ALUMINIUM,32.0,42.0,128.0,330.0,350.0,16.0,18.0,False,False,130.0,2.0,0.9,1.1,0.9,1.2,1.0,0.9,674.0,52.0,674.0,52.0,0,1,False,0,0.0,68.0,44.0,28.6,31.8,False,True,False,False,False,10,2,False,50.0,50.0,50.0,DISC,SPOKED,0,0.0,0.0,0.0,280.0,740.0,34.9,350.0,1.0
405.0,68.0,610.0,73.5,170.0,55.0,570.0,72.0,560.0,40.0,40.0,33.6,36.5,36.5,23.35,13.0,15.0,ALUMINIUM,34.0,44.0,136.0,330.0,350.0,16.0,18.0,False,False,130.0,2.0,0.9,1.1,0.9,1.2,1.0,0.9,674.0,52.0,674.0,52.0,0,2,False,0,1.0,68.0,46.0,0.0,31.8,False,True,False,False,False,10,2,False,50.0,50.0,50.0,DISC,SPOKED,0,0.0,0.0,0.0,285.0,750.0,34.9,350.0,2.0
410.0,75.0,640.0,74.0,180.0,60.0,580.0,75.0,590.0,55.0,40.0,33.6,36.5,36.5,23.35,13.0,15.0,ALUMINIUM,36.0,46.0,144.0,330.0,350.0,16.0,18.0,False,False,130.0,2.0,0.9,1.1,0.9,1.2,1.0,0.9,674.0,52.0,674.0,52.0,0,0,False,0,2.0,68.0,48.0,0.0,31.8,False,True,False,False,False,10,2,False,50.0,50.0,50.0,DISC,SPOKED,0,0.0,0.0,0.0,290.0,760.0,34.9,350.0,0.0
415.0,65.0,600.0,72.0,140.0,45.0,590.0,73.0,550.0,60.0,40.0,33.6,36.5,36.5,23.35,13.0,15.0,ALUMINIUM,28.0,38.0,112.0,330.0,350.0,16.0,18.0,False,False,130.0,2.0,0.9,1.1,0.9,1.2,1.0,0.9,674.0,52.0,674.0,52.0,0,1,False,0,3.0,68.0,40.0,0.0,31.8,False,True,False,False,False,10,2,False,50.0,50.0,50.0,DISC,SPOKED,0,0.0,0.0,0.0,270.0,770.0,34.9,350.0,1.0
420.0,70.0,625.0,73.0,155.0,50.0,600.0,74.0,575.0,45.0,40.0,33.6,36.5,36.5,23.35,13.0,15.0,ALUMINIUM,31.0,41.0,124.0,330.0,350.0,16.0,18.0,False,False,130.0,2.0,0.9,1.1,0.9,1.2,1.0,0.9,674.0,52.0,674.0,52.0,0,2,False,0,0.0,68.0,43.0,28.6,31.8,False,True,False,False,False,10,2,False,50.0,50.0,50.0,DISC,SPOKED,0,0.0,0.0,0.0,278.0,780.0,34.9,350.0,2.0
425.0,74.0,635.0,73.5,165.0,55.0,610.0,72.0,585.0,50.0,40.0,33.6,36.5,36.5,23.35,13.0,15.0,ALUMINIUM,33.0,43.0,132.0,330.0,350.0,16.0,18.0,False,False,130.0,2.0,0.9,1.1,0.9,1.2,1.0,0.9,674.0,52.0,674.0,52.0,0,0,False,0,1.0,68.0,45.0,0.0,31.8,False,True,False,False,False,10,2,False,50.0,50.0,50.0,DISC,SPOKED,0,0.0,0.0,0.0,283.0,790.0,34.9,350.0,0.0
430.0,69.0,605.0,72.5,175.0,60.0,620.0,75.0,555.0,40.0,40.0,33.6,36.5,36.5,23.35,13.0,15.0,ALUMINIUM,35.0,45.0,140.0,330.0,350.0,16.0,18.0,False,False,130.0,2.0,0.9,1.1,0.9,1.2,1.0,0.9,674.0,52.0,674.0,52.0,0,1,False,0,2.0,68.0,47.0,0.0,31.8,False,True,False,False,False,10,2,False,50.0,50.0,50.0,DISC,SPOKED,0,0.0,0.0,0.0,288.0,800.0,34.9,350.0,1.0
435.0,73.0,645.0,74.0,145.0,45.0,630.0,73.0,595.0,55.0,40.0,33.6,36.5,36.5,23.35,13.0,15.0,ALUMINIUM,29.0,39.0,116.0,330.0,350.0,16.0,18.0,False,False,130.0,2.0,0.9,1.1,0.9,1.2,1.0,0.9,674.0,52.0,674.0,52.0,0,2,False,0,3.0,68.0,41.0,0.0,31.8,False,True,False,False,False,10,2,False,50.0,50.0,50.0,DISC,SPOKED,0,0.0,0.0,0.0,273.0,810.0,34.9,350.0,2.0
440.0,71.0,615.0,73.0,185.0,50.0,640.0,74.0,565.0,60.0,40.0,33.6,36.5,36.5,23.35,13.0,15.0,ALUMINIUM,37.0,47.0,148.0,330.0,350.0,16.0,18.0,False,False,130.0,2.0,0.9,1.1,0.9,1.2,1.0,0.9,674.0,52.0,674.0,52.0,0,0,False,0,0.0,68.0,49.0,28.6,31.8,False,True,False,False,False,10,2,False,50.0,50.0,50.0,DISC,SPOKED,0,0.0,0.0,0.0,293.0,820.0,34.9,350.0,0.0
410.0,75.0,600.0,73.0,170.0,45.0,540.0,73.0,660.0,50.0,40.0,30.0,36.5,23.35,23.35,15.0,9.0,ALUMINIUM,35.0,40.0,50.0,330.0,350.0,16.0,18.0,False,False,130.0,2.0,0.9,1.1,0.9,1.2,1.0,0.9,700.0,50.0,700.0,50.0,0,0,False,0,1.0,70.0,45.0,40.0,31.8,False,True,False,False,True,9,2,False,200.0,200.0,200.0,SPOKED,SPOKED,0,0.0,80.0,80.0,280.0,750.0,34.9,350.0,1.0
420.0,72.0,610.0,72.5,165.0,50.0,550.0,72.5,655.0,52.0,40.0,30.0,36.5,23.35,23.35,15.0,9.0,ALUMINIUM,38.0,42.0,48.0,330.0,350.0,16.0,18.0,False,False,130.0,2.0,0.9,1.1,0.9,1.2,1.0,0.9,700.0,50.0,700.0,50.0,0,0,False,0,1.0,70.0,45.0,40.0,31.8,False,True,False,False,True,9,2,False,200.0,200.0,200.0,SPOKED,SPOKED,0,0.0,80.0,80.0,280.0,745.0,34.9,350.0,1.0
405.0,78.0,595.0,73.5,175.0,48.0,545.0,73.0,662.0,48.0,40.0,30.0,36.5,23.35,23.35,15.0,9.0,ALUMINIUM,36.0,41.0,52.0,330.0,350.0,16.0,18.0,False,False,130.0,2.0,0.9,1.1,0.9,1.2,1.0,0.9,700.0,50.0,700.0,50.0,0,0,False,0,1.0,70.0,45.0,40.0,31.8,False,True,False,False,True,9,2,False,200.0,200.0,200.0,SPOKED,SPOKED,0,0.0,80.0,80.0,285.0,755.0,34.9,350.0,1.0
415.0,70.0,605.0,74.0,160.0,46.0,535.0,74.0,653.0,55.0,40.0,30.0,36.5,23.35,23.35,15.0,9.0,ALUMINIUM,34.0,39.0,54.0,330.0,350.0,16.0,18.0,False,False,130.0,2.0,0.9,1.1,0.9,1.2,1.0,0.9,700.0,50.0,700.0,50.0,0,0,False,0,1.0,70.0,45.0,40.0,31.8,False,True,False,False,True,9,2,False,200.0,200.0,200.0,SPOKED,SPOKED,0,0.0,80.0,80.0,275.0,740.0,34.9,350.0,1.0
408.0,68.0,585.0,72.0,180.0,44.0,525.0,72.0,650.0,60.0,40.0,30.0,36.5,23.35,23.35,15.0,9.0,ALUMINIUM,32.0,37.0,47.0,330.0,350.0,16.0,18.0,False,False,130.0,2.0,0.9,1.1,0.9,1.2,1.0,0.9,700.0,50.0,700.0,50.0,0,0,False,0,1.0,70.0,45.0,40.0,31.8,False,True,False,False,True,9,2,False,200.0,200.0,200.0,SPOKED,SPOKED,0,0.0,80.0,80.0,290.0,760.0,34.9,350.0,1.0
412.0,76.0,620.0,73.0,155.0,47.0,555.0,73.0,658.0,50.0,40.0,30.0,36.5,23.35,23.35,15.0,9.0,ALUMINIUM,33.0,43.0,49.0,330.0,350.0,16.0,18.0,False,False,130.0,2.0,0.9,1.1,0.9,1.2,1.0,0.9,700.0,50.0,700.0,50.0,0,0,False,0,1.0,70.0,45.0,40.0,31.8,False,True,False,False,True,9,2,False,200.0,200.0,200.0,SPOKED,SPOKED,0,0.0,80.0,80.0,282.0,765.0,34.9,350.0,1.0
418.0,74.0,598.0,73.2,168.0,49.0,548.0,73.2,661.0,53.0,40.0,30.0,36.5,23.35,23.35,15.0,9.0,ALUMINIUM,37.0,42.0,51.0,330.0,350.0,16.0,18.0,False,False,130.0,2.0,0.9,1.1,0.9,1.2,1.0,0.9,700.0,50.0,700.0,50.0,0,0,False,0,1.0,70.0,45.0,40.0,31.8,False,True,False,False,True,9,2,False,200.0,200.0,200.0,SPOKED,SPOKED,0,0.0,80.0,80.0,287.0,748.0,34.9,350.0,1.0
407.0,73.0,610.0,73.8,162.0,45.0,538.0,73.8,657.0,51.0,40.0,30.0,36.5,23.35,23.35,15.0,9.0,ALUMINIUM,35.0,40.0,53.0,330.0,350.0,16.0,18.0,False,False,130.0,2.0,0.9,1.1,0.9,1.2,1.0,0.9,700.0,50.0,700.0,50.0,0,0,False,0,1.0,70.0,45.0,40.0,31.8,False,True,False,False,True,9,2,False,200.0,200.0,200.0,SPOKED,SPOKED,0,0.0,80.0,80.0,283.0,752.0,34.9,350.0,1.0
422.0,71.0,590.0,72.8,172.0,46.5,545.0,72.8,659.0,56.0,40.0,30.0,36.5,23.35,23.35,15.0,9.0,ALUMINIUM,36.0,41.0,51.0,330.0,350.0,16.0,18.0,False,False,130.0,2.0,0.9,1.1,0.9,1.2,1.0,0.9,700.0,50.0,700.0,50.0,0,0,False,0,1.0,70.0,45.0,40.0,31.8,False,True,False,False,True,9,2,False,200.0,200.0,200.0,SPOKED,SPOKED,0,0.0,80.0,80.0,278.0,758.0,34.9,350.0,1.0
409.0,77.0,615.0,73.6,158.0,47.5,552.0,73.6,656.0,54.0,40.0,30.0,36.5,23.35,23.35,15.0,9.0,ALUMINIUM,34.0,43.0,48.0,330.0,350.0,16.0,18.0,False,False,130.0,2.0,0.9,1.1,0.9,1.2,1.0,0.9,700.0,50.0,700.0,50.0,0,0,False,0,1.0,70.0,45.0,40.0,31.8,False,True,False,False,True,9,2,False,200.0,200.0,200.0,SPOKED,SPOKED,0,0.0,80.0,80.0,285.0,760.0,34.9,350.0,1.0
405.0,72.0,620.0,73.0,175.0,50.0,570.0,72.0,660.0,50.0,45.0,28.6,36.5,23.35,23.35,14.0,15.0,ALUMINIUM,30.0,50.0,45.0,0.0,0.0,0.0,0.0,False,False,130.0,2.0,1.0,1.1,1.0,1.2,1.0,1.0,700.0,50.0,700.0,50.0,0,2,False,0,1.0,68.0,45.0,692.0,31.8,False,True,False,False,True,11,2,False,50.0,100.0,150.0,SPOKED,SPOKED,0,0.0,0.0,0.0,280.0,740.0,34.9,700.0,1.0
410.0,75.0,630.0,72.5,180.0,55.0,580.0,73.0,665.0,48.0,46.0,28.6,36.5,23.35,23.35,13.5,14.5,ALUMINIUM,32.0,52.0,47.0,0.0,0.0,0.0,0.0,False,False,130.0,2.0,1.0,1.1,1.0,1.2,1.0,1.0,700.0,50.0,700.0,50.0,0,2,False,0,1.0,68.0,45.0,692.0,31.8,False,True,False,False,True,11,2,False,200.0,20.0,50.0,SPOKED,SPOKED,0,0.0,0.0,0.0,280.0,750.0,34.9,710.0,1.0
420.0,70.0,640.0,74.0,170.0,52.0,575.0,72.5,670.0,52.0,44.0,28.6,36.5,23.35,23.35,14.2,14.8,ALUMINIUM,28.0,49.0,46.0,0.0,0.0,0.0,0.0,False,False,130.0,2.0,1.0,1.1,1.0,1.2,1.0,1.0,700.0,50.0,700.0,50.0,0,2,False,0,1.0,68.0,45.0,692.0,31.8,False,True,False,False,True,11,2,False,0.0,128.0,255.0,SPOKED,SPOKED,0,0.0,0.0,0.0,284.0,745.0,34.9,705.0,1.0
395.0,73.0,615.0,73.5,185.0,48.0,565.0,72.0,655.0,49.0,45.0,28.6,36.5,23.35,23.35,14.0,15.0,ALUMINIUM,31.0,51.0,44.0,0.0,0.0,0.0,0.0,False,False,130.0,2.0,1.0,1.1,1.0,1.2,1.0,1.0,700.0,50.0,700.0,50.0,0,2,False,0,1.0,68.0,45.0,692.0,31.8,False,True,False,False,True,11,2,False,255.0,100.0,0.0,SPOKED,SPOKED,0,0.0,0.0,0.0,280.0,730.0,34.9,690.0,1.0
400.0,74.0,625.0,73.0,178.0,53.0,578.0,73.0,662.0,47.0,47.0,28.6,36.5,23.35,23.35,13.8,15.0,ALUMINIUM,29.0,50.0,45.0,0.0,0.0,0.0,0.0,False,False,130.0,2.0,1.0,1.1,1.0,1.2,1.0,1.0,700.0,50.0,700.0,50.0,0,2,False,0,1.0,68.0,45.0,692.0,31.8,False,True,False,False,True,11,2,False,100.0,255.0,100.0,SPOKED,SPOKED,0,0.0,0.0,0.0,280.0,735.0,34.9,695.0,1.0
415.0,71.0,635.0,72.0,172.0,51.0,572.0,72.8,668.0,51.0,46.0,28.6,36.5,23.35,23.35,14.1,14.7,ALUMINIUM,30.0,50.0,46.0,0.0,0.0,0.0,0.0,False,False,130.0,2.0,1.0,1.1,1.0,1.2,1.0,1.0,700.0,50.0,700.0,50.0,0,2,False,0,1.0,68.0,45.0,692.0,31.8,False,True,False,False,True,11,2,False,10.0,10.0,10.0,SPOKED,SPOKED,0,0.0,0.0,0.0,275.0,748.0,34.9,715.0,1.0
430.0,69.0,650.0,74.5,165.0,54.0,590.0,73.2,675.0,53.0,45.0,28.6,36.5,23.35,23.35,14.5,15.0,ALUMINIUM,33.0,53.0,47.0,0.0,0.0,0.0,0.0,False,False,130.0,2.0,1.0,1.1,1.0,1.2,1.0,1.0,700.0,50.0,700.0,50.0,0,2,False,0,1.0,68.0,45.0,692.0,31.8,False,True,False,False,True,11,2,False,80.0,0.0,200.0,SPOKED,SPOKED,0,0.0,0.0,0.0,285.0,755.0,34.9,720.0,1.0
390.0,76.0,610.0,72.2,182.0,49.0,560.0,71.8,652.0,46.0,44.0,28.6,36.5,23.35,23.35,13.7,14.9,ALUMINIUM,32.0,54.0,45.0,0.0,0.0,0.0,0.0,False,False,130.0,2.0,1.0,1.1,1.0,1.2,1.0,1.0,700.0,50.0,700.0,50.0,0,2,False,0,1.0,68.0,45.0,692.0,31.8,False,True,False,False,True,11,2,False,255.0,255.0,100.0,SPOKED,SPOKED,0,0.0,0.0,0.0,278.0,728.0,34.9,685.0,1.0
425.0,72.0,638.0,73.8,168.0,52.0,580.0,73.0,672.0,50.0,45.0,28.6,36.5,23.35,23.35,14.3,15.0,ALUMINIUM,29.0,50.0,46.0,0.0,0.0,0.0,0.0,False,False,130.0,2.0,1.0,1.1,1.0,1.2,1.0,1.0,700.0,50.0,700.0,50.0,0,2,False,0,1.0,68.0,45.0,692.0,31.8,False,True,False,False,True,11,2,False,150.0,50.0,50.0,SPOKED,SPOKED,0,0.0,0.0,0.0,282.0,750.0,34.9,710.0,1.0
412.0,70.0,628.0,73.3,176.0,50.0,575.0,72.7,663.0,49.0,46.0,28.6,36.5,23.35,23.35,14.0,14.5,ALUMINIUM,30.0,51.0,45.0,0.0,0.0,0.0,0.0,False,False,130.0,2.0,1.0,1.1,1.0,1.2,1.0,1.0,700.0,50.0,700.0,50.0,0,2,False,0,1.0,68.0,45.0,692.0,31.8,False,True,False,False,True,11,2,False,0.0,200.0,200.0,SPOKED,SPOKED,0,0.0,0.0,0.0,280.0,740.0,34.9,700.0,1.0
395.0,68.0,600.0,73.0,150.0,50.0,550.0,73.0,650.0,45.0,45.0,40.0,28.6,36.5,23.35,13.0,15.0,ALUMINIUM,30.0,50.0,30.0,330.0,350.0,16.0,18.0,False,False,130.0,2.0,0.9,1.1,0.9,1.2,1.0,0.9,680.0,52.0,680.0,52.0,0,0,False,0,1.0,68.0,45.0,0.0,31.8,False,True,False,False,True,11,2,False,128.0,128.0,128.0,DISC,SPOKED,0,0.0,80.0,80.0,275.0,300.0,34.9,300.0,1.0
410.0,72.0,620.0,72.5,160.0,55.0,560.0,72.0,660.0,40.0,45.0,42.0,30.0,37.0,24.0,14.0,16.0,ALUMINIUM,32.0,52.0,28.0,332.0,348.0,16.0,18.0,False,False,130.0,2.0,0.9,1.1,0.9,1.2,1.0,0.9,680.0,50.0,680.0,50.0,0,0,False,0,1.0,68.0,45.0,0.0,31.8,False,True,False,False,True,12,2,False,255.0,0.0,0.0,DISC,SPOKED,0,0.0,80.0,80.0,275.0,300.0,34.9,300.0,1.0
405.0,70.0,610.0,73.5,155.0,48.0,555.0,73.5,655.0,48.0,45.0,38.0,29.0,35.0,22.0,13.0,14.0,ALUMINIUM,31.0,48.0,29.0,330.0,350.0,16.0,18.0,False,False,130.0,2.0,0.9,1.1,0.9,1.2,1.0,0.9,674.0,52.0,674.0,52.0,0,0,False,0,1.0,68.0,45.0,0.0,31.8,False,True,False,False,True,10,2,False,0.0,0.0,255.0,DISC,SPOKED,0,0.0,80.0,80.0,275.0,300.0,34.9,300.0,1.0
400.0,65.0,595.0,72.8,148.0,49.0,552.0,72.8,648.0,43.0,45.0,40.0,28.6,36.0,23.0,13.0,15.0,ALUMINIUM,29.0,50.0,30.0,333.0,347.0,16.0,18.0,False,False,130.0,2.0,0.9,1.1,0.9,1.2,1.0,0.9,680.0,52.0,680.0,52.0,0,0,False,0,1.0,68.0,45.0,0.0,31.8,False,True,False,False,True,11,2,False,0.0,255.0,0.0,DISC,SPOKED,0,0.0,80.0,80.0,275.0,300.0,34.9,300.0,1.0
415.0,75.0,630.0,73.2,170.0,52.0,565.0,73.2,668.0,42.0,45.0,42.0,30.0,37.0,24.0,14.0,17.0,ALUMINIUM,34.0,53.0,32.0,331.0,349.0,16.0,18.0,False,False,130.0,2.0,0.9,1.1,0.9,1.2,1.0,0.9,680.0,52.0,680.0,52.0,0,0,False,0,1.0,68.0,45.0,0.0,31.8,False,True,False,False,True,12,2,False,0.0,0.0,0.0,DISC,SPOKED,0,0.0,80.0,80.0,275.0,300.0,34.9,300.0,1.0
390.0,67.0,585.0,73.1,142.0,46.0,545.0,73.1,642.0,46.0,45.0,39.0,28.6,36.0,23.0,13.0,15.0,ALUMINIUM,30.0,49.0,31.0,332.0,348.0,16.0,18.0,False,False,130.0,2.0,0.9,1.1,0.9,1.2,1.0,0.9,680.0,52.0,680.0,52.0,0,0,False,0,1.0,68.0,45.0,0.0,31.8,False,True,False,False,True,11,2,False,255.0,255.0,255.0,DISC,SPOKED,0,0.0,80.0,80.0,275.0,300.0,34.9,300.0,1.0
420.0,69.0,625.0,74.0,165.0,57.0,570.0,74.0,670.0,44.0,45.0,41.0,29.0,36.0,23.0,14.0,16.0,ALUMINIUM,33.0,55.0,33.0,330.0,350.0,16.0,18.0,False,False,130.0,2.0,0.9,1.1,0.9,1.2,1.0,0.9,680.0,52.0,680.0,52.0,0,0,False,0,1.0,68.0,45.0,0.0,31.8,False,True,False,False,True,11,2,False,255.0,165.0,0.0,DISC,SPOKED,0,0.0,80.0,80.0,275.0,300.0,34.9,300.0,1.0
395.0,66.0,580.0,72.3,145.0,47.0,548.0,72.3,645.0,49.0,45.0,40.0,28.6,36.5,23.5,13.0,15.5,ALUMINIUM,28.0,50.0,29.0,333.0,347.0,16.0,18.0,False,False,130.0,2.0,0.9,1.1,0.9,1.2,1.0,0.9,680.0,52.0,680.0,52.0,0,0,False,0,1.0,68.0,45.0,0.0,31.8,False,True,False,False,True,10,2,False,255.0,255.0,0.0,DISC,SPOKED,0,0.0,80.0,80.0,275.0,300.0,34.9,300.0,1.0
405.0,70.0,605.0,73.3,158.0,54.0,558.0,73.3,658.0,41.0,45.0,40.0,28.6,36.5,23.5,14.0,16.0,ALUMINIUM,32.0,52.0,31.0,332.0,348.0,16.0,18.0,False,False,130.0,2.0,0.9,1.1,0.9,1.2,1.0,0.9,674.0,52.0,674.0,52.0,0,0,False,0,1.0,68.0,45.0,0.0,31.8,False,True,False,False,True,11,2,False,128.0,0.0,128.0,DISC,SPOKED,0,0.0,80.0,80.0,275.0,300.0,34.9,300.0,1.0
410.0,71.0,615.0,73.6,162.0,56.0,562.0,73.6,662.0,47.0,45.0,42.0,30.0,37.0,24.0,14.0,17.0,ALUMINIUM,35.0,54.0,34.0,331.0,349.0,16.0,18.0,False,False,130.0,2.0,0.9,1.1,0.9,1.2,1.0,0.9,680.0,52.0,680.0,52.0,0,0,False,0,1.0,68.0,45.0,0.0,31.8,False,True,False,False,True,12,2,False,0.0,128.0,128.0,DISC,SPOKED,0,0.0,80.0,80.0,275.0,300.0,34.9,300.0,1.0
420.0,72.0,610.0,73.0,180.0,50.0,550.0,73.0,620.0,50.0,40.0,28.0,32.0,25.0,25.0,13.0,15.0,ALUMINIUM,35.0,50.0,40.0,330.0,350.0,12.0,14.0,False,False,130.0,2.0,1.2,1.2,1.2,1.0,1.0,1.2,700.0,78.0,700.0,78.0,0,2,False,0,3.0,68.0,44.0,0.0,34.9,True,True,False,False,True,11,2,False,50.0,100.0,150.0,SPOKED,SPOKED,0,0.0,0.0,0.0,280.0,760.0,32.0,330.0,1.0
425.0,70.0,600.0,72.5,170.0,55.0,560.0,74.0,615.0,45.0,40.0,29.0,31.0,24.0,24.0,12.0,16.0,ALUMINIUM,32.0,48.0,38.0,330.0,350.0,11.0,15.0,True,False,130.0,2.0,1.1,1.3,1.2,1.0,1.0,1.3,695.0,75.0,695.0,75.0,0,0,False,0,3.0,70.0,45.0,0.0,35.0,True,False,False,False,True,12,2,False,80.0,20.0,20.0,SPOKED,SPOKED,0,0.0,0.0,0.0,298.0,750.0,31.0,300.0,1.0
415.0,68.0,620.0,74.0,190.0,45.0,540.0,72.0,630.0,52.0,40.0,30.0,33.0,25.0,26.0,14.0,14.0,ALUMINIUM,36.0,51.0,43.0,335.0,355.0,13.0,15.0,True,True,135.0,2.0,1.2,1.2,1.3,1.1,1.0,1.2,705.0,80.0,705.0,80.0,0,2,False,0,1.0,67.0,44.0,0.0,34.9,True,True,False,False,True,10,1,False,100.0,50.0,150.0,SPOKED,SPOKED,0,0.0,0.0,0.0,280.0,760.0,33.0,340.0,1.0
430.0,74.0,605.0,73.5,175.0,52.0,565.0,74.0,625.0,48.0,40.0,28.5,32.5,24.5,25.5,13.5,15.5,ALUMINIUM,34.0,49.0,39.0,328.0,348.0,12.5,14.5,False,False,132.0,1.8,1.2,1.1,1.2,1.0,1.1,1.2,700.0,78.0,700.0,78.0,0,1,False,0,3.0,68.0,42.0,0.0,34.0,True,True,False,False,True,11,2,False,170.0,170.0,170.0,SPOKED,SPOKED,0,0.0,0.0,0.0,280.0,760.0,33.0,350.0,1.0
418.0,70.0,595.0,72.5,165.0,48.0,545.0,73.5,618.0,50.0,40.0,30.0,31.0,24.0,24.0,13.0,15.0,ALUMINIUM,30.0,47.0,37.0,330.0,350.0,11.0,13.0,True,False,130.0,2.0,1.1,1.2,1.1,1.0,1.0,1.1,690.0,68.0,690.0,68.0,0,0,False,0,1.0,68.0,43.0,0.0,35.0,True,True,False,False,True,11,1,False,0.0,150.0,200.0,SPOKED,SPOKED,0,0.0,0.0,0.0,278.0,760.0,31.0,300.0,1.0
422.0,69.0,600.0,73.0,185.0,50.0,560.0,73.5,622.0,50.0,40.0,30.0,33.0,26.0,26.0,12.0,16.0,ALUMINIUM,33.0,52.0,42.0,332.0,352.0,12.0,14.0,True,True,130.0,1.9,1.2,1.1,1.2,1.0,1.0,1.2,700.0,78.0,700.0,78.0,0,2,False,0,3.0,70.0,45.0,0.0,34.9,True,True,False,False,True,12,2,False,200.0,100.0,50.0,SPOKED,SPOKED,0,0.0,0.0,0.0,280.0,760.0,33.0,330.0,1.0
415.0,71.0,615.0,74.0,178.0,51.0,555.0,74.0,628.0,49.0,40.0,29.0,32.0,25.0,25.0,13.0,15.0,ALUMINIUM,36.0,50.0,41.0,329.0,349.0,11.0,13.0,False,False,130.0,2.0,1.3,1.2,1.2,1.1,1.0,1.2,695.0,76.0,695.0,76.0,0,1,False,0,3.0,68.0,43.0,0.0,34.9,True,True,False,False,True,11,2,False,120.0,60.0,180.0,SPOKED,SPOKED,0,0.0,0.0,0.0,280.0,760.0,32.0,300.0,1.0
428.0,73.0,610.0,73.0,182.0,53.0,565.0,73.5,630.0,51.0,40.0,31.0,34.0,26.0,26.0,14.0,16.0,ALUMINIUM,35.0,53.0,40.0,333.0,353.0,13.0,15.0,True,True,135.0,2.1,1.2,1.2,1.3,1.1,1.0,1.2,702.0,80.0,702.0,80.0,0,2,False,0,3.0,68.0,46.0,0.0,35.5,True,True,False,False,True,12,2,False,254.0,200.0,100.0,SPOKED,SPOKED,0,0.0,0.0,0.0,280.0,760.0,34.0,320.0,1.0
435.0,75.0,620.0,72.0,188.0,54.0,580.0,74.0,635.0,48.0,40.0,32.0,33.0,25.0,25.0,13.5,15.0,ALUMINIUM,38.0,55.0,42.0,330.0,350.0,12.5,14.5,False,False,132.0,2.0,1.2,1.3,1.2,1.0,1.1,1.2,698.0,78.0,698.0,78.0,0,1,False,0,3.0,70.0,44.0,0.0,35.0,True,True,False,False,True,11,2,False,180.0,50.0,50.0,SPOKED,SPOKED,0,0.0,0.0,0.0,280.0,760.0,33.0,340.0,1.0
410.0,68.0,605.0,73.0,172.0,49.0,545.0,73.0,615.0,47.0,40.0,28.0,30.0,23.0,23.0,12.5,14.0,ALUMINIUM,34.0,47.0,38.0,334.0,354.0,11.0,13.0,True,False,130.0,1.8,1.1,1.2,1.1,1.0,1.0,1.1,690.0,75.0,690.0,75.0,0,0,False,0,1.0,68.0,41.0,0.0,34.0,True,False,False,False,True,10,2,False,100.0,100.0,100.0,SPOKED,SPOKED,0,0.0,0.0,0.0,280.0,760.0,30.0,300.0,1.0
410.0,70.0,600.0,73.0,160.0,45.0,540.0,74.0,630.0,50.0,40.0,28.6,36.5,23.35,23.35,15.0,9.0,ALUMINIUM,35.0,45.0,45.0,330.0,350.0,16.0,18.0,False,False,130.0,2.0,0.9,1.1,0.9,1.2,1.0,0.9,680.0,50.0,680.0,50.0,0,0,False,0,3.0,68.0,45.0,0.0,31.8,False,True,False,False,True,10,2,False,200.0,50.0,50.0,SPOKED,SPOKED,0,0.0,0.0,0.0,280.0,800.0,34.9,300.0,1.0
415.0,72.0,620.0,72.5,170.0,45.0,550.0,73.5,635.0,50.0,40.0,28.6,36.5,23.35,23.35,15.0,9.0,ALUMINIUM,36.0,46.0,46.0,330.0,350.0,16.0,18.0,False,False,135.0,2.0,0.9,1.2,0.9,1.2,1.0,0.9,680.0,50.0,680.0,50.0,0,0,False,0,1.0,68.0,45.0,0.0,31.8,True,True,False,False,True,10,2,False,50.0,100.0,200.0,SPOKED,SPOKED,0,0.0,0.0,0.0,280.0,810.0,34.9,300.0,1.0
405.0,68.0,580.0,73.5,150.0,45.0,530.0,75.0,625.0,50.0,40.0,28.6,36.5,23.35,23.35,15.0,9.0,ALUMINIUM,34.0,44.0,44.0,330.0,350.0,16.0,18.0,False,False,130.0,2.0,0.9,1.1,0.9,1.2,1.0,0.9,680.0,50.0,680.0,50.0,0,0,False,0,0.0,68.0,45.0,0.0,31.8,False,True,False,False,True,10,2,False,0.0,0.0,0.0,SPOKED,SPOKED,0,0.0,0.0,0.0,270.0,790.0,34.9,300.0,1.0
420.0,75.0,640.0,72.0,180.0,45.0,560.0,73.0,640.0,50.0,40.0,28.6,36.5,23.35,23.35,15.0,9.0,ALUMINIUM,38.0,48.0,48.0,330.0,350.0,16.0,18.0,False,False,140.0,2.0,1.0,1.2,0.9,1.2,1.0,0.9,680.0,50.0,680.0,50.0,0,0,False,0,3.0,68.0,45.0,0.0,31.8,False,True,False,False,True,10,2,False,100.0,200.0,50.0,SPOKED,SPOKED,0,0.0,0.0,0.0,285.0,820.0,34.9,300.0,1.0
415.0,70.0,610.0,73.0,165.0,45.0,550.0,74.5,632.0,50.0,40.0,28.6,36.5,23.35,23.35,15.0,9.0,ALUMINIUM,35.0,47.0,47.0,330.0,350.0,16.0,18.0,False,False,130.0,2.0,0.9,1.1,0.9,1.2,1.0,0.9,680.0,50.0,680.0,50.0,0,0,False,0,1.0,68.0,45.0,0.0,31.8,True,True,False,False,True,10,2,False,150.0,150.0,150.0,SPOKED,SPOKED,0,0.0,0.0,0.0,280.0,800.0,34.9,300.0,1.0
418.0,73.0,630.0,73.2,155.0,45.0,545.0,74.2,638.0,50.0,40.0,28.6,36.5,23.35,23.35,15.0,9.0,ALUMINIUM,36.5,46.5,46.5,330.0,350.0,16.0,18.0,False,False,135.0,2.0,0.9,1.1,0.9,1.2,1.0,0.9,680.0,50.0,680.0,50.0,0,0,False,0,3.0,68.0,45.0,0.0,31.8,False,True,False,False,True,10,2,False,0.0,0.0,0.0,SPOKED,SPOKED,0,0.0,0.0,0.0,275.0,795.0,34.9,300.0,1.0
412.0,69.0,590.0,74.0,145.0,45.0,540.0,75.0,620.0,50.0,40.0,28.6,36.5,23.35,23.35,15.0,9.0,ALUMINIUM,33.0,43.0,43.0,330.0,350.0,16.0,18.0,False,False,130.0,2.0,0.9,1.1,0.9,1.2,1.0,0.9,680.0,50.0,680.0,50.0,0,0,False,0,1.0,68.0,45.0,0.0,31.8,True,True,False,False,True,10,2,False,0.0,50.0,100.0,SPOKED,SPOKED,0,0.0,0.0,0.0,285.0,805.0,34.9,300.0,1.0
430.0,70.0,650.0,72.8,175.0,45.0,570.0,73.8,645.0,50.0,40.0,28.6,36.5,23.35,23.35,15.0,9.0,ALUMINIUM,39.0,49.0,49.0,330.0,350.0,16.0,18.0,False,False,140.0,2.0,1.0,1.2,0.9,1.2,1.0,0.9,680.0,50.0,680.0,50.0,0,0,False,0,3.0,68.0,45.0,0.0,31.8,False,True,False,True,True,10,2,True,255.0,200.0,0.0,SPOKED,SPOKED,0,0.0,0.0,0.0,290.0,825.0,34.9,300.0,1.0
408.0,71.0,595.0,74.2,155.0,45.0,545.0,74.7,630.0,50.0,40.0,28.6,36.5,23.35,23.35,15.0,9.0,ALUMINIUM,35.5,46.5,46.5,330.0,350.0,16.0,18.0,False,False,130.0,2.0,0.9,1.1,0.9,1.2,1.0,0.9,680.0,50.0,680.0,50.0,0,0,False,0,0.0,68.0,45.0,0.0,31.8,True,True,False,False,True,10,2,False,100.0,0.0,255.0,SPOKED,SPOKED,0,0.0,0.0,0.0,275.0,792.0,34.9,300.0,1.0
423.0,69.5,605.0,73.3,168.0,45.0,555.0,74.3,635.0,50.0,40.0,28.6,36.5,23.35,23.35,15.0,9.0,ALUMINIUM,37.0,47.0,47.0,330.0,350.0,16.0,18.0,False,False,135.0,2.0,0.9,1.1,0.9,1.2,1.0,0.9,680.0,50.0,680.0,50.0,0,0,False,0,1.0,68.0,45.0,0.0,31.8,False,True,False,False,True,10,2,False,50.0,255.0,50.0,SPOKED,SPOKED,0,0.0,0.0,0.0,282.0,802.0,34.9,300.0,1.0
420.0,65.0,600.0,73.0,150.0,50.0,550.0,73.0,650.0,50.0,40.0,28.6,36.5,23.35,13.0,15.0,9.0,ALUMINIUM,35.0,50.0,45.0,0.0,0.0,0.0,0.0,False,False,130.0,2.0,0.9,1.1,0.9,1.2,1.0,0.9,680.0,121.0,680.0,121.0,0,0,False,0,1.0,68.0,45.0,692.0,31.8,False,False,False,False,True,10,2,False,150.0,150.0,150.0,SPOKED,SPOKED,0,0.0,80.0,80.0,280.0,760.0,34.9,300.0,1.0
430.0,68.0,610.0,72.5,160.0,50.0,540.0,72.5,660.0,50.0,40.0,28.6,36.5,23.35,13.0,15.0,9.0,ALUMINIUM,36.0,50.0,46.0,0.0,0.0,0.0,0.0,False,False,130.0,2.0,0.9,1.1,0.9,1.2,1.0,0.9,680.0,121.0,680.0,121.0,0,0,False,0,1.0,68.0,45.0,692.0,31.8,False,False,False,False,True,10,2,False,150.0,150.0,150.0,SPOKED,SPOKED,0,0.0,80.0,80.0,280.0,760.0,34.9,300.0,1.0
440.0,60.0,590.0,74.0,140.0,50.0,560.0,74.0,640.0,50.0,40.0,28.6,36.5,23.35,13.0,15.0,9.0,ALUMINIUM,34.0,50.0,44.0,0.0,0.0,0.0,0.0,False,False,130.0,2.0,0.9,1.1,0.9,1.2,1.0,0.9,680.0,121.0,680.0,121.0,0,0,False,0,1.0,68.0,45.0,692.0,31.8,False,False,False,False,True,10,2,False,150.0,150.0,150.0,SPOKED,SPOKED,0,0.0,80.0,80.0,280.0,760.0,34.9,300.0,1.0
450.0,75.0,620.0,71.5,170.0,50.0,530.0,71.5,670.0,50.0,40.0,28.6,36.5,23.35,13.0,15.0,9.0,ALUMINIUM,37.0,50.0,47.0,0.0,0.0,0.0,0.0,False,False,130.0,2.0,0.9,1.1,0.9,1.2,1.0,0.9,680.0,121.0,680.0,121.0,0,0,False,0,1.0,68.0,45.0,692.0,31.8,False,False,False,False,True,10,2,False,150.0,150.0,150.0,SPOKED,SPOKED,0,0.0,80.0,80.0,280.0,760.0,34.9,300.0,1.0
460.0,68.0,605.0,73.5,155.0,50.0,555.0,73.5,655.0,50.0,40.0,28.6,36.5,23.35,13.0,15.0,9.0,ALUMINIUM,33.0,50.0,43.0,0.0,0.0,0.0,0.0,False,False,130.0,2.0,0.9,1.1,0.9,1.2,1.0,0.9,680.0,121.0,680.0,121.0,0,0,False,0,1.0,68.0,45.0,692.0,31.8,False,False,False,False,True,10,2,False,150.0,150.0,150.0,SPOKED,SPOKED,0,0.0,80.0,80.0,280.0,760.0,34.9,300.0,1.0
470.0,72.0,615.0,72.0,165.0,50.0,545.0,72.0,665.0,50.0,40.0,28.6,36.5,23.35,13.0,15.0,9.0,ALUMINIUM,38.0,50.0,48.0,0.0,0.0,0.0,0.0,False,False,130.0,2.0,0.9,1.1,0.9,1.2,1.0,0.9,680.0,121.0,680.0,121.0,0,0,False,0,1.0,68.0,45.0,692.0,31.8,False,False,False,False,True,10,2,False,150.0,150.0,150.0,SPOKED,SPOKED,0,0.0,80.0,80.0,280.0,760.0,34.9,300.0,1.0
480.0,66.0,595.0,74.5,145.0,50.0,565.0,74.5,645.0,50.0,40.0,28.6,36.5,23.35,13.0,15.0,9.0,ALUMINIUM,32.0,50.0,42.0,0.0,0.0,0.0,0.0,False,False,130.0,2.0,0.9,1.1,0.9,1.2,1.0,0.9,680.0,121.0,680.0,121.0,0,0,False,0,1.0,68.0,45.0,692.0,31.8,False,False,False,False,True,10,2,False,150.0,150.0,150.0,SPOKED,SPOKED,0,0.0,80.0,80.0,280.0,760.0,34.9,300.0,1.0
410.0,69.0,625.0,73.0,175.0,50.0,535.0,73.0,675.0,50.0,40.0,28.6,36.5,23.35,13.0,15.0,9.0,ALUMINIUM,39.0,50.0,49.0,0.0,0.0,0.0,0.0,False,False,130.0,2.0,0.9,1.1,0.9,1.2,1.0,0.9,680.0,121.0,680.0,121.0,0,0,False,0,1.0,68.0,45.0,692.0,31.8,False,False,False,False,True,10,2,False,150.0,150.0,150.0,SPOKED,SPOKED,0,0.0,80.0,80.0,280.0,760.0,34.9,300.0,1.0
400.0,73.0,605.0,72.5,150.0,50.0,550.0,72.5,655.0,50.0,40.0,28.6,36.5,23.35,13.0,15.0,9.0,ALUMINIUM,35.0,50.0,45.0,0.0,0.0,0.0,0.0,False,False,130.0,2.0,0.9,1.1,0.9,1.2,1.0,0.9,680.0,121.0,680.0,121.0,0,0,False,0,1.0,68.0,45.0,692.0,31.8,False,False,False,False,True,10,2,False,150.0,150.0,150.0,SPOKED,SPOKED,0,0.0,80.0,80.0,280.0,760.0,34.9,300.0,1.0
440.0,64.0,620.0,74.0,160.0,50.0,540.0,74.0,660.0,50.0,40.0,28.6,36.5,23.35,13.0,15.0,9.0,ALUMINIUM,36.0,50.0,46.0,0.0,0.0,0.0,0.0,False,False,130.0,2.0,0.9,1.1,0.9,1.2,1.0,0.9,680.0,121.0,680.0,121.0,0,0,False,0,1.0,68.0,45.0,692.0,31.8,False,False,False,False,True,10,2,False,150.0,150.0,150.0,SPOKED,SPOKED,0,0.0,80.0,80.0,280.0,760.0,34.9,300.0,1.0
380.0,70.0,600.0,73.0,160.0,50.0,580.0,73.0,660.0,50.0,45.0,31.8,34.9,36.5,24.0,13.0,15.0,ALUMINIUM,32.0,40.0,45.0,330.0,350.0,16.0,18.0,False,False,130.0,2.0,1.0,1.1,1.0,1.1,1.0,1.0,700.0,55.0,700.0,55.0,0,0,False,0,1.0,68.0,45.0,692.0,31.8,True,True,False,False,True,9,2,False,100.0,150.0,200.0,SPOKED,SPOKED,1,1.0,80.0,80.0,280.0,720.0,34.9,300.0,1.0
420.0,68.0,620.0,72.0,170.0,48.0,600.0,73.5,650.0,52.0,50.0,30.0,36.5,36.5,25.0,13.0,15.0,ALUMINIUM,30.0,45.0,48.0,330.0,350.0,16.0,18.0,False,False,130.0,2.0,1.1,1.2,1.0,1.2,1.0,1.0,700.0,52.0,700.0,52.0,0,1,False,0,1.0,68.0,50.0,692.0,31.8,False,True,False,False,True,10,2,False,255.0,100.0,50.0,SPOKED,SPOKED,1,1.0,80.0,80.0,290.0,730.0,34.9,310.0,1.0
405.0,66.0,610.0,74.0,155.0,55.0,570.0,72.5,655.0,48.0,40.0,29.0,33.0,35.0,26.0,13.0,15.0,ALUMINIUM,34.0,42.0,47.0,330.0,350.0,16.0,18.0,False,False,130.0,2.0,1.0,0.9,0.8,1.2,0.9,1.0,700.0,58.0,700.0,58.0,0,0,False,0,1.0,68.0,48.0,692.0,31.8,True,True,False,False,True,8,1,False,200.0,50.0,0.0,SPOKED,SPOKED,1,1.0,80.0,80.0,278.0,710.0,34.9,290.0,1.0
450.0,72.0,630.0,71.5,180.0,52.0,610.0,73.0,660.0,50.0,42.0,30.0,34.9,36.5,28.0,13.0,15.0,ALUMINIUM,33.0,40.0,46.0,330.0,350.0,16.0,18.0,False,False,130.0,2.0,1.2,1.1,1.0,1.3,1.0,1.1,700.0,54.0,700.0,54.0,0,1,False,0,1.0,68.0,45.0,692.0,31.8,False,True,False,False,True,9,2,False,150.0,204.0,51.0,SPOKED,SPOKED,1,1.0,80.0,80.0,300.0,740.0,34.9,280.0,1.0
390.0,65.0,590.0,73.0,150.0,47.0,550.0,72.0,640.0,47.0,43.0,31.8,34.9,36.5,24.0,13.0,14.0,ALUMINIUM,29.0,43.0,45.0,330.0,350.0,16.0,18.0,False,False,130.0,2.0,0.9,1.0,0.9,1.0,1.0,0.9,700.0,50.0,700.0,50.0,0,0,False,0,1.0,68.0,42.0,692.0,31.8,True,False,False,False,True,8,2,False,255.0,0.0,0.0,SPOKED,SPOKED,1,1.0,80.0,80.0,280.0,705.0,34.9,310.0,1.0
415.0,69.0,605.0,72.5,165.0,53.0,600.0,73.0,655.0,49.0,44.0,32.0,34.0,36.0,27.0,13.0,15.0,ALUMINIUM,31.0,44.0,49.0,330.0,350.0,16.0,18.0,False,False,130.0,2.0,1.0,1.1,1.0,1.1,1.0,1.0,700.0,55.0,700.0,55.0,0,0,False,0,1.0,68.0,46.0,692.0,31.8,False,True,False,False,True,10,2,False,0.0,255.0,0.0,SPOKED,SPOKED,1,1.0,80.0,80.0,295.0,750.0,34.9,290.0,1.0
425.0,67.0,615.0,73.0,175.0,50.0,580.0,73.5,658.0,50.0,46.0,31.8,34.9,36.5,29.0,13.0,15.0,ALUMINIUM,32.0,46.0,48.0,330.0,350.0,16.0,18.0,False,False,130.0,2.0,1.1,1.1,1.0,1.2,1.0,1.1,700.0,53.0,700.0,53.0,0,0,False,0,1.0,68.0,47.0,692.0,31.8,True,True,False,False,True,9,2,False,128.0,0.0,128.0,SPOKED,SPOKED,1,1.0,80.0,80.0,290.0,725.0,34.9,305.0,1.0
395.0,64.0,600.0,74.0,140.0,45.0,560.0,73.0,645.0,46.0,45.0,30.0,35.0,36.0,24.0,13.0,15.0,ALUMINIUM,28.0,40.0,45.0,330.0,350.0,16.0,18.0,False,False,130.0,2.0,0.9,1.0,0.9,1.1,0.9,1.0,700.0,55.0,700.0,55.0,0,0,False,0,1.0,68.0,44.0,692.0,31.8,False,True,False,False,True,8,1,False,0.0,0.0,255.0,SPOKED,SPOKED,1,1.0,80.0,80.0,275.0,715.0,34.9,300.0,1.0
435.0,73.0,635.0,72.0,185.0,55.0,600.0,72.5,670.0,52.0,44.0,32.0,34.0,36.0,30.0,13.0,15.0,ALUMINIUM,35.0,48.0,50.0,330.0,350.0,16.0,18.0,False,False,130.0,2.0,1.2,1.2,1.1,1.3,1.1,1.1,700.0,50.0,700.0,50.0,0,1,False,0,1.0,68.0,48.0,692.0,31.8,True,False,False,False,True,11,2,False,255.0,255.0,0.0,SPOKED,SPOKED,1,1.0,80.0,80.0,305.0,760.0,34.9,320.0,1.0
400.0,66.0,605.0,73.0,160.0,48.0,570.0,73.0,650.0,49.0,43.0,31.8,34.5,36.5,27.0,13.0,15.0,ALUMINIUM,31.0,44.0,47.0,330.0,350.0,16.0,18.0,False,False,130.0,2.0,1.0,1.0,1.0,1.1,1.0,1.0,700.0,54.0,700.0,54.0,0,0,False,0,1.0,68.0,45.0,692.0,31.8,False,True,False,False,True,9,2,False,64.0,64.0,64.0,SPOKED,SPOKED,1,1.0,80.0,80.0,285.0,735.0,34.9,295.0,1.0
405.0,70.0,580.0,73.5,160.0,50.0,530.0,73.0,580.0,50.0,40.0,30.0,40.0,36.0,25.0,12.0,15.0,ALUMINIUM,30.0,50.0,50.0,0.0,0.0,0.0,0.0,False,False,130.0,2.5,1.5,1.5,1.2,1.2,1.2,1.5,672.0,25.0,672.0,25.0,0,0,False,0,1.0,68.0,45.0,0.0,31.6,False,True,False,False,True,11,2,False,200.0,50.0,100.0,DISC,SPOKED,0,0.0,0.0,0.0,280.0,480.0,35.0,300.0,1.0
410.0,72.0,590.0,73.0,165.0,52.0,535.0,73.5,585.0,48.0,40.0,30.0,40.0,37.0,26.0,12.5,15.0,ALUMINIUM,32.0,52.0,52.0,0.0,0.0,0.0,0.0,False,False,135.0,2.0,1.0,1.2,1.1,1.2,1.2,1.5,672.0,25.0,672.0,25.0,0,0,False,0,1.0,68.0,45.0,0.0,31.6,False,True,False,False,True,12,2,False,150.0,150.0,0.0,DISC,SPOKED,0,0.0,0.0,0.0,280.0,485.0,35.0,305.0,1.0
408.0,68.0,575.0,74.0,155.0,48.0,525.0,72.5,575.0,52.0,40.0,30.0,40.0,35.0,24.0,11.0,15.0,ALUMINIUM,28.0,48.0,48.0,0.0,0.0,0.0,0.0,False,False,130.0,2.0,1.0,1.2,1.0,1.2,1.2,1.0,672.0,25.0,672.0,25.0,0,0,False,0,1.0,68.0,45.0,0.0,31.6,False,True,False,False,True,11,2,False,0.0,100.0,200.0,DISC,SPOKED,0,0.0,0.0,0.0,285.0,475.0,34.0,300.0,1.0
402.0,70.0,585.0,72.5,170.0,50.0,540.0,74.0,590.0,50.0,40.0,30.0,40.0,38.0,28.0,13.0,15.0,ALUMINIUM,35.0,55.0,55.0,0.0,0.0,0.0,0.0,False,False,130.0,2.0,1.0,1.1,1.0,1.3,1.3,1.5,672.0,25.0,672.0,25.0,0,0,False,0,1.0,68.0,45.0,0.0,31.6,False,True,False,False,True,11,2,False,255.0,100.0,150.0,DISC,SPOKED,0,0.0,0.0,0.0,290.0,490.0,33.0,310.0,1.0
412.0,75.0,595.0,73.0,158.0,53.0,528.0,73.3,582.0,49.0,40.0,30.0,40.0,36.0,26.5,12.0,15.0,ALUMINIUM,30.0,50.0,50.0,0.0,0.0,0.0,0.0,False,False,132.0,2.2,1.3,1.5,1.1,1.0,1.3,1.4,672.0,25.0,672.0,25.0,0,0,False,0,1.0,68.0,45.0,0.0,31.6,False,True,False,False,True,12,2,False,10.0,10.0,200.0,DISC,SPOKED,0,0.0,0.0,0.0,282.0,482.0,34.5,298.0,1.0
407.0,68.0,578.0,74.5,162.0,49.0,532.0,73.7,578.0,50.0,40.0,30.0,40.0,35.0,25.0,12.2,16.0,ALUMINIUM,31.0,51.0,51.0,0.0,0.0,0.0,0.0,False,False,131.0,2.0,1.0,1.0,1.0,1.0,1.0,1.0,672.0,25.0,672.0,25.0,0,0,False,0,1.0,68.0,45.0,0.0,31.6,False,True,False,False,True,11,2,False,0.0,255.0,0.0,DISC,SPOKED,0,0.0,0.0,0.0,288.0,478.0,35.0,300.0,1.0
415.0,70.0,600.0,73.2,168.0,55.0,538.0,73.8,590.0,47.0,40.0,30.0,40.0,37.0,27.0,13.5,14.0,ALUMINIUM,34.0,54.0,54.0,0.0,0.0,0.0,0.0,False,False,130.0,2.0,1.2,1.3,1.1,1.2,1.1,1.2,672.0,25.0,672.0,25.0,0,0,False,0,1.0,68.0,45.0,0.0,31.6,False,True,False,False,True,12,2,False,200.0,200.0,0.0,DISC,SPOKED,0,0.0,0.0,0.0,295.0,495.0,36.0,305.0,1.0
400.0,65.0,570.0,72.0,150.0,47.0,520.0,72.8,570.0,54.0,40.0,30.0,40.0,34.0,24.5,11.0,13.0,ALUMINIUM,29.0,47.0,47.0,0.0,0.0,0.0,0.0,False,False,128.0,2.1,1.4,1.6,1.2,1.3,1.1,1.3,672.0,25.0,672.0,25.0,0,0,False,0,1.0,68.0,45.0,0.0,31.6,False,True,False,False,True,10,2,False,100.0,0.0,255.0,DISC,SPOKED,0,0.0,0.0,0.0,275.0,470.0,32.0,290.0,1.0
409.0,69.0,582.0,73.8,163.0,51.0,531.0,73.2,581.0,51.0,40.0,30.0,40.0,36.0,26.8,12.3,15.0,ALUMINIUM,32.0,53.0,53.0,0.0,0.0,0.0,0.0,False,False,134.0,2.3,1.2,1.2,1.2,1.2,1.2,1.2,672.0,25.0,672.0,25.0,0,0,False,0,1.0,68.0,45.0,0.0,31.6,False,True,False,False,True,12,2,False,255.0,0.0,0.0,DISC,SPOKED,0,0.0,0.0,0.0,287.0,487.0,35.5,302.0,1.0
406.0,72.0,589.0,72.8,159.0,50.0,534.0,73.6,587.0,49.0,40.0,30.0,40.0,35.0,26.2,12.0,15.5,ALUMINIUM,31.0,52.0,52.0,0.0,0.0,0.0,0.0,False,False,130.0,2.0,1.3,1.4,1.1,1.1,1.2,1.3,672.0,25.0,672.0,25.0,0,0,False,0,1.0,68.0,45.0,0.0,31.6,False,True,False,False,True,11,2,False,0.0,0.0,255.0,DISC,SPOKED,0,0.0,0.0,0.0,289.0,489.0,34.0,304.0,1.0
420.0,70.0,610.0,73.0,160.0,50.0,560.0,74.0,660.0,45.0,45.0,28.0,35.0,25.0,30.0,14.0,18.0,ALUMINIUM,30.0,40.0,50.0,330.0,350.0,16.0,18.0,True,True,130.0,2.0,0.9,1.1,0.9,1.2,1.0,0.9,680.0,23.0,680.0,23.0,0,0,False,0,3.0,68.0,45.0,30.0,32.0,True,True,False,False,True,11,2,False,128.0,128.0,128.0,SPOKED,SPOKED,0,0.0,80.0,80.0,280.0,750.0,35.0,300.0,1.0
450.0,65.0,630.0,72.5,180.0,55.0,580.0,73.5,655.0,42.0,50.0,30.0,36.0,27.0,32.0,15.0,19.0,ALUMINIUM,32.0,42.0,52.0,335.0,355.0,16.0,18.0,False,False,130.0,2.0,0.9,1.1,0.9,1.2,1.0,0.9,700.0,24.0,700.0,24.0,0,0,False,0,3.0,70.0,44.0,0.0,34.0,False,True,False,False,True,12,2,False,0.0,0.0,255.0,SPOKED,SPOKED,0,0.0,80.0,80.0,285.0,760.0,34.0,320.0,1.0
410.0,75.0,600.0,73.5,150.0,48.0,550.0,74.5,670.0,48.0,42.0,27.0,33.0,24.0,29.0,13.0,17.0,ALUMINIUM,28.0,38.0,48.0,330.0,350.0,16.0,18.0,True,True,135.0,2.0,1.0,1.0,1.0,1.1,1.0,0.9,680.0,22.0,680.0,22.0,0,1,False,0,1.0,68.0,43.0,0.0,33.0,True,False,True,True,True,10,2,False,255.0,0.0,0.0,SPOKED,DISC,1,0.0,60.0,80.0,290.0,740.0,36.0,310.0,2.0
480.0,68.0,645.0,72.0,200.0,60.0,600.0,73.0,640.0,40.0,48.0,30.0,37.0,28.0,35.0,15.0,20.0,ALUMINIUM,35.0,45.0,55.0,340.0,350.0,16.0,18.0,False,False,130.0,2.0,0.9,1.1,0.9,1.2,1.0,0.9,695.0,23.0,695.0,23.0,0,0,True,0,3.0,70.0,46.0,30.0,35.0,True,True,True,False,True,10,2,False,0.0,255.0,128.0,SPOKED,SPOKED,0,0.0,80.0,90.0,275.0,755.0,34.5,320.0,0.0
395.0,65.0,575.0,74.0,140.0,45.0,530.0,75.0,650.0,47.0,42.0,26.0,34.0,23.35,27.0,14.0,16.0,ALUMINIUM,26.0,36.0,46.0,330.0,345.0,16.0,18.0,True,False,130.0,2.0,0.9,1.1,0.9,1.2,1.0,0.9,680.0,21.0,680.0,21.0,0,2,False,0,2.0,68.0,41.0,0.0,31.8,False,True,False,True,True,11,1,False,255.0,165.0,0.0,TRISPOKE,SPOKED,1,0.0,100.0,80.0,300.0,730.0,33.0,290.0,1.0
460.0,72.0,620.0,73.2,170.0,52.0,570.0,73.8,665.0,44.0,50.0,29.0,36.5,26.0,31.0,15.0,18.0,ALUMINIUM,33.0,43.0,53.0,332.0,352.0,16.0,18.0,False,True,135.0,2.0,0.9,1.1,0.9,1.2,1.0,0.9,690.0,23.0,690.0,23.0,0,1,False,0,3.0,68.0,44.0,30.0,34.0,True,False,False,False,True,12,2,False,64.0,64.0,64.0,SPOKED,SPOKED,0,0.0,80.0,80.0,285.0,765.0,37.0,315.0,1.0
430.0,68.0,605.0,73.7,155.0,49.0,555.0,74.2,658.0,46.0,45.0,28.0,35.5,25.5,29.5,14.0,17.0,ALUMINIUM,29.0,39.0,49.0,330.0,350.0,16.0,18.0,True,True,130.0,2.0,0.9,1.1,0.9,1.2,1.0,0.9,665.0,22.0,665.0,22.0,0,0,False,0,1.0,68.0,43.0,0.0,32.0,False,True,False,False,True,11,2,False,0.0,0.0,0.0,SPOKED,SPOKED,0,0.0,80.0,80.0,275.0,745.0,34.0,305.0,2.0
440.0,67.0,640.0,72.8,165.0,53.0,590.0,73.4,662.0,43.0,47.0,30.0,37.0,27.0,33.0,15.0,19.0,ALUMINIUM,34.0,44.0,54.0,333.0,353.0,16.0,18.0,False,False,130.0,2.0,0.9,1.1,0.9,1.2,1.0,0.9,685.0,23.0,685.0,23.0,0,2,True,0,3.0,70.0,45.0,30.0,35.0,True,False,False,True,True,10,2,False,200.0,200.0,200.0,SPOKED,SPOKED,0,0.0,80.0,80.0,300.0,770.0,35.5,325.0,0.0
400.0,64.0,590.0,74.1,145.0,47.0,540.0,75.0,650.0,49.0,43.0,27.5,33.0,23.5,28.0,13.0,16.0,ALUMINIUM,27.0,37.0,47.0,330.0,350.0,16.0,18.0,True,False,130.0,2.0,0.9,1.1,0.9,1.2,1.0,0.9,675.0,22.0,675.0,22.0,0,0,False,0,2.0,68.0,42.0,0.0,31.0,False,True,False,False,True,11,1,False,50.0,100.0,150.0,SPOKED,SPOKED,0,0.0,80.0,80.0,285.0,735.0,34.0,300.0,1.0
475.0,69.0,655.0,72.2,190.0,58.0,610.0,73.3,668.0,41.0,48.0,29.0,36.5,27.5,34.0,15.0,18.0,ALUMINIUM,36.0,46.0,56.0,332.0,352.0,16.0,18.0,False,True,130.0,2.0,0.9,1.1,0.9,1.2,1.0,0.9,695.0,24.0,695.0,24.0,0,1,False,0,3.0,68.0,45.0,30.0,34.0,True,True,False,True,True,12,2,False,255.0,255.0,255.0,SPOKED,SPOKED,0,0.0,90.0,90.0,295.0,765.0,36.5,330.0,1.0
420.0,70.0,600.0,73.0,150.0,50.0,550.0,73.0,610.0,50.0,45.0,30.0,34.0,36.0,20.0,13.0,15.0,ALUMINIUM,30.0,50.0,55.0,330.0,350.0,16.0,18.0,False,False,130.0,2.0,0.9,1.1,0.9,1.2,1.0,0.9,680.0,52.0,680.0,52.0,0,0,False,0,1.0,68.0,45.0,0.0,31.8,False,False,False,False,True,10,2,False,128.0,128.0,128.0,SPOKED,SPOKED,0,0.0,80.0,80.0,280.0,750.0,34.9,300.0,1.0
405.0,65.0,580.0,72.5,140.0,48.0,540.0,73.5,600.0,50.0,45.0,32.0,36.0,35.0,22.0,13.5,15.5,ALUMINIUM,28.0,52.0,50.0,332.0,352.0,16.5,18.5,False,False,130.0,2.0,0.9,1.1,0.9,1.2,1.0,0.9,680.0,52.0,680.0,52.0,0,0,False,0,1.0,68.0,45.0,0.0,31.8,False,False,False,False,True,11,2,False,120.0,120.0,120.0,SPOKED,SPOKED,0,0.0,80.0,80.0,285.0,740.0,34.9,290.0,1.0
412.0,68.0,610.0,73.5,160.0,52.0,560.0,73.0,620.0,50.0,45.0,29.0,35.0,36.0,21.0,13.0,14.0,ALUMINIUM,32.0,51.0,53.0,328.0,348.0,16.0,18.0,False,False,130.0,2.0,0.9,1.1,0.9,1.2,1.0,0.9,680.0,52.0,680.0,52.0,0,0,False,0,1.0,68.0,45.0,0.0,31.8,False,False,False,False,True,10,3,False,140.0,140.0,140.0,SPOKED,SPOKED,0,0.0,80.0,80.0,275.0,760.0,34.9,310.0,1.0
430.0,75.0,620.0,74.0,155.0,50.0,570.0,72.5,630.0,50.0,45.0,31.0,36.0,35.0,23.0,13.2,15.0,ALUMINIUM,31.0,49.0,54.0,333.0,353.0,16.2,18.2,False,False,130.0,2.0,0.9,1.1,0.9,1.2,1.0,0.9,680.0,52.0,680.0,52.0,0,0,False,0,1.0,68.0,45.0,0.0,31.8,False,False,False,False,True,12,2,False,130.0,130.0,130.0,SPOKED,SPOKED,0,0.0,80.0,80.0,290.0,765.0,34.9,305.0,1.0
415.0,70.0,590.0,72.0,145.0,49.0,545.0,73.5,605.0,50.0,45.0,33.0,35.0,37.0,22.5,13.0,15.0,ALUMINIUM,29.0,50.0,52.0,331.0,351.0,16.0,18.0,False,False,130.0,2.0,0.9,1.1,0.9,1.2,1.0,0.9,680.0,52.0,680.0,52.0,0,0,False,0,1.0,68.0,45.0,0.0,31.8,False,False,False,False,True,9,2,False,135.0,135.0,135.0,SPOKED,SPOKED,0,0.0,80.0,80.0,265.0,755.0,34.9,295.0,1.0
422.0,68.0,605.0,73.2,152.0,51.0,555.0,73.8,615.0,50.0,45.0,30.0,34.0,36.0,21.0,13.0,15.0,ALUMINIUM,30.0,50.0,54.0,332.0,352.0,16.0,18.0,False,False,130.0,2.0,0.9,1.1,0.9,1.2,1.0,0.9,680.0,52.0,680.0,52.0,0,0,False,0,1.0,68.0,45.0,0.0,31.8,False,False,False,False,True,11,2,False,125.0,125.0,125.0,SPOKED,SPOKED,0,0.0,80.0,80.0,270.0,770.0,34.9,315.0,1.0
408.0,72.8,595.0,72.8,148.0,49.5,548.0,73.1,602.0,50.0,45.0,31.0,35.0,36.0,20.0,13.0,15.0,ALUMINIUM,29.0,51.0,53.0,329.0,349.0,16.0,18.0,False,False,130.0,2.0,0.9,1.1,0.9,1.2,1.0,0.9,680.0,52.0,680.0,52.0,0,0,False,0,1.0,68.0,45.0,0.0,31.8,False,False,False,False,True,10,2,False,130.0,120.0,110.0,SPOKED,SPOKED,0,0.0,80.0,80.0,285.0,745.0,34.9,298.0,1.0
430.0,75.0,620.0,74.0,160.0,55.0,580.0,72.5,635.0,50.0,45.0,29.0,34.0,36.0,24.0,13.0,15.0,ALUMINIUM,33.0,54.0,56.0,335.0,355.0,16.0,18.0,False,False,130.0,2.0,0.9,1.1,0.9,1.2,1.0,0.9,680.0,52.0,680.0,52.0,0,0,False,0,1.0,68.0,45.0,0.0,31.8,False,False,False,False,True,12,2,False,140.0,130.0,120.0,SPOKED,SPOKED,0,0.0,80.0,80.0,295.0,760.0,34.9,320.0,1.0
410.0,70.0,600.0,73.0,155.0,50.0,555.0,73.5,620.0,50.0,45.0,32.0,38.0,37.0,21.5,13.0,15.0,ALUMINIUM,31.0,52.0,53.0,330.0,350.0,16.0,18.0,False,False,130.0,2.0,0.9,1.1,0.9,1.2,1.0,0.9,680.0,52.0,680.0,52.0,0,0,False,0,1.0,68.0,45.0,0.0,31.8,False,False,False,False,True,11,2,False,128.0,110.0,100.0,SPOKED,SPOKED,0,0.0,80.0,80.0,270.0,730.0,34.9,310.0,1.0
425.0,72.0,612.0,72.5,158.0,53.0,565.0,74.0,625.0,50.0,45.0,33.0,36.0,36.0,23.0,13.0,15.0,ALUMINIUM,32.0,53.0,55.0,333.0,353.0,16.0,18.0,False,False,130.0,2.0,0.9,1.1,0.9,1.2,1.0,0.9,680.0,52.0,680.0,52.0,0,0,False,0,1.0,68.0,45.0,0.0,31.8,False,False,False,False,True,10,2,False,123.0,115.0,118.0,SPOKED,SPOKED,0,0.0,80.0,80.0,280.0,765.0,34.9,305.0,1.0
430.0,70.0,620.0,72.5,150.0,50.0,580.0,74.0,650.0,50.0,45.0,30.0,25.4,36.5,25.0,15.0,15.0,ALUMINIUM,30.0,50.0,45.0,0.0,0.0,0.0,0.0,False,False,130.0,2.0,0.9,1.1,0.9,1.2,1.0,0.9,680.0,52.0,680.0,52.0,0,0,False,0,1.0,68.0,45.0,31.8,31.8,False,True,False,False,True,11,2,False,200.0,50.0,100.0,SPOKED,SPOKED,0,0.0,0.0,0.0,280.0,750.0,34.9,300.0,1.0
445.0,68.0,630.0,73.0,160.0,55.0,600.0,73.5,660.0,52.0,45.0,32.0,28.0,36.5,25.0,14.0,15.0,ALUMINIUM,35.0,55.0,45.0,0.0,0.0,0.0,0.0,False,False,130.0,2.0,0.9,1.1,0.9,1.2,1.0,0.9,680.0,52.0,680.0,52.0,0,1,False,0,3.0,70.0,45.0,31.8,31.8,True,True,False,False,True,12,2,False,0.0,128.0,255.0,SPOKED,SPOKED,0,0.0,0.0,0.0,285.0,760.0,35.0,300.0,1.0
420.0,65.0,615.0,72.0,140.0,48.0,570.0,74.2,655.0,48.0,45.0,29.0,26.0,36.0,24.5,14.5,15.5,ALUMINIUM,32.0,52.0,44.0,0.0,0.0,0.0,0.0,False,False,130.0,2.0,0.9,1.1,0.9,1.2,1.0,0.9,682.0,50.0,682.0,50.0,0,2,False,0,1.0,68.0,44.0,31.8,31.8,False,True,False,False,True,11,2,False,255.0,0.0,0.0,SPOKED,SPOKED,0,0.0,0.0,0.0,275.0,740.0,34.9,310.0,1.0
460.0,72.0,640.0,71.5,170.0,60.0,610.0,73.0,670.0,55.0,45.0,30.0,27.0,36.5,26.0,16.0,16.0,ALUMINIUM,40.0,60.0,46.0,0.0,0.0,0.0,0.0,False,False,130.0,2.0,0.9,1.1,0.9,1.2,1.0,0.9,690.0,54.0,690.0,54.0,0,1,False,0,3.0,70.0,48.0,31.8,31.8,True,True,False,False,True,10,2,False,0.0,200.0,100.0,SPOKED,SPOKED,0,0.0,0.0,0.0,290.0,770.0,34.9,305.0,0.0
480.0,75.0,650.0,72.8,180.0,58.0,620.0,73.2,675.0,50.0,45.0,32.0,30.0,37.0,27.0,15.0,15.0,ALUMINIUM,45.0,60.0,48.0,0.0,0.0,0.0,0.0,False,False,130.0,2.0,0.9,1.1,0.9,1.2,1.0,0.9,695.0,56.0,695.0,56.0,0,0,False,0,1.0,68.0,50.0,31.8,31.8,False,True,False,False,True,11,2,False,100.0,100.0,200.0,SPOKED,SPOKED,0,0.0,0.0,0.0,300.0,780.0,34.9,300.0,1.0
395.0,66.0,605.0,73.2,130.0,45.0,560.0,74.5,640.0,47.0,45.0,29.5,25.4,36.5,24.0,14.0,14.0,ALUMINIUM,28.0,48.0,42.0,0.0,0.0,0.0,0.0,False,False,130.0,2.0,0.9,1.1,0.9,1.2,1.0,0.9,680.0,52.0,680.0,52.0,0,0,False,0,1.0,68.0,45.0,31.8,31.8,False,True,False,False,True,9,2,False,0.0,255.0,0.0,TRISPOKE,SPOKED,1,0.0,85.0,0.0,280.0,720.0,34.9,290.0,1.0
425.0,70.0,625.0,72.0,155.0,52.0,590.0,73.8,660.0,53.0,45.0,30.5,26.0,36.5,24.0,14.5,15.0,ALUMINIUM,33.0,54.0,45.0,0.0,0.0,0.0,0.0,False,False,130.0,2.0,0.9,1.1,0.9,1.2,1.0,0.9,680.0,52.0,680.0,52.0,0,0,False,0,1.0,68.0,45.0,31.8,31.8,False,True,False,False,False,1,1,False,150.0,75.0,0.0,DISC,DISC,0,0.0,0.0,0.0,280.0,760.0,34.9,310.0,2.0
440.0,69.0,635.0,72.3,165.0,57.0,605.0,73.4,670.0,50.0,45.0,32.0,27.0,36.5,25.5,15.0,15.0,ALUMINIUM,38.0,60.0,46.0,0.0,0.0,0.0,0.0,False,False,130.0,2.0,0.9,1.1,0.9,1.2,1.0,0.9,685.0,53.0,685.0,53.0,0,0,False,0,1.0,68.0,45.0,31.8,31.8,True,True,True,True,True,11,2,False,128.0,0.0,128.0,SPOKED,SPOKED,0,0.0,0.0,0.0,295.0,765.0,34.9,300.0,1.0
455.0,70.0,645.0,71.8,175.0,59.0,615.0,73.0,680.0,52.0,45.0,31.0,27.5,36.5,26.5,15.0,15.0,ALUMINIUM,42.0,60.0,47.0,0.0,0.0,0.0,0.0,False,False,130.0,2.0,0.9,1.1,0.9,1.2,1.0,0.9,690.0,54.0,690.0,54.0,0,1,False,0,1.0,68.0,47.0,31.8,31.8,False,False,False,False,True,12,2,True,255.0,215.0,0.0,SPOKED,SPOKED,0,0.0,0.0,0.0,300.0,780.0,34.9,300.0,1.0
435.0,68.0,635.0,72.7,158.0,53.0,595.0,73.9,665.0,51.0,45.0,30.0,26.0,36.5,24.5,14.5,15.0,ALUMINIUM,34.0,54.0,45.0,0.0,0.0,0.0,0.0,False,False,130.0,2.0,0.9,1.1,0.9,1.2,1.0,0.9,680.0,52.0,680.0,52.0,0,2,False,0,1.0,68.0,45.0,31.8,31.8,False,True,False,False,True,11,2,False,0.0,0.0,255.0,SPOKED,TRISPOKE,0,1.0,0.0,60.0,280.0,755.0,34.9,300.0,1.0
405.0,68.0,600.0,73.0,160.0,45.0,540.0,73.0,650.0,50.0,40.0,28.6,28.6,36.5,23.35,13.0,15.0,ALUMINIUM,32.0,45.0,45.0,330.0,350.0,16.0,18.0,False,False,130.0,2.0,0.9,1.1,0.9,1.2,1.0,0.9,680.0,58.0,680.0,58.0,0,0,False,0,1.0,68.0,45.0,0.0,31.8,False,False,False,False,True,11,2,False,192.0,192.0,192.0,SPOKED,SPOKED,0,0.0,0.0,0.0,280.0,740.0,34.9,300.0,1.0
410.0,70.0,610.0,73.5,170.0,48.0,545.0,73.0,655.0,52.0,40.0,28.6,28.6,36.5,23.35,13.0,15.0,ALUMINIUM,33.0,45.0,45.0,330.0,350.0,16.0,18.0,False,False,130.0,2.0,0.9,1.1,0.9,1.2,1.0,0.9,680.0,58.0,680.0,58.0,0,0,False,0,1.0,68.0,45.0,0.0,31.8,False,False,False,False,True,11,2,False,255.0,0.0,0.0,SPOKED,SPOKED,0,0.0,0.0,0.0,280.0,745.0,34.9,300.0,1.0
415.0,67.0,605.0,72.5,165.0,46.0,538.0,72.8,648.0,48.0,40.0,28.6,28.6,36.5,23.35,13.0,15.0,ALUMINIUM,32.5,46.0,46.0,330.0,350.0,16.0,18.0,False,False,130.0,2.0,0.9,1.1,0.9,1.2,1.0,0.9,680.0,58.0,680.0,58.0,0,0,False,0,1.0,68.0,45.0,0.0,31.8,False,False,False,False,True,11,2,False,0.0,0.0,255.0,SPOKED,SPOKED,0,0.0,0.0,0.0,280.0,738.0,34.9,300.0,1.0
408.0,69.0,612.0,73.2,155.0,47.0,542.0,73.2,652.0,50.0,40.0,28.6,28.6,36.5,23.35,13.0,15.0,ALUMINIUM,31.0,47.0,47.0,330.0,350.0,16.0,18.0,False,False,130.0,2.0,0.9,1.1,0.9,1.2,1.0,0.9,680.0,58.0,680.0,58.0,0,0,False,0,1.0,68.0,45.0,0.0,31.8,False,False,False,False,True,11,2,False,0.0,128.0,0.0,SPOKED,SPOKED,0,0.0,0.0,0.0,280.0,750.0,34.9,300.0,1.0
420.0,68.0,615.0,73.0,180.0,49.0,548.0,73.5,660.0,50.0,40.0,28.6,28.6,36.5,23.35,13.0,15.0,ALUMINIUM,34.0,48.0,48.0,330.0,350.0,16.0,18.0,False,False,130.0,2.0,0.9,1.1,0.9,1.2,1.0,0.9,680.0,58.0,680.0,58.0,0,0,False,0,1.0,68.0,45.0,0.0,31.8,False,False,False,False,True,11,2,False,255.0,165.0,0.0,SPOKED,SPOKED,0,0.0,0.0,0.0,280.0,755.0,34.9,300.0,1.0
400.0,68.0,598.0,72.7,150.0,44.0,535.0,72.9,645.0,49.0,40.0,28.6,28.6,36.5,23.35,13.0,15.0,ALUMINIUM,30.0,44.0,44.0,330.0,350.0,16.0,18.0,False,False,130.0,2.0,0.9,1.1,0.9,1.2,1.0,0.9,680.0,58.0,680.0,58.0,0,0,False,0,1.0,68.0,45.0,0.0,31.8,False,False,False,False,True,11,2,False,128.0,0.0,128.0,SPOKED,SPOKED,0,0.0,0.0,0.0,280.0,730.0,34.9,300.0,1.0
412.0,70.0,620.0,73.4,175.0,50.0,550.0,73.3,658.0,53.0,40.0,28.6,28.6,36.5,23.35,13.0,15.0,ALUMINIUM,35.0,49.0,49.0,330.0,350.0,16.0,18.0,False,False,130.0,2.0,0.9,1.1,0.9,1.2,1.0,0.9,680.0,58.0,680.0,58.0,0,0,False,0,1.0,68.0,45.0,0.0,31.8,False,False,False,False,True,11,2,False,0.0,0.0,0.0,SPOKED,SPOKED,0,0.0,0.0,0.0,280.0,760.0,34.9,300.0,1.0
418.0,66.0,607.0,72.9,160.0,46.5,540.0,73.1,650.0,51.0,40.0,28.6,28.6,36.5,23.35,13.0,15.0,ALUMINIUM,32.0,46.5,46.5,330.0,350.0,16.0,18.0,False,False,130.0,2.0,0.9,1.1,0.9,1.2,1.0,0.9,680.0,58.0,680.0,58.0,0,0,False,0,1.0,68.0,45.0,0.0,31.8,False,False,False,False,True,11,2,False,255.0,255.0,255.0,SPOKED,SPOKED,0,0.0,0.0,0.0,280.0,748.0,34.9,300.0,1.0
407.0,69.0,602.0,73.1,158.0,47.5,544.0,73.4,653.0,50.0,40.0,28.6,28.6,36.5,23.35,13.0,15.0,ALUMINIUM,31.5,47.5,47.5,330.0,350.0,16.0,18.0,False,False,130.0,2.0,0.9,1.1,0.9,1.2,1.0,0.9,680.0,58.0,680.0,58.0,0,0,False,0,1.0,68.0,45.0,0.0,31.8,False,False,False,False,True,11,2,False,128.0,128.0,128.0,SPOKED,SPOKED,0,0.0,0.0,0.0,280.0,742.0,34.9,300.0,1.0
422.0,67.0,614.0,73.3,168.0,48.5,547.0,73.2,657.0,52.0,40.0,28.6,28.6,36.5,23.35,13.0,15.0,ALUMINIUM,33.0,48.5,48.5,330.0,350.0,16.0,18.0,False,False,130.0,2.0,0.9,1.1,0.9,1.2,1.0,0.9,680.0,58.0,680.0,58.0,0,0,False,0,1.0,68.0,45.0,0.0,31.8,False,False,False,False,True,11,2,False,0.0,255.0,255.0,SPOKED,SPOKED,0,0.0,0.0,0.0,280.0,752.0,34.9,300.0,1.0
415.0,70.0,600.0,73.5,170.0,50.0,550.0,73.0,660.0,50.0,45.0,28.6,36.5,23.35,13.0,13.0,15.0,ALUMINIUM,30.0,40.0,50.0,330.0,350.0,16.0,18.0,False,False,130.0,2.0,0.9,1.1,0.9,1.2,1.0,0.9,680.0,40.0,680.0,40.0,0,0,False,0,1.0,68.0,45.0,0.0,31.8,False,True,False,False,True,11,2,False,200.0,30.0,30.0,SPOKED,SPOKED,0,0.0,0.0,0.0,280.0,760.0,34.9,300.0,1.0
420.0,68.0,595.0,72.5,160.0,48.0,540.0,73.5,655.0,52.0,45.0,28.6,36.5,23.35,13.0,13.0,15.0,ALUMINIUM,28.0,38.0,48.0,330.0,350.0,16.0,18.0,False,False,130.0,2.0,0.9,1.1,0.9,1.2,1.0,0.9,680.0,40.0,680.0,40.0,0,0,False,0,1.0,68.0,45.0,0.0,31.8,False,True,False,False,True,11,2,False,0.0,120.0,200.0,SPOKED,SPOKED,0,0.0,0.0,0.0,280.0,755.0,34.9,300.0,1.0
410.0,72.0,605.0,74.0,180.0,52.0,560.0,72.5,665.0,49.0,45.0,28.6,36.5,23.35,13.0,13.0,15.0,ALUMINIUM,32.0,42.0,52.0,330.0,350.0,16.0,18.0,False,False,130.0,2.0,0.9,1.1,0.9,1.2,1.0,0.9,680.0,40.0,680.0,40.0,0,0,False,0,1.0,68.0,45.0,0.0,31.8,False,True,False,False,True,11,2,False,30.0,200.0,30.0,SPOKED,SPOKED,0,0.0,0.0,0.0,280.0,765.0,34.9,305.0,1.0
430.0,69.0,590.0,73.0,155.0,47.0,545.0,74.0,658.0,51.0,45.0,28.6,36.5,23.35,13.0,13.0,15.0,ALUMINIUM,26.0,36.0,46.0,330.0,350.0,16.0,18.0,False,False,130.0,2.0,0.9,1.1,0.9,1.2,1.0,0.9,680.0,40.0,680.0,40.0,0,0,False,0,1.0,68.0,45.0,0.0,31.8,False,True,False,False,True,11,2,False,200.0,200.0,0.0,SPOKED,SPOKED,0,0.0,0.0,0.0,280.0,750.0,34.9,295.0,1.0
425.0,71.0,610.0,73.8,175.0,49.0,555.0,73.2,662.0,50.0,45.0,28.6,36.5,23.35,13.0,13.0,15.0,ALUMINIUM,31.0,41.0,51.0,330.0,350.0,16.0,18.0,False,False,130.0,2.0,0.9,1.1,0.9,1.2,1.0,0.9,680.0,40.0,680.0,40.0,0,0,False,0,1.0,68.0,45.0,0.0,31.8,False,True,False,False,True,11,2,False,255.0,102.0,178.0,SPOKED,SPOKED,0,0.0,0.0,0.0,280.0,770.0,34.9,310.0,1.0
418.0,70.0,598.0,72.8,165.0,46.0,548.0,73.4,657.0,51.0,45.0,28.6,36.5,23.35,13.0,13.0,15.0,ALUMINIUM,29.0,39.0,49.0,330.0,350.0,16.0,18.0,False,False,130.0,2.0,0.9,1.1,0.9,1.2,1.0,0.9,680.0,40.0,680.0,40.0,0,0,False,0,1.0,68.0,45.0,0.0,31.8,False,True,False,False,True,11,2,False,102.0,0.0,255.0,SPOKED,SPOKED,0,0.0,0.0,0.0,280.0,764.0,34.9,292.0,1.0
422.0,69.5,602.0,73.2,162.0,51.0,552.0,73.1,659.0,52.0,45.0,28.6,36.5,23.35,13.0,13.0,15.0,ALUMINIUM,27.0,37.0,47.0,330.0,350.0,16.0,18.0,False,False,130.0,2.0,0.9,1.1,0.9,1.2,1.0,0.9,680.0,40.0,680.0,40.0,0,0,False,0,1.0,68.0,45.0,0.0,31.8,False,True,False,False,True,11,2,False,255.0,153.0,51.0,SPOKED,SPOKED,0,0.0,0.0,0.0,280.0,758.0,34.9,298.0,1.0
417.0,68.5,604.0,74.2,168.0,50.0,558.0,72.8,661.0,49.0,45.0,28.6,36.5,23.35,13.0,13.0,15.0,ALUMINIUM,33.0,43.0,53.0,330.0,350.0,16.0,18.0,False,False,130.0,2.0,0.9,1.1,0.9,1.2,1.0,0.9,680.0,40.0,680.0,40.0,0,0,False,0,1.0,68.0,45.0,0.0,31.8,False,True,False,False,True,11,2,False,153.0,255.0,153.0,SPOKED,SPOKED,0,0.0,0.0,0.0,280.0,762.0,34.9,305.0,1.0
412.0,70.5,597.0,73.6,172.0,49.0,553.0,73.3,656.0,50.0,45.0,28.6,36.5,23.35,13.0,13.0,15.0,ALUMINIUM,29.5,39.5,49.5,330.0,350.0,16.0,18.0,False,False,130.0,2.0,0.9,1.1,0.9,1.2,1.0,0.9,680.0,40.0,680.0,40.0,0,0,False,0,1.0,68.0,45.0,0.0,31.8,False,True,False,False,True,11,2,False,51.0,102.0,255.0,SPOKED,SPOKED,0,0.0,0.0,0.0,280.0,759.0,34.9,300.0,1.0
427.0,68.8,599.0,73.4,169.0,48.0,550.5,73.2,663.0,51.5,45.0,28.6,36.5,23.35,13.0,13.0,15.0,ALUMINIUM,31.5,41.5,51.5,330.0,350.0,16.0,18.0,False,False,130.0,2.0,0.9,1.1,0.9,1.2,1.0,0.9,680.0,40.0,680.0,40.0,0,0,False,0,1.0,68.0,45.0,0.0,31.8,False,True,False,False,True,11,2,False,255.0,51.0,51.0,SPOKED,SPOKED,0,0.0,0.0,0.0,280.0,761.0,34.9,310.0,1.0
405.0,70.0,590.0,73.0,150.0,45.0,515.0,74.0,653.0,45.0,45.0,38.0,36.0,35.0,30.0,13.0,15.0,ALUMINIUM,30.0,50.0,49.0,330.0,350.0,16.0,18.0,False,False,130.0,2.0,1.2,1.2,1.5,1.0,1.0,1.5,680.0,58.0,680.0,58.0,0,0,False,0,1.0,68.0,45.0,0.0,31.8,False,True,False,False,True,11,2,False,200.0,0.0,100.0,SPOKED,SPOKED,0,0.0,0.0,0.0,280.0,880.0,36.0,300.0,1.0
415.0,75.0,620.0,72.0,180.0,46.0,520.0,73.0,660.0,50.0,45.0,40.0,37.0,36.0,30.0,13.0,15.0,ALUMINIUM,35.0,55.0,50.0,330.0,350.0,16.0,18.0,False,False,130.0,2.0,1.3,1.2,1.5,1.0,1.0,1.5,680.0,58.0,680.0,58.0,0,0,False,0,1.0,68.0,45.0,0.0,31.8,False,True,False,False,True,11,2,False,0.0,150.0,200.0,SPOKED,SPOKED,0,0.0,0.0,0.0,280.0,880.0,37.0,300.0,1.0
395.0,65.0,580.0,74.0,160.0,44.0,540.0,74.5,645.0,40.0,45.0,36.0,33.0,34.0,28.0,13.0,15.0,ALUMINIUM,32.0,52.0,48.0,330.0,350.0,16.0,18.0,False,False,130.0,2.0,1.1,1.2,1.4,1.0,1.0,1.5,680.0,58.0,680.0,58.0,0,0,False,0,1.0,68.0,45.0,0.0,31.8,False,True,False,False,True,11,2,False,255.0,100.0,0.0,SPOKED,SPOKED,0,0.0,0.0,0.0,280.0,880.0,33.0,300.0,1.0
405.0,70.0,600.0,73.5,170.0,45.0,530.0,74.0,655.0,45.0,45.0,38.0,36.0,35.0,30.0,13.0,15.0,ALUMINIUM,34.0,54.0,49.0,330.0,350.0,16.0,18.0,False,False,130.0,2.0,1.2,1.2,1.5,1.0,1.0,1.5,680.0,58.0,680.0,58.0,0,0,False,0,1.0,68.0,45.0,0.0,31.8,False,True,False,False,True,11,2,False,100.0,255.0,100.0,SPOKED,SPOKED,0,0.0,0.0,0.0,280.0,880.0,36.0,300.0,1.0
410.0,73.0,610.0,73.2,165.0,46.0,525.0,73.8,650.0,47.0,45.0,39.0,37.0,36.0,32.0,13.0,15.0,ALUMINIUM,33.5,53.0,48.5,330.0,350.0,16.0,18.0,False,False,130.0,2.0,1.2,1.3,1.5,1.0,1.0,1.5,680.0,58.0,680.0,58.0,0,0,False,0,1.0,68.0,45.0,0.0,31.8,False,True,False,False,True,11,2,False,50.0,50.0,255.0,SPOKED,SPOKED,0,0.0,0.0,0.0,280.0,880.0,37.0,300.0,1.0
420.0,70.0,595.0,72.5,175.0,45.0,535.0,74.2,652.0,45.0,45.0,38.0,36.0,35.0,30.0,13.0,15.0,ALUMINIUM,37.0,56.0,50.0,330.0,350.0,16.0,18.0,False,False,130.0,2.0,1.2,1.2,1.5,1.0,1.0,1.5,680.0,58.0,680.0,58.0,0,0,False,0,1.0,68.0,45.0,0.0,31.8,False,True,False,False,True,11,2,False,255.0,255.0,0.0,SPOKED,SPOKED,0,0.0,0.0,0.0,280.0,880.0,36.0,300.0,1.0
400.0,68.0,580.0,74.5,155.0,44.0,515.0,75.0,648.0,40.0,45.0,37.0,35.0,34.0,28.0,13.0,15.0,ALUMINIUM,30.0,51.0,47.0,330.0,350.0,16.0,18.0,False,False,130.0,2.0,1.1,1.2,1.4,1.0,1.0,1.5,680.0,58.0,680.0,58.0,0,0,False,0,1.0,68.0,45.0,0.0,31.8,False,True,False,False,True,11,2,False,0.0,255.0,255.0,SPOKED,SPOKED,0,0.0,0.0,0.0,280.0,880.0,35.0,300.0,1.0
410.0,72.0,605.0,73.8,178.0,46.0,538.0,73.5,658.0,48.0,45.0,39.0,37.0,36.0,30.0,13.0,15.0,ALUMINIUM,36.0,55.0,51.0,330.0,350.0,16.0,18.0,False,False,130.0,2.0,1.3,1.2,1.5,1.0,1.0,1.5,680.0,58.0,680.0,58.0,0,0,False,0,1.0,68.0,45.0,0.0,31.8,False,True,False,False,True,11,2,False,128.0,0.0,255.0,SPOKED,SPOKED,0,0.0,0.0,0.0,280.0,880.0,37.0,300.0,1.0
430.0,69.0,615.0,72.8,182.0,46.0,545.0,73.9,665.0,46.0,45.0,38.0,37.0,35.0,30.0,13.0,15.0,ALUMINIUM,38.0,57.0,52.0,330.0,350.0,16.0,18.0,False,False,130.0,2.0,1.2,1.2,1.5,1.0,1.0,1.5,680.0,58.0,680.0,58.0,0,0,False,0,1.0,68.0,45.0,0.0,31.8,False,True,False,False,True,11,2,False,255.0,128.0,0.0,SPOKED,SPOKED,0,0.0,0.0,0.0,280.0,880.0,36.0,300.0,1.0
395.0,65.0,590.0,74.0,168.0,44.0,520.0,74.6,640.0,42.0,45.0,36.0,34.0,33.0,28.0,13.0,15.0,ALUMINIUM,31.0,51.0,48.0,330.0,350.0,16.0,18.0,False,False,130.0,2.0,1.1,1.2,1.4,1.0,1.0,1.5,680.0,58.0,680.0,58.0,0,0,False,0,1.0,68.0,45.0,0.0,31.8,False,True,False,False,True,11,2,False,0.0,128.0,255.0,SPOKED,SPOKED,0,0.0,0.0,0.0,280.0,880.0,34.0,300.0,1.0
410.0,68.0,640.0,73.0,180.0,40.0,550.0,73.0,660.0,50.0,40.0,28.6,34.9,34.9,23.35,13.0,15.0,ALUMINIUM,30.0,45.0,45.0,0.0,0.0,0.0,0.0,False,False,130.0,2.0,0.9,1.1,1.2,1.0,0.9,0.9,680.0,50.0,680.0,50.0,0,0,False,0,0.0,68.0,44.0,0.0,31.8,False,True,False,False,True,11,2,False,30.0,144.0,240.0,SPOKED,SPOKED,0,0.0,0.0,0.0,278.0,760.0,34.9,340.0,1.0
415.0,68.0,635.0,73.5,175.0,42.0,555.0,73.0,655.0,52.0,40.0,28.6,34.9,34.9,23.35,13.5,15.0,ALUMINIUM,29.0,44.0,46.0,0.0,0.0,0.0,0.0,False,False,130.0,2.0,0.9,1.1,1.2,1.0,0.9,0.9,680.0,48.0,680.0,48.0,0,1,False,2,3.0,68.0,44.0,5.0,31.8,True,True,False,False,True,11,1,False,200.0,50.0,50.0,DISC,SPOKED,0,0.0,0.0,0.0,280.0,762.0,35.0,345.0,1.0
420.0,72.0,650.0,72.0,185.0,38.0,545.0,74.0,670.0,48.0,40.0,28.6,34.9,34.9,23.35,12.5,15.5,ALUMINIUM,32.0,43.0,44.0,0.0,0.0,0.0,0.0,False,False,130.0,2.0,0.9,1.1,1.2,1.0,0.9,0.9,680.0,52.0,680.0,52.0,0,2,False,0,1.0,68.0,46.0,0.0,31.8,True,False,False,False,True,10,2,False,0.0,128.0,255.0,SPOKED,SPOKED,0,0.0,0.0,0.0,275.0,758.0,34.9,338.0,1.0
430.0,69.0,640.0,73.0,175.0,40.0,560.0,73.5,660.0,50.0,40.0,28.6,34.9,34.9,23.35,14.0,16.0,ALUMINIUM,31.0,45.0,45.0,0.0,0.0,0.0,0.0,False,False,130.0,2.0,0.9,1.1,1.2,1.0,0.9,0.9,680.0,50.0,680.0,50.0,0,0,True,0,0.0,70.0,50.0,0.0,31.8,False,True,False,False,True,11,2,False,255.0,165.0,0.0,SPOKED,SPOKED,0,0.0,0.0,0.0,280.0,765.0,34.9,345.0,2.0
440.0,74.0,655.0,72.5,190.0,42.0,555.0,74.0,665.0,47.0,40.0,28.6,34.9,34.9,23.35,13.0,15.0,ALUMINIUM,34.0,46.0,44.0,0.0,0.0,0.0,0.0,False,False,130.0,2.0,0.9,1.1,1.2,1.0,0.9,0.9,680.0,49.0,680.0,49.0,0,1,False,2,2.0,68.0,44.0,5.0,31.8,True,False,False,False,False,12,1,False,0.0,0.0,128.0,SPOKED,SPOKED,0,0.0,0.0,0.0,276.0,760.0,34.9,350.0,1.0
450.0,70.0,660.0,71.5,195.0,40.0,545.0,73.0,670.0,49.0,40.0,28.6,34.9,34.9,23.35,13.5,15.0,ALUMINIUM,35.0,44.0,45.0,0.0,0.0,0.0,0.0,False,False,130.0,2.0,0.9,1.1,1.2,1.0,0.9,0.9,680.0,50.0,680.0,50.0,0,2,False,0,0.0,68.0,44.0,0.0,31.8,False,True,False,False,True,11,1,False,255.0,192.0,203.0,SPOKED,SPOKED,0,0.0,0.0,0.0,280.0,770.0,34.9,340.0,2.0
460.0,73.0,645.0,73.0,180.0,39.0,550.0,74.0,665.0,50.0,40.0,28.6,34.9,34.9,23.35,13.0,15.0,ALUMINIUM,30.0,45.0,46.0,0.0,0.0,0.0,0.0,False,False,130.0,2.0,0.9,1.1,1.2,1.0,0.9,0.9,680.0,51.0,680.0,51.0,1,1,False,0,0.0,69.0,45.0,0.0,31.8,True,False,False,False,True,10,2,False,128.0,0.0,0.0,SPOKED,SPOKED,0,0.0,0.0,0.0,278.0,755.0,34.9,339.0,1.0
400.0,70.0,630.0,74.0,170.0,40.0,560.0,73.5,655.0,51.0,40.0,28.6,34.9,34.9,23.35,12.0,15.0,ALUMINIUM,28.0,46.0,43.0,0.0,0.0,0.0,0.0,False,False,130.0,2.0,0.9,1.1,1.2,1.0,0.9,0.9,680.0,50.0,680.0,50.0,0,0,False,0,0.0,68.0,44.0,0.0,31.8,True,True,False,False,True,9,2,False,0.0,100.0,0.0,SPOKED,SPOKED,0,0.0,0.0,0.0,280.0,758.0,34.9,342.0,1.0
435.0,69.0,655.0,72.0,190.0,37.0,548.0,74.5,645.0,49.0,40.0,28.6,34.9,34.9,23.35,14.5,15.0,ALUMINIUM,33.0,44.5,44.0,0.0,0.0,0.0,0.0,False,False,130.0,2.0,0.9,1.1,1.2,1.0,0.9,0.9,680.0,50.0,680.0,50.0,2,1,False,2,2.0,68.0,44.0,0.0,31.8,False,False,False,False,True,11,2,False,75.0,0.0,130.0,SPOKED,SPOKED,0,0.0,0.0,0.0,275.0,760.0,34.9,341.0,2.0
445.0,71.0,648.0,73.0,185.0,41.0,555.0,73.0,660.0,50.0,40.0,28.6,34.9,34.9,23.35,13.0,15.0,ALUMINIUM,32.5,45.5,45.0,0.0,0.0,0.0,0.0,False,False,130.0,2.0,0.9,1.1,1.2,1.0,0.9,0.9,680.0,50.0,680.0,50.0,0,2,False,0,0.0,68.0,44.0,0.0,31.8,True,True,False,False,True,11,2,False,255.0,215.0,0.0,SPOKED,SPOKED,0,0.0,0.0,0.0,280.0,762.0,34.9,344.0,1.0
410.0,75.0,640.0,73.5,160.0,50.0,550.0,74.0,620.0,45.0,42.0,34.0,36.0,30.0,30.0,15.0,9.0,ALUMINIUM,30.0,40.0,40.0,0.0,0.0,0.0,0.0,False,False,130.0,1.0,1.0,1.0,1.0,1.0,1.0,1.0,680.0,23.35,680.0,23.35,0,1,False,0,1.0,68.0,45.0,0.0,31.8,False,False,False,False,True,9,2,False,200.0,200.0,200.0,DISC,SPOKED,0,0.0,0.0,0.0,280.0,745.0,36.0,350.0,1.0
405.0,78.0,655.0,72.8,155.0,48.0,545.0,73.5,630.0,47.0,43.0,32.0,35.0,29.0,31.0,14.0,8.5,ALUMINIUM,28.0,38.0,42.0,0.0,0.0,0.0,0.0,False,False,130.0,1.0,1.0,1.0,1.0,1.0,1.0,1.0,680.0,23.35,680.0,23.35,0,1,False,0,0.0,68.0,45.0,0.0,31.8,False,False,False,False,True,9,2,False,210.0,190.0,200.0,DISC,SPOKED,0,0.0,0.0,0.0,280.0,745.0,36.0,350.0,1.0
415.0,72.0,650.0,73.0,165.0,52.0,555.0,74.5,615.0,44.0,42.0,33.0,34.0,28.0,29.0,16.0,9.5,ALUMINIUM,32.0,42.0,38.0,0.0,0.0,0.0,0.0,False,False,130.0,1.0,1.0,1.0,1.0,1.0,1.0,1.0,680.0,23.35,680.0,23.35,0,1,False,0,0.0,68.0,45.0,0.0,31.8,False,False,False,False,True,9,2,False,180.0,180.0,180.0,DISC,SPOKED,0,0.0,0.0,0.0,280.0,745.0,36.0,350.0,1.0
420.0,76.0,645.0,73.2,162.0,49.0,548.0,73.8,625.0,46.0,41.0,34.0,36.0,30.0,30.0,15.5,9.2,ALUMINIUM,29.0,39.0,41.0,0.0,0.0,0.0,0.0,False,False,130.0,1.0,1.0,1.0,1.0,1.0,1.0,1.0,680.0,23.35,680.0,23.35,0,1,False,0,1.0,68.0,45.0,0.0,31.8,False,False,False,False,True,9,2,False,220.0,205.0,180.0,DISC,SPOKED,0,0.0,0.0,0.0,280.0,745.0,36.0,350.0,1.0
395.0,74.0,660.0,73.7,158.0,51.0,560.0,74.2,640.0,48.0,43.0,35.0,37.0,31.0,32.0,15.0,9.0,ALUMINIUM,31.0,41.0,39.0,0.0,0.0,0.0,0.0,False,False,130.0,1.0,1.0,1.0,1.0,1.0,1.0,1.0,680.0,23.35,680.0,23.35,0,1,False,0,1.0,68.0,45.0,0.0,31.8,False,False,False,False,True,9,2,False,200.0,150.0,150.0,DISC,SPOKED,0,0.0,0.0,0.0,280.0,745.0,36.0,350.0,1.0
400.0,77.0,630.0,72.5,150.0,47.0,540.0,73.3,605.0,43.0,42.0,34.0,35.0,30.0,29.0,14.5,8.8,ALUMINIUM,27.0,37.0,43.0,0.0,0.0,0.0,0.0,False,False,130.0,1.0,1.0,1.0,1.0,1.0,1.0,1.0,680.0,23.35,680.0,23.35,0,1,False,0,1.0,68.0,45.0,0.0,31.8,False,False,False,False,True,9,2,False,175.0,200.0,200.0,DISC,SPOKED,0,0.0,0.0,0.0,280.0,745.0,36.0,350.0,1.0
425.0,79.0,670.0,74.0,168.0,54.0,570.0,74.8,650.0,45.5,44.0,36.0,38.0,32.0,32.0,15.2,9.3,ALUMINIUM,33.0,43.0,40.0,0.0,0.0,0.0,0.0,False,False,130.0,1.0,1.0,1.0,1.0,1.0,1.0,1.0,680.0,23.35,680.0,23.35,0,1,False,0,0.0,68.0,45.0,0.0,31.8,False,False,False,False,True,9,2,False,210.0,180.0,160.0,DISC,SPOKED,0,0.0,0.0,0.0,280.0,745.0,36.0,350.0,1.0
390.0,73.0,635.0,72.9,152.0,46.0,535.0,73.4,610.0,46.0,41.0,33.0,34.0,29.0,30.0,14.8,8.7,ALUMINIUM,26.0,36.0,42.0,0.0,0.0,0.0,0.0,False,False,130.0,1.0,1.0,1.0,1.0,1.0,1.0,1.0,680.0,23.35,680.0,23.35,0,1,False,0,1.0,68.0,45.0,0.0,31.8,False,False,False,False,True,9,2,False,240.0,240.0,220.0,DISC,SPOKED,0,0.0,0.0,0.0,280.0,745.0,36.0,350.0,1.0
430.0,75.0,660.0,73.3,170.0,53.0,565.0,74.4,635.0,44.5,42.0,35.0,37.0,31.0,31.0,15.1,9.1,ALUMINIUM,34.0,44.0,39.0,0.0,0.0,0.0,0.0,False,False,130.0,1.0,1.0,1.0,1.0,1.0,1.0,1.0,680.0,23.35,680.0,23.35,0,1,False,0,1.0,68.0,45.0,0.0,31.8,False,False,False,False,True,9,2,False,190.0,200.0,180.0,DISC,SPOKED,0,0.0,0.0,0.0,280.0,745.0,36.0,350.0,1.0
405.0,71.0,645.0,73.1,157.0,48.5,550.0,73.6,620.0,45.8,41.0,34.0,36.0,30.0,29.0,14.9,8.9,ALUMINIUM,30.0,40.0,41.0,0.0,0.0,0.0,0.0,False,False,130.0,1.0,1.0,1.0,1.0,1.0,1.0,1.0,680.0,23.35,680.0,23.35,0,1,False,0,1.0,68.0,45.0,0.0,31.8,False,False,False,False,True,9,2,False,180.0,190.0,200.0,DISC,SPOKED,0,0.0,0.0,0.0,280.0,745.0,36.0,350.0,1.0
420.0,70.0,600.0,73.0,180.0,45.0,550.0,73.0,670.0,45.0,42.0,31.0,36.5,36.5,30.0,13.0,15.0,ALUMINIUM,35.0,35.0,55.0,0.0,0.0,0.0,0.0,False,False,130.0,1.0,1.0,1.0,1.0,1.0,1.0,1.0,674.0,52.0,674.0,52.0,0,0,False,0,3.0,68.0,45.0,0.0,31.8,False,True,False,False,True,11,2,False,255.0,0.0,0.0,DISC,DISC,0,0.0,80.0,80.0,280.0,760.0,34.9,300.0,1.0
430.0,70.0,610.0,73.0,190.0,45.0,560.0,73.0,675.0,45.0,42.0,31.0,36.5,36.5,30.0,13.0,15.0,ALUMINIUM,32.0,38.0,52.0,0.0,0.0,0.0,0.0,False,False,130.0,1.0,1.0,1.0,1.0,1.0,1.0,1.0,674.0,52.0,674.0,52.0,0,1,False,0,3.0,68.0,45.0,0.0,31.8,False,True,False,False,True,11,2,False,0.0,255.0,0.0,SPOKED,SPOKED,0,0.0,80.0,80.0,280.0,770.0,34.9,305.0,1.0
405.0,70.0,590.0,73.0,170.0,45.0,545.0,73.0,665.0,45.0,42.0,31.0,36.5,36.5,30.0,13.0,15.0,ALUMINIUM,33.0,36.0,53.0,0.0,0.0,0.0,0.0,False,False,130.0,1.0,1.0,1.0,1.0,1.0,1.0,1.0,674.0,52.0,674.0,52.0,0,2,False,0,3.0,68.0,45.0,0.0,31.8,False,True,False,False,True,11,2,False,0.0,0.0,255.0,TRISPOKE,TRISPOKE,1,1.0,80.0,80.0,280.0,750.0,34.9,300.0,1.0
435.0,70.0,580.0,73.0,160.0,45.0,540.0,73.0,660.0,45.0,42.0,31.0,36.5,36.5,30.0,13.0,15.0,ALUMINIUM,31.0,34.0,54.0,0.0,0.0,0.0,0.0,False,False,130.0,1.0,1.0,1.0,1.0,1.0,1.0,1.0,674.0,52.0,674.0,52.0,0,0,False,0,3.0,68.0,45.0,0.0,31.8,False,True,False,False,True,11,2,False,255.0,255.0,0.0,DISC,SPOKED,0,0.0,80.0,80.0,280.0,765.0,34.9,290.0,1.0
415.0,70.0,620.0,73.0,200.0,45.0,565.0,73.0,680.0,45.0,42.0,31.0,36.5,36.5,30.0,13.0,15.0,ALUMINIUM,36.0,39.0,56.0,0.0,0.0,0.0,0.0,False,False,130.0,1.0,1.0,1.0,1.0,1.0,1.0,1.0,674.0,52.0,674.0,52.0,0,1,False,0,3.0,68.0,45.0,0.0,31.8,False,True,False,False,True,11,2,False,255.0,0.0,255.0,SPOKED,DISC,0,0.0,80.0,80.0,280.0,780.0,34.9,310.0,1.0
425.0,70.0,605.0,73.0,175.0,45.0,550.0,73.0,672.0,45.0,42.0,31.0,36.5,36.5,30.0,13.0,15.0,ALUMINIUM,34.0,37.0,55.0,0.0,0.0,0.0,0.0,False,False,130.0,1.0,1.0,1.0,1.0,1.0,1.0,1.0,674.0,52.0,674.0,52.0,0,2,False,0,3.0,68.0,45.0,0.0,31.8,False,True,False,False,True,11,2,False,0.0,255.0,255.0,DISC,TRISPOKE,0,1.0,80.0,80.0,280.0,755.0,34.9,295.0,1.0
410.0,70.0,595.0,73.0,165.0,45.0,545.0,73.0,668.0,45.0,42.0,31.0,36.5,36.5,30.0,13.0,15.0,ALUMINIUM,33.0,35.0,53.0,0.0,0.0,0.0,0.0,False,False,130.0,1.0,1.0,1.0,1.0,1.0,1.0,1.0,674.0,52.0,674.0,52.0,0,0,False,0,3.0,68.0,45.0,0.0,31.8,False,True,False,False,True,11,2,False,128.0,128.0,128.0,SPOKED,TRISPOKE,0,1.0,80.0,80.0,280.0,765.0,34.9,285.0,1.0
440.0,70.0,615.0,73.0,185.0,45.0,555.0,73.0,677.0,45.0,42.0,31.0,36.5,36.5,30.0,13.0,15.0,ALUMINIUM,38.0,36.0,57.0,0.0,0.0,0.0,0.0,False,False,130.0,1.0,1.0,1.0,1.0,1.0,1.0,1.0,674.0,52.0,674.0,52.0,0,1,False,0,3.0,68.0,45.0,0.0,31.8,False,True,False,False,True,11,2,False,100.0,150.0,200.0,TRISPOKE,DISC,1,0.0,80.0,80.0,280.0,770.0,34.9,310.0,1.0
400.0,70.0,610.0,73.0,195.0,45.0,560.0,73.0,680.0,45.0,42.0,31.0,36.5,36.5,30.0,13.0,15.0,ALUMINIUM,37.0,39.0,54.0,0.0,0.0,0.0,0.0,False,False,130.0,1.0,1.0,1.0,1.0,1.0,1.0,1.0,674.0,52.0,674.0,52.0,0,2,False,0,3.0,68.0,45.0,0.0,31.8,False,True,False,False,True,11,2,False,50.0,100.0,150.0,SPOKED,DISC,0,0.0,80.0,80.0,280.0,780.0,34.9,320.0,1.0
430.0,70.0,600.0,73.0,155.0,45.0,545.0,73.0,665.0,45.0,42.0,31.0,36.5,36.5,30.0,13.0,15.0,ALUMINIUM,30.0,34.0,50.0,0.0,0.0,0.0,0.0,False,False,130.0,1.0,1.0,1.0,1.0,1.0,1.0,1.0,674.0,52.0,674.0,52.0,0,1,False,0,3.0,68.0,45.0,0.0,31.8,False,True,False,False,True,11,2,False,200.0,50.0,100.0,SPOKED,SPOKED,0,0.0,80.0,80.0,280.0,760.0,34.9,300.0,1.0
390.0,70.0,600.0,72.5,150.0,45.0,550.0,73.0,650.0,45.0,45.0,28.6,36.5,23.35,13.0,15.0,9.0,ALUMINIUM,30.0,45.0,50.0,330.0,350.0,16.0,18.0,False,False,130.0,2.0,0.9,1.1,0.9,1.2,1.0,0.9,700.0,52.0,700.0,52.0,0,0,False,0,1.0,68.0,45.0,692.0,31.8,False,True,False,False,True,10,2,False,30.0,60.0,120.0,DISC,SPOKED,0,0.0,0.0,0.0,280.0,750.0,34.9,300.0,1.0
395.0,72.0,580.0,73.5,140.0,50.0,540.0,74.0,660.0,50.0,42.0,28.6,36.5,23.35,13.0,15.0,9.0,ALUMINIUM,30.0,45.0,50.0,330.0,350.0,16.0,18.0,False,False,130.0,2.0,0.9,1.1,0.9,1.2,1.0,0.9,700.0,52.0,700.0,52.0,0,0,False,0,1.0,68.0,45.0,692.0,31.8,False,True,False,False,True,10,2,False,30.0,60.0,120.0,DISC,SPOKED,0,0.0,0.0,0.0,280.0,750.0,34.9,300.0,1.0
400.0,68.0,620.0,72.0,160.0,40.0,560.0,72.0,640.0,40.0,50.0,28.6,36.5,23.35,13.0,15.0,9.0,ALUMINIUM,30.0,45.0,50.0,330.0,350.0,16.0,18.0,False,False,130.0,2.0,0.9,1.1,0.9,1.2,1.0,0.9,700.0,52.0,700.0,52.0,0,0,False,0,1.0,68.0,45.0,692.0,31.8,False,True,False,False,True,10,2,False,30.0,60.0,120.0,DISC,SPOKED,0,0.0,0.0,0.0,280.0,750.0,34.9,300.0,1.0
405.0,75.0,590.0,74.0,155.0,55.0,530.0,75.0,670.0,55.0,40.0,28.6,36.5,23.35,13.0,15.0,9.0,ALUMINIUM,30.0,45.0,50.0,330.0,350.0,16.0,18.0,False,False,130.0,2.0,0.9,1.1,0.9,1.2,1.0,0.9,700.0,52.0,700.0,52.0,0,0,False,0,1.0,68.0,45.0,692.0,31.8,False,True,False,False,True,10,2,False,30.0,60.0,120.0,DISC,SPOKED,0,0.0,0.0,0.0,280.0,750.0,34.9,300.0,1.0
410.0,65.0,610.0,73.0,145.0,60.0,580.0,73.5,655.0,60.0,48.0,28.6,36.5,23.35,13.0,15.0,9.0,ALUMINIUM,30.0,45.0,50.0,330.0,350.0,16.0,18.0,False,False,130.0,2.0,0.9,1.1,0.9,1.2,1.0,0.9,700.0,52.0,700.0,52.0,0,0,False,0,1.0,68.0,45.0,692.0,31.8,False,True,False,False,True,10,2,False,30.0,60.0,120.0,DISC,SPOKED,0,0.0,0.0,0.0,280.0,750.0,34.9,300.0,1.0
415.0,80.0,575.0,71.5,165.0,42.0,525.0,71.5,675.0,50.0,43.0,28.6,36.5,23.35,13.0,15.0,9.0,ALUMINIUM,30.0,45.0,50.0,330.0,350.0,16.0,18.0,False,False,130.0,2.0,0.9,1.1,0.9,1.2,1.0,0.9,700.0,52.0,700.0,52.0,0,0,False,0,1.0,68.0,45.0,692.0,31.8,False,True,False,False,True,10,2,False,30.0,60.0,120.0,DISC,SPOKED,0,0.0,0.0,0.0,280.0,750.0,34.9,300.0,1.0
420.0,60.0,605.0,73.8,135.0,48.0,575.0,74.5,645.0,47.0,47.0,28.6,36.5,23.35,13.0,15.0,9.0,ALUMINIUM,30.0,45.0,50.0,330.0,350.0,16.0,18.0,False,False,130.0,2.0,0.9,1.1,0.9,1.2,1.0,0.9,700.0,52.0,700.0,52.0,0,0,False,0,1.0,68.0,45.0,692.0,31.8,False,True,False,False,True,10,2,False,30.0,60.0,120.0,DISC,SPOKED,0,0.0,0.0,0.0,280.0,750.0,34.9,300.0,1.0
425.0,77.0,595.0,72.8,170.0,52.0,545.0,72.8,665.0,52.0,44.0,28.6,36.5,23.35,13.0,15.0,9.0,ALUMINIUM,30.0,45.0,50.0,330.0,350.0,16.0,18.0,False,False,130.0,2.0,0.9,1.1,0.9,1.2,1.0,0.9,700.0,52.0,700.0,52.0,0,0,False,0,1.0,68.0,45.0,692.0,31.8,False,True,False,False,True,10,2,False,30.0,60.0,120.0,DISC,SPOKED,0,0.0,0.0,0.0,280.0,750.0,34.9,300.0,1.0
430.0,70.0,615.0,73.2,152.0,58.0,565.0,73.2,635.0,58.0,49.0,28.6,36.5,23.35,13.0,15.0,9.0,ALUMINIUM,30.0,45.0,50.0,330.0,350.0,16.0,18.0,False,False,130.0,2.0,0.9,1.1,0.9,1.2,1.0,0.9,700.0,52.0,700.0,52.0,0,0,False,0,1.0,68.0,45.0,692.0,31.8,False,True,False,False,True,10,2,False,30.0,60.0,120.0,DISC,SPOKED,0,0.0,0.0,0.0,280.0,750.0,34.9,300.0,1.0
435.0,74.0,585.0,74.5,148.0,46.0,535.0,74.8,680.0,42.0,41.0,28.6,36.5,23.35,13.0,15.0,9.0,ALUMINIUM,30.0,45.0,50.0,330.0,350.0,16.0,18.0,False,False,130.0,2.0,0.9,1.1,0.9,1.2,1.0,0.9,700.0,52.0,700.0,52.0,0,0,False,0,1.0,68.0,45.0,692.0,31.8,False,True,False,False,True,10,2,False,30.0,60.0,120.0,DISC,SPOKED,0,0.0,0.0,0.0,280.0,750.0,34.9,300.0,1.0
405.0,70.0,580.0,72.0,150.0,45.0,540.0,73.0,640.0,45.0,40.0,40.0,30.0,36.5,25.0,13.0,15.0,ALUMINIUM,30.0,40.0,45.0,330.0,350.0,16.0,18.0,False,False,130.0,2.0,0.9,1.1,0.9,1.2,1.0,0.9,700.0,50.0,700.0,50.0,0,0,False,0,1.0,68.0,45.0,0.0,31.8,False,True,False,False,True,10,2,False,255.0,0.0,0.0,SPOKED,SPOKED,0,0.0,0.0,0.0,275.0,760.0,34.9,300.0,1.0
410.0,71.0,585.0,73.0,155.0,45.0,545.0,74.0,643.0,47.0,40.0,40.0,30.0,36.5,25.0,13.0,15.0,ALUMINIUM,31.0,41.0,46.0,330.0,350.0,16.0,18.0,False,False,130.0,2.0,0.9,1.1,0.9,1.2,1.0,0.9,700.0,50.0,700.0,50.0,0,0,False,0,1.0,68.0,45.0,0.0,31.8,False,True,False,False,True,10,2,False,0.0,255.0,0.0,SPOKED,SPOKED,0,0.0,0.0,0.0,275.0,762.0,34.9,300.0,1.0
415.0,69.0,590.0,74.0,160.0,45.0,550.0,73.0,646.0,49.0,40.0,40.0,30.0,36.5,25.0,13.0,15.0,ALUMINIUM,32.0,42.0,47.0,330.0,350.0,16.0,18.0,False,False,130.0,2.0,0.9,1.1,0.9,1.2,1.0,0.9,700.0,50.0,700.0,50.0,0,0,False,0,1.0,68.0,45.0,0.0,31.8,False,True,False,False,True,10,2,False,0.0,0.0,255.0,SPOKED,SPOKED,0,0.0,0.0,0.0,275.0,764.0,34.9,300.0,1.0
420.0,72.0,595.0,72.0,165.0,45.0,555.0,74.0,649.0,45.0,40.0,40.0,30.0,36.5,25.0,13.0,15.0,ALUMINIUM,33.0,43.0,48.0,330.0,350.0,16.0,18.0,False,False,130.0,2.0,0.9,1.1,0.9,1.2,1.0,0.9,700.0,50.0,700.0,50.0,0,0,False,0,1.0,68.0,45.0,0.0,31.8,False,True,False,False,True,10,2,False,255.0,255.0,0.0,SPOKED,SPOKED,0,0.0,0.0,0.0,275.0,766.0,34.9,300.0,1.0
425.0,73.0,600.0,73.0,170.0,45.0,560.0,73.0,652.0,47.0,40.0,40.0,30.0,36.5,25.0,13.0,15.0,ALUMINIUM,34.0,44.0,49.0,330.0,350.0,16.0,18.0,False,False,130.0,2.0,0.9,1.1,0.9,1.2,1.0,0.9,700.0,50.0,700.0,50.0,0,0,False,0,1.0,68.0,45.0,0.0,31.8,False,True,False,False,True,10,2,False,255.0,0.0,255.0,SPOKED,SPOKED,0,0.0,0.0,0.0,275.0,768.0,34.9,300.0,1.0
430.0,74.0,605.0,74.0,175.0,45.0,565.0,74.0,655.0,49.0,40.0,40.0,30.0,36.5,25.0,13.0,15.0,ALUMINIUM,30.0,40.0,45.0,330.0,350.0,16.0,18.0,False,False,130.0,2.0,0.9,1.1,0.9,1.2,1.0,0.9,700.0,50.0,700.0,50.0,0,0,False,0,1.0,68.0,45.0,0.0,31.8,False,True,False,False,True,10,2,False,0.0,255.0,255.0,SPOKED,SPOKED,0,0.0,0.0,0.0,275.0,770.0,34.9,300.0,1.0
435.0,67.0,610.0,72.0,180.0,45.0,570.0,73.0,658.0,45.0,40.0,40.0,30.0,36.5,25.0,13.0,15.0,ALUMINIUM,31.0,41.0,46.0,330.0,350.0,16.0,18.0,False,False,130.0,2.0,0.9,1.1,0.9,1.2,1.0,0.9,700.0,50.0,700.0,50.0,0,0,False,0,1.0,68.0,45.0,0.0,31.8,False,True,False,False,True,10,2,False,128.0,0.0,128.0,SPOKED,SPOKED,0,0.0,0.0,0.0,275.0,772.0,34.9,300.0,1.0
440.0,74.0,615.0,73.0,185.0,45.0,575.0,74.0,661.0,47.0,40.0,40.0,30.0,36.5,25.0,13.0,15.0,ALUMINIUM,32.0,42.0,47.0,330.0,350.0,16.0,18.0,False,False,130.0,2.0,0.9,1.1,0.9,1.2,1.0,0.9,700.0,50.0,700.0,50.0,0,0,False,0,1.0,68.0,45.0,0.0,31.8,False,True,False,False,True,10,2,False,128.0,128.0,0.0,SPOKED,SPOKED,0,0.0,0.0,0.0,275.0,774.0,34.9,300.0,1.0
445.0,66.0,620.0,74.0,190.0,45.0,580.0,73.0,664.0,49.0,40.0,40.0,30.0,36.5,25.0,13.0,15.0,ALUMINIUM,33.0,43.0,48.0,330.0,350.0,16.0,18.0,False,False,130.0,2.0,0.9,1.1,0.9,1.2,1.0,0.9,700.0,50.0,700.0,50.0,0,0,False,0,1.0,68.0,45.0,0.0,31.8,False,True,False,False,True,10,2,False,0.0,128.0,128.0,SPOKED,SPOKED,0,0.0,0.0,0.0,275.0,776.0,34.9,300.0,1.0
450.0,75.0,625.0,72.0,195.0,45.0,585.0,74.0,667.0,45.0,40.0,40.0,30.0,36.5,25.0,13.0,15.0,ALUMINIUM,34.0,44.0,49.0,330.0,350.0,16.0,18.0,False,False,130.0,2.0,0.9,1.1,0.9,1.2,1.0,0.9,700.0,50.0,700.0,50.0,0,0,False,0,1.0,68.0,45.0,0.0,31.8,False,True,False,False,True,10,2,False,128.0,64.0,0.0,SPOKED,SPOKED,0,0.0,0.0,0.0,275.0,778.0,34.9,300.0,1.0
400.0,60.0,580.0,72.0,140.0,45.0,530.0,72.5,575.0,50.0,40.0,30.0,35.0,22.0,12.0,12.0,8.0,ALUMINIUM,28.0,48.0,43.0,0.0,0.0,0.0,0.0,False,False,130.0,1.2,1.0,1.0,1.2,1.0,1.0,1.0,680.0,121.0,680.0,121.0,0,0,False,0,1.0,68.0,45.0,0.0,31.8,False,True,False,False,True,9,2,False,192.0,192.0,192,SPOKED,SPOKED,0,0.0,80.0,80.0,275.0,740.0,34.9,280.0,1.0
405.0,62.0,590.0,72.5,150.0,50.0,540.0,73.0,580.0,52.0,40.0,31.0,36.0,23.0,13.0,13.0,9.0,ALUMINIUM,30.0,50.0,45.0,0.0,0.0,0.0,0.0,False,False,130.0,1.2,1.0,1.0,1.2,1.0,1.0,1.0,680.0,121.0,680.0,121.0,0,0,False,0,1.0,68.0,45.0,0.0,31.8,False,True,False,False,True,10,2,False,193.0,193.0,193,SPOKED,SPOKED,0,0.0,80.0,80.0,280.0,750.0,35.0,290.0,1.0
420.0,70.0,610.0,73.0,150.0,45.0,520.0,73.0,650.0,45.0,42.0,28.6,33.6,36.5,23.35,13.0,15.0,ALUMINIUM,32.0,55.0,45.0,330.0,350.0,0.0,0.0,False,False,130.0,2.0,0.9,1.1,0.9,1.2,1.0,0.9,674.0,52.0,674.0,52.0,0,0,False,0,1.0,68.0,45.0,692.0,31.8,False,True,False,False,True,11,2,False,0.0,123.0,255,DISC,SPOKED,0,0.0,0.0,0.0,280.0,780.0,34.9,300.0,1.0
430.0,68.0,615.0,72.5,160.0,50.0,530.0,72.5,655.0,46.0,40.0,30.0,33.6,36.5,23.35,13.0,15.0,ALUMINIUM,35.0,60.0,48.0,330.0,350.0,0.0,0.0,False,False,135.0,2.0,0.95,1.1,0.9,1.2,1.0,0.9,680.0,50.0,680.0,50.0,0,1,False,0,3.0,68.0,45.0,690.0,32.0,True,True,False,False,True,12,2,False,200.0,100.0,50,SPOKED,SPOKED,0,0.0,0.0,0.0,300.0,750.0,35.0,305.0,1.0
420.0,72.0,605.0,72.0,140.0,40.0,515.0,72.0,660.0,44.0,40.0,28.6,33.6,36.5,23.35,13.0,15.0,ALUMINIUM,30.0,55.0,43.0,330.0,350.0,0.0,0.0,False,False,130.0,1.2,0.8,1.0,0.8,1.2,1.0,0.8,670.0,55.0,670.0,55.0,0,0,False,0,2.0,70.0,40.0,685.0,30.0,False,True,False,False,True,11,2,False,128.0,0.0,128,DISC,DISC,1,1.0,50.0,50.0,290.0,760.0,34.9,300.0,0.0
440.0,68.5,620.0,74.0,165.0,48.0,540.0,74.0,645.0,46.0,42.0,29.0,34.0,36.5,23.35,13.0,15.0,ALUMINIUM,36.0,60.0,50.0,330.0,350.0,0.0,0.0,False,False,130.0,1.8,0.9,1.1,0.9,1.2,1.1,0.9,675.0,52.0,675.0,52.0,0,1,False,0,3.0,68.0,47.0,692.0,32.0,False,True,False,False,True,11,1,False,0.0,255.0,0,SPOKED,DISC,0,0.0,0.0,0.0,285.0,770.0,35.0,310.0,1.0
450.0,67.5,612.0,73.0,145.0,43.0,510.0,73.5,660.0,44.0,40.0,28.6,33.6,36.0,22.0,12.0,14.5,ALUMINIUM,28.0,52.0,42.0,330.0,350.0,0.0,0.0,False,False,130.0,2.0,1.0,1.2,1.0,1.1,1.0,0.9,680.0,50.0,680.0,50.0,0,2,False,0,1.0,68.0,45.0,690.0,32.0,False,True,False,False,True,10,2,False,255.0,165.0,0,SPOKED,SPOKED,0,0.0,0.0,0.0,295.0,755.0,34.0,300.0,1.0
415.0,69.0,608.0,72.8,152.0,46.0,530.0,72.8,650.0,45.0,42.0,29.0,33.6,36.5,23.35,13.2,15.2,ALUMINIUM,32.0,56.0,47.0,330.0,350.0,0.0,0.0,False,False,135.0,2.0,0.95,1.1,0.9,1.2,1.0,0.9,674.0,54.0,674.0,54.0,0,1,False,0,1.0,68.0,45.0,692.0,31.8,True,True,True,False,True,11,2,False,100.0,100.0,100,DISC,SPOKED,0,0.0,0.0,0.0,300.0,760.0,35.0,300.0,1.0
400.0,68.0,605.0,73.2,148.0,44.0,525.0,73.2,658.0,44.0,40.0,28.6,33.6,36.5,23.35,13.0,15.0,ALUMINIUM,31.0,54.0,45.0,330.0,350.0,0.0,0.0,False,False,135.0,1.9,0.9,1.1,0.9,1.2,1.0,0.9,680.0,50.0,680.0,50.0,0,2,False,0,1.0,68.0,45.0,690.0,32.0,False,False,False,False,True,12,1,False,0.0,0.0,0,DISC,DISC,0,0.0,0.0,0.0,290.0,770.0,34.9,300.0,1.0
435.0,70.0,620.0,74.0,160.0,49.0,540.0,74.0,645.0,46.0,42.0,30.0,34.0,36.5,23.35,13.5,15.5,ALUMINIUM,35.0,58.0,50.0,330.0,350.0,0.0,0.0,False,False,130.0,2.0,1.0,1.1,1.0,1.2,1.1,0.9,675.0,52.0,675.0,52.0,0,1,False,0,3.0,68.0,45.0,692.0,32.0,True,True,True,True,True,10,2,False,0.0,255.0,255,DISC,SPOKED,0,0.0,0.0,0.0,285.0,750.0,34.9,310.0,1.0
450.0,66.0,600.0,72.5,142.0,43.0,515.0,73.0,660.0,44.0,40.0,28.6,33.6,36.2,23.35,12.8,14.8,ALUMINIUM,29.0,53.0,44.0,330.0,350.0,0.0,0.0,False,False,135.0,1.8,0.95,1.1,0.9,1.2,1.0,0.9,680.0,54.0,680.0,54.0,0,0,False,0,2.0,68.0,45.0,690.0,32.0,False,True,False,False,True,11,2,False,128.0,128.0,0,SPOKED,SPOKED,0,0.0,0.0,0.0,300.0,760.0,34.9,300.0,1.0
425.0,69.0,610.0,73.8,158.0,47.0,535.0,73.8,655.0,45.0,42.0,29.0,33.6,36.5,23.35,13.1,15.1,ALUMINIUM,34.0,57.0,48.0,330.0,350.0,0.0,0.0,False,False,130.0,2.0,0.9,1.1,0.9,1.2,1.0,0.9,674.0,52.0,674.0,52.0,0,2,False,0,1.0,68.0,45.0,692.0,31.8,True,True,False,False,True,12,3,False,255.0,20.0,147,SPOKED,DISC,0,0.0,0.0,0.0,295.0,755.0,35.0,305.0,1.0
415.0,70.0,620.0,73.0,180.0,60.0,560.0,74.0,660.0,50.0,40.0,28.6,33.6,36.5,23.35,13.0,9.0,ALUMINIUM,35.0,45.0,50.0,0.0,0.0,0.0,0.0,False,False,130.0,2.0,1.2,1.3,1.2,1.0,0.9,1.1,680.0,121.0,680.0,121.0,0,1,False,0,1.0,68.0,45.0,0.0,31.8,False,True,False,False,True,11,2,False,0.0,122.0,255,SPOKED,SPOKED,0,0.0,0.0,0.0,280.0,780.0,34.9,350.0,1.0
410.0,68.0,610.0,72.5,170.0,55.0,550.0,73.0,650.0,55.0,40.0,28.6,33.6,36.5,23.35,13.0,9.0,ALUMINIUM,32.0,42.0,47.0,0.0,0.0,0.0,0.0,False,False,130.0,2.0,1.2,1.3,1.2,1.0,0.9,1.1,680.0,121.0,680.0,121.0,0,1,False,0,1.0,68.0,45.0,0.0,31.8,False,True,False,False,True,12,2,False,255.0,0.0,0,SPOKED,SPOKED,0,0.0,0.0,0.0,275.0,760.0,34.9,320.0,1.0
420.0,65.0,630.0,74.0,200.0,65.0,580.0,74.5,670.0,52.0,40.0,28.6,33.6,36.5,23.35,13.0,9.0,ALUMINIUM,38.0,47.0,52.0,0.0,0.0,0.0,0.0,False,False,130.0,2.0,1.2,1.3,1.2,1.0,0.9,1.1,680.0,121.0,680.0,121.0,0,1,False,0,1.0,68.0,45.0,0.0,31.8,False,True,False,False,True,10,1,False,0.0,255.0,0,SPOKED,SPOKED,0,0.0,0.0,0.0,285.0,770.0,34.9,360.0,1.0
430.0,75.0,600.0,73.5,160.0,50.0,530.0,72.0,640.0,48.0,40.0,28.6,33.6,36.5,23.35,13.0,9.0,ALUMINIUM,34.0,44.0,48.0,0.0,0.0,0.0,0.0,False,False,130.0,2.0,1.2,1.3,1.2,1.0,0.9,1.1,680.0,121.0,680.0,121.0,0,1,False,0,1.0,68.0,45.0,0.0,31.8,False,True,False,False,True,11,2,False,255.0,255.0,0,SPOKED,SPOKED,0,0.0,0.0,0.0,290.0,765.0,34.9,330.0,1.0
405.0,72.0,615.0,73.0,155.0,58.0,545.0,73.5,655.0,50.0,40.0,28.6,33.6,36.5,23.35,13.0,9.0,ALUMINIUM,36.0,43.0,49.0,0.0,0.0,0.0,0.0,False,False,130.0,2.0,1.2,1.3,1.2,1.0,0.9,1.1,680.0,121.0,680.0,121.0,0,1,False,0,1.0,68.0,45.0,0.0,31.8,False,True,False,False,True,11,2,False,128.0,0.0,128,SPOKED,SPOKED,0,0.0,0.0,0.0,278.0,750.0,34.9,340.0,1.0
425.0,68.0,640.0,74.5,190.0,62.0,590.0,74.0,680.0,53.0,40.0,28.6,33.6,36.5,23.35,13.0,9.0,ALUMINIUM,37.0,48.0,51.0,0.0,0.0,0.0,0.0,False,False,130.0,2.0,1.2,1.3,1.2,1.0,0.9,1.1,680.0,121.0,680.0,121.0,0,1,False,0,1.0,68.0,45.0,0.0,31.8,False,True,False,False,True,12,2,False,0.0,0.0,255,SPOKED,SPOKED,0,0.0,0.0,0.0,300.0,780.0,34.9,360.0,1.0
395.0,66.0,605.0,72.0,165.0,57.0,565.0,73.0,645.0,47.0,40.0,28.6,33.6,36.5,23.35,13.0,9.0,ALUMINIUM,33.0,46.0,46.0,0.0,0.0,0.0,0.0,False,False,130.0,2.0,1.2,1.3,1.2,1.0,0.9,1.1,680.0,121.0,680.0,121.0,0,1,False,0,1.0,68.0,45.0,0.0,31.8,False,True,False,False,True,10,2,False,64.0,224.0,208,SPOKED,SPOKED,0,0.0,0.0,0.0,265.0,735.0,34.9,325.0,1.0
415.0,74.0,635.0,73.8,175.0,63.0,600.0,74.2,675.0,54.0,40.0,28.6,33.6,36.5,23.35,13.0,9.0,ALUMINIUM,36.0,49.0,53.0,0.0,0.0,0.0,0.0,False,False,130.0,2.0,1.2,1.3,1.2,1.0,0.9,1.1,680.0,121.0,680.0,121.0,0,1,False,0,1.0,68.0,45.0,0.0,31.8,False,True,False,False,True,11,1,False,200.0,0.0,100,SPOKED,SPOKED,0,0.0,0.0,0.0,295.0,790.0,34.9,355.0,1.0
430.0,69.0,625.0,74.3,185.0,68.0,615.0,74.0,690.0,56.0,40.0,28.6,33.6,36.5,23.35,13.0,9.0,ALUMINIUM,39.0,50.0,55.0,0.0,0.0,0.0,0.0,False,False,130.0,2.0,1.2,1.3,1.2,1.0,0.9,1.1,680.0,121.0,680.0,121.0,0,1,False,0,1.0,68.0,45.0,0.0,31.8,False,True,False,False,True,12,2,False,255.0,165.0,0,SPOKED,SPOKED,0,0.0,0.0,0.0,305.0,785.0,34.9,365.0,1.0
410.0,73.0,610.0,73.2,158.0,59.0,555.0,73.5,635.0,49.0,40.0,28.6,33.6,36.5,23.35,13.0,9.0,ALUMINIUM,34.5,43.5,49.5,0.0,0.0,0.0,0.0,False,False,130.0,2.0,1.2,1.3,1.2,1.0,0.9,1.1,680.0,121.0,680.0,121.0,0,1,False,0,1.0,68.0,45.0,0.0,31.8,False,True,False,False,True,11,2,False,100.0,100.0,100,SPOKED,SPOKED,0,0.0,0.0,0.0,270.0,755.0,34.9,345.0,1.0
405.0,70.0,600.0,73.0,160.0,45.0,550.0,73.0,630.0,45.0,40.0,40.0,36.5,30.0,30.0,13.0,15.0,ALUMINIUM,30.0,50.0,40.0,330.0,350.0,16.0,18.0,False,False,130.0,2.0,1.0,1.0,1.0,1.0,1.0,1.0,700.0,55.0,700.0,55.0,0,0,False,0,1.0,68.0,45.0,0.0,31.8,False,True,False,False,True,10,2,False,128.0,128.0,128,DISC,SPOKED,0,0.0,0.0,0.0,280.0,760.0,36.5,300.0,1.0
400.0,68.0,605.0,73.5,165.0,46.0,555.0,73.2,635.0,47.0,40.0,41.0,37.0,30.0,31.0,13.0,15.0,ALUMINIUM,28.0,52.0,42.0,330.0,350.0,16.0,18.0,False,False,130.0,2.1,1.0,1.1,1.0,1.0,1.0,1.0,700.0,53.0,700.0,53.0,0,1,False,0,1.0,70.0,46.0,0.0,31.8,True,True,False,False,True,11,2,False,100.0,100.0,200,DISC,SPOKED,0,0.0,0.0,0.0,280.0,770.0,37.0,310.0,1.0
395.0,72.0,595.0,72.8,155.0,44.0,548.0,72.5,625.0,43.0,40.0,40.0,36.5,29.0,30.0,12.0,15.0,ALUMINIUM,31.0,49.0,39.0,330.0,350.0,16.0,18.0,False,False,135.0,2.0,0.9,1.1,1.2,1.0,0.9,1.0,700.0,55.0,700.0,55.0,0,0,False,0,1.0,68.0,44.0,0.0,31.8,False,True,False,False,True,9,2,False,150.0,150.0,150,DISC,SPOKED,0,0.0,0.0,0.0,280.0,760.0,36.5,300.0,1.0
410.0,70.0,605.0,74.0,170.0,47.0,560.0,74.0,640.0,50.0,40.0,42.0,38.0,31.0,32.0,14.0,16.0,ALUMINIUM,32.0,51.0,41.0,330.0,350.0,16.0,18.0,False,False,130.0,2.0,1.0,1.0,1.0,1.0,1.0,1.0,700.0,54.0,700.0,54.0,0,1,False,0,1.0,68.0,47.0,0.0,31.8,True,True,False,False,True,10,3,False,200.0,100.0,100,DISC,DISC,0,0.0,0.0,0.0,290.0,765.0,38.0,305.0,1.0
420.0,68.0,610.0,73.2,162.0,46.0,555.0,73.0,638.0,46.0,40.0,39.0,36.5,30.0,30.0,13.0,15.0,ALUMINIUM,29.0,50.0,40.0,330.0,350.0,16.0,18.0,False,False,132.0,2.0,0.9,1.0,1.1,1.0,0.9,1.0,700.0,56.0,700.0,56.0,0,2,False,0,1.0,68.0,45.0,0.0,31.8,False,True,False,False,True,12,2,False,120.0,120.0,200,DISC,SPOKED,0,0.0,0.0,0.0,285.0,780.0,36.5,300.0,1.0
398.0,70.0,590.0,72.5,158.0,45.0,548.0,72.8,630.0,44.0,40.0,40.0,37.0,31.0,29.0,13.0,14.0,ALUMINIUM,30.0,49.0,39.0,330.0,350.0,16.0,18.0,False,False,130.0,1.8,1.0,1.1,1.0,1.0,1.0,1.0,700.0,57.0,700.0,57.0,0,0,False,0,1.0,68.0,46.0,0.0,31.8,True,True,False,False,True,10,1,False,140.0,200.0,100,DISC,SPOKED,0,0.0,0.0,0.0,275.0,755.0,37.0,295.0,1.0
405.0,75.0,615.0,73.8,172.0,48.0,565.0,73.5,645.0,49.0,40.0,41.0,36.5,31.0,33.0,14.0,16.0,ALUMINIUM,33.0,53.0,42.0,330.0,350.0,16.0,18.0,False,False,130.0,2.0,1.1,1.0,1.2,1.0,1.0,1.0,700.0,53.0,700.0,53.0,0,1,False,0,1.0,68.0,48.0,0.0,31.8,False,True,False,False,True,11,2,False,80.0,80.0,200,DISC,DISC,0,0.0,0.0,0.0,290.0,780.0,36.5,305.0,1.0
390.0,72.0,585.0,72.2,152.0,44.0,542.0,72.6,620.0,42.0,40.0,40.0,36.0,30.0,29.0,12.0,14.0,ALUMINIUM,29.0,48.0,38.0,330.0,350.0,16.0,18.0,False,False,131.0,1.9,0.9,1.1,1.0,0.9,1.0,1.0,700.0,55.0,700.0,55.0,0,2,False,0,1.0,68.0,44.0,0.0,31.8,True,False,False,False,True,9,2,False,180.0,160.0,200,DISC,SPOKED,0,0.0,0.0,0.0,270.0,740.0,36.0,290.0,1.0
415.0,70.0,605.0,73.3,168.0,47.0,558.0,73.7,640.0,48.0,40.0,42.0,37.0,32.0,30.0,14.0,15.0,ALUMINIUM,31.0,52.0,41.0,330.0,350.0,16.0,18.0,False,False,130.0,2.0,1.0,1.0,1.1,1.0,1.0,1.0,700.0,54.0,700.0,54.0,0,0,False,0,1.0,68.0,47.0,0.0,31.8,True,True,False,False,True,10,2,False,100.0,150.0,200,DISC,DISC,0,0.0,0.0,0.0,285.0,760.0,37.0,300.0,1.0
400.0,68.0,595.0,72.7,160.0,45.0,550.0,72.9,632.0,46.0,40.0,40.0,36.0,31.0,31.0,13.0,15.0,ALUMINIUM,30.0,50.0,40.0,330.0,350.0,16.0,18.0,False,False,132.0,1.8,1.0,1.2,1.0,1.0,1.0,1.0,700.0,55.0,700.0,55.0,0,1,False,0,1.0,68.0,46.0,0.0,31.8,False,True,False,False,True,10,2,False,50.0,100.0,150,DISC,SPOKED,0,0.0,0.0,0.0,280.0,750.0,36.0,295.0,1.0
450.0,70.0,620.0,73.0,160.0,45.0,560.0,74.0,670.0,45.0,40.0,30.0,36.5,23.35,37.5,13.0,15.0,ALUMINIUM,30.0,50.0,45.0,0.0,0.0,0.0,0.0,False,False,130.0,2.0,0.9,1.1,0.9,1.2,1.0,0.9,700.0,52.0,700.0,52.0,0,2,False,0,3.0,68.0,45.0,692.0,31.8,False,True,False,False,False,11,2,False,200.0,50.0,50,SPOKED,SPOKED,0,0.0,80.0,80.0,300.0,770.0,34.9,360.0,1.0
430.0,65.0,610.0,72.5,150.0,50.0,540.0,73.5,660.0,50.0,40.0,30.0,36.5,23.35,37.5,13.0,15.0,ALUMINIUM,28.0,45.0,42.0,0.0,0.0,0.0,0.0,False,False,130.0,2.0,0.9,1.1,0.9,1.2,1.0,0.9,700.0,52.0,700.0,52.0,0,1,False,0,1.0,68.0,45.0,692.0,31.8,True,False,False,False,False,11,2,False,0.0,150.0,200,DISC,SPOKED,0,0.0,80.0,80.0,290.0,750.0,34.9,370.0,1.0
480.0,75.0,630.0,73.5,170.0,45.0,580.0,74.5,680.0,40.0,40.0,30.0,36.5,23.35,37.5,13.0,15.0,ALUMINIUM,35.0,55.0,50.0,0.0,0.0,0.0,0.0,False,False,130.0,2.0,0.9,1.1,0.9,1.2,1.0,0.9,700.0,52.0,700.0,52.0,0,0,False,0,3.0,68.0,45.0,692.0,31.8,False,False,False,True,False,11,2,True,100.0,100.0,250,SPOKED,SPOKED,0,0.0,80.0,80.0,310.0,780.0,34.9,350.0,1.0
400.0,60.0,590.0,72.0,140.0,45.0,520.0,73.0,650.0,45.0,40.0,30.0,36.5,23.35,37.5,13.0,15.0,ALUMINIUM,25.0,40.0,42.0,0.0,0.0,0.0,0.0,False,False,130.0,2.0,0.9,1.1,0.9,1.2,1.0,0.9,700.0,52.0,700.0,52.0,0,2,False,0,1.0,68.0,45.0,692.0,31.8,False,False,True,True,False,11,2,False,50.0,200.0,100,SPOKED,SPOKED,0,0.0,80.0,80.0,285.0,760.0,34.9,365.0,1.0
455.0,68.0,615.0,73.0,155.0,45.0,555.0,74.0,665.0,45.0,40.0,30.0,36.5,23.35,37.5,13.0,15.0,ALUMINIUM,32.0,50.0,48.0,0.0,0.0,0.0,0.0,False,False,130.0,2.0,0.9,1.1,0.9,1.2,1.0,0.9,700.0,52.0,700.0,52.0,0,1,False,0,3.0,68.0,45.0,692.0,31.8,True,True,False,False,False,11,2,False,250.0,200.0,0,SPOKED,SPOKED,0,0.0,80.0,80.0,295.0,790.0,34.9,380.0,1.0
395.0,62.0,580.0,74.0,145.0,50.0,530.0,73.5,655.0,45.0,40.0,30.0,36.5,23.35,37.5,13.0,15.0,ALUMINIUM,27.0,42.0,47.0,0.0,0.0,0.0,0.0,False,False,130.0,2.0,0.9,1.1,0.9,1.2,1.0,0.9,700.0,52.0,700.0,52.0,0,2,False,0,1.0,68.0,45.0,692.0,31.8,False,True,False,False,False,11,2,False,0.0,128.0,255,SPOKED,SPOKED,0,0.0,80.0,80.0,280.0,755.0,34.9,370.0,1.0
460.0,70.0,640.0,73.5,180.0,45.0,600.0,75.0,675.0,40.0,40.0,30.0,36.5,23.35,37.5,13.0,15.0,ALUMINIUM,28.0,55.0,48.0,0.0,0.0,0.0,0.0,False,False,130.0,2.0,0.9,1.1,0.9,1.2,1.0,0.9,700.0,52.0,700.0,52.0,0,1,False,0,3.0,68.0,45.0,692.0,31.8,True,False,False,False,False,11,2,True,128.0,0.0,0,SPOKED,SPOKED,0,0.0,80.0,80.0,305.0,780.0,34.9,365.0,1.0
420.0,66.0,605.0,72.8,152.0,45.0,545.0,73.2,660.0,45.0,40.0,30.0,36.5,23.35,37.5,13.0,15.0,ALUMINIUM,26.0,45.0,43.0,0.0,0.0,0.0,0.0,False,False,130.0,2.0,0.9,1.1,0.9,1.2,1.0,0.9,700.0,52.0,700.0,52.0,0,0,False,0,1.0,68.0,45.0,692.0,31.8,False,True,True,False,False,11,2,False,0.0,0.0,0,SPOKED,SPOKED,0,0.0,80.0,80.0,290.0,745.0,34.9,380.0,1.0
485.0,72.0,650.0,73.2,165.0,45.0,590.0,74.8,680.0,45.0,40.0,30.0,36.5,23.35,37.5,13.0,15.0,ALUMINIUM,33.0,53.0,49.0,0.0,0.0,0.0,0.0,False,False,130.0,2.0,0.9,1.1,0.9,1.2,1.0,0.9,700.0,52.0,700.0,52.0,0,2,False,0,3.0,68.0,45.0,692.0,31.8,False,True,False,False,False,11,2,False,180.0,180.0,180,SPOKED,SPOKED,0,0.0,80.0,80.0,315.0,790.0,34.9,360.0,1.0
410.0,63.0,600.0,72.3,148.0,45.0,525.0,73.7,645.0,50.0,40.0,30.0,36.5,23.35,37.5,13.0,15.0,ALUMINIUM,29.0,46.0,44.0,0.0,0.0,0.0,0.0,False,False,130.0,2.0,0.9,1.1,0.9,1.2,1.0,0.9,700.0,52.0,700.0,52.0,0,1,False,0,1.0,68.0,45.0,692.0,31.8,True,True,False,False,False,11,2,False,20.0,100.0,200,SPOKED,SPOKED,0,0.0,80.0,80.0,295.0,765.0,34.9,375.0,1.0
420.0,70.0,590.0,73.0,150.0,40.0,550.0,73.0,650.0,50.0,40.0,28.6,36.5,23.35,13.0,15.0,9.0,ALUMINIUM,30.0,45.0,45.0,0.0,15.0,0.0,0.0,False,False,130.0,2.0,0.9,1.1,0.9,1.2,1.0,0.9,680.0,121.0,680.0,121.0,0,0,False,0,3.0,68.0,45.0,31.8,31.8,False,True,False,False,True,11,2,False,200.0,0.0,0,DISC,TRISPOKE,0,1.0,0.0,80.0,280.0,740.0,34.0,300.0,1.0
425.0,70.0,600.0,72.5,160.0,42.0,555.0,73.5,655.0,52.0,40.0,28.6,36.5,23.35,13.0,16.0,9.0,ALUMINIUM,32.0,46.0,46.0,0.0,15.0,0.0,0.0,False,False,130.0,2.0,0.9,1.1,0.9,1.2,1.0,0.9,682.0,121.5,682.0,121.5,0,0,False,0,3.0,68.0,46.0,31.8,31.8,False,True,False,False,True,11,2,False,200.0,10.0,0,DISC,TRISPOKE,0,1.0,0.0,80.0,280.0,745.0,34.0,305.0,1.0
430.0,70.0,610.0,73.5,170.0,44.0,560.0,74.0,660.0,48.0,40.0,28.6,36.5,23.35,13.0,17.0,9.0,ALUMINIUM,34.0,47.0,47.0,0.0,15.0,0.0,0.0,False,False,130.0,2.0,0.9,1.1,0.9,1.2,1.0,0.9,684.0,121.0,684.0,121.0,0,0,False,0,0.0,68.0,47.0,31.8,31.8,False,True,False,False,True,11,2,False,190.0,10.0,10,DISC,TRISPOKE,0,1.0,0.0,80.0,282.0,750.0,34.0,310.0,1.0
435.0,68.0,605.0,72.0,140.0,40.0,548.0,72.5,648.0,51.0,40.0,28.6,36.5,23.35,13.0,15.0,9.0,ALUMINIUM,31.0,44.0,44.0,0.0,15.0,0.0,0.0,False,False,130.0,2.0,0.9,1.1,0.9,1.2,1.0,0.9,678.0,121.0,678.0,121.0,0,0,False,0,3.0,68.0,44.0,31.8,31.8,False,True,False,False,True,11,2,False,200.0,5.0,5,DISC,TRISPOKE,0,1.0,0.0,80.0,279.0,735.0,34.0,295.0,1.0
440.0,72.0,595.0,74.0,155.0,46.0,558.0,73.0,652.0,49.0,40.0,28.6,36.5,23.35,13.0,18.0,9.0,ALUMINIUM,33.0,45.0,45.0,0.0,15.0,0.0,0.0,False,False,130.0,2.0,0.9,1.1,0.9,1.2,1.0,0.9,681.0,121.0,681.0,121.0,0,0,False,0,3.0,68.0,45.0,31.8,31.8,False,True,False,False,True,11,2,False,180.0,20.0,30,DISC,TRISPOKE,0,1.0,0.0,80.0,281.0,748.0,34.0,298.0,1.0
450.0,70.0,615.0,72.0,165.0,50.0,565.0,74.0,665.0,53.0,40.0,28.6,36.5,23.35,13.0,19.0,9.0,ALUMINIUM,35.0,48.0,48.0,0.0,15.0,0.0,0.0,False,False,130.0,2.0,0.9,1.1,0.9,1.2,1.0,0.9,686.0,121.0,686.0,121.0,0,0,False,0,0.0,68.0,48.0,31.8,31.8,False,True,False,False,True,11,2,False,210.0,0.0,40,DISC,TRISPOKE,0,1.0,0.0,80.0,283.0,755.0,34.0,312.0,1.0
460.0,70.0,620.0,73.0,175.0,48.0,570.0,73.5,670.0,50.0,40.0,28.6,36.5,23.35,13.0,15.0,9.0,ALUMINIUM,36.0,49.0,49.0,0.0,15.0,0.0,0.0,False,False,130.0,2.0,0.9,1.1,0.9,1.2,1.0,0.9,689.0,121.0,689.0,121.0,0,0,False,0,3.0,68.0,49.0,31.8,31.8,False,True,False,False,True,11,2,False,195.0,15.0,20,DISC,TRISPOKE,0,1.0,0.0,80.0,285.0,760.0,34.0,318.0,1.0
435.0,69.0,585.0,72.5,145.0,43.0,552.0,72.5,658.0,47.0,40.0,28.6,36.5,23.35,13.0,16.0,9.0,ALUMINIUM,29.0,43.0,43.0,0.0,15.0,0.0,0.0,False,False,130.0,2.0,0.9,1.1,0.9,1.2,1.0,0.9,683.0,121.0,683.0,121.0,0,0,False,0,1.0,68.0,43.0,31.8,31.8,False,True,False,False,True,11,2,False,205.0,25.0,15,DISC,TRISPOKE,0,1.0,0.0,80.0,279.0,743.0,34.0,302.0,2.0
422.0,73.0,580.0,74.0,135.0,39.0,548.0,72.0,645.0,54.0,40.0,28.6,36.5,23.35,13.0,14.0,9.0,ALUMINIUM,28.0,42.0,42.0,0.0,15.0,0.0,0.0,False,False,130.0,2.0,0.9,1.1,0.9,1.2,1.0,0.9,676.0,121.0,676.0,121.0,0,0,False,0,3.0,68.0,42.0,31.8,31.8,False,True,False,False,True,11,2,False,190.0,30.0,25,DISC,TRISPOKE,0,1.0,0.0,80.0,275.0,730.0,34.0,290.0,1.0
428.0,71.0,605.0,72.0,155.0,45.0,557.0,73.0,662.0,51.0,40.0,28.6,36.5,23.35,13.0,15.0,9.0,ALUMINIUM,33.0,45.0,45.0,0.0,15.0,0.0,0.0,False,False,130.0,2.0,0.9,1.1,0.9,1.2,1.0,0.9,687.0,121.0,687.0,121.0,0,0,False,0,2.0,68.0,45.0,31.8,31.8,False,True,False,False,True,11,2,False,205.0,10.0,5,DISC,TRISPOKE,0,1.0,0.0,80.0,284.0,757.0,34.0,310.0,2.0
494.19,80.0,668.2733911,71.5,200.1,50.0,540.0,70.0,658.529904,50.0,40.0,28.6,36.5,23.35,13.0,15.0,9.0,ALUMINIUM,33.1,40.0,49.4,330.0,350.0,16.0,18.0,False,False,130.0,2.0,0.9,1.1,0.9,1.2,1.0,0.9,680.0,121.0,680.0,121.0,0,0,False,0,0.0,68.0,45.0,692.0,31.8,False,False,False,False,True,0,0,False,0.0,153.0,0,SPOKED,SPOKED,1,1.0,80.0,80.0,278.0,762.0,34.9,300.0,1.0
405.0,70.0,591.9108569,73.0,145.0,45.0,515.2,74.0,653.4145038,45.0,45.0,40.0,28.6,36.5,23.35,13.0,15.0,ALUMINIUM,28.9,49.2,49.2,330.0,350.0,16.0,18.0,True,True,130.0,2.0,0.9,1.1,0.9,1.2,1.0,0.9,674.0,52.0,674.0,52.0,0,0,False,0,0.0,68.0,45.0,692.0,31.8,False,False,False,False,True,6,1,False,255.0,0.0,0,SPOKED,SPOKED,1,1.0,80.0,80.0,298.0,718.0,34.9,330.0,1.0
395.0,60.0,522.5191235,72.0,96.7,220.0,611.6,75.0,587.5256351,45.0,45.0,55.0,28.6,36.5,37.5,13.0,15.0,ALUMINIUM,13.5,131.6,4.1,330.0,350.0,16.0,18.0,True,True,130.0,2.0,0.9,1.1,0.9,1.2,1.0,0.9,674.0,52.0,674.0,52.0,0,0,False,0,0.0,68.0,50.0,685.0,31.8,False,False,False,False,True,10,1,False,0.0,0.0,255,SPOKED,DISC,1,1.0,80.0,80.0,240.0,695.0,34.9,50.0,0.0
385.0,58.0,587.0392466,74.5,160.3,30.0,590.6,74.5,637.3537657,35.0,35.0,42.0,25.4,36.5,20.5,12.5,15.0,ALUMINIUM,29.8,30.6,39.6,330.0,350.0,16.0,18.0,False,False,120.0,2.0,0.9,1.1,0.9,1.2,1.0,0.9,676.0,54.0,676.0,54.0,0,0,False,0,0.0,73.0,38.0,692.0,28.6,False,False,False,False,True,0,0,False,204.0,255.0,0,SPOKED,SPOKED,2,1.0,60.0,80.0,300.0,820.0,31.0,300.0,1.0
415.0,70.0,637.9091156,73.0,191.4,45.0,630.0,73.5,656.6201875,45.0,45.0,40.0,33.6,36.5,23.35,13.0,15.0,ALUMINIUM,27.8,32.1,43.5,330.0,350.0,16.0,18.0,False,False,130.0,2.0,0.9,1.1,0.9,1.2,1.0,0.9,674.0,52.0,674.0,52.0,0,0,False,0,0.0,68.0,45.0,692.0,31.8,False,False,False,False,True,9,1,False,255.0,51.0,51,SPOKED,SPOKED,1,1.0,80.0,80.0,275.0,865.0,34.9,300.0,2.0
389.89,70.0,568.6665991,66.5,117.2,45.0,450.2,74.5,654.4009557,45.0,45.0,40.0,28.6,36.5,30.0,13.0,15.0,ALUMINIUM,30.4,50.2,44.1,330.0,350.0,16.0,18.0,True,True,135.0,2.0,0.9,1.1,0.9,1.2,1.0,0.9,650.0,91.0,650.0,91.0,0,0,False,0,0.0,68.0,45.0,692.0,31.8,False,False,False,False,True,9,0,False,0.0,0.0,0,SPOKED,SPOKED,1,1.0,80.0,80.0,278.0,600.0,34.9,330.0,1.0
550.0,29.5,496.9336227,67.0,100.0,45.0,533.0,65.0,627.6098218,45.0,40.0,28.6,36.5,23.35,13.0,15.0,9.0,ALUMINIUM,46.9,44.9,50.1,330.0,350.0,16.0,18.0,False,False,135.0,2.0,0.9,1.1,0.9,1.2,1.0,0.9,628.0,69.0,628.0,69.0,0,0,False,0,0.0,68.0,45.0,692.0,31.8,False,False,False,False,True,8,2,False,204.0,204.0,255,SPOKED,SPOKED,1,1.0,80.0,80.0,278.0,700.0,34.9,300.0,2.0
405.0,70.0,593.536575,73.0,145.0,45.0,515.0,74.0,648.3152394,45.0,40.0,28.6,36.5,23.35,13.0,15.0,9.0,ALUMINIUM,34.0,49.0,49.9,330.0,350.0,16.0,18.0,False,False,130.0,2.0,0.9,1.1,0.9,1.2,1.0,0.9,674.0,52.0,674.0,52.0,0,0,False,0,0.0,68.0,45.0,692.0,31.8,False,False,False,False,True,8,1,False,204.0,204.0,255,SPOKED,SPOKED,1,1.0,80.0,80.0,278.0,718.0,34.9,300.0,2.0
380.0,47.01358832,561.1033732,74.00206468,168.8,45.0,552.4,76.00206468,623.9028894,45.0,40.0,28.6,36.5,23.35,13.0,15.0,9.0,ALUMINIUM,33.0,32.4,46.4,330.0,350.0,16.0,18.0,True,True,130.0,2.0,0.9,1.1,0.9,1.2,1.0,0.9,674.0,52.0,674.0,52.0,0,0,False,0,0.0,68.0,45.0,692.0,31.8,False,False,False,False,True,0,0,False,255.0,0.0,255,SPOKED,SPOKED,1,1.0,80.0,80.0,298.0,700.0,34.9,300.0,1.0
435.0,65.0,643.0599211,73.0,177.9,45.0,568.5,73.0,670.1914253,65.0,40.0,28.6,36.5,23.35,13.0,15.0,9.0,ALUMINIUM,34.8,48.5,49.4,330.0,350.0,16.0,18.0,True,True,130.0,2.0,0.9,1.1,0.9,1.2,1.0,0.9,694.0,110.0,694.0,110.0,0,0,False,0,0.0,68.0,45.0,692.0,31.8,False,False,False,False,True,10,0,False,102.0,51.0,0,SPOKED,SPOKED,1,1.0,80.0,80.0,260.0,759.0,34.9,330.0,1.0
410.0,70.0,600.0,73.0,160.0,50.0,560.0,73.0,650.0,50.0,40.0,30.0,35.0,25.0,20.0,13.0,15.0,ALUMINIUM,30.0,50.0,45.0,330.0,350.0,16.0,18.0,False,False,130.0,2.0,0.9,1.1,0.9,1.2,1.0,0.9,700.0,20.0,700.0,20.0,0,0,False,0,1.0,68.0,45.0,0.0,31.8,False,True,False,False,True,11,2,False,32.0,64.0,128,DISC,SPOKED,0,0.0,0.0,0.0,280.0,730.0,34.9,300.0,1.0
415.0,70.0,620.0,72.0,170.0,50.0,580.0,73.0,650.0,50.0,40.0,30.0,35.0,25.0,20.0,13.0,15.0,ALUMINIUM,35.0,55.0,50.0,330.0,350.0,16.0,18.0,False,False,130.0,2.0,0.9,1.1,0.9,1.2,1.0,0.9,700.0,20.0,700.0,20.0,0,0,False,0,1.0,68.0,48.0,0.0,31.8,False,True,False,False,True,11,2,False,255.0,0.0,0,DISC,SPOKED,0,0.0,0.0,0.0,290.0,740.0,34.9,280.0,1.0
405.0,70.0,580.0,73.5,150.0,50.0,550.0,73.5,645.0,50.0,40.0,28.0,33.0,24.0,19.0,13.0,15.0,ALUMINIUM,25.0,45.0,40.0,330.0,350.0,16.0,18.0,False,False,130.0,2.0,0.9,1.1,0.9,1.2,1.0,0.9,700.0,18.0,700.0,18.0,0,0,False,0,1.0,68.0,42.0,0.0,31.8,False,True,False,False,True,11,1,False,0.0,255.0,0,SPOKED,SPOKED,0,0.0,0.0,0.0,270.0,720.0,33.0,320.0,1.0
412.0,68.0,605.0,74.0,155.0,50.0,565.0,74.0,655.0,50.0,40.0,30.0,35.0,25.0,20.0,13.0,15.0,ALUMINIUM,28.0,48.0,42.0,330.0,350.0,16.0,18.0,False,False,130.0,2.0,0.9,1.1,0.9,1.2,1.0,0.9,700.0,20.0,700.0,20.0,0,1,False,2,2.0,68.0,45.0,0.0,31.8,False,True,False,False,True,11,2,False,0.0,0.0,255,SPOKED,SPOKED,0,0.0,0.0,0.0,285.0,735.0,35.0,310.0,1.0
415.0,70.0,610.0,73.0,180.0,50.0,570.0,73.5,650.0,50.0,40.0,30.0,35.0,25.0,20.0,13.0,15.0,ALUMINIUM,32.0,52.0,42.0,330.0,350.0,16.0,18.0,True,True,130.0,2.0,0.9,1.1,0.9,1.2,1.0,0.9,700.0,20.0,700.0,20.0,0,0,False,0,3.0,68.0,50.0,15.0,31.8,False,True,False,False,True,11,2,False,255.0,165.0,0,SPOKED,SPOKED,0,0.0,0.0,0.0,280.0,730.0,34.9,300.0,2.0
410.0,70.0,600.0,73.0,160.0,50.0,560.0,73.0,650.0,50.0,40.0,30.0,35.0,25.0,20.0,13.0,15.0,ALUMINIUM,30.0,50.0,45.0,330.0,350.0,16.0,18.0,False,False,130.0,2.0,0.9,1.1,0.9,1.2,1.0,0.9,700.0,20.0,700.0,20.0,0,0,False,0,1.0,68.0,45.0,0.0,31.8,True,True,False,False,True,11,2,False,128.0,0.0,0,DISC,SPOKED,0,0.0,0.0,0.0,280.0,730.0,34.9,300.0,1.0
407.0,70.0,605.0,73.0,160.0,50.0,560.0,73.0,660.0,45.0,40.0,30.0,35.0,25.0,20.0,15.0,15.0,ALUMINIUM,30.0,50.0,45.0,330.0,350.0,16.0,18.0,False,False,130.0,2.0,0.9,1.1,0.9,1.2,1.0,0.9,700.0,20.0,700.0,20.0,0,2,False,0,1.0,68.0,45.0,0.0,31.8,False,True,False,False,True,11,2,False,0.0,128.0,128,DISC,DISC,0,0.0,0.0,0.0,280.0,730.0,34.9,300.0,1.0
410.0,70.0,600.0,73.0,160.0,50.0,560.0,73.0,650.0,50.0,40.0,30.0,35.0,25.0,20.0,13.0,15.0,ALUMINIUM,30.0,50.0,45.0,330.0,350.0,16.0,18.0,False,False,130.0,2.0,0.9,1.1,0.9,1.2,1.0,0.9,700.0,20.0,700.0,20.0,0,0,False,0,1.0,68.0,45.0,0.0,31.8,False,True,False,False,True,11,2,False,128.0,128.0,0,TRISPOKE,SPOKED,1,0.0,80.0,0.0,280.0,730.0,34.9,300.0,1.0
410.0,70.0,600.0,73.0,160.0,50.0,560.0,73.0,650.0,50.0,40.0,30.0,35.0,25.0,20.0,13.0,15.0,ALUMINIUM,30.0,50.0,45.0,330.0,350.0,16.0,18.0,False,False,130.0,2.0,0.9,1.1,0.9,1.2,1.0,0.9,700.0,20.0,700.0,20.0,0,0,False,0,1.0,68.0,45.0,0.0,31.8,False,True,False,True,True,11,2,False,255.0,20.0,147,SPOKED,TRISPOKE,0,1.0,0.0,90.0,280.0,730.0,34.9,300.0,1.0
410.0,70.0,600.0,73.0,160.0,50.0,560.0,73.0,650.0,50.0,40.0,30.0,35.0,25.0,20.0,13.0,15.0,ALUMINIUM,30.0,50.0,45.0,330.0,350.0,16.0,18.0,False,False,130.0,2.0,0.9,1.1,0.9,1.2,1.0,0.9,700.0,20.0,700.0,20.0,0,0,True,0,1.0,68.0,45.0,0.0,31.8,False,True,False,False,True,11,2,False,75.0,0.0,130,SPOKED,SPOKED,0,0.0,0.0,0.0,280.0,320.0,34.9,300.0,1.0
405.0,70.0,600.0,73.0,150.0,50.0,550.0,73.0,640.0,45.0,45.0,30.0,30.0,30.0,30.0,13.0,15.0,ALUMINIUM,35.0,40.0,40.0,330.0,350.0,16.0,18.0,False,False,130.0,1.5,1.2,1.2,1.2,1.2,1.2,1.2,674.0,52.0,674.0,52.0,0,1,False,0,1.0,68.0,45.0,0.0,31.8,True,True,False,False,True,11,2,False,200.0,0.0,50,SPOKED,SPOKED,0,0.0,0.0,0.0,280.0,750.0,30.0,400.0,1.0
410.0,65.0,590.0,72.0,160.0,55.0,560.0,72.5,645.0,47.0,50.0,32.0,34.0,32.0,32.0,15.0,14.0,ALUMINIUM,36.0,42.0,38.0,330.0,350.0,16.0,18.0,False,False,130.0,1.8,1.2,1.3,1.2,1.6,1.2,1.2,700.0,50.0,700.0,50.0,0,1,False,0,1.0,70.0,46.0,0.0,31.8,True,False,False,False,True,10,2,False,0.0,150.0,200,SPOKED,SPOKED,0,0.0,0.0,0.0,290.0,740.0,32.0,420.0,1.0
415.0,75.0,620.0,74.0,140.0,50.0,540.0,74.0,630.0,46.0,45.0,28.0,32.0,28.0,28.0,14.0,16.0,ALUMINIUM,34.0,38.0,36.0,330.0,350.0,16.0,18.0,False,False,135.0,1.5,1.3,1.3,1.2,1.4,1.2,1.2,674.0,52.0,674.0,52.0,0,0,False,0,3.0,68.0,48.0,0.0,31.8,True,True,False,False,True,11,2,False,255.0,50.0,0,SPOKED,TRISPOKE,1,1.0,50.0,50.0,300.0,760.0,32.0,450.0,1.0
420.0,70.0,580.0,73.5,155.0,55.0,580.0,73.0,650.0,45.0,47.0,30.0,34.0,30.0,30.0,13.0,15.0,ALUMINIUM,37.0,43.0,39.0,333.0,353.0,16.0,18.0,False,False,130.0,2.0,1.5,1.5,1.5,1.5,1.5,1.5,702.0,60.0,702.0,60.0,0,2,False,0,1.0,68.0,46.0,0.0,31.8,False,False,False,False,True,8,2,True,0.0,0.0,255,SPOKED,SPOKED,0,0.0,0.0,0.0,260.0,730.0,34.0,380.0,1.0
425.0,68.0,610.0,72.0,135.0,52.0,555.0,72.5,635.0,44.0,45.0,28.0,30.0,28.0,28.0,12.0,14.0,ALUMINIUM,32.0,36.0,34.0,330.0,350.0,16.0,18.0,False,False,130.0,1.2,1.0,1.0,1.0,1.2,1.0,1.0,650.0,50.0,650.0,50.0,0,1,False,0,1.0,70.0,44.0,0.0,31.8,True,False,True,False,True,9,2,False,100.0,100.0,100,DISC,DISC,0,0.0,0.0,0.0,295.0,765.0,30.0,500.0,1.0
430.0,72.0,625.0,74.0,170.0,60.0,590.0,74.0,660.0,46.0,48.0,32.0,32.0,32.0,32.0,15.0,15.0,ALUMINIUM,40.0,45.0,41.0,330.0,350.0,16.0,18.0,False,False,135.0,1.5,1.2,1.3,1.4,1.3,1.3,1.3,680.0,55.0,680.0,55.0,0,2,False,0,1.0,68.0,47.0,0.0,31.8,False,True,False,False,True,11,2,False,255.0,165.0,0,TRISPOKE,TRISPOKE,1,2.0,60.0,60.0,280.0,770.0,32.0,450.0,1.0
435.0,65.0,555.0,71.5,120.0,50.0,520.0,72.5,620.0,45.0,45.0,28.0,30.0,28.0,28.0,13.0,15.0,ALUMINIUM,28.0,35.0,30.0,330.0,350.0,16.0,18.0,False,False,130.0,1.0,1.0,1.0,1.0,1.0,1.0,1.0,650.0,48.0,650.0,48.0,0,1,False,0,1.0,68.0,44.0,0.0,31.8,False,False,False,False,True,8,2,False,0.0,255.0,0,SPOKED,SPOKED,0,0.0,0.0,0.0,260.0,720.0,28.0,350.0,1.0
440.0,78.0,650.0,74.5,185.0,70.0,600.0,73.5,670.0,48.0,50.0,34.0,34.0,34.0,34.0,15.0,16.0,ALUMINIUM,45.0,50.0,44.0,330.0,350.0,16.0,18.0,False,False,135.0,2.0,1.8,1.8,1.8,1.8,1.8,1.8,700.0,55.0,700.0,55.0,0,1,False,0,2.0,68.0,48.0,0.0,31.8,True,True,False,False,True,11,2,False,50.0,50.0,200,DISC,SPOKED,0,0.0,0.0,0.0,300.0,780.0,34.0,480.0,1.0
445.0,73.0,630.0,72.0,165.0,60.0,575.0,72.0,655.0,47.0,46.0,33.0,33.0,33.0,33.0,14.0,15.0,ALUMINIUM,38.0,44.0,37.0,330.0,350.0,16.0,18.0,False,False,130.0,1.7,1.3,1.4,1.4,1.3,1.3,1.3,690.0,52.0,690.0,52.0,0,2,False,0,1.0,68.0,47.0,0.0,31.8,True,True,False,False,True,10,2,False,150.0,75.0,0,SPOKED,DISC,0,0.0,0.0,0.0,285.0,755.0,32.0,430.0,1.0
450.0,67.0,575.0,73.0,130.0,50.0,545.0,73.0,625.0,45.0,45.0,29.0,31.0,29.0,29.0,13.0,15.0,ALUMINIUM,30.0,38.0,33.0,330.0,350.0,16.0,18.0,False,False,130.0,1.3,1.1,1.1,1.1,1.1,1.1,1.1,660.0,50.0,660.0,50.0,0,2,False,0,1.0,68.0,45.0,0.0,31.8,False,False,False,False,True,9,2,False,128.0,128.0,128,SPOKED,SPOKED,0,0.0,0.0,0.0,275.0,740.0,30.0,380.0,1.0
415.0,65.0,600.0,73.0,150.0,50.0,550.0,73.0,575.0,50.0,40.0,28.0,36.0,23.0,20.0,10.0,14.0,ALUMINIUM,30.0,30.0,40.0,0.0,0.0,0.0,0.0,False,False,130.0,1.2,1.0,1.2,1.0,1.0,1.0,1.2,700.0,52.0,700.0,52.0,0,2,False,0,0.0,68.0,45.0,0.0,31.8,False,True,False,False,True,11,2,False,200.0,50.0,50,DISC,SPOKED,0,0.0,0.0,0.0,280.0,720.0,36.0,300.0,1.0
410.0,60.0,590.0,74.0,130.0,45.0,540.0,73.5,570.0,50.0,40.0,27.0,35.0,23.0,20.0,10.0,14.0,ALUMINIUM,28.0,28.0,38.0,0.0,0.0,0.0,0.0,False,False,130.0,1.2,1.0,1.2,1.0,1.0,1.0,1.2,700.0,52.0,700.0,52.0,0,2,False,0,0.0,68.0,45.0,0.0,31.8,False,True,False,False,True,11,2,False,50.0,150.0,200,SPOKED,SPOKED,0,0.0,0.0,0.0,280.0,710.0,36.0,300.0,1.0
420.0,65.0,610.0,72.0,160.0,50.0,550.0,72.5,580.0,50.0,40.0,29.0,36.0,23.0,20.0,10.0,14.0,ALUMINIUM,32.0,32.0,42.0,0.0,0.0,0.0,0.0,False,False,130.0,1.2,1.0,1.2,1.0,1.0,1.0,1.2,700.0,52.0,700.0,52.0,0,2,False,0,0.0,68.0,45.0,0.0,31.8,True,True,False,False,True,11,2,False,100.0,100.0,200,DISC,SPOKED,0,0.0,0.0,0.0,280.0,730.0,36.0,300.0,1.0
430.0,70.0,620.0,71.5,170.0,55.0,560.0,73.0,590.0,50.0,40.0,27.0,37.0,23.0,20.0,10.0,14.0,ALUMINIUM,35.0,35.0,45.0,0.0,0.0,0.0,0.0,False,False,130.0,1.2,1.0,1.2,1.0,1.0,1.0,1.2,700.0,52.0,700.0,52.0,0,2,False,0,0.0,68.0,45.0,0.0,31.8,True,True,False,False,True,11,2,False,0.0,0.0,200,DISC,DISC,0,0.0,0.0,0.0,280.0,725.0,36.0,300.0,3.0
415.0,65.0,580.0,72.5,140.0,48.0,550.0,73.0,575.0,50.0,40.0,28.0,36.0,23.0,20.0,10.0,14.0,ALUMINIUM,29.0,29.0,39.0,0.0,0.0,0.0,0.0,False,False,130.0,1.2,1.0,1.2,1.0,1.0,1.0,1.2,700.0,52.0,700.0,52.0,0,2,False,0,0.0,68.0,45.0,0.0,31.8,False,True,False,False,True,11,2,False,0.0,200.0,100,DISC,DISC,0,0.0,0.0,0.0,280.0,715.0,36.0,300.0,1.0
420.0,60.0,595.0,73.0,155.0,52.0,555.0,73.0,580.0,50.0,40.0,26.0,35.0,23.0,20.0,10.0,14.0,ALUMINIUM,33.0,33.0,42.0,0.0,0.0,0.0,0.0,False,False,130.0,1.2,1.0,1.2,1.0,1.0,1.0,1.2,700.0,52.0,700.0,52.0,0,2,False,0,0.0,68.0,45.0,0.0,31.8,False,False,False,False,True,10,1,False,0.0,200.0,100,SPOKED,DISC,0,0.0,0.0,0.0,290.0,730.0,36.0,300.0,1.0
415.0,65.0,605.0,73.0,145.0,50.0,550.0,73.5,585.0,50.0,40.0,28.0,36.0,23.0,20.0,10.0,14.0,ALUMINIUM,31.0,31.0,43.0,0.0,0.0,0.0,0.0,False,False,130.0,1.2,1.0,1.2,1.0,1.0,1.0,1.2,700.0,52.0,700.0,52.0,0,2,False,0,0.0,68.0,45.0,0.0,31.8,True,False,False,False,True,11,2,False,150.0,200.0,50,SPOKED,SPOKED,0,0.0,0.0,0.0,280.0,720.0,36.0,300.0,1.0
425.0,65.0,615.0,72.5,165.0,50.0,560.0,73.0,590.0,50.0,40.0,29.0,36.0,23.0,20.0,10.0,14.0,ALUMINIUM,34.0,34.0,44.0,0.0,0.0,0.0,0.0,False,False,130.0,1.2,1.0,1.2,1.0,1.0,1.0,1.2,700.0,52.0,700.0,52.0,0,2,False,0,0.0,68.0,45.0,0.0,31.8,True,True,False,False,True,11,2,False,255.0,150.0,0,DISC,SPOKED,0,0.0,0.0,0.0,280.0,735.0,36.0,300.0,1.0
420.0,65.0,600.0,73.5,150.0,49.0,555.0,73.0,575.0,50.0,40.0,27.0,35.0,23.0,20.0,10.0,14.0,ALUMINIUM,30.0,30.0,40.0,0.0,0.0,0.0,0.0,False,False,130.0,1.2,1.0,1.2,1.0,1.0,1.0,1.2,700.0,52.0,700.0,52.0,0,2,False,0,0.0,68.0,45.0,0.0,31.8,False,True,False,False,True,11,2,False,0.0,150.0,100,SPOKED,SPOKED,0,0.0,0.0,0.0,285.0,725.0,36.0,300.0,1.0
415.0,65.0,610.0,72.0,140.0,48.0,550.0,73.0,580.0,50.0,40.0,28.0,36.0,23.0,20.0,10.0,14.0,ALUMINIUM,28.0,28.0,39.0,0.0,0.0,0.0,0.0,False,False,130.0,1.2,1.0,1.2,1.0,1.0,1.0,1.2,700.0,52.0,700.0,52.0,0,2,False,0,0.0,68.0,45.0,0.0,31.8,True,True,False,False,True,11,2,False,100.0,0.0,150,SPOKED,DISC,0,0.0,0.0,0.0,280.0,730.0,36.0,300.0,1.0
395.0,70.0,600.0,73.0,150.0,45.0,550.0,73.0,650.0,45.0,45.0,28.6,36.5,23.35,23.35,13.0,15.0,ALUMINIUM,30.0,48.0,45.0,330.0,350.0,16.0,18.0,False,False,130.0,2.0,0.9,1.1,0.9,1.2,1.0,0.9,700.0,50.0,700.0,50.0,0,0,False,0,1.0,68.0,44.0,692.0,31.8,True,True,False,False,True,10,2,False,192.0,192.0,192,DISC,SPOKED,0,0.0,80.0,80.0,278.0,772.0,34.9,300.0,1.0
400.0,70.0,610.0,73.0,160.0,45.0,560.0,73.0,655.0,45.0,45.0,28.6,36.5,23.35,23.35,13.0,15.0,ALUMINIUM,31.0,49.0,46.0,330.0,350.0,16.0,18.0,False,False,130.0,2.0,0.9,1.1,0.9,1.2,1.0,0.9,700.0,50.0,700.0,50.0,0,0,False,0,1.0,68.0,45.0,692.0,31.8,True,True,False,False,True,10,2,False,128.0,128.0,128,DISC,SPOKED,0,0.0,80.0,80.0,278.0,782.0,34.9,300.0,1.0
405.0,70.0,620.0,73.0,170.0,45.0,570.0,73.0,660.0,45.0,45.0,28.6,36.5,23.35,23.35,13.0,15.0,ALUMINIUM,32.0,50.0,47.0,330.0,350.0,16.0,18.0,False,False,130.0,2.0,0.9,1.1,0.9,1.2,1.0,0.9,700.0,50.0,700.0,50.0,0,0,False,0,1.0,68.0,46.0,692.0,31.8,True,True,False,False,True,10,2,False,0.0,0.0,255,DISC,SPOKED,0,0.0,80.0,80.0,278.0,792.0,34.9,300.0,1.0
410.0,70.0,630.0,73.0,180.0,45.0,580.0,73.0,665.0,45.0,45.0,28.6,36.5,23.35,23.35,13.0,15.0,ALUMINIUM,33.0,46.0,48.0,330.0,350.0,16.0,18.0,False,False,130.0,2.0,0.9,1.1,0.9,1.2,1.0,0.9,700.0,50.0,700.0,50.0,0,0,False,0,1.0,68.0,47.0,692.0,31.8,True,True,False,False,True,10,2,False,255.0,0.0,0,DISC,SPOKED,0,0.0,80.0,80.0,278.0,802.0,34.9,300.0,1.0
415.0,70.0,640.0,73.0,190.0,45.0,590.0,73.0,670.0,45.0,45.0,28.6,36.5,23.35,23.35,13.0,15.0,ALUMINIUM,34.0,47.0,49.0,330.0,350.0,16.0,18.0,False,False,130.0,2.0,0.9,1.1,0.9,1.2,1.0,0.9,700.0,50.0,700.0,50.0,0,0,False,0,1.0,68.0,48.0,692.0,31.8,True,True,False,False,True,10,2,False,0.0,255.0,0,DISC,SPOKED,0,0.0,80.0,80.0,278.0,812.0,34.9,300.0,1.0
420.0,70.0,650.0,73.0,140.0,45.0,600.0,73.0,675.0,45.0,45.0,28.6,36.5,23.35,23.35,13.0,15.0,ALUMINIUM,35.0,45.0,50.0,330.0,350.0,16.0,18.0,False,False,130.0,2.0,0.9,1.1,0.9,1.2,1.0,0.9,700.0,50.0,700.0,50.0,0,0,False,0,1.0,68.0,49.0,692.0,31.8,True,True,False,False,True,10,2,False,255.0,255.0,0,DISC,SPOKED,0,0.0,80.0,80.0,278.0,822.0,34.9,300.0,1.0
425.0,70.0,580.0,73.0,155.0,45.0,540.0,73.0,680.0,45.0,45.0,28.6,36.5,23.35,23.35,13.0,15.0,ALUMINIUM,36.0,44.0,44.0,330.0,350.0,16.0,18.0,False,False,130.0,2.0,0.9,1.1,0.9,1.2,1.0,0.9,700.0,50.0,700.0,50.0,0,0,False,0,1.0,68.0,50.0,692.0,31.8,True,True,False,False,True,10,2,False,255.0,165.0,0,DISC,SPOKED,0,0.0,80.0,80.0,278.0,762.0,34.9,300.0,1.0
430.0,70.0,590.0,73.0,165.0,45.0,530.0,73.0,685.0,45.0,45.0,28.6,36.5,23.35,23.35,13.0,15.0,ALUMINIUM,37.0,43.0,43.0,330.0,350.0,16.0,18.0,False,False,130.0,2.0,0.9,1.1,0.9,1.2,1.0,0.9,700.0,50.0,700.0,50.0,0,0,False,0,1.0,68.0,51.0,692.0,31.8,True,True,False,False,True,10,2,False,128.0,0.0,128,DISC,SPOKED,0,0.0,80.0,80.0,278.0,752.0,34.9,300.0,1.0
435.0,70.0,605.0,73.0,175.0,45.0,520.0,73.0,690.0,45.0,45.0,28.6,36.5,23.35,23.35,13.0,15.0,ALUMINIUM,38.0,42.0,42.0,330.0,350.0,16.0,18.0,False,False,130.0,2.0,0.9,1.1,0.9,1.2,1.0,0.9,700.0,50.0,700.0,50.0,0,0,False,0,1.0,68.0,52.0,692.0,31.8,True,True,False,False,True,10,2,False,0.0,0.0,0,DISC,SPOKED,0,0.0,80.0,80.0,278.0,742.0,34.9,300.0,1.0
440.0,70.0,615.0,73.0,185.0,45.0,510.0,73.0,695.0,45.0,45.0,28.6,36.5,23.35,23.35,13.0,15.0,ALUMINIUM,39.0,41.0,41.0,330.0,350.0,16.0,18.0,False,False,130.0,2.0,0.9,1.1,0.9,1.2,1.0,0.9,700.0,50.0,700.0,50.0,0,0,False,0,1.0,68.0,53.0,692.0,31.8,True,True,False,False,True,10,2,False,255.0,255.0,255,DISC,SPOKED,0,0.0,80.0,80.0,278.0,732.0,34.9,300.0,1.0
420.0,70.0,620.0,73.5,180.0,50.0,550.0,73.0,560.0,50.0,40.0,28.6,34.9,23.35,23.35,15.0,9.0,ALUMINIUM,35.0,40.0,45.0,0.0,0.0,0.0,0.0,False,False,130.0,1.5,1.2,1.2,1.2,1.2,1.2,1.2,686.0,52.0,686.0,52.0,0,0,False,0,3.0,68.0,45.0,30.0,31.8,True,True,False,False,True,11,2,False,200.0,50.0,100,DISC,SPOKED,0,0.0,0.0,0.0,278.0,760.0,34.9,300.0,1.0
415.0,72.0,610.0,74.0,170.0,55.0,540.0,73.5,555.0,45.0,40.0,28.6,34.5,23.35,23.35,15.0,9.0,ALUMINIUM,32.0,42.0,42.0,0.0,0.0,0.0,0.0,False,False,130.0,1.5,1.1,1.1,1.1,1.0,1.0,1.1,686.0,52.0,686.0,52.0,0,2,False,0,3.0,68.0,45.0,30.0,31.8,True,True,False,False,True,11,2,False,180.0,0.0,75,DISC,TRISPOKE,0,1.0,0.0,60.0,280.0,755.0,34.9,330.0,1.0
430.0,68.0,640.0,72.5,200.0,45.0,560.0,72.5,565.0,50.0,40.0,28.6,36.5,23.35,23.35,15.0,9.0,ALUMINIUM,40.0,38.0,50.0,0.0,0.0,0.0,0.0,False,False,130.0,1.5,1.2,1.2,1.2,1.0,1.0,1.2,686.0,52.0,686.0,52.0,0,1,False,0,1.0,68.0,45.0,30.0,31.8,True,True,False,False,True,12,2,False,10.0,100.0,200,DISC,SPOKED,0,0.0,0.0,0.0,282.0,765.0,34.9,310.0,1.0
410.0,75.0,600.0,74.5,160.0,50.0,530.0,74.0,550.0,48.0,40.0,28.6,34.9,23.35,23.35,15.0,9.0,ALUMINIUM,33.0,45.0,45.0,0.0,0.0,0.0,0.0,False,False,130.0,1.5,1.2,1.2,1.2,1.0,1.0,1.2,686.0,52.0,686.0,52.0,0,0,False,0,3.0,68.0,45.0,30.0,31.8,True,True,False,False,True,11,2,False,255.0,0.0,0,DISC,SPOKED,0,0.0,0.0,0.0,275.0,750.0,34.9,290.0,1.0
425.0,68.0,630.0,73.0,185.0,53.0,545.0,73.2,560.0,52.0,40.0,28.6,34.9,23.35,23.35,15.0,9.0,ALUMINIUM,36.0,42.0,47.0,0.0,0.0,0.0,0.0,False,False,130.0,1.5,1.2,1.2,1.2,1.0,1.0,1.2,686.0,52.0,686.0,52.0,0,1,False,0,1.0,68.0,45.0,30.0,31.8,True,True,False,False,True,11,2,False,50.0,150.0,50,DISC,SPOKED,0,0.0,0.0,0.0,280.0,755.0,34.9,305.0,1.0
415.0,70.0,615.0,73.8,155.0,48.0,552.0,73.7,558.0,50.0,40.0,28.6,34.9,23.35,23.35,15.0,9.0,ALUMINIUM,31.0,44.0,43.0,0.0,0.0,0.0,0.0,False,False,130.0,1.5,1.2,1.2,1.2,1.0,1.0,1.2,686.0,52.0,686.0,52.0,0,1,False,0,1.0,68.0,45.0,30.0,31.8,True,True,False,False,True,12,2,False,100.0,100.0,100,DISC,SPOKED,0,0.0,0.0,0.0,278.0,760.0,34.9,300.0,1.0
405.0,75.0,605.0,74.0,150.0,60.0,525.0,74.2,545.0,48.0,40.0,28.6,34.9,23.35,23.35,15.0,9.0,ALUMINIUM,30.0,47.0,42.0,0.0,0.0,0.0,0.0,False,False,130.0,1.5,1.2,1.2,1.2,1.0,1.0,1.2,686.0,52.0,686.0,52.0,0,0,False,0,3.0,68.0,45.0,30.0,31.8,True,True,False,False,True,11,2,False,150.0,75.0,0,DISC,SPOKED,0,0.0,0.0,0.0,276.0,748.0,34.9,280.0,1.0
435.0,65.0,650.0,72.0,195.0,40.0,565.0,72.5,570.0,50.0,40.0,28.6,34.9,23.35,23.35,15.0,9.0,ALUMINIUM,38.0,36.0,50.0,0.0,0.0,0.0,0.0,False,False,130.0,1.5,1.2,1.2,1.2,1.0,1.0,1.2,686.0,52.0,686.0,52.0,0,2,False,0,1.0,68.0,45.0,30.0,31.8,True,True,False,False,True,11,2,False,0.0,200.0,150,DISC,SPOKED,0,0.0,0.0,0.0,285.0,770.0,34.9,315.0,1.0
420.0,68.0,625.0,75.0,175.0,52.0,555.0,73.8,562.0,45.0,40.0,28.6,34.9,23.35,23.35,15.0,9.0,ALUMINIUM,34.0,43.0,46.0,0.0,0.0,0.0,0.0,False,False,130.0,1.5,1.2,1.2,1.2,1.0,1.0,1.2,686.0,52.0,686.0,52.0,0,1,False,0,3.0,68.0,45.0,30.0,31.8,True,True,False,False,True,11,2,False,255.0,255.0,0,DISC,TRISPOKE,0,1.0,0.0,60.0,279.0,762.0,34.9,300.0,1.0
430.0,70.0,635.0,72.8,165.0,50.0,550.0,73.3,560.0,52.0,40.0,28.6,34.9,23.35,23.35,15.0,9.0,ALUMINIUM,33.0,44.0,50.0,0.0,0.0,0.0,0.0,False,False,130.0,1.5,1.2,1.2,1.2,1.0,1.0,1.2,686.0,52.0,686.0,52.0,0,0,False,0,3.0,68.0,45.0,30.0,31.8,True,True,False,False,True,11,2,False,0.0,0.0,0,DISC,DISC,0,0.0,0.0,0.0,281.0,765.0,34.9,305.0,1.0
420.0,75.0,610.0,73.5,150.0,50.0,550.0,73.0,660.0,50.0,40.0,28.6,36.5,36.5,23.35,13.0,15.0,ALUMINIUM,32.0,48.0,52.0,330.0,350.0,16.0,18.0,False,False,130.0,2.0,0.9,1.1,0.9,1.2,1.0,0.9,674.0,52.0,674.0,52.0,0,0,False,0,3.0,68.0,45.0,0.0,31.8,False,True,False,False,True,11,2,False,200.0,200.0,200,DISC,DISC,0,0.0,0.0,0.0,280.0,750.0,34.9,300.0,1.0
430.0,72.0,620.0,73.0,160.0,55.0,560.0,73.5,650.0,52.0,40.0,28.6,36.5,36.5,23.35,13.0,15.0,ALUMINIUM,34.0,46.0,50.0,330.0,350.0,16.0,18.0,False,False,130.0,2.0,0.9,1.1,0.9,1.2,1.0,0.9,674.0,52.0,674.0,52.0,0,0,False,0,3.0,68.0,45.0,0.0,31.8,False,True,False,False,True,12,2,False,255.0,100.0,50,DISC,DISC,0,0.0,0.0,0.0,280.0,750.0,34.9,300.0,1.0
410.0,70.0,600.0,74.0,140.0,48.0,540.0,72.5,655.0,48.0,40.0,28.6,36.5,36.5,23.35,13.0,15.0,ALUMINIUM,30.0,50.0,49.0,330.0,350.0,16.0,18.0,False,False,130.0,2.0,0.9,1.1,0.9,1.2,1.0,0.9,674.0,52.0,674.0,52.0,0,0,False,0,3.0,68.0,45.0,0.0,31.8,False,True,False,False,True,11,2,False,180.0,180.0,180,SPOKED,SPOKED,0,0.0,0.0,0.0,280.0,750.0,34.9,300.0,1.0
415.0,75.0,605.0,72.5,145.0,52.0,545.0,73.0,658.0,50.0,40.0,28.6,36.5,36.5,23.35,13.0,15.0,ALUMINIUM,31.0,47.0,51.0,330.0,350.0,16.0,18.0,False,False,130.0,2.0,0.9,1.1,0.9,1.2,1.0,0.9,674.0,52.0,674.0,52.0,0,0,False,0,3.0,68.0,45.0,0.0,31.8,False,True,False,False,True,11,2,False,100.0,200.0,255,TRISPOKE,TRISPOKE,1,1.0,80.0,80.0,280.0,750.0,34.9,300.0,1.0
425.0,73.0,615.0,73.0,155.0,54.0,555.0,73.2,660.0,51.0,40.0,28.6,36.5,36.5,23.35,13.0,15.0,ALUMINIUM,33.0,49.0,53.0,330.0,350.0,16.0,18.0,False,False,130.0,2.0,0.9,1.1,0.9,1.2,1.0,0.9,674.0,52.0,674.0,52.0,0,0,False,0,3.0,68.0,45.0,0.0,31.8,False,True,False,False,True,11,2,False,50.0,150.0,200,DISC,SPOKED,0,0.0,0.0,0.0,280.0,750.0,34.9,300.0,1.0
435.0,70.0,625.0,73.5,165.0,58.0,565.0,73.0,645.0,54.0,40.0,28.6,36.5,36.5,23.35,13.0,15.0,ALUMINIUM,36.0,50.0,53.0,330.0,350.0,16.0,18.0,False,False,130.0,2.0,0.9,1.1,0.9,1.2,1.0,0.9,674.0,52.0,674.0,52.0,0,0,False,0,3.0,68.0,45.0,0.0,31.8,False,True,False,False,True,11,2,False,220.0,50.0,50,SPOKED,DISC,0,0.0,0.0,0.0,280.0,750.0,34.9,300.0,1.0
405.0,74.0,595.0,72.0,135.0,50.0,535.0,72.0,652.0,49.0,40.0,28.6,36.5,36.5,23.35,13.0,15.0,ALUMINIUM,28.0,45.0,48.0,330.0,350.0,16.0,18.0,False,False,130.0,2.0,0.9,1.1,0.9,1.2,1.0,0.9,674.0,52.0,674.0,52.0,0,0,False,0,3.0,68.0,45.0,0.0,31.8,False,True,False,False,True,11,2,False,150.0,150.0,150,TRISPOKE,DISC,1,0.0,80.0,0.0,280.0,750.0,34.9,300.0,1.0
440.0,71.0,630.0,73.0,170.0,60.0,570.0,74.0,667.0,53.0,40.0,28.6,36.5,36.5,23.35,13.0,15.0,ALUMINIUM,38.0,52.0,55.0,330.0,350.0,16.0,18.0,False,False,130.0,2.0,0.9,1.1,0.9,1.2,1.0,0.9,674.0,52.0,674.0,52.0,0,0,False,0,3.0,68.0,45.0,0.0,31.8,False,True,False,False,True,11,2,False,100.0,100.0,200,DISC,TRISPOKE,0,1.0,0.0,80.0,280.0,750.0,34.9,300.0,1.0
395.0,70.0,590.0,74.0,130.0,45.0,530.0,72.5,650.0,47.0,40.0,28.6,36.5,36.5,23.35,13.0,15.0,ALUMINIUM,29.0,44.0,47.0,330.0,350.0,16.0,18.0,False,False,130.0,2.0,0.9,1.1,0.9,1.2,1.0,0.9,674.0,52.0,674.0,52.0,0,0,False,0,3.0,68.0,45.0,0.0,31.8,False,True,False,False,True,11,2,False,60.0,120.0,240,SPOKED,TRISPOKE,0,1.0,0.0,80.0,280.0,750.0,34.9,300.0,1.0
450.0,72.0,635.0,73.8,175.0,62.0,580.0,74.2,670.0,55.0,40.0,28.6,36.5,36.5,23.35,13.0,15.0,ALUMINIUM,40.0,54.0,60.0,330.0,350.0,16.0,18.0,False,False,130.0,2.0,0.9,1.1,0.9,1.2,1.0,0.9,674.0,52.0,674.0,52.0,0,0,False,0,3.0,68.0,45.0,0.0,31.8,False,True,False,False,True,11,2,False,0.0,128.0,255,SPOKED,SPOKED,0,0.0,0.0,0.0,280.0,750.0,34.9,300.0,1.0
410.0,70.0,590.0,73.0,160.0,45.0,540.0,73.0,620.0,50.0,40.0,28.6,36.5,23.35,23.35,13.0,15.0,ALUMINIUM,30.0,40.0,50.0,330.0,350.0,16.0,18.0,False,False,130.0,2.0,0.9,1.1,0.9,1.2,1.0,0.9,680.0,121.0,680.0,121.0,0,0,False,0,1.0,68.0,45.0,0.0,31.8,False,True,False,False,True,11,2,False,0.0,0.0,0,SPOKED,SPOKED,0,0.0,0.0,0.0,278.0,750.0,36.5,300.0,1.0
410.0,70.0,580.0,72.8,150.0,45.0,545.0,73.2,610.0,50.0,40.0,28.6,36.5,23.35,23.35,13.0,15.0,ALUMINIUM,28.0,42.0,48.0,330.0,350.0,16.0,18.0,False,False,130.0,2.0,0.9,1.1,0.9,1.2,1.0,0.9,680.0,121.0,680.0,121.0,0,0,False,0,1.0,68.0,45.0,0.0,31.8,False,True,False,False,True,11,2,False,200.0,20.0,30,SPOKED,SPOKED,0,0.0,0.0,0.0,278.0,760.0,36.5,330.0,1.0
412.0,70.0,600.0,73.5,170.0,48.0,550.0,73.5,630.0,50.0,40.0,28.6,36.5,23.35,23.35,13.0,15.0,ALUMINIUM,32.0,39.0,52.0,330.0,350.0,16.0,18.0,False,False,130.0,2.0,0.9,1.1,0.9,1.2,1.0,0.9,680.0,121.0,680.0,121.0,0,0,False,0,1.0,68.0,45.0,0.0,31.8,False,True,False,False,True,12,2,False,0.0,50.0,200,SPOKED,SPOKED,0,0.0,0.0,0.0,278.0,755.0,36.5,300.0,1.0
415.0,70.0,620.0,74.0,180.0,47.0,545.0,74.0,640.0,50.0,40.0,28.6,36.5,23.35,23.35,13.0,15.0,ALUMINIUM,31.0,41.0,51.0,330.0,350.0,16.0,18.0,False,False,130.0,2.0,0.9,1.1,0.9,1.2,1.0,0.9,680.0,121.0,680.0,121.0,0,0,False,0,1.0,68.0,45.0,0.0,31.8,False,True,False,False,True,11,2,False,0.0,150.0,50,SPOKED,SPOKED,0,0.0,0.0,0.0,278.0,745.0,36.5,310.0,1.0
408.0,70.0,575.0,72.5,155.0,46.0,535.0,72.8,605.0,50.0,40.0,28.6,36.5,23.35,23.35,13.0,15.0,ALUMINIUM,29.0,43.0,49.0,330.0,350.0,16.0,18.0,False,False,130.0,2.0,0.9,1.1,0.9,1.2,1.0,0.9,680.0,121.0,680.0,121.0,0,0,False,0,1.0,68.0,45.0,0.0,31.8,False,True,False,False,True,11,2,False,255.0,100.0,0,SPOKED,SPOKED,0,0.0,0.0,0.0,278.0,765.0,36.5,320.0,1.0
412.0,70.0,605.0,73.2,165.0,49.0,548.0,73.1,625.0,50.0,40.0,28.6,36.5,23.35,23.35,13.0,15.0,ALUMINIUM,31.0,40.0,53.0,330.0,350.0,16.0,18.0,False,False,130.0,2.0,0.9,1.1,0.9,1.2,1.0,0.9,680.0,121.0,680.0,121.0,0,0,False,0,1.0,68.0,45.0,0.0,31.8,False,True,False,False,True,11,2,False,150.0,50.0,150,SPOKED,SPOKED,0,0.0,0.0,0.0,278.0,750.0,36.5,300.0,1.0
405.0,70.0,580.0,72.0,140.0,44.0,530.0,72.0,600.0,50.0,40.0,28.6,36.5,23.35,23.35,13.0,15.0,ALUMINIUM,27.0,37.0,47.0,330.0,350.0,16.0,18.0,False,False,130.0,2.0,0.9,1.1,0.9,1.2,1.0,0.9,680.0,121.0,680.0,121.0,0,0,False,0,1.0,68.0,45.0,0.0,31.8,False,True,False,False,True,11,2,False,200.0,200.0,200,SPOKED,SPOKED,0,0.0,0.0,0.0,278.0,770.0,36.5,310.0,1.0
420.0,70.0,630.0,74.2,190.0,50.0,555.0,74.0,650.0,50.0,40.0,28.6,36.5,23.35,23.35,13.0,15.0,ALUMINIUM,34.0,44.0,54.0,330.0,350.0,16.0,18.0,False,False,130.0,2.0,0.9,1.1,0.9,1.2,1.0,0.9,680.0,121.0,680.0,121.0,0,0,False,0,1.0,68.0,45.0,0.0,31.8,False,True,False,False,True,11,2,False,255.0,255.0,255,SPOKED,SPOKED,0,0.0,0.0,0.0,278.0,740.0,36.5,300.0,1.0
402.0,70.0,565.0,72.7,145.0,43.0,528.0,73.0,590.0,50.0,40.0,28.6,36.5,23.35,23.35,13.0,15.0,ALUMINIUM,28.0,36.0,46.0,330.0,350.0,16.0,18.0,False,False,130.0,2.0,0.9,1.1,0.9,1.2,1.0,0.9,680.0,121.0,680.0,121.0,0,0,False,0,1.0,68.0,45.0,0.0,31.8,False,True,False,False,True,11,2,False,0.0,128.0,128,SPOKED,SPOKED,0,0.0,0.0,0.0,278.0,755.0,36.5,320.0,1.0
411.0,70.0,595.0,73.0,158.0,47.0,542.0,73.0,615.0,50.0,40.0,28.6,36.5,23.35,23.35,13.0,15.0,ALUMINIUM,30.0,41.0,50.0,330.0,350.0,16.0,18.0,False,False,130.0,2.0,0.9,1.1,0.9,1.2,1.0,0.9,680.0,121.0,680.0,121.0,0,0,False,0,1.0,68.0,45.0,0.0,31.8,False,True,False,False,True,11,2,False,128.0,0.0,32,SPOKED,SPOKED,0,0.0,0.0,0.0,278.0,760.0,36.5,310.0,1.0
405.0,70.0,600.0,73.0,150.0,50.0,530.0,74.0,560.0,50.0,40.0,32.0,34.9,25.0,25.0,13.0,15.0,ALUMINIUM,30.0,40.0,50.0,330.0,350.0,16.0,18.0,False,False,130.0,2.0,2.0,2.0,2.0,2.0,2.0,2.0,680.0,52.0,680.0,52.0,0,0,False,0,1.0,68.0,45.0,0.0,31.8,False,False,False,False,True,10,2,False,192.0,192.0,192,SPOKED,SPOKED,0,0.0,80.0,80.0,300.0,780.0,34.9,300.0,1.0
410.0,68.0,610.0,73.5,160.0,52.0,535.0,74.5,565.0,48.0,40.0,30.0,35.0,26.0,26.0,13.0,16.0,ALUMINIUM,32.0,42.0,52.0,330.0,350.0,16.0,18.0,False,False,130.0,2.0,2.0,2.0,2.0,2.0,2.0,2.0,680.0,52.0,680.0,52.0,0,1,False,0,1.0,68.0,45.0,0.0,31.8,False,False,False,False,True,9,2,False,255.0,0.0,0,SPOKED,SPOKED,0,0.0,80.0,80.0,305.0,775.0,34.9,300.0,1.0
400.0,72.0,590.0,72.8,140.0,51.0,525.0,73.5,555.0,51.0,42.0,31.0,36.0,27.0,27.0,12.5,14.5,ALUMINIUM,29.0,39.0,49.0,330.0,350.0,16.0,18.0,False,False,130.0,2.0,2.0,2.0,2.0,2.0,2.0,2.0,680.0,52.0,680.0,52.0,0,2,False,0,1.0,68.0,45.0,0.0,31.8,False,False,False,False,True,8,2,False,0.0,128.0,255,SPOKED,SPOKED,0,0.0,80.0,80.0,310.0,770.0,34.9,300.0,1.0
415.0,65.0,620.0,72.5,180.0,55.0,540.0,75.0,580.0,49.0,40.0,33.5,34.9,28.0,28.0,13.0,15.0,ALUMINIUM,35.0,45.0,55.0,330.0,350.0,16.0,18.0,False,False,130.0,2.0,2.0,2.0,2.0,2.0,2.0,2.0,680.0,52.0,680.0,52.0,0,0,False,0,1.0,68.0,45.0,0.0,31.8,False,False,False,False,True,10,2,False,255.0,215.0,0,SPOKED,SPOKED,0,0.0,80.0,80.0,300.0,785.0,34.9,300.0,1.0
425.0,75.0,580.0,73.2,155.0,53.0,532.0,74.2,570.0,52.0,42.0,34.0,36.5,25.0,25.0,13.5,15.5,ALUMINIUM,31.0,41.0,51.0,330.0,350.0,16.0,18.0,False,False,130.0,2.0,2.0,2.0,2.0,2.0,2.0,2.0,680.0,52.0,680.0,52.0,0,1,False,0,1.0,68.0,45.0,0.0,31.8,False,False,False,False,True,10,2,False,0.0,255.0,0,SPOKED,SPOKED,0,0.0,80.0,80.0,295.0,770.0,34.9,300.0,1.0
395.0,69.0,605.0,73.8,145.0,50.0,528.0,74.0,558.0,47.0,40.0,30.5,33.0,23.35,23.35,12.8,14.0,ALUMINIUM,28.0,38.0,48.0,330.0,350.0,16.0,18.0,False,False,130.0,2.0,2.0,2.0,2.0,2.0,2.0,2.0,680.0,52.0,680.0,52.0,0,2,False,0,1.0,68.0,45.0,0.0,31.8,False,False,False,False,True,11,2,False,128.0,0.0,128,SPOKED,SPOKED,0,0.0,80.0,80.0,312.0,790.0,34.9,300.0,1.0
435.0,67.0,595.0,72.9,165.0,52.0,538.0,74.8,572.0,53.0,40.0,31.2,35.2,26.5,26.5,13.0,15.0,ALUMINIUM,33.0,43.0,53.0,330.0,350.0,16.0,18.0,False,False,130.0,2.0,2.0,2.0,2.0,2.0,2.0,2.0,680.0,52.0,680.0,52.0,0,0,False,0,1.0,68.0,45.0,0.0,31.8,False,False,False,False,True,10,2,False,0.0,0.0,0,SPOKED,SPOKED,0,0.0,80.0,80.0,300.0,780.0,34.9,300.0,1.0
405.0,72.0,610.0,73.1,158.0,54.0,536.0,74.3,562.0,50.0,42.0,32.0,34.9,24.0,24.0,13.2,16.0,ALUMINIUM,32.0,42.0,52.0,330.0,350.0,16.0,18.0,False,False,130.0,2.0,2.0,2.0,2.0,2.0,2.0,2.0,680.0,52.0,680.0,52.0,0,1,False,0,1.0,68.0,45.0,0.0,31.8,False,False,False,False,True,9,2,False,255.0,255.0,255,SPOKED,SPOKED,0,0.0,80.0,80.0,305.0,775.0,34.9,300.0,1.0
390.0,66.0,585.0,72.7,148.0,51.0,529.0,73.9,550.0,48.0,40.0,30.0,32.6,25.0,25.0,12.7,14.7,ALUMINIUM,29.5,39.5,49.5,330.0,350.0,16.0,18.0,False,False,130.0,2.0,2.0,2.0,2.0,2.0,2.0,2.0,680.0,52.0,680.0,52.0,0,2,False,0,1.0,68.0,45.0,0.0,31.8,False,False,False,False,True,10,2,False,128.0,128.0,128,SPOKED,SPOKED,0,0.0,80.0,80.0,308.0,765.0,34.9,300.0,1.0
425.0,70.0,615.0,73.4,170.0,54.0,542.0,74.6,575.0,51.0,42.0,33.8,36.0,27.0,27.0,13.3,15.2,ALUMINIUM,34.0,44.0,54.0,330.0,350.0,16.0,18.0,False,False,130.0,2.0,2.0,2.0,2.0,2.0,2.0,2.0,680.0,52.0,680.0,52.0,0,0,False,0,1.0,68.0,45.0,0.0,31.8,False,False,False,False,True,10,2,False,64.0,64.0,192,SPOKED,SPOKED,0,0.0,80.0,80.0,302.0,788.0,34.9,300.0,1.0
405.0,75.0,620.0,73.0,140.0,45.0,550.0,73.0,650.0,45.0,45.0,28.0,36.5,25.0,15.0,13.0,15.0,ALUMINIUM,35.0,50.0,45.0,330.0,350.0,16.0,18.0,False,False,130.0,1.0,1.0,1.0,1.0,1.0,1.0,1.0,700.0,62.0,700.0,62.0,0,0,False,0,1.0,68.0,45.0,30.0,34.0,False,True,False,False,True,10,2,False,0.0,0.0,255,DISC,SPOKED,0,0.0,0.0,0.0,280.0,750.0,35.0,750.0,1.0
410.0,70.0,600.0,74.0,130.0,40.0,540.0,74.0,640.0,50.0,50.0,29.0,36.5,26.0,16.0,13.0,15.0,ALUMINIUM,30.0,45.0,40.0,330.0,350.0,16.0,18.0,False,False,130.0,1.1,1.1,1.1,1.1,1.1,1.1,1.1,680.0,60.0,680.0,60.0,0,1,False,0,1.0,68.0,48.0,32.0,32.0,False,True,False,False,True,11,2,False,255.0,0.0,0,DISC,SPOKED,0,0.0,0.0,0.0,290.0,760.0,36.0,770.0,1.0
420.0,80.0,640.0,72.0,150.0,50.0,560.0,72.0,660.0,42.0,45.0,28.0,36.5,24.0,14.0,13.0,15.0,ALUMINIUM,40.0,55.0,48.0,330.0,350.0,16.0,18.0,False,False,130.0,1.0,1.0,1.0,1.0,1.0,1.0,1.0,695.0,55.0,695.0,55.0,0,2,False,0,3.0,68.0,50.0,34.0,33.0,False,True,False,False,True,12,2,False,0.0,255.0,0,DISC,SPOKED,0,0.0,0.0,0.0,300.0,780.0,35.5,780.0,1.0
395.0,65.0,610.0,74.0,125.0,45.0,545.0,74.0,630.0,48.0,40.0,27.0,36.5,26.0,15.0,13.0,15.0,ALUMINIUM,28.0,48.0,42.0,330.0,350.0,16.0,18.0,False,False,130.0,1.0,1.0,1.0,1.0,1.0,1.0,1.0,670.0,58.0,670.0,58.0,0,0,False,0,1.0,68.0,45.0,30.0,30.0,False,True,False,False,True,9,2,False,255.0,255.0,0,DISC,SPOKED,0,0.0,0.0,0.0,275.0,740.0,34.5,740.0,1.0
430.0,70.0,630.0,71.0,155.0,60.0,580.0,71.0,670.0,46.0,45.0,28.6,36.5,25.0,16.0,13.0,15.0,ALUMINIUM,38.0,60.0,47.0,330.0,350.0,16.0,18.0,False,False,130.0,1.0,1.0,1.0,1.0,1.0,1.0,1.0,710.0,65.0,710.0,65.0,0,1,False,2,1.0,68.0,50.0,28.0,35.0,False,True,False,False,True,11,2,False,255.0,165.0,0,DISC,SPOKED,0,0.0,0.0,0.0,285.0,760.0,36.5,760.0,1.0
400.0,68.0,605.0,73.5,135.0,47.0,550.0,73.5,645.0,43.0,45.0,29.0,36.5,24.0,15.0,13.0,15.0,ALUMINIUM,32.0,52.0,43.0,330.0,350.0,16.0,18.0,False,False,130.0,1.2,1.2,1.2,1.2,1.2,1.2,1.2,690.0,60.0,690.0,60.0,0,0,False,0,0.0,68.0,47.0,40.0,31.0,False,True,False,False,True,10,2,False,128.0,0.0,128,DISC,SPOKED,0,0.0,0.0,0.0,265.0,720.0,35.0,750.0,0.0
415.0,72.0,625.0,72.5,145.0,50.0,560.0,72.5,655.0,47.0,45.0,28.0,36.5,23.0,14.0,13.0,15.0,ALUMINIUM,36.0,54.0,45.0,330.0,350.0,16.0,18.0,False,False,130.0,1.0,1.0,1.0,1.0,1.0,1.0,1.0,700.0,55.0,700.0,55.0,0,1,False,0,1.0,68.0,46.0,30.0,33.0,False,True,False,False,True,9,2,False,0.0,255.0,255,DISC,SPOKED,0,0.0,0.0,0.0,275.0,755.0,34.8,755.0,1.0
390.0,65.0,590.0,74.0,120.0,42.0,530.0,74.0,630.0,45.0,40.0,26.0,36.5,26.0,15.0,13.0,15.0,ALUMINIUM,29.0,46.0,41.0,330.0,350.0,16.0,18.0,False,False,130.0,0.9,0.9,0.9,0.9,0.9,0.9,0.9,670.0,58.0,670.0,58.0,0,2,False,0,1.0,68.0,44.0,32.0,32.0,False,True,False,False,True,8,2,False,255.0,192.0,203,DISC,SPOKED,0,0.0,0.0,0.0,265.0,720.0,34.0,700.0,1.0
430.0,78.0,660.0,71.5,160.0,55.0,580.0,71.5,670.0,50.0,50.0,30.0,36.5,25.0,15.0,13.0,15.0,ALUMINIUM,42.0,58.0,52.0,330.0,350.0,16.0,18.0,False,False,135.0,1.1,1.1,1.1,1.1,1.1,1.1,1.1,705.0,65.0,705.0,65.0,0,0,False,0,3.0,68.0,50.0,35.0,36.0,False,True,False,False,True,10,2,False,139.0,69.0,19,DISC,SPOKED,0,0.0,0.0,0.0,295.0,800.0,36.5,800.0,2.0
445.0,70.0,645.0,73.0,170.0,60.0,600.0,73.0,680.0,49.0,45.0,32.0,36.5,25.0,16.0,13.0,15.0,ALUMINIUM,45.0,60.0,55.0,330.0,350.0,16.0,18.0,False,False,130.0,1.0,1.0,1.0,1.0,1.0,1.0,1.0,695.0,58.0,695.0,58.0,0,1,False,0,1.0,68.0,48.0,28.0,32.0,False,True,False,False,True,11,2,False,0.0,128.0,128,DISC,SPOKED,0,0.0,0.0,0.0,280.0,770.0,35.5,770.0,1.0
405.0,70.0,600.0,73.0,160.0,50.0,580.0,73.0,660.0,45.0,40.0,28.6,34.9,36.5,30.0,13.0,15,ALUMINIUM,30.0,50.0,50.0,0.0,0.0,0.0,0,False,False,130.0,2.0,0.9,1.1,0.9,1.2,1.0,0.9,680.0,52.0,680.0,52.0,0,0,False,0,2.0,68.0,45.0,0.0,31.8,False,True,False,False,True,10,2,False,200.0,50.0,50,DISC,SPOKED,0,0.0,0.0,0.0,278.0,760.0,34.9,300.0,1.0
410.0,72.0,610.0,72.5,165.0,52.0,590.0,73.5,655.0,45.0,40.0,28.6,34.9,36.5,30.0,13.0,15,ALUMINIUM,32.0,52.0,52.0,0.0,0.0,0.0,0,False,False,130.0,2.0,0.9,1.1,0.9,1.2,1.0,0.9,680.0,52.0,680.0,52.0,0,1,False,0,2.0,68.0,45.0,0.0,31.8,False,True,False,False,True,9,1,False,0.0,100.0,200,DISC,SPOKED,0,0.0,0.0,0.0,280.0,765.0,34.9,310.0,1.0
400.0,68.0,590.0,73.5,155.0,48.0,575.0,74.0,650.0,46.0,40.0,30.0,35.0,36.0,30.0,13.0,15,ALUMINIUM,29.0,48.0,48.0,0.0,0.0,0.0,0,False,False,130.0,2.0,0.9,1.1,0.9,1.2,1.0,0.9,680.0,52.0,680.0,52.0,0,2,False,0,2.0,68.0,45.0,0.0,31.8,False,True,False,False,True,10,2,False,50.0,200.0,50,DISC,SPOKED,0,0.0,0.0,0.0,275.0,755.0,34.9,300.0,1.0
415.0,70.0,620.0,72.0,170.0,50.0,600.0,73.0,670.0,44.0,40.0,28.6,34.5,36.5,30.0,13.0,15,ALUMINIUM,35.0,55.0,55.0,0.0,0.0,0.0,0,False,False,130.0,2.0,0.9,1.1,0.9,1.2,1.0,0.9,680.0,52.0,680.0,52.0,0,0,False,0,2.0,68.0,45.0,0.0,31.8,False,True,False,False,True,11,2,False,100.0,0.0,100,DISC,SPOKED,0,0.0,0.0,0.0,282.0,770.0,34.9,300.0,1.0
395.0,75.0,580.0,74.0,150.0,52.0,570.0,74.5,645.0,47.0,40.0,28.6,34.9,36.5,30.0,13.0,15,ALUMINIUM,28.0,48.0,48.0,0.0,0.0,0.0,0,False,False,130.0,2.0,0.9,1.1,0.9,1.2,1.0,0.9,680.0,52.0,680.0,52.0,0,1,False,0,2.0,68.0,45.0,0.0,31.8,False,True,False,False,True,11,1,False,10.0,10.0,200,DISC,SPOKED,0,0.0,0.0,0.0,276.0,750.0,34.9,300.0,1.0
405.0,72.0,605.0,73.2,158.0,51.0,582.0,73.8,660.0,45.0,40.0,28.6,34.9,36.5,30.0,13.0,15,ALUMINIUM,31.0,51.0,51.0,0.0,0.0,0.0,0,False,False,130.0,2.0,0.9,1.1,0.9,1.2,1.0,0.9,680.0,52.0,680.0,52.0,0,2,False,0,2.0,68.0,45.0,0.0,31.8,False,True,False,False,True,8,2,False,250.0,150.0,0,DISC,SPOKED,0,0.0,0.0,0.0,279.0,765.0,34.9,290.0,1.0
410.0,68.0,615.0,72.8,162.0,49.0,585.0,73.3,655.0,45.0,40.0,28.6,34.9,36.5,30.0,13.0,15,ALUMINIUM,33.0,49.0,49.0,0.0,0.0,0.0,0,False,False,130.0,2.0,0.9,1.1,0.9,1.2,1.0,0.9,680.0,52.0,680.0,52.0,0,0,False,0,2.0,68.0,45.0,0.0,31.8,False,True,False,False,True,10,1,False,0.0,0.0,0,DISC,SPOKED,0,0.0,0.0,0.0,281.0,780.0,34.9,300.0,1.0
400.0,70.0,595.0,73.6,152.0,50.0,578.0,74.2,652.0,46.0,40.0,28.6,34.9,36.5,30.0,13.0,15,ALUMINIUM,30.0,50.0,50.0,0.0,0.0,0.0,0,False,False,130.0,2.0,0.9,1.1,0.9,1.2,1.0,0.9,680.0,52.0,680.0,52.0,0,1,False,0,2.0,68.0,45.0,0.0,31.8,False,True,False,False,True,9,2,False,100.0,100.0,100,DISC,SPOKED,0,0.0,0.0,0.0,283.0,755.0,34.9,300.0,1.0
395.0,69.0,588.0,74.0,148.0,48.0,575.0,73.9,648.0,45.0,40.0,28.6,34.9,36.5,30.0,13.0,15,ALUMINIUM,28.0,48.0,48.0,0.0,0.0,0.0,0,False,False,130.0,2.0,0.9,1.1,0.9,1.2,1.0,0.9,680.0,52.0,680.0,52.0,0,1,False,0,2.0,68.0,45.0,0.0,31.8,False,True,False,False,True,8,1,False,254.0,200.0,100,DISC,SPOKED,0,0.0,0.0,0.0,277.0,750.0,34.9,300.0,1.0
420.0,70.0,630.0,72.2,175.0,53.0,605.0,73.1,675.0,44.0,40.0,28.6,34.9,36.5,30.0,13.0,15,ALUMINIUM,38.0,60.0,60.0,0.0,0.0,0.0,0,False,False,130.0,2.0,0.9,1.1,0.9,1.2,1.0,0.9,680.0,52.0,680.0,52.0,0,0,False,0,2.0,68.0,45.0,0.0,31.8,False,True,False,False,True,10,2,False,150.0,150.0,0,DISC,SPOKED,0,0.0,0.0,0.0,285.0,785.0,34.9,300.0,1.0
420.0,70.0,620.0,73.0,150.0,50.0,560.0,73.5,650.0,50.0,45.0,31.8,36.5,23.35,23.35,15.0,9.0,ALUMINIUM,30.0,50.0,40.0,330.0,350.0,16.0,18.0,False,False,130.0,2.0,0.9,1.1,0.9,1.2,1.0,0.9,680.0,52.0,680.0,52.0,0,0,False,0,1.0,68.0,45.0,0.0,31.8,True,True,False,False,True,11,2,False,31.0,119.0,180,SPOKED,SPOKED,0,0.0,80.0,80.0,280.0,760.0,34.9,330.0,1.0
430.0,72.0,630.0,72.5,155.0,55.0,570.0,73.0,655.0,52.0,45.0,33.6,36.5,25.0,25.0,15.0,9.0,ALUMINIUM,32.0,52.0,42.0,330.0,350.0,16.0,18.0,False,False,130.0,2.0,0.9,1.1,0.9,1.2,1.0,0.9,680.0,52.0,680.0,52.0,0,1,False,0,1.0,68.0,45.0,0.0,31.8,True,True,False,False,True,11,2,False,255.0,127.0,14,SPOKED,SPOKED,0,0.0,80.0,80.0,285.0,765.0,34.9,330.0,1.0
425.0,68.0,615.0,73.5,145.0,48.0,555.0,72.5,645.0,48.0,45.0,31.8,36.5,24.0,24.0,15.0,9.0,ALUMINIUM,28.0,48.0,38.0,330.0,350.0,16.0,18.0,False,False,130.0,2.0,0.9,1.1,0.9,1.2,1.0,0.9,680.0,52.0,680.0,52.0,0,2,False,0,1.0,68.0,45.0,0.0,31.8,True,True,False,False,True,11,2,False,44.0,160.0,44,SPOKED,SPOKED,0,0.0,80.0,80.0,290.0,770.0,34.9,330.0,1.0
400.0,75.0,610.0,72.0,160.0,50.0,580.0,73.5,660.0,50.0,45.0,28.6,36.5,23.35,23.35,15.0,9.0,ALUMINIUM,35.0,55.0,45.0,330.0,350.0,16.0,18.0,False,False,130.0,2.0,0.9,1.1,0.9,1.2,1.0,0.9,680.0,52.0,680.0,52.0,0,1,False,0,1.0,68.0,45.0,0.0,31.8,True,True,False,False,True,11,2,False,214.0,39.0,40,SPOKED,SPOKED,0,0.0,80.0,80.0,295.0,755.0,34.9,330.0,1.0
415.0,70.0,640.0,74.0,140.0,52.0,600.0,72.0,670.0,50.0,45.0,31.8,36.5,26.0,26.0,15.0,9.0,ALUMINIUM,26.0,46.0,36.0,330.0,350.0,16.0,18.0,False,False,130.0,2.0,0.9,1.1,0.9,1.2,1.0,0.9,680.0,52.0,680.0,52.0,0,1,False,0,1.0,68.0,45.0,0.0,31.8,True,True,False,False,True,11,2,False,148.0,103.0,189,SPOKED,SPOKED,0,0.0,80.0,80.0,300.0,765.0,34.9,330.0,1.0
435.0,69.0,655.0,73.0,170.0,47.0,545.0,73.0,630.0,49.0,40.0,33.6,36.5,24.5,24.5,15.0,9.0,ALUMINIUM,33.0,51.0,41.0,330.0,350.0,16.0,18.0,False,False,130.0,2.0,0.9,1.1,0.9,1.2,1.0,0.9,680.0,52.0,680.0,52.0,0,1,False,0,1.0,68.0,45.0,0.0,31.8,True,True,False,False,True,11,2,False,140.0,86.0,75,SPOKED,SPOKED,0,0.0,80.0,80.0,285.0,758.0,34.9,330.0,1.0
455.0,72.0,645.0,73.5,165.0,53.0,580.0,73.5,665.0,51.0,45.0,28.6,36.5,23.35,23.35,15.0,9.0,ALUMINIUM,31.0,53.0,43.0,330.0,350.0,16.0,18.0,False,False,130.0,2.0,0.9,1.1,0.9,1.2,1.0,0.9,680.0,52.0,680.0,52.0,0,2,False,0,1.0,68.0,45.0,0.0,31.8,True,True,False,False,True,11,2,False,227.0,119.0,194,SPOKED,SPOKED,0,0.0,80.0,80.0,292.0,766.0,34.9,330.0,1.0
445.0,71.0,625.0,72.0,158.0,49.0,565.0,72.5,648.0,46.0,45.0,31.8,36.5,23.35,23.35,15.0,9.0,ALUMINIUM,29.0,49.0,39.0,330.0,350.0,16.0,18.0,False,False,130.0,2.0,0.9,1.1,0.9,1.2,1.0,0.9,680.0,52.0,680.0,52.0,0,0,False,0,1.0,68.0,45.0,0.0,31.8,True,True,False,False,True,11,2,False,127.0,127.0,127,SPOKED,SPOKED,0,0.0,80.0,80.0,288.0,762.0,34.9,330.0,1.0
410.0,68.0,635.0,74.0,152.0,46.0,550.0,74.0,640.0,47.0,42.0,28.6,36.5,23.35,23.35,15.0,9.0,ALUMINIUM,27.0,47.0,37.0,330.0,350.0,16.0,18.0,False,False,130.0,2.0,0.9,1.1,0.9,1.2,1.0,0.9,680.0,52.0,680.0,52.0,0,1,False,0,1.0,68.0,45.0,0.0,31.8,True,True,False,False,True,11,2,False,188.0,189.0,34,SPOKED,SPOKED,0,0.0,80.0,80.0,294.0,759.0,34.9,330.0,1.0
440.0,70.0,650.0,73.0,162.0,51.0,590.0,73.0,660.0,50.0,45.0,33.6,36.5,25.0,25.0,15.0,9.0,ALUMINIUM,34.0,54.0,44.0,330.0,350.0,16.0,18.0,False,False,130.0,2.0,0.9,1.1,0.9,1.2,1.0,0.9,680.0,52.0,680.0,52.0,0,2,False,0,1.0,68.0,45.0,0.0,31.8,True,True,False,False,True,11,2,False,23.0,190.0,207,SPOKED,SPOKED,0,0.0,80.0,80.0,289.0,767.0,34.9,330.0,1.0
415.0,70.0,580.0,73.0,140.0,45.0,540.0,73.0,660.0,50.0,40.0,30.0,30.0,30.0,30.0,13.0,15.0,ALUMINIUM,28.0,40.0,35.0,330.0,350.0,16.0,18.0,False,False,130.0,2.0,0.9,1.1,0.9,1.2,1.0,0.9,680.0,23.0,680.0,23.0,0,0,False,0,1.0,68.0,45.0,0.0,31.8,True,True,False,False,True,11,2,False,255.0,0.0,0,DISC,SPOKED,0,0.0,0.0,0.0,280.0,760.0,32.0,300.0,1.0
417.0,70.0,578.0,73.5,144.0,45.0,544.0,73.0,662.0,50.0,40.0,30.0,30.0,30.0,30.0,13.0,15.0,ALUMINIUM,28.0,40.0,35.0,330.0,350.0,16.0,18.0,False,False,130.0,2.0,0.9,1.1,0.9,1.2,1.0,0.9,680.0,23.0,680.0,23.0,0,0,False,0,1.0,68.0,45.0,0.0,31.8,True,True,False,False,True,11,2,False,0.0,255.0,0,DISC,SPOKED,0,0.0,0.0,0.0,280.0,760.0,32.0,300.0,1.0
419.0,70.0,576.0,72.5,148.0,45.0,548.0,73.0,664.0,50.0,40.0,30.0,30.0,30.0,30.0,13.0,15.0,ALUMINIUM,28.0,40.0,35.0,330.0,350.0,16.0,18.0,False,False,130.0,2.0,0.9,1.1,0.9,1.2,1.0,0.9,680.0,23.0,680.0,23.0,0,0,False,0,1.0,68.0,45.0,0.0,31.8,True,True,False,False,True,11,2,False,0.0,0.0,255,DISC,SPOKED,0,0.0,0.0,0.0,280.0,760.0,32.0,300.0,1.0
421.0,70.0,574.0,73.0,152.0,45.0,552.0,73.0,666.0,50.0,40.0,30.0,30.0,30.0,30.0,13.0,15.0,ALUMINIUM,28.0,40.0,35.0,330.0,350.0,16.0,18.0,False,False,130.0,2.0,0.9,1.1,0.9,1.2,1.0,0.9,680.0,23.0,680.0,23.0,0,0,False,0,1.0,68.0,45.0,0.0,31.8,True,True,False,False,True,11,2,False,255.0,255.0,0,DISC,SPOKED,0,0.0,0.0,0.0,280.0,760.0,32.0,300.0,1.0
423.0,70.0,572.0,72.5,156.0,45.0,556.0,73.0,668.0,50.0,40.0,30.0,30.0,30.0,30.0,13.0,15.0,ALUMINIUM,28.0,40.0,35.0,330.0,350.0,16.0,18.0,False,False,130.0,2.0,0.9,1.1,0.9,1.2,1.0,0.9,680.0,23.0,680.0,23.0,0,0,False,0,1.0,68.0,45.0,0.0,31.8,True,True,False,False,True,11,2,False,255.0,0.0,255,DISC,SPOKED,0,0.0,0.0,0.0,280.0,760.0,32.0,300.0,1.0
425.0,70.0,570.0,73.0,160.0,45.0,560.0,73.0,670.0,50.0,40.0,30.0,30.0,30.0,30.0,13.0,15.0,ALUMINIUM,28.0,40.0,35.0,330.0,350.0,16.0,18.0,False,False,130.0,2.0,0.9,1.1,0.9,1.2,1.0,0.9,680.0,23.0,680.0,23.0,0,0,False,0,1.0,68.0,45.0,0.0,31.8,False,True,False,False,True,11,2,False,0.0,255.0,255,SPOKED,DISC,0,0.0,0.0,0.0,280.0,760.0,32.0,300.0,1.0
427.0,70.0,568.0,73.5,164.0,45.0,564.0,73.0,672.0,50.0,40.0,30.0,30.0,30.0,30.0,13.0,15.0,ALUMINIUM,28.0,40.0,35.0,330.0,350.0,16.0,18.0,False,False,130.0,2.0,0.9,1.1,0.9,1.2,1.0,0.9,680.0,23.0,680.0,23.0,0,0,False,0,1.0,68.0,45.0,0.0,31.8,False,False,False,False,True,11,2,False,128.0,0.0,128,SPOKED,DISC,0,0.0,0.0,0.0,280.0,760.0,32.0,300.0,1.0
429.0,70.0,566.0,72.5,168.0,45.0,568.0,73.0,674.0,50.0,40.0,30.0,30.0,30.0,30.0,13.0,15.0,ALUMINIUM,28.0,40.0,35.0,330.0,350.0,16.0,18.0,False,False,130.0,2.0,0.9,1.1,0.9,1.2,1.0,0.9,680.0,23.0,680.0,23.0,0,0,False,0,1.0,68.0,45.0,0.0,31.8,False,False,False,False,True,11,2,False,255.0,128.0,0,SPOKED,DISC,0,0.0,0.0,0.0,280.0,760.0,32.0,300.0,1.0
431.0,70.0,564.0,73.0,172.0,45.0,572.0,73.0,676.0,50.0,40.0,30.0,30.0,30.0,30.0,13.0,15.0,ALUMINIUM,28.0,40.0,35.0,330.0,350.0,16.0,18.0,False,False,130.0,2.0,0.9,1.1,0.9,1.2,1.0,0.9,680.0,23.0,680.0,23.0,0,0,False,0,1.0,68.0,45.0,0.0,31.8,False,False,False,False,True,11,2,False,128.0,128.0,128,SPOKED,DISC,0,0.0,0.0,0.0,280.0,760.0,32.0,300.0,1.0
433.0,70.0,562.0,72.5,176.0,45.0,576.0,73.0,678.0,50.0,40.0,30.0,30.0,30.0,30.0,13.0,15.0,ALUMINIUM,28.0,40.0,35.0,330.0,350.0,16.0,18.0,False,False,130.0,2.0,0.9,1.1,0.9,1.2,1.0,0.9,680.0,23.0,680.0,23.0,0,0,False,0,1.0,68.0,45.0,0.0,31.8,False,False,False,False,True,11,2,False,0.0,0.0,0,SPOKED,DISC,0,0.0,0.0,0.0,280.0,760.0,32.0,300.0,1.0
405.0,70.0,600.0,73.0,160.0,45.0,550.0,73.5,650.0,45.0,40.0,28.6,33.6,36.5,23.35,13.0,15.0,ALUMINIUM,30.0,45.0,45.0,0.0,0.0,0.0,0.0,False,False,130.0,2.0,0.9,1.1,0.9,1.2,1.0,0.9,680.0,60.0,680.0,60.0,0,0,False,0,1.0,68.0,45.0,0.0,31.8,False,True,False,False,True,11,2,False,250.0,100.0,50,DISC,SPOKED,0,0.0,0.0,0.0,278.0,760.0,34.9,330.0,1.0
410.0,68.0,610.0,72.5,170.0,50.0,560.0,73.0,655.0,50.0,40.0,28.6,33.6,36.5,23.35,13.0,15.0,ALUMINIUM,32.0,45.0,48.0,0.0,0.0,0.0,0.0,False,False,130.0,2.0,0.9,1.1,0.9,1.2,1.0,0.9,680.0,60.0,680.0,60.0,0,0,False,0,1.0,68.0,45.0,0.0,31.8,True,True,False,False,True,11,2,False,100.0,150.0,200,SPOKED,DISC,0,0.0,0.0,0.0,280.0,755.0,34.9,335.0,1.0
405.0,70.0,600.0,73.0,155.0,45.0,550.0,73.5,650.0,45.0,40.0,28.6,33.6,36.5,23.35,13.0,15.0,ALUMINIUM,30.0,45.0,45.0,0.0,0.0,0.0,0.0,False,False,130.0,2.0,0.9,1.1,0.9,1.2,1.0,0.9,680.0,60.0,680.0,60.0,0,0,False,0,1.0,68.0,45.0,0.0,31.8,False,True,False,False,True,11,2,False,200.0,50.0,100,TRISPOKE,SPOKED,1,0.0,50.0,0.0,278.0,760.0,34.9,330.0,1.0
415.0,72.0,605.0,72.0,165.0,48.0,555.0,74.0,660.0,50.0,40.0,28.6,33.6,36.5,23.35,13.0,15.0,ALUMINIUM,33.0,46.0,47.0,0.0,0.0,0.0,0.0,False,False,130.0,2.0,0.9,1.1,0.9,1.2,1.0,0.9,680.0,60.0,680.0,60.0,0,0,False,0,1.0,68.0,45.0,0.0,31.8,False,True,False,False,True,11,2,False,0.0,200.0,100,DISC,TRISPOKE,0,1.0,0.0,55.0,278.0,760.0,34.9,330.0,1.0
400.0,65.0,590.0,74.0,150.0,40.0,540.0,74.5,645.0,50.0,40.0,28.6,33.6,36.5,23.35,13.0,15.0,ALUMINIUM,28.0,42.0,43.0,0.0,0.0,0.0,0.0,False,False,130.0,2.0,0.9,1.1,0.9,1.2,1.0,0.9,680.0,60.0,680.0,60.0,0,0,False,0,1.0,68.0,45.0,0.0,31.8,False,True,False,False,True,10,2,False,50.0,150.0,250,SPOKED,SPOKED,0,0.0,0.0,0.0,278.0,750.0,34.9,325.0,1.0
420.0,75.0,620.0,72.5,180.0,55.0,580.0,72.0,670.0,45.0,40.0,28.6,33.6,36.5,23.35,13.0,15.0,ALUMINIUM,36.0,50.0,50.0,0.0,0.0,0.0,0.0,False,False,130.0,2.0,0.9,1.1,0.9,1.2,1.0,0.9,680.0,60.0,680.0,60.0,0,0,False,0,1.0,68.0,45.0,0.0,31.8,False,True,False,False,True,11,2,False,20.0,100.0,200,DISC,SPOKED,0,0.0,0.0,0.0,278.0,770.0,34.9,340.0,1.0
405.0,60.0,595.0,73.5,160.0,45.0,550.0,73.0,655.0,45.0,40.0,28.6,33.6,36.5,23.35,13.0,15.0,ALUMINIUM,30.0,45.0,55.0,0.0,0.0,0.0,0.0,False,False,130.0,2.0,0.9,1.1,0.9,1.2,1.0,0.9,680.0,60.0,680.0,60.0,0,0,False,0,1.0,68.0,45.0,0.0,31.8,False,True,False,False,True,10,2,False,200.0,50.0,150,SPOKED,DISC,0,0.0,0.0,0.0,278.0,745.0,34.9,330.0,1.0
407.0,69.0,605.0,72.8,158.0,46.0,550.0,74.0,652.0,46.0,40.0,28.6,33.6,36.5,23.35,13.0,15.0,ALUMINIUM,31.0,46.0,49.0,0.0,0.0,0.0,0.0,False,False,130.0,2.0,0.9,1.1,0.9,1.2,1.0,0.9,680.0,60.0,680.0,60.0,0,0,False,0,1.0,68.0,45.0,0.0,31.8,True,True,False,False,True,11,2,False,120.0,60.0,240,DISC,SPOKED,0,0.0,0.0,0.0,278.0,750.0,34.9,335.0,1.0
408.0,66.0,615.0,71.5,175.0,50.0,565.0,72.5,660.0,45.0,40.0,28.6,33.6,36.5,23.35,13.0,15.0,ALUMINIUM,35.0,48.0,50.0,0.0,0.0,0.0,0.0,False,False,130.0,2.0,0.9,1.1,0.9,1.2,1.0,0.9,680.0,60.0,680.0,60.0,0,0,False,0,1.0,68.0,45.0,0.0,31.8,False,True,False,False,True,12,2,False,255.0,123.0,50,DISC,SPOKED,0,0.0,0.0,0.0,278.0,765.0,34.9,335.0,1.0
412.0,73.0,605.0,73.2,168.0,49.0,557.0,73.2,658.0,45.0,40.0,28.6,33.6,36.5,23.35,13.0,15.0,ALUMINIUM,34.0,47.0,48.0,0.0,0.0,0.0,0.0,False,False,130.0,2.0,0.9,1.1,0.9,1.2,1.0,0.9,680.0,60.0,680.0,60.0,0,0,False,0,1.0,68.0,45.0,0.0,31.8,False,True,False,False,True,11,2,False,80.0,200.0,120,DISC,DISC,0,0.0,0.0,0.0,278.0,760.0,34.9,330.0,1.0
420.0,70.0,600.0,73.0,170.0,50.0,550.0,73.5,660.0,50.0,42.0,28.6,36.5,23.35,23.35,13.0,15.0,ALUMINIUM,32.0,50.0,52.0,330.0,350.0,16.0,18.0,False,False,130.0,2.0,0.9,1.1,0.9,1.0,0.9,0.9,680.0,50.0,680.0,50.0,0,0,False,0,1.0,68.0,45.0,31.8,31.8,False,True,False,False,True,11,2,False,100.0,150.0,200,SPOKED,SPOKED,0,0.0,80.0,80.0,278.0,780.0,34.9,300.0,1.0
430.0,72.0,610.0,72.5,180.0,50.0,555.0,74.0,665.0,48.0,42.0,28.6,36.5,23.35,23.35,13.0,15.0,ALUMINIUM,33.0,52.0,50.0,330.0,350.0,16.0,18.0,False,False,130.0,2.0,0.9,1.1,0.9,1.0,0.9,0.9,680.0,55.0,680.0,55.0,0,1,False,0,1.0,70.0,45.0,31.8,31.8,False,True,False,False,True,11,2,False,120.0,140.0,180,SPOKED,DISC,0,0.0,80.0,80.0,278.0,790.0,34.9,310.0,1.0
440.0,68.0,620.0,73.5,160.0,50.0,560.0,73.0,670.0,52.0,42.0,28.6,36.5,23.35,23.35,13.0,15.0,ALUMINIUM,30.0,48.0,54.0,330.0,350.0,16.0,18.0,False,False,130.0,2.0,0.9,1.1,0.9,1.0,0.9,0.9,680.0,60.0,680.0,60.0,0,0,False,0,1.0,68.0,45.0,31.8,31.8,False,True,False,False,True,11,2,False,80.0,160.0,220,TRISPOKE,SPOKED,1,0.0,80.0,80.0,278.0,800.0,34.9,320.0,1.0
450.0,75.0,630.0,74.0,155.0,50.0,565.0,74.5,655.0,50.0,42.0,28.6,36.5,23.35,23.35,13.0,15.0,ALUMINIUM,35.0,55.0,48.0,330.0,350.0,16.0,18.0,False,False,130.0,2.0,0.9,1.1,0.9,1.0,0.9,0.9,680.0,65.0,680.0,65.0,0,2,False,0,1.0,69.0,45.0,31.8,31.8,False,True,False,False,True,11,2,False,200.0,100.0,150,SPOKED,TRISPOKE,0,1.0,80.0,80.0,278.0,805.0,34.9,305.0,1.0
460.0,65.0,640.0,72.0,190.0,50.0,570.0,73.5,675.0,46.0,42.0,28.6,36.5,23.35,23.35,13.0,15.0,ALUMINIUM,31.0,49.0,53.0,330.0,350.0,16.0,18.0,False,False,130.0,2.0,0.9,1.1,0.9,1.0,0.9,0.9,680.0,70.0,680.0,70.0,0,1,False,0,1.0,68.0,45.0,31.8,31.8,False,True,False,False,True,11,2,False,50.0,120.0,230,DISC,SPOKED,0,0.0,80.0,80.0,278.0,810.0,34.9,315.0,1.0
470.0,72.0,650.0,73.2,175.0,50.0,575.0,74.0,660.0,52.0,42.0,28.6,36.5,23.35,23.35,13.0,15.0,ALUMINIUM,34.0,54.0,51.0,330.0,350.0,16.0,18.0,False,False,130.0,2.0,0.9,1.1,0.9,1.0,0.9,0.9,680.0,75.0,680.0,75.0,0,0,False,0,1.0,68.0,45.0,31.8,31.8,False,True,False,False,True,11,2,False,180.0,140.0,160,SPOKED,DISC,1,0.0,80.0,80.0,278.0,820.0,34.9,330.0,1.0
480.0,68.0,660.0,72.8,165.0,50.0,580.0,73.8,670.0,49.0,42.0,28.6,36.5,23.35,23.35,13.0,15.0,ALUMINIUM,33.0,50.0,55.0,330.0,350.0,16.0,18.0,False,False,130.0,2.0,0.9,1.1,0.9,1.0,0.9,0.9,680.0,60.0,680.0,60.0,0,1,False,0,1.0,69.0,45.0,31.8,31.8,False,True,False,False,True,11,2,False,110.0,180.0,140,SPOKED,SPOKED,0,0.0,80.0,80.0,278.0,830.0,34.9,305.0,1.0
490.0,73.0,645.0,74.0,185.0,50.0,585.0,75.0,680.0,51.0,42.0,28.6,36.5,23.35,23.35,13.0,15.0,ALUMINIUM,32.0,53.0,49.0,330.0,350.0,16.0,18.0,False,False,130.0,2.0,0.9,1.1,0.9,1.0,0.9,0.9,680.0,65.0,680.0,65.0,0,2,False,0,1.0,68.0,45.0,31.8,31.8,False,True,False,False,True,11,2,False,160.0,120.0,180,TRISPOKE,TRISPOKE,1,1.0,80.0,80.0,278.0,840.0,34.9,325.0,1.0
500.0,74.0,655.0,73.0,200.0,50.0,590.0,74.2,675.0,50.0,42.0,28.6,36.5,23.35,23.35,13.0,15.0,ALUMINIUM,34.0,51.0,52.0,330.0,350.0,16.0,18.0,False,False,130.0,2.0,0.9,1.1,0.9,1.0,0.9,0.9,680.0,70.0,680.0,70.0,0,0,False,0,1.0,68.0,45.0,31.8,31.8,False,True,False,False,True,11,2,False,50.0,90.0,210,SPOKED,DISC,0,0.0,80.0,80.0,278.0,850.0,34.9,340.0,1.0
510.0,69.0,665.0,72.5,195.0,50.0,595.0,73.5,680.0,52.0,42.0,28.6,36.5,23.35,23.35,13.0,15.0,ALUMINIUM,35.0,55.0,50.0,330.0,350.0,16.0,18.0,False,False,130.0,2.0,0.9,1.1,0.9,1.0,0.9,0.9,680.0,75.0,680.0,75.0,0,1,False,0,1.0,68.0,45.0,31.8,31.8,False,True,False,False,True,11,2,False,120.0,200.0,100,SPOKED,SPOKED,0,0.0,80.0,80.0,278.0,860.0,34.9,350.0,1.0
410.0,70.0,560.0,73.0,160.0,45.0,550.0,73.0,560.0,50.0,40.0,33.7,28.6,23.35,23.35,15.0,15,ALUMINIUM,30.0,100.0,50.0,0.0,0.0,0.0,0,False,False,130.0,2.0,0.9,1.1,0.9,1.2,1.0,0.9,674.0,52.0,674.0,52.0,0,0,False,0,1.0,68.0,45.0,0.0,31.8,False,True,False,False,True,11,2,False,192.0,192.0,192,SPOKED,SPOKED,0,0.0,0.0,0.0,278.0,740.0,34.9,300.0,1.0
415.0,68.0,558.0,72.8,150.0,45.0,540.0,73.0,555.0,50.0,40.0,34.0,30.0,24.0,24.0,15.0,15,ALUMINIUM,28.0,95.0,50.0,0.0,0.0,0.0,0,False,False,135.0,2.0,1.0,1.1,0.9,1.2,1.0,0.9,672.0,52.0,672.0,52.0,0,0,False,0,1.0,68.0,45.0,0.0,31.8,False,True,False,False,True,11,2,False,255.0,0.0,0,SPOKED,SPOKED,0,0.0,0.0,0.0,278.0,740.0,34.9,300.0,1.0
420.0,75.0,550.0,72.5,170.0,45.0,565.0,72.5,565.0,50.0,40.0,32.0,28.0,23.35,23.35,15.0,15,ALUMINIUM,32.0,105.0,50.0,0.0,0.0,0.0,0,False,False,130.0,2.0,0.9,1.1,0.9,1.2,1.0,0.9,674.0,52.0,674.0,52.0,0,0,False,0,1.0,68.0,45.0,0.0,31.8,False,True,False,False,True,11,2,False,0.0,255.0,0,SPOKED,SPOKED,0,0.0,0.0,0.0,278.0,740.0,34.9,300.0,1.0
405.0,65.0,570.0,74.0,140.0,45.0,545.0,74.0,570.0,50.0,40.0,35.0,32.0,23.35,23.35,15.0,15,ALUMINIUM,25.0,90.0,50.0,0.0,0.0,0.0,0,False,False,130.0,2.0,0.9,1.1,0.9,1.2,1.0,0.9,676.0,52.0,676.0,52.0,0,0,False,0,1.0,68.0,45.0,0.0,31.8,False,True,False,False,True,11,2,False,0.0,0.0,255,SPOKED,SPOKED,0,0.0,0.0,0.0,278.0,740.0,34.9,300.0,1.0
412.0,72.0,555.0,73.5,155.0,45.0,560.0,73.5,558.0,50.0,40.0,34.0,29.0,24.0,23.35,15.0,15,ALUMINIUM,29.0,98.0,50.0,0.0,0.0,0.0,0,False,False,130.0,2.0,0.9,1.1,0.9,1.2,1.0,0.9,674.0,52.0,674.0,52.0,0,0,False,0,1.0,68.0,45.0,0.0,31.8,False,True,False,False,True,11,2,False,255.0,255.0,0,SPOKED,SPOKED,0,0.0,0.0,0.0,278.0,740.0,34.9,300.0,1.0
408.0,70.0,560.0,73.0,165.0,45.0,550.0,73.0,562.0,50.0,40.0,33.0,28.0,23.35,23.35,15.0,15,ALUMINIUM,31.0,100.0,50.0,0.0,0.0,0.0,0,False,False,132.0,2.0,0.9,1.1,0.9,1.2,1.0,0.9,673.0,52.0,673.0,52.0,0,0,False,0,1.0,68.0,45.0,0.0,31.8,False,True,False,False,True,11,2,False,255.0,165.0,0,SPOKED,SPOKED,0,0.0,0.0,0.0,278.0,740.0,34.9,300.0,1.0
418.0,70.0,562.0,72.8,160.0,45.0,555.0,72.8,560.0,50.0,40.0,33.7,28.6,24.0,24.0,15.0,15,ALUMINIUM,30.0,100.0,50.0,0.0,0.0,0.0,0,False,False,130.0,2.0,0.9,1.1,0.9,1.2,1.0,0.9,674.0,52.0,674.0,52.0,0,0,False,0,1.0,68.0,45.0,0.0,31.8,False,True,False,False,True,11,2,False,128.0,0.0,128,SPOKED,SPOKED,0,0.0,0.0,0.0,278.0,740.0,34.9,300.0,1.0
407.0,69.0,558.0,73.2,150.0,45.0,550.0,73.2,558.0,50.0,40.0,34.0,28.0,23.35,23.35,15.0,15,ALUMINIUM,28.0,95.0,50.0,0.0,0.0,0.0,0,False,False,130.0,2.0,0.9,1.1,0.9,1.2,1.0,0.9,674.0,52.0,674.0,52.0,0,0,False,0,1.0,68.0,45.0,0.0,31.8,False,True,False,False,True,10,2,False,0.0,128.0,128,SPOKED,SPOKED,0,0.0,0.0,0.0,278.0,740.0,34.9,300.0,1.0
415.0,70.0,560.0,73.0,160.0,45.0,550.0,73.0,560.0,50.0,40.0,33.7,29.0,23.35,23.35,15.0,15,ALUMINIUM,30.0,100.0,50.0,0.0,0.0,0.0,0,False,False,130.0,2.0,0.9,1.1,0.9,1.2,1.0,0.9,674.0,52.0,674.0,52.0,0,0,False,0,1.0,68.0,45.0,0.0,31.8,False,True,True,False,True,11,2,True,192.0,192.0,192,SPOKED,SPOKED,0,0.0,0.0,0.0,278.0,740.0,34.9,300.0,1.0
410.0,70.0,565.0,73.5,158.0,45.0,552.0,73.5,562.0,50.0,40.0,34.5,29.5,23.35,23.35,15.0,15,ALUMINIUM,30.0,100.0,50.0,0.0,0.0,0.0,0,False,False,130.0,2.0,0.9,1.1,0.9,1.2,1.0,0.9,674.0,52.0,674.0,52.0,0,0,False,0,1.0,68.0,45.0,0.0,31.8,False,True,False,False,True,11,2,False,0.0,0.0,0,SPOKED,SPOKED,0,0.0,0.0,0.0,278.0,740.0,34.9,300.0,1.0
420.0,75.0,620.0,73.0,150.0,45.0,580.0,73.0,650.0,50.0,50.0,30.0,34.0,36.5,23.35,13.0,15,ALUMINIUM,35.0,45.0,40.0,330.0,350.0,16.0,18,False,False,130.0,2.0,0.9,1.1,0.9,1.2,1.0,0.9,680.0,52.0,680.0,52.0,0,0,False,0,1.0,68.0,45.0,0.0,31.8,False,True,False,False,True,11,2,False,200.0,0.0,0,DISC,DISC,0,0.0,80.0,80.0,280.0,730.0,34.0,720.0,1.0
430.0,73.0,610.0,72.5,160.0,50.0,590.0,74.0,645.0,48.0,45.0,32.0,35.0,36.5,23.35,13.0,15,ALUMINIUM,38.0,48.0,42.0,330.0,350.0,16.0,18,False,False,130.0,2.0,0.9,1.1,0.9,1.2,1.0,0.9,680.0,52.0,680.0,52.0,0,1,False,0,1.0,68.0,45.0,0.0,31.8,False,True,False,False,True,11,2,False,0.0,128.0,255,DISC,SPOKED,0,0.0,80.0,80.0,290.0,720.0,35.0,710.0,1.0
440.0,70.0,600.0,71.0,140.0,45.0,600.0,73.5,640.0,52.0,50.0,28.6,33.6,36.5,23.35,13.0,15,ALUMINIUM,36.0,46.0,38.0,330.0,350.0,16.0,18,False,False,130.0,2.0,0.9,1.1,0.9,1.2,1.0,0.9,680.0,52.0,680.0,52.0,0,0,False,0,1.0,68.0,45.0,0.0,31.8,False,True,False,False,False,10,2,False,50.0,205.0,50,SPOKED,SPOKED,0,0.0,80.0,80.0,285.0,740.0,33.6,730.0,1.0
395.0,68.0,580.0,73.5,130.0,45.0,575.0,75.0,630.0,55.0,45.0,34.0,36.0,36.5,23.35,13.0,15,ALUMINIUM,34.0,44.0,36.0,330.0,350.0,16.0,18,False,False,135.0,2.0,0.9,1.1,0.9,1.2,1.0,0.9,680.0,52.0,680.0,52.0,0,0,False,0,1.0,68.0,45.0,0.0,31.8,True,True,False,False,True,11,2,False,255.0,215.0,0,SPOKED,SPOKED,0,0.0,80.0,80.0,295.0,720.0,36.0,710.0,1.0
410.0,70.0,600.0,72.0,145.0,50.0,600.0,74.5,655.0,49.0,50.0,30.0,34.0,36.5,23.35,13.0,15,ALUMINIUM,37.0,47.0,39.0,330.0,350.0,16.0,18,False,False,130.0,2.0,0.9,1.1,0.9,1.2,1.0,0.9,680.0,52.0,680.0,52.0,0,1,False,2,1.0,68.0,45.0,0.0,31.8,False,True,False,False,True,9,1,False,128.0,0.0,128,TRISPOKE,DISC,1,0.0,100.0,80.0,285.0,735.0,34.0,720.0,0.0
500.0,80.0,640.0,71.5,170.0,45.0,620.0,73.0,660.0,50.0,50.0,32.0,35.0,36.5,23.35,13.0,15,ALUMINIUM,40.0,50.0,45.0,330.0,350.0,16.0,18,False,False,130.0,2.0,0.9,1.1,0.9,1.2,1.0,0.9,680.0,52.0,680.0,52.0,0,2,False,0,0.0,68.0,48.0,0.0,31.8,False,True,False,False,True,11,2,False,0.0,128.0,0,DISC,DISC,0,0.0,80.0,80.0,300.0,740.0,35.0,730.0,3.0
480.0,68.0,610.0,74.0,155.0,50.0,590.0,74.0,640.0,52.0,45.0,29.0,33.0,36.5,23.35,13.0,15,ALUMINIUM,36.0,45.0,38.0,330.0,350.0,16.0,18,False,False,120.0,2.0,0.9,1.1,0.9,1.2,1.0,0.9,680.0,52.0,680.0,52.0,0,0,True,0,1.0,68.0,45.0,0.0,31.8,False,True,False,False,True,12,2,False,255.0,165.0,0,SPOKED,TRISPOKE,0,1.0,80.0,100.0,280.0,725.0,33.0,715.0,1.0
390.0,67.0,590.0,72.0,135.0,45.0,550.0,75.0,625.0,48.0,45.0,28.6,33.6,36.5,23.35,13.0,15,ALUMINIUM,35.0,43.0,37.0,330.0,350.0,16.0,18,False,False,130.0,2.0,0.9,1.1,0.9,1.2,1.0,0.9,680.0,52.0,680.0,52.0,0,1,True,0,1.0,68.0,45.0,0.0,31.8,True,False,False,False,True,11,2,True,0.0,0.0,0,SPOKED,SPOKED,0,0.0,80.0,80.0,290.0,710.0,33.6,700.0,2.0
515.0,72.0,630.0,71.0,165.0,50.0,610.0,73.5,658.0,54.0,50.0,31.0,34.5,36.5,23.35,13.0,15,ALUMINIUM,42.0,49.0,44.0,330.0,350.0,16.0,18,False,False,130.0,2.0,0.9,1.1,0.9,1.2,1.0,0.9,680.0,52.0,680.0,52.0,0,2,False,2,1.0,68.0,45.0,0.0,31.8,False,True,True,False,False,8,1,False,255.0,20.0,147,SPOKED,SPOKED,0,0.0,80.0,80.0,300.0,750.0,34.5,725.0,1.0
450.0,69.0,605.0,72.8,138.0,45.0,565.0,75.0,632.0,50.0,45.0,29.0,33.8,36.5,23.35,13.0,15,ALUMINIUM,37.0,47.0,39.0,330.0,350.0,16.0,18,False,False,130.0,2.0,0.9,1.1,0.9,1.2,1.0,0.9,680.0,52.0,680.0,52.0,0,1,False,0,1.0,68.0,45.0,0.0,31.8,True,True,False,True,True,11,2,False,0.0,255.0,255,DISC,SPOKED,0,0.0,80.0,80.0,285.0,730.0,33.8,710.0,1.0
410.0,70.0,580.0,73.0,120.0,40.0,540.0,73.5,640.0,50.0,45.0,32.0,29.0,25.0,23.0,13.0,15.0,ALUMINIUM,25.0,40.0,25.0,330.0,350.0,16.0,18.0,False,False,130.0,1.0,1.0,1.0,1.0,1.0,1.0,1.0,680.0,60.0,680.0,60.0,0,0,False,0,1.0,68.0,50.0,0.0,31.8,False,True,False,False,True,11,2,False,192.0,192.0,192,SPOKED,SPOKED,0,0.0,0.0,0.0,280.0,760.0,34.9,300.0,1.0
420.0,65.0,590.0,72.0,110.0,42.0,550.0,72.5,645.0,50.0,45.0,33.0,30.0,26.0,24.0,13.0,15.0,ALUMINIUM,22.0,38.0,22.0,330.0,350.0,16.0,18.0,False,False,130.0,1.1,0.95,1.0,1.05,1.0,1.0,1.0,680.0,58.0,680.0,58.0,0,0,False,0,1.0,68.0,52.0,0.0,31.8,False,True,False,False,True,12,2,False,200.0,200.0,200,SPOKED,SPOKED,0,0.0,0.0,0.0,280.0,760.0,34.9,300.0,1.0
440.0,70.0,610.0,73.5,140.0,45.0,570.0,73.0,655.0,55.0,45.0,31.0,29.0,28.0,26.0,13.0,15.0,ALUMINIUM,28.0,45.0,35.0,330.0,350.0,16.0,18.0,False,False,130.0,0.9,0.9,0.9,0.9,0.9,0.9,0.9,680.0,53.0,680.0,53.0,0,0,False,0,1.0,68.0,48.0,0.0,31.8,False,True,False,False,True,11,2,False,210.0,210.0,210,SPOKED,SPOKED,0,0.0,0.0,0.0,280.0,760.0,34.9,300.0,1.0
405.0,72.0,575.0,72.5,115.0,41.0,545.0,73.0,635.0,50.0,45.0,33.0,30.0,24.0,22.0,13.0,15.0,ALUMINIUM,23.0,37.0,21.0,330.0,350.0,16.0,18.0,False,False,130.0,1.0,0.95,1.05,1.0,0.95,1.0,1.0,680.0,57.0,680.0,57.0,0,0,False,0,1.0,68.0,52.0,0.0,31.8,False,True,False,False,True,11,2,False,220.0,220.0,220,SPOKED,SPOKED,0,0.0,0.0,0.0,280.0,760.0,34.9,300.0,1.0
450.0,60.0,620.0,72.0,125.0,43.0,580.0,73.5,660.0,50.0,45.0,35.0,33.0,30.0,28.0,13.0,15.0,ALUMINIUM,30.0,45.0,35.0,330.0,350.0,16.0,18.0,False,False,130.0,1.0,1.1,0.9,1.0,1.0,1.1,1.0,680.0,65.0,680.0,65.0,0,0,False,0,1.0,68.0,55.0,0.0,31.8,False,True,False,False,True,12,2,False,150.0,150.0,150,SPOKED,SPOKED,0,0.0,0.0,0.0,280.0,760.0,34.9,300.0,1.0
415.0,66.0,585.0,72.5,105.0,42.0,555.0,73.0,640.0,52.0,45.0,31.0,28.0,26.0,24.0,13.0,15.0,ALUMINIUM,20.0,35.0,25.0,330.0,350.0,16.0,18.0,False,False,130.0,1.0,1.0,1.0,1.0,1.0,1.0,1.0,680.0,56.0,680.0,56.0,0,0,False,0,1.0,68.0,50.0,0.0,31.8,False,True,False,False,True,11,2,False,190.0,200.0,210,SPOKED,SPOKED,0,0.0,0.0,0.0,280.0,760.0,34.9,300.0,1.0
425.0,64.0,595.0,73.0,135.0,44.0,565.0,74.5,650.0,52.0,45.0,32.0,29.0,27.0,25.0,13.0,15.0,ALUMINIUM,28.0,44.0,32.0,330.0,350.0,16.0,18.0,False,False,130.0,1.0,1.0,1.0,1.0,1.0,1.0,1.0,680.0,54.0,680.0,54.0,0,0,False,0,1.0,68.0,53.0,0.0,31.8,False,True,False,False,True,12,2,False,170.0,180.0,190,SPOKED,SPOKED,0,0.0,0.0,0.0,280.0,760.0,34.9,300.0,1.0
435.0,69.0,605.0,73.0,120.0,43.0,575.0,73.5,655.0,55.0,45.0,33.0,30.0,28.0,26.0,13.0,15.0,ALUMINIUM,26.0,42.0,28.0,330.0,350.0,16.0,18.0,False,False,130.0,1.0,1.0,1.0,1.0,1.0,1.0,1.0,680.0,58.0,680.0,58.0,0,0,False,0,1.0,68.0,54.0,0.0,31.8,False,True,False,False,True,11,2,False,205.0,180.0,160,SPOKED,SPOKED,0,0.0,0.0,0.0,280.0,760.0,34.9,300.0,1.0
445.0,67.0,615.0,72.0,130.0,45.0,585.0,74.0,660.0,55.0,45.0,34.0,31.0,29.0,27.0,13.0,15.0,ALUMINIUM,24.0,40.0,29.0,330.0,350.0,16.0,18.0,False,False,130.0,1.0,1.0,1.0,1.0,1.0,1.0,1.0,680.0,62.0,680.0,62.0,0,0,False,0,1.0,68.0,55.0,0.0,31.8,False,True,False,False,True,12,2,False,160.0,140.0,120,SPOKED,SPOKED,0,0.0,0.0,0.0,280.0,760.0,34.9,300.0,1.0
405.0,70.0,600.0,73.0,160.0,45.0,550.0,74.0,650.0,50.0,45.0,30.0,40.0,25.0,15.0,15.0,9.0,ALUMINIUM,30.0,45.0,50.0,330.0,350.0,16.0,18.0,False,False,130.0,2.0,1.0,1.0,1.0,1.2,1.0,1.0,680.0,60.0,680.0,60.0,0,0,False,0,1.0,68.0,45.0,0.0,31.8,False,True,False,False,True,10,2,False,80.0,80.0,80,SPOKED,SPOKED,0,0.0,80.0,80.0,280.0,760.0,34.9,300.0,1.0
420.0,75.0,620.0,72.5,170.0,50.0,560.0,74.5,660.0,55.0,47.0,32.0,42.0,27.0,16.0,15.0,9.0,ALUMINIUM,32.0,48.0,52.0,330.0,350.0,16.0,18.0,False,False,130.0,2.0,1.0,1.0,1.0,1.2,1.0,1.0,700.0,70.0,700.0,70.0,0,1,False,2,3.0,70.0,50.0,0.0,31.8,True,True,False,False,True,11,2,False,85.0,100.0,90,DISC,DISC,0,0.0,0.0,0.0,285.0,755.0,35.0,310.0,1.0
390.0,68.0,580.0,73.5,150.0,48.0,540.0,73.0,640.0,52.0,42.0,29.0,39.0,26.0,14.0,15.0,9.0,ALUMINIUM,31.0,46.0,48.0,335.0,345.0,16.0,18.0,False,False,130.0,2.0,1.0,1.0,1.0,1.2,1.0,1.0,675.0,65.0,675.0,65.0,0,2,False,0,1.0,68.0,45.0,0.0,31.8,False,True,False,False,True,9,2,False,70.0,70.0,70,SPOKED,SPOKED,0,0.0,80.0,80.0,275.0,770.0,34.8,290.0,1.0
430.0,72.0,630.0,72.0,180.0,55.0,570.0,74.0,670.0,50.0,44.0,33.0,43.0,28.0,17.0,15.0,9.0,ALUMINIUM,35.0,50.0,55.0,332.0,348.0,16.0,18.0,False,False,130.0,2.0,1.0,1.0,1.0,1.2,1.0,1.0,690.0,75.0,690.0,75.0,0,1,False,2,3.0,72.0,50.0,0.0,31.8,False,True,False,False,True,12,2,False,100.0,100.0,120,SPOKED,SPOKED,0,0.0,80.0,80.0,285.0,750.0,35.0,300.0,1.0
415.0,70.0,610.0,73.0,155.0,45.0,560.0,73.5,655.0,53.0,46.0,31.0,41.0,27.0,16.0,15.0,9.0,ALUMINIUM,29.0,47.0,49.0,330.0,350.0,16.0,18.0,False,False,130.0,2.0,1.0,1.0,1.0,1.2,1.0,1.0,685.0,68.0,685.0,68.0,0,2,False,0,1.0,68.0,45.0,0.0,31.8,False,True,False,False,True,10,1,False,90.0,80.0,70,DISC,SPOKED,0,0.0,0.0,80.0,290.0,770.0,34.9,305.0,2.0
395.0,69.0,595.0,74.0,165.0,50.0,545.0,74.0,645.0,52.0,43.0,30.0,42.0,26.0,15.0,15.0,9.0,ALUMINIUM,34.0,44.0,51.0,331.0,349.0,16.0,18.0,False,False,130.0,2.0,1.0,1.0,1.0,1.2,1.0,1.0,680.0,70.0,680.0,70.0,0,0,False,0,3.0,68.0,45.0,0.0,31.8,False,True,False,False,True,11,2,False,120.0,80.0,60,SPOKED,SPOKED,0,0.0,80.0,80.0,280.0,760.0,34.9,295.0,1.0
425.0,73.0,615.0,72.8,175.0,53.0,565.0,74.2,665.0,54.0,45.0,32.0,43.0,28.0,16.0,15.0,9.0,ALUMINIUM,36.0,49.0,54.0,330.0,350.0,16.0,18.0,False,False,130.0,2.0,1.0,1.0,1.0,1.2,1.0,1.0,692.0,72.0,692.0,72.0,0,1,False,2,3.0,72.0,50.0,0.0,31.8,True,True,False,False,True,10,2,False,60.0,60.0,70,DISC,DISC,0,0.0,0.0,0.0,275.0,765.0,35.0,310.0,1.0
400.0,70.0,605.0,73.2,158.0,47.0,558.0,73.8,658.0,51.0,44.0,31.0,42.0,27.0,15.0,15.0,9.0,ALUMINIUM,31.0,46.0,50.0,333.0,347.0,16.0,18.0,False,False,130.0,2.0,1.0,1.0,1.0,1.2,1.0,1.0,688.0,67.0,688.0,67.0,0,2,False,0,1.0,68.0,45.0,0.0,31.8,False,True,False,False,True,9,2,False,100.0,70.0,80,SPOKED,SPOKED,0,0.0,80.0,80.0,282.0,770.0,34.9,300.0,2.0
410.0,74.0,625.0,72.3,168.0,52.0,572.0,74.4,672.0,56.0,47.0,33.0,43.0,28.0,16.0,15.0,9.0,ALUMINIUM,34.0,51.0,53.0,330.0,350.0,16.0,18.0,False,False,130.0,2.0,1.0,1.0,1.0,1.2,1.0,1.0,695.0,73.0,695.0,73.0,0,1,False,0,1.0,68.0,45.0,0.0,31.8,False,True,False,False,True,11,2,False,80.0,90.0,100,SPOKED,SPOKED,0,0.0,80.0,80.0,288.0,755.0,35.0,305.0,1.0
435.0,71.0,635.0,73.7,172.0,54.0,580.0,74.1,668.0,53.0,45.0,32.0,42.0,27.0,16.0,15.0,9.0,ALUMINIUM,35.0,50.0,55.0,335.0,345.0,16.0,18.0,False,False,130.0,2.0,1.0,1.0,1.0,1.2,1.0,1.0,690.0,70.0,690.0,70.0,0,0,False,2,3.0,68.0,50.0,0.0,31.8,True,True,False,False,True,12,2,False,120.0,100.0,90,DISC,SPOKED,0,0.0,0.0,80.0,290.0,760.0,34.9,300.0,1.0
420.0,70.0,600.0,73.0,140.0,45.0,580.0,73.0,660.0,50.0,40.0,32.0,29.0,37.0,24.0,13.0,15.0,ALUMINIUM,32.0,48.0,45.0,330.0,350.0,16.0,18.0,False,False,130.0,2.0,0.9,1.1,0.9,1.2,1.0,0.9,700.0,50.0,700.0,50.0,0,2,False,0,1.0,70.0,45.0,0.0,31.8,False,True,False,False,True,10,2,False,10.0,10.0,100,SPOKED,SPOKED,0,0.0,80.0,80.0,290.0,760.0,34.9,300.0,1.0
430.0,68.0,610.0,72.5,150.0,45.0,600.0,72.5,670.0,48.0,42.0,31.0,29.0,36.0,23.5,13.0,15.0,ALUMINIUM,33.0,47.0,48.0,330.0,350.0,16.0,18.0,False,False,130.0,2.0,0.9,1.1,0.9,1.2,1.0,0.9,700.0,50.0,700.0,50.0,0,2,False,0,1.0,70.0,45.0,0.0,31.8,False,True,False,False,True,9,2,False,200.0,20.0,20,SPOKED,SPOKED,0,0.0,80.0,80.0,280.0,765.0,34.9,320.0,1.0
410.0,65.0,590.0,74.0,120.0,45.0,560.0,74.0,650.0,52.0,41.0,33.0,28.0,36.0,24.0,13.0,15.0,ALUMINIUM,31.0,46.0,44.0,330.0,350.0,16.0,18.0,False,False,130.0,2.0,0.9,1.1,0.9,1.2,1.0,0.9,700.0,50.0,700.0,50.0,0,2,False,0,1.0,70.0,45.0,0.0,31.8,False,True,False,False,True,11,2,False,0.0,150.0,200,SPOKED,SPOKED,0,0.0,80.0,80.0,300.0,750.0,34.9,310.0,1.0
450.0,75.0,620.0,73.0,160.0,45.0,590.0,73.0,680.0,45.0,43.0,30.0,29.0,37.0,25.0,13.0,15.0,ALUMINIUM,35.0,50.0,50.0,330.0,350.0,16.0,18.0,False,False,130.0,2.0,0.9,1.1,0.9,1.2,1.0,0.9,700.0,50.0,700.0,50.0,0,2,False,0,1.0,70.0,45.0,0.0,31.8,False,True,False,False,True,10,1,False,50.0,205.0,50,SPOKED,SPOKED,0,0.0,80.0,80.0,295.0,770.0,34.9,330.0,1.0
400.0,72.0,580.0,72.0,130.0,45.0,570.0,72.0,640.0,50.0,41.0,33.0,29.0,36.0,23.0,13.0,15.0,ALUMINIUM,32.0,45.0,46.0,330.0,350.0,16.0,18.0,False,False,130.0,2.0,0.9,1.1,0.9,1.2,1.0,0.9,700.0,50.0,700.0,50.0,0,2,False,0,1.0,70.0,45.0,0.0,31.8,False,True,False,False,True,8,1,False,255.0,165.0,0,SPOKED,SPOKED,0,0.0,80.0,80.0,285.0,755.0,34.9,305.0,1.0
425.0,70.0,605.0,73.5,155.0,45.0,610.0,73.5,670.0,50.0,44.0,31.0,28.0,38.0,24.0,13.0,15.0,ALUMINIUM,34.0,49.0,49.0,330.0,350.0,16.0,18.0,False,False,130.0,2.0,0.9,1.1,0.9,1.2,1.0,0.9,700.0,50.0,700.0,50.0,0,2,False,0,1.0,70.0,45.0,0.0,31.8,False,True,False,False,True,12,2,False,128.0,0.0,128,SPOKED,SPOKED,0,0.0,80.0,80.0,300.0,765.0,34.9,340.0,1.0
415.0,67.0,595.0,72.8,145.0,45.0,585.0,72.8,660.0,52.0,42.0,32.0,29.0,37.0,24.0,13.0,15.0,ALUMINIUM,33.0,47.0,47.0,330.0,350.0,16.0,18.0,False,False,130.0,2.0,0.9,1.1,0.9,1.2,1.0,0.9,700.0,50.0,700.0,50.0,0,2,False,0,1.0,70.0,45.0,0.0,31.8,False,True,False,False,True,11,2,False,50.0,50.0,50,SPOKED,SPOKED,0,0.0,80.0,80.0,292.0,757.0,34.9,320.0,1.0
405.0,68.0,585.0,73.2,135.0,45.0,565.0,73.2,655.0,48.0,40.0,30.0,29.0,36.0,23.0,13.0,15.0,ALUMINIUM,32.0,46.0,45.0,330.0,350.0,16.0,18.0,False,False,130.0,2.0,0.9,1.1,0.9,1.2,1.0,0.9,700.0,50.0,700.0,50.0,0,2,False,0,1.0,70.0,45.0,0.0,31.8,False,True,False,False,True,9,2,False,70.0,130.0,180,SPOKED,SPOKED,0,0.0,80.0,80.0,288.0,752.0,34.9,315.0,1.0
440.0,74.0,615.0,73.7,165.0,45.0,595.0,73.7,675.0,45.0,43.0,32.0,28.0,37.0,25.0,13.0,15.0,ALUMINIUM,35.0,49.0,50.0,330.0,350.0,16.0,18.0,False,False,130.0,2.0,0.9,1.1,0.9,1.2,1.0,0.9,700.0,50.0,700.0,50.0,0,2,False,0,1.0,70.0,45.0,0.0,31.8,False,True,False,False,True,10,2,False,255.0,255.0,0,SPOKED,SPOKED,0,0.0,80.0,80.0,296.0,768.0,34.9,330.0,1.0
395.0,66.0,575.0,72.3,125.0,45.0,555.0,72.3,650.0,50.0,42.0,31.0,29.0,36.0,23.0,13.0,15.0,ALUMINIUM,31.0,45.0,44.0,330.0,350.0,16.0,18.0,False,False,130.0,2.0,0.9,1.1,0.9,1.2,1.0,0.9,700.0,50.0,700.0,50.0,0,2,False,0,1.0,70.0,45.0,0.0,31.8,False,True,False,False,True,8,1,False,0.0,0.0,0,SPOKED,SPOKED,0,0.0,80.0,80.0,284.0,750.0,34.9,310.0,1.0
415.0,70.0,600.0,73.0,160.0,50.0,540.0,73.0,650.0,45.0,45.0,28.6,33.6,23.35,23.35,13.0,15,ALUMINIUM,30.0,40.0,50.0,330.0,350.0,16.0,18,False,False,130.0,2.0,0.9,1.1,0.9,1.2,1.0,0.9,674.0,52.0,674.0,52.0,0,0,False,0,3.0,68.0,45.0,0.0,31.8,False,True,False,False,True,11,2,False,200.0,200.0,200,DISC,SPOKED,0,0.0,80.0,80.0,300.0,760.0,34.9,700.0,0.0
420.0,65.0,605.0,72.5,155.0,48.0,545.0,73.5,655.0,45.0,45.0,28.6,33.6,23.35,23.35,13.0,15,ALUMINIUM,32.0,42.0,48.0,330.0,350.0,16.0,18,False,False,130.0,2.0,0.9,1.1,0.9,1.2,1.0,0.9,674.0,52.0,674.0,52.0,0,1,False,0,3.0,68.0,45.0,0.0,31.8,False,True,False,False,True,11,2,False,210.0,195.0,180,SPOKED,SPOKED,0,0.0,80.0,80.0,300.0,760.0,34.9,700.0,0.0
430.0,75.0,590.0,73.5,170.0,50.0,538.0,72.0,648.0,45.0,45.0,28.6,33.6,23.35,23.35,13.0,15,ALUMINIUM,35.0,40.0,55.0,330.0,350.0,16.0,18,False,False,130.0,2.0,0.9,1.1,0.9,1.2,1.0,0.9,674.0,52.0,674.0,52.0,0,2,False,0,3.0,68.0,45.0,0.0,31.8,False,True,False,False,True,11,2,False,190.0,205.0,220,TRISPOKE,TRISPOKE,1,1.0,80.0,80.0,300.0,760.0,34.9,700.0,0.0
415.0,68.0,598.0,72.0,158.0,47.0,542.0,74.0,652.0,45.0,45.0,28.6,33.6,23.35,23.35,13.0,15,ALUMINIUM,30.0,43.0,50.0,330.0,350.0,16.0,18,False,False,130.0,2.0,0.9,1.1,0.9,1.2,1.0,0.9,674.0,52.0,674.0,52.0,0,1,False,0,3.0,68.0,45.0,0.0,31.8,False,True,False,False,True,11,2,False,220.0,180.0,190,DISC,DISC,0,0.0,0.0,0.0,300.0,760.0,34.9,700.0,0.0
425.0,70.0,602.0,73.0,162.0,49.0,548.0,73.5,658.0,45.0,45.0,28.6,33.6,23.35,23.35,13.0,15,ALUMINIUM,32.0,41.0,52.0,330.0,350.0,16.0,18,False,False,130.0,2.0,0.9,1.1,0.9,1.2,1.0,0.9,674.0,52.0,674.0,52.0,0,0,False,0,3.0,68.0,45.0,0.0,31.8,False,True,False,False,True,11,2,False,200.0,180.0,160,SPOKED,DISC,0,0.0,80.0,80.0,300.0,760.0,34.9,700.0,0.0
418.0,66.0,595.0,72.8,157.0,46.0,543.0,74.2,649.0,45.0,45.0,28.6,33.6,23.35,23.35,13.0,15,ALUMINIUM,31.0,42.0,49.0,330.0,350.0,16.0,18,False,False,130.0,2.0,0.9,1.1,0.9,1.2,1.0,0.9,674.0,52.0,674.0,52.0,0,2,False,0,3.0,68.0,45.0,0.0,31.8,False,True,False,False,True,11,2,False,180.0,200.0,190,DISC,SPOKED,0,0.0,0.0,0.0,300.0,760.0,34.9,700.0,0.0
422.0,72.0,605.0,73.2,165.0,51.0,550.0,72.5,660.0,45.0,45.0,28.6,33.6,23.35,23.35,13.0,15,ALUMINIUM,35.0,45.0,55.0,330.0,350.0,16.0,18,False,False,130.0,2.0,0.9,1.1,0.9,1.2,1.0,0.9,674.0,52.0,674.0,52.0,0,1,False,0,3.0,68.0,45.0,0.0,31.8,False,True,False,False,True,11,2,False,190.0,180.0,200,TRISPOKE,SPOKED,1,0.0,80.0,80.0,300.0,760.0,34.9,700.0,0.0
412.0,68.0,599.0,72.3,152.0,49.0,540.0,74.5,645.0,45.0,45.0,28.6,33.6,23.35,23.35,13.0,15,ALUMINIUM,30.0,40.0,48.0,330.0,350.0,16.0,18,False,False,130.0,2.0,0.9,1.1,0.9,1.2,1.0,0.9,674.0,52.0,674.0,52.0,0,0,False,0,3.0,68.0,45.0,0.0,31.8,False,True,False,False,True,11,2,False,200.0,150.0,150,SPOKED,DISC,0,0.0,80.0,80.0,300.0,760.0,34.9,700.0,0.0
428.0,71.0,607.0,73.8,175.0,52.0,555.0,73.8,662.0,45.0,45.0,28.6,33.6,23.35,23.35,13.0,15,ALUMINIUM,36.0,46.0,56.0,330.0,350.0,16.0,18,False,False,130.0,2.0,0.9,1.1,0.9,1.2,1.0,0.9,674.0,52.0,674.0,52.0,0,2,False,0,3.0,68.0,45.0,0.0,31.8,False,True,False,False,True,11,2,False,160.0,200.0,180,SPOKED,SPOKED,0,0.0,80.0,80.0,300.0,760.0,34.9,700.0,0.0
419.0,69.0,592.0,72.6,159.0,48.0,547.0,73.6,651.0,45.0,45.0,28.6,33.6,23.35,23.35,13.0,15,ALUMINIUM,33.0,41.0,50.0,330.0,350.0,16.0,18,False,False,130.0,2.0,0.9,1.1,0.9,1.2,1.0,0.9,674.0,52.0,674.0,52.0,0,1,False,0,3.0,68.0,45.0,0.0,31.8,False,True,False,False,True,11,2,False,180.0,160.0,200,DISC,TRISPOKE,0,1.0,0.0,80.0,300.0,760.0,34.9,700.0,0.0
400.0,70.0,630.0,73.0,180.0,45.0,550.0,74.0,650.0,50.0,50.0,28.6,33.6,36.5,23.35,13.0,15.0,ALUMINIUM,9.0,9.0,9.0,330.0,350.0,16.0,18.0,False,False,130.0,2.0,0.9,1.1,0.9,1.2,1.0,0.9,674.0,52.0,674.0,52.0,0,1,False,0,1.0,68.0,45.0,0.0,31.8,False,True,False,False,True,11,2,False,255.0,0.0,0,SPOKED,SPOKED,0,0.0,80.0,80.0,300.0,750.0,34.9,300.0,1.0
405.0,70.0,635.0,72.5,175.0,50.0,545.0,73.5,655.0,52.0,50.0,28.6,33.6,36.5,23.35,13.0,15.0,ALUMINIUM,9.0,9.0,9.0,330.0,350.0,16.0,18.0,False,False,130.0,2.0,0.9,1.1,0.9,1.2,1.0,0.9,674.0,52.0,674.0,52.0,0,1,False,0,3.0,68.0,45.0,0.0,31.8,False,True,False,False,True,12,2,False,0.0,255.0,0,SPOKED,SPOKED,0,0.0,80.0,80.0,300.0,750.0,34.9,300.0,3.0
410.0,70.0,640.0,73.5,185.0,48.0,560.0,74.5,660.0,48.0,50.0,28.6,33.6,36.5,23.35,13.0,15.0,ALUMINIUM,9.0,9.0,9.0,330.0,350.0,16.0,18.0,False,False,130.0,2.0,0.9,1.1,0.9,1.2,1.0,0.9,674.0,52.0,674.0,52.0,0,1,False,0,1.0,68.0,45.0,0.0,31.8,True,True,False,False,True,10,2,False,0.0,0.0,255,SPOKED,SPOKED,0,0.0,80.0,80.0,300.0,750.0,34.9,300.0,1.0
395.0,70.0,620.0,74.0,165.0,46.0,540.0,73.0,645.0,50.0,50.0,28.6,33.6,36.5,23.35,13.0,15.0,ALUMINIUM,9.0,9.0,9.0,330.0,350.0,16.0,18.0,False,False,130.0,2.0,0.9,1.1,0.9,1.2,1.0,0.9,674.0,52.0,674.0,52.0,0,1,False,0,1.0,68.0,45.0,0.0,31.8,False,True,False,False,True,11,1,False,255.0,255.0,0,SPOKED,SPOKED,0,0.0,80.0,80.0,300.0,750.0,34.9,300.0,1.0
415.0,70.0,645.0,72.0,190.0,52.0,570.0,75.0,665.0,49.0,50.0,28.6,33.6,36.5,23.35,13.0,15.0,ALUMINIUM,9.0,9.0,9.0,330.0,350.0,16.0,18.0,False,False,130.0,2.0,0.9,1.1,0.9,1.2,1.0,0.9,674.0,52.0,674.0,52.0,0,1,False,0,3.0,68.0,45.0,0.0,31.8,False,True,False,False,True,12,1,False,128.0,0.0,128,SPOKED,SPOKED,0,0.0,80.0,80.0,300.0,750.0,34.9,300.0,3.0
400.0,70.0,630.0,73.2,178.0,49.0,555.0,74.2,652.0,51.0,50.0,28.6,33.6,36.5,23.35,13.0,15.0,ALUMINIUM,9.0,9.0,9.0,330.0,350.0,16.0,18.0,False,False,130.0,2.0,0.9,1.1,0.9,1.2,1.0,0.9,674.0,52.0,674.0,52.0,0,1,False,0,1.0,68.0,45.0,0.0,31.8,False,True,False,False,True,9,2,False,255.0,165.0,0,SPOKED,SPOKED,0,0.0,80.0,80.0,300.0,750.0,34.9,300.0,1.0
405.0,70.0,638.0,72.8,182.0,47.0,560.0,73.8,658.0,50.0,50.0,28.6,33.6,36.5,23.35,13.0,15.0,ALUMINIUM,9.0,9.0,9.0,330.0,350.0,16.0,18.0,False,False,130.0,2.0,0.9,1.1,0.9,1.2,1.0,0.9,674.0,52.0,674.0,52.0,0,1,False,0,1.0,68.0,45.0,0.0,31.8,False,True,False,False,True,10,1,False,0.0,128.0,255,SPOKED,SPOKED,0,0.0,80.0,80.0,300.0,750.0,34.9,300.0,1.0
398.0,70.0,625.0,73.7,170.0,46.5,550.0,74.7,648.0,50.0,50.0,28.6,33.6,36.5,23.35,13.0,15.0,ALUMINIUM,9.0,9.0,9.0,330.0,350.0,16.0,18.0,False,False,130.0,2.0,0.9,1.1,0.9,1.2,1.0,0.9,674.0,52.0,674.0,52.0,0,1,False,0,1.0,68.0,45.0,0.0,31.8,False,True,False,False,True,11,2,False,0.0,0.0,0,SPOKED,SPOKED,0,0.0,80.0,80.0,300.0,750.0,34.9,300.0,1.0
412.0,70.0,642.0,72.2,188.0,51.0,565.0,73.2,660.0,48.5,50.0,28.6,33.6,36.5,23.35,13.0,15.0,ALUMINIUM,9.0,9.0,9.0,330.0,350.0,16.0,18.0,False,False,130.0,2.0,0.9,1.1,0.9,1.2,1.0,0.9,674.0,52.0,674.0,52.0,0,1,False,0,1.0,68.0,45.0,0.0,31.8,False,True,False,False,True,12,2,False,255.0,192.0,203,SPOKED,SPOKED,0,0.0,80.0,80.0,300.0,750.0,34.9,300.0,1.0
407.0,70.0,637.0,73.4,180.0,49.5,557.0,74.1,654.0,50.5,50.0,28.6,33.6,36.5,23.35,13.0,15.0,ALUMINIUM,9.0,9.0,9.0,330.0,350.0,16.0,18.0,False,False,130.0,2.0,0.9,1.1,0.9,1.2,1.0,0.9,674.0,52.0,674.0,52.0,0,1,False,0,1.0,68.0,45.0,0.0,31.8,False,True,False,False,True,11,2,False,192.0,192.0,192,SPOKED,SPOKED,0,0.0,80.0,80.0,300.0,750.0,34.9,300.0,1.0
405.0,70.0,610.0,73.0,160.0,50.0,530.0,74.0,650.0,45.0,45.0,28.6,36.5,30.0,30.0,13.0,15.0,ALUMINIUM,35.0,40.0,45.0,330.0,350.0,10.0,10.0,False,False,130.0,2.0,1.0,1.0,1.0,1.0,1.0,1.0,680.0,29.0,680.0,29.0,0,0,False,0,2.0,68.0,45.0,0.0,50.0,True,True,False,False,True,11,2,False,100.0,150.0,200.0,SPOKED,SPOKED,0,0.0,0.0,0.0,280.0,770.0,34.0,300.0,1.0
410.0,75.0,620.0,72.0,150.0,52.0,540.0,73.0,660.0,50.0,45.0,28.6,36.5,30.0,30.0,14.0,15.0,ALUMINIUM,33.0,42.0,43.0,330.0,355.0,10.0,12.0,False,True,130.0,2.0,1.0,1.0,1.0,1.0,1.0,1.0,680.0,29.0,680.0,29.0,0,1,False,0,2.0,68.0,45.0,0.0,50.0,True,False,False,False,True,11,2,False,255.0,0.0,0.0,SPOKED,SPOKED,0,0.0,0.0,0.0,290.0,780.0,34.0,310.0,1.0
400.0,72.0,605.0,74.0,170.0,48.0,525.0,75.0,640.0,45.0,45.0,28.6,36.5,30.0,30.0,12.0,15.0,ALUMINIUM,30.0,38.0,50.0,330.0,350.0,11.0,11.0,True,True,130.0,2.0,1.0,1.0,1.0,1.0,1.0,1.0,680.0,29.0,680.0,29.0,0,0,False,0,2.0,68.0,45.0,0.0,50.0,False,True,False,False,True,11,2,False,0.0,255.0,0.0,SPOKED,SPOKED,0,0.0,0.0,0.0,280.0,760.0,34.0,290.0,1.0
415.0,70.0,630.0,73.0,180.0,55.0,535.0,74.0,655.0,50.0,45.0,28.6,36.5,30.0,30.0,13.0,15.0,ALUMINIUM,40.0,44.0,42.0,330.0,350.0,10.0,10.0,False,False,130.0,2.0,1.0,1.0,1.0,1.0,1.0,1.0,680.0,29.0,680.0,29.0,0,1,False,0,2.0,68.0,45.0,0.0,50.0,True,True,False,False,True,11,2,False,0.0,0.0,255.0,SPOKED,SPOKED,0,0.0,0.0,0.0,300.0,800.0,34.0,300.0,1.0
420.0,68.0,595.0,72.0,140.0,50.0,532.0,73.0,645.0,45.0,45.0,28.6,36.5,30.0,30.0,14.0,15.0,ALUMINIUM,32.0,39.0,48.0,330.0,350.0,12.0,10.0,True,False,130.0,2.0,1.0,1.0,1.0,1.0,1.0,1.0,680.0,29.0,680.0,29.0,0,0,False,0,2.0,68.0,45.0,0.0,50.0,False,False,False,False,True,11,2,False,255.0,255.0,0.0,SPOKED,SPOKED,0,0.0,0.0,0.0,280.0,770.0,34.0,305.0,1.0
395.0,72.0,600.0,74.0,155.0,49.0,538.0,75.0,655.0,50.0,45.0,28.6,36.5,30.0,30.0,13.0,15.0,ALUMINIUM,36.0,43.0,44.0,330.0,350.0,10.0,10.0,False,False,130.0,2.0,1.0,1.0,1.0,1.0,1.0,1.0,680.0,29.0,680.0,29.0,0,1,False,0,2.0,68.0,45.0,0.0,50.0,True,False,False,False,True,11,2,False,128.0,128.0,128.0,SPOKED,SPOKED,0,0.0,0.0,0.0,290.0,775.0,34.0,295.0,1.0
402.0,70.0,620.0,73.0,165.0,51.0,534.0,74.0,648.0,48.0,45.0,28.6,36.5,30.0,30.0,13.0,15.0,ALUMINIUM,38.0,41.0,46.0,330.0,350.0,13.0,9.0,True,True,130.0,2.0,1.0,1.0,1.0,1.0,1.0,1.0,680.0,29.0,680.0,29.0,0,0,False,0,2.0,68.0,45.0,0.0,50.0,True,True,False,False,True,11,2,False,255.0,165.0,0.0,SPOKED,SPOKED,0,0.0,0.0,0.0,285.0,765.0,34.0,305.0,1.0
418.0,73.0,630.0,72.0,175.0,54.0,536.0,73.0,662.0,50.0,45.0,28.6,36.5,30.0,30.0,14.0,15.0,ALUMINIUM,39.0,45.0,43.0,330.0,350.0,10.0,12.0,False,True,130.0,2.0,1.0,1.0,1.0,1.0,1.0,1.0,680.0,29.0,680.0,29.0,0,1,False,0,2.0,68.0,45.0,0.0,50.0,False,True,False,False,True,11,2,False,255.0,0.0,255.0,SPOKED,SPOKED,0,0.0,0.0,0.0,280.0,780.0,34.0,320.0,1.0
408.0,70.0,615.0,73.0,145.0,53.0,539.0,74.0,652.0,47.0,45.0,28.6,36.5,30.0,30.0,13.0,15.0,ALUMINIUM,31.0,37.0,47.0,330.0,350.0,12.0,10.0,True,False,130.0,2.0,1.0,1.0,1.0,1.0,1.0,1.0,680.0,29.0,680.0,29.0,0,0,False,0,2.0,68.0,45.0,0.0,50.0,True,False,False,False,True,11,2,False,0.0,0.0,0.0,SPOKED,SPOKED,0,0.0,0.0,0.0,295.0,770.0,34.0,300.0,1.0
412.0,71.0,622.0,74.0,185.0,52.0,532.0,75.0,658.0,50.0,45.0,28.6,36.5,30.0,30.0,13.0,15.0,ALUMINIUM,37.0,42.0,44.0,330.0,350.0,10.0,10.0,False,False,130.0,2.0,1.0,1.0,1.0,1.0,1.0,1.0,680.0,29.0,680.0,29.0,0,1,False,0,2.0,68.0,45.0,0.0,50.0,False,True,False,False,True,11,2,False,50.0,100.0,150.0,SPOKED,SPOKED,0,0.0,0.0,0.0,290.0,780.0,34.0,300.0,1.0
405.0,70.0,610.0,73.0,150.0,45.0,550.0,74.0,650.0,45.0,40.0,28.6,33.6,36.5,23.35,13.0,15,ALUMINIUM,35.0,40.0,40.0,0.0,0.0,0.0,0,False,False,130.0,2.0,0.9,1.1,0.9,1.2,1.0,0.9,680.0,121.0,680.0,121.0,0,0,False,0,1.0,68.0,45.0,692.0,31.8,False,True,False,False,True,11,2,False,200.0,50.0,50,SPOKED,SPOKED,1,1.0,80.0,80.0,280.0,760.0,34.9,350.0,1.0
410.0,75.0,630.0,72.5,160.0,50.0,560.0,73.5,660.0,50.0,40.0,28.6,33.6,36.5,23.35,13.0,15,ALUMINIUM,36.0,42.0,38.0,0.0,0.0,0.0,0,False,False,130.0,2.0,0.9,1.1,0.9,1.2,1.0,0.9,680.0,121.0,680.0,121.0,0,1,False,0,1.0,68.0,45.0,692.0,31.8,False,True,False,False,True,11,2,False,50.0,200.0,75,SPOKED,SPOKED,1,1.0,80.0,80.0,280.0,755.0,34.9,360.0,1.0
420.0,72.0,620.0,73.5,155.0,48.0,545.0,74.5,655.0,47.0,40.0,28.6,33.6,36.5,23.35,13.0,15,ALUMINIUM,37.0,41.0,39.0,0.0,0.0,0.0,0,False,False,130.0,2.0,0.9,1.1,0.9,1.2,1.0,0.9,680.0,121.0,680.0,121.0,0,0,False,0,1.0,68.0,45.0,692.0,31.8,False,True,False,False,True,11,2,False,75.0,125.0,200,SPOKED,SPOKED,1,1.0,80.0,80.0,280.0,765.0,34.9,350.0,1.0
400.0,68.0,600.0,74.0,145.0,43.0,540.0,75.0,645.0,44.0,40.0,28.6,33.6,36.5,23.35,13.0,15,ALUMINIUM,34.0,39.0,42.0,0.0,0.0,0.0,0,False,False,130.0,2.0,0.9,1.1,0.9,1.2,1.0,0.9,680.0,121.0,680.0,121.0,0,1,False,0,1.0,68.0,45.0,692.0,31.8,False,True,False,False,True,11,2,False,30.0,60.0,180,SPOKED,SPOKED,1,1.0,80.0,80.0,280.0,750.0,34.9,340.0,1.0
415.0,78.0,640.0,72.0,170.0,55.0,570.0,73.0,670.0,52.0,40.0,28.6,33.6,36.5,23.35,13.0,15,ALUMINIUM,38.0,44.0,37.0,0.0,0.0,0.0,0,False,False,130.0,2.0,0.9,1.1,0.9,1.2,1.0,0.9,680.0,121.0,680.0,121.0,0,0,False,0,1.0,68.0,45.0,692.0,31.8,False,True,False,False,True,11,2,False,100.0,150.0,50,SPOKED,SPOKED,1,1.0,80.0,80.0,280.0,770.0,34.9,350.0,1.0
395.0,70.0,615.0,73.0,150.0,45.0,555.0,73.8,652.0,48.0,40.0,28.6,33.6,36.5,23.35,13.0,15,ALUMINIUM,35.0,40.0,42.0,0.0,0.0,0.0,0,False,False,130.0,2.0,0.9,1.1,0.9,1.2,1.0,0.9,680.0,121.0,680.0,121.0,0,1,False,0,1.0,68.0,45.0,692.0,31.8,False,True,False,False,True,11,2,False,25.0,200.0,200,SPOKED,SPOKED,1,1.0,80.0,80.0,280.0,765.0,34.9,360.0,1.0
430.0,74.0,635.0,72.8,165.0,52.0,565.0,74.0,662.0,51.0,40.0,28.6,33.6,36.5,23.35,13.0,15,ALUMINIUM,36.0,43.0,38.0,0.0,0.0,0.0,0,False,False,130.0,2.0,0.9,1.1,0.9,1.2,1.0,0.9,680.0,121.0,680.0,121.0,0,0,False,0,1.0,68.0,45.0,692.0,31.8,False,True,False,False,True,11,2,False,150.0,50.0,200,SPOKED,SPOKED,1,1.0,80.0,80.0,280.0,760.0,34.9,350.0,1.0
425.0,73.0,625.0,73.2,158.0,49.0,575.0,73.7,658.0,46.0,40.0,28.6,33.6,36.5,23.35,13.0,15,ALUMINIUM,35.0,39.0,41.0,0.0,0.0,0.0,0,False,False,130.0,2.0,0.9,1.1,0.9,1.2,1.0,0.9,680.0,121.0,680.0,121.0,0,1,False,0,1.0,68.0,45.0,692.0,31.8,False,True,False,False,True,11,2,False,180.0,20.0,100,SPOKED,SPOKED,1,1.0,80.0,80.0,280.0,755.0,34.9,360.0,1.0
405.0,69.0,605.0,74.5,142.0,42.0,585.0,75.0,648.0,43.0,40.0,28.6,33.6,36.5,23.35,13.0,15,ALUMINIUM,33.0,37.0,43.0,0.0,0.0,0.0,0,False,False,130.0,2.0,0.9,1.1,0.9,1.2,1.0,0.9,680.0,121.0,680.0,121.0,0,0,False,0,1.0,68.0,45.0,692.0,31.8,False,True,False,False,True,11,2,False,90.0,200.0,100,SPOKED,SPOKED,1,1.0,80.0,80.0,280.0,750.0,34.9,340.0,1.0
425.0,76.0,645.0,72.3,168.0,54.0,595.0,73.5,668.0,53.0,40.0,28.6,33.6,36.5,23.35,13.0,15,ALUMINIUM,39.0,45.0,36.0,0.0,0.0,0.0,0,False,False,130.0,2.0,0.9,1.1,0.9,1.2,1.0,0.9,680.0,121.0,680.0,121.0,0,1,False,0,1.0,68.0,45.0,692.0,31.8,False,True,False,False,True,11,2,False,10.0,100.0,150,SPOKED,SPOKED,1,1.0,80.0,80.0,280.0,770.0,34.9,350.0,1.0
410.0,70.0,620.0,73.0,150.0,50.0,560.0,73.5,660.0,45.0,40.0,33.1,36.5,36.5,23.35,15.0,9.0,ALUMINIUM,32.0,45.0,45.0,330.0,350.0,16.0,18.0,False,False,130.0,2.0,0.9,1.1,0.9,1.2,1.0,0.9,680.0,52.0,680.0,52.0,0,0,False,0,1.0,68.0,45.0,692.0,31.8,False,True,False,False,True,11,2,False,128.0,128.0,128,SPOKED,SPOKED,1,1.0,80.0,80.0,280.0,720.0,34.9,300.0,1.0
420.0,72.0,630.0,72.5,160.0,50.0,580.0,74.0,670.0,50.0,42.0,32.0,38.0,36.5,23.35,15.0,9.0,ALUMINIUM,35.0,48.0,48.0,330.0,350.0,16.0,18.0,False,False,130.0,2.0,0.9,1.1,0.9,1.2,1.0,0.9,680.0,52.0,680.0,52.0,0,1,False,0,1.0,70.0,44.0,692.0,31.8,False,True,False,False,True,10,2,False,255.0,0.0,0,SPOKED,SPOKED,1,1.0,80.0,80.0,280.0,725.0,34.9,310.0,1.0
430.0,68.0,625.0,73.5,145.0,55.0,570.0,73.0,650.0,45.0,42.0,33.1,36.5,36.5,23.35,15.0,9.0,ALUMINIUM,30.0,42.0,42.0,330.0,350.0,16.0,18.0,False,False,130.0,2.0,0.9,1.1,0.9,1.2,1.0,0.9,680.0,52.0,680.0,52.0,0,2,False,0,3.0,65.0,46.0,692.0,31.8,False,True,False,False,True,12,2,False,0.0,255.0,0,SPOKED,SPOKED,1,1.0,80.0,80.0,280.0,730.0,34.9,300.0,1.0
450.0,75.0,640.0,72.0,155.0,48.0,550.0,74.5,675.0,48.0,45.0,32.0,36.5,36.5,23.35,13.0,9.0,ALUMINIUM,33.0,47.0,44.0,330.0,350.0,16.0,18.0,False,False,130.0,2.0,0.9,1.1,0.9,1.2,1.0,0.9,680.0,52.0,680.0,52.0,0,0,False,0,1.0,68.0,46.0,692.0,31.8,False,True,False,False,True,11,1,False,0.0,0.0,255,SPOKED,SPOKED,1,1.0,80.0,80.0,275.0,730.0,34.9,300.0,1.0
440.0,70.0,615.0,74.0,170.0,52.0,590.0,73.5,662.0,46.0,40.0,33.1,36.5,36.5,23.35,15.0,9.0,ALUMINIUM,34.0,50.0,43.0,330.0,350.0,16.0,18.0,False,False,130.0,2.0,0.9,1.1,0.9,1.2,1.0,0.9,680.0,50.0,680.0,50.0,0,1,False,0,1.0,66.0,43.0,692.0,31.8,False,True,False,False,True,11,2,False,255.0,255.0,0,SPOKED,SPOKED,1,1.0,80.0,80.0,280.0,725.0,34.9,300.0,1.0
460.0,65.0,635.0,73.0,165.0,50.0,600.0,74.0,680.0,50.0,45.0,32.0,36.5,36.5,23.35,16.0,9.0,ALUMINIUM,31.0,46.0,47.0,330.0,350.0,16.0,18.0,False,False,130.0,2.0,0.9,1.1,0.9,1.2,1.0,0.9,680.0,52.0,680.0,52.0,0,2,False,0,1.0,68.0,45.0,692.0,31.8,False,True,False,False,True,12,2,False,255.0,255.0,0,SPOKED,SPOKED,1,1.0,80.0,80.0,290.0,735.0,34.9,320.0,1.0
420.0,72.0,622.0,72.5,140.0,49.0,555.0,73.0,655.0,44.0,38.0,31.0,35.0,36.0,23.0,14.0,9.0,ALUMINIUM,30.0,45.0,45.0,330.0,350.0,16.0,18.0,False,False,130.0,2.0,0.8,1.0,0.8,1.0,1.0,0.8,680.0,50.0,680.0,50.0,0,1,False,0,1.0,70.0,44.0,692.0,30.0,False,True,False,False,True,9,2,False,0.0,128.0,128,SPOKED,SPOKED,1,1.0,80.0,80.0,275.0,715.0,34.9,300.0,1.0
430.0,70.0,628.0,73.2,152.0,53.0,575.0,73.8,668.0,47.0,42.0,33.0,36.5,36.5,23.35,15.0,9.0,ALUMINIUM,34.0,46.0,46.0,330.0,350.0,16.0,18.0,False,False,130.0,2.0,0.9,1.1,0.9,1.2,1.0,0.9,680.0,52.0,680.0,52.0,0,0,False,0,1.0,68.0,45.0,692.0,31.8,False,True,False,False,True,10,1,False,128.0,0.0,128,SPOKED,SPOKED,1,1.0,80.0,80.0,280.0,725.0,34.9,310.0,1.0
440.0,68.0,632.0,72.8,158.0,51.0,585.0,73.3,672.0,46.0,40.0,33.5,36.5,36.5,23.35,15.0,9.0,ALUMINIUM,33.0,47.0,47.0,330.0,350.0,16.0,18.0,False,False,130.0,2.0,0.9,1.1,0.9,1.2,1.0,0.9,680.0,52.0,680.0,52.0,0,1,False,0,1.0,67.0,44.0,692.0,31.8,False,True,False,False,True,11,2,False,0.0,255.0,255,SPOKED,SPOKED,1,1.0,80.0,80.0,280.0,728.0,34.9,305.0,1.0
450.0,69.0,618.0,73.6,162.0,54.0,595.0,73.6,665.0,45.0,42.0,32.8,36.5,36.5,23.35,15.0,9.0,ALUMINIUM,32.0,46.0,46.0,330.0,350.0,16.0,18.0,False,False,130.0,2.0,0.9,1.1,0.9,1.2,1.0,0.9,680.0,52.0,680.0,52.0,0,2,False,0,1.0,68.0,45.0,692.0,31.8,False,True,False,False,True,12,1,False,255.0,0.0,255,SPOKED,SPOKED,1,1.0,80.0,80.0,285.0,722.0,34.9,310.0,1.0
405.0,70.0,600.0,73.0,140.0,50.0,550.0,73.0,650.0,45.0,40.0,28.6,33.6,36.5,23.35,13.0,15,ALUMINIUM,35.0,35.0,48.0,0.0,0.0,0.0,0,False,False,130.0,1.0,0.9,1.0,1.1,0.9,1.0,0.9,680.0,45.0,680.0,45.0,0,0,False,0,1.0,50.0,45.0,0.0,31.8,False,True,False,False,True,11,2,False,200.0,0.0,0,DISC,SPOKED,0,0.0,0.0,0.0,278.0,780.0,31.0,330.0,1.0
410.0,68.0,610.0,72.5,150.0,52.0,560.0,74.0,655.0,50.0,40.0,28.6,33.6,36.5,23.35,13.0,15,ALUMINIUM,36.0,34.0,47.0,0.0,0.0,0.0,0,False,False,130.0,1.0,0.9,1.0,1.1,0.9,1.0,0.9,680.0,45.0,680.0,45.0,0,0,False,0,1.0,50.0,45.0,0.0,31.8,False,True,False,False,True,10,2,True,0.0,200.0,50,SPOKED,DISC,0,0.0,0.0,0.0,278.0,790.0,31.0,330.0,1.0
415.0,72.0,620.0,74.0,160.0,50.0,570.0,72.0,660.0,48.0,40.0,28.6,33.6,36.5,23.35,13.0,15,ALUMINIUM,38.0,32.0,49.0,0.0,0.0,0.0,0,False,False,130.0,1.0,0.9,1.0,1.1,0.9,1.0,0.9,680.0,45.0,680.0,45.0,0,0,False,0,1.0,50.0,45.0,0.0,31.8,False,True,False,False,True,12,2,False,0.0,0.0,200,DISC,DISC,0,0.0,0.0,0.0,278.0,800.0,31.0,330.0,1.0
420.0,65.0,590.0,71.5,130.0,50.0,540.0,75.0,645.0,44.0,40.0,28.6,33.6,36.5,23.35,13.0,15,ALUMINIUM,33.0,36.0,46.0,0.0,0.0,0.0,0,False,False,130.0,1.0,0.9,1.0,1.1,0.9,1.0,0.9,680.0,45.0,680.0,45.0,0,0,False,0,1.0,50.0,45.0,0.0,31.8,False,False,True,False,True,11,2,False,200.0,200.0,0,DISC,DISC,0,0.0,0.0,0.0,278.0,760.0,31.0,330.0,1.0
400.0,75.0,605.0,73.5,145.0,52.0,555.0,73.0,652.0,46.0,40.0,28.6,33.6,36.5,23.35,13.0,15,ALUMINIUM,34.0,33.0,50.0,0.0,0.0,0.0,0,False,False,130.0,1.0,0.9,1.0,1.1,0.9,1.0,0.9,680.0,45.0,680.0,45.0,0,0,False,0,1.0,50.0,45.0,0.0,31.8,False,True,False,True,True,8,1,False,150.0,150.0,150,SPOKED,SPOKED,0,0.0,0.0,0.0,278.0,770.0,31.0,330.0,1.0
395.0,70.0,615.0,72.0,155.0,48.0,565.0,74.0,657.0,49.0,40.0,28.6,33.6,36.5,23.35,13.0,15,ALUMINIUM,37.0,31.0,45.0,0.0,0.0,0.0,0,False,False,130.0,1.0,0.9,1.0,1.1,0.9,1.0,0.9,680.0,45.0,680.0,45.0,0,0,False,0,1.0,50.0,45.0,0.0,31.8,True,True,False,False,True,10,2,False,150.0,0.0,150,SPOKED,SPOKED,0,0.0,0.0,0.0,278.0,785.0,31.0,330.0,1.0
425.0,68.0,625.0,74.0,165.0,53.0,575.0,72.0,662.0,47.0,40.0,28.6,33.6,36.5,23.35,13.0,15,ALUMINIUM,39.0,29.0,48.0,0.0,0.0,0.0,0,False,False,130.0,1.0,0.9,1.0,1.1,0.9,1.0,0.9,680.0,45.0,680.0,45.0,0,0,False,0,1.0,50.0,45.0,0.0,31.8,False,True,False,False,True,11,2,True,0.0,100.0,200,SPOKED,SPOKED,0,0.0,0.0,0.0,278.0,795.0,31.0,330.0,1.0
430.0,72.0,595.0,73.0,135.0,50.0,545.0,75.0,648.0,45.0,40.0,28.6,33.6,36.5,23.35,13.0,15,ALUMINIUM,32.0,38.0,49.0,0.0,0.0,0.0,0,False,False,130.0,1.0,0.9,1.0,1.1,0.9,1.0,0.9,680.0,45.0,680.0,45.0,0,0,False,0,1.0,50.0,45.0,0.0,31.8,False,True,True,True,True,12,2,False,0.0,0.0,0,SPOKED,DISC,0,0.0,0.0,0.0,278.0,775.0,31.0,330.0,1.0
445.0,69.0,580.0,73.5,125.0,49.0,535.0,73.0,640.0,50.0,40.0,28.6,33.6,36.5,23.35,13.0,15,ALUMINIUM,31.0,39.0,46.0,0.0,0.0,0.0,0,False,False,130.0,1.0,0.9,1.0,1.1,0.9,1.0,0.9,680.0,45.0,680.0,45.0,0,0,False,0,1.0,50.0,45.0,0.0,31.8,True,True,False,False,True,9,2,False,0.0,50.0,0,SPOKED,SPOKED,0,0.0,0.0,0.0,278.0,765.0,31.0,330.0,1.0
460.0,74.0,630.0,72.8,170.0,54.0,580.0,74.0,665.0,48.0,40.0,28.6,33.6,36.5,23.35,13.0,15,ALUMINIUM,40.0,30.0,47.0,0.0,0.0,0.0,0,False,False,130.0,1.0,0.9,1.0,1.1,0.9,1.0,0.9,680.0,45.0,680.0,45.0,0,0,False,0,1.0,50.0,45.0,0.0,31.8,False,True,False,False,True,11,2,True,255.0,165.0,0,DISC,DISC,0,0.0,0.0,0.0,278.0,805.0,31.0,330.0,1.0
494.19,80.0,668.2733911,71.5,200.1,50.0,540.0,70.0,658.529904,50.0,40.0,28.6,36.5,23.35,13.0,15.0,9.0,ALUMINIUM,33.1,40.0,49.4,330.0,350.0,16.0,18.0,False,False,130.0,2.0,0.9,1.1,0.9,1.2,1.0,0.9,680.0,121.0,680.0,121.0,0,0,False,0,1.0,68.0,45.0,692.0,31.8,False,True,True,True,True,0,0,False,0.0,153.0,0,SPOKED,SPOKED,1,1.0,80.0,80.0,278.0,762.0,34.9,300.0,1.0
405.0,70.0,591.9108569,73.0,145.0,45.0,515.2,74.0,653.4145038,45.0,40.0,28.6,36.5,23.35,13.0,15.0,9.0,ALUMINIUM,28.9,49.2,49.2,330.0,350.0,16.0,18.0,True,True,130.0,2.0,0.9,1.1,0.9,1.2,1.0,0.9,674.0,52.0,674.0,52.0,0,0,False,0,1.0,68.0,45.0,692.0,31.8,False,False,False,False,True,6,1,True,255.0,0.0,0,SPOKED,SPOKED,1,1.0,80.0,80.0,298.0,718.0,34.9,330.0,1.0
395.0,60.0,522.5191235,72.0,96.7,220.0,611.6,75.0,587.5256351,45.0,55.0,28.6,36.5,37.5,13.0,15.0,9.0,ALUMINIUM,13.5,131.6,4.1,330.0,350.0,16.0,18.0,True,True,130.0,2.0,0.9,1.1,0.9,1.2,1.0,0.9,674.0,52.0,674.0,52.0,2,0,True,0,3.0,68.0,50.0,685.0,31.8,False,True,False,False,True,10,1,False,0.0,0.0,255,SPOKED,DISC,1,1.0,80.0,80.0,240.0,695.0,34.9,50.0,0.0
385.0,58.0,587.0392466,74.5,160.3,30.0,590.6,74.5,637.3537657,35.0,42.0,25.4,36.5,20.5,12.5,15.0,9.0,ALUMINIUM,29.8,30.6,39.6,330.0,350.0,16.0,18.0,False,False,120.0,2.0,0.9,1.1,0.9,1.2,1.0,0.9,676.0,54.0,676.0,54.0,0,0,False,0,1.0,73.0,38.0,692.0,28.6,False,False,True,True,True,0,0,False,204.0,255.0,0,SPOKED,SPOKED,2,1.0,60.0,80.0,300.0,820.0,31.0,300.0,1.0
415.0,70.0,637.9091156,73.0,191.4,45.0,630.0,73.5,656.6201875,45.0,40.0,33.6,36.5,23.35,13.0,15.0,9.0,ALUMINIUM,27.8,32.1,43.5,330.0,350.0,16.0,18.0,False,False,130.0,2.0,0.9,1.1,0.9,1.2,1.0,0.9,674.0,52.0,674.0,52.0,0,0,False,0,1.0,68.0,45.0,692.0,31.8,False,False,False,False,True,9,1,False,255.0,51.0,51,SPOKED,SPOKED,1,1.0,80.0,80.0,275.0,865.0,34.9,300.0,2.0
389.89,70.0,568.6665991,66.5,117.2,45.0,450.2,74.5,654.4009557,45.0,40.0,28.6,36.5,30.0,13.0,15.0,9.0,ALUMINIUM,30.4,50.2,44.1,330.0,350.0,16.0,18.0,True,True,135.0,2.0,0.9,1.1,0.9,1.2,1.0,0.9,650.0,91.0,650.0,91.0,1,0,False,0,1.0,68.0,45.0,692.0,31.8,False,False,False,False,True,9,0,False,0.0,0.0,0,SPOKED,SPOKED,1,1.0,80.0,80.0,278.0,600.0,34.9,330.0,1.0
550.0,29.5,496.9336227,67.0,100.0,45.0,533.0,65.0,627.6098218,45.0,40.0,28.6,36.5,23.35,13.0,15.0,9.0,ALUMINIUM,46.9,44.9,50.1,330.0,350.0,16.0,18.0,False,False,135.0,2.0,0.9,1.1,0.9,1.2,1.0,0.9,628.0,69.0,628.0,69.0,1,0,False,0,1.0,68.0,45.0,692.0,31.8,False,False,True,True,True,8,2,True,204.0,204.0,255,SPOKED,SPOKED,1,1.0,80.0,80.0,278.0,700.0,34.9,300.0,2.0
405.0,70.0,593.536575,73.0,145.0,45.0,515.0,74.0,648.3152394,45.0,40.0,28.6,36.5,23.35,13.0,15.0,9.0,ALUMINIUM,34.0,49.0,49.9,330.0,350.0,16.0,18.0,False,False,130.0,2.0,0.9,1.1,0.9,1.2,1.0,0.9,674.0,52.0,674.0,52.0,0,0,False,0,0.0,68.0,45.0,692.0,31.8,False,True,False,False,True,8,1,False,204.0,204.0,255,SPOKED,SPOKED,1,1.0,80.0,80.0,278.0,718.0,34.9,300.0,2.0
380.0,47.01358832,561.1033732,74.00206468,168.8,45.0,552.4,76.00206468,623.9028894,45.0,40.0,28.6,36.5,23.35,13.0,15.0,9.0,ALUMINIUM,33.0,32.4,46.4,330.0,350.0,16.0,18.0,True,True,130.0,2.0,0.9,1.1,0.9,1.2,1.0,0.9,674.0,52.0,674.0,52.0,0,0,False,0,1.0,68.0,45.0,692.0,31.8,False,False,False,False,True,0,0,False,255.0,0.0,255,SPOKED,SPOKED,1,1.0,80.0,80.0,298.0,700.0,34.9,300.0,1.0
435.0,65.0,643.0599211,73.0,177.9,45.0,568.5,73.0,670.1914253,65.0,40.0,28.6,36.5,23.35,13.0,15.0,9.0,ALUMINIUM,34.8,48.5,49.4,330.0,350.0,16.0,18.0,True,True,130.0,2.0,0.9,1.1,0.9,1.2,1.0,0.9,694.0,110.0,694.0,110.0,0,0,False,0,1.0,68.0,45.0,692.0,31.8,False,False,True,True,True,10,0,False,102.0,51.0,0,SPOKED,SPOKED,1,1.0,80.0,80.0,260.0,759.0,34.9,330.0,1.0
420.0,70.0,620.0,73.0,140.0,50.0,580.0,74.0,660.0,45.0,45.0,28.6,36.5,36.5,30.0,15.0,15.0,ALUMINIUM,43.0,42.0,48.0,330.0,350.0,16.0,18.0,False,False,130.0,2.0,0.9,1.1,1.2,1.0,0.9,1.0,700.0,78.0,700.0,78.0,0,0,False,0,1.0,68.0,45.0,0.0,31.8,False,True,False,False,True,11,2,False,100.0,100.0,100,SPOKED,SPOKED,0,0.0,0.0,0.0,290.0,750.0,34.9,720.0,1.0
430.0,68.0,630.0,72.0,150.0,60.0,590.0,73.5,670.0,45.0,45.0,29.0,36.5,36.5,32.0,15.0,15.0,ALUMINIUM,44.0,45.0,49.0,330.0,350.0,16.0,18.0,False,False,130.0,2.0,0.9,1.1,1.2,1.0,0.9,1.0,700.0,78.0,700.0,78.0,0,1,False,0,1.0,68.0,45.0,0.0,31.8,False,True,False,False,True,11,2,False,100.0,100.0,100,SPOKED,SPOKED,0,0.0,0.0,0.0,290.0,750.0,34.9,720.0,1.0
440.0,65.0,610.0,74.0,160.0,55.0,600.0,73.0,650.0,45.0,45.0,30.0,36.5,36.5,30.0,15.0,15.0,ALUMINIUM,45.0,46.0,47.0,330.0,350.0,16.0,18.0,False,False,130.0,2.0,0.9,1.1,1.2,1.0,0.9,1.0,700.0,78.0,700.0,78.0,0,2,False,0,1.0,68.0,45.0,0.0,31.8,False,True,False,False,True,11,2,False,100.0,100.0,100,SPOKED,SPOKED,0,0.0,0.0,0.0,290.0,750.0,34.9,720.0,1.0
450.0,62.0,640.0,71.5,130.0,45.0,570.0,72.5,640.0,45.0,45.0,28.6,36.5,36.5,32.0,15.0,15.0,ALUMINIUM,42.0,43.0,46.0,330.0,350.0,16.0,18.0,False,False,130.0,2.0,0.9,1.1,1.2,1.0,0.9,1.0,700.0,78.0,700.0,78.0,0,0,False,0,1.0,68.0,45.0,0.0,31.8,False,True,False,False,True,11,2,False,100.0,100.0,100,SPOKED,SPOKED,0,0.0,0.0,0.0,290.0,750.0,34.9,720.0,1.0
460.0,66.0,650.0,72.5,155.0,70.0,610.0,74.5,680.0,45.0,45.0,29.0,36.5,36.5,30.0,15.0,15.0,ALUMINIUM,46.0,50.0,49.0,330.0,350.0,16.0,18.0,False,False,130.0,2.0,0.9,1.1,1.2,1.0,0.9,1.0,700.0,78.0,700.0,78.0,0,1,False,0,1.0,68.0,45.0,0.0,31.8,False,True,False,False,True,11,2,False,100.0,100.0,100,SPOKED,SPOKED,0,0.0,0.0,0.0,290.0,750.0,34.9,720.0,1.0
400.0,64.0,605.0,73.5,145.0,65.0,595.0,73.8,655.0,45.0,45.0,30.0,36.5,36.5,32.0,15.0,15.0,ALUMINIUM,44.0,44.0,47.0,330.0,350.0,16.0,18.0,False,False,130.0,2.0,0.9,1.1,1.2,1.0,0.9,1.0,700.0,78.0,700.0,78.0,0,2,False,0,1.0,68.0,45.0,0.0,31.8,False,True,False,False,True,11,2,False,100.0,100.0,100,SPOKED,SPOKED,0,0.0,0.0,0.0,290.0,750.0,34.9,720.0,1.0
415.0,69.0,625.0,71.8,135.0,52.0,585.0,74.2,665.0,45.0,45.0,28.6,36.5,36.5,30.0,15.0,15.0,ALUMINIUM,43.0,47.0,48.0,330.0,350.0,16.0,18.0,False,False,130.0,2.0,0.9,1.1,1.2,1.0,0.9,1.0,700.0,78.0,700.0,78.0,0,0,False,0,1.0,68.0,45.0,0.0,31.8,False,True,False,False,True,11,2,False,100.0,100.0,100,SPOKED,SPOKED,0,0.0,0.0,0.0,290.0,750.0,34.9,720.0,1.0
425.0,67.0,635.0,72.2,148.0,58.0,605.0,73.6,675.0,45.0,45.0,29.0,36.5,36.5,32.0,15.0,15.0,ALUMINIUM,45.0,48.0,50.0,330.0,350.0,16.0,18.0,False,False,130.0,2.0,0.9,1.1,1.2,1.0,0.9,1.0,700.0,78.0,700.0,78.0,0,1,False,0,1.0,68.0,45.0,0.0,31.8,False,True,False,False,True,11,2,False,100.0,100.0,100,SPOKED,SPOKED,0,0.0,0.0,0.0,290.0,750.0,34.9,720.0,1.0
435.0,66.0,645.0,73.2,158.0,62.0,615.0,74.1,685.0,45.0,45.0,30.0,36.5,36.5,30.0,15.0,15.0,ALUMINIUM,46.0,49.0,49.0,330.0,350.0,16.0,18.0,False,False,130.0,2.0,0.9,1.1,1.2,1.0,0.9,1.0,700.0,78.0,700.0,78.0,0,2,False,0,1.0,68.0,45.0,0.0,31.8,False,True,False,False,True,11,2,False,100.0,100.0,100,SPOKED,SPOKED,0,0.0,0.0,0.0,290.0,750.0,34.9,720.0,1.0
445.0,63.0,615.0,72.8,142.0,57.0,600.0,73.4,660.0,45.0,45.0,28.6,36.5,36.5,32.0,15.0,15.0,ALUMINIUM,44.0,45.0,46.0,330.0,350.0,16.0,18.0,False,False,130.0,2.0,0.9,1.1,1.2,1.0,0.9,1.0,700.0,78.0,700.0,78.0,0,0,False,0,1.0,68.0,45.0,0.0,31.8,False,True,False,False,True,11,2,False,100.0,100.0,100,SPOKED,SPOKED,0,0.0,0.0,0.0,290.0,750.0,34.9,720.0,1.0
410.0,70.0,600.0,73.0,150.0,50.0,530.0,73.5,660.0,50.0,45.0,30.0,34.0,36.5,36.5,13.0,15.0,ALUMINIUM,35.0,40.0,50.0,330.0,350.0,16.0,18.0,False,False,130.0,2.0,0.9,1.1,0.9,1.2,1.0,0.9,680.0,121.0,680.0,121.0,0,2,False,0,1.0,68.0,45.0,0.0,31.8,False,True,False,False,True,10,2,False,200.0,0.0,0,SPOKED,SPOKED,0,0.0,80.0,80.0,280.0,750.0,34.9,300.0,1.0
415.0,68.0,610.0,72.5,160.0,52.0,540.0,73.0,670.0,48.0,50.0,32.0,35.0,36.5,36.5,13.0,15.0,ALUMINIUM,37.0,42.0,52.0,330.0,350.0,16.0,18.0,False,False,130.0,2.0,0.9,1.1,0.9,1.2,1.0,0.9,680.0,121.0,680.0,121.0,0,1,False,0,1.0,68.0,45.0,0.0,31.8,False,True,False,False,True,10,2,False,0.0,200.0,0,SPOKED,SPOKED,0,0.0,80.0,80.0,285.0,760.0,34.9,300.0,1.0
420.0,72.0,595.0,73.5,140.0,49.0,525.0,74.0,655.0,52.0,45.0,28.0,33.0,36.5,36.5,13.0,15.0,ALUMINIUM,33.0,38.0,48.0,330.0,350.0,16.0,18.0,False,False,130.0,2.0,0.9,1.1,0.9,1.2,1.0,0.9,680.0,121.0,680.0,121.0,0,2,False,0,1.0,68.0,45.0,0.0,31.8,False,True,False,False,True,10,2,False,0.0,0.0,200,SPOKED,SPOKED,0,0.0,80.0,80.0,278.0,740.0,34.9,300.0,1.0
405.0,68.0,620.0,72.0,180.0,50.0,550.0,73.0,680.0,48.0,50.0,34.0,36.0,36.5,36.5,13.0,15.0,ALUMINIUM,38.0,45.0,60.0,330.0,350.0,16.0,18.0,False,False,130.0,2.0,0.9,1.1,0.9,1.2,1.0,0.9,680.0,121.0,680.0,121.0,0,1,False,0,1.0,68.0,45.0,0.0,31.8,False,True,False,False,True,11,2,False,255.0,255.0,0,SPOKED,SPOKED,0,0.0,80.0,80.0,290.0,765.0,34.9,300.0,1.0
430.0,70.0,590.0,74.0,155.0,48.0,535.0,74.0,665.0,50.0,45.0,30.0,34.0,36.5,36.5,13.0,15.0,ALUMINIUM,35.0,40.0,50.0,330.0,350.0,16.0,18.0,False,False,130.0,2.0,0.9,1.1,0.9,1.2,1.0,0.9,680.0,121.0,680.0,121.0,0,2,False,0,1.0,68.0,45.0,0.0,31.8,False,True,False,False,True,10,2,False,255.0,0.0,255,SPOKED,SPOKED,0,0.0,80.0,80.0,265.0,735.0,34.9,300.0,1.0
410.0,75.0,605.0,73.0,170.0,49.0,545.0,73.5,675.0,47.0,50.0,32.0,35.0,36.5,36.5,13.0,15.0,ALUMINIUM,36.0,41.0,53.0,330.0,350.0,16.0,18.0,False,False,130.0,2.0,0.9,1.1,0.9,1.2,1.0,0.9,680.0,121.0,680.0,121.0,0,2,False,0,1.0,68.0,45.0,0.0,31.8,False,True,False,False,True,10,2,False,255.0,165.0,0,SPOKED,SPOKED,0,0.0,80.0,80.0,282.0,755.0,34.9,300.0,1.0
420.0,70.0,600.0,73.5,160.0,50.0,540.0,74.0,660.0,49.0,45.0,31.0,34.0,36.5,36.5,13.0,15.0,ALUMINIUM,37.0,43.0,54.0,330.0,350.0,16.0,18.0,False,False,130.0,2.0,0.9,1.1,0.9,1.2,1.0,0.9,680.0,121.0,680.0,121.0,0,1,False,0,1.0,68.0,45.0,0.0,31.8,False,True,False,False,True,10,2,False,128.0,128.0,128,SPOKED,SPOKED,0,0.0,80.0,80.0,288.0,745.0,34.9,300.0,1.0
415.0,72.0,615.0,72.5,145.0,50.0,530.0,73.0,670.0,50.0,45.0,29.0,33.0,36.5,36.5,13.0,15.0,ALUMINIUM,34.0,39.0,49.0,330.0,350.0,16.0,18.0,False,False,130.0,2.0,0.9,1.1,0.9,1.2,1.0,0.9,680.0,121.0,680.0,121.0,0,2,False,0,1.0,68.0,45.0,0.0,31.8,False,True,False,False,True,10,2,False,0.0,255.0,255,SPOKED,SPOKED,0,0.0,80.0,80.0,279.0,765.0,34.9,300.0,1.0
405.0,68.0,590.0,74.0,150.0,47.0,525.0,74.5,655.0,53.0,50.0,30.0,35.0,36.5,36.5,13.0,15.0,ALUMINIUM,35.0,40.0,50.0,330.0,350.0,16.0,18.0,False,False,130.0,2.0,0.9,1.1,0.9,1.2,1.0,0.9,680.0,121.0,680.0,121.0,0,1,False,0,1.0,68.0,45.0,0.0,31.8,False,True,False,False,True,10,2,False,255.0,105.0,180,SPOKED,SPOKED,0,0.0,80.0,80.0,270.0,730.0,34.9,300.0,1.0
425.0,70.0,605.0,73.0,155.0,52.0,550.0,73.5,680.0,51.0,45.0,33.0,36.0,36.5,36.5,13.0,15.0,ALUMINIUM,38.0,44.0,56.0,330.0,350.0,16.0,18.0,False,False,130.0,2.0,0.9,1.1,0.9,1.2,1.0,0.9,680.0,121.0,680.0,121.0,0,2,False,0,1.0,68.0,45.0,0.0,31.8,False,True,False,False,True,10,2,False,192.0,192.0,192,SPOKED,SPOKED,0,0.0,80.0,80.0,285.0,760.0,34.9,300.0,1.0
405.0,70.0,610.0,73.0,160.0,50.0,530.0,73.0,650.0,45.0,40.0,28.6,36.5,23.35,23.35,13.0,15,ALUMINIUM,25.0,50.0,35.0,0.0,0.0,0.0,0,False,False,130.0,2.0,0.9,1.1,0.9,1.2,1.0,0.9,674.0,52.0,674.0,52.0,0,0,False,0,3.0,68.0,45.0,0.0,31.8,False,True,False,False,True,11,2,False,20.0,30.0,150,SPOKED,SPOKED,0,0.0,80.0,80.0,300.0,760.0,34.9,330.0,1.0
395.0,68.0,605.0,73.5,150.0,48.0,525.0,73.5,645.0,47.0,40.0,28.6,36.5,23.35,23.35,13.0,15,ALUMINIUM,23.0,48.0,33.0,0.0,0.0,0.0,0,False,False,130.0,2.0,0.9,1.1,0.9,1.2,1.0,0.9,674.0,52.0,674.0,52.0,0,1,False,0,1.0,68.0,45.0,0.0,31.8,False,True,False,False,True,11,2,False,255.0,0.0,0,SPOKED,SPOKED,0,0.0,80.0,80.0,300.0,755.0,34.9,330.0,1.0
415.0,72.0,615.0,72.5,155.0,52.0,535.0,72.5,655.0,44.0,40.0,28.6,36.5,23.35,23.35,13.0,15,ALUMINIUM,26.0,52.0,36.0,0.0,0.0,0.0,0,False,False,130.0,2.0,0.9,1.1,0.9,1.2,1.0,0.9,674.0,52.0,674.0,52.0,0,2,False,0,3.0,68.0,45.0,0.0,31.8,False,True,False,False,True,11,2,False,0.0,255.0,0,SPOKED,SPOKED,0,0.0,80.0,80.0,300.0,765.0,34.9,330.0,3.0
425.0,70.0,625.0,73.0,170.0,55.0,540.0,73.0,660.0,43.0,40.0,28.6,36.5,23.35,23.35,13.0,15,ALUMINIUM,28.0,55.0,38.0,0.0,0.0,0.0,0,False,False,130.0,2.0,0.9,1.1,0.9,1.2,1.0,0.9,674.0,52.0,674.0,52.0,0,0,False,0,0.0,68.0,45.0,0.0,31.8,False,True,False,False,True,11,2,False,255.0,165.0,0,SPOKED,SPOKED,0,0.0,80.0,80.0,300.0,770.0,34.9,330.0,1.0
430.0,69.0,620.0,74.0,165.0,54.0,538.0,74.0,658.0,46.0,40.0,28.6,36.5,23.35,23.35,13.0,15,ALUMINIUM,27.0,54.0,37.0,0.0,0.0,0.0,0,False,False,130.0,2.0,0.9,1.1,0.9,1.2,1.0,0.9,674.0,52.0,674.0,52.0,0,1,False,0,3.0,68.0,45.0,0.0,31.8,False,True,False,False,True,11,2,False,75.0,0.0,130,SPOKED,SPOKED,0,0.0,80.0,80.0,300.0,775.0,34.9,330.0,3.0
395.0,71.0,600.0,72.0,145.0,49.0,528.0,72.0,640.0,48.0,40.0,28.6,36.5,23.35,23.35,13.0,15,ALUMINIUM,22.0,49.0,32.0,0.0,0.0,0.0,0,False,False,130.0,2.0,0.9,1.1,0.9,1.2,1.0,0.9,674.0,52.0,674.0,52.0,0,2,False,0,1.0,68.0,45.0,0.0,31.8,False,True,False,False,True,11,2,False,255.0,192.0,203,SPOKED,SPOKED,0,0.0,80.0,80.0,300.0,750.0,34.9,330.0,1.0
440.0,70.0,630.0,73.5,175.0,56.0,542.0,73.5,665.0,42.0,40.0,28.6,36.5,23.35,23.35,13.0,15,ALUMINIUM,29.0,56.0,39.0,0.0,0.0,0.0,0,False,False,130.0,2.0,0.9,1.1,0.9,1.2,1.0,0.9,674.0,52.0,674.0,52.0,0,0,False,0,3.0,68.0,45.0,0.0,31.8,False,True,False,False,True,11,2,False,0.0,255.0,255,SPOKED,SPOKED,0,0.0,80.0,80.0,300.0,780.0,34.9,330.0,3.0
450.0,68.0,635.0,74.0,180.0,57.0,545.0,74.0,668.0,41.0,40.0,28.6,36.5,23.35,23.35,13.0,15,ALUMINIUM,30.0,57.0,40.0,0.0,0.0,0.0,0,False,False,130.0,2.0,0.9,1.1,0.9,1.2,1.0,0.9,674.0,52.0,674.0,52.0,0,1,False,0,1.0,68.0,45.0,0.0,31.8,False,True,False,False,True,11,2,False,255.0,255.0,0,SPOKED,SPOKED,0,0.0,80.0,80.0,300.0,785.0,34.9,330.0,1.0
420.0,70.0,615.0,72.5,158.0,53.0,537.0,72.5,652.0,44.0,40.0,28.6,36.5,23.35,23.35,13.0,15,ALUMINIUM,26.0,53.0,36.0,0.0,0.0,0.0,0,False,False,130.0,2.0,0.9,1.1,0.9,1.2,1.0,0.9,674.0,52.0,674.0,52.0,0,2,False,0,3.0,68.0,45.0,0.0,31.8,False,True,False,False,True,11,2,False,128.0,0.0,128,SPOKED,SPOKED,0,0.0,80.0,80.0,300.0,760.0,34.9,330.0,3.0
410.0,69.0,610.0,73.0,152.0,51.0,532.0,73.0,648.0,45.0,40.0,28.6,36.5,23.35,23.35,13.0,15,ALUMINIUM,24.0,51.0,34.0,0.0,0.0,0.0,0,False,False,130.0,2.0,0.9,1.1,0.9,1.2,1.0,0.9,674.0,52.0,674.0,52.0,0,0,False,0,0.0,68.0,45.0,0.0,31.8,False,True,False,False,True,11,2,False,0.0,0.0,0,SPOKED,SPOKED,0,0.0,80.0,80.0,300.0,755.0,34.9,330.0,1.0
425.0,75.0,620.0,73.0,140.0,30.0,580.0,73.0,630.0,50.0,45.0,35.0,40.0,30.0,30.0,20.0,15.0,ALUMINIUM,25.0,40.0,25.0,330.0,350.0,16.0,18.0,False,False,130.0,2.0,0.9,1.1,0.9,1.2,1.0,0.9,700.0,40.0,700.0,40.0,0,0,False,0,1.0,68.0,45.0,0.0,31.8,False,True,False,False,True,11,2,False,0.0,102.0,204,SPOKED,SPOKED,1,1.0,1.0,1.0,280.0,800.0,34.9,300.0,1.0
435.0,80.0,640.0,72.5,160.0,25.0,600.0,72.0,640.0,48.0,50.0,38.0,42.0,32.0,32.0,22.0,16.0,ALUMINIUM,28.0,42.0,28.0,330.0,350.0,16.0,18.0,False,False,135.0,2.0,0.9,1.1,0.9,1.2,1.0,0.9,700.0,42.0,700.0,42.0,0,1,False,0,1.0,70.0,50.0,0.0,31.8,True,True,False,False,True,11,2,False,255.0,0.0,0,SPOKED,SPOKED,1,1.0,1.5,1.5,290.0,780.0,35.0,310.0,1.0
445.0,65.0,600.0,74.0,120.0,20.0,570.0,74.0,620.0,52.0,40.0,34.0,41.0,29.0,29.0,18.0,14.0,ALUMINIUM,22.0,38.0,22.0,330.0,350.0,16.0,18.0,False,False,130.0,2.0,0.9,1.1,0.9,1.2,1.0,0.9,680.0,42.0,680.0,42.0,0,2,False,0,1.0,66.0,42.0,0.0,31.8,True,True,False,False,True,10,2,False,0.0,128.0,255,DISC,SPOKED,0,1.0,0.0,1.0,270.0,750.0,34.9,300.0,1.0
415.0,70.0,610.0,71.0,150.0,28.0,590.0,71.0,615.0,49.0,48.0,36.0,40.0,31.0,31.0,19.0,17.0,ALUMINIUM,27.0,39.0,27.0,330.0,350.0,16.0,18.0,False,False,130.0,2.0,0.9,1.1,0.9,1.2,1.0,0.9,700.0,38.0,700.0,38.0,0,0,False,0,3.0,68.0,44.0,0.0,31.8,False,True,False,False,True,12,2,False,255.0,204.0,0,TRISPOKE,SPOKED,1,0.0,3.0,0.0,285.0,790.0,35.2,305.0,2.0
455.0,72.0,630.0,72.0,170.0,33.0,600.0,72.0,640.0,47.0,50.0,37.0,42.0,33.0,33.0,24.0,18.0,ALUMINIUM,30.0,43.0,30.0,330.0,350.0,16.0,18.0,False,False,130.0,2.0,0.9,1.1,0.9,1.2,1.0,0.9,700.0,45.0,700.0,45.0,0,1,False,0,1.0,69.0,48.0,0.0,31.8,True,True,False,False,True,11,2,False,128.0,0.0,128,DISC,SPOKED,0,1.0,0.0,1.0,275.0,780.0,34.9,315.0,1.0
405.0,68.0,610.0,73.5,130.0,22.0,565.0,73.5,625.0,45.0,44.0,36.0,40.0,32.0,32.0,21.0,16.0,ALUMINIUM,26.0,39.0,26.0,330.0,350.0,16.0,18.0,False,False,130.0,2.0,0.9,1.1,0.9,1.2,1.0,0.9,700.0,36.0,700.0,36.0,0,0,False,0,0.0,67.0,46.0,0.0,31.8,True,True,False,False,True,12,2,False,0.0,0.0,0,DISC,DISC,0,0.0,0.0,0.0,295.0,770.0,35.0,305.0,1.0
470.0,70.0,650.0,71.0,155.0,29.0,610.0,71.5,650.0,47.0,47.0,39.0,42.0,31.0,31.0,23.0,17.0,ALUMINIUM,29.0,41.0,29.0,330.0,350.0,20.0,18.0,True,False,135.0,2.0,0.9,1.1,0.9,1.2,1.0,0.9,700.0,40.0,700.0,40.0,0,2,False,0,1.0,68.0,44.0,0.0,31.8,False,True,False,False,True,10,2,False,255.0,105.0,180,SPOKED,TRISPOKE,1,1.0,1.0,1.0,300.0,790.0,34.9,310.0,2.0
490.0,80.0,660.0,72.0,160.0,31.0,620.0,72.0,655.0,50.0,50.0,40.0,44.0,33.0,33.0,25.0,18.0,ALUMINIUM,30.0,42.0,30.0,330.0,350.0,16.0,18.0,False,False,140.0,2.0,0.9,1.1,0.9,1.2,1.0,0.9,700.0,45.0,700.0,45.0,0,1,False,0,3.0,70.0,50.0,0.0,31.8,True,True,False,False,True,11,2,False,0.0,128.0,0,TRISPOKE,TRISPOKE,1,1.0,2.0,2.0,290.0,785.0,35.2,320.0,1.0
480.0,68.0,640.0,74.0,135.0,27.0,595.0,74.0,635.0,49.0,48.0,37.0,42.0,32.0,32.0,22.0,16.0,ALUMINIUM,27.0,41.0,27.0,330.0,350.0,16.0,18.0,False,False,135.0,2.0,0.9,1.1,0.9,1.2,1.0,0.9,700.0,40.0,700.0,40.0,0,2,False,0,1.0,69.0,46.0,0.0,31.8,True,True,False,False,True,10,2,False,0.0,0.0,128,DISC,DISC,0,0.0,0.0,0.0,275.0,770.0,34.9,300.0,1.0
460.0,70.0,625.0,73.0,125.0,24.0,580.0,73.0,620.0,48.0,45.0,36.0,41.0,31.0,31.0,21.0,15.0,ALUMINIUM,24.0,38.0,24.0,330.0,350.0,16.0,18.0,False,False,130.0,2.0,0.9,1.1,0.9,1.2,1.0,0.9,700.0,38.0,700.0,38.0,0,0,False,0,1.0,66.0,42.0,0.0,31.8,False,True,False,False,True,12,1,False,192.0,192.0,192,SPOKED,SPOKED,1,1.0,1.0,1.0,265.0,765.0,34.5,290.0,1.0
430.0,70.0,580.0,72.0,150.0,45.0,540.0,73.0,560.0,50.0,40.0,28.6,36.5,23.35,13.0,15.0,9,ALUMINIUM,20.0,35.0,30.0,330.0,350.0,16.0,18,False,False,130.0,2.0,0.9,1.1,0.9,1.2,1.0,0.9,680.0,55.0,680.0,55.0,0,2,False,0,1.0,68.0,45.0,0.0,34.9,True,True,False,False,False,11,2,False,192.0,192.0,192,SPOKED,SPOKED,0,0.0,0.0,0.0,280.0,750.0,34.9,300.0,1.0
435.0,72.0,590.0,73.0,160.0,50.0,550.0,74.0,570.0,45.0,38.0,28.6,36.5,23.35,13.0,15.0,9,ALUMINIUM,22.0,37.0,32.0,330.0,350.0,16.0,18,False,False,130.0,2.0,0.9,1.1,0.9,1.2,1.0,0.9,680.0,55.0,680.0,55.0,0,2,False,0,1.0,68.0,45.0,0.0,34.9,True,True,False,False,False,11,2,False,192.0,192.0,192,SPOKED,SPOKED,0,0.0,0.0,0.0,280.0,755.0,34.9,300.0,1.0
440.0,68.0,600.0,71.5,170.0,40.0,560.0,72.0,580.0,55.0,39.0,28.6,36.5,23.35,13.0,15.0,9,ALUMINIUM,24.0,39.0,34.0,330.0,350.0,16.0,18,False,False,130.0,2.0,0.9,1.1,0.9,1.2,1.0,0.9,680.0,55.0,680.0,55.0,0,2,False,0,1.0,68.0,45.0,0.0,34.9,True,True,False,False,False,11,2,False,192.0,192.0,192,SPOKED,SPOKED,0,0.0,0.0,0.0,280.0,760.0,34.9,300.0,1.0
445.0,74.0,610.0,74.0,180.0,55.0,570.0,75.0,590.0,50.0,40.0,28.6,36.5,23.35,13.0,15.0,9,ALUMINIUM,26.0,41.0,36.0,330.0,350.0,16.0,18,False,False,130.0,2.0,0.9,1.1,0.9,1.2,1.0,0.9,680.0,55.0,680.0,55.0,0,2,False,0,1.0,68.0,45.0,0.0,34.9,True,True,False,False,False,11,2,False,192.0,192.0,192,SPOKED,SPOKED,0,0.0,0.0,0.0,280.0,765.0,34.9,300.0,1.0
450.0,66.0,620.0,70.5,190.0,35.0,580.0,71.0,600.0,45.0,41.0,28.6,36.5,23.35,13.0,15.0,9,ALUMINIUM,28.0,43.0,38.0,330.0,350.0,16.0,18,False,False,130.0,2.0,0.9,1.1,0.9,1.2,1.0,0.9,680.0,55.0,680.0,55.0,0,2,False,0,1.0,68.0,45.0,0.0,34.9,True,True,False,False,False,11,2,False,192.0,192.0,192,SPOKED,SPOKED,0,0.0,0.0,0.0,280.0,770.0,34.9,300.0,1.0
455.0,75.0,570.0,73.5,200.0,60.0,530.0,74.0,550.0,55.0,42.0,28.6,36.5,23.35,13.0,15.0,9,ALUMINIUM,30.0,45.0,40.0,330.0,350.0,16.0,18,False,False,130.0,2.0,0.9,1.1,0.9,1.2,1.0,0.9,680.0,55.0,680.0,55.0,0,2,False,0,1.0,68.0,45.0,0.0,34.9,True,True,False,False,False,11,2,False,192.0,192.0,192,SPOKED,SPOKED,0,0.0,0.0,0.0,280.0,775.0,34.9,300.0,1.0
460.0,64.0,560.0,72.5,155.0,30.0,520.0,72.5,540.0,50.0,43.0,28.6,36.5,23.35,13.0,15.0,9,ALUMINIUM,32.0,47.0,42.0,330.0,350.0,16.0,18,False,False,130.0,2.0,0.9,1.1,0.9,1.2,1.0,0.9,680.0,55.0,680.0,55.0,0,2,False,0,1.0,68.0,45.0,0.0,34.9,True,True,False,False,False,11,2,False,192.0,192.0,192,SPOKED,SPOKED,0,0.0,0.0,0.0,280.0,780.0,34.9,300.0,1.0
465.0,73.0,595.0,74.0,165.0,65.0,550.0,73.5,575.0,45.0,44.0,28.6,36.5,23.35,13.0,15.0,9,ALUMINIUM,34.0,49.0,44.0,330.0,350.0,16.0,18,False,False,130.0,2.0,0.9,1.1,0.9,1.2,1.0,0.9,680.0,55.0,680.0,55.0,0,2,False,0,1.0,68.0,45.0,0.0,34.9,True,True,False,False,False,11,2,False,192.0,192.0,192,SPOKED,SPOKED,0,0.0,0.0,0.0,280.0,785.0,34.9,300.0,1.0
470.0,69.0,605.0,71.0,175.0,25.0,560.0,71.5,585.0,55.0,45.0,28.6,36.5,23.35,13.0,15.0,9,ALUMINIUM,36.0,51.0,46.0,330.0,350.0,16.0,18,False,False,130.0,2.0,0.9,1.1,0.9,1.2,1.0,0.9,680.0,55.0,680.0,55.0,0,2,False,0,1.0,68.0,45.0,0.0,34.9,True,True,False,False,False,11,2,False,192.0,192.0,192,SPOKED,SPOKED,0,0.0,0.0,0.0,280.0,790.0,34.9,300.0,1.0
475.0,71.0,615.0,72.0,185.0,70.0,570.0,74.5,595.0,50.0,46.0,28.6,36.5,23.35,13.0,15.0,9,ALUMINIUM,38.0,53.0,48.0,330.0,350.0,16.0,18,False,False,130.0,2.0,0.9,1.1,0.9,1.2,1.0,0.9,680.0,55.0,680.0,55.0,0,2,False,0,1.0,68.0,45.0,0.0,34.9,True,True,False,False,False,11,2,False,192.0,192.0,192,SPOKED,SPOKED,0,0.0,0.0,0.0,280.0,795.0,34.9,300.0,1.0
410.0,65.0,600.0,73.0,160.0,45.0,540.0,73.5,650.0,45.0,40.0,28.6,36.5,23.35,13.0,15.0,9,ALUMINIUM,36.0,48.0,48.0,333.0,350.0,16.0,18,False,False,130.0,2.0,0.9,1.1,0.9,1.2,1.0,0.9,685.0,50.0,685.0,50.0,0,0,False,0,1.0,68.0,45.0,0.0,31.8,False,True,False,False,True,10,2,False,230.0,30.0,50,SPOKED,SPOKED,0,0.0,0.0,0.0,300.0,300.0,35.0,300.0,1.0
420.0,65.0,610.0,73.0,150.0,45.0,550.0,74.0,650.0,45.0,40.0,28.6,36.5,23.35,13.0,15.0,9,ALUMINIUM,36.0,48.0,48.0,333.0,350.0,16.0,18,False,False,130.0,2.0,0.9,1.1,0.9,1.2,1.0,0.9,685.0,50.0,685.0,50.0,0,0,False,0,1.0,68.0,45.0,0.0,31.8,False,True,False,False,True,10,2,False,200.0,50.0,70,SPOKED,SPOKED,0,0.0,0.0,0.0,300.0,305.0,35.0,300.0,1.0
405.0,65.0,620.0,72.5,170.0,45.0,540.0,73.5,655.0,45.0,40.0,28.2,37.0,23.35,13.0,15.0,9,ALUMINIUM,36.0,48.0,48.0,333.0,350.0,16.0,18,False,False,130.0,2.0,0.9,1.1,0.9,1.2,1.0,0.9,680.0,50.0,680.0,50.0,0,0,False,0,1.0,68.0,45.0,0.0,31.8,False,True,False,False,True,10,2,False,180.0,20.0,100,SPOKED,SPOKED,0,0.0,0.0,0.0,295.0,290.0,36.0,300.0,1.0
415.0,66.0,590.0,73.5,165.0,45.0,545.0,73.0,645.0,45.0,40.0,28.6,36.5,23.35,13.0,15.0,9,ALUMINIUM,36.0,48.0,48.0,333.0,350.0,16.0,18,False,False,130.0,2.0,0.9,1.1,0.9,1.2,1.0,0.9,685.0,50.0,685.0,50.0,0,0,False,0,1.0,68.0,45.0,0.0,31.8,False,True,False,False,True,10,2,False,120.0,200.0,230,SPOKED,SPOKED,0,0.0,0.0,0.0,305.0,295.0,35.0,320.0,1.0
425.0,63.0,620.0,74.0,155.0,50.0,530.0,74.0,655.0,45.0,40.0,28.6,36.5,23.35,13.0,15.0,9,ALUMINIUM,36.0,48.0,48.0,333.0,350.0,16.0,18,False,False,130.0,2.0,0.9,1.1,0.9,1.2,1.0,0.9,690.0,50.0,690.0,50.0,0,0,False,0,1.0,68.0,45.0,0.0,31.8,False,True,False,False,True,10,2,False,255.0,100.0,0,SPOKED,SPOKED,0,0.0,0.0,0.0,310.0,300.0,35.0,310.0,1.0
430.0,70.0,580.0,72.0,160.0,40.0,545.0,73.0,660.0,45.0,40.0,28.6,36.5,23.35,13.0,15.0,9,ALUMINIUM,36.0,48.0,48.0,333.0,350.0,16.0,18,False,False,130.0,2.0,0.9,1.1,0.9,1.2,1.0,0.9,680.0,50.0,680.0,50.0,0,0,False,0,1.0,68.0,45.0,0.0,31.8,False,True,False,False,True,10,2,False,255.0,215.0,0,SPOKED,SPOKED,0,0.0,0.0,0.0,300.0,295.0,35.0,300.0,1.0
400.0,68.0,595.0,73.0,155.0,45.0,535.0,73.5,650.0,45.0,40.0,28.6,36.5,23.35,13.0,15.0,9,ALUMINIUM,36.0,48.0,48.0,333.0,350.0,16.0,18,False,False,130.0,2.0,0.9,1.1,0.9,1.2,1.0,0.9,685.0,50.0,685.0,50.0,0,0,False,0,1.0,68.0,45.0,0.0,31.8,False,True,False,False,True,10,2,False,0.0,128.0,255,SPOKED,SPOKED,0,0.0,0.0,0.0,300.0,300.0,35.0,310.0,1.0
390.0,65.0,605.0,74.5,170.0,45.0,540.0,74.5,655.0,45.0,40.0,28.6,36.5,23.35,13.0,15.0,9,ALUMINIUM,36.0,48.0,48.0,333.0,350.0,16.0,18,False,False,130.0,2.0,0.9,1.1,0.9,1.2,1.0,0.9,690.0,55.0,690.0,55.0,0,0,False,0,1.0,68.0,45.0,0.0,31.8,False,True,False,False,True,10,2,False,128.0,0.0,128,SPOKED,SPOKED,0,0.0,0.0,0.0,305.0,300.0,35.0,320.0,1.0
395.0,67.0,585.0,72.5,150.0,45.0,545.0,72.5,660.0,45.0,40.0,28.6,36.5,23.35,13.0,15.0,9,ALUMINIUM,36.0,48.0,48.0,333.0,350.0,16.0,18,False,False,130.0,2.0,0.9,1.1,0.9,1.2,1.0,0.9,680.0,50.0,680.0,50.0,0,0,False,0,1.0,68.0,45.0,0.0,31.8,False,True,False,False,True,10,2,False,0.0,200.0,100,SPOKED,SPOKED,0,0.0,0.0,0.0,290.0,280.0,35.0,290.0,1.0
405.0,64.0,615.0,73.0,180.0,45.0,550.0,73.5,650.0,45.0,40.0,28.6,36.5,23.35,13.0,15.0,9,ALUMINIUM,36.0,48.0,48.0,333.0,350.0,16.0,18,False,False,130.0,2.0,0.9,1.1,0.9,1.2,1.0,0.9,685.0,50.0,685.0,50.0,0,0,False,0,1.0,68.0,45.0,0.0,31.8,False,True,False,False,True,10,2,False,100.0,200.0,0,SPOKED,SPOKED,0,0.0,0.0,0.0,305.0,315.0,35.0,320.0,1.0
405.0,70.0,610.0,73.0,160.0,50.0,540.0,73.0,650.0,50.0,40.0,28.6,36.5,23.35,23.35,13.0,15,ALUMINIUM,30.0,45.0,50.0,330.0,350.0,16.0,18,False,False,130.0,2.0,1.0,1.1,1.0,1.2,1.0,0.9,680.0,30.0,680.0,30.0,0,1,False,0,1.0,68.0,45.0,0.0,31.8,False,True,False,False,True,11,2,False,200.0,50.0,50,DISC,SPOKED,0,0.0,0.0,0.0,280.0,700.0,34.9,300.0,1.0
415.0,75.0,620.0,72.5,170.0,55.0,560.0,74.0,660.0,48.0,42.0,28.6,36.5,23.35,23.35,13.0,15,ALUMINIUM,32.0,47.0,51.0,330.0,350.0,16.0,18,False,False,130.0,2.0,1.0,1.1,1.0,1.2,1.0,0.9,680.0,30.0,680.0,30.0,0,1,False,0,1.0,68.0,45.0,0.0,31.8,False,True,False,False,True,11,2,False,50.0,200.0,50,DISC,SPOKED,0,0.0,0.0,0.0,285.0,710.0,34.9,320.0,1.0
395.0,65.0,630.0,73.5,180.0,60.0,580.0,73.5,670.0,52.0,44.0,28.6,36.5,23.35,23.35,13.0,15,ALUMINIUM,34.0,49.0,52.0,330.0,350.0,16.0,18,False,False,130.0,2.0,1.0,1.1,1.0,1.2,1.0,0.9,680.0,30.0,680.0,30.0,0,1,False,0,1.0,68.0,45.0,0.0,31.8,False,True,False,False,True,11,2,False,50.0,50.0,200,DISC,SPOKED,0,0.0,0.0,0.0,290.0,720.0,34.9,340.0,1.0
400.0,68.0,640.0,72.0,200.0,45.0,600.0,74.5,680.0,46.0,41.0,28.6,36.5,23.35,23.35,13.0,15,ALUMINIUM,36.0,51.0,49.0,330.0,350.0,16.0,18,False,False,130.0,2.0,1.0,1.1,1.0,1.2,1.0,0.9,680.0,30.0,680.0,30.0,0,1,False,0,1.0,68.0,45.0,0.0,31.8,False,True,False,False,True,11,2,False,200.0,200.0,50,DISC,SPOKED,0,0.0,0.0,0.0,295.0,730.0,34.9,310.0,1.0
410.0,72.0,600.0,74.0,150.0,52.0,620.0,73.0,630.0,54.0,43.0,28.6,36.5,23.35,23.35,13.0,15,ALUMINIUM,28.0,53.0,53.0,330.0,350.0,16.0,18,False,False,130.0,2.0,1.0,1.1,1.0,0.9,1.0,0.9,680.0,30.0,680.0,30.0,0,1,False,0,1.0,68.0,45.0,0.0,31.8,False,True,False,False,True,11,2,False,50.0,200.0,200,DISC,SPOKED,0,0.0,0.0,0.0,300.0,740.0,34.9,330.0,1.0
420.0,70.0,615.0,73.0,155.0,57.0,500.0,74.0,640.0,50.0,45.0,28.6,36.5,23.35,23.35,13.0,15,ALUMINIUM,30.0,55.0,50.0,330.0,350.0,16.0,18,False,False,130.0,2.0,1.0,1.1,1.0,1.2,1.0,0.9,680.0,30.0,680.0,30.0,0,1,False,0,1.0,68.0,45.0,0.0,31.8,False,True,False,False,True,11,2,False,50.0,50.0,200,DISC,SPOKED,0,0.0,0.0,0.0,305.0,750.0,34.9,350.0,1.0
430.0,69.0,625.0,73.2,165.0,53.0,520.0,73.5,655.0,51.0,40.0,28.6,36.5,23.35,23.35,13.0,15,ALUMINIUM,32.0,45.0,52.0,330.0,350.0,16.0,18,False,False,130.0,2.0,1.0,1.1,1.0,1.2,1.0,0.9,680.0,30.0,680.0,30.0,0,1,False,0,1.0,68.0,45.0,0.0,31.8,False,True,False,False,True,11,2,False,200.0,50.0,200,DISC,SPOKED,0,0.0,0.0,0.0,275.0,705.0,34.9,305.0,1.0
390.0,71.0,635.0,73.8,175.0,48.0,540.0,72.5,665.0,49.0,42.0,28.6,36.5,23.35,23.35,13.0,15,ALUMINIUM,34.0,47.0,51.0,330.0,350.0,16.0,18,False,False,130.0,2.0,1.0,1.1,1.0,1.2,1.0,0.9,680.0,30.0,680.0,30.0,0,1,False,0,1.0,68.0,45.0,0.0,31.8,False,True,False,False,True,11,2,False,100.0,100.0,100,DISC,SPOKED,0,0.0,0.0,0.0,270.0,715.0,34.9,325.0,1.0
385.0,73.0,605.0,72.3,165.0,59.0,560.0,74.0,675.0,53.0,44.0,28.6,36.5,23.35,23.35,13.0,15,ALUMINIUM,36.0,49.0,50.0,330.0,350.0,16.0,18,False,False,130.0,2.0,1.0,1.1,1.0,1.2,1.0,0.9,680.0,30.0,680.0,30.0,0,1,False,0,1.0,68.0,45.0,0.0,31.8,False,True,False,False,True,11,2,False,255.0,128.0,0,DISC,SPOKED,0,0.0,0.0,0.0,265.0,725.0,34.9,345.0,1.0
445.0,73.6,645.0,73.6,185.0,46.0,580.0,72.0,685.0,47.0,41.0,28.6,36.5,23.35,23.35,13.0,15,ALUMINIUM,28.0,51.0,53.0,330.0,350.0,16.0,18,False,False,130.0,2.0,1.0,1.1,1.0,1.2,1.0,0.9,680.0,30.0,680.0,30.0,0,1,False,0,1.0,68.0,45.0,0.0,31.8,False,True,False,False,True,11,2,False,128.0,0.0,255,DISC,SPOKED,0,0.0,0.0,0.0,260.0,735.0,34.9,315.0,1.0
430.0,80.0,605.0,73.5,140.0,50.0,540.0,73.0,660.0,45.0,40.0,28.6,36.5,23.35,23.35,13.0,9,ALUMINIUM,33.0,40.0,48.0,330.0,350.0,16.0,18,False,False,130.0,2.0,0.9,1.1,0.9,1.2,1.0,0.9,680.0,121.0,680.0,121.0,0,0,False,0,1.0,68.0,45.0,0.0,31.8,False,False,False,False,True,8,2,False,50.0,100.0,200,SPOKED,SPOKED,1,1.0,80.0,80.0,300.0,750.0,34.9,330.0,1.0
435.0,85.0,610.0,73.0,150.0,52.0,545.0,73.5,665.0,50.0,40.0,29.5,37.0,24.0,24.0,13.0,10,ALUMINIUM,34.0,42.0,50.0,330.0,350.0,16.0,18,False,False,130.0,2.0,1.0,1.2,1.0,1.3,1.1,1.0,680.0,121.0,680.0,121.0,0,0,False,0,1.0,68.0,45.0,0.0,31.8,False,False,False,False,True,8,2,False,200.0,50.0,50,SPOKED,SPOKED,1,1.0,80.0,80.0,300.0,750.0,34.9,330.0,1.0
440.0,80.0,595.0,72.5,135.0,48.0,550.0,72.0,655.0,45.0,42.0,30.0,37.5,24.5,24.5,14.0,9,ALUMINIUM,32.0,38.0,47.0,330.0,350.0,17.0,19,False,False,130.0,2.0,1.0,1.1,0.9,1.2,1.0,0.9,680.0,121.0,680.0,121.0,0,0,False,0,1.0,68.0,45.0,0.0,31.8,False,False,False,False,True,8,2,False,100.0,200.0,50,SPOKED,SPOKED,1,1.0,80.0,80.0,300.0,750.0,34.9,330.0,1.0
425.0,75.0,600.0,74.0,130.0,53.0,538.0,74.0,670.0,48.0,40.0,28.6,34.9,23.35,23.35,12.0,8,ALUMINIUM,35.0,40.0,49.0,330.0,350.0,16.0,18,False,False,130.0,2.0,0.9,1.1,0.9,1.2,1.0,0.9,680.0,121.0,680.0,121.0,0,0,False,0,1.0,68.0,45.0,0.0,31.8,False,False,False,False,True,8,2,False,255.0,128.0,0,SPOKED,SPOKED,1,1.0,80.0,80.0,300.0,750.0,34.9,330.0,1.0
430.0,80.0,598.0,73.0,145.0,50.0,545.0,73.0,658.0,50.0,40.0,28.6,36.5,23.35,23.35,13.0,9,ALUMINIUM,33.0,41.0,48.0,330.0,350.0,16.0,18,False,False,130.0,2.0,0.9,1.1,0.9,1.2,1.0,0.9,680.0,121.0,680.0,121.0,0,0,False,0,1.0,68.0,45.0,0.0,31.8,False,False,False,False,True,8,2,False,0.0,128.0,255,SPOKED,SPOKED,1,1.0,80.0,80.0,300.0,750.0,34.9,330.0,1.0
438.0,82.0,612.0,73.8,155.0,47.0,555.0,73.2,662.0,47.0,42.0,29.0,38.0,24.0,24.0,13.0,9,ALUMINIUM,36.0,44.0,51.0,330.0,350.0,16.0,18,False,False,130.0,2.2,1.0,1.2,1.1,1.3,1.1,1.0,680.0,121.0,680.0,121.0,0,0,False,0,1.0,68.0,45.0,0.0,31.8,False,False,False,False,True,8,2,False,255.0,0.0,100,SPOKED,SPOKED,1,1.0,80.0,80.0,300.0,750.0,34.9,330.0,1.0
420.0,78.0,605.0,72.8,128.0,49.0,542.0,72.5,654.0,46.0,40.0,28.8,35.5,23.5,23.5,13.0,9,ALUMINIUM,31.0,39.0,46.0,330.0,350.0,16.0,18,False,False,130.0,2.0,0.9,1.1,0.9,1.2,1.0,0.9,680.0,121.0,680.0,121.0,0,0,False,0,1.0,68.0,45.0,0.0,31.8,False,False,False,False,True,8,2,False,0.0,255.0,128,SPOKED,SPOKED,1,1.0,80.0,80.0,300.0,750.0,34.9,330.0,1.0
445.0,80.0,620.0,73.2,160.0,55.0,560.0,73.9,670.0,50.0,40.0,29.2,37.2,24.2,24.2,13.0,10,ALUMINIUM,38.0,45.0,53.0,330.0,350.0,16.0,18,False,False,130.0,2.0,1.0,1.2,1.0,1.3,1.1,1.0,680.0,121.0,680.0,121.0,0,0,False,0,1.0,68.0,45.0,0.0,31.8,False,False,False,False,True,8,2,False,128.0,0.0,255,SPOKED,SPOKED,1,1.0,80.0,80.0,300.0,750.0,34.9,330.0,1.0
432.0,82.0,615.0,74.0,150.0,52.0,548.0,74.0,660.0,49.0,42.0,29.8,36.8,24.0,24.0,14.0,9,ALUMINIUM,35.0,42.0,49.0,330.0,350.0,16.0,18,False,False,130.0,2.0,1.0,1.2,1.0,1.3,1.1,1.0,680.0,121.0,680.0,121.0,0,0,False,0,1.0,68.0,45.0,0.0,31.8,False,False,False,False,True,8,2,False,255.0,255.0,0,SPOKED,SPOKED,1,1.0,80.0,80.0,300.0,750.0,34.9,330.0,1.0
437.0,79.0,602.0,73.0,142.0,51.0,543.0,73.0,656.0,48.0,40.0,28.6,36.5,23.35,23.35,13.0,9,ALUMINIUM,33.0,40.0,48.0,330.0,350.0,16.0,18,False,False,130.0,2.0,0.9,1.1,0.9,1.2,1.0,0.9,680.0,121.0,680.0,121.0,0,0,False,0,1.0,68.0,45.0,0.0,31.8,False,False,False,False,True,8,2,False,0.0,0.0,0,SPOKED,SPOKED,1,1.0,80.0,80.0,300.0,750.0,34.9,330.0,1.0
405.0,70.0,610.0,73.0,150.0,45.0,560.0,73.0,660.0,45.0,40.0,28.6,36.5,23.35,23.35,13.0,15,ALUMINIUM,30.0,44.8,37.5,330.0,350.0,16.0,18,False,False,130.0,2.0,0.9,1.1,0.9,1.2,1.0,0.9,700.0,52.0,700.0,52.0,0,0,False,0,1.0,68.0,45.0,0.0,31.8,False,False,False,False,True,10,2,False,0.0,0.0,0,SPOKED,SPOKED,0,0.0,0.0,0.0,280.0,770.0,34.9,330.0,1.0
410.0,72.0,620.0,73.5,155.0,45.0,570.0,73.5,665.0,46.0,42.0,29.0,37.0,24.0,24.0,14.0,15,ALUMINIUM,31.0,45.6,38.75,330.0,350.0,16.0,18,False,False,130.0,2.0,0.9,1.1,0.9,1.2,1.0,0.9,700.0,52.0,700.0,52.0,0,0,False,0,1.0,68.0,45.0,0.0,31.8,False,False,False,False,True,10,2,False,10.0,10.0,10,SPOKED,SPOKED,0,0.0,0.0,0.0,280.0,775.0,34.9,330.0,1.0
415.0,74.0,630.0,72.5,160.0,45.0,580.0,72.5,670.0,47.0,44.0,29.4,37.5,24.5,24.5,13.5,15,ALUMINIUM,32.0,46.4,40.0,330.0,350.0,16.0,18,False,False,130.0,2.0,0.9,1.1,0.9,1.2,1.0,0.9,700.0,52.0,700.0,52.0,0,0,False,0,1.0,68.0,45.0,0.0,31.8,False,False,False,False,True,10,2,False,20.0,20.0,20,SPOKED,SPOKED,0,0.0,0.0,0.0,280.0,760.0,34.9,330.0,1.0
420.0,76.0,640.0,72.0,165.0,45.0,590.0,72.0,675.0,48.0,45.0,30.0,38.0,25.0,25.0,15.0,15,ALUMINIUM,33.0,47.2,41.25,330.0,350.0,16.0,18,False,False,130.0,2.0,0.9,1.1,0.9,1.2,1.0,0.9,700.0,52.0,700.0,52.0,0,0,False,0,1.0,68.0,45.0,0.0,31.8,False,False,False,False,True,10,2,False,30.0,30.0,30,SPOKED,SPOKED,0,0.0,0.0,0.0,280.0,765.0,34.9,330.0,1.0
425.0,78.0,650.0,73.0,170.0,45.0,600.0,73.0,680.0,49.0,46.0,30.5,38.5,23.5,23.5,14.5,15,ALUMINIUM,34.0,48.0,42.5,330.0,350.0,16.0,18,False,False,130.0,2.0,0.9,1.1,0.9,1.2,1.0,0.9,700.0,52.0,700.0,52.0,0,0,False,0,1.0,68.0,45.0,0.0,31.8,False,False,False,False,True,10,2,False,40.0,40.0,40,SPOKED,SPOKED,0,0.0,0.0,0.0,280.0,780.0,34.9,330.0,1.0
430.0,80.0,660.0,73.5,175.0,45.0,610.0,73.5,685.0,50.0,48.0,31.0,39.0,24.0,24.0,15.0,15,ALUMINIUM,35.0,48.8,43.75,330.0,350.0,16.0,18,False,False,130.0,2.0,0.9,1.1,0.9,1.2,1.0,0.9,700.0,52.0,700.0,52.0,0,0,False,0,1.0,68.0,45.0,0.0,31.8,False,False,False,False,True,10,2,False,50.0,0.0,0,SPOKED,SPOKED,0,0.0,0.0,0.0,280.0,770.0,34.9,330.0,1.0
435.0,82.0,670.0,72.5,180.0,45.0,620.0,72.5,690.0,51.0,50.0,31.5,39.5,24.5,24.5,16.0,15,ALUMINIUM,36.0,49.6,45.0,330.0,350.0,16.0,18,False,False,130.0,2.0,0.9,1.1,0.9,1.2,1.0,0.9,700.0,52.0,700.0,52.0,0,0,False,0,1.0,68.0,45.0,0.0,31.8,False,False,False,False,True,10,2,False,0.0,50.0,0,SPOKED,SPOKED,0,0.0,0.0,0.0,280.0,775.0,34.9,330.0,1.0
440.0,84.0,640.0,72.0,185.0,45.0,630.0,72.0,695.0,52.0,40.0,28.6,36.5,23.35,23.35,13.0,15,ALUMINIUM,37.0,50.4,46.25,330.0,350.0,16.0,18,False,False,130.0,2.0,0.9,1.1,0.9,1.2,1.0,0.9,700.0,52.0,700.0,52.0,0,0,False,0,1.0,68.0,45.0,0.0,31.8,False,False,False,False,True,10,2,False,0.0,0.0,50,SPOKED,SPOKED,0,0.0,0.0,0.0,280.0,785.0,34.9,330.0,1.0
445.0,86.0,650.0,73.0,190.0,45.0,640.0,73.0,680.0,45.0,42.0,29.0,37.0,24.0,24.0,14.0,15,ALUMINIUM,38.0,51.2,47.5,330.0,350.0,16.0,18,False,False,130.0,2.0,0.9,1.1,0.9,1.2,1.0,0.9,700.0,52.0,700.0,52.0,0,0,False,0,1.0,68.0,45.0,0.0,31.8,False,False,False,False,True,10,2,False,50.0,50.0,0,SPOKED,SPOKED,0,0.0,0.0,0.0,280.0,780.0,34.9,330.0,1.0
450.0,88.0,660.0,73.5,195.0,45.0,650.0,73.5,675.0,46.0,44.0,29.4,37.5,24.5,24.5,15.0,15,ALUMINIUM,39.0,52.0,48.75,330.0,350.0,16.0,18,False,False,130.0,2.0,0.9,1.1,0.9,1.2,1.0,0.9,700.0,52.0,700.0,52.0,0,0,False,0,1.0,68.0,45.0,0.0,31.8,False,False,False,False,True,10,2,False,0.0,50.0,50,SPOKED,SPOKED,0,0.0,0.0,0.0,280.0,770.0,34.9,330.0,1.0
400.0,65.0,600.0,72.0,150.0,45.0,550.0,73.0,650.0,45.0,42.0,31.8,36.5,23.35,23.35,13.0,15.0,ALUMINIUM,30.0,45.0,45.0,330.0,350.0,16.0,18.0,False,False,130.0,2.0,1.0,1.0,0.9,1.0,1.0,0.9,700.0,55.0,700.0,55.0,0,0,False,0,1.0,68.0,45.0,0.0,31.8,True,True,False,False,True,11,2,False,255.0,69.0,0,SPOKED,SPOKED,0,0.0,0.0,0.0,280.0,730.0,34.9,700.0,1.0
410.0,65.0,590.0,72.5,130.0,45.0,550.0,73.2,648.0,47.0,42.0,31.8,36.5,23.35,23.35,13.0,15.0,ALUMINIUM,32.0,42.0,42.0,330.0,350.0,16.0,18.0,False,False,130.0,2.0,1.0,1.0,0.9,1.0,1.0,0.9,700.0,55.0,700.0,55.0,0,0,False,0,3.0,68.0,45.0,0.0,31.8,True,True,False,False,True,11,2,False,0.0,122.0,204,TRISPOKE,SPOKED,1,0.0,55.0,0.0,280.0,735.0,34.9,705.0,3.0
420.0,62.0,605.0,71.5,140.0,50.0,560.0,72.5,655.0,48.0,42.0,31.8,36.5,23.35,23.35,13.0,15.0,ALUMINIUM,35.0,45.0,47.0,330.0,350.0,16.0,18.0,False,False,130.0,2.0,1.0,1.0,0.9,1.0,1.0,0.9,700.0,55.0,700.0,55.0,0,0,True,2,1.0,68.0,45.0,0.0,31.8,True,True,False,False,True,11,2,False,0.0,0.0,0,SPOKED,SPOKED,0,0.0,0.0,0.0,285.0,720.0,34.9,720.0,1.0
430.0,60.0,620.0,73.0,150.0,50.0,570.0,73.5,640.0,42.0,42.0,31.8,36.5,23.35,23.35,13.0,15.0,ALUMINIUM,38.0,48.0,50.0,330.0,350.0,16.0,18.0,False,False,130.0,2.0,1.0,1.0,0.9,1.0,1.0,0.9,700.0,55.0,700.0,55.0,0,0,False,0,2.0,68.0,45.0,0.0,31.8,True,True,False,False,True,11,2,False,34.0,139.0,34,SPOKED,SPOKED,0,0.0,0.0,0.0,290.0,740.0,34.9,730.0,1.0
440.0,68.0,600.0,72.0,125.0,40.0,545.0,73.0,645.0,47.0,42.0,31.8,36.5,23.35,23.35,13.0,15.0,ALUMINIUM,30.0,42.0,42.0,330.0,350.0,16.0,18.0,False,False,130.0,2.0,1.0,1.0,0.9,1.0,1.0,0.9,700.0,55.0,700.0,55.0,0,0,False,0,1.0,68.0,45.0,0.0,31.8,True,True,False,False,True,11,2,False,255.0,255.0,255,DISC,SPOKED,0,0.0,0.0,0.0,275.0,725.0,34.9,715.0,1.0
405.0,66.0,615.0,71.0,135.0,48.0,555.0,74.0,652.0,43.0,42.0,31.8,36.5,23.35,23.35,13.0,15.0,ALUMINIUM,34.0,44.0,44.0,330.0,350.0,16.0,18.0,False,False,130.0,2.0,1.0,1.0,0.9,1.0,1.0,0.9,700.0,55.0,700.0,55.0,0,0,False,0,3.0,68.0,45.0,0.0,31.8,True,True,False,False,True,11,2,False,128.0,0.0,128,SPOKED,DISC,0,0.0,0.0,0.0,285.0,730.0,34.9,720.0,1.0
415.0,63.0,585.0,74.0,145.0,46.0,565.0,72.0,658.0,46.0,42.0,31.8,36.5,23.35,23.35,13.0,15.0,ALUMINIUM,36.0,46.0,46.0,330.0,350.0,16.0,18.0,False,False,130.0,2.0,1.0,1.0,0.9,1.0,1.0,0.9,700.0,55.0,700.0,55.0,0,0,False,0,1.0,68.0,45.0,0.0,31.8,True,True,False,False,True,11,2,False,0.0,0.0,139,SPOKED,SPOKED,0,0.0,0.0,0.0,270.0,725.0,34.9,730.0,1.0
425.0,64.0,595.0,72.7,160.0,55.0,580.0,73.8,650.0,41.0,42.0,31.8,36.5,23.35,23.35,13.0,15.0,ALUMINIUM,40.0,50.0,50.0,330.0,350.0,16.0,18.0,False,False,130.0,2.0,1.0,1.0,0.9,1.0,1.0,0.9,700.0,55.0,700.0,55.0,0,0,False,0,2.0,68.0,45.0,0.0,31.8,True,True,False,False,True,11,2,False,0.0,191.0,255,SPOKED,TRISPOKE,0,1.0,0.0,55.0,300.0,740.0,34.9,740.0,1.0
395.0,70.0,580.0,73.5,155.0,42.0,540.0,72.2,660.0,44.0,42.0,31.8,36.5,23.35,23.35,13.0,15.0,ALUMINIUM,33.0,43.0,43.0,330.0,350.0,16.0,18.0,False,False,130.0,2.0,1.0,1.0,0.9,1.0,1.0,0.9,700.0,55.0,700.0,55.0,0,0,False,0,1.0,68.0,45.0,0.0,31.8,True,True,False,False,True,11,2,False,255.0,215.0,0,SPOKED,SPOKED,0,0.0,0.0,0.0,280.0,730.0,34.9,720.0,1.0
435.0,61.0,625.0,71.8,170.0,58.0,575.0,73.2,642.0,49.0,42.0,31.8,36.5,23.35,23.35,13.0,15.0,ALUMINIUM,37.0,47.0,49.0,330.0,350.0,16.0,18.0,False,False,130.0,2.0,1.0,1.0,0.9,1.0,1.0,0.9,700.0,55.0,700.0,55.0,0,0,False,0,2.0,68.0,45.0,0.0,31.8,True,True,False,False,True,11,2,False,105.0,105.0,105,SPOKED,SPOKED,0,0.0,0.0,0.0,290.0,750.0,34.9,720.0,1.0
415.0,70.0,560.0,72.0,150.0,55.0,520.0,73.0,580.0,50.0,68.0,31.8,36.5,23.5,23.5,13.0,15.0,ALUMINIUM,30.0,50.0,40.0,0.0,0.0,0.0,0.0,False,False,130.0,1.5,0.9,1.2,0.9,0.8,0.8,1.0,672.0,25.0,672.0,25.0,0,0,False,0,1.0,68.0,45.0,0.0,31.6,False,False,False,False,True,11,2,False,200.0,200.0,200,SPOKED,SPOKED,0,0.0,0.0,0.0,265.0,750.0,36.0,300.0,1.0
420.0,70.0,570.0,73.0,160.0,56.0,530.0,74.0,590.0,50.0,68.0,31.8,36.5,23.5,23.5,13.0,15.0,ALUMINIUM,31.0,51.0,41.0,0.0,0.0,0.0,0.0,False,False,130.0,1.5,0.9,1.2,0.9,0.8,0.8,1.0,672.0,25.0,672.0,25.0,0,1,False,0,1.0,68.0,45.0,0.0,31.6,False,False,False,False,True,10,2,False,180.0,180.0,180,DISC,SPOKED,0,0.0,0.0,0.0,265.0,760.0,36.0,300.0,1.0
425.0,70.0,580.0,74.0,170.0,57.0,540.0,75.0,600.0,50.0,68.0,31.8,36.5,23.5,23.5,13.0,15.0,ALUMINIUM,32.0,52.0,42.0,0.0,0.0,0.0,0.0,False,False,130.0,1.5,0.9,1.2,0.9,0.8,0.8,1.0,672.0,25.0,672.0,25.0,0,2,False,0,1.0,68.0,45.0,0.0,31.6,False,False,False,False,True,11,2,False,160.0,160.0,160,DISC,DISC,0,0.0,0.0,0.0,265.0,770.0,36.0,300.0,1.0
410.0,70.0,590.0,72.5,180.0,58.0,550.0,73.5,610.0,50.0,68.0,31.8,36.5,23.5,23.5,13.0,15.0,ALUMINIUM,33.0,53.0,43.0,0.0,0.0,0.0,0.0,False,False,130.0,1.5,0.9,1.2,0.9,0.8,0.8,1.0,672.0,25.0,672.0,25.0,0,0,False,0,1.0,68.0,45.0,0.0,31.6,False,False,False,False,True,9,1,False,140.0,140.0,140,SPOKED,SPOKED,0,0.0,0.0,0.0,265.0,780.0,36.0,300.0,1.0
430.0,70.0,555.0,73.5,155.0,54.0,525.0,74.5,585.0,50.0,68.0,31.8,36.5,23.5,23.5,13.0,15.0,ALUMINIUM,34.0,54.0,44.0,0.0,0.0,0.0,0.0,False,False,130.0,1.5,0.9,1.2,0.9,0.8,0.8,1.0,672.0,25.0,672.0,25.0,0,1,False,0,1.0,68.0,45.0,0.0,31.6,False,False,False,False,True,12,2,False,220.0,220.0,220,TRISPOKE,SPOKED,1,0.0,60.0,0.0,265.0,755.0,36.0,300.0,1.0
418.0,70.0,565.0,73.0,165.0,55.0,535.0,74.0,595.0,50.0,68.0,31.8,36.5,23.5,23.5,13.0,15.0,ALUMINIUM,35.0,55.0,45.0,0.0,0.0,0.0,0.0,False,False,130.0,1.5,0.9,1.2,0.9,0.8,0.8,1.0,672.0,25.0,672.0,25.0,0,2,False,0,1.0,68.0,45.0,0.0,31.6,False,False,False,False,True,9,2,False,210.0,210.0,210,SPOKED,TRISPOKE,0,1.0,0.0,60.0,265.0,765.0,36.0,300.0,1.0
422.0,70.0,575.0,72.0,175.0,56.0,545.0,73.0,605.0,50.0,68.0,31.8,36.5,23.5,23.5,13.0,15.0,ALUMINIUM,36.0,56.0,46.0,0.0,0.0,0.0,0.0,False,False,130.0,1.5,0.9,1.2,0.9,0.8,0.8,1.0,672.0,25.0,672.0,25.0,0,0,False,0,1.0,68.0,45.0,0.0,31.6,False,False,False,False,True,11,1,False,230.0,230.0,230,TRISPOKE,TRISPOKE,1,1.0,60.0,60.0,265.0,775.0,36.0,300.0,1.0
417.0,70.0,585.0,74.0,185.0,57.0,555.0,75.0,615.0,50.0,68.0,31.8,36.5,23.5,23.5,13.0,15.0,ALUMINIUM,37.0,57.0,47.0,0.0,0.0,0.0,0.0,False,False,130.0,1.5,0.9,1.2,0.9,0.8,0.8,1.0,672.0,25.0,672.0,25.0,0,1,False,0,1.0,68.0,45.0,0.0,31.6,False,False,False,False,True,10,2,False,190.0,190.0,190,DISC,TRISPOKE,0,1.0,0.0,60.0,265.0,785.0,36.0,300.0,1.0
427.0,70.0,595.0,72.5,158.0,58.0,528.0,73.5,588.0,50.0,68.0,31.8,36.5,23.5,23.5,13.0,15.0,ALUMINIUM,38.0,58.0,48.0,0.0,0.0,0.0,0.0,False,False,130.0,1.5,0.9,1.2,0.9,0.8,0.8,1.0,672.0,25.0,672.0,25.0,0,2,False,0,1.0,68.0,45.0,0.0,31.6,False,False,False,False,True,9,1,False,170.0,170.0,170,TRISPOKE,DISC,1,0.0,60.0,0.0,265.0,758.0,36.0,300.0,1.0
412.0,70.0,565.0,73.5,168.0,59.0,538.0,74.5,598.0,50.0,68.0,31.8,36.5,23.5,23.5,13.0,15.0,ALUMINIUM,39.0,59.0,49.0,0.0,0.0,0.0,0.0,False,False,130.0,1.5,0.9,1.2,0.9,0.8,0.8,1.0,672.0,25.0,672.0,25.0,0,0,False,0,1.0,68.0,45.0,0.0,31.6,False,False,False,False,True,12,2,False,150.0,150.0,150,DISC,DISC,0,0.0,0.0,0.0,265.0,768.0,36.0,300.0,1.0
410.0,70.0,600.0,73.0,160.0,50.0,550.0,73.0,640.0,50.0,40.0,40.0,28.6,36.5,23.35,13.0,15,ALUMINIUM,32.0,40.0,45.0,330.0,350.0,16.0,18,False,False,130.0,2.0,2.0,2.0,2.0,2.0,2.0,2.0,700.0,52.0,700.0,52.0,0,0,False,0,1.0,68.0,45.0,45.0,31.8,False,True,False,False,True,11,2,False,255.0,0.0,0,SPOKED,SPOKED,0,0.0,80.0,80.0,280.0,300.0,34.9,780.0,1.0
415.0,70.0,610.0,72.5,170.0,50.0,545.0,72.5,632.0,50.0,40.0,40.0,28.6,36.5,23.35,13.0,15,ALUMINIUM,35.0,42.0,48.0,330.0,350.0,16.0,18,True,False,130.0,2.0,2.0,2.0,2.0,2.0,2.0,2.0,700.0,52.0,700.0,52.0,0,1,False,2,3.0,68.0,45.0,45.0,31.8,True,True,False,False,True,11,2,False,204.0,102.0,0,SPOKED,SPOKED,0,0.0,80.0,80.0,290.0,300.0,34.9,760.0,1.0
420.0,70.0,590.0,73.5,150.0,50.0,560.0,73.5,650.0,50.0,40.0,40.0,28.6,36.5,23.35,13.0,15,ALUMINIUM,30.0,38.0,43.0,330.0,350.0,16.0,18,False,True,130.0,2.0,2.0,2.0,2.0,2.0,2.0,2.0,700.0,52.0,700.0,52.0,0,2,False,0,1.0,68.0,45.0,45.0,31.8,False,True,False,False,True,11,2,False,153.0,204.0,51,SPOKED,SPOKED,0,0.0,80.0,80.0,300.0,300.0,34.9,800.0,1.0
405.0,70.0,580.0,72.0,155.0,50.0,540.0,73.0,645.0,50.0,40.0,40.0,28.6,36.5,23.35,13.0,15,ALUMINIUM,33.0,41.0,50.0,330.0,350.0,16.0,18,False,False,130.0,2.0,2.0,2.0,2.0,2.0,2.0,2.0,700.0,52.0,700.0,52.0,0,0,False,0,1.0,68.0,45.0,45.0,31.8,True,False,False,False,True,11,2,False,51.0,153.0,204,SPOKED,SPOKED,0,0.0,80.0,80.0,285.0,300.0,34.9,770.0,1.0
430.0,70.0,605.0,74.0,140.0,50.0,555.0,73.5,630.0,50.0,40.0,40.0,28.6,36.5,23.35,13.0,15,ALUMINIUM,29.0,39.0,42.0,330.0,350.0,16.0,18,True,True,130.0,2.0,2.0,2.0,2.0,2.0,2.0,2.0,700.0,52.0,700.0,52.0,0,1,False,2,3.0,68.0,45.0,45.0,31.8,True,False,False,False,True,11,2,False,0.0,204.0,153,SPOKED,SPOKED,0,0.0,80.0,80.0,295.0,300.0,34.9,790.0,1.0
395.0,70.0,595.0,73.0,165.0,50.0,530.0,72.8,638.0,50.0,40.0,40.0,28.6,36.5,23.35,13.0,15,ALUMINIUM,34.0,43.0,47.0,330.0,350.0,16.0,18,True,False,130.0,2.0,2.0,2.0,2.0,2.0,2.0,2.0,700.0,52.0,700.0,52.0,0,1,False,0,1.0,68.0,45.0,45.0,31.8,False,True,False,False,True,11,2,False,102.0,0.0,204,SPOKED,SPOKED,0,0.0,80.0,80.0,275.0,300.0,34.9,755.0,1.0
425.0,70.0,615.0,72.8,175.0,50.0,560.0,73.2,642.0,50.0,40.0,40.0,28.6,36.5,23.35,13.0,15,ALUMINIUM,31.0,37.0,46.0,330.0,350.0,16.0,18,False,True,130.0,2.0,2.0,2.0,2.0,2.0,2.0,2.0,700.0,52.0,700.0,52.0,0,2,False,0,3.0,68.0,45.0,45.0,31.8,False,False,False,False,True,11,2,False,0.0,102.0,153,SPOKED,SPOKED,0,0.0,80.0,80.0,290.0,300.0,34.9,740.0,1.0
400.0,70.0,585.0,73.3,145.0,50.0,545.0,72.6,635.0,50.0,40.0,40.0,28.6,36.5,23.35,13.0,15,ALUMINIUM,36.0,42.0,44.0,330.0,350.0,16.0,18,True,True,130.0,2.0,2.0,2.0,2.0,2.0,2.0,2.0,700.0,52.0,700.0,52.0,0,0,False,2,1.0,68.0,45.0,45.0,31.8,True,True,False,False,True,11,2,False,204.0,153.0,102,SPOKED,SPOKED,0,0.0,80.0,80.0,300.0,300.0,34.9,765.0,1.0
412.0,70.0,600.0,73.0,150.0,50.0,555.0,73.0,640.0,50.0,40.0,40.0,28.6,36.5,23.35,13.0,15,ALUMINIUM,32.0,40.0,45.0,330.0,350.0,16.0,18,False,False,130.0,2.0,2.0,2.0,2.0,2.0,2.0,2.0,700.0,52.0,700.0,52.0,0,1,False,0,3.0,68.0,45.0,45.0,31.8,True,True,False,False,True,11,2,False,153.0,51.0,0,SPOKED,SPOKED,0,0.0,80.0,80.0,280.0,300.0,34.9,780.0,1.0
418.0,70.0,590.0,72.5,160.0,50.0,550.0,73.5,645.0,50.0,40.0,40.0,28.6,36.5,23.35,13.0,15,ALUMINIUM,33.0,39.0,48.0,330.0,350.0,16.0,18,True,False,130.0,2.0,2.0,2.0,2.0,2.0,2.0,2.0,700.0,52.0,700.0,52.0,0,2,False,0,1.0,68.0,45.0,45.0,31.8,False,False,False,False,True,11,2,False,51.0,0.0,102,SPOKED,SPOKED,0,0.0,80.0,80.0,295.0,300.0,34.9,750.0,1.0
410.0,70.0,580.0,73.0,160.0,50.0,550.0,74.0,700.0,45.0,40.0,30.0,38.0,23.0,20.0,12.0,15.0,ALUMINIUM,35.0,50.0,40.0,330.0,350.0,16.0,18,False,False,130.0,1.0,1.0,1.0,1.0,1.0,1.0,1.0,680.0,52.0,680.0,52.0,0,1,False,0,1.0,50.0,45.0,690.0,34.0,True,True,False,False,True,11,2,False,100.0,150.0,200,SPOKED,SPOKED,0,0.0,0.0,0.0,300.0,750.0,38.0,350.0,1.0
405.0,65.0,595.0,72.5,150.0,48.0,545.0,73.5,690.0,50.0,40.0,32.0,39.0,24.0,21.0,11.0,16.0,ALUMINIUM,30.0,48.0,38.0,330.0,350.0,16.0,18,False,False,130.0,1.1,1.0,1.0,1.0,1.0,1.0,1.1,680.0,50.0,680.0,50.0,0,1,False,0,1.0,50.0,46.0,692.0,35.0,True,True,False,False,True,10,2,False,200.0,50.0,100,SPOKED,SPOKED,0,0.0,0.0,0.0,290.0,730.0,39.0,360.0,1.0
415.0,70.0,610.0,73.0,170.0,52.0,558.0,74.0,710.0,45.0,45.0,28.0,40.0,23.5,20.5,12.5,15.5,ALUMINIUM,32.0,49.0,39.0,330.0,350.0,16.0,18,False,False,130.0,0.9,1.0,0.9,1.0,0.9,1.0,0.9,685.0,50.0,685.0,50.0,0,2,False,0,1.0,55.0,44.0,695.0,34.5,True,True,False,False,True,12,2,False,0.0,120.0,240,DISC,SPOKED,0,0.0,0.0,0.0,310.0,740.0,40.0,340.0,1.0
400.0,67.0,575.0,72.0,155.0,47.0,540.0,73.0,695.0,48.0,40.0,30.0,37.0,23.0,20.0,12.0,15.0,ALUMINIUM,34.0,50.0,37.0,330.0,350.0,16.0,18,False,False,130.0,1.0,1.0,1.0,1.0,1.0,1.0,1.0,680.0,50.0,680.0,50.0,0,0,False,0,1.0,50.0,45.0,692.0,34.0,False,True,False,False,True,11,2,False,255.0,128.0,0,SPOKED,DISC,0,0.0,0.0,0.0,300.0,720.0,37.0,330.0,1.0
425.0,72.0,620.0,74.0,180.0,50.0,565.0,75.0,705.0,44.0,42.0,31.0,39.5,24.0,20.0,13.0,16.0,ALUMINIUM,36.0,51.0,41.0,330.0,350.0,16.0,18,False,False,130.0,1.0,1.0,1.0,1.0,1.0,1.0,1.0,690.0,50.0,690.0,50.0,0,1,False,0,1.0,55.0,46.0,700.0,35.0,True,True,False,False,True,11,2,False,50.0,205.0,50,SPOKED,SPOKED,0,0.0,0.0,0.0,320.0,760.0,39.5,370.0,1.0
395.0,62.0,590.0,72.2,140.0,46.0,530.0,73.2,680.0,49.0,40.0,29.0,38.0,23.0,20.0,12.0,15.0,ALUMINIUM,31.0,48.0,36.0,330.0,350.0,16.0,18,False,False,130.0,0.9,0.9,0.9,0.9,0.9,0.9,0.9,680.0,50.0,680.0,50.0,0,2,False,0,1.0,50.0,44.0,686.0,34.0,False,True,False,False,True,12,2,False,0.0,0.0,128,SPOKED,SPOKED,0,0.0,0.0,0.0,305.0,715.0,38.0,340.0,1.0
430.0,68.0,605.0,73.8,165.0,51.0,555.0,74.5,705.0,46.0,42.0,30.0,39.0,24.0,21.0,12.0,16.0,ALUMINIUM,33.0,50.0,40.0,330.0,350.0,16.0,18,False,False,130.0,1.0,1.0,1.0,1.0,1.0,1.0,1.0,690.0,50.0,690.0,50.0,0,1,False,0,1.0,55.0,47.0,700.0,35.0,True,False,False,False,True,10,1,False,128.0,0.0,128,DISC,SPOKED,0,0.0,0.0,0.0,330.0,745.0,39.0,380.0,1.0
420.0,64.0,580.0,72.8,150.0,47.0,545.0,73.8,695.0,47.0,40.0,29.0,38.5,23.5,20.5,12.0,15.0,ALUMINIUM,32.0,49.0,38.0,330.0,350.0,16.0,18,False,False,130.0,1.0,1.0,1.0,1.0,1.0,1.0,1.0,680.0,50.0,680.0,50.0,0,0,False,0,1.0,50.0,45.0,690.0,34.0,True,True,False,False,True,11,2,False,184.0,134.0,11,SPOKED,SPOKED,0,0.0,0.0,0.0,315.0,720.0,38.5,350.0,1.0
400.0,70.0,615.0,73.2,175.0,49.0,560.0,74.2,710.0,45.0,45.0,32.0,40.0,24.0,21.0,13.0,16.0,ALUMINIUM,35.0,50.0,40.0,330.0,350.0,16.0,18,False,False,130.0,1.0,1.0,1.0,1.0,1.0,1.0,1.0,690.0,50.0,690.0,50.0,0,1,False,0,1.0,55.0,46.0,700.0,35.0,True,True,False,False,True,12,2,False,0.0,255.0,128,SPOKED,SPOKED,0,0.0,0.0,0.0,320.0,760.0,40.0,380.0,1.0
410.0,66.0,590.0,73.5,160.0,50.0,550.0,74.0,700.0,46.0,42.0,31.0,39.0,23.0,20.0,12.5,15.0,ALUMINIUM,34.0,50.0,39.0,330.0,350.0,16.0,18,False,False,130.0,1.0,1.0,1.0,1.0,1.0,1.0,1.0,680.0,50.0,680.0,50.0,0,0,False,0,1.0,50.0,45.0,690.0,34.0,True,False,False,False,True,11,2,False,75.0,0.0,130,DISC,DISC,0,0.0,0.0,0.0,305.0,730.0,39.0,360.0,1.0
420.0,65.0,610.0,73.5,160.0,55.0,580.0,74.0,640.0,50.0,45.0,35.0,30.0,36.5,23.35,20.0,15.0,ALUMINIUM,35.0,50.0,50.0,330.0,350.0,16.0,18.0,False,False,130.0,2.0,0.9,1.1,0.9,1.2,1.0,0.9,680.0,60.0,680.0,60.0,0,0,False,0,1.0,68.0,45.0,692.0,31.8,False,True,False,False,True,10,2,False,200.0,100.0,50,SPOKED,SPOKED,0,0.0,0.0,0.0,300.0,720.0,34.9,300.0,1.0
380.0,70.0,590.0,74.0,150.0,52.0,570.0,73.5,650.0,50.0,45.0,36.0,29.0,36.5,23.35,18.0,15.0,ALUMINIUM,32.0,48.0,48.0,330.0,350.0,16.0,18.0,False,False,130.0,2.0,0.9,1.1,0.9,1.2,1.0,0.9,680.0,60.0,680.0,60.0,0,0,False,0,1.0,68.0,45.0,692.0,31.8,False,True,False,False,True,11,2,False,255.0,0.0,0,SPOKED,SPOKED,0,0.0,0.0,0.0,300.0,720.0,34.9,300.0,1.0
450.0,60.0,630.0,73.0,170.0,58.0,600.0,75.0,660.0,50.0,45.0,38.0,33.0,36.5,23.35,22.0,15.0,ALUMINIUM,38.0,55.0,55.0,330.0,350.0,16.0,18.0,False,False,130.0,2.0,0.9,1.1,0.9,1.2,1.0,0.9,680.0,60.0,680.0,60.0,0,0,False,0,1.0,68.0,45.0,692.0,31.8,False,True,False,False,True,9,2,False,0.0,255.0,0,SPOKED,SPOKED,0,0.0,0.0,0.0,300.0,720.0,34.9,300.0,1.0
400.0,75.0,605.0,72.5,140.0,50.0,560.0,73.0,635.0,50.0,45.0,34.0,28.6,36.5,23.35,19.0,15.0,ALUMINIUM,30.0,47.0,47.0,330.0,350.0,16.0,18.0,False,False,130.0,2.0,0.9,1.1,0.9,1.2,1.0,0.9,680.0,60.0,680.0,60.0,0,0,False,0,1.0,68.0,45.0,692.0,31.8,False,True,False,False,True,8,2,False,0.0,0.0,255,SPOKED,SPOKED,0,0.0,0.0,0.0,300.0,720.0,34.9,300.0,1.0
435.0,68.0,595.0,73.2,155.0,57.0,585.0,74.5,645.0,50.0,45.0,37.0,30.5,36.5,23.35,21.0,15.0,ALUMINIUM,37.0,52.0,52.0,330.0,350.0,16.0,18.0,False,False,130.0,2.0,0.9,1.1,0.9,1.2,1.0,0.9,680.0,60.0,680.0,60.0,0,0,False,0,1.0,68.0,45.0,692.0,31.8,False,True,False,False,True,10,2,False,255.0,255.0,0,SPOKED,SPOKED,0,0.0,0.0,0.0,300.0,720.0,34.9,300.0,1.0
415.0,72.0,620.0,74.3,165.0,53.0,590.0,74.0,655.0,50.0,45.0,39.0,32.0,36.5,23.35,23.0,15.0,ALUMINIUM,39.0,53.0,53.0,330.0,350.0,16.0,18.0,False,False,130.0,2.0,0.9,1.1,0.9,1.2,1.0,0.9,680.0,60.0,680.0,60.0,0,0,False,0,1.0,68.0,45.0,692.0,31.8,False,True,False,False,True,9,2,False,255.0,0.0,255,SPOKED,SPOKED,0,0.0,0.0,0.0,300.0,720.0,34.9,300.0,1.0
395.0,63.0,585.0,73.8,145.0,56.0,575.0,73.8,625.0,50.0,45.0,33.0,29.5,36.5,23.35,20.0,15.0,ALUMINIUM,33.0,49.0,49.0,330.0,350.0,16.0,18.0,False,False,130.0,2.0,0.9,1.1,0.9,1.2,1.0,0.9,680.0,60.0,680.0,60.0,0,0,False,0,1.0,68.0,45.0,692.0,31.8,False,True,False,False,True,12,2,False,0.0,255.0,255,SPOKED,SPOKED,0,0.0,0.0,0.0,300.0,720.0,34.9,300.0,1.0
440.0,69.0,615.0,72.8,158.0,54.0,595.0,73.3,650.0,50.0,45.0,41.0,31.0,36.5,23.35,24.0,15.0,ALUMINIUM,40.0,54.0,54.0,330.0,350.0,16.0,18.0,False,False,130.0,2.0,0.9,1.1,0.9,1.2,1.0,0.9,680.0,60.0,680.0,60.0,0,0,False,0,1.0,68.0,45.0,692.0,31.8,False,True,False,False,True,11,2,False,128.0,0.0,128,SPOKED,SPOKED,0,0.0,0.0,0.0,300.0,720.0,34.9,300.0,1.0
405.0,66.0,600.0,73.6,152.0,51.0,565.0,73.7,630.0,50.0,45.0,32.5,28.8,36.5,23.35,18.5,15.0,ALUMINIUM,36.0,49.0,49.0,330.0,350.0,16.0,18.0,False,False,130.0,2.0,0.9,1.1,0.9,1.2,1.0,0.9,680.0,60.0,680.0,60.0,0,0,False,0,1.0,68.0,45.0,692.0,31.8,False,True,False,False,True,9,2,False,255.0,165.0,0,SPOKED,SPOKED,0,0.0,0.0,0.0,300.0,720.0,34.9,300.0,1.0
425.0,74.0,625.0,74.1,162.0,59.0,605.0,74.2,660.0,50.0,45.0,40.0,32.5,36.5,23.35,25.0,15.0,ALUMINIUM,37.0,56.0,56.0,330.0,350.0,16.0,18.0,False,False,130.0,2.0,0.9,1.1,0.9,1.2,1.0,0.9,680.0,60.0,680.0,60.0,0,0,False,0,1.0,68.0,45.0,692.0,31.8,False,True,False,False,True,10,2,False,0.0,128.0,0,SPOKED,SPOKED,0,0.0,0.0,0.0,300.0,720.0,34.9,300.0,1.0
380.0,75.0,600.0,73.0,120.0,40.0,550.0,73.0,640.0,50.0,45.0,30.0,36.5,30.0,26.0,14.0,15,ALUMINIUM,30.0,40.0,50.0,330.0,350.0,16.0,18,False,False,130.0,2.0,0.9,1.1,0.9,1.2,1.0,0.9,680.0,52.0,680.0,52.0,0,0,False,0,1.0,68.0,45.0,692.0,31.8,True,False,False,False,True,9,2,False,0.0,128.0,255,SPOKED,SPOKED,1,1.0,80.0,80.0,280.0,750.0,34.9,320.0,1.0
390.0,80.0,620.0,72.0,140.0,45.0,565.0,72.5,650.0,48.0,50.0,32.0,36.5,32.0,28.0,13.0,15,ALUMINIUM,32.0,42.0,55.0,330.0,350.0,16.0,18,False,False,130.0,2.0,0.9,1.1,0.9,1.2,1.0,0.9,685.0,50.0,685.0,50.0,0,1,False,0,1.0,68.0,45.0,692.0,31.8,True,True,False,False,True,10,2,False,255.0,0.0,0,SPOKED,SPOKED,1,1.0,80.0,80.0,290.0,760.0,34.9,330.0,1.0
400.0,78.0,640.0,71.5,150.0,38.0,580.0,71.0,660.0,52.0,45.0,28.0,36.5,28.0,24.0,14.0,15,ALUMINIUM,34.0,45.0,52.0,330.0,350.0,16.0,18,False,False,130.0,2.0,0.9,1.1,0.9,1.2,1.0,0.9,690.0,52.0,690.0,52.0,0,2,False,0,1.0,68.0,45.0,692.0,31.8,True,False,False,False,True,9,2,False,0.0,200.0,100,SPOKED,SPOKED,1,1.0,80.0,80.0,300.0,780.0,34.9,310.0,1.0
410.0,77.0,610.0,73.5,180.0,50.0,600.0,74.0,655.0,49.0,50.0,33.0,36.5,35.0,30.0,15.0,15,ALUMINIUM,35.0,48.0,60.0,330.0,350.0,16.0,18,False,False,130.0,2.0,0.9,1.1,0.9,1.2,1.0,0.9,680.0,60.0,680.0,60.0,0,0,False,0,1.0,68.0,45.0,692.0,31.8,True,False,False,False,True,8,2,False,128.0,128.0,128,SPOKED,SPOKED,1,1.0,80.0,80.0,285.0,720.0,34.9,300.0,1.0
420.0,82.0,630.0,72.5,160.0,42.0,590.0,73.5,645.0,47.0,55.0,29.0,36.5,29.0,27.0,14.0,15,ALUMINIUM,28.0,40.0,45.0,330.0,350.0,16.0,18,False,False,130.0,2.0,0.9,1.1,0.9,1.2,1.0,0.9,695.0,55.0,695.0,55.0,0,1,False,0,1.0,68.0,45.0,692.0,31.8,True,False,False,False,True,11,2,False,255.0,255.0,0,SPOKED,SPOKED,1,1.0,80.0,80.0,290.0,740.0,34.9,320.0,1.0
430.0,76.0,605.0,72.0,130.0,47.0,575.0,72.0,635.0,51.0,42.0,31.0,36.5,31.0,29.0,13.0,15,ALUMINIUM,29.0,37.0,48.0,330.0,350.0,16.0,18,False,False,130.0,2.0,0.9,1.1,0.9,1.2,1.0,0.9,682.0,52.0,682.0,52.0,0,2,False,0,1.0,68.0,45.0,692.0,31.8,True,False,False,False,True,9,2,False,0.0,0.0,0,SPOKED,SPOKED,1,1.0,80.0,80.0,278.0,730.0,34.9,315.0,1.0
440.0,79.0,650.0,71.0,200.0,44.0,610.0,71.5,670.0,50.0,48.0,34.0,36.5,34.0,32.0,15.0,15,ALUMINIUM,36.0,46.0,58.0,330.0,350.0,16.0,18,False,False,130.0,2.0,0.9,1.1,0.9,1.2,1.0,0.9,700.0,58.0,700.0,58.0,0,1,False,0,1.0,68.0,45.0,692.0,31.8,True,False,False,False,True,10,2,False,200.0,0.0,200,SPOKED,SPOKED,1,1.0,80.0,80.0,295.0,800.0,34.9,330.0,1.0
385.0,74.0,590.0,74.0,110.0,35.0,525.0,74.0,630.0,49.0,47.0,29.0,36.5,27.0,25.0,13.0,15,ALUMINIUM,31.0,38.0,42.0,330.0,350.0,16.0,18,False,False,130.0,2.0,0.9,1.1,0.9,1.2,1.0,0.9,675.0,53.0,675.0,53.0,0,0,False,0,1.0,68.0,45.0,692.0,31.8,True,False,False,False,True,9,2,False,0.0,255.0,255,SPOKED,SPOKED,1,1.0,80.0,80.0,275.0,710.0,34.9,305.0,1.0
395.0,81.0,625.0,73.0,170.0,43.0,595.0,72.0,660.0,51.0,43.0,30.0,36.5,30.0,28.0,14.0,15,ALUMINIUM,33.0,44.0,53.0,330.0,350.0,16.0,18,False,False,130.0,2.0,0.9,1.1,0.9,1.2,1.0,0.9,688.0,54.0,688.0,54.0,0,1,False,0,1.0,68.0,45.0,692.0,31.8,True,False,False,False,True,10,2,False,255.0,165.0,0,SPOKED,SPOKED,1,1.0,80.0,80.0,288.0,770.0,34.9,325.0,1.0
405.0,82.0,615.0,72.2,155.0,39.0,565.0,73.8,650.0,48.0,46.0,32.0,36.5,32.0,29.0,14.0,15,ALUMINIUM,32.0,41.0,47.0,330.0,350.0,16.0,18,False,False,130.0,2.0,0.9,1.1,0.9,1.2,1.0,0.9,692.0,56.0,692.0,56.0,0,2,False,0,1.0,68.0,45.0,692.0,31.8,True,False,False,False,True,10,2,False,123.0,104.0,238,SPOKED,SPOKED,1,1.0,80.0,80.0,282.0,760.0,34.9,318.0,1.0
420.0,68.0,600.0,72.5,150.0,45.0,540.0,73.0,650.0,45.0,40.0,28.6,36.5,23.35,14.0,13.0,15.0,ALUMINIUM,30.0,30.0,45.0,330.0,350.0,16.0,18.0,False,False,130.0,2.0,0.9,1.1,0.9,1.2,1.0,0.9,680.0,40.0,680.0,40.0,0,0,False,0,1.0,68.0,45.0,0.0,31.8,False,True,False,False,True,11,2,False,128.0,128.0,128,DISC,SPOKED,0,0.0,80.0,80.0,280.0,720.0,34.9,350.0,1.0
425.0,72.0,610.0,73.0,160.0,48.0,545.0,73.5,655.0,50.0,42.0,28.6,36.5,23.35,14.0,13.0,15.0,ALUMINIUM,31.0,32.0,48.0,330.0,350.0,16.0,18.0,False,False,132.0,2.0,0.9,1.1,0.9,1.2,1.0,0.9,680.0,40.0,680.0,40.0,0,0,False,0,1.0,68.0,45.0,0.0,31.8,False,True,False,False,True,11,2,False,100.0,100.0,100,DISC,SPOKED,0,0.0,80.0,80.0,280.0,720.0,34.9,350.0,1.0
430.0,70.0,620.0,73.5,170.0,46.0,550.0,74.0,660.0,55.0,40.0,28.6,36.5,23.35,14.0,13.0,15.0,ALUMINIUM,32.0,34.0,50.0,330.0,350.0,16.0,18.0,False,False,135.0,2.0,0.9,1.1,0.9,1.2,1.0,0.9,680.0,40.0,680.0,40.0,0,0,False,0,1.0,68.0,45.0,0.0,31.8,False,True,False,False,True,11,2,False,200.0,200.0,200,DISC,SPOKED,0,0.0,80.0,80.0,280.0,720.0,34.9,350.0,1.0
415.0,69.0,605.0,74.0,180.0,47.0,555.0,72.5,652.0,50.0,42.0,28.6,36.5,23.35,14.0,13.0,15.0,ALUMINIUM,33.0,35.0,46.0,330.0,350.0,16.0,18.0,False,False,131.0,2.0,0.9,1.1,0.9,1.2,1.0,0.9,680.0,40.0,680.0,40.0,0,0,False,0,1.0,68.0,45.0,0.0,31.8,False,True,False,False,True,11,2,False,192.0,192.0,192,DISC,SPOKED,0,0.0,80.0,80.0,280.0,720.0,34.9,350.0,1.0
435.0,71.0,615.0,72.0,155.0,44.0,540.0,74.0,658.0,48.0,40.0,28.6,36.5,23.35,14.0,13.0,15.0,ALUMINIUM,34.0,30.0,49.0,330.0,350.0,16.0,18.0,False,False,134.0,2.0,0.9,1.1,0.9,1.2,1.0,0.9,680.0,40.0,680.0,40.0,0,0,False,0,1.0,68.0,45.0,0.0,31.8,False,True,False,False,True,11,2,False,0.0,0.0,0,DISC,SPOKED,0,0.0,80.0,80.0,280.0,720.0,34.9,350.0,1.0
422.0,70.0,600.0,72.8,165.0,49.0,560.0,73.8,645.0,52.0,42.0,28.6,36.5,23.35,14.0,13.0,15.0,ALUMINIUM,35.0,38.0,47.0,330.0,350.0,16.0,18.0,False,False,130.0,2.0,0.9,1.1,0.9,1.2,1.0,0.9,680.0,40.0,680.0,40.0,0,0,False,0,1.0,68.0,45.0,0.0,31.8,False,True,False,False,True,11,2,False,0.0,0.0,128,DISC,SPOKED,0,0.0,80.0,80.0,280.0,720.0,34.9,350.0,1.0
428.0,72.0,610.0,73.2,175.0,46.0,550.0,73.2,662.0,50.0,40.0,28.6,36.5,23.35,14.0,13.0,15.0,ALUMINIUM,30.0,36.0,49.0,330.0,350.0,16.0,18.0,False,False,133.0,2.0,0.9,1.1,0.9,1.2,1.0,0.9,680.0,40.0,680.0,40.0,0,0,False,0,1.0,68.0,45.0,0.0,31.8,False,True,False,False,True,11,2,False,0.0,0.0,255,DISC,SPOKED,0,0.0,80.0,80.0,280.0,720.0,34.9,350.0,1.0
418.0,69.0,620.0,73.7,185.0,50.0,545.0,74.5,648.0,47.0,42.0,28.6,36.5,23.35,14.0,13.0,15.0,ALUMINIUM,32.0,34.0,48.0,330.0,350.0,16.0,18.0,False,False,132.0,2.0,0.9,1.1,0.9,1.2,1.0,0.9,680.0,40.0,680.0,40.0,0,0,False,0,1.0,68.0,45.0,0.0,31.8,False,True,False,False,True,11,2,False,0.0,0.0,128,DISC,SPOKED,0,0.0,80.0,80.0,280.0,720.0,34.9,350.0,1.0
432.0,68.0,605.0,74.0,145.0,45.0,558.0,73.0,655.0,53.0,40.0,28.6,36.5,23.35,14.0,13.0,15.0,ALUMINIUM,31.0,33.0,45.0,330.0,350.0,16.0,18.0,False,False,130.0,2.0,0.9,1.1,0.9,1.2,1.0,0.9,680.0,40.0,680.0,40.0,0,0,False,0,1.0,68.0,45.0,0.0,31.8,False,True,False,False,True,11,2,False,0.0,0.0,0,DISC,SPOKED,0,0.0,80.0,80.0,280.0,720.0,34.9,350.0,1.0
440.0,71.0,615.0,72.0,155.0,44.0,552.0,72.5,660.0,49.0,42.0,28.6,36.5,23.35,14.0,13.0,15.0,ALUMINIUM,34.0,31.0,47.0,330.0,350.0,16.0,18.0,False,False,135.0,2.0,0.9,1.1,0.9,1.2,1.0,0.9,680.0,40.0,680.0,40.0,0,0,False,0,1.0,68.0,45.0,0.0,31.8,False,True,False,False,True,11,2,False,128.0,128.0,0,DISC,SPOKED,0,0.0,80.0,80.0,280.0,720.0,34.9,350.0,1.0
400.0,70.0,595.0,72.5,135.0,45.0,525.0,73.0,650.0,45.0,40.0,28.6,36.5,23.35,13.0,15.0,12.0,ALUMINIUM,30.0,45.0,20.0,330.0,350.0,16.0,18.0,False,False,130.0,2.0,0.9,1.1,0.9,1.2,1.0,0.9,670.0,52.0,670.0,52.0,0,0,False,0,3.0,68.0,45.0,0.0,31.8,True,True,False,False,True,11,2,False,200.0,0.0,50,SPOKED,SPOKED,0,0.0,80.0,80.0,280.0,760.0,34.9,300.0,1.0
405.0,70.0,600.0,73.0,140.0,45.0,530.0,74.0,655.0,45.0,40.0,28.6,36.5,23.35,13.0,15.0,12.0,ALUMINIUM,35.0,50.0,25.0,330.0,350.0,16.0,18.0,False,False,130.0,2.0,0.9,1.1,0.9,1.2,1.0,0.9,675.0,50.0,675.0,50.0,0,1,False,0,3.0,68.0,45.0,0.0,31.8,True,True,False,False,True,11,2,False,255.0,50.0,0,SPOKED,SPOKED,0,0.0,80.0,80.0,285.0,765.0,34.9,300.0,1.0
410.0,70.0,605.0,73.5,145.0,45.0,535.0,75.0,660.0,45.0,40.0,28.6,36.5,23.35,13.0,15.0,12.0,ALUMINIUM,40.0,55.0,30.0,330.0,350.0,16.0,18.0,False,False,130.0,2.0,0.9,1.1,0.9,1.2,1.0,0.9,680.0,54.0,680.0,54.0,0,0,False,0,3.0,68.0,45.0,0.0,31.8,True,True,False,False,True,11,2,False,0.0,100.0,200,SPOKED,SPOKED,0,0.0,80.0,80.0,290.0,770.0,34.9,300.0,1.0
415.0,70.0,590.0,72.5,150.0,45.0,540.0,73.0,645.0,45.0,40.0,28.6,36.5,23.35,13.0,15.0,12.0,ALUMINIUM,30.0,45.0,20.0,330.0,350.0,16.0,18.0,False,False,130.0,2.0,0.9,1.1,0.9,1.2,1.0,0.9,665.0,52.0,665.0,52.0,0,1,False,0,3.0,68.0,45.0,0.0,31.8,True,True,False,False,True,11,2,False,0.0,150.0,75,SPOKED,SPOKED,0,0.0,80.0,80.0,275.0,755.0,34.9,300.0,1.0
420.0,70.0,610.0,73.0,155.0,45.0,545.0,74.0,665.0,45.0,40.0,28.6,36.5,23.35,13.0,15.0,12.0,ALUMINIUM,35.0,50.0,25.0,330.0,350.0,16.0,18.0,False,False,130.0,2.0,0.9,1.1,0.9,1.2,1.0,0.9,685.0,50.0,685.0,50.0,0,0,False,0,3.0,68.0,45.0,0.0,31.8,True,True,False,False,True,11,2,False,75.0,0.0,150,SPOKED,SPOKED,0,0.0,80.0,80.0,295.0,775.0,34.9,300.0,1.0
425.0,70.0,585.0,73.5,160.0,45.0,550.0,75.0,640.0,45.0,40.0,28.6,36.5,23.35,13.0,15.0,12.0,ALUMINIUM,40.0,55.0,30.0,330.0,350.0,16.0,18.0,False,False,130.0,2.0,0.9,1.1,0.9,1.2,1.0,0.9,660.0,54.0,660.0,54.0,0,1,False,0,3.0,68.0,45.0,0.0,31.8,True,True,False,False,True,11,2,False,150.0,150.0,0,SPOKED,SPOKED,0,0.0,80.0,80.0,270.0,750.0,34.9,300.0,1.0
430.0,70.0,615.0,72.5,165.0,45.0,555.0,73.0,670.0,45.0,40.0,28.6,36.5,23.35,13.0,15.0,12.0,ALUMINIUM,30.0,45.0,20.0,330.0,350.0,16.0,18.0,False,False,130.0,2.0,0.9,1.1,0.9,1.2,1.0,0.9,690.0,52.0,690.0,52.0,0,0,False,0,3.0,68.0,45.0,0.0,31.8,True,True,False,False,True,11,2,False,255.0,100.0,50,SPOKED,SPOKED,0,0.0,80.0,80.0,300.0,780.0,34.9,300.0,1.0
435.0,70.0,580.0,73.0,170.0,45.0,560.0,74.0,635.0,45.0,40.0,28.6,36.5,23.35,13.0,15.0,12.0,ALUMINIUM,35.0,50.0,25.0,330.0,350.0,16.0,18.0,False,False,130.0,2.0,0.9,1.1,0.9,1.2,1.0,0.9,655.0,50.0,655.0,50.0,0,1,False,0,3.0,68.0,45.0,0.0,31.8,True,True,False,False,True,11,2,False,100.0,255.0,0,SPOKED,SPOKED,0,0.0,80.0,80.0,265.0,745.0,34.9,300.0,1.0
440.0,70.0,620.0,73.5,175.0,45.0,565.0,75.0,675.0,45.0,40.0,28.6,36.5,23.35,13.0,15.0,12.0,ALUMINIUM,40.0,55.0,30.0,330.0,350.0,16.0,18.0,False,False,130.0,2.0,0.9,1.1,0.9,1.2,1.0,0.9,695.0,54.0,695.0,54.0,0,0,False,0,3.0,68.0,45.0,0.0,31.8,True,True,False,False,True,11,2,False,50.0,0.0,255,SPOKED,SPOKED,0,0.0,80.0,80.0,305.0,785.0,34.9,300.0,1.0
445.0,70.0,575.0,72.5,180.0,45.0,570.0,73.0,630.0,45.0,40.0,28.6,36.5,23.35,13.0,15.0,12.0,ALUMINIUM,30.0,45.0,20.0,330.0,350.0,16.0,18.0,False,False,130.0,2.0,0.9,1.1,0.9,1.2,1.0,0.9,650.0,52.0,650.0,52.0,0,1,False,0,3.0,68.0,45.0,0.0,31.8,True,True,False,False,True,11,2,False,255.0,0.0,200,SPOKED,SPOKED,0,0.0,80.0,80.0,260.0,740.0,34.9,300.0,1.0
405.0,70.0,600.0,73.0,200.0,50.0,580.0,74.0,660.0,50.0,40.0,28.6,35.0,36.5,23.35,13.0,15,ALUMINIUM,35.0,40.0,50.0,330.0,350.0,16.0,18,False,False,130.0,2.0,1.0,1.0,1.0,1.0,1.0,1.0,680.0,52.0,680.0,52.0,0,0,False,0,1.0,68.0,45.0,0.0,31.8,False,False,False,False,True,11,2,False,200.0,50.0,50,SPOKED,SPOKED,0,0.0,0.0,0.0,280.0,760.0,35.0,300.0,1.0
410.0,75.0,610.0,72.5,180.0,55.0,600.0,73.5,670.0,45.0,42.0,29.5,34.9,36.5,25.0,13.0,16,ALUMINIUM,32.0,45.0,48.0,335.0,355.0,16.0,18,False,False,130.0,2.0,1.1,1.2,1.0,1.0,1.0,1.0,700.0,50.0,700.0,50.0,0,1,False,0,1.0,70.0,44.0,0.0,31.8,False,False,False,False,True,12,2,False,0.0,150.0,200,SPOKED,SPOKED,0,0.0,0.0,0.0,285.0,750.0,34.5,280.0,1.0
395.0,65.0,590.0,73.8,220.0,48.0,570.0,74.2,650.0,55.0,40.0,28.6,34.0,36.5,24.0,12.0,14,ALUMINIUM,38.0,50.0,52.0,330.0,350.0,16.0,18,False,False,130.0,2.0,1.0,1.0,1.0,1.0,1.0,1.0,680.0,48.0,680.0,48.0,0,2,False,0,1.0,68.0,45.0,0.0,31.8,False,False,False,False,True,11,1,False,100.0,200.0,50,SPOKED,SPOKED,0,0.0,0.0,0.0,280.0,765.0,35.0,310.0,1.0
420.0,72.0,615.0,72.2,190.0,52.0,600.0,73.0,675.0,48.0,43.0,28.6,34.9,36.5,23.35,13.0,15,ALUMINIUM,34.0,42.0,47.0,332.0,352.0,16.0,18,False,False,130.0,2.0,0.9,1.0,1.0,1.0,1.0,1.0,690.0,50.0,690.0,50.0,0,1,False,0,1.0,68.0,45.0,0.0,31.8,False,False,False,False,True,12,2,False,150.0,0.0,150,SPOKED,SPOKED,0,0.0,0.0,0.0,275.0,755.0,34.9,295.0,1.0
390.0,68.0,580.0,74.5,210.0,50.0,580.0,75.0,660.0,50.0,40.0,28.0,34.9,36.5,25.0,13.0,15,ALUMINIUM,36.0,38.0,45.0,334.0,354.0,16.0,18,False,False,130.0,2.0,1.0,1.0,1.0,1.0,1.0,1.0,680.0,52.0,680.0,52.0,0,0,False,0,1.0,68.0,45.0,0.0,31.8,False,False,False,False,True,11,2,False,255.0,100.0,0,SPOKED,SPOKED,0,0.0,0.0,0.0,278.0,760.0,34.9,300.0,1.0
430.0,78.0,620.0,73.0,205.0,54.0,620.0,73.8,680.0,52.0,44.0,28.6,35.0,36.5,23.35,13.0,15,ALUMINIUM,33.0,47.0,49.0,331.0,351.0,16.0,18,False,False,130.0,2.0,1.0,1.0,1.0,1.0,1.0,1.0,710.0,50.0,710.0,50.0,0,1,False,0,1.0,68.0,45.0,0.0,31.8,False,False,False,False,True,12,2,False,0.0,128.0,255,SPOKED,SPOKED,0,0.0,0.0,0.0,280.0,770.0,34.9,302.0,1.0
415.0,74.0,605.0,72.0,175.0,49.0,590.0,74.5,665.0,49.0,41.0,28.6,34.2,36.5,24.5,13.0,15,ALUMINIUM,37.0,44.0,46.0,333.0,353.0,16.0,18,False,False,130.0,2.0,1.0,1.0,1.0,1.0,1.0,1.0,695.0,52.0,695.0,52.0,0,2,False,0,1.0,68.0,45.0,0.0,31.8,False,False,False,False,True,11,2,False,50.0,50.0,200,SPOKED,SPOKED,0,0.0,0.0,0.0,279.0,758.0,34.9,298.0,1.0
400.0,73.0,595.0,74.0,165.0,51.0,575.0,73.2,655.0,50.0,42.0,28.6,34.8,36.5,23.35,13.0,15,ALUMINIUM,32.0,43.0,51.0,330.0,350.0,16.0,18,False,False,130.0,2.0,1.0,1.0,1.0,1.0,1.0,1.0,685.0,51.0,685.0,51.0,0,0,False,0,1.0,68.0,45.0,0.0,31.8,False,False,False,False,True,12,2,False,200.0,200.0,0,SPOKED,SPOKED,0,0.0,0.0,0.0,276.0,753.0,34.9,290.0,1.0
420.0,70.0,605.0,73.5,195.0,53.0,600.0,74.0,668.0,47.0,43.0,28.6,34.5,36.5,26.0,13.0,16,ALUMINIUM,35.0,46.0,48.0,332.0,354.0,16.0,18,False,False,130.0,2.0,1.0,1.0,1.0,1.0,1.0,1.0,692.0,50.0,692.0,50.0,0,1,False,0,1.0,68.0,45.0,0.0,31.8,False,False,False,False,True,11,2,False,128.0,0.0,128,SPOKED,SPOKED,0,0.0,0.0,0.0,282.0,765.0,34.9,305.0,1.0
390.0,68.0,588.0,74.2,175.0,47.0,575.0,73.4,658.0,53.0,40.0,28.6,34.4,36.5,25.0,13.0,15,ALUMINIUM,31.0,41.0,44.0,331.0,351.0,16.0,18,False,False,130.0,2.0,1.0,1.0,1.0,1.0,1.0,1.0,680.0,52.0,680.0,52.0,0,2,False,0,1.0,68.0,45.0,0.0,31.8,False,False,False,False,True,12,2,False,0.0,0.0,0,SPOKED,SPOKED,0,0.0,0.0,0.0,277.0,748.0,34.9,288.0,1.0
405.0,68.0,600.0,73.0,120.0,50.0,550.0,73.0,650.0,45.0,40.0,28.6,36.5,23.35,13.0,15.0,9.0,ALUMINIUM,30.0,40.0,45.0,330.0,350.0,16.0,18.0,False,False,130.0,2.0,0.9,1.1,0.9,1.2,1.0,0.9,674.0,52.0,674.0,52.0,0,0,False,0,1.0,68.0,45.0,692.0,31.8,False,True,False,False,True,11,2,False,255.0,0.0,0,SPOKED,SPOKED,0,0.0,0.0,0.0,260.0,750.0,34.9,300.0,1.0
410.0,70.0,610.0,72.5,130.0,55.0,560.0,72.0,655.0,42.0,40.0,28.6,36.5,23.35,13.0,15.0,9.0,ALUMINIUM,32.0,42.0,47.0,330.0,350.0,16.0,18.0,False,False,130.0,2.0,0.9,1.1,0.9,1.2,1.0,0.9,674.0,52.0,674.0,52.0,0,1,False,0,1.0,68.0,45.0,692.0,31.8,False,True,False,False,True,11,2,False,0.0,255.0,0,SPOKED,SPOKED,0,0.0,0.0,0.0,270.0,760.0,34.9,300.0,1.0
415.0,72.0,620.0,74.0,140.0,60.0,570.0,74.0,660.0,47.0,40.0,28.6,36.5,23.35,13.0,15.0,9.0,ALUMINIUM,34.0,44.0,49.0,330.0,350.0,16.0,18.0,False,False,130.0,2.0,0.9,1.1,0.9,1.2,1.0,0.9,674.0,52.0,674.0,52.0,0,2,False,0,1.0,68.0,45.0,692.0,31.8,False,True,False,False,True,11,2,False,0.0,0.0,255,SPOKED,SPOKED,0,0.0,0.0,0.0,280.0,770.0,34.9,300.0,1.0
420.0,68.0,630.0,73.5,150.0,65.0,580.0,75.0,665.0,50.0,40.0,28.6,36.5,23.35,13.0,15.0,9.0,ALUMINIUM,36.0,46.0,51.0,330.0,350.0,16.0,18.0,False,False,130.0,2.0,0.9,1.1,0.9,1.2,1.0,0.9,674.0,52.0,674.0,52.0,0,0,False,0,1.0,68.0,45.0,692.0,31.8,False,True,False,False,True,11,2,False,255.0,255.0,0,SPOKED,SPOKED,0,0.0,0.0,0.0,290.0,780.0,34.9,300.0,1.0
425.0,75.0,640.0,72.0,160.0,70.0,590.0,71.0,670.0,44.0,40.0,28.6,36.5,23.35,13.0,15.0,9.0,ALUMINIUM,38.0,48.0,53.0,330.0,350.0,16.0,18.0,False,False,130.0,2.0,0.9,1.1,0.9,1.2,1.0,0.9,674.0,52.0,674.0,52.0,0,1,False,0,1.0,68.0,45.0,692.0,31.8,False,True,False,False,True,11,2,False,255.0,0.0,255,SPOKED,SPOKED,0,0.0,0.0,0.0,300.0,790.0,34.9,300.0,1.0
430.0,70.0,650.0,74.0,170.0,40.0,600.0,72.5,675.0,46.0,40.0,28.6,36.5,23.35,13.0,15.0,9.0,ALUMINIUM,40.0,50.0,55.0,330.0,350.0,16.0,18.0,False,False,130.0,2.0,0.9,1.1,0.9,1.2,1.0,0.9,674.0,52.0,674.0,52.0,0,2,False,0,1.0,68.0,45.0,692.0,31.8,False,True,False,False,True,11,2,False,0.0,255.0,255,SPOKED,SPOKED,0,0.0,0.0,0.0,310.0,800.0,34.9,300.0,1.0
435.0,65.0,580.0,71.0,180.0,35.0,610.0,73.5,680.0,48.0,40.0,28.6,36.5,23.35,13.0,15.0,9.0,ALUMINIUM,42.0,52.0,57.0,330.0,350.0,16.0,18.0,False,False,130.0,2.0,0.9,1.1,0.9,1.2,1.0,0.9,674.0,52.0,674.0,52.0,0,0,False,0,1.0,68.0,45.0,692.0,31.8,False,True,False,False,True,11,2,False,128.0,0.0,128,SPOKED,SPOKED,0,0.0,0.0,0.0,320.0,810.0,34.9,300.0,1.0
440.0,68.0,590.0,74.0,190.0,30.0,620.0,74.5,685.0,49.0,40.0,28.6,36.5,23.35,13.0,15.0,9.0,ALUMINIUM,44.0,54.0,59.0,330.0,350.0,16.0,18.0,False,False,130.0,2.0,0.9,1.1,0.9,1.2,1.0,0.9,674.0,52.0,674.0,52.0,0,1,False,0,1.0,68.0,45.0,692.0,31.8,False,True,False,False,True,11,2,False,0.0,128.0,128,SPOKED,SPOKED,0,0.0,0.0,0.0,330.0,820.0,34.9,300.0,1.0
445.0,72.5,605.0,74.5,200.0,25.0,630.0,75.0,690.0,43.0,40.0,28.6,36.5,23.35,13.0,15.0,9.0,ALUMINIUM,46.0,56.0,61.0,330.0,350.0,16.0,18.0,False,False,130.0,2.0,0.9,1.1,0.9,1.2,1.0,0.9,674.0,52.0,674.0,52.0,0,2,False,0,1.0,68.0,45.0,692.0,31.8,False,True,False,False,True,11,2,False,128.0,128.0,0,SPOKED,SPOKED,0,0.0,0.0,0.0,340.0,740.0,34.9,300.0,1.0
450.0,68.0,615.0,72.0,210.0,20.0,640.0,71.5,695.0,41.0,40.0,28.6,36.5,23.35,13.0,15.0,9.0,ALUMINIUM,48.0,58.0,63.0,330.0,350.0,16.0,18.0,False,False,130.0,2.0,0.9,1.1,0.9,1.2,1.0,0.9,674.0,52.0,674.0,52.0,0,0,False,0,1.0,68.0,45.0,692.0,31.8,False,True,False,False,True,11,2,False,64.0,64.0,64,SPOKED,SPOKED,0,0.0,0.0,0.0,350.0,830.0,34.9,300.0,1.0
430.0,70.0,600.0,73.5,150.0,45.0,550.0,73.0,650.0,50.0,45.0,28.6,36.5,23.35,23.35,13.0,15.0,ALUMINIUM,30.0,60.0,40.0,330.0,350.0,16.0,18.0,False,False,130.0,2.5,1.2,1.2,1.2,1.0,1.0,1.2,680.0,78.0,680.0,78.0,0,0,False,0,3.0,68.0,44.0,120.0,34.9,False,False,False,False,True,11,2,False,0.0,0.0,0,SPOKED,SPOKED,0,0.0,0.0,0.0,275.0,750.0,34.9,300.0,0.0
435.0,72.0,610.0,73.0,160.0,50.0,560.0,73.5,655.0,52.0,45.0,28.6,36.5,23.35,23.35,13.0,15.0,ALUMINIUM,32.0,62.0,38.0,330.0,350.0,16.0,18.0,False,False,130.0,2.5,1.1,1.3,1.1,1.1,1.1,1.1,680.0,78.0,680.0,78.0,0,0,False,0,3.0,68.0,44.0,120.0,34.9,False,False,False,False,True,11,2,False,255.0,0.0,0,SPOKED,SPOKED,0,0.0,0.0,0.0,275.0,755.0,34.9,300.0,0.0
425.0,68.0,590.0,74.0,140.0,40.0,540.0,74.0,645.0,48.0,40.0,28.6,36.5,23.35,23.35,13.0,15.0,ALUMINIUM,28.0,58.0,42.0,330.0,350.0,16.0,18.0,False,False,130.0,2.3,1.0,1.2,1.0,1.0,0.9,1.0,680.0,78.0,680.0,78.0,0,0,False,0,3.0,68.0,44.0,120.0,34.9,False,False,False,False,True,11,2,False,0.0,0.0,255,SPOKED,SPOKED,0,0.0,0.0,0.0,280.0,740.0,34.9,300.0,0.0
440.0,70.0,605.0,73.5,155.0,45.0,555.0,73.0,660.0,50.0,45.0,28.6,36.5,23.35,23.35,13.0,15.0,ALUMINIUM,30.0,60.0,40.0,335.0,345.0,14.0,16.0,True,True,130.0,2.5,1.2,1.2,1.2,1.0,1.0,1.2,680.0,78.0,680.0,78.0,0,0,False,0,3.0,68.0,44.0,120.0,34.9,False,False,False,False,True,11,2,False,100.0,100.0,100,SPOKED,SPOKED,0,0.0,0.0,0.0,270.0,755.0,34.9,300.0,0.0
450.0,75.0,615.0,72.5,165.0,48.0,565.0,72.5,665.0,55.0,45.0,28.6,36.5,23.35,23.35,13.0,15.0,ALUMINIUM,34.0,64.0,36.0,330.0,350.0,16.0,18.0,False,False,130.0,2.5,1.2,1.2,1.2,1.0,1.0,1.2,680.0,78.0,680.0,78.0,0,0,False,0,3.0,68.0,44.0,120.0,34.9,False,True,False,False,True,11,2,False,200.0,200.0,0,SPOKED,SPOKED,0,0.0,0.0,0.0,265.0,760.0,34.9,300.0,0.0
420.0,68.0,595.0,74.0,145.0,42.0,545.0,74.0,640.0,49.0,43.0,28.6,36.5,23.35,23.35,13.0,15.0,ALUMINIUM,29.0,59.0,39.0,330.0,350.0,16.0,18.0,False,False,130.0,2.5,1.2,1.2,1.2,1.0,1.0,1.2,680.0,78.0,680.0,78.0,0,0,False,0,3.0,68.0,44.0,120.0,34.9,False,False,False,False,False,1,1,False,0.0,0.0,0,SPOKED,SPOKED,0,0.0,0.0,0.0,260.0,735.0,34.9,300.0,0.0
460.0,70.0,620.0,73.0,170.0,50.0,570.0,73.5,670.0,52.0,45.0,28.6,36.5,23.35,23.35,13.0,15.0,ALUMINIUM,35.0,65.0,35.0,330.0,350.0,16.0,18.0,False,False,130.0,2.5,1.2,1.2,1.2,1.0,1.0,1.2,680.0,78.0,680.0,78.0,0,0,True,2,3.0,68.0,44.0,120.0,34.9,False,False,False,False,True,11,2,True,255.0,0.0,0,SPOKED,SPOKED,0,0.0,0.0,0.0,280.0,765.0,34.9,300.0,0.0
430.0,72.0,610.0,72.0,150.0,45.0,550.0,74.0,655.0,50.0,45.0,28.6,36.5,23.35,23.35,13.0,15.0,ALUMINIUM,30.0,60.0,40.0,330.0,350.0,16.0,18.0,False,False,130.0,2.5,1.2,1.2,1.2,1.0,1.0,1.2,680.0,78.0,680.0,78.0,0,0,False,0,3.0,68.0,44.0,120.0,34.9,False,False,True,True,True,11,2,False,0.0,0.0,255,SPOKED,SPOKED,0,0.0,0.0,0.0,276.0,750.0,34.9,300.0,0.0
440.0,69.0,605.0,73.0,158.0,46.0,556.0,73.0,652.0,51.0,45.0,28.6,36.5,23.35,23.35,13.0,15.0,ALUMINIUM,32.0,62.0,38.0,330.0,350.0,16.0,18.0,False,False,130.0,2.5,1.2,1.2,1.2,1.0,1.0,1.2,680.0,78.0,680.0,78.0,0,0,False,0,3.0,68.0,44.0,120.0,34.9,False,False,False,False,True,11,2,False,0.0,0.0,255,SPOKED,SPOKED,0,0.0,0.0,0.0,285.0,755.0,34.9,300.0,0.0
445.0,71.0,615.0,73.5,162.0,47.0,562.0,73.5,665.0,53.0,45.0,28.6,36.5,23.35,23.35,13.0,15.0,ALUMINIUM,33.0,63.0,37.0,330.0,350.0,16.0,18.0,False,False,130.0,2.5,1.2,1.2,1.2,1.0,1.0,1.2,680.0,78.0,680.0,78.0,0,0,False,0,3.0,68.0,44.0,120.0,34.9,False,False,False,False,True,11,2,False,0.0,255.0,0,SPOKED,SPOKED,0,0.0,0.0,0.0,278.0,760.0,34.9,300.0,0.0
395.0,70.0,600.0,72.5,160.0,40.0,560.0,74.0,660.0,50.0,40.0,28.6,36.5,23.35,30.0,13.0,15.0,ALUMINIUM,30.0,45.0,45.0,330.0,350.0,16.0,18.0,False,False,130.0,2.0,0.9,1.1,0.9,1.2,1.0,0.9,674.0,52.0,674.0,52.0,0,1,False,0,1.0,68.0,45.0,0.0,31.8,False,True,False,False,True,10,2,False,128.0,128.0,128,DISC,SPOKED,0,0.0,0.0,0.0,280.0,740.0,35.0,300.0,1.0
400.0,72.0,610.0,73.0,170.0,45.0,570.0,73.5,665.0,55.0,40.0,28.6,36.5,23.35,30.0,13.0,15.0,ALUMINIUM,32.0,47.0,45.0,330.0,350.0,16.0,18.0,False,False,130.0,2.0,0.9,1.1,0.9,1.2,1.0,0.9,674.0,52.0,674.0,52.0,0,2,False,0,1.0,68.0,45.0,0.0,31.8,False,True,False,False,True,10,2,False,128.0,128.0,128,DISC,SPOKED,0,0.0,0.0,0.0,280.0,740.0,35.0,300.0,1.0
410.0,68.0,620.0,72.0,150.0,35.0,580.0,74.5,650.0,48.0,40.0,28.6,36.5,23.35,30.0,13.0,15.0,ALUMINIUM,35.0,46.0,43.0,330.0,350.0,16.0,18.0,False,False,130.0,2.0,0.9,1.1,0.9,1.2,1.0,0.9,674.0,52.0,674.0,52.0,0,0,False,0,1.0,68.0,45.0,0.0,31.8,False,True,False,False,True,10,2,False,128.0,128.0,128,DISC,SPOKED,0,0.0,0.0,0.0,280.0,740.0,35.0,300.0,1.0
405.0,70.0,630.0,74.0,180.0,50.0,590.0,75.0,670.0,50.0,40.0,28.6,36.5,23.35,30.0,13.0,15.0,ALUMINIUM,40.0,50.0,48.0,330.0,350.0,16.0,18.0,False,False,130.0,2.0,0.9,1.1,0.9,1.2,1.0,0.9,674.0,52.0,674.0,52.0,0,1,False,0,1.0,68.0,45.0,0.0,31.8,False,True,False,False,True,10,2,False,128.0,128.0,128,DISC,SPOKED,0,0.0,0.0,0.0,280.0,740.0,35.0,300.0,1.0
390.0,75.0,590.0,71.5,140.0,30.0,550.0,73.0,645.0,52.0,40.0,28.6,36.5,23.35,30.0,13.0,15.0,ALUMINIUM,30.0,44.0,40.0,330.0,350.0,16.0,18.0,False,False,130.0,2.0,0.9,1.1,0.9,1.2,1.0,0.9,674.0,52.0,674.0,52.0,0,2,False,0,1.0,68.0,45.0,0.0,31.8,False,True,False,False,True,10,2,False,128.0,128.0,128,DISC,SPOKED,0,0.0,0.0,0.0,280.0,740.0,35.0,300.0,1.0
420.0,65.0,640.0,72.8,155.0,40.0,600.0,74.2,680.0,50.0,40.0,28.6,36.5,23.35,30.0,13.0,15.0,ALUMINIUM,38.0,49.0,47.0,330.0,350.0,16.0,18.0,False,False,130.0,2.0,0.9,1.1,0.9,1.2,1.0,0.9,674.0,52.0,674.0,52.0,0,0,False,0,1.0,68.0,45.0,0.0,31.8,False,True,False,False,True,10,2,False,128.0,128.0,128,DISC,SPOKED,0,0.0,0.0,0.0,280.0,740.0,35.0,300.0,1.0
395.0,70.0,600.0,73.5,165.0,38.0,565.0,73.8,655.0,53.0,40.0,28.6,36.5,23.35,30.0,13.0,15.0,ALUMINIUM,33.0,45.0,44.0,330.0,350.0,16.0,18.0,False,False,130.0,2.0,0.9,1.1,0.9,1.2,1.0,0.9,674.0,52.0,674.0,52.0,0,1,False,0,1.0,68.0,45.0,0.0,31.8,False,True,False,False,True,10,2,False,128.0,128.0,128,DISC,SPOKED,0,0.0,0.0,0.0,280.0,740.0,35.0,300.0,1.0
400.0,69.0,605.0,73.2,175.0,42.0,575.0,74.7,662.0,51.0,40.0,28.6,36.5,23.35,30.0,13.0,15.0,ALUMINIUM,36.0,48.0,46.0,330.0,350.0,16.0,18.0,False,False,130.0,2.0,0.9,1.1,0.9,1.2,1.0,0.9,674.0,52.0,674.0,52.0,0,2,False,0,1.0,68.0,45.0,0.0,31.8,False,True,False,False,True,10,2,False,128.0,128.0,128,DISC,SPOKED,0,0.0,0.0,0.0,280.0,740.0,35.0,300.0,1.0
405.0,71.0,615.0,72.3,160.0,37.0,585.0,73.9,658.0,49.0,40.0,28.6,36.5,23.35,30.0,13.0,15.0,ALUMINIUM,34.0,46.0,45.0,330.0,350.0,16.0,18.0,False,False,130.0,2.0,0.9,1.1,0.9,1.2,1.0,0.9,674.0,52.0,674.0,52.0,0,0,False,0,1.0,68.0,45.0,0.0,31.8,False,True,False,False,True,10,2,False,128.0,128.0,128,DISC,SPOKED,0,0.0,0.0,0.0,280.0,740.0,35.0,300.0,1.0
410.0,70.0,625.0,73.7,185.0,48.0,595.0,75.0,675.0,54.0,40.0,28.6,36.5,23.35,30.0,13.0,15.0,ALUMINIUM,39.0,50.0,49.0,330.0,350.0,16.0,18.0,False,False,130.0,2.0,0.9,1.1,0.9,1.2,1.0,0.9,674.0,52.0,674.0,52.0,0,1,False,0,1.0,68.0,45.0,0.0,31.8,False,True,False,False,True,10,2,False,128.0,128.0,128,DISC,SPOKED,0,0.0,0.0,0.0,280.0,740.0,35.0,300.0,1.0
410.0,72.0,640.0,73.0,155.0,50.0,580.0,73.0,660.0,52.0,45.0,32.0,28.0,36.5,23.0,13.0,15.0,ALUMINIUM,30.0,45.0,50.0,330.0,350.0,16.0,18.0,False,False,130.0,2.0,0.9,1.1,0.9,1.2,1.0,0.9,700.0,50.0,700.0,50.0,0,0,False,0,1.0,68.0,45.0,0.0,31.8,True,True,False,False,True,11,2,False,255.0,165.0,0,SPOKED,SPOKED,0,0.0,80.0,80.0,280.0,750.0,34.9,350.0,1.0
395.0,68.0,600.0,72.0,130.0,40.0,550.0,72.0,645.0,48.0,42.0,29.0,32.0,36.5,27.0,13.0,15.0,ALUMINIUM,25.0,42.0,48.0,330.0,350.0,16.0,18.0,False,False,130.0,2.0,0.9,1.1,0.9,1.2,1.0,0.9,680.0,52.0,680.0,52.0,0,0,False,0,1.0,68.0,45.0,0.0,31.8,True,True,False,False,True,12,2,False,0.0,0.0,255,SPOKED,SPOKED,0,0.0,80.0,80.0,270.0,730.0,34.9,350.0,1.0
380.0,65.0,580.0,71.0,155.0,45.0,530.0,71.0,630.0,50.0,42.0,33.0,28.0,36.5,23.0,13.0,15.0,ALUMINIUM,28.0,40.0,45.0,330.0,350.0,16.0,18.0,False,False,130.0,2.0,0.9,1.1,0.9,1.2,1.0,0.9,700.0,48.0,700.0,48.0,0,1,False,0,1.0,68.0,50.0,0.0,35.0,True,True,False,False,True,11,2,False,255.0,0.0,0,SPOKED,DISC,0,0.0,80.0,80.0,260.0,745.0,34.9,350.0,1.0
430.0,75.0,650.0,74.0,175.0,60.0,600.0,74.0,670.0,55.0,50.0,28.0,33.0,36.5,25.0,13.0,15.0,ALUMINIUM,35.0,48.0,55.0,330.0,350.0,18.0,20.0,True,True,135.0,2.0,0.9,1.1,0.9,1.2,1.0,0.9,700.0,55.0,700.0,55.0,0,2,False,0,3.0,68.0,52.0,0.0,35.0,True,True,False,False,True,10,2,False,0.0,255.0,0,SPOKED,SPOKED,0,0.0,80.0,80.0,300.0,760.0,34.9,350.0,3.0
420.0,70.0,620.0,72.0,140.0,50.0,570.0,72.0,655.0,53.0,45.0,30.0,28.0,36.5,23.0,13.0,15.0,ALUMINIUM,29.0,44.0,52.0,330.0,350.0,16.0,18.0,False,True,130.0,2.0,0.9,1.1,0.9,1.2,1.0,0.9,685.0,48.0,685.0,48.0,0,1,False,0,1.0,68.0,45.0,0.0,31.8,False,True,True,False,True,11,2,False,255.0,20.0,147,DISC,DISC,0,0.0,80.0,80.0,265.0,735.0,34.9,350.0,1.0
395.0,60.0,600.0,70.0,125.0,42.0,540.0,70.0,640.0,49.0,42.0,28.0,28.0,36.5,23.0,13.0,15.0,ALUMINIUM,24.0,40.0,47.0,330.0,350.0,16.0,18.0,False,False,130.0,2.0,0.9,1.1,0.9,1.2,1.0,0.9,700.0,50.0,700.0,50.0,0,0,False,0,1.0,68.0,45.0,0.0,31.8,True,False,False,False,True,12,1,False,128.0,0.0,128,TRISPOKE,SPOKED,1,0.0,120.0,80.0,275.0,740.0,34.9,300.0,1.0
450.0,78.0,655.0,74.0,160.0,65.0,610.0,75.0,680.0,57.0,50.0,30.0,34.0,36.5,28.0,13.0,15.0,ALUMINIUM,37.0,50.0,58.0,330.0,350.0,18.0,20.0,True,True,135.0,2.0,0.9,1.1,0.9,1.2,1.0,0.9,720.0,52.0,720.0,52.0,0,2,False,0,1.0,68.0,50.0,0.0,35.0,True,True,True,True,True,11,2,False,0.0,128.0,255,SPOKED,TRISPOKE,0,1.0,80.0,120.0,295.0,760.0,34.9,330.0,3.0
390.0,66.0,605.0,72.0,148.0,55.0,590.0,73.0,664.0,51.0,44.0,31.0,30.0,36.5,25.0,13.0,15.0,ALUMINIUM,32.0,47.0,53.0,330.0,350.0,16.0,18.0,False,False,130.0,2.0,0.9,1.1,0.9,1.2,1.0,0.9,695.0,49.0,695.0,49.0,0,0,False,0,1.0,68.0,45.0,0.0,31.8,True,True,False,True,True,10,1,False,255.0,255.0,0,SPOKED,SPOKED,0,0.0,80.0,80.0,285.0,745.0,34.9,320.0,1.0
415.0,69.0,628.0,73.0,142.0,52.0,565.0,72.0,650.0,54.0,43.0,29.0,29.0,36.5,24.0,13.0,15.0,ALUMINIUM,27.0,43.0,49.0,330.0,350.0,16.0,18.0,False,False,130.0,2.0,0.9,1.1,0.9,1.2,1.0,0.9,680.0,47.0,680.0,47.0,0,1,False,0,1.0,68.0,45.0,0.0,31.8,True,False,False,False,True,11,2,False,0.0,0.0,0,SPOKED,SPOKED,0,0.0,80.0,80.0,290.0,755.0,34.9,330.0,1.0
400.0,75.0,620.0,73.0,155.0,45.0,560.0,73.0,660.0,40.0,40.0,28.6,36.5,30.0,23.0,13.0,15,ALUMINIUM,25.0,55.0,40.0,330.0,350.0,16.0,18,False,False,130.0,2.0,1.0,1.0,1.0,1.0,1.0,1.0,680.0,12.0,680.0,12.0,0,0,False,0,3.0,68.0,50.0,0.0,34.0,True,True,False,False,True,11,2,False,30.0,144.0,255,SPOKED,SPOKED,0,0.0,80.0,80.0,280.0,750.0,36.0,300.0,1.0
405.0,70.0,630.0,72.5,160.0,48.0,570.0,73.5,665.0,42.0,42.0,29.0,37.0,31.0,23.5,13.5,16,ALUMINIUM,27.0,56.0,42.0,330.0,350.0,16.0,18,False,False,130.0,2.0,1.0,1.0,1.0,1.0,1.0,1.0,680.0,12.0,680.0,12.0,0,1,False,0,3.0,68.0,52.0,0.0,34.0,True,True,False,False,True,11,2,False,255.0,165.0,0,SPOKED,SPOKED,0,0.0,80.0,80.0,290.0,760.0,37.0,305.0,1.0
395.0,72.0,625.0,73.2,155.0,47.0,565.0,74.0,662.0,38.0,40.0,28.5,36.8,30.5,23.2,13.2,15,ALUMINIUM,24.0,54.0,39.0,330.0,350.0,16.0,18,False,False,130.0,2.0,1.2,1.0,1.0,1.0,1.0,1.0,680.0,12.0,680.0,12.0,0,0,False,0,3.0,68.0,50.0,0.0,34.5,True,True,False,False,True,10,2,False,128.0,0.0,128,SPOKED,SPOKED,0,0.0,80.0,80.0,285.0,760.0,36.5,305.0,1.0
410.0,65.0,618.0,72.8,165.0,46.0,555.0,73.0,658.0,40.0,42.0,29.5,37.5,31.0,23.0,13.0,15,ALUMINIUM,26.0,56.0,41.0,330.0,350.0,16.0,18,False,False,130.0,2.0,1.0,1.0,1.0,1.0,1.0,1.0,680.0,12.0,680.0,12.0,0,2,False,0,3.0,68.0,48.0,0.0,34.0,True,True,False,False,True,12,2,False,0.0,128.0,0,SPOKED,SPOKED,0,0.0,80.0,80.0,295.0,755.0,37.0,295.0,1.0
420.0,70.0,640.0,73.5,180.0,49.0,580.0,74.0,670.0,42.0,40.0,28.0,36.5,30.0,23.0,13.0,16,ALUMINIUM,28.0,58.0,44.0,330.0,350.0,16.0,18,True,True,130.0,2.0,1.0,1.0,1.0,1.0,1.0,1.0,680.0,12.0,680.0,12.0,0,1,False,0,3.0,68.0,55.0,0.0,34.0,True,True,False,False,True,11,2,False,0.0,0.0,0,DISC,SPOKED,1,0.0,50.0,80.0,300.0,770.0,37.0,310.0,1.0
390.0,68.0,615.0,72.0,148.0,45.0,550.0,72.5,655.0,39.0,42.0,29.0,37.0,31.0,23.0,13.0,15,ALUMINIUM,23.0,53.0,38.0,330.0,350.0,16.0,18,False,False,130.0,2.0,1.0,1.0,1.0,1.0,1.0,1.0,680.0,12.0,680.0,12.0,0,0,False,0,3.0,68.0,50.0,0.0,34.0,True,False,False,False,True,11,1,False,255.0,105.0,180,SPOKED,SPOKED,0,0.0,80.0,80.0,285.0,735.0,36.0,280.0,1.0
415.0,75.0,645.0,73.8,175.0,50.0,572.0,73.0,672.0,41.0,40.0,28.6,36.5,30.5,23.5,13.5,16,ALUMINIUM,30.0,60.0,45.0,330.0,350.0,16.0,18,False,False,130.0,2.0,1.0,1.0,1.0,1.0,1.0,1.0,680.0,12.0,680.0,12.0,0,1,False,0,3.0,68.0,52.0,0.0,34.5,True,True,False,False,True,9,3,False,112.0,128.0,144,TRISPOKE,TRISPOKE,2,2.0,50.0,50.0,290.0,760.0,36.5,300.0,1.0
405.0,70.0,628.0,72.7,162.0,46.0,562.0,73.2,666.0,40.0,40.0,28.6,36.5,30.0,23.0,13.0,15,ALUMINIUM,25.0,55.0,42.0,332.0,350.0,16.0,18,True,False,130.0,2.0,1.0,1.0,1.0,1.0,1.0,1.0,682.0,14.0,682.0,14.0,0,2,False,0,3.0,68.0,50.0,0.0,34.0,True,False,False,False,True,11,2,False,255.0,20.0,147,DISC,DISC,1,1.0,80.0,80.0,300.0,765.0,36.5,310.0,1.0
398.0,69.0,622.0,72.9,158.0,47.0,568.0,74.0,660.0,39.0,40.0,28.8,36.7,30.2,23.3,13.1,15,ALUMINIUM,24.0,54.0,40.0,330.0,350.0,16.0,18,False,False,130.0,2.0,1.0,1.0,1.0,1.0,1.0,1.0,680.0,12.0,680.0,12.0,0,1,False,0,3.0,68.0,51.0,0.0,34.4,True,True,False,False,True,11,2,False,70.0,130.0,180,SPOKED,DISC,0,1.0,0.0,80.0,288.0,752.0,36.6,300.0,1.0
412.0,73.0,635.0,73.3,168.0,49.0,575.0,73.5,667.0,42.0,42.0,29.0,37.0,31.0,23.5,13.5,16,ALUMINIUM,27.0,57.0,43.0,330.0,352.0,16.0,18,False,True,130.0,2.0,1.0,1.0,1.0,1.0,1.0,1.0,680.0,12.0,680.0,12.0,0,0,False,0,3.0,68.0,53.0,0.0,34.6,True,True,False,False,True,12,2,False,248.0,0.0,24,TRISPOKE,SPOKED,1,0.0,50.0,0.0,292.0,765.0,36.9,305.0,1.0
410.0,72.0,600.0,73.0,160.0,40.0,550.0,74.0,650.0,45.0,40.0,30.0,36.5,24.0,20.0,14.0,16.0,ALUMINIUM,35.0,45.0,40.0,330.0,350.0,16.0,18.0,False,False,130.0,2.0,0.9,1.1,0.9,1.2,1.0,0.9,670.0,60.0,670.0,60.0,0,0,False,0,1.0,68.0,42.0,0.0,30.0,True,True,False,False,True,11,2,False,100.0,149.0,204,DISC,SPOKED,0,0.0,0.0,0.0,280.0,730.0,34.0,330.0,1.0
420.0,70.0,620.0,72.0,170.0,45.0,570.0,73.5,660.0,50.0,38.0,32.0,36.5,26.0,22.0,15.0,15.5,ALUMINIUM,38.0,48.0,42.0,330.0,350.0,16.0,18.0,False,False,135.0,2.0,0.9,1.1,0.9,1.2,1.0,0.9,680.0,70.0,680.0,70.0,0,2,False,0,0.0,70.0,44.0,0.0,32.0,True,True,False,False,True,10,2,False,220.0,20.0,60,SPOKED,SPOKED,0,0.0,0.0,0.0,285.0,720.0,33.0,340.0,1.0
400.0,68.0,590.0,74.0,150.0,42.0,560.0,74.5,640.0,46.0,42.0,29.5,36.5,24.5,21.0,14.5,16.5,ALUMINIUM,32.0,44.0,38.0,330.0,350.0,17.0,18.0,True,False,130.0,2.0,0.9,1.1,0.9,1.2,1.0,0.9,660.0,55.0,660.0,55.0,0,1,False,0,1.0,68.0,41.0,0.0,31.0,True,True,False,False,True,11,2,False,0.0,122.0,204,DISC,DISC,0,0.0,0.0,0.0,275.0,710.0,32.0,320.0,1.0
430.0,75.0,630.0,73.5,180.0,48.0,600.0,73.0,670.0,47.0,39.0,31.0,36.5,25.0,23.0,14.2,15.8,ALUMINIUM,40.0,51.0,45.0,330.0,350.0,16.0,18.0,False,True,135.0,2.0,0.9,1.1,0.9,1.2,1.0,0.9,680.0,65.0,680.0,65.0,0,2,False,0,0.0,70.0,45.0,0.0,32.0,True,True,False,False,True,12,2,False,255.0,165.0,0,DISC,TRISPOKE,0,1.0,0.0,25.0,290.0,740.0,35.0,350.0,1.0
395.0,65.0,580.0,74.0,155.0,38.0,540.0,74.5,630.0,42.0,37.0,29.0,36.5,23.0,19.0,13.5,15.0,ALUMINIUM,28.0,42.0,34.0,330.0,350.0,16.0,18.0,False,False,130.0,2.0,0.9,1.1,0.9,1.2,1.0,0.9,660.0,60.0,660.0,60.0,0,1,False,0,1.0,68.0,40.0,0.0,29.0,True,True,False,False,True,11,2,False,128.0,0.0,128,SPOKED,SPOKED,0,0.0,0.0,0.0,270.0,700.0,33.0,340.0,1.0
405.0,70.0,605.0,71.0,165.0,43.0,555.0,73.0,655.0,48.0,41.0,31.5,36.5,25.5,22.5,14.8,16.2,ALUMINIUM,36.0,47.0,41.0,330.0,350.0,17.0,18.0,True,True,135.0,2.0,0.9,1.1,0.9,1.2,1.0,0.9,675.0,55.0,675.0,55.0,0,0,False,0,0.0,68.0,43.0,0.0,31.5,True,True,False,False,True,10,2,False,200.0,200.0,0,DISC,DISC,0,0.0,0.0,0.0,300.0,735.0,34.5,345.0,1.0
415.0,68.0,615.0,72.5,175.0,47.0,590.0,73.5,665.0,49.0,39.5,32.5,36.5,26.5,24.0,15.0,16.0,ALUMINIUM,39.0,50.0,44.0,330.0,350.0,16.0,18.0,False,False,130.0,2.0,0.9,1.1,0.9,1.2,1.0,0.9,660.0,65.0,660.0,65.0,0,1,False,0,1.0,68.0,42.0,0.0,32.0,True,True,False,False,True,12,2,False,0.0,128.0,0,SPOKED,SPOKED,0,0.0,0.0,0.0,280.0,720.0,33.5,332.0,1.0
390.0,66.0,595.0,74.5,145.0,36.0,545.0,74.0,645.0,43.0,38.5,31.0,36.5,24.0,20.5,13.8,15.2,ALUMINIUM,31.0,43.0,36.0,330.0,350.0,16.0,18.0,True,False,132.0,2.0,0.9,1.1,0.9,1.2,1.0,0.9,655.0,58.0,655.0,58.0,0,2,False,0,0.0,68.0,41.5,0.0,30.5,True,True,False,False,True,11,3,False,255.0,215.0,0,SPOKED,DISC,0,0.0,0.0,0.0,265.0,705.0,32.5,338.0,1.0
425.0,73.0,620.0,72.0,168.0,46.0,580.0,73.0,655.0,50.0,39.0,32.0,36.5,25.0,22.0,14.6,15.6,ALUMINIUM,37.0,49.0,43.0,330.0,350.0,16.0,18.0,False,False,135.0,2.0,0.9,1.1,0.9,1.2,1.0,0.9,670.0,62.0,670.0,62.0,0,1,False,0,1.0,68.0,43.0,0.0,31.0,True,True,False,False,True,11,2,False,105.0,105.0,105,DISC,TRISPOKE,0,1.0,0.0,22.0,275.0,725.0,34.0,346.0,1.0
380.0,67.0,585.0,74.0,152.0,39.0,565.0,74.0,635.0,44.0,37.5,30.5,36.5,24.0,20.0,13.3,15.0,ALUMINIUM,30.0,43.0,35.0,330.0,350.0,16.0,18.0,True,True,130.0,2.0,0.9,1.1,0.9,1.2,1.0,0.9,650.0,57.0,650.0,57.0,0,0,False,0,0.0,68.0,40.0,0.0,29.5,True,True,False,False,True,12,3,False,0.0,0.0,255,SPOKED,SPOKED,0,0.0,0.0,0.0,290.0,715.0,32.0,335.0,1.0
420.0,75.0,580.0,73.0,150.0,50.0,560.0,73.0,640.0,45.0,45.0,28.6,30.0,36.5,23.35,13.0,15,ALUMINIUM,25.0,40.0,40.0,330.0,350.0,16.0,18,False,False,130.0,2.0,0.9,1.1,0.9,1.2,1.0,0.9,700.0,60.0,700.0,60.0,0,0,False,0,1.0,68.0,45.0,0.0,692,False,True,False,False,True,9,2,False,200.0,50.0,50,SPOKED,SPOKED,0,0.0,80.0,80.0,280.0,720.0,34.9,320.0,1.0
390.0,78.0,560.0,74.0,140.0,45.0,540.0,74.0,630.0,50.0,45.0,28.6,30.0,36.5,23.35,13.0,15,ALUMINIUM,22.0,38.0,38.0,330.0,350.0,16.0,18,False,False,130.0,2.0,0.9,1.1,0.9,1.2,1.0,0.9,690.0,55.0,690.0,55.0,0,0,False,0,1.0,68.0,45.0,0.0,692,False,True,False,False,True,10,2,False,50.0,200.0,100,SPOKED,SPOKED,0,0.0,80.0,80.0,275.0,710.0,34.9,310.0,1.0
450.0,70.0,620.0,72.5,170.0,55.0,600.0,72.5,660.0,40.0,50.0,28.6,30.0,36.5,23.35,13.0,15,ALUMINIUM,30.0,45.0,45.0,330.0,350.0,16.0,18,False,False,130.0,2.0,0.9,1.1,0.9,1.2,1.0,0.9,710.0,65.0,710.0,65.0,0,0,False,0,1.0,68.0,45.0,0.0,692,False,True,False,False,True,8,2,False,50.0,50.0,200,SPOKED,SPOKED,0,0.0,80.0,80.0,290.0,740.0,34.9,330.0,1.0
430.0,65.0,600.0,71.5,160.0,60.0,580.0,71.5,650.0,55.0,40.0,30.0,33.6,36.5,37.5,14.0,15,ALUMINIUM,28.0,42.0,42.0,330.0,350.0,16.0,18,False,False,130.0,2.0,0.9,1.1,0.9,1.2,1.0,0.9,705.0,60.0,705.0,60.0,0,0,False,0,1.0,68.0,45.0,0.0,692,False,True,False,False,True,9,2,False,255.0,100.0,0,SPOKED,SPOKED,0,0.0,80.0,80.0,285.0,730.0,34.9,325.0,1.0
410.0,60.0,570.0,75.0,130.0,50.0,560.0,75.0,655.0,47.0,45.0,33.6,33.6,36.5,23.35,14.0,15,ALUMINIUM,24.0,40.0,40.0,330.0,350.0,16.0,18,False,False,130.0,2.0,0.9,1.1,0.9,1.2,1.0,0.9,695.0,58.0,695.0,58.0,0,0,False,0,1.0,68.0,45.0,0.0,692,False,True,False,False,True,10,2,False,0.0,0.0,255,SPOKED,SPOKED,0,0.0,80.0,80.0,270.0,715.0,34.9,315.0,1.0
400.0,80.0,550.0,73.0,135.0,47.0,550.0,73.0,638.0,45.0,45.0,28.6,30.0,36.5,23.35,13.0,15,ALUMINIUM,26.0,39.0,39.0,330.0,350.0,16.0,18,False,False,130.0,2.0,0.9,1.1,0.9,1.2,1.0,0.9,680.0,62.0,680.0,62.0,0,0,False,0,1.0,68.0,45.0,0.0,692,False,True,True,False,True,9,2,False,100.0,255.0,200,SPOKED,SPOKED,0,0.0,80.0,80.0,278.0,705.0,34.9,305.0,1.0
415.0,75.0,590.0,72.0,145.0,50.0,575.0,72.0,645.0,42.0,45.0,28.6,30.0,36.5,23.35,13.0,15,ALUMINIUM,27.0,41.0,41.0,330.0,350.0,16.0,18,False,False,130.0,2.0,0.9,1.1,0.9,1.2,1.0,0.9,695.0,64.0,695.0,64.0,0,0,True,0,1.0,68.0,45.0,0.0,692,False,True,False,False,True,9,2,False,200.0,200.0,50,SPOKED,SPOKED,0,0.0,80.0,80.0,282.0,735.0,34.9,322.0,1.0
430.0,72.0,610.0,74.0,155.0,52.0,590.0,74.0,650.0,48.0,45.0,28.6,30.0,36.5,23.35,13.0,15,ALUMINIUM,29.0,43.0,43.0,330.0,350.0,16.0,18,False,False,130.0,2.0,0.9,1.1,0.9,1.2,1.0,0.9,700.0,63.0,700.0,63.0,0,1,False,0,1.0,68.0,45.0,0.0,692,False,True,False,False,True,8,2,False,150.0,150.0,150,SPOKED,SPOKED,0,0.0,80.0,80.0,288.0,745.0,34.9,335.0,1.0
422.0,69.0,600.0,73.5,165.0,53.0,580.0,73.5,645.0,46.0,45.0,28.6,30.0,36.5,23.35,13.0,15,ALUMINIUM,31.0,44.0,44.0,330.0,350.0,16.0,18,False,False,130.0,2.0,0.9,1.1,0.9,1.2,1.0,0.9,705.0,61.0,705.0,61.0,0,2,False,0,3.0,68.0,45.0,0.0,692,False,True,False,False,True,9,2,False,255.0,0.0,255,SPOKED,SPOKED,0,0.0,80.0,80.0,284.0,728.0,34.9,318.0,3.0
425.0,68.0,585.0,72.5,150.0,50.0,570.0,72.5,640.0,43.0,45.0,28.6,30.0,36.5,23.35,13.0,15,ALUMINIUM,26.0,42.0,42.0,330.0,350.0,16.0,18,False,False,130.0,2.0,0.9,1.1,0.9,1.2,1.0,0.9,690.0,59.0,690.0,59.0,0,0,False,0,1.0,68.0,45.0,0.0,692,False,True,False,False,True,9,2,False,0.0,255.0,255,DISC,TRISPOKE,0,1.0,80.0,80.0,286.0,725.0,34.9,312.0,1.0
410.0,70.0,630.0,73.0,180.0,45.0,540.0,73.5,600.0,50.0,42.0,33.6,36.5,23.35,23.35,13.0,15.0,ALUMINIUM,30.0,50.0,45.0,330.0,350.0,16.0,18.0,False,False,130.0,2.0,1.0,1.0,1.0,1.0,1.0,1.0,680.0,52.0,680.0,52.0,0,0,False,0,3.0,68.0,45.0,700.0,31.8,True,True,False,False,True,11,2,False,200.0,200.0,200,SPOKED,SPOKED,0,0.0,0.0,0.0,280.0,760.0,34.9,300.0,1.0
415.0,68.0,640.0,72.5,190.0,46.0,545.0,74.0,610.0,45.0,42.0,33.6,36.5,23.35,23.35,13.0,15.0,ALUMINIUM,35.0,55.0,48.0,330.0,350.0,16.0,18.0,False,False,130.0,2.0,1.0,1.0,1.0,1.0,1.0,1.0,680.0,52.0,680.0,52.0,0,1,False,0,3.0,68.0,45.0,700.0,31.8,False,True,False,False,True,12,2,False,255.0,0.0,0,DISC,SPOKED,0,0.0,0.0,0.0,280.0,755.0,34.9,300.0,1.0
420.0,72.0,625.0,73.5,185.0,44.0,538.0,74.5,605.0,50.0,42.0,33.6,36.5,23.35,23.35,13.0,15.0,ALUMINIUM,32.0,53.0,46.0,330.0,350.0,16.0,18.0,False,False,130.0,2.0,1.0,1.0,1.0,1.0,1.0,1.0,680.0,52.0,680.0,52.0,0,2,False,2,0.0,68.0,45.0,700.0,31.8,False,True,False,False,True,11,1,False,0.0,255.0,0,TRISPOKE,TRISPOKE,1,1.0,80.0,80.0,280.0,760.0,34.9,300.0,1.0
412.0,69.0,635.0,72.0,200.0,46.0,548.0,73.0,615.0,45.0,42.0,33.6,36.5,23.35,23.35,13.0,15.0,ALUMINIUM,37.0,57.0,50.0,330.0,350.0,16.0,18.0,False,False,130.0,2.0,1.0,1.0,1.0,1.0,1.0,1.0,680.0,52.0,680.0,52.0,0,0,False,0,1.0,68.0,45.0,700.0,31.8,True,True,False,False,True,12,2,False,0.0,0.0,255,SPOKED,TRISPOKE,0,1.0,0.0,80.0,280.0,750.0,34.9,300.0,1.0
405.0,70.0,640.0,73.0,195.0,46.0,548.0,73.0,615.0,45.0,42.0,33.6,36.5,23.35,23.35,13.0,15.0,ALUMINIUM,36.0,56.0,49.0,330.0,350.0,16.0,18.0,False,False,130.0,2.0,1.0,1.0,1.0,1.0,1.0,1.0,680.0,52.0,680.0,52.0,0,0,False,0,3.0,68.0,45.0,700.0,31.8,True,True,False,False,True,11,2,False,255.0,255.0,0,DISC,DISC,0,0.0,0.0,0.0,280.0,750.0,34.9,300.0,1.0
415.0,68.0,630.0,74.0,170.0,45.0,540.0,74.0,600.0,50.0,42.0,33.6,36.5,23.35,23.35,13.0,15.0,ALUMINIUM,34.0,52.0,44.0,330.0,350.0,16.0,18.0,False,False,130.0,2.0,1.0,1.0,1.0,1.0,1.0,1.0,680.0,52.0,680.0,52.0,0,2,False,2,0.0,68.0,45.0,700.0,31.8,False,True,False,False,True,11,1,False,255.0,0.0,255,TRISPOKE,SPOKED,1,0.0,80.0,0.0,280.0,745.0,34.9,300.0,1.0
410.0,69.0,638.0,72.5,210.0,47.0,550.0,73.5,620.0,45.0,42.0,33.6,36.5,23.35,23.35,13.0,15.0,ALUMINIUM,37.0,57.0,50.0,330.0,350.0,16.0,18.0,False,False,130.0,2.0,1.0,1.0,1.0,1.0,1.0,1.0,680.0,52.0,680.0,52.0,0,1,False,2,1.0,68.0,45.0,700.0,31.8,False,True,False,False,True,10,2,False,0.0,255.0,255,SPOKED,TRISPOKE,0,1.0,0.0,80.0,280.0,740.0,34.9,300.0,1.0
418.0,71.0,645.0,73.5,175.0,46.0,542.0,73.8,610.0,50.0,42.0,33.6,36.5,23.35,23.35,13.0,15.0,ALUMINIUM,33.0,54.0,47.0,330.0,350.0,16.0,18.0,False,False,130.0,2.0,1.0,1.0,1.0,1.0,1.0,1.0,680.0,52.0,680.0,52.0,0,0,False,0,0.0,68.0,45.0,700.0,31.8,True,True,False,False,True,11,2,False,128.0,0.0,128,SPOKED,DISC,0,0.0,0.0,0.0,280.0,740.0,34.9,300.0,1.0
408.0,70.0,632.0,73.0,190.0,45.0,540.0,74.0,605.0,47.0,42.0,33.6,36.5,23.35,23.35,13.0,15.0,ALUMINIUM,36.0,55.0,48.0,330.0,350.0,16.0,18.0,False,False,130.0,2.0,1.0,1.0,1.0,1.0,1.0,1.0,680.0,52.0,680.0,52.0,0,2,False,0,2.0,68.0,45.0,700.0,31.8,False,True,False,False,True,11,2,False,128.0,128.0,0,SPOKED,SPOKED,0,0.0,0.0,0.0,280.0,735.0,34.9,300.0,1.0
420.0,69.0,637.0,72.0,200.0,48.0,555.0,73.2,615.0,45.0,42.0,33.6,36.5,23.35,23.35,13.0,15.0,ALUMINIUM,38.0,58.0,50.0,330.0,350.0,16.0,18.0,False,False,130.0,2.0,1.0,1.0,1.0,1.0,1.0,1.0,680.0,52.0,680.0,52.0,0,1,False,0,2.0,68.0,45.0,700.0,31.8,True,True,False,False,True,11,2,False,0.0,128.0,128,DISC,DISC,0,0.0,0.0,0.0,280.0,730.0,34.9,300.0,1.0
410.0,70.0,620.0,73.0,160.0,50.0,580.0,73.5,650.0,45.0,45.0,28.6,36.5,23.35,13.0,15.0,9.0,ALUMINIUM,32.0,48.0,46.0,0.0,0.0,16.0,18.0,False,False,130.0,2.0,0.9,1.1,0.9,1.2,1.0,0.9,680.0,121.0,680.0,121.0,0,0,False,0,1.0,68.0,45.0,31.8,31.8,False,False,False,False,True,11,2,False,128.0,128.0,128,SPOKED,SPOKED,1,1.0,80.0,80.0,280.0,750.0,34.9,800.0,1.0
405.0,70.0,615.0,72.8,155.0,52.0,575.0,73.2,655.0,45.0,45.0,28.6,36.5,23.35,13.0,15.0,9.0,ALUMINIUM,31.0,47.0,47.0,0.0,0.0,16.0,18.0,False,False,130.0,2.0,0.9,1.1,0.9,1.2,1.0,0.9,680.0,121.0,680.0,121.0,0,0,False,0,1.0,68.0,45.0,31.8,31.8,False,False,False,False,True,11,2,False,200.0,50.0,50,SPOKED,SPOKED,1,1.0,80.0,80.0,280.0,740.0,34.9,790.0,1.0
415.0,70.0,625.0,73.2,165.0,48.0,585.0,73.8,645.0,45.0,45.0,28.6,36.5,23.35,13.0,15.0,9.0,ALUMINIUM,33.0,46.0,45.0,0.0,0.0,16.0,18.0,False,False,130.0,2.0,0.9,1.1,0.9,1.2,1.0,0.9,680.0,121.0,680.0,121.0,0,0,False,0,1.0,68.0,45.0,31.8,31.8,False,False,False,False,True,11,2,False,0.0,122.0,255,SPOKED,SPOKED,1,1.0,80.0,80.0,280.0,760.0,34.9,810.0,1.0
408.0,70.0,630.0,73.5,170.0,51.0,590.0,73.6,660.0,45.0,45.0,28.6,36.5,23.35,13.0,15.0,9.0,ALUMINIUM,30.0,49.0,44.0,0.0,0.0,16.0,18.0,False,False,130.0,2.0,0.9,1.1,0.9,1.2,1.0,0.9,680.0,121.0,680.0,121.0,0,0,False,0,1.0,68.0,45.0,31.8,31.8,False,False,False,False,True,11,2,False,255.0,0.0,0,SPOKED,SPOKED,1,1.0,80.0,80.0,280.0,755.0,34.9,805.0,1.0
412.0,70.0,618.0,72.7,158.0,49.0,578.0,73.4,648.0,45.0,45.0,28.6,36.5,23.35,13.0,15.0,9.0,ALUMINIUM,29.0,48.0,46.0,0.0,0.0,16.0,18.0,False,False,130.0,2.0,0.9,1.1,0.9,1.2,1.0,0.9,680.0,121.0,680.0,121.0,0,0,False,0,1.0,68.0,45.0,31.8,31.8,False,False,False,False,True,11,2,False,0.0,255.0,0,SPOKED,SPOKED,1,1.0,80.0,80.0,280.0,745.0,34.9,795.0,1.0
407.0,70.0,610.0,73.1,162.0,47.0,582.0,73.7,652.0,45.0,45.0,28.6,36.5,23.35,13.0,15.0,9.0,ALUMINIUM,34.0,45.0,47.0,0.0,0.0,16.0,18.0,False,False,130.0,2.0,0.9,1.1,0.9,1.2,1.0,0.9,680.0,121.0,680.0,121.0,0,0,False,0,1.0,68.0,45.0,31.8,31.8,False,False,False,False,True,11,2,False,255.0,255.0,0,SPOKED,SPOKED,1,1.0,80.0,80.0,280.0,748.0,34.9,798.0,1.0
409.0,70.0,622.0,72.9,159.0,50.0,579.0,73.3,649.0,45.0,45.0,28.6,36.5,23.35,13.0,15.0,9.0,ALUMINIUM,32.0,46.0,46.0,0.0,0.0,16.0,18.0,False,False,130.0,2.0,0.9,1.1,0.9,1.2,1.0,0.9,680.0,121.0,680.0,121.0,0,0,False,0,1.0,68.0,45.0,31.8,31.8,False,False,False,False,True,11,2,False,128.0,0.0,128,SPOKED,SPOKED,1,1.0,80.0,80.0,280.0,752.0,34.9,802.0,1.0
411.0,70.0,617.0,73.4,168.0,53.0,595.0,73.9,658.0,45.0,45.0,28.6,36.5,23.35,13.0,15.0,9.0,ALUMINIUM,31.0,47.0,45.0,0.0,0.0,16.0,18.0,False,False,130.0,2.0,0.9,1.1,0.9,1.2,1.0,0.9,680.0,121.0,680.0,121.0,0,0,False,0,1.0,68.0,45.0,31.8,31.8,False,False,False,False,True,11,2,False,0.0,0.0,255,SPOKED,SPOKED,1,1.0,80.0,80.0,280.0,760.0,34.9,810.0,1.0
406.0,70.0,605.0,73.0,153.0,46.0,570.0,73.1,640.0,45.0,45.0,28.6,36.5,23.35,13.0,15.0,9.0,ALUMINIUM,30.0,44.0,48.0,0.0,0.0,16.0,18.0,False,False,130.0,2.0,0.9,1.1,0.9,1.2,1.0,0.9,680.0,121.0,680.0,121.0,0,0,False,0,1.0,68.0,45.0,31.8,31.8,False,False,False,False,True,11,2,False,255.0,165.0,0,SPOKED,SPOKED,1,1.0,80.0,80.0,280.0,742.0,34.9,792.0,1.0
414.0,70.0,628.0,73.3,166.0,54.0,600.0,73.8,655.0,45.0,45.0,28.6,36.5,23.35,13.0,15.0,9.0,ALUMINIUM,33.0,49.0,45.0,0.0,0.0,16.0,18.0,False,False,130.0,2.0,0.9,1.1,0.9,1.2,1.0,0.9,680.0,121.0,680.0,121.0,0,0,False,0,1.0,68.0,45.0,31.8,31.8,False,False,False,False,True,11,2,False,0.0,255.0,255,SPOKED,SPOKED,1,1.0,80.0,80.0,280.0,758.0,34.9,807.0,1.0
410.0,70.0,600.0,73.0,160.0,50.0,520.0,73.0,610.0,50.0,40.0,28.6,34.9,30.0,30.0,15.0,15.0,ALUMINIUM,35.0,45.0,5.0,330.0,340.0,16.0,16.0,False,False,130.0,2.0,1.0,1.0,1.0,1.0,1.0,1.0,700.0,28.0,700.0,28.0,0,0,False,0,3.0,68.0,45.0,0.0,34.9,False,False,False,False,True,8,2,False,180.0,180.0,180,SPOKED,SPOKED,0,0.0,0.0,0.0,250.0,700.0,34.9,300.0,1.0
415.0,75.0,610.0,72.5,170.0,55.0,530.0,72.0,620.0,50.0,40.0,28.6,34.9,30.0,30.0,15.0,16.0,ALUMINIUM,36.0,46.0,6.0,330.0,340.0,16.0,16.0,False,False,130.0,2.0,1.0,1.0,1.0,1.0,1.0,1.0,700.0,28.0,700.0,28.0,0,1,False,0,3.0,68.0,45.0,0.0,34.9,False,False,False,False,True,9,2,False,150.0,150.0,150,SPOKED,SPOKED,0,0.0,0.0,0.0,245.0,690.0,34.9,305.0,1.0
405.0,68.0,595.0,73.5,150.0,52.0,525.0,73.5,605.0,55.0,40.0,28.6,34.9,30.0,30.0,15.0,15.0,ALUMINIUM,34.0,44.0,5.0,330.0,340.0,16.0,16.0,False,False,130.0,2.0,1.0,1.0,1.0,1.0,1.0,1.0,700.0,28.0,700.0,28.0,0,2,False,0,3.0,68.0,45.0,0.0,34.9,False,False,False,False,True,8,1,False,200.0,200.0,200,SPOKED,SPOKED,0,0.0,255.0,0.0,255.0,695.0,34.9,295.0,1.0
420.0,72.0,605.0,72.0,165.0,55.0,535.0,72.5,615.0,48.0,40.0,28.6,34.9,30.0,30.0,15.0,15.0,ALUMINIUM,37.0,47.0,6.5,330.0,340.0,16.0,16.0,False,False,130.0,2.0,1.0,1.0,1.0,1.0,1.0,1.0,700.0,28.0,700.0,28.0,0,0,False,0,3.0,68.0,45.0,0.0,34.9,False,False,False,False,True,10,2,False,100.0,100.0,100,SPOKED,SPOKED,0,0.0,0.0,0.0,250.0,700.0,34.9,300.0,1.0
408.0,69.0,598.0,73.2,158.0,51.0,522.0,73.2,602.0,52.0,40.0,28.6,34.9,30.0,30.0,15.0,16.0,ALUMINIUM,33.0,45.0,5.5,330.0,340.0,16.0,16.0,False,False,130.0,2.0,1.0,1.0,1.0,1.0,1.0,1.0,700.0,28.0,700.0,28.0,0,1,False,0,1.0,68.0,45.0,0.0,34.9,False,False,False,False,True,9,2,False,120.0,120.0,120,SPOKED,SPOKED,0,0.0,0.0,0.0,260.0,680.0,34.9,310.0,1.0
415.0,70.0,600.0,73.0,160.0,50.0,520.0,73.0,610.0,50.0,40.0,28.6,34.9,30.0,30.0,15.0,15.0,ALUMINIUM,35.0,45.0,5.0,330.0,0.0,18.0,0.0,True,False,130.0,2.0,1.0,1.0,1.0,1.0,1.0,1.0,700.0,28.0,700.0,28.0,0,2,False,0,3.0,68.0,45.0,0.0,34.9,False,False,False,False,True,8,2,False,170.0,170.0,170,SPOKED,SPOKED,0,0.0,0.0,0.0,250.0,700.0,34.9,300.0,1.0
412.0,74.0,605.0,72.0,162.0,53.0,528.0,72.0,615.0,48.0,40.0,28.6,34.9,30.0,30.0,15.0,15.0,ALUMINIUM,36.0,46.0,6.0,0.0,340.0,0.0,18.0,False,True,130.0,2.0,1.0,1.0,1.0,1.0,1.0,1.0,700.0,28.0,700.0,28.0,0,1,False,0,3.0,68.0,45.0,0.0,34.9,False,False,False,False,True,10,2,False,160.0,160.0,160,SPOKED,SPOKED,0,0.0,0.0,0.0,255.0,705.0,34.9,305.0,1.0
405.0,71.0,598.0,73.0,155.0,50.0,522.0,73.0,607.0,49.0,40.0,28.6,34.9,30.0,30.0,15.0,15.0,ALUMINIUM,33.0,43.0,5.5,330.0,340.0,16.0,16.0,False,False,130.0,2.0,1.0,1.0,1.0,1.0,1.0,1.0,700.0,28.0,700.0,28.0,0,2,False,0,1.0,68.0,45.0,0.0,34.9,False,False,False,False,True,9,2,False,140.0,140.0,140,SPOKED,SPOKED,0,0.0,0.0,0.0,250.0,700.0,34.9,300.0,1.0
420.0,68.0,590.0,74.0,145.0,48.0,515.0,74.0,600.0,50.0,40.0,28.6,34.9,30.0,30.0,15.0,15.0,ALUMINIUM,32.0,42.0,4.0,330.0,340.0,16.0,16.0,False,False,130.0,2.0,1.0,1.0,1.0,1.0,1.0,1.0,700.0,28.0,700.0,28.0,0,0,False,0,1.0,68.0,45.0,0.0,34.9,False,False,False,False,True,8,2,False,130.0,130.0,130,SPOKED,SPOKED,0,0.0,0.0,0.0,245.0,680.0,34.9,280.0,1.0
415.0,70.0,602.0,72.5,162.0,52.0,528.0,72.5,612.0,50.0,40.0,28.6,34.9,30.0,30.0,15.0,15.0,ALUMINIUM,36.0,46.0,6.0,330.0,340.0,16.0,16.0,False,False,130.0,2.0,1.0,1.0,1.0,1.0,1.0,1.0,700.0,28.0,700.0,28.0,0,2,False,2,2.0,68.0,45.0,0.0,34.9,False,False,False,False,True,7,1,False,190.0,190.0,190,SPOKED,SPOKED,0,0.0,0.0,0.0,260.0,690.0,34.9,290.0,1.0
405.0,65.0,592.0,72.8,142.0,45.0,533.0,73.0,651.5,50.0,40.0,28.6,33.6,36.5,23.35,13.0,15,ALUMINIUM,30.5,40.5,45.5,0.0,0.0,0.0,0,False,False,130.0,2.0,0.9,1.1,0.9,1.2,1.0,0.9,680.0,121.0,680.0,121.0,0,0,False,0,1.0,68.0,45.0,0.0,31.8,False,True,False,False,True,10,2,False,201.0,102.0,53,DISC,SPOKED,0,0.0,80.0,80.0,300.0,760.0,34.9,700.0,1.0
410.0,70.0,594.0,72.9,144.0,45.0,536.0,73.0,653.0,50.0,40.0,28.6,33.6,36.5,23.35,13.0,15,ALUMINIUM,31.0,41.0,46.0,0.0,0.0,0.0,0,False,False,130.0,2.0,0.9,1.1,0.9,1.2,1.0,0.9,680.0,121.0,680.0,121.0,0,0,False,0,1.0,68.0,45.0,0.0,31.8,False,True,False,False,True,10,2,False,202.0,104.0,56,DISC,SPOKED,0,0.0,80.0,80.0,300.0,760.0,34.9,700.0,1.0
415.0,75.0,596.0,73.0,146.0,45.0,539.0,73.0,654.5,50.0,40.0,28.6,33.6,36.5,23.35,13.0,15,ALUMINIUM,31.5,41.5,46.5,0.0,0.0,0.0,0,False,False,130.0,2.0,0.9,1.1,0.9,1.2,1.0,0.9,680.0,121.0,680.0,121.0,0,0,False,0,1.0,68.0,45.0,0.0,31.8,False,True,False,False,True,10,2,False,203.0,106.0,59,DISC,SPOKED,0,0.0,80.0,80.0,300.0,760.0,34.9,700.0,1.0
420.0,65.0,598.0,73.1,148.0,45.0,542.0,73.0,656.0,50.0,40.0,28.6,33.6,36.5,23.35,13.0,15,ALUMINIUM,32.0,42.0,47.0,0.0,0.0,0.0,0,False,False,130.0,2.0,0.9,1.1,0.9,1.2,1.0,0.9,680.0,121.0,680.0,121.0,0,0,False,0,1.0,68.0,45.0,0.0,31.8,False,True,False,False,True,10,2,False,204.0,108.0,62,DISC,SPOKED,0,0.0,80.0,80.0,300.0,760.0,34.9,700.0,1.0
425.0,70.0,600.0,73.2,150.0,45.0,545.0,73.0,657.5,50.0,40.0,28.6,33.6,36.5,23.35,13.0,15,ALUMINIUM,32.5,42.5,47.5,0.0,0.0,0.0,0,False,False,130.0,2.0,0.9,1.1,0.9,1.2,1.0,0.9,680.0,121.0,680.0,121.0,0,0,False,0,1.0,68.0,45.0,0.0,31.8,False,True,False,False,True,10,2,False,205.0,110.0,65,DISC,SPOKED,0,0.0,80.0,80.0,300.0,760.0,34.9,700.0,1.0
430.0,75.0,602.0,73.3,152.0,45.0,548.0,73.0,659.0,50.0,40.0,28.6,33.6,36.5,23.35,13.0,15,ALUMINIUM,33.0,43.0,48.0,0.0,0.0,0.0,0,False,False,130.0,2.0,0.9,1.1,0.9,1.2,1.0,0.9,680.0,121.0,680.0,121.0,0,0,False,0,1.0,68.0,45.0,0.0,31.8,False,True,False,False,True,10,2,False,206.0,112.0,68,DISC,SPOKED,0,0.0,80.0,80.0,300.0,760.0,34.9,700.0,1.0
435.0,65.0,604.0,73.4,154.0,45.0,551.0,73.0,660.5,50.0,40.0,28.6,33.6,36.5,23.35,13.0,15,ALUMINIUM,33.5,43.5,48.5,0.0,0.0,0.0,0,False,False,130.0,2.0,0.9,1.1,0.9,1.2,1.0,0.9,680.0,121.0,680.0,121.0,0,0,False,0,1.0,68.0,45.0,0.0,31.8,False,True,False,False,True,10,2,False,207.0,114.0,71,DISC,SPOKED,0,0.0,80.0,80.0,300.0,760.0,34.9,700.0,1.0
440.0,70.0,606.0,73.5,156.0,45.0,554.0,73.0,662.0,50.0,40.0,28.6,33.6,36.5,23.35,13.0,15,ALUMINIUM,34.0,44.0,49.0,0.0,0.0,0.0,0,False,False,130.0,2.0,0.9,1.1,0.9,1.2,1.0,0.9,680.0,121.0,680.0,121.0,0,0,False,0,1.0,68.0,45.0,0.0,31.8,False,True,False,False,True,10,2,False,208.0,116.0,74,DISC,SPOKED,0,0.0,80.0,80.0,300.0,760.0,34.9,700.0,1.0
445.0,75.0,608.0,73.6,158.0,45.0,557.0,73.0,663.5,50.0,40.0,28.6,33.6,36.5,23.35,13.0,15,ALUMINIUM,34.5,44.5,49.5,0.0,0.0,0.0,0,False,False,130.0,2.0,0.9,1.1,0.9,1.2,1.0,0.9,680.0,121.0,680.0,121.0,0,0,False,0,1.0,68.0,45.0,0.0,31.8,False,True,False,False,True,10,2,False,209.0,118.0,77,DISC,SPOKED,0,0.0,80.0,80.0,300.0,760.0,34.9,700.0,1.0
450.0,65.0,610.0,73.7,160.0,45.0,560.0,73.0,665.0,50.0,40.0,28.6,33.6,36.5,23.35,13.0,15,ALUMINIUM,35.0,45.0,50.0,0.0,0.0,0.0,0,False,False,130.0,2.0,0.9,1.1,0.9,1.2,1.0,0.9,680.0,121.0,680.0,121.0,0,0,False,0,1.0,68.0,45.0,0.0,31.8,False,True,False,False,True,10,2,False,210.0,120.0,80,DISC,SPOKED,0,0.0,80.0,80.0,300.0,760.0,34.9,700.0,1.0
500.0,70.0,620.0,72.0,180.0,50.0,550.0,73.0,670.0,45.0,40.0,40.0,28.6,36.5,23.35,13.0,15.0,ALUMINIUM,33.0,40.0,49.0,330.0,350.0,16.0,18.0,False,False,130.0,2.0,0.9,1.1,0.9,1.2,1.0,0.9,680.0,121.0,680.0,121.0,0,0,False,1,1.0,68.0,45.0,0.0,31.8,False,True,False,False,True,11,2,False,200.0,200.0,200,SPOKED,SPOKED,1,1.0,80.0,80.0,280.0,760.0,34.9,300.0,1.0
510.0,68.0,610.0,73.0,190.0,48.0,545.0,74.0,665.0,48.0,40.0,38.0,28.0,36.0,23.0,14.0,14.0,ALUMINIUM,34.0,39.0,50.0,330.0,350.0,16.0,18.0,False,False,130.0,2.0,0.9,1.1,0.9,1.2,1.0,0.9,680.0,121.0,680.0,121.0,0,0,False,1,1.0,68.0,45.0,0.0,31.8,False,True,False,False,True,10,2,False,255.0,100.0,100,SPOKED,SPOKED,1,1.0,80.0,80.0,285.0,750.0,34.9,310.0,1.0
495.0,72.0,630.0,71.0,170.0,52.0,560.0,73.5,680.0,44.0,40.0,40.0,28.6,36.5,23.35,13.5,15.5,ALUMINIUM,32.0,41.0,49.5,330.0,350.0,16.0,18.0,False,False,130.0,2.0,0.9,1.1,0.9,1.2,1.0,0.9,680.0,121.0,680.0,121.0,0,0,False,1,1.0,68.0,45.0,0.0,31.8,False,True,False,False,True,11,1,False,150.0,150.0,255,SPOKED,SPOKED,1,1.0,80.0,80.0,275.0,770.0,34.9,320.0,1.0
505.0,69.0,605.0,74.0,200.0,50.0,555.0,72.0,660.0,50.0,40.0,42.0,28.2,36.2,23.2,12.0,16.0,ALUMINIUM,35.0,38.0,50.0,330.0,350.0,16.0,18.0,False,False,130.0,2.0,0.9,1.1,0.9,1.2,1.0,0.9,680.0,121.0,680.0,121.0,0,0,False,1,1.0,68.0,45.0,0.0,31.8,False,True,False,False,True,12,2,False,100.0,100.0,100,SPOKED,SPOKED,1,1.0,80.0,80.0,295.0,740.0,34.9,300.0,1.0
520.0,65.0,615.0,72.5,160.0,49.0,548.0,74.5,675.0,47.0,40.0,39.0,28.6,36.5,23.35,14.5,14.5,ALUMINIUM,31.0,42.0,48.0,330.0,350.0,16.0,18.0,False,False,130.0,2.0,0.9,1.1,0.9,1.2,1.0,0.9,680.0,121.0,680.0,121.0,0,0,False,1,1.0,68.0,45.0,0.0,31.8,False,True,False,False,True,11,2,False,255.0,0.0,0,SPOKED,SPOKED,1,1.0,80.0,80.0,280.0,765.0,34.9,315.0,1.0
490.0,75.0,635.0,71.5,210.0,53.0,570.0,72.5,690.0,46.0,40.0,40.0,29.0,37.0,24.0,13.0,15.0,ALUMINIUM,36.0,39.0,52.0,330.0,350.0,16.0,18.0,False,False,130.0,2.0,0.9,1.1,0.9,1.2,1.0,0.9,680.0,121.0,680.0,121.0,0,0,False,1,1.0,68.0,45.0,0.0,31.8,False,True,False,False,True,10,1,False,0.0,255.0,0,SPOKED,SPOKED,1,1.0,80.0,80.0,300.0,755.0,34.9,305.0,1.0
515.0,69.5,625.0,72.0,185.0,50.0,555.0,75.0,660.0,50.0,40.0,40.0,28.6,36.5,23.35,14.0,15.0,ALUMINIUM,34.0,40.0,49.0,330.0,350.0,16.0,18.0,False,False,130.0,2.0,0.9,1.1,0.9,1.2,1.0,0.9,680.0,121.0,680.0,121.0,0,0,False,1,1.0,68.0,45.0,0.0,31.8,False,True,False,False,True,11,2,False,128.0,0.0,128,SPOKED,SPOKED,1,1.0,80.0,80.0,290.0,765.0,34.9,295.0,1.0
508.0,71.0,600.0,73.5,195.0,47.0,545.0,73.0,655.0,49.0,40.0,41.0,28.6,36.5,23.35,13.2,15.2,ALUMINIUM,33.0,39.5,49.5,330.0,350.0,16.0,18.0,False,False,130.0,2.0,0.9,1.1,0.9,1.2,1.0,0.9,680.0,121.0,680.0,121.0,0,0,False,1,1.0,68.0,45.0,0.0,31.8,False,True,False,False,True,11,2,False,255.0,255.0,200,SPOKED,SPOKED,1,1.0,80.0,80.0,278.0,755.0,34.9,300.0,1.0
492.0,73.0,640.0,71.0,205.0,54.0,575.0,72.0,685.0,46.5,40.0,40.0,28.6,36.5,23.35,12.5,15.0,ALUMINIUM,36.0,38.0,50.0,330.0,350.0,16.0,18.0,False,False,130.0,2.0,0.9,1.1,0.9,1.2,1.0,0.9,680.0,121.0,680.0,121.0,0,0,False,1,1.0,68.0,45.0,0.0,31.8,False,True,False,False,True,10,2,False,0.0,0.0,0,SPOKED,SPOKED,1,1.0,80.0,80.0,300.0,780.0,34.9,310.0,1.0
503.0,67.0,618.0,72.3,175.0,51.0,558.0,74.0,672.0,45.5,40.0,40.0,28.6,36.5,23.35,13.8,15.3,ALUMINIUM,34.5,40.5,49.8,330.0,350.0,16.0,18.0,False,False,130.0,2.0,0.9,1.1,0.9,1.2,1.0,0.9,680.0,121.0,680.0,121.0,0,0,False,1,1.0,68.0,45.0,0.0,31.8,False,True,False,False,True,11,2,False,50.0,150.0,200,SPOKED,SPOKED,1,1.0,80.0,80.0,285.0,765.0,34.9,305.0,1.0
410.0,72.0,580.0,73.0,160.0,45.0,540.0,73.5,550.0,45.0,40.0,30.0,35.0,38.0,24.0,15.0,15.0,ALUMINIUM,35.0,45.0,50.0,330.0,350.0,16.0,18.0,False,False,130.0,1.2,1.2,1.5,1.2,1.0,1.0,1.2,700.0,55.0,700.0,55.0,0,0,False,0,3.0,68.0,50.0,0.0,31.8,False,True,False,False,True,10,2,False,200.0,50.0,50.0,SPOKED,SPOKED,0,0.0,0.0,0.0,280.0,740.0,35.0,300.0,1.0
420.0,70.0,600.0,72.5,170.0,50.0,550.0,73.0,560.0,50.0,40.0,32.0,36.0,39.0,25.0,15.0,16.0,ALUMINIUM,38.0,48.0,52.0,325.0,348.0,16.0,18.0,False,False,130.0,1.1,1.2,1.4,1.2,1.0,1.0,1.2,700.0,50.0,700.0,50.0,2,0,False,0,3.0,70.0,52.0,0.0,31.8,True,True,False,False,True,11,2,False,0.0,100.0,200.0,DISC,SPOKED,0,0.0,0.0,0.0,275.0,760.0,36.0,320.0,1.0
405.0,68.0,590.0,73.2,165.0,48.0,545.0,73.3,555.0,46.0,40.0,31.0,35.0,38.0,24.0,15.0,15.0,ALUMINIUM,36.0,47.0,51.0,330.0,350.0,16.0,18.0,False,False,130.0,1.1,1.1,1.3,1.1,1.0,1.0,1.1,700.0,50.0,700.0,50.0,0,1,False,0,3.0,68.0,50.0,0.0,31.8,False,True,False,False,True,10,2,False,100.0,100.0,100.0,SPOKED,TRISPOKE,0,1.0,0.0,50.0,280.0,750.0,35.0,310.0,1.0
415.0,75.0,620.0,72.8,180.0,50.0,560.0,72.5,570.0,44.0,40.0,33.0,37.0,39.0,26.0,15.0,15.0,ALUMINIUM,40.0,50.0,55.0,330.0,350.0,16.0,18.0,False,False,130.0,1.3,1.3,1.5,1.3,1.1,1.1,1.3,700.0,55.0,700.0,55.0,0,2,False,0,3.0,72.0,54.0,0.0,31.8,False,True,True,False,True,9,2,False,150.0,150.0,150.0,SPOKED,SPOKED,0,0.0,0.0,0.0,285.0,770.0,37.0,340.0,1.0
425.0,70.0,590.0,72.3,155.0,43.0,545.0,73.8,540.0,44.0,40.0,30.0,36.0,38.0,24.0,15.0,15.0,ALUMINIUM,34.0,46.0,48.0,330.0,350.0,16.0,18.0,False,False,130.0,1.2,1.2,1.4,1.2,1.0,1.0,1.2,700.0,45.0,700.0,45.0,0,0,False,0,3.0,68.0,48.0,0.0,31.8,True,True,False,False,True,11,2,False,255.0,0.0,0.0,DISC,DISC,0,0.0,0.0,0.0,275.0,720.0,34.0,310.0,1.0
430.0,68.0,600.0,72.7,175.0,50.0,555.0,73.2,565.0,48.0,40.0,32.0,36.0,39.0,26.0,15.0,15.0,ALUMINIUM,42.0,52.0,58.0,330.0,350.0,16.0,18.0,False,False,130.0,1.2,1.2,1.5,1.2,1.1,1.1,1.2,700.0,48.0,700.0,48.0,2,1,True,0,3.0,68.0,52.0,0.0,31.8,False,True,False,False,True,12,2,False,100.0,0.0,255.0,DISC,DISC,0,0.0,0.0,0.0,285.0,760.0,36.0,330.0,1.0
400.0,74.0,630.0,73.5,190.0,55.0,580.0,72.0,590.0,45.0,40.0,34.0,36.0,40.0,28.0,15.0,15.0,ALUMINIUM,45.0,55.0,60.0,330.0,350.0,16.0,18.0,False,False,130.0,1.3,1.3,1.5,1.3,1.1,1.1,1.3,700.0,55.0,700.0,55.0,0,0,False,0,3.0,74.0,55.0,0.0,32.0,True,True,True,True,True,10,3,True,128.0,64.0,0.0,SPOKED,SPOKED,0,0.0,0.0,0.0,290.0,780.0,38.0,350.0,1.0
405.0,70.0,580.0,73.0,165.0,45.0,540.0,73.0,550.0,45.0,40.0,30.0,35.0,38.0,24.0,15.0,15.0,ALUMINIUM,36.0,46.0,50.0,330.0,350.0,16.0,18.0,False,False,130.0,1.0,1.0,1.2,1.0,0.9,0.9,1.0,700.0,50.0,700.0,50.0,0,1,False,0,3.0,68.0,50.0,0.0,30.0,False,False,False,False,True,8,1,False,50.0,150.0,200.0,SPOKED,SPOKED,0,0.0,0.0,0.0,270.0,730.0,34.0,280.0,1.0
415.0,71.0,575.0,73.4,170.0,47.0,540.0,73.7,552.0,46.0,40.0,31.0,35.0,38.0,25.0,15.0,15.0,ALUMINIUM,37.0,47.0,52.0,330.0,350.0,16.0,18.0,False,False,130.0,1.2,1.2,1.4,1.2,1.0,1.0,1.2,700.0,50.0,700.0,50.0,0,1,False,2,3.0,68.0,52.0,0.0,31.8,False,True,False,False,True,9,2,False,255.0,255.0,0.0,DISC,SPOKED,0,0.0,0.0,0.0,282.0,735.0,35.0,320.0,1.0
418.0,69.0,565.0,73.1,168.0,46.0,538.0,73.4,548.0,47.0,40.0,31.0,35.0,38.0,24.0,15.0,15.0,ALUMINIUM,39.0,49.0,53.0,330.0,350.0,16.0,18.0,False,False,130.0,1.1,1.2,1.3,1.1,1.0,1.0,1.1,700.0,50.0,700.0,50.0,0,1,False,0,3.0,68.0,50.0,0.0,31.8,False,False,False,True,True,10,2,False,10.0,200.0,100.0,TRISPOKE,TRISPOKE,1,1.0,45.0,45.0,280.0,740.0,36.0,340.0,1.0
400.0,70.0,600.0,73.0,140.0,50.0,580.0,74.0,650.0,50.0,45.0,32.0,30.0,25.0,25.0,14.0,15,ALUMINIUM,25.0,48.0,40.0,330.0,350.0,16.0,18,False,False,130.0,2.0,1.0,1.1,0.9,1.2,1.0,0.9,680.0,52.0,680.0,52.0,0,0,False,0,1.0,68.0,45.0,692.0,31.8,False,True,False,False,True,11,2,False,200.0,0.0,0,SPOKED,SPOKED,1,1.0,80.0,80.0,280.0,700.0,34.0,300.0,1.0
410.0,68.0,610.0,72.5,160.0,55.0,600.0,73.5,660.0,52.0,50.0,34.0,32.0,27.0,27.0,14.0,16,ALUMINIUM,28.0,50.0,42.0,330.0,350.0,16.0,18,False,False,135.0,2.0,1.0,1.2,1.0,1.1,1.0,1.0,672.0,55.0,672.0,55.0,0,0,False,0,1.0,68.0,44.0,692.0,32.5,False,True,False,False,True,10,2,False,0.0,150.0,200,SPOKED,SPOKED,1,1.0,75.0,75.0,285.0,710.0,35.0,300.0,1.0
395.0,75.0,590.0,74.0,100.0,60.0,570.0,73.0,640.0,48.0,40.0,30.0,28.0,24.0,23.0,13.0,15,ALUMINIUM,22.0,45.0,38.0,330.0,350.0,16.0,18,False,False,130.0,2.0,0.9,1.1,0.9,1.0,1.0,0.9,685.0,52.0,685.0,52.0,0,0,False,0,1.0,68.0,46.0,692.0,31.5,False,True,False,False,True,11,2,False,100.0,100.0,100,SPOKED,SPOKED,1,1.0,80.0,80.0,290.0,720.0,33.0,300.0,1.0
420.0,65.0,620.0,72.0,180.0,45.0,620.0,73.8,660.0,50.0,47.0,33.0,31.0,28.0,26.0,15.0,15,ALUMINIUM,30.0,55.0,45.0,330.0,350.0,16.0,18,False,False,135.0,2.0,1.0,1.1,0.9,1.2,1.0,1.0,680.0,52.0,680.0,52.0,0,0,False,0,1.0,68.0,47.0,692.0,32.0,False,True,False,False,True,9,2,False,200.0,50.0,50,SPOKED,SPOKED,1,1.0,80.0,80.0,275.0,680.0,34.0,330.0,1.0
405.0,70.0,605.0,73.5,150.0,50.0,590.0,74.0,655.0,51.0,46.0,31.0,29.0,26.0,24.0,14.0,15,ALUMINIUM,27.0,49.0,41.0,330.0,350.0,16.0,18,False,False,130.0,2.0,0.9,1.2,1.0,1.1,1.0,0.9,678.0,53.0,678.0,53.0,0,0,False,0,1.0,68.0,44.0,692.0,31.8,False,True,False,False,True,10,2,False,0.0,100.0,200,SPOKED,SPOKED,1,1.0,80.0,80.0,285.0,710.0,34.0,300.0,1.0
385.0,72.0,585.0,74.0,120.0,60.0,565.0,73.0,645.0,49.0,42.0,30.0,29.0,25.0,24.0,13.0,14,ALUMINIUM,24.0,47.0,39.0,330.0,350.0,16.0,18,False,False,130.0,2.0,0.9,1.1,0.9,1.0,1.0,0.9,682.0,52.0,682.0,52.0,0,0,False,0,1.0,68.0,45.0,692.0,31.7,False,True,False,False,True,11,2,False,150.0,150.0,0,SPOKED,SPOKED,1,1.0,80.0,80.0,280.0,705.0,33.0,300.0,1.0
430.0,68.0,615.0,72.8,170.0,48.0,605.0,73.6,662.0,52.0,48.0,35.0,32.0,28.0,26.0,14.0,16,ALUMINIUM,29.0,53.0,44.0,330.0,350.0,16.0,18,False,False,135.0,2.0,1.0,1.1,0.9,1.2,1.0,1.0,675.0,54.0,675.0,54.0,0,0,False,0,1.0,68.0,46.0,692.0,32.0,False,True,False,False,True,12,2,False,255.0,0.0,100,SPOKED,SPOKED,1,1.0,80.0,80.0,295.0,730.0,35.0,320.0,1.0
398.0,74.0,595.0,73.2,130.0,52.0,575.0,73.2,648.0,50.0,44.0,33.0,31.0,26.0,25.0,14.0,15,ALUMINIUM,26.0,48.0,40.0,330.0,350.0,16.0,18,False,False,130.0,2.0,0.9,1.2,0.9,1.0,1.0,0.9,680.0,52.0,680.0,52.0,0,0,False,0,1.0,68.0,45.0,692.0,31.8,False,True,False,False,True,10,2,False,0.0,204.0,0,SPOKED,SPOKED,1,1.0,75.0,75.0,288.0,700.0,34.0,310.0,1.0
412.0,69.0,608.0,73.7,155.0,50.0,595.0,74.0,658.0,52.0,47.0,32.0,30.0,27.0,26.0,14.0,15,ALUMINIUM,28.0,51.0,42.0,330.0,350.0,16.0,18,False,False,130.0,2.0,1.0,1.1,0.9,1.2,1.0,1.0,682.0,52.0,682.0,52.0,0,0,False,0,1.0,68.0,45.0,692.0,31.9,False,True,False,False,True,11,2,False,0.0,50.0,150,SPOKED,SPOKED,1,1.0,80.0,80.0,282.0,712.0,34.0,300.0,1.0
390.0,70.0,602.0,73.3,145.0,55.0,585.0,73.4,652.0,50.0,45.0,32.0,30.0,25.0,24.0,14.0,15,ALUMINIUM,26.0,49.0,40.0,330.0,350.0,16.0,18,False,False,130.0,2.0,0.9,1.1,0.9,1.0,1.0,0.9,680.0,52.0,680.0,52.0,0,0,False,0,1.0,68.0,45.0,692.0,31.8,False,True,False,False,True,10,2,False,100.0,0.0,200,SPOKED,SPOKED,1,1.0,80.0,80.0,285.0,708.0,34.0,300.0,1.0
400.0,70.0,610.0,73.0,160.0,50.0,550.0,73.0,650.0,50.0,47.0,30.0,35.0,23.0,23.0,13.0,15.0,ALUMINIUM,35.0,45.0,50.0,330.0,350.0,10.0,12.0,False,False,130.0,2.0,0.9,1.1,0.9,1.2,1.0,0.9,700.0,52.0,700.0,52.0,0,0,False,0,3.0,68.0,45.0,700.0,31.8,False,False,False,False,True,11,2,False,200.0,100.0,50,SPOKED,SPOKED,1,1.0,0.0,0.0,280.0,720.0,34.9,300.0,1.0
410.0,65.0,605.0,72.5,155.0,48.0,545.0,73.5,645.0,48.0,46.0,30.0,35.0,23.0,23.0,13.0,15.0,ALUMINIUM,34.0,44.0,51.0,330.0,350.0,10.0,12.0,False,False,130.0,2.0,0.9,1.1,0.9,1.2,1.0,0.9,705.0,53.0,705.0,53.0,0,0,False,0,3.0,68.0,46.0,705.0,31.8,False,False,False,False,True,12,2,False,210.0,105.0,55,SPOKED,SPOKED,1,1.0,0.0,0.0,282.0,720.0,34.9,300.0,1.0
390.0,68.0,615.0,73.5,165.0,52.0,555.0,72.0,655.0,52.0,48.0,30.0,35.0,23.0,23.0,13.0,15.0,ALUMINIUM,36.0,46.0,49.0,330.0,350.0,10.0,12.0,False,False,130.0,2.0,0.9,1.1,0.9,1.2,1.0,0.9,700.0,50.0,700.0,50.0,0,0,False,0,3.0,68.0,47.0,700.0,31.8,False,False,False,False,True,11,2,False,180.0,90.0,60,SPOKED,SPOKED,1,1.0,0.0,0.0,278.0,720.0,34.9,300.0,1.0
420.0,72.0,600.0,73.0,150.0,49.0,540.0,74.0,640.0,49.0,45.0,31.0,36.0,23.0,24.0,13.0,16.0,ALUMINIUM,33.0,43.0,52.0,330.0,350.0,10.0,12.0,False,False,132.0,2.0,0.9,1.2,1.0,1.1,1.1,1.0,695.0,54.0,695.0,54.0,0,1,False,0,1.0,68.0,48.0,695.0,31.8,False,False,False,False,True,10,2,False,220.0,120.0,80,SPOKED,SPOKED,1,1.0,0.0,0.0,276.0,720.0,34.9,300.0,1.0
395.0,67.0,620.0,72.5,170.0,51.0,565.0,73.0,660.0,48.0,47.0,29.0,34.0,23.0,23.0,14.0,15.0,ALUMINIUM,38.0,48.0,48.0,330.0,350.0,10.0,12.0,False,False,128.0,2.0,0.9,1.1,0.9,1.2,1.0,0.9,710.0,50.0,710.0,50.0,0,0,False,0,3.0,68.0,45.0,710.0,31.8,False,False,False,False,True,11,2,False,190.0,95.0,70,SPOKED,SPOKED,1,1.0,0.0,0.0,284.0,720.0,34.9,300.0,1.0
405.0,65.0,605.0,74.0,140.0,47.0,550.0,74.5,650.0,50.0,46.0,30.0,35.0,23.0,23.0,13.5,15.0,ALUMINIUM,32.0,44.0,54.0,330.0,350.0,10.0,12.0,False,False,130.0,2.0,0.9,1.1,0.9,1.2,1.0,0.9,700.0,52.0,700.0,52.0,0,0,False,0,3.0,68.0,47.0,700.0,31.8,False,False,False,False,True,11,2,False,205.0,115.0,65,SPOKED,SPOKED,1,1.0,0.0,0.0,279.0,720.0,34.9,300.0,1.0
415.0,68.0,590.0,73.0,155.0,50.0,545.0,72.5,645.0,53.0,45.0,28.0,36.0,23.0,23.0,13.0,15.0,ALUMINIUM,34.0,46.0,49.0,330.0,350.0,10.0,12.0,False,False,130.0,2.0,0.9,1.1,0.9,1.2,1.0,0.9,700.0,52.0,700.0,52.0,0,2,False,0,3.0,68.0,46.0,700.0,31.8,False,False,False,False,True,10,2,False,230.0,110.0,90,SPOKED,SPOKED,1,1.0,0.0,0.0,281.0,720.0,34.9,300.0,1.0
390.0,66.0,615.0,74.5,175.0,48.0,560.0,73.5,660.0,47.0,47.0,31.0,35.0,23.0,24.0,13.0,16.0,ALUMINIUM,37.0,47.0,47.0,330.0,350.0,10.0,12.0,False,False,128.0,2.0,0.9,1.1,0.9,1.2,1.0,0.9,695.0,51.0,695.0,51.0,0,0,False,0,3.0,68.0,45.0,695.0,31.8,False,False,False,False,True,12,2,False,195.0,100.0,75,SPOKED,SPOKED,1,1.0,0.0,0.0,285.0,720.0,34.9,300.0,1.0
430.0,75.0,600.0,72.0,185.0,53.0,570.0,72.0,670.0,52.0,48.0,32.0,36.0,24.0,24.0,13.0,15.0,ALUMINIUM,39.0,49.0,51.0,330.0,350.0,10.0,12.0,False,False,135.0,2.0,0.9,1.1,0.9,1.2,1.0,0.9,710.0,53.0,710.0,53.0,0,0,False,0,3.0,68.0,48.0,710.0,31.8,False,False,False,False,True,11,2,False,240.0,130.0,95,SPOKED,SPOKED,1,1.0,0.0,0.0,278.0,720.0,34.9,300.0,1.0
385.0,63.0,610.0,73.0,145.0,46.0,530.0,74.0,635.0,49.0,45.0,29.0,34.0,23.0,23.0,14.0,15.0,ALUMINIUM,33.0,43.0,53.0,330.0,350.0,10.0,12.0,False,False,125.0,2.0,0.9,1.1,0.9,1.2,1.0,0.9,690.0,50.0,690.0,50.0,0,0,False,0,3.0,68.0,45.0,690.0,31.8,False,False,False,False,True,10,2,False,185.0,95.0,60,SPOKED,SPOKED,1,1.0,0.0,0.0,270.0,720.0,34.9,300.0,1.0
410.0,70.0,610.0,73.0,160.0,50.0,550.0,73.0,650.0,50.0,40.0,28.6,34.9,36.5,23.35,13.0,15.0,ALUMINIUM,10.0,40.0,40.0,330.0,350.0,16.0,18.0,False,False,130.0,2.0,0.9,1.1,0.9,1.2,1.0,0.9,674.0,52.0,674.0,52.0,0,2,False,0,1.0,68.0,45.0,31.8,31.8,False,True,False,False,True,11,2,False,50.0,50.0,150,SPOKED,SPOKED,0,0.0,0.0,0.0,278.0,740.0,34.9,300.0,1.0
420.0,65.0,620.0,72.5,170.0,60.0,560.0,73.5,660.0,55.0,40.0,28.6,34.9,36.5,23.35,13.0,15.0,ALUMINIUM,12.0,42.0,38.0,330.0,350.0,16.0,18.0,False,False,130.0,2.0,0.9,1.1,0.9,1.2,1.0,0.9,674.0,52.0,674.0,52.0,0,2,False,0,1.0,68.0,45.0,31.8,31.8,False,True,False,False,True,11,2,False,204.0,0.0,0,SPOKED,SPOKED,0,0.0,0.0,0.0,278.0,730.0,34.9,300.0,1.0
400.0,75.0,600.0,74.0,150.0,55.0,540.0,72.5,640.0,48.0,40.0,28.6,34.9,36.5,23.35,13.0,15.0,ALUMINIUM,8.0,38.0,42.0,330.0,350.0,16.0,18.0,False,False,130.0,2.0,0.9,1.1,0.9,1.2,1.0,0.9,674.0,52.0,674.0,52.0,0,2,False,0,1.0,68.0,45.0,31.8,31.8,False,True,False,False,True,11,2,False,0.0,204.0,0,SPOKED,SPOKED,0,0.0,0.0,0.0,278.0,735.0,34.9,300.0,1.0
395.0,68.0,590.0,73.5,155.0,52.0,545.0,74.0,645.0,50.0,40.0,28.6,34.9,36.5,23.35,13.0,15.0,ALUMINIUM,10.0,35.0,45.0,330.0,350.0,16.0,18.0,False,False,130.0,2.0,0.9,1.1,0.9,1.2,1.0,0.9,674.0,52.0,674.0,52.0,0,2,False,0,1.0,68.0,45.0,31.8,31.8,False,True,False,False,True,11,2,False,0.0,0.0,204,SPOKED,SPOKED,0,0.0,0.0,0.0,278.0,732.0,34.9,300.0,1.0
430.0,72.0,630.0,72.0,180.0,58.0,565.0,73.0,665.0,50.0,40.0,28.6,34.9,36.5,23.35,13.0,15.0,ALUMINIUM,11.0,44.0,36.0,330.0,350.0,16.0,18.0,False,False,130.0,2.0,0.9,1.1,0.9,1.2,1.0,0.9,674.0,52.0,674.0,52.0,0,2,False,0,1.0,68.0,45.0,31.8,31.8,False,True,False,False,True,11,2,False,204.0,204.0,0,SPOKED,SPOKED,0,0.0,0.0,0.0,278.0,745.0,34.9,300.0,1.0
405.0,65.0,605.0,73.0,160.0,50.0,555.0,74.0,650.0,52.0,40.0,28.6,34.9,36.5,23.35,13.0,15.0,ALUMINIUM,9.0,40.0,42.0,330.0,350.0,16.0,18.0,False,False,130.0,2.0,0.9,1.1,0.9,1.2,1.0,0.9,674.0,52.0,674.0,52.0,0,2,False,0,1.0,68.0,45.0,31.8,31.8,False,True,False,False,True,11,2,False,204.0,0.0,204,SPOKED,SPOKED,0,0.0,0.0,0.0,278.0,738.0,34.9,300.0,1.0
425.0,70.0,615.0,72.0,165.0,57.0,560.0,73.0,655.0,49.0,40.0,28.6,34.9,36.5,23.35,13.0,15.0,ALUMINIUM,11.0,42.0,39.0,330.0,350.0,16.0,18.0,False,False,135.0,2.0,0.9,1.1,0.9,1.2,1.0,0.9,674.0,52.0,674.0,52.0,0,2,False,0,1.0,68.0,45.0,31.8,31.8,False,True,False,False,True,11,2,False,0.0,204.0,204,SPOKED,SPOKED,0,0.0,0.0,0.0,278.0,742.0,34.9,300.0,1.0
415.0,66.0,600.0,73.0,150.0,53.0,550.0,74.0,640.0,50.0,40.0,28.6,34.9,36.5,23.35,13.0,15.0,ALUMINIUM,10.0,40.0,40.0,330.0,350.0,16.0,18.0,False,False,130.0,2.0,0.9,1.1,0.9,1.2,1.0,0.9,674.0,52.0,674.0,52.0,0,2,False,0,1.0,68.0,45.0,31.8,31.8,False,True,False,False,True,11,2,False,102.0,51.0,153,SPOKED,SPOKED,0,0.0,0.0,0.0,278.0,725.0,34.9,300.0,1.0
405.0,69.0,600.0,73.0,158.0,54.0,555.0,73.5,650.0,50.0,40.0,28.6,34.9,36.5,23.35,13.0,15.0,ALUMINIUM,9.0,42.0,41.0,330.0,350.0,16.0,18.0,False,False,130.0,2.0,0.9,1.1,0.9,1.2,1.0,0.9,674.0,52.0,674.0,52.0,0,2,False,0,1.0,68.0,45.0,31.8,31.8,False,True,False,False,True,11,2,False,51.0,102.0,153,SPOKED,SPOKED,0,0.0,0.0,0.0,278.0,738.0,34.9,300.0,1.0
410.0,71.0,620.0,72.5,170.0,56.0,560.0,73.0,660.0,52.0,40.0,28.6,34.9,36.5,23.35,13.0,15.0,ALUMINIUM,12.0,43.0,39.0,330.0,350.0,16.0,18.0,False,False,130.0,2.0,0.9,1.1,0.9,1.2,1.0,0.9,674.0,52.0,674.0,52.0,0,2,False,0,1.0,68.0,45.0,31.8,31.8,False,True,False,False,True,11,2,False,153.0,51.0,102,SPOKED,SPOKED,0,0.0,0.0,0.0,278.0,748.0,34.9,300.0,1.0
420.0,70.0,600.0,73.0,150.0,45.0,550.0,73.0,620.0,50.0,40.0,35.0,36.0,23.0,23.0,13.0,15,ALUMINIUM,30.0,50.0,40.0,0.0,0.0,0.0,0,False,False,130.0,2.0,0.9,1.1,0.9,1.2,1.0,0.9,700.0,25.0,700.0,25.0,0,1,False,0,1.0,68.0,45.0,0.0,32.0,False,True,False,False,True,11,2,False,100.0,150.0,200,SPOKED,SPOKED,0,0.0,0.0,0.0,280.0,750.0,36.0,350.0,1.0
420.0,70.0,600.0,73.5,155.0,45.0,550.0,73.5,620.0,50.0,40.0,35.0,36.0,23.0,23.0,13.0,15,ALUMINIUM,32.0,50.0,40.0,0.0,0.0,0.0,0,False,False,130.0,2.5,0.9,1.1,0.9,1.2,1.0,0.9,700.0,25.0,700.0,25.0,0,1,True,0,1.0,68.0,45.0,0.0,32.0,False,True,False,False,True,12,1,False,200.0,50.0,50,SPOKED,SPOKED,0,0.0,0.0,0.0,285.0,760.0,36.0,350.0,1.0
430.0,68.0,610.0,72.5,140.0,45.0,560.0,72.0,630.0,48.0,40.0,35.0,36.0,23.0,23.0,13.0,15,ALUMINIUM,28.0,52.0,38.0,0.0,0.0,0.0,0,False,False,130.0,2.2,0.95,1.15,0.95,1.25,1.05,0.95,700.0,25.0,700.0,25.0,0,2,False,2,3.0,68.0,50.0,0.0,32.0,False,True,False,False,True,11,2,False,150.0,100.0,100,SPOKED,SPOKED,0,0.0,0.0,0.0,282.0,755.0,36.0,355.0,2.0
430.0,65.0,605.0,74.0,160.0,45.0,540.0,74.0,625.0,52.0,40.0,35.0,36.0,23.0,23.0,13.0,15,ALUMINIUM,34.0,48.0,42.0,0.0,0.0,0.0,0,False,False,130.0,2.5,1.0,1.2,1.0,1.3,1.1,1.0,700.0,25.0,700.0,25.0,0,1,True,0,0.0,68.0,55.0,0.0,32.0,False,True,False,False,True,12,1,False,0.0,0.0,255,SPOKED,TRISPOKE,1,1.0,0.0,0.0,290.0,770.0,36.0,330.0,0.0
425.0,72.0,595.0,73.0,150.0,45.0,555.0,73.0,615.0,50.0,40.0,35.0,36.0,23.0,23.0,13.0,15,ALUMINIUM,30.0,50.0,40.0,0.0,0.0,0.0,0,False,False,130.0,2.2,0.9,1.1,0.9,1.2,1.0,0.9,700.0,25.0,700.0,25.0,0,1,False,0,2.0,68.0,45.0,0.0,32.0,False,True,False,False,False,10,2,False,80.0,120.0,200,TRISPOKE,DISC,2,2.0,45.0,45.0,275.0,740.0,36.0,340.0,1.0
418.0,69.0,598.0,72.8,148.0,44.0,552.0,72.5,618.0,49.0,40.0,35.0,36.0,23.0,23.0,13.0,15,ALUMINIUM,29.0,51.0,39.0,0.0,0.0,0.0,0,False,False,130.0,2.0,0.85,1.05,0.85,1.15,0.95,0.85,700.0,25.0,700.0,25.0,0,2,False,0,1.0,68.0,44.0,0.0,32.0,False,True,False,False,True,11,1,False,50.0,200.0,150,SPOKED,SPOKED,0,0.0,0.0,0.0,278.0,748.0,36.0,345.0,1.0
435.0,75.0,615.0,73.3,155.0,46.0,565.0,73.0,625.0,52.0,40.0,35.0,36.0,23.0,23.0,13.0,15,ALUMINIUM,31.0,55.0,45.0,0.0,0.0,0.0,0,False,False,130.0,2.5,0.95,1.15,0.95,1.25,1.05,0.95,700.0,25.0,700.0,25.0,0,1,False,0,1.0,68.0,45.0,0.0,32.0,False,True,False,False,True,11,2,False,120.0,100.0,80,SPOKED,DISC,0,0.0,0.0,0.0,286.0,765.0,36.0,360.0,1.0
415.0,68.0,590.0,72.0,140.0,45.0,545.0,72.0,610.0,50.0,40.0,35.0,36.0,23.0,23.0,13.0,15,ALUMINIUM,28.0,48.0,42.0,0.0,0.0,0.0,0,False,False,130.0,2.3,0.9,1.1,0.9,1.2,1.0,0.9,700.0,25.0,700.0,25.0,0,2,False,2,0.0,68.0,45.0,0.0,32.0,False,True,False,False,True,11,2,False,60.0,180.0,220,SPOKED,SPOKED,0,0.0,0.0,0.0,274.0,730.0,36.0,345.0,0.0
425.0,70.0,605.0,73.5,160.0,45.0,550.0,74.0,620.0,50.0,40.0,35.0,36.0,23.0,23.0,13.0,15,ALUMINIUM,34.0,50.0,45.0,0.0,0.0,0.0,0,False,False,130.0,2.6,0.95,1.2,0.95,1.3,1.1,0.95,700.0,25.0,700.0,25.0,0,1,False,0,0.0,68.0,55.0,0.0,31.8,False,True,False,False,True,12,1,False,255.0,200.0,0,TRISPOKE,SPOKED,1,0.0,0.0,0.0,292.0,778.0,36.0,340.0,0.0
422.0,71.0,602.0,73.2,152.0,46.0,555.0,73.0,618.0,51.0,40.0,35.0,36.0,23.0,23.0,13.0,15,ALUMINIUM,31.0,50.0,43.0,0.0,0.0,0.0,0,False,False,130.0,2.4,0.9,1.05,0.9,1.2,1.0,0.9,700.0,25.0,700.0,25.0,0,1,False,0,1.0,68.0,47.0,0.0,32.0,False,True,False,False,False,11,2,False,90.0,180.0,210,SPOKED,SPOKED,0,0.0,0.0,0.0,280.0,755.0,36.0,350.0,1.0
405.0,70.0,600.0,73.0,150.0,45.0,540.0,73.0,550.0,50.0,40.0,28.6,36.5,23.35,13.0,13.0,15,ALUMINIUM,30.0,50.0,45.0,330.0,350.0,16.0,18,False,False,130.0,2.0,0.9,1.1,0.9,1.2,1.0,0.9,672.0,25.0,672.0,25.0,0,0,False,0,1.0,68.0,45.0,692.0,31.8,False,True,False,False,True,11,2,False,100.0,100.0,200,SPOKED,SPOKED,0,0.0,0.0,0.0,278.0,750.0,34.9,300.0,1.0
410.0,65.0,620.0,72.0,170.0,45.0,550.0,73.5,545.0,45.0,40.0,28.6,36.5,23.35,13.0,13.0,15,ALUMINIUM,30.0,50.0,45.0,330.0,350.0,16.0,18,False,False,130.0,2.0,0.9,1.1,0.9,1.2,1.0,0.9,672.0,25.0,672.0,25.0,0,0,False,0,1.0,68.0,45.0,692.0,31.8,False,True,False,False,True,11,2,False,100.0,100.0,200,SPOKED,SPOKED,0,0.0,0.0,0.0,278.0,750.0,34.9,300.0,1.0
400.0,75.0,580.0,74.0,130.0,45.0,530.0,74.0,560.0,55.0,40.0,28.6,36.5,23.35,13.0,13.0,15,ALUMINIUM,30.0,50.0,45.0,330.0,350.0,16.0,18,False,False,130.0,2.0,0.9,1.1,0.9,1.2,1.0,0.9,672.0,25.0,672.0,25.0,0,0,False,0,1.0,68.0,45.0,692.0,31.8,False,True,False,False,True,11,2,False,100.0,100.0,200,SPOKED,SPOKED,0,0.0,0.0,0.0,278.0,750.0,34.9,300.0,1.0
405.0,68.0,590.0,74.5,140.0,45.0,525.0,75.0,540.0,48.0,40.0,28.6,36.5,23.35,13.0,13.0,15,ALUMINIUM,30.0,50.0,45.0,330.0,350.0,16.0,18,False,False,130.0,2.0,0.9,1.1,0.9,1.2,1.0,0.9,672.0,25.0,672.0,25.0,0,0,False,0,1.0,68.0,45.0,692.0,31.8,False,True,False,False,True,11,2,False,100.0,100.0,200,SPOKED,SPOKED,0,0.0,0.0,0.0,278.0,750.0,34.9,300.0,1.0
415.0,60.0,610.0,72.5,160.0,45.0,560.0,72.0,565.0,52.0,40.0,28.6,36.5,23.35,13.0,13.0,15,ALUMINIUM,30.0,50.0,45.0,330.0,350.0,16.0,18,False,False,130.0,2.0,0.9,1.1,0.9,1.2,1.0,0.9,672.0,25.0,672.0,25.0,0,0,False,0,1.0,68.0,45.0,692.0,31.8,False,True,False,False,True,11,2,False,100.0,100.0,200,SPOKED,SPOKED,0,0.0,0.0,0.0,278.0,750.0,34.9,300.0,1.0
395.0,80.0,585.0,73.5,120.0,45.0,520.0,74.5,555.0,50.0,40.0,28.6,36.5,23.35,13.0,13.0,15,ALUMINIUM,30.0,50.0,45.0,330.0,350.0,16.0,18,False,False,130.0,2.0,0.9,1.1,0.9,1.2,1.0,0.9,672.0,25.0,672.0,25.0,0,0,False,0,1.0,68.0,45.0,692.0,31.8,False,True,False,False,True,11,2,False,100.0,100.0,200,SPOKED,SPOKED,0,0.0,0.0,0.0,278.0,750.0,34.9,300.0,1.0
400.0,72.0,605.0,73.0,155.0,45.0,545.0,73.5,550.0,47.0,40.0,28.6,36.5,23.35,13.0,13.0,15,ALUMINIUM,30.0,50.0,45.0,330.0,350.0,16.0,18,False,False,130.0,2.0,0.9,1.1,0.9,1.2,1.0,0.9,672.0,25.0,672.0,25.0,0,0,False,0,1.0,68.0,45.0,692.0,31.8,False,True,False,False,True,11,2,False,100.0,100.0,200,SPOKED,SPOKED,0,0.0,0.0,0.0,278.0,750.0,34.9,300.0,1.0
410.0,63.0,630.0,71.5,180.0,45.0,555.0,72.5,540.0,45.0,40.0,28.6,36.5,23.35,13.0,13.0,15,ALUMINIUM,30.0,50.0,45.0,330.0,350.0,16.0,18,False,False,130.0,2.0,0.9,1.1,0.9,1.2,1.0,0.9,672.0,25.0,672.0,25.0,0,0,False,0,1.0,68.0,45.0,692.0,31.8,False,True,False,False,True,11,2,False,100.0,100.0,200,SPOKED,SPOKED,0,0.0,0.0,0.0,278.0,750.0,34.9,300.0,1.0
395.0,78.0,575.0,74.0,110.0,45.0,515.0,75.0,565.0,55.0,40.0,28.6,36.5,23.35,13.0,13.0,15,ALUMINIUM,30.0,50.0,45.0,330.0,350.0,16.0,18,False,False,130.0,2.0,0.9,1.1,0.9,1.2,1.0,0.9,672.0,25.0,672.0,25.0,0,0,False,0,1.0,68.0,45.0,692.0,31.8,False,True,False,False,True,11,2,False,100.0,100.0,200,SPOKED,SPOKED,0,0.0,0.0,0.0,278.0,750.0,34.9,300.0,1.0
410.0,70.0,600.0,73.0,150.0,45.0,540.0,73.0,545.0,50.0,40.0,28.6,36.5,23.35,13.0,13.0,15,ALUMINIUM,30.0,50.0,45.0,330.0,350.0,16.0,18,False,False,130.0,2.0,0.9,1.1,0.9,1.2,1.0,0.9,672.0,25.0,672.0,25.0,0,0,False,0,1.0,68.0,45.0,692.0,31.8,False,True,False,False,True,11,1,False,100.0,100.0,200,SPOKED,SPOKED,0,0.0,0.0,0.0,278.0,750.0,34.9,300.0,1.0
405.0,70.0,600.0,73.0,150.0,45.0,560.0,73.5,650.0,45.0,40.0,28.6,33.6,36.5,36.5,13.0,15.0,ALUMINIUM,25.0,40.0,50.0,330.0,350.0,16.0,18.0,False,False,130.0,2.0,0.9,1.1,0.9,1.2,1.0,0.9,700.0,55.0,700.0,55.0,0,0,False,0,3.0,68.0,45.0,0.0,31.8,True,True,False,False,True,11,2,False,30.0,144.0,255.0,DISC,SPOKED,0,1.0,80.0,80.0,280.0,750.0,33.6,300.0,1.0
410.0,68.0,610.0,72.5,160.0,40.0,550.0,73.0,660.0,50.0,40.0,28.6,33.6,36.5,36.5,13.0,16.0,ALUMINIUM,30.0,45.0,55.0,330.0,350.0,16.0,18.0,False,False,130.0,2.0,0.9,1.1,0.9,1.2,1.0,0.9,700.0,52.0,700.0,52.0,0,1,False,0,3.0,70.0,46.0,0.0,31.8,True,True,False,False,True,11,2,False,255.0,0.0,0.0,SPOKED,SPOKED,1,1.0,80.0,80.0,285.0,760.0,33.6,300.0,1.0
420.0,65.0,620.0,73.5,140.0,48.0,565.0,74.0,645.0,45.0,40.0,28.6,33.6,36.5,36.5,13.0,15.0,ALUMINIUM,28.0,42.0,52.0,330.0,350.0,16.0,18.0,False,False,130.0,2.0,0.9,1.1,0.9,1.2,1.0,0.9,700.0,54.0,700.0,54.0,0,0,False,0,0.0,68.0,45.0,34.9,34.9,True,True,False,False,True,11,2,False,192.0,192.0,192.0,DISC,SPOKED,0,1.0,80.0,80.0,275.0,745.0,33.6,300.0,0.0
395.0,75.0,590.0,72.0,180.0,42.0,580.0,73.0,670.0,50.0,40.0,28.6,33.6,36.5,36.5,13.0,15.0,ALUMINIUM,35.0,50.0,60.0,330.0,350.0,16.0,18.0,False,False,130.0,2.0,0.9,1.1,0.9,1.2,1.0,0.9,700.0,57.0,700.0,57.0,0,1,False,0,3.0,72.0,48.0,0.0,31.8,True,True,False,False,True,11,2,False,0.0,122.0,204.0,SPOKED,SPOKED,1,1.0,80.0,80.0,282.0,755.0,33.6,300.0,1.0
430.0,60.0,630.0,74.0,130.0,55.0,540.0,74.0,640.0,40.0,40.0,28.6,33.6,36.5,36.5,13.0,15.0,ALUMINIUM,27.0,43.0,49.0,330.0,350.0,16.0,18.0,False,False,130.0,2.0,0.9,1.1,0.9,1.2,1.0,0.9,700.0,50.0,700.0,50.0,0,2,False,0,3.0,68.0,44.0,0.0,31.8,True,True,False,False,True,11,2,False,255.0,215.0,0.0,DISC,DISC,0,0.0,80.0,80.0,278.0,752.0,33.6,300.0,1.0
400.0,72.0,605.0,73.0,155.0,46.0,570.0,73.5,658.0,45.0,40.0,28.6,33.6,36.5,36.5,13.0,15.0,ALUMINIUM,32.0,47.0,54.0,330.0,350.0,16.0,18.0,False,False,130.0,2.0,0.9,1.1,0.9,1.2,1.0,0.9,700.0,53.0,700.0,53.0,0,1,False,0,3.0,69.0,47.0,0.0,31.8,True,True,False,False,True,11,2,False,255.0,255.0,255.0,SPOKED,SPOKED,1,1.0,80.0,80.0,280.0,748.0,33.6,300.0,1.0
415.0,67.0,615.0,73.2,145.0,44.0,555.0,73.2,655.0,48.0,40.0,28.6,33.6,36.5,36.5,13.0,15.0,ALUMINIUM,29.0,41.0,53.0,330.0,350.0,16.0,18.0,False,False,130.0,2.0,0.9,1.1,0.9,1.2,1.0,0.9,700.0,56.0,700.0,56.0,0,2,False,0,3.0,68.0,46.0,0.0,31.8,True,True,False,False,True,11,2,False,100.0,149.0,237.0,DISC,SPOKED,0,1.0,80.0,80.0,282.0,757.0,33.6,300.0,1.0
425.0,69.0,618.0,73.8,135.0,50.0,565.0,73.6,648.0,47.0,40.0,28.6,33.6,36.5,36.5,13.0,15.0,ALUMINIUM,26.0,44.0,51.0,330.0,350.0,16.0,18.0,False,False,130.0,2.0,0.9,1.1,0.9,1.2,1.0,0.9,700.0,57.0,700.0,57.0,0,0,False,0,1.0,68.0,45.0,0.0,31.8,True,True,False,False,True,11,2,False,255.0,105.0,180.0,SPOKED,TRISPOKE,1,1.0,80.0,100.0,278.0,753.0,33.6,300.0,1.0
410.0,71.0,602.0,72.8,165.0,47.0,575.0,73.8,662.0,46.0,40.0,28.6,33.6,36.5,36.5,13.0,15.0,ALUMINIUM,31.0,49.0,57.0,330.0,350.0,16.0,18.0,False,False,130.0,2.0,0.9,1.1,0.9,1.2,1.0,0.9,700.0,51.0,700.0,51.0,0,1,False,0,3.0,68.0,45.0,0.0,31.8,True,True,False,False,True,11,2,False,75.0,0.0,130.0,DISC,DISC,0,0.0,80.0,80.0,281.0,758.0,33.6,300.0,1.0
420.0,64.0,625.0,74.2,125.0,52.0,550.0,74.4,635.0,42.0,40.0,28.6,33.6,36.5,36.5,13.0,15.0,ALUMINIUM,24.0,39.0,47.0,330.0,350.0,16.0,18.0,False,False,130.0,2.0,0.9,1.1,0.9,1.2,1.0,0.9,700.0,58.0,700.0,58.0,0,0,False,0,3.0,68.0,45.0,0.0,31.8,True,True,False,False,True,11,2,False,255.0,140.0,0.0,SPOKED,TRISPOKE,1,1.0,80.0,90.0,279.0,749.0,33.6,300.0,1.0
405.0,72.0,600.0,73.0,150.0,45.0,540.0,73.0,645.0,50.0,45.0,30.0,28.0,36.5,25.0,15.0,15.0,ALUMINIUM,30.0,45.0,50.0,330.0,350.0,16.0,18.0,False,False,130.0,2.0,0.9,1.1,0.9,1.2,1.0,0.9,700.0,50.0,700.0,50.0,0,0,False,0,3.0,68.0,45.0,692.0,31.8,False,True,False,False,True,11,2,False,200.0,50.0,50,DISC,SPOKED,0,0.0,0.0,0.0,75.0,760.0,34.9,300.0,1.0
412.0,70.0,610.0,72.5,160.0,50.0,545.0,73.5,650.0,48.0,47.0,32.0,29.0,36.5,26.0,15.0,16.0,ALUMINIUM,32.0,46.0,52.0,335.0,355.0,16.0,18.0,True,True,135.0,2.0,1.0,1.2,0.9,1.2,1.0,1.1,700.0,45.0,700.0,45.0,0,2,False,0,3.0,68.0,45.0,692.0,31.8,False,True,False,False,True,12,2,False,0.0,128.0,255,DISC,DISC,0,0.0,0.0,0.0,80.0,770.0,34.9,320.0,1.0
398.0,75.0,580.0,73.8,140.0,40.0,530.0,74.0,640.0,52.0,50.0,28.0,26.0,36.5,25.0,14.0,14.0,ALUMINIUM,28.0,44.0,48.0,330.0,350.0,16.0,18.0,False,False,130.0,2.0,0.9,1.0,0.9,1.2,1.0,0.9,715.0,40.0,715.0,40.0,0,1,False,0,3.0,68.0,45.0,692.0,31.8,False,False,False,False,True,11,2,False,255.0,165.0,0,SPOKED,SPOKED,0,0.0,0.0,0.0,70.0,750.0,34.9,305.0,1.0
420.0,68.0,620.0,72.0,155.0,55.0,550.0,73.0,655.0,49.0,46.0,31.0,29.0,36.5,26.0,15.0,16.0,ALUMINIUM,31.0,47.0,51.0,332.0,352.0,16.0,18.0,True,False,135.0,2.0,1.0,1.1,0.9,1.2,1.0,1.0,700.0,50.0,700.0,50.0,0,0,False,0,3.0,68.0,45.0,692.0,31.8,False,True,False,False,True,11,2,False,128.0,128.0,128,DISC,DISC,0,0.0,0.0,0.0,76.0,765.0,34.9,310.0,1.0
390.0,74.0,590.0,73.5,145.0,47.0,535.0,74.0,635.0,53.0,49.0,30.0,28.0,36.5,26.5,15.0,15.5,ALUMINIUM,29.0,45.5,49.0,331.0,351.0,16.0,18.0,False,True,130.0,2.0,0.9,1.1,0.9,1.2,1.0,0.9,710.0,48.0,710.0,48.0,0,2,False,0,3.0,68.0,45.0,692.0,31.8,False,True,False,False,True,10,2,False,0.0,0.0,255,SPOKED,SPOKED,0,0.0,0.0,0.0,78.0,755.0,34.9,315.0,1.0
415.0,73.0,605.0,72.8,152.0,50.0,545.0,73.2,648.0,51.0,48.0,31.0,29.0,36.5,25.5,15.0,15.0,ALUMINIUM,30.5,46.5,50.5,333.0,353.0,16.0,18.0,False,False,135.0,2.0,0.9,1.1,0.9,1.2,1.0,1.0,695.0,52.0,695.0,52.0,0,1,False,0,3.0,68.0,45.0,692.0,31.8,False,True,False,False,True,11,2,False,178.0,34.0,34,DISC,SPOKED,0,0.0,0.0,0.0,74.0,765.0,34.9,305.0,1.0
405.0,71.0,595.0,74.0,148.0,49.0,545.0,73.8,642.0,50.0,47.0,29.0,27.0,36.5,26.0,15.0,15.0,ALUMINIUM,29.5,45.8,49.2,330.0,350.0,16.0,18.0,True,False,130.0,2.0,1.0,1.1,0.9,1.2,1.0,1.0,700.0,50.0,700.0,50.0,0,0,False,0,3.0,68.0,45.0,692.0,31.8,False,True,False,False,True,12,2,False,0.0,100.0,0,SPOKED,DISC,0,0.0,0.0,0.0,77.0,755.0,34.9,310.0,1.0
395.0,69.0,588.0,73.3,142.0,46.0,540.0,73.7,638.0,49.5,46.0,30.5,28.5,36.5,25.8,15.0,15.0,ALUMINIUM,30.0,46.0,50.0,332.0,352.0,16.0,18.0,False,True,135.0,2.0,0.9,1.1,0.9,1.2,1.0,1.0,705.0,48.0,705.0,48.0,0,2,False,0,3.0,68.0,45.0,692.0,31.8,False,True,False,False,True,11,2,False,255.0,20.0,147,SPOKED,SPOKED,0,0.0,0.0,0.0,72.0,745.0,34.9,300.0,1.0
430.0,76.0,625.0,72.2,158.0,53.0,560.0,72.8,660.0,47.0,44.0,32.0,30.0,36.5,26.2,15.0,16.0,ALUMINIUM,33.0,48.0,53.0,334.0,354.0,16.0,18.0,True,True,135.0,2.0,1.0,1.1,0.9,1.2,1.0,1.1,700.0,50.0,700.0,50.0,0,1,False,0,3.0,68.0,45.0,692.0,31.8,False,True,False,False,True,11,2,False,75.0,0.0,130,DISC,DISC,0,0.0,0.0,0.0,79.0,780.0,34.9,325.0,1.0
400.0,78.0,600.0,72.6,150.0,48.0,545.0,73.3,650.0,50.0,45.0,30.0,28.0,36.5,26.0,15.0,15.0,ALUMINIUM,30.0,46.0,50.0,330.0,350.0,16.0,18.0,False,False,130.0,2.0,0.9,1.1,0.9,1.2,1.0,1.0,700.0,50.0,700.0,50.0,0,2,False,0,3.0,68.0,45.0,692.0,31.8,False,True,False,False,True,11,2,False,34.0,139.0,34,DISC,SPOKED,0,0.0,0.0,0.0,80.0,770.0,34.9,315.0,1.0
420.0,70.0,590.0,73.0,155.0,45.0,520.0,73.5,650.0,50.0,40.0,28.6,33.0,36.5,36.5,13.0,15.0,ALUMINIUM,30.0,40.0,45.0,0.0,0.0,0.0,0.0,False,False,130.0,2.0,0.9,1.1,0.9,1.2,1.0,0.9,672.0,25.0,672.0,25.0,0,1,False,0,1.0,68.0,44.0,0.0,31.8,False,True,False,False,True,10,2,False,200.0,50.0,100,SPOKED,SPOKED,0,0.0,0.0,0.0,280.0,760.0,34.9,300.0,1.0
430.0,75.0,605.0,72.5,165.0,47.0,530.0,73.0,655.0,48.0,40.0,30.0,34.0,37.0,37.0,13.5,16.0,ALUMINIUM,35.0,45.0,50.0,0.0,0.0,0.0,0.0,False,False,130.0,2.0,0.9,1.1,0.9,1.2,1.0,0.9,674.0,28.0,674.0,28.0,0,0,False,0,0.0,70.0,46.0,0.0,33.0,False,True,False,False,True,11,2,False,255.0,100.0,50,DISC,SPOKED,0,0.0,0.0,0.0,285.0,770.0,36.0,320.0,1.0
425.0,80.0,600.0,74.0,150.0,45.0,525.0,74.0,645.0,52.0,40.0,28.6,33.5,36.5,36.5,13.0,15.0,ALUMINIUM,32.0,42.0,48.0,0.0,0.0,0.0,0.0,False,False,130.0,2.0,0.9,1.1,0.9,1.2,1.0,0.9,680.0,30.0,680.0,30.0,0,2,False,0,1.0,68.0,44.5,0.0,31.8,False,True,False,False,True,10,2,False,0.0,120.0,200,SPOKED,TRISPOKE,0,1.0,0.0,70.0,270.0,755.0,34.9,290.0,1.0
435.0,70.0,620.0,72.0,160.0,46.0,540.0,73.0,660.0,47.0,40.0,28.6,33.0,36.5,36.5,13.0,15.0,ALUMINIUM,36.0,44.0,52.0,0.0,0.0,0.0,0.0,False,False,130.0,2.0,0.9,1.1,0.9,1.2,1.0,0.9,672.0,25.0,672.0,25.0,0,1,False,0,1.0,68.0,45.0,0.0,31.8,False,True,False,False,True,12,2,False,50.0,180.0,75,DISC,DISC,0,0.0,0.0,0.0,290.0,775.0,35.0,310.0,1.0
420.0,65.0,585.0,74.5,145.0,45.0,515.0,74.5,640.0,53.0,40.0,28.6,33.0,36.5,36.5,13.0,15.0,ALUMINIUM,28.0,38.0,42.0,0.0,0.0,0.0,0.0,False,False,130.0,2.0,0.9,1.1,0.9,1.2,1.0,0.9,666.0,22.0,666.0,22.0,0,1,False,0,1.0,68.0,43.0,0.0,31.8,False,True,False,False,True,9,2,False,10.0,150.0,230,TRISPOKE,SPOKED,1,0.0,80.0,0.0,275.0,740.0,34.9,300.0,1.0
450.0,72.0,605.0,72.5,170.0,50.0,550.0,72.0,660.0,49.0,40.0,28.6,33.0,36.5,36.5,13.0,17.0,ALUMINIUM,38.0,48.0,55.0,0.0,0.0,0.0,0.0,False,False,130.0,2.0,0.9,1.1,0.9,1.2,1.0,0.9,672.0,25.0,672.0,25.0,0,1,False,0,1.0,70.0,47.0,0.0,31.8,False,True,False,False,True,11,3,False,255.0,0.0,100,SPOKED,SPOKED,0,0.0,0.0,0.0,285.0,780.0,34.9,310.0,1.0
430.0,70.0,595.0,73.5,158.0,45.0,525.0,73.5,650.0,50.0,40.0,30.0,34.0,37.0,37.0,13.0,16.0,ALUMINIUM,33.0,43.0,49.0,0.0,0.0,0.0,0.0,False,False,130.0,2.0,0.9,1.1,0.9,1.2,1.0,0.9,678.0,28.0,678.0,28.0,0,1,False,0,2.0,68.0,46.5,0.0,31.8,True,False,False,False,True,10,1,False,125.0,50.0,200,TRISPOKE,SPOKED,1,0.0,75.0,0.0,280.0,765.0,35.5,305.0,1.0
415.0,68.0,610.0,72.0,175.0,45.0,535.0,72.0,655.0,46.0,40.0,28.6,33.0,36.5,36.5,13.0,15.0,ALUMINIUM,40.0,50.0,60.0,0.0,0.0,0.0,0.0,False,False,130.0,2.0,0.9,1.1,0.9,1.2,1.0,0.9,672.0,25.0,672.0,25.0,0,1,False,0,1.0,68.0,48.0,0.0,31.8,False,True,False,False,True,10,2,False,0.0,0.0,255,DISC,TRISPOKE,0,1.0,0.0,80.0,285.0,790.0,34.9,320.0,1.0
440.0,73.0,600.0,73.0,162.0,46.0,540.0,73.0,658.0,49.0,40.0,29.0,34.0,37.0,37.0,13.0,15.0,ALUMINIUM,37.0,47.0,53.0,0.0,0.0,0.0,0.0,False,False,130.0,2.0,0.9,1.1,0.9,1.2,1.0,0.9,670.0,27.0,670.0,27.0,0,2,False,0,3.0,70.0,46.0,0.0,31.8,False,True,False,False,True,11,2,False,80.0,80.0,80,SPOKED,SPOKED,0,0.0,0.0,0.0,280.0,780.0,35.0,310.0,1.0
435.0,70.0,595.0,74.0,148.0,45.0,526.0,74.0,646.0,52.0,40.0,28.6,33.0,36.5,36.5,13.0,15.0,ALUMINIUM,31.0,41.0,47.0,0.0,0.0,0.0,0.0,False,False,130.0,2.0,0.9,1.1,0.9,1.2,1.0,0.9,674.0,28.0,674.0,28.0,0,1,False,0,1.0,68.0,45.0,0.0,31.8,False,True,False,False,True,10,2,False,150.0,200.0,50,SPOKED,SPOKED,0,0.0,0.0,0.0,275.0,760.0,34.9,300.0,1.0
420.0,70.0,610.0,73.0,150.0,40.0,560.0,73.0,670.0,50.0,40.0,30.0,30.0,27.0,27.0,13.0,15.0,ALUMINIUM,30.0,40.0,20.0,330.0,350.0,16.0,18.0,False,False,130.0,2.0,0.9,1.1,0.9,1.2,1.0,0.9,700.0,70.0,700.0,70.0,0,0,False,0,1.0,68.0,45.0,0.0,31.8,False,True,False,False,True,10,2,False,192.0,192.0,192,SPOKED,SPOKED,1,1.0,80.0,80.0,278.0,760.0,34.9,300.0,1.0
425.0,72.0,605.0,72.5,130.0,42.0,550.0,74.0,665.0,52.0,45.0,28.0,28.0,25.0,25.0,13.0,14.0,ALUMINIUM,28.0,36.0,22.0,330.0,350.0,17.0,18.0,True,False,130.0,2.0,0.9,1.1,0.9,1.2,1.0,0.9,700.0,72.0,700.0,72.0,0,0,False,0,3.0,68.0,45.0,0.0,31.8,True,True,False,False,True,10,2,False,0.0,0.0,255,DISC,TRISPOKE,1,1.0,80.0,80.0,278.0,760.0,34.9,300.0,1.0
430.0,65.0,620.0,74.0,140.0,45.0,565.0,72.0,680.0,48.0,50.0,32.0,32.0,28.0,28.0,14.0,16.0,ALUMINIUM,32.0,42.0,18.0,330.0,350.0,16.0,18.0,False,False,130.0,2.0,0.9,1.1,0.9,1.2,1.0,0.9,700.0,70.0,700.0,70.0,0,0,False,0,1.0,68.0,45.0,0.0,31.8,False,True,False,False,True,10,2,False,255.0,0.0,0,SPOKED,SPOKED,1,1.0,80.0,80.0,278.0,760.0,34.9,300.0,1.0
415.0,68.0,600.0,73.5,160.0,48.0,580.0,73.5,675.0,50.0,40.0,30.0,30.0,27.0,27.0,13.0,15.0,ALUMINIUM,30.0,40.0,20.0,330.0,350.0,16.0,18.0,False,False,130.0,2.0,0.9,1.1,0.9,1.2,1.0,0.9,700.0,70.0,700.0,70.0,0,0,False,0,0.0,68.0,45.0,0.0,31.8,False,True,False,False,True,10,2,False,0.0,255.0,0,SPOKED,SPOKED,1,1.0,80.0,80.0,278.0,760.0,34.9,300.0,1.0
440.0,75.0,625.0,72.0,145.0,35.0,555.0,74.5,690.0,46.0,42.0,31.0,31.0,29.0,29.0,12.0,14.0,ALUMINIUM,29.0,38.0,22.0,330.0,350.0,16.0,18.0,True,False,130.0,2.0,0.9,1.1,0.9,1.2,1.0,0.9,700.0,70.0,700.0,70.0,0,0,False,0,3.0,68.0,45.0,0.0,31.8,True,True,True,False,True,10,2,False,255.0,165.0,0,SPOKED,SPOKED,1,1.0,80.0,80.0,278.0,760.0,34.9,300.0,1.0
410.0,70.0,590.0,74.5,120.0,42.0,570.0,73.0,660.0,54.0,40.0,29.0,29.0,26.0,26.0,13.0,15.0,ALUMINIUM,28.0,39.0,21.0,330.0,350.0,16.0,18.0,False,False,130.0,2.0,0.9,1.1,0.9,1.2,1.0,0.9,700.0,70.0,700.0,70.0,0,0,False,0,2.0,68.0,45.0,0.0,31.8,False,True,False,False,True,10,2,False,128.0,0.0,128,TRISPOKE,TRISPOKE,1,1.0,80.0,80.0,278.0,760.0,34.9,300.0,1.0
430.0,66.0,615.0,73.0,155.0,38.0,565.0,72.5,685.0,49.0,45.0,33.0,33.0,30.0,30.0,13.5,15.5,ALUMINIUM,31.0,41.0,19.0,330.0,350.0,16.0,18.0,False,False,130.0,2.0,0.9,1.1,0.9,1.2,1.0,0.9,700.0,70.0,700.0,70.0,0,0,False,0,1.0,68.0,45.0,0.0,31.8,False,True,False,False,True,11,2,False,0.0,0.0,0,SPOKED,SPOKED,1,1.0,80.0,80.0,278.0,760.0,34.9,300.0,1.0
450.0,62.0,628.0,71.5,135.0,46.0,590.0,73.0,672.0,51.0,48.0,28.6,30.0,26.0,26.0,13.0,15.0,ALUMINIUM,27.0,37.0,23.0,330.0,350.0,16.0,18.0,False,False,130.0,2.0,0.9,1.1,0.9,1.2,1.0,0.9,700.0,70.0,700.0,70.0,0,0,False,0,3.0,68.0,45.0,0.0,31.8,False,True,False,False,True,10,2,True,0.0,128.0,255,DISC,SPOKED,1,1.0,80.0,80.0,278.0,760.0,34.9,300.0,1.0
420.0,63.0,605.0,74.0,142.0,44.0,560.0,72.8,678.0,50.0,44.0,30.0,29.0,27.0,27.0,13.0,15.0,ALUMINIUM,30.0,40.0,20.0,330.0,350.0,16.0,18.0,False,False,130.0,2.0,0.9,1.1,0.9,1.2,1.0,0.9,700.0,70.0,700.0,70.0,0,0,False,0,1.0,68.0,45.0,0.0,31.8,False,True,False,False,True,10,2,False,255.0,255.0,255,SPOKED,SPOKED,1,1.0,80.0,80.0,278.0,760.0,34.9,300.0,1.0
435.0,69.0,618.0,73.2,148.0,39.0,575.0,73.2,680.0,49.0,46.0,32.0,32.0,29.0,29.0,14.0,16.0,ALUMINIUM,33.0,43.0,18.0,330.0,350.0,16.0,18.0,False,False,130.0,2.0,0.9,1.1,0.9,1.2,1.0,0.9,700.0,70.0,700.0,70.0,0,0,False,0,2.0,68.0,45.0,0.0,31.8,True,True,False,False,True,10,1,False,0.0,255.0,255,SPOKED,SPOKED,1,1.0,80.0,80.0,278.0,760.0,34.9,300.0,1.0
420.0,70.0,610.0,73.0,160.0,45.0,550.0,73.5,665.0,50.0,40.0,28.6,34.9,36.5,23.35,13.0,15.0,ALUMINIUM,30.0,50.0,50.0,0.0,0.0,0.0,0.0,False,False,130.0,2.0,0.9,1.1,0.9,1.2,1.0,0.9,680.0,120.0,680.0,120.0,0,0,False,0,1.0,68.0,45.0,692.0,31.8,False,True,False,False,True,11,2,False,30.0,144.0,255,SPOKED,SPOKED,0,0.0,0.0,0.0,280.0,720.0,34.9,700.0,1.0
415.0,68.0,605.0,73.5,155.0,47.0,545.0,74.0,660.0,52.0,40.0,28.6,34.9,36.5,23.35,13.0,15.0,ALUMINIUM,32.0,48.0,52.0,0.0,0.0,0.0,0.0,False,False,130.0,2.0,0.9,1.1,0.9,1.2,1.0,0.9,700.0,115.0,700.0,115.0,0,0,False,0,1.0,68.0,44.0,692.0,31.8,True,True,False,False,True,12,2,False,255.0,105.0,180,SPOKED,SPOKED,0,0.0,0.0,0.0,285.0,715.0,34.9,710.0,1.0
430.0,72.0,615.0,72.5,170.0,43.0,555.0,73.0,670.0,48.0,40.0,29.0,35.0,37.0,24.0,13.5,15.0,ALUMINIUM,35.0,52.0,48.0,0.0,0.0,0.0,0.0,False,False,130.0,2.0,0.9,1.1,0.9,1.2,1.0,0.9,680.0,120.0,680.0,120.0,0,0,False,0,1.0,68.0,42.0,692.0,31.6,False,True,False,False,True,11,2,False,34.0,139.0,34,SPOKED,SPOKED,0,0.0,0.0,0.0,290.0,730.0,35.0,720.0,1.0
400.0,68.0,600.0,73.0,150.0,46.0,540.0,74.0,655.0,50.0,40.0,28.6,34.5,36.0,23.0,13.0,15.0,ALUMINIUM,28.0,46.0,54.0,0.0,0.0,0.0,0.0,False,False,130.0,2.0,0.9,1.1,0.9,1.2,1.0,0.9,680.0,120.0,680.0,120.0,0,0,False,0,1.0,68.0,46.0,692.0,31.8,False,True,False,False,True,10,1,False,255.0,165.0,0,SPOKED,SPOKED,0,0.0,0.0,0.0,278.0,710.0,34.5,700.0,1.0
425.0,74.0,620.0,74.0,180.0,44.0,560.0,73.5,675.0,49.0,40.0,28.6,35.2,36.5,23.35,13.0,15.0,ALUMINIUM,33.0,55.0,45.0,0.0,0.0,0.0,0.0,False,False,130.0,2.0,0.9,1.1,0.9,1.2,1.0,0.9,660.0,130.0,660.0,130.0,0,0,False,0,1.0,68.0,44.0,692.0,31.8,True,False,False,False,True,12,2,False,128.0,0.0,128,SPOKED,SPOKED,0,0.0,0.0,0.0,295.0,740.0,35.2,740.0,1.0
435.0,69.0,630.0,73.2,175.0,48.0,565.0,73.8,680.0,51.0,40.0,28.6,34.9,36.5,23.35,13.0,15.0,ALUMINIUM,36.0,50.0,49.0,0.0,0.0,0.0,0.0,False,False,130.0,2.0,0.9,1.1,0.9,1.2,1.0,0.9,680.0,120.0,680.0,120.0,0,0,False,0,1.0,68.0,45.0,692.0,31.8,False,True,False,False,True,11,2,False,0.0,128.0,128,SPOKED,SPOKED,0,0.0,0.0,0.0,300.0,745.0,34.9,760.0,1.0
410.0,70.0,590.0,72.8,165.0,45.0,535.0,74.2,650.0,50.0,40.0,28.6,34.8,36.0,23.2,13.0,15.0,ALUMINIUM,31.0,49.0,53.0,0.0,0.0,0.0,0.0,False,False,130.0,2.0,0.9,1.1,0.9,1.2,1.0,0.9,680.0,120.0,680.0,120.0,0,0,False,0,1.0,68.0,43.0,692.0,31.7,False,True,False,False,True,11,2,False,255.0,20.0,147,SPOKED,SPOKED,0,0.0,0.0,0.0,282.0,705.0,34.8,680.0,1.0
405.0,67.0,595.0,73.7,158.0,46.5,545.0,73.3,660.0,50.0,40.0,28.6,34.7,36.3,23.35,13.0,15.0,ALUMINIUM,29.0,51.0,51.0,0.0,0.0,0.0,0.0,False,False,130.0,2.0,0.9,1.1,0.9,1.2,1.0,0.9,680.0,118.0,680.0,118.0,0,0,False,0,1.0,68.0,44.0,692.0,31.8,True,False,False,False,True,9,2,False,0.0,0.0,0,SPOKED,SPOKED,0,0.0,0.0,0.0,288.0,715.0,34.7,690.0,1.0
450.0,75.0,625.0,74.2,185.0,44.5,570.0,73.6,690.0,53.0,40.0,29.0,35.4,36.5,23.35,13.0,15.0,ALUMINIUM,37.0,57.0,47.0,0.0,0.0,0.0,0.0,False,False,130.0,2.0,0.9,1.1,0.9,1.2,1.0,0.9,700.0,110.0,700.0,110.0,0,0,False,0,1.0,68.0,46.0,692.0,31.8,False,True,False,False,True,11,2,False,255.0,69.0,0,SPOKED,SPOKED,0,0.0,0.0,0.0,292.0,750.0,35.4,750.0,1.0
395.0,68.5,585.0,72.3,152.0,45.5,530.0,74.5,645.0,50.0,40.0,28.6,34.2,36.0,23.3,13.0,15.0,ALUMINIUM,27.0,47.0,53.0,0.0,0.0,0.0,0.0,False,False,130.0,2.0,0.9,1.1,0.9,1.2,1.0,0.9,680.0,120.0,680.0,120.0,0,0,False,0,1.0,68.0,42.0,692.0,31.8,True,True,False,False,True,10,2,False,192.0,192.0,192,SPOKED,SPOKED,0,0.0,0.0,0.0,300.0,705.0,34.2,695.0,1.0
410.0,70.0,630.0,73.0,160.0,50.0,550.0,73.5,655.0,45.0,45.0,30.0,30.0,36.5,30.0,13.0,15.0,ALUMINIUM,30.0,50.0,45.0,330.0,350.0,16.0,18.0,False,False,130.0,2.0,0.9,1.1,0.9,1.2,1.0,0.9,680.0,120.0,680.0,120.0,0,1,False,0,1.0,68.0,45.0,31.8,28.6,False,True,False,False,True,11,2,False,200.0,50.0,50.0,SPOKED,SPOKED,1,1.0,80.0,80.0,280.0,760.0,34.9,740.0,0.0
420.0,72.0,640.0,72.5,170.0,50.0,560.0,73.0,650.0,45.0,45.0,30.0,30.0,36.5,30.0,13.0,15.0,ALUMINIUM,30.0,50.0,45.0,330.0,350.0,16.0,18.0,False,False,130.0,2.0,0.9,1.1,0.9,1.2,1.0,0.9,680.0,120.0,680.0,120.0,0,1,False,0,1.0,68.0,45.0,31.8,28.6,False,True,False,False,True,11,2,False,220.0,20.0,20.0,SPOKED,SPOKED,1,1.0,80.0,80.0,280.0,755.0,34.9,730.0,0.0
400.0,68.0,620.0,73.5,155.0,50.0,540.0,74.0,660.0,45.0,45.0,30.0,30.0,36.5,30.0,13.0,15.0,ALUMINIUM,30.0,50.0,45.0,330.0,350.0,16.0,18.0,False,False,130.0,2.0,0.9,1.1,0.9,1.2,1.0,0.9,680.0,120.0,680.0,120.0,0,1,False,0,1.0,68.0,45.0,31.8,28.6,False,True,False,False,True,11,2,False,180.0,30.0,60.0,SPOKED,SPOKED,1,1.0,80.0,80.0,280.0,750.0,34.9,760.0,0.0
430.0,75.0,650.0,72.0,180.0,50.0,570.0,73.0,645.0,45.0,45.0,30.0,30.0,36.5,30.0,13.0,15.0,ALUMINIUM,30.0,50.0,45.0,330.0,350.0,16.0,18.0,False,False,130.0,2.0,0.9,1.1,0.9,1.2,1.0,0.9,680.0,120.0,680.0,120.0,0,1,False,0,1.0,68.0,45.0,31.8,28.6,False,True,False,False,True,11,2,False,50.0,100.0,200.0,SPOKED,SPOKED,1,1.0,80.0,80.0,280.0,770.0,34.9,720.0,0.0
415.0,65.0,615.0,74.0,150.0,50.0,550.0,73.5,660.0,45.0,45.0,30.0,30.0,36.5,30.0,13.0,15.0,ALUMINIUM,30.0,50.0,45.0,330.0,350.0,16.0,18.0,False,False,130.0,2.0,0.9,1.1,0.9,1.2,1.0,0.9,680.0,120.0,680.0,120.0,0,1,False,0,1.0,68.0,45.0,31.8,28.6,False,True,False,False,True,11,2,False,100.0,200.0,50.0,SPOKED,SPOKED,1,1.0,80.0,80.0,280.0,745.0,34.9,750.0,0.0
425.0,70.0,635.0,73.0,165.0,50.0,555.0,74.0,655.0,45.0,45.0,30.0,30.0,36.5,30.0,13.0,15.0,ALUMINIUM,30.0,50.0,45.0,330.0,350.0,16.0,18.0,False,False,130.0,2.0,0.9,1.1,0.9,1.2,1.0,0.9,680.0,120.0,680.0,120.0,0,1,False,0,1.0,68.0,45.0,31.8,28.6,False,True,False,False,True,11,2,False,254.0,165.0,0.0,SPOKED,SPOKED,1,1.0,80.0,80.0,280.0,765.0,34.9,745.0,0.0
405.0,70.0,628.0,73.0,162.0,50.0,552.0,73.5,658.0,45.0,45.0,30.0,30.0,36.5,30.0,13.0,15.0,ALUMINIUM,30.0,50.0,45.0,330.0,350.0,16.0,18.0,False,False,130.0,2.0,0.9,1.1,0.9,1.2,1.0,0.9,680.0,120.0,680.0,120.0,0,1,False,0,1.0,68.0,45.0,31.8,28.6,False,True,False,False,True,11,2,False,128.0,0.0,128.0,SPOKED,SPOKED,1,1.0,80.0,80.0,280.0,758.0,34.9,738.0,0.0
412.0,69.0,632.0,73.2,158.0,50.0,548.0,73.8,652.0,45.0,45.0,30.0,30.0,36.5,30.0,13.0,15.0,ALUMINIUM,30.0,50.0,45.0,330.0,350.0,16.0,18.0,False,False,130.0,2.0,0.9,1.1,0.9,1.2,1.0,0.9,680.0,120.0,680.0,120.0,0,1,False,0,1.0,68.0,45.0,31.8,28.6,False,True,False,False,True,11,2,False,0.0,128.0,0.0,SPOKED,SPOKED,1,1.0,80.0,80.0,280.0,755.0,34.9,735.0,0.0
418.0,71.0,638.0,72.8,168.0,50.0,558.0,73.2,648.0,45.0,45.0,30.0,30.0,36.5,30.0,13.0,15.0,ALUMINIUM,30.0,50.0,45.0,330.0,350.0,16.0,18.0,False,False,130.0,2.0,0.9,1.1,0.9,1.2,1.0,0.9,680.0,120.0,680.0,120.0,0,1,False,0,1.0,68.0,45.0,31.8,28.6,False,True,False,False,True,11,2,False,0.0,0.0,200.0,SPOKED,SPOKED,1,1.0,80.0,80.0,280.0,762.0,34.9,732.0,0.0
422.0,73.0,645.0,72.3,172.0,50.0,565.0,74.0,660.0,45.0,45.0,30.0,30.0,36.5,30.0,13.0,15.0,ALUMINIUM,30.0,50.0,45.0,330.0,350.0,16.0,18.0,False,False,130.0,2.0,0.9,1.1,0.9,1.2,1.0,0.9,680.0,120.0,680.0,120.0,0,1,False,0,1.0,68.0,45.0,31.8,28.6,False,True,False,False,True,11,2,False,0.0,200.0,200.0,SPOKED,SPOKED,1,1.0,80.0,80.0,280.0,768.0,34.9,728.0,0.0
