CS textfield,BB textfield,Stack,Head angle,Head tube length textfield,Seat stay junction0,Seat tube length,Seat angle,DT Length,FORK0R,BB diameter,ttd,dtd,csd,ssd,Chain stay position on BB,SSTopZOFFSET,MATERIAL,Head tube upper extension2,Seat tube extension2,Head tube lower extension2,SEATSTAYbrdgshift,CHAINSTAYbrdgshift,SEATSTAYbrdgdia1,CHAINSTAYbrdgdia1,SEATSTAYbrdgCheck,CHAINSTAYbrdgCheck,Dropout spacing,Wall thickness Bottom Bracket,Wall thickness Top tube,Wall thickness Head tube,Wall thickness Down tube,Wall thickness Chain stay,Wall thickness Seat stay,Wall thickness Seat tube,Wheel diameter front,RDBSD,Wheel diameter rear,FDBSD,Fork type,Stem kind,Display AEROBARS,Handlebar style,Head tube type,BB length,Head tube diameter,Wheel cut,Seat tube diameter,bottle SEATTUBE0 show,bottle DOWNTUBE0 show,Front Fender include,Rear Fender include,BELTorCHAIN,Number of cogs,Number of chainrings,Display RACK,FIRST color R_RGB,FIRST color G_RGB,FIRST color B_RGB,RIM_STYLE front,RIM_STYLE rear,SPOKES composite front,SPOKES composite rear,SBLADEW front,SBLADEW rear,Saddle length,Saddle height,Down tube diameter,Seatpost LENGTH,Seat tube type
420.0,65.0,600.0,73.0,180.0,50.0,540.0,73.0,660.0,50.0,45.0,30.0,34.0,36.0,28.0,13.0,15.0,STEEL,35.0,50.0,50.0,330.0,350.0,16.0,18.0,False,False,135.0,2.0,0.9,1.1,0.9,1.2,1.0,0.9,674.0,50.0,674.0,50.0,0,1,False,0,1,68.0,45.0,0.0,31.8,True,True,False,False,True,8,2,True,112.0,128.0,144,SPOKED,SPOKED,0,0,0.0,0.0,280.0,760.0,34.9,300.0,1.0
425.0,67.0,610.0,72.5,185.0,48.0,550.0,74.0,670.0,52.0,45.0,31.0,35.0,35.0,27.0,12.0,16.0,STEEL,36.0,51.0,48.0,330.0,350.0,16.0,18.0,False,False,135.0,2.0,0.9,1.1,0.9,1.2,1.0,0.9,674.0,50.0,674.0,50.0,0,1,False,0,1,68.0,45.0,0.0,31.8,True,True,False,False,True,8,2,True,112.0,128.0,144,SPOKED,SPOKED,0,0,0.0,0.0,280.0,760.0,34.9,300.0,1.0
430.0,66.0,590.0,73.5,175.0,52.0,530.0,73.0,650.0,48.0,45.0,29.0,33.0,34.0,26.0,14.0,15.0,STEEL,34.0,49.0,51.0,330.0,350.0,16.0,18.0,False,False,135.0,2.0,0.9,1.1,0.9,1.2,1.0,0.9,674.0,50.0,674.0,50.0,0,1,False,0,1,68.0,45.0,0.0,31.8,True,True,False,False,True,8,2,True,112.0,128.0,144,SPOKED,SPOKED,0,0,0.0,0.0,280.0,760.0,34.9,300.0,1.0
415.0,64.0,605.0,72.0,190.0,50.0,540.0,74.5,680.0,51.0,45.0,32.0,36.0,37.0,29.0,13.0,15.0,STEEL,38.0,50.0,52.0,330.0,350.0,16.0,18.0,False,False,135.0,2.0,0.9,1.1,0.9,1.2,1.0,0.9,674.0,50.0,674.0,50.0,0,1,False,0,1,68.0,45.0,0.0,31.8,True,True,False,False,True,8,2,True,112.0,128.0,144,SPOKED,SPOKED,0,0,0.0,0.0,280.0,760.0,34.9,300.0,1.0
428.0,63.0,595.0,74.0,170.0,47.0,548.0,72.5,660.0,50.0,45.0,30.0,34.0,36.0,28.0,13.0,16.0,STEEL,35.0,52.0,49.0,330.0,350.0,16.0,18.0,False,False,135.0,2.0,0.9,1.1,0.9,1.2,1.0,0.9,674.0,50.0,674.0,50.0,0,1,False,0,1,68.0,45.0,0.0,31.8,True,True,False,False,True,8,2,True,112.0,128.0,144,SPOKED,SPOKED,0,0,0.0,0.0,280.0,760.0,34.9,300.0,1.0
422.0,65.0,620.0,73.0,160.0,55.0,555.0,73.8,690.0,53.0,45.0,33.0,35.0,38.0,30.0,13.0,15.0,STEEL,32.0,54.0,47.0,330.0,350.0,16.0,18.0,False,False,135.0,2.0,0.9,1.1,0.9,1.2,1.0,0.9,674.0,50.0,674.0,50.0,0,1,False,0,1,68.0,45.0,0.0,31.8,True,True,False,False,True,8,2,True,112.0,128.0,144,SPOKED,SPOKED,0,0,0.0,0.0,280.0,760.0,34.9,300.0,1.0
418.0,68.0,600.0,71.5,195.0,49.0,545.0,74.0,675.0,49.0,45.0,31.0,34.0,36.0,28.0,13.0,15.0,STEEL,36.0,50.0,50.0,330.0,350.0,16.0,18.0,False,False,135.0,2.0,0.9,1.1,0.9,1.2,1.0,0.9,674.0,50.0,674.0,50.0,0,1,False,0,1,68.0,45.0,0.0,31.8,True,True,False,False,True,8,2,True,112.0,128.0,144,SPOKED,SPOKED,0,0,0.0,0.0,280.0,760.0,34.9,300.0,1.0
422.0,62.0,615.0,72.0,182.0,53.0,560.0,73.2,685.0,52.0,45.0,32.0,35.0,37.0,29.0,14.0,14.0,STEEL,34.0,49.0,51.0,330.0,350.0,16.0,18.0,False,False,135.0,2.0,0.9,1.1,0.9,1.2,1.0,0.9,674.0,50.0,674.0,50.0,0,1,False,0,1,68.0,45.0,0.0,31.8,True,True,False,False,True,8,2,True,112.0,128.0,144,SPOKED,SPOKED,0,0,0.0,0.0,280.0,760.0,34.9,300.0,1.0
427.0,67.0,580.0,73.8,165.0,46.0,535.0,73.0,655.0,47.0,45.0,29.0,33.0,35.0,27.0,13.0,15.0,STEEL,33.0,48.0,52.0,330.0,350.0,16.0,18.0,False,False,135.0,2.0,0.9,1.1,0.9,1.2,1.0,0.9,674.0,50.0,674.0,50.0,0,1,False,0,1,68.0,45.0,0.0,31.8,True,True,False,False,True,8,2,True,112.0,128.0,144,SPOKED,SPOKED,0,0,0.0,0.0,280.0,760.0,34.9,300.0,1.0
420.0,65.0,610.0,72.2,178.0,51.0,550.0,74.2,667.0,50.0,45.0,30.0,34.0,36.0,28.0,13.0,15.0,STEEL,37.0,51.0,49.0,330.0,350.0,16.0,18.0,False,False,135.0,2.0,0.9,1.1,0.9,1.2,1.0,0.9,674.0,50.0,674.0,50.0,0,1,False,0,1,68.0,45.0,0.0,31.8,True,True,False,False,True,8,2,True,112.0,128.0,144,SPOKED,SPOKED,0,0,0.0,0.0,280.0,760.0,34.9,300.0,1.0
435.0,70.0,580.0,72.0,150.0,45.0,600.0,74.0,650.0,50.0,40.0,30.0,30.0,36.5,23.35,15.0,15.0,STEEL,30.0,45.0,45.0,330.0,350.0,16.0,18.0,False,False,130.0,2.0,1.2,1.2,1.0,1.2,1.0,1.0,680.0,20.0,680.0,20.0,0,2,False,0,1,68.0,45.0,0.0,31.8,True,True,False,False,True,8,2,True,112.0,128.0,144,SPOKED,SPOKED,1,1,80.0,80.0,280.0,750.0,35.0,300.0,1.0
440.0,70.0,590.0,73.0,155.0,50.0,620.0,74.5,655.0,50.0,40.0,30.0,30.0,36.5,23.35,15.0,15.0,STEEL,32.0,45.0,48.0,330.0,350.0,16.0,18.0,False,False,130.0,2.0,1.2,1.2,1.0,1.2,1.0,1.0,680.0,20.0,680.0,20.0,0,2,False,0,1,68.0,45.0,0.0,31.8,True,True,False,False,True,8,2,True,112.0,128.0,144,SPOKED,SPOKED,1,1,80.0,80.0,285.0,760.0,35.0,300.0,1.0
450.0,70.0,600.0,74.0,160.0,47.0,610.0,73.5,660.0,50.0,40.0,30.0,30.0,36.5,23.35,15.0,15.0,STEEL,34.0,45.0,50.0,330.0,350.0,16.0,18.0,False,False,130.0,2.0,1.2,1.2,1.0,1.2,1.0,1.0,680.0,20.0,680.0,20.0,0,2,False,0,1,68.0,45.0,0.0,31.8,True,True,False,False,True,8,2,True,112.0,128.0,144,SPOKED,SPOKED,1,1,80.0,80.0,290.0,745.0,35.0,300.0,1.0
430.0,70.0,585.0,72.5,145.0,43.0,595.0,74.0,645.0,50.0,40.0,30.0,30.0,36.5,23.35,15.0,15.0,STEEL,31.0,45.0,44.0,330.0,350.0,16.0,18.0,False,False,130.0,2.0,1.2,1.2,1.0,1.2,1.0,1.0,680.0,20.0,680.0,20.0,0,2,False,0,1,68.0,45.0,0.0,31.8,True,True,False,False,True,8,2,True,112.0,128.0,144,SPOKED,SPOKED,1,1,80.0,80.0,275.0,755.0,35.0,300.0,1.0
460.0,70.0,610.0,73.5,165.0,52.0,630.0,75.0,670.0,50.0,40.0,30.0,30.0,36.5,23.35,15.0,15.0,STEEL,36.0,45.0,55.0,330.0,350.0,16.0,18.0,False,False,130.0,2.0,1.2,1.2,1.0,1.2,1.0,1.0,680.0,20.0,680.0,20.0,0,2,False,0,1,68.0,45.0,0.0,31.8,True,True,False,False,True,8,2,True,112.0,128.0,144,SPOKED,SPOKED,1,1,80.0,80.0,288.0,762.0,35.0,300.0,1.0
465.0,70.0,600.0,73.0,158.0,48.0,620.0,74.2,665.0,50.0,40.0,30.0,30.0,36.5,23.35,15.0,15.0,STEEL,33.0,45.0,49.0,330.0,350.0,16.0,18.0,False,False,130.0,2.0,1.2,1.2,1.0,1.2,1.0,1.0,680.0,20.0,680.0,20.0,0,2,False,0,1,68.0,45.0,0.0,31.8,True,True,False,False,True,8,2,True,112.0,128.0,144,SPOKED,SPOKED,1,1,80.0,80.0,282.0,770.0,35.0,300.0,1.0
445.0,70.0,595.0,72.8,152.0,46.0,605.0,73.8,648.0,50.0,40.0,30.0,30.0,36.5,23.35,15.0,15.0,STEEL,32.5,45.0,47.0,330.0,350.0,16.0,18.0,False,False,130.0,2.0,1.2,1.2,1.0,1.2,1.0,1.0,680.0,20.0,680.0,20.0,0,2,False,0,1,68.0,45.0,0.0,31.8,True,True,False,False,True,8,2,True,112.0,128.0,144,SPOKED,SPOKED,1,1,80.0,80.0,279.0,748.0,35.0,300.0,1.0
475.0,70.0,620.0,74.0,170.0,55.0,640.0,75.0,680.0,50.0,40.0,30.0,30.0,36.5,23.35,15.0,15.0,STEEL,35.0,45.0,52.0,330.0,350.0,16.0,18.0,False,False,130.0,2.0,1.2,1.2,1.0,1.2,1.0,1.0,680.0,20.0,680.0,20.0,0,2,False,0,1,68.0,45.0,0.0,31.8,True,True,False,False,True,8,2,True,112.0,128.0,144,SPOKED,SPOKED,1,1,80.0,80.0,292.0,760.0,35.0,300.0,1.0
455.0,70.0,605.0,73.2,162.0,49.0,615.0,74.6,672.0,50.0,40.0,30.0,30.0,36.5,23.35,15.0,15.0,STEEL,34.5,45.0,51.0,330.0,350.0,16.0,18.0,False,False,130.0,2.0,1.2,1.2,1.0,1.2,1.0,1.0,680.0,20.0,680.0,20.0,0,2,False,0,1,68.0,45.0,0.0,31.8,True,True,False,False,True,8,2,True,112.0,128.0,144,SPOKED,SPOKED,1,1,80.0,80.0,285.0,758.0,35.0,300.0,1.0
420.0,70.0,580.0,72.2,148.0,44.0,590.0,73.2,650.0,50.0,40.0,30.0,30.0,36.5,23.35,15.0,15.0,STEEL,31.5,45.0,46.0,330.0,350.0,16.0,18.0,False,False,130.0,2.0,1.2,1.2,1.0,1.2,1.0,1.0,680.0,20.0,680.0,20.0,0,2,False,0,1,68.0,45.0,0.0,31.8,True,True,False,False,True,8,2,True,112.0,128.0,144,SPOKED,SPOKED,1,1,80.0,80.0,278.0,740.0,35.0,300.0,1.0
400.0,70.0,590.0,73.0,150.0,45.0,530.0,74.0,660.0,50.0,45.0,28.6,36.5,23.35,13.0,15.0,9.0,STEEL,34.0,50.0,49.0,330.0,350.0,16.0,18.0,False,False,130.0,2.0,0.9,1.1,0.9,1.0,0.9,0.9,680.0,52.0,680.0,52.0,0,0,False,0,1,68.0,45.0,0.0,31.8,True,True,False,False,True,9,2,True,112.0,128.0,144,SPOKED,SPOKED,0,0,80.0,80.0,280.0,720.0,36.5,300.0,1.0
405.0,71.0,595.0,72.5,155.0,45.0,535.0,73.5,665.0,48.0,45.0,28.6,36.5,23.35,13.0,15.0,9.0,STEEL,35.0,52.0,50.0,330.0,350.0,16.0,18.0,False,False,130.0,2.0,0.9,1.1,0.9,1.0,0.9,0.9,680.0,52.0,680.0,52.0,0,0,False,0,1,68.0,45.0,0.0,31.8,True,True,False,False,True,9,2,True,112.0,128.0,144,SPOKED,SPOKED,0,0,80.0,80.0,280.0,720.0,36.5,300.0,1.0
410.0,69.0,580.0,73.5,148.0,45.0,525.0,74.0,655.0,47.0,45.0,28.6,36.5,23.35,13.0,15.0,9.0,STEEL,33.0,48.0,48.0,330.0,350.0,16.0,18.0,False,False,130.0,2.0,0.9,1.1,0.9,1.0,0.9,0.9,680.0,52.0,680.0,52.0,0,0,False,0,1,68.0,45.0,0.0,31.8,True,True,False,False,True,9,2,True,112.0,128.0,144,SPOKED,SPOKED,0,0,80.0,80.0,280.0,720.0,36.5,300.0,1.0
395.0,72.0,600.0,73.0,160.0,45.0,540.0,73.0,670.0,49.0,45.0,28.6,36.5,23.35,13.0,15.0,9.0,STEEL,36.0,54.0,51.0,330.0,350.0,16.0,18.0,False,False,130.0,2.0,0.9,1.1,0.9,1.0,0.9,0.9,680.0,52.0,680.0,52.0,0,0,False,0,1,68.0,45.0,0.0,31.8,True,True,False,False,True,9,2,True,112.0,128.0,144,SPOKED,SPOKED,0,0,80.0,80.0,280.0,720.0,36.5,300.0,1.0
415.0,68.0,610.0,72.0,145.0,45.0,538.0,74.0,662.0,46.0,45.0,28.6,36.5,23.35,13.0,15.0,9.0,STEEL,32.0,49.0,47.0,330.0,350.0,16.0,18.0,False,False,130.0,2.0,0.9,1.1,0.9,1.0,0.9,0.9,680.0,52.0,680.0,52.0,0,0,False,0,1,68.0,45.0,0.0,31.8,True,True,False,False,True,9,2,True,112.0,128.0,144,SPOKED,SPOKED,0,0,80.0,80.0,280.0,720.0,36.5,300.0,1.0
400.0,70.0,585.0,74.0,152.0,45.0,528.0,73.5,658.0,50.0,45.0,28.6,36.5,23.35,13.0,15.0,9.0,STEEL,34.0,51.0,49.0,330.0,350.0,16.0,18.0,False,False,130.0,2.0,0.9,1.1,0.9,1.0,0.9,0.9,680.0,52.0,680.0,52.0,0,0,False,0,1,68.0,45.0,0.0,31.8,True,True,False,False,True,9,2,True,112.0,128.0,144,SPOKED,SPOKED,0,0,80.0,80.0,280.0,720.0,36.5,300.0,1.0
407.0,71.0,595.0,72.0,150.0,45.0,532.0,74.0,660.0,45.0,45.0,28.6,36.5,23.35,13.0,15.0,9.0,STEEL,35.0,53.0,50.0,330.0,350.0,16.0,18.0,False,False,130.0,2.0,0.9,1.1,0.9,1.0,0.9,0.9,680.0,52.0,680.0,52.0,0,0,False,0,1,68.0,45.0,0.0,31.8,True,True,False,False,True,9,2,True,112.0,128.0,144,SPOKED,SPOKED,0,0,80.0,80.0,280.0,720.0,36.5,300.0,1.0
402.0,69.0,590.0,73.0,158.0,45.0,537.0,73.5,667.0,48.0,45.0,28.6,36.5,23.35,13.0,15.0,9.0,STEEL,36.0,52.0,51.0,330.0,350.0,16.0,18.0,False,False,130.0,2.0,0.9,1.1,0.9,1.0,0.9,0.9,680.0,52.0,680.0,52.0,0,0,False,0,1,68.0,45.0,0.0,31.8,True,True,False,False,True,9,2,True,112.0,128.0,144,SPOKED,SPOKED,0,0,80.0,80.0,280.0,720.0,36.5,300.0,1.0
408.0,70.0,605.0,73.5,147.0,45.0,530.0,74.0,654.0,47.0,45.0,28.6,36.5,23.35,13.0,15.0,9.0,STEEL,33.0,49.0,48.0,330.0,350.0,16.0,18.0,False,False,130.0,2.0,0.9,1.1,0.9,1.0,0.9,0.9,680.0,52.0,680.0,52.0,0,0,False,0,1,68.0,45.0,0.0,31.8,True,True,False,False,True,9,2,True,112.0,128.0,144,SPOKED,SPOKED,0,0,80.0,80.0,280.0,720.0,36.5,300.0,1.0
403.0,70.0,598.0,72.5,149.0,45.0,533.0,73.0,661.0,49.0,45.0,28.6,36.5,23.35,13.0,15.0,9.0,STEEL,34.0,50.0,49.0,330.0,350.0,16.0,18.0,False,False,130.0,2.0,0.9,1.1,0.9,1.0,0.9,0.9,680.0,52.0,680.0,52.0,0,0,False,0,1,68.0,45.0,0.0,31.8,True,True,False,False,True,9,2,True,112.0,128.0,144,SPOKED,SPOKED,0,0,80.0,80.0,280.0,720.0,36.5,300.0,1.0
415.0,70.0,630.0,73.0,160.0,50.0,580.0,73.0,650.0,50.0,40.0,28.6,36.5,23.35,23.35,13.0,15.0,STEEL,35.0,50.0,45.0,0.0,0.0,0.0,0.0,False,False,130.0,2.0,0.9,1.1,0.9,1.2,1.0,0.9,674.0,52.0,674.0,52.0,0,1,False,0,1,68.0,45.0,0.0,31.8,True,True,False,False,True,8,2,True,112.0,128.0,144,SPOKED,SPOKED,0,0,0.0,0.0,290.0,290.0,34.9,330.0,1.0
420.0,70.0,635.0,73.5,165.0,55.0,585.0,72.5,655.0,52.0,40.0,28.6,36.5,23.35,23.35,13.0,15.0,STEEL,38.0,52.0,47.0,0.0,0.0,0.0,0.0,False,False,130.0,2.0,0.9,1.1,0.9,1.2,1.0,0.9,674.0,52.0,674.0,52.0,0,1,False,0,1,68.0,45.0,0.0,31.8,True,True,False,False,True,8,2,True,112.0,128.0,144,SPOKED,SPOKED,0,0,0.0,0.0,288.0,292.0,34.9,330.0,1.0
425.0,70.0,640.0,73.0,170.0,60.0,590.0,73.5,660.0,48.0,40.0,28.6,36.5,23.35,23.35,13.0,15.0,STEEL,40.0,54.0,48.0,0.0,0.0,0.0,0.0,False,False,135.0,2.0,0.9,1.1,0.9,1.2,1.0,0.9,674.0,52.0,674.0,52.0,0,1,False,0,1,68.0,45.0,0.0,31.8,True,True,False,False,True,8,2,True,112.0,128.0,144,SPOKED,SPOKED,0,0,0.0,0.0,292.0,294.0,34.9,330.0,1.0
430.0,70.0,645.0,72.5,175.0,65.0,595.0,72.0,665.0,50.0,40.0,28.6,36.5,23.35,23.35,13.0,15.0,STEEL,42.0,53.0,50.0,0.0,0.0,0.0,0.0,False,False,135.0,2.0,0.9,1.1,0.9,1.2,1.0,0.9,674.0,52.0,674.0,52.0,0,1,False,0,1,68.0,45.0,0.0,31.8,True,True,False,False,True,8,2,True,112.0,128.0,144,SPOKED,SPOKED,0,0,0.0,0.0,294.0,296.0,34.9,330.0,1.0
410.0,70.0,625.0,73.0,155.0,52.0,575.0,73.0,645.0,51.0,40.0,28.6,36.5,23.35,23.35,13.0,15.0,STEEL,34.0,49.0,44.0,0.0,0.0,0.0,0.0,False,False,130.0,2.0,0.9,1.1,0.9,1.2,1.0,0.9,674.0,52.0,674.0,52.0,0,1,False,0,1,68.0,45.0,0.0,31.8,True,True,False,False,True,8,2,True,112.0,128.0,144,SPOKED,SPOKED,0,0,0.0,0.0,286.0,288.0,34.9,330.0,1.0
425.0,68.0,632.0,73.0,162.0,54.0,582.0,73.5,652.0,50.0,40.0,28.6,36.5,23.35,23.35,13.0,15.0,STEEL,36.0,51.0,46.0,0.0,0.0,0.0,0.0,False,False,130.0,2.0,0.9,1.1,0.9,1.2,1.0,0.9,674.0,52.0,674.0,52.0,0,1,False,0,1,68.0,45.0,0.0,31.8,True,True,False,False,True,8,2,True,112.0,128.0,144,SPOKED,SPOKED,0,0,0.0,0.0,291.0,293.0,34.9,330.0,1.0
420.0,68.0,638.0,73.5,160.0,53.0,588.0,72.5,658.0,52.0,40.0,28.6,36.5,23.35,23.35,13.0,15.0,STEEL,39.0,53.0,47.0,0.0,0.0,0.0,0.0,False,False,135.0,2.0,0.9,1.1,0.9,1.2,1.0,0.9,674.0,52.0,674.0,52.0,0,1,False,0,1,68.0,45.0,0.0,31.8,True,True,False,False,True,8,2,True,112.0,128.0,144,SPOKED,SPOKED,0,0,0.0,0.0,293.0,295.0,34.9,330.0,1.0
415.0,72.0,632.0,73.0,158.0,56.0,582.0,73.0,652.0,50.0,40.0,28.6,36.5,23.35,23.35,13.0,15.0,STEEL,37.0,52.0,46.0,0.0,0.0,0.0,0.0,False,False,130.0,2.0,0.9,1.1,0.9,1.2,1.0,0.9,674.0,52.0,674.0,52.0,0,1,False,0,1,68.0,45.0,0.0,31.8,True,True,False,False,True,8,2,True,112.0,128.0,144,SPOKED,SPOKED,0,0,0.0,0.0,288.0,290.0,34.9,330.0,1.0
417.0,72.0,637.0,73.5,162.0,53.0,587.0,72.5,657.0,51.0,40.0,28.6,36.5,23.35,23.35,13.0,15.0,STEEL,39.0,54.0,47.0,0.0,0.0,0.0,0.0,False,False,135.0,2.0,0.9,1.1,0.9,1.2,1.0,0.9,674.0,52.0,674.0,52.0,0,1,False,0,1,68.0,45.0,0.0,31.8,True,True,False,False,True,8,2,True,112.0,128.0,144,SPOKED,SPOKED,0,0,0.0,0.0,290.0,292.0,34.9,330.0,1.0
422.0,75.0,643.0,73.0,168.0,59.0,593.0,73.5,663.0,49.0,40.0,28.6,36.5,23.35,23.35,13.0,15.0,STEEL,41.0,55.0,48.0,0.0,0.0,0.0,0.0,False,False,135.0,2.0,0.9,1.1,0.9,1.2,1.0,0.9,674.0,52.0,674.0,52.0,0,1,False,0,1,68.0,45.0,0.0,31.8,True,True,False,False,True,8,2,True,112.0,128.0,144,SPOKED,SPOKED,0,0,0.0,0.0,294.0,296.0,34.9,330.0,1.0
420.0,68.0,630.0,73.0,200.0,45.0,560.0,72.0,670.0,50.0,45.0,40.0,28.6,36.5,23.35,13.0,15.0,STEEL,35.0,55.0,50.0,330.0,350.0,16.0,18.0,True,True,130.0,2.0,0.9,1.1,0.9,1.2,1.0,0.9,698.0,38.0,698.0,38.0,0,0,False,0,1,68.0,45.0,0.0,31.8,True,True,False,False,True,8,1,True,112.0,128.0,144,SPOKED,SPOKED,0,0,0.0,0.0,278.0,718.0,34.9,330.0,1.0
430.0,65.0,620.0,72.0,190.0,48.0,565.0,73.0,665.0,48.0,45.0,40.0,28.6,36.5,23.35,13.0,15.0,STEEL,35.0,55.0,50.0,330.0,350.0,16.0,18.0,True,True,130.0,2.0,0.9,1.1,0.9,1.2,1.0,0.9,698.0,38.0,698.0,38.0,0,1,False,0,1,68.0,50.0,0.0,31.8,True,True,False,False,True,8,1,True,112.0,128.0,144,SPOKED,SPOKED,0,0,0.0,0.0,278.0,718.0,34.9,330.0,1.0
410.0,70.0,635.0,74.0,205.0,47.0,555.0,71.0,675.0,52.0,45.0,40.0,28.6,36.5,23.35,13.0,15.0,STEEL,35.0,55.0,50.0,330.0,350.0,16.0,18.0,True,True,130.0,2.0,0.9,1.1,0.9,1.2,1.0,0.9,698.0,38.0,698.0,38.0,0,2,False,0,1,68.0,40.0,0.0,31.8,True,True,False,False,True,8,1,True,112.0,128.0,144,SPOKED,SPOKED,0,0,0.0,0.0,278.0,718.0,34.9,330.0,1.0
440.0,67.0,625.0,73.5,195.0,46.0,570.0,72.5,660.0,50.0,45.0,40.0,28.6,36.5,23.35,13.0,15.0,STEEL,35.0,55.0,50.0,330.0,350.0,16.0,18.0,True,True,130.0,2.0,0.9,1.1,0.9,1.2,1.0,0.9,698.0,38.0,698.0,38.0,0,0,False,0,1,68.0,48.0,0.0,31.8,True,True,False,False,True,8,1,True,112.0,128.0,144,SPOKED,SPOKED,0,0,0.0,0.0,278.0,718.0,34.9,330.0,1.0
425.0,66.0,640.0,72.5,210.0,49.0,580.0,73.5,680.0,47.0,45.0,40.0,28.6,36.5,23.35,13.0,15.0,STEEL,35.0,55.0,50.0,330.0,350.0,16.0,18.0,True,True,130.0,2.0,0.9,1.1,0.9,1.2,1.0,0.9,698.0,38.0,698.0,38.0,0,1,False,0,1,68.0,46.0,0.0,31.8,True,True,False,False,True,8,1,True,112.0,128.0,144,SPOKED,SPOKED,0,0,0.0,0.0,278.0,718.0,34.9,330.0,1.0
415.0,69.0,615.0,74.0,185.0,44.0,555.0,70.0,660.0,51.0,45.0,40.0,28.6,36.5,23.35,13.0,15.0,STEEL,35.0,55.0,50.0,330.0,350.0,16.0,18.0,True,True,130.0,2.0,0.9,1.1,0.9,1.2,1.0,0.9,698.0,38.0,698.0,38.0,0,2,False,0,1,68.0,42.0,0.0,31.8,True,True,False,False,True,8,1,True,112.0,128.0,144,SPOKED,SPOKED,0,0,0.0,0.0,278.0,718.0,34.9,330.0,1.0
435.0,64.0,630.0,75.0,200.0,50.0,560.0,71.5,670.0,49.0,45.0,40.0,28.6,36.5,23.35,13.0,15.0,STEEL,35.0,55.0,50.0,330.0,350.0,16.0,18.0,True,True,130.0,2.0,0.9,1.1,0.9,1.2,1.0,0.9,698.0,38.0,698.0,38.0,0,0,False,0,1,68.0,44.0,0.0,31.8,True,True,False,False,True,8,1,True,112.0,128.0,144,SPOKED,SPOKED,0,0,0.0,0.0,278.0,718.0,34.9,330.0,1.0
400.0,68.0,628.0,73.0,198.0,45.0,565.0,72.0,672.0,50.0,45.0,40.0,28.6,36.5,23.35,13.0,15.0,STEEL,35.0,55.0,50.0,330.0,350.0,16.0,18.0,True,True,130.0,2.0,0.9,1.1,0.9,1.2,1.0,0.9,698.0,38.0,698.0,38.0,0,1,False,0,1,68.0,45.0,0.0,31.8,True,True,False,False,True,8,1,True,112.0,128.0,144,SPOKED,SPOKED,0,0,0.0,0.0,278.0,718.0,34.9,330.0,1.0
450.0,63.0,635.0,74.5,202.0,47.0,575.0,73.0,678.0,53.0,45.0,40.0,28.6,36.5,23.35,13.0,15.0,STEEL,35.0,55.0,50.0,330.0,350.0,16.0,18.0,True,True,130.0,2.0,0.9,1.1,0.9,1.2,1.0,0.9,698.0,38.0,698.0,38.0,0,2,False,0,1,68.0,48.0,0.0,31.8,True,True,False,False,True,8,1,True,112.0,128.0,144,SPOKED,SPOKED,0,0,0.0,0.0,278.0,718.0,34.9,330.0,1.0
405.0,66.0,640.0,72.0,207.0,46.0,550.0,70.5,665.0,50.0,45.0,40.0,28.6,36.5,23.35,13.0,15.0,STEEL,35.0,55.0,50.0,330.0,350.0,16.0,18.0,True,True,130.0,2.0,0.9,1.1,0.9,1.2,1.0,0.9,698.0,38.0,698.0,38.0,0,1,False,0,1,68.0,47.0,0.0,31.8,True,True,False,False,True,8,1,True,112.0,128.0,144,SPOKED,SPOKED,0,0,0.0,0.0,278.0,718.0,34.9,330.0,1.0
405.0,50.0,610.0,73.0,140.0,50.0,550.0,72.0,630.0,45.0,45.0,31.8,34.9,25.0,25.0,13.0,15.0,STEEL,30.0,50.0,40.0,330.0,350.0,16.0,18.0,False,False,130.0,2.0,0.9,1.1,0.9,1.2,1.0,0.9,680.0,29.0,680.0,29.0,0,0,False,0,1,68.0,50.0,0.0,31.8,True,True,False,False,True,8,2,True,112.0,116.0,120,SPOKED,SPOKED,0,0,0.0,0.0,260.0,740.0,34.9,330.0,1.0
410.0,55.0,620.0,72.0,150.0,60.0,560.0,71.0,635.0,44.0,50.0,32.5,34.9,26.0,26.0,13.0,15.0,STEEL,32.0,55.0,42.0,330.0,350.0,16.0,18.0,False,False,130.0,2.0,0.9,1.1,0.9,1.2,1.0,0.9,675.0,30.0,675.0,30.0,0,1,False,0,1,70.0,52.0,0.0,32.0,True,True,False,False,True,9,1,True,118.0,120.0,125,SPOKED,SPOKED,0,0,0.0,0.0,265.0,750.0,34.9,340.0,1.0
390.0,53.0,600.0,74.0,135.0,55.0,545.0,73.0,625.0,46.0,47.0,31.8,34.9,25.0,24.0,13.0,15.0,STEEL,28.0,52.0,38.0,330.0,350.0,16.0,18.0,False,False,130.0,2.0,0.9,1.1,0.9,1.2,1.0,0.9,680.0,30.0,680.0,30.0,0,2,False,0,1,69.0,51.0,0.0,31.9,True,True,False,False,True,7,2,True,125.0,128.0,130,SPOKED,SPOKED,0,0,0.0,0.0,270.0,760.0,34.9,350.0,1.0
400.0,52.0,615.0,73.5,145.0,65.0,555.0,71.5,632.0,43.0,48.0,31.5,34.9,27.0,26.0,13.0,15.0,STEEL,29.0,56.0,41.0,330.0,350.0,16.0,18.0,False,False,130.0,2.0,0.9,1.1,0.9,1.2,1.0,0.9,685.0,29.0,685.0,29.0,0,1,False,0,1,71.0,53.0,0.0,31.8,True,True,False,False,True,10,1,True,130.0,132.0,136,SPOKED,SPOKED,0,0,0.0,0.0,275.0,770.0,34.9,360.0,1.0
395.0,54.0,605.0,72.5,142.0,60.0,548.0,72.0,628.0,44.0,46.0,32.0,34.9,26.0,25.0,13.0,15.0,STEEL,31.0,53.0,39.0,330.0,350.0,16.0,18.0,False,False,130.0,2.0,0.9,1.1,0.9,1.2,1.0,0.9,678.0,29.0,678.0,29.0,0,0,False,0,1,68.0,50.0,0.0,31.8,True,True,False,False,True,8,1,True,112.0,118.0,122,SPOKED,SPOKED,0,0,0.0,0.0,280.0,780.0,34.9,370.0,1.0
415.0,51.0,630.0,71.5,148.0,70.0,565.0,71.0,640.0,45.0,49.0,33.0,34.9,27.0,26.0,13.0,15.0,STEEL,33.0,58.0,43.0,330.0,350.0,16.0,18.0,False,False,130.0,2.0,0.9,1.1,0.9,1.2,1.0,0.9,682.0,30.0,682.0,30.0,0,2,False,0,1,72.0,54.0,0.0,32.0,True,True,False,False,True,11,2,True,136.0,140.0,144,SPOKED,SPOKED,0,0,0.0,0.0,285.0,760.0,34.9,380.0,1.0
390.0,53.0,601.0,74.0,138.0,58.0,552.0,72.5,631.0,44.5,47.0,32.0,34.9,26.0,25.0,13.0,15.0,STEEL,30.0,54.0,40.0,330.0,350.0,16.0,18.0,False,False,130.0,2.0,0.9,1.1,0.9,1.2,1.0,0.9,679.0,29.0,679.0,29.0,0,1,False,0,1,69.0,51.0,0.0,32.0,True,True,False,False,True,9,1,True,115.0,122.0,128,SPOKED,SPOKED,0,0,0.0,0.0,290.0,790.0,34.9,390.0,1.0
405.0,50.0,618.0,73.0,146.0,62.0,558.0,71.0,637.0,45.0,45.0,31.8,34.9,25.0,26.0,13.0,15.0,STEEL,29.0,57.0,41.0,330.0,350.0,16.0,18.0,False,False,130.0,2.0,0.9,1.1,0.9,1.2,1.0,0.9,683.0,30.0,683.0,30.0,0,0,False,0,1,68.0,50.0,0.0,31.8,True,True,False,False,True,10,2,True,120.0,128.0,135,SPOKED,SPOKED,0,0,0.0,0.0,295.0,800.0,34.9,400.0,1.0
397.0,52.0,607.0,72.8,144.0,60.0,553.0,72.2,629.0,44.0,46.0,32.2,34.9,26.0,26.0,13.0,15.0,STEEL,32.0,56.0,39.0,330.0,350.0,16.0,18.0,False,False,130.0,2.0,0.9,1.1,0.9,1.2,1.0,0.9,676.0,29.0,676.0,29.0,0,0,False,0,1,70.0,53.0,0.0,32.0,True,True,False,False,True,7,1,True,130.0,135.0,140,SPOKED,SPOKED,0,0,0.0,0.0,300.0,810.0,34.9,410.0,1.0
402.0,51.0,622.0,73.2,149.0,65.0,562.0,71.2,638.0,45.0,48.0,31.9,34.9,25.0,26.0,13.0,15.0,STEEL,31.0,59.0,42.0,330.0,350.0,16.0,18.0,False,False,130.0,2.0,0.9,1.1,0.9,1.2,1.0,0.9,681.0,29.0,681.0,29.0,0,1,False,0,1,72.0,54.0,0.0,31.8,True,True,False,False,True,8,2,True,128.0,132.0,138,SPOKED,SPOKED,0,0,0.0,0.0,305.0,825.0,34.9,420.0,1.0
405.0,70.0,593.536575,73.0,145.0,45.0,515.0,74.0,648.3152394,45.0,45.0,28.6,36.5,23.35,13.0,15.0,9.0,STEEL,34.0,49.0,49.9,330.0,350.0,16.0,18.0,False,False,130.0,2.0,0.9,1.1,0.9,1.2,1.0,0.9,674.0,52.0,674.0,52.0,0,0,False,0,1,68.0,45.0,31.8,28.6,True,True,False,False,True,8,1,True,112.0,128.0,144,SPOKED,SPOKED,0,0,0.0,0.0,280.0,740.0,34.9,300.0,1.0
400.0,68.0,590.0,73.5,150.0,42.0,520.0,74.2,640.0,45.0,45.0,28.6,36.5,23.35,13.0,15.0,9.0,STEEL,33.0,48.0,50.0,330.0,350.0,16.0,18.0,False,False,130.0,2.0,0.9,1.1,0.9,1.2,1.0,0.9,674.0,52.0,674.0,52.0,0,1,False,0,1,68.0,45.0,31.8,28.6,True,True,False,False,True,8,1,True,112.0,128.0,144,SPOKED,SPOKED,0,0,0.0,0.0,285.0,735.0,34.9,300.0,1.0
390.0,60.0,587.0,74.5,160.0,30.0,590.0,74.5,637.3538,50.0,45.0,28.6,36.5,23.35,13.0,15.0,9.0,STEEL,29.8,30.6,39.6,330.0,350.0,16.0,18.0,False,False,135.0,2.0,0.9,1.1,0.9,1.2,1.0,0.9,674.0,52.0,674.0,52.0,0,2,False,0,1,68.0,45.0,31.8,28.6,True,True,False,False,True,8,1,True,112.0,128.0,144,SPOKED,SPOKED,0,0,0.0,0.0,295.0,750.0,34.9,300.0,1.0
395.0,65.0,580.0,74.0,155.0,35.0,580.0,74.0,630.0,50.0,45.0,28.6,36.5,23.35,13.0,15.0,9.0,STEEL,32.0,45.0,45.0,330.0,350.0,16.0,18.0,False,False,130.0,2.0,0.9,1.1,0.9,1.2,1.0,0.9,674.0,52.0,674.0,52.0,0,0,False,0,1,68.0,45.0,31.8,28.6,True,True,False,False,True,8,1,True,112.0,128.0,144,SPOKED,SPOKED,0,0,0.0,0.0,278.0,730.0,34.9,300.0,1.0
410.0,68.0,600.0,72.5,140.0,50.0,525.0,73.0,655.0,50.0,45.0,28.6,36.5,23.35,13.0,15.0,9.0,STEEL,35.0,50.0,52.0,330.0,350.0,16.0,18.0,False,False,130.0,2.0,0.9,1.1,0.9,1.2,1.0,0.9,674.0,52.0,674.0,52.0,0,1,False,0,1,68.0,45.0,31.8,28.6,True,True,False,False,True,8,1,True,112.0,128.0,144,SPOKED,SPOKED,0,0,0.0,0.0,260.0,760.0,34.9,300.0,1.0
385.0,55.0,575.0,74.8,165.0,25.0,600.0,75.0,640.0,45.0,45.0,28.6,36.5,23.35,13.0,15.0,9.0,STEEL,36.0,41.0,49.0,330.0,350.0,16.0,18.0,False,False,135.0,2.0,0.9,1.1,0.9,1.2,1.0,0.9,674.0,52.0,674.0,52.0,0,2,False,0,1,68.0,45.0,31.8,28.6,True,True,False,False,True,8,1,True,112.0,128.0,144,SPOKED,SPOKED,0,0,0.0,0.0,300.0,760.0,34.9,300.0,1.0
420.0,70.0,610.0,72.0,135.0,55.0,530.0,73.5,660.0,50.0,45.0,28.6,36.5,23.35,13.0,15.0,9.0,STEEL,31.0,49.0,48.0,330.0,350.0,16.0,18.0,False,False,130.0,2.0,0.9,1.1,0.9,1.2,1.0,0.9,674.0,52.0,674.0,52.0,0,1,False,0,1,68.0,45.0,31.8,28.6,True,True,False,False,True,8,1,True,112.0,128.0,144,SPOKED,SPOKED,0,0,0.0,0.0,270.0,745.0,34.9,300.0,1.0
395.0,62.0,585.0,73.8,158.0,40.0,595.0,74.5,650.0,45.0,45.0,28.6,36.5,23.35,13.0,15.0,9.0,STEEL,33.0,47.0,50.0,330.0,350.0,16.0,18.0,False,False,130.0,2.0,0.9,1.1,0.9,1.2,1.0,0.9,674.0,52.0,674.0,52.0,0,0,False,0,1,68.0,45.0,31.8,28.6,True,True,False,False,True,8,1,True,112.0,128.0,144,SPOKED,SPOKED,0,0,0.0,0.0,290.0,755.0,34.9,300.0,1.0
385.0,68.0,598.0,73.2,142.0,48.0,515.0,74.0,645.0,45.0,45.0,28.6,36.5,23.35,13.0,15.0,9.0,STEEL,30.0,45.0,50.0,330.0,350.0,16.0,18.0,False,False,130.0,2.0,0.9,1.1,0.9,1.2,1.0,0.9,674.0,52.0,674.0,52.0,0,2,False,0,1,68.0,45.0,31.8,28.6,True,True,False,False,True,8,1,True,112.0,128.0,144,SPOKED,SPOKED,0,0,0.0,0.0,282.0,738.0,34.9,300.0,1.0
405.0,60.0,590.0,74.4,150.0,30.0,580.0,74.5,635.0,45.0,45.0,28.6,36.5,23.35,13.0,15.0,9.0,STEEL,34.0,45.0,45.0,330.0,350.0,16.0,18.0,False,False,130.0,2.0,0.9,1.1,0.9,1.2,1.0,0.9,674.0,52.0,674.0,52.0,0,1,False,0,1,68.0,45.0,31.8,28.6,True,True,False,False,True,8,1,True,112.0,128.0,144,SPOKED,SPOKED,0,0,0.0,0.0,288.0,752.0,34.9,300.0,1.0
415.0,68.0,615.0,72.5,160.0,48.0,545.0,72.5,648.0,52.0,42.0,540.0,28.6,36.5,23.35,13.0,15.0,STEEL,28.0,48.0,32.0,330.0,350.0,16.0,18.0,False,False,130.0,2.0,0.9,1.1,0.9,1.2,1.0,0.9,680.0,120.0,680.0,120.0,0,1,False,0,1,68.0,45.0,0.0,31.8,True,True,False,False,True,8,1,True,112.0,128.0,144,SPOKED,SPOKED,0,0,80.0,80.0,280.0,750.0,34.9,300.0,1.0
425.0,72.0,630.0,73.5,175.0,50.0,555.0,73.5,655.0,50.0,40.0,550.0,28.6,36.5,23.35,14.0,16.0,STEEL,32.0,52.0,28.0,330.0,350.0,16.0,18.0,False,False,135.0,2.0,0.9,1.1,0.9,1.2,1.0,0.9,680.0,120.0,680.0,120.0,0,1,False,0,1,68.0,45.0,0.0,31.8,True,True,False,False,True,8,1,True,112.0,128.0,144,SPOKED,SPOKED,0,0,80.0,80.0,280.0,750.0,34.9,300.0,1.0
430.0,65.0,610.0,72.0,165.0,46.0,540.0,72.0,642.0,48.0,44.0,538.0,28.6,36.5,23.35,12.0,14.0,STEEL,29.0,47.0,33.0,330.0,350.0,16.0,18.0,False,False,128.0,2.0,0.9,1.1,0.9,1.2,1.0,0.9,680.0,120.0,680.0,120.0,0,1,False,0,1,68.0,45.0,0.0,31.8,True,True,False,False,True,8,1,True,112.0,128.0,144,SPOKED,SPOKED,0,0,80.0,80.0,280.0,750.0,34.9,300.0,1.0
418.0,70.0,620.0,73.0,168.0,47.0,550.0,73.0,650.0,51.0,42.0,545.0,28.6,36.5,23.35,13.0,15.0,STEEL,30.0,50.0,30.0,330.0,350.0,16.0,18.0,False,False,130.0,2.0,0.9,1.1,0.9,1.2,1.0,0.9,680.0,120.0,680.0,120.0,0,1,False,0,1,68.0,45.0,0.0,31.8,True,True,False,False,True,8,1,True,112.0,128.0,144,SPOKED,SPOKED,0,0,80.0,80.0,280.0,750.0,34.9,300.0,1.0
422.0,69.0,625.0,74.0,170.0,49.0,560.0,74.0,660.0,53.0,43.0,555.0,28.6,36.5,23.35,15.0,17.0,STEEL,31.0,54.0,29.0,330.0,350.0,16.0,18.0,False,False,132.0,2.0,0.9,1.1,0.9,1.2,1.0,0.9,680.0,120.0,680.0,120.0,0,1,False,0,1,68.0,45.0,0.0,31.8,True,True,False,False,True,8,1,True,112.0,128.0,144,SPOKED,SPOKED,0,0,80.0,80.0,280.0,750.0,34.9,300.0,1.0
410.0,66.0,605.0,72.0,162.0,44.0,545.0,72.5,648.0,49.0,40.0,542.0,28.6,36.5,23.35,13.0,15.0,STEEL,29.0,49.0,31.0,330.0,350.0,16.0,18.0,False,False,128.0,2.0,0.9,1.1,0.9,1.2,1.0,0.9,680.0,120.0,680.0,120.0,0,1,False,0,1,68.0,45.0,0.0,31.8,True,True,False,False,True,8,1,True,112.0,128.0,144,SPOKED,SPOKED,0,0,80.0,80.0,280.0,750.0,34.9,300.0,1.0
435.0,75.0,635.0,74.0,180.0,51.0,565.0,75.0,665.0,54.0,45.0,560.0,28.6,36.5,23.35,14.0,16.0,STEEL,33.0,56.0,28.0,330.0,350.0,16.0,18.0,False,False,135.0,2.0,0.9,1.1,0.9,1.2,1.0,0.9,680.0,120.0,680.0,120.0,0,1,False,0,1,68.0,45.0,0.0,31.8,True,True,False,False,True,8,1,True,112.0,128.0,144,SPOKED,SPOKED,0,0,80.0,80.0,280.0,750.0,34.9,300.0,1.0
428.0,68.0,618.0,73.0,172.0,48.0,558.0,73.0,658.0,52.0,42.0,552.0,28.6,36.5,23.35,13.0,15.0,STEEL,31.0,53.0,29.0,330.0,350.0,16.0,18.0,False,False,131.0,2.0,0.9,1.1,0.9,1.2,1.0,0.9,680.0,120.0,680.0,120.0,0,1,False,0,1,68.0,45.0,0.0,31.8,True,True,False,False,True,8,1,True,112.0,128.0,144,SPOKED,SPOKED,0,0,80.0,80.0,280.0,750.0,34.9,300.0,1.0
412.0,67.0,608.0,72.5,166.0,46.0,542.0,72.5,646.0,49.0,41.0,544.0,28.6,36.5,23.35,13.0,14.0,STEEL,28.0,48.0,32.0,330.0,350.0,16.0,18.0,False,False,129.0,2.0,0.9,1.1,0.9,1.2,1.0,0.9,680.0,120.0,680.0,120.0,0,1,False,0,1,68.0,45.0,0.0,31.8,True,True,False,False,True,8,1,True,112.0,128.0,144,SPOKED,SPOKED,0,0,80.0,80.0,280.0,750.0,34.9,300.0,1.0
420.0,70.0,610.0,73.0,160.0,45.0,540.0,73.0,650.0,45.0,45.0,28.6,33.6,36.5,23.35,13.0,15.0,STEEL,40.0,45.0,42.0,330.0,350.0,16.0,18.0,False,False,130.0,2.0,0.9,1.1,0.9,1.2,1.0,0.9,680.0,52.0,680.0,52.0,0,0,False,0,1,68.0,45.0,0.0,31.8,True,True,False,False,True,8,2,True,112.0,128.0,144,SPOKED,SPOKED,1,1,80.0,80.0,280.0,730.0,34.9,700.0,1.0
430.0,68.0,600.0,74.0,150.0,45.0,550.0,74.0,645.0,43.0,50.0,30.0,32.0,36.5,23.35,13.0,15.0,STEEL,38.0,44.0,40.0,330.0,350.0,16.0,18.0,False,False,135.0,2.0,1.0,1.1,0.95,1.15,1.0,0.9,674.0,50.0,674.0,50.0,0,2,False,0,1,68.0,50.0,0.0,32.0,True,True,False,False,True,9,2,True,112.0,128.0,144,SPOKED,SPOKED,0,0,80.0,80.0,290.0,740.0,34.9,720.0,1.0
435.0,65.0,595.0,72.5,155.0,40.0,545.0,72.5,655.0,40.0,42.0,28.0,34.0,36.5,30.0,14.0,15.0,STEEL,42.0,48.0,38.0,330.0,350.0,16.0,18.0,True,False,130.0,2.2,1.0,1.2,0.9,1.1,1.0,0.95,680.0,52.0,680.0,52.0,0,1,False,0,1,70.0,44.0,0.0,31.5,True,True,True,True,True,10,1,True,112.0,128.0,144,SPOKED,SPOKED,1,1,85.0,85.0,270.0,720.0,33.0,680.0,1.0
425.0,75.0,620.0,74.5,165.0,50.0,560.0,74.0,670.0,47.0,48.0,29.5,33.6,36.5,23.35,13.0,15.0,STEEL,45.0,46.0,41.0,330.0,350.0,16.0,18.0,False,True,135.0,2.0,1.05,1.1,0.9,1.2,1.0,0.9,674.0,50.0,674.0,50.0,0,0,False,0,1,68.0,46.0,0.0,31.8,True,True,False,False,True,7,2,True,112.0,128.0,144,SPOKED,SPOKED,1,1,80.0,80.0,285.0,735.0,34.9,710.0,1.0
440.0,72.0,615.0,73.5,158.0,45.0,555.0,73.5,660.0,46.0,44.0,28.6,34.0,36.5,23.35,13.5,15.0,STEEL,39.0,45.0,40.0,330.0,350.0,16.0,18.0,False,False,130.0,2.0,0.9,1.1,0.9,1.1,1.0,0.9,680.0,52.0,680.0,52.0,0,0,False,0,1,68.0,44.0,0.0,31.8,True,True,False,False,True,8,2,True,112.0,128.0,144,SPOKED,SPOKED,1,1,80.0,80.0,280.0,700.0,34.9,700.0,1.0
410.0,68.0,605.0,71.0,148.0,42.0,530.0,72.0,640.0,44.0,46.0,30.0,32.0,36.5,23.35,12.0,15.0,STEEL,36.0,43.0,39.0,330.0,350.0,16.0,18.0,False,False,130.0,1.9,0.95,1.0,0.9,1.0,1.0,0.9,674.0,50.0,674.0,50.0,0,2,False,0,1,68.0,43.0,0.0,31.5,True,True,True,True,True,8,3,True,112.0,128.0,144,SPOKED,SPOKED,0,0,75.0,75.0,275.0,650.0,34.0,650.0,1.0
430.0,69.0,600.0,72.0,152.0,48.0,545.0,73.0,655.0,45.0,45.0,29.0,33.6,36.5,23.35,13.0,15.0,STEEL,41.0,47.0,42.0,330.0,350.0,16.0,18.0,True,True,135.0,2.0,1.0,1.1,1.0,1.1,1.0,1.0,680.0,50.0,680.0,50.0,0,1,False,0,1,68.0,45.0,0.0,32.0,True,True,False,False,True,9,2,True,112.0,128.0,144,SPOKED,SPOKED,1,1,80.0,80.0,285.0,700.0,34.9,700.0,1.0
440.0,71.0,610.0,74.0,158.0,45.0,555.0,74.0,660.0,46.0,47.0,28.6,34.0,36.5,23.35,13.5,15.0,STEEL,44.0,49.0,43.0,330.0,350.0,16.0,18.0,False,False,132.0,2.1,0.95,1.0,1.0,1.0,1.0,1.0,674.0,52.0,674.0,52.0,0,2,False,0,1,68.0,46.0,0.0,31.8,True,True,True,True,True,8,2,True,112.0,128.0,144,SPOKED,SPOKED,1,1,80.0,80.0,280.0,710.0,34.9,710.0,1.0
415.0,67.0,600.0,73.0,145.0,42.0,540.0,73.0,648.0,44.0,43.0,28.0,32.0,36.5,23.35,13.0,15.0,STEEL,37.0,44.0,38.0,330.0,350.0,16.0,18.0,False,False,130.0,2.0,1.0,1.1,0.9,1.1,1.0,1.0,680.0,52.0,680.0,52.0,0,1,False,0,1,68.0,42.0,0.0,31.8,True,True,False,False,True,10,2,True,112.0,128.0,144,SPOKED,SPOKED,0,0,80.0,80.0,295.0,680.0,34.9,680.0,1.0
430.0,65.0,610.0,74.5,170.0,50.0,565.0,74.0,672.0,48.0,45.0,30.0,35.0,36.5,23.35,14.0,15.0,STEEL,47.0,50.0,45.0,330.0,350.0,16.0,18.0,True,False,135.0,2.0,1.0,1.1,1.0,1.1,1.0,1.0,674.0,50.0,674.0,50.0,0,2,False,0,3,68.0,48.0,0.0,32.5,True,True,True,True,True,9,3,True,112.0,128.0,144,SPOKED,TRISPOKE,1,1,80.0,100.0,300.0,750.0,34.9,720.0,2.0
450.0,75.0,580.0,72.0,150.0,50.0,560.0,73.0,580.0,50.0,40.0,28.6,36.5,23.35,13.0,15.0,9.0,STEEL,33.0,40.0,50.0,330.0,350.0,16.0,18.0,False,False,130.0,2.0,1.0,1.2,1.0,1.2,1.0,1.0,680.0,121.0,680.0,121.0,0,0,False,0,1,68.0,45.0,692.0,31.8,True,True,True,True,True,7,2,True,112.0,128.0,144,SPOKED,SPOKED,0,0,0.0,0.0,280.0,750.0,36.5,300.0,1.0
460.0,70.0,570.0,72.5,140.0,52.0,550.0,74.0,575.0,50.0,40.0,28.6,36.5,23.35,13.0,15.0,9.0,STEEL,32.0,39.0,49.5,330.0,350.0,16.0,18.0,False,False,130.0,2.0,1.0,1.2,1.0,1.2,1.0,1.0,680.0,121.0,680.0,121.0,0,1,False,0,1,68.0,45.0,692.0,31.8,True,True,True,True,True,8,2,True,112.0,128.0,144,SPOKED,SPOKED,0,0,0.0,0.0,280.0,760.0,36.5,300.0,1.0
470.0,80.0,590.0,71.5,160.0,48.0,580.0,73.5,590.0,50.0,40.0,28.6,36.5,23.35,13.0,15.0,9.0,STEEL,34.0,41.0,51.0,330.0,350.0,16.0,18.0,False,False,130.0,2.0,1.0,1.2,1.0,1.2,1.0,1.0,680.0,121.0,680.0,121.0,0,2,False,0,1,68.0,45.0,692.0,31.8,True,True,True,True,True,9,2,True,112.0,128.0,144,SPOKED,SPOKED,0,0,0.0,0.0,280.0,770.0,36.5,300.0,1.0
440.0,65.0,555.0,73.0,130.0,49.0,540.0,74.5,570.0,50.0,40.0,28.6,36.5,23.35,13.0,15.0,9.0,STEEL,33.5,40.5,50.5,330.0,350.0,16.0,18.0,False,False,130.0,2.0,1.0,1.2,1.0,1.2,1.0,1.0,680.0,121.0,680.0,121.0,0,0,False,0,1,68.0,45.0,692.0,31.8,True,True,True,True,True,10,1,True,112.0,128.0,144,SPOKED,SPOKED,0,0,0.0,0.0,280.0,780.0,36.5,300.0,1.0
480.0,85.0,600.0,71.0,155.0,51.0,570.0,75.0,600.0,50.0,40.0,28.6,36.5,23.35,13.0,15.0,9.0,STEEL,32.5,39.5,49.5,330.0,350.0,16.0,18.0,False,False,130.0,2.0,1.0,1.2,1.0,1.2,1.0,1.0,680.0,121.0,680.0,121.0,0,1,False,0,1,68.0,45.0,692.0,31.8,True,True,True,True,True,11,1,True,112.0,128.0,144,SPOKED,SPOKED,0,0,0.0,0.0,280.0,740.0,36.5,300.0,1.0
430.0,78.0,590.0,72.0,145.0,50.0,555.0,74.0,585.0,50.0,40.0,28.6,36.5,23.35,13.0,15.0,9.0,STEEL,33.0,40.0,50.0,330.0,350.0,16.0,18.0,False,False,130.0,2.0,1.0,1.2,1.0,1.2,1.0,1.0,680.0,121.0,680.0,121.0,0,2,False,0,1,68.0,45.0,692.0,31.8,True,True,True,True,True,7,3,True,112.0,128.0,144,SPOKED,SPOKED,0,0,0.0,0.0,280.0,755.0,36.5,300.0,1.0
495.0,68.0,565.0,72.8,135.0,52.0,545.0,73.2,565.0,50.0,40.0,28.6,36.5,23.35,13.0,15.0,9.0,STEEL,34.5,41.5,51.5,330.0,350.0,16.0,18.0,False,False,130.0,2.0,1.0,1.2,1.0,1.2,1.0,1.0,680.0,121.0,680.0,121.0,0,0,False,0,1,68.0,45.0,692.0,31.8,True,True,True,True,True,8,3,True,112.0,128.0,144,SPOKED,SPOKED,0,0,0.0,0.0,280.0,765.0,36.5,300.0,1.0
455.0,72.0,575.0,71.8,148.0,50.0,560.0,73.8,580.0,50.0,40.0,28.6,36.5,23.35,13.0,15.0,9.0,STEEL,32.0,39.0,49.0,330.0,350.0,16.0,18.0,False,False,130.0,2.0,1.0,1.2,1.0,1.2,1.0,1.0,680.0,121.0,680.0,121.0,0,1,False,0,1,68.0,45.0,692.0,31.8,True,True,True,True,True,9,2,True,112.0,128.0,144,SPOKED,SPOKED,0,0,0.0,0.0,280.0,775.0,36.5,300.0,1.0
465.0,82.0,610.0,71.2,165.0,51.0,580.0,72.5,610.0,50.0,40.0,28.6,36.5,23.35,13.0,15.0,9.0,STEEL,33.0,40.0,50.0,330.0,350.0,16.0,18.0,False,False,130.0,2.0,1.0,1.2,1.0,1.2,1.0,1.0,680.0,121.0,680.0,121.0,0,2,False,0,1,68.0,45.0,692.0,31.8,True,True,True,True,True,10,1,True,112.0,128.0,144,SPOKED,SPOKED,0,0,0.0,0.0,280.0,745.0,36.5,300.0,1.0
475.0,69.0,595.0,72.3,142.0,49.0,560.0,74.3,580.0,50.0,40.0,28.6,36.5,23.35,13.0,15.0,9.0,STEEL,34.0,41.0,51.0,330.0,350.0,16.0,18.0,False,False,130.0,2.0,1.0,1.2,1.0,1.2,1.0,1.0,680.0,121.0,680.0,121.0,0,0,False,0,1,68.0,45.0,692.0,31.8,True,True,True,True,True,11,2,True,112.0,128.0,144,SPOKED,SPOKED,0,0,0.0,0.0,280.0,760.0,36.5,300.0,1.0
460.0,70.0,620.0,73.0,170.0,50.0,630.0,73.0,660.0,45.0,40.0,28.6,36.5,30.0,23.5,13.0,15.0,STEEL,35.0,50.0,50.0,330.0,350.0,16.0,18.0,False,False,130.0,2.0,0.9,1.1,0.9,1.2,1.0,0.9,680.0,45.0,680.0,45.0,0,1,False,0,1,68.0,45.0,0.0,31.8,True,True,False,False,True,8,2,True,112.0,128.0,144,SPOKED,SPOKED,0,0,0.0,0.0,280.0,760.0,34.9,350.0,1.0
440.0,65.0,605.0,74.0,160.0,45.0,620.0,74.0,650.0,46.0,40.0,28.6,36.5,30.0,23.5,13.0,15.0,STEEL,36.0,52.0,48.0,330.0,350.0,16.0,18.0,False,False,130.0,2.0,0.9,1.1,0.9,1.2,1.0,0.9,680.0,45.0,680.0,45.0,0,0,False,0,1,68.0,45.0,0.0,31.8,True,True,False,False,True,7,1,True,119.0,136.0,153,SPOKED,SPOKED,0,0,0.0,0.0,275.0,750.0,34.9,340.0,1.0
420.0,75.0,590.0,72.0,150.0,60.0,610.0,72.5,645.0,42.0,40.0,28.6,36.5,30.0,23.5,13.0,15.0,STEEL,32.0,48.0,52.0,330.0,350.0,16.0,18.0,False,False,130.0,2.0,0.9,1.1,0.9,1.2,1.0,0.9,680.0,50.0,680.0,50.0,0,2,False,0,1,68.0,45.0,0.0,31.8,True,True,False,False,True,9,3,True,105.0,105.0,105,SPOKED,SPOKED,0,0,0.0,0.0,290.0,780.0,34.9,330.0,2.0
455.0,68.0,615.0,73.5,155.0,55.0,640.0,74.0,655.0,47.0,40.0,28.6,36.5,30.0,23.5,13.0,15.0,STEEL,38.0,54.0,49.0,330.0,350.0,16.0,18.0,False,False,130.0,2.0,0.9,1.1,0.9,1.2,1.0,0.9,680.0,45.0,680.0,45.0,0,1,False,0,1,68.0,45.0,0.0,31.8,True,True,False,False,True,8,2,True,120.0,130.0,140,SPOKED,SPOKED,0,0,0.0,0.0,285.0,770.0,34.9,360.0,1.0
435.0,72.0,600.0,75.0,140.0,50.0,600.0,75.0,640.0,44.0,40.0,28.6,36.5,30.0,23.5,13.0,15.0,STEEL,34.0,50.0,46.0,330.0,350.0,16.0,18.0,False,False,130.0,2.0,0.9,1.1,0.9,1.2,1.0,0.9,680.0,46.0,680.0,46.0,0,0,False,0,1,68.0,45.0,0.0,31.8,True,True,False,False,True,10,2,True,130.0,130.0,130,SPOKED,SPOKED,0,0,0.0,0.0,270.0,740.0,34.9,320.0,1.0
450.0,69.0,610.0,74.0,165.0,48.0,615.0,73.5,658.0,45.5,40.0,28.6,36.5,30.0,23.5,13.0,15.0,STEEL,37.0,53.0,51.0,330.0,350.0,16.0,18.0,False,False,130.0,2.0,0.9,1.1,0.9,1.2,1.0,0.9,680.0,45.0,680.0,45.0,0,2,False,0,1,68.0,45.0,0.0,31.8,True,True,False,False,True,7,1,True,100.0,110.0,120,SPOKED,SPOKED,0,0,0.0,0.0,295.0,765.0,34.9,345.0,1.0
425.0,66.0,595.0,73.0,145.0,46.0,605.0,73.0,648.0,43.0,40.0,28.6,36.5,30.0,23.5,13.0,15.0,STEEL,33.0,49.0,47.0,330.0,350.0,16.0,18.0,False,False,130.0,2.0,0.9,1.1,0.9,1.2,1.0,0.9,680.0,45.0,680.0,45.0,0,1,False,0,1,68.0,45.0,0.0,31.8,True,True,False,False,True,8,2,True,130.0,140.0,150,SPOKED,SPOKED,0,0,0.0,0.0,285.0,755.0,34.9,335.0,1.0
465.0,67.0,625.0,72.5,180.0,52.0,650.0,72.5,670.0,48.0,40.0,28.6,36.5,30.0,23.5,13.0,15.0,STEEL,39.0,56.0,55.0,330.0,350.0,16.0,18.0,False,False,130.0,2.0,0.9,1.1,0.9,1.2,1.0,0.9,680.0,45.0,680.0,45.0,0,0,False,0,1,68.0,45.0,0.0,31.8,True,True,False,False,True,9,3,True,90.0,100.0,110,SPOKED,SPOKED,0,0,0.0,0.0,300.0,775.0,34.9,360.0,1.0
430.0,71.0,605.0,74.5,148.0,58.0,625.0,74.5,652.0,46.5,40.0,28.6,36.5,30.0,23.5,13.0,15.0,STEEL,36.5,51.0,48.5,330.0,350.0,16.0,18.0,False,False,130.0,2.0,0.9,1.1,0.9,1.2,1.0,0.9,680.0,45.0,680.0,45.0,0,2,False,0,1,68.0,45.0,0.0,31.8,True,True,False,False,True,8,2,True,115.0,125.0,135,SPOKED,SPOKED,0,0,0.0,0.0,289.0,765.0,34.9,355.0,1.0
445.0,65.5,618.0,73.8,158.0,47.0,618.0,73.8,662.0,45.8,40.0,28.6,36.5,30.0,23.5,13.0,15.0,STEEL,37.5,52.5,50.5,330.0,350.0,16.0,18.0,False,False,130.0,2.0,0.9,1.1,0.9,1.2,1.0,0.9,680.0,45.0,680.0,45.0,0,1,False,0,1,68.0,45.0,0.0,31.8,True,True,False,False,True,7,1,True,110.0,120.0,130,SPOKED,SPOKED,0,0,0.0,0.0,292.0,758.0,34.9,348.0,1.0
440.0,65.0,600.0,72.5,180.0,50.0,580.0,73.5,650.0,45.0,45.0,40.0,28.6,36.5,23.35,13.0,15.0,STEEL,30.0,45.0,50.0,330.0,350.0,16.0,18.0,False,False,130.0,2.0,0.9,1.1,0.9,1.2,1.0,0.9,680.0,121.0,680.0,121.0,0,0,False,0,1,68.0,45.0,692.0,31.8,True,True,False,False,True,8,2,True,112.0,128.0,144,SPOKED,SPOKED,0,0,0.0,0.0,280.0,760.0,34.9,300.0,1.0
445.0,60.0,605.0,73.0,185.0,55.0,585.0,73.0,655.0,50.0,50.0,33.6,33.6,35.0,22.0,15.0,16.0,STEEL,32.0,48.0,52.0,330.0,350.0,16.0,18.0,False,False,130.0,2.0,0.9,1.1,0.9,1.2,1.0,0.9,680.0,121.0,680.0,121.0,0,1,False,0,1,68.0,45.0,692.0,31.8,True,True,False,False,True,8,2,True,112.0,128.0,144,SPOKED,SPOKED,0,0,0.0,0.0,280.0,760.0,34.9,300.0,1.0
430.0,70.0,610.0,72.0,175.0,45.0,575.0,74.0,645.0,40.0,42.0,42.0,30.0,37.0,24.0,12.0,14.0,STEEL,28.0,42.0,48.0,330.0,350.0,16.0,18.0,False,False,130.0,2.0,0.9,1.1,0.9,1.2,1.0,0.9,680.0,121.0,680.0,121.0,0,2,False,0,1,68.0,45.0,692.0,31.8,True,True,False,False,True,8,2,True,112.0,128.0,144,SPOKED,SPOKED,0,0,0.0,0.0,280.0,760.0,34.9,300.0,1.0
435.0,75.0,595.0,73.5,190.0,60.0,590.0,72.5,660.0,55.0,48.0,38.0,27.0,34.0,21.0,14.0,17.0,STEEL,34.0,50.0,54.0,330.0,350.0,16.0,18.0,False,False,130.0,2.0,0.9,1.1,0.9,1.2,1.0,0.9,680.0,121.0,680.0,121.0,0,0,False,0,1,68.0,45.0,692.0,31.8,True,True,False,False,True,8,2,True,112.0,128.0,144,SPOKED,SPOKED,0,0,0.0,0.0,280.0,760.0,34.9,300.0,1.0
450.0,68.0,615.0,72.8,170.0,40.0,570.0,73.8,640.0,48.0,44.0,35.0,29.0,38.0,25.0,11.0,13.0,STEEL,26.0,40.0,46.0,330.0,350.0,16.0,18.0,False,False,130.0,2.0,0.9,1.1,0.9,1.2,1.0,0.9,680.0,121.0,680.0,121.0,0,1,False,0,1,68.0,45.0,692.0,31.8,True,True,False,False,True,8,2,True,112.0,128.0,144,SPOKED,SPOKED,0,0,0.0,0.0,280.0,760.0,34.9,300.0,1.0
420.0,62.0,620.0,73.2,200.0,65.0,595.0,72.8,665.0,52.0,46.0,45.0,32.0,33.0,20.0,16.0,18.0,STEEL,36.0,52.0,56.0,330.0,350.0,16.0,18.0,False,False,130.0,2.0,0.9,1.1,0.9,1.2,1.0,0.9,680.0,121.0,680.0,121.0,0,2,False,0,1,68.0,45.0,692.0,31.8,True,True,False,False,True,8,2,True,112.0,128.0,144,SPOKED,SPOKED,0,0,0.0,0.0,280.0,760.0,34.9,300.0,1.0
460.0,72.0,590.0,72.3,160.0,35.0,565.0,73.2,670.0,46.0,43.0,37.0,26.0,39.0,26.0,10.0,12.0,STEEL,24.0,38.0,44.0,330.0,350.0,16.0,18.0,False,False,130.0,2.0,0.9,1.1,0.9,1.2,1.0,0.9,680.0,121.0,680.0,121.0,0,0,False,0,1,68.0,45.0,692.0,31.8,True,True,False,False,True,8,2,True,112.0,128.0,144,SPOKED,SPOKED,0,0,0.0,0.0,280.0,760.0,34.9,300.0,1.0
425.0,64.0,625.0,73.1,195.0,70.0,600.0,73.1,675.0,53.0,49.0,36.0,31.0,32.0,19.0,17.0,19.0,STEEL,38.0,54.0,58.0,330.0,350.0,16.0,18.0,False,False,130.0,2.0,0.9,1.1,0.9,1.2,1.0,0.9,680.0,121.0,680.0,121.0,0,1,False,0,1,68.0,45.0,692.0,31.8,True,True,False,False,True,8,2,True,112.0,128.0,144,SPOKED,SPOKED,0,0,0.0,0.0,280.0,760.0,34.9,300.0,1.0
455.0,66.0,630.0,72.6,165.0,30.0,560.0,73.3,630.0,43.0,47.0,39.0,28.0,40.0,27.0,9.0,11.0,STEEL,22.0,36.0,42.0,330.0,350.0,16.0,18.0,False,False,130.0,2.0,0.9,1.1,0.9,1.2,1.0,0.9,680.0,121.0,680.0,121.0,0,2,False,0,1,68.0,45.0,692.0,31.8,True,True,False,False,True,8,2,True,112.0,128.0,144,SPOKED,SPOKED,0,0,0.0,0.0,280.0,760.0,34.9,300.0,1.0
465.0,69.0,585.0,73.4,155.0,75.0,605.0,72.9,680.0,51.0,41.0,34.0,34.0,31.0,18.0,18.0,20.0,STEEL,40.0,56.0,60.0,330.0,350.0,16.0,18.0,False,False,130.0,2.0,0.9,1.1,0.9,1.2,1.0,0.9,680.0,121.0,680.0,121.0,0,0,False,0,1,68.0,45.0,692.0,31.8,True,True,False,False,True,8,2,True,112.0,128.0,144,SPOKED,SPOKED,0,0,0.0,0.0,280.0,760.0,34.9,300.0,1.0
420.0,70.0,610.0,73.0,150.0,50.0,550.0,73.0,650.0,45.0,40.0,28.6,36.5,36.5,23.35,13.0,9.0,STEEL,35.0,40.0,50.0,0.0,0.0,0.0,0.0,False,False,130.0,2.0,2.0,2.0,2.0,2.0,2.0,2.0,700.0,52.0,700.0,52.0,0,0,False,0,1,68.0,45.0,0.0,31.8,True,True,True,True,True,8,2,True,112.0,128.0,144,SPOKED,SPOKED,0,0,0.0,0.0,300.0,760.0,36.5,350.0,1.0
425.0,65.0,600.0,74.0,140.0,55.0,540.0,72.0,640.0,50.0,42.0,28.0,37.0,36.0,24.0,14.0,9.0,STEEL,30.0,45.0,45.0,0.0,0.0,0.0,0.0,False,False,130.0,2.0,2.0,2.0,2.0,2.0,2.0,2.0,700.0,50.0,700.0,50.0,0,1,False,0,1,70.0,44.0,0.0,31.8,True,True,True,True,True,7,1,True,80.0,80.0,90,SPOKED,SPOKED,0,0,0.0,0.0,310.0,750.0,37.0,340.0,1.0
415.0,75.0,620.0,72.5,160.0,52.0,560.0,73.5,660.0,43.0,40.0,30.0,36.0,35.0,23.0,12.0,10.0,STEEL,38.0,38.0,48.0,0.0,0.0,0.0,0.0,False,False,130.0,2.0,2.0,2.0,2.0,2.0,2.0,2.0,705.0,54.0,705.0,54.0,0,2,False,0,1,68.0,46.0,0.0,31.8,True,True,True,True,True,9,2,True,120.0,120.0,130,SPOKED,SPOKED,0,0,0.0,0.0,320.0,780.0,36.0,360.0,1.0
430.0,68.0,605.0,73.5,155.0,48.0,545.0,74.0,645.0,47.0,42.0,29.0,36.0,36.0,23.0,14.0,9.0,STEEL,36.0,42.0,52.0,0.0,0.0,0.0,0.0,False,False,130.0,2.0,2.0,2.0,2.0,2.0,2.0,2.0,700.0,52.0,700.0,52.0,0,0,False,0,1,68.0,45.0,0.0,31.8,True,True,True,True,True,8,2,True,100.0,110.0,120,SPOKED,TRISPOKE,0,1,0.0,60.0,305.0,770.0,36.0,350.0,1.0
410.0,72.0,595.0,72.0,145.0,49.0,555.0,72.5,655.0,44.0,40.0,28.6,36.0,36.0,23.0,13.0,9.0,STEEL,34.0,39.0,49.0,0.0,0.0,0.0,0.0,False,False,130.0,2.0,2.0,2.0,2.0,2.0,2.0,2.0,700.0,52.0,700.0,52.0,1,1,False,0,1,68.0,45.0,0.0,31.8,True,True,True,True,True,8,2,True,130.0,140.0,150,SPOKED,SPOKED,0,0,0.0,0.0,315.0,760.0,36.0,345.0,1.0
400.0,70.0,615.0,73.2,135.0,53.0,565.0,73.2,650.0,45.0,42.0,30.0,37.0,36.0,23.0,12.0,8.0,STEEL,32.0,44.0,47.0,0.0,0.0,0.0,0.0,False,False,130.0,2.0,2.0,2.0,2.0,2.0,2.0,2.0,710.0,54.0,710.0,54.0,0,2,False,0,3,70.0,50.0,0.0,31.8,True,True,True,True,True,8,2,True,90.0,100.0,110,SPOKED,SPOKED,0,0,0.0,0.0,310.0,760.0,37.0,355.0,1.0
435.0,68.0,605.0,74.2,160.0,50.0,550.0,74.2,660.0,46.0,40.0,28.6,36.0,36.0,23.0,13.0,9.0,STEEL,37.0,41.0,51.0,0.0,0.0,0.0,0.0,False,False,130.0,2.0,2.0,2.0,2.0,2.0,2.0,2.0,700.0,52.0,700.0,52.0,0,0,False,0,1,68.0,45.0,0.0,31.8,True,True,True,True,True,7,1,True,150.0,150.0,150,SPOKED,SPOKED,0,0,0.0,0.0,320.0,755.0,36.0,345.0,1.0
425.0,70.0,620.0,72.8,150.0,52.0,560.0,73.8,655.0,44.0,42.0,29.5,37.0,36.0,23.0,13.0,9.0,STEEL,35.0,40.0,50.0,0.0,0.0,0.0,0.0,False,False,130.0,2.0,2.0,2.0,2.0,2.0,2.0,2.0,705.0,52.0,705.0,52.0,0,1,False,0,1,68.0,45.0,0.0,31.8,True,True,True,True,True,10,2,True,95.0,95.0,95,SPOKED,SPOKED,0,0,0.0,0.0,330.0,770.0,37.0,360.0,1.0
415.0,72.0,610.0,73.7,155.0,49.0,545.0,73.7,648.0,45.0,40.0,28.6,36.0,36.0,23.0,13.0,9.0,STEEL,36.0,42.0,52.0,0.0,0.0,0.0,0.0,False,False,130.0,2.0,2.0,2.0,2.0,2.0,2.0,2.0,700.0,52.0,700.0,52.0,0,2,False,0,1,68.0,45.0,0.0,31.8,True,True,True,True,True,9,2,True,105.0,110.0,120,SPOKED,SPOKED,0,0,0.0,0.0,300.0,765.0,36.0,350.0,1.0
405.0,68.0,605.0,73.3,148.0,51.0,558.0,73.3,658.0,47.0,42.0,28.6,36.0,36.0,23.0,13.0,9.0,STEEL,34.0,43.0,49.0,0.0,0.0,0.0,0.0,False,False,130.0,2.0,2.0,2.0,2.0,2.0,2.0,2.0,698.0,50.0,698.0,50.0,0,1,False,0,1,68.0,45.0,0.0,31.8,True,True,True,True,True,8,2,True,120.0,130.0,140,SPOKED,SPOKED,0,0,0.0,0.0,315.0,755.0,36.0,345.0,1.0
415.0,70.0,580.0,73.0,150.0,45.0,550.0,74.0,650.0,45.0,45.0,25.4,33.6,30.0,15.0,15.0,9.0,STEEL,40.0,45.0,50.0,330.0,350.0,16.0,18.0,False,False,135.0,2.0,0.9,1.1,0.9,1.2,1.0,0.9,674.0,52.0,674.0,52.0,0,1,False,0,1,68.0,45.0,692.0,31.8,True,True,False,False,True,8,2,True,112.0,128.0,144,SPOKED,SPOKED,0,0,0.0,0.0,278.0,770.0,34.9,770.0,1.0
420.0,65.0,570.0,72.5,160.0,50.0,540.0,73.5,660.0,50.0,40.0,28.6,32.0,28.0,15.0,14.0,8.0,STEEL,35.0,40.0,45.0,330.0,350.0,16.0,18.0,False,False,130.0,2.0,0.9,1.1,0.9,1.2,1.0,0.9,674.0,52.0,674.0,52.0,0,1,False,0,1,68.0,45.0,692.0,31.8,True,True,True,False,True,8,2,True,112.0,128.0,144,SPOKED,SPOKED,0,0,0.0,0.0,282.0,760.0,34.9,760.0,1.0
405.0,75.0,585.0,74.0,145.0,40.0,560.0,74.5,645.0,45.0,50.0,25.4,33.6,30.0,14.0,16.0,10.0,STEEL,42.0,48.0,52.0,330.0,350.0,16.0,18.0,False,False,135.0,2.0,0.9,1.1,0.9,1.2,1.0,0.9,674.0,52.0,674.0,52.0,0,1,False,0,1,68.0,45.0,692.0,31.8,True,True,False,False,True,8,2,True,112.0,128.0,144,SPOKED,SPOKED,0,0,0.0,0.0,276.0,770.0,34.9,770.0,1.0
430.0,70.0,595.0,72.0,155.0,55.0,570.0,73.0,655.0,48.0,45.0,28.6,32.0,28.0,16.0,15.0,8.0,STEEL,38.0,42.0,48.0,330.0,350.0,16.0,18.0,False,False,135.0,2.0,0.9,1.1,0.9,1.2,1.0,0.9,674.0,52.0,674.0,52.0,0,1,False,0,1,68.0,45.0,692.0,31.8,True,True,False,True,True,9,2,True,112.0,128.0,144,SPOKED,SPOKED,0,0,0.0,0.0,280.0,780.0,34.9,780.0,1.0
400.0,60.0,575.0,73.5,150.0,45.0,550.0,74.0,650.0,45.0,45.0,25.4,33.6,30.0,15.0,15.0,9.0,STEEL,40.0,45.0,50.0,330.0,350.0,16.0,18.0,False,False,130.0,2.0,0.9,1.1,0.9,1.2,1.0,0.9,674.0,52.0,674.0,52.0,0,2,False,0,1,68.0,45.0,692.0,31.8,True,True,True,True,True,8,3,True,112.0,128.0,144,SPOKED,SPOKED,0,0,0.0,0.0,278.0,760.0,34.9,760.0,1.0
420.0,65.0,580.0,73.0,165.0,48.0,565.0,74.0,660.0,50.0,45.0,28.6,32.0,28.0,15.0,15.0,9.0,STEEL,45.0,50.0,55.0,330.0,350.0,16.0,18.0,False,False,135.0,2.0,0.9,1.1,0.9,1.2,1.0,0.9,674.0,52.0,674.0,52.0,0,1,False,0,1,68.0,45.0,692.0,31.8,True,True,False,False,True,10,2,True,112.0,128.0,144,SPOKED,SPOKED,0,0,0.0,0.0,275.0,770.0,34.9,770.0,1.0
415.0,68.0,582.0,73.2,158.0,50.0,558.0,73.8,653.0,47.0,45.0,27.0,31.0,30.0,14.0,16.0,8.0,STEEL,43.0,47.0,53.0,330.0,350.0,16.0,18.0,False,False,130.0,2.0,0.9,1.1,0.9,1.2,1.0,0.9,674.0,52.0,674.0,52.0,0,1,False,0,1,68.0,45.0,692.0,31.8,True,True,True,False,True,8,2,True,112.0,128.0,144,SPOKED,SPOKED,0,0,0.0,0.0,282.0,765.0,34.9,765.0,1.0
425.0,72.0,590.0,72.8,152.0,46.0,552.0,73.5,652.0,46.0,45.0,25.4,33.6,30.0,15.0,15.0,9.0,STEEL,39.0,44.0,49.0,330.0,350.0,16.0,18.0,False,False,135.0,2.0,0.9,1.1,0.9,1.2,1.0,0.9,674.0,52.0,674.0,52.0,0,1,False,0,1,68.0,45.0,692.0,31.8,True,True,False,True,True,9,2,True,112.0,128.0,144,SPOKED,SPOKED,0,0,0.0,0.0,278.0,772.0,34.9,772.0,1.0
410.0,70.0,586.0,73.6,150.0,45.0,560.0,74.2,655.0,45.0,45.0,28.6,32.0,28.0,15.0,15.0,9.0,STEEL,41.0,46.0,51.0,330.0,350.0,16.0,18.0,False,False,130.0,2.0,0.9,1.1,0.9,1.2,1.0,0.9,674.0,52.0,674.0,52.0,0,1,False,1,1,68.0,45.0,692.0,31.8,True,True,True,True,True,8,2,True,112.0,128.0,144,SPOKED,SPOKED,0,0,0.0,0.0,280.0,768.0,34.9,768.0,1.0
430.0,65.0,588.0,74.2,143.0,49.0,555.0,74.0,648.0,49.0,45.0,27.0,31.0,30.0,15.0,15.0,8.0,STEEL,37.0,43.0,47.0,330.0,350.0,16.0,18.0,False,False,135.0,2.0,0.9,1.1,0.9,1.2,1.0,0.9,674.0,52.0,674.0,52.0,0,1,False,0,1,68.0,45.0,692.0,31.8,True,True,False,False,True,9,2,True,112.0,128.0,144,SPOKED,SPOKED,0,0,0.0,0.0,276.0,781.0,34.9,781.0,1.0
405.0,70.0,600.0,73.0,150.0,45.0,520.0,73.0,655.0,45.0,40.0,28.6,36.5,23.35,23.35,13.0,15.0,STEEL,32.0,48.0,48.0,330.0,350.0,16.0,18.0,False,False,130.0,2.0,0.9,1.1,0.9,1.2,1.0,0.9,674.0,52.0,674.0,52.0,0,2,False,0,1,68.0,45.0,692.0,31.8,True,True,True,True,True,8,2,True,112.0,128.0,144,SPOKED,SPOKED,0,0,0.0,0.0,280.0,760.0,34.9,300.0,1.0
410.0,75.0,610.0,72.0,155.0,45.0,525.0,72.0,650.0,45.0,40.0,28.6,36.5,23.35,23.35,13.0,15.0,STEEL,33.0,50.0,50.0,330.0,350.0,16.0,18.0,False,False,130.0,2.0,0.9,1.1,0.9,1.2,1.0,0.9,674.0,52.0,674.0,52.0,0,2,False,0,1,68.0,45.0,692.0,31.8,True,True,True,True,True,9,2,True,112.0,128.0,144,SPOKED,SPOKED,0,0,0.0,0.0,280.0,765.0,34.9,310.0,1.0
400.0,68.0,590.0,74.0,145.0,45.0,515.0,74.0,660.0,45.0,40.0,28.6,36.5,23.35,23.35,13.0,15.0,STEEL,31.0,46.0,46.0,330.0,350.0,16.0,18.0,False,False,130.0,2.0,0.9,1.1,0.9,1.2,1.0,0.9,674.0,52.0,674.0,52.0,0,2,False,0,1,68.0,45.0,692.0,31.8,True,True,True,True,True,7,2,True,112.0,128.0,144,SPOKED,SPOKED,0,0,0.0,0.0,280.0,755.0,34.9,290.0,1.0
395.0,72.0,605.0,71.0,160.0,45.0,530.0,71.5,645.0,45.0,40.0,28.6,36.5,23.35,23.35,13.0,15.0,STEEL,34.0,52.0,52.0,330.0,350.0,16.0,18.0,False,False,130.0,2.0,0.9,1.1,0.9,1.2,1.0,0.9,674.0,52.0,674.0,52.0,0,2,False,0,1,68.0,45.0,692.0,31.8,True,True,True,True,True,10,2,True,112.0,128.0,144,SPOKED,SPOKED,0,0,0.0,0.0,280.0,770.0,34.9,320.0,1.0
415.0,65.0,595.0,75.0,135.0,45.0,510.0,75.0,670.0,45.0,40.0,28.6,36.5,23.35,23.35,13.0,15.0,STEEL,30.0,44.0,44.0,330.0,350.0,16.0,18.0,False,False,130.0,2.0,0.9,1.1,0.9,1.2,1.0,0.9,674.0,52.0,674.0,52.0,0,2,False,0,1,68.0,45.0,692.0,31.8,True,True,True,True,True,8,2,True,112.0,128.0,144,SPOKED,SPOKED,0,0,0.0,0.0,280.0,750.0,34.9,280.0,1.0
420.0,80.0,620.0,73.5,165.0,45.0,535.0,73.5,640.0,45.0,40.0,28.6,36.5,23.35,23.35,13.0,15.0,STEEL,35.0,54.0,54.0,330.0,350.0,16.0,18.0,False,False,130.0,2.0,0.9,1.1,0.9,1.2,1.0,0.9,674.0,52.0,674.0,52.0,0,2,False,0,1,68.0,45.0,692.0,31.8,True,True,True,True,True,9,2,True,112.0,128.0,144,SPOKED,SPOKED,0,0,0.0,0.0,280.0,775.0,34.9,330.0,1.0
390.0,60.0,580.0,72.5,130.0,45.0,505.0,72.5,675.0,45.0,40.0,28.6,36.5,23.35,23.35,13.0,15.0,STEEL,29.0,43.0,43.0,330.0,350.0,16.0,18.0,False,False,130.0,2.0,0.9,1.1,0.9,1.2,1.0,0.9,674.0,52.0,674.0,52.0,0,2,False,0,1,68.0,45.0,692.0,31.8,True,True,True,True,True,7,2,True,112.0,128.0,144,SPOKED,SPOKED,0,0,0.0,0.0,280.0,745.0,34.9,270.0,1.0
405.0,78.0,615.0,74.5,158.0,45.0,540.0,74.5,660.0,45.0,40.0,28.6,36.5,23.35,23.35,13.0,15.0,STEEL,33.0,51.0,51.0,330.0,350.0,16.0,18.0,False,False,130.0,2.0,0.9,1.1,0.9,1.2,1.0,0.9,674.0,52.0,674.0,52.0,0,2,False,0,1,68.0,45.0,692.0,31.8,True,True,True,True,True,10,2,True,112.0,128.0,144,SPOKED,SPOKED,0,0,0.0,0.0,280.0,780.0,34.9,340.0,1.0
410.0,70.0,600.0,73.0,148.0,45.0,520.0,73.0,655.0,45.0,40.0,28.6,36.5,23.35,23.35,13.0,15.0,STEEL,32.0,49.0,49.0,330.0,350.0,16.0,18.0,False,False,130.0,2.0,0.9,1.1,0.9,1.2,1.0,0.9,674.0,52.0,674.0,52.0,0,2,False,0,1,68.0,45.0,692.0,31.8,True,True,True,True,True,8,2,True,112.0,128.0,144,SPOKED,SPOKED,0,0,0.0,0.0,280.0,760.0,34.9,300.0,1.0
400.0,75.0,605.0,72.0,152.0,45.0,525.0,72.0,650.0,45.0,40.0,28.6,36.5,23.35,23.35,13.0,15.0,STEEL,33.0,50.0,50.0,330.0,350.0,16.0,18.0,False,False,130.0,2.0,0.9,1.1,0.9,1.2,1.0,0.9,674.0,52.0,674.0,52.0,0,2,False,0,1,68.0,45.0,692.0,31.8,True,True,True,True,True,9,2,True,112.0,128.0,144,SPOKED,SPOKED,0,0,0.0,0.0,280.0,765.0,34.9,310.0,1.0
395.0,65.0,580.0,71.5,120.0,45.0,535.0,71.5,580.0,45.0,40.0,30.0,35.0,25.0,25.0,15.0,10.0,STEEL,30.0,40.0,40.0,330.0,350.0,16.0,18.0,False,False,130.0,2.0,0.9,1.1,0.9,1.2,1.0,0.9,680.0,10.0,680.0,10.0,0,1,False,0,1,68.0,45.0,0.0,31.8,True,True,False,False,True,8,2,True,112.0,128.0,144,SPOKED,SPOKED,0,0,0.0,0.0,280.0,750.0,34.9,300.0,1.0
400.0,68.0,590.0,72.0,130.0,45.0,540.0,72.0,590.0,45.0,40.0,30.0,35.0,25.0,25.0,15.0,10.0,STEEL,32.0,42.0,42.0,330.0,350.0,16.0,18.0,False,False,130.0,2.0,0.9,1.1,0.9,1.2,1.0,0.9,680.0,10.0,680.0,10.0,0,1,False,0,1,68.0,45.0,0.0,31.8,True,True,False,False,True,9,1,True,112.0,128.0,144,SPOKED,SPOKED,0,0,0.0,0.0,285.0,755.0,34.9,300.0,1.0
410.0,70.0,600.0,73.0,140.0,45.0,550.0,73.0,600.0,45.0,40.0,30.0,35.0,25.0,25.0,15.0,10.0,STEEL,35.0,45.0,45.0,330.0,350.0,16.0,18.0,False,False,130.0,2.0,0.9,1.1,0.9,1.2,1.0,0.9,680.0,10.0,680.0,10.0,0,1,False,0,1,68.0,45.0,0.0,31.8,True,True,False,False,True,10,2,True,112.0,128.0,144,SPOKED,SPOKED,0,0,0.0,0.0,290.0,760.0,34.9,300.0,1.0
415.0,72.0,610.0,74.5,150.0,45.0,560.0,74.5,610.0,45.0,40.0,30.0,35.0,25.0,25.0,15.0,10.0,STEEL,38.0,48.0,48.0,330.0,350.0,16.0,18.0,False,False,130.0,2.0,0.9,1.1,0.9,1.2,1.0,0.9,680.0,10.0,680.0,10.0,0,1,False,0,1,68.0,45.0,0.0,31.8,True,True,False,False,True,11,1,True,112.0,128.0,144,SPOKED,SPOKED,0,0,0.0,0.0,295.0,765.0,34.9,300.0,1.0
420.0,75.0,620.0,72.5,135.0,45.0,555.0,72.5,605.0,45.0,40.0,30.0,35.0,25.0,25.0,15.0,10.0,STEEL,34.0,44.0,44.0,330.0,350.0,16.0,18.0,False,False,130.0,2.0,0.9,1.1,0.9,1.2,1.0,0.9,680.0,10.0,680.0,10.0,0,1,False,0,1,68.0,45.0,0.0,31.8,True,True,False,False,True,7,2,True,112.0,128.0,144,SPOKED,SPOKED,0,0,0.0,0.0,285.0,758.0,34.9,300.0,1.0
405.0,65.0,585.0,71.8,125.0,45.0,545.0,71.8,585.0,45.0,40.0,30.0,35.0,25.0,25.0,15.0,10.0,STEEL,31.0,41.0,41.0,330.0,350.0,16.0,18.0,False,False,130.0,2.0,0.9,1.1,0.9,1.2,1.0,0.9,680.0,10.0,680.0,10.0,0,1,False,0,1,68.0,45.0,0.0,31.8,True,True,False,False,True,12,1,True,112.0,128.0,144,SPOKED,SPOKED,0,0,0.0,0.0,275.0,748.0,34.9,300.0,1.0
425.0,68.0,605.0,73.2,145.0,45.0,565.0,73.2,615.0,45.0,40.0,30.0,35.0,25.0,25.0,15.0,10.0,STEEL,36.0,46.0,46.0,330.0,350.0,16.0,18.0,False,False,130.0,2.0,0.9,1.1,0.9,1.2,1.0,0.9,680.0,10.0,680.0,10.0,0,1,False,0,1,68.0,45.0,0.0,31.8,True,True,False,False,True,13,2,True,112.0,128.0,144,SPOKED,SPOKED,0,0,0.0,0.0,300.0,770.0,34.9,300.0,1.0
400.0,70.0,595.0,72.2,132.0,45.0,550.0,72.2,598.0,45.0,40.0,30.0,35.0,25.0,25.0,15.0,10.0,STEEL,33.0,43.0,43.0,330.0,350.0,16.0,18.0,False,False,130.0,2.0,0.9,1.1,0.9,1.2,1.0,0.9,680.0,10.0,680.0,10.0,0,1,False,0,1,68.0,45.0,0.0,31.8,True,True,False,False,True,6,1,True,112.0,128.0,144,SPOKED,SPOKED,0,0,0.0,0.0,280.0,752.0,34.9,300.0,1.0
410.0,69.0,610.0,74.0,148.0,45.0,557.0,74.0,612.0,45.0,40.0,30.0,35.0,25.0,25.0,15.0,10.0,STEEL,37.0,47.0,47.0,330.0,350.0,16.0,18.0,False,False,130.0,2.0,0.9,1.1,0.9,1.2,1.0,0.9,680.0,10.0,680.0,10.0,0,1,False,0,1,68.0,45.0,0.0,31.8,True,True,False,False,True,14,2,True,112.0,128.0,144,SPOKED,SPOKED,0,0,0.0,0.0,292.0,762.0,34.9,300.0,1.0
395.0,67.0,580.0,71.7,122.0,45.0,538.0,71.7,582.0,45.0,40.0,30.0,35.0,25.0,25.0,15.0,10.0,STEEL,32.0,42.0,42.0,330.0,350.0,16.0,18.0,False,False,130.0,2.0,0.9,1.1,0.9,1.2,1.0,0.9,680.0,10.0,680.0,10.0,0,1,False,0,1,68.0,45.0,0.0,31.8,True,True,False,False,True,15,1,True,112.0,128.0,144,SPOKED,SPOKED,0,0,0.0,0.0,278.0,746.0,34.9,300.0,1.0
420.0,70.0,600.0,73.0,160.0,50.0,560.0,73.0,620.0,50.0,40.0,28.6,36.5,36.5,23.35,13.0,15.0,STEEL,30.0,50.0,40.0,330.0,350.0,16.0,18.0,False,False,130.0,2.0,0.9,1.1,0.9,1.2,1.0,0.9,674.0,52.0,674.0,52.0,0,0,False,0,1,68.0,45.0,0.0,31.8,True,True,False,False,True,9,2,True,112.0,128.0,144.0,SPOKED,SPOKED,0,0,0.0,0.0,280.0,760.0,36.5,350.0,1.0
415.0,72.0,590.0,72.5,150.0,60.0,550.0,74.0,630.0,55.0,40.0,28.6,36.5,36.5,23.35,13.0,15.0,STEEL,28.0,48.0,38.0,330.0,350.0,16.0,18.0,False,False,135.0,2.0,0.9,1.1,0.9,1.2,1.0,0.9,680.0,52.0,680.0,52.0,0,1,False,0,1,68.0,44.0,0.0,31.8,True,True,True,True,True,10,1,True,112.0,128.0,144.0,SPOKED,SPOKED,0,0,0.0,0.0,280.0,750.0,36.5,345.0,3.0
425.0,68.0,620.0,74.0,170.0,45.0,570.0,72.5,610.0,48.0,40.0,28.6,36.5,36.5,23.35,13.0,15.0,STEEL,32.0,52.0,42.0,330.0,350.0,16.0,18.0,False,False,130.0,2.0,0.9,1.1,0.9,1.2,1.0,0.9,670.0,52.0,670.0,52.0,0,2,False,0,1,68.0,46.0,0.0,31.8,True,True,True,False,True,8,2,True,112.0,128.0,144.0,SPOKED,SPOKED,0,0,0.0,0.0,285.0,755.0,36.5,348.0,1.0
410.0,75.0,605.0,73.5,155.0,55.0,565.0,73.5,625.0,52.0,40.0,28.6,36.5,36.5,23.35,13.0,15.0,STEEL,31.0,49.0,39.0,330.0,350.0,16.0,18.0,False,False,130.0,2.0,0.9,1.1,0.9,1.2,1.0,0.9,678.0,52.0,678.0,52.0,0,0,False,0,1,68.0,45.0,0.0,31.8,True,True,False,True,True,11,3,True,112.0,128.0,144.0,SPOKED,SPOKED,0,0,0.0,0.0,275.0,760.0,36.5,360.0,2.0
430.0,65.0,615.0,72.0,180.0,50.0,550.0,74.0,620.0,50.0,40.0,28.6,36.5,36.5,23.35,13.0,15.0,STEEL,33.0,50.0,44.0,330.0,350.0,16.0,18.0,False,False,132.0,2.0,0.9,1.1,0.9,1.2,1.0,0.9,682.0,52.0,682.0,52.0,0,1,False,0,1,68.0,47.0,0.0,31.8,True,True,True,False,True,9,2,True,112.0,128.0,144.0,SPOKED,SPOKED,0,0,0.0,0.0,290.0,745.0,36.5,355.0,1.0
420.0,70.0,600.0,73.0,160.0,50.0,580.0,73.0,630.0,49.0,40.0,28.6,36.5,36.5,23.35,13.0,15.0,STEEL,30.0,50.0,40.0,330.0,350.0,16.0,18.0,False,False,130.0,2.0,0.9,1.1,0.9,1.2,1.0,0.9,676.0,52.0,676.0,52.0,0,2,False,0,1,68.0,45.0,0.0,31.8,True,True,False,False,True,9,2,True,112.0,128.0,144.0,SPOKED,SPOKED,0,0,0.0,0.0,282.0,750.0,36.5,350.0,3.0
415.0,68.0,590.0,72.5,150.0,60.0,570.0,73.5,615.0,55.0,40.0,28.6,36.5,36.5,23.35,13.0,15.0,STEEL,28.0,48.0,38.0,330.0,350.0,16.0,18.0,False,False,135.0,2.0,0.9,1.1,0.9,1.2,1.0,0.9,674.0,52.0,674.0,52.0,0,0,False,0,1,68.0,44.0,0.0,31.8,True,True,True,True,True,10,1,True,112.0,128.0,144.0,SPOKED,SPOKED,0,0,0.0,0.0,278.0,748.0,36.5,345.0,1.0
425.0,72.0,605.0,74.0,165.0,55.0,560.0,72.5,630.0,48.0,40.0,28.6,36.5,36.5,23.35,13.0,15.0,STEEL,32.0,52.0,42.0,330.0,350.0,16.0,18.0,False,False,130.0,2.0,0.9,1.1,0.9,1.2,1.0,0.9,680.0,52.0,680.0,52.0,0,1,False,0,1,68.0,46.0,0.0,31.8,True,True,False,True,True,8,2,True,112.0,128.0,144.0,SPOKED,SPOKED,0,0,0.0,0.0,280.0,760.0,36.5,348.0,2.0
410.0,75.0,620.0,73.0,170.0,45.0,580.0,74.0,620.0,52.0,40.0,28.6,36.5,36.5,23.35,13.0,15.0,STEEL,31.0,49.0,39.0,330.0,350.0,16.0,18.0,False,False,130.0,2.0,0.9,1.1,0.9,1.2,1.0,0.9,676.0,52.0,676.0,52.0,0,2,False,0,1,68.0,47.0,0.0,31.8,True,True,True,False,True,11,1,True,112.0,128.0,144.0,SPOKED,SPOKED,0,0,0.0,0.0,285.0,755.0,36.5,355.0,1.0
430.0,65.0,610.0,72.5,160.0,50.0,565.0,73.5,615.0,50.0,40.0,28.6,36.5,36.5,23.35,13.0,15.0,STEEL,30.0,50.0,40.0,330.0,350.0,16.0,18.0,False,False,132.0,2.0,0.9,1.1,0.9,1.2,1.0,0.9,682.0,52.0,682.0,52.0,0,0,False,0,1,68.0,45.0,0.0,31.8,True,True,False,True,True,9,3,True,112.0,128.0,144.0,SPOKED,SPOKED,0,0,0.0,0.0,275.0,748.0,36.5,360.0,2.0
450.0,70.0,610.0,73.0,155.0,60.0,580.0,74.0,660.0,50.0,45.0,28.6,36.5,23.35,13.0,15.0,9.0,STEEL,33.0,40.0,45.0,330.0,350.0,16.0,18.0,False,False,135.0,2.0,0.9,1.1,0.9,1.2,1.0,0.9,700.0,50.0,700.0,50.0,0,0,False,0,1,68.0,45.0,692.0,31.8,True,True,True,False,True,9,2,True,112.0,128.0,144,SPOKED,SPOKED,0,0,80.0,80.0,280.0,850.0,34.9,300.0,1.0
460.0,70.0,620.0,72.5,150.0,55.0,590.0,73.5,665.0,52.0,45.0,28.6,36.5,23.35,13.0,15.0,9.0,STEEL,34.0,42.0,47.0,330.0,350.0,16.0,18.0,False,False,135.0,2.2,0.9,1.1,0.9,1.2,1.0,0.9,700.0,50.0,700.0,50.0,0,1,False,0,1,68.0,45.0,692.0,31.8,True,True,True,False,True,10,2,True,112.0,128.0,144,SPOKED,SPOKED,0,0,80.0,80.0,282.0,845.0,34.9,305.0,1.0
470.0,70.0,630.0,74.0,160.0,65.0,570.0,75.0,655.0,50.0,45.0,28.6,36.5,23.35,13.0,15.0,9.0,STEEL,32.0,45.0,50.0,330.0,350.0,16.0,18.0,False,False,135.0,2.0,0.8,1.0,0.8,1.1,0.9,0.8,700.0,50.0,700.0,50.0,0,2,False,0,1,68.0,45.0,692.0,31.8,True,True,True,False,True,11,1,True,112.0,128.0,144,SPOKED,SPOKED,0,0,80.0,80.0,285.0,860.0,34.9,310.0,1.0
455.0,70.0,615.0,73.5,158.0,60.0,585.0,73.0,670.0,50.0,45.0,28.6,36.5,23.35,13.0,15.0,9.0,STEEL,33.5,41.0,46.0,330.0,350.0,16.0,18.0,False,False,135.0,2.1,0.9,1.1,0.9,1.2,1.0,0.9,700.0,50.0,700.0,50.0,0,1,False,0,1,68.0,45.0,692.0,31.8,True,True,False,True,True,9,2,True,112.0,128.0,144,SPOKED,SPOKED,0,0,80.0,80.0,278.0,855.0,34.9,300.0,1.0
465.0,70.0,620.0,72.0,152.0,58.0,580.0,74.5,660.0,52.0,45.0,28.6,36.5,23.35,13.0,15.0,9.0,STEEL,34.0,43.0,48.0,330.0,350.0,16.0,18.0,False,False,135.0,2.0,0.9,1.1,0.9,1.2,1.0,0.9,700.0,50.0,700.0,50.0,0,0,False,0,1,68.0,45.0,692.0,31.8,True,True,True,False,True,10,2,True,112.0,128.0,144,SPOKED,SPOKED,0,0,80.0,80.0,286.0,848.0,34.9,300.0,1.0
480.0,70.0,630.0,71.5,157.0,62.0,575.0,73.5,675.0,50.0,45.0,28.6,36.5,23.35,13.0,15.0,9.0,STEEL,33.0,44.0,49.0,330.0,350.0,16.0,18.0,False,False,135.0,2.3,1.0,1.2,1.0,1.3,1.1,1.0,700.0,50.0,700.0,50.0,0,1,False,0,1,68.0,45.0,692.0,31.8,True,True,True,False,True,9,1,True,112.0,128.0,144,SPOKED,SPOKED,0,0,80.0,80.0,280.0,852.0,34.9,315.0,1.0
440.0,70.0,605.0,74.5,162.0,66.0,590.0,74.0,658.0,50.0,45.0,28.6,36.5,23.35,13.0,15.0,9.0,STEEL,34.5,46.0,51.0,330.0,350.0,16.0,18.0,False,False,135.0,2.1,0.9,1.1,0.9,1.2,1.0,0.9,700.0,50.0,700.0,50.0,0,2,False,0,1,68.0,45.0,692.0,31.8,True,True,False,True,True,10,2,True,112.0,128.0,144,SPOKED,SPOKED,0,0,80.0,80.0,288.0,840.0,34.9,290.0,1.0
475.0,70.0,625.0,72.0,153.0,60.0,585.0,73.0,662.0,50.0,45.0,28.6,36.5,23.35,13.0,15.0,9.0,STEEL,33.0,43.0,48.5,330.0,350.0,16.0,18.0,False,False,135.0,2.3,0.8,1.0,0.8,1.1,0.9,0.8,700.0,50.0,700.0,50.0,0,0,False,0,1,68.0,45.0,692.0,31.8,True,True,True,False,True,11,1,True,112.0,128.0,144,SPOKED,SPOKED,0,0,80.0,80.0,280.0,855.0,34.9,300.0,1.0
485.0,70.0,635.0,73.0,157.5,64.0,580.0,74.0,668.0,52.0,45.0,28.6,36.5,23.35,13.0,15.0,9.0,STEEL,32.5,45.5,49.5,330.0,350.0,16.0,18.0,False,False,135.0,2.2,0.9,1.1,0.9,1.2,1.0,0.9,700.0,50.0,700.0,50.0,0,1,False,0,1,68.0,45.0,692.0,31.8,True,True,True,False,True,10,2,True,112.0,128.0,144,SPOKED,SPOKED,0,0,80.0,80.0,290.0,859.0,34.9,290.0,1.0
495.0,70.0,640.0,71.0,150.0,55.0,595.0,73.5,660.0,50.0,45.0,28.6,36.5,23.35,13.0,15.0,9.0,STEEL,33.0,42.5,46.5,330.0,350.0,16.0,18.0,False,False,135.0,2.0,0.9,1.1,0.9,1.2,1.0,0.9,700.0,50.0,700.0,50.0,0,2,False,0,1,68.0,45.0,692.0,31.8,True,True,True,False,True,9,2,True,112.0,128.0,144,SPOKED,SPOKED,0,0,80.0,80.0,287.0,850.0,34.9,300.0,1.0
430.0,65.0,600.0,73.0,180.0,50.0,560.0,73.0,660.0,50.0,45.0,28.6,28.6,36.5,36.5,13.0,15.0,STEEL,30.0,40.0,40.0,330.0,350.0,16.0,18.0,False,False,130.0,2.0,0.9,1.1,0.9,1.2,1.0,0.9,680.0,50.0,680.0,50.0,0,0,False,0,1,68.0,45.0,0.0,31.8,True,True,False,False,True,8,2,True,112.0,128.0,144,SPOKED,SPOKED,0,0,80.0,80.0,280.0,760.0,34.9,350.0,1.0
440.0,68.0,605.0,72.5,190.0,55.0,570.0,72.0,655.0,50.0,45.0,28.6,28.6,36.5,36.5,13.0,15.0,STEEL,30.0,40.0,40.0,330.0,350.0,16.0,18.0,False,False,130.0,2.0,0.9,1.1,0.9,1.2,1.0,0.9,680.0,50.0,680.0,50.0,0,0,False,0,1,68.0,45.0,0.0,31.8,True,True,False,False,True,8,2,True,112.0,128.0,144,SPOKED,SPOKED,0,0,80.0,80.0,280.0,760.0,34.9,350.0,1.0
450.0,62.0,610.0,73.5,170.0,45.0,550.0,73.5,665.0,50.0,45.0,28.6,28.6,36.5,36.5,13.0,15.0,STEEL,30.0,40.0,40.0,330.0,350.0,16.0,18.0,False,False,130.0,2.0,0.9,1.1,0.9,1.2,1.0,0.9,680.0,50.0,680.0,50.0,0,0,False,0,1,68.0,45.0,0.0,31.8,True,True,False,False,True,8,2,True,112.0,128.0,144,SPOKED,SPOKED,0,0,80.0,80.0,280.0,760.0,34.9,350.0,1.0
460.0,70.0,595.0,72.0,200.0,52.0,580.0,72.5,650.0,50.0,45.0,28.6,28.6,36.5,36.5,13.0,15.0,STEEL,30.0,40.0,40.0,330.0,350.0,16.0,18.0,False,False,130.0,2.0,0.9,1.1,0.9,1.2,1.0,0.9,680.0,50.0,680.0,50.0,0,0,False,0,1,68.0,45.0,0.0,31.8,True,True,False,False,True,8,2,True,112.0,128.0,144,SPOKED,SPOKED,0,0,80.0,80.0,280.0,760.0,34.9,350.0,1.0
470.0,66.0,615.0,73.0,160.0,48.0,555.0,73.0,670.0,50.0,45.0,28.6,28.6,36.5,36.5,13.0,15.0,STEEL,30.0,40.0,40.0,330.0,350.0,16.0,18.0,False,False,130.0,2.0,0.9,1.1,0.9,1.2,1.0,0.9,680.0,50.0,680.0,50.0,0,0,False,0,1,68.0,45.0,0.0,31.8,True,True,False,False,True,8,2,True,112.0,128.0,144,SPOKED,SPOKED,0,0,80.0,80.0,280.0,760.0,34.9,350.0,1.0
480.0,64.0,620.0,72.5,185.0,53.0,565.0,72.5,660.0,50.0,45.0,28.6,28.6,36.5,36.5,13.0,15.0,STEEL,30.0,40.0,40.0,330.0,350.0,16.0,18.0,False,False,130.0,2.0,0.9,1.1,0.9,1.2,1.0,0.9,680.0,50.0,680.0,50.0,0,0,False,0,1,68.0,45.0,0.0,31.8,True,True,False,False,True,8,2,True,112.0,128.0,144,SPOKED,SPOKED,0,0,80.0,80.0,280.0,760.0,34.9,350.0,1.0
420.0,67.0,590.0,73.5,175.0,47.0,575.0,73.5,655.0,50.0,45.0,28.6,28.6,36.5,36.5,13.0,15.0,STEEL,30.0,40.0,40.0,330.0,350.0,16.0,18.0,False,False,130.0,2.0,0.9,1.1,0.9,1.2,1.0,0.9,680.0,50.0,680.0,50.0,0,0,False,0,1,68.0,45.0,0.0,31.8,True,True,False,False,True,8,2,True,112.0,128.0,144,SPOKED,SPOKED,0,0,80.0,80.0,280.0,760.0,34.9,350.0,1.0
435.0,69.0,585.0,72.0,165.0,51.0,585.0,72.0,675.0,50.0,45.0,28.6,28.6,36.5,36.5,13.0,15.0,STEEL,30.0,40.0,40.0,330.0,350.0,16.0,18.0,False,False,130.0,2.0,0.9,1.1,0.9,1.2,1.0,0.9,680.0,50.0,680.0,50.0,0,0,False,0,1,68.0,45.0,0.0,31.8,True,True,False,False,True,8,2,True,112.0,128.0,144,SPOKED,SPOKED,0,0,80.0,80.0,280.0,760.0,34.9,350.0,1.0
465.0,63.0,625.0,73.0,195.0,49.0,545.0,73.0,645.0,50.0,45.0,28.6,28.6,36.5,36.5,13.0,15.0,STEEL,30.0,40.0,40.0,330.0,350.0,16.0,18.0,False,False,130.0,2.0,0.9,1.1,0.9,1.2,1.0,0.9,680.0,50.0,680.0,50.0,0,0,False,0,1,68.0,45.0,0.0,31.8,True,True,False,False,True,8,2,True,112.0,128.0,144,SPOKED,SPOKED,0,0,80.0,80.0,280.0,760.0,34.9,350.0,1.0
475.0,61.0,580.0,72.5,155.0,54.0,595.0,72.5,680.0,50.0,45.0,28.6,28.6,36.5,36.5,13.0,15.0,STEEL,30.0,40.0,40.0,330.0,350.0,16.0,18.0,False,False,130.0,2.0,0.9,1.1,0.9,1.2,1.0,0.9,680.0,50.0,680.0,50.0,0,0,False,0,1,68.0,45.0,0.0,31.8,True,True,False,False,True,8,2,True,112.0,128.0,144,SPOKED,SPOKED,0,0,80.0,80.0,280.0,760.0,34.9,350.0,1.0
410.0,70.0,610.0,73.5,150.0,50.0,600.0,74.0,660.0,50.0,40.0,28.6,33.6,36.5,23.35,13.0,15.0,STEEL,40.0,40.0,50.0,330.0,350.0,16.0,18.0,False,False,135.0,2.0,1.0,1.1,0.9,1.2,1.0,0.9,700.0,60.0,700.0,60.0,0,0,False,0,1,68.0,45.0,0.0,30,True,True,True,True,True,8,1,True,112.0,128.0,144,SPOKED,SPOKED,1,1,80.0,80.0,278.0,800.0,34.9,780.0,1.0
420.0,65.0,620.0,72.5,140.0,55.0,610.0,73.5,670.0,52.0,40.0,28.6,33.6,36.5,23.35,13.0,15.0,STEEL,42.0,38.0,48.0,330.0,350.0,16.0,18.0,False,False,135.0,2.0,1.0,1.1,0.9,1.2,1.0,0.9,700.0,60.0,700.0,60.0,0,1,False,0,1,68.0,45.0,0.0,30,True,True,True,True,True,7,2,True,112.0,128.0,144,SPOKED,SPOKED,1,1,80.0,80.0,278.0,810.0,34.9,800.0,1.0
405.0,75.0,605.0,74.0,160.0,48.0,590.0,74.5,655.0,48.0,40.0,28.6,33.6,36.5,23.35,13.0,15.0,STEEL,38.0,42.0,52.0,330.0,350.0,16.0,18.0,False,False,135.0,2.0,1.0,1.1,0.9,1.2,1.0,0.9,700.0,60.0,700.0,60.0,0,2,False,0,1,68.0,45.0,0.0,30,True,True,True,True,True,9,1,True,112.0,128.0,144,SPOKED,SPOKED,1,1,80.0,80.0,278.0,790.0,34.9,770.0,1.0
400.0,68.0,600.0,73.0,130.0,60.0,620.0,73.0,662.0,50.0,40.0,28.6,33.6,36.5,23.35,13.0,15.0,STEEL,36.0,44.0,49.0,330.0,350.0,16.0,18.0,False,False,135.0,2.0,1.0,1.1,0.9,1.2,1.0,0.9,700.0,60.0,700.0,60.0,0,0,False,0,1,68.0,45.0,0.0,30,True,True,True,True,True,7,2,True,112.0,128.0,144,SPOKED,SPOKED,1,1,80.0,80.0,278.0,820.0,34.9,810.0,1.0
415.0,72.0,615.0,72.0,145.0,52.0,605.0,74.0,665.0,49.0,40.0,28.6,33.6,36.5,23.35,13.0,15.0,STEEL,41.0,39.0,51.0,330.0,350.0,16.0,18.0,False,False,135.0,2.0,1.0,1.1,0.9,1.2,1.0,0.9,700.0,60.0,700.0,60.0,0,1,False,0,1,68.0,45.0,0.0,30,True,True,True,True,True,8,2,True,112.0,128.0,144,SPOKED,SPOKED,1,1,80.0,80.0,278.0,805.0,34.9,790.0,1.0
430.0,70.0,625.0,74.5,170.0,47.0,595.0,75.0,675.0,53.0,40.0,28.6,33.6,36.5,23.35,13.0,15.0,STEEL,45.0,35.0,55.0,330.0,350.0,16.0,18.0,False,False,135.0,2.0,1.0,1.1,0.9,1.2,1.0,0.9,700.0,60.0,700.0,60.0,0,2,False,0,1,68.0,45.0,0.0,30,True,True,True,True,True,9,1,True,112.0,128.0,144,SPOKED,SPOKED,1,1,80.0,80.0,278.0,815.0,34.9,800.0,1.0
395.0,66.0,595.0,72.8,125.0,58.0,615.0,73.8,669.0,51.0,40.0,28.6,33.6,36.5,23.35,13.0,15.0,STEEL,39.0,43.0,47.0,330.0,350.0,16.0,18.0,False,False,135.0,2.0,1.0,1.1,0.9,1.2,1.0,0.9,700.0,60.0,700.0,60.0,0,0,False,0,1,68.0,45.0,0.0,30,True,True,True,True,True,8,1,True,112.0,128.0,144,SPOKED,SPOKED,1,1,80.0,80.0,278.0,795.0,34.9,780.0,1.0
425.0,69.0,630.0,73.2,155.0,46.0,600.0,74.2,680.0,54.0,40.0,28.6,33.6,36.5,23.35,13.0,15.0,STEEL,44.0,37.0,53.0,330.0,350.0,16.0,18.0,False,False,135.0,2.0,1.0,1.1,0.9,1.2,1.0,0.9,700.0,60.0,700.0,60.0,0,1,False,0,1,68.0,45.0,0.0,30,True,True,True,True,True,7,1,True,112.0,128.0,144,SPOKED,SPOKED,1,1,80.0,80.0,278.0,805.0,34.9,790.0,1.0
405.0,74.0,595.0,73.0,135.0,53.0,605.0,73.5,658.0,50.0,40.0,28.6,33.6,36.5,23.35,13.0,15.0,STEEL,37.0,41.0,50.0,330.0,350.0,16.0,18.0,False,False,135.0,2.0,1.0,1.1,0.9,1.2,1.0,0.9,700.0,60.0,700.0,60.0,0,2,False,0,1,68.0,45.0,0.0,30,True,True,True,True,True,8,2,True,112.0,128.0,144,SPOKED,SPOKED,1,1,80.0,80.0,278.0,785.0,34.9,780.0,1.0
418.0,71.0,618.0,72.5,148.0,49.0,598.0,74.0,672.0,52.0,40.0,28.6,33.6,36.5,23.35,13.0,15.0,STEEL,43.0,36.0,54.0,330.0,350.0,16.0,18.0,False,False,135.0,2.0,1.0,1.1,0.9,1.2,1.0,0.9,700.0,60.0,700.0,60.0,0,0,False,0,1,68.0,45.0,0.0,30,True,True,True,True,True,9,2,True,112.0,128.0,144,SPOKED,SPOKED,1,1,80.0,80.0,278.0,810.0,34.9,800.0,1.0
420.0,70.0,600.0,73.0,150.0,45.0,540.0,73.0,655.0,46.0,45.0,28.0,34.0,36.5,23.35,13.0,15.0,STEEL,33.0,49.0,49.0,0.0,0.0,0.0,0.0,False,False,130.0,2.0,0.9,1.1,0.9,1.2,1.0,0.9,680.0,50.0,680.0,50.0,0,2,False,0,1,68.0,45.0,0.0,31.8,True,True,False,False,True,9,2,True,112.0,128.0,144,SPOKED,SPOKED,0,0,80.0,80.0,278.0,780.0,34.1,800.0,1.0
415.0,68.0,605.0,72.5,140.0,50.0,535.0,72.5,660.0,45.0,45.0,29.0,35.0,36.0,23.0,13.0,15.0,STEEL,32.0,50.0,48.0,0.0,0.0,0.0,0.0,False,False,130.0,2.0,0.9,1.1,0.9,1.2,1.0,0.9,680.0,50.0,680.0,50.0,0,2,False,0,1,68.0,46.0,0.0,31.8,True,True,False,False,True,8,2,True,105.0,115.0,130,SPOKED,SPOKED,0,0,80.0,80.0,280.0,770.0,33.2,780.0,1.0
430.0,72.0,595.0,74.0,155.0,55.0,545.0,74.0,645.0,47.0,50.0,27.0,36.0,35.0,25.0,13.0,15.0,STEEL,35.0,52.0,47.0,0.0,0.0,0.0,0.0,False,False,130.0,2.0,0.9,1.1,0.9,1.2,1.0,0.9,700.0,50.0,700.0,50.0,0,1,False,0,1,70.0,47.0,0.0,31.8,True,True,False,False,True,10,2,True,120.0,135.0,145,SPOKED,SPOKED,0,0,80.0,80.0,275.0,785.0,34.2,810.0,1.0
425.0,70.0,615.0,73.0,160.0,60.0,550.0,73.5,655.0,46.0,45.0,30.0,34.0,36.5,23.35,13.0,15.0,STEEL,34.0,49.0,50.0,0.0,0.0,0.0,0.0,False,False,130.0,2.0,0.9,1.1,0.9,1.2,1.0,0.9,680.0,50.0,680.0,50.0,0,0,False,0,1,68.0,44.0,0.0,31.8,True,True,False,False,True,9,2,True,110.0,120.0,140,SPOKED,SPOKED,0,0,80.0,80.0,285.0,790.0,32.2,795.0,1.0
410.0,66.0,630.0,72.0,145.0,50.0,545.0,72.0,670.0,44.0,45.0,28.0,35.0,36.0,24.0,13.0,15.0,STEEL,31.0,48.0,46.0,0.0,0.0,0.0,0.0,False,False,130.0,2.0,0.9,1.1,0.9,1.2,1.0,0.9,680.0,50.0,680.0,50.0,0,2,False,0,1,66.0,45.0,0.0,31.8,True,True,False,False,True,8,2,True,115.0,125.0,135,SPOKED,SPOKED,0,0,80.0,80.0,282.0,775.0,33.2,780.0,1.0
435.0,65.0,590.0,75.0,150.0,55.0,550.0,74.5,660.0,48.0,45.0,28.0,34.0,36.5,23.35,13.0,15.0,STEEL,33.0,51.0,49.0,0.0,0.0,0.0,0.0,False,False,130.0,2.0,0.9,1.1,0.9,1.2,1.0,0.9,680.0,50.0,680.0,50.0,0,1,False,0,1,68.0,46.0,0.0,31.8,True,True,False,False,True,9,2,True,118.0,130.0,142,SPOKED,SPOKED,0,0,80.0,80.0,277.0,765.0,32.2,770.0,1.0
440.0,68.0,620.0,73.0,165.0,60.0,545.0,73.5,655.0,45.0,45.0,29.0,35.0,36.0,24.0,13.0,15.0,STEEL,35.0,50.0,48.0,0.0,0.0,0.0,0.0,False,False,130.0,2.0,0.9,1.1,0.9,1.2,1.0,0.9,680.0,50.0,680.0,50.0,0,2,False,0,1,70.0,48.0,0.0,31.8,True,True,False,False,True,10,2,True,109.0,119.0,129,SPOKED,SPOKED,0,0,80.0,80.0,283.0,785.0,33.2,800.0,1.0
425.0,70.0,625.0,72.0,155.0,55.0,540.0,73.0,650.0,46.0,45.0,30.0,36.0,35.0,25.0,13.0,15.0,STEEL,34.0,49.0,47.0,0.0,0.0,0.0,0.0,False,False,130.0,2.0,0.9,1.1,0.9,1.2,1.0,0.9,700.0,50.0,700.0,50.0,0,1,False,0,1,68.0,45.0,0.0,31.8,True,True,False,False,True,8,2,True,112.0,126.0,138,SPOKED,SPOKED,0,0,80.0,80.0,280.0,780.0,34.2,790.0,1.0
420.0,69.0,635.0,73.5,170.0,50.0,545.0,73.0,660.0,47.0,45.0,28.0,35.0,36.5,23.35,13.0,15.0,STEEL,33.0,50.0,49.0,0.0,0.0,0.0,0.0,False,False,130.0,2.0,0.9,1.1,0.9,1.2,1.0,0.9,680.0,50.0,680.0,50.0,0,2,False,0,1,69.0,44.0,0.0,31.8,True,True,False,False,True,9,2,True,114.0,128.0,140,SPOKED,SPOKED,0,0,80.0,80.0,284.0,788.0,33.2,805.0,1.0
430.0,67.0,610.0,74.0,175.0,55.0,540.0,74.0,655.0,45.0,45.0,29.0,34.0,36.0,24.0,13.0,15.0,STEEL,34.0,51.0,48.0,0.0,0.0,0.0,0.0,False,False,130.0,2.0,0.9,1.1,0.9,1.2,1.0,0.9,680.0,50.0,680.0,50.0,0,1,False,0,1,67.0,46.0,0.0,31.8,True,True,False,False,True,10,2,True,113.0,127.0,139,SPOKED,SPOKED,0,0,80.0,80.0,281.0,782.0,32.2,795.0,1.0
405.0,70.0,600.0,73.0,180.0,50.0,540.0,73.0,650.0,50.0,45.0,28.6,36.5,24.0,24.0,13.0,15.0,STEEL,30.0,40.0,45.0,0.0,0.0,0.0,0.0,False,False,130.0,2.0,2.0,2.0,2.0,2.0,2.0,2.0,680.0,52.0,680.0,52.0,0,0,False,0,1,68.0,45.0,0.0,31.8,True,True,False,False,True,8,2,True,112.0,128.0,144,SPOKED,SPOKED,0,0,0.0,0.0,278.0,760.0,34.9,300.0,1.0
395.0,72.0,610.0,72.0,160.0,45.0,550.0,74.0,660.0,48.0,45.0,30.0,36.5,24.0,25.0,13.0,15.0,STEEL,35.0,45.0,50.0,0.0,0.0,0.0,0.0,False,False,130.0,2.0,2.0,2.0,2.0,2.0,2.0,2.0,680.0,52.0,680.0,52.0,0,0,False,0,1,68.0,45.0,0.0,31.8,True,True,False,False,True,8,2,True,112.0,128.0,144,SPOKED,SPOKED,0,0,0.0,0.0,278.0,780.0,34.9,300.0,1.0
415.0,68.0,590.0,73.5,190.0,55.0,530.0,73.0,640.0,49.0,45.0,28.6,35.0,23.0,24.5,13.0,15.0,STEEL,28.0,42.0,48.0,0.0,0.0,0.0,0.0,False,False,130.0,2.0,2.0,2.0,2.0,2.0,2.0,2.0,680.0,52.0,680.0,52.0,0,0,False,0,1,68.0,45.0,0.0,31.8,True,True,False,False,True,8,2,True,112.0,128.0,144,SPOKED,SPOKED,0,0,0.0,0.0,278.0,770.0,34.9,300.0,1.0
385.0,75.0,605.0,72.5,150.0,50.0,545.0,72.0,655.0,50.0,45.0,32.0,36.5,25.0,26.0,13.0,15.0,STEEL,32.0,47.0,46.0,0.0,0.0,0.0,0.0,False,False,130.0,2.0,2.0,2.0,2.0,2.0,2.0,2.0,680.0,52.0,680.0,52.0,0,0,False,0,1,68.0,45.0,0.0,31.8,True,True,False,False,True,8,2,True,112.0,128.0,144,SPOKED,SPOKED,0,0,0.0,0.0,278.0,750.0,34.9,320.0,1.0
425.0,70.0,620.0,74.0,200.0,60.0,550.0,74.5,670.0,47.0,45.0,28.6,36.5,24.0,23.0,13.0,15.0,STEEL,36.0,50.0,55.0,0.0,0.0,0.0,0.0,False,False,130.0,2.0,2.0,2.0,2.0,2.0,2.0,2.0,680.0,52.0,680.0,52.0,0,0,False,0,1,68.0,45.0,0.0,31.8,True,True,False,False,True,8,2,True,112.0,128.0,144,SPOKED,SPOKED,0,0,0.0,0.0,278.0,785.0,34.9,310.0,1.0
395.0,68.0,580.0,71.5,170.0,48.0,535.0,71.0,640.0,51.0,45.0,30.0,35.0,23.5,25.0,13.0,15.0,STEEL,29.0,44.0,44.0,0.0,0.0,0.0,0.0,False,False,130.0,2.0,2.0,2.0,2.0,2.0,2.0,2.0,680.0,52.0,680.0,52.0,0,0,False,0,1,68.0,45.0,0.0,31.8,True,True,False,False,True,8,2,True,112.0,128.0,144,SPOKED,SPOKED,0,0,0.0,0.0,278.0,755.0,34.9,305.0,1.0
410.0,74.0,595.0,72.0,165.0,52.0,545.0,73.5,645.0,49.0,45.0,28.6,36.5,24.5,26.0,13.0,15.0,STEEL,34.0,46.0,47.0,0.0,0.0,0.0,0.0,False,False,130.0,2.0,2.0,2.0,2.0,2.0,2.0,2.0,680.0,52.0,680.0,52.0,0,0,False,0,1,68.0,45.0,0.0,31.8,True,True,False,False,True,8,2,True,112.0,128.0,144,SPOKED,SPOKED,0,0,0.0,0.0,278.0,765.0,34.9,315.0,1.0
400.0,69.0,600.0,73.0,185.0,58.0,550.0,74.0,660.0,50.0,45.0,31.0,36.5,25.0,24.0,13.0,15.0,STEEL,33.0,48.0,49.0,0.0,0.0,0.0,0.0,False,False,130.0,2.0,2.0,2.0,2.0,2.0,2.0,2.0,680.0,52.0,680.0,52.0,0,0,False,0,1,68.0,45.0,0.0,31.8,True,True,False,False,True,8,2,True,112.0,128.0,144,SPOKED,SPOKED,0,0,0.0,0.0,278.0,770.0,34.9,320.0,1.0
415.0,71.0,610.0,72.5,175.0,54.0,560.0,73.0,650.0,48.0,45.0,28.6,36.0,24.0,26.0,13.0,15.0,STEEL,31.0,43.0,46.0,0.0,0.0,0.0,0.0,False,False,130.0,2.0,2.0,2.0,2.0,2.0,2.0,2.0,680.0,52.0,680.0,52.0,0,0,False,0,1,68.0,45.0,0.0,31.8,True,True,False,False,True,8,2,True,112.0,128.0,144,SPOKED,SPOKED,0,0,0.0,0.0,278.0,780.0,34.9,305.0,1.0
390.0,73.0,595.0,73.5,195.0,57.0,545.0,73.0,665.0,49.0,45.0,29.0,36.5,23.5,25.0,13.0,15.0,STEEL,37.0,52.0,51.0,0.0,0.0,0.0,0.0,False,False,130.0,2.0,2.0,2.0,2.0,2.0,2.0,2.0,680.0,52.0,680.0,52.0,0,0,False,0,1,68.0,45.0,0.0,31.8,True,True,False,False,True,8,2,True,112.0,128.0,144,SPOKED,SPOKED,0,0,0.0,0.0,278.0,755.0,34.9,310.0,1.0
420.0,70.0,600.0,73.0,145.0,50.0,600.0,73.0,650.0,50.0,40.0,28.6,34.9,34.9,34.9,13.0,15.0,STEEL,35.0,35.0,45.0,330.0,350.0,16.0,18.0,False,False,130.0,2.0,0.9,1.1,0.9,1.2,1.0,0.9,700.0,50.0,700.0,50.0,0,0,False,0,1,68.0,45.0,692.0,31.8,True,True,False,False,True,8,2,True,112.0,128.0,144,DISC,DISC,0,0,80.0,80.0,278.0,780.0,34.9,330.0,1.0
425.0,72.0,605.0,73.5,150.0,50.0,605.0,73.5,655.0,50.0,40.0,28.6,34.9,34.9,34.9,13.0,15.0,STEEL,36.0,36.0,46.0,330.0,350.0,16.0,18.0,False,False,130.0,2.0,0.9,1.1,0.9,1.2,1.0,0.9,700.0,50.0,700.0,50.0,0,1,False,0,1,68.0,45.0,692.0,31.8,True,True,False,False,True,9,2,True,112.0,128.0,144,DISC,SPOKED,0,0,80.0,80.0,278.0,780.0,34.9,330.0,1.0
430.0,74.0,610.0,74.0,155.0,50.0,610.0,74.0,660.0,50.0,40.0,28.6,34.9,34.9,34.9,13.0,15.0,STEEL,37.0,37.0,47.0,330.0,350.0,16.0,18.0,False,False,130.0,2.0,0.9,1.1,0.9,1.2,1.0,0.9,700.0,50.0,700.0,50.0,0,2,False,0,1,68.0,45.0,692.0,31.8,True,True,False,False,True,10,2,True,112.0,128.0,144,DISC,TRISPOKE,0,1,80.0,80.0,278.0,780.0,34.9,330.0,1.0
435.0,72.5,615.0,72.5,160.0,50.0,615.0,74.5,665.0,50.0,40.0,28.6,34.9,34.9,34.9,13.0,15.0,STEEL,38.0,38.0,48.0,330.0,350.0,16.0,18.0,False,False,130.0,2.0,0.9,1.1,0.9,1.2,1.0,0.9,700.0,50.0,700.0,50.0,0,0,False,0,1,68.0,45.0,692.0,31.8,True,True,False,False,True,11,2,True,112.0,128.0,144,SPOKED,DISC,0,0,80.0,80.0,278.0,780.0,34.9,330.0,1.0
440.0,73.8,620.0,75.0,165.0,50.0,620.0,75.0,670.0,50.0,40.0,28.6,34.9,34.9,34.9,13.0,15.0,STEEL,39.0,39.0,49.0,330.0,350.0,16.0,18.0,False,False,130.0,2.0,0.9,1.1,0.9,1.2,1.0,0.9,700.0,50.0,700.0,50.0,0,1,False,0,1,68.0,45.0,692.0,31.8,True,True,False,False,True,12,2,True,112.0,128.0,144,SPOKED,SPOKED,0,0,80.0,80.0,278.0,780.0,34.9,330.0,1.0
445.0,74.2,625.0,73.2,170.0,50.0,625.0,73.2,675.0,50.0,40.0,28.6,34.9,34.9,34.9,13.0,15.0,STEEL,40.0,40.0,50.0,330.0,350.0,16.0,18.0,False,False,130.0,2.0,0.9,1.1,0.9,1.2,1.0,0.9,700.0,50.0,700.0,50.0,0,2,False,0,1,68.0,45.0,692.0,31.8,True,True,False,False,True,7,2,True,112.0,128.0,144,SPOKED,TRISPOKE,0,1,80.0,80.0,278.0,780.0,34.9,330.0,1.0
422.0,73.1,602.0,74.1,148.0,50.0,602.0,74.1,652.0,50.0,40.0,28.6,34.9,34.9,34.9,13.0,15.0,STEEL,34.0,34.0,44.0,330.0,350.0,16.0,18.0,False,False,130.0,2.0,0.9,1.1,0.9,1.2,1.0,0.9,700.0,50.0,700.0,50.0,0,0,False,0,1,68.0,45.0,692.0,31.8,True,True,False,False,True,8,2,True,112.0,128.0,144,TRISPOKE,DISC,1,0,80.0,80.0,278.0,780.0,34.9,330.0,1.0
432.0,73.9,612.0,74.3,158.0,50.0,612.0,74.3,662.0,50.0,40.0,28.6,34.9,34.9,34.9,13.0,15.0,STEEL,37.0,37.0,47.0,330.0,350.0,16.0,18.0,False,False,130.0,2.0,0.9,1.1,0.9,1.2,1.0,0.9,700.0,50.0,700.0,50.0,0,1,False,0,1,68.0,45.0,692.0,31.8,True,True,False,False,True,9,2,True,112.0,128.0,144,TRISPOKE,SPOKED,1,0,80.0,80.0,278.0,780.0,34.9,330.0,1.0
442.0,74.5,622.0,73.9,168.0,50.0,622.0,73.9,672.0,50.0,40.0,28.6,34.9,34.9,34.9,13.0,15.0,STEEL,39.0,39.0,49.0,330.0,350.0,16.0,18.0,False,False,130.0,2.0,0.9,1.1,0.9,1.2,1.0,0.9,700.0,50.0,700.0,50.0,0,2,False,0,1,68.0,45.0,692.0,31.8,True,True,False,False,True,10,2,True,112.0,128.0,144,TRISPOKE,TRISPOKE,1,1,80.0,80.0,278.0,780.0,34.9,330.0,1.0
438.0,77.0,607.0,73.3,152.0,50.0,607.0,74.6,657.0,50.0,40.0,28.6,34.9,34.9,34.9,13.0,15.0,STEEL,36.0,36.0,46.0,330.0,350.0,16.0,18.0,False,False,130.0,2.0,0.9,1.1,0.9,1.2,1.0,0.9,700.0,50.0,700.0,50.0,0,1,False,0,1,68.0,45.0,692.0,31.8,True,True,True,True,True,8,1,True,112.0,128.0,144,DISC,SPOKED,0,0,80.0,80.0,278.0,780.0,34.9,330.0,1.0
410.0,65.0,600.0,73.5,180.0,45.0,550.0,73.5,670.0,45.0,45.0,28.6,36.5,36.5,36.5,13.0,9.0,STEEL,35.0,50.0,50.0,0.0,0.0,0.0,0.0,False,False,130.0,2.2,1.2,2.0,2.0,1.2,1.2,2.0,674.0,52.0,674.0,52.0,0,2,False,0,1,68.0,45.0,0.0,31.8,True,True,False,False,True,8,2,True,112.0,128.0,144.0,SPOKED,SPOKED,0,0,0.0,0.0,280.0,750.0,34.9,750.0,1.0
420.0,63.0,590.0,73.0,175.0,50.0,545.0,74.0,660.0,42.0,45.0,30.0,34.0,35.0,35.0,13.0,10.0,STEEL,34.0,52.0,48.0,0.0,0.0,0.0,0.0,False,False,130.0,2.1,1.3,2.1,2.1,1.1,1.1,2.1,674.0,52.0,674.0,52.0,0,2,False,0,1,68.0,45.0,0.0,31.8,True,True,False,False,True,8,2,True,112.0,128.0,144.0,SPOKED,SPOKED,0,0,0.0,0.0,285.0,760.0,34.0,730.0,1.0
405.0,68.0,610.0,74.0,185.0,48.0,555.0,73.0,675.0,47.0,45.0,32.0,36.0,37.0,37.0,12.0,9.5,STEEL,36.0,51.0,49.0,0.0,0.0,0.0,0.0,False,False,130.0,2.3,1.1,2.2,2.2,1.2,1.2,2.0,674.0,52.0,674.0,52.0,0,2,False,0,1,68.0,45.0,0.0,31.8,True,True,False,False,True,8,2,True,112.0,128.0,144.0,SPOKED,SPOKED,0,0,0.0,0.0,275.0,755.0,36.0,770.0,1.0
415.0,65.0,595.0,73.2,178.0,46.0,548.0,74.0,668.0,44.0,45.0,28.6,35.5,36.5,34.5,13.0,8.5,STEEL,35.5,50.5,49.5,0.0,0.0,0.0,0.0,False,False,130.0,2.2,1.2,2.0,1.9,1.2,1.1,2.0,674.0,52.0,674.0,52.0,0,2,False,0,1,68.0,45.0,0.0,31.8,True,True,False,False,True,8,2,True,112.0,128.0,144.0,SPOKED,SPOKED,0,0,0.0,0.0,282.0,748.0,35.5,740.0,1.0
425.0,70.0,605.0,72.8,190.0,47.0,555.0,73.5,680.0,45.0,45.0,33.0,36.5,36.0,36.0,14.0,9.0,STEEL,37.0,52.0,50.0,0.0,0.0,0.0,0.0,False,False,130.0,2.2,1.3,2.1,2.1,1.2,1.2,2.1,674.0,52.0,674.0,52.0,0,2,False,0,1,68.0,45.0,0.0,31.8,True,True,False,False,True,8,2,True,112.0,128.0,144.0,SPOKED,SPOKED,0,0,0.0,0.0,288.0,765.0,35.5,760.0,1.0
435.0,64.0,580.0,73.7,170.0,44.0,540.0,74.2,655.0,43.0,45.0,29.0,35.0,34.0,34.0,13.0,8.0,STEEL,33.0,49.0,47.0,0.0,0.0,0.0,0.0,False,False,130.0,2.0,1.1,2.0,1.8,1.1,1.1,2.0,674.0,52.0,674.0,52.0,0,2,False,0,1,68.0,45.0,0.0,31.8,True,True,False,False,True,8,2,True,112.0,128.0,144.0,SPOKED,SPOKED,0,0,0.0,0.0,275.0,745.0,35.0,720.0,1.0
410.0,67.0,600.0,73.3,182.0,49.0,552.0,73.8,672.0,46.0,45.0,31.0,36.0,36.0,35.0,13.0,9.2,STEEL,36.0,50.0,49.0,0.0,0.0,0.0,0.0,False,False,130.0,2.0,1.2,2.1,2.0,1.2,1.1,2.0,674.0,52.0,674.0,52.0,0,2,False,0,1,68.0,45.0,0.0,31.8,True,True,False,False,True,8,2,True,112.0,128.0,144.0,SPOKED,SPOKED,0,0,0.0,0.0,279.0,749.0,36.0,755.0,1.0
412.0,62.0,588.0,72.5,172.0,45.0,550.0,74.5,660.0,42.0,45.0,27.0,34.0,34.0,34.0,13.0,8.0,STEEL,33.0,49.0,48.0,0.0,0.0,0.0,0.0,False,False,130.0,2.2,1.1,2.0,1.9,1.1,1.1,2.0,674.0,52.0,674.0,52.0,0,2,False,0,1,68.0,45.0,0.0,31.8,True,True,False,False,True,8,2,True,112.0,128.0,144.0,SPOKED,SPOKED,0,0,0.0,0.0,284.0,743.0,34.0,735.0,1.0
422.0,66.0,602.0,73.9,188.0,50.0,560.0,73.2,678.0,48.0,45.0,34.0,37.0,37.0,37.0,14.0,9.8,STEEL,37.0,53.0,51.0,0.0,0.0,0.0,0.0,False,False,130.0,2.3,1.2,2.2,2.2,1.2,1.2,2.2,674.0,52.0,674.0,52.0,0,2,False,0,1,68.0,45.0,0.0,31.8,True,True,False,False,True,8,2,True,112.0,128.0,144.0,SPOKED,SPOKED,0,0,0.0,0.0,286.0,758.0,37.0,765.0,1.0
419.0,65.5,597.0,73.4,180.0,46.5,549.0,73.6,669.0,45.0,45.0,28.0,36.0,36.5,35.5,13.0,9.3,STEEL,35.0,50.0,49.0,0.0,0.0,0.0,0.0,False,False,130.0,2.2,1.2,2.0,2.0,1.2,1.2,2.0,674.0,52.0,674.0,52.0,0,2,False,0,1,68.0,45.0,0.0,31.8,True,True,False,False,True,8,2,True,112.0,128.0,144.0,SPOKED,SPOKED,0,0,0.0,0.0,281.0,751.0,36.0,752.0,1.0
390.0,75.0,620.0,73.0,150.0,50.0,550.0,74.0,640.0,45.0,45.0,40.0,30.0,36.5,23.0,13.0,15.0,STEEL,35.0,45.0,45.0,0.0,0.0,0.0,0.0,False,False,130.0,2.0,0.9,1.1,0.9,1.2,1.0,0.9,650.0,60.0,650.0,60.0,0,0,False,0,1,68.0,45.0,0.0,31.8,True,True,False,False,True,7,2,True,112.0,128.0,144,SPOKED,SPOKED,1,1,80.0,80.0,280.0,710.0,34.9,300.0,1.0
400.0,70.0,605.0,74.0,140.0,55.0,560.0,73.0,630.0,50.0,50.0,42.0,32.0,36.0,24.0,13.5,16.0,STEEL,38.0,48.0,42.0,0.0,0.0,0.0,0.0,False,False,130.0,2.0,0.9,1.1,0.9,1.2,1.0,0.9,650.0,60.0,650.0,60.0,0,0,False,0,1,68.0,45.0,0.0,31.8,True,True,False,False,True,7,2,True,112.0,128.0,144,SPOKED,SPOKED,1,1,80.0,80.0,282.0,705.0,34.9,300.0,1.0
380.0,65.0,610.0,72.0,145.0,52.0,545.0,75.0,635.0,48.0,45.0,39.0,31.0,37.0,23.5,13.0,15.0,STEEL,36.0,46.0,44.0,0.0,0.0,0.0,0.0,False,False,130.0,2.0,0.9,1.1,0.9,1.2,1.0,0.9,650.0,60.0,650.0,60.0,0,0,False,0,1,68.0,45.0,0.0,31.8,True,True,False,False,True,7,2,True,112.0,128.0,144,SPOKED,SPOKED,1,1,80.0,80.0,278.0,720.0,34.9,300.0,1.0
415.0,68.0,615.0,73.5,155.0,48.0,555.0,74.5,645.0,47.0,45.0,41.0,30.0,36.5,23.0,13.0,15.0,STEEL,37.0,47.0,46.0,0.0,0.0,0.0,0.0,False,False,130.0,2.0,0.9,1.1,0.9,1.2,1.0,0.9,650.0,60.0,650.0,60.0,0,0,False,0,1,68.0,45.0,0.0,31.8,True,True,False,False,True,7,2,True,112.0,128.0,144,SPOKED,SPOKED,1,1,80.0,80.0,285.0,700.0,34.9,300.0,1.0
395.0,72.0,600.0,74.2,142.0,54.0,558.0,73.2,638.0,49.0,45.0,38.0,29.0,36.5,23.0,13.0,15.0,STEEL,35.0,45.0,43.0,0.0,0.0,0.0,0.0,False,False,130.0,2.0,0.9,1.1,0.9,1.2,1.0,0.9,650.0,60.0,650.0,60.0,0,0,False,0,1,68.0,45.0,0.0,31.8,True,True,False,False,True,7,2,True,112.0,128.0,144,SPOKED,SPOKED,1,1,80.0,80.0,279.0,715.0,34.9,300.0,1.0
405.0,69.0,625.0,72.8,148.0,51.0,552.0,74.8,642.0,46.0,45.0,40.0,31.0,36.0,22.5,13.0,15.0,STEEL,36.0,46.0,45.0,0.0,0.0,0.0,0.0,False,False,130.0,2.0,0.9,1.1,0.9,1.2,1.0,0.9,650.0,60.0,650.0,60.0,0,0,False,0,1,68.0,45.0,0.0,31.8,True,True,False,False,True,7,2,True,112.0,128.0,144,SPOKED,SPOKED,1,1,80.0,80.0,281.0,705.0,34.9,300.0,1.0
410.0,67.0,630.0,73.8,152.0,53.0,557.0,74.1,650.0,44.0,45.0,39.0,30.0,36.5,23.0,13.0,15.0,STEEL,37.0,48.0,47.0,0.0,0.0,0.0,0.0,False,False,130.0,2.0,0.9,1.1,0.9,1.2,1.0,0.9,650.0,60.0,650.0,60.0,0,0,False,0,1,68.0,45.0,0.0,31.8,True,True,False,False,True,7,2,True,112.0,128.0,144,SPOKED,SPOKED,1,1,80.0,80.0,283.0,710.0,34.9,300.0,1.0
385.0,74.0,615.0,73.2,143.0,50.0,553.0,74.0,636.0,47.0,45.0,42.0,32.0,36.5,23.0,13.0,15.0,STEEL,35.0,47.0,45.0,0.0,0.0,0.0,0.0,False,False,130.0,2.0,0.9,1.1,0.9,1.2,1.0,0.9,650.0,60.0,650.0,60.0,0,0,False,0,1,68.0,45.0,0.0,31.8,True,True,False,False,True,7,2,True,112.0,128.0,144,SPOKED,SPOKED,1,1,80.0,80.0,277.0,705.0,34.9,300.0,1.0
420.0,66.0,620.0,73.7,158.0,49.0,551.0,74.3,647.0,46.0,45.0,43.0,31.0,36.5,23.5,13.0,15.0,STEEL,39.0,49.0,48.0,0.0,0.0,0.0,0.0,False,False,130.0,2.0,0.9,1.1,0.9,1.2,1.0,0.9,650.0,60.0,650.0,60.0,0,0,False,0,1,68.0,45.0,0.0,31.8,True,True,False,False,True,7,2,True,112.0,128.0,144,SPOKED,SPOKED,1,1,80.0,80.0,284.0,715.0,34.9,300.0,1.0
390.0,71.0,618.0,74.5,149.0,56.0,559.0,73.5,639.0,45.0,45.0,40.0,30.0,36.0,23.0,13.0,15.0,STEEL,38.0,46.0,45.0,0.0,0.0,0.0,0.0,False,False,130.0,2.0,0.9,1.1,0.9,1.2,1.0,0.9,650.0,60.0,650.0,60.0,0,0,False,0,1,68.0,45.0,0.0,31.8,True,True,False,False,True,7,2,True,112.0,128.0,144,SPOKED,SPOKED,1,1,80.0,80.0,282.0,708.0,34.9,300.0,1.0
405.0,70.0,600.0,73.0,160.0,50.0,540.0,73.0,640.0,45.0,40.0,30.0,34.0,36.5,23.35,13.0,15.0,STEEL,30.0,50.0,50.0,330.0,350.0,16.0,18.0,False,False,130.0,2.0,0.9,1.1,0.9,1.2,1.0,0.9,674.0,52.0,674.0,52.0,0,1,False,0,1,68.0,45.0,31.8,40.0,True,True,False,False,True,9,1,True,112.0,128.0,144,DISC,SPOKED,0,0,80.0,80.0,280.0,765.0,34.9,300.0,1.0
400.0,70.0,610.0,72.0,150.0,55.0,530.0,72.0,635.0,45.0,40.0,32.0,34.0,36.5,23.35,13.0,15.0,STEEL,28.0,52.0,48.0,330.0,350.0,16.0,18.0,False,False,130.0,2.0,0.9,1.1,0.9,1.2,1.0,0.9,680.0,60.0,680.0,60.0,0,1,False,0,1,68.0,42.0,31.8,42.0,True,True,False,False,True,8,1,True,105.0,105.0,105,DISC,SPOKED,0,0,80.0,80.0,290.0,780.0,35.0,310.0,1.0
410.0,70.0,620.0,74.0,170.0,60.0,550.0,73.0,650.0,45.0,40.0,30.0,34.0,36.5,23.35,13.0,15.0,STEEL,32.0,54.0,50.0,330.0,350.0,16.0,18.0,False,False,130.0,2.0,0.9,1.1,0.9,1.2,1.0,0.9,678.0,52.0,678.0,52.0,0,1,False,0,1,68.0,45.0,31.8,45.0,True,True,False,False,True,10,1,True,119.0,136.0,153,DISC,SPOKED,0,0,80.0,80.0,300.0,790.0,34.8,320.0,1.0
415.0,70.0,605.0,71.0,155.0,58.0,545.0,74.0,645.0,45.0,40.0,30.0,34.0,36.5,23.35,13.0,15.0,STEEL,29.0,53.0,49.0,330.0,350.0,16.0,18.0,False,False,130.0,2.0,0.9,1.1,0.9,1.2,1.0,0.9,676.0,54.0,676.0,54.0,0,1,False,0,1,68.0,44.0,31.8,44.0,True,True,False,False,True,9,1,True,120.0,130.0,140,DISC,SPOKED,0,0,80.0,80.0,270.0,770.0,34.6,300.0,1.0
420.0,70.0,615.0,73.5,165.0,55.0,548.0,72.5,660.0,45.0,40.0,30.0,34.0,36.5,23.35,13.0,15.0,STEEL,31.0,51.0,52.0,330.0,350.0,16.0,18.0,False,False,130.0,2.0,0.9,1.1,0.9,1.2,1.0,0.9,682.0,56.0,682.0,56.0,0,1,False,0,1,68.0,43.0,31.8,43.0,True,True,False,False,True,11,1,True,100.0,110.0,120,DISC,SPOKED,0,0,80.0,80.0,285.0,785.0,34.7,305.0,1.0
395.0,70.0,590.0,72.5,145.0,53.0,538.0,73.5,630.0,45.0,40.0,30.0,34.0,36.5,23.35,13.0,15.0,STEEL,27.0,49.0,47.0,330.0,350.0,16.0,18.0,False,False,130.0,2.0,0.9,1.1,0.9,1.2,1.0,0.9,670.0,58.0,670.0,58.0,0,1,False,0,1,68.0,41.0,31.8,41.0,True,True,False,False,True,8,1,True,90.0,100.0,110,DISC,SPOKED,0,0,80.0,80.0,275.0,755.0,34.5,295.0,1.0
430.0,70.0,625.0,74.5,175.0,62.0,560.0,72.0,655.0,45.0,40.0,30.0,34.0,36.5,23.35,13.0,15.0,STEEL,33.0,56.0,53.0,330.0,350.0,16.0,18.0,False,False,130.0,2.0,0.9,1.1,0.9,1.2,1.0,0.9,688.0,50.0,688.0,50.0,0,1,False,0,1,68.0,46.0,31.8,46.0,True,True,False,False,True,12,1,True,130.0,138.0,145,DISC,SPOKED,0,0,80.0,80.0,295.0,795.0,34.9,315.0,1.0
405.0,70.0,600.0,73.0,160.0,57.0,542.0,73.0,640.0,45.0,40.0,30.0,34.0,36.5,23.35,13.0,15.0,STEEL,30.0,51.0,52.0,330.0,350.0,16.0,18.0,False,False,130.0,2.0,0.9,1.1,0.9,1.2,1.0,0.9,680.0,52.0,680.0,52.0,0,1,False,0,1,68.0,42.0,31.8,42.0,True,True,False,False,True,9,1,True,115.0,125.0,135,DISC,SPOKED,0,0,80.0,80.0,280.0,760.0,35.0,300.0,1.0
395.0,70.0,595.0,71.5,152.0,54.0,535.0,72.0,638.0,45.0,40.0,30.0,34.0,36.5,23.35,13.0,15.0,STEEL,27.0,50.0,49.0,330.0,350.0,16.0,18.0,False,False,130.0,2.0,0.9,1.1,0.9,1.2,1.0,0.9,672.0,56.0,672.0,56.0,0,1,False,0,1,68.0,44.0,31.8,44.0,True,True,False,False,True,9,1,True,108.0,118.0,128,DISC,SPOKED,0,0,80.0,80.0,285.0,775.0,35.0,305.0,1.0
425.0,70.0,618.0,73.0,168.0,59.0,555.0,73.0,658.0,45.0,40.0,30.0,34.0,36.5,23.35,13.0,15.0,STEEL,34.0,55.0,51.0,330.0,350.0,16.0,18.0,False,False,130.0,2.0,0.9,1.1,0.9,1.2,1.0,0.9,690.0,54.0,690.0,54.0,0,1,False,0,1,68.0,45.0,31.8,45.0,True,True,False,False,True,10,1,True,110.0,120.0,130,DISC,SPOKED,0,0,80.0,80.0,290.0,780.0,34.6,310.0,1.0
405.0,70.0,600.0,73.0,150.0,45.0,520.0,73.0,650.0,45.0,45.0,28.6,28.6,36.5,36.5,13.0,15.0,STEEL,34.0,49.0,49.0,0.0,0.0,0.0,0.0,False,False,130.0,2.0,0.9,1.1,0.9,1.2,1.0,0.9,680.0,52.0,680.0,52.0,0,1,False,0,1,68.0,45.0,692.0,31.8,True,True,False,False,True,8,2,True,112.0,128.0,144,SPOKED,SPOKED,1,1,80.0,80.0,278.0,760.0,34.9,300.0,1.0
410.0,72.0,605.0,72.8,152.0,46.0,525.0,73.2,652.0,44.0,45.0,28.6,28.6,36.5,36.5,13.0,15.0,STEEL,33.5,49.5,48.5,0.0,0.0,0.0,0.0,False,False,130.0,2.0,0.9,1.1,0.9,1.2,1.0,0.9,680.0,52.0,680.0,52.0,0,1,False,0,1,68.0,45.0,692.0,31.8,True,True,False,False,True,8,2,True,112.0,128.0,144,SPOKED,SPOKED,1,1,80.0,80.0,278.0,760.0,34.9,300.0,1.0
415.0,68.0,615.0,73.2,148.0,44.0,510.0,72.8,660.0,46.0,45.0,28.6,28.6,36.5,36.5,13.0,15.0,STEEL,35.0,48.0,50.0,0.0,0.0,0.0,0.0,False,False,130.0,2.0,0.9,1.1,0.9,1.2,1.0,0.9,680.0,52.0,680.0,52.0,0,1,False,0,1,68.0,45.0,692.0,31.8,True,True,False,False,True,8,2,True,112.0,128.0,144,SPOKED,SPOKED,1,1,80.0,80.0,278.0,760.0,34.9,300.0,1.0
420.0,69.0,620.0,72.5,160.0,47.0,535.0,73.5,645.0,45.0,45.0,28.6,28.6,36.5,36.5,13.0,15.0,STEEL,36.0,50.0,47.0,0.0,0.0,0.0,0.0,False,False,130.0,2.0,0.9,1.1,0.9,1.2,1.0,0.9,680.0,52.0,680.0,52.0,0,1,False,0,1,68.0,45.0,692.0,31.8,True,True,False,False,True,8,2,True,112.0,128.0,144,SPOKED,SPOKED,1,1,80.0,80.0,278.0,760.0,34.9,300.0,1.0
405.0,71.0,605.0,73.5,142.0,46.0,525.0,72.5,655.0,44.0,45.0,28.6,28.6,36.5,36.5,13.0,15.0,STEEL,34.5,49.5,48.5,0.0,0.0,0.0,0.0,False,False,130.0,2.0,0.9,1.1,0.9,1.2,1.0,0.9,680.0,52.0,680.0,52.0,0,1,False,0,1,68.0,45.0,692.0,31.8,True,True,False,False,True,8,2,True,112.0,128.0,144,SPOKED,SPOKED,1,1,80.0,80.0,278.0,760.0,34.9,300.0,1.0
415.0,69.0,613.0,72.7,150.0,45.0,530.0,73.1,650.0,46.0,45.0,28.6,28.6,36.5,36.5,13.0,15.0,STEEL,35.5,49.0,49.0,0.0,0.0,0.0,0.0,False,False,130.0,2.0,0.9,1.1,0.9,1.2,1.0,0.9,680.0,52.0,680.0,52.0,0,1,False,0,1,68.0,45.0,692.0,31.8,True,True,False,False,True,8,2,True,112.0,128.0,144,SPOKED,SPOKED,1,1,80.0,80.0,278.0,760.0,34.9,300.0,1.0
425.0,70.0,618.0,72.9,158.0,47.0,540.0,73.4,660.0,44.0,45.0,28.6,28.6,36.5,36.5,13.0,15.0,STEEL,36.5,50.5,50.0,0.0,0.0,0.0,0.0,False,False,130.0,2.0,0.9,1.1,0.9,1.2,1.0,0.9,680.0,52.0,680.0,52.0,0,1,False,0,1,68.0,45.0,692.0,31.8,True,True,False,False,True,8,2,True,112.0,128.0,144,SPOKED,SPOKED,1,1,80.0,80.0,278.0,760.0,34.9,300.0,1.0
420.0,68.0,600.0,73.1,145.0,44.0,515.0,72.6,645.0,45.0,45.0,28.6,28.6,36.5,36.5,13.0,15.0,STEEL,34.0,48.0,47.0,0.0,0.0,0.0,0.0,False,False,130.0,2.0,0.9,1.1,0.9,1.2,1.0,0.9,680.0,52.0,680.0,52.0,0,1,False,0,1,68.0,45.0,692.0,31.8,True,True,False,False,True,8,2,True,112.0,128.0,144,SPOKED,SPOKED,1,1,80.0,80.0,278.0,760.0,34.9,300.0,1.0
405.0,69.0,610.0,72.6,148.0,45.0,525.0,73.3,655.0,46.0,45.0,28.6,28.6,36.5,36.5,13.0,15.0,STEEL,35.0,49.5,48.5,0.0,0.0,0.0,0.0,False,False,130.0,2.0,0.9,1.1,0.9,1.2,1.0,0.9,680.0,52.0,680.0,52.0,0,1,False,0,1,68.0,45.0,692.0,31.8,True,True,False,False,True,8,2,True,112.0,128.0,144,SPOKED,SPOKED,1,1,80.0,80.0,278.0,760.0,34.9,300.0,1.0
415.0,70.0,625.0,73.3,152.0,46.0,535.0,73.0,650.0,45.0,45.0,28.6,28.6,36.5,36.5,13.0,15.0,STEEL,36.0,50.0,49.0,0.0,0.0,0.0,0.0,False,False,130.0,2.0,0.9,1.1,0.9,1.2,1.0,0.9,680.0,52.0,680.0,52.0,0,1,False,0,1,68.0,45.0,692.0,31.8,True,True,False,False,True,8,2,True,112.0,128.0,144,SPOKED,SPOKED,1,1,80.0,80.0,278.0,760.0,34.9,300.0,1.0
420.0,70.0,580.0,73.0,180.0,45.0,540.0,73.0,620.0,50.0,42.0,35.0,36.0,23.0,22.0,15.0,9.0,STEEL,30.0,45.0,45.0,330.0,350.0,16.0,18.0,False,False,130.0,2.0,1.2,1.1,1.2,1.0,0.9,1.0,680.0,50.0,680.0,50.0,0,0,False,0,1,68.0,45.0,0.0,31.8,True,True,False,False,True,8,2,True,112.0,128.0,144,DISC,SPOKED,0,0,0.0,0.0,300.0,520.0,36.0,350.0,1.0
425.0,68.0,575.0,72.5,185.0,46.0,545.0,73.0,622.0,50.0,42.0,35.0,36.0,23.0,22.0,15.0,9.0,STEEL,32.0,43.0,46.0,330.0,350.0,16.0,18.0,False,False,130.0,2.0,1.2,1.1,1.2,1.0,0.9,1.0,680.0,50.0,680.0,50.0,0,0,False,0,1,68.0,45.0,0.0,31.8,True,True,False,False,True,9,2,True,112.0,128.0,144,DISC,SPOKED,0,0,0.0,0.0,295.0,515.0,36.0,350.0,1.0
415.0,72.0,585.0,73.5,175.0,44.0,535.0,73.0,618.0,50.0,42.0,35.0,36.0,23.0,22.0,16.0,9.0,STEEL,29.0,47.0,44.0,330.0,350.0,16.0,18.0,False,False,130.0,2.0,1.2,1.1,1.2,1.0,0.9,1.0,680.0,50.0,680.0,50.0,0,0,False,0,1,68.0,45.0,0.0,31.8,True,True,False,False,True,8,2,True,112.0,128.0,144,DISC,SPOKED,0,0,0.0,0.0,305.0,525.0,36.0,350.0,1.0
430.0,70.0,578.0,72.8,182.0,47.0,550.0,73.0,625.0,50.0,42.0,35.0,36.0,23.0,22.0,15.0,9.0,STEEL,33.0,44.0,47.0,330.0,350.0,16.0,18.0,False,False,130.0,2.0,1.2,1.1,1.2,1.0,0.9,1.0,680.0,50.0,680.0,50.0,0,0,False,0,1,68.0,45.0,0.0,31.8,True,True,False,False,True,10,2,True,112.0,128.0,144,DISC,SPOKED,0,0,0.0,0.0,290.0,530.0,36.0,350.0,1.0
418.0,69.0,582.0,73.2,178.0,45.0,530.0,73.0,619.0,50.0,42.0,35.0,36.0,23.0,22.0,17.0,9.0,STEEL,31.0,46.0,43.0,330.0,350.0,16.0,18.0,False,False,130.0,2.0,1.2,1.1,1.2,1.0,0.9,1.0,680.0,50.0,680.0,50.0,0,0,False,0,1,68.0,45.0,0.0,31.8,True,True,False,False,True,9,2,True,112.0,128.0,144,DISC,SPOKED,0,0,0.0,0.0,310.0,510.0,36.0,350.0,1.0
422.0,71.0,576.0,72.3,180.0,46.0,542.0,73.0,621.0,50.0,42.0,35.0,36.0,23.0,22.0,16.0,9.0,STEEL,34.0,42.0,48.0,330.0,350.0,16.0,18.0,False,False,130.0,2.0,1.2,1.1,1.2,1.0,0.9,1.0,680.0,50.0,680.0,50.0,0,0,False,0,1,68.0,45.0,0.0,31.8,True,True,False,False,True,8,2,True,112.0,128.0,144,DISC,SPOKED,0,0,0.0,0.0,288.0,522.0,36.0,350.0,1.0
427.0,69.5,581.0,73.0,185.0,45.0,538.0,73.0,624.0,50.0,42.0,35.0,36.0,23.0,22.0,15.0,9.0,STEEL,28.0,48.0,42.0,330.0,350.0,16.0,18.0,False,False,130.0,2.0,1.2,1.1,1.2,1.0,0.9,1.0,680.0,50.0,680.0,50.0,0,0,False,0,1,68.0,45.0,0.0,31.8,True,True,False,False,True,9,2,True,112.0,128.0,144,DISC,SPOKED,0,0,0.0,0.0,298.0,518.0,36.0,350.0,1.0
419.0,70.0,579.0,72.7,179.0,47.0,548.0,73.0,623.0,50.0,42.0,35.0,36.0,23.0,22.0,17.0,9.0,STEEL,35.0,41.0,49.0,330.0,350.0,16.0,18.0,False,False,130.0,2.0,1.2,1.1,1.2,1.0,0.9,1.0,680.0,50.0,680.0,50.0,0,0,False,0,1,68.0,45.0,0.0,31.8,True,True,False,False,True,8,2,True,112.0,128.0,144,DISC,SPOKED,0,0,0.0,0.0,302.0,528.0,36.0,350.0,1.0
423.0,68.5,583.0,73.1,183.0,44.0,532.0,73.0,617.0,50.0,42.0,35.0,36.0,23.0,22.0,16.0,9.0,STEEL,29.0,49.0,44.0,330.0,350.0,16.0,18.0,False,False,130.0,2.0,1.2,1.1,1.2,1.0,0.9,1.0,680.0,50.0,680.0,50.0,0,0,False,0,1,68.0,45.0,0.0,31.8,True,True,False,False,True,9,2,True,112.0,128.0,144,DISC,SPOKED,0,0,0.0,0.0,292.0,512.0,36.0,350.0,1.0
420.0,70.5,577.0,72.9,180.0,45.0,544.0,73.0,626.0,50.0,42.0,35.0,36.0,23.0,22.0,15.0,9.0,STEEL,32.0,44.0,46.0,330.0,350.0,16.0,18.0,False,False,130.0,2.0,1.2,1.1,1.2,1.0,0.9,1.0,680.0,50.0,680.0,50.0,0,0,False,0,1,68.0,45.0,0.0,31.8,True,True,False,False,True,8,2,True,112.0,128.0,144,DISC,SPOKED,0,0,0.0,0.0,304.0,526.0,36.0,350.0,1.0
405.0,70.0,620.0,73.5,180.0,45.0,550.0,73.0,560.0,45.0,45.0,550.0,650.0,30.0,50.0,15.0,9.0,STEEL,35.0,48.0,40.0,330.0,350.0,16.0,18.0,False,False,130.0,2.0,0.9,1.1,0.9,1.2,1.0,0.9,680.0,52.0,680.0,52.0,0,0,False,0,3,68.0,45.0,692.0,31.8,True,True,False,False,True,10,2,True,112.0,128.0,144,SPOKED,SPOKED,0,0,80.0,80.0,280.0,760.0,34.9,300.0,1.0
410.0,68.0,630.0,74.0,175.0,48.0,560.0,73.5,565.0,46.0,50.0,555.0,655.0,32.0,52.0,16.0,9.0,STEEL,34.0,49.0,42.0,335.0,345.0,17.0,19.0,True,False,135.0,2.0,0.9,1.1,0.9,1.2,1.0,0.9,680.0,52.0,680.0,52.0,0,1,False,0,1,68.0,45.0,692.0,31.8,True,True,False,False,True,9,2,True,112.0,128.0,144,SPOKED,SPOKED,0,0,80.0,80.0,290.0,770.0,34.9,320.0,1.0
408.0,72.0,615.0,73.0,185.0,47.0,555.0,74.0,570.0,48.0,45.0,560.0,660.0,32.5,53.0,15.5,9.0,STEEL,36.0,47.0,42.0,332.0,348.0,16.0,18.0,False,False,130.0,2.0,0.9,1.1,0.9,1.2,1.0,0.9,680.0,52.0,680.0,52.0,0,2,False,0,3,70.0,50.0,692.0,34.0,True,True,False,False,True,10,1,True,112.0,128.0,144,SPOKED,SPOKED,0,0,80.0,80.0,285.0,755.0,35.0,310.0,1.0
412.0,69.0,625.0,72.5,170.0,44.0,545.0,74.5,545.0,44.0,47.5,545.0,645.0,31.0,49.0,14.0,9.0,STEEL,33.0,46.0,39.0,338.0,350.0,16.0,18.0,True,True,132.0,2.0,0.9,1.1,0.9,1.2,1.0,0.9,680.0,53.0,680.0,53.0,0,0,False,0,2,68.0,45.0,690.0,30.0,True,True,False,False,True,8,2,True,112.0,128.0,144,DISC,SPOKED,0,0,80.0,80.0,275.0,765.0,34.0,305.0,1.0
395.0,71.0,610.0,73.0,165.0,46.0,555.0,73.2,555.0,47.0,45.0,558.0,648.0,31.5,51.0,15.0,9.0,STEEL,35.0,48.0,41.0,333.0,347.0,16.0,18.0,False,True,130.0,2.0,0.9,1.1,0.9,1.2,1.0,0.9,680.0,50.0,680.0,50.0,0,1,False,0,1,68.0,44.0,695.0,32.0,True,True,False,False,True,10,2,True,112.0,128.0,144,SPOKED,SPOKED,0,0,80.0,80.0,290.0,750.0,35.0,315.0,1.0
420.0,69.0,635.0,74.5,190.0,45.0,570.0,73.8,580.0,46.0,45.0,568.0,670.0,33.0,53.0,15.0,9.0,STEEL,38.0,50.0,44.0,340.0,350.0,16.0,18.0,False,True,130.0,2.0,0.9,1.1,0.9,1.2,1.0,0.9,680.0,52.0,680.0,52.0,0,2,False,0,3,68.0,46.0,690.0,34.0,True,True,False,False,True,11,2,True,112.0,128.0,144,TRISPOKE,SPOKED,1,0,60.0,80.0,300.0,780.0,36.0,320.0,1.0
415.0,70.0,640.0,73.0,185.0,44.0,565.0,74.2,575.0,45.0,45.0,562.0,665.0,32.8,52.5,15.0,9.0,STEEL,37.0,49.0,43.0,337.0,349.0,16.0,18.0,True,False,132.0,2.0,0.9,1.1,0.9,1.2,1.0,0.9,680.0,52.0,680.0,52.0,0,1,False,0,1,68.0,45.0,690.0,33.0,True,True,False,False,True,10,2,True,112.0,128.0,144,SPOKED,DISC,0,0,80.0,80.0,295.0,765.0,35.0,310.0,1.0
400.0,68.0,600.0,74.0,160.0,45.0,550.0,75.0,540.0,44.0,45.0,550.0,650.0,31.0,50.0,15.0,9.0,STEEL,32.0,45.0,38.0,330.0,350.0,16.0,18.0,False,False,130.0,2.0,0.9,1.1,0.9,1.2,1.0,0.9,680.0,52.0,680.0,52.0,0,0,False,0,2,68.0,45.0,692.0,32.0,True,True,False,False,True,7,3,True,112.0,128.0,144,SPOKED,SPOKED,0,0,80.0,80.0,265.0,745.0,34.0,300.0,1.0
418.0,70.0,620.0,72.0,178.0,45.0,558.0,73.6,568.0,46.0,45.0,558.0,658.0,32.0,52.0,15.0,9.0,STEEL,36.0,48.0,42.0,334.0,346.0,16.0,18.0,True,False,131.0,2.0,0.9,1.1,0.9,1.2,1.0,0.9,680.0,52.0,680.0,52.0,0,2,False,0,3,70.0,47.0,692.0,33.0,True,True,False,False,True,11,1,True,112.0,128.0,144,TRISPOKE,TRISPOKE,1,1,60.0,60.0,300.0,770.0,36.0,320.0,1.0
402.0,67.0,605.0,73.8,172.0,46.0,553.0,73.9,543.0,45.0,45.0,553.0,653.0,31.2,50.8,15.2,9.0,STEEL,34.0,47.0,40.0,336.0,348.0,16.0,18.0,False,True,130.0,2.0,0.9,1.1,0.9,1.2,1.0,0.9,680.0,52.0,680.0,52.0,0,1,False,0,1,68.0,44.0,690.0,32.0,True,True,False,False,True,9,2,True,112.0,128.0,144,SPOKED,TRISPOKE,0,1,80.0,60.0,275.0,755.0,34.0,310.0,1.0
430.0,65.0,610.0,73.0,160.0,50.0,540.0,73.0,620.0,45.0,40.0,28.6,36.5,23.35,23.35,13.0,15.0,STEEL,33.0,40.0,49.0,330.0,350.0,16.0,18.0,False,False,130.0,2.0,1.0,1.0,1.0,1.0,1.0,1.0,680.0,52.0,680.0,52.0,0,2,False,0,1,68.0,45.0,0.0,31.8,True,True,True,True,True,8,2,True,112.0,128.0,144.0,DISC,DISC,0,0,0.0,0.0,280.0,770.0,34.9,300.0,1.0
420.0,60.0,600.0,74.0,170.0,48.0,560.0,74.0,630.0,50.0,40.0,28.6,36.5,23.35,23.35,13.0,15.0,STEEL,30.0,45.0,38.0,330.0,350.0,16.0,18.0,False,False,130.0,2.0,1.0,1.0,1.0,1.0,1.0,1.0,700.0,55.0,700.0,55.0,0,1,False,0,1,70.0,48.0,0.0,32.0,True,True,True,False,True,9,1,True,96.0,96.0,96.0,DISC,SPOKED,0,0,0.0,0.0,290.0,760.0,35.0,320.0,1.0
445.0,70.0,620.0,72.0,150.0,44.0,540.0,72.0,615.0,48.0,42.0,30.0,37.0,24.0,24.0,14.0,16.0,STEEL,28.0,47.0,42.0,330.0,350.0,16.0,18.0,False,False,130.0,2.0,1.0,1.0,1.0,1.0,1.0,1.0,680.0,50.0,680.0,50.0,0,2,False,0,1,67.0,46.0,0.0,30.0,True,True,False,True,True,7,3,True,70.0,70.0,80.0,DISC,DISC,0,0,0.0,0.0,275.0,780.0,34.5,310.0,1.0
430.0,65.0,605.0,73.5,160.0,45.0,555.0,73.5,625.0,45.0,38.0,28.0,36.0,23.0,23.0,12.0,14.0,STEEL,26.0,48.0,40.0,330.0,350.0,16.0,18.0,False,False,130.0,2.0,1.0,1.0,1.0,1.0,1.0,1.0,690.0,53.0,690.0,53.0,0,0,False,0,1,68.0,44.0,0.0,31.0,True,True,True,False,True,8,2,True,80.0,80.0,90.0,DISC,SPOKED,0,0,0.0,0.0,300.0,750.0,34.9,305.0,1.0
415.0,62.0,590.0,74.0,155.0,43.0,530.0,74.0,610.0,46.0,40.0,29.0,36.0,23.5,23.5,13.0,15.0,STEEL,29.0,46.0,39.0,330.0,350.0,16.0,18.0,False,False,130.0,2.0,1.0,1.0,1.0,1.0,1.0,1.0,680.0,52.0,680.0,52.0,0,1,False,0,1,69.0,47.0,0.0,31.0,True,True,False,True,True,8,2,True,105.0,105.0,110.0,DISC,DISC,0,0,0.0,0.0,285.0,765.0,34.9,315.0,1.0
440.0,66.0,615.0,72.5,165.0,46.0,555.0,72.5,635.0,47.0,40.0,28.6,36.5,23.35,23.35,13.0,15.0,STEEL,27.0,49.0,41.0,330.0,350.0,16.0,18.0,False,False,130.0,2.0,1.0,1.0,1.0,1.0,1.0,1.0,700.0,55.0,700.0,55.0,0,2,False,0,1,70.0,48.0,0.0,32.0,True,True,True,True,True,10,2,True,120.0,120.0,130.0,DISC,DISC,0,0,0.0,0.0,295.0,755.0,34.9,325.0,1.0
425.0,63.0,605.0,73.0,158.0,45.0,540.0,73.0,620.0,48.0,40.0,28.6,36.5,23.35,23.35,13.0,15.0,STEEL,28.0,47.0,40.0,330.0,350.0,16.0,18.0,False,False,130.0,2.0,1.0,1.0,1.0,1.0,1.0,1.0,680.0,52.0,680.0,52.0,0,1,False,0,1,68.0,45.0,0.0,31.8,True,True,False,False,True,8,1,True,90.0,90.0,90.0,DISC,SPOKED,0,0,0.0,0.0,270.0,780.0,34.9,310.0,1.0
435.0,64.0,610.0,73.5,162.0,44.0,550.0,73.5,630.0,46.0,40.0,28.0,36.0,23.0,23.0,13.0,15.0,STEEL,30.0,50.0,42.0,330.0,350.0,16.0,18.0,False,False,130.0,2.0,1.0,1.0,1.0,1.0,1.0,1.0,690.0,54.0,690.0,54.0,0,0,False,0,1,69.0,46.0,0.0,31.8,True,True,True,False,True,9,2,True,80.0,85.0,90.0,DISC,DISC,0,0,0.0,0.0,300.0,760.0,34.9,315.0,1.0
410.0,60.0,595.0,74.0,148.0,42.0,525.0,74.0,605.0,45.0,38.0,29.0,36.0,23.5,23.5,12.0,14.0,STEEL,24.0,45.0,38.0,330.0,350.0,16.0,18.0,False,False,130.0,2.0,1.0,1.0,1.0,1.0,1.0,1.0,680.0,52.0,680.0,52.0,0,1,False,0,1,68.0,44.0,0.0,31.8,True,True,False,True,True,7,1,True,100.0,110.0,120.0,DISC,SPOKED,0,0,0.0,0.0,280.0,770.0,34.9,300.0,1.0
450.0,68.0,625.0,72.0,175.0,46.0,565.0,72.0,640.0,47.0,40.0,28.6,36.5,23.35,23.35,13.0,15.0,STEEL,32.0,52.0,44.0,330.0,350.0,16.0,18.0,False,False,130.0,2.0,1.0,1.0,1.0,1.0,1.0,1.0,705.0,56.0,705.0,56.0,0,2,False,0,1,71.0,50.0,0.0,33.0,True,True,True,True,True,10,2,True,105.0,115.0,125.0,DISC,DISC,0,0,0.0,0.0,295.0,765.0,34.9,330.0,1.0
405.0,70.0,590.0,73.0,145.0,45.0,515.0,74.0,650.0,45.0,40.0,28.6,36.5,36.5,23.35,13.0,15.0,STEEL,34.0,49.0,49.0,330.0,350.0,16.0,18.0,False,False,130.0,2.0,0.9,1.1,0.9,1.2,1.0,0.9,680.0,40.0,680.0,40.0,0,1,False,0,1,68.0,45.0,692.0,31.8,True,True,False,False,True,8,2,True,112.0,128.0,144,DISC,SPOKED,0,0,80.0,80.0,278.0,298.0,34.9,330.0,1.0
395.0,75.0,585.0,72.5,150.0,42.0,520.0,74.5,655.0,47.0,40.0,28.6,36.5,36.5,23.35,13.0,15.0,STEEL,35.0,50.0,50.0,330.0,350.0,16.0,18.0,False,False,130.0,2.0,0.9,1.1,0.9,1.2,1.0,0.9,682.0,42.0,682.0,42.0,0,1,False,0,1,68.0,45.0,692.0,31.8,True,True,False,False,True,9,2,True,112.0,128.0,144,DISC,SPOKED,0,0,80.0,80.0,280.0,300.0,34.9,330.0,1.0
415.0,70.0,590.0,73.0,145.0,46.0,510.0,73.5,648.0,44.0,40.0,28.6,36.5,36.5,23.35,13.0,15.0,STEEL,34.0,49.0,49.0,330.0,350.0,16.0,18.0,False,False,130.0,2.0,0.9,1.1,0.9,1.2,1.0,0.9,678.0,38.0,678.0,38.0,0,2,False,0,1,68.0,45.0,692.0,31.8,True,True,False,False,True,8,2,True,112.0,128.0,144,DISC,TRISPOKE,0,2,80.0,80.0,275.0,295.0,34.9,330.0,1.0
425.0,72.0,600.0,71.5,160.0,48.0,530.0,73.0,660.0,46.0,40.0,28.6,36.5,36.5,23.35,13.0,15.0,STEEL,36.0,50.0,50.0,330.0,350.0,16.0,18.0,False,False,130.0,2.0,0.9,1.1,0.9,1.2,1.0,0.9,684.0,44.0,684.0,44.0,0,0,False,0,1,68.0,45.0,692.0,31.8,True,True,False,False,True,9,2,True,112.0,128.0,144,DISC,SPOKED,0,0,80.0,80.0,282.0,302.0,34.9,330.0,1.0
400.0,73.5,595.0,74.5,130.0,43.0,500.0,75.0,640.0,43.0,40.0,28.6,36.5,36.5,23.35,13.0,15.0,STEEL,33.0,48.0,48.0,330.0,350.0,16.0,18.0,False,False,130.0,2.0,0.9,1.1,0.9,1.2,1.0,0.9,676.0,46.0,676.0,46.0,0,1,False,0,1,68.0,45.0,692.0,31.8,True,True,False,False,True,8,2,True,112.0,128.0,144,TRISPOKE,SPOKED,2,0,80.0,80.0,270.0,290.0,34.9,330.0,0.0
410.0,68.0,580.0,72.0,140.0,41.0,505.0,73.0,645.0,42.0,40.0,28.6,36.5,36.5,23.35,13.0,15.0,STEEL,32.0,47.0,47.0,330.0,350.0,16.0,18.0,False,False,130.0,2.0,0.9,1.1,0.9,1.2,1.0,0.9,674.0,39.0,674.0,39.0,0,2,False,0,1,68.0,45.0,692.0,31.8,True,True,False,False,True,7,1,True,112.0,128.0,144,DISC,SPOKED,0,0,80.0,80.0,276.0,298.0,34.9,330.0,1.0
420.0,70.0,590.0,74.0,150.0,45.0,515.0,74.0,650.0,45.0,40.0,28.6,36.5,36.5,23.35,13.0,15.0,STEEL,34.0,49.0,49.0,330.0,350.0,16.0,18.0,False,False,130.0,2.0,0.9,1.1,0.9,1.2,1.0,0.9,680.0,40.0,680.0,40.0,0,1,False,0,1,68.0,45.0,692.0,31.8,True,True,True,False,True,8,2,True,112.0,128.0,144,DISC,SPOKED,0,0,80.0,80.0,278.0,298.0,34.9,330.0,1.0
395.0,74.0,585.0,73.5,155.0,44.0,525.0,74.5,660.0,49.0,40.0,28.6,36.5,36.5,23.35,13.0,15.0,STEEL,37.0,51.0,51.0,330.0,350.0,16.0,18.0,False,False,130.0,2.0,0.9,1.1,0.9,1.2,1.0,0.9,686.0,43.0,686.0,43.0,0,1,False,0,1,68.0,45.0,692.0,31.8,True,True,False,True,True,8,2,True,112.0,128.0,144,DISC,SPOKED,0,0,80.0,80.0,284.0,304.0,34.9,330.0,1.0
430.0,70.0,605.0,72.0,148.0,47.0,530.0,73.0,658.0,46.0,40.0,28.6,36.5,36.5,23.35,13.0,15.0,STEEL,35.0,50.0,50.0,330.0,350.0,16.0,18.0,False,False,130.0,2.0,0.9,1.1,0.9,1.2,1.0,0.9,682.0,41.0,682.0,41.0,0,1,False,0,1,68.0,45.0,692.0,31.8,True,True,False,False,True,9,2,True,112.0,128.0,144,TRISPOKE,SPOKED,1,0,80.0,80.0,288.0,308.0,34.9,330.0,1.0
415.0,72.0,600.0,73.0,142.0,46.0,520.0,74.0,652.0,45.0,40.0,28.6,36.5,36.5,23.35,13.0,15.0,STEEL,34.0,49.0,49.0,330.0,350.0,16.0,18.0,False,False,130.0,2.0,0.9,1.1,0.9,1.2,1.0,0.9,680.0,40.0,680.0,40.0,0,1,False,0,1,68.0,45.0,692.0,31.8,True,True,False,False,True,8,2,True,112.0,128.0,144,DISC,SPOKED,0,0,80.0,80.0,278.0,298.0,34.9,330.0,1.0
400.0,65.0,600.0,73.0,150.0,45.0,520.0,74.0,640.0,50.0,45.0,30.0,25.4,36.5,23.35,13.0,15.0,STEEL,34.0,34.0,34.0,330.0,350.0,16.0,18.0,False,False,130.0,2.0,0.9,1.1,0.9,1.2,1.0,0.9,680.0,50.0,680.0,50.0,0,0,False,0,1,68.0,45.0,692.0,31.8,True,True,False,False,True,8,2,True,112.0,128.0,144,SPOKED,SPOKED,0,0,80.0,80.0,280.0,800.0,34.9,300.0,1.0
410.0,60.0,610.0,72.0,155.0,50.0,530.0,73.0,645.0,45.0,45.0,32.0,25.4,36.5,23.35,13.0,15.0,STEEL,35.0,36.0,36.0,330.0,350.0,16.0,18.0,False,False,130.0,2.0,0.9,1.1,0.9,1.2,1.0,0.9,682.0,52.0,682.0,52.0,0,0,False,0,1,68.0,45.0,692.0,31.8,True,True,False,False,True,8,2,True,112.0,128.0,144,SPOKED,SPOKED,0,0,80.0,80.0,285.0,795.0,34.9,305.0,1.0
420.0,70.0,590.0,74.0,145.0,40.0,510.0,75.0,635.0,55.0,40.0,28.6,25.4,36.5,23.35,13.0,15.0,STEEL,33.0,32.0,32.0,330.0,350.0,16.0,18.0,False,False,130.0,2.0,0.9,1.1,0.9,1.2,1.0,0.9,678.0,48.0,678.0,48.0,0,0,False,0,1,68.0,45.0,692.0,31.8,True,True,False,False,True,9,1,True,112.0,128.0,144,SPOKED,SPOKED,0,0,80.0,80.0,290.0,805.0,34.9,310.0,1.0
430.0,75.0,620.0,71.0,160.0,55.0,540.0,72.0,650.0,40.0,45.0,33.6,25.4,36.5,23.35,13.0,15.0,STEEL,36.0,38.0,38.0,330.0,350.0,16.0,18.0,False,False,130.0,2.0,0.9,1.1,0.9,1.2,1.0,0.9,684.0,54.0,684.0,54.0,0,1,False,0,1,68.0,45.0,692.0,31.8,True,True,False,False,True,10,2,True,112.0,128.0,144,SPOKED,SPOKED,0,0,80.0,80.0,295.0,810.0,35.1,300.0,1.0
440.0,80.0,580.0,75.0,140.0,35.0,500.0,76.0,630.0,60.0,40.0,29.0,25.4,36.5,23.35,13.0,15.0,STEEL,32.0,30.0,30.0,330.0,350.0,16.0,18.0,False,False,130.0,2.0,0.9,1.1,0.9,1.2,1.0,0.9,688.0,48.0,688.0,48.0,0,2,False,0,1,68.0,45.0,692.0,31.8,True,True,False,False,True,8,1,True,112.0,128.0,144,SPOKED,SPOKED,0,0,80.0,80.0,290.0,790.0,34.8,305.0,1.0
450.0,68.0,605.0,73.5,152.0,48.0,525.0,74.5,642.0,48.0,45.0,31.0,25.4,36.5,23.35,13.0,15.0,STEEL,34.0,37.0,37.0,330.0,350.0,16.0,18.0,False,False,130.0,2.0,0.9,1.1,0.9,1.2,1.0,0.9,683.0,53.0,683.0,53.0,0,0,False,0,1,68.0,45.0,692.0,31.8,True,True,False,False,True,9,2,True,112.0,128.0,144,SPOKED,SPOKED,0,0,80.0,80.0,282.0,802.0,35.0,307.0,1.0
460.0,72.0,595.0,72.5,148.0,42.0,515.0,73.5,638.0,52.0,45.0,29.5,25.4,36.5,23.35,13.0,15.0,STEEL,33.0,33.0,33.0,330.0,350.0,16.0,18.0,False,False,130.0,2.0,0.9,1.1,0.9,1.2,1.0,0.9,679.0,49.0,679.0,49.0,0,1,False,0,1,68.0,45.0,692.0,31.8,True,True,False,False,True,8,2,True,112.0,128.0,144,SPOKED,SPOKED,0,0,80.0,80.0,288.0,798.0,34.7,302.0,1.0
470.0,66.0,615.0,74.5,158.0,53.0,535.0,75.5,652.0,42.0,40.0,30.5,25.4,36.5,23.35,13.0,15.0,STEEL,37.0,39.0,39.0,330.0,350.0,16.0,18.0,False,False,130.0,2.0,0.9,1.1,0.9,1.2,1.0,0.9,686.0,55.0,686.0,55.0,0,2,False,0,1,68.0,45.0,692.0,31.8,True,True,False,False,True,9,2,True,112.0,128.0,144,SPOKED,SPOKED,0,0,80.0,80.0,292.0,807.0,34.9,315.0,1.0
480.0,73.0,585.0,71.5,142.0,38.0,505.0,72.5,632.0,58.0,45.0,28.0,25.4,36.5,23.35,13.0,15.0,STEEL,31.0,31.0,31.0,330.0,350.0,16.0,18.0,False,False,130.0,2.0,0.9,1.1,0.9,1.2,1.0,0.9,676.0,47.0,676.0,47.0,0,0,False,0,1,68.0,45.0,692.0,31.8,True,True,False,False,True,8,1,True,112.0,128.0,144,SPOKED,SPOKED,0,0,80.0,80.0,286.0,792.0,34.6,308.0,1.0
490.0,69.0,625.0,75.5,162.0,58.0,545.0,76.5,655.0,46.0,45.0,31.5,25.4,36.5,23.35,13.0,15.0,STEEL,38.0,40.0,40.0,330.0,350.0,16.0,18.0,False,False,130.0,2.0,0.9,1.1,0.9,1.2,1.0,0.9,690.0,56.0,690.0,56.0,0,1,False,0,1,68.0,45.0,692.0,31.8,True,True,False,False,True,9,2,True,112.0,128.0,144,SPOKED,SPOKED,0,0,80.0,80.0,298.0,815.0,35.2,312.0,1.0
420.0,65.0,630.0,73.0,180.0,50.0,560.0,73.0,650.0,50.0,40.0,30.0,34.9,30.0,25.0,13.0,15.0,STEEL,35.0,50.0,45.0,330.0,350.0,16.0,18.0,True,True,130.0,2.0,0.9,1.1,0.9,1.2,1.0,0.9,680.0,25.0,680.0,25.0,0,0,False,0,1,68.0,45.0,0.0,31.8,True,True,False,False,True,8,2,True,112.0,128.0,144,SPOKED,SPOKED,0,0,0.0,0.0,280.0,740.0,34.9,350.0,1.0
415.0,64.0,620.0,72.5,170.0,48.0,555.0,73.0,640.0,48.0,40.0,29.0,34.5,29.0,24.0,13.5,15.0,STEEL,33.0,48.0,43.0,332.0,348.0,16.0,18.0,True,True,130.0,2.0,0.9,1.1,0.9,1.2,1.0,0.9,680.0,25.0,680.0,25.0,0,0,False,0,1,68.0,45.0,0.0,31.8,True,True,False,False,True,9,2,True,113.0,127.0,142,SPOKED,SPOKED,0,0,0.0,0.0,285.0,730.0,34.9,360.0,1.0
425.0,66.0,635.0,73.5,185.0,52.0,565.0,72.5,655.0,52.0,40.0,32.0,35.0,31.0,26.0,12.5,15.0,STEEL,37.0,54.0,48.0,330.0,350.0,16.0,18.0,True,True,130.0,2.0,0.9,1.1,0.9,1.2,1.0,0.9,682.0,26.0,682.0,26.0,0,1,False,0,1,68.0,46.0,0.0,31.8,True,True,False,False,True,7,2,True,110.0,130.0,145,SPOKED,SPOKED,0,0,0.0,0.0,275.0,750.0,35.5,340.0,1.0
430.0,65.0,628.0,72.0,175.0,50.0,558.0,73.2,648.0,50.0,40.0,31.0,34.8,30.5,24.5,13.0,15.0,STEEL,34.0,50.0,45.0,333.0,349.0,16.0,18.0,True,True,130.0,2.0,0.9,1.1,0.9,1.2,1.0,0.9,680.0,25.0,680.0,25.0,0,2,False,0,1,68.0,45.0,0.0,31.8,True,True,False,False,True,10,2,True,112.0,126.0,143,SPOKED,SPOKED,0,0,0.0,0.0,290.0,740.0,34.9,370.0,1.0
405.0,63.0,610.0,73.0,165.0,47.0,550.0,73.0,635.0,47.0,40.0,29.5,34.5,29.5,24.0,14.0,15.0,STEEL,32.0,47.0,42.0,331.0,348.0,16.0,18.0,True,True,130.0,2.0,0.9,1.1,0.9,1.2,1.0,0.9,678.0,24.0,678.0,24.0,0,1,False,0,1,68.0,44.0,0.0,31.8,True,True,False,False,True,8,1,True,111.0,129.0,144,SPOKED,SPOKED,0,0,0.0,0.0,285.0,725.0,34.9,360.0,1.0
422.0,64.0,640.0,74.0,190.0,55.0,570.0,72.8,658.0,55.0,40.0,33.0,35.2,31.0,27.0,12.0,15.0,STEEL,38.0,56.0,49.0,334.0,352.0,16.0,18.0,True,True,130.0,2.0,0.9,1.1,0.9,1.2,1.0,0.9,683.0,26.0,683.0,26.0,0,0,False,0,1,68.0,47.0,0.0,31.8,True,True,False,False,True,9,2,True,114.0,127.0,141,SPOKED,SPOKED,0,0,0.0,0.0,295.0,760.0,35.0,380.0,1.0
418.0,65.0,615.0,72.2,178.0,49.0,555.0,73.1,642.0,49.0,40.0,31.5,34.7,30.0,25.0,13.0,15.0,STEEL,36.0,51.0,44.0,330.0,349.0,16.0,18.0,True,True,130.0,2.0,0.9,1.1,0.9,1.2,1.0,0.9,679.0,25.0,679.0,25.0,0,2,False,0,1,68.0,45.0,0.0,31.8,True,True,False,False,True,7,2,True,112.0,128.0,145,SPOKED,SPOKED,0,0,0.0,0.0,288.0,735.0,34.9,365.0,1.0
412.0,63.0,605.0,73.0,168.0,46.0,548.0,73.0,630.0,46.0,40.0,29.0,34.6,29.0,24.0,14.0,15.0,STEEL,32.0,47.0,42.0,333.0,347.0,16.0,18.0,True,True,130.0,2.0,0.9,1.1,0.9,1.2,1.0,0.9,678.0,24.0,678.0,24.0,0,1,False,0,1,68.0,44.0,0.0,31.8,True,True,False,False,True,8,1,True,111.0,130.0,146,SPOKED,SPOKED,0,0,0.0,0.0,276.0,720.0,34.9,355.0,1.0
427.0,66.0,638.0,73.8,187.0,53.0,568.0,72.9,657.0,53.0,40.0,33.0,35.0,31.5,26.5,12.8,15.0,STEEL,39.0,55.0,49.0,332.0,351.0,16.0,18.0,True,True,130.0,2.0,0.9,1.1,0.9,1.2,1.0,0.9,684.0,26.0,684.0,26.0,0,0,False,0,1,68.0,48.0,0.0,31.8,True,True,False,False,True,9,2,True,113.0,125.0,142,SPOKED,SPOKED,0,0,0.0,0.0,292.0,755.0,35.5,375.0,1.0
419.0,65.0,625.0,72.7,172.0,49.0,559.0,73.3,645.0,49.0,40.0,30.5,34.7,30.2,25.0,13.2,15.0,STEEL,35.0,50.0,44.0,330.0,350.0,16.0,18.0,True,True,130.0,2.0,0.9,1.1,0.9,1.2,1.0,0.9,680.0,25.0,680.0,25.0,0,2,False,0,1,68.0,45.0,0.0,31.8,True,True,False,False,True,8,2,True,112.0,128.0,144,SPOKED,SPOKED,0,0,0.0,0.0,288.0,745.0,34.9,365.0,1.0
410.0,65.0,590.0,73.0,150.0,45.0,550.0,73.0,640.0,50.0,48.0,28.6,36.5,23.35,23.35,13.0,15.0,STEEL,30.0,45.0,48.0,330.0,350.0,16.0,18.0,False,False,135.0,2.0,0.9,1.1,0.9,1.2,1.0,0.9,680.0,50.0,680.0,50.0,0,2,False,0,1,68.0,45.0,0.0,31.8,True,True,False,False,False,8,2,True,112.0,128.0,144.0,SPOKED,SPOKED,1,1,80.0,80.0,300.0,780.0,34.9,350.0,1.0
415.0,66.0,595.0,74.0,155.0,46.0,555.0,74.0,645.0,51.0,48.0,28.6,36.5,23.35,23.35,13.0,15.0,STEEL,31.0,46.0,49.0,330.0,350.0,16.0,18.0,False,False,135.0,2.0,0.9,1.1,0.9,1.2,1.0,0.9,680.0,50.0,680.0,50.0,0,2,False,0,1,68.0,45.0,0.0,31.8,True,True,False,False,False,8,2,True,112.0,128.0,144.0,SPOKED,SPOKED,1,1,80.0,80.0,300.0,780.0,34.9,350.0,1.0
420.0,67.0,600.0,75.0,160.0,47.0,560.0,75.0,650.0,52.0,48.0,28.6,36.5,23.35,23.35,13.0,15.0,STEEL,32.0,47.0,50.0,330.0,350.0,16.0,18.0,False,False,135.0,2.0,0.9,1.1,0.9,1.2,1.0,0.9,680.0,50.0,680.0,50.0,0,2,False,0,1,68.0,45.0,0.0,31.8,True,True,False,False,False,8,2,True,112.0,128.0,144.0,SPOKED,SPOKED,1,1,80.0,80.0,300.0,780.0,34.9,350.0,1.0
425.0,68.0,605.0,76.0,165.0,48.0,565.0,76.0,655.0,53.0,48.0,28.6,36.5,23.35,23.35,13.0,15.0,STEEL,33.0,48.0,51.0,330.0,350.0,16.0,18.0,False,False,135.0,2.0,0.9,1.1,0.9,1.2,1.0,0.9,680.0,50.0,680.0,50.0,0,2,False,0,1,68.0,45.0,0.0,31.8,True,True,False,False,False,8,2,True,112.0,128.0,144.0,SPOKED,SPOKED,1,1,80.0,80.0,300.0,780.0,34.9,350.0,1.0
430.0,69.0,610.0,72.0,170.0,49.0,570.0,72.0,660.0,54.0,48.0,28.6,36.5,23.35,23.35,13.0,15.0,STEEL,34.0,49.0,52.0,330.0,350.0,16.0,18.0,False,False,135.0,2.0,0.9,1.1,0.9,1.2,1.0,0.9,680.0,50.0,680.0,50.0,0,2,False,0,1,68.0,45.0,0.0,31.8,True,True,False,False,False,8,2,True,112.0,128.0,144.0,SPOKED,SPOKED,1,1,80.0,80.0,300.0,780.0,34.9,350.0,1.0
435.0,70.0,585.0,71.0,175.0,50.0,575.0,71.0,635.0,49.0,48.0,28.6,36.5,23.35,23.35,13.0,15.0,STEEL,35.0,50.0,53.0,330.0,350.0,16.0,18.0,False,False,135.0,2.0,0.9,1.1,0.9,1.2,1.0,0.9,680.0,50.0,680.0,50.0,0,2,False,0,1,68.0,45.0,0.0,31.8,True,True,False,False,False,8,2,True,112.0,128.0,144.0,SPOKED,SPOKED,1,1,80.0,80.0,300.0,780.0,34.9,350.0,1.0
440.0,71.0,580.0,70.0,180.0,51.0,580.0,70.0,630.0,48.0,48.0,28.6,36.5,23.35,23.35,13.0,15.0,STEEL,36.0,51.0,54.0,330.0,350.0,16.0,18.0,False,False,135.0,2.0,0.9,1.1,0.9,1.2,1.0,0.9,680.0,50.0,680.0,50.0,0,2,False,0,1,68.0,45.0,0.0,31.8,True,True,False,False,False,8,2,True,112.0,128.0,144.0,SPOKED,SPOKED,1,1,80.0,80.0,300.0,780.0,34.9,350.0,1.0
445.0,72.0,575.0,69.0,185.0,52.0,585.0,69.0,625.0,47.0,48.0,28.6,36.5,23.35,23.35,13.0,15.0,STEEL,37.0,52.0,55.0,330.0,350.0,16.0,18.0,False,False,135.0,2.0,0.9,1.1,0.9,1.2,1.0,0.9,680.0,50.0,680.0,50.0,0,2,False,0,1,68.0,45.0,0.0,31.8,True,True,False,False,False,8,2,True,112.0,128.0,144.0,SPOKED,SPOKED,1,1,80.0,80.0,300.0,780.0,34.9,350.0,1.0
450.0,73.0,565.0,68.0,190.0,53.0,590.0,68.0,620.0,46.0,48.0,28.6,36.5,23.35,23.35,13.0,15.0,STEEL,38.0,53.0,56.0,330.0,350.0,16.0,18.0,False,False,135.0,2.0,0.9,1.1,0.9,1.2,1.0,0.9,680.0,50.0,680.0,50.0,0,2,False,0,1,68.0,45.0,0.0,31.8,True,True,False,False,False,8,2,True,112.0,128.0,144.0,SPOKED,SPOKED,1,1,80.0,80.0,300.0,780.0,34.9,350.0,1.0
455.0,74.0,560.0,67.0,195.0,54.0,595.0,67.0,615.0,45.0,48.0,28.6,36.5,23.35,23.35,13.0,15.0,STEEL,39.0,54.0,57.0,330.0,350.0,16.0,18.0,False,False,135.0,2.0,0.9,1.1,0.9,1.2,1.0,0.9,680.0,50.0,680.0,50.0,0,2,False,0,1,68.0,45.0,0.0,31.8,True,True,False,False,False,8,2,True,112.0,128.0,144.0,SPOKED,SPOKED,1,1,80.0,80.0,300.0,780.0,34.9,350.0,1.0
420.0,70.0,600.0,73.0,160.0,50.0,580.0,73.0,580.0,45.0,40.0,28.6,36.5,23.35,23.35,13.0,15.0,STEEL,35.0,45.0,45.0,330.0,350.0,16.0,18.0,False,False,130.0,2.0,0.9,1.1,0.9,1.2,1.0,0.9,680.0,52.0,680.0,52.0,0,0,False,0,1,68.0,45.0,0.0,31.8,True,True,True,True,True,8,2,True,112.0,128.0,144,SPOKED,SPOKED,0,0,0.0,0.0,278.0,750.0,34.9,350.0,1.0
435.0,75.0,620.0,74.0,180.0,50.0,560.0,74.0,600.0,50.0,40.0,28.6,36.5,23.35,23.35,13.0,15.0,STEEL,40.0,50.0,50.0,330.0,350.0,16.0,18.0,False,False,130.0,2.0,0.9,1.1,0.9,1.2,1.0,0.9,674.0,52.0,680.0,52.0,0,0,False,0,1,68.0,45.0,0.0,31.8,True,True,True,True,True,8,2,True,112.0,128.0,144,SPOKED,SPOKED,0,0,0.0,0.0,278.0,750.0,34.9,350.0,1.0
410.0,65.0,590.0,72.5,150.0,50.0,570.0,72.5,570.0,40.0,40.0,28.6,36.5,23.35,23.35,13.0,15.0,STEEL,32.0,42.0,42.0,330.0,350.0,16.0,18.0,False,False,130.0,2.0,0.9,1.1,0.9,1.2,1.0,0.9,680.0,52.0,674.0,52.0,0,0,False,0,1,68.0,45.0,0.0,31.8,True,True,True,True,True,8,2,True,112.0,128.0,144,SPOKED,SPOKED,0,0,0.0,0.0,278.0,750.0,34.9,350.0,1.0
445.0,70.0,610.0,73.5,170.0,50.0,590.0,73.5,590.0,47.0,40.0,28.6,36.5,23.35,23.35,13.0,15.0,STEEL,38.0,48.0,48.0,330.0,350.0,16.0,18.0,False,False,130.0,2.0,0.9,1.1,0.9,1.2,1.0,0.9,674.0,52.0,680.0,52.0,0,0,False,0,1,68.0,45.0,0.0,31.8,True,True,True,True,True,8,2,True,112.0,128.0,144,SPOKED,SPOKED,0,0,0.0,0.0,278.0,750.0,34.9,350.0,1.0
425.0,68.0,605.0,73.0,155.0,50.0,580.0,73.0,575.0,46.0,40.0,28.6,36.5,23.35,23.35,13.0,15.0,STEEL,36.0,46.0,46.0,330.0,350.0,16.0,18.0,False,False,130.0,2.0,0.9,1.1,0.9,1.2,1.0,0.9,680.0,52.0,680.0,52.0,0,0,False,0,1,68.0,45.0,0.0,31.8,True,True,True,True,True,8,2,True,112.0,128.0,144,SPOKED,SPOKED,0,0,0.0,0.0,278.0,750.0,34.9,350.0,1.0
415.0,72.0,598.0,73.0,165.0,50.0,575.0,73.2,585.0,44.0,40.0,28.6,36.5,23.35,23.35,13.0,15.0,STEEL,34.0,44.0,44.0,330.0,350.0,16.0,18.0,False,False,130.0,2.0,0.9,1.1,0.9,1.2,1.0,0.9,674.0,52.0,674.0,52.0,0,0,False,0,1,68.0,45.0,0.0,31.8,True,True,True,True,True,8,2,True,112.0,128.0,144,SPOKED,SPOKED,0,0,0.0,0.0,278.0,750.0,34.9,350.0,1.0
430.0,70.0,625.0,74.0,185.0,50.0,600.0,74.0,610.0,45.0,40.0,28.6,36.5,23.35,23.35,13.0,15.0,STEEL,42.0,50.0,50.0,330.0,350.0,16.0,18.0,False,False,130.0,2.0,0.9,1.1,0.9,1.2,1.0,0.9,680.0,52.0,680.0,52.0,0,0,False,0,1,68.0,45.0,0.0,31.8,True,True,True,True,True,8,2,True,112.0,128.0,144,SPOKED,SPOKED,0,0,0.0,0.0,278.0,750.0,34.9,350.0,1.0
420.0,68.0,595.0,72.0,158.0,50.0,565.0,72.0,558.0,43.0,40.0,28.6,36.5,23.35,23.35,13.0,15.0,STEEL,33.0,43.0,43.0,330.0,350.0,16.0,18.0,False,False,130.0,2.0,0.9,1.1,0.9,1.2,1.0,0.9,674.0,52.0,674.0,52.0,0,0,False,0,1,68.0,45.0,0.0,31.8,True,True,True,True,True,8,2,True,112.0,128.0,144,SPOKED,SPOKED,0,0,0.0,0.0,278.0,750.0,34.9,350.0,1.0
435.0,73.0,615.0,73.3,175.0,50.0,585.0,73.3,595.0,46.0,40.0,28.6,36.5,23.35,23.35,13.0,15.0,STEEL,39.0,49.0,49.0,330.0,350.0,16.0,18.0,False,False,130.0,2.0,0.9,1.1,0.9,1.2,1.0,0.9,680.0,52.0,680.0,52.0,0,0,False,0,1,68.0,45.0,0.0,31.8,True,True,True,True,True,8,2,True,112.0,128.0,144,SPOKED,SPOKED,0,0,0.0,0.0,278.0,750.0,34.9,350.0,1.0
422.0,65.0,580.0,72.8,162.0,50.0,572.0,72.8,580.0,48.0,40.0,28.6,36.5,23.35,23.35,13.0,15.0,STEEL,34.0,42.0,42.0,330.0,350.0,16.0,18.0,False,False,130.0,2.0,0.9,1.1,0.9,1.2,1.0,0.9,674.0,52.0,674.0,52.0,0,0,False,0,1,68.0,45.0,0.0,31.8,True,True,True,True,True,8,2,True,112.0,128.0,144,SPOKED,SPOKED,0,0,0.0,0.0,278.0,750.0,34.9,350.0,1.0
410.0,70.0,600.0,73.0,180.0,50.0,600.0,73.0,650.0,50.0,45.0,33.6,36.5,23.35,23.35,13.0,15.0,STEEL,30.0,50.0,45.0,0.0,0.0,0.0,0.0,False,False,130.0,2.0,0.9,1.1,0.9,1.2,1.0,0.9,680.0,50.0,680.0,50.0,0,0,False,0,1,68.0,45.0,31.8,31.8,True,True,False,False,True,9,2,True,112.0,128.0,144,SPOKED,SPOKED,0,0,0.0,0.0,278.0,780.0,34.9,300.0,1.0
415.0,65.0,590.0,72.5,170.0,55.0,610.0,72.5,655.0,48.0,45.0,33.6,36.5,23.35,23.35,13.0,14.0,STEEL,32.0,48.0,46.0,0.0,0.0,0.0,0.0,False,False,130.0,2.0,0.9,1.1,0.9,1.2,1.0,0.9,680.0,52.0,680.0,52.0,0,0,False,0,1,68.0,45.0,31.8,31.8,True,True,False,False,True,9,2,True,112.0,128.0,144,SPOKED,SPOKED,0,0,0.0,0.0,278.0,770.0,34.9,300.0,1.0
405.0,75.0,610.0,73.5,190.0,45.0,580.0,73.5,640.0,52.0,45.0,33.6,36.5,23.35,23.35,13.0,16.0,STEEL,28.0,55.0,43.0,0.0,0.0,0.0,0.0,False,False,130.0,2.0,0.9,1.1,0.9,1.2,1.0,0.9,680.0,48.0,680.0,48.0,0,0,False,0,1,68.0,45.0,31.8,31.8,True,True,False,False,True,9,2,True,112.0,128.0,144,SPOKED,SPOKED,0,0,0.0,0.0,278.0,790.0,34.9,300.0,1.0
420.0,60.0,620.0,74.0,200.0,60.0,620.0,74.0,660.0,45.0,45.0,33.6,36.5,23.35,23.35,13.0,15.0,STEEL,35.0,52.0,47.0,0.0,0.0,0.0,0.0,False,False,130.0,2.0,0.9,1.1,0.9,1.2,1.0,0.9,680.0,50.0,680.0,50.0,0,0,False,0,1,68.0,45.0,31.8,31.8,True,True,False,False,True,9,2,True,112.0,128.0,144,SPOKED,SPOKED,0,0,0.0,0.0,278.0,800.0,34.9,300.0,1.0
425.0,70.0,605.0,72.0,160.0,50.0,600.0,72.0,650.0,50.0,45.0,33.6,36.5,23.35,23.35,13.0,15.0,STEEL,30.0,50.0,45.0,0.0,0.0,0.0,0.0,False,False,130.0,2.0,0.9,1.1,0.9,1.2,1.0,0.9,680.0,49.0,680.0,49.0,0,0,False,0,1,68.0,45.0,31.8,31.8,True,True,False,False,True,9,2,True,112.0,128.0,144,SPOKED,SPOKED,0,0,0.0,0.0,278.0,785.0,34.9,300.0,1.0
395.0,68.0,595.0,73.0,150.0,52.0,590.0,73.0,645.0,49.0,45.0,33.6,36.5,23.35,23.35,13.0,14.0,STEEL,29.0,49.0,44.0,0.0,0.0,0.0,0.0,False,False,130.0,2.0,0.9,1.1,0.9,1.2,1.0,0.9,680.0,51.0,680.0,51.0,0,0,False,0,1,68.0,45.0,31.8,31.8,True,True,False,False,True,9,2,True,112.0,128.0,144,SPOKED,SPOKED,0,0,0.0,0.0,278.0,775.0,34.9,300.0,1.0
430.0,65.0,615.0,73.8,185.0,48.0,605.0,73.8,658.0,51.0,45.0,33.6,36.5,23.35,23.35,13.0,16.0,STEEL,33.0,53.0,46.0,0.0,0.0,0.0,0.0,False,False,130.0,2.0,0.9,1.1,0.9,1.2,1.0,0.9,680.0,52.0,680.0,52.0,0,0,False,0,1,68.0,45.0,31.8,31.8,True,True,False,False,True,9,2,True,112.0,128.0,144,SPOKED,SPOKED,0,0,0.0,0.0,278.0,795.0,34.9,300.0,1.0
400.0,62.0,580.0,72.2,140.0,46.0,585.0,72.2,642.0,47.0,45.0,33.6,36.5,23.35,23.35,13.0,14.0,STEEL,28.0,46.0,43.0,0.0,0.0,0.0,0.0,False,False,130.0,2.0,0.9,1.1,0.9,1.2,1.0,0.9,680.0,49.0,680.0,49.0,0,0,False,0,1,68.0,45.0,31.8,31.8,True,True,False,False,True,9,2,True,112.0,128.0,144,SPOKED,SPOKED,0,0,0.0,0.0,278.0,765.0,34.9,300.0,1.0
412.0,72.0,610.0,73.3,175.0,54.0,615.0,73.3,652.0,53.0,45.0,33.6,36.5,23.35,23.35,13.0,15.0,STEEL,31.0,51.0,45.0,0.0,0.0,0.0,0.0,False,False,130.0,2.0,0.9,1.1,0.9,1.2,1.0,0.9,680.0,50.0,680.0,50.0,0,0,False,0,1,68.0,45.0,31.8,31.8,True,True,False,False,True,9,2,True,112.0,128.0,144,SPOKED,SPOKED,0,0,0.0,0.0,278.0,790.0,34.9,300.0,1.0
418.0,69.0,600.0,72.7,165.0,49.0,598.0,72.7,647.0,50.0,45.0,33.6,36.5,23.35,23.35,13.0,15.0,STEEL,30.0,50.0,45.0,0.0,0.0,0.0,0.0,False,False,130.0,2.0,0.9,1.1,0.9,1.2,1.0,0.9,680.0,50.0,680.0,50.0,0,0,False,0,1,68.0,45.0,31.8,31.8,True,True,False,False,True,9,2,True,112.0,128.0,144,SPOKED,SPOKED,0,0,0.0,0.0,278.0,780.0,34.9,300.0,1.0
380.0,65.0,620.0,73.0,140.0,45.0,550.0,73.0,640.0,45.0,45.0,28.6,36.5,23.35,30.0,13.0,15.0,STEEL,35.0,40.0,50.0,0.0,0.0,0.0,0.0,False,False,130.0,2.0,0.9,1.1,0.9,1.2,1.0,0.9,700.0,53.0,700.0,53.0,0,0,False,0,1,68.0,45.0,0.0,31.8,True,True,True,True,True,9,2,True,112.0,128.0,144,SPOKED,SPOKED,0,0,0.0,0.0,280.0,330.0,28.6,300.0,1.0
390.0,70.0,630.0,72.5,150.0,47.0,555.0,72.5,645.0,45.0,45.0,28.6,36.5,23.35,30.0,13.0,15.0,STEEL,36.0,42.0,52.0,0.0,0.0,0.0,0.0,False,False,130.0,2.0,0.9,1.1,0.9,1.2,1.0,0.9,700.0,53.0,700.0,53.0,0,0,False,0,1,68.0,45.0,0.0,31.8,True,True,True,True,True,9,2,True,112.0,128.0,144,SPOKED,SPOKED,0,0,0.0,0.0,280.0,330.0,28.6,300.0,1.0
400.0,68.0,640.0,73.5,160.0,46.0,560.0,73.5,650.0,45.0,45.0,28.6,36.5,23.35,30.0,13.0,15.0,STEEL,37.0,44.0,54.0,0.0,0.0,0.0,0.0,False,False,130.0,2.0,0.9,1.1,0.9,1.2,1.0,0.9,700.0,53.0,700.0,53.0,0,0,False,0,1,68.0,45.0,0.0,31.8,True,True,True,True,True,9,2,True,112.0,128.0,144,SPOKED,SPOKED,0,0,0.0,0.0,280.0,330.0,28.6,300.0,1.0
410.0,75.0,650.0,74.0,170.0,44.0,570.0,74.0,655.0,45.0,45.0,28.6,36.5,23.35,30.0,13.0,15.0,STEEL,38.0,46.0,56.0,0.0,0.0,0.0,0.0,False,False,130.0,2.0,0.9,1.1,0.9,1.2,1.0,0.9,700.0,53.0,700.0,53.0,0,0,False,0,1,68.0,45.0,0.0,31.8,True,True,True,True,True,9,2,True,112.0,128.0,144,SPOKED,SPOKED,0,0,0.0,0.0,280.0,330.0,28.6,300.0,1.0
420.0,62.0,615.0,72.0,130.0,48.0,545.0,72.0,635.0,45.0,45.0,28.6,36.5,23.35,30.0,13.0,15.0,STEEL,34.0,41.0,48.0,0.0,0.0,0.0,0.0,False,False,130.0,2.0,0.9,1.1,0.9,1.2,1.0,0.9,700.0,53.0,700.0,53.0,0,0,False,0,1,68.0,45.0,0.0,31.8,True,True,True,True,True,9,2,True,112.0,128.0,144,SPOKED,SPOKED,0,0,0.0,0.0,280.0,330.0,28.6,300.0,1.0
430.0,80.0,660.0,73.8,180.0,43.0,580.0,73.8,660.0,45.0,45.0,28.6,36.5,23.35,30.0,13.0,15.0,STEEL,39.0,48.0,58.0,0.0,0.0,0.0,0.0,False,False,130.0,2.0,0.9,1.1,0.9,1.2,1.0,0.9,700.0,53.0,700.0,53.0,0,0,False,0,1,68.0,45.0,0.0,31.8,True,True,True,True,True,9,2,True,112.0,128.0,144,SPOKED,SPOKED,0,0,0.0,0.0,280.0,330.0,28.6,300.0,1.0
390.0,65.0,625.0,73.2,145.0,47.0,555.0,73.2,647.0,45.0,45.0,28.6,36.5,23.35,30.0,13.0,15.0,STEEL,36.0,43.0,53.0,0.0,0.0,0.0,0.0,False,False,130.0,2.0,0.9,1.1,0.9,1.2,1.0,0.9,700.0,53.0,700.0,53.0,0,0,False,0,1,68.0,45.0,0.0,31.8,True,True,True,True,True,9,2,True,112.0,128.0,144,SPOKED,SPOKED,0,0,0.0,0.0,280.0,330.0,28.6,300.0,1.0
405.0,70.0,635.0,72.8,155.0,45.0,565.0,72.8,652.0,45.0,45.0,28.6,36.5,23.35,30.0,13.0,15.0,STEEL,37.0,45.0,55.0,0.0,0.0,0.0,0.0,False,False,130.0,2.0,0.9,1.1,0.9,1.2,1.0,0.9,700.0,53.0,700.0,53.0,0,0,False,0,1,68.0,45.0,0.0,31.8,True,True,True,True,True,9,2,True,112.0,128.0,144,SPOKED,SPOKED,0,0,0.0,0.0,280.0,330.0,28.6,300.0,1.0
415.0,68.0,645.0,73.6,165.0,44.0,575.0,73.6,657.0,45.0,45.0,28.6,36.5,23.35,30.0,13.0,15.0,STEEL,38.0,47.0,57.0,0.0,0.0,0.0,0.0,False,False,130.0,2.0,0.9,1.1,0.9,1.2,1.0,0.9,700.0,53.0,700.0,53.0,0,0,False,0,1,68.0,45.0,0.0,31.8,True,True,True,True,True,9,2,True,112.0,128.0,144,SPOKED,SPOKED,0,0,0.0,0.0,280.0,330.0,28.6,300.0,1.0
395.0,63.0,605.0,72.3,135.0,48.0,552.0,72.3,638.0,45.0,45.0,28.6,36.5,23.35,30.0,13.0,15.0,STEEL,35.0,42.0,49.0,0.0,0.0,0.0,0.0,False,False,130.0,2.0,0.9,1.1,0.9,1.2,1.0,0.9,700.0,53.0,700.0,53.0,0,0,False,0,1,68.0,45.0,0.0,31.8,True,True,True,True,True,9,2,True,112.0,128.0,144,SPOKED,SPOKED,0,0,0.0,0.0,280.0,330.0,28.6,300.0,1.0
420.0,72.0,600.0,73.0,180.0,50.0,600.0,74.0,650.0,50.0,40.0,28.6,36.5,23.35,18.0,13.0,15.0,STEEL,34.0,49.0,49.0,0.0,0.0,0.0,0.0,False,False,130.0,2.0,0.9,1.1,0.9,1.2,1.0,0.9,672.0,25.0,672.0,25.0,0,0,False,0,1,68.0,45.0,0.0,31.8,True,True,False,False,True,8,2,True,112.0,128.0,144,SPOKED,SPOKED,0,0,0.0,0.0,280.0,760.0,34.9,330.0,1.0
415.0,70.0,590.0,72.0,170.0,48.0,610.0,73.0,660.0,52.0,40.0,30.0,37.0,23.35,18.0,13.0,15.0,STEEL,33.0,48.0,50.0,0.0,0.0,0.0,0.0,False,False,130.0,2.0,0.9,1.1,0.9,1.2,1.0,0.9,672.0,25.0,672.0,25.0,0,1,False,0,1,68.0,43.0,0.0,31.8,True,True,False,False,True,8,2,True,112.0,128.0,144,SPOKED,SPOKED,0,0,0.0,0.0,285.0,750.0,34.9,320.0,1.0
430.0,68.0,605.0,74.0,175.0,52.0,590.0,75.0,640.0,50.0,40.0,29.0,36.5,23.35,18.0,13.0,15.0,STEEL,35.0,49.0,49.0,0.0,0.0,0.0,0.0,False,False,130.0,2.0,0.9,1.1,0.9,1.2,1.0,0.9,672.0,25.0,672.0,25.0,0,2,False,0,1,68.0,47.0,0.0,31.8,True,True,False,False,True,8,2,True,112.0,128.0,144,SPOKED,SPOKED,0,0,0.0,0.0,275.0,770.0,34.9,335.0,1.0
410.0,75.0,585.0,71.0,160.0,50.0,605.0,74.5,655.0,48.0,40.0,28.6,36.5,23.35,18.0,13.0,15.0,STEEL,34.0,49.0,48.0,0.0,0.0,0.0,0.0,False,False,130.0,2.0,0.9,1.1,0.9,1.2,1.0,0.9,672.0,25.0,672.0,25.0,0,0,False,0,1,68.0,42.0,0.0,31.8,True,True,False,False,True,8,2,True,112.0,128.0,144,SPOKED,SPOKED,0,0,0.0,0.0,278.0,740.0,34.9,315.0,1.0
425.0,72.0,595.0,72.5,168.0,49.0,595.0,73.5,645.0,51.0,40.0,28.6,36.5,23.35,18.0,13.0,15.0,STEEL,34.0,49.0,49.0,0.0,0.0,0.0,0.0,False,False,130.0,2.0,0.9,1.1,0.9,1.2,1.0,0.9,672.0,25.0,672.0,25.0,0,1,False,0,1,68.0,44.0,0.0,31.8,True,True,False,False,True,8,2,True,112.0,128.0,144,SPOKED,SPOKED,0,0,0.0,0.0,282.0,755.0,34.9,325.0,1.0
415.0,69.0,610.0,73.0,182.0,50.0,600.0,74.0,650.0,50.0,40.0,28.6,36.5,23.35,18.0,13.0,15.0,STEEL,34.0,49.0,49.0,0.0,0.0,0.0,0.0,False,False,130.0,2.0,0.9,1.1,0.9,1.2,1.0,0.9,672.0,25.0,672.0,25.0,0,2,False,0,1,68.0,46.0,0.0,31.8,True,True,False,False,True,8,2,True,112.0,128.0,144,SPOKED,SPOKED,0,0,0.0,0.0,285.0,765.0,34.9,340.0,1.0
420.0,70.0,605.0,74.0,190.0,50.0,605.0,75.0,660.0,55.0,40.0,28.6,36.5,23.35,18.0,13.0,15.0,STEEL,34.0,49.0,49.0,0.0,0.0,0.0,0.0,False,False,130.0,2.0,0.9,1.1,0.9,1.2,1.0,0.9,672.0,25.0,672.0,25.0,0,0,False,0,1,68.0,48.0,0.0,31.8,True,True,False,False,True,8,2,True,112.0,128.0,144,SPOKED,SPOKED,0,0,0.0,0.0,280.0,760.0,34.9,330.0,1.0
418.0,73.0,600.0,72.5,165.0,48.0,610.0,73.0,655.0,49.0,40.0,28.6,36.5,23.35,18.0,13.0,15.0,STEEL,34.0,48.0,49.0,0.0,0.0,0.0,0.0,False,False,130.0,2.0,0.9,1.1,0.9,1.2,1.0,0.9,672.0,25.0,672.0,25.0,0,1,False,0,1,68.0,42.0,0.0,31.8,True,True,False,False,True,8,2,True,112.0,128.0,144,SPOKED,SPOKED,0,0,0.0,0.0,285.0,750.0,34.9,320.0,1.0
410.0,74.0,590.0,71.5,155.0,47.0,620.0,73.8,650.0,50.0,40.0,28.6,36.5,23.35,18.0,13.0,15.0,STEEL,34.0,47.0,49.0,0.0,0.0,0.0,0.0,False,False,130.0,2.0,0.9,1.1,0.9,1.2,1.0,0.9,672.0,25.0,672.0,25.0,0,2,False,0,1,68.0,46.0,0.0,31.8,True,True,False,False,True,8,2,True,112.0,128.0,144,SPOKED,SPOKED,0,0,0.0,0.0,278.0,745.0,34.9,315.0,1.0
430.0,68.0,615.0,73.5,178.0,51.0,610.0,74.2,645.0,53.0,40.0,28.6,36.5,23.35,18.0,13.0,15.0,STEEL,34.0,51.0,49.0,0.0,0.0,0.0,0.0,False,False,130.0,2.0,0.9,1.1,0.9,1.2,1.0,0.9,672.0,25.0,672.0,25.0,0,0,False,0,1,68.0,44.0,0.0,31.8,True,True,False,False,True,8,2,True,112.0,128.0,144,SPOKED,SPOKED,0,0,0.0,0.0,290.0,770.0,34.9,345.0,1.0
410.0,70.0,610.0,73.0,160.0,45.0,580.0,73.0,660.0,45.0,40.0,28.6,36.5,36.5,23.35,13.0,15.0,STEEL,35.0,45.0,45.0,0.0,0.0,0.0,0.0,False,False,135.0,2.0,0.9,1.1,0.9,1.2,1.0,0.9,685.0,52.0,685.0,52.0,0,1,False,0,1,68.0,45.0,0.0,31.8,True,True,False,False,True,8,2,True,112.0,128.0,144,SPOKED,SPOKED,0,0,0.0,0.0,280.0,745.0,36.5,330.0,1.0
420.0,68.0,620.0,72.5,155.0,45.0,590.0,72.5,655.0,46.0,40.0,29.0,36.5,36.5,23.35,13.0,15.0,STEEL,36.0,46.0,46.0,0.0,0.0,0.0,0.0,False,False,130.0,2.0,0.9,1.1,0.9,1.2,1.0,0.9,688.0,52.0,688.0,52.0,0,2,False,0,1,68.0,45.0,0.0,31.8,True,True,False,False,True,8,2,True,112.0,128.0,144,SPOKED,SPOKED,0,0,0.0,0.0,285.0,740.0,36.5,325.0,1.0
405.0,72.0,600.0,73.5,170.0,45.0,600.0,73.0,670.0,44.0,40.0,28.8,36.5,36.5,23.35,13.0,15.0,STEEL,34.0,47.0,50.0,0.0,0.0,0.0,0.0,False,False,135.0,2.0,0.9,1.1,0.9,1.2,1.0,0.9,683.0,52.0,683.0,52.0,0,1,False,0,1,68.0,45.0,0.0,31.8,True,True,False,False,True,8,2,True,112.0,128.0,144,SPOKED,SPOKED,0,0,0.0,0.0,278.0,750.0,36.5,340.0,1.0
430.0,65.0,630.0,72.0,150.0,45.0,570.0,74.0,640.0,50.0,40.0,28.6,36.5,36.5,23.35,13.0,15.0,STEEL,40.0,42.0,40.0,0.0,0.0,0.0,0.0,False,False,130.0,2.0,0.9,1.1,0.9,1.2,1.0,0.9,690.0,52.0,690.0,52.0,0,2,False,0,1,68.0,45.0,0.0,31.8,True,True,False,False,True,8,2,True,112.0,128.0,144,SPOKED,SPOKED,0,0,0.0,0.0,290.0,735.0,36.5,310.0,1.0
415.0,75.0,650.0,71.5,180.0,45.0,610.0,72.0,680.0,47.0,40.0,29.5,36.5,36.5,23.35,13.0,15.0,STEEL,38.0,50.0,48.0,0.0,0.0,0.0,0.0,False,False,135.0,2.0,0.9,1.1,0.9,1.2,1.0,0.9,678.0,52.0,678.0,52.0,0,1,False,0,1,68.0,45.0,0.0,31.8,True,True,False,False,True,8,2,True,112.0,128.0,144,SPOKED,SPOKED,0,0,0.0,0.0,300.0,760.0,36.5,350.0,1.0
400.0,70.0,595.0,74.0,160.0,45.0,585.0,73.5,665.0,48.0,40.0,28.6,36.5,36.5,23.35,13.0,15.0,STEEL,36.0,44.0,42.0,0.0,0.0,0.0,0.0,False,False,130.0,2.0,0.9,1.1,0.9,1.2,1.0,0.9,686.0,52.0,686.0,52.0,0,2,False,0,1,68.0,45.0,0.0,31.8,True,True,False,False,True,8,2,True,112.0,128.0,144,SPOKED,SPOKED,0,0,0.0,0.0,275.0,730.0,36.5,320.0,1.0
425.0,67.0,605.0,73.0,165.0,45.0,595.0,72.8,675.0,44.0,40.0,29.0,36.5,36.5,23.35,13.0,15.0,STEEL,37.0,48.0,46.0,0.0,0.0,0.0,0.0,False,False,135.0,2.0,0.9,1.1,0.9,1.2,1.0,0.9,682.0,52.0,682.0,52.0,0,1,False,0,1,68.0,45.0,0.0,31.8,True,True,False,False,True,8,2,True,112.0,128.0,144,SPOKED,SPOKED,0,0,0.0,0.0,288.0,748.0,36.5,345.0,1.0
410.0,69.0,615.0,72.3,158.0,45.0,605.0,73.2,668.0,45.0,40.0,28.7,36.5,36.5,23.35,13.0,15.0,STEEL,35.0,46.0,44.0,0.0,0.0,0.0,0.0,False,False,130.0,2.0,0.9,1.1,0.9,1.2,1.0,0.9,684.0,52.0,684.0,52.0,0,2,False,0,1,68.0,45.0,0.0,31.8,True,True,False,False,True,8,2,True,112.0,128.0,144,SPOKED,SPOKED,0,0,0.0,0.0,282.0,738.0,36.5,315.0,1.0
395.0,74.0,585.0,74.0,170.0,45.0,580.0,73.8,660.0,46.0,40.0,29.0,36.5,36.5,23.35,13.0,15.0,STEEL,39.0,45.0,43.0,0.0,0.0,0.0,0.0,False,False,135.0,2.0,0.9,1.1,0.9,1.2,1.0,0.9,681.0,52.0,681.0,52.0,0,1,False,0,1,68.0,45.0,0.0,31.8,True,True,False,False,True,8,2,True,112.0,128.0,144,SPOKED,SPOKED,0,0,0.0,0.0,279.0,752.0,36.5,335.0,1.0
435.0,66.0,625.0,72.7,162.0,45.0,615.0,72.3,672.0,43.0,40.0,28.6,36.5,36.5,23.35,13.0,15.0,STEEL,36.0,43.0,42.0,0.0,0.0,0.0,0.0,False,False,130.0,2.0,0.9,1.1,0.9,1.2,1.0,0.9,687.0,52.0,687.0,52.0,0,2,False,0,1,68.0,45.0,0.0,31.8,True,True,False,False,True,8,2,True,112.0,128.0,144,SPOKED,SPOKED,0,0,0.0,0.0,286.0,742.0,36.5,322.0,1.0
405.0,70.0,600.0,73.0,180.0,45.0,560.0,73.0,665.0,45.0,45.0,40.0,28.6,36.5,36.5,13.0,15.0,STEEL,35.0,50.0,45.0,330.0,350.0,16.0,18.0,False,False,130.0,2.0,0.9,1.1,0.9,1.2,1.0,0.9,674.0,52.0,674.0,52.0,0,1,False,0,1,68.0,45.0,692.0,31.8,True,True,False,False,True,8,1,True,112.0,128.0,144,SPOKED,SPOKED,0,0,80.0,80.0,278.0,780.0,34.9,300.0,1.0
395.0,72.0,590.0,74.0,160.0,50.0,580.0,74.0,655.0,48.0,45.0,40.0,28.6,36.5,36.5,13.0,15.0,STEEL,35.0,50.0,45.0,330.0,350.0,16.0,18.0,False,False,130.0,2.0,0.9,1.1,0.9,1.2,1.0,0.9,674.0,52.0,674.0,52.0,0,1,False,0,1,68.0,45.0,692.0,31.8,True,True,False,False,True,8,1,True,112.0,128.0,144,SPOKED,SPOKED,0,0,80.0,80.0,278.0,770.0,34.9,300.0,1.0
415.0,68.0,610.0,72.0,200.0,47.0,550.0,72.0,675.0,46.0,45.0,40.0,28.6,36.5,36.5,13.0,15.0,STEEL,35.0,50.0,45.0,330.0,350.0,16.0,18.0,False,False,130.0,2.0,0.9,1.1,0.9,1.2,1.0,0.9,674.0,52.0,674.0,52.0,0,1,False,0,1,68.0,45.0,692.0,31.8,True,True,False,False,True,8,1,True,112.0,128.0,144,SPOKED,SPOKED,0,0,80.0,80.0,278.0,790.0,34.9,300.0,1.0
400.0,70.0,605.0,73.5,170.0,46.0,570.0,73.0,660.0,47.0,45.0,40.0,28.6,36.5,36.5,13.0,15.0,STEEL,35.0,50.0,45.0,330.0,350.0,16.0,18.0,False,False,130.0,2.0,0.9,1.1,0.9,1.2,1.0,0.9,674.0,52.0,674.0,52.0,0,1,False,0,1,68.0,45.0,692.0,31.8,True,True,False,False,True,8,1,True,112.0,128.0,144,SPOKED,SPOKED,0,0,80.0,80.0,278.0,785.0,34.9,300.0,1.0
390.0,74.0,595.0,74.0,150.0,44.0,540.0,74.0,650.0,44.0,45.0,40.0,28.6,36.5,36.5,13.0,15.0,STEEL,35.0,50.0,45.0,330.0,350.0,16.0,18.0,False,False,130.0,2.0,0.9,1.1,0.9,1.2,1.0,0.9,674.0,52.0,674.0,52.0,0,1,False,0,1,68.0,45.0,692.0,31.8,True,True,False,False,True,8,1,True,112.0,128.0,144,SPOKED,SPOKED,0,0,80.0,80.0,278.0,775.0,34.9,300.0,1.0
420.0,71.0,615.0,72.5,190.0,48.0,590.0,72.5,670.0,49.0,45.0,40.0,28.6,36.5,36.5,13.0,15.0,STEEL,35.0,50.0,45.0,330.0,350.0,16.0,18.0,False,False,130.0,2.0,0.9,1.1,0.9,1.2,1.0,0.9,674.0,52.0,674.0,52.0,0,1,False,0,1,68.0,45.0,692.0,31.8,True,True,False,False,True,8,1,True,112.0,128.0,144,SPOKED,SPOKED,0,0,80.0,80.0,278.0,795.0,34.9,300.0,1.0
380.0,69.0,585.0,75.0,155.0,43.0,565.0,75.0,645.0,43.0,45.0,40.0,28.6,36.5,36.5,13.0,15.0,STEEL,35.0,50.0,45.0,330.0,350.0,16.0,18.0,False,False,130.0,2.0,0.9,1.1,0.9,1.2,1.0,0.9,674.0,52.0,674.0,52.0,0,1,False,0,1,68.0,45.0,692.0,31.8,True,True,False,False,True,8,1,True,112.0,128.0,144,SPOKED,SPOKED,0,0,80.0,80.0,278.0,765.0,34.9,300.0,1.0
410.0,73.0,620.0,71.5,185.0,46.0,575.0,71.5,680.0,46.0,45.0,40.0,28.6,36.5,36.5,13.0,15.0,STEEL,35.0,50.0,45.0,330.0,350.0,16.0,18.0,False,False,130.0,2.0,0.9,1.1,0.9,1.2,1.0,0.9,674.0,52.0,674.0,52.0,0,1,False,0,1,68.0,45.0,692.0,31.8,True,True,False,False,True,8,1,True,112.0,128.0,144,SPOKED,SPOKED,0,0,80.0,80.0,278.0,800.0,34.9,300.0,1.0
405.0,70.0,600.0,73.0,175.0,45.0,560.0,73.0,665.0,45.0,45.0,40.0,28.6,36.5,36.5,13.0,15.0,STEEL,35.0,50.0,45.0,330.0,350.0,16.0,18.0,False,False,130.0,2.0,0.9,1.1,0.9,1.2,1.0,0.9,674.0,52.0,674.0,52.0,0,1,False,0,1,68.0,45.0,692.0,31.8,True,True,False,False,True,8,1,True,112.0,128.0,144,SPOKED,SPOKED,0,0,80.0,80.0,278.0,780.0,34.9,300.0,1.0
395.0,71.0,590.0,74.0,165.0,49.0,585.0,74.0,658.0,48.0,45.0,40.0,28.6,36.5,36.5,13.0,15.0,STEEL,35.0,50.0,45.0,330.0,350.0,16.0,18.0,False,False,130.0,2.0,0.9,1.1,0.9,1.2,1.0,0.9,674.0,52.0,674.0,52.0,0,1,False,0,1,68.0,45.0,692.0,31.8,True,True,False,False,True,8,1,True,112.0,128.0,144,SPOKED,SPOKED,0,0,80.0,80.0,278.0,770.0,34.9,300.0,1.0
420.0,70.0,620.0,74.0,160.0,50.0,580.0,73.5,670.0,50.0,45.0,30.0,32.0,26.0,26.0,13.0,15.0,STEEL,35.0,50.0,45.0,330.0,350.0,16.0,18.0,False,False,135.0,2.0,1.0,1.0,1.0,1.2,1.0,1.0,660.0,60.0,660.0,60.0,0,1,False,0,1,68.0,45.0,0.0,31.8,True,True,True,True,True,9,2,True,112.0,128.0,144,SPOKED,SPOKED,0,0,80.0,80.0,280.0,750.0,34.9,360.0,1.0
430.0,68.0,630.0,73.5,155.0,52.0,575.0,73.0,665.0,52.0,43.0,29.0,31.0,27.0,27.0,13.0,14.0,STEEL,34.0,48.0,44.0,330.0,350.0,16.0,18.0,False,False,135.0,2.0,0.9,1.1,0.9,1.2,1.0,1.0,655.0,55.0,655.0,55.0,0,1,False,0,1,68.0,45.0,0.0,31.8,True,True,True,True,True,8,2,True,110.0,120.0,130,SPOKED,SPOKED,0,0,80.0,80.0,275.0,745.0,34.9,355.0,1.0
415.0,72.0,610.0,74.5,165.0,48.0,590.0,74.0,680.0,48.0,47.0,31.0,33.0,28.0,25.0,13.0,16.0,STEEL,36.0,52.0,46.0,330.0,350.0,16.0,18.0,False,False,135.0,2.0,1.0,1.0,1.0,1.0,1.0,1.0,670.0,65.0,670.0,65.0,0,1,False,0,1,68.0,45.0,0.0,31.8,True,True,True,True,True,9,3,True,100.0,110.0,120,SPOKED,SPOKED,0,0,80.0,80.0,282.0,755.0,34.9,365.0,1.0
440.0,65.0,640.0,73.0,150.0,55.0,560.0,73.3,660.0,54.0,44.0,30.5,32.5,26.5,28.0,13.0,15.0,STEEL,33.0,45.0,42.0,330.0,350.0,16.0,18.0,False,False,135.0,2.0,0.9,1.1,0.9,1.2,1.0,1.0,650.0,50.0,650.0,50.0,0,1,False,0,1,68.0,45.0,0.0,31.8,True,True,True,True,True,7,2,True,120.0,130.0,140,SPOKED,SPOKED,0,0,80.0,80.0,290.0,740.0,34.9,350.0,1.0
395.0,75.0,605.0,75.0,170.0,47.0,595.0,74.2,690.0,51.0,46.0,32.0,34.0,29.0,27.0,13.0,16.0,STEEL,38.0,55.0,45.0,330.0,350.0,16.0,18.0,False,False,135.0,2.0,1.0,1.0,1.0,1.0,1.0,1.0,680.0,70.0,680.0,70.0,0,1,False,0,1,68.0,45.0,0.0,31.8,True,True,True,True,True,10,1,True,90.0,100.0,110,SPOKED,SPOKED,0,0,80.0,80.0,276.0,765.0,34.9,380.0,1.0
460.0,60.0,650.0,72.5,140.0,58.0,550.0,73.8,645.0,53.0,42.0,29.5,31.5,25.5,29.0,13.0,15.0,STEEL,32.0,46.0,44.0,330.0,350.0,16.0,18.0,False,False,135.0,2.0,0.9,1.1,0.9,1.2,1.0,1.0,658.0,58.0,658.0,58.0,0,1,False,0,1,68.0,45.0,0.0,31.8,True,True,True,True,True,8,2,True,100.0,110.0,120,SPOKED,SPOKED,0,0,80.0,80.0,285.0,730.0,34.9,345.0,1.0
405.0,69.0,625.0,74.2,158.0,51.0,570.0,73.6,675.0,49.0,45.0,30.2,32.2,26.2,27.2,13.0,14.5,STEEL,34.5,49.0,45.0,330.0,350.0,16.0,18.0,False,False,135.0,2.0,0.9,1.1,0.9,1.2,1.0,1.0,663.0,63.0,663.0,63.0,0,1,False,0,1,68.0,45.0,0.0,31.8,True,True,True,True,True,9,2,True,105.0,115.0,125,SPOKED,SPOKED,0,0,80.0,80.0,279.0,752.0,34.9,368.0,1.0
425.0,67.0,635.0,73.7,172.0,53.0,585.0,73.4,685.0,47.0,44.0,31.3,33.3,27.3,28.3,13.0,15.3,STEEL,37.0,54.0,47.0,330.0,350.0,16.0,18.0,False,False,135.0,2.0,0.9,1.1,0.9,1.2,1.0,1.0,678.0,68.0,678.0,68.0,0,1,False,0,1,68.0,45.0,0.0,31.8,True,True,True,True,True,9,2,True,95.0,105.0,115,SPOKED,SPOKED,0,0,80.0,80.0,284.0,760.0,34.9,375.0,1.0
445.0,66.0,646.0,73.2,148.0,56.0,565.0,73.1,658.0,56.0,43.0,30.7,32.7,26.7,27.7,13.0,15.6,STEEL,33.6,47.6,43.6,330.0,350.0,16.0,18.0,False,False,135.0,2.0,0.9,1.1,0.9,1.2,1.0,1.0,660.0,60.0,660.0,60.0,0,1,False,0,1,68.0,45.0,0.0,31.8,True,True,True,True,True,8,3,True,98.0,108.0,118,SPOKED,SPOKED,0,0,80.0,80.0,281.0,749.0,34.9,362.0,1.0
400.0,73.0,615.0,74.8,180.0,49.0,600.0,74.0,695.0,46.0,46.0,32.0,34.0,28.0,26.0,13.0,16.2,STEEL,39.0,57.0,48.0,330.0,350.0,16.0,18.0,False,False,135.0,2.0,1.0,1.0,1.0,1.0,1.0,1.0,682.0,72.0,682.0,72.0,0,1,False,0,1,68.0,45.0,0.0,31.8,True,True,True,True,True,10,2,True,92.0,102.0,112,SPOKED,SPOKED,0,0,80.0,80.0,290.0,770.0,34.9,390.0,1.0
425.0,75.0,605.0,73.0,200.0,45.0,600.0,73.5,650.0,50.0,40.0,28.6,33.6,36.5,23.35,13.0,15.0,STEEL,30.0,50.0,40.0,330.0,350.0,16.0,18.0,False,False,130.0,2.0,0.9,1.1,0.9,1.2,1.0,0.9,680.0,52.0,680.0,52.0,0,0,False,0,1,68.0,45.0,31.8,31.8,True,True,False,False,True,8,2,True,112.0,128.0,144,SPOKED,SPOKED,0,0,80.0,80.0,280.0,780.0,34.9,300.0,1.0
430.0,80.0,610.0,72.0,210.0,50.0,610.0,74.0,655.0,55.0,40.0,28.6,33.6,36.5,23.35,13.0,15.0,STEEL,35.0,55.0,45.0,330.0,350.0,16.0,18.0,False,False,130.0,2.0,0.9,1.1,0.9,1.2,1.0,0.9,680.0,52.0,680.0,52.0,0,1,False,0,1,68.0,45.0,31.8,31.8,True,True,False,False,True,9,1,True,100.0,110.0,120,SPOKED,SPOKED,0,0,80.0,80.0,280.0,790.0,34.9,300.0,1.0
435.0,70.0,595.0,73.5,195.0,47.0,590.0,72.5,645.0,52.0,40.0,28.6,33.6,36.5,23.35,13.0,15.0,STEEL,28.0,48.0,35.0,330.0,350.0,16.0,18.0,False,False,130.0,2.0,0.9,1.1,0.9,1.2,1.0,0.9,680.0,52.0,680.0,52.0,0,0,False,0,1,68.0,45.0,31.8,31.8,True,True,False,False,True,7,1,True,120.0,130.0,140,SPOKED,SPOKED,0,0,80.0,80.0,280.0,770.0,34.9,300.0,1.0
440.0,78.0,620.0,71.5,230.0,46.0,620.0,75.0,670.0,60.0,40.0,28.6,33.6,36.5,23.35,13.0,15.0,STEEL,40.0,60.0,50.0,330.0,350.0,16.0,18.0,False,False,130.0,2.0,0.9,1.1,0.9,1.2,1.0,0.9,680.0,52.0,680.0,52.0,0,1,False,0,1,68.0,45.0,31.8,31.8,True,True,False,False,True,10,2,True,105.0,115.0,125,SPOKED,SPOKED,0,0,80.0,80.0,280.0,800.0,34.9,300.0,1.0
420.0,72.0,600.0,72.5,220.0,44.0,580.0,73.0,660.0,53.0,40.0,28.6,33.6,36.5,23.35,13.0,15.0,STEEL,32.0,52.0,42.0,330.0,350.0,16.0,18.0,False,False,130.0,2.0,0.9,1.1,0.9,1.2,1.0,0.9,680.0,52.0,680.0,52.0,0,0,False,0,1,68.0,45.0,31.8,31.8,True,True,False,False,True,7,2,True,115.0,125.0,135,SPOKED,SPOKED,0,0,80.0,80.0,280.0,770.0,34.9,300.0,1.0
445.0,76.0,615.0,74.0,205.0,48.0,605.0,74.5,658.0,54.0,40.0,28.6,33.6,36.5,23.35,13.0,15.0,STEEL,33.0,53.0,43.0,330.0,350.0,16.0,18.0,False,False,130.0,2.0,0.9,1.1,0.9,1.2,1.0,0.9,680.0,52.0,680.0,52.0,0,1,False,0,1,68.0,45.0,31.8,31.8,True,True,False,False,True,9,2,True,110.0,120.0,130,SPOKED,SPOKED,0,0,80.0,80.0,280.0,785.0,34.9,300.0,1.0
432.0,74.0,608.0,73.0,215.0,46.0,600.0,73.8,652.0,56.0,40.0,28.6,33.6,36.5,23.35,13.0,15.0,STEEL,34.0,54.0,44.0,330.0,350.0,16.0,18.0,False,False,130.0,2.0,0.9,1.1,0.9,1.2,1.0,0.9,680.0,52.0,680.0,52.0,0,0,False,0,1,68.0,45.0,31.8,31.8,True,True,False,False,True,8,1,True,108.0,118.0,128,SPOKED,SPOKED,0,0,80.0,80.0,280.0,775.0,34.9,300.0,1.0
427.0,79.0,602.0,72.8,225.0,49.0,615.0,74.2,660.0,51.0,40.0,28.6,33.6,36.5,23.35,13.0,15.0,STEEL,36.0,56.0,46.0,330.0,350.0,16.0,18.0,False,False,130.0,2.0,0.9,1.1,0.9,1.2,1.0,0.9,680.0,52.0,680.0,52.0,0,1,False,0,1,68.0,45.0,31.8,31.8,True,True,False,False,True,6,1,True,102.0,112.0,122,SPOKED,SPOKED,0,0,80.0,80.0,280.0,760.0,34.9,300.0,1.0
438.0,71.0,598.0,73.2,190.0,45.0,595.0,72.2,648.0,57.0,40.0,28.6,33.6,36.5,23.35,13.0,15.0,STEEL,29.0,51.0,38.0,330.0,350.0,16.0,18.0,False,False,130.0,2.0,0.9,1.1,0.9,1.2,1.0,0.9,680.0,52.0,680.0,52.0,0,0,False,0,1,68.0,45.0,31.8,31.8,True,True,False,False,True,10,1,True,115.0,130.0,140,SPOKED,SPOKED,0,0,80.0,80.0,280.0,790.0,34.9,300.0,1.0
442.0,77.0,618.0,71.8,218.0,50.0,610.0,73.3,662.0,58.0,40.0,28.6,33.6,36.5,23.35,13.0,15.0,STEEL,38.0,58.0,48.0,330.0,350.0,16.0,18.0,False,False,130.0,2.0,0.9,1.1,0.9,1.2,1.0,0.9,680.0,52.0,680.0,52.0,0,1,False,0,1,68.0,45.0,31.8,31.8,True,True,False,False,True,10,3,True,110.0,130.0,150,SPOKED,SPOKED,0,0,80.0,80.0,280.0,800.0,34.9,300.0,1.0
430.0,70.0,610.0,73.0,180.0,45.0,580.0,73.0,590.0,50.0,45.0,28.6,36.5,23.35,13.0,13.0,15.0,STEEL,35.0,35.0,45.0,0.0,0.0,0.0,0.0,False,False,130.0,2.0,2.0,2.0,2.0,2.0,2.0,2.0,670.0,50.0,670.0,50.0,0,1,False,0,1,68.0,45.0,0.0,31.8,True,True,False,False,True,8,2,True,112.0,128.0,144,SPOKED,SPOKED,0,0,0.0,0.0,280.0,760.0,34.9,300.0,1.0
435.0,70.0,605.0,72.0,170.0,45.0,590.0,74.0,585.0,50.0,45.0,28.6,36.5,23.35,13.0,13.0,15.0,STEEL,32.0,38.0,43.0,0.0,0.0,0.0,0.0,False,False,130.0,2.0,2.0,2.0,2.0,2.0,2.0,2.0,670.0,50.0,670.0,50.0,0,1,False,0,1,68.0,45.0,0.0,31.8,True,True,False,False,True,8,2,True,112.0,128.0,144,SPOKED,SPOKED,0,0,0.0,0.0,285.0,755.0,34.9,305.0,1.0
420.0,68.0,595.0,74.0,160.0,45.0,570.0,73.5,580.0,50.0,45.0,28.6,36.5,23.35,13.0,13.0,15.0,STEEL,30.0,33.0,43.0,0.0,0.0,0.0,0.0,False,False,130.0,2.0,2.0,2.0,2.0,2.0,2.0,2.0,670.0,50.0,670.0,50.0,0,1,False,0,1,68.0,45.0,0.0,31.8,True,True,False,False,True,8,2,True,112.0,128.0,144,SPOKED,SPOKED,0,0,0.0,0.0,275.0,750.0,34.9,300.0,1.0
440.0,72.0,620.0,73.0,190.0,45.0,600.0,72.5,600.0,50.0,45.0,28.6,36.5,23.35,13.0,13.0,15.0,STEEL,40.0,40.0,50.0,0.0,0.0,0.0,0.0,False,False,130.0,2.0,2.0,2.0,2.0,2.0,2.0,2.0,670.0,50.0,670.0,50.0,0,1,False,0,1,68.0,45.0,0.0,31.8,True,True,False,False,True,8,2,True,112.0,128.0,144,SPOKED,SPOKED,0,0,0.0,0.0,290.0,765.0,34.9,310.0,1.0
425.0,70.0,600.0,73.5,175.0,45.0,585.0,73.0,595.0,50.0,45.0,28.6,36.5,23.35,13.0,13.0,15.0,STEEL,35.0,37.0,46.0,0.0,0.0,0.0,0.0,False,False,130.0,2.0,2.0,2.0,2.0,2.0,2.0,2.0,670.0,50.0,670.0,50.0,0,1,False,0,1,68.0,45.0,0.0,31.8,True,True,False,False,True,8,2,True,112.0,128.0,144,SPOKED,SPOKED,0,0,0.0,0.0,282.0,758.0,34.9,302.0,1.0
430.0,69.0,590.0,74.0,165.0,45.0,575.0,73.2,588.0,50.0,45.0,28.6,36.5,23.35,13.0,13.0,15.0,STEEL,33.0,36.0,44.0,0.0,0.0,0.0,0.0,False,False,130.0,2.0,2.0,2.0,2.0,2.0,2.0,2.0,670.0,50.0,670.0,50.0,0,1,False,0,1,68.0,45.0,0.0,31.8,True,True,False,False,True,8,2,True,112.0,128.0,144,SPOKED,SPOKED,0,0,0.0,0.0,278.0,752.0,34.9,298.0,1.0
435.0,71.0,605.0,73.0,180.0,45.0,580.0,72.8,590.0,50.0,45.0,28.6,36.5,23.35,13.0,13.0,15.0,STEEL,36.0,39.0,48.0,0.0,0.0,0.0,0.0,False,False,130.0,2.0,2.0,2.0,2.0,2.0,2.0,2.0,670.0,50.0,670.0,50.0,0,1,False,0,1,68.0,45.0,0.0,31.8,True,True,False,False,True,8,2,True,112.0,128.0,144,SPOKED,SPOKED,0,0,0.0,0.0,285.0,755.0,34.9,305.0,1.0
420.0,68.0,595.0,74.0,170.0,45.0,565.0,73.5,582.0,50.0,45.0,28.6,36.5,23.35,13.0,13.0,15.0,STEEL,32.0,34.0,42.0,0.0,0.0,0.0,0.0,False,False,130.0,2.0,2.0,2.0,2.0,2.0,2.0,2.0,670.0,50.0,670.0,50.0,0,1,False,0,1,68.0,45.0,0.0,31.8,True,True,False,False,True,8,2,True,112.0,128.0,144,SPOKED,SPOKED,0,0,0.0,0.0,275.0,750.0,34.9,295.0,1.0
428.0,70.0,610.0,73.5,185.0,45.0,590.0,73.0,598.0,50.0,45.0,28.6,36.5,23.35,13.0,13.0,15.0,STEEL,38.0,41.0,49.0,0.0,0.0,0.0,0.0,False,False,130.0,2.0,2.0,2.0,2.0,2.0,2.0,2.0,670.0,50.0,670.0,50.0,0,1,False,0,1,68.0,45.0,0.0,31.8,True,True,False,False,True,8,2,True,112.0,128.0,144,SPOKED,SPOKED,0,0,0.0,0.0,290.0,765.0,34.9,310.0,1.0
410.0,75.0,610.0,73.0,150.0,50.0,580.0,73.5,660.0,48.0,48.0,28.6,33.6,36.5,23.35,13.0,15.0,STEEL,32.0,40.0,45.0,330.0,350.0,16.0,18.0,False,False,130.0,2.0,0.9,1.1,0.9,1.2,1.0,0.9,680.0,52.0,680.0,52.0,0,0,False,0,1,68.0,45.0,0.0,31.8,True,True,False,False,True,8,2,True,112.0,128.0,144,SPOKED,SPOKED,0,0,80.0,80.0,280.0,720.0,34.9,320.0,1.0
405.0,70.0,600.0,72.5,145.0,48.0,575.0,74.0,655.0,50.0,45.0,28.6,33.6,36.5,23.35,13.0,15.0,STEEL,30.0,38.0,42.0,330.0,350.0,16.0,18.0,False,False,130.0,2.0,0.9,1.1,0.9,1.2,1.0,0.9,680.0,52.0,680.0,52.0,0,1,False,0,2,68.0,42.0,0.0,31.8,True,True,False,False,True,9,1,True,100.0,110.0,120,SPOKED,SPOKED,0,0,80.0,80.0,280.0,730.0,34.9,330.0,2.0
415.0,80.0,620.0,73.5,160.0,52.0,590.0,73.0,665.0,47.0,50.0,28.6,33.6,36.5,23.35,13.0,15.0,STEEL,35.0,45.0,48.0,330.0,350.0,16.0,18.0,False,False,135.0,2.0,0.9,1.1,0.9,1.2,1.0,0.9,680.0,52.0,680.0,52.0,0,2,False,0,1,68.0,48.0,0.0,31.8,True,True,False,False,True,10,2,True,120.0,130.0,140,SPOKED,SPOKED,0,0,80.0,80.0,290.0,715.0,34.9,340.0,1.0
400.0,65.0,590.0,72.0,140.0,49.0,565.0,74.2,650.0,46.0,47.0,28.6,33.6,36.5,23.35,13.0,15.0,STEEL,29.0,37.0,43.0,330.0,350.0,16.0,18.0,False,False,130.0,2.0,0.9,1.1,0.9,1.2,1.0,0.9,680.0,52.0,680.0,52.0,0,0,False,0,1,68.0,43.0,0.0,31.8,True,True,False,False,True,8,1,True,115.0,118.0,125,SPOKED,SPOKED,0,0,80.0,80.0,285.0,725.0,34.9,325.0,2.0
420.0,80.0,630.0,74.0,155.0,54.0,585.0,73.7,670.0,49.0,49.0,28.6,33.6,36.5,23.35,13.0,15.0,STEEL,34.0,42.0,47.0,330.0,350.0,16.0,18.0,False,False,130.0,2.0,0.9,1.1,0.9,1.2,1.0,0.9,680.0,52.0,680.0,52.0,0,2,False,0,2,68.0,46.0,0.0,31.8,True,True,False,False,True,9,2,True,105.0,108.0,112,SPOKED,SPOKED,0,0,80.0,80.0,295.0,710.0,34.9,310.0,1.0
395.0,70.0,580.0,73.0,135.0,47.0,560.0,74.5,645.0,44.0,46.0,28.6,33.6,36.5,23.35,13.0,15.0,STEEL,28.0,35.0,41.0,330.0,350.0,16.0,18.0,False,False,130.0,2.0,0.9,1.1,0.9,1.2,1.0,0.9,680.0,52.0,680.0,52.0,0,1,False,0,1,68.0,44.0,0.0,31.8,True,True,False,False,True,8,2,True,110.0,115.0,120,SPOKED,SPOKED,0,0,80.0,80.0,275.0,740.0,34.9,350.0,2.0
430.0,78.0,615.0,73.8,148.0,53.0,570.0,73.2,665.0,48.0,48.0,28.6,33.6,36.5,23.35,13.0,15.0,STEEL,33.0,43.0,46.0,330.0,350.0,16.0,18.0,False,False,130.0,2.0,0.9,1.1,0.9,1.2,1.0,0.9,680.0,52.0,680.0,52.0,0,0,False,0,1,68.0,47.0,0.0,31.8,True,True,False,False,True,10,1,True,118.0,125.0,130,SPOKED,SPOKED,0,0,80.0,80.0,288.0,710.0,34.9,315.0,1.0
410.0,72.0,605.0,72.7,142.0,50.0,565.0,74.0,658.0,45.0,45.0,28.6,33.6,36.5,23.35,13.0,15.0,STEEL,31.0,39.0,44.0,330.0,350.0,16.0,18.0,False,False,130.0,2.0,0.9,1.1,0.9,1.2,1.0,0.9,680.0,52.0,680.0,52.0,0,2,False,0,2,68.0,45.0,0.0,31.8,True,True,False,False,True,9,1,True,114.0,122.0,135,SPOKED,SPOKED,0,0,80.0,80.0,282.0,735.0,34.9,340.0,2.0
425.0,74.0,625.0,73.3,158.0,55.0,595.0,73.5,668.0,49.0,50.0,28.6,33.6,36.5,23.35,13.0,15.0,STEEL,36.0,46.0,49.0,330.0,350.0,16.0,18.0,False,False,130.0,2.0,0.9,1.1,0.9,1.2,1.0,0.9,680.0,52.0,680.0,52.0,0,1,False,0,1,68.0,49.0,0.0,31.8,True,True,False,False,True,10,2,True,117.0,124.0,132,SPOKED,SPOKED,0,0,80.0,80.0,298.0,722.0,34.9,325.0,1.0
400.0,68.0,595.0,72.2,138.0,48.0,555.0,74.8,652.0,46.0,46.0,28.6,33.6,36.5,23.35,13.0,15.0,STEEL,29.5,36.5,42.5,330.0,350.0,16.0,18.0,False,False,130.0,2.0,0.9,1.1,0.9,1.2,1.0,0.9,680.0,52.0,680.0,52.0,0,0,False,0,1,68.0,43.5,0.0,31.8,True,True,False,False,True,8,1,True,113.0,119.0,127,SPOKED,SPOKED,0,0,80.0,80.0,283.0,728.0,34.9,318.0,2.0
404.0,68.0,595.0,72.5,160.0,50.0,550.0,73.0,600.0,50.0,40.0,28.6,36.5,23.35,23.35,13.0,15.0,STEEL,30.0,35.0,45.0,0.0,0.0,0.0,0.0,False,False,130.0,2.0,1.0,1.0,1.0,1.0,1.0,1.0,680.0,52.0,680.0,52.0,0,2,False,0,1,68.0,45.0,0.0,31.8,True,True,False,False,True,9,2,True,112.0,128.0,144,SPOKED,SPOKED,0,0,0.0,0.0,280.0,760.0,36.5,400.0,1.0
408.0,70.0,605.0,73.0,170.0,45.0,560.0,72.5,610.0,48.0,40.0,28.6,36.5,23.35,23.35,13.0,15.0,STEEL,32.0,36.0,46.0,0.0,0.0,0.0,0.0,False,False,130.0,2.0,1.0,1.0,1.0,1.0,1.0,1.0,680.0,52.0,680.0,52.0,0,0,False,0,1,68.0,50.0,0.0,31.8,True,True,False,False,True,8,2,True,105.0,105.0,105,SPOKED,SPOKED,0,0,0.0,0.0,280.0,760.0,36.5,400.0,1.0
412.0,72.0,615.0,72.0,180.0,50.0,570.0,74.0,620.0,52.0,40.0,28.6,36.5,23.35,23.35,13.0,15.0,STEEL,34.0,37.0,47.0,0.0,0.0,0.0,0.0,False,False,130.0,2.0,1.0,1.0,1.0,1.0,1.0,1.0,680.0,52.0,680.0,52.0,0,1,False,0,1,68.0,45.0,0.0,31.8,True,True,False,False,True,7,1,True,119.0,136.0,153,SPOKED,SPOKED,0,0,0.0,0.0,280.0,760.0,36.5,400.0,1.0
416.0,75.0,625.0,73.5,190.0,45.0,580.0,72.0,630.0,55.0,40.0,31.8,36.5,23.35,23.35,13.0,15.0,STEEL,36.0,38.0,48.0,0.0,0.0,0.0,0.0,False,False,130.0,2.0,1.2,1.0,1.1,0.9,1.0,1.0,680.0,52.0,680.0,52.0,0,2,False,0,1,68.0,45.0,0.0,34.5,True,True,False,False,True,10,2,True,200.0,200.0,200,SPOKED,SPOKED,0,0,0.0,0.0,280.0,760.0,36.5,400.0,1.0
420.0,65.0,590.0,74.0,160.0,50.0,550.0,73.5,600.0,48.0,40.0,28.6,36.5,23.35,23.35,13.0,15.0,STEEL,30.0,35.0,45.0,0.0,0.0,0.0,0.0,False,False,130.0,2.0,1.0,1.0,1.0,1.0,1.0,1.0,680.0,52.0,680.0,52.0,0,0,False,0,1,68.0,45.0,0.0,31.8,True,True,False,False,True,9,2,True,96.0,96.0,96,SPOKED,SPOKED,0,0,0.0,0.0,280.0,760.0,36.5,400.0,1.0
404.0,70.0,600.0,72.5,180.0,45.0,560.0,73.0,610.0,50.0,40.0,28.6,36.5,23.35,23.35,13.0,15.0,STEEL,32.0,36.0,46.0,0.0,0.0,0.0,0.0,False,False,130.0,2.0,1.0,1.0,1.0,1.0,1.0,1.0,680.0,52.0,680.0,52.0,0,1,False,0,1,68.0,50.0,0.0,31.8,True,True,False,False,True,8,2,True,128.0,128.0,128,TRISPOKE,SPOKED,1,0,50.0,0.0,280.0,760.0,36.5,400.0,1.0
408.0,68.0,620.0,73.0,170.0,50.0,570.0,74.0,620.0,52.0,40.0,28.6,36.5,23.35,23.35,13.0,15.0,STEEL,32.0,37.0,46.0,330.0,350.0,16.0,18.0,True,True,130.0,2.0,1.2,1.0,1.1,0.9,1.0,1.0,680.0,52.0,680.0,52.0,0,2,False,0,1,68.0,45.0,0.0,31.8,True,True,False,False,True,9,2,True,47.0,79.0,79,SPOKED,SPOKED,0,0,0.0,0.0,280.0,760.0,36.5,400.0,1.0
412.0,72.0,630.0,74.5,180.0,45.0,580.0,73.5,630.0,55.0,40.0,28.6,36.5,23.35,23.35,13.0,15.0,STEEL,34.0,38.0,48.0,0.0,0.0,0.0,0.0,False,False,130.0,2.0,1.0,1.0,1.0,1.0,1.0,1.0,680.0,52.0,680.0,52.0,0,0,False,0,1,68.0,45.0,0.0,31.8,True,True,True,False,True,9,2,True,112.0,128.0,144,SPOKED,SPOKED,0,0,0.0,0.0,280.0,760.0,36.5,400.0,1.0
416.0,75.0,590.0,72.0,160.0,50.0,550.0,74.0,600.0,50.0,40.0,28.6,36.5,23.35,23.35,13.0,15.0,STEEL,30.0,35.0,45.0,0.0,0.0,0.0,0.0,False,False,130.0,2.0,1.0,1.0,1.0,1.0,1.0,1.0,680.0,52.0,680.0,52.0,0,2,False,0,1,68.0,45.0,0.0,31.8,True,True,False,True,True,9,2,True,105.0,105.0,105,SPOKED,SPOKED,0,0,0.0,0.0,280.0,760.0,36.5,400.0,1.0
420.0,68.0,620.0,73.5,170.0,45.0,560.0,73.0,620.0,48.0,40.0,28.6,36.5,23.35,23.35,13.0,15.0,STEEL,32.0,36.0,46.0,0.0,0.0,0.0,0.0,False,False,130.0,2.0,1.0,1.0,1.0,1.0,1.0,1.0,680.0,52.0,680.0,52.0,2,2,False,0,1,68.0,45.0,0.0,31.8,True,True,False,False,True,9,2,True,112.0,128.0,144,SPOKED,SPOKED,0,0,0.0,0.0,280.0,760.0,36.5,400.0,1.0
430.0,68.0,610.0,73.0,180.0,40.0,550.0,73.5,650.0,45.0,45.0,28.6,36.5,23.35,23.35,13.0,15.0,STEEL,32.0,50.0,42.0,0.0,0.0,0.0,0.0,False,False,130.0,2.0,2.0,2.5,2.5,2.0,2.0,2.5,674.0,52.0,674.0,52.0,0,1,False,0,1,68.0,45.0,0.0,31.8,True,True,False,False,True,8,2,True,112.0,128.0,144,SPOKED,SPOKED,0,0,0.0,0.0,280.0,760.0,36.5,300.0,1.0
440.0,66.0,605.0,74.0,170.0,42.0,545.0,73.0,655.0,46.0,47.0,29.0,37.0,23.35,23.35,14.0,15.0,STEEL,34.0,49.0,43.0,0.0,0.0,0.0,0.0,False,False,132.0,2.1,2.1,2.4,2.4,2.0,2.0,2.4,674.0,52.0,674.0,52.0,0,1,False,0,1,68.0,45.0,0.0,31.8,True,True,False,False,True,7,2,True,112.0,128.0,144,SPOKED,SPOKED,0,0,0.0,0.0,280.0,755.0,36.5,305.0,1.0
425.0,70.0,600.0,73.5,190.0,38.0,555.0,74.0,648.0,44.0,45.0,28.6,36.5,23.35,23.35,13.0,15.0,STEEL,30.0,51.0,40.0,0.0,0.0,0.0,0.0,False,False,130.0,2.0,2.2,2.5,2.5,2.1,2.1,2.5,680.0,58.0,680.0,58.0,0,2,False,0,1,70.0,46.0,0.0,32.0,True,True,False,False,True,9,1,True,112.0,128.0,144,SPOKED,SPOKED,0,0,0.0,0.0,285.0,765.0,36.7,290.0,1.0
435.0,65.0,615.0,74.5,160.0,44.0,548.0,73.8,660.0,47.0,50.0,27.0,38.0,23.35,23.35,15.0,15.0,STEEL,33.0,52.0,45.0,0.0,0.0,0.0,0.0,False,False,135.0,2.2,2.2,2.6,2.4,2.0,2.2,2.6,670.0,48.0,670.0,48.0,0,1,False,0,1,68.0,45.0,0.0,31.8,True,True,False,False,True,8,2,True,112.0,128.0,144,SPOKED,SPOKED,0,0,0.0,0.0,290.0,770.0,37.0,310.0,1.0
420.0,69.0,590.0,72.5,175.0,43.0,542.0,73.0,655.0,43.0,45.0,28.0,36.0,23.35,23.35,12.0,15.0,STEEL,31.0,50.0,42.0,0.0,0.0,0.0,0.0,False,False,131.0,2.0,1.9,2.5,2.3,2.1,2.0,2.5,676.0,54.0,676.0,54.0,0,2,False,0,1,68.0,45.0,0.0,31.8,True,True,False,False,True,7,3,True,112.0,128.0,144,SPOKED,SPOKED,0,0,0.0,0.0,275.0,755.0,36.0,295.0,1.0
450.0,67.0,620.0,74.0,185.0,46.0,558.0,74.2,660.0,46.0,50.0,30.0,37.5,23.35,23.35,14.0,15.0,STEEL,35.0,48.0,44.0,0.0,0.0,0.0,0.0,False,False,133.0,2.3,2.3,2.5,2.5,2.0,2.0,2.5,672.0,50.0,672.0,50.0,0,1,False,0,1,70.0,47.0,0.0,32.0,True,True,False,False,True,8,2,True,112.0,128.0,144,SPOKED,SPOKED,0,0,0.0,0.0,285.0,780.0,37.5,320.0,1.0
440.0,70.0,600.0,73.2,165.0,41.0,552.0,73.5,652.0,45.0,45.0,28.6,36.8,23.35,23.35,13.0,15.0,STEEL,32.0,50.0,42.0,0.0,0.0,0.0,0.0,False,False,130.0,2.0,2.1,2.5,2.4,2.0,2.0,2.5,674.0,52.0,674.0,52.0,0,2,False,0,1,68.0,45.0,0.0,31.8,True,True,False,False,True,9,2,True,112.0,128.0,144,SPOKED,SPOKED,0,0,0.0,0.0,282.0,762.0,36.8,300.0,1.0
425.0,68.0,610.0,74.8,178.0,45.0,550.0,74.0,658.0,46.0,48.0,29.5,36.5,23.35,23.35,14.0,15.0,STEEL,34.0,51.0,43.0,0.0,0.0,0.0,0.0,False,False,132.0,2.1,2.2,2.6,2.4,2.0,2.1,2.6,676.0,54.0,676.0,54.0,0,1,False,0,1,68.0,45.0,0.0,31.8,True,True,False,False,True,8,1,True,112.0,128.0,144,SPOKED,SPOKED,0,0,0.0,0.0,278.0,770.0,36.5,300.0,1.0
430.0,66.0,595.0,72.8,172.0,42.0,555.0,73.2,645.0,44.0,45.0,28.2,36.5,23.35,23.35,12.0,15.0,STEEL,31.0,49.0,41.0,0.0,0.0,0.0,0.0,False,False,131.0,2.0,2.0,2.5,2.3,2.0,2.0,2.5,672.0,50.0,672.0,50.0,0,1,False,0,1,68.0,45.0,0.0,31.8,True,True,False,False,True,7,2,True,112.0,128.0,144,SPOKED,SPOKED,0,0,0.0,0.0,280.0,750.0,36.5,290.0,1.0
445.0,71.0,605.0,73.9,182.0,43.0,560.0,74.1,655.0,45.0,50.0,29.0,37.0,23.35,23.35,14.0,15.0,STEEL,33.0,52.0,44.0,0.0,0.0,0.0,0.0,False,False,134.0,2.2,2.2,2.5,2.5,2.0,2.0,2.5,674.0,52.0,674.0,52.0,0,2,False,0,1,68.0,46.0,0.0,32.0,True,True,False,False,True,8,2,True,112.0,128.0,144,SPOKED,SPOKED,0,0,0.0,0.0,285.0,768.0,37.0,315.0,1.0
420.0,65.0,610.0,73.0,180.0,50.0,560.0,73.0,655.0,50.0,45.0,40.0,36.5,28.6,36.5,15.0,9.0,STEEL,35.0,50.0,45.0,330.0,350.0,16.0,18.0,False,False,135.0,2.0,0.9,1.1,0.9,1.2,1.0,0.9,622.0,45.0,622.0,45.0,0,1,False,0,1,70.0,45.0,0.0,28.6,True,True,True,True,True,8,1,True,112.0,128.0,144,SPOKED,SPOKED,0,0,80.0,80.0,280.0,750.0,34.9,300.0,1.0
430.0,60.0,605.0,74.0,170.0,48.0,550.0,74.0,660.0,50.0,45.0,42.0,36.5,29.0,36.0,15.0,9.0,STEEL,34.0,52.0,42.0,330.0,350.0,16.0,18.0,False,False,130.0,2.0,0.9,1.2,0.9,1.2,1.0,0.9,622.0,45.0,622.0,45.0,0,1,False,0,1,70.0,50.0,0.0,28.6,True,True,False,True,True,9,1,True,120.0,130.0,140,SPOKED,SPOKED,0,0,80.0,80.0,285.0,745.0,34.9,300.0,1.0
415.0,63.0,600.0,72.5,190.0,47.0,565.0,73.5,650.0,50.0,45.0,40.0,36.5,28.6,36.5,15.0,9.0,STEEL,36.0,50.0,40.0,330.0,350.0,16.0,18.0,False,False,135.0,2.0,0.9,1.1,0.9,1.2,1.0,0.9,622.0,45.0,622.0,45.0,0,1,False,0,1,70.0,45.0,0.0,28.6,True,True,True,True,True,7,1,True,100.0,110.0,120,SPOKED,SPOKED,0,0,80.0,80.0,290.0,755.0,34.9,300.0,1.0
440.0,58.0,620.0,73.5,160.0,52.0,540.0,74.0,665.0,50.0,45.0,42.0,36.5,29.0,36.0,15.0,9.0,STEEL,32.0,48.0,48.0,330.0,350.0,16.0,18.0,False,False,140.0,2.0,0.9,1.1,0.9,1.2,1.0,0.9,622.0,45.0,622.0,45.0,0,1,False,0,1,70.0,46.0,0.0,28.6,True,True,True,True,True,10,2,True,90.0,100.0,110,SPOKED,SPOKED,0,0,80.0,80.0,270.0,740.0,34.9,300.0,1.0
425.0,62.0,595.0,72.0,200.0,50.0,575.0,73.0,645.0,50.0,45.0,40.0,36.5,28.6,36.5,15.0,9.0,STEEL,40.0,55.0,44.0,330.0,350.0,16.0,18.0,False,False,135.0,2.0,0.9,1.1,0.9,1.2,1.0,0.9,622.0,45.0,622.0,45.0,0,1,False,0,1,70.0,44.0,0.0,28.6,True,True,True,True,True,8,1,True,110.0,120.0,130,SPOKED,SPOKED,0,0,80.0,80.0,275.0,730.0,34.9,300.0,1.0
438.0,60.0,615.0,74.0,155.0,53.0,545.0,74.0,660.0,50.0,45.0,40.0,36.5,28.6,36.5,15.0,9.0,STEEL,31.0,49.0,41.0,330.0,350.0,16.0,18.0,False,False,138.0,2.0,0.9,1.1,0.9,1.2,1.0,0.9,622.0,45.0,622.0,45.0,0,1,False,0,1,70.0,45.0,0.0,28.6,True,True,True,True,True,9,2,True,115.0,125.0,135,SPOKED,SPOKED,0,0,80.0,80.0,285.0,765.0,34.9,300.0,1.0
420.0,64.0,605.0,73.0,165.0,49.0,555.0,73.0,658.0,50.0,45.0,40.0,36.5,28.6,36.5,15.0,9.0,STEEL,36.0,53.0,46.0,330.0,350.0,16.0,18.0,False,False,133.0,2.0,0.9,1.1,0.9,1.2,1.0,0.9,622.0,45.0,622.0,45.0,0,1,False,0,1,70.0,45.0,0.0,28.6,True,True,False,True,True,8,1,True,102.0,112.0,122,SPOKED,SPOKED,0,0,80.0,80.0,280.0,740.0,34.9,300.0,1.0
435.0,61.0,608.0,72.5,175.0,51.0,565.0,73.5,652.0,50.0,45.0,40.0,36.5,28.6,36.5,15.0,9.0,STEEL,34.5,51.5,43.5,330.0,350.0,16.0,18.0,False,False,136.0,2.0,0.9,1.1,0.9,1.2,1.0,0.9,622.0,45.0,622.0,45.0,0,1,False,0,1,70.0,46.0,0.0,28.6,True,True,True,True,True,9,1,True,108.0,118.0,128,SPOKED,SPOKED,0,0,80.0,80.0,278.0,748.0,34.9,300.0,1.0
422.0,59.0,612.0,73.5,185.0,52.5,552.0,74.0,657.0,50.0,45.0,40.0,36.5,28.6,36.5,15.0,9.0,STEEL,33.0,49.0,47.0,330.0,350.0,16.0,18.0,False,False,132.0,2.0,0.9,1.1,0.9,1.2,1.0,0.9,622.0,45.0,622.0,45.0,0,1,False,0,1,70.0,47.0,0.0,28.6,True,True,True,True,True,10,2,True,95.0,105.0,115,SPOKED,SPOKED,0,0,80.0,80.0,282.0,760.0,34.9,300.0,1.0
445.0,57.0,618.0,72.0,178.0,49.5,558.0,72.5,662.0,50.0,45.0,40.0,36.5,28.6,36.5,15.0,9.0,STEEL,35.5,50.5,42.5,330.0,350.0,16.0,18.0,False,False,139.0,2.0,0.9,1.1,0.9,1.2,1.0,0.9,622.0,45.0,622.0,45.0,0,1,False,0,1,70.0,45.0,0.0,28.6,True,True,True,True,True,9,1,True,100.0,110.0,130,SPOKED,SPOKED,0,0,80.0,80.0,288.0,770.0,34.9,300.0,1.0
428.0,70.0,590.0,72.0,140.0,40.0,550.0,72.5,640.0,48.0,40.0,28.6,36.5,23.35,23.35,13.0,15.0,STEEL,30.0,50.0,40.0,0.0,0.0,0.0,0.0,False,False,130.0,2.0,0.9,1.1,0.9,1.2,1.0,0.9,674.0,52.0,674.0,52.0,0,1,False,0,1,68.0,45.0,0.0,31.8,True,True,False,False,True,8,1,True,112.0,128.0,144,SPOKED,SPOKED,0,0,0.0,0.0,300.0,700.0,34.9,350.0,1.0
430.0,75.0,595.0,72.5,145.0,42.0,555.0,73.0,645.0,49.0,40.0,28.6,36.5,23.35,23.35,13.0,15.0,STEEL,30.0,50.0,40.0,0.0,0.0,0.0,0.0,False,False,130.0,2.0,0.9,1.1,0.9,1.2,1.0,0.9,674.0,52.0,674.0,52.0,0,2,False,0,1,68.0,45.0,0.0,31.8,True,True,False,False,True,8,1,True,112.0,128.0,144,SPOKED,SPOKED,0,0,0.0,0.0,300.0,700.0,34.9,350.0,1.0
432.0,80.0,600.0,73.0,150.0,45.0,560.0,73.5,650.0,50.0,40.0,28.6,36.5,23.35,23.35,13.0,15.0,STEEL,30.0,50.0,40.0,0.0,0.0,0.0,0.0,False,False,130.0,2.0,0.9,1.1,0.9,1.2,1.0,0.9,674.0,52.0,674.0,52.0,0,0,False,0,1,68.0,45.0,0.0,31.8,True,True,False,False,True,8,1,True,112.0,128.0,144,SPOKED,SPOKED,0,0,0.0,0.0,300.0,700.0,34.9,350.0,1.0
434.0,85.0,605.0,73.5,155.0,47.0,565.0,74.0,655.0,51.0,40.0,28.6,36.5,23.35,23.35,13.0,15.0,STEEL,30.0,50.0,40.0,0.0,0.0,0.0,0.0,False,False,130.0,2.0,0.9,1.1,0.9,1.2,1.0,0.9,674.0,52.0,674.0,52.0,0,1,False,0,1,68.0,45.0,0.0,31.8,True,True,False,False,True,8,1,True,112.0,128.0,144,SPOKED,SPOKED,0,0,0.0,0.0,300.0,700.0,34.9,350.0,1.0
436.0,90.0,610.0,74.0,160.0,50.0,570.0,74.5,660.0,52.0,40.0,28.6,36.5,23.35,23.35,13.0,15.0,STEEL,30.0,50.0,40.0,0.0,0.0,0.0,0.0,False,False,130.0,2.0,0.9,1.1,0.9,1.2,1.0,0.9,674.0,52.0,674.0,52.0,0,2,False,0,1,68.0,45.0,0.0,31.8,True,True,False,False,True,8,1,True,112.0,128.0,144,SPOKED,SPOKED,0,0,0.0,0.0,300.0,700.0,34.9,350.0,1.0
438.0,65.0,585.0,72.2,135.0,38.0,545.0,72.0,635.0,47.0,40.0,28.6,36.5,23.35,23.35,13.0,15.0,STEEL,30.0,50.0,40.0,0.0,0.0,0.0,0.0,False,False,130.0,2.0,0.9,1.1,0.9,1.2,1.0,0.9,674.0,52.0,674.0,52.0,0,0,False,0,1,68.0,45.0,0.0,31.8,True,True,False,False,True,8,1,True,112.0,128.0,144,SPOKED,SPOKED,0,0,0.0,0.0,300.0,700.0,34.9,350.0,1.0
440.0,78.0,615.0,73.2,165.0,52.0,575.0,72.8,665.0,53.0,40.0,28.6,36.5,23.35,23.35,13.0,15.0,STEEL,30.0,50.0,40.0,0.0,0.0,0.0,0.0,False,False,130.0,2.0,0.9,1.1,0.9,1.2,1.0,0.9,674.0,52.0,674.0,52.0,0,1,False,0,1,68.0,45.0,0.0,31.8,True,True,False,False,True,8,1,True,112.0,128.0,144,SPOKED,SPOKED,0,0,0.0,0.0,300.0,700.0,34.9,350.0,1.0
442.0,82.0,620.0,73.8,170.0,55.0,580.0,73.8,670.0,54.0,40.0,28.6,36.5,23.35,23.35,13.0,15.0,STEEL,30.0,50.0,40.0,0.0,0.0,0.0,0.0,False,False,130.0,2.0,0.9,1.1,0.9,1.2,1.0,0.9,674.0,52.0,674.0,52.0,0,2,False,0,1,68.0,45.0,0.0,31.8,True,True,False,False,True,8,1,True,112.0,128.0,144,SPOKED,SPOKED,0,0,0.0,0.0,300.0,700.0,34.9,350.0,1.0
444.0,88.0,625.0,74.2,175.0,58.0,585.0,74.2,675.0,46.0,40.0,28.6,36.5,23.35,23.35,13.0,15.0,STEEL,30.0,50.0,40.0,0.0,0.0,0.0,0.0,False,False,130.0,2.0,0.9,1.1,0.9,1.2,1.0,0.9,674.0,52.0,674.0,52.0,0,0,False,0,1,68.0,45.0,0.0,31.8,True,True,False,False,True,8,1,True,112.0,128.0,144,SPOKED,SPOKED,0,0,0.0,0.0,300.0,700.0,34.9,350.0,1.0
446.0,73.0,630.0,72.8,130.0,60.0,590.0,72.2,630.0,45.0,40.0,28.6,36.5,23.35,23.35,13.0,15.0,STEEL,30.0,50.0,40.0,0.0,0.0,0.0,0.0,False,False,130.0,2.0,0.9,1.1,0.9,1.2,1.0,0.9,674.0,52.0,674.0,52.0,0,1,False,0,1,68.0,45.0,0.0,31.8,True,True,False,False,True,8,1,True,112.0,128.0,144,SPOKED,SPOKED,0,0,0.0,0.0,300.0,700.0,34.9,350.0,1.0
420.0,70.0,590.0,72.0,140.0,45.0,560.0,72.0,650.0,45.0,40.0,28.6,36.5,23.35,23.35,13.0,15.0,STEEL,33.0,38.0,43.0,330.0,350.0,16.0,18.0,False,False,130.0,2.0,0.9,1.1,0.9,1.0,0.9,0.9,680.0,55.0,680.0,55.0,0,0,False,0,1,68.0,45.0,0.0,31.8,True,True,False,False,True,9,2,True,112.0,128.0,144,SPOKED,SPOKED,0,0,0.0,0.0,280.0,760.0,34.9,300.0,1.0
425.0,68.0,595.0,72.5,145.0,47.0,565.0,72.5,655.0,47.0,40.0,29.0,37.0,24.0,24.0,13.5,15.5,STEEL,34.0,39.0,44.0,330.0,350.0,16.0,18.0,False,False,130.0,2.0,0.9,1.1,0.9,1.0,0.9,0.9,680.0,55.0,680.0,55.0,0,0,False,0,1,68.0,45.0,0.0,31.8,True,True,False,False,True,9,2,True,112.0,128.0,144,SPOKED,SPOKED,0,0,0.0,0.0,282.0,770.0,34.9,300.0,1.0
430.0,72.0,600.0,73.0,150.0,49.0,570.0,73.0,660.0,49.0,40.0,29.4,37.5,24.65,24.65,14.0,16.0,STEEL,35.0,40.0,45.0,330.0,350.0,16.0,18.0,False,False,130.0,2.0,0.9,1.1,0.9,1.0,0.9,0.9,680.0,55.0,680.0,55.0,0,0,False,0,1,68.0,45.0,0.0,31.8,True,True,False,False,True,9,2,True,112.0,128.0,144,SPOKED,SPOKED,0,0,0.0,0.0,284.0,780.0,34.9,300.0,1.0
435.0,74.0,605.0,73.5,155.0,51.0,575.0,73.5,665.0,51.0,40.0,29.8,38.0,25.3,25.3,14.5,16.5,STEEL,36.0,41.0,46.0,330.0,350.0,16.0,18.0,False,False,130.0,2.0,0.9,1.1,0.9,1.0,0.9,0.9,680.0,55.0,680.0,55.0,0,0,False,0,1,68.0,45.0,0.0,31.8,True,True,False,False,True,9,2,True,112.0,128.0,144,SPOKED,SPOKED,0,0,0.0,0.0,286.0,790.0,34.9,300.0,1.0
440.0,66.0,610.0,74.0,160.0,53.0,580.0,74.0,670.0,53.0,40.0,30.2,38.5,25.95,25.95,15.0,17.0,STEEL,37.0,42.0,47.0,330.0,350.0,16.0,18.0,False,False,130.0,2.0,0.9,1.1,0.9,1.0,0.9,0.9,680.0,55.0,680.0,55.0,0,0,False,0,1,68.0,45.0,0.0,31.8,True,True,False,False,True,9,2,True,112.0,128.0,144,SPOKED,SPOKED,0,0,0.0,0.0,288.0,800.0,34.9,300.0,1.0
445.0,70.0,615.0,72.2,142.0,55.0,585.0,72.2,652.0,55.0,40.0,28.6,36.5,23.35,23.35,13.0,15.0,STEEL,33.0,38.0,43.0,330.0,350.0,16.0,18.0,False,False,130.0,2.0,0.9,1.1,0.9,1.0,0.9,0.9,680.0,55.0,680.0,55.0,0,0,False,0,1,68.0,45.0,0.0,31.8,True,True,False,False,True,9,2,True,112.0,128.0,144,SPOKED,SPOKED,0,0,0.0,0.0,290.0,810.0,34.9,300.0,1.0
450.0,68.0,620.0,72.7,147.0,57.0,590.0,72.7,657.0,57.0,40.0,29.0,37.0,24.0,24.0,13.5,15.5,STEEL,34.0,39.0,44.0,330.0,350.0,16.0,18.0,False,False,130.0,2.0,0.9,1.1,0.9,1.0,0.9,0.9,680.0,55.0,680.0,55.0,0,0,False,0,1,68.0,45.0,0.0,31.8,True,True,False,False,True,9,2,True,112.0,128.0,144,SPOKED,SPOKED,0,0,0.0,0.0,292.0,820.0,34.9,300.0,1.0
455.0,72.0,625.0,73.2,152.0,59.0,595.0,73.2,662.0,59.0,40.0,29.4,37.5,24.65,24.65,14.0,16.0,STEEL,35.0,40.0,45.0,330.0,350.0,16.0,18.0,False,False,130.0,2.0,0.9,1.1,0.9,1.0,0.9,0.9,680.0,55.0,680.0,55.0,0,0,False,0,1,68.0,45.0,0.0,31.8,True,True,False,False,True,9,2,True,112.0,128.0,144,SPOKED,SPOKED,0,0,0.0,0.0,294.0,830.0,34.9,300.0,1.0
460.0,74.0,630.0,73.7,157.0,61.0,600.0,73.7,667.0,61.0,40.0,29.8,38.0,25.3,25.3,14.5,16.5,STEEL,36.0,41.0,46.0,330.0,350.0,16.0,18.0,False,False,130.0,2.0,0.9,1.1,0.9,1.0,0.9,0.9,680.0,55.0,680.0,55.0,0,0,False,0,1,68.0,45.0,0.0,31.8,True,True,False,False,True,9,2,True,112.0,128.0,144,SPOKED,SPOKED,0,0,0.0,0.0,296.0,840.0,34.9,300.0,1.0
465.0,66.0,635.0,74.2,162.0,63.0,605.0,74.2,672.0,63.0,40.0,30.2,38.5,25.95,25.95,15.0,17.0,STEEL,37.0,42.0,47.0,330.0,350.0,16.0,18.0,False,False,130.0,2.0,0.9,1.1,0.9,1.0,0.9,0.9,680.0,55.0,680.0,55.0,0,0,False,0,1,68.0,45.0,0.0,31.8,True,True,False,False,True,9,2,True,112.0,128.0,144,SPOKED,SPOKED,0,0,0.0,0.0,298.0,850.0,34.9,300.0,1.0
420.0,70.0,580.0,72.5,160.0,50.0,550.0,73.0,660.0,45.0,40.0,28.6,36.5,23.35,23.35,13.0,15,STEEL,30.0,40.0,50.0,330.0,350.0,16.0,18,False,False,135.0,2.0,0.9,1.1,0.9,1.2,1.0,0.9,674.0,52.0,674.0,52.0,0,0,False,0,1,68.0,45.0,0.0,31.8,True,True,True,True,True,8,2,True,112.0,128.0,144,SPOKED,SPOKED,0,0,0.0,0.0,278.0,760.0,34.9,300.0,1.0
430.0,70.0,590.0,73.0,170.0,45.0,560.0,74.0,650.0,45.0,40.0,28.6,36.5,23.35,23.35,13.0,15,STEEL,32.0,42.0,52.0,330.0,350.0,16.0,18,False,False,130.0,2.0,0.9,1.1,0.9,1.2,1.0,0.9,674.0,52.0,674.0,52.0,0,1,False,0,1,68.0,45.0,0.0,31.8,True,True,True,True,True,9,2,True,112.0,128.0,144,SPOKED,SPOKED,0,0,0.0,0.0,278.0,750.0,34.9,300.0,1.0
415.0,70.0,600.0,72.0,150.0,55.0,540.0,72.0,670.0,45.0,40.0,28.6,36.5,23.35,23.35,13.0,15,STEEL,28.0,38.0,48.0,330.0,350.0,16.0,18,False,False,135.0,2.0,0.9,1.1,0.9,1.2,1.0,0.9,674.0,52.0,674.0,52.0,0,2,False,0,1,68.0,45.0,0.0,31.8,True,True,True,True,True,10,2,True,112.0,128.0,144,SPOKED,SPOKED,0,0,0.0,0.0,278.0,770.0,34.9,300.0,1.0
425.0,70.0,610.0,73.5,180.0,40.0,570.0,75.0,655.0,45.0,40.0,28.6,36.5,23.35,23.35,13.0,15,STEEL,34.0,44.0,54.0,330.0,350.0,16.0,18,False,False,130.0,2.0,0.9,1.1,0.9,1.2,1.0,0.9,674.0,52.0,674.0,52.0,0,0,False,0,1,68.0,45.0,0.0,31.8,True,True,True,True,True,8,2,True,112.0,128.0,144,SPOKED,SPOKED,0,0,0.0,0.0,278.0,740.0,34.9,300.0,1.0
435.0,70.0,620.0,74.0,140.0,60.0,580.0,73.0,680.0,45.0,40.0,28.6,36.5,23.35,23.35,13.0,15,STEEL,29.0,39.0,49.0,330.0,350.0,16.0,18,False,False,135.0,2.0,0.9,1.1,0.9,1.2,1.0,0.9,674.0,52.0,674.0,52.0,0,1,False,0,1,68.0,45.0,0.0,31.8,True,True,True,True,True,9,2,True,112.0,128.0,144,SPOKED,SPOKED,0,0,0.0,0.0,278.0,780.0,34.9,300.0,1.0
440.0,70.0,580.0,71.5,155.0,45.0,550.0,74.0,640.0,45.0,40.0,28.6,36.5,23.35,23.35,13.0,15,STEEL,31.0,41.0,51.0,330.0,350.0,16.0,18,False,False,130.0,2.0,0.9,1.1,0.9,1.2,1.0,0.9,674.0,52.0,674.0,52.0,0,2,False,0,1,68.0,45.0,0.0,31.8,True,True,True,True,True,10,2,True,112.0,128.0,144,SPOKED,SPOKED,0,0,0.0,0.0,278.0,730.0,34.9,300.0,1.0
450.0,70.0,595.0,72.5,165.0,50.0,560.0,72.0,660.0,45.0,40.0,28.6,36.5,23.35,23.35,13.0,15,STEEL,33.0,43.0,53.0,330.0,350.0,16.0,18,False,False,135.0,2.0,0.9,1.1,0.9,1.2,1.0,0.9,674.0,52.0,674.0,52.0,0,0,False,0,1,68.0,45.0,0.0,31.8,True,True,True,True,True,8,2,True,112.0,128.0,144,SPOKED,SPOKED,0,0,0.0,0.0,278.0,790.0,34.9,300.0,1.0
405.0,70.0,605.0,73.5,175.0,55.0,540.0,75.0,650.0,45.0,40.0,28.6,36.5,23.35,23.35,13.0,15,STEEL,27.0,37.0,47.0,330.0,350.0,16.0,18,False,False,130.0,2.0,0.9,1.1,0.9,1.2,1.0,0.9,674.0,52.0,674.0,52.0,0,1,False,0,1,68.0,45.0,0.0,31.8,True,True,True,True,True,9,2,True,112.0,128.0,144,SPOKED,SPOKED,0,0,0.0,0.0,278.0,720.0,34.9,300.0,1.0
420.0,70.0,615.0,74.0,145.0,45.0,570.0,73.0,670.0,45.0,40.0,28.6,36.5,23.35,23.35,13.0,15,STEEL,35.0,45.0,55.0,330.0,350.0,16.0,18,False,False,135.0,2.0,0.9,1.1,0.9,1.2,1.0,0.9,674.0,52.0,674.0,52.0,0,2,False,0,1,68.0,45.0,0.0,31.8,True,True,True,True,True,10,2,True,112.0,128.0,144,SPOKED,SPOKED,0,0,0.0,0.0,278.0,800.0,34.9,300.0,1.0
430.0,70.0,625.0,71.5,185.0,50.0,580.0,74.0,655.0,45.0,40.0,28.6,36.5,23.35,23.35,13.0,15,STEEL,26.0,36.0,46.0,330.0,350.0,16.0,18,False,False,130.0,2.0,0.9,1.1,0.9,1.2,1.0,0.9,674.0,52.0,674.0,52.0,0,0,False,0,1,68.0,45.0,0.0,31.8,True,True,True,True,True,8,2,True,112.0,128.0,144,SPOKED,SPOKED,0,0,0.0,0.0,278.0,710.0,34.9,300.0,1.0
420.0,70.0,610.0,73.5,140.0,45.0,580.0,73.0,630.0,43.0,40.0,28.6,34.9,23.35,20.0,15.0,10.0,STEEL,30.0,50.0,50.0,330.0,350.0,16.0,18.0,False,False,130.0,1.1,1.1,1.2,1.1,1.0,1.0,1.2,700.0,50.0,700.0,50.0,0,1,False,0,1,68.0,45.0,0.0,31.8,True,True,False,False,True,8,2,True,112.0,128.0,144,SPOKED,SPOKED,0,0,0.0,0.0,280.0,770.0,34.9,300.0,1.0
430.0,70.0,620.0,73.0,143.0,46.0,585.0,73.2,635.0,45.0,40.0,28.6,34.9,23.35,20.2,15.5,10.1,STEEL,31.0,51.0,50.5,330.0,350.0,16.0,18.0,False,False,130.0,1.095,1.1,1.2,1.1,1.0,1.0,1.2,700.0,50.0,700.0,50.0,0,1,False,0,1,68.0,45.0,0.0,31.8,True,True,False,False,True,8,2,True,112.0,128.0,144,SPOKED,SPOKED,0,0,0.0,0.0,280.0,775.0,34.9,300.0,1.0
440.0,70.0,630.0,72.5,146.0,47.0,590.0,73.4,640.0,47.0,40.0,28.6,34.9,23.35,20.4,16.0,10.2,STEEL,32.0,52.0,51.0,330.0,350.0,16.0,18.0,False,False,130.0,1.09,1.1,1.2,1.1,1.0,1.0,1.2,700.0,50.0,700.0,50.0,0,1,False,0,1,68.0,45.0,0.0,31.8,True,True,False,False,True,8,2,True,112.0,128.0,144,SPOKED,SPOKED,0,0,0.0,0.0,280.0,780.0,34.9,300.0,1.0
450.0,70.0,640.0,73.5,149.0,48.0,595.0,73.6,645.0,43.0,40.0,28.6,34.9,23.35,20.6,16.5,10.3,STEEL,33.0,53.0,51.5,330.0,350.0,16.0,18.0,False,False,130.0,1.085,1.1,1.2,1.1,1.0,1.0,1.2,700.0,50.0,700.0,50.0,0,1,False,0,1,68.0,45.0,0.0,31.8,True,True,False,False,True,8,2,True,112.0,128.0,144,SPOKED,SPOKED,0,0,0.0,0.0,280.0,785.0,34.9,300.0,1.0
460.0,70.0,650.0,73.0,152.0,49.0,600.0,73.8,650.0,45.0,40.0,28.6,34.9,23.35,20.8,17.0,10.4,STEEL,34.0,54.0,52.0,330.0,350.0,16.0,18.0,False,False,130.0,1.08,1.1,1.2,1.1,1.0,1.0,1.2,700.0,50.0,700.0,50.0,0,1,False,0,1,68.0,45.0,0.0,31.8,True,True,False,False,True,8,2,True,112.0,128.0,144,SPOKED,SPOKED,0,0,0.0,0.0,280.0,790.0,34.9,300.0,1.0
470.0,70.0,660.0,72.5,155.0,50.0,605.0,74.0,655.0,47.0,40.0,28.6,34.9,23.35,21.0,17.5,10.5,STEEL,35.0,55.0,52.5,330.0,350.0,16.0,18.0,False,False,130.0,1.075,1.1,1.2,1.1,1.0,1.0,1.2,700.0,50.0,700.0,50.0,0,1,False,0,1,68.0,45.0,0.0,31.8,True,True,False,False,True,8,2,True,112.0,128.0,144,SPOKED,SPOKED,0,0,0.0,0.0,280.0,795.0,34.9,300.0,1.0
480.0,70.0,670.0,73.5,158.0,51.0,610.0,74.2,660.0,43.0,40.0,28.6,34.9,23.35,21.2,18.0,10.6,STEEL,36.0,56.0,53.0,330.0,350.0,16.0,18.0,False,False,130.0,1.07,1.1,1.2,1.1,1.0,1.0,1.2,700.0,50.0,700.0,50.0,0,1,False,0,1,68.0,45.0,0.0,31.8,True,True,False,False,True,8,2,True,112.0,128.0,144,SPOKED,SPOKED,0,0,0.0,0.0,280.0,800.0,34.9,300.0,1.0
490.0,70.0,680.0,73.0,161.0,52.0,615.0,74.4,665.0,45.0,40.0,28.6,34.9,23.35,21.4,18.5,10.7,STEEL,37.0,57.0,53.5,330.0,350.0,16.0,18.0,False,False,130.0,1.065,1.1,1.2,1.1,1.0,1.0,1.2,700.0,50.0,700.0,50.0,0,1,False,0,1,68.0,45.0,0.0,31.8,True,True,False,False,True,8,2,True,112.0,128.0,144,SPOKED,SPOKED,0,0,0.0,0.0,280.0,805.0,34.9,300.0,1.0
500.0,70.0,690.0,72.5,164.0,53.0,620.0,74.6,670.0,47.0,40.0,28.6,34.9,23.35,21.6,19.0,10.8,STEEL,38.0,58.0,54.0,330.0,350.0,16.0,18.0,False,False,130.0,1.06,1.1,1.2,1.1,1.0,1.0,1.2,700.0,50.0,700.0,50.0,0,1,False,0,1,68.0,45.0,0.0,31.8,True,True,False,False,True,8,2,True,112.0,128.0,144,SPOKED,SPOKED,0,0,0.0,0.0,280.0,810.0,34.9,300.0,1.0
510.0,70.0,700.0,73.5,167.0,54.0,625.0,74.8,675.0,43.0,40.0,28.6,34.9,23.35,21.8,19.5,10.9,STEEL,39.0,59.0,54.5,330.0,350.0,16.0,18.0,False,False,130.0,1.055,1.1,1.2,1.1,1.0,1.0,1.2,700.0,50.0,700.0,50.0,0,1,False,0,1,68.0,45.0,0.0,31.8,True,True,False,False,True,8,2,True,112.0,128.0,144,SPOKED,SPOKED,0,0,0.0,0.0,280.0,815.0,34.9,300.0,1.0
420.0,70.0,600.0,72.0,150.0,45.0,550.0,73.0,620.0,50.0,40.0,28.6,36.5,23.35,23.35,13.0,15.0,STEEL,30.0,50.0,45.0,330.0,350.0,16.0,18.0,False,False,135.0,1.0,1.0,1.0,1.0,1.0,1.0,1.0,674.0,52.0,674.0,52.0,0,0,False,0,1,68.0,45.0,0.0,31.8,True,True,False,False,True,8,2,True,112.0,128.0,144,SPOKED,SPOKED,0,0,0.0,0.0,280.0,300.0,36.5,300.0,1.0
425.0,70.0,610.0,72.5,155.0,45.0,555.0,73.5,625.0,52.0,40.0,28.6,36.5,23.35,23.35,13.0,15.0,STEEL,32.0,52.0,47.0,330.0,350.0,16.0,18.0,False,False,140.0,1.0,1.0,1.0,1.0,1.0,1.0,1.0,674.0,52.0,674.0,52.0,0,1,False,0,1,68.0,45.0,0.0,31.8,True,True,True,False,True,7,2,True,112.0,128.0,144,SPOKED,SPOKED,0,0,0.0,0.0,282.0,305.0,36.5,320.0,1.0
430.0,70.0,620.0,73.0,160.0,45.0,560.0,74.0,630.0,54.0,40.0,28.6,36.5,23.35,23.35,13.0,15.0,STEEL,34.0,54.0,49.0,330.0,350.0,16.0,18.0,False,False,135.0,1.0,1.0,1.0,1.0,1.0,1.0,1.0,674.0,52.0,674.0,52.0,0,2,False,0,1,68.0,45.0,0.0,31.8,True,True,False,True,True,8,2,True,112.0,128.0,144,SPOKED,SPOKED,0,0,0.0,0.0,284.0,310.0,36.5,310.0,1.0
415.0,70.0,590.0,71.0,145.0,45.0,545.0,72.0,615.0,48.0,40.0,28.6,36.5,23.35,23.35,13.0,15.0,STEEL,28.0,48.0,43.0,330.0,350.0,16.0,18.0,False,False,130.0,1.0,1.0,1.0,1.0,1.0,1.0,1.0,674.0,52.0,674.0,52.0,0,0,False,0,2,68.0,45.0,0.0,31.8,True,True,False,False,True,9,2,True,112.0,128.0,144,SPOKED,SPOKED,0,0,0.0,0.0,286.0,295.0,36.5,305.0,1.0
435.0,70.0,630.0,74.0,165.0,45.0,565.0,75.0,635.0,56.0,40.0,28.6,36.5,23.35,23.35,13.0,15.0,STEEL,36.0,56.0,51.0,330.0,350.0,16.0,18.0,False,False,135.0,1.0,1.0,1.0,1.0,1.0,1.0,1.0,674.0,52.0,674.0,52.0,0,1,False,0,1,68.0,45.0,0.0,31.8,True,True,True,True,True,7,3,True,112.0,128.0,144,SPOKED,SPOKED,0,0,0.0,0.0,288.0,320.0,36.5,330.0,1.0
422.0,70.0,605.0,72.2,152.0,45.0,552.0,73.2,622.0,51.0,40.0,28.6,36.5,23.35,23.35,13.0,15.0,STEEL,31.0,51.0,46.0,330.0,350.0,16.0,18.0,False,False,138.0,1.0,1.0,1.0,1.0,1.0,1.0,1.0,674.0,52.0,674.0,52.0,0,2,False,0,1,68.0,45.0,0.0,31.8,True,True,False,False,True,8,2,True,112.0,128.0,144,SPOKED,SPOKED,0,0,0.0,0.0,290.0,315.0,36.5,310.0,1.0
438.0,70.0,625.0,73.8,162.0,45.0,567.0,74.8,632.0,58.0,40.0,28.6,36.5,23.35,23.35,13.0,15.0,STEEL,35.0,55.0,50.0,330.0,350.0,16.0,18.0,False,False,134.0,1.0,1.0,1.0,1.0,1.0,1.0,1.0,674.0,52.0,674.0,52.0,0,0,False,0,1,68.0,45.0,0.0,31.8,True,True,True,False,True,9,2,True,112.0,128.0,144,SPOKED,SPOKED,0,0,0.0,0.0,292.0,325.0,36.5,340.0,1.0
418.0,70.0,595.0,71.5,148.0,45.0,550.0,72.5,618.0,49.0,40.0,28.6,36.5,23.35,23.35,13.0,15.0,STEEL,29.0,49.0,44.0,330.0,350.0,16.0,18.0,False,False,137.0,1.0,1.0,1.0,1.0,1.0,1.0,1.0,674.0,52.0,674.0,52.0,0,1,False,0,1,68.0,45.0,0.0,31.8,True,True,False,True,True,8,2,True,112.0,128.0,144,SPOKED,SPOKED,0,0,0.0,0.0,294.0,310.0,36.5,320.0,1.0
432.0,70.0,615.0,72.8,158.0,45.0,560.0,74.0,628.0,53.0,40.0,28.6,36.5,23.35,23.35,13.0,15.0,STEEL,33.0,53.0,48.0,330.0,350.0,16.0,18.0,False,False,136.0,1.0,1.0,1.0,1.0,1.0,1.0,1.0,674.0,52.0,674.0,52.0,0,2,False,0,1,68.0,45.0,0.0,31.8,True,True,False,False,True,7,2,True,112.0,128.0,144,SPOKED,SPOKED,0,0,0.0,0.0,296.0,315.0,36.5,325.0,1.0
440.0,70.0,635.0,73.3,168.0,45.0,570.0,74.5,638.0,57.0,40.0,28.6,36.5,23.35,23.35,13.0,15.0,STEEL,37.0,57.0,52.0,330.0,350.0,16.0,18.0,False,False,132.0,1.0,1.0,1.0,1.0,1.0,1.0,1.0,674.0,52.0,674.0,52.0,0,0,False,0,1,68.0,45.0,0.0,31.8,True,True,False,False,True,8,2,True,112.0,128.0,144,SPOKED,SPOKED,0,0,0.0,0.0,298.0,330.0,36.5,350.0,1.0
415.0,63.0,610.0,72.0,150.0,45.0,590.0,73.0,655.0,48.0,38.0,28.6,36.5,23.35,23.35,13.0,15.0,STEEL,30.0,50.0,45.0,330.0,330.0,16.0,18.0,False,False,135.0,2.0,0.9,1.1,0.9,1.2,1.0,0.9,680.0,52.0,680.0,52.0,0,1,False,0,1,68.0,45.0,0.0,31.8,True,True,True,True,True,9,2,True,112.0,128.0,144,SPOKED,SPOKED,0,0,0.0,0.0,280.0,720.0,34.9,700.0,1.0
420.0,64.0,620.0,72.5,155.0,45.0,595.0,73.5,660.0,49.0,39.0,28.6,36.5,23.35,23.35,13.0,15.0,STEEL,32.0,52.0,46.0,332.0,332.0,16.0,18.0,False,False,135.0,2.0,0.9,1.1,0.9,1.2,1.0,0.9,680.0,52.0,680.0,52.0,0,1,False,0,1,68.0,45.0,0.0,31.8,True,True,True,True,True,10,2,True,112.0,128.0,144,SPOKED,SPOKED,0,0,0.0,0.0,280.0,725.0,34.9,710.0,1.0
425.0,65.0,630.0,73.0,160.0,45.0,600.0,74.0,665.0,50.0,40.0,28.6,36.5,23.35,23.35,13.0,15.0,STEEL,34.0,54.0,47.0,334.0,334.0,16.0,18.0,False,False,135.0,2.0,0.9,1.1,0.9,1.2,1.0,0.9,680.0,52.0,680.0,52.0,0,1,False,0,1,68.0,45.0,0.0,31.8,True,True,True,True,True,9,1,True,112.0,128.0,144,SPOKED,SPOKED,0,0,0.0,0.0,280.0,730.0,34.9,720.0,1.0
430.0,66.0,640.0,72.0,165.0,45.0,605.0,73.0,660.0,51.0,41.0,28.6,36.5,23.35,23.35,13.0,15.0,STEEL,30.0,50.0,45.0,336.0,336.0,16.0,18.0,False,False,135.0,2.0,0.9,1.1,0.9,1.2,1.0,0.9,680.0,52.0,680.0,52.0,0,1,False,0,1,68.0,45.0,0.0,31.8,True,True,True,True,True,11,2,True,112.0,128.0,144,SPOKED,SPOKED,0,0,0.0,0.0,280.0,735.0,34.9,730.0,1.0
435.0,67.0,650.0,73.5,170.0,45.0,610.0,73.5,670.0,52.0,42.0,28.6,36.5,23.35,23.35,13.0,15.0,STEEL,32.0,52.0,46.0,338.0,338.0,16.0,18.0,False,False,135.0,2.0,0.9,1.1,0.9,1.2,1.0,0.9,680.0,52.0,680.0,52.0,0,1,False,0,1,68.0,45.0,0.0,31.8,True,True,True,True,True,10,1,True,112.0,128.0,144,SPOKED,SPOKED,0,0,0.0,0.0,280.0,740.0,34.9,740.0,1.0
440.0,68.0,660.0,72.5,175.0,45.0,615.0,74.0,665.0,50.0,40.0,28.6,36.5,23.35,23.35,13.0,15.0,STEEL,34.0,54.0,47.0,340.0,340.0,16.0,18.0,False,False,135.0,2.0,0.9,1.1,0.9,1.2,1.0,0.9,680.0,52.0,680.0,52.0,0,1,False,0,1,68.0,45.0,0.0,31.8,True,True,True,True,True,9,2,True,112.0,128.0,144,SPOKED,SPOKED,0,0,0.0,0.0,280.0,745.0,34.9,750.0,1.0
445.0,69.0,670.0,73.0,180.0,45.0,620.0,73.0,660.0,49.0,38.0,28.6,36.5,23.35,23.35,13.0,15.0,STEEL,30.0,50.0,45.0,342.0,342.0,16.0,18.0,False,False,135.0,2.0,0.9,1.1,0.9,1.2,1.0,0.9,680.0,52.0,680.0,52.0,0,1,False,0,1,68.0,45.0,0.0,31.8,True,True,True,True,True,8,2,True,112.0,128.0,144,SPOKED,SPOKED,0,0,0.0,0.0,280.0,750.0,34.9,760.0,1.0
420.0,64.0,615.0,73.2,158.0,45.0,598.0,73.7,663.0,51.0,39.0,28.6,36.5,23.35,23.35,13.0,15.0,STEEL,31.0,51.0,46.0,334.0,334.0,16.0,18.0,False,False,135.0,2.0,0.9,1.1,0.9,1.2,1.0,0.9,680.0,52.0,680.0,52.0,0,1,False,0,1,68.0,45.0,0.0,31.8,True,True,True,True,True,10,2,True,112.0,128.0,144,SPOKED,SPOKED,0,0,0.0,0.0,280.0,728.0,34.9,715.0,1.0
430.0,66.0,630.0,72.8,162.0,45.0,605.0,73.3,667.0,50.0,40.0,28.6,36.5,23.35,23.35,13.0,15.0,STEEL,33.0,53.0,47.0,336.0,336.0,16.0,18.0,False,False,135.0,2.0,0.9,1.1,0.9,1.2,1.0,0.9,680.0,52.0,680.0,52.0,0,1,False,0,1,68.0,45.0,0.0,31.8,True,True,True,True,True,9,2,True,112.0,128.0,144,SPOKED,SPOKED,0,0,0.0,0.0,280.0,738.0,34.9,735.0,1.0
435.0,67.0,645.0,73.4,168.0,45.0,612.0,73.6,668.0,52.0,41.0,28.6,36.5,23.35,23.35,13.0,15.0,STEEL,32.0,52.0,46.0,339.0,339.0,16.0,18.0,False,False,135.0,2.0,0.9,1.1,0.9,1.2,1.0,0.9,680.0,52.0,680.0,52.0,0,1,False,0,1,68.0,45.0,0.0,31.8,True,True,True,True,True,10,1,True,112.0,128.0,144,SPOKED,SPOKED,0,0,0.0,0.0,280.0,742.0,34.9,745.0,1.0
420.0,65.0,620.0,73.0,160.0,40.0,520.0,73.0,600.0,45.0,40.0,28.6,36.5,23.35,13.0,15.0,9.0,STEEL,30.0,50.0,40.0,330.0,350.0,16.0,18.0,False,False,130.0,2.0,0.9,1.1,0.9,1.2,1.0,0.9,700.0,50.0,700.0,50.0,0,0,False,0,1,68.0,45.0,0.0,31.8,True,True,False,False,True,8,2,True,112.0,128.0,144,SPOKED,SPOKED,0,0,0.0,0.0,280.0,700.0,36.5,300.0,1.0
425.0,70.0,630.0,73.5,170.0,45.0,540.0,74.0,610.0,48.0,45.0,28.6,36.5,23.35,13.0,15.0,9.0,STEEL,32.0,52.0,42.0,330.0,350.0,16.0,18.0,False,False,135.0,2.0,0.9,1.1,0.9,1.2,1.0,0.9,700.0,50.0,700.0,50.0,0,0,False,0,1,68.0,45.0,0.0,31.8,True,True,False,False,True,8,2,True,112.0,128.0,144,SPOKED,SPOKED,0,0,0.0,0.0,280.0,700.0,36.5,300.0,1.0
430.0,75.0,640.0,74.0,180.0,50.0,560.0,75.0,620.0,50.0,50.0,28.6,36.5,23.35,13.0,15.0,9.0,STEEL,34.0,54.0,44.0,330.0,350.0,16.0,18.0,False,False,140.0,2.0,0.9,1.1,0.9,1.2,1.0,0.9,700.0,50.0,700.0,50.0,0,0,False,0,1,68.0,45.0,0.0,31.8,True,True,False,False,True,8,2,True,112.0,128.0,144,SPOKED,SPOKED,0,0,0.0,0.0,280.0,700.0,36.5,300.0,1.0
435.0,80.0,650.0,72.5,190.0,55.0,580.0,72.0,630.0,52.0,55.0,28.6,36.5,23.35,13.0,15.0,9.0,STEEL,36.0,56.0,46.0,330.0,350.0,16.0,18.0,False,False,145.0,2.0,0.9,1.1,0.9,1.2,1.0,0.9,700.0,50.0,700.0,50.0,0,0,False,0,1,68.0,45.0,0.0,31.8,True,True,False,False,True,8,2,True,112.0,128.0,144,SPOKED,SPOKED,0,0,0.0,0.0,280.0,700.0,36.5,300.0,1.0
440.0,68.0,610.0,73.2,200.0,60.0,500.0,73.5,640.0,55.0,60.0,28.6,36.5,23.35,13.0,15.0,9.0,STEEL,38.0,58.0,48.0,330.0,350.0,16.0,18.0,False,False,150.0,2.0,0.9,1.1,0.9,1.2,1.0,0.9,700.0,50.0,700.0,50.0,0,0,False,0,1,68.0,45.0,0.0,31.8,True,True,False,False,True,8,2,True,112.0,128.0,144,SPOKED,SPOKED,0,0,0.0,0.0,280.0,700.0,36.5,300.0,1.0
445.0,72.0,600.0,73.8,155.0,42.0,530.0,74.5,650.0,60.0,42.0,28.6,36.5,23.35,13.0,15.0,9.0,STEEL,31.0,51.0,41.0,330.0,350.0,16.0,18.0,False,False,125.0,2.0,0.9,1.1,0.9,1.2,1.0,0.9,700.0,50.0,700.0,50.0,0,0,False,0,1,68.0,45.0,0.0,31.8,True,True,False,False,True,8,2,True,112.0,128.0,144,SPOKED,SPOKED,0,0,0.0,0.0,280.0,700.0,36.5,300.0,1.0
450.0,76.0,635.0,74.2,165.0,47.0,550.0,72.5,590.0,43.0,48.0,28.6,36.5,23.35,13.0,15.0,9.0,STEEL,33.0,53.0,43.0,330.0,350.0,16.0,18.0,False,False,132.0,2.0,0.9,1.1,0.9,1.2,1.0,0.9,700.0,50.0,700.0,50.0,0,0,False,0,1,68.0,45.0,0.0,31.8,True,True,False,False,True,8,2,True,112.0,128.0,144,SPOKED,SPOKED,0,0,0.0,0.0,280.0,700.0,36.5,300.0,1.0
415.0,63.0,645.0,72.8,175.0,52.0,570.0,73.2,660.0,47.0,52.0,28.6,36.5,23.35,13.0,15.0,9.0,STEEL,35.0,55.0,45.0,330.0,350.0,16.0,18.0,False,False,138.0,2.0,0.9,1.1,0.9,1.2,1.0,0.9,700.0,50.0,700.0,50.0,0,0,False,0,1,68.0,45.0,0.0,31.8,True,True,False,False,True,8,2,True,112.0,128.0,144,SPOKED,SPOKED,0,0,0.0,0.0,280.0,700.0,36.5,300.0,1.0
410.0,78.0,615.0,73.1,185.0,57.0,495.0,74.2,605.0,53.0,58.0,28.6,36.5,23.35,13.0,15.0,9.0,STEEL,37.0,57.0,47.0,330.0,350.0,16.0,18.0,False,False,142.0,2.0,0.9,1.1,0.9,1.2,1.0,0.9,700.0,50.0,700.0,50.0,0,0,False,0,1,68.0,45.0,0.0,31.8,True,True,False,False,True,8,2,True,112.0,128.0,144,SPOKED,SPOKED,0,0,0.0,0.0,280.0,700.0,36.5,300.0,1.0
405.0,66.0,625.0,73.6,195.0,62.0,515.0,74.8,645.0,57.0,44.0,28.6,36.5,23.35,13.0,15.0,9.0,STEEL,39.0,59.0,49.0,330.0,350.0,16.0,18.0,False,False,148.0,2.0,0.9,1.1,0.9,1.2,1.0,0.9,700.0,50.0,700.0,50.0,0,0,False,0,1,68.0,45.0,0.0,31.8,True,True,False,False,True,8,2,True,112.0,128.0,144,SPOKED,SPOKED,0,0,0.0,0.0,280.0,700.0,36.5,300.0,1.0
410.0,70.0,600.0,73.0,150.0,45.0,580.0,73.0,655.0,45.0,40.0,28.6,36.5,36.5,23.35,13.0,15.0,STEEL,30.0,45.0,45.0,10.0,15.0,16.0,18.0,False,True,130.0,2.0,0.9,1.1,0.9,1.0,0.9,1.1,680.0,50.0,680.0,50.0,0,2,False,0,1,68.0,45.0,0.0,31.8,True,True,False,False,True,8,2,True,112.0,128.0,144,SPOKED,SPOKED,0,0,80.0,80.0,300.0,730.0,34.9,300.0,1.0
415.0,68.0,595.0,73.5,170.0,50.0,600.0,74.0,660.0,42.0,40.0,28.6,36.5,36.5,23.35,13.0,15.0,STEEL,32.0,50.0,50.0,12.0,17.0,16.0,18.0,True,False,130.0,2.0,1.0,1.2,1.0,0.9,1.0,0.9,680.0,50.0,680.0,50.0,0,1,False,0,2,68.0,45.0,0.0,31.8,True,True,False,False,True,9,1,True,112.0,128.0,144,SPOKED,SPOKED,0,0,80.0,80.0,305.0,735.0,34.9,300.0,2.0
420.0,72.0,605.0,72.5,190.0,55.0,620.0,73.5,665.0,48.0,40.0,28.6,36.5,36.5,23.35,13.0,15.0,STEEL,34.0,55.0,55.0,14.0,19.0,16.0,18.0,False,True,130.0,2.0,0.9,1.1,0.9,1.0,0.9,1.1,680.0,50.0,680.0,50.0,0,0,False,0,1,68.0,45.0,0.0,31.8,True,True,False,False,True,7,2,True,112.0,128.0,144,SPOKED,SPOKED,0,0,80.0,80.0,310.0,740.0,34.9,300.0,1.0
425.0,66.0,590.0,73.0,160.0,45.0,590.0,74.5,650.0,44.0,40.0,28.6,36.5,36.5,23.35,13.0,15.0,STEEL,36.0,60.0,45.0,10.0,15.0,16.0,18.0,True,False,130.0,2.0,1.0,1.2,0.9,1.0,0.9,1.0,680.0,50.0,680.0,50.0,0,2,False,0,2,68.0,45.0,0.0,31.8,True,True,False,False,True,10,1,True,112.0,128.0,144,SPOKED,SPOKED,0,0,80.0,80.0,315.0,745.0,34.9,300.0,2.0
430.0,74.0,610.0,74.0,180.0,50.0,610.0,73.2,670.0,46.0,40.0,28.6,36.5,36.5,23.35,13.0,15.0,STEEL,38.0,45.0,50.0,12.0,17.0,16.0,18.0,False,True,130.0,2.0,0.9,1.1,0.9,1.0,0.9,1.1,680.0,50.0,680.0,50.0,0,1,False,0,1,68.0,45.0,0.0,31.8,True,True,False,False,True,11,2,True,112.0,128.0,144,SPOKED,SPOKED,0,0,80.0,80.0,320.0,750.0,34.9,300.0,1.0
405.0,70.0,598.0,72.0,155.0,55.0,595.0,73.8,658.0,43.0,40.0,28.6,36.5,36.5,23.35,13.0,15.0,STEEL,31.0,50.0,55.0,14.0,19.0,16.0,18.0,True,False,130.0,2.0,1.0,1.2,0.9,1.0,0.9,1.0,680.0,50.0,680.0,50.0,0,0,False,0,2,68.0,45.0,0.0,31.8,True,True,False,False,True,8,1,True,112.0,128.0,144,SPOKED,SPOKED,0,0,80.0,80.0,300.0,730.0,34.9,300.0,2.0
412.0,71.0,602.0,73.5,175.0,45.0,605.0,74.0,662.0,47.0,40.0,28.6,36.5,36.5,23.35,13.0,15.0,STEEL,33.0,55.0,45.0,10.0,15.0,16.0,18.0,False,True,130.0,2.0,0.9,1.1,0.9,1.0,0.9,1.1,680.0,50.0,680.0,50.0,0,2,False,0,1,68.0,45.0,0.0,31.8,True,True,False,False,True,9,2,True,112.0,128.0,144,SPOKED,SPOKED,0,0,80.0,80.0,305.0,735.0,34.9,300.0,1.0
417.0,69.0,592.0,72.7,165.0,50.0,585.0,73.6,652.0,41.0,40.0,28.6,36.5,36.5,23.35,13.0,15.0,STEEL,35.0,60.0,50.0,12.0,17.0,16.0,18.0,True,False,130.0,2.0,1.0,1.2,0.9,1.0,0.9,1.0,680.0,50.0,680.0,50.0,0,1,False,0,2,68.0,45.0,0.0,31.8,True,True,False,False,True,7,1,True,112.0,128.0,144,SPOKED,SPOKED,0,0,80.0,80.0,310.0,740.0,34.9,300.0,2.0
422.0,67.0,608.0,73.2,185.0,55.0,615.0,74.2,668.0,49.0,40.0,28.6,36.5,36.5,23.35,13.0,15.0,STEEL,37.0,45.0,55.0,14.0,19.0,16.0,18.0,False,True,130.0,2.0,0.9,1.1,0.9,1.0,0.9,1.1,680.0,50.0,680.0,50.0,0,0,False,0,1,68.0,45.0,0.0,31.8,True,True,False,False,True,10,2,True,112.0,128.0,144,SPOKED,SPOKED,0,0,80.0,80.0,315.0,745.0,34.9,300.0,1.0
427.0,73.0,593.0,73.8,195.0,45.0,598.0,73.4,657.0,45.0,40.0,28.6,36.5,36.5,23.35,13.0,15.0,STEEL,39.0,50.0,45.0,10.0,15.0,16.0,18.0,True,False,130.0,2.0,1.0,1.2,0.9,1.0,0.9,1.0,680.0,50.0,680.0,50.0,0,2,False,0,2,68.0,45.0,0.0,31.8,True,True,False,False,True,11,1,True,112.0,128.0,144,SPOKED,SPOKED,0,0,80.0,80.0,320.0,750.0,34.9,300.0,2.0
430.0,70.0,630.0,73.0,200.0,45.0,560.0,73.5,655.0,50.0,45.0,28.6,36.5,23.35,23.35,15.0,9.0,STEEL,35.0,50.0,50.0,0.0,0.0,0.0,0.0,False,False,130.0,2.0,1.0,1.0,1.0,1.0,1.0,1.0,700.0,50.0,700.0,50.0,0,1,False,0,1,68.0,45.0,0.0,31.8,True,True,True,True,True,8,1,True,112.0,128.0,144,SPOKED,SPOKED,0,0,0.0,0.0,300.0,725.0,36.5,350.0,1.0
450.0,75.0,620.0,72.0,190.0,47.0,570.0,73.0,650.0,48.0,45.0,28.6,36.5,23.35,23.35,15.0,9.0,STEEL,33.0,50.0,50.0,0.0,0.0,0.0,0.0,False,False,130.0,2.0,1.0,1.0,1.0,1.0,1.0,1.0,700.0,52.0,700.0,52.0,0,1,False,0,1,68.0,45.0,0.0,31.8,True,True,True,True,True,8,1,True,119.0,136.0,153,SPOKED,SPOKED,0,0,0.0,0.0,300.0,725.0,36.5,350.0,1.0
440.0,65.0,640.0,74.0,210.0,46.0,565.0,72.5,660.0,52.0,45.0,28.6,36.5,23.35,23.35,15.0,9.0,STEEL,37.0,50.0,50.0,0.0,0.0,0.0,0.0,False,False,130.0,2.0,1.0,1.0,1.0,1.0,1.0,1.0,700.0,48.0,700.0,48.0,0,1,False,0,1,68.0,45.0,0.0,31.8,True,True,True,True,True,8,1,True,70.0,70.0,70,SPOKED,SPOKED,0,0,0.0,0.0,300.0,725.0,36.5,350.0,1.0
460.0,70.0,635.0,73.5,180.0,44.0,580.0,74.0,645.0,55.0,45.0,28.6,36.5,23.35,23.35,15.0,9.0,STEEL,32.0,50.0,50.0,0.0,0.0,0.0,0.0,False,False,130.0,2.0,1.0,1.0,1.0,1.0,1.0,1.0,700.0,50.0,700.0,50.0,0,1,False,0,1,68.0,45.0,0.0,31.8,True,True,True,True,True,8,1,True,105.0,105.0,105,SPOKED,SPOKED,0,0,0.0,0.0,300.0,725.0,36.5,350.0,1.0
425.0,68.0,625.0,72.5,195.0,48.0,555.0,73.5,660.0,47.0,45.0,28.6,36.5,23.35,23.35,15.0,9.0,STEEL,34.0,50.0,50.0,0.0,0.0,0.0,0.0,False,False,130.0,2.0,1.0,1.0,1.0,1.0,1.0,1.0,700.0,54.0,700.0,54.0,0,1,False,0,1,68.0,45.0,0.0,31.8,True,True,True,True,True,8,1,True,128.0,128.0,128,SPOKED,SPOKED,0,0,0.0,0.0,300.0,725.0,36.5,350.0,1.0
475.0,72.0,645.0,73.0,215.0,45.0,575.0,73.0,655.0,50.0,45.0,28.6,36.5,23.35,23.35,15.0,9.0,STEEL,36.0,50.0,50.0,0.0,0.0,0.0,0.0,False,False,130.0,2.0,1.0,1.0,1.0,1.0,1.0,1.0,700.0,50.0,700.0,50.0,0,1,False,0,1,68.0,45.0,0.0,31.8,True,True,True,True,True,8,1,True,60.0,60.0,60,SPOKED,SPOKED,0,0,0.0,0.0,300.0,725.0,36.5,350.0,1.0
455.0,66.0,630.0,74.0,185.0,49.0,565.0,72.0,650.0,49.0,45.0,28.6,36.5,23.35,23.35,15.0,9.0,STEEL,33.5,50.0,50.0,0.0,0.0,0.0,0.0,False,False,130.0,2.0,1.0,1.0,1.0,1.0,1.0,1.0,700.0,52.0,700.0,52.0,0,1,False,0,1,68.0,45.0,0.0,31.8,True,True,True,True,True,8,1,True,80.0,80.0,90,SPOKED,SPOKED,0,0,0.0,0.0,300.0,725.0,36.5,350.0,1.0
420.0,70.0,615.0,72.0,175.0,43.0,550.0,74.0,660.0,45.0,45.0,28.6,36.5,23.35,23.35,15.0,9.0,STEEL,31.0,50.0,50.0,0.0,0.0,0.0,0.0,False,False,130.0,2.0,1.0,1.0,1.0,1.0,1.0,1.0,700.0,48.0,700.0,48.0,0,1,False,0,1,68.0,45.0,0.0,31.8,True,True,True,True,True,8,1,True,90.0,90.0,100,SPOKED,SPOKED,0,0,0.0,0.0,300.0,725.0,36.5,350.0,1.0
485.0,74.0,650.0,73.0,220.0,50.0,580.0,73.5,650.0,53.0,45.0,28.6,36.5,23.35,23.35,15.0,9.0,STEEL,38.0,50.0,50.0,0.0,0.0,0.0,0.0,False,False,130.0,2.0,1.0,1.0,1.0,1.0,1.0,1.0,700.0,50.0,700.0,50.0,0,1,False,0,1,68.0,45.0,0.0,31.8,True,True,True,True,True,8,1,True,100.0,112.0,128,SPOKED,SPOKED,0,0,0.0,0.0,300.0,725.0,36.5,350.0,1.0
465.0,69.0,620.0,73.5,202.0,46.0,565.0,72.5,655.0,51.0,45.0,28.6,36.5,23.35,23.35,15.0,9.0,STEEL,35.5,50.0,50.0,0.0,0.0,0.0,0.0,False,False,130.0,2.0,1.0,1.0,1.0,1.0,1.0,1.0,700.0,52.0,700.0,52.0,0,1,False,0,1,68.0,45.0,0.0,31.8,True,True,True,True,True,8,1,True,80.0,90.0,100,SPOKED,SPOKED,0,0,0.0,0.0,300.0,725.0,36.5,350.0,1.0
425.0,70.0,610.0,73.0,150.0,45.0,550.0,73.0,610.0,45.0,45.0,40.0,34.0,36.0,23.0,13.0,15.0,STEEL,35.0,50.0,40.0,0.0,0.0,0.0,0.0,False,False,130.0,2.0,0.9,1.1,0.9,1.2,1.0,0.9,680.0,58.0,680.0,58.0,0,0,False,0,1,68.0,45.0,0.0,34.0,True,True,False,False,True,8,1,True,112.0,128.0,144,SPOKED,SPOKED,0,0,0.0,0.0,280.0,780.0,34.0,330.0,1.0
430.0,70.0,605.0,73.5,155.0,47.0,545.0,74.0,605.0,48.0,46.0,41.0,35.0,37.0,24.0,14.0,15.0,STEEL,36.0,52.0,42.0,0.0,0.0,0.0,0.0,False,False,130.0,2.0,1.0,1.2,1.0,1.3,1.0,1.0,680.0,58.0,680.0,58.0,0,0,False,0,1,68.0,46.0,0.0,34.5,True,True,False,False,True,8,1,True,112.0,128.0,144,SPOKED,SPOKED,0,0,0.0,0.0,285.0,775.0,35.0,335.0,1.0
420.0,72.0,615.0,72.5,145.0,46.0,555.0,73.5,620.0,47.0,44.0,39.0,33.0,35.0,23.0,12.0,14.0,STEEL,34.0,51.0,39.0,0.0,0.0,0.0,0.0,False,False,130.0,2.0,0.8,1.0,0.8,1.0,0.9,0.8,680.0,58.0,680.0,58.0,0,1,False,0,1,68.0,44.0,0.0,33.0,True,True,False,False,True,7,1,True,112.0,128.0,144,SPOKED,SPOKED,0,0,0.0,0.0,280.0,790.0,33.0,340.0,1.0
428.0,68.0,600.0,73.2,160.0,45.0,548.0,73.8,608.0,46.0,45.0,40.0,34.0,36.0,24.0,13.0,15.0,STEEL,37.0,50.0,41.0,0.0,0.0,0.0,0.0,False,False,130.0,2.0,0.9,1.1,0.9,1.2,1.0,0.9,680.0,58.0,680.0,58.0,0,0,False,0,1,68.0,47.0,0.0,34.0,True,True,False,False,True,8,2,True,112.0,128.0,144,SPOKED,SPOKED,0,0,0.0,0.0,282.0,785.0,34.5,338.0,1.0
422.0,69.0,620.0,72.8,148.0,46.0,552.0,73.2,615.0,50.0,45.0,42.0,36.0,36.5,23.5,13.5,15.0,STEEL,35.5,51.5,40.5,0.0,0.0,0.0,0.0,False,False,130.0,2.0,0.9,1.1,0.9,1.2,1.0,0.9,680.0,58.0,680.0,58.0,0,0,False,0,1,68.0,45.0,0.0,34.0,True,True,False,False,True,9,1,True,112.0,128.0,144,SPOKED,SPOKED,0,0,0.0,0.0,280.0,778.0,34.0,332.0,1.0
435.0,70.0,605.0,73.6,152.0,44.0,548.0,73.4,602.0,44.0,46.0,40.0,34.5,36.0,22.5,13.0,15.0,STEEL,36.5,49.0,42.0,0.0,0.0,0.0,0.0,False,False,130.0,2.0,1.0,1.1,1.0,1.2,1.0,1.0,680.0,58.0,680.0,58.0,0,0,False,0,1,68.0,46.0,0.0,34.5,True,True,False,False,True,7,2,True,112.0,128.0,144,SPOKED,SPOKED,0,0,0.0,0.0,285.0,770.0,35.0,340.0,1.0
419.0,71.0,615.0,72.9,149.0,47.0,555.0,74.0,620.0,46.0,45.0,41.0,33.5,35.5,23.5,14.0,15.0,STEEL,34.5,52.0,39.5,0.0,0.0,0.0,0.0,False,False,130.0,2.0,0.9,1.1,0.9,1.2,1.0,0.9,680.0,58.0,680.0,58.0,0,0,False,0,1,68.0,45.0,0.0,34.0,True,True,False,False,True,8,1,True,112.0,128.0,144,SPOKED,SPOKED,0,0,0.0,0.0,278.0,792.0,33.5,330.0,1.0
425.0,68.5,608.0,73.1,158.0,45.0,547.0,73.1,612.0,47.0,45.0,40.0,34.0,36.0,24.0,13.0,15.0,STEEL,37.5,50.5,41.5,0.0,0.0,0.0,0.0,False,False,130.0,2.0,0.9,1.1,0.9,1.2,1.0,0.9,680.0,58.0,680.0,58.0,0,0,False,0,1,68.0,45.0,0.0,34.0,True,True,False,False,True,9,1,True,112.0,128.0,144,SPOKED,SPOKED,0,0,0.0,0.0,280.0,780.0,34.0,335.0,1.0
432.0,70.5,602.0,73.4,147.0,46.0,553.0,73.7,607.0,45.0,44.0,39.0,33.0,35.0,23.0,13.0,15.0,STEEL,35.0,51.0,40.0,0.0,0.0,0.0,0.0,False,False,130.0,2.0,0.9,1.1,0.9,1.2,1.0,0.9,680.0,58.0,680.0,58.0,0,0,False,0,1,68.0,44.0,0.0,33.0,True,True,False,False,True,8,1,True,112.0,128.0,144,SPOKED,SPOKED,0,0,0.0,0.0,282.0,775.0,33.0,338.0,1.0
427.0,69.5,618.0,72.7,151.0,44.0,549.0,73.3,618.0,46.0,45.0,40.0,34.5,36.0,22.5,12.5,15.0,STEEL,35.0,49.5,40.5,0.0,0.0,0.0,0.0,False,False,130.0,2.0,0.9,1.1,0.9,1.2,1.0,0.9,680.0,58.0,680.0,58.0,0,0,False,0,1,68.0,45.0,0.0,34.0,True,True,False,False,True,8,2,True,112.0,128.0,144,SPOKED,SPOKED,0,0,0.0,0.0,279.0,782.0,34.0,336.0,1.0
410.0,70.0,590.0,73.0,160.0,50.0,550.0,73.0,630.0,50.0,40.0,30.0,36.5,23.0,23.0,13.0,15.0,STEEL,30.0,80.0,50.0,330.0,350.0,18.0,18.0,False,False,130.0,2.0,1.0,1.0,1.0,1.0,1.0,1.0,680.0,52.0,680.0,52.0,0,2,False,0,1,68.0,45.0,0.0,31.8,True,True,False,False,True,8,2,True,112.0,112.0,112,SPOKED,SPOKED,0,0,80.0,80.0,300.0,790.0,34.9,350.0,1.0
405.0,65.0,600.0,74.0,155.0,55.0,555.0,72.5,635.0,45.0,40.0,32.0,37.0,23.5,23.5,14.0,16.0,STEEL,29.5,82.0,48.0,335.0,345.0,16.0,16.0,False,False,135.0,2.0,1.1,1.0,1.0,1.0,1.0,1.0,680.0,50.0,680.0,50.0,0,2,False,0,1,70.0,46.0,0.0,32.0,True,True,True,True,True,9,1,True,120.0,120.0,123,SPOKED,SPOKED,0,0,80.0,80.0,310.0,780.0,35.0,360.0,1.0
415.0,70.0,580.0,72.0,165.0,48.0,545.0,73.2,625.0,52.0,40.0,30.0,35.0,24.0,24.0,13.5,14.0,STEEL,31.0,78.0,52.0,328.0,348.0,17.0,17.0,False,False,130.0,2.0,1.1,1.1,1.0,1.0,1.0,1.0,680.0,40.0,680.0,40.0,0,1,False,0,1,73.0,44.0,0.0,32.5,True,True,True,True,True,7,2,True,100.0,100.0,110,SPOKED,SPOKED,0,0,80.0,80.0,290.0,785.0,34.0,340.0,1.0
400.0,75.0,605.0,73.5,158.0,52.0,560.0,72.8,640.0,48.0,40.0,31.0,36.0,23.0,23.0,14.0,15.0,STEEL,29.0,83.0,49.0,332.0,352.0,18.0,18.0,False,True,135.0,2.0,1.0,1.2,1.1,1.0,1.0,1.0,680.0,55.0,680.0,55.0,0,0,False,0,1,68.0,47.0,0.0,31.8,True,True,False,True,True,10,2,True,120.0,123.0,130,SPOKED,TRISPOKE,0,2,80.0,60.0,300.0,780.0,33.0,360.0,2.0
412.0,68.0,595.0,72.2,162.0,49.0,548.0,73.1,628.0,51.0,40.0,29.0,36.5,24.0,24.0,13.8,14.5,STEEL,30.5,79.0,51.0,330.0,350.0,17.0,17.0,False,False,132.0,2.0,1.1,1.0,1.0,1.0,1.0,1.1,680.0,52.0,680.0,52.0,0,2,False,0,1,70.0,45.0,0.0,31.8,True,True,True,True,True,8,1,True,110.0,115.0,120,SPOKED,SPOKED,0,0,80.0,80.0,305.0,788.0,35.0,355.0,1.0
395.0,72.0,585.0,73.8,159.0,51.0,552.0,72.9,638.0,49.0,40.0,31.5,37.0,23.2,23.2,14.0,15.0,STEEL,29.0,81.0,50.0,333.0,351.0,16.0,16.0,False,False,130.0,2.0,1.2,1.1,1.0,1.0,1.1,1.1,680.0,50.0,680.0,50.0,0,1,False,0,1,68.0,46.0,0.0,32.0,True,True,False,True,True,9,2,True,105.0,110.0,115,SPOKED,SPOKED,0,0,85.0,85.0,295.0,795.0,34.5,365.0,1.0
420.0,70.0,592.0,72.5,157.0,53.0,558.0,73.3,632.0,47.0,40.0,30.5,36.7,23.8,23.8,13.7,15.2,STEEL,30.0,80.0,49.0,331.0,349.0,17.0,17.0,False,False,134.0,2.0,1.0,1.0,1.1,1.0,1.0,1.0,680.0,52.0,680.0,52.0,0,2,False,0,1,69.0,45.0,0.0,32.0,True,True,True,True,True,10,2,True,115.0,120.0,125,DISC,SPOKED,0,0,0.0,80.0,300.0,790.0,35.0,350.0,1.0
405.0,70.0,588.0,73.2,161.0,50.0,553.0,72.7,634.0,50.0,40.0,30.0,36.5,23.5,23.5,14.0,15.0,STEEL,30.5,81.0,50.0,330.0,350.0,18.0,18.0,False,False,131.0,2.0,1.0,1.0,1.0,1.2,1.0,1.0,680.0,53.0,680.0,53.0,0,1,False,0,1,70.0,47.0,0.0,32.0,True,True,False,False,True,9,1,True,100.0,105.0,110,TRISPOKE,TRISPOKE,1,1,60.0,60.0,280.0,785.0,34.0,360.0,1.0
390.0,70.0,600.0,73.0,158.0,54.0,556.0,72.6,639.0,49.0,40.0,31.0,36.0,23.4,23.4,13.9,15.1,STEEL,29.8,82.0,49.0,333.0,353.0,16.0,16.0,False,False,130.0,2.0,1.1,1.0,1.0,1.1,1.0,1.0,685.0,50.0,685.0,50.0,0,2,False,0,1,68.0,46.0,0.0,32.0,True,True,True,True,True,11,1,True,110.0,110.0,110,SPOKED,DISC,0,0,80.0,0.0,300.0,800.0,34.9,370.0,1.0
405.0,73.0,590.0,73.4,160.0,50.0,550.0,72.9,630.0,50.0,40.0,30.0,36.5,23.5,23.5,14.0,15.0,STEEL,30.0,80.0,50.0,330.0,350.0,18.0,18.0,False,False,130.0,2.0,1.0,1.0,1.0,1.0,1.0,1.0,680.0,52.0,680.0,52.0,0,2,False,0,1,68.0,45.0,0.0,31.8,True,True,True,True,True,9,2,True,120.0,120.0,120,SPOKED,SPOKED,0,0,80.0,80.0,300.0,790.0,34.9,360.0,1.0
420.0,70.0,620.0,73.0,180.0,45.0,550.0,73.0,650.0,45.0,50.0,28.6,36.5,23.35,13.0,14.0,16.0,STEEL,30.0,50.0,45.0,330.0,350.0,16.0,18.0,True,True,130.0,2.0,0.9,1.1,0.9,1.2,1.0,0.9,680.0,121.0,680.0,121.0,0,0,False,0,1,68.0,45.0,31.8,28.6,True,True,True,False,True,8,2,True,112.0,128.0,144,SPOKED,SPOKED,1,1,80.0,80.0,278.0,80.0,34.9,700.0,1.0
430.0,68.0,610.0,72.5,170.0,50.0,540.0,72.5,640.0,50.0,45.0,28.6,36.5,23.35,14.0,13.0,15.0,STEEL,28.0,48.0,47.0,330.0,350.0,16.0,18.0,False,True,130.0,2.0,0.9,1.1,0.9,1.2,1.0,0.9,680.0,121.0,680.0,121.0,0,1,False,0,1,68.0,45.0,31.8,28.6,True,True,False,True,True,8,2,True,112.0,128.0,144,SPOKED,SPOKED,1,1,80.0,80.0,278.0,80.0,34.9,700.0,1.0
415.0,72.0,630.0,72.0,190.0,40.0,560.0,72.0,660.0,40.0,50.0,28.6,36.5,23.35,12.0,15.0,17.0,STEEL,32.0,52.0,43.0,330.0,350.0,16.0,18.0,True,False,130.0,2.0,0.9,1.1,0.9,1.2,1.0,0.9,680.0,121.0,680.0,121.0,0,2,False,0,2,68.0,45.0,31.8,28.6,True,True,True,True,True,8,2,True,112.0,128.0,144,SPOKED,SPOKED,1,1,80.0,80.0,278.0,80.0,34.9,700.0,2.0
425.0,75.0,615.0,74.0,185.0,47.0,555.0,74.0,655.0,45.0,45.0,30.0,36.5,23.35,13.0,14.0,18.0,STEEL,29.0,49.0,46.0,330.0,350.0,16.0,18.0,False,False,130.0,2.0,0.9,1.1,0.9,1.2,1.0,0.9,680.0,121.0,680.0,121.0,0,0,False,0,1,68.0,45.0,31.8,28.6,True,True,False,False,True,8,2,True,112.0,128.0,144,SPOKED,SPOKED,1,1,80.0,80.0,278.0,80.0,34.9,700.0,1.0
440.0,65.0,600.0,73.5,160.0,55.0,545.0,73.5,630.0,50.0,50.0,28.6,36.5,23.35,13.0,12.0,16.0,STEEL,26.0,46.0,44.0,330.0,350.0,16.0,18.0,True,True,130.0,2.0,0.9,1.1,0.9,1.2,1.0,0.9,680.0,121.0,680.0,121.0,0,1,False,0,1,68.0,45.0,31.8,28.6,True,True,True,False,True,8,2,True,112.0,128.0,144,SPOKED,SPOKED,1,1,80.0,80.0,278.0,80.0,34.9,700.0,1.0
410.0,78.0,635.0,71.5,175.0,42.0,565.0,71.5,665.0,45.0,45.0,28.6,36.5,23.35,15.0,13.0,19.0,STEEL,35.0,55.0,40.0,330.0,350.0,16.0,18.0,True,False,130.0,2.0,0.9,1.1,0.9,1.2,1.0,0.9,680.0,121.0,680.0,121.0,0,2,False,0,1,68.0,45.0,31.8,28.6,True,True,False,True,True,8,2,True,112.0,128.0,144,SPOKED,SPOKED,1,1,80.0,80.0,278.0,80.0,34.9,700.0,1.0
435.0,68.0,605.0,72.0,192.0,48.0,550.0,72.0,645.0,48.0,50.0,30.0,36.5,23.35,13.0,14.0,16.0,STEEL,31.0,53.0,42.0,330.0,350.0,16.0,18.0,False,True,130.0,2.0,0.9,1.1,0.9,1.2,1.0,0.9,680.0,121.0,680.0,121.0,0,1,False,0,1,68.0,45.0,31.8,28.6,True,True,True,True,True,8,2,True,112.0,128.0,144,SPOKED,SPOKED,1,1,80.0,80.0,278.0,80.0,34.9,700.0,1.0
450.0,72.0,625.0,71.0,200.0,43.0,560.0,71.0,670.0,40.0,50.0,29.0,37.0,24.0,14.0,12.0,14.0,STEEL,34.0,58.0,48.0,330.0,350.0,16.0,18.0,False,False,130.0,2.0,0.9,1.1,0.9,1.2,1.0,0.9,680.0,121.0,680.0,121.0,0,2,False,0,1,68.0,45.0,31.8,28.6,True,True,True,False,True,8,2,True,112.0,128.0,144,SPOKED,SPOKED,1,1,80.0,80.0,278.0,80.0,34.9,700.0,1.0
445.0,69.0,628.0,72.2,182.0,46.0,545.0,72.2,655.0,47.0,45.0,28.6,36.5,23.35,13.0,14.0,15.0,STEEL,29.0,47.0,45.0,330.0,350.0,16.0,18.0,True,False,130.0,2.0,0.9,1.1,0.9,1.2,1.0,0.9,680.0,121.0,680.0,121.0,0,1,False,0,2,68.0,45.0,31.8,28.6,True,True,False,True,True,8,2,True,112.0,128.0,144,SPOKED,SPOKED,1,1,80.0,80.0,278.0,80.0,34.9,700.0,1.0
430.0,71.0,612.0,73.8,168.0,44.0,558.0,73.8,642.0,43.0,50.0,28.6,36.5,23.35,13.0,13.0,18.0,STEEL,27.0,51.0,46.0,330.0,350.0,16.0,18.0,False,True,130.0,2.0,0.9,1.1,0.9,1.2,1.0,0.9,680.0,121.0,680.0,121.0,0,0,False,0,1,68.0,45.0,31.8,28.6,True,True,True,True,True,8,2,True,112.0,128.0,144,SPOKED,SPOKED,1,1,80.0,80.0,278.0,80.0,34.9,700.0,1.0
420.0,70.0,620.0,72.0,130.0,45.0,580.0,73.0,640.0,45.0,40.0,32.0,32.0,25.0,22.0,13.0,15.0,STEEL,35.0,50.0,50.0,0.0,0.0,0.0,0.0,False,False,135.0,1.2,1.2,1.2,1.2,1.2,1.2,1.2,680.0,121.0,680.0,121.0,0,1,False,0,1,70.0,45.0,0.0,31.8,True,True,True,True,False,8,1,True,112.0,128.0,144,SPOKED,SPOKED,0,0,0.0,0.0,280.0,740.0,34.9,300.0,1.0
423.0,72.0,630.0,73.0,140.0,45.0,590.0,73.5,650.0,45.0,40.0,33.0,33.0,26.0,23.0,13.0,15.0,STEEL,37.0,55.0,52.0,0.0,0.0,0.0,0.0,False,False,135.0,1.2,1.2,1.2,1.2,1.2,1.2,1.2,680.0,121.0,680.0,121.0,0,1,False,0,1,70.0,45.0,0.0,31.8,True,True,True,True,False,8,1,True,112.0,128.0,144,SPOKED,SPOKED,0,0,0.0,0.0,280.0,750.0,34.9,300.0,1.0
426.0,68.0,640.0,72.5,150.0,45.0,600.0,74.0,655.0,45.0,40.0,34.0,34.0,27.0,24.0,13.0,15.0,STEEL,35.0,50.0,55.0,0.0,0.0,0.0,0.0,False,False,135.0,1.2,1.2,1.2,1.2,1.2,1.2,1.2,680.0,121.0,680.0,121.0,0,1,False,0,1,70.0,45.0,0.0,31.8,True,True,True,True,False,8,1,True,112.0,128.0,144,SPOKED,SPOKED,0,0,0.0,0.0,280.0,730.0,34.9,300.0,1.0
429.0,74.0,650.0,73.5,160.0,45.0,580.0,73.0,660.0,45.0,40.0,35.0,35.0,28.0,20.0,13.0,15.0,STEEL,40.0,60.0,60.0,0.0,0.0,0.0,0.0,False,False,135.0,1.2,1.2,1.2,1.2,1.2,1.2,1.2,680.0,121.0,680.0,121.0,0,1,False,0,1,70.0,45.0,0.0,31.8,True,True,True,True,False,8,1,True,112.0,128.0,144,SPOKED,SPOKED,0,0,0.0,0.0,280.0,760.0,34.9,300.0,1.0
432.0,70.0,635.0,74.0,145.0,45.0,570.0,72.0,645.0,45.0,40.0,31.0,31.0,23.0,21.0,13.0,15.0,STEEL,36.0,48.0,45.0,0.0,0.0,0.0,0.0,False,False,135.0,1.2,1.2,1.2,1.2,1.2,1.2,1.2,680.0,121.0,680.0,121.0,0,1,False,0,1,70.0,45.0,0.0,31.8,True,True,True,True,False,8,1,True,112.0,128.0,144,SPOKED,SPOKED,0,0,0.0,0.0,280.0,735.0,34.9,300.0,1.0
435.0,73.0,625.0,72.0,135.0,45.0,585.0,73.8,650.0,45.0,40.0,32.5,32.5,29.0,23.5,13.0,15.0,STEEL,38.0,52.0,50.0,0.0,0.0,0.0,0.0,False,False,135.0,1.2,1.2,1.2,1.2,1.2,1.2,1.2,680.0,121.0,680.0,121.0,0,1,False,0,1,70.0,45.0,0.0,31.8,True,True,True,True,False,8,1,True,112.0,128.0,144,SPOKED,SPOKED,0,0,0.0,0.0,280.0,745.0,34.9,300.0,1.0
438.0,69.0,642.0,73.0,155.0,45.0,595.0,73.2,660.0,45.0,40.0,33.5,33.5,30.0,25.0,13.0,15.0,STEEL,39.0,53.0,54.0,0.0,0.0,0.0,0.0,False,False,135.0,1.2,1.2,1.2,1.2,1.2,1.2,1.2,680.0,121.0,680.0,121.0,0,1,False,0,1,70.0,45.0,0.0,31.8,True,True,True,True,False,8,1,True,112.0,128.0,144,SPOKED,SPOKED,0,0,0.0,0.0,280.0,755.0,34.9,300.0,1.0
441.0,71.0,628.0,72.8,148.0,45.0,578.0,73.5,635.0,45.0,40.0,31.5,31.5,24.0,22.0,13.0,15.0,STEEL,34.0,49.0,48.0,0.0,0.0,0.0,0.0,False,False,135.0,1.2,1.2,1.2,1.2,1.2,1.2,1.2,680.0,121.0,680.0,121.0,0,1,False,0,1,70.0,45.0,0.0,31.8,True,True,True,True,False,8,1,True,112.0,128.0,144,SPOKED,SPOKED,0,0,0.0,0.0,280.0,765.0,34.9,300.0,1.0
444.0,72.5,638.0,73.2,152.0,45.0,588.0,73.7,652.0,45.0,40.0,34.5,34.5,28.5,24.5,13.0,15.0,STEEL,37.0,55.0,57.0,0.0,0.0,0.0,0.0,False,False,135.0,1.2,1.2,1.2,1.2,1.2,1.2,1.2,680.0,121.0,680.0,121.0,0,1,False,0,1,70.0,45.0,0.0,31.8,True,True,True,True,False,8,1,True,112.0,128.0,144,SPOKED,SPOKED,0,0,0.0,0.0,280.0,758.0,34.9,300.0,1.0
447.0,69.5,615.0,72.3,138.0,45.0,592.0,72.9,645.0,45.0,40.0,35.0,35.0,29.5,23.0,13.0,15.0,STEEL,36.0,51.0,49.0,0.0,0.0,0.0,0.0,False,False,135.0,1.2,1.2,1.2,1.2,1.2,1.2,1.2,680.0,121.0,680.0,121.0,0,1,False,0,1,70.0,45.0,0.0,31.8,True,True,True,True,False,8,1,True,112.0,128.0,144,SPOKED,SPOKED,0,0,0.0,0.0,280.0,748.0,34.9,300.0,1.0
445.0,70.0,600.0,73.0,160.0,50.0,550.0,73.5,650.0,45.0,40.0,33.7,36.5,23.35,20.0,15.0,9.0,STEEL,30.0,50.0,45.0,330.0,350.0,16.0,18.0,True,True,130.0,2.0,0.9,1.1,0.9,1.2,1.0,0.9,700.0,50.0,700.0,50.0,0,0,False,0,1,68.0,45.0,0.0,31.8,True,True,False,False,True,9,2,True,112.0,128.0,144,SPOKED,SPOKED,0,0,0.0,0.0,280.0,800.0,36.5,300.0,1.0
448.0,72.0,605.0,72.5,155.0,48.0,555.0,74.0,655.0,50.0,38.0,34.0,35.5,23.0,19.5,14.0,8.5,STEEL,32.0,49.0,43.0,325.0,345.0,17.0,17.0,True,False,130.0,2.0,1.0,1.1,0.8,1.3,1.1,0.8,700.0,48.0,700.0,48.0,0,0,False,0,1,68.0,46.0,0.0,31.8,True,True,False,False,True,10,2,True,112.0,128.0,144,SPOKED,SPOKED,0,0,0.0,0.0,280.0,800.0,36.5,295.0,1.0
450.0,68.0,590.0,73.0,145.0,52.0,545.0,73.0,640.0,47.0,42.0,33.0,37.0,23.5,20.5,16.0,9.5,STEEL,28.0,52.0,47.0,332.0,348.0,15.0,19.0,False,True,135.0,2.0,0.8,1.0,1.0,1.1,1.2,0.9,700.0,52.0,700.0,52.0,0,0,False,0,1,68.0,44.0,0.0,31.8,True,True,False,False,True,9,1,True,112.0,128.0,144,SPOKED,SPOKED,0,0,0.0,0.0,290.0,790.0,36.5,305.0,1.0
442.0,75.0,615.0,72.0,170.0,53.0,560.0,72.5,660.0,45.0,40.0,34.5,36.0,23.35,20.0,17.0,8.0,STEEL,35.0,47.0,44.0,328.0,352.0,16.5,18.5,False,False,130.0,2.0,0.9,1.1,0.9,1.2,1.0,0.9,700.0,50.0,700.0,50.0,0,0,False,0,1,68.0,47.0,0.0,31.8,True,True,False,False,True,8,2,True,112.0,128.0,144,SPOKED,SPOKED,0,0,0.0,0.0,275.0,805.0,36.5,290.0,1.0
455.0,65.0,585.0,74.0,140.0,46.0,540.0,74.0,630.0,52.0,42.0,32.5,36.5,22.5,19.0,13.0,9.0,STEEL,25.0,46.0,40.0,340.0,360.0,14.0,20.0,True,True,135.0,2.0,0.9,1.2,0.85,1.25,1.05,0.95,700.0,51.0,700.0,51.0,0,0,False,0,1,68.0,43.0,0.0,31.8,True,True,False,False,True,9,2,True,112.0,128.0,144,SPOKED,SPOKED,0,0,0.0,0.0,265.0,815.0,36.5,300.0,1.0
460.0,67.0,605.0,73.5,165.0,49.0,555.0,73.5,665.0,48.0,41.0,33.2,36.0,23.8,20.8,15.5,8.8,STEEL,34.0,51.0,46.0,335.0,355.0,16.0,18.0,True,False,130.0,2.0,0.95,1.05,0.95,1.15,1.1,0.85,700.0,49.0,700.0,49.0,0,0,False,0,1,68.0,42.0,0.0,31.8,True,True,False,False,True,10,2,True,112.0,128.0,144,SPOKED,SPOKED,0,0,0.0,0.0,285.0,780.0,36.5,310.0,1.0
440.0,72.0,595.0,72.5,150.0,54.0,560.0,72.0,658.0,46.0,39.0,34.0,36.5,23.35,20.0,16.5,8.2,STEEL,29.0,53.0,48.0,330.0,350.0,15.5,17.5,False,True,135.0,2.0,0.9,1.1,0.9,1.2,1.0,0.9,700.0,50.0,700.0,50.0,0,0,False,0,1,68.0,45.0,0.0,31.8,True,True,False,False,True,9,1,True,112.0,128.0,144,SPOKED,SPOKED,0,0,0.0,0.0,295.0,770.0,36.5,295.0,1.0
446.0,69.0,598.0,73.0,158.0,47.0,548.0,73.0,645.0,49.0,40.0,33.8,36.2,23.4,20.2,14.5,9.2,STEEL,31.0,50.0,45.0,338.0,358.0,17.5,18.5,True,True,132.0,2.0,0.9,1.1,0.9,1.2,1.0,0.9,700.0,50.0,700.0,50.0,0,0,False,0,1,68.0,44.0,0.0,31.8,True,True,False,False,True,8,2,True,112.0,128.0,144,SPOKED,SPOKED,0,0,0.0,0.0,275.0,790.0,36.5,305.0,1.0
441.0,73.0,602.0,74.0,162.0,51.0,552.0,74.0,655.0,44.0,40.5,33.5,36.8,23.35,20.5,15.8,8.7,STEEL,33.0,49.0,46.0,330.0,350.0,16.2,17.8,False,False,130.0,2.0,0.9,1.1,0.9,1.2,1.0,0.9,700.0,50.0,700.0,50.0,0,0,False,0,1,68.0,48.0,0.0,31.8,True,True,False,False,True,9,2,True,112.0,128.0,144,SPOKED,SPOKED,0,0,0.0,0.0,280.0,800.0,36.5,300.0,1.0
447.0,71.0,597.0,73.0,159.0,46.5,549.0,73.0,648.0,51.0,41.0,33.9,36.4,23.35,19.8,14.2,9.1,STEEL,32.5,50.5,45.5,336.0,356.0,15.8,18.2,True,True,134.0,2.0,0.9,1.1,0.9,1.2,1.0,0.9,700.0,50.0,700.0,50.0,0,0,False,0,1,68.0,45.5,0.0,31.8,True,True,False,False,True,9,2,True,112.0,128.0,144,SPOKED,SPOKED,0,0,0.0,0.0,285.0,795.0,36.5,298.0,1.0
490.0,70.0,620.0,73.0,200.0,50.0,580.0,73.0,680.0,50.0,40.0,28.6,36.5,23.35,13.0,15.0,9.0,STEEL,33.1,40.0,49.4,330.0,350.0,16.0,18.0,False,False,130.0,2.0,0.9,1.1,0.9,1.2,1.0,0.9,700.0,50.0,700.0,50.0,0,0,False,0,1,68.0,45.0,692.0,31.8,True,True,False,False,True,7,2,True,112.0,128.0,144,SPOKED,SPOKED,0,0,0.0,0.0,300.0,760.0,34.9,300.0,1.0
500.0,68.0,630.0,72.5,180.0,50.0,570.0,72.5,670.0,50.0,40.0,28.6,36.5,23.35,13.0,15.0,9.0,STEEL,33.1,40.0,49.4,330.0,350.0,16.0,18.0,False,False,130.0,2.0,0.9,1.1,0.9,1.2,1.0,0.9,700.0,50.0,700.0,50.0,0,0,False,0,1,68.0,45.0,692.0,31.8,True,True,False,False,True,7,2,True,112.0,128.0,144,SPOKED,SPOKED,0,0,0.0,0.0,300.0,770.0,34.9,300.0,1.0
480.0,72.0,610.0,74.0,210.0,50.0,590.0,73.5,690.0,50.0,40.0,28.6,36.5,23.35,13.0,15.0,9.0,STEEL,33.1,40.0,49.4,330.0,350.0,16.0,18.0,False,False,130.0,2.0,0.9,1.1,0.9,1.2,1.0,0.9,700.0,50.0,700.0,50.0,0,0,False,0,1,68.0,45.0,692.0,31.8,True,True,False,False,True,7,2,True,112.0,128.0,144,SPOKED,SPOKED,0,0,0.0,0.0,300.0,765.0,34.9,300.0,1.0
510.0,65.0,605.0,71.5,190.0,50.0,600.0,72.0,665.0,50.0,40.0,28.6,36.5,23.35,13.0,15.0,9.0,STEEL,33.1,40.0,49.4,330.0,350.0,16.0,18.0,False,False,130.0,2.0,0.9,1.1,0.9,1.2,1.0,0.9,700.0,50.0,700.0,50.0,0,0,False,0,1,68.0,45.0,692.0,31.8,True,True,False,False,True,7,2,True,112.0,128.0,144,SPOKED,SPOKED,0,0,0.0,0.0,300.0,755.0,34.9,300.0,1.0
495.0,75.0,640.0,73.5,220.0,50.0,575.0,73.0,700.0,50.0,40.0,28.6,36.5,23.35,13.0,15.0,9.0,STEEL,33.1,40.0,49.4,330.0,350.0,16.0,18.0,False,False,130.0,2.0,0.9,1.1,0.9,1.2,1.0,0.9,700.0,50.0,700.0,50.0,0,0,False,0,1,68.0,45.0,692.0,31.8,True,True,False,False,True,7,2,True,112.0,128.0,144,SPOKED,SPOKED,0,0,0.0,0.0,300.0,780.0,34.9,300.0,1.0
505.0,67.0,615.0,72.0,175.0,50.0,585.0,72.8,675.0,50.0,40.0,28.6,36.5,23.35,13.0,15.0,9.0,STEEL,33.1,40.0,49.4,330.0,350.0,16.0,18.0,False,False,130.0,2.0,0.9,1.1,0.9,1.2,1.0,0.9,700.0,50.0,700.0,50.0,0,0,False,0,1,68.0,45.0,692.0,31.8,True,True,False,False,True,7,2,True,112.0,128.0,144,SPOKED,SPOKED,0,0,0.0,0.0,300.0,758.0,34.9,300.0,1.0
475.0,69.0,625.0,73.8,195.0,50.0,565.0,73.2,685.0,50.0,40.0,28.6,36.5,23.35,13.0,15.0,9.0,STEEL,33.1,40.0,49.4,330.0,350.0,16.0,18.0,False,False,130.0,2.0,0.9,1.1,0.9,1.2,1.0,0.9,700.0,50.0,700.0,50.0,0,0,False,0,1,68.0,45.0,692.0,31.8,True,True,False,False,True,7,2,True,112.0,128.0,144,SPOKED,SPOKED,0,0,0.0,0.0,300.0,768.0,34.9,300.0,1.0
520.0,71.0,630.0,72.2,205.0,50.0,595.0,72.6,695.0,50.0,40.0,28.6,36.5,23.35,13.0,15.0,9.0,STEEL,33.1,40.0,49.4,330.0,350.0,16.0,18.0,False,False,130.0,2.0,0.9,1.1,0.9,1.2,1.0,0.9,700.0,50.0,700.0,50.0,0,0,False,0,1,68.0,45.0,692.0,31.8,True,True,False,False,True,7,2,True,112.0,128.0,144,SPOKED,SPOKED,0,0,0.0,0.0,300.0,772.0,34.9,300.0,1.0
485.0,66.0,600.0,71.8,160.0,50.0,555.0,73.4,660.0,50.0,40.0,28.6,36.5,23.35,13.0,15.0,9.0,STEEL,33.1,40.0,49.4,330.0,350.0,16.0,18.0,False,False,130.0,2.0,0.9,1.1,0.9,1.2,1.0,0.9,700.0,50.0,700.0,50.0,0,0,False,0,1,68.0,45.0,692.0,31.8,True,True,False,False,True,7,2,True,112.0,128.0,144,SPOKED,SPOKED,0,0,0.0,0.0,300.0,752.0,34.9,300.0,1.0
515.0,74.0,635.0,73.3,215.0,50.0,580.0,72.3,690.0,50.0,40.0,28.6,36.5,23.35,13.0,15.0,9.0,STEEL,33.1,40.0,49.4,330.0,350.0,16.0,18.0,False,False,130.0,2.0,0.9,1.1,0.9,1.2,1.0,0.9,700.0,50.0,700.0,50.0,0,0,False,0,1,68.0,45.0,692.0,31.8,True,True,False,False,True,7,2,True,112.0,128.0,144,SPOKED,SPOKED,0,0,0.0,0.0,300.0,769.0,34.9,300.0,1.0
400.0,70.0,580.0,73.0,150.0,30.0,540.0,74.0,630.0,35.0,42.0,28.6,36.5,23.35,13.0,15.0,9.0,STEEL,30.0,30.0,40.0,330.0,350.0,16.0,18.0,False,False,130.0,2.0,0.9,1.1,0.9,1.2,1.0,0.9,676.0,52.0,676.0,52.0,0,0,False,0,1,68.0,38.0,31.8,31.8,True,True,True,True,True,7,2,True,112.0,128.0,144,SPOKED,SPOKED,1,1,0.0,0.0,300.0,700.0,34.9,700.0,1.0
405.0,72.0,590.0,74.0,140.0,35.0,555.0,73.0,640.0,40.0,43.0,28.6,36.5,23.35,13.0,15.0,9.0,STEEL,32.0,32.0,42.0,330.0,350.0,16.0,18.0,False,False,130.0,2.0,0.9,1.1,0.9,1.2,1.0,0.9,676.0,54.0,676.0,54.0,0,0,False,0,1,68.0,38.0,31.8,31.8,True,True,True,True,True,8,2,True,112.0,128.0,144,SPOKED,SPOKED,1,1,0.0,0.0,300.0,720.0,34.9,720.0,1.0
410.0,68.0,600.0,75.0,130.0,40.0,570.0,75.0,650.0,45.0,44.0,28.6,36.5,23.35,13.0,15.0,9.0,STEEL,34.0,34.0,44.0,330.0,350.0,16.0,18.0,False,False,130.0,2.0,0.9,1.1,0.9,1.2,1.0,0.9,676.0,52.0,676.0,52.0,0,0,False,0,1,68.0,38.0,31.8,31.8,True,True,True,True,True,9,2,True,112.0,128.0,144,SPOKED,SPOKED,1,1,0.0,0.0,300.0,740.0,34.9,740.0,1.0
415.0,65.0,610.0,72.0,120.0,45.0,585.0,72.0,660.0,50.0,45.0,28.6,36.5,23.35,13.0,15.0,9.0,STEEL,36.0,36.0,46.0,330.0,350.0,16.0,18.0,False,False,130.0,2.0,0.9,1.1,0.9,1.2,1.0,0.9,676.0,54.0,676.0,54.0,0,0,False,0,1,68.0,38.0,31.8,31.8,True,True,True,True,True,10,2,True,112.0,128.0,144,SPOKED,SPOKED,1,1,0.0,0.0,300.0,760.0,34.9,760.0,1.0
420.0,75.0,620.0,76.0,110.0,25.0,600.0,76.0,620.0,30.0,46.0,28.6,36.5,23.35,13.0,15.0,9.0,STEEL,38.0,38.0,48.0,330.0,350.0,16.0,18.0,False,False,130.0,2.0,0.9,1.1,0.9,1.2,1.0,0.9,676.0,52.0,676.0,52.0,0,0,False,0,1,68.0,38.0,31.8,31.8,True,True,True,True,True,11,2,True,112.0,128.0,144,SPOKED,SPOKED,1,1,0.0,0.0,300.0,780.0,34.9,780.0,1.0
425.0,60.0,570.0,70.0,160.0,50.0,525.0,70.0,610.0,55.0,40.0,28.6,36.5,30.0,13.0,15.0,9.0,STEEL,40.0,40.0,50.0,330.0,350.0,16.0,18.0,False,False,135.0,2.0,0.9,1.1,0.9,1.2,1.0,0.9,676.0,54.0,676.0,54.0,0,0,False,0,1,68.0,45.0,31.8,31.8,True,True,True,True,True,12,2,True,112.0,128.0,144,SPOKED,SPOKED,1,1,0.0,0.0,300.0,800.0,34.9,800.0,1.0
430.0,80.0,630.0,77.0,170.0,55.0,510.0,77.0,600.0,25.0,41.0,28.6,36.5,30.0,13.0,15.0,9.0,STEEL,42.0,42.0,52.0,330.0,350.0,16.0,18.0,False,False,135.0,2.0,0.9,1.1,0.9,1.2,1.0,0.9,676.0,52.0,676.0,52.0,0,0,False,0,1,68.0,45.0,31.8,31.8,True,True,True,True,True,13,2,True,112.0,128.0,144,SPOKED,SPOKED,1,1,0.0,0.0,300.0,820.0,34.9,820.0,1.0
435.0,55.0,550.0,71.0,180.0,20.0,495.0,71.0,670.0,60.0,47.0,28.6,36.5,30.0,13.0,15.0,9.0,STEEL,44.0,44.0,54.0,330.0,350.0,16.0,18.0,False,False,135.0,2.0,0.9,1.1,0.9,1.2,1.0,0.9,676.0,54.0,676.0,54.0,0,0,False,0,1,68.0,45.0,31.8,31.8,True,True,True,True,True,14,2,True,112.0,128.0,144,SPOKED,SPOKED,1,1,0.0,0.0,300.0,840.0,34.9,840.0,1.0
440.0,90.0,640.0,78.0,190.0,60.0,480.0,78.0,680.0,20.0,48.0,28.6,36.5,30.0,13.0,15.0,9.0,STEEL,46.0,46.0,56.0,330.0,350.0,16.0,18.0,False,False,135.0,2.0,0.9,1.1,0.9,1.2,1.0,0.9,676.0,52.0,676.0,52.0,0,0,False,0,1,68.0,45.0,31.8,31.8,True,True,True,True,True,15,2,True,112.0,128.0,144,SPOKED,SPOKED,1,1,0.0,0.0,300.0,860.0,34.9,860.0,1.0
445.0,50.0,560.0,69.0,200.0,15.0,465.0,69.0,690.0,65.0,49.0,28.6,36.5,30.0,13.0,15.0,9.0,STEEL,48.0,48.0,58.0,330.0,350.0,16.0,18.0,False,False,135.0,2.0,0.9,1.1,0.9,1.2,1.0,0.9,676.0,54.0,676.0,54.0,0,0,False,0,1,68.0,45.0,31.8,31.8,True,True,True,True,True,16,2,True,112.0,128.0,144,SPOKED,SPOKED,1,1,0.0,0.0,300.0,880.0,34.9,880.0,1.0
410.0,72.0,590.0,73.0,160.0,45.0,580.0,73.5,660.0,45.0,45.0,34.0,36.5,23.35,23.35,13.0,15.0,STEEL,35.0,45.0,40.0,330.0,350.0,16.0,18.0,False,False,130.0,2.0,0.9,1.1,0.9,1.2,1.0,0.9,650.0,55.0,650.0,50.0,0,1,False,0,1,68.0,45.0,0.0,31.8,True,True,False,False,True,8,2,True,112.0,128.0,144,SPOKED,SPOKED,0,0,0.0,0.0,280.0,770.0,34.9,300.0,1.0
415.0,72.5,595.0,73.2,165.0,45.0,585.0,73.7,662.0,45.0,45.0,34.0,36.5,23.35,23.35,13.0,15.0,STEEL,36.0,46.0,41.0,330.0,350.0,16.0,18.0,False,False,131.0,2.0,0.9,1.1,0.9,1.2,1.0,0.9,650.0,56.0,650.0,51.0,0,2,False,0,1,68.0,45.0,0.0,31.8,True,True,False,False,True,8,2,True,112.0,128.0,144,SPOKED,SPOKED,0,0,0.0,0.0,280.0,772.0,34.9,300.0,1.0
420.0,73.0,600.0,73.5,170.0,45.0,590.0,74.0,664.0,45.0,45.0,34.0,36.5,23.35,23.35,13.0,15.0,STEEL,37.0,47.0,42.0,330.0,350.0,16.0,18.0,False,False,132.0,2.0,0.9,1.1,0.9,1.2,1.0,0.9,650.0,57.0,650.0,52.0,0,0,False,0,1,68.0,45.0,0.0,31.8,True,True,False,False,True,8,2,True,112.0,128.0,144,SPOKED,SPOKED,0,0,0.0,0.0,280.0,774.0,34.9,300.0,1.0
425.0,73.5,605.0,73.8,175.0,45.0,595.0,74.2,666.0,45.0,45.0,34.0,36.5,23.35,23.35,13.0,15.0,STEEL,38.0,48.0,43.0,330.0,350.0,16.0,18.0,False,False,133.0,2.0,0.9,1.1,0.9,1.2,1.0,0.9,650.0,58.0,650.0,53.0,0,1,False,0,1,68.0,45.0,0.0,31.8,True,True,False,False,True,8,2,True,112.0,128.0,144,SPOKED,SPOKED,0,0,0.0,0.0,280.0,776.0,34.9,300.0,1.0
430.0,74.0,610.0,74.0,180.0,45.0,600.0,74.5,668.0,45.0,45.0,34.0,36.5,23.35,23.35,13.0,15.0,STEEL,39.0,49.0,44.0,330.0,350.0,16.0,18.0,False,False,134.0,2.0,0.9,1.1,0.9,1.2,1.0,0.9,650.0,59.0,650.0,54.0,0,2,False,0,1,68.0,45.0,0.0,31.8,True,True,False,False,True,8,2,True,112.0,128.0,144,SPOKED,SPOKED,0,0,0.0,0.0,280.0,778.0,34.9,300.0,1.0
412.0,71.5,592.0,72.8,162.0,45.0,582.0,73.6,661.0,45.0,45.0,34.0,36.5,23.35,23.35,13.0,15.0,STEEL,35.5,45.5,40.5,330.0,350.0,16.0,18.0,False,False,130.5,2.0,0.9,1.1,0.9,1.2,1.0,0.9,650.0,55.5,650.0,50.5,0,1,False,0,1,68.0,45.0,0.0,31.8,True,True,False,False,True,8,2,True,112.0,128.0,144,SPOKED,SPOKED,0,0,0.0,0.0,280.0,771.0,34.9,300.0,1.0
418.0,72.2,597.0,73.3,167.0,45.0,587.0,73.9,663.0,45.0,45.0,34.0,36.5,23.35,23.35,13.0,15.0,STEEL,36.5,46.5,41.5,330.0,350.0,16.0,18.0,False,False,131.5,2.0,0.9,1.1,0.9,1.2,1.0,0.9,650.0,56.5,650.0,51.5,0,0,False,0,1,68.0,45.0,0.0,31.8,True,True,False,False,True,8,2,True,112.0,128.0,144,SPOKED,SPOKED,0,0,0.0,0.0,280.0,773.0,34.9,300.0,1.0
422.0,73.1,602.0,73.6,172.0,45.0,592.0,74.1,665.0,45.0,45.0,34.0,36.5,23.35,23.35,13.0,15.0,STEEL,37.5,47.5,42.5,330.0,350.0,16.0,18.0,False,False,132.5,2.0,0.9,1.1,0.9,1.2,1.0,0.9,650.0,57.5,650.0,52.5,0,2,False,0,1,68.0,45.0,0.0,31.8,True,True,False,False,True,8,2,True,112.0,128.0,144,SPOKED,SPOKED,0,0,0.0,0.0,280.0,775.0,34.9,300.0,1.0
427.0,73.7,607.0,73.9,177.0,45.0,597.0,74.4,667.0,45.0,45.0,34.0,36.5,23.35,23.35,13.0,15.0,STEEL,38.5,48.5,43.5,330.0,350.0,16.0,18.0,False,False,133.5,2.0,0.9,1.1,0.9,1.2,1.0,0.9,650.0,58.5,650.0,53.5,0,1,False,0,1,68.0,45.0,0.0,31.8,True,True,False,False,True,8,2,True,112.0,128.0,144,SPOKED,SPOKED,0,0,0.0,0.0,280.0,777.0,34.9,300.0,1.0
432.0,74.2,612.0,74.1,182.0,45.0,602.0,74.7,669.0,45.0,45.0,34.0,36.5,23.35,23.35,13.0,15.0,STEEL,39.5,49.5,44.5,330.0,350.0,16.0,18.0,False,False,134.5,2.0,0.9,1.1,0.9,1.2,1.0,0.9,650.0,59.5,650.0,54.5,0,0,False,0,1,68.0,45.0,0.0,31.8,True,True,False,False,True,8,2,True,112.0,128.0,144,SPOKED,SPOKED,0,0,0.0,0.0,280.0,779.0,34.9,300.0,1.0
405.0,70.0,600.0,73.0,150.0,45.0,540.0,73.5,650.0,45.0,40.0,28.6,36.5,30.0,23.35,13.0,15.0,STEEL,35.0,50.0,50.0,330.0,350.0,16.0,18.0,False,False,130.0,2.0,0.9,1.1,0.9,1.2,1.0,0.9,674.0,52.0,674.0,52.0,0,1,False,0,1,68.0,45.0,692.0,31.8,True,True,True,True,True,10,2,True,112.0,128.0,144,SPOKED,SPOKED,1,1,80.0,80.0,278.0,780.0,34.9,300.0,1.0
410.0,75.0,610.0,72.5,155.0,50.0,550.0,73.0,655.0,45.0,40.0,28.6,36.5,30.0,23.35,13.0,15.0,STEEL,36.0,51.0,51.0,330.0,350.0,16.0,18.0,False,False,135.0,2.0,0.9,1.1,0.9,1.2,1.0,0.9,680.0,55.0,680.0,55.0,0,1,False,0,1,68.0,45.0,695.0,31.8,True,True,False,True,True,10,2,True,112.0,128.0,144,SPOKED,SPOKED,1,1,80.0,80.0,280.0,790.0,34.9,300.0,1.0
400.0,68.0,595.0,73.5,148.0,47.0,545.0,74.0,648.0,45.0,40.0,28.6,36.5,32.0,24.0,14.0,15.0,STEEL,34.5,49.5,49.0,330.0,350.0,16.0,18.0,False,False,130.0,2.0,0.9,1.1,0.9,1.2,1.0,0.9,670.0,50.0,670.0,50.0,0,2,False,0,1,68.0,45.0,690.0,31.8,True,True,True,False,True,9,1,True,112.0,128.0,144,DISC,DISC,0,0,0.0,0.0,280.0,775.0,34.9,300.0,1.0
415.0,72.0,605.0,72.8,160.0,48.0,560.0,73.2,660.0,45.0,40.0,28.6,36.5,31.0,23.35,13.0,15.0,STEEL,38.0,52.0,52.0,330.0,350.0,16.0,18.0,False,False,130.0,2.0,0.9,1.1,0.9,1.2,1.0,0.9,675.0,53.0,675.0,53.0,0,1,False,0,1,68.0,45.0,694.0,31.8,True,True,False,True,True,11,2,True,112.0,128.0,144,SPOKED,DISC,1,0,80.0,0.0,282.0,785.0,34.9,310.0,1.0
420.0,70.0,615.0,73.2,165.0,50.0,570.0,73.7,665.0,45.0,40.0,28.6,36.5,30.5,23.35,13.0,15.0,STEEL,39.0,53.0,53.0,330.0,350.0,16.0,18.0,False,False,135.0,2.0,0.9,1.1,0.9,1.2,1.0,0.9,682.0,56.0,682.0,56.0,0,1,False,0,1,68.0,45.0,697.0,31.8,True,True,True,False,True,10,1,True,112.0,128.0,144,DISC,SPOKED,0,1,0.0,80.0,280.0,800.0,34.9,320.0,1.0
395.0,74.0,590.0,73.8,140.0,44.0,535.0,73.3,640.0,45.0,40.0,28.6,36.5,29.5,23.35,13.0,15.0,STEEL,32.0,48.0,48.0,330.0,350.0,16.0,18.0,False,False,130.0,2.0,0.9,1.1,0.9,1.2,1.0,0.9,668.0,50.0,668.0,50.0,0,2,False,0,1,68.0,45.0,688.0,31.8,True,True,False,False,True,9,2,True,112.0,128.0,144,SPOKED,SPOKED,1,1,80.0,80.0,276.0,770.0,34.9,300.0,1.0
430.0,69.0,620.0,73.0,170.0,51.0,580.0,73.5,670.0,45.0,40.0,28.6,36.5,31.5,23.35,13.0,15.0,STEEL,40.0,54.0,54.0,330.0,350.0,16.0,18.0,False,False,135.0,2.0,0.9,1.1,0.9,1.2,1.0,0.9,686.0,57.0,686.0,57.0,0,1,False,0,1,68.0,45.0,701.0,31.8,True,True,True,True,True,10,3,True,112.0,128.0,144,SPOKED,SPOKED,1,1,80.0,80.0,285.0,795.0,34.9,340.0,1.0
400.0,71.0,605.0,73.4,158.0,49.0,565.0,73.6,655.0,45.0,40.0,28.6,36.5,30.2,23.35,13.0,15.0,STEEL,37.0,52.5,52.5,330.0,350.0,16.0,18.0,False,False,130.0,2.0,0.9,1.1,0.9,1.2,1.0,0.9,678.0,54.0,678.0,54.0,0,1,False,0,1,68.0,45.0,696.0,31.8,True,True,False,True,True,10,2,True,112.0,128.0,144,SPOKED,DISC,1,0,80.0,0.0,279.0,788.0,34.9,310.0,1.0
420.0,73.0,610.0,72.7,162.0,50.0,575.0,73.4,660.0,45.0,40.0,28.6,36.5,30.8,23.35,13.0,15.0,STEEL,38.5,53.5,53.5,330.0,350.0,16.0,18.0,False,False,135.0,2.0,0.9,1.1,0.9,1.2,1.0,0.9,684.0,56.0,684.0,56.0,0,1,False,0,1,68.0,45.0,699.0,31.8,True,True,True,False,True,12,2,True,112.0,128.0,144,DISC,DISC,0,0,0.0,0.0,283.0,792.0,34.9,330.0,1.0
425.0,71.5,625.0,73.3,175.0,52.0,590.0,73.6,675.0,45.0,40.0,28.6,36.5,31.2,23.35,13.0,15.0,STEEL,42.0,55.0,55.0,330.0,350.0,16.0,18.0,False,False,130.0,2.0,0.9,1.1,0.9,1.2,1.0,0.9,690.0,58.0,690.0,58.0,0,1,False,0,1,68.0,45.0,704.0,31.8,True,True,False,False,True,10,2,True,112.0,128.0,144,SPOKED,SPOKED,1,1,80.0,80.0,287.0,800.0,34.9,350.0,1.0
415.0,70.0,600.0,73.0,170.0,50.0,540.0,73.0,660.0,45.0,45.0,31.8,31.8,28.6,25.4,13.0,15.0,STEEL,40.0,50.0,45.0,330.0,350.0,16.0,18.0,True,True,130.0,2.0,0.9,1.1,0.9,1.2,1.0,0.9,680.0,50.0,680.0,50.0,0,2,False,0,1,68.0,44.0,0.0,31.8,True,True,False,False,True,9,2,True,112.0,128.0,144,SPOKED,SPOKED,0,0,0.0,0.0,280.0,780.0,31.8,300.0,1.0
420.0,68.0,610.0,72.5,180.0,55.0,550.0,73.5,655.0,48.0,45.0,34.9,32.0,30.0,26.0,14.0,14.0,STEEL,35.0,45.0,50.0,330.0,350.0,16.0,18.0,True,True,130.0,2.0,0.9,1.1,0.9,1.2,1.0,0.9,680.0,50.0,680.0,50.0,0,1,False,0,1,68.0,44.0,0.0,31.8,True,True,False,False,True,10,2,True,112.0,128.0,144,SPOKED,SPOKED,0,0,0.0,0.0,285.0,790.0,32.0,300.0,1.0
425.0,72.0,590.0,73.5,160.0,52.0,545.0,72.5,665.0,44.0,45.0,31.8,31.8,29.0,25.0,13.0,15.0,STEEL,38.0,55.0,48.0,330.0,350.0,16.0,18.0,True,True,130.0,2.0,0.9,1.1,0.9,1.2,1.0,0.9,680.0,50.0,680.0,50.0,0,0,False,0,1,68.0,44.0,0.0,31.8,True,True,False,False,True,9,2,True,112.0,128.0,144,SPOKED,SPOKED,0,0,0.0,0.0,290.0,770.0,31.8,300.0,1.0
430.0,75.0,605.0,72.0,155.0,48.0,535.0,73.0,650.0,46.0,45.0,31.8,32.0,28.6,25.4,13.0,15.0,STEEL,42.0,48.0,52.0,330.0,350.0,16.0,18.0,True,True,130.0,2.0,0.9,1.1,0.9,1.2,1.0,0.9,680.0,50.0,680.0,50.0,0,1,False,0,1,68.0,44.0,0.0,31.8,True,True,False,False,True,10,2,True,112.0,128.0,144,SPOKED,SPOKED,0,0,0.0,0.0,295.0,760.0,32.0,300.0,1.0
410.0,65.0,595.0,74.0,175.0,60.0,560.0,72.0,670.0,43.0,45.0,31.8,30.0,28.6,25.4,13.0,15.0,STEEL,30.0,50.0,60.0,330.0,350.0,16.0,18.0,True,True,130.0,2.0,0.9,1.1,0.9,1.2,1.0,0.9,680.0,50.0,680.0,50.0,0,2,False,0,1,68.0,44.0,0.0,31.8,True,True,False,False,True,9,2,True,112.0,128.0,144,SPOKED,SPOKED,0,0,0.0,0.0,285.0,755.0,30.0,300.0,1.0
418.0,70.0,600.0,73.0,165.0,50.0,545.0,73.0,660.0,45.0,45.0,31.8,31.8,28.6,25.4,13.0,15.0,STEEL,37.0,52.0,47.0,330.0,350.0,16.0,18.0,True,True,130.0,2.0,0.9,1.1,0.9,1.2,1.0,0.9,680.0,50.0,680.0,50.0,0,0,False,0,1,68.0,44.0,0.0,31.8,True,True,False,False,True,10,2,True,112.0,128.0,144,SPOKED,SPOKED,0,0,0.0,0.0,290.0,780.0,31.8,300.0,1.0
422.0,69.0,608.0,73.2,185.0,53.0,548.0,72.8,658.0,47.0,45.0,32.0,31.8,29.0,26.0,14.0,15.0,STEEL,36.0,49.0,46.0,330.0,350.0,16.0,18.0,True,True,130.0,2.0,0.9,1.1,0.9,1.2,1.0,0.9,680.0,50.0,680.0,50.0,0,1,False,0,1,68.0,44.0,0.0,31.8,True,True,False,False,True,9,2,True,112.0,128.0,144,SPOKED,SPOKED,0,0,0.0,0.0,282.0,770.0,31.8,300.0,1.0
419.0,71.0,603.0,72.8,172.0,49.0,542.0,73.4,662.0,44.0,45.0,31.8,31.8,28.0,25.0,13.2,15.0,STEEL,39.0,53.0,44.0,330.0,350.0,16.0,18.0,True,True,130.0,2.0,0.9,1.1,0.9,1.2,1.0,0.9,680.0,50.0,680.0,50.0,0,2,False,0,1,68.0,44.0,0.0,31.8,True,True,False,False,True,10,2,True,112.0,128.0,144,SPOKED,SPOKED,0,0,0.0,0.0,288.0,775.0,31.8,300.0,1.0
417.0,67.0,597.0,73.7,178.0,51.0,555.0,72.3,668.0,46.0,45.0,31.8,31.8,28.6,25.4,12.8,15.0,STEEL,33.0,51.0,49.0,330.0,350.0,16.0,18.0,True,True,130.0,2.0,0.9,1.1,0.9,1.2,1.0,0.9,680.0,50.0,680.0,50.0,0,0,False,0,1,68.0,44.0,0.0,31.8,True,True,False,False,True,9,2,True,112.0,128.0,144,SPOKED,SPOKED,0,0,0.0,0.0,286.0,765.0,31.8,300.0,1.0
428.0,74.0,612.0,72.3,168.0,54.0,550.0,73.6,656.0,45.0,45.0,34.9,32.0,30.0,26.0,13.5,15.0,STEEL,40.0,54.0,46.0,330.0,350.0,16.0,18.0,True,True,130.0,2.0,0.9,1.1,0.9,1.2,1.0,0.9,680.0,50.0,680.0,50.0,0,1,False,0,1,68.0,44.0,0.0,31.8,True,True,False,False,True,10,2,True,112.0,128.0,144,SPOKED,SPOKED,0,0,0.0,0.0,292.0,795.0,32.0,300.0,1.0
400.0,65.0,600.0,73.0,180.0,45.0,560.0,73.0,660.0,50.0,45.0,30.0,34.0,30.0,22.0,15.0,9.0,STEEL,35.0,50.0,45.0,330.0,350.0,16.0,18.0,False,False,135.0,2.0,1.2,1.8,1.2,1.2,1.2,1.2,680.0,50.0,680.0,50.0,0,1,False,0,1,68.0,45.0,0.0,31.8,True,True,False,False,True,8,1,True,112.0,128.0,144.0,SPOKED,SPOKED,0,0,0.0,0.0,278.0,760.0,34.9,300.0,1.0
405.0,63.0,610.0,73.5,185.0,47.0,565.0,73.5,655.0,52.0,45.0,32.0,35.0,30.0,23.0,16.0,9.0,STEEL,36.0,52.0,46.0,330.0,350.0,16.0,18.0,False,False,135.0,2.2,1.3,1.9,1.3,1.3,1.3,1.3,680.0,50.0,680.0,50.0,0,0,False,0,1,68.0,45.0,0.0,31.8,True,True,False,False,True,7,2,True,100.0,100.0,120.0,SPOKED,SPOKED,0,0,0.0,0.0,280.0,755.0,35.0,310.0,1.0
395.0,61.0,595.0,74.0,170.0,44.0,555.0,74.0,650.0,50.0,45.0,28.0,33.0,29.0,21.0,15.5,8.5,STEEL,34.0,49.0,44.0,330.0,350.0,16.0,18.0,False,False,132.0,2.0,1.2,1.8,1.2,1.2,1.2,1.2,680.0,50.0,680.0,50.0,0,2,False,0,1,68.0,45.0,0.0,31.8,True,True,False,False,True,9,1,True,112.0,128.0,144.0,SPOKED,SPOKED,0,0,0.0,0.0,280.0,750.0,34.9,305.0,1.0
410.0,67.0,605.0,72.5,190.0,46.0,570.0,72.5,665.0,48.0,45.0,31.0,35.0,29.5,22.5,15.0,9.5,STEEL,37.0,51.0,47.0,330.0,350.0,16.0,18.0,False,False,135.0,2.1,1.2,1.8,1.2,1.2,1.2,1.2,680.0,50.0,680.0,50.0,0,1,False,0,1,68.0,45.0,0.0,31.8,True,True,False,False,True,8,2,True,120.0,130.0,140.0,SPOKED,SPOKED,0,0,0.0,0.0,275.0,765.0,34.9,300.0,1.0
415.0,62.0,598.0,73.2,182.0,46.0,562.0,73.2,662.0,51.0,45.0,30.5,34.5,30.0,22.0,15.0,9.0,STEEL,35.5,50.5,45.5,330.0,350.0,16.0,18.0,False,False,134.0,2.0,1.2,1.8,1.2,1.2,1.2,1.2,680.0,50.0,680.0,50.0,0,1,False,0,1,68.0,45.0,0.0,31.8,True,True,False,False,True,10,1,True,90.0,100.0,110.0,SPOKED,SPOKED,0,0,0.0,0.0,278.0,758.0,34.9,300.0,1.0
390.0,60.0,590.0,74.0,165.0,43.0,550.0,74.0,645.0,49.0,45.0,29.0,33.5,29.5,21.5,15.5,8.0,STEEL,33.0,49.0,43.0,330.0,350.0,16.0,18.0,False,False,133.0,2.1,1.2,1.8,1.2,1.2,1.2,1.2,680.0,50.0,680.0,50.0,0,2,False,0,1,68.0,45.0,0.0,31.8,True,True,False,False,True,8,2,True,130.0,130.0,140.0,SPOKED,SPOKED,0,0,0.0,0.0,280.0,765.0,34.9,295.0,1.0
405.0,68.0,610.0,72.0,195.0,47.0,575.0,72.0,668.0,52.0,45.0,31.0,36.0,30.5,23.0,16.0,9.0,STEEL,38.0,53.0,48.0,330.0,350.0,16.0,18.0,False,False,136.0,2.5,1.2,1.8,1.2,1.2,1.2,1.2,680.0,50.0,680.0,50.0,0,1,False,0,1,68.0,45.0,0.0,31.8,True,True,False,False,True,6,1,True,110.0,115.0,120.0,SPOKED,SPOKED,0,0,0.0,0.0,275.0,770.0,34.9,310.0,1.0
395.0,63.0,600.0,74.5,175.0,45.0,565.0,74.5,660.0,50.0,45.0,32.0,35.0,30.0,22.0,15.0,9.0,STEEL,35.0,52.0,45.0,330.0,350.0,16.0,18.0,False,False,134.0,2.0,1.2,1.8,1.2,1.2,1.2,1.2,680.0,50.0,680.0,50.0,0,0,False,0,1,68.0,45.0,0.0,31.8,True,True,False,False,True,7,2,True,100.0,110.0,120.0,SPOKED,SPOKED,0,0,0.0,0.0,278.0,760.0,34.9,300.0,1.0
420.0,66.0,605.0,73.0,185.0,46.0,570.0,73.0,659.0,52.0,45.0,31.5,35.5,30.0,22.5,15.5,9.0,STEEL,36.0,51.0,46.0,330.0,350.0,16.0,18.0,False,False,135.0,2.3,1.2,1.8,1.2,1.2,1.2,1.2,680.0,50.0,680.0,50.0,0,1,False,0,1,68.0,45.0,0.0,31.8,True,True,False,False,True,11,1,True,120.0,125.0,130.0,SPOKED,SPOKED,0,0,0.0,0.0,280.0,755.0,34.9,300.0,1.0
400.0,64.5,598.0,74.2,178.0,44.5,560.0,74.2,655.0,50.0,45.0,29.5,33.5,29.0,21.5,15.0,8.5,STEEL,34.5,49.5,44.5,330.0,350.0,16.0,18.0,False,False,132.0,2.0,1.2,1.8,1.2,1.2,1.2,1.2,680.0,50.0,680.0,50.0,0,2,False,0,1,68.0,45.0,0.0,31.8,True,True,False,False,True,8,1,True,115.0,120.0,125.0,SPOKED,SPOKED,0,0,0.0,0.0,278.0,760.0,34.9,300.0,1.0
405.0,70.0,600.0,72.5,160.0,50.0,550.0,74.0,630.0,45.0,45.0,35.0,36.5,23.35,13.0,15.0,9,STEEL,35.0,40.0,45.0,330.0,350.0,16.0,18,False,False,130.0,2.0,0.9,1.1,0.9,1.2,1.0,0.9,680.0,52.0,680.0,52.0,0,2,False,0,1,68.0,45.0,0.0,31.8,True,True,False,False,True,8,2,True,112.0,128.0,144,DISC,DISC,1,1,80.0,80.0,280.0,760.0,34.9,300.0,1.0
410.0,72.0,610.0,73.0,170.0,55.0,560.0,73.5,635.0,45.0,45.0,35.0,36.5,23.35,13.0,15.0,9,STEEL,37.0,42.0,47.0,330.0,350.0,16.0,18,True,False,130.0,2.0,0.9,1.1,0.9,1.2,1.0,0.9,680.0,52.0,680.0,52.0,0,1,False,0,2,68.0,45.0,0.0,31.8,True,True,False,False,True,9,2,True,120.0,130.0,140,DISC,DISC,1,1,80.0,80.0,285.0,750.0,34.9,300.0,1.0
400.0,68.0,590.0,72.0,150.0,45.0,545.0,74.5,625.0,45.0,45.0,35.0,36.5,23.35,13.0,15.0,9,STEEL,33.0,38.0,43.0,330.0,350.0,16.0,18,True,True,135.0,2.0,0.9,1.1,0.9,1.2,1.0,0.9,680.0,52.0,680.0,52.0,0,0,False,0,0,68.0,45.0,0.0,31.8,True,True,False,False,True,8,2,True,100.0,115.0,125,DISC,DISC,1,1,80.0,80.0,275.0,770.0,34.9,300.0,1.0
415.0,65.0,605.0,73.0,165.0,60.0,555.0,73.0,640.0,45.0,45.0,35.0,36.5,23.35,13.0,15.0,9,STEEL,36.0,44.0,46.0,330.0,350.0,16.0,18,False,True,130.0,2.0,0.9,1.1,0.9,1.2,1.0,0.9,680.0,52.0,680.0,52.0,0,2,False,0,0,68.0,45.0,0.0,31.8,True,True,False,False,True,10,2,True,110.0,120.0,130,DISC,DISC,1,1,80.0,80.0,290.0,755.0,34.9,300.0,1.0
395.0,75.0,595.0,72.0,155.0,50.0,550.0,74.0,620.0,45.0,45.0,35.0,36.5,23.35,13.0,15.0,9,STEEL,34.0,41.0,44.0,330.0,350.0,16.0,18,True,False,130.0,2.0,0.9,1.1,0.9,1.2,1.0,0.9,680.0,52.0,680.0,52.0,0,1,False,0,2,68.0,45.0,0.0,31.8,True,True,False,False,True,8,1,True,130.0,130.0,130,DISC,DISC,1,1,80.0,80.0,280.0,765.0,34.9,300.0,2.0
420.0,70.0,610.0,72.5,180.0,58.0,565.0,73.5,645.0,45.0,45.0,35.0,36.5,23.35,13.0,15.0,9,STEEL,37.0,43.0,48.0,330.0,350.0,16.0,18,False,False,130.0,2.0,0.9,1.1,0.9,1.2,1.0,0.9,680.0,52.0,680.0,52.0,0,0,False,0,0,68.0,45.0,0.0,31.8,True,True,False,False,True,9,3,True,115.0,125.0,135,DISC,DISC,1,1,80.0,80.0,275.0,760.0,34.9,300.0,1.0
390.0,72.0,580.0,72.0,140.0,45.0,540.0,74.0,620.0,45.0,45.0,35.0,36.5,23.35,13.0,15.0,9,STEEL,32.0,36.0,42.0,330.0,350.0,16.0,18,True,True,135.0,2.0,0.9,1.1,0.9,1.2,1.0,0.9,680.0,52.0,680.0,52.0,0,2,False,0,2,68.0,45.0,0.0,31.8,True,True,False,False,True,10,2,True,90.0,100.0,110,DISC,DISC,1,1,80.0,80.0,280.0,770.0,34.9,300.0,2.0
405.0,68.0,600.0,73.5,175.0,52.0,555.0,73.0,630.0,45.0,45.0,35.0,36.5,23.35,13.0,15.0,9,STEEL,38.0,45.0,47.0,330.0,350.0,16.0,18,False,False,130.0,2.0,0.9,1.1,0.9,1.2,1.0,0.9,680.0,52.0,680.0,52.0,0,1,False,0,0,68.0,45.0,0.0,31.8,True,True,False,False,True,9,2,True,118.0,128.0,138,DISC,DISC,1,1,80.0,80.0,285.0,758.0,34.9,300.0,1.0
410.0,65.0,620.0,72.0,190.0,60.0,570.0,72.5,650.0,45.0,45.0,35.0,36.5,23.35,13.0,15.0,9,STEEL,40.0,48.0,50.0,330.0,350.0,16.0,18,True,False,130.0,2.0,0.9,1.1,0.9,1.2,1.0,0.9,680.0,52.0,680.0,52.0,0,0,False,0,2,68.0,45.0,0.0,31.8,True,True,False,False,True,10,2,True,120.0,128.0,136,DISC,DISC,1,1,80.0,80.0,290.0,750.0,34.9,300.0,2.0
395.0,70.0,595.0,73.0,160.0,50.0,552.0,74.0,635.0,45.0,45.0,35.0,36.5,23.35,13.0,15.0,9,STEEL,36.0,40.0,44.0,330.0,350.0,16.0,18,False,True,130.0,2.0,0.9,1.1,0.9,1.2,1.0,0.9,680.0,52.0,680.0,52.0,0,2,False,0,1,68.0,45.0,0.0,31.8,True,True,False,False,True,8,2,True,112.0,120.0,128,DISC,DISC,1,1,80.0,80.0,285.0,765.0,34.9,300.0,1.0
420.0,62.0,550.0,73.0,170.0,50.0,540.0,73.0,610.0,50.0,40.0,28.6,36.5,23.35,13.0,15.0,9.0,STEEL,35.0,100.0,45.0,330.0,350.0,16.0,18.0,True,False,130.0,2.0,0.9,1.1,0.9,1.2,1.0,0.9,674.0,52.0,674.0,52.0,0,2,False,0,1,68.0,45.0,0.0,31.8,True,True,False,False,True,8,2,True,112.0,128.0,144,SPOKED,SPOKED,0,0,0.0,0.0,280.0,760.0,34.9,330.0,1.0
425.0,64.0,560.0,72.0,160.0,55.0,545.0,72.0,620.0,50.0,40.0,28.6,36.5,23.35,13.0,16.0,10.0,STEEL,32.0,95.0,42.0,330.0,350.0,16.0,18.0,True,False,130.0,2.0,0.9,1.1,0.9,1.2,1.0,0.9,674.0,52.0,674.0,52.0,0,2,False,0,1,68.0,45.0,0.0,31.8,True,True,False,False,True,9,2,True,112.0,128.0,144,SPOKED,SPOKED,0,0,0.0,0.0,280.0,760.0,34.9,330.0,1.0
435.0,65.0,570.0,73.5,180.0,50.0,550.0,73.5,625.0,50.0,40.0,28.6,36.5,23.35,13.0,17.0,8.0,STEEL,38.0,105.0,48.0,330.0,350.0,16.0,18.0,True,False,135.0,2.0,0.9,1.1,0.9,1.2,1.0,0.9,674.0,52.0,674.0,52.0,0,2,False,0,1,68.0,45.0,0.0,31.8,True,True,False,False,True,7,2,True,112.0,128.0,144,SPOKED,SPOKED,0,0,0.0,0.0,280.0,760.0,34.9,330.0,1.0
430.0,63.0,555.0,74.0,190.0,52.0,548.0,73.0,615.0,50.0,40.0,28.6,36.5,23.35,13.0,18.0,9.0,STEEL,36.0,102.0,44.0,330.0,350.0,16.0,18.0,True,False,135.0,2.0,0.9,1.1,0.9,1.2,1.0,0.9,674.0,52.0,674.0,52.0,0,2,False,0,1,68.0,45.0,0.0,31.8,True,True,False,False,True,8,2,True,112.0,128.0,144,SPOKED,SPOKED,0,0,0.0,0.0,280.0,760.0,34.9,330.0,1.0
440.0,66.0,580.0,72.5,200.0,53.0,555.0,72.5,630.0,50.0,40.0,28.6,36.5,23.35,13.0,20.0,10.0,STEEL,34.0,110.0,50.0,330.0,350.0,16.0,18.0,True,False,130.0,2.0,0.9,1.1,0.9,1.2,1.0,0.9,674.0,52.0,674.0,52.0,0,2,False,0,1,68.0,45.0,0.0,31.8,True,True,False,False,True,10,2,True,112.0,128.0,144,SPOKED,SPOKED,0,0,0.0,0.0,280.0,760.0,34.9,330.0,1.0
418.0,60.0,545.0,72.8,165.0,51.0,535.0,73.0,605.0,50.0,40.0,28.6,36.5,23.35,13.0,15.0,9.0,STEEL,33.0,92.0,43.0,330.0,350.0,16.0,18.0,True,False,130.0,2.0,0.9,1.1,0.9,1.2,1.0,0.9,674.0,52.0,674.0,52.0,0,2,False,0,1,68.0,45.0,0.0,31.8,True,True,False,False,True,9,2,True,112.0,128.0,144,SPOKED,SPOKED,0,0,0.0,0.0,280.0,760.0,34.9,330.0,1.0
427.0,67.0,565.0,73.2,175.0,54.0,560.0,73.2,618.0,50.0,40.0,28.6,36.5,23.35,13.0,16.0,8.0,STEEL,37.0,108.0,47.0,330.0,350.0,16.0,18.0,True,False,135.0,2.0,0.9,1.1,0.9,1.2,1.0,0.9,674.0,52.0,674.0,52.0,0,2,False,0,1,68.0,45.0,0.0,31.8,True,True,False,False,True,8,2,True,112.0,128.0,144,SPOKED,SPOKED,0,0,0.0,0.0,280.0,760.0,34.9,330.0,1.0
422.0,62.0,575.0,74.0,185.0,56.0,552.0,74.0,622.0,50.0,40.0,28.6,36.5,23.35,13.0,18.0,9.0,STEEL,35.0,100.0,46.0,330.0,350.0,16.0,18.0,True,False,130.0,2.0,0.9,1.1,0.9,1.2,1.0,0.9,674.0,52.0,674.0,52.0,0,2,False,0,1,68.0,45.0,0.0,31.8,True,True,False,False,True,7,2,True,112.0,128.0,144,SPOKED,SPOKED,0,0,0.0,0.0,280.0,760.0,34.9,330.0,1.0
438.0,68.0,590.0,73.0,195.0,50.0,545.0,73.0,627.0,50.0,40.0,28.6,36.5,23.35,13.0,19.0,10.0,STEEL,32.0,98.0,45.0,330.0,350.0,16.0,18.0,True,False,135.0,2.0,0.9,1.1,0.9,1.2,1.0,0.9,674.0,52.0,674.0,52.0,0,2,False,0,1,68.0,45.0,0.0,31.8,True,True,False,False,True,9,2,True,112.0,128.0,144,SPOKED,SPOKED,0,0,0.0,0.0,280.0,760.0,34.9,330.0,1.0
432.0,61.0,552.0,72.2,155.0,53.0,538.0,72.2,612.0,50.0,40.0,28.6,36.5,23.35,13.0,17.0,9.0,STEEL,34.0,90.0,42.0,330.0,350.0,16.0,18.0,True,False,130.0,2.0,0.9,1.1,0.9,1.2,1.0,0.9,674.0,52.0,674.0,52.0,0,2,False,0,1,68.0,45.0,0.0,31.8,True,True,False,False,True,8,2,True,112.0,128.0,144,SPOKED,SPOKED,0,0,0.0,0.0,280.0,760.0,34.9,330.0,1.0
420.0,70.0,600.0,73.0,150.0,45.0,580.0,74.0,650.0,50.0,47.0,28.6,33.6,36.5,23.35,13.0,15,STEEL,32.0,40.0,45.0,330.0,350.0,16.0,18,False,False,130.0,2.0,0.9,1.1,0.9,1.2,1.0,0.9,680.0,52.0,680.0,52.0,0,0,False,0,1,68.0,45.0,0.0,31.8,True,True,False,False,True,8,2,True,112.0,128.0,144,SPOKED,SPOKED,0,0,0.0,0.0,280.0,740.0,34.9,300.0,1.0
425.0,65.0,610.0,73.5,155.0,50.0,585.0,73.5,655.0,48.0,48.0,28.6,33.6,36.5,23.35,13.0,15,STEEL,35.0,42.0,47.0,330.0,350.0,16.0,18,False,False,130.0,2.0,0.9,1.1,0.9,1.2,1.0,0.9,674.0,54.0,674.0,54.0,0,0,False,0,1,70.0,46.0,0.0,31.8,True,True,False,False,True,8,2,True,112.0,128.0,144,SPOKED,SPOKED,0,0,0.0,0.0,285.0,745.0,34.9,310.0,1.0
430.0,68.0,605.0,72.5,140.0,48.0,590.0,74.2,660.0,45.0,45.0,28.6,33.6,36.5,23.35,13.0,15,STEEL,30.0,38.0,46.0,330.0,350.0,16.0,18,False,False,130.0,2.0,0.9,1.1,0.9,1.2,1.0,0.9,680.0,50.0,680.0,50.0,0,0,False,0,1,68.0,44.0,0.0,31.8,True,True,False,False,True,8,2,True,112.0,128.0,144,SPOKED,SPOKED,0,0,0.0,0.0,290.0,750.0,34.9,300.0,1.0
415.0,72.0,595.0,74.0,160.0,46.0,570.0,73.0,645.0,52.0,50.0,28.6,33.6,36.5,23.35,13.0,15,STEEL,33.0,41.0,44.0,330.0,350.0,16.0,18,False,False,130.0,2.0,0.9,1.1,0.9,1.2,1.0,0.9,686.0,56.0,686.0,56.0,0,0,False,0,1,68.0,48.0,0.0,31.8,True,True,False,False,True,8,2,True,112.0,128.0,144,SPOKED,SPOKED,0,0,0.0,0.0,275.0,730.0,34.9,300.0,1.0
440.0,60.0,620.0,72.0,165.0,42.0,600.0,75.0,670.0,47.0,49.0,28.6,33.6,36.5,23.35,13.0,15,STEEL,38.0,45.0,49.0,330.0,350.0,16.0,18,False,False,130.0,2.0,0.9,1.1,0.9,1.2,1.0,0.9,682.0,53.0,682.0,53.0,0,0,False,0,1,68.0,45.0,0.0,31.8,True,True,False,False,True,8,2,True,112.0,128.0,144,SPOKED,SPOKED,0,0,0.0,0.0,300.0,760.0,34.9,300.0,1.0
405.0,75.0,585.0,73.2,145.0,44.0,575.0,74.5,640.0,49.0,46.0,28.6,33.6,36.5,23.35,13.0,15,STEEL,34.0,39.0,45.0,330.0,350.0,16.0,18,False,False,130.0,2.0,0.9,1.1,0.9,1.2,1.0,0.9,678.0,54.0,678.0,54.0,0,0,False,0,1,68.0,44.0,0.0,31.8,True,True,False,False,True,8,2,True,112.0,128.0,144,SPOKED,SPOKED,0,0,0.0,0.0,282.0,738.0,34.9,300.0,1.0
450.0,65.0,600.0,73.8,150.0,45.0,580.0,73.6,660.0,50.0,47.0,28.6,33.6,36.5,23.35,13.0,15,STEEL,32.0,40.0,45.0,330.0,350.0,16.0,18,False,False,130.0,2.0,0.9,1.1,0.9,1.2,1.0,0.9,680.0,52.0,680.0,52.0,0,0,False,0,1,70.0,46.0,0.0,31.8,True,True,False,False,True,8,2,True,112.0,128.0,144,SPOKED,SPOKED,0,0,0.0,0.0,288.0,748.0,34.9,300.0,1.0
435.0,62.0,615.0,72.8,170.0,47.0,590.0,74.8,655.0,46.0,45.0,28.6,33.6,36.5,23.35,13.0,15,STEEL,31.0,43.0,46.0,330.0,350.0,16.0,18,False,False,130.0,2.0,0.9,1.1,0.9,1.2,1.0,0.9,684.0,55.0,684.0,55.0,0,0,False,0,1,68.0,47.0,0.0,31.8,True,True,False,False,True,8,2,True,112.0,128.0,144,SPOKED,SPOKED,0,0,0.0,0.0,295.0,755.0,34.9,300.0,1.0
425.0,68.0,590.0,74.5,155.0,49.0,585.0,73.4,650.0,45.0,46.0,28.6,33.6,36.5,23.35,13.0,15,STEEL,33.0,42.0,45.0,330.0,350.0,16.0,18,False,False,130.0,2.0,0.9,1.1,0.9,1.2,1.0,0.9,672.0,50.0,672.0,50.0,0,0,False,0,1,70.0,44.0,0.0,31.8,True,True,False,False,True,8,2,True,112.0,128.0,144,SPOKED,SPOKED,0,0,0.0,0.0,280.0,740.0,34.9,300.0,1.0
455.0,70.0,605.0,73.3,160.0,46.0,600.0,74.1,665.0,48.0,48.0,28.6,33.6,36.5,23.35,13.0,15,STEEL,36.0,44.0,48.0,330.0,350.0,16.0,18,False,False,130.0,2.0,0.9,1.1,0.9,1.2,1.0,0.9,690.0,57.0,690.0,57.0,0,0,False,0,1,68.0,48.0,0.0,31.8,True,True,False,False,True,8,2,True,112.0,128.0,144,SPOKED,SPOKED,0,0,0.0,0.0,300.0,760.0,34.9,300.0,1.0
430.0,75.0,610.0,73.0,170.0,50.0,560.0,73.0,640.0,50.0,40.0,33.6,33.6,33.6,33.6,15.0,16.0,STEEL,32.0,52.0,44.0,335.0,355.0,16.0,16.0,True,True,130.0,2.0,1.0,1.1,0.9,0.9,0.9,1.0,674.0,52.0,674.0,52.0,0,0,False,0,1,68.0,45.0,0.0,31.8,True,True,False,False,True,8,2,True,112.0,128.0,144,SPOKED,SPOKED,0,0,0.0,0.0,280.0,760.0,34.9,350.0,1.0
420.0,75.0,605.0,74.0,180.0,55.0,570.0,72.0,650.0,48.0,50.0,36.5,36.5,36.5,36.5,15.0,15.0,STEEL,34.0,54.0,46.0,330.0,350.0,17.0,17.0,True,True,130.0,2.0,1.0,1.0,1.2,1.0,1.0,1.1,680.0,52.0,680.0,52.0,0,0,False,0,1,68.0,45.0,0.0,31.8,True,True,False,False,True,9,1,True,112.0,128.0,144,SPOKED,SPOKED,0,0,0.0,0.0,282.0,770.0,34.9,360.0,1.0
440.0,70.0,620.0,72.5,160.0,52.0,550.0,73.5,630.0,55.0,45.0,28.6,28.6,28.6,28.6,16.0,14.0,STEEL,30.0,50.0,42.0,340.0,360.0,16.0,18.0,True,True,130.0,2.0,0.9,1.1,0.9,0.9,0.9,1.0,674.0,52.0,674.0,52.0,0,0,False,0,1,68.0,45.0,0.0,31.8,True,True,False,False,True,10,2,True,112.0,128.0,144,SPOKED,SPOKED,0,0,0.0,0.0,285.0,750.0,34.9,360.0,1.0
430.0,72.0,600.0,73.5,175.0,48.0,565.0,72.5,635.0,52.0,40.0,33.0,33.0,33.0,33.0,14.0,15.0,STEEL,33.0,53.0,43.0,335.0,355.0,16.0,18.0,True,True,130.0,2.0,1.1,1.2,1.0,1.0,1.0,1.0,680.0,68.0,680.0,68.0,0,0,False,0,1,68.0,45.0,0.0,31.8,True,True,False,True,True,8,1,True,112.0,128.0,144,SPOKED,SPOKED,0,0,0.0,0.0,280.0,765.0,34.9,350.0,1.0
445.0,78.0,630.0,72.0,190.0,60.0,580.0,74.0,660.0,45.0,45.0,36.5,36.5,36.5,36.5,17.0,17.0,STEEL,36.0,56.0,48.0,345.0,365.0,16.0,16.0,False,False,130.0,2.0,0.9,1.0,0.9,0.9,0.9,1.0,700.0,78.0,700.0,78.0,0,0,False,0,1,68.0,45.0,0.0,31.8,True,True,False,False,True,9,2,True,112.0,128.0,144,SPOKED,SPOKED,0,0,0.0,0.0,290.0,780.0,34.9,360.0,1.0
425.0,73.0,595.0,73.0,155.0,47.0,545.0,73.0,620.0,53.0,40.0,29.0,29.0,29.0,29.0,15.0,14.0,STEEL,31.0,49.0,41.0,332.0,352.0,16.0,18.0,True,True,130.0,2.0,0.9,1.1,0.9,0.9,0.9,1.0,674.0,52.0,674.0,52.0,0,0,False,0,2,68.0,45.0,0.0,31.8,True,True,True,True,True,8,2,True,112.0,128.0,144,SPOKED,SPOKED,0,0,0.0,0.0,275.0,755.0,34.9,355.0,1.0
435.0,76.0,615.0,72.5,165.0,53.0,555.0,73.0,645.0,47.0,45.0,33.6,33.6,33.6,33.6,16.0,15.0,STEEL,33.0,51.0,44.0,340.0,360.0,16.0,18.0,True,True,130.0,2.0,0.9,1.1,0.9,0.9,0.9,1.0,670.0,52.0,670.0,52.0,0,0,False,0,1,68.0,42.0,0.0,31.8,True,True,False,True,True,7,2,True,112.0,128.0,144,SPOKED,SPOKED,0,0,0.0,0.0,285.0,770.0,34.9,360.0,1.0
450.0,80.0,620.0,74.0,185.0,58.0,575.0,74.0,655.0,46.0,50.0,36.5,36.5,36.5,36.5,18.0,18.0,STEEL,35.0,58.0,47.0,345.0,365.0,17.0,17.0,True,True,135.0,2.0,1.0,1.1,1.0,1.0,1.0,1.1,680.0,52.0,680.0,52.0,0,0,False,0,1,68.0,45.0,0.0,31.8,True,True,True,False,True,9,2,True,112.0,128.0,144,SPOKED,SPOKED,0,0,0.0,0.0,290.0,780.0,34.9,365.0,1.0
415.0,70.0,590.0,73.5,158.0,46.0,545.0,73.0,625.0,50.0,40.0,28.6,28.6,28.6,28.6,15.0,15.0,STEEL,29.0,48.0,40.0,330.0,350.0,16.0,18.0,True,True,130.0,2.0,0.9,1.1,0.9,0.9,0.9,1.0,674.0,52.0,674.0,52.0,0,0,False,0,2,68.0,42.0,0.0,31.8,True,True,False,False,True,8,1,True,112.0,128.0,144,SPOKED,SPOKED,0,0,0.0,0.0,270.0,740.0,34.9,350.0,1.0
425.0,77.0,625.0,72.0,162.0,51.0,555.0,72.5,635.0,54.0,45.0,33.6,33.6,33.6,33.6,16.0,16.0,STEEL,32.0,53.0,43.0,335.0,355.0,17.0,17.0,False,True,130.0,2.0,1.0,1.0,1.1,1.0,1.0,1.1,686.0,52.0,686.0,52.0,0,0,False,0,1,68.0,45.0,0.0,31.8,True,True,True,True,True,8,3,True,112.0,128.0,144,SPOKED,SPOKED,0,0,0.0,0.0,280.0,765.0,34.9,370.0,1.0
400.0,70.0,600.0,73.5,160.0,50.0,580.0,74.0,640.0,50.0,40.0,30.0,38.0,25.0,23.0,13.0,15.0,STEEL,35.0,40.0,50.0,330.0,350.0,16.0,18.0,False,False,130.0,2.0,1.0,1.0,1.1,1.0,0.9,1.1,680.0,56.0,680.0,56.0,0,0,False,0,1,68.0,45.0,0.0,31.8,True,True,False,False,True,9,2,True,112.0,128.0,144,SPOKED,SPOKED,0,0,0.0,0.0,290.0,750.0,36.0,320.0,1.0
390.0,68.0,610.0,73.0,155.0,48.0,575.0,74.5,645.0,48.0,42.0,32.0,37.0,24.0,22.0,13.0,15.0,STEEL,33.0,38.0,48.0,330.0,350.0,16.0,18.0,False,False,130.0,2.0,1.1,1.0,1.0,1.0,0.9,1.1,682.0,58.0,682.0,58.0,0,1,False,0,1,68.0,44.0,0.0,31.8,True,True,False,False,True,10,2,True,100.0,110.0,120,SPOKED,SPOKED,0,0,0.0,0.0,295.0,760.0,35.0,330.0,1.0
410.0,72.0,620.0,74.0,170.0,52.0,590.0,73.5,650.0,52.0,41.0,31.0,39.0,26.0,24.0,13.0,15.0,STEEL,40.0,45.0,55.0,330.0,350.0,16.0,18.0,False,False,130.0,2.0,0.9,1.1,1.2,1.0,0.9,1.1,678.0,54.0,678.0,54.0,0,2,False,0,1,68.0,46.0,0.0,31.8,True,True,False,False,True,11,1,True,112.0,128.0,144,SPOKED,SPOKED,0,0,0.0,0.0,280.0,740.0,37.0,340.0,1.0
420.0,75.0,630.0,72.5,180.0,55.0,600.0,73.0,635.0,47.0,44.0,31.0,39.0,26.0,24.0,13.0,15.0,STEEL,38.0,42.0,52.0,330.0,350.0,16.0,18.0,False,False,130.0,2.0,1.2,1.1,1.0,1.0,0.9,1.1,690.0,60.0,690.0,60.0,0,0,False,0,1,68.0,45.0,0.0,31.8,True,True,False,False,True,9,2,True,112.0,128.0,144,SPOKED,SPOKED,0,0,0.0,0.0,300.0,780.0,36.0,310.0,1.0
380.0,65.0,595.0,74.5,150.0,48.0,570.0,75.0,630.0,46.0,40.0,29.0,36.0,23.0,21.0,13.0,15.0,STEEL,33.0,38.0,48.0,330.0,350.0,16.0,18.0,False,False,130.0,2.0,0.9,0.9,1.1,1.0,0.9,1.1,675.0,54.0,675.0,54.0,0,1,False,0,1,68.0,42.0,0.0,31.8,True,True,False,False,True,8,3,True,96.0,104.0,112,SPOKED,SPOKED,0,0,0.0,0.0,285.0,730.0,35.0,350.0,1.0
430.0,70.0,605.0,73.8,165.0,53.0,585.0,74.2,655.0,51.0,41.0,34.0,38.0,27.0,25.0,13.0,15.0,STEEL,37.0,43.0,53.0,330.0,350.0,16.0,18.0,False,False,130.0,2.0,1.0,1.1,1.2,1.0,0.9,1.1,685.0,57.0,685.0,57.0,0,2,False,0,1,68.0,44.0,0.0,31.8,True,True,False,False,True,12,2,True,120.0,130.0,140,SPOKED,SPOKED,0,0,0.0,0.0,295.0,755.0,38.0,325.0,1.0
415.0,72.5,620.0,73.2,172.0,54.0,595.0,73.7,648.0,49.0,43.0,33.0,39.0,25.0,23.0,13.0,15.0,STEEL,36.0,41.0,51.0,330.0,350.0,16.0,18.0,False,False,130.0,2.0,1.0,1.0,1.1,1.0,0.9,1.1,680.0,56.0,680.0,56.0,0,1,False,0,1,68.0,43.0,0.0,31.8,True,True,False,False,True,10,2,True,110.0,120.0,130,SPOKED,SPOKED,0,0,0.0,0.0,300.0,760.0,37.0,345.0,1.0
395.0,69.0,615.0,74.2,168.0,51.0,580.0,74.8,642.0,53.0,42.0,32.0,38.0,24.0,22.0,13.0,15.0,STEEL,39.0,44.0,54.0,330.0,350.0,16.0,18.0,False,False,130.0,2.0,1.0,1.2,1.0,1.0,0.9,1.1,677.0,55.0,677.0,55.0,0,0,False,0,1,68.0,44.0,0.0,31.8,True,True,False,False,True,9,2,True,112.0,118.0,132,SPOKED,SPOKED,0,0,0.0,0.0,292.0,745.0,36.5,315.0,1.0
405.0,71.0,625.0,72.8,175.0,56.0,605.0,73.3,655.0,50.0,44.0,34.0,40.0,26.0,24.0,13.0,15.0,STEEL,42.0,47.0,57.0,330.0,350.0,16.0,18.0,False,False,130.0,2.0,1.1,1.0,1.1,1.0,0.9,1.1,688.0,59.0,688.0,59.0,0,2,False,0,1,68.0,45.0,0.0,31.8,True,True,False,False,True,11,2,True,115.0,125.0,135,SPOKED,SPOKED,0,0,0.0,0.0,298.0,765.0,38.0,340.0,1.0
425.0,67.0,590.0,73.4,158.0,49.0,575.0,74.6,635.0,47.0,41.0,30.0,37.0,23.0,21.0,13.0,15.0,STEEL,34.0,39.0,49.0,330.0,350.0,16.0,18.0,False,False,130.0,2.0,1.0,0.9,1.0,1.0,0.9,1.1,675.0,54.0,675.0,54.0,0,1,False,0,1,68.0,43.0,0.0,31.8,True,True,False,False,True,9,2,True,108.0,118.0,128,SPOKED,SPOKED,0,0,0.0,0.0,290.0,740.0,36.0,345.0,1.0
425.0,72.0,610.0,73.0,160.0,45.0,550.0,73.0,650.0,45.0,45.0,28.6,34.9,23.35,13.0,15.0,15.0,STEEL,40.0,50.0,45.0,330.0,350.0,16.0,18.0,False,False,130.0,2.0,2.0,2.0,2.0,2.0,2.0,2.0,674.0,52.0,674.0,52.0,0,0,False,0,1,68.0,45.0,0.0,31.8,True,True,False,False,True,9,2,True,112.0,128.0,144,SPOKED,SPOKED,0,0,0.0,0.0,280.0,780.0,34.9,330.0,1.0
430.0,68.0,600.0,72.5,155.0,45.0,545.0,73.5,645.0,50.0,40.0,30.0,33.0,24.0,14.0,13.0,15.0,STEEL,35.0,55.0,50.0,330.0,350.0,16.0,18.0,False,False,135.0,2.0,2.0,2.0,2.0,2.0,2.0,2.0,674.0,52.0,674.0,52.0,0,0,False,0,1,68.0,45.0,0.0,31.8,True,True,False,False,True,9,2,True,112.0,128.0,144,SPOKED,SPOKED,0,0,0.0,0.0,282.0,785.0,34.9,330.0,1.0
420.0,75.0,620.0,73.5,170.0,45.0,560.0,74.0,655.0,45.0,42.0,29.0,36.0,23.0,14.0,15.0,15.0,STEEL,45.0,60.0,40.0,330.0,350.0,16.0,18.0,False,False,130.0,2.0,2.0,2.0,2.0,2.0,2.0,2.0,674.0,52.0,674.0,52.0,0,0,False,0,1,68.0,45.0,0.0,31.8,True,True,False,False,True,9,2,True,112.0,128.0,144,SPOKED,SPOKED,0,0,0.0,0.0,278.0,775.0,34.9,330.0,1.0
415.0,70.0,605.0,72.0,165.0,45.0,550.0,72.5,648.0,48.0,44.0,28.6,33.6,23.35,13.0,15.0,15.0,STEEL,38.0,48.0,46.0,330.0,350.0,16.0,18.0,False,False,135.0,2.0,2.0,2.0,2.0,2.0,2.0,2.0,674.0,52.0,674.0,52.0,0,0,False,0,1,68.0,45.0,0.0,31.8,True,True,False,False,True,9,2,True,112.0,128.0,144,SPOKED,SPOKED,0,0,0.0,0.0,285.0,790.0,34.9,330.0,1.0
435.0,65.0,595.0,73.0,158.0,45.0,540.0,73.0,640.0,45.0,40.0,32.0,34.9,23.35,12.5,15.0,15.0,STEEL,42.0,50.0,48.0,330.0,350.0,16.0,18.0,False,False,130.0,2.0,2.0,2.0,2.0,2.0,2.0,2.0,674.0,52.0,674.0,52.0,0,0,False,0,1,68.0,45.0,0.0,31.8,True,True,False,False,True,9,2,True,112.0,128.0,144,SPOKED,SPOKED,0,0,0.0,0.0,276.0,770.0,34.9,330.0,1.0
440.0,72.0,615.0,74.0,162.0,45.0,555.0,74.0,652.0,46.0,42.0,28.6,36.5,23.35,13.5,15.0,15.0,STEEL,43.0,53.0,44.0,330.0,350.0,16.0,18.0,False,False,135.0,2.0,2.0,2.0,2.0,2.0,2.0,2.0,674.0,52.0,674.0,52.0,0,0,False,0,1,68.0,45.0,0.0,31.8,True,True,False,False,True,9,2,True,112.0,128.0,144,SPOKED,SPOKED,0,0,0.0,0.0,290.0,800.0,34.9,330.0,1.0
428.0,70.0,605.0,72.5,160.0,45.0,550.0,73.5,650.0,47.0,44.0,29.5,34.9,24.0,13.0,15.0,15.0,STEEL,40.0,52.0,45.0,330.0,350.0,16.0,18.0,False,False,130.0,2.0,2.0,2.0,2.0,2.0,2.0,2.0,674.0,52.0,674.0,52.0,0,0,False,0,1,68.0,45.0,0.0,31.8,True,True,False,False,True,9,2,True,112.0,128.0,144,SPOKED,SPOKED,0,0,0.0,0.0,279.0,782.0,34.9,330.0,1.0
425.0,68.0,610.0,73.0,168.0,45.0,565.0,72.8,655.0,44.0,43.0,30.0,34.9,23.0,13.0,15.0,15.0,STEEL,44.0,57.0,47.0,330.0,350.0,16.0,18.0,False,False,135.0,2.0,2.0,2.0,2.0,2.0,2.0,2.0,674.0,52.0,674.0,52.0,0,0,False,0,1,68.0,45.0,0.0,31.8,True,True,False,False,True,9,2,True,112.0,128.0,144,SPOKED,SPOKED,0,0,0.0,0.0,282.0,788.0,34.9,330.0,1.0
432.0,69.0,618.0,73.3,170.0,45.0,560.0,73.2,648.0,45.0,45.0,28.6,36.0,23.35,14.0,15.0,15.0,STEEL,46.0,54.0,42.0,330.0,350.0,16.0,18.0,False,False,130.0,2.0,2.0,2.0,2.0,2.0,2.0,2.0,674.0,52.0,674.0,52.0,0,0,False,0,1,68.0,45.0,0.0,31.8,True,True,False,False,True,9,2,True,112.0,128.0,144,SPOKED,SPOKED,0,0,0.0,0.0,277.0,776.0,34.9,330.0,1.0
418.0,71.0,607.0,72.2,155.0,45.0,545.0,72.6,642.0,46.0,40.0,29.0,34.9,23.35,13.5,15.0,15.0,STEEL,39.0,51.0,43.0,330.0,350.0,16.0,18.0,False,False,130.0,2.0,2.0,2.0,2.0,2.0,2.0,2.0,674.0,52.0,674.0,52.0,0,0,False,0,1,68.0,45.0,0.0,31.8,True,True,False,False,True,9,2,True,112.0,128.0,144,SPOKED,SPOKED,0,0,0.0,0.0,281.0,781.0,34.9,330.0,1.0
410.0,70.0,600.0,73.0,160.0,45.0,560.0,73.0,650.0,45.0,40.0,28.6,33.6,23.35,23.35,13.0,15.0,STEEL,30.0,50.0,45.0,330.0,350.0,16.0,18.0,False,False,130.0,2.0,0.9,1.1,0.9,1.2,1.0,0.9,680.0,40.0,680.0,40.0,0,0,False,0,1,68.0,45.0,0.0,31.8,True,True,True,True,True,10,2,True,112.0,128.0,144,SPOKED,SPOKED,0,0,0.0,0.0,280.0,740.0,33.6,350.0,1.0
415.0,70.0,605.0,73.5,165.0,48.0,565.0,73.5,655.0,44.0,40.0,28.6,33.6,23.35,23.35,13.0,15.0,STEEL,31.0,52.0,46.0,330.0,350.0,16.0,18.0,False,False,130.0,2.0,0.9,1.1,0.9,1.2,1.0,0.9,680.0,40.0,680.0,40.0,0,1,False,0,1,68.0,45.0,0.0,31.8,True,True,True,True,True,10,1,True,112.0,128.0,144,SPOKED,SPOKED,0,0,0.0,0.0,282.0,745.0,33.6,355.0,1.0
405.0,75.0,595.0,72.5,155.0,42.0,555.0,72.5,645.0,46.0,40.0,28.6,33.6,23.35,23.35,13.0,15.0,STEEL,29.0,48.0,44.0,330.0,350.0,16.0,18.0,False,False,135.0,2.0,0.9,1.1,0.9,1.2,1.0,0.9,680.0,45.0,680.0,42.0,0,2,False,0,1,68.0,45.0,0.0,31.8,True,True,True,True,True,10,2,True,112.0,128.0,144,SPOKED,SPOKED,0,0,0.0,0.0,285.0,730.0,33.6,360.0,1.0
420.0,68.0,610.0,72.0,170.0,50.0,570.0,72.0,660.0,47.0,40.0,28.6,33.6,23.35,23.35,13.0,15.0,STEEL,32.0,52.0,48.0,330.0,350.0,16.0,18.0,False,False,130.0,2.0,0.9,1.1,0.9,1.2,1.0,0.9,680.0,40.0,680.0,40.0,0,0,False,0,1,68.0,45.0,0.0,31.8,True,True,True,True,True,9,2,True,112.0,128.0,144,SPOKED,SPOKED,0,0,0.0,0.0,278.0,750.0,33.6,350.0,1.0
412.0,72.0,590.0,74.0,158.0,44.0,558.0,74.0,648.0,44.0,40.0,28.6,33.6,23.35,23.35,13.0,15.0,STEEL,28.0,49.0,42.0,330.0,350.0,16.0,18.0,False,False,130.0,2.0,0.9,1.1,0.9,1.2,1.0,0.9,680.0,40.0,680.0,40.0,0,1,False,0,1,68.0,45.0,0.0,31.8,True,True,True,True,True,10,1,True,112.0,128.0,144,SPOKED,SPOKED,0,0,0.0,0.0,280.0,735.0,33.6,345.0,1.0
418.0,70.0,605.0,73.2,162.0,46.0,563.0,73.2,653.0,45.0,40.0,28.6,33.6,23.35,23.35,13.0,15.0,STEEL,30.0,51.0,47.0,330.0,350.0,16.0,18.0,False,False,130.0,2.0,0.9,1.1,0.9,1.2,1.0,0.9,680.0,40.0,680.0,40.0,0,2,False,0,1,68.0,45.0,0.0,31.8,True,True,True,True,True,9,2,True,112.0,128.0,144,SPOKED,SPOKED,0,0,0.0,0.0,282.0,745.0,33.6,350.0,1.0
408.0,69.0,598.0,72.8,168.0,47.0,568.0,72.8,660.0,46.0,40.0,28.6,33.6,23.35,23.35,13.0,15.0,STEEL,33.0,53.0,49.0,330.0,350.0,16.0,18.0,False,False,130.0,2.0,0.9,1.1,0.9,1.2,1.0,0.9,680.0,40.0,680.0,40.0,0,0,False,0,1,68.0,45.0,0.0,31.8,True,True,True,True,True,10,2,True,112.0,128.0,144,SPOKED,SPOKED,0,0,0.0,0.0,278.0,730.0,33.6,345.0,1.0
422.0,71.0,602.0,73.7,150.0,43.0,553.0,73.7,640.0,44.0,40.0,28.6,33.6,23.35,23.35,13.0,15.0,STEEL,29.0,47.0,43.0,330.0,350.0,16.0,18.0,False,False,130.0,2.0,0.9,1.1,0.9,1.2,1.0,0.9,680.0,40.0,680.0,40.0,0,1,False,0,1,68.0,45.0,0.0,31.8,True,True,True,True,True,9,1,True,112.0,128.0,144,SPOKED,SPOKED,0,0,0.0,0.0,280.0,740.0,33.6,350.0,1.0
416.0,69.0,600.0,73.3,164.0,49.0,567.0,73.3,657.0,45.0,40.0,28.6,33.6,23.35,23.35,13.0,15.0,STEEL,31.0,50.0,45.0,330.0,350.0,16.0,18.0,False,False,130.0,2.0,0.9,1.1,0.9,1.2,1.0,0.9,680.0,40.0,680.0,40.0,0,2,False,0,1,68.0,45.0,0.0,31.8,True,True,True,True,True,10,2,True,112.0,128.0,144,SPOKED,SPOKED,0,0,0.0,0.0,282.0,755.0,33.6,355.0,1.0
414.0,70.0,607.0,72.3,160.0,45.0,560.0,72.3,650.0,44.0,40.0,28.6,33.6,23.35,23.35,13.0,15.0,STEEL,30.0,50.0,45.0,330.0,350.0,16.0,18.0,False,False,130.0,2.0,0.9,1.1,0.9,1.2,1.0,0.9,680.0,40.0,680.0,40.0,0,0,False,0,1,68.0,45.0,0.0,31.8,True,True,True,True,True,10,1,True,112.0,128.0,144,SPOKED,SPOKED,0,0,0.0,0.0,278.0,760.0,33.6,350.0,1.0
405.0,68.0,620.0,73.5,160.0,45.0,580.0,73.0,650.0,50.0,45.0,35.0,36.0,23.0,23.0,13.0,15.0,STEEL,35.0,35.0,45.0,330.0,350.0,16.0,18.0,False,False,130.0,2.0,0.9,1.1,0.9,1.2,1.0,0.9,680.0,50.0,680.0,50.0,0,1,False,0,1,68.0,45.0,0.0,31.8,True,True,True,True,True,9,2,True,112.0,128.0,144,SPOKED,SPOKED,0,0,80.0,80.0,280.0,760.0,34.9,300.0,1.0
415.0,70.0,610.0,72.0,150.0,50.0,560.0,73.5,660.0,45.0,45.0,35.0,36.0,23.0,23.0,13.0,15.0,STEEL,33.0,34.0,46.0,330.0,350.0,16.0,18.0,False,False,135.0,2.0,0.9,1.1,0.9,1.2,1.0,0.9,680.0,50.0,680.0,50.0,0,1,False,0,1,68.0,45.0,0.0,31.8,True,True,True,True,True,9,2,True,100.0,100.0,120,SPOKED,SPOKED,0,0,80.0,80.0,280.0,760.0,34.9,300.0,1.0
420.0,65.0,630.0,74.0,170.0,48.0,590.0,72.5,640.0,52.0,45.0,35.0,36.0,23.0,23.0,13.0,15.0,STEEL,36.0,37.0,44.0,330.0,350.0,16.0,18.0,False,False,130.0,2.0,0.9,1.1,0.9,1.2,1.0,0.9,680.0,50.0,680.0,50.0,0,1,False,0,1,68.0,45.0,0.0,31.8,True,True,True,True,True,9,2,True,90.0,90.0,100,SPOKED,SPOKED,0,0,80.0,80.0,280.0,760.0,34.9,300.0,1.0
400.0,75.0,600.0,73.0,140.0,45.0,555.0,73.0,655.0,48.0,45.0,35.0,36.0,23.0,23.0,13.0,15.0,STEEL,34.0,36.0,47.0,330.0,350.0,16.0,18.0,False,False,132.0,2.0,0.9,1.1,0.9,1.2,1.0,0.9,680.0,50.0,680.0,50.0,0,1,False,0,1,68.0,45.0,0.0,31.8,True,True,True,True,True,9,2,True,120.0,128.0,136,SPOKED,SPOKED,0,0,80.0,80.0,280.0,760.0,34.9,300.0,1.0
430.0,67.0,625.0,72.5,155.0,46.0,570.0,73.0,665.0,50.0,45.0,35.0,36.0,23.0,23.0,13.0,15.0,STEEL,35.0,34.0,45.0,330.0,350.0,16.0,18.0,False,False,130.0,2.0,0.9,1.1,0.9,1.2,1.0,0.9,680.0,50.0,680.0,50.0,0,1,False,0,1,68.0,45.0,0.0,31.8,True,True,True,True,True,9,2,True,128.0,128.0,128,SPOKED,SPOKED,0,0,80.0,80.0,280.0,760.0,34.9,300.0,1.0
390.0,69.0,615.0,73.5,165.0,47.0,580.0,73.5,630.0,49.0,45.0,35.0,36.0,23.0,23.0,13.0,15.0,STEEL,37.0,35.0,46.0,330.0,350.0,16.0,18.0,False,False,130.0,2.0,0.9,1.1,0.9,1.2,1.0,0.9,680.0,50.0,680.0,50.0,0,1,False,0,1,68.0,45.0,0.0,31.8,True,True,True,True,True,9,2,True,105.0,105.0,110,SPOKED,SPOKED,0,0,80.0,80.0,280.0,760.0,34.9,300.0,1.0
425.0,72.0,635.0,72.0,180.0,50.0,600.0,74.0,670.0,45.0,45.0,35.0,36.0,23.0,23.0,13.0,15.0,STEEL,38.0,38.0,48.0,330.0,350.0,16.0,18.0,False,False,138.0,2.0,0.9,1.1,0.9,1.2,1.0,0.9,680.0,50.0,680.0,50.0,0,1,False,0,1,68.0,45.0,0.0,31.8,True,True,True,True,True,9,2,True,100.0,110.0,120,SPOKED,SPOKED,0,0,80.0,80.0,280.0,760.0,34.9,300.0,1.0
410.0,68.5,607.0,73.0,158.0,44.0,550.0,73.0,645.0,51.0,45.0,35.0,36.0,23.0,23.0,13.0,15.0,STEEL,34.0,33.0,45.5,330.0,350.0,16.0,18.0,False,False,130.0,2.0,0.9,1.1,0.9,1.2,1.0,0.9,680.0,50.0,680.0,50.0,0,1,False,0,1,68.0,45.0,0.0,31.8,True,True,True,True,True,9,2,True,110.0,120.0,130,SPOKED,SPOKED,0,0,80.0,80.0,280.0,760.0,34.9,300.0,1.0
395.0,66.0,620.0,74.5,145.0,46.0,565.0,72.5,660.0,47.0,45.0,35.0,36.0,23.0,23.0,13.0,15.0,STEEL,33.5,35.5,44.5,330.0,350.0,16.0,18.0,False,False,130.0,2.0,0.9,1.1,0.9,1.2,1.0,0.9,680.0,50.0,680.0,50.0,0,1,False,0,1,68.0,45.0,0.0,31.8,True,True,True,True,True,9,2,True,115.0,115.0,115,SPOKED,SPOKED,0,0,80.0,80.0,280.0,760.0,34.9,300.0,1.0
435.0,71.0,618.0,73.0,168.0,49.0,585.0,73.5,658.0,50.0,45.0,35.0,36.0,23.0,23.0,13.0,15.0,STEEL,36.0,36.5,47.0,330.0,350.0,16.0,18.0,False,False,136.0,2.0,0.9,1.1,0.9,1.2,1.0,0.9,680.0,50.0,680.0,50.0,0,1,False,0,1,68.0,45.0,0.0,31.8,True,True,True,True,True,9,2,True,130.0,128.0,128,SPOKED,SPOKED,0,0,80.0,80.0,280.0,760.0,34.9,300.0,1.0
405.0,70.0,600.0,73.0,150.0,45.0,550.0,73.5,650.0,50.0,40.0,28.6,36.5,23.35,20.5,15.0,9.0,STEEL,35.0,50.0,50.0,330.0,350.0,16.0,18.0,False,False,135.0,2.0,0.9,1.1,0.9,1.2,1.0,0.9,674.0,52.0,674.0,52.0,0,2,False,0,1,68.0,45.0,0.0,31.8,True,True,False,False,True,8,2,True,112.0,128.0,144,SPOKED,SPOKED,0,0,80.0,80.0,278.0,700.0,34.9,330.0,1.0
395.0,72.0,610.0,73.5,160.0,50.0,540.0,73.0,655.0,48.0,40.0,28.6,36.5,23.35,20.5,15.0,9.0,STEEL,35.0,50.0,50.0,330.0,350.0,16.0,18.0,False,False,132.0,2.0,0.9,1.1,0.9,1.2,1.0,0.9,674.0,52.0,674.0,52.0,0,2,False,0,1,68.0,45.0,0.0,31.8,True,True,False,False,True,8,2,True,105.0,120.0,135,SPOKED,SPOKED,0,0,80.0,80.0,278.0,700.0,34.9,330.0,1.0
415.0,68.0,590.0,72.5,145.0,48.0,545.0,74.0,645.0,52.0,40.0,28.6,36.5,23.35,20.5,15.0,9.0,STEEL,35.0,50.0,50.0,330.0,350.0,16.0,18.0,False,False,138.0,2.0,0.9,1.1,0.9,1.2,1.0,0.9,674.0,52.0,674.0,52.0,0,2,False,0,1,68.0,45.0,0.0,31.8,True,True,False,False,True,8,2,True,120.0,130.0,140,SPOKED,SPOKED,0,0,80.0,80.0,278.0,700.0,34.9,330.0,1.0
402.0,75.0,620.0,74.0,170.0,47.0,560.0,73.5,660.0,45.0,40.0,28.6,36.5,23.35,20.5,15.0,9.0,STEEL,35.0,50.0,50.0,330.0,350.0,16.0,18.0,False,False,140.0,2.0,0.9,1.1,0.9,1.2,1.0,0.9,674.0,52.0,674.0,52.0,0,2,False,0,1,68.0,45.0,0.0,31.8,True,True,False,False,True,8,2,True,115.0,125.0,130,SPOKED,SPOKED,0,0,80.0,80.0,278.0,700.0,34.9,330.0,1.0
410.0,65.0,580.0,72.0,155.0,46.0,535.0,74.0,640.0,55.0,40.0,28.6,36.5,23.35,20.5,15.0,9.0,STEEL,35.0,50.0,50.0,330.0,350.0,16.0,18.0,False,False,130.0,2.0,0.9,1.1,0.9,1.2,1.0,0.9,674.0,52.0,674.0,52.0,0,2,False,0,1,68.0,45.0,0.0,31.8,True,True,False,False,True,8,2,True,110.0,118.0,130,SPOKED,SPOKED,0,0,80.0,80.0,278.0,700.0,34.9,330.0,1.0
390.0,70.0,605.0,73.0,150.0,44.0,550.0,73.5,650.0,50.0,40.0,28.6,36.5,23.35,20.5,15.0,9.0,STEEL,35.0,50.0,50.0,330.0,350.0,16.0,18.0,False,False,134.0,2.0,0.9,1.1,0.9,1.2,1.0,0.9,674.0,52.0,674.0,52.0,0,2,False,0,1,68.0,45.0,0.0,31.8,True,True,False,False,True,8,2,True,108.0,122.0,138,SPOKED,SPOKED,0,0,80.0,80.0,278.0,700.0,34.9,330.0,1.0
420.0,67.0,595.0,73.2,158.0,49.0,545.0,73.0,648.0,49.0,40.0,28.6,36.5,23.35,20.5,15.0,9.0,STEEL,35.0,50.0,50.0,330.0,350.0,16.0,18.0,False,False,136.0,2.0,0.9,1.1,0.9,1.2,1.0,0.9,674.0,52.0,674.0,52.0,0,2,False,0,1,68.0,45.0,0.0,31.8,True,True,False,False,True,8,2,True,112.0,124.0,142,SPOKED,SPOKED,0,0,80.0,80.0,278.0,700.0,34.9,330.0,1.0
400.0,73.0,615.0,73.8,162.0,46.0,560.0,73.8,657.0,47.0,40.0,28.6,36.5,23.35,20.5,15.0,9.0,STEEL,35.0,50.0,50.0,330.0,350.0,16.0,18.0,False,False,133.0,2.0,0.9,1.1,0.9,1.2,1.0,0.9,674.0,52.0,674.0,52.0,0,2,False,0,1,68.0,45.0,0.0,31.8,True,True,False,False,True,8,2,True,116.0,126.0,135,SPOKED,SPOKED,0,0,80.0,80.0,278.0,700.0,34.9,330.0,1.0
408.0,66.0,585.0,72.8,148.0,45.0,550.0,74.0,642.0,51.0,40.0,28.6,36.5,23.35,20.5,15.0,9.0,STEEL,35.0,50.0,50.0,330.0,350.0,16.0,18.0,False,False,131.0,2.0,0.9,1.1,0.9,1.2,1.0,0.9,674.0,52.0,674.0,52.0,0,2,False,0,1,68.0,45.0,0.0,31.8,True,True,False,False,True,8,2,True,114.0,119.0,145,SPOKED,SPOKED,0,0,80.0,80.0,278.0,700.0,34.9,330.0,1.0
412.0,69.0,605.0,73.4,152.0,47.0,555.0,73.2,653.0,53.0,40.0,28.6,36.5,23.35,20.5,15.0,9.0,STEEL,35.0,50.0,50.0,330.0,350.0,16.0,18.0,False,False,137.0,2.0,0.9,1.1,0.9,1.2,1.0,0.9,674.0,52.0,674.0,52.0,0,2,False,0,1,68.0,45.0,0.0,31.8,True,True,False,False,True,8,2,True,118.0,130.0,140,SPOKED,SPOKED,0,0,80.0,80.0,278.0,700.0,34.9,330.0,1.0
410.0,68.0,590.0,72.5,150.0,55.0,560.0,73.0,630.0,45.0,45.0,30.0,36.5,30.0,20.0,13.0,15.0,STEEL,35.0,45.0,40.0,330.0,350.0,16.0,18.0,False,False,135.0,1.0,1.0,1.0,1.0,1.0,1.0,1.0,680.0,52.0,680.0,52.0,0,0,False,0,1,68.0,45.0,0.0,31.8,True,True,False,False,True,9,2,True,112.0,128.0,144,SPOKED,SPOKED,0,0,80.0,80.0,290.0,780.0,34.9,300.0,1.0
420.0,70.0,600.0,72.0,160.0,58.0,570.0,72.5,635.0,47.0,47.0,28.0,35.0,29.0,21.0,13.0,15.0,STEEL,37.0,46.0,42.0,330.0,350.0,16.0,18.0,False,False,135.0,1.1,1.0,1.0,1.0,1.1,1.0,1.0,682.0,52.0,682.0,52.0,0,1,False,0,1,68.0,45.0,0.0,31.8,True,True,False,False,True,8,2,True,112.0,128.0,144,SPOKED,SPOKED,0,0,80.0,80.0,280.0,785.0,34.9,310.0,1.0
415.0,65.0,580.0,73.0,140.0,54.0,555.0,73.0,625.0,44.0,43.0,32.0,37.0,31.0,22.0,13.0,15.0,STEEL,32.0,42.0,38.0,330.0,350.0,16.0,18.0,False,False,130.0,1.0,1.0,1.0,1.0,1.0,1.0,1.0,680.0,52.0,680.0,52.0,0,2,False,0,1,68.0,45.0,0.0,31.8,True,True,False,False,True,10,2,True,112.0,128.0,144,SPOKED,SPOKED,0,0,80.0,80.0,295.0,770.0,34.9,290.0,1.0
430.0,72.0,620.0,71.5,170.0,60.0,580.0,72.0,640.0,46.0,50.0,30.0,36.5,30.0,20.0,13.0,15.0,STEEL,38.0,48.0,45.0,330.0,350.0,16.0,18.0,False,False,135.0,1.0,1.1,1.0,1.1,1.0,1.0,1.0,680.0,52.0,680.0,52.0,0,0,False,0,1,68.0,45.0,0.0,31.8,True,True,False,False,True,11,2,True,112.0,128.0,144,SPOKED,SPOKED,0,0,80.0,80.0,285.0,790.0,34.9,320.0,1.0
405.0,66.0,585.0,72.8,145.0,53.0,565.0,73.0,628.0,43.0,44.0,29.0,33.6,28.0,21.0,13.0,15.0,STEEL,33.0,43.0,39.0,330.0,350.0,16.0,18.0,False,False,130.0,1.0,1.0,1.0,1.0,1.0,1.0,1.0,678.0,52.0,678.0,52.0,0,1,False,0,1,68.0,45.0,0.0,31.8,True,True,False,False,True,9,2,True,112.0,128.0,144,SPOKED,SPOKED,0,0,80.0,80.0,300.0,760.0,34.9,250.0,1.0
425.0,67.0,595.0,72.2,155.0,57.0,575.0,72.6,635.0,45.0,46.0,31.0,36.0,31.0,20.5,13.0,15.0,STEEL,36.0,46.0,43.0,330.0,350.0,16.0,18.0,False,False,135.0,1.0,1.0,1.1,1.0,1.0,1.0,1.0,680.0,52.0,680.0,52.0,0,2,False,0,1,68.0,45.0,0.0,31.8,True,True,False,False,True,10,2,True,112.0,128.0,144,SPOKED,SPOKED,0,0,80.0,80.0,285.0,775.0,34.9,305.0,1.0
412.5,69.0,610.0,72.7,165.0,56.0,585.0,72.4,638.0,44.0,48.0,29.5,35.5,29.0,21.5,13.0,15.0,STEEL,34.0,44.0,41.0,330.0,350.0,16.0,18.0,False,False,130.0,1.1,1.0,1.0,1.0,1.1,1.0,1.0,680.0,52.0,680.0,52.0,0,0,False,0,1,68.0,45.0,0.0,31.8,True,True,False,False,True,8,2,True,112.0,128.0,144,SPOKED,SPOKED,0,0,80.0,80.0,275.0,800.0,34.9,315.0,1.0
435.0,71.0,615.0,71.8,175.0,59.0,590.0,72.3,642.0,48.0,49.0,31.0,36.0,30.0,22.0,13.0,15.0,STEEL,39.0,47.0,46.0,330.0,350.0,16.0,18.0,False,False,135.0,1.0,1.0,1.0,1.1,1.0,1.0,1.0,682.0,52.0,682.0,52.0,0,1,False,0,1,68.0,45.0,0.0,31.8,True,True,False,False,True,9,2,True,112.0,128.0,144,SPOKED,SPOKED,0,0,80.0,80.0,292.0,785.0,34.9,330.0,1.0
405.0,65.0,575.0,73.0,142.0,52.0,558.0,73.2,623.0,42.0,44.0,30.0,34.0,29.0,21.0,13.0,15.0,STEEL,33.0,43.0,39.0,330.0,350.0,16.0,18.0,False,False,130.0,1.0,1.0,1.0,1.0,1.0,1.1,1.0,678.0,52.0,678.0,52.0,0,2,False,0,1,68.0,45.0,0.0,31.8,True,True,False,False,True,10,2,True,112.0,128.0,144,SPOKED,SPOKED,0,0,80.0,80.0,288.0,765.0,34.9,270.0,1.0
422.0,68.0,605.0,72.3,158.0,57.0,570.0,72.6,629.0,46.0,46.0,31.0,36.5,30.0,21.0,13.0,15.0,STEEL,36.0,46.0,42.0,330.0,350.0,16.0,18.0,False,False,135.0,1.1,1.1,1.0,1.0,1.0,1.0,1.0,680.0,52.0,680.0,52.0,0,1,False,0,1,68.0,45.0,0.0,31.8,True,True,False,False,True,9,2,True,112.0,128.0,144,SPOKED,SPOKED,0,0,80.0,80.0,293.0,780.0,34.9,300.0,1.0
405.0,70.0,600.0,73.0,160.0,45.0,530.0,73.0,650.0,45.0,40.0,28.6,33.6,36.5,23.35,13.0,15,STEEL,30.0,50.0,50.0,330.0,350.0,16.0,18,False,False,130.0,2.0,0.9,1.1,0.9,1.2,1.0,0.9,700.0,50.0,700.0,50.0,0,0,False,0,1,68.0,45.0,0.0,31.8,True,True,False,False,True,8,2,True,112.0,128.0,144,SPOKED,SPOKED,1,1,80.0,80.0,280.0,750.0,34.9,300.0,1.0
420.0,70.0,580.0,72.0,150.0,45.0,525.0,72.0,640.0,50.0,40.0,28.6,33.6,36.5,23.35,13.0,15,STEEL,28.0,48.0,48.0,330.0,350.0,16.0,18,False,False,130.0,2.0,0.9,1.1,0.9,1.2,1.0,0.9,700.0,50.0,700.0,50.0,0,0,False,0,0,68.0,40.0,0.0,30.0,True,True,False,False,True,7,1,True,112.0,128.0,144,SPOKED,SPOKED,1,1,80.0,80.0,285.0,740.0,34.9,300.0,0.0
415.0,70.0,620.0,74.0,170.0,45.0,540.0,74.0,655.0,40.0,40.0,28.6,33.6,36.5,23.35,13.0,15,STEEL,32.0,52.0,52.0,330.0,350.0,16.0,18,False,False,130.0,2.0,0.9,1.1,0.9,1.2,1.0,0.9,700.0,50.0,700.0,50.0,0,1,False,0,2,68.0,50.0,0.0,35.0,True,True,False,False,True,9,3,True,112.0,128.0,144,SPOKED,SPOKED,1,1,80.0,80.0,290.0,760.0,34.9,310.0,2.0
430.0,70.0,610.0,73.5,155.0,45.0,550.0,73.5,660.0,48.0,40.0,28.6,33.6,36.5,23.35,13.0,15,STEEL,29.0,51.0,49.0,330.0,350.0,16.0,18,False,False,130.0,2.0,0.9,1.1,0.9,1.2,1.0,0.9,700.0,50.0,700.0,50.0,0,0,False,0,1,68.0,45.0,0.0,31.8,True,True,False,False,True,8,2,True,112.0,128.0,144,SPOKED,SPOKED,1,1,80.0,80.0,295.0,755.0,34.9,305.0,1.0
395.0,70.0,595.0,74.5,165.0,45.0,520.0,74.5,645.0,42.0,40.0,28.6,33.6,36.5,23.35,13.0,15,STEEL,31.0,49.0,47.0,330.0,350.0,16.0,18,False,False,130.0,2.0,0.9,1.1,0.9,1.2,1.0,0.9,700.0,50.0,700.0,50.0,0,0,False,0,0,68.0,40.0,0.0,30.0,True,True,False,False,True,7,1,True,112.0,128.0,144,SPOKED,SPOKED,1,1,80.0,80.0,280.0,735.0,34.9,295.0,0.0
415.0,70.0,605.0,73.0,158.0,45.0,535.0,73.0,652.0,47.0,40.0,28.6,33.6,36.5,23.35,13.0,15,STEEL,30.0,50.0,50.0,330.0,350.0,16.0,18,False,False,130.0,2.0,0.9,1.1,0.9,1.2,1.0,0.9,700.0,50.0,700.0,50.0,0,2,False,0,1,68.0,45.0,0.0,31.8,True,True,False,False,True,8,2,True,112.0,128.0,144,SPOKED,SPOKED,1,1,80.0,80.0,285.0,750.0,34.9,300.0,1.0
400.0,70.0,600.0,72.5,162.0,45.0,545.0,72.5,658.0,46.0,40.0,28.6,33.6,36.5,23.35,13.0,15,STEEL,32.0,54.0,54.0,330.0,350.0,16.0,18,False,False,130.0,2.0,0.9,1.1,0.9,1.2,1.0,0.9,700.0,50.0,700.0,50.0,0,1,False,0,1,68.0,45.0,0.0,31.8,True,True,False,False,True,9,2,True,112.0,128.0,144,SPOKED,SPOKED,1,1,80.0,80.0,290.0,758.0,34.9,312.0,1.0
420.0,70.0,615.0,73.0,148.0,45.0,530.0,73.0,650.0,44.0,40.0,28.6,33.6,36.5,23.35,13.0,15,STEEL,27.0,49.0,51.0,330.0,350.0,16.0,18,False,False,130.0,2.0,0.9,1.1,0.9,1.2,1.0,0.9,700.0,50.0,700.0,50.0,0,0,False,0,1,68.0,45.0,0.0,31.8,True,True,False,False,True,10,3,True,112.0,128.0,144,SPOKED,SPOKED,1,1,80.0,80.0,295.0,755.0,34.9,308.0,1.0
390.0,70.0,590.0,74.0,168.0,45.0,525.0,74.0,642.0,43.0,40.0,28.6,33.6,36.5,23.35,13.0,15,STEEL,31.0,49.0,47.0,330.0,350.0,16.0,18,False,False,130.0,2.0,0.9,1.1,0.9,1.2,1.0,0.9,700.0,50.0,700.0,50.0,0,2,False,0,2,68.0,50.0,0.0,35.0,True,True,False,False,True,7,1,True,112.0,128.0,144,SPOKED,SPOKED,1,1,80.0,80.0,280.0,730.0,34.9,295.0,2.0
425.0,70.0,620.0,72.0,160.0,45.0,550.0,72.0,665.0,49.0,40.0,28.6,33.6,36.5,23.35,13.0,15,STEEL,30.0,50.0,50.0,330.0,350.0,16.0,18,False,False,130.0,2.0,0.9,1.1,0.9,1.2,1.0,0.9,700.0,50.0,700.0,50.0,0,1,False,0,1,68.0,45.0,0.0,31.8,True,True,False,False,True,8,2,True,112.0,128.0,144,SPOKED,SPOKED,1,1,80.0,80.0,290.0,760.0,34.9,315.0,1.0
395.0,70.0,590.0,72.5,155.0,45.0,580.0,73.0,650.0,45.0,40.0,28.6,36.5,23.35,23.35,15.0,9,STEEL,34.0,50.0,45.0,350.0,360.0,16.0,18,True,True,130.0,2.0,0.9,1.1,0.9,1.2,1.0,0.9,680.0,110.0,680.0,110.0,0,0,False,0,1,68.0,45.0,0.0,31.8,True,True,False,False,True,8,2,True,112.0,128.0,144,SPOKED,SPOKED,0,0,0.0,0.0,290.0,780.0,34.9,300.0,1.0
400.0,70.0,592.0,72.8,160.0,45.0,582.0,73.0,652.0,45.0,40.0,28.6,36.5,23.35,23.35,15.0,9,STEEL,34.0,50.0,45.0,350.0,360.0,16.0,18,True,True,130.0,2.0,0.9,1.1,0.9,1.2,1.0,0.9,680.0,110.0,680.0,110.0,0,1,False,0,1,68.0,45.0,0.0,31.8,True,True,False,False,True,9,2,True,112.0,128.0,144,SPOKED,SPOKED,0,0,0.0,0.0,295.0,785.0,34.9,300.0,1.0
405.0,70.0,594.0,73.0,165.0,45.0,584.0,73.0,654.0,45.0,40.0,28.6,36.5,23.35,23.35,15.0,9,STEEL,34.0,50.0,45.0,350.0,360.0,16.0,18,True,True,130.0,2.0,0.9,1.1,0.9,1.2,1.0,0.9,680.0,110.0,680.0,110.0,0,2,False,0,1,68.0,45.0,0.0,31.8,True,True,False,False,True,10,2,True,112.0,128.0,144,SPOKED,SPOKED,0,0,0.0,0.0,300.0,790.0,34.9,300.0,1.0
410.0,70.0,596.0,73.2,170.0,45.0,586.0,73.2,656.0,45.0,40.0,28.6,36.5,23.35,23.35,15.0,9,STEEL,34.0,50.0,45.0,350.0,360.0,16.0,18,True,True,130.0,2.0,0.9,1.1,0.9,1.2,1.0,0.9,680.0,110.0,680.0,110.0,0,0,False,0,1,68.0,45.0,0.0,31.8,True,True,False,False,True,11,2,True,112.0,128.0,144,SPOKED,SPOKED,0,0,0.0,0.0,305.0,795.0,34.9,300.0,1.0
415.0,70.0,598.0,73.5,175.0,45.0,588.0,73.5,658.0,45.0,40.0,28.6,36.5,23.35,23.35,15.0,9,STEEL,34.0,50.0,45.0,350.0,360.0,16.0,18,True,True,130.0,2.0,0.9,1.1,0.9,1.2,1.0,0.9,680.0,110.0,680.0,110.0,0,1,False,0,1,68.0,45.0,0.0,31.8,True,True,False,False,True,12,2,True,112.0,128.0,144,SPOKED,SPOKED,0,0,0.0,0.0,310.0,800.0,34.9,300.0,1.0
420.0,70.0,600.0,73.7,180.0,45.0,590.0,73.7,660.0,45.0,40.0,28.6,36.5,23.35,23.35,15.0,9,STEEL,34.0,50.0,45.0,350.0,360.0,16.0,18,True,True,130.0,2.0,0.9,1.1,0.9,1.2,1.0,0.9,680.0,110.0,680.0,110.0,0,2,False,0,1,68.0,45.0,0.0,31.8,True,True,False,False,True,8,2,True,112.0,128.0,144,SPOKED,SPOKED,0,0,0.0,0.0,315.0,805.0,34.9,300.0,1.0
425.0,70.0,602.0,74.0,185.0,45.0,592.0,74.0,662.0,45.0,40.0,28.6,36.5,23.35,23.35,15.0,9,STEEL,34.0,50.0,45.0,350.0,360.0,16.0,18,True,True,130.0,2.0,0.9,1.1,0.9,1.2,1.0,0.9,680.0,110.0,680.0,110.0,0,0,False,0,1,68.0,45.0,0.0,31.8,True,True,False,False,True,9,2,True,112.0,128.0,144,SPOKED,SPOKED,0,0,0.0,0.0,320.0,810.0,34.9,300.0,1.0
430.0,70.0,604.0,74.2,190.0,45.0,594.0,74.2,664.0,45.0,40.0,28.6,36.5,23.35,23.35,15.0,9,STEEL,34.0,50.0,45.0,350.0,360.0,16.0,18,True,True,130.0,2.0,0.9,1.1,0.9,1.2,1.0,0.9,680.0,110.0,680.0,110.0,0,1,False,0,1,68.0,45.0,0.0,31.8,True,True,False,False,True,10,2,True,112.0,128.0,144,SPOKED,SPOKED,0,0,0.0,0.0,325.0,815.0,34.9,300.0,1.0
435.0,70.0,606.0,74.5,195.0,45.0,596.0,74.5,666.0,45.0,40.0,28.6,36.5,23.35,23.35,15.0,9,STEEL,34.0,50.0,45.0,350.0,360.0,16.0,18,True,True,130.0,2.0,0.9,1.1,0.9,1.2,1.0,0.9,680.0,110.0,680.0,110.0,0,2,False,0,1,68.0,45.0,0.0,31.8,True,True,False,False,True,11,2,True,112.0,128.0,144,SPOKED,SPOKED,0,0,0.0,0.0,330.0,820.0,34.9,300.0,1.0
440.0,70.0,608.0,74.7,200.0,45.0,598.0,74.7,668.0,45.0,40.0,28.6,36.5,23.35,23.35,15.0,9,STEEL,34.0,50.0,45.0,350.0,360.0,16.0,18,True,True,130.0,2.0,0.9,1.1,0.9,1.2,1.0,0.9,680.0,110.0,680.0,110.0,0,0,False,0,1,68.0,45.0,0.0,31.8,True,True,False,False,True,12,2,True,112.0,128.0,144,SPOKED,SPOKED,0,0,0.0,0.0,335.0,825.0,34.9,300.0,1.0
410.0,70.0,600.0,73.0,150.0,50.0,550.0,73.0,660.0,45.0,40.0,28.6,33.6,36.5,23.35,13.0,15.0,STEEL,30.0,40.0,50.0,330.0,350.0,16.0,18.0,False,False,130.0,2.0,0.9,1.1,0.9,1.2,1.0,0.9,674.0,52.0,674.0,52.0,0,1,False,0,1,68.0,45.0,0.0,31.8,True,True,True,True,True,8,2,True,112.0,128.0,144.0,SPOKED,SPOKED,0,0,0.0,0.0,280.0,760.0,34.0,300.0,1.0
405.0,68.0,595.0,72.5,145.0,50.0,545.0,73.5,655.0,48.0,40.0,30.0,34.0,36.0,23.5,13.5,15.5,STEEL,32.0,42.0,50.0,330.0,350.0,16.0,18.0,False,False,135.0,2.0,0.9,1.1,0.9,1.2,1.0,0.9,680.0,54.0,680.0,54.0,0,0,False,0,1,70.0,46.0,0.0,32.0,True,True,True,True,True,7,2,True,112.0,128.0,144.0,SPOKED,SPOKED,0,0,0.0,0.0,290.0,750.0,35.0,320.0,1.0
415.0,72.0,610.0,73.0,150.0,48.0,560.0,72.0,660.0,45.0,42.0,29.0,35.0,37.0,23.0,14.0,14.0,STEEL,31.0,41.0,49.0,330.0,350.0,16.0,18.0,False,False,130.0,2.0,0.9,1.1,0.9,1.2,1.0,0.9,674.0,52.0,674.0,52.0,0,2,False,0,1,68.0,45.0,0.0,32.0,True,True,True,True,True,9,2,True,105.0,105.0,110.0,SPOKED,SPOKED,0,0,0.0,0.0,280.0,760.0,34.0,300.0,1.0
420.0,65.0,580.0,74.0,155.0,52.0,555.0,74.0,670.0,50.0,38.0,28.0,36.0,36.5,23.2,12.8,16.0,STEEL,33.0,43.0,52.0,330.0,350.0,16.0,18.0,False,False,132.0,2.0,0.9,1.1,0.9,1.2,1.0,0.9,680.0,54.0,680.0,54.0,0,1,False,0,1,68.0,44.0,0.0,31.8,True,True,True,True,True,8,3,True,112.0,128.0,144.0,SPOKED,SPOKED,0,0,0.0,0.0,285.0,755.0,35.0,305.0,1.0
412.0,69.0,605.0,72.0,142.0,49.0,545.0,73.2,650.0,47.0,40.0,28.6,33.6,36.8,23.9,13.0,14.5,STEEL,29.0,39.0,48.0,330.0,350.0,16.0,18.0,False,False,130.0,2.0,0.9,1.1,0.9,1.2,1.0,0.9,674.0,52.0,674.0,52.0,0,1,False,0,1,68.0,45.0,0.0,32.0,True,True,True,True,True,10,2,True,112.0,128.0,144.0,SPOKED,SPOKED,0,0,0.0,0.0,278.0,740.0,34.9,300.0,1.0
408.0,75.0,620.0,73.8,160.0,53.0,565.0,72.8,680.0,44.0,42.0,30.0,35.5,36.2,24.0,14.2,15.8,STEEL,34.0,44.0,51.0,330.0,350.0,16.0,18.0,False,False,137.0,2.0,0.9,1.1,0.9,1.2,1.0,0.9,685.0,55.0,685.0,55.0,0,2,False,0,1,70.0,46.0,0.0,32.0,True,True,True,True,True,8,2,True,110.0,115.0,120.0,SPOKED,SPOKED,0,0,0.0,0.0,300.0,770.0,34.0,310.0,1.0
405.0,67.0,590.0,73.0,138.0,47.0,552.0,74.0,645.0,42.0,40.0,29.0,34.0,36.3,23.4,13.0,15.0,STEEL,30.0,42.0,50.0,330.0,350.0,16.0,18.0,False,False,131.0,2.0,0.9,1.1,0.9,1.2,1.0,0.9,670.0,51.0,670.0,51.0,0,2,False,0,1,68.0,44.0,0.0,31.8,True,True,True,True,True,9,3,True,112.0,128.0,144.0,SPOKED,SPOKED,0,0,0.0,0.0,275.0,730.0,33.5,300.0,1.0
418.0,69.0,597.0,72.7,147.0,51.0,548.0,73.7,660.0,46.0,40.0,28.7,33.8,36.0,23.6,13.4,15.3,STEEL,32.0,41.0,49.0,330.0,350.0,16.0,18.0,False,False,133.0,2.0,0.9,1.1,0.9,1.2,1.0,0.9,676.0,53.0,676.0,53.0,0,1,False,0,1,68.0,45.0,0.0,32.0,True,True,True,True,True,8,2,True,112.0,128.0,144.0,SPOKED,SPOKED,0,0,0.0,0.0,285.0,755.0,34.5,305.0,1.0
430.0,70.0,600.0,73.0,150.0,50.0,550.0,73.0,660.0,45.0,40.0,29.5,34.5,36.1,23.35,13.0,15.0,STEEL,31.0,40.0,50.0,330.0,350.0,16.0,18.0,False,False,130.0,2.0,0.9,1.1,0.9,1.2,1.0,0.9,674.0,52.0,674.0,52.0,0,1,False,0,1,68.0,45.0,0.0,31.8,True,True,True,True,True,7,2,True,112.0,128.0,144.0,SPOKED,SPOKED,0,0,0.0,0.0,280.0,760.0,34.8,300.0,1.0
400.0,66.0,585.0,73.0,140.0,48.0,542.0,73.5,648.0,48.0,40.0,28.6,33.6,36.5,23.35,12.9,15.1,STEEL,30.0,39.0,48.0,330.0,350.0,16.0,18.0,False,False,129.0,2.0,0.9,1.1,0.9,1.2,1.0,0.9,680.0,54.0,680.0,54.0,0,0,False,0,1,68.0,45.0,0.0,32.0,True,True,True,True,True,8,2,True,112.0,128.0,144.0,SPOKED,SPOKED,0,0,0.0,0.0,278.0,748.0,34.0,300.0,1.0
420.0,66.0,620.0,73.0,165.0,45.0,550.0,73.0,655.0,50.0,45.0,31.8,38.0,32.0,25.0,13.0,15.0,STEEL,35.0,45.0,48.0,330.0,350.0,16.0,18.0,True,True,130.0,2.0,0.9,1.1,0.9,1.2,1.0,0.9,685.0,52.0,685.0,52.0,0,0,False,0,1,45.0,45.0,0.0,31.8,True,True,False,False,True,8,2,True,112.0,128.0,144,SPOKED,SPOKED,0,0,80.0,80.0,278.0,740.0,38.0,720.0,1.0
430.0,67.0,630.0,72.5,170.0,40.0,540.0,72.5,660.0,45.0,44.0,30.0,36.0,30.0,23.0,13.0,15.0,STEEL,30.0,40.0,45.0,330.0,350.0,17.0,19.0,True,True,135.0,2.0,0.9,1.1,0.9,1.2,1.0,0.9,685.0,52.0,685.0,52.0,0,0,False,0,1,45.0,45.0,0.0,31.8,True,True,False,False,True,8,2,True,112.0,128.0,144,SPOKED,SPOKED,0,0,80.0,80.0,278.0,750.0,36.0,700.0,1.0
440.0,68.0,640.0,73.5,175.0,50.0,560.0,74.0,665.0,50.0,46.0,33.0,40.0,34.0,27.0,13.0,15.0,STEEL,40.0,50.0,50.0,330.0,350.0,18.0,20.0,True,True,130.0,2.0,0.9,1.1,0.9,1.2,1.0,0.9,685.0,52.0,685.0,52.0,0,0,False,0,1,45.0,45.0,0.0,31.8,True,True,False,False,True,8,2,True,112.0,128.0,144,SPOKED,SPOKED,0,0,80.0,80.0,278.0,760.0,40.0,720.0,1.0
450.0,69.0,650.0,72.0,160.0,45.0,550.0,72.0,660.0,45.0,44.0,30.0,36.0,30.0,23.0,13.0,15.0,STEEL,35.0,45.0,48.0,330.0,350.0,17.0,19.0,True,True,135.0,2.0,0.9,1.1,0.9,1.2,1.0,0.9,685.0,52.0,685.0,52.0,0,0,False,0,1,45.0,45.0,0.0,31.8,True,True,False,False,True,8,2,True,112.0,128.0,144,SPOKED,SPOKED,0,0,80.0,80.0,278.0,770.0,36.0,740.0,1.0
460.0,70.0,660.0,74.0,180.0,50.0,560.0,74.0,665.0,50.0,46.0,33.0,40.0,32.0,25.0,13.0,15.0,STEEL,40.0,50.0,50.0,330.0,350.0,18.0,20.0,True,True,130.0,2.0,0.9,1.1,0.9,1.2,1.0,0.9,685.0,52.0,685.0,52.0,0,0,False,0,1,45.0,45.0,0.0,31.8,True,True,False,False,True,8,2,True,112.0,128.0,144,SPOKED,SPOKED,0,0,80.0,80.0,278.0,740.0,38.0,760.0,1.0
470.0,71.0,670.0,73.0,170.0,40.0,540.0,73.0,660.0,45.0,44.0,31.8,38.0,34.0,27.0,13.0,15.0,STEEL,30.0,40.0,45.0,330.0,350.0,16.0,18.0,True,True,135.0,2.0,0.9,1.1,0.9,1.2,1.0,0.9,685.0,52.0,685.0,52.0,0,0,False,0,1,45.0,45.0,0.0,31.8,True,True,False,False,True,8,2,True,112.0,128.0,144,SPOKED,SPOKED,0,0,80.0,80.0,278.0,750.0,40.0,780.0,1.0
480.0,69.0,680.0,72.5,165.0,45.0,550.0,72.5,655.0,50.0,45.0,31.8,36.0,30.0,23.0,13.0,15.0,STEEL,35.0,45.0,48.0,330.0,350.0,17.0,19.0,True,True,130.0,2.0,0.9,1.1,0.9,1.2,1.0,0.9,685.0,52.0,685.0,52.0,0,0,False,0,1,45.0,45.0,0.0,31.8,True,True,False,False,True,8,2,True,112.0,128.0,144,SPOKED,SPOKED,0,0,80.0,80.0,278.0,760.0,36.0,700.0,1.0
490.0,68.0,690.0,73.5,175.0,50.0,560.0,74.0,665.0,50.0,46.0,33.0,40.0,34.0,27.0,13.0,15.0,STEEL,40.0,50.0,50.0,330.0,350.0,18.0,20.0,True,True,135.0,2.0,0.9,1.1,0.9,1.2,1.0,0.9,685.0,52.0,685.0,52.0,0,0,False,0,1,45.0,45.0,0.0,31.8,True,True,False,False,True,8,2,True,112.0,128.0,144,SPOKED,SPOKED,0,0,80.0,80.0,278.0,770.0,40.0,720.0,1.0
500.0,70.0,600.0,72.0,160.0,40.0,540.0,72.0,660.0,45.0,44.0,30.0,36.0,32.0,25.0,13.0,15.0,STEEL,30.0,40.0,45.0,330.0,350.0,16.0,18.0,True,True,130.0,2.0,0.9,1.1,0.9,1.2,1.0,0.9,685.0,52.0,685.0,52.0,0,0,False,0,1,45.0,45.0,0.0,31.8,True,True,False,False,True,8,2,True,112.0,128.0,144,SPOKED,SPOKED,0,0,80.0,80.0,278.0,740.0,38.0,740.0,1.0
510.0,72.0,610.0,74.0,180.0,50.0,560.0,74.0,665.0,50.0,46.0,33.0,40.0,30.0,23.0,13.0,15.0,STEEL,35.0,45.0,48.0,330.0,350.0,17.0,19.0,True,True,135.0,2.0,0.9,1.1,0.9,1.2,1.0,0.9,685.0,52.0,685.0,52.0,0,0,False,0,1,45.0,45.0,0.0,31.8,True,True,False,False,True,8,2,True,112.0,128.0,144,SPOKED,SPOKED,0,0,80.0,80.0,278.0,750.0,36.0,780.0,1.0
410.0,65.0,590.0,72.5,150.0,45.0,520.0,73.0,650.0,45.0,45.0,28.6,36.5,36.5,23.35,14.0,9,STEEL,35.0,40.0,45.0,330.0,350.0,16.0,18,False,False,130.0,2.0,0.9,1.1,0.9,1.2,1.0,0.9,680.0,52.0,680.0,52.0,0,1,False,0,1,68.0,42.0,0.0,31.8,True,True,True,True,True,8,2,True,112.0,128.0,144,SPOKED,SPOKED,0,0,80.0,80.0,280.0,740.0,34.9,300.0,1.0
415.0,68.0,600.0,73.0,160.0,50.0,540.0,73.5,660.0,45.0,46.0,29.0,36.5,36.5,30.0,15.0,9,STEEL,36.0,42.0,47.0,330.0,350.0,16.0,18,False,False,135.0,2.0,1.0,1.2,1.1,1.0,1.0,0.9,680.0,53.0,680.0,53.0,0,1,False,0,1,68.0,44.0,0.0,31.8,True,True,True,True,True,9,2,True,112.0,128.0,144,SPOKED,SPOKED,0,0,80.0,80.0,285.0,745.0,34.9,310.0,1.0
420.0,70.0,610.0,73.5,170.0,55.0,560.0,74.0,670.0,45.0,47.0,29.5,36.5,36.5,23.35,13.0,9,STEEL,37.0,44.0,49.0,330.0,350.0,16.0,18,False,False,130.0,2.0,1.1,1.0,1.0,1.1,0.9,1.1,680.0,54.0,680.0,54.0,0,1,False,0,1,68.0,46.0,0.0,31.8,True,True,True,True,True,10,2,True,112.0,128.0,144,SPOKED,SPOKED,0,0,80.0,80.0,290.0,750.0,34.9,320.0,1.0
425.0,72.0,620.0,74.0,180.0,60.0,580.0,74.5,680.0,45.0,48.0,30.0,36.5,36.5,30.0,14.0,9,STEEL,38.0,46.0,51.0,330.0,350.0,16.0,18,False,False,135.0,2.0,1.2,0.9,1.2,1.1,1.2,1.2,680.0,55.0,680.0,55.0,0,1,False,0,1,68.0,48.0,0.0,31.8,True,True,True,True,True,11,2,True,112.0,128.0,144,SPOKED,SPOKED,0,0,80.0,80.0,295.0,755.0,34.9,330.0,1.0
430.0,75.0,630.0,72.7,190.0,47.0,600.0,73.2,640.0,45.0,49.0,30.5,36.5,36.5,23.35,15.0,9,STEEL,39.0,48.0,53.0,330.0,350.0,16.0,18,False,False,130.0,2.0,1.0,1.1,1.0,1.2,0.9,1.0,680.0,56.0,680.0,56.0,0,1,False,0,1,68.0,50.0,0.0,31.8,True,True,True,True,True,8,2,True,112.0,128.0,144,SPOKED,SPOKED,0,0,80.0,80.0,300.0,760.0,34.9,340.0,1.0
405.0,67.0,595.0,73.3,155.0,52.0,530.0,73.8,655.0,45.0,45.0,28.6,36.5,36.5,30.0,13.0,9,STEEL,40.0,50.0,55.0,330.0,350.0,16.0,18,False,False,135.0,2.0,1.1,1.2,1.1,1.0,1.1,1.1,680.0,57.0,680.0,57.0,0,1,False,0,1,68.0,42.0,0.0,31.8,True,True,True,True,True,9,2,True,112.0,128.0,144,SPOKED,SPOKED,0,0,80.0,80.0,305.0,765.0,34.9,350.0,1.0
418.0,69.0,605.0,73.8,165.0,57.0,550.0,74.2,665.0,45.0,46.0,29.2,36.5,36.5,23.35,14.0,9,STEEL,41.0,52.0,57.0,330.0,350.0,16.0,18,False,False,130.0,2.0,1.2,1.0,1.2,0.9,1.2,1.2,680.0,58.0,680.0,58.0,0,1,False,0,1,68.0,44.0,0.0,31.8,True,True,True,True,True,10,2,True,112.0,128.0,144,SPOKED,SPOKED,0,0,80.0,80.0,310.0,770.0,34.9,360.0,1.0
428.0,73.0,615.0,74.5,175.0,62.0,570.0,74.6,675.0,45.0,47.0,29.8,36.5,36.5,30.0,15.0,9,STEEL,42.0,54.0,59.0,330.0,350.0,16.0,18,False,False,135.0,2.0,0.9,0.9,0.9,1.1,1.0,0.9,680.0,59.0,680.0,59.0,0,1,False,0,1,68.0,46.0,0.0,31.8,True,True,True,True,True,11,2,True,112.0,128.0,144,SPOKED,SPOKED,0,0,80.0,80.0,315.0,775.0,34.9,370.0,1.0
412.0,66.0,625.0,72.2,185.0,42.0,590.0,72.9,685.0,45.0,48.0,30.8,36.5,36.5,23.35,13.0,9,STEEL,43.0,56.0,61.0,330.0,350.0,16.0,18,False,False,130.0,2.0,1.0,1.1,1.0,1.2,0.9,1.0,680.0,50.0,680.0,50.0,0,1,False,0,1,68.0,48.0,0.0,31.8,True,True,True,True,True,8,2,True,112.0,128.0,144,SPOKED,SPOKED,0,0,80.0,80.0,320.0,720.0,34.9,300.0,1.0
422.0,74.0,585.0,73.9,195.0,57.0,580.0,74.3,645.0,45.0,49.0,28.8,36.5,36.5,30.0,14.0,9,STEEL,44.0,58.0,63.0,330.0,350.0,16.0,18,False,False,135.0,2.0,1.1,1.2,1.1,1.0,1.1,1.1,680.0,51.0,680.0,51.0,0,1,False,0,1,68.0,50.0,0.0,31.8,True,True,True,True,True,9,2,True,112.0,128.0,144,SPOKED,SPOKED,0,0,80.0,80.0,325.0,725.0,34.9,310.0,1.0
410.0,65.0,590.0,73.5,155.0,45.0,540.0,74.0,650.0,45.0,40.0,28.6,36.5,23.35,23.35,13.0,15.0,STEEL,34.0,40.0,48.0,330.0,350.0,16.0,16.0,False,False,135.0,2.0,0.9,1.1,1.2,1.0,1.0,1.0,680.0,121.0,680.0,121.0,0,0,False,0,1,68.0,45.0,0.0,31.8,True,True,True,True,True,8,1,True,112.0,128.0,144,SPOKED,SPOKED,0,0,0.0,0.0,280.0,760.0,34.9,300.0,1.0
420.0,60.0,610.0,72.0,160.0,45.0,550.0,73.0,660.0,45.0,40.0,28.6,36.5,23.35,23.35,13.0,15.0,STEEL,35.0,42.0,47.0,330.0,350.0,16.0,16.0,False,False,135.0,2.0,0.9,1.1,1.2,1.0,1.0,1.0,680.0,121.0,680.0,121.0,0,0,False,0,1,68.0,45.0,0.0,31.8,True,True,True,True,True,8,1,True,112.0,128.0,144,SPOKED,SPOKED,0,0,0.0,0.0,280.0,780.0,34.9,300.0,1.0
430.0,70.0,580.0,74.0,150.0,45.0,530.0,75.0,640.0,45.0,40.0,28.6,36.5,23.35,23.35,13.0,15.0,STEEL,33.0,38.0,50.0,330.0,350.0,16.0,16.0,False,False,135.0,2.0,0.9,1.1,1.2,1.0,1.0,1.0,680.0,121.0,680.0,121.0,0,0,False,0,1,68.0,45.0,0.0,31.8,True,True,True,True,True,8,1,True,112.0,128.0,144,SPOKED,SPOKED,0,0,0.0,0.0,280.0,750.0,34.9,300.0,1.0
440.0,65.0,600.0,73.0,165.0,45.0,560.0,72.0,670.0,45.0,40.0,28.6,36.5,23.35,23.35,13.0,15.0,STEEL,36.0,39.0,46.0,330.0,350.0,16.0,16.0,False,False,135.0,2.0,0.9,1.1,1.2,1.0,1.0,1.0,680.0,121.0,680.0,121.0,0,0,False,0,1,68.0,45.0,0.0,31.8,True,True,True,True,True,8,1,True,112.0,128.0,144,SPOKED,SPOKED,0,0,0.0,0.0,280.0,770.0,34.9,300.0,1.0
415.0,62.0,620.0,75.0,170.0,45.0,545.0,72.5,675.0,45.0,40.0,28.6,36.5,23.35,23.35,13.0,15.0,STEEL,35.5,41.0,45.0,330.0,350.0,16.0,16.0,False,False,135.0,2.0,0.9,1.1,1.2,1.0,1.0,1.0,680.0,121.0,680.0,121.0,0,0,False,0,1,68.0,45.0,0.0,31.8,True,True,True,True,True,8,1,True,112.0,128.0,144,SPOKED,SPOKED,0,0,0.0,0.0,280.0,765.0,34.9,300.0,1.0
425.0,68.0,605.0,72.5,158.0,45.0,525.0,74.5,655.0,45.0,40.0,28.6,36.5,23.35,23.35,13.0,15.0,STEEL,34.5,40.5,49.0,330.0,350.0,16.0,16.0,False,False,135.0,2.0,0.9,1.1,1.2,1.0,1.0,1.0,680.0,121.0,680.0,121.0,0,0,False,0,1,68.0,45.0,0.0,31.8,True,True,True,True,True,8,1,True,112.0,128.0,144,SPOKED,SPOKED,0,0,0.0,0.0,280.0,785.0,34.9,300.0,1.0
435.0,66.0,595.0,74.5,162.0,45.0,535.0,73.5,645.0,45.0,40.0,28.6,36.5,23.35,23.35,13.0,15.0,STEEL,33.5,39.5,47.5,330.0,350.0,16.0,16.0,False,False,135.0,2.0,0.9,1.1,1.2,1.0,1.0,1.0,680.0,121.0,680.0,121.0,0,0,False,0,1,68.0,45.0,0.0,31.8,True,True,True,True,True,8,1,True,112.0,128.0,144,SPOKED,SPOKED,0,0,0.0,0.0,280.0,755.0,34.9,300.0,1.0
445.0,63.0,615.0,73.0,168.0,45.0,555.0,72.0,685.0,45.0,40.0,28.6,36.5,23.35,23.35,13.0,15.0,STEEL,36.0,42.5,46.0,330.0,350.0,16.0,16.0,False,False,135.0,2.0,0.9,1.1,1.2,1.0,1.0,1.0,680.0,121.0,680.0,121.0,0,0,False,0,1,68.0,45.0,0.0,31.8,True,True,True,True,True,8,1,True,112.0,128.0,144,SPOKED,SPOKED,0,0,0.0,0.0,280.0,790.0,34.9,300.0,1.0
450.0,61.0,585.0,72.0,152.0,45.0,520.0,75.0,630.0,45.0,40.0,28.6,36.5,23.35,23.35,13.0,15.0,STEEL,34.0,38.5,48.5,330.0,350.0,16.0,16.0,False,False,135.0,2.0,0.9,1.1,1.2,1.0,1.0,1.0,680.0,121.0,680.0,121.0,0,0,False,0,1,68.0,45.0,0.0,31.8,True,True,True,True,True,8,1,True,112.0,128.0,144,SPOKED,SPOKED,0,0,0.0,0.0,280.0,745.0,34.9,300.0,1.0
460.0,64.0,625.0,74.0,155.0,45.0,560.0,74.0,690.0,45.0,40.0,28.6,36.5,23.35,23.35,13.0,15.0,STEEL,35.0,40.0,49.5,330.0,350.0,16.0,16.0,False,False,135.0,2.0,0.9,1.1,1.2,1.0,1.0,1.0,680.0,121.0,680.0,121.0,0,0,False,0,1,68.0,45.0,0.0,31.8,True,True,True,True,True,8,1,True,112.0,128.0,144,SPOKED,SPOKED,0,0,0.0,0.0,280.0,770.0,34.9,300.0,1.0
405.0,70.0,550.0,73.0,170.0,45.0,540.0,73.0,660.0,50.0,45.0,28.6,36.5,23.35,13.0,15.0,9.0,STEEL,35.0,40.0,50.0,330.0,350.0,16.0,18.0,False,False,130.0,2.0,0.9,1.1,0.9,1.2,1.0,0.9,680.0,60.0,680.0,60.0,0,0,False,0,1,68.0,45.0,0.0,31.8,True,True,True,True,True,9,2,True,112.0,128.0,144,SPOKED,SPOKED,0,0,80.0,80.0,278.0,750.0,34.9,300.0,1.0
410.0,70.0,555.0,74.0,165.0,45.0,545.0,72.0,665.0,50.0,45.0,28.6,36.5,23.35,13.0,15.0,9.0,STEEL,38.0,42.0,48.0,330.0,350.0,16.0,18.0,False,False,130.0,2.0,0.9,1.1,0.9,1.2,1.0,0.9,680.0,52.0,680.0,52.0,0,1,False,0,1,68.0,45.0,0.0,31.8,True,True,True,True,True,10,2,True,110.0,125.0,140,SPOKED,SPOKED,0,0,80.0,80.0,280.0,760.0,34.9,300.0,1.0
400.0,72.0,548.0,73.5,175.0,42.0,535.0,74.0,655.0,48.0,45.0,28.6,36.5,23.35,13.0,15.0,9.0,STEEL,32.0,44.0,52.0,330.0,350.0,16.0,18.0,False,False,130.0,2.0,0.9,1.1,0.9,1.2,1.0,0.9,680.0,68.0,680.0,68.0,0,2,False,0,1,68.0,45.0,0.0,31.8,True,True,True,True,True,11,2,True,115.0,130.0,145,SPOKED,SPOKED,0,0,80.0,80.0,279.0,740.0,34.9,300.0,1.0
415.0,69.0,552.0,72.0,160.0,45.0,542.0,72.5,662.0,52.0,45.0,28.6,36.5,23.35,13.0,15.0,9.0,STEEL,30.0,43.0,51.0,330.0,350.0,16.0,18.0,False,False,130.0,2.0,0.9,1.1,0.9,1.2,1.0,0.9,680.0,60.0,680.0,60.0,0,1,False,0,1,68.0,45.0,0.0,31.8,True,True,True,True,True,8,2,True,114.0,126.0,142,SPOKED,SPOKED,0,0,80.0,80.0,281.0,755.0,34.9,300.0,1.0
420.0,70.0,558.0,73.0,180.0,45.0,548.0,73.0,670.0,50.0,45.0,28.6,36.5,23.35,13.0,15.0,9.0,STEEL,40.0,45.0,55.0,330.0,350.0,16.0,18.0,False,False,130.0,2.0,0.9,1.1,0.9,1.2,1.0,0.9,680.0,55.0,680.0,55.0,0,2,False,0,1,68.0,45.0,0.0,31.8,True,True,True,True,True,9,2,True,113.0,127.0,141,SPOKED,SPOKED,0,0,80.0,80.0,279.0,745.0,34.9,300.0,1.0
395.0,71.0,547.0,74.5,155.0,45.0,545.0,72.0,658.0,50.0,45.0,28.6,36.5,23.35,13.0,15.0,9.0,STEEL,28.0,40.0,47.0,330.0,350.0,16.0,18.0,False,False,130.0,2.0,0.9,1.1,0.9,1.2,1.0,0.9,680.0,65.0,680.0,65.0,0,0,False,0,1,68.0,45.0,0.0,31.8,True,True,True,True,True,7,2,True,111.0,124.0,138,SPOKED,SPOKED,0,0,80.0,80.0,280.0,748.0,34.9,300.0,1.0
430.0,68.0,553.0,73.2,172.0,45.0,547.0,73.5,668.0,50.0,45.0,28.6,36.5,23.35,13.0,15.0,9.0,STEEL,36.0,41.0,49.0,330.0,350.0,16.0,18.0,False,False,130.0,2.0,0.9,1.1,0.9,1.2,1.0,0.9,680.0,62.0,680.0,62.0,0,1,False,0,1,68.0,45.0,0.0,31.8,True,True,True,True,True,8,2,True,112.0,129.0,146,SPOKED,SPOKED,0,0,80.0,80.0,282.0,752.0,34.9,300.0,1.0
405.0,70.0,551.0,71.8,168.0,45.0,543.0,71.0,663.0,50.0,45.0,28.6,36.5,23.35,13.0,15.0,9.0,STEEL,34.0,43.0,51.0,330.0,350.0,16.0,18.0,False,False,130.0,2.0,0.9,1.1,0.9,1.2,1.0,0.9,680.0,58.0,680.0,58.0,0,0,False,0,1,68.0,45.0,0.0,31.8,True,True,True,True,True,10,1,True,113.0,130.0,140,SPOKED,SPOKED,0,0,80.0,80.0,283.0,749.0,34.9,300.0,1.0
395.0,73.0,554.0,72.5,162.0,45.0,544.0,73.5,660.0,50.0,45.0,28.6,36.5,23.35,13.0,15.0,9.0,STEEL,29.0,42.0,49.0,330.0,350.0,16.0,18.0,False,False,130.0,2.0,0.9,1.1,0.9,1.2,1.0,0.9,680.0,54.0,680.0,54.0,0,2,False,0,1,68.0,45.0,0.0,31.8,True,True,True,True,True,9,3,True,110.0,122.0,138,SPOKED,SPOKED,0,0,80.0,80.0,278.0,754.0,34.9,300.0,1.0
420.0,70.0,556.0,73.7,174.0,45.0,546.0,73.2,667.0,50.0,45.0,28.6,36.5,23.35,13.0,15.0,9.0,STEEL,37.0,44.0,54.0,330.0,350.0,16.0,18.0,False,False,130.0,2.0,0.9,1.1,0.9,1.2,1.0,0.9,680.0,61.0,680.0,61.0,0,1,False,0,1,68.0,45.0,0.0,31.8,True,True,True,True,True,11,2,True,115.0,127.0,143,SPOKED,SPOKED,0,0,80.0,80.0,284.0,753.0,34.9,300.0,1.0
390.0,70.0,600.0,73.0,160.0,30.0,560.0,73.0,640.0,50.0,45.0,32.0,36.5,38.0,25.0,15.0,16.0,STEEL,30.0,40.0,50.0,330.0,350.0,16.0,18.0,False,False,130.0,2.0,0.9,1.1,0.9,1.2,1.0,0.9,700.0,80.0,700.0,80.0,0,0,False,0,1,68.0,45.0,0.0,31.8,True,True,False,False,True,9,2,True,112.0,128.0,144,SPOKED,SPOKED,0,0,0.0,0.0,260.0,760.0,36.5,300.0,1.0
400.0,75.0,610.0,72.5,155.0,35.0,570.0,74.0,650.0,49.0,45.0,33.0,37.0,39.0,23.0,16.0,17.0,STEEL,28.0,38.0,48.0,335.0,345.0,17.0,19.0,True,False,130.0,2.0,0.9,1.1,0.9,1.2,1.0,0.9,700.0,80.0,700.0,80.0,0,2,False,0,1,68.0,45.0,0.0,31.8,True,True,False,False,True,8,3,True,112.0,128.0,144,SPOKED,SPOKED,0,0,0.0,0.0,260.0,750.0,36.5,300.0,1.0
410.0,72.0,590.0,74.0,150.0,28.0,550.0,72.5,630.0,51.0,45.0,30.0,34.0,37.0,22.0,14.0,18.0,STEEL,32.0,38.0,55.0,332.0,348.0,16.0,17.0,True,True,130.0,2.0,0.9,1.1,0.9,1.2,1.0,0.9,700.0,80.0,700.0,80.0,0,0,False,0,1,68.0,45.0,0.0,31.8,True,True,False,False,True,10,2,True,112.0,128.0,144,SPOKED,SPOKED,0,0,0.0,0.0,260.0,760.0,36.5,310.0,1.0
420.0,68.0,620.0,73.5,170.0,32.0,580.0,73.0,650.0,53.0,45.0,31.0,37.0,39.0,24.0,17.0,15.0,STEEL,34.0,45.0,52.0,334.0,346.0,16.0,18.0,False,True,130.0,2.0,0.9,1.1,0.9,1.2,1.0,0.9,700.0,80.0,700.0,80.0,0,0,False,0,1,68.0,45.0,0.0,31.8,True,True,False,False,True,9,2,True,112.0,128.0,144,SPOKED,SPOKED,0,0,0.0,0.0,265.0,755.0,36.5,305.0,1.0
430.0,65.0,605.0,72.0,145.0,29.0,565.0,74.5,640.0,50.0,45.0,34.0,36.0,38.0,23.0,16.0,17.0,STEEL,29.0,42.0,49.0,331.0,349.0,15.0,17.0,True,True,130.0,2.0,0.9,1.1,0.9,1.2,1.0,0.9,700.0,80.0,700.0,80.0,0,2,False,0,1,68.0,45.0,0.0,31.8,True,True,False,False,True,11,3,True,112.0,128.0,144,SPOKED,SPOKED,0,0,0.0,0.0,270.0,765.0,36.5,320.0,1.0
440.0,78.0,630.0,72.5,180.0,33.0,590.0,73.5,660.0,48.0,45.0,33.0,39.0,40.0,26.0,18.0,14.0,STEEL,36.0,48.0,57.0,336.0,344.0,18.0,19.0,False,False,130.0,2.0,0.9,1.1,0.9,1.2,1.0,0.9,700.0,80.0,700.0,80.0,0,0,False,0,1,68.0,45.0,0.0,31.8,True,True,False,False,True,10,2,True,112.0,128.0,144,SPOKED,SPOKED,0,0,0.0,0.0,275.0,770.0,36.5,315.0,1.0
450.0,74.0,615.0,73.0,165.0,31.0,575.0,74.0,655.0,52.0,45.0,32.0,38.0,39.0,24.0,16.0,16.0,STEEL,33.0,44.0,53.0,333.0,347.0,17.0,18.0,True,False,130.0,2.0,0.9,1.1,0.9,1.2,1.0,0.9,700.0,80.0,700.0,80.0,0,0,False,0,1,68.0,45.0,0.0,31.8,True,True,False,False,True,9,2,True,112.0,128.0,144,SPOKED,SPOKED,0,0,0.0,0.0,260.0,760.0,36.5,300.0,1.0
460.0,68.0,590.0,72.0,140.0,27.0,560.0,72.0,630.0,50.0,45.0,31.0,36.0,38.0,22.0,14.0,18.0,STEEL,30.0,37.0,49.0,330.0,350.0,16.0,18.0,True,True,130.0,2.0,0.9,1.1,0.9,1.2,1.0,0.9,700.0,80.0,700.0,80.0,0,2,False,0,1,68.0,45.0,0.0,31.8,True,True,False,False,True,10,3,True,112.0,128.0,144,SPOKED,SPOKED,0,0,0.0,0.0,265.0,765.0,36.5,305.0,1.0
470.0,70.0,625.0,72.5,175.0,34.0,595.0,73.5,665.0,48.0,45.0,34.0,39.0,41.0,27.0,18.0,15.0,STEEL,35.0,46.0,55.0,334.0,346.0,18.0,17.0,False,False,130.0,2.0,0.9,1.1,0.9,1.2,1.0,0.9,700.0,80.0,700.0,80.0,0,0,False,0,1,68.0,45.0,0.0,31.8,True,True,False,False,True,12,2,True,112.0,128.0,144,SPOKED,SPOKED,0,0,0.0,0.0,270.0,780.0,36.5,330.0,1.0
480.0,73.0,610.0,73.0,160.0,32.0,580.0,74.0,650.0,49.0,45.0,32.0,38.0,40.0,25.0,17.0,17.0,STEEL,32.0,43.0,52.0,333.0,347.0,17.0,18.0,True,False,130.0,2.0,0.9,1.1,0.9,1.2,1.0,0.9,700.0,80.0,700.0,80.0,0,2,False,0,1,68.0,45.0,0.0,31.8,True,True,False,False,True,9,2,True,112.0,128.0,144,SPOKED,SPOKED,0,0,0.0,0.0,260.0,760.0,36.5,300.0,1.0
410.0,65.0,610.0,72.0,150.0,50.0,550.0,72.0,645.0,45.0,45.0,28.0,36.5,36.5,30.0,13.0,15.0,STEEL,9.0,40.0,40.0,330.0,350.0,16.0,18.0,False,False,135.0,2.0,0.9,1.1,0.9,1.2,1.0,0.9,684.0,52.0,684.0,52.0,0,0,False,0,1,68.0,45.0,0.0,31.8,True,True,False,False,True,9,2,True,112.0,128.0,144,SPOKED,SPOKED,0,0,0.0,0.0,280.0,730.0,34.9,300.0,1.0
415.0,68.0,620.0,72.5,155.0,55.0,555.0,73.0,650.0,46.0,46.0,29.0,36.5,36.5,31.0,13.0,15.0,STEEL,10.0,42.0,42.0,330.0,350.0,16.0,18.0,False,False,135.0,2.0,0.9,1.1,0.9,1.2,1.0,0.9,686.0,52.0,686.0,52.0,0,0,False,0,1,68.0,45.0,0.0,31.8,True,True,False,False,True,9,2,True,112.0,128.0,144,SPOKED,SPOKED,0,0,0.0,0.0,280.0,735.0,34.9,300.0,1.0
420.0,70.0,630.0,73.0,160.0,60.0,560.0,74.0,655.0,47.0,47.0,30.0,36.5,36.5,32.0,13.0,15.0,STEEL,11.0,44.0,44.0,330.0,350.0,16.0,18.0,False,False,135.0,2.0,0.9,1.1,0.9,1.2,1.0,0.9,688.0,52.0,688.0,52.0,0,0,False,0,1,68.0,45.0,0.0,31.8,True,True,False,False,True,9,2,True,112.0,128.0,144,SPOKED,SPOKED,0,0,0.0,0.0,280.0,740.0,34.9,300.0,1.0
425.0,72.0,640.0,73.5,165.0,65.0,565.0,75.0,660.0,48.0,48.0,31.0,36.5,36.5,33.0,13.0,15.0,STEEL,12.0,46.0,46.0,330.0,350.0,16.0,18.0,False,False,135.0,2.0,0.9,1.1,0.9,1.2,1.0,0.9,690.0,52.0,690.0,52.0,0,0,False,0,1,68.0,45.0,0.0,31.8,True,True,False,False,True,9,2,True,112.0,128.0,144,SPOKED,SPOKED,0,0,0.0,0.0,280.0,745.0,34.9,300.0,1.0
430.0,74.0,650.0,74.0,170.0,70.0,570.0,70.0,665.0,49.0,49.0,32.0,36.5,36.5,34.0,13.0,15.0,STEEL,13.0,48.0,48.0,330.0,350.0,16.0,18.0,False,False,135.0,2.0,0.9,1.1,0.9,1.2,1.0,0.9,692.0,52.0,692.0,52.0,0,0,False,0,1,68.0,45.0,0.0,31.8,True,True,False,False,True,9,2,True,112.0,128.0,144,SPOKED,SPOKED,0,0,0.0,0.0,280.0,750.0,34.9,300.0,1.0
435.0,76.0,660.0,74.5,175.0,75.0,575.0,71.0,670.0,50.0,50.0,33.0,36.5,36.5,35.0,13.0,15.0,STEEL,14.0,50.0,50.0,330.0,350.0,16.0,18.0,False,False,135.0,2.0,0.9,1.1,0.9,1.2,1.0,0.9,694.0,52.0,694.0,52.0,0,0,False,0,1,68.0,45.0,0.0,31.8,True,True,False,False,True,9,2,True,112.0,128.0,144,SPOKED,SPOKED,0,0,0.0,0.0,280.0,755.0,34.9,300.0,1.0
440.0,78.0,670.0,71.5,180.0,80.0,580.0,76.0,675.0,51.0,51.0,34.0,36.5,36.5,36.0,13.0,15.0,STEEL,15.0,52.0,52.0,330.0,350.0,16.0,18.0,False,False,135.0,2.0,0.9,1.1,0.9,1.2,1.0,0.9,676.0,52.0,676.0,52.0,0,0,False,0,1,68.0,45.0,0.0,31.8,True,True,False,False,True,9,2,True,112.0,128.0,144,SPOKED,SPOKED,0,0,0.0,0.0,280.0,760.0,34.9,300.0,1.0
445.0,80.0,580.0,72.25,185.0,45.0,585.0,72.5,680.0,52.0,52.0,35.0,36.5,36.5,37.0,13.0,15.0,STEEL,16.0,54.0,54.0,330.0,350.0,16.0,18.0,False,False,135.0,2.0,0.9,1.1,0.9,1.2,1.0,0.9,678.0,52.0,678.0,52.0,0,0,False,0,1,68.0,45.0,0.0,31.8,True,True,False,False,True,9,2,True,112.0,128.0,144,SPOKED,SPOKED,0,0,0.0,0.0,280.0,765.0,34.9,300.0,1.0
450.0,82.0,590.0,73.75,190.0,85.0,590.0,73.5,685.0,53.0,53.0,36.0,36.5,36.5,38.0,13.0,15.0,STEEL,17.0,56.0,56.0,330.0,350.0,16.0,18.0,False,False,135.0,2.0,0.9,1.1,0.9,1.2,1.0,0.9,680.0,52.0,680.0,52.0,0,0,False,0,1,68.0,45.0,0.0,31.8,True,True,False,False,True,9,2,True,112.0,128.0,144,SPOKED,SPOKED,0,0,0.0,0.0,280.0,770.0,34.9,300.0,1.0
455.0,84.0,600.0,74.25,195.0,90.0,595.0,74.5,690.0,54.0,54.0,37.0,36.5,36.5,39.0,13.0,15.0,STEEL,18.0,58.0,58.0,330.0,350.0,16.0,18.0,False,False,135.0,2.0,0.9,1.1,0.9,1.2,1.0,0.9,682.0,52.0,682.0,52.0,0,0,False,0,1,68.0,45.0,0.0,31.8,True,True,False,False,True,9,2,True,112.0,128.0,144,SPOKED,SPOKED,0,0,0.0,0.0,280.0,775.0,34.9,300.0,1.0
405.0,70.0,600.0,73.0,150.0,45.0,550.0,73.5,650.0,45.0,40.0,28.6,36.5,25.0,25.0,13.0,15.0,STEEL,30.0,40.0,45.0,330.0,350.0,16.0,18.0,False,False,130.0,2.0,1.0,1.2,1.2,1.0,1.0,1.2,674.0,52.0,674.0,52.0,0,2,False,0,1,68.0,45.0,0.0,31.6,True,True,False,False,True,8,2,True,112.0,128.0,144,SPOKED,SPOKED,0,0,80.0,80.0,278.0,760.0,36.5,300.0,1.0
405.0,70.0,605.0,73.0,155.0,45.0,550.0,73.5,650.0,45.0,40.0,30.0,36.5,25.0,25.0,13.0,15.0,STEEL,30.0,40.0,45.0,330.0,350.0,16.0,18.0,False,False,130.0,2.0,1.0,1.2,1.2,1.0,1.0,1.2,674.0,52.0,674.0,52.0,0,2,False,0,1,68.0,45.0,0.0,31.6,True,True,False,False,True,8,2,True,110.0,125.0,140,SPOKED,SPOKED,0,0,80.0,80.0,278.0,765.0,36.5,300.0,1.0
405.0,70.0,610.0,73.0,160.0,45.0,550.0,73.5,650.0,45.0,40.0,31.6,36.5,25.0,25.0,13.0,15.0,STEEL,30.0,40.0,45.0,330.0,350.0,16.0,18.0,False,False,130.0,2.0,1.1,1.2,1.2,1.0,1.0,1.2,674.0,52.0,674.0,52.0,0,2,False,0,1,68.0,45.0,0.0,31.6,True,True,False,False,True,8,2,True,115.0,130.0,145,SPOKED,SPOKED,0,0,80.0,80.0,278.0,770.0,36.5,300.0,1.0
405.0,70.0,615.0,73.0,165.0,45.0,550.0,73.5,650.0,45.0,40.0,32.0,36.5,25.0,25.0,13.0,15.0,STEEL,30.0,40.0,45.0,330.0,350.0,16.0,18.0,False,False,130.0,2.0,1.1,1.2,1.2,1.0,1.0,1.2,674.0,52.0,674.0,52.0,0,2,False,0,1,68.0,45.0,0.0,31.6,True,True,False,False,True,8,2,True,108.0,123.0,138,SPOKED,SPOKED,0,0,80.0,80.0,278.0,775.0,36.5,300.0,1.0
405.0,70.0,620.0,73.0,170.0,45.0,550.0,73.5,650.0,45.0,40.0,29.0,36.5,25.0,25.0,13.0,15.0,STEEL,30.0,40.0,45.0,330.0,350.0,16.0,18.0,False,False,130.0,2.0,1.2,1.2,1.2,1.0,1.0,1.2,674.0,52.0,674.0,52.0,0,2,False,0,1,68.0,45.0,0.0,31.6,True,True,False,False,True,8,2,True,118.0,135.0,150,SPOKED,SPOKED,0,0,80.0,80.0,278.0,780.0,36.5,300.0,1.0
405.0,70.0,625.0,73.0,175.0,45.0,550.0,73.5,650.0,45.0,40.0,33.0,36.5,25.0,25.0,13.0,15.0,STEEL,30.0,40.0,45.0,330.0,350.0,16.0,18.0,False,False,130.0,2.0,1.2,1.2,1.2,1.0,1.0,1.2,674.0,52.0,674.0,52.0,0,2,False,0,1,68.0,45.0,0.0,31.6,True,True,False,False,True,8,2,True,120.0,136.0,152,SPOKED,SPOKED,0,0,80.0,80.0,278.0,785.0,36.5,300.0,1.0
405.0,70.0,630.0,73.0,180.0,45.0,550.0,73.5,650.0,45.0,40.0,29.5,36.5,25.0,25.0,13.0,15.0,STEEL,30.0,40.0,45.0,330.0,350.0,16.0,18.0,False,False,130.0,2.0,1.1,1.2,1.2,1.0,1.0,1.2,674.0,52.0,674.0,52.0,0,2,False,0,1,68.0,45.0,0.0,31.6,True,True,False,False,True,8,2,True,105.0,123.0,140,SPOKED,SPOKED,0,0,80.0,80.0,278.0,790.0,36.5,300.0,1.0
405.0,70.0,635.0,73.0,185.0,45.0,550.0,73.5,650.0,45.0,40.0,30.5,36.5,25.0,25.0,13.0,15.0,STEEL,30.0,40.0,45.0,330.0,350.0,16.0,18.0,False,False,130.0,2.0,1.0,1.2,1.2,1.0,1.0,1.2,674.0,52.0,674.0,52.0,0,2,False,0,1,68.0,45.0,0.0,31.6,True,True,False,False,True,8,2,True,122.0,130.0,148,SPOKED,SPOKED,0,0,80.0,80.0,278.0,795.0,36.5,300.0,1.0
405.0,70.0,640.0,73.0,190.0,45.0,550.0,73.5,650.0,45.0,40.0,31.0,36.5,25.0,25.0,13.0,15.0,STEEL,30.0,40.0,45.0,330.0,350.0,16.0,18.0,False,False,130.0,2.0,1.2,1.2,1.2,1.0,1.0,1.2,674.0,52.0,674.0,52.0,0,2,False,0,1,68.0,45.0,0.0,31.6,True,True,False,False,True,8,2,True,117.0,129.0,147,SPOKED,SPOKED,0,0,80.0,80.0,278.0,800.0,36.5,300.0,1.0
405.0,70.0,645.0,73.0,195.0,45.0,550.0,73.5,650.0,45.0,40.0,32.5,36.5,25.0,25.0,13.0,15.0,STEEL,30.0,40.0,45.0,330.0,350.0,16.0,18.0,False,False,130.0,2.0,1.1,1.2,1.2,1.0,1.0,1.2,674.0,52.0,674.0,52.0,0,2,False,0,1,68.0,45.0,0.0,31.6,True,True,False,False,True,8,2,True,119.0,131.0,149,SPOKED,SPOKED,0,0,80.0,80.0,278.0,805.0,36.5,300.0,1.0
400.0,68.0,610.0,72.0,150.0,45.0,550.0,73.0,620.0,50.0,40.0,40.0,50.0,36.5,23.35,15.0,9.0,STEEL,30.0,45.0,50.0,0.0,0.0,0.0,0.0,False,False,130.0,2.0,0.9,1.1,0.9,1.2,1.0,0.9,674.0,52.0,674.0,52.0,0,1,False,0,1,68.0,45.0,0.0,31.8,True,True,False,False,True,7,1,True,112.0,128.0,144,SPOKED,SPOKED,0,0,0.0,0.0,280.0,720.0,34.9,300.0,1.0
405.0,70.0,620.0,73.0,155.0,50.0,560.0,74.0,630.0,52.0,40.0,40.0,50.0,36.5,23.35,15.0,9.0,STEEL,32.0,47.0,52.0,0.0,0.0,0.0,0.0,False,False,130.0,2.0,0.9,1.1,0.9,1.2,1.0,0.9,674.0,52.0,674.0,52.0,0,1,False,0,1,68.0,45.0,0.0,31.8,True,True,False,False,True,7,1,True,114.0,130.0,146,SPOKED,SPOKED,0,0,0.0,0.0,282.0,720.0,34.9,305.0,1.0
410.0,72.0,630.0,74.0,160.0,40.0,540.0,72.0,640.0,48.0,40.0,40.0,50.0,36.5,23.35,15.0,9.0,STEEL,28.0,43.0,48.0,0.0,0.0,0.0,0.0,False,False,130.0,2.0,0.9,1.1,0.9,1.2,1.0,0.9,674.0,52.0,674.0,52.0,0,1,False,0,1,68.0,45.0,0.0,31.8,True,True,False,False,True,7,1,True,110.0,126.0,142,SPOKED,SPOKED,0,0,0.0,0.0,278.0,720.0,34.9,295.0,1.0
415.0,65.0,605.0,71.5,145.0,48.0,565.0,73.5,610.0,50.0,40.0,40.0,50.0,36.5,23.35,15.0,9.0,STEEL,31.0,46.0,51.0,0.0,0.0,0.0,0.0,False,False,130.0,2.0,0.9,1.1,0.9,1.2,1.0,0.9,674.0,52.0,674.0,52.0,0,1,False,0,1,68.0,45.0,0.0,31.8,True,True,False,False,True,7,1,True,116.0,132.0,148,SPOKED,SPOKED,0,0,0.0,0.0,284.0,720.0,34.9,310.0,1.0
420.0,69.0,615.0,72.5,152.0,42.0,545.0,72.5,625.0,51.0,40.0,40.0,50.0,36.5,23.35,15.0,9.0,STEEL,29.0,44.0,49.0,0.0,0.0,0.0,0.0,False,False,130.0,2.0,0.9,1.1,0.9,1.2,1.0,0.9,674.0,52.0,674.0,52.0,0,1,False,0,1,68.0,45.0,0.0,31.8,True,True,False,False,True,7,1,True,108.0,124.0,140,SPOKED,SPOKED,0,0,0.0,0.0,276.0,720.0,34.9,290.0,1.0
395.0,71.0,625.0,73.5,158.0,46.0,555.0,74.0,635.0,49.0,40.0,40.0,50.0,36.5,23.35,15.0,9.0,STEEL,33.0,48.0,53.0,0.0,0.0,0.0,0.0,False,False,130.0,2.0,0.9,1.1,0.9,1.2,1.0,0.9,674.0,52.0,674.0,52.0,0,1,False,0,1,68.0,45.0,0.0,31.8,True,True,False,False,True,7,1,True,118.0,134.0,150,SPOKED,SPOKED,0,0,0.0,0.0,286.0,720.0,34.9,315.0,1.0
402.0,67.0,608.0,72.2,148.0,44.0,552.0,73.2,618.0,53.0,40.0,40.0,50.0,36.5,23.35,15.0,9.0,STEEL,27.0,42.0,47.0,0.0,0.0,0.0,0.0,False,False,130.0,2.0,0.9,1.1,0.9,1.2,1.0,0.9,674.0,52.0,674.0,52.0,0,1,False,0,1,68.0,45.0,0.0,31.8,True,True,False,False,True,7,1,True,106.0,122.0,138,SPOKED,SPOKED,0,0,0.0,0.0,274.0,720.0,34.9,285.0,1.0
408.0,73.0,618.0,73.8,162.0,49.0,558.0,72.8,628.0,47.0,40.0,40.0,50.0,36.5,23.35,15.0,9.0,STEEL,34.0,49.0,54.0,0.0,0.0,0.0,0.0,False,False,130.0,2.0,0.9,1.1,0.9,1.2,1.0,0.9,674.0,52.0,674.0,52.0,0,1,False,0,1,68.0,45.0,0.0,31.8,True,True,False,False,True,7,1,True,120.0,136.0,152,SPOKED,SPOKED,0,0,0.0,0.0,288.0,720.0,34.9,320.0,1.0
412.0,71.8,628.0,71.8,147.0,43.0,548.0,73.6,638.0,54.0,40.0,40.0,50.0,36.5,23.35,15.0,9.0,STEEL,26.0,41.0,46.0,0.0,0.0,0.0,0.0,False,False,130.0,2.0,0.9,1.1,0.9,1.2,1.0,0.9,674.0,52.0,674.0,52.0,0,1,False,0,1,68.0,45.0,0.0,31.8,True,True,False,False,True,7,1,True,104.0,120.0,136,SPOKED,SPOKED,0,0,0.0,0.0,272.0,720.0,34.9,280.0,1.0
418.0,64.0,612.0,72.7,154.0,47.0,562.0,72.4,612.0,46.0,40.0,40.0,50.0,36.5,23.35,15.0,9.0,STEEL,35.0,50.0,55.0,0.0,0.0,0.0,0.0,False,False,130.0,2.0,0.9,1.1,0.9,1.2,1.0,0.9,674.0,52.0,674.0,52.0,0,1,False,0,1,68.0,45.0,0.0,31.8,True,True,False,False,True,7,1,True,122.0,138.0,154,SPOKED,SPOKED,0,0,0.0,0.0,290.0,720.0,34.9,330.0,1.0
420.0,60.0,620.0,73.5,160.0,50.0,540.0,73.0,650.0,50.0,45.0,29.0,34.9,36.5,23.35,13.0,15.0,STEEL,35.0,45.0,40.0,330.0,350.0,16.0,18.0,True,True,130.0,2.0,0.9,1.1,0.9,1.2,1.0,0.9,680.0,52.0,680.0,52.0,0,0,False,0,1,68.0,45.0,692.0,31.8,True,True,False,False,True,8,2,True,112.0,128.0,144,SPOKED,SPOKED,1,1,80.0,80.0,280.0,760.0,34.9,770.0,1.0
430.0,55.0,610.0,74.0,170.0,60.0,560.0,73.5,660.0,52.0,45.0,30.0,34.9,36.5,25.0,13.0,15.0,STEEL,36.0,46.0,38.0,330.0,350.0,16.0,18.0,True,True,130.0,2.0,1.0,0.9,1.0,1.1,0.9,1.0,680.0,52.0,680.0,52.0,0,1,False,0,1,68.0,45.0,692.0,31.8,True,True,False,False,True,8,2,True,112.0,128.0,144,SPOKED,SPOKED,1,1,80.0,80.0,280.0,760.0,34.9,770.0,1.0
450.0,50.0,640.0,73.0,160.0,55.0,550.0,74.0,650.0,48.0,45.0,28.0,34.9,36.5,23.35,13.0,15.0,STEEL,34.0,44.0,42.0,330.0,350.0,16.0,18.0,True,True,130.0,2.0,0.9,1.1,0.9,1.2,1.0,0.9,680.0,52.0,680.0,52.0,0,2,False,0,1,68.0,45.0,692.0,31.8,True,True,False,False,True,8,2,True,112.0,128.0,144,SPOKED,SPOKED,1,1,80.0,80.0,280.0,760.0,34.9,770.0,1.0
460.0,60.0,620.0,75.0,180.0,65.0,580.0,72.0,640.0,50.0,45.0,29.0,34.9,36.5,23.35,13.0,15.0,STEEL,38.0,48.0,35.0,330.0,350.0,16.0,18.0,True,True,130.0,2.0,1.1,0.9,1.0,1.2,0.9,1.0,680.0,52.0,680.0,52.0,0,0,False,0,1,68.0,45.0,692.0,31.8,True,True,False,False,True,8,2,True,112.0,128.0,144,SPOKED,SPOKED,1,1,80.0,80.0,280.0,760.0,34.9,770.0,1.0
470.0,65.0,630.0,74.5,190.0,50.0,520.0,73.0,660.0,55.0,45.0,37.0,34.9,36.5,23.35,13.0,15.0,STEEL,37.0,47.0,39.0,330.0,350.0,16.0,18.0,False,True,130.0,2.0,0.9,1.1,0.9,1.2,1.0,0.9,680.0,52.0,680.0,52.0,0,1,False,0,1,68.0,45.0,692.0,31.8,True,True,False,False,True,8,2,True,112.0,128.0,144,SPOKED,SPOKED,1,1,80.0,80.0,280.0,760.0,34.9,770.0,1.0
480.0,70.0,600.0,72.5,150.0,70.0,560.0,74.0,655.0,49.0,45.0,29.0,34.9,36.5,23.35,13.0,15.0,STEEL,33.0,43.0,37.0,330.0,350.0,16.0,18.0,True,True,130.0,2.0,1.0,1.1,0.9,1.2,1.0,0.9,680.0,52.0,680.0,52.0,0,1,False,0,1,68.0,45.0,692.0,31.8,True,True,False,False,True,8,2,True,112.0,128.0,144,SPOKED,SPOKED,1,1,80.0,80.0,280.0,760.0,34.9,770.0,1.0
490.0,75.0,650.0,73.5,200.0,60.0,540.0,72.5,645.0,50.0,45.0,29.0,34.9,36.5,23.35,13.0,15.0,STEEL,38.0,48.0,41.0,330.0,350.0,16.0,18.0,True,True,130.0,2.0,0.9,1.1,0.9,1.2,1.0,0.9,680.0,52.0,680.0,52.0,0,0,False,0,1,68.0,45.0,692.0,31.8,True,True,False,False,True,8,2,True,112.0,128.0,144,SPOKED,SPOKED,1,1,80.0,80.0,280.0,760.0,34.9,770.0,1.0
500.0,55.0,630.0,73.0,165.0,55.0,530.0,73.0,635.0,51.0,45.0,30.0,34.9,36.5,23.35,13.0,15.0,STEEL,35.0,45.0,40.0,330.0,350.0,16.0,18.0,True,True,130.0,2.0,1.0,0.9,1.0,1.1,0.9,1.0,680.0,52.0,680.0,52.0,0,2,False,0,1,68.0,45.0,692.0,31.8,True,True,False,False,True,8,2,True,112.0,128.0,144,SPOKED,SPOKED,1,1,80.0,80.0,280.0,760.0,34.9,770.0,1.0
510.0,60.0,640.0,74.0,175.0,65.0,560.0,72.0,650.0,53.0,45.0,29.0,34.9,36.5,23.35,13.0,15.0,STEEL,35.0,45.0,40.0,330.0,350.0,16.0,18.0,True,False,130.0,2.0,0.9,1.1,0.9,1.2,1.0,0.9,680.0,52.0,680.0,52.0,0,0,False,0,1,68.0,45.0,692.0,31.8,True,True,False,False,True,8,2,True,112.0,128.0,144,SPOKED,SPOKED,1,1,80.0,80.0,280.0,760.0,34.9,770.0,1.0
520.0,65.0,620.0,73.5,160.0,50.0,550.0,73.5,660.0,54.0,45.0,30.0,34.9,36.5,23.35,13.0,15.0,STEEL,36.0,46.0,39.0,330.0,350.0,16.0,18.0,False,True,130.0,2.0,0.9,1.1,0.9,1.2,1.0,0.9,680.0,52.0,680.0,52.0,0,0,False,0,1,68.0,45.0,692.0,31.8,True,True,False,False,True,8,2,True,112.0,128.0,144,SPOKED,SPOKED,1,1,80.0,80.0,280.0,760.0,34.9,770.0,1.0
400.0,65.0,600.0,73.0,160.0,45.0,550.0,73.0,660.0,50.0,40.0,28.6,36.5,23.35,23.35,13.0,15.0,STEEL,30.0,60.0,50.0,330.0,350.0,16.0,18.0,False,False,130.0,2.0,0.9,1.1,0.9,1.2,1.0,0.9,680.0,52.0,680.0,52.0,0,0,False,0,1,68.0,45.0,0.0,31.8,True,True,False,False,True,8,2,True,112.0,128.0,144,SPOKED,SPOKED,0,0,0.0,0.0,278.0,760.0,34.9,300.0,1.0
410.0,60.0,620.0,72.0,170.0,47.0,560.0,72.5,655.0,45.0,40.0,28.6,36.5,23.35,23.35,13.0,15.0,STEEL,32.0,62.0,52.0,330.0,350.0,16.0,18.0,False,False,135.0,2.0,0.9,1.1,0.9,1.2,1.0,0.9,680.0,52.0,680.0,52.0,0,0,False,0,1,68.0,45.0,0.0,31.8,True,True,False,False,True,8,2,True,112.0,128.0,144,SPOKED,SPOKED,0,0,0.0,0.0,280.0,750.0,34.9,300.0,1.0
395.0,70.0,580.0,74.0,150.0,44.0,540.0,74.0,648.0,55.0,40.0,28.6,36.5,23.35,23.35,13.0,15.0,STEEL,28.0,58.0,48.0,330.0,350.0,16.0,18.0,False,False,130.0,2.0,0.9,1.1,0.9,1.2,1.0,0.9,680.0,52.0,680.0,52.0,0,0,False,0,1,68.0,45.0,0.0,31.8,True,True,False,False,True,8,2,True,112.0,128.0,144,SPOKED,SPOKED,0,0,0.0,0.0,275.0,770.0,34.9,300.0,1.0
420.0,62.0,610.0,73.5,180.0,46.0,570.0,73.0,670.0,50.0,40.0,28.6,36.5,23.35,23.35,13.0,15.0,STEEL,35.0,65.0,55.0,330.0,350.0,16.0,18.0,False,False,130.0,2.0,0.9,1.1,0.9,1.2,1.0,0.9,680.0,52.0,680.0,52.0,0,0,False,0,1,68.0,45.0,0.0,31.8,True,True,False,False,True,8,2,True,112.0,128.0,144,SPOKED,SPOKED,0,0,0.0,0.0,285.0,755.0,34.9,300.0,1.0
405.0,57.0,595.0,72.5,155.0,45.0,545.0,73.2,660.0,50.0,40.0,28.6,36.5,23.35,23.35,13.0,15.0,STEEL,30.0,60.0,50.0,330.0,350.0,16.0,18.0,False,False,135.0,2.0,0.9,1.1,0.9,1.2,1.0,0.9,680.0,52.0,680.0,52.0,0,0,False,0,1,68.0,45.0,0.0,31.8,True,True,False,False,True,8,2,True,112.0,128.0,144,SPOKED,SPOKED,0,0,0.0,0.0,278.0,765.0,34.9,300.0,1.0
430.0,65.0,605.0,73.0,165.0,48.0,555.0,72.8,662.0,52.0,40.0,28.6,36.5,23.35,23.35,13.0,15.0,STEEL,33.0,64.0,53.0,330.0,350.0,16.0,18.0,False,False,130.0,2.0,0.9,1.1,0.9,1.2,1.0,0.9,680.0,52.0,680.0,52.0,0,0,False,0,1,68.0,45.0,0.0,31.8,True,True,False,False,True,8,2,True,112.0,128.0,144,SPOKED,SPOKED,0,0,0.0,0.0,282.0,752.0,34.9,300.0,1.0
390.0,68.0,615.0,73.8,172.0,43.0,565.0,73.1,658.0,48.0,40.0,28.6,36.5,23.35,23.35,13.0,15.0,STEEL,31.0,61.0,51.0,330.0,350.0,16.0,18.0,False,False,130.0,2.0,0.9,1.1,0.9,1.2,1.0,0.9,680.0,52.0,680.0,52.0,0,0,False,0,1,68.0,45.0,0.0,31.8,True,True,False,False,True,8,2,True,112.0,128.0,144,SPOKED,SPOKED,0,0,0.0,0.0,276.0,758.0,34.9,300.0,1.0
415.0,63.0,620.0,72.2,178.0,46.0,580.0,72.9,665.0,50.0,40.0,28.6,36.5,23.35,23.35,13.0,15.0,STEEL,36.0,66.0,54.0,330.0,350.0,16.0,18.0,False,False,135.0,2.0,0.9,1.1,0.9,1.2,1.0,0.9,680.0,52.0,680.0,52.0,0,0,False,0,1,68.0,45.0,0.0,31.8,True,True,False,False,True,8,2,True,112.0,128.0,144,SPOKED,SPOKED,0,0,0.0,0.0,290.0,770.0,34.9,300.0,1.0
405.0,59.0,590.0,73.0,160.0,45.0,555.0,73.3,652.0,53.0,40.0,28.6,36.5,23.35,23.35,13.0,15.0,STEEL,29.0,59.0,49.0,330.0,350.0,16.0,18.0,False,False,130.0,2.0,0.9,1.1,0.9,1.2,1.0,0.9,680.0,52.0,680.0,52.0,0,0,False,0,1,68.0,45.0,0.0,31.8,True,True,False,False,True,8,2,True,112.0,128.0,144,SPOKED,SPOKED,0,0,0.0,0.0,280.0,755.0,34.9,300.0,1.0
425.0,61.0,600.0,74.0,185.0,47.0,575.0,72.7,668.0,50.0,40.0,28.6,36.5,23.35,23.35,13.0,15.0,STEEL,34.0,67.0,55.0,330.0,350.0,16.0,18.0,False,False,135.0,2.0,0.9,1.1,0.9,1.2,1.0,0.9,680.0,52.0,680.0,52.0,0,0,False,0,1,68.0,45.0,0.0,31.8,True,True,False,False,True,8,2,True,112.0,128.0,144,SPOKED,SPOKED,0,0,0.0,0.0,288.0,765.0,34.9,300.0,1.0
420.0,55.0,620.0,73.0,160.0,48.0,600.0,73.5,610.0,45.0,45.0,28.6,33.0,36.5,23.35,15.0,9.0,STEEL,30.0,40.0,50.0,0.0,0.0,16.0,18.0,False,False,130.0,2.0,0.9,1.1,1.1,1.0,1.0,0.9,700.0,50.0,700.0,50.0,0,0,False,0,1,68.0,45.0,0.0,31.8,True,True,False,False,True,7,1,True,112.0,128.0,144,SPOKED,SPOKED,0,0,80.0,80.0,280.0,740.0,33.0,350.0,1.0
430.0,50.0,630.0,72.5,170.0,49.0,610.0,73.0,605.0,46.0,45.0,28.6,33.0,36.5,23.35,15.0,9.0,STEEL,32.0,42.0,48.0,0.0,0.0,16.0,18.0,False,False,130.0,2.0,0.9,1.1,1.1,1.0,1.0,0.9,700.0,50.0,700.0,50.0,0,0,False,0,1,68.0,45.0,0.0,31.8,True,True,False,False,True,7,1,True,112.0,128.0,144,SPOKED,SPOKED,0,0,80.0,80.0,280.0,740.0,33.0,350.0,1.0
415.0,58.0,615.0,73.5,165.0,47.0,590.0,74.0,620.0,44.0,45.0,28.6,33.0,36.5,23.35,15.0,9.0,STEEL,31.0,39.0,52.0,0.0,0.0,16.0,18.0,False,False,130.0,2.0,0.9,1.1,1.1,1.0,1.0,0.9,700.0,50.0,700.0,50.0,0,0,False,0,1,68.0,45.0,0.0,31.8,True,True,False,False,True,7,1,True,112.0,128.0,144,SPOKED,SPOKED,0,0,80.0,80.0,280.0,740.0,33.0,350.0,1.0
425.0,52.0,625.0,72.0,155.0,46.0,605.0,73.2,612.0,45.0,45.0,28.6,33.0,36.5,23.35,15.0,9.0,STEEL,33.0,41.0,49.0,0.0,0.0,16.0,18.0,False,False,130.0,2.0,0.9,1.1,1.1,1.0,1.0,0.9,700.0,50.0,700.0,50.0,0,0,False,0,1,68.0,45.0,0.0,31.8,True,True,False,False,True,7,1,True,112.0,128.0,144,SPOKED,SPOKED,0,0,80.0,80.0,280.0,740.0,33.0,350.0,1.0
422.0,53.0,628.0,72.8,158.0,46.5,600.0,73.8,615.0,45.0,45.0,28.6,33.0,36.5,23.35,15.0,9.0,STEEL,32.0,40.0,50.0,0.0,0.0,16.0,18.0,False,False,130.0,2.0,0.9,1.1,1.1,1.0,1.0,0.9,700.0,50.0,700.0,50.0,0,0,False,0,1,68.0,45.0,0.0,31.8,True,True,False,False,True,7,1,True,112.0,128.0,144,SPOKED,SPOKED,0,0,80.0,80.0,280.0,740.0,33.0,350.0,1.0
418.0,54.0,622.0,73.2,162.0,47.5,598.0,73.6,608.0,45.5,45.0,28.6,33.0,36.5,23.35,15.0,9.0,STEEL,30.5,39.5,51.0,0.0,0.0,16.0,18.0,False,False,130.0,2.0,0.9,1.1,1.1,1.0,1.0,0.9,700.0,50.0,700.0,50.0,0,0,False,0,1,68.0,45.0,0.0,31.8,True,True,False,False,True,7,1,True,112.0,128.0,144,SPOKED,SPOKED,0,0,80.0,80.0,280.0,740.0,33.0,350.0,1.0
427.0,51.0,632.0,73.4,168.0,49.0,620.0,73.1,618.0,46.0,45.0,28.6,33.0,36.5,23.35,15.0,9.0,STEEL,34.0,42.5,47.5,0.0,0.0,16.0,18.0,False,False,130.0,2.0,0.9,1.1,1.1,1.0,1.0,0.9,700.0,50.0,700.0,50.0,0,0,False,0,1,68.0,45.0,0.0,31.8,True,True,False,False,True,7,1,True,112.0,128.0,144,SPOKED,SPOKED,0,0,80.0,80.0,280.0,740.0,33.0,350.0,1.0
412.0,56.0,618.0,72.2,152.0,45.5,588.0,74.5,603.0,44.5,45.0,28.6,33.0,36.5,23.35,15.0,9.0,STEEL,29.0,38.0,53.0,0.0,0.0,16.0,18.0,False,False,130.0,2.0,0.9,1.1,1.1,1.0,1.0,0.9,700.0,50.0,700.0,50.0,0,0,False,0,1,68.0,45.0,0.0,31.8,True,True,False,False,True,7,1,True,112.0,128.0,144,SPOKED,SPOKED,0,0,80.0,80.0,280.0,740.0,33.0,350.0,1.0
429.0,49.0,635.0,73.6,175.0,50.0,625.0,73.3,622.0,47.0,45.0,28.6,33.0,36.5,23.35,15.0,9.0,STEEL,35.0,43.0,46.0,0.0,0.0,16.0,18.0,False,False,130.0,2.0,0.9,1.1,1.1,1.0,1.0,0.9,700.0,50.0,700.0,50.0,0,0,False,0,1,68.0,45.0,0.0,31.8,True,True,False,False,True,7,1,True,112.0,128.0,144,SPOKED,SPOKED,0,0,80.0,80.0,280.0,740.0,33.0,350.0,1.0
420.0,55.5,623.0,72.7,159.0,47.0,605.0,74.0,607.0,45.0,45.0,28.6,33.0,36.5,23.35,15.0,9.0,STEEL,31.5,40.5,50.5,0.0,0.0,16.0,18.0,False,False,130.0,2.0,0.9,1.1,1.1,1.0,1.0,0.9,700.0,50.0,700.0,50.0,0,0,False,0,1,68.0,45.0,0.0,31.8,True,True,False,False,True,7,1,True,112.0,128.0,144,SPOKED,SPOKED,0,0,80.0,80.0,280.0,740.0,33.0,350.0,1.0
420.0,65.0,580.0,73.0,150.0,45.0,540.0,73.0,575.0,50.0,40.0,31.8,31.8,31.8,31.8,13.0,15.0,STEEL,35.0,40.0,45.0,0.0,0.0,0.0,0.0,False,False,130.0,2.0,1.0,1.0,1.0,1.0,1.0,1.0,680.0,50.0,680.0,50.0,0,0,False,0,1,68.0,45.0,0.0,31.8,True,True,False,False,True,8,2,True,112.0,128.0,144.0,SPOKED,SPOKED,0,0,0.0,0.0,280.0,740.0,31.8,350.0,1.0
430.0,65.0,590.0,73.0,160.0,45.0,550.0,73.0,580.0,50.0,40.0,31.8,31.8,31.8,31.8,13.0,15.0,STEEL,35.0,40.0,45.0,0.0,0.0,0.0,0.0,False,False,130.0,2.0,1.0,1.0,1.0,1.0,1.0,1.0,680.0,50.0,680.0,50.0,0,1,False,0,1,68.0,45.0,0.0,31.8,True,True,False,False,True,9,2,True,112.0,128.0,144.0,SPOKED,SPOKED,0,0,0.0,0.0,280.0,740.0,31.8,350.0,1.0
415.0,65.0,585.0,73.0,150.0,45.0,545.0,73.0,575.0,50.0,40.0,31.8,31.8,31.8,31.8,13.0,15.0,STEEL,35.0,40.0,45.0,0.0,0.0,0.0,0.0,False,False,130.0,2.0,1.0,1.0,1.0,1.0,1.0,1.0,680.0,50.0,680.0,50.0,0,2,False,0,1,68.0,45.0,0.0,31.8,True,True,False,False,True,8,1,True,112.0,128.0,144.0,SPOKED,SPOKED,0,0,0.0,0.0,280.0,740.0,31.8,350.0,1.0
425.0,65.0,570.0,73.0,140.0,45.0,530.0,73.0,570.0,50.0,40.0,31.8,31.8,31.8,31.8,13.0,15.0,STEEL,35.0,40.0,45.0,0.0,0.0,0.0,0.0,False,False,130.0,2.0,1.0,1.0,1.0,1.0,1.0,1.0,680.0,50.0,680.0,50.0,0,0,False,0,1,68.0,45.0,0.0,31.8,True,True,False,False,True,7,2,True,112.0,128.0,144.0,SPOKED,SPOKED,0,0,0.0,0.0,280.0,740.0,31.8,350.0,1.0
440.0,65.0,600.0,73.0,170.0,45.0,560.0,73.0,580.0,50.0,40.0,31.8,31.8,31.8,31.8,13.0,15.0,STEEL,35.0,40.0,45.0,0.0,0.0,0.0,0.0,False,False,130.0,2.0,1.0,1.0,1.0,1.0,1.0,1.0,680.0,50.0,680.0,50.0,0,1,False,0,1,68.0,45.0,0.0,31.8,True,True,False,False,True,10,2,True,112.0,128.0,144.0,SPOKED,SPOKED,0,0,0.0,0.0,280.0,740.0,31.8,350.0,1.0
405.0,65.0,575.0,73.0,155.0,45.0,525.0,73.0,575.0,50.0,40.0,31.8,31.8,31.8,31.8,13.0,15.0,STEEL,35.0,40.0,45.0,0.0,0.0,0.0,0.0,False,False,130.0,2.0,1.0,1.0,1.0,1.0,1.0,1.0,680.0,50.0,680.0,50.0,0,2,False,0,1,68.0,45.0,0.0,31.8,True,True,False,False,True,8,1,True,112.0,128.0,144.0,SPOKED,SPOKED,0,0,0.0,0.0,280.0,740.0,31.8,350.0,1.0
420.0,65.0,585.0,73.0,165.0,45.0,540.0,73.0,580.0,50.0,40.0,31.8,31.8,31.8,31.8,13.0,15.0,STEEL,35.0,40.0,45.0,0.0,0.0,0.0,0.0,False,False,130.0,2.0,1.0,1.0,1.0,1.0,1.0,1.0,680.0,50.0,680.0,50.0,0,1,False,0,2,68.0,45.0,0.0,31.8,True,True,False,False,True,9,2,True,112.0,128.0,144.0,SPOKED,SPOKED,0,0,0.0,0.0,280.0,740.0,31.8,350.0,1.0
435.0,65.0,595.0,73.0,180.0,45.0,555.0,73.0,580.0,50.0,40.0,31.8,31.8,31.8,31.8,13.0,15.0,STEEL,35.0,40.0,45.0,0.0,0.0,0.0,0.0,False,False,130.0,2.0,1.0,1.0,1.0,1.0,1.0,1.0,680.0,50.0,680.0,50.0,0,0,False,0,1,68.0,45.0,0.0,31.8,True,True,False,False,True,8,2,True,112.0,128.0,144.0,SPOKED,SPOKED,0,0,0.0,0.0,280.0,740.0,31.8,350.0,1.0
400.0,65.0,565.0,73.0,145.0,45.0,520.0,73.0,570.0,50.0,40.0,31.8,31.8,31.8,31.8,13.0,15.0,STEEL,35.0,40.0,45.0,0.0,0.0,0.0,0.0,False,False,130.0,2.0,1.0,1.0,1.0,1.0,1.0,1.0,680.0,50.0,680.0,50.0,0,2,False,0,1,68.0,45.0,0.0,31.8,True,True,False,False,True,7,1,True,112.0,128.0,144.0,SPOKED,SPOKED,0,0,0.0,0.0,280.0,740.0,31.8,350.0,1.0
445.0,65.0,605.0,73.0,175.0,45.0,565.0,73.0,580.0,50.0,40.0,31.8,31.8,31.8,31.8,13.0,15.0,STEEL,35.0,40.0,45.0,0.0,0.0,0.0,0.0,False,False,130.0,2.0,1.0,1.0,1.0,1.0,1.0,1.0,680.0,50.0,680.0,50.0,0,0,False,0,1,68.0,45.0,0.0,31.8,True,True,False,False,True,9,2,True,112.0,128.0,144.0,SPOKED,SPOKED,0,0,0.0,0.0,280.0,740.0,31.8,350.0,1.0
430.0,65.0,610.0,72.5,170.0,45.0,580.0,73.5,655.0,50.0,45.0,28.0,33.0,36.5,23.35,13.0,15.0,STEEL,32.0,45.0,45.0,330.0,350.0,16.0,18.0,False,False,130.0,2.0,1.0,1.1,0.9,1.2,1.0,0.9,700.0,39.0,700.0,39.0,0,0,False,0,1,68.0,45.0,0.0,31.8,True,True,False,False,True,8,2,True,112.0,128.0,144,SPOKED,SPOKED,0,0,80.0,80.0,280.0,760.0,34.9,300.0,1.0
435.0,63.0,605.0,73.0,165.0,45.0,575.0,74.0,650.0,53.0,45.0,28.0,32.0,36.5,23.35,13.0,15.0,STEEL,34.0,43.0,47.0,330.0,350.0,16.0,18.0,False,False,130.0,2.0,1.1,1.1,0.9,1.2,1.0,0.9,680.0,40.0,680.0,40.0,0,0,False,0,1,68.0,45.0,0.0,31.8,True,True,False,False,True,8,2,True,112.0,128.0,144,SPOKED,SPOKED,0,0,80.0,80.0,282.0,755.0,34.9,305.0,1.0
425.0,67.0,620.0,72.0,175.0,45.0,590.0,73.0,660.0,48.0,45.0,28.0,34.0,36.5,23.35,13.0,15.0,STEEL,30.0,47.0,44.0,330.0,350.0,16.0,18.0,False,False,130.0,2.0,1.0,1.0,0.9,1.2,1.0,0.9,700.0,38.0,700.0,38.0,0,0,False,0,1,68.0,45.0,0.0,31.8,True,True,False,False,True,8,2,True,112.0,128.0,144,SPOKED,SPOKED,0,0,80.0,80.0,278.0,765.0,34.9,295.0,1.0
440.0,64.0,615.0,72.5,168.0,45.0,570.0,73.5,645.0,52.0,45.0,28.0,33.5,36.5,23.35,13.0,15.0,STEEL,33.0,44.0,46.0,330.0,350.0,16.0,18.0,False,False,130.0,2.0,1.0,1.1,0.9,1.2,1.0,0.9,690.0,41.0,690.0,41.0,0,0,False,0,1,68.0,45.0,0.0,31.8,True,True,False,False,True,8,2,True,112.0,128.0,144,SPOKED,SPOKED,0,0,80.0,80.0,285.0,750.0,34.9,310.0,1.0
430.0,66.0,608.0,73.5,172.0,45.0,585.0,74.0,658.0,49.0,45.0,28.0,33.0,36.5,23.35,13.0,15.0,STEEL,31.0,46.0,45.0,330.0,350.0,16.0,18.0,False,False,130.0,2.0,1.1,1.0,0.9,1.2,1.0,0.9,705.0,39.5,705.0,39.5,0,0,False,0,1,68.0,45.0,0.0,31.8,True,True,False,False,True,8,2,True,112.0,128.0,144,SPOKED,SPOKED,0,0,80.0,80.0,280.0,770.0,34.9,300.0,1.0
445.0,62.0,612.0,72.0,160.0,45.0,565.0,73.0,648.0,51.0,45.0,28.0,32.5,36.5,23.35,13.0,15.0,STEEL,34.0,42.0,48.0,330.0,350.0,16.0,18.0,False,False,130.0,2.0,1.0,1.1,0.9,1.2,1.0,0.9,695.0,42.0,695.0,42.0,0,0,False,0,1,68.0,45.0,0.0,31.8,True,True,False,False,True,8,2,True,112.0,128.0,144,SPOKED,SPOKED,0,0,80.0,80.0,275.0,755.0,34.9,315.0,1.0
420.0,68.0,605.0,73.0,174.0,45.0,595.0,74.5,665.0,50.0,45.0,28.0,34.0,36.5,23.35,13.0,15.0,STEEL,32.0,48.0,44.0,330.0,350.0,16.0,18.0,False,False,130.0,2.0,1.1,1.0,0.9,1.2,1.0,0.9,700.0,38.0,700.0,38.0,0,0,False,0,1,68.0,45.0,0.0,31.8,True,True,False,False,True,8,2,True,112.0,128.0,144,SPOKED,SPOKED,0,0,80.0,80.0,287.0,745.0,34.9,305.0,1.0
438.0,63.0,618.0,72.5,169.0,45.0,580.0,73.0,652.0,54.0,45.0,28.0,33.0,36.5,23.35,13.0,15.0,STEEL,33.0,45.0,46.0,330.0,350.0,16.0,18.0,False,False,130.0,2.0,1.0,1.1,0.9,1.2,1.0,0.9,688.0,40.0,688.0,40.0,0,0,False,0,1,68.0,45.0,0.0,31.8,True,True,False,False,True,8,2,True,112.0,128.0,144,SPOKED,SPOKED,0,0,80.0,80.0,279.0,760.0,34.9,300.0,1.0
432.0,65.0,610.0,73.0,171.0,45.0,575.0,74.0,657.0,52.0,45.0,28.0,33.5,36.5,23.35,13.0,15.0,STEEL,34.0,44.0,45.0,330.0,350.0,16.0,18.0,False,False,130.0,2.0,1.1,1.1,0.9,1.2,1.0,0.9,695.0,39.0,695.0,39.0,0,0,False,0,1,68.0,45.0,0.0,31.8,True,True,False,False,True,8,2,True,112.0,128.0,144,SPOKED,SPOKED,0,0,80.0,80.0,283.0,770.0,34.9,290.0,1.0
428.0,61.0,597.0,72.0,166.0,45.0,585.0,73.0,647.0,50.0,45.0,28.0,33.0,36.5,23.35,13.0,15.0,STEEL,31.0,43.0,47.0,330.0,350.0,16.0,18.0,False,False,130.0,2.0,1.0,1.0,0.9,1.2,1.0,0.9,685.0,41.0,685.0,41.0,0,0,False,0,1,68.0,45.0,0.0,31.8,True,True,False,False,True,8,2,True,112.0,128.0,144,SPOKED,SPOKED,0,0,80.0,80.0,285.0,765.0,34.9,305.0,1.0
420.0,70.0,600.0,73.0,170.0,45.0,550.0,73.0,655.0,45.0,40.0,28.6,33.6,36.5,36.5,13.0,15.0,STEEL,35.0,30.0,45.0,0.0,0.0,0.0,0.0,False,False,135.0,2.0,0.9,1.1,0.9,1.2,1.0,0.9,700.0,78.0,700.0,78.0,0,0,False,0,1,68.0,45.0,31.8,45.0,True,True,False,False,True,7,1,True,112.0,128.0,144,SPOKED,SPOKED,0,0,80.0,80.0,278.0,745.0,34.9,330.0,1.0
425.0,70.0,605.0,73.5,165.0,45.0,555.0,73.5,660.0,45.0,40.0,28.6,33.6,36.5,36.5,13.0,15.0,STEEL,35.0,30.0,45.0,0.0,0.0,0.0,0.0,False,False,135.0,2.0,0.9,1.1,0.9,1.2,1.0,0.9,700.0,78.0,700.0,78.0,0,0,False,0,1,68.0,45.0,31.8,45.0,True,True,False,False,True,7,1,True,119.0,136.0,153,SPOKED,SPOKED,0,0,80.0,80.0,278.0,750.0,34.9,330.0,1.0
435.0,65.0,595.0,74.0,160.0,45.0,538.0,74.0,645.0,45.0,40.0,28.6,33.6,36.5,36.5,13.0,15.0,STEEL,35.0,30.0,45.0,0.0,0.0,0.0,0.0,False,False,135.0,2.0,0.9,1.1,0.9,1.2,1.0,0.9,700.0,78.0,700.0,78.0,0,0,False,0,1,68.0,45.0,31.8,45.0,True,True,False,False,True,7,1,True,105.0,105.0,105,SPOKED,SPOKED,0,0,80.0,80.0,278.0,730.0,34.9,330.0,1.0
440.0,70.0,610.0,74.5,175.0,45.0,560.0,74.5,670.0,45.0,40.0,28.6,33.6,36.5,36.5,13.0,15.0,STEEL,34.0,31.0,44.0,0.0,0.0,0.0,0.0,False,False,135.0,2.0,0.9,1.1,0.9,1.2,1.0,0.9,700.0,78.0,700.0,78.0,0,0,False,0,1,68.0,45.0,31.8,45.0,True,True,False,False,True,7,1,True,96.0,96.0,96,SPOKED,SPOKED,0,0,80.0,80.0,278.0,760.0,34.9,330.0,1.0
420.0,68.0,600.0,72.0,170.0,45.0,550.0,72.0,655.0,45.0,40.0,28.6,33.6,36.5,36.5,12.5,14.5,STEEL,36.0,32.0,46.0,0.0,0.0,0.0,0.0,False,False,135.0,2.0,0.9,1.1,0.9,1.2,1.0,0.9,700.0,78.0,700.0,78.0,0,0,False,0,1,68.0,45.0,31.8,45.0,True,True,False,False,True,7,1,True,70.0,70.0,70,SPOKED,SPOKED,0,0,80.0,80.0,278.0,745.0,34.9,330.0,1.0
430.0,70.0,605.0,73.0,165.0,45.0,545.0,73.0,660.0,45.0,40.0,28.6,33.6,36.5,36.5,13.5,14.0,STEEL,33.0,29.0,47.0,0.0,0.0,0.0,0.0,False,False,135.0,2.0,0.9,1.1,0.9,1.2,1.0,0.9,700.0,78.0,700.0,78.0,0,0,False,0,1,68.0,45.0,31.8,45.0,True,True,False,False,True,7,1,True,83.0,83.0,83,SPOKED,SPOKED,0,0,80.0,80.0,278.0,755.0,34.9,330.0,1.0
425.0,65.0,590.0,72.5,160.0,45.0,538.0,72.5,645.0,45.0,40.0,28.6,33.6,36.5,36.5,13.0,15.0,STEEL,35.0,30.0,45.0,0.0,0.0,0.0,0.0,False,False,135.0,2.0,0.9,1.1,0.9,1.2,1.0,0.9,700.0,78.0,700.0,78.0,0,0,False,0,1,68.0,45.0,31.8,45.0,True,True,False,False,True,7,1,True,90.0,90.0,90,SPOKED,SPOKED,0,0,80.0,80.0,278.0,735.0,34.9,330.0,1.0
440.0,65.0,610.0,74.0,175.0,45.0,560.0,74.0,670.0,45.0,40.0,28.6,33.6,36.5,36.5,12.0,16.0,STEEL,34.0,31.0,44.0,0.0,0.0,0.0,0.0,False,False,135.0,2.0,0.9,1.1,0.9,1.2,1.0,0.9,700.0,78.0,700.0,78.0,0,0,False,0,1,68.0,45.0,31.8,45.0,True,True,False,False,True,7,1,True,80.0,80.0,80,SPOKED,SPOKED,0,0,80.0,80.0,278.0,765.0,34.9,330.0,1.0
435.0,68.0,595.0,73.5,180.0,45.0,538.0,73.5,645.0,45.0,40.0,28.6,33.6,36.5,36.5,13.0,14.5,STEEL,33.0,29.0,46.0,0.0,0.0,0.0,0.0,False,False,135.0,2.0,0.9,1.1,0.9,1.2,1.0,0.9,700.0,78.0,700.0,78.0,0,0,False,0,1,68.0,45.0,31.8,45.0,True,True,False,False,True,7,1,True,75.0,75.0,75,SPOKED,SPOKED,0,0,80.0,80.0,278.0,740.0,34.9,330.0,1.0
420.0,68.0,600.0,73.0,170.0,45.0,550.0,73.0,655.0,45.0,40.0,28.6,33.6,36.5,36.5,12.5,15.5,STEEL,36.0,32.0,46.0,0.0,0.0,0.0,0.0,False,False,135.0,2.0,0.9,1.1,0.9,1.2,1.0,0.9,700.0,78.0,700.0,78.0,0,0,False,0,1,68.0,45.0,31.8,45.0,True,True,False,False,True,7,1,True,100.0,100.0,100,SPOKED,SPOKED,0,0,80.0,80.0,278.0,750.0,34.9,330.0,1.0
390.0,65.0,580.0,72.5,150.0,45.0,550.0,73.0,650.0,45.0,45.0,28.6,36.5,23.35,23.35,13.0,15.0,STEEL,30.0,50.0,40.0,330.0,350.0,16.0,18.0,False,False,135.0,2.0,0.9,1.1,0.9,1.2,1.0,0.9,674.0,52.0,674.0,52.0,0,1,False,0,1,68.0,45.0,0.0,31.8,True,True,False,False,True,8,2,True,112.0,128.0,144,SPOKED,SPOKED,1,1,80.0,80.0,280.0,720.0,34.9,300.0,1.0
400.0,67.0,590.0,73.0,160.0,50.0,560.0,73.5,660.0,46.0,46.0,28.6,36.5,23.35,23.35,13.0,15.0,STEEL,32.0,52.0,42.0,330.0,350.0,16.0,18.0,False,False,137.0,2.0,0.9,1.1,0.9,1.2,1.0,0.9,672.0,50.0,672.0,50.0,0,2,False,0,1,68.0,45.0,0.0,31.8,True,True,False,False,True,8,2,True,112.0,128.0,144,SPOKED,SPOKED,1,1,80.0,80.0,280.0,720.0,34.9,300.0,1.0
410.0,69.0,600.0,72.8,170.0,55.0,570.0,74.0,670.0,47.0,47.0,28.6,36.5,23.35,23.35,13.0,15.0,STEEL,34.0,54.0,44.0,330.0,350.0,16.0,18.0,False,False,136.0,2.0,0.9,1.1,0.9,1.2,1.0,0.9,676.0,54.0,676.0,54.0,0,0,False,0,1,68.0,45.0,0.0,31.8,True,True,False,False,True,8,2,True,112.0,128.0,144,SPOKED,SPOKED,1,1,80.0,80.0,280.0,720.0,34.9,300.0,1.0
420.0,71.0,610.0,73.2,180.0,47.0,565.0,73.2,665.0,44.0,44.0,28.6,36.5,23.35,23.35,13.0,15.0,STEEL,31.0,51.0,41.0,330.0,350.0,16.0,18.0,False,False,138.0,2.0,0.9,1.1,0.9,1.2,1.0,0.9,671.0,49.0,671.0,49.0,0,1,False,0,1,68.0,45.0,0.0,31.8,True,True,False,False,True,8,2,True,112.0,128.0,144,SPOKED,SPOKED,1,1,80.0,80.0,280.0,720.0,34.9,300.0,1.0
430.0,72.0,620.0,73.5,190.0,42.0,558.0,72.5,655.0,43.0,43.0,28.6,36.5,23.35,23.35,13.0,15.0,STEEL,33.0,53.0,43.0,330.0,350.0,16.0,18.0,False,False,139.0,2.0,0.9,1.1,0.9,1.2,1.0,0.9,675.0,53.0,675.0,53.0,0,2,False,0,1,68.0,45.0,0.0,31.8,True,True,False,False,True,8,2,True,112.0,128.0,144,SPOKED,SPOKED,1,1,80.0,80.0,280.0,720.0,34.9,300.0,1.0
440.0,75.0,630.0,72.2,155.0,58.0,575.0,74.5,680.0,48.0,48.0,28.6,36.5,23.35,23.35,13.0,15.0,STEEL,29.0,49.0,39.0,330.0,350.0,16.0,18.0,False,False,140.0,2.0,0.9,1.1,0.9,1.2,1.0,0.9,673.0,51.0,673.0,51.0,0,0,False,0,1,68.0,45.0,0.0,31.8,True,True,False,False,True,8,2,True,112.0,128.0,144,SPOKED,SPOKED,1,1,80.0,80.0,280.0,720.0,34.9,300.0,1.0
450.0,66.0,640.0,72.0,165.0,60.0,580.0,73.8,675.0,50.0,50.0,28.6,36.5,23.35,23.35,13.0,15.0,STEEL,35.0,55.0,45.0,330.0,350.0,16.0,18.0,False,False,135.0,2.0,0.9,1.1,0.9,1.2,1.0,0.9,674.0,52.0,674.0,52.0,0,1,False,0,1,68.0,45.0,0.0,31.8,True,True,False,False,True,8,2,True,112.0,128.0,144,SPOKED,SPOKED,1,1,80.0,80.0,280.0,720.0,34.9,300.0,1.0
460.0,68.0,650.0,74.0,175.0,52.0,562.0,73.0,660.0,42.0,42.0,28.6,36.5,23.35,23.35,13.0,15.0,STEEL,32.0,50.0,42.0,330.0,350.0,16.0,18.0,False,False,136.0,2.0,0.9,1.1,0.9,1.2,1.0,0.9,676.0,54.0,676.0,54.0,0,2,False,0,1,68.0,45.0,0.0,31.8,True,True,False,False,True,8,2,True,112.0,128.0,144,SPOKED,SPOKED,1,1,80.0,80.0,280.0,720.0,34.9,300.0,1.0
470.0,70.0,660.0,73.7,185.0,49.0,552.0,72.2,645.0,41.0,41.0,28.6,36.5,23.35,23.35,13.0,15.0,STEEL,30.0,50.0,40.0,330.0,350.0,16.0,18.0,False,False,137.0,2.0,0.9,1.1,0.9,1.2,1.0,0.9,675.0,53.0,675.0,53.0,0,0,False,0,1,68.0,45.0,0.0,31.8,True,True,False,False,True,8,2,True,112.0,128.0,144,SPOKED,SPOKED,1,1,80.0,80.0,280.0,720.0,34.9,300.0,1.0
480.0,73.0,670.0,72.3,160.0,44.0,565.0,74.2,635.0,46.0,46.0,28.6,36.5,23.35,23.35,13.0,15.0,STEEL,34.0,52.0,44.0,330.0,350.0,16.0,18.0,False,False,138.0,2.0,0.9,1.1,0.9,1.2,1.0,0.9,677.0,55.0,677.0,55.0,0,1,False,0,1,68.0,45.0,0.0,31.8,True,True,False,False,True,8,2,True,112.0,128.0,144,SPOKED,SPOKED,1,1,80.0,80.0,280.0,720.0,34.9,300.0,1.0
385.0,70.0,600.0,73.0,150.0,50.0,380.0,73.0,650.0,50.0,40.0,28.0,35.0,23.5,20.5,13.0,9.0,STEEL,40.0,40.0,40.0,330.0,350.0,16.0,18.0,False,False,135.0,1.2,1.0,1.2,1.1,1.0,1.0,1.0,700.0,40.0,700.0,40.0,0,0,False,0,1,70.0,45.0,0.0,34.0,True,True,False,False,True,9,2,True,112.0,128.0,144,SPOKED,SPOKED,0,0,0.0,0.0,270.0,780.0,35.0,350.0,1.0
390.0,75.0,610.0,72.5,155.0,52.0,385.0,72.5,655.0,48.0,45.0,29.0,36.0,23.8,20.8,13.5,9.5,STEEL,42.0,38.0,42.0,330.0,350.0,16.0,18.0,False,False,135.0,1.1,1.0,1.2,1.1,1.0,1.0,1.0,700.0,40.0,700.0,40.0,0,0,False,0,1,70.0,46.0,0.0,34.0,True,True,False,False,True,8,2,True,112.0,128.0,144,SPOKED,SPOKED,0,0,0.0,0.0,275.0,790.0,36.0,355.0,1.0
382.0,68.0,595.0,73.5,148.0,49.0,382.0,73.5,648.0,52.0,40.0,28.5,35.5,23.6,20.6,12.8,9.2,STEEL,39.0,41.0,39.0,330.0,350.0,16.0,18.0,False,False,135.0,1.2,1.1,1.2,1.1,1.0,1.0,1.1,695.0,42.0,695.0,42.0,0,0,False,0,1,70.0,45.0,0.0,34.0,True,True,False,False,True,9,2,True,112.0,128.0,144,SPOKED,SPOKED,0,0,0.0,0.0,265.0,775.0,35.0,345.0,1.0
387.5,72.0,605.0,73.2,152.0,51.0,387.5,73.2,652.0,49.0,42.0,28.2,35.2,23.7,20.7,13.2,9.1,STEEL,41.0,39.0,41.0,330.0,350.0,16.0,18.0,False,False,135.0,1.0,1.0,1.2,1.1,1.0,1.0,1.0,705.0,38.0,705.0,38.0,0,0,False,0,1,70.0,44.0,0.0,34.0,True,True,False,False,True,10,2,True,112.0,128.0,144,SPOKED,SPOKED,0,0,0.0,0.0,280.0,785.0,35.5,360.0,1.0
379.0,65.0,590.0,74.0,145.0,48.0,379.0,74.0,640.0,51.0,40.0,28.8,34.8,23.5,20.5,13.0,9.0,STEEL,38.5,38.5,38.5,330.0,350.0,16.0,18.0,False,False,135.0,1.1,1.0,1.1,1.1,1.0,1.0,1.0,690.0,45.0,690.0,45.0,0,0,False,0,1,65.0,43.0,0.0,34.0,True,True,False,False,True,9,2,True,112.0,128.0,144,SPOKED,SPOKED,0,0,0.0,0.0,268.0,772.0,34.8,345.0,1.0
392.0,68.0,615.0,72.8,158.0,53.0,392.0,72.8,660.0,47.0,44.0,29.2,36.2,23.9,20.9,13.7,9.3,STEEL,43.0,42.0,43.0,330.0,350.0,16.0,18.0,False,False,135.0,1.2,1.1,1.2,1.1,1.0,1.0,1.1,705.0,40.0,705.0,40.0,0,0,False,0,1,75.0,47.0,0.0,34.0,True,True,False,False,True,8,2,True,112.0,128.0,144,SPOKED,SPOKED,0,0,0.0,0.0,285.0,795.0,36.2,365.0,1.0
380.5,66.0,595.0,73.7,142.0,49.5,380.5,73.7,642.0,54.0,40.0,28.1,35.1,23.55,20.55,13.1,9.15,STEEL,39.5,39.5,39.5,330.0,350.0,16.0,18.0,False,False,135.0,1.0,1.0,1.1,1.1,1.0,1.0,1.0,690.0,42.0,690.0,42.0,0,0,False,0,1,70.0,45.0,0.0,34.0,True,True,False,False,True,9,2,True,112.0,128.0,144,SPOKED,SPOKED,0,0,0.0,0.0,275.0,780.0,35.1,350.0,1.0
388.0,69.0,605.0,72.3,149.0,50.5,388.0,72.3,655.0,50.0,41.0,28.7,35.7,23.8,20.8,13.4,9.25,STEEL,41.5,40.5,41.5,330.0,350.0,16.0,18.0,False,False,135.0,1.1,1.0,1.2,1.1,1.0,1.0,1.1,700.0,40.0,700.0,40.0,0,0,False,0,1,70.0,45.0,0.0,34.0,True,True,False,False,True,9,2,True,112.0,128.0,144,SPOKED,SPOKED,0,0,0.0,0.0,280.0,785.0,35.7,355.0,1.0
384.0,74.0,620.0,72.6,153.0,52.5,384.0,72.6,663.0,49.0,44.0,29.0,36.0,23.6,20.6,13.6,9.4,STEEL,42.0,41.0,42.0,330.0,350.0,16.0,18.0,False,False,135.0,1.2,1.1,1.2,1.1,1.0,1.0,1.1,708.0,38.0,708.0,38.0,0,0,False,0,1,73.0,46.0,0.0,34.0,True,True,False,False,True,10,2,True,112.0,128.0,144,SPOKED,SPOKED,0,0,0.0,0.0,279.0,790.0,36.0,360.0,1.0
381.0,67.0,598.0,73.4,147.0,49.2,381.0,73.4,649.0,51.0,42.0,28.9,35.9,23.7,20.7,13.3,9.18,STEEL,40.8,39.8,40.8,330.0,350.0,16.0,18.0,False,False,135.0,1.1,1.0,1.2,1.1,1.0,1.0,1.0,692.0,45.0,692.0,45.0,0,0,False,0,1,68.0,44.0,0.0,34.0,True,True,False,False,True,9,2,True,112.0,128.0,144,SPOKED,SPOKED,0,0,0.0,0.0,273.0,778.0,35.9,348.0,1.0
