CS textfield,BB textfield,Stack,Head angle,Head tube length textfield,Seat stay junction0,Seat tube length,Seat angle,DT Length,FORK0R,BB diameter,ttd,dtd,csd,ssd,Chain stay position on BB,SSTopZOFFSET,MATERIAL,Head tube upper extension2,Seat tube extension2,Head tube lower extension2,SEATSTAYbrdgshift,CHAINSTAYbrdgshift,SEATSTAYbrdgdia1,CHAINSTAYbrdgdia1,SEATSTAYbrdgCheck,CHAINSTAYbrdgCheck,Dropout spacing,Wall thickness Bottom Bracket,Wall thickness Top tube,Wall thickness Head tube,Wall thickness Down tube,Wall thickness Chain stay,Wall thickness Seat stay,Wall thickness Seat tube,Wheel diameter front,RDBSD,Wheel diameter rear,FDBSD,Fork type,Stem kind,Display AEROBARS,Handlebar style,Head tube type,BB length,Head tube diameter,Wheel cut,Seat tube diameter,bottle SEATTUBE0 show,bottle DOWNTUBE0 show,Front Fender include,Rear Fender include,BELTorCHAIN,Number of cogs,Number of chainrings,Display RACK,FIRST color R_RGB,FIRST color G_RGB,FIRST color B_RGB,RIM_STYLE front,RIM_STYLE rear,SPOKES composite front,SPOKES composite rear,SBLADEW front,SBLADEW rear,Saddle length,Saddle height,Down tube diameter,Seatpost LENGTH,Seat tube type
420.0,70.0,640.0,68.0,120.0,45.0,540.0,74.0,650.0,45.0,45.0,25.4,36.5,23.35,23.35,13.0,15.0,ALUMINIUM,30.0,40.0,50.0,330.0,350.0,16.0,18.0,False,False,135.0,2.0,0.9,1.1,0.9,1.2,1.0,0.9,674.0,52.0,674.0,52.0,1,1,False,1,1,68.0,53.0,0.0,31.8,False,False,False,False,True,12,1,False,192.0,192.0,192.0,SPOKED,SPOKED,1,1,80.0,80.0,278.0,700.0,36.5,300.0,1
430.0,70.0,655.0,67.0,125.0,45.0,550.0,74.0,660.0,45.0,45.0,28.6,38.0,23.35,23.35,13.0,15.0,ALUMINIUM,32.0,42.0,52.0,330.0,350.0,16.0,18.0,False,False,135.0,2.0,0.9,1.1,1.0,1.2,1.0,0.9,674.0,52.0,674.0,52.0,1,1,False,1,1,68.0,53.0,0.0,31.8,False,False,False,False,True,12,1,False,192.0,192.0,192.0,SPOKED,SPOKED,1,1,80.0,80.0,280.0,710.0,38.0,310.0,1
435.0,70.0,650.0,66.0,130.0,45.0,530.0,74.0,655.0,45.0,45.0,31.8,40.0,23.35,23.35,13.0,15.0,ALUMINIUM,35.0,45.0,55.0,330.0,350.0,16.0,18.0,False,False,135.0,2.0,1.0,1.1,0.9,1.2,1.0,0.9,674.0,52.0,674.0,52.0,1,1,False,1,1,68.0,53.0,0.0,31.8,False,False,False,False,True,12,1,False,192.0,192.0,192.0,SPOKED,SPOKED,1,1,80.0,80.0,285.0,705.0,40.0,320.0,1
415.0,70.0,645.0,68.5,118.0,45.0,545.0,74.0,648.0,45.0,45.0,30.2,37.0,23.35,23.35,13.0,15.0,ALUMINIUM,28.0,38.0,48.0,330.0,350.0,16.0,18.0,False,False,135.0,2.0,0.9,1.1,0.9,1.2,1.0,0.9,674.0,52.0,674.0,52.0,1,1,False,1,1,68.0,53.0,0.0,31.8,False,False,False,False,True,12,1,False,192.0,192.0,192.0,SPOKED,SPOKED,1,1,80.0,80.0,275.0,695.0,37.0,305.0,1
425.0,70.0,660.0,69.0,132.0,45.0,560.0,74.0,665.0,45.0,45.0,27.0,39.0,23.35,23.35,13.0,15.0,ALUMINIUM,38.0,44.0,54.0,330.0,350.0,16.0,18.0,False,False,135.0,2.0,0.9,1.1,0.9,1.2,1.0,0.9,674.0,52.0,674.0,52.0,1,1,False,1,1,68.0,53.0,0.0,31.8,False,False,False,False,True,12,1,False,192.0,192.0,192.0,SPOKED,SPOKED,1,1,80.0,80.0,290.0,720.0,39.0,330.0,1
440.0,70.0,635.0,70.0,140.0,45.0,565.0,74.0,670.0,45.0,45.0,26.0,37.5,23.35,23.35,13.0,15.0,ALUMINIUM,40.0,50.0,60.0,330.0,350.0,16.0,18.0,False,False,135.0,2.0,0.9,1.1,0.9,1.2,1.0,0.9,674.0,52.0,674.0,52.0,1,1,False,1,1,68.0,53.0,0.0,31.8,False,False,False,False,True,12,1,False,192.0,192.0,192.0,SPOKED,SPOKED,1,1,80.0,80.0,265.0,710.0,37.5,315.0,1
445.0,70.0,655.0,67.5,135.0,45.0,535.0,74.0,662.0,45.0,45.0,27.5,38.5,23.35,23.35,13.0,15.0,ALUMINIUM,36.0,46.0,56.0,330.0,350.0,16.0,18.0,False,False,135.0,2.0,0.9,1.1,0.9,1.2,1.0,0.9,674.0,52.0,674.0,52.0,1,1,False,1,1,68.0,53.0,0.0,31.8,False,False,False,False,True,12,1,False,192.0,192.0,192.0,SPOKED,SPOKED,1,1,80.0,80.0,280.0,705.0,38.5,325.0,1
450.0,70.0,665.0,66.5,145.0,45.0,555.0,74.0,657.0,45.0,45.0,30.0,41.0,23.35,23.35,13.0,15.0,ALUMINIUM,42.0,52.0,62.0,330.0,350.0,16.0,18.0,False,False,135.0,2.0,0.9,1.1,0.9,1.2,1.0,0.9,674.0,52.0,674.0,52.0,1,1,False,1,1,68.0,53.0,0.0,31.8,False,False,False,False,True,12,1,False,192.0,192.0,192.0,SPOKED,SPOKED,1,1,80.0,80.0,295.0,725.0,41.0,335.0,1
438.0,70.0,658.0,69.5,150.0,45.0,525.0,74.0,652.0,45.0,45.0,26.5,39.5,23.35,23.35,13.0,15.0,ALUMINIUM,33.0,43.0,53.0,330.0,350.0,16.0,18.0,False,False,135.0,2.0,0.9,1.1,0.9,1.2,1.0,0.9,674.0,52.0,674.0,52.0,1,1,False,1,1,68.0,53.0,0.0,31.8,False,False,False,False,True,12,1,False,192.0,192.0,192.0,SPOKED,SPOKED,1,1,80.0,80.0,275.0,695.0,39.5,340.0,1
460.0,70.0,648.0,67.8,155.0,45.0,570.0,74.0,668.0,45.0,45.0,29.1,42.0,23.35,23.35,13.0,15.0,ALUMINIUM,34.0,54.0,64.0,330.0,350.0,16.0,18.0,False,False,135.0,2.0,0.9,1.1,0.9,1.2,1.0,0.9,674.0,52.0,674.0,52.0,1,1,False,1,1,68.0,53.0,0.0,31.8,False,False,False,False,True,12,1,False,192.0,192.0,192.0,SPOKED,SPOKED,1,1,80.0,80.0,300.0,730.0,42.0,350.0,1
435.0,35.0,620.0,66.0,120.0,45.0,520.0,74.0,660.0,45.0,45.0,33.0,40.0,36.0,27.0,15.0,10.0,ALUMINIUM,30.0,35.0,30.0,0.0,0.0,0.0,0.0,False,False,142.0,2.0,1.2,1.2,1.2,1.0,1.0,1.2,740.0,52.0,740.0,52.0,1,1,False,1,1,68.0,44.0,0.0,34.0,False,True,False,False,True,11,1,False,192.0,192.0,192.0,SPOKED,SPOKED,0,0,80.0,80.0,280.0,830.0,40.0,300.0,1
440.0,33.0,630.0,67.0,130.0,50.0,530.0,75.0,680.0,50.0,45.0,34.0,42.0,38.0,29.0,15.0,10.0,ALUMINIUM,40.0,45.0,40.0,0.0,0.0,0.0,0.0,False,False,142.0,2.0,1.2,1.2,1.2,1.0,1.0,1.2,740.0,52.0,740.0,52.0,1,1,False,1,1,68.0,44.0,0.0,34.0,False,True,False,False,True,11,1,False,192.0,192.0,192.0,SPOKED,SPOKED,0,0,80.0,80.0,280.0,830.0,42.0,300.0,1
430.0,36.0,610.0,65.0,140.0,40.0,510.0,73.0,670.0,40.0,45.0,35.0,38.0,34.0,25.0,15.0,10.0,ALUMINIUM,50.0,55.0,50.0,0.0,0.0,0.0,0.0,False,False,142.0,2.0,1.2,1.2,1.2,1.0,1.0,1.2,740.0,52.0,740.0,52.0,1,1,False,1,1,68.0,44.0,0.0,34.0,False,True,False,False,True,11,1,False,192.0,192.0,192.0,SPOKED,SPOKED,0,0,80.0,80.0,280.0,830.0,38.0,300.0,1
445.0,34.0,640.0,68.0,150.0,55.0,540.0,76.0,690.0,55.0,45.0,36.0,45.0,37.0,28.0,15.0,10.0,ALUMINIUM,60.0,65.0,60.0,0.0,0.0,0.0,0.0,False,False,142.0,2.0,1.2,1.2,1.2,1.0,1.0,1.2,740.0,52.0,740.0,52.0,1,1,False,1,1,68.0,44.0,0.0,34.0,False,True,False,False,True,11,1,False,192.0,192.0,192.0,SPOKED,SPOKED,0,0,80.0,80.0,280.0,830.0,45.0,300.0,1
438.0,32.0,615.0,66.5,135.0,48.0,525.0,74.5,665.0,47.0,45.0,34.0,41.0,35.0,26.0,15.0,10.0,ALUMINIUM,45.0,50.0,45.0,0.0,0.0,0.0,0.0,False,False,142.0,2.0,1.2,1.2,1.2,1.0,1.0,1.2,740.0,52.0,740.0,52.0,1,1,False,1,1,68.0,44.0,0.0,34.0,False,True,False,False,True,11,1,False,192.0,192.0,192.0,SPOKED,SPOKED,0,0,80.0,80.0,280.0,830.0,41.0,300.0,1
442.0,31.0,625.0,67.5,145.0,52.0,535.0,75.5,685.0,52.0,45.0,33.0,43.0,39.0,30.0,15.0,10.0,ALUMINIUM,55.0,60.0,55.0,0.0,0.0,0.0,0.0,False,False,142.0,2.0,1.2,1.2,1.2,1.0,1.0,1.2,740.0,52.0,740.0,52.0,1,1,False,1,1,68.0,44.0,0.0,34.0,False,True,False,False,True,11,1,False,192.0,192.0,192.0,SPOKED,SPOKED,0,0,80.0,80.0,280.0,830.0,43.0,300.0,1
433.0,37.0,635.0,65.5,125.0,42.0,515.0,73.5,675.0,42.0,45.0,32.0,39.0,33.0,24.0,15.0,10.0,ALUMINIUM,35.0,40.0,35.0,0.0,0.0,0.0,0.0,False,False,142.0,2.0,1.2,1.2,1.2,1.0,1.0,1.2,740.0,52.0,740.0,52.0,1,1,False,1,1,68.0,44.0,0.0,34.0,False,True,False,False,True,11,1,False,192.0,192.0,192.0,SPOKED,SPOKED,0,0,80.0,80.0,280.0,830.0,39.0,300.0,1
439.0,33.0,645.0,68.5,155.0,53.0,545.0,76.5,695.0,57.0,45.0,35.0,44.0,40.0,31.0,15.0,10.0,ALUMINIUM,65.0,70.0,65.0,0.0,0.0,0.0,0.0,False,False,142.0,2.0,1.2,1.2,1.2,1.0,1.0,1.2,740.0,52.0,740.0,52.0,1,1,False,1,1,68.0,44.0,0.0,34.0,False,True,False,False,True,11,1,False,192.0,192.0,192.0,SPOKED,SPOKED,0,0,80.0,80.0,280.0,830.0,44.0,300.0,1
436.0,34.0,605.0,66.2,128.0,46.0,522.0,74.2,662.0,44.0,45.0,36.0,40.0,36.0,27.0,15.0,10.0,ALUMINIUM,32.0,38.0,32.0,0.0,0.0,0.0,0.0,False,False,142.0,2.0,1.2,1.2,1.2,1.0,1.0,1.2,740.0,52.0,740.0,52.0,1,1,False,1,1,68.0,44.0,0.0,34.0,False,True,False,False,True,11,1,False,192.0,192.0,192.0,SPOKED,SPOKED,0,0,80.0,80.0,280.0,830.0,36.0,300.0,1
441.0,32.0,655.0,67.8,148.0,51.0,532.0,75.8,682.0,49.0,45.0,33.0,42.0,38.0,29.0,15.0,10.0,ALUMINIUM,42.0,48.0,42.0,0.0,0.0,0.0,0.0,False,False,142.0,2.0,1.2,1.2,1.2,1.0,1.0,1.2,740.0,52.0,740.0,52.0,1,1,False,1,1,68.0,44.0,0.0,34.0,False,True,False,False,True,11,1,False,192.0,192.0,192.0,SPOKED,SPOKED,0,0,80.0,80.0,280.0,830.0,42.0,300.0,1
430.0,65.0,600.0,67.0,120.0,45.0,550.0,73.0,650.0,50.0,45.0,34.0,36.5,23.3,23.3,13.0,15.0,ALUMINIUM,40.0,50.0,40.0,330.0,350.0,0.0,0.0,False,False,148.0,2.5,2.0,2.5,2.5,2.0,2.0,2.5,730.0,108.0,730.0,108.0,1,1,False,1,1,73.0,44.0,0.0,31.8,True,True,False,False,True,12,1,False,192.0,192.0,192.0,SPOKED,SPOKED,0,0,80.0,80.0,280.0,720.0,36.5,350.0,1
425.0,70.0,620.0,66.0,140.0,45.0,530.0,74.0,660.0,45.0,45.0,38.0,40.0,25.0,27.4,13.0,15.0,ALUMINIUM,45.0,52.0,42.0,330.0,350.0,0.0,0.0,False,False,148.0,3.0,2.5,3.0,3.0,2.5,2.5,3.0,730.0,108.0,730.0,108.0,1,0,False,1,1,71.0,46.0,0.0,32.0,True,True,False,False,True,12,1,False,192.0,192.0,192.0,SPOKED,SPOKED,0,0,80.0,80.0,290.0,710.0,38.0,360.0,1
440.0,60.0,580.0,68.0,130.0,45.0,550.0,73.5,640.0,50.0,45.0,32.0,35.0,23.3,23.3,13.0,15.0,ALUMINIUM,35.0,48.0,38.0,330.0,350.0,0.0,0.0,False,False,148.0,2.0,1.8,2.0,2.0,1.8,1.8,2.0,730.0,108.0,730.0,108.0,1,2,False,1,1,74.0,44.0,0.0,31.8,True,True,False,False,True,12,1,False,192.0,192.0,192.0,SPOKED,SPOKED,0,0,80.0,80.0,270.0,730.0,35.0,340.0,1
450.0,75.0,610.0,67.5,150.0,45.0,560.0,72.5,660.0,47.0,45.0,36.0,38.0,24.0,24.0,13.0,15.0,ALUMINIUM,50.0,55.0,45.0,330.0,350.0,0.0,0.0,False,False,148.0,2.2,2.0,2.3,2.3,2.0,2.0,2.2,730.0,108.0,730.0,108.0,1,0,False,1,1,75.0,47.0,0.0,33.0,True,True,False,False,True,12,1,False,192.0,192.0,192.0,SPOKED,SPOKED,0,0,80.0,80.0,300.0,725.0,37.0,355.0,1
420.0,65.0,590.0,66.5,120.0,45.0,545.0,73.0,650.0,46.0,45.0,40.0,36.5,23.3,23.3,13.0,15.0,ALUMINIUM,42.0,50.0,40.0,330.0,350.0,0.0,0.0,False,False,148.0,2.5,2.2,2.5,2.5,2.2,2.2,2.5,730.0,108.0,730.0,108.0,1,1,False,1,1,73.0,45.0,0.0,31.8,True,True,False,False,True,12,1,False,192.0,192.0,192.0,SPOKED,SPOKED,0,0,80.0,80.0,275.0,715.0,36.0,345.0,1
430.0,63.0,605.0,67.2,135.0,45.0,555.0,73.2,655.0,48.0,45.0,34.0,37.0,24.0,25.0,13.0,15.0,ALUMINIUM,38.0,53.0,43.0,330.0,350.0,0.0,0.0,False,False,135.0,2.5,2.0,2.5,2.5,2.0,2.0,2.5,730.0,108.0,730.0,108.0,1,2,False,1,1,72.0,44.0,0.0,32.5,False,True,False,False,True,11,2,False,192.0,192.0,192.0,SPOKED,SPOKED,0,0,80.0,80.0,285.0,720.0,36.5,365.0,1
425.0,70.0,595.0,66.8,125.0,45.0,540.0,74.0,645.0,46.0,45.0,36.0,39.0,23.3,23.3,13.0,15.0,ALUMINIUM,45.0,48.0,39.0,330.0,350.0,0.0,0.0,False,False,135.0,2.2,2.0,2.3,2.3,2.0,2.0,2.2,730.0,108.0,730.0,108.0,1,0,False,1,1,74.0,46.0,0.0,31.8,False,True,False,False,True,11,2,False,192.0,192.0,192.0,SPOKED,SPOKED,0,0,80.0,80.0,295.0,730.0,38.0,335.0,1
435.0,68.0,615.0,67.7,140.0,45.0,550.0,73.1,650.0,49.0,45.0,38.0,36.0,25.0,27.0,13.0,15.0,ALUMINIUM,40.0,50.0,41.0,330.0,350.0,0.0,0.0,False,False,135.0,2.5,2.0,2.5,2.5,2.0,2.0,2.5,730.0,108.0,730.0,108.0,1,1,False,1,1,73.0,45.0,0.0,32.0,False,True,False,False,True,11,1,False,192.0,192.0,192.0,SPOKED,SPOKED,0,0,80.0,80.0,265.0,715.0,36.0,350.0,1
440.0,66.0,600.0,67.0,130.0,45.0,560.0,72.8,655.0,48.0,45.0,32.0,37.0,23.3,23.3,13.0,15.0,ALUMINIUM,45.0,52.0,42.0,330.0,350.0,0.0,0.0,False,False,135.0,2.2,2.0,2.3,2.3,2.0,2.0,2.2,730.0,108.0,730.0,108.0,1,2,False,1,1,71.0,44.0,0.0,31.8,False,True,False,False,True,11,2,False,192.0,192.0,192.0,SPOKED,SPOKED,0,0,80.0,80.0,305.0,725.0,37.0,360.0,1
445.0,64.0,610.0,67.3,145.0,45.0,530.0,73.4,650.0,50.0,45.0,34.0,35.0,24.0,24.0,13.0,15.0,ALUMINIUM,42.0,49.0,40.0,330.0,350.0,0.0,0.0,False,False,135.0,2.5,2.0,2.5,2.5,2.0,2.0,2.5,730.0,108.0,730.0,108.0,1,0,False,1,1,75.0,47.0,0.0,33.0,False,True,False,False,True,11,2,False,192.0,192.0,192.0,SPOKED,SPOKED,0,0,80.0,80.0,275.0,710.0,35.0,345.0,1
430.0,30.0,590.0,67.0,110.0,45.0,530.0,73.0,650.0,45.0,45.0,28.6,38.0,36.5,23.35,15.0,15.0,ALUMINIUM,30.0,35.0,40.0,0.0,0.0,0.0,0.0,False,False,135.0,2.0,0.9,1.1,0.9,1.2,1.0,0.9,674.0,52.0,674.0,52.0,1,1,False,1,1,68.0,35.0,0.0,31.8,False,False,False,False,True,11,1,False,192.0,192.0,192.0,SPOKED,SPOKED,0,0,0.0,0.0,280.0,80.0,34.9,300.0,1
432.0,30.0,600.0,66.5,115.0,45.0,535.0,72.5,645.0,50.0,46.0,30.0,37.5,37.0,23.35,16.0,15.0,ALUMINIUM,35.0,30.0,45.0,0.0,0.0,0.0,0.0,False,False,135.0,2.0,0.9,1.1,0.9,1.2,1.0,0.9,674.0,52.0,674.0,52.0,1,1,False,1,1,68.0,35.0,0.0,31.8,False,False,False,False,True,11,1,False,192.0,192.0,192.0,SPOKED,SPOKED,0,0,0.0,0.0,285.0,80.0,34.9,310.0,1
434.0,30.0,610.0,68.0,105.0,45.0,525.0,73.5,655.0,40.0,44.0,27.0,35.0,36.5,23.35,14.0,15.0,ALUMINIUM,25.0,40.0,35.0,0.0,0.0,0.0,0.0,False,False,135.0,2.0,0.9,1.1,0.9,1.2,1.0,0.9,674.0,52.0,674.0,52.0,1,1,False,1,1,68.0,35.0,0.0,31.8,False,False,False,False,True,11,1,False,192.0,192.0,192.0,SPOKED,SPOKED,0,0,0.0,0.0,275.0,80.0,34.9,320.0,1
428.0,30.0,580.0,67.5,120.0,45.0,540.0,74.0,660.0,55.0,47.0,31.0,39.5,36.5,23.35,17.0,15.0,ALUMINIUM,40.0,25.0,50.0,0.0,0.0,0.0,0.0,False,False,135.0,2.0,0.9,1.1,0.9,1.2,1.0,0.9,674.0,52.0,674.0,52.0,1,1,False,1,1,68.0,35.0,0.0,31.8,False,False,False,False,True,11,1,False,192.0,192.0,192.0,SPOKED,SPOKED,0,0,0.0,0.0,290.0,80.0,34.9,330.0,1
435.0,30.0,605.0,66.0,100.0,45.0,520.0,72.0,640.0,35.0,43.0,26.0,34.5,35.5,23.35,13.0,15.0,ALUMINIUM,20.0,45.0,30.0,0.0,0.0,0.0,0.0,False,False,135.0,2.0,0.9,1.1,0.9,1.2,1.0,0.9,674.0,52.0,674.0,52.0,1,1,False,1,1,68.0,35.0,0.0,31.8,False,False,False,False,True,11,1,False,192.0,192.0,192.0,SPOKED,SPOKED,0,0,0.0,0.0,270.0,80.0,34.9,340.0,1
427.0,30.0,595.0,68.5,125.0,45.0,545.0,74.5,670.0,60.0,48.0,32.0,39.0,38.0,23.35,18.0,15.0,ALUMINIUM,45.0,20.0,55.0,0.0,0.0,0.0,0.0,False,False,135.0,2.0,0.9,1.1,0.9,1.2,1.0,0.9,674.0,52.0,674.0,52.0,1,1,False,1,1,68.0,35.0,0.0,31.8,False,False,False,False,True,11,1,False,192.0,192.0,192.0,SPOKED,SPOKED,0,0,0.0,0.0,295.0,80.0,34.9,350.0,1
433.0,30.0,585.0,67.2,112.0,45.0,510.0,73.2,635.0,48.0,45.0,29.0,40.5,34.5,23.35,12.0,15.0,ALUMINIUM,28.0,38.0,42.0,0.0,0.0,0.0,0.0,False,False,135.0,2.0,0.9,1.1,0.9,1.2,1.0,0.9,674.0,52.0,674.0,52.0,1,1,False,1,1,68.0,35.0,0.0,31.8,False,False,False,False,True,11,1,False,192.0,192.0,192.0,SPOKED,SPOKED,0,0,0.0,0.0,265.0,80.0,34.9,360.0,1
429.0,30.0,615.0,66.8,107.0,45.0,550.0,72.8,675.0,42.0,44.0,27.5,33.0,38.5,23.35,19.0,15.0,ALUMINIUM,32.0,32.0,38.0,0.0,0.0,0.0,0.0,False,False,135.0,2.0,0.9,1.1,0.9,1.2,1.0,0.9,674.0,52.0,674.0,52.0,1,1,False,1,1,68.0,35.0,0.0,31.8,False,False,False,False,True,11,1,False,192.0,192.0,192.0,SPOKED,SPOKED,0,0,0.0,0.0,300.0,80.0,34.9,370.0,1
431.0,30.0,575.0,68.2,118.0,45.0,515.0,73.8,630.0,58.0,47.0,31.5,41.5,34.0,23.35,11.0,15.0,ALUMINIUM,38.0,42.0,48.0,0.0,0.0,0.0,0.0,False,False,135.0,2.0,0.9,1.1,0.9,1.2,1.0,0.9,674.0,52.0,674.0,52.0,1,1,False,1,1,68.0,35.0,0.0,31.8,False,False,False,False,True,11,1,False,192.0,192.0,192.0,SPOKED,SPOKED,0,0,0.0,0.0,260.0,80.0,34.9,380.0,1
436.0,30.0,620.0,67.8,102.0,45.0,555.0,72.2,680.0,38.0,43.0,26.5,32.0,39.0,23.35,20.0,15.0,ALUMINIUM,22.0,22.0,32.0,0.0,0.0,0.0,0.0,False,False,135.0,2.0,0.9,1.1,0.9,1.2,1.0,0.9,674.0,52.0,674.0,52.0,1,1,False,1,1,68.0,35.0,0.0,31.8,False,False,False,False,True,11,1,False,192.0,192.0,192.0,SPOKED,SPOKED,0,0,0.0,0.0,305.0,80.0,34.9,390.0,1
420.0,68.0,580.0,68.0,120.0,45.0,530.0,74.0,650.0,45.0,45.0,31.8,40.0,36.5,23.35,13.0,15.0,ALUMINIUM,35.0,50.0,40.0,330.0,350.0,16.0,18.0,False,False,135.0,2.0,1.2,1.1,1.2,1.1,1.0,1.2,740.0,52.0,740.0,52.0,1,0,False,1,1,73.0,45.0,0.0,31.8,True,True,False,False,True,10,1,False,192.0,192.0,192.0,SPOKED,SPOKED,1,1,80.0,80.0,280.0,720.0,30.0,300.0,1
430.0,68.0,590.0,67.0,130.0,45.0,540.0,73.0,660.0,45.0,45.0,31.8,40.0,36.5,23.35,13.0,15.0,ALUMINIUM,40.0,55.0,45.0,330.0,350.0,16.0,18.0,False,False,135.0,2.0,1.2,1.1,1.2,1.1,1.0,1.2,730.0,52.0,730.0,52.0,1,1,False,1,1,73.0,45.0,0.0,31.8,True,True,False,False,True,10,2,False,192.0,192.0,192.0,SPOKED,SPOKED,1,1,80.0,80.0,285.0,725.0,31.0,310.0,1
440.0,68.0,600.0,69.0,140.0,45.0,550.0,72.0,670.0,45.0,45.0,31.8,40.0,36.5,23.35,13.0,15.0,ALUMINIUM,45.0,60.0,50.0,330.0,350.0,16.0,18.0,False,False,135.0,2.0,1.2,1.1,1.2,1.1,1.0,1.2,745.0,52.0,745.0,52.0,1,2,False,1,1,73.0,45.0,0.0,31.8,False,True,False,False,True,10,1,False,192.0,192.0,192.0,SPOKED,SPOKED,1,1,80.0,80.0,290.0,730.0,32.0,320.0,1
450.0,68.0,610.0,70.0,150.0,45.0,560.0,74.0,680.0,45.0,45.0,31.8,40.0,36.5,23.35,13.0,15.0,ALUMINIUM,50.0,65.0,55.0,330.0,350.0,16.0,18.0,False,False,135.0,2.0,1.2,1.1,1.2,1.1,1.0,1.2,750.0,52.0,750.0,52.0,1,0,False,1,1,73.0,45.0,0.0,31.8,False,False,False,False,True,10,2,False,192.0,192.0,192.0,SPOKED,SPOKED,1,1,80.0,80.0,295.0,735.0,33.0,330.0,1
460.0,68.0,620.0,68.0,160.0,45.0,570.0,73.0,690.0,45.0,45.0,31.8,40.0,36.5,23.35,13.0,15.0,ALUMINIUM,55.0,70.0,60.0,330.0,350.0,16.0,18.0,False,False,135.0,2.0,1.2,1.1,1.2,1.1,1.0,1.2,740.0,52.0,740.0,52.0,1,1,False,1,1,73.0,45.0,0.0,31.8,True,False,False,False,True,10,1,False,192.0,192.0,192.0,SPOKED,SPOKED,1,1,80.0,80.0,300.0,740.0,34.0,340.0,1
470.0,68.0,630.0,75.0,170.0,45.0,580.0,75.0,700.0,45.0,45.0,31.8,40.0,36.5,23.35,13.0,15.0,ALUMINIUM,60.0,75.0,65.0,330.0,350.0,16.0,18.0,False,False,135.0,2.0,1.2,1.1,1.2,1.1,1.0,1.2,730.0,52.0,730.0,52.0,1,2,False,1,1,73.0,45.0,0.0,31.8,True,True,False,False,True,10,2,False,192.0,192.0,192.0,SPOKED,SPOKED,1,1,80.0,80.0,305.0,745.0,35.0,350.0,1
480.0,68.0,640.0,66.0,180.0,45.0,590.0,74.0,710.0,45.0,45.0,31.8,40.0,36.5,23.35,13.0,15.0,ALUMINIUM,65.0,80.0,70.0,330.0,350.0,16.0,18.0,False,False,135.0,2.0,1.2,1.1,1.2,1.1,1.0,1.2,720.0,52.0,720.0,52.0,1,0,False,1,1,73.0,45.0,0.0,31.8,True,False,False,False,True,10,1,False,192.0,192.0,192.0,SPOKED,SPOKED,1,1,80.0,80.0,310.0,750.0,30.0,360.0,1
490.0,68.0,650.0,72.0,190.0,45.0,600.0,72.0,720.0,45.0,45.0,31.8,40.0,36.5,23.35,13.0,15.0,ALUMINIUM,70.0,85.0,75.0,330.0,350.0,16.0,18.0,False,False,135.0,2.0,1.2,1.1,1.2,1.1,1.0,1.2,710.0,52.0,710.0,52.0,1,1,False,1,1,73.0,45.0,0.0,31.8,False,False,False,False,True,10,2,False,192.0,192.0,192.0,SPOKED,SPOKED,1,1,80.0,80.0,315.0,755.0,31.0,370.0,1
500.0,68.0,660.0,68.0,200.0,45.0,610.0,73.0,730.0,45.0,45.0,31.8,40.0,36.5,23.35,13.0,15.0,ALUMINIUM,75.0,90.0,80.0,330.0,350.0,16.0,18.0,False,False,135.0,2.0,1.2,1.1,1.2,1.1,1.0,1.2,700.0,52.0,700.0,52.0,1,2,False,1,1,73.0,45.0,0.0,31.8,True,True,False,False,True,10,1,False,192.0,192.0,192.0,SPOKED,SPOKED,1,1,80.0,80.0,320.0,760.0,32.0,380.0,1
510.0,68.0,670.0,67.0,210.0,45.0,620.0,74.0,740.0,45.0,45.0,31.8,40.0,36.5,23.35,13.0,15.0,ALUMINIUM,80.0,95.0,85.0,330.0,350.0,16.0,18.0,False,False,135.0,2.0,1.2,1.1,1.2,1.1,1.0,1.2,690.0,52.0,690.0,52.0,1,0,False,1,1,73.0,45.0,0.0,31.8,False,True,False,False,True,10,2,False,192.0,192.0,192.0,SPOKED,SPOKED,1,1,80.0,80.0,325.0,765.0,33.0,390.0,1
430.0,70.0,585.0,68.0,105.0,45.0,540.0,74.0,650.0,45.0,40.0,28.6,36.5,23.35,21.5,13.0,15.0,ALUMINIUM,35.0,40.0,50.0,330.0,350.0,16.0,18.0,False,False,135.0,2.0,0.9,1.1,0.9,0.9,0.9,0.9,700.0,52.0,700.0,52.0,1,1,False,1,1,68.0,46.0,692.0,31.8,True,True,False,False,True,10,2,False,192.0,192.0,192.0,DISC,SPOKED,0,0,0.0,0.0,250.0,720.0,36.5,300.0,1
435.0,70.0,590.0,67.5,110.0,45.0,545.0,73.5,650.0,45.0,40.0,28.6,36.5,23.35,21.5,13.0,15.0,ALUMINIUM,30.0,45.0,50.0,330.0,350.0,16.0,18.0,False,False,135.0,2.0,0.9,1.1,0.9,0.9,0.9,0.9,700.0,52.0,700.0,52.0,1,1,False,1,1,67.5,46.0,692.0,31.8,True,True,False,False,True,10,2,False,192.0,192.0,192.0,DISC,SPOKED,0,0,0.0,0.0,250.0,715.0,36.5,300.0,1
445.0,70.0,580.0,69.0,100.0,45.0,550.0,73.0,650.0,45.0,40.0,28.6,36.5,23.35,21.5,13.0,15.0,ALUMINIUM,40.0,35.0,50.0,330.0,350.0,16.0,18.0,False,False,135.0,2.0,0.9,1.1,0.9,0.9,0.9,0.9,700.0,52.0,700.0,52.0,1,1,False,1,1,69.0,46.0,692.0,31.8,True,True,False,False,True,10,2,False,192.0,192.0,192.0,DISC,SPOKED,0,0,0.0,0.0,250.0,710.0,36.5,300.0,1
450.0,70.0,600.0,68.0,120.0,45.0,530.0,74.5,650.0,45.0,40.0,28.6,36.5,23.35,21.5,13.0,15.0,ALUMINIUM,35.0,40.0,50.0,330.0,350.0,16.0,18.0,False,False,135.0,2.0,0.9,1.1,0.9,0.9,0.9,0.9,700.0,52.0,700.0,52.0,1,1,False,1,1,68.0,46.0,692.0,31.8,True,True,False,False,True,10,2,False,192.0,192.0,192.0,DISC,SPOKED,0,0,0.0,0.0,250.0,725.0,36.5,300.0,1
420.0,70.0,570.0,67.0,95.0,45.0,545.0,75.0,650.0,45.0,40.0,28.6,36.5,23.35,21.5,13.0,15.0,ALUMINIUM,30.0,45.0,50.0,330.0,350.0,16.0,18.0,False,False,135.0,2.0,0.9,1.1,0.9,0.9,0.9,0.9,700.0,52.0,700.0,52.0,1,1,False,1,1,75.0,46.0,692.0,31.8,True,True,False,False,True,10,2,False,192.0,192.0,192.0,DISC,SPOKED,0,0,0.0,0.0,250.0,730.0,36.5,300.0,1
440.0,70.0,595.0,68.5,115.0,45.0,535.0,73.5,650.0,45.0,40.0,28.6,36.5,23.35,21.5,13.0,15.0,ALUMINIUM,40.0,40.0,50.0,330.0,350.0,16.0,18.0,False,False,135.0,2.0,0.9,1.1,0.9,0.9,0.9,0.9,700.0,52.0,700.0,52.0,1,1,False,1,1,68.5,46.0,692.0,31.8,True,True,False,False,True,10,2,False,192.0,192.0,192.0,DISC,SPOKED,0,0,0.0,0.0,250.0,720.0,36.5,300.0,1
430.0,70.0,610.0,68.0,125.0,45.0,525.0,74.0,650.0,45.0,40.0,28.6,36.5,23.35,21.5,13.0,15.0,ALUMINIUM,30.0,45.0,50.0,330.0,350.0,16.0,18.0,False,False,135.0,2.0,0.9,1.1,0.9,0.9,0.9,0.9,700.0,52.0,700.0,52.0,1,1,False,1,1,68.0,46.0,692.0,31.8,True,True,False,False,True,10,2,False,192.0,192.0,192.0,DISC,SPOKED,0,0,0.0,0.0,250.0,715.0,36.5,300.0,1
425.0,70.0,565.0,67.5,90.0,45.0,555.0,75.0,650.0,45.0,40.0,28.6,36.5,23.35,21.5,13.0,15.0,ALUMINIUM,35.0,40.0,50.0,330.0,350.0,16.0,18.0,False,False,135.0,2.0,0.9,1.1,0.9,0.9,0.9,0.9,700.0,52.0,700.0,52.0,1,1,False,1,1,67.5,46.0,692.0,31.8,True,True,False,False,True,10,2,False,192.0,192.0,192.0,DISC,SPOKED,0,0,0.0,0.0,250.0,735.0,36.5,300.0,1
415.0,70.0,620.0,69.0,130.0,45.0,520.0,74.5,650.0,45.0,40.0,28.6,36.5,23.35,21.5,13.0,15.0,ALUMINIUM,30.0,35.0,50.0,330.0,350.0,16.0,18.0,False,False,135.0,2.0,0.9,1.1,0.9,0.9,0.9,0.9,700.0,52.0,700.0,52.0,1,1,False,1,1,69.0,46.0,692.0,31.8,True,True,False,False,True,10,2,False,192.0,192.0,192.0,DISC,SPOKED,0,0,0.0,0.0,250.0,740.0,36.5,300.0,1
460.0,70.0,605.0,68.0,110.0,45.0,530.0,73.0,650.0,45.0,40.0,28.6,36.5,23.35,21.5,13.0,15.0,ALUMINIUM,40.0,45.0,50.0,330.0,350.0,16.0,18.0,False,False,135.0,2.0,0.9,1.1,0.9,0.9,0.9,0.9,700.0,52.0,700.0,52.0,1,1,False,1,1,68.0,46.0,692.0,31.8,True,True,False,False,True,10,2,False,192.0,192.0,192.0,DISC,SPOKED,0,0,0.0,0.0,250.0,730.0,36.5,300.0,1
430.0,65.0,600.0,67.0,100.0,45.0,550.0,73.5,650.0,46.0,40.0,40.0,38.0,23.35,23.35,15.0,9.0,ALUMINIUM,30.0,40.0,40.0,330.0,350.0,16.0,18.0,False,False,148.0,2.0,0.9,1.1,0.9,1.2,1.0,0.9,737.0,55.0,737.0,55.0,1,1,False,1,1,68.0,34.0,0.0,31.8,False,False,False,False,True,12,1,False,192.0,192.0,192.0,SPOKED,SPOKED,1,1,80.0,80.0,275.0,290.0,38.0,300.0,1
435.0,68.0,610.0,66.0,110.0,47.0,565.0,73.0,655.0,45.0,40.0,42.0,38.0,24.0,24.0,16.0,9.0,ALUMINIUM,32.0,42.0,42.0,330.0,350.0,16.0,18.0,False,False,148.0,2.0,1.0,1.2,0.9,1.2,1.0,1.0,737.0,55.0,737.0,55.0,1,2,False,1,1,73.0,36.0,0.0,31.8,True,False,False,False,True,12,1,False,200.0,200.0,200.0,SPOKED,SPOKED,1,1,80.0,80.0,280.0,300.0,38.0,310.0,1
425.0,63.0,590.0,68.0,95.0,44.0,540.0,74.0,645.0,45.0,40.0,40.0,38.0,23.35,23.35,15.0,9.0,ALUMINIUM,29.0,38.0,38.0,330.0,350.0,16.0,18.0,False,False,130.0,2.0,0.9,1.1,0.9,1.2,1.0,0.9,737.0,55.0,737.0,55.0,1,1,False,1,1,68.0,34.0,0.0,31.8,False,True,False,False,True,12,1,False,180.0,180.0,180.0,SPOKED,SPOKED,1,1,80.0,80.0,265.0,295.0,38.0,305.0,1
440.0,70.0,615.0,66.5,120.0,46.0,555.0,73.5,660.0,46.0,40.0,42.0,38.0,24.0,24.0,16.0,9.0,ALUMINIUM,33.0,43.0,43.0,330.0,350.0,16.0,18.0,False,False,130.0,2.0,1.0,1.1,0.9,1.2,1.0,0.95,737.0,55.0,737.0,55.0,1,1,False,1,1,73.0,35.0,0.0,31.8,False,False,False,True,True,12,1,False,205.0,205.0,205.0,SPOKED,SPOKED,1,1,80.0,80.0,270.0,300.0,38.0,295.0,1
420.0,60.0,595.0,67.5,90.0,43.0,530.0,74.5,640.0,44.0,40.0,38.0,36.0,23.35,23.35,15.0,9.0,ALUMINIUM,28.0,37.0,37.0,330.0,350.0,16.0,18.0,False,False,130.0,2.0,0.9,1.05,0.9,1.2,1.0,0.9,737.0,55.0,737.0,55.0,1,1,False,1,1,68.0,34.0,0.0,31.8,False,False,True,False,True,12,1,False,220.0,220.0,220.0,SPOKED,SPOKED,1,1,80.0,80.0,260.0,285.0,36.0,290.0,1
438.0,70.0,605.0,67.0,105.0,46.0,560.0,73.0,658.0,47.0,40.0,42.0,38.0,24.0,24.0,16.0,9.0,ALUMINIUM,31.0,41.0,41.0,330.0,350.0,16.0,18.0,False,False,148.0,2.0,1.0,1.1,0.9,1.25,1.0,0.95,737.0,55.0,737.0,55.0,1,2,False,1,1,73.0,36.0,0.0,31.8,False,True,False,False,True,12,1,False,190.0,190.0,190.0,SPOKED,SPOKED,1,1,80.0,80.0,285.0,305.0,38.0,310.0,1
420.0,62.0,595.0,66.0,100.0,45.0,545.0,74.0,650.0,45.0,40.0,40.0,38.0,23.35,23.35,15.0,9.0,ALUMINIUM,30.0,39.0,39.0,330.0,350.0,16.0,18.0,False,False,148.0,2.0,0.9,1.1,0.9,1.2,1.0,0.9,737.0,55.0,737.0,55.0,1,1,False,1,1,68.0,34.0,0.0,31.8,False,False,False,False,True,12,1,False,210.0,210.0,210.0,SPOKED,SPOKED,1,1,80.0,80.0,280.0,300.0,38.0,300.0,1
432.0,66.0,602.0,67.0,102.0,46.0,555.0,73.5,655.0,46.0,40.0,42.0,38.0,24.0,24.0,16.0,9.0,ALUMINIUM,31.0,40.0,40.0,330.0,350.0,16.0,18.0,False,False,130.0,2.0,1.0,1.1,0.9,1.2,1.0,0.9,737.0,55.0,737.0,55.0,1,1,False,1,1,73.0,35.0,0.0,31.8,True,False,False,False,True,12,1,False,195.0,195.0,195.0,SPOKED,SPOKED,1,1,80.0,80.0,272.0,298.0,38.0,295.0,1
430.0,65.0,599.0,67.0,98.0,45.0,550.0,73.0,652.0,46.0,40.0,40.0,37.0,23.35,23.35,15.0,9.0,ALUMINIUM,30.0,39.0,39.0,330.0,350.0,16.0,18.0,False,False,148.0,2.0,0.9,1.1,0.9,1.2,1.0,0.9,737.0,55.0,737.0,55.0,1,1,False,1,1,68.0,34.5,0.0,31.8,False,False,False,True,True,12,1,False,215.0,215.0,215.0,SPOKED,SPOKED,1,1,80.0,80.0,278.0,292.0,38.0,302.0,1
432.0,68.0,608.0,65.5,120.0,47.0,570.0,73.5,660.0,45.0,40.0,42.0,38.5,24.0,24.0,16.0,9.0,ALUMINIUM,35.0,45.0,45.0,330.0,350.0,16.0,18.0,False,False,148.0,2.0,1.0,1.1,0.9,1.2,1.0,1.0,737.0,55.0,737.0,55.0,1,2,False,1,1,73.0,36.0,0.0,31.8,False,False,True,False,True,12,1,False,205.0,205.0,205.0,SPOKED,SPOKED,1,1,80.0,80.0,290.0,310.0,38.5,315.0,1
435.0,70.0,600.0,67.0,110.0,50.0,450.0,73.0,700.0,47.0,40.0,32.0,36.0,25.0,25.0,14.0,15.0,ALUMINIUM,30.0,40.0,30.0,0.0,0.0,0.0,0.0,False,False,135.0,2.0,0.9,1.1,0.9,1.2,1.0,0.9,674.0,52.0,674.0,52.0,1,1,False,1,1,68.0,34.0,0.0,31.8,True,False,False,False,True,12,1,False,192.0,192.0,192.0,SPOKED,SPOKED,0,0,0.0,0.0,280.0,720.0,36.0,300.0,1
420.0,68.0,590.0,66.5,100.0,45.0,460.0,72.0,710.0,46.0,40.0,30.0,35.0,24.0,26.0,13.0,16.0,ALUMINIUM,28.0,38.0,32.0,0.0,0.0,0.0,0.0,False,False,135.0,2.0,0.9,1.1,0.9,1.2,1.0,0.9,674.0,52.0,674.0,52.0,1,0,False,1,1,68.0,32.0,0.0,31.8,True,False,False,False,True,11,1,False,192.0,192.0,192.0,SPOKED,SPOKED,0,0,0.0,0.0,275.0,715.0,35.0,295.0,1
440.0,72.0,610.0,67.5,115.0,52.0,445.0,73.5,695.0,48.0,40.0,34.0,38.0,26.0,24.0,15.0,14.0,ALUMINIUM,32.0,42.0,28.0,0.0,0.0,0.0,0.0,False,False,148.0,2.0,0.9,1.1,0.9,1.2,1.0,0.9,674.0,52.0,674.0,52.0,1,1,False,1,1,73.0,36.0,0.0,31.8,True,False,False,False,True,10,1,False,192.0,192.0,192.0,SPOKED,SPOKED,0,0,0.0,0.0,280.0,720.0,38.0,300.0,1
425.0,65.0,580.0,66.0,105.0,48.0,455.0,71.5,705.0,47.0,40.0,31.0,34.0,25.0,25.0,14.0,15.0,ALUMINIUM,29.0,41.0,31.0,0.0,0.0,0.0,0.0,False,False,135.0,2.0,0.9,1.1,0.9,1.2,1.0,0.9,674.0,52.0,674.0,52.0,1,1,False,1,1,68.0,33.0,0.0,31.8,True,True,False,False,True,12,2,False,192.0,192.0,192.0,SPOKED,SPOKED,0,0,0.0,0.0,275.0,715.0,34.0,295.0,1
438.0,70.0,615.0,68.0,120.0,50.0,460.0,74.0,720.0,45.0,40.0,33.0,37.0,26.0,26.0,13.0,16.0,ALUMINIUM,33.0,43.0,35.0,0.0,0.0,0.0,0.0,False,False,148.0,2.0,0.9,1.1,0.9,1.2,1.0,0.9,674.0,52.0,674.0,52.0,1,1,False,1,1,68.0,34.0,0.0,31.8,True,False,False,False,True,11,1,False,192.0,192.0,192.0,SPOKED,SPOKED,0,0,0.0,0.0,280.0,720.0,37.0,300.0,1
430.0,68.0,605.0,67.0,110.0,47.0,440.0,72.0,690.0,47.0,40.0,30.0,36.0,24.0,25.0,14.0,15.0,ALUMINIUM,34.0,44.0,30.0,0.0,0.0,0.0,0.0,False,False,135.0,2.0,0.9,1.1,0.9,1.2,1.0,0.9,674.0,52.0,674.0,52.0,1,1,False,1,1,68.0,34.0,0.0,31.8,True,True,False,False,True,10,1,False,192.0,192.0,192.0,SPOKED,SPOKED,0,0,0.0,0.0,280.0,720.0,36.0,300.0,1
435.0,72.0,595.0,66.5,102.0,49.0,455.0,73.0,715.0,46.0,40.0,32.0,35.0,25.0,24.0,15.0,14.0,ALUMINIUM,31.0,41.0,29.0,0.0,0.0,0.0,0.0,False,False,148.0,2.0,0.9,1.1,0.9,1.2,1.0,0.9,674.0,52.0,674.0,52.0,1,0,False,1,1,70.0,32.0,0.0,31.8,True,False,False,False,True,12,1,False,192.0,192.0,192.0,SPOKED,SPOKED,0,0,0.0,0.0,275.0,715.0,35.0,295.0,1
445.0,70.0,620.0,67.5,118.0,53.0,450.0,74.0,730.0,48.0,40.0,34.0,38.0,26.0,26.0,14.0,16.0,ALUMINIUM,36.0,46.0,32.0,0.0,0.0,0.0,0.0,False,False,148.0,2.0,0.9,1.1,0.9,1.2,1.0,0.9,674.0,52.0,674.0,52.0,1,1,False,1,1,68.0,34.0,0.0,31.8,True,False,False,False,True,11,1,False,192.0,192.0,192.0,SPOKED,SPOKED,0,0,0.0,0.0,280.0,720.0,38.0,300.0,1
440.0,69.0,615.0,67.0,112.0,52.0,460.0,72.5,705.0,47.0,40.0,31.0,36.0,25.0,25.0,15.0,14.0,ALUMINIUM,32.0,42.0,30.0,0.0,0.0,0.0,0.0,False,False,135.0,2.0,0.9,1.1,0.9,1.2,1.0,0.9,674.0,52.0,674.0,52.0,1,1,False,1,1,68.0,34.0,0.0,31.8,True,True,False,False,True,12,1,False,192.0,192.0,192.0,SPOKED,SPOKED,0,0,0.0,0.0,280.0,720.0,36.0,300.0,1
425.0,71.0,590.0,66.8,108.0,48.0,445.0,73.2,700.0,47.0,40.0,33.0,37.0,24.0,26.0,14.0,15.0,ALUMINIUM,30.0,40.0,30.0,0.0,0.0,0.0,0.0,False,False,135.0,2.0,0.9,1.1,0.9,1.2,1.0,0.9,674.0,52.0,674.0,52.0,1,1,False,1,1,68.0,33.0,0.0,31.8,False,True,False,False,True,11,2,False,192.0,192.0,192.0,SPOKED,SPOKED,0,0,0.0,0.0,280.0,720.0,37.0,300.0,1
435.0,65.0,600.0,66.0,120.0,45.0,560.0,73.0,650.0,50.0,45.0,35.0,40.0,30.0,30.0,15.0,10.0,ALUMINIUM,30.0,40.0,30.0,330.0,350.0,16.0,18.0,False,False,135.0,2.0,1.0,1.1,0.9,1.2,1.0,0.9,736.0,60.0,736.0,60.0,1,1,False,1,1,68.0,45.0,0.0,35.0,False,False,False,False,True,11,3,False,192.0,192.0,192.0,SPOKED,SPOKED,0,0,0.0,0.0,280.0,80.0,40.0,300.0,1
440.0,68.0,610.0,67.0,130.0,45.0,580.0,74.0,630.0,48.0,45.0,35.0,40.0,30.0,30.0,15.0,10.0,ALUMINIUM,32.0,42.0,32.0,330.0,350.0,16.0,18.0,False,False,135.0,2.0,1.0,1.1,0.9,1.2,1.0,0.9,736.0,60.0,736.0,60.0,1,1,False,1,1,68.0,45.0,0.0,35.0,False,False,False,False,True,11,3,False,192.0,192.0,192.0,SPOKED,SPOKED,0,0,0.0,0.0,280.0,80.0,40.0,300.0,1
445.0,62.0,590.0,68.0,100.0,45.0,550.0,75.0,660.0,52.0,45.0,35.0,40.0,30.0,30.0,15.0,10.0,ALUMINIUM,28.0,38.0,28.0,330.0,350.0,16.0,18.0,False,False,135.0,2.0,1.0,1.1,0.9,1.2,1.0,0.9,736.0,60.0,736.0,60.0,1,1,False,1,1,68.0,45.0,0.0,35.0,False,False,False,False,True,11,3,False,192.0,192.0,192.0,SPOKED,SPOKED,0,0,0.0,0.0,280.0,80.0,40.0,300.0,1
430.0,70.0,620.0,66.5,140.0,45.0,600.0,73.5,620.0,45.0,45.0,35.0,40.0,30.0,30.0,15.0,10.0,ALUMINIUM,35.0,45.0,35.0,330.0,350.0,16.0,18.0,False,False,135.0,2.0,1.0,1.1,0.9,1.2,1.0,0.9,736.0,60.0,736.0,60.0,1,1,False,1,1,68.0,45.0,0.0,35.0,False,False,False,False,True,11,3,False,192.0,192.0,192.0,SPOKED,SPOKED,0,0,0.0,0.0,280.0,80.0,40.0,300.0,1
450.0,63.0,580.0,67.5,115.0,45.0,570.0,74.5,640.0,55.0,45.0,35.0,40.0,30.0,30.0,15.0,10.0,ALUMINIUM,25.0,35.0,25.0,330.0,350.0,16.0,18.0,False,False,135.0,2.0,1.0,1.1,0.9,1.2,1.0,0.9,736.0,60.0,736.0,60.0,1,1,False,1,1,68.0,45.0,0.0,35.0,False,False,False,False,True,11,3,False,192.0,192.0,192.0,SPOKED,SPOKED,0,0,0.0,0.0,280.0,80.0,40.0,300.0,1
438.0,66.0,605.0,66.2,125.0,45.0,590.0,73.2,670.0,49.0,45.0,35.0,40.0,30.0,30.0,15.0,10.0,ALUMINIUM,40.0,50.0,40.0,330.0,350.0,16.0,18.0,False,False,135.0,2.0,1.0,1.1,0.9,1.2,1.0,0.9,736.0,60.0,736.0,60.0,1,1,False,1,1,68.0,45.0,0.0,35.0,False,False,False,False,True,11,3,False,192.0,192.0,192.0,SPOKED,SPOKED,0,0,0.0,0.0,280.0,80.0,40.0,300.0,1
442.0,67.0,615.0,67.2,105.0,45.0,555.0,74.2,655.0,53.0,45.0,35.0,40.0,30.0,30.0,15.0,10.0,ALUMINIUM,33.0,43.0,33.0,330.0,350.0,16.0,18.0,False,False,135.0,2.0,1.0,1.1,0.9,1.2,1.0,0.9,736.0,60.0,736.0,60.0,1,1,False,1,1,68.0,45.0,0.0,35.0,False,False,False,False,True,11,3,False,192.0,192.0,192.0,SPOKED,SPOKED,0,0,0.0,0.0,280.0,80.0,40.0,300.0,1
436.0,64.0,595.0,68.0,135.0,45.0,595.0,75.0,645.0,47.0,45.0,35.0,40.0,30.0,30.0,15.0,10.0,ALUMINIUM,27.0,37.0,27.0,330.0,350.0,16.0,18.0,False,False,135.0,2.0,1.0,1.1,0.9,1.2,1.0,0.9,736.0,60.0,736.0,60.0,1,1,False,1,1,68.0,45.0,0.0,35.0,False,False,False,False,True,11,3,False,192.0,192.0,192.0,SPOKED,SPOKED,0,0,0.0,0.0,280.0,80.0,40.0,300.0,1
443.0,69.0,625.0,66.8,118.0,45.0,565.0,73.8,660.0,51.0,45.0,35.0,40.0,30.0,30.0,15.0,10.0,ALUMINIUM,38.0,48.0,38.0,330.0,350.0,16.0,18.0,False,False,135.0,2.0,1.0,1.1,0.9,1.2,1.0,0.9,736.0,60.0,736.0,60.0,1,1,False,1,1,68.0,45.0,0.0,35.0,False,False,False,False,True,11,3,False,192.0,192.0,192.0,SPOKED,SPOKED,0,0,0.0,0.0,280.0,80.0,40.0,300.0,1
448.0,61.0,585.0,67.8,128.0,45.0,585.0,74.8,635.0,46.0,45.0,35.0,40.0,30.0,30.0,15.0,10.0,ALUMINIUM,29.0,39.0,29.0,330.0,350.0,16.0,18.0,False,False,135.0,2.0,1.0,1.1,0.9,1.2,1.0,0.9,736.0,60.0,736.0,60.0,1,1,False,1,1,68.0,45.0,0.0,35.0,False,False,False,False,True,11,3,False,192.0,192.0,192.0,SPOKED,SPOKED,0,0,0.0,0.0,280.0,80.0,40.0,300.0,1
430.0,65.0,620.0,67.0,120.0,45.0,520.0,73.0,660.0,45.0,45.0,40.0,28.6,36.5,23.35,15.0,15.0,ALUMINIUM,30.0,40.0,50.0,330.0,350.0,16.0,18.0,False,False,140.0,2.0,0.9,1.1,0.9,1.2,1.0,0.9,628.0,69.0,628.0,69.0,1,1,False,1,1,73.0,31.8,0.0,40.0,True,True,False,False,True,12,1,False,192.0,192.0,192.0,SPOKED,SPOKED,1,1,80.0,80.0,278.0,650.0,34.9,300.0,1
435.0,68.0,630.0,67.0,115.0,45.0,530.0,73.0,670.0,45.0,45.0,40.0,28.6,36.5,23.35,15.0,15.0,ALUMINIUM,32.0,42.0,52.0,330.0,350.0,16.0,18.0,False,False,142.0,2.0,0.9,1.1,0.9,1.2,1.0,0.9,628.0,69.0,628.0,69.0,1,1,False,1,1,73.0,31.8,0.0,40.0,True,True,False,False,True,12,1,False,192.0,192.0,192.0,SPOKED,SPOKED,1,1,80.0,80.0,278.0,650.0,34.9,300.0,1
425.0,62.0,610.0,67.0,120.0,45.0,515.0,73.0,655.0,45.0,45.0,40.0,28.6,36.5,23.35,15.0,15.0,ALUMINIUM,28.0,38.0,48.0,330.0,350.0,16.0,18.0,False,False,138.0,2.0,0.9,1.1,0.9,1.2,1.0,0.9,628.0,69.0,628.0,69.0,1,1,False,1,1,73.0,31.8,0.0,40.0,True,True,False,False,True,12,1,False,192.0,192.0,192.0,SPOKED,SPOKED,1,1,80.0,80.0,278.0,650.0,34.9,300.0,1
440.0,66.0,635.0,67.0,110.0,45.0,545.0,73.0,680.0,45.0,45.0,40.0,28.6,36.5,23.35,15.0,15.0,ALUMINIUM,35.0,45.0,55.0,330.0,350.0,16.0,18.0,False,False,145.0,2.0,0.9,1.1,0.9,1.2,1.0,0.9,628.0,69.0,628.0,69.0,1,1,False,1,1,73.0,31.8,0.0,40.0,True,True,False,False,True,12,1,False,192.0,192.0,192.0,SPOKED,SPOKED,1,1,80.0,80.0,278.0,650.0,34.9,300.0,1
420.0,64.0,620.0,67.0,125.0,45.0,505.0,73.0,665.0,45.0,45.0,40.0,28.6,36.5,23.35,15.0,15.0,ALUMINIUM,30.0,40.0,50.0,330.0,350.0,16.0,18.0,False,False,140.0,2.0,0.9,1.1,0.9,1.2,1.0,0.9,628.0,69.0,628.0,69.0,1,1,False,1,1,73.0,31.8,0.0,40.0,True,True,False,False,True,12,1,False,192.0,192.0,192.0,SPOKED,SPOKED,1,1,80.0,80.0,278.0,650.0,34.9,300.0,1
450.0,67.0,640.0,67.0,118.0,45.0,525.0,73.0,675.0,45.0,45.0,40.0,28.6,36.5,23.35,15.0,15.0,ALUMINIUM,33.0,43.0,53.0,330.0,350.0,16.0,18.0,False,False,144.0,2.0,0.9,1.1,0.9,1.2,1.0,0.9,628.0,69.0,628.0,69.0,1,1,False,1,1,73.0,31.8,0.0,40.0,True,True,False,False,True,12,1,False,192.0,192.0,192.0,SPOKED,SPOKED,1,1,80.0,80.0,278.0,650.0,34.9,300.0,1
430.0,63.0,615.0,67.0,122.0,45.0,510.0,73.0,660.0,45.0,45.0,40.0,28.6,36.5,23.35,15.0,15.0,ALUMINIUM,29.0,39.0,49.0,330.0,350.0,16.0,18.0,False,False,136.0,2.0,0.9,1.1,0.9,1.2,1.0,0.9,628.0,69.0,628.0,69.0,1,1,False,1,1,73.0,31.8,0.0,40.0,True,True,False,False,True,12,1,False,192.0,192.0,192.0,SPOKED,SPOKED,1,1,80.0,80.0,278.0,650.0,34.9,300.0,1
445.0,65.0,625.0,67.0,130.0,45.0,535.0,73.0,670.0,45.0,45.0,40.0,28.6,36.5,23.35,15.0,15.0,ALUMINIUM,34.0,44.0,54.0,330.0,350.0,16.0,18.0,False,False,143.0,2.0,0.9,1.1,0.9,1.2,1.0,0.9,628.0,69.0,628.0,69.0,1,1,False,1,1,73.0,31.8,0.0,40.0,True,True,False,False,True,12,1,False,192.0,192.0,192.0,SPOKED,SPOKED,1,1,80.0,80.0,278.0,650.0,34.9,300.0,1
438.0,69.0,638.0,67.0,112.0,45.0,520.0,73.0,678.0,45.0,45.0,40.0,28.6,36.5,23.35,15.0,15.0,ALUMINIUM,31.0,41.0,51.0,330.0,350.0,16.0,18.0,False,False,139.0,2.0,0.9,1.1,0.9,1.2,1.0,0.9,628.0,69.0,628.0,69.0,1,1,False,1,1,73.0,31.8,0.0,40.0,True,True,False,False,True,12,1,False,192.0,192.0,192.0,SPOKED,SPOKED,1,1,80.0,80.0,278.0,650.0,34.9,300.0,1
428.0,61.0,605.0,67.0,127.0,45.0,508.0,73.0,652.0,45.0,45.0,40.0,28.6,36.5,23.35,15.0,15.0,ALUMINIUM,27.0,37.0,47.0,330.0,350.0,16.0,18.0,False,False,137.0,2.0,0.9,1.1,0.9,1.2,1.0,0.9,628.0,69.0,628.0,69.0,1,1,False,1,1,73.0,31.8,0.0,40.0,True,True,False,False,True,12,1,False,192.0,192.0,192.0,SPOKED,SPOKED,1,1,80.0,80.0,278.0,650.0,34.9,300.0,1
420.0,70.0,620.0,68.0,110.0,45.0,560.0,73.0,650.0,45.0,40.0,35.0,30.0,36.0,36.0,13.0,9.0,ALUMINIUM,30.0,40.0,40.0,0.0,0.0,0.0,0.0,False,False,135.0,1.0,1.1,1.2,1.1,1.0,1.0,1.1,674.0,52.0,674.0,52.0,1,1,False,1,1,68.0,50.0,0.0,31.8,False,True,False,False,True,11,1,False,192.0,192.0,192.0,SPOKED,SPOKED,1,1,80.0,80.0,280.0,750.0,35.0,350.0,1
425.0,68.0,630.0,67.0,120.0,45.0,570.0,74.0,640.0,50.0,42.0,36.0,32.0,37.0,36.0,13.0,9.0,ALUMINIUM,35.0,45.0,45.0,0.0,0.0,0.0,0.0,False,False,135.0,1.0,1.0,1.3,1.1,1.1,1.0,1.2,674.0,60.0,674.0,60.0,1,2,False,1,1,70.0,52.0,0.0,34.0,False,True,False,False,True,12,1,False,192.0,192.0,192.0,SPOKED,SPOKED,1,1,80.0,80.0,290.0,765.0,36.0,360.0,1
430.0,72.0,615.0,69.0,115.0,45.0,550.0,73.5,655.0,48.0,41.0,34.0,31.0,36.0,35.0,13.0,9.0,ALUMINIUM,32.0,42.0,43.0,0.0,0.0,0.0,0.0,False,False,135.0,1.1,1.1,1.2,1.2,1.0,1.0,1.1,674.0,50.0,674.0,50.0,1,1,False,1,2,73.0,55.0,0.0,32.0,False,True,False,False,True,11,2,False,192.0,192.0,192.0,SPOKED,SPOKED,1,1,80.0,80.0,300.0,780.0,38.0,365.0,2
415.0,66.0,605.0,67.5,105.0,45.0,580.0,74.0,660.0,46.0,43.0,38.0,34.0,37.0,37.0,13.0,9.0,ALUMINIUM,38.0,48.0,42.0,0.0,0.0,0.0,0.0,False,False,135.0,1.2,1.1,1.2,1.1,1.1,1.1,1.2,674.0,55.0,674.0,55.0,1,2,False,1,1,69.0,48.0,0.0,33.0,False,True,False,False,True,12,2,False,190.0,190.0,190.0,SPOKED,SPOKED,1,1,80.0,80.0,295.0,760.0,40.0,370.0,1
440.0,75.0,635.0,66.0,130.0,45.0,565.0,72.5,645.0,50.0,44.0,37.0,33.0,38.0,36.0,13.0,9.0,ALUMINIUM,36.0,43.0,47.0,0.0,0.0,0.0,0.0,False,False,135.0,1.0,1.2,1.3,1.1,1.0,1.0,1.2,674.0,53.0,674.0,53.0,1,1,False,1,2,72.0,54.0,0.0,34.0,False,True,False,False,True,10,3,False,192.0,192.0,192.0,SPOKED,SPOKED,1,1,80.0,80.0,285.0,740.0,36.0,345.0,1
400.0,65.0,590.0,68.0,100.0,45.0,580.0,74.0,660.0,48.0,40.0,33.0,30.0,37.0,37.0,13.0,9.0,ALUMINIUM,28.0,40.0,45.0,0.0,0.0,0.0,0.0,False,False,135.0,1.0,1.1,1.2,1.1,1.0,1.0,1.1,674.0,48.0,674.0,48.0,1,2,False,1,1,68.0,45.0,0.0,32.0,False,True,False,False,True,11,2,False,192.0,192.0,192.0,SPOKED,SPOKED,1,1,80.0,80.0,300.0,800.0,35.0,360.0,1
435.0,72.0,625.0,67.0,125.0,45.0,590.0,73.0,638.0,47.0,42.0,36.0,34.0,37.0,36.0,13.0,9.0,ALUMINIUM,34.0,46.0,46.0,0.0,0.0,0.0,0.0,False,False,135.0,1.1,1.1,1.3,1.1,1.1,1.0,1.2,674.0,60.0,674.0,60.0,1,1,False,1,2,70.0,53.0,0.0,33.0,False,True,False,False,True,12,2,False,192.0,192.0,192.0,SPOKED,SPOKED,1,1,80.0,80.0,290.0,770.0,37.0,370.0,1
410.0,69.0,600.0,69.5,108.0,45.0,550.0,74.5,648.0,46.0,41.0,35.0,31.0,36.0,35.0,13.0,9.0,ALUMINIUM,31.0,44.0,44.0,0.0,0.0,0.0,0.0,False,False,135.0,1.0,1.1,1.2,1.1,1.0,1.0,1.1,674.0,54.0,674.0,54.0,1,2,False,1,1,69.0,49.0,0.0,34.0,False,True,False,False,True,10,1,False,180.0,180.0,180.0,SPOKED,SPOKED,1,1,80.0,80.0,305.0,760.0,34.0,355.0,1
445.0,73.0,640.0,66.5,135.0,45.0,600.0,72.0,635.0,49.0,45.0,38.0,33.0,38.0,37.0,13.0,9.0,ALUMINIUM,40.0,50.0,45.0,0.0,0.0,0.0,0.0,False,False,135.0,1.2,1.3,1.3,1.2,1.1,1.1,1.3,674.0,56.0,674.0,56.0,1,1,False,1,2,73.0,57.0,0.0,35.0,False,True,False,False,True,11,3,False,192.0,192.0,192.0,SPOKED,SPOKED,1,1,80.0,80.0,315.0,800.0,39.0,380.0,2
405.0,68.0,610.0,68.0,118.0,45.0,555.0,73.0,642.0,47.0,42.0,36.0,32.0,36.0,35.0,13.0,9.0,ALUMINIUM,33.0,41.0,41.0,0.0,0.0,0.0,0.0,False,False,135.0,1.1,1.2,1.2,1.1,1.1,1.0,1.2,674.0,51.0,674.0,51.0,1,2,False,1,1,70.0,50.0,0.0,32.0,False,True,False,False,True,12,2,False,190.0,190.0,190.0,SPOKED,SPOKED,1,1,80.0,80.0,285.0,770.0,36.0,365.0,1
430.0,70.0,600.0,70.0,130.0,45.0,450.0,75.0,660.0,55.0,45.0,32.0,40.0,30.0,28.0,15.0,15.0,ALUMINIUM,35.0,50.0,40.0,0.0,0.0,0.0,0.0,False,False,135.0,2.0,1.0,1.0,1.0,1.0,1.0,1.0,680.0,50.0,680.0,50.0,1,1,False,1,1,73.0,47.0,0.0,31.8,False,False,False,False,True,11,1,False,192.0,192.0,192.0,SPOKED,SPOKED,0,0,0.0,0.0,280.0,720.0,40.0,300.0,1
440.0,65.0,610.0,69.0,140.0,45.0,480.0,75.0,670.0,55.0,45.0,32.0,40.0,30.0,28.0,15.0,15.0,ALUMINIUM,38.0,48.0,42.0,0.0,0.0,0.0,0.0,False,False,135.0,2.0,1.0,1.0,1.0,1.0,1.0,1.0,680.0,50.0,680.0,50.0,1,1,False,1,1,73.0,47.0,0.0,31.8,False,False,False,False,True,12,1,False,192.0,192.0,192.0,SPOKED,SPOKED,0,0,0.0,0.0,280.0,720.0,40.0,300.0,1
430.0,70.0,620.0,70.0,135.0,45.0,460.0,74.0,665.0,56.0,45.0,32.0,40.0,30.0,28.0,15.0,15.0,ALUMINIUM,36.0,52.0,39.0,0.0,0.0,0.0,0.0,False,False,135.0,2.0,1.0,1.0,1.0,1.0,1.0,1.0,680.0,50.0,680.0,50.0,1,1,False,1,1,73.0,47.0,0.0,31.8,False,False,False,False,True,11,2,False,192.0,192.0,192.0,SPOKED,SPOKED,0,0,0.0,0.0,280.0,720.0,40.0,300.0,1
450.0,68.0,630.0,71.0,125.0,45.0,470.0,75.0,680.0,55.0,45.0,32.0,40.0,30.0,28.0,15.0,15.0,ALUMINIUM,34.0,50.0,41.0,0.0,0.0,0.0,0.0,False,False,135.0,2.0,1.0,1.0,1.0,1.0,1.0,1.0,680.0,50.0,680.0,50.0,1,1,False,1,1,73.0,47.0,0.0,31.8,False,False,False,False,True,10,1,False,192.0,192.0,192.0,SPOKED,SPOKED,0,0,0.0,0.0,280.0,720.0,40.0,300.0,1
420.0,63.0,590.0,68.0,120.0,45.0,455.0,74.0,655.0,55.0,45.0,32.0,40.0,30.0,28.0,15.0,15.0,ALUMINIUM,32.0,45.0,38.0,0.0,0.0,0.0,0.0,False,False,135.0,2.0,1.0,1.0,1.0,1.0,1.0,1.0,680.0,50.0,680.0,50.0,1,1,False,1,1,73.0,47.0,0.0,31.8,False,False,False,False,True,11,1,False,192.0,192.0,192.0,SPOKED,SPOKED,0,0,0.0,0.0,280.0,720.0,40.0,300.0,1
435.0,66.0,605.0,72.0,130.0,45.0,465.0,75.0,675.0,55.0,45.0,32.0,40.0,30.0,28.0,15.0,15.0,ALUMINIUM,35.0,47.0,40.0,0.0,0.0,0.0,0.0,False,False,135.0,2.0,1.0,1.0,1.0,1.0,1.0,1.0,680.0,50.0,680.0,50.0,1,1,False,1,1,73.0,47.0,0.0,31.8,False,False,False,False,True,12,2,False,192.0,192.0,192.0,SPOKED,SPOKED,0,0,0.0,0.0,280.0,720.0,40.0,300.0,1
425.0,64.0,595.0,70.0,150.0,45.0,475.0,74.0,660.0,55.0,45.0,32.0,40.0,30.0,28.0,15.0,15.0,ALUMINIUM,37.0,49.0,43.0,0.0,0.0,0.0,0.0,False,False,135.0,2.0,1.0,1.0,1.0,1.0,1.0,1.0,680.0,50.0,680.0,50.0,1,1,False,1,1,73.0,47.0,0.0,31.8,False,False,False,False,True,11,1,False,192.0,192.0,192.0,SPOKED,SPOKED,0,0,0.0,0.0,280.0,720.0,40.0,300.0,1
440.0,67.0,615.0,69.5,145.0,45.0,490.0,75.0,690.0,56.0,45.0,32.0,40.0,30.0,28.0,15.0,15.0,ALUMINIUM,39.0,46.0,44.0,0.0,0.0,0.0,0.0,False,False,135.0,2.0,1.0,1.0,1.0,1.0,1.0,1.0,680.0,50.0,680.0,50.0,1,1,False,1,1,73.0,47.0,0.0,31.8,False,False,False,False,True,12,1,False,192.0,192.0,192.0,SPOKED,SPOKED,0,0,0.0,0.0,280.0,720.0,40.0,300.0,1
415.0,62.0,585.0,68.5,110.0,45.0,440.0,74.0,650.0,54.0,45.0,32.0,40.0,30.0,28.0,15.0,15.0,ALUMINIUM,31.0,44.0,37.0,0.0,0.0,0.0,0.0,False,False,135.0,2.0,1.0,1.0,1.0,1.0,1.0,1.0,680.0,50.0,680.0,50.0,1,1,False,1,1,73.0,47.0,0.0,31.8,False,False,False,False,True,10,1,False,192.0,192.0,192.0,SPOKED,SPOKED,0,0,0.0,0.0,280.0,720.0,40.0,300.0,1
445.0,69.0,625.0,71.5,140.0,45.0,485.0,75.0,685.0,55.0,45.0,32.0,40.0,30.0,28.0,15.0,15.0,ALUMINIUM,33.0,51.0,42.0,0.0,0.0,0.0,0.0,False,False,135.0,2.0,1.0,1.0,1.0,1.0,1.0,1.0,680.0,50.0,680.0,50.0,1,1,False,1,1,73.0,47.0,0.0,31.8,False,False,False,False,True,11,1,False,192.0,192.0,192.0,SPOKED,SPOKED,0,0,0.0,0.0,280.0,720.0,40.0,300.0,1
440.0,60.0,610.0,66.0,110.0,50.0,520.0,73.0,700.0,52.0,40.0,30.0,40.0,30.0,25.0,15.0,20.0,ALUMINIUM,30.0,50.0,35.0,120.0,120.0,16.0,18.0,False,False,142.0,2.0,1.2,1.2,1.2,1.0,1.0,1.2,674.0,52.0,674.0,52.0,1,0,False,1,1,73.0,46.0,0.0,31.6,False,False,False,False,True,11,1,False,192.0,192.0,192.0,SPOKED,SPOKED,0,0,0.0,0.0,280.0,700.0,38.0,350.0,1
435.0,55.0,605.0,67.0,120.0,48.0,530.0,72.5,710.0,50.0,40.0,29.0,38.0,28.0,26.0,16.0,18.0,ALUMINIUM,28.0,55.0,32.0,130.0,125.0,17.0,18.0,True,False,142.0,2.0,1.1,1.2,1.1,1.0,0.9,1.1,636.0,52.0,636.0,52.0,1,1,False,1,1,73.0,44.0,0.0,31.6,True,False,True,False,True,12,1,False,192.0,192.0,192.0,SPOKED,SPOKED,0,0,0.0,0.0,285.0,720.0,36.0,360.0,1
450.0,65.0,620.0,65.5,100.0,55.0,500.0,74.0,690.0,53.0,40.0,32.0,42.0,32.0,22.0,14.0,22.0,ALUMINIUM,25.0,45.0,40.0,110.0,130.0,16.0,18.0,False,False,135.0,2.0,1.2,1.1,1.3,1.1,1.0,1.2,674.0,54.0,674.0,54.0,1,2,False,1,1,73.0,48.0,0.0,34.0,False,True,False,True,True,11,2,False,180.0,180.0,180.0,SPOKED,DISC,0,0,0.0,0.0,275.0,710.0,39.0,340.0,1
420.0,58.0,590.0,66.5,80.0,50.0,540.0,72.0,720.0,55.0,40.0,34.0,36.0,30.0,24.0,13.0,19.0,ALUMINIUM,32.0,52.0,38.0,125.0,128.0,16.0,18.0,False,False,142.0,2.0,1.3,1.3,1.2,1.1,1.1,1.3,636.0,48.0,636.0,48.0,1,0,False,1,1,73.0,50.0,0.0,30.0,False,False,True,True,True,10,1,False,200.0,200.0,200.0,DISC,SPOKED,0,0,0.0,0.0,290.0,730.0,40.0,365.0,1
430.0,62.0,615.0,65.0,115.0,60.0,560.0,73.5,680.0,54.0,40.0,33.0,37.0,29.0,27.0,17.0,18.0,ALUMINIUM,29.0,57.0,36.0,120.0,122.0,16.0,18.0,False,False,142.0,2.0,1.1,1.2,1.2,1.0,1.0,1.2,674.0,52.0,674.0,52.0,1,1,False,1,1,73.0,45.0,0.0,32.0,True,False,False,False,True,12,2,False,150.0,150.0,150.0,SPOKED,TRISPOKE,0,1,0.0,80.0,270.0,705.0,34.0,325.0,1
425.0,60.0,600.0,67.0,105.0,52.0,510.0,74.0,710.0,51.0,40.0,31.0,39.0,27.0,23.0,14.0,21.0,ALUMINIUM,31.0,53.0,34.0,128.0,126.0,16.0,18.0,False,True,135.0,2.0,1.2,1.0,1.2,1.1,1.1,1.2,636.0,52.0,636.0,52.0,1,2,False,1,1,73.0,47.0,0.0,33.0,False,True,False,True,True,11,1,False,180.0,185.0,190.0,SPOKED,SPOKED,0,0,0.0,0.0,290.0,695.0,37.0,345.0,1
445.0,57.0,630.0,64.5,95.0,49.0,525.0,73.0,695.0,54.0,40.0,30.0,41.0,31.0,24.0,16.0,20.0,ALUMINIUM,30.0,50.0,37.0,115.0,118.0,16.0,18.0,True,False,142.0,2.0,1.1,1.2,1.1,1.1,1.0,1.1,674.0,48.0,674.0,48.0,1,0,False,1,1,73.0,44.0,0.0,31.0,True,True,True,False,True,10,1,False,170.0,175.0,180.0,DISC,TRISPOKE,0,1,0.0,75.0,285.0,720.0,36.0,355.0,1
438.0,63.0,605.0,66.0,125.0,54.0,545.0,72.5,720.0,52.0,40.0,32.0,38.0,29.0,26.0,15.0,19.0,ALUMINIUM,35.0,60.0,33.0,130.0,132.0,16.0,18.0,False,False,135.0,2.0,1.0,1.2,1.0,1.2,1.1,1.2,636.0,50.0,636.0,50.0,1,1,False,1,1,73.0,48.0,0.0,32.0,False,False,False,False,True,12,1,False,160.0,160.0,160.0,SPOKED,SPOKED,0,0,0.0,0.0,275.0,710.0,39.0,365.0,1
432.0,59.0,618.0,65.5,98.0,53.0,515.0,73.5,705.0,53.0,40.0,33.0,40.0,30.0,25.0,14.0,20.0,ALUMINIUM,27.0,54.0,36.0,118.0,120.0,16.0,18.0,False,False,142.0,2.0,1.2,1.2,1.2,1.0,1.0,1.2,674.0,52.0,674.0,52.0,1,2,False,1,1,73.0,46.0,0.0,31.6,True,True,False,False,True,11,2,False,140.0,145.0,150.0,TRISPOKE,SPOKED,1,0,80.0,0.0,282.0,715.0,38.0,350.0,1
442.0,58.0,625.0,66.0,112.0,51.0,550.0,73.0,715.0,50.0,40.0,30.0,39.0,28.0,26.0,16.0,21.0,ALUMINIUM,29.0,58.0,35.0,122.0,124.0,16.0,18.0,False,False,135.0,2.0,1.1,1.2,1.2,1.0,1.0,1.2,636.0,52.0,636.0,52.0,1,1,False,1,1,73.0,47.0,0.0,32.0,False,False,True,True,True,12,1,False,155.0,155.0,155.0,SPOKED,TRISPOKE,0,1,0.0,80.0,288.0,725.0,37.0,360.0,1
420.0,60.0,625.0,67.0,120.0,45.0,520.0,72.0,650.0,45.0,40.0,28.6,34.9,25.4,25.4,15.0,15.0,ALUMINIUM,30.0,40.0,40.0,0.0,0.0,0.0,0.0,False,False,135.0,2.0,1.5,2.0,2.0,1.5,1.5,2.0,740.0,100.0,740.0,100.0,1,1,False,1,1,68.0,40.0,0.0,31.8,True,False,False,False,True,12,1,False,192.0,192.0,192.0,SPOKED,SPOKED,0,0,80.0,80.0,280.0,720.0,34.9,300.0,1
425.0,62.0,630.0,68.0,125.0,45.0,525.0,73.0,655.0,45.0,40.0,28.6,34.9,25.4,25.4,15.0,15.0,ALUMINIUM,30.0,40.0,40.0,0.0,0.0,0.0,0.0,False,False,135.0,2.0,1.5,2.0,2.0,1.5,1.5,2.0,740.0,105.0,740.0,105.0,1,1,False,1,1,68.0,40.0,0.0,31.8,True,False,False,False,True,12,1,False,190.0,190.0,190.0,SPOKED,SPOKED,0,0,80.0,80.0,282.0,725.0,34.9,305.0,1
430.0,63.0,620.0,69.0,130.0,45.0,530.0,74.0,660.0,45.0,40.0,28.6,34.9,25.4,25.4,15.0,15.0,ALUMINIUM,30.0,40.0,40.0,0.0,0.0,0.0,0.0,False,False,135.0,2.0,1.5,2.0,2.0,1.5,1.5,2.0,740.0,110.0,740.0,110.0,1,1,False,1,1,68.0,40.0,0.0,31.8,True,False,False,False,True,12,1,False,180.0,180.0,180.0,SPOKED,SPOKED,0,0,80.0,80.0,285.0,730.0,34.9,310.0,1
435.0,58.0,615.0,66.0,135.0,45.0,535.0,71.0,645.0,45.0,40.0,28.6,34.9,25.4,25.4,15.0,15.0,ALUMINIUM,30.0,40.0,40.0,0.0,0.0,0.0,0.0,False,False,135.0,2.0,1.5,2.0,2.0,1.5,1.5,2.0,740.0,95.0,740.0,95.0,1,1,False,1,1,68.0,40.0,0.0,31.8,True,False,False,False,True,12,1,False,200.0,200.0,200.0,SPOKED,SPOKED,0,0,80.0,80.0,278.0,715.0,34.9,295.0,1
440.0,60.0,640.0,70.0,140.0,45.0,540.0,70.0,670.0,45.0,40.0,28.6,34.9,25.4,25.4,15.0,15.0,ALUMINIUM,30.0,40.0,40.0,0.0,0.0,0.0,0.0,False,False,135.0,2.0,1.5,2.0,2.0,1.5,1.5,2.0,740.0,120.0,740.0,120.0,1,1,False,1,1,68.0,40.0,0.0,31.8,True,False,False,False,True,12,1,False,205.0,205.0,205.0,SPOKED,SPOKED,0,0,80.0,80.0,290.0,740.0,34.9,310.0,1
445.0,61.0,635.0,65.0,145.0,45.0,545.0,75.0,675.0,45.0,40.0,28.6,34.9,25.4,25.4,15.0,15.0,ALUMINIUM,30.0,40.0,40.0,0.0,0.0,0.0,0.0,False,False,135.0,2.0,1.5,2.0,2.0,1.5,1.5,2.0,740.0,115.0,740.0,115.0,1,1,False,1,1,68.0,40.0,0.0,31.8,True,False,False,False,True,12,1,False,180.0,180.0,180.0,SPOKED,SPOKED,0,0,80.0,80.0,282.0,735.0,34.9,308.0,1
450.0,59.0,645.0,71.0,150.0,45.0,550.0,76.0,680.0,45.0,40.0,28.6,34.9,25.4,25.4,15.0,15.0,ALUMINIUM,30.0,40.0,40.0,0.0,0.0,0.0,0.0,False,False,135.0,2.0,1.5,2.0,2.0,1.5,1.5,2.0,740.0,125.0,740.0,125.0,1,1,False,1,1,68.0,40.0,0.0,31.8,True,False,False,False,True,12,1,False,210.0,210.0,210.0,SPOKED,SPOKED,0,0,80.0,80.0,288.0,745.0,34.9,312.0,1
455.0,64.0,650.0,64.0,155.0,45.0,555.0,69.0,685.0,45.0,40.0,28.6,34.9,25.4,25.4,15.0,15.0,ALUMINIUM,30.0,40.0,40.0,0.0,0.0,0.0,0.0,False,False,135.0,2.0,1.5,2.0,2.0,1.5,1.5,2.0,740.0,130.0,740.0,130.0,1,1,False,1,1,68.0,40.0,0.0,31.8,True,False,False,False,True,12,1,False,170.0,170.0,170.0,SPOKED,SPOKED,0,0,80.0,80.0,286.0,750.0,34.9,315.0,1
460.0,65.0,655.0,72.0,160.0,45.0,560.0,68.0,690.0,45.0,40.0,28.6,34.9,25.4,25.4,15.0,15.0,ALUMINIUM,30.0,40.0,40.0,0.0,0.0,0.0,0.0,False,False,135.0,2.0,1.5,2.0,2.0,1.5,1.5,2.0,740.0,135.0,740.0,135.0,1,1,False,1,1,68.0,40.0,0.0,31.8,True,False,False,False,True,12,1,False,195.0,195.0,195.0,SPOKED,SPOKED,0,0,80.0,80.0,292.0,755.0,34.9,320.0,1
465.0,66.0,660.0,63.0,165.0,45.0,565.0,77.0,695.0,45.0,40.0,28.6,34.9,25.4,25.4,15.0,15.0,ALUMINIUM,30.0,40.0,40.0,0.0,0.0,0.0,0.0,False,False,135.0,2.0,1.5,2.0,2.0,1.5,1.5,2.0,740.0,140.0,740.0,140.0,1,1,False,1,1,68.0,40.0,0.0,31.8,True,False,False,False,True,12,1,False,185.0,185.0,185.0,SPOKED,SPOKED,0,0,80.0,80.0,284.0,760.0,34.9,325.0,1
440.0,65.0,620.0,68.0,100.0,45.0,550.0,74.0,650.0,50.0,45.0,32.0,38.0,30.0,20.0,14.0,18.0,ALUMINIUM,40.0,45.0,50.0,0.0,0.0,16.0,18.0,False,False,142.0,2.0,1.0,1.1,0.9,1.2,1.0,0.9,740.0,52.0,740.0,52.0,1,1,False,1,1,73.0,44.0,0.0,31.8,False,False,False,False,True,11,1,False,192.0,192.0,192.0,SPOKED,SPOKED,0,0,0.0,0.0,250.0,720.0,38.0,320.0,1
445.0,70.0,630.0,67.0,110.0,45.0,560.0,73.0,660.0,48.0,45.0,33.0,40.0,28.0,22.0,14.0,20.0,ALUMINIUM,45.0,50.0,55.0,0.0,0.0,16.0,18.0,False,False,142.0,2.0,1.1,1.1,1.0,1.2,1.0,0.9,740.0,52.0,740.0,52.0,1,0,False,1,1,73.0,46.0,0.0,31.8,False,False,False,False,True,12,1,False,192.0,192.0,192.0,SPOKED,SPOKED,0,0,0.0,0.0,255.0,725.0,38.0,330.0,1
430.0,68.0,615.0,69.0,90.0,45.0,540.0,75.0,640.0,52.0,45.0,31.0,36.0,29.0,21.0,13.0,19.0,ALUMINIUM,35.0,40.0,45.0,0.0,0.0,16.0,18.0,False,False,142.0,2.0,1.0,1.1,0.9,1.2,1.0,0.9,740.0,52.0,740.0,52.0,1,2,False,1,1,73.0,45.0,0.0,31.8,False,False,False,False,True,10,2,False,192.0,192.0,192.0,SPOKED,SPOKED,0,0,0.0,0.0,260.0,710.0,36.0,310.0,1
460.0,60.0,640.0,67.5,130.0,45.0,580.0,72.5,670.0,47.0,45.0,34.0,39.0,31.0,23.0,15.0,17.0,ALUMINIUM,50.0,55.0,60.0,0.0,0.0,16.0,18.0,False,False,142.0,2.0,1.1,1.1,0.9,1.2,1.0,0.9,740.0,52.0,740.0,52.0,1,1,False,1,1,73.0,48.0,0.0,31.8,False,False,False,False,True,11,1,False,192.0,192.0,192.0,SPOKED,SPOKED,0,0,0.0,0.0,270.0,730.0,37.0,340.0,1
455.0,72.0,635.0,68.0,125.0,45.0,575.0,74.5,660.0,49.0,45.0,33.5,37.5,29.5,22.5,14.5,16.0,ALUMINIUM,48.0,53.0,58.0,0.0,0.0,16.0,18.0,False,False,135.0,2.0,1.0,1.1,0.9,1.2,1.0,0.9,740.0,52.0,740.0,52.0,1,2,False,1,1,73.0,47.0,0.0,31.8,False,False,False,False,True,12,1,False,192.0,192.0,192.0,SPOKED,SPOKED,0,0,0.0,0.0,265.0,715.0,37.5,325.0,1
435.0,68.0,610.0,69.0,95.0,45.0,545.0,75.0,645.0,51.0,45.0,32.5,36.5,28.5,21.5,13.5,17.5,ALUMINIUM,38.0,43.0,48.0,0.0,0.0,16.0,18.0,False,False,142.0,2.0,1.1,1.1,0.9,1.2,1.0,0.9,740.0,52.0,740.0,52.0,1,1,False,1,1,73.0,45.5,0.0,31.8,False,False,False,False,True,10,1,False,192.0,192.0,192.0,SPOKED,SPOKED,0,0,0.0,0.0,255.0,700.0,38.5,315.0,1
465.0,75.0,650.0,67.0,135.0,45.0,590.0,72.0,680.0,46.0,45.0,35.0,40.0,32.0,24.0,15.0,18.0,ALUMINIUM,52.0,57.0,62.0,0.0,0.0,16.0,18.0,False,False,135.0,2.0,1.0,1.1,0.9,1.2,1.0,0.9,740.0,52.0,740.0,52.0,1,2,False,1,1,73.0,49.0,0.0,31.8,False,False,False,False,True,11,2,False,192.0,192.0,192.0,SPOKED,SPOKED,0,0,0.0,0.0,275.0,735.0,36.5,335.0,1
425.0,70.0,605.0,69.5,85.0,45.0,530.0,75.5,630.0,53.0,45.0,31.5,36.0,27.5,20.0,12.5,19.5,ALUMINIUM,33.0,38.0,43.0,0.0,0.0,16.0,18.0,False,False,142.0,2.0,1.1,1.1,0.9,1.2,1.0,0.9,740.0,52.0,740.0,52.0,1,0,False,1,1,73.0,44.5,0.0,31.8,False,False,False,False,True,10,2,False,192.0,192.0,192.0,SPOKED,SPOKED,0,0,0.0,0.0,260.0,710.0,35.0,305.0,1
470.0,62.0,645.0,68.5,140.0,45.0,600.0,73.5,675.0,47.0,45.0,36.0,41.0,33.0,25.0,16.0,18.5,ALUMINIUM,55.0,60.0,65.0,0.0,0.0,16.0,18.0,False,False,135.0,2.0,1.0,1.1,0.9,1.2,1.0,0.9,740.0,52.0,740.0,52.0,1,1,False,1,1,73.0,50.0,0.0,31.8,False,False,False,False,True,12,1,False,192.0,192.0,192.0,SPOKED,SPOKED,0,0,0.0,0.0,280.0,740.0,40.0,345.0,1
455.0,65.0,620.0,68.0,105.0,45.0,555.0,74.0,655.0,49.0,45.0,32.0,38.0,30.0,22.0,14.0,18.0,ALUMINIUM,42.0,47.0,52.0,0.0,0.0,16.0,18.0,False,False,142.0,2.0,1.1,1.1,0.9,1.2,1.0,0.9,740.0,52.0,740.0,52.0,1,1,False,1,1,73.0,45.0,0.0,31.8,False,False,False,False,True,11,1,False,192.0,192.0,192.0,SPOKED,SPOKED,0,0,0.0,0.0,255.0,730.0,38.0,325.0,1
450.0,50.0,600.0,67.0,140.0,45.0,520.0,75.0,650.0,45.0,45.0,38.0,34.9,36.5,28.5,15.0,15.0,ALUMINIUM,30.0,50.0,35.0,330.0,350.0,16.0,18.0,False,False,148.0,2.0,0.9,1.1,0.9,1.2,1.0,0.9,700.0,52.0,700.0,52.0,1,0,False,1,1,73.0,45.0,0.0,31.8,False,False,False,False,True,11,1,False,192.0,192.0,192.0,SPOKED,SPOKED,1,1,80.0,80.0,278.0,700.0,34.9,300.0,1
460.0,55.0,610.0,68.0,150.0,50.0,530.0,74.0,660.0,50.0,45.0,38.0,34.9,36.5,28.5,15.0,15.0,ALUMINIUM,35.0,55.0,40.0,330.0,350.0,16.0,18.0,False,False,148.0,2.0,0.9,1.1,0.9,1.2,1.0,0.9,700.0,52.0,700.0,52.0,1,1,False,1,1,73.0,45.0,0.0,31.8,False,False,False,False,True,10,2,False,192.0,192.0,192.0,SPOKED,SPOKED,1,1,80.0,80.0,278.0,700.0,34.9,300.0,2
455.0,52.0,605.0,66.0,135.0,42.0,515.0,76.0,645.0,43.0,45.0,38.0,34.9,36.5,28.5,15.0,15.0,ALUMINIUM,28.0,48.0,33.0,330.0,350.0,16.0,18.0,False,False,148.0,2.0,0.9,1.1,0.9,1.2,1.0,0.9,700.0,52.0,700.0,52.0,1,0,False,1,1,73.0,45.0,0.0,31.8,False,False,False,False,True,12,1,False,192.0,192.0,192.0,SPOKED,SPOKED,1,1,80.0,80.0,278.0,700.0,34.9,300.0,1
470.0,60.0,620.0,67.5,145.0,48.0,540.0,75.5,670.0,48.0,45.0,38.0,34.9,36.5,28.5,15.0,15.0,ALUMINIUM,32.0,52.0,37.0,330.0,350.0,16.0,18.0,False,False,148.0,2.0,0.9,1.1,0.9,1.2,1.0,0.9,700.0,52.0,700.0,52.0,1,2,False,1,1,73.0,45.0,0.0,31.8,False,False,False,False,True,11,2,False,192.0,192.0,192.0,SPOKED,SPOKED,1,1,80.0,80.0,278.0,700.0,34.9,300.0,2
440.0,45.0,590.0,69.0,130.0,44.0,510.0,74.5,630.0,42.0,45.0,38.0,34.9,36.5,28.5,15.0,15.0,ALUMINIUM,27.0,47.0,32.0,330.0,350.0,16.0,18.0,False,False,148.0,2.0,0.9,1.1,0.9,1.2,1.0,0.9,700.0,52.0,700.0,52.0,1,1,False,1,1,73.0,45.0,0.0,31.8,False,False,False,False,True,9,1,False,192.0,192.0,192.0,SPOKED,SPOKED,1,1,80.0,80.0,278.0,700.0,34.9,300.0,1
480.0,65.0,630.0,66.5,155.0,52.0,550.0,75.0,680.0,52.0,45.0,38.0,34.9,36.5,28.5,15.0,15.0,ALUMINIUM,37.0,57.0,42.0,330.0,350.0,16.0,18.0,False,False,148.0,2.0,0.9,1.1,0.9,1.2,1.0,0.9,700.0,52.0,700.0,52.0,1,2,False,1,1,73.0,45.0,0.0,31.8,False,False,False,False,True,11,1,False,192.0,192.0,192.0,SPOKED,SPOKED,1,1,80.0,80.0,278.0,700.0,34.9,300.0,2
445.0,53.0,600.0,68.5,142.0,46.0,525.0,75.2,658.0,47.0,45.0,38.0,34.9,36.5,28.5,15.0,15.0,ALUMINIUM,34.0,51.0,39.0,330.0,350.0,16.0,18.0,False,False,148.0,2.0,0.9,1.1,0.9,1.2,1.0,0.9,700.0,52.0,700.0,52.0,1,0,False,1,1,73.0,45.0,0.0,31.8,False,False,False,False,True,10,2,False,192.0,192.0,192.0,SPOKED,SPOKED,1,1,80.0,80.0,278.0,700.0,34.9,300.0,1
460.0,58.0,615.0,67.8,148.0,49.0,535.0,74.8,665.0,49.0,45.0,38.0,34.9,36.5,28.5,15.0,15.0,ALUMINIUM,36.0,56.0,41.0,330.0,350.0,16.0,18.0,False,False,148.0,2.0,0.9,1.1,0.9,1.2,1.0,0.9,700.0,52.0,700.0,52.0,1,1,False,1,1,73.0,45.0,0.0,31.8,False,False,False,False,True,12,1,False,192.0,192.0,192.0,SPOKED,SPOKED,1,1,80.0,80.0,278.0,700.0,34.9,300.0,2
435.0,50.0,595.0,69.5,125.0,43.0,505.0,74.0,638.0,41.0,45.0,38.0,34.9,36.5,28.5,15.0,15.0,ALUMINIUM,26.0,46.0,31.0,330.0,350.0,16.0,18.0,False,False,148.0,2.0,0.9,1.1,0.9,1.2,1.0,0.9,700.0,52.0,700.0,52.0,1,1,False,1,1,73.0,45.0,0.0,31.8,False,False,False,False,True,9,2,False,192.0,192.0,192.0,SPOKED,SPOKED,1,1,80.0,80.0,278.0,700.0,34.9,300.0,1
209.0,47.0,580.0,70.0,120.0,40.0,495.0,74.5,620.0,40.0,45.0,38.0,34.9,36.5,28.5,15.0,15.0,ALUMINIUM,25.0,45.0,30.0,330.0,350.0,16.0,18.0,False,False,148.0,2.0,0.9,1.1,0.9,1.2,1.0,0.9,700.0,52.0,700.0,52.0,1,0,False,1,1,73.0,45.0,0.0,31.8,False,False,False,False,True,10,1,False,192.0,192.0,192.0,SPOKED,SPOKED,1,1,80.0,80.0,278.0,700.0,34.9,300.0,2
430.0,65.0,610.0,66.0,140.0,45.0,540.0,74.0,650.0,45.0,45.0,35.0,40.0,30.0,25.0,15.0,15.0,ALUMINIUM,25.0,50.0,30.0,0.0,0.0,0.0,0.0,False,False,135.0,2.0,1.0,1.2,1.1,0.9,0.9,1.0,630.0,50.0,630.0,50.0,1,1,False,1,1,70.0,34.0,0.0,34.0,True,True,False,False,True,10,1,False,192.0,192.0,192.0,SPOKED,SPOKED,0,0,0.0,0.0,270.0,680.0,26.0,300.0,1
435.0,67.0,600.0,65.5,130.0,47.0,530.0,75.0,645.0,50.0,46.0,36.0,41.0,31.0,26.0,16.0,14.0,ALUMINIUM,30.0,48.0,28.0,0.0,0.0,0.0,0.0,False,False,142.0,2.0,1.1,1.2,1.0,0.9,0.8,1.1,630.0,45.0,630.0,45.0,1,1,False,1,1,70.0,34.0,0.0,34.0,True,False,False,False,True,11,1,False,200.0,200.0,200.0,SPOKED,SPOKED,0,0,0.0,0.0,270.0,680.0,26.0,300.0,1
425.0,63.0,620.0,67.0,150.0,45.0,550.0,73.0,655.0,44.0,44.0,34.0,39.0,29.0,24.0,14.0,16.0,ALUMINIUM,20.0,52.0,32.0,0.0,0.0,0.0,0.0,False,False,130.0,1.8,1.0,1.1,1.2,1.0,0.9,1.1,610.0,55.0,610.0,55.0,1,1,False,1,1,70.0,34.0,0.0,34.0,True,True,False,False,True,9,2,True,180.0,180.0,180.0,SPOKED,SPOKED,0,0,0.0,0.0,270.0,680.0,26.0,300.0,1
440.0,66.0,615.0,66.5,145.0,45.0,545.0,74.5,648.0,46.0,46.0,35.0,42.0,32.0,27.0,15.5,15.5,ALUMINIUM,25.0,49.0,29.0,0.0,0.0,0.0,0.0,False,False,135.0,2.0,1.2,1.1,1.0,0.9,0.8,1.0,625.0,60.0,625.0,60.0,1,1,False,1,1,70.0,34.0,0.0,34.0,True,True,False,False,True,12,1,False,210.0,210.0,210.0,SPOKED,SPOKED,0,0,0.0,0.0,270.0,680.0,26.0,300.0,1
450.0,68.0,590.0,65.0,120.0,45.0,520.0,76.0,640.0,47.0,47.0,37.0,43.0,33.0,28.0,17.0,17.0,ALUMINIUM,28.0,45.0,31.0,0.0,0.0,0.0,0.0,False,False,138.0,2.0,1.0,1.2,1.1,1.0,0.9,1.0,630.0,50.0,630.0,50.0,1,1,False,1,1,70.0,34.0,0.0,34.0,True,False,False,False,True,10,2,False,198.0,198.0,198.0,SPOKED,SPOKED,0,0,0.0,0.0,270.0,680.0,26.0,300.0,1
420.0,64.0,630.0,67.5,155.0,45.0,560.0,73.5,660.0,48.0,44.0,36.0,40.0,31.0,26.0,16.0,15.0,ALUMINIUM,30.0,53.0,35.0,0.0,0.0,0.0,0.0,False,False,142.0,2.0,1.1,1.0,1.2,0.9,0.8,1.1,635.0,45.0,635.0,45.0,1,1,False,1,1,70.0,34.0,0.0,34.0,True,True,False,False,True,9,1,True,205.0,205.0,205.0,SPOKED,SPOKED,0,0,0.0,0.0,270.0,680.0,26.0,300.0,1
435.0,69.0,605.0,66.2,135.0,45.0,555.0,75.5,652.0,43.0,45.0,35.0,41.0,30.0,25.0,14.5,14.5,ALUMINIUM,22.0,50.0,28.0,0.0,0.0,0.0,0.0,False,False,139.0,2.0,1.2,1.1,1.0,1.0,0.9,1.0,630.0,50.0,630.0,50.0,1,1,False,1,1,70.0,34.0,0.0,34.0,True,False,False,False,True,8,1,False,190.0,190.0,190.0,SPOKED,SPOKED,0,0,0.0,0.0,270.0,680.0,26.0,300.0,1
445.0,61.0,585.0,65.8,125.0,45.0,535.0,74.8,642.0,46.0,46.0,36.0,43.0,32.0,27.0,15.2,15.2,ALUMINIUM,27.0,47.0,29.0,0.0,0.0,0.0,0.0,False,False,136.0,2.0,1.1,1.0,1.2,0.9,0.8,1.0,625.0,55.0,625.0,55.0,1,1,False,1,1,70.0,34.0,0.0,34.0,True,True,False,False,True,11,2,False,200.0,200.0,200.0,SPOKED,SPOKED,0,0,0.0,0.0,270.0,680.0,26.0,300.0,1
432.0,62.0,625.0,67.0,148.0,45.0,558.0,73.2,658.0,44.0,45.0,34.0,40.0,31.0,26.0,16.5,16.5,ALUMINIUM,26.0,52.0,33.0,0.0,0.0,0.0,0.0,False,False,140.0,2.0,1.0,1.2,1.0,0.9,0.9,1.1,630.0,50.0,630.0,50.0,1,1,False,1,1,70.0,34.0,0.0,34.0,True,False,False,False,True,10,1,True,195.0,195.0,195.0,SPOKED,SPOKED,0,0,0.0,0.0,270.0,680.0,26.0,300.0,1
428.0,66.0,595.0,66.8,138.0,45.0,548.0,74.2,645.0,45.0,45.0,35.0,42.0,32.0,27.0,15.0,15.0,ALUMINIUM,24.0,49.0,30.0,0.0,0.0,0.0,0.0,False,False,137.0,2.0,1.2,1.1,1.1,0.9,0.8,1.0,630.0,50.0,630.0,50.0,1,1,False,1,1,70.0,34.0,0.0,34.0,True,False,False,False,True,9,2,False,205.0,205.0,205.0,SPOKED,SPOKED,0,0,0.0,0.0,270.0,680.0,26.0,300.0,1
430.0,30.0,610.0,67.0,100.0,45.0,520.0,73.0,610.0,50.0,40.0,32.0,38.0,25.0,25.0,15.0,15.0,ALUMINIUM,35.0,45.0,40.0,330.0,350.0,16.0,18.0,True,True,142.0,2.0,1.0,1.2,1.1,1.0,1.0,1.2,716.0,47.0,716.0,47.0,1,0,False,1,1,68.0,34.0,0.0,34.0,False,False,False,False,True,11,1,False,192.0,192.0,192.0,SPOKED,SPOKED,0,0,0.0,0.0,275.0,700.0,38.0,350.0,1
425.0,30.0,605.0,67.5,105.0,45.0,525.0,74.0,615.0,52.0,40.0,34.0,36.0,26.0,25.0,15.0,15.0,ALUMINIUM,37.0,46.0,42.0,330.0,350.0,16.0,18.0,True,True,142.0,2.0,1.1,1.25,1.15,1.0,1.05,1.3,716.0,47.0,716.0,47.0,1,0,False,1,1,68.0,35.0,0.0,35.0,False,False,False,False,True,12,1,False,192.0,192.0,192.0,SPOKED,SPOKED,0,0,0.0,0.0,280.0,710.0,37.0,360.0,1
440.0,35.0,600.0,66.5,110.0,45.0,530.0,73.5,620.0,48.0,40.0,33.0,37.0,25.0,26.0,16.0,16.0,ALUMINIUM,34.0,44.0,41.0,332.0,348.0,16.0,18.0,True,True,142.0,2.0,1.0,1.2,1.1,1.0,1.0,1.2,700.0,45.0,700.0,45.0,1,1,False,1,1,67.0,34.0,0.0,34.0,True,False,False,False,True,11,2,True,192.0,192.0,192.0,SPOKED,SPOKED,0,0,0.0,0.0,270.0,710.0,39.0,370.0,1
435.5,32.0,615.0,67.0,98.0,45.0,515.0,72.0,605.0,50.0,40.0,32.0,36.0,26.0,25.0,14.0,15.0,ALUMINIUM,36.0,47.0,40.0,330.0,350.0,16.0,18.0,True,True,142.0,2.0,1.0,1.2,1.1,1.0,1.0,1.2,716.0,47.0,716.0,47.0,1,0,False,1,1,68.0,34.0,0.0,35.0,True,True,False,False,True,11,1,False,192.0,192.0,192.0,SPOKED,SPOKED,0,0,0.0,0.0,280.0,700.0,38.0,360.0,1
445.0,28.0,600.0,68.0,100.0,45.0,530.0,74.0,620.0,55.0,40.0,33.0,38.0,25.0,27.0,15.0,14.0,ALUMINIUM,35.0,45.0,39.0,335.0,355.0,16.0,18.0,False,False,142.0,2.0,1.2,1.1,1.1,1.0,1.0,1.3,720.0,48.0,720.0,48.0,1,0,False,1,1,68.0,36.0,0.0,36.0,False,True,False,False,True,12,2,True,192.0,192.0,192.0,SPOKED,SPOKED,0,0,0.0,0.0,285.0,705.0,40.0,365.0,1
430.0,35.0,620.0,66.0,95.0,45.0,520.0,75.0,610.0,50.0,40.0,30.0,36.0,26.0,26.0,15.0,15.0,ALUMINIUM,33.0,46.0,42.0,330.0,350.0,16.0,18.0,False,True,142.0,2.0,1.1,1.2,1.0,1.0,1.0,1.2,716.0,47.0,716.0,47.0,1,2,False,1,1,68.0,34.0,0.0,34.0,False,False,True,False,True,11,1,False,192.0,192.0,192.0,SPOKED,SPOKED,0,0,0.0,0.0,280.0,715.0,38.0,355.0,1
438.0,32.0,610.0,68.5,102.0,45.0,525.0,73.5,615.0,52.0,40.0,34.0,39.0,25.0,24.0,15.0,14.0,ALUMINIUM,38.0,44.0,41.0,332.0,352.0,16.0,18.0,True,False,142.0,2.0,1.1,1.2,1.1,1.0,1.0,1.2,718.0,47.0,718.0,47.0,1,1,False,1,1,67.0,35.0,0.0,35.0,True,False,False,True,True,10,1,True,192.0,192.0,192.0,SPOKED,SPOKED,0,0,0.0,0.0,275.0,705.0,39.0,350.0,1
442.0,30.0,615.0,67.0,108.0,45.0,515.0,74.5,620.0,50.0,40.0,32.0,37.0,26.0,25.0,15.0,15.0,ALUMINIUM,36.0,47.0,40.0,330.0,350.0,16.0,18.0,True,True,142.0,2.0,1.0,1.25,1.15,1.0,1.0,1.2,716.0,47.0,716.0,47.0,1,0,False,1,1,68.0,34.0,0.0,34.0,False,True,False,False,True,12,2,False,192.0,192.0,192.0,SPOKED,SPOKED,0,0,0.0,0.0,280.0,710.0,36.0,360.0,1
435.0,34.0,605.0,66.0,100.0,45.0,530.0,73.0,605.0,54.0,40.0,31.0,38.0,25.0,27.0,14.0,16.0,ALUMINIUM,35.0,46.0,42.0,332.0,352.0,16.0,18.0,False,False,142.0,2.0,1.1,1.2,1.1,1.0,1.0,1.2,718.0,47.0,718.0,47.0,1,2,False,1,1,70.0,36.0,0.0,36.0,True,True,True,True,True,11,1,True,192.0,192.0,192.0,SPOKED,SPOKED,0,0,0.0,0.0,275.0,700.0,37.0,355.0,1
440.0,30.0,620.0,67.0,105.0,45.0,520.0,74.0,620.0,53.0,40.0,33.0,36.0,24.0,26.0,15.0,15.0,ALUMINIUM,37.0,45.0,41.0,330.0,350.0,16.0,18.0,True,False,142.0,2.0,1.2,1.3,1.2,1.0,1.0,1.2,720.0,48.0,720.0,48.0,1,0,False,1,1,67.0,35.0,0.0,35.0,False,False,False,False,True,12,2,False,192.0,192.0,192.0,SPOKED,SPOKED,0,0,0.0,0.0,280.0,730.0,36.0,380.0,1
425.0,70.0,640.0,67.0,140.0,45.0,530.0,74.0,610.0,45.0,45.0,28.6,36.5,23.35,23.35,13.0,15.0,ALUMINIUM,35.0,45.0,45.0,0.0,0.0,0.0,0.0,False,False,142.0,2.0,0.9,1.1,0.9,1.2,1.0,0.9,674.0,52.0,674.0,52.0,1,1,False,1,1,73.0,45.0,0.0,31.8,True,True,False,False,True,11,1,False,192.0,192.0,192.0,SPOKED,SPOKED,1,1,80.0,80.0,278.0,300.0,26.8,300.0,1
430.0,68.0,645.0,66.5,135.0,45.0,525.0,74.5,605.0,45.0,45.0,28.6,36.5,23.35,23.35,13.0,15.0,ALUMINIUM,32.0,42.0,48.0,0.0,0.0,0.0,0.0,False,False,142.0,2.0,0.9,1.1,0.9,1.2,1.0,0.9,674.0,52.0,674.0,52.0,1,1,False,1,1,73.0,45.0,0.0,31.8,True,True,False,False,True,11,1,False,192.0,192.0,192.0,SPOKED,SPOKED,1,1,80.0,80.0,278.0,300.0,26.8,300.0,1
435.0,72.0,650.0,68.0,150.0,45.0,540.0,73.0,615.0,45.0,45.0,28.6,36.5,23.35,23.35,13.0,15.0,ALUMINIUM,38.0,48.0,50.0,0.0,0.0,0.0,0.0,False,False,142.0,2.0,0.9,1.1,0.9,1.2,1.0,0.9,674.0,52.0,674.0,52.0,1,1,False,1,1,73.0,45.0,0.0,31.8,True,True,False,False,True,11,1,False,192.0,192.0,192.0,SPOKED,SPOKED,1,1,80.0,80.0,278.0,300.0,26.8,300.0,1
420.0,70.0,635.0,67.5,130.0,45.0,550.0,73.5,620.0,45.0,45.0,28.6,36.5,23.35,23.35,13.0,15.0,ALUMINIUM,30.0,40.0,43.0,0.0,0.0,0.0,0.0,False,False,142.0,2.0,0.9,1.1,0.9,1.2,1.0,0.9,674.0,52.0,674.0,52.0,1,1,False,1,1,73.0,45.0,0.0,31.8,True,True,False,False,True,11,1,False,192.0,192.0,192.0,SPOKED,SPOKED,1,1,80.0,80.0,278.0,300.0,26.8,300.0,1
440.0,69.0,638.0,66.0,145.0,45.0,535.0,75.0,600.0,45.0,45.0,28.6,36.5,23.35,23.35,13.0,15.0,ALUMINIUM,37.0,47.0,46.0,0.0,0.0,0.0,0.0,False,False,142.0,2.0,0.9,1.1,0.9,1.2,1.0,0.9,674.0,52.0,674.0,52.0,1,1,False,1,1,73.0,45.0,0.0,31.8,True,True,False,False,True,11,1,False,192.0,192.0,192.0,SPOKED,SPOKED,1,1,80.0,80.0,278.0,300.0,26.8,300.0,1
428.0,71.0,642.0,67.2,138.0,45.0,528.0,74.2,612.0,45.0,45.0,28.6,36.5,23.35,23.35,13.0,15.0,ALUMINIUM,36.0,44.0,44.0,0.0,0.0,0.0,0.0,False,False,142.0,2.0,0.9,1.1,0.9,1.2,1.0,0.9,674.0,52.0,674.0,52.0,1,1,False,1,1,73.0,45.0,0.0,31.8,True,True,False,False,True,11,1,False,192.0,192.0,192.0,SPOKED,SPOKED,1,1,80.0,80.0,278.0,300.0,26.8,300.0,1
432.0,70.0,637.0,66.8,142.0,45.0,532.0,73.8,608.0,45.0,45.0,28.6,36.5,23.35,23.35,13.0,15.0,ALUMINIUM,34.0,43.0,47.0,0.0,0.0,0.0,0.0,False,False,142.0,2.0,0.9,1.1,0.9,1.2,1.0,0.9,674.0,52.0,674.0,52.0,1,1,False,1,1,73.0,45.0,0.0,31.8,True,True,False,False,True,11,1,False,192.0,192.0,192.0,SPOKED,SPOKED,1,1,80.0,80.0,278.0,300.0,26.8,300.0,1
438.0,67.0,655.0,67.7,148.0,45.0,545.0,73.3,618.0,45.0,45.0,28.6,36.5,23.35,23.35,13.0,15.0,ALUMINIUM,39.0,49.0,49.0,0.0,0.0,0.0,0.0,False,False,142.0,2.0,0.9,1.1,0.9,1.2,1.0,0.9,674.0,52.0,674.0,52.0,1,1,False,1,1,73.0,45.0,0.0,31.8,True,True,False,False,True,11,1,False,192.0,192.0,192.0,SPOKED,SPOKED,1,1,80.0,80.0,278.0,300.0,26.8,300.0,1
422.0,73.0,630.0,68.2,133.0,45.0,522.0,74.7,602.0,45.0,45.0,28.6,36.5,23.35,23.35,13.0,15.0,ALUMINIUM,31.0,41.0,42.0,0.0,0.0,0.0,0.0,False,False,142.0,2.0,0.9,1.1,0.9,1.2,1.0,0.9,674.0,52.0,674.0,52.0,1,1,False,1,1,73.0,45.0,0.0,31.8,True,True,False,False,True,11,1,False,192.0,192.0,192.0,SPOKED,SPOKED,1,1,80.0,80.0,278.0,300.0,26.8,300.0,1
436.0,66.0,648.0,67.9,147.0,45.0,538.0,73.6,617.0,45.0,45.0,28.6,36.5,23.35,23.35,13.0,15.0,ALUMINIUM,38.5,46.5,48.5,0.0,0.0,0.0,0.0,False,False,142.0,2.0,0.9,1.1,0.9,1.2,1.0,0.9,674.0,52.0,674.0,52.0,1,1,False,1,1,73.0,45.0,0.0,31.8,True,True,False,False,True,11,1,False,192.0,192.0,192.0,SPOKED,SPOKED,1,1,80.0,80.0,278.0,300.0,26.8,300.0,1
420.0,70.0,620.0,67.0,110.0,45.0,550.0,73.0,650.0,45.0,45.0,30.0,36.5,23.35,23.0,13.0,15.0,ALUMINIUM,35.0,40.0,45.0,330.0,350.0,16.0,18.0,False,False,135.0,2.0,0.9,1.1,0.9,1.2,1.0,0.9,715.0,60.0,715.0,60.0,1,1,False,1,1,68.0,45.0,0.0,31.8,True,True,False,False,True,12,1,False,192.0,192.0,192.0,SPOKED,SPOKED,1,1,80.0,80.0,280.0,637.0,280.0,700.0,1
425.0,68.0,630.0,66.0,120.0,45.0,560.0,74.0,660.0,46.0,45.0,30.5,36.5,23.0,23.5,13.0,15.0,ALUMINIUM,37.0,42.0,47.0,330.0,350.0,16.0,18.0,False,False,135.0,2.0,0.95,1.1,0.95,1.25,1.0,0.95,700.0,55.0,700.0,55.0,1,2,False,1,1,68.0,47.0,0.0,32.0,True,False,False,False,True,11,1,False,192.0,192.0,192.0,SPOKED,SPOKED,1,1,80.0,80.0,275.0,640.0,285.0,710.0,1
415.0,72.0,605.0,68.0,115.0,45.0,545.0,73.5,655.0,44.0,45.0,29.0,36.5,23.0,22.5,13.0,15.0,ALUMINIUM,34.0,38.0,44.0,330.0,350.0,16.0,18.0,False,False,130.0,2.0,0.9,1.05,0.9,1.2,0.95,0.9,730.0,58.0,730.0,58.0,1,0,False,1,1,68.0,46.0,0.0,31.8,True,True,False,False,True,12,1,False,200.0,200.0,200.0,SPOKED,SPOKED,1,1,80.0,80.0,278.0,635.0,282.0,705.0,1
430.0,69.0,625.0,66.5,125.0,45.0,555.0,72.5,645.0,45.0,45.0,31.0,36.5,23.5,23.0,13.0,15.0,ALUMINIUM,38.0,39.0,46.0,330.0,350.0,16.0,18.0,False,False,140.0,2.0,1.0,1.2,0.9,1.3,1.0,1.0,710.0,57.0,710.0,57.0,1,1,False,1,1,68.0,48.0,0.0,31.8,True,True,False,False,True,11,2,False,192.0,192.0,192.0,SPOKED,SPOKED,1,1,80.0,80.0,285.0,639.0,288.0,715.0,1
410.0,71.0,615.0,67.5,112.0,45.0,565.0,73.0,658.0,46.0,45.0,30.0,36.5,23.0,23.0,14.0,16.0,ALUMINIUM,36.0,41.0,45.0,330.0,350.0,16.0,18.0,False,False,135.0,2.0,0.9,1.1,0.9,1.2,0.9,0.9,720.0,60.0,720.0,60.0,1,2,False,1,1,68.0,45.0,0.0,32.0,False,True,False,False,True,10,1,False,190.0,190.0,190.0,SPOKED,SPOKED,1,1,80.0,80.0,279.0,636.0,280.0,702.0,1
435.0,70.0,635.0,66.2,118.0,45.0,550.0,74.0,652.0,44.0,45.0,30.0,36.5,23.0,23.0,13.0,15.0,ALUMINIUM,39.0,43.0,48.0,330.0,350.0,16.0,18.0,False,False,138.0,2.1,0.9,1.1,0.9,1.2,1.0,0.9,705.0,59.0,705.0,59.0,1,1,False,1,1,68.0,46.0,0.0,31.8,True,False,False,False,True,12,1,False,192.0,192.0,192.0,SPOKED,SPOKED,1,1,80.0,80.0,281.0,638.0,283.0,708.0,1
425.0,69.5,640.0,67.8,104.0,45.0,545.0,73.2,648.0,45.0,45.0,29.5,36.5,23.0,23.0,13.0,15.0,ALUMINIUM,35.0,37.0,44.0,330.0,350.0,16.0,18.0,False,False,132.0,1.9,0.9,1.1,0.9,1.2,1.0,0.9,715.0,57.0,715.0,57.0,1,2,False,1,1,68.0,45.0,0.0,31.8,False,True,False,False,True,11,2,False,192.0,192.0,192.0,SPOKED,SPOKED,1,1,80.0,80.0,276.0,637.0,281.0,705.0,1
415.0,70.5,630.0,68.0,113.0,45.0,560.0,73.0,655.0,46.0,45.0,30.2,36.5,23.0,23.0,13.0,15.0,ALUMINIUM,38.0,40.0,46.0,330.0,350.0,16.0,18.0,False,False,134.0,2.0,0.95,1.1,0.9,1.2,1.0,0.95,725.0,60.0,725.0,60.0,1,1,False,1,1,68.0,47.0,0.0,31.8,True,True,False,False,True,12,1,False,192.0,192.0,192.0,SPOKED,SPOKED,1,1,80.0,80.0,282.0,639.0,285.0,712.0,1
445.0,71.0,645.0,66.0,120.0,45.0,550.0,72.8,660.0,45.0,45.0,30.0,36.5,23.0,23.0,14.0,15.0,ALUMINIUM,40.0,42.0,47.0,330.0,350.0,16.0,18.0,False,False,136.0,2.0,1.0,1.2,0.9,1.3,1.0,1.0,710.0,55.0,710.0,55.0,1,0,False,1,1,68.0,49.0,0.0,32.0,True,True,False,False,True,10,1,False,192.0,192.0,192.0,SPOKED,SPOKED,1,1,80.0,80.0,276.0,637.0,289.0,707.0,1
420.0,70.0,635.0,67.0,118.0,45.0,555.0,73.0,652.0,46.0,45.0,29.8,36.5,23.0,23.0,13.0,15.0,ALUMINIUM,39.0,41.0,46.0,330.0,350.0,16.0,18.0,False,False,133.0,2.0,0.9,1.1,0.9,1.2,1.0,0.9,720.0,58.0,720.0,58.0,1,1,False,1,1,68.0,46.0,0.0,31.8,False,True,False,False,True,12,1,False,192.0,192.0,192.0,SPOKED,SPOKED,1,1,80.0,80.0,280.0,637.0,283.0,709.0,1
430.0,65.0,620.0,67.0,120.0,50.0,500.0,73.0,640.0,50.0,45.0,28.6,36.5,23.35,23.35,15.0,15.0,ALUMINIUM,30.0,40.0,50.0,0.0,0.0,0.0,0.0,False,False,135.0,2.0,1.0,1.0,1.2,1.2,1.2,1.0,682.0,60.0,682.0,60.0,1,1,False,1,1,68.0,35.0,0.0,31.6,False,False,False,False,True,11,2,False,192.0,192.0,192.0,SPOKED,SPOKED,0,0,0.0,0.0,280.0,740.0,36.5,400.0,1
435.0,63.0,630.0,68.0,125.0,48.0,510.0,73.0,650.0,47.0,45.0,28.6,36.5,23.35,23.35,15.0,15.0,ALUMINIUM,32.0,42.0,52.0,0.0,0.0,0.0,0.0,False,False,135.0,2.0,1.0,1.0,1.2,1.2,1.2,1.0,682.0,60.0,682.0,60.0,1,1,False,1,1,68.0,35.0,0.0,31.6,False,False,False,False,True,11,2,False,192.0,192.0,192.0,SPOKED,SPOKED,0,0,0.0,0.0,280.0,740.0,36.5,400.0,1
425.0,67.0,615.0,66.0,115.0,52.0,520.0,73.0,630.0,55.0,45.0,28.6,36.5,23.35,23.35,15.0,15.0,ALUMINIUM,28.0,38.0,48.0,0.0,0.0,0.0,0.0,False,False,135.0,2.0,1.0,1.0,1.2,1.2,1.2,1.0,682.0,60.0,682.0,60.0,1,1,False,1,1,68.0,35.0,0.0,31.6,False,False,False,False,True,11,2,False,192.0,192.0,192.0,SPOKED,SPOKED,0,0,0.0,0.0,280.0,740.0,36.5,400.0,1
440.0,64.0,640.0,69.0,130.0,46.0,480.0,73.0,655.0,52.0,45.0,28.6,36.5,23.35,23.35,15.0,15.0,ALUMINIUM,35.0,45.0,55.0,0.0,0.0,0.0,0.0,False,False,135.0,2.0,1.0,1.0,1.2,1.2,1.2,1.0,682.0,60.0,682.0,60.0,1,1,False,1,1,68.0,35.0,0.0,31.6,False,False,False,False,True,11,2,False,192.0,192.0,192.0,SPOKED,SPOKED,0,0,0.0,0.0,280.0,740.0,36.5,400.0,1
420.0,66.0,625.0,70.0,128.0,54.0,525.0,73.0,645.0,48.0,45.0,28.6,36.5,23.35,23.35,15.0,15.0,ALUMINIUM,29.0,39.0,49.0,0.0,0.0,0.0,0.0,False,False,135.0,2.0,1.0,1.0,1.2,1.2,1.2,1.0,682.0,60.0,682.0,60.0,1,1,False,1,1,68.0,35.0,0.0,31.6,False,False,False,False,True,11,2,False,192.0,192.0,192.0,SPOKED,SPOKED,0,0,0.0,0.0,280.0,740.0,36.5,400.0,1
438.0,65.0,635.0,71.0,122.0,49.0,515.0,73.0,660.0,46.0,45.0,28.6,36.5,23.35,23.35,15.0,15.0,ALUMINIUM,34.0,44.0,54.0,0.0,0.0,0.0,0.0,False,False,135.0,2.0,1.0,1.0,1.2,1.2,1.2,1.0,682.0,60.0,682.0,60.0,1,1,False,1,1,68.0,35.0,0.0,31.6,False,False,False,False,True,11,2,False,192.0,192.0,192.0,SPOKED,SPOKED,0,0,0.0,0.0,280.0,740.0,36.5,400.0,1
432.0,62.0,605.0,72.0,118.0,51.0,495.0,73.0,625.0,53.0,45.0,28.6,36.5,23.35,23.35,15.0,15.0,ALUMINIUM,31.0,41.0,51.0,0.0,0.0,0.0,0.0,False,False,135.0,2.0,1.0,1.0,1.2,1.2,1.2,1.0,682.0,60.0,682.0,60.0,1,1,False,1,1,68.0,35.0,0.0,31.6,False,False,False,False,True,11,2,False,192.0,192.0,192.0,SPOKED,SPOKED,0,0,0.0,0.0,280.0,740.0,36.5,400.0,1
428.0,68.0,650.0,73.0,127.0,47.0,505.0,73.0,635.0,49.0,45.0,28.6,36.5,23.35,23.35,15.0,15.0,ALUMINIUM,33.0,43.0,53.0,0.0,0.0,0.0,0.0,False,False,135.0,2.0,1.0,1.0,1.2,1.2,1.2,1.0,682.0,60.0,682.0,60.0,1,1,False,1,1,68.0,35.0,0.0,31.6,False,False,False,False,True,11,2,False,192.0,192.0,192.0,SPOKED,SPOKED,0,0,0.0,0.0,280.0,740.0,36.5,400.0,1
435.0,65.0,640.0,67.5,124.0,53.0,510.0,73.0,650.0,51.0,45.0,28.6,36.5,23.35,23.35,15.0,15.0,ALUMINIUM,30.0,40.0,50.0,0.0,0.0,0.0,0.0,False,False,135.0,2.0,1.0,1.0,1.2,1.2,1.2,1.0,682.0,60.0,682.0,60.0,1,1,False,1,1,68.0,35.0,0.0,31.6,False,False,False,False,True,11,2,False,192.0,192.0,192.0,SPOKED,SPOKED,0,0,0.0,0.0,280.0,740.0,36.5,400.0,1
430.0,64.0,615.0,68.5,121.0,50.0,500.0,73.0,640.0,50.0,45.0,28.6,36.5,23.35,23.35,15.0,15.0,ALUMINIUM,32.0,42.0,52.0,0.0,0.0,0.0,0.0,False,False,135.0,2.0,1.0,1.0,1.2,1.2,1.2,1.0,682.0,60.0,682.0,60.0,1,1,False,1,1,68.0,35.0,0.0,31.6,False,False,False,False,True,11,2,False,192.0,192.0,192.0,SPOKED,SPOKED,0,0,0.0,0.0,280.0,740.0,36.5,400.0,1
430.0,70.0,600.0,66.0,100.0,45.0,550.0,74.0,650.0,46.0,40.0,27.0,34.0,28.0,25.0,15.0,9.0,ALUMINIUM,30.0,30.0,45.0,0.0,0.0,0.0,0.0,False,False,135.0,2.0,1.2,1.2,1.5,1.2,1.2,1.2,737.0,115.0,737.0,115.0,1,1,False,1,1,68.0,35.0,0.0,31.8,True,True,False,False,True,11,1,False,192.0,192.0,192.0,SPOKED,SPOKED,0,0,0.0,0.0,280.0,300.0,34.0,350.0,1
425.0,72.0,590.0,67.0,105.0,45.0,555.0,73.5,655.0,46.0,40.0,27.0,34.0,28.0,25.0,15.0,9.0,ALUMINIUM,32.0,32.0,47.0,0.0,0.0,0.0,0.0,False,False,148.0,2.0,1.2,1.2,1.5,1.2,1.2,1.2,737.0,115.0,737.0,115.0,1,2,False,1,1,68.0,35.0,0.0,31.8,True,False,True,True,True,11,1,False,192.0,192.0,192.0,SPOKED,SPOKED,0,0,0.0,0.0,290.0,310.0,34.0,360.0,1
440.0,68.0,610.0,65.0,95.0,45.0,545.0,75.0,640.0,46.0,40.0,27.0,34.0,28.0,25.0,15.0,9.0,ALUMINIUM,28.0,28.0,43.0,0.0,0.0,0.0,0.0,False,False,135.0,2.0,1.2,1.2,1.5,1.2,1.2,1.2,737.0,115.0,737.0,115.0,1,0,False,1,1,68.0,35.0,0.0,31.8,False,True,True,False,True,11,1,False,192.0,192.0,192.0,SPOKED,SPOKED,0,0,0.0,0.0,270.0,295.0,34.0,340.0,1
420.0,68.0,605.0,66.5,110.0,45.0,560.0,74.5,660.0,46.0,40.0,27.0,34.0,28.0,25.0,15.0,9.0,ALUMINIUM,35.0,30.0,50.0,0.0,0.0,0.0,0.0,False,False,135.0,2.0,1.2,1.2,1.5,1.2,1.2,1.2,737.0,115.0,737.0,115.0,1,1,False,1,1,68.0,35.0,0.0,31.8,False,False,False,False,True,11,1,False,192.0,192.0,192.0,SPOKED,SPOKED,0,0,0.0,0.0,285.0,320.0,34.0,330.0,1
435.0,69.0,595.0,67.5,98.0,45.0,552.0,73.0,648.0,46.0,40.0,27.0,34.0,28.0,25.0,15.0,9.0,ALUMINIUM,29.0,31.0,46.0,0.0,0.0,0.0,0.0,False,False,135.0,2.0,1.2,1.2,1.5,1.2,1.2,1.2,737.0,115.0,737.0,115.0,1,2,False,1,1,68.0,35.0,0.0,31.8,True,False,False,True,True,11,1,False,192.0,192.0,192.0,SPOKED,SPOKED,0,0,0.0,0.0,295.0,310.0,34.0,350.0,1
420.0,70.0,620.0,66.0,102.0,45.0,555.0,74.0,655.0,46.0,40.0,27.0,34.0,28.0,25.0,15.0,9.0,ALUMINIUM,31.0,29.0,48.0,0.0,0.0,0.0,0.0,False,False,135.0,2.0,1.2,1.2,1.5,1.2,1.2,1.2,737.0,115.0,737.0,115.0,1,1,False,1,1,68.0,35.0,0.0,31.8,True,True,True,False,True,11,1,False,192.0,192.0,192.0,SPOKED,SPOKED,0,0,0.0,0.0,275.0,305.0,34.0,345.0,1
430.0,67.0,585.0,65.5,103.0,45.0,548.0,75.0,645.0,46.0,40.0,27.0,34.0,28.0,25.0,15.0,9.0,ALUMINIUM,30.0,33.0,44.0,0.0,0.0,0.0,0.0,False,False,135.0,2.0,1.2,1.2,1.5,1.2,1.2,1.2,737.0,115.0,737.0,115.0,1,0,False,1,1,68.0,35.0,0.0,31.8,False,False,True,True,True,11,1,False,192.0,192.0,192.0,SPOKED,SPOKED,0,0,0.0,0.0,290.0,330.0,34.0,360.0,1
425.0,71.0,615.0,66.2,99.0,45.0,558.0,74.8,660.0,46.0,40.0,27.0,34.0,28.0,25.0,15.0,9.0,ALUMINIUM,33.0,30.0,49.0,0.0,0.0,0.0,0.0,False,False,148.0,2.0,1.2,1.2,1.5,1.2,1.2,1.2,737.0,115.0,737.0,115.0,1,1,False,1,1,68.0,35.0,0.0,31.8,True,False,False,False,True,11,1,False,192.0,192.0,192.0,SPOKED,SPOKED,0,0,0.0,0.0,300.0,315.0,34.0,355.0,1
440.0,69.0,605.0,66.8,102.0,45.0,550.0,73.2,650.0,46.0,40.0,27.0,34.0,28.0,25.0,15.0,9.0,ALUMINIUM,32.0,31.0,47.0,0.0,0.0,0.0,0.0,False,False,135.0,2.0,1.2,1.2,1.5,1.2,1.2,1.2,737.0,115.0,737.0,115.0,1,2,False,1,1,68.0,35.0,0.0,31.8,False,True,True,False,True,11,1,False,192.0,192.0,192.0,SPOKED,SPOKED,0,0,0.0,0.0,285.0,325.0,34.0,350.0,1
430.0,68.0,595.0,67.1,97.0,45.0,555.0,74.3,660.0,46.0,40.0,27.0,34.0,28.0,25.0,15.0,9.0,ALUMINIUM,28.0,30.0,45.0,0.0,0.0,0.0,0.0,False,False,135.0,2.0,1.2,1.2,1.5,1.2,1.2,1.2,737.0,115.0,737.0,115.0,1,1,False,1,1,68.0,35.0,0.0,31.8,True,True,False,True,True,11,1,False,192.0,192.0,192.0,SPOKED,SPOKED,0,0,0.0,0.0,280.0,320.0,34.0,345.0,1
430.0,30.0,600.0,67.0,120.0,45.0,530.0,73.0,610.0,45.0,40.0,35.0,40.0,30.0,30.0,20.0,15.0,ALUMINIUM,30.0,40.0,30.0,0.0,0.0,0.0,0.0,False,False,135.0,2.0,1.0,1.0,1.0,1.0,1.0,1.0,672.0,50.0,672.0,50.0,1,1,False,1,1,68.0,44.0,0.0,34.0,False,False,False,False,True,11,1,False,192.0,192.0,192.0,SPOKED,SPOKED,0,0,0.0,0.0,250.0,700.0,45.0,300.0,1
435.0,32.0,610.0,66.0,130.0,47.0,540.0,74.0,620.0,50.0,40.0,35.0,40.0,30.0,30.0,20.0,15.0,ALUMINIUM,32.0,42.0,32.0,0.0,0.0,0.0,0.0,False,False,135.0,2.0,1.0,1.0,1.0,1.0,1.0,1.0,672.0,50.0,672.0,50.0,1,1,False,1,1,68.0,44.0,0.0,34.0,False,False,False,False,True,12,1,False,192.0,192.0,192.0,SPOKED,SPOKED,0,0,0.0,0.0,252.0,710.0,45.0,310.0,1
425.0,28.0,595.0,68.0,110.0,43.0,520.0,72.0,600.0,48.0,40.0,35.0,40.0,30.0,30.0,20.0,15.0,ALUMINIUM,28.0,38.0,28.0,0.0,0.0,0.0,0.0,False,False,135.0,2.0,1.0,1.0,1.0,1.0,1.0,1.0,672.0,50.0,672.0,50.0,1,1,False,1,1,68.0,44.0,0.0,34.0,False,False,False,False,True,11,2,False,192.0,192.0,192.0,SPOKED,SPOKED,0,0,0.0,0.0,260.0,690.0,45.0,290.0,1
445.0,35.0,620.0,65.0,140.0,46.0,550.0,75.0,630.0,45.0,40.0,35.0,40.0,30.0,30.0,20.0,15.0,ALUMINIUM,35.0,45.0,35.0,0.0,0.0,0.0,0.0,False,False,135.0,2.0,1.0,1.0,1.0,1.0,1.0,1.0,672.0,50.0,672.0,50.0,1,1,False,1,1,68.0,44.0,0.0,34.0,False,False,False,False,True,11,1,False,192.0,192.0,192.0,SPOKED,SPOKED,0,0,0.0,0.0,255.0,720.0,45.0,305.0,1
438.0,31.0,605.0,67.5,125.0,46.5,545.0,74.2,615.0,47.0,40.0,35.0,40.0,30.0,30.0,20.0,15.0,ALUMINIUM,31.0,41.0,31.0,0.0,0.0,0.0,0.0,False,False,135.0,2.0,1.0,1.0,1.0,1.0,1.0,1.0,672.0,50.0,672.0,50.0,1,1,False,1,1,68.0,44.0,0.0,34.0,False,False,False,False,True,10,2,False,192.0,192.0,192.0,SPOKED,SPOKED,0,0,0.0,0.0,252.0,705.0,45.0,295.0,1
432.0,29.0,590.0,68.5,115.0,44.0,525.0,73.5,605.0,46.0,40.0,35.0,40.0,30.0,30.0,20.0,15.0,ALUMINIUM,29.0,39.0,29.0,0.0,0.0,0.0,0.0,False,False,135.0,2.0,1.0,1.0,1.0,1.0,1.0,1.0,672.0,50.0,672.0,50.0,1,1,False,1,1,68.0,44.0,0.0,34.0,False,False,False,False,True,12,1,False,192.0,192.0,192.0,SPOKED,SPOKED,0,0,0.0,0.0,248.0,695.0,45.0,285.0,1
442.0,33.0,615.0,66.8,135.0,45.5,555.0,73.8,625.0,49.0,40.0,35.0,40.0,30.0,30.0,20.0,15.0,ALUMINIUM,33.0,43.0,33.0,0.0,0.0,0.0,0.0,False,False,135.0,2.0,1.0,1.0,1.0,1.0,1.0,1.0,672.0,50.0,672.0,50.0,1,1,False,1,1,68.0,44.0,0.0,34.0,False,False,False,False,True,11,2,False,192.0,192.0,192.0,SPOKED,SPOKED,0,0,0.0,0.0,256.0,715.0,45.0,315.0,1
428.0,27.0,585.0,69.0,105.0,42.0,515.0,72.5,595.0,44.0,40.0,35.0,40.0,30.0,30.0,20.0,15.0,ALUMINIUM,27.0,37.0,27.0,0.0,0.0,0.0,0.0,False,False,135.0,2.0,1.0,1.0,1.0,1.0,1.0,1.0,672.0,50.0,672.0,50.0,1,1,False,1,1,68.0,44.0,0.0,34.0,False,False,False,False,True,10,1,False,192.0,192.0,192.0,SPOKED,SPOKED,0,0,0.0,0.0,245.0,685.0,45.0,275.0,1
450.0,34.0,625.0,65.5,138.0,47.0,560.0,74.5,635.0,52.0,40.0,35.0,40.0,30.0,30.0,20.0,15.0,ALUMINIUM,34.0,44.0,34.0,0.0,0.0,0.0,0.0,False,False,135.0,2.0,1.0,1.0,1.0,1.0,1.0,1.0,672.0,50.0,672.0,50.0,1,1,False,1,1,68.0,44.0,0.0,34.0,False,False,False,False,True,11,1,False,192.0,192.0,192.0,SPOKED,SPOKED,0,0,0.0,0.0,258.0,722.0,45.0,320.0,1
436.0,30.0,600.0,67.2,122.0,45.2,545.0,73.2,618.0,46.5,40.0,35.0,40.0,30.0,30.0,20.0,15.0,ALUMINIUM,30.0,40.0,30.0,0.0,0.0,0.0,0.0,False,False,135.0,2.0,1.0,1.0,1.0,1.0,1.0,1.0,672.0,50.0,672.0,50.0,1,1,False,1,1,68.0,44.0,0.0,34.0,False,False,False,False,True,12,2,False,192.0,192.0,192.0,SPOKED,SPOKED,0,0,0.0,0.0,254.0,708.0,45.0,288.0,1
445.0,65.0,590.0,67.0,120.0,50.0,520.0,73.0,620.0,45.0,40.0,35.0,45.0,32.0,27.0,15.0,15.0,ALUMINIUM,40.0,45.0,40.0,0.0,0.0,0.0,0.0,False,False,135.0,2.0,1.0,1.5,1.2,1.0,1.0,1.0,736.0,57.0,736.0,57.0,1,1,False,1,1,68.0,44.0,0.0,35.0,False,False,False,False,True,10,2,False,192.0,192.0,192.0,SPOKED,SPOKED,0,0,0.9,0.9,280.0,645.0,44.0,300.0,1
450.0,62.0,600.0,66.0,130.0,52.0,530.0,72.0,630.0,47.0,40.0,36.0,46.0,33.0,28.0,16.0,16.0,ALUMINIUM,42.0,46.0,42.0,0.0,0.0,0.0,0.0,False,False,135.0,2.0,1.0,1.5,1.2,1.0,1.0,1.0,736.0,57.0,736.0,57.0,1,0,False,1,1,68.0,44.0,0.0,35.0,False,False,False,False,True,12,1,False,192.0,192.0,192.0,SPOKED,SPOKED,0,0,0.9,0.9,275.0,640.0,46.0,310.0,1
440.0,68.0,580.0,65.0,110.0,48.0,550.0,74.0,610.0,43.0,40.0,34.0,44.0,30.0,26.0,15.0,15.0,ALUMINIUM,38.0,43.0,38.0,0.0,0.0,0.0,0.0,False,False,135.0,2.0,1.0,1.5,1.2,1.0,1.0,1.0,736.0,57.0,736.0,57.0,1,2,False,1,1,68.0,44.0,0.0,35.0,False,False,False,False,True,11,2,False,192.0,192.0,192.0,SPOKED,SPOKED,0,0,0.9,0.9,282.0,650.0,44.0,295.0,1
455.0,66.0,615.0,64.0,140.0,55.0,510.0,73.5,640.0,46.0,40.0,37.0,47.0,34.0,29.0,17.0,15.0,ALUMINIUM,45.0,40.0,45.0,0.0,0.0,0.0,0.0,False,False,135.0,2.5,1.0,1.5,1.2,1.0,1.0,1.0,736.0,57.0,736.0,57.0,1,1,False,1,1,68.0,44.0,0.0,35.0,False,False,False,False,True,9,3,False,192.0,192.0,192.0,SPOKED,SPOKED,0,0,0.9,0.9,278.0,642.0,45.0,305.0,1
435.0,63.0,605.0,66.5,115.0,50.0,540.0,72.5,625.0,45.5,40.0,33.0,43.0,31.0,27.0,16.0,14.0,ALUMINIUM,39.0,44.0,39.0,0.0,0.0,0.0,0.0,False,False,135.0,2.2,1.0,1.5,1.2,1.0,1.0,1.0,736.0,57.0,736.0,57.0,1,2,False,1,1,68.0,44.0,0.0,35.0,False,False,False,False,True,10,2,False,192.0,192.0,192.0,SPOKED,SPOKED,0,0,0.9,0.9,276.0,638.0,43.0,320.0,1
460.0,60.0,620.0,65.5,125.0,53.0,515.0,73.2,635.0,48.0,40.0,36.5,46.5,33.5,28.5,15.5,15.0,ALUMINIUM,41.0,45.0,41.0,0.0,0.0,0.0,0.0,False,False,135.0,2.0,1.0,1.5,1.2,1.0,1.0,1.0,736.0,57.0,736.0,57.0,1,2,False,1,1,68.0,44.0,0.0,35.0,False,False,False,False,True,11,2,False,192.0,192.0,192.0,SPOKED,SPOKED,0,0,0.9,0.9,285.0,655.0,46.5,290.0,1
430.0,67.0,595.0,67.5,118.0,49.0,545.0,72.8,615.0,44.0,40.0,35.5,45.5,32.5,27.5,15.0,15.0,ALUMINIUM,37.0,47.0,37.0,0.0,0.0,0.0,0.0,False,False,135.0,2.1,1.0,1.5,1.2,1.0,1.0,1.0,736.0,57.0,736.0,57.0,1,0,False,1,1,68.0,44.0,0.0,35.0,False,False,False,False,True,10,1,False,192.0,192.0,192.0,SPOKED,SPOKED,0,0,0.9,0.9,277.0,648.0,45.5,305.0,1
420.0,64.0,585.0,68.0,112.0,47.0,560.0,73.0,605.0,42.0,40.0,34.5,44.5,31.5,26.5,15.0,14.5,ALUMINIUM,36.0,43.5,36.0,0.0,0.0,0.0,0.0,False,False,135.0,2.0,1.0,1.5,1.2,1.0,1.0,1.0,736.0,57.0,736.0,57.0,1,1,False,1,1,68.0,44.0,0.0,35.0,False,False,False,False,True,9,2,False,192.0,192.0,192.0,SPOKED,SPOKED,0,0,0.9,0.9,273.0,630.0,44.5,315.0,1
465.0,61.0,630.0,66.0,135.0,56.0,500.0,74.2,650.0,49.0,40.0,37.5,47.5,34.5,29.5,17.0,15.0,ALUMINIUM,43.0,41.0,43.0,0.0,0.0,0.0,0.0,False,False,135.0,2.3,1.0,1.5,1.2,1.0,1.0,1.0,736.0,57.0,736.0,57.0,1,2,False,1,1,68.0,44.0,0.0,35.0,False,False,False,False,True,11,2,False,192.0,192.0,192.0,SPOKED,SPOKED,0,0,0.9,0.9,283.0,653.0,47.5,298.0,1
440.0,63.5,605.5,65.0,105.0,46.0,530.0,73.7,615.5,43.5,40.0,32.5,42.5,30.5,25.5,14.5,14.0,ALUMINIUM,35.0,46.5,35.0,0.0,0.0,0.0,0.0,False,False,135.0,2.0,1.0,1.5,1.2,1.0,1.0,1.0,736.0,57.0,736.0,57.0,1,1,False,1,1,68.0,44.0,0.0,35.0,False,False,False,False,True,10,2,False,192.0,192.0,192.0,SPOKED,SPOKED,0,0,0.9,0.9,272.0,638.0,42.5,305.0,1
430.0,68.0,580.0,67.0,120.0,45.0,500.0,73.0,650.0,45.0,40.0,25.0,30.0,20.0,20.0,13.0,9.0,ALUMINIUM,30.0,35.0,30.0,330.0,350.0,16.0,18.0,False,False,142.0,2.0,1.2,1.5,1.8,1.2,1.2,1.5,744.0,60.0,744.0,60.0,1,0,False,1,1,68.0,34.0,0.0,31.8,False,False,False,False,True,11,1,False,192.0,192.0,192.0,SPOKED,SPOKED,0,0,0.0,0.0,280.0,700.0,30.0,350.0,1
435.0,70.0,590.0,66.0,130.0,45.0,520.0,74.0,660.0,47.0,40.0,26.0,32.0,21.0,21.0,12.0,10.0,ALUMINIUM,32.0,36.0,28.0,330.0,350.0,16.0,18.0,False,False,142.0,2.0,1.2,1.5,1.8,1.2,1.2,1.5,744.0,60.0,744.0,60.0,1,1,False,1,1,68.0,34.0,0.0,31.8,False,False,False,False,True,12,1,False,210.0,205.0,195.0,SPOKED,SPOKED,0,0,0.0,0.0,280.0,700.0,30.0,350.0,1
425.0,67.0,575.0,68.0,115.0,45.0,510.0,72.0,640.0,44.0,40.0,24.0,29.0,19.0,19.0,14.0,8.0,ALUMINIUM,28.0,34.0,32.0,330.0,350.0,16.0,18.0,False,False,142.0,2.0,1.2,1.5,1.8,1.2,1.2,1.5,744.0,60.0,744.0,60.0,1,2,False,1,1,68.0,34.0,0.0,31.8,False,False,False,False,True,10,2,False,180.0,185.0,190.0,SPOKED,SPOKED,0,0,0.0,0.0,280.0,700.0,30.0,350.0,1
440.0,65.0,585.0,66.5,125.0,45.0,515.0,73.5,655.0,46.0,40.0,26.0,31.0,20.0,22.0,13.0,9.5,ALUMINIUM,30.0,35.0,30.0,330.0,350.0,16.0,18.0,False,False,142.0,2.0,1.2,1.5,1.8,1.2,1.2,1.5,744.0,60.0,744.0,60.0,1,0,False,1,1,68.0,34.0,0.0,31.8,False,False,False,False,True,11,1,False,195.0,200.0,205.0,SPOKED,SPOKED,0,0,0.0,0.0,280.0,700.0,30.0,350.0,1
430.0,69.0,595.0,67.5,118.0,45.0,505.0,72.5,645.0,45.0,40.0,25.0,30.0,20.0,20.0,13.0,9.0,ALUMINIUM,29.0,33.0,31.0,330.0,350.0,16.0,18.0,False,False,142.0,2.0,1.2,1.5,1.8,1.2,1.2,1.5,744.0,60.0,744.0,60.0,1,1,False,1,1,68.0,34.0,0.0,31.8,False,False,False,False,True,11,1,False,205.0,200.0,200.0,SPOKED,SPOKED,0,0,0.0,0.0,280.0,700.0,30.0,350.0,1
438.0,66.0,582.0,66.8,122.0,45.0,508.0,73.2,648.0,46.0,40.0,26.0,31.0,21.0,21.0,13.0,9.0,ALUMINIUM,31.0,35.0,29.0,330.0,350.0,16.0,18.0,False,False,142.0,2.0,1.2,1.5,1.8,1.2,1.2,1.5,744.0,60.0,744.0,60.0,1,2,False,1,1,68.0,34.0,0.0,31.8,False,False,False,False,True,12,1,False,190.0,195.0,200.0,SPOKED,SPOKED,0,0,0.0,0.0,280.0,700.0,30.0,350.0,1
432.0,68.0,588.0,67.2,127.0,45.0,515.0,73.8,655.0,47.0,40.0,25.0,30.0,20.0,22.0,12.0,10.0,ALUMINIUM,33.0,36.0,28.0,330.0,350.0,16.0,18.0,False,False,142.0,2.0,1.2,1.5,1.8,1.2,1.2,1.5,744.0,60.0,744.0,60.0,1,0,False,1,1,68.0,34.0,0.0,31.8,False,False,False,False,True,10,2,False,185.0,180.0,195.0,SPOKED,SPOKED,0,0,0.0,0.0,280.0,700.0,30.0,350.0,1
420.0,70.0,570.0,68.5,110.0,45.0,495.0,72.0,630.0,44.0,40.0,24.0,29.0,19.0,20.0,14.0,8.0,ALUMINIUM,27.0,32.0,33.0,330.0,350.0,16.0,18.0,False,False,142.0,2.0,1.2,1.5,1.8,1.2,1.2,1.5,744.0,60.0,744.0,60.0,1,1,False,1,1,68.0,34.0,0.0,31.8,False,False,False,False,True,11,1,False,200.0,190.0,185.0,SPOKED,SPOKED,0,0,0.0,0.0,280.0,700.0,30.0,350.0,1
445.0,64.0,600.0,66.2,135.0,45.0,530.0,74.2,670.0,48.0,40.0,27.0,32.0,22.0,23.0,11.0,10.0,ALUMINIUM,35.0,38.0,30.0,330.0,350.0,16.0,18.0,False,False,142.0,2.0,1.2,1.5,1.8,1.2,1.2,1.5,744.0,60.0,744.0,60.0,1,0,False,1,1,68.0,34.0,0.0,31.8,False,False,False,False,True,12,1,False,210.0,205.0,205.0,SPOKED,SPOKED,0,0,0.0,0.0,280.0,700.0,30.0,350.0,1
427.0,67.0,577.0,67.7,123.0,45.0,507.0,73.3,649.0,46.0,40.0,26.0,31.0,21.0,21.0,13.0,9.0,ALUMINIUM,30.0,34.0,31.0,330.0,350.0,16.0,18.0,False,False,142.0,2.0,1.2,1.5,1.8,1.2,1.2,1.5,744.0,60.0,744.0,60.0,1,1,False,1,1,68.0,34.0,0.0,31.8,False,False,False,False,True,11,1,False,195.0,190.0,185.0,SPOKED,SPOKED,0,0,0.0,0.0,280.0,700.0,30.0,350.0,1
420.0,30.0,650.0,67.0,120.0,45.0,500.0,73.0,610.0,45.0,35.0,30.0,40.0,30.0,30.0,15.0,9.0,ALUMINIUM,40.0,40.0,35.0,0.0,0.0,0.0,0.0,False,False,135.0,2.0,1.0,1.0,1.2,1.0,1.0,1.0,674.0,52.0,674.0,52.0,1,0,False,1,1,68.0,31.8,0.0,31.8,False,False,False,False,True,12,1,False,200.0,200.0,200.0,SPOKED,SPOKED,0,0,80.0,80.0,250.0,720.0,30.0,300.0,1
425.0,32.0,655.0,67.5,125.0,45.0,510.0,73.5,620.0,45.0,35.0,32.0,42.0,31.0,31.0,15.0,9.0,ALUMINIUM,42.0,42.0,37.0,0.0,0.0,0.0,0.0,False,False,135.0,2.0,1.0,1.0,1.2,1.0,1.0,1.0,674.0,52.0,674.0,52.0,1,1,False,1,1,68.0,31.8,0.0,31.8,False,False,False,False,True,12,1,False,205.0,205.0,205.0,SPOKED,SPOKED,0,0,80.0,80.0,250.0,725.0,30.0,300.0,1
430.0,34.0,660.0,68.0,130.0,45.0,520.0,74.0,630.0,45.0,35.0,34.0,44.0,32.0,32.0,15.0,9.0,ALUMINIUM,44.0,44.0,39.0,0.0,0.0,0.0,0.0,False,False,135.0,2.0,1.0,1.0,1.2,1.0,1.0,1.0,674.0,52.0,674.0,52.0,1,2,False,1,1,68.0,31.8,0.0,31.8,False,False,False,False,True,12,1,False,210.0,210.0,210.0,SPOKED,SPOKED,0,0,80.0,80.0,250.0,730.0,30.0,300.0,1
435.0,28.0,665.0,66.0,135.0,45.0,530.0,72.5,640.0,45.0,35.0,31.0,41.0,33.0,33.0,15.0,9.0,ALUMINIUM,46.0,46.0,41.0,0.0,0.0,0.0,0.0,False,False,135.0,2.0,1.0,1.0,1.2,1.0,1.0,1.0,674.0,52.0,674.0,52.0,1,0,False,1,1,68.0,31.8,0.0,31.8,False,False,False,False,True,12,1,False,215.0,215.0,215.0,SPOKED,SPOKED,0,0,80.0,80.0,250.0,735.0,30.0,300.0,1
440.0,36.0,670.0,66.5,140.0,45.0,540.0,72.0,650.0,45.0,35.0,33.0,43.0,34.0,34.0,15.0,9.0,ALUMINIUM,48.0,48.0,43.0,0.0,0.0,0.0,0.0,False,False,135.0,2.0,1.0,1.0,1.2,1.0,1.0,1.0,674.0,52.0,674.0,52.0,1,1,False,1,1,68.0,31.8,0.0,31.8,False,False,False,False,True,12,1,False,220.0,220.0,220.0,SPOKED,SPOKED,0,0,80.0,80.0,250.0,740.0,30.0,300.0,1
445.0,26.0,675.0,67.0,145.0,45.0,550.0,73.0,660.0,45.0,35.0,35.0,45.0,35.0,35.0,15.0,9.0,ALUMINIUM,50.0,50.0,45.0,0.0,0.0,0.0,0.0,False,False,135.0,2.0,1.0,1.0,1.2,1.0,1.0,1.0,674.0,52.0,674.0,52.0,1,2,False,1,1,68.0,31.8,0.0,31.8,False,False,False,False,True,12,2,False,195.0,195.0,195.0,SPOKED,SPOKED,0,0,80.0,80.0,250.0,745.0,30.0,300.0,1
450.0,29.0,680.0,68.5,150.0,45.0,490.0,73.0,670.0,45.0,35.0,29.0,39.0,29.0,29.0,15.0,9.0,ALUMINIUM,38.0,38.0,33.0,0.0,0.0,0.0,0.0,False,False,135.0,2.0,1.0,1.0,1.2,1.0,1.0,1.0,674.0,52.0,674.0,52.0,1,0,False,1,1,68.0,31.8,0.0,31.8,False,False,False,False,True,12,2,False,205.0,210.0,215.0,SPOKED,SPOKED,0,0,80.0,80.0,250.0,750.0,30.0,300.0,1
455.0,31.0,645.0,69.0,155.0,45.0,480.0,74.0,680.0,45.0,35.0,36.0,46.0,36.0,36.0,15.0,9.0,ALUMINIUM,36.0,36.0,31.0,0.0,0.0,0.0,0.0,False,False,135.0,2.0,1.0,1.0,1.2,1.0,1.0,1.0,674.0,52.0,674.0,52.0,1,1,False,1,1,68.0,31.8,0.0,31.8,False,False,False,False,True,12,2,False,210.0,205.0,200.0,SPOKED,SPOKED,0,0,80.0,80.0,250.0,755.0,30.0,300.0,1
460.0,33.0,640.0,65.0,160.0,45.0,470.0,75.0,600.0,45.0,35.0,28.0,38.0,28.0,28.0,15.0,9.0,ALUMINIUM,34.0,34.0,29.0,0.0,0.0,0.0,0.0,False,False,135.0,2.0,1.0,1.0,1.2,1.0,1.0,1.0,674.0,52.0,674.0,52.0,1,2,False,1,1,68.0,31.8,0.0,31.8,False,False,False,False,True,12,1,False,200.0,210.0,220.0,SPOKED,SPOKED,0,0,80.0,80.0,250.0,760.0,30.0,300.0,1
465.0,35.0,635.0,66.8,115.0,45.0,460.0,71.5,590.0,45.0,35.0,37.0,47.0,37.0,37.0,15.0,9.0,ALUMINIUM,32.0,32.0,27.0,0.0,0.0,0.0,0.0,False,False,135.0,2.0,1.0,1.0,1.2,1.0,1.0,1.0,674.0,52.0,674.0,52.0,1,0,False,1,1,68.0,31.8,0.0,31.8,False,False,False,False,True,12,1,False,220.0,200.0,210.0,SPOKED,SPOKED,0,0,80.0,80.0,250.0,765.0,30.0,300.0,1
430.0,55.0,630.0,67.0,120.0,45.0,560.0,73.0,610.0,45.0,40.0,31.8,48.0,30.0,28.0,13.0,15.0,ALUMINIUM,35.0,40.0,35.0,0.0,0.0,0.0,0.0,False,False,145.0,2.0,1.0,1.2,1.3,1.0,0.9,1.1,622.0,50.0,622.0,50.0,1,1,False,1,1,68.0,44.0,0.0,34.9,False,False,False,False,True,11,1,False,192.0,192.0,192.0,SPOKED,SPOKED,0,0,0.0,0.0,278.0,718.0,48.0,300.0,1
435.0,53.0,635.0,66.5,125.0,45.0,570.0,73.0,605.0,45.0,42.0,31.8,48.0,30.0,28.0,14.0,15.0,ALUMINIUM,37.0,42.0,38.0,0.0,0.0,0.0,0.0,False,False,148.0,2.2,1.1,1.3,1.4,1.0,0.9,1.2,622.0,50.0,622.0,50.0,1,0,False,1,3,68.0,50.0,0.0,34.9,False,False,False,False,True,11,1,False,180.0,180.0,180.0,SPOKED,SPOKED,0,0,0.0,0.0,280.0,720.0,48.0,305.0,1
440.0,57.0,640.0,68.0,115.0,45.0,555.0,73.0,615.0,45.0,41.0,31.8,48.0,30.0,28.0,12.0,15.0,ALUMINIUM,34.0,39.0,36.0,0.0,0.0,0.0,0.0,False,False,144.0,2.0,1.0,1.2,1.5,1.0,0.9,1.1,622.0,50.0,622.0,50.0,1,2,False,1,1,68.0,44.0,0.0,34.9,False,False,False,False,True,11,1,False,200.0,200.0,200.0,SPOKED,SPOKED,0,0,0.0,0.0,282.0,722.0,48.0,310.0,1
425.0,50.0,625.0,67.5,130.0,45.0,580.0,73.0,600.0,45.0,40.0,31.8,48.0,30.0,28.0,13.0,15.0,ALUMINIUM,36.0,41.0,35.0,0.0,0.0,0.0,0.0,False,False,146.0,2.0,1.0,1.2,1.3,1.0,0.9,1.1,622.0,50.0,622.0,50.0,1,1,False,1,1,68.0,44.0,0.0,34.9,False,False,False,False,True,11,1,False,192.0,192.0,192.0,SPOKED,SPOKED,0,0,0.0,0.0,275.0,715.0,48.0,295.0,1
450.0,52.0,645.0,66.0,110.0,45.0,550.0,73.0,620.0,45.0,42.0,31.8,48.0,30.0,28.0,13.0,15.0,ALUMINIUM,33.0,38.0,34.0,0.0,0.0,0.0,0.0,False,False,142.0,2.0,1.2,1.4,1.3,1.0,0.9,1.1,622.0,50.0,622.0,50.0,1,2,False,1,1,68.0,44.0,0.0,34.9,False,False,False,False,True,11,1,False,205.0,205.0,205.0,SPOKED,SPOKED,0,0,0.0,0.0,290.0,730.0,48.0,320.0,1
432.0,58.0,632.0,67.0,118.0,45.0,565.0,73.0,610.0,45.0,40.0,31.8,48.0,30.0,28.0,14.0,15.0,ALUMINIUM,35.0,40.0,36.0,0.0,0.0,0.0,0.0,False,False,147.0,2.0,1.0,1.2,1.3,1.0,0.9,1.1,622.0,50.0,622.0,50.0,1,1,False,1,1,68.0,44.0,0.0,34.9,False,False,False,False,True,11,1,False,190.0,190.0,190.0,SPOKED,SPOKED,0,0,0.0,0.0,285.0,725.0,48.0,305.0,1
438.0,54.0,638.0,66.8,122.0,45.0,575.0,73.0,615.0,45.0,40.0,31.8,48.0,30.0,28.0,12.5,15.0,ALUMINIUM,36.0,41.0,37.0,0.0,0.0,0.0,0.0,False,False,143.0,2.0,1.0,1.2,1.3,1.0,0.9,1.1,622.0,50.0,622.0,50.0,1,2,False,1,1,68.0,44.0,0.0,34.9,False,False,False,False,True,11,1,False,195.0,195.0,195.0,SPOKED,SPOKED,0,0,0.0,0.0,288.0,728.0,48.0,308.0,1
430.0,51.0,630.0,67.2,128.0,45.0,565.0,73.0,605.0,45.0,42.0,31.8,48.0,30.0,28.0,13.0,15.0,ALUMINIUM,38.0,43.0,39.0,0.0,0.0,0.0,0.0,False,False,146.0,2.0,1.0,1.2,1.3,1.0,0.9,1.1,622.0,50.0,622.0,50.0,1,0,False,1,3,68.0,50.0,0.0,34.9,False,False,False,False,True,11,1,False,185.0,185.0,185.0,SPOKED,SPOKED,0,0,0.0,0.0,280.0,720.0,48.0,300.0,3
445.0,56.0,642.0,66.2,112.0,45.0,555.0,73.0,618.0,45.0,40.0,31.8,48.0,30.0,28.0,13.0,15.0,ALUMINIUM,34.0,38.0,34.0,0.0,0.0,0.0,0.0,False,False,144.0,2.0,1.0,1.2,1.3,1.0,0.9,1.1,622.0,50.0,622.0,50.0,1,1,False,1,1,68.0,44.0,0.0,34.9,False,False,False,False,True,11,1,False,175.0,175.0,175.0,SPOKED,SPOKED,0,0,0.0,0.0,295.0,735.0,48.0,315.0,1
420.0,60.0,648.0,67.8,118.0,45.0,590.0,73.0,620.0,45.0,40.0,31.8,48.0,30.0,28.0,13.0,15.0,ALUMINIUM,37.0,45.0,39.0,0.0,0.0,0.0,0.0,False,False,148.0,2.0,1.1,1.3,1.4,1.0,0.9,1.1,622.0,50.0,622.0,50.0,1,1,False,1,1,68.0,44.0,0.0,34.9,False,False,False,False,True,11,1,False,170.0,170.0,170.0,SPOKED,SPOKED,0,0,0.0,0.0,300.0,740.0,48.0,325.0,1
420.0,30.0,580.0,66.0,110.0,45.0,420.0,73.0,640.0,44.0,45.0,25.4,40.0,36.5,27.2,13.0,15.0,ALUMINIUM,28.0,38.0,48.0,330.0,350.0,16.0,18.0,False,False,142.0,2.0,0.9,1.1,0.9,1.2,1.0,0.9,680.0,58.0,680.0,58.0,1,1,False,1,1,68.0,45.0,0.0,34.9,False,False,False,False,True,11,1,False,192.0,192.0,192.0,SPOKED,SPOKED,0,0,0.0,0.0,250.0,700.0,40.0,300.0,1
423.0,31.0,585.0,66.5,112.0,45.0,430.0,73.5,645.0,45.0,45.0,25.4,41.0,36.5,27.2,13.0,15.0,ALUMINIUM,29.0,39.0,49.0,330.0,350.0,16.0,18.0,False,False,142.0,2.0,0.9,1.1,0.9,1.2,1.0,0.9,682.0,60.0,682.0,60.0,1,1,False,1,1,68.0,45.0,0.0,34.9,False,False,False,False,True,12,1,False,190.0,190.0,190.0,SPOKED,SPOKED,0,0,0.0,0.0,250.0,710.0,41.0,300.0,1
426.0,32.0,590.0,67.0,114.0,45.0,440.0,74.0,650.0,46.0,45.0,25.4,42.0,36.5,27.2,13.0,15.0,ALUMINIUM,30.0,40.0,50.0,330.0,350.0,16.0,18.0,False,False,142.0,2.0,0.9,1.1,0.9,1.2,1.0,0.9,684.0,62.0,684.0,62.0,1,1,False,1,1,68.0,45.0,0.0,34.9,False,False,False,False,True,11,1,False,194.0,194.0,194.0,SPOKED,SPOKED,0,0,0.0,0.0,250.0,720.0,42.0,300.0,1
429.0,33.0,595.0,67.5,116.0,45.0,450.0,74.5,655.0,47.0,45.0,25.4,43.0,36.5,27.2,13.0,15.0,ALUMINIUM,31.0,41.0,51.0,330.0,350.0,16.0,18.0,False,False,142.0,2.0,0.9,1.1,0.9,1.2,1.0,0.9,686.0,64.0,686.0,64.0,1,1,False,1,1,68.0,45.0,0.0,34.9,False,False,False,False,True,12,1,False,188.0,188.0,188.0,SPOKED,SPOKED,0,0,0.0,0.0,250.0,730.0,43.0,300.0,1
432.0,34.0,600.0,68.0,118.0,45.0,460.0,75.0,660.0,48.0,45.0,25.4,44.0,36.5,27.2,13.0,15.0,ALUMINIUM,32.0,42.0,52.0,330.0,350.0,16.0,18.0,False,False,142.0,2.0,0.9,1.1,0.9,1.2,1.0,0.9,688.0,66.0,688.0,66.0,1,1,False,1,1,68.0,45.0,0.0,34.9,False,False,False,False,True,11,1,False,196.0,196.0,196.0,SPOKED,SPOKED,0,0,0.0,0.0,250.0,740.0,44.0,300.0,1
435.0,35.0,605.0,65.0,120.0,45.0,470.0,75.5,665.0,49.0,45.0,25.4,45.0,36.5,27.2,13.0,15.0,ALUMINIUM,33.0,43.0,53.0,330.0,350.0,16.0,18.0,False,False,142.0,2.0,0.9,1.1,0.9,1.2,1.0,0.9,690.0,68.0,690.0,68.0,1,1,False,1,1,68.0,45.0,0.0,34.9,False,False,False,False,True,12,1,False,180.0,180.0,180.0,SPOKED,SPOKED,0,0,0.0,0.0,250.0,750.0,45.0,300.0,1
438.0,36.0,610.0,66.2,122.0,45.0,480.0,73.8,670.0,44.0,45.0,25.4,46.0,36.5,27.2,13.0,15.0,ALUMINIUM,34.0,44.0,54.0,330.0,350.0,16.0,18.0,False,False,142.0,2.0,0.9,1.1,0.9,1.2,1.0,0.9,692.0,70.0,692.0,70.0,1,1,False,1,1,68.0,45.0,0.0,34.9,False,False,False,False,True,11,1,False,200.0,200.0,200.0,SPOKED,SPOKED,0,0,0.0,0.0,250.0,760.0,46.0,300.0,1
441.0,37.0,615.0,66.8,124.0,45.0,490.0,74.3,675.0,45.0,45.0,25.4,47.0,36.5,27.2,13.0,15.0,ALUMINIUM,35.0,45.0,55.0,330.0,350.0,16.0,18.0,False,False,142.0,2.0,0.9,1.1,0.9,1.2,1.0,0.9,694.0,72.0,694.0,72.0,1,1,False,1,1,68.0,45.0,0.0,34.9,False,False,False,False,True,12,1,False,185.0,185.0,185.0,SPOKED,SPOKED,0,0,0.0,0.0,250.0,770.0,47.0,300.0,1
444.0,38.0,620.0,67.3,126.0,45.0,500.0,75.2,680.0,46.0,45.0,25.4,48.0,36.5,27.2,13.0,15.0,ALUMINIUM,36.0,46.0,56.0,330.0,350.0,16.0,18.0,False,False,142.0,2.0,0.9,1.1,0.9,1.2,1.0,0.9,696.0,74.0,696.0,74.0,1,1,False,1,1,68.0,45.0,0.0,34.9,False,False,False,False,True,11,1,False,195.0,195.0,195.0,SPOKED,SPOKED,0,0,0.0,0.0,250.0,780.0,48.0,300.0,1
447.0,39.0,625.0,68.3,128.0,45.0,510.0,74.7,685.0,47.0,45.0,25.4,49.0,36.5,27.2,13.0,15.0,ALUMINIUM,37.0,47.0,57.0,330.0,350.0,16.0,18.0,False,False,142.0,2.0,0.9,1.1,0.9,1.2,1.0,0.9,698.0,76.0,698.0,76.0,1,1,False,1,1,68.0,45.0,0.0,34.9,False,False,False,False,True,12,1,False,193.0,193.0,193.0,SPOKED,SPOKED,0,0,0.0,0.0,250.0,790.0,49.0,300.0,1
420.0,68.0,620.0,68.0,120.0,45.0,520.0,73.0,605.0,45.0,40.0,34.0,33.0,36.0,34.0,14.0,15.0,ALUMINIUM,28.0,30.0,35.0,0.0,0.0,0.0,0.0,False,False,135.0,1.0,1.0,1.0,1.0,1.0,1.0,1.0,680.0,52.0,680.0,52.0,1,1,False,1,1,68.0,44.0,0.0,35.0,False,True,False,False,True,10,1,False,192.0,192.0,192.0,SPOKED,SPOKED,0,0,0.0,0.0,280.0,800.0,33.0,300.0,1
425.0,70.0,630.0,67.0,115.0,45.0,525.0,72.5,610.0,45.0,40.0,35.0,34.0,37.0,35.0,15.0,15.0,ALUMINIUM,28.0,32.0,30.0,0.0,0.0,0.0,0.0,False,False,135.0,1.1,1.1,1.0,1.0,1.0,1.0,1.0,680.0,52.0,680.0,52.0,1,1,False,1,1,68.0,44.0,0.0,35.0,False,True,False,False,True,11,1,False,180.0,180.0,180.0,SPOKED,SPOKED,0,0,0.0,0.0,275.0,790.0,34.0,310.0,1
415.0,65.0,615.0,69.0,125.0,47.0,515.0,74.0,600.0,45.0,40.0,34.5,33.5,36.5,34.5,14.0,14.0,ALUMINIUM,29.0,29.0,36.0,0.0,0.0,0.0,0.0,False,False,135.0,1.2,1.2,1.2,1.2,1.2,1.2,1.2,680.0,52.0,680.0,52.0,1,1,False,1,1,68.0,44.0,0.0,35.0,False,True,False,False,True,9,1,False,200.0,200.0,200.0,SPOKED,SPOKED,0,0,0.0,0.0,285.0,810.0,33.5,305.0,1
430.0,62.0,605.0,66.0,110.0,46.0,530.0,72.0,620.0,45.0,40.0,33.0,32.0,35.0,33.0,14.5,15.5,ALUMINIUM,26.0,31.0,34.0,0.0,0.0,0.0,0.0,False,False,135.0,0.9,0.9,0.9,0.9,0.9,0.9,0.9,680.0,52.0,680.0,52.0,1,1,False,1,1,68.0,44.0,0.0,35.0,False,True,False,False,True,12,1,False,210.0,210.0,210.0,SPOKED,SPOKED,0,0,0.0,0.0,270.0,780.0,32.0,295.0,1
435.0,70.0,640.0,68.5,130.0,48.0,540.0,73.5,615.0,45.0,40.0,36.0,35.0,38.0,36.0,15.0,16.0,ALUMINIUM,30.0,29.0,37.0,0.0,0.0,0.0,0.0,False,False,135.0,1.1,1.1,1.1,1.1,1.1,1.1,1.1,680.0,52.0,680.0,52.0,1,1,False,1,1,68.0,44.0,0.0,35.0,False,True,False,False,True,10,1,False,190.0,190.0,190.0,SPOKED,SPOKED,0,0,0.0,0.0,290.0,820.0,35.0,320.0,1
410.0,64.0,600.0,67.5,118.0,44.0,510.0,74.5,598.0,45.0,40.0,34.0,34.0,36.0,34.0,13.5,14.0,ALUMINIUM,27.0,32.0,33.0,0.0,0.0,0.0,0.0,False,False,135.0,1.0,1.0,1.0,1.0,1.0,1.0,1.0,680.0,52.0,680.0,52.0,1,1,False,1,1,68.0,44.0,0.0,35.0,False,True,False,False,True,11,1,False,180.0,180.0,180.0,SPOKED,SPOKED,0,0,0.0,0.0,260.0,770.0,34.0,290.0,1
450.0,66.0,625.0,66.5,122.0,46.5,535.0,72.5,630.0,45.0,40.0,35.5,33.8,37.0,35.0,14.5,15.0,ALUMINIUM,29.5,30.5,36.5,0.0,0.0,0.0,0.0,False,False,135.0,0.95,0.95,0.95,0.95,0.95,0.95,0.95,680.0,52.0,680.0,52.0,1,1,False,1,1,68.0,44.0,0.0,35.0,False,True,False,False,True,12,1,False,195.0,195.0,195.0,SPOKED,SPOKED,0,0,0.0,0.0,300.0,840.0,34.2,330.0,1
440.0,63.0,610.0,67.0,117.0,45.5,520.0,73.2,612.0,45.0,40.0,34.2,33.2,36.2,34.2,14.0,14.5,ALUMINIUM,28.5,31.5,35.5,0.0,0.0,0.0,0.0,False,False,135.0,1.05,1.05,1.05,1.05,1.05,1.05,1.05,680.0,52.0,680.0,52.0,1,1,False,1,1,68.0,44.0,0.0,35.0,False,True,False,False,True,10,1,False,185.0,185.0,185.0,SPOKED,SPOKED,0,0,0.0,0.0,265.0,760.0,33.2,280.0,1
455.0,69.0,635.0,66.8,127.0,47.5,545.0,72.8,625.0,45.0,40.0,36.2,34.3,38.5,36.5,15.0,16.0,ALUMINIUM,31.0,29.0,37.0,0.0,0.0,0.0,0.0,False,False,135.0,1.0,1.0,1.0,1.0,1.0,1.0,1.0,680.0,52.0,680.0,52.0,1,1,False,1,1,68.0,44.0,0.0,35.0,False,True,False,False,True,11,1,False,205.0,205.0,205.0,SPOKED,SPOKED,0,0,0.0,0.0,295.0,825.0,34.3,315.0,1
425.0,61.0,590.0,68.2,112.0,45.0,505.0,74.1,590.0,45.0,40.0,33.5,32.5,35.5,33.5,14.0,15.0,ALUMINIUM,27.5,30.0,34.5,0.0,0.0,0.0,0.0,False,False,135.0,0.9,0.9,0.9,0.9,0.9,0.9,0.9,680.0,52.0,680.0,52.0,1,1,False,1,1,68.0,44.0,0.0,35.0,False,True,False,False,True,9,1,False,175.0,175.0,175.0,SPOKED,SPOKED,0,0,0.0,0.0,255.0,850.0,32.5,305.0,1
420.0,60.0,650.0,65.0,100.0,45.0,550.0,73.0,700.0,48.0,40.0,30.0,28.6,25.0,23.35,15.0,9.0,ALUMINIUM,30.0,35.0,25.0,0.0,0.0,0.0,0.0,False,False,135.0,2.0,0.9,0.9,0.9,0.9,0.9,0.9,710.0,70.0,710.0,70.0,1,0,False,1,1,68.0,44.0,0.0,31.8,False,False,False,False,True,11,1,False,192.0,192.0,192.0,SPOKED,SPOKED,0,0,80.0,80.0,280.0,720.0,28.6,300.0,1
425.0,62.0,660.0,66.0,110.0,45.0,560.0,73.5,705.0,49.0,42.0,31.0,28.6,26.0,23.35,16.0,9.0,ALUMINIUM,35.0,40.0,27.0,0.0,0.0,0.0,0.0,False,False,135.0,2.1,1.0,1.0,1.0,1.0,1.0,1.0,710.0,70.0,710.0,70.0,1,1,False,1,1,70.0,46.0,0.0,32.3,False,False,False,False,True,11,1,False,192.0,192.0,192.0,SPOKED,SPOKED,0,0,80.0,80.0,280.0,720.0,28.6,300.0,1
430.0,64.0,670.0,67.0,120.0,45.0,570.0,74.0,710.0,50.0,44.0,32.0,28.6,27.0,23.35,17.0,9.0,ALUMINIUM,40.0,45.0,29.0,0.0,0.0,0.0,0.0,False,False,135.0,2.2,1.1,1.1,1.1,1.1,1.1,1.1,710.0,70.0,710.0,70.0,1,2,False,1,1,73.0,48.0,0.0,32.8,False,False,False,False,True,11,1,False,192.0,192.0,192.0,SPOKED,SPOKED,0,0,80.0,80.0,280.0,720.0,28.6,300.0,1
435.0,66.0,680.0,68.0,130.0,45.0,580.0,74.5,715.0,51.0,46.0,33.0,28.6,28.0,23.35,18.0,9.0,ALUMINIUM,45.0,50.0,31.0,0.0,0.0,0.0,0.0,False,False,135.0,2.3,1.2,1.2,1.2,1.2,1.2,1.2,710.0,70.0,710.0,70.0,1,0,False,1,1,75.0,50.0,0.0,33.3,False,False,False,False,True,11,1,False,192.0,192.0,192.0,SPOKED,SPOKED,0,0,80.0,80.0,280.0,720.0,28.6,300.0,1
440.0,68.0,690.0,69.0,140.0,45.0,590.0,75.0,720.0,52.0,48.0,34.0,28.6,29.0,23.35,19.0,9.0,ALUMINIUM,50.0,55.0,33.0,0.0,0.0,0.0,0.0,False,False,135.0,2.4,1.3,1.3,1.3,1.3,1.3,1.3,710.0,70.0,710.0,70.0,1,1,False,1,1,78.0,52.0,0.0,33.8,False,False,False,False,True,11,1,False,192.0,192.0,192.0,SPOKED,SPOKED,0,0,80.0,80.0,280.0,720.0,28.6,300.0,1
445.0,70.0,700.0,70.0,150.0,45.0,600.0,73.0,725.0,53.0,50.0,35.0,28.6,30.0,23.35,20.0,9.0,ALUMINIUM,55.0,60.0,35.0,0.0,0.0,0.0,0.0,False,False,135.0,2.5,1.4,1.4,1.4,1.4,1.4,1.4,710.0,70.0,710.0,70.0,1,2,False,1,1,80.0,54.0,0.0,34.3,False,False,False,False,True,11,1,False,192.0,192.0,192.0,SPOKED,SPOKED,0,0,80.0,80.0,280.0,720.0,28.6,300.0,1
450.0,72.0,710.0,71.0,160.0,45.0,610.0,73.5,730.0,54.0,52.0,36.0,28.6,31.0,23.35,21.0,9.0,ALUMINIUM,60.0,65.0,37.0,0.0,0.0,0.0,0.0,False,False,135.0,2.6,1.5,1.5,1.5,1.5,1.5,1.5,710.0,70.0,710.0,70.0,1,0,False,1,1,82.0,56.0,0.0,34.8,False,False,False,False,True,11,1,False,192.0,192.0,192.0,SPOKED,SPOKED,0,0,80.0,80.0,280.0,720.0,28.6,300.0,1
455.0,74.0,720.0,65.0,170.0,45.0,620.0,74.0,735.0,55.0,54.0,37.0,28.6,32.0,23.35,22.0,9.0,ALUMINIUM,65.0,70.0,39.0,0.0,0.0,0.0,0.0,False,False,135.0,2.7,1.6,1.6,1.6,1.6,1.6,1.6,710.0,70.0,710.0,70.0,1,1,False,1,1,84.0,58.0,0.0,35.3,False,False,False,False,True,11,1,False,192.0,192.0,192.0,SPOKED,SPOKED,0,0,80.0,80.0,280.0,720.0,28.6,300.0,1
460.0,76.0,730.0,66.0,180.0,45.0,630.0,74.5,740.0,56.0,56.0,38.0,28.6,33.0,23.35,23.0,9.0,ALUMINIUM,70.0,75.0,41.0,0.0,0.0,0.0,0.0,False,False,135.0,2.8,1.7,1.7,1.7,1.7,1.7,1.7,710.0,70.0,710.0,70.0,1,2,False,1,1,86.0,60.0,0.0,35.8,False,False,False,False,True,11,1,False,192.0,192.0,192.0,SPOKED,SPOKED,0,0,80.0,80.0,280.0,720.0,28.6,300.0,1
465.0,78.0,740.0,67.0,190.0,45.0,640.0,75.0,745.0,57.0,58.0,39.0,28.6,34.0,23.35,24.0,9.0,ALUMINIUM,75.0,80.0,43.0,0.0,0.0,0.0,0.0,False,False,135.0,2.9,1.8,1.8,1.8,1.8,1.8,1.8,710.0,70.0,710.0,70.0,1,0,False,1,1,88.0,62.0,0.0,36.3,False,False,False,False,True,11,1,False,192.0,192.0,192.0,SPOKED,SPOKED,0,0,80.0,80.0,280.0,720.0,28.6,300.0,1
430.0,55.0,600.0,67.0,90.0,45.0,550.0,73.0,590.0,45.0,40.0,30.0,36.0,23.0,23.0,15.0,15.0,ALUMINIUM,25.0,40.0,30.0,330.0,350.0,16.0,18.0,False,False,135.0,2.0,0.9,1.1,0.9,1.2,1.0,0.9,700.0,50.0,700.0,50.0,1,1,False,1,1,68.0,45.0,0.0,34.0,False,False,False,False,True,12,1,False,192.0,192.0,192.0,SPOKED,SPOKED,1,1,80.0,80.0,280.0,710.0,36.0,350.0,1
435.0,55.0,610.0,68.0,95.0,45.0,560.0,72.0,600.0,50.0,40.0,30.0,36.0,23.0,23.0,15.0,15.0,ALUMINIUM,25.0,40.0,30.0,330.0,350.0,16.0,18.0,False,False,135.0,2.0,0.9,1.1,0.9,1.2,1.0,0.9,700.0,50.0,700.0,50.0,1,1,False,1,1,68.0,45.0,0.0,34.0,True,False,False,False,True,12,1,False,192.0,192.0,192.0,SPOKED,SPOKED,1,1,80.0,80.0,280.0,710.0,36.0,350.0,1
440.0,60.0,590.0,66.0,85.0,45.0,545.0,74.0,585.0,42.0,40.0,30.0,36.0,23.0,23.0,15.0,15.0,ALUMINIUM,25.0,40.0,30.0,330.0,350.0,16.0,18.0,False,False,135.0,2.0,0.9,1.1,0.9,1.2,1.0,0.9,700.0,50.0,700.0,50.0,1,1,False,1,1,68.0,45.0,0.0,34.0,False,True,False,False,True,12,1,False,192.0,192.0,192.0,SPOKED,SPOKED,1,1,80.0,80.0,280.0,710.0,36.0,350.0,1
425.0,50.0,605.0,67.5,100.0,45.0,555.0,73.5,595.0,47.0,40.0,30.0,36.0,23.0,23.0,15.0,15.0,ALUMINIUM,25.0,40.0,30.0,330.0,350.0,16.0,18.0,False,False,135.0,2.0,0.9,1.1,0.9,1.2,1.0,0.9,700.0,50.0,700.0,50.0,1,1,False,1,1,68.0,45.0,0.0,34.0,True,True,False,False,True,12,1,False,192.0,192.0,192.0,SPOKED,SPOKED,1,1,80.0,80.0,280.0,710.0,36.0,350.0,1
438.0,55.0,605.0,68.0,90.0,45.0,550.0,72.0,590.0,45.0,40.0,30.0,36.0,23.0,23.0,15.0,15.0,ALUMINIUM,25.0,40.0,30.0,330.0,350.0,16.0,18.0,False,False,135.0,2.0,0.9,1.1,0.9,1.2,1.0,0.9,700.0,50.0,700.0,50.0,1,1,False,1,1,68.0,45.0,0.0,34.0,False,False,True,True,True,12,1,False,192.0,192.0,192.0,SPOKED,SPOKED,1,1,80.0,80.0,280.0,710.0,36.0,350.0,1
430.0,55.0,600.0,67.0,95.0,45.0,550.0,73.0,590.0,45.0,40.0,30.0,36.0,23.0,23.0,15.0,15.0,ALUMINIUM,25.0,40.0,30.0,330.0,350.0,16.0,18.0,False,False,142.0,2.0,0.9,1.1,0.9,1.2,1.0,0.9,720.0,55.0,720.0,55.0,1,1,False,1,1,68.0,45.0,0.0,34.0,False,False,False,False,True,12,2,False,192.0,192.0,192.0,SPOKED,SPOKED,1,1,80.0,80.0,280.0,710.0,36.0,350.0,1
440.0,60.0,590.0,66.5,100.0,45.0,560.0,72.5,585.0,50.0,40.0,30.0,36.0,23.0,23.0,15.0,15.0,ALUMINIUM,25.0,40.0,30.0,330.0,350.0,16.0,18.0,False,False,148.0,2.0,0.9,1.1,0.9,1.2,1.0,0.9,730.0,55.0,730.0,55.0,1,1,False,1,1,68.0,45.0,0.0,34.0,False,False,False,False,True,12,1,False,192.0,192.0,192.0,SPOKED,SPOKED,1,1,80.0,80.0,280.0,710.0,36.0,350.0,1
440.0,60.0,595.0,66.5,95.0,45.0,555.0,73.0,585.0,50.0,40.0,30.0,36.0,23.0,23.0,15.0,15.0,ALUMINIUM,25.0,40.0,30.0,330.0,350.0,16.0,18.0,False,False,150.0,2.0,0.9,1.1,0.9,1.2,1.0,0.9,745.0,50.0,745.0,50.0,1,1,False,1,1,68.0,45.0,0.0,34.0,False,False,False,True,True,12,1,False,192.0,192.0,192.0,SPOKED,SPOKED,1,1,80.0,80.0,280.0,710.0,36.0,350.0,1
430.0,55.0,600.0,67.0,90.0,45.0,550.0,73.0,590.0,45.0,40.0,30.0,36.0,23.0,23.0,15.0,15.0,ALUMINIUM,25.0,40.0,30.0,330.0,350.0,16.0,18.0,False,False,142.0,2.0,0.9,1.1,0.9,1.2,1.0,0.9,720.0,50.0,720.0,50.0,1,1,False,1,1,68.0,45.0,0.0,34.0,False,False,False,True,True,12,1,False,192.0,192.0,192.0,SPOKED,SPOKED,1,1,80.0,80.0,280.0,710.0,36.0,350.0,1
435.0,55.0,615.0,67.0,95.0,45.0,570.0,74.0,610.0,45.0,40.0,30.0,36.0,23.0,23.0,15.0,15.0,ALUMINIUM,25.0,40.0,30.0,330.0,350.0,16.0,18.0,False,False,135.0,2.0,0.9,1.1,0.9,1.2,1.0,0.9,700.0,50.0,700.0,50.0,1,1,False,1,1,68.0,45.0,0.0,34.0,True,False,True,False,True,12,2,False,192.0,192.0,192.0,SPOKED,SPOKED,1,1,80.0,80.0,280.0,730.0,36.0,360.0,1
405.0,50.0,600.0,65.0,90.0,45.0,500.0,73.0,620.0,45.0,45.0,28.0,34.0,30.0,25.0,15.0,9.0,ALUMINIUM,30.0,50.0,40.0,330.0,350.0,16.0,18.0,False,False,140.0,2.0,0.9,1.1,0.9,1.2,1.0,0.9,628.0,69.0,628.0,69.0,1,1,False,1,1,68.0,45.0,0.0,31.8,False,False,False,False,True,11,1,False,192.0,192.0,192.0,SPOKED,SPOKED,0,0,80.0,80.0,278.0,718.0,34.9,300.0,1
410.0,48.0,610.0,66.0,100.0,45.0,520.0,72.0,630.0,45.0,45.0,28.0,34.0,30.0,25.0,15.0,9.0,ALUMINIUM,35.0,52.0,42.0,330.0,350.0,16.0,18.0,False,False,142.0,2.0,0.9,1.1,0.9,1.2,1.0,0.9,628.0,69.0,628.0,69.0,1,1,False,1,1,68.0,45.0,0.0,31.8,False,False,False,False,True,11,1,False,192.0,192.0,192.0,SPOKED,SPOKED,0,0,80.0,80.0,278.0,718.0,34.9,300.0,1
415.0,52.0,620.0,67.0,110.0,45.0,540.0,73.5,640.0,45.0,45.0,28.0,34.0,30.0,25.0,15.0,9.0,ALUMINIUM,40.0,54.0,44.0,330.0,350.0,16.0,18.0,False,False,146.0,2.0,0.9,1.1,0.9,1.2,1.0,0.9,628.0,69.0,628.0,69.0,1,1,False,1,1,68.0,45.0,0.0,31.8,False,False,False,False,True,11,1,False,192.0,192.0,192.0,SPOKED,SPOKED,0,0,80.0,80.0,278.0,718.0,34.9,300.0,1
420.0,50.0,630.0,68.0,120.0,45.0,550.0,74.0,650.0,45.0,45.0,28.0,34.0,30.0,25.0,15.0,9.0,ALUMINIUM,45.0,56.0,46.0,330.0,350.0,16.0,18.0,False,False,148.0,2.0,0.9,1.1,0.9,1.2,1.0,0.9,628.0,69.0,628.0,69.0,1,1,False,1,1,68.0,45.0,0.0,31.8,False,False,False,False,True,11,1,False,192.0,192.0,192.0,SPOKED,SPOKED,0,0,80.0,80.0,278.0,718.0,34.9,300.0,1
425.0,49.0,640.0,66.5,95.0,45.0,530.0,72.5,635.0,45.0,45.0,28.0,34.0,30.0,25.0,15.0,9.0,ALUMINIUM,32.0,53.0,43.0,330.0,350.0,16.0,18.0,False,False,150.0,2.0,0.9,1.1,0.9,1.2,1.0,0.9,628.0,69.0,628.0,69.0,1,1,False,1,1,68.0,45.0,0.0,31.8,False,False,False,False,True,11,1,False,192.0,192.0,192.0,SPOKED,SPOKED,0,0,80.0,80.0,278.0,718.0,34.9,300.0,1
430.0,51.0,650.0,65.5,105.0,45.0,560.0,73.8,645.0,45.0,45.0,28.0,34.0,30.0,25.0,15.0,9.0,ALUMINIUM,38.0,58.0,48.0,330.0,350.0,16.0,18.0,False,False,144.0,2.0,0.9,1.1,0.9,1.2,1.0,0.9,628.0,69.0,628.0,69.0,1,1,False,1,1,68.0,45.0,0.0,31.8,False,False,False,False,True,11,1,False,192.0,192.0,192.0,SPOKED,SPOKED,0,0,80.0,80.0,278.0,718.0,34.9,300.0,1
435.0,50.0,655.0,64.5,115.0,45.0,565.0,74.2,655.0,45.0,45.0,28.0,34.0,30.0,25.0,15.0,9.0,ALUMINIUM,42.0,60.0,50.0,330.0,350.0,16.0,18.0,False,False,152.0,2.0,0.9,1.1,0.9,1.2,1.0,0.9,628.0,69.0,628.0,69.0,1,1,False,1,1,68.0,45.0,0.0,31.8,False,False,False,False,True,11,1,False,192.0,192.0,192.0,SPOKED,SPOKED,0,0,80.0,80.0,278.0,718.0,34.9,300.0,1
440.0,48.0,660.0,65.0,125.0,45.0,570.0,73.0,660.0,45.0,45.0,28.0,34.0,30.0,25.0,15.0,9.0,ALUMINIUM,50.0,62.0,52.0,330.0,350.0,16.0,18.0,False,False,154.0,2.0,0.9,1.1,0.9,1.2,1.0,0.9,628.0,69.0,628.0,69.0,1,1,False,1,1,68.0,45.0,0.0,31.8,False,False,False,False,True,11,1,False,192.0,192.0,192.0,SPOKED,SPOKED,0,0,80.0,80.0,278.0,718.0,34.9,300.0,1
445.0,50.0,670.0,66.0,135.0,45.0,580.0,72.0,670.0,45.0,45.0,28.0,34.0,30.0,25.0,15.0,9.0,ALUMINIUM,55.0,64.0,54.0,330.0,350.0,16.0,18.0,False,False,156.0,2.0,0.9,1.1,0.9,1.2,1.0,0.9,628.0,69.0,628.0,69.0,1,1,False,1,1,68.0,45.0,0.0,31.8,False,False,False,False,True,11,1,False,192.0,192.0,192.0,SPOKED,SPOKED,0,0,80.0,80.0,278.0,718.0,34.9,300.0,1
450.0,52.0,680.0,67.0,145.0,45.0,590.0,73.5,680.0,45.0,45.0,28.0,34.0,30.0,25.0,15.0,9.0,ALUMINIUM,60.0,66.0,56.0,330.0,350.0,16.0,18.0,False,False,158.0,2.0,0.9,1.1,0.9,1.2,1.0,0.9,628.0,69.0,628.0,69.0,1,1,False,1,1,68.0,45.0,0.0,31.8,False,False,False,False,True,11,1,False,192.0,192.0,192.0,SPOKED,SPOKED,0,0,80.0,80.0,278.0,718.0,34.9,300.0,1
425.0,60.0,630.0,69.0,105.0,45.0,530.0,73.0,625.0,50.0,47.0,30.0,36.0,32.0,28.0,15.0,9.0,ALUMINIUM,30.0,50.0,40.0,330.0,340.0,16.0,18.0,False,False,142.0,3.0,2.0,2.5,2.0,1.5,1.5,2.0,674.0,52.0,674.0,52.0,1,1,False,1,1,68.0,45.0,0.0,31.8,False,False,False,False,True,12,1,False,192.0,192.0,192.0,SPOKED,SPOKED,0,0,0.0,0.0,280.0,330.0,36.0,400.0,1
430.0,61.0,635.0,69.5,110.0,45.0,535.0,73.5,630.0,51.0,47.0,30.0,36.0,32.0,28.0,15.0,9.0,ALUMINIUM,31.0,51.0,41.0,331.0,342.0,16.0,18.0,False,False,142.0,3.0,2.0,2.5,2.0,1.5,1.5,2.0,674.0,52.0,674.0,52.0,1,1,False,1,1,70.0,45.0,0.0,31.8,False,False,False,False,True,12,1,False,192.0,192.0,192.0,SPOKED,SPOKED,0,0,0.0,0.0,282.0,332.0,36.0,405.0,1
435.0,62.0,640.0,70.0,115.0,45.0,540.0,74.0,635.0,52.0,47.0,30.0,36.0,32.0,28.0,15.0,9.0,ALUMINIUM,32.0,52.0,42.0,332.0,344.0,16.0,18.0,False,False,142.0,3.0,2.0,2.5,2.0,1.5,1.5,2.0,674.0,52.0,674.0,52.0,1,1,False,1,1,72.0,45.0,0.0,31.8,False,False,False,False,True,12,1,False,192.0,192.0,192.0,SPOKED,SPOKED,0,0,0.0,0.0,284.0,334.0,36.0,410.0,1
440.0,63.0,645.0,70.5,120.0,45.0,545.0,74.5,640.0,53.0,47.0,30.0,36.0,32.0,28.0,15.0,9.0,ALUMINIUM,33.0,53.0,43.0,333.0,346.0,16.0,18.0,False,False,142.0,3.0,2.0,2.5,2.0,1.5,1.5,2.0,674.0,52.0,674.0,52.0,1,1,False,1,1,68.0,45.0,0.0,31.8,False,False,False,False,True,12,1,False,192.0,192.0,192.0,SPOKED,SPOKED,0,0,0.0,0.0,286.0,336.0,36.0,415.0,1
445.0,64.0,650.0,71.0,125.0,45.0,550.0,75.0,645.0,54.0,47.0,30.0,36.0,32.0,28.0,15.0,9.0,ALUMINIUM,34.0,54.0,44.0,334.0,348.0,16.0,18.0,False,False,142.0,3.0,2.0,2.5,2.0,1.5,1.5,2.0,674.0,52.0,674.0,52.0,1,1,False,1,1,70.0,45.0,0.0,31.8,False,False,False,False,True,12,1,False,192.0,192.0,192.0,SPOKED,SPOKED,0,0,0.0,0.0,288.0,338.0,36.0,420.0,1
450.0,65.0,655.0,71.5,130.0,45.0,555.0,75.5,650.0,55.0,47.0,30.0,36.0,32.0,28.0,15.0,9.0,ALUMINIUM,35.0,55.0,45.0,335.0,350.0,16.0,18.0,False,False,142.0,3.0,2.0,2.5,2.0,1.5,1.5,2.0,674.0,52.0,674.0,52.0,1,1,False,1,1,68.0,45.0,0.0,31.8,False,False,False,False,True,12,1,False,192.0,192.0,192.0,SPOKED,SPOKED,0,0,0.0,0.0,290.0,340.0,36.0,425.0,1
455.0,66.0,660.0,72.0,135.0,45.0,560.0,76.0,655.0,56.0,47.0,30.0,36.0,32.0,28.0,15.0,9.0,ALUMINIUM,36.0,56.0,46.0,336.0,352.0,16.0,18.0,False,False,142.0,3.0,2.0,2.5,2.0,1.5,1.5,2.0,674.0,52.0,674.0,52.0,1,1,False,1,1,70.0,45.0,0.0,31.8,False,False,False,False,True,12,1,False,192.0,192.0,192.0,SPOKED,SPOKED,0,0,0.0,0.0,292.0,342.0,36.0,430.0,1
460.0,67.0,665.0,72.5,140.0,45.0,565.0,76.5,660.0,57.0,47.0,30.0,36.0,32.0,28.0,15.0,9.0,ALUMINIUM,37.0,57.0,47.0,337.0,354.0,16.0,18.0,False,False,142.0,3.0,2.0,2.5,2.0,1.5,1.5,2.0,674.0,52.0,674.0,52.0,1,1,False,1,1,68.0,45.0,0.0,31.8,False,False,False,False,True,12,1,False,192.0,192.0,192.0,SPOKED,SPOKED,0,0,0.0,0.0,294.0,344.0,36.0,435.0,1
465.0,68.0,670.0,73.0,145.0,45.0,570.0,77.0,665.0,58.0,47.0,30.0,36.0,32.0,28.0,15.0,9.0,ALUMINIUM,38.0,58.0,48.0,338.0,356.0,16.0,18.0,False,False,142.0,3.0,2.0,2.5,2.0,1.5,1.5,2.0,674.0,52.0,674.0,52.0,1,1,False,1,1,70.0,45.0,0.0,31.8,False,False,False,False,True,12,1,False,192.0,192.0,192.0,SPOKED,SPOKED,0,0,0.0,0.0,296.0,346.0,36.0,440.0,1
470.0,69.0,675.0,73.5,150.0,45.0,575.0,77.5,670.0,59.0,47.0,30.0,36.0,32.0,28.0,15.0,9.0,ALUMINIUM,39.0,59.0,49.0,339.0,358.0,16.0,18.0,False,False,142.0,3.0,2.0,2.5,2.0,1.5,1.5,2.0,674.0,52.0,674.0,52.0,1,1,False,1,1,68.0,45.0,0.0,31.8,False,False,False,False,True,12,1,False,192.0,192.0,192.0,SPOKED,SPOKED,0,0,0.0,0.0,298.0,348.0,36.0,445.0,1
450.0,50.0,600.0,67.0,100.0,45.0,500.0,73.0,620.0,45.0,45.0,35.0,35.0,28.7,28.7,15.0,15.0,ALUMINIUM,25.0,128.0,30.0,0.0,0.0,0.0,0.0,False,False,135.0,1.1,0.9,1.0,1.1,0.9,0.9,1.0,736.0,114.0,736.0,114.0,1,1,False,1,1,68.0,35.0,0.0,35.0,False,False,False,False,True,12,1,False,192.0,192.0,192.0,SPOKED,SPOKED,0,0,1.0,1.0,250.0,470.0,35.0,400.0,1
455.0,55.0,610.0,66.0,95.0,45.0,490.0,74.0,615.0,46.0,45.0,34.0,34.0,29.0,29.0,18.0,14.0,ALUMINIUM,27.0,120.0,32.0,0.0,0.0,0.0,0.0,False,False,135.0,1.1,0.9,1.0,1.1,0.9,0.9,1.0,736.0,114.0,736.0,114.0,1,0,False,1,1,68.0,35.0,0.0,35.0,False,False,False,False,True,11,1,False,192.0,192.0,192.0,SPOKED,SPOKED,0,0,1.0,1.0,250.0,460.0,34.0,410.0,1
460.0,50.0,590.0,68.0,105.0,50.0,500.0,73.0,630.0,48.0,45.0,36.0,36.0,28.0,28.0,16.0,16.0,ALUMINIUM,30.0,125.0,28.0,0.0,0.0,0.0,0.0,False,False,142.0,1.1,0.9,1.0,1.1,0.9,0.9,1.0,736.0,114.0,736.0,114.0,1,1,False,1,1,68.0,35.0,0.0,35.0,False,False,False,False,True,12,2,False,192.0,192.0,192.0,SPOKED,SPOKED,0,0,1.0,1.0,250.0,475.0,36.0,400.0,2
445.0,60.0,580.0,65.0,110.0,48.0,510.0,72.0,610.0,44.0,45.0,33.0,33.0,28.5,28.5,17.0,14.5,ALUMINIUM,26.0,130.0,34.0,0.0,0.0,0.0,0.0,False,False,142.0,1.1,0.9,1.0,1.1,0.9,0.9,1.0,736.0,114.0,736.0,114.0,1,2,False,1,1,68.0,35.0,0.0,35.0,False,False,False,False,True,12,1,False,192.0,192.0,192.0,SPOKED,SPOKED,0,0,1.0,1.0,250.0,480.0,33.0,420.0,2
455.0,45.0,615.0,67.0,90.0,45.0,495.0,75.0,625.0,43.0,45.0,35.0,35.0,29.0,29.0,15.0,15.0,ALUMINIUM,28.0,123.0,31.0,0.0,0.0,0.0,0.0,False,False,135.0,1.1,0.9,1.0,1.1,0.9,0.9,1.0,736.0,114.0,736.0,114.0,1,0,False,1,1,68.0,35.0,0.0,35.0,False,False,False,False,True,11,1,False,192.0,192.0,192.0,SPOKED,SPOKED,0,0,1.0,1.0,250.0,462.0,35.0,405.0,1
452.0,58.0,605.0,69.0,100.0,47.0,505.0,73.0,620.0,47.0,45.0,34.5,34.5,28.0,28.0,16.5,15.5,ALUMINIUM,29.0,127.0,29.0,0.0,0.0,0.0,0.0,False,False,142.0,1.1,0.9,1.0,1.1,0.9,0.9,1.0,736.0,114.0,736.0,114.0,1,1,False,1,1,68.0,35.0,0.0,35.0,False,False,False,False,True,12,1,False,192.0,192.0,192.0,SPOKED,SPOKED,0,0,1.0,1.0,250.0,472.0,34.5,415.0,1
460.0,52.0,595.0,66.0,98.0,46.0,498.0,74.0,618.0,46.5,45.0,35.0,35.0,29.0,29.0,17.5,15.2,ALUMINIUM,27.5,124.0,32.5,0.0,0.0,0.0,0.0,False,False,135.0,1.1,0.9,1.0,1.1,0.9,0.9,1.0,736.0,114.0,736.0,114.0,1,2,False,1,1,68.0,35.0,0.0,35.0,False,False,False,False,True,11,1,False,192.0,192.0,192.0,SPOKED,SPOKED,0,0,1.0,1.0,250.0,468.0,35.0,400.0,1
448.0,50.0,600.0,67.0,102.0,49.0,502.0,73.5,622.0,45.5,45.0,34.0,34.0,28.3,28.3,16.0,15.0,ALUMINIUM,28.0,122.0,31.0,0.0,0.0,0.0,0.0,False,False,135.0,1.1,0.9,1.0,1.1,0.9,0.9,1.0,736.0,114.0,736.0,114.0,1,0,False,1,1,68.0,35.0,0.0,35.0,False,False,False,False,True,12,1,False,192.0,192.0,192.0,SPOKED,SPOKED,0,0,1.0,1.0,250.0,470.0,34.0,400.0,1
453.0,55.0,610.0,65.5,107.0,45.0,505.0,72.5,619.0,44.5,45.0,35.0,35.0,29.0,29.0,17.0,15.0,ALUMINIUM,29.0,126.0,30.0,0.0,0.0,0.0,0.0,False,False,142.0,1.1,0.9,1.0,1.1,0.9,0.9,1.0,736.0,114.0,736.0,114.0,1,1,False,1,1,68.0,35.0,0.0,35.0,False,False,False,False,True,11,1,False,192.0,192.0,192.0,SPOKED,SPOKED,0,0,1.0,1.0,250.0,475.0,35.0,405.0,1
450.0,60.0,620.0,68.5,112.0,46.0,508.0,74.5,630.0,45.0,45.0,36.0,36.0,28.7,28.7,15.0,15.0,ALUMINIUM,31.0,129.0,28.0,0.0,0.0,0.0,0.0,False,False,135.0,1.1,0.9,1.0,1.1,0.9,0.9,1.0,736.0,114.0,736.0,114.0,1,2,False,1,1,68.0,35.0,0.0,35.0,False,False,False,False,True,12,1,False,192.0,192.0,192.0,SPOKED,SPOKED,0,0,1.0,1.0,250.0,480.0,36.0,420.0,1
450.0,70.0,610.0,67.0,110.0,45.0,540.0,73.0,750.0,50.0,45.0,40.0,36.5,36.5,28.6,13.0,15.0,ALUMINIUM,35.0,45.0,50.0,0.0,0.0,0.0,0.0,False,False,135.0,2.0,0.9,1.1,0.9,1.2,1.0,0.9,744.0,52.0,744.0,52.0,1,1,False,1,1,68.0,45.0,0.0,31.8,False,False,False,False,True,10,1,False,192.0,192.0,192.0,SPOKED,SPOKED,0,0,0.0,0.0,278.0,740.0,28.0,300.0,1
430.0,65.0,620.0,66.0,120.0,50.0,550.0,74.0,760.0,55.0,45.0,40.0,36.5,36.5,28.6,14.0,16.0,ALUMINIUM,40.0,50.0,55.0,0.0,0.0,0.0,0.0,False,False,142.0,2.0,0.9,1.1,0.9,1.2,1.0,0.9,744.0,52.0,744.0,52.0,1,0,False,1,1,68.0,45.0,0.0,31.8,False,False,True,False,True,10,1,False,180.0,180.0,180.0,DISC,SPOKED,0,0,0.0,0.0,280.0,750.0,28.0,300.0,1
470.0,72.0,600.0,65.0,100.0,40.0,530.0,72.0,740.0,48.0,45.0,40.0,36.5,36.5,28.6,12.0,14.0,ALUMINIUM,30.0,40.0,45.0,0.0,0.0,0.0,0.0,False,False,135.0,2.0,0.9,1.1,0.9,1.2,1.0,0.9,744.0,52.0,744.0,52.0,1,2,False,1,1,68.0,45.0,0.0,31.8,False,False,False,False,True,10,1,False,170.0,170.0,170.0,SPOKED,SPOKED,0,0,0.0,0.0,278.0,730.0,28.0,300.0,1
480.0,68.0,605.0,68.0,115.0,48.0,545.0,73.5,755.0,52.0,45.0,40.0,36.5,36.5,28.6,12.0,14.0,ALUMINIUM,38.0,47.0,52.0,0.0,0.0,0.0,0.0,False,False,135.0,2.0,0.9,1.1,0.9,1.2,1.0,0.9,744.0,52.0,744.0,52.0,1,0,False,1,1,68.0,45.0,0.0,31.8,False,False,False,True,True,10,1,False,160.0,160.0,160.0,SPOKED,SPOKED,0,0,0.0,0.0,280.0,735.0,28.0,300.0,1
420.0,63.0,625.0,66.5,130.0,46.0,560.0,74.0,770.0,60.0,45.0,40.0,36.5,36.5,28.6,13.0,15.0,ALUMINIUM,42.0,53.0,58.0,0.0,0.0,0.0,0.0,False,False,135.0,2.0,0.9,1.1,0.9,1.2,1.0,0.9,744.0,52.0,744.0,52.0,1,1,False,1,1,68.0,45.0,0.0,31.8,False,True,False,False,True,10,2,False,200.0,200.0,200.0,SPOKED,SPOKED,0,0,0.0,0.0,278.0,745.0,28.0,300.0,1
460.0,70.0,590.0,67.5,105.0,43.0,535.0,72.5,730.0,50.0,45.0,40.0,36.5,36.5,28.6,13.0,15.0,ALUMINIUM,36.0,44.0,49.0,0.0,0.0,0.0,0.0,False,False,135.0,2.0,0.9,1.1,0.9,1.2,1.0,0.9,674.0,52.0,674.0,52.0,1,1,False,1,1,68.0,45.0,0.0,31.8,False,False,True,True,True,10,1,False,180.0,190.0,200.0,SPOKED,SPOKED,0,0,0.0,0.0,278.0,720.0,28.0,300.0,1
440.0,75.0,615.0,65.5,125.0,50.0,555.0,75.0,765.0,58.0,45.0,40.0,36.5,36.5,28.6,15.0,17.0,ALUMINIUM,45.0,55.0,60.0,0.0,0.0,0.0,0.0,False,False,142.0,2.0,0.9,1.1,0.9,1.2,1.0,0.9,744.0,52.0,744.0,52.0,1,2,False,1,1,68.0,45.0,0.0,31.8,True,False,False,False,True,8,1,False,190.0,190.0,190.0,TRISPOKE,SPOKED,1,0,80.0,0.0,278.0,728.0,28.0,300.0,1
455.0,69.0,610.0,66.8,118.0,47.0,548.0,73.2,752.0,54.0,45.0,40.0,36.5,36.5,28.6,14.0,16.0,ALUMINIUM,39.0,49.0,53.0,0.0,0.0,0.0,0.0,False,False,135.0,2.0,0.9,1.1,0.9,1.2,1.0,0.9,744.0,52.0,744.0,52.0,1,1,False,1,1,68.0,45.0,0.0,31.8,False,False,True,False,False,10,1,True,195.0,195.0,195.0,DISC,DISC,0,0,0.0,0.0,278.0,742.0,28.0,300.0,1
465.0,71.0,600.0,67.2,108.0,44.0,533.0,72.8,745.0,50.0,45.0,40.0,36.5,36.5,28.6,13.0,15.0,ALUMINIUM,37.0,46.0,51.0,0.0,0.0,0.0,0.0,False,False,135.0,2.0,0.9,1.1,0.9,1.2,1.0,0.9,744.0,52.0,744.0,52.0,1,0,False,1,1,68.0,45.0,0.0,31.8,True,True,False,True,True,12,2,False,205.0,205.0,205.0,SPOKED,TRISPOKE,0,1,0.0,80.0,278.0,738.0,28.0,300.0,1
435.0,67.0,605.0,66.2,112.0,49.0,552.0,74.1,757.0,56.0,45.0,40.0,36.5,36.5,28.6,14.0,16.0,ALUMINIUM,41.0,52.0,57.0,0.0,0.0,0.0,0.0,False,False,135.0,2.0,0.9,1.1,0.9,1.2,1.0,0.9,744.0,52.0,744.0,52.0,1,2,False,1,1,68.0,45.0,0.0,31.8,False,False,False,False,True,10,1,False,185.0,185.0,185.0,SPOKED,DISC,0,0,0.0,0.0,278.0,742.0,28.0,300.0,1
420.0,70.0,600.0,67.0,120.0,45.0,550.0,73.0,720.0,45.0,50.0,32.0,30.0,28.0,27.0,15.0,15.0,ALUMINIUM,30.0,45.0,40.0,320.0,330.0,16.0,18.0,False,False,135.0,2.5,1.1,1.2,1.1,1.2,1.0,1.3,622.0,65.0,622.0,65.0,1,1,False,1,1,70.0,50.0,0.0,31.8,True,False,False,False,True,11,1,False,192.0,192.0,192.0,DISC,SPOKED,0,0,0.0,0.0,280.0,320.0,40.0,330.0,1
430.0,68.0,610.0,68.0,130.0,48.0,560.0,72.0,710.0,48.0,48.0,33.0,32.0,27.0,28.0,16.0,16.0,ALUMINIUM,35.0,50.0,45.0,315.0,335.0,17.0,19.0,False,False,135.0,2.6,1.2,1.25,1.15,1.25,1.05,1.35,622.0,67.0,622.0,67.0,1,2,False,1,1,72.0,52.0,0.0,31.8,True,False,False,False,True,10,1,False,192.0,192.0,192.0,DISC,SPOKED,0,0,0.0,0.0,290.0,330.0,42.0,340.0,1
415.0,72.0,595.0,66.0,125.0,47.0,545.0,73.0,730.0,44.0,52.0,31.0,29.0,26.0,26.0,14.0,14.0,ALUMINIUM,28.0,42.0,35.0,325.0,340.0,15.0,17.0,False,False,135.0,2.3,1.0,1.2,1.0,1.2,0.9,1.3,622.0,63.0,622.0,63.0,1,2,False,1,1,75.0,45.0,0.0,31.8,True,False,False,False,True,11,2,False,192.0,192.0,192.0,DISC,SPOKED,0,0,0.0,0.0,260.0,310.0,38.0,320.0,2
440.0,66.0,620.0,67.0,140.0,46.0,565.0,74.0,700.0,46.0,50.0,34.0,34.0,29.0,29.0,18.0,18.0,ALUMINIUM,32.0,48.0,50.0,318.0,338.0,18.0,20.0,False,False,135.0,2.7,1.3,1.4,1.3,1.4,1.1,1.5,622.0,69.0,622.0,69.0,1,1,False,1,1,68.0,55.0,0.0,31.8,True,False,False,False,True,10,1,False,192.0,192.0,192.0,DISC,SPOKED,0,0,0.0,0.0,300.0,350.0,44.0,350.0,1
425.0,69.0,635.0,68.0,135.0,50.0,580.0,72.0,690.0,42.0,49.0,30.0,33.0,28.0,27.0,17.0,17.0,ALUMINIUM,36.0,55.0,55.0,322.0,332.0,16.0,18.0,False,False,135.0,2.4,1.15,1.3,1.2,1.3,1.0,1.4,622.0,64.0,622.0,64.0,1,2,False,1,2,70.0,50.0,0.0,31.8,True,False,False,False,True,11,1,False,192.0,192.0,192.0,DISC,SPOKED,0,0,0.0,0.0,275.0,325.0,39.0,340.0,1
410.0,65.0,585.0,69.0,110.0,45.0,530.0,73.0,750.0,47.0,51.0,32.0,32.0,27.0,26.0,13.0,13.0,ALUMINIUM,30.0,43.0,38.0,310.0,330.0,15.0,17.0,False,False,135.0,2.3,1.05,1.2,1.1,1.2,0.95,1.2,622.0,62.0,622.0,62.0,1,1,False,1,1,65.0,45.0,0.0,31.8,True,False,False,False,True,10,2,False,192.0,192.0,192.0,DISC,SPOKED,0,0,0.0,0.0,285.0,315.0,41.0,310.0,2
435.0,74.0,600.0,66.0,145.0,49.0,595.0,72.0,710.0,41.0,46.0,33.0,31.0,29.0,28.0,16.0,16.0,ALUMINIUM,34.0,47.0,48.0,320.0,340.0,18.0,19.0,False,False,135.0,3.0,1.2,1.3,1.2,1.3,1.05,1.4,622.0,68.0,622.0,68.0,1,2,False,1,1,72.0,54.0,0.0,31.8,True,False,False,False,True,11,2,False,192.0,192.0,192.0,DISC,SPOKED,0,0,0.0,0.0,295.0,345.0,43.0,345.0,1
425.0,68.0,610.0,67.0,150.0,47.0,575.0,73.0,730.0,44.0,52.0,34.0,33.0,28.0,29.0,15.0,15.0,ALUMINIUM,33.0,49.0,42.0,315.0,335.0,17.0,18.0,False,False,135.0,2.5,1.3,1.2,1.1,1.2,1.0,1.3,622.0,66.0,622.0,66.0,1,2,False,1,1,68.0,48.0,0.0,31.8,True,False,False,False,True,10,1,False,192.0,192.0,192.0,DISC,SPOKED,0,0,0.0,0.0,288.0,338.0,42.0,340.0,1
445.0,71.0,625.0,66.0,120.0,46.0,560.0,74.0,705.0,46.0,49.0,31.0,30.0,27.0,27.0,18.0,18.0,ALUMINIUM,29.0,46.0,36.0,318.0,338.0,16.0,17.0,False,False,135.0,2.8,1.1,1.3,1.2,1.3,1.0,1.4,622.0,64.0,622.0,64.0,1,1,False,1,2,74.0,53.0,0.0,31.8,True,False,False,False,True,11,1,False,192.0,192.0,192.0,DISC,SPOKED,0,0,0.0,0.0,265.0,315.0,37.0,320.0,2
430.0,69.0,590.0,68.0,115.0,45.0,540.0,73.0,720.0,45.0,50.0,32.0,34.0,29.0,28.0,17.0,17.0,ALUMINIUM,31.0,44.0,39.0,312.0,332.0,15.0,16.0,False,False,135.0,2.6,1.0,1.2,1.1,1.2,0.95,1.2,622.0,63.0,622.0,63.0,1,2,False,1,1,70.0,51.0,0.0,31.8,True,False,False,False,True,10,2,False,192.0,192.0,192.0,DISC,SPOKED,0,0,0.0,0.0,292.0,342.0,40.0,330.0,1
450.0,30.0,620.0,67.0,130.0,50.0,560.0,73.0,630.0,45.0,45.0,30.0,35.0,25.0,25.0,15.0,20.0,ALUMINIUM,35.0,50.0,35.0,0.0,0.0,0.0,0.0,False,False,135.0,2.0,1.2,1.5,1.2,1.2,1.0,1.2,737.0,50.0,737.0,50.0,1,1,False,1,1,68.0,45.0,0.0,35.0,False,False,False,False,True,11,1,False,192.0,192.0,192.0,SPOKED,SPOKED,0,0,0.0,0.0,280.0,760.0,35.0,300.0,1
455.0,25.0,610.0,68.0,140.0,55.0,550.0,74.0,640.0,50.0,45.0,30.0,35.0,25.0,25.0,15.0,20.0,ALUMINIUM,40.0,55.0,30.0,0.0,0.0,0.0,0.0,False,False,135.0,2.0,1.2,1.5,1.2,1.2,1.0,1.2,699.0,50.0,699.0,50.0,1,2,False,1,1,68.0,45.0,0.0,35.0,False,False,False,False,True,12,1,False,200.0,200.0,200.0,SPOKED,SPOKED,0,0,0.0,0.0,290.0,760.0,35.0,310.0,1
445.0,35.0,615.0,66.0,125.0,45.0,570.0,72.5,635.0,40.0,45.0,30.0,35.0,25.0,25.0,15.0,20.0,ALUMINIUM,30.0,50.0,35.0,0.0,0.0,0.0,0.0,False,False,135.0,2.0,1.2,1.5,1.2,1.2,1.0,1.2,737.0,50.0,737.0,50.0,1,0,False,1,1,68.0,45.0,0.0,35.0,False,False,False,False,True,10,1,False,180.0,180.0,180.0,SPOKED,SPOKED,0,0,0.0,0.0,295.0,760.0,35.0,280.0,1
460.0,32.0,625.0,65.0,135.0,60.0,580.0,73.5,650.0,48.0,45.0,30.0,35.0,25.0,25.0,15.0,20.0,ALUMINIUM,38.0,60.0,32.0,0.0,0.0,0.0,0.0,False,False,135.0,2.0,1.2,1.5,1.2,1.2,1.0,1.2,699.0,50.0,699.0,50.0,1,1,False,1,1,68.0,45.0,0.0,35.0,True,False,False,False,True,11,1,False,155.0,155.0,155.0,SPOKED,SPOKED,0,0,0.0,0.0,285.0,760.0,35.0,320.0,1
452.0,28.0,605.0,67.5,120.0,50.0,540.0,73.0,620.0,45.0,45.0,30.0,35.0,25.0,25.0,15.0,20.0,ALUMINIUM,32.0,45.0,30.0,0.0,0.0,0.0,0.0,False,False,135.0,2.0,1.2,1.5,1.2,1.2,1.0,1.2,737.0,50.0,737.0,50.0,1,2,False,1,1,68.0,45.0,0.0,35.0,False,False,False,False,True,9,1,False,170.0,170.0,170.0,SPOKED,SPOKED,0,0,0.0,0.0,275.0,760.0,35.0,290.0,1
448.0,30.0,630.0,68.5,150.0,48.0,555.0,72.8,645.0,42.0,45.0,30.0,35.0,25.0,25.0,15.0,20.0,ALUMINIUM,45.0,50.0,30.0,0.0,0.0,0.0,0.0,False,False,135.0,2.0,1.2,1.5,1.2,1.2,1.0,1.2,699.0,50.0,699.0,50.0,1,1,False,1,1,68.0,45.0,0.0,35.0,False,False,False,False,True,12,1,False,210.0,210.0,210.0,SPOKED,SPOKED,0,0,0.0,0.0,300.0,760.0,35.0,305.0,1
465.0,29.0,618.0,66.5,145.0,53.0,565.0,73.2,640.0,47.0,45.0,30.0,35.0,25.0,25.0,15.0,20.0,ALUMINIUM,42.0,55.0,30.0,0.0,0.0,0.0,0.0,False,False,135.0,2.0,1.2,1.5,1.2,1.2,1.0,1.2,737.0,50.0,737.0,50.0,1,0,False,1,1,68.0,45.0,0.0,35.0,False,False,False,False,True,8,1,False,160.0,160.0,160.0,SPOKED,SPOKED,0,0,0.0,0.0,285.0,760.0,35.0,315.0,1
438.0,33.0,608.0,67.0,115.0,49.0,548.0,73.0,630.0,44.0,45.0,30.0,35.0,25.0,25.0,15.0,20.0,ALUMINIUM,28.0,48.0,30.0,0.0,0.0,0.0,0.0,False,False,135.0,2.0,1.2,1.5,1.2,1.2,1.0,1.2,699.0,50.0,699.0,50.0,1,2,False,1,1,68.0,45.0,0.0,35.0,False,False,False,False,True,10,1,False,205.0,205.0,205.0,SPOKED,SPOKED,0,0,0.0,0.0,290.0,760.0,35.0,280.0,1
455.0,31.0,622.0,65.5,128.0,57.0,575.0,74.0,655.0,46.0,45.0,30.0,35.0,25.0,25.0,15.0,20.0,ALUMINIUM,36.0,60.0,30.0,0.0,0.0,0.0,0.0,False,False,135.0,2.0,1.2,1.5,1.2,1.2,1.0,1.2,737.0,50.0,737.0,50.0,1,1,False,1,1,68.0,45.0,0.0,35.0,False,True,False,False,True,11,1,False,180.0,180.0,200.0,SPOKED,SPOKED,0,0,0.0,0.0,295.0,760.0,35.0,300.0,1
442.0,27.0,613.0,68.0,132.0,51.0,558.0,72.6,635.0,45.0,45.0,30.0,35.0,25.0,25.0,15.0,20.0,ALUMINIUM,33.0,52.0,30.0,0.0,0.0,0.0,0.0,False,False,135.0,2.0,1.2,1.5,1.2,1.2,1.0,1.2,699.0,50.0,699.0,50.0,1,0,False,1,1,68.0,45.0,0.0,35.0,False,False,False,False,True,9,1,False,190.0,190.0,190.0,SPOKED,SPOKED,0,0,0.0,0.0,280.0,760.0,35.0,310.0,1
425.0,70.0,580.0,67.0,95.0,45.0,530.0,73.0,640.0,45.0,45.0,40.0,30.0,35.0,25.0,13.0,15.0,ALUMINIUM,30.0,45.0,45.0,0.0,0.0,0.0,0.0,False,False,135.0,2.0,0.9,1.1,0.9,1.2,1.0,0.9,740.0,70.0,740.0,70.0,1,1,False,1,1,73.0,42.0,0.0,31.8,False,False,False,False,True,12,1,False,192.0,192.0,192.0,SPOKED,SPOKED,1,1,80.0,80.0,260.0,300.0,34.0,300.0,1
430.0,72.0,590.0,66.0,100.0,45.0,540.0,74.0,650.0,50.0,45.0,42.0,32.0,36.0,26.0,14.0,16.0,ALUMINIUM,32.0,46.0,47.0,0.0,0.0,0.0,0.0,False,False,135.0,2.0,0.9,1.1,0.9,1.2,1.0,0.9,735.0,65.0,735.0,65.0,1,2,False,1,1,73.0,43.0,0.0,32.0,False,False,False,False,True,11,1,False,180.0,180.0,180.0,SPOKED,SPOKED,1,1,85.0,85.0,265.0,305.0,36.0,310.0,1
420.0,68.0,570.0,68.0,90.0,45.0,525.0,72.0,638.0,48.0,45.0,38.0,28.0,34.0,24.0,12.0,14.0,ALUMINIUM,28.0,44.0,43.0,0.0,0.0,0.0,0.0,False,False,135.0,2.0,0.9,1.1,0.9,1.2,1.0,0.9,745.0,75.0,745.0,75.0,1,1,False,1,1,73.0,41.0,0.0,31.5,False,False,False,False,True,12,1,False,200.0,200.0,200.0,SPOKED,SPOKED,1,1,80.0,80.0,255.0,295.0,34.0,290.0,1
440.0,72.0,585.0,66.5,98.0,47.0,535.0,73.5,645.0,47.0,45.0,41.0,31.0,37.0,27.0,13.5,15.5,ALUMINIUM,31.0,45.5,46.0,0.0,0.0,0.0,0.0,False,False,135.0,2.0,0.9,1.1,0.9,1.2,1.0,0.9,739.0,69.0,739.0,69.0,1,0,False,1,1,73.0,44.0,0.0,32.0,False,False,False,False,True,10,1,False,170.0,170.0,170.0,SPOKED,SPOKED,1,1,82.0,82.0,270.0,310.0,35.0,305.0,1
410.0,68.0,575.0,67.5,92.0,44.0,528.0,72.5,635.0,49.0,45.0,39.0,29.0,34.5,24.5,12.5,14.5,ALUMINIUM,29.0,43.0,42.0,0.0,0.0,0.0,0.0,False,False,135.0,2.0,0.8,1.2,0.9,1.1,0.9,0.8,738.0,68.0,738.0,68.0,1,1,False,1,1,73.0,40.0,0.0,31.0,False,False,False,False,True,11,1,False,195.0,195.0,195.0,SPOKED,SPOKED,1,1,79.0,79.0,255.0,298.0,33.0,295.0,1
435.0,70.0,600.0,66.0,105.0,46.0,545.0,74.0,655.0,44.0,45.0,43.0,33.0,38.0,28.0,14.0,16.0,ALUMINIUM,33.0,47.0,48.0,0.0,0.0,0.0,0.0,False,False,135.0,2.0,0.9,1.1,0.9,1.2,1.0,0.9,742.0,72.0,742.0,72.0,1,2,False,1,1,73.0,45.0,0.0,33.0,False,False,False,False,True,12,1,False,185.0,185.0,185.0,SPOKED,SPOKED,1,1,83.0,83.0,280.0,315.0,37.0,320.0,1
420.0,69.0,568.0,67.0,90.0,45.0,532.0,73.0,642.0,46.0,45.0,40.5,31.5,35.5,25.5,13.0,15.0,ALUMINIUM,30.5,45.0,44.5,0.0,0.0,0.0,0.0,False,False,135.0,2.0,0.9,1.1,0.9,1.2,1.0,0.9,736.0,67.0,736.0,67.0,1,1,False,1,1,73.0,43.0,0.0,32.0,False,False,False,False,True,12,1,False,190.0,190.0,190.0,SPOKED,SPOKED,1,1,80.0,80.0,265.0,303.0,36.0,312.0,1
445.0,71.0,595.0,66.5,102.0,47.0,538.0,73.5,650.0,45.0,45.0,42.5,32.5,36.5,26.5,14.0,16.0,ALUMINIUM,32.5,46.0,47.5,0.0,0.0,0.0,0.0,False,False,135.0,2.0,0.9,1.1,0.9,1.2,1.0,0.9,743.0,71.0,743.0,71.0,1,0,False,1,1,73.0,44.0,0.0,33.0,False,False,False,False,True,10,1,False,175.0,175.0,175.0,SPOKED,SPOKED,1,1,85.0,85.0,275.0,308.0,35.5,318.0,1
415.0,69.0,578.0,67.5,94.0,45.0,534.0,72.5,638.0,49.0,45.0,39.5,30.5,35.0,25.0,13.0,15.0,ALUMINIUM,29.5,44.5,43.5,0.0,0.0,0.0,0.0,False,False,135.0,2.0,0.9,1.1,0.9,1.2,1.0,0.9,737.0,68.5,737.0,68.5,1,2,False,1,1,73.0,42.5,0.0,31.8,False,False,False,False,True,11,1,False,188.0,188.0,188.0,SPOKED,SPOKED,1,1,81.0,81.0,262.0,304.0,34.5,305.0,1
430.0,70.0,565.0,66.0,88.0,44.0,527.0,72.0,630.0,50.0,45.0,37.5,29.5,34.0,24.0,12.0,14.0,ALUMINIUM,27.0,43.0,42.5,0.0,0.0,0.0,0.0,False,False,135.0,2.0,0.9,1.1,0.9,1.2,1.0,0.9,735.0,66.0,735.0,66.0,1,1,False,1,1,73.0,40.0,0.0,31.0,False,False,False,False,True,12,1,False,160.0,160.0,160.0,SPOKED,SPOKED,1,1,78.0,78.0,250.0,290.0,33.0,290.0,1
445.0,30.0,620.0,66.0,160.0,40.0,580.0,73.0,620.0,45.0,68.0,31.8,34.0,28.6,28.6,15.0,15.0,ALUMINIUM,30.0,45.0,30.0,0.0,0.0,0.0,0.0,False,False,135.0,2.5,2.0,2.0,2.5,2.0,2.0,2.0,690.0,68.0,690.0,68.0,1,0,False,1,1,68.0,34.0,0.0,33.9,False,False,False,False,True,12,1,False,192.0,192.0,192.0,SPOKED,SPOKED,0,0,0.0,0.0,280.0,720.0,34.0,300.0,1
438.0,32.0,610.0,65.0,155.0,42.0,570.0,72.5,615.0,45.0,68.0,31.8,34.0,28.6,28.6,15.0,15.0,ALUMINIUM,30.0,45.0,30.0,0.0,0.0,0.0,0.0,False,False,135.0,2.5,2.0,2.0,2.5,2.0,2.0,2.0,690.0,68.0,690.0,68.0,1,1,False,1,1,68.0,34.0,0.0,33.9,False,False,False,False,True,12,1,False,192.0,192.0,192.0,SPOKED,SPOKED,0,0,0.0,0.0,280.0,720.0,34.0,300.0,1
442.0,34.0,630.0,67.0,170.0,38.0,590.0,73.5,640.0,45.0,68.0,31.8,34.0,28.6,28.6,15.0,15.0,ALUMINIUM,30.0,45.0,30.0,0.0,0.0,0.0,0.0,False,False,135.0,2.5,2.0,2.0,2.5,2.0,2.0,2.0,690.0,68.0,690.0,68.0,1,2,False,1,1,68.0,34.0,0.0,33.9,False,False,False,False,True,12,1,False,192.0,192.0,192.0,SPOKED,SPOKED,0,0,0.0,0.0,280.0,720.0,34.0,300.0,1
435.0,33.0,605.0,66.5,150.0,40.0,560.0,72.0,610.0,45.0,68.0,31.8,34.0,28.6,28.6,15.0,15.0,ALUMINIUM,30.0,45.0,30.0,0.0,0.0,0.0,0.0,False,False,135.0,2.5,2.0,2.0,2.5,2.0,2.0,2.0,690.0,68.0,690.0,68.0,1,0,False,1,1,68.0,34.0,0.0,33.9,False,False,False,False,True,12,1,False,192.0,192.0,192.0,SPOKED,SPOKED,0,0,0.0,0.0,280.0,720.0,34.0,300.0,1
448.0,31.0,625.0,65.5,165.0,39.0,600.0,74.0,650.0,45.0,68.0,31.8,34.0,28.6,28.6,15.0,15.0,ALUMINIUM,30.0,45.0,30.0,0.0,0.0,0.0,0.0,False,False,135.0,2.5,2.0,2.0,2.5,2.0,2.0,2.0,690.0,68.0,690.0,68.0,1,1,False,1,1,68.0,34.0,0.0,33.9,False,False,False,False,True,12,1,False,192.0,192.0,192.0,SPOKED,SPOKED,0,0,0.0,0.0,280.0,720.0,34.0,300.0,1
442.0,36.0,638.0,68.0,175.0,41.0,585.0,73.0,630.0,45.0,68.0,31.8,34.0,28.6,28.6,15.0,15.0,ALUMINIUM,30.0,45.0,30.0,0.0,0.0,0.0,0.0,False,False,135.0,2.5,2.0,2.0,2.5,2.0,2.0,2.0,690.0,68.0,690.0,68.0,1,2,False,1,1,68.0,34.0,0.0,33.9,False,False,False,False,True,12,1,False,192.0,192.0,192.0,SPOKED,SPOKED,0,0,0.0,0.0,280.0,720.0,34.0,300.0,1
439.0,29.0,600.0,66.0,158.0,37.0,555.0,72.5,600.0,45.0,68.0,31.8,34.0,28.6,28.6,15.0,15.0,ALUMINIUM,30.0,45.0,30.0,0.0,0.0,0.0,0.0,False,False,135.0,2.5,2.0,2.0,2.5,2.0,2.0,2.0,690.0,68.0,690.0,68.0,1,0,False,1,1,68.0,34.0,0.0,33.9,False,False,False,False,True,12,1,False,192.0,192.0,192.0,SPOKED,SPOKED,0,0,0.0,0.0,280.0,720.0,34.0,300.0,1
446.0,35.0,635.0,67.5,172.0,36.0,595.0,73.5,645.0,45.0,68.0,31.8,34.0,28.6,28.6,15.0,15.0,ALUMINIUM,30.0,45.0,30.0,0.0,0.0,0.0,0.0,False,False,135.0,2.5,2.0,2.0,2.5,2.0,2.0,2.0,690.0,68.0,690.0,68.0,1,1,False,1,1,68.0,34.0,0.0,33.9,False,False,False,False,True,12,1,False,192.0,192.0,192.0,SPOKED,SPOKED,0,0,0.0,0.0,280.0,720.0,34.0,300.0,1
441.0,34.0,615.0,66.2,162.0,43.0,575.0,73.0,620.0,45.0,68.0,31.8,34.0,28.6,28.6,15.0,15.0,ALUMINIUM,30.0,45.0,30.0,0.0,0.0,0.0,0.0,False,False,135.0,2.5,2.0,2.0,2.5,2.0,2.0,2.0,690.0,68.0,690.0,68.0,1,2,False,1,1,68.0,34.0,0.0,33.9,False,False,False,False,True,12,1,False,192.0,192.0,192.0,SPOKED,SPOKED,0,0,0.0,0.0,280.0,720.0,34.0,300.0,1
437.0,30.0,625.0,65.8,168.0,42.0,590.0,74.0,640.0,45.0,68.0,31.8,34.0,28.6,28.6,15.0,15.0,ALUMINIUM,30.0,45.0,30.0,0.0,0.0,0.0,0.0,False,False,135.0,2.5,2.0,2.0,2.5,2.0,2.0,2.0,690.0,68.0,690.0,68.0,1,0,False,1,1,68.0,34.0,0.0,33.9,False,False,False,False,True,12,1,False,192.0,192.0,192.0,SPOKED,SPOKED,0,0,0.0,0.0,280.0,720.0,34.0,300.0,1
415.0,55.0,620.0,66.0,90.0,45.0,450.0,72.0,650.0,40.0,38.0,30.0,34.0,26.0,22.0,15.0,8.0,ALUMINIUM,28.0,28.0,28.0,330.0,350.0,15.0,17.0,False,False,135.0,2.0,0.9,0.9,0.9,0.9,0.9,0.9,680.0,24.0,680.0,24.0,1,0,False,1,1,68.0,44.0,0.0,34.0,False,False,False,False,True,8,1,False,192.0,192.0,192.0,SPOKED,SPOKED,0,0,0.0,0.0,250.0,700.0,34.0,300.0,1
420.0,60.0,630.0,67.0,95.0,45.0,460.0,73.0,660.0,42.0,40.0,32.0,36.0,28.0,24.0,16.0,9.0,ALUMINIUM,30.0,30.0,30.0,330.0,350.0,16.0,18.0,False,False,135.0,2.0,1.0,1.0,1.0,1.0,1.0,1.0,690.0,25.0,690.0,25.0,1,1,False,1,1,68.0,45.0,0.0,34.0,False,False,False,False,True,9,1,False,192.0,192.0,192.0,SPOKED,SPOKED,0,0,0.0,0.0,260.0,710.0,36.0,310.0,1
425.0,65.0,640.0,68.0,100.0,45.0,470.0,74.0,670.0,44.0,42.0,34.0,38.0,30.0,26.0,17.0,10.0,ALUMINIUM,32.0,32.0,32.0,330.0,350.0,17.0,19.0,False,False,135.0,2.0,1.1,1.1,1.1,1.1,1.1,1.1,700.0,26.0,700.0,26.0,1,2,False,1,1,68.0,46.0,0.0,35.0,False,False,False,False,True,10,1,False,192.0,192.0,192.0,SPOKED,SPOKED,0,0,0.0,0.0,270.0,720.0,38.0,320.0,1
430.0,70.0,650.0,69.0,105.0,45.0,480.0,75.0,680.0,46.0,38.0,36.0,34.0,26.0,22.0,15.0,8.0,ALUMINIUM,28.0,30.0,32.0,330.0,350.0,15.0,18.0,False,False,135.0,2.0,0.9,1.0,1.1,0.9,1.0,1.1,680.0,24.0,680.0,24.0,1,0,False,1,1,68.0,44.0,0.0,34.0,True,False,False,False,True,11,1,False,192.0,192.0,192.0,SPOKED,SPOKED,0,0,0.0,0.0,250.0,710.0,34.0,310.0,1
435.0,55.0,660.0,66.0,110.0,45.0,490.0,76.0,690.0,48.0,40.0,30.0,36.0,28.0,24.0,16.0,9.0,ALUMINIUM,30.0,28.0,30.0,330.0,350.0,16.0,17.0,False,False,135.0,2.0,1.0,0.9,1.1,0.9,1.0,1.1,690.0,25.0,690.0,25.0,1,1,False,1,1,68.0,45.0,0.0,35.0,False,True,False,False,True,12,1,False,192.0,192.0,192.0,SPOKED,SPOKED,0,0,0.0,0.0,260.0,700.0,36.0,300.0,1
440.0,60.0,650.0,67.0,115.0,45.0,500.0,72.0,700.0,50.0,42.0,32.0,38.0,30.0,26.0,17.0,10.0,ALUMINIUM,32.0,30.0,28.0,330.0,350.0,17.0,19.0,False,False,135.0,2.0,1.1,0.9,1.0,1.1,0.9,1.0,700.0,26.0,700.0,26.0,1,2,False,1,1,68.0,46.0,0.0,34.0,False,False,False,False,True,8,1,False,192.0,192.0,192.0,SPOKED,SPOKED,0,0,0.0,0.0,270.0,720.0,38.0,320.0,1
445.0,65.0,640.0,68.0,120.0,45.0,510.0,73.0,710.0,52.0,38.0,34.0,34.0,26.0,24.0,15.0,8.0,ALUMINIUM,28.0,28.0,32.0,330.0,350.0,15.0,17.0,False,False,135.0,2.0,0.9,1.0,1.1,0.9,1.0,1.1,680.0,24.0,680.0,24.0,1,0,False,1,1,68.0,44.0,0.0,34.0,False,False,False,False,True,9,1,False,192.0,192.0,192.0,SPOKED,SPOKED,0,0,0.0,0.0,250.0,710.0,34.0,300.0,1
450.0,70.0,630.0,69.0,85.0,45.0,520.0,74.0,720.0,54.0,40.0,36.0,36.0,28.0,26.0,16.0,9.0,ALUMINIUM,30.0,30.0,30.0,330.0,350.0,16.0,18.0,False,False,135.0,2.0,1.0,1.1,1.0,1.1,1.0,0.9,690.0,25.0,690.0,25.0,1,1,False,1,1,68.0,45.0,0.0,35.0,False,False,False,False,True,10,1,False,192.0,192.0,192.0,SPOKED,SPOKED,0,0,0.0,0.0,260.0,700.0,36.0,310.0,1
455.0,55.0,620.0,66.0,80.0,45.0,530.0,75.0,730.0,56.0,42.0,30.0,38.0,30.0,26.0,17.0,10.0,ALUMINIUM,32.0,32.0,28.0,330.0,350.0,17.0,19.0,False,False,135.0,2.0,1.1,0.9,1.0,1.1,0.9,1.0,700.0,26.0,700.0,26.0,1,2,False,1,1,68.0,46.0,0.0,34.0,False,False,False,False,True,11,1,False,192.0,192.0,192.0,SPOKED,SPOKED,0,0,0.0,0.0,270.0,720.0,38.0,320.0,1
460.0,60.0,610.0,67.0,125.0,45.0,540.0,76.0,740.0,58.0,38.0,32.0,34.0,26.0,22.0,15.0,8.0,ALUMINIUM,28.0,30.0,32.0,330.0,350.0,15.0,17.0,False,False,135.0,2.0,0.9,1.0,1.1,0.9,1.0,1.1,680.0,24.0,680.0,24.0,1,0,False,1,1,68.0,44.0,0.0,35.0,False,True,False,False,True,12,1,False,192.0,192.0,192.0,SPOKED,SPOKED,0,0,0.0,0.0,250.0,700.0,34.0,300.0,1
430.0,65.0,600.0,68.0,130.0,45.0,550.0,74.0,680.0,45.0,45.0,40.0,30.0,36.0,23.0,13.0,15.0,ALUMINIUM,50.0,50.0,40.0,330.0,350.0,16.0,18.0,False,False,135.0,2.5,2.5,2.5,2.5,2.5,2.5,2.5,740.0,50.0,740.0,50.0,1,0,False,1,1,68.0,45.0,0.0,34.9,False,False,False,False,True,11,1,False,192.0,192.0,192.0,DISC,DISC,0,0,0.0,0.0,270.0,700.0,30.0,300.0,1
440.0,60.0,610.0,67.0,140.0,45.0,560.0,75.0,690.0,47.0,45.0,42.0,32.0,37.0,24.0,13.0,15.0,ALUMINIUM,55.0,55.0,45.0,330.0,350.0,16.0,18.0,False,False,135.0,2.5,2.5,2.5,2.5,2.5,2.5,2.5,740.0,50.0,740.0,50.0,1,1,False,1,1,68.0,47.0,0.0,35.0,False,False,False,False,True,12,1,False,200.0,200.0,200.0,DISC,DISC,0,0,0.0,0.0,275.0,705.0,32.0,310.0,1
450.0,68.0,590.0,69.0,135.0,45.0,540.0,74.5,670.0,46.0,45.0,40.0,31.0,36.0,23.5,13.0,15.0,ALUMINIUM,52.0,48.0,42.0,330.0,350.0,16.0,18.0,False,False,135.0,2.5,2.5,2.5,2.5,2.5,2.5,2.5,740.0,50.0,740.0,50.0,1,2,False,1,1,68.0,46.0,0.0,34.9,False,False,False,False,True,11,1,False,180.0,180.0,180.0,DISC,DISC,0,0,0.0,0.0,272.0,695.0,31.0,290.0,1
425.0,62.0,595.0,68.5,125.0,45.0,550.0,74.0,685.0,44.0,45.0,41.0,30.0,36.0,23.0,13.0,15.0,ALUMINIUM,48.0,52.0,44.0,330.0,350.0,16.0,18.0,False,False,135.0,2.5,2.5,2.5,2.5,2.5,2.5,2.5,740.0,50.0,740.0,50.0,1,0,False,1,1,68.0,45.0,0.0,34.9,False,False,False,False,True,10,1,False,192.0,192.0,200.0,DISC,DISC,0,0,0.0,0.0,268.0,710.0,30.0,320.0,1
460.0,66.0,605.0,67.5,145.0,45.0,565.0,75.0,700.0,45.0,45.0,43.0,32.0,38.0,24.0,13.0,15.0,ALUMINIUM,60.0,45.0,50.0,330.0,350.0,16.0,18.0,False,False,135.0,2.5,2.5,2.5,2.5,2.5,2.5,2.5,740.0,50.0,740.0,50.0,1,1,False,1,1,68.0,48.0,0.0,34.9,False,False,False,False,True,11,1,False,210.0,210.0,210.0,DISC,DISC,0,0,0.0,0.0,280.0,700.0,32.0,330.0,1
435.0,64.0,598.0,68.0,132.0,45.0,555.0,74.2,675.0,46.0,45.0,42.0,31.0,37.0,23.5,13.0,15.0,ALUMINIUM,54.0,49.0,43.0,330.0,350.0,16.0,18.0,False,False,135.0,2.5,2.5,2.5,2.5,2.5,2.5,2.5,740.0,50.0,740.0,50.0,1,2,False,1,1,68.0,47.0,0.0,34.9,False,False,False,False,True,12,1,False,200.0,205.0,200.0,DISC,DISC,0,0,0.0,0.0,265.0,695.0,31.0,305.0,1
445.0,63.0,620.0,67.0,138.0,45.0,560.0,74.8,695.0,47.0,45.0,40.0,30.0,36.0,23.0,13.0,15.0,ALUMINIUM,57.0,53.0,46.0,330.0,350.0,16.0,18.0,False,False,135.0,2.5,2.5,2.5,2.5,2.5,2.5,2.5,740.0,50.0,740.0,50.0,1,0,False,1,1,68.0,46.0,0.0,34.9,False,False,False,False,True,11,1,False,195.0,200.0,205.0,DISC,DISC,0,0,0.0,0.0,275.0,710.0,30.0,315.0,1
420.0,69.0,585.0,69.0,120.0,45.0,530.0,74.0,660.0,45.0,45.0,40.0,29.0,35.0,22.5,13.0,15.0,ALUMINIUM,45.0,47.0,38.0,330.0,350.0,16.0,18.0,False,False,135.0,2.5,2.5,2.5,2.5,2.5,2.5,2.5,740.0,50.0,740.0,50.0,1,1,False,1,1,68.0,44.0,0.0,34.9,False,False,False,False,True,10,1,False,190.0,200.0,190.0,DISC,DISC,0,0,0.0,0.0,268.0,685.0,29.0,280.0,1
455.0,61.0,612.0,68.5,142.0,45.0,565.0,75.0,705.0,46.0,45.0,40.0,31.0,36.0,23.0,13.0,15.0,ALUMINIUM,58.0,54.0,48.0,330.0,350.0,16.0,18.0,False,False,135.0,2.5,2.5,2.5,2.5,2.5,2.5,2.5,740.0,50.0,740.0,50.0,1,2,False,1,1,68.0,49.0,0.0,34.9,False,False,False,False,True,12,1,False,210.0,200.0,210.0,DISC,DISC,0,0,0.0,0.0,280.0,720.0,32.0,340.0,1
465.0,67.0,608.0,68.0,128.0,45.0,555.0,74.1,675.0,45.0,45.0,41.0,30.5,36.5,23.2,13.0,15.0,ALUMINIUM,53.0,51.0,41.0,330.0,350.0,16.0,18.0,False,False,135.0,2.5,2.5,2.5,2.5,2.5,2.5,2.5,740.0,50.0,740.0,50.0,1,2,False,1,1,68.0,46.0,0.0,34.9,False,False,False,False,True,11,1,False,180.0,185.0,190.0,DISC,DISC,0,0,0.0,0.0,275.0,715.0,30.5,325.0,1
430.0,35.0,520.0,61.0,120.0,45.0,520.0,70.0,630.0,45.0,40.0,40.0,36.5,36.5,23.35,15.0,15.0,ALUMINIUM,25.0,40.0,25.0,330.0,350.0,16.0,18.0,False,False,142.0,2.0,0.9,1.1,0.9,1.2,1.0,0.9,744.0,70.0,744.0,70.0,1,0,False,1,1,73.0,45.0,744.0,31.8,False,False,False,False,True,11,1,False,192.0,192.0,192.0,DISC,DISC,0,0,0.0,0.0,278.0,720.0,34.9,300.0,2
435.0,37.0,530.0,62.0,125.0,45.0,530.0,71.0,635.0,45.0,40.0,40.0,36.5,36.5,23.35,15.0,15.0,ALUMINIUM,30.0,45.0,30.0,330.0,350.0,16.0,18.0,False,False,148.0,2.0,0.9,1.1,0.9,1.2,1.0,0.9,744.0,70.0,744.0,70.0,1,1,False,1,1,73.0,45.0,744.0,31.8,False,False,False,False,True,11,1,False,192.0,192.0,192.0,DISC,DISC,0,0,0.0,0.0,278.0,730.0,35.0,305.0,2
440.0,39.0,540.0,63.0,130.0,45.0,540.0,72.0,640.0,45.0,40.0,40.0,36.5,36.5,23.35,15.0,15.0,ALUMINIUM,35.0,50.0,35.0,330.0,350.0,16.0,18.0,False,False,142.0,2.0,0.9,1.1,0.9,1.2,1.0,0.9,744.0,70.0,744.0,70.0,1,2,False,1,1,73.0,45.0,744.0,31.8,False,False,False,False,True,11,1,False,192.0,192.0,192.0,DISC,DISC,0,0,0.0,0.0,278.0,740.0,35.1,310.0,2
445.0,41.0,550.0,64.0,135.0,45.0,550.0,73.0,645.0,45.0,40.0,40.0,36.5,36.5,23.35,15.0,15.0,ALUMINIUM,40.0,55.0,40.0,330.0,350.0,16.0,18.0,False,False,148.0,2.0,0.9,1.1,0.9,1.2,1.0,0.9,744.0,70.0,744.0,70.0,1,0,False,1,1,73.0,45.0,744.0,31.8,False,False,False,False,True,11,1,False,192.0,192.0,192.0,DISC,DISC,0,0,0.0,0.0,278.0,750.0,35.2,315.0,2
450.0,43.0,560.0,65.0,140.0,45.0,560.0,74.0,650.0,45.0,40.0,40.0,36.5,36.5,23.35,15.0,15.0,ALUMINIUM,45.0,60.0,45.0,330.0,350.0,16.0,18.0,False,False,142.0,2.0,0.9,1.1,0.9,1.2,1.0,0.9,744.0,70.0,744.0,70.0,1,1,False,1,1,73.0,45.0,744.0,31.8,False,False,False,False,True,11,1,False,192.0,192.0,192.0,DISC,DISC,0,0,0.0,0.0,278.0,760.0,35.3,320.0,2
455.0,45.0,570.0,66.0,145.0,45.0,570.0,75.0,655.0,45.0,40.0,40.0,36.5,36.5,23.35,15.0,15.0,ALUMINIUM,50.0,65.0,50.0,330.0,350.0,16.0,18.0,False,False,148.0,2.0,0.9,1.1,0.9,1.2,1.0,0.9,744.0,70.0,744.0,70.0,1,2,False,1,1,73.0,45.0,744.0,31.8,False,False,False,False,True,11,1,False,192.0,192.0,192.0,DISC,DISC,0,0,0.0,0.0,278.0,770.0,35.4,325.0,2
460.0,47.0,580.0,67.0,150.0,45.0,580.0,76.0,660.0,45.0,40.0,40.0,36.5,36.5,23.35,15.0,15.0,ALUMINIUM,55.0,70.0,55.0,330.0,350.0,16.0,18.0,False,False,142.0,2.0,0.9,1.1,0.9,1.2,1.0,0.9,744.0,70.0,744.0,70.0,1,0,False,1,1,73.0,45.0,744.0,31.8,False,False,False,False,True,11,1,False,192.0,192.0,192.0,DISC,DISC,0,0,0.0,0.0,278.0,780.0,35.5,330.0,2
465.0,49.0,590.0,68.0,155.0,45.0,590.0,77.0,665.0,45.0,40.0,40.0,36.5,36.5,23.35,15.0,15.0,ALUMINIUM,60.0,75.0,60.0,330.0,350.0,16.0,18.0,False,False,148.0,2.0,0.9,1.1,0.9,1.2,1.0,0.9,744.0,70.0,744.0,70.0,1,1,False,1,1,73.0,45.0,744.0,31.8,False,False,False,False,True,11,1,False,192.0,192.0,192.0,DISC,DISC,0,0,0.0,0.0,278.0,790.0,35.6,335.0,2
470.0,50.0,600.0,69.0,160.0,45.0,600.0,78.0,670.0,45.0,40.0,40.0,36.5,36.5,23.35,15.0,15.0,ALUMINIUM,65.0,80.0,65.0,330.0,350.0,16.0,18.0,False,False,142.0,2.0,0.9,1.1,0.9,1.2,1.0,0.9,744.0,70.0,744.0,70.0,1,2,False,1,1,73.0,45.0,744.0,31.8,False,False,False,False,True,11,1,False,192.0,192.0,192.0,DISC,DISC,0,0,0.0,0.0,278.0,800.0,35.7,340.0,2
475.0,52.0,610.0,70.0,165.0,45.0,610.0,79.0,675.0,45.0,40.0,40.0,36.5,36.5,23.35,15.0,15.0,ALUMINIUM,70.0,85.0,70.0,330.0,350.0,16.0,18.0,False,False,148.0,2.0,0.9,1.1,0.9,1.2,1.0,0.9,744.0,70.0,744.0,70.0,1,0,False,1,1,73.0,45.0,744.0,31.8,False,False,False,False,True,11,1,False,192.0,192.0,192.0,DISC,DISC,0,0,0.0,0.0,278.0,810.0,35.8,345.0,2
450.0,30.0,600.0,67.0,120.0,45.0,450.0,74.0,610.0,45.0,42.0,34.0,36.0,28.0,27.0,15.0,18.0,ALUMINIUM,25.0,30.0,25.0,0.0,0.0,0.0,0.0,False,False,142.0,3.0,2.0,3.0,2.5,2.0,2.0,2.5,762.0,30.0,762.0,30.0,1,0,False,1,1,68.0,44.0,0.0,34.0,True,True,False,False,True,12,1,False,192.0,192.0,192.0,SPOKED,SPOKED,0,0,0.0,0.0,300.0,650.0,36.0,300.0,1
440.0,25.0,610.0,66.0,130.0,46.0,440.0,75.0,600.0,50.0,42.0,35.0,36.0,27.0,26.0,15.0,17.0,ALUMINIUM,28.0,32.0,27.0,0.0,0.0,0.0,0.0,False,False,142.0,3.0,2.0,3.0,2.5,2.0,2.0,2.5,762.0,30.0,762.0,30.0,1,1,False,1,1,68.0,44.0,0.0,34.0,False,True,False,False,True,11,2,False,170.0,170.0,170.0,SPOKED,SPOKED,0,0,0.0,0.0,300.0,660.0,36.0,320.0,1
460.0,30.0,590.0,67.0,115.0,45.0,460.0,74.0,620.0,48.0,42.0,33.0,36.0,29.0,28.0,16.0,18.0,ALUMINIUM,26.0,31.0,24.0,0.0,0.0,0.0,0.0,False,False,142.0,3.0,2.0,3.0,2.5,2.0,2.0,2.5,762.0,32.0,762.0,32.0,1,0,False,1,1,73.0,46.0,0.0,34.0,True,True,False,True,True,12,1,False,200.0,200.0,200.0,SPOKED,SPOKED,0,0,0.0,0.0,305.0,655.0,36.0,310.0,1
450.0,35.0,605.0,65.0,140.0,47.0,480.0,76.0,630.0,42.0,42.0,34.0,36.0,28.0,27.0,15.0,19.0,ALUMINIUM,30.0,35.0,28.0,0.0,0.0,0.0,0.0,False,False,142.0,3.0,2.0,3.0,2.5,2.0,2.0,2.5,762.0,30.0,762.0,30.0,1,2,False,1,1,68.0,44.0,0.0,35.0,True,False,True,True,True,10,2,False,180.0,180.0,180.0,SPOKED,SPOKED,0,0,0.0,0.0,310.0,660.0,38.0,340.0,2
430.0,28.0,595.0,68.0,110.0,44.0,450.0,73.0,590.0,47.0,42.0,32.0,36.0,28.0,27.0,14.0,18.0,ALUMINIUM,24.0,29.0,23.0,0.0,0.0,0.0,0.0,False,False,142.0,3.0,2.0,3.0,2.5,2.0,2.0,2.5,762.0,30.0,762.0,30.0,1,1,False,1,3,68.0,44.0,0.0,34.0,True,True,False,False,True,12,1,False,150.0,150.0,150.0,SPOKED,SPOKED,0,0,0.0,0.0,295.0,650.0,36.0,300.0,1
440.0,30.0,605.0,67.0,125.0,45.0,470.0,75.0,600.0,45.0,42.0,34.0,36.0,28.0,27.0,15.0,18.0,ALUMINIUM,27.0,33.0,26.0,0.0,0.0,0.0,0.0,False,False,142.0,3.0,2.0,3.0,2.5,2.0,2.0,2.5,650.0,28.0,650.0,28.0,1,0,False,1,1,68.0,44.0,0.0,34.0,True,True,False,False,True,11,1,False,210.0,210.0,210.0,SPOKED,SPOKED,0,0,0.0,0.0,300.0,655.0,36.0,310.0,1
450.0,30.0,600.0,67.0,120.0,45.0,450.0,74.0,610.0,45.0,42.0,34.0,36.0,28.0,27.0,15.0,18.0,ALUMINIUM,25.0,30.0,25.0,0.0,0.0,0.0,0.0,False,False,142.0,3.0,2.0,3.0,2.5,2.0,2.0,2.5,762.0,30.0,762.0,30.0,1,1,False,1,1,68.0,44.0,0.0,34.0,True,True,True,True,True,12,1,False,192.0,192.0,192.0,SPOKED,SPOKED,0,0,0.0,0.0,300.0,650.0,36.0,300.0,1
450.0,30.0,600.0,67.0,120.0,45.0,450.0,74.0,610.0,45.0,42.0,34.0,36.0,28.0,27.0,15.0,18.0,ALUMINIUM,25.0,30.0,25.0,0.0,0.0,0.0,0.0,False,False,142.0,3.0,2.0,3.0,2.5,2.0,2.0,2.5,762.0,30.0,762.0,30.0,1,0,False,1,1,68.0,44.0,0.0,34.0,True,True,False,False,True,12,1,True,192.0,192.0,192.0,SPOKED,SPOKED,0,0,0.0,0.0,300.0,650.0,36.0,300.0,1
450.0,30.0,600.0,67.0,120.0,45.0,450.0,74.0,610.0,45.0,42.0,34.0,36.0,28.0,27.0,15.0,18.0,ALUMINIUM,25.0,30.0,25.0,0.0,0.0,0.0,0.0,False,False,142.0,3.0,2.0,3.0,2.5,2.0,2.0,2.5,762.0,30.0,762.0,30.0,1,2,False,1,1,68.0,44.0,0.0,34.0,True,True,False,False,True,12,1,False,192.0,192.0,192.0,SPOKED,SPOKED,0,0,0.0,0.0,300.0,650.0,36.0,300.0,1
450.0,30.0,600.0,67.0,120.0,45.0,450.0,74.0,610.0,45.0,42.0,34.0,36.0,28.0,27.0,15.0,18.0,ALUMINIUM,25.0,30.0,25.0,0.0,0.0,0.0,0.0,False,False,142.0,3.0,2.0,3.0,2.5,2.0,2.0,2.5,762.0,30.0,762.0,30.0,1,0,False,1,2,68.0,44.0,0.0,34.0,True,True,False,False,True,12,1,False,192.0,192.0,192.0,SPOKED,SPOKED,0,0,0.0,0.0,300.0,650.0,36.0,300.0,1
430.0,25.0,650.0,66.0,110.0,45.0,520.0,73.0,600.0,45.0,40.0,35.0,35.0,35.0,25.0,13.0,15.0,ALUMINIUM,63.0,48.0,40.0,0.0,0.0,16.0,18.0,False,False,135.0,1.2,1.1,1.1,1.1,1.0,1.0,1.0,722.0,50.0,722.0,50.0,1,1,False,1,1,68.0,34.0,0.0,32.0,True,False,False,False,True,11,1,False,192.0,192.0,192.0,SPOKED,SPOKED,0,0,0.0,0.0,280.0,642.0,35.0,125.0,1
435.0,20.0,640.0,67.0,120.0,45.0,525.0,74.0,610.0,45.0,40.0,35.0,35.0,35.0,25.0,13.0,15.0,ALUMINIUM,63.0,48.0,40.0,0.0,0.0,16.0,18.0,False,False,135.0,1.2,1.1,1.1,1.1,1.0,1.0,1.0,722.0,50.0,722.0,50.0,1,1,False,1,1,68.0,34.0,0.0,32.0,True,False,False,False,True,11,1,False,192.0,192.0,192.0,SPOKED,SPOKED,0,0,0.0,0.0,280.0,642.0,35.0,125.0,1
440.0,30.0,660.0,65.0,100.0,45.0,530.0,72.0,590.0,45.0,40.0,35.0,35.0,35.0,25.0,13.0,15.0,ALUMINIUM,63.0,48.0,40.0,0.0,0.0,16.0,18.0,False,False,135.0,1.2,1.1,1.1,1.1,1.0,1.0,1.0,722.0,50.0,722.0,50.0,1,1,False,1,1,68.0,34.0,0.0,32.0,True,False,False,False,True,11,1,False,192.0,192.0,192.0,SPOKED,SPOKED,0,0,0.0,0.0,280.0,642.0,35.0,125.0,1
425.0,22.0,620.0,68.0,115.0,45.0,515.0,75.0,620.0,45.0,40.0,35.0,35.0,35.0,25.0,13.0,15.0,ALUMINIUM,63.0,48.0,40.0,0.0,0.0,16.0,18.0,False,False,135.0,1.2,1.1,1.1,1.1,1.0,1.0,1.0,722.0,50.0,722.0,50.0,1,1,False,1,1,68.0,34.0,0.0,32.0,True,False,False,False,True,11,1,False,192.0,192.0,192.0,SPOKED,SPOKED,0,0,0.0,0.0,280.0,642.0,35.0,125.0,1
432.0,28.0,605.0,66.0,105.0,45.0,535.0,73.0,605.0,45.0,40.0,35.0,35.0,35.0,25.0,13.0,15.0,ALUMINIUM,63.0,48.0,40.0,0.0,0.0,16.0,18.0,False,False,135.0,1.2,1.1,1.1,1.1,1.0,1.0,1.0,722.0,50.0,722.0,50.0,1,1,False,1,1,68.0,34.0,0.0,32.0,True,False,False,False,True,11,1,False,192.0,192.0,192.0,SPOKED,SPOKED,0,0,0.0,0.0,280.0,642.0,35.0,125.0,1
438.0,26.0,615.0,67.0,125.0,45.0,510.0,74.0,615.0,45.0,40.0,35.0,35.0,35.0,25.0,13.0,15.0,ALUMINIUM,63.0,48.0,40.0,0.0,0.0,16.0,18.0,False,False,135.0,1.2,1.1,1.1,1.1,1.0,1.0,1.0,722.0,50.0,722.0,50.0,1,1,False,1,1,68.0,34.0,0.0,32.0,True,False,False,False,True,11,1,False,192.0,192.0,192.0,SPOKED,SPOKED,0,0,0.0,0.0,280.0,642.0,35.0,125.0,1
434.0,24.0,585.0,65.0,95.0,45.0,540.0,72.0,585.0,45.0,40.0,35.0,35.0,35.0,25.0,13.0,15.0,ALUMINIUM,63.0,48.0,40.0,0.0,0.0,16.0,18.0,False,False,135.0,1.2,1.1,1.1,1.1,1.0,1.0,1.0,722.0,50.0,722.0,50.0,1,1,False,1,1,68.0,34.0,0.0,32.0,True,False,False,False,True,11,1,False,192.0,192.0,192.0,SPOKED,SPOKED,0,0,0.0,0.0,280.0,642.0,35.0,125.0,1
429.0,27.0,630.0,68.0,130.0,45.0,505.0,75.0,630.0,45.0,40.0,35.0,35.0,35.0,25.0,13.0,15.0,ALUMINIUM,63.0,48.0,40.0,0.0,0.0,16.0,18.0,False,False,135.0,1.2,1.1,1.1,1.1,1.0,1.0,1.0,722.0,50.0,722.0,50.0,1,1,False,1,1,68.0,34.0,0.0,32.0,True,False,False,False,True,11,1,False,192.0,192.0,192.0,SPOKED,SPOKED,0,0,0.0,0.0,280.0,642.0,35.0,125.0,1
436.0,23.0,595.0,66.0,90.0,45.0,550.0,73.0,595.0,45.0,40.0,35.0,35.0,35.0,25.0,13.0,15.0,ALUMINIUM,63.0,48.0,40.0,0.0,0.0,16.0,18.0,False,False,135.0,1.2,1.1,1.1,1.1,1.0,1.0,1.0,722.0,50.0,722.0,50.0,1,1,False,1,1,68.0,34.0,0.0,32.0,True,False,False,False,True,11,1,False,192.0,192.0,192.0,SPOKED,SPOKED,0,0,0.0,0.0,280.0,642.0,35.0,125.0,1
431.0,29.0,625.0,67.0,135.0,45.0,500.0,74.0,625.0,45.0,40.0,35.0,35.0,35.0,25.0,13.0,15.0,ALUMINIUM,63.0,48.0,40.0,0.0,0.0,16.0,18.0,False,False,135.0,1.2,1.1,1.1,1.1,1.0,1.0,1.0,722.0,50.0,722.0,50.0,1,1,False,1,1,68.0,34.0,0.0,32.0,True,False,False,False,True,11,1,False,192.0,192.0,192.0,SPOKED,SPOKED,0,0,0.0,0.0,280.0,642.0,35.0,125.0,1
450.0,50.0,600.0,67.0,140.0,45.0,500.0,73.0,600.0,50.0,40.0,30.0,40.0,30.0,30.0,10.0,10.0,ALUMINIUM,30.0,40.0,30.0,0.0,0.0,0.0,0.0,False,False,135.0,3.0,2.0,2.5,2.5,2.0,2.0,2.0,699.0,10.0,699.0,10.0,1,1,False,1,1,68.0,34.0,0.0,34.0,False,False,False,False,True,12,1,False,192.0,192.0,192.0,SPOKED,SPOKED,0,0,0.0,0.0,280.0,830.0,40.0,300.0,1
430.0,45.0,580.0,66.0,130.0,45.0,500.0,72.0,580.0,45.0,40.0,30.0,40.0,30.0,30.0,10.0,10.0,ALUMINIUM,30.0,40.0,30.0,0.0,0.0,0.0,0.0,False,False,142.0,3.0,2.0,2.5,2.5,2.0,2.0,2.0,699.0,10.0,699.0,10.0,1,0,False,1,1,66.0,34.0,0.0,34.0,False,False,False,False,True,11,1,False,192.0,192.0,192.0,SPOKED,SPOKED,0,0,0.0,0.0,280.0,820.0,40.0,300.0,1
470.0,55.0,620.0,68.0,150.0,45.0,520.0,74.0,620.0,55.0,40.0,30.0,42.0,32.0,32.0,12.0,10.0,ALUMINIUM,32.0,42.0,32.0,0.0,0.0,0.0,0.0,False,False,135.0,4.0,2.2,2.8,2.8,2.2,2.2,2.2,699.0,10.0,699.0,10.0,1,2,False,1,1,70.0,36.0,0.0,34.0,True,False,False,False,True,12,1,False,180.0,180.0,200.0,SPOKED,SPOKED,0,0,0.0,0.0,285.0,840.0,42.0,320.0,1
450.0,50.0,600.0,67.0,145.0,45.0,480.0,73.0,600.0,50.0,40.0,30.0,40.0,30.0,30.0,10.0,10.0,ALUMINIUM,30.0,40.0,30.0,0.0,0.0,0.0,0.0,False,False,142.0,3.5,2.0,2.5,3.0,2.0,2.0,2.0,699.0,10.0,699.0,10.0,1,1,False,1,1,68.0,34.0,0.0,32.0,True,True,False,True,True,11,1,False,150.0,150.0,150.0,SPOKED,SPOKED,0,0,0.0,0.0,280.0,830.0,40.0,300.0,1
430.0,45.0,580.0,66.0,130.0,50.0,520.0,72.0,580.0,45.0,40.0,30.0,40.0,30.0,30.0,12.0,12.0,ALUMINIUM,28.0,38.0,28.0,0.0,0.0,0.0,0.0,False,False,135.0,3.0,2.0,2.5,2.5,2.0,2.0,2.0,699.0,10.0,699.0,10.0,1,2,False,1,1,66.0,36.0,0.0,34.0,False,True,False,False,True,12,1,True,200.0,200.0,200.0,SPOKED,SPOKED,0,0,0.0,0.0,290.0,825.0,40.0,300.0,1
470.0,55.0,620.0,68.0,150.0,50.0,450.0,74.0,620.0,55.0,40.0,30.0,42.0,32.0,32.0,12.0,12.0,ALUMINIUM,32.0,42.0,32.0,0.0,0.0,0.0,0.0,False,False,142.0,4.0,2.2,2.8,2.8,2.2,2.2,2.2,699.0,10.0,699.0,10.0,1,0,False,1,1,70.0,36.0,0.0,30.0,True,True,False,True,True,12,2,False,180.0,180.0,200.0,SPOKED,SPOKED,0,0,0.0,0.0,285.0,840.0,42.0,320.0,1
450.0,50.0,600.0,67.0,145.0,45.0,500.0,73.0,600.0,50.0,40.0,30.0,40.0,30.0,30.0,10.0,10.0,ALUMINIUM,30.0,40.0,30.0,0.0,0.0,0.0,0.0,False,False,135.0,3.0,2.0,2.5,2.5,2.0,2.0,2.0,699.0,10.0,699.0,10.0,1,1,False,1,2,68.0,34.0,0.0,34.0,False,False,False,False,True,12,1,False,200.0,190.0,190.0,SPOKED,SPOKED,0,0,0.0,0.0,280.0,830.0,40.0,300.0,1
430.0,45.0,580.0,66.0,130.0,50.0,520.0,72.0,580.0,45.0,40.0,30.0,40.0,30.0,30.0,12.0,12.0,ALUMINIUM,28.0,38.0,28.0,0.0,0.0,0.0,0.0,False,False,142.0,3.0,2.0,2.5,2.5,2.0,2.0,2.0,699.0,10.0,699.0,10.0,1,1,False,1,0,66.0,36.0,20.0,36.0,False,False,True,False,True,10,1,False,180.0,180.0,200.0,TRISPOKE,SPOKED,1,0,40.0,0.0,280.0,830.0,40.0,300.0,0
470.0,55.0,620.0,68.0,150.0,45.0,500.0,74.0,620.0,60.0,40.0,32.0,42.0,32.0,32.0,12.0,12.0,ALUMINIUM,32.0,42.0,32.0,10.0,10.0,5.0,5.0,True,True,135.0,4.0,2.5,3.0,3.0,2.5,2.5,2.5,699.0,10.0,699.0,10.0,1,2,False,1,1,70.0,36.0,0.0,34.0,True,True,False,False,True,12,1,True,192.0,192.0,192.0,SPOKED,SPOKED,0,0,0.0,0.0,285.0,840.0,42.0,320.0,1
450.0,50.0,600.0,67.0,140.0,45.0,500.0,73.0,600.0,50.0,40.0,30.0,40.0,30.0,30.0,10.0,10.0,ALUMINIUM,30.0,40.0,30.0,0.0,0.0,0.0,0.0,False,False,135.0,3.0,2.0,2.5,2.5,2.0,2.0,2.0,699.0,10.0,699.0,10.0,0,1,False,1,1,68.0,34.0,0.0,34.0,False,False,False,False,True,12,1,False,192.0,192.0,192.0,SPOKED,SPOKED,0,0,0.0,0.0,280.0,830.0,40.0,300.0,1
430.0,35.0,610.0,66.0,130.0,50.0,420.0,73.0,630.0,50.0,45.0,40.0,45.0,35.0,30.0,15.0,8.0,ALUMINIUM,30.0,50.0,40.0,0.0,0.0,0.0,0.0,False,False,142.0,3.0,2.0,2.0,2.5,2.5,2.0,2.5,722.0,25.0,722.0,25.0,1,1,False,1,1,68.0,44.0,0.0,34.9,False,False,False,False,True,12,2,False,192.0,192.0,192.0,SPOKED,SPOKED,0,0,0.0,0.0,280.0,800.0,44.0,300.0,1
435.0,38.0,600.0,67.0,140.0,48.0,410.0,73.5,640.0,48.0,45.0,40.0,45.0,35.0,30.0,16.0,8.5,ALUMINIUM,32.0,52.0,42.0,0.0,0.0,0.0,0.0,False,False,142.0,3.0,2.0,2.0,2.5,2.5,2.0,2.5,722.0,25.0,722.0,25.0,1,1,False,1,1,68.0,44.0,0.0,34.9,False,False,False,False,True,12,2,False,192.0,192.0,192.0,SPOKED,SPOKED,0,0,0.0,0.0,280.0,800.0,44.0,300.0,1
420.0,32.0,620.0,65.0,125.0,52.0,430.0,72.5,620.0,50.0,45.0,40.0,45.0,35.0,30.0,15.0,8.0,ALUMINIUM,28.0,48.0,38.0,0.0,0.0,0.0,0.0,False,False,142.0,3.0,2.0,2.0,2.5,2.5,2.0,2.5,722.0,25.0,722.0,25.0,1,1,False,1,1,68.0,44.0,0.0,34.9,False,False,False,False,True,12,2,False,192.0,192.0,192.0,SPOKED,SPOKED,0,0,0.0,0.0,280.0,800.0,44.0,300.0,1
425.0,35.0,615.0,66.5,135.0,49.0,425.0,73.0,635.0,48.0,45.0,40.0,45.0,35.0,30.0,15.0,8.2,ALUMINIUM,30.0,50.0,40.0,0.0,0.0,0.0,0.0,False,False,142.0,3.0,2.0,2.0,2.5,2.5,2.0,2.5,722.0,25.0,722.0,25.0,1,1,False,1,1,68.0,44.0,0.0,34.9,False,False,False,False,True,12,2,False,192.0,192.0,192.0,SPOKED,SPOKED,0,0,0.0,0.0,280.0,800.0,44.0,300.0,1
440.0,35.0,605.0,68.0,145.0,50.0,415.0,74.0,650.0,50.0,45.0,40.0,45.0,35.0,30.0,15.0,8.0,ALUMINIUM,35.0,55.0,45.0,0.0,0.0,0.0,0.0,False,False,148.0,3.0,2.0,2.0,2.5,2.5,2.0,2.5,722.0,25.0,722.0,25.0,1,1,False,1,1,68.0,44.0,0.0,34.9,False,False,False,False,True,12,2,False,192.0,192.0,192.0,SPOKED,SPOKED,0,0,0.0,0.0,280.0,800.0,44.0,300.0,1
430.0,30.0,630.0,64.0,120.0,50.0,435.0,72.0,625.0,46.0,45.0,40.0,45.0,35.0,30.0,15.0,9.0,ALUMINIUM,28.0,48.0,38.0,0.0,0.0,0.0,0.0,False,False,142.0,3.0,2.0,2.0,2.5,2.5,2.0,2.5,722.0,25.0,722.0,25.0,1,1,False,1,1,68.0,44.0,0.0,34.9,False,False,False,False,True,12,2,False,192.0,192.0,192.0,SPOKED,SPOKED,0,0,0.0,0.0,280.0,800.0,44.0,300.0,1
435.0,37.0,605.0,66.0,130.0,48.0,420.0,73.8,635.0,49.0,45.0,40.0,45.0,35.0,30.0,16.0,8.7,ALUMINIUM,32.0,52.0,42.0,0.0,0.0,0.0,0.0,False,False,142.0,3.0,2.0,2.0,2.5,2.5,2.0,2.5,722.0,25.0,722.0,25.0,1,1,False,1,1,68.0,44.0,0.0,34.9,False,False,False,False,True,12,2,False,192.0,192.0,192.0,SPOKED,SPOKED,0,0,0.0,0.0,280.0,800.0,44.0,300.0,1
425.0,33.0,610.0,67.0,138.0,51.0,430.0,73.0,645.0,47.0,45.0,40.0,45.0,35.0,30.0,15.5,8.3,ALUMINIUM,34.0,54.0,44.0,0.0,0.0,0.0,0.0,False,False,142.0,3.0,2.0,2.0,2.5,2.5,2.0,2.5,722.0,25.0,722.0,25.0,1,1,False,1,1,68.0,44.0,0.0,34.9,False,False,False,False,True,12,2,False,192.0,192.0,192.0,SPOKED,SPOKED,0,0,0.0,0.0,280.0,800.0,44.0,300.0,1
440.0,36.0,620.0,65.5,128.0,50.0,425.0,72.8,638.0,50.0,45.0,40.0,45.0,35.0,30.0,15.0,8.0,ALUMINIUM,30.0,50.0,40.0,0.0,0.0,0.0,0.0,False,False,142.0,3.0,2.0,2.0,2.5,2.5,2.0,2.5,722.0,25.0,722.0,25.0,1,1,False,1,1,68.0,44.0,0.0,34.9,False,False,False,False,True,12,2,False,192.0,192.0,192.0,SPOKED,SPOKED,0,0,0.0,0.0,280.0,800.0,44.0,300.0,1
430.0,34.0,615.0,66.0,132.0,50.0,420.0,73.0,630.0,48.0,45.0,40.0,45.0,35.0,30.0,15.0,8.1,ALUMINIUM,31.0,51.0,41.0,0.0,0.0,0.0,0.0,False,False,142.0,3.0,2.0,2.0,2.5,2.5,2.0,2.5,722.0,25.0,722.0,25.0,1,1,False,1,1,68.0,44.0,0.0,34.9,False,False,False,False,True,12,2,False,192.0,192.0,192.0,SPOKED,SPOKED,0,0,0.0,0.0,280.0,800.0,44.0,300.0,1
430.0,45.0,610.0,67.0,120.0,45.0,550.0,73.0,630.0,45.0,45.0,35.0,40.0,28.0,25.0,13.0,15.0,ALUMINIUM,30.0,35.0,30.0,0.0,0.0,0.0,0.0,False,False,142.0,2.0,2.0,2.0,2.0,1.5,1.5,2.0,736.0,52.0,736.0,52.0,1,1,False,1,3,68.0,44.0,0.0,31.8,False,False,False,False,True,11,1,False,192.0,192.0,192.0,SPOKED,SPOKED,0,0,0.0,0.0,280.0,700.0,40.0,350.0,1
425.0,40.0,605.0,66.0,115.0,45.0,540.0,73.5,620.0,47.0,45.0,33.0,38.0,29.0,26.0,13.0,15.0,ALUMINIUM,28.0,34.0,29.0,0.0,0.0,0.0,0.0,False,False,142.0,2.0,2.0,2.0,2.0,1.5,1.5,2.0,736.0,52.0,736.0,52.0,1,0,False,1,3,68.0,42.0,0.0,31.8,False,False,False,False,True,11,1,False,192.0,192.0,192.0,SPOKED,SPOKED,0,0,0.0,0.0,280.0,700.0,38.0,350.0,1
440.0,38.0,615.0,67.5,125.0,45.0,560.0,72.5,640.0,44.0,45.0,36.0,42.0,30.0,27.0,13.0,15.0,ALUMINIUM,31.0,36.0,31.0,0.0,0.0,0.0,0.0,False,False,142.0,2.0,2.0,2.0,2.0,1.5,1.5,2.0,736.0,52.0,736.0,52.0,1,2,False,1,3,68.0,46.0,0.0,31.8,False,False,False,False,True,11,1,False,192.0,192.0,192.0,SPOKED,SPOKED,0,0,0.0,0.0,280.0,700.0,42.0,350.0,1
420.0,42.0,600.0,66.5,118.0,45.0,530.0,74.0,610.0,46.0,45.0,35.0,39.0,28.0,26.0,13.0,15.0,ALUMINIUM,30.0,35.0,30.0,0.0,0.0,0.0,0.0,False,False,142.0,2.0,2.0,2.0,2.0,1.5,1.5,2.0,736.0,52.0,736.0,52.0,1,0,False,1,3,68.0,44.0,0.0,31.8,False,False,False,False,True,11,1,False,192.0,192.0,192.0,SPOKED,SPOKED,0,0,0.0,0.0,280.0,700.0,39.0,350.0,1
445.0,35.0,620.0,67.0,130.0,45.0,555.0,73.0,625.0,45.0,45.0,34.0,41.0,29.0,25.0,13.0,15.0,ALUMINIUM,32.0,35.0,32.0,0.0,0.0,0.0,0.0,False,False,142.0,2.0,2.0,2.0,2.0,1.5,1.5,2.0,736.0,52.0,736.0,52.0,1,2,False,1,3,68.0,46.0,0.0,31.8,False,False,False,False,True,11,1,False,192.0,192.0,192.0,SPOKED,SPOKED,0,0,0.0,0.0,280.0,700.0,41.0,350.0,1
435.0,40.0,608.0,67.2,122.0,45.0,545.0,73.2,635.0,45.0,45.0,35.0,40.0,28.0,26.0,13.0,15.0,ALUMINIUM,31.5,34.5,31.0,0.0,0.0,0.0,0.0,False,False,142.0,2.0,2.0,2.0,2.0,1.5,1.5,2.0,736.0,52.0,736.0,52.0,1,1,False,1,3,68.0,45.0,0.0,31.8,False,False,False,False,True,11,1,False,192.0,192.0,192.0,SPOKED,SPOKED,0,0,0.0,0.0,280.0,700.0,40.0,350.0,1
430.0,36.0,602.0,66.8,117.0,45.0,538.0,74.1,618.0,46.0,45.0,33.0,38.0,29.0,27.0,13.0,15.0,ALUMINIUM,29.0,33.0,29.0,0.0,0.0,0.0,0.0,False,False,142.0,2.0,2.0,2.0,2.0,1.5,1.5,2.0,736.0,52.0,736.0,52.0,1,2,False,1,3,68.0,43.0,0.0,31.8,False,False,False,False,True,11,1,False,192.0,192.0,192.0,SPOKED,SPOKED,0,0,0.0,0.0,280.0,700.0,38.0,350.0,1
450.0,37.0,612.0,67.3,128.0,45.0,550.0,73.7,638.0,44.0,45.0,36.0,42.0,30.0,28.0,13.0,15.0,ALUMINIUM,33.0,35.5,32.0,0.0,0.0,0.0,0.0,False,False,142.0,2.0,2.0,2.0,2.0,1.5,1.5,2.0,736.0,52.0,736.0,52.0,1,0,False,1,3,68.0,47.0,0.0,31.8,False,False,False,False,True,11,1,False,192.0,192.0,192.0,SPOKED,SPOKED,0,0,0.0,0.0,280.0,700.0,42.0,350.0,1
425.0,39.0,607.0,66.7,119.0,45.0,548.0,73.4,632.0,45.0,45.0,34.0,40.0,28.5,26.5,13.0,15.0,ALUMINIUM,30.0,34.0,31.0,0.0,0.0,0.0,0.0,False,False,142.0,2.0,2.0,2.0,2.0,1.5,1.5,2.0,736.0,52.0,736.0,52.0,1,1,False,1,3,68.0,44.5,0.0,31.8,False,False,False,False,True,11,1,False,192.0,192.0,192.0,SPOKED,SPOKED,0,0,0.0,0.0,280.0,700.0,40.0,350.0,1
440.0,41.0,615.0,67.1,124.0,45.0,552.0,73.1,630.0,45.0,45.0,35.0,41.0,29.0,27.0,13.0,15.0,ALUMINIUM,32.5,35.0,31.5,0.0,0.0,0.0,0.0,False,False,142.0,2.0,2.0,2.0,2.0,1.5,1.5,2.0,736.0,52.0,736.0,52.0,1,1,False,1,3,68.0,46.5,0.0,31.8,False,False,False,False,True,11,1,False,192.0,192.0,192.0,SPOKED,SPOKED,0,0,0.0,0.0,280.0,700.0,41.0,350.0,1
420.0,65.0,620.0,67.5,110.0,45.0,550.0,73.5,610.0,46.0,45.0,30.0,38.0,22.0,22.0,15.0,10.0,ALUMINIUM,40.0,50.0,35.0,330.0,350.0,16.0,18.0,False,False,142.0,2.0,1.2,1.5,1.0,1.0,0.9,1.0,690.0,47.0,690.0,47.0,1,1,False,1,1,70.0,50.0,0.0,35.0,True,False,False,False,True,12,1,False,192.0,192.0,192.0,SPOKED,SPOKED,0,0,80.0,80.0,275.0,750.0,35.0,350.0,1
415.0,63.0,630.0,68.0,105.0,47.0,540.0,74.0,600.0,48.0,45.0,32.0,40.0,24.0,23.0,15.0,11.0,ALUMINIUM,42.0,52.0,36.0,325.0,345.0,17.0,17.0,False,False,142.0,2.0,1.2,1.5,1.0,1.0,0.9,1.0,700.0,50.0,700.0,50.0,1,0,False,1,1,68.0,48.0,0.0,36.0,False,True,False,False,True,11,2,False,190.0,190.0,190.0,SPOKED,SPOKED,0,0,80.0,80.0,280.0,760.0,35.0,360.0,1
430.0,65.0,610.0,67.0,120.0,44.0,560.0,73.0,620.0,49.0,45.0,28.0,42.0,21.0,22.0,14.0,10.0,ALUMINIUM,45.0,48.0,38.0,330.0,350.0,16.0,18.0,False,False,142.0,2.0,1.2,1.5,1.0,1.0,0.9,1.0,695.0,48.0,695.0,48.0,1,1,False,1,1,72.0,49.0,0.0,34.0,True,False,False,False,True,12,1,False,185.0,185.0,185.0,SPOKED,SPOKED,0,0,80.0,80.0,270.0,740.0,35.0,340.0,1
410.0,68.0,650.0,66.5,100.0,50.0,530.0,75.0,630.0,44.0,45.0,30.0,38.0,22.0,23.0,16.0,12.0,ALUMINIUM,35.0,60.0,40.0,330.0,350.0,16.0,18.0,False,False,142.0,2.0,1.3,1.4,1.1,1.0,0.9,1.0,700.0,45.0,700.0,45.0,1,1,False,1,1,75.0,52.0,0.0,34.0,False,False,False,False,True,10,1,False,198.0,198.0,198.0,SPOKED,SPOKED,0,0,80.0,80.0,265.0,780.0,34.0,330.0,1
425.0,63.0,605.0,68.0,115.0,50.0,550.0,74.0,615.0,47.0,45.0,31.0,39.0,23.0,24.0,15.0,11.0,ALUMINIUM,40.0,52.0,36.0,335.0,355.0,17.0,19.0,False,False,142.0,2.0,1.2,1.6,1.0,1.1,1.0,1.0,695.0,46.0,695.0,46.0,1,2,False,1,1,70.0,50.0,0.0,35.0,True,True,False,False,True,12,1,False,185.0,185.0,185.0,SPOKED,SPOKED,0,0,80.0,80.0,280.0,760.0,35.0,360.0,1
400.0,70.0,640.0,67.0,108.0,44.0,525.0,75.0,605.0,46.0,45.0,35.0,37.0,20.0,21.0,16.0,13.0,ALUMINIUM,38.0,50.0,34.0,330.0,350.0,15.0,17.0,False,False,148.0,2.0,1.1,1.3,1.2,1.1,0.9,1.0,710.0,55.0,710.0,55.0,1,1,False,1,1,72.0,51.0,0.0,36.0,False,True,False,False,True,11,1,False,200.0,200.0,200.0,SPOKED,SPOKED,0,0,80.0,80.0,260.0,730.0,37.0,340.0,1
435.0,60.0,630.0,66.5,112.0,46.0,540.0,74.0,635.0,50.0,45.0,29.0,40.0,24.0,25.0,15.0,10.0,ALUMINIUM,42.0,55.0,37.0,338.0,358.0,18.0,20.0,False,False,140.0,2.1,1.3,1.5,1.0,1.2,0.9,1.1,720.0,60.0,720.0,60.0,1,0,False,1,1,69.0,49.0,0.0,35.0,True,False,False,False,True,12,2,False,180.0,180.0,180.0,SPOKED,SPOKED,0,0,80.0,80.0,285.0,790.0,36.0,370.0,1
410.0,65.0,620.0,68.0,118.0,48.0,550.0,73.0,600.0,45.0,45.0,32.0,38.0,22.0,22.0,15.0,12.0,ALUMINIUM,47.0,53.0,39.0,332.0,352.0,17.0,18.0,False,False,142.0,2.0,1.0,1.4,1.1,1.0,1.0,1.0,695.0,50.0,695.0,50.0,1,2,False,1,1,68.0,50.0,0.0,35.0,False,True,False,False,True,10,2,False,210.0,210.0,210.0,SPOKED,SPOKED,0,0,80.0,80.0,270.0,770.0,36.0,350.0,1
425.0,62.0,635.0,67.0,107.0,45.0,555.0,74.5,625.0,48.0,45.0,33.0,40.0,23.0,24.0,16.0,11.0,ALUMINIUM,43.0,51.0,36.0,334.0,354.0,16.0,19.0,False,False,142.0,2.0,1.2,1.6,1.0,1.1,1.0,1.0,705.0,49.0,705.0,49.0,1,1,False,1,1,70.0,50.0,0.0,36.0,True,True,False,False,True,11,1,False,195.0,195.0,195.0,SPOKED,SPOKED,0,0,80.0,80.0,280.0,760.0,35.0,360.0,1
415.0,67.0,650.0,66.0,115.0,49.0,530.0,75.0,640.0,50.0,45.0,34.0,42.0,22.0,23.0,15.0,12.0,ALUMINIUM,48.0,55.0,38.0,336.0,356.0,17.0,18.0,False,False,142.0,2.0,1.3,1.5,1.1,1.0,1.0,1.1,700.0,50.0,700.0,50.0,1,0,False,1,1,75.0,52.0,0.0,35.0,False,False,False,False,True,12,2,False,190.0,190.0,190.0,SPOKED,SPOKED,0,0,80.0,80.0,275.0,780.0,34.0,350.0,1
425.0,30.0,600.0,67.0,100.0,45.0,480.0,74.0,650.0,50.0,40.0,35.0,50.0,36.0,25.0,13.0,15.0,ALUMINIUM,15.0,30.0,30.0,0.0,0.0,0.0,0.0,False,False,135.0,2.0,1.0,1.0,1.5,1.0,1.0,1.0,674.0,52.0,674.0,52.0,1,0,False,1,1,68.0,34.0,0.0,34.0,True,True,False,False,True,12,1,False,192.0,192.0,192.0,SPOKED,SPOKED,1,1,80.0,80.0,80.0,700.0,28.0,300.0,1
430.0,32.0,610.0,68.0,95.0,45.0,490.0,75.0,655.0,52.0,40.0,35.0,50.0,36.0,25.0,13.0,15.0,ALUMINIUM,18.0,32.0,28.0,0.0,0.0,0.0,0.0,False,False,135.0,2.0,1.0,1.0,1.5,1.2,1.0,1.0,674.0,52.0,674.0,52.0,1,0,False,1,1,68.0,36.0,0.0,34.0,True,True,False,False,True,12,1,False,192.0,192.0,192.0,SPOKED,SPOKED,1,1,80.0,80.0,80.0,720.0,28.0,310.0,1
435.0,35.0,620.0,67.0,100.0,45.0,470.0,73.0,660.0,49.0,40.0,35.0,50.0,36.0,25.0,13.0,15.0,ALUMINIUM,20.0,30.0,30.0,0.0,0.0,0.0,0.0,False,False,135.0,2.0,1.2,1.0,1.5,1.0,1.0,1.0,674.0,52.0,674.0,52.0,1,0,False,1,1,68.0,32.0,0.0,34.0,True,False,False,False,True,11,1,False,192.0,192.0,192.0,SPOKED,SPOKED,1,1,80.0,80.0,80.0,710.0,28.0,290.0,1
440.0,28.0,590.0,69.0,105.0,45.0,485.0,72.0,645.0,51.0,40.0,35.0,50.0,36.0,25.0,13.0,15.0,ALUMINIUM,17.0,31.0,29.0,0.0,0.0,0.0,0.0,False,False,135.0,2.2,1.0,1.2,1.5,1.0,1.0,1.0,674.0,52.0,674.0,52.0,1,0,False,1,1,68.0,35.0,0.0,34.0,False,True,False,False,True,12,1,False,192.0,192.0,192.0,SPOKED,SPOKED,1,1,80.0,80.0,85.0,705.0,28.0,305.0,1
445.0,40.0,630.0,65.0,110.0,45.0,475.0,73.0,650.0,50.0,40.0,35.0,50.0,36.0,25.0,13.0,15.0,ALUMINIUM,16.0,29.0,31.0,0.0,0.0,0.0,0.0,False,False,135.0,2.0,1.0,1.0,1.5,1.0,1.0,1.0,674.0,52.0,674.0,52.0,1,0,False,1,1,68.0,33.0,0.0,34.0,True,True,False,False,True,10,1,False,192.0,192.0,192.0,SPOKED,SPOKED,1,1,80.0,80.0,80.0,715.0,28.0,295.0,1
450.0,30.0,640.0,66.0,100.0,45.0,485.0,74.0,655.0,52.0,40.0,35.0,50.0,36.0,25.0,13.0,15.0,ALUMINIUM,18.0,32.0,28.0,0.0,0.0,0.0,0.0,False,False,135.0,2.0,1.2,1.0,1.5,1.0,1.0,1.0,674.0,52.0,674.0,52.0,1,0,False,1,1,68.0,34.0,0.0,34.0,True,False,False,False,True,9,1,False,192.0,192.0,192.0,SPOKED,SPOKED,1,1,80.0,80.0,78.0,700.0,28.0,300.0,1
455.0,25.0,580.0,67.0,95.0,45.0,465.0,75.0,660.0,48.0,40.0,35.0,50.0,36.0,25.0,13.0,15.0,ALUMINIUM,17.0,31.0,29.0,0.0,0.0,0.0,0.0,False,False,135.0,2.0,1.0,1.0,1.5,1.0,1.0,1.0,674.0,52.0,674.0,52.0,1,0,False,1,1,68.0,36.0,0.0,34.0,True,True,False,False,True,11,1,False,192.0,192.0,192.0,SPOKED,SPOKED,1,1,80.0,80.0,82.0,710.0,28.0,285.0,1
460.0,34.0,650.0,68.0,105.0,45.0,495.0,72.0,645.0,50.0,40.0,35.0,50.0,36.0,25.0,13.0,15.0,ALUMINIUM,16.0,29.0,31.0,0.0,0.0,0.0,0.0,False,False,135.0,2.0,1.1,1.0,1.5,1.0,1.0,1.0,674.0,52.0,674.0,52.0,1,0,False,1,1,68.0,32.0,0.0,34.0,True,False,False,False,True,12,1,False,192.0,192.0,192.0,SPOKED,SPOKED,1,1,80.0,80.0,80.0,705.0,28.0,320.0,1
465.0,30.0,600.0,69.0,110.0,45.0,480.0,73.0,650.0,51.0,40.0,35.0,50.0,36.0,25.0,13.0,15.0,ALUMINIUM,18.0,30.0,30.0,0.0,0.0,0.0,0.0,False,False,135.0,2.0,1.0,1.0,1.5,1.0,1.0,1.0,674.0,52.0,674.0,52.0,1,0,False,1,1,68.0,35.0,0.0,34.0,False,False,False,False,True,10,1,False,192.0,192.0,192.0,SPOKED,SPOKED,1,1,80.0,80.0,85.0,700.0,28.0,310.0,1
470.0,32.0,620.0,65.0,100.0,45.0,470.0,74.0,655.0,48.0,40.0,35.0,50.0,36.0,25.0,13.0,15.0,ALUMINIUM,17.0,32.0,28.0,0.0,0.0,0.0,0.0,False,False,135.0,2.0,1.0,1.0,1.5,1.0,1.0,1.0,674.0,52.0,674.0,52.0,1,0,False,1,1,68.0,33.0,0.0,34.0,True,True,False,False,True,12,1,False,192.0,192.0,192.0,SPOKED,SPOKED,1,1,80.0,80.0,80.0,715.0,28.0,300.0,1
425.0,58.0,560.0,66.0,120.0,45.0,540.0,74.0,630.0,45.0,40.0,28.6,36.5,23.35,23.35,13.0,15.0,ALUMINIUM,35.0,45.0,45.0,330.0,350.0,16.0,18.0,False,False,130.0,2.0,0.9,1.1,0.9,1.2,1.0,0.9,674.0,52.0,674.0,52.0,1,0,False,1,1,68.0,31.8,0.0,31.8,False,False,False,False,True,10,2,False,192.0,192.0,192.0,SPOKED,SPOKED,0,0,0.0,0.0,80.0,710.0,34.9,810.0,1
430.0,60.0,570.0,65.0,130.0,45.0,550.0,75.0,635.0,45.0,40.0,28.6,36.5,23.35,23.35,13.0,15.0,ALUMINIUM,32.0,47.0,48.0,330.0,350.0,16.0,18.0,False,False,130.0,2.0,0.9,1.1,0.9,1.2,1.0,0.9,674.0,52.0,674.0,52.0,1,1,False,1,1,68.0,31.8,0.0,31.8,False,False,False,False,True,11,2,False,192.0,192.0,192.0,SPOKED,SPOKED,0,0,0.0,0.0,80.0,715.0,34.9,820.0,1
440.0,55.0,555.0,67.0,125.0,45.0,545.0,74.5,640.0,45.0,40.0,28.6,36.5,23.35,23.35,13.0,15.0,ALUMINIUM,38.0,42.0,50.0,330.0,350.0,16.0,18.0,False,False,130.0,2.0,0.9,1.1,0.9,1.2,1.0,0.9,674.0,52.0,674.0,52.0,1,2,False,1,1,68.0,31.8,0.0,31.8,False,False,False,False,True,10,2,False,192.0,192.0,192.0,SPOKED,SPOKED,0,0,0.0,0.0,80.0,720.0,34.9,830.0,1
450.0,57.0,580.0,64.0,115.0,45.0,535.0,73.0,620.0,45.0,40.0,28.6,36.5,23.35,23.35,13.0,15.0,ALUMINIUM,30.0,40.0,42.0,330.0,350.0,16.0,18.0,False,False,130.0,2.0,0.9,1.1,0.9,1.2,1.0,0.9,674.0,52.0,674.0,52.0,1,1,False,1,1,68.0,31.8,0.0,31.8,False,False,False,False,True,9,2,False,192.0,192.0,192.0,SPOKED,SPOKED,0,0,0.0,0.0,80.0,700.0,34.9,800.0,1
420.0,59.0,565.0,65.5,135.0,45.0,560.0,75.0,628.0,45.0,40.0,28.6,36.5,23.35,23.35,13.0,15.0,ALUMINIUM,36.0,50.0,55.0,330.0,350.0,16.0,18.0,False,False,130.0,2.0,0.9,1.1,0.9,1.2,1.0,0.9,674.0,52.0,674.0,52.0,1,0,False,1,1,68.0,31.8,0.0,31.8,False,False,False,False,True,12,2,False,192.0,192.0,192.0,SPOKED,SPOKED,0,0,0.0,0.0,80.0,725.0,34.9,840.0,1
415.0,56.0,550.0,68.0,140.0,45.0,550.0,74.2,638.0,45.0,40.0,28.6,36.5,23.35,23.35,13.0,15.0,ALUMINIUM,34.0,43.0,46.0,330.0,350.0,16.0,18.0,False,False,130.0,2.0,0.9,1.1,0.9,1.2,1.0,0.9,674.0,52.0,674.0,52.0,1,2,False,1,1,68.0,31.8,0.0,31.8,False,False,False,False,True,10,2,False,192.0,192.0,192.0,SPOKED,SPOKED,0,0,0.0,0.0,80.0,705.0,34.9,805.0,1
435.0,58.0,575.0,66.0,118.0,45.0,545.0,73.8,632.0,45.0,40.0,28.6,36.5,23.35,23.35,13.0,15.0,ALUMINIUM,37.0,46.0,49.0,330.0,350.0,16.0,18.0,False,False,130.0,2.0,0.9,1.1,0.9,1.2,1.0,0.9,674.0,52.0,674.0,52.0,1,1,False,1,1,68.0,31.8,0.0,31.8,False,False,False,False,True,11,2,False,192.0,192.0,192.0,SPOKED,SPOKED,0,0,0.0,0.0,80.0,712.0,34.9,815.0,1
445.0,57.0,565.0,65.0,122.0,45.0,538.0,74.0,638.0,45.0,40.0,28.6,36.5,23.35,23.35,13.0,15.0,ALUMINIUM,33.0,48.0,44.0,330.0,350.0,16.0,18.0,False,False,130.0,2.0,0.9,1.1,0.9,1.2,1.0,0.9,674.0,52.0,674.0,52.0,1,0,False,1,1,68.0,31.8,0.0,31.8,False,False,False,False,True,9,2,False,192.0,192.0,192.0,SPOKED,SPOKED,0,0,0.0,0.0,80.0,718.0,34.9,825.0,1
425.0,60.0,555.0,67.5,128.0,45.0,550.0,75.0,642.0,45.0,40.0,28.6,36.5,23.35,23.35,13.0,15.0,ALUMINIUM,39.0,44.0,52.0,330.0,350.0,16.0,18.0,False,False,130.0,2.0,0.9,1.1,0.9,1.2,1.0,0.9,674.0,52.0,674.0,52.0,1,2,False,1,1,68.0,31.8,0.0,31.8,False,False,False,False,True,10,2,False,192.0,192.0,192.0,SPOKED,SPOKED,0,0,0.0,0.0,80.0,730.0,34.9,835.0,1
430.0,55.0,560.0,66.0,132.0,45.0,540.0,74.3,636.0,45.0,40.0,28.6,36.5,23.35,23.35,13.0,15.0,ALUMINIUM,31.0,41.0,47.0,330.0,350.0,16.0,18.0,False,False,130.0,2.0,0.9,1.1,0.9,1.2,1.0,0.9,674.0,52.0,674.0,52.0,1,1,False,1,1,68.0,31.8,0.0,31.8,False,False,False,False,True,11,2,False,192.0,192.0,192.0,SPOKED,SPOKED,0,0,0.0,0.0,80.0,722.0,34.9,845.0,1
440.0,65.0,620.0,66.0,120.0,50.0,550.0,73.0,650.0,45.0,40.0,30.0,40.0,30.0,25.0,13.0,15.0,ALUMINIUM,30.0,40.0,40.0,330.0,350.0,16.0,18.0,False,False,142.0,2.0,1.2,1.1,0.9,1.2,1.0,0.9,674.0,52.0,674.0,52.0,1,1,False,1,1,68.0,44.0,0.0,31.8,False,False,False,False,True,11,1,False,192.0,192.0,192.0,SPOKED,SPOKED,1,1,80.0,80.0,278.0,720.0,40.0,300.0,1
445.0,63.0,615.0,67.0,125.0,55.0,560.0,72.5,645.0,46.0,40.0,32.0,38.0,32.0,26.0,14.0,16.0,ALUMINIUM,32.0,42.0,38.0,330.0,350.0,16.0,18.0,False,False,142.0,2.0,1.0,1.1,1.0,1.2,1.0,1.0,674.0,52.0,674.0,52.0,1,1,False,1,1,68.0,42.0,0.0,31.8,False,False,False,False,True,11,1,False,192.0,192.0,192.0,SPOKED,SPOKED,1,1,80.0,80.0,278.0,725.0,38.0,310.0,1
430.0,70.0,630.0,65.5,115.0,48.0,540.0,73.5,660.0,44.0,40.0,28.0,42.0,28.0,24.0,12.0,14.0,ALUMINIUM,28.0,38.0,42.0,330.0,350.0,16.0,18.0,False,False,142.0,2.0,1.1,1.2,0.9,1.1,1.0,0.9,674.0,52.0,674.0,52.0,1,0,False,1,1,68.0,40.0,0.0,31.8,False,False,False,False,True,11,1,False,192.0,192.0,192.0,SPOKED,SPOKED,1,1,80.0,80.0,280.0,715.0,42.0,290.0,1
450.0,60.0,600.0,68.0,130.0,52.0,580.0,72.0,640.0,47.0,40.0,34.0,36.0,34.0,27.0,14.5,15.5,ALUMINIUM,35.0,45.0,35.0,330.0,350.0,16.0,18.0,False,False,142.0,2.0,1.0,1.0,1.0,1.3,1.1,0.9,674.0,52.0,674.0,52.0,1,1,False,1,1,68.0,46.0,0.0,31.8,False,False,False,False,True,11,1,False,192.0,192.0,192.0,SPOKED,SPOKED,1,1,80.0,80.0,275.0,730.0,37.0,305.0,1
435.0,68.0,605.0,66.5,118.0,49.0,555.0,73.0,655.0,45.5,40.0,29.0,39.0,29.0,25.5,13.5,15.0,ALUMINIUM,29.0,40.0,39.0,330.0,350.0,16.0,18.0,False,False,142.0,2.0,1.2,1.1,0.8,1.2,1.0,1.0,674.0,52.0,674.0,52.0,1,1,False,1,1,68.0,41.0,0.0,31.8,False,False,False,False,True,11,1,False,192.0,192.0,192.0,SPOKED,SPOKED,1,1,80.0,80.0,290.0,710.0,35.0,295.0,1
442.0,66.0,618.0,67.5,122.0,51.0,565.0,72.5,648.0,46.5,40.0,31.0,37.0,31.0,26.5,14.0,16.0,ALUMINIUM,31.0,43.0,37.0,330.0,350.0,16.0,18.0,False,False,142.0,2.0,1.1,1.0,0.9,1.0,1.0,0.9,674.0,52.0,674.0,52.0,1,1,False,1,1,68.0,43.0,0.0,31.8,False,False,False,False,True,11,1,False,192.0,192.0,192.0,SPOKED,SPOKED,1,1,80.0,80.0,285.0,722.0,36.0,298.0,1
438.0,64.0,610.0,66.8,128.0,53.0,548.0,73.2,658.0,44.8,40.0,33.0,35.0,33.0,27.5,12.5,15.5,ALUMINIUM,33.0,41.0,43.0,330.0,350.0,16.0,18.0,False,False,142.0,2.0,1.0,1.2,0.8,1.1,1.0,0.9,674.0,52.0,674.0,52.0,1,1,False,1,1,68.0,45.0,0.0,31.8,False,False,False,False,True,11,1,False,192.0,192.0,192.0,SPOKED,SPOKED,1,1,80.0,80.0,295.0,700.0,38.5,312.0,1
442.0,62.0,605.0,67.0,119.0,50.0,552.0,72.8,652.0,45.2,40.0,30.5,36.5,30.5,26.0,13.0,15.0,ALUMINIUM,30.5,42.5,38.5,330.0,350.0,16.0,18.0,False,False,142.0,2.0,1.2,1.1,0.9,1.2,1.0,1.0,674.0,52.0,674.0,52.0,1,1,False,1,1,68.0,42.5,0.0,31.8,False,False,False,False,True,11,1,False,192.0,192.0,192.0,SPOKED,SPOKED,1,1,80.0,80.0,288.0,728.0,39.0,305.0,1
448.0,67.0,625.0,66.2,132.0,54.0,578.0,73.4,642.0,46.2,40.0,34.5,38.5,34.5,27.8,14.2,15.2,ALUMINIUM,34.2,44.0,36.8,330.0,350.0,16.0,18.0,False,False,142.0,2.0,1.1,1.0,0.9,1.1,1.0,0.9,674.0,52.0,674.0,52.0,1,1,False,1,1,68.0,46.8,0.0,31.8,False,False,False,False,True,11,1,False,192.0,192.0,192.0,SPOKED,SPOKED,1,1,80.0,80.0,280.0,715.0,41.0,290.0,1
430.0,69.0,632.0,65.8,117.0,47.0,562.0,72.2,660.0,44.5,40.0,29.5,37.5,29.5,24.5,12.8,14.8,ALUMINIUM,29.8,39.5,41.2,330.0,350.0,16.0,18.0,False,False,142.0,2.0,1.1,1.1,0.9,1.2,1.0,0.9,674.0,52.0,674.0,52.0,1,0,False,1,1,68.0,40.5,0.0,31.8,False,False,False,False,True,11,1,False,192.0,192.0,192.0,SPOKED,SPOKED,1,1,80.0,80.0,292.0,720.0,38.2,305.0,1
430.0,50.0,560.0,66.0,120.0,45.0,550.0,73.0,650.0,50.0,40.0,31.8,34.9,28.6,28.6,15.0,15.0,ALUMINIUM,25.0,40.0,40.0,0.0,0.0,0.0,0.0,False,False,135.0,2.0,0.9,1.1,0.9,0.9,0.9,0.9,740.0,45.0,740.0,45.0,1,1,False,1,1,73.0,50.0,0.0,34.9,False,False,False,False,True,12,1,False,192.0,192.0,192.0,SPOKED,SPOKED,0,0,0.0,0.0,300.0,750.0,34.9,300.0,1
435.0,55.0,565.0,67.0,125.0,45.0,555.0,73.5,655.0,55.0,40.0,32.0,35.0,29.0,29.0,15.0,15.0,ALUMINIUM,25.0,40.0,40.0,0.0,0.0,0.0,0.0,False,False,135.0,2.0,0.9,1.1,0.9,0.9,0.9,0.9,740.0,45.0,740.0,45.0,1,2,False,1,1,73.0,50.0,0.0,34.9,False,False,False,False,True,11,1,False,180.0,180.0,180.0,SPOKED,SPOKED,0,0,0.0,0.0,305.0,755.0,34.9,305.0,1
440.0,45.0,550.0,65.0,115.0,45.0,545.0,74.0,645.0,45.0,40.0,30.9,34.0,28.0,28.0,15.0,15.0,ALUMINIUM,25.0,40.0,40.0,0.0,0.0,0.0,0.0,False,False,135.0,2.0,0.9,1.1,0.9,0.9,0.9,0.9,740.0,45.0,740.0,45.0,1,1,False,1,1,73.0,50.0,0.0,34.9,True,False,False,False,True,10,2,False,185.0,185.0,185.0,SPOKED,SPOKED,0,0,0.0,0.0,310.0,760.0,34.0,310.0,1
445.0,60.0,570.0,66.5,130.0,45.0,560.0,72.5,660.0,60.0,40.0,31.1,35.5,29.5,29.5,15.0,15.0,ALUMINIUM,25.0,40.0,40.0,0.0,0.0,0.0,0.0,False,False,135.0,2.0,0.9,1.1,0.9,0.9,0.9,0.9,740.0,45.0,740.0,45.0,1,1,False,1,1,73.0,50.0,0.0,34.9,False,True,False,False,True,12,1,False,170.0,170.0,170.0,SPOKED,SPOKED,0,0,0.0,0.0,295.0,745.0,35.5,295.0,1
450.0,50.0,560.0,67.5,140.0,45.0,570.0,73.0,670.0,50.0,40.0,32.5,36.0,30.0,30.0,15.0,15.0,ALUMINIUM,25.0,40.0,40.0,0.0,0.0,0.0,0.0,False,False,135.0,2.0,0.9,1.1,0.9,0.9,0.9,0.9,740.0,45.0,740.0,45.0,1,2,False,1,3,73.0,56.0,0.0,34.9,False,False,False,False,True,11,1,False,160.0,160.0,160.0,SPOKED,SPOKED,0,0,0.0,0.0,315.0,760.0,36.0,315.0,1
455.0,48.0,555.0,66.0,118.0,45.0,565.0,74.0,658.0,55.0,40.0,31.8,34.9,28.6,28.6,15.0,15.0,ALUMINIUM,25.0,40.0,40.0,0.0,0.0,0.0,0.0,False,False,135.0,2.0,0.9,1.1,0.9,0.9,0.9,0.9,740.0,45.0,740.0,45.0,1,0,False,1,1,73.0,50.0,0.0,34.9,False,True,False,False,True,10,2,False,155.0,155.0,155.0,SPOKED,SPOKED,0,0,0.0,0.0,290.0,745.0,34.9,290.0,1
460.0,52.0,562.0,68.0,132.0,45.0,580.0,72.0,665.0,52.0,40.0,32.2,35.2,29.2,29.2,15.0,15.0,ALUMINIUM,25.0,40.0,40.0,0.0,0.0,0.0,0.0,False,False,135.0,2.0,0.9,1.1,0.9,0.9,0.9,0.9,740.0,45.0,740.0,45.0,1,1,False,1,1,73.0,50.0,0.0,34.9,False,False,False,False,True,12,1,False,150.0,150.0,150.0,SPOKED,SPOKED,0,0,0.0,0.0,320.0,775.0,35.2,320.0,1
465.0,54.0,568.0,64.5,122.0,45.0,590.0,73.5,660.0,54.0,40.0,31.5,34.5,28.0,28.0,15.0,15.0,ALUMINIUM,25.0,40.0,40.0,0.0,0.0,0.0,0.0,False,False,135.0,2.0,0.9,1.1,0.9,0.9,0.9,0.9,740.0,45.0,740.0,45.0,1,1,False,1,1,73.0,50.0,0.0,34.9,False,False,False,False,True,11,2,False,145.0,145.0,145.0,SPOKED,SPOKED,0,0,0.0,0.0,325.0,780.0,34.5,325.0,1
470.0,49.0,559.0,67.0,128.0,45.0,575.0,73.0,672.0,49.0,40.0,32.0,35.0,29.0,29.0,15.0,15.0,ALUMINIUM,25.0,40.0,40.0,0.0,0.0,0.0,0.0,False,False,135.0,2.0,0.9,1.1,0.9,0.9,0.9,0.9,740.0,45.0,740.0,45.0,1,1,False,1,1,73.0,50.0,0.0,34.9,False,False,False,False,True,10,1,False,140.0,140.0,140.0,SPOKED,SPOKED,0,0,0.0,0.0,310.0,765.0,35.0,310.0,1
475.0,50.0,563.0,65.5,126.0,45.0,585.0,74.0,660.0,50.0,40.0,31.8,34.9,28.6,28.6,15.0,15.0,ALUMINIUM,25.0,40.0,40.0,0.0,0.0,0.0,0.0,False,False,135.0,2.0,0.9,1.1,0.9,0.9,0.9,0.9,740.0,45.0,740.0,45.0,1,1,False,1,1,73.0,50.0,0.0,34.9,False,False,False,False,True,12,1,False,135.0,135.0,135.0,SPOKED,SPOKED,0,0,0.0,0.0,330.0,770.0,34.9,330.0,1
430.0,65.0,600.0,68.0,100.0,45.0,555.0,73.0,610.0,50.0,45.0,28.6,36.5,23.35,13.0,15.0,10.0,ALUMINIUM,30.0,40.0,50.0,330.0,350.0,16.0,18.0,False,False,135.0,2.0,0.9,1.1,0.9,1.2,1.0,0.9,674.0,52.0,674.0,52.0,1,1,False,1,1,68.0,31.8,692.0,26.8,False,False,False,False,True,11,1,False,192.0,192.0,192.0,SPOKED,SPOKED,0,0,80.0,80.0,278.0,700.0,26.8,300.0,1
440.0,63.0,610.0,67.0,110.0,46.0,560.0,74.0,620.0,48.0,45.0,28.6,36.5,23.35,13.0,15.0,10.0,ALUMINIUM,32.0,42.0,52.0,330.0,350.0,16.0,18.0,False,False,135.0,2.0,0.9,1.1,0.9,1.2,1.0,0.9,674.0,52.0,674.0,52.0,1,1,False,1,1,68.0,31.8,692.0,26.8,False,False,False,False,True,11,1,False,200.0,200.0,200.0,SPOKED,SPOKED,0,0,80.0,80.0,278.0,710.0,26.8,320.0,1
420.0,66.0,590.0,69.0,95.0,45.0,550.0,72.0,600.0,52.0,45.0,28.6,36.5,23.35,13.0,15.0,10.0,ALUMINIUM,28.0,38.0,48.0,330.0,350.0,16.0,18.0,False,False,135.0,2.0,0.9,1.1,0.9,1.2,1.0,0.9,674.0,52.0,674.0,52.0,1,1,False,1,1,68.0,31.8,692.0,26.8,False,False,False,False,True,11,1,False,180.0,180.0,180.0,SPOKED,SPOKED,0,0,80.0,80.0,278.0,720.0,26.8,310.0,1
450.0,62.0,620.0,67.5,105.0,45.0,565.0,73.5,630.0,49.0,45.0,28.6,36.5,23.35,13.0,15.0,10.0,ALUMINIUM,33.0,43.0,53.0,330.0,350.0,16.0,18.0,False,False,135.0,2.0,0.9,1.1,0.9,1.2,1.0,0.9,674.0,52.0,674.0,52.0,1,1,False,1,1,68.0,31.8,692.0,26.8,False,False,False,False,True,11,1,False,160.0,160.0,160.0,SPOKED,SPOKED,0,0,80.0,80.0,278.0,730.0,26.8,330.0,1
435.0,64.0,605.0,68.5,102.0,45.0,557.0,73.2,615.0,51.0,45.0,28.6,36.5,23.35,13.0,15.0,10.0,ALUMINIUM,31.0,41.0,51.0,330.0,350.0,16.0,18.0,False,False,135.0,2.0,0.9,1.1,0.9,1.2,1.0,0.9,674.0,52.0,674.0,52.0,1,1,False,1,1,68.0,31.8,692.0,26.8,False,False,False,False,True,11,1,False,210.0,210.0,210.0,SPOKED,SPOKED,0,0,80.0,80.0,278.0,715.0,26.8,340.0,1
445.0,61.0,595.0,70.0,98.0,45.0,553.0,72.8,605.0,50.0,45.0,28.6,36.5,23.35,13.0,15.0,10.0,ALUMINIUM,29.0,39.0,49.0,330.0,350.0,16.0,18.0,False,False,135.0,2.0,0.9,1.1,0.9,1.2,1.0,0.9,674.0,52.0,674.0,52.0,1,1,False,1,1,68.0,31.8,692.0,26.8,False,False,False,False,True,11,1,False,170.0,170.0,170.0,SPOKED,SPOKED,0,0,80.0,80.0,278.0,705.0,26.8,315.0,1
425.0,67.0,585.0,69.5,90.0,45.0,548.0,72.5,595.0,53.0,45.0,28.6,36.5,23.35,13.0,15.0,10.0,ALUMINIUM,27.0,37.0,47.0,330.0,350.0,16.0,18.0,False,False,135.0,2.0,0.9,1.1,0.9,1.2,1.0,0.9,674.0,52.0,674.0,52.0,1,1,False,1,1,68.0,31.8,692.0,26.8,False,False,False,False,True,11,1,False,150.0,150.0,150.0,SPOKED,SPOKED,0,0,80.0,80.0,278.0,725.0,26.8,325.0,1
455.0,60.0,625.0,68.2,115.0,45.0,570.0,74.0,635.0,47.0,45.0,28.6,36.5,23.35,13.0,15.0,10.0,ALUMINIUM,34.0,44.0,54.0,330.0,350.0,16.0,18.0,False,False,135.0,2.0,0.9,1.1,0.9,1.2,1.0,0.9,674.0,52.0,674.0,52.0,1,1,False,1,1,68.0,31.8,692.0,26.8,False,False,False,False,True,11,1,False,220.0,220.0,220.0,SPOKED,SPOKED,0,0,80.0,80.0,278.0,735.0,26.8,350.0,1
460.0,65.0,615.0,67.8,108.0,45.0,562.0,73.3,625.0,49.0,45.0,28.6,36.5,23.35,13.0,15.0,10.0,ALUMINIUM,30.0,45.0,50.0,330.0,350.0,16.0,18.0,False,False,135.0,2.0,0.9,1.1,0.9,1.2,1.0,0.9,674.0,52.0,674.0,52.0,1,1,False,1,1,68.0,31.8,692.0,26.8,False,False,False,False,True,11,1,False,195.0,195.0,195.0,SPOKED,SPOKED,0,0,80.0,80.0,278.0,705.0,26.8,290.0,1
415.0,68.0,580.0,69.8,85.0,45.0,540.0,72.0,590.0,54.0,45.0,28.6,36.5,23.35,13.0,15.0,10.0,ALUMINIUM,26.0,36.0,46.0,330.0,350.0,16.0,18.0,False,False,135.0,2.0,0.9,1.1,0.9,1.2,1.0,0.9,674.0,52.0,674.0,52.0,1,1,False,1,1,68.0,31.8,692.0,26.8,False,False,False,False,True,11,1,False,185.0,185.0,185.0,SPOKED,SPOKED,0,0,80.0,80.0,278.0,695.0,26.8,280.0,1
430.0,60.0,620.0,68.0,130.0,45.0,540.0,73.0,660.0,45.0,45.0,32.0,36.0,35.0,25.0,13.0,15.0,ALUMINIUM,35.0,40.0,45.0,0.0,0.0,0.0,0.0,False,False,135.0,1.5,1.5,1.5,1.5,1.5,1.5,1.5,682.0,60.0,682.0,60.0,1,1,False,1,1,68.0,44.0,0.0,31.8,False,False,False,False,True,12,1,False,192.0,192.0,192.0,SPOKED,SPOKED,0,0,0.0,0.0,270.0,760.0,36.0,250.0,1
435.0,62.0,630.0,69.0,140.0,45.0,550.0,74.0,680.0,45.0,45.0,34.0,38.0,33.0,24.0,13.0,15.0,ALUMINIUM,40.0,45.0,50.0,0.0,0.0,0.0,0.0,False,False,135.0,1.5,1.5,1.5,1.5,1.5,1.5,1.5,682.0,60.0,682.0,60.0,1,1,False,1,1,68.0,44.0,0.0,31.8,False,False,False,False,True,12,1,False,192.0,192.0,192.0,SPOKED,SPOKED,0,0,0.0,0.0,270.0,760.0,38.0,250.0,1
425.0,58.0,610.0,67.0,125.0,45.0,530.0,72.0,650.0,45.0,45.0,30.0,35.0,32.0,23.0,13.0,15.0,ALUMINIUM,30.0,38.0,42.0,0.0,0.0,0.0,0.0,False,False,135.0,1.5,1.5,1.5,1.5,1.5,1.5,1.5,682.0,60.0,682.0,60.0,1,1,False,1,1,68.0,44.0,0.0,31.8,False,False,False,False,True,12,1,False,192.0,192.0,192.0,SPOKED,SPOKED,0,0,0.0,0.0,270.0,760.0,35.0,250.0,1
440.0,64.0,640.0,70.0,150.0,45.0,560.0,75.0,690.0,45.0,45.0,35.0,40.0,34.0,26.0,13.0,15.0,ALUMINIUM,45.0,47.0,52.0,0.0,0.0,0.0,0.0,False,False,135.0,1.5,1.5,1.5,1.5,1.5,1.5,1.5,682.0,60.0,682.0,60.0,1,1,False,1,1,68.0,44.0,0.0,31.8,False,False,False,False,True,12,1,False,192.0,192.0,192.0,SPOKED,SPOKED,0,0,0.0,0.0,270.0,760.0,40.0,250.0,1
420.0,61.0,600.0,66.0,120.0,45.0,535.0,73.5,670.0,45.0,45.0,31.0,37.0,31.0,22.0,13.0,15.0,ALUMINIUM,33.0,36.0,44.0,0.0,0.0,0.0,0.0,False,False,135.0,1.5,1.5,1.5,1.5,1.5,1.5,1.5,682.0,60.0,682.0,60.0,1,1,False,1,1,68.0,44.0,0.0,31.8,False,False,False,False,True,12,1,False,192.0,192.0,192.0,SPOKED,SPOKED,0,0,0.0,0.0,270.0,760.0,37.0,250.0,1
445.0,63.0,625.0,68.5,135.0,45.0,555.0,74.5,685.0,45.0,45.0,33.0,39.0,33.5,24.5,13.0,15.0,ALUMINIUM,38.0,44.0,48.0,0.0,0.0,0.0,0.0,False,False,135.0,1.5,1.5,1.5,1.5,1.5,1.5,1.5,682.0,60.0,682.0,60.0,1,1,False,1,1,68.0,44.0,0.0,31.8,False,False,False,False,True,12,1,False,192.0,192.0,192.0,SPOKED,SPOKED,0,0,0.0,0.0,270.0,760.0,39.0,250.0,1
415.0,59.0,635.0,67.5,145.0,45.0,525.0,72.5,655.0,45.0,45.0,29.0,34.0,30.0,23.5,13.0,15.0,ALUMINIUM,32.0,37.0,43.0,0.0,0.0,0.0,0.0,False,False,135.0,1.5,1.5,1.5,1.5,1.5,1.5,1.5,682.0,60.0,682.0,60.0,1,1,False,1,1,68.0,44.0,0.0,31.8,False,False,False,False,True,12,1,False,192.0,192.0,192.0,SPOKED,SPOKED,0,0,0.0,0.0,270.0,760.0,34.0,250.0,1
450.0,65.0,615.0,69.5,128.0,45.0,565.0,73.8,675.0,45.0,45.0,36.0,41.0,34.5,27.0,13.0,15.0,ALUMINIUM,42.0,46.0,51.0,0.0,0.0,0.0,0.0,False,False,135.0,1.5,1.5,1.5,1.5,1.5,1.5,1.5,682.0,60.0,682.0,60.0,1,1,False,1,1,68.0,44.0,0.0,31.8,False,False,False,False,True,12,1,False,192.0,192.0,192.0,SPOKED,SPOKED,0,0,0.0,0.0,270.0,760.0,41.0,250.0,1
410.0,57.0,605.0,65.5,138.0,45.0,520.0,74.8,665.0,45.0,45.0,30.5,36.5,32.5,25.5,13.0,15.0,ALUMINIUM,36.0,39.0,46.0,0.0,0.0,0.0,0.0,False,False,135.0,1.5,1.5,1.5,1.5,1.5,1.5,1.5,682.0,60.0,682.0,60.0,1,1,False,1,1,68.0,44.0,0.0,31.8,False,False,False,False,True,12,1,False,192.0,192.0,192.0,SPOKED,SPOKED,0,0,0.0,0.0,270.0,760.0,36.5,250.0,1
455.0,66.0,645.0,71.0,148.0,45.0,575.0,72.8,680.0,45.0,45.0,34.5,39.5,35.0,28.0,13.0,15.0,ALUMINIUM,39.0,43.0,49.0,0.0,0.0,0.0,0.0,False,False,135.0,1.5,1.5,1.5,1.5,1.5,1.5,1.5,682.0,60.0,682.0,60.0,1,1,False,1,1,68.0,44.0,0.0,31.8,False,False,False,False,True,12,1,False,192.0,192.0,192.0,SPOKED,SPOKED,0,0,0.0,0.0,270.0,760.0,39.5,250.0,1
430.0,55.0,650.0,67.0,125.0,45.0,540.0,73.0,630.0,45.0,45.0,28.6,36.5,23.35,23.35,21.5,15.0,ALUMINIUM,30.0,35.0,40.0,330.0,350.0,16.0,18.0,False,False,142.0,2.0,1.0,1.2,1.0,1.2,1.1,1.0,720.0,98.0,720.0,98.0,1,1,False,1,1,73.0,57.0,50.0,35.0,True,True,False,False,True,12,1,False,192.0,192.0,192.0,SPOKED,SPOKED,0,0,0.0,0.0,290.0,720.0,36.0,350.0,1
425.0,50.0,655.0,66.0,130.0,47.0,545.0,72.0,635.0,47.0,46.0,29.0,37.0,24.0,24.0,22.0,14.0,ALUMINIUM,32.0,36.0,42.0,332.0,352.0,17.0,19.0,False,False,148.0,2.2,1.0,1.2,1.0,1.2,1.1,1.0,722.0,100.0,722.0,100.0,1,1,False,1,1,75.0,59.0,52.0,36.0,True,True,False,False,True,12,1,False,192.0,192.0,192.0,SPOKED,SPOKED,0,0,0.0,0.0,295.0,725.0,38.0,355.0,1
435.0,60.0,645.0,68.0,120.0,44.0,535.0,74.0,625.0,44.0,47.0,28.0,36.0,23.0,23.0,20.0,16.0,ALUMINIUM,28.0,34.0,38.0,328.0,348.0,15.0,17.0,False,False,142.0,2.1,0.9,1.1,0.9,1.1,1.0,0.9,718.0,96.0,718.0,96.0,1,1,False,1,1,70.0,55.0,48.0,34.0,True,True,False,False,True,12,1,False,192.0,192.0,192.0,SPOKED,SPOKED,0,0,0.0,0.0,285.0,715.0,35.0,345.0,1
440.0,52.0,660.0,65.0,135.0,46.0,550.0,71.0,640.0,46.0,44.0,29.5,38.0,24.5,24.5,23.0,15.0,ALUMINIUM,35.0,38.0,45.0,335.0,355.0,18.0,20.0,False,False,148.0,2.0,1.1,1.3,1.1,1.3,1.2,1.1,730.0,102.0,730.0,102.0,1,1,False,1,1,78.0,60.0,54.0,38.0,True,True,False,False,True,12,1,False,192.0,192.0,192.0,SPOKED,SPOKED,0,0,0.0,0.0,300.0,730.0,40.0,360.0,1
420.0,58.0,648.0,69.0,118.0,43.0,525.0,73.0,620.0,43.0,45.0,28.8,37.5,24.8,24.8,22.5,14.0,ALUMINIUM,29.0,33.0,39.0,329.0,349.0,16.0,18.0,False,False,142.0,2.3,0.95,1.15,0.95,1.15,1.05,0.95,715.0,97.0,715.0,97.0,1,1,False,1,1,72.0,58.0,50.0,37.0,True,True,False,False,True,12,1,False,192.0,192.0,192.0,SPOKED,SPOKED,0,0,0.0,0.0,288.0,718.0,36.0,348.0,1
432.0,53.0,652.0,67.0,122.0,45.0,540.0,72.0,632.0,45.0,46.0,29.2,36.8,23.8,23.8,21.8,15.0,ALUMINIUM,31.0,35.0,41.0,331.0,351.0,17.0,19.0,False,False,148.0,2.1,1.05,1.25,1.05,1.25,1.15,1.05,728.0,99.0,728.0,99.0,1,1,False,1,1,74.0,57.0,51.0,35.0,True,True,False,False,True,12,1,False,192.0,192.0,192.0,SPOKED,SPOKED,0,0,0.0,0.0,292.0,722.0,37.0,352.0,1
438.0,56.0,649.0,66.0,128.0,46.0,548.0,71.0,638.0,46.0,47.0,28.7,36.2,23.7,23.7,22.2,16.0,ALUMINIUM,33.0,37.0,43.0,333.0,353.0,16.0,18.0,False,False,142.0,2.2,1.0,1.2,1.0,1.2,1.1,1.0,720.0,98.0,720.0,98.0,1,1,False,1,1,76.0,58.0,53.0,36.0,True,True,False,False,True,12,1,False,192.0,192.0,192.0,SPOKED,SPOKED,0,0,0.0,0.0,298.0,726.0,39.0,356.0,1
422.0,51.0,654.0,68.0,124.0,44.0,532.0,73.0,628.0,44.0,45.0,29.1,37.2,24.1,24.1,21.4,14.0,ALUMINIUM,30.0,34.0,40.0,330.0,350.0,16.0,18.0,False,False,148.0,2.0,0.9,1.1,0.9,1.1,1.0,0.9,722.0,100.0,722.0,100.0,1,1,False,1,1,71.0,56.0,49.0,35.0,True,True,False,False,True,12,1,False,192.0,192.0,192.0,SPOKED,SPOKED,0,0,0.0,0.0,289.0,719.0,36.0,349.0,1
434.0,57.0,647.0,65.0,117.0,47.0,521.0,74.0,618.0,47.0,46.0,28.4,36.4,23.4,23.4,21.0,15.0,ALUMINIUM,28.0,32.0,38.0,328.0,348.0,15.0,17.0,False,False,142.0,2.3,1.1,1.3,1.1,1.3,1.2,1.1,715.0,97.0,715.0,97.0,1,1,False,1,1,69.0,55.0,47.0,34.0,True,True,False,False,True,12,1,False,192.0,192.0,192.0,SPOKED,SPOKED,0,0,0.0,0.0,286.0,716.0,35.0,346.0,1
440.0,55.0,660.0,66.0,132.0,45.0,550.0,72.0,640.0,45.0,45.0,29.3,37.3,24.3,24.3,22.3,15.0,ALUMINIUM,34.0,38.0,44.0,334.0,354.0,18.0,19.0,False,False,148.0,2.1,1.05,1.25,1.05,1.25,1.15,1.05,728.0,99.0,728.0,99.0,1,1,False,1,1,77.0,59.0,52.0,37.0,True,True,False,False,True,12,1,False,192.0,192.0,192.0,SPOKED,SPOKED,0,0,0.0,0.0,299.0,728.0,40.0,358.0,1
420.0,40.0,610.0,66.0,110.0,45.0,540.0,74.0,660.0,45.0,40.0,40.0,49.0,36.5,23.35,15.0,9.0,ALUMINIUM,31.0,60.0,42.0,0.0,0.0,0.0,0.0,False,False,135.0,2.0,0.9,1.1,0.9,1.2,1.0,0.9,754.0,66.0,754.0,66.0,1,1,False,1,1,68.0,54.0,0.0,31.8,False,False,False,False,True,10,1,False,192.0,192.0,192.0,SPOKED,SPOKED,1,1,80.0,80.0,250.0,750.0,34.9,350.0,1
430.0,45.0,630.0,67.5,120.0,45.0,560.0,73.5,675.0,45.0,40.0,40.0,49.0,36.5,23.35,15.0,9.0,ALUMINIUM,31.0,60.0,42.0,0.0,0.0,0.0,0.0,False,False,135.0,2.0,0.9,1.1,0.9,1.2,1.0,0.9,754.0,66.0,754.0,66.0,1,1,False,1,1,68.0,54.0,0.0,31.8,False,False,False,False,True,10,1,False,192.0,192.0,192.0,SPOKED,SPOKED,1,1,80.0,80.0,250.0,750.0,34.9,350.0,1
440.0,50.0,600.0,65.0,115.0,45.0,550.0,74.5,670.0,45.0,40.0,40.0,49.0,36.5,23.35,15.0,9.0,ALUMINIUM,31.0,60.0,42.0,0.0,0.0,0.0,0.0,False,False,135.0,2.0,0.9,1.1,0.9,1.2,1.0,0.9,754.0,66.0,754.0,66.0,1,1,False,1,1,68.0,54.0,0.0,31.8,False,False,False,False,True,10,1,False,192.0,192.0,192.0,SPOKED,SPOKED,1,1,80.0,80.0,250.0,750.0,34.9,350.0,1
410.0,35.0,620.0,66.5,105.0,45.0,530.0,73.0,655.0,45.0,40.0,40.0,49.0,36.5,23.35,15.0,9.0,ALUMINIUM,31.0,60.0,42.0,0.0,0.0,0.0,0.0,False,False,135.0,2.0,0.9,1.1,0.9,1.2,1.0,0.9,754.0,66.0,754.0,66.0,1,1,False,1,1,68.0,54.0,0.0,31.8,False,False,False,False,True,10,1,False,192.0,192.0,192.0,SPOKED,SPOKED,1,1,80.0,80.0,250.0,750.0,34.9,350.0,1
450.0,38.0,635.0,67.0,130.0,45.0,565.0,74.0,690.0,45.0,40.0,40.0,49.0,36.5,23.35,15.0,9.0,ALUMINIUM,31.0,60.0,42.0,0.0,0.0,0.0,0.0,False,False,135.0,2.0,0.9,1.1,0.9,1.2,1.0,0.9,754.0,66.0,754.0,66.0,1,1,False,1,1,68.0,54.0,0.0,31.8,False,False,False,False,True,10,1,False,192.0,192.0,192.0,SPOKED,SPOKED,1,1,80.0,80.0,250.0,750.0,34.9,350.0,1
460.0,42.0,640.0,66.0,125.0,45.0,555.0,73.5,680.0,45.0,40.0,40.0,49.0,36.5,23.35,15.0,9.0,ALUMINIUM,31.0,60.0,42.0,0.0,0.0,0.0,0.0,False,False,135.0,2.0,0.9,1.1,0.9,1.2,1.0,0.9,754.0,66.0,754.0,66.0,1,1,False,1,1,68.0,54.0,0.0,31.8,False,False,False,False,True,10,1,False,192.0,192.0,192.0,SPOKED,SPOKED,1,1,80.0,80.0,250.0,750.0,34.9,350.0,1
425.0,48.0,615.0,65.5,112.0,45.0,545.0,74.0,665.0,45.0,40.0,40.0,49.0,36.5,23.35,15.0,9.0,ALUMINIUM,31.0,60.0,42.0,0.0,0.0,0.0,0.0,False,False,135.0,2.0,0.9,1.1,0.9,1.2,1.0,0.9,754.0,66.0,754.0,66.0,1,1,False,1,1,68.0,54.0,0.0,31.8,False,False,False,False,True,10,1,False,192.0,192.0,192.0,SPOKED,SPOKED,1,1,80.0,80.0,250.0,750.0,34.9,350.0,1
435.0,39.0,605.0,66.5,118.0,45.0,550.0,73.5,660.0,45.0,40.0,40.0,49.0,36.5,23.35,15.0,9.0,ALUMINIUM,31.0,60.0,42.0,0.0,0.0,0.0,0.0,False,False,135.0,2.0,0.9,1.1,0.9,1.2,1.0,0.9,754.0,66.0,754.0,66.0,1,1,False,1,1,68.0,54.0,0.0,31.8,False,False,False,False,True,10,1,False,192.0,192.0,192.0,SPOKED,SPOKED,1,1,80.0,80.0,250.0,750.0,34.9,350.0,1
445.0,44.0,625.0,65.5,135.0,45.0,570.0,73.0,685.0,45.0,40.0,40.0,49.0,36.5,23.35,15.0,9.0,ALUMINIUM,31.0,60.0,42.0,0.0,0.0,0.0,0.0,False,False,135.0,2.0,0.9,1.1,0.9,1.2,1.0,0.9,754.0,66.0,754.0,66.0,1,1,False,1,1,68.0,54.0,0.0,31.8,False,False,False,False,True,10,1,False,192.0,192.0,192.0,SPOKED,SPOKED,1,1,80.0,80.0,250.0,750.0,34.9,350.0,1
455.0,41.0,630.0,67.0,128.0,45.0,560.0,74.5,695.0,45.0,40.0,40.0,49.0,36.5,23.35,15.0,9.0,ALUMINIUM,31.0,60.0,42.0,0.0,0.0,0.0,0.0,False,False,135.0,2.0,0.9,1.1,0.9,1.2,1.0,0.9,754.0,66.0,754.0,66.0,1,1,False,1,1,68.0,54.0,0.0,31.8,False,False,False,False,True,10,1,False,192.0,192.0,192.0,SPOKED,SPOKED,1,1,80.0,80.0,250.0,750.0,34.9,350.0,1
430.0,70.0,620.0,67.0,110.0,45.0,550.0,73.0,670.0,45.0,45.0,25.4,28.6,25.4,25.4,13.0,13.0,ALUMINIUM,30.0,40.0,30.0,330.0,350.0,16.0,18.0,False,False,135.0,2.0,1.0,1.2,1.2,1.0,1.0,1.0,674.0,52.0,674.0,52.0,1,1,False,1,1,68.0,55.0,30.0,31.8,False,False,False,False,True,10,1,False,192.0,192.0,192.0,SPOKED,SPOKED,0,0,0.0,0.0,280.0,700.0,28.6,300.0,1
435.0,65.0,640.0,66.0,120.0,50.0,560.0,72.5,690.0,48.0,45.0,25.4,28.6,25.4,25.4,13.0,13.0,ALUMINIUM,32.0,42.0,28.0,330.0,350.0,16.0,18.0,False,False,135.0,2.0,1.0,1.2,1.2,1.0,1.0,1.0,674.0,52.0,674.0,52.0,1,1,False,1,1,68.0,55.0,30.0,31.8,False,False,False,False,True,10,1,False,192.0,192.0,192.0,SPOKED,SPOKED,0,0,0.0,0.0,280.0,705.0,28.6,300.0,1
420.0,75.0,610.0,67.5,100.0,45.0,550.0,73.5,660.0,46.0,45.0,25.4,28.6,25.4,25.4,13.0,13.0,ALUMINIUM,28.0,40.0,32.0,330.0,350.0,16.0,18.0,False,False,135.0,2.0,1.0,1.2,1.2,1.0,1.0,1.0,674.0,52.0,674.0,52.0,1,1,False,1,1,68.0,55.0,30.0,31.8,False,False,False,False,True,10,1,False,192.0,192.0,192.0,SPOKED,SPOKED,0,0,0.0,0.0,280.0,695.0,28.6,300.0,1
445.0,60.0,630.0,65.5,130.0,45.0,560.0,73.0,680.0,47.0,45.0,25.4,28.6,25.4,25.4,13.0,13.0,ALUMINIUM,31.0,42.0,29.0,330.0,350.0,16.0,18.0,False,False,135.0,2.0,1.0,1.2,1.2,1.0,1.0,1.0,674.0,52.0,674.0,52.0,1,1,False,1,1,68.0,55.0,30.0,31.8,False,False,False,False,True,10,1,False,192.0,192.0,192.0,SPOKED,SPOKED,0,0,0.0,0.0,280.0,710.0,28.6,300.0,1
415.0,70.0,600.0,66.5,90.0,45.0,545.0,74.0,655.0,49.0,45.0,25.4,28.6,25.4,25.4,13.0,13.0,ALUMINIUM,25.0,38.0,31.0,330.0,350.0,16.0,18.0,False,False,135.0,2.0,1.0,1.2,1.2,1.0,1.0,1.0,674.0,52.0,674.0,52.0,1,1,False,1,1,68.0,55.0,30.0,31.8,False,False,False,False,True,10,1,False,192.0,192.0,192.0,SPOKED,SPOKED,0,0,0.0,0.0,280.0,690.0,28.6,300.0,1
440.0,72.0,615.0,67.0,140.0,50.0,570.0,72.0,700.0,45.0,45.0,25.4,28.6,25.4,25.4,13.0,13.0,ALUMINIUM,33.0,42.0,28.0,330.0,350.0,16.0,18.0,False,False,135.0,2.0,1.0,1.2,1.2,1.0,1.0,1.0,674.0,52.0,674.0,52.0,1,1,False,1,1,68.0,55.0,30.0,31.8,False,False,False,False,True,10,1,False,192.0,192.0,192.0,SPOKED,SPOKED,0,0,0.0,0.0,280.0,715.0,28.6,300.0,1
425.0,68.0,645.0,66.0,115.0,45.0,555.0,73.0,675.0,50.0,45.0,25.4,28.6,25.4,25.4,13.0,13.0,ALUMINIUM,29.0,40.0,31.0,330.0,350.0,16.0,18.0,False,False,135.0,2.0,1.0,1.2,1.2,1.0,1.0,1.0,674.0,52.0,674.0,52.0,1,1,False,1,1,68.0,55.0,30.0,31.8,False,False,False,False,True,10,1,False,192.0,192.0,192.0,SPOKED,SPOKED,0,0,0.0,0.0,280.0,705.0,28.6,300.0,1
430.0,66.0,625.0,65.0,105.0,45.0,550.0,74.0,665.0,44.0,45.0,25.4,28.6,25.4,25.4,13.0,13.0,ALUMINIUM,27.0,38.0,30.0,330.0,350.0,16.0,18.0,False,False,135.0,2.0,1.0,1.2,1.2,1.0,1.0,1.0,674.0,52.0,674.0,52.0,1,1,False,1,1,68.0,55.0,30.0,31.8,False,False,False,False,True,10,1,False,192.0,192.0,192.0,SPOKED,SPOKED,0,0,0.0,0.0,280.0,695.0,28.6,300.0,1
450.0,64.0,635.0,68.0,125.0,50.0,565.0,73.0,685.0,46.0,45.0,25.4,28.6,25.4,25.4,13.0,13.0,ALUMINIUM,32.0,42.0,29.0,330.0,350.0,16.0,18.0,False,False,135.0,2.0,1.0,1.2,1.2,1.0,1.0,1.0,674.0,52.0,674.0,52.0,1,1,False,1,1,68.0,55.0,30.0,31.8,False,False,False,False,True,10,1,False,192.0,192.0,192.0,SPOKED,SPOKED,0,0,0.0,0.0,280.0,720.0,28.6,300.0,1
435.0,69.0,605.0,67.5,95.0,45.0,540.0,74.0,660.0,47.0,45.0,25.4,28.6,25.4,25.4,13.0,13.0,ALUMINIUM,29.0,40.0,28.0,330.0,350.0,16.0,18.0,False,False,135.0,2.0,1.0,1.2,1.2,1.0,1.0,1.0,674.0,52.0,674.0,52.0,1,1,False,1,1,68.0,55.0,30.0,31.8,False,False,False,False,True,10,1,False,192.0,192.0,192.0,SPOKED,SPOKED,0,0,0.0,0.0,280.0,700.0,28.6,300.0,1
420.0,70.0,610.0,68.0,120.0,45.0,580.0,73.0,650.0,45.0,45.0,40.0,28.0,36.0,23.0,13.0,15.0,ALUMINIUM,30.0,40.0,50.0,330.0,350.0,16.0,18.0,False,False,135.0,2.0,0.9,1.1,0.9,1.2,1.0,0.9,674.0,52.0,674.0,52.0,1,1,False,1,1,73.0,52.0,0.0,31.8,False,False,False,False,True,11,1,False,192.0,192.0,192.0,SPOKED,SPOKED,0,0,0.0,0.0,278.0,718.0,28.0,300.0,1
430.0,70.0,615.0,69.0,130.0,45.0,590.0,73.5,655.0,45.0,45.0,40.0,28.0,36.0,23.0,13.0,15.0,ALUMINIUM,35.0,45.0,45.0,330.0,350.0,16.0,18.0,False,False,135.0,2.0,0.9,1.1,0.9,1.2,1.0,0.9,674.0,52.0,674.0,52.0,1,1,False,1,1,73.0,52.0,0.0,31.8,False,False,False,False,True,11,1,False,192.0,192.0,192.0,SPOKED,SPOKED,0,0,0.0,0.0,278.0,718.0,28.0,300.0,1
440.0,70.0,620.0,70.0,140.0,45.0,600.0,74.0,660.0,45.0,45.0,40.0,28.0,36.0,23.0,13.0,15.0,ALUMINIUM,40.0,50.0,40.0,330.0,350.0,16.0,18.0,False,False,135.0,2.0,0.9,1.1,0.9,1.2,1.0,0.9,674.0,52.0,674.0,52.0,1,1,False,1,1,73.0,52.0,0.0,31.8,False,False,False,False,True,11,1,False,192.0,192.0,192.0,SPOKED,SPOKED,0,0,0.0,0.0,278.0,718.0,28.0,300.0,1
450.0,70.0,625.0,71.0,150.0,45.0,610.0,73.0,665.0,45.0,45.0,40.0,28.0,36.0,23.0,13.0,15.0,ALUMINIUM,45.0,55.0,35.0,330.0,350.0,16.0,18.0,False,False,135.0,2.0,0.9,1.1,0.9,1.2,1.0,0.9,674.0,52.0,674.0,52.0,1,1,False,1,1,73.0,52.0,0.0,31.8,False,False,False,False,True,11,1,False,192.0,192.0,192.0,SPOKED,SPOKED,0,0,0.0,0.0,278.0,718.0,28.0,300.0,1
460.0,70.0,630.0,72.0,160.0,45.0,620.0,72.5,670.0,45.0,45.0,40.0,28.0,36.0,23.0,13.0,15.0,ALUMINIUM,50.0,60.0,30.0,330.0,350.0,16.0,18.0,False,False,135.0,2.0,0.9,1.1,0.9,1.2,1.0,0.9,674.0,52.0,674.0,52.0,1,1,False,1,1,73.0,52.0,0.0,31.8,False,False,False,False,True,11,1,False,192.0,192.0,192.0,SPOKED,SPOKED,0,0,0.0,0.0,278.0,718.0,28.0,300.0,1
470.0,70.0,635.0,73.0,170.0,45.0,630.0,72.0,675.0,45.0,45.0,40.0,28.0,36.0,23.0,13.0,15.0,ALUMINIUM,55.0,65.0,55.0,330.0,350.0,16.0,18.0,False,False,135.0,2.0,0.9,1.1,0.9,1.2,1.0,0.9,674.0,52.0,674.0,52.0,1,1,False,1,1,73.0,52.0,0.0,31.8,False,False,False,False,True,11,1,False,192.0,192.0,192.0,SPOKED,SPOKED,0,0,0.0,0.0,278.0,718.0,28.0,300.0,1
480.0,70.0,640.0,74.0,180.0,45.0,640.0,73.5,680.0,45.0,45.0,40.0,28.0,36.0,23.0,13.0,15.0,ALUMINIUM,60.0,30.0,60.0,330.0,350.0,16.0,18.0,False,False,135.0,2.0,0.9,1.1,0.9,1.2,1.0,0.9,674.0,52.0,674.0,52.0,1,1,False,1,1,73.0,52.0,0.0,31.8,False,False,False,False,True,11,1,False,192.0,192.0,192.0,SPOKED,SPOKED,0,0,0.0,0.0,278.0,718.0,28.0,300.0,1
490.0,70.0,645.0,68.0,110.0,45.0,650.0,74.0,642.0,45.0,45.0,40.0,28.0,36.0,23.0,13.0,15.0,ALUMINIUM,25.0,35.0,45.0,330.0,350.0,16.0,18.0,False,False,135.0,2.0,0.9,1.1,0.9,1.2,1.0,0.9,674.0,52.0,674.0,52.0,1,1,False,1,1,73.0,52.0,0.0,31.8,False,False,False,False,True,11,1,False,192.0,192.0,192.0,SPOKED,SPOKED,0,0,0.0,0.0,278.0,718.0,28.0,300.0,1
500.0,70.0,650.0,69.0,100.0,45.0,560.0,72.0,644.0,45.0,45.0,40.0,28.0,36.0,23.0,13.0,15.0,ALUMINIUM,32.0,48.0,52.0,330.0,350.0,16.0,18.0,False,False,135.0,2.0,0.9,1.1,0.9,1.2,1.0,0.9,674.0,52.0,674.0,52.0,1,1,False,1,1,73.0,52.0,0.0,31.8,False,False,False,False,True,11,1,False,192.0,192.0,192.0,SPOKED,SPOKED,0,0,0.0,0.0,278.0,718.0,28.0,300.0,1
520.0,70.0,638.0,70.0,125.0,45.0,575.0,73.0,660.0,45.0,45.0,40.0,28.0,36.0,23.0,13.0,15.0,ALUMINIUM,48.0,52.0,58.0,330.0,350.0,16.0,18.0,False,False,135.0,2.0,0.9,1.1,0.9,1.2,1.0,0.9,674.0,52.0,674.0,52.0,1,1,False,1,1,73.0,52.0,0.0,31.8,False,False,False,False,True,11,1,False,192.0,192.0,192.0,SPOKED,SPOKED,0,0,0.0,0.0,278.0,718.0,28.0,300.0,1
420.0,70.0,600.0,67.0,120.0,45.0,520.0,74.0,620.0,45.0,48.0,34.9,28.6,36.5,23.35,15.0,9.0,ALUMINIUM,30.0,50.0,40.0,330.0,350.0,16.0,18.0,False,False,135.0,2.0,0.9,1.1,0.9,1.2,1.0,0.9,740.0,118.0,740.0,118.0,1,0,False,1,1,68.0,45.0,0.0,31.8,False,False,False,False,True,12,1,False,192.0,192.0,192.0,SPOKED,SPOKED,1,1,80.0,80.0,278.0,720.0,26.8,300.0,1
425.0,72.0,610.0,68.0,130.0,45.0,530.0,73.0,630.0,46.0,47.0,35.0,29.0,37.0,24.0,14.0,9.5,ALUMINIUM,32.0,52.0,42.0,330.0,350.0,16.0,18.0,False,False,135.0,2.0,0.9,1.1,0.9,1.2,1.0,0.9,742.0,119.0,742.0,119.0,1,1,False,1,1,68.0,47.0,0.0,32.0,False,False,False,False,True,12,1,False,192.0,192.0,192.0,SPOKED,SPOKED,1,1,80.0,80.0,280.0,725.0,27.0,305.0,1
415.0,68.0,590.0,66.0,110.0,45.0,510.0,75.0,610.0,44.0,49.0,34.5,28.0,36.0,23.5,16.0,8.5,ALUMINIUM,28.0,48.0,38.0,330.0,350.0,16.0,18.0,False,False,140.0,2.0,0.9,1.1,0.9,1.2,1.0,0.9,738.0,118.0,738.0,118.0,1,2,False,1,3,68.0,43.0,0.0,31.8,False,False,False,False,True,11,2,False,192.0,192.0,192.0,SPOKED,SPOKED,1,1,80.0,80.0,275.0,715.0,26.5,295.0,2
430.0,75.0,605.0,69.0,125.0,45.0,525.0,74.5,625.0,47.0,46.0,35.5,29.0,37.5,24.5,15.5,9.2,ALUMINIUM,31.0,51.0,41.0,330.0,350.0,16.0,18.0,False,False,135.0,2.0,0.9,1.1,0.9,1.2,1.0,0.9,745.0,120.0,745.0,120.0,1,1,False,1,1,68.0,50.0,0.0,32.2,False,False,False,False,True,12,1,False,192.0,192.0,192.0,SPOKED,SPOKED,1,1,85.0,85.0,280.0,730.0,27.0,310.0,1
418.0,69.0,595.0,68.5,115.0,45.0,515.0,73.5,615.0,46.5,48.5,34.8,28.5,36.8,23.8,14.8,9.1,ALUMINIUM,29.5,49.5,39.5,330.0,350.0,16.0,18.0,False,False,138.0,2.0,0.9,1.1,0.9,1.2,1.0,0.9,739.0,119.0,739.0,119.0,1,2,False,1,1,68.0,48.0,0.0,31.9,False,False,False,False,True,11,1,False,192.0,192.0,192.0,SPOKED,SPOKED,1,1,80.0,80.0,277.0,722.0,26.9,302.0,1
422.0,71.0,602.0,67.5,118.0,45.0,522.0,74.2,622.0,45.5,47.5,35.2,29.2,36.2,23.6,15.2,9.3,ALUMINIUM,30.5,50.5,40.5,330.0,350.0,16.0,18.0,False,False,135.0,2.0,0.9,1.1,0.9,1.2,1.0,0.9,741.0,118.5,741.0,118.5,1,0,False,1,1,68.0,44.5,0.0,32.1,False,False,False,False,True,12,2,False,192.0,192.0,192.0,SPOKED,SPOKED,1,1,82.0,82.0,279.0,727.0,27.1,307.0,1
417.5,68.5,588.0,66.5,112.0,45.0,512.0,73.8,612.0,44.5,48.2,34.7,28.8,36.7,23.4,15.7,8.8,ALUMINIUM,28.5,48.8,38.2,330.0,350.0,16.0,18.0,False,False,137.0,2.0,0.9,1.1,0.9,1.2,1.0,0.9,737.0,118.2,737.0,118.2,1,1,False,1,1,68.0,45.5,0.0,31.7,False,False,False,False,True,10,1,False,192.0,192.0,192.0,SPOKED,SPOKED,1,1,80.0,80.0,276.0,716.0,26.6,298.0,2
423.0,70.0,600.0,67.8,119.0,45.0,523.0,74.8,623.0,45.8,47.8,35.3,29.1,36.3,23.7,15.3,9.4,ALUMINIUM,31.2,51.2,41.2,330.0,350.0,16.0,18.0,False,False,135.0,2.0,0.9,1.1,0.9,1.2,1.0,0.9,744.0,119.5,744.0,119.5,1,2,False,1,1,68.0,46.0,0.0,32.4,False,False,False,False,True,12,1,False,192.0,192.0,192.0,SPOKED,SPOKED,1,1,80.0,80.0,281.0,729.0,26.9,309.0,1
419.0,69.5,597.0,68.2,117.0,45.0,519.0,74.4,619.0,45.2,48.3,34.95,29.05,36.1,23.65,15.1,9.15,ALUMINIUM,30.2,50.2,40.2,330.0,350.0,16.0,18.0,False,False,136.0,2.0,0.9,1.1,0.9,1.2,1.0,0.9,740.0,118.0,740.0,118.0,1,1,False,1,1,68.0,45.2,0.0,32.0,False,False,False,False,True,11,2,False,192.0,192.0,192.0,SPOKED,SPOKED,1,1,80.0,80.0,278.5,723.0,27.05,304.0,1
421.0,71.5,603.0,67.2,121.0,45.0,527.0,74.1,627.0,46.2,47.2,35.1,28.9,36.45,23.45,15.45,9.25,ALUMINIUM,31.5,51.5,41.5,330.0,350.0,16.0,18.0,False,False,135.0,2.0,0.9,1.1,0.9,1.2,1.0,0.9,743.0,119.2,743.0,119.2,1,0,False,1,1,68.0,45.8,0.0,32.3,False,False,False,False,True,12,1,False,192.0,192.0,192.0,SPOKED,SPOKED,1,1,80.0,80.0,282.0,732.0,26.7,312.0,1
430.0,65.0,620.0,67.0,120.0,45.0,520.0,73.0,650.0,50.0,45.0,25.4,36.5,23.35,23.35,13.0,15.0,ALUMINIUM,35.0,45.0,40.0,330.0,350.0,16.0,18.0,False,False,135.0,2.0,0.9,1.1,0.9,1.2,1.0,0.9,674.0,52.0,674.0,52.0,1,1,False,1,1,68.0,31.8,0.0,31.8,False,False,False,False,True,11,1,False,192.0,192.0,192.0,SPOKED,SPOKED,1,1,80.0,80.0,280.0,80.0,28.0,300.0,1
435.0,66.0,625.0,67.5,125.0,45.0,525.0,73.5,655.0,50.0,45.0,25.4,36.5,23.35,23.35,13.0,15.0,ALUMINIUM,35.0,45.0,40.0,330.0,350.0,16.0,18.0,False,False,135.0,2.0,0.9,1.1,0.9,1.2,1.0,0.9,674.0,52.0,674.0,52.0,1,1,False,1,1,68.0,31.8,0.0,31.8,False,False,False,False,True,11,1,False,192.0,192.0,192.0,SPOKED,SPOKED,1,1,80.0,80.0,280.0,80.0,28.0,300.0,1
440.0,67.0,630.0,68.0,130.0,45.0,530.0,74.0,660.0,50.0,45.0,25.4,36.5,23.35,23.35,13.0,15.0,ALUMINIUM,35.0,45.0,40.0,330.0,350.0,16.0,18.0,False,False,135.0,2.0,0.9,1.1,0.9,1.2,1.0,0.9,674.0,52.0,674.0,52.0,1,1,False,1,1,68.0,31.8,0.0,31.8,False,False,False,False,True,11,1,False,192.0,192.0,192.0,SPOKED,SPOKED,1,1,80.0,80.0,280.0,80.0,28.0,300.0,1
445.0,68.0,635.0,68.5,135.0,45.0,535.0,72.5,665.0,50.0,45.0,25.4,36.5,23.35,23.35,13.0,15.0,ALUMINIUM,35.0,45.0,40.0,330.0,350.0,16.0,18.0,False,False,135.0,2.0,0.9,1.1,0.9,1.2,1.0,0.9,674.0,52.0,674.0,52.0,1,1,False,1,1,68.0,31.8,0.0,31.8,False,False,False,False,True,11,1,False,192.0,192.0,192.0,SPOKED,SPOKED,1,1,80.0,80.0,280.0,80.0,28.0,300.0,1
450.0,69.0,640.0,69.0,140.0,45.0,540.0,73.0,670.0,50.0,45.0,25.4,36.5,23.35,23.35,13.0,15.0,ALUMINIUM,35.0,45.0,40.0,330.0,350.0,16.0,18.0,False,False,135.0,2.0,0.9,1.1,0.9,1.2,1.0,0.9,674.0,52.0,674.0,52.0,1,1,False,1,1,68.0,31.8,0.0,31.8,False,False,False,False,True,11,1,False,192.0,192.0,192.0,SPOKED,SPOKED,1,1,80.0,80.0,280.0,80.0,28.0,300.0,1
455.0,70.0,645.0,70.0,145.0,45.0,545.0,73.8,675.0,50.0,45.0,25.4,36.5,23.35,23.35,13.0,15.0,ALUMINIUM,35.0,45.0,40.0,330.0,350.0,16.0,18.0,False,False,135.0,2.0,0.9,1.1,0.9,1.2,1.0,0.9,674.0,52.0,674.0,52.0,1,1,False,1,1,68.0,31.8,0.0,31.8,False,False,False,False,True,11,1,False,192.0,192.0,192.0,SPOKED,SPOKED,1,1,80.0,80.0,280.0,80.0,28.0,300.0,1
460.0,64.0,650.0,66.0,150.0,45.0,550.0,74.2,680.0,50.0,45.0,25.4,36.5,23.35,23.35,13.0,15.0,ALUMINIUM,35.0,45.0,40.0,330.0,350.0,16.0,18.0,False,False,135.0,2.0,0.9,1.1,0.9,1.2,1.0,0.9,674.0,52.0,674.0,52.0,1,1,False,1,1,68.0,31.8,0.0,31.8,False,False,False,False,True,11,1,False,192.0,192.0,192.0,SPOKED,SPOKED,1,1,80.0,80.0,280.0,80.0,28.0,300.0,1
465.0,63.0,655.0,66.5,155.0,45.0,555.0,72.8,685.0,50.0,45.0,25.4,36.5,23.35,23.35,13.0,15.0,ALUMINIUM,35.0,45.0,40.0,330.0,350.0,16.0,18.0,False,False,135.0,2.0,0.9,1.1,0.9,1.2,1.0,0.9,674.0,52.0,674.0,52.0,1,1,False,1,1,68.0,31.8,0.0,31.8,False,False,False,False,True,11,1,False,192.0,192.0,192.0,SPOKED,SPOKED,1,1,80.0,80.0,280.0,80.0,28.0,300.0,1
470.0,62.0,660.0,67.2,160.0,45.0,560.0,73.1,690.0,50.0,45.0,25.4,36.5,23.35,23.35,13.0,15.0,ALUMINIUM,35.0,45.0,40.0,330.0,350.0,16.0,18.0,False,False,135.0,2.0,0.9,1.1,0.9,1.2,1.0,0.9,674.0,52.0,674.0,52.0,1,1,False,1,1,68.0,31.8,0.0,31.8,False,False,False,False,True,11,1,False,192.0,192.0,192.0,SPOKED,SPOKED,1,1,80.0,80.0,280.0,80.0,28.0,300.0,1
475.0,61.0,665.0,68.7,165.0,45.0,565.0,73.6,695.0,50.0,45.0,25.4,36.5,23.35,23.35,13.0,15.0,ALUMINIUM,35.0,45.0,40.0,330.0,350.0,16.0,18.0,False,False,135.0,2.0,0.9,1.1,0.9,1.2,1.0,0.9,674.0,52.0,674.0,52.0,1,1,False,1,1,68.0,31.8,0.0,31.8,False,False,False,False,True,11,1,False,192.0,192.0,192.0,SPOKED,SPOKED,1,1,80.0,80.0,280.0,80.0,28.0,300.0,1
430.0,65.0,620.0,68.0,110.0,45.0,520.0,74.0,650.0,50.0,40.0,35.0,30.0,30.0,30.0,15.0,15.0,ALUMINIUM,30.0,30.0,40.0,330.0,350.0,16.0,18.0,False,False,135.0,2.0,0.9,1.1,0.9,1.2,1.0,0.9,736.0,52.0,736.0,52.0,1,1,False,1,1,68.0,31.8,0.0,31.8,False,False,False,False,True,10,1,False,192.0,192.0,192.0,SPOKED,SPOKED,0,0,0.0,0.0,280.0,860.0,30.0,400.0,1
435.0,60.0,630.0,67.0,115.0,45.0,530.0,73.0,645.0,52.0,40.0,36.0,32.0,30.0,30.0,15.0,15.0,ALUMINIUM,32.0,28.0,38.0,330.0,350.0,16.0,18.0,False,False,135.0,2.0,1.0,1.0,0.9,1.2,1.0,0.9,736.0,52.0,736.0,52.0,1,1,False,1,1,68.0,31.8,0.0,31.8,False,False,False,False,True,10,1,False,192.0,192.0,192.0,SPOKED,SPOKED,0,0,0.0,0.0,282.0,865.0,31.0,405.0,1
425.0,70.0,610.0,69.0,105.0,45.0,515.0,75.0,660.0,48.0,40.0,34.0,31.0,29.0,29.0,15.0,15.0,ALUMINIUM,28.0,32.0,42.0,330.0,350.0,16.0,18.0,False,False,135.0,2.0,0.9,1.2,0.9,1.1,1.0,1.0,736.0,52.0,736.0,52.0,1,1,False,1,1,68.0,31.8,0.0,31.8,False,False,False,False,True,10,1,False,192.0,192.0,192.0,SPOKED,SPOKED,0,0,0.0,0.0,275.0,855.0,29.0,390.0,1
440.0,63.0,625.0,68.5,112.0,45.0,525.0,74.5,655.0,51.0,40.0,35.5,30.5,30.0,30.0,15.0,15.0,ALUMINIUM,31.0,29.0,41.0,330.0,350.0,16.0,18.0,False,False,135.0,2.0,0.9,1.1,0.9,1.2,1.0,0.9,736.0,52.0,736.0,52.0,1,1,False,1,1,68.0,31.8,0.0,31.8,False,False,False,False,True,10,1,False,192.0,192.0,192.0,SPOKED,SPOKED,0,0,0.0,0.0,285.0,870.0,30.5,410.0,1
428.0,68.0,615.0,67.5,108.0,45.0,522.0,73.5,648.0,49.0,40.0,35.0,30.0,30.0,30.0,15.0,15.0,ALUMINIUM,30.0,30.0,39.0,330.0,350.0,16.0,18.0,False,False,135.0,2.0,0.9,1.1,0.9,1.2,1.0,0.9,736.0,52.0,736.0,52.0,1,1,False,1,1,68.0,31.8,0.0,31.8,False,False,False,False,True,10,1,False,192.0,192.0,192.0,SPOKED,SPOKED,0,0,0.0,0.0,279.0,860.0,30.0,400.0,1
435.0,62.0,635.0,66.5,118.0,45.0,535.0,74.0,635.0,53.0,40.0,36.0,31.5,30.5,30.0,15.0,15.0,ALUMINIUM,33.0,28.0,43.0,330.0,350.0,16.0,18.0,False,False,135.0,2.0,0.9,1.1,0.9,1.2,1.0,0.9,736.0,52.0,736.0,52.0,1,1,False,1,1,68.0,31.8,0.0,31.8,False,False,False,False,True,10,1,False,192.0,192.0,192.0,SPOKED,SPOKED,0,0,0.0,0.0,290.0,875.0,32.0,420.0,1
420.0,65.0,618.0,68.0,105.0,45.0,518.0,74.0,662.0,50.0,40.0,34.5,29.5,30.0,30.0,15.0,15.0,ALUMINIUM,29.0,31.0,40.0,330.0,350.0,16.0,18.0,False,False,135.0,2.0,0.9,1.1,0.9,1.2,1.0,0.9,736.0,52.0,736.0,52.0,1,1,False,1,1,68.0,31.8,0.0,31.8,False,False,False,False,True,10,1,False,192.0,192.0,192.0,SPOKED,SPOKED,0,0,0.0,0.0,276.0,865.0,29.0,395.0,1
445.0,64.0,622.0,67.8,120.0,45.0,528.0,73.8,640.0,47.0,40.0,36.5,32.0,31.0,30.0,15.0,15.0,ALUMINIUM,35.0,27.0,42.0,330.0,350.0,16.0,18.0,False,False,135.0,2.0,0.9,1.1,0.9,1.2,1.0,0.9,736.0,52.0,736.0,52.0,1,1,False,1,1,68.0,31.8,0.0,31.8,False,False,False,False,True,10,1,False,192.0,192.0,192.0,SPOKED,SPOKED,0,0,0.0,0.0,288.0,880.0,31.0,430.0,1
439.0,66.0,628.0,68.2,113.0,45.0,532.0,74.2,658.0,54.0,40.0,35.2,30.8,30.2,30.0,15.0,15.0,ALUMINIUM,32.0,29.0,41.5,330.0,350.0,16.0,18.0,False,False,135.0,2.0,0.9,1.1,0.9,1.2,1.0,0.9,736.0,52.0,736.0,52.0,1,1,False,1,1,68.0,31.8,0.0,31.8,False,False,False,False,True,10,1,False,192.0,192.0,192.0,SPOKED,SPOKED,0,0,0.0,0.0,284.0,870.0,30.5,415.0,1
432.0,61.0,632.0,67.2,117.0,45.0,529.0,73.2,649.0,46.0,40.0,36.0,31.0,29.5,30.0,15.0,15.0,ALUMINIUM,31.5,28.5,42.5,330.0,350.0,16.0,18.0,False,False,135.0,2.0,0.9,1.1,0.9,1.2,1.0,0.9,736.0,52.0,736.0,52.0,1,1,False,1,1,68.0,31.8,0.0,31.8,False,False,False,False,True,10,1,False,192.0,192.0,192.0,SPOKED,SPOKED,0,0,0.0,0.0,281.0,863.0,30.8,405.0,1
440.0,60.0,620.0,67.0,130.0,45.0,550.0,73.5,680.0,45.0,40.0,28.6,36.5,23.35,23.35,13.0,15.0,ALUMINIUM,35.0,55.0,40.0,330.0,350.0,16.0,18.0,False,False,135.0,2.0,0.9,1.1,0.9,1.2,1.0,0.9,732.0,110.0,732.0,110.0,1,1,False,1,1,73.0,45.0,0.0,31.8,False,False,False,False,True,12,1,False,192.0,192.0,192.0,SPOKED,SPOKED,0,0,80.0,80.0,280.0,700.0,30.0,350.0,1
430.0,65.0,610.0,68.0,125.0,45.0,540.0,74.0,670.0,45.0,40.0,28.6,36.5,23.35,23.35,13.0,15.0,ALUMINIUM,32.0,52.0,38.0,330.0,350.0,16.0,18.0,False,False,135.0,2.0,0.9,1.1,0.9,1.2,1.0,0.9,732.0,110.0,732.0,110.0,1,1,False,1,1,73.0,45.0,0.0,31.8,False,False,False,False,True,11,1,False,192.0,192.0,192.0,SPOKED,SPOKED,0,0,80.0,80.0,280.0,680.0,30.0,350.0,1
445.0,60.0,630.0,66.0,135.0,45.0,560.0,73.0,690.0,45.0,40.0,28.6,36.5,23.35,23.35,13.0,15.0,ALUMINIUM,37.0,57.0,42.0,330.0,350.0,16.0,18.0,False,False,142.0,2.0,0.9,1.1,0.9,1.2,1.0,0.9,732.0,110.0,732.0,110.0,1,2,False,1,1,73.0,45.0,0.0,31.8,False,False,False,False,True,12,2,False,192.0,192.0,192.0,SPOKED,SPOKED,0,0,80.0,80.0,285.0,710.0,32.0,360.0,2
450.0,55.0,615.0,67.5,120.0,45.0,550.0,73.5,680.0,45.0,40.0,28.6,36.5,23.35,23.35,13.0,15.0,ALUMINIUM,32.0,54.0,39.0,330.0,350.0,16.0,18.0,False,False,135.0,2.0,0.9,1.1,0.9,1.2,1.0,0.9,732.0,110.0,732.0,110.0,0,0,False,1,1,73.0,45.0,0.0,31.8,False,False,False,False,True,10,1,False,192.0,192.0,192.0,SPOKED,SPOKED,0,0,80.0,80.0,275.0,690.0,29.0,345.0,1
420.0,60.0,625.0,65.0,140.0,45.0,565.0,72.5,700.0,45.0,40.0,28.6,36.5,23.35,23.35,13.0,15.0,ALUMINIUM,40.0,60.0,45.0,330.0,350.0,16.0,18.0,False,False,135.0,2.0,0.9,1.1,0.9,1.2,1.0,0.9,732.0,110.0,732.0,110.0,1,1,False,1,1,73.0,45.0,0.0,31.8,False,False,False,False,True,12,1,True,192.0,192.0,192.0,SPOKED,SPOKED,0,0,80.0,80.0,290.0,720.0,31.0,370.0,1
435.0,62.0,605.0,68.0,130.0,45.0,555.0,74.5,675.0,45.0,40.0,28.6,36.5,23.35,23.35,13.0,15.0,ALUMINIUM,35.0,55.0,40.0,330.0,350.0,16.0,18.0,False,False,142.0,2.0,0.9,1.1,0.9,1.2,1.0,0.9,732.0,110.0,732.0,110.0,1,2,False,1,1,73.0,45.0,0.0,31.8,False,False,False,False,True,11,1,False,192.0,192.0,192.0,SPOKED,SPOKED,0,0,80.0,80.0,282.0,700.0,30.0,355.0,2
445.0,58.0,620.0,67.0,128.0,45.0,558.0,73.0,685.0,45.0,40.0,28.6,36.5,23.35,23.35,13.0,15.0,ALUMINIUM,34.0,53.0,41.0,330.0,350.0,16.0,18.0,False,False,135.0,2.0,0.9,1.1,0.9,1.2,1.0,0.9,732.0,110.0,732.0,110.0,0,0,False,1,1,73.0,45.0,0.0,31.8,False,False,False,False,True,12,2,False,192.0,192.0,192.0,SPOKED,SPOKED,0,0,80.0,80.0,285.0,705.0,31.0,360.0,1
425.0,64.0,635.0,66.0,133.0,45.0,570.0,72.0,695.0,45.0,40.0,28.6,36.5,23.35,23.35,13.0,15.0,ALUMINIUM,38.0,58.0,43.0,330.0,350.0,16.0,18.0,False,False,142.0,2.0,0.9,1.1,0.9,1.2,1.0,0.9,732.0,110.0,732.0,110.0,1,1,False,1,1,73.0,45.0,0.0,31.8,False,False,False,False,True,10,1,False,192.0,192.0,192.0,SPOKED,SPOKED,0,0,80.0,80.0,288.0,725.0,32.0,365.0,2
455.0,60.0,630.0,65.5,130.0,45.0,560.0,73.0,690.0,45.0,40.0,28.6,36.5,23.35,23.35,13.0,15.0,ALUMINIUM,36.0,56.0,42.0,330.0,350.0,16.0,18.0,False,False,135.0,2.0,0.9,1.1,0.9,1.2,1.0,0.9,732.0,110.0,732.0,110.0,1,2,False,1,1,73.0,45.0,0.0,31.8,False,False,False,False,True,12,1,True,192.0,192.0,192.0,SPOKED,SPOKED,0,0,80.0,80.0,290.0,715.0,31.0,370.0,1
430.0,63.0,610.0,68.5,122.0,45.0,545.0,74.0,665.0,45.0,40.0,28.6,36.5,23.35,23.35,13.0,15.0,ALUMINIUM,33.0,51.0,37.0,330.0,350.0,16.0,18.0,False,False,135.0,2.0,0.9,1.1,0.9,1.2,1.0,0.9,732.0,110.0,732.0,110.0,1,0,False,1,1,73.0,45.0,0.0,31.8,False,False,False,False,True,11,1,False,192.0,192.0,192.0,SPOKED,SPOKED,0,0,80.0,80.0,280.0,695.0,30.0,350.0,1
400.0,7.0,511.5560042,68.0,123.0,45.0,331.0,75.0,640.6227443,45.0,40.0,42.75,49.0,35.0,21.5,15.0,9.0,ALUMINIUM,31.0,60.0,42.0,330.0,300.0,16.0,18.0,False,True,130.0,2.0,0.9,1.1,0.9,1.2,1.0,0.9,692.0,57.0,692.0,31.8,1,1,False,1,2,73.0,57.0,0.0,31.8,False,False,False,False,True,11,3,False,192.0,192.0,192.0,SPOKED,SPOKED,0,0,80.0,80.0,250.0,700.0,34.9,300.0,2
420.0,45.0,540.0,66.0,130.0,50.0,400.0,74.0,650.0,50.0,45.0,38.0,45.0,32.0,22.0,14.0,10.0,ALUMINIUM,35.0,65.0,40.0,335.0,305.0,18.0,20.0,True,False,140.0,2.0,1.0,1.1,0.95,1.15,1.0,0.9,680.0,49.0,700.0,51.0,1,1,False,1,1,75.0,60.0,0.0,35.0,False,True,True,False,True,12,2,False,192.0,192.0,192.0,SPOKED,DISC,0,0,80.0,80.0,260.0,730.0,36.0,320.0,2
380.0,40.0,520.0,67.0,125.0,45.0,360.0,73.0,630.0,48.0,42.0,40.0,47.0,34.0,20.0,16.0,9.0,ALUMINIUM,30.0,60.0,45.0,330.0,315.0,17.0,19.0,False,False,135.0,2.0,0.95,1.05,0.9,1.1,1.0,1.0,700.0,60.0,705.0,55.0,1,2,False,1,1,73.0,58.0,0.0,34.0,True,False,False,True,True,11,2,True,192.0,192.0,192.0,SPOKED,SPOKED,0,0,80.0,80.0,255.0,680.0,35.0,310.0,1
450.0,42.0,560.0,65.0,135.0,55.0,420.0,76.0,660.0,52.0,40.0,42.0,48.0,33.0,22.0,15.0,8.0,ALUMINIUM,36.0,70.0,42.0,340.0,300.0,16.0,18.0,True,False,145.0,2.1,1.0,1.1,1.0,1.2,1.1,1.0,690.0,55.0,700.0,50.0,1,0,False,1,1,80.0,62.0,0.0,36.0,False,True,False,False,True,10,1,False,180.0,180.0,180.0,DISC,SPOKED,0,0,80.0,80.0,240.0,720.0,37.0,340.0,2
410.0,38.0,530.0,69.0,128.0,48.0,380.0,75.0,645.0,50.0,42.0,41.0,46.0,32.0,21.0,14.0,10.0,ALUMINIUM,34.0,62.0,43.0,335.0,310.0,16.0,18.0,False,True,138.0,1.9,1.0,1.1,0.95,1.15,1.05,1.0,695.0,58.0,705.0,52.0,1,2,False,1,1,72.0,59.0,0.0,34.5,False,False,False,False,True,12,3,False,200.0,200.0,200.0,SPOKED,SPOKED,0,0,75.0,75.0,265.0,710.0,35.5,330.0,1
430.0,36.0,550.0,66.0,140.0,50.0,400.0,74.0,655.0,47.0,40.0,39.0,49.0,34.0,23.0,16.0,9.0,ALUMINIUM,32.0,65.0,44.0,328.0,312.0,17.0,17.0,True,False,142.0,2.0,1.05,1.15,0.9,1.2,1.1,1.05,688.0,56.0,698.0,50.0,1,1,False,1,1,78.0,61.0,0.0,35.0,True,False,True,True,True,11,2,True,185.0,185.0,185.0,DISC,DISC,0,0,90.0,90.0,250.0,740.0,36.5,350.0,2
395.0,35.0,525.0,70.0,118.0,46.0,370.0,75.0,635.0,49.0,43.0,40.0,46.0,33.0,22.0,15.0,8.0,ALUMINIUM,29.0,58.0,42.0,331.0,317.0,15.0,17.0,False,False,136.0,1.8,1.0,1.1,1.0,1.1,1.0,0.95,692.0,53.0,702.0,49.0,1,1,False,1,1,70.0,57.0,0.0,33.0,False,False,False,False,True,10,1,False,170.0,170.0,170.0,SPOKED,SPOKED,0,0,80.0,80.0,230.0,720.0,34.0,305.0,1
375.0,30.0,515.0,71.0,115.0,44.0,360.0,74.0,625.0,46.0,42.0,38.0,47.0,32.0,21.0,14.0,9.0,ALUMINIUM,28.0,57.0,41.0,330.0,315.0,14.0,16.0,True,True,133.0,1.9,1.0,1.1,1.0,1.2,1.1,1.0,685.0,51.0,695.0,48.0,1,0,False,1,1,74.0,58.0,0.0,34.0,True,True,True,False,True,12,2,False,200.0,200.0,200.0,SPOKED,DISC,0,0,85.0,85.0,245.0,705.0,35.0,315.0,1
385.0,32.0,530.0,68.0,122.0,47.0,380.0,75.0,650.0,48.0,41.0,40.0,46.0,33.0,22.0,15.0,9.0,ALUMINIUM,33.0,61.0,43.0,333.0,308.0,16.0,18.0,False,True,139.0,2.0,1.0,1.1,0.9,1.2,1.0,1.0,690.0,55.0,700.0,50.0,1,1,False,1,1,76.0,60.0,0.0,34.8,False,False,False,True,True,11,2,False,192.0,192.0,192.0,SPOKED,SPOKED,0,0,80.0,80.0,255.0,715.0,36.0,325.0,1
415.0,34.0,545.0,67.0,132.0,49.0,395.0,74.0,660.0,49.0,43.0,42.0,48.0,34.0,23.0,15.0,9.0,ALUMINIUM,34.0,64.0,44.0,336.0,310.0,17.0,18.0,True,False,141.0,2.1,1.05,1.2,0.9,1.3,1.1,1.05,695.0,57.0,705.0,52.0,1,2,False,1,1,79.0,63.0,0.0,35.2,False,True,False,False,True,13,1,False,190.0,190.0,190.0,SPOKED,DISC,0,0,85.0,85.0,250.0,725.0,37.5,340.0,2
430.0,60.0,600.0,67.0,120.0,45.0,550.0,73.0,650.0,50.0,40.0,30.0,35.0,30.0,28.0,13.0,15.0,ALUMINIUM,34.0,49.0,49.0,330.0,350.0,16.0,18.0,False,False,148.0,2.0,0.9,1.1,0.9,1.2,1.0,0.9,700.0,60.0,700.0,60.0,1,1,False,1,3,73.0,46.0,0.0,34.9,False,False,False,False,True,12,1,False,192.0,192.0,192.0,SPOKED,SPOKED,0,0,80.0,80.0,280.0,720.0,35.0,300.0,1
440.0,65.0,610.0,68.0,110.0,45.0,530.0,72.0,640.0,45.0,40.0,28.0,36.0,31.0,29.0,14.0,14.0,ALUMINIUM,36.0,50.0,48.0,330.0,350.0,16.0,18.0,False,False,150.0,2.0,1.0,1.2,1.0,1.3,1.1,1.0,710.0,55.0,710.0,55.0,1,0,False,1,3,73.0,47.0,0.0,35.0,False,False,False,False,True,12,1,False,200.0,200.0,200.0,SPOKED,SPOKED,0,0,80.0,80.0,285.0,725.0,36.0,320.0,1
420.0,58.0,590.0,66.0,130.0,45.0,560.0,74.0,660.0,52.0,40.0,32.0,37.0,32.0,30.0,12.0,16.0,ALUMINIUM,35.0,48.0,50.0,330.0,350.0,16.0,18.0,False,False,148.0,2.2,1.1,1.3,1.1,1.25,1.05,0.95,705.0,65.0,705.0,65.0,1,2,False,1,3,73.0,48.0,0.0,36.0,False,False,False,False,True,12,1,False,192.0,192.0,192.0,SPOKED,SPOKED,0,0,80.0,80.0,275.0,710.0,37.0,310.0,1
435.0,62.0,605.0,67.5,115.0,45.0,545.0,73.5,655.0,48.0,40.0,29.0,34.0,29.0,27.0,13.5,15.0,ALUMINIUM,33.0,47.0,47.0,330.0,350.0,16.0,18.0,False,False,150.0,1.8,0.8,1.0,0.8,1.1,0.9,0.8,690.0,60.0,690.0,60.0,1,1,False,1,3,73.0,44.0,0.0,34.0,False,False,False,False,True,12,1,False,192.0,192.0,192.0,SPOKED,SPOKED,0,0,80.0,80.0,290.0,730.0,34.0,305.0,1
425.0,63.0,595.0,66.5,125.0,45.0,565.0,72.5,670.0,50.0,40.0,31.0,36.0,31.0,29.0,14.0,15.0,ALUMINIUM,37.0,51.0,49.0,330.0,350.0,16.0,18.0,False,False,148.0,2.1,1.0,1.2,1.0,1.3,1.1,1.0,700.0,58.0,700.0,58.0,1,0,False,1,3,73.0,49.0,0.0,35.0,False,False,False,False,True,12,1,False,200.0,200.0,200.0,SPOKED,SPOKED,0,0,80.0,80.0,285.0,715.0,36.0,315.0,1
445.0,60.0,600.0,67.0,118.0,45.0,555.0,73.0,645.0,51.0,40.0,30.0,35.0,30.0,28.0,13.0,15.0,ALUMINIUM,34.0,49.0,48.0,330.0,350.0,16.0,18.0,False,False,152.0,2.0,0.9,1.1,0.9,1.2,1.0,0.9,705.0,62.0,705.0,62.0,1,1,False,1,3,73.0,46.0,0.0,34.9,False,False,False,False,True,12,1,False,192.0,192.0,192.0,SPOKED,SPOKED,0,0,80.0,80.0,280.0,720.0,35.0,300.0,1
430.0,59.0,610.0,68.0,112.0,45.0,545.0,74.0,650.0,49.0,40.0,30.0,36.0,30.0,29.0,13.0,15.0,ALUMINIUM,36.0,50.0,49.0,330.0,350.0,16.0,18.0,False,False,148.0,1.9,0.95,1.0,0.95,1.15,1.0,0.95,700.0,60.0,700.0,60.0,1,2,False,1,3,73.0,47.0,0.0,35.0,False,False,False,False,True,12,1,False,192.0,192.0,192.0,SPOKED,SPOKED,0,0,80.0,80.0,278.0,718.0,36.0,290.0,1
437.0,61.0,598.0,67.2,122.0,45.0,558.0,73.8,652.0,46.0,40.0,29.0,35.0,29.0,27.0,13.0,15.0,ALUMINIUM,35.0,49.0,48.0,330.0,350.0,16.0,18.0,False,False,150.0,2.0,1.0,1.2,1.0,1.2,1.1,1.0,702.0,61.0,702.0,61.0,1,0,False,1,3,73.0,44.0,0.0,34.9,False,False,False,False,True,12,1,False,200.0,200.0,200.0,SPOKED,SPOKED,0,0,80.0,80.0,280.0,722.0,35.0,305.0,1
422.0,64.0,602.0,66.8,117.0,45.0,548.0,72.8,648.0,53.0,40.0,31.0,37.0,32.0,28.0,13.0,15.0,ALUMINIUM,34.0,48.0,49.0,330.0,350.0,16.0,18.0,False,False,149.0,2.1,0.9,1.1,0.9,1.25,1.05,0.9,698.0,59.0,698.0,59.0,1,1,False,1,3,73.0,46.0,0.0,36.0,False,False,False,False,True,12,1,False,192.0,192.0,192.0,SPOKED,SPOKED,0,0,80.0,80.0,282.0,719.0,37.0,298.0,1
438.0,62.0,607.0,67.4,119.0,45.0,562.0,73.2,655.0,50.0,40.0,30.0,36.0,31.0,29.0,13.0,15.0,ALUMINIUM,36.0,50.0,49.0,330.0,350.0,16.0,18.0,False,False,150.0,2.0,0.9,1.1,0.9,1.2,1.0,0.9,704.0,63.0,704.0,63.0,1,2,False,1,3,73.0,47.0,0.0,35.0,False,False,False,False,True,12,1,False,192.0,192.0,192.0,SPOKED,SPOKED,0,0,80.0,80.0,279.0,721.0,36.0,310.0,1
420.0,75.0,590.0,68.0,140.0,45.0,580.0,74.0,690.0,45.0,45.0,35.0,45.0,30.0,30.0,13.0,15.0,ALUMINIUM,40.0,60.0,50.0,330.0,350.0,16.0,18.0,False,False,142.0,2.0,0.9,1.1,0.9,1.2,1.0,0.9,674.0,52.0,674.0,52.0,1,2,False,1,1,68.0,53.0,0.0,31.8,False,True,False,False,True,10,1,False,192.0,192.0,192.0,SPOKED,SPOKED,0,0,80.0,80.0,280.0,720.0,34.9,330.0,1
430.0,70.0,580.0,69.0,150.0,45.0,590.0,73.0,680.0,45.0,45.0,35.0,45.0,30.0,30.0,13.0,15.0,ALUMINIUM,45.0,62.0,48.0,330.0,350.0,16.0,18.0,False,False,135.0,2.0,0.9,1.1,0.9,1.2,1.0,0.9,674.0,52.0,674.0,52.0,1,2,False,1,1,68.0,53.0,0.0,31.8,False,True,False,False,True,10,1,False,192.0,192.0,192.0,SPOKED,SPOKED,0,0,80.0,80.0,285.0,715.0,34.9,340.0,1
440.0,78.0,600.0,70.0,160.0,45.0,600.0,74.5,700.0,45.0,45.0,35.0,45.0,30.0,30.0,13.0,15.0,ALUMINIUM,50.0,58.0,55.0,330.0,350.0,16.0,18.0,False,False,142.0,2.0,0.9,1.1,0.9,1.2,1.0,0.9,674.0,52.0,674.0,52.0,1,2,False,1,1,68.0,53.0,0.0,31.8,False,True,False,False,True,10,1,False,192.0,192.0,192.0,SPOKED,SPOKED,0,0,80.0,80.0,290.0,725.0,34.9,335.0,1
450.0,72.0,595.0,71.0,130.0,45.0,620.0,75.0,710.0,45.0,45.0,35.0,45.0,30.0,30.0,13.0,15.0,ALUMINIUM,35.0,65.0,45.0,330.0,350.0,16.0,18.0,False,False,135.0,2.0,0.9,1.1,0.9,1.2,1.0,0.9,674.0,52.0,674.0,52.0,1,2,False,1,1,68.0,53.0,0.0,31.8,False,True,False,False,True,10,1,False,192.0,192.0,192.0,SPOKED,SPOKED,0,0,80.0,80.0,275.0,710.0,34.9,345.0,1
460.0,80.0,585.0,72.0,155.0,45.0,610.0,73.5,730.0,45.0,45.0,35.0,45.0,30.0,30.0,13.0,15.0,ALUMINIUM,38.0,60.0,52.0,330.0,350.0,16.0,18.0,False,False,142.0,2.0,0.9,1.1,0.9,1.2,1.0,0.9,674.0,52.0,674.0,52.0,1,2,False,1,1,68.0,53.0,0.0,31.8,False,True,False,False,True,10,1,False,192.0,192.0,192.0,SPOKED,SPOKED,0,0,80.0,80.0,295.0,730.0,34.9,360.0,1
445.0,77.0,610.0,67.0,145.0,45.0,595.0,74.2,695.0,45.0,45.0,35.0,45.0,30.0,30.0,13.0,15.0,ALUMINIUM,42.0,55.0,50.0,330.0,350.0,16.0,18.0,False,False,142.0,2.0,0.9,1.1,0.9,1.2,1.0,0.9,674.0,52.0,674.0,52.0,1,2,False,1,1,68.0,53.0,0.0,31.8,False,True,False,False,True,10,1,False,192.0,192.0,192.0,SPOKED,SPOKED,0,0,80.0,80.0,280.0,720.0,34.9,350.0,1
435.0,73.0,605.0,68.5,165.0,45.0,605.0,72.8,690.0,45.0,45.0,35.0,45.0,30.0,30.0,13.0,15.0,ALUMINIUM,47.0,63.0,48.0,330.0,350.0,16.0,18.0,False,False,135.0,2.0,0.9,1.1,0.9,1.2,1.0,0.9,674.0,52.0,674.0,52.0,1,2,False,1,1,68.0,53.0,0.0,31.8,False,True,False,False,True,10,1,False,192.0,192.0,192.0,SPOKED,SPOKED,0,0,80.0,80.0,285.0,715.0,34.9,340.0,1
425.0,76.0,600.0,69.5,135.0,45.0,585.0,73.8,680.0,45.0,45.0,35.0,45.0,30.0,30.0,13.0,15.0,ALUMINIUM,33.0,50.0,55.0,330.0,350.0,16.0,18.0,False,False,142.0,2.0,0.9,1.1,0.9,1.2,1.0,0.9,674.0,52.0,674.0,52.0,1,2,False,1,1,68.0,53.0,0.0,31.8,False,True,False,False,True,10,1,False,192.0,192.0,192.0,SPOKED,SPOKED,0,0,80.0,80.0,290.0,725.0,34.9,330.0,1
415.0,71.0,595.0,71.5,175.0,45.0,575.0,75.0,715.0,45.0,45.0,35.0,45.0,30.0,30.0,13.0,15.0,ALUMINIUM,55.0,67.0,60.0,330.0,350.0,16.0,18.0,False,False,135.0,2.0,0.9,1.1,0.9,1.2,1.0,0.9,674.0,52.0,674.0,52.0,1,2,False,1,1,68.0,53.0,0.0,31.8,False,True,False,False,True,10,1,False,192.0,192.0,192.0,SPOKED,SPOKED,0,0,80.0,80.0,300.0,735.0,34.9,365.0,1
455.0,74.0,610.0,67.5,120.0,45.0,630.0,74.0,705.0,45.0,45.0,35.0,45.0,30.0,30.0,13.0,15.0,ALUMINIUM,30.0,55.0,40.0,330.0,350.0,16.0,18.0,False,False,142.0,2.0,0.9,1.1,0.9,1.2,1.0,0.9,674.0,52.0,674.0,52.0,1,2,False,1,1,68.0,53.0,0.0,31.8,False,True,False,False,True,10,1,False,192.0,192.0,192.0,SPOKED,SPOKED,0,0,80.0,80.0,275.0,710.0,34.9,355.0,1
430.0,60.0,600.0,67.0,120.0,45.0,520.0,73.0,670.0,40.0,45.0,32.0,45.0,33.0,28.0,15.0,15.0,ALUMINIUM,50.0,50.0,40.0,0.0,0.0,0.0,0.0,False,False,142.0,2.0,1.5,2.0,2.0,1.5,1.2,1.5,700.0,55.0,700.0,55.0,1,1,False,1,1,68.0,60.0,0.0,31.6,True,False,False,False,True,12,1,False,192.0,192.0,192.0,SPOKED,SPOKED,1,1,80.0,80.0,280.0,530.0,45.0,350.0,1
440.0,62.0,610.0,66.0,130.0,48.0,530.0,74.0,680.0,40.0,45.0,34.0,46.0,34.0,29.0,16.0,15.0,ALUMINIUM,52.0,52.0,42.0,0.0,0.0,0.0,0.0,False,False,142.0,2.0,1.4,2.0,2.0,1.6,1.3,1.5,700.0,55.0,700.0,55.0,1,2,False,1,1,68.0,62.0,0.0,31.8,True,False,False,False,True,11,1,False,193.0,193.0,193.0,SPOKED,SPOKED,1,1,82.0,82.0,285.0,535.0,46.0,360.0,1
420.0,58.0,620.0,68.0,125.0,47.0,525.0,73.0,660.0,42.0,45.0,33.0,44.0,35.0,30.0,15.0,15.0,ALUMINIUM,48.0,50.0,41.0,0.0,0.0,0.0,0.0,False,False,142.0,2.0,1.5,2.0,2.1,1.5,1.2,1.5,700.0,55.0,700.0,55.0,1,1,False,1,1,68.0,60.0,0.0,31.7,True,False,False,False,True,12,2,False,194.0,194.0,194.0,SPOKED,SPOKED,1,1,84.0,84.0,275.0,540.0,47.0,370.0,1
450.0,60.0,600.0,67.0,115.0,49.0,540.0,72.0,690.0,38.0,45.0,30.0,43.0,32.0,27.0,15.0,15.0,ALUMINIUM,51.0,51.0,43.0,0.0,0.0,0.0,0.0,False,False,142.0,2.0,1.6,2.2,2.1,1.7,1.3,1.6,700.0,55.0,700.0,55.0,1,2,False,1,1,68.0,61.0,0.0,31.9,True,False,False,False,True,11,1,False,195.0,195.0,195.0,SPOKED,SPOKED,1,1,86.0,86.0,290.0,525.0,48.0,380.0,2
435.0,65.0,590.0,66.0,135.0,46.0,515.0,74.0,655.0,44.0,45.0,32.0,42.0,33.0,28.0,15.0,15.0,ALUMINIUM,49.0,53.0,45.0,0.0,0.0,0.0,0.0,False,False,142.0,2.0,1.5,2.1,2.0,1.5,1.2,1.5,700.0,55.0,700.0,55.0,1,1,False,1,1,68.0,63.0,0.0,31.5,True,False,False,False,True,10,1,False,190.0,190.0,190.0,SPOKED,SPOKED,1,1,88.0,88.0,265.0,530.0,49.0,390.0,1
425.0,59.0,605.0,69.0,122.0,45.0,520.0,73.0,675.0,39.0,45.0,31.0,45.0,34.0,29.0,15.0,15.0,ALUMINIUM,50.0,52.0,44.0,0.0,0.0,0.0,0.0,False,False,142.0,2.0,1.5,2.0,2.0,1.5,1.2,1.5,700.0,55.0,700.0,55.0,1,1,False,1,1,68.0,59.0,0.0,31.6,True,False,False,False,True,11,2,False,191.0,191.0,191.0,SPOKED,SPOKED,1,1,90.0,90.0,280.0,545.0,50.0,360.0,1
440.0,57.0,620.0,67.0,128.0,46.0,530.0,73.0,685.0,41.0,45.0,33.0,46.0,35.0,30.0,15.0,15.0,ALUMINIUM,53.0,49.0,46.0,0.0,0.0,0.0,0.0,False,False,142.0,2.0,1.4,2.0,2.0,1.5,1.2,1.5,700.0,55.0,700.0,55.0,1,2,False,1,1,68.0,62.0,0.0,31.8,True,False,False,False,True,12,1,False,193.0,193.0,193.0,SPOKED,SPOKED,1,1,92.0,92.0,275.0,535.0,51.0,350.0,2
430.0,63.0,595.0,66.0,118.0,47.0,525.0,72.0,665.0,38.0,45.0,32.0,44.0,34.0,29.0,15.0,15.0,ALUMINIUM,54.0,50.0,45.0,0.0,0.0,0.0,0.0,False,False,142.0,2.0,1.6,2.0,2.0,1.5,1.2,1.5,700.0,55.0,700.0,55.0,1,1,False,1,1,68.0,60.0,0.0,31.7,True,False,False,False,True,10,1,False,192.0,192.0,192.0,SPOKED,SPOKED,1,1,94.0,94.0,285.0,520.0,48.0,340.0,1
455.0,62.0,610.0,69.0,135.0,48.0,540.0,74.0,700.0,42.0,45.0,35.0,47.0,36.0,31.0,16.0,15.0,ALUMINIUM,55.0,55.0,48.0,0.0,0.0,0.0,0.0,False,False,142.0,2.0,1.5,2.0,2.0,1.5,1.2,1.5,700.0,55.0,700.0,55.0,1,2,False,1,1,68.0,64.0,0.0,32.0,True,False,False,False,True,11,2,False,194.0,194.0,194.0,SPOKED,SPOKED,1,1,96.0,96.0,270.0,550.0,47.0,390.0,2
460.0,64.0,620.0,68.0,140.0,49.0,550.0,73.0,710.0,45.0,45.0,36.0,48.0,35.0,30.0,16.0,15.0,ALUMINIUM,56.0,54.0,49.0,0.0,0.0,0.0,0.0,False,False,142.0,2.0,1.6,2.1,2.0,1.5,1.3,1.6,700.0,55.0,700.0,55.0,1,1,False,1,1,68.0,65.0,0.0,32.0,True,False,False,False,True,12,1,False,195.0,195.0,195.0,SPOKED,SPOKED,1,1,98.0,98.0,295.0,540.0,49.0,400.0,1
430.0,60.0,620.0,68.0,120.0,45.0,530.0,73.0,670.0,50.0,40.0,30.0,40.0,25.0,25.0,15.0,15.0,ALUMINIUM,45.0,50.0,40.0,0.0,0.0,0.0,0.0,False,False,135.0,2.0,0.9,1.1,0.9,1.2,1.0,0.9,736.6,114.6,736.6,114.6,1,1,False,1,1,68.0,31.8,0.0,31.8,False,False,False,False,True,11,2,False,192.0,192.0,192.0,SPOKED,SPOKED,0,0,0.0,0.0,280.0,720.0,40.0,300.0,1
435.0,55.0,630.0,67.5,115.0,45.0,525.0,74.0,660.0,50.0,40.0,32.0,42.0,26.0,26.0,15.0,15.0,ALUMINIUM,42.0,48.0,38.0,0.0,0.0,0.0,0.0,False,False,135.0,2.0,0.9,1.1,0.9,1.2,1.0,0.9,736.6,114.6,736.6,114.6,1,1,False,1,1,68.0,31.8,0.0,31.8,False,False,False,False,True,11,2,False,192.0,192.0,192.0,SPOKED,SPOKED,0,0,0.0,0.0,285.0,725.0,42.0,310.0,1
440.0,65.0,615.0,68.5,125.0,45.0,535.0,73.5,680.0,50.0,40.0,28.0,38.0,27.0,27.0,15.0,15.0,ALUMINIUM,50.0,55.0,45.0,0.0,0.0,0.0,0.0,False,False,135.0,2.0,0.9,1.1,0.9,1.2,1.0,0.9,736.6,114.6,736.6,114.6,1,1,False,1,1,68.0,31.8,0.0,31.8,False,False,False,False,True,11,2,False,192.0,192.0,192.0,SPOKED,SPOKED,0,0,0.0,0.0,275.0,710.0,38.0,290.0,1
420.0,58.0,625.0,69.0,110.0,45.0,520.0,72.5,655.0,50.0,40.0,30.0,40.0,25.0,25.0,15.0,15.0,ALUMINIUM,40.0,50.0,40.0,0.0,0.0,0.0,0.0,False,False,135.0,2.0,0.9,1.1,0.9,1.2,1.0,0.9,736.6,114.6,736.6,114.6,1,1,False,1,1,68.0,31.8,0.0,31.8,False,False,False,False,True,11,2,False,192.0,192.0,192.0,SPOKED,SPOKED,0,0,0.0,0.0,290.0,730.0,40.0,305.0,1
445.0,62.0,635.0,67.0,130.0,45.0,540.0,73.0,690.0,50.0,40.0,31.0,41.0,26.0,25.0,15.0,15.0,ALUMINIUM,48.0,53.0,42.0,0.0,0.0,0.0,0.0,False,False,135.0,2.0,0.9,1.1,0.9,1.2,1.0,0.9,736.6,114.6,736.6,114.6,1,1,False,1,1,68.0,31.8,0.0,31.8,False,False,False,False,True,11,2,False,192.0,192.0,192.0,SPOKED,SPOKED,0,0,0.0,0.0,295.0,735.0,41.0,315.0,1
438.0,55.0,622.0,68.2,118.0,45.0,530.0,73.2,668.0,50.0,40.0,29.0,39.0,25.0,25.0,15.0,15.0,ALUMINIUM,44.0,52.0,42.0,100.0,120.0,16.0,18.0,True,True,135.0,2.0,0.9,1.1,0.9,1.2,1.0,0.9,736.6,114.6,736.6,114.6,1,1,False,1,1,68.0,31.8,0.0,31.8,False,False,False,False,True,11,2,False,192.0,192.0,192.0,SPOKED,SPOKED,0,0,0.0,0.0,278.0,722.0,39.0,295.0,1
432.0,60.0,618.0,68.8,122.0,45.0,528.0,73.1,675.0,50.0,40.0,30.0,40.0,25.0,25.0,15.0,15.0,ALUMINIUM,46.0,49.0,41.0,0.0,0.0,0.0,0.0,False,False,135.0,2.0,0.9,1.1,0.9,1.2,1.0,0.9,736.6,114.6,736.6,114.6,1,1,False,1,1,68.0,31.8,0.0,31.8,False,False,False,False,True,11,2,False,192.0,192.0,192.0,SPOKED,SPOKED,0,0,0.0,0.0,282.0,728.0,40.0,310.0,1
425.0,59.0,628.0,67.2,112.0,45.0,532.0,72.8,662.0,50.0,40.0,32.0,42.0,26.0,26.0,15.0,15.0,ALUMINIUM,43.0,51.0,39.0,0.0,0.0,0.0,0.0,False,False,135.0,2.0,0.9,1.1,0.9,1.2,1.0,0.9,736.6,114.6,736.6,114.6,1,1,False,1,1,68.0,31.8,0.0,31.8,False,False,False,False,True,11,2,False,192.0,192.0,192.0,SPOKED,SPOKED,0,0,0.0,0.0,288.0,724.0,42.0,300.0,1
445.0,64.0,640.0,67.4,135.0,45.0,545.0,73.4,695.0,50.0,40.0,33.0,44.0,27.0,27.0,15.0,15.0,ALUMINIUM,49.0,56.0,45.0,0.0,0.0,0.0,0.0,False,False,135.0,2.0,0.9,1.1,0.9,1.2,1.0,0.9,736.6,114.6,736.6,114.6,1,1,False,1,1,68.0,31.8,0.0,31.8,False,False,False,False,True,11,2,False,192.0,192.0,192.0,SPOKED,SPOKED,0,0,0.0,0.0,300.0,738.0,44.0,320.0,1
430.0,57.0,605.0,69.0,105.0,45.0,518.0,72.7,650.0,50.0,40.0,28.0,38.0,24.0,24.0,15.0,15.0,ALUMINIUM,38.0,47.0,37.0,0.0,0.0,0.0,0.0,False,False,135.0,2.0,0.9,1.1,0.9,1.2,1.0,0.9,736.6,114.6,736.6,114.6,1,1,False,1,1,68.0,31.8,0.0,31.8,False,False,False,False,True,11,2,False,192.0,192.0,192.0,SPOKED,SPOKED,0,0,0.0,0.0,275.0,715.0,38.0,290.0,1
450.0,60.0,620.0,67.0,110.0,45.0,550.0,74.0,620.0,45.0,40.0,34.0,34.0,28.0,28.0,13.0,15.0,ALUMINIUM,30.0,50.0,30.0,30.0,30.0,16.0,16.0,False,False,135.0,2.0,1.2,1.2,1.2,1.2,1.2,1.2,737.0,50.0,737.0,50.0,1,1,False,1,1,68.0,50.0,0.0,34.0,False,False,False,False,True,11,1,False,192.0,192.0,192.0,SPOKED,SPOKED,0,0,0.0,0.0,250.0,690.0,34.0,320.0,1
445.0,60.0,630.0,66.5,115.0,45.0,540.0,75.0,630.0,42.0,40.0,34.0,34.0,28.0,28.0,13.0,15.0,ALUMINIUM,32.0,52.0,32.0,30.0,30.0,16.0,16.0,False,False,142.0,2.0,1.3,1.3,1.3,1.1,1.1,1.3,737.0,50.0,737.0,50.0,1,1,False,1,1,73.0,50.0,0.0,34.0,False,True,False,False,True,11,1,False,192.0,192.0,192.0,SPOKED,SPOKED,0,0,0.0,0.0,250.0,700.0,34.0,330.0,1
460.0,60.0,610.0,68.0,105.0,45.0,560.0,73.0,610.0,48.0,40.0,34.0,34.0,28.0,28.0,13.0,15.0,ALUMINIUM,28.0,48.0,28.0,35.0,30.0,18.0,16.0,True,False,135.0,2.0,1.0,1.0,1.0,1.0,1.0,1.0,737.0,50.0,737.0,50.0,1,1,False,1,1,68.0,50.0,0.0,34.0,False,False,False,False,True,11,1,False,192.0,192.0,192.0,SPOKED,SPOKED,0,0,0.0,0.0,260.0,710.0,34.0,310.0,1
455.0,60.0,640.0,67.5,120.0,45.0,555.0,74.0,640.0,43.0,40.0,34.0,34.0,28.0,28.0,13.0,15.0,ALUMINIUM,34.0,54.0,34.0,30.0,35.0,16.0,18.0,False,True,140.0,1.8,1.1,1.1,1.1,1.1,1.1,1.1,737.0,50.0,737.0,50.0,1,1,False,1,1,73.0,50.0,0.0,34.0,True,False,True,False,True,11,1,False,192.0,192.0,192.0,SPOKED,SPOKED,0,0,0.0,0.0,255.0,695.0,34.0,315.0,1
440.0,60.0,600.0,66.0,130.0,45.0,580.0,75.0,650.0,50.0,40.0,34.0,34.0,28.0,28.0,13.0,15.0,ALUMINIUM,36.0,56.0,36.0,30.0,30.0,16.0,16.0,False,False,142.0,2.0,1.4,1.4,1.4,1.2,1.2,1.4,737.0,50.0,737.0,50.0,1,1,False,1,1,68.0,50.0,0.0,34.0,False,True,False,False,True,11,1,False,192.0,192.0,192.0,SPOKED,SPOKED,0,0,0.0,0.0,260.0,700.0,34.0,300.0,1
452.0,60.0,625.0,67.0,112.0,45.0,545.0,74.5,625.0,44.0,40.0,34.0,34.0,28.0,28.0,13.0,15.0,ALUMINIUM,31.0,51.0,31.0,32.0,30.0,17.0,16.0,True,False,135.0,1.9,1.05,1.05,1.05,1.05,1.05,1.05,737.0,50.0,737.0,50.0,1,1,False,1,1,70.0,50.0,0.0,34.0,True,False,False,True,True,11,1,False,192.0,192.0,192.0,SPOKED,SPOKED,0,0,0.0,0.0,255.0,705.0,34.0,305.0,1
458.0,60.0,615.0,66.8,118.0,45.0,552.0,74.0,615.0,46.0,40.0,34.0,34.0,28.0,28.0,13.0,15.0,ALUMINIUM,33.0,53.0,33.0,33.0,33.0,17.0,17.0,True,True,138.0,2.0,1.2,1.2,1.2,1.2,1.2,1.2,737.0,50.0,737.0,50.0,1,1,False,1,1,68.0,50.0,0.0,34.0,False,False,False,False,True,11,1,False,192.0,192.0,192.0,SPOKED,SPOKED,0,0,0.0,0.0,255.0,695.0,34.0,320.0,1
440.0,60.0,605.0,66.3,125.0,45.0,538.0,73.5,605.0,42.0,40.0,34.0,34.0,28.0,28.0,13.0,15.0,ALUMINIUM,26.0,49.0,26.0,30.0,30.0,16.0,16.0,False,False,135.0,1.8,1.3,1.3,1.3,1.0,1.0,1.3,737.0,50.0,737.0,50.0,1,1,False,1,1,68.0,50.0,0.0,34.0,True,False,False,True,True,11,1,False,192.0,192.0,192.0,SPOKED,SPOKED,0,0,0.0,0.0,260.0,700.0,34.0,300.0,1
446.0,60.0,635.0,67.2,108.0,45.0,565.0,74.2,635.0,47.0,40.0,34.0,34.0,28.0,28.0,13.0,15.0,ALUMINIUM,29.0,50.0,29.0,30.0,30.0,16.0,16.0,True,False,140.0,2.0,1.1,1.1,1.1,1.1,1.1,1.1,737.0,50.0,737.0,50.0,1,1,False,1,1,73.0,50.0,0.0,34.0,False,True,True,False,True,11,1,False,192.0,192.0,192.0,SPOKED,SPOKED,0,0,0.0,0.0,250.0,705.0,34.0,325.0,1
453.0,60.0,620.0,67.1,117.0,45.0,547.0,74.8,620.0,43.0,40.0,34.0,34.0,28.0,28.0,13.0,15.0,ALUMINIUM,32.0,52.0,32.0,32.0,32.0,17.0,17.0,True,True,137.0,1.8,1.2,1.2,1.2,1.2,1.2,1.2,737.0,50.0,737.0,50.0,1,1,False,1,1,68.0,50.0,0.0,34.0,True,True,False,False,True,11,1,False,192.0,192.0,192.0,SPOKED,SPOKED,0,0,0.0,0.0,260.0,700.0,34.0,315.0,1
430.0,40.0,605.0,67.0,130.0,45.0,520.0,74.0,650.0,45.0,40.0,30.0,38.0,25.0,25.0,15.0,10.0,ALUMINIUM,30.0,50.0,30.0,300.0,350.0,16.0,18.0,False,False,135.0,2.0,1.0,1.0,1.0,1.0,1.0,1.0,740.0,50.0,740.0,50.0,1,1,False,1,1,70.0,45.0,0.0,30.0,True,True,False,False,True,11,2,False,192.0,192.0,192.0,SPOKED,SPOKED,1,1,0.0,0.0,250.0,620.0,38.0,400.0,1
440.0,40.0,610.0,66.5,125.0,45.0,520.0,74.5,655.0,45.0,40.0,32.0,39.0,25.0,25.0,15.0,10.0,ALUMINIUM,30.0,50.0,30.0,300.0,350.0,16.0,18.0,False,False,137.0,2.0,1.1,1.0,1.0,1.0,1.0,1.1,740.0,50.0,740.0,50.0,1,1,False,1,1,70.0,47.0,0.0,30.0,True,True,False,False,True,11,2,False,192.0,192.0,192.0,SPOKED,SPOKED,1,1,0.0,0.0,250.0,620.0,39.0,400.0,1
450.0,40.0,615.0,68.0,135.0,45.0,520.0,73.5,648.0,45.0,40.0,32.0,38.0,25.0,26.0,15.0,10.0,ALUMINIUM,30.0,50.0,30.0,300.0,350.0,16.0,18.0,False,False,140.0,2.0,1.1,1.0,1.0,1.0,1.1,1.0,740.0,50.0,740.0,50.0,1,2,False,1,1,70.0,44.0,0.0,30.0,True,True,False,False,True,11,2,False,192.0,192.0,192.0,SPOKED,SPOKED,1,1,0.0,0.0,255.0,620.0,38.0,400.0,1
435.0,40.0,600.0,67.5,120.0,45.0,515.0,74.0,660.0,45.0,40.0,30.0,40.0,25.0,25.0,15.0,10.0,ALUMINIUM,25.0,48.0,35.0,300.0,350.0,16.0,18.0,False,False,136.0,2.0,1.2,1.0,1.0,1.0,1.0,1.0,740.0,50.0,740.0,50.0,1,1,False,1,1,68.0,43.0,0.0,30.0,True,True,False,False,True,12,2,False,192.0,192.0,192.0,SPOKED,SPOKED,1,1,0.0,0.0,260.0,615.0,40.0,400.0,1
445.0,45.0,620.0,66.0,140.0,45.0,525.0,73.0,645.0,50.0,40.0,31.0,38.5,25.5,25.5,15.0,12.0,ALUMINIUM,32.0,52.0,28.0,300.0,350.0,16.0,18.0,False,False,138.0,2.0,1.0,1.1,1.0,1.0,1.0,1.1,740.0,50.0,740.0,50.0,1,2,False,1,1,70.0,46.0,0.0,30.0,True,True,False,False,True,11,3,False,192.0,192.0,192.0,SPOKED,SPOKED,1,1,0.0,0.0,255.0,630.0,38.5,400.0,1
460.0,35.0,610.0,67.0,130.0,45.0,520.0,74.0,650.0,45.0,40.0,30.0,38.0,25.0,25.0,15.0,10.0,ALUMINIUM,30.0,50.0,30.0,300.0,350.0,16.0,18.0,False,False,142.0,2.0,1.0,1.0,1.0,1.2,1.0,1.0,740.0,50.0,740.0,50.0,1,1,False,1,1,70.0,45.0,0.0,30.0,True,True,False,False,True,11,2,False,192.0,192.0,192.0,SPOKED,SPOKED,1,1,0.0,0.0,250.0,620.0,38.0,400.0,1
420.0,40.0,605.0,68.0,125.0,45.0,515.0,73.7,660.0,45.0,40.0,30.0,39.0,25.0,25.0,15.0,10.0,ALUMINIUM,30.0,48.0,32.0,300.0,350.0,16.0,18.0,False,False,135.0,2.0,1.0,1.0,1.1,1.0,1.0,1.0,740.0,50.0,740.0,50.0,1,2,False,1,1,70.0,44.0,0.0,30.0,True,True,False,False,True,11,2,False,192.0,192.0,192.0,SPOKED,SPOKED,1,1,0.0,0.0,260.0,605.0,39.0,400.0,1
475.0,40.0,620.0,66.8,130.0,45.0,530.0,74.2,640.0,45.0,40.0,31.0,38.0,26.0,26.0,15.0,10.0,ALUMINIUM,28.0,50.0,32.0,300.0,350.0,16.0,18.0,False,False,139.0,2.0,1.0,1.1,1.0,1.0,1.0,1.0,740.0,50.0,740.0,50.0,1,1,False,1,1,70.0,47.0,0.0,30.0,True,True,False,False,True,12,2,False,192.0,192.0,192.0,SPOKED,SPOKED,1,1,0.0,0.0,250.0,625.0,38.0,400.0,1
455.0,40.0,610.0,67.2,128.0,45.0,525.0,74.5,655.0,45.0,40.0,30.5,39.5,25.0,25.0,15.0,10.0,ALUMINIUM,29.0,51.0,31.0,300.0,350.0,16.0,18.0,False,False,137.0,2.0,1.0,1.0,1.0,1.0,1.0,1.0,740.0,50.0,740.0,50.0,1,2,False,1,1,70.0,45.0,0.0,30.0,True,True,False,False,True,11,2,False,192.0,192.0,192.0,SPOKED,SPOKED,1,1,0.0,0.0,255.0,620.0,39.5,400.0,1
465.0,40.0,605.0,67.8,132.0,45.0,520.0,73.9,650.0,45.0,40.0,30.0,38.0,25.0,25.0,15.0,10.0,ALUMINIUM,31.0,49.0,29.0,300.0,350.0,16.0,18.0,False,False,140.0,2.0,1.0,1.0,1.2,1.0,1.0,1.0,740.0,50.0,740.0,50.0,1,1,False,1,1,70.0,46.0,0.0,30.0,True,True,False,False,True,11,2,False,192.0,192.0,192.0,SPOKED,SPOKED,1,1,0.0,0.0,260.0,615.0,38.0,400.0,1
430.0,60.0,590.0,67.0,120.0,15.0,450.0,73.0,610.0,50.0,68.0,34.0,36.0,30.0,30.0,12.0,15.0,ALUMINIUM,25.0,32.0,28.0,190.0,200.0,10.0,10.0,False,False,142.0,2.2,2.0,3.0,2.2,2.0,2.0,2.1,700.0,78.0,700.0,78.0,1,0,False,1,3,68.0,44.0,0.0,34.0,False,True,False,False,True,12,1,False,192.0,192.0,192.0,SPOKED,SPOKED,0,0,0.0,0.0,280.0,750.0,36.0,350.0,1
435.0,60.0,600.0,68.0,130.0,17.0,460.0,74.0,600.0,50.0,68.0,34.0,36.0,30.0,30.0,14.0,15.0,ALUMINIUM,30.0,35.0,30.0,180.0,190.0,12.0,12.0,True,False,142.0,2.0,2.2,2.8,2.0,1.8,1.8,2.0,710.0,88.0,710.0,88.0,1,0,False,1,3,68.0,44.0,0.0,34.0,True,True,False,False,True,12,1,False,192.0,192.0,192.0,SPOKED,SPOKED,0,0,0.0,0.0,280.0,750.0,36.0,350.0,1
428.0,55.0,580.0,66.0,110.0,15.0,440.0,72.0,620.0,50.0,68.0,34.0,36.0,30.0,30.0,13.0,15.0,ALUMINIUM,28.0,34.0,29.0,200.0,200.0,10.0,10.0,False,False,142.0,2.4,2.1,3.2,2.3,2.0,2.0,2.1,700.0,78.0,700.0,78.0,1,0,False,1,3,68.0,44.0,0.0,34.0,False,True,False,False,True,12,1,False,192.0,192.0,192.0,SPOKED,SPOKED,0,0,0.0,0.0,280.0,750.0,36.0,350.0,1
438.0,60.0,610.0,69.0,140.0,18.0,470.0,75.0,590.0,50.0,68.0,35.0,37.0,30.0,30.0,16.0,15.0,ALUMINIUM,32.0,38.0,31.0,170.0,180.0,10.0,10.0,False,False,142.0,2.2,2.3,3.0,2.2,2.0,2.0,2.2,700.0,78.0,700.0,78.0,1,0,False,1,3,68.0,44.0,0.0,34.0,False,True,False,False,True,12,1,False,192.0,192.0,192.0,SPOKED,SPOKED,0,0,0.0,0.0,280.0,750.0,37.0,350.0,1
432.0,55.0,595.0,68.5,125.0,16.0,455.0,73.5,605.0,52.0,68.0,35.0,37.0,30.0,30.0,14.0,16.0,ALUMINIUM,29.0,33.0,28.0,190.0,200.0,10.0,10.0,False,False,148.0,2.3,2.0,2.9,2.1,2.0,2.0,2.1,700.0,78.0,700.0,78.0,1,0,False,1,3,68.0,44.0,0.0,35.0,True,False,False,False,True,12,2,False,192.0,192.0,192.0,SPOKED,SPOKED,0,0,0.0,0.0,280.0,750.0,37.0,350.0,1
437.0,65.0,590.0,67.5,115.0,17.0,460.0,74.0,595.0,48.0,68.0,33.0,35.0,30.0,30.0,12.0,15.0,ALUMINIUM,26.0,36.0,30.0,185.0,195.0,11.0,11.0,True,True,142.0,2.5,2.2,3.1,2.4,2.1,2.0,2.2,700.0,78.0,700.0,78.0,1,1,False,1,3,68.0,44.0,0.0,34.0,True,True,False,False,True,11,1,False,192.0,192.0,192.0,SPOKED,SPOKED,0,0,0.0,0.0,280.0,750.0,35.0,350.0,1
434.0,58.0,600.0,68.0,132.0,15.0,450.0,73.0,610.0,49.0,68.0,34.0,36.0,30.0,30.0,13.0,14.0,ALUMINIUM,27.0,33.0,29.0,195.0,205.0,10.0,10.0,False,True,142.0,2.1,2.0,2.9,2.1,2.0,2.0,2.2,710.0,88.0,710.0,88.0,1,2,False,1,3,68.0,44.0,0.0,34.0,False,True,False,False,True,12,1,False,192.0,192.0,192.0,SPOKED,SPOKED,0,0,0.0,0.0,280.0,750.0,36.0,350.0,1
436.0,62.0,610.0,66.5,120.0,14.0,455.0,74.5,620.0,50.0,68.0,35.0,37.0,32.0,32.0,14.0,15.0,ALUMINIUM,28.0,34.0,30.0,180.0,190.0,12.0,12.0,True,True,148.0,2.3,2.1,2.8,2.2,2.1,2.0,2.3,700.0,78.0,700.0,78.0,1,0,False,1,3,68.0,44.0,0.0,34.0,False,False,False,False,True,12,1,False,200.0,200.0,200.0,SPOKED,SPOKED,0,0,0.0,0.0,280.0,750.0,37.0,350.0,1
439.0,60.0,625.0,69.0,140.0,16.0,470.0,75.0,580.0,51.0,68.0,34.0,36.0,30.0,30.0,15.0,16.0,ALUMINIUM,30.0,37.0,29.0,175.0,185.0,11.0,11.0,False,False,148.0,2.4,2.2,3.0,2.1,2.0,2.0,2.2,700.0,78.0,700.0,78.0,1,1,False,1,3,68.0,44.0,0.0,34.0,True,True,False,False,True,10,2,False,180.0,180.0,180.0,SPOKED,SPOKED,0,0,0.0,0.0,280.0,750.0,36.0,350.0,1
433.0,59.0,605.0,67.0,125.0,15.0,460.0,73.5,605.0,49.0,68.0,33.0,35.0,30.0,30.0,13.0,14.0,ALUMINIUM,29.0,35.0,28.0,190.0,200.0,10.0,10.0,False,True,142.0,2.2,2.0,2.7,2.1,2.0,2.0,2.2,710.0,88.0,710.0,88.0,1,2,False,1,3,68.0,44.0,0.0,34.0,False,True,False,False,True,12,1,False,192.0,192.0,192.0,SPOKED,SPOKED,0,0,0.0,0.0,280.0,750.0,35.0,350.0,1
430.0,65.0,600.0,67.0,120.0,45.0,550.0,74.0,650.0,45.0,40.0,30.0,40.0,25.0,25.0,14.0,15.0,ALUMINIUM,30.0,40.0,50.0,0.0,0.0,16.0,18.0,False,False,135.0,2.0,1.0,1.1,1.2,1.0,1.0,1.0,739.0,69.0,739.0,69.0,1,1,False,1,1,68.0,52.0,0.0,34.9,False,False,False,False,True,12,1,False,192.0,192.0,192.0,SPOKED,SPOKED,0,0,0.0,0.0,300.0,300.0,34.9,330.0,1
425.0,60.0,580.0,66.0,110.0,40.0,520.0,73.0,630.0,50.0,40.0,28.0,38.0,24.0,24.0,15.0,15.0,ALUMINIUM,28.0,38.0,48.0,0.0,0.0,16.0,18.0,False,False,135.0,2.0,1.0,1.1,1.2,1.0,1.0,1.0,739.0,69.0,739.0,69.0,1,0,False,1,1,68.0,52.0,0.0,34.9,False,False,False,False,True,11,1,False,192.0,192.0,192.0,SPOKED,SPOKED,0,0,0.0,0.0,310.0,310.0,34.9,320.0,1
435.0,70.0,620.0,68.0,130.0,50.0,560.0,75.0,670.0,40.0,40.0,32.0,42.0,26.0,26.0,14.0,15.0,ALUMINIUM,32.0,42.0,52.0,0.0,0.0,16.0,18.0,False,False,135.0,2.0,1.0,1.1,1.2,1.0,1.0,1.0,739.0,69.0,739.0,69.0,1,2,False,1,1,68.0,52.0,0.0,34.9,False,False,False,False,True,12,1,False,192.0,192.0,192.0,SPOKED,SPOKED,0,0,0.0,0.0,305.0,305.0,34.9,340.0,1
440.0,62.0,590.0,65.0,100.0,43.0,540.0,74.0,640.0,47.0,40.0,29.0,39.0,23.0,23.0,14.0,15.0,ALUMINIUM,29.0,39.0,49.0,0.0,0.0,16.0,18.0,False,False,135.0,2.0,1.0,1.1,1.2,1.0,1.0,1.0,739.0,69.0,739.0,69.0,1,1,False,1,1,68.0,52.0,0.0,34.9,False,False,False,False,True,10,1,False,192.0,192.0,192.0,SPOKED,SPOKED,0,0,0.0,0.0,315.0,315.0,34.9,360.0,1
450.0,68.0,610.0,67.0,125.0,48.0,570.0,73.0,660.0,42.0,40.0,31.0,41.0,27.0,27.0,15.0,15.0,ALUMINIUM,31.0,41.0,51.0,0.0,0.0,16.0,18.0,False,False,135.0,2.0,1.0,1.1,1.2,1.0,1.0,1.0,739.0,69.0,739.0,69.0,1,0,False,1,1,68.0,52.0,0.0,34.9,False,False,False,False,True,11,1,False,192.0,192.0,192.0,SPOKED,SPOKED,0,0,0.0,0.0,320.0,320.0,34.9,350.0,1
420.0,63.0,580.0,66.0,115.0,42.0,530.0,75.0,630.0,45.0,40.0,30.0,40.0,25.0,25.0,14.0,15.0,ALUMINIUM,30.0,40.0,50.0,0.0,0.0,16.0,18.0,False,False,135.0,2.0,1.0,1.1,1.2,1.0,1.0,1.0,739.0,69.0,739.0,69.0,1,1,False,1,1,68.0,52.0,0.0,34.9,False,False,False,False,True,12,1,False,192.0,192.0,192.0,SPOKED,SPOKED,0,0,0.0,0.0,300.0,300.0,34.9,330.0,1
445.0,66.0,605.0,67.0,118.0,47.0,565.0,74.0,655.0,43.0,40.0,33.0,43.0,28.0,28.0,15.0,15.0,ALUMINIUM,33.0,43.0,53.0,0.0,0.0,16.0,18.0,False,False,135.0,2.0,1.0,1.1,1.2,1.0,1.0,1.0,739.0,69.0,739.0,69.0,1,2,False,1,1,68.0,52.0,0.0,34.9,False,False,False,False,True,10,1,False,192.0,192.0,192.0,SPOKED,SPOKED,0,0,0.0,0.0,325.0,325.0,34.9,340.0,1
425.0,70.0,595.0,68.0,135.0,45.0,555.0,73.0,645.0,46.0,40.0,32.0,42.0,26.0,26.0,14.0,15.0,ALUMINIUM,32.0,42.0,52.0,0.0,0.0,16.0,18.0,False,False,135.0,2.0,1.0,1.1,1.2,1.0,1.0,1.0,739.0,69.0,739.0,69.0,1,0,False,1,1,68.0,52.0,0.0,34.9,False,False,False,False,True,11,1,False,192.0,192.0,192.0,SPOKED,SPOKED,0,0,0.0,0.0,310.0,310.0,34.9,350.0,1
430.0,65.0,600.0,67.0,140.0,45.0,550.0,75.0,650.0,44.0,40.0,28.0,38.0,24.0,24.0,14.0,15.0,ALUMINIUM,28.0,38.0,48.0,0.0,0.0,16.0,18.0,False,False,135.0,2.0,1.0,1.1,1.2,1.0,1.0,1.0,739.0,69.0,739.0,69.0,1,1,False,1,1,68.0,52.0,0.0,34.9,False,False,False,False,True,12,1,False,192.0,192.0,192.0,SPOKED,SPOKED,0,0,0.0,0.0,300.0,300.0,34.9,330.0,1
440.0,62.0,620.0,65.0,105.0,43.0,540.0,73.0,660.0,48.0,40.0,30.0,40.0,25.0,25.0,15.0,15.0,ALUMINIUM,30.0,40.0,50.0,0.0,0.0,16.0,18.0,False,False,135.0,2.0,1.0,1.1,1.2,1.0,1.0,1.0,739.0,69.0,739.0,69.0,1,1,False,1,1,68.0,52.0,0.0,34.9,False,False,False,False,True,10,1,False,192.0,192.0,192.0,SPOKED,SPOKED,0,0,0.0,0.0,315.0,315.0,34.9,360.0,1
430.0,60.0,600.0,67.0,130.0,45.0,540.0,73.0,650.0,45.0,45.0,32.0,50.0,36.5,28.6,13.0,15.0,ALUMINIUM,30.0,40.0,40.0,330.0,350.0,16.0,18.0,False,False,135.0,2.0,0.9,1.1,0.9,1.2,1.0,0.9,736.0,56.0,736.0,56.0,1,1,False,1,1,73.0,46.0,0.0,31.8,False,True,False,False,True,11,1,False,192.0,192.0,192.0,SPOKED,SPOKED,0,0,0.0,0.0,275.0,715.0,50.0,350.0,1
435.0,62.0,610.0,68.0,135.0,45.0,550.0,73.5,660.0,45.0,45.0,32.0,50.0,36.5,28.6,13.0,15.0,ALUMINIUM,32.0,42.0,42.0,330.0,350.0,16.0,18.0,False,False,142.0,2.0,0.9,1.1,0.9,1.2,1.0,0.9,697.0,54.0,697.0,54.0,1,1,False,1,1,73.0,46.0,0.0,31.8,False,True,False,False,True,11,1,False,192.0,192.0,192.0,SPOKED,SPOKED,0,0,0.0,0.0,275.0,715.0,50.0,350.0,1
425.0,58.0,590.0,66.0,125.0,45.0,530.0,72.5,640.0,45.0,45.0,32.0,50.0,36.5,28.6,13.0,15.0,ALUMINIUM,28.0,38.0,38.0,330.0,350.0,16.0,18.0,False,False,135.0,2.0,0.9,1.1,0.9,1.2,1.0,0.9,736.0,56.0,736.0,56.0,1,1,False,1,1,73.0,46.0,0.0,31.8,False,True,False,False,True,11,1,False,192.0,192.0,192.0,SPOKED,SPOKED,0,0,0.0,0.0,275.0,715.0,50.0,350.0,1
440.0,65.0,620.0,69.0,140.0,45.0,560.0,74.0,670.0,45.0,45.0,32.0,50.0,36.5,28.6,13.0,15.0,ALUMINIUM,35.0,45.0,45.0,330.0,350.0,16.0,18.0,False,False,142.0,2.0,0.9,1.1,0.9,1.2,1.0,0.9,697.0,54.0,697.0,54.0,1,1,False,1,1,73.0,46.0,0.0,31.8,False,True,False,False,True,11,1,False,192.0,192.0,192.0,SPOKED,SPOKED,0,0,0.0,0.0,275.0,715.0,50.0,350.0,1
420.0,55.0,580.0,67.0,120.0,45.0,520.0,73.0,630.0,45.0,45.0,32.0,50.0,36.5,28.6,13.0,15.0,ALUMINIUM,25.0,35.0,35.0,330.0,350.0,16.0,18.0,False,False,135.0,2.0,0.9,1.1,0.9,1.2,1.0,0.9,736.0,56.0,736.0,56.0,1,1,False,1,1,73.0,46.0,0.0,31.8,False,True,False,False,True,11,1,False,192.0,192.0,192.0,SPOKED,SPOKED,0,0,0.0,0.0,275.0,715.0,50.0,350.0,1
450.0,63.0,605.0,68.0,132.0,45.0,545.0,73.5,655.0,45.0,45.0,32.0,50.0,36.5,28.6,13.0,15.0,ALUMINIUM,31.0,41.0,41.0,330.0,350.0,16.0,18.0,False,False,142.0,2.0,0.9,1.1,0.9,1.2,1.0,0.9,697.0,54.0,697.0,54.0,1,1,False,1,1,73.0,46.0,0.0,31.8,False,True,False,False,True,11,1,False,192.0,192.0,192.0,SPOKED,SPOKED,0,0,0.0,0.0,275.0,715.0,50.0,350.0,1
415.0,59.0,595.0,66.0,128.0,45.0,535.0,72.5,645.0,45.0,45.0,32.0,50.0,36.5,28.6,13.0,15.0,ALUMINIUM,29.0,39.0,39.0,330.0,350.0,16.0,18.0,False,False,135.0,2.0,0.9,1.1,0.9,1.2,1.0,0.9,736.0,56.0,736.0,56.0,1,1,False,1,1,73.0,46.0,0.0,31.8,False,True,False,False,True,11,1,False,192.0,192.0,192.0,SPOKED,SPOKED,0,0,0.0,0.0,275.0,715.0,50.0,350.0,1
445.0,61.0,615.0,69.0,138.0,45.0,555.0,74.0,665.0,45.0,45.0,32.0,50.0,36.5,28.6,13.0,15.0,ALUMINIUM,34.0,44.0,44.0,330.0,350.0,16.0,18.0,False,False,142.0,2.0,0.9,1.1,0.9,1.2,1.0,0.9,697.0,54.0,697.0,54.0,1,1,False,1,1,73.0,46.0,0.0,31.8,False,True,False,False,True,11,1,False,192.0,192.0,192.0,SPOKED,SPOKED,0,0,0.0,0.0,275.0,715.0,50.0,350.0,1
438.0,56.0,585.0,67.0,133.0,45.0,525.0,73.0,635.0,45.0,45.0,32.0,50.0,36.5,28.6,13.0,15.0,ALUMINIUM,33.0,43.0,43.0,330.0,350.0,16.0,18.0,False,False,135.0,2.0,0.9,1.1,0.9,1.2,1.0,0.9,736.0,56.0,736.0,56.0,1,1,False,1,1,73.0,46.0,0.0,31.8,False,True,False,False,True,11,1,False,192.0,192.0,192.0,SPOKED,SPOKED,0,0,0.0,0.0,275.0,715.0,50.0,350.0,1
428.0,64.0,625.0,68.0,123.0,45.0,565.0,73.5,675.0,45.0,45.0,32.0,50.0,36.5,28.6,13.0,15.0,ALUMINIUM,27.0,37.0,37.0,330.0,350.0,16.0,18.0,False,False,142.0,2.0,0.9,1.1,0.9,1.2,1.0,0.9,697.0,54.0,697.0,54.0,1,1,False,1,1,73.0,46.0,0.0,31.8,False,True,False,False,True,11,1,False,192.0,192.0,192.0,SPOKED,SPOKED,0,0,0.0,0.0,275.0,715.0,50.0,350.0,1
430.0,35.0,600.0,66.0,110.0,45.0,500.0,72.0,575.0,44.0,68.0,32.0,36.0,22.0,22.0,15.0,15.0,ALUMINIUM,30.0,45.0,30.0,330.0,350.0,16.0,18.0,False,False,142.0,2.0,0.9,1.1,0.9,1.2,1.0,0.9,722.0,100.0,722.0,100.0,1,0,False,1,1,68.0,46.0,0.0,31.8,False,True,False,False,True,11,1,False,192.0,192.0,192.0,SPOKED,SPOKED,0,0,0.0,0.0,280.0,630.0,38.0,300.0,1
435.0,37.0,605.0,66.5,115.0,45.0,510.0,72.5,580.0,45.0,68.0,33.0,37.0,23.0,23.0,15.0,15.0,ALUMINIUM,32.0,50.0,32.0,330.0,350.0,16.0,18.0,False,False,142.0,2.0,0.9,1.1,0.9,1.2,1.0,0.9,722.0,100.0,722.0,100.0,1,1,False,1,1,68.0,46.0,0.0,31.8,False,True,False,False,True,11,1,False,192.0,192.0,192.0,SPOKED,SPOKED,0,0,0.0,0.0,280.0,635.0,39.0,300.0,1
440.0,40.0,610.0,67.0,120.0,45.0,520.0,73.0,585.0,46.0,68.0,34.0,38.0,24.0,24.0,15.0,15.0,ALUMINIUM,34.0,55.0,34.0,330.0,350.0,16.0,18.0,False,False,142.0,2.0,0.9,1.1,0.9,1.2,1.0,0.9,722.0,100.0,722.0,100.0,1,2,False,1,1,68.0,46.0,0.0,31.8,False,True,False,False,True,11,1,False,192.0,192.0,192.0,SPOKED,SPOKED,0,0,0.0,0.0,280.0,640.0,40.0,300.0,1
445.0,42.0,615.0,67.5,125.0,45.0,530.0,73.5,590.0,47.0,68.0,35.0,39.0,25.0,25.0,15.0,15.0,ALUMINIUM,36.0,60.0,36.0,330.0,350.0,16.0,18.0,False,False,142.0,2.0,0.9,1.1,0.9,1.2,1.0,0.9,722.0,100.0,722.0,100.0,1,0,False,1,1,68.0,46.0,0.0,31.8,False,True,False,False,True,11,1,False,192.0,192.0,192.0,SPOKED,SPOKED,0,0,0.0,0.0,280.0,645.0,41.0,300.0,1
450.0,45.0,620.0,68.0,130.0,45.0,540.0,74.0,595.0,48.0,68.0,36.0,40.0,26.0,26.0,15.0,15.0,ALUMINIUM,38.0,65.0,38.0,330.0,350.0,16.0,18.0,False,False,142.0,2.0,0.9,1.1,0.9,1.2,1.0,0.9,722.0,100.0,722.0,100.0,1,1,False,1,1,68.0,46.0,0.0,31.8,False,True,False,False,True,11,1,False,192.0,192.0,192.0,SPOKED,SPOKED,0,0,0.0,0.0,280.0,650.0,42.0,300.0,1
455.0,47.0,625.0,68.5,135.0,45.0,550.0,74.5,600.0,49.0,68.0,37.0,41.0,27.0,27.0,15.0,15.0,ALUMINIUM,40.0,70.0,40.0,330.0,350.0,16.0,18.0,False,False,142.0,2.0,0.9,1.1,0.9,1.2,1.0,0.9,722.0,100.0,722.0,100.0,1,2,False,1,1,68.0,46.0,0.0,31.8,False,True,False,False,True,11,1,False,192.0,192.0,192.0,SPOKED,SPOKED,0,0,0.0,0.0,280.0,655.0,43.0,300.0,1
460.0,50.0,630.0,69.0,140.0,45.0,560.0,75.0,605.0,50.0,68.0,38.0,42.0,28.0,28.0,15.0,15.0,ALUMINIUM,42.0,75.0,42.0,330.0,350.0,16.0,18.0,False,False,142.0,2.0,0.9,1.1,0.9,1.2,1.0,0.9,722.0,100.0,722.0,100.0,1,0,False,1,1,68.0,46.0,0.0,31.8,False,True,False,False,True,11,1,False,192.0,192.0,192.0,SPOKED,SPOKED,0,0,0.0,0.0,280.0,660.0,44.0,300.0,1
465.0,52.0,635.0,66.3,145.0,45.0,570.0,72.3,610.0,42.0,68.0,39.0,43.0,29.0,29.0,15.0,15.0,ALUMINIUM,44.0,50.0,44.0,330.0,350.0,16.0,18.0,False,False,142.0,2.0,0.9,1.1,0.9,1.2,1.0,0.9,722.0,100.0,722.0,100.0,1,1,False,1,1,68.0,46.0,0.0,31.8,False,True,False,False,True,11,1,False,192.0,192.0,192.0,SPOKED,SPOKED,0,0,0.0,0.0,280.0,665.0,45.0,300.0,1
470.0,55.0,640.0,67.3,150.0,45.0,580.0,73.3,615.0,43.0,68.0,40.0,44.0,30.0,30.0,15.0,15.0,ALUMINIUM,46.0,55.0,46.0,330.0,350.0,16.0,18.0,False,False,142.0,2.0,0.9,1.1,0.9,1.2,1.0,0.9,722.0,100.0,722.0,100.0,1,2,False,1,1,68.0,46.0,0.0,31.8,False,True,False,False,True,11,1,False,192.0,192.0,192.0,SPOKED,SPOKED,0,0,0.0,0.0,280.0,670.0,46.0,300.0,1
475.0,57.0,645.0,68.3,155.0,45.0,590.0,74.3,620.0,41.0,68.0,41.0,45.0,31.0,31.0,15.0,15.0,ALUMINIUM,48.0,60.0,48.0,330.0,350.0,16.0,18.0,False,False,142.0,2.0,0.9,1.1,0.9,1.2,1.0,0.9,722.0,100.0,722.0,100.0,1,0,False,1,1,68.0,46.0,0.0,31.8,False,True,False,False,True,11,1,False,192.0,192.0,192.0,SPOKED,SPOKED,0,0,0.0,0.0,280.0,675.0,47.0,300.0,1
440.0,60.0,620.0,66.0,100.0,45.0,550.0,73.0,650.0,45.0,45.0,38.0,32.0,33.5,30.0,13.0,13.0,ALUMINIUM,30.0,50.0,50.0,330.0,350.0,16.0,16.0,False,False,135.0,2.0,1.2,1.0,1.2,1.0,1.0,1.2,622.0,50.0,622.0,50.0,1,1,False,1,1,68.0,46.0,0.0,31.8,False,True,False,False,True,12,1,False,192.0,192.0,192.0,SPOKED,SPOKED,0,0,0.0,0.0,280.0,650.0,34.0,300.0,1
430.0,55.0,630.0,67.0,90.0,45.0,530.0,74.0,660.0,42.0,45.0,36.0,34.0,34.0,30.0,13.0,13.0,ALUMINIUM,28.0,48.0,48.0,330.0,350.0,15.0,15.0,False,False,135.0,2.0,1.2,1.0,1.2,1.0,1.0,1.2,622.0,45.0,622.0,45.0,1,1,False,1,1,68.0,46.0,0.0,31.8,False,True,False,False,True,11,1,False,192.0,192.0,192.0,DISC,SPOKED,0,0,0.0,0.0,275.0,640.0,36.0,310.0,1
460.0,65.0,610.0,65.0,110.0,50.0,560.0,73.0,640.0,50.0,47.0,40.0,36.0,35.0,32.0,15.0,14.0,ALUMINIUM,32.0,52.0,48.0,335.0,355.0,16.0,18.0,False,False,140.0,2.1,1.3,1.1,1.3,1.1,1.1,1.3,622.0,50.0,622.0,50.0,1,0,False,1,3,70.0,50.0,0.0,34.0,False,True,False,False,True,12,2,False,180.0,180.0,180.0,SPOKED,DISC,0,0,0.0,0.0,290.0,660.0,38.0,320.0,1
420.0,60.0,600.0,68.0,85.0,45.0,540.0,74.0,670.0,44.0,45.0,37.0,35.0,33.0,30.0,13.0,12.0,ALUMINIUM,26.0,48.0,44.0,330.0,350.0,15.0,15.0,False,False,135.0,2.0,1.1,1.0,1.1,1.0,1.0,1.2,622.0,50.0,622.0,50.0,1,2,False,1,1,68.0,44.0,0.0,31.8,False,False,False,True,True,11,1,False,200.0,200.0,200.0,SPOKED,SPOKED,0,0,0.0,0.0,270.0,645.0,36.0,305.0,1
455.0,58.0,615.0,67.0,95.0,48.0,555.0,73.0,660.0,46.0,46.0,38.0,36.0,34.0,32.0,14.0,14.0,ALUMINIUM,28.0,50.0,46.0,332.0,352.0,16.0,16.0,False,False,135.0,2.0,1.2,1.1,1.2,1.0,1.0,1.3,622.0,50.0,622.0,50.0,1,1,False,1,1,68.0,48.0,0.0,33.0,True,False,False,False,True,12,1,False,190.0,190.0,190.0,DISC,DISC,0,0,0.0,0.0,285.0,655.0,36.0,315.0,1
475.0,62.0,630.0,66.0,105.0,52.0,570.0,73.0,680.0,48.0,47.0,40.0,36.0,36.0,34.0,15.0,15.0,ALUMINIUM,30.0,52.0,48.0,335.0,355.0,20.0,18.0,True,False,135.0,2.1,1.2,1.1,1.2,1.1,1.1,1.3,622.0,50.0,622.0,50.0,1,1,False,1,1,68.0,50.0,0.0,34.0,False,True,True,False,True,10,1,False,210.0,210.0,210.0,SPOKED,DISC,0,0,0.0,0.0,295.0,660.0,38.0,330.0,1
430.0,59.0,605.0,69.0,88.0,46.0,545.0,74.0,655.0,44.0,45.0,36.0,34.0,33.0,31.0,13.0,13.0,ALUMINIUM,27.0,49.0,44.0,330.0,350.0,15.0,15.0,False,False,135.0,2.0,1.1,1.0,1.1,1.0,1.0,1.2,622.0,48.0,622.0,48.0,1,2,False,1,1,68.0,44.0,0.0,32.0,False,False,False,False,True,11,2,False,185.0,185.0,185.0,SPOKED,TRISPOKE,0,1,0.0,60.0,265.0,645.0,35.0,300.0,1
445.0,61.0,620.0,66.0,95.0,48.0,555.0,73.0,660.0,47.0,46.0,38.0,36.0,35.0,32.0,14.0,14.0,ALUMINIUM,29.0,51.0,47.0,332.0,352.0,16.0,16.0,False,False,135.0,2.0,1.2,1.1,1.2,1.0,1.0,1.3,622.0,50.0,622.0,50.0,1,1,False,1,1,68.0,47.0,0.0,33.0,True,True,False,False,True,12,1,False,175.0,175.0,175.0,DISC,DISC,0,0,0.0,0.0,285.0,655.0,36.0,320.0,1
460.0,57.0,610.0,68.0,92.0,47.0,545.0,74.0,665.0,46.0,45.0,37.0,34.0,34.0,31.0,13.0,13.0,ALUMINIUM,30.0,50.0,45.0,330.0,350.0,15.0,15.0,False,False,135.0,2.0,1.1,1.0,1.1,1.0,1.0,1.2,622.0,47.0,622.0,47.0,1,0,False,1,1,68.0,45.0,0.0,32.0,False,False,False,False,True,10,1,True,200.0,200.0,200.0,SPOKED,DISC,0,0,0.0,0.0,280.0,650.0,36.0,310.0,1
435.0,63.0,625.0,67.0,98.0,49.0,558.0,73.0,652.0,45.0,46.0,38.0,36.0,35.0,32.0,14.0,14.0,ALUMINIUM,29.0,52.0,49.0,333.0,353.0,16.0,16.0,False,False,135.0,2.0,1.2,1.1,1.2,1.0,1.0,1.3,622.0,50.0,622.0,50.0,1,1,False,1,1,68.0,46.0,0.0,33.0,True,False,False,False,True,11,1,False,195.0,195.0,195.0,SPOKED,SPOKED,0,0,0.0,0.0,290.0,660.0,36.0,320.0,1
440.0,70.0,620.0,67.0,110.0,50.0,500.0,73.0,650.0,50.0,40.0,30.0,35.0,30.0,30.0,13.0,15.0,ALUMINIUM,20.0,35.0,20.0,330.0,350.0,16.0,18.0,True,False,135.0,2.0,0.9,1.1,0.9,1.2,1.0,0.9,700.0,38.0,700.0,38.0,1,1,False,1,1,68.0,34.0,0.0,35.0,False,False,False,False,True,11,1,False,192.0,192.0,192.0,SPOKED,SPOKED,0,0,0.0,0.0,280.0,280.0,35.0,300.0,1
450.0,65.0,630.0,66.5,120.0,52.0,510.0,72.5,660.0,48.0,40.0,32.0,36.0,30.0,31.0,13.0,16.0,ALUMINIUM,22.0,36.0,22.0,335.0,345.0,16.0,18.0,True,False,142.0,2.2,1.0,1.2,1.0,1.2,1.0,1.0,700.0,42.0,700.0,42.0,1,0,False,1,1,73.0,36.0,0.0,36.0,False,False,False,False,True,12,1,False,200.0,200.0,200.0,SPOKED,SPOKED,0,0,0.0,0.0,290.0,285.0,36.0,305.0,1
430.0,70.0,615.0,68.0,100.0,48.0,480.0,74.0,640.0,52.0,40.0,29.0,34.0,29.0,29.0,12.0,14.0,ALUMINIUM,18.0,34.0,18.0,328.0,348.0,15.0,18.0,False,False,135.0,2.0,0.8,1.0,0.8,1.0,0.9,0.8,700.0,35.0,700.0,35.0,1,2,False,1,1,68.0,34.0,0.0,34.0,False,False,False,False,True,11,2,False,180.0,180.0,180.0,SPOKED,SPOKED,0,0,0.0,0.0,275.0,282.0,34.0,290.0,1
455.0,68.0,625.0,67.5,115.0,50.0,505.0,73.5,655.0,50.0,40.0,31.0,35.0,30.0,30.0,13.5,15.5,ALUMINIUM,21.0,35.5,21.0,332.0,352.0,16.5,18.0,True,False,142.0,2.1,0.9,1.1,0.9,1.2,1.1,0.9,700.0,40.0,700.0,40.0,1,1,False,1,1,73.0,36.0,0.0,36.0,False,False,False,False,True,10,1,False,170.0,170.0,170.0,SPOKED,SPOKED,0,0,0.0,0.0,285.0,290.0,35.0,295.0,1
445.0,72.0,635.0,66.0,106.0,49.0,515.0,72.0,648.0,49.0,40.0,30.5,35.5,30.5,30.5,13.0,15.0,ALUMINIUM,20.5,35.0,20.5,331.0,351.0,16.0,18.5,False,False,135.0,2.0,1.0,1.0,1.0,1.0,1.0,1.0,700.0,38.0,700.0,38.0,1,0,False,1,1,68.0,35.0,0.0,35.0,False,False,False,False,True,12,2,False,220.0,220.0,220.0,SPOKED,SPOKED,0,0,0.0,0.0,275.0,278.0,35.5,298.0,1
460.0,68.0,640.0,67.0,108.0,51.0,520.0,73.0,655.0,51.0,40.0,32.0,36.0,31.0,31.0,14.0,16.0,ALUMINIUM,21.0,36.0,21.0,333.0,353.0,16.5,18.5,True,False,142.0,2.2,1.1,1.2,1.1,1.2,1.1,1.1,700.0,40.0,700.0,40.0,1,2,False,1,1,73.0,37.0,0.0,37.0,False,False,False,False,True,11,1,False,150.0,150.0,150.0,SPOKED,SPOKED,0,0,0.0,0.0,290.0,285.0,36.0,300.0,1
435.0,70.0,610.0,68.5,102.0,49.0,490.0,74.5,645.0,50.0,40.0,30.0,35.0,30.0,29.5,13.0,15.0,ALUMINIUM,19.0,33.0,19.0,329.0,349.0,15.5,18.0,False,False,135.0,2.0,0.9,1.1,0.9,1.1,1.0,0.9,700.0,37.0,700.0,37.0,1,1,False,1,1,68.0,34.0,0.0,34.0,False,False,False,False,True,10,2,False,190.0,190.0,190.0,SPOKED,SPOKED,0,0,0.0,0.0,270.0,280.0,35.0,295.0,1
442.0,67.0,628.0,67.2,112.0,51.0,510.0,73.2,652.0,49.5,40.0,31.5,35.5,31.0,30.0,13.0,15.0,ALUMINIUM,20.0,35.0,20.0,332.0,352.0,16.0,18.0,True,False,142.0,2.1,0.9,1.2,0.9,1.2,1.0,0.9,700.0,39.0,700.0,39.0,1,0,False,1,1,68.0,36.0,0.0,36.0,False,False,False,False,True,11,1,False,205.0,205.0,205.0,SPOKED,SPOKED,0,0,0.0,0.0,288.0,283.0,35.5,298.0,1
438.0,69.0,618.0,67.8,105.0,50.0,495.0,73.8,648.0,50.5,40.0,30.8,35.2,30.2,29.8,13.2,15.2,ALUMINIUM,20.8,35.2,20.8,331.2,351.2,16.2,18.2,False,False,135.0,2.0,0.9,1.1,0.9,1.1,1.0,0.9,700.0,37.5,700.0,37.5,1,1,False,1,1,68.0,35.5,0.0,35.5,False,False,False,False,True,12,1,False,175.0,175.0,175.0,SPOKED,SPOKED,0,0,0.0,0.0,282.0,279.0,35.0,290.0,1
446.0,70.0,622.0,67.3,110.0,50.5,505.0,73.3,652.0,49.0,40.0,31.0,35.0,30.0,30.0,13.0,15.0,ALUMINIUM,21.0,35.0,21.0,332.0,352.0,16.0,18.0,True,False,142.0,2.1,1.0,1.1,1.0,1.1,1.0,1.0,700.0,38.0,700.0,38.0,1,1,False,1,1,68.0,36.0,0.0,36.0,False,False,False,False,True,11,1,False,195.0,195.0,195.0,SPOKED,SPOKED,0,0,0.0,0.0,284.0,284.0,35.0,300.0,1
420.0,65.0,580.0,66.0,90.0,45.0,550.0,74.0,660.0,50.0,45.0,30.0,35.0,34.0,25.0,15.0,15.0,ALUMINIUM,40.0,40.0,40.0,330.0,350.0,16.0,18.0,False,False,135.0,2.0,0.9,1.1,0.9,1.2,1.0,0.9,685.0,50.0,685.0,50.0,1,1,False,1,1,68.0,40.0,0.0,40.0,False,False,False,False,True,11,1,False,200.0,200.0,200.0,SPOKED,SPOKED,0,0,1.0,1.0,280.0,720.0,35.0,300.0,1
430.0,60.0,600.0,65.0,100.0,45.0,560.0,73.5,700.0,52.0,45.0,32.0,36.0,34.5,26.0,14.0,16.0,ALUMINIUM,45.0,42.0,42.0,330.0,350.0,16.0,18.0,False,False,145.0,2.0,1.0,1.2,1.0,1.3,1.1,1.0,690.0,55.0,690.0,55.0,1,0,False,1,2,70.0,45.0,0.0,42.0,False,False,False,False,True,12,1,False,198.0,198.0,198.0,SPOKED,SPOKED,0,0,1.0,1.0,285.0,730.0,38.0,320.0,2
415.0,70.0,620.0,67.0,95.0,45.0,545.0,74.5,680.0,48.0,47.0,34.0,37.0,35.0,27.0,15.5,15.0,ALUMINIUM,50.0,43.0,38.0,330.0,350.0,16.0,18.0,False,False,142.0,2.0,0.8,1.0,0.8,1.2,1.0,0.9,675.0,60.0,675.0,60.0,1,2,False,1,1,68.0,42.0,0.0,38.0,False,False,False,False,True,10,2,False,210.0,210.0,210.0,SPOKED,SPOKED,0,0,1.0,1.0,290.0,740.0,40.0,310.0,1
425.0,55.0,640.0,66.5,105.0,45.0,580.0,73.0,720.0,55.0,45.0,33.0,38.0,36.0,26.0,16.0,16.0,ALUMINIUM,42.0,45.0,45.0,330.0,350.0,16.0,18.0,False,False,135.0,2.0,0.9,1.1,0.9,1.2,1.0,1.0,680.0,45.0,680.0,45.0,1,1,False,1,2,69.0,44.0,0.0,42.0,False,False,False,False,True,11,1,False,195.0,195.0,195.0,SPOKED,SPOKED,0,0,1.0,1.0,275.0,725.0,37.0,305.0,2
440.0,68.0,610.0,65.5,98.0,45.0,565.0,74.0,710.0,53.0,46.0,32.0,36.0,34.0,26.5,15.0,17.0,ALUMINIUM,48.0,44.0,42.0,330.0,350.0,16.0,18.0,False,False,138.0,2.0,1.0,1.2,1.0,1.3,1.0,0.9,695.0,52.0,695.0,52.0,1,0,False,1,1,70.0,40.0,0.0,41.0,False,False,False,False,True,12,1,False,205.0,205.0,205.0,SPOKED,SPOKED,0,0,1.0,1.0,280.0,735.0,39.0,315.0,1
410.0,72.0,570.0,67.0,92.0,45.0,540.0,75.0,690.0,49.0,45.0,31.0,35.0,34.0,25.0,15.0,15.0,ALUMINIUM,46.0,41.0,41.0,330.0,350.0,16.0,18.0,False,False,140.0,2.0,0.9,1.1,0.9,1.2,1.0,0.9,665.0,58.0,665.0,58.0,1,2,False,1,2,68.0,43.0,0.0,39.0,False,False,False,False,True,10,2,False,190.0,190.0,190.0,SPOKED,SPOKED,0,0,1.0,1.0,295.0,710.0,36.0,300.0,2
435.0,60.0,650.0,65.0,110.0,45.0,590.0,73.5,750.0,54.0,46.0,35.0,38.0,35.0,27.0,15.0,16.0,ALUMINIUM,52.0,48.0,40.0,330.0,350.0,16.0,18.0,False,False,145.0,2.0,1.0,1.2,1.0,1.3,1.0,1.0,700.0,50.0,700.0,50.0,1,1,False,1,1,69.0,45.0,0.0,43.0,False,False,False,False,True,11,1,False,200.0,200.0,200.0,SPOKED,SPOKED,0,0,1.0,1.0,280.0,760.0,42.0,330.0,1
405.0,66.0,630.0,66.0,100.0,45.0,555.0,74.0,715.0,51.0,45.0,32.0,36.0,34.0,26.0,15.0,15.0,ALUMINIUM,44.0,43.0,43.0,330.0,350.0,16.0,18.0,False,False,137.0,2.0,0.9,1.1,0.9,1.2,1.0,0.9,690.0,57.0,690.0,57.0,1,0,False,1,2,70.0,42.0,0.0,40.0,False,False,False,False,True,12,1,False,195.0,195.0,195.0,SPOKED,SPOKED,0,0,1.0,1.0,288.0,745.0,38.0,320.0,2
450.0,58.0,555.0,68.0,85.0,45.0,530.0,75.0,650.0,50.0,45.0,36.0,39.0,36.0,28.0,15.0,14.0,ALUMINIUM,38.0,40.0,48.0,330.0,350.0,16.0,18.0,False,False,140.0,2.0,1.0,1.2,1.0,1.2,1.0,0.9,680.0,54.0,680.0,54.0,1,2,False,1,1,68.0,43.0,0.0,41.0,False,False,False,False,True,11,1,False,205.0,205.0,205.0,SPOKED,SPOKED,0,0,1.0,1.0,295.0,705.0,37.0,300.0,1
412.0,64.0,625.0,67.5,102.0,45.0,575.0,73.0,730.0,53.0,46.0,34.0,37.0,35.0,27.0,15.0,16.0,ALUMINIUM,47.0,46.0,43.0,330.0,350.0,16.0,18.0,False,False,136.0,2.0,0.9,1.1,0.9,1.2,1.0,1.0,695.0,53.0,695.0,53.0,1,1,False,1,2,69.0,44.0,0.0,42.0,False,False,False,False,True,12,1,False,192.0,192.0,192.0,SPOKED,SPOKED,0,0,1.0,1.0,280.0,755.0,41.0,340.0,2
365.0,70.0,620.0,67.0,120.0,45.0,500.0,73.0,660.0,45.0,40.0,25.4,30.0,25.0,20.0,13.0,15.0,ALUMINIUM,30.0,40.0,30.0,0.0,0.0,0.0,0.0,False,False,135.0,2.5,1.0,1.2,1.1,1.0,1.0,1.3,700.0,50.0,700.0,50.0,1,1,False,1,1,68.0,35.0,0.0,35.0,False,False,False,False,True,11,1,False,192.0,192.0,192.0,SPOKED,SPOKED,0,0,0.0,0.0,280.0,730.0,30.0,300.0,1
380.0,65.0,630.0,66.5,130.0,45.0,510.0,73.0,650.0,45.0,40.0,25.4,30.0,25.0,20.0,13.0,15.0,ALUMINIUM,30.0,40.0,30.0,0.0,0.0,0.0,0.0,False,False,142.0,2.5,1.0,1.2,1.1,1.0,1.0,1.3,700.0,50.0,700.0,50.0,1,1,False,1,1,68.0,35.0,0.0,35.0,False,False,False,False,True,11,1,False,192.0,192.0,192.0,SPOKED,SPOKED,0,0,0.0,0.0,280.0,730.0,30.0,300.0,1
400.0,75.0,640.0,68.0,115.0,45.0,520.0,73.0,670.0,45.0,40.0,25.4,30.0,25.0,20.0,13.0,15.0,ALUMINIUM,30.0,40.0,30.0,0.0,0.0,0.0,0.0,False,False,135.0,2.5,1.0,1.2,1.1,1.0,1.0,1.3,700.0,50.0,700.0,50.0,1,1,False,1,1,68.0,35.0,0.0,35.0,False,False,False,False,True,11,1,False,192.0,192.0,192.0,SPOKED,SPOKED,0,0,0.0,0.0,280.0,730.0,30.0,300.0,1
370.0,60.0,630.0,67.0,120.0,45.0,520.0,73.0,660.0,45.0,40.0,25.4,30.0,25.0,20.0,13.0,15.0,ALUMINIUM,30.0,40.0,30.0,0.0,0.0,0.0,0.0,False,False,142.0,2.5,1.0,1.2,1.1,1.0,1.0,1.3,700.0,50.0,700.0,50.0,1,1,False,1,1,68.0,35.0,0.0,35.0,False,False,False,False,True,11,1,False,192.0,192.0,192.0,SPOKED,SPOKED,0,0,0.0,0.0,280.0,730.0,30.0,300.0,1
390.0,70.0,610.0,66.0,110.0,45.0,490.0,73.0,640.0,45.0,40.0,25.4,30.0,25.0,20.0,13.0,15.0,ALUMINIUM,30.0,40.0,30.0,0.0,0.0,0.0,0.0,False,False,135.0,2.5,1.0,1.2,1.1,1.0,1.0,1.3,700.0,50.0,700.0,50.0,1,1,False,1,1,68.0,35.0,0.0,35.0,False,False,False,False,True,11,1,False,192.0,192.0,192.0,SPOKED,SPOKED,0,0,0.0,0.0,280.0,730.0,30.0,300.0,1
410.0,72.0,650.0,67.5,125.0,45.0,510.0,73.0,680.0,45.0,40.0,25.4,30.0,25.0,20.0,13.0,15.0,ALUMINIUM,30.0,40.0,30.0,0.0,0.0,0.0,0.0,False,False,142.0,2.5,1.0,1.2,1.1,1.0,1.0,1.3,700.0,50.0,700.0,50.0,1,1,False,1,1,68.0,35.0,0.0,35.0,False,False,False,False,True,11,1,False,192.0,192.0,192.0,SPOKED,SPOKED,0,0,0.0,0.0,280.0,730.0,30.0,300.0,1
360.0,68.0,620.0,66.8,118.0,45.0,500.0,73.0,655.0,45.0,40.0,25.4,30.0,25.0,20.0,13.0,15.0,ALUMINIUM,30.0,40.0,30.0,0.0,0.0,0.0,0.0,False,False,135.0,2.5,1.0,1.2,1.1,1.0,1.0,1.3,700.0,50.0,700.0,50.0,1,1,False,1,1,68.0,35.0,0.0,35.0,False,False,False,False,True,11,1,False,192.0,192.0,192.0,SPOKED,SPOKED,0,0,0.0,0.0,280.0,730.0,30.0,300.0,1
385.0,73.0,635.0,67.2,122.0,45.0,495.0,73.0,665.0,45.0,40.0,25.4,30.0,25.0,20.0,13.0,15.0,ALUMINIUM,30.0,40.0,30.0,0.0,0.0,0.0,0.0,False,False,142.0,2.5,1.0,1.2,1.1,1.0,1.0,1.3,700.0,50.0,700.0,50.0,1,1,False,1,1,68.0,35.0,0.0,35.0,False,False,False,False,True,11,1,False,192.0,192.0,192.0,SPOKED,SPOKED,0,0,0.0,0.0,280.0,730.0,30.0,300.0,1
395.0,62.0,645.0,67.6,128.0,45.0,505.0,73.0,675.0,45.0,40.0,25.4,30.0,25.0,20.0,13.0,15.0,ALUMINIUM,30.0,40.0,30.0,0.0,0.0,0.0,0.0,False,False,135.0,2.5,1.0,1.2,1.1,1.0,1.0,1.3,700.0,50.0,700.0,50.0,1,1,False,1,1,68.0,35.0,0.0,35.0,False,False,False,False,True,11,1,False,192.0,192.0,192.0,SPOKED,SPOKED,0,0,0.0,0.0,280.0,730.0,30.0,300.0,1
405.0,69.0,655.0,66.3,117.0,45.0,515.0,73.0,660.0,45.0,40.0,25.4,30.0,25.0,20.0,13.0,15.0,ALUMINIUM,30.0,40.0,30.0,0.0,0.0,0.0,0.0,False,False,142.0,2.5,1.0,1.2,1.1,1.0,1.0,1.3,700.0,50.0,700.0,50.0,1,1,False,1,1,68.0,35.0,0.0,35.0,False,False,False,False,True,11,1,False,192.0,192.0,192.0,SPOKED,SPOKED,0,0,0.0,0.0,280.0,730.0,30.0,300.0,1
430.0,45.0,610.0,68.0,120.0,45.0,500.0,73.0,650.0,45.0,45.0,30.0,35.0,28.0,25.0,13.0,15.0,ALUMINIUM,30.0,40.0,30.0,330.0,350.0,16.0,18.0,False,False,142.0,2.0,0.9,1.1,0.9,1.2,1.0,0.9,736.0,50.0,736.0,50.0,1,1,False,1,1,68.0,45.0,0.0,31.6,True,False,False,False,True,12,1,False,192.0,192.0,192.0,SPOKED,SPOKED,0,0,80.0,80.0,250.0,780.0,35.0,300.0,1
435.0,50.0,620.0,69.0,130.0,45.0,520.0,73.0,660.0,45.0,45.0,30.0,35.0,28.0,25.0,13.0,15.0,ALUMINIUM,35.0,45.0,35.0,330.0,350.0,16.0,18.0,False,False,142.0,2.0,0.9,1.1,0.9,1.2,1.0,0.9,736.0,50.0,736.0,50.0,1,1,False,1,1,68.0,45.0,0.0,31.6,False,False,False,False,True,11,2,False,192.0,192.0,192.0,SPOKED,SPOKED,0,0,80.0,80.0,250.0,790.0,35.0,320.0,1
440.0,40.0,600.0,67.0,110.0,45.0,480.0,73.0,640.0,45.0,45.0,30.0,35.0,28.0,25.0,13.0,15.0,ALUMINIUM,40.0,50.0,32.0,330.0,350.0,16.0,18.0,False,False,142.0,2.0,0.9,1.1,0.9,1.2,1.0,0.9,736.0,50.0,736.0,50.0,1,1,False,1,1,68.0,45.0,0.0,31.6,True,False,False,False,True,12,1,False,192.0,192.0,192.0,SPOKED,SPOKED,0,0,80.0,80.0,250.0,770.0,35.0,310.0,1
450.0,48.0,630.0,66.0,140.0,45.0,510.0,73.0,670.0,45.0,45.0,30.0,35.0,28.0,25.0,13.0,15.0,ALUMINIUM,45.0,42.0,28.0,330.0,350.0,16.0,18.0,False,False,142.0,2.0,0.9,1.1,0.9,1.2,1.0,0.9,736.0,50.0,736.0,50.0,1,1,False,1,1,68.0,45.0,0.0,31.6,False,False,False,False,True,10,1,False,192.0,192.0,192.0,SPOKED,SPOKED,0,0,80.0,80.0,250.0,800.0,35.0,330.0,1
425.0,42.0,605.0,68.0,125.0,45.0,495.0,73.0,655.0,45.0,45.0,30.0,35.0,28.0,25.0,13.0,15.0,ALUMINIUM,32.0,38.0,30.0,330.0,350.0,16.0,18.0,False,False,142.0,2.0,0.9,1.1,0.9,1.2,1.0,0.9,736.0,50.0,736.0,50.0,1,1,False,1,1,68.0,45.0,0.0,31.6,True,False,False,False,True,11,2,False,192.0,192.0,192.0,SPOKED,SPOKED,0,0,80.0,80.0,250.0,760.0,35.0,340.0,1
460.0,46.0,640.0,67.0,135.0,45.0,530.0,73.0,680.0,45.0,45.0,30.0,35.0,28.0,25.0,13.0,15.0,ALUMINIUM,38.0,44.0,34.0,330.0,350.0,16.0,18.0,False,False,142.0,2.0,0.9,1.1,0.9,1.2,1.0,0.9,736.0,50.0,736.0,50.0,1,1,False,1,1,68.0,45.0,0.0,31.6,False,False,False,False,True,12,1,False,192.0,192.0,192.0,SPOKED,SPOKED,0,0,80.0,80.0,250.0,795.0,35.0,305.0,1
420.0,44.0,615.0,69.0,115.0,45.0,505.0,73.0,645.0,45.0,45.0,30.0,35.0,28.0,25.0,13.0,15.0,ALUMINIUM,28.0,41.0,36.0,330.0,350.0,16.0,18.0,False,False,142.0,2.0,0.9,1.1,0.9,1.2,1.0,0.9,736.0,50.0,736.0,50.0,1,1,False,1,1,68.0,45.0,0.0,31.6,True,False,False,False,True,10,2,False,192.0,192.0,192.0,SPOKED,SPOKED,0,0,80.0,80.0,250.0,765.0,35.0,350.0,1
445.0,47.0,625.0,68.0,128.0,45.0,515.0,73.0,660.0,45.0,45.0,30.0,35.0,28.0,25.0,13.0,15.0,ALUMINIUM,36.0,43.0,33.0,330.0,350.0,16.0,18.0,False,False,142.0,2.0,0.9,1.1,0.9,1.2,1.0,0.9,736.0,50.0,736.0,50.0,1,1,False,1,1,68.0,45.0,0.0,31.6,False,False,False,False,True,11,1,False,192.0,192.0,192.0,SPOKED,SPOKED,0,0,80.0,80.0,250.0,785.0,35.0,315.0,1
435.0,43.0,618.0,70.0,122.0,45.0,490.0,73.0,652.0,45.0,45.0,30.0,35.0,28.0,25.0,13.0,15.0,ALUMINIUM,34.0,40.0,31.0,330.0,350.0,16.0,18.0,False,False,142.0,2.0,0.9,1.1,0.9,1.2,1.0,0.9,736.0,50.0,736.0,50.0,1,1,False,1,1,68.0,45.0,0.0,31.6,True,False,False,False,True,12,2,False,192.0,192.0,192.0,SPOKED,SPOKED,0,0,80.0,80.0,250.0,775.0,35.0,325.0,1
455.0,49.0,650.0,66.0,145.0,45.0,525.0,73.0,690.0,45.0,45.0,30.0,35.0,28.0,25.0,13.0,15.0,ALUMINIUM,50.0,46.0,37.0,330.0,350.0,16.0,18.0,False,False,142.0,2.0,0.9,1.1,0.9,1.2,1.0,0.9,736.0,50.0,736.0,50.0,1,1,False,1,1,68.0,45.0,0.0,31.6,False,False,False,False,True,11,1,False,192.0,192.0,192.0,SPOKED,SPOKED,0,0,80.0,80.0,250.0,805.0,35.0,345.0,1
420.0,65.0,620.0,67.0,120.0,45.0,550.0,73.0,640.0,45.0,40.0,27.0,32.0,30.0,25.0,15.0,16.0,ALUMINIUM,35.0,60.0,50.0,330.0,350.0,16.0,18.0,False,False,135.0,2.0,0.9,1.1,0.9,1.2,1.0,0.9,674.0,50.0,674.0,50.0,1,1,False,1,1,68.0,44.0,0.0,34.0,False,False,False,False,True,12,1,False,192.0,192.0,192.0,SPOKED,SPOKED,1,1,80.0,80.0,280.0,730.0,34.9,350.0,1
425.0,60.0,610.0,66.5,110.0,40.0,540.0,74.0,650.0,46.0,42.0,26.0,33.0,29.0,26.0,15.0,17.0,ALUMINIUM,40.0,58.0,45.0,330.0,350.0,15.0,18.0,False,False,135.0,2.0,0.9,1.1,0.9,1.2,1.0,0.9,674.0,52.0,674.0,52.0,1,0,False,1,1,70.0,42.0,0.0,34.0,True,False,False,False,True,11,2,False,192.0,192.0,192.0,SPOKED,SPOKED,1,1,80.0,80.0,270.0,720.0,34.0,360.0,1
430.0,55.0,600.0,68.0,130.0,48.0,560.0,73.5,635.0,44.0,41.0,28.0,31.0,32.0,24.0,14.0,15.0,ALUMINIUM,38.0,62.0,55.0,330.0,350.0,16.0,17.0,False,False,140.0,2.1,0.8,1.2,1.0,1.3,1.1,0.85,660.0,48.0,660.0,48.0,1,2,False,1,1,66.0,45.0,0.0,35.0,False,True,False,False,True,10,1,False,192.0,192.0,192.0,SPOKED,SPOKED,1,1,80.0,80.0,275.0,725.0,36.0,340.0,1
415.0,70.0,630.0,65.0,100.0,42.0,520.0,72.5,645.0,47.0,39.0,25.0,30.0,28.0,27.0,16.0,18.0,ALUMINIUM,30.0,55.0,40.0,330.0,350.0,14.0,15.0,False,False,135.0,1.8,0.9,1.1,0.9,1.2,1.0,0.9,680.0,55.0,680.0,55.0,1,1,False,1,1,68.0,40.0,0.0,32.0,False,True,False,False,True,9,2,False,192.0,192.0,192.0,SPOKED,SPOKED,1,1,80.0,80.0,265.0,715.0,33.0,330.0,1
438.0,58.0,605.0,67.5,140.0,50.0,580.0,73.0,630.0,43.0,42.0,26.5,34.0,31.0,25.0,15.0,16.0,ALUMINIUM,45.0,65.0,60.0,330.0,350.0,16.0,18.0,False,False,145.0,2.0,0.9,1.2,0.9,1.3,1.1,0.9,674.0,50.0,674.0,50.0,1,0,False,1,1,67.0,46.0,0.0,36.0,True,True,False,False,True,12,1,False,192.0,192.0,192.0,SPOKED,SPOKED,1,1,80.0,80.0,290.0,740.0,35.0,380.0,1
422.0,62.0,615.0,66.8,115.0,46.0,560.0,74.0,648.0,46.5,40.0,27.0,33.5,30.5,24.5,14.5,17.5,ALUMINIUM,36.5,59.0,42.0,330.0,350.0,15.5,17.0,False,False,130.0,1.9,0.95,1.05,0.95,1.15,1.05,0.88,670.0,52.0,670.0,52.0,1,2,False,1,1,69.0,43.0,0.0,34.5,False,False,False,True,True,11,2,False,192.0,192.0,192.0,SPOKED,SPOKED,1,1,80.0,80.0,265.0,720.0,34.5,355.0,1
426.0,57.0,608.0,68.2,125.0,47.0,550.0,73.2,638.0,44.5,41.0,26.2,32.2,30.2,25.2,15.2,16.2,ALUMINIUM,33.3,61.1,48.6,330.0,350.0,16.2,17.3,False,False,140.0,2.0,0.9,1.1,0.9,1.2,1.0,0.9,672.0,51.0,672.0,51.0,1,1,False,1,1,68.0,44.0,0.0,34.2,True,False,False,False,True,10,1,False,192.0,192.0,192.0,SPOKED,SPOKED,1,1,80.0,80.0,278.0,735.0,33.8,365.0,1
432.0,59.0,622.0,65.5,118.0,44.0,570.0,72.8,642.0,45.2,39.5,26.8,33.2,29.8,25.8,15.8,16.8,ALUMINIUM,37.5,63.0,50.0,330.0,350.0,15.0,18.0,False,False,133.0,1.85,0.92,1.08,0.92,1.18,1.02,0.92,676.0,53.0,676.0,53.0,1,0,False,1,1,68.0,45.0,0.0,35.5,True,True,False,False,True,12,2,False,192.0,192.0,192.0,SPOKED,SPOKED,1,1,80.0,80.0,272.0,728.0,34.2,345.0,1
440.0,53.0,602.0,69.0,135.0,49.0,590.0,73.7,632.0,44.8,40.5,27.5,34.5,31.5,26.5,14.5,15.5,ALUMINIUM,42.5,67.0,57.5,330.0,350.0,16.5,18.5,False,False,138.0,2.05,0.87,1.15,0.87,1.25,1.07,0.93,670.0,50.0,670.0,50.0,1,1,False,1,1,69.0,46.5,0.0,36.0,False,True,False,True,True,11,1,False,192.0,192.0,192.0,SPOKED,SPOKED,1,1,80.0,80.0,285.0,740.0,35.0,370.0,1
418.0,61.0,618.0,66.0,128.0,46.5,565.0,74.3,647.0,45.6,41.2,26.4,32.8,29.9,25.1,15.9,17.1,ALUMINIUM,39.0,60.0,52.0,330.0,350.0,15.8,17.0,False,False,132.0,1.95,0.93,1.02,0.93,1.17,1.04,0.89,668.0,52.0,668.0,52.0,1,2,False,1,1,68.0,43.5,0.0,34.8,True,False,False,False,True,10,2,False,192.0,192.0,192.0,SPOKED,SPOKED,1,1,80.0,80.0,268.0,722.0,33.6,358.0,1
450.0,30.0,550.0,68.0,120.0,45.0,540.0,74.0,650.0,45.0,45.0,30.0,36.5,28.0,23.0,15.0,15.0,ALUMINIUM,35.0,40.0,30.0,0.0,0.0,0.0,0.0,False,False,135.0,2.0,1.0,1.1,1.0,1.0,1.0,1.0,740.0,118.0,740.0,118.0,1,0,False,1,1,68.0,45.0,0.0,31.8,False,False,False,False,True,11,1,False,192.0,192.0,192.0,SPOKED,SPOKED,0,0,0.0,0.0,280.0,720.0,27.0,300.0,1
460.0,32.0,555.0,67.5,130.0,45.0,550.0,73.0,660.0,45.0,45.0,32.0,36.5,28.0,23.0,15.0,15.0,ALUMINIUM,38.0,42.0,32.0,0.0,0.0,0.0,0.0,False,False,135.0,2.0,1.0,1.1,1.0,1.0,1.0,1.0,742.0,120.0,742.0,120.0,1,1,False,1,1,68.0,46.0,0.0,31.8,False,False,False,False,True,11,1,False,192.0,192.0,192.0,SPOKED,SPOKED,0,0,0.0,0.0,282.0,725.0,27.0,310.0,1
455.0,31.0,548.0,68.5,110.0,45.0,545.0,74.5,655.0,45.0,45.0,31.0,36.5,28.0,23.0,15.0,15.0,ALUMINIUM,36.0,41.0,31.0,0.0,0.0,0.0,0.0,False,False,135.0,2.0,1.0,1.1,1.0,1.0,1.0,1.0,738.0,116.0,738.0,116.0,1,2,False,1,1,68.0,44.0,0.0,31.8,False,False,False,False,True,11,1,False,192.0,192.0,192.0,SPOKED,SPOKED,0,0,0.0,0.0,279.0,722.0,27.0,305.0,1
440.0,35.0,560.0,67.0,140.0,45.0,560.0,73.5,670.0,45.0,45.0,35.0,36.5,28.0,23.0,15.0,15.0,ALUMINIUM,40.0,45.0,35.0,0.0,0.0,0.0,0.0,False,False,135.0,2.0,1.0,1.1,1.0,1.0,1.0,1.0,745.0,125.0,745.0,125.0,1,0,False,1,1,68.0,48.0,0.0,31.8,False,False,False,False,True,11,1,False,192.0,192.0,192.0,SPOKED,SPOKED,0,0,0.0,0.0,285.0,730.0,27.0,315.0,1
465.0,30.0,545.0,69.0,115.0,45.0,535.0,72.5,640.0,45.0,45.0,30.0,36.5,28.0,23.0,15.0,15.0,ALUMINIUM,34.0,39.0,29.0,0.0,0.0,0.0,0.0,False,False,135.0,2.0,1.0,1.1,1.0,1.0,1.0,1.0,735.0,115.0,735.0,115.0,1,1,False,1,1,68.0,44.0,0.0,31.8,False,False,False,False,True,11,1,False,192.0,192.0,192.0,SPOKED,SPOKED,0,0,0.0,0.0,276.0,718.0,27.0,290.0,1
470.0,34.0,558.0,67.8,125.0,45.0,555.0,73.8,665.0,45.0,45.0,34.0,36.5,28.0,23.0,15.0,15.0,ALUMINIUM,39.0,43.0,33.0,0.0,0.0,0.0,0.0,False,False,135.0,2.0,1.0,1.1,1.0,1.0,1.0,1.0,742.0,122.0,742.0,122.0,1,2,False,1,1,68.0,47.0,0.0,31.8,False,False,False,False,True,11,1,False,192.0,192.0,192.0,SPOKED,SPOKED,0,0,0.0,0.0,284.0,740.0,27.0,320.0,1
455.0,33.0,552.0,68.2,118.0,45.0,548.0,74.2,652.0,45.0,45.0,33.0,36.5,28.0,23.0,15.0,15.0,ALUMINIUM,37.0,42.0,31.5,0.0,0.0,0.0,0.0,False,False,135.0,2.0,1.0,1.1,1.0,1.0,1.0,1.0,739.0,119.0,739.0,119.0,1,0,False,1,1,68.0,46.3,0.0,31.8,False,False,False,False,True,11,1,False,192.0,192.0,192.0,SPOKED,SPOKED,0,0,0.0,0.0,281.0,728.0,27.0,295.0,1
435.0,36.0,562.0,67.3,135.0,45.0,562.0,73.3,675.0,45.0,45.0,36.0,36.5,28.0,23.0,15.0,15.0,ALUMINIUM,42.0,46.0,36.0,0.0,0.0,0.0,0.0,False,False,135.0,2.0,1.0,1.1,1.0,1.0,1.0,1.0,747.0,127.0,747.0,127.0,1,1,False,1,1,68.0,50.0,0.0,31.8,False,False,False,False,True,11,1,False,192.0,192.0,192.0,SPOKED,SPOKED,0,0,0.0,0.0,288.0,735.0,27.0,330.0,1
445.0,31.5,548.5,68.7,112.0,45.0,542.5,74.7,658.0,45.0,45.0,31.5,36.5,28.0,23.0,15.0,15.0,ALUMINIUM,36.5,40.5,30.5,0.0,0.0,0.0,0.0,False,False,135.0,2.0,1.0,1.1,1.0,1.0,1.0,1.0,741.0,121.0,741.0,121.0,1,2,False,1,1,68.0,45.5,0.0,31.8,False,False,False,False,True,11,1,False,192.0,192.0,192.0,SPOKED,SPOKED,0,0,0.0,0.0,278.0,723.0,27.0,305.0,1
425.0,34.0,560.0,67.2,142.0,45.0,565.0,73.2,670.0,45.0,45.0,34.0,36.5,28.0,23.0,15.0,15.0,ALUMINIUM,43.0,47.0,34.0,0.0,0.0,0.0,0.0,False,False,135.0,2.0,1.0,1.1,1.0,1.0,1.0,1.0,743.0,122.0,743.0,122.0,1,1,False,1,1,68.0,48.0,0.0,31.8,False,False,False,False,True,11,1,False,192.0,192.0,192.0,SPOKED,SPOKED,0,0,0.0,0.0,290.0,735.0,27.0,325.0,1
430.0,60.0,580.0,69.0,120.0,45.0,450.0,73.0,650.0,45.0,40.0,25.4,36.5,28.0,28.0,13.0,15.0,ALUMINIUM,35.0,40.0,35.0,330.0,350.0,16.0,18.0,False,False,135.0,2.0,1.0,1.0,1.0,0.9,0.9,1.0,674.0,52.0,674.0,52.0,1,1,False,1,1,68.0,34.0,0.0,31.8,False,False,False,False,True,10,2,False,192.0,192.0,192.0,SPOKED,SPOKED,0,0,0.0,0.0,280.0,730.0,26.8,350.0,1
435.0,62.0,590.0,70.0,125.0,45.0,450.0,73.0,655.0,45.0,40.0,25.4,36.5,28.0,28.0,13.0,15.0,ALUMINIUM,36.0,42.0,34.0,330.0,350.0,16.0,18.0,False,False,135.0,2.0,1.0,1.0,1.0,0.9,0.9,1.0,674.0,52.0,674.0,52.0,1,1,False,1,1,68.0,34.0,0.0,31.8,False,False,False,False,True,10,2,False,192.0,192.0,192.0,SPOKED,SPOKED,0,0,0.0,0.0,280.0,735.0,26.8,360.0,1
440.0,64.0,600.0,69.0,130.0,45.0,450.0,73.0,660.0,45.0,40.0,25.4,36.5,28.0,28.0,13.0,15.0,ALUMINIUM,37.0,44.0,36.0,330.0,350.0,16.0,18.0,False,False,135.0,2.0,1.0,1.0,1.0,0.9,0.9,1.0,674.0,52.0,674.0,52.0,1,1,False,1,1,68.0,34.0,0.0,31.8,False,False,False,False,True,10,2,False,192.0,192.0,192.0,SPOKED,SPOKED,0,0,0.0,0.0,280.0,740.0,26.8,370.0,1
445.0,66.0,610.0,70.0,135.0,45.0,450.0,73.0,665.0,45.0,40.0,25.4,36.5,28.0,28.0,13.0,15.0,ALUMINIUM,38.0,46.0,35.0,330.0,350.0,16.0,18.0,False,False,135.0,2.0,1.0,1.0,1.0,0.9,0.9,1.0,674.0,52.0,674.0,52.0,1,1,False,1,1,68.0,34.0,0.0,31.8,False,False,False,False,True,10,2,False,192.0,192.0,192.0,SPOKED,SPOKED,0,0,0.0,0.0,280.0,745.0,26.8,380.0,1
450.0,68.0,620.0,69.0,140.0,45.0,450.0,73.0,670.0,45.0,40.0,25.4,36.5,28.0,28.0,13.0,15.0,ALUMINIUM,39.0,48.0,37.0,330.0,350.0,16.0,18.0,False,False,135.0,2.0,1.0,1.0,1.0,0.9,0.9,1.0,674.0,52.0,674.0,52.0,1,1,False,1,1,68.0,34.0,0.0,31.8,False,False,False,False,True,10,2,False,192.0,192.0,192.0,SPOKED,SPOKED,0,0,0.0,0.0,280.0,750.0,26.8,390.0,1
455.0,60.0,630.0,70.0,145.0,45.0,450.0,73.0,675.0,45.0,40.0,25.4,36.5,28.0,28.0,13.0,15.0,ALUMINIUM,40.0,50.0,38.0,330.0,350.0,16.0,18.0,False,False,135.0,2.0,1.0,1.0,1.0,0.9,0.9,1.0,674.0,52.0,674.0,52.0,1,1,False,1,1,68.0,34.0,0.0,31.8,False,False,False,False,True,10,2,False,192.0,192.0,192.0,SPOKED,SPOKED,0,0,0.0,0.0,280.0,755.0,26.8,400.0,1
460.0,62.0,640.0,69.0,150.0,45.0,450.0,73.0,680.0,45.0,40.0,25.4,36.5,28.0,28.0,13.0,15.0,ALUMINIUM,41.0,52.0,39.0,330.0,350.0,16.0,18.0,False,False,135.0,2.0,1.0,1.0,1.0,0.9,0.9,1.0,674.0,52.0,674.0,52.0,1,1,False,1,1,68.0,34.0,0.0,31.8,False,False,False,False,True,10,2,False,192.0,192.0,192.0,SPOKED,SPOKED,0,0,0.0,0.0,280.0,760.0,26.8,410.0,1
465.0,64.0,650.0,70.0,155.0,45.0,450.0,73.0,685.0,45.0,40.0,25.4,36.5,28.0,28.0,13.0,15.0,ALUMINIUM,42.0,54.0,40.0,330.0,350.0,16.0,18.0,False,False,135.0,2.0,1.0,1.0,1.0,0.9,0.9,1.0,674.0,52.0,674.0,52.0,1,1,False,1,1,68.0,34.0,0.0,31.8,False,False,False,False,True,10,2,False,192.0,192.0,192.0,SPOKED,SPOKED,0,0,0.0,0.0,280.0,765.0,26.8,420.0,1
470.0,66.0,660.0,69.0,160.0,45.0,450.0,73.0,690.0,45.0,40.0,25.4,36.5,28.0,28.0,13.0,15.0,ALUMINIUM,43.0,56.0,41.0,330.0,350.0,16.0,18.0,False,False,135.0,2.0,1.0,1.0,1.0,0.9,0.9,1.0,674.0,52.0,674.0,52.0,1,1,False,1,1,68.0,34.0,0.0,31.8,False,False,False,False,True,10,2,False,192.0,192.0,192.0,SPOKED,SPOKED,0,0,0.0,0.0,280.0,770.0,26.8,430.0,1
475.0,68.0,670.0,70.0,165.0,45.0,450.0,73.0,695.0,45.0,40.0,25.4,36.5,28.0,28.0,13.0,15.0,ALUMINIUM,44.0,58.0,42.0,330.0,350.0,16.0,18.0,False,False,135.0,2.0,1.0,1.0,1.0,0.9,0.9,1.0,674.0,52.0,674.0,52.0,1,1,False,1,1,68.0,34.0,0.0,31.8,False,False,False,False,True,10,2,False,192.0,192.0,192.0,SPOKED,SPOKED,0,0,0.0,0.0,280.0,775.0,26.8,440.0,1
430.0,57.0,575.0,68.0,130.0,45.0,555.0,74.0,630.0,45.0,45.0,27.0,36.5,36.5,23.35,15.0,9.0,ALUMINIUM,40.0,45.0,45.0,330.0,350.0,16.0,18.0,False,False,142.0,2.0,1.1,1.1,1.1,1.1,1.1,1.1,674.0,52.0,674.0,52.0,1,1,False,1,1,73.0,45.0,0.0,31.8,False,False,False,False,True,11,1,False,192.0,192.0,192.0,SPOKED,SPOKED,0,0,0.0,0.0,278.0,750.0,33.4,300.0,1
440.0,62.0,550.0,66.0,110.0,45.0,540.0,73.0,650.0,45.0,45.0,28.0,36.5,36.5,23.35,15.0,9.0,ALUMINIUM,50.0,40.0,35.0,330.0,350.0,16.0,18.0,False,False,142.0,2.0,1.1,1.1,1.1,1.1,1.1,1.1,674.0,52.0,674.0,52.0,1,1,False,1,1,73.0,45.0,0.0,31.8,False,False,False,False,True,11,1,False,192.0,192.0,192.0,SPOKED,SPOKED,0,0,0.0,0.0,278.0,750.0,33.4,300.0,1
420.0,58.0,580.0,69.0,140.0,45.0,560.0,74.5,620.0,45.0,45.0,28.0,36.5,36.5,23.35,15.0,9.0,ALUMINIUM,45.0,55.0,50.0,330.0,350.0,16.0,18.0,False,False,142.0,2.0,1.1,1.1,1.1,1.1,1.1,1.1,674.0,52.0,674.0,52.0,1,1,False,1,1,73.0,45.0,0.0,31.8,False,False,False,False,True,11,1,False,192.0,192.0,192.0,SPOKED,SPOKED,0,0,0.0,0.0,278.0,750.0,33.4,300.0,1
435.0,63.0,560.0,67.5,125.0,45.0,545.0,72.5,640.0,45.0,45.0,28.0,36.5,36.5,23.35,15.0,9.0,ALUMINIUM,30.0,60.0,40.0,330.0,350.0,16.0,18.0,False,False,142.0,2.0,1.1,1.1,1.1,1.1,1.1,1.1,674.0,52.0,674.0,52.0,1,1,False,1,1,73.0,45.0,0.0,31.8,False,False,False,False,True,11,1,False,192.0,192.0,192.0,SPOKED,SPOKED,0,0,0.0,0.0,278.0,750.0,33.4,300.0,1
425.0,55.0,590.0,66.5,115.0,45.0,555.0,73.8,630.0,45.0,45.0,28.0,36.5,36.5,23.35,15.0,9.0,ALUMINIUM,38.0,48.0,42.0,330.0,350.0,16.0,18.0,False,False,142.0,2.0,1.1,1.1,1.1,1.1,1.1,1.1,674.0,52.0,674.0,52.0,1,1,False,1,1,73.0,45.0,0.0,31.8,False,False,False,False,True,11,1,False,192.0,192.0,192.0,SPOKED,SPOKED,0,0,0.0,0.0,278.0,750.0,33.4,300.0,1
440.0,60.0,540.0,65.0,105.0,45.0,565.0,74.2,650.0,45.0,45.0,28.0,36.5,36.5,23.35,15.0,9.0,ALUMINIUM,43.0,53.0,47.0,330.0,350.0,16.0,18.0,False,False,142.0,2.0,1.1,1.1,1.1,1.1,1.1,1.1,674.0,52.0,674.0,52.0,1,1,False,1,1,73.0,45.0,0.0,31.8,False,False,False,False,True,11,1,False,192.0,192.0,192.0,SPOKED,SPOKED,0,0,0.0,0.0,278.0,750.0,33.4,300.0,1
430.0,58.0,565.0,68.5,135.0,45.0,558.0,73.3,635.0,45.0,45.0,28.0,36.5,36.5,23.35,15.0,9.0,ALUMINIUM,35.0,50.0,38.0,330.0,350.0,16.0,18.0,False,False,142.0,2.0,1.1,1.1,1.1,1.1,1.1,1.1,674.0,52.0,674.0,52.0,1,1,False,1,1,73.0,45.0,0.0,31.8,False,False,False,False,True,11,1,False,192.0,192.0,192.0,SPOKED,SPOKED,0,0,0.0,0.0,278.0,750.0,33.4,300.0,1
445.0,57.0,555.0,67.2,118.0,45.0,550.0,73.7,645.0,45.0,45.0,28.0,36.5,36.5,23.35,15.0,9.0,ALUMINIUM,42.0,46.0,44.0,330.0,350.0,16.0,18.0,False,False,142.0,2.0,1.1,1.1,1.1,1.1,1.1,1.1,674.0,52.0,674.0,52.0,1,1,False,1,1,73.0,45.0,0.0,31.8,False,False,False,False,True,11,1,False,192.0,192.0,192.0,SPOKED,SPOKED,0,0,0.0,0.0,278.0,750.0,33.4,300.0,1
415.0,62.0,575.0,66.8,122.0,45.0,547.0,73.1,638.0,45.0,45.0,28.0,36.5,36.5,23.35,15.0,9.0,ALUMINIUM,48.0,42.0,41.0,330.0,350.0,16.0,18.0,False,False,142.0,2.0,1.1,1.1,1.1,1.1,1.1,1.1,674.0,52.0,674.0,52.0,1,1,False,1,1,73.0,45.0,0.0,31.8,False,False,False,False,True,11,1,False,192.0,192.0,192.0,SPOKED,SPOKED,0,0,0.0,0.0,278.0,750.0,33.4,300.0,1
435.0,59.0,590.0,68.9,128.0,45.0,552.0,74.0,622.0,45.0,45.0,28.0,36.5,36.5,23.35,15.0,9.0,ALUMINIUM,37.0,58.0,39.0,330.0,350.0,16.0,18.0,False,False,142.0,2.0,1.1,1.1,1.1,1.1,1.1,1.1,674.0,52.0,674.0,52.0,1,1,False,1,1,73.0,45.0,0.0,31.8,False,False,False,False,True,11,1,False,192.0,192.0,192.0,SPOKED,SPOKED,0,0,0.0,0.0,278.0,750.0,33.4,300.0,1
450.0,50.0,650.0,66.0,140.0,45.0,560.0,73.5,620.0,45.0,45.0,30.0,32.0,36.0,28.0,13.0,15.0,ALUMINIUM,40.0,50.0,40.0,330.0,350.0,16.0,18.0,True,True,135.0,2.0,1.0,1.1,0.9,1.2,1.0,0.9,700.0,50.0,700.0,50.0,1,1,False,1,1,68.0,46.0,0.0,31.8,False,False,False,False,True,11,2,False,192.0,192.0,192.0,SPOKED,SPOKED,0,0,1.0,1.0,80.0,290.0,32.0,350.0,1
460.0,55.0,660.0,65.0,150.0,45.0,570.0,74.0,630.0,45.0,45.0,32.0,34.0,36.0,28.0,13.0,15.0,ALUMINIUM,42.0,52.0,42.0,330.0,350.0,16.0,18.0,True,False,135.0,2.0,1.0,1.1,0.9,1.2,1.0,0.9,700.0,52.0,700.0,52.0,1,2,False,1,1,68.0,48.0,0.0,32.0,False,True,False,False,True,12,1,False,192.0,192.0,192.0,SPOKED,SPOKED,0,0,1.0,1.0,85.0,300.0,34.0,360.0,1
470.0,60.0,670.0,66.5,160.0,45.0,580.0,73.0,640.0,45.0,45.0,28.0,30.0,36.0,26.0,13.0,15.0,ALUMINIUM,44.0,54.0,44.0,330.0,350.0,16.0,18.0,False,True,142.0,2.0,1.1,1.2,1.0,1.2,1.0,1.0,700.0,50.0,700.0,50.0,1,1,False,1,1,70.0,48.0,0.0,31.8,True,False,False,False,True,10,3,False,192.0,192.0,192.0,SPOKED,SPOKED,0,0,1.0,1.0,82.0,295.0,30.0,340.0,1
440.0,45.0,630.0,67.0,130.0,45.0,550.0,74.0,610.0,45.0,45.0,30.0,33.0,36.0,27.0,13.0,15.0,ALUMINIUM,38.0,48.0,38.0,330.0,350.0,16.0,18.0,False,False,142.0,2.0,0.9,1.1,0.9,1.2,1.0,0.9,680.0,55.0,680.0,55.0,1,1,False,1,1,66.0,44.0,0.0,31.8,False,False,False,False,True,11,2,False,192.0,192.0,192.0,SPOKED,SPOKED,0,0,1.0,1.0,78.0,285.0,33.0,330.0,1
455.0,65.0,680.0,65.5,170.0,45.0,590.0,72.5,650.0,45.0,45.0,34.0,36.0,36.0,29.0,13.0,15.0,ALUMINIUM,46.0,56.0,46.0,330.0,350.0,16.0,18.0,False,False,135.0,2.0,1.0,1.2,1.0,1.2,1.0,1.0,700.0,50.0,700.0,50.0,1,2,False,1,1,68.0,50.0,0.0,33.0,False,False,False,False,True,12,1,False,192.0,192.0,192.0,SPOKED,SPOKED,0,0,1.0,1.0,80.0,300.0,36.0,355.0,1
465.0,40.0,620.0,68.0,120.0,45.0,540.0,74.5,600.0,45.0,45.0,28.0,32.0,36.0,25.0,13.0,15.0,ALUMINIUM,36.0,46.0,36.0,330.0,350.0,16.0,18.0,False,False,135.0,2.0,0.9,1.1,0.9,1.2,1.0,0.9,680.0,60.0,680.0,60.0,1,1,False,1,1,68.0,42.0,0.0,31.8,False,False,False,False,True,11,2,False,192.0,192.0,192.0,SPOKED,SPOKED,0,0,1.0,1.0,75.0,280.0,32.0,320.0,1
480.0,55.0,690.0,65.0,155.0,45.0,600.0,73.0,660.0,45.0,45.0,35.0,38.0,36.0,30.0,13.0,15.0,ALUMINIUM,48.0,58.0,48.0,330.0,350.0,16.0,18.0,False,False,142.0,2.0,1.0,1.2,1.0,1.2,1.0,1.0,700.0,50.0,700.0,50.0,1,1,False,1,1,68.0,52.0,0.0,34.0,False,False,False,False,True,10,3,False,192.0,192.0,192.0,SPOKED,SPOKED,0,0,1.0,1.0,82.0,310.0,38.0,360.0,1
435.0,50.0,640.0,67.5,145.0,45.0,555.0,74.0,625.0,45.0,45.0,31.0,33.0,36.0,27.0,13.0,15.0,ALUMINIUM,42.0,52.0,42.0,330.0,350.0,16.0,18.0,False,False,142.0,2.0,0.9,1.1,0.9,1.2,1.0,0.9,690.0,50.0,690.0,50.0,1,2,False,1,1,68.0,46.0,0.0,33.0,False,False,False,False,True,12,2,False,192.0,192.0,192.0,SPOKED,SPOKED,0,0,1.0,1.0,80.0,295.0,33.0,345.0,1
475.0,60.0,700.0,65.2,165.0,45.0,585.0,73.0,645.0,45.0,45.0,33.0,35.0,36.0,29.0,13.0,15.0,ALUMINIUM,50.0,60.0,50.0,330.0,350.0,16.0,18.0,False,False,135.0,2.0,1.0,1.2,1.0,1.2,1.0,1.0,700.0,50.0,700.0,50.0,1,1,False,1,1,68.0,49.0,0.0,32.5,False,False,False,False,True,11,2,False,192.0,192.0,192.0,SPOKED,SPOKED,0,0,1.0,1.0,85.0,305.0,35.0,355.0,1
445.0,52.0,655.0,66.8,135.0,45.0,565.0,74.0,635.0,45.0,45.0,29.0,31.0,36.0,27.0,13.0,15.0,ALUMINIUM,39.0,49.0,39.0,330.0,350.0,16.0,18.0,True,False,142.0,2.0,0.9,1.1,0.9,1.2,1.0,0.9,700.0,50.0,700.0,50.0,1,2,False,2,1,68.0,45.0,0.0,32.0,False,False,False,False,True,11,2,False,192.0,192.0,192.0,SPOKED,SPOKED,0,0,1.0,1.0,80.0,295.0,31.0,345.0,1
445.0,60.0,580.0,68.0,90.0,45.0,550.0,74.0,630.0,45.0,45.0,32.0,38.0,30.0,30.0,15.0,9.0,ALUMINIUM,50.0,50.0,50.0,330.0,350.0,16.0,18.0,False,False,135.0,2.0,0.9,1.1,0.9,1.2,1.0,0.9,642.0,20.0,642.0,20.0,1,0,False,1,1,68.0,34.0,0.0,31.8,False,False,False,False,True,10,1,False,192.0,192.0,192.0,SPOKED,SPOKED,0,0,0.0,0.0,250.0,720.0,34.9,350.0,1
445.0,60.0,585.0,69.0,95.0,45.0,555.0,74.0,635.0,45.0,45.0,32.0,38.0,30.0,30.0,15.0,9.0,ALUMINIUM,52.0,52.0,52.0,330.0,350.0,16.0,18.0,False,False,135.0,2.0,0.9,1.1,0.9,1.2,1.0,0.9,642.0,20.0,642.0,20.0,1,1,False,1,1,68.0,34.0,0.0,31.8,False,False,False,False,True,11,1,False,192.0,192.0,192.0,SPOKED,SPOKED,0,0,0.0,0.0,250.0,725.0,34.9,350.0,1
445.0,60.0,590.0,67.0,100.0,45.0,560.0,74.0,640.0,45.0,45.0,32.0,38.0,30.0,30.0,15.0,9.0,ALUMINIUM,54.0,54.0,54.0,330.0,350.0,16.0,18.0,False,False,135.0,2.0,0.9,1.1,0.9,1.2,1.0,0.9,642.0,20.0,642.0,20.0,1,2,False,1,1,68.0,34.0,0.0,31.8,False,False,False,False,True,12,1,False,192.0,192.0,192.0,SPOKED,SPOKED,0,0,0.0,0.0,250.0,730.0,34.9,350.0,1
445.0,60.0,595.0,70.0,105.0,45.0,565.0,74.0,645.0,45.0,45.0,32.0,38.0,30.0,30.0,15.0,9.0,ALUMINIUM,56.0,56.0,56.0,330.0,350.0,16.0,18.0,False,False,135.0,2.0,0.9,1.1,0.9,1.2,1.0,0.9,642.0,20.0,642.0,20.0,1,0,False,1,1,68.0,34.0,0.0,31.8,False,False,False,False,True,13,1,False,192.0,192.0,192.0,SPOKED,SPOKED,0,0,0.0,0.0,250.0,735.0,34.9,350.0,1
445.0,60.0,600.0,66.0,110.0,45.0,570.0,74.0,650.0,45.0,45.0,32.0,38.0,30.0,30.0,15.0,9.0,ALUMINIUM,58.0,58.0,58.0,330.0,350.0,16.0,18.0,False,False,135.0,2.0,0.9,1.1,0.9,1.2,1.0,0.9,642.0,20.0,642.0,20.0,1,1,False,1,1,68.0,34.0,0.0,31.8,False,False,False,False,True,14,1,False,192.0,192.0,192.0,SPOKED,SPOKED,0,0,0.0,0.0,250.0,740.0,34.9,350.0,1
445.0,60.0,605.0,71.0,115.0,45.0,575.0,74.0,655.0,45.0,45.0,32.0,38.0,30.0,30.0,15.0,9.0,ALUMINIUM,60.0,60.0,60.0,330.0,350.0,16.0,18.0,False,False,135.0,2.0,0.9,1.1,0.9,1.2,1.0,0.9,642.0,20.0,642.0,20.0,1,2,False,1,1,68.0,34.0,0.0,31.8,False,False,False,False,True,15,1,False,192.0,192.0,192.0,SPOKED,SPOKED,0,0,0.0,0.0,250.0,745.0,34.9,350.0,1
445.0,60.0,610.0,72.0,120.0,45.0,580.0,74.0,660.0,45.0,45.0,32.0,38.0,30.0,30.0,15.0,9.0,ALUMINIUM,55.0,55.0,55.0,330.0,350.0,16.0,18.0,False,False,135.0,2.0,0.9,1.1,0.9,1.2,1.0,0.9,642.0,20.0,642.0,20.0,1,0,False,1,1,68.0,34.0,0.0,31.8,False,False,False,False,True,16,1,False,192.0,192.0,192.0,SPOKED,SPOKED,0,0,0.0,0.0,250.0,750.0,34.9,350.0,1
445.0,60.0,575.0,73.0,85.0,45.0,590.0,74.0,625.0,45.0,45.0,32.0,38.0,30.0,30.0,15.0,9.0,ALUMINIUM,53.0,53.0,53.0,330.0,350.0,16.0,18.0,False,False,135.0,2.0,0.9,1.1,0.9,1.2,1.0,0.9,642.0,20.0,642.0,20.0,1,1,False,1,1,68.0,34.0,0.0,31.8,False,False,False,False,True,17,1,False,192.0,192.0,192.0,SPOKED,SPOKED,0,0,0.0,0.0,250.0,755.0,34.9,350.0,1
445.0,60.0,620.0,74.0,100.0,45.0,595.0,74.0,660.0,45.0,45.0,32.0,38.0,30.0,30.0,15.0,9.0,ALUMINIUM,57.0,57.0,57.0,330.0,350.0,16.0,18.0,False,False,135.0,2.0,0.9,1.1,0.9,1.2,1.0,0.9,642.0,20.0,642.0,20.0,1,2,False,1,1,68.0,34.0,0.0,31.8,False,False,False,False,True,18,1,False,192.0,192.0,192.0,SPOKED,SPOKED,0,0,0.0,0.0,250.0,760.0,34.9,350.0,1
445.0,60.0,570.0,75.0,80.0,45.0,600.0,74.0,620.0,45.0,45.0,32.0,38.0,30.0,30.0,15.0,9.0,ALUMINIUM,51.0,51.0,51.0,330.0,350.0,16.0,18.0,False,False,135.0,2.0,0.9,1.1,0.9,1.2,1.0,0.9,642.0,20.0,642.0,20.0,1,0,False,1,1,68.0,34.0,0.0,31.8,False,False,False,False,True,19,1,False,192.0,192.0,192.0,SPOKED,SPOKED,0,0,0.0,0.0,250.0,765.0,34.9,350.0,1
410.0,35.0,530.0,66.0,120.0,45.0,520.0,75.0,630.0,45.0,45.0,40.0,30.0,36.5,25.0,15.0,15.0,ALUMINIUM,40.0,50.0,40.0,330.0,350.0,16.0,18.0,False,False,135.0,2.0,0.9,1.1,0.9,1.2,1.0,0.9,700.0,50.0,700.0,50.0,1,1,False,1,1,73.0,45.0,0.0,31.8,False,False,False,False,True,12,1,False,190.0,190.0,190.0,SPOKED,SPOKED,0,0,0.0,0.0,80.0,750.0,34.9,300.0,1
415.0,40.0,540.0,67.0,125.0,45.0,530.0,76.0,640.0,45.0,45.0,40.0,32.0,36.5,26.0,16.0,15.0,ALUMINIUM,42.0,52.0,42.0,330.0,350.0,16.0,18.0,False,False,135.0,2.0,0.9,1.1,0.9,1.2,1.0,0.9,700.0,50.0,700.0,50.0,1,1,False,1,1,73.0,45.0,0.0,31.8,False,False,False,False,True,11,1,False,190.0,190.0,190.0,SPOKED,SPOKED,0,0,0.0,0.0,80.0,745.0,34.9,300.0,1
420.0,45.0,550.0,66.5,130.0,45.0,540.0,75.5,650.0,45.0,45.0,40.0,35.0,36.5,27.0,17.0,15.0,ALUMINIUM,45.0,55.0,45.0,330.0,350.0,16.0,18.0,False,False,135.0,2.0,0.9,1.1,0.9,1.2,1.0,0.9,700.0,50.0,700.0,50.0,1,1,False,1,1,73.0,45.0,0.0,31.8,False,False,False,False,True,12,1,False,190.0,190.0,190.0,SPOKED,SPOKED,0,0,0.0,0.0,80.0,760.0,34.9,300.0,1
405.0,40.0,520.0,65.0,110.0,45.0,515.0,74.0,620.0,45.0,45.0,40.0,30.0,36.5,25.0,14.0,15.0,ALUMINIUM,38.0,48.0,38.0,330.0,350.0,16.0,18.0,False,False,135.0,2.0,0.9,1.1,0.9,1.2,1.0,0.9,700.0,50.0,700.0,50.0,1,1,False,1,1,73.0,45.0,0.0,31.8,False,False,False,False,True,10,1,False,190.0,190.0,190.0,SPOKED,SPOKED,0,0,0.0,0.0,80.0,740.0,34.9,300.0,1
430.0,35.0,525.0,67.5,115.0,45.0,525.0,76.5,635.0,45.0,45.0,40.0,33.0,36.5,26.5,16.5,15.0,ALUMINIUM,41.0,51.0,43.0,330.0,350.0,16.0,18.0,False,False,135.0,2.0,0.9,1.1,0.9,1.2,1.0,0.9,700.0,50.0,700.0,50.0,1,1,False,1,1,73.0,45.0,0.0,31.8,False,False,False,False,True,12,1,False,190.0,190.0,190.0,SPOKED,SPOKED,0,0,0.0,0.0,80.0,735.0,34.9,300.0,1
425.0,38.0,560.0,66.8,140.0,45.0,550.0,75.2,660.0,45.0,45.0,40.0,30.0,36.5,25.5,15.5,15.0,ALUMINIUM,50.0,60.0,50.0,330.0,350.0,16.0,18.0,False,False,135.0,2.0,0.9,1.1,0.9,1.2,1.0,0.9,700.0,50.0,700.0,50.0,1,1,False,1,1,73.0,45.0,0.0,31.8,False,False,False,False,True,11,1,False,190.0,190.0,190.0,SPOKED,SPOKED,0,0,0.0,0.0,80.0,765.0,34.9,300.0,1
440.0,42.0,575.0,68.0,150.0,45.0,545.0,77.0,670.0,45.0,45.0,40.0,34.0,36.5,27.5,17.5,15.0,ALUMINIUM,48.0,58.0,48.0,330.0,350.0,16.0,18.0,False,False,135.0,2.0,0.9,1.1,0.9,1.2,1.0,0.9,700.0,50.0,700.0,50.0,1,1,False,1,1,73.0,45.0,0.0,31.8,False,False,False,False,True,12,1,False,190.0,190.0,190.0,SPOKED,SPOKED,0,0,0.0,0.0,80.0,770.0,34.9,300.0,1
430.0,36.0,545.0,65.5,135.0,45.0,535.0,74.5,655.0,45.0,45.0,40.0,31.0,36.5,25.0,15.0,15.0,ALUMINIUM,43.0,53.0,43.0,330.0,350.0,16.0,18.0,False,False,135.0,2.0,0.9,1.1,0.9,1.2,1.0,0.9,700.0,50.0,700.0,50.0,1,1,False,1,1,73.0,45.0,0.0,31.8,False,False,False,False,True,11,1,False,190.0,190.0,190.0,SPOKED,SPOKED,0,0,0.0,0.0,80.0,755.0,34.9,300.0,1
415.0,50.0,560.0,67.0,145.0,45.0,555.0,76.5,665.0,45.0,45.0,40.0,32.5,36.5,26.0,16.0,15.0,ALUMINIUM,47.0,57.0,47.0,330.0,350.0,16.0,18.0,False,False,135.0,2.0,0.9,1.1,0.9,1.2,1.0,0.9,700.0,50.0,700.0,50.0,1,1,False,1,1,73.0,45.0,0.0,31.8,False,False,False,False,True,12,1,False,190.0,190.0,190.0,SPOKED,SPOKED,0,0,0.0,0.0,80.0,780.0,34.9,300.0,1
435.0,37.0,550.0,66.0,118.0,45.0,550.0,75.0,655.0,45.0,45.0,40.0,29.0,36.5,25.0,15.0,15.0,ALUMINIUM,39.0,49.0,39.0,330.0,350.0,16.0,18.0,False,False,135.0,2.0,0.9,1.1,0.9,1.2,1.0,0.9,700.0,50.0,700.0,50.0,1,1,False,1,1,73.0,45.0,0.0,31.8,False,False,False,False,True,11,1,False,190.0,190.0,190.0,SPOKED,SPOKED,0,0,0.0,0.0,80.0,760.0,34.9,300.0,1
380.0,60.0,560.0,68.0,120.0,45.0,580.0,75.0,650.0,45.0,40.0,28.6,36.5,36.5,23.35,15.0,15.0,ALUMINIUM,40.0,50.0,45.0,330.0,350.0,16.0,18.0,False,False,135.0,2.0,1.0,1.0,1.0,1.1,1.0,1.0,674.0,52.0,674.0,52.0,1,1,False,1,1,68.0,45.0,692.0,31.8,False,False,False,False,True,8,1,False,192.0,192.0,192.0,SPOKED,SPOKED,1,1,80.0,80.0,280.0,700.0,34.9,300.0,1
390.0,62.0,565.0,68.5,122.0,45.0,585.0,74.5,655.0,45.0,40.0,28.6,36.5,36.5,23.35,15.0,15.0,ALUMINIUM,41.0,51.0,46.0,330.0,350.0,16.0,18.0,False,False,136.0,2.0,1.05,1.0,1.05,1.2,1.0,1.0,674.0,52.0,674.0,52.0,1,1,False,1,1,68.0,45.0,692.0,31.8,False,False,False,False,True,9,1,False,192.0,192.0,192.0,SPOKED,SPOKED,1,1,80.0,80.0,282.0,705.0,34.9,300.0,1
400.0,64.0,570.0,69.0,125.0,45.0,590.0,74.0,660.0,45.0,40.0,28.6,36.5,36.5,23.35,15.0,15.0,ALUMINIUM,42.0,52.0,47.0,330.0,350.0,16.0,18.0,False,False,137.0,2.0,1.1,1.0,1.0,1.15,1.0,1.0,674.0,52.0,674.0,52.0,1,1,False,1,1,68.0,45.0,692.0,31.8,False,False,False,False,True,10,1,False,192.0,192.0,192.0,SPOKED,SPOKED,1,1,80.0,80.0,284.0,710.0,34.9,300.0,1
410.0,66.0,575.0,69.5,128.0,45.0,595.0,73.5,665.0,45.0,40.0,28.6,36.5,36.5,23.35,15.0,15.0,ALUMINIUM,43.0,53.0,48.0,330.0,350.0,16.0,18.0,False,False,138.0,2.0,0.95,1.0,1.1,1.1,1.0,1.0,674.0,52.0,674.0,52.0,1,1,False,1,1,68.0,45.0,692.0,31.8,False,False,False,False,True,11,1,False,192.0,192.0,192.0,SPOKED,SPOKED,1,1,80.0,80.0,286.0,715.0,34.9,300.0,1
420.0,68.0,580.0,70.0,130.0,45.0,600.0,73.0,670.0,45.0,40.0,28.6,36.5,36.5,23.35,15.0,15.0,ALUMINIUM,44.0,54.0,49.0,330.0,350.0,16.0,18.0,False,False,139.0,2.0,0.9,0.9,1.0,1.05,1.0,1.0,674.0,52.0,674.0,52.0,1,1,False,1,1,68.0,45.0,692.0,31.8,False,False,False,False,True,12,1,False,192.0,192.0,192.0,SPOKED,SPOKED,1,1,80.0,80.0,288.0,720.0,34.9,300.0,1
430.0,70.0,585.0,67.0,132.0,45.0,605.0,76.0,675.0,45.0,40.0,28.6,36.5,36.5,23.35,15.0,15.0,ALUMINIUM,45.0,55.0,50.0,330.0,350.0,16.0,18.0,False,False,140.0,2.0,1.0,1.0,1.05,1.1,1.0,1.0,674.0,52.0,674.0,52.0,1,1,False,1,1,68.0,45.0,692.0,31.8,False,False,False,False,True,13,1,False,192.0,192.0,192.0,SPOKED,SPOKED,1,1,80.0,80.0,290.0,725.0,34.9,300.0,1
440.0,72.0,590.0,67.5,135.0,45.0,610.0,75.5,680.0,45.0,40.0,28.6,36.5,36.5,23.35,15.0,15.0,ALUMINIUM,46.0,56.0,51.0,330.0,350.0,16.0,18.0,False,False,141.0,2.0,1.05,1.05,0.95,1.2,1.0,1.0,674.0,52.0,674.0,52.0,1,1,False,1,1,68.0,45.0,692.0,31.8,False,False,False,False,True,14,1,False,192.0,192.0,192.0,SPOKED,SPOKED,1,1,80.0,80.0,292.0,730.0,34.9,300.0,1
450.0,74.0,595.0,69.2,138.0,45.0,615.0,74.8,685.0,45.0,40.0,28.6,36.5,36.5,23.35,15.0,15.0,ALUMINIUM,47.0,57.0,52.0,330.0,350.0,16.0,18.0,False,False,142.0,2.0,1.1,0.95,1.0,1.15,1.0,1.0,674.0,52.0,674.0,52.0,1,1,False,1,1,68.0,45.0,692.0,31.8,False,False,False,False,True,15,1,False,192.0,192.0,192.0,SPOKED,SPOKED,1,1,80.0,80.0,294.0,735.0,34.9,300.0,1
460.0,76.0,600.0,68.8,140.0,45.0,620.0,75.2,690.0,45.0,40.0,28.6,36.5,36.5,23.35,15.0,15.0,ALUMINIUM,48.0,58.0,53.0,330.0,350.0,16.0,18.0,False,False,143.0,2.0,0.95,1.0,1.05,1.1,1.0,1.0,674.0,52.0,674.0,52.0,1,1,False,1,1,68.0,45.0,692.0,31.8,False,False,False,False,True,16,1,False,192.0,192.0,192.0,SPOKED,SPOKED,1,1,80.0,80.0,296.0,740.0,34.9,300.0,1
470.0,78.0,605.0,69.8,142.0,45.0,625.0,73.8,695.0,45.0,40.0,28.6,36.5,36.5,23.35,15.0,15.0,ALUMINIUM,49.0,59.0,54.0,330.0,350.0,16.0,18.0,False,False,144.0,2.0,1.0,1.05,0.9,1.05,1.0,1.0,674.0,52.0,674.0,52.0,1,1,False,1,1,68.0,45.0,692.0,31.8,False,False,False,False,True,17,1,False,192.0,192.0,192.0,SPOKED,SPOKED,1,1,80.0,80.0,298.0,745.0,34.9,300.0,1
430.0,60.0,610.0,66.0,120.0,45.0,450.0,73.0,650.0,45.0,40.0,31.8,36.5,23.35,23.35,15.0,9.0,ALUMINIUM,60.0,45.0,40.0,330.0,350.0,16.0,18.0,False,False,142.0,2.0,0.9,1.1,0.9,1.2,1.0,0.9,674.0,52.0,674.0,52.0,1,0,False,1,1,68.0,45.0,0.0,40.0,True,True,False,False,True,11,1,False,192.0,192.0,192.0,SPOKED,SPOKED,0,0,80.0,80.0,280.0,720.0,30.0,350.0,1
435.0,58.0,605.0,67.0,115.0,45.0,455.0,74.0,645.0,42.0,40.0,32.0,37.0,24.0,24.0,15.0,8.5,ALUMINIUM,62.0,48.0,42.0,330.0,350.0,16.0,18.0,False,False,142.0,2.0,0.9,1.1,0.9,1.2,1.0,0.9,674.0,52.0,674.0,52.0,1,1,False,1,1,68.0,45.0,0.0,40.0,True,False,True,False,True,12,1,False,200.0,200.0,200.0,SPOKED,SPOKED,0,0,80.0,80.0,290.0,725.0,31.0,360.0,1
440.0,62.0,615.0,66.0,125.0,46.0,440.0,73.5,660.0,47.0,40.0,33.0,36.0,23.35,25.0,14.5,10.0,ALUMINIUM,58.0,42.0,38.0,330.0,350.0,16.0,18.0,False,False,142.0,2.0,0.9,1.1,0.9,1.2,1.0,0.9,674.0,54.0,674.0,54.0,1,2,False,1,1,68.0,45.0,0.0,40.0,False,True,False,True,True,10,1,False,180.0,180.0,180.0,SPOKED,SPOKED,0,0,80.0,80.0,285.0,715.0,29.0,350.0,1
445.0,60.0,620.0,65.0,118.0,47.0,465.0,72.0,650.0,44.0,40.0,31.8,38.0,24.5,24.5,15.5,9.5,ALUMINIUM,61.0,47.0,41.0,330.0,350.0,16.0,18.0,False,False,142.0,2.0,0.9,1.1,0.9,1.2,1.0,0.9,674.0,52.0,674.0,52.0,1,0,False,1,1,68.0,45.0,0.0,40.0,True,True,True,True,True,11,1,False,170.0,170.0,170.0,SPOKED,SPOKED,0,0,80.0,80.0,300.0,730.0,30.5,370.0,1
450.0,55.0,625.0,64.0,130.0,45.0,455.0,74.5,670.0,50.0,40.0,32.5,36.5,23.35,23.35,15.0,9.0,ALUMINIUM,65.0,50.0,45.0,330.0,350.0,16.0,18.0,False,False,142.0,2.0,0.9,1.1,0.9,1.2,1.0,0.9,674.0,52.0,674.0,52.0,1,1,False,1,3,68.0,45.0,0.0,40.0,False,True,False,False,True,12,1,False,155.0,155.0,155.0,SPOKED,SPOKED,0,0,80.0,80.0,295.0,740.0,31.5,380.0,2
455.0,65.0,630.0,63.0,110.0,46.0,470.0,73.0,660.0,43.0,40.0,31.8,37.5,24.0,24.0,16.0,8.0,ALUMINIUM,59.0,44.0,37.0,330.0,350.0,16.0,18.0,False,False,142.0,2.0,0.9,1.1,0.9,1.2,1.0,0.9,674.0,52.0,674.0,52.0,1,2,False,1,1,68.0,45.0,0.0,40.0,True,False,True,True,True,10,1,False,180.0,175.0,185.0,SPOKED,SPOKED,0,0,80.0,80.0,285.0,715.0,30.0,365.0,1
460.0,58.0,635.0,62.0,122.0,45.0,460.0,75.0,648.0,46.0,40.0,32.2,36.8,23.35,25.0,15.2,9.5,ALUMINIUM,63.0,49.0,40.0,330.0,350.0,16.0,18.0,False,False,142.0,2.0,0.9,1.1,0.9,1.2,1.0,0.9,674.0,52.0,674.0,52.0,1,0,False,1,1,68.0,45.0,0.0,40.0,True,True,False,True,True,11,1,False,190.0,190.0,190.0,SPOKED,SPOKED,0,0,80.0,80.0,290.0,720.0,30.0,355.0,1
465.0,63.0,640.0,66.0,117.0,47.0,455.0,72.5,655.0,49.0,40.0,33.0,35.5,23.35,23.35,15.3,8.8,ALUMINIUM,60.0,46.0,42.0,330.0,350.0,16.0,18.0,False,False,142.0,2.0,0.9,1.1,0.9,1.2,1.0,0.9,674.0,52.0,674.0,52.0,1,1,False,1,3,68.0,45.0,0.0,40.0,False,False,True,False,True,12,1,False,185.0,185.0,185.0,SPOKED,SPOKED,0,0,80.0,80.0,295.0,735.0,29.5,360.0,1
470.0,59.0,645.0,68.0,113.0,46.0,480.0,74.0,660.0,44.0,40.0,32.5,36.2,24.5,24.5,14.8,9.2,ALUMINIUM,57.0,43.0,39.0,330.0,350.0,16.0,18.0,True,False,142.0,2.0,0.9,1.1,0.9,1.2,1.0,0.9,674.0,52.0,674.0,52.0,1,2,False,1,1,68.0,45.0,0.0,40.0,True,True,False,True,True,10,1,False,175.0,175.0,175.0,SPOKED,SPOKED,0,0,80.0,80.0,288.0,725.0,31.0,345.0,1
475.0,61.0,650.0,65.0,128.0,45.0,470.0,73.0,670.0,48.0,40.0,31.8,37.2,23.35,23.35,15.0,9.0,ALUMINIUM,64.0,49.0,44.0,330.0,350.0,16.0,18.0,False,False,142.0,2.0,0.9,1.1,0.9,1.2,1.0,0.9,674.0,52.0,674.0,52.0,1,1,False,1,1,68.0,45.0,0.0,40.0,False,False,False,True,True,11,1,False,160.0,160.0,160.0,SPOKED,SPOKED,0,0,80.0,80.0,295.0,728.0,30.0,375.0,1
445.0,65.0,600.0,67.0,130.0,45.0,520.0,73.0,640.0,50.0,45.0,34.0,42.0,36.5,26.0,15.0,10.0,ALUMINIUM,30.0,45.0,45.0,330.0,350.0,16.0,18.0,False,False,135.0,2.0,1.0,1.0,1.0,1.0,1.0,1.0,698.0,30.0,698.0,30.0,1,1,False,1,1,68.0,44.0,0.0,31.6,False,True,False,False,True,12,1,False,192.0,192.0,192.0,SPOKED,SPOKED,1,1,80.0,80.0,280.0,720.0,34.9,300.0,1
460.0,60.0,620.0,68.0,140.0,47.0,530.0,72.5,650.0,48.0,45.0,35.0,40.0,38.0,27.0,16.0,12.0,ALUMINIUM,32.0,46.0,44.0,335.0,345.0,17.0,19.0,True,True,142.0,2.0,1.1,1.2,1.1,1.0,1.0,1.0,698.0,32.0,698.0,32.0,1,0,False,1,1,68.0,44.0,0.0,31.6,True,True,False,False,True,12,1,False,192.0,192.0,192.0,SPOKED,SPOKED,1,1,80.0,80.0,290.0,715.0,34.9,320.0,1
450.0,70.0,585.0,66.0,120.0,45.0,510.0,74.0,630.0,52.0,45.0,34.0,41.0,37.0,25.5,15.0,11.0,ALUMINIUM,28.0,44.0,46.0,332.0,348.0,16.0,18.0,False,True,135.0,2.0,1.0,1.1,1.2,1.0,1.0,0.9,698.0,28.0,698.0,28.0,1,2,False,1,1,68.0,44.0,0.0,31.6,False,True,False,False,True,11,2,False,192.0,192.0,192.0,SPOKED,SPOKED,1,1,80.0,80.0,275.0,710.0,34.9,300.0,1
455.0,68.0,610.0,67.5,135.0,46.0,525.0,73.5,645.0,49.0,45.0,33.0,41.5,35.0,27.5,15.5,10.5,ALUMINIUM,29.0,45.5,45.5,331.0,349.0,15.5,18.5,True,False,142.0,2.0,0.9,1.0,1.1,0.9,1.0,1.0,698.0,30.0,698.0,30.0,1,1,False,1,1,73.0,44.5,0.0,31.8,False,True,False,False,True,12,1,False,192.0,192.0,192.0,SPOKED,SPOKED,1,1,80.0,80.0,285.0,725.0,34.9,310.0,1
440.0,72.0,595.0,69.0,125.0,45.0,515.0,74.5,635.0,51.0,45.0,34.5,42.5,36.0,26.5,15.2,10.0,ALUMINIUM,31.0,45.0,45.0,330.5,350.5,16.5,18.0,False,True,135.0,2.0,1.0,1.1,1.0,1.0,0.9,1.0,698.0,29.0,698.0,29.0,1,2,False,1,1,68.0,44.0,0.0,31.6,False,True,False,False,True,11,1,False,192.0,192.0,192.0,SPOKED,SPOKED,1,1,80.0,80.0,280.0,722.0,34.9,305.0,1
465.0,63.0,625.0,65.0,145.0,48.0,535.0,72.0,655.0,47.0,45.0,34.2,43.0,37.5,27.0,15.8,12.0,ALUMINIUM,33.0,47.0,43.0,338.0,352.0,17.0,19.0,True,False,142.0,2.0,1.0,1.1,1.0,1.0,1.0,1.1,698.0,31.0,698.0,31.0,1,0,False,1,1,73.0,45.0,0.0,32.0,False,True,False,False,True,12,2,False,192.0,192.0,192.0,SPOKED,SPOKED,1,1,80.0,80.0,295.0,730.0,34.9,315.0,1
435.0,75.0,580.0,68.5,128.0,44.0,505.0,75.0,625.0,53.0,45.0,33.5,40.5,35.5,25.0,15.0,11.0,ALUMINIUM,29.5,43.5,46.5,330.0,348.0,15.0,18.0,False,False,135.0,2.0,1.0,1.0,1.2,1.0,1.0,0.9,698.0,28.0,698.0,28.0,1,1,False,1,1,68.0,44.0,0.0,31.6,False,True,False,False,True,10,1,False,192.0,192.0,192.0,SPOKED,SPOKED,1,1,80.0,80.0,270.0,705.0,34.9,290.0,1
455.0,58.0,615.0,67.0,136.0,47.0,530.0,73.0,650.0,50.0,45.0,34.8,43.5,37.2,26.8,16.2,11.5,ALUMINIUM,32.8,46.5,44.2,333.0,347.0,17.0,18.8,True,True,142.0,2.0,1.1,1.0,1.1,1.0,1.0,1.0,698.0,31.0,698.0,31.0,1,2,False,1,1,73.0,44.5,0.0,31.8,False,True,False,False,True,12,1,False,192.0,192.0,192.0,SPOKED,SPOKED,1,1,80.0,80.0,285.0,725.0,34.9,320.0,1
442.0,70.0,590.0,66.5,132.0,45.0,520.0,74.0,638.0,49.5,45.0,34.1,42.2,36.2,26.1,15.6,10.8,ALUMINIUM,30.5,45.2,44.8,331.5,349.5,16.2,18.4,False,False,135.0,2.0,0.9,1.0,1.1,1.0,1.0,1.0,698.0,30.0,698.0,30.0,1,1,False,1,1,68.0,44.0,0.0,31.6,False,True,False,False,True,12,1,False,192.0,192.0,192.0,SPOKED,SPOKED,1,1,80.0,80.0,278.0,718.0,34.9,312.0,1
438.0,64.0,605.0,67.8,138.0,46.0,525.0,73.8,648.0,51.0,45.0,33.9,42.7,36.7,26.7,15.7,10.9,ALUMINIUM,31.8,46.2,44.5,332.5,348.5,16.8,18.2,False,True,142.0,2.0,1.0,1.2,1.0,1.0,1.0,1.0,698.0,29.5,698.0,29.5,1,2,False,1,1,68.0,44.0,0.0,31.6,False,True,False,False,True,12,1,False,192.0,192.0,192.0,SPOKED,SPOKED,1,1,80.0,80.0,283.0,721.0,34.9,308.0,1
420.0,60.0,620.0,66.0,130.0,45.0,520.0,74.0,665.0,45.0,40.0,28.0,32.0,37.0,32.0,15.0,15.0,ALUMINIUM,30.0,40.0,30.0,330.0,350.0,16.0,18.0,False,False,135.0,2.0,2.0,2.2,2.0,2.0,2.0,2.0,622.0,52.0,622.0,52.0,1,2,False,1,1,68.0,44.0,0.0,31.6,True,True,False,False,True,12,1,False,192.0,192.0,192.0,SPOKED,SPOKED,0,0,0.0,0.0,280.0,295.0,34.0,350.0,1
425.0,55.0,610.0,67.0,120.0,45.0,510.0,73.5,655.0,50.0,40.0,27.0,33.0,36.0,33.0,15.0,15.0,ALUMINIUM,28.0,35.0,32.0,330.0,350.0,16.0,18.0,False,False,135.0,2.0,2.0,2.1,2.0,2.0,2.0,2.0,622.0,52.0,622.0,52.0,1,0,False,1,1,68.0,44.0,0.0,31.6,False,True,False,True,True,11,1,False,160.0,160.0,160.0,SPOKED,SPOKED,0,0,0.0,0.0,275.0,300.0,33.0,340.0,1
430.0,65.0,630.0,66.5,135.0,45.0,530.0,74.5,670.0,48.0,40.0,28.0,34.0,36.0,34.0,15.0,15.0,ALUMINIUM,32.0,40.0,32.0,335.0,355.0,16.0,18.0,False,False,135.0,2.1,2.0,2.3,2.0,2.0,2.0,2.0,622.0,52.0,622.0,52.0,1,2,False,1,3,68.0,44.0,0.0,31.6,True,False,False,False,True,12,1,False,180.0,180.0,180.0,SPOKED,SPOKED,0,0,0.0,0.0,290.0,310.0,34.5,360.0,1
415.0,70.0,600.0,66.0,125.0,45.0,515.0,73.0,660.0,47.0,40.0,26.0,32.0,35.0,32.0,15.0,15.0,ALUMINIUM,30.0,38.0,28.0,330.0,350.0,16.0,18.0,False,False,135.0,2.0,2.0,2.2,2.0,2.0,2.0,2.0,622.0,52.0,622.0,52.0,1,1,False,1,1,68.0,44.0,0.0,31.6,False,True,False,True,True,10,1,True,200.0,200.0,200.0,SPOKED,SPOKED,0,0,0.0,0.0,285.0,305.0,33.0,330.0,1
435.0,63.0,640.0,65.5,140.0,45.0,540.0,75.0,675.0,52.0,40.0,29.0,35.0,38.0,35.0,15.0,15.0,ALUMINIUM,35.0,42.0,35.0,330.0,350.0,16.0,18.0,False,False,135.0,2.2,2.1,2.4,2.1,2.0,2.0,2.0,622.0,52.0,622.0,52.0,1,2,False,1,1,68.0,44.0,0.0,31.6,True,True,False,False,True,13,1,False,210.0,210.0,210.0,SPOKED,SPOKED,0,0,0.0,0.0,295.0,320.0,35.0,370.0,1
425.0,58.0,615.0,67.5,128.0,45.0,525.0,74.0,668.0,49.0,40.0,28.0,34.0,37.0,33.0,15.0,15.0,ALUMINIUM,33.0,39.0,33.0,330.0,350.0,16.0,18.0,False,False,135.0,2.0,2.0,2.2,2.0,2.0,2.0,2.0,622.0,52.0,622.0,52.0,1,0,False,1,1,68.0,44.0,0.0,31.6,False,True,False,False,True,11,1,False,175.0,175.0,175.0,SPOKED,SPOKED,0,0,0.0,0.0,290.0,315.0,34.0,355.0,1
440.0,62.0,625.0,66.0,132.0,45.0,535.0,74.2,672.0,46.0,40.0,26.0,33.0,36.0,32.0,15.0,15.0,ALUMINIUM,32.0,40.0,31.0,330.0,350.0,16.0,18.0,False,False,135.0,2.1,2.0,2.2,2.0,2.0,2.0,2.0,622.0,52.0,622.0,52.0,1,1,False,1,1,68.0,44.0,0.0,31.6,True,False,True,False,True,12,1,False,155.0,155.0,155.0,SPOKED,SPOKED,0,0,0.0,0.0,300.0,325.0,33.5,360.0,1
410.0,64.0,605.0,67.0,140.0,45.0,515.0,73.8,660.0,51.0,40.0,27.0,32.0,35.0,34.0,15.0,15.0,ALUMINIUM,29.0,37.0,29.0,330.0,350.0,16.0,18.0,False,False,135.0,2.0,2.0,2.1,2.0,2.0,2.0,2.0,622.0,52.0,622.0,52.0,1,2,False,1,1,68.0,44.0,0.0,31.6,False,True,False,True,True,11,1,False,170.0,170.0,170.0,SPOKED,SPOKED,0,0,0.0,0.0,285.0,310.0,33.0,345.0,1
430.0,59.0,635.0,65.0,138.0,45.0,545.0,75.0,677.0,50.0,40.0,29.0,34.0,38.0,35.0,15.0,15.0,ALUMINIUM,36.0,43.0,36.0,330.0,350.0,16.0,18.0,False,False,135.0,2.3,2.1,2.5,2.1,2.0,2.0,2.0,622.0,52.0,622.0,52.0,1,1,False,1,2,73.0,57.0,0.0,31.6,True,False,False,False,True,13,1,True,200.0,200.0,200.0,SPOKED,SPOKED,0,0,0.0,0.0,295.0,330.0,34.0,365.0,1
445.0,61.0,620.0,66.8,130.0,45.0,530.0,74.5,670.0,48.0,40.0,28.0,33.0,37.0,32.0,15.0,15.0,ALUMINIUM,34.0,39.0,34.0,330.0,350.0,16.0,18.0,False,False,135.0,2.0,2.0,2.2,2.0,2.0,2.0,2.0,622.0,52.0,622.0,52.0,1,2,False,1,1,68.0,44.0,0.0,31.6,False,False,False,False,True,12,1,False,210.0,210.0,210.0,SPOKED,SPOKED,0,0,0.0,0.0,300.0,320.0,33.5,350.0,1
420.0,65.0,620.0,67.0,130.0,45.0,520.0,75.0,650.0,45.0,45.0,30.0,35.0,30.0,30.0,15.0,15.0,ALUMINIUM,40.0,40.0,40.0,0.0,0.0,16.0,18.0,False,False,135.0,2.0,1.0,1.1,1.0,1.1,1.0,1.1,680.0,50.0,680.0,50.0,1,0,False,1,1,70.0,50.0,0.0,31.8,False,False,False,False,True,12,1,False,192.0,192.0,192.0,SPOKED,SPOKED,0,0,1.0,1.0,260.0,720.0,40.0,300.0,1
430.0,68.0,630.0,68.0,140.0,46.0,525.0,76.0,655.0,46.0,45.0,31.0,36.0,31.0,31.0,15.5,16.0,ALUMINIUM,42.0,41.0,41.0,0.0,0.0,16.0,18.0,False,False,135.0,2.0,1.0,1.1,1.0,1.1,1.0,1.1,680.0,50.0,680.0,50.0,1,0,False,1,1,70.0,51.0,0.0,31.8,False,False,False,False,True,12,1,False,192.0,192.0,192.0,SPOKED,SPOKED,0,0,1.0,1.0,265.0,725.0,40.5,305.0,1
440.0,69.0,640.0,69.0,150.0,47.0,530.0,77.0,660.0,45.0,45.0,32.0,37.0,32.0,32.0,16.0,15.0,ALUMINIUM,44.0,42.0,42.0,0.0,0.0,16.0,18.0,False,False,135.0,2.0,1.0,1.1,1.0,1.1,1.0,1.1,680.0,50.0,680.0,50.0,1,0,False,1,1,70.0,52.0,0.0,31.8,False,False,False,False,True,12,1,False,192.0,192.0,192.0,SPOKED,SPOKED,0,0,1.0,1.0,270.0,730.0,41.0,310.0,1
450.0,67.0,650.0,70.0,160.0,48.0,535.0,75.0,665.0,46.0,45.0,33.0,38.0,33.0,33.0,16.5,16.0,ALUMINIUM,45.0,43.0,43.0,0.0,0.0,16.0,18.0,False,False,135.0,2.0,1.0,1.1,1.0,1.1,1.0,1.1,680.0,50.0,680.0,50.0,1,0,False,1,1,70.0,53.0,0.0,31.8,False,False,False,False,True,12,1,False,192.0,192.0,192.0,SPOKED,SPOKED,0,0,1.0,1.0,275.0,735.0,41.5,315.0,1
460.0,66.0,610.0,66.0,135.0,49.0,540.0,76.0,670.0,45.0,45.0,34.0,39.0,34.0,34.0,17.0,15.0,ALUMINIUM,43.0,44.0,44.0,0.0,0.0,16.0,18.0,False,False,135.0,2.0,1.0,1.1,1.0,1.1,1.0,1.1,680.0,50.0,680.0,50.0,1,0,False,1,1,70.0,54.0,0.0,31.8,False,False,False,False,True,12,1,False,192.0,192.0,192.0,SPOKED,SPOKED,0,0,1.0,1.0,280.0,740.0,42.0,320.0,1
425.0,64.0,600.0,67.5,125.0,45.5,515.0,74.0,645.0,44.0,45.0,30.5,35.5,30.5,30.5,15.2,15.2,ALUMINIUM,41.0,40.0,40.0,0.0,0.0,16.0,18.0,False,False,135.0,2.0,1.0,1.1,1.0,1.1,1.0,1.1,680.0,50.0,680.0,50.0,1,0,False,1,1,70.0,49.0,0.0,31.8,False,False,False,False,True,12,1,False,192.0,192.0,192.0,SPOKED,SPOKED,0,0,1.0,1.0,255.0,705.0,40.0,290.0,1
435.0,63.0,605.0,68.5,145.0,46.5,520.0,75.5,655.0,45.5,45.0,31.5,36.5,31.5,31.5,15.7,15.5,ALUMINIUM,42.5,41.5,41.5,0.0,0.0,16.0,18.0,False,False,135.0,2.0,1.0,1.1,1.0,1.1,1.0,1.1,680.0,50.0,680.0,50.0,1,0,False,1,1,70.0,51.0,0.0,31.8,False,False,False,False,True,12,1,False,192.0,192.0,192.0,SPOKED,SPOKED,0,0,1.0,1.0,265.0,715.0,41.0,295.0,1
445.0,62.0,615.0,69.5,155.0,47.5,525.0,76.5,665.0,46.5,45.0,32.5,37.5,32.5,32.5,16.2,15.7,ALUMINIUM,44.0,42.0,42.0,0.0,0.0,16.0,18.0,False,False,135.0,2.0,1.0,1.1,1.0,1.1,1.0,1.1,680.0,50.0,680.0,50.0,1,0,False,1,1,70.0,52.0,0.0,31.8,False,False,False,False,True,12,1,False,192.0,192.0,192.0,SPOKED,SPOKED,0,0,1.0,1.0,275.0,725.0,41.5,305.0,1
455.0,60.0,625.0,66.5,165.0,48.5,530.0,75.8,675.0,45.5,45.0,33.5,38.5,33.5,33.5,16.8,15.8,ALUMINIUM,46.0,43.5,43.5,0.0,0.0,16.0,18.0,False,False,135.0,2.0,1.0,1.1,1.0,1.1,1.0,1.1,680.0,50.0,680.0,50.0,1,0,False,1,1,70.0,53.0,0.0,31.8,False,False,False,False,True,12,1,False,192.0,192.0,192.0,SPOKED,SPOKED,0,0,1.0,1.0,285.0,735.0,42.0,315.0,1
465.0,61.0,635.0,67.9,175.0,49.5,535.0,76.8,685.0,46.5,45.0,34.5,39.5,34.5,34.5,17.2,15.9,ALUMINIUM,47.0,44.0,44.0,0.0,0.0,16.0,18.0,False,False,135.0,2.0,1.0,1.1,1.0,1.1,1.0,1.1,680.0,50.0,680.0,50.0,1,0,False,1,1,70.0,54.0,0.0,31.8,False,False,False,False,True,12,1,False,192.0,192.0,192.0,SPOKED,SPOKED,0,0,1.0,1.0,295.0,745.0,42.5,325.0,1
430.0,30.0,580.0,67.0,110.0,45.0,480.0,73.0,640.0,45.0,45.0,28.6,34.9,28.6,27.35,15.0,15.0,ALUMINIUM,30.0,50.0,40.0,330.0,350.0,16.0,18.0,False,False,142.0,2.0,0.9,1.1,0.9,1.2,1.0,0.9,736.0,60.0,736.0,60.0,1,0,False,1,1,68.0,34.0,0.0,31.8,False,False,False,False,True,12,1,False,192.0,192.0,192.0,SPOKED,SPOKED,1,1,80.0,80.0,280.0,715.0,34.9,300.0,1
435.0,32.0,590.0,67.5,120.0,45.0,490.0,74.0,650.0,45.0,45.0,28.6,34.9,28.6,27.35,15.0,15.0,ALUMINIUM,30.0,50.0,40.0,330.0,350.0,16.0,18.0,False,False,142.0,2.0,0.9,1.1,0.9,1.2,1.0,0.9,736.0,60.0,736.0,60.0,1,0,False,1,1,68.0,35.0,0.0,31.8,False,False,False,False,True,12,1,False,192.0,192.0,192.0,SPOKED,SPOKED,1,1,80.0,80.0,280.0,720.0,34.9,305.0,1
440.0,30.0,600.0,66.5,115.0,45.0,500.0,73.0,660.0,45.0,45.0,28.6,34.9,28.6,27.35,15.0,15.0,ALUMINIUM,30.0,50.0,40.0,330.0,350.0,16.0,18.0,False,False,143.0,2.0,0.9,1.1,0.9,1.2,1.0,0.9,736.0,60.0,736.0,60.0,1,0,False,1,1,68.0,36.0,0.0,31.8,False,False,False,False,True,12,1,False,192.0,192.0,192.0,SPOKED,SPOKED,1,1,80.0,80.0,280.0,725.0,34.9,310.0,1
445.0,28.0,610.0,66.0,110.0,45.0,510.0,73.5,670.0,45.0,45.0,28.6,34.9,28.6,27.35,15.0,15.0,ALUMINIUM,30.0,50.0,40.0,330.0,350.0,16.0,18.0,False,False,144.0,2.0,0.9,1.1,0.9,1.2,1.0,0.9,736.0,60.0,736.0,60.0,1,0,False,1,1,68.0,34.0,0.0,31.8,False,False,False,False,True,12,1,False,192.0,192.0,192.0,SPOKED,SPOKED,1,1,80.0,80.0,280.0,730.0,34.9,315.0,1
450.0,30.0,620.0,65.5,112.0,45.0,520.0,72.5,680.0,45.0,45.0,28.6,34.9,28.6,27.35,15.0,15.0,ALUMINIUM,30.0,50.0,40.0,330.0,350.0,16.0,18.0,False,False,145.0,2.0,0.9,1.1,0.9,1.2,1.0,0.9,736.0,60.0,736.0,60.0,1,0,False,1,1,68.0,35.0,0.0,31.8,False,False,False,False,True,12,1,False,192.0,192.0,192.0,SPOKED,SPOKED,1,1,80.0,80.0,280.0,735.0,34.9,320.0,1
455.0,35.0,630.0,69.0,118.0,45.0,530.0,74.0,690.0,45.0,45.0,28.6,34.9,28.6,27.35,15.0,15.0,ALUMINIUM,30.0,50.0,40.0,330.0,350.0,16.0,18.0,False,False,142.0,2.0,0.9,1.1,0.9,1.2,1.0,0.9,736.0,60.0,736.0,60.0,1,0,False,1,1,68.0,34.0,0.0,31.8,False,False,False,False,True,12,1,False,192.0,192.0,192.0,SPOKED,SPOKED,1,1,80.0,80.0,280.0,740.0,34.9,325.0,1
460.0,33.0,640.0,68.5,125.0,45.0,540.0,75.0,700.0,45.0,45.0,28.6,34.9,28.6,27.35,15.0,15.0,ALUMINIUM,30.0,50.0,40.0,330.0,350.0,16.0,18.0,False,False,143.0,2.0,0.9,1.1,0.9,1.2,1.0,0.9,736.0,60.0,736.0,60.0,1,0,False,1,1,68.0,36.0,0.0,31.8,False,False,False,False,True,12,1,False,192.0,192.0,192.0,SPOKED,SPOKED,1,1,80.0,80.0,280.0,745.0,34.9,330.0,1
465.0,30.0,650.0,67.0,130.0,45.0,550.0,73.0,710.0,45.0,45.0,28.6,34.9,28.6,27.35,15.0,15.0,ALUMINIUM,30.0,50.0,40.0,330.0,350.0,16.0,18.0,False,False,144.0,2.0,0.9,1.1,0.9,1.2,1.0,0.9,736.0,60.0,736.0,60.0,1,0,False,1,1,68.0,35.0,0.0,31.8,False,False,False,False,True,12,1,False,192.0,192.0,192.0,SPOKED,SPOKED,1,1,80.0,80.0,280.0,750.0,34.9,335.0,1
470.0,28.0,660.0,65.0,135.0,45.0,560.0,72.0,720.0,45.0,45.0,28.6,34.9,28.6,27.35,15.0,15.0,ALUMINIUM,30.0,50.0,40.0,330.0,350.0,16.0,18.0,False,False,145.0,2.0,0.9,1.1,0.9,1.2,1.0,0.9,736.0,60.0,736.0,60.0,1,0,False,1,1,68.0,36.0,0.0,31.8,False,False,False,False,True,12,1,False,192.0,192.0,192.0,SPOKED,SPOKED,1,1,80.0,80.0,280.0,755.0,34.9,340.0,1
475.0,32.0,670.0,66.0,140.0,45.0,570.0,71.5,730.0,45.0,45.0,28.6,34.9,28.6,27.35,15.0,15.0,ALUMINIUM,30.0,50.0,40.0,330.0,350.0,16.0,18.0,False,False,142.0,2.0,0.9,1.1,0.9,1.2,1.0,0.9,736.0,60.0,736.0,60.0,1,0,False,1,1,68.0,34.0,0.0,31.8,False,False,False,False,True,12,1,False,192.0,192.0,192.0,SPOKED,SPOKED,1,1,80.0,80.0,280.0,760.0,34.9,345.0,1
430.0,60.0,630.0,68.0,110.0,45.0,550.0,73.0,610.0,45.0,42.0,31.8,40.0,36.5,36.5,15.0,9.0,ALUMINIUM,50.0,50.0,50.0,330.0,350.0,16.0,18.0,False,False,150.0,3.0,1.5,2.0,1.5,1.5,1.5,1.5,744.0,100.0,744.0,100.0,1,1,False,1,1,70.0,44.0,0.0,31.8,False,False,False,False,True,10,1,False,192.0,192.0,192.0,SPOKED,SPOKED,0,0,80.0,80.0,300.0,280.0,40.0,350.0,1
435.0,55.0,640.0,67.0,120.0,48.0,540.0,74.0,615.0,46.0,43.0,34.0,42.0,37.0,37.0,14.0,10.0,ALUMINIUM,48.0,52.0,48.0,330.0,350.0,16.0,18.0,False,False,152.0,3.0,1.6,2.1,1.4,1.6,1.3,1.4,754.0,110.0,754.0,110.0,1,0,False,1,1,72.0,46.0,0.0,32.0,False,False,False,False,True,10,1,False,193.0,193.0,193.0,SPOKED,SPOKED,0,0,80.0,80.0,310.0,290.0,42.0,360.0,1
440.0,65.0,620.0,69.0,100.0,46.0,560.0,72.0,605.0,44.0,42.0,30.0,41.0,35.0,35.0,16.0,8.0,ALUMINIUM,52.0,48.0,52.0,330.0,350.0,16.0,18.0,False,False,155.0,2.8,1.4,1.9,1.4,1.5,1.6,1.7,744.0,90.0,744.0,90.0,1,2,False,1,1,68.0,43.0,0.0,30.0,False,False,False,False,True,10,1,False,194.0,194.0,194.0,SPOKED,SPOKED,0,0,80.0,80.0,295.0,275.0,38.0,340.0,1
425.0,70.0,650.0,66.0,130.0,50.0,530.0,75.0,620.0,48.0,44.0,33.0,39.0,34.0,34.0,13.0,11.0,ALUMINIUM,55.0,55.0,45.0,330.0,350.0,16.0,18.0,False,False,148.0,3.2,1.5,2.0,1.5,1.4,1.5,1.6,754.0,120.0,754.0,120.0,1,1,False,1,1,74.0,47.0,0.0,34.0,False,False,False,False,True,11,1,False,195.0,195.0,195.0,SPOKED,SPOKED,0,0,80.0,80.0,305.0,285.0,39.0,355.0,1
445.0,60.0,615.0,68.5,115.0,44.0,575.0,73.5,630.0,42.0,41.0,32.0,38.0,36.0,36.0,17.0,9.0,ALUMINIUM,49.0,53.0,49.0,330.0,350.0,16.0,18.0,False,False,150.0,2.5,1.3,1.8,1.3,1.4,1.3,1.4,744.0,95.0,744.0,95.0,1,1,False,1,1,69.0,45.0,0.0,33.0,False,False,False,False,True,10,1,False,196.0,196.0,196.0,SPOKED,SPOKED,0,0,80.0,80.0,290.0,270.0,41.0,345.0,1
450.0,58.0,640.0,67.5,105.0,47.0,545.0,74.5,612.0,46.0,42.0,31.0,40.0,36.0,37.0,15.0,10.0,ALUMINIUM,51.0,49.0,51.0,330.0,350.0,16.0,18.0,False,False,153.0,3.1,1.6,2.2,1.6,1.7,1.6,1.5,754.0,115.0,754.0,115.0,1,0,False,1,1,71.0,48.0,0.0,35.0,False,False,False,False,True,11,1,False,197.0,197.0,197.0,SPOKED,SPOKED,0,0,80.0,80.0,315.0,295.0,40.0,365.0,1
420.0,62.0,625.0,68.0,125.0,43.0,560.0,73.0,605.0,43.0,43.0,33.0,42.0,38.0,38.0,14.0,8.0,ALUMINIUM,47.0,51.0,47.0,330.0,350.0,16.0,18.0,False,False,149.0,2.9,1.5,1.7,1.5,1.4,1.5,1.6,744.0,105.0,744.0,105.0,1,2,False,1,1,68.0,44.0,0.0,31.0,False,False,False,False,True,10,1,False,198.0,198.0,198.0,SPOKED,SPOKED,0,0,80.0,80.0,300.0,280.0,40.0,350.0,1
435.0,65.0,635.0,66.5,110.0,49.0,550.0,74.2,620.0,44.0,42.0,31.5,39.0,35.0,37.0,16.0,12.0,ALUMINIUM,54.0,50.0,46.0,330.0,350.0,16.0,18.0,False,False,152.0,3.0,1.7,2.1,1.7,1.5,1.4,1.5,754.0,130.0,754.0,130.0,1,1,False,1,1,70.0,46.0,0.0,34.0,False,False,False,False,True,10,1,False,199.0,199.0,199.0,SPOKED,SPOKED,0,0,80.0,80.0,305.0,285.0,39.0,360.0,1
440.0,68.0,655.0,67.2,125.0,45.0,565.0,72.8,610.0,47.0,44.0,32.0,41.0,36.0,36.0,15.0,9.0,ALUMINIUM,45.0,54.0,54.0,330.0,350.0,16.0,18.0,False,False,150.0,3.0,1.4,2.0,1.4,1.5,1.6,1.7,744.0,120.0,744.0,120.0,1,1,False,1,1,72.0,48.0,0.0,33.0,False,False,False,False,True,11,1,False,200.0,200.0,200.0,SPOKED,SPOKED,0,0,80.0,80.0,310.0,290.0,42.0,355.0,1
430.0,63.0,645.0,68.8,118.0,48.0,558.0,73.3,625.0,45.0,42.0,33.0,40.0,37.0,35.0,16.0,11.0,ALUMINIUM,53.0,47.0,53.0,330.0,350.0,16.0,18.0,False,False,154.0,2.7,1.3,1.6,1.3,1.5,1.3,1.5,744.0,110.0,744.0,110.0,1,0,False,1,1,70.0,45.0,0.0,32.0,False,False,False,False,True,10,1,False,201.0,201.0,201.0,SPOKED,SPOKED,0,0,80.0,80.0,300.0,280.0,40.0,345.0,1
425.0,30.0,620.0,65.0,90.0,15.0,480.0,72.0,620.0,45.0,45.0,25.4,36.5,25.0,15.0,15.0,9.0,ALUMINIUM,25.0,45.0,45.0,330.0,350.0,16.0,18.0,False,False,135.0,2.0,0.9,1.1,0.9,1.2,1.0,0.9,736.0,114.0,736.0,114.0,1,2,False,1,1,73.0,46.0,0.0,31.8,False,False,False,False,True,11,1,False,192.0,192.0,192.0,SPOKED,SPOKED,0,0,80.0,80.0,250.0,700.0,36.5,250.0,1
430.0,32.0,625.0,66.0,95.0,15.0,490.0,72.5,630.0,45.0,45.0,25.4,36.5,25.0,15.0,15.0,9.0,ALUMINIUM,27.0,47.0,47.0,330.0,350.0,16.0,18.0,False,False,135.0,2.0,0.9,1.1,0.9,1.2,1.0,0.9,736.0,114.0,736.0,114.0,1,2,False,1,1,73.0,46.0,0.0,31.8,False,False,False,False,True,11,1,False,192.0,192.0,192.0,SPOKED,SPOKED,0,0,80.0,80.0,250.0,700.0,36.5,250.0,1
435.0,34.0,630.0,67.0,100.0,15.0,500.0,73.0,640.0,45.0,45.0,25.4,36.5,25.0,15.0,15.0,9.0,ALUMINIUM,29.0,49.0,49.0,330.0,350.0,16.0,18.0,False,False,135.0,2.0,0.9,1.1,0.9,1.2,1.0,0.9,736.0,114.0,736.0,114.0,1,2,False,1,1,73.0,46.0,0.0,31.8,False,False,False,False,True,11,1,False,192.0,192.0,192.0,SPOKED,SPOKED,0,0,80.0,80.0,250.0,700.0,36.5,250.0,1
440.0,36.0,635.0,68.0,105.0,15.0,510.0,73.5,650.0,45.0,45.0,25.4,36.5,25.0,15.0,15.0,9.0,ALUMINIUM,31.0,51.0,51.0,330.0,350.0,16.0,18.0,False,False,135.0,2.0,0.9,1.1,0.9,1.2,1.0,0.9,736.0,114.0,736.0,114.0,1,2,False,1,1,73.0,46.0,0.0,31.8,False,False,False,False,True,11,1,False,192.0,192.0,192.0,SPOKED,SPOKED,0,0,80.0,80.0,250.0,700.0,36.5,250.0,1
445.0,38.0,640.0,69.0,110.0,15.0,520.0,74.0,660.0,45.0,45.0,25.4,36.5,25.0,15.0,15.0,9.0,ALUMINIUM,33.0,53.0,53.0,330.0,350.0,16.0,18.0,False,False,135.0,2.0,0.9,1.1,0.9,1.2,1.0,0.9,736.0,114.0,736.0,114.0,1,2,False,1,1,73.0,46.0,0.0,31.8,False,False,False,False,True,11,1,False,192.0,192.0,192.0,SPOKED,SPOKED,0,0,80.0,80.0,250.0,700.0,36.5,250.0,1
450.0,40.0,645.0,66.5,115.0,15.0,530.0,74.5,670.0,45.0,45.0,25.4,36.5,25.0,15.0,15.0,9.0,ALUMINIUM,35.0,55.0,55.0,330.0,350.0,16.0,18.0,False,False,135.0,2.0,0.9,1.1,0.9,1.2,1.0,0.9,736.0,114.0,736.0,114.0,1,2,False,1,1,73.0,46.0,0.0,31.8,False,False,False,False,True,11,1,False,192.0,192.0,192.0,SPOKED,SPOKED,0,0,80.0,80.0,250.0,700.0,36.5,250.0,1
455.0,42.0,650.0,67.5,120.0,15.0,540.0,75.0,680.0,45.0,45.0,25.4,36.5,25.0,15.0,15.0,9.0,ALUMINIUM,37.0,57.0,57.0,330.0,350.0,16.0,18.0,False,False,135.0,2.0,0.9,1.1,0.9,1.2,1.0,0.9,736.0,114.0,736.0,114.0,1,2,False,1,1,73.0,46.0,0.0,31.8,False,False,False,False,True,11,1,False,192.0,192.0,192.0,SPOKED,SPOKED,0,0,80.0,80.0,250.0,700.0,36.5,250.0,1
460.0,44.0,655.0,68.5,125.0,15.0,550.0,75.5,690.0,45.0,45.0,25.4,36.5,25.0,15.0,15.0,9.0,ALUMINIUM,39.0,59.0,59.0,330.0,350.0,16.0,18.0,False,False,135.0,2.0,0.9,1.1,0.9,1.2,1.0,0.9,736.0,114.0,736.0,114.0,1,2,False,1,1,73.0,46.0,0.0,31.8,False,False,False,False,True,11,1,False,192.0,192.0,192.0,SPOKED,SPOKED,0,0,80.0,80.0,250.0,700.0,36.5,250.0,1
465.0,46.0,660.0,65.5,130.0,15.0,560.0,76.0,700.0,45.0,45.0,25.4,36.5,25.0,15.0,15.0,9.0,ALUMINIUM,41.0,61.0,61.0,330.0,350.0,16.0,18.0,False,False,135.0,2.0,0.9,1.1,0.9,1.2,1.0,0.9,736.0,114.0,736.0,114.0,1,2,False,1,1,73.0,46.0,0.0,31.8,False,False,False,False,True,11,1,False,192.0,192.0,192.0,SPOKED,SPOKED,0,0,80.0,80.0,250.0,700.0,36.5,250.0,1
470.0,48.0,665.0,69.5,135.0,15.0,570.0,76.5,710.0,45.0,45.0,25.4,36.5,25.0,15.0,15.0,9.0,ALUMINIUM,43.0,63.0,63.0,330.0,350.0,16.0,18.0,False,False,135.0,2.0,0.9,1.1,0.9,1.2,1.0,0.9,736.0,114.0,736.0,114.0,1,2,False,1,1,73.0,46.0,0.0,31.8,False,False,False,False,True,11,1,False,192.0,192.0,192.0,SPOKED,SPOKED,0,0,80.0,80.0,250.0,700.0,36.5,250.0,1
430.0,65.0,600.0,68.0,110.0,45.0,520.0,73.0,650.0,45.0,40.0,30.0,36.5,23.35,20.0,13.0,15.0,ALUMINIUM,20.0,20.0,20.0,330.0,350.0,16.0,18.0,False,False,135.0,2.0,1.0,1.5,1.2,1.2,1.0,1.2,700.0,110.0,700.0,110.0,1,1,False,1,1,68.0,45.0,0.0,30.0,False,False,False,False,True,11,1,False,192.0,192.0,192.0,SPOKED,SPOKED,0,0,0.0,0.0,300.0,650.0,36.5,330.0,1
420.0,68.0,580.0,66.0,100.0,45.0,510.0,72.0,640.0,50.0,40.0,30.0,36.5,23.35,18.0,13.0,15.0,ALUMINIUM,20.0,20.0,20.0,330.0,350.0,16.0,18.0,False,False,135.0,2.0,1.1,1.6,1.3,1.15,1.05,1.25,700.0,110.0,700.0,110.0,1,2,False,1,1,68.0,45.0,0.0,30.0,False,False,False,False,True,11,1,False,192.0,192.0,192.0,SPOKED,SPOKED,0,0,0.0,0.0,300.0,650.0,36.5,330.0,1
440.0,72.0,620.0,70.0,120.0,45.0,530.0,74.0,660.0,40.0,40.0,30.0,36.5,23.35,22.0,13.0,15.0,ALUMINIUM,20.0,20.0,20.0,330.0,350.0,16.0,18.0,False,False,135.0,2.0,0.9,1.4,1.1,1.25,0.95,1.15,700.0,110.0,700.0,110.0,1,0,False,1,3,68.0,45.0,0.0,30.0,False,False,False,False,True,11,1,False,192.0,192.0,192.0,SPOKED,SPOKED,0,0,0.0,0.0,300.0,650.0,36.5,330.0,1
450.0,66.0,640.0,69.0,130.0,45.0,540.0,75.0,670.0,60.0,40.0,30.0,36.5,23.35,19.0,13.0,15.0,ALUMINIUM,20.0,20.0,20.0,330.0,350.0,16.0,18.0,False,False,135.0,2.0,1.2,1.7,1.4,1.05,1.1,1.3,700.0,110.0,700.0,110.0,1,2,False,1,3,68.0,45.0,0.0,30.0,False,False,False,False,True,11,1,False,192.0,192.0,192.0,SPOKED,SPOKED,0,0,0.0,0.0,300.0,650.0,36.5,330.0,1
425.0,74.0,560.0,67.0,90.0,45.0,500.0,72.5,630.0,45.0,40.0,30.0,36.5,23.35,21.0,13.0,15.0,ALUMINIUM,20.0,20.0,20.0,330.0,350.0,16.0,18.0,False,False,135.0,2.0,1.3,1.3,1.0,1.3,0.9,1.1,700.0,110.0,700.0,110.0,1,1,False,1,1,68.0,45.0,0.0,30.0,False,False,False,False,True,11,1,False,192.0,192.0,192.0,SPOKED,SPOKED,0,0,0.0,0.0,300.0,650.0,36.5,330.0,1
435.0,69.0,590.0,67.5,105.0,45.0,515.0,73.5,645.0,50.0,40.0,30.0,36.5,23.35,17.0,13.0,15.0,ALUMINIUM,20.0,20.0,20.0,330.0,350.0,16.0,18.0,False,False,135.0,2.0,1.05,1.55,1.25,1.1,1.15,1.35,700.0,110.0,700.0,110.0,1,2,False,1,3,68.0,45.0,0.0,30.0,False,False,False,False,True,11,1,False,192.0,192.0,192.0,SPOKED,SPOKED,0,0,0.0,0.0,300.0,650.0,36.5,330.0,1
445.0,71.0,610.0,68.5,115.0,45.0,525.0,74.5,655.0,40.0,40.0,30.0,36.5,23.35,23.0,13.0,15.0,ALUMINIUM,20.0,20.0,20.0,330.0,350.0,16.0,18.0,False,False,135.0,2.0,0.95,1.45,1.15,1.35,0.85,1.05,700.0,110.0,700.0,110.0,1,0,False,1,1,68.0,45.0,0.0,30.0,False,False,False,False,True,11,1,False,192.0,192.0,192.0,SPOKED,SPOKED,0,0,0.0,0.0,300.0,650.0,36.5,330.0,1
415.0,67.0,630.0,66.5,125.0,45.0,535.0,72.2,665.0,60.0,40.0,30.0,36.5,23.35,16.0,13.0,15.0,ALUMINIUM,20.0,20.0,20.0,330.0,350.0,16.0,18.0,False,False,135.0,2.0,1.15,1.65,1.35,1.0,1.2,1.4,700.0,110.0,700.0,110.0,1,2,False,1,3,68.0,45.0,0.0,30.0,False,False,False,False,True,11,1,False,192.0,192.0,192.0,SPOKED,SPOKED,0,0,0.0,0.0,300.0,650.0,36.5,330.0,1
405.0,73.0,570.0,69.5,95.0,45.0,505.0,73.8,635.0,45.0,40.0,30.0,36.5,23.35,24.0,13.0,15.0,ALUMINIUM,20.0,20.0,20.0,330.0,350.0,16.0,18.0,False,False,135.0,2.0,1.25,1.35,1.05,1.4,0.8,0.95,700.0,110.0,700.0,110.0,1,1,False,1,1,68.0,45.0,0.0,30.0,False,False,False,False,True,11,1,False,192.0,192.0,192.0,SPOKED,SPOKED,0,0,0.0,0.0,300.0,650.0,36.5,330.0,1
455.0,65.0,550.0,67.2,85.0,45.0,545.0,74.2,675.0,50.0,40.0,30.0,36.5,23.35,15.0,13.0,15.0,ALUMINIUM,20.0,20.0,20.0,330.0,350.0,16.0,18.0,False,False,135.0,2.0,0.85,1.75,1.45,0.95,1.25,1.45,700.0,110.0,700.0,110.0,1,2,False,1,3,68.0,45.0,0.0,30.0,False,False,False,False,True,11,1,False,192.0,192.0,192.0,SPOKED,SPOKED,0,0,0.0,0.0,300.0,650.0,36.5,330.0,1
420.0,35.0,610.0,68.0,120.0,45.0,550.0,74.0,650.0,45.0,40.0,38.1,36.5,23.35,23.35,15.0,9.0,ALUMINIUM,40.0,40.0,40.0,0.0,0.0,0.0,0.0,False,False,135.0,2.0,0.9,1.1,0.9,1.2,1.0,0.9,700.0,52.0,700.0,52.0,1,1,False,1,2,68.0,44.0,0.0,31.8,False,False,False,False,False,10,2,False,192.0,192.0,192.0,SPOKED,SPOKED,0,0,0.0,0.0,280.0,510.0,36.5,300.0,1
425.0,32.0,615.0,69.0,130.0,47.0,555.0,74.5,655.0,47.0,40.0,38.1,36.5,23.35,23.35,17.0,9.0,ALUMINIUM,42.0,38.0,42.0,0.0,0.0,0.0,0.0,False,False,135.0,2.0,0.9,1.1,0.9,1.2,1.0,0.9,700.0,52.0,700.0,52.0,1,1,False,1,2,68.0,46.0,0.0,31.8,False,False,False,False,False,11,2,False,192.0,192.0,192.0,SPOKED,SPOKED,0,0,0.0,0.0,285.0,515.0,36.5,305.0,1
415.0,38.0,605.0,68.5,125.0,44.0,545.0,73.5,645.0,46.0,40.0,38.1,36.5,23.35,23.35,16.0,9.0,ALUMINIUM,38.0,42.0,38.0,0.0,0.0,0.0,0.0,False,False,135.0,2.0,0.9,1.1,0.9,1.2,1.0,0.9,700.0,52.0,700.0,52.0,1,1,False,1,2,68.0,45.0,0.0,31.8,False,False,False,False,False,10,1,False,192.0,192.0,192.0,SPOKED,SPOKED,0,0,0.0,0.0,280.0,508.0,36.5,295.0,1
430.0,36.0,620.0,68.0,140.0,46.0,560.0,75.0,660.0,50.0,40.0,38.1,36.5,23.35,23.35,20.0,9.0,ALUMINIUM,45.0,35.0,45.0,0.0,0.0,0.0,0.0,False,False,135.0,2.0,0.9,1.1,0.9,1.2,1.0,0.9,700.0,52.0,700.0,52.0,1,1,False,1,2,68.0,50.0,0.0,31.8,False,False,False,False,False,12,2,False,192.0,192.0,192.0,SPOKED,SPOKED,0,0,0.0,0.0,290.0,520.0,36.5,310.0,1
418.0,34.0,612.0,69.5,135.0,45.0,550.0,74.0,650.0,48.0,40.0,38.1,36.5,23.35,23.35,16.0,9.0,ALUMINIUM,40.0,40.0,42.0,0.0,0.0,0.0,0.0,False,False,135.0,2.0,0.9,1.1,0.9,1.2,1.0,0.9,700.0,52.0,700.0,52.0,1,1,False,1,2,68.0,46.0,0.0,31.8,False,False,False,False,False,10,1,False,192.0,192.0,192.0,SPOKED,SPOKED,0,0,0.0,0.0,275.0,512.0,36.5,300.0,1
422.0,30.0,618.0,67.5,150.0,46.0,555.0,73.0,655.0,46.0,40.0,38.1,36.5,23.35,23.35,18.0,9.0,ALUMINIUM,42.0,40.0,38.0,0.0,0.0,0.0,0.0,False,False,135.0,2.0,0.9,1.1,0.9,1.2,1.0,0.9,700.0,52.0,700.0,52.0,1,1,False,1,2,68.0,48.0,0.0,31.8,False,False,False,False,False,12,2,False,192.0,192.0,192.0,SPOKED,SPOKED,0,0,0.0,0.0,285.0,518.0,36.5,315.0,1
427.0,33.0,625.0,69.0,145.0,48.0,558.0,74.0,658.0,49.0,40.0,38.1,36.5,23.35,23.35,19.0,9.0,ALUMINIUM,40.0,38.0,40.0,0.0,0.0,0.0,0.0,False,False,135.0,2.0,0.9,1.1,0.9,1.2,1.0,0.9,700.0,52.0,700.0,52.0,1,1,False,1,2,68.0,52.0,0.0,31.8,False,False,False,False,False,11,2,False,192.0,192.0,192.0,SPOKED,SPOKED,0,0,0.0,0.0,295.0,522.0,36.5,320.0,1
419.0,37.0,608.0,68.2,128.0,45.0,552.0,73.8,648.0,45.0,40.0,38.1,36.5,23.35,23.35,17.0,9.0,ALUMINIUM,39.0,41.0,39.0,0.0,0.0,0.0,0.0,False,False,135.0,2.0,0.9,1.1,0.9,1.2,1.0,0.9,700.0,52.0,700.0,52.0,1,1,False,1,2,68.0,45.0,0.0,31.8,False,False,False,False,False,10,1,False,192.0,192.0,192.0,SPOKED,SPOKED,0,0,0.0,0.0,280.0,510.0,36.5,308.0,1
421.0,35.0,613.0,70.0,138.0,47.0,553.0,74.7,652.0,47.0,40.0,38.1,36.5,23.35,23.35,16.0,9.0,ALUMINIUM,43.0,39.0,43.0,0.0,0.0,0.0,0.0,False,False,135.0,2.0,0.9,1.1,0.9,1.2,1.0,0.9,700.0,52.0,700.0,52.0,1,1,False,1,2,68.0,49.0,0.0,31.8,False,False,False,False,False,11,2,False,192.0,192.0,192.0,SPOKED,SPOKED,0,0,0.0,0.0,290.0,519.0,36.5,312.0,1
417.0,36.0,607.0,67.8,132.0,46.0,550.0,73.2,647.0,46.0,40.0,38.1,36.5,23.35,23.35,15.0,9.0,ALUMINIUM,41.0,40.0,41.0,0.0,0.0,0.0,0.0,False,False,135.0,2.0,0.9,1.1,0.9,1.2,1.0,0.9,700.0,52.0,700.0,52.0,1,1,False,1,2,68.0,47.0,0.0,31.8,False,False,False,False,False,12,2,False,192.0,192.0,192.0,SPOKED,SPOKED,0,0,0.0,0.0,284.0,507.0,36.5,305.0,1
420.0,65.0,580.0,67.0,100.0,50.0,550.0,74.0,620.0,45.0,45.0,32.0,32.0,28.0,22.0,13.0,15.0,ALUMINIUM,22.0,50.0,44.0,0.0,0.0,0.0,0.0,False,False,135.0,2.0,0.9,1.1,0.9,1.2,1.0,0.9,700.0,34.0,700.0,34.0,1,0,False,1,1,68.0,44.0,0.0,31.6,True,False,False,False,True,12,2,False,192.0,192.0,192.0,SPOKED,SPOKED,0,0,0.0,0.0,270.0,760.0,40.0,350.0,1
430.0,60.0,600.0,66.0,110.0,48.0,560.0,73.0,630.0,45.0,45.0,34.0,34.0,29.0,23.0,13.0,15.0,ALUMINIUM,23.0,52.0,45.0,0.0,0.0,0.0,0.0,False,False,135.0,2.0,0.9,1.1,0.9,1.2,1.0,0.9,700.0,34.0,700.0,34.0,1,0,False,1,1,68.0,44.0,0.0,31.6,True,False,False,False,True,12,2,False,192.0,192.0,192.0,SPOKED,SPOKED,0,0,0.0,0.0,270.0,760.0,40.0,350.0,1
440.0,70.0,620.0,65.0,120.0,52.0,570.0,72.0,640.0,45.0,45.0,33.0,33.0,28.0,22.0,13.0,15.0,ALUMINIUM,24.0,54.0,46.0,0.0,0.0,0.0,0.0,False,False,135.0,2.0,0.9,1.1,0.9,1.2,1.0,0.9,700.0,34.0,700.0,34.0,1,0,False,1,1,68.0,44.0,0.0,31.6,True,False,False,False,True,12,2,False,192.0,192.0,192.0,SPOKED,SPOKED,0,0,0.0,0.0,270.0,760.0,40.0,350.0,1
425.0,68.0,590.0,68.0,95.0,54.0,555.0,75.0,615.0,45.0,45.0,31.0,31.0,27.0,21.0,13.0,15.0,ALUMINIUM,21.0,51.0,43.0,0.0,0.0,0.0,0.0,False,False,135.0,2.0,0.9,1.1,0.9,1.2,1.0,0.9,700.0,34.0,700.0,34.0,1,0,False,1,1,68.0,44.0,0.0,31.6,True,False,False,False,True,12,2,False,192.0,192.0,192.0,SPOKED,SPOKED,0,0,0.0,0.0,270.0,760.0,40.0,350.0,1
435.0,64.0,605.0,67.0,105.0,50.0,565.0,74.0,635.0,45.0,45.0,32.0,30.0,26.0,20.0,13.0,15.0,ALUMINIUM,22.0,50.0,44.0,0.0,0.0,0.0,0.0,False,False,135.0,2.0,0.9,1.1,0.9,1.2,1.0,0.9,700.0,34.0,700.0,34.0,1,0,False,1,1,68.0,44.0,0.0,31.6,True,False,False,False,True,12,2,False,192.0,192.0,192.0,SPOKED,SPOKED,0,0,0.0,0.0,270.0,760.0,40.0,350.0,1
445.0,62.0,615.0,66.5,115.0,49.0,580.0,73.5,645.0,45.0,45.0,33.0,32.0,28.0,22.0,13.0,15.0,ALUMINIUM,23.0,53.0,45.0,0.0,0.0,0.0,0.0,False,False,135.0,2.0,0.9,1.1,0.9,1.2,1.0,0.9,700.0,34.0,700.0,34.0,1,0,False,1,1,68.0,44.0,0.0,31.6,True,False,False,False,True,12,2,False,192.0,192.0,192.0,SPOKED,SPOKED,0,0,0.0,0.0,270.0,760.0,40.0,350.0,1
420.0,66.0,595.0,67.5,90.0,47.0,550.0,74.5,605.0,45.0,45.0,34.0,34.0,29.0,23.0,13.0,15.0,ALUMINIUM,21.0,49.0,43.0,0.0,0.0,0.0,0.0,False,False,135.0,2.0,0.9,1.1,0.9,1.2,1.0,0.9,700.0,34.0,700.0,34.0,1,0,False,1,1,68.0,44.0,0.0,31.6,True,False,False,False,True,12,2,False,192.0,192.0,192.0,SPOKED,SPOKED,0,0,0.0,0.0,270.0,760.0,40.0,350.0,1
455.0,61.0,610.0,65.5,112.0,53.0,575.0,72.5,650.0,45.0,45.0,32.0,33.0,28.0,22.0,13.0,15.0,ALUMINIUM,24.0,54.0,46.0,0.0,0.0,0.0,0.0,False,False,135.0,2.0,0.9,1.1,0.9,1.2,1.0,0.9,700.0,34.0,700.0,34.0,1,0,False,1,1,68.0,44.0,0.0,31.6,True,False,False,False,True,12,2,False,192.0,192.0,192.0,SPOKED,SPOKED,0,0,0.0,0.0,270.0,760.0,40.0,350.0,1
460.0,63.0,600.0,66.8,118.0,51.0,565.0,73.2,638.0,45.0,45.0,31.0,32.0,30.0,24.0,13.0,15.0,ALUMINIUM,23.0,52.0,45.0,0.0,0.0,0.0,0.0,False,False,135.0,2.0,0.9,1.1,0.9,1.2,1.0,0.9,700.0,34.0,700.0,34.0,1,0,False,1,1,68.0,44.0,0.0,31.6,True,False,False,False,True,12,2,False,192.0,192.0,192.0,SPOKED,SPOKED,0,0,0.0,0.0,270.0,760.0,40.0,350.0,1
430.0,68.0,605.0,67.2,108.0,50.0,585.0,74.0,640.0,45.0,45.0,33.0,31.0,27.0,21.0,13.0,15.0,ALUMINIUM,22.0,51.0,44.0,0.0,0.0,0.0,0.0,False,False,135.0,2.0,0.9,1.1,0.9,1.2,1.0,0.9,700.0,34.0,700.0,34.0,1,0,False,1,1,68.0,44.0,0.0,31.6,True,False,False,False,True,12,2,False,192.0,192.0,192.0,SPOKED,SPOKED,0,0,0.0,0.0,270.0,760.0,40.0,350.0,1
425.0,66.0,620.0,68.0,120.0,45.0,550.0,73.0,670.0,45.0,40.0,28.6,33.6,36.5,23.35,13.0,15.0,ALUMINIUM,40.0,50.0,50.0,330.0,350.0,16.0,18.0,False,False,135.0,2.0,2.0,2.0,2.0,2.0,2.0,2.0,735.0,60.0,735.0,60.0,1,1,False,1,1,68.0,44.0,130.0,31.8,False,False,False,False,True,11,1,False,192.0,192.0,192.0,SPOKED,SPOKED,0,0,80.0,80.0,280.0,550.0,34.9,300.0,1
430.0,66.0,630.0,68.0,130.0,45.0,560.0,73.0,680.0,45.0,40.0,28.6,33.6,36.5,23.35,13.0,15.0,ALUMINIUM,40.0,50.0,50.0,330.0,350.0,16.0,18.0,False,False,135.0,2.0,2.0,2.0,2.0,2.0,2.0,2.0,735.0,60.0,735.0,60.0,1,1,False,1,1,68.0,44.0,130.0,31.8,False,False,False,False,True,12,2,False,160.0,160.0,160.0,SPOKED,SPOKED,0,0,80.0,80.0,280.0,550.0,34.9,300.0,1
420.0,66.0,610.0,68.0,110.0,45.0,540.0,73.0,660.0,45.0,40.0,28.6,33.6,36.5,23.35,13.0,15.0,ALUMINIUM,40.0,50.0,50.0,330.0,350.0,16.0,18.0,False,False,135.0,2.0,2.0,2.0,2.0,2.0,2.0,2.0,735.0,60.0,735.0,60.0,1,1,False,1,1,68.0,44.0,130.0,31.8,False,False,False,False,True,10,3,False,180.0,180.0,180.0,SPOKED,SPOKED,0,0,80.0,80.0,280.0,550.0,34.9,300.0,1
440.0,66.0,640.0,68.0,140.0,45.0,570.0,73.0,690.0,45.0,40.0,28.6,33.6,36.5,23.35,13.0,15.0,ALUMINIUM,40.0,50.0,50.0,330.0,350.0,16.0,18.0,False,False,135.0,2.0,2.0,2.0,2.0,2.0,2.0,2.0,735.0,60.0,735.0,60.0,1,1,False,1,1,68.0,44.0,130.0,31.8,False,False,False,False,True,11,2,False,200.0,200.0,200.0,SPOKED,SPOKED,0,0,80.0,80.0,280.0,550.0,34.9,300.0,1
450.0,66.0,600.0,68.0,100.0,45.0,530.0,73.0,650.0,45.0,40.0,28.6,33.6,36.5,23.35,13.0,15.0,ALUMINIUM,40.0,50.0,50.0,330.0,350.0,16.0,18.0,False,False,135.0,2.0,2.0,2.0,2.0,2.0,2.0,2.0,735.0,60.0,735.0,60.0,1,1,False,1,1,68.0,44.0,130.0,31.8,False,False,False,False,True,12,1,False,210.0,210.0,210.0,SPOKED,SPOKED,0,0,80.0,80.0,280.0,550.0,34.9,300.0,1
415.0,66.0,620.0,68.0,120.0,45.0,550.0,73.0,670.0,45.0,40.0,28.6,33.6,36.5,23.35,13.0,15.0,ALUMINIUM,40.0,50.0,50.0,330.0,350.0,16.0,18.0,False,False,135.0,2.0,2.0,2.0,2.0,2.0,2.0,2.0,735.0,60.0,735.0,60.0,1,1,False,1,1,68.0,44.0,130.0,31.8,False,False,False,False,True,11,1,False,192.0,192.0,192.0,SPOKED,SPOKED,0,1,80.0,100.0,280.0,550.0,34.9,300.0,1
425.0,70.0,625.0,68.0,125.0,45.0,550.0,73.0,675.0,45.0,40.0,28.6,33.6,36.5,23.35,13.0,15.0,ALUMINIUM,40.0,50.0,50.0,330.0,350.0,16.0,18.0,False,False,135.0,2.0,2.0,2.0,2.0,2.0,2.0,2.0,735.0,60.0,735.0,60.0,1,1,False,1,1,68.0,44.0,130.0,31.8,False,False,True,False,True,11,1,True,180.0,180.0,200.0,SPOKED,SPOKED,0,0,80.0,80.0,280.0,550.0,34.9,300.0,1
435.0,63.0,615.0,68.0,115.0,45.0,555.0,73.0,665.0,45.0,40.0,28.6,33.6,36.5,23.35,13.0,15.0,ALUMINIUM,40.0,50.0,50.0,330.0,350.0,16.0,18.0,False,False,135.0,2.0,2.0,2.0,2.0,2.0,2.0,2.0,735.0,60.0,735.0,60.0,1,1,False,1,1,68.0,44.0,130.0,31.8,False,False,False,True,True,11,1,False,170.0,170.0,180.0,SPOKED,SPOKED,0,0,80.0,80.0,280.0,550.0,34.9,300.0,1
430.0,68.0,630.0,68.0,120.0,45.0,560.0,73.0,680.0,45.0,40.0,28.6,33.6,36.5,23.35,13.0,15.0,ALUMINIUM,40.0,50.0,50.0,330.0,350.0,16.0,18.0,False,False,135.0,2.0,2.0,2.0,2.0,2.0,2.0,2.0,735.0,60.0,735.0,60.0,1,1,False,1,1,68.0,44.0,130.0,31.8,False,False,True,False,True,11,1,False,150.0,150.0,150.0,SPOKED,SPOKED,0,0,80.0,80.0,280.0,550.0,34.9,300.0,1
420.0,65.0,605.0,68.0,110.0,45.0,545.0,73.0,660.0,45.0,40.0,28.6,33.6,36.5,23.35,13.0,15.0,ALUMINIUM,40.0,50.0,50.0,330.0,350.0,16.0,18.0,False,False,135.0,2.0,2.0,2.0,2.0,2.0,2.0,2.0,735.0,60.0,735.0,60.0,1,1,False,1,1,68.0,44.0,130.0,31.8,True,False,False,False,True,11,1,False,180.0,190.0,200.0,SPOKED,SPOKED,0,0,80.0,80.0,280.0,550.0,34.9,300.0,1
435.0,55.0,610.0,69.0,140.0,45.0,540.0,74.0,640.0,45.0,45.0,28.6,28.6,36.5,23.35,13.0,15.0,ALUMINIUM,35.0,50.0,40.0,330.0,350.0,16.0,18.0,True,True,135.0,2.0,0.9,1.1,0.9,1.2,1.0,0.9,674.0,52.0,674.0,52.0,1,1,False,1,1,68.0,45.0,0.0,31.8,False,False,False,False,True,11,1,False,192.0,192.0,192.0,SPOKED,SPOKED,0,0,0.0,0.0,280.0,750.0,34.9,330.0,1
440.0,60.0,620.0,68.0,150.0,50.0,550.0,73.0,650.0,45.0,45.0,28.6,28.6,36.5,23.35,13.0,15.0,ALUMINIUM,38.0,55.0,42.0,330.0,350.0,16.0,18.0,True,True,135.0,2.0,0.9,1.1,0.9,1.2,1.0,0.9,674.0,52.0,674.0,52.0,1,1,False,1,1,68.0,45.0,0.0,31.8,False,False,False,False,True,11,1,False,192.0,192.0,192.0,SPOKED,SPOKED,0,0,0.0,0.0,280.0,760.0,34.9,340.0,1
430.0,58.0,605.0,70.0,130.0,47.0,530.0,75.0,630.0,45.0,45.0,28.6,28.6,36.5,23.35,13.0,15.0,ALUMINIUM,32.0,48.0,45.0,330.0,350.0,16.0,18.0,True,True,135.0,2.0,0.9,1.1,0.9,1.2,1.0,0.9,674.0,52.0,674.0,52.0,1,1,False,1,1,68.0,45.0,0.0,31.8,False,False,False,False,True,11,1,False,192.0,192.0,192.0,SPOKED,SPOKED,0,0,0.0,0.0,280.0,740.0,34.9,320.0,1
450.0,65.0,615.0,67.0,160.0,48.0,570.0,74.5,660.0,45.0,45.0,28.6,28.6,36.5,23.35,13.0,15.0,ALUMINIUM,40.0,60.0,35.0,330.0,350.0,16.0,18.0,True,True,135.0,2.0,0.9,1.1,0.9,1.2,1.0,0.9,674.0,52.0,674.0,52.0,1,1,False,1,1,68.0,45.0,0.0,31.8,False,False,False,False,True,11,1,False,192.0,192.0,192.0,SPOKED,SPOKED,0,0,0.0,0.0,280.0,770.0,34.9,350.0,1
445.0,62.0,612.0,69.5,145.0,46.0,560.0,73.5,645.0,45.0,45.0,28.6,28.6,36.5,23.35,13.0,15.0,ALUMINIUM,36.0,52.0,38.0,330.0,350.0,16.0,18.0,True,True,135.0,2.0,0.9,1.1,0.9,1.2,1.0,0.9,674.0,52.0,674.0,52.0,1,1,False,1,1,68.0,45.0,0.0,31.8,False,False,False,False,True,11,1,False,192.0,192.0,192.0,SPOKED,SPOKED,0,0,0.0,0.0,280.0,755.0,34.9,340.0,1
438.0,59.0,608.0,71.0,135.0,49.0,550.0,72.5,635.0,45.0,45.0,28.6,28.6,36.5,23.35,13.0,15.0,ALUMINIUM,34.0,53.0,44.0,330.0,350.0,16.0,18.0,True,True,135.0,2.0,0.9,1.1,0.9,1.2,1.0,0.9,674.0,52.0,674.0,52.0,1,1,False,1,1,68.0,45.0,0.0,31.8,False,False,False,False,True,11,1,False,192.0,192.0,192.0,SPOKED,SPOKED,0,0,0.0,0.0,280.0,745.0,34.9,325.0,1
442.0,57.0,602.0,72.0,120.0,45.0,540.0,74.2,640.0,45.0,45.0,28.6,28.6,36.5,23.35,13.0,15.0,ALUMINIUM,33.0,54.0,41.0,330.0,350.0,16.0,18.0,True,True,135.0,2.0,0.9,1.1,0.9,1.2,1.0,0.9,674.0,52.0,674.0,52.0,1,1,False,1,1,68.0,45.0,0.0,31.8,False,False,False,False,True,11,1,False,192.0,192.0,192.0,SPOKED,SPOKED,0,0,0.0,0.0,280.0,735.0,34.9,315.0,1
433.0,63.0,618.0,68.5,155.0,50.0,565.0,73.8,655.0,45.0,45.0,28.6,28.6,36.5,23.35,13.0,15.0,ALUMINIUM,39.0,58.0,37.0,330.0,350.0,16.0,18.0,True,True,135.0,2.0,0.9,1.1,0.9,1.2,1.0,0.9,674.0,52.0,674.0,52.0,1,1,False,1,1,68.0,45.0,0.0,31.8,False,False,False,False,True,11,1,False,192.0,192.0,192.0,SPOKED,SPOKED,0,0,0.0,0.0,280.0,765.0,34.9,345.0,1
446.0,61.0,614.0,67.5,140.0,46.0,555.0,72.8,648.0,45.0,45.0,28.6,28.6,36.5,23.35,13.0,15.0,ALUMINIUM,37.0,51.0,43.0,330.0,350.0,16.0,18.0,True,True,135.0,2.0,0.9,1.1,0.9,1.2,1.0,0.9,674.0,52.0,674.0,52.0,1,1,False,1,1,68.0,45.0,0.0,31.8,False,False,False,False,True,11,1,False,192.0,192.0,192.0,SPOKED,SPOKED,0,0,0.0,0.0,280.0,758.0,34.9,338.0,1
437.0,56.0,607.0,70.5,142.0,49.0,545.0,73.2,638.0,45.0,45.0,28.6,28.6,36.5,23.35,13.0,15.0,ALUMINIUM,35.0,49.0,46.0,330.0,350.0,16.0,18.0,True,True,135.0,2.0,0.9,1.1,0.9,1.2,1.0,0.9,674.0,52.0,674.0,52.0,1,1,False,1,1,68.0,45.0,0.0,31.8,False,False,False,False,True,11,1,False,192.0,192.0,192.0,SPOKED,SPOKED,0,0,0.0,0.0,280.0,750.0,34.9,330.0,1
430.0,60.0,630.0,67.0,100.0,40.0,580.0,73.0,670.0,45.0,45.0,34.0,36.0,26.0,26.0,13.0,15.0,ALUMINIUM,25.0,50.0,45.0,330.0,350.0,16.0,18.0,False,False,135.0,2.0,1.0,1.2,1.0,1.2,1.0,1.0,676.0,54.0,676.0,54.0,1,0,False,1,1,68.0,45.0,31.8,31.8,False,False,False,False,True,11,1,False,192.0,192.0,192.0,SPOKED,SPOKED,0,0,0.0,0.0,280.0,760.0,34.9,330.0,1
428.0,62.0,635.0,66.5,95.0,38.0,590.0,72.5,660.0,45.0,45.0,33.0,35.0,25.0,25.0,13.5,15.5,ALUMINIUM,22.0,55.0,42.0,332.0,348.0,16.5,18.0,False,False,135.0,2.0,1.0,1.1,1.0,1.2,1.0,1.0,676.0,54.0,676.0,54.0,1,0,False,1,1,68.0,45.0,31.8,31.8,False,False,False,False,True,11,1,False,192.0,192.0,192.0,SPOKED,SPOKED,0,0,0.0,0.0,285.0,750.0,34.9,330.0,1
435.0,58.0,620.0,67.5,105.0,42.0,600.0,73.5,680.0,45.0,45.0,34.5,36.5,26.0,26.0,13.0,15.0,ALUMINIUM,28.0,48.0,47.0,335.0,345.0,16.0,18.5,False,False,135.0,2.0,1.0,1.3,1.0,1.2,1.0,1.0,676.0,54.0,676.0,54.0,1,0,False,1,1,68.0,45.0,31.8,31.8,False,False,False,False,True,12,1,False,192.0,192.0,192.0,SPOKED,SPOKED,0,0,0.0,0.0,278.0,770.0,34.9,340.0,1
440.0,60.0,640.0,66.0,90.0,39.0,610.0,72.0,690.0,45.0,45.0,33.5,35.5,25.5,25.5,13.2,14.5,ALUMINIUM,24.0,52.0,43.0,330.0,350.0,17.0,18.0,False,False,135.0,2.0,1.0,1.2,1.0,1.2,1.0,1.0,676.0,54.0,676.0,54.0,1,0,False,1,1,68.0,45.0,31.8,31.8,False,False,False,False,True,10,2,False,192.0,192.0,192.0,SPOKED,SPOKED,0,0,0.0,0.0,290.0,755.0,34.9,320.0,1
433.0,65.0,628.0,67.0,110.0,41.0,585.0,73.0,675.0,45.0,45.0,34.0,36.0,26.0,26.0,13.0,15.0,ALUMINIUM,26.0,54.0,46.0,332.0,348.0,16.5,18.0,False,False,135.0,2.0,1.0,1.1,1.0,1.2,1.0,1.0,676.0,54.0,676.0,54.0,1,0,False,1,1,68.0,45.0,31.8,31.8,False,False,False,False,True,11,2,False,192.0,192.0,192.0,SPOKED,SPOKED,0,0,0.0,0.0,275.0,765.0,34.9,335.0,1
437.0,63.0,632.0,67.8,102.0,40.5,595.0,73.8,685.0,45.0,45.0,34.2,36.2,26.2,26.2,13.3,15.2,ALUMINIUM,27.0,53.0,44.0,333.0,347.0,16.2,18.2,False,False,135.0,2.0,1.0,1.2,1.0,1.2,1.0,1.0,676.0,54.0,676.0,54.0,1,0,False,1,1,68.0,45.0,31.8,31.8,False,False,False,False,True,12,1,False,192.0,192.0,192.0,SPOKED,SPOKED,0,0,0.0,0.0,282.0,758.0,34.9,328.0,1
432.0,59.0,618.0,65.5,115.0,36.0,570.0,72.2,662.0,45.0,45.0,33.8,35.8,25.8,25.8,13.1,14.8,ALUMINIUM,23.0,56.0,41.0,336.0,344.0,17.0,18.0,False,False,135.0,2.0,1.0,1.1,1.0,1.2,1.0,1.0,676.0,54.0,676.0,54.0,1,0,False,1,1,68.0,45.0,31.8,31.8,False,False,False,False,True,10,3,False,192.0,192.0,192.0,SPOKED,SPOKED,0,0,0.0,0.0,288.0,752.0,34.9,332.0,1
445.0,61.0,638.0,66.8,98.0,37.0,605.0,73.2,690.0,45.0,45.0,34.0,36.0,26.0,26.0,13.4,15.4,ALUMINIUM,29.0,49.0,48.0,331.0,349.0,16.0,18.5,False,False,135.0,2.0,1.0,1.2,1.0,1.2,1.0,1.0,676.0,54.0,676.0,54.0,1,0,False,1,1,68.0,45.0,31.8,31.8,False,False,False,False,True,11,1,False,192.0,192.0,192.0,SPOKED,SPOKED,0,0,0.0,0.0,283.0,765.0,34.9,336.0,1
438.0,64.0,622.0,67.2,112.0,42.0,580.0,73.5,672.0,45.0,45.0,34.6,36.6,26.1,26.1,13.1,15.1,ALUMINIUM,21.0,57.0,49.0,337.0,343.0,16.5,18.0,False,False,135.0,2.0,1.0,1.3,1.0,1.2,1.0,1.0,676.0,54.0,676.0,54.0,1,0,False,1,1,68.0,45.0,31.8,31.8,False,False,False,False,True,12,2,False,192.0,192.0,192.0,SPOKED,SPOKED,0,0,0.0,0.0,286.0,759.0,34.9,329.0,1
431.0,60.5,627.0,66.2,108.0,39.5,595.0,72.8,679.0,45.0,45.0,33.9,35.9,25.9,25.9,13.2,15.2,ALUMINIUM,26.5,51.0,44.5,334.0,346.0,16.2,18.2,False,False,135.0,2.0,1.0,1.2,1.0,1.2,1.0,1.0,676.0,54.0,676.0,54.0,1,0,False,1,1,68.0,45.0,31.8,31.8,False,False,False,False,True,11,1,False,192.0,192.0,192.0,SPOKED,SPOKED,0,0,0.0,0.0,284.0,753.0,34.9,331.0,1
