CS textfield,BB textfield,Stack,Head angle,Head tube length textfield,Seat stay junction0,Seat tube length,Seat angle,DT Length,FORK0R,BB diameter,ttd,dtd,csd,ssd,Chain stay position on BB,SSTopZOFFSET,MATERIAL,Head tube upper extension2,Seat tube extension2,Head tube lower extension2,SEATSTAYbrdgshift,CHAINSTAYbrdgshift,SEATSTAYbrdgdia1,CHAINSTAYbrdgdia1,SEATSTAYbrdgCheck,CHAINSTAYbrdgCheck,Dropout spacing,Wall thickness Bottom Bracket,Wall thickness Top tube,Wall thickness Head tube,Wall thickness Down tube,Wall thickness Chain stay,Wall thickness Seat stay,Wall thickness Seat tube,Wheel diameter front,RDBSD,Wheel diameter rear,FDBSD,Fork type,Stem kind,Display AEROBARS,Handlebar style,Head tube type,BB length,Head tube diameter,Wheel cut,Seat tube diameter,bottle SEATTUBE0 show,bottle DOWNTUBE0 show,Front Fender include,Rear Fender include,BELTorCHAIN,Number of cogs,Number of chainrings,Display RACK,FIRST color R_RGB,FIRST color G_RGB,FIRST color B_RGB,RIM_STYLE front,RIM_STYLE rear,SPOKES composite front,SPOKES composite rear,SBLADEW front,SBLADEW rear,Saddle length,Saddle height,Down tube diameter,Seatpost LENGTH,Seat tube type
430.0,70.0,620.0,73.0,150.0,45.0,550.0,74.0,650.0,45.0,47.0,33.7,36.5,36.5,23.5,13.0,15.0,STEEL,32.0,50.0,40.0,330.0,350.0,16.0,18.0,False,False,130.0,2.0,2.0,2.0,2.0,2.0,2.0,2.0,674.0,52.0,674.0,52.0,0,0,False,0,1.0,68.0,31.8,0.0,31.8,False,False,False,False,True,11,2.0,False,255.0,0.0,0.0,SPOKED,SPOKED,0.0,0.0,0.0,0.0,280.0,710.0,34.9,300.0,1.0
435.0,68.0,630.0,72.5,155.0,45.5,555.0,73.5,655.0,46.0,47.0,34.0,37.0,37.0,23.0,13.5,15.5,STEEL,33.0,52.0,42.0,332.0,352.0,16.0,18.0,False,False,135.0,2.1,2.0,2.0,2.0,2.0,2.0,2.0,678.0,50.0,678.0,50.0,0,1,False,0,1.0,68.0,32.0,0.0,32.0,False,False,False,False,True,12,2.0,False,255.0,0.0,0.0,SPOKED,SPOKED,0.0,0.0,0.0,0.0,285.0,715.0,35.0,305.0,1.0
440.0,72.0,625.0,73.5,160.0,46.0,540.0,74.5,660.0,44.0,47.0,35.0,36.0,36.0,22.5,13.0,15.0,STEEL,30.0,55.0,45.0,335.0,355.0,16.0,18.0,False,False,130.0,2.0,2.0,2.0,2.0,2.0,2.0,2.0,680.0,54.0,680.0,54.0,0,0,False,0,3.0,70.0,33.0,0.0,33.0,False,False,False,False,True,11,2.0,False,255.0,0.0,0.0,SPOKED,SPOKED,0.0,0.0,0.0,0.0,290.0,720.0,36.0,310.0,1.0
425.0,69.0,615.0,72.0,140.0,45.0,565.0,73.0,645.0,47.0,45.0,32.0,34.9,34.9,23.35,12.5,14.0,STEEL,28.0,48.0,38.0,328.0,348.0,15.0,17.0,False,False,130.0,2.2,2.1,2.0,2.2,1.8,1.8,2.0,674.0,52.0,674.0,52.0,0,1,False,0,2.0,68.0,30.0,0.0,30.0,False,False,False,False,True,10,2.0,False,255.0,0.0,0.0,SPOKED,SPOKED,0.0,0.0,0.0,0.0,275.0,705.0,33.5,295.0,1.0
445.0,70.0,640.0,74.0,170.0,50.0,580.0,75.0,670.0,43.0,47.0,36.0,38.0,38.0,24.0,14.0,16.0,STEEL,35.0,60.0,40.0,340.0,360.0,18.0,20.0,False,False,135.0,2.0,2.0,1.9,2.1,1.8,1.8,2.0,690.0,50.0,690.0,50.0,0,2,False,0,1.0,68.0,32.0,0.0,32.0,False,False,False,False,True,12,2.0,False,255.0,0.0,0.0,SPOKED,SPOKED,0.0,0.0,0.0,0.0,300.0,730.0,37.0,320.0,1.0
450.0,68.0,630.0,73.0,145.0,44.0,545.0,73.8,648.0,46.5,46.0,33.0,35.5,35.5,23.0,13.2,14.8,STEEL,31.5,54.0,39.0,334.0,354.0,16.0,18.0,False,False,130.0,2.0,2.2,2.0,2.2,2.0,2.0,2.0,676.0,53.0,676.0,53.0,0,0,False,0,1.0,68.0,31.8,0.0,31.8,False,False,False,False,True,11,1.0,False,255.0,0.0,0.0,SPOKED,SPOKED,0.0,0.0,0.0,0.0,285.0,710.0,35.5,305.0,2.0
420.0,75.0,615.0,72.0,138.0,45.0,530.0,73.0,642.0,44.0,45.0,34.5,36.0,36.0,22.0,13.0,14.0,STEEL,29.0,50.0,37.0,330.0,350.0,15.0,17.0,False,False,135.0,2.0,2.0,2.0,2.0,2.0,2.0,2.0,672.0,55.0,672.0,55.0,0,1,False,0,2.0,68.5,31.5,0.0,31.5,False,False,False,False,True,11,2.0,False,255.0,0.0,0.0,SPOKED,SPOKED,0.0,0.0,0.0,0.0,280.0,720.0,35.0,290.0,1.0
415.0,70.0,625.0,73.2,142.0,45.0,555.0,74.0,650.0,48.0,47.0,32.5,36.5,36.5,23.0,13.5,15.0,STEEL,29.5,53.0,39.5,333.0,353.0,16.5,18.5,False,False,130.0,2.0,2.0,2.0,2.0,2.0,2.0,2.0,674.0,52.0,674.0,52.0,0,2,False,0,1.0,68.0,32.0,0.0,32.0,False,False,False,False,True,12,2.0,False,255.0,0.0,0.0,SPOKED,SPOKED,0.0,0.0,0.0,0.0,288.0,715.0,36.0,310.0,1.0
438.0,66.0,640.0,73.0,165.0,47.0,575.0,74.5,665.0,45.5,47.0,35.5,37.5,37.5,23.5,14.0,16.0,STEEL,34.0,58.0,41.0,338.0,358.0,17.0,19.0,False,False,135.0,2.0,2.0,1.9,2.0,2.0,1.8,2.0,680.0,53.0,680.0,53.0,0,1,False,0,3.0,70.0,33.0,0.0,33.0,False,False,False,False,True,11,2.0,False,255.0,0.0,0.0,SPOKED,SPOKED,0.0,0.0,0.0,0.0,295.0,725.0,37.5,315.0,2.0
425.0,70.0,635.0,72.8,158.0,46.0,555.0,73.8,658.0,46.0,47.0,33.0,36.0,36.0,23.0,13.0,15.0,STEEL,32.0,56.0,40.0,336.0,356.0,16.0,18.0,False,False,130.0,2.0,2.0,2.0,2.0,2.0,2.0,2.0,674.0,52.0,674.0,52.0,0,0,False,0,0.0,68.0,32.0,0.0,32.0,False,False,False,False,True,11,2.0,False,255.0,0.0,0.0,SPOKED,SPOKED,0.0,0.0,0.0,0.0,282.0,718.0,35.0,308.0,1.0
430.0,70.0,580.0,73.0,105.0,45.0,540.0,73.0,630.0,45.0,45.0,25.4,36.5,23.35,23.35,13.0,15.0,STEEL,28.0,38.0,38.0,0.0,0.0,0.0,0.0,False,False,130.0,2.0,0.9,1.1,0.9,1.2,1.0,0.9,700.0,50.0,700.0,50.0,0,0,False,0,3.0,68.0,31.8,0.0,31.8,True,True,False,False,True,11,2.0,False,255.0,0.0,0.0,SPOKED,SPOKED,0.0,0.0,0.0,0.0,278.0,720.0,36.5,300.0,1.0
440.0,70.0,590.0,72.0,110.0,45.0,550.0,74.0,635.0,45.0,45.0,25.4,36.5,23.35,23.35,13.0,15.0,STEEL,30.0,40.0,40.0,0.0,0.0,0.0,0.0,False,False,130.0,2.0,0.9,1.1,0.9,1.2,1.0,0.9,700.0,50.0,700.0,50.0,0,0,False,0,3.0,68.0,31.8,0.0,31.8,True,True,False,False,True,11,2.0,False,255.0,0.0,0.0,SPOKED,SPOKED,0.0,0.0,0.0,0.0,278.0,720.0,36.5,300.0,1.0
450.0,70.0,600.0,74.0,115.0,45.0,560.0,75.0,640.0,45.0,45.0,25.4,36.5,23.35,23.35,13.0,15.0,STEEL,32.0,42.0,42.0,0.0,0.0,0.0,0.0,False,False,130.0,2.0,0.9,1.1,0.9,1.2,1.0,0.9,700.0,50.0,700.0,50.0,0,0,False,0,3.0,68.0,31.8,0.0,31.8,True,True,False,False,True,11,2.0,False,255.0,0.0,0.0,SPOKED,SPOKED,0.0,0.0,0.0,0.0,278.0,720.0,36.5,300.0,1.0
460.0,70.0,610.0,72.5,120.0,45.0,570.0,73.5,645.0,45.0,45.0,25.4,36.5,23.35,23.35,13.0,15.0,STEEL,34.0,44.0,44.0,0.0,0.0,0.0,0.0,False,False,130.0,2.0,0.9,1.1,0.9,1.2,1.0,0.9,700.0,50.0,700.0,50.0,0,0,False,0,3.0,68.0,31.8,0.0,31.8,True,True,False,False,True,11,2.0,False,255.0,0.0,0.0,SPOKED,SPOKED,0.0,0.0,0.0,0.0,278.0,720.0,36.5,300.0,1.0
420.0,70.0,620.0,73.5,125.0,45.0,580.0,74.5,650.0,45.0,45.0,25.4,36.5,23.35,23.35,13.0,15.0,STEEL,36.0,46.0,46.0,0.0,0.0,0.0,0.0,False,False,130.0,2.0,0.9,1.1,0.9,1.2,1.0,0.9,700.0,50.0,700.0,50.0,0,0,False,0,3.0,68.0,31.8,0.0,31.8,True,True,False,False,True,11,2.0,False,255.0,0.0,0.0,SPOKED,SPOKED,0.0,0.0,0.0,0.0,278.0,720.0,36.5,300.0,1.0
435.0,68.0,590.0,74.5,130.0,45.0,550.0,75.5,635.0,45.0,45.0,25.4,36.5,23.35,23.35,13.0,15.0,STEEL,38.0,48.0,48.0,0.0,0.0,0.0,0.0,False,False,130.0,2.0,0.9,1.1,0.9,1.2,1.0,0.9,700.0,50.0,700.0,50.0,0,0,False,0,3.0,68.0,31.8,0.0,31.8,True,True,False,False,True,11,2.0,False,255.0,0.0,0.0,SPOKED,SPOKED,0.0,0.0,0.0,0.0,278.0,720.0,36.5,300.0,1.0
445.0,68.0,600.0,73.0,135.0,45.0,560.0,74.0,640.0,45.0,45.0,25.4,36.5,23.35,23.35,13.0,15.0,STEEL,30.0,40.0,40.0,0.0,0.0,0.0,0.0,False,False,130.0,2.0,0.9,1.1,0.9,1.2,1.0,0.9,700.0,50.0,700.0,50.0,0,0,False,0,3.0,68.0,31.8,0.0,31.8,True,True,False,False,True,11,2.0,False,255.0,0.0,0.0,SPOKED,SPOKED,0.0,0.0,0.0,0.0,278.0,720.0,36.5,300.0,1.0
430.0,68.0,610.0,72.5,140.0,45.0,570.0,73.5,645.0,45.0,45.0,25.4,36.5,23.35,23.35,13.0,15.0,STEEL,32.0,42.0,42.0,0.0,0.0,0.0,0.0,False,False,130.0,2.0,0.9,1.1,0.9,1.2,1.0,0.9,700.0,50.0,700.0,50.0,0,0,False,0,3.0,68.0,31.8,0.0,31.8,True,True,False,False,True,11,2.0,False,255.0,0.0,0.0,SPOKED,SPOKED,0.0,0.0,0.0,0.0,278.0,720.0,36.5,300.0,1.0
440.0,68.0,620.0,73.5,145.0,45.0,580.0,74.5,650.0,45.0,45.0,25.4,36.5,23.35,23.35,13.0,15.0,STEEL,34.0,44.0,44.0,0.0,0.0,0.0,0.0,False,False,130.0,2.0,0.9,1.1,0.9,1.2,1.0,0.9,700.0,50.0,700.0,50.0,0,0,False,0,3.0,68.0,31.8,0.0,31.8,True,True,False,False,True,11,2.0,False,255.0,0.0,0.0,SPOKED,SPOKED,0.0,0.0,0.0,0.0,278.0,720.0,36.5,300.0,1.0
450.0,68.0,580.0,74.0,150.0,45.0,540.0,75.0,630.0,45.0,45.0,25.4,36.5,23.35,23.35,13.0,15.0,STEEL,36.0,46.0,46.0,0.0,0.0,0.0,0.0,False,False,130.0,2.0,0.9,1.1,0.9,1.2,1.0,0.9,700.0,50.0,700.0,50.0,0,0,False,0,3.0,68.0,31.8,0.0,31.8,True,True,False,False,True,11,2.0,False,255.0,0.0,0.0,SPOKED,SPOKED,0.0,0.0,0.0,0.0,278.0,720.0,36.5,300.0,1.0
420.0,70.0,600.0,73.0,110.0,45.0,550.0,73.5,660.0,45.0,40.0,28.0,36.0,36.5,23.5,13.0,15.0,STEEL,55.0,48.0,45.0,330.0,350.0,16.0,18.0,False,False,130.0,2.0,1.0,1.2,1.0,1.3,1.1,1.0,674.0,52.0,674.0,52.0,0,0,False,0,0.0,68.0,31.8,692.0,26.8,False,False,False,False,True,11,2.0,False,255.0,0.0,0.0,DISC,SPOKED,0.0,0.0,0.0,0.0,280.0,720.0,36.0,300.0,1.0
425.0,68.0,605.0,72.5,115.0,45.0,545.0,74.0,655.0,46.0,40.0,29.0,37.0,36.5,23.4,13.0,15.0,STEEL,53.0,50.0,42.0,330.0,350.0,16.0,18.0,False,False,130.0,2.0,0.9,1.1,0.9,1.2,1.0,0.9,674.0,52.0,674.0,52.0,0,0,False,0,0.0,68.0,31.8,692.0,27.0,False,False,False,False,True,10,2.0,False,255.0,0.0,0.0,DISC,SPOKED,0.0,0.0,0.0,0.0,282.0,725.0,37.0,305.0,1.0
430.0,65.0,610.0,73.5,120.0,45.0,540.0,73.0,650.0,45.0,40.0,28.5,36.5,36.5,23.3,13.0,15.0,STEEL,60.0,49.0,43.0,330.0,350.0,16.0,18.0,False,False,130.0,2.0,0.8,1.0,0.8,1.1,0.9,0.8,674.0,52.0,674.0,52.0,0,0,False,0,0.0,68.0,31.8,692.0,27.0,False,False,False,False,True,11,2.0,False,255.0,0.0,0.0,DISC,SPOKED,0.0,0.0,0.0,0.0,278.0,730.0,36.5,310.0,1.0
415.0,75.0,595.0,72.0,100.0,45.0,555.0,74.0,665.0,48.0,40.0,27.5,35.5,36.5,23.6,13.0,15.0,STEEL,50.0,47.0,40.0,330.0,350.0,16.0,18.0,False,False,130.0,2.0,1.1,1.3,1.1,1.4,1.2,1.1,674.0,52.0,674.0,52.0,0,0,False,0,0.0,68.0,31.8,692.0,26.8,False,False,False,False,True,9,2.0,False,255.0,0.0,0.0,DISC,SPOKED,0.0,0.0,0.0,0.0,285.0,728.0,35.5,295.0,1.0
422.0,69.0,602.0,73.0,108.0,45.0,548.0,73.5,658.0,45.0,40.0,28.0,36.0,36.5,23.4,13.0,15.0,STEEL,57.0,48.5,41.0,330.0,350.0,16.0,18.0,False,False,130.0,2.0,0.95,1.15,0.95,1.25,1.05,0.95,674.0,52.0,674.0,52.0,0,0,False,0,0.0,68.0,31.8,692.0,27.0,False,False,False,False,True,12,2.0,False,255.0,0.0,0.0,DISC,SPOKED,0.0,0.0,0.0,0.0,279.0,735.0,36.0,300.0,1.0
418.0,72.0,598.0,72.8,112.0,45.0,552.0,73.2,662.0,47.0,40.0,28.8,36.8,36.5,23.5,13.0,15.0,STEEL,56.0,49.5,44.0,330.0,350.0,16.0,18.0,False,False,130.0,2.0,0.9,1.1,0.9,1.2,1.0,0.9,674.0,52.0,674.0,52.0,0,0,False,0,0.0,68.0,31.8,692.0,26.8,False,False,False,False,True,10,2.0,False,255.0,0.0,0.0,DISC,SPOKED,0.0,0.0,0.0,0.0,281.0,740.0,36.8,305.0,1.0
426.0,68.5,607.0,73.3,118.0,45.0,545.5,73.7,656.5,46.5,40.0,29.2,37.2,36.5,23.45,13.0,15.0,STEEL,58.0,50.5,42.5,330.0,350.0,16.0,18.0,False,False,130.0,2.0,0.92,1.12,0.92,1.22,1.02,0.92,674.0,52.0,674.0,52.0,0,0,False,0,0.0,68.0,31.8,692.0,27.0,False,False,False,False,True,11,2.0,False,255.0,0.0,0.0,DISC,SPOKED,0.0,0.0,0.0,0.0,283.0,745.0,37.2,310.0,1.0
419.0,71.0,603.5,72.9,109.0,45.0,551.0,73.4,660.5,45.5,40.0,28.4,36.4,36.5,23.4,13.0,15.0,STEEL,54.0,48.8,43.8,330.0,350.0,16.0,18.0,False,False,130.0,2.0,0.88,1.08,0.88,1.18,0.98,0.88,674.0,52.0,674.0,52.0,0,0,False,0,0.0,68.0,31.8,692.0,26.8,False,False,False,False,True,9,2.0,False,255.0,0.0,0.0,DISC,SPOKED,0.0,0.0,0.0,0.0,280.0,732.0,36.4,302.0,1.0
427.0,67.5,610.0,73.6,122.0,45.0,543.0,73.1,652.0,46.0,40.0,29.5,37.5,36.5,23.5,13.0,15.0,STEEL,59.0,51.0,42.8,330.0,350.0,16.0,18.0,False,False,130.0,2.0,0.93,1.13,0.93,1.23,1.03,0.93,674.0,52.0,674.0,52.0,0,0,False,0,0.0,68.0,31.8,692.0,27.0,False,False,False,False,True,10,2.0,False,255.0,0.0,0.0,DISC,SPOKED,0.0,0.0,0.0,0.0,282.0,750.0,37.5,315.0,1.0
420.0,70.0,580.0,72.0,100.0,45.0,540.0,74.0,585.0,45.0,40.0,31.8,36.5,23.35,23.35,13.0,15.0,STEEL,30.0,45.0,35.0,0.0,0.0,0.0,0.0,False,False,130.0,2.0,0.9,1.1,0.9,1.2,1.0,0.9,700.0,38.0,700.0,38.0,0,0,False,0,1.0,68.0,31.8,0.0,31.8,False,False,False,False,True,11,2.0,False,255.0,0.0,0.0,SPOKED,SPOKED,0.0,0.0,0.0,0.0,280.0,700.0,80.0,300.0,1.0
422.0,70.0,585.0,72.5,110.0,45.0,545.0,74.0,590.0,46.0,41.0,31.8,36.5,23.35,23.35,13.0,15.0,STEEL,32.0,47.0,37.0,0.0,0.0,0.0,0.0,False,False,130.0,2.0,0.9,1.1,0.9,1.2,1.0,0.9,700.0,38.0,700.0,38.0,0,1,False,0,1.0,68.0,31.8,0.0,31.8,False,False,False,False,True,11,2.0,False,255.0,0.0,0.0,SPOKED,SPOKED,0.0,0.0,0.0,0.0,280.0,705.0,80.0,300.0,1.0
424.0,70.0,590.0,73.0,120.0,45.0,550.0,74.0,595.0,47.0,42.0,31.8,36.5,23.35,23.35,13.0,15.0,STEEL,34.0,49.0,39.0,0.0,0.0,0.0,0.0,False,False,130.0,2.0,0.9,1.1,0.9,1.2,1.0,0.9,700.0,38.0,700.0,38.0,0,2,False,0,1.0,68.0,31.8,0.0,31.8,False,False,False,False,True,11,2.0,False,255.0,0.0,0.0,SPOKED,SPOKED,0.0,0.0,0.0,0.0,280.0,710.0,80.0,300.0,1.0
426.0,70.0,595.0,73.5,130.0,45.0,555.0,74.0,600.0,48.0,43.0,31.8,36.5,23.35,23.35,13.0,15.0,STEEL,36.0,51.0,41.0,0.0,0.0,0.0,0.0,False,False,130.0,2.0,0.9,1.1,0.9,1.2,1.0,0.9,700.0,38.0,700.0,38.0,0,0,False,0,1.0,68.0,31.8,0.0,31.8,False,False,False,False,True,11,2.0,False,255.0,0.0,0.0,SPOKED,SPOKED,0.0,0.0,0.0,0.0,280.0,715.0,80.0,300.0,1.0
428.0,70.0,600.0,74.0,140.0,45.0,560.0,74.0,605.0,49.0,44.0,31.8,36.5,23.35,23.35,13.0,15.0,STEEL,38.0,53.0,43.0,0.0,0.0,0.0,0.0,False,False,130.0,2.0,0.9,1.1,0.9,1.2,1.0,0.9,700.0,38.0,700.0,38.0,0,1,False,0,1.0,68.0,31.8,0.0,31.8,False,False,False,False,True,11,2.0,False,255.0,0.0,0.0,SPOKED,SPOKED,0.0,0.0,0.0,0.0,280.0,720.0,80.0,300.0,1.0
430.0,70.0,605.0,72.0,150.0,45.0,565.0,74.0,610.0,50.0,45.0,31.8,36.5,23.35,23.35,13.0,15.0,STEEL,40.0,55.0,45.0,0.0,0.0,0.0,0.0,False,False,130.0,2.0,0.9,1.1,0.9,1.2,1.0,0.9,700.0,38.0,700.0,38.0,0,2,False,0,1.0,68.0,31.8,0.0,31.8,False,False,False,False,True,11,2.0,False,255.0,0.0,0.0,SPOKED,SPOKED,0.0,0.0,0.0,0.0,280.0,725.0,80.0,300.0,1.0
432.0,70.0,610.0,73.0,160.0,45.0,570.0,74.0,615.0,45.0,46.0,31.8,36.5,23.35,23.35,13.0,15.0,STEEL,42.0,57.0,47.0,0.0,0.0,0.0,0.0,False,False,130.0,2.0,0.9,1.1,0.9,1.2,1.0,0.9,700.0,38.0,700.0,38.0,0,0,False,0,1.0,68.0,31.8,0.0,31.8,False,False,False,False,True,11,2.0,False,255.0,0.0,0.0,SPOKED,SPOKED,0.0,0.0,0.0,0.0,280.0,730.0,80.0,300.0,1.0
434.0,70.0,615.0,74.0,170.0,45.0,575.0,74.0,620.0,46.0,47.0,31.8,36.5,23.35,23.35,13.0,15.0,STEEL,44.0,59.0,49.0,0.0,0.0,0.0,0.0,False,False,130.0,2.0,0.9,1.1,0.9,1.2,1.0,0.9,700.0,38.0,700.0,38.0,0,1,False,0,1.0,68.0,31.8,0.0,31.8,False,False,False,False,True,11,2.0,False,255.0,0.0,0.0,SPOKED,SPOKED,0.0,0.0,0.0,0.0,280.0,735.0,80.0,300.0,1.0
436.0,70.0,620.0,72.5,180.0,45.0,580.0,74.0,625.0,47.0,48.0,31.8,36.5,23.35,23.35,13.0,15.0,STEEL,46.0,61.0,51.0,0.0,0.0,0.0,0.0,False,False,130.0,2.0,0.9,1.1,0.9,1.2,1.0,0.9,700.0,38.0,700.0,38.0,0,2,False,0,1.0,68.0,31.8,0.0,31.8,False,False,False,False,True,11,2.0,False,255.0,0.0,0.0,SPOKED,SPOKED,0.0,0.0,0.0,0.0,280.0,740.0,80.0,300.0,1.0
438.0,70.0,625.0,73.5,190.0,45.0,585.0,74.0,630.0,48.0,49.0,31.8,36.5,23.35,23.35,13.0,15.0,STEEL,48.0,63.0,53.0,0.0,0.0,0.0,0.0,False,False,130.0,2.0,0.9,1.1,0.9,1.2,1.0,0.9,700.0,38.0,700.0,38.0,0,0,False,0,1.0,68.0,31.8,0.0,31.8,False,False,False,False,True,11,2.0,False,255.0,0.0,0.0,SPOKED,SPOKED,0.0,0.0,0.0,0.0,280.0,745.0,80.0,300.0,1.0
420.0,70.0,600.0,72.5,110.0,45.0,540.0,73.5,650.0,45.0,40.0,30.0,34.0,23.0,23.0,15.0,15.0,STEEL,35.0,45.0,45.0,330.0,350.0,16.0,18.0,False,False,130.0,2.0,0.9,1.1,0.9,1.2,1.0,0.9,674.0,52.0,674.0,52.0,0,2,False,0,2.0,68.0,31.8,692.0,26.8,True,True,False,False,True,10,2.0,False,255.0,0.0,0.0,SPOKED,SPOKED,0.0,0.0,80.0,80.0,278.0,720.0,34.9,300.0,2.0
425.0,72.0,610.0,73.0,115.0,45.0,545.0,73.5,655.0,45.0,40.0,30.0,34.0,23.0,23.0,15.0,15.0,STEEL,35.0,45.0,45.0,330.0,350.0,16.0,18.0,False,False,130.0,2.0,0.9,1.1,0.9,1.2,1.0,0.9,674.0,52.0,674.0,52.0,0,2,False,0,2.0,68.0,31.8,692.0,26.8,True,True,False,False,True,10,2.0,False,255.0,0.0,0.0,SPOKED,SPOKED,0.0,0.0,80.0,80.0,278.0,720.0,34.9,300.0,2.0
430.0,68.0,595.0,72.0,120.0,45.0,535.0,74.0,650.0,45.0,40.0,30.0,34.0,23.0,23.0,15.0,15.0,STEEL,35.0,45.0,45.0,330.0,350.0,16.0,18.0,False,False,130.0,2.0,0.9,1.1,0.9,1.2,1.0,0.9,674.0,52.0,674.0,52.0,0,2,False,0,2.0,68.0,31.8,692.0,26.8,True,True,False,False,True,10,2.0,False,255.0,0.0,0.0,SPOKED,SPOKED,0.0,0.0,80.0,80.0,278.0,720.0,34.9,300.0,2.0
415.0,70.0,605.0,73.5,110.0,45.0,538.0,73.0,647.0,45.0,40.0,30.0,34.0,23.0,23.0,15.0,15.0,STEEL,35.0,45.0,45.0,330.0,350.0,16.0,18.0,False,False,130.0,2.0,0.9,1.1,0.9,1.2,1.0,0.9,674.0,52.0,674.0,52.0,0,2,False,0,2.0,68.0,31.8,692.0,26.8,True,True,False,False,True,10,2.0,False,255.0,0.0,0.0,SPOKED,SPOKED,0.0,0.0,80.0,80.0,278.0,720.0,34.9,300.0,2.0
418.0,75.0,602.0,72.5,125.0,45.0,540.0,73.2,660.0,45.0,40.0,30.0,34.0,23.0,23.0,15.0,15.0,STEEL,35.0,45.0,45.0,330.0,350.0,16.0,18.0,False,False,130.0,2.0,0.9,1.1,0.9,1.2,1.0,0.9,674.0,52.0,674.0,52.0,0,2,False,0,2.0,68.0,31.8,692.0,26.8,True,True,False,False,True,10,2.0,False,255.0,0.0,0.0,SPOKED,SPOKED,0.0,0.0,80.0,80.0,278.0,720.0,34.9,300.0,2.0
422.0,70.0,598.0,73.2,108.0,45.0,542.0,73.7,652.0,45.0,40.0,30.0,34.0,23.0,23.0,15.0,15.0,STEEL,35.0,45.0,45.0,330.0,350.0,16.0,18.0,False,False,130.0,2.0,0.9,1.1,0.9,1.2,1.0,0.9,674.0,52.0,674.0,52.0,0,2,False,0,2.0,68.0,31.8,692.0,26.8,True,True,False,False,True,10,2.0,False,255.0,0.0,0.0,SPOKED,SPOKED,0.0,0.0,80.0,80.0,278.0,720.0,34.9,300.0,2.0
427.0,69.0,607.0,72.8,112.0,45.0,547.0,73.4,658.0,45.0,40.0,30.0,34.0,23.0,23.0,15.0,15.0,STEEL,35.0,45.0,45.0,330.0,350.0,16.0,18.0,False,False,130.0,2.0,0.9,1.1,0.9,1.2,1.0,0.9,674.0,52.0,674.0,52.0,0,2,False,0,2.0,68.0,31.8,692.0,26.8,True,True,False,False,True,10,2.0,False,255.0,0.0,0.0,SPOKED,SPOKED,0.0,0.0,80.0,80.0,278.0,720.0,34.9,300.0,2.0
430.0,70.0,600.0,73.1,118.0,45.0,550.0,74.0,654.0,45.0,40.0,30.0,34.0,23.0,23.0,15.0,15.0,STEEL,35.0,45.0,45.0,330.0,350.0,16.0,18.0,False,False,130.0,2.0,0.9,1.1,0.9,1.2,1.0,0.9,674.0,52.0,674.0,52.0,0,2,False,0,2.0,68.0,31.8,692.0,26.8,True,True,False,False,True,10,2.0,False,255.0,0.0,0.0,SPOKED,SPOKED,0.0,0.0,80.0,80.0,278.0,720.0,34.9,300.0,2.0
424.0,71.0,612.0,73.3,117.0,45.0,543.0,73.6,656.0,45.0,40.0,30.0,34.0,23.0,23.0,15.0,15.0,STEEL,35.0,45.0,45.0,330.0,350.0,16.0,18.0,False,False,130.0,2.0,0.9,1.1,0.9,1.2,1.0,0.9,674.0,52.0,674.0,52.0,0,2,False,0,2.0,68.0,31.8,692.0,26.8,True,True,False,False,True,10,2.0,False,255.0,0.0,0.0,SPOKED,SPOKED,0.0,0.0,80.0,80.0,278.0,720.0,34.9,300.0,2.0
419.0,70.0,599.0,72.7,113.0,45.0,536.0,73.8,649.0,45.0,40.0,30.0,34.0,23.0,23.0,15.0,15.0,STEEL,35.0,45.0,45.0,330.0,350.0,16.0,18.0,False,False,130.0,2.0,0.9,1.1,0.9,1.2,1.0,0.9,674.0,52.0,674.0,52.0,0,2,False,0,2.0,68.0,31.8,692.0,26.8,True,True,False,False,True,10,2.0,False,255.0,0.0,0.0,SPOKED,SPOKED,0.0,0.0,80.0,80.0,278.0,720.0,34.9,300.0,2.0
428.0,67.0,600.0,73.0,120.0,45.0,560.0,74.0,660.0,45.0,40.0,28.0,36.5,23.35,13.0,15.0,9.0,STEEL,35.0,50.0,40.0,0.0,0.0,0.0,0.0,False,False,130.0,2.0,1.2,1.5,1.2,1.0,0.9,1.2,674.0,52.0,674.0,52.0,0,2,False,0,1.0,68.0,44.0,0.0,31.8,True,True,False,False,True,11,2.0,False,255.0,0.0,0.0,SPOKED,SPOKED,0.0,0.0,80.0,80.0,300.0,740.0,30.0,350.0,1.0
430.0,65.0,620.0,74.0,130.0,45.0,570.0,73.0,660.0,43.0,40.0,28.0,36.5,23.35,13.0,15.0,9.0,STEEL,36.0,49.0,42.0,0.0,0.0,0.0,0.0,False,False,130.0,2.0,1.2,1.5,1.2,1.0,0.9,1.2,674.0,52.0,674.0,52.0,0,2,False,0,1.0,68.0,44.0,0.0,31.8,True,True,False,False,True,11,2.0,False,255.0,0.0,0.0,SPOKED,SPOKED,0.0,0.0,80.0,80.0,300.0,740.0,30.0,350.0,1.0
422.0,66.0,585.0,72.0,115.0,45.0,555.0,75.0,655.0,47.0,40.0,28.0,36.5,23.35,13.0,15.0,9.0,STEEL,34.0,51.0,38.0,0.0,0.0,0.0,0.0,False,False,130.0,2.0,1.2,1.5,1.2,1.0,0.9,1.2,674.0,52.0,674.0,52.0,0,2,False,0,3.0,68.0,42.0,0.0,31.8,True,True,False,False,True,11,2.0,False,255.0,0.0,0.0,SPOKED,SPOKED,0.0,0.0,80.0,80.0,300.0,740.0,30.0,350.0,1.0
427.0,69.0,630.0,73.5,125.0,45.0,580.0,74.5,670.0,44.0,40.0,28.0,36.5,23.35,13.0,15.0,9.0,STEEL,37.0,52.0,41.0,0.0,0.0,0.0,0.0,False,False,130.0,2.0,1.2,1.5,1.2,1.0,0.9,1.2,674.0,52.0,674.0,52.0,0,2,False,0,1.0,68.0,44.0,0.0,31.8,True,True,False,False,True,11,2.0,False,255.0,0.0,0.0,SPOKED,SPOKED,0.0,0.0,80.0,80.0,300.0,740.0,30.0,350.0,1.0
423.0,67.0,605.0,72.5,118.0,45.0,565.0,73.5,662.0,46.0,40.0,28.0,36.5,23.35,13.0,15.0,9.0,STEEL,35.5,50.5,39.5,0.0,0.0,0.0,0.0,False,False,130.0,2.0,1.2,1.5,1.2,1.0,0.9,1.2,674.0,52.0,674.0,52.0,0,2,False,0,1.0,68.0,44.0,0.0,31.8,True,True,False,False,True,11,2.0,False,255.0,0.0,0.0,SPOKED,SPOKED,0.0,0.0,80.0,80.0,300.0,740.0,30.0,350.0,1.0
430.0,70.0,615.0,74.5,135.0,45.0,575.0,74.0,668.0,45.0,40.0,28.0,36.5,23.35,13.0,15.0,9.0,STEEL,38.0,53.0,43.0,0.0,0.0,0.0,0.0,False,False,130.0,2.0,1.2,1.5,1.2,1.0,0.9,1.2,674.0,52.0,674.0,52.0,0,2,False,0,3.0,68.0,44.0,0.0,31.8,True,True,False,False,True,11,2.0,False,255.0,0.0,0.0,SPOKED,SPOKED,0.0,0.0,80.0,80.0,300.0,740.0,30.0,350.0,1.0
421.0,65.0,595.0,73.0,110.0,45.0,560.0,74.0,658.0,44.0,40.0,28.0,36.5,23.35,13.0,15.0,9.0,STEEL,33.0,49.0,37.0,0.0,0.0,0.0,0.0,False,False,130.0,2.0,1.2,1.5,1.2,1.0,0.9,1.2,674.0,52.0,674.0,52.0,0,2,False,0,1.0,68.0,44.0,0.0,31.8,True,True,False,False,True,11,2.0,False,255.0,0.0,0.0,SPOKED,SPOKED,0.0,0.0,80.0,80.0,300.0,740.0,30.0,350.0,1.0
428.0,68.0,620.0,72.0,122.0,45.0,570.0,75.0,664.0,46.0,40.0,28.0,36.5,23.35,13.0,15.0,9.0,STEEL,36.5,51.5,39.5,0.0,0.0,0.0,0.0,False,False,130.0,2.0,1.2,1.5,1.2,1.0,0.9,1.2,674.0,52.0,674.0,52.0,0,2,False,0,1.0,68.0,44.0,0.0,31.8,True,True,False,False,True,11,2.0,False,255.0,0.0,0.0,SPOKED,SPOKED,0.0,0.0,80.0,80.0,300.0,740.0,30.0,350.0,1.0
425.0,66.0,600.0,73.5,120.0,45.0,560.0,74.0,660.0,45.0,40.0,28.0,36.5,23.35,13.0,15.0,9.0,STEEL,35.8,50.8,40.8,0.0,0.0,0.0,0.0,False,False,130.0,2.0,1.2,1.5,1.2,1.0,0.9,1.2,674.0,52.0,674.0,52.0,0,2,False,0,2.0,68.0,44.0,0.0,31.8,True,True,False,False,True,11,2.0,False,255.0,0.0,0.0,SPOKED,SPOKED,0.0,0.0,80.0,80.0,300.0,740.0,30.0,350.0,1.0
426.0,67.0,610.0,74.0,128.0,45.0,570.0,73.0,666.0,45.0,40.0,28.0,36.5,23.35,13.0,15.0,9.0,STEEL,37.0,52.0,42.0,0.0,0.0,0.0,0.0,False,False,130.0,2.0,1.2,1.5,1.2,1.0,0.9,1.2,674.0,52.0,674.0,52.0,0,2,False,0,2.0,68.0,44.0,0.0,31.8,True,True,False,False,True,11,2.0,False,255.0,0.0,0.0,SPOKED,SPOKED,0.0,0.0,80.0,80.0,300.0,740.0,30.0,350.0,1.0
420.0,70.0,580.0,73.5,140.0,40.0,550.0,74.0,650.0,45.0,47.0,30.0,38.0,25.0,22.0,15.0,15.0,STEEL,30.0,50.0,40.0,330.0,350.0,16.0,18.0,False,False,130.0,2.0,1.0,1.1,1.0,1.2,1.0,1.0,674.0,52.0,674.0,52.0,0,0,False,0,1.0,68.0,31.8,692.0,26.8,True,True,False,False,True,11,2.0,False,255.0,0.0,0.0,SPOKED,SPOKED,1.0,1.0,80.0,80.0,280.0,720.0,26.8,300.0,1.0
425.0,68.0,590.0,73.0,135.0,42.0,560.0,73.5,655.0,45.0,47.0,32.0,40.0,26.0,23.0,14.0,15.0,STEEL,35.0,55.0,45.0,330.0,350.0,16.0,18.0,False,False,130.0,2.0,1.0,1.1,1.0,1.2,1.0,1.0,674.0,52.0,674.0,52.0,0,1,False,0,1.0,68.0,31.8,692.0,26.8,True,True,False,False,True,10,2.0,False,255.0,0.0,0.0,SPOKED,SPOKED,1.0,1.0,80.0,80.0,285.0,730.0,26.8,320.0,1.0
430.0,70.0,570.0,74.0,145.0,40.0,545.0,74.0,660.0,46.0,47.0,30.0,37.0,24.0,22.0,16.0,15.0,STEEL,28.0,52.0,38.0,330.0,350.0,16.0,18.0,False,False,130.0,2.0,1.0,1.1,1.0,1.2,1.0,1.0,674.0,52.0,674.0,52.0,0,2,False,0,1.0,68.0,31.8,692.0,26.8,True,True,False,False,True,12,2.0,False,255.0,0.0,0.0,SPOKED,SPOKED,1.0,1.0,80.0,80.0,275.0,720.0,26.8,300.0,1.0
422.0,72.0,595.0,72.5,150.0,42.0,565.0,73.5,645.0,44.0,47.0,29.0,36.0,27.0,23.0,15.0,15.0,STEEL,32.0,48.0,42.0,330.0,350.0,16.0,18.0,False,False,130.0,2.0,1.0,1.1,1.0,1.2,1.0,1.0,674.0,52.0,674.0,52.0,0,0,False,0,1.0,68.0,31.8,692.0,26.8,True,True,False,False,True,11,2.0,False,255.0,0.0,0.0,SPOKED,SPOKED,1.0,1.0,80.0,80.0,290.0,740.0,26.8,320.0,1.0
428.0,69.0,585.0,73.8,138.0,41.0,555.0,74.2,658.0,46.0,47.0,31.0,39.0,26.0,22.0,13.0,15.0,STEEL,30.0,54.0,39.0,330.0,350.0,16.0,18.0,False,False,130.0,2.0,1.0,1.1,1.0,1.2,1.0,1.0,674.0,52.0,674.0,52.0,0,1,False,0,1.0,68.0,31.8,692.0,26.8,False,True,False,False,True,11,2.0,False,255.0,0.0,0.0,SPOKED,SPOKED,1.0,1.0,80.0,80.0,282.0,725.0,26.8,310.0,1.0
432.0,71.0,600.0,73.0,148.0,45.0,565.0,73.7,670.0,45.0,47.0,33.0,38.0,25.0,24.0,15.0,15.0,STEEL,34.0,50.0,41.0,330.0,350.0,16.0,18.0,False,False,130.0,2.0,1.0,1.1,1.0,1.2,1.0,1.0,674.0,52.0,674.0,52.0,0,2,False,0,1.0,68.0,31.8,692.0,26.8,True,False,False,False,True,11,2.0,False,255.0,0.0,0.0,SPOKED,SPOKED,1.0,1.0,80.0,80.0,285.0,750.0,26.8,330.0,1.0
435.0,69.5,575.0,74.0,132.0,43.0,550.0,74.5,640.0,45.0,47.0,31.0,37.0,26.0,23.0,14.0,15.0,STEEL,29.0,53.0,37.0,330.0,350.0,16.0,18.0,False,False,130.0,2.0,1.0,1.1,1.0,1.2,1.0,1.0,674.0,52.0,674.0,52.0,0,0,False,0,1.0,68.0,31.8,692.0,26.8,True,True,False,False,True,11,2.0,False,255.0,0.0,0.0,SPOKED,SPOKED,1.0,1.0,80.0,80.0,278.0,710.0,26.8,290.0,1.0
421.0,70.5,590.0,73.2,142.0,41.0,555.0,74.0,655.0,45.0,47.0,30.0,38.0,25.0,22.0,15.0,15.0,STEEL,33.0,51.0,43.0,330.0,350.0,16.0,18.0,False,False,130.0,2.0,1.0,1.1,1.0,1.2,1.0,1.0,674.0,52.0,674.0,52.0,0,1,False,0,1.0,68.0,31.8,692.0,26.8,False,True,False,False,True,11,2.0,False,255.0,0.0,0.0,SPOKED,SPOKED,1.0,1.0,80.0,80.0,288.0,735.0,26.8,310.0,1.0
427.0,69.0,580.0,73.7,136.0,40.0,550.0,74.1,665.0,46.0,47.0,32.0,39.0,24.0,23.0,15.0,15.0,STEEL,31.0,49.0,41.0,330.0,350.0,16.0,18.0,False,False,130.0,2.0,1.0,1.1,1.0,1.2,1.0,1.0,674.0,52.0,674.0,52.0,0,2,False,0,1.0,68.0,31.8,692.0,26.8,True,True,False,False,True,12,2.0,False,255.0,0.0,0.0,SPOKED,SPOKED,1.0,1.0,80.0,80.0,284.0,740.0,26.8,330.0,1.0
424.0,71.0,595.0,73.3,144.0,43.0,560.0,73.8,660.0,45.0,47.0,30.0,37.0,25.0,22.0,15.0,15.0,STEEL,34.0,56.0,44.0,330.0,350.0,16.0,18.0,False,False,130.0,2.0,1.0,1.1,1.0,1.2,1.0,1.0,674.0,52.0,674.0,52.0,0,0,False,0,1.0,68.0,31.8,692.0,26.8,True,True,False,False,True,11,2.0,False,255.0,0.0,0.0,SPOKED,SPOKED,1.0,1.0,80.0,80.0,286.0,750.0,26.8,320.0,1.0
410.0,70.0,580.0,72.5,105.0,45.0,560.0,73.5,680.0,45.0,45.0,39.0,28.0,36.5,24.0,13.0,15.0,STEEL,30.0,50.0,35.0,330.0,350.0,16.0,18.0,False,False,130.0,2.0,0.9,1.1,0.9,1.2,1.0,0.9,674.0,52.0,674.0,52.0,0,0,False,0,0.0,68.0,34.0,0.0,31.8,True,True,False,False,True,8,2.0,False,255.0,0.0,0.0,SPOKED,SPOKED,0.0,0.0,80.0,80.0,280.0,700.0,34.9,300.0,1.0
415.0,68.0,600.0,73.0,115.0,45.0,580.0,74.0,700.0,47.0,46.0,40.0,27.0,36.5,25.0,13.0,15.0,STEEL,35.0,45.0,40.0,330.0,350.0,16.0,18.0,False,False,130.0,2.0,0.9,1.1,0.9,1.2,1.0,0.9,674.0,52.0,674.0,52.0,0,0,False,0,0.0,68.0,36.0,0.0,31.8,True,True,False,False,True,8,2.0,False,255.0,0.0,0.0,SPOKED,SPOKED,0.0,0.0,80.0,80.0,290.0,720.0,34.9,320.0,1.0
420.0,72.0,620.0,72.8,125.0,45.0,600.0,74.2,720.0,49.0,45.0,41.0,28.0,36.5,26.0,13.0,15.0,STEEL,40.0,55.0,30.0,330.0,350.0,16.0,18.0,False,False,130.0,2.0,0.9,1.1,0.9,1.2,1.0,0.9,674.0,52.0,674.0,52.0,0,0,False,0,0.0,68.0,38.0,0.0,31.8,True,True,False,False,True,8,2.0,False,255.0,0.0,0.0,SPOKED,SPOKED,0.0,0.0,80.0,80.0,300.0,740.0,34.9,340.0,1.0
425.0,69.0,640.0,73.5,135.0,45.0,620.0,73.8,740.0,51.0,46.0,39.0,29.0,36.5,25.0,13.0,15.0,STEEL,25.0,60.0,45.0,330.0,350.0,16.0,18.0,False,False,130.0,2.0,0.9,1.1,0.9,1.2,1.0,0.9,674.0,52.0,674.0,52.0,0,0,False,0,0.0,68.0,40.0,0.0,31.8,True,True,False,False,True,8,2.0,False,255.0,0.0,0.0,SPOKED,SPOKED,0.0,0.0,80.0,80.0,285.0,710.0,34.9,310.0,1.0
430.0,71.0,580.0,72.2,105.0,45.0,560.0,74.5,760.0,53.0,45.0,40.0,28.0,36.5,26.0,13.0,15.0,STEEL,45.0,50.0,35.0,330.0,350.0,16.0,18.0,False,False,130.0,2.0,0.9,1.1,0.9,1.2,1.0,0.9,674.0,52.0,674.0,52.0,0,0,False,0,0.0,68.0,42.0,0.0,31.8,True,True,False,False,True,8,2.0,False,255.0,0.0,0.0,SPOKED,SPOKED,0.0,0.0,80.0,80.0,295.0,730.0,34.9,330.0,1.0
435.0,67.0,600.0,72.7,115.0,45.0,580.0,73.6,720.0,47.0,47.0,41.0,27.0,36.5,24.0,13.0,15.0,STEEL,30.0,45.0,40.0,330.0,350.0,16.0,18.0,False,False,130.0,2.0,0.9,1.1,0.9,1.2,1.0,0.9,674.0,52.0,674.0,52.0,0,0,False,0,0.0,68.0,36.0,0.0,31.8,True,True,False,False,True,8,2.0,False,255.0,0.0,0.0,SPOKED,SPOKED,0.0,0.0,80.0,80.0,282.0,715.0,34.9,325.0,1.0
440.0,70.0,620.0,73.1,125.0,45.0,600.0,74.1,740.0,49.0,45.0,39.0,28.0,36.5,25.0,13.0,15.0,STEEL,35.0,55.0,30.0,330.0,350.0,16.0,18.0,False,False,130.0,2.0,0.9,1.1,0.9,1.2,1.0,0.9,674.0,52.0,674.0,52.0,0,0,False,0,0.0,68.0,38.0,0.0,31.8,True,True,False,False,True,8,2.0,False,255.0,0.0,0.0,SPOKED,SPOKED,0.0,0.0,80.0,80.0,288.0,725.0,34.9,335.0,1.0
445.0,66.0,640.0,72.4,135.0,45.0,620.0,73.7,760.0,51.0,46.0,40.0,29.0,36.5,26.0,13.0,15.0,STEEL,40.0,60.0,45.0,330.0,350.0,16.0,18.0,False,False,130.0,2.0,0.9,1.1,0.9,1.2,1.0,0.9,674.0,52.0,674.0,52.0,0,0,False,0,0.0,68.0,42.0,0.0,31.8,True,True,False,False,True,8,2.0,False,255.0,0.0,0.0,SPOKED,SPOKED,0.0,0.0,80.0,80.0,292.0,735.0,34.9,345.0,1.0
450.0,68.0,580.0,73.3,105.0,45.0,560.0,74.3,680.0,53.0,45.0,39.0,28.0,36.5,24.0,13.0,15.0,STEEL,45.0,50.0,35.0,330.0,350.0,16.0,18.0,False,False,130.0,2.0,0.9,1.1,0.9,1.2,1.0,0.9,674.0,52.0,674.0,52.0,0,0,False,0,0.0,68.0,34.0,0.0,31.8,True,True,False,False,True,8,2.0,False,255.0,0.0,0.0,SPOKED,SPOKED,0.0,0.0,80.0,80.0,279.0,705.0,34.9,305.0,1.0
455.0,69.0,600.0,72.9,115.0,45.0,580.0,73.9,700.0,45.0,47.0,41.0,29.0,36.5,26.0,13.0,15.0,STEEL,30.0,45.0,40.0,330.0,350.0,16.0,18.0,False,False,130.0,2.0,0.9,1.1,0.9,1.2,1.0,0.9,674.0,52.0,674.0,52.0,0,0,False,0,0.0,68.0,36.0,0.0,31.8,True,True,False,False,True,8,2.0,False,255.0,0.0,0.0,SPOKED,SPOKED,0.0,0.0,80.0,80.0,285.0,725.0,34.9,315.0,1.0
430.0,70.0,600.0,73.0,150.0,50.0,550.0,73.0,650.0,50.0,45.0,30.0,35.0,30.0,25.0,15.0,16.0,STEEL,50.0,50.0,40.0,0.0,0.0,16.0,18.0,False,False,130.0,2.0,1.0,1.1,0.9,1.2,1.0,0.9,700.0,52.0,700.0,52.0,0,0,False,0,3.0,68.0,34.0,0.0,31.8,True,True,False,False,True,11,2.0,False,255.0,0.0,0.0,DISC,SPOKED,0.0,0.0,0.0,0.0,280.0,760.0,26.8,330.0,1.0
428.0,68.0,610.0,72.5,160.0,52.0,560.0,73.5,645.0,52.0,47.0,32.0,36.0,31.0,26.0,16.0,17.0,STEEL,52.0,48.0,42.0,0.0,0.0,16.0,18.0,False,False,130.0,2.0,1.0,1.1,0.9,1.2,1.0,0.9,720.0,50.0,700.0,50.0,0,0,False,0,1.0,68.0,34.0,0.0,31.8,True,True,False,False,True,11,2.0,False,255.0,0.0,0.0,DISC,DISC,0.0,0.0,0.0,0.0,280.0,770.0,26.8,340.0,1.0
432.0,72.0,590.0,74.0,140.0,48.0,540.0,74.0,655.0,48.0,46.0,28.0,33.0,29.0,24.0,14.0,15.0,STEEL,48.0,52.0,38.0,0.0,0.0,16.0,18.0,False,False,130.0,2.0,1.0,1.1,0.9,1.2,1.0,0.9,700.0,52.0,700.0,52.0,0,0,False,0,2.0,68.0,34.0,0.0,31.8,True,True,False,False,True,11,2.0,False,255.0,0.0,0.0,TRISPOKE,DISC,1.0,0.0,50.0,0.0,280.0,750.0,26.8,320.0,1.0
435.0,69.0,620.0,73.5,155.0,50.0,555.0,73.0,648.0,50.0,45.0,35.0,37.0,32.0,26.0,15.0,16.0,STEEL,55.0,50.0,45.0,0.0,0.0,16.0,18.0,False,False,130.0,2.0,1.0,1.1,0.9,1.2,1.0,0.9,710.0,50.0,710.0,50.0,0,1,False,0,3.0,68.0,34.0,0.0,31.8,True,True,False,False,True,12,2.0,False,255.0,0.0,0.0,DISC,SPOKED,0.0,0.0,0.0,0.0,285.0,765.0,26.8,335.0,1.0
425.0,71.0,605.0,72.8,145.0,51.0,540.0,74.0,652.0,51.0,45.0,34.0,38.0,31.0,25.0,15.0,17.0,STEEL,48.0,48.0,42.0,0.0,0.0,16.0,18.0,False,False,130.0,2.0,1.0,1.1,0.9,1.2,1.0,0.9,700.0,50.0,700.0,50.0,0,0,False,0,0.0,68.0,34.0,700.0,31.8,True,True,False,False,True,11,2.0,False,255.0,0.0,0.0,DISC,TRISPOKE,0.0,1.0,0.0,40.0,280.0,755.0,26.8,325.0,0.0
422.0,67.0,595.0,73.2,148.0,49.0,545.0,73.2,649.0,49.0,45.0,31.0,34.0,30.0,25.0,14.0,15.0,STEEL,49.0,51.0,41.0,0.0,0.0,16.0,18.0,False,False,130.0,2.0,1.0,1.1,0.9,1.2,1.0,0.9,690.0,52.0,690.0,52.0,0,0,False,0,3.0,68.0,34.0,0.0,31.8,True,True,False,False,True,11,2.0,False,255.0,0.0,0.0,TRISPOKE,DISC,1.0,0.0,45.0,0.0,280.0,740.0,26.8,330.0,1.0
438.0,70.0,630.0,72.2,155.0,55.0,560.0,73.8,647.0,54.0,46.0,33.0,36.5,32.0,26.0,16.0,17.0,STEEL,53.0,49.0,43.0,0.0,0.0,16.0,18.0,False,False,130.0,2.0,1.0,1.1,0.9,1.2,1.0,0.9,700.0,52.0,700.0,52.0,0,2,False,0,1.0,68.0,34.0,0.0,31.8,True,True,False,False,True,11,2.0,False,255.0,0.0,0.0,DISC,DISC,0.0,0.0,0.0,0.0,285.0,775.0,26.8,340.0,2.0
430.0,69.0,615.0,73.7,152.0,50.0,555.0,73.5,660.0,50.0,45.0,31.5,37.0,31.0,26.0,15.0,16.0,STEEL,54.0,51.0,44.0,0.0,0.0,16.0,18.0,False,False,130.0,2.0,1.0,1.1,0.9,1.2,1.0,0.9,710.0,51.0,710.0,51.0,0,0,False,0,3.0,68.0,34.0,0.0,31.8,True,True,False,False,True,10,3.0,False,255.0,0.0,0.0,DISC,SPOKED,0.0,0.0,0.0,0.0,275.0,770.0,26.8,345.0,1.0
427.0,75.0,605.0,74.0,149.0,52.0,550.0,74.0,655.0,50.0,45.0,30.0,35.0,30.0,25.0,15.0,16.0,STEEL,50.0,50.0,40.0,0.0,0.0,16.0,18.0,False,False,130.0,2.0,1.0,1.1,0.9,1.2,1.0,0.9,700.0,52.0,700.0,52.0,0,0,False,0,3.0,68.0,34.0,0.0,31.8,True,True,False,False,True,11,2.0,False,255.0,0.0,0.0,DISC,SPOKED,0.0,0.0,0.0,0.0,280.0,760.0,26.8,330.0,1.0
425.0,66.0,650.0,72.0,160.0,50.0,565.0,73.0,660.0,55.0,46.0,32.0,36.0,31.0,26.0,16.0,17.0,STEEL,56.0,50.0,44.0,0.0,0.0,16.0,18.0,False,False,130.0,2.0,1.0,1.1,0.9,1.2,1.0,0.9,700.0,52.0,700.0,52.0,0,1,False,0,3.0,68.0,34.0,0.0,31.8,True,True,False,False,True,11,2.0,False,255.0,0.0,0.0,DISC,SPOKED,0.0,0.0,0.0,0.0,290.0,780.0,26.8,350.0,1.0
420.0,68.0,560.0,73.0,120.0,45.0,550.0,74.0,560.0,47.0,40.0,28.6,36.5,23.35,23.35,15.0,9.0,STEEL,50.0,40.0,30.0,0.0,0.0,0.0,0.0,False,False,130.0,2.0,1.1,1.2,1.1,0.9,0.9,1.1,674.0,50.0,674.0,50.0,0,2,False,0,1.0,68.0,34.0,0.0,31.8,True,True,False,False,True,11,2.0,False,255.0,0.0,0.0,DISC,SPOKED,0.0,0.0,0.0,0.0,280.0,740.0,36.5,300.0,1.0
425.0,66.0,570.0,72.5,140.0,45.0,555.0,73.5,570.0,47.0,40.0,28.6,36.5,24.0,24.0,15.0,9.0,STEEL,55.0,45.0,32.0,0.0,0.0,0.0,0.0,False,False,130.0,2.0,1.0,1.1,1.1,0.9,0.9,1.1,700.0,50.0,700.0,50.0,0,2,False,0,1.0,68.0,34.5,0.0,32.0,True,True,False,False,True,12,2.0,False,255.0,0.0,0.0,DISC,DISC,0.0,0.0,0.0,0.0,285.0,745.0,36.5,305.0,1.0
415.0,70.0,550.0,73.5,110.0,45.0,545.0,74.0,550.0,47.0,40.0,28.6,36.5,23.35,23.35,15.0,9.0,STEEL,50.0,42.0,28.0,0.0,0.0,0.0,0.0,False,False,130.0,2.0,1.1,1.2,1.1,0.9,0.9,1.1,674.0,50.0,674.0,50.0,0,2,False,0,1.0,68.0,34.0,0.0,31.8,True,True,False,False,True,11,2.0,False,255.0,0.0,0.0,TRISPOKE,TRISPOKE,1.0,1.0,90.0,90.0,280.0,735.0,36.5,310.0,1.0
430.0,68.0,575.0,74.0,130.0,45.0,560.0,73.0,580.0,47.0,40.0,28.6,36.5,23.35,24.0,15.0,9.0,STEEL,52.0,43.0,29.0,0.0,0.0,0.0,0.0,False,False,130.0,2.0,1.1,1.2,1.1,0.9,0.9,1.1,674.0,52.0,674.0,52.0,0,2,False,0,1.0,68.0,33.0,0.0,31.8,True,True,False,False,True,10,2.0,False,255.0,0.0,0.0,SPOKED,SPOKED,0.0,0.0,0.0,0.0,275.0,720.0,36.5,295.0,1.0
422.0,65.0,558.0,73.0,150.0,45.0,555.0,74.0,590.0,47.0,40.0,30.0,38.0,24.0,24.0,15.0,9.0,STEEL,60.0,45.0,35.0,0.0,0.0,0.0,0.0,False,False,130.0,2.0,1.2,1.3,1.1,1.0,1.0,1.2,700.0,50.0,700.0,50.0,0,2,False,0,1.0,68.0,36.0,0.0,33.0,True,True,False,False,True,12,2.0,False,255.0,0.0,0.0,DISC,TRISPOKE,1.0,1.0,90.0,90.0,290.0,750.0,38.0,320.0,1.0
418.0,68.0,565.0,72.0,100.0,45.0,555.0,73.5,565.0,47.0,40.0,28.6,36.5,23.35,23.35,15.0,9.0,STEEL,48.0,42.0,30.0,0.0,0.0,0.0,0.0,False,False,130.0,2.0,1.0,1.1,1.1,0.9,0.9,1.1,674.0,50.0,674.0,50.0,0,2,False,0,1.0,68.0,32.0,0.0,31.8,True,True,False,False,True,11,2.0,False,255.0,0.0,0.0,SPOKED,SPOKED,0.0,0.0,0.0,0.0,275.0,730.0,36.5,300.0,1.0
440.0,70.0,580.0,73.5,160.0,45.0,560.0,74.0,600.0,47.0,40.0,28.6,36.5,23.35,23.35,15.0,9.0,STEEL,65.0,47.0,40.0,0.0,0.0,0.0,0.0,False,False,130.0,2.0,1.1,1.2,1.1,0.9,0.9,1.1,700.0,50.0,700.0,50.0,0,2,False,0,1.0,68.0,35.0,0.0,31.8,True,True,False,False,True,12,2.0,False,255.0,0.0,0.0,TRISPOKE,SPOKED,1.0,0.0,90.0,0.0,295.0,760.0,36.5,310.0,1.0
430.0,68.0,555.0,72.5,180.0,45.0,550.0,73.0,580.0,47.0,40.0,28.6,36.5,23.35,23.35,15.0,9.0,STEEL,70.0,50.0,45.0,0.0,0.0,0.0,0.0,False,False,130.0,2.0,1.1,1.2,1.1,0.9,0.9,1.1,700.0,50.0,700.0,50.0,0,2,False,0,1.0,68.0,36.5,0.0,31.8,True,True,False,False,True,11,2.0,False,255.0,0.0,0.0,DISC,DISC,0.0,0.0,0.0,0.0,300.0,750.0,36.5,305.0,1.0
415.0,67.0,565.0,74.0,125.0,45.0,555.0,73.5,570.0,47.0,40.0,28.6,36.5,23.35,23.35,15.0,9.0,STEEL,55.0,45.0,35.0,0.0,0.0,0.0,0.0,False,False,130.0,2.0,1.1,1.2,1.1,0.9,0.9,1.1,674.0,50.0,674.0,50.0,0,2,False,0,1.0,68.0,33.0,0.0,31.8,True,True,False,False,True,12,2.0,False,255.0,0.0,0.0,SPOKED,TRISPOKE,0.0,1.0,0.0,90.0,285.0,740.0,36.5,300.0,1.0
428.0,68.0,578.0,73.0,135.0,45.0,560.0,74.0,585.0,47.0,40.0,28.6,36.5,23.35,23.35,15.0,9.0,STEEL,58.0,46.0,33.0,0.0,0.0,0.0,0.0,False,False,130.0,2.0,1.1,1.2,1.1,0.9,0.9,1.1,674.0,50.0,674.0,50.0,0,2,False,0,1.0,68.0,34.0,0.0,31.8,True,True,False,False,True,11,2.0,False,255.0,0.0,0.0,TRISPOKE,DISC,1.0,0.0,90.0,0.0,290.0,750.0,36.5,315.0,1.0
420.0,70.0,580.0,73.0,130.0,45.0,560.0,74.0,540.0,50.0,40.0,28.6,36.5,23.35,23.35,13.0,15.0,STEEL,45.0,50.0,40.0,330.0,350.0,16.0,18.0,False,False,130.0,2.0,0.9,1.1,0.9,1.2,1.0,0.9,674.0,52.0,674.0,52.0,0,0,False,0,1.0,68.0,33.5,0.0,31.8,True,True,False,False,True,10,2.0,False,255.0,0.0,0.0,SPOKED,SPOKED,0.0,0.0,80.0,80.0,280.0,680.0,36.5,250.0,1.0
425.0,68.0,590.0,74.0,140.0,45.0,565.0,73.0,550.0,48.0,40.0,28.6,36.5,23.35,23.35,13.0,15.0,STEEL,48.0,52.0,42.0,330.0,350.0,16.0,18.0,False,False,130.0,2.0,0.9,1.1,0.9,1.2,1.0,0.9,674.0,52.0,674.0,52.0,0,1,False,0,1.0,68.0,34.0,0.0,32.0,True,True,False,False,True,11,2.0,False,200.0,50.0,50.0,SPOKED,SPOKED,0.0,0.0,80.0,80.0,282.0,705.0,36.5,260.0,1.0
415.0,72.0,570.0,75.0,120.0,45.0,558.0,75.0,530.0,52.0,40.0,28.6,36.5,23.35,23.35,13.0,15.0,STEEL,44.0,48.0,38.0,330.0,350.0,16.0,18.0,False,False,130.0,2.0,0.9,1.1,0.9,1.2,1.0,0.9,674.0,52.0,674.0,52.0,0,2,False,0,3.0,68.0,44.0,0.0,31.8,True,True,False,False,True,10,2.0,False,180.0,20.0,20.0,TRISPOKE,TRISPOKE,1.0,1.0,90.0,90.0,300.0,700.0,36.5,255.0,1.0
430.0,69.0,600.0,73.0,135.0,45.0,562.0,74.0,560.0,50.0,40.0,28.6,36.5,23.35,23.35,13.0,15.0,STEEL,46.0,52.0,40.0,330.0,350.0,16.0,18.0,False,False,130.0,2.0,0.9,1.1,0.9,1.2,1.0,0.9,674.0,52.0,674.0,52.0,0,0,True,0,1.0,68.0,34.5,0.0,32.0,True,True,False,False,True,12,2.0,False,220.0,20.0,10.0,SPOKED,SPOKED,0.0,0.0,80.0,80.0,290.0,710.0,36.5,260.0,1.0
418.0,66.0,565.0,74.0,110.0,45.0,550.0,75.0,525.0,46.0,40.0,28.6,36.5,23.35,23.35,13.0,15.0,STEEL,43.0,45.0,35.0,330.0,350.0,16.0,18.0,False,False,130.0,2.0,0.9,1.1,0.9,1.2,1.0,0.9,700.0,50.0,674.0,52.0,2,1,True,0,0.0,68.0,32.0,0.0,32.0,True,True,False,False,True,11,2.0,False,255.0,0.0,0.0,DISC,SPOKED,0.0,0.0,80.0,80.0,275.0,695.0,36.5,260.0,0.0
422.0,71.0,575.0,72.0,125.0,45.0,553.0,74.0,535.0,49.0,40.0,28.6,36.5,23.35,23.35,13.0,15.0,STEEL,42.0,49.0,39.0,330.0,350.0,16.0,18.0,False,False,130.0,2.0,0.9,1.1,0.9,1.2,1.0,0.9,674.0,52.0,674.0,52.0,0,1,False,0,2.0,68.0,33.0,0.0,31.8,True,True,False,False,True,10,2.0,False,240.0,30.0,30.0,SPOKED,SPOKED,0.0,0.0,80.0,80.0,280.0,680.0,36.5,250.0,2.0
430.0,68.0,590.0,75.0,150.0,45.0,580.0,73.0,565.0,50.0,40.0,28.6,36.5,23.35,23.35,13.0,15.0,STEEL,48.0,55.0,45.0,330.0,350.0,16.0,18.0,False,False,130.0,2.0,0.9,1.1,0.9,1.2,1.0,0.9,674.0,52.0,674.0,52.0,0,2,False,0,1.0,68.0,35.0,0.0,34.0,True,True,False,False,True,11,2.0,False,255.0,10.0,10.0,SPOKED,SPOKED,0.0,0.0,80.0,80.0,285.0,690.0,36.5,255.0,1.0
425.0,70.0,610.0,72.0,160.0,45.0,600.0,74.0,580.0,51.0,40.0,28.6,36.5,23.35,23.35,13.0,15.0,STEEL,50.0,60.0,50.0,330.0,350.0,16.0,18.0,False,False,130.0,2.0,0.9,1.1,0.9,1.2,1.0,0.9,674.0,52.0,674.0,52.0,0,1,False,0,1.0,68.0,36.0,0.0,34.0,True,True,False,False,True,12,3.0,False,220.0,15.0,15.0,SPOKED,SPOKED,0.0,0.0,80.0,80.0,295.0,710.0,36.5,270.0,2.0
430.0,69.0,585.0,73.0,140.0,45.0,570.0,73.0,555.0,50.0,40.0,28.6,36.5,23.35,23.35,13.0,15.0,STEEL,45.0,50.0,40.0,330.0,350.0,16.0,18.0,False,False,135.0,2.0,0.9,1.1,0.9,1.2,1.0,0.9,700.0,50.0,700.0,50.0,0,0,False,0,1.0,68.0,34.0,0.0,32.0,True,True,False,False,True,10,2.0,False,255.0,10.0,10.0,DISC,DISC,0.0,0.0,80.0,80.0,285.0,700.0,36.5,260.0,1.0
425.0,70.0,595.0,74.0,135.0,45.0,565.0,74.0,545.0,49.0,40.0,28.6,36.5,23.35,23.35,13.0,15.0,STEEL,47.0,53.0,42.0,330.0,350.0,16.0,18.0,False,False,130.0,2.0,0.9,1.1,0.9,1.2,1.0,0.9,674.0,52.0,674.0,52.0,0,1,False,0,1.0,68.0,35.0,0.0,34.0,True,True,False,False,True,9,2.0,False,240.0,20.0,20.0,SPOKED,SPOKED,0.0,0.0,80.0,80.0,280.0,690.0,36.5,255.0,1.0
410.0,70.0,600.0,73.0,150.0,45.0,560.0,73.0,700.0,47.0,47.0,28.0,39.0,36.5,23.35,13.0,15.0,STEEL,30.0,50.0,40.0,330.0,350.0,16.0,18.0,False,False,130.0,2.0,0.9,1.1,0.9,1.2,1.0,0.9,674.0,52.0,674.0,52.0,0,0,False,0,1.0,68.0,46.0,0.0,31.8,False,False,False,False,True,11,2.0,False,254.0,0.0,0.0,SPOKED,SPOKED,1.0,1.0,80.0,80.0,278.0,720.0,26.8,250.0,1.0
415.0,72.0,605.0,72.5,140.0,45.0,565.0,72.5,690.0,47.0,47.0,28.0,39.0,36.5,23.35,13.0,15.0,STEEL,30.0,50.0,40.0,330.0,350.0,16.0,18.0,False,False,130.0,2.0,0.9,1.1,0.9,1.2,1.0,0.9,674.0,52.0,674.0,52.0,0,1,False,0,1.0,68.0,46.0,0.0,31.8,False,False,False,False,True,11,2.0,False,254.0,0.0,0.0,SPOKED,SPOKED,1.0,1.0,80.0,80.0,278.0,720.0,26.8,250.0,1.0
420.0,68.0,610.0,73.5,160.0,45.0,555.0,73.5,710.0,47.0,47.0,28.0,39.0,36.5,23.35,13.0,15.0,STEEL,30.0,50.0,40.0,330.0,350.0,16.0,18.0,False,False,130.0,2.0,0.9,1.1,0.9,1.2,1.0,0.9,674.0,52.0,674.0,52.0,0,2,False,0,1.0,68.0,46.0,0.0,31.8,False,False,False,False,True,11,2.0,False,254.0,0.0,0.0,SPOKED,SPOKED,1.0,1.0,80.0,80.0,278.0,720.0,26.8,250.0,1.0
405.0,75.0,595.0,72.0,130.0,45.0,570.0,72.0,680.0,50.0,47.0,28.0,39.0,36.5,23.35,13.0,15.0,STEEL,30.0,50.0,40.0,330.0,350.0,16.0,18.0,False,False,130.0,2.0,0.9,1.1,0.9,1.2,1.0,0.9,674.0,52.0,674.0,52.0,0,0,False,0,1.0,68.0,46.0,0.0,31.8,False,False,False,False,True,11,2.0,False,254.0,0.0,0.0,SPOKED,SPOKED,1.0,1.0,80.0,80.0,278.0,720.0,26.8,250.0,1.0
430.0,65.0,615.0,73.0,180.0,45.0,580.0,74.0,715.0,47.0,47.0,32.0,40.0,38.0,24.0,14.0,15.0,STEEL,30.0,50.0,40.0,330.0,350.0,16.0,18.0,False,False,130.0,2.0,0.9,1.1,0.9,1.2,1.0,0.9,674.0,52.0,674.0,52.0,0,2,False,0,1.0,68.0,46.0,0.0,31.8,False,False,False,False,True,11,2.0,False,254.0,0.0,0.0,SPOKED,SPOKED,1.0,1.0,80.0,80.0,278.0,720.0,26.8,250.0,1.0
412.0,70.0,620.0,73.0,170.0,45.0,560.0,73.0,700.0,45.0,47.0,26.0,37.0,36.0,22.0,12.0,15.0,STEEL,30.0,50.0,40.0,330.0,350.0,16.0,18.0,False,False,130.0,2.0,0.9,1.1,0.9,1.2,1.0,0.9,674.0,52.0,674.0,52.0,0,0,False,0,1.0,68.0,40.0,0.0,31.8,False,False,False,False,True,11,2.0,False,254.0,0.0,0.0,SPOKED,SPOKED,1.0,1.0,80.0,80.0,278.0,720.0,26.8,250.0,1.0
425.0,68.0,590.0,73.2,120.0,45.0,550.0,73.2,675.0,47.0,47.0,28.0,38.0,36.5,23.35,13.0,15.0,STEEL,30.0,50.0,40.0,330.0,350.0,16.0,18.0,False,False,130.0,2.0,0.9,1.1,0.9,1.2,1.0,0.9,674.0,52.0,674.0,52.0,0,0,False,0,1.0,68.0,46.0,0.0,31.8,False,False,False,False,True,11,2.0,False,254.0,0.0,0.0,SPOKED,SPOKED,1.0,1.0,80.0,80.0,278.0,720.0,26.8,250.0,1.0
408.0,71.0,615.0,72.8,155.0,45.0,565.0,73.8,705.0,47.0,47.0,28.0,39.0,36.5,23.35,13.0,15.0,STEEL,30.0,50.0,40.0,330.0,350.0,16.0,18.0,False,False,130.0,2.0,0.9,1.1,0.9,1.2,1.0,0.9,674.0,52.0,674.0,52.0,0,2,False,0,1.0,68.0,46.0,0.0,31.8,False,False,False,False,True,11,2.0,False,254.0,0.0,0.0,SPOKED,SPOKED,1.0,1.0,80.0,80.0,278.0,720.0,26.8,250.0,1.0
418.0,69.0,605.0,73.1,145.0,45.0,558.0,73.3,695.0,47.0,47.0,28.0,39.0,36.5,23.35,13.0,15.0,STEEL,30.0,50.0,40.0,330.0,350.0,16.0,18.0,False,False,130.0,2.0,0.9,1.1,0.9,1.2,1.0,0.9,674.0,52.0,674.0,52.0,0,1,False,0,1.0,68.0,46.0,0.0,31.8,False,False,False,False,True,11,2.0,False,254.0,0.0,0.0,SPOKED,SPOKED,1.0,1.0,80.0,80.0,278.0,720.0,26.8,250.0,1.0
395.0,70.0,600.0,73.4,140.0,45.0,560.0,73.7,690.0,47.0,47.0,28.0,39.0,36.5,23.35,13.0,15.0,STEEL,30.0,50.0,40.0,330.0,350.0,16.0,18.0,False,False,130.0,2.0,0.9,1.1,0.9,1.2,1.0,0.9,674.0,52.0,674.0,52.0,0,2,False,0,1.0,68.0,46.0,0.0,31.8,False,False,False,False,True,11,2.0,False,254.0,0.0,0.0,SPOKED,SPOKED,1.0,1.0,80.0,80.0,278.0,720.0,26.8,250.0,1.0
420.0,68.0,580.0,73.0,120.0,45.0,520.0,74.0,660.0,47.0,40.0,28.6,36.5,23.35,23.35,14.0,15.0,STEEL,9.0,50.0,45.0,330.0,350.0,16.0,18.0,False,False,130.0,2.0,0.9,1.1,0.9,1.2,1.0,0.9,674.0,52.0,674.0,52.0,0,0,False,0,3.0,68.0,31.8,0.0,26.8,False,False,False,False,True,11,2.0,False,255.0,0.0,0.0,SPOKED,SPOKED,1.0,1.0,80.0,80.0,26.8,250.0,1.0,,
425.0,66.0,590.0,74.0,130.0,45.0,530.0,75.0,670.0,45.0,40.0,28.6,36.5,23.35,23.35,15.0,15.0,STEEL,10.0,55.0,50.0,330.0,350.0,16.0,18.0,False,False,130.0,2.0,0.9,1.1,0.9,1.2,1.0,0.9,674.0,52.0,674.0,52.0,0,0,False,0,3.0,68.0,31.8,0.0,26.8,False,False,False,False,True,11,2.0,False,255.0,0.0,0.0,SPOKED,SPOKED,1.0,1.0,80.0,80.0,26.8,250.0,1.0,,
430.0,70.0,600.0,72.0,140.0,45.0,540.0,73.0,680.0,48.0,40.0,28.6,36.5,23.35,23.35,16.0,15.0,STEEL,8.0,60.0,40.0,330.0,350.0,16.0,18.0,False,False,130.0,2.0,0.9,1.1,0.9,1.2,1.0,0.9,674.0,52.0,674.0,52.0,0,0,False,0,3.0,68.0,31.8,0.0,26.8,False,False,False,False,True,11,2.0,False,255.0,0.0,0.0,SPOKED,SPOKED,1.0,1.0,80.0,80.0,26.8,250.0,1.0,,
435.0,64.0,610.0,73.0,150.0,45.0,550.0,74.0,650.0,46.0,40.0,28.6,36.5,23.35,23.35,17.0,15.0,STEEL,9.0,45.0,55.0,330.0,350.0,16.0,18.0,False,False,130.0,2.0,0.9,1.1,0.9,1.2,1.0,0.9,674.0,52.0,674.0,52.0,0,0,False,0,3.0,68.0,31.8,0.0,26.8,False,False,False,False,True,11,2.0,False,255.0,0.0,0.0,SPOKED,SPOKED,1.0,1.0,80.0,80.0,26.8,250.0,1.0,,
440.0,72.0,620.0,74.0,160.0,45.0,560.0,75.0,640.0,49.0,40.0,28.6,36.5,23.35,23.35,18.0,15.0,STEEL,10.0,40.0,60.0,330.0,350.0,16.0,18.0,False,False,130.0,2.0,0.9,1.1,0.9,1.2,1.0,0.9,674.0,52.0,674.0,52.0,0,0,False,0,3.0,68.0,31.8,0.0,26.8,False,False,False,False,True,11,2.0,False,255.0,0.0,0.0,SPOKED,SPOKED,1.0,1.0,80.0,80.0,26.8,250.0,1.0,,
445.0,65.0,630.0,72.0,170.0,45.0,570.0,73.0,630.0,47.0,40.0,28.6,36.5,23.35,23.35,19.0,15.0,STEEL,8.0,65.0,65.0,330.0,350.0,16.0,18.0,False,False,130.0,2.0,0.9,1.1,0.9,1.2,1.0,0.9,674.0,52.0,674.0,52.0,0,0,False,0,3.0,68.0,31.8,0.0,26.8,False,False,False,False,True,11,2.0,False,255.0,0.0,0.0,SPOKED,SPOKED,1.0,1.0,80.0,80.0,26.8,250.0,1.0,,
450.0,69.0,640.0,73.0,180.0,45.0,580.0,74.0,620.0,45.0,40.0,28.6,36.5,23.35,23.35,20.0,15.0,STEEL,9.0,70.0,70.0,330.0,350.0,16.0,18.0,False,False,130.0,2.0,0.9,1.1,0.9,1.2,1.0,0.9,674.0,52.0,674.0,52.0,0,0,False,0,3.0,68.0,31.8,0.0,26.8,False,False,False,False,True,11,2.0,False,255.0,0.0,0.0,SPOKED,SPOKED,1.0,1.0,80.0,80.0,26.8,250.0,1.0,,
455.0,67.0,550.0,74.0,190.0,45.0,590.0,75.0,610.0,48.0,40.0,28.6,36.5,23.35,23.35,21.0,15.0,STEEL,10.0,75.0,75.0,330.0,350.0,16.0,18.0,False,False,130.0,2.0,0.9,1.1,0.9,1.2,1.0,0.9,674.0,52.0,674.0,52.0,0,0,False,0,3.0,68.0,31.8,0.0,26.8,False,False,False,False,True,11,2.0,False,255.0,0.0,0.0,SPOKED,SPOKED,1.0,1.0,80.0,80.0,26.8,250.0,1.0,,
460.0,63.0,565.0,73.0,110.0,45.0,600.0,74.0,600.0,46.0,40.0,28.6,36.5,23.35,23.35,22.0,15.0,STEEL,8.0,80.0,35.0,330.0,350.0,16.0,18.0,False,False,130.0,2.0,0.9,1.1,0.9,1.2,1.0,0.9,674.0,52.0,674.0,52.0,0,0,False,0,3.0,68.0,31.8,0.0,26.8,False,False,False,False,True,11,2.0,False,255.0,0.0,0.0,SPOKED,SPOKED,1.0,1.0,80.0,80.0,26.8,250.0,1.0,,
465.0,71.0,575.0,74.0,100.0,45.0,610.0,75.0,590.0,49.0,40.0,28.6,36.5,23.35,23.35,13.0,15.0,STEEL,9.0,85.0,30.0,330.0,350.0,16.0,18.0,False,False,130.0,2.0,0.9,1.1,0.9,1.2,1.0,0.9,674.0,52.0,674.0,52.0,0,0,False,0,3.0,68.0,31.8,0.0,26.8,False,False,False,False,True,11,2.0,False,255.0,0.0,0.0,SPOKED,SPOKED,1.0,1.0,80.0,80.0,26.8,250.0,1.0,,
430.0,66.0,600.0,73.5,120.0,45.0,560.0,74.0,670.0,46.0,40.0,32.0,36.5,25.0,27.0,13.0,15.0,STEEL,30.0,50.0,45.0,330.0,350.0,16.0,18.0,False,False,130.0,2.0,1.0,1.1,1.0,1.2,1.0,0.9,700.0,60.0,700.0,60.0,0,0,False,0,1.0,68.0,34.0,700.0,28.6,True,True,False,False,True,11,2.0,False,255.0,0.0,0.0,DISC,SPOKED,0.0,0.0,0.0,0.0,280.0,720.0,34.9,350.0,1.0
420.0,67.0,610.0,72.5,130.0,45.0,550.0,73.0,660.0,45.0,40.0,33.0,36.5,24.0,26.0,13.0,15.0,STEEL,28.0,55.0,40.0,330.0,350.0,16.0,18.0,False,False,135.0,2.0,0.9,1.1,0.9,1.2,1.0,0.9,700.0,60.0,700.0,60.0,0,1,True,0,1.0,68.0,40.0,700.0,28.6,True,True,False,False,True,12,2.0,False,255.0,0.0,0.0,SPOKED,DISC,0.0,0.0,0.0,0.0,290.0,730.0,34.9,360.0,1.0
445.0,68.0,590.0,73.0,140.0,45.0,570.0,73.5,680.0,47.0,42.0,31.0,36.5,25.0,27.0,13.0,15.0,STEEL,32.0,52.0,47.0,330.0,350.0,16.0,18.0,False,False,135.0,2.0,1.0,1.1,0.9,1.0,1.0,0.9,694.0,52.0,694.0,52.0,0,2,False,0,1.0,68.0,38.0,700.0,30.0,True,True,False,False,True,11,2.0,False,255.0,0.0,0.0,DISC,DISC,1.0,1.0,80.0,80.0,265.0,715.0,34.9,330.0,1.0
435.0,66.0,605.0,73.5,110.0,45.0,560.0,74.0,655.0,46.0,38.0,30.0,36.5,23.0,25.0,13.0,15.0,STEEL,29.0,53.0,42.0,330.0,350.0,16.0,18.0,False,False,130.0,2.0,0.9,1.1,0.9,1.2,1.0,0.9,674.0,52.0,674.0,52.0,0,2,False,0,1.0,68.0,36.0,692.0,27.0,False,False,False,False,True,10,2.0,False,255.0,0.0,0.0,SPOKED,SPOKED,1.0,1.0,80.0,80.0,275.0,730.0,34.9,340.0,1.0
440.0,67.0,620.0,72.5,125.0,45.0,580.0,73.0,690.0,45.0,40.0,34.0,36.5,26.0,28.0,13.0,15.0,STEEL,35.0,50.0,50.0,330.0,350.0,16.0,18.0,False,False,135.0,2.0,1.0,1.1,0.9,1.2,1.0,0.9,674.0,52.0,674.0,52.0,0,0,False,0,1.0,68.0,45.0,692.0,31.8,False,False,False,False,True,11,2.0,False,255.0,0.0,0.0,TRISPOKE,SPOKED,1.0,0.0,80.0,0.0,260.0,720.0,34.9,320.0,1.0
425.0,68.0,615.0,73.0,135.0,45.0,555.0,74.0,675.0,46.0,40.0,32.0,36.5,24.0,26.5,13.0,15.0,STEEL,33.0,51.0,48.5,330.0,350.0,16.0,18.0,False,False,130.0,2.0,0.9,1.1,0.9,1.2,1.0,0.9,700.0,60.0,700.0,60.0,0,2,False,0,1.0,68.0,36.0,700.0,29.0,False,False,False,False,True,12,2.0,False,255.0,0.0,0.0,SPOKED,TRISPOKE,0.0,1.0,0.0,80.0,285.0,740.0,34.9,340.0,1.0
450.0,66.5,590.0,72.5,115.0,45.0,550.0,73.0,665.0,45.0,38.0,31.5,36.5,25.5,28.5,13.0,15.0,STEEL,30.0,54.0,46.0,330.0,350.0,16.0,18.0,False,False,135.0,2.0,1.0,1.1,1.0,1.2,1.0,0.9,694.0,52.0,694.0,52.0,0,0,False,0,1.0,68.0,35.0,692.0,27.0,False,False,False,False,True,10,2.0,False,255.0,0.0,0.0,TRISPOKE,TRISPOKE,1.0,1.0,80.0,80.0,270.0,720.0,34.9,330.0,1.0
435.0,67.5,590.0,74.0,118.0,45.0,565.0,73.5,655.0,46.0,40.0,31.0,36.5,24.0,27.0,13.0,15.0,STEEL,32.0,53.0,44.0,330.0,350.0,16.0,18.0,False,False,130.0,2.0,0.9,1.1,1.0,1.2,1.0,0.9,680.0,50.0,680.0,50.0,0,1,False,0,1.0,68.0,38.0,690.0,29.0,False,False,False,False,True,11,2.0,False,255.0,0.0,0.0,SPOKED,SPOKED,1.0,1.0,80.0,80.0,280.0,700.0,34.9,350.0,1.0
440.0,66.0,600.0,73.0,140.0,45.0,575.0,74.0,670.0,46.0,42.0,33.0,36.5,23.0,26.0,13.0,15.0,STEEL,35.0,52.0,48.0,330.0,350.0,16.0,18.0,False,False,135.0,2.0,1.0,1.1,0.9,1.2,1.0,0.9,694.0,52.0,694.0,52.0,0,2,False,0,1.0,68.0,36.5,700.0,30.5,False,True,False,False,True,12,2.0,False,255.0,0.0,0.0,DISC,SPOKED,0.0,0.0,0.0,0.0,275.0,710.0,34.9,320.0,1.0
430.0,67.0,605.0,72.0,150.0,45.0,565.0,73.5,665.0,47.0,39.0,30.0,36.5,24.5,27.5,13.0,15.0,STEEL,29.0,57.0,41.0,330.0,350.0,16.0,18.0,False,False,130.0,2.0,1.0,1.1,0.9,1.2,1.0,0.9,700.0,60.0,700.0,60.0,0,1,False,0,1.0,68.0,37.0,700.0,29.0,True,False,False,False,True,11,2.0,False,255.0,0.0,0.0,TRISPOKE,DISC,1.0,0.0,80.0,0.0,290.0,745.0,34.9,325.0,1.0
420.0,70.0,580.0,73.0,120.0,45.0,550.0,73.0,700.0,50.0,45.0,28.0,38.0,25.0,23.0,15.0,9.0,STEEL,30.0,50.0,40.0,330.0,350.0,16.0,18.0,False,False,130.0,2.0,1.0,1.1,1.0,1.0,1.0,1.0,700.0,50.0,700.0,50.0,0,2,False,0,1.0,68.0,40.0,0.0,31.8,False,False,False,False,True,11,2.0,False,255.0,20.0,10.0,SPOKED,SPOKED,1.0,1.0,80.0,80.0,280.0,730.0,28.0,300.0,1.0
425.0,68.0,570.0,72.5,115.0,50.0,540.0,72.5,710.0,50.0,45.0,28.0,38.0,25.0,23.0,15.0,9.0,STEEL,28.0,48.0,38.0,330.0,350.0,16.0,18.0,False,False,130.0,2.0,1.0,1.1,1.0,1.0,1.0,1.0,700.0,50.0,700.0,50.0,0,1,False,0,1.0,68.0,38.0,0.0,31.8,False,False,False,False,True,10,2.0,False,255.0,5.0,5.0,DISC,SPOKED,0.0,1.0,80.0,80.0,285.0,720.0,29.0,310.0,1.0
430.0,65.0,600.0,74.0,130.0,60.0,560.0,74.0,720.0,50.0,45.0,30.0,40.0,26.0,24.0,15.0,9.0,STEEL,35.0,55.0,45.0,330.0,350.0,16.0,18.0,False,False,130.0,2.0,1.0,1.2,1.0,1.0,1.0,1.0,700.0,50.0,700.0,50.0,0,0,False,0,1.0,68.0,42.0,0.0,31.8,False,False,False,False,True,12,2.0,False,255.0,0.0,0.0,TRISPOKE,SPOKED,1.0,1.0,80.0,80.0,290.0,740.0,30.0,320.0,1.0
415.0,68.0,590.0,73.5,110.0,60.0,560.0,72.5,720.0,50.0,45.0,28.0,38.0,25.0,23.0,15.0,9.0,STEEL,28.0,48.0,38.0,330.0,350.0,16.0,18.0,False,False,130.0,2.0,1.0,1.1,1.0,1.0,1.0,1.0,700.0,50.0,700.0,50.0,0,2,False,0,1.0,68.0,35.0,0.0,31.8,False,False,False,False,True,11,2.0,False,255.0,30.0,5.0,SPOKED,DISC,1.0,0.0,80.0,80.0,295.0,710.0,27.0,305.0,1.0
440.0,72.0,610.0,72.0,140.0,55.0,580.0,73.5,690.0,50.0,45.0,30.0,40.0,26.0,24.0,15.0,9.0,STEEL,32.0,52.0,42.0,330.0,350.0,16.0,18.0,True,True,130.0,2.0,1.0,1.2,1.0,1.0,1.0,1.0,700.0,50.0,700.0,50.0,0,1,False,0,1.0,68.0,38.0,0.0,31.8,False,False,False,False,True,12,2.0,False,255.0,15.0,0.0,TRISPOKE,TRISPOKE,1.0,1.0,80.0,80.0,300.0,750.0,28.0,350.0,1.0
425.0,69.0,575.0,72.2,125.0,47.0,545.0,73.2,705.0,50.0,45.0,29.0,39.0,26.0,24.0,15.0,9.0,STEEL,29.0,51.0,39.0,330.0,350.0,16.0,18.0,False,False,130.0,2.0,1.0,1.1,1.0,1.0,1.0,1.0,700.0,50.0,700.0,50.0,0,2,False,0,1.0,68.0,36.0,0.0,31.8,False,False,False,False,True,11,2.0,False,255.0,10.0,10.0,SPOKED,SPOKED,1.0,1.0,80.0,80.0,285.0,720.0,29.0,315.0,1.0
418.0,67.0,585.0,73.8,118.0,52.0,555.0,72.8,715.0,50.0,45.0,28.0,38.0,25.0,23.0,15.0,9.0,STEEL,31.0,53.0,41.0,330.0,350.0,16.0,18.0,False,False,130.0,2.0,1.0,1.1,1.0,1.0,1.0,1.0,700.0,50.0,700.0,50.0,0,1,False,0,1.0,68.0,39.0,0.0,31.8,False,False,False,False,True,10,2.0,False,255.0,25.0,15.0,DISC,DISC,0.0,0.0,80.0,80.0,275.0,700.0,26.0,290.0,1.0
435.0,71.0,595.0,72.7,135.0,58.0,565.0,73.1,700.0,50.0,45.0,28.0,38.0,25.0,23.0,15.0,9.0,STEEL,34.0,54.0,44.0,330.0,350.0,16.0,18.0,False,False,130.0,2.0,1.0,1.1,1.0,1.0,1.0,1.0,700.0,50.0,700.0,50.0,0,2,False,0,1.0,68.0,37.0,0.0,31.8,False,False,False,False,True,11,2.0,False,255.0,0.0,20.0,SPOKED,SPOKED,1.0,1.0,80.0,80.0,295.0,735.0,28.0,335.0,1.0
422.0,66.0,565.0,73.3,105.0,46.0,535.0,72.3,680.0,50.0,45.0,27.0,37.0,24.0,22.0,15.0,9.0,STEEL,27.0,47.0,37.0,330.0,350.0,16.0,18.0,False,False,130.0,2.0,1.0,1.1,1.0,1.0,1.0,1.0,700.0,50.0,700.0,50.0,0,0,False,0,1.0,68.0,33.0,0.0,31.8,False,False,False,False,True,10,2.0,False,255.0,5.0,0.0,DISC,SPOKED,0.0,1.0,80.0,80.0,270.0,710.0,26.0,300.0,1.0
429.0,70.0,605.0,74.0,150.0,65.0,575.0,74.0,730.0,50.0,45.0,30.0,40.0,26.0,24.0,15.0,9.0,STEEL,36.0,56.0,46.0,330.0,350.0,16.0,18.0,True,False,130.0,2.0,1.0,1.2,1.0,1.0,1.0,1.0,700.0,50.0,700.0,50.0,0,2,False,0,1.0,68.0,45.0,0.0,31.8,False,False,False,False,True,12,2.0,False,255.0,10.0,0.0,TRISPOKE,DISC,1.0,0.0,80.0,80.0,305.0,745.0,30.0,345.0,1.0
410.0,65.0,560.0,73.5,140.0,45.0,550.0,74.0,650.0,45.0,40.0,25.0,36.5,23.35,23.35,13.0,15.0,STEEL,30.0,50.0,40.0,330.0,350.0,16.0,18.0,True,True,130.0,2.0,0.9,1.1,0.9,1.2,1.0,0.9,674.0,52.0,674.0,52.0,0,0,False,0,1.0,68.0,34.0,0.0,28.0,False,False,False,False,True,11,2.0,False,255.0,0.0,0.0,SPOKED,SPOKED,0.0,0.0,80.0,80.0,280.0,720.0,36.0,300.0,1.0
412.0,66.0,562.0,72.5,144.0,45.0,551.0,73.5,651.0,46.0,40.0,25.0,36.5,23.35,23.35,13.0,15.0,STEEL,31.0,49.5,40.5,330.0,350.0,16.0,18.0,True,True,130.0,2.0,0.9,1.1,0.9,1.2,1.0,0.9,674.0,52.0,674.0,52.0,0,0,False,0,1.0,68.0,34.0,0.0,28.0,False,False,False,False,True,11,2.0,False,255.0,0.0,0.0,SPOKED,SPOKED,0.0,0.0,80.0,80.0,280.0,722.0,36.0,300.0,1.0
414.0,67.0,564.0,73.5,148.0,45.0,552.0,74.0,652.0,47.0,40.0,25.0,36.5,23.35,23.35,13.0,15.0,STEEL,32.0,49.0,41.0,330.0,350.0,16.0,18.0,True,True,130.0,2.0,0.9,1.1,0.9,1.2,1.0,0.9,674.0,52.0,674.0,52.0,0,0,False,0,1.0,68.0,34.0,0.0,28.0,False,False,False,False,True,11,2.0,False,255.0,0.0,0.0,SPOKED,SPOKED,0.0,0.0,80.0,80.0,280.0,724.0,36.0,300.0,1.0
416.0,65.0,566.0,72.5,152.0,45.0,553.0,73.5,653.0,48.0,40.0,25.0,36.5,23.35,23.35,13.0,15.0,STEEL,33.0,48.5,41.5,330.0,350.0,16.0,18.0,True,True,130.0,2.0,0.9,1.1,0.9,1.2,1.0,0.9,674.0,52.0,674.0,52.0,0,0,False,0,1.0,68.0,34.0,0.0,28.0,False,False,False,False,True,11,2.0,False,255.0,0.0,0.0,SPOKED,SPOKED,0.0,0.0,80.0,80.0,280.0,726.0,36.0,300.0,1.0
418.0,66.0,568.0,73.5,156.0,45.0,554.0,74.0,654.0,49.0,40.0,25.0,36.5,23.35,23.35,13.0,15.0,STEEL,34.0,48.0,42.0,330.0,350.0,16.0,18.0,True,True,130.0,2.0,0.9,1.1,0.9,1.2,1.0,0.9,674.0,52.0,674.0,52.0,0,0,False,0,1.0,68.0,34.0,0.0,28.0,False,False,False,False,True,11,2.0,False,255.0,0.0,0.0,SPOKED,SPOKED,0.0,0.0,80.0,80.0,280.0,728.0,36.0,300.0,1.0
420.0,67.0,570.0,72.5,160.0,45.0,555.0,73.5,655.0,50.0,40.0,25.0,36.5,23.35,23.35,13.0,15.0,STEEL,35.0,47.5,42.5,330.0,350.0,16.0,18.0,True,True,130.0,2.0,0.9,1.1,0.9,1.2,1.0,0.9,674.0,52.0,674.0,52.0,0,0,False,0,1.0,68.0,34.0,0.0,28.0,False,False,False,False,True,11,2.0,False,255.0,0.0,0.0,SPOKED,SPOKED,0.0,0.0,80.0,80.0,280.0,730.0,36.0,300.0,1.0
422.0,65.0,572.0,73.5,164.0,45.0,556.0,74.0,656.0,51.0,40.0,25.0,36.5,23.35,23.35,13.0,15.0,STEEL,36.0,47.0,43.0,330.0,350.0,16.0,18.0,True,True,130.0,2.0,0.9,1.1,0.9,1.2,1.0,0.9,674.0,52.0,674.0,52.0,0,0,False,0,1.0,68.0,34.0,0.0,28.0,False,False,False,False,True,11,2.0,False,255.0,0.0,0.0,SPOKED,SPOKED,0.0,0.0,80.0,80.0,280.0,732.0,36.0,300.0,1.0
424.0,66.0,574.0,72.5,168.0,45.0,557.0,73.5,657.0,52.0,40.0,25.0,36.5,23.35,23.35,13.0,15.0,STEEL,37.0,46.5,43.5,330.0,350.0,16.0,18.0,True,True,130.0,2.0,0.9,1.1,0.9,1.2,1.0,0.9,674.0,52.0,674.0,52.0,0,0,False,0,1.0,68.0,34.0,0.0,28.0,False,False,False,False,True,11,2.0,False,255.0,0.0,0.0,SPOKED,SPOKED,0.0,0.0,80.0,80.0,280.0,734.0,36.0,300.0,1.0
426.0,67.0,576.0,73.5,172.0,45.0,558.0,74.0,658.0,53.0,40.0,25.0,36.5,23.35,23.35,13.0,15.0,STEEL,38.0,46.0,44.0,330.0,350.0,16.0,18.0,True,True,130.0,2.0,0.9,1.1,0.9,1.2,1.0,0.9,674.0,52.0,674.0,52.0,0,0,False,0,1.0,68.0,34.0,0.0,28.0,False,False,False,False,True,11,2.0,False,255.0,0.0,0.0,SPOKED,SPOKED,0.0,0.0,80.0,80.0,280.0,736.0,36.0,300.0,1.0
428.0,65.0,578.0,72.5,176.0,45.0,559.0,73.5,659.0,54.0,40.0,25.0,36.5,23.35,23.35,13.0,15.0,STEEL,39.0,45.5,44.5,330.0,350.0,16.0,18.0,True,True,130.0,2.0,0.9,1.1,0.9,1.2,1.0,0.9,674.0,52.0,674.0,52.0,0,0,False,0,1.0,68.0,34.0,0.0,28.0,False,False,False,False,True,11,2.0,False,255.0,0.0,0.0,SPOKED,SPOKED,0.0,0.0,80.0,80.0,280.0,738.0,36.0,300.0,1.0
415.0,66.0,605.0,73.0,140.0,45.0,580.0,74.0,650.0,45.0,40.0,28.6,36.5,23.35,23.35,15.0,9.0,STEEL,40.0,50.0,40.0,0.0,0.0,0.0,0.0,False,False,130.0,2.0,1.0,1.0,1.0,1.2,1.0,1.0,700.0,28.0,700.0,28.0,0,0,False,0,1.0,68.0,40.0,30.0,31.8,False,True,False,False,True,11,2.0,False,255.0,0.0,0.0,SPOKED,SPOKED,1.0,1.0,80.0,80.0,280.0,720.0,34.9,300.0,1.0
410.0,67.0,610.0,73.5,130.0,45.0,570.0,74.5,655.0,48.0,40.0,28.0,36.5,23.35,23.35,15.0,9.0,STEEL,42.0,48.0,38.0,0.0,0.0,0.0,0.0,False,False,130.0,2.2,1.1,1.0,1.0,1.2,1.0,1.0,700.0,29.0,700.0,29.0,0,0,False,0,1.0,68.0,42.0,30.0,31.8,False,True,False,False,True,12,2.0,False,255.0,0.0,0.0,SPOKED,SPOKED,1.0,1.0,80.0,80.0,285.0,730.0,35.5,310.0,1.0
420.0,65.0,630.0,74.0,150.0,45.0,590.0,73.5,645.0,46.0,40.0,29.0,37.0,23.35,23.35,15.0,9.0,STEEL,45.0,52.0,40.0,0.0,0.0,0.0,0.0,False,False,130.0,2.0,0.9,1.1,1.0,1.2,1.0,1.0,700.0,30.0,700.0,30.0,0,0,False,0,1.0,68.0,45.0,30.0,31.8,False,True,False,False,True,10,2.0,False,255.0,0.0,0.0,SPOKED,SPOKED,1.0,1.0,80.0,80.0,275.0,725.0,36.0,320.0,1.0
425.0,66.5,600.0,73.2,120.0,45.0,565.0,74.2,660.0,47.0,40.0,28.6,36.5,23.35,23.35,15.0,9.0,STEEL,35.0,47.0,37.0,0.0,0.0,0.0,0.0,False,False,130.0,2.0,1.0,1.0,1.1,1.2,1.0,1.0,700.0,29.0,700.0,29.0,0,0,False,0,1.0,68.0,38.0,30.0,31.8,False,True,False,False,True,11,2.0,False,255.0,0.0,0.0,SPOKED,SPOKED,1.0,1.0,80.0,80.0,280.0,715.0,34.9,305.0,1.0
405.0,67.0,620.0,73.8,145.0,45.0,575.0,74.8,652.0,44.0,40.0,28.6,36.5,23.35,23.35,15.0,9.0,STEEL,43.0,51.0,39.0,0.0,0.0,0.0,0.0,False,False,130.0,2.1,1.0,0.9,1.0,1.2,1.0,1.1,700.0,28.5,700.0,28.5,0,0,False,0,1.0,68.0,44.0,30.0,31.8,False,True,False,False,True,12,2.0,False,255.0,0.0,0.0,SPOKED,SPOKED,1.0,1.0,80.0,80.0,290.0,735.0,35.0,315.0,1.0
418.0,65.5,615.0,73.3,135.0,45.0,585.0,74.3,648.0,46.0,40.0,28.6,36.5,23.35,23.35,15.0,9.0,STEEL,38.0,49.0,37.0,0.0,0.0,0.0,0.0,False,False,130.0,2.0,1.1,1.0,0.9,1.2,1.0,1.0,700.0,28.0,700.0,28.0,0,0,False,0,1.0,68.0,40.0,30.0,31.8,False,True,False,False,True,11,2.0,False,255.0,0.0,0.0,SPOKED,SPOKED,1.0,1.0,80.0,80.0,285.0,725.0,34.9,310.0,1.0
422.0,66.0,605.0,73.5,125.0,45.0,572.0,74.0,658.0,45.0,40.0,28.6,36.5,23.35,23.35,15.0,9.0,STEEL,37.0,49.0,38.0,0.0,0.0,0.0,0.0,False,False,130.0,2.0,1.0,1.0,1.0,1.2,1.0,1.0,700.0,29.0,700.0,29.0,0,0,False,0,1.0,68.0,39.0,30.0,31.8,False,True,False,False,True,10,2.0,False,255.0,0.0,0.0,SPOKED,SPOKED,1.0,1.0,80.0,80.0,278.0,720.0,36.0,305.0,1.0
407.0,67.0,625.0,73.7,142.0,45.0,578.0,74.6,651.0,49.0,40.0,28.6,36.5,23.35,23.35,15.0,9.0,STEEL,41.0,53.0,39.0,0.0,0.0,0.0,0.0,False,False,130.0,2.0,0.9,1.1,1.0,1.2,1.0,1.0,700.0,30.0,700.0,30.0,0,0,False,0,1.0,68.0,41.0,30.0,31.8,False,True,False,False,True,12,2.0,False,255.0,0.0,0.0,SPOKED,SPOKED,1.0,1.0,80.0,80.0,282.0,728.0,35.0,318.0,1.0
412.0,66.0,610.0,73.9,138.0,45.0,587.0,74.1,649.0,46.0,40.0,28.6,36.5,23.35,23.35,15.0,9.0,STEEL,39.0,50.0,38.0,0.0,0.0,0.0,0.0,False,False,130.0,2.0,1.0,0.9,1.1,1.2,1.0,1.0,700.0,29.5,700.0,29.5,0,0,False,0,1.0,68.0,39.5,30.0,31.8,False,True,False,False,True,11,2.0,False,255.0,0.0,0.0,SPOKED,SPOKED,1.0,1.0,80.0,80.0,279.0,726.0,35.5,312.0,1.0
418.0,65.0,618.0,73.6,134.0,45.0,583.0,74.4,657.0,48.0,40.0,28.6,36.5,23.35,23.35,15.0,9.0,STEEL,43.0,52.0,39.0,0.0,0.0,0.0,0.0,False,False,130.0,2.0,1.0,1.0,1.0,1.2,1.0,1.0,700.0,28.0,700.0,28.0,0,0,False,0,1.0,68.0,43.0,30.0,31.8,False,True,False,False,True,11,2.0,False,255.0,0.0,0.0,SPOKED,SPOKED,1.0,1.0,80.0,80.0,284.0,731.0,34.9,317.0,1.0
415.0,70.0,600.0,73.0,120.0,45.0,540.0,74.0,660.0,47.0,40.0,25.4,36.5,23.35,23.35,13.0,15.0,STEEL,30.0,50.0,45.0,330.0,350.0,16.0,18.0,False,False,130.0,2.0,0.9,1.1,0.9,1.2,1.0,0.9,674.0,52.0,674.0,52.0,0,2,False,0,1.0,68.0,31.8,692.0,26.8,False,False,False,False,True,11,2.0,False,255.0,0.0,0.0,SPOKED,SPOKED,1.0,1.0,80.0,720.0,36.5,250.0,1.0,,
420.0,70.0,610.0,72.5,130.0,45.0,545.0,73.5,665.0,47.0,40.0,25.4,36.5,23.35,23.35,13.0,15.0,STEEL,35.0,52.0,50.0,330.0,350.0,16.0,18.0,False,False,130.0,2.0,0.9,1.1,0.9,1.2,1.0,0.9,674.0,52.0,674.0,52.0,0,1,False,0,1.0,68.0,31.8,692.0,26.8,False,False,False,False,True,11,2.0,False,255.0,0.0,0.0,SPOKED,SPOKED,1.0,1.0,80.0,725.0,36.5,250.0,1.0,,
430.0,70.0,590.0,74.0,110.0,45.0,550.0,74.5,670.0,47.0,40.0,25.4,36.5,23.35,23.35,13.0,15.0,STEEL,32.0,48.0,55.0,330.0,350.0,16.0,18.0,False,False,130.0,2.0,0.9,1.1,0.9,1.2,1.0,0.9,674.0,52.0,674.0,52.0,0,0,False,0,1.0,68.0,31.8,692.0,26.8,False,False,False,False,True,11,2.0,False,255.0,0.0,0.0,SPOKED,SPOKED,1.0,1.0,80.0,730.0,36.5,250.0,1.0,,
425.0,70.0,580.0,73.2,125.0,45.0,535.0,73.2,650.0,47.0,40.0,25.4,36.5,23.35,23.35,13.0,15.0,STEEL,25.0,45.0,40.0,330.0,350.0,16.0,18.0,False,False,130.0,2.0,0.9,1.1,0.9,1.2,1.0,0.9,674.0,52.0,674.0,52.0,0,1,False,0,1.0,68.0,31.8,692.0,26.8,False,False,False,False,True,11,2.0,False,255.0,0.0,0.0,SPOKED,SPOKED,1.0,1.0,80.0,735.0,36.5,250.0,1.0,,
435.0,70.0,620.0,72.8,115.0,45.0,555.0,74.8,680.0,47.0,40.0,25.4,36.5,23.35,23.35,13.0,15.0,STEEL,28.0,55.0,60.0,330.0,350.0,16.0,18.0,False,False,130.0,2.0,0.9,1.1,0.9,1.2,1.0,0.9,674.0,52.0,674.0,52.0,0,2,False,0,1.0,68.0,31.8,692.0,26.8,False,False,False,False,True,11,2.0,False,255.0,0.0,0.0,SPOKED,SPOKED,1.0,1.0,80.0,740.0,36.5,250.0,1.0,,
418.0,70.0,605.0,73.5,118.0,45.0,560.0,73.8,660.0,47.0,40.0,25.4,36.5,23.35,23.35,13.0,15.0,STEEL,33.0,60.0,50.0,330.0,350.0,16.0,18.0,False,False,130.0,2.0,0.9,1.1,0.9,1.2,1.0,0.9,674.0,52.0,674.0,52.0,0,1,False,0,1.0,68.0,31.8,692.0,26.8,False,False,False,False,True,11,2.0,False,255.0,0.0,0.0,SPOKED,SPOKED,1.0,1.0,80.0,728.0,36.5,250.0,1.0,,
422.0,70.0,590.0,72.2,140.0,45.0,545.0,74.2,655.0,47.0,40.0,25.4,36.5,23.35,23.35,13.0,15.0,STEEL,30.0,50.0,45.0,330.0,350.0,16.0,18.0,False,False,130.0,2.0,0.9,1.1,0.9,1.2,1.0,0.9,674.0,52.0,674.0,52.0,0,0,False,0,1.0,68.0,31.8,692.0,26.8,False,False,False,False,True,11,2.0,False,255.0,0.0,0.0,SPOKED,SPOKED,1.0,1.0,80.0,722.0,36.5,250.0,1.0,,
410.0,70.0,585.0,74.5,135.0,45.0,530.0,73.5,645.0,47.0,40.0,25.4,36.5,23.35,23.35,13.0,15.0,STEEL,29.0,47.0,42.0,330.0,350.0,16.0,18.0,False,False,130.0,2.0,0.9,1.1,0.9,1.2,1.0,0.9,674.0,52.0,674.0,52.0,0,1,False,0,1.0,68.0,31.8,692.0,26.8,False,False,False,False,True,11,2.0,False,255.0,0.0,0.0,SPOKED,SPOKED,1.0,1.0,80.0,715.0,36.5,250.0,1.0,,
430.0,70.0,615.0,73.8,105.0,45.0,550.0,74.0,675.0,47.0,40.0,25.4,36.5,23.35,23.35,13.0,15.0,STEEL,27.0,53.0,58.0,330.0,350.0,16.0,18.0,False,False,130.0,2.0,0.9,1.1,0.9,1.2,1.0,0.9,674.0,52.0,674.0,52.0,0,2,False,0,1.0,68.0,31.8,692.0,26.8,False,False,False,False,True,11,2.0,False,255.0,0.0,0.0,SPOKED,SPOKED,1.0,1.0,80.0,737.0,36.5,250.0,1.0,,
420.0,70.0,590.0,73.0,140.0,45.0,550.0,74.0,680.0,45.0,40.0,28.6,36.5,23.35,21.25,15.0,9.0,STEEL,30.0,48.0,30.0,330.0,350.0,16.0,18.0,False,False,130.0,2.0,0.9,1.1,0.9,1.2,1.0,0.9,674.0,52.0,674.0,52.0,0,0,False,0,1.0,68.0,31.8,0.0,26.8,False,False,False,False,True,11,2.0,False,255.0,0.0,0.0,SPOKED,SPOKED,0.0,0.0,0.0,0.0,278.0,720.0,36.5,300.0,1.0
415.0,70.0,575.0,74.0,130.0,45.0,545.0,74.0,690.0,45.0,40.0,28.6,36.5,23.35,21.25,15.0,9.0,STEEL,30.0,48.0,30.0,330.0,350.0,16.0,18.0,False,False,130.0,2.0,0.9,1.1,0.9,1.2,1.0,0.9,674.0,52.0,674.0,52.0,0,0,False,0,1.0,68.0,31.8,0.0,26.8,False,False,False,False,True,11,2.0,False,255.0,0.0,0.0,SPOKED,SPOKED,0.0,0.0,0.0,0.0,278.0,725.0,36.5,310.0,1.0
425.0,70.0,610.0,72.0,155.0,45.0,555.0,73.0,675.0,45.0,40.0,28.6,36.5,23.35,21.25,15.0,9.0,STEEL,30.0,48.0,30.0,330.0,350.0,16.0,18.0,False,False,130.0,2.0,0.9,1.1,0.9,1.2,1.0,0.9,674.0,52.0,674.0,52.0,0,0,False,0,1.0,68.0,31.8,0.0,26.8,False,False,False,False,True,11,2.0,False,255.0,0.0,0.0,SPOKED,SPOKED,0.0,0.0,0.0,0.0,278.0,710.0,36.5,290.0,1.0
418.0,70.0,600.0,73.5,150.0,45.0,560.0,73.5,680.0,45.0,40.0,28.6,36.5,23.35,21.25,15.0,9.0,STEEL,30.0,48.0,30.0,330.0,350.0,16.0,18.0,False,False,130.0,2.0,0.9,1.1,0.9,1.2,1.0,0.9,674.0,52.0,674.0,52.0,0,0,False,0,1.0,68.0,31.8,0.0,26.8,False,False,False,False,True,11,2.0,False,255.0,0.0,0.0,SPOKED,SPOKED,0.0,0.0,0.0,0.0,278.0,715.0,36.5,305.0,1.0
430.0,70.0,565.0,74.5,120.0,45.0,540.0,74.5,700.0,45.0,40.0,28.6,36.5,23.35,21.25,15.0,9.0,STEEL,30.0,48.0,30.0,330.0,350.0,16.0,18.0,False,False,130.0,2.0,0.9,1.1,0.9,1.2,1.0,0.9,674.0,52.0,674.0,52.0,0,0,False,0,1.0,68.0,31.8,0.0,26.8,False,False,False,False,True,11,2.0,False,255.0,0.0,0.0,SPOKED,SPOKED,0.0,0.0,0.0,0.0,278.0,730.0,36.5,315.0,1.0
422.0,70.0,595.0,72.5,145.0,45.0,552.0,73.8,685.0,45.0,40.0,28.6,36.5,23.35,21.25,15.0,9.0,STEEL,30.0,48.0,30.0,330.0,350.0,16.0,18.0,False,False,130.0,2.0,0.9,1.1,0.9,1.2,1.0,0.9,674.0,52.0,674.0,52.0,0,0,False,0,1.0,68.0,31.8,0.0,26.8,False,False,False,False,True,11,2.0,False,255.0,0.0,0.0,SPOKED,SPOKED,0.0,0.0,0.0,0.0,278.0,720.0,36.5,300.0,1.0
417.0,70.0,580.0,73.2,135.0,45.0,548.0,74.2,678.0,45.0,40.0,28.6,36.5,23.35,21.25,15.0,9.0,STEEL,30.0,48.0,30.0,330.0,350.0,16.0,18.0,False,False,130.0,2.0,0.9,1.1,0.9,1.2,1.0,0.9,674.0,52.0,674.0,52.0,0,0,False,0,1.0,68.0,31.8,0.0,26.8,False,False,False,False,True,11,2.0,False,255.0,0.0,0.0,SPOKED,SPOKED,0.0,0.0,0.0,0.0,278.0,718.0,36.5,295.0,1.0
424.0,70.0,605.0,71.8,160.0,45.0,558.0,73.3,670.0,45.0,40.0,28.6,36.5,23.35,21.25,15.0,9.0,STEEL,30.0,48.0,30.0,330.0,350.0,16.0,18.0,False,False,130.0,2.0,0.9,1.1,0.9,1.2,1.0,0.9,674.0,52.0,674.0,52.0,0,0,False,0,1.0,68.0,31.8,0.0,26.8,False,False,False,False,True,11,2.0,False,255.0,0.0,0.0,SPOKED,SPOKED,0.0,0.0,0.0,0.0,278.0,705.0,36.5,285.0,1.0
420.0,70.0,590.0,73.0,140.0,45.0,550.0,74.0,682.0,45.0,40.0,28.6,36.5,23.35,21.25,15.0,9.0,STEEL,30.0,48.0,30.0,330.0,350.0,16.0,18.0,False,False,130.0,2.0,0.9,1.1,0.9,1.2,1.0,0.9,674.0,52.0,674.0,52.0,0,0,False,0,1.0,68.0,31.8,0.0,26.8,False,False,False,False,True,11,2.0,False,255.0,0.0,0.0,SPOKED,SPOKED,0.0,0.0,0.0,0.0,278.0,722.0,36.5,300.0,1.0
428.0,70.0,620.0,72.0,170.0,45.0,565.0,73.7,665.0,45.0,40.0,28.6,36.5,23.35,21.25,15.0,9.0,STEEL,30.0,48.0,30.0,330.0,350.0,16.0,18.0,False,False,130.0,2.0,0.9,1.1,0.9,1.2,1.0,0.9,674.0,52.0,674.0,52.0,0,0,False,0,1.0,68.0,31.8,0.0,26.8,False,False,False,False,True,11,2.0,False,255.0,0.0,0.0,SPOKED,SPOKED,0.0,0.0,0.0,0.0,278.0,712.0,36.5,295.0,1.0
420.0,70.0,580.0,73.0,160.0,45.0,520.0,73.0,630.0,45.0,40.0,25.0,36.5,23.5,23.5,12.0,15.0,STEEL,40.0,40.0,35.0,0.0,0.0,0.0,0.0,False,False,130.0,2.0,0.9,0.9,0.9,0.9,0.9,0.9,674.0,52.0,674.0,52.0,0,0,False,0,1.0,68.0,34.0,0.0,31.8,False,False,False,False,True,11,2.0,False,255.0,0.0,0.0,SPOKED,SPOKED,0.0,0.0,80.0,80.0,250.0,740.0,36.5,350.0,1.0
425.0,65.0,570.0,72.5,155.0,47.0,515.0,74.0,635.0,45.0,40.0,25.0,36.5,23.5,23.5,12.0,15.0,STEEL,38.0,42.0,37.0,0.0,0.0,0.0,0.0,False,False,130.0,2.0,1.0,0.9,1.0,0.9,0.9,0.9,674.0,52.0,674.0,52.0,0,0,False,0,1.0,68.0,32.0,0.0,31.8,False,False,False,False,True,10,2.0,False,255.0,0.0,0.0,SPOKED,SPOKED,0.0,0.0,80.0,80.0,255.0,730.0,36.5,340.0,1.0
415.0,72.0,590.0,73.5,165.0,46.0,530.0,73.0,640.0,45.0,40.0,25.0,36.5,23.5,23.5,12.0,15.0,STEEL,45.0,45.0,40.0,0.0,0.0,0.0,0.0,False,False,130.0,2.0,0.9,0.9,0.9,0.9,0.9,0.9,674.0,52.0,674.0,52.0,0,0,False,0,1.0,68.0,35.0,0.0,31.8,False,False,False,False,True,11,2.0,False,255.0,0.0,0.0,SPOKED,SPOKED,0.0,0.0,80.0,80.0,260.0,745.0,36.5,330.0,1.0
430.0,68.0,585.0,73.0,150.0,48.0,525.0,74.0,625.0,45.0,40.0,25.0,36.5,23.5,23.5,12.0,15.0,STEEL,35.0,38.0,36.0,0.0,0.0,0.0,0.0,False,False,130.0,2.0,1.1,0.9,1.0,1.0,0.9,0.9,674.0,52.0,674.0,52.0,0,0,False,0,1.0,68.0,33.0,0.0,31.8,False,False,False,False,True,9,2.0,False,255.0,0.0,0.0,SPOKED,SPOKED,0.0,0.0,80.0,80.0,245.0,735.0,36.5,360.0,1.0
420.0,70.0,575.0,74.0,158.0,45.0,518.0,73.5,632.0,45.0,40.0,25.0,36.5,23.5,23.5,12.0,15.0,STEEL,42.0,43.0,38.0,0.0,0.0,0.0,0.0,False,False,130.0,2.0,0.9,0.9,0.9,0.9,0.9,0.9,674.0,52.0,674.0,52.0,0,0,False,0,1.0,68.0,34.5,0.0,31.8,False,False,False,False,True,11,3.0,False,255.0,0.0,0.0,SPOKED,SPOKED,0.0,0.0,80.0,80.0,258.0,750.0,36.5,355.0,1.0
432.0,67.0,582.0,72.0,162.0,44.0,522.0,73.0,638.0,45.0,40.0,25.0,36.5,23.5,23.5,12.0,15.0,STEEL,48.0,40.0,42.0,0.0,0.0,0.0,0.0,False,False,130.0,2.0,0.9,0.9,0.9,0.9,0.9,0.9,674.0,52.0,674.0,52.0,0,0,False,0,1.0,68.0,36.0,0.0,31.8,False,False,False,False,True,10,2.0,False,255.0,0.0,0.0,SPOKED,SPOKED,0.0,0.0,80.0,80.0,252.0,745.0,36.5,345.0,1.0
418.0,66.0,578.0,73.0,157.0,47.0,527.0,74.0,630.0,45.0,40.0,25.0,36.5,23.5,23.5,12.0,15.0,STEEL,40.0,44.0,36.0,0.0,0.0,0.0,0.0,False,False,130.0,2.0,0.9,0.9,0.9,0.9,0.9,0.9,674.0,52.0,674.0,52.0,0,0,False,0,1.0,68.0,35.5,0.0,31.8,False,False,False,False,True,11,2.0,False,255.0,0.0,0.0,SPOKED,SPOKED,0.0,0.0,80.0,80.0,253.0,742.0,36.5,360.0,1.0
427.0,69.0,579.0,72.0,153.0,46.0,524.0,74.0,635.0,45.0,40.0,25.0,36.5,23.5,23.5,12.0,15.0,STEEL,37.0,41.0,39.0,0.0,0.0,0.0,0.0,False,False,130.0,2.0,1.0,0.9,1.0,0.9,0.9,0.9,674.0,52.0,674.0,52.0,0,0,False,0,1.0,68.0,33.5,0.0,31.8,False,False,False,False,True,10,3.0,False,255.0,0.0,0.0,SPOKED,SPOKED,0.0,0.0,80.0,80.0,256.0,738.0,36.5,365.0,1.0
422.0,71.0,589.0,73.0,160.0,45.0,529.0,73.0,628.0,45.0,40.0,25.0,36.5,23.5,23.5,12.0,15.0,STEEL,44.0,40.0,38.0,0.0,0.0,0.0,0.0,False,False,130.0,2.0,0.9,0.9,0.9,0.9,0.9,0.9,674.0,52.0,674.0,52.0,0,0,False,0,1.0,68.0,34.0,0.0,31.8,False,False,False,False,True,11,2.0,False,255.0,0.0,0.0,SPOKED,SPOKED,0.0,0.0,80.0,80.0,259.0,748.0,36.5,350.0,1.0
426.0,68.0,583.0,73.5,159.0,47.0,521.0,73.5,633.0,45.0,40.0,25.0,36.5,23.5,23.5,12.0,15.0,STEEL,43.0,42.0,37.0,0.0,0.0,0.0,0.0,False,False,130.0,2.0,0.9,0.9,0.9,0.9,0.9,0.9,674.0,52.0,674.0,52.0,0,0,False,0,1.0,68.0,34.2,0.0,31.8,False,False,False,False,True,10,2.0,False,255.0,0.0,0.0,SPOKED,SPOKED,0.0,0.0,80.0,80.0,257.0,743.0,36.5,352.0,1.0
425.0,70.0,580.0,73.0,145.0,45.0,550.0,73.0,650.0,45.0,40.0,28.6,36.5,23.35,23.35,13.0,15.0,STEEL,35.0,45.0,45.0,330.0,350.0,16.0,18.0,False,False,130.0,2.0,0.9,1.1,0.9,1.2,1.0,0.9,674.0,52.0,674.0,52.0,0,0,False,0,1.0,68.0,31.8,0.0,31.8,True,True,False,False,True,11,2.0,False,255.0,0.0,0.0,DISC,SPOKED,0.0,0.0,80.0,80.0,280.0,730.0,26.8,260.0,1.0
430.0,68.0,585.0,72.5,150.0,48.0,555.0,74.0,645.0,46.0,40.0,27.0,38.0,23.0,23.5,14.0,16.0,STEEL,36.0,44.0,46.0,325.0,345.0,16.0,18.0,False,False,130.0,2.0,0.9,1.1,0.9,1.2,1.0,0.9,674.0,50.0,674.0,50.0,0,0,False,0,1.0,70.0,34.0,0.0,31.8,True,True,False,False,True,11,2.0,False,255.0,0.0,0.0,DISC,TRISPOKE,0.0,1.0,80.0,100.0,285.0,725.0,27.0,270.0,1.0
420.0,72.0,575.0,73.5,140.0,45.0,545.0,73.5,655.0,45.0,40.0,28.0,37.0,23.5,23.0,13.5,15.5,STEEL,34.5,45.5,44.5,330.0,350.0,16.0,18.0,False,False,130.0,2.0,0.9,1.1,0.9,1.2,1.0,0.9,680.0,50.0,680.0,50.0,0,1,False,0,1.0,68.0,33.5,0.0,31.5,True,True,False,False,True,10,2.0,False,255.0,0.0,0.0,SPOKED,SPOKED,0.0,0.0,80.0,80.0,275.0,720.0,27.5,265.0,1.0
435.0,70.0,590.0,72.0,155.0,47.0,560.0,74.0,660.0,47.0,40.0,29.0,36.0,23.0,23.0,14.0,15.0,STEEL,37.0,46.0,47.0,328.0,348.0,16.0,18.0,False,False,130.0,2.0,0.9,1.1,0.9,1.2,1.0,0.9,674.0,52.0,674.0,52.0,0,0,False,0,1.0,68.0,32.5,0.0,31.8,True,True,False,False,True,12,2.0,False,255.0,0.0,0.0,DISC,DISC,0.0,0.0,80.0,80.0,282.0,735.0,28.0,275.0,1.0
415.0,69.0,565.0,73.0,130.0,45.0,540.0,73.0,630.0,44.0,40.0,28.6,36.5,23.3,23.3,12.5,14.5,STEEL,33.0,43.0,43.0,332.0,342.0,15.0,17.0,False,False,130.0,2.0,0.9,1.1,0.9,1.2,1.0,0.9,670.0,50.0,670.0,50.0,0,0,False,0,1.0,70.0,31.8,0.0,31.8,True,False,False,False,True,11,2.0,False,255.0,0.0,0.0,SPOKED,TRISPOKE,0.0,1.0,80.0,100.0,278.0,710.0,26.8,250.0,1.0
440.0,70.0,595.0,73.5,160.0,50.0,565.0,74.5,655.0,46.0,40.0,29.0,38.0,24.0,24.0,14.0,16.0,STEEL,38.0,48.0,48.0,330.0,350.0,16.0,18.0,False,False,130.0,2.0,0.9,1.1,0.9,1.2,1.0,0.9,680.0,52.0,680.0,52.0,0,0,False,2,0.0,68.0,36.0,0.0,32.0,True,False,False,False,True,11,2.0,False,255.0,0.0,0.0,SPOKED,SPOKED,0.0,0.0,80.0,80.0,290.0,740.0,27.0,280.0,1.0
425.0,72.0,580.0,73.0,145.0,45.0,550.0,73.0,650.0,45.0,40.0,28.0,37.0,23.5,23.5,13.0,15.0,STEEL,36.0,46.0,46.0,330.0,350.0,16.0,18.0,False,False,130.0,2.0,0.9,1.1,0.9,1.2,1.0,0.9,674.0,50.0,674.0,50.0,0,0,False,0,1.0,68.0,33.0,0.0,31.8,True,False,False,False,True,10,2.0,False,255.0,0.0,0.0,DISC,SPOKED,0.0,0.0,80.0,80.0,285.0,725.0,26.8,265.0,1.0
430.0,69.0,570.0,74.0,135.0,46.0,545.0,74.0,660.0,47.0,40.0,28.6,36.5,23.5,23.5,13.5,15.5,STEEL,35.5,45.5,45.5,329.0,349.0,16.0,18.0,False,False,130.0,2.0,0.9,1.1,0.9,1.2,1.0,0.9,680.0,52.0,680.0,52.0,0,0,False,1,0.0,69.0,34.0,0.0,31.8,True,False,False,False,True,12,2.0,False,255.0,0.0,0.0,TRISPOKE,TRISPOKE,1.0,1.0,100.0,100.0,282.0,720.0,27.2,270.0,1.0
420.0,71.0,600.0,72.5,165.0,49.0,560.0,73.5,645.0,46.0,40.0,28.6,37.5,24.0,24.0,14.0,16.0,STEEL,39.0,49.0,47.0,331.0,351.0,16.0,18.0,False,False,130.0,2.0,0.9,1.1,0.9,1.2,1.0,0.9,674.0,52.0,674.0,52.0,0,0,False,2,0.0,70.0,35.0,0.0,32.0,True,False,False,False,True,11,2.0,False,255.0,0.0,0.0,DISC,DISC,0.0,0.0,80.0,80.0,288.0,735.0,27.8,285.0,1.0
435.0,70.0,590.0,73.2,140.0,48.0,555.0,73.8,650.0,45.0,40.0,29.0,36.0,23.2,23.2,13.8,15.2,STEEL,36.5,46.5,46.5,330.0,350.0,16.0,18.0,False,False,130.0,2.0,0.9,1.1,0.9,1.2,1.0,0.9,680.0,52.0,680.0,52.0,0,0,False,0,1.0,68.0,32.0,0.0,31.9,True,False,False,False,True,11,2.0,False,255.0,0.0,0.0,SPOKED,SPOKED,0.0,0.0,80.0,80.0,278.0,722.0,26.8,255.0,1.0
430.0,68.0,580.0,73.0,105.0,45.0,550.0,74.0,650.0,45.0,40.0,25.4,36.5,23.35,13.0,13.0,15.0,STEEL,60.0,48.0,40.0,330.0,350.0,16.0,18.0,False,False,130.0,2.0,1.0,1.0,1.5,1.0,1.0,1.0,700.0,20.0,700.0,20.0,0,0,False,0,1.0,68.0,31.8,0.0,30.0,False,False,False,False,True,11,2.0,False,255.0,0.0,0.0,SPOKED,SPOKED,0.0,0.0,0.0,0.0,250.0,800.0,36.5,300.0,1.0
432.0,68.0,585.0,74.0,110.0,45.0,555.0,74.0,648.0,45.0,40.0,27.0,38.0,24.0,14.0,13.0,15.0,STEEL,62.0,50.0,42.0,330.0,350.0,16.0,18.0,False,False,130.0,2.0,1.1,1.1,1.6,1.1,1.1,1.1,700.0,22.0,700.0,22.0,0,1,False,0,1.0,68.0,32.0,0.0,30.0,False,False,False,False,True,11,2.0,False,255.0,0.0,0.0,SPOKED,SPOKED,0.0,0.0,0.0,0.0,255.0,805.0,38.0,305.0,1.0
428.0,67.0,578.0,73.5,100.0,45.0,548.0,73.5,652.0,46.0,40.0,25.4,36.5,23.35,13.0,13.0,15.0,STEEL,58.0,47.0,39.0,335.0,355.0,16.0,18.0,False,False,135.0,2.0,1.0,1.0,1.5,1.0,1.0,1.0,710.0,20.0,710.0,20.0,0,0,False,0,1.0,68.0,31.0,0.0,30.0,False,False,False,False,True,12,2.0,False,255.0,0.0,0.0,SPOKED,SPOKED,0.0,0.0,0.0,0.0,250.0,800.0,36.5,300.0,1.0
435.0,69.0,590.0,72.0,115.0,45.0,560.0,72.0,645.0,47.0,40.0,26.0,37.0,23.35,13.5,13.0,15.0,STEEL,65.0,52.0,45.0,330.0,350.0,16.0,18.0,False,False,130.0,2.0,1.0,1.0,1.5,1.0,1.0,1.0,700.0,18.0,700.0,18.0,0,2,False,0,1.0,68.0,32.0,0.0,30.0,False,False,False,False,True,11,2.0,False,255.0,0.0,0.0,SPOKED,SPOKED,0.0,0.0,0.0,0.0,255.0,810.0,37.0,310.0,1.0
440.0,68.0,582.0,73.0,108.0,45.0,556.0,74.0,649.0,45.0,40.0,25.4,36.5,23.35,13.0,13.0,15.0,STEEL,61.0,49.0,41.0,332.0,352.0,16.0,18.0,False,False,130.0,2.0,1.0,1.0,1.5,1.0,1.0,1.0,700.0,20.0,700.0,20.0,0,0,False,0,3.0,68.0,36.0,0.0,30.0,False,False,False,False,True,11,2.0,False,255.0,0.0,0.0,SPOKED,SPOKED,0.0,0.0,0.0,0.0,255.0,805.0,36.5,305.0,1.0
427.0,67.0,579.0,73.0,102.0,45.0,550.0,74.0,653.0,45.0,40.0,25.4,36.5,23.35,13.0,13.0,15.0,STEEL,59.0,47.0,40.0,330.0,350.0,16.0,18.0,False,False,130.0,2.0,1.0,1.0,1.5,1.0,1.0,1.0,700.0,20.0,700.0,20.0,0,1,False,0,1.0,68.0,31.8,0.0,30.0,False,False,False,False,True,11,2.0,False,255.0,0.0,0.0,SPOKED,SPOKED,0.0,0.0,0.0,0.0,250.0,800.0,36.5,300.0,1.0
433.0,68.0,583.0,73.0,109.0,45.0,555.0,74.0,648.0,46.0,40.0,25.4,36.5,23.35,13.0,13.0,15.0,STEEL,62.0,49.0,42.0,330.0,350.0,16.0,18.0,False,False,135.0,2.0,1.0,1.0,1.5,1.0,1.0,1.0,700.0,20.0,700.0,20.0,0,0,False,0,1.0,68.0,31.8,0.0,30.0,False,False,False,False,True,11,2.0,False,255.0,0.0,0.0,SPOKED,SPOKED,0.0,0.0,0.0,0.0,250.0,800.0,36.5,300.0,1.0
430.0,68.0,579.0,74.0,107.0,45.0,552.0,73.0,652.0,45.0,40.0,27.0,36.5,23.35,13.0,13.0,15.0,STEEL,60.0,48.0,40.0,332.0,352.0,16.0,18.0,False,False,130.0,2.0,1.0,1.0,1.5,1.0,1.0,1.0,700.0,20.0,700.0,20.0,0,1,False,0,1.0,68.0,32.0,0.0,30.0,False,False,False,False,True,11,2.0,False,255.0,0.0,0.0,SPOKED,SPOKED,0.0,0.0,0.0,0.0,250.0,800.0,36.5,300.0,1.0
436.0,70.0,590.0,73.0,112.0,45.0,558.0,74.0,645.0,46.0,40.0,25.4,36.5,23.35,13.0,13.0,15.0,STEEL,64.0,51.0,43.0,330.0,350.0,16.0,18.0,False,False,130.0,2.0,1.0,1.0,1.5,1.0,1.0,1.0,700.0,20.0,700.0,20.0,0,2,False,0,1.0,68.0,32.0,0.0,30.0,False,False,False,False,True,11,2.0,False,255.0,0.0,0.0,SPOKED,SPOKED,0.0,0.0,0.0,0.0,255.0,810.0,36.5,310.0,1.0
439.0,68.0,587.0,74.0,111.0,45.0,553.0,74.0,650.0,47.0,40.0,26.0,38.0,24.0,13.0,13.0,15.0,STEEL,63.0,50.0,42.0,331.0,351.0,16.0,18.0,False,False,135.0,2.0,1.0,1.0,1.5,1.0,1.0,1.0,700.0,20.0,700.0,20.0,0,1,False,0,1.0,68.0,32.0,0.0,30.0,False,False,False,False,True,12,2.0,False,255.0,0.0,0.0,SPOKED,SPOKED,0.0,0.0,0.0,0.0,250.0,800.0,38.0,300.0,1.0
425.0,70.0,580.0,73.0,110.0,45.0,550.0,74.0,560.0,45.0,40.0,25.4,36.5,23.35,28.5,15.0,15.0,STEEL,60.0,50.0,45.0,330.0,350.0,16.0,18.0,False,False,130.0,2.0,0.9,1.1,0.9,1.2,1.0,0.9,674.0,52.0,674.0,52.0,0,0,False,0,1.0,68.0,34.0,692.0,31.8,False,False,False,False,True,11,2.0,False,255.0,0.0,0.0,SPOKED,SPOKED,0.0,0.0,80.0,80.0,280.0,770.0,36.5,300.0,1.0
425.0,70.0,590.0,72.5,120.0,45.0,560.0,73.5,565.0,50.0,40.0,25.4,36.5,23.35,28.5,15.0,15.0,STEEL,60.0,50.0,45.0,330.0,350.0,16.0,18.0,False,False,130.0,2.0,0.9,1.1,0.9,1.2,1.0,0.9,674.0,52.0,674.0,52.0,0,0,False,0,1.0,68.0,34.0,692.0,31.8,False,False,False,False,True,11,2.0,False,255.0,0.0,0.0,SPOKED,SPOKED,0.0,0.0,80.0,80.0,280.0,770.0,36.5,300.0,1.0
425.0,70.0,600.0,74.0,130.0,45.0,540.0,75.0,570.0,45.0,40.0,25.4,36.5,23.35,28.5,15.0,15.0,STEEL,60.0,50.0,45.0,330.0,350.0,16.0,18.0,False,False,130.0,2.0,0.9,1.1,0.9,1.2,1.0,0.9,674.0,52.0,674.0,52.0,0,0,False,0,1.0,68.0,34.0,692.0,31.8,False,False,False,False,True,11,2.0,False,255.0,0.0,0.0,SPOKED,SPOKED,0.0,0.0,80.0,80.0,280.0,770.0,36.5,300.0,1.0
425.0,70.0,570.0,73.5,140.0,45.0,555.0,74.5,555.0,50.0,40.0,25.4,36.5,23.35,28.5,15.0,15.0,STEEL,60.0,50.0,45.0,330.0,350.0,16.0,18.0,False,False,130.0,2.0,0.9,1.1,0.9,1.2,1.0,0.9,674.0,52.0,674.0,52.0,0,0,False,0,1.0,68.0,34.0,692.0,31.8,False,False,False,False,True,11,2.0,False,255.0,0.0,0.0,SPOKED,SPOKED,0.0,0.0,80.0,80.0,280.0,770.0,36.5,300.0,1.0
425.0,70.0,560.0,72.0,100.0,45.0,545.0,73.0,550.0,45.0,40.0,25.4,36.5,23.35,28.5,15.0,15.0,STEEL,60.0,50.0,45.0,330.0,350.0,16.0,18.0,False,False,130.0,2.0,0.9,1.1,0.9,1.2,1.0,0.9,674.0,52.0,674.0,52.0,0,0,False,0,1.0,68.0,34.0,692.0,31.8,False,False,False,False,True,11,2.0,False,255.0,0.0,0.0,SPOKED,SPOKED,0.0,0.0,80.0,80.0,280.0,770.0,36.5,300.0,1.0
425.0,70.0,585.0,73.0,115.0,45.0,552.0,74.0,562.0,50.0,40.0,25.4,36.5,23.35,28.5,15.0,15.0,STEEL,60.0,50.0,45.0,330.0,350.0,16.0,18.0,False,False,130.0,2.0,0.9,1.1,0.9,1.2,1.0,0.9,674.0,52.0,674.0,52.0,0,0,False,0,1.0,68.0,34.0,692.0,31.8,False,False,False,False,True,11,2.0,False,255.0,0.0,0.0,SPOKED,SPOKED,0.0,0.0,80.0,80.0,280.0,770.0,36.5,300.0,1.0
425.0,70.0,595.0,74.5,125.0,45.0,558.0,75.0,575.0,45.0,40.0,25.4,36.5,23.35,28.5,15.0,15.0,STEEL,60.0,50.0,45.0,330.0,350.0,16.0,18.0,False,False,130.0,2.0,0.9,1.1,0.9,1.2,1.0,0.9,674.0,52.0,674.0,52.0,0,0,False,0,1.0,68.0,34.0,692.0,31.8,False,False,False,False,True,11,2.0,False,255.0,0.0,0.0,SPOKED,SPOKED,0.0,0.0,80.0,80.0,280.0,770.0,36.5,300.0,1.0
425.0,70.0,575.0,72.5,105.0,45.0,549.0,73.5,553.0,50.0,40.0,25.4,36.5,23.35,28.5,15.0,15.0,STEEL,60.0,50.0,45.0,330.0,350.0,16.0,18.0,False,False,130.0,2.0,0.9,1.1,0.9,1.2,1.0,0.9,674.0,52.0,674.0,52.0,0,0,False,0,1.0,68.0,34.0,692.0,31.8,False,False,False,False,True,11,2.0,False,255.0,0.0,0.0,SPOKED,SPOKED,0.0,0.0,80.0,80.0,280.0,770.0,36.5,300.0,1.0
425.0,70.0,590.0,73.0,135.0,45.0,560.0,74.2,567.0,45.0,40.0,25.4,36.5,23.35,28.5,15.0,15.0,STEEL,60.0,50.0,45.0,330.0,350.0,16.0,18.0,False,False,130.0,2.0,0.9,1.1,0.9,1.2,1.0,0.9,674.0,52.0,674.0,52.0,0,0,False,0,1.0,68.0,34.0,692.0,31.8,False,False,False,False,True,11,2.0,False,255.0,0.0,0.0,SPOKED,SPOKED,0.0,0.0,80.0,80.0,280.0,770.0,36.5,300.0,1.0
425.0,70.0,605.0,74.0,145.0,45.0,565.0,75.5,580.0,50.0,40.0,25.4,36.5,23.35,28.5,15.0,15.0,STEEL,60.0,50.0,45.0,330.0,350.0,16.0,18.0,False,False,130.0,2.0,0.9,1.1,0.9,1.2,1.0,0.9,674.0,52.0,674.0,52.0,0,0,False,0,1.0,68.0,34.0,692.0,31.8,False,False,False,False,True,11,2.0,False,255.0,0.0,0.0,SPOKED,SPOKED,0.0,0.0,80.0,80.0,280.0,770.0,36.5,300.0,1.0
425.0,68.0,580.0,73.0,135.0,45.0,550.0,74.0,620.0,47.0,45.0,31.8,30.0,25.0,20.0,15.0,9.0,STEEL,40.0,50.0,40.0,0.0,0.0,0.0,0.0,False,False,130.0,2.0,0.9,1.1,0.9,1.2,1.0,0.9,674.0,52.0,674.0,52.0,0,0,False,0,1.0,68.0,31.8,5.0,28.6,True,True,False,False,True,11,2.0,False,255.0,0.0,0.0,SPOKED,SPOKED,0.0,0.0,1.0,1.0,278.0,730.0,26.8,300.0,1.0
430.0,66.0,590.0,72.0,140.0,50.0,560.0,73.0,630.0,47.0,45.0,32.0,32.0,26.0,21.0,16.0,10.0,STEEL,45.0,55.0,45.0,0.0,0.0,0.0,0.0,False,False,135.0,2.0,0.9,1.1,0.9,1.2,1.0,0.9,674.0,52.0,674.0,52.0,0,0,False,0,1.0,68.0,31.8,5.0,28.6,True,True,False,False,True,12,2.0,False,255.0,0.0,0.0,SPOKED,SPOKED,0.0,0.0,1.0,1.0,278.0,740.0,26.8,300.0,1.0
415.0,69.0,575.0,73.0,130.0,47.0,540.0,74.0,615.0,47.0,45.0,31.5,29.0,24.0,19.0,14.0,8.0,STEEL,38.0,48.0,38.0,0.0,0.0,0.0,0.0,False,False,128.0,2.0,0.9,1.1,0.9,1.2,1.0,0.9,674.0,52.0,674.0,52.0,0,0,False,0,1.0,68.0,31.8,5.0,28.6,True,True,False,False,True,11,2.0,False,255.0,0.0,0.0,SPOKED,SPOKED,0.0,0.0,1.0,1.0,278.0,720.0,26.8,300.0,1.0
435.0,68.0,600.0,74.0,150.0,46.0,570.0,73.0,640.0,47.0,45.0,33.0,31.0,27.0,22.0,17.0,11.0,STEEL,50.0,52.0,50.0,0.0,0.0,0.0,0.0,False,False,132.0,2.0,0.9,1.1,0.9,1.2,1.0,0.9,674.0,52.0,674.0,52.0,0,0,False,0,1.0,68.0,31.8,5.0,28.6,True,True,False,False,True,10,2.0,False,255.0,0.0,0.0,SPOKED,SPOKED,0.0,0.0,1.0,1.0,278.0,750.0,26.8,300.0,1.0
420.0,67.0,570.0,72.0,125.0,44.0,555.0,75.0,605.0,47.0,45.0,31.0,29.5,25.5,20.5,15.5,9.5,STEEL,42.0,49.0,42.0,0.0,0.0,0.0,0.0,False,False,130.0,2.0,0.9,1.1,0.9,1.2,1.0,0.9,674.0,52.0,674.0,52.0,0,0,False,0,1.0,68.0,31.8,5.0,28.6,True,True,False,False,True,11,2.0,False,255.0,0.0,0.0,SPOKED,SPOKED,0.0,0.0,1.0,1.0,278.0,715.0,26.8,300.0,1.0
440.0,70.0,585.0,73.0,145.0,48.0,565.0,74.0,635.0,47.0,45.0,32.5,31.5,26.5,21.0,16.5,10.5,STEEL,48.0,53.0,48.0,0.0,0.0,0.0,0.0,False,False,133.0,2.0,0.9,1.1,0.9,1.2,1.0,0.9,674.0,52.0,674.0,52.0,0,0,False,0,1.0,68.0,31.8,5.0,28.6,True,True,False,False,True,12,2.0,False,255.0,0.0,0.0,SPOKED,SPOKED,0.0,0.0,1.0,1.0,278.0,760.0,26.8,300.0,1.0
410.0,65.0,595.0,73.0,138.0,49.0,545.0,74.0,625.0,47.0,45.0,31.2,30.2,25.2,20.2,15.2,9.2,STEEL,44.0,51.0,44.0,0.0,0.0,0.0,0.0,False,False,129.0,2.0,0.9,1.1,0.9,1.2,1.0,0.9,674.0,52.0,674.0,52.0,0,0,False,0,1.0,68.0,31.8,5.0,28.6,True,True,False,False,True,11,2.0,False,255.0,0.0,0.0,SPOKED,SPOKED,0.0,0.0,1.0,1.0,278.0,725.0,26.8,300.0,1.0
445.0,68.0,565.0,72.0,132.0,45.0,550.0,74.5,610.0,47.0,45.0,31.7,30.7,25.7,20.7,15.7,9.7,STEEL,41.0,50.5,41.0,0.0,0.0,0.0,0.0,False,False,131.0,2.0,0.9,1.1,0.9,1.2,1.0,0.9,674.0,52.0,674.0,52.0,0,0,False,0,1.0,68.0,31.8,5.0,28.6,True,True,False,False,True,11,2.0,False,255.0,0.0,0.0,SPOKED,SPOKED,0.0,0.0,1.0,1.0,278.0,705.0,26.8,300.0,1.0
405.0,69.0,610.0,74.0,155.0,47.0,580.0,73.0,650.0,47.0,45.0,33.5,32.5,27.0,22.5,18.0,12.0,STEEL,52.0,57.0,52.0,0.0,0.0,0.0,0.0,False,False,134.0,2.0,0.9,1.1,0.9,1.2,1.0,0.9,674.0,52.0,674.0,52.0,0,0,False,0,1.0,68.0,31.8,5.0,28.6,True,True,False,False,True,12,2.0,False,255.0,0.0,0.0,SPOKED,SPOKED,0.0,0.0,1.0,1.0,278.0,770.0,26.8,300.0,1.0
400.0,66.0,605.0,73.0,142.0,46.0,575.0,74.0,645.0,47.0,45.0,32.2,31.2,26.2,21.2,17.2,11.0,STEEL,49.0,54.0,49.0,0.0,0.0,0.0,0.0,False,False,128.0,2.0,0.9,1.1,0.9,1.2,1.0,0.9,674.0,52.0,674.0,52.0,0,0,False,0,1.0,68.0,31.8,5.0,28.6,True,True,False,False,True,11,2.0,False,255.0,0.0,0.0,SPOKED,SPOKED,0.0,0.0,1.0,1.0,278.0,765.0,26.8,300.0,1.0
430.0,70.0,600.0,73.0,130.0,45.0,545.0,74.0,640.0,47.0,40.0,25.4,33.6,36.5,23.35,13.0,15.0,STEEL,44.0,48.0,40.0,330.0,350.0,16.0,18.0,False,False,130.0,2.0,0.9,1.1,0.9,1.2,1.0,0.9,674.0,52.0,674.0,52.0,0,0,False,0,0.0,68.0,31.8,692.0,26.8,True,True,False,False,True,11,2.0,False,255.0,0.0,0.0,SPOKED,SPOKED,0.0,0.0,80.0,80.0,300.0,700.0,350.0,1.0,
435.0,70.0,605.0,73.0,135.0,45.0,550.0,74.0,645.0,47.0,40.0,25.4,33.6,36.5,23.35,13.0,15.0,STEEL,44.0,48.0,40.0,330.0,350.0,16.0,18.0,False,False,130.0,2.0,0.9,1.1,0.9,1.2,1.0,0.9,674.0,52.0,674.0,52.0,0,0,False,0,0.0,68.0,31.8,692.0,26.8,True,True,False,False,True,11,2.0,False,255.0,0.0,0.0,SPOKED,SPOKED,0.0,0.0,80.0,80.0,300.0,700.0,350.0,1.0,
440.0,70.0,610.0,73.0,140.0,45.0,555.0,74.0,650.0,47.0,40.0,25.4,33.6,36.5,23.35,13.0,15.0,STEEL,44.0,48.0,40.0,330.0,350.0,16.0,18.0,False,False,130.0,2.0,0.9,1.1,0.9,1.2,1.0,0.9,674.0,52.0,674.0,52.0,0,0,False,0,0.0,68.0,31.8,692.0,26.8,True,True,False,False,True,11,2.0,False,255.0,0.0,0.0,SPOKED,SPOKED,0.0,0.0,80.0,80.0,300.0,700.0,350.0,1.0,
445.0,70.0,615.0,73.0,145.0,45.0,560.0,74.0,655.0,47.0,40.0,25.4,33.6,36.5,23.35,13.0,15.0,STEEL,44.0,48.0,40.0,330.0,350.0,16.0,18.0,False,False,130.0,2.0,0.9,1.1,0.9,1.2,1.0,0.9,674.0,52.0,674.0,52.0,0,0,False,0,0.0,68.0,31.8,692.0,26.8,True,True,False,False,True,11,2.0,False,255.0,0.0,0.0,SPOKED,SPOKED,0.0,0.0,80.0,80.0,300.0,700.0,350.0,1.0,
450.0,70.0,620.0,73.0,150.0,45.0,565.0,74.0,660.0,47.0,40.0,25.4,33.6,36.5,23.35,13.0,15.0,STEEL,44.0,48.0,40.0,330.0,350.0,16.0,18.0,False,False,130.0,2.0,0.9,1.1,0.9,1.2,1.0,0.9,674.0,52.0,674.0,52.0,0,0,False,0,0.0,68.0,31.8,692.0,26.8,True,True,False,False,True,11,2.0,False,255.0,0.0,0.0,SPOKED,SPOKED,0.0,0.0,80.0,80.0,300.0,700.0,350.0,1.0,
455.0,70.0,625.0,73.0,155.0,45.0,570.0,74.0,665.0,47.0,40.0,25.4,33.6,36.5,23.35,13.0,15.0,STEEL,44.0,48.0,40.0,330.0,350.0,16.0,18.0,False,False,130.0,2.0,0.9,1.1,0.9,1.2,1.0,0.9,674.0,52.0,674.0,52.0,0,0,False,0,0.0,68.0,31.8,692.0,26.8,True,True,False,False,True,11,2.0,False,255.0,0.0,0.0,SPOKED,SPOKED,0.0,0.0,80.0,80.0,300.0,700.0,350.0,1.0,
460.0,70.0,630.0,73.0,160.0,45.0,575.0,74.0,670.0,47.0,40.0,25.4,33.6,36.5,23.35,13.0,15.0,STEEL,44.0,48.0,40.0,330.0,350.0,16.0,18.0,False,False,130.0,2.0,0.9,1.1,0.9,1.2,1.0,0.9,674.0,52.0,674.0,52.0,0,0,False,0,0.0,68.0,31.8,692.0,26.8,True,True,False,False,True,11,2.0,False,255.0,0.0,0.0,SPOKED,SPOKED,0.0,0.0,80.0,80.0,300.0,700.0,350.0,1.0,
465.0,70.0,635.0,73.0,165.0,45.0,580.0,74.0,675.0,47.0,40.0,25.4,33.6,36.5,23.35,13.0,15.0,STEEL,44.0,48.0,40.0,330.0,350.0,16.0,18.0,False,False,130.0,2.0,0.9,1.1,0.9,1.2,1.0,0.9,674.0,52.0,674.0,52.0,0,0,False,0,0.0,68.0,31.8,692.0,26.8,True,True,False,False,True,11,2.0,False,255.0,0.0,0.0,SPOKED,SPOKED,0.0,0.0,80.0,80.0,300.0,700.0,350.0,1.0,
470.0,70.0,640.0,73.0,170.0,45.0,585.0,74.0,680.0,47.0,40.0,25.4,33.6,36.5,23.35,13.0,15.0,STEEL,44.0,48.0,40.0,330.0,350.0,16.0,18.0,False,False,130.0,2.0,0.9,1.1,0.9,1.2,1.0,0.9,674.0,52.0,674.0,52.0,0,0,False,0,0.0,68.0,31.8,692.0,26.8,True,True,False,False,True,11,2.0,False,255.0,0.0,0.0,SPOKED,SPOKED,0.0,0.0,80.0,80.0,300.0,700.0,350.0,1.0,
475.0,70.0,645.0,73.0,175.0,45.0,590.0,74.0,685.0,47.0,40.0,25.4,33.6,36.5,23.35,13.0,15.0,STEEL,44.0,48.0,40.0,330.0,350.0,16.0,18.0,False,False,130.0,2.0,0.9,1.1,0.9,1.2,1.0,0.9,674.0,52.0,674.0,52.0,0,0,False,0,0.0,68.0,31.8,692.0,26.8,True,True,False,False,True,11,2.0,False,255.0,0.0,0.0,SPOKED,SPOKED,0.0,0.0,80.0,80.0,300.0,700.0,350.0,1.0,
420.0,70.0,580.0,73.0,130.0,45.0,530.0,73.0,650.0,45.0,45.0,30.0,35.0,23.0,15.0,13.0,15.0,STEEL,30.0,50.0,35.0,330.0,350.0,16.0,18.0,False,False,130.0,2.0,0.9,1.1,0.9,1.2,1.0,0.9,680.0,52.0,680.0,52.0,0,0,False,0,1.0,68.0,31.8,0.0,34.9,False,False,False,False,True,10,2.0,False,255.0,0.0,0.0,SPOKED,SPOKED,0.0,0.0,0.0,0.0,280.0,720.0,34.9,300.0,1.0
410.0,68.0,590.0,72.0,140.0,45.0,540.0,74.0,660.0,46.0,45.0,31.0,35.0,24.0,16.0,14.0,15.0,STEEL,35.0,55.0,40.0,330.0,350.0,16.0,18.0,False,False,130.0,2.0,0.9,1.1,0.9,1.2,1.0,0.9,690.0,52.0,690.0,52.0,0,0,False,0,1.0,68.0,31.8,0.0,34.9,False,False,False,False,True,11,2.0,False,255.0,0.0,0.0,SPOKED,SPOKED,0.0,0.0,0.0,0.0,280.0,730.0,34.9,300.0,1.0
430.0,66.0,600.0,74.0,150.0,45.0,550.0,75.0,670.0,47.0,45.0,32.0,35.0,25.0,17.0,15.0,15.0,STEEL,40.0,60.0,45.0,330.0,350.0,16.0,18.0,False,False,130.0,2.0,0.9,1.1,0.9,1.2,1.0,0.9,700.0,52.0,700.0,52.0,0,0,False,0,1.0,68.0,31.8,0.0,34.9,False,False,False,False,True,9,2.0,False,255.0,0.0,0.0,SPOKED,SPOKED,0.0,0.0,0.0,0.0,280.0,740.0,34.9,300.0,1.0
400.0,64.0,610.0,71.0,160.0,45.0,560.0,73.5,680.0,48.0,45.0,33.0,35.0,26.0,18.0,16.0,15.0,STEEL,45.0,65.0,50.0,330.0,350.0,16.0,18.0,False,False,130.0,2.0,0.9,1.1,0.9,1.2,1.0,0.9,710.0,52.0,710.0,52.0,0,0,False,0,1.0,68.0,31.8,0.0,34.9,False,False,False,False,True,12,2.0,False,255.0,0.0,0.0,SPOKED,SPOKED,0.0,0.0,0.0,0.0,280.0,750.0,34.9,300.0,1.0
450.0,72.0,620.0,73.5,135.0,45.0,570.0,74.5,690.0,49.0,45.0,34.0,35.0,27.0,19.0,17.0,15.0,STEEL,50.0,70.0,55.0,330.0,350.0,16.0,18.0,False,False,130.0,2.0,0.9,1.1,0.9,1.2,1.0,0.9,720.0,52.0,720.0,52.0,0,0,False,0,1.0,68.0,31.8,0.0,34.9,False,False,False,False,True,8,2.0,False,255.0,0.0,0.0,SPOKED,SPOKED,0.0,0.0,0.0,0.0,280.0,760.0,34.9,300.0,1.0
425.0,69.0,565.0,72.5,145.0,45.0,580.0,75.0,700.0,50.0,45.0,35.0,35.0,28.0,20.0,18.0,15.0,STEEL,55.0,75.0,60.0,330.0,350.0,16.0,18.0,False,False,130.0,2.0,0.9,1.1,0.9,1.2,1.0,0.9,730.0,52.0,730.0,52.0,0,0,False,0,1.0,68.0,31.8,0.0,34.9,False,False,False,False,True,7,2.0,False,255.0,0.0,0.0,SPOKED,SPOKED,0.0,0.0,0.0,0.0,280.0,770.0,34.9,300.0,1.0
440.0,67.0,575.0,74.0,155.0,45.0,590.0,73.5,710.0,44.0,45.0,36.0,35.0,22.0,14.0,19.0,15.0,STEEL,60.0,80.0,30.0,330.0,350.0,16.0,18.0,False,False,130.0,2.0,0.9,1.1,0.9,1.2,1.0,0.9,740.0,52.0,740.0,52.0,0,0,False,0,1.0,68.0,31.8,0.0,34.9,False,False,False,False,True,6,2.0,False,255.0,0.0,0.0,SPOKED,SPOKED,0.0,0.0,0.0,0.0,280.0,780.0,34.9,300.0,1.0
415.0,65.0,585.0,73.0,125.0,45.0,600.0,74.0,720.0,43.0,45.0,37.0,35.0,21.0,13.0,20.0,15.0,STEEL,65.0,85.0,32.0,330.0,350.0,16.0,18.0,False,False,130.0,2.0,0.9,1.1,0.9,1.2,1.0,0.9,750.0,52.0,750.0,52.0,0,0,False,0,1.0,68.0,31.8,0.0,34.9,False,False,False,False,True,13,2.0,False,255.0,0.0,0.0,SPOKED,SPOKED,0.0,0.0,0.0,0.0,280.0,790.0,34.9,300.0,1.0
435.0,73.0,595.0,72.5,165.0,45.0,610.0,75.0,730.0,42.0,45.0,38.0,35.0,20.0,12.0,21.0,15.0,STEEL,27.0,90.0,37.0,330.0,350.0,16.0,18.0,False,False,130.0,2.0,0.9,1.1,0.9,1.2,1.0,0.9,760.0,52.0,760.0,52.0,0,0,False,0,1.0,68.0,31.8,0.0,34.9,False,False,False,False,True,14,2.0,False,255.0,0.0,0.0,SPOKED,SPOKED,0.0,0.0,0.0,0.0,280.0,800.0,34.9,300.0,1.0
405.0,61.0,605.0,71.5,170.0,45.0,620.0,73.5,740.0,41.0,45.0,39.0,35.0,19.0,21.0,22.0,15.0,STEEL,32.0,95.0,42.0,330.0,350.0,16.0,18.0,False,False,130.0,2.0,0.9,1.1,0.9,1.2,1.0,0.9,770.0,52.0,770.0,52.0,0,0,False,0,1.0,68.0,31.8,0.0,34.9,False,False,False,False,True,5,2.0,False,255.0,0.0,0.0,SPOKED,SPOKED,0.0,0.0,0.0,0.0,280.0,810.0,34.9,300.0,1.0
420.0,68.0,610.0,72.0,120.0,45.0,550.0,73.0,670.0,45.0,45.0,30.0,34.0,25.0,23.0,13.0,15.0,STEEL,52.0,45.0,35.0,330.0,350.0,16.0,18.0,False,False,130.0,2.0,1.0,1.1,0.9,1.2,1.0,0.9,700.0,52.0,700.0,52.0,0,0,False,0,1.0,68.0,34.0,0.0,31.8,True,False,False,False,True,11,2.0,False,255.0,0.0,0.0,SPOKED,SPOKED,1.0,1.0,0.0,0.0,280.0,720.0,35.0,330.0,1.0
425.0,69.0,615.0,73.0,130.0,45.0,560.0,73.5,675.0,45.0,45.0,31.0,35.0,26.0,24.0,13.0,15.0,STEEL,54.0,45.0,37.0,330.0,350.0,16.0,18.0,False,False,130.0,2.0,1.0,1.1,0.9,1.2,1.0,0.9,700.0,52.0,700.0,52.0,0,0,False,0,1.0,68.0,34.0,0.0,31.8,True,False,False,False,True,11,2.0,False,255.0,0.0,0.0,SPOKED,SPOKED,1.0,1.0,0.0,0.0,280.0,725.0,36.0,335.0,1.0
430.0,70.0,620.0,74.0,140.0,45.0,570.0,74.0,680.0,45.0,45.0,32.0,36.0,27.0,25.0,13.0,15.0,STEEL,56.0,45.0,39.0,330.0,350.0,16.0,18.0,False,False,130.0,2.0,1.0,1.1,0.9,1.2,1.0,0.9,700.0,52.0,700.0,52.0,0,0,False,0,1.0,68.0,34.0,0.0,31.8,True,False,False,False,True,11,2.0,False,255.0,0.0,0.0,SPOKED,SPOKED,1.0,1.0,0.0,0.0,280.0,730.0,37.0,340.0,1.0
435.0,71.0,625.0,72.5,150.0,45.0,580.0,74.5,685.0,45.0,45.0,33.0,37.0,28.0,26.0,13.0,15.0,STEEL,58.0,45.0,41.0,330.0,350.0,16.0,18.0,False,False,130.0,2.0,1.0,1.1,0.9,1.2,1.0,0.9,700.0,52.0,700.0,52.0,0,0,False,0,1.0,68.0,34.0,0.0,31.8,True,False,False,False,True,11,2.0,False,255.0,0.0,0.0,SPOKED,SPOKED,1.0,1.0,0.0,0.0,280.0,735.0,38.0,345.0,1.0
440.0,72.0,630.0,73.5,110.0,45.0,590.0,75.0,690.0,45.0,45.0,34.0,38.0,29.0,27.0,13.0,15.0,STEEL,60.0,45.0,43.0,330.0,350.0,16.0,18.0,False,False,130.0,2.0,1.0,1.1,0.9,1.2,1.0,0.9,700.0,52.0,700.0,52.0,0,0,False,0,1.0,68.0,34.0,0.0,31.8,True,False,False,False,True,11,2.0,False,255.0,0.0,0.0,SPOKED,SPOKED,1.0,1.0,0.0,0.0,280.0,740.0,39.0,350.0,1.0
445.0,72.5,635.0,74.0,125.0,45.0,600.0,73.0,695.0,45.0,45.0,35.0,39.0,30.0,28.0,13.0,15.0,STEEL,62.0,45.0,45.0,330.0,350.0,16.0,18.0,False,False,130.0,2.0,1.0,1.1,0.9,1.2,1.0,0.9,700.0,52.0,700.0,52.0,0,0,False,0,1.0,68.0,34.0,0.0,31.8,True,False,False,False,True,11,2.0,False,255.0,0.0,0.0,SPOKED,SPOKED,1.0,1.0,0.0,0.0,280.0,745.0,40.0,355.0,1.0
450.0,73.5,640.0,73.0,135.0,45.0,610.0,73.5,700.0,45.0,45.0,36.0,40.0,31.0,29.0,13.0,15.0,STEEL,64.0,45.0,47.0,330.0,350.0,16.0,18.0,False,False,130.0,2.0,1.0,1.1,0.9,1.2,1.0,0.9,700.0,52.0,700.0,52.0,0,0,False,0,1.0,68.0,34.0,0.0,31.8,True,False,False,False,True,11,2.0,False,255.0,0.0,0.0,SPOKED,SPOKED,1.0,1.0,0.0,0.0,280.0,750.0,41.0,360.0,1.0
455.0,68.0,645.0,74.0,145.0,45.0,620.0,74.5,705.0,45.0,45.0,37.0,41.0,32.0,30.0,13.0,15.0,STEEL,66.0,45.0,49.0,330.0,350.0,16.0,18.0,False,False,130.0,2.0,1.0,1.1,0.9,1.2,1.0,0.9,700.0,52.0,700.0,52.0,0,0,False,0,1.0,68.0,34.0,0.0,31.8,True,False,False,False,True,11,2.0,False,255.0,0.0,0.0,SPOKED,SPOKED,1.0,1.0,0.0,0.0,280.0,755.0,42.0,365.0,1.0
460.0,69.0,650.0,72.5,115.0,45.0,630.0,75.0,710.0,45.0,45.0,38.0,42.0,33.0,31.0,13.0,15.0,STEEL,68.0,45.0,51.0,330.0,350.0,16.0,18.0,False,False,130.0,2.0,1.0,1.1,0.9,1.2,1.0,0.9,700.0,52.0,700.0,52.0,0,0,False,0,1.0,68.0,34.0,0.0,31.8,True,False,False,False,True,11,2.0,False,255.0,0.0,0.0,SPOKED,SPOKED,1.0,1.0,0.0,0.0,280.0,760.0,43.0,370.0,1.0
465.0,72.0,655.0,73.5,105.0,45.0,640.0,73.0,715.0,45.0,45.0,39.0,43.0,34.0,32.0,13.0,15.0,STEEL,70.0,45.0,53.0,330.0,350.0,16.0,18.0,False,False,130.0,2.0,1.0,1.1,0.9,1.2,1.0,0.9,700.0,52.0,700.0,52.0,0,0,False,0,1.0,68.0,34.0,0.0,31.8,True,False,False,False,True,11,2.0,False,255.0,0.0,0.0,SPOKED,SPOKED,1.0,1.0,0.0,0.0,280.0,765.0,44.0,375.0,1.0
425.0,65.0,590.0,73.0,140.0,45.0,550.0,74.0,680.0,47.0,40.0,30.0,35.0,36.5,23.35,15.0,15.0,STEEL,40.0,50.0,45.0,330.0,350.0,16.0,18.0,False,False,130.0,2.0,0.9,1.1,0.9,1.2,1.0,0.9,674.0,52.0,674.0,52.0,0,1,False,0,1.0,68.0,31.8,692.0,31.8,False,False,False,False,True,11,2.0,False,255.0,0.0,0.0,SPOKED,SPOKED,1.0,1.0,80.0,80.0,280.0,280.0,35.0,330.0,1.0
430.0,67.0,595.0,73.5,145.0,45.0,555.0,74.0,685.0,47.0,40.0,32.0,36.0,37.0,24.0,16.0,15.0,STEEL,42.0,52.0,46.0,330.0,350.0,16.0,18.0,False,False,135.0,2.1,1.0,1.2,1.0,1.3,1.1,1.0,674.0,52.0,674.0,52.0,0,2,False,0,1.0,68.0,31.8,692.0,31.8,False,False,False,False,True,11,2.0,False,255.0,0.0,0.0,SPOKED,SPOKED,1.0,1.0,80.0,80.0,278.0,282.0,36.0,335.0,1.0
430.0,70.0,600.0,74.0,150.0,48.0,560.0,73.5,690.0,45.0,40.0,34.0,37.0,38.0,25.0,14.0,15.0,STEEL,44.0,54.0,47.0,330.0,350.0,16.0,18.0,False,False,130.0,2.0,0.9,1.1,0.9,1.2,1.0,0.9,674.0,52.0,674.0,52.0,0,1,False,0,1.0,68.0,31.8,692.0,31.8,False,False,False,False,True,11,2.0,False,255.0,0.0,0.0,SPOKED,SPOKED,1.0,1.0,80.0,80.0,275.0,285.0,37.0,340.0,1.0
415.0,68.0,585.0,72.5,135.0,46.0,545.0,74.5,675.0,48.0,40.0,31.0,34.0,36.0,23.0,15.0,16.0,STEEL,38.0,48.0,44.0,330.0,350.0,16.0,18.0,False,False,130.0,2.2,1.0,1.2,1.0,1.0,1.1,1.0,674.0,52.0,674.0,52.0,0,1,False,0,1.0,68.0,31.8,692.0,31.8,False,False,False,False,True,11,2.0,False,255.0,0.0,0.0,SPOKED,SPOKED,1.0,1.0,80.0,80.0,282.0,278.0,34.0,325.0,1.0
440.0,64.0,605.0,73.2,155.0,47.0,565.0,73.0,695.0,46.0,40.0,33.0,38.0,36.5,23.5,15.0,15.0,STEEL,45.0,55.0,47.0,330.0,350.0,16.0,18.0,False,False,132.0,2.0,0.9,1.1,0.9,1.2,1.0,0.9,674.0,52.0,674.0,52.0,0,1,False,0,1.0,68.0,31.8,692.0,31.8,False,False,False,False,True,11,2.0,False,255.0,0.0,0.0,SPOKED,SPOKED,1.0,1.0,80.0,80.0,279.0,290.0,36.5,345.0,1.0
420.0,66.0,595.0,73.8,140.0,44.0,555.0,74.0,685.0,47.5,40.0,31.0,35.5,36.5,23.35,15.0,15.0,STEEL,41.0,51.0,45.5,330.0,350.0,16.0,18.0,False,False,130.0,2.0,0.9,1.1,0.9,1.2,1.0,0.9,674.0,52.0,674.0,52.0,0,1,False,0,1.0,68.0,31.8,692.0,31.8,False,False,False,False,True,11,2.0,False,255.0,0.0,0.0,SPOKED,SPOKED,1.0,1.0,80.0,80.0,276.0,288.0,35.5,328.0,1.0
435.0,69.0,610.0,73.1,142.0,45.5,555.0,74.2,688.0,47.0,40.0,32.5,36.0,37.0,24.0,16.0,15.0,STEEL,43.0,53.0,46.0,330.0,350.0,16.0,18.0,False,False,134.0,2.0,0.9,1.1,0.9,1.2,1.0,0.9,674.0,52.0,674.0,52.0,0,1,False,0,1.0,68.0,31.8,692.0,31.8,False,False,False,False,True,11,2.0,False,255.0,0.0,0.0,SPOKED,SPOKED,1.0,1.0,80.0,80.0,281.0,292.0,37.0,360.0,1.0
405.0,65.0,580.0,73.4,138.0,44.5,545.0,74.6,670.0,48.0,40.0,30.5,34.5,36.0,23.0,15.0,15.0,STEEL,39.0,49.0,44.5,330.0,350.0,16.0,18.0,False,False,130.0,2.0,0.9,1.1,0.9,1.2,1.0,0.9,674.0,52.0,674.0,52.0,0,1,False,0,1.0,68.0,31.8,692.0,31.8,False,False,False,False,True,11,2.0,False,255.0,0.0,0.0,SPOKED,SPOKED,1.0,1.0,80.0,80.0,277.0,279.0,34.5,320.0,1.0
445.0,72.0,615.0,73.3,148.0,49.0,570.0,73.8,700.0,46.5,40.0,34.5,37.5,38.5,25.5,15.5,15.5,STEEL,46.0,56.0,48.0,330.0,350.0,16.0,18.0,False,False,136.0,2.0,0.9,1.1,0.9,1.2,1.0,0.9,674.0,52.0,674.0,52.0,0,1,False,0,1.0,68.0,31.8,692.0,31.8,False,False,False,False,True,11,2.0,False,255.0,0.0,0.0,SPOKED,SPOKED,1.0,1.0,80.0,80.0,283.0,295.0,38.5,350.0,1.0
410.0,67.0,588.0,72.8,136.0,45.0,550.0,74.3,678.0,47.0,40.0,32.0,35.0,37.0,23.5,15.0,16.0,STEEL,40.5,50.5,45.0,330.0,350.0,16.0,18.0,False,False,131.0,2.0,0.9,1.1,0.9,1.2,1.0,0.9,674.0,52.0,674.0,52.0,0,1,False,0,1.0,68.0,31.8,692.0,31.8,False,False,False,False,True,11,2.0,False,255.0,0.0,0.0,SPOKED,SPOKED,1.0,1.0,80.0,80.0,279.0,286.0,35.0,340.0,1.0
405.0,60.0,580.0,73.0,120.0,45.0,510.0,73.5,660.0,45.0,45.0,30.0,32.0,36.5,23.35,13.0,15.0,STEEL,35.0,55.0,40.0,330.0,350.0,16.0,18.0,False,False,130.0,2.0,0.9,1.1,0.9,1.2,1.0,0.9,676.0,52.0,676.0,52.0,0,0,False,0,3.0,68.0,44.0,692.0,26.8,False,False,False,False,True,11,2.0,False,255.0,0.0,0.0,SPOKED,SPOKED,1.0,1.0,80.0,80.0,278.0,718.0,26.8,330.0,1.0
415.0,65.0,585.0,72.5,130.0,45.0,515.0,74.0,665.0,45.0,45.0,30.0,32.0,36.5,23.35,13.0,15.0,STEEL,38.0,58.0,42.0,330.0,350.0,16.0,18.0,False,False,130.0,2.0,0.9,1.1,0.9,1.2,1.0,0.9,676.0,52.0,676.0,52.0,0,0,False,0,3.0,68.0,44.0,692.0,26.8,False,False,False,False,True,11,2.0,False,255.0,0.0,0.0,SPOKED,SPOKED,1.0,1.0,80.0,80.0,278.0,718.0,26.8,330.0,1.0
430.0,60.0,575.0,73.5,110.0,45.0,505.0,73.0,655.0,46.0,45.0,30.0,32.0,36.5,23.35,13.0,15.0,STEEL,32.0,52.0,38.0,330.0,350.0,16.0,18.0,False,False,130.0,2.0,0.9,1.1,0.9,1.2,1.0,0.9,676.0,52.0,676.0,52.0,0,0,False,0,3.0,68.0,44.0,692.0,26.8,False,False,False,False,True,11,2.0,False,255.0,0.0,0.0,SPOKED,SPOKED,1.0,1.0,80.0,80.0,278.0,718.0,26.8,330.0,1.0
405.0,62.0,590.0,73.2,125.0,45.0,520.0,74.5,670.0,44.0,45.0,30.0,32.0,36.5,23.35,13.0,15.0,STEEL,36.0,60.0,40.0,330.0,350.0,16.0,18.0,False,False,130.0,2.0,0.9,1.1,0.9,1.2,1.0,0.9,676.0,52.0,676.0,52.0,0,0,False,0,3.0,68.0,44.0,692.0,26.8,False,False,False,False,True,11,2.0,False,255.0,0.0,0.0,SPOKED,SPOKED,1.0,1.0,80.0,80.0,278.0,718.0,26.8,330.0,1.0
420.0,58.0,595.0,72.8,140.0,45.0,530.0,75.0,668.0,45.0,45.0,30.0,32.0,36.5,23.35,13.0,15.0,STEEL,40.0,65.0,45.0,330.0,350.0,16.0,18.0,False,False,130.0,2.0,0.9,1.1,0.9,1.2,1.0,0.9,676.0,52.0,676.0,52.0,0,0,False,0,3.0,68.0,44.0,692.0,26.8,False,False,False,False,True,11,2.0,False,255.0,0.0,0.0,SPOKED,SPOKED,1.0,1.0,80.0,80.0,278.0,718.0,26.8,330.0,1.0
445.0,63.0,578.0,73.3,115.0,45.0,510.0,73.8,660.0,46.0,45.0,30.0,32.0,36.5,23.35,13.0,15.0,STEEL,34.0,57.0,41.0,330.0,350.0,16.0,18.0,False,False,130.0,2.0,0.9,1.1,0.9,1.2,1.0,0.9,676.0,52.0,676.0,52.0,0,0,False,0,3.0,68.0,44.0,692.0,26.8,False,False,False,False,True,11,2.0,False,255.0,0.0,0.0,SPOKED,SPOKED,1.0,1.0,80.0,80.0,278.0,718.0,26.8,330.0,1.0
395.0,60.0,582.0,74.0,118.0,45.0,508.0,74.2,662.0,45.0,45.0,30.0,32.0,36.5,23.35,13.0,15.0,STEEL,37.0,59.0,43.0,330.0,350.0,16.0,18.0,False,False,130.0,2.0,0.9,1.1,0.9,1.2,1.0,0.9,676.0,52.0,676.0,52.0,0,0,False,0,3.0,68.0,44.0,692.0,26.8,False,False,False,False,True,11,2.0,False,255.0,0.0,0.0,SPOKED,SPOKED,1.0,1.0,80.0,80.0,278.0,718.0,26.8,330.0,1.0
410.0,64.0,588.0,73.0,135.0,45.0,525.0,73.7,672.0,44.0,45.0,30.0,32.0,36.5,23.35,13.0,15.0,STEEL,42.0,68.0,47.0,330.0,350.0,16.0,18.0,False,False,130.0,2.0,0.9,1.1,0.9,1.2,1.0,0.9,676.0,52.0,676.0,52.0,0,0,False,0,3.0,68.0,44.0,692.0,26.8,False,False,False,False,True,11,2.0,False,255.0,0.0,0.0,SPOKED,SPOKED,1.0,1.0,80.0,80.0,278.0,718.0,26.8,330.0,1.0
430.0,61.0,579.0,73.6,112.0,45.0,512.0,74.1,658.0,46.0,45.0,30.0,32.0,36.5,23.35,13.0,15.0,STEEL,33.0,55.0,39.0,330.0,350.0,16.0,18.0,False,False,130.0,2.0,0.9,1.1,0.9,1.2,1.0,0.9,676.0,52.0,676.0,52.0,0,0,False,0,3.0,68.0,44.0,692.0,26.8,False,False,False,False,True,11,2.0,False,255.0,0.0,0.0,SPOKED,SPOKED,1.0,1.0,80.0,80.0,278.0,718.0,26.8,330.0,1.0
400.0,59.0,583.0,72.9,128.0,45.0,518.0,74.3,664.0,45.0,45.0,30.0,32.0,36.5,23.35,13.0,15.0,STEEL,39.0,62.0,44.0,330.0,350.0,16.0,18.0,False,False,130.0,2.0,0.9,1.1,0.9,1.2,1.0,0.9,676.0,52.0,676.0,52.0,0,0,False,0,3.0,68.0,44.0,692.0,26.8,False,False,False,False,True,11,2.0,False,255.0,0.0,0.0,SPOKED,SPOKED,1.0,1.0,80.0,80.0,278.0,718.0,26.8,330.0,1.0
420.0,70.0,630.0,73.0,140.0,45.0,540.0,74.0,610.0,47.0,40.0,30.0,36.5,23.35,27.35,13.0,15.0,STEEL,63.0,48.0,42.0,330.0,350.0,16,18,False,False,130.0,2.0,0.9,1.1,0.9,1.2,1.0,0.9,674.0,52.0,674.0,52.0,0,0,False,0,1.0,68.0,30.0,0,31.8,False,False,False,False,True,11,2.0,False,255.0,0,0,SPOKED,SPOKED,1.0,1.0,80.0,80.0,80.0,720.0,36.5,300.0,1.0
425.0,68.0,625.0,73.5,135.0,46.0,545.0,73.5,605.0,46.0,40.0,31.0,37.0,23.5,27.5,14.0,15.5,STEEL,62.0,47.0,41.0,330.0,350.0,16,18,False,False,130.0,2.1,0.95,1.05,0.95,1.15,1.05,0.95,674.0,52.0,674.0,52.0,0,0,False,0,1.0,68.0,30.0,0,31.8,False,False,False,False,True,11,2.0,False,255.0,10,10,SPOKED,SPOKED,1.0,1.0,80.0,80.0,81.0,718.0,36.5,300.0,1.0
415.0,72.0,635.0,72.5,145.0,44.0,535.0,74.5,600.0,45.0,40.0,29.0,36.5,23.0,27.0,12.0,14.0,STEEL,64.0,49.0,43.0,330.0,350.0,16,18,False,False,130.0,1.9,0.85,1.15,0.85,1.25,0.95,0.85,674.0,52.0,674.0,52.0,0,0,False,0,1.0,68.0,30.0,0,31.8,False,False,False,False,True,11,2.0,False,255.0,5,0,SPOKED,SPOKED,1.0,1.0,80.0,80.0,79.0,722.0,36.5,305.0,1.0
430.0,66.0,628.0,74.0,138.0,47.0,550.0,73.0,615.0,48.0,40.0,30.0,37.0,23.5,27.5,13.5,15.0,STEEL,62.0,46.0,40.0,330.0,350.0,16,18,False,False,130.0,2.0,1.0,1.1,1.0,1.2,1.0,1.0,674.0,52.0,674.0,52.0,0,0,False,0,1.0,68.0,30.0,0,31.8,False,False,False,False,True,11,2.0,False,255.0,20,0,SPOKED,SPOKED,1.0,1.0,80.0,80.0,82.0,719.0,36.5,295.0,1.0
418.0,69.0,632.0,73.2,142.0,45.0,545.0,74.0,608.0,47.0,40.0,30.5,36.8,23.4,27.3,13.0,15.0,STEEL,63.0,48.0,41.0,330.0,350.0,16,18,False,False,130.0,2.0,0.9,1.1,0.9,1.2,1.0,0.9,674.0,52.0,674.0,52.0,0,0,False,0,1.0,68.0,30.0,0,31.8,False,False,False,False,True,11,2.0,False,255.0,0,20,SPOKED,SPOKED,1.0,1.0,80.0,80.0,80.0,721.0,36.5,300.0,1.0
412.0,71.0,638.0,73.8,148.0,46.0,550.0,73.8,612.0,46.0,40.0,31.5,37.2,23.6,27.7,14.0,15.5,STEEL,61.0,50.0,44.0,330.0,350.0,16,18,False,False,130.0,2.05,0.92,1.08,0.92,1.18,1.02,0.92,674.0,52.0,674.0,52.0,0,0,False,0,1.0,68.0,30.0,0,31.8,False,False,False,False,True,11,2.0,False,255.0,15,5,SPOKED,SPOKED,1.0,1.0,80.0,80.0,78.0,720.0,36.5,310.0,1.0
435.0,67.0,622.0,72.8,136.0,45.0,538.0,74.2,598.0,48.0,40.0,29.5,36.3,23.2,27.1,12.5,14.5,STEEL,64.0,47.5,42.5,330.0,350.0,16,18,False,False,130.0,1.95,0.97,1.13,0.97,1.17,0.97,0.87,674.0,52.0,674.0,52.0,0,0,False,0,1.0,68.0,30.0,0,31.8,False,False,False,False,True,11,2.0,False,255.0,0,15,SPOKED,SPOKED,1.0,1.0,80.0,80.0,81.0,723.0,36.5,305.0,1.0
400.0,73.0,640.0,73.0,150.0,47.0,555.0,73.7,620.0,45.0,40.0,32.0,37.5,23.7,27.9,15.0,16.0,STEEL,60.0,45.0,39.0,330.0,350.0,16,18,False,False,130.0,2.1,0.9,1.1,0.9,1.2,1.0,0.9,674.0,52.0,674.0,52.0,0,0,False,0,1.0,68.0,30.0,0,31.8,False,False,False,False,True,11,2.0,False,255.0,25,5,SPOKED,SPOKED,1.0,1.0,80.0,80.0,79.5,721.0,36.5,295.0,1.0
422.0,69.0,632.0,73.3,142.0,46.0,548.0,73.9,610.0,47.0,40.0,30.0,36.6,23.45,27.45,13.0,15.0,STEEL,63.0,48.0,41.5,330.0,350.0,16,18,False,False,130.0,2.0,0.9,1.1,0.9,1.2,1.0,0.9,674.0,52.0,674.0,52.0,0,0,False,0,1.0,68.0,30.0,0,31.8,False,False,False,False,True,11,2.0,False,255.0,10,0,SPOKED,SPOKED,1.0,1.0,80.0,80.0,80.0,720.0,36.5,300.0,1.0
418.0,68.0,628.0,73.6,138.0,45.0,542.0,74.1,605.0,46.0,40.0,31.0,36.7,23.4,27.3,13.5,15.2,STEEL,62.0,47.0,41.0,330.0,350.0,16,18,False,False,130.0,1.9,0.9,1.1,0.9,1.2,1.0,0.9,674.0,52.0,674.0,52.0,0,0,False,0,1.0,68.0,30.0,0,31.8,False,False,False,False,True,11,2.0,False,255.0,0,5,SPOKED,SPOKED,1.0,1.0,80.0,80.0,82.0,719.0,36.5,302.0,1.0
420.0,68.0,560.0,72.0,120.0,45.0,550.0,73.0,530.0,45.0,40.0,28.6,36.5,23.5,23.5,13.0,15.0,STEEL,30.0,40.0,45.0,0.0,0.0,0.0,0.0,False,False,130.0,2.0,1.0,1.1,1.0,1.2,1.0,1.0,668.0,46.0,668.0,46.0,0,0,False,0,1.0,68.0,34.0,0.0,31.8,False,False,False,False,True,11,2.0,False,255.0,0.0,0.0,SPOKED,SPOKED,0.0,0.0,0.0,0.0,278.0,720.0,36.5,300.0,1.0
422.0,70.0,570.0,72.5,140.0,45.0,560.0,73.5,540.0,47.0,40.0,28.6,36.5,23.5,23.5,13.0,15.0,STEEL,35.0,45.0,50.0,0.0,0.0,0.0,0.0,False,False,130.0,2.0,1.0,1.1,1.0,1.2,1.0,1.0,668.0,46.0,668.0,46.0,0,0,False,0,1.0,68.0,34.0,0.0,31.8,False,False,False,False,True,11,2.0,False,255.0,0.0,0.0,SPOKED,SPOKED,0.0,0.0,0.0,0.0,278.0,720.0,36.5,300.0,1.0
424.0,72.0,580.0,73.0,160.0,45.0,570.0,74.0,550.0,49.0,40.0,28.6,36.5,23.5,23.5,13.0,15.0,STEEL,40.0,50.0,55.0,0.0,0.0,0.0,0.0,False,False,130.0,2.0,1.0,1.1,1.0,1.2,1.0,1.0,668.0,46.0,668.0,46.0,0,0,False,0,1.0,68.0,34.0,0.0,31.8,False,False,False,False,True,11,2.0,False,255.0,0.0,0.0,SPOKED,SPOKED,0.0,0.0,0.0,0.0,278.0,720.0,36.5,300.0,1.0
426.0,74.0,590.0,73.5,180.0,45.0,580.0,74.5,560.0,51.0,40.0,28.6,36.5,23.5,23.5,13.0,15.0,STEEL,25.0,35.0,40.0,0.0,0.0,0.0,0.0,False,False,130.0,2.0,1.0,1.1,1.0,1.2,1.0,1.0,668.0,46.0,668.0,46.0,0,0,False,0,1.0,68.0,34.0,0.0,31.8,False,False,False,False,True,11,2.0,False,255.0,0.0,0.0,SPOKED,SPOKED,0.0,0.0,0.0,0.0,278.0,720.0,36.5,300.0,1.0
428.0,66.0,600.0,74.0,100.0,45.0,590.0,75.0,570.0,53.0,40.0,28.6,36.5,23.5,23.5,13.0,15.0,STEEL,20.0,30.0,35.0,0.0,0.0,0.0,0.0,False,False,130.0,2.0,1.0,1.1,1.0,1.2,1.0,1.0,668.0,46.0,668.0,46.0,0,0,False,0,1.0,68.0,34.0,0.0,31.8,False,False,False,False,True,11,2.0,False,255.0,0.0,0.0,SPOKED,SPOKED,0.0,0.0,0.0,0.0,278.0,720.0,36.5,300.0,1.0
430.0,69.0,550.0,72.0,130.0,45.0,600.0,73.0,580.0,55.0,40.0,28.6,36.5,23.5,23.5,13.0,15.0,STEEL,30.0,40.0,45.0,0.0,0.0,0.0,0.0,False,False,130.0,2.0,1.0,1.1,1.0,1.2,1.0,1.0,668.0,46.0,668.0,46.0,0,0,False,0,1.0,68.0,34.0,0.0,31.8,False,False,False,False,True,11,2.0,False,255.0,0.0,0.0,SPOKED,SPOKED,0.0,0.0,0.0,0.0,278.0,720.0,36.5,300.0,1.0
432.0,71.0,565.0,73.0,150.0,45.0,540.0,74.0,590.0,46.0,40.0,28.6,36.5,23.5,23.5,13.0,15.0,STEEL,35.0,45.0,50.0,0.0,0.0,0.0,0.0,False,False,130.0,2.0,1.0,1.1,1.0,1.2,1.0,1.0,668.0,46.0,668.0,46.0,0,0,False,0,1.0,68.0,34.0,0.0,31.8,False,False,False,False,True,11,2.0,False,255.0,0.0,0.0,SPOKED,SPOKED,0.0,0.0,0.0,0.0,278.0,720.0,36.5,300.0,1.0
434.0,73.0,575.0,74.0,170.0,45.0,565.0,75.0,600.0,48.0,40.0,28.6,36.5,23.5,23.5,13.0,15.0,STEEL,40.0,50.0,55.0,0.0,0.0,0.0,0.0,False,False,130.0,2.0,1.0,1.1,1.0,1.2,1.0,1.0,668.0,46.0,668.0,46.0,0,0,False,0,1.0,68.0,34.0,0.0,31.8,False,False,False,False,True,11,2.0,False,255.0,0.0,0.0,SPOKED,SPOKED,0.0,0.0,0.0,0.0,278.0,720.0,36.5,300.0,1.0
436.0,67.0,585.0,72.5,110.0,45.0,585.0,73.5,520.0,50.0,40.0,28.6,36.5,23.5,23.5,13.0,15.0,STEEL,25.0,35.0,40.0,0.0,0.0,0.0,0.0,False,False,130.0,2.0,1.0,1.1,1.0,1.2,1.0,1.0,668.0,46.0,668.0,46.0,0,0,False,0,1.0,68.0,34.0,0.0,31.8,False,False,False,False,True,11,2.0,False,255.0,0.0,0.0,SPOKED,SPOKED,0.0,0.0,0.0,0.0,278.0,720.0,36.5,300.0,1.0
438.0,75.0,595.0,73.5,125.0,45.0,575.0,74.5,510.0,52.0,40.0,28.6,36.5,23.5,23.5,13.0,15.0,STEEL,20.0,30.0,35.0,0.0,0.0,0.0,0.0,False,False,130.0,2.0,1.0,1.1,1.0,1.2,1.0,1.0,668.0,46.0,668.0,46.0,0,0,False,0,1.0,68.0,34.0,0.0,31.8,False,False,False,False,True,11,2.0,False,255.0,0.0,0.0,SPOKED,SPOKED,0.0,0.0,0.0,0.0,278.0,720.0,36.5,300.0,1.0
425.0,70.0,600.0,73.0,120.0,45.0,550.0,74.0,630.0,45.0,40.0,25.4,28.6,36.5,23.35,13.0,15.0,STEEL,55.0,50.0,40.0,330.0,350.0,16,18,False,False,130.0,2.0,0.9,1.1,0.9,1.2,1.0,0.9,674.0,52.0,674.0,52.0,0,1,False,0,1.0,68.0,34.0,0,31.8,False,False,False,False,True,11,2.0,False,255.0,0,0,SPOKED,SPOKED,0.0,0.0,80.0,80.0,280.0,720.0,28.6,300.0,1.0
432.0,72.0,615.0,74.0,130.0,50.0,560.0,73.5,635.0,46.0,40.0,25.4,27.0,36.5,24.0,14.0,16.0,STEEL,60.0,52.0,42.0,335.0,355.0,17,19,False,False,135.0,2.1,1.0,1.2,1.0,1.3,1.1,1.0,674.0,52.0,674.0,52.0,0,1,False,0,1.0,70.0,34.0,0,31.8,False,False,False,False,True,11,2.0,False,255.0,0,0,SPOKED,SPOKED,0.0,0.0,80.0,80.0,285.0,725.0,27.0,305.0,1.0
428.0,70.0,590.0,72.5,110.0,47.0,545.0,74.5,620.0,44.0,40.0,28.0,27.5,36.5,23.5,13.5,15.5,STEEL,53.0,48.0,38.0,333.0,353.0,16,18,False,False,130.0,2.0,0.95,1.15,0.95,1.25,1.05,0.95,674.0,52.0,674.0,52.0,0,0,False,0,1.0,68.0,33.0,0,31.5,False,False,False,False,True,10,2.0,False,255.0,0,0,SPOKED,SPOKED,0.0,0.0,80.0,80.0,275.0,715.0,27.5,295.0,1.0
420.0,69.0,605.0,73.2,125.0,46.0,550.0,73.8,630.0,45.0,40.0,26.0,28.0,36.5,23.35,13.0,15.0,STEEL,58.0,50.0,39.0,330.0,350.0,16,18,False,False,130.0,2.0,0.9,1.1,0.9,1.2,1.0,0.9,674.0,52.0,674.0,52.0,0,2,False,0,3.0,68.0,34.0,0,31.8,False,False,False,False,True,12,2.0,False,255.0,10,10,SPOKED,SPOKED,0.0,0.0,80.0,80.0,280.0,720.0,28.0,300.0,1.0
435.0,71.0,602.0,73.0,118.0,45.0,555.0,74.0,625.0,45.0,40.0,25.4,28.6,36.5,23.35,13.0,15.0,STEEL,55.0,50.0,40.0,332.0,352.0,16,18,False,False,130.0,2.0,0.9,1.1,0.9,1.2,1.0,0.9,674.0,52.0,674.0,52.0,0,1,False,0,1.0,68.0,34.0,0,31.8,False,True,False,False,True,11,2.0,False,255.0,20,20,SPOKED,SPOKED,0.0,0.0,80.0,80.0,285.0,730.0,28.6,310.0,1.0
430.0,70.0,610.0,72.0,135.0,48.0,565.0,74.5,640.0,46.0,40.0,26.0,28.0,36.5,23.5,14.0,16.0,STEEL,62.0,54.0,43.0,334.0,354.0,16,18,False,False,135.0,2.2,1.0,1.2,1.0,1.3,1.1,1.0,674.0,52.0,674.0,52.0,0,1,False,0,1.0,70.0,35.0,0,32.0,False,False,False,False,True,11,2.0,False,250.0,0,0,SPOKED,SPOKED,0.0,0.0,80.0,80.0,285.0,725.0,28.0,305.0,1.0
425.0,69.5,600.0,73.0,122.0,46.0,555.0,73.5,630.0,45.0,40.0,25.4,28.6,36.5,23.35,13.0,15.0,STEEL,57.0,50.0,39.0,331.0,351.0,16,18,False,False,130.0,2.0,0.9,1.1,0.9,1.2,1.0,0.9,674.0,52.0,674.0,52.0,0,1,False,0,2.0,68.0,34.0,0,31.8,True,False,False,False,True,12,2.0,False,245.0,10,10,SPOKED,SPOKED,0.0,0.0,80.0,80.0,280.0,720.0,28.6,300.0,1.0
430.0,70.0,598.0,73.0,118.0,45.0,550.0,74.0,625.0,45.0,40.0,25.4,28.0,36.0,23.3,13.0,15.0,STEEL,55.0,50.0,40.0,330.0,350.0,16,18,False,False,130.0,2.0,0.9,1.1,0.9,1.2,1.0,0.9,674.0,52.0,674.0,52.0,0,1,False,0,1.0,68.0,33.0,0,31.8,False,False,False,False,True,11,2.0,True,255.0,5,5,SPOKED,SPOKED,0.0,0.0,80.0,80.0,282.0,718.0,28.0,295.0,1.0
425.0,70.0,600.0,73.0,120.0,45.0,555.0,74.0,630.0,45.0,40.0,25.4,28.6,36.5,23.35,13.0,15.0,STEEL,55.0,50.0,40.0,330.0,350.0,16,18,False,False,130.0,2.0,0.9,1.1,0.9,1.2,1.0,0.9,674.0,52.0,674.0,52.0,0,1,False,0,1.0,68.0,34.0,0,31.8,False,False,False,False,True,11,2.0,False,255.0,0,5,DISC,DISC,0.0,0.0,80.0,80.0,280.0,720.0,28.6,300.0,1.0
430.0,70.0,600.0,73.0,120.0,45.0,555.0,74.0,630.0,45.0,40.0,25.4,28.6,36.5,23.35,13.0,15.0,STEEL,55.0,50.0,40.0,330.0,350.0,16,18,False,False,130.0,2.0,0.9,1.1,0.9,1.2,1.0,0.9,674.0,52.0,674.0,52.0,0,1,False,0,1.0,68.0,34.0,0,31.8,False,False,False,False,True,11,2.0,False,255.0,0,0,TRISPOKE,TRISPOKE,1.0,1.0,100.0,100.0,280.0,720.0,28.6,300.0,1.0
420.0,70.0,580.0,73.0,100.0,45.0,540.0,74.0,650.0,47.0,45.0,25.4,26.8,36.5,23.35,13.0,15.0,STEEL,50.0,40.0,40.0,330.0,350.0,16.0,18.0,False,False,130.0,2.0,0.9,1.1,0.9,1.2,1.0,0.9,674.0,52.0,674.0,52.0,0,0,False,0,1.0,68.0,45.0,0.0,31.8,False,False,False,False,True,11,2.0,False,255.0,0,0,SPOKED,SPOKED,0.0,0.0,1.0,1.0,80.0,320.0,26.8,300.0,1.0
422.0,70.0,590.0,73.0,110.0,45.0,550.0,74.0,660.0,47.0,45.0,25.4,26.8,36.5,23.35,13.0,15.0,STEEL,50.0,40.0,40.0,330.0,350.0,16.0,18.0,False,False,130.0,2.0,0.9,1.1,0.9,1.2,1.0,0.9,674.0,52.0,674.0,52.0,0,0,False,0,1.0,68.0,45.0,0.0,31.8,False,False,False,False,True,11,2.0,False,255.0,0,0,SPOKED,SPOKED,0.0,0.0,1.0,1.0,80.0,322.0,26.8,300.0,1.0
424.0,70.0,600.0,73.0,120.0,45.0,560.0,74.0,670.0,47.0,45.0,25.4,26.8,36.5,23.35,13.0,15.0,STEEL,50.0,40.0,40.0,330.0,350.0,16.0,18.0,False,False,130.0,2.0,0.9,1.1,0.9,1.2,1.0,0.9,674.0,52.0,674.0,52.0,0,0,False,0,1.0,68.0,45.0,0.0,31.8,False,False,False,False,True,11,2.0,False,255.0,0,0,SPOKED,SPOKED,0.0,0.0,1.0,1.0,80.0,324.0,26.8,300.0,1.0
426.0,70.0,610.0,73.0,130.0,45.0,570.0,74.0,680.0,47.0,45.0,25.4,26.8,36.5,23.35,13.0,15.0,STEEL,50.0,40.0,40.0,330.0,350.0,16.0,18.0,False,False,130.0,2.0,0.9,1.1,0.9,1.2,1.0,0.9,674.0,52.0,674.0,52.0,0,0,False,0,1.0,68.0,45.0,0.0,31.8,False,False,False,False,True,11,2.0,False,255.0,0,0,SPOKED,SPOKED,0.0,0.0,1.0,1.0,80.0,326.0,26.8,300.0,1.0
428.0,70.0,620.0,73.0,140.0,45.0,580.0,74.0,690.0,47.0,45.0,25.4,26.8,36.5,23.35,13.0,15.0,STEEL,50.0,40.0,40.0,330.0,350.0,16.0,18.0,False,False,130.0,2.0,0.9,1.1,0.9,1.2,1.0,0.9,674.0,52.0,674.0,52.0,0,0,False,0,1.0,68.0,45.0,0.0,31.8,False,False,False,False,True,11,2.0,False,255.0,0,0,SPOKED,SPOKED,0.0,0.0,1.0,1.0,80.0,328.0,26.8,300.0,1.0
430.0,70.0,630.0,73.0,150.0,45.0,590.0,74.0,700.0,47.0,45.0,25.4,26.8,36.5,23.35,13.0,15.0,STEEL,50.0,40.0,40.0,330.0,350.0,16.0,18.0,False,False,130.0,2.0,0.9,1.1,0.9,1.2,1.0,0.9,674.0,52.0,674.0,52.0,0,0,False,0,1.0,68.0,45.0,0.0,31.8,False,False,False,False,True,11,2.0,False,255.0,0,0,SPOKED,SPOKED,0.0,0.0,1.0,1.0,80.0,330.0,26.8,300.0,1.0
432.0,70.0,640.0,73.0,160.0,45.0,600.0,74.0,710.0,47.0,45.0,25.4,26.8,36.5,23.35,13.0,15.0,STEEL,50.0,40.0,40.0,330.0,350.0,16.0,18.0,False,False,130.0,2.0,0.9,1.1,0.9,1.2,1.0,0.9,674.0,52.0,674.0,52.0,0,0,False,0,1.0,68.0,45.0,0.0,31.8,False,False,False,False,True,11,2.0,False,255.0,0,0,SPOKED,SPOKED,0.0,0.0,1.0,1.0,80.0,332.0,26.8,300.0,1.0
434.0,70.0,650.0,73.0,170.0,45.0,610.0,74.0,720.0,47.0,45.0,25.4,26.8,36.5,23.35,13.0,15.0,STEEL,50.0,40.0,40.0,330.0,350.0,16.0,18.0,False,False,130.0,2.0,0.9,1.1,0.9,1.2,1.0,0.9,674.0,52.0,674.0,52.0,0,0,False,0,1.0,68.0,45.0,0.0,31.8,False,False,False,False,True,11,2.0,False,255.0,0,0,SPOKED,SPOKED,0.0,0.0,1.0,1.0,80.0,334.0,26.8,300.0,1.0
436.0,70.0,660.0,73.0,180.0,45.0,620.0,74.0,730.0,47.0,45.0,25.4,26.8,36.5,23.35,13.0,15.0,STEEL,50.0,40.0,40.0,330.0,350.0,16.0,18.0,False,False,130.0,2.0,0.9,1.1,0.9,1.2,1.0,0.9,674.0,52.0,674.0,52.0,0,0,False,0,1.0,68.0,45.0,0.0,31.8,False,False,False,False,True,11,2.0,False,255.0,0,0,SPOKED,SPOKED,0.0,0.0,1.0,1.0,80.0,336.0,26.8,300.0,1.0
438.0,70.0,670.0,73.0,190.0,45.0,630.0,74.0,740.0,47.0,45.0,25.4,26.8,36.5,23.35,13.0,15.0,STEEL,50.0,40.0,40.0,330.0,350.0,16.0,18.0,False,False,130.0,2.0,0.9,1.1,0.9,1.2,1.0,0.9,674.0,52.0,674.0,52.0,0,0,False,0,1.0,68.0,45.0,0.0,31.8,False,False,False,False,True,11,2.0,False,255.0,0,0,SPOKED,SPOKED,0.0,0.0,1.0,1.0,80.0,338.0,26.8,300.0,1.0
420.0,68.0,620.0,73.0,140.0,75.0,540.0,74.0,680.0,47.0,40.0,30.0,40.0,36.5,25.0,15,15.0,STEEL,40.0,45.0,45.0,330.0,350.0,16,18,False,False,130.0,2.0,0.9,1.1,0.9,1.2,1.0,0.9,674.0,52.0,674.0,52.0,0,0,False,0,1.0,68.0,35.0,692,28,False,False,False,False,True,10,2.0,False,255.0,0,0,SPOKED,SPOKED,1.0,1.0,80.0,80.0,280.0,710.0,34.9,330.0,1.0
430.0,70.0,635.0,74.0,150.0,80.0,550.0,75.0,690.0,47.0,40.0,30.0,40.0,36.5,25.0,15,15.0,STEEL,42.0,48.0,44.0,330.0,350.0,16,18,False,False,130.0,2.0,0.9,1.1,0.9,1.2,1.0,0.9,674.0,52.0,674.0,52.0,0,1,False,0,1.0,68.0,38.0,692,30,False,False,False,False,True,11,2.0,False,255.0,0,0,SPOKED,SPOKED,1.0,1.0,80.0,80.0,285.0,720.0,34.9,340.0,1.0
415.0,65.0,610.0,73.5,130.0,70.0,530.0,73.0,675.0,47.0,40.0,30.0,40.0,36.5,25.0,15,15.0,STEEL,38.0,44.0,46.0,330.0,350.0,16,18,False,False,130.0,2.0,0.9,1.1,0.9,1.2,1.0,0.9,674.0,52.0,674.0,52.0,0,0,False,0,1.0,68.0,33.0,692,26,False,False,False,False,True,9,2.0,False,255.0,0,0,SPOKED,SPOKED,1.0,1.0,80.0,80.0,275.0,705.0,34.9,325.0,1.0
440.0,66.0,650.0,72.5,160.0,85.0,560.0,76.0,700.0,47.0,40.0,30.0,40.0,36.5,25.0,15,15.0,STEEL,45.0,50.0,42.0,330.0,350.0,16,18,False,False,130.0,2.0,0.9,1.1,0.9,1.2,1.0,0.9,674.0,52.0,674.0,52.0,0,2,False,0,1.0,68.0,40.0,692,32,False,False,False,False,True,10,2.0,False,255.0,0,0,SPOKED,SPOKED,1.0,1.0,80.0,80.0,290.0,730.0,34.9,350.0,1.0
450.0,64.0,640.0,74.0,155.0,90.0,555.0,74.5,685.0,47.0,40.0,30.0,40.0,36.5,25.0,15,15.0,STEEL,50.0,55.0,43.0,330.0,350.0,16,18,False,False,130.0,2.0,0.9,1.1,0.9,1.2,1.0,0.9,674.0,52.0,674.0,52.0,0,1,False,0,1.0,68.0,37.0,692,29,False,False,False,False,True,8,2.0,False,255.0,0,0,SPOKED,SPOKED,1.0,1.0,80.0,80.0,282.0,715.0,34.9,335.0,1.0
425.0,69.0,655.0,73.0,145.0,78.0,545.0,75.5,695.0,47.0,40.0,30.0,40.0,36.5,25.0,15,15.0,STEEL,41.0,47.0,44.5,330.0,350.0,16,18,False,False,130.0,2.0,0.9,1.1,0.9,1.2,1.0,0.9,674.0,52.0,674.0,52.0,0,0,False,0,1.0,68.0,36.0,692,30,False,False,False,False,True,11,2.0,False,255.0,0,0,SPOKED,SPOKED,1.0,1.0,80.0,80.0,288.0,725.0,34.9,345.0,1.0
435.0,67.0,630.0,72.8,135.0,82.0,565.0,74.0,710.0,47.0,40.0,30.0,40.0,36.5,25.0,15,15.0,STEEL,43.0,46.0,47.0,330.0,350.0,16,18,False,False,130.0,2.0,0.9,1.1,0.9,1.2,1.0,0.9,674.0,52.0,674.0,52.0,0,1,False,0,1.0,68.0,39.0,692,31,False,False,False,False,True,9,3.0,False,255.0,0,0,SPOKED,SPOKED,1.0,1.0,80.0,80.0,295.0,740.0,34.9,360.0,1.0
445.0,63.0,660.0,74.0,170.0,88.0,580.0,76.0,705.0,47.0,40.0,30.0,40.0,36.5,25.0,15,15.0,STEEL,48.0,52.0,41.0,330.0,350.0,16,18,False,False,130.0,2.0,0.9,1.1,0.9,1.2,1.0,0.9,674.0,52.0,674.0,52.0,0,2,False,0,1.0,68.0,42.0,692,34,False,False,False,False,True,10,3.0,False,255.0,0,0,SPOKED,SPOKED,1.0,1.0,80.0,80.0,300.0,750.0,34.9,370.0,1.0
410.0,68.0,615.0,73.2,125.0,72.0,535.0,73.5,665.0,47.0,40.0,30.0,40.0,36.5,25.0,15,15.0,STEEL,37.0,43.0,45.0,330.0,350.0,16,18,False,False,130.0,2.0,0.9,1.1,0.9,1.2,1.0,0.9,674.0,52.0,674.0,52.0,0,1,False,0,1.0,68.0,34.0,692,28,False,False,False,False,True,8,2.0,False,255.0,0,0,SPOKED,SPOKED,1.0,1.0,80.0,80.0,278.0,720.0,34.9,330.0,1.0
455.0,62.0,670.0,72.3,180.0,92.0,590.0,75.0,715.0,47.0,40.0,30.0,40.0,36.5,25.0,15,15.0,STEEL,46.0,51.0,43.5,330.0,350.0,16,18,False,False,130.0,2.0,0.9,1.1,0.9,1.2,1.0,0.9,674.0,52.0,674.0,52.0,0,0,False,0,1.0,68.0,45.0,692,36,False,False,False,False,True,11,3.0,False,255.0,0,0,SPOKED,SPOKED,1.0,1.0,80.0,80.0,305.0,760.0,34.9,380.0,1.0
415.0,68.0,600.0,73.0,150.0,45.0,560.0,73.5,680.0,45.0,40.0,28.6,36.5,36.5,23.35,13.0,15.0,STEEL,36.0,52.0,50.0,330.0,350.0,16.0,18.0,False,False,130.0,2.0,0.9,1.1,0.9,1.2,1.0,0.9,674.0,52.0,674.0,52.0,0,0,False,0,1.0,68.0,31.8,0.0,26.8,False,False,False,False,True,11,2.0,False,255.0,0,0,SPOKED,SPOKED,0.0,0.0,80.0,80.0,280.0,710.0,28.0,720.0,1.0
420.0,68.0,610.0,72.5,155.0,45.0,565.0,73.8,690.0,45.0,40.0,28.6,36.5,36.5,23.35,13.0,15.0,STEEL,38.0,54.0,52.0,330.0,350.0,16.0,18.0,False,False,130.0,2.0,0.9,1.1,0.9,1.2,1.0,0.9,674.0,52.0,674.0,52.0,0,1,False,0,1.0,68.0,31.8,0.0,26.8,False,False,False,False,True,11,2.0,False,255.0,0,0,SPOKED,SPOKED,0.0,0.0,80.0,80.0,280.0,710.0,28.0,720.0,1.0
425.0,68.0,620.0,73.5,145.0,45.0,570.0,74.0,675.0,45.0,40.0,28.6,36.5,36.5,23.35,13.0,15.0,STEEL,40.0,56.0,54.0,330.0,350.0,16.0,18.0,False,False,130.0,2.0,0.9,1.1,0.9,1.2,1.0,0.9,674.0,52.0,674.0,52.0,0,2,False,0,1.0,68.0,31.8,0.0,26.8,False,False,False,False,True,11,2.0,False,255.0,0,0,SPOKED,SPOKED,0.0,0.0,80.0,80.0,280.0,710.0,28.0,720.0,1.0
430.0,68.0,630.0,74.0,160.0,45.0,555.0,73.2,685.0,45.0,40.0,28.6,36.5,36.5,23.35,13.0,15.0,STEEL,42.0,58.0,50.0,330.0,350.0,16.0,18.0,False,False,130.0,2.0,0.9,1.1,0.9,1.2,1.0,0.9,674.0,52.0,674.0,52.0,0,0,False,0,1.0,68.0,31.8,0.0,26.8,False,False,False,False,True,11,2.0,False,255.0,0,0,SPOKED,SPOKED,0.0,0.0,80.0,80.0,280.0,710.0,28.0,720.0,1.0
430.0,68.0,640.0,73.0,140.0,45.0,565.0,74.2,695.0,45.0,40.0,28.6,36.5,36.5,23.35,13.0,15.0,STEEL,36.0,52.0,56.0,330.0,350.0,16.0,18.0,False,False,130.0,2.0,0.9,1.1,0.9,1.2,1.0,0.9,674.0,52.0,674.0,52.0,0,1,False,0,1.0,68.0,31.8,0.0,26.8,False,False,False,False,True,11,2.0,False,255.0,0,0,SPOKED,SPOKED,0.0,0.0,80.0,80.0,280.0,710.0,28.0,720.0,1.0
435.0,68.0,650.0,72.8,150.0,45.0,575.0,73.7,685.0,45.0,40.0,28.6,36.5,36.5,23.35,13.0,15.0,STEEL,38.0,54.0,58.0,330.0,350.0,16.0,18.0,False,False,130.0,2.0,0.9,1.1,0.9,1.2,1.0,0.9,674.0,52.0,674.0,52.0,0,2,False,0,1.0,68.0,31.8,0.0,26.8,False,False,False,False,True,11,2.0,False,255.0,0,0,SPOKED,SPOKED,0.0,0.0,80.0,80.0,280.0,710.0,28.0,720.0,1.0
425.0,68.0,660.0,73.2,145.0,45.0,560.0,74.1,678.0,45.0,40.0,28.6,36.5,36.5,23.35,13.0,15.0,STEEL,40.0,56.0,52.0,330.0,350.0,16.0,18.0,False,False,130.0,2.0,0.9,1.1,0.9,1.2,1.0,0.9,674.0,52.0,674.0,52.0,0,0,False,0,1.0,68.0,31.8,0.0,26.8,False,False,False,False,True,11,2.0,False,255.0,0,0,SPOKED,SPOKED,0.0,0.0,80.0,80.0,280.0,710.0,28.0,720.0,1.0
420.0,68.0,670.0,73.6,155.0,45.0,570.0,73.9,688.0,45.0,40.0,28.6,36.5,36.5,23.35,13.0,15.0,STEEL,42.0,58.0,54.0,330.0,350.0,16.0,18.0,False,False,130.0,2.0,0.9,1.1,0.9,1.2,1.0,0.9,674.0,52.0,674.0,52.0,0,1,False,0,1.0,68.0,31.8,0.0,26.8,False,False,False,False,True,11,2.0,False,255.0,0,0,SPOKED,SPOKED,0.0,0.0,80.0,80.0,280.0,710.0,28.0,720.0,1.0
415.0,68.0,580.0,72.8,150.0,45.0,560.0,74.0,682.0,45.0,40.0,28.6,36.5,36.5,23.35,13.0,15.0,STEEL,38.0,54.0,52.0,330.0,350.0,16.0,18.0,False,False,130.0,2.0,0.9,1.1,0.9,1.2,1.0,0.9,674.0,52.0,674.0,52.0,0,2,False,0,1.0,68.0,31.8,0.0,26.8,False,False,False,False,True,11,2.0,False,255.0,0,0,SPOKED,SPOKED,0.0,0.0,80.0,80.0,280.0,710.0,28.0,720.0,1.0
410.0,68.0,590.0,73.4,150.0,45.0,565.0,73.5,690.0,45.0,40.0,28.6,36.5,36.5,23.35,13.0,15.0,STEEL,40.0,56.0,56.0,330.0,350.0,16.0,18.0,False,False,130.0,2.0,0.9,1.1,0.9,1.2,1.0,0.9,674.0,52.0,674.0,52.0,0,0,False,0,1.0,68.0,31.8,0.0,26.8,False,False,False,False,True,11,2.0,False,255.0,0,0,SPOKED,SPOKED,0.0,0.0,80.0,80.0,280.0,710.0,28.0,720.0,1.0
420.0,66.0,600.0,73.0,160.0,45.0,550.0,74.0,650.0,45.0,40.0,25.4,36.5,23.35,13.0,15.0,9.0,STEEL,45.0,50.0,50.0,330.0,350.0,16.0,18.0,False,False,130.0,2.0,0.9,1.1,0.9,1.2,1.0,0.9,674.0,52.0,674.0,52.0,0,2,False,0,1.0,68.0,31.8,0.0,31.8,False,False,False,False,True,11,2.0,False,255.0,0,0,SPOKED,SPOKED,0.0,0.0,0.0,0.0,280.0,720.0,36.5,300.0,1.0
425.0,68.0,610.0,74.0,165.0,45.0,560.0,73.0,660.0,50.0,40.0,25.4,36.5,23.35,13.0,15.0,9.0,STEEL,50.0,45.0,55.0,330.0,350.0,16.0,18.0,False,False,130.0,2.0,0.9,1.1,0.9,1.2,1.0,0.9,674.0,52.0,674.0,52.0,0,1,False,0,1.0,70.0,31.8,0.0,31.8,False,False,False,False,True,11,2.0,False,255.0,0,0,SPOKED,SPOKED,0.0,0.0,0.0,0.0,280.0,720.0,36.5,300.0,1.0
415.0,64.0,620.0,72.0,155.0,45.0,540.0,75.0,640.0,55.0,40.0,25.4,36.5,23.35,13.0,15.0,9.0,STEEL,40.0,55.0,45.0,330.0,350.0,16.0,18.0,False,False,130.0,2.0,0.9,1.1,0.9,1.2,1.0,0.9,674.0,52.0,674.0,52.0,0,2,False,0,1.0,66.0,31.8,0.0,31.8,False,False,False,False,True,11,2.0,False,255.0,0,0,SPOKED,SPOKED,0.0,0.0,0.0,0.0,280.0,720.0,36.5,300.0,1.0
430.0,66.0,590.0,73.0,170.0,45.0,555.0,74.0,655.0,45.0,40.0,25.4,36.5,23.35,13.0,15.0,9.0,STEEL,55.0,40.0,60.0,330.0,350.0,16.0,18.0,False,False,130.0,2.0,0.9,1.1,0.9,1.2,1.0,0.9,674.0,52.0,674.0,52.0,0,1,False,0,1.0,68.0,31.8,0.0,31.8,False,False,False,False,True,11,2.0,False,255.0,0,0,SPOKED,SPOKED,0.0,0.0,0.0,0.0,280.0,720.0,36.5,300.0,1.0
410.0,68.0,605.0,74.0,150.0,45.0,565.0,73.0,665.0,50.0,40.0,25.4,36.5,23.35,13.0,15.0,9.0,STEEL,35.0,60.0,40.0,330.0,350.0,16.0,18.0,False,False,130.0,2.0,0.9,1.1,0.9,1.2,1.0,0.9,674.0,52.0,674.0,52.0,0,2,False,0,1.0,70.0,31.8,0.0,31.8,False,False,False,False,True,11,2.0,False,255.0,0,0,SPOKED,SPOKED,0.0,0.0,0.0,0.0,280.0,720.0,36.5,300.0,1.0
435.0,64.0,615.0,72.0,175.0,45.0,545.0,75.0,645.0,55.0,40.0,25.4,36.5,23.35,13.0,15.0,9.0,STEEL,60.0,35.0,65.0,330.0,350.0,16.0,18.0,False,False,130.0,2.0,0.9,1.1,0.9,1.2,1.0,0.9,674.0,52.0,674.0,52.0,0,1,False,0,1.0,68.0,31.8,0.0,31.8,False,False,False,False,True,11,2.0,False,255.0,0,0,SPOKED,SPOKED,0.0,0.0,0.0,0.0,280.0,720.0,36.5,300.0,1.0
405.0,66.0,595.0,73.0,145.0,45.0,570.0,74.0,670.0,45.0,40.0,25.4,36.5,23.35,13.0,15.0,9.0,STEEL,30.0,65.0,35.0,330.0,350.0,16.0,18.0,False,False,130.0,2.0,0.9,1.1,0.9,1.2,1.0,0.9,674.0,52.0,674.0,52.0,0,2,False,0,1.0,66.0,31.8,0.0,31.8,False,False,False,False,True,11,2.0,False,255.0,0,0,SPOKED,SPOKED,0.0,0.0,0.0,0.0,280.0,720.0,36.5,300.0,1.0
440.0,68.0,625.0,74.0,180.0,45.0,530.0,73.0,630.0,50.0,40.0,25.4,36.5,23.35,13.0,15.0,9.0,STEEL,65.0,30.0,70.0,330.0,350.0,16.0,18.0,False,False,130.0,2.0,0.9,1.1,0.9,1.2,1.0,0.9,674.0,52.0,674.0,52.0,0,1,False,0,1.0,72.0,31.8,0.0,31.8,False,False,False,False,True,11,2.0,False,255.0,0,0,SPOKED,SPOKED,0.0,0.0,0.0,0.0,280.0,720.0,36.5,300.0,1.0
400.0,64.0,585.0,72.0,140.0,45.0,580.0,75.0,680.0,55.0,40.0,25.4,36.5,23.35,13.0,15.0,9.0,STEEL,25.0,70.0,30.0,330.0,350.0,16.0,18.0,False,False,130.0,2.0,0.9,1.1,0.9,1.2,1.0,0.9,674.0,52.0,674.0,52.0,0,2,False,0,1.0,68.0,31.8,0.0,31.8,False,False,False,False,True,11,2.0,False,255.0,0,0,SPOKED,SPOKED,0.0,0.0,0.0,0.0,280.0,720.0,36.5,300.0,1.0
450.0,66.0,630.0,73.0,185.0,45.0,525.0,74.0,635.0,45.0,40.0,25.4,36.5,23.35,13.0,15.0,9.0,STEEL,70.0,25.0,75.0,330.0,350.0,16.0,18.0,False,False,130.0,2.0,0.9,1.1,0.9,1.2,1.0,0.9,674.0,52.0,674.0,52.0,0,1,False,0,1.0,70.0,31.8,0.0,31.8,False,False,False,False,True,11,2.0,False,255.0,0,0,SPOKED,SPOKED,0.0,0.0,0.0,0.0,280.0,720.0,36.5,300.0,1.0
425.0,66.0,580.0,73.0,110.0,45.0,560.0,74.0,650.0,45.0,40.0,28.6,36.5,23.35,13.0,13.0,15.0,STEEL,60.0,50.0,30.0,330.0,350.0,16.0,18.0,False,False,130.0,2.0,0.9,0.9,0.9,0.9,0.9,0.9,674.0,52.0,674.0,52.0,0,1,False,0,1.0,68.0,31.8,692.0,26.8,False,False,False,False,True,10,2.0,False,255.0,0,0,SPOKED,SPOKED,1.0,1.0,80.0,80.0,80.0,718.0,278.0,250.0,1.0
430.0,64.0,585.0,74.0,120.0,45.0,550.0,73.0,655.0,47.0,40.0,25.4,36.5,25.0,15.0,14.0,15.0,STEEL,65.0,55.0,28.0,330.0,350.0,16.0,18.0,False,False,130.0,2.0,0.9,0.9,0.9,0.9,0.9,0.9,674.0,52.0,674.0,52.0,0,2,False,0,1.0,68.0,31.8,692.0,26.8,False,False,False,False,True,10,2.0,False,255.0,0,0,SPOKED,SPOKED,1.0,1.0,80.0,80.0,80.0,718.0,278.0,250.0,1.0
420.0,68.0,575.0,72.0,115.0,45.0,570.0,75.0,645.0,50.0,40.0,28.6,36.5,26.0,14.0,15.0,15.0,STEEL,55.0,60.0,25.0,330.0,350.0,16.0,18.0,False,False,130.0,2.0,0.9,0.9,0.9,0.9,0.9,0.9,674.0,52.0,674.0,52.0,0,0,False,0,1.0,68.0,31.8,692.0,26.8,False,False,False,False,True,10,2.0,False,255.0,0,0,SPOKED,SPOKED,1.0,1.0,80.0,80.0,80.0,718.0,278.0,250.0,1.0
435.0,66.0,590.0,73.5,105.0,45.0,565.0,74.5,660.0,46.0,40.0,33.6,36.5,28.0,16.0,13.5,15.0,STEEL,70.0,45.0,35.0,330.0,350.0,16.0,18.0,False,False,130.0,2.0,0.9,0.9,0.9,0.9,0.9,0.9,674.0,52.0,674.0,52.0,0,1,False,0,1.0,68.0,31.8,692.0,26.8,False,False,False,False,True,10,2.0,False,255.0,0,0,SPOKED,SPOKED,1.0,1.0,80.0,80.0,80.0,718.0,278.0,250.0,1.0
415.0,65.0,578.0,73.0,125.0,45.0,552.0,73.5,652.0,45.0,40.0,28.6,36.5,24.0,13.5,14.5,15.0,STEEL,62.0,52.0,32.0,330.0,350.0,16.0,18.0,False,False,130.0,2.0,0.9,0.9,0.9,0.9,0.9,0.9,674.0,52.0,674.0,52.0,0,2,False,0,1.0,68.0,31.8,692.0,26.8,False,False,False,False,True,10,2.0,False,255.0,0,0,SPOKED,SPOKED,1.0,1.0,80.0,80.0,80.0,718.0,278.0,250.0,1.0
440.0,64.0,582.0,72.5,130.0,45.0,580.0,74.0,658.0,48.0,40.0,28.6,36.5,29.0,17.0,16.0,15.0,STEEL,68.0,58.0,30.0,330.0,350.0,16.0,18.0,False,False,130.0,2.0,0.9,0.9,0.9,0.9,0.9,0.9,674.0,52.0,674.0,52.0,0,0,False,0,1.0,68.0,31.8,692.0,26.8,False,False,False,False,True,10,2.0,False,255.0,0,0,SPOKED,SPOKED,1.0,1.0,80.0,80.0,80.0,718.0,278.0,250.0,1.0
418.0,67.0,577.0,73.0,118.0,45.0,555.0,74.0,649.0,45.0,40.0,28.6,36.5,23.35,13.0,13.2,15.0,STEEL,60.0,50.0,30.0,330.0,350.0,16.0,18.0,False,False,130.0,2.0,0.9,0.9,0.9,0.9,0.9,0.9,674.0,52.0,674.0,52.0,0,1,False,0,1.0,68.0,31.8,692.0,26.8,False,False,False,False,True,10,2.0,False,255.0,0,0,SPOKED,SPOKED,1.0,1.0,80.0,80.0,80.0,718.0,278.0,250.0,1.0
422.0,66.0,579.0,73.2,112.0,45.0,562.0,73.8,651.0,46.0,40.0,28.6,36.5,27.0,15.0,14.0,15.0,STEEL,63.0,48.0,33.0,330.0,350.0,16.0,18.0,False,False,130.0,2.0,0.9,0.9,0.9,0.9,0.9,0.9,674.0,52.0,674.0,52.0,0,1,False,0,1.0,68.0,31.8,692.0,26.8,False,False,False,False,True,10,2.0,False,255.0,0,0,SPOKED,SPOKED,1.0,1.0,80.0,80.0,80.0,718.0,278.0,250.0,1.0
428.0,65.0,584.0,74.0,122.0,45.0,568.0,74.2,657.0,47.0,40.0,25.4,36.5,26.5,14.5,15.5,15.0,STEEL,65.0,55.0,28.0,330.0,350.0,16.0,18.0,False,False,130.0,2.0,0.9,0.9,0.9,0.9,0.9,0.9,674.0,52.0,674.0,52.0,0,2,False,0,1.0,68.0,31.8,692.0,26.8,False,False,False,False,True,10,2.0,False,255.0,0,0,SPOKED,SPOKED,1.0,1.0,80.0,80.0,80.0,718.0,278.0,250.0,1.0
432.0,66.0,587.0,72.0,108.0,45.0,558.0,73.0,653.0,45.0,40.0,28.6,36.5,24.5,14.0,14.0,15.0,STEEL,58.0,47.0,30.0,330.0,350.0,16.0,18.0,False,False,130.0,2.0,0.9,0.9,0.9,0.9,0.9,0.9,674.0,52.0,674.0,52.0,0,1,False,0,1.0,68.0,31.8,692.0,26.8,False,False,False,False,True,10,2.0,False,255.0,0,0,SPOKED,SPOKED,1.0,1.0,80.0,80.0,80.0,718.0,278.0,250.0,1.0
420.0,70.0,580.0,73.0,120.0,45.0,555.0,74.0,650.0,45.0,40.0,40.0,28.6,36.5,23.35,13.0,15.0,STEEL,30.0,48.0,40.0,330.0,350.0,16.0,18.0,False,False,130.0,2.0,0.9,1.1,0.9,1.2,1.0,0.9,672.0,52.0,672.0,52.0,0,2,False,0,1.0,68.0,35.0,692.0,26.8,False,False,False,False,True,11,2.0,False,255.0,0,0,SPOKED,SPOKED,1.0,1.0,80.0,80.0,280.0,720.0,34.9,300.0,1.0
425.0,70.0,590.0,73.5,115.0,45.0,560.0,74.2,655.0,45.0,40.0,40.0,28.6,36.5,23.35,13.0,15.0,STEEL,32.0,49.0,42.0,330.0,350.0,16.0,18.0,False,False,130.0,2.0,0.9,1.1,0.9,1.2,1.0,0.9,672.0,52.0,672.0,52.0,0,2,False,0,1.0,68.0,36.0,692.0,26.8,False,False,False,False,True,12,2.0,False,255.0,20,20,SPOKED,SPOKED,1.0,1.0,80.0,80.0,285.0,730.0,34.9,310.0,1.0
430.0,70.0,600.0,74.0,130.0,45.0,565.0,73.5,660.0,45.0,40.0,40.0,28.6,36.5,23.35,13.0,15.0,STEEL,35.0,50.0,43.0,330.0,350.0,16.0,18.0,False,False,130.0,2.0,0.9,1.1,0.9,1.2,1.0,0.9,672.0,52.0,672.0,52.0,0,2,False,0,1.0,68.0,34.0,692.0,26.8,False,False,False,False,True,11,2.0,False,255.0,40,40,SPOKED,SPOKED,1.0,1.0,80.0,80.0,282.0,725.0,34.9,305.0,1.0
415.0,70.0,570.0,72.5,110.0,45.0,550.0,74.5,645.0,45.0,40.0,40.0,28.6,36.5,23.35,13.0,15.0,STEEL,28.0,47.0,41.0,330.0,350.0,16.0,18.0,False,False,130.0,2.0,0.9,1.1,0.9,1.2,1.0,0.9,672.0,52.0,672.0,52.0,0,2,False,0,1.0,68.0,33.0,692.0,26.8,False,False,False,False,True,10,2.0,False,255.0,60,60,SPOKED,SPOKED,1.0,1.0,80.0,80.0,275.0,715.0,34.9,295.0,1.0
440.0,68.0,620.0,73.5,125.0,45.0,580.0,74.0,658.0,45.0,40.0,40.0,28.6,36.5,23.35,13.0,15.0,STEEL,33.0,51.0,44.0,330.0,350.0,16.0,18.0,False,False,130.0,2.0,0.9,1.1,0.9,1.2,1.0,0.9,672.0,52.0,672.0,52.0,0,2,False,0,1.0,68.0,37.0,692.0,26.8,False,False,False,False,True,12,2.0,False,255.0,80,80,SPOKED,SPOKED,1.0,1.0,80.0,80.0,290.0,735.0,34.9,320.0,1.0
435.0,70.0,605.0,73.0,100.0,45.0,545.0,73.0,648.0,45.0,40.0,40.0,28.6,36.5,23.35,13.0,15.0,STEEL,29.0,49.5,39.0,330.0,350.0,16.0,18.0,False,False,130.0,2.0,0.9,1.1,0.9,1.2,1.0,0.9,672.0,52.0,672.0,52.0,0,2,False,0,1.0,68.0,32.0,692.0,26.8,False,False,False,False,True,11,2.0,False,255.0,100,100,SPOKED,SPOKED,1.0,1.0,80.0,80.0,278.0,728.0,34.9,310.0,1.0
410.0,72.0,595.0,74.5,105.0,45.0,560.0,75.0,652.0,45.0,40.0,40.0,28.6,36.5,23.35,13.0,15.0,STEEL,31.0,48.5,42.5,330.0,350.0,16.0,18.0,False,False,130.0,2.0,0.9,1.1,0.9,1.2,1.0,0.9,672.0,52.0,672.0,52.0,0,2,False,0,1.0,68.0,30.0,692.0,26.8,False,False,False,False,True,13,2.0,False,255.0,120,120,SPOKED,SPOKED,1.0,1.0,80.0,80.0,276.0,710.0,34.9,305.0,1.0
445.0,69.0,615.0,73.0,145.0,45.0,575.0,73.5,660.0,45.0,40.0,40.0,28.6,36.5,23.35,13.0,15.0,STEEL,38.0,52.0,45.0,330.0,350.0,16.0,18.0,False,False,130.0,2.0,0.9,1.1,0.9,1.2,1.0,0.9,672.0,52.0,672.0,52.0,0,2,False,0,1.0,68.0,38.0,692.0,26.8,False,False,False,False,True,12,2.0,False,255.0,140,140,SPOKED,SPOKED,1.0,1.0,80.0,80.0,295.0,740.0,34.9,315.0,1.0
420.0,70.0,585.0,72.8,135.0,45.0,555.0,74.2,646.0,45.0,40.0,40.0,28.6,36.5,23.35,13.0,15.0,STEEL,36.0,49.0,43.0,330.0,350.0,16.0,18.0,False,False,130.0,2.0,0.9,1.1,0.9,1.2,1.0,0.9,672.0,52.0,672.0,52.0,0,2,False,0,1.0,68.0,34.5,692.0,26.8,False,False,False,False,True,11,2.0,False,255.0,160,160,SPOKED,SPOKED,1.0,1.0,80.0,80.0,281.0,715.0,34.9,305.0,1.0
430.0,68.0,625.0,73.2,140.0,45.0,585.0,73.8,662.0,45.0,40.0,40.0,28.6,36.5,23.35,13.0,15.0,STEEL,37.0,51.5,44.5,330.0,350.0,16.0,18.0,False,False,130.0,2.0,0.9,1.1,0.9,1.2,1.0,0.9,672.0,52.0,672.0,52.0,0,2,False,0,1.0,68.0,39.0,692.0,26.8,False,False,False,False,True,12,2.0,False,255.0,180,180,SPOKED,SPOKED,1.0,1.0,80.0,80.0,298.0,745.0,34.9,320.0,1.0
420.0,70.0,600.0,73.0,150.0,45.0,560.0,74.0,650.0,47.0,45.0,40.0,28.6,36.5,23.35,13,15.0,STEEL,25.0,45.0,40.0,0.0,0.0,0,0,False,False,130.0,2.0,0.9,1.1,0.9,1.2,1.0,0.9,680.0,52.0,680.0,52.0,0,0,False,0,1.0,68.0,31.8,0,31.8,False,False,False,False,True,11,2.0,False,255.0,0,0,SPOKED,SPOKED,1.0,1.0,80.0,80.0,280.0,720.0,26.8,300.0,1.0
425.0,68.0,610.0,74.0,160.0,45.0,570.0,73.0,645.0,50.0,49.0,40.0,28.6,36.5,23.35,13,15.0,STEEL,30.0,50.0,45.0,0.0,0.0,0,0,False,False,130.0,2.0,0.9,1.1,0.9,1.2,1.0,0.9,680.0,52.0,680.0,52.0,0,1,False,0,1.0,70.0,31.8,0,31.8,False,True,False,False,True,10,2.0,False,255.0,0,0,SPOKED,SPOKED,1.0,1.0,80.0,80.0,280.0,720.0,26.8,300.0,1.0
430.0,65.0,590.0,72.0,140.0,45.0,550.0,75.0,660.0,45.0,47.0,40.0,28.6,36.5,23.35,13,15.0,STEEL,40.0,55.0,40.0,0.0,0.0,0,0,False,False,130.0,2.0,0.9,1.1,0.9,1.2,1.0,0.9,680.0,52.0,680.0,52.0,0,2,False,0,3.0,68.0,34.0,0,34.0,False,False,False,False,True,11,2.0,False,255.0,0,0,SPOKED,SPOKED,1.0,1.0,80.0,80.0,280.0,725.0,26.8,310.0,2.0
415.0,75.0,620.0,73.0,170.0,45.0,580.0,74.0,655.0,48.0,46.0,40.0,28.6,36.5,23.35,13,15.0,STEEL,20.0,40.0,45.0,0.0,0.0,0,0,False,False,130.0,2.0,0.9,1.1,0.9,1.2,1.0,0.9,680.0,52.0,680.0,52.0,0,1,True,0,0.0,68.0,31.8,0,31.8,False,False,False,False,True,12,2.0,False,255.0,0,0,SPOKED,SPOKED,1.0,1.0,80.0,80.0,285.0,715.0,26.8,305.0,1.0
435.0,72.0,605.0,74.0,155.0,45.0,565.0,73.0,650.0,49.0,48.0,40.0,28.6,36.5,23.35,13,15.0,STEEL,28.0,48.0,42.0,0.0,0.0,0,0,False,False,130.0,2.0,0.9,1.1,0.9,1.2,1.0,0.9,680.0,52.0,680.0,52.0,0,0,False,0,1.0,68.0,31.8,0,31.8,True,True,False,False,True,9,2.0,False,255.0,0,0,SPOKED,SPOKED,1.0,1.0,80.0,80.0,275.0,730.0,26.8,295.0,1.0
440.0,70.0,615.0,74.0,165.0,45.0,575.0,74.0,652.0,50.0,45.0,40.0,28.6,36.5,23.35,13,15.0,STEEL,35.0,52.0,40.0,0.0,0.0,0,0,False,False,135.0,2.0,0.9,1.1,0.9,1.2,1.0,0.9,680.0,52.0,680.0,52.0,0,1,False,0,1.0,68.0,31.8,0,31.8,False,False,False,False,True,11,2.0,False,255.0,0,0,TRISPOKE,SPOKED,1.0,1.0,30.0,80.0,280.0,720.0,26.8,300.0,1.0
405.0,68.0,585.0,72.0,145.0,45.0,555.0,75.0,640.0,46.0,47.0,40.0,28.6,36.5,23.35,13,15.0,STEEL,30.0,47.0,38.0,0.0,0.0,0,0,False,False,130.0,2.0,0.9,1.1,0.9,1.2,1.0,0.9,680.0,52.0,680.0,52.0,0,2,False,0,1.0,68.0,31.8,0,31.8,False,False,False,False,True,10,2.0,False,255.0,0,0,SPOKED,TRISPOKE,1.0,1.0,80.0,30.0,285.0,710.0,26.8,305.0,1.0
430.0,69.0,600.0,73.0,150.0,45.0,560.0,74.5,648.0,48.0,46.0,40.0,28.6,36.5,23.35,13,15.0,STEEL,32.0,50.0,42.0,0.0,0.0,0,0,False,False,130.0,2.0,0.9,1.1,0.9,1.2,1.0,0.9,680.0,52.0,680.0,52.0,0,0,False,0,1.0,68.0,31.8,0,31.8,False,False,False,False,True,9,2.0,False,255.0,0,0,TRISPOKE,TRISPOKE,1.0,1.0,50.0,50.0,280.0,715.0,26.8,300.0,1.0
420.0,70.0,610.0,73.0,155.0,45.0,565.0,74.0,650.0,47.0,45.0,40.0,28.6,36.5,23.35,13,15.0,STEEL,28.0,48.0,42.0,50.0,0.0,18,0,True,False,130.0,2.0,0.9,1.1,0.9,1.2,1.0,0.9,680.0,52.0,680.0,52.0,0,1,False,0,1.0,68.0,31.8,0,31.8,False,False,False,False,True,10,2.0,False,255.0,0,0,SPOKED,SPOKED,1.0,1.0,80.0,80.0,280.0,720.0,26.8,300.0,1.0
425.0,68.0,600.0,73.5,158.0,45.0,570.0,73.5,652.0,49.0,49.0,40.0,28.6,36.5,23.35,13,15.0,STEEL,30.0,50.0,44.0,0.0,20.0,0,18,False,True,130.0,2.0,0.9,1.1,0.9,1.2,1.0,0.9,680.0,52.0,680.0,52.0,0,2,False,0,1.0,70.0,31.8,0,31.8,False,False,False,False,True,11,2.0,False,255.0,0,0,TRISPOKE,SPOKED,1.0,1.0,30.0,80.0,285.0,725.0,26.8,310.0,2.0
425.0,68.0,580.0,73.0,120.0,45.0,530.0,73.0,540.0,45.0,40.0,25.4,28.6,36.5,23.35,15,9.0,STEEL,30.0,50.0,40.0,330.0,350.0,0,0,False,False,130.0,2.0,0.9,1.1,0.9,1.2,1.0,0.9,674.0,52.0,674.0,52.0,0,0,False,0,1.0,68.0,31.8,0,31.8,True,True,False,False,True,8,2.0,False,255.0,0,0,SPOKED,SPOKED,0.0,0.0,0.0,0.0,280.0,720.0,26.8,300.0,1.0
430.0,67.0,590.0,72.5,130.0,45.0,540.0,73.5,550.0,47.0,40.0,25.4,28.6,36.5,23.35,15,9.0,STEEL,30.0,50.0,40.0,330.0,350.0,0,0,False,False,130.0,2.0,0.9,1.1,0.9,1.2,1.0,0.9,674.0,52.0,674.0,52.0,0,0,False,0,1.0,68.0,31.8,0,31.8,True,True,False,False,True,8,2.0,False,255.0,0,0,SPOKED,SPOKED,0.0,0.0,0.0,0.0,280.0,730.0,26.8,300.0,1.0
440.0,69.0,600.0,73.5,140.0,50.0,550.0,74.0,560.0,45.0,40.0,25.4,28.6,36.5,23.35,15,9.0,STEEL,30.0,50.0,40.0,330.0,350.0,0,0,False,False,130.0,2.0,0.9,1.1,0.9,1.2,1.0,0.9,674.0,52.0,674.0,52.0,0,0,False,0,1.0,68.0,31.8,0,31.8,True,True,False,False,True,8,2.0,False,255.0,0,0,SPOKED,SPOKED,0.0,0.0,0.0,0.0,280.0,740.0,26.8,300.0,1.0
420.0,68.0,570.0,74.0,110.0,45.0,520.0,73.0,530.0,50.0,40.0,25.4,28.6,36.5,23.35,15,9.0,STEEL,30.0,50.0,40.0,330.0,350.0,0,0,False,False,130.0,2.0,0.9,1.1,0.9,1.2,1.0,0.9,674.0,52.0,674.0,52.0,0,0,False,0,1.0,68.0,31.8,0,31.8,True,True,False,False,True,8,2.0,False,255.0,0,0,SPOKED,SPOKED,0.0,0.0,0.0,0.0,270.0,710.0,26.8,300.0,1.0
435.0,70.0,610.0,72.0,125.0,48.0,545.0,73.2,555.0,44.0,40.0,25.4,28.6,36.5,23.35,15,9.0,STEEL,30.0,50.0,40.0,330.0,350.0,0,0,False,False,130.0,2.0,0.9,1.1,0.9,1.2,1.0,0.9,674.0,52.0,674.0,52.0,0,0,False,0,1.0,68.0,31.8,0,31.8,True,True,False,False,True,8,2.0,False,255.0,0,0,SPOKED,SPOKED,0.0,0.0,0.0,0.0,285.0,750.0,26.8,300.0,1.0
450.0,68.0,620.0,73.0,135.0,47.0,560.0,74.0,565.0,46.0,40.0,25.4,28.6,36.5,23.35,15,8.0,STEEL,30.0,50.0,40.0,330.0,350.0,0,0,False,False,130.0,2.0,0.9,1.1,0.9,1.2,1.0,0.9,674.0,52.0,674.0,52.0,0,0,False,0,1.0,68.0,31.8,0,31.8,True,True,False,False,True,8,2.0,False,255.0,0,0,SPOKED,SPOKED,0.0,0.0,0.0,0.0,275.0,730.0,26.8,300.0,1.0
415.0,66.0,585.0,73.2,118.0,45.0,535.0,73.8,548.0,45.0,40.0,25.4,28.6,36.5,23.35,15,9.0,STEEL,30.0,50.0,40.0,330.0,350.0,0,0,False,False,130.0,2.0,0.9,1.1,0.9,1.2,1.0,0.9,674.0,52.0,674.0,52.0,0,0,False,0,1.0,68.0,31.8,0,31.8,True,True,False,False,True,8,2.0,False,255.0,0,0,SPOKED,SPOKED,0.0,0.0,0.0,0.0,280.0,720.0,26.8,300.0,1.0
445.0,67.0,595.0,72.8,132.0,46.0,548.0,74.2,558.0,49.0,40.0,25.4,28.6,36.5,23.35,15,9.0,STEEL,30.0,50.0,40.0,330.0,350.0,0,0,False,False,130.0,2.0,0.9,1.1,0.9,1.2,1.0,0.9,674.0,52.0,674.0,52.0,0,0,False,0,1.0,68.0,31.8,0,31.8,True,True,False,False,True,8,2.0,False,255.0,0,0,SPOKED,SPOKED,0.0,0.0,0.0,0.0,275.0,725.0,26.8,300.0,1.0
425.0,69.0,605.0,73.9,128.0,45.0,552.0,73.4,552.0,48.0,40.0,25.4,28.6,36.5,23.35,15,9.0,STEEL,30.0,50.0,40.0,330.0,350.0,0,0,False,False,130.0,2.0,0.9,1.1,0.9,1.2,1.0,0.9,674.0,52.0,674.0,52.0,0,0,False,0,1.0,68.0,31.8,0,31.8,True,True,False,False,True,8,2.0,False,255.0,0,0,SPOKED,SPOKED,0.0,0.0,0.0,0.0,290.0,740.0,26.8,300.0,1.0
430.0,68.0,600.0,73.1,122.0,47.0,547.0,73.6,558.0,45.0,40.0,25.4,28.6,36.5,23.35,15,9.0,STEEL,30.0,50.0,40.0,330.0,350.0,0,0,False,False,130.0,2.0,0.9,1.1,0.9,1.2,1.0,0.9,674.0,52.0,674.0,52.0,0,0,False,0,1.0,68.0,31.8,0,31.8,True,True,False,False,True,8,2.0,False,255.0,0,0,SPOKED,SPOKED,0.0,0.0,0.0,0.0,285.0,735.0,26.8,300.0,1.0
425.0,66.0,580.0,73.0,140.0,45.0,550.0,74.0,665.0,47.0,40.0,30.0,30.0,36.5,23.35,13.0,15.0,STEEL,30.0,50.0,45.0,0.0,0.0,0.0,0.0,False,False,130.0,2.0,0.9,1.1,0.9,1.2,1.0,0.9,674.0,52.0,674.0,52.0,0,1,False,0,1.0,68.0,31.8,0.0,31.8,False,False,False,False,True,11,2.0,False,255.0,0.0,0.0,SPOKED,SPOKED,1.0,1.0,80.0,80.0,280.0,720.0,30.0,300.0,1.0
420.0,66.0,575.0,73.0,150.0,45.0,545.0,74.0,660.0,45.0,40.0,32.0,32.0,36.5,23.35,13.0,15.0,STEEL,28.0,48.0,43.0,0.0,0.0,0.0,0.0,False,False,130.0,2.0,0.9,1.1,0.9,1.2,1.0,0.9,674.0,52.0,674.0,52.0,0,0,False,0,2.0,68.0,34.0,0.0,31.6,False,False,False,False,True,11,2.0,False,255.0,0.0,0.0,DISC,SPOKED,1.0,1.0,80.0,80.0,285.0,720.0,32.0,310.0,2.0
430.0,66.0,590.0,72.5,135.0,45.0,555.0,73.5,670.0,50.0,40.0,28.0,28.0,36.5,23.35,13.0,15.0,STEEL,25.0,55.0,42.0,0.0,0.0,0.0,0.0,False,False,130.0,2.0,0.9,1.1,0.9,1.2,1.0,0.9,674.0,52.0,674.0,52.0,0,2,False,0,1.0,68.0,31.8,0.0,32.0,False,False,False,False,True,11,2.0,False,255.0,0.0,0.0,SPOKED,TRISPOKE,1.0,1.0,80.0,80.0,275.0,725.0,28.0,320.0,1.0
425.0,66.0,545.0,74.0,120.0,45.0,540.0,75.0,660.0,47.0,40.0,34.0,34.0,36.5,23.35,13.0,15.0,STEEL,32.0,52.0,40.0,0.0,0.0,0.0,0.0,False,False,130.0,2.0,0.9,1.1,0.9,1.2,1.0,0.9,674.0,52.0,674.0,52.0,0,0,False,0,1.0,68.0,35.0,0.0,31.8,False,False,False,False,True,11,2.0,False,255.0,0.0,0.0,TRISPOKE,SPOKED,1.0,1.0,80.0,80.0,290.0,710.0,34.0,290.0,1.0
420.0,66.0,600.0,73.0,160.0,45.0,560.0,73.5,675.0,47.0,40.0,32.0,32.0,36.5,23.35,13.0,15.0,STEEL,28.0,58.0,48.0,0.0,0.0,0.0,0.0,False,False,130.0,2.0,0.9,1.1,0.9,1.2,1.0,0.9,674.0,52.0,674.0,52.0,0,1,False,0,2.0,68.0,32.0,0.0,31.8,False,False,False,False,True,11,2.0,False,255.0,0.0,0.0,SPOKED,DISC,1.0,1.0,80.0,80.0,280.0,730.0,32.0,300.0,2.0
428.0,66.0,590.0,72.8,145.0,45.0,550.0,74.2,680.0,48.0,40.0,33.0,33.0,36.5,23.35,13.0,15.0,STEEL,29.0,54.0,44.0,0.0,0.0,0.0,0.0,False,False,130.0,2.0,0.9,1.1,0.9,1.2,1.0,0.9,674.0,52.0,674.0,52.0,0,2,False,0,1.0,68.0,31.8,0.0,31.6,False,False,False,False,True,11,2.0,False,255.0,0.0,0.0,TRISPOKE,TRISPOKE,1.0,1.0,80.0,80.0,285.0,715.0,33.0,305.0,1.0
435.0,66.0,570.0,73.2,138.0,45.0,545.0,74.5,662.0,47.0,40.0,31.0,31.0,36.5,23.35,13.0,15.0,STEEL,27.0,53.0,46.0,0.0,0.0,0.0,0.0,False,False,130.0,2.0,0.9,1.1,0.9,1.2,1.0,0.9,674.0,52.0,674.0,52.0,0,0,False,0,2.0,68.0,32.0,0.0,31.8,False,False,False,False,True,11,2.0,False,255.0,0.0,0.0,SPOKED,TRISPOKE,1.0,1.0,80.0,80.0,275.0,725.0,31.0,295.0,2.0
418.0,66.0,585.0,73.5,155.0,45.0,555.0,74.0,668.0,46.0,40.0,34.0,34.0,36.5,23.35,13.0,15.0,STEEL,31.0,57.0,49.0,0.0,0.0,0.0,0.0,False,False,130.0,2.0,0.9,1.1,0.9,1.2,1.0,0.9,674.0,52.0,674.0,52.0,0,1,False,0,1.0,68.0,33.0,0.0,31.8,False,False,False,False,True,11,2.0,False,255.0,0.0,0.0,DISC,DISC,1.0,1.0,80.0,80.0,285.0,720.0,34.0,310.0,1.0
422.0,66.0,572.0,72.7,142.0,45.0,548.0,74.1,663.0,47.0,40.0,29.0,29.0,36.5,23.35,13.0,15.0,STEEL,26.0,51.0,41.0,0.0,0.0,0.0,0.0,False,False,130.0,2.0,0.9,1.1,0.9,1.2,1.0,0.9,674.0,52.0,674.0,52.0,0,2,False,0,1.0,68.0,30.0,0.0,31.8,False,False,False,False,True,11,2.0,False,255.0,0.0,0.0,SPOKED,SPOKED,1.0,1.0,80.0,80.0,280.0,728.0,29.0,302.0,1.0
429.0,66.0,595.0,73.8,148.0,45.0,557.0,73.8,672.0,47.0,40.0,33.0,33.0,36.5,23.35,13.0,15.0,STEEL,30.0,56.0,47.0,0.0,0.0,0.0,0.0,False,False,130.0,2.0,0.9,1.1,0.9,1.2,1.0,0.9,674.0,52.0,674.0,52.0,0,1,False,0,2.0,68.0,32.5,0.0,31.8,False,False,False,False,True,11,2.0,False,255.0,0.0,0.0,TRISPOKE,DISC,1.0,1.0,80.0,80.0,288.0,722.0,33.0,315.0,2.0
420.0,70.0,580.0,73.0,110.0,45.0,555.0,74.0,650.0,47.0,40.0,25.4,36.5,23.35,13.0,15,9.0,STEEL,63.0,48.0,40.0,330.0,350.0,16,18,False,False,130.0,2.0,0.9,1.1,0.9,1.2,1.0,0.9,674.0,52.0,674.0,52.0,0,0,False,0,1.0,68.0,32.0,0,31.8,False,False,False,False,True,8,2.0,False,255.0,0,0,SPOKED,SPOKED,1.0,1.0,80.0,80.0,278.0,718.0,26.8,250.0,1.0
425.0,68.0,600.0,72.0,120.0,50.0,560.0,73.5,660.0,50.0,40.0,27.0,38.0,24.0,14.0,15,9.0,STEEL,70.0,50.0,45.0,330.0,350.0,16,18,False,False,130.0,2.0,0.9,1.1,0.9,1.2,1.0,0.9,674.0,52.0,674.0,52.0,0,1,False,0,1.0,68.0,33.0,0,31.8,False,False,False,False,True,9,2.0,False,255.0,0,0,SPOKED,SPOKED,1.0,1.0,80.0,80.0,280.0,720.0,27.0,260.0,1.0
415.0,72.0,620.0,74.0,100.0,45.0,550.0,74.0,645.0,45.0,40.0,25.4,36.5,23.35,13.0,15,9.0,STEEL,65.0,48.0,40.0,330.0,350.0,16,18,False,False,130.0,2.0,0.9,1.1,0.9,1.2,1.0,0.9,674.0,52.0,674.0,52.0,0,2,False,0,1.0,68.0,32.0,0,31.8,False,False,False,False,True,10,2.0,False,255.0,0,0,SPOKED,SPOKED,1.0,1.0,80.0,80.0,275.0,725.0,26.8,245.0,1.0
430.0,65.0,560.0,71.0,130.0,45.0,565.0,73.0,655.0,48.0,40.0,26.0,37.0,23.0,13.0,15,9.0,STEEL,75.0,48.0,42.0,330.0,350.0,16,18,False,False,130.0,2.0,0.9,1.1,0.9,1.2,1.0,0.9,674.0,52.0,674.0,52.0,0,0,False,0,1.0,68.0,34.0,0,31.8,False,False,False,False,True,8,2.0,False,255.0,0,0,SPOKED,SPOKED,1.0,1.0,80.0,80.0,290.0,705.0,28.0,255.0,1.0
410.0,73.0,590.0,73.5,95.0,45.0,545.0,74.5,635.0,46.0,40.0,27.5,39.0,25.0,14.0,15,9.0,STEEL,60.0,48.0,40.0,330.0,350.0,16,18,False,False,130.0,2.0,0.9,1.1,0.9,1.2,1.0,0.9,674.0,52.0,674.0,52.0,0,1,False,0,1.0,68.0,31.8,0,31.8,False,False,False,False,True,11,2.0,False,255.0,0,0,SPOKED,SPOKED,1.0,1.0,80.0,80.0,270.0,730.0,29.0,260.0,1.0
418.0,69.0,605.0,72.5,115.0,50.0,555.0,73.0,665.0,44.0,40.0,25.0,36.0,23.0,13.0,15,9.0,STEEL,68.0,50.0,43.0,330.0,350.0,16,18,False,False,130.0,2.0,0.9,1.1,0.9,1.2,1.0,0.9,674.0,52.0,674.0,52.0,0,2,False,0,1.0,68.0,32.0,0,31.8,False,False,False,False,True,7,2.0,False,255.0,0,0,SPOKED,SPOKED,1.0,1.0,80.0,80.0,285.0,710.0,26.0,240.0,1.0
422.0,67.0,575.0,73.0,108.0,45.0,550.0,74.0,648.0,47.0,40.0,24.0,37.0,23.0,13.0,15,9.0,STEEL,65.0,48.0,42.0,330.0,350.0,16,18,False,False,130.0,2.0,0.9,1.1,0.9,1.2,1.0,0.9,674.0,52.0,674.0,52.0,0,0,False,0,1.0,68.0,34.0,0,31.8,False,False,False,False,True,8,2.0,False,255.0,0,0,SPOKED,SPOKED,1.0,1.0,80.0,80.0,278.0,722.0,27.0,255.0,1.0
415.0,71.0,610.0,74.0,125.0,45.0,565.0,73.0,670.0,45.0,40.0,26.5,37.5,23.5,14.0,15,9.0,STEEL,72.0,48.0,42.0,330.0,350.0,16,18,False,False,130.0,2.0,0.9,1.1,0.9,1.2,1.0,0.9,674.0,52.0,674.0,52.0,0,1,False,0,1.0,68.0,34.0,0,31.8,False,False,False,False,True,9,2.0,False,255.0,0,0,SPOKED,SPOKED,1.0,1.0,80.0,80.0,295.0,715.0,28.0,265.0,1.0
427.0,66.0,595.0,72.0,118.0,48.0,558.0,74.0,642.0,49.0,40.0,27.0,36.8,23.8,13.5,15,9.0,STEEL,69.0,50.0,41.0,330.0,350.0,16,18,False,False,130.0,2.0,0.9,1.1,0.9,1.2,1.0,0.9,674.0,52.0,674.0,52.0,0,0,False,0,1.0,68.0,33.0,0,31.8,False,False,False,False,True,8,2.0,False,255.0,0,0,SPOKED,SPOKED,1.0,1.0,80.0,80.0,272.0,735.0,26.9,255.0,1.0
419.0,70.0,585.0,73.2,112.0,45.0,552.0,74.0,658.0,46.0,40.0,25.8,37.2,23.2,13.2,15,9.0,STEEL,66.0,48.0,40.0,330.0,350.0,16,18,False,False,130.0,2.0,0.9,1.1,0.9,1.2,1.0,0.9,674.0,52.0,674.0,52.0,0,1,False,0,1.0,68.0,33.0,0,31.8,False,False,False,False,True,8,2.0,False,255.0,0,0,SPOKED,SPOKED,1.0,1.0,80.0,80.0,282.0,712.0,27.5,248.0,1.0
430.0,64.0,580.0,74.0,110.0,46.0,560.0,75.0,650.0,46.0,42.0,25.0,36.5,23.5,13.5,14.0,16.0,STEEL,65.0,50.0,41.0,332.0,352.0,16.5,18.5,False,False,130.0,2.0,0.9,1.0,1.0,1.2,1.0,0.9,700.0,30.0,700.0,30.0,0,0,False,0,1.0,70.0,32.0,682.0,27.0,False,False,False,False,True,10,2.0,False,255.0,0,0,SPOKED,SPOKED,1.0,1.0,80.0,80.0,280.0,720.0,27.0,260.0,1.0
410.0,64.0,550.0,74.0,95.0,44.0,540.0,74.5,630.0,48.0,41.5,26.0,36.0,23.0,13.0,14.0,15.0,STEEL,60.0,45.0,40.0,328.0,348.0,16.0,18.0,False,False,130.0,2.2,0.9,1.1,0.9,1.2,1.0,0.9,700.0,25.0,700.0,25.0,0,1,False,0,1.0,70.0,32.0,690.0,27.0,False,False,False,False,True,11,2.0,False,255.0,0,0,SPOKED,SPOKED,1.0,1.0,80.0,80.0,280.0,720.0,27.5,260.0,1.0
435.0,65.0,595.0,73.0,112.0,45.5,558.0,74.0,655.0,46.8,40.5,25.4,36.2,23.2,13.2,13.8,15.2,STEEL,65.5,50.5,42.0,331.0,351.0,16.2,18.2,False,False,130.0,2.0,1.0,1.0,1.0,1.2,1.0,1.0,700.0,30.0,700.0,30.0,0,2,False,0,1.0,70.0,32.5,690.0,27.2,False,True,False,False,True,10,2.0,False,255.0,0,0,SPOKED,SPOKED,1.0,1.0,80.0,80.0,282.0,728.0,27.3,268.0,1.0
435.0,65.0,590.0,73.0,115.0,46.0,570.0,74.0,665.0,47.0,42.0,25.4,36.5,23.35,13.35,13.5,15.5,STEEL,67.0,52.0,42.0,334.0,354.0,16.0,18.0,True,True,130.0,2.0,1.0,1.0,1.0,1.2,1.0,1.0,710.0,32.0,710.0,32.0,0,2,False,0,1.0,70.0,34.0,700.0,28.0,False,False,False,False,True,11,2.0,False,255.0,0,0,SPOKED,SPOKED,1.0,1.0,80.0,80.0,280.0,730.0,27.2,270.0,1.0
420.0,64.0,550.0,74.5,100.0,45.0,560.0,75.5,650.0,46.0,41.0,25.4,36.5,23.0,13.0,14.0,15.0,STEEL,64.0,50.0,41.0,330.0,350.0,16.0,18.0,False,False,130.0,2.2,1.0,1.0,1.0,1.2,1.0,1.0,700.0,30.0,700.0,30.0,0,0,False,0,1.0,70.0,32.0,690.0,27.0,False,False,False,False,True,9,2.0,False,255.0,0,0,SPOKED,SPOKED,1.0,1.0,80.0,80.0,285.0,725.0,27.0,265.0,1.0
430.0,67.0,580.0,72.5,108.0,46.5,565.0,73.5,660.0,46.5,41.0,25.4,36.5,23.35,13.35,13.0,15.0,STEEL,66.0,51.0,42.5,332.0,352.0,16.0,18.0,True,True,130.0,2.0,1.0,1.0,1.0,1.2,1.0,1.0,705.0,31.0,705.0,31.0,0,1,False,0,1.0,70.0,33.0,695.0,27.5,True,True,False,False,True,11,2.0,False,255.0,0,0,SPOKED,SPOKED,1.0,1.0,80.0,80.0,280.0,730.0,27.0,270.0,1.0
415.0,65.0,595.0,73.0,112.0,45.5,558.0,74.0,655.0,46.8,40.5,25.4,36.2,23.2,13.2,13.8,15.2,STEEL,65.5,50.5,42.0,331.0,351.0,16.2,18.2,False,False,130.0,2.0,1.0,1.0,1.0,1.2,1.0,1.0,700.0,30.0,700.0,30.0,0,2,False,0,3.0,70.0,32.5,690.0,27.2,False,True,False,False,True,10,2.0,True,255.0,0,0,SPOKED,SPOKED,1.0,1.0,80.0,80.0,282.0,728.0,27.3,268.0,2.0
425.0,63.0,565.0,75.0,102.0,45.0,545.0,76.0,640.0,46.0,40.0,25.0,36.0,23.0,13.0,14.0,15.0,STEEL,63.0,49.0,39.0,329.0,347.0,16.0,18.0,False,False,130.0,2.0,1.0,1.0,1.0,1.2,1.0,1.0,700.0,29.0,700.0,29.0,0,0,False,0,1.0,70.0,31.0,685.0,26.8,False,False,False,False,True,12,2.0,False,255.0,0,0,SPOKED,SPOKED,1.0,1.0,80.0,80.0,275.0,720.0,27.0,255.0,1.0
430.0,68.0,550.0,71.0,95.0,44.0,560.0,75.0,650.0,47.0,40.0,25.2,36.5,23.4,13.4,13.0,15.2,STEEL,63.2,49.8,40.0,330.0,350.0,16.0,18.0,False,False,135.0,2.1,1.0,1.0,1.0,1.2,1.0,1.0,700.0,30.0,700.0,30.0,0,1,False,0,1.0,70.0,32.0,690.0,27.0,False,False,False,False,True,11,2.0,False,255.0,0,0,SPOKED,SPOKED,1.0,1.0,80.0,80.0,285.0,735.0,27.8,270.0,1.0
425.0,66.0,610.0,72.0,120.0,47.0,580.0,73.0,680.0,47.0,42.0,26.0,36.5,23.35,13.35,14.0,15.0,STEEL,70.0,55.0,45.0,335.0,355.0,16.5,18.5,False,False,130.0,2.0,1.0,1.0,1.0,1.2,1.0,1.0,700.0,28.0,700.0,28.0,0,0,False,0,1.0,70.0,35.0,695.0,28.0,False,False,False,False,True,10,2.0,False,255.0,0,0,SPOKED,SPOKED,1.0,1.0,80.0,80.0,290.0,740.0,28.0,275.0,1.0
420.0,70.0,600.0,73.0,120.0,45.0,550.0,73.0,610.0,45.0,40.0,28.0,40.0,36.0,36.0,13.0,15.0,STEEL,30.0,40.0,40.0,0.0,0.0,16.0,16.0,False,True,130.0,1.0,0.9,1.0,1.1,0.9,0.9,0.9,672.0,50.0,672.0,50.0,0,0,False,0,1.0,68.0,35.0,0.0,33.4,False,False,False,False,True,11,2.0,False,255.0,0,0,SPOKED,SPOKED,0.0,0.0,0.0,0.0,250.0,280.0,40.0,300.0,1.0
415.0,65.0,610.0,74.0,110.0,45.0,555.0,74.0,615.0,50.0,40.0,28.0,38.0,37.0,37.0,12.0,14.0,STEEL,25.0,42.0,38.0,0.0,2.0,0.0,16.0,False,True,130.0,1.0,0.9,1.0,1.1,0.9,0.9,0.9,672.0,50.0,672.0,50.0,0,0,False,0,1.0,68.0,34.0,0.0,34.0,False,False,False,False,True,11,2.0,False,255.0,0,0,SPOKED,SPOKED,0.0,0.0,0.0,0.0,252.0,290.0,38.0,310.0,1.0
425.0,72.0,590.0,72.0,130.0,45.0,545.0,72.0,605.0,47.0,40.0,28.0,42.0,36.0,38.0,14.0,16.0,STEEL,35.0,38.0,42.0,0.0,0.0,0.0,0.0,False,False,130.0,1.0,0.9,1.0,1.1,0.9,0.9,0.9,672.0,50.0,672.0,50.0,0,1,False,0,1.0,68.0,36.0,0.0,33.4,False,False,False,False,True,11,2.0,False,255.0,0,0,SPOKED,SPOKED,0.0,0.0,0.0,0.0,250.0,275.0,42.0,290.0,1.0
418.0,68.0,605.0,73.0,115.0,45.0,555.0,73.0,615.0,45.0,40.0,30.0,42.0,36.0,36.0,13.0,15.0,STEEL,32.0,40.0,40.0,330.0,350.0,16.0,16.0,True,True,130.0,1.0,0.9,1.0,1.1,0.9,0.9,0.9,672.0,50.0,672.0,50.0,0,0,False,0,1.0,68.0,35.0,0.0,33.4,False,False,False,False,True,11,2.0,False,255.0,0,0,SPOKED,SPOKED,0.0,0.0,0.0,0.0,260.0,280.0,40.0,305.0,1.0
412.0,69.0,598.0,74.0,125.0,45.0,548.0,74.0,608.0,48.0,40.0,28.0,41.0,36.0,37.0,13.5,15.5,STEEL,33.0,39.0,39.0,0.0,0.0,0.0,0.0,False,False,130.0,1.0,0.9,1.0,1.1,0.9,0.9,0.9,672.0,50.0,672.0,50.0,0,2,False,0,1.0,68.0,34.5,0.0,33.4,False,False,False,False,True,11,2.0,False,255.0,0,0,SPOKED,SPOKED,0.0,0.0,0.0,0.0,255.0,290.0,41.0,295.0,1.0
430.0,68.0,610.0,73.0,110.0,45.0,560.0,73.0,620.0,44.0,40.0,28.0,42.0,36.0,36.0,12.0,16.0,STEEL,30.0,42.0,40.0,0.0,2.0,0.0,16.0,False,True,130.0,1.0,0.9,1.0,1.1,0.9,0.9,0.9,672.0,50.0,672.0,50.0,0,0,False,0,1.0,68.0,35.0,0.0,33.4,False,False,False,False,True,11,2.0,False,255.0,0,0,SPOKED,SPOKED,0.0,0.0,0.0,0.0,265.0,285.0,42.0,300.0,1.0
420.0,71.0,605.0,72.0,120.0,45.0,550.0,72.0,615.0,46.0,40.0,28.0,42.0,36.0,36.0,14.0,15.0,STEEL,34.0,40.0,38.0,330.0,350.0,16.0,16.0,True,True,130.0,1.0,0.9,1.0,1.1,0.9,0.9,0.9,672.0,50.0,672.0,50.0,0,1,False,0,1.0,68.0,35.0,0.0,33.4,False,False,False,False,True,11,2.0,False,255.0,0,0,SPOKED,SPOKED,0.0,0.0,0.0,0.0,248.0,278.0,42.0,315.0,1.0
410.0,67.0,595.0,75.0,118.0,45.0,560.0,75.0,605.0,47.0,40.0,28.0,42.0,36.0,36.0,13.0,14.0,STEEL,31.0,41.0,39.0,0.0,0.0,0.0,0.0,False,False,130.0,1.0,0.9,1.0,1.1,0.9,0.9,0.9,672.0,50.0,672.0,50.0,0,0,False,0,1.0,68.0,36.0,0.0,33.4,False,False,False,False,True,11,2.0,False,255.0,0,0,SPOKED,SPOKED,0.0,0.0,0.0,0.0,260.0,280.0,42.0,305.0,1.0
430.0,66.0,600.0,73.0,122.0,45.0,558.0,73.0,612.0,49.0,40.0,28.0,42.0,36.0,36.0,15.0,15.0,STEEL,32.0,42.0,41.0,330.0,350.0,16.0,16.0,True,False,130.0,1.0,0.9,1.0,1.1,0.9,0.9,0.9,672.0,50.0,672.0,50.0,0,1,False,0,1.0,68.0,35.0,0.0,33.4,False,False,False,False,True,11,2.0,False,255.0,0,0,SPOKED,SPOKED,0.0,0.0,0.0,0.0,254.0,288.0,42.0,298.0,1.0
418.0,70.0,605.0,74.0,119.0,45.0,553.0,74.0,608.0,45.0,40.0,28.0,42.0,36.0,36.0,13.0,14.0,STEEL,33.0,39.0,40.0,0.0,0.0,0.0,0.0,False,False,130.0,1.0,0.9,1.0,1.1,0.9,0.9,0.9,672.0,50.0,672.0,50.0,0,0,False,0,1.0,68.0,35.0,0.0,33.4,False,False,False,False,True,11,2.0,False,255.0,0,0,SPOKED,SPOKED,0.0,0.0,0.0,0.0,260.0,280.0,42.0,300.0,1.0
425.0,70.0,590.0,73.0,110.0,45.0,540.0,73.0,550.0,45.0,40.0,28.6,36.5,23.35,23.35,13.0,15.0,STEEL,30.0,45.0,40.0,330.0,330.0,16.0,16.0,False,False,130.0,2.0,0.9,1.1,0.9,1.2,1.0,0.9,680.0,28.0,680.0,28.0,0,0,False,0,1.0,68.0,34.9,692.0,31.8,False,True,False,False,True,11,2.0,False,255.0,0,0,SPOKED,SPOKED,1.0,1.0,80.0,80.0,250.0,290.0,36.5,300.0,1.0
430.0,70.0,590.0,73.0,120.0,45.0,545.0,73.5,555.0,45.0,40.0,28.6,36.5,23.35,23.35,13.0,15.0,STEEL,32.0,48.0,38.0,330.0,330.0,16.0,16.0,False,False,130.0,2.0,0.9,1.1,0.9,1.2,1.0,0.9,680.0,28.0,680.0,28.0,0,0,False,0,1.0,68.0,34.9,692.0,31.8,False,True,False,False,True,11,2.0,False,255.0,0,0,SPOKED,SPOKED,1.0,1.0,80.0,80.0,250.0,290.0,36.5,300.0,1.0
420.0,70.0,590.0,73.0,130.0,45.0,535.0,72.5,545.0,45.0,40.0,28.6,36.5,23.35,23.35,13.0,15.0,STEEL,35.0,50.0,42.0,330.0,330.0,16.0,16.0,False,False,130.0,2.0,0.9,1.1,0.9,1.2,1.0,0.9,680.0,28.0,680.0,28.0,0,0,False,0,1.0,68.0,34.9,692.0,31.8,False,True,False,False,True,11,2.0,False,255.0,0,0,SPOKED,SPOKED,1.0,1.0,80.0,80.0,250.0,290.0,36.5,300.0,1.0
415.0,70.0,590.0,73.0,100.0,45.0,550.0,74.0,560.0,45.0,40.0,28.6,36.5,23.35,23.35,13.0,15.0,STEEL,28.0,47.0,36.0,330.0,330.0,16.0,16.0,False,False,130.0,2.0,0.9,1.1,0.9,1.2,1.0,0.9,680.0,28.0,680.0,28.0,0,0,False,0,1.0,68.0,34.9,692.0,31.8,False,True,False,False,True,11,2.0,False,255.0,0,0,SPOKED,SPOKED,1.0,1.0,80.0,80.0,250.0,290.0,36.5,300.0,1.0
435.0,70.0,590.0,73.0,140.0,45.0,530.0,73.0,540.0,45.0,40.0,28.6,36.5,23.35,23.35,13.0,15.0,STEEL,40.0,55.0,45.0,330.0,330.0,16.0,16.0,False,False,130.0,2.0,0.9,1.1,0.9,1.2,1.0,0.9,680.0,28.0,680.0,28.0,0,0,False,0,1.0,68.0,34.9,692.0,31.8,False,True,False,False,True,11,2.0,False,255.0,0,0,SPOKED,SPOKED,1.0,1.0,80.0,80.0,250.0,290.0,36.5,300.0,1.0
440.0,70.0,590.0,73.0,115.0,45.0,540.0,73.5,550.0,45.0,40.0,28.6,36.5,23.35,23.35,13.0,15.0,STEEL,33.0,46.0,39.0,330.0,330.0,16.0,16.0,False,False,130.0,2.0,0.9,1.1,0.9,1.2,1.0,0.9,680.0,28.0,680.0,28.0,0,0,False,0,1.0,68.0,34.9,692.0,31.8,False,True,False,False,True,11,2.0,False,255.0,0,0,SPOKED,SPOKED,1.0,1.0,80.0,80.0,250.0,290.0,36.5,300.0,1.0
425.0,70.0,590.0,73.0,125.0,45.0,545.0,74.5,555.0,45.0,40.0,28.6,36.5,23.35,23.35,13.0,15.0,STEEL,31.0,52.0,37.0,330.0,330.0,16.0,16.0,False,False,130.0,2.0,0.9,1.1,0.9,1.2,1.0,0.9,680.0,28.0,680.0,28.0,0,0,False,0,1.0,68.0,34.9,692.0,31.8,False,True,False,False,True,11,2.0,False,255.0,0,0,SPOKED,SPOKED,1.0,1.0,80.0,80.0,250.0,290.0,36.5,300.0,1.0
430.0,70.0,590.0,73.0,105.0,45.0,535.0,72.0,545.0,45.0,40.0,28.6,36.5,23.35,23.35,13.0,15.0,STEEL,29.0,49.0,41.0,330.0,330.0,16.0,16.0,False,False,130.0,2.0,0.9,1.1,0.9,1.2,1.0,0.9,680.0,28.0,680.0,28.0,0,0,False,0,1.0,68.0,34.9,692.0,31.8,False,True,False,False,True,11,2.0,False,255.0,0,0,SPOKED,SPOKED,1.0,1.0,80.0,80.0,250.0,290.0,36.5,300.0,1.0
420.0,70.0,590.0,73.0,135.0,45.0,550.0,73.0,560.0,45.0,40.0,28.6,36.5,23.35,23.35,13.0,15.0,STEEL,36.0,54.0,44.0,330.0,330.0,16.0,16.0,False,False,130.0,2.0,0.9,1.1,0.9,1.2,1.0,0.9,680.0,28.0,680.0,28.0,0,0,False,0,1.0,68.0,34.9,692.0,31.8,False,True,False,False,True,11,2.0,False,255.0,0,0,SPOKED,SPOKED,1.0,1.0,80.0,80.0,250.0,290.0,36.5,300.0,1.0
415.0,70.0,590.0,73.0,145.0,45.0,530.0,72.5,540.0,45.0,40.0,28.6,36.5,23.35,23.35,13.0,15.0,STEEL,34.0,51.0,43.0,330.0,330.0,16.0,16.0,False,False,130.0,2.0,0.9,1.1,0.9,1.2,1.0,0.9,680.0,28.0,680.0,28.0,0,0,False,0,1.0,68.0,34.9,692.0,31.8,False,True,False,False,True,11,2.0,False,255.0,0,0,SPOKED,SPOKED,1.0,1.0,80.0,80.0,250.0,290.0,36.5,300.0,1.0
415.0,65.0,580.0,73.0,120.0,45.0,550.0,74.0,645.0,45.0,40.0,30.0,35.0,25.0,23.0,15.0,15.0,STEEL,35.0,48.0,40.0,330.0,350.0,16.0,18.0,False,False,130.0,2.0,0.9,1.1,0.9,1.2,1.0,0.9,674.0,52.0,674.0,52.0,0,0,False,0,1.0,68.0,31.8,692.0,26.8,False,False,False,False,True,11,2.0,False,255.0,0,0,SPOKED,SPOKED,0.0,0.0,80.0,80.0,280.0,800.0,35.0,350.0,1.0
420.0,65.0,585.0,73.5,125.0,45.0,555.0,74.5,650.0,45.0,40.0,30.0,35.0,25.0,23.0,15.0,15.0,STEEL,40.0,50.0,42.0,330.0,350.0,16.0,18.0,False,False,130.0,2.0,0.9,1.1,0.9,1.2,1.0,0.9,674.0,52.0,674.0,52.0,0,0,False,0,1.0,68.0,31.8,692.0,26.8,False,False,False,False,True,11,2.0,False,255.0,0,0,SPOKED,SPOKED,0.0,0.0,80.0,80.0,280.0,800.0,35.0,350.0,1.0
425.0,65.0,590.0,74.0,130.0,45.0,560.0,75.0,655.0,45.0,40.0,30.0,35.0,25.0,23.0,15.0,15.0,STEEL,45.0,52.0,44.0,330.0,350.0,16.0,18.0,False,False,130.0,2.0,0.9,1.1,0.9,1.2,1.0,0.9,674.0,52.0,674.0,52.0,0,0,False,0,1.0,68.0,31.8,692.0,26.8,False,False,False,False,True,11,2.0,False,255.0,0,0,SPOKED,SPOKED,0.0,0.0,80.0,80.0,280.0,800.0,35.0,350.0,1.0
430.0,65.0,595.0,74.5,135.0,45.0,565.0,74.0,660.0,45.0,40.0,30.0,35.0,25.0,23.0,15.0,15.0,STEEL,50.0,54.0,46.0,330.0,350.0,16.0,18.0,False,False,130.0,2.0,0.9,1.1,0.9,1.2,1.0,0.9,674.0,52.0,674.0,52.0,0,0,False,0,1.0,68.0,31.8,692.0,26.8,False,False,False,False,True,11,2.0,False,255.0,0,0,SPOKED,SPOKED,0.0,0.0,80.0,80.0,280.0,800.0,35.0,350.0,1.0
435.0,65.0,600.0,75.0,140.0,45.0,570.0,74.5,665.0,45.0,40.0,30.0,35.0,25.0,23.0,15.0,15.0,STEEL,55.0,56.0,48.0,330.0,350.0,16.0,18.0,False,False,130.0,2.0,0.9,1.1,0.9,1.2,1.0,0.9,674.0,52.0,674.0,52.0,0,0,False,0,1.0,68.0,31.8,692.0,26.8,False,False,False,False,True,11,2.0,False,255.0,0,0,SPOKED,SPOKED,0.0,0.0,80.0,80.0,280.0,800.0,35.0,350.0,1.0
440.0,65.0,605.0,73.0,145.0,45.0,575.0,75.0,670.0,45.0,40.0,30.0,35.0,25.0,23.0,15.0,15.0,STEEL,35.0,58.0,40.0,330.0,350.0,16.0,18.0,False,False,130.0,2.0,0.9,1.1,0.9,1.2,1.0,0.9,674.0,52.0,674.0,52.0,0,0,False,0,1.0,68.0,31.8,692.0,26.8,False,False,False,False,True,11,2.0,False,255.0,0,0,SPOKED,SPOKED,0.0,0.0,80.0,80.0,280.0,800.0,35.0,350.0,1.0
445.0,65.0,610.0,74.0,150.0,45.0,580.0,74.0,675.0,45.0,40.0,30.0,35.0,25.0,23.0,15.0,15.0,STEEL,40.0,60.0,42.0,330.0,350.0,16.0,18.0,False,False,130.0,2.0,0.9,1.1,0.9,1.2,1.0,0.9,674.0,52.0,674.0,52.0,0,0,False,0,1.0,68.0,31.8,692.0,26.8,False,False,False,False,True,11,2.0,False,255.0,0,0,SPOKED,SPOKED,0.0,0.0,80.0,80.0,280.0,800.0,35.0,350.0,1.0
450.0,65.0,615.0,74.5,155.0,45.0,585.0,74.5,680.0,45.0,40.0,30.0,35.0,25.0,23.0,15.0,15.0,STEEL,45.0,62.0,44.0,330.0,350.0,16.0,18.0,False,False,130.0,2.0,0.9,1.1,0.9,1.2,1.0,0.9,674.0,52.0,674.0,52.0,0,0,False,0,1.0,68.0,31.8,692.0,26.8,False,False,False,False,True,11,2.0,False,255.0,0,0,SPOKED,SPOKED,0.0,0.0,80.0,80.0,280.0,800.0,35.0,350.0,1.0
455.0,65.0,620.0,75.0,160.0,45.0,590.0,75.0,685.0,45.0,40.0,30.0,35.0,25.0,23.0,15.0,15.0,STEEL,50.0,64.0,46.0,330.0,350.0,16.0,18.0,False,False,130.0,2.0,0.9,1.1,0.9,1.2,1.0,0.9,674.0,52.0,674.0,52.0,0,0,False,0,1.0,68.0,31.8,692.0,26.8,False,False,False,False,True,11,2.0,False,255.0,0,0,SPOKED,SPOKED,0.0,0.0,80.0,80.0,280.0,800.0,35.0,350.0,1.0
460.0,65.0,625.0,73.5,165.0,45.0,595.0,74.0,690.0,45.0,40.0,30.0,35.0,25.0,23.0,15.0,15.0,STEEL,55.0,66.0,48.0,330.0,350.0,16.0,18.0,False,False,130.0,2.0,0.9,1.1,0.9,1.2,1.0,0.9,674.0,52.0,674.0,52.0,0,0,False,0,1.0,68.0,31.8,692.0,26.8,False,False,False,False,True,11,2.0,False,255.0,0,0,SPOKED,SPOKED,0.0,0.0,80.0,80.0,280.0,800.0,35.0,350.0,1.0
425.0,66.0,600.0,73.0,150.0,45.0,550.0,73.5,660.0,47.0,40.0,30.0,36.5,23.35,23.35,13.0,15.0,STEEL,60.0,45.0,40.0,0.0,0.0,16.0,18.0,False,False,130.0,2.0,0.9,1.1,0.9,1.2,1.0,0.9,674.0,52.0,674.0,52.0,0,0,False,0,1.0,68.0,31.8,0.0,31.8,False,False,False,False,True,11,2.0,False,255.0,0,0,SPOKED,SPOKED,1.0,1.0,1.0,1.0,275.0,830.0,36.5,350.0,1.0
430.0,66.0,605.0,72.5,160.0,45.0,555.0,74.0,655.0,47.0,40.0,30.0,36.5,23.35,23.35,13.0,15.0,STEEL,65.0,48.0,42.0,330.0,350.0,16.0,18.0,True,True,130.0,2.0,1.0,1.2,1.0,1.3,1.1,1.0,674.0,52.0,674.0,52.0,0,1,False,0,3.0,68.0,31.8,0.0,31.8,False,False,False,False,True,11,2.0,False,255.0,0,0,SPOKED,SPOKED,1.0,1.0,1.0,1.0,275.0,830.0,36.5,350.0,1.0
420.0,66.0,590.0,74.0,140.0,45.0,560.0,73.0,650.0,47.0,40.0,30.0,36.5,23.35,23.35,13.0,15.0,STEEL,55.0,50.0,45.0,0.0,0.0,16.0,18.0,False,False,130.0,2.0,0.9,1.1,0.9,1.2,1.0,0.9,674.0,52.0,674.0,52.0,0,2,False,0,1.0,68.0,31.8,0.0,31.8,False,False,False,False,True,11,2.0,False,255.0,0,0,SPOKED,SPOKED,1.0,1.0,1.0,1.0,275.0,830.0,36.5,350.0,1.0
440.0,66.0,615.0,72.0,170.0,45.0,560.0,74.0,670.0,47.0,40.0,30.0,36.5,23.35,23.35,13.0,15.0,STEEL,65.0,48.0,42.0,0.0,0.0,16.0,18.0,False,False,130.0,2.0,0.9,1.1,0.9,1.2,1.0,0.9,674.0,52.0,674.0,52.0,0,2,False,0,3.0,68.0,31.8,0.0,31.8,False,False,False,False,True,11,2.0,False,255.0,0,0,SPOKED,SPOKED,1.0,1.0,1.0,1.0,275.0,830.0,36.5,350.0,1.0
430.0,66.0,610.0,73.2,155.0,45.0,555.0,73.8,660.0,47.0,40.0,30.0,36.5,23.35,23.35,13.0,15.0,STEEL,62.0,46.0,41.0,0.0,0.0,16.0,18.0,False,False,130.0,2.0,0.9,1.1,0.9,1.2,1.0,0.9,674.0,52.0,674.0,52.0,0,1,False,0,1.0,68.0,31.8,0.0,31.8,False,False,False,False,True,11,2.0,False,255.0,0,0,SPOKED,SPOKED,1.0,1.0,1.0,1.0,275.0,830.0,36.5,350.0,1.0
435.0,66.0,595.0,73.7,145.0,45.0,548.0,72.9,665.0,47.0,40.0,30.0,36.5,23.35,23.35,13.0,15.0,STEEL,58.0,44.0,39.0,0.0,0.0,16.0,18.0,False,False,130.0,2.0,0.9,1.1,0.9,1.2,1.0,0.9,674.0,52.0,674.0,52.0,0,0,False,0,1.0,68.0,31.8,0.0,31.8,False,False,False,False,True,11,2.0,False,255.0,0,0,SPOKED,SPOKED,1.0,1.0,1.0,1.0,275.0,830.0,36.5,350.0,1.0
428.0,66.0,607.0,72.8,165.0,45.0,552.0,73.3,658.0,47.0,40.0,30.0,36.5,23.35,23.35,13.0,15.0,STEEL,64.0,47.0,43.0,0.0,0.0,16.0,18.0,False,False,130.0,2.0,0.9,1.1,0.9,1.2,1.0,0.9,674.0,52.0,674.0,52.0,0,1,False,0,1.0,68.0,31.8,0.0,31.8,False,False,False,False,True,11,2.0,False,255.0,0,0,SPOKED,SPOKED,1.0,1.0,1.0,1.0,275.0,830.0,36.5,350.0,1.0
422.0,66.0,600.0,73.5,150.0,45.0,558.0,73.5,652.0,47.0,40.0,30.0,36.5,23.35,23.35,13.0,15.0,STEEL,60.0,45.0,40.0,0.0,0.0,16.0,18.0,False,False,130.0,2.0,0.9,1.1,0.9,1.2,1.0,0.9,674.0,52.0,674.0,52.0,0,2,False,0,2.0,68.0,31.8,0.0,31.8,False,False,False,False,True,11,2.0,False,255.0,0,0,SPOKED,SPOKED,1.0,1.0,1.0,1.0,275.0,830.0,36.5,350.0,1.0
437.0,66.0,605.0,72.3,160.0,45.0,545.0,74.0,667.0,47.0,40.0,30.0,36.5,23.35,23.35,13.0,15.0,STEEL,63.0,46.0,42.0,0.0,0.0,16.0,18.0,False,False,130.0,2.0,0.9,1.1,0.9,1.2,1.0,0.9,674.0,52.0,674.0,52.0,0,1,False,0,1.0,68.0,31.8,0.0,31.8,False,False,False,False,True,11,2.0,False,255.0,0,0,SPOKED,SPOKED,1.0,1.0,1.0,1.0,275.0,830.0,36.5,350.0,1.0
432.0,66.0,598.0,73.8,152.0,45.0,557.0,73.0,659.0,47.0,40.0,30.0,36.5,23.35,23.35,13.0,15.0,STEEL,59.0,45.0,41.0,0.0,0.0,16.0,18.0,False,False,130.0,2.0,0.9,1.1,0.9,1.2,1.0,0.9,674.0,52.0,674.0,52.0,0,0,False,0,1.0,68.0,31.8,0.0,31.8,False,False,False,False,True,11,2.0,False,255.0,0,0,SPOKED,SPOKED,1.0,1.0,1.0,1.0,275.0,830.0,36.5,350.0,1.0
420.0,70.0,580.0,73.0,130.0,45.0,550.0,73.0,650.0,45.0,40.0,25.4,35.0,23.0,23.0,13.0,15.0,STEEL,35.0,60.0,45.0,0.0,0.0,0,0,False,False,130.0,2.0,0.9,1.1,0.9,1.2,1.0,0.9,675.0,52.0,675.0,52.0,0,0,False,0,1.0,68.0,40.0,30,31.8,True,True,False,False,True,11,2.0,False,255.0,0,0,DISC,SPOKED,0.0,0.0,0.0,0.0,250.0,800.0,35.0,350.0,1.0
430.0,68.0,590.0,72.5,120.0,50.0,560.0,72.5,660.0,42.0,40.0,25.0,34.0,23.0,23.5,12.0,16.0,STEEL,30.0,55.0,40.0,0.0,0.0,0,0,False,False,130.0,2.0,0.9,1.1,0.9,1.2,1.0,0.9,680.0,48.0,680.0,48.0,0,1,False,0,1.0,70.0,42.0,35,32.0,True,True,False,False,True,11,2.0,False,255.0,0,0,DISC,SPOKED,0.0,0.0,0.0,0.0,255.0,810.0,34.0,360.0,1.0
415.0,72.0,600.0,73.5,140.0,47.0,540.0,73.5,640.0,48.0,40.0,26.0,36.0,24.0,22.0,14.0,14.0,STEEL,38.0,65.0,55.0,0.0,0.0,0,0,False,False,130.0,2.0,0.9,1.1,0.9,1.2,1.0,0.9,670.0,50.0,670.0,50.0,0,0,False,0,1.0,66.0,41.0,28,30.0,True,True,False,False,True,11,2.0,False,255.0,0,0,DISC,SPOKED,0.0,0.0,0.0,0.0,260.0,790.0,36.0,340.0,1.0
440.0,65.0,570.0,72.0,150.0,42.0,580.0,72.5,670.0,44.0,40.0,25.4,34.5,23.0,23.0,13.0,15.0,STEEL,33.0,50.0,60.0,0.0,0.0,0,0,False,False,130.0,2.0,0.9,1.1,0.9,1.2,1.0,0.9,678.0,52.0,678.0,52.0,0,0,False,0,1.0,69.0,43.0,32,33.0,True,True,False,False,True,11,2.0,False,255.0,0,0,DISC,SPOKED,0.0,0.0,0.0,0.0,245.0,820.0,34.5,360.0,1.0
425.0,75.0,610.0,74.0,125.0,49.0,565.0,74.0,655.0,46.0,40.0,25.0,35.5,23.5,22.5,13.0,15.0,STEEL,32.0,70.0,50.0,0.0,0.0,0,0,False,False,130.0,2.0,0.9,1.1,0.9,1.2,1.0,0.9,680.0,50.0,680.0,50.0,0,0,False,0,1.0,68.0,40.0,30,32.0,True,True,False,False,True,11,2.0,False,255.0,0,0,DISC,SPOKED,0.0,0.0,0.0,0.0,255.0,830.0,35.5,370.0,1.0
435.0,68.0,595.0,73.0,135.0,46.0,555.0,73.0,660.0,47.0,40.0,25.4,35.0,23.0,23.0,13.5,15.0,STEEL,36.0,62.0,46.0,0.0,0.0,0,0,False,False,130.0,2.0,0.9,1.1,0.9,1.2,1.0,0.9,675.0,52.0,675.0,52.0,0,0,False,0,1.0,67.0,42.0,29,31.0,True,True,False,False,True,11,2.0,False,255.0,0,0,DISC,SPOKED,0.0,0.0,0.0,0.0,250.0,805.0,35.0,355.0,1.0
445.0,70.0,585.0,73.2,145.0,44.0,545.0,73.2,645.0,43.0,40.0,25.2,35.2,23.2,23.2,12.5,16.0,STEEL,34.0,58.0,44.0,0.0,0.0,0,0,False,False,130.0,2.0,0.9,1.1,0.9,1.2,1.0,0.9,678.0,51.0,678.0,51.0,0,0,False,0,1.0,68.0,41.0,31,32.5,True,True,False,False,True,11,2.0,False,255.0,0,0,DISC,SPOKED,0.0,0.0,0.0,0.0,240.0,795.0,35.2,345.0,1.0
410.0,67.0,620.0,72.8,155.0,43.0,575.0,72.8,680.0,49.0,40.0,26.0,36.0,24.0,22.0,14.0,14.5,STEEL,40.0,75.0,55.0,0.0,0.0,0,0,False,False,130.0,2.0,0.9,1.1,0.9,1.2,1.0,0.9,682.0,53.0,682.0,53.0,0,0,False,0,1.0,68.0,44.0,34,33.0,True,True,False,False,True,11,2.0,False,255.0,0,0,DISC,SPOKED,0.0,0.0,0.0,0.0,265.0,840.0,36.0,380.0,1.0
450.0,69.0,565.0,73.7,110.0,52.0,530.0,73.7,630.0,41.0,40.0,25.0,34.0,23.0,23.0,13.0,15.0,STEEL,31.0,45.0,50.0,0.0,0.0,0,0,False,False,130.0,2.0,0.9,1.1,0.9,1.2,1.0,0.9,670.0,50.0,670.0,50.0,0,0,False,0,1.0,68.0,39.0,27,30.0,True,True,False,False,True,11,2.0,False,255.0,0,0,DISC,SPOKED,0.0,0.0,0.0,0.0,250.0,780.0,34.0,330.0,1.0
455.0,66.0,605.0,72.3,140.0,48.0,560.0,72.3,660.0,45.0,40.0,25.6,35.6,23.6,23.6,13.0,15.0,STEEL,37.0,68.0,48.0,0.0,0.0,0,0,False,False,130.0,2.0,0.9,1.1,0.9,1.2,1.0,0.9,679.0,52.0,679.0,52.0,0,1,False,0,1.0,70.0,42.0,30,32.0,True,True,False,False,True,11,2.0,False,255.0,0,0,DISC,SPOKED,0.0,0.0,0.0,0.0,248.0,815.0,35.6,365.0,1.0
425.0,66.0,575.0,73.0,105.2,45.0,555.0,74.0,645.0,47.0,40.0,25.4,33.6,23.35,23.35,13.0,15.0,STEEL,63.1,48.0,40.0,330.0,350.0,16.0,18.0,False,False,130.0,2.0,0.9,1.1,0.9,1.2,1.0,0.9,674.0,52.0,674.0,52.0,0,0,False,0,1.0,68.0,31.8,692.0,26.8,False,False,False,False,True,9,2.0,False,255.0,0,0,SPOKED,SPOKED,1.0,1.0,80.0,80.0,278.0,820.0,34.9,300.0,1.0
430.0,64.0,580.0,74.0,115.0,50.0,560.0,75.0,660.0,48.0,40.0,26.0,33.0,24.0,24.0,13.0,15.0,STEEL,70.0,50.0,45.0,330.0,350.0,16.0,18.0,False,False,130.0,2.0,0.9,1.1,0.9,1.2,1.0,0.9,674.0,52.0,674.0,52.0,0,0,False,0,1.0,68.0,31.8,692.0,26.8,False,False,False,False,True,9,2.0,False,255.0,0,0,SPOKED,SPOKED,1.0,1.0,80.0,80.0,278.0,830.0,34.9,300.0,1.0
420.0,68.0,590.0,72.0,100.0,43.0,550.0,73.0,630.0,46.0,40.0,25.0,34.0,23.0,22.0,13.0,15.0,STEEL,60.0,45.0,50.0,330.0,350.0,16.0,18.0,False,False,130.0,2.0,0.9,1.1,0.9,1.2,1.0,0.9,674.0,52.0,674.0,52.0,0,0,False,0,1.0,68.0,31.8,692.0,26.8,False,False,False,False,True,9,2.0,False,255.0,0,0,SPOKED,SPOKED,1.0,1.0,80.0,80.0,278.0,810.0,34.9,300.0,1.0
428.0,65.0,565.0,73.0,120.0,47.0,548.0,74.5,652.0,47.0,40.0,25.5,33.5,23.5,23.5,13.0,15.0,STEEL,65.0,47.0,42.0,330.0,350.0,16.0,18.0,False,False,130.0,2.0,0.9,1.1,0.9,1.2,1.0,0.9,674.0,52.0,674.0,52.0,0,0,False,0,1.0,68.0,31.8,692.0,26.8,False,False,False,False,True,9,2.0,False,255.0,0,0,SPOKED,SPOKED,1.0,1.0,80.0,80.0,278.0,825.0,34.9,300.0,1.0
422.0,63.0,575.0,72.5,110.0,46.0,555.0,74.0,645.0,45.0,40.0,25.0,33.0,23.0,23.0,13.0,15.0,STEEL,63.0,49.0,44.0,330.0,350.0,16.0,18.0,False,False,130.0,2.0,0.9,1.1,0.9,1.2,1.0,0.9,674.0,52.0,674.0,52.0,0,0,False,0,1.0,68.0,31.8,692.0,26.8,False,False,False,False,True,9,2.0,False,255.0,0,0,SPOKED,SPOKED,1.0,1.0,80.0,80.0,278.0,815.0,34.9,300.0,1.0
435.0,62.0,585.0,71.0,130.0,52.0,565.0,73.0,655.0,49.0,40.0,26.0,34.0,24.0,23.0,13.0,15.0,STEEL,68.0,52.0,48.0,330.0,350.0,16.0,18.0,False,False,130.0,2.0,0.9,1.1,0.9,1.2,1.0,0.9,674.0,52.0,674.0,52.0,0,0,False,0,1.0,68.0,31.8,692.0,26.8,False,False,False,False,True,9,2.0,False,255.0,0,0,SPOKED,SPOKED,1.0,1.0,80.0,80.0,278.0,829.0,34.9,300.0,1.0
418.0,67.0,572.0,73.5,105.0,44.0,548.0,74.0,640.0,46.0,40.0,25.2,33.8,23.2,23.8,13.0,15.0,STEEL,62.0,46.0,41.0,330.0,350.0,16.0,18.0,False,False,130.0,2.0,0.9,1.1,0.9,1.2,1.0,0.9,674.0,52.0,674.0,52.0,0,0,False,0,1.0,68.0,31.8,692.0,26.8,False,False,False,False,True,9,2.0,False,255.0,0,0,SPOKED,SPOKED,1.0,1.0,80.0,80.0,278.0,818.0,34.9,300.0,1.0
432.0,66.0,578.0,74.5,108.0,49.0,560.0,73.5,650.0,48.0,40.0,25.0,33.6,23.0,23.4,13.0,15.0,STEEL,67.0,50.0,43.0,330.0,350.0,16.0,18.0,False,False,130.0,2.0,0.9,1.1,0.9,1.2,1.0,0.9,674.0,52.0,674.0,52.0,0,0,False,0,1.0,68.0,31.8,692.0,26.8,False,False,False,False,True,9,2.0,False,255.0,0,0,SPOKED,SPOKED,1.0,1.0,80.0,80.0,278.0,822.0,34.9,300.0,1.0
426.0,64.0,597.0,72.0,112.0,45.0,552.0,73.8,638.0,47.0,40.0,25.3,33.7,23.3,23.3,13.0,15.0,STEEL,64.0,48.0,46.0,330.0,350.0,16.0,18.0,False,False,130.0,2.0,0.9,1.1,0.9,1.2,1.0,0.9,674.0,52.0,674.0,52.0,0,0,False,0,1.0,68.0,31.8,692.0,26.8,False,False,False,False,True,9,2.0,False,255.0,0,0,SPOKED,SPOKED,1.0,1.0,80.0,80.0,278.0,830.0,34.9,300.0,1.0
419.0,69.0,582.0,73.0,102.0,46.0,558.0,74.2,648.0,46.0,40.0,25.0,33.0,23.0,23.0,13.0,15.0,STEEL,61.0,49.0,44.0,330.0,350.0,16.0,18.0,False,False,130.0,2.0,0.9,1.1,0.9,1.2,1.0,0.9,674.0,52.0,674.0,52.0,0,0,False,0,1.0,68.0,31.8,692.0,26.8,False,False,False,False,True,9,2.0,False,255.0,0,0,SPOKED,SPOKED,1.0,1.0,80.0,80.0,278.0,816.0,34.9,300.0,1.0
420.0,70.0,600.0,73.0,120.0,45.0,550.0,73.5,650.0,47.0,45.0,25.4,36.5,23.35,13.0,15.0,9.0,STEEL,60.0,50.0,40.0,330.0,350.0,16.0,18.0,False,False,130.0,2.0,0.9,1.1,0.9,1.2,1.0,0.9,700.0,50.0,700.0,50.0,0,0,False,0,1.0,68.0,35.0,692.0,31.8,False,False,False,False,True,11,2.0,False,255.0,0,0,SPOKED,SPOKED,1.0,1.0,80.0,80.0,280.0,720.0,34.0,300.0,2.0
415.0,68.0,610.0,74.0,130.0,45.0,545.0,73.0,660.0,46.0,45.0,25.4,36.5,23.35,13.0,15.0,9.0,STEEL,65.0,45.0,45.0,330.0,350.0,16.0,18.0,False,False,130.0,2.0,0.9,1.1,0.9,1.2,1.0,0.9,700.0,50.0,700.0,50.0,0,0,False,0,1.0,68.0,35.0,692.0,31.8,False,False,False,False,True,11,2.0,False,255.0,0,0,SPOKED,SPOKED,1.0,1.0,80.0,80.0,280.0,730.0,33.0,310.0,2.0
430.0,72.0,590.0,72.0,110.0,45.0,560.0,74.0,640.0,48.0,45.0,25.4,36.5,23.35,13.0,15.0,9.0,STEEL,55.0,55.0,35.0,330.0,350.0,16.0,18.0,False,False,130.0,2.0,0.9,1.1,0.9,1.2,1.0,0.9,700.0,50.0,700.0,50.0,0,0,False,0,1.0,68.0,35.0,692.0,31.8,False,False,False,False,True,11,2.0,False,255.0,0,0,SPOKED,SPOKED,1.0,1.0,80.0,80.0,280.0,710.0,35.0,290.0,2.0
425.0,70.0,605.0,73.5,125.0,45.0,555.0,73.5,655.0,47.0,45.0,25.4,36.5,23.35,13.0,15.0,9.0,STEEL,60.0,50.0,42.0,330.0,350.0,16.0,18.0,False,False,130.0,2.0,0.9,1.1,0.9,1.2,1.0,0.9,700.0,50.0,700.0,50.0,0,0,False,0,1.0,68.0,35.0,692.0,31.8,False,False,False,False,True,11,2.0,False,255.0,0,0,SPOKED,SPOKED,1.0,1.0,80.0,80.0,280.0,725.0,36.0,305.0,2.0
418.0,71.0,595.0,72.5,115.0,45.0,548.0,73.0,648.0,47.0,45.0,25.4,36.5,23.35,13.0,15.0,9.0,STEEL,58.0,48.0,38.0,330.0,350.0,16.0,18.0,False,False,130.0,2.0,0.9,1.1,0.9,1.2,1.0,0.9,700.0,50.0,700.0,50.0,0,0,False,0,1.0,68.0,35.0,692.0,31.8,False,False,False,False,True,11,2.0,False,255.0,0,0,SPOKED,SPOKED,1.0,1.0,80.0,80.0,280.0,718.0,34.0,295.0,2.0
435.0,67.0,620.0,74.5,135.0,45.0,565.0,74.0,670.0,45.0,45.0,25.4,36.5,23.35,13.0,15.0,9.0,STEEL,70.0,60.0,45.0,330.0,350.0,16.0,18.0,False,False,130.0,2.0,0.9,1.1,0.9,1.2,1.0,0.9,700.0,50.0,700.0,50.0,0,0,False,0,1.0,68.0,35.0,692.0,31.8,False,False,False,False,True,11,2.0,False,255.0,0,0,SPOKED,SPOKED,1.0,1.0,80.0,80.0,280.0,735.0,36.0,315.0,2.0
410.0,69.0,585.0,71.8,118.0,45.0,540.0,72.5,642.0,46.0,45.0,25.4,36.5,23.35,13.0,15.0,9.0,STEEL,62.0,52.0,37.0,330.0,350.0,16.0,18.0,False,False,130.0,2.0,0.9,1.1,0.9,1.2,1.0,0.9,700.0,50.0,700.0,50.0,0,0,False,0,1.0,68.0,35.0,692.0,31.8,False,False,False,False,True,11,2.0,False,255.0,0,0,SPOKED,SPOKED,1.0,1.0,80.0,80.0,280.0,715.0,33.0,292.0,2.0
420.0,75.0,600.0,73.2,122.0,45.0,555.0,73.8,658.0,49.0,45.0,25.4,36.5,23.35,13.0,15.0,9.0,STEEL,63.0,53.0,43.0,330.0,350.0,16.0,18.0,False,False,130.0,2.0,0.9,1.1,0.9,1.2,1.0,0.9,700.0,50.0,700.0,50.0,0,0,False,0,1.0,68.0,35.0,692.0,31.8,False,False,False,False,True,11,2.0,False,255.0,0,0,SPOKED,SPOKED,1.0,1.0,80.0,80.0,280.0,728.0,35.0,308.0,2.0
428.0,65.0,615.0,74.1,140.0,45.0,568.0,74.3,675.0,44.0,45.0,25.4,36.5,23.35,13.0,15.0,9.0,STEEL,75.0,65.0,46.0,330.0,350.0,16.0,18.0,False,False,130.0,2.0,0.9,1.1,0.9,1.2,1.0,0.9,700.0,50.0,700.0,50.0,0,0,False,0,1.0,68.0,35.0,692.0,31.8,False,False,False,False,True,11,2.0,False,255.0,0,0,SPOKED,SPOKED,1.0,1.0,80.0,80.0,280.0,740.0,37.0,320.0,2.0
412.0,66.0,580.0,72.2,112.0,45.0,538.0,72.8,638.0,46.0,45.0,25.4,36.5,23.35,13.0,15.0,9.0,STEEL,57.0,47.0,36.0,330.0,350.0,16.0,18.0,False,False,130.0,2.0,0.9,1.1,0.9,1.2,1.0,0.9,700.0,50.0,700.0,50.0,0,0,False,0,1.0,68.0,35.0,692.0,31.8,False,False,False,False,True,11,2.0,False,255.0,0,0,SPOKED,SPOKED,1.0,1.0,80.0,80.0,280.0,712.0,34.0,288.0,2.0
415.0,66.0,580.0,73.0,95.0,45.0,550.0,74.0,640.0,47.0,40.0,25.4,36.5,23.35,13.0,15,9.0,STEEL,63.1,48.0,40.1,330.0,350.0,16,18,False,False,130.0,2.0,0.9,1.1,0.9,1.2,1.0,0.9,674.0,52.0,674.0,52.0,0,0,False,0,1.0,68.0,31.8,692,26.8,False,False,False,False,True,11,2.0,False,255.0,0,0,SPOKED,SPOKED,1.0,1.0,80.0,80.0,280.0,700.0,36.5,250.0,1.0
420.0,67.0,590.0,74.0,100.0,45.0,560.0,73.0,650.0,46.0,40.0,25.4,36.5,23.35,13.0,15,9.0,STEEL,63.1,48.0,40.1,330.0,350.0,16,18,False,False,130.0,2.0,0.9,1.1,0.9,1.2,1.0,0.9,674.0,52.0,674.0,52.0,0,1,False,0,1.0,68.0,31.8,692,26.8,False,False,False,False,True,11,2.0,False,255.0,0,0,TRISPOKE,SPOKED,1.0,1.0,80.0,80.0,280.0,700.0,36.5,250.0,1.0
425.0,68.0,600.0,75.0,105.0,45.0,570.0,74.0,660.0,47.0,40.0,25.4,36.5,23.35,13.0,15,9.0,STEEL,63.1,48.0,40.1,330.0,350.0,16,18,False,False,130.0,2.0,0.9,1.1,0.9,1.2,1.0,0.9,674.0,52.0,674.0,52.0,0,2,False,0,1.0,68.0,31.8,692,26.8,False,False,False,False,True,11,2.0,False,255.0,0,0,DISC,DISC,1.0,1.0,80.0,80.0,280.0,700.0,36.5,250.0,1.0
430.0,69.0,610.0,73.0,110.0,45.0,580.0,74.0,670.0,48.0,40.0,25.4,36.5,23.35,13.0,15,9.0,STEEL,63.1,48.0,40.1,330.0,350.0,16,18,False,False,130.0,2.0,0.9,1.1,0.9,1.2,1.0,0.9,674.0,52.0,674.0,52.0,0,0,False,0,1.0,68.0,31.8,692,26.8,False,False,False,False,True,11,2.0,False,255.0,0,0,SPOKED,TRISPOKE,1.0,1.0,80.0,80.0,280.0,700.0,36.5,250.0,1.0
435.0,70.0,620.0,72.0,115.0,45.0,590.0,75.0,680.0,45.0,40.0,25.4,36.5,23.35,13.0,15,9.0,STEEL,63.1,48.0,40.1,330.0,350.0,16,18,False,False,130.0,2.0,0.9,1.1,0.9,1.2,1.0,0.9,674.0,52.0,674.0,52.0,0,1,False,0,1.0,68.0,31.8,692,26.8,False,False,False,False,True,11,2.0,False,255.0,0,0,TRISPOKE,DISC,1.0,1.0,80.0,80.0,280.0,700.0,36.5,250.0,1.0
440.0,65.0,630.0,74.0,120.0,45.0,600.0,73.0,690.0,46.0,40.0,25.4,36.5,23.35,13.0,15,9.0,STEEL,63.1,48.0,40.1,330.0,350.0,16,18,False,False,130.0,2.0,0.9,1.1,0.9,1.2,1.0,0.9,674.0,52.0,674.0,52.0,0,2,False,0,1.0,68.0,31.8,692,26.8,False,False,False,False,True,11,2.0,False,255.0,0,0,DISC,SPOKED,1.0,1.0,80.0,80.0,280.0,700.0,36.5,250.0,1.0
445.0,66.0,640.0,75.0,125.0,45.0,610.0,74.0,700.0,47.0,40.0,25.4,36.5,23.35,13.0,15,9.0,STEEL,63.1,48.0,40.1,330.0,350.0,16,18,False,False,130.0,2.0,0.9,1.1,0.9,1.2,1.0,0.9,674.0,52.0,674.0,52.0,0,0,False,0,1.0,68.0,31.8,692,26.8,False,False,False,False,True,11,2.0,False,255.0,0,0,SPOKED,DISC,1.0,1.0,80.0,80.0,280.0,700.0,36.5,250.0,1.0
450.0,67.0,650.0,73.0,130.0,45.0,620.0,75.0,710.0,48.0,40.0,25.4,36.5,23.35,13.0,15,9.0,STEEL,63.1,48.0,40.1,330.0,350.0,16,18,False,False,130.0,2.0,0.9,1.1,0.9,1.2,1.0,0.9,674.0,52.0,674.0,52.0,0,1,False,0,1.0,68.0,31.8,692,26.8,False,False,False,False,True,11,2.0,False,255.0,0,0,SPOKED,TRISPOKE,1.0,1.0,80.0,80.0,280.0,700.0,36.5,250.0,1.0
455.0,68.0,560.0,74.0,135.0,45.0,630.0,73.0,720.0,45.0,40.0,25.4,36.5,23.35,13.0,15,9.0,STEEL,63.1,48.0,40.1,330.0,350.0,16,18,False,False,130.0,2.0,0.9,1.1,0.9,1.2,1.0,0.9,674.0,52.0,674.0,52.0,0,2,False,0,1.0,68.0,31.8,692,26.8,False,False,False,False,True,11,2.0,False,255.0,0,0,TRISPOKE,SPOKED,1.0,1.0,80.0,80.0,280.0,700.0,36.5,250.0,1.0
460.0,69.0,570.0,75.0,140.0,45.0,640.0,74.0,730.0,47.0,40.0,25.4,36.5,23.35,13.0,15,9.0,STEEL,63.1,48.0,40.1,330.0,350.0,16,18,False,False,130.0,2.0,0.9,1.1,0.9,1.2,1.0,0.9,674.0,52.0,674.0,52.0,0,0,False,0,1.0,68.0,31.8,692,26.8,False,False,False,False,True,11,2.0,False,255.0,0,0,DISC,TRISPOKE,1.0,1.0,80.0,80.0,280.0,700.0,36.5,250.0,1.0
425.0,70.0,600.0,73.0,150.0,45.0,555.0,73.0,650.0,45.0,40.0,28.0,36.5,23.35,24.0,13.0,15.0,STEEL,50.0,48.0,30.0,330.0,350.0,16.0,18.0,False,False,130.0,2.0,0.9,1.1,0.9,1.2,1.0,0.9,674.0,52.0,674.0,52.0,0,0,False,0,1.0,68.0,31.8,0.0,31.8,False,False,False,False,True,8,2.0,False,255.0,0,0,SPOKED,SPOKED,1.0,1.0,80.0,80.0,275.0,830.0,26.8,300.0,1.0
430.0,72.0,605.0,72.5,140.0,45.0,555.0,73.5,655.0,42.0,40.0,29.0,34.0,24.0,24.5,13.0,14.0,STEEL,50.0,48.0,30.0,330.0,350.0,16.0,18.0,False,False,130.0,2.0,0.9,1.1,0.9,1.2,1.0,0.9,674.0,52.0,674.0,52.0,0,0,False,0,1.0,68.0,31.8,0.0,31.8,False,False,False,False,True,8,2.0,False,255.0,0,0,SPOKED,SPOKED,1.0,1.0,80.0,80.0,280.0,840.0,26.8,310.0,1.0
415.0,68.0,590.0,73.5,155.0,45.0,555.0,72.5,640.0,48.0,40.0,26.0,36.0,23.5,23.8,13.0,16.0,STEEL,50.0,48.0,30.0,330.0,350.0,16.0,18.0,False,False,130.0,2.0,0.9,1.1,0.9,1.2,1.0,0.9,674.0,52.0,674.0,52.0,0,0,False,0,1.0,68.0,31.8,0.0,31.8,False,False,False,False,True,8,2.0,False,255.0,0,0,SPOKED,SPOKED,1.0,1.0,80.0,80.0,265.0,820.0,26.8,290.0,1.0
420.0,75.0,610.0,72.0,160.0,45.0,555.0,74.0,660.0,44.0,40.0,27.0,35.0,23.8,24.8,13.0,15.0,STEEL,50.0,48.0,30.0,330.0,350.0,16.0,18.0,False,False,130.0,2.0,0.9,1.1,0.9,1.2,1.0,0.9,674.0,52.0,674.0,52.0,0,0,False,0,1.0,68.0,31.8,0.0,31.8,False,False,False,False,True,8,2.0,False,255.0,0,0,SPOKED,SPOKED,1.0,1.0,80.0,80.0,290.0,850.0,26.8,320.0,1.0
435.0,65.0,580.0,74.0,130.0,45.0,555.0,73.0,630.0,46.0,40.0,30.0,33.0,25.0,23.5,13.0,14.0,STEEL,50.0,48.0,30.0,330.0,350.0,16.0,18.0,False,False,130.0,2.0,0.9,1.1,0.9,1.2,1.0,0.9,674.0,52.0,674.0,52.0,0,0,False,0,1.0,68.0,31.8,0.0,31.8,False,False,False,False,True,8,2.0,False,255.0,0,0,SPOKED,SPOKED,1.0,1.0,80.0,80.0,260.0,810.0,26.8,280.0,1.0
428.0,70.0,595.0,73.2,145.0,45.0,555.0,72.8,645.0,43.0,40.0,25.4,32.0,23.35,24.0,13.0,15.0,STEEL,50.0,48.0,30.0,330.0,350.0,16.0,18.0,False,False,130.0,2.0,0.9,1.1,0.9,1.2,1.0,0.9,674.0,52.0,674.0,52.0,0,0,False,0,1.0,68.0,31.8,0.0,31.8,False,False,False,False,True,8,2.0,False,255.0,0,0,SPOKED,SPOKED,1.0,1.0,80.0,80.0,285.0,845.0,26.8,315.0,1.0
418.0,69.0,620.0,73.8,170.0,45.0,555.0,73.3,670.0,47.0,40.0,26.5,36.5,24.0,23.35,13.0,16.0,STEEL,50.0,48.0,30.0,330.0,350.0,16.0,18.0,False,False,130.0,2.0,0.9,1.1,0.9,1.2,1.0,0.9,674.0,52.0,674.0,52.0,0,0,False,0,1.0,68.0,31.8,0.0,31.8,False,False,False,False,True,8,2.0,False,255.0,0,0,SPOKED,SPOKED,1.0,1.0,80.0,80.0,270.0,860.0,26.8,330.0,1.0
422.0,73.0,600.0,72.8,135.0,45.0,555.0,74.0,658.0,41.0,40.0,29.5,34.5,24.7,24.1,13.0,14.0,STEEL,50.0,48.0,30.0,330.0,350.0,16.0,18.0,False,False,130.0,2.0,0.9,1.1,0.9,1.2,1.0,0.9,674.0,52.0,674.0,52.0,0,0,False,0,1.0,68.0,31.8,0.0,31.8,False,False,False,False,True,8,2.0,False,255.0,0,0,SPOKED,SPOKED,1.0,1.0,80.0,80.0,295.0,815.0,26.8,285.0,1.0
427.0,71.0,610.0,73.1,120.0,45.0,555.0,73.7,660.0,49.0,40.0,28.5,35.5,23.7,23.9,13.0,15.0,STEEL,50.0,48.0,30.0,330.0,350.0,16.0,18.0,False,False,130.0,2.0,0.9,1.1,0.9,1.2,1.0,0.9,674.0,52.0,674.0,52.0,0,0,False,0,1.0,68.0,31.8,0.0,31.8,False,False,False,False,True,8,2.0,False,255.0,0,0,SPOKED,SPOKED,1.0,1.0,80.0,80.0,255.0,855.0,26.8,325.0,1.0
419.0,67.0,585.0,73.4,165.0,45.0,555.0,72.9,635.0,44.5,40.0,27.5,34.0,24.2,24.2,13.0,14.0,STEEL,50.0,48.0,30.0,330.0,350.0,16.0,18.0,False,False,130.0,2.0,0.9,1.1,0.9,1.2,1.0,0.9,674.0,52.0,674.0,52.0,0,0,False,0,1.0,68.0,31.8,0.0,31.8,False,False,False,False,True,8,2.0,False,255.0,0,0,SPOKED,SPOKED,1.0,1.0,80.0,80.0,300.0,835.0,26.8,295.0,1.0
425.0,70.0,600.0,73.0,140.0,50.0,540.0,75.0,720.0,50.0,40.0,28.0,35.0,38.0,25.0,15,16.0,STEEL,40.0,45.0,40.0,330.0,350.0,16,18,False,False,130.0,2.0,1.0,1.0,1.0,1.0,1.0,1.0,700.0,32.0,700.0,32.0,0,0,False,0,1.0,68.0,34.9,692,28.0,True,True,False,False,True,11,2.0,False,255.0,0,0,DISC,DISC,0.0,0.0,80.0,80.0,275.0,780.0,35.0,350.0,1.0
430.0,68.0,610.0,72.0,160.0,52.0,550.0,74.5,710.0,48.0,40.0,30.0,36.0,39.0,26.0,16,16.0,STEEL,45.0,47.0,42.0,330.0,350.0,16,18,False,False,130.0,2.0,1.0,1.0,1.0,1.0,1.0,1.0,674.0,30.0,674.0,30.0,0,1,False,0,2.0,68.0,35.0,692,28.6,True,True,False,False,True,10,2.0,False,255.0,20,20,SPOKED,SPOKED,1.0,1.0,80.0,80.0,270.0,790.0,35.0,360.0,2.0
420.0,72.0,620.0,73.5,120.0,50.0,545.0,75.0,730.0,52.0,42.0,28.6,37.0,38.0,24.0,15,15.0,STEEL,35.0,46.0,40.0,335.0,355.0,16,18,False,False,130.0,2.0,0.9,0.9,0.9,0.9,0.9,0.9,700.0,30.0,700.0,30.0,0,0,False,0,1.0,70.0,32.0,692,27.0,True,True,False,False,True,11,2.0,False,255.0,50,50,SPOKED,TRISPOKE,1.0,1.0,80.0,80.0,265.0,770.0,35.0,340.0,1.0
440.0,69.0,590.0,72.5,150.0,55.0,560.0,74.0,700.0,49.0,40.0,29.0,36.0,40.0,26.0,14,17.0,STEEL,50.0,50.0,45.0,330.0,350.0,16,18,False,False,130.0,2.0,1.0,1.0,1.0,1.0,1.0,1.0,680.0,28.0,680.0,28.0,0,2,False,0,0.0,68.0,33.0,692,28.0,True,True,False,False,True,12,2.0,False,255.0,10,10,SPOKED,SPOKED,1.0,1.0,80.0,80.0,280.0,800.0,36.0,370.0,2.0
415.0,71.0,605.0,73.0,130.0,48.0,535.0,75.5,740.0,51.0,40.0,27.0,38.0,37.0,25.0,16,15.0,STEEL,42.0,48.0,41.0,330.0,350.0,16,18,False,False,130.0,2.0,1.0,1.0,1.0,1.0,1.0,1.0,700.0,34.0,700.0,34.0,0,0,False,0,1.0,68.0,34.0,692,29.0,True,True,False,False,True,11,2.0,False,255.0,0,50,SPOKED,SPOKED,1.0,1.0,80.0,80.0,260.0,760.0,38.0,360.0,1.0
435.0,67.0,630.0,74.0,110.0,47.0,565.0,74.8,765.0,49.0,42.0,30.0,40.0,39.0,27.0,15,17.0,STEEL,38.0,50.0,44.0,330.0,350.0,16,18,False,False,130.0,2.0,1.0,1.0,1.0,1.0,1.0,1.0,690.0,32.0,690.0,32.0,0,1,False,0,1.0,68.0,35.0,692,30.0,True,True,False,False,True,10,2.0,False,255.0,20,20,DISC,SPOKED,0.0,1.0,80.0,80.0,275.0,815.0,40.0,380.0,2.0
425.0,70.0,580.0,73.2,135.0,49.0,550.0,75.0,710.0,50.0,40.0,29.0,36.0,38.0,26.0,15,16.0,STEEL,43.0,46.0,42.0,330.0,350.0,16,18,False,False,130.0,2.0,1.0,1.0,1.0,1.0,1.0,1.0,680.0,30.0,680.0,30.0,0,0,False,0,1.0,68.0,34.0,692,28.0,True,True,False,False,True,11,2.0,False,200.0,0,0,SPOKED,SPOKED,1.0,1.0,80.0,80.0,272.0,785.0,36.0,350.0,1.0
440.0,69.0,620.0,72.7,145.0,53.0,570.0,74.7,750.0,48.0,42.0,33.0,37.0,36.0,28.0,17,18.0,STEEL,48.0,52.0,44.0,330.0,350.0,16,18,False,False,130.0,2.0,1.0,1.0,1.0,1.0,1.0,1.0,690.0,28.0,690.0,28.0,0,2,False,0,2.0,70.0,36.0,692,29.0,True,True,False,False,True,12,2.0,False,255.0,10,5,TRISPOKE,TRISPOKE,1.0,1.0,90.0,90.0,280.0,800.0,37.0,390.0,2.0
430.0,71.0,610.0,73.7,155.0,54.0,555.0,74.9,725.0,52.0,40.0,32.0,38.0,39.0,27.0,16,17.0,STEEL,47.0,49.0,43.0,330.0,350.0,16,18,False,False,130.0,2.0,1.0,1.0,1.0,1.0,1.0,1.0,700.0,30.0,700.0,30.0,0,1,False,0,1.0,68.0,35.0,692,28.0,True,True,False,False,True,11,2.0,False,250.0,0,0,SPOKED,DISC,1.0,0.0,80.0,80.0,270.0,770.0,38.0,355.0,1.0
415.0,68.0,600.0,74.0,125.0,51.0,545.0,75.0,735.0,53.0,40.0,28.0,36.0,38.0,25.0,15,15.0,STEEL,41.0,45.0,42.0,330.0,350.0,16,18,False,False,130.0,2.0,1.0,1.0,1.0,1.0,1.0,1.0,680.0,32.0,680.0,32.0,0,0,False,0,1.0,68.0,34.0,692,28.0,True,True,False,False,True,10,2.0,False,200.0,50,50,DISC,DISC,0.0,0.0,80.0,80.0,268.0,765.0,36.0,365.0,2.0
420.0,60.0,580.0,72.0,130.0,50.0,520.0,73.0,630.0,45.0,40.0,28.6,36.5,23.35,23.35,13.0,15.0,STEEL,30.0,40.0,30.0,330.0,350.0,16.0,18.0,False,False,130.0,1.0,1.1,0.9,1.2,1.0,0.9,1.0,674.0,52.0,674.0,52.0,0,0,False,0,1.0,68.0,40.0,26.8,28.0,True,True,False,False,True,10,2.0,False,255.0,0,0,SPOKED,SPOKED,0.0,0.0,80.0,80.0,250.0,710.0,34.9,300.0,1.0
425.0,62.0,600.0,73.0,135.0,50.0,540.0,74.0,635.0,45.0,40.0,28.6,36.5,23.35,23.35,13.0,15.0,STEEL,35.0,45.0,35.0,330.0,350.0,16.0,18.0,False,False,130.0,1.0,1.1,0.9,1.2,1.0,0.9,1.0,674.0,52.0,674.0,52.0,0,1,False,0,1.0,68.0,40.0,26.8,28.0,True,True,False,False,True,10,2.0,False,255.0,0,0,SPOKED,SPOKED,0.0,0.0,80.0,80.0,250.0,715.0,34.9,300.0,1.0
430.0,64.0,620.0,74.0,140.0,50.0,560.0,75.0,640.0,45.0,40.0,28.6,36.5,23.35,23.35,13.0,15.0,STEEL,40.0,50.0,40.0,330.0,350.0,16.0,18.0,False,False,130.0,1.0,1.1,0.9,1.2,1.0,0.9,1.0,674.0,52.0,674.0,52.0,0,2,False,0,1.0,68.0,40.0,26.8,28.0,True,True,False,False,True,10,2.0,False,255.0,0,0,SPOKED,SPOKED,0.0,0.0,80.0,80.0,250.0,720.0,34.9,300.0,1.0
435.0,66.0,640.0,72.0,145.0,50.0,580.0,73.0,645.0,45.0,40.0,28.6,36.5,23.35,23.35,13.0,15.0,STEEL,45.0,55.0,45.0,330.0,350.0,16.0,18.0,False,False,130.0,1.0,1.1,0.9,1.2,1.0,0.9,1.0,674.0,52.0,674.0,52.0,0,0,False,0,1.0,68.0,40.0,26.8,28.0,True,True,False,False,True,10,2.0,False,255.0,0,0,SPOKED,SPOKED,0.0,0.0,80.0,80.0,250.0,725.0,34.9,300.0,1.0
440.0,68.0,660.0,73.0,150.0,50.0,600.0,74.0,650.0,45.0,40.0,28.6,36.5,23.35,23.35,13.0,15.0,STEEL,50.0,60.0,50.0,330.0,350.0,16.0,18.0,False,False,130.0,1.0,1.1,0.9,1.2,1.0,0.9,1.0,674.0,52.0,674.0,52.0,0,1,False,0,1.0,68.0,40.0,26.8,28.0,True,True,False,False,True,10,2.0,False,255.0,0,0,SPOKED,SPOKED,0.0,0.0,80.0,80.0,250.0,730.0,34.9,300.0,1.0
445.0,70.0,680.0,74.0,155.0,50.0,620.0,75.0,655.0,45.0,40.0,28.6,36.5,23.35,23.35,13.0,15.0,STEEL,55.0,65.0,55.0,330.0,350.0,16.0,18.0,False,False,130.0,1.0,1.1,0.9,1.2,1.0,0.9,1.0,674.0,52.0,674.0,52.0,0,2,False,0,1.0,68.0,40.0,26.8,28.0,True,True,False,False,True,10,2.0,False,255.0,0,0,SPOKED,SPOKED,0.0,0.0,80.0,80.0,250.0,735.0,34.9,300.0,1.0
450.0,60.0,580.0,72.0,160.0,50.0,540.0,73.0,635.0,45.0,40.0,28.6,36.5,23.35,23.35,13.0,15.0,STEEL,35.0,45.0,35.0,330.0,350.0,16.0,18.0,False,False,130.0,1.0,1.1,0.9,1.2,1.0,0.9,1.0,674.0,52.0,674.0,52.0,0,0,False,0,1.0,68.0,40.0,26.8,28.0,True,True,False,False,True,10,2.0,False,255.0,0,0,SPOKED,SPOKED,0.0,0.0,80.0,80.0,250.0,720.0,34.9,300.0,1.0
455.0,62.0,600.0,73.0,140.0,50.0,560.0,74.0,645.0,45.0,40.0,28.6,36.5,23.35,23.35,13.0,15.0,STEEL,45.0,55.0,45.0,330.0,350.0,16.0,18.0,False,False,130.0,1.0,1.1,0.9,1.2,1.0,0.9,1.0,674.0,52.0,674.0,52.0,0,1,False,0,1.0,68.0,40.0,26.8,28.0,True,True,False,False,True,10,2.0,False,255.0,0,0,SPOKED,SPOKED,0.0,0.0,80.0,80.0,250.0,730.0,34.9,300.0,1.0
460.0,64.0,620.0,74.0,150.0,50.0,580.0,75.0,655.0,45.0,40.0,28.6,36.5,23.35,23.35,13.0,15.0,STEEL,50.0,60.0,50.0,330.0,350.0,16.0,18.0,False,False,130.0,1.0,1.1,0.9,1.2,1.0,0.9,1.0,674.0,52.0,674.0,52.0,0,2,False,0,1.0,68.0,40.0,26.8,28.0,True,True,False,False,True,10,2.0,False,255.0,0,0,SPOKED,SPOKED,0.0,0.0,80.0,80.0,250.0,740.0,34.9,300.0,1.0
465.0,66.0,640.0,73.0,160.0,50.0,600.0,74.0,645.0,45.0,40.0,28.6,36.5,23.35,23.35,13.0,15.0,STEEL,45.0,55.0,45.0,330.0,350.0,16.0,18.0,False,False,130.0,1.0,1.1,0.9,1.2,1.0,0.9,1.0,674.0,52.0,674.0,52.0,0,0,False,0,1.0,68.0,40.0,26.8,28.0,True,True,False,False,True,10,2.0,False,255.0,0,0,SPOKED,SPOKED,0.0,0.0,80.0,80.0,250.0,730.0,34.9,300.0,1.0
420.0,70.0,600.0,73.0,140.0,45.0,580.0,73.5,660.0,45.0,40.0,28.6,33.6,36.5,23.35,13.0,15.0,STEEL,30.0,50.0,30.0,330.0,350.0,16.0,18.0,False,False,130.0,2.0,0.9,1.1,0.9,1.2,1.0,0.9,700.0,52.0,700.0,52.0,0,0,False,0,1.0,68.0,34.0,0.0,31.8,True,True,False,False,True,11,2.0,False,255.0,0,0,SPOKED,SPOKED,0.0,0.0,80.0,80.0,280.0,700.0,26.8,250.0,1.0
422.0,68.0,610.0,72.5,145.0,47.0,570.0,74.0,655.0,44.0,45.0,30.0,34.0,37.0,24.0,14.0,16.0,STEEL,32.0,52.0,32.0,332.0,352.0,16.0,18.0,False,False,132.0,2.0,1.0,1.2,1.0,1.3,1.1,1.0,685.0,50.0,685.0,50.0,0,0,False,0,1.0,70.0,33.0,0.0,31.8,True,True,False,False,True,12,2.0,False,255.0,0,0,SPOKED,SPOKED,0.0,0.0,80.0,80.0,280.0,705.0,27.0,260.0,1.0
418.0,69.0,605.0,73.5,138.0,45.0,575.0,73.0,662.0,45.0,42.0,29.0,33.0,36.0,23.0,13.0,15.0,STEEL,31.0,51.0,30.0,331.0,351.0,17.0,19.0,False,False,130.0,2.0,0.95,1.05,0.95,1.15,1.05,0.95,690.0,54.0,690.0,54.0,0,0,False,0,1.0,68.0,32.0,0.0,31.8,True,True,False,False,True,11,2.0,False,255.0,0,0,SPOKED,SPOKED,0.0,0.0,80.0,80.0,275.0,710.0,26.8,255.0,1.0
430.0,72.0,595.0,72.0,142.0,46.0,585.0,73.0,658.0,46.0,40.0,28.0,34.0,35.0,22.5,13.5,15.5,STEEL,29.0,49.0,31.0,330.0,350.0,16.5,18.5,False,False,130.0,2.0,0.9,1.1,0.9,1.2,1.0,0.9,695.0,53.0,695.0,53.0,0,0,False,0,1.0,68.0,34.5,0.0,31.8,True,True,False,False,True,11,2.0,False,255.0,0,0,SPOKED,SPOKED,0.0,0.0,80.0,80.0,282.0,702.0,27.0,255.0,1.0
425.0,71.0,602.0,73.2,139.0,44.0,578.0,73.5,659.0,45.0,43.0,29.5,33.5,36.5,23.5,13.0,15.0,STEEL,30.5,50.5,30.5,330.0,350.0,16.0,18.0,False,False,130.0,2.0,0.92,1.15,0.92,1.22,1.02,0.92,688.0,52.5,688.0,52.5,0,0,False,0,1.0,69.0,33.5,0.0,31.8,True,True,False,False,True,11,2.0,False,255.0,0,0,SPOKED,SPOKED,0.0,0.0,80.0,80.0,279.0,708.0,26.9,250.0,1.0
417.0,70.0,608.0,73.7,141.0,45.5,572.0,73.1,663.0,45.5,41.0,28.8,33.8,36.2,23.2,13.2,15.2,STEEL,31.5,51.5,30.2,330.0,350.0,16.0,18.0,False,False,130.0,2.0,0.91,1.13,0.91,1.25,1.04,0.91,692.0,51.0,692.0,51.0,0,0,False,0,1.0,68.0,34.2,0.0,31.8,True,True,False,False,True,12,2.0,False,255.0,0,0,SPOKED,SPOKED,0.0,0.0,80.0,80.0,276.0,712.0,27.2,260.0,1.0
423.0,69.5,603.0,72.8,144.0,46.0,579.0,73.3,661.0,44.5,42.5,29.2,33.2,36.8,23.8,13.1,15.1,STEEL,29.5,49.8,30.8,330.0,350.0,16.5,18.5,False,False,130.0,2.0,0.94,1.12,0.94,1.18,1.06,0.94,687.0,53.5,687.0,53.5,0,0,False,0,1.0,69.0,33.8,0.0,31.8,True,True,False,False,True,11,2.0,False,255.0,0,0,SPOKED,SPOKED,0.0,0.0,80.0,80.0,281.0,706.0,26.7,255.0,1.0
421.0,70.5,601.0,73.4,140.5,45.2,576.0,73.4,660.5,45.0,42.0,29.1,33.1,36.0,23.0,13.3,15.3,STEEL,30.2,50.8,30.3,330.0,350.0,16.2,18.2,False,False,130.0,2.0,0.93,1.14,0.93,1.19,1.03,0.93,691.0,52.8,691.0,52.8,0,0,False,0,1.0,68.5,34.1,0.0,31.8,True,True,False,False,True,11,2.0,False,255.0,0,0,SPOKED,SPOKED,0.0,0.0,80.0,80.0,277.0,709.0,26.8,250.0,1.0
419.0,68.5,607.0,73.1,139.5,44.8,573.0,73.2,663.5,45.2,41.5,28.9,33.3,36.3,23.3,12.9,14.8,STEEL,30.8,50.2,30.1,330.0,350.0,16.3,18.3,False,False,130.0,2.0,0.96,1.09,0.96,1.21,1.01,0.96,689.0,53.2,689.0,53.2,0,0,False,0,1.0,67.5,33.9,0.0,31.8,True,True,False,False,True,11,2.0,False,255.0,0,0,SPOKED,SPOKED,0.0,0.0,80.0,80.0,278.0,711.0,26.9,255.0,1.0
424.0,71.5,599.0,72.9,143.0,46.2,581.0,73.6,658.5,44.8,43.5,29.3,34.2,36.7,23.7,13.4,15.4,STEEL,29.8,49.5,30.5,330.0,350.0,16.1,18.1,False,False,130.0,2.0,0.93,1.08,0.93,1.23,1.02,0.93,693.0,52.3,693.0,52.3,0,0,False,0,1.0,69.5,34.3,0.0,31.8,True,True,False,False,True,12,2.0,False,255.0,0,0,SPOKED,SPOKED,0.0,0.0,80.0,80.0,283.0,704.0,26.8,250.0,1.0
420.0,70.0,600.0,73.0,160.0,45.0,550.0,73.0,660.0,45.0,40.0,25.4,36.5,23.35,23.35,15.0,15.0,STEEL,60.0,48.0,40.0,330.0,350.0,16.0,18.0,False,False,130.0,2.0,0.9,1.1,0.9,1.2,1.0,0.9,674.0,52.0,674.0,52.0,0,0,False,0,1.0,68.0,31.8,692.0,28.6,False,False,False,False,True,11,2.0,False,255.0,0,0,SPOKED,SPOKED,1.0,1.0,80.0,80.0,278.0,715.0,34.9,300.0,1.0
425.0,68.0,595.0,74.0,150.0,45.0,560.0,74.0,665.0,43.0,40.0,28.6,36.5,24.0,24.0,16.0,15.0,STEEL,58.0,50.0,42.0,330.0,350.0,16.0,18.0,False,False,130.0,2.0,1.0,1.2,1.0,1.2,1.0,1.0,674.0,52.0,674.0,52.0,0,0,False,0,1.0,68.0,31.8,692.0,28.6,False,False,False,False,True,10,2.0,False,255.0,0,0,SPOKED,SPOKED,1.0,1.0,80.0,80.0,280.0,710.0,34.9,305.0,1.0
430.0,72.0,605.0,72.0,165.0,45.0,555.0,73.5,670.0,46.0,40.0,25.4,36.5,23.5,23.5,15.0,15.0,STEEL,62.0,49.0,41.0,330.0,350.0,16.0,18.0,False,False,130.0,2.0,0.9,1.1,0.9,1.2,1.0,0.9,674.0,52.0,674.0,52.0,0,0,False,0,1.0,68.0,31.8,692.0,28.6,False,False,False,False,True,11,2.0,False,255.0,0,0,SPOKED,SPOKED,1.0,1.0,80.0,80.0,275.0,720.0,34.9,295.0,1.0
415.0,69.0,590.0,73.5,155.0,45.0,565.0,74.0,655.0,44.0,40.0,25.4,36.5,24.0,24.0,15.5,15.0,STEEL,59.0,48.0,40.0,330.0,350.0,16.0,18.0,False,False,130.0,2.0,1.0,1.0,1.0,1.2,1.0,1.0,674.0,52.0,674.0,52.0,0,0,False,0,3.0,68.0,31.8,692.0,28.6,False,False,False,False,True,12,2.0,False,255.0,0,0,SPOKED,SPOKED,1.0,1.0,80.0,80.0,282.0,715.0,34.9,300.0,1.0
418.0,71.0,610.0,72.5,170.0,50.0,550.0,73.5,680.0,47.0,40.0,28.6,36.5,24.0,24.0,16.0,15.0,STEEL,61.0,47.0,42.0,330.0,350.0,16.0,18.0,False,False,130.0,2.0,1.0,1.1,1.0,1.2,1.0,1.0,674.0,52.0,674.0,52.0,0,0,False,0,2.0,68.0,31.8,692.0,28.6,False,False,False,False,True,11,2.0,False,255.0,0,0,TRISPOKE,SPOKED,1.0,1.0,40.0,80.0,278.0,725.0,34.9,310.0,1.0
422.0,70.0,605.0,73.0,162.0,45.0,555.0,73.0,672.0,45.0,40.0,25.4,36.5,23.35,23.35,15.0,15.0,STEEL,60.0,48.0,40.0,330.0,350.0,16.0,18.0,False,False,130.0,2.0,0.9,1.1,0.9,1.2,1.0,0.9,674.0,52.0,674.0,52.0,0,0,False,0,1.0,68.0,31.8,692.0,28.6,False,False,False,False,True,12,2.0,False,255.0,0,0,DISC,SPOKED,0.0,1.0,0.0,80.0,280.0,710.0,34.9,300.0,1.0
427.0,68.0,598.0,74.0,158.0,45.0,557.0,74.5,668.0,43.5,40.0,25.4,36.5,23.35,23.35,14.5,15.0,STEEL,59.0,49.0,41.0,330.0,350.0,16.0,18.0,False,False,130.0,2.0,0.9,1.1,0.9,1.2,1.0,0.9,674.0,52.0,674.0,52.0,0,0,False,0,1.0,68.0,31.8,692.0,28.6,False,False,False,False,True,11,2.0,False,255.0,0,0,TRISPOKE,TRISPOKE,1.0,1.0,60.0,60.0,279.0,712.0,34.9,305.0,0.0
420.0,66.0,602.0,73.0,163.0,45.0,558.0,73.0,666.0,45.0,40.0,25.4,36.5,23.9,23.9,15.0,15.0,STEEL,60.0,48.0,40.0,330.0,350.0,16.0,18.0,False,False,130.0,2.0,1.0,1.1,1.0,1.2,1.0,1.0,674.0,52.0,674.0,52.0,0,1,False,0,1.0,73.0,34.9,692.0,28.6,False,False,False,False,True,9,2.0,False,255.0,0,0,SPOKED,TRISPOKE,1.0,1.0,80.0,60.0,280.0,700.0,35.0,310.0,1.0
435.0,70.0,608.0,72.0,175.0,45.0,562.0,73.0,685.0,45.0,40.0,25.4,36.5,24.5,24.5,15.0,15.0,STEEL,63.0,48.0,40.0,330.0,350.0,16.0,18.0,False,False,130.0,2.0,0.9,1.1,0.9,1.2,1.0,0.9,674.0,52.0,674.0,52.0,0,0,False,0,3.0,68.0,31.8,692.0,28.6,False,False,False,False,True,10,2.0,False,255.0,0,0,DISC,DISC,0.0,0.0,0.0,0.0,280.0,730.0,34.9,320.0,1.0
412.0,70.0,600.0,73.0,160.0,45.0,555.0,73.0,660.0,45.0,40.0,25.4,36.5,23.35,23.35,15.0,15.0,STEEL,60.0,48.0,40.0,330.0,350.0,16.0,18.0,False,False,130.0,2.0,1.0,1.1,1.0,1.2,1.0,1.0,674.0,52.0,674.0,52.0,0,2,False,0,1.0,68.0,31.8,692.0,28.6,False,False,False,False,True,11,2.0,False,255.0,0,0,SPOKED,TRISPOKE,1.0,1.0,80.0,60.0,278.0,705.0,34.9,300.0,1.0
425.0,70.0,575.0,73.5,140.0,45.0,540.0,74.0,620.0,50.0,40.0,27.0,27.0,33.0,26.0,13.0,15.0,STEEL,40.0,50.0,40.0,330.0,350.0,16.0,18.0,False,False,130.0,2.0,0.9,1.1,0.9,1.2,1.0,0.9,674.0,52.0,674.0,52.0,0,0,False,0,1.0,68.0,31.8,0.0,31.8,False,False,False,False,True,11,2.0,False,255.0,0.0,0.0,SPOKED,SPOKED,0.0,0.0,0.0,0.0,80.0,278.0,28.0,300.0,1.0
420.0,68.0,580.0,73.0,150.0,45.0,530.0,74.5,630.0,45.0,40.0,26.8,27.5,32.0,26.0,13.0,15.0,STEEL,45.0,55.0,35.0,330.0,350.0,16.0,18.0,False,False,130.0,2.0,0.9,1.1,0.9,1.2,1.0,0.9,674.0,52.0,674.0,52.0,0,1,False,0,1.0,68.0,31.8,0.0,31.8,False,False,False,False,True,11,2.0,False,255.0,0.0,0.0,SPOKED,SPOKED,0.0,0.0,0.0,0.0,80.0,278.0,28.0,300.0,1.0
430.0,65.0,565.0,74.0,130.0,45.0,545.0,73.5,615.0,42.0,40.0,27.2,27.0,33.0,26.0,13.0,15.0,STEEL,35.0,60.0,45.0,330.0,350.0,16.0,18.0,False,False,130.0,2.0,0.9,1.1,0.9,1.2,1.0,0.9,674.0,52.0,674.0,52.0,0,2,False,0,3.0,68.0,42.0,0.0,31.8,False,False,False,False,True,12,2.0,False,255.0,0.0,0.0,SPOKED,SPOKED,0.0,0.0,0.0,0.0,80.0,278.0,28.0,300.0,1.0
415.0,72.0,590.0,72.5,160.0,45.0,550.0,74.0,640.0,48.0,40.0,28.0,28.0,34.0,27.0,13.0,15.0,STEEL,50.0,50.0,38.0,330.0,350.0,16.0,18.0,False,False,130.0,2.0,0.9,1.1,0.9,1.2,1.0,0.9,674.0,52.0,674.0,52.0,0,1,False,0,2.0,70.0,31.8,0.0,31.8,False,False,False,False,True,11,2.0,False,255.0,0.0,0.0,SPOKED,SPOKED,0.0,0.0,0.0,0.0,80.0,278.0,28.0,300.0,1.0
435.0,67.0,570.0,73.8,120.0,45.0,525.0,74.8,605.0,43.0,40.0,26.5,27.0,32.5,25.5,13.0,15.0,STEEL,30.0,45.0,50.0,330.0,350.0,16.0,18.0,False,False,130.0,2.0,0.9,1.1,0.9,1.2,1.0,0.9,674.0,52.0,674.0,52.0,0,2,False,0,1.0,68.0,31.8,0.0,31.8,False,False,False,False,True,11,2.0,False,255.0,0.0,0.0,SPOKED,SPOKED,0.0,0.0,0.0,0.0,80.0,278.0,28.0,300.0,1.0
425.0,69.0,560.0,73.2,145.0,45.0,535.0,74.2,620.0,46.0,40.0,27.0,28.0,33.5,26.5,13.0,15.0,STEEL,42.0,48.0,38.0,330.0,350.0,16.0,18.0,False,False,130.0,2.0,0.9,1.1,0.9,1.2,1.0,0.9,674.0,52.0,674.0,52.0,0,0,False,0,0.0,68.0,31.8,25.0,31.8,False,False,False,False,True,10,2.0,False,255.0,0.0,0.0,SPOKED,SPOKED,0.0,0.0,0.0,0.0,80.0,278.0,28.0,300.0,0.0
422.0,66.0,555.0,74.0,125.0,45.0,538.0,73.8,610.0,44.0,40.0,26.8,27.2,32.8,26.2,13.0,15.0,STEEL,38.0,52.0,42.0,330.0,350.0,16.0,18.0,False,False,130.0,2.0,0.9,1.1,0.9,1.2,1.0,0.9,674.0,52.0,674.0,52.0,0,1,False,0,0.0,68.0,31.8,25.0,31.8,False,False,False,False,True,11,2.0,False,255.0,0.0,0.0,SPOKED,SPOKED,0.0,0.0,0.0,0.0,80.0,278.0,28.0,300.0,2.0
428.0,71.0,585.0,73.0,155.0,45.0,550.0,74.3,640.0,47.0,40.0,27.5,27.8,33.2,26.4,13.0,15.0,STEEL,46.0,50.0,39.0,330.0,350.0,16.0,18.0,False,False,130.0,2.0,0.9,1.1,0.9,1.2,1.0,0.9,674.0,52.0,674.0,52.0,0,2,False,0,2.0,68.0,31.8,0.0,31.8,False,False,False,False,True,11,2.0,False,255.0,0.0,0.0,SPOKED,SPOKED,0.0,0.0,0.0,0.0,80.0,278.0,28.0,300.0,1.0
418.0,68.0,565.0,73.6,135.0,45.0,532.0,74.6,625.0,45.0,40.0,27.1,27.3,33.1,26.1,13.0,15.0,STEEL,37.0,49.0,41.0,330.0,350.0,16.0,18.0,False,False,130.0,2.0,0.9,1.1,0.9,1.2,1.0,0.9,674.0,52.0,674.0,52.0,0,1,False,0,3.0,68.0,42.0,0.0,31.8,False,False,False,False,True,11,2.0,False,255.0,0.0,0.0,SPOKED,SPOKED,0.0,0.0,0.0,0.0,80.0,278.0,28.0,300.0,1.0
430.0,70.0,600.0,73.0,170.0,45.0,550.0,73.2,650.0,49.0,40.0,28.2,28.0,33.4,26.6,13.0,15.0,STEEL,55.0,50.0,45.0,330.0,350.0,16.0,18.0,False,False,130.0,2.0,0.9,1.1,0.9,1.2,1.0,0.9,674.0,52.0,674.0,52.0,0,2,False,0,1.0,68.0,31.8,0.0,31.8,False,False,False,False,True,11,2.0,False,255.0,0.0,0.0,SPOKED,SPOKED,0.0,0.0,0.0,0.0,80.0,278.0,28.0,300.0,1.0
430.0,65.0,600.0,73.0,140.0,45.0,555.0,73.5,650.0,45.0,40.0,25.4,36.5,23.35,23.35,13.0,15.0,STEEL,30.0,40.0,40.0,0.0,0.0,0.0,0.0,False,False,130.0,2.0,0.9,1.1,0.9,1.2,1.0,0.9,674.0,52.0,674.0,52.0,0,0,False,0,3.0,68.0,34.0,0.0,31.8,False,False,False,False,True,11,2.0,False,255.0,0,0,SPOKED,SPOKED,1.0,1.0,80.0,80.0,280.0,730.0,26.8,300.0,1.0
425.0,66.0,605.0,72.5,135.0,45.0,560.0,74.0,645.0,46.0,40.0,26.0,37.0,24.0,24.0,14.0,15.0,STEEL,32.0,42.0,38.0,0.0,0.0,0.0,0.0,False,False,130.0,2.0,0.9,1.1,0.9,1.2,1.0,0.9,674.0,52.0,674.0,52.0,0,1,False,0,3.0,70.0,36.0,0.0,34.0,False,False,False,False,True,11,2.0,False,255.0,0,0,SPOKED,SPOKED,1.0,1.0,80.0,80.0,285.0,725.0,26.8,310.0,1.0
435.0,64.0,590.0,74.0,145.0,45.0,550.0,73.0,655.0,44.0,40.0,25.4,36.5,23.35,23.35,13.0,15.0,STEEL,28.0,38.0,42.0,0.0,0.0,0.0,0.0,False,False,130.0,2.0,0.9,1.1,0.9,1.2,1.0,0.9,674.0,52.0,674.0,52.0,0,2,False,0,3.0,68.0,32.0,0.0,28.6,False,False,False,False,True,11,2.0,False,255.0,0,0,SPOKED,SPOKED,1.0,1.0,80.0,80.0,290.0,735.0,26.8,320.0,1.0
428.0,67.0,610.0,73.0,150.0,45.0,565.0,74.5,660.0,45.0,40.0,25.4,36.5,23.35,23.35,13.0,15.0,STEEL,35.0,45.0,45.0,0.0,0.0,0.0,0.0,False,False,130.0,2.0,0.9,1.1,0.9,1.2,1.0,0.9,674.0,52.0,674.0,52.0,0,1,False,0,3.0,73.0,36.0,0.0,31.8,False,False,False,False,True,11,2.0,False,255.0,0,0,SPOKED,SPOKED,1.0,1.0,80.0,80.0,295.0,740.0,26.8,330.0,1.0
422.0,65.0,595.0,73.5,142.0,45.0,553.0,73.8,648.0,47.0,40.0,25.4,36.5,23.35,23.35,14.0,15.0,STEEL,33.0,39.0,39.0,0.0,0.0,0.0,0.0,False,False,130.0,2.0,0.9,1.1,0.9,1.2,1.0,0.9,674.0,52.0,674.0,52.0,0,0,False,0,3.0,68.0,34.0,0.0,31.8,False,False,False,False,True,11,2.0,False,255.0,0,0,SPOKED,SPOKED,1.0,1.0,80.0,80.0,282.0,728.0,26.8,305.0,1.0
438.0,66.0,608.0,72.0,138.0,45.0,558.0,74.2,652.0,46.0,40.0,25.4,36.5,23.35,23.35,13.0,15.0,STEEL,31.0,41.0,41.0,0.0,0.0,0.0,0.0,False,False,130.0,2.0,0.9,1.1,0.9,1.2,1.0,0.9,674.0,52.0,674.0,52.0,0,2,False,0,3.0,70.0,36.0,0.0,34.0,False,False,False,False,True,11,2.0,False,255.0,0,0,SPOKED,SPOKED,1.0,1.0,80.0,80.0,288.0,732.0,26.8,315.0,1.0
440.0,64.0,602.0,73.5,130.0,45.0,545.0,73.0,640.0,43.0,40.0,25.4,36.5,23.35,23.35,14.0,15.0,STEEL,27.0,37.0,37.0,0.0,0.0,0.0,0.0,False,False,130.0,2.0,0.9,1.1,0.9,1.2,1.0,0.9,674.0,52.0,674.0,52.0,0,0,False,0,3.0,72.0,32.0,0.0,28.6,False,False,False,False,True,11,2.0,False,255.0,0,0,SPOKED,SPOKED,1.0,1.0,80.0,80.0,278.0,726.0,26.8,300.0,1.0
432.0,68.0,605.0,72.2,146.0,45.0,559.0,74.0,658.0,44.0,40.0,25.4,36.5,23.35,23.35,13.0,15.0,STEEL,29.0,39.0,39.0,0.0,0.0,0.0,0.0,False,False,130.0,2.0,0.9,1.1,0.9,1.2,1.0,0.9,674.0,52.0,674.0,52.0,0,1,False,0,3.0,68.0,34.0,0.0,31.8,False,False,False,False,True,11,2.0,False,255.0,0,0,SPOKED,SPOKED,1.0,1.0,80.0,80.0,290.0,735.0,26.8,340.0,1.0
420.0,67.0,600.0,73.0,144.0,45.0,561.0,73.7,649.0,45.0,40.0,25.4,36.5,23.35,23.35,14.0,15.0,STEEL,34.0,43.0,43.0,0.0,0.0,0.0,0.0,False,False,130.0,2.0,0.9,1.1,0.9,1.2,1.0,0.9,674.0,52.0,674.0,52.0,0,2,False,0,3.0,73.0,36.0,0.0,34.0,False,False,False,False,True,11,2.0,False,255.0,0,0,SPOKED,SPOKED,1.0,1.0,80.0,80.0,292.0,728.0,26.8,325.0,1.0
434.0,66.0,598.0,73.8,136.0,45.0,557.0,74.1,653.0,46.0,40.0,25.4,36.5,23.35,23.35,13.0,15.0,STEEL,31.0,41.0,39.0,0.0,0.0,0.0,0.0,False,False,130.0,2.0,0.9,1.1,0.9,1.2,1.0,0.9,674.0,52.0,674.0,52.0,0,1,False,0,3.0,70.0,34.0,0.0,31.8,False,False,False,False,True,11,2.0,False,255.0,0,0,SPOKED,SPOKED,1.0,1.0,80.0,80.0,284.0,733.0,26.8,318.0,1.0
420.0,70.0,590.0,73.0,125.0,45.0,555.0,74.0,650.0,45.0,40.0,28.6,36.5,23.35,13.0,15.0,9.0,STEEL,35.0,48.0,40.0,330.0,350.0,16.0,18.0,False,False,130.0,2.0,0.9,1.1,0.9,1.2,1.0,0.9,674.0,52.0,674.0,52.0,0,2,False,0,3.0,68.0,31.8,692.0,31.8,True,True,False,False,True,11,2.0,False,255.0,0,0,SPOKED,SPOKED,1.0,1.0,80.0,80.0,80.0,720.0,26.8,300.0,1.0
425.0,70.0,595.0,73.0,130.0,45.0,560.0,74.0,655.0,40.0,40.0,30.0,38.0,23.35,13.0,15.0,9.0,STEEL,38.0,50.0,42.0,330.0,350.0,16.0,18.0,False,False,135.0,2.0,0.9,1.1,0.9,1.2,1.0,0.9,674.0,52.0,674.0,52.0,0,0,False,0,1.0,68.0,31.8,692.0,31.8,False,True,False,False,True,11,2.0,False,255.0,0,0,SPOKED,SPOKED,1.0,1.0,80.0,80.0,80.0,730.0,28.0,310.0,2.0
410.0,68.0,585.0,74.0,120.0,45.0,550.0,73.0,645.0,42.0,40.0,27.5,36.5,25.0,14.0,17.0,10.0,STEEL,32.0,45.0,38.0,330.0,350.0,16.0,18.0,False,False,130.0,2.0,0.9,1.1,0.9,1.2,1.0,0.9,674.0,52.0,674.0,52.0,0,1,False,0,3.0,68.0,31.8,692.0,31.8,True,False,False,False,True,12,2.0,False,255.0,0,0,SPOKED,SPOKED,1.0,1.0,80.0,80.0,75.0,710.0,27.0,290.0,1.0
430.0,70.0,600.0,72.0,140.0,45.0,560.0,74.0,660.0,43.0,40.0,29.0,40.0,24.0,13.0,15.0,8.0,STEEL,40.0,52.0,45.0,330.0,350.0,16.0,18.0,False,False,130.0,2.0,0.9,1.1,0.9,1.2,1.0,0.9,674.0,52.0,674.0,52.0,0,2,False,0,1.0,68.0,31.8,692.0,31.8,True,True,False,False,True,11,2.0,False,255.0,0,0,SPOKED,SPOKED,1.0,1.0,80.0,80.0,82.0,725.0,26.8,305.0,2.0
415.0,69.0,580.0,73.0,125.0,45.0,555.0,75.0,655.0,46.0,40.0,28.6,36.5,23.35,13.0,15.0,9.0,STEEL,36.0,49.0,39.0,330.0,350.0,16.0,18.0,False,False,132.0,2.0,0.9,1.1,0.9,1.2,1.0,0.9,674.0,52.0,674.0,52.0,0,1,False,0,3.0,68.0,31.8,692.0,31.8,True,True,False,False,True,12,2.0,False,255.0,0,0,SPOKED,SPOKED,1.0,1.0,80.0,80.0,78.0,715.0,26.8,298.0,1.0
425.0,70.0,610.0,73.0,150.0,45.0,565.0,74.0,670.0,45.0,40.0,30.0,40.0,23.35,13.0,15.0,9.0,STEEL,45.0,55.0,50.0,330.0,350.0,16.0,18.0,False,False,135.0,2.0,0.9,1.1,0.9,1.2,1.0,0.9,674.0,52.0,674.0,52.0,0,2,False,0,1.0,68.0,31.8,692.0,31.8,False,True,False,False,True,11,2.0,False,255.0,0,0,SPOKED,SPOKED,1.0,1.0,80.0,80.0,85.0,735.0,27.5,320.0,2.0
430.0,66.0,580.0,72.0,130.0,45.0,545.0,73.0,650.0,44.0,40.0,28.0,36.0,23.35,13.0,15.0,9.0,STEEL,33.0,47.0,39.0,330.0,350.0,16.0,18.0,False,False,130.0,2.0,0.9,1.1,0.9,1.2,1.0,0.9,674.0,52.0,674.0,52.0,0,0,False,0,3.0,68.0,31.8,692.0,31.8,True,True,False,False,True,10,2.0,False,255.0,0,0,SPOKED,SPOKED,1.0,1.0,80.0,80.0,80.0,720.0,26.5,300.0,1.0
420.0,70.0,600.0,74.0,120.0,45.0,560.0,74.0,660.0,43.0,40.0,29.0,38.0,24.0,14.0,15.0,8.0,STEEL,34.0,50.0,37.0,330.0,350.0,16.0,18.0,False,False,130.0,2.0,0.9,1.1,0.9,1.2,1.0,0.9,674.0,52.0,674.0,52.0,0,1,False,0,1.0,68.0,31.8,692.0,31.8,False,False,False,False,True,11,2.0,False,255.0,0,0,SPOKED,SPOKED,1.0,1.0,80.0,80.0,78.0,715.0,27.0,295.0,2.0
415.0,70.0,590.0,73.0,135.0,45.0,555.0,75.0,660.0,45.0,40.0,30.0,36.5,23.35,13.0,15.0,9.0,STEEL,38.0,48.0,42.0,330.0,350.0,16.0,18.0,False,False,130.0,2.0,0.9,1.1,0.9,1.2,1.0,0.9,674.0,52.0,674.0,52.0,0,0,False,0,3.0,68.0,31.8,692.0,31.8,True,True,False,False,True,11,2.0,False,255.0,0,0,SPOKED,SPOKED,1.0,1.0,80.0,80.0,80.0,720.0,26.8,300.0,1.0
440.0,70.0,595.0,73.0,128.0,45.0,558.0,74.0,655.0,46.0,40.0,29.5,37.0,24.0,14.0,15.0,9.0,STEEL,36.0,50.0,41.0,330.0,350.0,16.0,18.0,False,False,130.0,2.0,0.9,1.1,0.9,1.2,1.0,0.9,674.0,52.0,674.0,52.0,0,1,False,0,1.0,68.0,31.8,692.0,31.8,False,True,False,False,True,11,2.0,False,255.0,0,0,SPOKED,SPOKED,1.0,1.0,80.0,80.0,79.0,718.0,26.9,302.0,2.0
425.0,70.0,580.0,73.0,130.0,50.0,560.0,73.0,680.0,45.0,40.0,32.0,40.0,30.0,25.0,13.0,15.0,STEEL,35.0,55.0,45.0,330.0,350.0,16.0,18.0,False,False,130.0,1.0,1.0,1.0,1.0,1.0,1.0,1.0,700.0,78.0,700.0,78.0,0,0,False,0,1.0,68.0,31.8,0.0,31.8,False,False,False,False,True,11,2.0,False,255.0,0,0,SPOKED,SPOKED,1.0,1.0,80.0,80.0,280.0,720.0,40.0,350.0,1.0
420.0,68.0,590.0,74.0,140.0,50.0,565.0,74.0,685.0,44.0,40.0,33.0,42.0,31.0,26.0,13.0,15.0,STEEL,36.0,56.0,46.0,330.0,350.0,16.0,18.0,False,False,130.0,1.1,1.0,1.0,1.0,1.0,1.0,1.1,700.0,78.0,700.0,78.0,0,1,False,0,1.0,68.0,31.8,0.0,31.8,False,False,False,False,True,11,2.0,False,255.0,0,0,SPOKED,SPOKED,1.0,1.0,85.0,80.0,275.0,730.0,42.0,360.0,1.0
428.0,72.0,575.0,72.0,120.0,52.0,555.0,72.0,675.0,46.0,40.0,28.0,38.0,29.0,24.0,13.0,15.0,STEEL,34.0,54.0,44.0,330.0,350.0,16.0,18.0,False,False,130.0,1.0,1.2,1.0,1.0,1.0,1.0,1.0,700.0,78.0,700.0,78.0,0,2,False,0,1.0,68.0,31.8,0.0,31.8,False,False,False,False,True,11,2.0,False,255.0,0,0,SPOKED,SPOKED,1.0,1.0,80.0,85.0,290.0,715.0,38.0,340.0,1.0
415.0,65.0,600.0,73.5,150.0,48.0,570.0,73.5,700.0,45.0,40.0,35.0,44.0,32.0,27.0,13.0,15.0,STEEL,38.0,58.0,48.0,330.0,350.0,16.0,18.0,False,False,130.0,1.0,1.0,1.2,1.0,1.0,1.0,1.0,700.0,78.0,700.0,78.0,0,0,False,0,1.0,68.0,31.8,0.0,31.8,False,False,False,False,True,11,2.0,False,255.0,0,0,SPOKED,SPOKED,1.0,1.0,90.0,80.0,260.0,700.0,44.0,300.0,1.0
430.0,68.0,620.0,72.5,125.0,50.0,580.0,72.5,690.0,47.0,40.0,30.0,39.0,30.0,25.0,13.0,15.0,STEEL,37.0,60.0,50.0,330.0,350.0,16.0,18.0,False,False,130.0,1.1,1.0,1.0,1.2,1.0,1.0,1.0,700.0,78.0,700.0,78.0,0,1,False,0,1.0,68.0,31.8,0.0,31.8,False,False,False,False,True,11,2.0,False,255.0,0,0,SPOKED,SPOKED,1.0,1.0,85.0,85.0,295.0,740.0,39.0,370.0,1.0
435.0,70.0,610.0,73.0,135.0,49.0,565.0,73.0,695.0,46.0,40.0,34.0,43.0,31.0,26.0,13.0,15.0,STEEL,36.0,57.0,47.0,330.0,350.0,16.0,18.0,False,False,130.0,1.0,1.1,1.0,1.0,1.0,1.2,1.0,700.0,78.0,700.0,78.0,0,2,False,0,1.0,68.0,31.8,0.0,31.8,False,False,False,False,True,11,2.0,False,255.0,0,0,SPOKED,SPOKED,1.0,1.0,80.0,90.0,285.0,730.0,43.0,350.0,1.0
419.0,69.0,595.0,74.0,145.0,51.0,555.0,74.0,682.0,44.0,40.0,31.0,41.0,30.0,25.0,13.0,15.0,STEEL,35.0,55.0,46.0,330.0,350.0,16.0,18.0,False,False,130.0,1.0,1.0,1.1,1.0,1.0,1.0,1.0,700.0,78.0,700.0,78.0,0,0,False,0,1.0,68.0,31.8,0.0,31.8,False,False,False,False,True,11,2.0,False,255.0,0,0,SPOKED,SPOKED,1.0,1.0,85.0,80.0,270.0,710.0,41.0,360.0,1.0
422.0,67.0,605.0,72.8,155.0,53.0,565.0,72.8,692.0,45.0,40.0,36.0,45.0,33.0,27.0,13.0,15.0,STEEL,38.0,59.0,49.0,330.0,350.0,16.0,18.0,False,False,130.0,1.2,1.0,1.0,1.0,1.1,1.0,1.0,700.0,78.0,700.0,78.0,0,1,False,0,1.0,68.0,31.8,0.0,31.8,False,False,False,False,True,11,2.0,False,255.0,0,0,SPOKED,SPOKED,1.0,1.0,90.0,85.0,300.0,725.0,45.0,345.0,1.0
418.0,66.0,620.0,73.2,165.0,50.0,580.0,73.2,695.0,46.0,40.0,33.0,42.0,31.0,26.0,13.0,15.0,STEEL,39.0,61.0,51.0,330.0,350.0,16.0,18.0,False,False,130.0,1.0,1.1,1.0,1.2,1.0,1.0,1.1,700.0,78.0,700.0,78.0,0,2,False,0,1.0,68.0,31.8,0.0,31.8,False,False,False,False,True,11,2.0,False,255.0,0,0,SPOKED,SPOKED,1.0,1.0,85.0,90.0,265.0,720.0,42.0,355.0,1.0
427.0,65.0,630.0,74.5,170.0,52.0,575.0,74.5,700.0,45.0,40.0,35.0,44.0,32.0,27.0,13.0,15.0,STEEL,40.0,63.0,52.0,330.0,350.0,16.0,18.0,False,False,130.0,1.1,1.0,1.0,1.0,1.0,1.2,1.0,700.0,78.0,700.0,78.0,0,0,False,0,1.0,68.0,31.8,0.0,31.8,False,False,False,False,True,11,2.0,False,255.0,0,0,SPOKED,SPOKED,1.0,1.0,95.0,85.0,275.0,735.0,44.0,365.0,1.0
420.0,66.0,580.0,73.0,140.0,45.0,580.0,74.0,660.0,45.0,40.0,30.0,36.5,24.0,25.0,13,15.0,STEEL,40.0,50.0,40.0,330.0,350.0,16,18,False,False,130.0,2.0,0.9,1.1,0.9,1.2,1.0,0.9,674.0,52.0,674.0,52.0,0,0,False,0,1.0,68.0,33.0,692,31.8,False,False,False,False,True,11,2.0,False,255.0,0,0,DISC,SPOKED,0.0,0.0,0.0,0.0,80.0,300.0,34.9,330.0,1.0
430.0,68.0,590.0,72.5,150.0,47.0,590.0,73.5,670.0,43.0,40.0,32.0,36.5,25.0,24.0,14,16.0,STEEL,45.0,52.0,42.0,330.0,350.0,16,18,False,False,135.0,2.0,0.9,1.1,0.9,1.2,1.0,0.9,670.0,50.0,680.0,52.0,0,1,False,0,3.0,68.0,33.0,692,31.8,False,False,False,False,True,11,2.0,False,255.0,0,0,SPOKED,DISC,0.0,0.0,0.0,0.0,82.0,305.0,34.9,330.0,1.0
415.0,64.0,575.0,73.7,130.0,46.0,570.0,74.2,655.0,46.0,40.0,29.0,36.5,23.0,22.0,13,15.0,STEEL,42.0,50.0,38.0,330.0,350.0,16,18,False,False,130.0,2.0,0.9,1.1,0.9,1.2,1.0,0.9,672.0,51.0,672.0,51.0,0,0,False,0,1.0,68.0,33.0,692,31.8,False,False,False,False,True,11,2.0,False,255.0,0,0,TRISPOKE,TRISPOKE,1.0,1.0,80.0,80.0,80.0,295.0,34.9,330.0,1.0
435.0,70.0,605.0,72.0,160.0,48.0,600.0,73.0,680.0,44.0,40.0,31.0,36.5,26.0,25.0,15,17.0,STEEL,50.0,55.0,45.0,330.0,350.0,16,18,False,False,135.0,2.0,0.9,1.1,0.9,1.2,1.0,0.9,669.0,53.0,669.0,53.0,0,2,False,0,1.0,68.0,33.0,692,31.8,False,False,False,False,True,11,2.0,False,255.0,0,0,SPOKED,SPOKED,0.0,0.0,0.0,0.0,80.0,310.0,34.9,330.0,1.0
425.0,62.0,565.0,74.0,135.0,44.0,565.0,75.0,645.0,47.0,40.0,28.0,36.5,22.0,23.0,12,14.0,STEEL,38.0,48.0,38.0,330.0,350.0,16,18,False,False,130.0,2.0,0.9,1.1,0.9,1.2,1.0,0.9,680.0,50.0,680.0,50.0,0,1,False,0,1.0,68.0,33.0,692,31.8,False,False,False,False,True,11,2.0,False,255.0,0,0,DISC,DISC,0.0,0.0,0.0,0.0,80.0,285.0,34.9,330.0,1.0
430.0,66.0,590.0,73.3,145.0,47.0,580.0,74.1,660.0,45.0,40.0,30.0,36.5,24.0,24.0,14,16.0,STEEL,44.0,52.0,42.0,330.0,350.0,16,18,False,False,132.0,2.0,0.9,1.1,0.9,1.2,1.0,0.9,675.0,52.0,675.0,52.0,0,0,False,0,1.0,68.0,33.0,692,31.8,False,False,False,False,True,11,2.0,False,255.0,0,0,SPOKED,TRISPOKE,0.0,1.0,0.0,80.0,80.0,299.0,34.9,330.0,1.0
438.0,69.0,597.0,72.8,155.0,48.0,595.0,73.8,675.0,44.0,40.0,31.0,36.5,25.0,24.0,15,17.0,STEEL,47.0,54.0,43.0,330.0,350.0,16,18,False,False,135.0,2.0,0.9,1.1,0.9,1.2,1.0,0.9,672.0,52.0,672.0,52.0,0,2,False,0,1.0,68.0,33.0,692,31.8,False,False,False,False,True,11,2.0,False,255.0,0,0,SPOKED,SPOKED,0.0,0.0,0.0,0.0,80.0,312.0,34.9,330.0,1.0
410.0,65.0,565.0,74.1,125.0,44.0,560.0,75.2,645.0,46.0,40.0,28.0,36.5,23.0,22.0,12,14.0,STEEL,38.0,48.0,38.0,330.0,350.0,16,18,False,False,130.0,2.0,0.9,1.1,0.9,1.2,1.0,0.9,678.0,50.0,678.0,50.0,0,1,False,0,1.0,68.0,33.0,692,31.8,False,False,False,False,True,11,2.0,False,255.0,0,0,DISC,TRISPOKE,0.0,1.0,0.0,80.0,80.0,287.0,34.9,330.0,1.0
425.0,67.0,583.0,73.2,142.0,45.0,585.0,74.3,662.0,45.0,40.0,30.0,36.5,24.0,24.0,13,15.0,STEEL,43.0,53.0,41.0,330.0,350.0,16,18,False,False,132.0,2.0,0.9,1.1,0.9,1.2,1.0,0.9,671.0,52.0,674.0,52.0,0,0,False,0,1.0,68.0,33.0,692,31.8,False,False,False,False,True,11,2.0,False,255.0,0,0,SPOKED,DISC,0.0,0.0,0.0,0.0,80.0,302.0,34.9,330.0,1.0
432.0,68.0,588.0,73.6,148.0,47.0,590.0,73.9,668.0,45.0,40.0,31.0,36.5,25.0,24.0,14,16.0,STEEL,45.0,52.0,42.0,330.0,350.0,16,18,False,False,134.0,2.0,0.9,1.1,0.9,1.2,1.0,0.9,673.0,52.0,673.0,52.0,0,0,False,0,1.0,68.0,33.0,692,31.8,False,False,False,False,True,11,2.0,False,255.0,0,0,DISC,SPOKED,0.0,0.0,0.0,0.0,80.0,297.0,34.9,330.0,1.0
425.0,65.0,600.0,72.0,120.0,45.0,550.0,74.0,660.0,45.0,45.0,28.6,36.5,36.5,23.35,13.0,15.0,STEEL,50.0,40.0,50.0,330.0,350.0,16.0,18.0,False,False,130.0,2.0,0.9,1.1,0.9,1.2,1.0,0.9,674.0,52.0,674.0,52.0,0,0,False,0,1.0,68.0,31.8,692.0,26.8,True,True,False,False,True,10,2.0,False,255.0,0,0,SPOKED,SPOKED,1.0,1.0,80.0,278.0,26.8,250.0,2.0,,
420.0,60.0,620.0,73.0,110.0,45.0,540.0,73.5,670.0,47.0,45.0,28.6,36.5,36.5,23.35,13.0,15.0,STEEL,55.0,45.0,52.0,330.0,350.0,16.0,18.0,False,False,135.0,2.0,1.0,1.2,1.0,1.2,1.0,0.9,674.0,52.0,674.0,52.0,0,1,False,0,1.0,68.0,31.8,692.0,26.8,True,True,False,False,True,11,2.0,False,255.0,0,0,SPOKED,SPOKED,0.0,0.0,80.0,280.0,26.8,260.0,2.0,,
430.0,67.0,580.0,71.0,130.0,45.0,555.0,74.5,650.0,45.0,45.0,28.6,36.5,36.5,23.35,13.0,15.0,STEEL,60.0,38.0,48.0,325.0,350.0,15.0,18.0,True,False,130.0,2.0,0.9,1.1,0.9,1.2,1.0,0.9,674.0,52.0,674.0,52.0,0,0,False,0,3.0,68.0,31.8,692.0,26.8,True,True,False,False,True,10,2.0,False,255.0,0,0,DISC,SPOKED,1.0,1.0,80.0,276.0,26.8,255.0,2.0,,
415.0,63.0,605.0,72.5,140.0,45.0,545.0,73.0,665.0,46.0,45.0,28.6,36.5,36.5,23.35,13.0,15.0,STEEL,45.0,42.0,55.0,330.0,350.0,16.0,18.0,False,False,130.0,2.0,0.9,1.1,0.9,1.2,1.0,0.9,674.0,52.0,674.0,52.0,0,1,False,0,1.0,68.0,31.8,692.0,26.8,True,True,False,False,True,9,2.0,False,255.0,0,0,TRISPOKE,SPOKED,1.0,1.0,80.0,282.0,26.8,265.0,2.0,,
440.0,65.0,610.0,74.0,100.0,45.0,560.0,74.0,680.0,44.0,45.0,28.6,36.5,36.5,23.35,13.0,15.0,STEEL,40.0,50.0,45.0,330.0,350.0,16.0,18.0,False,False,132.0,2.0,0.9,1.1,0.9,1.2,1.0,0.9,674.0,52.0,674.0,52.0,0,0,False,0,1.0,68.0,31.8,692.0,26.8,True,True,False,False,True,8,2.0,False,255.0,0,0,TRISPOKE,TRISPOKE,1.0,1.0,80.0,279.0,26.8,270.0,2.0,,
405.0,68.0,595.0,73.5,125.0,45.0,557.0,74.0,655.0,46.0,45.0,28.6,36.5,36.5,23.35,13.0,15.0,STEEL,48.0,44.0,53.0,330.0,350.0,16.0,18.0,False,False,130.0,2.0,0.9,1.2,0.9,1.2,1.0,0.9,674.0,52.0,674.0,52.0,0,0,False,0,2.0,68.0,31.8,692.0,26.8,True,True,False,False,True,11,3.0,False,255.0,0,0,DISC,DISC,0.0,0.0,80.0,285.0,26.8,260.0,2.0,,
435.0,64.0,615.0,72.0,118.0,45.0,552.0,74.0,662.0,45.0,45.0,28.6,36.5,36.5,23.35,13.0,15.0,STEEL,52.0,41.0,49.0,330.0,345.0,16.0,17.0,False,True,130.0,2.0,0.9,1.1,0.9,1.2,1.0,0.9,674.0,52.0,674.0,52.0,0,0,False,0,1.0,68.0,31.8,692.0,26.8,True,True,False,False,True,10,2.0,False,255.0,0,0,SPOKED,SPOKED,1.0,1.0,80.0,280.0,26.8,255.0,2.0,,
410.0,62.0,630.0,72.0,115.0,45.0,545.0,73.5,675.0,45.0,45.0,28.6,36.5,36.5,23.35,13.0,15.0,STEEL,50.0,39.0,50.0,330.0,350.0,16.0,18.0,False,False,130.0,2.0,1.0,1.1,1.0,1.2,1.0,0.9,674.0,52.0,674.0,52.0,0,0,False,0,1.0,68.0,31.8,692.0,26.8,True,True,False,False,True,9,2.0,False,255.0,0,0,SPOKED,SPOKED,1.0,1.0,80.0,276.0,26.8,250.0,2.0,,
450.0,60.0,585.0,74.5,135.0,45.0,553.0,74.0,660.0,44.0,45.0,28.6,36.5,36.5,23.35,13.0,15.0,STEEL,55.0,42.0,49.0,330.0,350.0,16.0,18.0,False,False,130.0,2.0,0.9,1.1,0.9,1.2,1.0,0.9,674.0,52.0,674.0,52.0,0,0,False,0,1.0,68.0,31.8,692.0,26.8,True,True,False,False,True,10,2.0,False,255.0,0,0,SPOKED,SPOKED,1.0,1.0,80.0,281.0,26.8,260.0,2.0,,
430.0,66.0,615.0,71.5,120.0,45.0,548.0,73.0,645.0,47.0,45.0,28.6,36.5,36.5,23.35,13.0,15.0,STEEL,53.0,41.0,47.0,330.0,350.0,16.0,18.0,False,False,130.0,2.0,0.9,1.1,0.9,1.2,1.0,0.9,674.0,52.0,674.0,52.0,0,0,False,1,1.0,68.0,31.8,692.0,26.8,True,True,False,False,True,9,3.0,False,255.0,0,0,SPOKED,SPOKED,1.0,1.0,80.0,277.0,26.8,255.0,2.0,,
430.0,70.0,600.0,73.0,130.0,45.0,560.0,73.5,650.0,45.0,45.0,25.4,36.5,23.35,13.0,15.0,15.0,STEEL,40.0,50.0,45.0,330.0,350.0,16.0,18.0,False,False,130.0,2.0,0.9,1.1,0.9,1.2,1.0,0.9,674.0,52.0,674.0,52.0,0,0,False,0,1.0,68.0,31.8,0.0,31.8,False,False,False,False,True,11,2.0,False,255.0,0,0,SPOKED,SPOKED,1.0,1.0,80.0,80.0,280.0,300.0,26.8,300.0,1.0
435.0,70.0,610.0,74.0,140.0,45.0,555.0,74.0,635.0,45.0,45.0,25.4,36.5,23.35,13.0,15.0,15.0,STEEL,42.0,48.0,45.0,330.0,350.0,16.0,18.0,False,False,130.0,2.0,0.9,1.1,0.9,1.2,1.0,0.9,674.0,52.0,674.0,52.0,0,2,True,0,1.0,68.0,31.8,0.0,31.8,True,False,False,False,True,11,2.0,False,255.0,0,0,DISC,SPOKED,0.0,1.0,0.0,80.0,285.0,310.0,26.8,320.0,1.0
428.0,70.0,595.0,72.5,120.0,45.0,565.0,75.0,645.0,46.0,45.0,25.4,36.5,23.35,13.0,15.0,15.0,STEEL,38.0,52.0,43.0,330.0,350.0,16.0,18.0,False,False,130.0,2.0,0.9,1.1,0.9,1.2,1.0,0.9,674.0,52.0,674.0,52.0,0,0,False,0,1.0,68.0,31.8,0.0,31.8,False,True,True,False,True,11,2.0,False,255.0,0,0,SPOKED,SPOKED,1.0,1.0,80.0,80.0,290.0,305.0,26.8,310.0,1.0
430.0,70.0,605.0,73.0,150.0,45.0,550.0,74.5,660.0,44.0,45.0,25.4,36.5,23.35,13.0,15.0,15.0,STEEL,45.0,49.0,44.0,330.0,350.0,16.0,18.0,False,False,130.0,2.0,0.9,1.1,0.9,1.2,1.0,0.9,674.0,52.0,674.0,52.0,0,0,False,0,1.0,68.0,31.8,0.0,31.8,False,False,False,True,True,11,2.0,False,255.0,0,0,SPOKED,SPOKED,1.0,1.0,80.0,80.0,275.0,295.0,26.8,295.0,1.0
435.0,70.0,600.0,73.0,135.0,45.0,555.0,73.0,650.0,45.0,45.0,25.4,36.5,23.35,13.0,15.0,15.0,STEEL,40.0,48.0,45.0,330.0,350.0,16.0,18.0,False,False,130.0,2.0,0.9,1.1,0.9,1.2,1.0,0.9,674.0,52.0,674.0,52.0,0,0,False,0,1.0,68.0,31.8,0.0,31.8,False,False,False,False,True,11,2.0,True,255.0,0,0,SPOKED,SPOKED,1.0,1.0,80.0,80.0,280.0,300.0,26.8,300.0,1.0
425.0,70.0,590.0,74.0,145.0,45.0,560.0,74.0,660.0,45.0,45.0,25.4,36.5,23.35,13.0,15.0,15.0,STEEL,42.0,48.0,44.0,330.0,350.0,16.0,18.0,False,False,135.0,2.0,0.9,1.1,0.9,1.2,1.0,0.9,674.0,52.0,674.0,52.0,0,0,False,0,1.0,68.0,31.8,0.0,31.8,False,False,False,False,True,11,2.0,False,255.0,0,0,SPOKED,SPOKED,1.0,1.0,80.0,80.0,280.0,300.0,26.8,300.0,1.0
430.0,70.0,605.0,73.0,125.0,45.0,550.0,73.0,640.0,44.0,45.0,25.4,36.5,23.35,13.0,15.0,15.0,STEEL,41.0,49.0,44.0,330.0,350.0,16.0,18.0,False,False,130.0,2.0,1.0,1.1,0.9,1.2,1.0,0.9,674.0,52.0,674.0,52.0,0,0,False,0,1.0,68.0,31.8,0.0,31.8,False,False,False,False,True,11,2.0,False,255.0,0,0,SPOKED,SPOKED,1.0,1.0,80.0,80.0,275.0,290.0,26.8,290.0,1.0
425.0,65.0,600.0,72.0,130.0,45.0,555.0,74.0,650.0,45.0,45.0,25.4,36.5,23.35,13.0,15.0,15.0,STEEL,40.0,50.0,45.0,330.0,350.0,16.0,18.0,False,False,130.0,2.0,0.9,1.1,0.9,1.2,1.0,0.9,674.0,52.0,674.0,52.0,0,0,False,0,1.0,68.0,31.8,0.0,31.8,False,False,False,False,True,11,2.0,False,255.0,0,0,SPOKED,SPOKED,1.0,1.0,80.0,80.0,280.0,300.0,26.8,300.0,1.0
435.0,70.0,600.0,73.0,130.0,45.0,555.0,73.5,650.0,45.0,45.0,25.4,36.5,23.35,13.0,15.0,15.0,STEEL,40.0,48.0,45.0,330.0,350.0,16.0,18.0,False,False,130.0,2.0,0.9,1.1,0.9,1.2,1.0,0.9,674.0,52.0,674.0,52.0,0,0,False,0,1.0,68.0,31.8,0.0,31.8,False,False,False,False,True,12,1.0,False,255.0,0,0,SPOKED,SPOKED,1.0,1.0,80.0,80.0,280.0,300.0,26.8,300.0,1.0
430.0,70.0,600.0,73.0,130.0,45.0,555.0,73.5,650.0,45.0,45.0,25.4,36.5,23.35,13.0,15.0,15.0,STEEL,40.0,48.0,45.0,330.0,350.0,16.0,18.0,False,False,130.0,2.0,0.9,1.1,0.9,1.2,1.0,0.9,674.0,52.0,674.0,52.0,0,0,False,0,1.0,68.0,31.8,0.0,31.8,False,False,False,False,True,11,2.0,False,255.0,0,0,SPOKED,SPOKED,1.0,1.0,80.0,80.0,280.0,300.0,26.8,300.0,2.0
420.0,65.0,580.0,73.0,120.0,45.0,540.0,73.0,620.0,45.0,40.0,28.6,36.5,23.35,23.35,15.0,9.0,STEEL,60.0,40.0,50.0,330.0,350.0,16.0,18.0,False,False,130.0,2.0,0.9,1.1,0.9,1.2,1.0,0.9,674.0,52.0,674.0,52.0,0,0,False,0,1.0,68.0,31.8,0.0,31.8,False,False,False,False,True,11,2.0,False,255.0,0,0,SPOKED,SPOKED,0.0,0.0,80.0,80.0,278.0,720.0,34.9,300.0,1.0
430.0,65.0,580.0,73.0,130.0,45.0,545.0,74.0,625.0,45.0,40.0,28.6,37.0,23.35,23.35,15.0,9.0,STEEL,65.0,45.0,50.0,330.0,350.0,16.0,18.0,False,False,130.0,2.0,1.0,1.1,0.9,1.2,1.0,0.9,674.0,52.0,674.0,52.0,0,0,False,0,1.0,68.0,31.8,0.0,31.8,False,False,False,False,True,11,2.0,False,255.0,0,0,SPOKED,SPOKED,0.0,0.0,80.0,80.0,278.0,720.0,34.9,300.0,1.0
420.0,65.0,570.0,73.0,110.0,45.0,535.0,73.0,615.0,45.0,40.0,28.6,36.5,23.35,23.35,15.0,9.0,STEEL,55.0,40.0,45.0,330.0,350.0,16.0,18.0,False,False,130.0,2.0,0.9,1.1,0.9,1.2,1.0,0.9,674.0,52.0,674.0,52.0,0,0,False,0,1.0,68.0,31.8,0.0,31.8,False,False,False,False,True,11,2.0,False,255.0,0,0,SPOKED,SPOKED,0.0,0.0,80.0,80.0,278.0,720.0,34.9,300.0,1.0
420.0,65.0,580.0,73.0,120.0,45.0,540.0,73.0,620.0,45.0,40.0,28.6,36.5,23.35,23.35,15.0,9.0,STEEL,60.0,40.0,50.0,330.0,350.0,16.0,18.0,False,False,130.0,2.0,0.9,1.1,0.9,1.2,1.0,0.9,674.0,52.0,674.0,52.0,0,0,False,0,1.0,68.0,31.8,0.0,31.8,False,False,False,False,True,11,2.0,False,255.0,0,0,TRISPOKE,SPOKED,1.0,0.0,80.0,80.0,278.0,720.0,34.9,300.0,1.0
420.0,65.0,580.0,73.0,120.0,45.0,540.0,73.0,620.0,45.0,40.0,28.6,36.5,23.35,23.35,15.0,9.0,STEEL,60.0,40.0,50.0,330.0,350.0,16.0,18.0,False,False,130.0,2.0,0.9,1.1,0.9,1.2,1.0,0.9,674.0,52.0,674.0,52.0,0,0,False,0,1.0,68.0,31.8,0.0,31.8,False,False,False,False,True,11,2.0,False,255.0,0,0,SPOKED,TRISPOKE,0.0,1.0,80.0,80.0,278.0,720.0,34.9,300.0,1.0
420.0,65.0,580.0,73.0,120.0,45.0,540.0,73.0,620.0,45.0,40.0,28.6,36.5,23.35,23.35,15.0,9.0,STEEL,60.0,40.0,50.0,330.0,350.0,16.0,18.0,False,False,130.0,2.0,0.9,1.1,0.9,1.2,1.0,0.9,674.0,52.0,674.0,52.0,0,0,False,0,1.0,68.0,31.8,0.0,31.8,False,False,False,False,True,11,2.0,False,255.0,0,0,DISC,SPOKED,0.0,0.0,80.0,80.0,278.0,720.0,34.9,300.0,1.0
420.0,65.0,580.0,73.0,120.0,45.0,540.0,73.0,620.0,45.0,40.0,28.6,38.0,23.35,23.35,15.0,9.0,STEEL,60.0,40.0,50.0,330.0,350.0,16.0,18.0,False,False,130.0,2.0,0.9,1.1,0.9,1.2,1.0,0.9,674.0,52.0,674.0,52.0,0,0,False,0,1.0,68.0,31.8,0.0,31.8,False,False,False,False,True,11,2.0,False,255.0,0,0,SPOKED,SPOKED,0.0,0.0,80.0,80.0,278.0,720.0,38.0,300.0,1.0
420.0,65.0,580.0,74.0,120.0,45.0,540.0,72.0,620.0,45.0,40.0,28.6,36.5,23.35,23.35,15.0,9.0,STEEL,60.0,40.0,50.0,330.0,350.0,16.0,18.0,False,False,130.0,2.0,0.9,1.1,0.9,1.2,1.0,0.9,674.0,52.0,674.0,52.0,0,0,False,0,1.0,68.0,31.8,0.0,31.8,False,False,False,False,True,11,2.0,False,255.0,0,0,SPOKED,SPOKED,0.0,0.0,80.0,80.0,278.0,720.0,34.9,300.0,1.0
420.0,65.0,580.0,73.0,120.0,45.0,540.0,73.0,620.0,45.0,40.0,28.6,36.5,23.35,23.35,15.0,9.0,STEEL,60.0,40.0,50.0,330.0,350.0,16.0,18.0,False,False,130.0,2.0,0.9,1.1,0.9,1.2,1.0,0.9,674.0,50.0,674.0,50.0,0,0,False,0,1.0,68.0,31.8,0.0,31.8,False,False,False,False,True,11,2.0,False,255.0,0,0,SPOKED,SPOKED,0.0,0.0,80.0,80.0,278.0,720.0,34.9,300.0,1.0
420.0,65.0,580.0,73.0,120.0,45.0,540.0,73.0,620.0,45.0,40.0,28.6,36.5,23.35,23.35,15.0,9.0,STEEL,60.0,40.0,50.0,330.0,350.0,16.0,18.0,False,False,130.0,2.2,1.0,1.2,1.0,1.3,1.1,1.0,674.0,52.0,674.0,52.0,0,0,False,0,1.0,68.0,31.8,0.0,31.8,False,False,False,False,True,11,2.0,False,255.0,0,0,SPOKED,SPOKED,0.0,0.0,80.0,80.0,278.0,720.0,34.9,300.0,1.0
425.0,65.0,580.0,73.0,105.0,45.0,555.0,74.0,645.0,50.0,40.0,25.4,36.5,23.35,23.35,13.0,15.0,STEEL,65.0,50.0,45.0,330.0,350.0,16.0,18.0,False,False,130.0,2.0,1.0,1.1,1.1,0.9,0.9,1.0,700.0,52.0,700.0,52.0,0,0,False,0,1.0,68.0,31.8,692.0,26.8,False,False,False,False,True,10,2.0,False,255.0,0,0,SPOKED,SPOKED,0.0,0.0,0.0,0.0,278.0,720.0,26.8,250.0,1.0
430.0,63.0,575.0,72.5,100.0,45.0,550.0,73.5,640.0,48.0,40.0,25.4,36.5,23.35,23.35,13.0,15.0,STEEL,60.0,48.0,44.0,330.0,350.0,16.0,18.0,False,False,130.0,2.0,1.0,1.1,1.1,0.9,0.9,1.0,700.0,52.0,700.0,52.0,0,0,False,0,1.0,68.0,31.8,692.0,26.8,False,False,False,False,True,10,2.0,False,255.0,0,0,SPOKED,SPOKED,0.0,0.0,0.0,0.0,278.0,720.0,26.8,250.0,1.0
420.0,66.0,590.0,73.5,110.0,45.0,560.0,74.5,650.0,52.0,40.0,25.4,36.5,23.35,23.35,13.0,15.0,STEEL,70.0,55.0,50.0,330.0,350.0,16.0,18.0,False,False,130.0,2.0,1.0,1.1,1.1,0.9,0.9,1.0,700.0,52.0,700.0,52.0,0,0,False,0,1.0,68.0,31.8,692.0,26.8,False,False,False,False,True,10,2.0,False,255.0,0,0,SPOKED,SPOKED,0.0,0.0,0.0,0.0,278.0,720.0,26.8,250.0,1.0
440.0,64.0,570.0,71.5,95.0,45.0,540.0,72.5,630.0,45.0,40.0,25.4,36.5,23.35,23.35,13.0,15.0,STEEL,58.0,49.0,42.0,330.0,350.0,16.0,18.0,False,False,130.0,2.0,1.0,1.1,1.1,0.9,0.9,1.0,700.0,52.0,700.0,52.0,0,0,False,0,1.0,68.0,31.8,692.0,26.8,False,False,False,False,True,10,2.0,False,255.0,0,0,SPOKED,SPOKED,0.0,0.0,0.0,0.0,278.0,720.0,26.8,250.0,1.0
415.0,67.0,600.0,72.0,120.0,45.0,565.0,75.0,655.0,55.0,40.0,25.4,36.5,23.35,23.35,13.0,15.0,STEEL,75.0,60.0,55.0,330.0,350.0,16.0,18.0,False,False,130.0,2.0,1.0,1.1,1.1,0.9,0.9,1.0,700.0,52.0,700.0,52.0,0,0,False,0,1.0,68.0,31.8,692.0,26.8,False,False,False,False,True,10,2.0,False,255.0,0,0,SPOKED,SPOKED,0.0,0.0,0.0,0.0,278.0,720.0,26.8,250.0,1.0
435.0,62.0,585.0,74.0,115.0,45.0,555.0,73.0,645.0,50.0,40.0,25.4,36.5,23.35,23.35,13.0,15.0,STEEL,68.0,52.0,48.0,330.0,350.0,16.0,18.0,False,False,130.0,2.0,1.0,1.1,1.1,0.9,0.9,1.0,700.0,52.0,700.0,52.0,0,0,False,0,1.0,68.0,31.8,692.0,26.8,False,False,False,False,True,10,2.0,False,255.0,0,0,SPOKED,SPOKED,0.0,0.0,0.0,0.0,278.0,720.0,26.8,250.0,1.0
445.0,64.0,595.0,73.0,130.0,45.0,570.0,74.0,660.0,54.0,40.0,25.4,36.5,23.35,23.35,13.0,15.0,STEEL,80.0,58.0,60.0,330.0,350.0,16.0,18.0,False,False,130.0,2.0,1.0,1.1,1.1,0.9,0.9,1.0,700.0,52.0,700.0,52.0,0,0,False,0,1.0,68.0,31.8,692.0,26.8,False,False,False,False,True,10,2.0,False,255.0,0,0,SPOKED,SPOKED,0.0,0.0,0.0,0.0,278.0,720.0,26.8,250.0,1.0
410.0,68.0,610.0,72.8,125.0,45.0,580.0,73.8,660.0,56.0,40.0,25.4,36.5,23.35,23.35,13.0,15.0,STEEL,78.0,60.0,58.0,330.0,350.0,16.0,18.0,False,False,130.0,2.0,1.0,1.1,1.1,0.9,0.9,1.0,700.0,52.0,700.0,52.0,0,0,False,0,1.0,68.0,31.8,692.0,26.8,False,False,False,False,True,10,2.0,False,255.0,0,0,SPOKED,SPOKED,0.0,0.0,0.0,0.0,278.0,720.0,26.8,250.0,1.0
450.0,65.0,565.0,71.0,90.0,45.0,530.0,72.0,635.0,47.0,40.0,25.4,36.5,23.35,23.35,13.0,15.0,STEEL,55.0,46.0,40.0,330.0,350.0,16.0,18.0,False,False,130.0,2.0,1.0,1.1,1.1,0.9,0.9,1.0,700.0,52.0,700.0,52.0,0,0,False,0,1.0,68.0,31.8,692.0,26.8,False,False,False,False,True,10,2.0,False,255.0,0,0,SPOKED,SPOKED,0.0,0.0,0.0,0.0,278.0,720.0,26.8,250.0,1.0
428.0,63.5,580.0,73.2,105.0,45.0,555.0,74.2,645.0,51.0,40.0,25.4,36.5,23.35,23.35,13.0,15.0,STEEL,65.0,53.0,45.0,330.0,350.0,16.0,18.0,False,False,130.0,2.0,1.0,1.1,1.1,0.9,0.9,1.0,700.0,52.0,700.0,52.0,0,0,False,0,1.0,68.0,31.8,692.0,26.8,False,False,False,False,True,10,2.0,False,255.0,0,0,SPOKED,SPOKED,0.0,0.0,0.0,0.0,278.0,720.0,26.8,250.0,1.0
425.0,68.0,600.0,73.0,120.0,45.0,560.0,73.0,650.0,45.0,40.0,30.0,35.0,25.0,25.0,13,15.0,STEEL,60.0,48.0,40.0,330.0,350.0,16,18,False,False,130.0,2.0,0.9,1.1,0.9,1.2,1.0,0.9,674.0,52.0,674.0,52.0,0,0,False,0,1.0,68.0,31.8,0,30,False,False,False,False,True,11,2.0,False,255.0,0,0,TRISPOKE,SPOKED,1.0,0.0,80.0,80.0,280.0,720.0,35.0,300.0,1.0
420.0,70.0,590.0,74.0,110.0,45.0,550.0,74.0,660.0,42.0,40.0,32.0,36.0,25.0,25.0,13,15.0,STEEL,58.0,46.0,42.0,330.0,350.0,16,18,False,False,130.0,2.0,0.9,1.1,0.9,1.2,1.0,0.9,674.0,52.0,674.0,52.0,0,0,False,0,1.0,68.0,31.8,0,30,False,False,False,False,True,12,2.0,False,255.0,0,0,TRISPOKE,TRISPOKE,1.0,1.0,90.0,90.0,280.0,725.0,35.0,310.0,1.0
430.0,67.0,605.0,72.0,125.0,45.0,565.0,73.0,655.0,44.0,40.0,30.0,34.0,26.0,24.0,13,15.0,STEEL,62.0,49.0,39.0,330.0,350.0,16,18,False,False,130.0,2.0,0.9,1.1,0.9,1.2,1.0,0.9,674.0,52.0,674.0,52.0,0,0,False,0,1.0,68.0,31.8,0,30,False,False,False,False,True,11,2.0,False,255.0,0,0,TRISPOKE,SPOKED,1.0,0.0,85.0,85.0,285.0,730.0,35.0,305.0,1.0
415.0,66.0,615.0,73.5,130.0,45.0,570.0,72.5,645.0,46.0,40.0,31.0,35.0,24.0,26.0,13,15.0,STEEL,61.0,47.0,41.0,330.0,350.0,16,18,False,False,130.0,2.0,0.9,1.1,0.9,1.2,1.0,0.9,674.0,52.0,674.0,52.0,0,0,False,0,1.0,68.0,31.8,0,30,False,False,False,False,True,10,2.0,False,255.0,0,0,TRISPOKE,TRISPOKE,1.0,1.0,80.0,80.0,290.0,740.0,35.0,295.0,1.0
435.0,65.0,620.0,72.0,115.0,45.0,555.0,74.0,660.0,43.0,40.0,29.0,33.0,25.0,23.0,13,15.0,STEEL,59.0,50.0,43.0,330.0,350.0,16,18,False,False,130.0,2.0,0.9,1.1,0.9,1.2,1.0,0.9,674.0,52.0,674.0,52.0,0,0,False,0,1.0,68.0,31.8,0,30,False,False,False,False,True,11,2.0,False,255.0,0,0,TRISPOKE,SPOKED,1.0,0.0,90.0,90.0,280.0,710.0,35.0,320.0,1.0
425.0,67.0,595.0,74.0,118.0,45.0,565.0,73.5,650.0,45.0,40.0,30.0,36.0,24.0,25.0,13,15.0,STEEL,60.0,48.0,40.0,330.0,350.0,16,18,False,False,130.0,2.0,0.9,1.1,0.9,1.2,1.0,0.9,674.0,52.0,674.0,52.0,0,0,False,0,1.0,68.0,31.8,0,30,False,False,False,False,True,12,2.0,False,255.0,0,0,TRISPOKE,SPOKED,1.0,0.0,85.0,85.0,290.0,715.0,35.0,305.0,1.0
440.0,69.0,610.0,73.0,122.0,45.0,575.0,73.0,655.0,44.0,40.0,32.0,35.0,26.0,24.0,13,15.0,STEEL,63.0,49.0,38.0,330.0,350.0,16,18,False,False,130.0,2.0,0.9,1.1,0.9,1.2,1.0,0.9,674.0,52.0,674.0,52.0,0,0,False,0,1.0,68.0,31.8,0,30,False,False,False,False,True,11,2.0,False,255.0,0,0,TRISPOKE,TRISPOKE,1.0,1.0,80.0,80.0,285.0,735.0,35.0,318.0,1.0
410.0,71.0,585.0,73.5,112.0,45.0,560.0,74.0,648.0,47.0,40.0,31.0,35.0,25.0,26.0,13,15.0,STEEL,58.0,47.0,42.0,330.0,350.0,16,18,False,False,130.0,2.0,0.9,1.1,0.9,1.2,1.0,0.9,674.0,52.0,674.0,52.0,0,0,False,0,1.0,68.0,31.8,0,30,False,False,False,False,True,10,2.0,False,255.0,0,0,TRISPOKE,SPOKED,1.0,0.0,90.0,90.0,280.0,712.0,35.0,312.0,1.0
420.0,66.0,600.0,72.5,128.0,45.0,565.0,73.0,655.0,46.0,40.0,30.0,36.0,26.0,24.0,13,15.0,STEEL,62.0,50.0,39.0,330.0,350.0,16,18,False,False,130.0,2.0,0.9,1.1,0.9,1.2,1.0,0.9,674.0,52.0,674.0,52.0,0,0,False,0,1.0,68.0,31.8,0,30,False,False,False,False,True,11,2.0,False,255.0,0,0,TRISPOKE,TRISPOKE,1.0,1.0,85.0,85.0,288.0,728.0,35.0,308.0,1.0
430.0,68.0,605.0,73.0,119.0,45.0,570.0,72.5,650.0,45.0,40.0,31.0,35.0,24.0,25.0,13,15.0,STEEL,60.0,48.0,41.0,330.0,350.0,16,18,False,False,130.0,2.0,0.9,1.1,0.9,1.2,1.0,0.9,674.0,52.0,674.0,52.0,0,0,False,0,1.0,68.0,31.8,0,30,False,False,False,False,True,12,2.0,False,255.0,0,0,TRISPOKE,SPOKED,1.0,0.0,80.0,80.0,290.0,721.0,35.0,299.0,1.0
430.0,68.0,580.0,73.0,140.0,45.0,580.0,74.0,680.0,45.0,45.0,31.8,34.9,34.9,30.0,13,15.0,STEEL,30.0,50.0,35.0,330.0,350.0,16,18,False,False,130.0,2.0,0.9,1.1,0.9,1.2,1.0,0.9,700.0,78.0,700.0,78.0,0,0,False,0,3.0,68.0,35.0,0,34.9,False,False,False,False,True,11,2.0,False,255.0,0,0,SPOKED,SPOKED,0.0,0.0,0.0,0.0,80.0,280.0,34.9,310.0,1.0
435.0,68.0,590.0,74.0,150.0,45.0,590.0,73.5,690.0,45.0,45.0,31.8,34.9,34.9,30.0,13,15.0,STEEL,35.0,55.0,40.0,330.0,350.0,16,18,False,False,130.0,2.0,0.9,1.1,0.9,1.2,1.0,0.9,700.0,78.0,700.0,78.0,0,0,False,0,3.0,68.0,35.0,0,34.9,False,False,False,False,True,11,2.0,False,255.0,0,0,DISC,SPOKED,0.0,0.0,0.0,0.0,80.0,285.0,34.9,320.0,1.0
440.0,68.0,600.0,73.5,130.0,45.0,600.0,75.0,700.0,45.0,45.0,31.8,34.9,34.9,30.0,13,15.0,STEEL,25.0,45.0,30.0,330.0,350.0,16,18,False,False,130.0,2.0,0.9,1.1,0.9,1.2,1.0,0.9,700.0,78.0,700.0,78.0,0,0,False,0,3.0,68.0,35.0,0,34.9,False,False,False,False,True,11,2.0,False,255.0,0,0,SPOKED,DISC,0.0,0.0,0.0,0.0,80.0,290.0,34.9,330.0,1.0
425.0,68.0,610.0,72.5,160.0,45.0,610.0,74.5,710.0,45.0,45.0,31.8,34.9,34.9,30.0,13,15.0,STEEL,40.0,60.0,45.0,330.0,350.0,16,18,False,False,130.0,2.0,0.9,1.1,0.9,1.2,1.0,0.9,700.0,78.0,700.0,78.0,0,0,False,0,3.0,68.0,35.0,0,34.9,False,False,False,False,True,11,2.0,False,255.0,0,0,TRISPOKE,SPOKED,1.0,0.0,100.0,0.0,80.0,295.0,34.9,340.0,1.0
445.0,68.0,570.0,73.0,135.0,45.0,570.0,73.0,720.0,45.0,45.0,31.8,34.9,34.9,30.0,13,15.0,STEEL,28.0,48.0,33.0,330.0,350.0,16,18,False,False,130.0,2.0,0.9,1.1,0.9,1.2,1.0,0.9,700.0,78.0,700.0,78.0,0,0,False,0,3.0,68.0,35.0,0,34.9,False,False,False,False,True,11,2.0,False,255.0,0,0,SPOKED,TRISPOKE,0.0,1.0,0.0,100.0,80.0,300.0,34.9,350.0,1.0
438.0,68.0,585.0,74.0,155.0,45.0,585.0,74.0,730.0,45.0,45.0,31.8,34.9,34.9,30.0,13,15.0,STEEL,33.0,53.0,38.0,330.0,350.0,16,18,False,False,130.0,2.0,0.9,1.1,0.9,1.2,1.0,0.9,700.0,78.0,700.0,78.0,0,0,False,0,3.0,68.0,35.0,0,34.9,False,False,False,False,True,11,2.0,False,255.0,0,0,DISC,SPOKED,0.0,0.0,0.0,0.0,80.0,285.0,34.9,320.0,1.0
432.0,68.0,595.0,73.5,145.0,45.0,595.0,73.5,740.0,45.0,45.0,31.8,34.9,34.9,30.0,13,15.0,STEEL,38.0,58.0,43.0,330.0,350.0,16,18,False,False,130.0,2.0,0.9,1.1,0.9,1.2,1.0,0.9,700.0,78.0,700.0,78.0,0,0,False,0,3.0,68.0,35.0,0,34.9,False,False,False,False,True,11,2.0,False,255.0,0,0,SPOKED,DISC,0.0,0.0,0.0,0.0,80.0,290.0,34.9,330.0,1.0
449.0,68.0,605.0,72.5,165.0,45.0,605.0,75.0,750.0,45.0,45.0,31.8,34.9,34.9,30.0,13,15.0,STEEL,23.0,43.0,28.0,330.0,350.0,16,18,False,False,130.0,2.0,0.9,1.1,0.9,1.2,1.0,0.9,700.0,78.0,700.0,78.0,0,0,False,0,3.0,68.0,35.0,0,34.9,False,False,False,False,True,11,2.0,False,255.0,0,0,TRISPOKE,TRISPOKE,1.0,1.0,100.0,100.0,80.0,295.0,34.9,340.0,1.0
441.0,68.0,575.0,73.0,125.0,45.0,575.0,74.5,760.0,45.0,45.0,31.8,34.9,34.9,30.0,13,15.0,STEEL,36.0,51.0,36.0,330.0,350.0,16,18,False,False,130.0,2.0,0.9,1.1,0.9,1.2,1.0,0.9,700.0,78.0,700.0,78.0,0,0,False,0,3.0,68.0,35.0,0,34.9,False,False,False,False,True,11,2.0,False,255.0,0,0,DISC,SPOKED,0.0,0.0,0.0,0.0,80.0,300.0,34.9,350.0,1.0
437.0,68.0,565.0,74.0,170.0,45.0,565.0,73.0,770.0,45.0,45.0,31.8,34.9,34.9,30.0,13,15.0,STEEL,41.0,56.0,41.0,330.0,350.0,16,18,False,False,130.0,2.0,0.9,1.1,0.9,1.2,1.0,0.9,700.0,78.0,700.0,78.0,0,0,False,0,3.0,68.0,35.0,0,34.9,False,False,False,False,True,11,2.0,False,255.0,0,0,SPOKED,SPOKED,0.0,0.0,0.0,0.0,80.0,285.0,34.9,320.0,1.0
425.0,65.0,600.0,73.0,120.0,45.0,550.0,74.0,660.0,47.0,40.0,28.6,36.5,23.35,27.35,13,15.0,STEEL,30.0,40.0,50.0,330.0,350.0,16,18,False,False,130.0,2.0,1.0,1.0,1.0,1.0,1.0,1.0,700.0,78.0,700.0,78.0,0,2,False,0,1.0,68.0,34.0,0,34.9,False,False,False,False,True,11,2.0,False,255.0,0,0,SPOKED,SPOKED,0.0,0.0,0.0,0.0,270.0,650.0,36.5,300.0,0.0
425.0,63.0,610.0,74.0,130.0,48.0,560.0,73.0,670.0,50.0,40.0,27.0,36.0,22.5,27.0,14,16.0,STEEL,32.0,42.0,52.0,330.0,350.0,16,18,False,False,130.0,2.0,1.0,1.0,1.0,1.0,1.0,1.0,700.0,78.0,700.0,78.0,0,0,False,0,1.0,68.0,34.0,0,34.9,False,False,False,False,True,11,2.0,False,255.0,0,0,SPOKED,SPOKED,0.0,0.0,0.0,0.0,280.0,660.0,36.0,310.0,0.0
430.0,65.0,590.0,72.0,115.0,46.0,540.0,75.0,650.0,48.0,40.0,29.0,37.0,23.5,28.0,13,15.0,STEEL,28.0,38.0,48.0,330.0,350.0,16,18,False,False,130.0,2.0,1.0,1.0,1.0,1.0,1.0,1.0,700.0,78.0,700.0,78.0,0,2,False,0,1.0,68.0,34.0,0,34.9,False,False,False,False,True,12,2.0,False,255.0,0,0,SPOKED,SPOKED,0.0,0.0,0.0,0.0,260.0,640.0,37.0,320.0,0.0
420.0,67.0,605.0,73.0,140.0,47.0,555.0,74.0,655.0,47.0,40.0,28.0,36.5,23.35,27.35,13,17.0,STEEL,35.0,45.0,55.0,330.0,350.0,16,18,False,False,130.0,2.0,1.0,1.0,1.0,1.0,1.0,1.0,700.0,78.0,700.0,78.0,0,2,False,0,1.0,68.0,34.0,0,34.9,False,False,False,False,True,11,2.0,False,255.0,0,0,SPOKED,SPOKED,0.0,0.0,0.0,0.0,275.0,655.0,36.5,305.0,0.0
435.0,64.0,595.0,73.0,125.0,46.0,545.0,73.0,665.0,49.0,40.0,28.6,36.0,23.0,27.0,14,15.0,STEEL,31.0,41.0,51.0,330.0,350.0,16,18,False,False,130.0,2.0,1.0,1.0,1.0,1.0,1.0,1.0,700.0,78.0,700.0,78.0,0,2,False,0,1.0,68.0,34.0,0,34.9,False,False,False,False,True,11,2.0,False,255.0,0,0,SPOKED,SPOKED,0.0,0.0,0.0,0.0,285.0,645.0,36.0,315.0,0.0
415.0,66.0,615.0,74.0,110.0,44.0,565.0,74.0,675.0,46.0,40.0,28.2,36.8,23.6,27.6,13,15.0,STEEL,29.0,39.0,49.0,330.0,350.0,16,18,False,False,130.0,2.0,1.0,1.0,1.0,1.0,1.0,1.0,700.0,78.0,700.0,78.0,0,2,False,0,1.0,68.0,34.0,0,34.9,False,False,False,False,True,11,2.0,False,255.0,0,0,SPOKED,SPOKED,0.0,0.0,0.0,0.0,290.0,670.0,36.8,290.0,0.0
428.0,62.0,620.0,73.0,135.0,50.0,570.0,73.0,680.0,48.0,40.0,29.5,37.0,24.0,28.0,14,15.0,STEEL,33.0,43.0,53.0,330.0,350.0,16,18,False,False,130.0,2.0,1.0,1.0,1.0,1.0,1.0,1.0,700.0,78.0,700.0,78.0,0,2,False,0,1.0,68.0,34.0,0,34.9,False,False,False,False,True,11,2.0,False,255.0,0,0,SPOKED,SPOKED,0.0,0.0,0.0,0.0,265.0,660.0,37.0,300.0,0.0
422.0,68.0,605.0,73.0,118.0,49.0,560.0,74.0,672.0,47.0,40.0,28.4,36.2,23.2,27.2,14,15.0,STEEL,30.0,40.0,50.0,330.0,350.0,16,18,False,False,130.0,2.0,1.0,1.0,1.0,1.0,1.0,1.0,700.0,78.0,700.0,78.0,0,2,False,0,1.0,68.0,34.0,0,34.9,False,False,False,False,True,11,2.0,False,255.0,0,0,SPOKED,SPOKED,0.0,0.0,0.0,0.0,278.0,655.0,36.2,310.0,0.0
419.0,65.0,598.0,74.0,122.0,45.0,552.0,73.0,662.0,47.0,40.0,28.1,36.4,23.4,27.4,13,15.0,STEEL,28.0,38.0,48.0,330.0,350.0,16,18,False,False,130.0,2.0,1.0,1.0,1.0,1.0,1.0,1.0,700.0,78.0,700.0,78.0,0,2,False,0,1.0,68.0,34.0,0,34.9,False,False,False,False,True,11,2.0,False,255.0,0,0,SPOKED,SPOKED,0.0,0.0,0.0,0.0,272.0,648.0,36.4,305.0,0.0
430.0,63.0,607.0,73.0,127.0,47.0,558.0,74.0,668.0,49.0,40.0,28.7,36.3,23.3,27.3,14,16.0,STEEL,32.0,42.0,52.0,330.0,350.0,16,18,False,False,130.0,2.0,1.0,1.0,1.0,1.0,1.0,1.0,700.0,78.0,700.0,78.0,0,2,False,0,1.0,68.0,34.0,0,34.9,False,False,False,False,True,11,2.0,False,255.0,0,0,SPOKED,SPOKED,0.0,0.0,0.0,0.0,280.0,660.0,36.3,312.0,0.0
425.0,70.0,600.0,73.0,150.0,45.0,550.0,73.0,600.0,45.0,40.0,28.6,34.9,23.35,23.35,15.0,9.0,STEEL,30.0,45.0,40.0,330.0,350.0,16.0,18.0,False,False,130.0,2.0,0.9,1.1,0.9,1.2,1.0,0.9,674.0,52.0,674.0,52.0,0,0,False,0,1.0,68.0,34.0,0.0,31.8,False,False,False,False,True,11,2.0,False,255.0,0,0,SPOKED,SPOKED,1.0,1.0,80.0,80.0,280.0,300.0,34.9,300.0,1.0
430.0,72.0,610.0,72.0,155.0,45.0,555.0,74.0,605.0,47.0,40.0,28.6,34.9,23.35,23.35,15.0,9.0,STEEL,32.0,45.0,42.0,330.0,350.0,16.0,18.0,False,False,130.0,2.0,0.9,1.1,0.9,1.2,1.0,0.9,674.0,52.0,674.0,52.0,0,1,False,0,1.0,68.0,34.0,0.0,31.8,False,False,False,False,True,11,2.0,False,255.0,0,0,SPOKED,SPOKED,1.0,1.0,80.0,80.0,280.0,300.0,34.9,300.0,1.0
435.0,68.0,590.0,74.0,145.0,45.0,545.0,72.0,595.0,46.0,40.0,28.6,34.9,23.35,23.35,15.0,9.0,STEEL,28.0,45.0,38.0,330.0,350.0,16.0,18.0,False,False,130.0,2.0,0.9,1.1,0.9,1.2,1.0,0.9,674.0,52.0,674.0,52.0,0,2,False,0,1.0,68.0,34.0,0.0,31.8,False,False,False,False,True,11,2.0,False,255.0,0,0,SPOKED,SPOKED,1.0,1.0,80.0,80.0,280.0,300.0,34.9,300.0,1.0
440.0,70.0,615.0,73.5,160.0,45.0,565.0,73.5,610.0,50.0,40.0,28.6,34.9,23.35,23.35,15.0,9.0,STEEL,35.0,45.0,45.0,330.0,350.0,16.0,18.0,False,False,130.0,2.0,0.9,1.1,0.9,1.2,1.0,0.9,674.0,52.0,674.0,52.0,0,0,False,0,1.0,68.0,34.0,0.0,31.8,False,False,False,False,True,11,2.0,False,255.0,0,0,SPOKED,SPOKED,1.0,1.0,80.0,80.0,280.0,300.0,34.9,300.0,1.0
450.0,73.0,620.0,72.5,148.0,45.0,560.0,72.5,608.0,44.0,40.0,28.6,34.9,23.35,23.35,15.0,9.0,STEEL,29.0,45.0,39.0,330.0,350.0,16.0,18.0,False,False,130.0,2.0,0.9,1.1,0.9,1.2,1.0,0.9,674.0,52.0,674.0,52.0,0,1,False,0,1.0,68.0,34.0,0.0,31.8,False,False,False,False,True,11,2.0,False,255.0,0,0,SPOKED,SPOKED,1.0,1.0,80.0,80.0,280.0,300.0,34.9,300.0,1.0
415.0,69.0,580.0,71.5,142.0,45.0,540.0,71.0,580.0,48.0,40.0,28.6,34.9,23.35,23.35,15.0,9.0,STEEL,25.0,45.0,37.0,330.0,350.0,16.0,18.0,False,False,130.0,2.0,0.9,1.1,0.9,1.2,1.0,0.9,674.0,52.0,674.0,52.0,0,2,False,0,1.0,68.0,34.0,0.0,31.8,False,False,False,False,True,11,2.0,False,255.0,0,0,SPOKED,SPOKED,1.0,1.0,80.0,80.0,280.0,300.0,34.9,300.0,1.0
420.0,74.0,605.0,72.0,153.0,45.0,558.0,74.0,602.0,49.0,40.0,28.6,34.9,23.35,23.35,15.0,9.0,STEEL,31.0,45.0,41.0,330.0,350.0,16.0,18.0,False,False,130.0,2.0,0.9,1.1,0.9,1.2,1.0,0.9,674.0,52.0,674.0,52.0,0,0,False,0,1.0,68.0,34.0,0.0,31.8,False,False,False,False,True,11,2.0,False,255.0,0,0,SPOKED,SPOKED,1.0,1.0,80.0,80.0,280.0,300.0,34.9,300.0,1.0
445.0,68.5,612.0,73.0,157.0,45.0,563.0,73.0,615.0,46.5,40.0,28.6,34.9,23.35,23.35,15.0,9.0,STEEL,33.0,45.0,43.0,330.0,350.0,16.0,18.0,False,False,130.0,2.0,0.9,1.1,0.9,1.2,1.0,0.9,674.0,52.0,674.0,52.0,0,1,False,0,1.0,68.0,34.0,0.0,31.8,False,False,False,False,True,11,2.0,False,255.0,0,0,SPOKED,SPOKED,1.0,1.0,80.0,80.0,280.0,300.0,34.9,300.0,1.0
430.0,70.5,595.0,74.0,147.0,45.0,552.0,72.0,598.0,45.5,40.0,28.6,34.9,23.35,23.35,15.0,9.0,STEEL,27.0,45.0,39.5,330.0,350.0,16.0,18.0,False,False,130.0,2.0,0.9,1.1,0.9,1.2,1.0,0.9,674.0,52.0,674.0,52.0,0,2,False,0,1.0,68.0,34.0,0.0,31.8,False,False,False,False,True,11,2.0,False,255.0,0,0,SPOKED,SPOKED,1.0,1.0,80.0,80.0,280.0,300.0,34.9,300.0,1.0
435.0,71.0,618.0,73.0,162.0,45.0,568.0,73.5,620.0,50.5,40.0,28.6,34.9,23.35,23.35,15.0,9.0,STEEL,34.0,45.0,44.0,330.0,350.0,16.0,18.0,False,False,130.0,2.0,0.9,1.1,0.9,1.2,1.0,0.9,674.0,52.0,674.0,52.0,0,1,False,0,1.0,68.0,34.0,0.0,31.8,False,False,False,False,True,11,2.0,False,255.0,0,0,SPOKED,SPOKED,1.0,1.0,80.0,80.0,280.0,300.0,34.9,300.0,1.0
420.0,70.0,590.0,73.0,120.0,45.0,550.0,74.0,700.0,45.0,40.0,25.4,36.5,23.35,13.0,15.0,9.0,STEEL,40.0,50.0,50.0,0.0,0.0,0.0,0.0,False,False,130.0,2.0,0.9,1.1,0.9,1.2,1.0,0.9,678.0,52.0,678.0,52.0,0,0,False,0,1.0,68.0,31.8,0.0,31.8,False,False,False,False,True,11,2.0,False,255.0,0,0,SPOKED,SPOKED,0.0,0.0,0.0,0.0,280.0,720.0,26.8,320.0,1.0
430.0,68.0,605.0,72.5,130.0,45.0,560.0,73.5,710.0,43.0,40.0,25.4,36.5,23.35,13.0,15.0,9.0,STEEL,42.0,52.0,48.0,0.0,0.0,0.0,0.0,False,False,130.0,2.0,0.9,1.1,0.9,1.2,1.0,0.9,680.0,52.0,680.0,52.0,0,0,False,0,1.0,68.0,31.8,0.0,31.8,False,False,False,False,True,11,2.0,False,255.0,0,0,SPOKED,SPOKED,0.0,0.0,0.0,0.0,285.0,730.0,27.0,330.0,1.0
415.0,72.0,580.0,73.5,115.0,45.0,545.0,74.0,690.0,47.0,40.0,25.4,36.5,23.35,13.0,15.0,9.0,STEEL,38.0,48.0,52.0,0.0,0.0,0.0,0.0,False,False,130.0,2.0,0.9,1.1,0.9,1.2,1.0,0.9,676.0,52.0,676.0,52.0,0,0,False,0,1.0,68.0,31.8,0.0,31.8,False,False,False,False,True,11,2.0,False,255.0,0,0,SPOKED,SPOKED,0.0,0.0,0.0,0.0,275.0,710.0,27.2,310.0,1.0
440.0,68.0,600.0,72.0,140.0,45.0,575.0,73.0,730.0,44.0,40.0,25.4,36.5,23.35,13.0,15.0,9.0,STEEL,45.0,55.0,55.0,0.0,0.0,0.0,0.0,False,False,130.0,2.0,0.9,1.1,0.9,1.2,1.0,0.9,682.0,52.0,682.0,52.0,0,0,False,0,1.0,68.0,31.8,0.0,31.8,False,False,False,False,True,11,2.0,False,255.0,0,0,SPOKED,SPOKED,0.0,0.0,0.0,0.0,290.0,740.0,28.0,340.0,1.0
425.0,70.0,595.0,74.0,125.0,45.0,565.0,75.0,705.0,46.0,40.0,25.4,36.5,23.35,13.0,15.0,9.0,STEEL,41.0,53.0,49.0,0.0,0.0,0.0,0.0,False,False,130.0,2.0,0.9,1.1,0.9,1.2,1.0,0.9,679.0,52.0,679.0,52.0,0,0,False,0,1.0,68.0,31.8,0.0,31.8,False,False,False,False,True,11,2.0,False,255.0,0,0,SPOKED,SPOKED,0.0,0.0,0.0,0.0,282.0,725.0,26.5,325.0,1.0
435.0,69.0,610.0,72.8,135.0,45.0,580.0,73.8,720.0,42.0,40.0,25.4,36.5,23.35,13.0,15.0,9.0,STEEL,43.0,54.0,51.0,0.0,0.0,0.0,0.0,False,False,130.0,2.0,0.9,1.1,0.9,1.2,1.0,0.9,680.0,52.0,680.0,52.0,0,0,False,0,1.0,68.0,31.8,0.0,31.8,False,False,False,False,True,11,2.0,False,255.0,0,0,SPOKED,SPOKED,0.0,0.0,0.0,0.0,288.0,735.0,28.0,335.0,1.0
445.0,71.0,585.0,73.2,118.0,45.0,555.0,74.5,695.0,48.0,40.0,25.4,36.5,23.35,13.0,15.0,9.0,STEEL,39.0,49.0,50.0,0.0,0.0,0.0,0.0,False,False,130.0,2.0,0.9,1.1,0.9,1.2,1.0,0.9,677.0,52.0,677.0,52.0,0,0,False,0,1.0,68.0,31.8,0.0,31.8,False,False,False,False,True,11,2.0,False,255.0,0,0,SPOKED,SPOKED,0.0,0.0,0.0,0.0,276.0,715.0,27.5,315.0,1.0
410.0,70.0,605.0,74.0,128.0,45.0,565.0,73.3,710.0,45.0,40.0,25.4,36.5,23.35,13.0,15.0,9.0,STEEL,44.0,51.0,53.0,0.0,0.0,0.0,0.0,False,False,130.0,2.0,0.9,1.1,0.9,1.2,1.0,0.9,680.0,52.0,680.0,52.0,0,0,False,0,1.0,68.0,31.8,0.0,31.8,False,False,False,False,True,11,2.0,False,255.0,0,0,SPOKED,SPOKED,0.0,0.0,0.0,0.0,284.0,732.0,27.8,328.0,1.0
420.0,68.5,595.0,73.5,132.0,45.0,570.0,74.2,715.0,44.0,40.0,25.4,36.5,23.35,13.0,15.0,9.0,STEEL,47.0,52.0,54.0,0.0,0.0,0.0,0.0,False,False,130.0,2.0,0.9,1.1,0.9,1.2,1.0,0.9,681.0,52.0,681.0,52.0,0,0,False,0,1.0,68.0,31.8,0.0,31.8,False,False,False,False,True,11,2.0,False,255.0,0,0,SPOKED,SPOKED,0.0,0.0,0.0,0.0,286.0,738.0,27.3,338.0,1.0
460.0,69.0,602.0,73.3,138.0,45.0,565.0,74.6,720.0,45.0,40.0,25.4,36.5,23.35,13.0,15.0,9.0,STEEL,46.0,53.0,52.0,0.0,0.0,0.0,0.0,False,False,130.0,2.0,0.9,1.1,0.9,1.2,1.0,0.9,675.0,52.0,675.0,52.0,0,0,False,0,1.0,68.0,31.8,0.0,31.8,False,False,False,False,True,11,2.0,False,255.0,0,0,SPOKED,SPOKED,0.0,0.0,0.0,0.0,289.0,728.0,27.5,330.0,1.0
420.0,70.0,590.0,73.0,140.0,45.0,550.0,73.0,600.0,45.0,68.0,27.0,38.0,30.0,25.0,13,15.0,STEEL,40.0,45.0,40.0,330.0,350.0,16,18,False,False,130.0,2.0,0.9,1.1,0.9,1.2,1.0,0.9,672.0,50.0,672.0,50.0,0,0,False,0,1.0,68.0,34.0,0,31.8,True,True,False,False,True,11,2.0,False,255.0,0,0,SPOKED,SPOKED,0.0,0.0,250.0,740.0,38.0,300.0,1.0,,
415.0,72.0,585.0,74.0,145.0,45.0,545.0,74.0,605.0,48.0,68.0,25.0,36.5,32.0,28.0,13,15.0,STEEL,42.0,46.0,42.0,330.0,350.0,16,18,False,False,135.0,2.0,0.9,1.1,0.9,1.2,1.0,0.9,672.0,50.0,672.0,50.0,0,0,False,0,1.0,68.0,34.0,0,31.8,True,True,False,False,True,11,2.0,False,255.0,0,0,SPOKED,SPOKED,0.0,0.0,250.0,745.0,36.5,300.0,1.0,,
422.0,69.0,595.0,73.5,130.0,45.0,555.0,73.5,595.0,46.0,68.0,30.0,37.0,31.0,24.0,13,15.0,STEEL,38.0,47.0,39.0,330.0,350.0,16,18,False,False,130.0,2.0,0.9,1.1,0.9,1.2,1.0,0.9,672.0,50.0,672.0,50.0,0,0,False,0,1.0,68.0,34.0,0,31.8,True,True,False,False,True,11,2.0,False,255.0,0,0,SPOKED,SPOKED,0.0,0.0,250.0,750.0,37.0,300.0,1.0,,
418.0,68.0,600.0,72.0,150.0,45.0,560.0,72.0,610.0,44.0,68.0,26.0,39.0,30.0,25.0,13,15.0,STEEL,45.0,44.0,42.0,330.0,350.0,16,18,False,False,128.0,2.0,0.9,1.1,0.9,1.2,1.0,0.9,672.0,50.0,672.0,50.0,0,0,False,0,1.0,68.0,34.0,0,31.8,True,True,False,False,True,11,2.0,False,255.0,0,0,SPOKED,SPOKED,0.0,0.0,250.0,745.0,39.0,300.0,1.0,,
425.0,70.0,580.0,73.5,138.0,45.0,548.0,73.5,598.0,47.0,68.0,29.0,38.0,29.0,26.0,13,15.0,STEEL,42.0,43.0,41.0,330.0,350.0,16,18,False,False,130.0,2.0,0.9,1.1,0.9,1.2,1.0,0.9,672.0,50.0,672.0,50.0,0,0,False,0,1.0,68.0,34.0,0,31.8,True,True,False,False,True,11,2.0,False,255.0,0,0,SPOKED,SPOKED,0.0,0.0,250.0,735.0,38.0,300.0,1.0,,
419.0,71.0,578.0,74.0,132.0,45.0,553.0,74.0,603.0,46.0,68.0,27.5,36.0,30.0,27.0,13,15.0,STEEL,39.0,45.0,43.0,330.0,350.0,16,18,False,False,130.0,2.0,0.9,1.1,0.9,1.2,1.0,0.9,672.0,50.0,672.0,50.0,0,0,False,0,1.0,68.0,34.0,0,31.8,True,True,False,False,True,11,2.0,False,255.0,0,0,SPOKED,SPOKED,0.0,0.0,250.0,730.0,36.0,300.0,1.0,,
421.0,70.0,588.0,73.0,142.0,45.0,558.0,73.0,607.0,45.0,68.0,26.0,34.0,29.0,25.0,13,15.0,STEEL,44.0,45.0,44.0,330.0,350.0,16,18,False,False,130.0,2.0,0.9,1.1,0.9,1.2,1.0,0.9,672.0,50.0,672.0,50.0,0,0,False,0,1.0,68.0,34.0,0,31.8,True,True,False,False,True,11,2.0,False,255.0,0,0,SPOKED,SPOKED,0.0,0.0,250.0,738.0,34.0,300.0,1.0,,
417.0,69.0,590.0,73.5,136.0,45.0,552.0,73.5,600.0,45.0,68.0,25.0,37.0,28.0,26.0,13,15.0,STEEL,39.0,44.0,39.0,330.0,350.0,16,18,False,False,130.0,2.0,0.9,1.1,0.9,1.2,1.0,0.9,672.0,50.0,672.0,50.0,0,0,False,0,1.0,68.0,34.0,0,31.8,True,True,False,False,True,11,2.0,False,255.0,0,0,SPOKED,SPOKED,0.0,0.0,250.0,742.0,37.0,300.0,1.0,,
423.0,71.0,595.0,72.5,140.0,45.0,555.0,72.5,605.0,44.0,68.0,28.0,36.5,31.0,24.0,13,15.0,STEEL,40.0,45.0,40.0,330.0,350.0,16,18,False,False,130.0,2.0,0.9,1.1,0.9,1.2,1.0,0.9,672.0,50.0,672.0,50.0,0,0,False,0,1.0,68.0,34.0,0,31.8,True,True,False,False,True,11,2.0,False,255.0,0,0,SPOKED,SPOKED,0.0,0.0,250.0,746.0,36.5,300.0,1.0,,
416.0,68.0,592.0,74.0,134.0,45.0,547.0,74.0,598.0,46.0,68.0,29.0,38.5,30.0,27.0,13,15.0,STEEL,38.0,46.0,38.0,330.0,350.0,16,18,False,False,130.0,2.0,0.9,1.1,0.9,1.2,1.0,0.9,672.0,50.0,672.0,50.0,0,0,False,0,1.0,68.0,34.0,0,31.8,True,True,False,False,True,11,2.0,False,255.0,0,0,SPOKED,SPOKED,0.0,0.0,250.0,743.0,38.5,300.0,1.0,,
430.0,68.0,580.0,73.0,110.0,45.0,550.0,74.0,650.0,50.0,40.0,28.0,36.5,23.5,13.5,15.0,9.0,STEEL,65.0,50.0,40.0,330.0,350.0,16.0,18.0,False,False,130.0,2.0,1.0,1.2,1.0,1.2,1.0,1.0,674.0,52.0,674.0,52.0,0,0,False,0,1.0,68.0,31.8,0.0,26.8,True,True,False,False,False,11,2.0,False,255.0,0,0,SPOKED,SPOKED,0.0,0.0,0.0,0.0,80.0,280.0,26.8,250.0,1.0
420.0,65.0,570.0,74.0,120.0,45.0,560.0,73.0,660.0,52.0,40.0,30.0,38.0,24.0,13.0,16.0,9.5,STEEL,70.0,48.0,42.0,330.0,350.0,16.0,18.0,False,False,135.0,2.0,1.1,1.1,1.1,1.2,1.0,1.0,700.0,50.0,700.0,50.0,0,1,True,0,3.0,70.0,33.0,0.0,28.0,True,False,False,False,False,12,2.0,False,255.0,50,50,DISC,SPOKED,0.0,0.0,0.0,0.0,78.0,285.0,26.8,260.0,1.0
435.0,67.0,585.0,72.5,130.0,48.0,555.0,73.5,655.0,48.0,40.0,27.0,37.0,24.0,14.0,15.0,9.0,STEEL,75.0,52.0,41.0,330.0,350.0,16.0,18.0,False,False,130.0,2.0,1.0,1.0,1.0,1.0,1.0,1.0,674.0,52.0,674.0,52.0,0,2,False,0,1.0,68.0,32.0,0.0,27.0,True,True,False,False,False,11,2.0,False,255.0,0,0,SPOKED,SPOKED,0.0,0.0,0.0,0.0,82.0,282.0,27.0,255.0,1.0
427.0,66.0,578.0,73.5,115.0,46.0,560.0,74.0,648.0,51.0,40.0,26.0,36.0,23.5,13.0,16.0,9.2,STEEL,68.0,49.0,39.0,330.0,350.0,16.0,18.0,False,False,132.0,2.0,1.1,1.2,1.2,1.1,1.0,1.0,674.0,52.0,674.0,52.0,0,0,False,0,1.0,68.0,31.8,0.0,26.8,True,True,False,False,False,10,2.0,False,255.0,10,10,SPOKED,SPOKED,0.0,0.0,0.0,0.0,80.0,275.0,26.8,265.0,1.0
440.0,65.0,600.0,72.0,120.0,45.0,555.0,73.0,655.0,49.0,40.0,28.0,38.0,24.0,13.0,15.0,9.0,STEEL,75.0,50.0,42.0,330.0,350.0,16.0,18.0,False,False,135.0,2.0,1.1,1.2,1.1,1.1,1.0,1.0,680.0,50.0,680.0,50.0,0,1,True,0,1.0,68.0,32.0,0.0,27.0,True,True,False,False,False,12,2.0,False,255.0,0,10,SPOKED,SPOKED,0.0,0.0,0.0,0.0,78.0,290.0,26.8,260.0,1.0
430.0,64.0,588.0,74.0,110.0,46.0,550.0,75.0,670.0,53.0,40.0,25.0,36.0,23.0,14.0,14.0,8.5,STEEL,60.0,48.0,38.0,330.0,350.0,16.0,18.0,False,False,128.0,2.0,1.0,1.1,1.0,1.1,1.0,1.0,690.0,50.0,690.0,50.0,0,2,False,0,1.0,70.0,31.0,0.0,27.0,False,False,False,False,False,11,2.0,False,240.0,20,20,SPOKED,SPOKED,0.0,0.0,0.0,0.0,80.0,278.0,27.0,240.0,1.0
425.0,66.0,575.0,73.0,140.0,45.0,555.0,74.0,660.0,50.0,40.0,26.0,36.0,23.0,13.0,15.0,9.0,STEEL,80.0,55.0,45.0,330.0,350.0,16.0,18.0,False,False,140.0,2.0,1.0,1.3,1.1,1.1,1.0,1.0,674.0,52.0,674.0,52.0,0,0,False,0,3.0,68.0,34.0,0.0,27.0,True,True,False,False,False,11,2.0,False,255.0,0,5,SPOKED,SPOKED,0.0,0.0,0.0,0.0,80.0,290.0,27.0,265.0,3.0
415.0,68.0,565.0,74.0,120.0,44.0,540.0,75.0,670.0,54.0,40.0,27.0,37.0,23.5,13.5,16.0,10.0,STEEL,70.0,50.0,43.0,330.0,350.0,16.0,18.0,False,False,130.0,2.0,1.2,1.1,1.2,1.1,1.0,1.0,674.0,52.0,674.0,52.0,0,1,False,0,1.0,68.0,31.8,0.0,26.8,False,True,False,False,False,10,2.0,False,255.0,20,20,SPOKED,SPOKED,0.0,0.0,0.0,0.0,78.0,285.0,26.8,270.0,1.0
430.0,65.0,590.0,72.0,110.0,45.0,555.0,74.0,655.0,49.0,40.0,29.0,38.0,24.5,14.0,15.0,9.0,STEEL,70.0,50.0,42.0,330.0,350.0,16.0,18.0,False,False,135.0,2.0,1.1,1.2,1.1,1.2,1.1,1.0,700.0,48.0,700.0,48.0,0,1,True,0,1.0,70.0,32.0,0.0,27.5,True,True,False,False,False,12,2.0,False,255.0,0,0,SPOKED,SPOKED,0.0,0.0,0.0,0.0,80.0,280.0,27.0,260.0,1.0
428.0,64.0,582.0,73.8,118.0,47.0,552.0,74.2,658.0,51.0,41.0,26.5,37.0,23.8,13.8,15.5,9.3,STEEL,68.0,49.0,41.5,330.0,350.0,16.0,18.0,False,False,132.0,2.0,1.05,1.15,1.05,1.1,1.0,1.0,678.0,50.0,678.0,50.0,0,1,False,0,2.0,68.0,32.0,0.0,26.9,False,True,False,False,False,11,2.0,False,255.0,5,0,SPOKED,SPOKED,0.0,0.0,0.0,0.0,79.0,283.0,27.0,255.0,1.0
420.0,66.0,575.0,73.0,110.0,45.0,550.0,74.0,650.0,47.0,40.0,30.0,36.5,23.35,23.35,13.0,15.0,STEEL,58.0,46.0,38.0,330.0,350.0,16.0,18.0,False,False,130.0,2.0,0.9,1.1,0.9,1.2,1.0,0.9,674.0,52.0,674.0,52.0,0,0,False,0,1.0,68.0,31.8,692.0,31.8,False,False,False,False,True,11,2.0,False,255.0,0,0,SPOKED,SPOKED,1.0,1.0,80.0,80.0,278.0,718.0,26.8,250.0,1.0
422.0,66.0,578.0,74.0,113.0,45.0,552.0,74.0,652.0,47.0,40.0,30.0,36.5,23.35,23.35,13.0,15.0,STEEL,60.0,48.0,40.0,330.0,350.0,16.0,18.0,False,False,130.0,2.0,0.9,1.1,0.9,1.2,1.0,0.9,674.0,52.0,674.0,52.0,0,0,False,0,1.0,68.0,31.8,692.0,31.8,False,False,False,False,True,11,2.0,False,255.0,0,0,SPOKED,SPOKED,1.0,1.0,80.0,80.0,278.0,718.0,26.8,250.0,1.0
424.0,66.0,581.0,73.0,116.0,45.0,554.0,74.0,654.0,47.0,40.0,30.0,36.5,23.35,23.35,13.0,15.0,STEEL,62.0,50.0,42.0,330.0,350.0,16.0,18.0,False,False,130.0,2.0,0.9,1.1,0.9,1.2,1.0,0.9,674.0,52.0,674.0,52.0,0,0,False,0,1.0,68.0,31.8,692.0,31.8,False,False,False,False,True,11,2.0,False,255.0,0,0,SPOKED,SPOKED,1.0,1.0,80.0,80.0,278.0,718.0,26.8,250.0,1.0
426.0,66.0,584.0,74.0,119.0,45.0,556.0,74.0,656.0,47.0,40.0,30.0,36.5,23.35,23.35,13.0,15.0,STEEL,64.0,52.0,44.0,330.0,350.0,16.0,18.0,False,False,130.0,2.0,0.9,1.1,0.9,1.2,1.0,0.9,674.0,52.0,674.0,52.0,0,0,False,0,1.0,68.0,31.8,692.0,31.8,False,False,False,False,True,11,2.0,False,255.0,0,0,SPOKED,SPOKED,1.0,1.0,80.0,80.0,278.0,718.0,26.8,250.0,1.0
428.0,66.0,587.0,73.0,122.0,45.0,558.0,74.0,658.0,47.0,40.0,30.0,36.5,23.35,23.35,13.0,15.0,STEEL,66.0,54.0,46.0,330.0,350.0,16.0,18.0,False,False,130.0,2.0,0.9,1.1,0.9,1.2,1.0,0.9,674.0,52.0,674.0,52.0,0,0,False,0,1.0,68.0,31.8,692.0,31.8,False,False,False,False,True,11,2.0,False,255.0,0,0,SPOKED,SPOKED,1.0,1.0,80.0,80.0,278.0,718.0,26.8,250.0,1.0
430.0,66.0,590.0,74.0,125.0,45.0,560.0,74.0,660.0,47.0,40.0,30.0,36.5,23.35,23.35,13.0,15.0,STEEL,68.0,56.0,48.0,330.0,350.0,16.0,18.0,False,False,130.0,2.0,0.9,1.1,0.9,1.2,1.0,0.9,674.0,52.0,674.0,52.0,0,0,False,0,1.0,68.0,31.8,692.0,31.8,False,False,False,False,True,11,2.0,False,255.0,0,0,SPOKED,SPOKED,1.0,1.0,80.0,80.0,278.0,718.0,26.8,250.0,1.0
432.0,66.0,593.0,73.0,128.0,45.0,562.0,74.0,662.0,47.0,40.0,30.0,36.5,23.35,23.35,13.0,15.0,STEEL,70.0,58.0,50.0,330.0,350.0,16.0,18.0,False,False,130.0,2.0,0.9,1.1,0.9,1.2,1.0,0.9,674.0,52.0,674.0,52.0,0,0,False,0,1.0,68.0,31.8,692.0,31.8,False,False,False,False,True,11,2.0,False,255.0,0,0,SPOKED,SPOKED,1.0,1.0,80.0,80.0,278.0,718.0,26.8,250.0,1.0
434.0,66.0,596.0,74.0,131.0,45.0,564.0,74.0,664.0,47.0,40.0,30.0,36.5,23.35,23.35,13.0,15.0,STEEL,72.0,60.0,52.0,330.0,350.0,16.0,18.0,False,False,130.0,2.0,0.9,1.1,0.9,1.2,1.0,0.9,674.0,52.0,674.0,52.0,0,0,False,0,1.0,68.0,31.8,692.0,31.8,False,False,False,False,True,11,2.0,False,255.0,0,0,SPOKED,SPOKED,1.0,1.0,80.0,80.0,278.0,718.0,26.8,250.0,1.0
436.0,66.0,599.0,73.0,134.0,45.0,566.0,74.0,666.0,47.0,40.0,30.0,36.5,23.35,23.35,13.0,15.0,STEEL,74.0,62.0,54.0,330.0,350.0,16.0,18.0,False,False,130.0,2.0,0.9,1.1,0.9,1.2,1.0,0.9,674.0,52.0,674.0,52.0,0,0,False,0,1.0,68.0,31.8,692.0,31.8,False,False,False,False,True,11,2.0,False,255.0,0,0,SPOKED,SPOKED,1.0,1.0,80.0,80.0,278.0,718.0,26.8,250.0,1.0
438.0,66.0,602.0,74.0,137.0,45.0,568.0,74.0,668.0,47.0,40.0,30.0,36.5,23.35,23.35,13.0,15.0,STEEL,76.0,64.0,56.0,330.0,350.0,16.0,18.0,False,False,130.0,2.0,0.9,1.1,0.9,1.2,1.0,0.9,674.0,52.0,674.0,52.0,0,0,False,0,1.0,68.0,31.8,692.0,31.8,False,False,False,False,True,11,2.0,False,255.0,0,0,SPOKED,SPOKED,1.0,1.0,80.0,80.0,278.0,718.0,26.8,250.0,1.0
425.0,68.0,580.0,73.5,110.0,45.0,550.0,74.0,650.0,47.0,45.0,30.0,28.6,36.5,23.5,13.0,15.0,STEEL,60.0,50.0,35.0,330.0,350.0,16.0,18.0,False,False,130.0,2.0,0.9,1.1,0.9,1.2,1.0,0.9,674.0,52.0,674.0,52.0,0,0,False,0,1.0,68.0,32.0,692.0,26.8,True,True,False,False,True,10,2.0,False,255.0,0,0,SPOKED,SPOKED,0.0,0.0,80.0,80.0,285.0,730.0,26.8,350.0,1.0
430.0,70.0,590.0,74.0,120.0,45.0,560.0,73.5,660.0,47.0,45.0,30.0,28.6,36.5,23.5,13.0,15.0,STEEL,58.0,55.0,38.0,330.0,350.0,16.0,18.0,False,False,130.0,2.0,0.9,1.1,0.9,1.2,1.0,0.9,674.0,52.0,674.0,52.0,0,0,False,0,1.0,68.0,32.0,692.0,26.8,True,True,False,False,True,11,2.0,False,255.0,0,0,SPOKED,SPOKED,0.0,0.0,80.0,80.0,290.0,735.0,26.8,360.0,1.0
420.0,65.0,570.0,73.0,105.0,45.0,545.0,74.5,640.0,47.0,45.0,30.0,28.6,36.5,23.5,13.0,15.0,STEEL,62.0,48.0,33.0,330.0,350.0,16.0,18.0,False,False,130.0,2.0,0.9,1.1,0.9,1.2,1.0,0.9,674.0,52.0,674.0,52.0,0,0,False,0,1.0,68.0,32.0,692.0,26.8,True,True,False,False,True,9,2.0,False,255.0,0,0,SPOKED,SPOKED,0.0,0.0,80.0,80.0,280.0,725.0,26.8,340.0,1.0
415.0,75.0,600.0,72.5,130.0,45.0,580.0,73.0,670.0,47.0,45.0,30.0,28.6,36.5,23.5,13.0,15.0,STEEL,65.0,60.0,40.0,330.0,350.0,16.0,18.0,False,False,130.0,2.0,0.9,1.1,0.9,1.2,1.0,0.9,674.0,52.0,674.0,52.0,0,0,False,0,1.0,68.0,32.0,692.0,26.8,True,True,False,False,True,12,2.0,False,255.0,0,0,SPOKED,SPOKED,0.0,0.0,80.0,80.0,295.0,740.0,26.8,380.0,1.0
440.0,68.0,610.0,74.5,115.0,45.0,570.0,74.0,700.0,47.0,45.0,30.0,28.6,36.5,23.5,13.0,15.0,STEEL,55.0,52.0,36.0,330.0,350.0,16.0,18.0,False,False,130.0,2.0,0.9,1.1,0.9,1.2,1.0,0.9,674.0,52.0,674.0,52.0,0,0,False,0,1.0,68.0,32.0,692.0,26.8,True,True,False,False,True,11,2.0,False,255.0,0,0,SPOKED,SPOKED,0.0,0.0,80.0,80.0,292.0,745.0,26.8,370.0,1.0
435.0,72.0,595.0,73.5,125.0,45.0,560.0,73.5,680.0,47.0,45.0,30.0,28.6,36.5,23.5,13.0,15.0,STEEL,59.0,57.0,39.0,330.0,350.0,16.0,18.0,False,False,130.0,2.0,0.9,1.1,0.9,1.2,1.0,0.9,674.0,52.0,674.0,52.0,0,0,False,0,1.0,68.0,32.0,692.0,26.8,True,True,False,False,True,10,2.0,False,255.0,0,0,SPOKED,SPOKED,0.0,0.0,80.0,80.0,288.0,732.0,26.8,365.0,1.0
425.0,69.0,585.0,74.0,110.0,45.0,555.0,74.0,665.0,47.0,45.0,30.0,28.6,36.5,23.5,13.0,15.0,STEEL,57.0,53.0,37.0,330.0,350.0,16.0,18.0,False,False,130.0,2.0,0.9,1.1,0.9,1.2,1.0,0.9,674.0,52.0,674.0,52.0,0,0,False,0,1.0,68.0,32.0,692.0,26.8,True,True,False,False,True,9,2.0,False,255.0,0,0,SPOKED,SPOKED,0.0,0.0,80.0,80.0,284.0,728.0,26.8,345.0,1.0
430.0,67.0,580.0,73.0,118.0,45.0,565.0,73.0,675.0,47.0,45.0,30.0,28.6,36.5,23.5,13.0,15.0,STEEL,61.0,54.0,38.0,330.0,350.0,16.0,18.0,False,False,130.0,2.0,0.9,1.1,0.9,1.2,1.0,0.9,674.0,52.0,674.0,52.0,0,0,False,0,1.0,68.0,32.0,692.0,26.8,True,True,False,False,True,12,2.0,False,255.0,0,0,SPOKED,SPOKED,0.0,0.0,80.0,80.0,294.0,738.0,26.8,375.0,1.0
420.0,71.0,600.0,72.0,100.0,45.0,550.0,74.5,650.0,47.0,45.0,30.0,28.6,36.5,23.5,13.0,15.0,STEEL,56.0,51.0,34.0,330.0,350.0,16.0,18.0,False,False,130.0,2.0,0.9,1.1,0.9,1.2,1.0,0.9,674.0,52.0,674.0,52.0,0,0,False,0,1.0,68.0,32.0,692.0,26.8,True,True,False,False,True,10,2.0,False,255.0,0,0,SPOKED,SPOKED,0.0,0.0,80.0,80.0,282.0,730.0,26.8,355.0,1.0
438.0,66.0,610.0,74.0,122.0,45.0,575.0,73.5,690.0,47.0,45.0,30.0,28.6,36.5,23.5,13.0,15.0,STEEL,63.0,59.0,42.0,330.0,350.0,16.0,18.0,False,False,130.0,2.0,0.9,1.1,0.9,1.2,1.0,0.9,674.0,52.0,674.0,52.0,0,0,False,0,1.0,68.0,32.0,692.0,26.8,True,True,False,False,True,11,2.0,False,255.0,0,0,SPOKED,SPOKED,0.0,0.0,80.0,80.0,296.0,742.0,26.8,385.0,1.0
405.0,66.0,580.0,72.0,120.0,45.0,500.0,73.0,650.0,45.0,40.0,30.0,36.5,23.35,13.0,13,15.0,STEEL,25.0,48.0,30.0,330.0,350.0,16,18,False,False,130.0,2.0,0.9,1.1,0.9,1.2,1.0,0.9,674.0,52.0,674.0,52.0,0,2,False,0,1.0,68.0,30.0,692,31.8,False,False,False,False,True,8,2.0,False,255.0,0,0,SPOKED,SPOKED,1.0,1.0,80.0,80.0,250.0,280.0,36.0,750.0,1.0
415.0,67.0,590.0,72.5,130.0,45.0,510.0,73.5,660.0,46.0,40.0,32.0,38.0,25.0,15.0,14,15.0,STEEL,30.0,50.0,35.0,330.0,350.0,16,18,False,False,130.0,2.0,0.9,1.1,0.9,1.2,1.0,0.9,674.0,52.0,674.0,52.0,0,2,False,0,1.0,68.0,32.0,692,31.8,False,False,False,False,True,9,2.0,False,255.0,0,0,SPOKED,SPOKED,1.0,1.0,80.0,80.0,260.0,290.0,37.0,760.0,1.0
425.0,68.0,600.0,73.0,140.0,45.0,520.0,74.0,670.0,47.0,40.0,34.0,40.0,27.0,17.0,15,15.0,STEEL,35.0,52.0,40.0,330.0,350.0,16,18,False,False,130.0,2.0,0.9,1.1,0.9,1.2,1.0,0.9,674.0,52.0,674.0,52.0,0,2,False,0,1.0,68.0,34.0,692,31.8,False,False,False,False,True,10,2.0,False,255.0,0,0,SPOKED,SPOKED,1.0,1.0,80.0,80.0,270.0,300.0,38.0,770.0,1.0
435.0,69.0,610.0,73.5,150.0,45.0,530.0,74.5,680.0,48.0,40.0,36.0,42.0,29.0,19.0,16,15.0,STEEL,40.0,54.0,45.0,330.0,350.0,16,18,False,False,130.0,2.0,0.9,1.1,0.9,1.2,1.0,0.9,674.0,52.0,674.0,52.0,0,2,False,0,1.0,68.0,36.0,692,31.8,False,False,False,False,True,11,2.0,False,255.0,0,0,SPOKED,SPOKED,1.0,1.0,80.0,80.0,280.0,310.0,40.0,780.0,1.0
445.0,70.0,620.0,74.0,160.0,45.0,540.0,75.0,690.0,49.0,40.0,38.0,44.0,31.0,21.0,17,15.0,STEEL,20.0,56.0,50.0,330.0,350.0,16,18,False,False,130.0,2.0,0.9,1.1,0.9,1.2,1.0,0.9,674.0,52.0,674.0,52.0,0,2,False,0,1.0,68.0,38.0,692,31.8,False,False,False,False,True,12,2.0,False,255.0,0,0,SPOKED,SPOKED,1.0,1.0,80.0,80.0,290.0,320.0,42.0,790.0,1.0
455.0,65.0,630.0,71.5,170.0,45.0,550.0,72.5,700.0,50.0,40.0,40.0,46.0,33.0,23.0,18,15.0,STEEL,27.0,58.0,55.0,330.0,350.0,16,18,False,False,130.0,2.0,0.9,1.1,0.9,1.2,1.0,0.9,674.0,52.0,674.0,52.0,0,2,False,0,1.0,68.0,40.0,692,31.8,False,False,False,False,True,8,2.0,False,255.0,0,0,SPOKED,SPOKED,1.0,1.0,80.0,80.0,300.0,330.0,41.0,800.0,1.0
465.0,64.0,640.0,72.8,180.0,45.0,560.0,73.8,710.0,51.0,40.0,42.0,48.0,35.0,25.0,19,15.0,STEEL,33.0,60.0,25.0,330.0,350.0,16,18,False,False,130.0,2.0,0.9,1.1,0.9,1.2,1.0,0.9,674.0,52.0,674.0,52.0,0,2,False,0,1.0,68.0,42.0,692,31.8,False,False,False,False,True,9,2.0,False,255.0,0,0,SPOKED,SPOKED,1.0,1.0,80.0,80.0,310.0,340.0,42.0,810.0,1.0
475.0,63.0,650.0,73.2,110.0,45.0,570.0,74.2,720.0,52.0,40.0,28.6,50.0,24.0,27.0,20,15.0,STEEL,37.0,46.0,33.0,330.0,350.0,16,18,False,False,130.0,2.0,0.9,1.1,0.9,1.2,1.0,0.9,674.0,52.0,674.0,52.0,0,2,False,0,1.0,68.0,44.0,692,31.8,False,False,False,False,True,10,2.0,False,255.0,0,0,SPOKED,SPOKED,1.0,1.0,80.0,80.0,320.0,350.0,43.0,820.0,1.0
485.0,62.0,560.0,73.8,100.0,45.0,580.0,74.7,730.0,43.0,40.0,25.4,35.0,26.0,14.0,21,15.0,STEEL,28.0,44.0,38.0,330.0,350.0,16,18,False,False,130.0,2.0,0.9,1.1,0.9,1.2,1.0,0.9,674.0,52.0,674.0,52.0,0,2,False,0,1.0,68.0,46.0,692,31.8,False,False,False,False,True,11,2.0,False,255.0,0,0,SPOKED,SPOKED,1.0,1.0,80.0,80.0,330.0,360.0,44.0,830.0,1.0
495.0,61.0,570.0,74.2,90.0,45.0,590.0,75.2,740.0,44.0,40.0,27.0,45.0,28.0,16.0,12,15.0,STEEL,32.0,42.0,43.0,330.0,350.0,16,18,False,False,130.0,2.0,0.9,1.1,0.9,1.2,1.0,0.9,674.0,52.0,674.0,52.0,0,2,False,0,1.0,68.0,48.0,692,31.8,False,False,False,False,True,12,2.0,False,255.0,0,0,SPOKED,SPOKED,1.0,1.0,80.0,80.0,340.0,370.0,45.0,840.0,1.0
420.0,67.0,580.0,72.0,120.0,45.0,555.0,73.0,660.0,45.0,40.0,26.0,36.0,23.0,13.0,15.0,9.0,STEEL,45.0,45.0,40.0,330.0,350.0,16.0,18.0,False,False,130.0,2.0,0.9,1.1,0.9,1.2,1.0,0.9,674.0,52.0,674.0,52.0,0,0,False,0,1.0,68.0,31.8,0.0,26.8,True,True,False,False,True,11,2.0,False,255.0,0,0,SPOKED,SPOKED,1.0,1.0,80.0,80.0,278.0,650.0,26.8,300.0,1.0
421.0,68.0,582.0,72.5,125.0,45.0,560.0,73.5,665.0,46.0,40.0,27.0,37.0,24.0,14.0,16.0,10.0,STEEL,48.0,47.0,42.0,330.0,350.0,16.0,18.0,False,False,130.0,2.0,0.9,1.1,0.9,1.2,1.0,0.9,674.0,52.0,674.0,52.0,0,1,False,0,1.0,68.0,31.8,0.0,26.8,True,True,False,False,True,12,2.0,False,255.0,0,0,SPOKED,SPOKED,1.0,1.0,80.0,80.0,280.0,655.0,26.8,305.0,1.0
422.0,69.0,584.0,73.0,130.0,45.0,565.0,74.0,670.0,47.0,40.0,28.0,38.0,25.0,15.0,17.0,11.0,STEEL,51.0,49.0,44.0,330.0,350.0,16.0,18.0,False,False,130.0,2.0,0.9,1.1,0.9,1.2,1.0,0.9,674.0,52.0,674.0,52.0,0,2,False,0,1.0,68.0,31.8,0.0,26.8,True,True,False,False,True,11,2.0,False,255.0,0,0,SPOKED,SPOKED,1.0,1.0,80.0,80.0,282.0,660.0,26.8,310.0,1.0
423.0,66.0,586.0,73.5,135.0,45.0,570.0,74.5,675.0,48.0,40.0,29.0,39.0,26.0,16.0,18.0,12.0,STEEL,54.0,51.0,46.0,330.0,350.0,16.0,18.0,False,False,130.0,2.0,0.9,1.1,0.9,1.2,1.0,0.9,674.0,52.0,674.0,52.0,0,0,False,0,1.0,68.0,31.8,0.0,26.8,True,True,False,False,True,12,2.0,False,255.0,0,0,SPOKED,SPOKED,1.0,1.0,80.0,80.0,284.0,665.0,26.8,315.0,1.0
424.0,67.5,588.0,74.0,140.0,45.0,575.0,75.0,680.0,49.0,40.0,30.0,40.0,27.0,17.0,19.0,13.0,STEEL,57.0,53.0,48.0,330.0,350.0,16.0,18.0,False,False,130.0,2.0,0.9,1.1,0.9,1.2,1.0,0.9,674.0,52.0,674.0,52.0,0,1,False,0,1.0,68.0,31.8,0.0,26.8,True,True,False,False,True,11,2.0,False,255.0,0,0,SPOKED,SPOKED,1.0,1.0,80.0,80.0,286.0,670.0,26.8,320.0,1.0
425.0,68.5,590.0,72.2,145.0,45.0,580.0,72.5,685.0,50.0,40.0,31.0,41.0,22.0,12.0,14.0,8.0,STEEL,60.0,55.0,50.0,330.0,350.0,16.0,18.0,False,False,130.0,2.0,0.9,1.1,0.9,1.2,1.0,0.9,674.0,52.0,674.0,52.0,0,2,False,0,1.0,68.0,31.8,0.0,26.8,False,False,False,False,True,12,2.0,False,255.0,0,0,SPOKED,SPOKED,1.0,1.0,80.0,80.0,288.0,675.0,26.8,325.0,1.0
426.0,69.5,592.0,72.8,150.0,45.0,585.0,73.25,690.0,44.0,40.0,32.0,42.0,21.0,11.0,13.0,7.0,STEEL,42.0,44.0,38.0,330.0,350.0,16.0,18.0,False,False,130.0,2.0,0.9,1.1,0.9,1.2,1.0,0.9,674.0,52.0,674.0,52.0,0,0,False,0,1.0,68.0,31.8,0.0,26.8,False,False,False,False,True,11,2.0,False,255.0,0,0,SPOKED,SPOKED,1.0,1.0,80.0,80.0,290.0,680.0,26.8,330.0,1.0
427.0,70.0,594.0,73.2,155.0,45.0,590.0,74.25,695.0,43.0,40.0,33.0,43.0,20.0,10.0,12.0,6.0,STEEL,39.0,43.0,36.0,330.0,350.0,16.0,18.0,False,False,130.0,2.0,0.9,1.1,0.9,1.2,1.0,0.9,674.0,52.0,674.0,52.0,0,1,False,0,1.0,68.0,31.8,0.0,26.8,False,False,False,False,True,12,2.0,False,255.0,0,0,SPOKED,SPOKED,1.0,1.0,80.0,80.0,292.0,685.0,26.8,335.0,1.0
428.0,66.5,596.0,73.8,160.0,45.0,595.0,75.25,700.0,42.0,40.0,34.0,44.0,19.0,9.0,11.0,5.0,STEEL,36.0,41.0,34.0,330.0,350.0,16.0,18.0,False,False,130.0,2.0,0.9,1.1,0.9,1.2,1.0,0.9,674.0,52.0,674.0,52.0,0,2,False,0,1.0,68.0,31.8,0.0,26.8,False,False,False,False,True,11,2.0,False,255.0,0,0,SPOKED,SPOKED,1.0,1.0,80.0,80.0,294.0,690.0,26.8,340.0,1.0
429.0,67.2,598.0,74.5,165.0,45.0,600.0,72.75,705.0,41.0,40.0,35.0,45.0,18.0,8.0,10.0,4.0,STEEL,33.0,40.0,32.0,330.0,350.0,16.0,18.0,False,False,130.0,2.0,0.9,1.1,0.9,1.2,1.0,0.9,674.0,52.0,674.0,52.0,0,0,False,0,1.0,68.0,31.8,0.0,26.8,False,False,False,False,True,12,2.0,False,255.0,0,0,SPOKED,SPOKED,1.0,1.0,80.0,80.0,296.0,695.0,26.8,345.0,1.0
425.0,70.0,600.0,73.0,120.0,45.0,560.0,74.0,650.0,50.0,40.0,25.4,36.5,36.5,23.35,15.0,9.0,STEEL,60.0,45.0,40.0,330.0,0.0,16.0,18.0,False,False,130.0,2.0,0.9,1.1,0.9,1.2,1.0,0.9,674.0,52.0,674.0,52.0,0,0,False,1,1.0,68.0,32.0,0.0,26.8,False,False,False,False,True,11,2.0,False,255.0,0,0,SPOKED,SPOKED,0.0,0.0,1.0,1.0,280.0,730.0,36.5,320.0,1.0
430.0,68.0,610.0,72.5,130.0,50.0,545.0,73.5,645.0,48.0,42.0,27.0,38.0,38.0,24.0,14.0,10.0,STEEL,65.0,50.0,45.0,340.0,0.0,16.0,18.0,False,False,130.0,2.0,0.9,1.1,0.9,1.2,1.0,0.9,674.0,52.0,674.0,52.0,0,0,False,1,1.0,68.0,34.0,0.0,28.6,False,False,False,False,True,11,2.0,False,255.0,0,0,SPOKED,SPOKED,0.0,0.0,1.0,1.0,285.0,735.0,38.0,330.0,1.0
420.0,72.0,595.0,74.0,125.0,45.0,570.0,74.5,655.0,52.0,40.0,25.4,36.5,36.5,23.35,13.0,9.0,STEEL,55.0,40.0,38.0,330.0,0.0,16.0,18.0,False,False,130.0,2.0,0.9,1.1,0.9,1.2,1.0,0.9,674.0,52.0,674.0,52.0,0,0,False,1,1.0,68.0,33.0,0.0,27.0,False,False,False,False,True,11,2.0,False,255.0,0,0,SPOKED,SPOKED,0.0,0.0,1.0,1.0,290.0,725.0,36.5,310.0,1.0
427.0,66.0,605.0,72.0,140.0,50.0,555.0,73.0,660.0,50.0,45.0,30.0,40.0,36.5,23.35,14.5,10.0,STEEL,70.0,55.0,50.0,340.0,0.0,16.0,18.0,False,False,130.0,2.0,0.9,1.1,0.9,1.2,1.0,0.9,674.0,52.0,674.0,52.0,0,0,False,1,1.0,68.0,35.0,0.0,29.0,False,False,False,False,True,11,2.0,False,255.0,0,0,SPOKED,SPOKED,0.0,0.0,1.0,1.0,295.0,740.0,40.0,340.0,1.0
423.0,69.0,588.0,73.5,115.0,47.0,565.0,74.0,648.0,49.0,42.0,26.0,37.0,36.5,23.35,14.0,9.5,STEEL,58.0,47.0,42.0,335.0,0.0,16.0,18.0,False,False,130.0,2.0,0.9,1.1,0.9,1.2,1.0,0.9,674.0,52.0,674.0,52.0,0,0,False,1,1.0,68.0,32.0,0.0,26.8,False,False,False,False,True,11,2.0,False,255.0,0,0,SPOKED,SPOKED,0.0,0.0,1.0,1.0,282.0,728.0,37.0,310.0,1.0
429.0,67.0,615.0,73.0,128.0,45.0,550.0,73.5,652.0,51.0,40.0,25.0,36.5,36.5,23.35,15.0,9.0,STEEL,62.0,52.0,46.0,330.0,0.0,16.0,18.0,False,False,130.0,2.0,0.9,1.1,0.9,1.2,1.0,0.9,674.0,52.0,674.0,52.0,0,0,False,1,1.0,68.0,33.5,0.0,27.5,False,False,False,False,True,11,2.0,False,255.0,0,0,SPOKED,SPOKED,0.0,0.0,1.0,1.0,288.0,737.0,36.5,335.0,1.0
421.0,71.0,605.0,72.5,122.0,48.0,560.0,74.0,646.0,48.5,44.0,28.0,38.5,36.5,23.35,14.0,9.0,STEEL,57.0,48.0,43.0,335.0,0.0,16.0,18.0,False,False,130.0,2.0,0.9,1.1,0.9,1.2,1.0,0.9,674.0,52.0,674.0,52.0,0,0,False,1,1.0,68.0,34.0,0.0,28.0,False,False,False,False,True,11,2.0,False,255.0,0,0,SPOKED,SPOKED,0.0,0.0,1.0,1.0,281.0,726.0,38.5,320.0,1.0
426.0,68.5,620.0,73.0,135.0,45.0,555.0,74.0,658.0,53.0,40.0,26.5,37.5,36.5,23.35,15.0,9.0,STEEL,68.0,53.0,48.0,340.0,0.0,16.0,18.0,False,False,130.0,2.0,0.9,1.1,0.9,1.2,1.0,0.9,674.0,52.0,674.0,52.0,0,0,False,1,1.0,68.0,33.0,0.0,27.0,False,False,False,False,True,11,2.0,False,255.0,0,0,SPOKED,SPOKED,0.0,0.0,1.0,1.0,292.0,745.0,37.5,345.0,1.0
424.0,69.5,590.0,74.0,118.0,46.0,565.0,74.5,642.0,49.5,41.0,25.8,36.8,36.5,23.35,14.5,9.5,STEEL,59.0,46.0,44.0,335.0,0.0,16.0,18.0,False,False,130.0,2.0,0.9,1.1,0.9,1.2,1.0,0.9,674.0,52.0,674.0,52.0,0,0,False,1,1.0,68.0,32.5,0.0,26.8,False,False,False,False,True,11,2.0,False,255.0,0,0,SPOKED,SPOKED,0.0,0.0,1.0,1.0,279.0,722.0,36.8,315.0,1.0
422.0,70.0,580.0,73.5,110.0,47.5,570.0,74.0,640.0,47.0,42.0,26.2,37.2,36.5,23.35,14.0,9.0,STEEL,56.0,44.0,41.0,332.0,0.0,16.0,18.0,False,False,130.0,2.0,0.9,1.1,0.9,1.2,1.0,0.9,674.0,52.0,674.0,52.0,0,0,False,1,1.0,68.0,31.5,0.0,27.2,False,False,False,False,True,11,2.0,False,255.0,0,0,SPOKED,SPOKED,0.0,0.0,1.0,1.0,275.0,720.0,37.2,305.0,1.0
415.0,70.0,620.0,73.0,150.0,45.0,530.0,74.0,650.0,45.0,45.0,40.0,28.6,36.5,23.35,13.0,15.0,STEEL,40.0,50.0,50.0,0.0,0.0,0.0,0.0,False,False,130.0,2.0,0.9,1.1,0.9,1.2,1.0,0.9,674.0,52.0,674.0,52.0,0,0,False,0,1.0,68.0,36.0,0.0,40.0,True,True,False,False,True,10,2.0,False,255.0,0,0,SPOKED,SPOKED,0.0,0.0,0.0,0.0,80.0,720.0,28.6,300.0,1.0
418.0,69.0,625.0,73.5,155.0,45.0,535.0,73.5,655.0,45.0,45.0,40.0,28.6,36.5,23.35,13.0,15.0,STEEL,42.0,48.0,48.0,0.0,0.0,0.0,0.0,False,False,130.0,2.0,0.9,1.1,0.9,1.2,1.0,0.9,674.0,52.0,674.0,52.0,0,0,False,0,1.0,68.0,36.0,0.0,40.0,True,True,False,False,True,10,2.0,False,255.0,0,0,SPOKED,SPOKED,0.0,0.0,0.0,0.0,80.0,710.0,28.6,300.0,1.0
420.0,68.0,630.0,74.0,160.0,45.0,535.0,75.0,660.0,45.0,45.0,40.0,28.6,36.5,23.35,13.0,15.0,STEEL,45.0,55.0,52.0,0.0,0.0,0.0,0.0,False,False,130.0,2.0,0.9,1.1,0.9,1.2,1.0,0.9,674.0,52.0,674.0,52.0,0,0,False,0,1.0,68.0,36.0,0.0,40.0,True,True,False,False,True,10,2.0,False,255.0,0,0,SPOKED,SPOKED,0.0,0.0,0.0,0.0,80.0,730.0,28.6,300.0,1.0
410.0,71.0,615.0,72.5,145.0,45.0,525.0,73.0,645.0,45.0,45.0,40.0,28.6,36.5,23.35,13.0,15.0,STEEL,38.0,52.0,48.0,0.0,0.0,0.0,0.0,False,False,130.0,2.0,0.9,1.1,0.9,1.2,1.0,0.9,674.0,52.0,674.0,52.0,0,0,False,0,1.0,68.0,36.0,0.0,40.0,True,True,False,False,True,10,2.0,False,255.0,0,0,SPOKED,SPOKED,0.0,0.0,0.0,0.0,80.0,705.0,28.6,300.0,1.0
422.0,70.5,628.0,73.0,158.0,45.0,540.0,74.5,658.0,45.0,45.0,40.0,28.6,36.5,23.35,13.0,15.0,STEEL,50.0,47.0,45.0,0.0,0.0,0.0,0.0,False,False,130.0,2.0,0.9,1.1,0.9,1.2,1.0,0.9,674.0,52.0,674.0,52.0,0,0,False,0,1.0,68.0,36.0,0.0,40.0,True,True,False,False,True,10,2.0,False,255.0,0,0,SPOKED,SPOKED,0.0,0.0,0.0,0.0,80.0,715.0,28.6,300.0,1.0
412.0,72.0,622.0,73.0,152.0,45.0,530.0,74.0,652.0,45.0,45.0,40.0,28.6,36.5,23.35,13.0,15.0,STEEL,42.0,48.0,50.0,0.0,0.0,0.0,0.0,False,False,130.0,2.0,0.9,1.1,0.9,1.2,1.0,0.9,674.0,52.0,674.0,52.0,0,0,False,0,1.0,68.0,36.0,0.0,40.0,True,True,False,False,True,10,2.0,False,255.0,0,0,SPOKED,SPOKED,0.0,0.0,0.0,0.0,80.0,725.0,28.6,300.0,1.0
417.0,70.0,635.0,73.5,165.0,45.0,545.0,74.5,660.0,45.0,45.0,40.0,28.6,36.5,23.35,13.0,15.0,STEEL,48.0,55.0,52.0,0.0,0.0,0.0,0.0,False,False,130.0,2.0,0.9,1.1,0.9,1.2,1.0,0.9,674.0,52.0,674.0,52.0,0,0,False,0,1.0,68.0,36.0,0.0,40.0,True,True,False,False,True,10,2.0,False,255.0,0,0,SPOKED,SPOKED,0.0,0.0,0.0,0.0,80.0,735.0,28.6,300.0,1.0
419.0,69.0,618.0,74.0,148.0,45.0,528.0,73.2,648.0,45.0,45.0,40.0,28.6,36.5,23.35,13.0,15.0,STEEL,40.0,50.0,49.0,0.0,0.0,0.0,0.0,False,False,130.0,2.0,0.9,1.1,0.9,1.2,1.0,0.9,674.0,52.0,674.0,52.0,0,0,False,0,1.0,68.0,36.0,0.0,40.0,True,True,False,False,True,10,2.0,False,255.0,0,0,SPOKED,SPOKED,0.0,0.0,0.0,0.0,80.0,710.0,28.6,300.0,1.0
413.0,70.0,627.0,73.0,153.0,45.0,532.0,73.8,653.0,45.0,45.0,40.0,28.6,36.5,23.35,13.0,15.0,STEEL,43.0,51.0,51.0,0.0,0.0,0.0,0.0,False,False,130.0,2.0,0.9,1.1,0.9,1.2,1.0,0.9,674.0,52.0,674.0,52.0,0,0,False,0,1.0,68.0,36.0,0.0,40.0,True,True,False,False,True,10,2.0,False,255.0,0,0,SPOKED,SPOKED,0.0,0.0,0.0,0.0,80.0,720.0,28.6,300.0,1.0
418.0,68.5,632.0,74.0,162.0,45.0,538.0,75.0,659.0,45.0,45.0,40.0,28.6,36.5,23.35,13.0,15.0,STEEL,47.0,53.0,54.0,0.0,0.0,0.0,0.0,False,False,130.0,2.0,0.9,1.1,0.9,1.2,1.0,0.9,674.0,52.0,674.0,52.0,0,0,False,0,1.0,68.0,36.0,0.0,40.0,True,True,False,False,True,10,2.0,False,255.0,0,0,SPOKED,SPOKED,0.0,0.0,0.0,0.0,80.0,738.0,28.6,300.0,1.0
430.0,65.0,600.0,73.0,120.0,45.0,520.0,75.0,700.0,47.0,40.0,28.0,36.0,36.5,23.5,13,15.0,STEEL,40.0,50.0,35.0,330.0,350.0,16,18,False,False,130.0,2.0,1.0,1.0,1.0,1.0,1.0,1.0,700.0,60.0,700.0,60.0,0,0,False,0,1.0,68.0,35.0,30,31.8,False,False,False,False,True,10,2.0,False,255.0,0,0,SPOKED,SPOKED,1.0,1.0,80.0,80.0,280.0,830.0,34.9,300.0,1.0
440.0,65.0,610.0,74.0,130.0,45.0,530.0,74.0,710.0,48.0,40.0,29.0,37.0,37.0,24.5,13,15.0,STEEL,42.0,52.0,36.0,330.0,350.0,16,18,False,False,132.0,2.0,1.0,1.0,1.0,1.0,1.0,1.0,710.0,62.0,710.0,62.0,0,0,False,0,1.0,68.0,36.0,30,31.8,False,False,False,False,True,11,2.0,False,255.0,0,0,SPOKED,SPOKED,1.0,1.0,80.0,80.0,285.0,840.0,34.9,305.0,1.0
425.0,65.0,590.0,73.5,115.0,45.0,515.0,76.0,695.0,47.0,40.0,28.0,36.0,36.5,23.5,13,15.0,STEEL,38.0,48.0,34.0,330.0,350.0,16,18,False,False,128.0,2.0,1.0,1.0,1.0,1.0,1.0,1.0,695.0,58.0,695.0,58.0,0,0,False,0,1.0,68.0,34.0,30,31.8,False,False,False,False,True,10,2.0,False,255.0,0,0,SPOKED,SPOKED,1.0,1.0,80.0,80.0,275.0,820.0,34.9,295.0,1.0
435.0,65.0,620.0,72.0,140.0,45.0,535.0,75.0,720.0,49.0,40.0,30.0,38.0,37.0,25.0,13,15.0,STEEL,45.0,55.0,37.0,330.0,350.0,16,18,False,False,135.0,2.0,1.0,1.0,1.0,1.0,1.0,1.0,720.0,65.0,720.0,65.0,0,0,False,0,1.0,68.0,40.0,30,31.8,False,False,False,False,True,11,2.0,False,255.0,0,0,SPOKED,SPOKED,1.0,1.0,80.0,80.0,290.0,850.0,34.9,310.0,1.0
445.0,65.0,630.0,74.5,150.0,45.0,545.0,74.0,730.0,48.0,40.0,31.0,39.0,38.0,26.0,13,15.0,STEEL,50.0,60.0,40.0,330.0,350.0,16,18,False,False,138.0,2.0,1.0,1.0,1.0,1.0,1.0,1.0,730.0,68.0,730.0,68.0,0,0,False,0,1.0,68.0,42.0,30,31.8,False,False,False,False,True,12,2.0,False,255.0,0,0,SPOKED,SPOKED,1.0,1.0,80.0,80.0,295.0,860.0,34.9,315.0,1.0
430.0,65.0,605.0,73.0,125.0,45.0,525.0,75.0,705.0,47.0,40.0,29.0,37.0,37.0,24.0,13,15.0,STEEL,42.0,53.0,36.0,330.0,350.0,17,18,True,False,132.0,2.0,1.0,1.0,1.0,1.0,1.0,1.0,705.0,63.0,705.0,63.0,0,0,False,0,1.0,68.0,37.0,30,31.8,False,False,False,False,True,10,2.0,False,255.0,0,0,SPOKED,SPOKED,1.0,1.0,80.0,80.0,282.0,835.0,34.9,302.0,1.0
435.0,65.0,615.0,73.8,128.0,45.0,538.0,74.5,715.0,47.0,40.0,29.0,37.0,37.0,24.8,13,15.0,STEEL,43.0,55.0,37.0,330.0,350.0,16,19,False,True,133.0,2.0,1.0,1.0,1.0,1.0,1.0,1.0,715.0,64.0,715.0,64.0,0,0,False,0,1.0,68.0,38.0,30,31.8,False,False,False,False,True,11,2.0,False,255.0,0,0,SPOKED,SPOKED,1.0,1.0,80.0,80.0,288.0,845.0,34.9,308.0,1.0
440.0,65.0,625.0,74.0,135.0,45.0,540.0,74.0,720.0,48.0,40.0,30.0,38.0,38.0,25.0,13,15.0,STEEL,45.0,57.0,38.0,330.0,350.0,18,20,True,True,136.0,2.0,1.0,1.0,1.0,1.0,1.0,1.0,720.0,65.0,720.0,65.0,0,0,False,0,1.0,68.0,39.0,30,31.8,False,False,False,False,True,12,2.0,False,255.0,0,0,SPOKED,SPOKED,1.0,1.0,80.0,80.0,292.0,855.0,34.9,312.0,1.0
432.0,65.0,602.0,72.0,122.0,45.0,528.0,75.5,702.0,47.0,40.0,28.0,36.0,36.0,23.0,13,15.0,STEEL,41.0,50.0,35.0,330.0,350.0,16,18,False,False,131.0,2.0,1.0,1.0,1.0,1.0,1.0,1.0,705.0,62.0,705.0,62.0,0,0,False,0,1.0,68.0,37.0,30,31.8,False,False,False,False,True,10,2.0,False,255.0,0,0,DISC,SPOKED,1.0,1.0,80.0,80.0,283.0,838.0,34.9,301.0,1.0
438.0,65.0,618.0,73.2,132.0,45.0,532.0,74.2,712.0,48.0,40.0,29.0,37.0,37.0,24.0,13,15.0,STEEL,44.0,54.0,36.0,330.0,350.0,16,18,False,False,134.0,2.0,1.0,1.0,1.0,1.0,1.0,1.0,712.0,63.0,712.0,63.0,0,0,False,0,1.0,68.0,38.0,30,31.8,False,False,False,False,True,11,2.0,False,255.0,0,0,SPOKED,TRISPOKE,1.0,1.0,80.0,80.0,287.0,847.0,34.9,307.0,1.0
425.0,70.0,600.0,73.0,120.0,45.0,560.0,74.0,620.0,45.0,45.0,28.6,34.9,23.35,23.35,15.0,15.0,STEEL,30.0,50.0,30.0,0.0,0.0,0.0,0.0,False,False,130.0,2.0,0.9,1.1,0.9,1.2,1.0,0.9,674.0,52.0,674.0,52.0,0,1,False,0,3.0,68.0,35.0,0.0,31.8,False,False,False,False,True,11,2.0,False,255.0,0,0,SPOKED,SPOKED,1.0,1.0,80.0,80.0,280.0,720.0,34.9,350.0,1.0
430.0,68.0,610.0,72.5,130.0,45.0,550.0,73.5,630.0,43.0,45.0,30.0,36.0,24.0,24.0,16.0,15.0,STEEL,32.0,48.0,32.0,0.0,0.0,0.0,0.0,False,False,130.0,2.0,0.9,1.1,0.9,1.2,1.0,0.9,674.0,52.0,674.0,52.0,0,2,False,0,1.0,68.0,36.0,0.0,31.8,False,False,False,False,True,11,2.0,False,255.0,0,0,SPOKED,SPOKED,1.0,1.0,80.0,80.0,280.0,720.0,34.9,350.0,1.0
420.0,72.0,590.0,73.5,110.0,45.0,570.0,74.2,610.0,46.0,45.0,27.5,33.5,22.0,22.0,14.0,15.0,STEEL,28.0,52.0,28.0,0.0,0.0,0.0,0.0,False,False,130.0,2.0,0.9,1.1,0.9,1.2,1.0,0.9,674.0,52.0,674.0,52.0,0,0,False,0,3.0,68.0,33.0,0.0,31.8,False,False,False,False,True,11,2.0,False,255.0,0,0,SPOKED,SPOKED,1.0,1.0,80.0,80.0,280.0,720.0,34.9,350.0,1.0
435.0,65.0,620.0,72.0,140.0,45.0,580.0,73.0,640.0,44.0,45.0,29.7,36.8,25.0,25.0,17.0,15.0,STEEL,35.0,45.0,35.0,0.0,0.0,0.0,0.0,False,False,130.0,2.0,0.9,1.1,0.9,1.2,1.0,0.9,674.0,52.0,674.0,52.0,0,1,False,0,3.0,68.0,36.5,0.0,31.8,False,False,False,False,True,11,2.0,False,255.0,0,0,SPOKED,SPOKED,1.0,1.0,80.0,80.0,280.0,720.0,34.9,350.0,1.0
438.0,69.0,605.0,73.2,125.0,45.0,565.0,74.5,625.0,42.0,45.0,31.0,38.0,26.0,26.0,15.0,15.0,STEEL,31.0,49.0,31.0,0.0,0.0,0.0,0.0,False,False,130.0,2.0,0.9,1.1,0.9,1.2,1.0,0.9,674.0,52.0,674.0,52.0,0,1,False,0,1.0,68.0,35.0,0.0,31.8,False,False,False,False,True,11,2.0,False,255.0,0,0,SPOKED,SPOKED,1.0,1.0,80.0,80.0,280.0,720.0,34.9,350.0,1.0
422.0,71.0,615.0,74.0,135.0,45.0,575.0,73.8,635.0,47.0,45.0,28.0,35.0,23.0,23.0,14.0,15.0,STEEL,33.0,47.0,33.0,0.0,0.0,0.0,0.0,False,False,130.0,2.0,0.9,1.1,0.9,1.2,1.0,0.9,674.0,52.0,674.0,52.0,0,2,False,0,3.0,68.0,34.0,0.0,31.8,False,False,False,False,True,11,2.0,False,255.0,0,0,SPOKED,SPOKED,1.0,1.0,80.0,80.0,280.0,720.0,34.9,350.0,1.0
427.0,66.0,595.0,72.8,115.0,45.0,555.0,74.0,615.0,46.0,45.0,29.0,34.5,24.0,24.0,16.0,15.0,STEEL,29.0,51.0,29.0,0.0,0.0,0.0,0.0,False,False,130.0,2.0,0.9,1.1,0.9,1.2,1.0,0.9,674.0,52.0,674.0,52.0,0,1,False,0,1.0,68.0,35.5,0.0,31.8,False,False,False,False,True,11,2.0,False,255.0,0,0,SPOKED,SPOKED,1.0,1.0,80.0,80.0,280.0,720.0,34.9,350.0,1.0
440.0,67.0,625.0,72.3,145.0,45.0,590.0,73.3,650.0,43.0,45.0,30.5,37.0,25.5,25.5,17.0,15.0,STEEL,36.0,46.0,36.0,0.0,0.0,0.0,0.0,False,False,130.0,2.0,0.9,1.1,0.9,1.2,1.0,0.9,674.0,52.0,674.0,52.0,0,1,False,0,3.0,68.0,37.0,0.0,31.8,False,False,False,False,True,11,2.0,False,255.0,0,0,SPOKED,SPOKED,1.0,1.0,80.0,80.0,280.0,720.0,34.9,350.0,1.0
424.0,70.0,600.0,73.7,105.0,45.0,560.0,74.1,605.0,45.0,45.0,27.0,35.5,23.5,23.5,15.0,15.0,STEEL,27.0,53.0,27.0,0.0,0.0,0.0,0.0,False,False,130.0,2.0,0.9,1.1,0.9,1.2,1.0,0.9,674.0,52.0,674.0,52.0,0,1,False,0,1.0,68.0,33.0,0.0,31.8,False,False,False,False,True,11,2.0,False,255.0,0,0,SPOKED,SPOKED,1.0,1.0,80.0,80.0,280.0,720.0,34.9,350.0,1.0
432.0,68.0,605.0,72.6,132.0,45.0,585.0,73.6,640.0,44.0,45.0,29.9,36.2,24.8,24.8,16.0,15.0,STEEL,34.0,48.0,34.0,0.0,0.0,0.0,0.0,False,False,130.0,2.0,0.9,1.1,0.9,1.2,1.0,0.9,674.0,52.0,674.0,52.0,0,1,False,0,3.0,68.0,36.0,0.0,31.8,False,False,False,False,True,11,2.0,False,255.0,0,0,SPOKED,SPOKED,1.0,1.0,80.0,80.0,280.0,720.0,34.9,350.0,1.0
410.0,70.0,565.0,73.0,120.0,45.0,550.0,74.0,655.0,50.0,40.0,25.4,36.5,23.35,13.0,15.0,9.0,STEEL,30.0,55.0,40.0,330.0,350.0,16.0,18.0,False,False,130.0,2.0,0.9,1.1,0.9,1.2,1.0,0.9,674.0,52.0,674.0,52.0,0,0,False,0,1.0,68.0,31.8,0.0,26.8,True,True,False,False,True,11,2.0,False,255.0,0,0,SPOKED,SPOKED,0.0,0.0,1.0,1.0,280.0,730.0,36.5,300.0,1.0
420.0,70.0,570.0,73.5,130.0,45.0,550.0,74.0,655.0,50.0,40.0,25.4,36.5,23.35,13.0,15.0,9.0,STEEL,35.0,50.0,45.0,330.0,350.0,16.0,18.0,False,False,130.0,2.0,0.9,1.1,0.9,1.2,1.0,0.9,674.0,52.0,674.0,52.0,0,1,False,0,1.0,68.0,31.8,0.0,26.8,True,True,False,False,True,11,2.0,False,255.0,0,0,SPOKED,SPOKED,0.0,0.0,1.0,1.0,280.0,730.0,36.5,300.0,1.0
430.0,70.0,575.0,72.5,140.0,45.0,550.0,74.0,655.0,50.0,40.0,25.4,36.5,23.35,13.0,15.0,9.0,STEEL,40.0,60.0,50.0,330.0,350.0,16.0,18.0,False,False,130.0,2.0,0.9,1.1,0.9,1.2,1.0,0.9,674.0,52.0,674.0,52.0,0,2,False,0,1.0,68.0,31.8,0.0,26.8,True,True,False,False,True,11,2.0,False,255.0,0,0,SPOKED,SPOKED,0.0,0.0,1.0,1.0,280.0,730.0,36.5,300.0,1.0
400.0,70.0,560.0,73.0,110.0,45.0,550.0,74.0,655.0,50.0,40.0,25.4,36.5,23.35,13.0,15.0,9.0,STEEL,25.0,45.0,35.0,330.0,350.0,16.0,18.0,False,False,130.0,2.0,0.9,1.1,0.9,1.2,1.0,0.9,674.0,52.0,674.0,52.0,0,0,False,0,1.0,68.0,31.8,0.0,26.8,True,True,False,False,True,11,2.0,False,255.0,0,0,SPOKED,SPOKED,0.0,0.0,1.0,1.0,280.0,730.0,36.5,300.0,1.0
415.0,70.0,568.0,73.5,125.0,45.0,550.0,74.0,655.0,50.0,40.0,25.4,36.5,23.35,13.0,15.0,9.0,STEEL,33.0,58.0,48.0,330.0,350.0,16.0,18.0,False,False,130.0,2.0,0.9,1.1,0.9,1.2,1.0,0.9,674.0,52.0,674.0,52.0,0,1,False,0,1.0,68.0,31.8,0.0,26.8,True,True,False,False,True,11,2.0,False,255.0,0,0,SPOKED,SPOKED,0.0,0.0,1.0,1.0,280.0,730.0,36.5,300.0,1.0
425.0,70.0,572.0,72.5,135.0,45.0,550.0,74.0,655.0,50.0,40.0,25.4,36.5,23.35,13.0,15.0,9.0,STEEL,38.0,53.0,43.0,330.0,350.0,16.0,18.0,False,False,130.0,2.0,0.9,1.1,0.9,1.2,1.0,0.9,674.0,52.0,674.0,52.0,0,2,False,0,1.0,68.0,31.8,0.0,26.8,True,True,False,False,True,11,2.0,False,255.0,0,0,SPOKED,SPOKED,0.0,0.0,1.0,1.0,280.0,730.0,36.5,300.0,1.0
405.0,70.0,562.0,73.0,115.0,45.0,550.0,74.0,655.0,50.0,40.0,25.4,36.5,23.35,13.0,15.0,9.0,STEEL,28.0,47.0,38.0,330.0,350.0,16.0,18.0,False,False,130.0,2.0,0.9,1.1,0.9,1.2,1.0,0.9,674.0,52.0,674.0,52.0,0,0,False,0,1.0,68.0,31.8,0.0,26.8,True,True,False,False,True,11,2.0,False,255.0,0,0,SPOKED,SPOKED,0.0,0.0,1.0,1.0,280.0,730.0,36.5,300.0,1.0
418.0,70.0,569.0,73.5,128.0,45.0,550.0,74.0,655.0,50.0,40.0,25.4,36.5,23.35,13.0,15.0,9.0,STEEL,36.0,56.0,46.0,330.0,350.0,16.0,18.0,False,False,130.0,2.0,0.9,1.1,0.9,1.2,1.0,0.9,674.0,52.0,674.0,52.0,0,1,False,0,1.0,68.0,31.8,0.0,26.8,True,True,False,False,True,11,2.0,False,255.0,0,0,SPOKED,SPOKED,0.0,0.0,1.0,1.0,280.0,730.0,36.5,300.0,1.0
422.0,70.0,574.0,72.5,138.0,45.0,550.0,74.0,655.0,50.0,40.0,25.4,36.5,23.35,13.0,15.0,9.0,STEEL,42.0,62.0,52.0,330.0,350.0,16.0,18.0,False,False,130.0,2.0,0.9,1.1,0.9,1.2,1.0,0.9,674.0,52.0,674.0,52.0,0,2,False,0,1.0,68.0,31.8,0.0,26.8,True,True,False,False,True,11,2.0,False,255.0,0,0,SPOKED,SPOKED,0.0,0.0,1.0,1.0,280.0,730.0,36.5,300.0,1.0
412.0,70.0,566.0,73.0,118.0,45.0,550.0,74.0,655.0,50.0,40.0,25.4,36.5,23.35,13.0,15.0,9.0,STEEL,32.0,49.0,37.0,330.0,350.0,16.0,18.0,False,False,130.0,2.0,0.9,1.1,0.9,1.2,1.0,0.9,674.0,52.0,674.0,52.0,0,0,False,0,1.0,68.0,31.8,0.0,26.8,True,True,False,False,True,11,2.0,False,255.0,0,0,SPOKED,SPOKED,0.0,0.0,1.0,1.0,280.0,730.0,36.5,300.0,1.0
425.0,70.0,590.0,73.0,120.0,45.0,540.0,73.0,620.0,50.0,40.0,25.0,36.0,23.0,23.0,13.0,15.0,STEEL,30.0,50.0,40.0,330.0,350.0,16.0,18.0,False,False,130.0,2.0,0.9,1.1,0.9,1.2,1.0,0.9,674.0,52.0,674.0,52.0,0,0,False,0,1.0,68.0,34.0,692.0,31.8,False,False,False,False,True,11,2.0,False,255.0,0.0,0.0,SPOKED,SPOKED,0.0,0.0,1.0,1.0,260.0,290.0,36.0,750.0,1.0
430.0,68.0,600.0,74.0,130.0,47.0,540.0,74.0,630.0,52.0,40.0,26.0,38.0,24.0,24.0,14.0,14.0,STEEL,28.0,48.0,41.0,335.0,348.0,16.0,18.0,False,False,130.0,2.0,0.85,1.0,0.9,1.1,1.05,0.8,674.0,50.0,674.0,50.0,0,0,False,0,1.0,68.0,33.0,700.0,32.0,False,False,False,False,True,11,2.0,False,255.0,10.0,10.0,SPOKED,SPOKED,0.0,0.0,1.0,1.0,265.0,295.0,38.0,760.0,1.0
420.0,72.0,580.0,72.0,140.0,45.0,520.0,73.0,615.0,48.0,40.0,24.0,36.0,23.0,23.0,12.0,16.0,STEEL,29.0,49.0,39.0,328.0,352.0,16.0,18.0,False,False,130.0,2.0,0.9,1.2,0.85,1.25,1.0,0.9,714.0,42.0,714.0,42.0,0,0,False,0,1.0,68.0,36.0,720.0,31.0,False,False,False,False,True,10,2.0,False,255.0,5.0,5.0,DISC,DISC,0.0,0.0,1.0,1.0,255.0,285.0,36.0,740.0,1.0
428.0,69.0,595.0,73.5,125.0,46.0,530.0,73.5,625.0,50.0,40.0,25.5,37.0,23.5,23.5,13.5,15.0,STEEL,31.0,51.0,40.0,330.0,350.0,16.0,18.0,False,False,130.0,2.0,0.9,1.1,0.9,1.2,1.0,0.9,674.0,50.0,674.0,50.0,0,0,False,0,1.0,68.0,36.0,692.0,31.8,False,False,False,False,True,11,2.0,False,255.0,0.0,0.0,SPOKED,SPOKED,0.0,0.0,1.0,1.0,260.0,290.0,37.0,755.0,1.0
427.0,71.0,585.0,72.5,115.0,45.0,535.0,73.2,618.0,49.0,40.0,25.2,36.2,23.2,23.2,13.0,15.0,STEEL,29.0,52.0,42.0,332.0,349.0,16.0,18.0,False,False,130.0,2.0,0.88,1.1,0.92,1.18,1.02,0.9,700.0,40.0,700.0,40.0,0,0,False,0,1.0,68.0,35.0,710.0,32.0,False,False,False,False,True,11,2.0,False,255.0,0.0,0.0,TRISPOKE,TRISPOKE,1.0,1.0,60.0,60.0,260.0,288.0,36.2,760.0,1.0
430.0,68.0,605.0,74.5,135.0,46.0,550.0,74.2,640.0,53.0,40.0,26.5,38.5,24.5,24.5,14.0,16.0,STEEL,33.0,53.0,43.0,334.0,351.0,16.0,18.0,False,False,130.0,2.0,0.92,1.12,0.95,1.22,1.02,0.9,674.0,52.0,674.0,52.0,0,0,False,0,1.0,68.0,36.0,692.0,31.8,False,False,False,False,True,12,2.0,False,255.0,0.0,0.0,SPOKED,SPOKED,0.0,0.0,1.0,1.0,265.0,300.0,38.5,770.0,1.0
426.0,69.0,588.0,73.0,118.0,45.0,528.0,73.1,622.0,51.0,40.0,25.1,36.5,23.5,23.5,13.2,15.2,STEEL,30.5,50.5,40.5,329.0,349.0,16.0,18.0,False,False,130.0,2.0,0.9,1.1,0.9,1.2,1.0,0.9,674.0,52.0,674.0,52.0,0,0,False,0,1.0,68.0,34.5,692.0,31.8,False,False,False,False,True,11,2.0,False,255.0,0.0,0.0,SPOKED,SPOKED,0.0,0.0,1.0,1.0,262.0,292.0,36.5,752.0,1.0
429.0,70.0,598.0,73.8,128.0,47.0,545.0,74.0,635.0,54.0,40.0,26.0,37.5,23.5,23.5,14.0,16.0,STEEL,31.5,51.5,42.5,331.0,350.0,16.0,18.0,False,False,130.0,2.0,0.9,1.1,1.0,1.5,1.3,0.9,700.0,50.0,700.0,50.0,0,0,False,0,1.0,68.0,35.5,710.0,32.0,False,False,False,False,True,11,2.0,False,255.0,0.0,0.0,SPOKED,SPOKED,0.0,0.0,1.0,1.0,270.0,295.0,37.5,765.0,1.0
424.0,70.0,592.0,72.8,122.0,45.0,538.0,73.3,628.0,50.0,40.0,25.0,36.0,23.0,23.0,13.0,15.0,STEEL,30.0,50.0,40.0,330.0,350.0,16.0,18.0,False,False,130.0,2.0,0.9,1.1,0.9,1.2,1.0,0.9,680.0,48.0,680.0,48.0,0,0,False,0,1.0,68.0,34.0,698.0,31.8,False,False,False,False,True,10,2.0,False,255.0,0.0,0.0,SPOKED,SPOKED,0.0,0.0,1.0,1.0,258.0,290.0,36.0,750.0,1.0
425.0,70.0,590.0,73.0,120.0,45.0,530.0,73.0,620.0,50.0,40.0,25.0,36.0,23.0,23.0,13.0,15.0,STEEL,30.0,50.0,40.0,330.0,350.0,16.0,18.0,False,False,130.0,2.0,0.9,1.1,0.9,1.2,1.0,0.9,674.0,52.0,674.0,52.0,0,0,False,0,1.0,68.0,34.0,692.0,31.8,False,False,False,False,True,11,2.0,False,255.0,0.0,0.0,SPOKED,SPOKED,0.0,0.0,1.0,1.0,260.0,290.0,36.0,750.0,2.0
430.0,70.0,580.0,73.0,110.0,45.0,560.0,73.5,660.0,47.0,40.0,25.4,36.5,23.35,13.0,15.0,9.0,STEEL,65.0,50.0,42.0,330.0,350.0,16.0,18.0,False,False,130.0,2.0,0.9,1.1,0.9,1.2,1.0,0.9,674.0,52.0,674.0,52.0,0,2,False,0,1.0,68.0,31.8,692.0,26.8,True,True,False,False,True,11,2.0,False,255.0,0,0,SPOKED,SPOKED,1.0,1.0,80.0,80.0,278.0,730.0,36.5,300.0,1.0
435.0,70.0,590.0,73.5,115.0,45.0,555.0,73.0,655.0,47.0,40.0,25.4,36.5,23.35,13.0,15.0,9.0,STEEL,70.0,52.0,45.0,330.0,350.0,16.0,18.0,False,False,130.0,2.0,0.9,1.1,0.9,1.2,1.0,0.9,674.0,52.0,674.0,52.0,0,2,False,0,1.0,68.0,31.8,692.0,26.8,True,True,False,False,True,11,2.0,False,255.0,0,0,SPOKED,SPOKED,1.0,1.0,80.0,80.0,278.0,735.0,36.5,310.0,1.0
425.0,70.0,600.0,72.5,120.0,45.0,570.0,74.0,670.0,47.0,40.0,25.4,36.5,23.35,13.0,15.0,9.0,STEEL,75.0,55.0,48.0,330.0,350.0,16.0,18.0,False,False,130.0,2.0,0.9,1.1,0.9,1.2,1.0,0.9,674.0,52.0,674.0,52.0,0,2,False,0,1.0,68.0,31.8,692.0,26.8,True,True,False,False,True,11,2.0,False,255.0,0,0,SPOKED,SPOKED,1.0,1.0,80.0,80.0,278.0,740.0,36.5,320.0,1.0
440.0,70.0,605.0,73.0,130.0,45.0,565.0,74.0,675.0,47.0,40.0,25.4,36.5,23.35,13.0,15.0,9.0,STEEL,80.0,53.0,50.0,330.0,350.0,16.0,18.0,False,False,130.0,2.0,0.9,1.1,0.9,1.2,1.0,0.9,674.0,52.0,674.0,52.0,0,2,False,0,1.0,68.0,31.8,692.0,26.8,True,True,False,False,True,11,2.0,False,255.0,0,0,SPOKED,SPOKED,1.0,1.0,80.0,80.0,278.0,745.0,36.5,330.0,1.0
420.0,70.0,595.0,73.2,125.0,45.0,558.0,73.3,662.0,47.0,40.0,25.4,36.5,23.35,13.0,15.0,9.0,STEEL,68.0,51.0,44.0,330.0,350.0,16.0,18.0,False,False,130.0,2.0,0.9,1.1,0.9,1.2,1.0,0.9,674.0,52.0,674.0,52.0,0,2,False,0,1.0,68.0,31.8,692.0,26.8,True,True,False,False,True,11,2.0,False,255.0,0,0,SPOKED,SPOKED,1.0,1.0,80.0,80.0,278.0,732.0,36.5,305.0,1.0
445.0,70.0,615.0,72.8,135.0,45.0,575.0,73.8,680.0,47.0,40.0,25.4,36.5,23.35,13.0,15.0,9.0,STEEL,82.0,57.0,52.0,330.0,350.0,16.0,18.0,False,False,130.0,2.0,0.9,1.1,0.9,1.2,1.0,0.9,674.0,52.0,674.0,52.0,0,2,False,0,1.0,68.0,31.8,692.0,26.8,True,True,False,False,True,11,2.0,False,255.0,0,0,SPOKED,SPOKED,1.0,1.0,80.0,80.0,278.0,750.0,36.5,340.0,1.0
430.0,70.0,610.0,73.1,140.0,45.0,562.0,73.6,667.0,47.0,40.0,25.4,36.5,23.35,13.0,15.0,9.0,STEEL,78.0,54.0,49.0,330.0,350.0,16.0,18.0,False,False,130.0,2.0,0.9,1.1,0.9,1.2,1.0,0.9,674.0,52.0,674.0,52.0,0,2,False,0,1.0,68.0,31.8,692.0,26.8,True,True,False,False,True,11,2.0,False,255.0,0,0,SPOKED,SPOKED,1.0,1.0,80.0,80.0,278.0,738.0,36.5,325.0,1.0
428.0,70.0,585.0,73.3,105.0,45.0,557.0,73.4,658.0,47.0,40.0,25.4,36.5,23.35,13.0,15.0,9.0,STEEL,63.0,49.0,43.0,330.0,350.0,16.0,18.0,False,False,130.0,2.0,0.9,1.1,0.9,1.2,1.0,0.9,674.0,52.0,674.0,52.0,0,2,False,0,1.0,68.0,31.8,692.0,26.8,True,True,False,False,True,11,2.0,False,255.0,0,0,SPOKED,SPOKED,1.0,1.0,80.0,80.0,278.0,728.0,36.5,295.0,1.0
432.0,70.0,620.0,72.6,145.0,45.0,580.0,74.0,685.0,47.0,40.0,25.4,36.5,23.35,13.0,15.0,9.0,STEEL,85.0,58.0,53.0,330.0,350.0,16.0,18.0,False,False,130.0,2.0,0.9,1.1,0.9,1.2,1.0,0.9,674.0,52.0,674.0,52.0,0,2,False,0,1.0,68.0,31.8,692.0,26.8,True,True,False,False,True,11,2.0,False,255.0,0,0,SPOKED,SPOKED,1.0,1.0,80.0,80.0,278.0,752.0,36.5,345.0,1.0
422.0,70.0,590.0,72.7,118.0,45.0,562.0,73.7,663.0,47.0,40.0,25.4,36.5,23.35,13.0,15.0,9.0,STEEL,72.0,52.0,46.0,330.0,350.0,16.0,18.0,False,False,130.0,2.0,0.9,1.1,0.9,1.2,1.0,0.9,674.0,52.0,674.0,52.0,0,2,False,0,1.0,68.0,31.8,692.0,26.8,True,True,False,False,True,11,2.0,False,255.0,0,0,SPOKED,SPOKED,1.0,1.0,80.0,80.0,278.0,734.0,36.5,315.0,1.0
430.0,70.0,620.0,73.0,150.0,45.0,555.0,74.0,650.0,45.0,40.0,25.4,36.5,23.35,23.35,13.0,15.0,STEEL,40.0,45.0,50.0,330.0,350.0,16.0,18.0,False,False,130.0,2.0,0.9,1.1,0.9,1.2,1.0,0.9,674.0,52.0,674.0,52.0,0,0,False,0,1.0,68.0,34.0,0.0,28.6,False,False,False,False,True,9,2.0,False,255.0,0,0,SPOKED,SPOKED,1.0,1.0,80.0,80.0,280.0,720.0,28.0,300.0,1.0
435.0,72.0,610.0,72.0,140.0,45.0,550.0,74.5,645.0,45.0,40.0,25.4,36.5,23.35,23.35,13.0,15.0,STEEL,38.0,42.0,48.0,330.0,350.0,16.0,18.0,False,False,130.0,2.0,0.9,1.1,0.9,1.2,1.0,0.9,674.0,52.0,674.0,52.0,0,1,False,0,1.0,68.0,34.0,0.0,28.6,False,False,False,False,True,10,2.0,False,255.0,0,0,SPOKED,SPOKED,1.0,1.0,80.0,80.0,285.0,710.0,26.0,310.0,1.0
425.0,68.0,630.0,74.0,160.0,45.0,565.0,73.5,660.0,43.0,40.0,26.0,38.0,23.35,23.35,13.0,15.0,STEEL,50.0,50.0,55.0,330.0,350.0,16.0,18.0,False,False,130.0,2.0,0.9,1.1,0.9,1.2,1.0,0.9,674.0,52.0,674.0,52.0,0,2,False,0,2.0,68.0,34.0,0.0,28.6,True,False,False,False,True,9,3.0,False,255.0,0,0,SPOKED,SPOKED,1.0,1.0,80.0,80.0,270.0,730.0,27.0,295.0,1.0
440.0,70.0,615.0,73.5,145.0,45.0,558.0,74.2,648.0,50.0,40.0,25.4,37.0,23.35,23.35,13.0,15.0,STEEL,45.0,47.0,52.0,330.0,350.0,16.0,18.0,False,False,130.0,2.0,0.9,1.1,0.9,1.2,1.0,0.9,674.0,52.0,674.0,52.0,0,0,False,0,1.0,68.0,34.0,0.0,28.6,False,True,False,False,True,8,2.0,False,255.0,0,0,DISC,SPOKED,0.0,1.0,80.0,80.0,285.0,715.0,28.0,305.0,2.0
428.0,68.0,625.0,74.5,155.0,45.0,562.0,73.8,655.0,45.0,40.0,26.0,36.5,23.35,23.35,13.0,15.0,STEEL,42.0,48.0,50.0,330.0,350.0,16.0,18.0,False,False,130.0,2.0,0.9,1.1,0.9,1.2,1.0,0.9,700.0,50.0,700.0,50.0,0,1,False,0,1.0,68.0,34.0,0.0,28.6,True,True,False,False,True,9,2.0,True,255.0,0,0,DISC,DISC,0.0,0.0,0.0,0.0,275.0,725.0,29.0,320.0,1.0
432.0,70.0,635.0,73.0,165.0,45.0,570.0,74.0,665.0,44.0,40.0,25.4,37.5,23.35,23.35,13.0,15.0,STEEL,48.0,52.0,58.0,330.0,350.0,16.0,18.0,False,False,130.0,2.0,0.9,1.1,0.9,1.2,1.0,0.9,674.0,52.0,674.0,52.0,0,2,False,0,1.0,68.0,36.0,0.0,30.0,False,False,False,False,True,11,2.0,False,255.0,0,0,SPOKED,SPOKED,1.0,1.0,80.0,80.0,290.0,740.0,29.0,325.0,2.0
438.0,69.0,600.0,72.5,135.0,45.0,548.0,74.8,640.0,46.0,40.0,25.4,36.5,23.35,23.35,13.0,15.0,STEEL,35.0,40.0,45.0,330.0,350.0,16.0,18.0,False,False,130.0,2.0,0.9,1.1,0.9,1.2,1.0,0.9,674.0,52.0,674.0,52.0,0,0,False,0,1.0,68.0,32.0,0.0,28.0,False,True,False,False,True,8,2.0,False,255.0,10,10,SPOKED,SPOKED,1.0,1.0,80.0,80.0,265.0,705.0,27.5,290.0,1.0
420.0,70.0,618.0,73.2,148.0,45.0,555.0,74.3,652.0,45.0,40.0,25.4,36.0,23.35,23.35,13.0,15.0,STEEL,41.0,46.0,51.0,330.0,350.0,16.0,18.0,False,False,130.0,2.0,0.9,1.1,0.9,1.2,1.0,0.9,674.0,52.0,674.0,52.0,0,1,False,0,1.0,68.0,34.0,0.0,28.6,True,False,False,False,True,9,2.0,False,255.0,5,0,SPOKED,SPOKED,1.0,1.0,80.0,80.0,280.0,725.0,27.0,300.0,1.0
426.0,69.0,622.0,73.8,152.0,45.0,558.0,74.1,654.0,45.0,40.0,25.4,36.5,23.35,23.35,13.0,15.0,STEEL,44.0,48.0,53.0,330.0,350.0,16.0,18.0,False,False,130.0,2.0,0.9,1.1,0.9,1.2,1.0,0.9,674.0,52.0,674.0,52.0,0,1,False,0,1.0,68.0,34.0,0.0,28.6,False,True,False,False,True,9,2.0,False,255.0,0,10,SPOKED,SPOKED,1.0,1.0,80.0,80.0,285.0,730.0,27.5,315.0,1.0
430.0,70.0,628.0,73.3,158.0,45.0,560.0,73.9,658.0,45.0,40.0,26.0,37.0,23.35,23.35,13.0,15.0,STEEL,46.0,49.0,54.0,330.0,350.0,16.0,18.0,False,False,130.0,2.0,0.9,1.1,0.9,1.2,1.0,0.9,674.0,52.0,674.0,52.0,0,1,False,0,1.0,68.0,35.0,0.0,28.8,False,False,False,False,True,10,2.0,False,255.0,0,0,SPOKED,SPOKED,1.0,1.0,80.0,80.0,275.0,735.0,28.0,305.0,1.0
420.0,70.0,600.0,73.0,160.0,45.0,550.0,74.0,630.0,45.0,40.0,31.8,35.0,23.0,21.0,13,15.0,STEEL,35.0,55.0,35.0,330.0,350.0,16,18,False,False,130.0,2.0,0.9,1.1,0.9,1.2,1.0,0.9,700.0,50.0,700.0,50.0,0,0,False,0,1.0,70.0,38.0,0,31.8,False,False,False,False,True,12,2.0,False,255.0,0,0,SPOKED,SPOKED,0.0,0.0,0.0,0.0,280.0,720.0,35.0,300.0,1.0
425.0,68.0,590.0,72.5,150.0,50.0,545.0,73.5,640.0,40.0,40.0,31.8,35.0,23.0,21.0,13,15.0,STEEL,30.0,60.0,40.0,330.0,350.0,16,18,False,False,130.0,2.0,0.9,1.1,0.9,1.2,1.0,0.9,700.0,50.0,700.0,50.0,0,1,False,0,1.0,72.0,36.0,0,31.8,False,False,False,False,True,12,2.0,False,255.0,0,0,SPOKED,SPOKED,0.0,0.0,0.0,0.0,280.0,720.0,35.0,300.0,1.0
430.0,65.0,620.0,74.0,170.0,48.0,560.0,74.5,625.0,47.0,40.0,31.8,35.0,23.0,21.0,13,15.0,STEEL,40.0,50.0,30.0,330.0,350.0,16,18,False,False,130.0,2.0,0.9,1.1,0.9,1.2,1.0,0.9,700.0,50.0,700.0,50.0,0,2,False,0,1.0,68.0,40.0,0,31.8,False,False,False,False,True,12,2.0,False,255.0,0,0,SPOKED,SPOKED,0.0,0.0,0.0,0.0,280.0,720.0,35.0,300.0,1.0
415.0,72.0,580.0,73.5,140.0,45.0,540.0,73.0,635.0,42.0,40.0,31.8,35.0,23.0,21.0,13,15.0,STEEL,32.0,58.0,38.0,330.0,350.0,16,18,False,False,130.0,2.0,0.9,1.1,0.9,1.2,1.0,0.9,700.0,50.0,700.0,50.0,0,0,False,0,1.0,71.0,34.0,0,31.8,False,False,False,False,True,12,2.0,False,255.0,0,0,SPOKED,SPOKED,0.0,0.0,0.0,0.0,280.0,720.0,35.0,300.0,1.0
418.0,69.0,605.0,72.0,155.0,47.0,555.0,75.0,645.0,44.0,40.0,31.8,35.0,23.0,21.0,13,15.0,STEEL,36.0,52.0,34.0,330.0,350.0,16,18,False,False,130.0,2.0,0.9,1.1,0.9,1.2,1.0,0.9,700.0,50.0,700.0,50.0,0,1,False,0,1.0,70.0,42.0,0,31.8,False,False,False,False,True,12,2.0,False,255.0,0,0,SPOKED,SPOKED,0.0,0.0,0.0,0.0,280.0,720.0,35.0,300.0,1.0
422.0,67.0,610.0,72.8,165.0,46.0,550.0,74.0,638.0,46.0,40.0,31.8,35.0,23.0,21.0,13,15.0,STEEL,38.0,54.0,36.0,330.0,350.0,16,18,False,False,130.0,2.0,0.9,1.1,0.9,1.2,1.0,0.9,700.0,50.0,700.0,50.0,0,2,False,0,1.0,68.0,39.0,0,31.8,False,False,False,False,True,12,2.0,False,255.0,0,0,SPOKED,SPOKED,0.0,0.0,0.0,0.0,280.0,720.0,35.0,300.0,1.0
419.0,71.0,595.0,73.2,158.0,45.0,545.0,73.7,632.0,43.0,40.0,31.8,35.0,23.0,21.0,13,15.0,STEEL,34.0,57.0,32.0,330.0,350.0,16,18,False,False,130.0,2.0,0.9,1.1,0.9,1.2,1.0,0.9,700.0,50.0,700.0,50.0,0,0,False,0,1.0,69.0,37.0,0,31.8,False,False,False,False,True,12,2.0,False,255.0,0,0,SPOKED,SPOKED,0.0,0.0,0.0,0.0,280.0,720.0,35.0,300.0,1.0
427.0,66.0,615.0,74.2,180.0,46.0,565.0,74.8,622.0,48.0,40.0,31.8,35.0,23.0,21.0,13,15.0,STEEL,42.0,51.0,31.0,330.0,350.0,16,18,False,False,130.0,2.0,0.9,1.1,0.9,1.2,1.0,0.9,700.0,50.0,700.0,50.0,0,1,False,0,1.0,70.0,44.0,0,31.8,False,False,False,False,True,12,2.0,False,255.0,0,0,SPOKED,SPOKED,0.0,0.0,0.0,0.0,280.0,720.0,35.0,300.0,1.0
423.0,63.0,605.0,72.6,175.0,45.0,555.0,74.2,640.0,49.0,40.0,31.8,35.0,23.0,21.0,13,15.0,STEEL,37.0,53.0,33.0,330.0,350.0,16,18,False,False,130.0,2.0,0.9,1.1,0.9,1.2,1.0,0.9,700.0,50.0,700.0,50.0,0,2,False,0,1.0,68.0,41.0,0,31.8,False,False,False,False,True,12,2.0,False,255.0,0,0,SPOKED,SPOKED,0.0,0.0,0.0,0.0,280.0,720.0,35.0,300.0,1.0
421.0,68.0,600.0,73.8,168.0,47.0,552.0,74.6,637.0,45.0,40.0,31.8,35.0,23.0,21.0,13,15.0,STEEL,39.0,56.0,35.0,330.0,350.0,16,18,False,False,130.0,2.0,0.9,1.1,0.9,1.2,1.0,0.9,700.0,50.0,700.0,50.0,0,1,False,0,1.0,72.0,38.0,0,31.8,False,False,False,False,True,12,2.0,False,255.0,0,0,SPOKED,SPOKED,0.0,0.0,0.0,0.0,280.0,720.0,35.0,300.0,1.0
430.0,70.0,620.0,73.5,150.0,45.0,555.0,73.5,650.0,45.0,40.0,28.6,36.5,23.35,23.35,13.0,15.0,STEEL,35.0,45.0,40.0,330.0,350.0,16.0,18.0,False,False,130.0,2.0,0.9,1.1,0.9,1.2,1.0,0.9,674.0,52.0,674.0,52.0,0,0,False,0,1.0,68.0,35.0,0.0,31.8,False,False,False,False,True,11,2.0,False,255.0,0,0,SPOKED,SPOKED,1.0,1.0,80.0,80.0,280.0,725.0,26.8,350.0,1.0
425.0,70.0,630.0,73.0,160.0,45.0,560.0,74.0,660.0,44.0,45.0,28.6,36.5,23.35,23.35,13.0,15.0,STEEL,38.0,45.0,40.0,330.0,350.0,16.0,18.0,False,False,130.0,2.0,0.9,1.1,0.9,1.2,1.0,0.9,674.0,52.0,674.0,52.0,0,0,False,0,1.0,68.0,36.0,0.0,31.8,False,False,False,False,True,11,2.0,False,255.0,0,0,SPOKED,SPOKED,1.0,1.0,80.0,80.0,282.0,728.0,26.8,355.0,1.0
435.0,70.0,615.0,74.0,140.0,45.0,550.0,73.0,640.0,46.0,40.0,28.6,36.5,23.35,23.35,13.0,15.0,STEEL,32.0,45.0,40.0,330.0,350.0,16.0,18.0,False,False,130.0,2.0,0.9,1.1,0.9,1.2,1.0,0.9,674.0,52.0,674.0,52.0,0,0,False,0,1.0,68.0,34.0,0.0,31.8,False,False,False,False,True,11,2.0,False,255.0,0,0,SPOKED,SPOKED,1.0,1.0,80.0,80.0,284.0,710.0,26.8,340.0,1.0
420.0,70.0,640.0,72.5,170.0,45.0,565.0,75.0,670.0,45.0,45.0,28.6,36.5,23.35,23.35,13.0,15.0,STEEL,40.0,45.0,40.0,330.0,350.0,16.0,18.0,False,False,130.0,2.0,0.9,1.1,0.9,1.2,1.0,0.9,674.0,52.0,674.0,52.0,0,0,False,0,1.0,68.0,38.0,0.0,31.8,False,False,False,False,True,11,2.0,False,255.0,0,0,SPOKED,SPOKED,1.0,1.0,80.0,80.0,286.0,735.0,26.8,345.0,1.0
450.0,70.0,625.0,73.8,155.0,45.0,552.0,73.8,655.0,44.5,40.0,28.6,36.5,23.35,23.35,13.0,15.0,STEEL,36.0,45.0,40.0,330.0,350.0,16.0,18.0,False,False,130.0,2.0,0.9,1.1,0.9,1.2,1.0,0.9,674.0,52.0,674.0,52.0,0,0,False,0,1.0,68.0,37.0,0.0,31.8,False,False,False,False,True,11,2.0,False,255.0,0,0,SPOKED,SPOKED,1.0,1.0,80.0,80.0,288.0,720.0,26.8,360.0,1.0
440.0,70.0,635.0,73.2,165.0,45.0,565.0,74.2,665.0,45.5,45.0,28.6,36.5,23.35,23.35,13.0,15.0,STEEL,39.0,45.0,40.0,330.0,350.0,16.0,18.0,False,False,130.0,2.0,0.9,1.1,0.9,1.2,1.0,0.9,674.0,52.0,674.0,52.0,0,0,False,0,1.0,68.0,36.0,0.0,31.8,False,False,False,False,True,11,2.0,False,255.0,0,0,SPOKED,SPOKED,1.0,1.0,80.0,80.0,290.0,730.0,26.8,370.0,1.0
460.0,70.0,610.0,74.2,145.0,45.0,545.0,72.8,635.0,44.2,40.0,28.6,36.5,23.35,23.35,13.0,15.0,STEEL,33.0,45.0,40.0,330.0,350.0,16.0,18.0,False,False,130.0,2.0,0.9,1.1,0.9,1.2,1.0,0.9,674.0,52.0,674.0,52.0,0,0,False,0,1.0,68.0,35.0,0.0,31.8,False,False,False,False,True,11,2.0,False,255.0,0,0,SPOKED,SPOKED,1.0,1.0,80.0,80.0,292.0,700.0,26.8,360.0,1.0
455.0,70.0,645.0,72.8,175.0,45.0,570.0,74.5,675.0,46.2,45.0,28.6,36.5,23.35,23.35,13.0,15.0,STEEL,42.0,45.0,40.0,330.0,350.0,16.0,18.0,False,False,130.0,2.0,0.9,1.1,0.9,1.2,1.0,0.9,674.0,52.0,674.0,52.0,0,0,False,0,1.0,68.0,38.0,0.0,31.8,False,False,False,False,True,11,2.0,False,255.0,0,0,SPOKED,SPOKED,1.0,1.0,80.0,80.0,294.0,740.0,26.8,375.0,1.0
465.0,70.0,628.0,73.7,158.0,45.0,558.0,73.2,658.0,44.8,40.0,28.6,36.5,23.35,23.35,13.0,15.0,STEEL,37.0,45.0,40.0,330.0,350.0,16.0,18.0,False,False,130.0,2.0,0.9,1.1,0.9,1.2,1.0,0.9,674.0,52.0,674.0,52.0,0,0,False,0,1.0,68.0,36.0,0.0,31.8,False,False,False,False,True,11,2.0,False,255.0,0,0,SPOKED,SPOKED,1.0,1.0,80.0,80.0,296.0,732.0,26.8,380.0,1.0
470.0,70.0,638.0,73.1,168.0,45.0,562.0,74.8,668.0,45.8,45.0,28.6,36.5,23.35,23.35,13.0,15.0,STEEL,41.0,45.0,40.0,330.0,350.0,16.0,18.0,False,False,130.0,2.0,0.9,1.1,0.9,1.2,1.0,0.9,674.0,52.0,674.0,52.0,0,0,False,0,1.0,68.0,37.0,0.0,31.8,False,False,False,False,True,11,2.0,False,255.0,0,0,SPOKED,SPOKED,1.0,1.0,80.0,80.0,298.0,738.0,26.8,390.0,1.0
405.0,65.0,580.0,72.0,120.0,40.0,530.0,72.0,650.0,45.0,40.0,25.4,36.5,23.35,13.0,13.0,15.0,STEEL,30.0,45.0,30.0,330.0,350.0,16.0,18.0,False,False,130.0,2.0,0.9,1.1,0.9,1.2,1.0,0.9,674.0,52.0,674.0,52.0,0,0,False,0,1.0,68.0,31.8,0.0,31.8,True,True,False,False,True,10,2.0,False,255.0,0,0,SPOKED,SPOKED,1.0,1.0,80.0,80.0,260.0,700.0,28.0,300.0,1.0
410.0,66.0,585.0,72.5,130.0,42.0,535.0,72.5,655.0,46.0,40.0,28.6,37.0,24.0,14.0,14.0,15.0,STEEL,32.0,47.0,35.0,330.0,350.0,16.0,18.0,True,False,130.0,2.0,0.9,1.1,0.9,1.2,1.0,0.9,674.0,52.0,674.0,52.0,0,0,False,0,1.0,68.0,31.8,0.0,31.8,True,True,False,False,True,10,2.0,False,255.0,0,0,SPOKED,SPOKED,1.0,1.0,80.0,80.0,265.0,710.0,29.0,310.0,1.0
415.0,67.0,590.0,73.0,140.0,44.0,540.0,73.0,660.0,47.0,40.0,31.8,38.0,25.0,15.0,15.0,16.0,STEEL,34.0,49.0,40.0,330.0,350.0,16.0,18.0,False,True,130.0,2.0,0.9,1.1,0.9,1.2,1.0,0.9,674.0,52.0,674.0,52.0,0,0,False,0,1.0,68.0,31.8,0.0,31.8,True,True,False,False,True,10,2.0,False,255.0,0,0,SPOKED,SPOKED,1.0,1.0,80.0,80.0,270.0,720.0,30.0,320.0,1.0
420.0,68.0,595.0,73.5,150.0,46.0,545.0,73.5,665.0,48.0,40.0,34.0,39.0,26.0,16.0,16.0,16.0,STEEL,36.0,51.0,45.0,330.0,350.0,16.0,18.0,True,True,130.0,2.0,0.9,1.1,0.9,1.2,1.0,0.9,674.0,52.0,674.0,52.0,0,0,False,0,1.0,68.0,31.8,0.0,31.8,False,True,False,False,True,10,2.0,False,255.0,0,0,SPOKED,SPOKED,1.0,1.0,80.0,80.0,275.0,730.0,31.0,330.0,1.0
425.0,69.0,600.0,74.0,160.0,48.0,550.0,74.0,670.0,49.0,40.0,29.0,40.0,27.0,17.0,17.0,17.0,STEEL,38.0,53.0,50.0,330.0,350.0,16.0,18.0,False,False,130.0,2.0,0.9,1.1,0.9,1.2,1.0,0.9,674.0,52.0,674.0,52.0,0,0,False,0,1.0,68.0,31.8,0.0,31.8,True,False,False,False,True,10,2.0,False,255.0,0,0,SPOKED,SPOKED,1.0,1.0,80.0,80.0,280.0,740.0,32.0,340.0,1.0
430.0,70.0,605.0,72.2,170.0,50.0,555.0,72.2,675.0,50.0,40.0,30.0,35.0,28.0,18.0,18.0,17.0,STEEL,40.0,55.0,55.0,330.0,350.0,16.0,18.0,True,False,130.0,2.0,0.9,1.1,0.9,1.2,1.0,0.9,674.0,52.0,674.0,52.0,0,0,False,0,1.0,68.0,31.8,0.0,31.8,False,True,False,False,True,10,2.0,False,255.0,0,0,SPOKED,SPOKED,1.0,1.0,80.0,80.0,285.0,750.0,33.0,350.0,1.0
435.0,71.0,610.0,73.2,180.0,52.0,560.0,73.2,680.0,51.0,40.0,32.0,34.0,29.0,19.0,19.0,18.0,STEEL,42.0,57.0,60.0,330.0,350.0,16.0,18.0,False,True,130.0,2.0,0.9,1.1,0.9,1.2,1.0,0.9,674.0,52.0,674.0,52.0,0,0,False,0,1.0,68.0,31.8,0.0,31.8,True,True,False,False,True,10,2.0,False,255.0,0,0,SPOKED,SPOKED,1.0,1.0,80.0,80.0,290.0,760.0,34.0,360.0,1.0
440.0,72.0,615.0,73.8,190.0,54.0,565.0,73.8,685.0,52.0,40.0,33.0,33.0,30.0,20.0,20.0,18.0,STEEL,44.0,59.0,65.0,330.0,350.0,16.0,18.0,True,True,130.0,2.0,0.9,1.1,0.9,1.2,1.0,0.9,674.0,52.0,674.0,52.0,0,0,False,0,1.0,68.0,31.8,0.0,31.8,False,False,False,False,True,10,2.0,False,255.0,0,0,SPOKED,SPOKED,1.0,1.0,80.0,80.0,295.0,770.0,35.0,370.0,1.0
445.0,73.0,620.0,74.5,200.0,56.0,570.0,74.5,690.0,53.0,40.0,26.0,32.0,22.0,12.0,21.0,19.0,STEEL,46.0,61.0,70.0,330.0,350.0,16.0,18.0,False,False,130.0,2.0,0.9,1.1,0.9,1.2,1.0,0.9,674.0,52.0,674.0,52.0,0,0,False,0,1.0,68.0,31.8,0.0,31.8,True,False,False,False,True,10,2.0,False,255.0,0,0,SPOKED,SPOKED,1.0,1.0,80.0,80.0,300.0,780.0,36.0,380.0,1.0
450.0,74.0,625.0,72.7,210.0,58.0,575.0,72.7,695.0,54.0,40.0,27.0,31.0,21.0,11.0,22.0,19.0,STEEL,48.0,63.0,75.0,330.0,350.0,16.0,18.0,True,False,130.0,2.0,0.9,1.1,0.9,1.2,1.0,0.9,674.0,52.0,674.0,52.0,0,0,False,0,1.0,68.0,31.8,0.0,31.8,False,True,False,False,True,10,2.0,False,255.0,0,0,SPOKED,SPOKED,1.0,1.0,80.0,80.0,305.0,790.0,37.0,390.0,1.0
425.0,70.0,580.0,73.5,110.0,45.0,555.0,74.0,660.0,47.0,40.0,26.0,36.0,23.0,23.0,15,15.0,STEEL,60.0,45.0,40.0,0.0,0.0,0,0,False,False,130.0,2.0,0.9,1.1,0.9,1.2,1.0,0.9,700.0,78.0,700.0,78.0,0,0,False,0,1.0,68.0,34.9,0,31.8,True,True,False,False,True,11,2.0,False,255.0,0,0,SPOKED,SPOKED,0.0,0.0,80.0,80.0,250.0,300.0,36.0,300.0,1.0
430.0,68.0,575.0,74.0,115.0,48.0,560.0,73.0,655.0,46.0,40.0,25.0,35.0,24.0,24.0,16,16.0,STEEL,65.0,48.0,42.0,0.0,0.0,0,0,False,False,130.0,2.0,0.9,1.1,0.9,1.2,1.0,0.9,700.0,78.0,700.0,78.0,0,0,False,0,1.0,68.0,34.9,0,31.8,True,True,False,False,True,11,2.0,False,255.0,0,0,SPOKED,SPOKED,0.0,0.0,80.0,80.0,250.0,300.0,36.0,300.0,1.0
425.0,70.0,585.0,73.0,112.0,46.0,552.0,74.0,658.0,47.0,40.0,26.0,36.0,23.0,23.0,15,15.0,STEEL,62.0,46.0,41.0,0.0,0.0,0,0,False,False,130.0,2.0,0.9,1.1,0.9,1.2,1.0,0.9,700.0,78.0,700.0,78.0,0,0,False,0,1.0,68.0,34.9,0,31.8,True,True,False,False,True,11,2.0,False,255.0,0,0,SPOKED,TRISPOKE,0.0,1.0,80.0,80.0,250.0,300.0,36.0,300.0,1.0
430.0,70.0,590.0,74.0,118.0,47.0,558.0,75.0,662.0,46.0,40.0,27.0,37.0,24.0,24.0,15,15.0,STEEL,63.0,47.0,43.0,0.0,0.0,0,0,False,False,130.0,2.0,0.9,1.1,0.9,1.2,1.0,0.9,700.0,78.0,700.0,78.0,0,0,False,0,3.0,68.0,38.0,0,31.8,True,True,False,False,True,11,2.0,False,255.0,0,0,SPOKED,SPOKED,0.0,0.0,80.0,80.0,250.0,300.0,36.0,300.0,3.0
428.0,70.0,578.0,72.5,125.0,45.0,555.0,75.0,660.0,47.0,40.0,28.0,38.0,25.0,25.0,15,15.0,STEEL,60.0,45.0,40.0,0.0,0.0,0,0,False,False,130.0,2.0,0.9,1.1,0.9,1.2,1.0,0.9,700.0,78.0,700.0,78.0,0,0,False,0,0.0,68.0,34.9,50,31.8,True,True,False,False,True,11,2.0,False,255.0,0,0,SPOKED,SPOKED,0.0,0.0,80.0,80.0,250.0,300.0,36.0,300.0,0.0
425.0,70.0,582.0,73.0,113.0,46.0,552.0,74.5,658.0,47.0,40.0,26.0,36.0,23.0,23.0,15,15.0,STEEL,62.0,46.0,41.0,0.0,0.0,0,0,False,False,130.0,2.0,0.9,1.1,0.9,1.2,1.0,0.9,700.0,78.0,700.0,78.0,0,0,False,0,1.0,68.0,34.9,0,31.8,True,True,False,False,True,11,2.0,False,255.0,0,0,SPOKED,SPOKED,0.0,0.0,80.0,80.0,250.0,300.0,36.0,300.0,1.0
425.0,70.0,585.0,73.0,113.0,46.0,552.0,74.5,658.0,47.0,40.0,26.0,36.0,23.0,23.0,15,15.0,STEEL,62.0,46.0,41.0,0.0,0.0,0,0,False,False,130.0,2.0,0.9,1.1,0.9,1.2,1.0,0.9,700.0,78.0,700.0,78.0,0,0,False,0,1.0,68.0,34.9,0,31.8,True,True,False,True,True,11,2.0,False,255.0,0,0,SPOKED,SPOKED,0.0,0.0,80.0,80.0,250.0,300.0,36.0,300.0,1.0
420.0,70.0,578.0,73.0,110.0,45.0,555.0,74.0,660.0,47.0,40.0,26.0,36.0,23.0,23.0,15,15.0,STEEL,60.0,45.0,40.0,0.0,0.0,0,0,False,False,130.0,2.0,0.9,1.1,0.9,1.2,1.0,0.9,700.0,78.0,700.0,78.0,0,0,False,0,1.0,68.0,34.9,0,31.8,True,False,False,False,True,11,2.0,False,255.0,0,0,SPOKED,SPOKED,0.0,0.0,80.0,80.0,250.0,300.0,36.0,300.0,1.0
425.0,70.0,585.0,74.0,115.0,48.0,560.0,73.0,655.0,46.0,40.0,25.0,35.0,24.0,24.0,16,16.0,STEEL,65.0,48.0,42.0,0.0,0.0,0,0,False,False,130.0,2.0,0.9,1.1,0.9,1.2,1.0,0.9,700.0,78.0,700.0,78.0,0,0,False,0,1.0,68.0,34.9,0,31.8,True,True,False,False,True,10,3.0,False,255.0,0,0,SPOKED,SPOKED,0.0,0.0,80.0,80.0,250.0,300.0,36.0,300.0,1.0
420.0,70.0,590.0,73.0,112.0,47.0,558.0,74.0,662.0,46.0,40.0,26.0,36.0,23.0,23.0,15,15.0,STEEL,62.0,47.0,43.0,0.0,0.0,0,0,False,False,130.0,2.0,0.9,1.1,0.9,1.2,1.0,0.9,700.0,78.0,700.0,78.0,0,0,False,0,1.0,68.0,34.9,0,31.8,True,True,False,False,True,11,2.0,False,255.0,0,0,SPOKED,SPOKED,0.0,0.0,80.0,80.0,250.0,300.0,36.0,300.0,1.0
430.0,70.0,600.0,73.0,150.0,45.0,560.0,73.5,660.0,47.0,40.0,28.6,36.5,23.5,23.5,13.0,15.0,STEEL,40.0,50.0,50.0,330.0,350.0,16.0,18.0,False,False,130.0,2.0,0.9,1.1,0.9,1.2,1.0,0.9,700.0,50.0,700.0,50.0,0,0,False,0,1.0,68.0,34.0,692.0,28.0,False,False,False,False,True,11,2.0,False,254.0,0,0,DISC,SPOKED,0.0,0.0,0.0,0.0,80.0,740.0,36.0,750.0,1.0
435.0,68.0,610.0,74.0,140.0,45.0,565.0,74.0,655.0,46.0,42.0,28.6,37.0,23.5,23.5,13.0,15.0,STEEL,45.0,55.0,45.0,330.0,350.0,16.0,18.0,False,False,130.0,2.0,0.9,1.1,0.9,1.2,1.0,0.9,680.0,42.0,680.0,42.0,0,0,False,0,1.0,68.0,36.0,692.0,30.0,False,False,False,False,True,12,2.0,False,254.0,10,10,DISC,TRISPOKE,0.0,1.0,0.0,60.0,82.0,750.0,36.0,760.0,1.0
425.0,72.0,595.0,73.5,155.0,45.0,555.0,73.0,658.0,48.0,42.0,30.0,36.5,23.5,23.5,13.0,15.0,STEEL,50.0,45.0,55.0,330.0,350.0,16.0,18.0,False,False,130.0,2.0,0.9,1.1,0.9,1.2,1.0,0.9,690.0,45.0,690.0,45.0,0,0,False,0,3.0,68.0,38.0,692.0,29.0,False,False,False,False,True,11,2.0,False,254.0,0,10,DISC,SPOKED,0.0,0.0,0.0,0.0,85.0,730.0,36.5,740.0,2.0
440.0,65.0,620.0,72.0,160.0,50.0,570.0,74.0,662.0,46.0,40.0,28.6,36.5,23.5,23.5,13.0,15.0,STEEL,42.0,52.0,45.0,330.0,350.0,16.0,18.0,False,False,130.0,2.0,0.9,1.1,0.9,1.2,1.0,0.9,700.0,50.0,700.0,50.0,0,0,False,0,1.0,68.0,34.0,692.0,28.5,False,False,False,False,True,13,2.0,False,250.0,5,5,DISC,TRISPOKE,0.0,1.0,0.0,55.0,83.0,735.0,37.0,750.0,1.0
450.0,70.0,605.0,73.0,145.0,45.0,550.0,73.5,650.0,45.0,42.0,29.0,36.5,23.5,23.5,13.0,15.0,STEEL,38.0,48.0,52.0,330.0,350.0,16.0,18.0,False,False,130.0,2.0,0.9,1.1,0.9,1.2,1.0,0.9,680.0,42.0,680.0,42.0,0,0,False,0,2.0,68.0,36.0,692.0,30.0,False,False,False,False,True,11,2.0,False,254.0,0,0,SPOKED,SPOKED,0.0,0.0,0.0,0.0,80.0,745.0,36.5,770.0,1.0
420.0,75.0,590.0,74.0,135.0,45.0,545.0,73.0,645.0,48.0,40.0,28.6,36.0,23.5,23.5,13.0,15.0,STEEL,35.0,45.0,45.0,330.0,350.0,16.0,18.0,False,False,130.0,2.0,1.0,1.2,1.0,1.3,1.1,1.0,695.0,47.0,695.0,47.0,0,0,False,0,1.0,68.0,32.0,692.0,27.0,False,False,False,False,True,12,2.0,False,254.0,5,5,DISC,DISC,0.0,0.0,0.0,0.0,88.0,760.0,36.0,780.0,1.0
425.0,69.0,615.0,73.0,150.0,45.0,560.0,73.8,660.0,47.0,42.0,28.6,36.5,23.5,23.5,13.0,15.0,STEEL,45.0,55.0,50.0,330.0,350.0,16.0,18.0,False,False,130.0,2.0,0.9,1.1,0.9,1.2,1.0,0.9,700.0,50.0,700.0,50.0,0,0,False,0,1.0,68.0,38.0,692.0,29.0,False,False,False,False,True,11,2.0,False,254.0,0,0,SPOKED,TRISPOKE,0.0,1.0,0.0,60.0,82.0,745.0,37.0,750.0,1.0
440.0,71.0,605.0,72.5,160.0,48.0,565.0,74.0,655.0,46.0,40.0,28.6,37.0,23.5,23.5,13.0,15.0,STEEL,48.0,52.0,48.0,330.0,350.0,16.0,18.0,False,False,130.0,2.0,0.9,1.1,0.9,1.2,1.0,0.9,710.0,55.0,710.0,55.0,0,0,False,0,1.0,68.0,36.0,692.0,30.0,False,False,False,False,True,12,2.0,False,254.0,0,0,DISC,DISC,0.0,0.0,0.0,0.0,85.0,730.0,37.0,760.0,1.0
430.0,68.0,620.0,71.5,170.0,50.0,575.0,74.0,668.0,45.0,42.0,29.0,36.5,23.5,23.5,13.0,15.0,STEEL,55.0,60.0,40.0,330.0,350.0,16.0,18.0,False,False,130.0,2.0,1.0,1.2,1.0,1.2,1.1,1.0,690.0,45.0,690.0,45.0,0,0,False,0,3.0,68.0,40.0,692.0,31.0,False,False,False,False,True,11,2.0,False,254.0,0,0,SPOKED,SPOKED,0.0,0.0,0.0,0.0,80.0,755.0,36.0,770.0,1.0
445.0,70.0,610.0,73.0,150.0,47.0,565.0,73.5,660.0,47.0,41.0,28.6,36.5,23.5,23.5,13.0,15.0,STEEL,50.0,50.0,50.0,330.0,350.0,16.0,18.0,False,False,130.0,2.0,0.9,1.1,0.9,1.2,1.0,0.9,700.0,50.0,700.0,50.0,0,0,False,0,1.0,68.0,36.0,692.0,29.0,False,False,False,False,True,12,2.0,False,254.0,0,0,DISC,TRISPOKE,0.0,1.0,0.0,60.0,84.0,740.0,36.5,770.0,1.0
425.0,68.0,590.0,73.0,120.0,45.0,570.0,73.5,660.0,47.0,40.0,30.0,33.0,36.0,25.0,13.0,15.0,STEEL,50.0,50.0,45.0,0.0,0.0,0.0,0.0,False,False,130.0,2.0,1.1,1.2,1.0,1.2,1.0,0.9,674.0,52.0,674.0,52.0,0,0,False,0,3.0,68.0,31.8,0.0,31.8,True,True,False,False,True,11,2.0,False,255.0,0,0,SPOKED,SPOKED,1.0,1.0,80.0,80.0,278.0,720.0,27.0,250.0,1.0
430.0,70.0,600.0,74.0,130.0,45.0,580.0,74.0,670.0,48.0,42.0,32.0,34.0,37.0,24.0,13.0,15.0,STEEL,60.0,55.0,50.0,0.0,0.0,0.0,0.0,False,False,130.0,2.0,1.0,1.1,0.9,1.2,1.0,0.9,674.0,50.0,674.0,50.0,0,1,False,0,0.0,68.0,34.0,0.0,31.8,True,False,False,False,True,10,2.0,False,255.0,20,10,SPOKED,SPOKED,1.0,1.0,80.0,80.0,280.0,722.0,27.0,255.0,1.0
415.0,66.0,580.0,72.5,110.0,45.0,560.0,73.0,650.0,46.0,40.0,28.0,33.0,36.0,25.0,13.0,15.0,STEEL,45.0,48.0,42.0,0.0,0.0,0.0,0.0,False,False,130.0,2.0,1.2,1.1,0.9,1.2,1.0,0.9,674.0,52.0,674.0,52.0,0,2,False,0,3.0,68.0,32.0,0.0,31.8,False,True,False,False,True,12,2.0,False,255.0,10,10,SPOKED,SPOKED,1.0,1.0,80.0,80.0,276.0,718.0,28.0,250.0,1.0
420.0,67.0,595.0,73.0,140.0,45.0,590.0,74.0,680.0,49.0,42.0,34.0,35.0,37.0,26.0,13.0,15.0,STEEL,70.0,60.0,55.0,0.0,0.0,0.0,0.0,False,False,130.0,2.0,1.1,1.1,0.9,1.2,1.0,0.9,674.0,52.0,674.0,52.0,0,1,False,0,1.0,68.0,31.8,0.0,31.8,False,False,False,False,True,11,2.0,False,255.0,5,5,SPOKED,SPOKED,1.0,1.0,80.0,80.0,278.0,720.0,27.0,260.0,1.0
435.0,65.0,610.0,74.5,100.0,45.0,550.0,73.5,675.0,47.0,40.0,27.0,34.0,36.0,24.0,13.0,15.0,STEEL,40.0,45.0,38.0,0.0,0.0,0.0,0.0,False,False,130.0,2.0,0.9,1.0,0.9,1.2,1.0,0.9,674.0,52.0,674.0,52.0,0,0,False,0,3.0,68.0,30.0,0.0,31.8,True,True,False,False,True,9,2.0,False,255.0,0,20,SPOKED,SPOKED,1.0,1.0,80.0,80.0,280.0,718.0,27.0,245.0,1.0
410.0,68.0,580.0,73.0,115.0,45.0,565.0,73.0,660.0,48.0,44.0,30.0,33.0,36.0,25.0,13.0,15.0,STEEL,55.0,52.0,48.0,0.0,0.0,0.0,0.0,False,False,130.0,2.0,1.0,1.2,0.9,1.2,1.0,0.9,674.0,52.0,674.0,52.0,0,1,False,0,1.0,68.0,33.0,0.0,31.8,False,True,False,False,True,10,2.0,False,255.0,15,5,SPOKED,SPOKED,1.0,1.0,80.0,80.0,278.0,722.0,27.0,255.0,1.0
440.0,72.0,620.0,74.0,150.0,45.0,600.0,74.5,700.0,49.0,42.0,35.0,36.0,37.0,26.0,13.0,15.0,STEEL,80.0,70.0,60.0,0.0,0.0,0.0,0.0,False,False,130.0,2.0,1.1,1.1,0.9,1.2,1.0,0.9,674.0,50.0,674.0,50.0,0,2,False,0,3.0,68.0,34.0,0.0,31.8,False,False,False,False,True,11,2.0,False,255.0,0,0,SPOKED,SPOKED,1.0,1.0,80.0,80.0,278.0,725.0,27.0,265.0,1.0
435.0,69.0,605.0,72.5,125.0,45.0,585.0,73.8,670.0,47.0,40.0,30.0,34.0,36.0,24.5,13.0,15.0,STEEL,65.0,57.0,53.0,0.0,0.0,0.0,0.0,False,False,130.0,2.0,1.0,1.1,0.9,1.2,1.0,0.9,674.0,52.0,674.0,52.0,0,0,False,0,1.0,68.0,32.0,0.0,31.8,True,False,False,False,True,12,2.0,False,255.0,25,5,SPOKED,SPOKED,1.0,1.0,80.0,80.0,280.0,719.0,27.0,252.0,1.0
420.0,66.0,590.0,73.0,135.0,45.0,575.0,73.2,655.0,46.0,41.0,28.0,33.0,36.0,25.0,13.0,15.0,STEEL,58.0,49.0,47.0,0.0,0.0,0.0,0.0,False,False,130.0,2.0,1.1,1.1,0.9,1.2,1.0,0.9,674.0,52.0,674.0,52.0,0,1,False,0,3.0,68.0,31.8,0.0,31.8,False,True,False,False,True,10,2.0,False,255.0,10,0,SPOKED,SPOKED,1.0,1.0,80.0,80.0,278.0,718.0,27.0,258.0,1.0
432.0,70.0,580.0,73.0,130.0,45.0,555.0,74.0,662.0,43.0,40.0,28.0,36.5,23.35,23.35,15.0,9.0,STEEL,60.0,45.0,42.0,330.0,350.0,16.0,18.0,False,False,130.0,2.0,0.9,1.1,0.9,1.2,1.0,0.9,672.0,50.0,672.0,50.0,0,0,False,0,1.0,73.0,34.0,0.0,31.8,False,False,False,False,True,11,2.0,False,255.0,0,0,SPOKED,SPOKED,1.0,1.0,80.0,80.0,280.0,720.0,34.0,350.0,1.0
435.0,70.0,585.0,74.0,135.0,45.0,555.0,74.0,660.0,44.0,40.0,29.0,36.5,23.35,23.35,15.0,9.0,STEEL,62.0,47.0,44.0,330.0,350.0,16.0,18.0,False,False,130.0,2.0,0.9,1.1,0.9,1.2,1.0,0.9,672.0,50.0,672.0,50.0,0,1,False,0,1.0,73.0,34.0,0.0,31.8,False,False,False,False,True,11,2.0,False,255.0,0,0,DISC,SPOKED,1.0,1.0,80.0,80.0,280.0,720.0,34.0,350.0,1.0
438.0,70.0,582.0,73.0,128.0,45.0,555.0,74.0,665.0,42.0,40.0,27.0,36.5,23.35,23.35,15.0,9.0,STEEL,58.0,45.0,40.0,330.0,350.0,16.0,18.0,False,False,130.0,2.0,0.9,1.1,0.9,1.2,1.0,0.9,672.0,50.0,672.0,50.0,0,2,False,0,1.0,73.0,34.0,0.0,31.8,False,False,False,False,True,11,2.0,False,255.0,0,0,SPOKED,DISC,1.0,1.0,80.0,80.0,280.0,720.0,34.0,350.0,1.0
441.0,70.0,588.0,75.0,140.0,45.0,555.0,74.0,670.0,46.0,40.0,30.0,36.5,23.35,23.35,15.0,9.0,STEEL,64.0,50.0,48.0,330.0,350.0,16.0,18.0,False,False,130.0,2.0,0.9,1.1,0.9,1.2,1.0,0.9,672.0,50.0,672.0,50.0,0,0,False,0,1.0,73.0,34.0,0.0,31.8,False,False,False,False,True,11,2.0,False,255.0,0,0,DISC,TRISPOKE,1.0,1.0,80.0,80.0,280.0,720.0,34.0,350.0,1.0
444.0,70.0,577.0,72.0,120.0,45.0,555.0,74.0,658.0,45.0,40.0,26.0,36.5,23.35,23.35,15.0,9.0,STEEL,55.0,42.0,38.0,330.0,350.0,16.0,18.0,False,False,130.0,2.0,0.9,1.1,0.9,1.2,1.0,0.9,672.0,50.0,672.0,50.0,0,1,False,0,1.0,73.0,34.0,0.0,31.8,False,False,False,False,True,11,2.0,False,255.0,0,0,SPOKED,SPOKED,1.0,1.0,80.0,80.0,280.0,720.0,34.0,350.0,1.0
447.0,70.0,590.0,74.0,132.0,45.0,555.0,74.0,672.0,47.0,40.0,28.0,36.5,23.35,23.35,15.0,9.0,STEEL,61.0,48.0,46.0,330.0,350.0,16.0,18.0,False,False,130.0,2.0,0.9,1.1,0.9,1.2,1.0,0.9,672.0,50.0,672.0,50.0,0,2,False,0,1.0,73.0,34.0,0.0,31.8,False,False,False,False,True,11,2.0,False,255.0,0,0,DISC,SPOKED,1.0,1.0,80.0,80.0,280.0,720.0,34.0,350.0,1.0
450.0,70.0,583.0,73.0,138.0,45.0,555.0,74.0,666.0,44.0,40.0,29.0,36.5,23.35,23.35,15.0,9.0,STEEL,63.0,46.0,44.0,330.0,350.0,16.0,18.0,False,False,130.0,2.0,0.9,1.1,0.9,1.2,1.0,0.9,672.0,50.0,672.0,50.0,0,0,False,0,1.0,73.0,34.0,0.0,31.8,False,False,False,False,True,11,2.0,False,255.0,0,0,SPOKED,TRISPOKE,1.0,1.0,80.0,80.0,280.0,720.0,34.0,350.0,1.0
453.0,70.0,587.0,75.0,142.0,45.0,555.0,74.0,668.0,43.0,40.0,30.0,36.5,23.35,23.35,15.0,9.0,STEEL,65.0,50.0,48.0,330.0,350.0,16.0,18.0,False,False,130.0,2.0,0.9,1.1,0.9,1.2,1.0,0.9,672.0,50.0,672.0,50.0,0,1,False,0,1.0,73.0,34.0,0.0,31.8,False,False,False,False,True,11,2.0,False,255.0,0,0,DISC,TRISPOKE,1.0,1.0,80.0,80.0,280.0,720.0,34.0,350.0,1.0
456.0,70.0,579.0,72.0,125.0,45.0,555.0,74.0,655.0,45.0,40.0,26.0,36.5,23.35,23.35,15.0,9.0,STEEL,57.0,43.0,39.0,330.0,350.0,16.0,18.0,False,False,130.0,2.0,0.9,1.1,0.9,1.2,1.0,0.9,672.0,50.0,672.0,50.0,0,2,False,0,1.0,73.0,34.0,0.0,31.8,False,False,False,False,True,11,2.0,False,255.0,0,0,SPOKED,DISC,1.0,1.0,80.0,80.0,280.0,720.0,34.0,350.0,1.0
459.0,70.0,591.0,74.0,137.0,45.0,555.0,74.0,671.0,46.0,40.0,29.0,36.5,23.35,23.35,15.0,9.0,STEEL,62.0,47.0,44.0,330.0,350.0,16.0,18.0,False,False,130.0,2.0,0.9,1.1,0.9,1.2,1.0,0.9,672.0,50.0,672.0,50.0,0,0,False,0,1.0,73.0,34.0,0.0,31.8,False,False,False,False,True,11,2.0,False,255.0,0,0,SPOKED,SPOKED,1.0,1.0,80.0,80.0,280.0,720.0,34.0,350.0,1.0
425.0,66.0,575.0,73.0,105.0,45.0,555.0,74.0,645.0,47.0,40.0,25.4,36.5,23.35,13.0,15.0,9.0,STEEL,63.0,48.0,40.0,0.0,0.0,0.0,0.0,False,False,130.0,2.2,1.1,1.1,1.2,1.3,1.1,1.1,674.0,52.0,674.0,52.0,0,2,False,0,1.0,68.0,34.0,692.0,26.8,False,False,False,False,True,11,2.0,False,255.0,0,0,SPOKED,SPOKED,1.0,1.0,80.0,80.0,278.0,718.0,26.8,250.0,1.0
430.0,65.0,580.0,72.5,110.0,45.0,560.0,73.5,650.0,47.0,40.0,25.4,36.5,23.35,13.0,15.0,9.5,STEEL,65.0,50.0,42.0,0.0,0.0,0.0,0.0,False,False,130.0,2.0,1.0,1.1,1.2,1.2,1.0,1.0,674.0,52.0,674.0,52.0,0,2,False,0,1.0,68.0,34.0,692.0,26.8,False,False,False,False,True,11,2.0,False,255.0,0,0,DISC,SPOKED,1.0,1.0,0.0,80.0,278.0,720.0,26.8,250.0,1.0
420.0,67.0,570.0,73.5,100.0,45.0,550.0,74.5,640.0,47.0,40.0,25.4,36.5,23.35,13.0,15.0,9.0,STEEL,62.0,47.0,39.0,0.0,0.0,0.0,0.0,False,False,130.0,2.5,1.1,1.2,1.3,1.4,1.2,1.2,674.0,52.0,674.0,52.0,0,2,False,0,1.0,68.0,34.0,692.0,26.8,False,False,False,False,True,11,2.0,False,255.0,0,0,SPOKED,DISC,1.0,1.0,80.0,0.0,280.0,715.0,26.8,255.0,1.0
428.0,66.0,575.0,72.0,115.0,45.0,558.0,74.0,648.0,47.0,40.0,25.4,36.5,23.35,13.0,15.0,9.0,STEEL,64.0,49.0,41.0,0.0,0.0,0.0,0.0,False,False,130.0,2.1,1.0,1.0,1.1,1.2,1.0,1.0,674.0,52.0,674.0,52.0,0,2,False,0,1.0,68.0,34.0,692.0,26.8,False,False,False,False,True,11,2.0,False,255.0,0,0,TRISPOKE,TRISPOKE,1.0,1.0,30.0,30.0,278.0,722.0,26.8,250.0,1.0
425.0,66.0,580.0,73.0,120.0,45.0,555.0,74.0,645.0,47.0,40.0,25.4,36.5,23.35,13.0,15.0,9.0,STEEL,66.0,50.0,43.0,0.0,0.0,0.0,0.0,False,False,130.0,2.2,1.2,1.1,1.1,1.3,1.1,1.1,674.0,52.0,674.0,52.0,0,2,False,0,3.0,68.0,34.0,692.0,26.8,False,False,False,False,True,11,2.0,False,255.0,0,0,DISC,TRISPOKE,0.0,1.0,0.0,30.0,278.0,718.0,26.8,260.0,0.0
430.0,65.0,565.0,74.0,107.0,45.0,550.0,73.0,640.0,47.0,40.0,25.4,36.5,23.35,13.0,15.0,9.0,STEEL,63.0,48.0,41.0,0.0,0.0,0.0,0.0,False,False,130.0,2.0,1.1,1.0,1.2,1.3,1.2,1.2,674.0,52.0,674.0,52.0,0,2,False,0,1.0,68.0,34.0,692.0,26.8,False,False,False,False,True,11,2.0,False,255.0,0,0,SPOKED,DISC,1.0,1.0,80.0,0.0,275.0,712.0,26.8,245.0,1.0
422.0,67.0,578.0,72.0,112.0,45.0,557.0,75.0,649.0,47.0,40.0,25.4,36.5,23.35,13.0,15.0,9.0,STEEL,64.0,49.5,42.0,0.0,0.0,0.0,0.0,False,False,130.0,2.3,1.2,1.1,1.3,1.4,1.2,1.3,674.0,52.0,674.0,52.0,0,2,False,0,1.0,68.0,34.0,692.0,26.8,False,False,False,False,True,11,2.0,False,255.0,0,0,DISC,DISC,0.0,0.0,0.0,0.0,280.0,725.0,26.8,270.0,1.0
418.0,66.0,590.0,73.0,118.0,45.0,565.0,74.0,655.0,47.0,40.0,25.4,36.5,23.35,13.0,15.0,9.0,STEEL,67.0,51.0,44.0,0.0,0.0,0.0,0.0,False,False,130.0,2.5,1.1,1.2,1.2,1.3,1.1,1.2,674.0,52.0,674.0,52.0,0,2,False,0,1.0,68.0,34.0,692.0,26.8,False,False,False,False,True,11,2.0,False,255.0,0,0,SPOKED,SPOKED,1.0,1.0,80.0,80.0,278.0,718.0,26.8,265.0,1.0
432.0,64.0,572.0,74.0,102.0,45.0,553.0,73.0,642.0,47.0,40.0,25.4,36.5,23.35,13.0,15.0,9.0,STEEL,63.5,48.5,41.5,0.0,0.0,0.0,0.0,False,False,130.0,2.2,1.0,1.1,1.2,1.3,1.0,1.1,674.0,52.0,674.0,52.0,0,2,False,0,1.0,68.0,34.0,692.0,26.8,False,False,False,False,True,11,2.0,False,255.0,0,0,TRISPOKE,SPOKED,1.0,1.0,30.0,80.0,280.0,710.0,26.8,240.0,1.0
425.0,66.0,575.0,73.0,105.0,45.0,555.0,74.0,645.0,47.0,40.0,25.4,36.5,23.35,13.0,15.0,9.0,STEEL,63.0,48.0,40.0,0.0,0.0,0.0,0.0,False,False,130.0,2.2,1.1,1.1,1.2,1.3,1.1,1.1,700.0,50.0,700.0,50.0,0,2,False,0,1.0,68.0,34.0,720.0,26.8,False,False,False,False,True,12,2.0,False,255.0,0,0,SPOKED,SPOKED,1.0,1.0,80.0,80.0,278.0,718.0,26.8,250.0,1.0
415.0,60.0,590.0,73.0,120.0,45.0,550.0,74.0,580.0,45.0,40.0,30.0,25.0,36.5,23.35,13.0,15.0,STEEL,40.0,40.0,40.0,330.0,350.0,16.0,18.0,False,False,130.0,2.0,0.9,1.1,0.9,1.2,1.0,0.9,674.0,52.0,674.0,52.0,0,0,False,0,1.0,68.0,31.8,0.0,26.8,False,False,False,False,True,11,2.0,False,255.0,0,0,SPOKED,SPOKED,1.0,1.0,80.0,80.0,278.0,700.0,34.9,300.0,1.0
420.0,62.0,600.0,73.0,130.0,45.0,555.0,74.0,590.0,45.0,40.0,30.0,25.0,36.5,23.35,13.0,15.0,STEEL,41.0,41.0,41.0,330.0,350.0,16.0,18.0,False,False,130.0,2.0,0.9,1.1,0.9,1.2,1.0,0.9,674.0,52.0,674.0,52.0,0,1,False,0,1.0,68.0,31.8,0.0,26.8,False,False,False,False,True,11,2.0,False,255.0,0,0,SPOKED,SPOKED,1.0,1.0,80.0,80.0,278.0,702.0,34.9,305.0,1.0
425.0,64.0,610.0,73.0,140.0,45.0,560.0,74.0,600.0,45.0,40.0,30.0,25.0,36.5,23.35,13.0,15.0,STEEL,42.0,42.0,42.0,330.0,350.0,16.0,18.0,False,False,130.0,2.0,0.9,1.1,0.9,1.2,1.0,0.9,674.0,52.0,674.0,52.0,0,2,False,0,1.0,68.0,31.8,0.0,26.8,False,False,False,False,True,11,2.0,False,255.0,0,0,SPOKED,SPOKED,1.0,1.0,80.0,80.0,278.0,704.0,34.9,310.0,1.0
430.0,66.0,620.0,73.0,150.0,45.0,565.0,74.0,610.0,45.0,40.0,30.0,25.0,36.5,23.35,13.0,15.0,STEEL,43.0,43.0,43.0,330.0,350.0,16.0,18.0,False,False,130.0,2.0,0.9,1.1,0.9,1.2,1.0,0.9,674.0,52.0,674.0,52.0,0,0,False,0,1.0,68.0,31.8,0.0,26.8,False,False,False,False,True,11,2.0,False,255.0,0,0,SPOKED,SPOKED,1.0,1.0,80.0,80.0,278.0,706.0,34.9,315.0,1.0
435.0,68.0,630.0,73.0,160.0,45.0,570.0,74.0,620.0,45.0,40.0,30.0,25.0,36.5,23.35,13.0,15.0,STEEL,44.0,44.0,44.0,330.0,350.0,16.0,18.0,False,False,130.0,2.0,0.9,1.1,0.9,1.2,1.0,0.9,674.0,52.0,674.0,52.0,0,1,False,0,1.0,68.0,31.8,0.0,26.8,False,False,False,False,True,11,2.0,False,255.0,0,0,SPOKED,SPOKED,1.0,1.0,80.0,80.0,278.0,708.0,34.9,320.0,1.0
440.0,70.0,640.0,73.0,170.0,45.0,575.0,74.0,630.0,45.0,40.0,30.0,25.0,36.5,23.35,13.0,15.0,STEEL,45.0,45.0,45.0,330.0,350.0,16.0,18.0,False,False,130.0,2.0,0.9,1.1,0.9,1.2,1.0,0.9,674.0,52.0,674.0,52.0,0,2,False,0,1.0,68.0,31.8,0.0,26.8,False,False,False,False,True,11,2.0,False,255.0,0,0,SPOKED,SPOKED,1.0,1.0,80.0,80.0,278.0,710.0,34.9,325.0,1.0
445.0,72.0,650.0,73.0,180.0,45.0,580.0,74.0,640.0,45.0,40.0,30.0,25.0,36.5,23.35,13.0,15.0,STEEL,46.0,46.0,46.0,330.0,350.0,16.0,18.0,False,False,130.0,2.0,0.9,1.1,0.9,1.2,1.0,0.9,674.0,52.0,674.0,52.0,0,0,False,0,1.0,68.0,31.8,0.0,26.8,False,False,False,False,True,11,2.0,False,255.0,0,0,SPOKED,SPOKED,1.0,1.0,80.0,80.0,278.0,712.0,34.9,330.0,1.0
450.0,74.0,660.0,73.0,190.0,45.0,585.0,74.0,650.0,45.0,40.0,30.0,25.0,36.5,23.35,13.0,15.0,STEEL,47.0,47.0,47.0,330.0,350.0,16.0,18.0,False,False,130.0,2.0,0.9,1.1,0.9,1.2,1.0,0.9,674.0,52.0,674.0,52.0,0,1,False,0,1.0,68.0,31.8,0.0,26.8,False,False,False,False,True,11,2.0,False,255.0,0,0,SPOKED,SPOKED,1.0,1.0,80.0,80.0,278.0,714.0,34.9,335.0,1.0
455.0,76.0,670.0,73.0,200.0,45.0,590.0,74.0,660.0,45.0,40.0,30.0,25.0,36.5,23.35,13.0,15.0,STEEL,48.0,48.0,48.0,330.0,350.0,16.0,18.0,False,False,130.0,2.0,0.9,1.1,0.9,1.2,1.0,0.9,674.0,52.0,674.0,52.0,0,2,False,0,1.0,68.0,31.8,0.0,26.8,False,False,False,False,True,11,2.0,False,255.0,0,0,SPOKED,SPOKED,1.0,1.0,80.0,80.0,278.0,716.0,34.9,340.0,1.0
460.0,78.0,680.0,73.0,210.0,45.0,595.0,74.0,670.0,45.0,40.0,30.0,25.0,36.5,23.35,13.0,15.0,STEEL,49.0,49.0,49.0,330.0,350.0,16.0,18.0,False,False,130.0,2.0,0.9,1.1,0.9,1.2,1.0,0.9,674.0,52.0,674.0,52.0,0,0,False,0,1.0,68.0,31.8,0.0,26.8,False,False,False,False,True,11,2.0,False,255.0,0,0,SPOKED,SPOKED,1.0,1.0,80.0,80.0,278.0,718.0,34.9,345.0,1.0
420.0,68.0,600.0,73.0,150.0,45.0,540.0,74.0,650.0,45.0,45.0,40.0,28.0,36.5,24.0,13,15.0,STEEL,35.0,40.0,50.0,330.0,350.0,16,18,False,False,130.0,2.0,0.9,1.1,0.9,1.2,1.0,0.9,700.0,50.0,700.0,50.0,0,0,False,0,1.0,68.0,31.8,692,26.8,False,False,False,False,True,11,2.0,False,255.0,0,0,SPOKED,SPOKED,1.0,1.0,80.0,80.0,280.0,740.0,34.9,350.0,1.0
415.0,65.0,590.0,74.0,140.0,47.0,535.0,74.0,655.0,45.0,45.0,40.0,28.0,36.5,24.0,13,15.0,STEEL,30.0,35.0,45.0,330.0,350.0,16,18,False,False,130.0,2.0,0.9,1.1,0.9,1.2,1.0,0.9,700.0,50.0,700.0,50.0,0,1,False,0,1.0,68.0,31.8,692,26.8,False,False,False,False,True,11,2.0,False,255.0,0,0,SPOKED,SPOKED,1.0,1.0,80.0,80.0,280.0,740.0,34.9,350.0,1.0
430.0,70.0,620.0,74.0,155.0,43.0,545.0,73.0,648.0,45.0,45.0,40.0,28.0,36.5,24.0,13,15.0,STEEL,45.0,50.0,55.0,330.0,350.0,16,18,False,False,130.0,2.0,0.9,1.1,0.9,1.2,1.0,0.9,700.0,50.0,700.0,50.0,0,2,False,0,1.0,68.0,31.8,692,26.8,False,False,False,False,True,11,2.0,False,255.0,0,0,SPOKED,SPOKED,1.0,1.0,80.0,80.0,280.0,740.0,34.9,350.0,1.0
410.0,68.0,605.0,73.0,150.0,42.0,540.0,74.0,652.0,45.0,45.0,40.0,28.0,36.5,24.0,13,15.0,STEEL,35.0,45.0,50.0,330.0,350.0,16,18,False,False,130.0,2.0,0.9,1.1,0.9,1.2,1.0,0.9,700.0,50.0,700.0,50.0,0,0,False,0,1.0,68.0,31.8,692,26.8,False,False,False,False,True,11,2.0,False,255.0,0,0,SPOKED,SPOKED,1.0,1.0,80.0,80.0,280.0,740.0,34.9,350.0,1.0
425.0,69.0,615.0,74.0,160.0,46.0,550.0,73.0,660.0,45.0,45.0,40.0,28.0,36.5,24.0,13,15.0,STEEL,50.0,55.0,60.0,330.0,350.0,16,18,False,False,130.0,2.0,0.9,1.1,0.9,1.2,1.0,0.9,700.0,50.0,700.0,50.0,0,1,False,0,1.0,68.0,31.8,692,26.8,False,False,False,False,True,11,2.0,False,255.0,0,0,SPOKED,SPOKED,1.0,1.0,80.0,80.0,280.0,740.0,34.9,350.0,1.0
420.0,67.0,600.0,74.0,145.0,44.0,535.0,74.0,650.0,45.0,45.0,40.0,28.0,36.5,24.0,13,15.0,STEEL,40.0,40.0,48.0,330.0,350.0,16,18,False,False,130.0,2.0,0.9,1.1,0.9,1.2,1.0,0.9,700.0,50.0,700.0,50.0,0,2,False,0,1.0,68.0,31.8,692,26.8,False,False,False,False,True,11,2.0,False,255.0,0,0,SPOKED,SPOKED,1.0,1.0,80.0,80.0,280.0,740.0,34.9,350.0,1.0
435.0,66.0,625.0,73.0,170.0,48.0,555.0,73.0,662.0,45.0,45.0,40.0,28.0,36.5,24.0,13,15.0,STEEL,60.0,60.0,65.0,330.0,350.0,16,18,False,False,130.0,2.0,0.9,1.1,0.9,1.2,1.0,0.9,700.0,50.0,700.0,50.0,0,0,False,0,1.0,68.0,31.8,692,26.8,False,False,False,False,True,11,2.0,False,255.0,0,0,SPOKED,SPOKED,1.0,1.0,80.0,80.0,280.0,740.0,34.9,350.0,1.0
405.0,68.0,595.0,74.0,135.0,41.0,530.0,74.0,645.0,45.0,45.0,40.0,28.0,36.5,24.0,13,15.0,STEEL,32.0,37.0,47.0,330.0,350.0,16,18,False,False,130.0,2.0,0.9,1.1,0.9,1.2,1.0,0.9,700.0,50.0,700.0,50.0,0,1,False,0,1.0,68.0,31.8,692,26.8,False,False,False,False,True,11,2.0,False,255.0,0,0,SPOKED,SPOKED,1.0,1.0,80.0,80.0,280.0,740.0,34.9,350.0,1.0
440.0,70.0,630.0,74.0,165.0,49.0,558.0,73.0,668.0,45.0,45.0,40.0,28.0,36.5,24.0,13,15.0,STEEL,55.0,52.0,58.0,330.0,350.0,16,18,False,False,130.0,2.0,0.9,1.1,0.9,1.2,1.0,0.9,700.0,50.0,700.0,50.0,0,2,False,0,1.0,68.0,31.8,692,26.8,False,False,False,False,True,11,2.0,False,255.0,0,0,SPOKED,SPOKED,1.0,1.0,80.0,80.0,280.0,740.0,34.9,350.0,1.0
415.0,65.0,585.0,73.0,130.0,40.0,525.0,75.0,655.0,45.0,45.0,40.0,28.0,36.5,24.0,13,15.0,STEEL,28.0,33.0,44.0,330.0,350.0,16,18,False,False,130.0,2.0,0.9,1.1,0.9,1.2,1.0,0.9,700.0,50.0,700.0,50.0,0,1,False,0,1.0,68.0,31.8,692,26.8,False,False,False,False,True,11,2.0,False,255.0,0,0,SPOKED,SPOKED,1.0,1.0,80.0,80.0,280.0,740.0,34.9,350.0,1.0
425.0,68.0,600.0,73.0,180.0,45.0,550.0,73.0,640.0,47.0,40.0,33.0,36.5,23.35,23.35,13.0,15.0,STEEL,30.0,35.0,40.0,0.0,0.0,0.0,0.0,False,False,130.0,2.0,0.9,1.1,0.9,1.2,1.0,0.9,674.0,52.0,674.0,52.0,0,0,False,0,1.0,68.0,31.8,692.0,26.8,False,False,False,False,True,11,2.0,False,255.0,0,0,DISC,DISC,0.0,0.0,0.0,0.0,80.0,300.0,34.9,300.0,1.0
430.0,70.0,610.0,74.0,175.0,45.0,560.0,74.0,650.0,48.0,40.0,33.0,36.5,23.35,23.35,13.0,15.0,STEEL,30.0,35.0,40.0,0.0,0.0,0.0,0.0,False,False,130.0,2.0,0.9,1.1,0.9,1.2,1.0,0.9,674.0,52.0,674.0,52.0,0,0,False,0,1.0,68.0,31.8,692.0,26.8,False,False,False,False,True,11,2.0,False,255.0,0,0,DISC,DISC,0.0,0.0,0.0,0.0,80.0,300.0,34.9,300.0,1.0
420.0,65.0,620.0,72.0,190.0,45.0,540.0,75.0,630.0,46.0,40.0,33.0,36.5,23.35,23.35,13.0,15.0,STEEL,30.0,35.0,40.0,0.0,0.0,0.0,0.0,False,False,130.0,2.0,0.9,1.1,0.9,1.2,1.0,0.9,674.0,52.0,674.0,52.0,0,0,False,0,1.0,68.0,31.8,692.0,26.8,False,False,False,False,True,11,2.0,False,255.0,0,0,DISC,DISC,0.0,0.0,0.0,0.0,80.0,300.0,34.9,300.0,1.0
435.0,75.0,590.0,75.0,165.0,45.0,570.0,72.0,660.0,49.0,40.0,33.0,36.5,23.35,23.35,13.0,15.0,STEEL,30.0,35.0,40.0,0.0,0.0,0.0,0.0,False,False,130.0,2.0,0.9,1.1,0.9,1.2,1.0,0.9,674.0,52.0,674.0,52.0,0,0,False,0,1.0,68.0,31.8,692.0,26.8,False,False,False,False,True,11,2.0,False,255.0,0,0,DISC,DISC,0.0,0.0,0.0,0.0,80.0,300.0,34.9,300.0,1.0
440.0,72.0,630.0,71.0,200.0,45.0,530.0,74.0,620.0,45.0,40.0,33.0,36.5,23.35,23.35,13.0,15.0,STEEL,30.0,35.0,40.0,0.0,0.0,0.0,0.0,False,False,130.0,2.0,0.9,1.1,0.9,1.2,1.0,0.9,674.0,52.0,674.0,52.0,0,0,False,0,1.0,68.0,31.8,692.0,26.8,False,False,False,False,True,11,2.0,False,255.0,0,0,DISC,DISC,0.0,0.0,0.0,0.0,80.0,300.0,34.9,300.0,1.0
428.0,69.0,605.0,73.0,170.0,45.0,555.0,73.0,645.0,47.0,40.0,33.0,36.5,23.35,23.35,13.0,15.0,STEEL,30.0,35.0,40.0,0.0,0.0,0.0,0.0,False,False,130.0,2.0,0.9,1.1,0.9,1.2,1.0,0.9,674.0,52.0,674.0,52.0,0,0,False,0,1.0,68.0,31.8,692.0,26.8,False,False,False,False,True,11,2.0,False,255.0,0,0,DISC,DISC,0.0,0.0,0.0,0.0,80.0,300.0,34.9,300.0,1.0
432.0,67.0,615.0,74.0,185.0,45.0,565.0,75.0,655.0,48.0,40.0,33.0,36.5,23.35,23.35,13.0,15.0,STEEL,30.0,35.0,40.0,0.0,0.0,0.0,0.0,False,False,130.0,2.0,0.9,1.1,0.9,1.2,1.0,0.9,674.0,52.0,674.0,52.0,0,0,False,0,1.0,68.0,31.8,692.0,26.8,False,False,False,False,True,11,2.0,False,255.0,0,0,DISC,DISC,0.0,0.0,0.0,0.0,80.0,300.0,34.9,300.0,1.0
438.0,66.0,625.0,72.0,160.0,45.0,545.0,72.0,635.0,46.0,40.0,33.0,36.5,23.35,23.35,13.0,15.0,STEEL,30.0,35.0,40.0,0.0,0.0,0.0,0.0,False,False,130.0,2.0,0.9,1.1,0.9,1.2,1.0,0.9,674.0,52.0,674.0,52.0,0,0,False,0,1.0,68.0,31.8,692.0,26.8,False,False,False,False,True,11,2.0,False,255.0,0,0,DISC,DISC,0.0,0.0,0.0,0.0,80.0,300.0,34.9,300.0,1.0
422.0,73.0,595.0,75.0,195.0,45.0,575.0,74.0,665.0,49.0,40.0,33.0,36.5,23.35,23.35,13.0,15.0,STEEL,30.0,35.0,40.0,0.0,0.0,0.0,0.0,False,False,130.0,2.0,0.9,1.1,0.9,1.2,1.0,0.9,674.0,52.0,674.0,52.0,0,0,False,0,1.0,68.0,31.8,692.0,26.8,False,False,False,False,True,11,2.0,False,255.0,0,0,DISC,DISC,0.0,0.0,0.0,0.0,80.0,300.0,34.9,300.0,1.0
434.0,71.0,605.0,71.0,168.0,45.0,535.0,73.0,625.0,45.0,40.0,33.0,36.5,23.35,23.35,13.0,15.0,STEEL,30.0,35.0,40.0,0.0,0.0,0.0,0.0,False,False,130.0,2.0,0.9,1.1,0.9,1.2,1.0,0.9,674.0,52.0,674.0,52.0,0,0,False,0,1.0,68.0,31.8,692.0,26.8,False,False,False,False,True,11,2.0,False,255.0,0,0,DISC,DISC,0.0,0.0,0.0,0.0,80.0,300.0,34.9,300.0,1.0
425.0,65.0,570.0,73.0,110.0,45.0,550.0,74.0,650.0,45.0,40.0,25.4,36.5,23.35,13.0,15.0,9.0,STEEL,65.0,50.0,40.0,330.0,350.0,16.0,18.0,False,False,130.0,2.0,0.9,1.1,0.9,1.2,1.0,0.9,674.0,52.0,674.0,52.0,0,0,False,0,1.0,68.0,31.8,692.0,26.8,True,True,False,False,True,11,2.0,False,255.0,0,0,SPOKED,SPOKED,0.0,0.0,0.0,0.0,280.0,720.0,27.0,300.0,1.0
430.0,65.0,575.0,72.5,120.0,45.0,555.0,73.5,655.0,45.0,40.0,25.4,36.5,23.35,13.0,15.0,9.0,STEEL,68.0,52.0,42.0,330.0,350.0,16.0,18.0,False,False,130.0,2.0,0.9,1.1,0.9,1.2,1.0,0.9,674.0,52.0,674.0,52.0,0,0,False,0,1.0,68.0,31.8,692.0,26.8,True,True,False,False,True,11,2.0,False,255.0,0,0,SPOKED,SPOKED,0.0,0.0,0.0,0.0,280.0,722.0,27.0,300.0,1.0
420.0,65.0,580.0,73.5,115.0,45.0,560.0,74.5,660.0,45.0,40.0,25.4,36.5,23.35,13.0,15.0,9.0,STEEL,70.0,48.0,45.0,330.0,350.0,16.0,18.0,False,False,130.0,2.0,0.9,1.1,0.9,1.2,1.0,0.9,674.0,52.0,674.0,52.0,0,0,False,0,1.0,68.0,31.8,692.0,26.8,True,True,False,False,True,11,2.0,False,255.0,0,0,SPOKED,SPOKED,0.0,0.0,0.0,0.0,280.0,725.0,27.0,300.0,1.0
435.0,65.0,565.0,72.0,105.0,45.0,545.0,73.0,640.0,45.0,40.0,25.4,36.5,23.35,13.0,15.0,9.0,STEEL,62.0,46.0,38.0,330.0,350.0,16.0,18.0,False,False,130.0,2.0,0.9,1.1,0.9,1.2,1.0,0.9,674.0,52.0,674.0,52.0,0,0,False,0,1.0,68.0,31.8,692.0,26.8,True,True,False,False,True,11,2.0,False,255.0,0,0,SPOKED,SPOKED,0.0,0.0,0.0,0.0,280.0,718.0,27.0,300.0,1.0
440.0,65.0,590.0,74.0,130.0,45.0,580.0,75.0,665.0,45.0,40.0,25.4,36.5,23.35,13.0,15.0,9.0,STEEL,75.0,55.0,50.0,330.0,350.0,16.0,18.0,False,False,130.0,2.0,0.9,1.1,0.9,1.2,1.0,0.9,674.0,52.0,674.0,52.0,0,0,False,0,1.0,68.0,31.8,692.0,26.8,True,True,False,False,True,11,2.0,False,255.0,0,0,SPOKED,SPOKED,0.0,0.0,0.0,0.0,280.0,730.0,27.0,300.0,1.0
418.0,65.0,600.0,72.5,125.0,45.0,595.0,73.5,670.0,45.0,40.0,25.4,36.5,23.35,13.0,15.0,9.0,STEEL,72.0,58.0,48.0,330.0,350.0,16.0,18.0,False,False,130.0,2.0,0.9,1.1,0.9,1.2,1.0,0.9,674.0,52.0,674.0,52.0,0,0,False,0,1.0,68.0,31.8,692.0,26.8,True,True,False,False,True,11,2.0,False,255.0,0,0,SPOKED,SPOKED,0.0,0.0,0.0,0.0,280.0,728.0,27.0,300.0,1.0
437.0,65.0,585.0,73.2,140.0,45.0,575.0,74.2,660.0,45.0,40.0,25.4,36.5,23.35,13.0,15.0,9.0,STEEL,78.0,60.0,45.0,330.0,350.0,16.0,18.0,False,False,130.0,2.0,0.9,1.1,0.9,1.2,1.0,0.9,674.0,52.0,674.0,52.0,0,0,False,0,1.0,68.0,31.8,692.0,26.8,True,True,False,False,True,11,2.0,False,255.0,0,0,SPOKED,SPOKED,0.0,0.0,0.0,0.0,280.0,723.0,27.0,300.0,1.0
422.0,65.0,560.0,74.0,100.0,45.0,540.0,73.8,635.0,45.0,40.0,25.4,36.5,23.35,13.0,15.0,9.0,STEEL,60.0,45.0,35.0,330.0,350.0,16.0,18.0,False,False,130.0,2.0,0.9,1.1,0.9,1.2,1.0,0.9,674.0,52.0,674.0,52.0,0,0,False,0,1.0,68.0,31.8,692.0,26.8,True,True,False,False,True,11,2.0,False,255.0,0,0,SPOKED,SPOKED,0.0,0.0,0.0,0.0,280.0,719.0,27.0,300.0,1.0
428.0,65.0,595.0,72.8,135.0,45.0,590.0,74.8,670.0,45.0,40.0,25.4,36.5,23.35,13.0,15.0,9.0,STEEL,80.0,60.0,50.0,330.0,350.0,16.0,18.0,False,False,130.0,2.0,0.9,1.1,0.9,1.2,1.0,0.9,674.0,52.0,674.0,52.0,0,0,False,0,1.0,68.0,31.8,692.0,26.8,True,True,False,False,True,11,2.0,False,255.0,0,0,SPOKED,SPOKED,0.0,0.0,0.0,0.0,280.0,727.0,27.0,300.0,1.0
432.0,65.0,565.0,73.5,145.0,45.0,530.0,73.5,630.0,45.0,40.0,25.4,36.5,23.35,13.0,15.0,9.0,STEEL,68.0,47.0,37.0,330.0,350.0,16.0,18.0,False,False,130.0,2.0,0.9,1.1,0.9,1.2,1.0,0.9,674.0,52.0,674.0,52.0,0,0,False,0,1.0,68.0,31.8,692.0,26.8,True,True,False,False,True,11,2.0,False,255.0,0,0,SPOKED,SPOKED,0.0,0.0,0.0,0.0,280.0,721.0,27.0,300.0,1.0
425.0,66.0,575.2029642,73.0,105.2,45.0,555.0,74.0,644.8496592,47.0,40.0,25.4,36.5,23.35,13.0,15.0,9.0,STEEL,63.1,48.0,40.1,330.0,350.0,16.0,18.0,False,False,130.0,2.0,0.9,1.1,0.9,1.2,1.0,0.9,674.0,52.0,674.0,52.0,0,0,False,0,1.0,68.0,31.8,692.0,26.8,False,False,False,False,True,10,2.0,False,255.0,0,0,SPOKED,SPOKED,1.0,1.0,80.0,80.0,278.0,718.0,26.8,250.0,1.0
405.0,70.0,591.9108569,73.0,145.0,45.0,515.2,74.0,653.4145038,45.0,40.0,28.6,36.5,23.35,13.0,15.0,9.0,STEEL,28.9,49.2,49.2,330.0,350.0,16.0,18.0,True,True,130.0,2.0,0.9,1.1,0.9,1.2,1.0,0.9,674.0,52.0,674.0,52.0,0,0,False,0,1.0,68.0,45.0,692.0,31.8,False,True,False,False,True,11,2.0,False,255.0,0,0,SPOKED,SPOKED,1.0,1.0,80.0,80.0,298.0,718.0,34.9,330.0,1.0
455.0,70.0,721.2682239,71.0,180.4,35.0,546.2,73.5,748.4959838,45.0,39.0,27.0,36.5,21.25,14.5,15.0,10.1,STEEL,36.3,46.2,56.2,330.0,350.0,16.0,18.0,False,False,142.0,2.0,0.9,1.1,0.9,1.2,1.0,0.9,736.0,114.0,736.0,114.0,0,0,False,0,0.0,73.0,46.3,692.0,28.6,False,False,False,False,True,12,2.0,False,255.0,0,0,TRISPOKE,DISC,1.0,1.0,80.0,80.0,265.0,830.0,34.9,300.0,2.0
415.0,70.0,637.9091156,73.0,191.4,45.0,630.0,73.5,656.6201875,45.0,40.0,33.6,36.5,23.35,13.0,15.0,9.0,STEEL,27.8,32.1,43.5,330.0,350.0,16.0,18.0,False,False,130.0,2.0,0.9,1.1,0.9,1.2,1.0,0.9,674.0,52.0,674.0,52.0,0,0,False,0,1.0,68.0,45.0,692.0,31.8,True,True,False,False,True,11,2.0,False,255.0,0,0,DISC,SPOKED,1.0,1.0,80.0,80.0,275.0,865.0,34.9,300.0,1.0
420.0,70.0,641.0649213,73.0,151.0,100.0,540.0,72.5,668.1348776,45.0,40.0,39.75,50.0,28.5,13.0,15.0,9.0,STEEL,30.6,40.0,55.8,330.0,350.0,16.0,18.0,False,False,130.0,2.0,0.9,1.1,0.9,1.2,1.0,0.9,676.0,54.0,676.0,54.0,0,0,False,0,1.0,68.0,55.0,692.0,50.0,False,False,False,False,True,10,2.0,False,255.0,0,0,TRISPOKE,TRISPOKE,1.0,1.0,80.0,80.0,210.0,709.0,34.9,310.0,2.0
405.0,70.0,593.536575,73.0,145.0,45.0,515.0,74.0,648.3152394,45.0,40.0,28.6,36.5,23.35,13.0,15.0,9.0,STEEL,34.0,49.0,49.9,330.0,350.0,16.0,18.0,False,False,130.0,2.0,0.9,1.1,0.9,1.2,1.0,0.9,674.0,52.0,674.0,52.0,0,0,False,0,1.0,68.0,45.0,692.0,31.8,False,True,False,False,True,9,2.0,False,255.0,0,0,SPOKED,DISC,1.0,1.0,80.0,80.0,278.0,718.0,34.9,300.0,2.0
380.0,47.01358832,561.1033732,74.0,168.8,45.0,552.4,76.0,623.9028894,45.0,40.0,28.6,36.5,23.35,13.0,15.0,9.0,STEEL,33.0,32.4,46.4,330.0,350.0,16.0,18.0,True,True,130.0,2.0,0.9,1.1,0.9,1.2,1.0,0.9,674.0,52.0,674.0,52.0,0,0,False,0,1.0,68.0,45.0,692.0,31.8,False,False,False,False,True,10,2.0,False,255.0,0,0,DISC,TRISPOKE,1.0,1.0,80.0,80.0,298.0,700.0,34.9,300.0,1.0
400.0,7.0,511.5560042,68.0,123.0,45.0,331.0,75.0,640.6227443,45.0,40.0,42.75,49.0,35.0,21.5,15.0,9.0,STEEL,31.0,60.0,42.0,330.0,300.0,16.0,18.0,False,False,130.0,2.0,0.9,1.1,0.9,1.2,1.0,0.9,674.0,52.0,674.0,52.0,0,0,False,0,1.0,73.0,57.0,692.0,31.8,False,False,False,False,True,11,2.0,False,255.0,0,0,TRISPOKE,SPOKED,1.0,1.0,80.0,80.0,230.0,400.0,34.9,200.0,2.0
430.0,65.0,600.0,72.0,130.0,50.0,570.0,73.0,700.0,50.0,40.0,30.0,40.0,25.0,15.0,15.0,9.0,STEEL,50.0,50.0,45.0,330.0,350.0,16.0,18.0,False,False,130.0,2.0,0.9,1.1,0.9,1.2,1.0,0.9,680.0,52.0,680.0,52.0,0,0,False,0,0.0,70.0,34.0,700.0,30.0,True,False,False,False,True,11,2.0,False,255.0,0,0,DISC,SPOKED,1.0,1.0,80.0,80.0,280.0,730.0,30.0,300.0,1.0
410.0,60.0,650.0,74.0,110.0,60.0,580.0,74.0,720.0,45.0,40.0,28.0,38.0,24.0,14.0,15.0,9.0,STEEL,60.0,55.0,42.0,330.0,350.0,16.0,18.0,False,False,130.0,2.0,1.0,1.2,1.0,1.2,1.0,1.0,690.0,48.0,690.0,48.0,0,2,False,0,1.0,68.0,32.0,700.0,27.0,True,True,False,False,True,12,2.0,False,255.0,0,0,SPOKED,DISC,1.0,1.0,80.0,80.0,285.0,720.0,28.0,280.0,0.0
