CS textfield,BB textfield,Stack,Head angle,Head tube length textfield,Seat stay junction0,Seat tube length,Seat angle,DT Length,FORK0R,BB diameter,ttd,dtd,csd,ssd,Chain stay position on BB,SSTopZOFFSET,MATERIAL,Head tube upper extension2,Seat tube extension2,Head tube lower extension2,SEATSTAYbrdgshift,CHAINSTAYbrdgshift,SEATSTAYbrdgdia1,CHAINSTAYbrdgdia1,SEATSTAYbrdgCheck,CHAINSTAYbrdgCheck,Dropout spacing,Wall thickness Bottom Bracket,Wall thickness Top tube,Wall thickness Head tube,Wall thickness Down tube,Wall thickness Chain stay,Wall thickness Seat stay,Wall thickness Seat tube,Wheel diameter front,RDBSD,Wheel diameter rear,FDBSD,Fork type,Stem kind,Display AEROBARS,Handlebar style,Head tube type,BB length,Head tube diameter,Wheel cut,Seat tube diameter,bottle SEATTUBE0 show,bottle DOWNTUBE0 show,Front Fender include,Rear Fender include,BELTorCHAIN,Number of cogs,Number of chainrings,Display RACK,FIRST color R_RGB,FIRST color G_RGB,FIRST color B_RGB,RIM_STYLE front,RIM_STYLE rear,SPOKES composite front,SPOKES composite rear,SBLADEW front,SBLADEW rear,Saddle length,Saddle height,Down tube diameter,Seatpost LENGTH,Seat tube type
420.0,70.0,620.0,73.0,150.0,50.0,550.0,73.0,650.0,50.0,45.0,28.6,28.6,36.5,23.35,13.0,15.0,STEEL,30.0,45.0,50.0,330.0,350.0,16.0,18.0,False,False,135.0,2.0,0.9,1.1,0.9,1.2,1.0,0.9,680.0,52.0,680.0,52.0,0.0,1,False,1.0,1.0,68.0,45.0,0.0,31.8,True,True,True,True,True,8.0,1,True,102.0,205.0,170.0,SPOKED,SPOKED,0.0,0.0,80.0,80.0,300.0,300.0,34.9,330.0,1.0
410.0,65.0,600.0,74.0,160.0,55.0,540.0,74.0,660.0,55.0,45.0,30.0,28.6,36.5,23.35,13.0,15.0,ALUMINIUM,32.0,47.0,48.0,330.0,350.0,16.0,18.0,False,False,135.0,2.0,0.9,1.1,0.9,1.2,1.0,0.9,700.0,53.0,700.0,53.0,0.0,0,False,1.0,1.0,68.0,44.0,0.0,31.8,False,True,True,True,True,9.0,2,True,135.0,206.0,235.0,DISC,SPOKED,0.0,0.0,80.0,80.0,310.0,305.0,34.9,340.0,1.0
430.0,68.0,630.0,72.5,140.0,48.0,560.0,72.5,640.0,45.0,40.0,27.0,26.0,35.0,22.0,14.0,16.0,CARBON,28.0,44.0,52.0,330.0,350.0,16.0,18.0,False,False,130.0,1.8,1.0,1.2,1.0,1.3,1.1,1.0,685.0,50.0,685.0,50.0,0.0,2,False,1.0,1.0,68.0,42.0,0.0,30.0,True,False,False,False,True,11.0,2,False,169.0,169.0,169.0,TRISPOKE,SPOKED,1.0,0.0,60.0,80.0,280.0,310.0,34.9,320.0,1.0
400.0,70.0,615.0,73.5,155.0,50.0,545.0,73.5,655.0,52.0,45.0,29.0,28.6,36.5,23.35,13.5,15.5,TITANIUM,31.0,45.5,49.0,330.0,350.0,16.0,18.0,False,False,135.0,2.0,0.9,1.1,0.9,1.2,1.0,0.9,670.0,50.0,670.0,50.0,0.0,1,False,1.0,1.0,68.0,45.0,0.0,31.8,True,True,True,True,True,8.0,1,True,152.0,251.0,152.0,SPOKED,TRISPOKE,0.0,1.0,80.0,60.0,295.0,305.0,34.9,350.0,1.0
415.0,69.0,605.0,74.0,152.0,50.0,550.0,74.0,650.0,50.0,45.0,28.6,28.6,36.5,23.35,13.0,15.0,BAMBOO,30.5,45.0,50.0,330.0,350.0,16.0,18.0,False,False,135.0,2.0,0.9,1.1,0.9,1.2,1.0,0.9,678.0,51.0,678.0,51.0,1.0,0,False,1.0,1.0,68.0,44.0,0.0,31.8,False,True,True,True,True,7.0,1,True,152.0,255.0,152.0,SPOKED,SPOKED,0.0,0.0,80.0,80.0,300.0,295.0,34.9,330.0,1.0
430.0,68.0,610.0,73.0,145.0,55.0,545.0,73.0,660.0,48.0,45.0,29.0,28.6,36.5,23.35,12.5,14.5,ALUMINIUM,29.0,46.0,53.0,330.0,350.0,16.0,18.0,False,False,130.0,2.0,0.9,1.1,0.9,1.2,1.0,0.9,682.0,54.0,682.0,54.0,0.0,0,False,1.0,1.0,68.0,44.0,0.0,31.8,True,True,False,False,True,10.0,2,False,220.0,20.0,60.0,DISC,DISC,0.0,0.0,0.0,0.0,290.0,300.0,34.9,325.0,1.0
425.0,75.0,635.0,72.0,148.0,45.0,500.0,72.0,640.0,50.0,45.0,28.6,28.6,36.5,23.35,13.0,15.0,STEEL,30.0,40.0,50.0,330.0,350.0,16.0,18.0,False,False,135.0,2.0,0.9,1.1,0.9,1.2,1.0,0.9,690.0,55.0,690.0,55.0,0.0,2,False,1.0,1.0,70.0,45.0,0.0,35.0,False,True,True,True,True,8.0,1,True,210.0,180.0,140.0,SPOKED,SPOKED,0.0,0.0,80.0,80.0,310.0,308.0,34.9,360.0,1.0
440.0,65.0,625.0,74.5,142.0,52.0,550.0,74.5,645.0,40.0,40.0,27.5,26.5,35.0,22.0,14.0,16.0,CARBON,29.0,45.0,50.0,330.0,350.0,16.0,18.0,False,False,130.0,1.8,0.9,1.1,0.9,1.2,1.0,0.9,680.0,52.0,680.0,52.0,2.0,0,False,1.0,3.0,65.0,41.0,0.0,30.0,False,True,False,False,True,11.0,2,False,0.0,255.0,255.0,DISC,TRISPOKE,0.0,1.0,0.0,60.0,285.0,302.0,34.9,340.0,1.0
410.0,72.0,600.0,71.0,160.0,53.0,555.0,71.0,655.0,60.0,45.0,28.6,28.6,36.5,23.35,13.0,15.0,BAMBOO,33.0,46.0,49.0,330.0,350.0,16.0,18.0,False,False,135.0,2.0,0.9,1.1,0.9,1.2,1.0,0.9,680.0,52.0,680.0,52.0,1.0,1,False,1.0,1.0,68.0,45.0,0.0,31.8,False,True,True,False,True,7.0,1,True,60.0,179.0,113.0,SPOKED,SPOKED,0.0,0.0,80.0,80.0,300.0,305.0,34.9,320.0,1.0
435.0,67.0,620.0,73.0,150.0,50.0,540.0,73.0,650.0,50.0,45.0,29.5,28.6,36.5,23.35,13.0,15.0,TITANIUM,30.0,45.0,50.0,330.0,350.0,16.0,18.0,False,False,135.0,2.0,0.9,1.1,0.9,1.2,1.0,0.9,690.0,53.0,690.0,53.0,0.0,1,False,1.0,1.0,68.0,45.0,0.0,31.8,True,True,True,True,True,9.0,1,True,0.0,128.0,128.0,SPOKED,DISC,0.0,0.0,80.0,80.0,305.0,300.0,34.9,345.0,1.0
405.0,70.0,610.0,72.0,120.0,45.0,560.0,73.0,665.0,45.0,50.0,31.8,34.9,36.5,23.35,20.0,15.0,ALUMINIUM,20.0,50.0,20.0,330.0,350.0,16.0,18.0,False,False,130.0,2.0,0.9,1.1,0.9,1.2,1.0,0.9,674.0,52.0,674.0,52.0,0.0,2,False,1.0,1.0,68.0,45.0,0.0,31.8,False,False,False,False,True,8.0,1,False,152.0,255.0,152.0,SPOKED,SPOKED,1.0,1.0,80.0,80.0,280.0,720.0,34.9,700.0,1.0
420.0,65.0,630.0,73.0,140.0,45.0,550.0,73.5,650.0,40.0,45.0,28.6,33.6,36.5,23.35,18.0,15.0,CARBON,22.0,48.0,18.0,330.0,350.0,16.0,18.0,True,True,135.0,2.0,0.9,1.1,0.9,1.2,1.0,0.9,680.0,50.0,680.0,50.0,0.0,1,False,1.0,1.0,68.0,50.0,0.0,31.8,False,False,False,False,True,9.0,1,False,152.0,255.0,152.0,SPOKED,SPOKED,1.0,1.0,80.0,80.0,290.0,730.0,34.9,680.0,1.0
430.0,75.0,600.0,71.0,150.0,45.0,580.0,72.0,660.0,50.0,45.0,33.6,36.5,36.5,23.35,25.0,15.0,STEEL,25.0,55.0,22.0,330.0,350.0,16.0,18.0,False,False,130.0,2.0,0.9,1.1,0.9,1.2,1.0,0.9,676.0,54.0,676.0,54.0,0.0,2,False,1.0,1.0,68.0,45.0,0.0,31.8,False,False,True,True,True,7.0,2,True,196.0,255.0,196.0,DISC,SPOKED,1.0,1.0,80.0,80.0,285.0,710.0,34.9,720.0,2.0
415.0,68.0,620.0,72.5,130.0,45.0,545.0,74.0,640.0,45.0,50.0,25.4,34.9,23.35,20.5,15.0,15.0,TITANIUM,18.0,45.0,17.0,330.0,350.0,16.0,18.0,True,False,130.0,2.0,0.9,1.1,0.9,1.2,1.0,0.9,674.0,52.0,674.0,52.0,0.0,1,False,1.0,1.0,68.0,45.0,0.0,28.6,False,False,False,False,True,8.0,1,False,152.0,255.0,152.0,SPOKED,SPOKED,1.0,1.0,80.0,80.0,300.0,725.0,34.9,750.0,1.0
400.0,60.0,630.0,73.0,160.0,45.0,550.0,73.0,655.0,45.0,45.0,28.6,34.9,36.5,23.35,20.0,15.0,BAMBOO,30.0,60.0,25.0,330.0,350.0,16.0,18.0,False,False,135.0,2.0,0.9,1.1,0.9,1.2,1.0,0.9,680.0,50.0,680.0,50.0,0.0,1,False,1.0,1.0,68.0,45.0,0.0,31.8,False,False,True,False,False,10.0,1,True,180.0,250.0,180.0,SPOKED,SPOKED,1.0,1.0,80.0,80.0,260.0,715.0,34.9,710.0,1.0
440.0,65.0,605.0,72.0,135.0,45.0,560.0,72.0,645.0,50.0,50.0,31.8,34.9,36.5,23.35,22.0,15.0,ALUMINIUM,24.0,52.0,19.0,340.0,350.0,18.0,18.0,True,True,130.0,2.0,0.9,1.1,0.9,1.2,1.0,0.9,654.0,55.0,654.0,55.0,0.0,2,False,1.0,1.0,68.0,45.0,0.0,31.8,False,True,False,False,True,8.0,2,False,152.0,255.0,152.0,DISC,DISC,1.0,1.0,80.0,80.0,275.0,720.0,34.9,690.0,1.0
450.0,62.0,615.0,74.0,125.0,45.0,570.0,74.0,660.0,42.0,45.0,30.0,34.9,36.5,23.35,19.0,15.0,CARBON,21.0,49.0,21.0,330.0,350.0,16.0,18.0,False,False,130.0,2.0,0.9,1.1,0.9,1.2,1.0,0.9,700.0,60.0,700.0,60.0,0.0,2,False,1.0,1.0,68.0,50.0,0.0,31.8,False,False,False,False,True,9.0,1,False,152.0,240.0,180.0,SPOKED,SPOKED,1.0,1.0,80.0,80.0,295.0,735.0,34.9,710.0,1.0
435.0,70.0,650.0,73.0,140.0,45.0,585.0,73.0,670.0,45.0,50.0,33.6,34.9,36.5,23.35,24.0,15.0,STEEL,28.0,53.0,23.0,330.0,350.0,16.0,18.0,False,False,135.0,2.0,0.9,1.1,0.9,1.2,1.0,0.9,674.0,52.0,674.0,52.0,0.0,1,False,1.0,1.0,68.0,45.0,0.0,31.8,False,False,True,True,True,8.0,2,True,152.0,255.0,200.0,SPOKED,SPOKED,1.0,1.0,80.0,80.0,300.0,740.0,34.9,740.0,2.0
425.0,68.0,620.0,70.0,155.0,45.0,555.0,71.0,635.0,48.0,45.0,31.8,34.9,36.5,23.35,21.0,15.0,TITANIUM,27.0,51.0,20.0,330.0,350.0,17.0,18.0,True,False,130.0,2.0,0.9,1.1,0.9,1.2,1.0,0.9,600.0,55.0,600.0,55.0,0.0,0,False,1.0,1.0,68.0,45.0,0.0,31.8,False,False,False,False,True,7.0,1,False,152.0,255.0,152.0,SPOKED,SPOKED,1.0,1.0,80.0,80.0,285.0,705.0,34.9,700.0,1.0
440.0,72.0,635.0,74.0,145.0,45.0,565.0,74.0,660.0,46.0,50.0,33.6,36.5,36.5,23.35,23.0,15.0,OTHER,26.0,54.0,22.0,330.0,350.0,16.0,18.0,False,True,135.0,2.0,0.9,1.1,0.9,1.2,1.0,0.9,686.0,51.0,686.0,51.0,0.0,2,False,1.0,1.0,68.0,50.0,0.0,31.8,True,False,False,False,True,8.0,1,False,160.0,250.0,200.0,DISC,SPOKED,1.0,1.0,80.0,80.0,290.0,735.0,34.9,730.0,1.0
420.0,70.0,560.0,72.0,150.0,50.0,540.0,74.0,620.0,45.0,40.0,28.0,35.0,23.0,23.0,13.0,9.0,ALUMINIUM,35.0,45.0,55.0,0.0,0.0,0.0,0.0,False,False,135.0,2.0,0.9,1.1,0.9,1.2,1.0,0.9,700.0,52.0,700.0,52.0,0.0,2,False,1.0,1.0,68.0,45.0,0.0,31.8,False,False,False,False,True,8.0,1,False,102.0,205.0,170.0,SPOKED,SPOKED,0.0,0.0,0.0,0.0,280.0,780.0,34.9,320.0,1.0
430.0,68.0,580.0,71.0,160.0,45.0,550.0,73.5,630.0,50.0,45.0,30.0,36.0,25.0,25.0,13.0,9.0,ALUMINIUM,40.0,50.0,50.0,0.0,0.0,0.0,0.0,False,False,135.0,2.0,0.9,1.1,0.9,1.2,1.0,0.9,710.0,52.0,710.0,52.0,0.0,0,False,1.0,1.0,68.0,48.0,0.0,34.0,False,False,True,False,True,9.0,2,True,102.0,205.0,170.0,SPOKED,SPOKED,0.0,0.0,0.0,0.0,290.0,800.0,34.9,300.0,1.0
425.0,72.0,550.0,73.0,140.0,55.0,530.0,74.5,615.0,48.0,40.0,29.0,37.0,24.0,24.0,13.0,9.0,ALUMINIUM,30.0,45.0,45.0,0.0,0.0,0.0,0.0,False,False,135.0,2.0,0.9,1.1,0.9,1.2,1.0,0.9,690.0,50.0,690.0,50.0,0.0,1,False,1.0,1.0,68.0,45.0,0.0,32.0,False,False,False,True,True,7.0,1,False,102.0,205.0,170.0,SPOKED,SPOKED,0.0,0.0,0.0,0.0,275.0,760.0,34.9,330.0,1.0
440.0,70.0,600.0,70.0,180.0,40.0,560.0,73.0,640.0,45.0,45.0,31.0,38.0,26.0,26.0,13.0,9.0,ALUMINIUM,45.0,43.0,60.0,0.0,0.0,0.0,0.0,False,False,135.0,2.0,0.9,1.1,0.9,1.2,1.0,0.9,720.0,55.0,720.0,55.0,0.0,2,False,1.0,3.0,68.0,50.0,0.0,35.0,False,False,True,True,True,10.0,2,False,102.0,205.0,170.0,SPOKED,SPOKED,0.0,0.0,0.0,0.0,300.0,820.0,35.5,280.0,1.0
415.0,75.0,570.0,72.5,155.0,60.0,580.0,73.0,625.0,52.0,40.0,28.6,35.0,23.5,23.5,13.0,9.0,ALUMINIUM,38.0,48.0,53.0,0.0,0.0,0.0,0.0,False,False,135.0,2.0,0.9,1.1,0.9,1.2,1.0,0.9,705.0,54.0,705.0,54.0,0.0,0,False,1.0,1.0,68.0,46.0,0.0,33.0,False,False,True,True,True,11.0,1,False,102.0,205.0,170.0,SPOKED,SPOKED,0.0,0.0,0.0,0.0,285.0,790.0,34.9,310.0,1.0
435.0,65.0,590.0,71.5,165.0,48.0,545.0,74.0,635.0,47.0,42.0,30.5,36.5,24.5,24.5,13.0,9.0,ALUMINIUM,42.0,46.0,57.0,0.0,0.0,0.0,0.0,False,False,135.0,2.0,0.9,1.1,0.9,1.2,1.0,0.9,715.0,53.0,715.0,53.0,0.0,2,False,1.0,1.0,68.0,49.0,0.0,32.0,True,False,False,True,True,10.0,2,True,102.0,205.0,170.0,SPOKED,SPOKED,0.0,0.0,0.0,0.0,300.0,800.0,34.9,350.0,1.0
450.0,72.0,610.0,70.5,170.0,42.0,565.0,73.5,645.0,50.0,43.0,29.5,37.5,25.5,25.5,13.0,9.0,ALUMINIUM,44.0,47.0,58.0,0.0,0.0,0.0,0.0,False,False,135.0,2.0,0.9,1.1,0.9,1.2,1.0,0.9,730.0,55.0,730.0,55.0,0.0,1,False,1.0,1.0,68.0,47.0,0.0,34.0,False,False,False,False,True,8.0,1,False,102.0,205.0,170.0,SPOKED,SPOKED,0.0,0.0,0.0,0.0,270.0,770.0,34.9,305.0,1.0
418.0,68.0,565.0,72.2,152.0,52.0,555.0,74.2,628.0,49.0,41.0,28.8,35.8,23.8,23.8,13.0,9.0,ALUMINIUM,37.0,44.0,56.0,0.0,0.0,0.0,0.0,False,False,135.0,2.0,0.9,1.1,0.9,1.2,1.0,0.9,698.0,52.5,698.0,52.5,0.0,0,False,1.0,1.0,68.0,46.5,0.0,32.5,False,True,True,False,True,9.0,1,False,102.0,205.0,170.0,SPOKED,SPOKED,0.0,0.0,0.0,0.0,290.0,785.0,34.9,325.0,1.0
422.0,69.0,595.0,71.0,158.0,47.0,548.0,73.8,632.0,46.0,40.0,29.0,36.0,24.0,24.0,13.0,9.0,ALUMINIUM,39.0,42.0,54.0,0.0,0.0,0.0,0.0,False,False,135.0,2.0,0.9,1.1,0.9,1.2,1.0,0.9,702.0,53.0,702.0,53.0,0.0,2,False,1.0,1.0,68.0,48.0,0.0,31.8,False,False,False,False,True,7.0,2,False,102.0,205.0,170.0,SPOKED,SPOKED,0.0,0.0,0.0,0.0,275.0,775.0,34.9,315.0,1.0
438.0,71.0,605.0,72.8,168.0,43.0,562.0,74.1,638.0,51.0,42.0,30.0,37.0,25.0,25.0,13.0,9.0,ALUMINIUM,43.0,49.0,59.0,0.0,0.0,0.0,0.0,False,False,135.0,2.0,0.9,1.1,0.9,1.2,1.0,0.9,725.0,54.0,725.0,54.0,0.0,1,False,1.0,1.0,68.0,49.0,0.0,33.5,True,False,False,True,True,10.0,1,False,102.0,205.0,170.0,SPOKED,SPOKED,0.0,0.0,0.0,0.0,295.0,810.0,34.9,345.0,1.0
420.0,65.0,630.0,73.0,150.0,45.0,580.0,73.0,650.0,35.0,44.0,33.6,34.9,30.0,30.0,13.0,9.0,ALUMINIUM,30.0,40.0,40.0,0.0,0.0,16.0,18.0,False,False,130.0,1.1,1.1,1.1,1.2,1.0,1.0,1.0,680.0,52.0,680.0,52.0,0.0,1,False,1.0,1.0,68.0,45.0,0.0,31.8,False,False,True,True,True,8.0,1,True,152.0,255.0,152.0,DISC,SPOKED,0.0,0.0,80.0,80.0,280.0,760.0,34.9,350.0,1.0
430.0,60.0,620.0,72.5,160.0,50.0,600.0,72.0,640.0,40.0,50.0,28.6,34.9,25.0,28.0,13.0,9.0,STEEL,32.0,42.0,45.0,0.0,0.0,16.0,18.0,False,False,135.0,1.0,1.0,1.2,1.2,1.0,1.0,1.0,680.0,52.0,680.0,52.0,0.0,2,False,1.0,1.0,70.0,50.0,0.0,31.8,False,False,True,True,True,9.0,2,True,120.0,255.0,200.0,DISC,DISC,0.0,0.0,80.0,80.0,300.0,750.0,34.9,360.0,1.0
400.0,62.0,650.0,74.0,140.0,60.0,560.0,74.0,660.0,30.0,68.0,45.0,33.6,36.0,27.0,13.0,9.0,CARBON,28.0,38.0,42.0,0.0,0.0,16.0,18.0,False,False,135.0,1.0,1.0,1.0,1.2,1.0,1.0,1.0,690.0,50.0,690.0,50.0,0.0,1,False,1.0,3.0,68.0,50.0,0.0,31.8,False,False,True,True,True,10.0,2,True,0.0,255.0,128.0,DISC,SPOKED,0.0,0.0,80.0,80.0,280.0,760.0,34.9,340.0,1.0
450.0,68.0,610.0,71.0,155.0,55.0,570.0,71.0,630.0,45.0,47.0,30.0,34.9,28.0,28.0,15.0,10.0,TITANIUM,35.0,40.0,38.0,0.0,0.0,16.0,18.0,False,False,135.0,1.1,1.1,1.1,1.1,1.0,1.0,1.0,680.0,50.0,680.0,50.0,1.0,2,False,1.0,1.0,68.0,50.0,0.0,31.8,True,True,True,True,True,8.0,1,True,200.0,255.0,200.0,SPOKED,SPOKED,0.0,0.0,80.0,80.0,290.0,745.0,34.9,380.0,2.0
470.0,70.0,655.0,75.0,170.0,40.0,600.0,75.0,675.0,38.0,45.0,28.6,33.6,25.0,25.0,13.0,9.0,ALUMINIUM,38.0,45.0,45.0,0.0,0.0,16.0,18.0,False,False,140.0,1.0,1.0,1.0,1.15,1.0,1.0,1.0,700.0,50.0,700.0,50.0,0.0,0,False,1.0,1.0,70.0,60.0,0.0,31.8,True,False,True,False,True,11.0,2,True,180.0,255.0,200.0,DISC,DISC,0.0,0.0,80.0,80.0,285.0,770.0,34.9,360.0,1.0
390.0,64.0,600.0,70.0,135.0,62.0,570.0,70.0,620.0,42.0,50.0,28.6,33.6,27.0,27.0,14.0,9.0,STEEL,29.0,38.0,36.0,0.0,0.0,16.0,18.0,False,False,130.0,1.2,1.1,1.1,1.2,1.1,1.1,1.1,680.0,48.0,680.0,48.0,0.0,1,False,1.0,1.0,68.0,50.0,0.0,31.8,False,False,True,True,True,7.0,1,True,100.0,200.0,100.0,SPOKED,SPOKED,0.0,0.0,80.0,80.0,275.0,750.0,34.9,320.0,1.0
500.0,65.0,650.0,74.0,160.0,55.0,580.0,74.0,680.0,35.0,42.0,28.6,34.9,26.0,26.0,13.0,9.0,BAMBOO,34.0,42.0,40.0,0.0,0.0,16.0,18.0,False,False,130.0,1.0,1.0,1.0,1.2,1.0,1.0,1.0,680.0,52.0,680.0,52.0,1.0,2,False,1.0,1.0,68.0,45.0,0.0,31.8,False,False,True,True,True,8.0,1,True,152.0,255.0,152.0,DISC,SPOKED,0.0,0.0,80.0,80.0,280.0,760.0,34.9,300.0,2.0
380.0,60.0,640.0,72.0,145.0,48.0,565.0,72.0,635.0,36.0,47.0,28.6,34.9,30.0,30.0,13.0,9.0,ALUMINIUM,33.0,40.0,38.0,0.0,0.0,16.0,18.0,False,False,135.0,1.0,1.0,1.0,1.2,1.0,1.0,1.1,680.0,52.0,680.0,52.0,1.0,1,False,1.0,3.0,68.0,50.0,0.0,31.8,True,True,False,False,True,9.0,2,True,152.0,255.0,202.0,SPOKED,DISC,0.0,0.0,80.0,80.0,300.0,755.0,34.9,350.0,1.0
450.0,66.0,660.0,73.5,155.0,50.0,590.0,73.5,665.0,37.0,50.0,33.6,34.9,36.0,30.0,13.0,9.0,CARBON,31.0,44.0,42.0,0.0,0.0,16.0,18.0,False,False,135.0,1.1,1.1,1.1,1.1,1.0,1.0,1.1,690.0,50.0,690.0,50.0,0.0,1,False,1.0,3.0,70.0,45.0,0.0,31.8,True,False,True,True,True,11.0,2,True,0.0,255.0,150.0,DISC,SPOKED,0.0,0.0,80.0,80.0,295.0,770.0,34.9,330.0,2.0
440.0,62.0,625.0,71.5,150.0,52.0,575.0,72.0,640.0,38.0,48.0,28.6,34.9,28.0,28.0,15.0,9.0,OTHER,30.0,40.0,38.0,0.0,0.0,16.0,18.0,False,False,130.0,1.0,1.0,1.2,1.2,1.1,1.1,1.0,680.0,52.0,680.0,52.0,0.0,1,False,1.0,1.0,68.0,48.0,0.0,31.8,False,False,False,True,True,7.0,1,False,100.0,255.0,200.0,SPOKED,SPOKED,0.0,0.0,80.0,80.0,285.0,760.0,34.9,345.0,1.0
400.0,70.0,550.0,73.0,160.0,45.0,550.0,73.5,650.0,45.0,45.0,35.0,36.5,23.35,23.35,13.0,15.0,ALUMINIUM,30.0,50.0,40.0,330.0,350.0,16.0,18.0,False,False,130.0,1.0,1.0,1.0,1.0,1.0,1.0,1.0,700.0,52.0,700.0,52.0,0.0,1,False,1.0,1.0,68.0,45.0,692.0,31.8,True,False,True,True,True,9.0,1,True,152.0,255.0,152.0,SPOKED,SPOKED,0.0,0.0,0.0,0.0,280.0,760.0,34.9,330.0,1.0
405.0,70.0,555.0,73.5,162.0,45.0,555.0,74.0,655.0,45.0,45.0,35.0,36.5,23.35,23.35,13.0,15.0,STEEL,30.0,50.0,40.0,330.0,350.0,16.0,18.0,False,False,130.0,1.0,1.0,1.0,1.0,1.0,1.0,1.0,700.0,52.0,700.0,52.0,0.0,1,False,1.0,1.0,68.0,45.0,692.0,31.8,False,True,True,False,True,8.0,1,True,50.0,205.0,50.0,SPOKED,SPOKED,0.0,0.0,0.0,0.0,280.0,760.0,34.9,330.0,1.0
410.0,70.0,560.0,74.0,165.0,45.0,560.0,73.0,660.0,45.0,45.0,35.0,36.5,23.35,23.35,13.0,15.0,ALUMINIUM,30.0,50.0,40.0,330.0,350.0,16.0,18.0,False,False,130.0,1.0,1.0,1.0,1.0,1.0,1.0,1.0,700.0,52.0,700.0,52.0,0.0,1,False,1.0,1.0,68.0,45.0,692.0,31.8,True,True,False,False,True,10.0,2,False,0.0,255.0,128.0,SPOKED,SPOKED,0.0,0.0,0.0,0.0,280.0,760.0,34.9,330.0,1.0
395.0,70.0,545.0,72.5,150.0,45.0,545.0,74.5,645.0,45.0,45.0,35.0,36.5,23.35,23.35,13.0,15.0,BAMBOO,30.0,50.0,40.0,330.0,350.0,16.0,18.0,False,False,130.0,1.0,1.0,1.0,1.0,1.0,1.0,1.0,700.0,52.0,700.0,52.0,0.0,1,False,1.0,1.0,68.0,45.0,692.0,31.8,True,False,True,False,False,7.0,1,True,204.0,255.0,204.0,SPOKED,SPOKED,0.0,0.0,0.0,0.0,280.0,760.0,34.9,330.0,1.0
415.0,70.0,565.0,75.0,170.0,45.0,565.0,73.2,665.0,45.0,45.0,35.0,36.5,23.35,23.35,13.0,15.0,ALUMINIUM,30.0,50.0,40.0,330.0,350.0,16.0,18.0,False,False,130.0,1.0,1.0,1.0,1.0,1.0,1.0,1.0,700.0,52.0,700.0,52.0,0.0,1,False,1.0,1.0,68.0,45.0,692.0,31.8,False,False,False,True,True,11.0,2,False,152.0,251.0,152.0,SPOKED,SPOKED,0.0,0.0,0.0,0.0,280.0,760.0,34.9,330.0,1.0
420.0,70.0,575.0,73.2,145.0,45.0,575.0,75.0,670.0,45.0,45.0,35.0,36.5,23.35,23.35,13.0,15.0,STEEL,30.0,50.0,40.0,330.0,350.0,16.0,18.0,False,False,130.0,1.0,1.0,1.0,1.0,1.0,1.0,1.0,700.0,52.0,700.0,52.0,0.0,1,False,1.0,1.0,68.0,45.0,692.0,31.8,False,True,True,True,False,9.0,2,True,144.0,238.0,144.0,SPOKED,SPOKED,0.0,0.0,0.0,0.0,280.0,760.0,34.9,330.0,1.0
425.0,70.0,540.0,72.8,175.0,45.0,540.0,72.8,640.0,45.0,45.0,35.0,36.5,23.35,23.35,13.0,15.0,ALUMINIUM,30.0,50.0,40.0,330.0,350.0,16.0,18.0,False,False,130.0,1.0,1.0,1.0,1.0,1.0,1.0,1.0,700.0,52.0,700.0,52.0,0.0,1,False,1.0,1.0,68.0,45.0,692.0,31.8,True,False,False,False,False,8.0,1,False,127.0,255.0,212.0,SPOKED,SPOKED,0.0,0.0,0.0,0.0,280.0,760.0,34.9,330.0,1.0
390.0,70.0,580.0,73.8,140.0,45.0,580.0,73.8,675.0,45.0,45.0,35.0,36.5,23.35,23.35,13.0,15.0,STEEL,30.0,50.0,40.0,330.0,350.0,16.0,18.0,False,False,130.0,1.0,1.0,1.0,1.0,1.0,1.0,1.0,700.0,52.0,700.0,52.0,0.0,1,False,1.0,1.0,68.0,45.0,692.0,31.8,True,True,True,False,True,7.0,1,True,0.0,250.0,154.0,SPOKED,SPOKED,0.0,0.0,0.0,0.0,280.0,760.0,34.9,330.0,1.0
430.0,70.0,535.0,72.5,180.0,45.0,535.0,72.5,635.0,45.0,45.0,35.0,36.5,23.35,23.35,13.0,15.0,ALUMINIUM,30.0,50.0,40.0,330.0,350.0,16.0,18.0,False,False,130.0,1.0,1.0,1.0,1.0,1.0,1.0,1.0,700.0,52.0,700.0,52.0,0.0,1,False,1.0,1.0,68.0,45.0,692.0,31.8,False,True,False,True,False,10.0,2,False,152.0,250.0,152.0,SPOKED,SPOKED,0.0,0.0,0.0,0.0,280.0,760.0,34.9,330.0,1.0
405.0,70.0,590.0,74.2,135.0,45.0,590.0,74.2,680.0,45.0,45.0,35.0,36.5,23.35,23.35,13.0,15.0,BAMBOO,30.0,50.0,40.0,330.0,350.0,16.0,18.0,False,False,130.0,1.0,1.0,1.0,1.0,1.0,1.0,1.0,700.0,52.0,700.0,52.0,0.0,1,False,1.0,1.0,68.0,45.0,692.0,31.8,True,True,True,True,False,9.0,2,True,224.0,255.0,219.0,SPOKED,SPOKED,0.0,0.0,0.0,0.0,280.0,760.0,34.9,330.0,1.0
410.0,65.0,600.0,73.0,140.0,45.0,530.0,73.0,620.0,50.0,40.0,28.6,35.0,30.0,25.0,15.0,9.0,ALUMINIUM,35.0,40.0,45.0,330.0,350.0,16.0,18.0,False,False,135.0,2.0,0.9,1.1,0.9,1.2,1.0,0.9,672.0,50.0,672.0,50.0,0.0,2,False,1.0,1.0,70.0,44.0,0.0,34.0,True,True,True,True,True,8.0,1,False,152.0,251.0,152.0,SPOKED,SPOKED,0.0,0.0,0.0,0.0,280.0,760.0,35.0,350.0,1.0
415.0,60.0,610.0,72.0,120.0,50.0,550.0,74.0,630.0,45.0,40.0,28.6,36.0,30.0,25.0,15.0,8.0,CARBON,32.0,42.0,48.0,330.0,350.0,16.0,18.0,False,False,135.0,1.5,0.8,1.0,0.8,1.0,0.8,0.8,672.0,50.0,672.0,50.0,0.0,2,False,1.0,3.0,70.0,50.0,0.0,34.0,False,True,True,True,False,1.0,1,True,152.0,251.0,152.0,SPOKED,TRISPOKE,0.0,1.0,0.0,80.0,280.0,765.0,36.0,360.0,0.0
420.0,70.0,605.0,74.0,130.0,48.0,540.0,73.0,625.0,55.0,40.0,28.6,36.0,30.0,25.0,15.0,9.0,STEEL,33.0,41.0,46.0,330.0,350.0,16.0,18.0,True,True,135.0,2.0,1.0,1.1,0.9,1.2,1.0,0.9,680.0,58.0,680.0,58.0,0.0,1,False,1.0,1.0,70.0,45.0,0.0,34.0,True,False,True,False,True,7.0,1,True,152.0,251.0,152.0,SPOKED,DISC,0.0,0.0,0.0,0.0,285.0,770.0,36.0,350.0,1.0
412.0,63.0,595.0,73.5,125.0,47.0,545.0,74.0,635.0,50.0,40.0,28.6,35.5,30.0,25.0,15.0,9.0,TITANIUM,34.0,39.0,44.0,330.0,350.0,16.0,18.0,False,False,135.0,1.8,0.9,1.0,0.8,1.1,0.9,0.9,672.0,50.0,672.0,50.0,0.0,2,False,1.0,1.0,70.0,44.0,0.0,34.0,True,True,True,True,True,8.0,1,True,160.0,255.0,160.0,SPOKED,SPOKED,0.0,0.0,0.0,0.0,280.0,755.0,35.5,360.0,1.0
405.0,62.0,600.0,72.5,118.0,46.0,550.0,73.5,628.0,52.0,40.0,28.6,36.5,30.0,25.0,15.0,9.0,BAMBOO,30.0,40.0,45.0,330.0,350.0,16.0,18.0,False,True,135.0,3.0,0.9,1.2,1.0,1.5,1.0,1.0,680.0,58.0,680.0,58.0,0.0,2,False,1.0,2.0,70.0,45.0,0.0,34.0,False,True,True,True,False,9.0,1,False,152.0,252.0,150.0,DISC,DISC,0.0,0.0,0.0,0.0,290.0,750.0,36.5,340.0,2.0
430.0,68.0,615.0,71.5,135.0,52.0,535.0,72.5,640.0,47.0,40.0,28.6,35.0,30.0,25.0,15.0,8.0,STEEL,36.0,38.0,43.0,330.0,350.0,16.0,18.0,True,False,135.0,2.0,1.0,1.0,1.0,1.2,1.0,1.0,672.0,50.0,672.0,50.0,0.0,1,False,1.0,1.0,70.0,44.0,0.0,34.0,False,False,True,False,True,7.0,2,False,150.0,250.0,150.0,TRISPOKE,SPOKED,1.0,0.0,100.0,0.0,275.0,770.0,35.0,355.0,1.0
418.0,63.0,598.0,74.0,122.0,49.0,545.0,73.5,632.0,54.0,40.0,28.6,36.0,30.0,25.0,15.0,9.0,CARBON,31.0,42.0,47.0,330.0,350.0,16.0,18.0,False,True,135.0,1.2,0.8,1.0,0.8,1.0,0.8,0.8,672.0,50.0,672.0,50.0,0.0,2,False,1.0,3.0,70.0,50.0,0.0,34.0,True,False,False,True,False,1.0,1,True,152.0,248.0,150.0,DISC,SPOKED,0.0,0.0,0.0,0.0,285.0,760.0,36.0,360.0,0.0
407.0,65.0,605.0,73.0,128.0,48.0,540.0,74.5,635.0,50.0,40.0,28.6,35.0,30.0,25.0,15.0,9.0,TITANIUM,34.0,40.0,45.0,330.0,350.0,16.0,18.0,True,True,135.0,1.7,0.9,1.1,0.9,1.1,0.9,0.9,680.0,58.0,680.0,58.0,0.0,2,False,1.0,1.0,70.0,44.0,0.0,34.0,False,False,True,True,True,8.0,1,False,150.0,250.0,150.0,SPOKED,SPOKED,0.0,0.0,0.0,0.0,290.0,780.0,35.0,365.0,1.0
425.0,64.0,590.0,72.5,132.0,50.0,555.0,73.0,638.0,48.0,40.0,28.6,36.0,30.0,25.0,15.0,8.0,ALUMINIUM,35.0,41.0,46.0,330.0,350.0,16.0,18.0,False,False,135.0,1.8,0.9,1.0,0.9,1.2,0.9,0.9,672.0,50.0,672.0,50.0,0.0,1,False,1.0,3.0,70.0,50.0,0.0,34.0,True,True,True,False,True,9.0,1,True,152.0,253.0,150.0,SPOKED,DISC,0.0,0.0,0.0,0.0,280.0,755.0,36.0,350.0,1.0
420.0,66.0,600.0,73.0,120.0,45.0,550.0,74.0,630.0,50.0,40.0,28.6,35.5,30.0,25.0,15.0,9.0,BAMBOO,34.0,40.0,45.0,330.0,350.0,16.0,18.0,False,True,135.0,3.0,0.9,1.2,1.0,1.5,1.0,1.0,680.0,58.0,680.0,58.0,0.0,2,False,1.0,2.0,70.0,45.0,0.0,34.0,False,True,True,True,False,1.0,1,False,150.0,250.0,150.0,SPOKED,TRISPOKE,0.0,1.0,0.0,90.0,285.0,760.0,35.5,360.0,2.0
420.0,70.0,610.0,73.0,180.0,50.0,550.0,74.0,655.0,50.0,40.0,33.0,28.0,24.0,24.0,13.0,15.0,ALUMINIUM,35.0,45.0,43.0,340.0,350.0,16.0,18.0,False,False,135.0,2.0,0.9,1.1,0.9,1.2,1.0,0.9,700.0,78.0,700.0,78.0,0.0,1,False,1.0,1.0,68.0,45.0,0.0,31.8,True,False,True,True,False,1.0,1,True,152.0,255.0,152.0,SPOKED,SPOKED,0.0,0.0,0.0,0.0,280.0,720.0,34.0,350.0,1.0
430.0,65.0,600.0,72.5,200.0,55.0,560.0,73.5,650.0,48.0,45.0,32.0,29.0,25.0,25.0,14.0,15.0,ALUMINIUM,40.0,48.0,45.0,335.0,345.0,16.0,18.0,True,False,135.0,2.0,0.9,1.1,0.9,1.2,1.0,0.9,700.0,78.0,700.0,78.0,0.0,0,False,1.0,1.0,68.0,48.0,0.0,31.8,False,True,True,True,True,8.0,1,True,144.0,238.0,144.0,SPOKED,SPOKED,0.0,0.0,0.0,0.0,290.0,730.0,34.0,360.0,1.0
415.0,68.0,620.0,74.0,190.0,52.0,545.0,74.5,660.0,50.0,40.0,34.0,30.0,26.0,26.0,13.5,15.5,CARBON,38.0,46.0,42.0,342.0,348.0,16.0,18.0,True,True,135.0,2.0,0.9,1.1,0.9,1.2,1.0,0.9,680.0,52.0,680.0,52.0,0.0,2,False,1.0,3.0,68.0,45.0,0.0,33.0,True,True,True,True,True,7.0,1,True,60.0,179.0,113.0,SPOKED,SPOKED,0.0,0.0,0.0,0.0,285.0,725.0,34.0,340.0,1.0
425.0,62.0,605.0,73.5,220.0,58.0,570.0,73.0,645.0,47.0,40.0,31.5,27.5,24.5,24.5,14.0,15.0,STEEL,37.0,50.0,44.0,345.0,350.0,16.0,18.0,False,False,135.0,2.0,0.9,1.1,0.9,1.2,1.0,0.9,700.0,78.0,700.0,78.0,1.0,1,False,1.0,1.0,68.0,45.0,0.0,31.8,False,False,True,True,True,9.0,1,True,50.0,205.0,50.0,SPOKED,SPOKED,0.0,0.0,0.0,0.0,295.0,740.0,34.0,330.0,2.0
440.0,75.0,630.0,71.5,210.0,54.0,555.0,75.0,665.0,52.0,45.0,32.5,29.5,25.5,25.5,13.0,16.0,TITANIUM,42.0,49.0,46.0,338.0,348.0,16.0,18.0,False,True,135.0,2.0,0.9,1.1,0.9,1.2,1.0,0.9,690.0,68.0,690.0,68.0,0.0,2,False,1.0,1.0,68.0,44.0,0.0,30.0,True,True,True,True,False,1.0,1,True,32.0,178.0,170.0,SPOKED,SPOKED,0.0,0.0,0.0,0.0,285.0,750.0,34.0,380.0,1.0
405.0,68.0,595.0,74.0,175.0,50.0,545.0,74.0,660.0,49.0,40.0,30.0,28.0,24.0,24.0,13.0,15.0,STEEL,36.0,47.0,41.0,340.0,350.0,16.0,18.0,True,True,135.0,2.0,0.9,1.1,0.9,1.2,1.0,0.9,700.0,78.0,700.0,78.0,0.0,0,False,1.0,1.0,68.0,45.0,0.0,31.8,False,True,False,True,True,6.0,1,True,102.0,205.0,170.0,SPOKED,SPOKED,0.0,0.0,0.0,0.0,290.0,710.0,34.0,320.0,0.0
435.0,66.0,615.0,72.0,185.0,57.0,565.0,73.0,650.0,51.0,45.0,34.0,30.0,25.0,25.0,13.5,15.0,BAMBOO,45.0,49.0,47.0,337.0,349.0,16.0,18.0,False,False,135.0,2.0,0.9,1.1,0.9,1.2,1.0,0.9,680.0,52.0,680.0,52.0,1.0,1,False,1.0,1.0,68.0,45.0,0.0,32.0,True,False,True,False,True,9.0,1,False,0.0,255.0,127.0,SPOKED,SPOKED,0.0,0.0,0.0,0.0,300.0,735.0,34.0,310.0,2.0
400.0,72.0,590.0,74.5,170.0,53.0,540.0,74.5,660.0,50.0,40.0,33.5,29.5,25.0,25.0,12.5,15.0,STEEL,34.0,46.0,40.0,346.0,349.0,16.0,18.0,True,True,135.0,2.0,0.9,1.1,0.9,1.2,1.0,0.9,700.0,78.0,700.0,78.0,0.0,2,False,1.0,1.0,68.0,43.0,0.0,31.8,False,False,True,True,False,1.0,1,True,152.0,251.0,152.0,SPOKED,SPOKED,0.0,0.0,0.0,0.0,275.0,715.0,33.0,340.0,1.0
450.0,60.0,625.0,72.0,230.0,60.0,580.0,72.5,640.0,52.0,45.0,35.0,31.0,27.0,27.0,14.0,16.0,CARBON,43.0,52.0,49.0,339.0,348.0,16.0,18.0,False,False,135.0,2.0,0.9,1.1,0.9,1.2,1.0,0.9,680.0,52.0,680.0,52.0,2.0,1,False,1.0,3.0,68.0,45.0,0.0,33.0,True,True,False,False,True,10.0,1,True,46.0,139.0,87.0,SPOKED,SPOKED,0.0,0.0,0.0,0.0,290.0,745.0,34.0,370.0,1.0
460.0,68.0,605.0,73.0,195.0,56.0,565.0,73.0,655.0,49.0,40.0,32.0,28.0,24.0,24.0,13.0,15.0,ALUMINIUM,36.0,47.0,43.0,340.0,350.0,16.0,18.0,True,False,135.0,2.0,0.9,1.1,0.9,1.2,1.0,0.9,700.0,78.0,700.0,78.0,1.0,0,False,1.0,1.0,68.0,45.0,0.0,31.8,False,True,True,False,True,8.0,1,True,127.0,255.0,212.0,SPOKED,SPOKED,0.0,0.0,0.0,0.0,295.0,730.0,34.0,355.0,1.0
410.0,70.0,610.0,71.0,150.0,45.0,550.0,73.0,640.0,45.0,40.0,30.0,28.6,23.35,23.35,13.0,15.0,ALUMINIUM,35.0,45.0,5.0,330.0,350.0,16.0,18.0,True,True,135.0,2.0,0.9,1.1,0.9,1.2,1.0,0.9,680.0,60.0,680.0,60.0,1.0,0,False,1.0,1.0,68.0,45.0,0.0,31.8,False,False,True,True,False,1.0,1,True,152.0,255.0,208.0,SPOKED,SPOKED,0.0,0.0,0.0,0.0,300.0,750.0,34.9,650.0,1.0
415.0,68.0,590.0,72.0,140.0,40.0,540.0,74.0,630.0,50.0,40.0,32.0,28.6,23.35,23.35,14.0,17.0,STEEL,33.0,43.0,7.0,330.0,350.0,16.0,18.0,True,True,135.0,2.0,0.9,1.1,0.9,1.2,1.0,0.9,680.0,60.0,680.0,60.0,1.0,1,False,1.0,1.0,68.0,45.0,0.0,31.8,False,False,True,True,False,1.0,1,True,152.0,255.0,208.0,SPOKED,SPOKED,0.0,0.0,0.0,0.0,300.0,750.0,34.9,650.0,1.0
405.0,72.0,620.0,70.0,160.0,50.0,560.0,72.0,650.0,45.0,40.0,28.0,28.6,23.35,23.35,12.0,13.0,ALUMINIUM,37.0,47.0,4.0,330.0,350.0,16.0,18.0,True,True,135.0,2.0,0.9,1.1,0.9,1.2,1.0,0.9,680.0,60.0,680.0,60.0,1.0,2,False,1.0,1.0,68.0,45.0,0.0,31.8,False,False,True,True,False,1.0,1,True,152.0,255.0,208.0,SPOKED,SPOKED,0.0,0.0,0.0,0.0,300.0,750.0,34.9,650.0,1.0
420.0,70.0,600.0,71.5,155.0,42.0,545.0,73.0,645.0,50.0,40.0,30.0,28.6,23.35,23.35,13.0,16.0,CARBON,34.0,44.0,6.0,330.0,350.0,16.0,18.0,True,True,135.0,2.0,0.9,1.1,0.9,1.2,1.0,0.9,680.0,60.0,680.0,60.0,1.0,0,False,1.0,1.0,68.0,45.0,0.0,31.8,False,False,True,True,False,1.0,1,True,152.0,255.0,208.0,SPOKED,SPOKED,0.0,0.0,0.0,0.0,300.0,750.0,34.9,650.0,1.0
400.0,68.0,630.0,72.5,145.0,48.0,555.0,74.0,635.0,45.0,40.0,32.0,28.6,23.35,23.35,14.0,14.0,STEEL,36.0,46.0,8.0,330.0,350.0,16.0,18.0,True,True,135.0,2.0,0.9,1.1,0.9,1.2,1.0,0.9,680.0,60.0,680.0,60.0,1.0,1,False,1.0,1.0,68.0,45.0,0.0,31.8,False,False,True,True,False,1.0,1,True,152.0,255.0,208.0,SPOKED,SPOKED,0.0,0.0,0.0,0.0,300.0,750.0,34.9,650.0,1.0
430.0,72.0,605.0,71.0,165.0,44.0,535.0,73.5,655.0,50.0,40.0,28.0,28.6,23.35,23.35,12.0,18.0,ALUMINIUM,32.0,42.0,5.0,330.0,350.0,16.0,18.0,True,True,135.0,2.0,0.9,1.1,0.9,1.2,1.0,0.9,680.0,60.0,680.0,60.0,1.0,2,False,1.0,1.0,68.0,45.0,0.0,31.8,False,False,True,True,False,1.0,1,True,152.0,255.0,208.0,SPOKED,SPOKED,0.0,0.0,0.0,0.0,300.0,750.0,34.9,650.0,1.0
412.0,70.0,615.0,70.5,150.0,46.0,565.0,72.5,640.0,45.0,40.0,30.0,28.6,23.35,23.35,13.0,15.0,STEEL,35.0,45.0,7.0,330.0,350.0,16.0,18.0,True,True,135.0,2.0,0.9,1.1,0.9,1.2,1.0,0.9,680.0,60.0,680.0,60.0,1.0,0,False,1.0,1.0,68.0,45.0,0.0,31.8,False,False,True,True,False,1.0,1,True,152.0,255.0,208.0,SPOKED,SPOKED,0.0,0.0,0.0,0.0,300.0,750.0,34.9,650.0,1.0
418.0,68.0,595.0,72.0,158.0,41.0,550.0,74.0,648.0,50.0,40.0,32.0,28.6,23.35,23.35,14.0,17.0,CARBON,33.0,43.0,4.0,330.0,350.0,16.0,18.0,True,True,135.0,2.0,0.9,1.1,0.9,1.2,1.0,0.9,680.0,60.0,680.0,60.0,1.0,1,False,1.0,1.0,68.0,45.0,0.0,31.8,False,False,True,True,False,1.0,1,True,152.0,255.0,208.0,SPOKED,SPOKED,0.0,0.0,0.0,0.0,300.0,750.0,34.9,650.0,1.0
408.0,72.0,625.0,71.5,142.0,49.0,540.0,73.5,638.0,45.0,40.0,28.0,28.6,23.35,23.35,12.0,13.0,ALUMINIUM,37.0,47.0,6.0,330.0,350.0,16.0,18.0,True,True,135.0,2.0,0.9,1.1,0.9,1.2,1.0,0.9,680.0,60.0,680.0,60.0,1.0,2,False,1.0,1.0,68.0,45.0,0.0,31.8,False,False,True,True,False,1.0,1,True,152.0,255.0,208.0,SPOKED,SPOKED,0.0,0.0,0.0,0.0,300.0,750.0,34.9,650.0,1.0
425.0,70.0,610.0,72.0,162.0,43.0,560.0,72.0,658.0,50.0,40.0,31.0,28.6,23.35,23.35,13.0,16.0,STEEL,34.0,44.0,8.0,330.0,350.0,16.0,18.0,True,True,135.0,2.0,0.9,1.1,0.9,1.2,1.0,0.9,680.0,60.0,680.0,60.0,1.0,1,False,1.0,1.0,68.0,45.0,0.0,31.8,False,False,True,True,False,1.0,1,True,152.0,255.0,208.0,SPOKED,SPOKED,0.0,0.0,0.0,0.0,300.0,750.0,34.9,650.0,1.0
415.0,70.0,600.0,73.0,150.0,45.0,550.0,73.0,650.0,45.0,40.0,30.0,35.0,30.0,25.0,13.0,15.0,ALUMINIUM,30.0,40.0,50.0,0.0,0.0,0.0,0.0,False,False,135.0,2.0,1.0,1.0,1.2,1.0,1.0,1.0,680.0,58.0,680.0,58.0,0.0,1,False,1.0,1.0,68.0,44.0,0.0,34.9,False,True,True,True,True,8.0,1,False,152.0,255.0,152.0,SPOKED,SPOKED,0.0,0.0,0.0,0.0,280.0,938.0,35.0,350.0,1.0
420.0,72.0,610.0,72.5,160.0,45.0,560.0,73.5,660.0,42.0,40.0,30.0,35.0,30.0,25.0,13.0,15.0,ALUMINIUM,32.0,42.0,52.0,0.0,0.0,0.0,0.0,False,False,135.0,2.0,1.0,1.0,1.2,1.0,1.0,1.0,680.0,58.0,680.0,58.0,0.0,0,False,1.0,1.0,68.0,44.0,0.0,34.9,False,True,True,True,True,9.0,1,False,152.0,255.0,152.0,SPOKED,SPOKED,0.0,0.0,0.0,0.0,280.0,938.0,35.0,350.0,1.0
410.0,68.0,580.0,74.0,145.0,45.0,550.0,72.0,640.0,48.0,40.0,30.0,35.0,30.0,25.0,13.0,15.0,CARBON,28.0,38.0,48.0,0.0,0.0,0.0,0.0,False,False,135.0,2.0,1.0,1.0,1.2,1.0,1.0,1.0,680.0,58.0,680.0,58.0,0.0,1,False,1.0,1.0,68.0,44.0,0.0,34.9,False,False,False,False,True,8.0,2,True,152.0,255.0,152.0,SPOKED,SPOKED,0.0,0.0,0.0,0.0,280.0,938.0,35.0,350.0,1.0
430.0,75.0,620.0,72.0,170.0,45.0,580.0,74.0,655.0,45.0,40.0,30.0,35.0,30.0,25.0,13.0,15.0,STEEL,35.0,45.0,55.0,0.0,0.0,0.0,0.0,False,False,135.0,2.0,1.0,1.0,1.2,1.0,1.0,1.0,680.0,58.0,680.0,58.0,0.0,2,False,1.0,1.0,68.0,44.0,0.0,34.9,False,True,True,False,True,7.0,1,False,152.0,255.0,152.0,SPOKED,SPOKED,0.0,0.0,0.0,0.0,280.0,938.0,35.0,350.0,1.0
415.0,70.0,605.0,73.0,150.0,45.0,545.0,73.0,650.0,44.0,40.0,30.0,35.0,30.0,25.0,13.0,15.0,TITANIUM,30.0,40.0,50.0,0.0,0.0,0.0,0.0,False,False,135.0,2.0,1.0,1.0,1.2,1.0,1.0,1.0,680.0,58.0,680.0,58.0,0.0,1,False,1.0,1.0,68.0,44.0,0.0,34.9,True,False,False,False,True,10.0,1,True,152.0,255.0,152.0,SPOKED,SPOKED,0.0,0.0,0.0,0.0,280.0,938.0,35.0,350.0,1.0
425.0,69.0,600.0,72.0,155.0,45.0,555.0,72.5,645.0,46.0,40.0,30.0,35.0,30.0,25.0,13.0,15.0,BAMBOO,31.0,41.0,51.0,0.0,0.0,0.0,0.0,False,False,135.0,2.0,1.0,1.0,1.2,1.0,1.0,1.0,680.0,58.0,680.0,58.0,0.0,1,False,1.0,1.0,68.0,44.0,0.0,34.9,False,False,True,True,True,8.0,2,False,152.0,255.0,152.0,SPOKED,SPOKED,0.0,0.0,0.0,0.0,280.0,938.0,35.0,350.0,1.0
418.0,74.0,590.0,73.5,140.0,45.0,550.0,73.0,645.0,47.0,40.0,30.0,35.0,30.0,25.0,13.0,15.0,CARBON,29.0,39.0,49.0,0.0,0.0,0.0,0.0,False,False,135.0,2.0,1.0,1.0,1.2,1.0,1.0,1.0,680.0,58.0,680.0,58.0,0.0,1,False,1.0,1.0,68.0,44.0,0.0,34.9,False,True,False,True,True,9.0,1,True,152.0,255.0,152.0,SPOKED,SPOKED,0.0,0.0,0.0,0.0,280.0,938.0,35.0,350.0,1.0
412.0,67.0,615.0,72.5,165.0,45.0,560.0,72.0,660.0,43.0,40.0,30.0,35.0,30.0,25.0,13.0,15.0,ALUMINIUM,33.0,43.0,53.0,0.0,0.0,0.0,0.0,False,False,135.0,2.0,1.0,1.0,1.2,1.0,1.0,1.0,680.0,58.0,680.0,58.0,0.0,1,False,1.0,1.0,68.0,44.0,0.0,34.9,True,True,False,False,True,11.0,1,False,152.0,255.0,152.0,SPOKED,SPOKED,0.0,0.0,0.0,0.0,280.0,938.0,35.0,350.0,1.0
422.0,71.0,595.0,74.0,148.0,45.0,550.0,72.7,652.0,45.0,40.0,30.0,35.0,30.0,25.0,13.0,15.0,STEEL,31.0,41.0,51.0,0.0,0.0,0.0,0.0,False,False,135.0,2.0,1.0,1.0,1.2,1.0,1.0,1.0,680.0,58.0,680.0,58.0,0.0,1,False,1.0,1.0,68.0,44.0,0.0,34.9,False,True,True,False,True,8.0,2,True,152.0,255.0,152.0,SPOKED,SPOKED,0.0,0.0,0.0,0.0,280.0,938.0,35.0,350.0,1.0
430.0,66.0,585.0,73.0,142.0,45.0,545.0,73.5,648.0,48.0,40.0,30.0,35.0,30.0,25.0,13.0,15.0,CARBON,29.0,39.0,49.0,0.0,0.0,0.0,0.0,False,False,135.0,2.0,1.0,1.0,1.2,1.0,1.0,1.0,680.0,58.0,680.0,58.0,0.0,1,False,1.0,1.0,68.0,44.0,0.0,34.9,False,False,False,False,True,8.0,1,False,152.0,255.0,152.0,SPOKED,SPOKED,0.0,0.0,0.0,0.0,280.0,938.0,35.0,350.0,1.0
420.0,65.0,610.0,71.0,150.0,45.0,550.0,73.0,630.0,40.0,40.0,28.6,36.5,23.35,33.6,13.0,15.0,ALUMINIUM,30.0,30.0,40.0,330.0,350.0,16.0,18.0,False,False,130.0,2.0,0.9,1.1,0.9,1.2,1.0,0.9,680.0,52.0,680.0,52.0,1.0,1,False,1.0,1.0,68.0,45.0,0.0,31.8,False,False,True,True,True,8.0,1,False,150.0,255.0,200.0,SPOKED,SPOKED,0.0,0.0,80.0,80.0,280.0,750.0,34.9,700.0,1.0
425.0,66.0,620.0,71.5,155.0,45.0,560.0,73.2,635.0,41.0,41.0,29.0,37.0,24.0,34.0,13.0,15.0,ALUMINIUM,32.0,32.0,42.0,330.0,350.0,16.0,18.0,False,False,130.0,2.0,0.9,1.1,0.9,1.2,1.0,0.9,680.0,52.0,680.0,52.0,1.0,1,False,1.0,1.0,69.0,46.0,0.0,31.8,False,False,True,True,True,9.0,1,False,155.0,255.0,195.0,SPOKED,SPOKED,0.0,0.0,80.0,80.0,285.0,755.0,34.9,710.0,1.0
430.0,67.0,630.0,72.0,160.0,45.0,570.0,73.4,640.0,42.0,42.0,30.0,38.0,25.0,34.5,13.0,15.0,ALUMINIUM,34.0,34.0,44.0,330.0,350.0,16.0,18.0,False,False,135.0,2.0,0.9,1.1,0.9,1.2,1.0,0.9,680.0,52.0,680.0,52.0,1.0,1,False,1.0,1.0,67.0,44.0,0.0,31.8,False,False,True,True,True,10.0,1,False,160.0,255.0,190.0,SPOKED,SPOKED,0.0,0.0,80.0,80.0,290.0,760.0,34.9,720.0,1.0
435.0,68.0,640.0,72.5,165.0,45.0,580.0,73.6,645.0,43.0,43.0,31.0,39.0,26.0,35.0,13.0,15.0,ALUMINIUM,36.0,36.0,46.0,330.0,350.0,16.0,18.0,False,False,135.0,2.0,0.9,1.1,0.9,1.2,1.0,0.9,680.0,52.0,680.0,52.0,1.0,1,False,1.0,1.0,70.0,47.0,0.0,31.8,False,False,True,True,True,11.0,1,False,165.0,255.0,185.0,SPOKED,SPOKED,0.0,0.0,80.0,80.0,295.0,765.0,34.9,730.0,1.0
440.0,69.0,650.0,73.0,170.0,45.0,590.0,73.8,650.0,44.0,44.0,32.0,40.0,27.0,35.5,13.0,15.0,ALUMINIUM,38.0,38.0,48.0,330.0,350.0,16.0,18.0,False,False,130.0,2.0,0.9,1.1,0.9,1.2,1.0,0.9,680.0,52.0,680.0,52.0,1.0,1,False,1.0,1.0,71.0,48.0,0.0,31.8,False,False,True,True,True,12.0,1,False,170.0,255.0,180.0,SPOKED,SPOKED,0.0,0.0,80.0,80.0,300.0,770.0,34.9,740.0,1.0
445.0,70.0,660.0,73.5,175.0,45.0,600.0,74.0,655.0,45.0,45.0,33.0,41.0,28.0,36.0,13.0,15.0,ALUMINIUM,40.0,40.0,50.0,330.0,350.0,16.0,18.0,False,False,135.0,2.0,0.9,1.1,0.9,1.2,1.0,0.9,680.0,52.0,680.0,52.0,1.0,1,False,1.0,1.0,66.0,43.0,0.0,31.8,False,False,True,True,True,7.0,1,False,175.0,255.0,175.0,SPOKED,SPOKED,0.0,0.0,80.0,80.0,305.0,775.0,34.9,750.0,1.0
450.0,71.0,670.0,74.0,180.0,45.0,610.0,74.2,660.0,46.0,46.0,33.6,39.5,29.0,36.5,13.0,15.0,ALUMINIUM,42.0,42.0,52.0,330.0,350.0,16.0,18.0,False,False,130.0,2.0,0.9,1.1,0.9,1.2,1.0,0.9,680.0,52.0,680.0,52.0,1.0,1,False,1.0,1.0,72.0,49.0,0.0,31.8,False,False,True,True,True,6.0,1,False,180.0,255.0,170.0,SPOKED,SPOKED,0.0,0.0,80.0,80.0,310.0,780.0,34.9,760.0,1.0
455.0,72.0,680.0,74.5,185.0,45.0,620.0,74.4,665.0,47.0,47.0,34.0,40.0,30.0,37.0,13.0,15.0,ALUMINIUM,44.0,44.0,54.0,330.0,350.0,16.0,18.0,False,False,135.0,2.0,0.9,1.1,0.9,1.2,1.0,0.9,680.0,52.0,680.0,52.0,1.0,1,False,1.0,1.0,65.0,42.0,0.0,31.8,False,False,True,True,True,5.0,1,False,185.0,255.0,165.0,SPOKED,SPOKED,0.0,0.0,80.0,80.0,315.0,785.0,34.9,770.0,1.0
460.0,73.0,690.0,73.25,190.0,45.0,630.0,74.6,670.0,48.0,48.0,35.0,40.5,31.0,37.5,13.0,15.0,ALUMINIUM,46.0,46.0,56.0,330.0,350.0,16.0,18.0,False,False,130.0,2.0,0.9,1.1,0.9,1.2,1.0,0.9,680.0,52.0,680.0,52.0,1.0,1,False,1.0,1.0,73.0,50.0,0.0,31.8,False,False,True,True,True,4.0,1,False,190.0,255.0,160.0,SPOKED,SPOKED,0.0,0.0,80.0,80.0,320.0,790.0,34.9,780.0,1.0
465.0,74.0,700.0,72.75,195.0,45.0,640.0,74.8,675.0,49.0,49.0,36.0,41.0,32.0,38.0,13.0,15.0,ALUMINIUM,48.0,48.0,58.0,330.0,350.0,16.0,18.0,False,False,135.0,2.0,0.9,1.1,0.9,1.2,1.0,0.9,680.0,52.0,680.0,52.0,1.0,1,False,1.0,1.0,64.0,41.0,0.0,31.8,False,False,True,True,True,3.0,1,False,195.0,255.0,155.0,SPOKED,SPOKED,0.0,0.0,80.0,80.0,325.0,795.0,34.9,790.0,1.0
380.0,70.0,610.0,73.0,140.0,50.0,540.0,74.0,650.0,45.0,40.0,30.0,35.0,32.0,32.0,13.0,15.0,ALUMINIUM,35.0,40.0,45.0,330.0,350.0,0.0,0.0,False,False,130.0,2.0,0.9,1.1,0.9,1.2,1.0,0.9,674.0,52.0,674.0,52.0,0.0,1,False,1.0,1.0,68.0,45.0,0.0,31.8,True,True,True,True,True,9.0,1,True,152.0,255.0,152.0,SPOKED,SPOKED,0.0,0.0,80.0,80.0,278.0,760.0,34.9,780.0,1.0
400.0,70.0,620.0,73.5,145.0,52.0,548.0,74.0,655.0,45.0,40.0,31.0,35.0,32.0,32.0,13.0,15.0,STEEL,36.0,42.0,46.0,330.0,350.0,0.0,0.0,False,False,130.0,2.0,0.9,1.1,0.9,1.2,1.0,0.9,674.0,52.0,674.0,52.0,0.0,1,False,1.0,1.0,68.0,45.0,0.0,31.8,True,True,True,True,True,10.0,1,True,153.0,253.0,152.0,SPOKED,SPOKED,0.0,0.0,80.0,80.0,278.0,762.0,34.9,785.0,1.0
420.0,70.0,630.0,74.0,150.0,54.0,556.0,74.0,660.0,45.0,40.0,32.0,35.0,32.0,32.0,13.0,15.0,CARBON,37.0,44.0,47.0,330.0,350.0,0.0,0.0,False,False,130.0,2.0,0.9,1.1,0.9,1.2,1.0,0.9,674.0,52.0,674.0,52.0,0.0,1,False,1.0,1.0,68.0,45.0,0.0,31.8,True,True,True,True,True,11.0,2,True,154.0,251.0,152.0,SPOKED,SPOKED,0.0,0.0,80.0,80.0,278.0,764.0,34.9,790.0,1.0
440.0,70.0,640.0,72.5,155.0,56.0,564.0,74.0,665.0,45.0,40.0,33.0,35.0,32.0,32.0,13.0,15.0,TITANIUM,38.0,46.0,48.0,330.0,350.0,0.0,0.0,False,False,130.0,2.0,0.9,1.1,0.9,1.2,1.0,0.9,674.0,52.0,674.0,52.0,0.0,1,False,1.0,1.0,68.0,45.0,0.0,31.8,True,True,True,True,True,9.0,1,True,155.0,249.0,152.0,SPOKED,SPOKED,0.0,0.0,80.0,80.0,278.0,766.0,34.9,795.0,1.0
460.0,70.0,650.0,73.0,160.0,58.0,572.0,74.0,670.0,45.0,40.0,34.0,35.0,32.0,32.0,13.0,15.0,BAMBOO,39.0,48.0,49.0,330.0,350.0,0.0,0.0,False,False,130.0,2.0,0.9,1.1,0.9,1.2,1.0,0.9,674.0,52.0,674.0,52.0,0.0,1,False,1.0,1.0,68.0,45.0,0.0,31.8,True,True,True,True,True,10.0,1,True,156.0,247.0,152.0,SPOKED,SPOKED,0.0,0.0,80.0,80.0,278.0,768.0,34.9,800.0,1.0
480.0,70.0,660.0,73.5,165.0,60.0,580.0,74.0,675.0,45.0,40.0,35.0,35.0,32.0,32.0,13.0,15.0,OTHER,40.0,50.0,50.0,330.0,350.0,0.0,0.0,False,False,130.0,2.0,0.9,1.1,0.9,1.2,1.0,0.9,674.0,52.0,674.0,52.0,0.0,1,False,1.0,1.0,68.0,45.0,0.0,31.8,True,True,True,True,True,11.0,2,True,157.0,245.0,152.0,SPOKED,SPOKED,0.0,0.0,80.0,80.0,278.0,770.0,34.9,805.0,1.0
500.0,70.0,580.0,74.0,170.0,62.0,588.0,74.0,680.0,45.0,40.0,36.0,35.0,32.0,32.0,13.0,15.0,ALUMINIUM,41.0,52.0,51.0,330.0,350.0,0.0,0.0,False,False,130.0,2.0,0.9,1.1,0.9,1.2,1.0,0.9,674.0,52.0,674.0,52.0,0.0,1,False,1.0,1.0,68.0,45.0,0.0,31.8,True,True,True,True,True,9.0,1,True,158.0,243.0,152.0,SPOKED,SPOKED,0.0,0.0,80.0,80.0,278.0,772.0,34.9,810.0,1.0
520.0,70.0,590.0,73.0,175.0,64.0,596.0,74.0,685.0,45.0,40.0,37.0,35.0,32.0,32.0,13.0,15.0,STEEL,42.0,54.0,52.0,330.0,350.0,0.0,0.0,False,False,130.0,2.0,0.9,1.1,0.9,1.2,1.0,0.9,674.0,52.0,674.0,52.0,0.0,1,False,1.0,1.0,68.0,45.0,0.0,31.8,True,True,True,True,True,10.0,1,True,159.0,241.0,152.0,SPOKED,SPOKED,0.0,0.0,80.0,80.0,278.0,774.0,34.9,815.0,1.0
540.0,70.0,600.0,72.0,180.0,66.0,604.0,74.0,690.0,45.0,40.0,38.0,35.0,32.0,32.0,13.0,15.0,CARBON,43.0,56.0,53.0,330.0,350.0,0.0,0.0,False,False,130.0,2.0,0.9,1.1,0.9,1.2,1.0,0.9,674.0,52.0,674.0,52.0,0.0,1,False,1.0,1.0,68.0,45.0,0.0,31.8,True,True,True,True,True,11.0,2,True,160.0,239.0,152.0,SPOKED,SPOKED,0.0,0.0,80.0,80.0,278.0,776.0,34.9,820.0,1.0
560.0,70.0,620.0,73.0,185.0,68.0,612.0,74.0,695.0,45.0,40.0,39.0,35.0,32.0,32.0,13.0,15.0,TITANIUM,44.0,58.0,54.0,330.0,350.0,0.0,0.0,False,False,130.0,2.0,0.9,1.1,0.9,1.2,1.0,0.9,674.0,52.0,674.0,52.0,0.0,1,False,1.0,1.0,68.0,45.0,0.0,31.8,True,True,True,True,True,9.0,1,True,161.0,237.0,152.0,SPOKED,SPOKED,0.0,0.0,80.0,80.0,278.0,778.0,34.9,825.0,1.0
420.0,70.0,610.0,73.0,170.0,50.0,560.0,74.0,655.0,50.0,45.0,30.0,35.0,25.0,25.0,13.0,15.0,ALUMINIUM,30.0,45.0,45.0,330.0,350.0,16.0,18.0,False,False,135.0,2.0,0.9,1.1,0.9,1.2,1.0,0.9,680.0,28.0,680.0,28.0,0.0,1,False,1.0,1.0,68.0,45.0,0.0,31.8,True,False,True,True,True,8.0,1,True,152.0,255.0,152.0,DISC,SPOKED,1.0,1.0,80.0,80.0,280.0,780.0,34.9,700.0,1.0
410.0,65.0,605.0,72.5,160.0,50.0,550.0,73.0,645.0,55.0,40.0,33.0,36.0,28.0,23.0,13.0,15.0,STEEL,28.0,42.0,48.0,330.0,350.0,16.0,18.0,False,False,135.0,2.0,0.9,1.1,0.9,1.2,1.0,0.9,680.0,28.0,680.0,28.0,0.0,2,False,1.0,1.0,68.0,45.0,0.0,31.8,True,False,True,True,True,7.0,1,True,152.0,255.0,152.0,DISC,SPOKED,1.0,1.0,80.0,80.0,275.0,770.0,34.9,690.0,1.0
430.0,75.0,620.0,74.0,180.0,50.0,570.0,74.5,665.0,50.0,50.0,29.0,34.0,23.0,26.0,13.0,15.0,CARBON,32.0,48.0,43.0,330.0,350.0,16.0,18.0,False,False,135.0,2.0,0.9,1.1,0.9,1.2,1.0,0.9,680.0,28.0,680.0,28.0,0.0,1,False,1.0,3.0,68.0,45.0,0.0,31.8,True,False,True,True,True,9.0,2,True,152.0,255.0,152.0,DISC,SPOKED,1.0,1.0,80.0,80.0,285.0,790.0,34.9,710.0,1.0
405.0,60.0,600.0,71.5,150.0,50.0,540.0,72.5,635.0,45.0,45.0,32.0,35.0,27.0,24.0,13.0,15.0,BAMBOO,27.0,40.0,50.0,330.0,350.0,16.0,18.0,False,False,135.0,2.0,0.9,1.1,0.9,1.2,1.0,0.9,680.0,28.0,680.0,28.0,0.0,0,False,1.0,2.0,68.0,45.0,0.0,31.8,True,False,True,True,True,6.0,1,True,152.0,255.0,152.0,DISC,SPOKED,1.0,1.0,80.0,80.0,270.0,760.0,34.9,680.0,1.0
425.0,68.0,630.0,73.5,175.0,50.0,580.0,75.0,675.0,55.0,40.0,28.0,36.0,26.0,27.0,13.0,15.0,TITANIUM,31.0,47.0,44.0,330.0,350.0,16.0,18.0,False,False,135.0,2.0,0.9,1.1,0.9,1.2,1.0,0.9,680.0,28.0,680.0,28.0,0.0,2,False,1.0,1.0,68.0,45.0,0.0,31.8,True,False,True,True,True,10.0,2,True,152.0,255.0,152.0,DISC,SPOKED,1.0,1.0,80.0,80.0,290.0,800.0,34.9,720.0,1.0
415.0,72.0,615.0,72.0,165.0,50.0,565.0,73.5,660.0,48.0,47.0,31.0,34.0,24.0,23.0,13.0,15.0,ALUMINIUM,29.0,43.0,47.0,330.0,350.0,16.0,18.0,False,False,135.0,2.0,0.9,1.1,0.9,1.2,1.0,0.9,680.0,28.0,680.0,28.0,0.0,1,False,1.0,0.0,68.0,45.0,0.0,31.8,True,False,True,True,True,8.0,1,True,152.0,255.0,152.0,DISC,SPOKED,1.0,1.0,80.0,80.0,278.0,785.0,34.9,705.0,1.0
435.0,66.0,595.0,74.0,155.0,50.0,545.0,72.0,640.0,52.0,42.0,30.0,35.0,29.0,28.0,13.0,15.0,STEEL,26.0,41.0,49.0,330.0,350.0,16.0,18.0,False,False,135.0,2.0,0.9,1.1,0.9,1.2,1.0,0.9,680.0,28.0,680.0,28.0,0.0,0,False,1.0,1.0,68.0,45.0,0.0,31.8,True,False,True,True,True,7.0,1,True,152.0,255.0,152.0,DISC,SPOKED,1.0,1.0,80.0,80.0,268.0,755.0,34.9,675.0,1.0
422.0,69.0,625.0,73.0,168.0,50.0,575.0,74.0,670.0,46.0,48.0,29.0,36.0,22.0,22.0,13.0,15.0,CARBON,30.0,46.0,46.0,330.0,350.0,16.0,18.0,False,False,135.0,2.0,0.9,1.1,0.9,1.2,1.0,0.9,680.0,28.0,680.0,28.0,0.0,2,False,1.0,3.0,68.0,45.0,0.0,31.8,True,False,True,True,True,9.0,2,True,152.0,255.0,152.0,DISC,SPOKED,1.0,1.0,80.0,80.0,288.0,795.0,34.9,715.0,1.0
408.0,63.0,598.0,71.0,158.0,50.0,535.0,73.0,630.0,53.0,44.0,32.0,34.0,27.0,24.0,13.0,15.0,BAMBOO,28.0,44.0,50.0,330.0,350.0,16.0,18.0,False,False,135.0,2.0,0.9,1.1,0.9,1.2,1.0,0.9,680.0,28.0,680.0,28.0,0.0,1,False,1.0,1.0,68.0,45.0,0.0,31.8,True,False,True,True,True,6.0,1,True,152.0,255.0,152.0,DISC,SPOKED,1.0,1.0,80.0,80.0,265.0,750.0,34.9,670.0,1.0
418.0,67.0,618.0,74.5,172.0,50.0,555.0,75.0,658.0,49.0,41.0,30.0,35.0,25.0,26.0,13.0,15.0,OTHER,32.0,49.0,45.0,330.0,350.0,16.0,18.0,False,False,135.0,2.0,0.9,1.1,0.9,1.2,1.0,0.9,680.0,28.0,680.0,28.0,0.0,0,False,1.0,2.0,68.0,45.0,0.0,31.8,True,False,True,True,True,8.0,1,True,152.0,255.0,152.0,DISC,SPOKED,1.0,1.0,80.0,80.0,282.0,775.0,34.9,695.0,1.0
390.0,70.0,600.0,73.5,160.0,45.0,550.0,73.0,650.0,45.0,40.0,28.6,34.9,34.9,34.9,15.0,9.0,ALUMINIUM,35.0,45.0,40.0,330.0,350.0,16.0,18.0,False,False,135.0,2.0,1.2,1.2,1.2,1.0,1.0,1.2,674.0,50.0,674.0,50.0,0.0,2,False,1.0,1.0,68.0,45.0,0.0,31.8,False,False,True,True,True,8.0,2,True,152.0,255.0,152.0,DISC,SPOKED,0.0,0.0,0.0,0.0,280.0,740.0,34.9,350.0,1.0
400.0,72.0,610.0,73.0,150.0,50.0,560.0,74.0,655.0,42.0,42.0,30.0,35.0,35.0,35.0,20.0,10.0,STEEL,30.0,50.0,35.0,330.0,350.0,17.0,18.0,False,False,135.0,2.0,1.2,1.2,1.2,1.0,1.0,1.2,674.0,50.0,674.0,50.0,1.0,2,False,1.0,1.0,68.0,45.0,0.0,31.8,False,False,True,True,True,9.0,1,True,152.0,255.0,152.0,SPOKED,SPOKED,0.0,0.0,0.0,0.0,290.0,750.0,34.9,360.0,1.0
395.0,68.0,605.0,72.5,155.0,48.0,545.0,73.5,648.0,44.0,45.0,28.6,34.9,34.9,34.9,18.0,9.5,BAMBOO,32.0,47.0,38.0,330.0,350.0,16.0,18.0,False,False,135.0,2.0,1.2,1.2,1.2,1.0,1.0,1.2,674.0,52.0,674.0,52.0,0.0,1,False,1.0,1.0,68.0,45.0,0.0,31.8,False,False,True,True,True,8.0,1,True,152.0,255.0,152.0,DISC,TRISPOKE,0.0,0.0,0.0,0.0,285.0,745.0,34.9,355.0,1.0
410.0,65.0,615.0,74.0,140.0,40.0,580.0,74.5,660.0,43.0,40.0,30.0,36.0,37.0,34.0,17.0,10.0,CARBON,28.0,48.0,45.0,330.0,350.0,16.0,18.0,False,False,135.0,2.0,1.1,1.1,1.2,1.0,1.0,1.2,680.0,48.0,680.0,48.0,0.0,2,False,1.0,3.0,68.0,50.0,0.0,34.0,False,False,True,True,True,10.0,1,True,152.0,255.0,152.0,DISC,DISC,0.0,0.0,0.0,0.0,300.0,760.0,36.0,380.0,0.0
385.0,70.0,590.0,72.0,170.0,55.0,530.0,73.0,640.0,46.0,42.0,28.6,34.9,34.9,34.9,22.0,8.0,STEEL,33.0,42.0,39.0,330.0,350.0,16.0,18.0,False,False,135.0,2.0,1.2,1.2,1.2,1.0,1.0,1.2,674.0,55.0,674.0,55.0,0.0,0,False,0.0,0.0,68.0,45.0,0.0,31.8,False,True,True,True,True,7.0,1,True,152.0,255.0,152.0,SPOKED,SPOKED,0.0,0.0,0.0,0.0,270.0,730.0,34.9,340.0,2.0
420.0,60.0,620.0,71.0,180.0,60.0,600.0,72.0,670.0,40.0,35.0,33.6,36.5,37.5,36.5,16.0,9.0,ALUMINIUM,40.0,55.0,48.0,330.0,350.0,16.0,18.0,False,False,135.0,2.0,1.0,1.0,1.2,1.0,1.0,1.2,680.0,50.0,680.0,50.0,1.0,1,False,1.0,1.0,68.0,48.0,0.0,34.0,False,False,True,True,True,9.0,2,True,152.0,255.0,152.0,SPOKED,TRISPOKE,1.0,1.0,5.0,5.0,295.0,765.0,36.5,370.0,1.0
430.0,68.0,605.0,72.0,165.0,50.0,565.0,73.5,660.0,45.0,40.0,28.6,34.9,34.9,34.9,20.0,9.0,BAMBOO,37.0,52.0,42.0,330.0,350.0,16.0,18.0,False,False,135.0,2.0,1.2,1.2,1.2,1.0,1.0,1.2,674.0,50.0,674.0,50.0,0.0,2,False,1.0,2.0,68.0,45.0,0.0,31.8,False,True,True,True,True,10.0,2,True,152.0,255.0,152.0,DISC,SPOKED,0.0,0.0,0.0,0.0,290.0,760.0,34.9,360.0,1.0
395.0,75.0,595.0,71.5,145.0,40.0,540.0,72.5,645.0,46.0,42.0,28.6,34.9,34.9,34.9,15.0,8.0,STEEL,30.0,45.0,35.0,330.0,350.0,16.0,18.0,False,False,135.0,2.0,1.2,1.2,1.2,1.0,1.0,1.2,674.0,60.0,674.0,60.0,2.0,2,False,1.0,1.0,68.0,45.0,0.0,31.8,False,False,True,True,True,8.0,2,True,152.0,255.0,152.0,TRISPOKE,SPOKED,1.0,2.0,4.0,4.5,280.0,735.0,34.9,350.0,1.0
405.0,68.0,610.0,72.0,150.0,50.0,560.0,73.0,650.0,44.0,40.0,34.0,34.9,34.9,34.9,20.0,9.0,ALUMINIUM,32.0,50.0,40.0,330.0,350.0,16.0,18.0,False,False,135.0,2.0,1.2,1.2,1.2,1.0,1.0,1.2,674.0,50.0,674.0,50.0,0.0,2,False,1.0,1.0,68.0,45.0,0.0,31.8,False,True,True,True,True,9.0,1,True,152.0,255.0,152.0,DISC,DISC,0.0,0.0,0.0,0.0,285.0,750.0,34.9,360.0,1.0
415.0,70.0,600.0,73.5,155.0,52.0,558.0,74.0,655.0,43.0,42.0,30.0,35.0,35.0,35.0,18.0,9.0,STEEL,34.0,51.0,42.0,330.0,350.0,16.0,18.0,False,False,135.0,2.0,1.2,1.2,1.2,1.0,1.0,1.2,680.0,50.0,680.0,50.0,0.0,2,False,1.0,1.0,68.0,45.0,0.0,31.8,False,False,True,True,True,8.0,1,True,152.0,255.0,152.0,SPOKED,SPOKED,0.0,0.0,0.0,0.0,280.0,740.0,34.9,355.0,1.0
420.0,60.0,550.0,72.0,140.0,45.0,580.0,73.0,580.0,50.0,40.0,28.6,40.0,30.0,30.0,15.0,9.0,ALUMINIUM,25.0,50.0,45.0,330.0,330.0,18.0,18.0,False,False,135.0,2.0,1.2,1.5,1.4,1.0,1.0,1.8,700.0,23.0,700.0,23.0,0.0,1,False,1.0,1.0,70.0,50.0,0.0,31.6,True,True,True,True,True,9.0,1,True,152.0,251.0,152.0,SPOKED,SPOKED,0.0,0.0,0.0,0.0,280.0,760.0,34.9,350.0,1.0
430.0,65.0,530.0,71.0,160.0,50.0,600.0,74.0,600.0,55.0,40.0,32.0,35.0,30.0,30.0,16.0,9.0,STEEL,30.0,55.0,50.0,330.0,330.0,0.0,0.0,False,False,135.0,2.2,1.5,1.7,1.6,1.2,1.2,1.8,700.0,25.0,700.0,25.0,1.0,2,False,1.0,1.0,80.0,50.0,0.0,34.9,True,True,True,True,True,10.0,2,True,152.0,251.0,152.0,DISC,SPOKED,0.0,0.0,0.0,0.0,290.0,750.0,35.0,340.0,1.0
415.0,55.0,560.0,73.0,120.0,40.0,570.0,74.0,580.0,45.0,40.0,30.0,38.0,30.0,30.0,14.0,9.0,CARBON,20.0,45.0,40.0,0.0,0.0,0.0,0.0,False,False,135.0,1.8,1.0,1.2,1.3,0.8,0.8,1.0,700.0,22.0,700.0,22.0,0.0,0,False,1.0,3.0,60.0,44.0,0.0,27.2,False,True,False,False,True,11.0,1,True,152.0,251.0,152.0,SPOKED,SPOKED,0.0,0.0,0.0,0.0,300.0,750.0,50.0,380.0,1.0
425.0,50.0,540.0,72.5,150.0,48.0,575.0,73.5,590.0,50.0,40.0,32.0,40.0,30.0,30.0,15.0,9.0,TITANIUM,28.0,50.0,45.0,330.0,330.0,18.0,18.0,True,True,135.0,1.8,1.2,1.5,1.4,1.0,1.0,1.5,700.0,24.0,700.0,24.0,0.0,1,False,1.0,2.0,65.0,50.0,0.0,31.6,True,True,True,True,True,9.0,2,True,152.0,251.0,152.0,SPOKED,DISC,0.0,0.0,0.0,0.0,285.0,740.0,35.0,360.0,1.0
435.0,55.0,565.0,70.0,130.0,40.0,590.0,74.0,610.0,45.0,40.0,34.0,45.0,35.0,35.0,15.0,10.0,BAMBOO,22.0,48.0,42.0,0.0,0.0,0.0,0.0,False,False,135.0,2.0,1.5,1.8,1.7,1.2,1.2,2.0,700.0,30.0,700.0,30.0,1.0,2,False,1.0,0.0,70.0,44.0,0.0,28.6,False,True,True,True,True,12.0,1,True,152.0,251.0,152.0,SPOKED,SPOKED,0.0,0.0,0.0,0.0,270.0,780.0,45.0,380.0,1.0
410.0,60.0,520.0,73.5,140.0,45.0,560.0,71.0,580.0,50.0,40.0,28.0,40.0,30.0,30.0,16.0,8.0,ALUMINIUM,24.0,52.0,43.0,330.0,330.0,16.0,16.0,True,True,130.0,2.0,1.2,1.5,1.4,1.0,1.0,1.8,700.0,25.0,700.0,25.0,0.0,0,False,1.0,1.0,68.0,45.0,0.0,31.6,True,False,False,False,True,8.0,2,False,144.0,235.0,131.0,SPOKED,SPOKED,0.0,0.0,0.0,0.0,278.0,710.0,40.0,340.0,1.0
400.0,62.0,545.0,74.0,130.0,50.0,570.0,73.0,590.0,50.0,40.0,30.0,40.0,30.0,30.0,15.0,9.0,CARBON,23.0,47.0,42.0,0.0,0.0,0.0,0.0,False,False,135.0,1.6,1.0,1.2,1.3,1.0,1.0,1.0,700.0,22.0,700.0,22.0,0.0,1,False,1.0,1.0,66.0,50.0,0.0,28.6,True,True,True,True,True,10.0,1,True,130.0,245.0,150.0,DISC,DISC,0.0,0.0,0.0,0.0,275.0,755.0,40.0,370.0,1.0
445.0,58.0,560.0,70.0,155.0,45.0,580.0,75.0,620.0,50.0,40.0,32.0,40.0,30.0,30.0,15.0,9.0,STEEL,27.0,53.0,46.0,330.0,330.0,18.0,18.0,True,True,135.0,2.0,1.5,1.7,1.6,1.2,1.2,1.8,700.0,24.0,700.0,24.0,0.0,2,False,1.0,1.0,70.0,50.0,0.0,31.6,True,True,True,True,True,11.0,2,True,120.0,240.0,140.0,SPOKED,SPOKED,0.0,0.0,0.0,0.0,285.0,765.0,40.0,360.0,1.0
418.0,60.0,525.0,72.0,132.0,48.0,565.0,74.0,585.0,50.0,40.0,28.6,40.0,30.0,30.0,14.0,9.0,ALUMINIUM,25.0,49.0,44.0,0.0,0.0,0.0,0.0,False,False,130.0,2.0,1.2,1.5,1.4,1.0,1.0,1.8,700.0,25.0,700.0,25.0,1.0,1,False,1.0,1.0,68.0,45.0,0.0,31.6,False,True,False,False,True,9.0,1,False,160.0,240.0,140.0,DISC,SPOKED,0.0,0.0,0.0,0.0,278.0,760.0,38.0,350.0,1.0
405.0,65.0,555.0,73.0,145.0,47.0,590.0,73.0,605.0,52.0,40.0,30.0,45.0,30.0,30.0,15.0,9.0,OTHER,26.0,51.0,43.0,330.0,330.0,17.0,17.0,True,True,135.0,1.8,1.2,1.5,1.4,1.0,1.0,1.8,700.0,23.0,700.0,23.0,0.0,2,False,1.0,1.0,70.0,50.0,0.0,31.6,True,True,True,True,True,12.0,1,True,150.0,245.0,145.0,SPOKED,DISC,0.0,0.0,0.0,0.0,290.0,770.0,45.0,370.0,1.0
405.0,65.0,615.0,73.0,150.0,45.0,580.0,73.0,640.0,50.0,45.0,35.0,35.0,28.0,28.0,16.0,15.0,ALUMINIUM,25.0,45.0,45.0,330.0,350.0,16.0,18.0,False,False,130.0,2.0,1.0,1.0,1.0,1.0,1.0,1.0,700.0,52.0,700.0,52.0,0.0,1,False,1.0,1.0,68.0,45.0,0.0,35,True,True,True,True,False,1.0,1,True,152.0,255.0,152,SPOKED,SPOKED,0.0,0.0,0.0,0.0,280.0,720.0,34.9,400.0,1.0
395.0,60.0,610.0,74.0,140.0,50.0,550.0,72.0,630.0,48.0,50.0,30.0,30.0,26.0,26.0,17.0,16.0,CARBON,23.0,43.0,43.0,330.0,350.0,15.0,17.0,False,False,135.0,2.0,1.5,1.5,1.5,1.5,1.5,1.5,680.0,50.0,680.0,50.0,0.0,1,False,1.0,1.0,70.0,50.0,0.0,30,True,True,True,True,False,7.0,1,True,144.0,238.0,144,SPOKED,SPOKED,0.0,0.0,0.0,0.0,290.0,730.0,34.9,420.0,1.0
420.0,70.0,625.0,72.0,160.0,40.0,600.0,74.0,650.0,52.0,50.0,36.0,36.0,30.0,30.0,15.0,15.0,STEEL,26.0,46.0,46.0,330.0,350.0,17.0,19.0,False,False,130.0,2.0,1.0,1.0,1.0,1.0,1.0,1.0,690.0,60.0,690.0,60.0,0.0,2,False,1.0,2.0,68.0,45.0,0.0,36,True,True,True,True,False,1.0,1,True,152.0,255.0,152,SPOKED,SPOKED,0.0,0.0,0.0,0.0,270.0,740.0,34.9,450.0,1.0
380.0,55.0,605.0,75.0,130.0,60.0,520.0,71.0,620.0,45.0,45.0,32.0,32.0,27.0,27.0,16.0,14.0,BAMBOO,20.0,40.0,40.0,330.0,350.0,16.0,18.0,False,False,135.0,2.0,1.2,1.2,1.2,1.2,1.2,1.2,710.0,55.0,710.0,55.0,1.0,1,False,1.0,1.0,68.0,48.0,0.0,32,True,False,True,False,False,9.0,1,True,152.0,255.0,180,SPOKED,SPOKED,0.0,0.0,0.0,0.0,300.0,720.0,34.9,320.0,1.0
430.0,60.0,630.0,71.0,120.0,55.0,560.0,75.0,660.0,50.0,50.0,34.0,34.0,29.0,29.0,18.0,17.0,TITANIUM,22.0,42.0,42.0,330.0,350.0,18.0,20.0,False,False,130.0,1.5,1.2,1.2,1.2,1.0,1.0,1.2,700.0,65.0,700.0,65.0,0.0,0,False,1.0,1.0,68.0,46.0,0.0,34,True,True,True,True,False,3.0,1,True,100.0,250.0,200,SPOKED,SPOKED,0.0,0.0,0.0,0.0,285.0,750.0,34.9,500.0,1.0
395.0,62.0,620.0,74.0,165.0,42.0,590.0,74.0,660.0,50.0,50.0,36.0,36.0,30.0,30.0,16.0,16.0,STEEL,27.0,47.0,47.0,330.0,350.0,16.0,19.0,False,False,130.0,2.0,1.0,1.0,1.0,1.0,1.0,1.0,690.0,60.0,690.0,60.0,0.0,2,False,1.0,2.0,68.0,48.0,0.0,36,True,True,True,True,False,6.0,1,True,144.0,238.0,144,SPOKED,SPOKED,0.0,0.0,0.0,0.0,280.0,720.0,34.9,460.0,1.0
390.0,59.0,602.0,75.0,125.0,52.0,555.0,72.0,635.0,47.0,45.0,32.0,32.0,28.0,28.0,16.0,15.0,CARBON,22.0,42.0,42.0,330.0,350.0,16.0,17.0,False,False,135.0,1.5,1.0,1.0,1.0,1.0,1.0,1.0,705.0,56.0,705.0,56.0,0.0,0,False,1.0,1.0,70.0,44.0,0.0,34,False,True,True,True,False,4.0,1,True,152.0,255.0,152,SPOKED,SPOKED,0.0,0.0,0.0,0.0,285.0,725.0,34.9,420.0,1.0
400.0,60.0,580.0,70.0,140.0,45.0,520.0,73.0,630.0,45.0,40.0,28.6,36.5,23.35,23.35,15.0,9.0,ALUMINIUM,40.0,50.0,45.0,0.0,0.0,16.0,18.0,False,False,130.0,2.0,0.9,1.1,0.9,1.2,1.0,0.9,674.0,52.0,674.0,52.0,1.0,0,False,1.0,1.0,68.0,45.0,0.0,31.8,False,True,True,True,False,8.0,1,True,152.0,255.0,152,SPOKED,SPOKED,0.0,0.0,0.0,0.0,278.0,680.0,34.9,300.0,1.0
405.0,65.0,590.0,71.0,145.0,45.0,525.0,73.5,635.0,45.0,40.0,28.6,36.5,23.35,23.35,15.0,9.0,ALUMINIUM,42.0,50.0,47.0,0.0,0.0,16.0,18.0,False,False,130.0,2.0,0.9,1.1,0.9,1.2,1.0,0.9,674.0,52.0,674.0,52.0,1.0,1,False,1.0,1.0,68.0,45.0,0.0,31.8,False,True,True,True,False,8.0,1,True,152.0,255.0,152,SPOKED,SPOKED,0.0,0.0,0.0,0.0,278.0,680.0,34.9,300.0,1.0
410.0,70.0,600.0,72.0,150.0,45.0,530.0,74.0,640.0,45.0,40.0,28.6,36.5,23.35,23.35,15.0,9.0,STEEL,44.0,50.0,49.0,0.0,0.0,16.0,18.0,False,False,130.0,2.0,0.9,1.1,0.9,1.2,1.0,0.9,674.0,52.0,674.0,52.0,1.0,2,False,1.0,1.0,68.0,45.0,0.0,31.8,False,True,True,True,False,8.0,1,True,152.0,255.0,152,SPOKED,SPOKED,0.0,0.0,0.0,0.0,278.0,680.0,34.9,300.0,1.0
415.0,75.0,610.0,73.0,155.0,45.0,535.0,74.5,645.0,45.0,40.0,28.6,36.5,23.35,23.35,15.0,9.0,CARBON,46.0,50.0,51.0,0.0,0.0,16.0,18.0,False,False,130.0,2.0,0.9,1.1,0.9,1.2,1.0,0.9,674.0,52.0,674.0,52.0,1.0,0,False,1.0,1.0,68.0,45.0,0.0,31.8,False,True,True,True,False,8.0,1,True,152.0,255.0,152,SPOKED,SPOKED,0.0,0.0,0.0,0.0,278.0,680.0,34.9,300.0,1.0
420.0,80.0,620.0,74.0,160.0,45.0,540.0,75.0,650.0,45.0,40.0,28.6,36.5,23.35,23.35,15.0,9.0,TITANIUM,48.0,50.0,53.0,0.0,0.0,16.0,18.0,False,False,130.0,2.0,0.9,1.1,0.9,1.2,1.0,0.9,674.0,52.0,674.0,52.0,1.0,1,False,1.0,1.0,68.0,45.0,0.0,31.8,False,True,True,True,False,8.0,1,True,152.0,255.0,152,SPOKED,SPOKED,0.0,0.0,0.0,0.0,278.0,680.0,34.9,300.0,1.0
395.0,55.0,570.0,70.5,165.0,45.0,545.0,73.0,655.0,45.0,40.0,28.6,36.5,23.35,23.35,15.0,9.0,STEEL,50.0,50.0,55.0,0.0,0.0,16.0,18.0,False,False,130.0,2.0,0.9,1.1,0.9,1.2,1.0,0.9,674.0,52.0,674.0,52.0,1.0,2,False,1.0,1.0,68.0,45.0,0.0,31.8,False,True,True,True,False,8.0,1,True,152.0,255.0,152,SPOKED,SPOKED,0.0,0.0,0.0,0.0,278.0,680.0,34.9,300.0,1.0
385.0,62.0,585.0,71.5,170.0,45.0,550.0,73.5,660.0,45.0,40.0,28.6,36.5,23.35,23.35,15.0,9.0,ALUMINIUM,45.0,50.0,52.0,0.0,0.0,16.0,18.0,False,False,130.0,2.0,0.9,1.1,0.9,1.2,1.0,0.9,674.0,52.0,674.0,52.0,1.0,0,False,1.0,1.0,68.0,45.0,0.0,31.8,False,True,True,True,False,8.0,1,True,152.0,255.0,152,SPOKED,SPOKED,0.0,0.0,0.0,0.0,278.0,680.0,34.9,300.0,1.0
430.0,68.0,605.0,72.5,175.0,45.0,555.0,74.0,625.0,45.0,40.0,28.6,36.5,23.35,23.35,15.0,9.0,ALUMINIUM,43.0,50.0,50.0,0.0,0.0,16.0,18.0,False,False,130.0,2.0,0.9,1.1,0.9,1.2,1.0,0.9,674.0,52.0,674.0,52.0,1.0,1,False,1.0,1.0,68.0,45.0,0.0,31.8,False,True,True,True,False,8.0,1,True,152.0,255.0,152,SPOKED,SPOKED,0.0,0.0,0.0,0.0,278.0,680.0,34.9,300.0,1.0
435.0,72.0,615.0,73.5,180.0,45.0,560.0,74.5,620.0,45.0,40.0,28.6,36.5,23.35,23.35,15.0,9.0,STEEL,41.0,50.0,48.0,0.0,0.0,16.0,18.0,False,False,130.0,2.0,0.9,1.1,0.9,1.2,1.0,0.9,674.0,52.0,674.0,52.0,1.0,2,False,1.0,1.0,68.0,45.0,0.0,31.8,False,True,True,True,False,8.0,1,True,152.0,255.0,152,SPOKED,SPOKED,0.0,0.0,0.0,0.0,278.0,680.0,34.9,300.0,1.0
445.0,77.0,630.0,74.5,185.0,45.0,565.0,75.0,615.0,45.0,40.0,28.6,36.5,23.35,23.35,15.0,9.0,CARBON,39.0,50.0,46.0,0.0,0.0,16.0,18.0,False,False,130.0,2.0,0.9,1.1,0.9,1.2,1.0,0.9,674.0,52.0,674.0,52.0,1.0,0,False,1.0,1.0,68.0,45.0,0.0,31.8,False,True,True,True,False,8.0,1,True,152.0,255.0,152,SPOKED,SPOKED,0.0,0.0,0.0,0.0,278.0,680.0,34.9,300.0,1.0
405.0,65.0,600.0,73.0,150.0,40.0,560.0,73.5,650.0,45.0,47.0,32.0,38.0,24.0,14.0,14.0,15.0,ALUMINIUM,35.0,45.0,42.0,330.0,350.0,16.0,18.0,False,False,135.0,2.0,0.9,1.1,0.9,1.2,1.0,0.9,670.0,52.0,670.0,52.0,0.0,1,False,1.0,1.0,68.0,45.0,675.0,31.8,True,True,True,True,False,9.0,2,True,152.0,255.0,152,SPOKED,SPOKED,1.0,1.0,80.0,80.0,280.0,750.0,34.9,300.0,1.0
420.0,60.0,620.0,72.5,160.0,50.0,570.0,74.0,660.0,50.0,45.0,33.6,39.0,23.35,15.0,14.5,15.0,CARBON,36.0,48.0,44.0,330.0,350.0,16.0,18.0,False,False,135.0,2.0,0.9,1.1,0.9,1.2,1.0,0.9,680.0,50.0,680.0,50.0,0.0,2,True,1.0,3.0,70.0,48.0,680.0,31.8,True,True,True,True,True,10.0,1,True,152.0,255.0,152,TRISPOKE,SPOKED,1.0,0.0,100.0,80.0,290.0,760.0,34.9,320.0,1.0
400.0,67.0,610.0,73.5,140.0,45.0,555.0,73.5,655.0,45.0,47.0,30.0,38.0,23.35,13.0,14.0,15.0,STEEL,33.0,45.0,42.0,330.0,350.0,16.0,18.0,False,False,130.0,2.0,0.9,1.1,0.9,1.2,1.0,0.9,670.0,52.0,670.0,52.0,1.0,1,False,1.0,0.0,68.0,45.0,678.0,31.8,False,True,True,True,False,7.0,3,False,0.0,255.0,152,DISC,DISC,0.0,0.0,0.0,0.0,285.0,755.0,34.9,310.0,0.0
390.0,70.0,620.0,74.0,130.0,60.0,580.0,74.0,660.0,47.0,46.0,32.0,37.0,23.35,14.0,14.8,15.0,BAMBOO,34.0,50.0,44.0,330.0,350.0,16.0,18.0,False,False,135.0,2.0,0.9,1.1,0.9,1.2,1.0,0.9,680.0,52.0,680.0,52.0,1.0,0,False,1.0,1.0,68.0,46.0,680.0,32.0,True,True,False,True,False,9.0,2,True,152.0,255.0,200,TRISPOKE,SPOKED,1.0,0.0,80.0,0.0,280.0,745.0,34.9,305.0,2.0
415.0,63.0,605.0,72.0,155.0,55.0,565.0,73.0,645.0,44.0,45.0,30.0,36.0,23.35,13.0,14.0,16.0,TITANIUM,37.0,47.0,43.0,330.0,350.0,16.0,18.0,False,True,132.0,2.0,0.9,1.1,0.9,1.2,1.0,0.9,665.0,50.0,665.0,50.0,0.0,1,True,0.0,0.0,66.0,44.0,670.0,30.0,True,False,False,False,True,10.0,2,False,152.0,245.0,152,SPOKED,TRISPOKE,0.0,1.0,0.0,80.0,275.0,740.0,34.9,295.0,1.0
430.0,68.0,590.0,73.0,120.0,35.0,550.0,74.0,630.0,46.0,45.0,28.6,36.5,23.35,13.5,13.8,15.0,ALUMINIUM,32.0,42.0,40.0,330.0,350.0,16.0,18.0,True,True,130.0,2.0,0.9,1.1,0.9,1.2,1.0,0.9,670.0,52.0,670.0,52.0,2.0,2,False,1.0,1.0,69.0,45.0,675.0,31.0,True,False,True,False,True,8.0,3,True,100.0,255.0,200,DISC,SPOKED,0.0,0.0,0.0,0.0,285.0,730.0,34.9,300.0,1.0
395.0,62.0,615.0,72.5,165.0,60.0,575.0,73.5,670.0,42.0,45.0,33.6,36.0,23.35,15.0,14.7,16.0,CARBON,38.0,53.0,46.0,330.0,350.0,16.0,18.0,False,False,135.0,2.0,0.9,1.1,0.9,1.2,1.0,0.9,680.0,54.0,680.0,54.0,2.0,0,True,2.0,0.0,70.0,50.0,685.0,32.0,True,True,False,False,True,11.0,1,False,50.0,205.0,50,SPOKED,DISC,1.0,0.0,80.0,0.0,290.0,765.0,34.9,310.0,0.0
410.0,66.0,605.0,74.0,145.0,48.0,560.0,74.0,660.0,45.0,47.0,31.8,38.0,23.35,14.0,14.2,15.0,STEEL,36.0,48.0,44.0,330.0,350.0,16.0,18.0,False,False,132.0,2.0,0.9,1.1,0.9,1.2,1.0,0.9,675.0,53.0,675.0,53.0,1.0,1,False,1.0,1.0,67.0,46.0,680.0,31.8,False,True,True,True,True,7.0,3,True,152.0,255.0,152,SPOKED,SPOKED,0.0,0.0,0.0,0.0,295.0,755.0,34.9,300.0,2.0
395.0,65.0,595.0,73.0,150.0,50.0,555.0,73.5,650.0,48.0,45.0,30.0,36.0,23.35,15.0,14.3,15.0,BAMBOO,35.0,47.0,43.0,330.0,350.0,16.0,18.0,False,True,130.0,2.0,0.9,1.1,0.9,1.2,1.0,0.9,670.0,51.0,670.0,51.0,0.0,2,False,0.0,0.0,68.0,45.0,672.0,31.8,False,False,False,False,False,8.0,2,False,152.0,200.0,255,TRISPOKE,TRISPOKE,1.0,1.0,80.0,80.0,280.0,720.0,34.9,300.0,1.0
425.0,64.0,605.0,73.5,155.0,55.0,565.0,74.0,655.0,47.0,47.0,32.0,39.0,23.35,14.5,14.0,15.0,ALUMINIUM,37.0,49.0,45.0,330.0,350.0,16.0,18.0,False,False,132.0,2.0,0.9,1.1,0.9,1.2,1.0,0.9,680.0,55.0,680.0,55.0,1.0,1,False,2.0,2.0,68.0,47.0,680.0,31.8,True,False,True,False,True,9.0,3,True,100.0,200.0,100,SPOKED,DISC,0.0,1.0,0.0,80.0,290.0,740.0,34.9,310.0,2.0
400.0,60.0,620.0,73.0,160.0,45.0,580.0,73.0,640.0,45.0,40.0,28.6,36.5,23.35,23.35,13.0,15.0,ALUMINIUM,30.0,35.0,45.0,330.0,350.0,16.0,18.0,False,False,135.0,2.0,0.9,1.1,0.9,1.2,1.0,0.9,674.0,52.0,674.0,52.0,0.0,2,False,1.0,1.0,68.0,45.0,31.8,31.8,False,False,True,True,True,8.0,1,True,152.0,255.0,152,SPOKED,SPOKED,0.0,0.0,80.0,80.0,278.0,760.0,34.9,300.0,1.0
420.0,55.0,610.0,74.0,150.0,50.0,570.0,72.5,650.0,50.0,42.0,28.6,36.5,23.35,23.35,14.0,16.0,CARBON,32.0,36.0,44.0,335.0,350.0,17.0,18.0,True,False,135.0,2.0,0.9,1.1,0.9,1.2,1.0,0.9,674.0,52.0,674.0,52.0,0.0,2,False,1.0,1.0,68.0,45.0,31.8,31.8,True,False,True,True,True,9.0,1,True,152.0,255.0,152,TRISPOKE,SPOKED,1.0,0.0,50.0,80.0,280.0,750.0,34.9,300.0,1.0
400.0,65.0,630.0,73.5,170.0,47.0,590.0,74.0,630.0,45.0,40.0,28.6,36.5,23.35,23.35,13.5,15.5,STEEL,31.0,37.0,43.0,330.0,350.0,16.0,18.0,False,False,130.0,2.0,0.9,1.1,0.9,1.2,1.0,0.9,674.0,52.0,674.0,52.0,0.0,1,False,1.0,1.0,68.0,45.0,31.8,31.8,False,False,True,True,True,7.0,1,True,152.0,255.0,152,SPOKED,SPOKED,0.0,0.0,80.0,80.0,280.0,770.0,34.9,320.0,2.0
410.0,60.0,615.0,72.0,155.0,46.0,600.0,73.5,645.0,45.0,38.0,28.6,36.5,23.35,23.35,13.2,15.2,BAMBOO,29.0,34.0,46.0,332.0,350.0,16.0,18.0,False,False,135.0,2.0,0.9,1.1,0.9,1.2,1.0,0.9,674.0,52.0,674.0,52.0,0.0,0,False,1.0,1.0,70.0,46.0,32.0,32.0,False,True,True,True,True,8.0,1,True,152.0,255.0,152,SPOKED,SPOKED,0.0,0.0,80.0,80.0,300.0,750.0,34.9,300.0,0.0
405.0,58.0,600.0,75.0,140.0,44.0,580.0,74.5,635.0,40.0,40.0,28.6,36.5,23.35,23.35,13.3,15.3,TITANIUM,28.0,33.0,48.0,331.0,350.0,16.0,18.0,False,False,135.0,2.0,0.9,1.1,0.9,1.2,1.0,0.9,674.0,52.0,674.0,52.0,0.0,2,False,1.0,1.0,68.0,45.0,31.8,31.8,True,False,True,True,True,8.0,2,True,152.0,255.0,152,SPOKED,SPOKED,0.0,0.0,80.0,80.0,290.0,745.0,34.9,310.0,2.0
430.0,65.0,650.0,74.0,180.0,48.0,620.0,72.0,660.0,48.0,42.0,28.6,36.5,23.35,23.35,14.5,16.5,CARBON,34.0,38.0,45.0,338.0,350.0,17.0,18.0,False,False,135.0,2.0,0.9,1.1,0.9,1.2,1.0,0.9,674.0,52.0,674.0,52.0,0.0,2,False,1.0,1.0,68.0,45.0,31.8,31.8,True,True,True,True,True,10.0,1,True,152.0,255.0,152,SPOKED,SPOKED,0.0,0.0,80.0,80.0,300.0,780.0,34.9,320.0,1.0
395.0,62.0,610.0,72.5,175.0,45.0,595.0,73.0,620.0,43.0,40.0,28.6,36.5,23.35,23.35,13.8,15.8,STEEL,35.0,37.0,47.0,335.0,350.0,16.0,18.0,False,False,130.0,2.0,0.9,1.1,0.9,1.2,1.0,0.9,674.0,52.0,674.0,52.0,0.0,1,False,1.0,1.0,68.0,45.0,31.8,31.8,False,False,True,True,True,7.0,1,True,152.0,255.0,152,SPOKED,SPOKED,0.0,0.0,80.0,80.0,285.0,755.0,34.9,300.0,2.0
415.0,60.0,605.0,73.0,165.0,44.0,590.0,74.5,640.0,45.0,40.0,28.6,36.5,23.35,23.35,14.0,15.0,ALUMINIUM,30.0,35.0,44.0,333.0,350.0,16.0,18.0,False,False,135.0,2.0,0.9,1.1,0.9,1.2,1.0,0.9,674.0,52.0,674.0,52.0,0.0,2,False,1.0,1.0,68.0,45.0,31.8,31.8,False,False,True,True,True,8.0,1,True,152.0,255.0,152,SPOKED,SPOKED,0.0,0.0,80.0,80.0,278.0,770.0,34.9,310.0,1.0
405.0,62.0,630.0,74.5,155.0,46.0,600.0,73.5,650.0,50.0,40.0,28.6,36.5,23.35,23.35,14.2,15.2,ALUMINIUM,33.0,37.0,44.0,336.0,350.0,16.0,18.0,False,False,135.0,2.0,0.9,1.1,0.9,1.2,1.0,0.9,674.0,52.0,674.0,52.0,0.0,2,False,1.0,1.0,68.0,45.0,31.8,31.8,True,True,True,True,True,9.0,1,True,152.0,255.0,152,SPOKED,SPOKED,0.0,0.0,80.0,80.0,292.0,765.0,34.9,305.0,1.0
425.0,59.0,625.0,73.2,158.0,45.0,585.0,74.2,638.0,47.0,40.0,28.6,36.5,23.35,23.35,13.7,15.7,ALUMINIUM,31.0,36.5,43.5,334.0,350.0,16.0,18.0,False,False,135.0,2.0,0.9,1.1,0.9,1.2,1.0,0.9,674.0,52.0,674.0,52.0,0.0,2,False,1.0,1.0,68.0,45.0,31.8,31.8,False,False,True,True,True,8.0,1,True,152.0,255.0,152,SPOKED,SPOKED,0.0,0.0,80.0,80.0,285.0,760.0,34.9,300.0,1.0
410.0,70.0,600.0,73.0,160.0,50.0,600.0,73.0,650.0,55.0,45.0,28.6,36.5,36.5,23.35,13.0,15.0,ALUMINIUM,34.0,45.0,44.0,330.0,350.0,16.0,18.0,False,False,135.0,2.0,0.9,1.1,0.9,1.2,1.0,0.9,680.0,121.0,680.0,121.0,0.0,1,False,1.0,1.0,68.0,45.0,0.0,31.8,False,True,True,True,True,8.0,1,True,152.0,255.0,152,SPOKED,SPOKED,0.0,0.0,80.0,80.0,300.0,780.0,36.5,300.0,1.0
415.0,65.0,620.0,74.0,155.0,52.0,620.0,74.0,660.0,50.0,45.0,28.6,36.5,36.5,23.35,13.0,15.0,ALUMINIUM,34.0,45.0,44.0,330.0,350.0,16.0,18.0,False,False,135.0,2.0,0.9,1.1,0.9,1.2,1.0,0.9,680.0,121.0,680.0,121.0,0.0,1,False,1.0,1.0,68.0,45.0,0.0,31.8,True,True,True,True,True,9.0,1,True,152.0,255.0,152,SPOKED,SPOKED,0.0,0.0,80.0,80.0,300.0,780.0,36.5,300.0,1.0
405.0,75.0,610.0,72.0,165.0,48.0,580.0,72.0,640.0,60.0,45.0,28.6,36.5,36.5,23.35,13.0,15.0,ALUMINIUM,34.0,45.0,44.0,330.0,350.0,16.0,18.0,False,False,130.0,2.0,0.9,1.1,0.9,1.2,1.0,0.9,680.0,121.0,680.0,121.0,0.0,1,False,1.0,1.0,68.0,45.0,0.0,31.8,False,True,True,True,True,7.0,1,True,152.0,255.0,152,SPOKED,SPOKED,0.0,0.0,80.0,80.0,300.0,780.0,36.5,300.0,1.0
420.0,68.0,605.0,73.5,158.0,50.0,610.0,73.5,655.0,55.0,45.0,28.6,36.5,36.5,23.35,13.0,15.0,ALUMINIUM,34.0,45.0,44.0,330.0,350.0,16.0,18.0,False,False,135.0,2.0,0.9,1.1,0.9,1.2,1.0,0.9,680.0,121.0,680.0,121.0,0.0,1,False,1.0,1.0,68.0,45.0,0.0,31.8,False,True,True,True,True,10.0,1,True,152.0,255.0,152,DISC,DISC,0.0,0.0,80.0,80.0,300.0,780.0,36.5,300.0,1.0
410.0,70.0,610.0,74.5,162.0,53.0,605.0,74.5,645.0,58.0,45.0,28.6,36.5,36.5,23.35,13.0,15.0,ALUMINIUM,34.0,45.0,44.0,330.0,350.0,16.0,18.0,False,False,135.0,2.0,0.9,1.1,0.9,1.2,1.0,0.9,680.0,121.0,680.0,121.0,0.0,1,False,1.0,1.0,68.0,45.0,0.0,31.8,True,True,True,True,True,8.0,1,True,152.0,255.0,152,SPOKED,TRISPOKE,0.0,1.0,80.0,100.0,300.0,780.0,36.5,300.0,1.0
412.0,70.0,590.0,72.5,160.0,49.0,595.0,72.5,650.0,57.0,45.0,28.6,36.5,36.5,23.35,13.0,15.0,ALUMINIUM,34.0,45.0,44.0,330.0,350.0,16.0,18.0,False,False,135.0,2.0,0.9,1.1,0.9,1.2,1.0,0.9,680.0,121.0,680.0,121.0,0.0,1,False,1.0,1.0,68.0,45.0,0.0,31.8,False,True,True,True,True,8.0,1,True,152.0,255.0,152,SPOKED,SPOKED,0.0,0.0,80.0,80.0,300.0,780.0,36.5,300.0,1.0
418.0,72.0,615.0,73.0,157.0,51.0,615.0,73.0,650.0,53.0,45.0,28.6,36.5,36.5,23.35,13.0,15.0,ALUMINIUM,34.0,45.0,44.0,330.0,350.0,16.0,18.0,False,False,135.0,2.0,0.9,1.1,0.9,1.2,1.0,0.9,680.0,121.0,680.0,121.0,0.0,1,False,1.0,1.0,68.0,45.0,0.0,31.8,False,True,True,True,True,9.0,1,True,152.0,255.0,152,SPOKED,SPOKED,0.0,0.0,80.0,80.0,300.0,780.0,36.5,300.0,1.0
407.0,68.0,605.0,74.0,159.0,50.0,600.0,74.0,652.0,56.0,45.0,28.6,36.5,36.5,23.35,13.0,15.0,ALUMINIUM,34.0,45.0,44.0,330.0,350.0,16.0,18.0,False,False,135.0,2.0,0.9,1.1,0.9,1.2,1.0,0.9,680.0,121.0,680.0,121.0,0.0,1,False,1.0,1.0,68.0,45.0,0.0,31.8,False,True,True,True,True,8.0,2,True,152.0,255.0,152,SPOKED,SPOKED,0.0,0.0,80.0,80.0,300.0,780.0,36.5,300.0,1.0
415.0,70.0,600.0,73.0,160.0,50.0,600.0,73.0,650.0,55.0,45.0,28.6,36.5,36.5,23.35,13.0,15.0,ALUMINIUM,34.0,45.0,44.0,330.0,350.0,16.0,18.0,False,False,135.0,2.0,0.9,1.1,0.9,1.2,1.0,0.9,680.0,121.0,680.0,121.0,0.0,1,False,1.0,1.0,68.0,45.0,0.0,31.8,False,True,False,True,True,8.0,1,False,152.0,255.0,152,SPOKED,SPOKED,0.0,0.0,80.0,80.0,300.0,780.0,36.5,300.0,1.0
430.0,65.0,625.0,72.0,170.0,55.0,630.0,72.0,665.0,60.0,45.0,28.6,36.5,36.5,23.35,13.0,15.0,ALUMINIUM,34.0,45.0,44.0,330.0,350.0,16.0,18.0,False,False,135.0,2.0,0.9,1.1,0.9,1.2,1.0,0.9,680.0,121.0,680.0,121.0,0.0,1,False,1.0,1.0,68.0,45.0,0.0,31.8,False,True,True,True,True,7.0,1,True,152.0,255.0,152,SPOKED,SPOKED,0.0,0.0,80.0,80.0,300.0,780.0,36.5,300.0,1.0
420.0,70.0,600.0,71.0,140.0,45.0,580.0,73.0,620.0,45.0,40.0,30.0,36.5,24.0,13.0,13.0,15.0,ALUMINIUM,20.0,45.0,10.0,330.0,350.0,16.0,18.0,False,False,135.0,2.0,0.9,1.1,0.9,1.2,1.0,0.9,680.0,52.0,680.0,52.0,0.0,0,False,1.0,1.0,68.0,45.0,692.0,31.8,False,True,True,True,False,8.0,1,True,152.0,254.0,152,SPOKED,SPOKED,0.0,0.0,80.0,80.0,280.0,740.0,34.0,300.0,1.0
430.0,72.0,610.0,70.0,150.0,40.0,590.0,74.0,630.0,50.0,42.0,32.0,38.0,25.0,14.0,14.0,16.0,ALUMINIUM,25.0,50.0,12.0,330.0,350.0,18.0,16.0,True,False,135.0,2.0,0.9,1.1,0.9,1.2,1.0,0.9,680.0,52.0,680.0,52.0,0.0,1,False,1.0,1.0,68.0,50.0,692.0,31.8,True,True,True,True,False,9.0,1,True,100.0,200.0,100,SPOKED,SPOKED,0.0,0.0,80.0,80.0,285.0,750.0,35.0,310.0,1.0
415.0,68.0,590.0,69.0,130.0,45.0,570.0,72.0,610.0,45.0,40.0,29.0,36.5,24.0,13.0,13.0,15.0,STEEL,15.0,40.0,15.0,330.0,350.0,16.0,18.0,True,True,135.0,2.0,0.9,1.1,0.9,1.2,1.0,0.9,680.0,52.0,680.0,52.0,0.0,2,False,1.0,1.0,68.0,45.0,692.0,31.8,False,True,True,True,False,8.0,1,True,160.0,200.0,160,SPOKED,SPOKED,0.0,0.0,80.0,80.0,278.0,730.0,34.0,305.0,1.0
440.0,75.0,620.0,72.0,160.0,42.0,600.0,73.0,640.0,45.0,42.0,31.0,37.0,26.0,14.0,13.0,17.0,STEEL,30.0,47.0,11.0,330.0,350.0,16.0,18.0,False,False,135.0,2.0,0.9,1.1,0.9,1.2,1.0,0.9,680.0,52.0,680.0,52.0,0.0,0,False,1.0,1.0,68.0,48.0,692.0,31.8,True,True,True,True,False,7.0,1,True,180.0,220.0,180,SPOKED,SPOKED,0.0,0.0,80.0,80.0,290.0,745.0,34.0,320.0,1.0
425.0,70.0,605.0,71.0,145.0,43.0,585.0,73.0,625.0,46.0,40.0,30.0,36.5,25.0,13.0,13.0,15.0,CARBON,18.0,44.0,13.0,330.0,350.0,16.0,18.0,True,False,135.0,2.0,0.9,1.1,0.9,1.2,1.0,0.9,680.0,52.0,680.0,52.0,0.0,0,False,1.0,1.0,68.0,45.0,692.0,31.8,False,True,True,True,False,8.0,2,True,0.0,255.0,127,SPOKED,SPOKED,0.0,0.0,80.0,80.0,282.0,735.0,34.0,310.0,1.0
430.0,65.0,580.0,70.0,135.0,46.0,570.0,72.0,615.0,45.0,40.0,29.0,36.5,24.0,14.0,14.0,16.0,TITANIUM,17.0,42.0,14.0,330.0,350.0,16.0,18.0,False,True,135.0,2.0,0.9,1.1,0.9,1.2,1.0,0.9,680.0,52.0,680.0,52.0,0.0,1,False,1.0,1.0,68.0,46.0,692.0,31.8,True,True,True,True,False,10.0,1,True,100.0,255.0,150,SPOKED,SPOKED,0.0,0.0,80.0,80.0,275.0,720.0,34.0,300.0,1.0
410.0,72.0,595.0,69.0,138.0,44.0,590.0,73.0,635.0,47.0,40.0,31.0,36.5,23.0,14.0,13.0,15.0,BAMBOO,22.0,48.0,9.0,330.0,350.0,16.0,18.0,True,False,135.0,2.0,0.9,1.1,0.9,1.2,1.0,0.9,680.0,52.0,680.0,52.0,0.0,0,False,1.0,1.0,68.0,45.0,692.0,31.8,False,True,True,True,False,9.0,1,True,120.0,240.0,130,SPOKED,SPOKED,0.0,0.0,80.0,80.0,288.0,742.0,34.0,315.0,1.0
435.0,68.0,610.0,73.0,142.0,42.0,580.0,74.0,630.0,48.0,42.0,32.0,36.5,25.0,13.0,12.0,14.0,STEEL,19.0,45.0,12.0,330.0,350.0,16.0,18.0,False,True,135.0,2.0,0.9,1.1,0.9,1.2,1.0,0.9,680.0,52.0,680.0,52.0,0.0,2,False,1.0,1.0,68.0,47.0,692.0,31.8,True,True,True,True,False,8.0,1,True,140.0,230.0,140,SPOKED,SPOKED,0.0,0.0,80.0,80.0,280.0,738.0,34.0,300.0,1.0
425.0,74.0,620.0,70.0,148.0,45.0,600.0,73.0,640.0,46.0,40.0,30.0,36.5,24.0,13.0,13.0,15.0,ALUMINIUM,24.0,50.0,10.0,330.0,350.0,16.0,18.0,True,True,135.0,2.0,0.9,1.1,0.9,1.2,1.0,0.9,680.0,52.0,680.0,52.0,0.0,0,False,1.0,1.0,68.0,49.0,692.0,31.8,False,True,True,True,False,8.0,1,True,160.0,255.0,100,SPOKED,SPOKED,0.0,0.0,80.0,80.0,284.0,747.0,34.0,300.0,1.0
415.0,69.0,600.0,71.0,132.0,43.0,575.0,72.0,620.0,44.0,40.0,29.0,36.5,23.0,13.0,13.0,15.0,CARBON,16.0,42.0,15.0,330.0,350.0,16.0,18.0,False,False,135.0,2.0,0.9,1.1,0.9,1.2,1.0,0.9,680.0,52.0,680.0,52.0,0.0,0,False,1.0,1.0,68.0,44.0,692.0,31.8,False,True,False,False,False,7.0,1,True,134.0,255.0,234,SPOKED,SPOKED,0.0,0.0,80.0,80.0,276.0,725.0,34.0,300.0,1.0
410.0,75.0,600.0,73.5,155.0,48.0,565.0,73.0,660.0,45.0,45.0,29.0,36.5,33.0,25.0,14.0,15.0,ALUMINIUM,35.0,50.0,45.0,330.0,350.0,16.0,18.0,False,False,135.0,2.0,0.9,1.1,0.9,1.2,1.0,0.9,680.0,52.0,680.0,52.0,0.0,1,False,1.0,1.0,68.0,45.0,692.0,31.8,False,False,False,False,True,9.0,1,False,152.0,251.0,152,SPOKED,SPOKED,0.0,0.0,0.0,0.0,280.0,720.0,34.9,300.0,1.0
420.0,70.0,610.0,72.5,160.0,50.0,575.0,74.0,665.0,46.0,40.0,29.0,36.5,34.0,26.0,14.0,15.0,STEEL,36.0,52.0,46.0,330.0,350.0,16.0,18.0,False,False,135.0,2.0,0.9,1.1,0.9,1.2,1.0,0.9,682.0,54.0,682.0,54.0,0.0,1,False,1.0,1.0,68.0,45.0,692.0,31.8,False,False,False,False,True,8.0,1,False,152.0,251.0,152,SPOKED,SPOKED,0.0,0.0,0.0,0.0,285.0,710.0,34.9,300.0,1.0
430.0,80.0,620.0,74.0,150.0,47.0,580.0,73.5,670.0,45.0,50.0,29.0,36.5,35.0,27.0,14.0,15.0,CARBON,34.0,48.0,44.0,330.0,350.0,16.0,18.0,False,False,140.0,2.0,0.9,1.1,0.9,1.2,1.0,0.9,685.0,60.0,685.0,60.0,0.0,1,False,1.0,1.0,68.0,45.0,692.0,31.8,False,False,False,True,True,10.0,2,False,152.0,251.0,152,SPOKED,SPOKED,0.0,0.0,0.0,0.0,290.0,715.0,34.9,300.0,1.0
415.0,78.0,605.0,73.0,158.0,49.0,570.0,74.5,660.0,45.0,45.0,29.0,36.5,33.0,25.0,14.0,15.0,TITANIUM,38.0,55.0,47.0,330.0,350.0,16.0,18.0,False,False,135.0,2.0,0.9,1.1,0.9,1.2,1.0,0.9,678.0,53.0,678.0,53.0,0.0,1,False,1.0,1.0,68.0,45.0,692.0,31.8,False,False,False,False,True,9.0,1,False,152.0,251.0,152,SPOKED,SPOKED,0.0,0.0,0.0,0.0,282.0,725.0,34.9,300.0,1.0
425.0,72.0,595.0,72.0,165.0,46.0,565.0,73.2,655.0,44.0,45.0,29.0,36.5,34.0,26.0,14.0,15.0,ALUMINIUM,37.0,51.0,45.0,330.0,350.0,16.0,18.0,False,False,135.0,2.0,0.9,1.1,0.9,1.2,1.0,0.9,675.0,58.0,675.0,58.0,0.0,1,False,1.0,1.0,68.0,45.0,692.0,31.8,False,False,False,False,True,9.0,1,False,152.0,251.0,152,SPOKED,SPOKED,0.0,0.0,0.0,0.0,276.0,705.0,34.9,300.0,1.0
405.0,74.0,615.0,73.2,152.0,49.0,578.0,74.0,672.0,45.0,42.0,29.0,36.5,33.0,25.0,14.0,15.0,STEEL,35.0,50.0,46.0,330.0,350.0,16.0,18.0,False,False,135.0,2.0,0.9,1.1,0.9,1.2,1.0,0.9,690.0,50.0,690.0,50.0,0.0,1,False,1.0,1.0,68.0,45.0,692.0,31.8,False,False,False,False,True,8.0,1,False,152.0,251.0,152,SPOKED,SPOKED,0.0,0.0,0.0,0.0,288.0,730.0,34.9,300.0,1.0
412.0,77.0,600.0,73.8,155.0,48.0,560.0,73.6,668.0,45.0,45.0,29.0,36.5,33.0,25.0,14.0,15.0,BAMBOO,33.0,49.0,43.0,330.0,350.0,16.0,18.0,False,False,135.0,2.0,0.9,1.1,0.9,1.2,1.0,0.9,688.0,52.0,688.0,52.0,0.0,1,False,1.0,1.0,68.0,45.0,692.0,31.8,False,False,False,False,True,9.0,1,False,152.0,251.0,152,SPOKED,SPOKED,0.0,0.0,0.0,0.0,284.0,710.0,34.9,300.0,1.0
418.0,73.0,605.0,73.0,162.0,47.0,567.0,74.1,662.0,45.0,45.0,29.0,36.5,34.0,26.0,14.0,15.0,CARBON,36.0,53.0,48.0,330.0,350.0,16.0,18.0,False,False,135.0,2.0,0.9,1.1,0.9,1.2,1.0,0.9,683.0,55.0,683.0,55.0,0.0,1,False,1.0,1.0,68.0,45.0,692.0,31.8,False,False,False,False,True,10.0,1,False,152.0,251.0,152,SPOKED,SPOKED,0.0,0.0,0.0,0.0,286.0,715.0,34.9,300.0,1.0
422.0,76.0,610.0,72.7,157.0,50.0,575.0,74.0,669.0,46.0,45.0,29.0,36.5,33.0,25.0,14.0,15.0,TITANIUM,39.0,56.0,49.0,330.0,350.0,16.0,18.0,False,False,135.0,2.0,0.9,1.1,0.9,1.2,1.0,0.9,689.0,53.0,689.0,53.0,0.0,1,False,1.0,1.0,68.0,45.0,692.0,31.8,False,False,False,False,True,9.0,1,False,152.0,251.0,152,SPOKED,SPOKED,0.0,0.0,0.0,0.0,289.0,720.0,34.9,300.0,1.0
408.0,71.0,598.0,73.3,159.0,48.0,572.0,73.4,659.0,45.0,44.0,29.0,36.5,34.0,26.0,14.0,15.0,ALUMINIUM,34.0,50.0,46.0,330.0,350.0,16.0,18.0,False,False,135.0,2.0,0.9,1.1,0.9,1.2,1.0,0.9,678.0,54.0,678.0,54.0,0.0,1,False,1.0,1.0,68.0,45.0,692.0,31.8,False,False,False,False,True,8.0,1,False,152.0,251.0,152,SPOKED,SPOKED,0.0,0.0,0.0,0.0,281.0,705.0,34.9,300.0,1.0
420.0,70.0,640.0,73.0,150.0,45.0,520.0,74.0,660.0,50.0,40.0,28.6,36.5,23.35,23.35,13.0,15.0,ALUMINIUM,35.0,35.0,45.0,330.0,350.0,16.0,18.0,False,False,135.0,2.0,0.9,1.1,0.9,1.2,1.0,0.9,700.0,54.0,700.0,54.0,0.0,1,False,1.0,1.0,68.0,45.0,0.0,31.8,False,True,True,True,True,7.0,1,True,152.0,255.0,152,SPOKED,SPOKED,0.0,0.0,0.0,0.0,280.0,770.0,34.9,350.0,1.0
425.0,72.0,635.0,74.0,155.0,50.0,515.0,73.5,655.0,52.0,40.0,28.6,36.5,23.35,23.35,14.0,18.0,STEEL,36.0,34.0,44.0,335.0,345.0,16.0,18.0,False,False,135.0,2.0,0.9,1.1,0.9,1.2,1.0,0.9,700.0,54.0,700.0,54.0,0.0,2,False,1.0,1.0,68.0,42.0,0.0,31.8,True,False,True,False,True,8.0,1,True,142.0,255.0,152,DISC,SPOKED,0.0,0.0,0.0,0.0,275.0,760.0,34.9,360.0,1.0
430.0,75.0,650.0,73.5,165.0,45.0,540.0,74.0,670.0,50.0,40.0,28.6,36.5,25.0,25.0,13.0,17.0,ALUMINIUM,38.0,37.0,46.0,330.0,350.0,16.0,18.0,True,False,140.0,2.0,1.0,1.1,0.9,1.2,1.0,0.9,700.0,54.0,700.0,54.0,0.0,1,False,1.0,3.0,68.0,45.0,5.0,32.0,False,True,True,True,True,7.0,2,False,152.0,245.0,152,TRISPOKE,SPOKED,1.0,0.0,50.0,0.0,290.0,780.0,35.0,370.0,0.0
415.0,69.0,620.0,72.0,140.0,47.0,525.0,73.0,645.0,48.0,40.0,28.6,36.5,23.35,23.35,13.0,15.0,BAMBOO,33.0,33.0,42.0,325.0,345.0,0.0,0.0,False,False,135.0,2.0,0.9,1.0,0.9,1.2,1.0,0.9,700.0,54.0,700.0,54.0,2.0,1,False,1.0,1.0,68.0,45.0,0.0,31.8,False,True,False,True,True,9.0,1,True,152.0,255.0,222,SPOKED,DISC,0.0,0.0,0.0,0.0,285.0,755.0,34.9,340.0,2.0
440.0,65.0,630.0,73.0,170.0,44.0,550.0,74.5,660.0,52.0,40.0,28.6,36.5,23.35,23.35,14.0,19.0,STEEL,37.0,36.0,48.0,335.0,355.0,16.0,18.0,False,True,140.0,2.0,1.0,1.2,1.0,1.2,1.1,0.9,690.0,52.0,690.0,52.0,0.0,0,False,0.0,1.0,70.0,50.0,0.0,32.0,True,True,True,False,True,6.0,1,False,120.0,255.0,120,SPOKED,SPOKED,0.0,0.0,0.0,0.0,300.0,760.0,34.9,360.0,1.0
430.0,71.0,642.0,74.0,160.0,46.0,530.0,75.0,668.0,51.0,40.0,28.6,36.5,24.0,24.0,13.5,16.0,TITANIUM,35.0,35.0,47.0,330.0,350.0,16.0,18.0,False,False,135.0,2.0,0.9,1.1,0.9,1.2,1.0,0.9,700.0,54.0,700.0,54.0,0.0,2,False,2.0,2.0,68.0,45.0,0.0,31.8,False,True,True,True,True,8.0,2,True,152.0,255.0,152,DISC,DISC,0.0,0.0,0.0,0.0,280.0,780.0,34.9,380.0,0.0
425.0,68.0,635.0,73.0,150.0,47.0,545.0,74.0,660.0,50.0,40.0,28.6,36.5,23.35,23.35,14.0,17.0,CARBON,34.0,36.0,44.0,330.0,350.0,16.0,18.0,True,True,140.0,2.0,0.9,1.1,0.9,1.2,1.0,0.9,700.0,54.0,700.0,54.0,0.0,1,False,1.0,1.0,68.0,45.0,3.0,32.0,True,True,False,True,True,7.0,1,False,132.0,255.0,152,SPOKED,TRISPOKE,0.0,1.0,0.0,60.0,290.0,765.0,34.9,365.0,1.0
435.0,69.0,650.0,74.0,180.0,44.0,555.0,73.0,670.0,52.0,40.0,28.6,36.5,25.0,25.0,13.0,18.0,BAMBOO,39.0,38.0,49.0,330.0,350.0,16.0,18.0,False,False,135.0,2.0,0.9,1.1,0.9,1.2,1.0,0.9,690.0,52.0,690.0,52.0,1.0,1,False,1.0,1.0,70.0,50.0,0.0,32.0,True,False,True,False,True,9.0,2,True,152.0,255.0,132,DISC,TRISPOKE,0.0,1.0,0.0,55.0,270.0,750.0,34.9,355.0,2.0
445.0,72.0,638.0,72.5,145.0,46.0,530.0,74.0,655.0,50.0,40.0,28.6,36.5,23.35,23.35,14.0,16.0,ALUMINIUM,34.0,35.0,43.0,330.0,350.0,16.0,18.0,True,False,140.0,2.0,0.9,1.1,0.9,1.2,1.0,0.9,700.0,54.0,700.0,54.0,0.0,2,False,2.0,1.0,68.0,45.0,0.0,31.8,False,True,True,True,True,8.0,1,True,160.0,255.0,160,TRISPOKE,SPOKED,1.0,0.0,60.0,0.0,285.0,770.0,34.9,345.0,0.0
420.0,70.0,645.0,73.0,155.0,48.0,550.0,75.0,660.0,50.0,40.0,28.6,36.5,23.35,23.35,13.0,17.0,CARBON,36.0,36.0,45.0,330.0,350.0,16.0,18.0,False,False,135.0,2.0,0.9,1.1,0.9,1.2,1.0,0.9,700.0,54.0,700.0,54.0,0.0,1,False,1.0,1.0,68.0,45.0,0.0,31.8,True,True,True,True,True,7.0,2,True,152.0,255.0,202,SPOKED,SPOKED,0.0,0.0,0.0,0.0,300.0,775.0,34.9,365.0,1.0
410.0,70.0,600.0,73.0,140.0,50.0,550.0,73.0,640.0,50.0,45.0,28.0,35.0,23.0,23.0,13.0,9.0,ALUMINIUM,30.0,50.0,45.0,330.0,350.0,16.0,18.0,False,False,135.0,2.0,0.9,1.1,0.9,1.2,1.0,0.9,690.0,52.0,690.0,52.0,1.0,1,False,1.0,1.0,68.0,45.0,692.0,31.8,False,True,True,True,False,8.0,1,True,102.0,204.0,153,SPOKED,SPOKED,0.0,0.0,80.0,80.0,280.0,780.0,34.9,330.0,1.0
430.0,75.0,620.0,72.5,150.0,60.0,600.0,73.5,650.0,55.0,50.0,30.0,38.0,24.0,24.0,15.0,9.0,STEEL,35.0,55.0,50.0,335.0,355.0,16.0,18.0,False,False,135.0,2.0,0.9,1.1,0.9,1.2,1.0,0.9,685.0,50.0,685.0,50.0,1.0,2,False,1.0,1.0,70.0,48.0,690.0,34.0,True,True,True,True,False,7.0,1,True,0.0,153.0,102,SPOKED,SPOKED,0.0,0.0,80.0,80.0,290.0,800.0,35.0,340.0,1.0
420.0,65.0,610.0,71.0,110.0,70.0,560.0,74.0,660.0,50.0,40.0,26.0,36.0,23.0,23.0,13.0,9.0,CARBON,20.0,45.0,40.0,330.0,350.0,16.0,18.0,False,False,130.0,0.8,0.8,1.0,0.8,1.0,0.8,0.8,700.0,45.0,700.0,45.0,2.0,2,False,1.0,3.0,68.0,42.0,692.0,30.0,False,True,False,False,False,10.0,2,False,51.0,153.0,102,SPOKED,SPOKED,0.0,0.0,80.0,80.0,295.0,790.0,34.0,310.0,0.0
450.0,60.0,650.0,74.0,180.0,55.0,580.0,72.0,655.0,60.0,47.0,29.0,33.0,24.0,25.0,14.0,9.0,STEEL,33.0,53.0,43.0,332.0,352.0,17.0,19.0,True,False,140.0,2.2,1.0,1.2,1.0,1.3,1.1,1.0,680.0,52.0,680.0,52.0,1.0,1,False,1.0,1.0,68.0,47.0,690.0,32.0,True,False,True,False,True,8.0,2,True,153.0,204.0,51,SPOKED,SPOKED,0.0,0.0,80.0,80.0,285.0,770.0,34.5,320.0,1.0
415.0,68.0,590.0,73.5,135.0,65.0,545.0,73.8,625.0,50.0,44.0,28.0,35.0,23.5,23.0,13.5,9.0,ALUMINIUM,28.0,50.0,42.0,331.0,351.0,16.0,18.0,False,False,135.0,1.8,0.9,1.1,0.9,1.2,1.0,0.9,678.0,50.0,678.0,50.0,1.0,2,False,1.0,1.0,70.0,46.0,692.0,31.0,False,False,True,True,False,7.0,1,True,0.0,102.0,51,SPOKED,SPOKED,0.0,0.0,80.0,80.0,280.0,760.0,34.9,330.0,1.0
440.0,62.0,605.0,72.0,145.0,60.0,570.0,74.0,635.0,55.0,48.0,30.0,37.0,25.0,25.0,14.0,9.0,BAMBOO,32.0,52.0,45.0,334.0,354.0,15.0,17.0,False,True,135.0,1.5,0.9,1.0,0.9,1.2,1.0,0.9,690.0,52.0,690.0,52.0,1.0,1,False,1.0,2.0,68.0,48.0,690.0,32.0,True,True,True,False,False,9.0,1,False,102.0,51.0,153,SPOKED,SPOKED,0.0,0.0,80.0,80.0,295.0,795.0,35.0,340.0,2.0
400.0,70.0,615.0,71.5,160.0,50.0,560.0,73.0,645.0,60.0,45.0,29.0,34.0,24.0,24.0,15.0,9.0,STEEL,36.0,54.0,47.0,333.0,353.0,16.0,18.0,True,False,140.0,2.1,1.0,1.1,1.0,1.2,1.0,0.9,695.0,54.0,695.0,54.0,1.0,1,False,1.0,1.0,68.0,45.0,690.0,31.0,False,True,False,True,True,8.0,2,True,153.0,51.0,51,SPOKED,SPOKED,0.0,0.0,80.0,80.0,300.0,785.0,35.0,350.0,1.0
425.0,67.0,599.0,73.2,125.0,55.0,555.0,74.0,655.0,50.0,46.0,27.0,33.0,23.0,22.0,14.0,9.0,ALUMINIUM,30.0,51.0,44.0,331.0,351.0,16.0,18.0,False,False,135.0,1.7,0.9,1.1,0.9,1.2,1.0,0.9,688.0,50.0,688.0,50.0,1.0,2,False,1.0,1.0,68.0,44.0,690.0,32.0,False,True,True,True,False,7.0,1,True,204.0,255.0,204,SPOKED,SPOKED,0.0,0.0,80.0,80.0,285.0,775.0,34.0,325.0,1.0
445.0,65.0,630.0,74.0,170.0,60.0,600.0,73.0,670.0,60.0,50.0,31.0,37.0,24.0,25.0,15.0,9.0,STEEL,38.0,56.0,49.0,336.0,356.0,17.0,19.0,True,True,135.0,2.0,1.1,1.3,1.1,1.3,1.2,1.1,700.0,55.0,700.0,55.0,1.0,1,False,1.0,2.0,70.0,50.0,692.0,34.0,True,False,False,True,True,9.0,2,False,51.0,102.0,153,SPOKED,SPOKED,0.0,0.0,80.0,80.0,300.0,795.0,35.5,345.0,2.0
415.0,68.0,640.0,72.8,115.0,45.0,545.0,74.2,630.0,50.0,40.0,26.0,34.0,23.0,22.0,13.0,9.0,CARBON,25.0,48.0,42.0,330.0,350.0,15.0,17.0,False,False,130.0,0.8,0.8,1.0,0.8,1.0,0.8,0.8,682.0,50.0,682.0,50.0,2.0,2,False,1.0,3.0,68.0,42.0,690.0,31.0,False,True,True,False,False,11.0,1,False,153.0,51.0,102,SPOKED,SPOKED,0.0,0.0,80.0,80.0,290.0,780.0,34.0,335.0,0.0
410.0,70.0,600.0,73.0,160.0,45.0,560.0,73.0,640.0,50.0,68.0,30.0,35.0,25.0,30.0,13.0,15.0,ALUMINIUM,35.0,45.0,50.0,0.0,0.0,0.0,0.0,False,False,130.0,2.0,0.9,1.1,0.9,1.2,1.0,0.9,680.0,52.0,680.0,52.0,0.0,0,False,1.0,1.0,68.0,45.0,0.0,31.8,False,True,True,True,False,0.0,0,True,152.0,251.0,152,SPOKED,SPOKED,0.0,0.0,0.0,0.0,280.0,80.0,34.9,300.0,1.0
415.0,72.0,605.0,74.0,165.0,48.0,565.0,74.0,645.0,48.0,68.0,30.5,36.0,25.5,30.5,13.0,15.0,ALUMINIUM,36.0,46.0,52.0,0.0,0.0,0.0,0.0,False,False,130.0,2.0,0.9,1.1,0.9,1.2,1.0,0.9,680.0,52.0,680.0,52.0,0.0,1,False,1.0,1.0,68.0,45.0,0.0,31.8,False,True,True,True,False,0.0,0,True,152.0,251.0,152,SPOKED,SPOKED,0.0,0.0,0.0,0.0,280.0,80.0,34.9,300.0,1.0
420.0,68.0,595.0,72.0,155.0,47.0,555.0,73.5,635.0,52.0,68.0,29.5,35.5,24.5,29.5,13.0,15.0,ALUMINIUM,34.0,44.0,49.0,0.0,0.0,0.0,0.0,False,False,130.0,2.0,0.9,1.1,0.9,1.2,1.0,0.9,680.0,52.0,680.0,52.0,0.0,2,False,1.0,1.0,68.0,45.0,0.0,31.8,False,True,True,True,False,0.0,0,True,152.0,251.0,152,SPOKED,SPOKED,0.0,0.0,0.0,0.0,280.0,80.0,34.9,300.0,1.0
415.5,75.0,610.0,73.5,170.0,50.0,570.0,72.5,650.0,49.0,68.0,31.0,36.5,26.0,31.0,13.0,15.0,STEEL,37.0,47.0,53.0,0.0,0.0,0.0,0.0,False,False,130.0,2.0,0.9,1.1,0.9,1.2,1.0,0.9,680.0,52.0,680.0,52.0,0.0,0,False,1.0,1.0,68.0,45.0,0.0,31.8,False,True,True,True,False,0.0,0,True,152.0,251.0,152,SPOKED,SPOKED,0.0,0.0,0.0,0.0,280.0,80.0,34.9,300.0,1.0
408.0,70.0,585.0,72.5,160.0,46.0,558.0,74.0,642.0,51.0,68.0,28.0,36.5,24.0,29.0,13.0,15.0,CARBON,35.0,45.0,51.0,0.0,0.0,0.0,0.0,False,False,130.0,2.0,0.9,1.1,0.9,1.2,1.0,0.9,680.0,52.0,680.0,52.0,0.0,1,False,1.0,1.0,68.0,45.0,0.0,31.8,False,True,True,True,False,0.0,0,True,152.0,251.0,152,SPOKED,SPOKED,0.0,0.0,0.0,0.0,280.0,80.0,34.9,300.0,1.0
418.0,68.0,598.0,73.0,162.0,49.0,562.0,73.0,638.0,50.5,68.0,32.0,37.0,25.0,30.0,13.0,15.0,TITANIUM,36.0,46.0,52.0,0.0,0.0,0.0,0.0,False,False,130.0,2.0,0.9,1.1,0.9,1.2,1.0,0.9,680.0,52.0,680.0,52.0,0.0,2,False,1.0,1.0,68.0,45.0,0.0,31.8,False,True,True,True,False,0.0,0,True,152.0,251.0,152,SPOKED,SPOKED,0.0,0.0,0.0,0.0,280.0,80.0,34.9,300.0,1.0
412.0,69.0,602.0,72.0,158.0,47.0,557.0,74.0,646.0,49.5,68.0,29.0,35.0,24.5,29.0,13.0,15.0,ALUMINIUM,35.5,45.5,51.5,0.0,0.0,0.0,0.0,False,False,130.0,2.0,0.9,1.1,0.9,1.2,1.0,0.9,680.0,52.0,680.0,52.0,0.0,0,False,1.0,1.0,68.0,45.0,0.0,31.8,False,True,True,True,False,0.0,0,True,152.0,251.0,152,SPOKED,SPOKED,0.0,0.0,0.0,0.0,280.0,80.0,34.9,300.0,1.0
417.0,74.0,607.0,74.0,168.0,49.0,568.0,73.5,648.0,48.5,68.0,31.5,36.5,26.0,30.5,13.0,15.0,STEEL,36.5,46.5,53.5,0.0,0.0,0.0,0.0,False,False,130.0,2.0,0.9,1.1,0.9,1.2,1.0,0.9,680.0,52.0,680.0,52.0,0.0,1,False,1.0,1.0,68.0,45.0,0.0,31.8,False,True,True,True,False,0.0,0,True,152.0,251.0,152,SPOKED,SPOKED,0.0,0.0,0.0,0.0,280.0,80.0,34.9,300.0,1.0
413.0,71.0,599.0,73.0,161.0,46.5,560.0,72.0,643.0,50.0,68.0,30.0,35.5,25.5,30.0,13.0,15.0,ALUMINIUM,35.0,45.0,50.0,0.0,0.0,0.0,0.0,False,False,130.0,2.0,0.9,1.1,0.9,1.2,1.0,0.9,680.0,52.0,680.0,52.0,0.0,2,False,1.0,1.0,68.0,45.0,0.0,31.8,False,True,True,True,False,0.0,0,True,152.0,251.0,152,SPOKED,SPOKED,0.0,0.0,0.0,0.0,280.0,80.0,34.9,300.0,1.0
419.0,73.0,604.0,72.5,167.0,48.0,565.0,73.5,645.0,49.0,68.0,31.0,36.0,25.0,29.0,13.0,15.0,STEEL,36.0,46.0,52.0,0.0,0.0,0.0,0.0,False,False,130.0,2.0,0.9,1.1,0.9,1.2,1.0,0.9,680.0,52.0,680.0,52.0,0.0,0,False,1.0,1.0,68.0,45.0,0.0,31.8,False,True,True,True,False,0.0,0,True,152.0,251.0,152,SPOKED,SPOKED,0.0,0.0,0.0,0.0,280.0,80.0,34.9,300.0,1.0
450.0,60.0,600.0,72.0,150.0,45.0,550.0,73.0,630.0,45.0,40.0,30.0,35.0,30.0,40.0,15.0,9.0,ALUMINIUM,30.0,40.0,50.0,330.0,350.0,16.0,18.0,False,False,135.0,2.0,0.9,1.1,0.9,1.2,1.0,0.9,680.0,45.0,680.0,45.0,0.0,1,False,1.0,1.0,70.0,45.0,0.0,35.0,True,True,True,True,True,8.0,1,True,0.0,255.0,128,SPOKED,SPOKED,1.0,1.0,80.0,80.0,280.0,760.0,34.9,700.0,1.0
460.5,65.0,610.0,71.0,155.0,50.0,560.0,74.0,640.0,50.0,42.0,28.0,35.0,32.0,38.0,16.0,9.5,STEEL,32.0,42.0,52.0,335.0,355.0,17.0,17.0,True,False,140.0,2.5,1.0,1.0,1.0,1.3,1.1,1.0,700.0,50.0,700.0,50.0,0.0,2,False,1.0,2.0,72.0,46.0,0.0,36.0,True,False,True,False,False,11.0,1,False,128.0,0.0,255,DISC,SPOKED,0.0,0.0,80.0,80.0,285.0,770.0,34.0,710.0,0.0
440.0,58.0,580.0,73.0,140.0,48.0,545.0,72.0,620.0,48.0,40.0,32.0,33.0,30.0,36.0,15.0,10.0,TITANIUM,28.0,38.0,48.0,332.0,352.0,16.0,18.0,False,True,135.0,2.0,1.0,1.0,1.0,1.2,1.0,1.0,685.0,47.0,685.0,47.0,1.0,1,False,1.0,3.0,68.0,44.0,0.0,34.0,False,True,True,True,True,9.0,2,True,0.0,128.0,0,TRISPOKE,TRISPOKE,1.0,1.0,70.0,70.0,275.0,755.0,35.0,720.0,2.0
455.0,62.0,595.0,70.0,160.0,47.0,555.0,73.5,635.0,46.0,42.0,31.0,34.0,31.0,39.0,16.0,9.0,CARBON,31.0,41.0,51.0,331.0,351.0,17.0,19.0,False,True,135.0,2.2,1.1,1.2,1.0,1.3,1.1,1.0,690.0,46.0,690.0,46.0,2.0,0,False,1.0,0.0,69.0,47.0,0.0,36.0,True,False,False,True,True,10.0,1,False,255.0,255.0,0,DISC,DISC,0.0,0.0,80.0,80.0,290.0,765.0,36.0,730.0,0.0
470.0,55.0,585.0,74.0,145.0,46.0,565.0,74.0,625.0,44.0,38.0,29.0,33.5,30.0,37.0,14.5,9.0,BAMBOO,29.0,39.0,49.0,333.0,353.0,15.5,17.0,True,True,138.0,2.0,0.9,1.0,0.9,1.2,1.0,0.9,675.0,46.0,675.0,46.0,1.0,1,False,1.0,1.0,67.0,45.0,0.0,35.0,True,True,True,False,False,7.0,1,True,0.0,255.0,0,SPOKED,SPOKED,0.0,0.0,80.0,80.0,260.0,745.0,33.0,690.0,1.0
430.0,68.0,605.0,71.5,152.0,49.0,540.0,71.0,650.0,47.0,40.0,31.0,36.0,32.0,41.0,15.5,10.0,ALUMINIUM,33.0,43.0,53.0,334.0,354.0,16.5,18.5,False,False,135.0,2.1,1.0,1.1,1.0,1.3,1.1,1.0,680.0,44.0,680.0,44.0,0.0,2,False,1.0,2.0,71.0,46.0,0.0,34.0,False,True,True,True,True,9.0,3,False,50.0,205.0,50,SPOKED,SPOKED,0.0,0.0,80.0,80.0,285.0,770.0,37.0,715.0,1.0
465.0,63.0,590.0,72.5,148.0,44.0,580.0,72.0,615.0,46.0,41.0,30.5,35.0,31.5,38.5,15.0,9.5,CARBON,30.0,40.0,50.0,332.0,352.0,16.0,18.0,True,False,137.0,2.0,0.9,1.1,0.9,1.2,1.0,0.9,690.0,47.0,690.0,47.0,2.0,1,False,1.0,3.0,70.0,45.0,0.0,34.5,True,False,False,True,True,11.0,2,True,173.0,216.0,230,TRISPOKE,TRISPOKE,1.0,1.0,75.0,75.0,290.0,780.0,36.0,725.0,0.0
480.0,57.0,582.0,74.5,142.0,48.0,560.0,73.0,630.0,45.0,39.0,29.5,34.5,30.5,37.5,15.0,9.0,ALUMINIUM,29.0,39.5,49.5,334.0,354.0,16.2,18.2,False,True,135.0,2.0,1.0,1.0,1.0,1.2,1.1,1.0,675.0,45.5,675.0,45.5,0.0,0,False,1.0,1.0,68.5,44.5,0.0,35.5,False,True,True,False,False,10.0,1,False,0.0,191.0,255,SPOKED,DISC,0.0,0.0,80.0,80.0,280.0,750.0,35.5,710.0,2.0
445.0,66.0,598.0,71.0,158.0,47.5,570.0,72.5,640.0,47.0,41.5,30.8,35.2,31.2,40.2,15.2,10.0,STEEL,31.5,41.5,51.5,333.5,353.5,17.0,19.0,True,True,136.0,2.3,1.1,1.2,1.0,1.3,1.1,1.0,685.0,46.5,685.0,46.5,1.0,2,False,1.0,2.0,69.5,46.5,0.0,35.2,True,True,True,True,True,8.0,2,True,100.0,149.0,237,DISC,SPOKED,0.0,0.0,80.0,80.0,285.0,760.0,36.5,730.0,1.0
460.0,59.0,612.0,70.5,162.0,46.8,550.0,74.5,645.0,48.0,40.0,32.0,36.0,32.0,42.0,16.0,9.8,ALUMINIUM,34.0,44.0,54.0,334.5,354.5,16.8,18.8,False,False,138.0,2.0,1.0,1.1,1.0,1.2,1.1,1.0,690.0,48.0,690.0,48.0,2.0,1,False,1.0,0.0,70.5,47.0,0.0,36.0,False,True,False,True,False,12.0,1,False,60.0,179.0,113,SPOKED,TRISPOKE,1.0,1.0,78.0,78.0,295.0,775.0,38.0,740.0,0.0
430.0,70.0,590.0,73.0,150.0,45.0,560.0,73.0,600.0,45.0,40.0,34.0,36.0,30.0,30.0,13.0,15.0,ALUMINIUM,30.0,40.0,50.0,330.0,350.0,16.0,18.0,True,False,135.0,2.0,1.0,1.0,1.0,1.0,1.0,1.0,680.0,52.0,680.0,52.0,0.0,1,False,1.0,1.0,68.0,34.0,0.0,31.8,False,True,True,True,True,8.0,1,True,152.0,255.0,152,SPOKED,SPOKED,0.0,0.0,0.0,0.0,270.0,760.0,34.9,800.0,1.0
440.0,68.0,600.0,74.0,160.0,47.0,570.0,74.0,610.0,48.0,40.0,34.0,35.0,29.0,29.0,13.5,15.5,STEEL,32.0,42.0,52.0,330.0,350.0,16.0,18.0,False,True,135.0,2.0,1.0,1.0,1.1,1.2,1.1,1.1,685.0,50.0,685.0,50.0,0.0,2,False,1.0,1.0,70.0,35.0,0.0,32.0,True,False,False,True,True,9.0,2,True,144.0,238.0,144,SPOKED,DISC,0.0,0.0,0.0,0.0,280.0,770.0,35.0,810.0,1.0
450.0,65.0,610.0,73.0,170.0,45.0,580.0,73.0,620.0,45.0,40.0,34.5,36.0,30.5,30.5,14.0,15.0,CARBON,34.0,43.0,53.0,330.0,350.0,16.0,18.0,True,True,135.0,2.0,1.0,1.0,1.2,1.0,1.0,1.0,680.0,50.0,680.0,50.0,0.0,1,False,1.0,1.0,68.0,36.0,0.0,33.0,True,True,True,False,True,10.0,1,False,152.0,251.0,152,TRISPOKE,SPOKED,1.0,0.0,80.0,0.0,275.0,780.0,36.0,820.0,1.0
460.0,72.0,620.0,72.5,180.0,46.0,590.0,72.5,630.0,47.0,42.0,35.0,37.0,31.0,31.0,13.0,16.0,TITANIUM,28.0,38.0,48.0,330.0,350.0,16.0,18.0,False,False,135.0,2.0,1.1,1.0,1.0,1.1,1.0,1.1,690.0,45.0,690.0,45.0,0.0,1,False,1.0,1.0,70.0,34.0,0.0,32.0,False,True,True,False,True,11.0,1,True,154.0,205.0,50,DISC,DISC,0.0,0.0,0.0,0.0,280.0,790.0,37.0,830.0,1.0
420.0,70.0,585.0,74.0,140.0,44.0,555.0,74.0,590.0,46.0,38.0,33.0,35.0,29.0,29.0,12.0,14.0,ALUMINIUM,29.0,39.0,49.0,330.0,350.0,16.0,18.0,True,True,135.0,1.8,1.0,1.0,1.0,1.0,1.0,1.0,675.0,55.0,675.0,55.0,0.0,2,False,1.0,1.0,68.0,33.0,0.0,31.0,True,False,False,True,True,8.0,1,False,0.0,255.0,127,SPOKED,SPOKED,0.0,0.0,0.0,0.0,265.0,750.0,35.0,780.0,1.0
435.0,68.0,595.0,73.5,155.0,46.0,565.0,73.5,605.0,46.0,40.0,34.0,36.0,30.0,30.0,13.5,15.0,STEEL,31.0,41.0,51.0,330.0,350.0,16.0,18.0,True,False,135.0,2.0,0.9,1.0,1.0,1.0,1.0,1.0,682.0,52.0,682.0,52.0,0.0,0,False,1.0,1.0,69.0,34.0,0.0,31.8,False,True,True,True,True,9.0,2,True,124.0,252.0,0,SPOKED,DISC,0.0,0.0,0.0,0.0,276.0,765.0,36.0,795.0,1.0
445.0,67.0,605.0,72.0,165.0,47.0,575.0,72.0,615.0,47.0,40.0,34.5,36.5,30.5,30.5,14.0,15.0,CARBON,33.0,43.0,53.0,330.0,350.0,16.0,18.0,False,True,135.0,2.0,0.9,1.0,1.0,1.0,1.0,1.0,678.0,53.0,678.0,53.0,0.0,1,False,1.0,1.0,70.0,36.0,0.0,32.0,True,False,True,False,True,10.0,1,False,46.0,139.0,87,SPOKED,TRISPOKE,0.0,1.0,0.0,80.0,278.0,775.0,36.5,805.0,1.0
455.0,70.0,615.0,73.0,175.0,48.0,585.0,73.0,625.0,48.0,40.0,35.0,37.0,31.0,31.0,13.0,15.0,TITANIUM,34.0,44.0,54.0,330.0,350.0,16.0,18.0,True,True,135.0,2.0,1.0,1.0,1.0,1.0,1.0,1.0,685.0,50.0,685.0,50.0,0.0,2,False,1.0,1.0,68.0,34.0,0.0,31.5,False,True,True,True,True,11.0,2,True,60.0,179.0,113,TRISPOKE,TRISPOKE,1.0,1.0,75.0,75.0,280.0,780.0,37.0,815.0,1.0
465.0,69.0,625.0,72.5,185.0,49.0,595.0,72.5,635.0,45.0,40.0,34.0,36.0,30.0,30.0,14.0,16.0,ALUMINIUM,35.0,45.0,55.0,330.0,350.0,16.0,18.0,False,False,135.0,2.0,1.0,1.0,1.0,1.0,1.0,1.0,690.0,48.0,690.0,48.0,0.0,1,False,1.0,1.0,69.0,35.0,0.0,32.0,True,False,False,False,True,12.0,1,False,0.0,250.0,154,SPOKED,SPOKED,0.0,0.0,0.0,0.0,285.0,785.0,35.5,820.0,1.0
425.0,71.0,635.0,73.0,145.0,44.0,600.0,73.0,645.0,46.0,40.0,34.5,37.0,31.0,31.0,13.0,14.0,STEEL,32.0,42.0,52.0,330.0,350.0,16.0,18.0,False,True,135.0,2.0,1.0,1.0,1.0,1.0,1.0,1.0,692.0,47.0,692.0,47.0,0.0,2,False,1.0,1.0,70.0,34.0,0.0,32.0,False,True,True,True,True,8.0,2,True,0.0,255.0,127,SPOKED,DISC,0.0,0.0,0.0,0.0,275.0,770.0,37.0,805.0,1.0
410.0,70.0,600.0,73.0,150.0,45.0,540.0,73.0,650.0,45.0,40.0,28.6,36.5,23.35,23.35,13.0,15.0,ALUMINIUM,30.0,50.0,45.0,0.0,0.0,0.0,0.0,False,False,135.0,2.0,0.9,1.1,0.9,1.2,1.0,0.9,670.0,45.0,670.0,45.0,0.0,2,False,1.0,1.0,70.0,44.0,0.0,31.8,True,True,True,True,False,9.0,1,True,152.0,255.0,152,SPOKED,SPOKED,0.0,0.0,0.0,0.0,300.0,760.0,34.9,300.0,1.0
405.0,68.0,595.0,74.0,130.0,40.0,520.0,74.0,640.0,45.0,40.0,25.4,30.0,22.0,22.0,13.0,15.0,CARBON,25.0,45.0,40.0,0.0,0.0,0.0,0.0,False,False,130.0,1.5,0.8,1.0,0.8,1.0,0.8,0.8,680.0,40.0,680.0,40.0,0.0,2,False,1.0,1.0,65.0,42.0,0.0,30.9,True,True,True,True,False,10.0,1,True,80.0,200.0,120,SPOKED,SPOKED,0.0,0.0,0.0,0.0,290.0,750.0,30.0,280.0,1.0
420.0,72.0,620.0,73.0,160.0,50.0,560.0,73.0,660.0,45.0,50.0,30.0,38.0,25.0,25.0,15.0,15.0,STEEL,35.0,55.0,50.0,0.0,0.0,0.0,0.0,False,False,135.0,2.2,1.2,1.3,1.2,1.4,1.2,1.2,670.0,48.0,670.0,48.0,0.0,2,False,1.0,1.0,75.0,46.0,0.0,34.9,True,True,True,True,False,8.0,1,True,0.0,128.0,64,SPOKED,SPOKED,0.0,0.0,0.0,0.0,310.0,770.0,38.0,320.0,1.0
415.0,70.0,615.0,72.5,140.0,46.0,550.0,72.5,655.0,45.0,40.0,27.0,35.0,23.0,23.0,13.0,15.0,TITANIUM,32.0,52.0,47.0,0.0,0.0,0.0,0.0,False,False,135.0,2.0,0.9,1.0,0.9,1.1,0.9,0.9,680.0,44.0,680.0,44.0,0.0,2,False,1.0,1.0,70.0,44.0,0.0,32.0,True,True,True,True,False,10.0,1,True,160.0,200.0,180,SPOKED,SPOKED,0.0,0.0,0.0,0.0,300.0,765.0,35.0,300.0,1.0
430.0,68.0,630.0,73.5,155.0,48.0,545.0,73.5,645.0,45.0,40.0,32.0,40.0,26.0,26.0,13.0,15.0,BAMBOO,34.0,54.0,49.0,0.0,0.0,0.0,0.0,False,False,135.0,2.5,1.5,1.6,1.5,1.8,1.5,1.5,670.0,50.0,670.0,50.0,0.0,2,False,1.0,1.0,70.0,50.0,0.0,35.0,True,True,True,True,False,7.0,1,True,34.0,139.0,34,SPOKED,SPOKED,0.0,0.0,0.0,0.0,305.0,780.0,40.0,300.0,1.0
400.0,75.0,585.0,74.0,125.0,42.0,530.0,74.0,630.0,45.0,40.0,28.6,36.5,23.35,23.35,13.0,15.0,ALUMINIUM,28.0,48.0,43.0,0.0,0.0,0.0,0.0,False,False,135.0,2.0,0.9,1.1,0.9,1.2,1.0,0.9,670.0,45.0,670.0,45.0,0.0,2,False,1.0,1.0,70.0,44.0,0.0,31.8,True,True,True,True,False,9.0,2,True,100.0,200.0,150,SPOKED,SPOKED,0.0,0.0,0.0,0.0,295.0,745.0,34.9,280.0,1.0
408.0,69.0,610.0,73.0,135.0,44.0,525.0,73.0,635.0,45.0,35.0,25.4,30.0,22.0,22.0,13.0,14.0,CARBON,27.0,47.0,42.0,0.0,0.0,0.0,0.0,False,False,130.0,1.5,0.8,1.0,0.8,1.0,0.8,0.8,680.0,40.0,680.0,40.0,0.0,2,False,1.0,1.0,65.0,42.0,0.0,30.9,True,True,True,True,False,10.0,2,True,0.0,255.0,204,SPOKED,SPOKED,0.0,0.0,0.0,0.0,280.0,755.0,30.0,270.0,1.0
415.0,70.0,650.0,72.0,165.0,55.0,565.0,72.0,670.0,45.0,40.0,27.0,36.0,23.0,23.0,13.0,16.0,TITANIUM,36.0,56.0,51.0,0.0,0.0,0.0,0.0,False,False,135.0,2.0,0.9,1.0,0.9,1.1,0.9,0.9,680.0,44.0,680.0,44.0,0.0,2,False,1.0,1.0,70.0,44.0,0.0,32.0,True,True,True,True,False,11.0,1,True,180.0,255.0,200,SPOKED,SPOKED,0.0,0.0,0.0,0.0,310.0,780.0,36.0,320.0,1.0
418.0,71.0,590.0,74.0,145.0,43.0,530.0,74.0,640.0,45.0,50.0,30.0,37.0,25.0,25.0,15.0,15.0,STEEL,33.0,53.0,48.0,0.0,0.0,0.0,0.0,False,False,135.0,2.2,1.2,1.3,1.2,1.4,1.2,1.2,670.0,48.0,670.0,48.0,0.0,2,False,1.0,1.0,75.0,46.0,0.0,34.9,True,True,True,True,False,9.0,2,True,80.0,160.0,100,SPOKED,SPOKED,0.0,0.0,0.0,0.0,300.0,740.0,37.0,310.0,1.0
412.0,69.0,620.0,73.0,155.0,47.0,550.0,73.0,660.0,45.0,40.0,28.6,36.5,23.35,23.35,13.0,15.0,ALUMINIUM,34.0,54.0,49.0,0.0,0.0,0.0,0.0,False,False,135.0,2.0,0.9,1.1,0.9,1.2,1.0,0.9,670.0,45.0,670.0,45.0,0.0,2,False,1.0,1.0,70.0,44.0,0.0,31.8,True,True,True,True,False,10.0,1,True,0.0,200.0,100,SPOKED,SPOKED,0.0,0.0,0.0,0.0,305.0,770.0,34.9,300.0,1.0
410.0,65.0,610.0,73.0,220.0,55.0,580.0,73.5,640.0,50.0,45.0,28.6,28.6,28.6,28.6,13.0,15.0,STEEL,35.0,36.0,42.0,330.0,350.0,16.0,18.0,False,False,135.0,1.1,1.1,1.0,1.2,1.0,1.0,1.1,690.0,50.0,690.0,52.0,0.0,1,False,1.0,1.0,68.0,45.0,0.0,31.8,False,True,False,False,True,11.0,2,True,152.0,255.0,152,DISC,SPOKED,0.0,0.0,0.0,0.0,280.0,780.0,28.6,350.0,1.0
395.0,58.0,590.0,72.0,180.0,60.0,600.0,74.0,630.0,48.0,45.0,33.6,33.6,33.6,33.6,13.5,15.0,CARBON,30.0,35.0,45.0,330.0,350.0,17.0,19.0,True,True,130.0,0.9,0.9,1.0,1.1,0.9,0.9,0.9,680.0,50.0,680.0,50.0,0.0,2,False,1.0,3.0,70.0,44.0,0.0,34.9,True,False,True,True,False,8.0,1,False,0.0,255.0,127,SPOKED,SPOKED,0.0,0.0,0.0,0.0,300.0,770.0,33.6,340.0,1.0
420.0,62.0,605.0,73.5,200.0,50.0,590.0,73.0,650.0,52.0,47.0,28.6,28.6,28.6,28.6,13.0,15.0,ALUMINIUM,32.0,34.0,40.0,330.0,350.0,16.0,18.0,False,False,135.0,1.2,1.2,1.0,1.2,1.1,1.1,1.2,700.0,52.0,700.0,52.0,0.0,0,False,1.0,1.0,72.0,48.0,0.0,31.8,False,True,True,False,True,9.0,1,True,144.0,238.0,144,DISC,DISC,0.0,0.0,0.0,0.0,290.0,790.0,28.6,360.0,1.0
405.0,60.0,620.0,72.5,240.0,45.0,610.0,74.0,660.0,46.0,45.0,33.6,33.6,33.6,33.6,14.0,15.0,BAMBOO,36.0,38.0,48.0,330.0,350.0,18.0,20.0,True,True,135.0,1.0,0.9,1.1,1.1,1.0,1.0,1.0,680.0,54.0,680.0,54.0,0.0,1,False,1.0,1.0,68.0,46.0,0.0,38.0,True,True,True,True,False,11.0,2,True,32.0,178.0,170,SPOKED,SPOKED,0.0,0.0,0.0,0.0,300.0,800.0,33.6,400.0,1.0
430.0,55.0,630.0,74.0,230.0,52.0,560.0,73.0,640.0,50.0,50.0,28.6,28.6,28.6,28.6,13.0,15.0,STEEL,34.0,37.0,44.0,330.0,350.0,16.0,18.0,False,False,130.0,1.0,1.0,1.0,0.9,0.9,0.9,1.0,695.0,50.0,695.0,50.0,0.0,2,False,1.0,1.0,69.0,47.0,0.0,31.8,False,False,False,False,True,8.0,1,False,0.0,255.0,127,DISC,DISC,0.0,0.0,0.0,0.0,270.0,790.0,28.6,320.0,1.0
400.0,65.0,580.0,72.0,210.0,58.0,600.0,73.5,620.0,49.0,45.0,33.6,33.6,33.6,33.6,13.0,15.0,CARBON,31.0,34.0,43.0,330.0,350.0,17.0,19.0,True,False,135.0,0.9,1.0,1.0,1.1,1.0,1.0,1.0,680.0,52.0,680.0,52.0,0.0,0,False,1.0,1.0,68.0,44.0,0.0,34.9,True,True,True,False,False,12.0,2,True,143.0,188.0,143,SPOKED,DISC,0.0,0.0,0.0,0.0,285.0,760.0,33.6,380.0,1.0
415.0,63.0,595.0,73.0,225.0,47.0,575.0,73.8,645.0,47.0,46.0,28.6,28.6,28.6,28.6,13.0,15.0,ALUMINIUM,33.0,35.0,46.0,330.0,350.0,16.0,18.0,False,False,130.0,1.0,1.0,1.0,1.0,0.9,0.9,0.9,690.0,51.0,690.0,51.0,0.0,1,False,1.0,1.0,70.0,45.0,0.0,31.8,False,False,True,True,True,10.0,1,False,60.0,179.0,113,SPOKED,SPOKED,0.0,0.0,0.0,0.0,275.0,775.0,28.6,365.0,1.0
398.0,61.0,605.0,72.2,190.0,53.0,585.0,73.2,635.0,50.0,45.0,33.6,33.6,33.6,33.6,14.0,15.0,CARBON,34.0,37.0,44.0,330.0,350.0,17.0,19.0,True,True,135.0,1.1,1.1,1.0,1.1,1.0,1.0,1.0,685.0,52.0,685.0,52.0,0.0,2,False,1.0,3.0,68.0,46.0,0.0,34.9,False,True,False,True,False,11.0,2,True,0.0,250.0,154,SPOKED,DISC,0.0,0.0,0.0,0.0,295.0,785.0,33.6,375.0,1.0
425.0,59.0,615.0,73.8,215.0,49.0,595.0,73.4,655.0,49.0,48.0,28.6,28.6,28.6,28.6,13.0,15.0,TITANIUM,32.0,36.0,47.0,330.0,350.0,16.0,18.0,False,False,135.0,1.0,1.0,1.0,1.1,1.0,1.0,1.0,692.0,52.0,692.0,52.0,0.0,0,False,1.0,1.0,68.0,45.0,0.0,31.8,True,False,True,False,True,9.0,2,True,152.0,251.0,152,DISC,SPOKED,0.0,0.0,0.0,0.0,285.0,800.0,28.6,380.0,1.0
412.0,57.0,600.0,72.7,205.0,54.0,580.0,73.6,640.0,51.0,45.0,28.6,28.6,28.6,28.6,13.0,15.0,ALUMINIUM,33.0,35.0,45.0,330.0,350.0,16.0,18.0,False,False,130.0,1.1,1.1,1.0,1.2,1.1,1.1,1.1,688.0,51.0,688.0,51.0,0.0,1,False,1.0,1.0,70.0,46.0,0.0,31.8,False,True,True,True,True,10.0,1,False,46.0,139.0,87,DISC,DISC,0.0,0.0,0.0,0.0,280.0,780.0,28.6,360.0,1.0
430.0,65.0,600.0,72.0,140.0,45.0,560.0,73.0,630.0,50.0,40.0,30.0,28.6,36.5,23.35,13.0,15.0,ALUMINIUM,30.0,50.0,45.0,330.0,350.0,16.0,18.0,False,False,135.0,2.0,0.9,1.1,0.9,1.2,1.0,0.9,680.0,52.0,680.0,52.0,0.0,1,False,1.0,1.0,68.0,45.0,0.0,31.8,False,True,True,True,True,9.0,1,True,152.0,255.0,152,SPOKED,SPOKED,0.0,0.0,0.0,0.0,280.0,750.0,35.0,350.0,1.0
445.0,70.0,615.0,73.0,150.0,50.0,575.0,73.5,640.0,48.0,45.0,32.0,30.0,36.5,23.35,13.0,15.0,STEEL,32.0,50.0,44.0,330.0,350.0,16.0,18.0,False,False,135.0,2.0,0.9,1.1,0.9,1.2,1.0,0.9,680.0,55.0,680.0,55.0,0.0,1,False,1.0,1.0,68.0,44.0,0.0,31.8,False,True,True,True,True,10.0,1,True,140.0,255.0,140,SPOKED,SPOKED,0.0,0.0,0.0,0.0,290.0,760.0,34.0,360.0,1.0
430.0,62.0,590.0,72.5,135.0,45.0,550.0,72.0,625.0,52.0,40.0,28.0,26.0,36.5,23.35,13.0,15.0,CARBON,28.0,48.0,42.0,330.0,350.0,16.0,18.0,False,False,130.0,2.0,0.9,1.1,0.9,1.2,1.0,0.9,674.0,52.0,674.0,52.0,0.0,1,False,1.0,3.0,70.0,46.0,0.0,31.8,False,True,True,True,True,11.0,2,True,152.0,255.0,152,SPOKED,SPOKED,0.0,0.0,0.0,0.0,280.0,740.0,35.0,380.0,1.0
420.0,65.0,605.0,71.8,145.0,48.0,560.0,73.2,630.0,50.0,42.0,31.0,29.0,36.5,23.35,13.0,15.0,TITANIUM,30.0,52.0,45.0,330.0,350.0,16.0,18.0,False,False,135.0,2.0,0.9,1.1,0.9,1.2,1.0,0.9,680.0,54.0,680.0,54.0,0.0,1,False,1.0,1.0,68.0,45.0,0.0,31.8,False,True,True,True,True,9.0,1,True,160.0,255.0,160,SPOKED,SPOKED,0.0,0.0,0.0,0.0,300.0,770.0,36.0,340.0,1.0
450.0,68.0,620.0,72.3,155.0,50.0,580.0,73.7,645.0,49.0,40.0,30.0,28.0,36.5,23.35,13.0,15.0,ALUMINIUM,34.0,54.0,47.0,330.0,350.0,16.0,18.0,False,False,135.0,2.0,0.9,1.1,0.9,1.2,1.0,0.9,688.0,52.0,688.0,52.0,0.0,1,False,1.0,2.0,68.0,46.0,0.0,31.8,False,True,True,True,True,10.0,2,True,170.0,240.0,180,SPOKED,SPOKED,0.0,0.0,0.0,0.0,285.0,755.0,34.5,370.0,1.0
435.0,63.0,595.0,73.5,142.0,46.0,565.0,72.8,635.0,53.0,45.0,29.0,27.0,36.5,23.35,13.0,15.0,CARBON,29.0,49.0,43.0,330.0,350.0,16.0,18.0,False,True,130.0,2.0,0.9,1.1,0.9,1.2,1.0,0.9,680.0,52.0,680.0,52.0,0.0,1,False,1.0,1.0,68.0,44.0,0.0,31.8,False,True,False,True,True,8.0,1,True,152.0,245.0,155,SPOKED,SPOKED,0.0,0.0,0.0,0.0,275.0,745.0,35.0,360.0,1.0
425.0,66.0,610.0,72.0,148.0,47.0,570.0,73.0,640.0,50.0,42.0,31.0,28.0,36.5,23.35,13.0,15.0,STEEL,31.0,51.0,46.0,330.0,350.0,16.0,18.0,False,False,135.0,2.0,0.9,1.1,0.9,1.2,1.0,0.9,680.0,53.0,680.0,53.0,0.0,1,False,1.0,1.0,68.0,45.0,0.0,31.8,False,True,True,False,True,11.0,1,True,150.0,255.0,150,SPOKED,SPOKED,0.0,0.0,0.0,0.0,295.0,765.0,35.0,365.0,1.0
415.0,64.0,605.0,72.3,140.0,46.0,565.0,73.1,637.0,50.0,45.0,30.0,28.0,36.5,23.35,13.0,15.0,BAMBOO,30.0,50.0,45.0,330.0,350.0,16.0,18.0,False,False,135.0,2.0,0.9,1.1,0.9,1.2,1.0,0.9,678.0,53.0,678.0,53.0,0.0,1,False,1.0,1.0,68.0,44.0,0.0,31.8,False,True,True,True,True,9.0,2,True,130.0,255.0,130,SPOKED,SPOKED,0.0,0.0,0.0,0.0,290.0,750.0,34.0,350.0,1.0
405.0,67.0,600.0,71.5,138.0,45.0,560.0,73.4,630.0,49.0,40.0,30.0,28.0,36.5,23.35,13.0,15.0,OTHER,29.0,48.0,44.0,330.0,350.0,16.0,18.0,False,False,130.0,2.0,0.9,1.1,0.9,1.2,1.0,0.9,680.0,52.0,680.0,52.0,0.0,1,False,1.0,1.0,67.0,45.0,0.0,31.8,False,True,True,True,True,10.0,1,True,158.0,255.0,158,SPOKED,SPOKED,0.0,0.0,0.0,0.0,285.0,755.0,35.0,360.0,1.0
435.0,65.0,615.0,72.7,146.0,49.0,572.0,73.3,642.0,51.0,45.0,30.0,28.0,36.5,23.35,13.0,15.0,CARBON,33.0,53.0,46.0,330.0,350.0,16.0,18.0,False,False,135.0,2.0,0.9,1.1,0.9,1.2,1.0,0.9,680.0,54.0,680.0,54.0,0.0,1,False,1.0,1.0,68.0,46.0,0.0,31.8,False,True,True,True,True,9.0,2,True,152.0,250.0,150,SPOKED,SPOKED,0.0,0.0,0.0,0.0,295.0,760.0,35.0,370.0,1.0
405.0,70.0,600.0,70.0,150.0,45.0,540.0,73.0,650.0,50.0,42.0,28.6,36.5,23.35,13.0,13.0,15.0,ALUMINIUM,30.0,40.0,40.0,330.0,350.0,16.0,18.0,False,False,135.0,2.0,0.9,1.1,0.9,0.9,0.9,0.9,674.0,52.0,674.0,52.0,0.0,1,False,1.0,1.0,68.0,45.0,0.0,31.8,True,False,True,True,True,8.0,1,True,152.0,255.0,128,SPOKED,SPOKED,0.0,0.0,0.0,0.0,278.0,762.0,34.9,300.0,1.0
410.0,68.0,610.0,71.0,155.0,45.0,545.0,74.0,655.0,52.0,42.0,28.6,36.5,23.35,13.0,13.0,15.0,ALUMINIUM,30.0,40.0,40.0,330.0,350.0,16.0,18.0,False,False,135.0,2.0,0.9,1.1,0.9,0.9,0.9,0.9,674.0,52.0,674.0,52.0,0.0,1,False,1.0,1.0,68.0,45.0,0.0,31.8,True,False,True,True,True,8.0,1,True,152.0,255.0,128,SPOKED,SPOKED,0.0,0.0,0.0,0.0,278.0,762.0,34.9,300.0,1.0
420.0,65.0,590.0,69.0,145.0,45.0,535.0,73.5,640.0,48.0,42.0,28.6,36.5,23.35,13.0,13.0,15.0,ALUMINIUM,30.0,40.0,40.0,330.0,350.0,16.0,18.0,False,False,135.0,2.0,0.9,1.1,0.9,0.9,0.9,0.9,674.0,52.0,674.0,52.0,0.0,1,False,1.0,1.0,68.0,45.0,0.0,31.8,True,False,True,True,True,8.0,1,True,152.0,255.0,128,SPOKED,SPOKED,0.0,0.0,0.0,0.0,278.0,762.0,34.9,300.0,1.0
400.0,72.0,605.0,70.5,160.0,45.0,550.0,74.5,660.0,50.0,42.0,28.6,36.5,23.35,13.0,13.0,15.0,STEEL,30.0,40.0,40.0,330.0,350.0,16.0,18.0,False,False,135.0,2.0,0.9,1.1,0.9,0.9,0.9,0.9,674.0,52.0,674.0,52.0,0.0,1,False,1.0,1.0,68.0,45.0,0.0,31.8,True,False,True,True,True,8.0,1,True,152.0,255.0,128,SPOKED,SPOKED,0.0,0.0,0.0,0.0,278.0,762.0,34.9,300.0,1.0
395.0,75.0,580.0,69.5,140.0,45.0,530.0,72.5,635.0,49.0,42.0,28.6,36.5,23.35,13.0,13.0,15.0,CARBON,30.0,40.0,40.0,330.0,350.0,16.0,18.0,False,False,135.0,2.0,0.9,1.1,0.9,0.9,0.9,0.9,674.0,52.0,674.0,52.0,0.0,1,False,1.0,1.0,68.0,45.0,0.0,31.8,True,False,True,True,True,8.0,1,True,152.0,255.0,128,SPOKED,SPOKED,0.0,0.0,0.0,0.0,278.0,762.0,34.9,300.0,1.0
405.0,70.0,600.0,70.0,150.0,45.0,540.0,73.0,650.0,50.0,42.0,28.6,36.5,23.35,13.0,13.0,15.0,TITANIUM,30.0,40.0,40.0,330.0,350.0,16.0,18.0,False,False,135.0,2.0,0.9,1.1,0.9,0.9,0.9,0.9,674.0,52.0,674.0,52.0,0.0,1,False,1.0,1.0,68.0,45.0,0.0,31.8,True,False,True,True,True,8.0,1,True,152.0,255.0,128,SPOKED,SPOKED,0.0,0.0,0.0,0.0,278.0,762.0,34.9,300.0,1.0
408.0,67.0,598.0,71.0,158.0,45.0,548.0,74.0,655.0,51.0,42.0,28.6,36.5,23.35,13.0,13.0,15.0,BAMBOO,30.0,40.0,40.0,330.0,350.0,16.0,18.0,False,False,135.0,2.0,0.9,1.1,0.9,0.9,0.9,0.9,674.0,52.0,674.0,52.0,0.0,1,False,1.0,1.0,68.0,45.0,0.0,31.8,True,False,True,True,True,8.0,1,True,152.0,255.0,128,SPOKED,SPOKED,0.0,0.0,0.0,0.0,278.0,762.0,34.9,300.0,1.0
415.0,69.0,602.0,70.0,152.0,45.0,542.0,73.0,648.0,53.0,42.0,28.6,36.5,23.35,13.0,13.0,15.0,STEEL,30.0,40.0,40.0,330.0,350.0,16.0,18.0,False,False,135.0,2.0,0.9,1.1,0.9,0.9,0.9,0.9,674.0,52.0,674.0,52.0,0.0,1,False,1.0,1.0,68.0,45.0,0.0,31.8,True,False,True,True,True,8.0,1,True,152.0,255.0,128,SPOKED,SPOKED,0.0,0.0,0.0,0.0,278.0,762.0,34.9,300.0,1.0
412.0,66.0,595.0,71.5,147.0,45.0,538.0,74.0,642.0,52.0,42.0,28.6,36.5,23.35,13.0,13.0,15.0,ALUMINIUM,30.0,40.0,40.0,330.0,350.0,16.0,18.0,False,False,135.0,2.0,0.9,1.1,0.9,0.9,0.9,0.9,674.0,52.0,674.0,52.0,0.0,1,False,1.0,1.0,68.0,45.0,0.0,31.8,True,False,True,True,True,8.0,1,True,152.0,255.0,128,SPOKED,SPOKED,0.0,0.0,0.0,0.0,278.0,762.0,34.9,300.0,1.0
418.0,68.0,608.0,69.8,155.0,45.0,546.0,73.8,652.0,50.0,42.0,28.6,36.5,23.35,13.0,13.0,15.0,CARBON,30.0,40.0,40.0,330.0,350.0,16.0,18.0,False,False,135.0,2.0,0.9,1.1,0.9,0.9,0.9,0.9,674.0,52.0,674.0,52.0,0.0,1,False,1.0,1.0,68.0,45.0,0.0,31.8,True,False,True,True,True,8.0,1,True,152.0,255.0,128,SPOKED,SPOKED,0.0,0.0,0.0,0.0,278.0,762.0,34.9,300.0,1.0
410.0,75.0,610.0,74.0,150.0,55.0,560.0,73.5,660.0,50.0,45.0,28.6,36.5,23.35,13.0,13.0,15.0,ALUMINIUM,40.0,40.0,45.0,330.0,350.0,16.0,18.0,False,False,135.0,2.0,0.9,1.1,0.9,1.2,1.0,0.9,674.0,52.0,674.0,52.0,0.0,1,False,1.0,1.0,68.0,45.0,0.0,31.8,False,False,True,True,True,8.0,2,True,152.0,255.0,152,SPOKED,SPOKED,1.0,1.0,80.0,80.0,300.0,760.0,34.9,720.0,1.0
430.0,70.0,620.0,73.5,140.0,50.0,580.0,74.0,650.0,48.0,45.0,28.6,36.5,23.35,13.0,13.0,15.0,STEEL,35.0,45.0,50.0,330.0,350.0,16.0,18.0,False,False,135.0,2.0,0.9,1.1,0.9,1.2,1.0,0.9,674.0,52.0,674.0,52.0,0.0,0,False,1.0,1.0,68.0,45.0,0.0,31.8,False,False,True,True,True,7.0,1,False,152.0,255.0,152,SPOKED,SPOKED,1.0,1.0,80.0,80.0,290.0,750.0,34.9,700.0,1.0
450.0,65.0,605.0,75.0,160.0,60.0,540.0,73.0,670.0,52.0,45.0,28.6,36.5,23.35,13.0,13.0,15.0,CARBON,45.0,50.0,40.0,330.0,350.0,16.0,18.0,True,True,130.0,2.0,0.9,1.1,0.9,1.2,1.0,0.9,674.0,52.0,674.0,52.0,0.0,2,False,1.0,1.0,68.0,45.0,0.0,31.8,False,False,True,True,True,9.0,1,True,152.0,255.0,152,SPOKED,SPOKED,1.0,1.0,80.0,80.0,285.0,770.0,34.9,740.0,1.0
420.0,78.0,615.0,74.5,130.0,52.0,550.0,74.5,640.0,50.0,45.0,28.6,36.5,23.35,13.0,13.0,15.0,TITANIUM,38.0,42.0,48.0,330.0,350.0,16.0,18.0,False,False,135.0,2.0,0.9,1.1,0.9,1.2,1.0,0.9,674.0,52.0,674.0,52.0,0.0,1,False,1.0,1.0,68.0,45.0,0.0,31.8,False,False,True,True,True,10.0,2,False,152.0,255.0,152,SPOKED,SPOKED,1.0,1.0,80.0,80.0,295.0,780.0,34.9,760.0,1.0
400.0,70.0,600.0,73.0,170.0,48.0,565.0,73.0,655.0,49.0,45.0,28.6,36.5,23.35,13.0,13.0,15.0,BAMBOO,42.0,44.0,46.0,330.0,350.0,16.0,18.0,False,False,135.0,2.0,0.9,1.1,0.9,1.2,1.0,0.9,674.0,52.0,674.0,52.0,0.0,1,False,1.0,1.0,68.0,45.0,0.0,31.8,False,False,True,True,True,8.0,1,True,152.0,255.0,152,SPOKED,SPOKED,1.0,1.0,80.0,80.0,300.0,765.0,34.9,730.0,1.0
440.0,68.0,605.0,75.0,155.0,58.0,575.0,73.5,660.0,51.0,45.0,28.6,36.5,23.35,13.0,13.0,15.0,ALUMINIUM,36.0,46.0,44.0,330.0,350.0,16.0,18.0,False,False,130.0,2.0,0.9,1.1,0.9,1.2,1.0,0.9,674.0,52.0,674.0,52.0,0.0,0,False,1.0,1.0,68.0,45.0,0.0,31.8,False,False,True,True,True,9.0,2,False,152.0,255.0,152,SPOKED,SPOKED,1.0,1.0,80.0,80.0,280.0,755.0,34.9,710.0,1.0
460.0,62.0,630.0,73.5,145.0,54.0,590.0,74.0,670.0,52.0,45.0,28.6,36.5,23.35,13.0,13.0,15.0,STEEL,40.0,48.0,42.0,330.0,350.0,16.0,18.0,True,True,130.0,2.0,0.9,1.1,0.9,1.2,1.0,0.9,674.0,52.0,674.0,52.0,0.0,1,False,1.0,1.0,68.0,45.0,0.0,31.8,True,True,True,True,True,7.0,2,True,152.0,255.0,152,SPOKED,SPOKED,1.0,1.0,80.0,80.0,290.0,770.0,34.9,750.0,1.0
480.0,75.0,620.0,74.0,165.0,56.0,585.0,74.0,665.0,50.0,45.0,28.6,36.5,23.35,13.0,13.0,15.0,CARBON,44.0,50.0,45.0,330.0,350.0,16.0,18.0,False,False,135.0,2.0,0.9,1.1,0.9,1.2,1.0,0.9,674.0,52.0,674.0,52.0,0.0,1,False,1.0,1.0,68.0,45.0,0.0,31.8,False,False,True,True,True,10.0,1,False,152.0,255.0,152,SPOKED,SPOKED,1.0,1.0,80.0,80.0,305.0,785.0,34.9,780.0,1.0
395.0,69.0,595.0,73.5,125.0,53.0,555.0,73.0,645.0,49.0,45.0,28.6,36.5,23.35,13.0,13.0,15.0,STEEL,33.0,43.0,47.0,330.0,350.0,16.0,18.0,False,False,135.0,2.0,0.9,1.1,0.9,1.2,1.0,0.9,674.0,52.0,674.0,52.0,0.0,0,False,1.0,1.0,68.0,45.0,0.0,31.8,False,False,True,True,True,8.0,1,True,152.0,255.0,152,SPOKED,SPOKED,1.0,1.0,80.0,80.0,300.0,760.0,34.9,720.0,1.0
425.0,73.0,615.0,74.5,135.0,51.0,565.0,74.5,650.0,51.0,45.0,28.6,36.5,23.35,13.0,13.0,15.0,ALUMINIUM,39.0,49.0,49.0,330.0,350.0,16.0,18.0,False,False,130.0,2.0,0.9,1.1,0.9,1.2,1.0,0.9,674.0,52.0,674.0,52.0,0.0,1,False,1.0,1.0,68.0,45.0,0.0,31.8,False,False,True,True,True,9.0,2,False,152.0,255.0,152,SPOKED,SPOKED,1.0,1.0,80.0,80.0,295.0,775.0,34.9,780.0,1.0
405.0,70.0,600.0,73.0,150.0,45.0,550.0,73.0,640.0,45.0,40.0,28.6,33.6,36.5,23.35,13.0,15.0,ALUMINIUM,33.0,40.0,49.0,330.0,350.0,16.0,18.0,False,False,135.0,2.0,0.9,1.1,0.9,1.2,1.0,0.9,680.0,29.0,680.0,29.0,0.0,2,False,1.0,1.0,68.0,45.0,50.0,31.8,False,True,True,True,False,8.0,1,True,152.0,255.0,152,SPOKED,SPOKED,0.0,0.0,80.0,80.0,280.0,770.0,34.9,300.0,1.0
405.0,70.0,610.0,72.5,160.0,45.0,550.0,73.5,650.0,45.0,40.0,28.6,33.6,36.5,23.35,12.0,15.0,ALUMINIUM,32.0,42.0,50.0,330.0,350.0,16.0,18.0,False,False,130.0,2.0,0.9,1.1,0.9,1.2,1.0,0.9,680.0,29.0,680.0,29.0,0.0,1,False,1.0,1.0,68.0,45.0,55.0,31.8,True,False,True,True,False,8.0,1,True,144.0,238.0,144,SPOKED,SPOKED,0.0,0.0,80.0,80.0,280.0,770.0,34.9,300.0,1.0
405.0,70.0,590.0,73.5,145.0,45.0,550.0,72.5,630.0,45.0,40.0,28.6,33.6,36.5,23.35,12.0,14.0,ALUMINIUM,31.0,40.0,50.0,330.0,350.0,16.0,18.0,False,False,135.0,2.0,0.9,1.1,0.9,1.2,1.0,0.9,680.0,29.0,680.0,29.0,0.0,0,False,1.0,1.0,68.0,45.0,50.0,31.8,True,True,True,True,False,8.0,1,True,0.0,255.0,127,SPOKED,SPOKED,0.0,0.0,80.0,80.0,280.0,770.0,34.9,300.0,1.0
405.0,70.0,605.0,73.0,155.0,45.0,550.0,73.0,645.0,45.0,40.0,28.6,33.6,36.5,23.35,14.0,16.0,ALUMINIUM,34.0,41.0,48.0,330.0,350.0,16.0,18.0,False,False,135.0,2.0,0.9,1.1,0.9,1.2,1.0,0.9,680.0,29.0,680.0,29.0,0.0,0,False,1.0,1.0,68.0,45.0,50.0,31.8,False,False,True,True,False,8.0,1,True,34.0,139.0,34,SPOKED,SPOKED,0.0,0.0,80.0,80.0,280.0,770.0,34.9,300.0,1.0
405.0,70.0,595.0,74.0,140.0,45.0,550.0,74.0,635.0,45.0,40.0,28.6,33.6,36.5,23.35,13.5,15.0,ALUMINIUM,32.0,39.0,47.0,330.0,350.0,16.0,18.0,False,False,130.0,2.0,0.9,1.1,0.9,1.2,1.0,0.9,680.0,29.0,680.0,29.0,0.0,2,False,1.0,1.0,68.0,45.0,55.0,31.8,True,False,True,True,False,8.0,1,True,0.0,250.0,154,SPOKED,SPOKED,0.0,0.0,80.0,80.0,280.0,770.0,34.9,300.0,1.0
405.0,70.0,615.0,72.0,165.0,45.0,550.0,72.0,655.0,45.0,40.0,28.6,33.6,36.5,23.35,13.0,15.0,ALUMINIUM,35.0,43.0,46.0,330.0,350.0,16.0,18.0,False,False,135.0,2.0,0.9,1.1,0.9,1.2,1.0,0.9,680.0,29.0,680.0,29.0,0.0,1,False,1.0,1.0,68.0,45.0,55.0,31.8,False,False,True,True,False,8.0,1,True,0.0,255.0,0,SPOKED,SPOKED,0.0,0.0,80.0,80.0,280.0,770.0,34.9,300.0,1.0
400.0,70.0,600.0,73.0,150.0,45.0,550.0,73.0,640.0,45.0,40.0,28.6,33.6,36.5,23.35,13.0,15.0,ALUMINIUM,33.0,40.0,49.0,330.0,350.0,16.0,18.0,False,False,130.0,2.0,0.9,1.1,0.9,1.2,1.0,0.9,680.0,29.0,680.0,29.0,0.0,0,False,1.0,1.0,68.0,45.0,50.0,31.8,True,True,True,True,False,8.0,1,True,50.0,205.0,50,SPOKED,SPOKED,0.0,0.0,80.0,80.0,280.0,770.0,34.9,300.0,1.0
410.0,70.0,605.0,72.8,158.0,45.0,550.0,73.2,648.0,45.0,40.0,28.6,33.6,36.5,23.35,13.0,15.0,ALUMINIUM,34.0,43.0,49.0,330.0,350.0,16.0,18.0,False,False,135.0,2.0,0.9,1.1,0.9,1.2,1.0,0.9,680.0,29.0,680.0,29.0,0.0,0,False,1.0,1.0,68.0,45.0,50.0,31.8,False,True,True,True,False,8.0,1,True,127.0,255.0,212,SPOKED,SPOKED,0.0,0.0,80.0,80.0,280.0,770.0,34.9,300.0,1.0
395.0,70.0,590.0,73.2,148.0,45.0,550.0,72.8,632.0,45.0,40.0,28.6,33.6,36.5,23.35,12.0,15.0,ALUMINIUM,31.0,42.0,50.0,330.0,350.0,16.0,18.0,False,False,130.0,2.0,0.9,1.1,0.9,1.2,1.0,0.9,680.0,29.0,680.0,29.0,0.0,1,False,1.0,1.0,68.0,45.0,45.0,31.8,True,True,True,True,False,8.0,1,True,152.0,251.0,152,SPOKED,SPOKED,0.0,0.0,80.0,80.0,280.0,770.0,34.9,300.0,1.0
420.0,70.0,610.0,72.7,162.0,45.0,550.0,73.3,658.0,45.0,40.0,28.6,33.6,36.5,23.35,14.0,15.0,ALUMINIUM,36.0,41.0,49.0,330.0,350.0,16.0,18.0,False,False,135.0,2.0,0.9,1.1,0.9,1.2,1.0,0.9,680.0,29.0,680.0,29.0,0.0,2,False,1.0,1.0,68.0,45.0,60.0,31.8,False,True,True,True,False,8.0,1,True,143.0,188.0,143,SPOKED,SPOKED,0.0,0.0,80.0,80.0,280.0,770.0,34.9,300.0,1.0
425.0,70.0,570.0,73.0,160.0,50.0,540.0,73.0,650.0,45.0,40.0,30.0,36.5,23.0,15.0,13.0,9.0,ALUMINIUM,32.0,50.0,40.0,330.0,350.0,16.0,16.0,False,False,135.0,2.0,2.0,2.0,2.0,2.0,2.0,2.0,680.0,58.0,680.0,58.0,0.0,1,False,1.0,1.0,68.0,45.0,0.0,31.8,False,False,False,False,True,9.0,1,False,152.0,250.0,204,SPOKED,SPOKED,0.0,0.0,0.0,0.0,278.0,760.0,34.9,300.0,1.0
430.0,70.0,560.0,72.5,150.0,45.0,550.0,74.0,660.0,45.0,40.0,31.0,37.0,24.0,14.0,13.0,9.0,ALUMINIUM,30.0,55.0,42.0,330.0,350.0,18.0,18.0,False,False,135.0,2.0,2.0,2.0,2.0,2.0,2.0,2.0,680.0,58.0,680.0,58.0,0.0,0,False,1.0,1.0,68.0,45.0,0.0,31.8,False,False,False,False,True,10.0,1,False,152.0,250.0,204,SPOKED,SPOKED,0.0,0.0,0.0,0.0,278.0,760.0,34.9,300.0,1.0
420.0,70.0,580.0,73.5,170.0,55.0,530.0,73.5,640.0,45.0,40.0,29.0,39.0,25.0,16.0,13.0,9.0,ALUMINIUM,35.0,60.0,38.0,330.0,350.0,17.0,17.0,False,False,135.0,2.0,2.0,2.0,2.0,2.0,2.0,2.0,680.0,58.0,680.0,58.0,0.0,2,False,1.0,1.0,68.0,45.0,0.0,31.8,False,False,False,False,True,8.0,1,False,152.0,250.0,204,SPOKED,SPOKED,0.0,0.0,0.0,0.0,278.0,760.0,34.9,300.0,1.0
435.0,70.0,575.0,71.5,155.0,42.0,545.0,72.5,655.0,45.0,40.0,32.0,36.5,22.0,13.0,13.0,9.0,ALUMINIUM,28.0,48.0,45.0,330.0,350.0,16.0,16.0,False,False,135.0,2.0,2.0,2.0,2.0,2.0,2.0,2.0,680.0,58.0,680.0,58.0,0.0,1,False,1.0,1.0,68.0,45.0,0.0,31.8,False,False,False,False,True,11.0,1,False,152.0,250.0,204,SPOKED,SPOKED,0.0,0.0,0.0,0.0,278.0,760.0,34.9,300.0,1.0
440.0,70.0,565.0,74.0,165.0,48.0,560.0,73.0,670.0,45.0,40.0,30.0,38.0,23.5,15.5,13.0,9.0,ALUMINIUM,33.0,52.0,41.0,330.0,350.0,18.0,18.0,False,False,135.0,2.0,2.0,2.0,2.0,2.0,2.0,2.0,680.0,58.0,680.0,58.0,0.0,0,False,1.0,1.0,68.0,45.0,0.0,31.8,False,False,False,False,True,9.0,1,False,152.0,250.0,204,SPOKED,SPOKED,0.0,0.0,0.0,0.0,278.0,760.0,34.9,300.0,1.0
445.0,70.0,590.0,72.0,145.0,47.0,535.0,74.0,630.0,45.0,40.0,31.0,40.0,26.0,17.0,13.0,9.0,ALUMINIUM,31.0,45.0,44.0,330.0,350.0,16.0,16.0,False,False,135.0,2.0,2.0,2.0,2.0,2.0,2.0,2.0,680.0,58.0,680.0,58.0,0.0,2,False,1.0,1.0,68.0,45.0,0.0,31.8,False,False,False,False,True,10.0,1,False,152.0,250.0,204,SPOKED,SPOKED,0.0,0.0,0.0,0.0,278.0,760.0,34.9,300.0,1.0
428.0,70.0,550.0,72.8,158.0,53.0,555.0,73.2,660.0,45.0,40.0,30.5,37.5,24.5,14.5,13.0,9.0,ALUMINIUM,29.0,49.0,39.0,330.0,350.0,17.0,17.0,False,False,135.0,2.0,2.0,2.0,2.0,2.0,2.0,2.0,680.0,58.0,680.0,58.0,0.0,1,False,1.0,1.0,68.0,45.0,0.0,31.8,False,False,False,False,True,8.0,1,False,152.0,250.0,204,SPOKED,SPOKED,0.0,0.0,0.0,0.0,278.0,760.0,34.9,300.0,1.0
432.0,70.0,585.0,71.8,148.0,44.0,525.0,73.8,645.0,45.0,40.0,28.0,36.0,23.0,15.0,13.0,9.0,ALUMINIUM,34.0,53.0,43.0,330.0,350.0,16.0,16.0,False,False,135.0,2.0,2.0,2.0,2.0,2.0,2.0,2.0,680.0,58.0,680.0,58.0,0.0,0,False,1.0,1.0,68.0,45.0,0.0,31.8,False,False,False,False,True,11.0,1,False,152.0,250.0,204,SPOKED,SPOKED,0.0,0.0,0.0,0.0,278.0,760.0,34.9,300.0,1.0
438.0,70.0,565.0,73.2,162.0,46.0,545.0,72.8,655.0,45.0,40.0,31.5,37.0,22.5,13.5,13.0,9.0,ALUMINIUM,32.0,54.0,42.0,330.0,350.0,18.0,18.0,False,False,135.0,2.0,2.0,2.0,2.0,2.0,2.0,2.0,680.0,58.0,680.0,58.0,0.0,2,False,1.0,1.0,68.0,45.0,0.0,31.8,False,False,False,False,True,9.0,1,False,152.0,250.0,204,SPOKED,SPOKED,0.0,0.0,0.0,0.0,278.0,760.0,34.9,300.0,1.0
422.0,70.0,595.0,72.2,152.0,51.0,560.0,74.0,675.0,45.0,40.0,29.5,39.5,25.5,16.5,13.0,9.0,ALUMINIUM,30.0,56.0,40.0,330.0,350.0,16.0,16.0,False,False,135.0,2.0,2.0,2.0,2.0,2.0,2.0,2.0,680.0,58.0,680.0,58.0,0.0,1,False,1.0,1.0,68.0,45.0,0.0,31.8,False,False,False,False,True,10.0,1,False,152.0,250.0,204,SPOKED,SPOKED,0.0,0.0,0.0,0.0,278.0,760.0,34.9,300.0,1.0
400.0,70.0,620.0,72.5,140.0,50.0,560.0,73.0,600.0,45.0,45.0,32.0,36.5,36.5,36.5,13.0,15.0,ALUMINIUM,30.0,50.0,40.0,330.0,350.0,16.0,18.0,False,False,135.0,2.0,0.9,1.1,0.9,1.2,1.0,0.9,680.0,40.0,680.0,40.0,0.0,2,False,1.0,1.0,68.0,45.0,0.0,31.8,False,True,True,True,False,8.0,1,True,102.0,205.0,170,SPOKED,SPOKED,0.0,0.0,0.0,0.0,280.0,940.0,34.9,400.0,1.0
405.0,70.0,630.0,73.0,145.0,50.0,560.0,73.5,610.0,47.0,45.0,32.0,36.5,36.5,36.5,13.0,15.0,ALUMINIUM,32.0,50.0,42.0,330.0,350.0,16.0,18.0,False,False,137.0,2.0,0.9,1.1,0.9,1.2,1.0,0.9,680.0,40.0,680.0,40.0,0.0,2,False,1.0,1.0,68.0,45.0,0.0,31.8,False,True,True,True,False,8.0,1,True,102.0,205.0,170,SPOKED,SPOKED,0.0,0.0,0.0,0.0,280.0,940.0,34.9,400.0,1.0
410.0,70.0,640.0,72.0,150.0,50.0,560.0,72.5,620.0,44.0,45.0,32.0,36.5,36.5,36.5,13.0,15.0,ALUMINIUM,35.0,50.0,45.0,330.0,350.0,16.0,18.0,False,False,140.0,2.0,0.9,1.1,0.9,1.2,1.0,0.9,680.0,40.0,680.0,40.0,0.0,2,False,1.0,1.0,68.0,45.0,0.0,31.8,False,True,True,True,False,8.0,1,True,102.0,205.0,170,SPOKED,SPOKED,0.0,0.0,0.0,0.0,280.0,940.0,34.9,400.0,1.0
415.0,70.0,600.0,73.5,135.0,50.0,560.0,73.0,590.0,46.0,45.0,32.0,36.5,36.5,36.5,13.0,15.0,ALUMINIUM,33.0,50.0,43.0,330.0,350.0,16.0,18.0,False,False,142.0,2.0,0.9,1.1,0.9,1.2,1.0,0.9,680.0,40.0,680.0,40.0,0.0,2,False,1.0,1.0,68.0,45.0,0.0,31.8,False,True,True,True,False,8.0,1,True,102.0,205.0,170,SPOKED,SPOKED,0.0,0.0,0.0,0.0,280.0,940.0,34.9,400.0,1.0
420.0,70.0,610.0,72.8,138.0,50.0,560.0,72.8,605.0,45.0,45.0,32.0,36.5,36.5,36.5,13.0,15.0,ALUMINIUM,31.0,50.0,41.0,330.0,350.0,16.0,18.0,False,False,145.0,2.0,0.9,1.1,0.9,1.2,1.0,0.9,680.0,40.0,680.0,40.0,0.0,2,False,1.0,1.0,68.0,45.0,0.0,31.8,False,True,True,True,False,8.0,1,True,102.0,205.0,170,SPOKED,SPOKED,0.0,0.0,0.0,0.0,280.0,940.0,34.9,400.0,1.0
425.0,70.0,635.0,72.2,155.0,50.0,560.0,73.2,615.0,47.0,45.0,32.0,36.5,36.5,36.5,13.0,15.0,ALUMINIUM,34.0,50.0,44.0,330.0,350.0,16.0,18.0,False,False,135.0,2.0,0.9,1.1,0.9,1.2,1.0,0.9,680.0,40.0,680.0,40.0,0.0,2,False,1.0,1.0,68.0,45.0,0.0,31.8,False,True,True,True,False,8.0,1,True,102.0,205.0,170,SPOKED,SPOKED,0.0,0.0,0.0,0.0,280.0,940.0,34.9,400.0,1.0
430.0,70.0,625.0,73.1,142.0,50.0,560.0,72.2,605.0,44.0,45.0,32.0,36.5,36.5,36.5,13.0,15.0,ALUMINIUM,36.0,50.0,46.0,330.0,350.0,16.0,18.0,False,False,137.0,2.0,0.9,1.1,0.9,1.2,1.0,0.9,680.0,40.0,680.0,40.0,0.0,2,False,1.0,1.0,68.0,45.0,0.0,31.8,False,True,True,True,False,8.0,1,True,102.0,205.0,170,SPOKED,SPOKED,0.0,0.0,0.0,0.0,280.0,940.0,34.9,400.0,1.0
435.0,70.0,645.0,72.3,148.0,50.0,560.0,73.4,615.0,46.0,45.0,32.0,36.5,36.5,36.5,13.0,15.0,ALUMINIUM,29.0,50.0,39.0,330.0,350.0,16.0,18.0,False,False,140.0,2.0,0.9,1.1,0.9,1.2,1.0,0.9,680.0,40.0,680.0,40.0,0.0,2,False,1.0,1.0,68.0,45.0,0.0,31.8,False,True,True,True,False,8.0,1,True,102.0,205.0,170,SPOKED,SPOKED,0.0,0.0,0.0,0.0,280.0,940.0,34.9,400.0,1.0
440.0,70.0,615.0,73.3,132.0,50.0,560.0,72.7,595.0,45.0,45.0,32.0,36.5,36.5,36.5,13.0,15.0,ALUMINIUM,28.0,50.0,38.0,330.0,350.0,16.0,18.0,False,False,142.0,2.0,0.9,1.1,0.9,1.2,1.0,0.9,680.0,40.0,680.0,40.0,0.0,2,False,1.0,1.0,68.0,45.0,0.0,31.8,False,True,True,True,False,8.0,1,True,102.0,205.0,170,SPOKED,SPOKED,0.0,0.0,0.0,0.0,280.0,940.0,34.9,400.0,1.0
445.0,70.0,655.0,72.7,158.0,50.0,560.0,73.1,620.0,47.0,45.0,32.0,36.5,36.5,36.5,13.0,15.0,ALUMINIUM,37.0,50.0,47.0,330.0,350.0,16.0,18.0,False,False,145.0,2.0,0.9,1.1,0.9,1.2,1.0,0.9,680.0,40.0,680.0,40.0,0.0,2,False,1.0,1.0,68.0,45.0,0.0,31.8,False,True,True,True,False,8.0,1,True,102.0,205.0,170,SPOKED,SPOKED,0.0,0.0,0.0,0.0,280.0,940.0,34.9,400.0,1.0
410.0,70.0,600.0,73.0,150.0,50.0,580.0,74.0,630.0,55.0,45.0,30.0,36.5,23.35,30.0,15.0,15.0,ALUMINIUM,35.0,45.0,15.0,0.0,0.0,0.0,0.0,False,False,135.0,1.0,1.1,1.2,1.1,1.0,1.0,1.0,685.0,54.0,685.0,54.0,0.0,0,False,1.0,1.0,68.0,45.0,20.0,31.8,True,True,True,True,True,9.0,2,True,152.0,255.0,152,SPOKED,SPOKED,0.0,0.0,80.0,80.0,280.0,720.0,34.9,320.0,1.0
420.0,68.0,610.0,73.0,155.0,48.0,590.0,73.0,640.0,58.0,50.0,32.0,37.0,25.0,32.0,15.0,15.0,CARBON,36.0,46.0,18.0,0.0,0.0,0.0,0.0,False,False,135.0,1.0,1.1,1.2,1.1,1.0,1.0,1.0,685.0,54.0,685.0,54.0,0.0,1,False,1.0,1.0,68.0,45.0,20.0,31.8,True,True,True,True,True,10.0,2,True,152.0,255.0,152,SPOKED,SPOKED,0.0,0.0,80.0,80.0,285.0,725.0,34.9,330.0,1.0
430.0,75.0,620.0,73.0,160.0,52.0,600.0,73.5,650.0,56.0,40.0,31.0,36.0,24.0,31.0,15.0,15.0,STEEL,38.0,48.0,20.0,0.0,0.0,0.0,0.0,False,False,135.0,1.0,1.1,1.2,1.1,1.0,1.0,1.0,685.0,54.0,685.0,54.0,0.0,2,False,1.0,1.0,68.0,45.0,20.0,31.8,True,True,True,True,True,8.0,1,True,152.0,255.0,152,SPOKED,SPOKED,0.0,0.0,80.0,80.0,290.0,710.0,34.9,310.0,1.0
440.0,65.0,630.0,73.0,165.0,55.0,610.0,74.0,660.0,53.0,55.0,33.0,37.5,26.0,33.0,15.0,15.0,TITANIUM,39.0,49.0,22.0,0.0,0.0,0.0,0.0,False,False,135.0,1.0,1.1,1.2,1.1,1.0,1.0,1.0,685.0,54.0,685.0,54.0,0.0,0,False,1.0,1.0,68.0,45.0,20.0,31.8,True,True,True,True,True,11.0,2,True,152.0,255.0,152,SPOKED,SPOKED,0.0,0.0,80.0,80.0,295.0,730.0,34.9,340.0,1.0
450.0,72.0,640.0,73.0,170.0,50.0,620.0,74.0,670.0,54.0,60.0,30.0,36.5,27.0,34.0,15.0,15.0,BAMBOO,37.0,47.0,17.0,0.0,0.0,0.0,0.0,False,False,135.0,1.0,1.1,1.2,1.1,1.0,1.0,1.0,685.0,54.0,685.0,54.0,0.0,1,False,1.0,1.0,68.0,45.0,20.0,31.8,True,True,True,True,True,9.0,3,True,152.0,255.0,152,SPOKED,SPOKED,0.0,0.0,80.0,80.0,285.0,735.0,34.9,350.0,1.0
460.0,68.0,650.0,73.0,175.0,53.0,630.0,75.0,680.0,57.0,50.0,32.0,36.0,28.0,32.0,15.0,15.0,CARBON,36.0,46.0,16.0,0.0,0.0,0.0,0.0,False,False,135.0,1.0,1.1,1.2,1.1,1.0,1.0,1.0,685.0,54.0,685.0,54.0,0.0,2,False,1.0,1.0,68.0,45.0,20.0,31.8,True,True,True,True,True,12.0,2,True,152.0,255.0,152,SPOKED,SPOKED,0.0,0.0,80.0,80.0,300.0,740.0,34.9,345.0,1.0
415.0,78.0,590.0,73.0,145.0,46.0,565.0,73.0,625.0,59.0,48.0,31.0,37.0,29.0,30.0,15.0,15.0,STEEL,34.0,44.0,14.0,0.0,0.0,0.0,0.0,False,False,135.0,1.0,1.1,1.2,1.1,1.0,1.0,1.0,685.0,54.0,685.0,54.0,0.0,0,False,1.0,1.0,68.0,45.0,20.0,31.8,True,True,True,True,True,8.0,1,True,152.0,255.0,152,SPOKED,SPOKED,0.0,0.0,80.0,80.0,275.0,705.0,34.9,315.0,1.0
425.0,66.0,605.0,73.0,142.0,49.0,575.0,74.0,635.0,52.0,42.0,30.0,36.0,23.35,28.0,15.0,15.0,ALUMINIUM,33.0,43.0,13.0,0.0,0.0,0.0,0.0,False,False,135.0,1.0,1.1,1.2,1.1,1.0,1.0,1.0,685.0,54.0,685.0,54.0,0.0,1,False,1.0,1.0,68.0,45.0,20.0,31.8,True,True,True,True,True,10.0,1,True,152.0,255.0,152,SPOKED,SPOKED,0.0,0.0,80.0,80.0,282.0,718.0,34.9,328.0,1.0
435.0,74.0,615.0,73.0,158.0,51.0,590.0,73.5,650.0,54.0,47.0,32.0,36.5,24.0,29.0,15.0,15.0,BAMBOO,35.0,45.0,19.0,0.0,0.0,0.0,0.0,False,False,135.0,1.0,1.1,1.2,1.1,1.0,1.0,1.0,685.0,54.0,685.0,54.0,0.0,2,False,1.0,1.0,68.0,45.0,20.0,31.8,True,True,True,True,True,9.0,2,True,152.0,255.0,152,SPOKED,SPOKED,0.0,0.0,80.0,80.0,288.0,725.0,34.9,338.0,1.0
445.0,69.0,625.0,73.0,168.0,54.0,605.0,74.5,665.0,56.0,53.0,33.0,37.0,26.0,31.0,15.0,15.0,OTHER,40.0,50.0,21.0,0.0,0.0,0.0,0.0,False,False,135.0,1.0,1.1,1.2,1.1,1.0,1.0,1.0,685.0,54.0,685.0,54.0,0.0,0,False,1.0,1.0,68.0,45.0,20.0,31.8,True,True,True,True,True,11.0,2,True,152.0,255.0,152,SPOKED,SPOKED,0.0,0.0,80.0,80.0,296.0,732.0,34.9,345.0,1.0
405.0,70.0,600.0,74.0,150.0,45.0,550.0,73.0,660.0,40.0,40.0,30.0,36.0,23.0,23.0,13.0,15.0,ALUMINIUM,17.0,45.0,47.0,0.0,0.0,0.0,0.0,False,False,135.0,2.0,0.9,1.1,0.9,0.9,1.0,0.9,680.0,52.0,680.0,52.0,0.0,0,False,1.0,1.0,68.0,45.0,0.0,31.8,True,True,True,True,True,9.0,1,True,152.0,255.0,152,SPOKED,SPOKED,1.0,1.0,80.0,80.0,300.0,750.0,34.9,740.0,1.0
420.0,65.0,620.0,73.5,160.0,50.0,560.0,73.5,650.0,45.0,40.0,30.0,36.0,23.5,23.5,13.0,15.0,STEEL,18.0,46.0,48.0,0.0,0.0,0.0,0.0,False,False,130.0,2.0,0.9,1.1,0.9,0.9,1.0,0.9,680.0,50.0,680.0,50.0,0.0,1,False,1.0,1.0,68.0,45.0,0.0,31.8,True,False,True,True,False,0.0,0,True,152.0,255.0,152,SPOKED,SPOKED,1.0,1.0,80.0,80.0,290.0,740.0,34.9,760.0,1.0
400.0,75.0,590.0,75.0,140.0,48.0,540.0,74.0,670.0,38.0,40.0,35.0,36.0,23.0,23.0,13.0,15.0,CARBON,16.0,44.0,46.0,0.0,0.0,0.0,0.0,False,False,135.0,2.0,0.9,1.1,0.9,0.9,1.0,0.9,680.0,52.0,680.0,52.0,0.0,2,False,1.0,1.0,68.0,45.0,0.0,31.8,False,True,False,True,True,11.0,2,True,152.0,255.0,152,SPOKED,SPOKED,1.0,1.0,80.0,80.0,280.0,760.0,34.9,720.0,1.0
430.0,68.0,600.0,74.5,155.0,46.0,555.0,73.8,645.0,42.0,40.0,32.0,36.0,23.0,23.0,13.0,15.0,BAMBOO,17.0,45.0,47.0,0.0,0.0,0.0,0.0,False,False,130.0,2.0,0.9,1.1,0.9,0.9,1.0,0.9,680.0,52.0,680.0,52.0,0.0,1,False,1.0,1.0,68.0,45.0,0.0,31.8,True,False,True,False,False,0.0,0,True,152.0,255.0,152,SPOKED,SPOKED,1.0,1.0,80.0,80.0,300.0,730.0,34.9,735.0,1.0
415.0,72.0,610.0,73.0,145.0,47.0,565.0,73.0,655.0,43.0,40.0,30.0,36.0,23.0,23.0,13.0,15.0,ALUMINIUM,18.0,47.0,49.0,0.0,0.0,0.0,0.0,False,False,135.0,2.0,0.9,1.1,0.9,0.9,1.0,0.9,680.0,52.0,680.0,52.0,0.0,2,False,1.0,1.0,68.0,45.0,0.0,31.8,False,True,True,True,True,10.0,1,True,152.0,255.0,152,SPOKED,SPOKED,1.0,1.0,80.0,80.0,290.0,755.0,34.9,760.0,1.0
425.0,69.0,630.0,72.5,165.0,49.0,570.0,72.8,635.0,46.0,40.0,30.0,36.0,23.0,23.0,13.0,15.0,STEEL,19.0,48.0,50.0,0.0,0.0,0.0,0.0,False,False,130.0,2.0,0.9,1.1,0.9,0.9,1.0,0.9,680.0,52.0,680.0,52.0,0.0,0,False,1.0,1.0,68.0,45.0,0.0,31.8,True,True,True,True,True,12.0,2,True,152.0,255.0,152,SPOKED,SPOKED,1.0,1.0,80.0,80.0,280.0,760.0,34.9,720.0,1.0
395.0,77.0,570.0,75.0,135.0,44.0,530.0,74.0,675.0,37.0,40.0,30.0,36.0,23.0,23.0,13.0,15.0,ALUMINIUM,15.0,43.0,45.0,0.0,0.0,0.0,0.0,False,False,135.0,2.0,0.9,1.1,0.9,0.9,1.0,0.9,680.0,52.0,680.0,52.0,0.0,1,False,1.0,1.0,68.0,45.0,0.0,31.8,True,False,True,True,False,0.0,0,True,152.0,255.0,152,SPOKED,SPOKED,1.0,1.0,80.0,80.0,300.0,730.0,34.9,750.0,1.0
410.0,68.0,615.0,73.2,150.0,47.0,555.0,73.3,660.0,42.0,40.0,32.0,36.0,23.0,23.0,13.0,15.0,CARBON,17.0,45.0,47.0,0.0,0.0,0.0,0.0,False,False,135.0,2.0,0.9,1.1,0.9,0.9,1.0,0.9,680.0,52.0,680.0,52.0,0.0,2,False,1.0,1.0,68.0,45.0,0.0,31.8,True,True,True,True,True,11.0,1,True,152.0,255.0,152,SPOKED,SPOKED,1.0,1.0,80.0,80.0,290.0,745.0,34.9,730.0,1.0
430.0,66.0,605.0,74.0,160.0,49.0,560.0,73.8,658.0,44.0,40.0,30.0,36.0,23.0,23.0,13.0,15.0,ALUMINIUM,18.0,46.0,48.0,0.0,0.0,0.0,0.0,False,False,130.0,2.0,0.9,1.1,0.9,0.9,1.0,0.9,680.0,52.0,680.0,52.0,0.0,0,False,1.0,1.0,68.0,45.0,0.0,31.8,False,True,True,False,True,9.0,2,True,152.0,255.0,152,SPOKED,SPOKED,1.0,1.0,80.0,80.0,300.0,760.0,34.9,750.0,1.0
400.0,80.0,590.0,75.0,130.0,43.0,520.0,74.5,680.0,36.0,40.0,30.0,36.0,23.0,23.0,13.0,15.0,STEEL,15.0,43.0,45.0,0.0,0.0,0.0,0.0,False,False,135.0,2.0,0.9,1.1,0.9,0.9,1.0,0.9,680.0,52.0,680.0,52.0,0.0,1,False,1.0,1.0,68.0,45.0,0.0,31.8,True,True,True,True,False,0.0,0,True,152.0,255.0,152,SPOKED,SPOKED,1.0,1.0,80.0,80.0,280.0,735.0,34.9,720.0,1.0
410.0,65.0,590.0,73.5,150.0,45.0,580.0,73.0,660.0,45.0,40.0,28.6,34.9,36.5,23.35,13.0,15.0,ALUMINIUM,30.0,40.0,50.0,330.0,350.0,16.0,18.0,False,False,135.0,2.0,0.9,1.1,0.9,1.2,1.0,0.9,680.0,58.0,680.0,58.0,0.0,0,False,1.0,1.0,68.0,45.0,0.0,31.8,False,True,False,False,True,8.0,1,True,150.0,255.0,150,SPOKED,SPOKED,1.0,1.0,80.0,80.0,278.0,740.0,34.9,300.0,1.0
415.0,67.0,595.0,73.0,155.0,50.0,590.0,74.0,655.0,44.0,40.0,28.6,34.9,36.5,23.35,14.0,16.0,CARBON,35.0,42.0,48.0,335.0,355.0,17.0,19.0,True,False,135.0,2.0,0.9,1.1,0.9,1.2,1.0,0.9,680.0,58.0,680.0,58.0,0.0,1,False,1.0,1.0,70.0,47.0,0.0,32.0,False,True,True,False,True,9.0,1,True,140.0,255.0,140,SPOKED,SPOKED,1.0,1.0,80.0,80.0,278.0,745.0,34.9,310.0,1.0
420.0,63.0,585.0,74.0,145.0,47.0,570.0,73.5,665.0,46.0,40.0,28.6,34.9,36.5,23.35,13.5,15.5,STEEL,32.0,38.0,52.0,330.0,350.0,16.0,18.0,False,True,130.0,2.0,0.9,1.1,0.9,1.2,1.0,0.9,690.0,68.0,690.0,68.0,1.0,0,False,1.0,1.0,68.0,46.0,0.0,32.0,True,False,False,True,True,11.0,2,False,160.0,255.0,160,SPOKED,SPOKED,1.0,1.0,80.0,80.0,278.0,730.0,34.9,320.0,1.0
405.0,70.0,600.0,72.5,160.0,48.0,600.0,74.0,650.0,43.0,40.0,28.6,34.9,36.5,23.35,13.0,15.0,TITANIUM,36.0,41.0,49.0,338.0,360.0,18.0,20.0,True,False,135.0,2.0,0.9,1.1,0.9,1.2,1.0,0.9,680.0,58.0,680.0,58.0,0.0,2,False,1.0,1.0,72.0,50.0,0.0,33.0,False,True,True,True,True,8.0,1,True,145.0,255.0,145,SPOKED,SPOKED,1.0,1.0,80.0,80.0,278.0,750.0,34.9,305.0,1.0
430.0,60.0,580.0,74.5,140.0,44.0,565.0,73.0,670.0,48.0,40.0,28.6,34.9,36.5,23.35,12.5,14.5,BAMBOO,31.0,39.0,53.0,330.0,350.0,16.0,18.0,False,False,135.0,2.0,0.9,1.1,0.9,1.2,1.0,0.9,675.0,53.0,675.0,53.0,1.0,1,False,1.0,1.0,68.0,45.0,0.0,31.8,True,False,True,True,True,7.0,1,False,135.0,255.0,135,SPOKED,SPOKED,1.0,1.0,80.0,80.0,278.0,720.0,34.9,325.0,1.0
400.0,68.0,588.0,73.8,148.0,46.0,585.0,73.2,662.0,42.0,40.0,28.6,34.9,36.5,23.35,13.2,15.2,OTHER,34.0,40.5,51.0,332.0,352.0,16.5,18.5,True,True,130.0,2.0,0.9,1.1,0.9,1.2,1.0,0.9,685.0,63.0,685.0,63.0,0.0,1,False,1.0,1.0,69.0,46.0,0.0,32.5,False,True,False,False,True,10.0,2,True,155.0,255.0,155,SPOKED,SPOKED,1.0,1.0,80.0,80.0,278.0,735.0,34.9,315.0,1.0
395.0,66.0,582.0,74.2,142.0,43.0,575.0,72.8,658.0,47.0,40.0,28.6,34.9,36.5,23.35,12.8,14.8,ALUMINIUM,33.0,39.5,54.0,334.0,354.0,16.2,18.2,False,True,135.0,2.0,0.9,1.1,0.9,1.2,1.0,0.9,680.0,58.0,680.0,58.0,1.0,0,False,1.0,1.0,68.0,45.0,0.0,31.8,True,False,False,True,True,12.0,1,False,148.0,255.0,148,SPOKED,SPOKED,1.0,1.0,80.0,80.0,278.0,725.0,34.9,305.0,1.0
425.0,62.0,592.0,73.3,158.0,49.0,595.0,73.7,652.0,44.5,40.0,28.6,34.9,36.5,23.35,13.6,15.6,CARBON,37.0,43.0,47.0,333.0,353.0,17.5,19.5,True,True,130.0,2.0,0.9,1.1,0.9,1.2,1.0,0.9,695.0,73.0,695.0,73.0,0.0,2,False,1.0,1.0,68.0,52.0,0.0,33.5,False,True,False,False,True,10.0,1,True,142.0,255.0,142,SPOKED,SPOKED,1.0,1.0,80.0,80.0,278.0,760.0,34.9,315.0,1.0
435.0,69.0,598.0,72.8,152.0,46.5,588.0,73.4,657.0,42.5,40.0,28.6,34.9,36.5,23.35,14.2,15.4,STEEL,38.0,44.0,46.0,336.0,356.0,16.8,18.8,False,False,135.0,2.0,0.9,1.1,0.9,1.2,1.0,0.9,680.0,58.0,680.0,58.0,1.0,1,False,1.0,2.0,68.0,46.0,0.0,32.0,True,True,True,False,True,9.0,2,False,155.0,255.0,155,SPOKED,SPOKED,1.0,1.0,80.0,80.0,278.0,755.0,34.9,320.0,1.0
420.0,64.0,587.0,74.0,149.0,45.5,580.0,73.9,664.0,45.5,40.0,28.6,34.9,36.5,23.35,13.4,15.1,TITANIUM,34.5,41.5,50.5,331.0,351.0,17.2,19.2,True,False,130.0,2.0,0.9,1.1,0.9,1.2,1.0,0.9,690.0,68.0,690.0,68.0,0.0,0,False,1.0,1.0,68.0,45.5,0.0,32.2,False,False,False,False,True,8.0,1,True,140.0,255.0,140,SPOKED,SPOKED,1.0,1.0,80.0,80.0,278.0,715.0,34.9,310.0,1.0
410.0,70.0,600.0,73.0,160.0,50.0,540.0,73.0,660.0,50.0,40.0,28.6,36.5,23.35,23.35,13.0,15.0,ALUMINIUM,30.0,40.0,50.0,330.0,350.0,16.0,18.0,False,False,135.0,2.0,0.9,1.1,0.9,1.2,1.0,0.9,674.0,55.0,674.0,55.0,1.0,1,False,1.0,1.0,68.0,45.0,0.0,31.8,True,True,True,True,True,8.0,1,True,152.0,255.0,152,SPOKED,SPOKED,0.0,0.0,0.0,0.0,280.0,750.0,34.9,350.0,1.0
420.0,68.0,610.0,74.0,165.0,50.0,545.0,72.5,665.0,50.0,40.0,28.6,36.5,23.35,23.35,13.0,15.0,ALUMINIUM,30.0,40.0,50.0,330.0,350.0,16.0,18.0,False,False,135.0,2.0,0.9,1.1,0.9,1.2,1.0,0.9,674.0,55.0,674.0,55.0,1.0,1,False,1.0,1.0,68.0,45.0,0.0,31.8,True,True,True,True,True,8.0,1,True,152.0,255.0,152,SPOKED,SPOKED,0.0,0.0,0.0,0.0,280.0,750.0,34.9,350.0,1.0
430.0,72.0,590.0,72.0,155.0,50.0,535.0,73.5,655.0,50.0,40.0,28.6,36.5,23.35,23.35,13.0,15.0,ALUMINIUM,30.0,40.0,50.0,330.0,350.0,16.0,18.0,False,False,135.0,2.0,0.9,1.1,0.9,1.2,1.0,0.9,674.0,55.0,674.0,55.0,1.0,1,False,1.0,1.0,68.0,45.0,0.0,31.8,True,True,True,True,True,8.0,1,True,152.0,255.0,152,SPOKED,SPOKED,0.0,0.0,0.0,0.0,280.0,750.0,34.9,350.0,1.0
425.0,69.0,605.0,73.5,170.0,50.0,550.0,72.8,670.0,50.0,40.0,28.6,36.5,23.35,23.35,13.0,15.0,ALUMINIUM,30.0,40.0,50.0,330.0,350.0,16.0,18.0,False,False,135.0,2.0,0.9,1.1,0.9,1.2,1.0,0.9,674.0,55.0,674.0,55.0,1.0,1,False,1.0,1.0,68.0,45.0,0.0,31.8,True,True,True,True,True,8.0,1,True,152.0,255.0,152,SPOKED,SPOKED,0.0,0.0,0.0,0.0,280.0,750.0,34.9,350.0,1.0
440.0,70.0,595.0,74.2,158.0,50.0,530.0,73.0,645.0,50.0,40.0,28.6,36.5,23.35,23.35,13.0,15.0,ALUMINIUM,30.0,40.0,50.0,330.0,350.0,16.0,18.0,False,False,135.0,2.0,0.9,1.1,0.9,1.2,1.0,0.9,674.0,55.0,674.0,55.0,1.0,1,False,1.0,1.0,68.0,45.0,0.0,31.8,True,True,True,True,True,8.0,1,True,152.0,255.0,152,SPOKED,SPOKED,0.0,0.0,0.0,0.0,280.0,750.0,34.9,350.0,1.0
415.0,71.0,620.0,73.0,162.0,50.0,538.0,72.7,668.0,50.0,40.0,28.6,36.5,23.35,23.35,13.0,15.0,ALUMINIUM,30.0,40.0,50.0,330.0,350.0,16.0,18.0,False,False,135.0,2.0,0.9,1.1,0.9,1.2,1.0,0.9,674.0,55.0,674.0,55.0,1.0,1,False,1.0,1.0,68.0,45.0,0.0,31.8,True,True,True,True,True,8.0,1,True,152.0,255.0,152,SPOKED,SPOKED,0.0,0.0,0.0,0.0,280.0,750.0,34.9,350.0,1.0
435.0,67.0,585.0,75.0,150.0,50.0,525.0,73.2,640.0,50.0,40.0,28.6,36.5,23.35,23.35,13.0,15.0,ALUMINIUM,30.0,40.0,50.0,330.0,350.0,16.0,18.0,False,False,135.0,2.0,0.9,1.1,0.9,1.2,1.0,0.9,674.0,55.0,674.0,55.0,1.0,1,False,1.0,1.0,68.0,45.0,0.0,31.8,True,True,True,True,True,8.0,1,True,152.0,255.0,152,SPOKED,SPOKED,0.0,0.0,0.0,0.0,280.0,750.0,34.9,350.0,1.0
445.0,65.0,600.0,74.0,160.0,50.0,540.0,73.0,660.0,50.0,40.0,28.6,36.5,23.35,23.35,13.0,15.0,ALUMINIUM,30.0,40.0,50.0,330.0,350.0,16.0,18.0,False,False,135.0,2.0,0.9,1.1,0.9,1.2,1.0,0.9,674.0,55.0,674.0,55.0,1.0,1,False,1.0,1.0,68.0,45.0,0.0,31.8,True,True,True,True,True,8.0,1,True,152.0,255.0,152,SPOKED,SPOKED,0.0,0.0,0.0,0.0,280.0,750.0,34.9,350.0,1.0
450.0,68.0,610.0,72.5,168.0,50.0,545.0,72.9,665.0,50.0,40.0,28.6,36.5,23.35,23.35,13.0,15.0,ALUMINIUM,30.0,40.0,50.0,330.0,350.0,16.0,18.0,False,False,135.0,2.0,0.9,1.1,0.9,1.2,1.0,0.9,674.0,55.0,674.0,55.0,1.0,1,False,1.0,1.0,68.0,45.0,0.0,31.8,True,True,True,True,True,8.0,1,True,152.0,255.0,152,SPOKED,SPOKED,0.0,0.0,0.0,0.0,280.0,750.0,34.9,350.0,1.0
420.0,69.0,580.0,73.8,175.0,50.0,555.0,72.6,675.0,50.0,40.0,28.6,36.5,23.35,23.35,13.0,15.0,ALUMINIUM,30.0,40.0,50.0,330.0,350.0,16.0,18.0,False,False,135.0,2.0,0.9,1.1,0.9,1.2,1.0,0.9,674.0,55.0,674.0,55.0,1.0,1,False,1.0,1.0,68.0,45.0,0.0,31.8,True,True,True,True,True,8.0,1,True,152.0,255.0,152,SPOKED,SPOKED,0.0,0.0,0.0,0.0,280.0,750.0,34.9,350.0,1.0
410,70,620,73,170,45,550,74,650.0,50.0,50.0,28.6,36.5,30.0,23.35,13.0,15,STEEL,40.0,50.0,45.0,330.0,350.0,16.0,18,False,False,135.0,2.0,1.2,1.2,1.2,1.0,1.0,1.2,680.0,121.0,680.0,121.0,1.0,1,False,1.0,1.0,68.0,45.0,0.0,31.8,False,True,True,True,False,1.0,1,True,102.0,255.0,153,SPOKED,SPOKED,0.0,0.0,80.0,80.0,280.0,300.0,34.9,350.0,1.0
405,68,610,74,160,45,540,73.5,640.0,50.0,50.0,28.6,36.5,30.0,23.35,13.0,15,ALUMINIUM,38.0,52.0,43.0,330.0,350.0,16.0,18,False,False,142.0,2.0,1.2,1.2,1.2,1.0,1.0,1.2,680.0,121.0,680.0,121.0,1.0,1,False,1.0,1.0,68.0,45.0,0.0,31.8,False,True,True,True,False,1.0,1,True,102.0,255.0,153,SPOKED,SPOKED,0.0,0.0,80.0,80.0,280.0,300.0,34.9,350.0,1.0
415,65,600,73.5,165,45,545,74.5,655.0,52.0,50.0,28.6,36.5,30.0,23.35,13.0,15,TITANIUM,39.0,50.0,44.0,330.0,350.0,16.0,18,False,False,142.0,2.0,1.2,1.2,1.2,1.0,1.0,1.2,680.0,121.0,680.0,121.0,1.0,1,False,1.0,1.0,68.0,45.0,0.0,31.8,False,True,True,True,False,1.0,1,True,102.0,255.0,153,SPOKED,SPOKED,0.0,0.0,80.0,80.0,280.0,300.0,34.9,350.0,1.0
430,68,640,71.5,175,45,570,73,670.0,45.0,60.0,28.6,36.5,30.0,23.35,13.0,15,BAMBOO,45.0,54.0,46.0,330.0,350.0,16.0,18,False,False,135.0,2.0,1.2,1.2,1.2,1.0,1.0,1.2,680.0,121.0,680.0,121.0,1.0,1,False,1.0,1.0,68.0,45.0,0.0,31.8,False,True,True,True,False,1.0,1,True,102.0,255.0,153,SPOKED,SPOKED,0.0,0.0,80.0,80.0,280.0,300.0,34.9,350.0,1.0
400,75,650,74,160,45,530,74,635.0,48.0,45.0,28.6,36.5,30.0,23.35,13.0,15,ALUMINIUM,37.0,46.0,42.0,330.0,350.0,16.0,18,False,False,142.0,2.0,1.2,1.2,1.2,1.0,1.0,1.2,680.0,121.0,680.0,121.0,1.0,1,False,1.0,1.0,68.0,45.0,0.0,31.8,False,True,True,True,False,1.0,1,True,102.0,255.0,153,SPOKED,SPOKED,0.0,0.0,80.0,80.0,280.0,300.0,34.9,350.0,1.0
425,70,625,72.5,150,45,555,73.5,645.0,50.0,50.0,28.6,36.5,30.0,23.35,13.0,15,STEEL,41.0,50.0,45.0,330.0,350.0,16.0,18,False,False,135.0,2.0,1.2,1.2,1.2,1.0,1.0,1.2,680.0,121.0,680.0,121.0,1.0,1,False,1.0,1.0,68.0,45.0,0.0,31.8,False,True,True,True,False,1.0,1,True,102.0,255.0,153,SPOKED,SPOKED,0.0,0.0,80.0,80.0,280.0,300.0,34.9,350.0,1.0
405,66,615,73,160,45,540,74,640.0,55.0,50.0,28.6,36.5,30.0,23.35,13.0,15,CARBON,36.0,53.0,43.0,330.0,350.0,16.0,18,False,False,142.0,2.0,1.2,1.2,1.2,1.0,1.0,1.2,680.0,121.0,680.0,121.0,1.0,1,False,1.0,1.0,68.0,45.0,0.0,31.8,False,True,True,True,False,1.0,1,True,102.0,255.0,153,SPOKED,SPOKED,0.0,0.0,80.0,80.0,280.0,300.0,34.9,350.0,1.0
410,69,635,72,178,45,565,74.5,665.0,47.0,52.0,28.6,36.5,30.0,23.35,13.0,15,TITANIUM,43.0,49.0,48.0,330.0,350.0,16.0,18,False,False,135.0,2.0,1.2,1.2,1.2,1.0,1.0,1.2,680.0,121.0,680.0,121.0,1.0,1,False,1.0,1.0,68.0,45.0,0.0,31.8,False,True,True,True,False,1.0,1,True,102.0,255.0,153,SPOKED,SPOKED,0.0,0.0,80.0,80.0,280.0,300.0,34.9,350.0,1.0
418,67,628,73.8,168,45,552,73.8,658.0,49.0,50.0,28.6,36.5,30.0,23.35,13.0,15,ALUMINIUM,39.0,51.0,44.0,330.0,350.0,16.0,18,False,False,142.0,2.0,1.2,1.2,1.2,1.0,1.0,1.2,680.0,121.0,680.0,121.0,1.0,1,False,1.0,1.0,68.0,45.0,0.0,31.8,False,True,True,True,False,1.0,1,True,102.0,255.0,153,SPOKED,SPOKED,0.0,0.0,80.0,80.0,280.0,300.0,34.9,350.0,1.0
405,70,590,73.0,150,45,540,73,640.0,50.0,40.0,28.6,36.5,23.35,13.0,15.0,9.0,ALUMINIUM,33.0,40.0,50.0,330.0,350.0,16.0,18.0,False,False,135.0,2.0,0.9,1.1,0.9,1.2,1.0,0.9,680.0,52.0,680.0,52.0,0.0,2,False,1.0,1.0,68.0,45.0,0.0,31.8,False,False,True,True,True,8.0,1,True,152.0,255.0,204,SPOKED,SPOKED,0.0,0.0,0.0,0.0,280.0,760.0,34.9,330.0,1.0
410,70,593,73.1,153,45,544,73,642.0,50.0,40.0,28.6,36.5,23.35,13.0,15.0,9.0,ALUMINIUM,33.0,40.0,50.0,330.0,350.0,16.0,18.0,False,False,130.0,2.0,0.9,1.1,0.9,1.2,1.0,0.9,680.0,52.0,680.0,52.0,0.0,2,False,1.0,1.0,68.0,45.0,0.0,31.8,False,False,True,True,True,9.0,2,True,152.0,255.0,204,SPOKED,SPOKED,0.0,0.0,0.0,0.0,280.0,762.0,34.9,330.0,1.0
415,70,596,73.2,156,45,548,73,644.0,50.0,40.0,28.6,36.5,23.35,13.0,15.0,9.0,ALUMINIUM,33.0,40.0,50.0,330.0,350.0,16.0,18.0,False,False,135.0,2.0,0.9,1.1,0.9,1.2,1.0,0.9,680.0,52.0,680.0,52.0,0.0,2,False,1.0,1.0,68.0,45.0,0.0,31.8,False,False,True,True,True,10.0,1,True,152.0,255.0,204,SPOKED,SPOKED,0.0,0.0,0.0,0.0,280.0,764.0,34.9,330.0,1.0
420,70,599,73.3,159,45,552,73,646.0,50.0,40.0,28.6,36.5,23.35,13.0,15.0,9.0,ALUMINIUM,33.0,40.0,50.0,330.0,350.0,16.0,18.0,False,False,130.0,2.0,0.9,1.1,0.9,1.2,1.0,0.9,680.0,52.0,680.0,52.0,0.0,2,False,1.0,1.0,68.0,45.0,0.0,31.8,False,False,True,True,True,8.0,2,True,152.0,255.0,204,SPOKED,SPOKED,0.0,0.0,0.0,0.0,280.0,766.0,34.9,330.0,1.0
425,70,602,73.4,162,45,556,73,648.0,50.0,40.0,28.6,36.5,23.35,13.0,15.0,9.0,ALUMINIUM,33.0,40.0,50.0,330.0,350.0,16.0,18.0,False,False,135.0,2.0,0.9,1.1,0.9,1.2,1.0,0.9,680.0,52.0,680.0,52.0,0.0,2,False,1.0,1.0,68.0,45.0,0.0,31.8,False,False,True,True,True,9.0,1,True,152.0,255.0,204,SPOKED,SPOKED,0.0,0.0,0.0,0.0,280.0,768.0,34.9,330.0,1.0
430,70,605,73.5,165,45,560,73,650.0,50.0,40.0,28.6,36.5,23.35,13.0,15.0,9.0,STEEL,33.0,40.0,50.0,330.0,350.0,16.0,18.0,False,False,130.0,2.0,0.9,1.1,0.9,1.2,1.0,0.9,680.0,52.0,680.0,52.0,0.0,2,False,1.0,1.0,68.0,45.0,0.0,31.8,False,False,True,True,True,10.0,2,True,152.0,255.0,204,SPOKED,SPOKED,0.0,0.0,0.0,0.0,280.0,770.0,34.9,330.0,1.0
435,70,608,73.6,168,45,564,73,652.0,50.0,40.0,28.6,36.5,23.35,13.0,15.0,9.0,STEEL,33.0,40.0,50.0,330.0,350.0,16.0,18.0,False,False,135.0,2.0,0.9,1.1,0.9,1.2,1.0,0.9,680.0,52.0,680.0,52.0,0.0,2,False,1.0,1.0,68.0,45.0,0.0,31.8,False,False,True,True,True,8.0,1,True,152.0,255.0,204,SPOKED,SPOKED,0.0,0.0,0.0,0.0,280.0,772.0,34.9,330.0,1.0
440,70,611,73.7,171,45,568,73,654.0,50.0,40.0,28.6,36.5,23.35,13.0,15.0,9.0,STEEL,33.0,40.0,50.0,330.0,350.0,16.0,18.0,False,False,130.0,2.0,0.9,1.1,0.9,1.2,1.0,0.9,680.0,52.0,680.0,52.0,0.0,2,False,1.0,1.0,68.0,45.0,0.0,31.8,False,False,True,True,True,9.0,2,True,152.0,255.0,204,SPOKED,SPOKED,0.0,0.0,0.0,0.0,280.0,774.0,34.9,330.0,1.0
445,70,614,73.8,174,45,572,73,656.0,50.0,40.0,28.6,36.5,23.35,13.0,15.0,9.0,TITANIUM,33.0,40.0,50.0,330.0,350.0,16.0,18.0,False,False,135.0,2.0,0.9,1.1,0.9,1.2,1.0,0.9,680.0,52.0,680.0,52.0,0.0,2,False,1.0,1.0,68.0,45.0,0.0,31.8,False,False,True,True,True,10.0,1,True,152.0,255.0,204,SPOKED,SPOKED,0.0,0.0,0.0,0.0,280.0,776.0,34.9,330.0,1.0
450,70,617,73.9,177,45,576,73,658.0,50.0,40.0,28.6,36.5,23.35,13.0,15.0,9.0,CARBON,33.0,40.0,50.0,330.0,350.0,16.0,18.0,False,False,130.0,2.0,0.9,1.1,0.9,1.2,1.0,0.9,680.0,52.0,680.0,52.0,0.0,2,False,1.0,1.0,68.0,45.0,0.0,31.8,False,False,True,True,True,8.0,2,True,152.0,255.0,204,SPOKED,SPOKED,0.0,0.0,0.0,0.0,280.0,778.0,34.9,330.0,1.0
400.0,65.0,600.0,74.0,150.0,50.0,550.0,74.0,640.0,50.0,42.0,32.0,36.5,23.35,23.35,13.0,15.0,ALUMINIUM,32.0,52.0,42.0,330.0,350.0,16.0,18.0,False,False,135.0,2.0,0.9,1.1,0.9,1.2,1.0,0.9,674.0,52.0,674.0,52.0,0.0,1,False,1.0,1.0,68.0,45.0,692.0,31.8,True,True,True,True,True,8.0,1,True,152.0,255.0,152.0,SPOKED,SPOKED,0.0,0.0,80.0,80.0,278.0,760.0,34.9,300.0,1.0
410.0,67.0,590.0,73.0,145.0,55.0,540.0,73.0,632.0,52.0,43.0,33.0,36.5,24.0,24.0,14.0,16.0,STEEL,30.0,50.0,40.0,330.0,350.0,16.0,18.0,False,False,135.0,2.0,0.9,1.1,0.9,1.2,1.0,0.9,674.0,52.0,674.0,52.0,0.0,1,False,1.0,1.0,68.0,45.0,692.0,31.8,True,True,True,True,True,8.0,1,True,152.0,255.0,152.0,SPOKED,SPOKED,0.0,0.0,80.0,80.0,278.0,760.0,34.9,300.0,1.0
395.0,63.0,580.0,72.5,135.0,48.0,530.0,74.5,625.0,49.0,40.0,30.0,36.5,23.0,23.0,13.0,15.0,CARBON,28.0,48.0,38.0,330.0,350.0,16.0,18.0,False,False,130.0,2.0,0.9,1.1,0.9,1.2,1.0,0.9,674.0,52.0,674.0,52.0,0.0,0,False,1.0,1.0,68.0,45.0,692.0,31.8,True,True,True,True,True,8.0,1,True,152.0,255.0,152.0,SPOKED,SPOKED,0.0,0.0,80.0,80.0,278.0,760.0,34.9,300.0,1.0
420.0,70.0,610.0,75.0,160.0,60.0,560.0,75.0,650.0,50.0,44.0,34.0,36.5,23.35,25.0,14.0,15.0,TITANIUM,35.0,55.0,45.0,330.0,350.0,16.0,18.0,False,False,135.0,2.0,0.9,1.1,0.9,1.2,1.0,0.9,674.0,52.0,674.0,52.0,0.0,1,False,1.0,1.0,68.0,45.0,692.0,31.8,True,True,True,True,True,8.0,1,True,152.0,255.0,152.0,SPOKED,SPOKED,0.0,0.0,80.0,80.0,278.0,760.0,34.9,300.0,1.0
405.0,66.0,595.0,73.5,148.0,53.0,545.0,73.5,638.0,51.0,42.0,32.5,36.5,23.5,23.5,13.5,15.0,ALUMINIUM,33.0,53.0,43.0,330.0,350.0,16.0,18.0,False,False,135.0,2.0,0.9,1.1,0.9,1.2,1.0,0.9,674.0,52.0,674.0,52.0,0.0,1,False,1.0,1.0,68.0,45.0,692.0,31.8,True,True,True,True,True,8.0,1,True,152.0,255.0,152.0,SPOKED,SPOKED,0.0,0.0,80.0,80.0,278.0,760.0,34.9,300.0,1.0
390.0,64.0,585.0,72.8,140.0,49.0,535.0,74.0,630.0,50.0,41.0,31.8,36.5,23.2,23.2,13.0,15.0,BAMBOO,31.0,51.0,41.0,330.0,350.0,16.0,18.0,False,False,135.0,2.0,0.9,1.1,0.9,1.2,1.0,0.9,674.0,52.0,674.0,52.0,0.0,1,False,1.0,1.0,68.0,45.0,692.0,31.8,True,True,True,True,True,8.0,1,True,152.0,255.0,152.0,SPOKED,SPOKED,0.0,0.0,80.0,80.0,278.0,760.0,34.9,300.0,1.0
415.0,65.0,605.0,74.2,155.0,57.0,555.0,74.8,645.0,50.0,43.0,33.5,36.5,23.4,23.4,13.5,15.0,STEEL,34.0,54.0,44.0,330.0,350.0,16.0,18.0,False,False,135.0,2.0,0.9,1.1,0.9,1.2,1.0,0.9,674.0,52.0,674.0,52.0,0.0,1,False,1.0,3.0,68.0,45.0,690.0,31.8,True,True,True,True,True,8.0,1,True,152.0,255.0,152.0,SPOKED,SPOKED,0.0,0.0,80.0,80.0,278.0,760.0,34.9,300.0,2.0
400.0,62.0,575.0,72.2,130.0,46.0,525.0,73.8,618.0,48.0,40.0,30.5,36.5,22.8,22.8,12.5,15.0,OTHER,27.0,49.0,36.0,330.0,350.0,16.0,18.0,True,False,130.0,2.0,0.9,1.1,0.9,1.2,1.0,0.9,674.0,52.0,674.0,52.0,0.0,1,False,1.0,1.0,68.0,45.0,692.0,31.8,True,True,True,True,True,8.0,1,True,152.0,255.0,152.0,SPOKED,SPOKED,0.0,0.0,80.0,80.0,278.0,760.0,34.9,300.0,1.0
405.0,68.0,600.0,74.0,150.0,54.0,550.0,74.0,640.0,50.0,42.0,32.0,36.5,23.35,23.35,13.0,15.0,CARBON,32.0,54.0,44.0,330.0,350.0,16.0,18.0,False,False,135.0,2.0,0.9,1.1,0.9,1.2,1.0,0.9,674.0,52.0,674.0,52.0,0.0,1,False,1.0,2.0,68.0,45.0,692.0,31.8,True,True,True,True,True,8.0,1,True,152.0,255.0,152.0,SPOKED,SPOKED,0.0,0.0,80.0,80.0,278.0,760.0,34.9,300.0,1.0
402.0,66.5,592.0,73.2,142.0,52.0,542.0,73.2,633.0,50.0,42.5,32.2,36.5,23.3,23.3,13.2,15.2,ALUMINIUM,31.0,51.0,41.0,335.0,350.0,16.5,18.0,True,False,135.0,2.0,0.9,1.1,0.9,1.2,1.0,0.9,674.0,52.0,674.0,52.0,0.0,1,False,1.0,1.0,68.0,45.0,692.0,31.8,True,True,True,True,True,8.0,1,True,152.0,255.0,152.0,SPOKED,SPOKED,0.0,0.0,80.0,80.0,278.0,760.0,34.9,300.0,1.0
420.0,70.0,620.0,73.0,180.0,45.0,540.0,73.0,650.0,50.0,40.0,28.6,36.5,36.5,23.35,15.0,9.0,ALUMINIUM,35.0,50.0,45.0,0.0,0.0,0.0,0.0,False,False,130.0,2.0,0.9,1.1,0.9,1.0,0.9,0.9,700.0,50.0,700.0,50.0,0.0,1,False,1.0,1.0,68.0,45.0,0.0,31.8,False,False,True,True,True,8.0,2,True,152.0,255.0,204,SPOKED,SPOKED,1.0,1.0,80.0,80.0,280.0,615.0,34.7,330.0,1.0
415.0,65.0,610.0,72.0,170.0,45.0,550.0,74.0,660.0,48.0,40.0,28.6,36.5,36.5,23.35,15.0,9.0,STEEL,32.0,52.0,48.0,0.0,0.0,0.0,0.0,False,False,135.0,2.0,0.9,1.1,0.9,1.0,0.9,0.9,700.0,50.0,700.0,50.0,0.0,2,False,1.0,1.0,73.0,44.0,0.0,31.8,True,False,True,True,True,9.0,1,False,152.0,255.0,204,SPOKED,SPOKED,1.0,1.0,80.0,80.0,285.0,620.0,34.7,320.0,1.0
431.0,72.0,605.0,73.5,185.0,50.0,530.0,72.0,655.0,46.0,40.0,28.6,36.5,36.5,23.35,15.0,9.0,CARBON,37.0,50.0,46.0,0.0,0.0,0.0,0.0,False,False,130.0,2.0,0.9,1.1,0.9,1.0,0.9,0.9,700.0,48.0,700.0,48.0,0.0,1,False,1.0,1.0,68.0,46.0,0.0,31.8,True,True,True,True,True,10.0,2,True,152.0,255.0,204,SPOKED,SPOKED,1.0,1.0,80.0,80.0,282.0,618.0,34.7,330.0,1.0
425.0,68.0,615.0,74.0,160.0,45.0,550.0,73.0,670.0,49.0,40.0,28.6,38.0,36.5,23.35,15.0,9.0,ALUMINIUM,34.0,54.0,44.0,0.0,0.0,0.0,0.0,False,False,132.0,2.0,0.9,1.1,0.9,1.0,0.9,0.9,700.0,50.0,700.0,50.0,0.0,1,False,1.0,1.0,73.0,45.0,0.0,31.8,False,True,True,True,True,11.0,2,False,152.0,255.0,204,SPOKED,SPOKED,1.0,1.0,80.0,80.0,290.0,612.0,36.2,340.0,1.0
440.0,75.0,600.0,71.0,190.0,50.0,525.0,74.0,660.0,47.0,40.0,30.0,36.5,37.5,24.0,15.0,10.0,STEEL,38.0,52.0,48.0,0.0,0.0,0.0,0.0,False,False,135.0,2.0,0.9,1.1,0.9,1.0,0.9,0.9,700.0,52.0,700.0,52.0,0.0,0,False,1.0,1.0,68.0,47.0,0.0,31.8,True,False,True,True,True,8.0,1,True,152.0,255.0,204,SPOKED,SPOKED,1.0,1.0,80.0,80.0,275.0,600.0,34.7,350.0,1.0
410.0,65.0,620.0,72.5,165.0,45.0,540.0,73.5,645.0,50.0,40.0,28.6,36.5,36.5,23.35,15.0,9.0,BAMBOO,33.0,51.0,47.0,0.0,0.0,0.0,0.0,False,False,130.0,2.0,0.9,1.1,0.9,1.0,0.9,0.9,700.0,50.0,700.0,50.0,0.0,0,False,1.0,1.0,68.0,44.0,0.0,31.8,False,True,False,False,True,9.0,2,False,152.0,255.0,204,SPOKED,SPOKED,1.0,1.0,80.0,80.0,278.0,605.0,34.7,330.0,1.0
435.0,70.0,605.0,73.0,175.0,47.0,545.0,74.0,655.0,49.0,40.0,28.6,36.5,36.5,23.35,15.0,9.0,STEEL,36.0,50.0,46.0,0.0,0.0,0.0,0.0,False,False,132.0,2.0,0.9,1.1,0.9,1.0,0.9,0.9,700.0,50.0,700.0,50.0,0.0,1,False,1.0,1.0,68.0,45.0,0.0,31.8,True,True,True,True,True,10.0,2,True,152.0,255.0,204,SPOKED,SPOKED,1.0,1.0,80.0,80.0,282.0,620.0,34.7,340.0,1.0
420.0,68.0,612.0,74.0,180.0,45.0,548.0,72.0,660.0,48.0,40.0,28.6,36.5,36.5,23.35,15.0,9.0,CARBON,34.0,52.0,44.0,0.0,0.0,0.0,0.0,False,False,130.0,2.0,0.9,1.1,0.9,1.0,0.9,0.9,700.0,50.0,700.0,50.0,0.0,0,False,1.0,3.0,68.0,45.0,0.0,31.8,False,True,True,True,True,11.0,2,True,152.0,255.0,204,SPOKED,SPOKED,1.0,1.0,80.0,80.0,285.0,610.0,34.7,330.0,3.0
428.0,72.0,608.0,73.0,170.0,46.0,550.0,73.0,650.0,47.0,40.0,28.6,36.5,36.5,23.35,15.0,9.0,ALUMINIUM,35.0,50.0,46.0,0.0,0.0,0.0,0.0,False,False,130.0,2.0,0.9,1.1,0.9,1.0,0.9,0.9,700.0,50.0,700.0,50.0,0.0,1,False,1.0,1.0,68.0,45.0,0.0,31.8,True,True,True,True,True,8.0,1,False,152.0,255.0,204,SPOKED,SPOKED,1.0,1.0,80.0,80.0,280.0,615.0,34.7,330.0,1.0
422.0,69.0,615.0,72.0,178.0,46.0,540.0,73.0,663.0,48.0,40.0,28.6,36.5,36.5,23.35,15.0,9.0,STEEL,37.0,53.0,45.0,0.0,0.0,0.0,0.0,False,False,135.0,2.0,0.9,1.1,0.9,1.0,0.9,0.9,700.0,50.0,700.0,50.0,0.0,1,False,1.0,1.0,73.0,45.0,0.0,31.8,False,True,True,True,True,9.0,2,True,152.0,255.0,204,SPOKED,SPOKED,1.0,1.0,80.0,80.0,285.0,620.0,34.7,340.0,1.0
405.0,70.0,620.0,73.0,160.0,45.0,550.0,73.5,640.0,45.0,45.0,30.0,28.6,36.5,23.35,13.0,15.0,ALUMINIUM,34.0,40.0,50.0,330.0,350.0,16.0,18.0,False,False,135.0,2.0,0.9,1.1,0.9,1.2,1.0,0.9,680.0,52.0,680.0,52.0,0.0,1,False,1.0,1.0,68.0,45.0,0.0,31.8,False,True,True,True,True,9.0,1,True,152.0,255.0,152,SPOKED,SPOKED,0.0,0.0,80.0,80.0,280.0,750.0,34.9,300.0,1.0
420.0,65.0,600.0,72.0,150.0,50.0,540.0,74.0,632.0,48.0,42.0,32.0,28.6,36.5,25.0,13.0,15.0,STEEL,30.0,42.0,48.0,330.0,350.0,16.0,18.0,True,False,130.0,2.0,0.9,1.1,0.9,1.2,1.0,0.9,680.0,52.0,680.0,52.0,0.0,0,False,1.0,1.0,68.0,45.0,0.0,31.8,False,True,True,False,True,8.0,2,False,140.0,255.0,200,SPOKED,SPOKED,0.0,0.0,80.0,80.0,285.0,740.0,35.0,320.0,1.0
395.0,75.0,640.0,73.5,170.0,55.0,560.0,72.5,650.0,45.0,45.0,33.0,28.6,36.5,23.35,13.0,15.0,CARBON,35.0,45.0,52.0,330.0,350.0,16.0,18.0,False,False,135.0,2.0,0.9,1.1,0.9,1.2,1.0,0.9,680.0,52.0,680.0,52.0,0.0,2,False,1.0,3.0,68.0,46.0,0.0,32.0,True,True,True,True,False,11.0,1,True,152.0,255.0,152,SPOKED,SPOKED,0.0,0.0,80.0,80.0,290.0,780.0,34.9,300.0,1.0
415.0,68.0,610.0,74.0,155.0,48.0,555.0,73.0,645.0,47.0,44.0,31.0,28.6,36.5,24.0,13.0,15.0,TITANIUM,32.0,43.0,49.0,330.0,350.0,16.0,18.0,False,True,135.0,2.0,0.9,1.1,0.9,1.2,1.0,0.9,680.0,52.0,680.0,52.0,0.0,1,False,1.0,0.0,68.0,45.0,0.0,31.8,False,True,True,True,True,10.0,1,True,120.0,200.0,180,SPOKED,SPOKED,0.0,0.0,80.0,80.0,275.0,760.0,34.9,310.0,1.0
430.0,72.0,630.0,72.5,165.0,52.0,545.0,74.5,635.0,46.0,46.0,30.5,28.6,36.5,23.35,13.0,15.0,BAMBOO,36.0,41.0,51.0,330.0,350.0,16.0,18.0,True,False,135.0,2.0,0.9,1.1,0.9,1.2,1.0,0.9,680.0,52.0,680.0,52.0,1.0,2,False,1.0,2.0,68.0,45.0,0.0,31.8,True,True,True,True,True,9.0,2,True,100.0,255.0,180,SPOKED,SPOKED,0.0,0.0,80.0,80.0,300.0,780.0,34.9,305.0,2.0
400.0,70.0,605.0,73.0,158.0,47.0,552.0,73.5,638.0,44.0,45.0,29.0,28.6,36.5,26.0,13.0,15.0,ALUMINIUM,33.0,44.0,50.0,330.0,350.0,16.0,18.0,False,False,130.0,2.0,0.9,1.1,0.9,1.2,1.0,0.9,680.0,52.0,680.0,52.0,0.0,0,False,1.0,1.0,68.0,45.0,0.0,31.8,False,True,True,True,True,9.0,1,True,152.0,255.0,152,SPOKED,SPOKED,0.0,0.0,80.0,80.0,278.0,730.0,34.9,300.0,1.0
425.0,66.0,620.0,74.5,162.0,53.0,558.0,72.0,642.0,46.0,43.0,31.5,28.6,36.5,23.35,13.0,15.0,STEEL,34.5,42.5,49.5,330.0,350.0,16.0,18.0,False,True,135.0,2.0,0.9,1.1,0.9,1.2,1.0,0.9,680.0,52.0,680.0,52.0,0.0,1,False,1.0,1.0,68.0,45.0,0.0,31.8,False,True,True,True,True,10.0,1,True,160.0,200.0,120,SPOKED,SPOKED,0.0,0.0,80.0,80.0,282.0,765.0,34.9,295.0,1.0
390.0,74.0,635.0,72.0,168.0,54.0,562.0,75.0,648.0,50.0,45.0,32.5,28.6,36.5,24.5,13.0,15.0,TITANIUM,38.0,46.0,53.0,330.0,350.0,16.0,18.0,True,False,130.0,2.0,0.9,1.1,0.9,1.2,1.0,0.9,680.0,52.0,680.0,52.0,0.0,1,False,1.0,2.0,68.0,45.0,0.0,31.8,False,True,True,True,True,9.0,2,False,140.0,255.0,152,SPOKED,SPOKED,0.0,0.0,80.0,80.0,288.0,720.0,34.9,300.0,1.0
410.0,69.0,610.0,73.2,159.0,49.0,554.0,73.8,639.0,47.0,44.0,29.5,28.6,36.5,23.35,13.0,15.0,ALUMINIUM,31.0,43.5,47.0,330.0,350.0,16.0,18.0,False,False,135.0,2.0,0.9,1.1,0.9,1.2,1.0,0.9,680.0,52.0,680.0,52.0,0.0,0,False,1.0,0.0,68.0,45.0,0.0,31.8,False,True,True,True,True,8.0,1,True,152.0,230.0,140,SPOKED,SPOKED,0.0,0.0,80.0,80.0,276.0,735.0,34.9,310.0,1.0
430.0,71.0,625.0,74.0,164.0,51.0,555.0,74.0,647.0,46.0,45.0,31.0,28.6,36.5,25.0,13.0,15.0,OTHER,35.0,44.0,51.0,330.0,350.0,16.0,18.0,True,True,135.0,2.0,0.9,1.1,0.9,1.2,1.0,0.9,680.0,52.0,680.0,52.0,0.0,2,False,1.0,1.0,68.0,45.0,0.0,31.8,False,True,True,True,True,9.0,1,False,152.0,255.0,152,SPOKED,SPOKED,0.0,0.0,80.0,80.0,294.0,770.0,34.9,300.0,1.0
410.0,70.0,610.0,72.0,150.0,50.0,575.0,73.0,600.0,50.0,40.0,30.0,36.0,23.0,23.0,15.0,10.0,ALUMINIUM,30.0,25.0,40.0,330.0,350.0,16.0,18.0,False,False,135.0,2.0,0.9,1.1,0.9,1.2,1.0,0.9,674.0,52.0,674.0,52.0,1.0,1,False,1.0,1.0,68.0,45.0,0.0,31.8,False,True,True,True,True,8.0,1,True,152.0,255.0,152,SPOKED,SPOKED,1.0,1.0,80.0,80.0,280.0,780.0,35.0,350.0,1.0
408.0,70.0,615.0,72.0,155.0,50.0,580.0,73.0,600.0,50.0,40.0,30.0,36.0,23.0,23.0,15.0,10.0,ALUMINIUM,30.0,25.0,40.0,330.0,350.0,16.0,18.0,False,False,135.0,2.0,0.9,1.1,0.9,1.2,1.0,0.9,674.0,52.0,674.0,52.0,1.0,1,False,1.0,1.0,68.0,45.0,0.0,31.8,False,True,True,True,True,8.0,1,True,150.0,250.0,150,SPOKED,SPOKED,1.0,1.0,80.0,80.0,280.0,780.0,35.0,350.0,1.0
412.0,70.0,605.0,72.0,145.0,50.0,570.0,73.0,600.0,50.0,40.0,30.0,36.0,23.0,23.0,15.0,10.0,ALUMINIUM,30.0,25.0,40.0,330.0,350.0,16.0,18.0,False,False,135.0,2.0,0.9,1.1,0.9,1.2,1.0,0.9,674.0,52.0,674.0,52.0,1.0,1,False,1.0,1.0,68.0,45.0,0.0,31.8,False,True,True,True,True,8.0,1,True,160.0,255.0,160,SPOKED,SPOKED,1.0,1.0,80.0,80.0,280.0,780.0,35.0,350.0,1.0
415.0,70.0,620.0,72.0,160.0,50.0,585.0,73.0,600.0,50.0,40.0,30.0,36.0,23.0,23.0,15.0,10.0,ALUMINIUM,30.0,25.0,40.0,330.0,350.0,16.0,18.0,False,False,135.0,2.0,0.9,1.1,0.9,1.2,1.0,0.9,674.0,52.0,674.0,52.0,1.0,1,False,1.0,1.0,68.0,45.0,0.0,31.8,False,True,True,True,True,8.0,1,True,152.0,240.0,160,SPOKED,SPOKED,1.0,1.0,80.0,80.0,280.0,780.0,35.0,350.0,1.0
405.0,70.0,600.0,72.0,148.0,50.0,565.0,73.0,600.0,50.0,40.0,30.0,36.0,23.0,23.0,15.0,10.0,ALUMINIUM,30.0,25.0,40.0,330.0,350.0,16.0,18.0,False,False,135.0,2.0,0.9,1.1,0.9,1.2,1.0,0.9,674.0,52.0,674.0,52.0,1.0,1,False,1.0,1.0,68.0,45.0,0.0,31.8,False,True,True,True,True,8.0,1,True,160.0,255.0,140,SPOKED,SPOKED,1.0,1.0,80.0,80.0,280.0,780.0,35.0,350.0,1.0
418.0,70.0,625.0,72.0,158.0,50.0,590.0,73.0,600.0,50.0,40.0,30.0,36.0,23.0,23.0,15.0,10.0,ALUMINIUM,30.0,25.0,40.0,330.0,350.0,16.0,18.0,False,False,135.0,2.0,0.9,1.1,0.9,1.2,1.0,0.9,674.0,52.0,674.0,52.0,1.0,1,False,1.0,1.0,68.0,45.0,0.0,31.8,False,True,True,True,True,8.0,1,True,140.0,255.0,160,SPOKED,SPOKED,1.0,1.0,80.0,80.0,280.0,780.0,35.0,350.0,1.0
420.0,70.0,610.0,72.0,152.0,50.0,560.0,73.0,600.0,50.0,40.0,30.0,36.0,23.0,23.0,15.0,10.0,ALUMINIUM,30.0,25.0,40.0,330.0,350.0,16.0,18.0,False,False,135.0,2.0,0.9,1.1,0.9,1.2,1.0,0.9,674.0,52.0,674.0,52.0,1.0,1,False,1.0,1.0,68.0,45.0,0.0,31.8,False,True,True,True,True,8.0,1,True,150.0,245.0,155,SPOKED,SPOKED,1.0,1.0,80.0,80.0,280.0,780.0,35.0,350.0,1.0
407.0,70.0,605.0,72.0,149.0,50.0,595.0,73.0,600.0,50.0,40.0,30.0,36.0,23.0,23.0,15.0,10.0,ALUMINIUM,30.0,25.0,40.0,330.0,350.0,16.0,18.0,False,False,135.0,2.0,0.9,1.1,0.9,1.2,1.0,0.9,674.0,52.0,674.0,52.0,1.0,1,False,1.0,1.0,68.0,45.0,0.0,31.8,False,True,True,True,True,8.0,1,True,155.0,255.0,150,SPOKED,SPOKED,1.0,1.0,80.0,80.0,280.0,780.0,35.0,350.0,1.0
413.0,70.0,618.0,72.0,162.0,50.0,555.0,73.0,600.0,50.0,40.0,30.0,36.0,23.0,23.0,15.0,10.0,ALUMINIUM,30.0,25.0,40.0,330.0,350.0,16.0,18.0,False,False,135.0,2.0,0.9,1.1,0.9,1.2,1.0,0.9,674.0,52.0,674.0,52.0,1.0,1,False,1.0,1.0,68.0,45.0,0.0,31.8,False,True,True,True,True,8.0,1,True,152.0,250.0,152,SPOKED,SPOKED,1.0,1.0,80.0,80.0,280.0,780.0,35.0,350.0,1.0
409.0,70.0,613.0,72.0,153.0,50.0,600.0,73.0,600.0,50.0,40.0,30.0,36.0,23.0,23.0,15.0,10.0,ALUMINIUM,30.0,25.0,40.0,330.0,350.0,16.0,18.0,False,False,135.0,2.0,0.9,1.1,0.9,1.2,1.0,0.9,674.0,52.0,674.0,52.0,1.0,1,False,1.0,1.0,68.0,45.0,0.0,31.8,False,True,True,True,True,8.0,1,True,158.0,255.0,148,SPOKED,SPOKED,1.0,1.0,80.0,80.0,280.0,780.0,35.0,350.0,1.0
420,70,600,73.0,140,50,580,74.0,630.0,50.0,45.0,28.6,36.5,25.0,15.0,14.0,15,ALUMINIUM,40.0,45.0,46.0,330.0,350.0,16.0,18,False,False,130.0,2.0,0.9,1.1,0.9,1.2,1.0,0.9,680.0,52.0,680.0,52.0,0.0,0,False,1.0,1.0,68.0,45.0,0.0,31.8,False,False,True,True,True,9.0,1,False,153.0,255.0,153,SPOKED,SPOKED,0.0,0.0,0.0,0.0,280.0,730.0,34.9,320.0,1.0
450,65,620,72.0,150,60,600,73.5,650.0,48.0,50.0,33.6,36.5,28.0,18.0,15.0,15,STEEL,45.0,50.0,48.0,330.0,350.0,16.0,18,False,False,130.0,2.0,0.9,1.1,0.9,1.2,1.0,0.9,674.0,52.0,674.0,52.0,0.0,1,False,1.0,1.0,68.0,45.0,0.0,31.8,False,False,False,True,True,10.0,1,True,152.0,250.0,150,SPOKED,SPOKED,0.0,0.0,0.0,0.0,290.0,740.0,34.9,310.0,1.0
430,68,610,73.5,130,55,590,74.5,640.0,52.0,40.0,28.6,36.5,24.0,14.0,13.0,15,ALUMINIUM,35.0,40.0,45.0,330.0,350.0,16.0,18,False,False,130.0,2.0,0.9,1.1,0.9,1.2,1.0,0.9,686.0,52.0,686.0,52.0,0.0,2,False,1.0,1.0,68.0,45.0,0.0,31.8,False,False,True,False,True,9.0,2,False,144.0,255.0,160,SPOKED,SPOKED,0.0,0.0,0.0,0.0,285.0,720.0,34.9,330.0,1.0
480,62,595,72.0,160,40,565,74.0,615.0,47.0,55.0,33.6,36.5,30.0,20.0,14.0,15,STEEL,50.0,55.0,49.0,330.0,350.0,16.0,18,False,False,130.0,2.0,0.9,1.1,0.9,1.2,1.0,0.9,690.0,52.0,690.0,52.0,0.0,1,False,1.0,1.0,68.0,45.0,0.0,31.8,False,False,False,False,True,11.0,2,True,160.0,250.0,170,SPOKED,SPOKED,0.0,0.0,0.0,0.0,300.0,750.0,34.9,340.0,1.0
410,75,605,74.0,145,65,605,73.0,660.0,51.0,48.0,28.6,36.5,26.0,17.0,13.0,15,ALUMINIUM,42.0,48.0,44.0,330.0,350.0,16.0,18,False,False,130.0,2.0,0.9,1.1,0.9,1.2,1.0,0.9,680.0,52.0,680.0,52.0,0.0,2,False,1.0,1.0,68.0,45.0,0.0,31.8,False,False,True,True,True,8.0,1,False,140.0,255.0,145,SPOKED,SPOKED,0.0,0.0,0.0,0.0,275.0,710.0,34.9,300.0,1.0
465,63,585,73.0,155,45,575,73.8,625.0,49.0,52.0,33.6,36.5,29.0,19.0,15.0,15,STEEL,48.0,52.0,47.0,330.0,350.0,16.0,18,False,False,130.0,2.0,0.9,1.1,0.9,1.2,1.0,0.9,678.0,52.0,678.0,52.0,0.0,0,False,1.0,1.0,68.0,45.0,0.0,31.8,False,False,False,True,True,10.0,2,False,150.0,245.0,155,SPOKED,SPOKED,0.0,0.0,0.0,0.0,295.0,760.0,34.9,350.0,1.0
495,68,625,72.5,135,55,620,73.2,660.0,46.0,42.0,28.6,36.5,24.0,16.0,14.0,15,ALUMINIUM,37.0,47.0,46.0,330.0,350.0,16.0,18,False,False,130.0,2.0,0.9,1.1,0.9,1.2,1.0,0.9,685.0,52.0,685.0,52.0,0.0,1,False,1.0,1.0,68.0,45.0,0.0,31.8,False,False,True,False,True,9.0,1,True,155.0,255.0,150,SPOKED,SPOKED,0.0,0.0,0.0,0.0,288.0,720.0,34.9,325.0,1.0
455,60,590,74.0,165,35,555,74.8,618.0,53.0,60.0,33.6,36.5,33.0,22.0,15.0,15,STEEL,46.0,38.0,43.0,330.0,350.0,16.0,18,False,False,130.0,2.0,0.9,1.1,0.9,1.2,1.0,0.9,672.0,52.0,672.0,52.0,0.0,2,False,1.0,1.0,68.0,45.0,0.0,31.8,False,False,False,False,True,8.0,2,False,158.0,252.0,160,SPOKED,SPOKED,0.0,0.0,0.0,0.0,282.0,705.0,34.9,310.0,1.0
425,72,615,73.0,148,58,610,73.9,655.0,52.0,50.0,28.6,36.5,27.0,17.0,13.0,15,ALUMINIUM,43.0,60.0,50.0,330.0,350.0,16.0,18,False,False,130.0,2.0,0.9,1.1,0.9,1.2,1.0,0.9,688.0,52.0,688.0,52.0,0.0,0,False,1.0,1.0,68.0,45.0,0.0,31.8,False,False,False,True,True,11.0,1,False,149.0,255.0,140,SPOKED,SPOKED,0.0,0.0,0.0,0.0,295.0,750.0,34.9,345.0,1.0
475,67,580,72.8,158,62,595,73.6,630.0,49.0,48.0,33.6,36.5,32.0,21.0,14.0,15,STEEL,49.0,54.0,49.0,330.0,350.0,16.0,18,False,False,130.0,2.0,0.9,1.1,0.9,1.2,1.0,0.9,690.0,52.0,690.0,52.0,0.0,1,False,1.0,1.0,68.0,45.0,0.0,31.8,False,False,True,True,True,10.0,1,True,147.0,255.0,155,SPOKED,SPOKED,0.0,0.0,0.0,0.0,298.0,735.0,34.9,330.0,1.0
420,70,620,72.0,140,45,530,73.0,650.0,50.0,40.0,35.0,38.0,32.0,28.0,15.0,10,ALUMINIUM,25.0,45.0,50.0,330.0,350.0,0.0,0,False,False,135.0,2.0,0.9,1.1,0.9,1.2,1.0,0.9,680.0,58.0,680.0,58.0,0.0,2,False,1.0,1.0,68.0,45.0,0.0,31.8,False,True,True,True,True,8.0,1,True,153.0,255.0,204,SPOKED,SPOKED,1.0,1.0,0.0,0.0,280.0,740.0,38.0,350.0,1.0
430,65,630,73.0,150,42,540,74.0,655.0,45.0,42.0,30.0,36.0,30.0,26.0,14.0,11,CARBON,28.0,48.0,52.0,330.0,350.0,0.0,0,False,False,135.0,1.8,0.8,1.0,0.8,1.1,1.0,0.8,700.0,78.0,700.0,78.0,0.0,2,False,1.0,2.0,70.0,48.0,0.0,34.0,True,True,True,True,True,9.0,1,True,140.0,255.0,200,DISC,DISC,0.0,0.0,0.0,0.0,285.0,750.0,36.0,350.0,0.0
440,72,605,71.0,130,50,520,72.0,645.0,55.0,38.0,36.0,39.0,33.0,29.0,16.0,12,STEEL,22.0,43.0,48.0,330.0,350.0,0.0,0,False,False,135.0,2.2,1.0,1.2,1.0,1.3,1.1,1.0,680.0,58.0,680.0,58.0,0.0,1,False,1.0,1.0,68.0,42.0,0.0,32.0,False,True,True,True,False,7.0,1,True,160.0,255.0,180,SPOKED,SPOKED,1.0,1.0,0.0,0.0,290.0,740.0,39.0,360.0,2.0
415,68,615,73.5,145,48,535,74.0,660.0,48.0,42.0,34.0,37.0,31.0,27.0,14.0,11,TITANIUM,26.0,47.0,51.0,330.0,350.0,0.0,0,False,False,135.0,1.7,0.8,1.1,0.8,1.2,1.0,0.8,680.0,58.0,680.0,58.0,0.0,2,False,1.0,3.0,68.0,46.0,0.0,32.0,True,False,True,True,True,8.0,1,True,150.0,255.0,200,SPOKED,TRISPOKE,1.0,1.0,0.0,80.0,280.0,730.0,37.0,345.0,0.0
425,75,595,70.0,155,47,545,71.0,640.0,52.0,44.0,38.0,40.0,34.0,30.0,17.0,13,BAMBOO,30.0,50.0,55.0,330.0,350.0,0.0,0,False,False,135.0,2.5,1.2,1.3,1.1,1.4,1.2,1.1,690.0,68.0,690.0,68.0,0.0,1,False,1.0,1.0,70.0,49.0,0.0,30.0,True,False,True,True,False,8.0,1,True,145.0,255.0,190,DISC,SPOKED,0.0,1.0,0.0,0.0,285.0,735.0,40.0,360.0,2.0
435,68,605,72.5,142,44,525,73.5,652.0,50.0,42.0,36.0,38.0,32.0,28.0,15.0,11,OTHER,27.0,46.0,50.0,330.0,350.0,0.0,0,False,False,135.0,2.0,1.0,1.1,0.9,1.2,1.1,1.0,680.0,58.0,680.0,58.0,0.0,2,False,1.0,2.0,68.0,44.0,0.0,32.0,False,True,True,True,True,9.0,1,True,153.0,245.0,200,SPOKED,TRISPOKE,1.0,1.0,0.0,70.0,286.0,742.0,38.0,355.0,1.0
410,70,610,74.0,135,43,515,74.0,645.0,48.0,40.0,34.0,37.0,31.0,27.0,14.0,11,ALUMINIUM,24.0,44.0,49.0,330.0,350.0,0.0,0,False,False,135.0,1.8,0.8,1.0,0.8,1.1,0.9,0.8,680.0,58.0,680.0,58.0,0.0,1,False,1.0,1.0,68.0,42.0,0.0,31.8,False,True,True,True,True,8.0,1,True,150.0,250.0,200,SPOKED,SPOKED,1.0,1.0,0.0,0.0,288.0,740.0,37.0,348.0,1.0
425,66,625,72.5,150,47,540,74.0,660.0,47.0,44.0,33.0,36.0,29.0,25.0,13.0,10,CARBON,29.0,49.0,53.0,330.0,350.0,0.0,0,False,False,135.0,1.6,0.8,1.0,0.8,1.1,0.9,0.8,700.0,78.0,700.0,78.0,0.0,2,False,1.0,0.0,68.0,43.0,700.0,31.8,True,True,True,True,True,10.0,1,True,148.0,255.0,205,DISC,SPOKED,0.0,1.0,0.0,0.0,290.0,755.0,36.0,360.0,0.0
435,75,600,71.5,138,46,530,73.0,655.0,52.0,40.0,37.0,39.0,32.0,28.0,16.0,12,STEEL,27.0,47.0,52.0,330.0,350.0,0.0,0,False,False,135.0,2.2,1.0,1.2,1.0,1.3,1.1,1.0,680.0,58.0,680.0,58.0,0.0,1,False,1.0,1.0,68.0,44.0,0.0,32.0,False,True,True,True,True,8.0,1,True,155.0,255.0,210,SPOKED,SPOKED,1.0,1.0,0.0,0.0,292.0,745.0,39.0,350.0,1.0
420,72,630,72.0,142,45,535,74.0,658.0,50.0,42.0,36.0,38.0,31.0,27.0,15.0,11,BAMBOO,26.0,46.0,51.0,330.0,350.0,0.0,0,False,False,135.0,2.0,0.9,1.1,0.9,1.2,1.0,0.9,680.0,58.0,680.0,58.0,0.0,2,False,1.0,2.0,68.0,43.0,0.0,31.8,True,True,True,True,False,8.0,1,True,149.0,255.0,195,DISC,DISC,0.0,0.0,0.0,0.0,288.0,750.0,38.0,355.0,2.0
420.0,65.0,600.0,73.0,160.0,50.0,560.0,73.5,650.0,50.0,40.0,28.6,36.5,30.0,30.0,13.0,15.0,STEEL,35.0,50.0,45.0,330.0,350.0,16.0,18.0,False,False,135.0,2.0,1.0,1.0,1.0,1.0,1.0,1.0,700.0,52.0,700.0,52.0,0.0,1,False,1.0,1.0,68.0,45.0,692.0,31.8,True,True,True,True,False,1.0,1,True,152.0,255.0,152,DISC,SPOKED,0.0,0.0,0.0,0.0,280.0,730.0,34.9,300.0,1.0
440.0,62.0,620.0,72.5,170.0,52.0,570.0,73.0,660.0,52.0,40.0,28.6,36.5,30.0,30.0,13.0,15.0,STEEL,35.0,50.0,45.0,330.0,350.0,16.0,18.0,False,False,135.0,2.0,1.0,1.0,1.0,1.0,1.0,1.0,700.0,52.0,700.0,52.0,0.0,1,False,1.0,1.0,68.0,45.0,692.0,31.8,True,True,True,True,False,1.0,1,True,152.0,255.0,152,DISC,SPOKED,0.0,0.0,0.0,0.0,280.0,740.0,34.9,300.0,1.0
460.0,63.0,610.0,73.5,165.0,54.0,580.0,74.0,670.0,51.0,42.0,28.6,36.5,30.0,30.0,13.0,15.0,STEEL,35.0,50.0,45.0,330.0,350.0,16.0,18.0,False,False,135.0,2.0,1.0,1.0,1.0,1.0,1.0,1.0,700.0,52.0,700.0,52.0,0.0,1,False,1.0,1.0,68.0,45.0,692.0,31.8,True,True,True,True,False,1.0,1,True,152.0,255.0,152,DISC,SPOKED,0.0,0.0,0.0,0.0,280.0,720.0,34.9,300.0,1.0
480.0,68.0,630.0,74.0,175.0,56.0,590.0,74.5,680.0,53.0,45.0,28.6,36.5,30.0,30.0,13.0,15.0,STEEL,35.0,50.0,45.0,330.0,350.0,16.0,18.0,False,False,135.0,2.0,1.0,1.0,1.0,1.0,1.0,1.0,700.0,52.0,700.0,52.0,0.0,1,False,1.0,1.0,68.0,45.0,692.0,31.8,True,True,True,True,False,1.0,1,True,152.0,255.0,152,DISC,SPOKED,0.0,0.0,0.0,0.0,280.0,735.0,34.9,300.0,1.0
400.0,60.0,585.0,72.0,155.0,48.0,550.0,73.0,640.0,48.0,38.0,28.6,36.5,30.0,30.0,13.0,15.0,STEEL,35.0,50.0,45.0,330.0,350.0,16.0,18.0,False,False,135.0,2.0,1.0,1.0,1.0,1.0,1.0,1.0,700.0,52.0,700.0,52.0,0.0,1,False,1.0,1.0,68.0,45.0,692.0,31.8,True,True,True,True,False,1.0,1,True,152.0,255.0,152,DISC,SPOKED,0.0,0.0,0.0,0.0,280.0,725.0,34.9,300.0,1.0
430.0,66.0,615.0,74.5,180.0,50.0,565.0,75.0,655.0,54.0,42.0,28.6,36.5,30.0,30.0,13.0,15.0,STEEL,35.0,50.0,45.0,330.0,350.0,16.0,18.0,False,False,135.0,2.0,1.0,1.0,1.0,1.0,1.0,1.0,700.0,52.0,700.0,52.0,0.0,1,False,1.0,1.0,68.0,45.0,692.0,31.8,True,True,True,True,False,1.0,1,True,152.0,255.0,152,DISC,SPOKED,0.0,0.0,0.0,0.0,280.0,745.0,34.9,300.0,1.0
450.0,67.0,605.0,72.8,162.0,53.0,575.0,73.8,665.0,50.0,44.0,28.6,36.5,30.0,30.0,13.0,15.0,STEEL,35.0,50.0,45.0,330.0,350.0,16.0,18.0,False,False,135.0,2.0,1.0,1.0,1.0,1.0,1.0,1.0,700.0,52.0,700.0,52.0,0.0,1,False,1.0,1.0,68.0,45.0,692.0,31.8,True,True,True,True,False,1.0,1,True,152.0,255.0,152,DISC,SPOKED,0.0,0.0,0.0,0.0,280.0,728.0,34.9,300.0,1.0
470.0,64.0,625.0,73.2,168.0,55.0,585.0,74.2,675.0,52.0,43.0,28.6,36.5,30.0,30.0,13.0,15.0,STEEL,35.0,50.0,45.0,330.0,350.0,16.0,18.0,False,False,135.0,2.0,1.0,1.0,1.0,1.0,1.0,1.0,700.0,52.0,700.0,52.0,0.0,1,False,1.0,1.0,68.0,45.0,692.0,31.8,True,True,True,True,False,1.0,1,True,152.0,255.0,152,DISC,SPOKED,0.0,0.0,0.0,0.0,280.0,737.0,34.9,300.0,1.0
410.0,61.0,595.0,72.3,158.0,49.0,555.0,73.3,645.0,49.0,39.0,28.6,36.5,30.0,30.0,13.0,15.0,STEEL,35.0,50.0,45.0,330.0,350.0,16.0,18.0,False,False,135.0,2.0,1.0,1.0,1.0,1.0,1.0,1.0,700.0,52.0,700.0,52.0,0.0,1,False,1.0,1.0,68.0,45.0,692.0,31.8,True,True,True,True,False,1.0,1,True,152.0,255.0,152,DISC,SPOKED,0.0,0.0,0.0,0.0,280.0,733.0,34.9,300.0,1.0
490.0,69.0,635.0,74.3,182.0,57.0,595.0,74.7,685.0,55.0,45.0,28.6,36.5,30.0,30.0,13.0,15.0,STEEL,35.0,50.0,45.0,330.0,350.0,16.0,18.0,False,False,135.0,2.0,1.0,1.0,1.0,1.0,1.0,1.0,700.0,52.0,700.0,52.0,0.0,1,False,1.0,1.0,68.0,45.0,692.0,31.8,True,True,True,True,False,1.0,1,True,152.0,255.0,152,DISC,SPOKED,0.0,0.0,0.0,0.0,280.0,748.0,34.9,300.0,1.0
410.0,65.0,600.0,74.0,150.0,46.0,540.0,74.0,650.0,45.0,45.0,40.0,28.6,36.5,25.0,13.0,15.0,ALUMINIUM,34.0,40.0,45.0,330.0,350.0,16.0,18.0,False,False,130.0,2.0,1.0,1.0,1.0,1.0,1.0,1.0,680.0,52.0,680.0,52.0,1.0,1,False,1.0,1.0,68.0,45.0,0.0,31.8,True,False,True,True,True,8.0,1,True,152.0,255.0,152,SPOKED,SPOKED,0.0,0.0,0.0,0.0,300.0,725.0,34.9,300.0,1.0
420.0,70.0,610.0,73.5,160.0,48.0,550.0,73.5,655.0,50.0,50.0,42.0,30.0,37.0,26.0,15.0,16.0,CARBON,35.0,42.0,46.0,335.0,355.0,16.0,18.0,False,False,135.0,2.0,1.0,1.0,1.1,1.1,1.0,1.0,678.0,50.0,678.0,50.0,0.0,2,False,1.0,1.0,70.0,50.0,0.0,34.0,True,True,True,False,True,9.0,2,True,143.0,255.0,188,SPOKED,DISC,0.0,0.0,0.0,0.0,305.0,730.0,35.0,320.0,1.0
405.0,60.0,590.0,74.5,140.0,45.0,530.0,74.0,648.0,45.0,45.0,39.0,32.0,36.5,24.0,13.0,15.0,STEEL,30.0,40.0,48.0,330.0,350.0,16.0,18.0,False,False,130.0,2.0,0.9,1.1,0.9,1.2,1.0,0.9,672.0,50.0,672.0,50.0,1.0,0,False,1.0,1.0,68.0,45.0,0.0,31.8,False,False,True,True,True,7.0,1,False,0.0,255.0,127,SPOKED,SPOKED,0.0,0.0,0.0,0.0,290.0,715.0,34.9,310.0,1.0
430.0,68.0,605.0,73.0,155.0,47.5,545.0,73.0,660.0,48.0,45.0,40.0,33.6,36.5,27.0,14.0,16.0,TITANIUM,36.0,44.0,47.0,332.0,352.0,16.0,18.0,False,False,135.0,2.0,1.0,1.1,1.0,1.0,1.1,1.0,682.0,54.0,682.0,54.0,1.0,1,False,1.0,1.0,70.0,48.0,0.0,32.0,True,True,True,True,True,10.0,2,True,152.0,255.0,100,SPOKED,SPOKED,0.0,0.0,0.0,0.0,295.0,735.0,35.0,340.0,2.0
415.0,62.0,595.0,74.0,165.0,49.0,535.0,74.0,645.0,47.0,45.0,41.0,29.0,36.5,23.0,13.0,15.0,BAMBOO,33.0,37.0,46.0,330.0,350.0,16.0,18.0,False,False,130.0,2.0,1.1,1.0,0.9,1.1,1.0,0.9,670.0,53.0,670.0,53.0,1.0,1,False,1.0,1.0,68.0,45.0,0.0,31.8,False,False,True,False,True,8.0,1,True,200.0,255.0,200,DISC,DISC,0.0,0.0,0.0,0.0,310.0,720.0,34.9,330.0,1.0
395.0,70.0,615.0,73.5,170.0,44.0,550.0,73.5,658.0,46.0,45.0,39.0,33.6,36.5,25.5,15.0,14.0,ALUMINIUM,38.0,45.0,49.0,331.0,351.0,16.0,18.0,False,False,135.0,2.0,0.9,1.1,0.9,1.0,1.1,0.9,685.0,50.0,685.0,50.0,0.0,2,False,1.0,1.0,68.0,45.0,0.0,31.8,True,True,True,True,True,9.0,2,False,100.0,255.0,150,SPOKED,SPOKED,0.0,0.0,0.0,0.0,300.0,760.0,34.9,350.0,1.0
445.0,64.0,605.0,74.0,165.0,50.0,540.0,74.0,662.0,49.0,45.0,42.0,28.6,36.5,24.5,13.0,16.0,STEEL,35.0,41.0,47.0,330.0,350.0,16.0,18.0,False,False,130.0,2.0,1.0,1.0,1.1,1.1,1.0,1.0,680.0,52.0,680.0,52.0,1.0,1,False,1.0,1.0,68.0,45.0,0.0,31.8,True,False,False,False,True,6.0,1,True,152.0,255.0,220,SPOKED,SPOKED,0.0,0.0,0.0,0.0,295.0,725.0,34.9,310.0,1.0
425.0,67.0,598.0,73.8,158.0,48.0,545.0,73.8,655.0,46.0,45.0,40.0,33.0,36.5,25.0,14.0,15.0,CARBON,34.0,43.0,46.0,332.0,352.0,16.0,18.0,False,False,135.0,2.0,1.0,1.0,1.0,1.1,1.0,1.0,672.0,51.0,672.0,51.0,1.0,0,False,1.0,1.0,68.0,45.0,0.0,31.8,False,True,True,False,True,7.0,1,True,100.0,250.0,200,SPOKED,DISC,0.0,0.0,0.0,0.0,300.0,720.0,34.9,340.0,2.0
435.0,66.0,602.0,74.2,152.0,46.0,538.0,74.2,658.0,47.0,45.0,40.0,28.6,36.5,26.0,13.5,15.5,ALUMINIUM,36.5,41.5,47.5,333.0,353.0,16.0,18.0,False,False,130.0,2.0,1.0,1.0,1.0,1.0,1.0,1.0,680.0,52.5,680.0,52.5,1.0,1,False,1.0,1.0,68.0,45.0,0.0,31.8,False,False,True,True,True,8.0,2,False,152.0,245.0,220,SPOKED,SPOKED,0.0,0.0,0.0,0.0,285.0,740.0,34.9,320.0,1.0
400.0,65.0,607.0,73.5,148.0,44.0,550.0,73.5,660.0,45.0,45.0,40.0,33.0,36.5,27.0,14.0,15.0,STEEL,34.0,44.0,47.0,330.0,350.0,16.0,18.0,False,False,135.0,2.0,0.9,1.0,1.0,1.1,1.0,1.0,682.0,54.0,682.0,54.0,1.0,1,False,1.0,1.0,68.0,45.0,0.0,31.8,True,False,False,True,True,10.0,1,True,120.0,250.0,200,SPOKED,SPOKED,0.0,0.0,0.0,0.0,310.0,710.0,34.9,315.0,1.0
405.0,70.0,590.0,73.0,160.0,50.0,560.0,73.0,650.0,50.0,45.0,32.0,26.0,26.0,37.0,13.0,9.0,ALUMINIUM,35.0,40.0,45.0,0.0,0.0,0.0,0.0,False,False,135.0,2.0,1.0,1.2,1.0,1.2,1.0,1.0,680.0,55.0,680.0,55.0,0.0,1,False,1.0,1.0,68.0,50.0,0.0,31.8,False,True,False,False,True,8.0,1,False,152.0,255.0,152,SPOKED,SPOKED,0.0,0.0,0.0,0.0,280.0,720.0,38.0,320.0,1.0
415.0,65.0,600.0,74.0,170.0,48.0,580.0,73.5,660.0,48.0,44.0,33.0,27.0,25.0,38.0,12.5,9.0,ALUMINIUM,36.0,42.0,46.0,0.0,0.0,0.0,0.0,False,False,135.0,2.0,1.0,1.2,1.0,1.2,1.0,1.0,680.0,55.0,680.0,55.0,0.0,0,False,1.0,1.0,69.0,48.0,0.0,32.0,False,True,True,True,True,8.0,1,False,152.0,255.0,152,SPOKED,SPOKED,0.0,0.0,0.0,0.0,285.0,735.0,37.0,330.0,1.0
425.0,75.0,605.0,72.5,150.0,52.0,570.0,72.5,640.0,52.0,46.0,30.0,28.0,26.5,36.5,13.5,9.0,ALUMINIUM,34.0,38.0,44.0,0.0,0.0,0.0,0.0,False,False,135.0,2.0,1.0,1.2,1.0,1.2,1.0,1.0,680.0,55.0,680.0,55.0,0.0,2,False,1.0,1.0,67.0,46.0,0.0,31.8,False,True,False,False,True,8.0,1,False,152.0,255.0,152,SPOKED,SPOKED,0.0,0.0,0.0,0.0,275.0,710.0,39.0,310.0,1.0
435.0,60.0,615.0,75.0,180.0,45.0,600.0,74.0,670.0,55.0,43.0,34.0,26.0,27.0,39.0,13.0,9.0,ALUMINIUM,38.0,45.0,48.0,0.0,0.0,0.0,0.0,False,False,135.0,2.0,1.0,1.2,1.0,1.2,1.0,1.0,680.0,55.0,680.0,55.0,0.0,1,False,1.0,1.0,68.0,52.0,0.0,32.0,True,True,True,True,True,8.0,1,False,152.0,255.0,152,SPOKED,SPOKED,0.0,0.0,0.0,0.0,290.0,740.0,37.5,340.0,1.0
440.0,68.0,620.0,71.0,145.0,55.0,550.0,72.0,655.0,47.0,50.0,31.0,25.0,24.0,38.5,13.0,9.0,ALUMINIUM,33.0,39.0,43.0,0.0,0.0,0.0,0.0,False,False,135.0,2.0,1.0,1.2,1.0,1.2,1.0,1.0,680.0,55.0,680.0,55.0,0.0,2,False,1.0,1.0,67.0,44.0,0.0,32.0,False,True,False,False,True,8.0,1,False,152.0,255.0,152,SPOKED,SPOKED,0.0,0.0,0.0,0.0,282.0,725.0,38.0,325.0,1.0
410.0,72.0,585.0,73.5,155.0,49.0,590.0,73.2,660.0,53.0,44.0,30.5,27.5,26.0,37.5,13.0,9.0,ALUMINIUM,36.5,41.0,46.5,0.0,0.0,0.0,0.0,False,False,135.0,2.0,1.0,1.2,1.0,1.2,1.0,1.0,680.0,55.0,680.0,55.0,0.0,1,False,1.0,1.0,69.0,49.0,0.0,31.8,False,True,False,False,True,7.0,1,False,152.0,255.0,152,SPOKED,SPOKED,0.0,0.0,0.0,0.0,288.0,730.0,36.0,335.0,1.0
420.0,66.0,630.0,74.5,165.0,47.0,580.0,74.0,665.0,51.0,46.0,34.0,26.5,25.5,38.0,12.8,9.0,ALUMINIUM,37.0,44.0,47.5,0.0,0.0,0.0,0.0,False,False,135.0,2.0,1.0,1.2,1.0,1.2,1.0,1.0,680.0,55.0,680.0,55.0,0.0,2,False,1.0,1.0,68.0,47.0,0.0,32.0,True,False,True,False,True,8.0,1,False,152.0,255.0,152,SPOKED,SPOKED,0.0,0.0,0.0,0.0,295.0,725.0,39.0,345.0,1.0
430.0,63.0,605.0,72.0,158.0,53.0,575.0,73.0,658.0,49.0,45.0,32.5,27.0,27.0,37.0,13.2,9.0,ALUMINIUM,35.5,43.5,45.0,0.0,0.0,0.0,0.0,False,False,135.0,2.0,1.0,1.2,1.0,1.2,1.0,1.0,680.0,55.0,680.0,55.0,0.0,1,False,1.0,1.0,68.5,48.5,0.0,32.0,False,True,False,True,True,9.0,1,False,152.0,255.0,152,SPOKED,SPOKED,0.0,0.0,0.0,0.0,280.0,710.0,38.5,315.0,1.0
445.0,62.0,592.0,73.0,152.0,56.0,565.0,72.8,645.0,54.0,44.0,31.0,29.0,28.0,36.0,13.0,9.0,ALUMINIUM,34.0,40.0,42.0,0.0,0.0,0.0,0.0,False,False,135.0,2.0,1.0,1.2,1.0,1.2,1.0,1.0,680.0,55.0,680.0,55.0,0.0,0,False,1.0,1.0,67.5,49.5,0.0,31.8,True,True,True,True,True,8.0,1,False,152.0,255.0,152,SPOKED,SPOKED,0.0,0.0,0.0,0.0,292.0,740.0,38.0,325.0,1.0
412.5,68.5,618.0,74.0,168.0,50.0,595.0,73.7,672.0,46.0,47.0,33.5,27.5,26.0,39.5,12.7,9.0,ALUMINIUM,39.0,47.0,49.0,0.0,0.0,0.0,0.0,False,False,135.0,2.0,1.0,1.2,1.0,1.2,1.0,1.0,680.0,55.0,680.0,55.0,0.0,1,False,1.0,1.0,68.0,51.0,0.0,32.2,False,True,False,False,True,7.0,1,False,152.0,255.0,152,SPOKED,SPOKED,0.0,0.0,0.0,0.0,300.0,750.0,37.0,350.0,1.0
400,65,600,73.0,150,40,580,73.0,620.0,45.0,40.0,25.4,34.9,36.5,23.35,15.0,12,ALUMINIUM,30.0,50.0,40.0,330.0,350.0,16.0,18,False,False,135.0,2.0,1.0,1.2,1.0,1.0,0.9,0.9,680.0,52.0,680.0,52.0,0.0,1,False,1.0,1.0,68.0,45.0,0.0,31.8,False,False,False,False,True,9.0,1,False,152.0,255.0,152,SPOKED,SPOKED,0.0,0.0,0.0,0.0,280.0,750.0,34.9,300.0,1.0
420,60,620,74.0,170,60,600,74.0,650.0,60.0,40.0,28.6,38.0,38.5,24.0,13.0,14,STEEL,35.0,55.0,45.0,340.0,360.0,16.0,18,False,True,130.0,2.0,1.1,1.3,1.1,1.0,1.0,1.0,700.0,50.0,700.0,50.0,1.0,0,False,1.0,1.0,70.0,50.0,0.0,33.0,False,False,False,False,True,10.0,1,True,152.0,255.0,152,DISC,SPOKED,0.0,0.0,0.0,0.0,290.0,740.0,38.0,320.0,1.0
380,65,580,72.0,140,50,565,75.0,630.0,50.0,40.0,25.4,34.9,36.5,22.5,14.0,13,TITANIUM,27.0,48.0,42.0,335.0,355.0,15.0,17,True,False,135.0,2.0,1.0,1.2,1.0,1.0,1.0,1.0,680.0,49.0,680.0,49.0,0.0,2,False,1.0,2.0,68.0,42.0,0.0,30.0,False,False,False,False,True,8.0,2,False,152.0,250.0,152,SPOKED,TRISPOKE,2.0,1.0,3.5,4.0,275.0,730.0,34.9,310.0,1.0
410,68,610,73.5,160,55,595,73.0,660.0,55.0,40.0,28.0,36.5,36.5,24.5,12.0,16,CARBON,32.0,60.0,50.0,328.0,348.0,17.0,19,True,True,135.0,1.8,1.0,1.2,1.0,0.9,0.9,1.0,700.0,48.0,700.0,48.0,2.0,1,False,1.0,3.0,70.0,47.0,0.0,32.0,True,False,False,False,True,11.0,2,True,120.0,255.0,160,DISC,DISC,0.0,0.0,0.0,0.0,300.0,760.0,36.5,350.0,2.0
395,62,590,71.0,155,48,580,74.0,640.0,52.0,40.0,25.4,34.9,37.0,23.0,14.0,14,BAMBOO,30.0,52.0,43.0,340.0,360.0,16.0,17,False,False,135.0,2.0,1.0,1.1,1.0,1.0,0.9,1.0,680.0,50.0,680.0,50.0,0.0,0,False,1.0,1.0,68.0,45.0,0.0,31.0,False,False,False,False,True,9.0,1,False,100.0,255.0,180,SPOKED,SPOKED,0.0,0.0,0.0,0.0,285.0,745.0,34.9,305.0,1.0
405,70,620,72.5,165,58,600,73.5,650.0,48.0,40.0,28.6,36.5,36.5,24.0,13.0,15,ALUMINIUM,36.0,58.0,46.0,332.0,352.0,17.0,18,True,False,135.0,2.0,1.0,1.2,1.0,1.0,1.0,1.0,700.0,52.0,700.0,52.0,1.0,2,False,1.0,1.0,70.0,48.0,0.0,33.0,True,True,True,True,True,10.0,1,True,160.0,255.0,160,DISC,SPOKED,0.0,0.0,0.0,0.0,290.0,755.0,36.5,340.0,1.0
390,67,605,74.0,152,45,585,75.0,635.0,50.0,40.0,25.4,34.9,36.5,23.5,14.0,13,STEEL,29.0,54.0,42.0,338.0,358.0,16.0,18,False,True,130.0,2.0,1.0,1.0,1.0,1.0,1.0,1.0,680.0,51.0,680.0,51.0,0.0,0,False,1.0,1.0,68.0,44.0,0.0,31.8,False,True,False,True,True,9.0,1,False,140.0,255.0,140,SPOKED,SPOKED,0.0,0.0,0.0,0.0,280.0,735.0,34.9,320.0,1.0
415,63,590,72.0,145,53,575,74.5,640.0,53.0,40.0,28.6,36.0,36.0,23.0,15.0,14,CARBON,28.0,52.0,45.0,336.0,356.0,16.0,19,True,False,135.0,1.8,1.1,1.2,1.1,1.0,1.0,1.0,700.0,49.0,700.0,49.0,2.0,1,False,1.0,3.0,70.0,47.0,0.0,32.5,True,False,True,False,True,11.0,1,True,180.0,255.0,150,SPOKED,DISC,0.0,0.0,0.0,0.0,295.0,760.0,36.0,330.0,2.0
425,64,615,73.0,158,58,605,73.0,655.0,57.0,40.0,25.4,34.9,36.0,23.5,14.0,15,TITANIUM,31.0,57.0,48.0,340.0,360.0,17.0,18,False,False,130.0,1.9,1.0,1.2,1.0,1.0,1.0,1.0,680.0,50.0,680.0,50.0,1.0,2,False,1.0,1.0,68.0,45.0,0.0,31.8,True,True,False,False,True,8.0,2,True,135.0,255.0,155,SPOKED,SPOKED,0.0,0.0,0.0,0.0,285.0,750.0,34.9,340.0,1.0
430,66,605,74.0,150,52,590,74.0,645.0,54.0,40.0,28.6,36.5,36.5,23.8,12.0,14,ALUMINIUM,29.0,56.0,44.0,339.0,359.0,17.0,17,True,True,135.0,2.0,1.1,1.2,1.1,1.1,1.0,1.0,700.0,52.0,700.0,52.0,0.0,0,False,1.0,1.0,68.0,45.0,0.0,32.0,False,True,True,True,True,10.0,1,False,150.0,255.0,150,TRISPOKE,TRISPOKE,1.0,1.0,5.0,5.0,300.0,765.0,36.5,345.0,1.0
385.0,58.0,587.0392,74.5,160.3,30.0,590.6,74.5,637.3538,35.0,42.0,25.4,36.5,20.5,12.5,15.0,9.0,ALUMINIUM,29.8,30.6,39.6,330.0,350.0,16.0,18.0,False,False,135.0,2.0,0.9,1.1,0.9,1.2,1.0,0.9,676.0,54.0,676.0,54.0,0.0,1,False,1.0,1.0,73.0,38.0,692.0,28.6,False,True,True,True,True,8.0,1,True,152.0,255.0,152,DISC,SPOKED,0.0,0.0,0.0,0.0,300.0,820.0,31.0,300.0,1.0
400.0,60.0,600.0,73.0,150.0,40.0,580.0,74.0,650.0,40.0,40.0,28.6,36.5,23.35,13.5,14.0,8.0,ALUMINIUM,28.0,32.0,38.0,335.0,345.0,15.0,17.0,False,True,135.0,2.0,0.9,1.1,0.9,1.2,1.0,0.9,700.0,50.0,700.0,50.0,0.0,2,False,1.0,1.0,70.0,36.0,692.0,30.0,False,True,True,True,True,10.0,2,True,150.0,255.0,160,DISC,SPOKED,0.0,0.0,0.0,0.0,310.0,810.0,32.0,320.0,1.0
370.0,65.0,580.0,72.0,180.0,35.0,600.0,73.5,640.0,38.0,42.0,30.0,35.0,22.0,14.0,16.0,10.0,STEEL,32.0,28.0,40.0,332.0,348.0,16.0,18.0,True,False,135.0,2.0,1.0,1.2,1.0,1.2,1.0,1.0,660.0,60.0,660.0,60.0,0.0,0,False,1.0,2.0,75.0,40.0,692.0,30.0,True,False,True,True,True,9.0,1,True,120.0,255.0,180,SPOKED,SPOKED,0.0,0.0,0.0,0.0,300.0,800.0,34.0,310.0,2.0
380.0,60.0,590.0,75.0,140.0,28.0,580.0,74.0,630.0,35.0,40.0,25.4,34.5,20.0,12.0,14.0,9.0,CARBON,25.0,29.0,37.0,330.0,350.0,16.0,18.0,False,False,135.0,1.5,0.8,1.0,0.9,1.2,1.0,0.8,680.0,50.0,680.0,50.0,2.0,2,False,1.0,3.0,68.0,42.0,692.0,27.0,False,True,True,True,False,11.0,1,False,100.0,255.0,100,DISC,DISC,0.0,0.0,0.0,0.0,280.0,785.0,32.0,320.0,0.0
395.0,55.0,600.0,73.0,155.0,30.0,600.0,73.0,650.0,37.0,45.0,28.0,36.0,22.0,14.0,16.0,10.0,TITANIUM,30.0,30.0,40.0,330.0,350.0,16.0,18.0,False,True,135.0,2.0,1.0,1.2,1.0,1.2,1.0,1.0,700.0,55.0,700.0,55.0,0.0,1,False,1.0,1.0,75.0,40.0,692.0,31.0,True,True,True,True,True,9.0,2,True,140.0,255.0,200,DISC,SPOKED,0.0,0.0,0.0,0.0,295.0,810.0,33.0,330.0,1.0
405.0,60.0,610.0,72.0,165.0,32.0,610.0,74.0,660.0,36.0,42.0,30.0,35.5,22.5,13.0,15.5,9.5,BAMBOO,31.0,32.0,38.5,330.0,350.0,16.0,18.0,False,False,135.0,2.5,1.1,1.3,1.1,1.2,1.0,1.1,680.0,58.0,680.0,58.0,1.0,0,False,1.0,1.0,72.0,39.0,692.0,29.0,False,True,True,True,True,10.0,1,True,120.0,255.0,156,DISC,DISC,0.0,0.0,0.0,0.0,310.0,800.0,32.5,340.0,1.0
390.0,62.0,620.0,71.5,170.0,30.0,600.0,73.0,655.0,30.0,42.0,28.6,36.5,22.0,13.5,15.0,9.0,CARBON,30.0,31.0,39.0,330.0,350.0,16.0,18.0,False,False,135.0,1.8,0.9,1.1,0.9,1.2,1.0,0.9,690.0,50.0,690.0,50.0,0.0,1,False,1.0,3.0,70.0,38.0,692.0,30.0,False,True,True,True,True,11.0,2,False,100.0,255.0,200,DISC,SPOKED,0.0,0.0,0.0,0.0,305.0,790.0,32.8,330.0,2.0
375.0,58.0,600.0,74.0,150.0,35.0,590.0,74.5,645.0,34.0,42.0,27.0,36.0,22.5,13.0,15.5,9.0,STEEL,28.0,30.0,40.0,330.0,350.0,16.0,18.0,False,False,135.0,2.0,1.0,1.1,1.0,1.2,1.0,1.0,680.0,54.0,680.0,54.0,0.0,2,False,1.0,1.0,72.0,38.0,692.0,29.0,False,True,True,True,True,9.0,1,True,136.0,255.0,170,SPOKED,SPOKED,0.0,0.0,0.0,0.0,300.0,805.0,32.0,310.0,1.0
390.0,60.0,580.0,73.5,160.0,30.0,600.0,73.0,640.0,33.0,44.0,27.5,36.5,21.5,12.5,15.0,9.0,OTHER,29.0,31.0,39.0,330.0,350.0,16.0,18.0,False,True,135.0,2.0,1.0,1.2,1.0,1.2,1.0,1.0,650.0,55.0,650.0,55.0,0.0,1,False,1.0,1.0,73.0,38.0,692.0,29.0,True,False,True,True,False,8.0,1,True,100.0,255.0,150,DISC,TRISPOKE,0.0,1.0,0.0,50.0,300.0,800.0,32.0,300.0,2.0
410.0,58.0,595.0,74.0,155.0,28.0,585.0,74.5,650.0,35.0,42.0,28.0,36.5,22.5,13.0,14.5,9.0,ALUMINIUM,28.5,30.5,38.5,330.0,350.0,16.0,18.0,True,False,135.0,2.0,0.9,1.1,0.9,1.2,1.0,0.9,680.0,54.0,680.0,54.0,0.0,0,False,1.0,1.0,73.0,38.0,692.0,29.0,False,True,True,True,False,10.0,1,True,120.0,255.0,140,SPOKED,SPOKED,0.0,0.0,0.0,0.0,300.0,800.0,32.5,315.0,1.0
405.0,70.0,625.0,72.5,140.0,45.0,530.0,73.0,600.0,45.0,40.0,33.6,36.5,23.35,23.35,13.0,15.0,ALUMINIUM,30.0,50.0,45.0,330.0,350.0,16.0,18.0,False,True,135.0,2.0,1.0,1.2,0.9,0.9,0.9,0.9,700.0,80.0,700.0,80.0,1.0,2,False,1.0,1.0,68.0,45.0,0.0,31.8,True,True,True,True,True,8.0,1,True,152.0,255.0,152,SPOKED,SPOKED,0.0,0.0,80.0,80.0,300.0,760.0,34.9,350.0,1.0
410.0,72.0,635.0,73.0,150.0,50.0,540.0,72.0,610.0,50.0,40.0,33.6,36.5,23.35,23.35,13.0,15.0,STEEL,32.0,52.0,42.0,330.0,350.0,16.0,18.0,False,True,130.0,2.0,1.1,1.2,0.9,0.9,1.0,1.0,700.0,80.0,700.0,80.0,1.0,2,False,1.0,1.0,68.0,45.0,0.0,31.8,True,True,True,True,True,8.0,1,True,144.0,238.0,144,SPOKED,SPOKED,0.0,0.0,75.0,75.0,310.0,765.0,34.9,345.0,1.0
400.0,65.0,615.0,72.0,135.0,40.0,525.0,74.0,595.0,43.0,40.0,33.6,36.5,23.35,23.35,13.0,15.0,STEEL,28.0,48.0,40.0,330.0,350.0,16.0,18.0,False,True,135.0,2.0,0.9,1.1,1.1,1.0,0.9,0.9,700.0,80.0,700.0,80.0,1.0,2,False,1.0,1.0,68.0,45.0,0.0,31.8,True,True,True,True,False,8.0,1,True,140.0,230.0,140,SPOKED,SPOKED,0.0,0.0,80.0,80.0,300.0,755.0,34.9,350.0,1.0
405.0,68.0,620.0,73.5,145.0,48.0,535.0,73.5,605.0,47.0,40.0,33.6,36.5,23.35,23.35,13.0,15.0,CARBON,31.0,51.0,44.0,330.0,350.0,16.0,18.0,False,True,130.0,2.0,0.9,1.2,0.9,0.9,0.9,0.9,700.0,80.0,700.0,80.0,1.0,2,False,1.0,1.0,68.0,50.0,0.0,31.8,True,True,True,True,True,8.0,1,True,150.0,255.0,150,SPOKED,SPOKED,0.0,0.0,80.0,80.0,320.0,770.0,34.9,360.0,1.0
415.0,70.0,630.0,73.0,160.0,45.0,545.0,72.5,615.0,46.0,40.0,33.6,36.5,23.35,23.35,13.0,15.0,ALUMINIUM,35.0,55.0,42.0,330.0,350.0,16.0,18.0,True,True,135.0,2.0,1.0,1.2,0.9,0.9,0.9,1.0,700.0,80.0,700.0,80.0,1.0,2,False,1.0,3.0,68.0,45.0,0.0,31.8,True,True,True,True,True,8.0,1,True,152.0,255.0,152,SPOKED,SPOKED,0.0,0.0,80.0,80.0,300.0,750.0,34.9,340.0,3.0
410.0,69.0,628.0,72.8,142.0,46.0,538.0,73.2,607.0,44.0,40.0,33.6,36.5,23.35,23.35,13.0,15.0,STEEL,30.0,53.0,43.0,330.0,350.0,16.0,18.0,False,True,135.0,2.0,0.9,1.1,0.9,0.9,0.9,0.9,700.0,80.0,700.0,80.0,1.0,1,False,1.0,1.0,68.0,45.0,0.0,31.8,True,True,True,True,True,9.0,1,True,152.0,255.0,152,SPOKED,SPOKED,0.0,0.0,82.0,762.0,34.9,355.0,2.0,,
420.0,70.0,640.0,73.2,155.0,49.0,550.0,72.8,620.0,48.0,40.0,33.6,36.5,23.35,23.35,13.0,15.0,BAMBOO,33.0,56.0,40.0,330.0,350.0,16.0,18.0,False,True,130.0,2.0,1.1,1.2,1.0,1.0,1.0,1.0,700.0,80.0,700.0,80.0,0.0,2,False,1.0,1.0,68.0,45.0,0.0,31.8,True,True,True,False,True,8.0,1,False,152.0,255.0,152,SPOKED,SPOKED,0.0,0.0,75.0,760.0,34.9,350.0,1.0,,
408.0,68.0,630.0,72.0,138.0,44.0,528.0,73.0,602.0,46.0,40.0,33.6,36.5,23.35,23.35,13.0,15.0,ALUMINIUM,29.0,54.0,46.0,330.0,350.0,16.0,18.0,False,True,135.0,2.0,0.9,1.1,0.9,0.9,0.9,0.9,700.0,80.0,700.0,80.0,1.0,2,False,1.0,1.0,68.0,45.0,0.0,31.8,False,True,True,True,True,8.0,1,True,152.0,255.0,152,SPOKED,SPOKED,0.0,0.0,80.0,760.0,34.9,350.0,1.0,,
405.0,70.0,625.0,72.5,145.0,45.0,532.0,73.0,605.0,44.0,40.0,33.6,36.5,23.35,23.35,13.0,15.0,ALUMINIUM,31.0,52.0,43.0,330.0,350.0,16.0,18.0,False,True,135.0,2.0,0.9,1.2,0.9,0.9,0.9,0.9,700.0,80.0,700.0,80.0,1.0,2,False,1.0,1.0,68.0,45.0,0.0,31.8,True,True,True,True,True,8.0,1,True,152.0,255.0,152,TRISPOKE,SPOKED,1.0,0.0,50.0,80.0,300.0,760.0,34.9,350.0,1.0
408.0,68.0,620.0,73.0,147.0,47.0,534.0,73.2,598.0,43.0,40.0,33.6,36.5,23.35,23.35,13.0,15.0,ALUMINIUM,30.5,51.0,44.5,330.0,350.0,16.0,18.0,False,True,135.0,2.0,1.0,1.2,0.9,0.9,0.9,0.9,700.0,80.0,700.0,80.0,1.0,2,False,1.0,1.0,68.0,45.0,0.0,31.8,True,True,True,True,False,8.0,2,True,152.0,255.0,152,SPOKED,TRISPOKE,0.0,1.0,80.0,50.0,305.0,758.0,34.9,350.0,1.0
415,70,620,73.5,140,45,550,73.0,650.0,50.0,40.0,30.0,36.5,23.35,25.0,13.0,15,ALUMINIUM,35.0,50.0,45.0,330.0,350.0,16.0,18,False,False,135.0,2.0,0.9,1.1,0.9,1.2,1.0,0.9,680.0,52.0,680.0,52.0,0.0,2,False,1.0,1.0,68.0,45.0,0.0,31.8,True,False,True,True,False,10.0,2,True,100.0,255.0,180,SPOKED,SPOKED,1.0,1.0,80.0,80.0,280.0,770.0,34.9,320.0,1.0
420,65,610,73.0,150,50,540,72.5,660.0,48.0,40.0,32.0,36.5,23.35,26.5,13.0,15,CARBON,40.0,48.0,47.0,330.0,350.0,16.0,18,False,False,135.0,2.0,0.9,1.1,0.9,1.2,1.0,0.9,680.0,52.0,680.0,52.0,0.0,2,False,1.0,1.0,68.0,45.0,0.0,31.8,True,True,True,False,True,11.0,1,False,90.0,240.0,170,SPOKED,SPOKED,1.0,1.0,80.0,80.0,290.0,760.0,34.9,330.0,1.0
425,72,630,74.0,130,48,545,73.5,640.0,52.0,40.0,30.0,36.5,23.35,26.0,13.0,15,STEEL,38.0,50.0,46.0,330.0,350.0,16.0,18,False,False,130.0,2.0,0.9,1.1,0.9,1.2,1.0,0.9,680.0,52.0,680.0,52.0,0.0,2,False,1.0,1.0,68.0,45.0,0.0,31.8,False,True,True,True,False,9.0,2,True,110.0,255.0,200,SPOKED,SPOKED,1.0,1.0,80.0,80.0,275.0,780.0,34.9,310.0,1.0
430,68,640,72.5,160,46,555,74.0,660.0,47.0,40.0,32.0,36.5,23.35,27.0,13.0,15,TITANIUM,45.0,52.0,48.0,330.0,350.0,16.0,18,False,False,135.0,2.0,0.9,1.1,0.9,1.2,1.0,0.9,680.0,52.0,680.0,52.0,0.0,2,False,1.0,1.0,68.0,45.0,0.0,31.8,False,False,True,True,True,8.0,1,False,95.0,245.0,160,SPOKED,SPOKED,1.0,1.0,80.0,80.0,300.0,765.0,34.9,340.0,1.0
410,74,605,73.0,120,44,530,73.0,645.0,49.0,40.0,30.0,36.5,23.35,25.5,13.0,15,BAMBOO,33.0,47.0,43.0,330.0,350.0,16.0,18,False,False,130.0,2.0,0.9,1.1,0.9,1.2,1.0,0.9,680.0,52.0,680.0,52.0,0.0,2,False,1.0,1.0,68.0,45.0,0.0,31.8,True,False,False,False,False,10.0,1,False,105.0,250.0,190,SPOKED,SPOKED,1.0,1.0,80.0,80.0,285.0,755.0,34.9,325.0,1.0
405,69,615,74.5,155,43,560,72.0,670.0,51.0,40.0,33.0,36.5,23.35,28.0,13.0,15,ALUMINIUM,42.0,53.0,49.0,330.0,350.0,16.0,18,False,False,135.0,2.0,0.9,1.1,0.9,1.2,1.0,0.9,680.0,52.0,680.0,52.0,0.0,2,False,1.0,1.0,68.0,45.0,0.0,31.8,False,True,True,False,False,11.0,2,True,112.0,262.0,195,SPOKED,SPOKED,1.0,1.0,80.0,80.0,265.0,745.0,34.9,350.0,1.0
418,71,625,73.0,142,47,545,73.0,655.0,49.0,40.0,31.0,36.5,23.35,26.8,13.0,15,STEEL,37.0,49.0,44.0,330.0,350.0,16.0,18,False,False,130.0,2.0,0.9,1.1,0.9,1.2,1.0,0.9,680.0,52.0,680.0,52.0,0.0,2,False,1.0,1.0,68.0,45.0,0.0,31.8,True,True,True,True,True,9.0,1,False,95.0,230.0,200,SPOKED,SPOKED,1.0,1.0,80.0,80.0,295.0,760.0,34.9,315.0,1.0
422,67,635,74.0,165,46,555,74.0,665.0,46.0,40.0,29.0,36.5,23.35,27.5,13.0,15,CARBON,43.0,51.0,47.0,330.0,350.0,16.0,18,False,False,135.0,2.0,0.9,1.1,0.9,1.2,1.0,0.9,680.0,52.0,680.0,52.0,0.0,2,False,1.0,1.0,68.0,45.0,0.0,31.8,True,False,True,False,False,8.0,2,True,85.0,245.0,210,SPOKED,SPOKED,1.0,1.0,80.0,80.0,270.0,780.0,34.9,345.0,1.0
417,66,622,72.0,135,44,538,73.0,635.0,50.0,40.0,31.0,36.5,23.35,25.2,13.0,15,BAMBOO,39.0,46.0,44.0,330.0,350.0,16.0,18,False,False,130.0,2.0,0.9,1.1,0.9,1.2,1.0,0.9,680.0,52.0,680.0,52.0,0.0,2,False,1.0,1.0,68.0,45.0,0.0,31.8,False,True,False,True,True,10.0,1,False,120.0,255.0,220,SPOKED,SPOKED,1.0,1.0,80.0,80.0,285.0,755.0,34.9,305.0,1.0
405,73,605,73.8,155,49,560,73.2,670.0,48.0,40.0,30.0,36.5,23.35,28.3,13.0,15,OTHER,41.0,54.0,50.0,330.0,350.0,16.0,18,False,False,135.0,2.0,0.9,1.1,0.9,1.2,1.0,0.9,680.0,52.0,680.0,52.0,0.0,2,False,1.0,1.0,68.0,45.0,0.0,31.8,True,True,True,False,False,9.0,2,True,100.0,250.0,180,SPOKED,SPOKED,1.0,1.0,80.0,80.0,300.0,765.0,34.9,360.0,1.0
500.0,72.0,600.0,73.0,150.0,50.0,550.0,73.0,580.0,50.0,40.0,28.6,36.5,23.5,23.5,13.0,15.0,ALUMINIUM,30.0,50.0,40.0,330.0,350.0,16.0,18.0,False,False,135.0,2.0,1.0,1.1,0.9,1.2,1.0,0.9,688.0,60.0,688.0,60.0,0.0,1,False,1.0,1.0,68.0,45.0,0.0,31.8,False,False,True,True,True,8.0,1,False,60.0,255.0,120,SPOKED,SPOKED,0.0,0.0,0.0,0.0,270.0,760.0,34.9,300.0,1.0
510.0,68.0,610.0,72.5,160.0,52.0,560.0,73.5,585.0,52.0,40.0,30.0,38.0,24.0,24.0,13.0,15.0,ALUMINIUM,32.0,52.0,42.0,330.0,350.0,16.0,18.0,False,False,135.0,2.0,1.0,1.1,0.9,1.2,1.0,0.9,690.0,62.0,690.0,62.0,0.0,1,False,1.0,1.0,68.0,45.0,0.0,31.8,False,False,True,True,True,8.0,1,False,70.0,240.0,130,SPOKED,SPOKED,0.0,0.0,0.0,0.0,270.0,760.0,34.9,300.0,1.0
495.0,75.0,595.0,74.0,140.0,48.0,545.0,72.0,575.0,48.0,40.0,28.6,36.5,23.5,23.5,14.0,15.0,ALUMINIUM,28.0,48.0,38.0,330.0,350.0,16.0,18.0,False,False,130.0,2.0,1.0,1.1,0.9,1.2,1.0,0.9,688.0,58.0,688.0,58.0,0.0,1,False,1.0,1.0,68.0,45.0,0.0,31.8,False,False,True,True,True,8.0,1,False,50.0,255.0,140,SPOKED,SPOKED,0.0,0.0,0.0,0.0,270.0,760.0,34.9,300.0,1.0
520.0,70.0,605.0,73.5,155.0,53.0,555.0,74.0,590.0,55.0,40.0,28.6,36.5,23.5,23.5,12.0,15.0,ALUMINIUM,31.0,51.0,41.0,330.0,350.0,16.0,18.0,False,False,140.0,2.0,1.0,1.1,0.9,1.2,1.0,0.9,690.0,60.0,690.0,60.0,0.0,1,False,1.0,1.0,68.0,45.0,0.0,31.8,False,False,True,True,True,8.0,1,False,55.0,250.0,125,SPOKED,SPOKED,0.0,0.0,0.0,0.0,270.0,760.0,34.9,300.0,1.0
505.0,72.0,600.0,72.0,150.0,50.0,550.0,72.5,580.0,50.0,40.0,28.6,36.5,23.5,23.5,13.5,15.0,ALUMINIUM,30.0,50.0,40.0,330.0,350.0,16.0,18.0,False,False,135.0,2.0,1.0,1.1,0.9,1.2,1.0,0.9,688.0,61.0,688.0,61.0,0.0,1,False,1.0,1.0,68.0,45.0,0.0,31.8,False,False,True,True,True,8.0,1,False,60.0,245.0,135,SPOKED,SPOKED,0.0,0.0,0.0,0.0,270.0,760.0,34.9,300.0,1.0
515.0,69.0,610.0,73.0,158.0,54.0,560.0,73.0,585.0,53.0,40.0,28.6,36.5,23.5,23.5,14.0,15.0,ALUMINIUM,33.0,53.0,43.0,330.0,350.0,16.0,18.0,False,False,140.0,2.0,1.0,1.1,0.9,1.2,1.0,0.9,690.0,60.0,690.0,60.0,0.0,1,False,1.0,1.0,68.0,45.0,0.0,31.8,False,False,True,True,True,8.0,1,False,65.0,255.0,115,SPOKED,SPOKED,0.0,0.0,0.0,0.0,270.0,760.0,34.9,300.0,1.0
498.0,74.0,590.0,74.5,145.0,49.0,548.0,71.5,578.0,49.0,40.0,28.6,36.5,23.5,23.5,13.0,15.0,ALUMINIUM,29.0,49.0,39.0,330.0,350.0,16.0,18.0,False,False,132.0,2.0,1.0,1.1,0.9,1.2,1.0,0.9,688.0,59.0,688.0,59.0,0.0,1,False,1.0,1.0,68.0,45.0,0.0,31.8,False,False,True,True,True,8.0,1,False,60.0,240.0,140,SPOKED,SPOKED,0.0,0.0,0.0,0.0,270.0,760.0,34.9,300.0,1.0
505.0,71.0,605.0,73.2,152.0,51.0,553.0,73.8,582.0,51.0,40.0,28.6,36.5,23.5,23.5,13.5,15.0,ALUMINIUM,31.5,51.5,41.5,330.0,350.0,16.0,18.0,False,False,136.0,2.0,1.0,1.1,0.9,1.2,1.0,0.9,690.0,61.0,690.0,61.0,0.0,1,False,1.0,1.0,68.0,45.0,0.0,31.8,False,False,True,True,True,8.0,1,False,58.0,255.0,125,SPOKED,SPOKED,0.0,0.0,0.0,0.0,270.0,760.0,34.9,300.0,1.0
512.0,70.0,600.0,72.8,150.0,52.0,555.0,72.2,580.0,52.0,40.0,28.6,36.5,23.5,23.5,13.0,15.0,ALUMINIUM,30.0,52.0,40.0,330.0,350.0,16.0,18.0,False,False,135.0,2.0,1.0,1.1,0.9,1.2,1.0,0.9,688.0,60.0,688.0,60.0,0.0,1,False,1.0,1.0,68.0,45.0,0.0,31.8,False,False,True,True,True,8.0,1,False,63.0,250.0,130,SPOKED,SPOKED,0.0,0.0,0.0,0.0,270.0,760.0,34.9,300.0,1.0
507.0,73.0,605.0,73.7,155.0,50.0,557.0,74.1,588.0,54.0,40.0,28.6,36.5,23.5,23.5,13.5,15.0,ALUMINIUM,32.0,51.0,42.0,330.0,350.0,16.0,18.0,False,False,138.0,2.0,1.0,1.1,0.9,1.2,1.0,0.9,690.0,60.0,690.0,60.0,0.0,1,False,1.0,1.0,68.0,45.0,0.0,31.8,False,False,True,True,True,8.0,1,False,70.0,245.0,140,SPOKED,SPOKED,0.0,0.0,0.0,0.0,270.0,760.0,34.9,300.0,1.0
405,65,580,72,150,45,560,73,650.0,45.0,45.0,30.0,25.4,35.0,22.0,13.0,15,ALUMINIUM,30.0,45.0,40.0,330.0,350.0,16.0,18,False,False,130.0,2.0,1.0,1.0,1.0,1.0,1.0,1.0,700.0,50.0,700.0,50.0,0.0,0,False,1.0,1.0,68.0,45.0,0.0,31.8,False,True,True,True,True,8.0,1,True,152.0,255.0,152,SPOKED,SPOKED,0.0,0.0,80.0,80.0,280.0,760.0,34.9,330.0,1.0
410,68,600,73,160,45,570,74,660.0,50.0,50.0,32.0,28.6,36.5,23.35,13.0,15,STEEL,35.0,50.0,45.0,330.0,350.0,16.0,18,False,False,135.0,2.0,1.0,1.0,1.0,1.0,1.0,1.0,690.0,60.0,690.0,60.0,0.0,0,False,1.0,1.0,68.0,45.0,0.0,31.8,True,False,True,True,True,9.0,1,False,144.0,238.0,144,SPOKED,SPOKED,0.0,0.0,80.0,80.0,280.0,770.0,34.9,340.0,1.0
415,62,620,74,170,45,580,73,670.0,55.0,55.0,34.0,30.0,38.0,25.0,13.0,15,TITANIUM,40.0,55.0,50.0,330.0,350.0,16.0,18,False,False,140.0,2.0,1.0,1.0,1.0,1.0,1.0,1.0,700.0,70.0,700.0,70.0,0.0,0,False,1.0,1.0,68.0,45.0,0.0,31.8,False,True,False,True,False,10.0,1,True,124.0,252.0,0,SPOKED,SPOKED,0.0,0.0,80.0,80.0,280.0,780.0,34.9,350.0,1.0
420,60,640,72,180,45,590,74,680.0,60.0,40.0,36.0,32.0,35.0,23.35,13.0,15,ALUMINIUM,45.0,60.0,55.0,330.0,350.0,16.0,18,False,False,130.0,2.0,1.0,1.0,1.0,1.0,1.0,1.0,710.0,60.0,710.0,60.0,0.0,0,False,1.0,1.0,68.0,45.0,0.0,31.8,True,False,True,True,True,8.0,1,False,127.0,255.0,0,SPOKED,SPOKED,0.0,0.0,80.0,80.0,280.0,760.0,34.9,360.0,1.0
425,66,660,73,140,45,600,73,640.0,50.0,50.0,31.0,28.6,36.5,23.35,13.0,15,STEEL,30.0,50.0,45.0,330.0,350.0,16.0,18,False,False,135.0,2.0,1.0,1.0,1.0,1.0,1.0,1.0,680.0,50.0,680.0,50.0,0.0,0,False,1.0,1.0,68.0,45.0,0.0,31.8,False,True,True,True,True,9.0,1,True,0.0,255.0,127,SPOKED,SPOKED,0.0,0.0,80.0,80.0,280.0,770.0,34.9,330.0,1.0
430,63,580,74,155,45,610,74,650.0,55.0,45.0,33.0,30.0,38.0,25.0,13.0,15,TITANIUM,35.0,55.0,50.0,330.0,350.0,16.0,18,False,False,140.0,2.0,1.0,1.0,1.0,1.0,1.0,1.0,690.0,60.0,690.0,60.0,0.0,0,False,1.0,1.0,68.0,45.0,0.0,31.8,True,False,False,False,True,10.0,1,False,60.0,179.0,113,SPOKED,SPOKED,0.0,0.0,80.0,80.0,280.0,780.0,34.9,340.0,1.0
435,70,600,73,165,45,620,73,660.0,45.0,55.0,35.0,32.0,35.0,23.35,13.0,15,ALUMINIUM,40.0,45.0,50.0,330.0,350.0,16.0,18,False,False,130.0,2.0,1.0,1.0,1.0,1.0,1.0,1.0,700.0,70.0,700.0,70.0,0.0,0,False,1.0,1.0,68.0,45.0,0.0,31.8,False,True,True,True,True,8.0,1,True,46.0,139.0,87,SPOKED,SPOKED,0.0,0.0,80.0,80.0,280.0,330.0,34.9,350.0,1.0
440,64,620,74,175,45,630,74,670.0,60.0,40.0,37.0,28.6,36.5,25.0,13.0,15,STEEL,45.0,60.0,55.0,330.0,350.0,16.0,18,False,False,135.0,2.0,1.0,1.0,1.0,1.0,1.0,1.0,710.0,60.0,710.0,60.0,0.0,0,False,1.0,1.0,68.0,45.0,0.0,31.8,True,False,False,False,True,9.0,1,False,0.0,250.0,154,SPOKED,SPOKED,0.0,0.0,80.0,80.0,280.0,770.0,34.9,360.0,1.0
445,67,640,72,145,45,550,73,680.0,50.0,50.0,34.0,30.0,38.0,22.0,13.0,15,TITANIUM,30.0,50.0,45.0,330.0,350.0,16.0,18,False,False,140.0,2.0,1.0,1.0,1.0,1.0,1.0,1.0,680.0,50.0,680.0,50.0,0.0,0,False,1.0,1.0,68.0,45.0,0.0,31.8,False,True,True,True,True,10.0,1,True,32.0,178.0,170,SPOKED,SPOKED,0.0,0.0,80.0,80.0,280.0,780.0,34.9,330.0,1.0
450,61,660,74,185,45,540,74,690.0,55.0,45.0,32.0,32.0,35.0,23.35,13.0,15,ALUMINIUM,35.0,55.0,50.0,330.0,350.0,16.0,18,False,False,130.0,2.0,1.0,1.0,1.0,1.0,1.0,1.0,690.0,60.0,690.0,60.0,0.0,0,False,1.0,1.0,68.0,45.0,0.0,31.8,True,False,False,False,True,8.0,1,False,72.0,209.0,204,SPOKED,SPOKED,0.0,0.0,80.0,80.0,280.0,760.0,34.9,340.0,1.0
410.0,70.0,640.0,73.0,160.0,45.0,580.0,73.0,650.0,50.0,40.0,28.6,34.0,24.0,24.0,15.0,9.0,ALUMINIUM,35.0,40.0,45.0,0.0,0.0,0.0,0.0,False,False,135.0,2.0,1.2,1.2,1.2,1.2,1.2,1.2,680.0,50.0,680.0,50.0,0.0,2,False,1.0,1.0,68.0,45.0,0.0,31.8,True,True,True,True,False,8.0,1,True,152.0,255.0,152,SPOKED,SPOKED,0.0,0.0,0.0,0.0,280.0,760.0,34.0,300.0,1.0
420.0,70.0,645.0,73.5,170.0,45.0,590.0,73.0,655.0,50.0,40.0,28.6,34.0,24.0,24.0,15.0,9.0,CARBON,36.0,41.0,46.0,0.0,0.0,0.0,0.0,False,False,135.0,2.0,1.2,1.2,1.2,1.2,1.2,1.2,680.0,50.0,680.0,50.0,0.0,2,False,1.0,1.0,68.0,45.0,0.0,31.8,True,True,True,True,False,8.0,1,True,144.0,238.0,144,SPOKED,SPOKED,0.0,0.0,0.0,0.0,280.0,760.0,34.0,300.0,1.0
430.0,70.0,635.0,72.0,150.0,45.0,570.0,73.0,640.0,50.0,40.0,28.6,34.0,24.0,24.0,15.0,9.0,STEEL,34.0,39.0,44.0,0.0,0.0,0.0,0.0,False,False,135.0,2.0,1.2,1.2,1.2,1.2,1.2,1.2,680.0,50.0,680.0,50.0,0.0,2,False,1.0,1.0,68.0,45.0,0.0,31.8,True,True,True,True,False,8.0,1,True,0.0,255.0,127,SPOKED,SPOKED,0.0,0.0,0.0,0.0,280.0,760.0,34.0,300.0,1.0
440.0,70.0,630.0,72.5,155.0,45.0,560.0,73.0,630.0,50.0,40.0,28.6,34.0,24.0,24.0,15.0,9.0,TITANIUM,35.0,40.0,45.0,0.0,0.0,0.0,0.0,False,False,135.0,2.0,1.2,1.2,1.2,1.2,1.2,1.2,680.0,50.0,680.0,50.0,0.0,2,False,1.0,1.0,68.0,45.0,0.0,31.8,True,True,True,True,False,8.0,1,True,127.0,255.0,170,SPOKED,SPOKED,0.0,0.0,0.0,0.0,280.0,760.0,34.0,300.0,1.0
450.0,70.0,650.0,74.0,180.0,45.0,600.0,73.0,660.0,50.0,40.0,28.6,34.0,24.0,24.0,15.0,9.0,BAMBOO,38.0,43.0,48.0,0.0,0.0,0.0,0.0,False,False,135.0,2.0,1.2,1.2,1.2,1.2,1.2,1.2,680.0,50.0,680.0,50.0,0.0,2,False,1.0,1.0,68.0,45.0,0.0,31.8,True,True,True,True,False,8.0,1,True,102.0,205.0,170,SPOKED,SPOKED,0.0,0.0,0.0,0.0,280.0,760.0,34.0,300.0,1.0
460.0,70.0,620.0,71.5,145.0,45.0,555.0,73.0,635.0,50.0,40.0,28.6,34.0,24.0,24.0,15.0,9.0,OTHER,33.0,38.0,42.0,0.0,0.0,0.0,0.0,False,False,135.0,2.0,1.2,1.2,1.2,1.2,1.2,1.2,680.0,50.0,680.0,50.0,0.0,2,False,1.0,1.0,68.0,45.0,0.0,31.8,True,True,True,True,False,8.0,1,True,60.0,179.0,113,SPOKED,SPOKED,0.0,0.0,0.0,0.0,280.0,760.0,34.0,300.0,1.0
400.0,70.0,638.0,73.0,165.0,45.0,580.0,73.0,650.0,50.0,40.0,28.6,34.0,24.0,24.0,15.0,9.0,ALUMINIUM,37.0,42.0,47.0,0.0,0.0,0.0,0.0,False,False,135.0,2.0,1.2,1.2,1.2,1.2,1.2,1.2,680.0,50.0,680.0,50.0,0.0,2,False,1.0,1.0,68.0,45.0,0.0,31.8,True,True,True,True,False,8.0,1,True,32.0,178.0,170,SPOKED,SPOKED,0.0,0.0,0.0,0.0,280.0,760.0,34.0,300.0,1.0
415.0,70.0,643.0,73.5,175.0,45.0,595.0,73.0,655.0,50.0,40.0,28.6,34.0,24.0,24.0,15.0,9.0,CARBON,36.0,41.0,46.0,0.0,0.0,0.0,0.0,False,False,135.0,2.0,1.2,1.2,1.2,1.2,1.2,1.2,680.0,50.0,680.0,50.0,0.0,2,False,1.0,1.0,68.0,45.0,0.0,31.8,True,True,True,True,False,8.0,1,True,152.0,251.0,152,SPOKED,SPOKED,0.0,0.0,0.0,0.0,280.0,760.0,34.0,300.0,1.0
425.0,70.0,637.0,72.5,158.0,45.0,565.0,73.0,643.0,50.0,40.0,28.6,34.0,24.0,24.0,15.0,9.0,STEEL,35.0,40.0,45.0,0.0,0.0,0.0,0.0,False,False,135.0,2.0,1.2,1.2,1.2,1.2,1.2,1.2,680.0,50.0,680.0,50.0,0.0,2,False,1.0,1.0,68.0,45.0,0.0,31.8,True,True,True,True,False,8.0,1,True,0.0,250.0,154,SPOKED,SPOKED,0.0,0.0,0.0,0.0,280.0,760.0,34.0,300.0,1.0
435.0,70.0,632.0,73.0,160.0,45.0,575.0,73.0,648.0,50.0,40.0,28.6,34.0,24.0,24.0,15.0,9.0,TITANIUM,35.0,40.0,45.0,0.0,0.0,0.0,0.0,False,False,135.0,2.0,1.2,1.2,1.2,1.2,1.2,1.2,680.0,50.0,680.0,50.0,0.0,2,False,1.0,1.0,68.0,45.0,0.0,31.8,True,True,True,True,False,8.0,1,True,46.0,139.0,87,SPOKED,SPOKED,0.0,0.0,0.0,0.0,280.0,760.0,34.0,300.0,1.0
430.0,68.0,610.0,73.0,160.0,45.0,520.0,73.0,650.0,45.0,40.0,31.8,34.9,23.35,23.35,13.0,15.0,ALUMINIUM,35.0,45.0,50.0,330.0,350.0,16.0,18.0,False,False,135.0,0.9,1.1,1.0,1.1,0.9,0.9,1.0,700.0,50.0,700.0,50.0,0.0,1,False,1.0,1.0,68.0,44.0,0.0,31.8,True,True,True,True,True,8.0,1,True,152.0,255.0,152,SPOKED,SPOKED,0.0,0.0,0.0,0.0,300.0,750.0,34.9,350.0,1.0
440.0,70.0,600.0,72.5,150.0,46.0,525.0,73.5,655.0,48.0,40.0,31.8,34.9,23.35,23.35,13.0,15.0,ALUMINIUM,34.0,46.0,52.0,330.0,350.0,16.0,18.0,False,False,135.0,0.9,1.1,1.0,1.1,0.9,0.9,1.0,700.0,50.0,700.0,50.0,0.0,2,False,1.0,1.0,68.0,44.0,0.0,31.8,True,True,True,True,True,8.0,1,True,152.0,250.0,155,SPOKED,SPOKED,0.0,0.0,0.0,0.0,300.0,760.0,35.0,340.0,1.0
425.0,66.0,620.0,73.5,170.0,44.0,515.0,72.5,645.0,46.0,40.0,31.8,34.9,23.35,23.35,13.0,15.0,STEEL,36.0,44.0,49.0,330.0,350.0,16.0,18.0,False,False,135.0,0.9,1.1,1.0,1.1,0.9,0.9,1.0,700.0,50.0,700.0,50.0,0.0,0,False,1.0,1.0,68.0,44.0,0.0,31.8,True,True,False,True,True,7.0,2,True,144.0,238.0,144,SPOKED,SPOKED,0.0,0.0,0.0,0.0,300.0,740.0,34.9,360.0,1.0
435.0,67.0,605.0,73.0,155.0,45.0,522.0,73.0,652.0,47.0,40.0,31.8,34.9,23.35,23.35,13.0,15.0,CARBON,35.0,45.0,50.0,330.0,350.0,16.0,18.0,False,False,135.0,0.9,1.1,1.0,1.1,0.9,0.9,1.0,700.0,50.0,700.0,50.0,0.0,1,False,1.0,1.0,68.0,44.0,0.0,31.8,True,True,True,True,True,9.0,1,False,152.0,255.0,244,SPOKED,SPOKED,0.0,0.0,0.0,0.0,300.0,755.0,34.9,350.0,1.0
420.0,65.0,615.0,74.0,140.0,45.0,518.0,73.0,648.0,45.0,40.0,31.8,34.9,23.35,23.35,13.0,15.0,STEEL,34.0,46.0,48.0,330.0,350.0,16.0,18.0,False,False,135.0,0.9,1.1,1.0,1.1,0.9,0.9,1.0,700.0,50.0,700.0,50.0,0.0,2,False,1.0,1.0,68.0,44.0,0.0,31.8,True,True,True,True,True,8.0,2,True,144.0,255.0,144,SPOKED,SPOKED,0.0,0.0,0.0,0.0,300.0,745.0,34.9,350.0,1.0
430.0,68.0,590.0,72.0,180.0,46.0,530.0,74.0,660.0,44.0,40.0,31.8,34.9,23.35,23.35,13.0,15.0,TITANIUM,38.0,48.0,52.0,330.0,350.0,16.0,18.0,False,False,135.0,0.9,1.1,1.0,1.1,0.9,0.9,1.0,700.0,50.0,700.0,50.0,0.0,0,False,1.0,1.0,68.0,44.0,0.0,31.8,True,True,True,True,True,10.0,1,True,152.0,250.0,152,SPOKED,SPOKED,0.0,0.0,0.0,0.0,300.0,750.0,34.9,350.0,3.0
445.0,69.0,600.0,73.0,165.0,47.0,528.0,73.8,658.0,46.0,40.0,31.8,34.9,23.35,23.35,13.0,15.0,ALUMINIUM,37.0,47.0,51.0,330.0,350.0,16.0,18.0,False,False,135.0,0.9,1.1,1.0,1.1,0.9,0.9,1.0,700.0,50.0,700.0,50.0,0.0,1,False,1.0,1.0,68.0,44.0,0.0,31.8,True,True,False,True,True,8.0,1,False,160.0,255.0,160,SPOKED,SPOKED,0.0,0.0,0.0,0.0,300.0,750.0,34.9,350.0,1.0
415.0,64.0,610.0,74.0,145.0,43.0,512.0,73.2,650.0,49.0,40.0,31.8,34.9,23.35,23.35,13.0,15.0,BAMBOO,36.0,46.0,49.0,330.0,350.0,16.0,18.0,False,False,135.0,0.9,1.1,1.0,1.1,0.9,0.9,1.0,700.0,50.0,700.0,50.0,0.0,2,False,1.0,1.0,68.0,44.0,0.0,31.8,True,True,True,True,True,7.0,2,True,175.0,238.0,238,SPOKED,SPOKED,0.0,0.0,0.0,0.0,300.0,750.0,34.9,350.0,1.0
438.0,70.0,605.0,72.8,158.0,45.0,522.0,73.1,654.0,47.0,40.0,31.8,34.9,23.35,23.35,13.0,15.0,CARBON,35.0,45.0,50.0,330.0,350.0,16.0,18.0,False,False,135.0,0.9,1.1,1.0,1.1,0.9,0.9,1.0,700.0,50.0,700.0,50.0,0.0,0,False,1.0,1.0,68.0,44.0,0.0,31.8,True,True,True,True,True,9.0,1,True,152.0,252.0,240,SPOKED,SPOKED,0.0,0.0,0.0,0.0,300.0,760.0,34.9,350.0,2.0
432.0,67.0,620.0,73.2,152.0,44.5,519.0,73.0,649.0,48.0,40.0,31.8,34.9,23.35,23.35,13.0,15.0,OTHER,36.0,45.0,51.0,330.0,350.0,16.0,18.0,False,False,135.0,0.9,1.1,1.0,1.1,0.9,0.9,1.0,700.0,50.0,700.0,50.0,0.0,1,False,1.0,1.0,68.0,44.0,0.0,31.8,True,True,True,True,True,6.0,1,True,144.0,255.0,144,SPOKED,SPOKED,0.0,0.0,0.0,0.0,300.0,750.0,34.9,350.0,1.0
420.0,72.0,610.0,71.0,140.0,50.0,540.0,73.0,645.0,50.0,40.0,28.6,33.6,36.5,23.5,13.0,16.0,ALUMINIUM,35.0,45.0,45.0,330.0,350.0,16.0,18.0,False,False,135.0,2.0,0.9,1.1,0.9,1.1,0.9,0.9,680.0,52.0,680.0,52.0,0.0,2,False,1.0,1.0,68.0,45.0,0.0,28.6,False,False,True,True,False,8.0,2,True,152.0,255.0,152,SPOKED,SPOKED,0.0,0.0,80.0,80.0,280.0,800.0,34.9,400.0,1.0
430.0,68.0,620.0,72.0,150.0,60.0,550.0,72.5,640.0,48.0,40.0,29.0,34.0,36.5,24.0,14.0,17.0,STEEL,36.0,44.0,46.0,330.0,350.0,16.0,18.0,False,False,135.0,2.0,1.0,1.2,0.9,1.1,0.9,0.9,674.0,50.0,674.0,50.0,0.0,1,False,1.0,1.0,68.0,45.0,0.0,28.6,False,False,True,True,False,7.0,1,True,152.0,255.0,152,SPOKED,SPOKED,0.0,0.0,80.0,80.0,285.0,780.0,34.9,390.0,1.0
440.0,70.0,615.0,71.5,135.0,55.0,545.0,73.5,650.0,51.0,42.0,28.6,33.6,36.5,23.8,13.5,16.5,CARBON,34.0,46.0,47.0,330.0,350.0,16.0,18.0,False,False,135.0,2.0,0.9,1.1,0.9,1.1,0.9,0.9,680.0,52.0,680.0,52.0,0.0,2,False,1.0,3.0,68.0,45.0,0.0,28.6,False,False,True,True,False,9.0,2,True,152.0,255.0,152,SPOKED,SPOKED,0.0,0.0,80.0,80.0,275.0,820.0,34.9,410.0,1.0
415.0,75.0,600.0,72.0,160.0,45.0,530.0,74.0,630.0,47.0,40.0,28.6,33.6,36.5,23.5,13.0,15.0,TITANIUM,38.0,48.0,44.0,330.0,350.0,16.0,18.0,False,False,135.0,2.0,1.1,1.1,0.9,1.1,0.9,0.9,674.0,60.0,674.0,60.0,0.0,1,False,1.0,1.0,68.0,45.0,0.0,28.6,False,False,True,True,False,7.0,1,True,152.0,255.0,152,SPOKED,SPOKED,0.0,0.0,80.0,80.0,290.0,790.0,34.9,380.0,1.0
450.0,65.0,630.0,70.0,130.0,65.0,560.0,72.0,660.0,55.0,40.0,29.0,34.0,36.5,24.0,14.0,18.0,BAMBOO,32.0,42.0,43.0,330.0,350.0,16.0,18.0,False,False,135.0,2.0,1.0,1.2,1.0,1.2,1.0,1.0,680.0,55.0,680.0,55.0,0.0,2,False,1.0,1.0,68.0,45.0,0.0,28.6,False,False,True,True,False,8.0,2,True,152.0,255.0,152,SPOKED,SPOKED,0.0,0.0,80.0,80.0,288.0,815.0,34.9,400.0,1.0
425.0,68.0,605.0,72.5,145.0,60.0,545.0,73.0,650.0,49.0,40.0,28.6,33.6,36.5,23.5,13.8,16.2,ALUMINIUM,36.0,46.0,46.0,330.0,350.0,16.0,18.0,False,False,135.0,2.0,0.9,1.1,0.9,1.0,0.9,0.9,674.0,50.0,674.0,50.0,0.0,1,False,1.0,1.0,68.0,45.0,0.0,28.6,False,False,True,True,False,10.0,1,True,152.0,255.0,152,SPOKED,SPOKED,0.0,0.0,80.0,80.0,282.0,805.0,34.9,395.0,1.0
435.0,70.0,620.0,71.0,155.0,52.0,550.0,72.0,635.0,52.0,40.0,29.5,34.0,36.5,24.0,13.2,16.8,STEEL,37.0,47.0,45.0,330.0,350.0,16.0,18.0,False,False,135.0,2.0,1.0,1.1,1.0,1.1,1.0,1.0,680.0,52.0,680.0,52.0,0.0,2,False,1.0,1.0,68.0,45.0,0.0,28.6,False,False,True,True,False,9.0,2,True,152.0,255.0,152,SPOKED,SPOKED,0.0,0.0,80.0,80.0,288.0,795.0,34.9,405.0,1.0
455.0,65.0,635.0,70.5,125.0,50.0,565.0,72.5,665.0,54.0,42.0,28.6,33.6,36.5,24.5,14.0,18.0,ALUMINIUM,33.0,43.0,42.0,330.0,350.0,16.0,18.0,False,False,135.0,2.0,0.9,1.2,0.9,1.1,0.9,0.9,680.0,60.0,680.0,60.0,0.0,1,False,1.0,1.0,68.0,45.0,0.0,28.6,False,False,True,True,False,7.0,1,True,152.0,255.0,152,SPOKED,SPOKED,0.0,0.0,80.0,80.0,290.0,810.0,34.9,415.0,1.0
445.0,69.0,610.0,72.0,140.0,58.0,548.0,73.0,642.0,50.0,40.0,28.6,33.6,36.5,23.7,13.4,16.3,STEEL,35.0,46.0,45.0,330.0,350.0,16.0,18.0,False,False,135.0,2.0,1.0,1.0,1.0,1.1,1.0,1.0,674.0,50.0,674.0,50.0,0.0,2,False,1.0,1.0,68.0,45.0,0.0,28.6,False,False,True,True,False,8.0,2,True,152.0,255.0,152,SPOKED,SPOKED,0.0,0.0,80.0,80.0,284.0,800.0,34.9,400.0,1.0
460.0,66.0,625.0,71.8,150.0,62.0,555.0,72.8,658.0,53.0,40.0,29.0,34.0,36.5,24.2,13.6,17.5,ALUMINIUM,37.0,47.0,46.0,330.0,350.0,16.0,18.0,False,False,135.0,2.0,0.9,1.1,0.9,1.1,0.9,0.9,680.0,55.0,680.0,55.0,0.0,2,False,1.0,1.0,68.0,45.0,0.0,28.6,False,False,True,True,False,9.0,1,True,152.0,255.0,152,SPOKED,SPOKED,0.0,0.0,80.0,80.0,292.0,805.0,34.9,420.0,1.0
400,67,600,72.0,180,45.0,550,73.0,650.0,50.0,40.0,28.6,34.9,36.5,23.35,13.0,15,ALUMINIUM,30.0,30.0,40.0,0.0,0.0,0.0,0,False,False,135.0,2.0,0.9,1.1,0.9,1.2,1.0,0.9,674.0,52.0,674.0,52.0,0.0,0,False,1.0,1.0,68.0,45.0,0.0,31.8,False,False,False,False,True,8.0,1,False,152.0,255.0,152,SPOKED,SPOKED,0.0,0.0,80.0,80.0,280.0,750.0,34.9,300.0,1.0
420,68,605,72.1,182,45.5,555,73.1,655.0,50.0,40.0,28.6,34.9,36.5,23.35,13.0,15,CARBON,31.0,31.0,41.0,0.0,0.0,0.0,0,False,False,135.0,2.0,0.9,1.1,0.9,1.2,1.0,0.9,674.0,52.0,674.0,52.0,0.0,0,False,1.0,1.0,68.0,45.0,0.0,31.8,False,False,False,False,True,9.0,2,False,152.0,255.0,152,SPOKED,SPOKED,0.0,0.0,80.0,80.0,280.0,750.0,34.9,300.0,1.0
440,69,610,72.2,184,46.0,560,73.2,660.0,50.0,40.0,28.6,34.9,36.5,23.35,13.0,15,STEEL,32.0,32.0,42.0,0.0,0.0,0.0,0,False,False,135.0,2.0,0.9,1.1,0.9,1.2,1.0,0.9,674.0,52.0,674.0,52.0,0.0,0,False,1.0,1.0,68.0,45.0,0.0,31.8,False,False,False,False,True,10.0,1,False,152.0,255.0,152,SPOKED,SPOKED,0.0,0.0,80.0,80.0,280.0,750.0,34.9,300.0,1.0
460,70,615,72.3,186,46.5,565,73.3,665.0,50.0,40.0,28.6,34.9,36.5,23.35,13.0,15,TITANIUM,33.0,33.0,43.0,0.0,0.0,0.0,0,False,False,135.0,2.0,0.9,1.1,0.9,1.2,1.0,0.9,674.0,52.0,674.0,52.0,0.0,0,False,1.0,1.0,68.0,45.0,0.0,31.8,False,False,False,False,True,11.0,2,False,152.0,255.0,152,SPOKED,SPOKED,0.0,0.0,80.0,80.0,280.0,750.0,34.9,300.0,1.0
480,71,620,72.4,188,47.0,570,73.4,670.0,50.0,40.0,28.6,34.9,36.5,23.35,13.0,15,BAMBOO,34.0,34.0,44.0,0.0,0.0,0.0,0,False,False,135.0,2.0,0.9,1.1,0.9,1.2,1.0,0.9,674.0,52.0,674.0,52.0,0.0,0,False,1.0,1.0,68.0,45.0,0.0,31.8,False,False,False,False,True,12.0,1,False,152.0,255.0,152,SPOKED,SPOKED,0.0,0.0,80.0,80.0,280.0,750.0,34.9,300.0,1.0
500,72,625,72.5,190,47.5,575,73.5,675.0,50.0,40.0,28.6,34.9,36.5,23.35,13.0,15,ALUMINIUM,35.0,35.0,45.0,0.0,0.0,0.0,0,False,False,135.0,2.0,0.9,1.1,0.9,1.2,1.0,0.9,674.0,52.0,674.0,52.0,0.0,0,False,1.0,1.0,68.0,45.0,0.0,31.8,False,False,False,False,True,13.0,2,False,152.0,255.0,152,SPOKED,SPOKED,0.0,0.0,80.0,80.0,280.0,750.0,34.9,300.0,1.0
520,73,630,72.6,192,48.0,580,73.6,680.0,50.0,40.0,28.6,34.9,36.5,23.35,13.0,15,CARBON,36.0,36.0,46.0,0.0,0.0,0.0,0,False,False,135.0,2.0,0.9,1.1,0.9,1.2,1.0,0.9,674.0,52.0,674.0,52.0,0.0,0,False,1.0,1.0,68.0,45.0,0.0,31.8,False,False,False,False,True,14.0,1,False,152.0,255.0,152,SPOKED,SPOKED,0.0,0.0,80.0,80.0,280.0,750.0,34.9,300.0,1.0
540,74,635,72.7,194,48.5,585,73.7,685.0,50.0,40.0,28.6,34.9,36.5,23.35,13.0,15,STEEL,37.0,37.0,47.0,0.0,0.0,0.0,0,False,False,135.0,2.0,0.9,1.1,0.9,1.2,1.0,0.9,674.0,52.0,674.0,52.0,0.0,0,False,1.0,1.0,68.0,45.0,0.0,31.8,False,False,False,False,True,15.0,2,False,152.0,255.0,152,SPOKED,SPOKED,0.0,0.0,80.0,80.0,280.0,750.0,34.9,300.0,1.0
560,75,640,72.8,196,49.0,590,73.8,690.0,50.0,40.0,28.6,34.9,36.5,23.35,13.0,15,TITANIUM,38.0,38.0,48.0,0.0,0.0,0.0,0,False,False,135.0,2.0,0.9,1.1,0.9,1.2,1.0,0.9,674.0,52.0,674.0,52.0,0.0,0,False,1.0,1.0,68.0,45.0,0.0,31.8,False,False,False,False,True,16.0,1,False,152.0,255.0,152,SPOKED,SPOKED,0.0,0.0,80.0,80.0,280.0,750.0,34.9,300.0,1.0
580,76,645,72.9,198,49.5,595,73.9,695.0,50.0,40.0,28.6,34.9,36.5,23.35,13.0,15,OTHER,39.0,39.0,49.0,0.0,0.0,0.0,0,False,False,135.0,2.0,0.9,1.1,0.9,1.2,1.0,0.9,674.0,52.0,674.0,52.0,0.0,0,False,1.0,1.0,68.0,45.0,0.0,31.8,False,False,False,False,True,17.0,2,False,152.0,255.0,152,SPOKED,SPOKED,0.0,0.0,80.0,80.0,280.0,750.0,34.9,300.0,1.0
415.0,70.0,610.0,72.5,160.0,50.0,580.0,74.0,560.0,45.0,40.0,55.0,36.5,36.5,25.0,9.0,9.0,ALUMINIUM,34.0,40.0,50.0,333.0,350.0,16.0,18.0,False,False,135.0,2.0,0.9,1.1,0.9,1.2,1.0,0.9,680.0,52.0,680.0,52.0,1.0,1,False,1.0,1.0,68.0,45.0,0.0,31.8,False,True,True,True,False,8.0,1,True,152.0,255.0,152,SPOKED,SPOKED,0.0,0.0,80.0,80.0,300.0,720.0,34.9,300.0,1.0
420.0,68.0,605.0,73.0,150.0,48.0,570.0,73.5,555.0,45.0,40.0,54.0,36.5,36.5,25.0,9.0,9.0,STEEL,32.0,42.0,48.0,330.0,350.0,16.0,18.0,True,True,130.0,2.0,0.9,1.1,0.9,1.2,1.0,0.9,680.0,52.0,680.0,52.0,0.0,2,False,1.0,1.0,70.0,44.0,0.0,31.8,True,True,True,True,True,9.0,2,True,144.0,238.0,144,DISC,SPOKED,0.0,0.0,80.0,80.0,310.0,730.0,34.9,310.0,1.0
425.0,75.0,615.0,72.0,155.0,50.0,585.0,74.5,565.0,50.0,40.0,56.0,36.5,36.5,26.0,9.0,9.0,ALUMINIUM,35.0,41.0,52.0,334.0,350.0,16.0,18.0,False,True,135.0,2.0,0.9,1.1,0.9,1.2,1.0,0.9,680.0,52.0,680.0,52.0,1.0,1,False,1.0,1.0,68.0,46.0,0.0,31.8,False,True,True,False,False,1.0,1,True,152.0,250.0,200,SPOKED,TRISPOKE,0.0,1.0,80.0,90.0,305.0,725.0,35.0,305.0,1.0
410.0,72.0,600.0,74.0,145.0,47.0,565.0,73.0,550.0,45.0,40.0,54.5,36.5,36.5,25.5,9.0,9.0,BAMBOO,33.0,39.0,49.0,331.0,350.0,16.0,18.0,True,False,135.0,2.0,0.9,1.1,0.9,1.2,1.0,0.9,675.0,50.0,675.0,50.0,0.0,1,False,1.0,1.0,68.0,45.5,0.0,32.0,False,True,False,True,False,1.0,0,False,160.0,255.0,160,TRISPOKE,SPOKED,1.0,0.0,85.0,80.0,315.0,710.0,34.5,320.0,1.0
418.0,69.0,620.0,71.0,170.0,52.0,590.0,75.0,580.0,48.0,40.0,58.0,36.5,36.5,27.0,9.0,9.0,CARBON,36.0,45.0,55.0,335.0,350.0,16.0,18.0,False,False,135.0,2.0,0.9,1.1,0.9,1.2,1.0,0.9,682.0,53.0,682.0,53.0,1.0,2,False,1.0,1.0,68.0,47.0,0.0,31.8,True,False,True,True,True,10.0,2,True,152.0,255.0,152,DISC,DISC,0.0,0.0,80.0,80.0,305.0,740.0,35.5,330.0,1.0
412.0,73.0,605.0,72.5,160.0,50.0,575.0,74.0,560.0,45.0,40.0,55.0,36.5,36.5,25.5,9.0,9.0,ALUMINIUM,34.5,42.5,50.5,332.0,350.0,16.0,18.0,True,True,135.0,2.0,0.9,1.1,0.9,1.2,1.0,0.9,680.0,52.0,680.0,52.0,0.0,0,False,1.0,1.0,68.0,44.5,0.0,31.8,False,True,False,False,False,9.0,1,True,160.0,250.0,145,SPOKED,SPOKED,0.0,0.0,80.0,80.0,295.0,725.0,35.0,315.0,1.0
430.0,68.0,630.0,71.5,165.0,53.0,600.0,74.5,570.0,50.0,40.0,57.0,36.5,36.5,27.5,9.0,9.0,STEEL,37.0,46.0,54.0,333.0,350.0,16.0,18.0,False,True,130.0,2.0,0.9,1.1,0.9,1.2,1.0,0.9,680.0,52.0,680.0,52.0,1.0,2,False,1.0,1.0,68.0,46.0,0.0,31.8,True,False,True,False,True,8.0,1,False,152.0,245.0,150,DISC,SPOKED,0.0,0.0,80.0,80.0,320.0,750.0,36.0,320.0,1.0
400.0,67.0,590.0,73.5,140.0,45.0,560.0,73.0,540.0,45.0,40.0,53.0,36.5,36.5,25.0,9.0,9.0,ALUMINIUM,31.0,37.0,48.0,330.0,350.0,16.0,18.0,True,False,135.0,2.0,0.9,1.1,0.9,1.2,1.0,0.9,670.0,50.0,670.0,50.0,0.0,1,False,1.0,1.0,68.0,43.0,0.0,31.8,True,True,True,True,False,7.0,3,True,144.0,255.0,160,SPOKED,SPOKED,0.0,0.0,80.0,80.0,300.0,700.0,34.5,305.0,1.0
422.0,69.5,618.0,72.8,158.0,51.0,595.0,74.2,575.0,47.0,40.0,56.5,36.5,36.5,26.5,9.0,9.0,BAMBOO,36.0,44.0,53.0,334.0,350.0,16.0,18.0,False,False,130.0,2.0,0.9,1.1,0.9,1.2,1.0,0.9,680.0,52.0,680.0,52.0,1.0,1,False,1.0,1.0,68.0,45.0,0.0,32.0,False,True,False,False,False,10.0,2,True,160.0,255.0,155,TRISPOKE,SPOKED,1.0,0.0,85.0,80.0,310.0,740.0,35.0,340.0,1.0
419.0,71.0,605.0,73.2,152.0,49.0,570.0,73.8,558.0,45.0,40.0,55.5,36.5,36.5,25.5,9.0,9.0,STEEL,33.5,41.5,49.5,332.0,350.0,16.0,18.0,True,True,135.0,2.0,0.9,1.1,0.9,1.2,1.0,0.9,680.0,52.0,680.0,52.0,0.0,2,False,1.0,1.0,68.0,46.0,0.0,31.8,True,False,True,True,True,9.0,1,False,152.0,255.0,150,DISC,DISC,0.0,0.0,80.0,80.0,320.0,735.0,35.2,325.0,1.0
400.0,60.0,580.0,73.0,140.0,50.0,550.0,73.0,640.0,45.0,45.0,40.0,28.6,36.5,23.35,13.0,15.0,ALUMINIUM,25.0,40.0,30.0,330.0,350.0,16.0,18.0,False,False,135.0,2.0,0.9,1.1,0.9,1.2,1.0,0.9,670.0,60.0,670.0,60.0,0.0,1,False,1.0,1.0,70.0,40.0,0.0,31.8,False,True,True,True,True,8.0,2,True,152.0,255.0,152,SPOKED,SPOKED,0.0,0.0,80.0,80.0,280.0,750.0,34.9,700.0,1.0
420.0,65.0,600.0,72.0,160.0,60.0,560.0,74.0,650.0,50.0,50.0,42.0,28.6,36.5,25.0,15.0,15.0,STEEL,30.0,45.0,35.0,330.0,350.0,16.0,18.0,False,False,130.0,2.0,0.9,1.1,0.9,1.2,1.0,0.9,680.0,62.0,680.0,62.0,0.0,1,False,1.0,1.0,72.0,38.0,0.0,31.8,True,True,True,True,True,9.0,1,True,152.0,255.0,152,SPOKED,SPOKED,0.0,0.0,80.0,80.0,290.0,780.0,34.9,720.0,1.0
440.0,70.0,620.0,74.0,180.0,70.0,570.0,75.0,660.0,55.0,55.0,44.0,28.6,36.5,26.5,15.0,15.0,CARBON,35.0,50.0,40.0,330.0,350.0,16.0,18.0,True,False,135.0,2.0,0.9,1.1,0.9,1.2,1.0,0.9,690.0,65.0,690.0,65.0,0.0,1,False,1.0,2.0,65.0,45.0,0.0,31.8,False,True,True,True,True,10.0,1,True,152.0,255.0,152,SPOKED,SPOKED,0.0,0.0,80.0,80.0,300.0,760.0,34.9,730.0,1.0
410.0,68.0,590.0,71.0,150.0,55.0,545.0,70.0,630.0,40.0,42.0,41.0,28.6,36.5,24.0,13.0,15.0,TITANIUM,28.0,42.0,32.0,330.0,350.0,16.0,18.0,False,False,140.0,2.0,0.9,1.1,0.9,1.2,1.0,0.9,660.0,58.0,660.0,58.0,0.0,1,False,1.0,1.0,68.0,42.0,0.0,31.8,True,True,True,True,True,7.0,2,True,152.0,255.0,152,SPOKED,SPOKED,0.0,0.0,80.0,80.0,285.0,740.0,34.9,710.0,1.0
430.0,62.0,610.0,70.5,170.0,65.0,565.0,73.5,655.0,43.0,44.0,43.0,28.6,36.5,27.0,15.0,9.0,STEEL,32.0,48.0,37.0,330.0,350.0,16.0,18.0,True,True,130.0,2.0,0.9,1.1,0.9,1.2,1.0,0.9,675.0,63.0,675.0,63.0,0.0,1,False,1.0,1.0,69.0,44.0,0.0,31.8,False,True,True,True,True,8.0,1,True,152.0,255.0,152,SPOKED,SPOKED,0.0,0.0,80.0,80.0,295.0,775.0,34.9,725.0,1.0
405.0,75.0,565.0,72.5,125.0,45.0,530.0,72.0,620.0,47.0,48.0,39.0,28.6,36.5,22.5,15.0,9.0,BAMBOO,22.0,38.0,29.0,330.0,350.0,16.0,18.0,False,False,135.0,2.0,0.9,1.1,0.9,1.2,1.0,0.9,650.0,57.0,650.0,57.0,0.0,1,False,1.0,1.0,66.0,43.0,0.0,31.8,True,True,True,True,True,6.0,2,True,152.0,255.0,152,SPOKED,SPOKED,0.0,0.0,80.0,80.0,275.0,705.0,34.9,705.0,1.0
380.0,58.0,550.0,74.0,100.0,30.0,520.0,76.0,610.0,35.0,42.0,38.0,28.6,36.5,20.5,15.0,9.0,ALUMINIUM,18.0,30.0,25.0,330.0,350.0,16.0,18.0,False,False,120.0,2.0,0.9,1.1,0.9,1.2,1.0,0.9,640.0,54.0,640.0,54.0,0.0,1,False,1.0,1.0,64.0,40.0,0.0,31.8,False,True,True,True,True,7.0,1,True,152.0,255.0,152,SPOKED,SPOKED,0.0,0.0,80.0,80.0,265.0,685.0,34.9,685.0,1.0
450.0,80.0,650.0,73.5,190.0,75.0,580.0,72.5,665.0,60.0,60.0,45.0,28.6,36.5,28.0,15.0,9.0,STEEL,38.0,55.0,45.0,330.0,350.0,16.0,18.0,True,True,135.0,2.0,0.9,1.1,0.9,1.2,1.0,0.9,700.0,68.0,700.0,68.0,0.0,1,False,1.0,1.0,75.0,48.0,0.0,31.8,True,True,True,True,True,9.0,2,True,152.0,255.0,152,SPOKED,SPOKED,0.0,0.0,80.0,80.0,305.0,800.0,34.9,820.0,1.0
390.0,55.0,575.0,72.0,110.0,40.0,535.0,71.0,625.0,42.0,45.0,42.0,28.6,36.5,23.0,15.0,9.0,TITANIUM,24.0,44.0,33.0,330.0,350.0,16.0,18.0,False,False,130.0,2.0,0.9,1.1,0.9,1.2,1.0,0.9,655.0,59.0,655.0,59.0,0.0,1,False,1.0,2.0,67.0,41.0,0.0,31.8,False,True,True,True,True,6.0,1,True,152.0,255.0,152,SPOKED,SPOKED,0.0,0.0,80.0,80.0,270.0,735.0,34.9,715.0,1.0
415.0,68.0,605.0,71.5,155.0,58.0,558.0,72.0,645.0,48.0,50.0,44.0,28.6,36.5,26.0,15.0,9.0,STEEL,29.0,47.0,36.0,330.0,350.0,16.0,18.0,False,True,130.0,2.0,0.9,1.1,0.9,1.2,1.0,0.9,685.0,64.0,685.0,64.0,0.0,1,False,1.0,1.0,69.5,46.0,0.0,31.8,True,True,True,True,True,8.0,3,True,152.0,255.0,152,SPOKED,SPOKED,0.0,0.0,80.0,80.0,290.0,765.0,34.9,760.0,1.0
410.0,70.0,580.0,72.0,150.0,50.0,660.0,73.0,670.0,50.0,40.0,28.6,36.5,23.35,13.0,13.0,15.0,ALUMINIUM,9.0,9.0,45.0,330.0,350.0,16.0,18.0,False,False,135.0,2.0,0.9,1.1,0.9,1.2,1.0,0.9,680.0,58.0,680.0,58.0,1.0,2,False,1.0,1.0,68.0,45.0,692.0,31.8,False,False,True,True,True,8.0,2,True,152.0,255.0,152.0,SPOKED,SPOKED,0.0,0.0,0.0,0.0,280.0,760.0,34.9,300.0,1.0
420.0,70.0,590.0,73.0,160.0,55.0,670.0,74.0,660.0,50.0,40.0,28.6,36.5,23.35,13.0,13.0,15.0,ALUMINIUM,9.0,9.0,48.0,330.0,350.0,16.0,18.0,False,False,130.0,2.0,0.9,1.1,0.9,1.2,1.0,0.9,680.0,58.0,680.0,58.0,0.0,1,False,1.0,1.0,68.0,45.0,692.0,31.8,False,False,True,True,True,8.0,1,True,152.0,255.0,152.0,SPOKED,SPOKED,0.0,0.0,0.0,0.0,285.0,770.0,34.9,300.0,1.0
400.0,70.0,575.0,71.0,140.0,52.0,650.0,72.0,680.0,50.0,40.0,28.6,36.5,23.35,13.0,13.0,15.0,ALUMINIUM,9.0,9.0,43.0,330.0,350.0,16.0,18.0,False,False,135.0,2.0,0.9,1.1,0.9,1.2,1.0,0.9,680.0,58.0,680.0,58.0,1.0,2,False,1.0,1.0,68.0,45.0,692.0,31.8,False,False,True,True,True,8.0,3,True,152.0,255.0,152.0,SPOKED,SPOKED,0.0,0.0,0.0,0.0,275.0,755.0,34.9,300.0,1.0
415.0,70.0,600.0,72.5,155.0,48.0,665.0,73.5,675.0,50.0,40.0,28.6,36.5,23.35,13.0,13.0,15.0,ALUMINIUM,9.0,9.0,46.0,330.0,350.0,16.0,18.0,False,False,135.0,2.0,0.9,1.1,0.9,1.2,1.0,0.9,680.0,58.0,680.0,58.0,1.0,2,False,1.0,1.0,68.0,45.0,692.0,31.8,False,False,True,True,True,8.0,2,True,152.0,255.0,152.0,SPOKED,SPOKED,0.0,0.0,0.0,0.0,290.0,780.0,34.9,300.0,1.0
405.0,70.0,585.0,71.5,145.0,53.0,655.0,72.5,665.0,50.0,40.0,28.6,36.5,23.35,13.0,13.0,15.0,ALUMINIUM,9.0,9.0,44.0,330.0,350.0,16.0,18.0,False,False,130.0,2.0,0.9,1.1,0.9,1.2,1.0,0.9,680.0,58.0,680.0,58.0,0.0,0,False,1.0,1.0,68.0,45.0,692.0,31.8,False,False,True,True,True,8.0,1,True,152.0,255.0,152.0,SPOKED,SPOKED,0.0,0.0,0.0,0.0,270.0,750.0,34.9,300.0,1.0
430.0,70.0,610.0,74.0,165.0,50.0,680.0,75.0,690.0,50.0,40.0,28.6,36.5,23.35,13.0,13.0,15.0,ALUMINIUM,9.0,9.0,49.0,330.0,350.0,16.0,18.0,False,False,135.0,2.0,0.9,1.1,0.9,1.2,1.0,0.9,680.0,58.0,680.0,58.0,1.0,2,False,1.0,1.0,68.0,45.0,692.0,31.8,False,False,True,True,True,8.0,3,True,152.0,255.0,152.0,SPOKED,SPOKED,0.0,0.0,0.0,0.0,300.0,800.0,34.9,300.0,1.0
395.0,70.0,570.0,70.0,135.0,46.0,645.0,71.0,660.0,50.0,40.0,28.6,36.5,23.35,13.0,13.0,15.0,ALUMINIUM,9.0,9.0,42.0,330.0,350.0,16.0,18.0,False,False,130.0,2.0,0.9,1.1,0.9,1.2,1.0,0.9,680.0,58.0,680.0,58.0,0.0,0,False,1.0,1.0,68.0,45.0,692.0,31.8,False,False,True,True,True,8.0,2,True,152.0,255.0,152.0,SPOKED,SPOKED,0.0,0.0,0.0,0.0,265.0,740.0,34.9,300.0,1.0
425.0,70.0,595.0,73.5,158.0,51.0,670.0,74.5,685.0,50.0,40.0,28.6,36.5,23.35,13.0,13.0,15.0,ALUMINIUM,9.0,9.0,47.0,330.0,350.0,16.0,18.0,False,False,135.0,2.0,0.9,1.1,0.9,1.2,1.0,0.9,680.0,58.0,680.0,58.0,1.0,1,False,1.0,1.0,68.0,45.0,692.0,31.8,False,False,True,True,True,8.0,1,True,152.0,255.0,152.0,SPOKED,SPOKED,0.0,0.0,0.0,0.0,295.0,790.0,34.9,300.0,1.0
390.0,70.0,565.0,70.5,138.0,54.0,640.0,72.0,645.0,50.0,40.0,28.6,36.5,23.35,13.0,13.0,15.0,ALUMINIUM,9.0,9.0,41.0,330.0,350.0,16.0,18.0,False,False,135.0,2.0,0.9,1.1,0.9,1.2,1.0,0.9,680.0,58.0,680.0,58.0,1.0,1,False,1.0,1.0,68.0,45.0,692.0,31.8,False,False,True,True,True,8.0,3,True,152.0,255.0,152.0,SPOKED,SPOKED,0.0,0.0,0.0,0.0,265.0,730.0,34.9,300.0,1.0
435.0,70.0,605.0,72.0,162.0,49.0,675.0,73.0,680.0,50.0,40.0,28.6,36.5,23.35,13.0,13.0,15.0,ALUMINIUM,9.0,9.0,45.0,330.0,350.0,16.0,18.0,False,False,130.0,2.0,0.9,1.1,0.9,1.2,1.0,0.9,680.0,58.0,680.0,58.0,0.0,0,False,1.0,1.0,68.0,45.0,692.0,31.8,False,False,True,True,True,8.0,2,True,152.0,255.0,152.0,SPOKED,SPOKED,0.0,0.0,0.0,0.0,285.0,765.0,34.9,300.0,1.0
420,65,600,73.5,160,45,580,74.0,650.0,45.0,45.0,35.0,35.0,35.0,25.0,13.0,15,ALUMINIUM,38.0,42.0,45.0,330.0,350.0,16.0,18,False,False,135.0,2.0,0.9,1.1,0.9,1.2,1.0,0.9,674.0,50.0,674.0,50.0,1.0,1,False,1.0,1.0,68.0,45.0,0.0,31.8,False,False,True,True,True,8.0,1,True,152.0,255.0,152,SPOKED,SPOKED,1.0,1.0,80.0,80.0,278.0,760.0,34.9,330.0,1.0
425,63,610,74.0,155,45,590,74.5,660.0,50.0,45.0,36.0,36.0,36.0,26.0,13.0,15,STEEL,40.0,44.0,47.0,330.0,350.0,16.0,18,False,False,140.0,2.0,0.9,1.1,0.9,1.2,1.0,0.9,674.0,50.0,674.0,50.0,1.0,1,False,1.0,1.0,68.0,45.0,0.0,31.8,False,False,True,True,True,8.0,1,True,152.0,255.0,152,SPOKED,SPOKED,1.0,1.0,80.0,80.0,278.0,760.0,34.9,330.0,1.0
430,70,590,72.5,165,50,570,75.0,655.0,40.0,45.0,34.0,35.0,35.0,24.0,13.0,15,BAMBOO,34.0,38.0,41.0,330.0,350.0,16.0,18,False,False,130.0,2.0,0.9,1.1,0.9,1.2,1.0,0.9,674.0,50.0,674.0,50.0,1.0,1,False,1.0,1.0,68.0,45.0,0.0,31.8,False,False,True,True,True,8.0,1,True,152.0,255.0,152,SPOKED,SPOKED,1.0,1.0,80.0,80.0,278.0,760.0,34.9,330.0,1.0
415,60,620,73.0,150,48,600,73.5,650.0,45.0,45.0,35.0,35.0,35.0,26.0,13.0,15,CARBON,42.0,46.0,49.0,330.0,350.0,16.0,18,False,False,135.0,2.0,0.9,1.1,0.9,1.2,1.0,0.9,674.0,50.0,674.0,50.0,1.0,1,False,1.0,1.0,68.0,45.0,0.0,31.8,False,False,True,True,True,8.0,1,True,152.0,255.0,152,SPOKED,SPOKED,1.0,1.0,80.0,80.0,278.0,760.0,34.9,330.0,1.0
435,65,605,74.0,170,44,580,74.0,645.0,50.0,45.0,35.0,35.0,35.0,25.0,13.0,15,TITANIUM,38.0,42.0,45.0,330.0,350.0,16.0,18,False,False,138.0,2.0,0.9,1.1,0.9,1.2,1.0,0.9,674.0,50.0,674.0,50.0,1.0,1,False,1.0,1.0,68.0,45.0,0.0,31.8,False,False,True,True,True,8.0,1,True,152.0,255.0,152,SPOKED,SPOKED,1.0,1.0,80.0,80.0,278.0,760.0,34.9,330.0,1.0
420,68,600,73.5,160,45,585,74.2,648.0,48.0,45.0,35.0,35.0,35.0,25.0,13.0,15,ALUMINIUM,39.0,43.0,44.0,330.0,350.0,16.0,18,False,False,135.0,2.0,0.9,1.1,0.9,1.2,1.0,0.9,674.0,50.0,674.0,50.0,1.0,1,False,1.0,1.0,68.0,45.0,0.0,31.8,False,False,True,True,True,8.0,1,True,152.0,255.0,152,SPOKED,SPOKED,1.0,1.0,80.0,80.0,278.0,760.0,34.9,330.0,1.0
425,66,590,72.8,158,46,595,73.8,642.0,47.0,45.0,35.0,35.0,35.0,25.0,13.0,15,STEEL,37.0,41.0,46.0,330.0,350.0,16.0,18,False,False,132.0,2.0,0.9,1.1,0.9,1.2,1.0,0.9,674.0,50.0,674.0,50.0,1.0,1,False,1.0,1.0,68.0,45.0,0.0,31.8,False,False,True,True,True,8.0,1,True,152.0,255.0,152,SPOKED,SPOKED,1.0,1.0,80.0,80.0,278.0,760.0,34.9,330.0,1.0
430,64,615,74.5,162,47,605,74.7,660.0,52.0,45.0,36.0,36.0,36.0,26.0,13.0,15,BAMBOO,41.0,45.0,48.0,330.0,350.0,16.0,18,False,False,140.0,2.0,0.9,1.1,0.9,1.2,1.0,0.9,674.0,50.0,674.0,50.0,1.0,1,False,1.0,1.0,68.0,45.0,0.0,31.8,False,False,True,True,True,8.0,1,True,152.0,255.0,152,SPOKED,SPOKED,1.0,1.0,80.0,80.0,278.0,760.0,34.9,330.0,1.0
418,62,605,73.2,154,45,590,73.9,655.0,46.0,45.0,35.0,35.0,35.0,25.0,13.0,15,CARBON,36.0,40.0,43.0,330.0,350.0,16.0,18,False,False,136.0,2.0,0.9,1.1,0.9,1.2,1.0,0.9,674.0,50.0,674.0,50.0,1.0,1,False,1.0,1.0,68.0,45.0,0.0,31.8,False,False,True,True,True,8.0,1,True,152.0,255.0,152,SPOKED,SPOKED,1.0,1.0,80.0,80.0,278.0,760.0,34.9,330.0,1.0
422,69,595,73.7,168,44,600,74.1,650.0,49.0,45.0,35.0,35.0,35.0,25.0,13.0,15,TITANIUM,43.0,47.0,47.0,330.0,350.0,16.0,18,False,False,134.0,2.0,0.9,1.1,0.9,1.2,1.0,0.9,674.0,50.0,674.0,50.0,1.0,1,False,1.0,1.0,68.0,45.0,0.0,31.8,False,False,True,True,True,8.0,1,True,152.0,255.0,152,SPOKED,SPOKED,1.0,1.0,80.0,80.0,278.0,760.0,34.9,330.0,1.0
430.0,65.0,600.0,73.0,140.0,50.0,550.0,73.0,650.0,50.0,40.0,28.6,36.5,23.35,23.35,13.0,15.0,ALUMINIUM,30.0,45.0,35.0,0.0,0.0,0.0,0.0,False,False,135.0,2.0,0.9,1.1,0.9,1.2,1.0,0.9,680.0,121.0,680.0,121.0,0.0,1,False,1.0,1.0,68.0,45.0,0.0,31.8,True,False,True,True,True,8.0,1,True,152.0,255.0,152,SPOKED,SPOKED,0.0,0.0,0.0,0.0,80.0,272.0,34.9,330.0,1.0
435.0,60.0,610.0,72.5,150.0,55.0,580.0,74.0,670.0,55.0,45.0,28.6,36.5,23.35,23.35,13.0,15.0,ALUMINIUM,31.0,45.0,35.0,0.0,0.0,0.0,0.0,False,False,135.0,2.0,0.9,1.1,0.9,1.2,1.0,0.9,680.0,121.0,680.0,121.0,0.0,1,False,1.0,1.0,68.0,45.0,0.0,31.8,True,True,False,False,True,8.0,1,False,142.0,245.0,142,SPOKED,SPOKED,0.0,0.0,0.0,0.0,80.0,272.0,34.9,330.0,1.0
440.0,70.0,580.0,74.0,130.0,45.0,530.0,72.0,640.0,45.0,35.0,28.6,36.5,23.35,23.35,13.0,15.0,ALUMINIUM,29.0,45.0,35.0,0.0,0.0,0.0,0.0,False,False,135.0,2.0,0.9,1.1,0.9,1.2,1.0,0.9,680.0,121.0,680.0,121.0,0.0,1,False,1.0,1.0,68.0,45.0,0.0,31.8,False,False,True,True,True,8.0,1,True,162.0,255.0,162,SPOKED,SPOKED,0.0,0.0,0.0,0.0,80.0,272.0,34.9,330.0,1.0
445.0,66.0,620.0,72.0,160.0,60.0,590.0,73.5,680.0,52.0,50.0,28.6,36.5,23.35,23.35,13.0,15.0,ALUMINIUM,32.0,45.0,35.0,0.0,0.0,0.0,0.0,False,False,135.0,2.0,0.9,1.1,0.9,1.2,1.0,0.9,680.0,121.0,680.0,121.0,0.0,1,False,1.0,1.0,68.0,45.0,0.0,31.8,True,True,False,False,True,8.0,1,False,152.0,245.0,152,SPOKED,SPOKED,0.0,0.0,0.0,0.0,80.0,272.0,34.9,330.0,1.0
450.0,68.0,590.0,73.5,145.0,52.0,560.0,72.8,660.0,48.0,42.0,28.6,36.5,23.35,23.35,13.0,15.0,ALUMINIUM,30.0,45.0,35.0,0.0,0.0,0.0,0.0,False,False,135.0,2.0,0.9,1.1,0.9,1.2,1.0,0.9,680.0,121.0,680.0,121.0,0.0,1,False,1.0,1.0,68.0,45.0,0.0,31.8,False,False,True,True,True,8.0,1,True,142.0,255.0,142,SPOKED,SPOKED,0.0,0.0,0.0,0.0,80.0,272.0,34.9,330.0,1.0
435.0,62.0,605.0,73.0,155.0,58.0,575.0,73.2,675.0,54.0,47.0,28.6,36.5,23.35,23.35,13.0,15.0,ALUMINIUM,31.0,45.0,35.0,0.0,0.0,0.0,0.0,False,False,135.0,2.0,0.9,1.1,0.9,1.2,1.0,0.9,680.0,121.0,680.0,121.0,0.0,1,False,1.0,1.0,68.0,45.0,0.0,31.8,True,True,False,False,True,8.0,1,False,162.0,245.0,162,SPOKED,SPOKED,0.0,0.0,0.0,0.0,80.0,272.0,34.9,330.0,1.0
442.0,64.0,595.0,72.8,135.0,48.0,565.0,72.2,655.0,46.0,38.0,28.6,36.5,23.35,23.35,13.0,15.0,ALUMINIUM,29.0,45.0,35.0,0.0,0.0,0.0,0.0,False,False,135.0,2.0,0.9,1.1,0.9,1.2,1.0,0.9,680.0,121.0,680.0,121.0,0.0,1,False,1.0,1.0,68.0,45.0,0.0,31.8,False,False,True,True,True,8.0,1,True,152.0,255.0,142,SPOKED,SPOKED,0.0,0.0,0.0,0.0,80.0,272.0,34.9,330.0,1.0
438.0,67.0,615.0,73.2,165.0,62.0,585.0,73.8,685.0,56.0,52.0,28.6,36.5,23.35,23.35,13.0,15.0,ALUMINIUM,32.0,45.0,35.0,0.0,0.0,0.0,0.0,False,False,135.0,2.0,0.9,1.1,0.9,1.2,1.0,0.9,680.0,121.0,680.0,121.0,0.0,1,False,1.0,1.0,68.0,45.0,0.0,31.8,True,True,False,False,True,8.0,1,False,142.0,245.0,152,SPOKED,SPOKED,0.0,0.0,0.0,0.0,80.0,272.0,34.9,330.0,1.0
443.0,63.0,585.0,72.2,142.0,54.0,545.0,72.5,645.0,49.0,44.0,28.6,36.5,23.35,23.35,13.0,15.0,ALUMINIUM,30.0,45.0,35.0,0.0,0.0,0.0,0.0,False,False,135.0,2.0,0.9,1.1,0.9,1.2,1.0,0.9,680.0,121.0,680.0,121.0,0.0,1,False,1.0,1.0,68.0,45.0,0.0,31.8,False,False,True,True,True,8.0,1,True,162.0,255.0,142,SPOKED,SPOKED,0.0,0.0,0.0,0.0,80.0,272.0,34.9,330.0,1.0
447.0,69.0,625.0,73.8,152.0,56.0,555.0,74.0,665.0,53.0,49.0,28.6,36.5,23.35,23.35,13.0,15.0,ALUMINIUM,31.0,45.0,35.0,0.0,0.0,0.0,0.0,False,False,135.0,2.0,0.9,1.1,0.9,1.2,1.0,0.9,680.0,121.0,680.0,121.0,0.0,1,False,1.0,1.0,68.0,45.0,0.0,31.8,True,True,False,False,True,8.0,1,False,152.0,245.0,162,SPOKED,SPOKED,0.0,0.0,0.0,0.0,80.0,272.0,34.9,330.0,1.0
400.0,70.0,600.0,73.5,160.0,50.0,550.0,73.0,650.0,45.0,40.0,32.0,34.0,36.5,23.35,13.0,15.0,ALUMINIUM,30.0,45.0,42.0,0.0,0.0,0.0,0.0,False,False,135.0,2.0,1.0,1.0,1.0,1.0,1.0,1.0,680.0,50.0,680.0,52.0,0.0,2,False,1.0,1.0,68.0,45.0,0.0,31.8,False,True,True,True,True,9.0,1,True,152.0,255.0,152,SPOKED,SPOKED,0.0,0.0,0.0,0.0,280.0,760.0,34.9,720.0,1.0
405.0,68.0,590.0,74.0,150.0,55.0,540.0,74.0,640.0,42.0,40.0,30.5,33.5,36.5,23.35,13.0,15.0,STEEL,32.0,48.0,40.0,0.0,0.0,0.0,0.0,False,False,135.0,2.0,1.2,1.2,1.1,1.1,1.0,1.1,700.0,50.0,700.0,52.0,0.0,1,False,1.0,1.0,68.0,45.0,0.0,31.8,False,True,True,True,True,10.0,2,True,150.0,250.0,150,SPOKED,SPOKED,0.0,0.0,0.0,0.0,285.0,770.0,34.9,710.0,1.0
395.0,72.0,610.0,72.0,170.0,45.0,560.0,73.0,660.0,47.0,40.0,31.5,34.0,36.5,23.35,14.0,16.0,BAMBOO,35.0,50.0,43.0,0.0,0.0,0.0,0.0,False,False,130.0,2.0,1.1,1.0,1.0,1.0,1.0,1.0,680.0,52.0,680.0,54.0,0.0,2,False,1.0,1.0,70.0,48.0,0.0,31.8,False,True,True,True,True,8.0,1,True,160.0,255.0,160,SPOKED,SPOKED,0.0,0.0,0.0,0.0,275.0,755.0,34.9,730.0,1.0
420.0,65.0,580.0,75.0,145.0,60.0,570.0,72.0,630.0,43.0,40.0,32.2,33.8,36.5,23.35,12.0,14.0,CARBON,28.0,46.0,41.0,0.0,0.0,0.0,0.0,False,False,135.0,2.0,0.9,0.9,0.9,0.9,0.9,0.9,690.0,51.0,690.0,53.0,0.0,1,False,1.0,1.0,68.0,44.0,0.0,31.8,False,True,True,True,True,9.0,2,True,170.0,250.0,160,SPOKED,SPOKED,0.0,0.0,0.0,0.0,290.0,765.0,34.9,725.0,1.0
405.0,73.0,595.0,73.0,155.0,48.0,545.0,74.0,645.0,46.0,40.0,31.0,34.0,36.5,23.35,13.0,15.0,STEEL,30.0,47.0,42.0,0.0,0.0,0.0,0.0,False,False,135.0,2.0,1.1,1.0,1.1,1.0,1.0,1.0,680.0,50.0,680.0,52.0,0.0,2,False,1.0,1.0,68.0,45.0,0.0,31.8,False,True,True,True,True,10.0,1,True,140.0,245.0,140,SPOKED,SPOKED,0.0,0.0,0.0,0.0,282.0,760.0,34.9,715.0,1.0
390.0,69.0,605.0,74.0,165.0,52.0,555.0,73.0,655.0,44.0,40.0,32.5,34.5,36.5,23.35,13.0,15.0,ALUMINIUM,33.0,49.0,43.0,0.0,0.0,0.0,0.0,False,False,135.0,2.0,1.0,1.0,1.0,1.0,1.0,1.0,680.0,50.0,680.0,52.0,0.0,2,False,1.0,1.0,68.0,45.0,0.0,31.8,False,True,True,True,True,8.0,2,True,155.0,255.0,155,SPOKED,SPOKED,0.0,0.0,0.0,0.0,280.0,765.0,34.9,720.0,1.0
415.0,67.0,620.0,72.5,150.0,50.0,560.0,73.5,665.0,48.0,40.0,31.8,34.2,36.5,23.35,14.0,16.0,STEEL,32.0,46.0,42.0,0.0,0.0,0.0,0.0,False,False,135.0,2.0,1.1,1.0,1.0,1.0,1.0,1.1,685.0,50.0,685.0,52.0,0.0,1,False,1.0,1.0,68.0,46.0,0.0,31.8,False,True,True,True,True,9.0,1,True,145.0,255.0,145,SPOKED,SPOKED,0.0,0.0,0.0,0.0,288.0,770.0,34.9,730.0,1.0
395.0,75.0,580.0,75.0,140.0,60.0,580.0,72.0,630.0,43.0,40.0,32.0,33.5,36.5,23.35,13.0,14.0,CARBON,28.0,50.0,41.0,0.0,0.0,0.0,0.0,False,False,135.0,2.0,0.9,0.9,0.9,0.9,0.9,0.9,690.0,51.0,690.0,53.0,0.0,1,False,1.0,1.0,68.0,44.0,0.0,31.8,False,True,True,True,True,10.0,1,True,150.0,255.0,155,SPOKED,SPOKED,0.0,0.0,0.0,0.0,278.0,760.0,34.9,720.0,1.0
410.0,68.0,610.0,73.0,158.0,49.0,555.0,73.0,660.0,45.0,40.0,31.2,34.0,36.5,23.35,13.0,15.0,ALUMINIUM,31.0,48.0,42.0,0.0,0.0,0.0,0.0,False,False,135.0,2.0,1.0,1.0,1.0,1.0,1.0,1.0,680.0,50.0,680.0,52.0,0.0,2,False,1.0,1.0,68.0,45.0,0.0,31.8,False,True,True,True,True,9.0,2,True,155.0,250.0,155,SPOKED,SPOKED,0.0,0.0,0.0,0.0,282.0,760.0,34.9,725.0,1.0
405.0,70.0,600.0,74.5,165.0,47.0,550.0,74.0,645.0,46.0,40.0,31.4,34.3,36.5,23.35,13.0,15.0,STEEL,33.0,47.0,42.0,0.0,0.0,0.0,0.0,False,False,135.0,2.0,1.1,1.0,1.1,1.0,1.0,1.0,685.0,50.0,685.0,52.0,0.0,1,False,1.0,1.0,68.0,45.0,0.0,31.8,False,True,True,True,True,8.0,1,True,148.0,255.0,148,SPOKED,SPOKED,0.0,0.0,0.0,0.0,285.0,760.0,34.9,715.0,1.0
430.0,70.0,620.0,73.0,180.0,45.0,550.0,73.5,650.0,45.0,40.0,28.6,36.5,25.0,22.0,13.0,15.0,ALUMINIUM,30.0,50.0,40.0,330.0,350.0,16.0,18.0,False,False,135.0,2.0,0.9,1.1,0.9,1.2,1.0,0.9,700.0,60.0,700.0,60.0,0.0,1,False,1.0,1.0,68.0,45.0,31.8,31.8,False,True,True,True,True,9.0,1,True,100.0,255.0,200,DISC,SPOKED,0.0,0.0,80.0,80.0,280.0,720.0,34.9,300.0,1.0
440.0,65.0,630.0,72.5,190.0,45.0,560.0,73.0,660.0,50.0,45.0,30.0,38.0,26.0,23.0,14.0,16.0,STEEL,32.0,55.0,42.0,330.0,350.0,16.0,18.0,False,False,135.0,2.2,1.0,1.2,1.0,1.3,1.1,1.0,700.0,55.0,700.0,55.0,0.0,0,False,1.0,1.0,70.0,46.0,31.8,32.0,True,True,True,True,True,10.0,1,True,80.0,240.0,180,DISC,DISC,0.0,0.0,80.0,80.0,285.0,730.0,34.9,310.0,1.0
425.0,75.0,615.0,73.5,170.0,45.0,540.0,74.0,645.0,45.0,42.0,28.0,37.0,24.0,22.5,13.5,15.5,CARBON,28.0,48.0,38.0,330.0,350.0,16.0,18.0,False,False,142.0,1.8,0.9,1.0,0.9,1.1,0.9,0.9,710.0,60.0,710.0,60.0,0.0,2,False,1.0,3.0,65.0,44.0,31.8,30.0,False,True,True,False,True,11.0,1,False,120.0,255.0,130,DISC,SPOKED,0.0,0.0,80.0,80.0,275.0,725.0,35.0,305.0,0.0
450.0,68.0,625.0,72.0,200.0,50.0,580.0,72.5,660.0,55.0,50.0,30.0,36.0,27.0,24.0,15.0,16.0,TITANIUM,35.0,60.0,45.0,330.0,350.0,16.0,18.0,False,False,135.0,2.0,1.0,1.2,1.0,1.3,1.1,1.0,705.0,58.0,705.0,58.0,0.0,0,False,1.0,1.0,68.0,47.0,31.8,33.0,False,True,True,True,True,9.0,2,True,60.0,255.0,170,DISC,DISC,0.0,0.0,80.0,80.0,295.0,735.0,35.5,320.0,1.0
435.0,72.0,610.0,73.0,160.0,45.0,530.0,74.0,640.0,45.0,40.0,28.6,36.5,24.0,23.0,13.0,15.0,BAMBOO,25.0,45.0,35.0,330.0,350.0,16.0,18.0,False,False,135.0,2.0,0.9,1.1,0.9,1.2,1.0,0.9,695.0,60.0,695.0,60.0,0.0,1,False,1.0,1.0,68.0,43.0,31.8,30.0,False,True,True,False,True,10.0,1,False,90.0,255.0,140,DISC,SPOKED,0.0,0.0,80.0,80.0,270.0,710.0,34.9,290.0,2.0
445.0,69.0,640.0,72.8,185.0,48.0,570.0,73.2,655.0,48.0,42.0,29.0,37.5,25.5,23.5,14.0,15.0,ALUMINIUM,33.0,53.0,43.0,330.0,350.0,16.0,18.0,False,True,140.0,2.0,1.0,1.1,1.0,1.2,1.0,0.9,700.0,62.0,700.0,62.0,0.0,2,False,1.0,1.0,67.0,45.5,31.8,32.5,True,False,True,True,True,8.0,1,True,110.0,255.0,160,DISC,DISC,0.0,0.0,80.0,80.0,290.0,740.0,35.0,315.0,1.0
420.0,75.0,600.0,74.0,175.0,47.0,545.0,73.8,648.0,46.0,44.0,28.6,36.5,24.5,22.0,13.0,15.0,STEEL,29.0,50.0,39.0,330.0,350.0,16.0,18.0,False,False,135.0,2.0,0.9,1.1,0.9,1.2,1.0,0.9,702.0,60.0,702.0,60.0,0.0,0,False,1.0,1.0,68.0,44.0,31.8,31.8,True,True,False,False,True,9.0,1,False,130.0,255.0,170,SPOKED,SPOKED,0.0,0.0,80.0,80.0,282.0,715.0,34.9,305.0,1.0
455.0,66.0,635.0,72.3,195.0,49.0,595.0,72.7,662.0,53.0,43.0,29.5,36.0,26.5,23.5,14.0,15.5,ALUMINIUM,34.0,57.0,44.5,330.0,350.0,16.0,18.0,True,True,135.0,2.0,0.9,1.1,0.9,1.2,1.0,0.9,700.0,61.0,700.0,61.0,1.0,1,False,1.0,1.0,68.0,46.0,31.8,32.0,False,True,True,True,True,8.0,1,True,140.0,255.0,180,DISC,SPOKED,0.0,0.0,80.0,80.0,288.0,745.0,35.2,325.0,1.0
438.0,71.0,618.0,73.2,182.0,46.0,555.0,73.3,652.0,47.0,42.5,28.8,36.8,25.2,22.8,13.2,15.2,OTHER,31.0,51.0,41.0,330.0,350.0,16.0,18.0,False,False,135.0,2.1,0.95,1.05,0.95,1.25,1.05,0.95,698.0,59.0,698.0,59.0,0.0,1,False,1.0,1.0,68.2,45.2,31.8,31.9,True,False,False,True,True,10.0,1,False,150.0,255.0,190,SPOKED,DISC,0.0,0.0,80.0,80.0,286.0,728.0,35.1,308.0,1.0
442.0,73.0,605.0,73.8,165.0,45.0,535.0,74.2,642.0,44.0,41.0,28.2,36.2,24.2,22.2,13.1,15.1,CARBON,27.0,47.0,37.0,330.0,350.0,16.0,18.0,False,False,135.0,1.9,0.9,1.1,0.9,1.2,1.0,0.9,700.0,60.0,700.0,60.0,2.0,1,False,1.0,1.0,68.0,44.0,31.8,30.5,False,True,True,False,True,9.0,1,True,125.0,255.0,155,DISC,SPOKED,0.0,0.0,80.0,80.0,280.0,722.0,34.9,312.0,0.0
400,55,580,70.0,160,90,540,71.0,610.0,45.0,45.0,27.0,35.0,23.0,23.0,15.0,15,ALUMINIUM,30.0,30.0,40.0,330.0,350.0,16.0,16,False,False,135.0,2.0,0.9,1.1,0.9,1.2,1.0,0.9,674.0,50.0,674.0,50.0,0.0,0,False,1.0,1.0,68.0,42.0,0.0,30.0,True,True,True,True,True,8.0,1,True,152.0,255.0,152,SPOKED,SPOKED,0.0,0.0,80.0,80.0,280.0,735.0,35.0,350.0,1.0
405,60,590,71.0,170,100,550,72.0,620.0,47.0,40.0,28.0,36.0,24.0,24.0,17.0,14,ALUMINIUM,32.0,32.0,42.0,330.0,350.0,16.0,16,False,False,135.0,2.0,0.9,1.1,0.9,1.2,1.0,0.9,674.0,50.0,674.0,50.0,0.0,1,False,1.0,1.0,70.0,44.0,0.0,31.8,True,True,True,True,True,9.0,1,True,152.0,255.0,152,SPOKED,SPOKED,0.0,0.0,80.0,80.0,280.0,740.0,36.0,350.0,1.0
410,65,600,72.0,180,110,560,73.0,630.0,49.0,42.0,29.0,37.0,25.0,25.0,16.0,16,ALUMINIUM,34.0,34.0,44.0,330.0,350.0,16.0,16,False,False,135.0,2.0,0.9,1.1,0.9,1.2,1.0,0.9,674.0,50.0,674.0,50.0,0.0,2,False,1.0,1.0,72.0,46.0,0.0,33.0,True,True,True,True,True,10.0,1,True,152.0,255.0,152,SPOKED,SPOKED,0.0,0.0,80.0,80.0,280.0,745.0,37.0,350.0,1.0
395,70,610,73.0,190,120,570,74.0,640.0,51.0,48.0,30.0,38.0,26.0,26.0,18.0,13,ALUMINIUM,36.0,36.0,46.0,330.0,350.0,16.0,16,False,False,135.0,2.0,0.9,1.1,0.9,1.2,1.0,0.9,674.0,50.0,674.0,50.0,0.0,0,False,1.0,1.0,74.0,48.0,0.0,34.0,True,True,True,True,True,11.0,1,True,152.0,255.0,152,SPOKED,SPOKED,0.0,0.0,80.0,80.0,280.0,750.0,38.0,350.0,1.0
385,60,620,74.0,200,130,580,75.0,650.0,53.0,50.0,31.0,39.0,27.0,27.0,14.0,17,ALUMINIUM,38.0,38.0,48.0,330.0,350.0,16.0,16,False,False,135.0,2.0,0.9,1.1,0.9,1.2,1.0,0.9,674.0,50.0,674.0,50.0,0.0,1,False,1.0,1.0,76.0,50.0,0.0,35.0,True,True,True,True,True,12.0,1,True,152.0,255.0,152,SPOKED,SPOKED,0.0,0.0,80.0,80.0,280.0,755.0,39.0,350.0,1.0
380,55,580,70.5,180,100,560,73.0,620.0,47.0,45.0,28.0,36.0,24.0,24.0,17.0,14,ALUMINIUM,34.0,34.0,44.0,330.0,350.0,16.0,16,False,False,135.0,2.0,0.9,1.1,0.9,1.2,1.0,0.9,674.0,50.0,674.0,50.0,0.0,2,False,1.0,1.0,70.0,44.0,0.0,31.8,True,True,True,True,True,9.0,1,True,152.0,255.0,152,SPOKED,SPOKED,0.0,0.0,80.0,80.0,280.0,740.0,36.0,350.0,1.0
415,62,595,71.5,175,105,565,72.5,615.0,48.0,43.0,29.0,37.0,25.0,25.0,16.0,16,ALUMINIUM,33.0,33.0,43.0,330.0,350.0,16.0,16,False,False,135.0,2.0,0.9,1.1,0.9,1.2,1.0,0.9,674.0,50.0,674.0,50.0,0.0,0,False,1.0,1.0,69.0,43.0,0.0,32.0,True,True,True,True,True,10.0,1,True,152.0,255.0,152,SPOKED,SPOKED,0.0,0.0,80.0,80.0,280.0,742.0,37.0,350.0,1.0
420,68,605,72.5,185,115,575,73.5,635.0,50.0,47.0,30.0,38.0,26.0,26.0,18.0,13,ALUMINIUM,35.0,35.0,45.0,330.0,350.0,16.0,16,False,False,135.0,2.0,0.9,1.1,0.9,1.2,1.0,0.9,674.0,50.0,674.0,50.0,0.0,1,False,1.0,1.0,71.0,45.0,0.0,33.8,True,True,True,True,True,11.0,1,True,152.0,255.0,152,SPOKED,SPOKED,0.0,0.0,80.0,80.0,280.0,747.0,38.0,350.0,1.0
430,65,615,73.5,195,125,585,74.5,645.0,52.0,49.0,31.0,39.0,27.0,27.0,14.0,17,ALUMINIUM,37.0,37.0,47.0,330.0,350.0,16.0,16,False,False,135.0,2.0,0.9,1.1,0.9,1.2,1.0,0.9,674.0,50.0,674.0,50.0,0.0,2,False,1.0,1.0,73.0,47.0,0.0,34.8,True,True,True,True,True,12.0,1,True,152.0,255.0,152,SPOKED,SPOKED,0.0,0.0,80.0,80.0,280.0,752.0,39.0,350.0,1.0
390,58,625,74.0,165,135,590,71.5,655.0,54.0,44.0,27.0,35.0,23.0,23.0,15.0,15,ALUMINIUM,31.0,31.0,41.0,330.0,350.0,16.0,16,False,False,135.0,2.0,0.9,1.1,0.9,1.2,1.0,0.9,674.0,50.0,674.0,50.0,0.0,1,False,1.0,1.0,68.0,41.0,0.0,30.0,True,True,True,True,True,8.0,1,True,152.0,255.0,152,SPOKED,SPOKED,0.0,0.0,80.0,80.0,280.0,737.0,35.0,350.0,1.0
420.0,70.0,600.0,72.0,140.0,50.0,550.0,73.0,620.0,45.0,50.0,30.0,32.0,36.5,25.0,13.0,15.0,ALUMINIUM,25.0,60.0,20.0,330.0,350.0,16.0,18.0,True,True,135.0,2.0,1.0,1.0,1.1,1.0,0.9,0.9,680.0,80.0,680.0,80.0,1.0,2,False,1.0,1.0,68.0,40.0,0.0,31.8,True,True,True,True,False,9.0,2,True,152.0,255.0,172,DISC,SPOKED,0.0,0.0,80.0,80.0,280.0,750.0,34.0,400.0,1.0
440.0,65.0,620.0,73.5,160.0,60.0,560.0,74.0,640.0,50.0,55.0,33.0,34.0,36.5,28.0,13.5,15.0,STEEL,30.0,70.0,25.0,330.0,350.0,16.0,18.0,False,False,130.0,2.0,0.9,1.0,1.0,1.0,0.9,0.9,690.0,75.0,690.0,75.0,0.0,0,False,1.0,1.0,73.0,42.0,0.0,31.8,True,False,True,True,True,10.0,2,True,60.0,179.0,113,DISC,DISC,0.0,0.0,80.0,80.0,290.0,720.0,36.0,420.0,1.0
400.0,75.0,580.0,71.0,120.0,45.0,520.0,73.5,610.0,42.0,45.0,28.6,30.0,36.5,24.0,13.0,15.0,CARBON,28.0,65.0,22.0,330.0,350.0,16.0,18.0,True,False,135.0,2.0,1.1,1.1,1.2,1.0,0.9,0.9,670.0,85.0,670.0,85.0,1.0,1,False,1.0,1.0,68.0,45.0,20.0,28.6,False,True,False,False,False,11.0,1,False,152.0,255.0,182,TRISPOKE,SPOKED,1.0,0.0,90.0,80.0,260.0,780.0,32.0,380.0,0.0
430.0,68.0,610.0,70.5,150.0,55.0,570.0,74.5,630.0,48.0,50.0,32.0,34.0,36.5,26.0,13.0,15.0,TITANIUM,32.0,75.0,18.0,330.0,350.0,16.0,18.0,False,True,130.0,2.0,1.0,1.0,1.1,1.0,0.9,0.9,660.0,90.0,660.0,90.0,0.0,2,False,1.0,1.0,73.0,42.0,0.0,31.8,True,True,True,True,False,9.0,2,True,180.0,255.0,200,DISC,DISC,0.0,0.0,80.0,80.0,275.0,760.0,34.5,450.0,2.0
460.0,60.0,570.0,74.0,130.0,50.0,550.0,72.0,600.0,40.0,45.0,30.0,32.5,36.5,23.0,13.0,15.0,BAMBOO,24.0,60.0,17.0,330.0,350.0,16.0,18.0,True,True,135.0,2.0,0.9,1.0,1.0,1.0,0.9,0.9,675.0,72.0,675.0,72.0,1.0,1,False,1.0,1.0,68.0,38.0,0.0,31.8,True,False,True,False,False,8.0,1,True,152.0,255.0,192,SPOKED,SPOKED,0.0,0.0,80.0,80.0,285.0,730.0,33.0,420.0,1.0
450.0,68.0,650.0,69.0,170.0,65.0,590.0,75.0,650.0,47.0,55.0,33.6,36.5,36.5,29.0,13.5,15.0,ALUMINIUM,35.0,80.0,30.0,330.0,350.0,16.0,18.0,False,False,130.0,2.0,1.1,1.0,1.2,1.0,0.9,0.9,700.0,85.0,700.0,85.0,2.0,0,False,1.0,1.0,68.0,45.0,0.0,28.6,False,True,True,True,True,10.0,2,True,34.0,139.0,34,DISC,TRISPOKE,0.0,1.0,80.0,100.0,270.0,800.0,36.0,460.0,1.0
415.0,72.0,605.0,72.5,155.0,60.0,565.0,74.0,625.0,46.0,50.0,31.8,34.5,36.5,27.0,13.0,15.0,STEEL,31.0,68.0,28.0,330.0,350.0,16.0,18.0,True,False,130.0,2.0,1.0,1.0,1.1,1.0,0.9,0.9,665.0,78.0,665.0,78.0,0.0,2,False,1.0,1.0,73.0,43.0,0.0,31.8,True,True,False,True,False,9.0,1,True,0.0,128.0,128,SPOKED,SPOKED,0.0,0.0,80.0,80.0,295.0,740.0,35.0,430.0,2.0
405.0,67.0,590.0,71.5,135.0,48.0,545.0,73.5,615.0,44.0,48.0,30.0,32.0,36.5,24.5,13.0,15.0,CARBON,29.0,62.0,23.0,330.0,350.0,16.0,18.0,False,True,135.0,2.0,1.0,1.1,1.1,1.0,0.9,0.9,675.0,83.0,675.0,83.0,1.0,1,False,1.0,1.0,68.0,46.0,25.0,28.6,False,True,True,False,False,11.0,1,False,60.0,179.0,113,TRISPOKE,SPOKED,1.0,0.0,100.0,80.0,265.0,770.0,32.5,390.0,0.0
425.0,70.0,630.0,73.0,145.0,58.0,580.0,75.0,635.0,49.0,52.0,33.0,35.0,36.5,27.5,13.0,15.0,TITANIUM,34.0,78.0,27.0,330.0,350.0,16.0,18.0,True,True,130.0,2.0,1.0,1.1,1.1,1.0,0.9,0.9,685.0,88.0,685.0,88.0,0.0,0,False,1.0,1.0,73.0,41.0,0.0,31.8,True,False,True,True,True,10.0,2,True,152.0,251.0,152,DISC,SPOKED,0.0,0.0,80.0,80.0,290.0,765.0,35.5,440.0,1.0
390.0,78.0,555.0,74.5,125.0,52.0,530.0,72.5,605.0,43.0,50.0,29.0,31.0,36.5,23.5,13.0,15.0,OTHER,26.0,58.0,19.0,330.0,350.0,16.0,18.0,False,False,135.0,2.0,0.9,1.0,1.0,1.0,0.9,0.9,660.0,79.0,660.0,79.0,1.0,2,False,1.0,2.0,68.0,39.0,0.0,31.8,True,True,False,False,False,8.0,1,True,102.0,205.0,170,SPOKED,SPOKED,0.0,0.0,80.0,80.0,280.0,710.0,33.5,410.0,2.0
430.0,60.0,580.0,73.0,130.0,50.0,540.0,73.5,650.0,43.0,40.0,32.0,36.0,32.0,32.0,13.0,9.0,ALUMINIUM,25.0,50.0,45.0,330.0,350.0,16.0,18.0,False,False,135.0,1.2,1.2,1.2,1.2,1.2,1.2,1.2,680.0,58.0,680.0,58.0,0.0,2,False,1.0,1.0,68.0,45.0,0.0,34.9,False,False,False,False,True,9.0,2,False,152.0,255.0,192,DISC,SPOKED,0.0,0.0,0.0,0.0,300.0,760.0,36.0,350.0,1.0
425.0,55.0,600.0,72.5,120.0,48.0,550.0,74.0,655.0,45.0,40.0,30.0,37.0,31.0,33.0,13.0,9.0,ALUMINIUM,22.0,52.0,48.0,330.0,350.0,16.0,18.0,False,False,135.0,1.2,1.2,1.2,1.2,1.2,1.2,1.2,680.0,58.0,680.0,58.0,0.0,2,False,1.0,1.0,68.0,45.0,0.0,34.9,False,False,False,False,True,8.0,2,False,144.0,238.0,144,DISC,SPOKED,0.0,0.0,0.0,0.0,300.0,760.0,37.0,350.0,1.0
420.0,65.0,570.0,74.0,140.0,52.0,530.0,72.0,640.0,42.0,40.0,34.0,35.0,33.0,31.0,13.0,9.0,ALUMINIUM,28.0,48.0,50.0,330.0,350.0,16.0,18.0,False,False,135.0,1.2,1.2,1.2,1.2,1.2,1.2,1.2,680.0,58.0,680.0,58.0,0.0,2,False,1.0,1.0,68.0,45.0,0.0,34.9,False,False,False,False,True,10.0,2,False,127.0,255.0,212,DISC,SPOKED,0.0,0.0,0.0,0.0,300.0,760.0,35.0,350.0,1.0
435.0,58.0,610.0,73.5,135.0,55.0,560.0,72.5,660.0,40.0,40.0,33.0,38.0,32.0,32.0,13.0,9.0,ALUMINIUM,24.0,54.0,40.0,330.0,350.0,16.0,18.0,False,False,135.0,1.2,1.2,1.2,1.2,1.2,1.2,1.2,680.0,58.0,680.0,58.0,0.0,2,False,1.0,1.0,68.0,45.0,0.0,34.9,False,False,False,False,True,9.0,2,False,175.0,238.0,238,DISC,SPOKED,0.0,0.0,0.0,0.0,300.0,760.0,38.0,350.0,1.0
440.0,62.0,590.0,72.0,125.0,49.0,545.0,73.0,645.0,44.0,40.0,31.0,37.0,30.0,34.0,13.0,9.0,ALUMINIUM,26.0,49.0,47.0,330.0,350.0,16.0,18.0,False,False,135.0,1.2,1.2,1.2,1.2,1.2,1.2,1.2,680.0,58.0,680.0,58.0,0.0,2,False,1.0,1.0,68.0,45.0,0.0,34.9,False,False,False,False,True,8.0,2,False,144.0,255.0,0,DISC,SPOKED,0.0,0.0,0.0,0.0,300.0,760.0,37.0,350.0,1.0
428.0,67.0,620.0,74.0,150.0,50.0,565.0,74.0,670.0,46.0,40.0,30.0,34.0,31.0,33.0,13.0,9.0,ALUMINIUM,25.0,53.0,45.0,330.0,350.0,16.0,18.0,False,False,135.0,1.2,1.2,1.2,1.2,1.2,1.2,1.2,680.0,58.0,680.0,58.0,0.0,2,False,1.0,1.0,68.0,45.0,0.0,34.9,False,False,False,False,True,10.0,2,False,0.0,255.0,128,DISC,SPOKED,0.0,0.0,0.0,0.0,300.0,760.0,34.0,350.0,1.0
415.0,60.0,555.0,73.0,145.0,47.0,525.0,73.5,630.0,41.0,40.0,32.0,36.0,32.0,34.0,13.0,9.0,ALUMINIUM,23.0,51.0,44.0,330.0,350.0,16.0,18.0,False,False,135.0,1.2,1.2,1.2,1.2,1.2,1.2,1.2,680.0,58.0,680.0,58.0,0.0,2,False,1.0,1.0,68.0,45.0,0.0,34.9,False,False,False,False,True,9.0,2,False,0.0,205.0,102,DISC,SPOKED,0.0,0.0,0.0,0.0,300.0,760.0,36.0,350.0,1.0
422.0,52.0,565.0,72.5,132.0,46.0,535.0,74.5,650.0,42.5,40.0,33.0,37.0,31.0,31.0,13.0,9.0,ALUMINIUM,21.0,47.0,49.0,330.0,350.0,16.0,18.0,False,False,135.0,1.2,1.2,1.2,1.2,1.2,1.2,1.2,680.0,58.0,680.0,58.0,0.0,2,False,1.0,1.0,68.0,45.0,0.0,34.9,False,False,False,False,True,8.0,2,False,50.0,205.0,50,DISC,SPOKED,0.0,0.0,0.0,0.0,300.0,760.0,37.0,350.0,1.0
438.0,70.0,595.0,73.0,138.0,53.0,558.0,73.0,660.0,44.0,40.0,34.0,38.0,33.0,30.0,13.0,9.0,ALUMINIUM,27.0,52.0,42.0,330.0,350.0,16.0,18.0,False,False,135.0,1.2,1.2,1.2,1.2,1.2,1.2,1.2,680.0,58.0,680.0,58.0,0.0,2,False,1.0,1.0,68.0,45.0,0.0,34.9,False,False,False,False,True,9.0,2,False,34.0,139.0,34,DISC,SPOKED,0.0,0.0,0.0,0.0,300.0,760.0,38.0,350.0,1.0
432.0,68.0,605.0,74.0,142.0,54.0,565.0,74.0,667.0,43.0,40.0,31.0,36.0,32.0,32.0,13.0,9.0,ALUMINIUM,22.0,49.0,46.0,330.0,350.0,16.0,18.0,False,False,135.0,1.2,1.2,1.2,1.2,1.2,1.2,1.2,680.0,58.0,680.0,58.0,0.0,2,False,1.0,1.0,68.0,45.0,0.0,34.9,False,False,False,False,True,10.0,2,False,0.0,100.0,0,DISC,SPOKED,0.0,0.0,0.0,0.0,300.0,760.0,36.0,350.0,1.0
415.0,70.0,620.0,73.0,160.0,45.0,580.0,73.5,660.0,50.0,40.0,30.0,36.5,23.35,13.0,15.0,9.0,ALUMINIUM,35.0,50.0,47.0,330.0,350.0,16.0,18.0,False,False,130.0,2.0,0.9,1.1,0.9,1.2,1.0,0.9,680.0,121.0,680.0,121.0,0.0,1,False,1.0,1.0,68.0,45.0,0.0,31.8,True,False,True,True,True,9.0,1,True,152.0,255.0,152,SPOKED,SPOKED,1.0,1.0,80.0,80.0,280.0,720.0,34.9,720.0,1.0
420.0,75.0,630.0,73.5,170.0,50.0,600.0,73.0,650.0,45.0,40.0,32.0,36.5,23.0,13.0,14.0,9.0,STEEL,40.0,55.0,49.0,330.0,350.0,16.0,18.0,False,False,135.0,2.0,0.9,1.1,0.9,1.2,1.0,0.9,674.0,52.0,674.0,52.0,0.0,1,False,1.0,1.0,68.0,45.0,0.0,31.8,False,True,True,True,True,10.0,1,True,140.0,238.0,144,SPOKED,SPOKED,1.0,1.0,78.0,78.0,285.0,740.0,35.0,740.0,1.0
430.0,65.0,610.0,74.0,150.0,40.0,550.0,74.0,665.0,55.0,40.0,28.0,36.5,23.35,13.0,15.0,9.0,TITANIUM,30.0,45.0,45.0,330.0,350.0,16.0,18.0,False,False,130.0,2.0,0.9,1.1,0.9,1.2,1.0,0.9,680.0,121.0,680.0,121.0,0.0,0,False,1.0,1.0,68.0,45.0,0.0,31.8,True,True,True,True,True,8.0,2,True,152.0,205.0,205,DISC,SPOKED,0.0,1.0,80.0,80.0,290.0,700.0,34.9,700.0,1.0
440.0,70.0,640.0,73.0,180.0,50.0,580.0,73.5,650.0,45.0,40.0,32.0,36.5,23.0,13.0,14.0,9.0,CARBON,45.0,60.0,49.0,330.0,350.0,16.0,18.0,True,False,130.0,2.0,0.9,1.1,0.9,1.2,1.0,0.9,674.0,52.0,674.0,52.0,0.0,2,False,1.0,1.0,68.0,45.0,0.0,31.8,False,False,True,True,True,12.0,1,True,143.0,188.0,143,SPOKED,DISC,1.0,0.0,76.0,0.0,295.0,760.0,35.0,760.0,2.0
450.0,75.0,650.0,72.5,190.0,45.0,600.0,73.0,670.0,50.0,40.0,30.0,36.5,23.35,13.0,15.0,9.0,ALUMINIUM,50.0,65.0,49.0,330.0,350.0,16.0,18.0,False,True,135.0,2.0,0.9,1.1,0.9,1.2,1.0,0.9,680.0,121.0,680.0,121.0,0.0,1,False,1.0,3.0,68.0,45.0,0.0,31.8,True,True,True,True,True,11.0,2,True,160.0,255.0,160,TRISPOKE,SPOKED,1.0,1.0,100.0,80.0,300.0,780.0,34.9,780.0,1.0
400.0,80.0,610.0,74.5,155.0,50.0,570.0,74.0,655.0,45.0,40.0,32.0,36.5,23.0,13.0,14.0,9.0,STEEL,32.0,48.0,46.0,330.0,350.0,16.0,18.0,False,False,130.0,2.0,0.9,1.1,0.9,1.2,1.0,0.9,674.0,52.0,674.0,52.0,0.0,1,False,1.0,1.0,68.0,45.0,0.0,31.8,False,False,True,True,True,9.0,1,True,143.0,255.0,159,SPOKED,SPOKED,1.0,1.0,78.0,78.0,280.0,760.0,34.9,760.0,1.0
425.0,68.0,635.0,73.0,165.0,45.0,590.0,73.5,660.0,50.0,40.0,30.0,36.5,23.35,13.0,15.0,9.0,BAMBOO,36.0,53.0,48.0,330.0,350.0,16.0,18.0,True,True,135.0,2.0,0.9,1.1,0.9,1.2,1.0,0.9,680.0,121.0,680.0,121.0,0.0,1,False,1.0,1.0,68.0,45.0,0.0,31.8,False,True,True,True,True,10.0,1,True,144.0,238.0,144,SPOKED,TRISPOKE,1.0,0.0,80.0,100.0,290.0,730.0,34.9,730.0,1.0
405.0,72.0,625.0,74.0,158.0,50.0,575.0,74.0,655.0,45.0,40.0,29.0,36.5,23.0,13.0,14.0,9.0,OTHER,34.0,49.0,46.0,330.0,350.0,16.0,18.0,False,False,130.0,2.0,0.9,1.1,0.9,1.2,1.0,0.9,674.0,52.0,674.0,52.0,0.0,2,False,1.0,1.0,68.0,45.0,0.0,31.8,False,False,True,True,True,11.0,1,True,143.0,255.0,159,DISC,DISC,0.0,0.0,0.0,0.0,285.0,715.0,35.0,715.0,2.0
435.0,68.0,655.0,72.5,175.0,45.0,585.0,73.0,660.0,50.0,40.0,30.0,36.5,23.35,13.0,15.0,9.0,ALUMINIUM,37.0,52.0,48.0,330.0,350.0,16.0,18.0,False,False,135.0,2.0,0.9,1.1,0.9,1.2,1.0,0.9,680.0,121.0,680.0,121.0,0.0,1,False,1.0,1.0,68.0,45.0,0.0,31.8,True,False,True,True,True,12.0,1,True,150.0,250.0,150,TRISPOKE,SPOKED,1.0,1.0,90.0,80.0,295.0,750.0,35.0,750.0,1.0
410.0,70.0,645.0,73.5,168.0,50.0,595.0,73.5,658.0,45.0,40.0,31.0,36.5,23.0,13.0,15.0,9.0,STEEL,38.0,54.0,47.0,330.0,350.0,16.0,18.0,False,True,130.0,2.0,0.9,1.1,0.9,1.2,1.0,0.9,674.0,52.0,674.0,52.0,0.0,1,False,1.0,1.0,68.0,45.0,0.0,31.8,True,True,True,True,True,9.0,1,True,130.0,250.0,130,SPOKED,DISC,1.0,0.0,80.0,0.0,285.0,760.0,34.9,730.0,1.0
410,64,590,73.0,150,50,550,74.0,660.0,48.0,40.0,33.6,36.5,36.5,23.35,13.0,15,ALUMINIUM,32.0,52.0,47.0,330.0,350.0,16.0,18,False,False,130.0,2.0,0.9,1.1,0.9,1.2,1.0,0.9,680.0,52.0,680.0,52.0,0.0,1,False,1.0,1.0,68.0,45.0,0.0,31.8,True,True,True,True,True,8.0,1,True,152.0,255.0,152,SPOKED,SPOKED,1.0,1.0,80.0,80.0,300.0,760.0,34.9,300.0,1.0
415,66,600,74.0,160,50,580,73.0,655.0,50.0,40.0,33.6,36.5,36.5,23.35,13.0,15,ALUMINIUM,34.0,54.0,49.0,330.0,350.0,16.0,18,False,False,130.0,2.0,0.9,1.1,0.9,1.2,1.0,0.9,680.0,52.0,680.0,52.0,0.0,0,False,1.0,1.0,68.0,45.0,0.0,31.8,True,True,True,True,True,8.0,1,True,152.0,255.0,152,SPOKED,SPOKED,1.0,1.0,80.0,80.0,300.0,770.0,34.9,300.0,1.0
420,62,580,72.0,140,50,520,75.0,650.0,45.0,40.0,33.6,36.5,36.5,23.35,13.0,15,ALUMINIUM,30.0,50.0,45.0,330.0,350.0,16.0,18,False,False,130.0,2.0,0.9,1.1,0.9,1.2,1.0,0.9,680.0,52.0,680.0,52.0,0.0,1,False,1.0,1.0,68.0,45.0,0.0,31.8,True,True,True,True,True,8.0,1,True,152.0,255.0,152,SPOKED,SPOKED,1.0,1.0,80.0,80.0,300.0,750.0,34.9,300.0,1.0
425,68,610,73.5,170,50,590,74.5,670.0,49.0,40.0,33.6,36.5,36.5,23.35,13.0,15,ALUMINIUM,36.0,56.0,51.0,330.0,350.0,16.0,18,False,False,130.0,2.0,0.9,1.1,0.9,1.2,1.0,0.9,680.0,52.0,680.0,52.0,0.0,0,False,1.0,1.0,68.0,45.0,0.0,31.8,True,True,True,True,True,8.0,1,True,152.0,255.0,152,SPOKED,SPOKED,1.0,1.0,80.0,80.0,300.0,780.0,34.9,300.0,1.0
430,60,595,72.5,155,50,560,73.5,665.0,47.0,40.0,33.6,36.5,36.5,23.35,13.0,15,ALUMINIUM,31.0,51.0,46.0,330.0,350.0,16.0,18,False,False,130.0,2.0,0.9,1.1,0.9,1.2,1.0,0.9,680.0,52.0,680.0,52.0,0.0,1,False,1.0,1.0,68.0,45.0,0.0,31.8,True,True,True,True,True,8.0,1,True,152.0,255.0,152,SPOKED,SPOKED,1.0,1.0,80.0,80.0,300.0,765.0,34.9,300.0,1.0
405,65,605,73.2,165,50,570,74.2,652.0,46.0,40.0,33.6,36.5,36.5,23.35,13.0,15,ALUMINIUM,35.0,55.0,50.0,330.0,350.0,16.0,18,False,False,130.0,2.0,0.9,1.1,0.9,1.2,1.0,0.9,680.0,52.0,680.0,52.0,0.0,0,False,1.0,1.0,68.0,45.0,0.0,31.8,True,True,True,True,True,8.0,1,True,152.0,255.0,152,SPOKED,SPOKED,1.0,1.0,80.0,80.0,300.0,775.0,34.9,300.0,1.0
412,67,585,74.0,145,50,540,73.8,658.0,50.0,40.0,33.6,36.5,36.5,23.35,13.0,15,ALUMINIUM,33.0,53.0,48.0,330.0,350.0,16.0,18,False,False,130.0,2.0,0.9,1.1,0.9,1.2,1.0,0.9,680.0,52.0,680.0,52.0,0.0,1,False,1.0,1.0,68.0,45.0,0.0,31.8,True,True,True,True,True,8.0,1,True,152.0,255.0,152,SPOKED,SPOKED,1.0,1.0,80.0,80.0,300.0,755.0,34.9,300.0,1.0
418,63,615,72.8,168,50,580,75.0,668.0,48.0,40.0,33.6,36.5,36.5,23.35,13.0,15,ALUMINIUM,37.0,57.0,52.0,330.0,350.0,16.0,18,False,False,130.0,2.0,0.9,1.1,0.9,1.2,1.0,0.9,680.0,52.0,680.0,52.0,0.0,0,False,1.0,1.0,68.0,45.0,0.0,31.8,True,True,True,True,True,8.0,1,True,152.0,255.0,152,SPOKED,SPOKED,1.0,1.0,80.0,80.0,300.0,785.0,34.9,300.0,1.0
422,69,590,73.1,152,50,530,74.1,662.0,45.0,40.0,33.6,36.5,36.5,23.35,13.0,15,ALUMINIUM,32.5,52.5,47.5,330.0,350.0,16.0,18,False,False,130.0,2.0,0.9,1.1,0.9,1.2,1.0,0.9,680.0,52.0,680.0,52.0,0.0,1,False,1.0,1.0,68.0,45.0,0.0,31.8,True,True,True,True,True,8.0,1,True,152.0,255.0,152,SPOKED,SPOKED,1.0,1.0,80.0,80.0,300.0,760.0,34.9,300.0,1.0
427,61,605,73.9,162,50,595,73.2,654.0,49.0,40.0,33.6,36.5,36.5,23.35,13.0,15,ALUMINIUM,34.5,54.5,49.5,330.0,350.0,16.0,18,False,False,130.0,2.0,0.9,1.1,0.9,1.2,1.0,0.9,680.0,52.0,680.0,52.0,0.0,0,False,1.0,1.0,68.0,45.0,0.0,31.8,True,True,True,True,True,8.0,1,True,152.0,255.0,152,SPOKED,SPOKED,1.0,1.0,80.0,80.0,300.0,770.0,34.9,300.0,1.0
420,70,600,73.0,180,45,580,73.0,670.0,45.0,40.0,28.6,34.9,36.5,23.35,15.0,9,ALUMINIUM,40.0,50.0,50.0,330.0,350.0,16.0,18,False,False,135.0,1.5,1.2,1.2,1.2,1.0,1.0,1.2,700.0,60.0,700.0,60.0,0.0,2,False,1.0,3.0,68.0,45.0,692.0,31.8,True,False,True,True,False,8.0,1,True,152.0,255.0,152,SPOKED,SPOKED,0.0,0.0,0.0,0.0,260.0,780.0,34.9,350.0,1.0
415,65,610,72.5,175,50,590,72.5,665.0,45.0,40.0,28.6,34.9,36.5,23.35,15.0,9,STEEL,40.0,50.0,50.0,330.0,350.0,16.0,18,False,False,135.0,1.5,1.2,1.2,1.2,1.0,1.0,1.2,700.0,60.0,700.0,60.0,0.0,1,False,1.0,1.0,68.0,45.0,692.0,31.8,True,False,True,True,False,7.0,1,True,152.0,255.0,152,SPOKED,SPOKED,0.0,0.0,0.0,0.0,260.0,790.0,34.9,350.0,1.0
430,60,620,73.5,170,48,600,74.0,680.0,50.0,40.0,28.6,34.9,36.5,23.35,15.0,9,BAMBOO,40.0,50.0,50.0,330.0,350.0,16.0,18,False,False,135.0,1.5,1.2,1.2,1.2,1.0,1.0,1.2,700.0,60.0,700.0,60.0,0.0,2,False,1.0,3.0,68.0,45.0,692.0,31.8,True,False,True,True,False,9.0,1,True,152.0,255.0,152,SPOKED,SPOKED,0.0,0.0,0.0,0.0,260.0,770.0,34.9,350.0,1.0
405,70,590,74.0,185,45,580,73.0,660.0,40.0,40.0,28.6,34.9,36.5,23.35,15.0,9,CARBON,40.0,50.0,50.0,330.0,350.0,16.0,18,False,False,135.0,1.5,1.2,1.2,1.2,1.0,1.0,1.2,700.0,60.0,700.0,60.0,0.0,0,False,1.0,1.0,68.0,45.0,692.0,31.8,True,False,True,True,False,8.0,1,True,152.0,255.0,152,SPOKED,SPOKED,0.0,0.0,0.0,0.0,260.0,800.0,34.9,350.0,1.0
425,68,605,73.0,180,47,585,73.5,675.0,46.0,40.0,28.6,34.9,36.5,23.35,15.0,9,TITANIUM,40.0,50.0,50.0,330.0,350.0,16.0,18,False,False,135.0,1.5,1.2,1.2,1.2,1.0,1.0,1.2,700.0,60.0,700.0,60.0,0.0,1,False,1.0,3.0,68.0,45.0,692.0,31.8,True,False,True,True,False,10.0,2,True,152.0,255.0,152,SPOKED,SPOKED,0.0,0.0,0.0,0.0,260.0,760.0,34.9,350.0,1.0
400,72,615,72.0,178,46,595,72.5,660.0,45.0,40.0,28.6,34.9,36.5,23.35,15.0,9,STEEL,40.0,50.0,50.0,330.0,350.0,16.0,18,False,False,135.0,1.5,1.2,1.2,1.2,1.0,1.0,1.2,700.0,60.0,700.0,60.0,0.0,2,False,1.0,1.0,68.0,45.0,692.0,31.8,True,False,True,True,False,8.0,1,True,152.0,255.0,152,SPOKED,SPOKED,0.0,0.0,0.0,0.0,260.0,785.0,34.9,350.0,1.0
440,66,600,74.5,182,49,590,74.0,670.0,50.0,40.0,28.6,34.9,36.5,23.35,15.0,9,ALUMINIUM,40.0,50.0,50.0,330.0,350.0,16.0,18,False,False,135.0,1.5,1.2,1.2,1.2,1.0,1.0,1.2,700.0,60.0,700.0,60.0,0.0,1,False,1.0,3.0,68.0,45.0,692.0,31.8,True,False,True,True,False,7.0,1,True,152.0,255.0,152,SPOKED,SPOKED,0.0,0.0,0.0,0.0,260.0,795.0,34.9,350.0,1.0
410,75,620,71.5,160,47,605,71.5,660.0,42.0,40.0,28.6,34.9,36.5,23.35,15.0,9,BAMBOO,40.0,50.0,50.0,330.0,350.0,16.0,18,False,False,135.0,1.5,1.2,1.2,1.2,1.0,1.0,1.2,700.0,60.0,700.0,60.0,0.0,2,False,1.0,1.0,68.0,45.0,692.0,31.8,True,False,True,True,False,9.0,1,True,152.0,255.0,152,SPOKED,SPOKED,0.0,0.0,0.0,0.0,260.0,775.0,34.9,350.0,1.0
435,64,605,73.2,172,46,595,73.2,675.0,48.0,40.0,28.6,34.9,36.5,23.35,15.0,9,CARBON,40.0,50.0,50.0,330.0,350.0,16.0,18,False,False,135.0,1.5,1.2,1.2,1.2,1.0,1.0,1.2,700.0,60.0,700.0,60.0,0.0,0,False,1.0,3.0,68.0,45.0,692.0,31.8,True,False,True,True,False,8.0,1,True,152.0,255.0,152,SPOKED,SPOKED,0.0,0.0,0.0,0.0,260.0,805.0,34.9,350.0,1.0
450,70,595,74.0,168,44,585,74.0,665.0,43.0,40.0,28.6,34.9,36.5,23.35,15.0,9,ALUMINIUM,40.0,50.0,50.0,330.0,350.0,16.0,18,False,False,135.0,1.5,1.2,1.2,1.2,1.0,1.0,1.2,700.0,60.0,700.0,60.0,0.0,1,False,1.0,1.0,68.0,45.0,692.0,31.8,True,False,True,True,False,7.0,1,True,152.0,255.0,152,SPOKED,SPOKED,0.0,0.0,0.0,0.0,260.0,765.0,34.9,350.0,1.0
425.0,70.0,600.0,73.0,150.0,45.0,580.0,73.5,650.0,45.0,40.0,28.6,36.5,23.35,13.0,15.0,9.0,ALUMINIUM,35.0,48.0,52.0,330.0,350.0,16.0,18.0,False,False,130.0,2.0,0.9,1.1,0.9,0.9,0.9,0.9,674.0,51.0,674.0,51.0,0.0,1,False,1.0,1.0,68.0,45.0,0.0,31.8,True,True,True,True,True,10.0,2,True,152.0,255.0,152,SPOKED,SPOKED,0.0,0.0,80.0,80.0,280.0,760.0,34.9,300.0,1.0
430.0,72.0,610.0,72.5,140.0,50.0,590.0,73.0,655.0,45.0,40.0,28.6,36.5,23.35,13.0,15.0,9.0,ALUMINIUM,38.0,49.0,50.0,330.0,350.0,16.0,18.0,False,False,130.0,2.0,0.9,1.1,0.9,0.9,0.9,0.9,674.0,51.0,674.0,51.0,1.0,1,False,1.0,1.0,68.0,45.0,0.0,31.8,False,True,False,False,True,9.0,2,True,152.0,255.0,178,SPOKED,SPOKED,0.0,0.0,80.0,80.0,285.0,765.0,34.9,305.0,1.0
420.0,68.0,595.0,73.5,160.0,48.0,570.0,74.0,645.0,45.0,40.0,28.6,36.5,23.35,13.0,15.0,9.0,ALUMINIUM,40.0,47.0,53.0,330.0,350.0,16.0,18.0,False,False,130.0,2.0,0.9,1.1,0.9,0.9,0.9,0.9,674.0,51.0,674.0,51.0,0.0,2,False,1.0,1.0,68.0,50.0,0.0,31.8,True,False,True,True,True,11.0,1,False,152.0,255.0,162,SPOKED,DISC,0.0,0.0,80.0,80.0,275.0,755.0,34.9,300.0,1.0
435.0,75.0,620.0,72.0,155.0,46.0,600.0,73.5,660.0,45.0,40.0,28.6,36.5,23.35,13.0,15.0,9.0,STEEL,36.0,51.0,49.0,330.0,350.0,16.0,18.0,False,False,130.0,2.0,0.9,1.1,0.9,0.9,0.9,0.9,700.0,45.0,674.0,51.0,0.0,1,False,1.0,1.0,68.0,45.0,0.0,31.8,True,True,True,False,True,10.0,2,True,152.0,255.0,152,TRISPOKE,SPOKED,1.0,0.0,120.0,80.0,290.0,780.0,34.9,310.0,1.0
440.0,68.0,605.0,73.0,145.0,47.0,585.0,73.0,652.0,45.0,40.0,28.6,36.5,23.35,13.0,15.0,9.0,STEEL,34.0,50.0,51.0,330.0,350.0,16.0,18.0,False,False,130.0,2.0,0.9,1.1,0.9,0.9,0.9,0.9,674.0,51.0,700.0,45.0,0.0,2,False,1.0,1.0,68.0,45.0,0.0,31.8,True,True,False,True,True,9.0,1,True,180.0,255.0,195,SPOKED,TRISPOKE,0.0,1.0,80.0,120.0,285.0,750.0,34.9,300.0,1.0
420.0,70.0,590.0,73.2,150.0,45.0,580.0,73.8,650.0,45.0,40.0,28.6,36.5,23.35,13.0,15.0,9.0,BAMBOO,37.0,48.0,52.0,330.0,350.0,16.0,18.0,False,False,130.0,2.0,0.9,1.1,0.9,0.9,0.9,0.9,674.0,51.0,674.0,51.0,1.0,1,False,1.0,1.0,68.0,45.0,0.0,31.8,False,True,True,True,True,11.0,2,False,152.0,255.0,160,SPOKED,SPOKED,0.0,0.0,80.0,80.0,280.0,770.0,34.9,320.0,1.0
415.0,69.0,605.0,73.8,148.0,46.0,575.0,73.3,648.0,45.0,40.0,28.6,36.5,23.35,13.0,15.0,9.0,STEEL,35.5,47.5,51.5,330.0,350.0,16.0,18.0,False,False,130.0,2.0,0.9,1.1,0.9,0.9,0.9,0.9,674.0,51.0,674.0,51.0,0.0,2,False,1.0,2.0,68.0,45.0,0.0,31.8,True,False,False,True,True,8.0,1,True,120.0,255.0,140,SPOKED,SPOKED,0.0,0.0,80.0,80.0,295.0,755.0,34.9,310.0,1.0
425.0,70.0,595.0,74.0,142.0,49.0,590.0,74.2,655.0,45.0,40.0,28.6,36.5,23.35,13.0,15.0,9.0,TITANIUM,36.0,50.0,52.0,330.0,350.0,16.0,18.0,False,False,130.0,2.0,0.9,1.1,0.9,0.9,0.9,0.9,680.0,50.0,680.0,50.0,0.0,1,False,1.0,1.0,68.0,48.0,0.0,31.8,True,True,True,False,True,10.0,2,True,152.0,255.0,160,SPOKED,SPOKED,0.0,0.0,80.0,80.0,280.0,760.0,34.9,300.0,1.0
430.0,70.0,588.0,75.0,120.0,45.0,600.0,75.0,640.0,45.0,40.0,28.6,36.5,23.35,13.0,15.0,9.0,CARBON,30.0,50.0,50.0,330.0,350.0,16.0,18.0,False,False,130.0,2.0,0.8,1.0,0.8,0.8,0.8,0.8,674.0,51.0,674.0,51.0,0.0,2,False,1.0,2.0,68.0,42.0,30.0,31.8,True,False,False,False,True,11.0,2,False,152.0,255.0,170,SPOKED,SPOKED,0.0,0.0,80.0,80.0,290.0,740.0,34.9,290.0,0.0
425.0,68.0,600.0,74.5,150.0,47.0,585.0,74.0,655.0,45.0,40.0,28.6,36.5,23.35,13.0,15.0,9.0,OTHER,36.0,50.0,52.0,330.0,350.0,16.0,18.0,False,False,130.0,2.0,0.9,1.0,0.9,0.9,0.9,0.9,680.0,50.0,680.0,50.0,1.0,2,False,1.0,2.0,68.0,45.0,0.0,31.8,True,True,True,True,True,12.0,1,True,152.0,255.0,160,SPOKED,SPOKED,0.0,0.0,80.0,80.0,275.0,765.0,34.9,315.0,2.0
420.0,70.0,600.0,73.0,160.0,45.0,560.0,73.0,660.0,45.0,45.0,40.0,28.6,36.5,23.35,13.0,15.0,ALUMINIUM,30.0,50.0,20.0,330.0,350.0,16.0,18.0,False,False,130.0,2.0,1.0,1.0,1.1,1.0,0.9,1.0,680.0,52.0,680.0,52.0,0.0,0,False,1.0,1.0,68.0,45.0,0.0,31.8,False,True,False,False,True,8.0,2,False,152.0,255.0,202.0,SPOKED,SPOKED,0.0,0.0,80.0,80.0,280.0,760.0,35.0,300.0,1.0
430.0,70.0,610.0,73.0,170.0,45.0,570.0,74.0,670.0,45.0,45.0,40.0,28.6,36.5,23.35,13.0,15.0,ALUMINIUM,32.0,52.0,22.0,332.0,352.0,16.0,18.0,False,False,130.0,2.0,1.1,1.0,1.0,1.1,0.9,1.0,675.0,52.0,675.0,52.0,0.0,1,False,1.0,1.0,68.0,45.0,0.0,31.8,True,False,False,False,True,9.0,2,False,160.0,255.0,210.0,SPOKED,SPOKED,0.0,0.0,80.0,80.0,282.0,765.0,35.0,310.0,1.0
440.0,70.0,605.0,73.0,150.0,45.0,550.0,72.0,655.0,45.0,45.0,40.0,28.6,36.5,23.35,13.0,15.0,STEEL,28.0,48.0,18.0,330.0,350.0,16.0,18.0,False,False,130.0,2.0,0.9,1.0,1.1,1.0,0.9,1.0,690.0,52.0,690.0,52.0,0.0,2,False,1.0,1.0,68.0,45.0,0.0,31.8,False,True,False,False,True,7.0,1,False,170.0,250.0,205.0,SPOKED,SPOKED,0.0,0.0,80.0,80.0,285.0,750.0,35.0,320.0,1.0
450.0,70.0,615.0,73.0,180.0,45.0,580.0,75.0,675.0,45.0,45.0,40.0,28.6,36.5,23.35,13.0,15.0,CARBON,35.0,55.0,25.0,335.0,355.0,16.0,18.0,False,False,130.0,2.0,1.0,1.2,1.1,1.0,0.9,1.0,665.0,52.0,665.0,52.0,0.0,0,False,1.0,1.0,68.0,45.0,0.0,31.8,True,True,False,False,True,10.0,2,False,140.0,255.0,200.0,SPOKED,SPOKED,0.0,0.0,80.0,80.0,280.0,770.0,35.0,330.0,1.0
460.0,70.0,620.0,73.0,190.0,45.0,590.0,73.5,680.0,45.0,45.0,40.0,28.6,36.5,23.35,13.0,15.0,STEEL,30.0,50.0,20.0,340.0,360.0,16.0,18.0,False,False,130.0,2.0,1.1,1.0,1.1,1.0,0.9,1.0,700.0,52.0,700.0,52.0,0.0,1,False,1.0,1.0,68.0,45.0,0.0,31.8,False,False,False,False,True,11.0,3,False,155.0,255.0,215.0,SPOKED,SPOKED,0.0,0.0,80.0,80.0,278.0,762.0,35.0,340.0,1.0
470.0,70.0,595.0,73.0,140.0,45.0,540.0,73.2,650.0,45.0,45.0,40.0,28.6,36.5,23.35,13.0,15.0,BAMBOO,25.0,45.0,15.0,329.0,349.0,16.0,18.0,False,False,130.0,2.0,1.0,1.0,1.1,1.0,0.9,1.0,660.0,52.0,660.0,52.0,0.0,2,False,1.0,1.0,68.0,45.0,0.0,31.8,False,True,False,False,True,6.0,1,False,150.0,255.0,220.0,SPOKED,SPOKED,0.0,0.0,80.0,80.0,285.0,755.0,35.0,350.0,1.0
480.0,70.0,630.0,73.0,155.0,45.0,600.0,74.0,645.0,45.0,45.0,40.0,28.6,36.5,23.35,13.0,15.0,CARBON,33.0,55.0,18.0,333.0,353.0,16.0,18.0,False,False,130.0,2.0,1.0,1.2,1.1,1.0,0.9,1.0,655.0,52.0,655.0,52.0,0.0,0,False,1.0,1.0,68.0,45.0,0.0,31.8,True,False,False,False,True,8.0,2,False,148.0,255.0,208.0,SPOKED,SPOKED,0.0,0.0,80.0,80.0,278.0,768.0,35.0,360.0,1.0
490.0,70.0,625.0,73.0,165.0,45.0,610.0,73.0,690.0,45.0,45.0,40.0,28.6,36.5,23.35,13.0,15.0,STEEL,31.0,53.0,21.0,338.0,358.0,16.0,18.0,False,False,130.0,2.0,1.1,1.0,1.1,1.0,0.9,1.0,695.0,52.0,695.0,52.0,0.0,1,False,1.0,1.0,68.0,45.0,0.0,31.8,False,True,False,False,True,12.0,2,False,162.0,255.0,205.0,SPOKED,SPOKED,0.0,0.0,80.0,80.0,280.0,765.0,35.0,370.0,1.0
500.0,70.0,585.0,73.0,175.0,45.0,580.0,72.5,635.0,45.0,45.0,40.0,28.6,36.5,23.35,13.0,15.0,ALUMINIUM,29.0,47.0,19.0,337.0,357.0,16.0,18.0,False,False,130.0,2.0,1.0,1.0,1.1,1.0,0.9,1.0,650.0,52.0,650.0,52.0,0.0,2,False,1.0,1.0,68.0,45.0,0.0,31.8,True,False,False,False,True,9.0,1,False,168.0,255.0,215.0,SPOKED,SPOKED,0.0,0.0,80.0,80.0,282.0,755.0,35.0,380.0,1.0
510.0,70.0,590.0,73.0,185.0,45.0,570.0,74.5,700.0,45.0,45.0,40.0,28.6,36.5,23.35,13.0,15.0,TITANIUM,34.0,54.0,24.0,339.0,359.0,16.0,18.0,False,False,130.0,2.0,1.0,1.2,1.1,1.0,0.9,1.0,705.0,52.0,705.0,52.0,0.0,1,False,1.0,1.0,68.0,45.0,0.0,31.8,False,False,False,False,True,10.0,2,False,160.0,245.0,200.0,SPOKED,SPOKED,0.0,0.0,80.0,80.0,285.0,770.0,35.0,390.0,1.0
410.0,70.0,600.0,72.0,150.0,50.0,560.0,73.0,590.0,50.0,40.0,34.0,36.0,30.0,30.0,13.0,10.0,ALUMINIUM,30.0,40.0,35.0,200.0,0.0,16.0,0.0,True,False,130.0,1.0,1.0,1.0,1.0,1.0,1.0,1.0,680.0,52.0,680.0,52.0,0.0,1,False,1.0,1.0,68.0,45.0,0.0,45.0,False,True,True,True,True,8.0,2,True,152.0,255.0,152,SPOKED,SPOKED,0.0,0.0,0.0,0.0,270.0,620.0,36.0,400.0,1.0
405.0,75.0,610.0,71.5,160.0,55.0,570.0,72.5,600.0,48.0,45.0,35.0,37.0,31.0,31.0,14.0,9.0,ALUMINIUM,32.0,38.0,33.0,210.0,0.0,17.0,0.0,True,False,130.0,1.0,1.0,1.0,1.0,1.0,1.0,1.0,680.0,52.0,680.0,52.0,0.0,1,False,1.0,1.0,68.0,45.0,0.0,45.0,False,True,True,True,True,8.0,2,True,152.0,255.0,152,SPOKED,SPOKED,0.0,0.0,0.0,0.0,270.0,620.0,36.0,400.0,1.0
415.0,65.0,590.0,73.0,140.0,45.0,550.0,74.0,580.0,52.0,42.0,36.0,38.0,32.0,32.0,12.0,8.0,ALUMINIUM,28.0,42.0,37.0,190.0,0.0,15.0,0.0,True,False,130.0,1.0,1.0,1.0,1.0,1.0,1.0,1.0,680.0,52.0,680.0,52.0,0.0,1,False,1.0,1.0,68.0,45.0,0.0,45.0,False,True,True,True,True,8.0,2,True,152.0,255.0,152,SPOKED,SPOKED,0.0,0.0,0.0,0.0,270.0,620.0,36.0,400.0,1.0
420.0,60.0,580.0,72.5,170.0,60.0,580.0,73.5,610.0,55.0,50.0,33.0,34.0,29.0,29.0,13.5,11.0,ALUMINIUM,35.0,35.0,30.0,205.0,0.0,16.0,0.0,True,False,130.0,1.0,1.0,1.0,1.0,1.0,1.0,1.0,680.0,52.0,680.0,52.0,0.0,1,False,1.0,1.0,68.0,45.0,0.0,45.0,False,True,True,True,True,8.0,2,True,152.0,255.0,152,SPOKED,SPOKED,0.0,0.0,0.0,0.0,270.0,620.0,36.0,400.0,1.0
400.0,80.0,620.0,71.0,130.0,50.0,560.0,72.0,570.0,46.0,40.0,34.0,36.0,30.0,30.0,13.0,10.0,ALUMINIUM,29.0,39.0,32.0,200.0,0.0,14.0,0.0,True,False,130.0,1.0,1.0,1.0,1.0,1.0,1.0,1.0,680.0,52.0,680.0,52.0,0.0,1,False,1.0,1.0,68.0,45.0,0.0,45.0,False,True,True,True,True,8.0,2,True,152.0,255.0,152,SPOKED,SPOKED,0.0,0.0,0.0,0.0,270.0,620.0,36.0,400.0,1.0
412.0,72.0,605.0,72.2,155.0,53.0,565.0,73.2,595.0,51.0,42.0,35.0,37.0,31.0,30.0,14.5,9.5,ALUMINIUM,31.0,41.0,34.0,198.0,0.0,17.0,0.0,True,False,130.0,1.0,1.0,1.0,1.0,1.0,1.0,1.0,680.0,52.0,680.0,52.0,0.0,1,False,1.0,1.0,68.0,45.0,0.0,45.0,False,True,True,True,True,8.0,2,True,152.0,255.0,152,SPOKED,SPOKED,0.0,0.0,0.0,0.0,270.0,620.0,36.0,400.0,1.0
418.0,68.0,615.0,71.8,145.0,48.0,555.0,72.8,585.0,49.0,44.0,36.0,36.0,32.0,31.0,13.0,10.5,ALUMINIUM,33.0,37.0,36.0,215.0,0.0,18.0,0.0,True,False,130.0,1.0,1.0,1.0,1.0,1.0,1.0,1.0,680.0,52.0,680.0,52.0,0.0,1,False,1.0,1.0,68.0,45.0,0.0,45.0,False,True,True,True,True,8.0,2,True,152.0,255.0,152,SPOKED,SPOKED,0.0,0.0,0.0,0.0,270.0,620.0,36.0,400.0,1.0
407.0,77.0,595.0,72.7,150.0,52.0,570.0,73.7,600.0,47.0,40.0,34.0,35.0,30.0,29.0,12.5,8.5,ALUMINIUM,30.0,44.0,31.0,202.0,0.0,16.0,0.0,True,False,130.0,1.0,1.0,1.0,1.0,1.0,1.0,1.0,680.0,52.0,680.0,52.0,0.0,1,False,1.0,1.0,68.0,45.0,0.0,45.0,False,True,True,True,True,8.0,2,True,152.0,255.0,152,SPOKED,SPOKED,0.0,0.0,0.0,0.0,270.0,620.0,36.0,400.0,1.0
403.0,69.0,600.0,73.3,165.0,59.0,580.0,72.3,610.0,54.0,45.0,35.0,38.0,31.0,32.0,14.0,11.5,ALUMINIUM,34.0,36.0,38.0,220.0,0.0,17.0,0.0,True,False,130.0,1.0,1.0,1.0,1.0,1.0,1.0,1.0,680.0,52.0,680.0,52.0,0.0,1,False,1.0,1.0,68.0,45.0,0.0,45.0,False,True,True,True,True,8.0,2,True,152.0,255.0,152,SPOKED,SPOKED,0.0,0.0,0.0,0.0,270.0,620.0,36.0,400.0,1.0
409.0,74.0,610.0,72.4,135.0,47.0,545.0,73.4,575.0,53.0,42.0,36.0,37.0,32.0,30.0,13.8,9.2,ALUMINIUM,27.0,45.0,33.0,195.0,0.0,15.0,0.0,True,False,130.0,1.0,1.0,1.0,1.0,1.0,1.0,1.0,680.0,52.0,680.0,52.0,0.0,1,False,1.0,1.0,68.0,45.0,0.0,45.0,False,True,True,True,True,8.0,2,True,152.0,255.0,152,SPOKED,SPOKED,0.0,0.0,0.0,0.0,270.0,620.0,36.0,400.0,1.0
420.0,70.0,630.0,73.0,160.0,45.0,580.0,73.0,650.0,50.0,40.0,32.0,33.0,30.0,30.0,15.0,9.0,ALUMINIUM,25.0,40.0,45.0,330.0,350.0,16.0,18.0,False,False,130.0,2.0,1.0,1.1,1.0,1.2,1.0,1.1,680.0,50.0,680.0,50.0,0.0,1,False,1.0,1.0,68.0,45.0,30.0,35.0,False,True,True,True,False,9.0,1,True,152.0,251.0,152,SPOKED,SPOKED,1.0,1.0,80.0,80.0,280.0,720.0,34.0,300.0,1.0
410.0,68.0,620.0,72.5,155.0,42.0,560.0,72.0,645.0,52.0,40.0,33.0,34.0,31.0,31.0,14.5,9.5,STEEL,24.0,38.0,42.0,330.0,350.0,16.0,18.0,True,False,130.0,2.0,1.1,1.0,1.0,1.2,1.0,1.1,680.0,60.0,680.0,60.0,0.0,0,False,1.0,1.0,70.0,50.0,32.0,36.0,True,True,True,False,True,8.0,2,True,60.0,179.0,113,SPOKED,DISC,1.0,0.0,80.0,0.0,290.0,710.0,32.0,310.0,1.0
430.0,65.0,640.0,74.0,165.0,48.0,600.0,74.0,655.0,48.0,40.0,30.0,32.0,30.0,30.0,16.0,9.0,CARBON,28.0,45.0,48.0,340.0,360.0,16.0,18.0,False,True,135.0,1.5,0.9,0.9,0.9,1.0,0.9,1.0,680.0,55.0,680.0,55.0,0.0,2,False,1.0,3.0,68.0,45.0,35.0,34.0,False,True,False,True,False,11.0,1,False,100.0,149.0,237,TRISPOKE,SPOKED,2.0,1.0,80.0,80.0,300.0,740.0,36.0,330.0,0.0
440.0,75.0,625.0,71.0,150.0,50.0,570.0,71.0,640.0,60.0,40.0,34.0,34.0,32.0,32.0,15.0,9.0,BAMBOO,26.0,42.0,42.0,335.0,355.0,16.0,18.0,False,False,135.0,2.5,1.2,1.2,1.2,1.2,1.2,1.2,680.0,65.0,680.0,65.0,1.0,1,False,1.0,1.0,70.0,48.0,30.0,36.0,True,False,True,True,False,7.0,1,True,34.0,139.0,34,SPOKED,SPOKED,1.0,1.0,80.0,80.0,285.0,730.0,34.0,320.0,2.0
415.0,68.0,635.0,73.5,158.0,46.0,585.0,73.5,648.0,54.0,40.0,32.5,33.5,30.5,31.0,14.8,8.8,TITANIUM,26.5,41.0,46.0,332.0,352.0,16.0,18.0,True,True,130.0,1.8,1.0,1.0,1.0,1.1,1.0,1.0,685.0,50.0,685.0,50.0,0.0,1,False,1.0,3.0,68.0,46.0,33.0,35.5,True,True,False,False,True,10.0,2,True,169.0,169.0,169,DISC,SPOKED,0.0,1.0,0.0,80.0,295.0,725.0,35.0,315.0,1.0
425.0,72.0,620.0,72.0,148.0,44.0,570.0,72.0,642.0,53.0,40.0,33.0,33.0,31.0,31.0,15.2,8.9,ALUMINIUM,23.0,39.0,44.0,331.0,351.0,16.0,18.0,False,True,135.0,2.0,1.0,1.0,1.0,1.2,1.0,1.1,678.0,52.0,678.0,52.0,0.0,0,False,1.0,1.0,68.0,45.0,31.0,34.5,False,True,True,False,True,9.0,1,False,60.0,130.0,100,SPOKED,SPOKED,1.0,1.0,80.0,80.0,282.0,715.0,34.0,305.0,1.0
435.0,69.0,628.0,73.0,162.0,47.0,590.0,73.0,652.0,51.0,40.0,32.0,33.0,31.5,31.0,15.5,9.0,OTHER,27.0,42.5,47.5,333.0,353.0,16.0,18.0,False,False,130.0,2.0,1.0,1.0,1.0,1.1,1.0,1.0,680.0,54.0,680.0,54.0,0.0,2,False,1.0,1.0,68.0,45.0,32.0,35.0,False,True,True,True,False,8.0,1,True,0.0,255.0,0,SPOKED,SPOKED,1.0,1.0,80.0,80.0,288.0,728.0,33.5,318.0,1.0
418.0,71.0,635.0,72.8,159.0,46.5,575.0,73.2,650.5,49.5,40.0,32.8,33.2,30.8,30.5,15.0,9.2,CARBON,26.0,41.8,46.8,332.5,352.5,16.0,18.0,True,False,130.0,1.2,0.9,0.9,0.9,1.0,0.9,1.0,680.0,55.0,680.0,55.0,0.0,1,False,1.0,3.0,68.0,45.0,33.0,35.0,True,False,False,True,True,10.0,1,False,100.0,200.0,150,DISC,SPOKED,0.0,1.0,0.0,80.0,290.0,735.0,35.0,325.0,0.0
405.0,66.0,645.0,74.0,170.0,44.5,600.0,74.0,658.0,52.0,40.0,33.0,34.0,31.0,30.0,15.0,9.1,STEEL,29.0,44.0,49.0,335.0,355.0,16.0,18.0,True,True,130.0,2.0,1.0,1.0,1.0,1.2,1.0,1.0,680.0,60.0,680.0,60.0,1.0,0,False,1.0,1.0,70.0,48.0,30.0,36.0,True,True,True,True,False,9.0,2,True,0.0,128.0,128,SPOKED,SPOKED,1.0,1.0,80.0,80.0,295.0,745.0,34.0,330.0,2.0
422.0,69.5,638.0,73.3,161.0,46.2,580.0,73.3,654.0,50.5,40.0,32.5,33.8,31.2,30.9,15.3,8.7,ALUMINIUM,25.5,41.2,47.5,333.5,353.5,16.0,18.0,True,True,135.0,2.0,1.1,1.0,1.1,1.2,1.1,1.1,682.0,53.0,682.0,53.0,0.0,1,False,1.0,1.0,68.0,46.0,32.0,35.0,True,False,True,False,True,8.0,1,True,46.0,139.0,87,SPOKED,SPOKED,1.0,1.0,80.0,80.0,289.0,732.0,34.2,312.0,1.0
420.0,65.0,600.0,73.0,180.0,45.0,520.0,73.5,640.0,45.0,50.0,40.0,33.6,36.5,30.0,13.0,15.0,ALUMINIUM,33.0,50.0,45.0,35.0,120.0,10.0,12.0,True,True,135.0,2.0,0.9,1.1,0.9,1.2,1.0,0.9,700.0,50.0,700.0,50.0,0.0,1,False,1.0,1.0,68.0,45.0,700.0,31.8,True,True,True,True,True,8.0,1,True,152.0,255.0,152,SPOKED,SPOKED,0.0,0.0,0.0,0.0,280.0,750.0,33.6,300.0,1.0
425.0,63.0,610.0,74.0,170.0,50.0,515.0,74.0,635.0,43.0,50.0,40.0,33.6,36.5,30.0,13.0,15.0,ALUMINIUM,30.0,48.0,47.0,35.0,120.0,10.0,12.0,True,True,135.0,2.0,0.9,1.1,0.9,1.2,1.0,0.9,700.0,50.0,700.0,50.0,0.0,1,False,1.0,1.0,68.0,45.0,700.0,31.8,True,True,True,True,True,8.0,1,True,152.0,255.0,152,SPOKED,SPOKED,0.0,0.0,0.0,0.0,282.0,752.0,33.6,305.0,1.0
415.0,67.0,590.0,72.5,185.0,48.0,525.0,73.0,645.0,44.0,50.0,40.0,33.6,36.5,30.0,13.0,15.0,ALUMINIUM,34.0,52.0,42.0,35.0,120.0,10.0,12.0,True,True,135.0,2.0,0.9,1.1,0.9,1.2,1.0,0.9,700.0,50.0,700.0,50.0,0.0,1,False,1.0,1.0,68.0,45.0,700.0,31.8,True,True,True,True,True,8.0,1,True,152.0,255.0,152,SPOKED,SPOKED,0.0,0.0,0.0,0.0,279.0,748.0,33.6,298.0,1.0
430.0,66.0,605.0,73.5,175.0,46.0,530.0,74.0,638.0,46.0,50.0,40.0,33.6,36.5,30.0,13.0,15.0,ALUMINIUM,32.0,49.0,44.0,35.0,120.0,10.0,12.0,True,True,135.0,2.0,0.9,1.1,0.9,1.2,1.0,0.9,700.0,50.0,700.0,50.0,0.0,1,False,1.0,1.0,68.0,45.0,700.0,31.8,True,True,True,True,True,8.0,1,True,152.0,255.0,152,SPOKED,SPOKED,0.0,0.0,0.0,0.0,281.0,751.0,33.6,302.0,1.0
410.0,64.0,595.0,73.0,178.0,47.0,518.0,73.5,642.0,45.0,50.0,40.0,33.6,36.5,30.0,13.0,15.0,ALUMINIUM,33.0,51.0,46.0,35.0,120.0,10.0,12.0,True,True,135.0,2.0,0.9,1.1,0.9,1.2,1.0,0.9,700.0,50.0,700.0,50.0,0.0,1,False,1.0,1.0,68.0,45.0,700.0,31.8,True,True,True,True,True,8.0,1,True,152.0,255.0,152,SPOKED,SPOKED,0.0,0.0,0.0,0.0,278.0,749.0,33.6,300.0,1.0
428.0,65.0,600.0,74.0,182.0,45.0,522.0,74.0,640.0,44.0,50.0,40.0,33.6,36.5,30.0,13.0,15.0,ALUMINIUM,31.0,50.0,45.0,35.0,120.0,10.0,12.0,True,True,135.0,2.0,0.9,1.1,0.9,1.2,1.0,0.9,700.0,50.0,700.0,50.0,0.0,1,False,1.0,1.0,68.0,45.0,700.0,31.8,True,True,True,True,True,8.0,1,True,152.0,255.0,152,SPOKED,SPOKED,0.0,0.0,0.0,0.0,280.0,750.0,33.6,305.0,1.0
422.0,63.0,598.0,72.0,169.0,49.0,517.0,73.0,637.0,43.0,50.0,40.0,33.6,36.5,30.0,13.0,15.0,ALUMINIUM,35.0,47.0,43.0,35.0,120.0,10.0,12.0,True,True,135.0,2.0,0.9,1.1,0.9,1.2,1.0,0.9,700.0,50.0,700.0,50.0,0.0,1,False,1.0,1.0,68.0,45.0,700.0,31.8,True,True,True,True,True,8.0,1,True,152.0,255.0,152,SPOKED,SPOKED,0.0,0.0,0.0,0.0,279.0,747.0,33.6,298.0,1.0
418.0,66.0,602.0,73.0,180.0,45.0,519.0,74.0,639.0,46.0,50.0,40.0,33.6,36.5,30.0,13.0,15.0,ALUMINIUM,34.0,51.0,44.0,35.0,120.0,10.0,12.0,True,True,135.0,2.0,0.9,1.1,0.9,1.2,1.0,0.9,700.0,50.0,700.0,50.0,0.0,1,False,1.0,1.0,68.0,45.0,700.0,31.8,True,True,True,True,True,8.0,1,True,152.0,255.0,152,SPOKED,SPOKED,0.0,0.0,0.0,0.0,281.0,749.0,33.6,302.0,1.0
435.0,65.0,610.0,74.0,190.0,50.0,528.0,73.5,645.0,45.0,50.0,40.0,33.6,36.5,30.0,13.0,15.0,ALUMINIUM,32.0,52.0,45.0,35.0,120.0,10.0,12.0,True,True,135.0,2.0,0.9,1.1,0.9,1.2,1.0,0.9,700.0,50.0,700.0,50.0,0.0,1,False,1.0,1.0,68.0,45.0,700.0,31.8,True,True,True,True,True,8.0,1,True,152.0,255.0,152,SPOKED,SPOKED,0.0,0.0,0.0,0.0,282.0,752.0,33.6,305.0,1.0
425.0,64.0,600.0,73.0,175.0,46.0,520.0,74.0,640.0,45.0,50.0,40.0,33.6,36.5,30.0,13.0,15.0,ALUMINIUM,33.0,50.0,45.0,35.0,120.0,10.0,12.0,True,True,135.0,2.0,0.9,1.1,0.9,1.2,1.0,0.9,700.0,50.0,700.0,50.0,0.0,1,False,1.0,1.0,68.0,45.0,700.0,31.8,True,True,True,True,True,8.0,1,True,152.0,255.0,152,SPOKED,SPOKED,0.0,0.0,0.0,0.0,280.0,750.0,33.6,300.0,1.0
420,70,640,73.0,180,40,580,73.5,650.0,45.0,45.0,33.0,30.0,36.5,30.0,13.0,15,ALUMINIUM,40.0,45.0,20.0,330.0,350.0,16.0,18,False,False,135.0,2.0,0.9,1.1,0.9,1.2,1.0,0.9,674.0,52.0,674.0,52.0,0.0,1,False,1.0,1.0,68.0,45.0,0.0,31.8,False,True,True,True,True,9.0,1,True,152.0,255.0,152,SPOKED,SPOKED,0.0,0.0,0.0,0.0,280.0,800.0,34.9,400.0,1.0
430,65,630,72.5,170,45,570,74.0,645.0,46.0,40.0,32.0,32.0,36.5,28.0,13.0,15,STEEL,38.0,47.0,22.0,330.0,350.0,16.0,18,False,False,135.0,2.0,0.9,1.1,0.9,1.2,1.0,0.9,674.0,52.0,674.0,52.0,0.0,1,False,1.0,1.0,68.0,45.0,0.0,31.8,False,True,True,True,True,8.0,2,True,152.0,255.0,152,SPOKED,SPOKED,0.0,0.0,0.0,0.0,280.0,790.0,34.9,400.0,1.0
415,75,650,74.0,190,35,590,73.0,655.0,44.0,42.0,34.0,28.0,36.5,32.0,13.0,15,CARBON,42.0,43.0,18.0,330.0,350.0,16.0,18,False,False,135.0,2.0,0.9,1.1,0.9,1.2,1.0,0.9,674.0,52.0,674.0,52.0,0.0,1,False,1.0,1.0,68.0,45.0,0.0,31.8,False,True,True,True,True,10.0,1,True,152.0,255.0,152,SPOKED,SPOKED,0.0,0.0,0.0,0.0,280.0,810.0,34.9,400.0,1.0
440,60,620,73.5,160,50,560,72.5,640.0,47.0,44.0,31.0,34.0,36.5,26.0,13.0,15,BAMBOO,36.0,49.0,24.0,330.0,350.0,16.0,18,False,False,135.0,2.0,0.9,1.1,0.9,1.2,1.0,0.9,674.0,52.0,674.0,52.0,0.0,1,False,1.0,1.0,68.0,45.0,0.0,31.8,False,True,True,True,True,11.0,1,True,152.0,255.0,152,SPOKED,SPOKED,0.0,0.0,0.0,0.0,280.0,780.0,34.9,400.0,1.0
405,80,660,72.0,200,30,600,74.5,660.0,43.0,46.0,35.0,26.0,36.5,34.0,13.0,15,TITANIUM,44.0,41.0,16.0,330.0,350.0,16.0,18,False,False,135.0,2.0,0.9,1.1,0.9,1.2,1.0,0.9,674.0,52.0,674.0,52.0,0.0,1,False,1.0,1.0,68.0,45.0,0.0,31.8,False,True,True,True,True,12.0,2,True,152.0,255.0,152,SPOKED,SPOKED,0.0,0.0,0.0,0.0,280.0,820.0,34.9,400.0,1.0
425,68,615,73.2,165,42,585,73.8,648.0,45.0,45.0,33.0,30.0,36.5,31.0,13.0,15,ALUMINIUM,39.0,46.0,21.0,330.0,350.0,16.0,18,False,False,135.0,2.0,0.9,1.1,0.9,1.2,1.0,0.9,674.0,52.0,674.0,52.0,0.0,1,False,1.0,1.0,68.0,45.0,0.0,31.8,False,True,True,True,True,8.0,1,True,152.0,255.0,152,SPOKED,SPOKED,0.0,0.0,0.0,0.0,280.0,805.0,34.9,400.0,1.0
435,72,645,72.8,185,38,575,72.2,658.0,46.0,43.0,32.0,32.0,36.5,29.0,13.0,15,STEEL,41.0,44.0,19.0,330.0,350.0,16.0,18,False,False,135.0,2.0,0.9,1.1,0.9,1.2,1.0,0.9,674.0,52.0,674.0,52.0,0.0,1,False,1.0,1.0,68.0,45.0,0.0,31.8,False,True,True,True,True,10.0,2,True,152.0,255.0,152,SPOKED,SPOKED,0.0,0.0,0.0,0.0,280.0,795.0,34.9,400.0,1.0
410,66,655,74.2,195,47,595,74.2,652.0,44.0,41.0,34.0,28.0,36.5,33.0,13.0,15,CARBON,37.0,48.0,23.0,330.0,350.0,16.0,18,False,False,135.0,2.0,0.9,1.1,0.9,1.2,1.0,0.9,674.0,52.0,674.0,52.0,0.0,1,False,1.0,1.0,68.0,45.0,0.0,31.8,False,True,True,True,True,9.0,1,True,152.0,255.0,152,SPOKED,SPOKED,0.0,0.0,0.0,0.0,280.0,815.0,34.9,400.0,1.0
445,62,625,73.8,175,33,565,73.8,662.0,47.0,47.0,31.0,34.0,36.5,27.0,13.0,15,BAMBOO,43.0,42.0,17.0,330.0,350.0,16.0,18,False,False,135.0,2.0,0.9,1.1,0.9,1.2,1.0,0.9,674.0,52.0,674.0,52.0,0.0,1,False,1.0,1.0,68.0,45.0,0.0,31.8,False,True,True,True,True,11.0,2,True,152.0,255.0,152,SPOKED,SPOKED,0.0,0.0,0.0,0.0,280.0,785.0,34.9,400.0,1.0
400,78,670,72.2,155,53,605,72.8,644.0,43.0,44.0,35.0,26.0,36.5,35.0,13.0,15,TITANIUM,35.0,50.0,25.0,330.0,350.0,16.0,18,False,False,135.0,2.0,0.9,1.1,0.9,1.2,1.0,0.9,674.0,52.0,674.0,52.0,0.0,1,False,1.0,1.0,68.0,45.0,0.0,31.8,False,True,True,True,True,12.0,1,True,152.0,255.0,152,SPOKED,SPOKED,0.0,0.0,0.0,0.0,280.0,825.0,34.9,400.0,1.0
405.0,70.0,600.0,73.0,150.0,45.0,600.0,74.0,655.0,50.0,45.0,34.0,37.0,29.0,24.0,13.0,15.0,ALUMINIUM,30.0,50.0,45.0,0.0,0.0,0.0,0.0,False,False,130.0,1.0,1.1,1.0,1.2,1.0,1.0,1.1,700.0,38.0,700.0,38.0,0.0,2,False,1.0,1.0,68.0,45.0,0.0,31.8,False,True,True,True,True,9.0,1,True,150.0,255.0,180,SPOKED,SPOKED,0.0,0.0,0.0,0.0,280.0,780.0,37.0,750.0,1.0
410.0,68.0,605.0,72.5,160.0,48.0,620.0,73.5,660.0,52.0,45.0,33.0,36.0,28.5,23.5,13.0,15.0,STEEL,32.0,48.0,47.0,0.0,0.0,0.0,0.0,False,False,130.0,1.0,1.0,1.1,1.2,1.0,1.0,1.2,680.0,36.0,680.0,36.0,0.0,2,False,1.0,1.0,68.0,45.0,0.0,31.8,False,False,True,True,True,8.0,2,True,155.0,250.0,170,SPOKED,SPOKED,0.0,0.0,0.0,0.0,285.0,790.0,36.0,760.0,1.0
395.0,72.0,595.0,73.5,155.0,46.0,610.0,74.5,650.0,48.0,45.0,35.0,38.0,29.0,24.0,13.0,15.0,CARBON,30.0,52.0,45.0,0.0,0.0,0.0,0.0,False,False,130.0,0.9,1.0,1.1,1.0,1.1,1.0,1.1,690.0,40.0,690.0,40.0,0.0,2,False,1.0,1.0,68.0,50.0,0.0,31.8,True,True,True,True,True,9.0,1,True,148.0,255.0,160,SPOKED,SPOKED,0.0,0.0,0.0,0.0,290.0,775.0,38.0,780.0,1.0
420.0,65.0,610.0,72.0,170.0,47.0,630.0,73.0,660.0,50.0,45.0,34.0,37.0,30.0,25.0,13.0,15.0,STEEL,35.0,50.0,50.0,0.0,0.0,0.0,0.0,False,False,130.0,1.0,1.1,1.0,1.2,1.0,1.0,1.1,700.0,37.0,700.0,37.0,0.0,2,False,1.0,1.0,68.0,48.0,0.0,31.8,False,True,True,True,True,10.0,1,True,160.0,255.0,175,SPOKED,SPOKED,0.0,0.0,0.0,0.0,295.0,800.0,37.0,800.0,1.0
415.0,70.0,605.0,73.0,160.0,45.0,615.0,74.0,655.0,51.0,45.0,32.0,36.0,29.0,24.0,13.0,15.0,TITANIUM,32.0,49.0,48.0,0.0,0.0,0.0,0.0,False,False,130.0,1.1,1.0,1.2,1.0,1.0,1.1,1.0,690.0,39.0,690.0,39.0,0.0,2,False,1.0,1.0,68.0,46.0,0.0,31.8,True,False,True,True,True,9.0,2,True,150.0,248.0,160,SPOKED,SPOKED,0.0,0.0,0.0,0.0,285.0,790.0,36.0,770.0,1.0
400.0,68.0,595.0,74.0,155.0,46.0,605.0,75.0,650.0,49.0,45.0,33.0,38.0,29.0,24.0,13.0,15.0,BAMBOO,33.0,50.0,47.0,0.0,0.0,0.0,0.0,False,False,130.0,1.0,1.1,1.0,1.2,1.0,1.0,1.1,695.0,37.0,695.0,37.0,0.0,2,False,1.0,1.0,68.0,47.0,0.0,31.8,False,True,True,True,True,8.0,1,True,145.0,255.0,170,SPOKED,SPOKED,0.0,0.0,0.0,0.0,292.0,785.0,37.0,775.0,1.0
390.0,75.0,620.0,71.5,145.0,44.0,590.0,75.0,640.0,52.0,45.0,34.0,36.0,28.0,23.0,13.0,15.0,ALUMINIUM,29.0,48.0,44.0,0.0,0.0,0.0,0.0,False,False,130.0,1.0,1.1,1.0,1.2,1.0,1.0,1.1,700.0,36.0,700.0,36.0,0.0,2,False,1.0,1.0,68.0,45.0,0.0,31.8,False,True,True,True,True,9.0,1,True,152.0,253.0,178,SPOKED,SPOKED,0.0,0.0,0.0,0.0,288.0,800.0,36.0,760.0,1.0
425.0,67.0,605.0,73.5,158.0,49.0,625.0,73.5,655.0,51.0,45.0,35.0,37.0,29.0,24.0,13.0,15.0,STEEL,31.0,51.0,46.0,0.0,0.0,0.0,0.0,False,False,130.0,1.0,1.0,1.1,1.0,1.0,1.0,1.1,685.0,38.0,685.0,38.0,0.0,2,False,1.0,1.0,68.0,49.0,0.0,31.8,True,True,True,True,True,10.0,1,True,155.0,255.0,180,SPOKED,SPOKED,0.0,0.0,0.0,0.0,290.0,795.0,37.0,780.0,1.0
410.0,69.0,600.0,74.0,152.0,47.0,610.0,74.5,650.0,50.0,45.0,34.0,36.5,28.5,23.5,13.0,15.0,CARBON,30.0,49.0,45.0,0.0,0.0,0.0,0.0,False,False,130.0,1.1,1.0,1.0,1.2,1.0,1.0,1.1,695.0,39.0,695.0,39.0,0.0,2,False,1.0,1.0,68.0,48.0,0.0,31.8,False,True,True,True,True,8.0,1,True,148.0,255.0,165,SPOKED,SPOKED,0.0,0.0,0.0,0.0,289.0,790.0,36.0,770.0,1.0
430.0,66.0,615.0,72.0,165.0,48.0,635.0,73.0,660.0,53.0,45.0,35.0,38.0,30.0,25.0,13.0,15.0,ALUMINIUM,34.0,50.0,48.0,0.0,0.0,0.0,0.0,False,False,130.0,1.0,1.1,1.0,1.2,1.0,1.0,1.1,700.0,37.0,700.0,37.0,0.0,2,False,1.0,1.0,68.0,50.0,0.0,31.8,True,False,True,True,True,9.0,2,True,150.0,255.0,175,SPOKED,SPOKED,0.0,0.0,0.0,0.0,295.0,805.0,37.0,790.0,1.0
430.0,70.0,610.0,73.0,160.0,55.0,590.0,73.5,650.0,50.0,40.0,28.6,34.9,36.5,23.35,13.0,15.0,ALUMINIUM,32.0,40.0,45.0,330.0,350.0,16.0,18.0,False,False,135.0,2.0,0.9,1.1,0.9,1.2,1.0,0.9,680.0,121.0,680.0,121.0,0.0,1,False,1.0,1.0,68.0,45.0,31.8,28.6,False,False,False,False,True,7.0,1,False,152.0,255.0,182,SPOKED,SPOKED,1.0,1.0,80.0,80.0,300.0,300.0,34.9,300.0,1.0
435.0,68.0,605.0,72.5,165.0,52.0,600.0,73.0,655.0,48.0,40.0,28.6,34.9,36.5,23.35,13.0,15.0,ALUMINIUM,34.0,42.0,47.0,330.0,350.0,16.0,18.0,False,False,140.0,2.0,0.9,1.1,0.9,1.2,1.0,0.9,680.0,121.0,680.0,121.0,0.0,1,False,1.0,1.0,68.0,45.0,31.8,28.6,False,False,False,False,True,7.0,1,False,152.0,255.0,182,SPOKED,SPOKED,1.0,1.0,80.0,80.0,300.0,310.0,34.9,310.0,1.0
425.0,72.0,620.0,74.0,155.0,58.0,580.0,74.0,640.0,52.0,40.0,28.6,34.9,36.5,23.35,13.0,15.0,ALUMINIUM,31.0,39.0,44.0,330.0,350.0,16.0,18.0,False,False,135.0,2.0,0.9,1.1,0.9,1.2,1.0,0.9,680.0,121.0,680.0,121.0,0.0,1,False,1.0,1.0,68.0,45.0,31.8,28.6,False,False,False,False,True,7.0,1,False,152.0,255.0,182,SPOKED,SPOKED,1.0,1.0,80.0,80.0,300.0,295.0,34.9,320.0,1.0
440.0,65.0,615.0,73.5,170.0,50.0,610.0,72.5,660.0,45.0,40.0,28.6,34.9,36.5,23.35,13.0,15.0,ALUMINIUM,33.0,43.0,48.0,330.0,350.0,16.0,18.0,False,False,138.0,2.0,0.9,1.1,0.9,1.2,1.0,0.9,680.0,121.0,680.0,121.0,0.0,1,False,1.0,1.0,68.0,45.0,31.8,28.6,False,False,False,False,True,7.0,1,False,152.0,255.0,182,SPOKED,SPOKED,1.0,1.0,80.0,80.0,300.0,305.0,34.9,290.0,1.0
420.0,75.0,608.0,72.0,158.0,54.0,595.0,73.2,653.0,49.0,40.0,28.6,34.9,36.5,23.35,13.0,15.0,ALUMINIUM,35.0,41.0,46.0,330.0,350.0,16.0,18.0,False,False,136.0,2.0,0.9,1.1,0.9,1.2,1.0,0.9,680.0,121.0,680.0,121.0,0.0,1,False,1.0,1.0,68.0,45.0,31.8,28.6,False,False,False,False,True,7.0,1,False,152.0,255.0,182,SPOKED,SPOKED,1.0,1.0,80.0,80.0,300.0,298.0,34.9,305.0,1.0
445.0,67.0,612.0,73.0,162.0,57.0,605.0,73.8,647.0,53.0,40.0,28.6,34.9,36.5,23.35,13.0,15.0,ALUMINIUM,30.0,38.0,42.0,330.0,350.0,16.0,18.0,False,False,139.0,2.0,0.9,1.1,0.9,1.2,1.0,0.9,680.0,121.0,680.0,121.0,0.0,1,False,1.0,1.0,68.0,45.0,31.8,28.6,False,False,False,False,True,7.0,1,False,152.0,255.0,182,SPOKED,SPOKED,1.0,1.0,80.0,80.0,300.0,290.0,34.9,295.0,1.0
428.0,69.0,600.0,72.2,150.0,53.0,585.0,73.4,648.0,46.0,40.0,28.6,34.9,36.5,23.35,13.0,15.0,ALUMINIUM,32.5,40.5,45.5,330.0,350.0,16.0,18.0,False,False,137.0,2.0,0.9,1.1,0.9,1.2,1.0,0.9,680.0,121.0,680.0,121.0,0.0,1,False,1.0,1.0,68.0,45.0,31.8,28.6,False,False,False,False,True,7.0,1,False,152.0,255.0,182,SPOKED,SPOKED,1.0,1.0,80.0,80.0,300.0,302.0,34.9,310.0,1.0
438.0,71.0,618.0,73.8,168.0,56.0,618.0,72.8,662.0,51.0,40.0,28.6,34.9,36.5,23.35,13.0,15.0,ALUMINIUM,34.2,42.3,49.1,330.0,350.0,16.0,18.0,False,False,134.0,2.0,0.9,1.1,0.9,1.2,1.0,0.9,680.0,121.0,680.0,121.0,0.0,1,False,1.0,1.0,68.0,45.0,31.8,28.6,False,False,False,False,True,7.0,1,False,152.0,255.0,182,SPOKED,SPOKED,1.0,1.0,80.0,80.0,300.0,308.0,34.9,315.0,1.0
422.0,66.0,607.0,73.1,159.0,51.0,592.0,73.6,654.0,47.0,40.0,28.6,34.9,36.5,23.35,13.0,15.0,ALUMINIUM,31.8,39.7,46.7,330.0,350.0,16.0,18.0,False,False,135.0,2.0,0.9,1.1,0.9,1.2,1.0,0.9,680.0,121.0,680.0,121.0,0.0,1,False,1.0,1.0,68.0,45.0,31.8,28.6,False,False,False,False,True,7.0,1,False,152.0,255.0,182,SPOKED,SPOKED,1.0,1.0,80.0,80.0,300.0,300.0,34.9,305.0,1.0
442.0,74.0,613.0,72.7,164.0,49.0,608.0,74.0,660.0,55.0,40.0,28.6,34.9,36.5,23.35,13.0,15.0,ALUMINIUM,33.7,41.9,47.8,330.0,350.0,16.0,18.0,False,False,140.0,2.0,0.9,1.1,0.9,1.2,1.0,0.9,680.0,121.0,680.0,121.0,0.0,1,False,1.0,1.0,68.0,45.0,31.8,28.6,False,False,False,False,True,7.0,1,False,152.0,255.0,182,SPOKED,SPOKED,1.0,1.0,80.0,80.0,300.0,295.0,34.9,300.0,1.0
420.0,70.0,580.0,72.0,140.0,50.0,560.0,73.0,650.0,50.0,45.0,28.6,35.0,23.5,24.0,13.0,15.0,ALUMINIUM,30.0,45.0,15.0,330.0,350.0,16.0,18.0,False,False,130.0,2.0,1.0,1.1,0.9,1.2,1.0,0.9,680.0,80.0,680.0,80.0,0.0,1,False,1.0,1.0,68.0,45.0,0.0,32.0,True,False,True,True,True,9.0,1,True,152.0,255.0,152,SPOKED,SPOKED,1.0,1.0,80.0,80.0,280.0,750.0,34.9,720.0,1.0
430.0,65.0,600.0,73.0,120.0,55.0,580.0,74.0,660.0,52.0,45.0,30.0,36.0,24.0,25.0,13.0,15.0,CARBON,35.0,50.0,12.0,330.0,350.0,16.0,18.0,True,True,135.0,2.0,0.9,1.0,0.9,1.1,1.0,0.9,690.0,70.0,690.0,70.0,0.0,2,False,1.0,3.0,68.0,50.0,0.0,34.0,True,True,True,False,False,11.0,2,True,0.0,255.0,100,DISC,SPOKED,1.0,1.0,80.0,80.0,260.0,740.0,35.0,730.0,1.0
415.0,75.0,570.0,71.5,160.0,48.0,550.0,72.5,640.0,48.0,45.0,29.0,34.0,23.5,24.5,13.0,15.0,STEEL,32.0,47.0,18.0,330.0,350.0,16.0,18.0,False,True,130.0,2.0,1.0,1.1,0.9,1.2,1.0,0.9,680.0,90.0,680.0,90.0,1.0,1,False,1.0,1.0,70.0,42.0,0.0,33.0,False,True,True,True,True,7.0,1,False,180.0,255.0,200,SPOKED,DISC,1.0,1.0,80.0,80.0,300.0,730.0,34.9,710.0,2.0
450.0,65.0,610.0,73.5,155.0,53.0,590.0,74.0,670.0,53.0,45.0,30.5,36.5,25.0,25.5,13.0,15.0,TITANIUM,36.0,52.0,14.0,330.0,350.0,16.0,18.0,True,False,132.0,2.0,0.9,1.0,0.9,1.1,1.0,0.9,685.0,75.0,685.0,75.0,0.0,0,False,1.0,3.0,68.0,48.0,0.0,34.0,True,False,False,True,False,9.0,2,True,102.0,204.0,204,SPOKED,SPOKED,1.0,1.0,80.0,80.0,290.0,755.0,35.0,740.0,1.0
500.0,60.0,595.0,72.0,130.0,60.0,620.0,73.0,655.0,49.0,40.0,27.0,34.5,24.0,26.0,13.0,15.0,BAMBOO,28.0,54.0,16.0,330.0,350.0,16.0,18.0,True,True,135.0,2.0,1.1,0.9,1.0,1.2,1.1,0.9,695.0,85.0,695.0,85.0,0.0,2,False,1.0,0.0,66.0,40.0,80.0,34.0,True,True,True,True,True,8.0,1,True,153.0,255.0,153,DISC,DISC,1.0,1.0,80.0,80.0,275.0,740.0,34.9,710.0,0.0
425.0,68.0,620.0,74.0,145.0,52.0,570.0,74.5,665.0,54.0,45.0,29.2,35.5,23.5,25.0,13.0,15.0,CARBON,34.0,49.0,17.0,330.0,350.0,16.0,18.0,False,False,130.0,2.0,1.0,1.1,1.0,1.2,1.0,0.9,680.0,95.0,680.0,95.0,2.0,1,False,1.0,3.0,68.0,47.0,0.0,33.0,False,True,False,False,False,10.0,2,False,50.0,50.0,50,DISC,SPOKED,1.0,1.0,80.0,80.0,285.0,760.0,35.0,750.0,2.0
435.0,63.0,565.0,71.0,150.0,49.0,540.0,72.0,630.0,51.0,45.0,28.8,34.0,23.5,24.0,13.0,15.0,STEEL,31.0,46.0,20.0,330.0,350.0,16.0,18.0,True,False,130.0,2.0,1.0,1.1,0.9,1.1,1.0,0.9,690.0,65.0,690.0,65.0,1.0,0,False,1.0,1.0,68.0,43.0,0.0,32.0,False,False,True,False,True,9.0,1,True,255.0,204.0,153,SPOKED,SPOKED,1.0,1.0,80.0,80.0,295.0,725.0,34.9,700.0,1.0
440.0,70.0,590.0,72.5,170.0,57.0,610.0,73.5,675.0,50.0,45.0,29.5,35.0,24.0,26.0,13.0,15.0,ALUMINIUM,38.0,53.0,13.0,330.0,350.0,16.0,18.0,False,True,130.0,2.0,1.0,1.0,1.0,1.1,1.0,0.9,675.0,80.0,675.0,80.0,0.0,2,False,1.0,1.0,66.0,46.0,0.0,34.0,True,True,True,True,False,8.0,3,False,200.0,255.0,255,DISC,DISC,1.0,1.0,80.0,80.0,270.0,740.0,35.0,700.0,2.0
455.0,66.0,605.0,73.0,135.0,54.0,600.0,74.0,660.0,52.0,45.0,28.6,35.8,24.5,25.5,13.0,15.0,BAMBOO,33.0,51.0,16.0,330.0,350.0,16.0,18.0,True,False,132.0,2.0,0.9,1.0,0.9,1.1,1.0,0.9,685.0,78.0,685.0,78.0,1.0,1,False,1.0,0.0,68.0,42.0,80.0,34.0,False,True,False,True,True,10.0,2,True,153.0,255.0,204,SPOKED,SPOKED,1.0,1.0,80.0,80.0,300.0,730.0,34.9,715.0,0.0
425.0,72.0,615.0,71.8,148.0,51.0,580.0,73.2,645.0,49.0,45.0,29.1,35.2,23.7,24.7,13.0,15.0,STEEL,37.0,48.0,19.0,330.0,350.0,16.0,18.0,False,False,130.0,2.0,0.9,1.2,0.9,1.0,1.0,0.9,680.0,85.0,680.0,85.0,0.0,1,False,1.0,2.0,68.0,44.0,0.0,33.0,True,False,True,False,False,9.0,1,False,255.0,128.0,0,SPOKED,DISC,1.0,1.0,80.0,80.0,285.0,760.0,34.9,725.0,1.0
400,65,590,74.0,160,30,580,74.0,640.0,40.0,42.0,28.6,36.5,23.35,15.0,15.0,9,STEEL,30.0,45.0,45.0,330.0,350.0,16.0,18,False,False,135.0,2.0,0.9,1.1,0.9,1.2,1.0,0.9,680.0,52.0,680.0,52.0,0.0,2,False,1.0,1.0,68.0,45.0,0.0,31.8,True,True,True,True,True,8.0,2,True,152.0,251.0,152,SPOKED,SPOKED,0.0,0.0,80.0,80.0,280.0,760.0,34.9,300.0,1.0
410,63,600,73.5,170,32,600,73.5,650.0,38.0,41.0,30.0,36.5,25.0,15.0,15.0,9,ALUMINIUM,32.0,47.0,46.0,330.0,350.0,16.0,18,False,False,135.0,2.0,0.9,1.1,0.9,1.2,1.0,0.9,685.0,50.0,685.0,50.0,0.0,2,False,1.0,3.0,68.0,50.0,0.0,34.0,True,False,True,True,False,9.0,1,True,152.0,251.0,152,SPOKED,SPOKED,0.0,0.0,80.0,80.0,290.0,770.0,36.5,320.0,1.0
395,60,580,75.0,150,28,550,75.0,630.0,42.0,40.0,28.6,37.0,23.0,14.0,14.0,9,CARBON,28.0,42.0,44.0,330.0,350.0,16.0,18,False,False,130.0,2.0,0.9,1.1,0.9,1.2,1.0,0.9,690.0,52.0,690.0,52.0,0.0,2,False,1.0,2.0,70.0,44.0,0.0,31.8,False,False,True,False,False,11.0,1,False,152.0,251.0,152,DISC,SPOKED,1.0,0.0,80.0,80.0,300.0,780.0,34.9,300.0,0.0
420,62,595,74.8,165,35,620,74.2,645.0,37.0,42.0,28.6,38.0,24.0,16.0,15.0,9,TITANIUM,31.0,48.0,47.0,330.0,350.0,16.0,18,False,False,135.0,2.0,0.9,1.1,0.9,1.2,1.0,0.9,678.0,50.0,678.0,50.0,0.0,1,False,1.0,1.0,68.0,47.0,0.0,33.0,True,False,True,False,True,8.0,1,True,152.0,251.0,152,SPOKED,SPOKED,0.0,0.0,80.0,80.0,280.0,750.0,36.5,310.0,2.0
385,58,585,73.0,145,25,565,73.5,635.0,40.0,42.0,25.4,36.5,23.35,12.0,12.0,9,STEEL,28.0,40.0,42.0,330.0,350.0,16.0,18,False,False,130.0,2.0,0.9,1.1,0.9,1.2,1.0,0.9,680.0,52.0,680.0,52.0,0.0,1,False,1.0,1.0,68.0,45.0,0.0,31.8,False,True,True,True,True,10.0,1,True,152.0,251.0,152,SPOKED,SPOKED,0.0,0.0,80.0,80.0,275.0,745.0,34.9,300.0,1.0
415,70,610,72.5,180,38,630,72.5,658.0,45.0,44.0,33.6,36.5,30.0,23.35,13.0,9,ALUMINIUM,35.0,50.0,50.0,330.0,350.0,16.0,18,False,False,135.0,2.0,0.9,1.1,0.9,1.2,1.0,0.9,694.0,110.0,694.0,110.0,0.0,2,False,1.0,3.0,68.0,55.0,0.0,35.0,True,True,True,True,False,11.0,2,True,152.0,251.0,152,SPOKED,SPOKED,0.0,0.0,80.0,80.0,300.0,800.0,36.5,330.0,1.0
430,67,600,74.3,155,30,575,74.3,640.0,42.0,45.0,28.6,36.5,23.35,18.0,15.0,9,BAMBOO,30.0,45.0,45.0,330.0,350.0,16.0,18,False,False,135.0,2.0,0.9,1.1,0.9,1.2,1.0,0.9,680.0,52.0,680.0,52.0,0.0,1,False,1.0,1.0,68.0,45.0,0.0,34.9,True,False,True,False,True,7.0,1,False,152.0,251.0,152,SPOKED,SPOKED,0.0,0.0,80.0,80.0,290.0,770.0,34.9,310.0,1.0
395,64,570,75.5,140,27,560,75.5,630.0,40.0,40.0,28.6,36.5,23.35,14.0,14.0,9,CARBON,27.0,42.0,43.0,330.0,350.0,16.0,18,False,False,130.0,2.0,0.9,1.1,0.9,1.2,1.0,0.9,680.0,52.0,680.0,52.0,0.0,2,False,1.0,1.0,68.0,40.0,0.0,31.8,False,False,True,True,True,8.0,2,True,152.0,251.0,152,TRISPOKE,TRISPOKE,1.0,1.0,50.0,50.0,280.0,740.0,34.9,290.0,0.0
405,66,605,73.8,175,36,590,74.0,650.0,35.0,42.0,30.0,36.5,23.35,17.0,15.0,9,STEEL,34.0,46.0,48.0,330.0,350.0,16.0,18,False,False,135.0,2.0,0.9,1.1,0.9,1.2,1.0,0.9,692.0,52.0,692.0,52.0,0.0,1,False,1.0,1.0,68.0,45.0,0.0,34.9,True,False,True,True,True,9.0,2,True,152.0,251.0,152,SPOKED,DISC,0.0,0.0,80.0,80.0,295.0,780.0,34.9,310.0,1.0
390,61,580,74.6,150,29,555,75.0,635.0,39.0,42.0,28.6,36.5,24.0,13.0,15.0,9,ALUMINIUM,29.0,43.0,44.0,330.0,350.0,16.0,18,False,False,130.0,2.0,0.9,1.1,0.9,1.2,1.0,0.9,680.0,52.0,680.0,52.0,0.0,1,False,1.0,1.0,68.0,45.0,0.0,32.0,True,True,True,True,False,10.0,1,True,152.0,251.0,152,SPOKED,SPOKED,0.0,0.0,80.0,80.0,300.0,755.0,34.9,305.0,1.0
435.0,65.0,590.0,71.0,150.0,50.0,550.0,73.0,620.0,50.0,40.0,28.6,36.5,23.35,20.0,13.0,15.0,ALUMINIUM,30.0,30.0,45.0,0.0,0.0,0.0,0.0,False,False,135.0,2.0,1.0,1.0,1.0,0.9,0.9,1.1,680.0,50.0,680.0,50.0,0.0,2,False,1.0,1.0,68.0,45.0,0.0,31.8,True,True,True,True,False,7.0,1,True,100.0,255.0,150,SPOKED,SPOKED,0.0,0.0,0.0,0.0,280.0,760.0,34.9,400.0,1.0
440.0,65.0,600.0,70.0,160.0,50.0,560.0,74.0,630.0,50.0,40.0,28.6,36.5,23.35,20.0,13.0,15.0,ALUMINIUM,35.0,25.0,50.0,0.0,0.0,0.0,0.0,False,False,135.0,2.0,1.0,1.0,1.0,0.9,0.9,1.1,680.0,50.0,680.0,50.0,1.0,2,False,1.0,1.0,68.0,45.0,0.0,31.8,True,True,True,True,False,7.0,1,True,90.0,240.0,140,SPOKED,SPOKED,0.0,0.0,0.0,0.0,280.0,760.0,34.9,400.0,1.0
430.0,65.0,580.0,72.0,140.0,50.0,545.0,72.0,615.0,50.0,40.0,28.6,36.5,23.35,20.0,13.0,15.0,ALUMINIUM,25.0,35.0,40.0,0.0,0.0,0.0,0.0,False,False,135.0,2.0,1.0,1.0,1.0,0.9,0.9,1.1,680.0,50.0,680.0,50.0,0.0,1,False,1.0,1.0,68.0,45.0,0.0,31.8,True,True,True,True,False,7.0,1,True,80.0,230.0,130,SPOKED,SPOKED,0.0,0.0,0.0,0.0,280.0,760.0,34.9,400.0,1.0
450.0,65.0,605.0,69.0,155.0,50.0,570.0,73.5,640.0,50.0,40.0,28.6,36.5,23.35,20.0,13.0,15.0,ALUMINIUM,40.0,30.0,45.0,0.0,0.0,0.0,0.0,False,False,135.0,2.0,1.0,1.0,1.0,0.9,0.9,1.1,680.0,50.0,680.0,50.0,0.0,2,False,1.0,1.0,68.0,45.0,0.0,31.8,False,True,True,False,False,7.0,1,False,120.0,255.0,160,SPOKED,SPOKED,0.0,0.0,0.0,0.0,280.0,760.0,34.9,400.0,1.0
445.0,65.0,595.0,71.5,145.0,50.0,555.0,74.5,625.0,50.0,40.0,28.6,36.5,23.35,20.0,13.0,15.0,ALUMINIUM,30.0,30.0,48.0,0.0,0.0,0.0,0.0,False,False,135.0,2.0,1.0,1.0,1.0,0.9,0.9,1.1,680.0,50.0,680.0,50.0,1.0,0,False,1.0,1.0,68.0,45.0,0.0,31.8,True,True,True,False,False,7.0,1,True,110.0,245.0,140,SPOKED,SPOKED,0.0,0.0,0.0,0.0,280.0,760.0,34.9,400.0,1.0
438.0,65.0,600.0,70.5,165.0,50.0,565.0,73.0,635.0,50.0,40.0,28.6,36.5,23.35,20.0,13.0,15.0,ALUMINIUM,37.0,28.0,43.0,0.0,0.0,0.0,0.0,False,False,135.0,2.0,1.0,1.0,1.0,0.9,0.9,1.1,680.0,50.0,680.0,50.0,0.0,1,False,1.0,1.0,68.0,45.0,0.0,31.8,True,True,True,True,True,7.0,1,True,130.0,255.0,155,SPOKED,SPOKED,0.0,0.0,0.0,0.0,280.0,760.0,34.9,400.0,1.0
432.0,65.0,588.0,72.5,152.0,50.0,548.0,72.0,618.0,50.0,40.0,28.6,36.5,23.35,20.0,13.0,15.0,ALUMINIUM,32.0,33.0,44.0,0.0,0.0,0.0,0.0,False,False,135.0,2.0,1.0,1.0,1.0,0.9,0.9,1.1,680.0,50.0,680.0,50.0,0.0,2,False,1.0,1.0,68.0,45.0,0.0,31.8,True,False,True,True,False,7.0,1,False,95.0,250.0,145,SPOKED,SPOKED,0.0,0.0,0.0,0.0,280.0,760.0,34.9,400.0,1.0
442.0,65.0,602.0,70.0,158.0,50.0,558.0,74.0,630.0,50.0,40.0,28.6,36.5,23.35,20.0,13.0,15.0,ALUMINIUM,36.0,29.0,46.0,0.0,0.0,0.0,0.0,False,False,135.0,2.0,1.0,1.0,1.0,0.9,0.9,1.1,680.0,50.0,680.0,50.0,1.0,2,False,1.0,1.0,68.0,45.0,0.0,31.8,True,True,False,False,False,7.0,1,True,100.0,250.0,155,SPOKED,SPOKED,0.0,0.0,0.0,0.0,280.0,760.0,34.9,400.0,1.0
440.5,65.0,592.0,69.5,149.0,50.0,552.0,73.5,628.0,50.0,40.0,28.6,36.5,23.35,20.0,13.0,15.0,ALUMINIUM,33.0,31.0,42.0,0.0,0.0,0.0,0.0,False,False,135.0,2.0,1.0,1.0,1.0,0.9,0.9,1.1,680.0,50.0,680.0,50.0,0.0,1,False,1.0,1.0,68.0,45.0,0.0,31.8,True,True,True,True,False,7.0,1,True,105.0,255.0,150,SPOKED,SPOKED,0.0,0.0,0.0,0.0,280.0,760.0,34.9,400.0,1.0
439.0,65.0,597.0,71.0,147.0,50.0,562.0,74.0,623.0,50.0,40.0,28.6,36.5,23.35,20.0,13.0,15.0,ALUMINIUM,34.0,32.0,45.0,0.0,0.0,0.0,0.0,False,False,135.0,2.0,1.0,1.0,1.0,0.9,0.9,1.1,680.0,50.0,680.0,50.0,0.0,2,False,1.0,1.0,68.0,45.0,0.0,31.8,True,True,True,True,False,8.0,2,True,102.0,255.0,148,SPOKED,SPOKED,0.0,0.0,0.0,0.0,280.0,760.0,34.9,400.0,1.0
410.0,70.0,610.0,73.5,140.0,45.0,570.0,73.0,630.0,45.0,45.0,28.6,36.5,23.35,13.0,15.0,15.0,ALUMINIUM,35.0,40.0,50.0,330.0,350.0,16.0,18.0,False,False,135.0,2.0,0.9,1.1,0.9,1.2,1.0,0.9,670.0,50.0,670.0,50.0,0.0,2,False,1.0,1.0,68.0,50.0,0.0,31.8,False,True,True,True,False,1.0,1,True,152.0,255.0,204,SPOKED,SPOKED,0.0,0.0,80.0,80.0,280.0,850.0,34.9,300.0,1.0
430.0,70.0,630.0,72.0,120.0,50.0,600.0,72.5,650.0,45.0,45.0,28.6,36.5,23.35,13.0,15.0,15.0,STEEL,40.0,45.0,45.0,330.0,350.0,16.0,18.0,False,False,135.0,2.0,0.9,1.1,0.9,1.2,1.0,0.9,670.0,50.0,670.0,50.0,1.0,1,False,1.0,3.0,68.0,45.0,0.0,31.8,True,False,True,True,True,8.0,2,True,152.0,255.0,204,DISC,SPOKED,0.0,0.0,80.0,80.0,300.0,800.0,34.9,300.0,0.0
400.0,65.0,600.0,74.0,100.0,55.0,580.0,73.5,620.0,45.0,45.0,28.6,36.5,23.35,13.0,15.0,15.0,CARBON,30.0,50.0,40.0,330.0,350.0,16.0,18.0,False,False,142.0,2.0,0.9,1.1,0.9,1.2,1.0,0.9,610.0,51.0,610.0,51.0,2.0,0,False,1.0,2.0,68.0,45.0,0.0,31.8,False,True,True,False,True,8.0,1,False,152.0,255.0,204,TRISPOKE,TRISPOKE,1.0,1.0,90.0,90.0,300.0,900.0,34.9,300.0,2.0
420.0,75.0,580.0,71.0,150.0,35.0,560.0,74.0,660.0,45.0,45.0,28.6,36.5,23.35,13.0,15.0,15.0,TITANIUM,28.0,35.0,55.0,330.0,350.0,16.0,18.0,False,False,135.0,2.0,0.9,1.1,0.9,1.2,1.0,0.9,670.0,50.0,670.0,50.0,0.0,0,False,1.0,1.0,68.0,45.0,0.0,31.8,True,True,True,True,True,9.0,1,True,152.0,255.0,204,DISC,DISC,0.0,0.0,80.0,80.0,290.0,830.0,34.9,300.0,1.0
450.0,68.0,650.0,73.0,170.0,60.0,620.0,73.0,640.0,45.0,45.0,28.6,36.5,23.35,13.0,15.0,15.0,BAMBOO,34.0,45.0,50.0,330.0,350.0,16.0,18.0,False,False,135.0,2.0,0.9,1.1,0.9,1.2,1.0,0.9,670.0,50.0,670.0,50.0,0.0,1,False,1.0,1.0,68.0,45.0,0.0,31.8,True,False,False,False,False,1.0,1,False,152.0,255.0,204,SPOKED,TRISPOKE,0.0,1.0,75.0,90.0,310.0,860.0,34.9,300.0,1.0
400.0,72.0,620.0,72.5,110.0,45.0,550.0,74.0,670.0,45.0,45.0,28.6,36.5,23.35,13.0,15.0,15.0,STEEL,32.0,40.0,48.0,330.0,350.0,16.0,18.0,False,False,130.0,2.0,0.9,1.1,0.9,1.2,1.0,0.9,670.0,50.0,670.0,50.0,1.0,2,False,1.0,3.0,68.0,45.0,0.0,31.8,False,True,True,True,True,10.0,3,True,152.0,255.0,204,SPOKED,DISC,0.0,1.0,85.0,95.0,295.0,870.0,34.9,320.0,0.0
415.0,68.0,600.0,70.5,130.0,50.0,580.0,72.0,650.0,45.0,45.0,28.6,36.5,23.35,13.0,15.0,15.0,ALUMINIUM,33.0,42.0,52.0,330.0,350.0,16.0,18.0,False,False,142.0,2.0,0.9,1.1,0.9,1.2,1.0,0.9,670.0,50.0,670.0,50.0,0.0,1,False,1.0,3.0,68.0,45.0,0.0,31.8,False,True,True,True,True,7.0,1,False,152.0,255.0,204,SPOKED,SPOKED,0.0,0.0,80.0,80.0,285.0,840.0,34.9,300.0,2.0
395.0,70.0,610.0,74.5,95.0,42.0,565.0,74.0,630.0,45.0,45.0,28.6,36.5,23.35,13.0,15.0,15.0,CARBON,25.0,38.0,42.0,330.0,350.0,16.0,18.0,False,False,135.0,2.0,0.9,1.1,0.9,1.2,1.0,0.9,670.0,50.0,670.0,50.0,2.0,0,False,1.0,0.0,68.0,45.0,10.0,31.8,True,True,False,True,False,1.0,2,True,152.0,255.0,204,TRISPOKE,SPOKED,1.0,0.0,100.0,80.0,295.0,820.0,34.9,300.0,1.0
425.0,69.0,595.0,71.0,125.0,48.0,590.0,73.0,645.0,45.0,45.0,28.6,36.5,23.35,13.0,15.0,15.0,OTHER,31.0,43.0,50.0,330.0,350.0,16.0,18.0,False,False,135.0,2.0,0.9,1.1,0.9,1.2,1.0,0.9,670.0,50.0,670.0,50.0,0.0,1,False,1.0,1.0,68.0,45.0,0.0,31.8,True,True,True,True,True,9.0,2,True,152.0,255.0,204,DISC,SPOKED,0.0,0.0,80.0,80.0,305.0,840.0,34.9,300.0,1.0
440.0,66.0,635.0,73.0,160.0,53.0,605.0,74.0,666.0,45.0,45.0,28.6,36.5,23.35,13.0,15.0,15.0,TITANIUM,36.0,48.0,58.0,330.0,350.0,16.0,18.0,False,False,142.0,2.0,0.9,1.1,0.9,1.2,1.0,0.9,670.0,50.0,670.0,50.0,1.0,2,False,1.0,3.0,68.0,45.0,0.0,31.8,False,True,True,False,True,8.0,1,False,152.0,255.0,204,DISC,DISC,0.0,0.0,80.0,80.0,300.0,880.0,34.9,320.0,2.0
420.0,70.0,620.0,72.0,150.0,60.0,560.0,73.0,650.0,50.0,40.0,30.0,36.5,23.35,23.35,13.0,15.0,ALUMINIUM,32.0,50.0,48.0,0.0,0.0,0.0,0.0,False,False,135.0,2.0,0.9,1.1,0.9,1.2,1.0,0.9,680.0,50.0,680.0,50.0,0.0,1,False,1.0,1.0,68.0,45.0,0.0,31.8,True,True,True,True,True,0.0,0,True,152.0,255.0,203,SPOKED,SPOKED,0.0,0.0,0.0,0.0,300.0,740.0,35.0,300.0,1.0
440.0,65.0,630.0,73.0,155.0,55.0,580.0,72.5,660.0,45.0,45.0,32.0,36.5,23.35,25.0,13.0,15.0,ALUMINIUM,34.0,52.0,46.0,0.0,0.0,0.0,0.0,False,False,135.0,2.0,0.9,1.1,0.9,1.2,1.0,0.9,680.0,50.0,680.0,50.0,0.0,2,False,1.0,1.0,70.0,46.0,0.0,34.9,True,True,True,True,True,0.0,0,True,145.0,255.0,180,SPOKED,SPOKED,0.0,0.0,0.0,0.0,295.0,750.0,36.0,310.0,1.0
430.0,75.0,610.0,71.5,160.0,58.0,570.0,73.5,645.0,50.0,50.0,28.0,36.5,23.35,20.0,13.0,15.0,STEEL,33.0,48.0,49.0,0.0,0.0,0.0,0.0,False,False,130.0,2.0,0.9,1.1,0.9,1.2,1.0,0.9,680.0,60.0,680.0,60.0,1.0,1,False,1.0,1.0,68.0,45.0,0.0,31.8,True,False,True,True,False,9.0,1,True,100.0,255.0,200,SPOKED,SPOKED,0.0,0.0,300.0,730.0,35.0,280.0,1.0,,
415.0,68.0,605.0,74.0,145.0,50.0,590.0,72.0,655.0,45.0,40.0,25.0,36.5,23.35,23.35,15.0,15.0,STEEL,29.0,50.0,48.0,0.0,0.0,0.0,0.0,False,False,135.0,2.0,0.9,1.1,0.9,1.2,1.0,0.9,680.0,50.0,680.0,50.0,0.0,0,False,1.0,1.0,68.0,45.0,0.0,34.9,False,False,True,False,False,8.0,2,False,110.0,240.0,180,SPOKED,SPOKED,0.0,0.0,280.0,720.0,34.9,300.0,1.0,,
450.0,72.0,640.0,72.0,170.0,60.0,565.0,74.0,670.0,50.0,45.0,29.0,36.5,23.35,23.35,13.0,15.0,ALUMINIUM,35.0,55.0,50.0,0.0,0.0,0.0,0.0,False,False,135.0,2.0,0.9,1.1,0.9,1.2,1.0,0.9,680.0,50.0,680.0,50.0,0.0,2,False,1.0,3.0,68.0,50.0,0.0,34.9,True,True,False,True,True,0.0,0,False,100.0,255.0,200,SPOKED,SPOKED,0.0,0.0,285.0,748.0,35.5,320.0,2.0,,
425.0,67.0,615.0,73.5,158.0,55.0,575.0,73.5,660.0,45.0,40.0,32.0,36.5,23.35,24.0,13.5,16.0,TITANIUM,32.0,52.0,47.0,0.0,0.0,0.0,0.0,False,False,135.0,2.0,0.9,1.1,0.9,1.2,1.0,0.9,680.0,60.0,680.0,60.0,0.0,1,False,1.0,1.0,70.0,45.0,0.0,31.8,True,False,True,True,True,10.0,1,True,120.0,255.0,180,SPOKED,SPOKED,0.0,0.0,300.0,760.0,36.0,310.0,1.0,,
430.0,75.0,620.0,72.5,165.0,62.0,580.0,73.0,655.0,50.0,50.0,30.0,36.5,24.0,25.0,13.0,15.0,CARBON,34.0,48.0,49.0,0.0,0.0,0.0,0.0,False,False,130.0,2.0,0.9,1.1,0.9,1.2,1.0,0.9,680.0,50.0,680.0,50.0,0.0,2,False,1.0,1.0,68.0,45.0,0.0,34.9,False,True,True,True,True,0.0,0,False,130.0,250.0,180,SPOKED,SPOKED,0.0,0.0,305.0,785.0,36.0,315.0,1.0,,
440.0,70.0,630.0,73.0,152.0,58.0,590.0,72.8,650.0,45.0,40.0,28.0,36.5,23.35,23.35,13.0,15.0,STEEL,31.0,50.0,48.0,0.0,0.0,0.0,0.0,False,False,130.0,2.0,0.9,1.1,0.9,1.2,1.0,0.9,680.0,50.0,680.0,50.0,1.0,0,False,1.0,1.0,68.0,45.0,0.0,31.8,True,True,True,False,False,9.0,1,True,140.0,255.0,200,SPOKED,SPOKED,0.0,0.0,290.0,720.0,34.9,300.0,1.0,,
435.0,68.0,610.0,74.0,140.0,60.0,560.0,74.0,640.0,45.0,40.0,31.0,36.5,23.35,23.0,14.0,15.0,BAMBOO,30.0,45.0,48.0,0.0,0.0,0.0,0.0,False,False,135.0,2.0,0.9,1.1,0.9,1.2,1.0,0.9,680.0,50.0,680.0,50.0,0.0,1,False,1.0,1.0,68.0,45.0,0.0,34.9,False,True,True,True,True,0.0,0,True,150.0,255.0,200,SPOKED,SPOKED,0.0,0.0,305.0,735.0,35.0,295.0,1.0,,
450.0,72.0,625.0,71.5,150.0,57.0,565.0,73.5,645.0,50.0,40.0,29.0,36.5,23.35,23.35,13.0,15.0,STEEL,33.0,50.0,48.0,0.0,0.0,0.0,0.0,False,False,135.0,2.0,0.9,1.1,0.9,1.2,1.0,0.9,680.0,50.0,680.0,50.0,0.0,2,False,1.0,1.0,68.0,45.0,0.0,31.8,True,False,False,True,False,8.0,1,False,130.0,255.0,200,SPOKED,SPOKED,0.0,0.0,295.0,725.0,34.9,300.0,1.0,,
410,70,580,73.0,120,45,550,73.5,660.0,45.0,45.0,28.6,36.5,23.35,13.0,15.0,9,ALUMINIUM,30.0,50.0,45.0,330.0,350.0,16.0,18,False,False,135.0,2.0,1.0,1.2,1.0,1.2,1.0,1.0,694.0,52.0,694.0,52.0,0.0,0,False,1.0,1.0,68.0,45.0,0.0,31.8,True,False,True,True,True,8.0,1,True,152.0,255.0,191,SPOKED,SPOKED,0.0,0.0,80.0,80.0,280.0,760.0,34.9,300.0,1.0
420,70,590,72.5,130,50,560,74.0,670.0,45.0,45.0,30.0,36.5,23.35,13.0,16.0,9,ALUMINIUM,32.0,52.0,46.0,330.0,350.0,16.0,18,False,False,135.0,2.0,0.9,1.1,0.9,1.2,1.0,1.0,694.0,55.0,694.0,55.0,0.0,1,False,1.0,1.0,68.0,45.0,0.0,31.8,False,True,True,True,True,7.0,1,True,152.0,255.0,191,SPOKED,SPOKED,0.0,0.0,80.0,80.0,285.0,755.0,34.9,305.0,1.0
430,72,600,73.5,125,48,545,73.0,665.0,45.0,45.0,29.0,37.0,23.35,13.0,15.0,9,ALUMINIUM,31.0,51.0,47.0,330.0,350.0,16.0,18,False,False,142.0,2.0,0.95,1.15,0.95,1.2,1.0,1.0,694.0,52.0,694.0,52.0,0.0,2,False,1.0,1.0,68.0,45.0,0.0,31.8,True,False,True,True,True,8.0,2,True,152.0,255.0,191,SPOKED,SPOKED,0.0,0.0,80.0,80.0,278.0,762.0,34.9,290.0,1.0
415,68,595,74.0,115,46,552,74.0,662.0,50.0,45.0,28.6,36.5,23.35,13.0,15.0,9,STEEL,28.0,49.0,44.0,330.0,350.0,16.0,18,False,False,135.0,2.0,0.9,1.1,0.9,1.2,1.0,1.0,694.0,52.0,694.0,52.0,0.0,1,False,1.0,1.0,68.0,45.0,0.0,31.8,True,True,True,True,True,9.0,1,True,152.0,255.0,191,SPOKED,SPOKED,0.0,0.0,80.0,80.0,282.0,758.0,34.9,300.0,1.0
425,70,605,72.0,140,50,560,73.5,680.0,45.0,45.0,28.6,38.0,23.35,13.0,15.0,9,CARBON,35.0,55.0,50.0,330.0,350.0,16.0,18,True,False,135.0,1.8,0.8,1.0,0.8,1.1,0.9,0.9,694.0,50.0,694.0,50.0,0.0,1,False,1.0,3.0,68.0,45.0,0.0,31.8,True,False,True,True,True,8.0,1,True,152.0,255.0,191,SPOKED,DISC,0.0,0.0,80.0,80.0,280.0,765.0,34.9,305.0,2.0
440,72,600,73.0,110,47,545,73.0,670.0,45.0,45.0,28.6,36.5,23.35,13.0,15.0,9,BAMBOO,29.0,49.0,42.0,330.0,350.0,16.0,18,False,True,135.0,2.0,1.0,1.2,1.0,1.2,1.0,1.0,694.0,52.0,694.0,52.0,0.0,0,False,1.0,1.0,68.0,45.0,0.0,31.8,False,True,True,True,True,8.0,1,True,152.0,255.0,191,SPOKED,SPOKED,0.0,0.0,80.0,80.0,275.0,760.0,34.9,300.0,1.0
405,70,585,74.0,118,44,540,74.5,655.0,45.0,45.0,28.6,36.5,23.35,13.0,14.0,9,TITANIUM,28.0,48.0,43.0,330.0,350.0,16.0,18,False,False,135.0,2.2,1.1,1.3,1.1,1.3,1.1,1.1,694.0,52.0,694.0,52.0,0.0,1,False,1.0,1.0,68.0,45.0,0.0,31.8,True,False,True,True,True,9.0,1,True,152.0,255.0,191,SPOKED,SPOKED,0.0,0.0,80.0,80.0,288.0,770.0,34.9,310.0,1.0
400,75,590,72.0,122,51,555,72.5,660.0,45.0,45.0,29.0,36.5,23.35,13.0,15.0,9,OTHER,33.0,54.0,49.0,330.0,350.0,16.0,18,True,False,135.0,2.0,0.9,1.0,0.9,1.2,1.0,1.0,694.0,52.0,694.0,52.0,1.0,2,False,1.0,1.0,68.0,45.0,0.0,31.8,False,True,True,True,True,7.0,1,True,152.0,255.0,191,SPOKED,SPOKED,0.0,0.0,80.0,80.0,289.0,759.0,34.9,295.0,1.0
395,70,580,74.5,112,45,550,74.0,658.0,45.0,45.0,28.6,36.5,23.35,13.0,15.0,9,STEEL,26.0,50.0,43.0,330.0,350.0,16.0,18,False,False,135.0,2.0,1.0,1.2,1.0,1.2,1.0,1.0,694.0,52.0,694.0,52.0,0.0,0,False,1.0,2.0,68.0,45.0,0.0,31.8,True,True,True,True,True,8.0,1,True,152.0,255.0,191,SPOKED,SPOKED,0.0,0.0,80.0,80.0,280.0,762.0,34.9,300.0,2.0
445,65,605,73.0,100,60,565,72.5,672.0,50.0,45.0,30.0,36.5,23.35,13.0,15.0,9,ALUMINIUM,20.0,60.0,40.0,330.0,350.0,16.0,18,False,False,135.0,2.0,0.9,1.1,0.9,1.2,1.0,1.0,694.0,52.0,694.0,52.0,0.0,1,False,1.0,0.0,68.0,45.0,680.0,31.8,True,False,True,True,True,8.0,1,True,152.0,255.0,191,SPOKED,SPOKED,0.0,0.0,80.0,80.0,288.0,765.0,34.9,300.0,0.0
430,65,600,73.0,140,50,550,73.0,650.0,45.0,40.0,30.0,36.5,30.0,30.0,15.0,9,ALUMINIUM,30.0,50.0,40.0,330.0,350.0,16.0,18,True,True,135.0,3.0,3.0,3.0,3.0,3.0,3.0,3.0,665.0,21.5,665.0,21.5,0.0,1,False,1.0,1.0,68.0,44.0,0.0,34.9,False,False,False,False,True,8.0,1,False,152.0,255.0,205,SPOKED,SPOKED,0.0,0.0,0.0,0.0,280.0,760.0,36.5,300.0,1.0
420,62,610,74.0,150,45,570,74.0,660.0,50.0,40.0,32.0,37.0,31.0,31.0,16.0,9,CARBON,32.0,52.0,42.0,325.0,355.0,16.0,18,True,True,135.0,3.5,3.5,3.5,3.5,3.5,3.5,3.5,670.0,22.0,670.0,22.0,0.0,0,False,1.0,1.0,68.0,45.0,0.0,35.0,False,False,False,False,True,9.0,1,False,85.0,255.0,170,TRISPOKE,SPOKED,1.0,0.0,50.0,0.0,290.0,750.0,36.5,320.0,1.0
435,68,590,72.0,130,48,540,72.0,645.0,44.0,38.0,30.0,36.0,32.0,32.0,15.0,8,STEEL,28.0,48.0,38.0,330.0,352.0,14.0,16,False,True,135.0,4.0,4.0,4.0,4.0,4.0,4.0,4.0,665.0,20.0,665.0,20.0,1.0,2,False,1.0,2.0,68.0,44.0,0.0,34.9,False,False,False,False,True,8.0,2,False,60.0,220.0,130,SPOKED,TRISPOKE,0.0,1.0,0.0,50.0,280.0,755.0,34.9,310.0,1.0
425,63,605,73.5,160,50,560,73.5,655.0,46.0,41.0,28.0,38.0,30.0,30.0,15.0,9,TITANIUM,35.0,55.0,45.0,335.0,360.0,18.0,20,True,True,135.0,3.0,3.0,3.0,3.0,3.0,3.0,3.0,660.0,23.0,660.0,23.0,0.0,1,False,1.0,3.0,70.0,46.0,5.0,36.0,False,False,False,False,True,11.0,1,False,152.0,255.0,180,DISC,DISC,0.0,0.0,0.0,0.0,295.0,740.0,38.0,300.0,2.0
440,60,580,71.5,145,47,545,71.5,640.0,48.0,40.0,31.0,35.0,30.0,30.0,16.0,9,BAMBOO,30.0,50.0,40.0,320.0,350.0,16.0,18,False,False,135.0,3.5,3.5,3.5,3.5,3.5,3.5,3.5,670.0,21.5,670.0,21.5,1.0,1,False,1.0,1.0,68.0,44.0,0.0,34.9,False,False,False,False,True,7.0,1,False,120.0,255.0,180,SPOKED,SPOKED,0.0,0.0,0.0,0.0,285.0,745.0,34.9,290.0,2.0
415,66,620,74.5,170,52,580,74.5,670.0,42.0,42.0,34.0,37.0,33.0,33.0,15.0,10,ALUMINIUM,42.0,58.0,50.0,332.0,358.0,17.0,19,True,True,135.0,3.0,3.0,3.0,3.0,3.0,3.0,3.0,680.0,22.0,680.0,22.0,0.0,2,False,1.0,1.0,68.0,47.0,0.0,35.0,False,False,False,False,True,10.0,2,False,200.0,255.0,200,TRISPOKE,TRISPOKE,1.0,1.0,60.0,60.0,300.0,730.0,37.0,310.0,1.0
425,64,585,72.5,125,46,530,72.5,630.0,43.0,39.0,29.0,36.0,29.0,29.0,14.0,8,OTHER,26.0,46.0,36.0,329.0,351.0,15.0,17,False,True,135.0,4.0,3.5,3.0,4.0,3.5,3.0,3.5,660.0,21.0,660.0,21.0,0.0,0,False,1.0,0.0,65.0,42.0,0.0,33.0,False,False,False,False,True,6.0,1,False,100.0,240.0,180,SPOKED,DISC,0.0,1.0,0.0,55.0,275.0,765.0,36.0,280.0,1.0
430,61,600,73.0,135,49,550,73.0,650.0,46.0,40.0,32.0,36.0,31.0,31.0,16.0,9,CARBON,33.0,53.0,43.0,330.0,353.0,16.0,17,True,False,135.0,3.5,3.0,3.5,3.5,3.5,3.5,3.5,665.0,21.5,665.0,21.5,0.0,1,False,1.0,1.0,67.0,45.0,0.0,34.0,False,True,False,True,True,9.0,1,False,140.0,255.0,210,DISC,SPOKED,0.0,0.0,0.0,0.0,290.0,760.0,36.0,305.0,1.0
445,69,595,72.0,155,51,565,72.0,660.0,47.0,41.0,30.0,36.5,30.0,30.0,16.0,9,STEEL,31.0,56.0,44.0,333.0,356.0,17.0,18,True,True,135.0,3.0,3.0,3.0,3.0,3.0,3.0,3.0,660.0,22.0,660.0,22.0,1.0,0,False,1.0,2.0,69.0,45.0,0.0,34.5,False,False,False,False,True,8.0,1,False,95.0,240.0,150,TRISPOKE,SPOKED,2.0,0.0,80.0,0.0,295.0,750.0,34.9,315.0,2.0
415,67,610,74.0,165,53,575,74.0,675.0,45.0,42.0,31.0,37.0,32.0,32.0,15.0,10,TITANIUM,38.0,60.0,48.0,330.0,354.0,16.0,18,False,True,135.0,3.0,3.0,3.0,3.0,3.0,3.0,3.0,670.0,23.0,670.0,23.0,0.0,1,False,1.0,1.0,70.0,47.0,0.0,35.0,False,False,False,False,True,11.0,1,False,130.0,255.0,195,SPOKED,TRISPOKE,0.0,1.0,0.0,45.0,300.0,745.0,37.0,290.0,1.0
420.0,70.0,630.0,70.0,200.0,45.0,580.0,73.0,650.0,45.0,40.0,28.6,36.5,23.35,23.35,13.0,15.0,ALUMINIUM,33.0,40.0,45.0,330.0,350.0,16.0,18.0,True,False,135.0,2.0,0.9,1.1,0.9,1.2,1.0,0.9,674.0,52.0,674.0,52.0,1.0,2,False,1.0,1.0,68.0,45.0,0.0,31.8,False,True,True,True,False,1.0,1,True,152.0,255.0,152,SPOKED,SPOKED,0.0,0.0,80.0,80.0,278.0,760.0,34.9,300.0,1.0
430.0,68.0,640.0,69.5,180.0,50.0,590.0,72.5,640.0,50.0,40.0,28.6,36.5,23.35,20.0,13.0,15.0,STEEL,35.0,38.0,40.0,0.0,350.0,0.0,18.0,False,True,135.0,2.0,1.1,1.1,0.9,1.2,1.0,0.9,674.0,52.0,674.0,52.0,1.0,1,False,1.0,2.0,68.0,50.0,0.0,31.8,False,True,True,False,True,7.0,1,True,152.0,255.0,152,DISC,SPOKED,0.0,0.0,80.0,80.0,300.0,770.0,34.9,320.0,1.0
425.0,75.0,620.0,71.0,190.0,40.0,560.0,74.0,660.0,45.0,40.0,28.6,36.5,23.35,23.35,13.0,15.0,TITANIUM,32.0,42.0,43.0,330.0,350.0,16.0,18.0,True,True,130.0,2.0,1.0,1.1,0.9,1.2,1.0,1.0,674.0,52.0,674.0,52.0,0.0,0,False,1.0,1.0,68.0,44.0,0.0,31.8,True,True,False,True,False,11.0,2,False,152.0,255.0,152,SPOKED,DISC,0.0,0.0,80.0,80.0,278.0,750.0,34.9,300.0,1.0
415.0,65.0,650.0,68.0,220.0,48.0,600.0,73.0,670.0,55.0,40.0,34.0,36.5,25.0,23.35,13.0,15.0,CARBON,34.0,39.0,47.0,0.0,0.0,0.0,0.0,False,False,135.0,1.5,1.0,1.2,1.0,1.2,1.0,1.0,674.0,52.0,674.0,52.0,2.0,2,False,1.0,3.0,68.0,55.0,0.0,34.0,True,False,True,True,True,9.0,3,True,152.0,255.0,152,TRISPOKE,SPOKED,1.0,0.0,50.0,80.0,300.0,780.0,34.9,310.0,1.0
440.0,60.0,640.0,70.0,150.0,45.0,570.0,72.0,630.0,40.0,40.0,28.6,36.5,23.35,23.35,13.0,15.0,BAMBOO,30.0,45.0,44.0,330.0,350.0,16.0,18.0,True,True,135.0,2.0,1.0,1.1,0.9,1.2,1.0,0.9,674.0,52.0,674.0,52.0,1.0,1,False,1.0,1.0,70.0,45.0,10.0,32.0,False,True,False,True,False,8.0,1,False,152.0,255.0,152,DISC,DISC,0.0,0.0,0.0,0.0,290.0,770.0,34.9,305.0,1.0
400.0,65.0,610.0,73.0,140.0,45.0,550.0,75.0,620.0,43.0,40.0,28.6,36.5,23.35,23.35,13.0,15.0,STEEL,28.0,36.0,42.0,330.0,350.0,16.0,18.0,True,False,120.0,2.0,1.1,1.1,0.9,1.2,1.0,1.1,674.0,52.0,674.0,52.0,1.0,2,False,1.0,2.0,68.0,48.0,0.0,31.8,False,False,True,False,True,1.0,1,True,152.0,255.0,152,SPOKED,SPOKED,0.0,0.0,80.0,80.0,260.0,740.0,34.9,290.0,2.0
430.0,72.0,635.0,69.0,160.0,47.0,580.0,73.5,655.0,50.0,40.0,30.0,36.5,23.35,20.0,13.0,15.0,ALUMINIUM,32.0,41.0,46.0,330.0,350.0,16.0,18.0,True,True,135.0,2.0,1.0,1.2,1.0,1.2,1.0,1.0,674.0,52.0,674.0,52.0,1.0,1,False,1.0,2.0,68.0,47.0,0.0,31.8,True,True,True,True,True,10.0,2,False,152.0,255.0,152,SPOKED,DISC,0.0,0.0,80.0,0.0,280.0,765.0,34.9,295.0,1.0
435.0,68.0,625.0,71.0,170.0,46.0,575.0,72.0,645.0,43.0,40.0,28.6,36.5,23.35,23.35,13.0,15.0,OTHER,36.0,44.0,49.0,0.0,0.0,0.0,0.0,False,False,135.0,2.0,1.0,1.0,0.9,1.2,1.0,0.9,674.0,52.0,674.0,52.0,0.0,2,False,1.0,1.0,68.0,47.0,0.0,31.8,False,False,True,True,True,8.0,1,True,152.0,255.0,152,SPOKED,SPOKED,0.0,0.0,80.0,80.0,275.0,755.0,34.9,305.0,2.0
420.0,70.0,635.0,70.5,185.0,45.0,590.0,73.0,650.0,47.0,40.0,28.6,36.5,23.35,23.35,13.0,15.0,CARBON,33.5,40.5,45.5,330.0,350.0,16.0,18.0,True,True,135.0,1.8,0.9,1.2,0.9,1.2,1.0,1.0,674.0,52.0,674.0,52.0,2.0,2,False,1.0,3.0,68.0,50.0,5.0,31.8,True,False,False,True,False,12.0,1,False,152.0,255.0,152,SPOKED,TRISPOKE,0.0,1.0,80.0,60.0,285.0,770.0,34.9,310.0,0.0
445.0,68.0,645.0,67.0,210.0,52.0,610.0,72.0,665.0,48.0,40.0,28.6,36.5,23.35,23.35,13.0,15.0,STEEL,36.0,45.0,50.0,0.0,350.0,0.0,18.0,False,True,135.0,2.0,1.1,1.2,1.0,1.2,1.0,1.1,674.0,52.0,674.0,52.0,1.0,0,False,1.0,1.0,68.0,48.0,0.0,31.8,False,True,False,True,True,8.0,2,True,152.0,255.0,152,SPOKED,SPOKED,0.0,0.0,80.0,80.0,295.0,780.0,34.9,300.0,2.0
410,70,590,73.0,140,50,550,73.0,650.0,45.0,40.0,28.6,36.5,23.35,23.35,15.0,9,ALUMINIUM,35.0,50.0,45.0,330.0,350.0,16.0,18,False,False,130.0,2.0,0.9,1.1,0.9,1.2,1.0,0.9,680.0,121.0,680.0,121.0,1.0,0,False,1.0,1.0,68.0,45.0,0.0,31.8,False,True,True,True,True,8.0,1,True,152.0,250.0,152,SPOKED,SPOKED,1.0,1.0,80.0,80.0,278.0,740.0,34.9,300.0,1.0
405,65,600,72.0,150,45,560,74.0,660.0,50.0,40.0,28.6,36.5,23.35,23.35,15.0,9,CARBON,40.0,55.0,50.0,330.0,350.0,16.0,18,False,False,135.0,2.0,0.9,1.1,0.9,1.2,1.0,0.9,700.0,140.0,700.0,140.0,0.0,1,False,1.0,3.0,68.0,50.0,0.0,31.8,False,True,True,False,True,9.0,1,False,152.0,250.0,152,SPOKED,SPOKED,1.0,1.0,80.0,80.0,280.0,750.0,34.9,305.0,1.0
415,68,585,74.0,130,55,545,73.0,640.0,45.0,40.0,28.6,36.5,23.35,23.35,15.0,9,STEEL,38.0,48.0,42.0,330.0,350.0,16.0,18,False,False,130.0,2.0,0.9,1.1,0.9,1.2,1.0,0.9,680.0,121.0,680.0,121.0,1.0,2,False,1.0,1.0,68.0,43.0,0.0,31.8,True,True,False,False,False,10.0,2,True,152.0,250.0,152,SPOKED,SPOKED,1.0,1.0,80.0,80.0,275.0,760.0,34.9,300.0,1.0
420,62,620,72.0,160,50,580,73.5,670.0,40.0,40.0,28.6,36.5,23.35,23.35,15.0,9,TITANIUM,42.0,52.0,55.0,330.0,350.0,16.0,18,False,False,135.0,2.0,0.9,1.1,0.9,1.2,1.0,0.9,700.0,140.0,700.0,140.0,0.0,1,False,1.0,3.0,68.0,48.0,0.0,31.8,True,False,False,True,True,11.0,2,False,152.0,250.0,152,SPOKED,SPOKED,1.0,1.0,80.0,80.0,290.0,770.0,34.9,310.0,1.0
430,70,605,73.5,145,48,525,74.0,630.0,50.0,40.0,28.6,36.5,23.35,23.35,15.0,9,BAMBOO,36.0,46.0,40.0,330.0,350.0,16.0,18,False,False,130.0,2.0,0.9,1.1,0.9,1.2,1.0,0.9,680.0,121.0,680.0,121.0,1.0,2,False,1.0,1.0,68.0,47.0,0.0,31.8,False,True,True,True,True,12.0,1,True,152.0,250.0,152,SPOKED,SPOKED,1.0,1.0,80.0,80.0,300.0,780.0,34.9,295.0,1.0
425,66,610,71.0,150,50,560,72.0,655.0,45.0,40.0,28.6,36.5,23.35,23.35,15.0,9,ALUMINIUM,39.0,53.0,48.0,330.0,350.0,16.0,18,False,False,135.0,2.0,0.9,1.1,0.9,1.2,1.0,0.9,700.0,140.0,700.0,140.0,1.0,0,False,1.0,1.0,68.0,44.0,0.0,31.8,True,True,True,True,True,8.0,1,False,152.0,250.0,152,SPOKED,SPOKED,1.0,1.0,80.0,80.0,285.0,730.0,34.9,305.0,1.0
435,68,595,74.0,135,55,540,73.0,645.0,50.0,40.0,28.6,36.5,23.35,23.35,15.0,9,CARBON,37.0,49.0,44.0,330.0,350.0,16.0,18,False,False,130.0,2.0,0.9,1.1,0.9,1.2,1.0,0.9,680.0,121.0,680.0,121.0,0.0,2,False,1.0,1.0,68.0,49.0,0.0,31.8,False,True,False,False,False,9.0,1,True,152.0,250.0,152,SPOKED,SPOKED,1.0,1.0,80.0,80.0,295.0,720.0,34.9,290.0,1.0
440,63,580,73.0,155,50,565,74.0,665.0,45.0,40.0,28.6,36.5,23.35,23.35,15.0,9,STEEL,44.0,54.0,53.0,330.0,350.0,16.0,18,False,False,135.0,2.0,0.9,1.1,0.9,1.2,1.0,0.9,700.0,140.0,700.0,140.0,1.0,1,False,1.0,3.0,68.0,46.0,0.0,31.8,True,False,True,True,True,10.0,1,False,152.0,250.0,152,SPOKED,SPOKED,1.0,1.0,80.0,80.0,272.0,710.0,34.9,300.0,1.0
438,67,615,72.5,170,52,575,73.0,660.0,40.0,40.0,28.6,36.5,23.35,23.35,15.0,9,TITANIUM,45.0,51.0,50.0,330.0,350.0,16.0,18,False,False,130.0,2.0,0.9,1.1,0.9,1.2,1.0,0.9,680.0,121.0,680.0,121.0,0.0,1,False,1.0,1.0,68.0,42.0,0.0,31.8,False,True,True,False,True,11.0,1,True,152.0,250.0,152,SPOKED,SPOKED,1.0,1.0,80.0,80.0,282.0,765.0,34.9,300.0,1.0
445,64,625,74.5,125,54,520,74.0,635.0,50.0,40.0,28.6,36.5,23.35,23.35,15.0,9,BAMBOO,34.0,47.0,43.0,330.0,350.0,16.0,18,False,False,135.0,2.0,0.9,1.1,0.9,1.2,1.0,0.9,700.0,140.0,700.0,140.0,0.0,2,False,1.0,3.0,68.0,50.0,0.0,31.8,True,True,False,True,False,12.0,2,False,152.0,250.0,152,SPOKED,SPOKED,1.0,1.0,80.0,80.0,292.0,755.0,34.9,310.0,1.0
410.0,70.0,600.0,73.0,150.0,45.0,560.0,73.0,655.0,45.0,40.0,28.6,33.7,25.0,25.0,13.0,15.0,ALUMINIUM,30.0,50.0,50.0,330.0,350.0,16.0,18.0,False,False,135.0,2.0,0.9,1.2,1.1,0.9,0.9,0.9,622.0,48.0,622.0,48.0,0.0,1,False,1.0,1.0,68.0,44.0,0.0,31.8,True,True,True,True,True,9.0,2,True,192.0,255.0,203,SPOKED,SPOKED,0.0,0.0,0.0,0.0,200.0,300.0,34.9,350.0,1.0
415.0,75.0,620.0,74.0,160.0,50.0,570.0,74.0,650.0,48.0,45.0,31.8,34.9,23.5,23.5,12.5,14.0,CARBON,35.0,48.0,48.0,330.0,350.0,16.0,18.0,False,False,135.0,1.8,0.8,1.0,1.0,0.8,0.8,0.8,622.0,50.0,622.0,50.0,0.0,2,False,1.0,2.0,70.0,44.0,0.0,31.8,True,True,True,True,True,11.0,2,True,128.0,255.0,180,SPOKED,SPOKED,0.0,0.0,0.0,0.0,210.0,310.0,35.0,360.0,0.0
420.0,65.0,580.0,72.0,140.0,48.0,550.0,72.0,660.0,42.0,42.0,28.6,33.7,25.0,25.0,13.0,15.0,STEEL,28.0,52.0,48.0,330.0,350.0,16.0,18.0,False,False,130.0,2.0,0.9,1.1,1.1,0.9,0.9,0.9,622.0,49.0,622.0,49.0,1.0,1,False,1.0,1.0,66.0,45.0,0.0,31.8,False,True,False,True,True,10.0,2,True,0.0,255.0,128,SPOKED,SPOKED,0.0,0.0,0.0,0.0,195.0,295.0,34.5,340.0,2.0
405.0,68.0,590.0,71.0,170.0,46.0,565.0,75.0,645.0,46.0,40.0,28.0,33.0,24.0,24.0,12.0,14.0,TITANIUM,33.0,49.0,47.0,330.0,350.0,16.0,18.0,False,False,130.0,1.5,0.8,1.0,1.0,0.8,0.8,0.8,622.0,48.0,622.0,48.0,0.0,0,False,1.0,2.0,68.0,43.0,0.0,31.8,True,False,True,False,True,8.0,1,True,255.0,0.0,255,TRISPOKE,SPOKED,1.0,0.0,50.0,0.0,205.0,305.0,34.0,345.0,0.0
425.0,72.0,610.0,74.0,155.0,47.0,580.0,74.0,660.0,44.0,42.0,30.0,35.0,25.5,25.5,13.5,16.0,BAMBOO,32.0,51.0,49.0,330.0,350.0,16.0,18.0,True,True,135.0,2.2,1.0,1.1,1.2,1.0,1.0,1.0,622.0,50.0,622.0,50.0,1.0,1,False,1.0,1.0,68.0,45.0,0.0,31.8,False,True,False,False,False,0.0,1,False,0.0,255.0,200,SPOKED,DISC,0.0,1.0,0.0,50.0,200.0,315.0,35.5,370.0,1.0
430.0,68.0,595.0,73.0,165.0,46.0,560.0,73.0,650.0,43.0,40.0,28.6,33.7,24.5,24.5,13.0,15.0,OTHER,31.0,50.0,48.0,330.0,350.0,16.0,18.0,False,True,130.0,2.0,0.9,1.1,1.1,0.9,0.9,0.9,622.0,48.0,622.0,48.0,2.0,2,False,1.0,3.0,70.0,44.0,0.0,31.8,True,False,True,True,True,10.0,2,False,100.0,200.0,150,DISC,SPOKED,0.0,0.0,0.0,0.0,205.0,305.0,34.9,355.0,2.0
405.0,69.0,585.0,72.5,145.0,45.0,555.0,72.5,660.0,44.0,42.0,28.6,33.7,25.0,25.0,13.0,15.0,ALUMINIUM,29.0,49.0,48.0,330.0,350.0,16.0,18.0,False,False,135.0,2.0,0.9,1.1,1.1,0.9,0.9,0.9,622.0,49.0,622.0,49.0,1.0,1,False,1.0,1.0,68.0,44.0,0.0,31.8,True,False,False,True,True,9.0,1,True,50.0,200.0,100,SPOKED,SPOKED,0.0,0.0,0.0,0.0,198.0,298.0,34.7,345.0,1.0
422.0,73.0,625.0,75.0,155.0,47.0,580.0,74.0,645.0,45.0,40.0,28.6,35.0,25.0,25.0,13.0,15.0,CARBON,34.0,52.0,50.0,330.0,350.0,16.0,18.0,True,False,135.0,1.8,0.8,1.0,1.1,0.8,0.8,0.8,622.0,52.0,622.0,52.0,0.0,0,False,1.0,3.0,70.0,44.0,0.0,31.8,True,True,True,True,True,11.0,3,False,100.0,255.0,200,SPOKED,DISC,0.0,1.0,0.0,50.0,205.0,315.0,35.2,365.0,0.0
418.0,70.0,605.0,73.0,150.0,46.0,570.0,73.0,652.0,46.0,42.0,29.0,33.7,25.0,25.0,13.0,15.0,STEEL,31.0,49.0,48.0,330.0,350.0,16.0,18.0,False,True,135.0,2.0,0.9,1.1,1.1,0.9,0.9,0.9,622.0,49.0,622.0,49.0,0.0,1,False,1.0,1.0,68.0,44.0,0.0,31.8,False,True,True,False,True,8.0,2,True,0.0,180.0,120,TRISPOKE,SPOKED,1.0,0.0,60.0,0.0,202.0,307.0,34.8,350.0,2.0
412.0,67.0,595.0,72.0,160.0,49.0,565.0,74.0,658.0,44.0,41.0,28.6,33.7,24.8,24.8,12.8,15.0,TITANIUM,32.0,50.0,48.0,330.0,350.0,16.0,18.0,True,False,135.0,1.6,0.8,1.0,1.0,0.8,0.8,0.8,622.0,50.0,622.0,50.0,0.0,2,False,1.0,2.0,67.0,43.0,0.0,31.8,True,True,False,True,True,9.0,2,False,180.0,255.0,200,SPOKED,TRISPOKE,0.0,1.0,0.0,55.0,204.0,302.0,34.6,355.0,1.0
405,68.0,580,73.0,120,45,520,73.0,640.0,50.0,40.0,28.6,36.5,23.35,23.35,13.0,15,ALUMINIUM,30.0,50.0,50.0,0.0,0.0,0.0,0,False,False,135.0,2.0,0.9,1.1,0.9,1.2,1.0,0.9,668.0,23.0,668.0,23.0,0.0,2,False,1.0,1.0,68.0,45.0,0.0,31.8,True,True,True,True,False,8.0,1,True,152.0,240.0,152,SPOKED,SPOKED,0.0,0.0,80.0,80.0,278.0,760.0,34.9,330.0,1.0
410,70.0,590,72.0,130,45,530,72.5,645.0,52.0,40.0,28.6,36.5,23.35,23.35,13.0,15,ALUMINIUM,30.0,50.0,50.0,0.0,0.0,0.0,0,False,False,135.0,2.2,0.9,1.1,0.9,1.2,1.0,0.9,668.0,23.0,668.0,23.0,0.0,2,False,1.0,1.0,68.0,45.0,0.0,31.8,True,True,True,True,False,9.0,1,True,152.0,240.0,152,SPOKED,SPOKED,0.0,0.0,80.0,80.0,278.0,770.0,34.9,330.0,1.0
415,72.0,600,74.0,140,45,540,74.0,650.0,48.0,40.0,28.6,36.5,23.35,23.35,13.0,15,STEEL,30.0,50.0,50.0,0.0,0.0,0.0,0,False,False,135.0,2.1,0.9,1.1,0.9,1.2,1.0,0.9,668.0,23.0,668.0,23.0,0.0,2,False,1.0,1.0,68.0,45.0,0.0,31.8,True,True,True,True,False,10.0,1,True,152.0,240.0,152,SPOKED,SPOKED,0.0,0.0,80.0,80.0,278.0,780.0,34.9,330.0,1.0
420,74.0,610,71.0,150,45,550,73.5,655.0,55.0,40.0,28.6,36.5,23.35,37.5,13.0,15,CARBON,30.0,50.0,50.0,0.0,0.0,0.0,0,False,False,135.0,2.3,0.9,1.1,0.9,1.2,1.0,0.9,668.0,23.0,668.0,23.0,0.0,2,False,1.0,1.0,68.0,45.0,0.0,31.8,True,True,True,True,False,11.0,1,True,152.0,240.0,152,SPOKED,SPOKED,0.0,0.0,80.0,80.0,278.0,790.0,34.9,330.0,1.0
425,73.5,620,73.5,160,45,560,72.0,660.0,45.0,40.0,28.6,36.5,23.35,23.35,13.0,15,TITANIUM,30.0,50.0,50.0,0.0,0.0,0.0,0,False,False,135.0,2.0,0.9,1.1,0.9,1.2,1.0,0.9,668.0,23.0,668.0,23.0,0.0,2,False,1.0,1.0,68.0,45.0,0.0,31.8,True,True,True,True,False,12.0,1,True,152.0,240.0,152,SPOKED,SPOKED,0.0,0.0,80.0,80.0,278.0,800.0,34.9,330.0,1.0
430,65.0,595,72.5,170,45,570,73.0,665.0,53.0,40.0,28.6,36.5,23.35,23.35,13.0,15,BAMBOO,30.0,50.0,50.0,0.0,0.0,0.0,0,False,False,135.0,2.5,0.9,1.1,0.9,1.2,1.0,0.9,668.0,23.0,668.0,23.0,0.0,2,False,1.0,1.0,68.0,45.0,0.0,31.8,True,True,True,True,False,13.0,1,True,152.0,240.0,152,SPOKED,SPOKED,0.0,0.0,80.0,80.0,278.0,770.0,34.9,330.0,1.0
435,75.0,605,74.0,180,45,580,74.0,670.0,47.0,40.0,28.6,36.5,23.35,37.5,13.0,15,CARBON,30.0,50.0,50.0,0.0,0.0,0.0,0,False,False,135.0,2.2,0.9,1.1,0.9,1.2,1.0,0.9,668.0,23.0,668.0,23.0,0.0,2,False,1.0,1.0,68.0,45.0,0.0,31.8,True,True,True,True,False,14.0,1,True,152.0,240.0,152,SPOKED,SPOKED,0.0,0.0,80.0,80.0,278.0,780.0,34.9,330.0,1.0
440,69.0,615,71.5,135,45,525,72.8,648.0,51.0,40.0,28.6,36.5,23.35,23.35,13.0,15,ALUMINIUM,30.0,50.0,50.0,0.0,0.0,0.0,0,False,False,135.0,2.1,0.9,1.1,0.9,1.2,1.0,0.9,668.0,23.0,668.0,23.0,0.0,2,False,1.0,1.0,68.0,45.0,0.0,31.8,True,True,True,True,False,15.0,1,True,152.0,240.0,152,SPOKED,SPOKED,0.0,0.0,80.0,80.0,278.0,790.0,34.9,330.0,1.0
445,71.0,585,72.8,145,45,535,73.2,658.0,49.0,40.0,28.6,36.5,23.35,23.35,13.0,15,STEEL,30.0,50.0,50.0,0.0,0.0,0.0,0,False,False,135.0,2.3,0.9,1.1,0.9,1.2,1.0,0.9,668.0,23.0,668.0,23.0,0.0,2,False,1.0,1.0,68.0,45.0,0.0,31.8,True,True,True,True,False,16.0,1,True,152.0,240.0,152,SPOKED,SPOKED,0.0,0.0,80.0,80.0,278.0,800.0,34.9,330.0,1.0
450,73.2,575,73.2,155,45,545,73.7,668.0,54.0,40.0,28.6,36.5,23.35,23.35,13.0,15,TITANIUM,30.0,50.0,50.0,0.0,0.0,0.0,0,False,False,135.0,2.4,0.9,1.1,0.9,1.2,1.0,0.9,668.0,23.0,668.0,23.0,0.0,2,False,1.0,1.0,68.0,45.0,0.0,31.8,True,True,True,True,False,17.0,1,True,152.0,240.0,152,SPOKED,SPOKED,0.0,0.0,80.0,80.0,278.0,810.0,34.9,330.0,1.0
420.0,70.0,620.0,72.0,150.0,45.0,580.0,72.5,630.0,50.0,47.0,32.0,30.0,27.0,25.0,13.0,15.0,ALUMINIUM,25.0,60.0,45.0,330.0,350.0,16.0,18.0,False,False,130.0,2.0,0.9,1.1,0.9,1.2,1.0,0.9,690.0,80.0,690.0,80.0,0.0,1,False,1.0,3.0,68.0,44.0,692.0,30.0,False,False,False,False,True,8.0,1,False,100.0,200.0,150,SPOKED,SPOKED,0.0,0.0,80.0,80.0,280.0,750.0,34.9,700.0,1.0
430.0,75.0,640.0,71.5,140.0,45.0,600.0,73.0,640.0,55.0,50.0,30.0,32.0,28.0,26.0,13.0,15.0,STEEL,28.0,65.0,42.0,330.0,350.0,16.0,18.0,False,False,135.0,2.0,0.9,1.1,0.9,1.2,1.0,0.9,680.0,90.0,680.0,90.0,1.0,0,False,1.0,1.0,70.0,46.0,692.0,32.0,False,True,True,True,True,8.0,1,True,100.0,200.0,150,SPOKED,SPOKED,0.0,0.0,80.0,80.0,280.0,760.0,34.9,700.0,1.0
400.0,68.0,620.0,74.0,160.0,45.0,570.0,72.0,625.0,50.0,44.0,35.0,30.0,25.0,23.0,13.0,15.0,CARBON,30.0,70.0,40.0,330.0,350.0,16.0,18.0,False,False,130.0,2.0,0.9,1.1,0.9,1.2,1.0,0.9,694.0,75.0,694.0,75.0,0.0,2,False,1.0,3.0,68.0,42.0,692.0,29.0,True,True,False,True,True,8.0,1,False,100.0,200.0,150,SPOKED,SPOKED,0.0,0.0,80.0,80.0,280.0,745.0,34.9,700.0,1.0
450.0,72.0,630.0,73.0,155.0,45.0,585.0,71.0,640.0,48.0,46.0,32.0,34.0,29.0,27.0,13.0,15.0,TITANIUM,27.0,68.0,43.0,330.0,350.0,16.0,18.0,False,False,130.0,2.0,0.9,1.1,0.9,1.2,1.0,0.9,690.0,85.0,690.0,85.0,0.0,1,False,1.0,3.0,68.0,45.0,692.0,31.0,False,False,True,False,True,8.0,1,True,100.0,200.0,150,SPOKED,SPOKED,0.0,0.0,80.0,80.0,280.0,755.0,34.9,700.0,1.0
400.0,65.0,600.0,70.0,150.0,45.0,590.0,74.0,620.0,60.0,48.0,28.6,29.0,23.35,25.5,13.0,15.0,BAMBOO,26.0,66.0,44.0,330.0,350.0,16.0,18.0,False,False,135.0,2.0,0.9,1.1,0.9,1.2,1.0,0.9,675.0,70.0,675.0,70.0,1.0,0,False,1.0,1.0,68.0,43.0,692.0,28.6,True,False,False,False,False,8.0,1,False,100.0,200.0,150,SPOKED,SPOKED,0.0,0.0,80.0,80.0,280.0,740.0,34.9,700.0,1.0
440.0,68.0,650.0,72.5,140.0,45.0,620.0,72.0,650.0,55.0,50.0,34.9,36.5,30.0,27.0,13.0,15.0,STEEL,24.0,64.0,42.0,330.0,350.0,16.0,18.0,False,False,130.0,2.0,0.9,1.1,0.9,1.2,1.0,0.9,680.0,80.0,680.0,80.0,1.0,2,False,1.0,2.0,70.0,48.0,692.0,33.0,True,True,True,True,True,8.0,1,True,100.0,200.0,150,SPOKED,SPOKED,0.0,0.0,80.0,80.0,280.0,765.0,34.9,700.0,1.0
415.0,70.0,625.0,71.0,135.0,45.0,580.0,73.5,635.0,52.0,45.0,33.6,35.0,29.0,28.0,13.0,15.0,OTHER,29.0,62.0,41.0,330.0,350.0,16.0,18.0,False,False,130.0,2.0,0.9,1.1,0.9,1.2,1.0,0.9,690.0,78.0,690.0,78.0,0.0,0,False,1.0,0.0,68.0,44.5,692.0,30.5,False,True,False,True,True,8.0,1,False,100.0,200.0,150,SPOKED,SPOKED,0.0,0.0,80.0,80.0,280.0,755.0,34.9,700.0,1.0
430.0,68.0,630.0,73.5,165.0,45.0,610.0,71.5,645.0,45.0,46.0,36.5,36.5,31.0,29.5,13.0,15.0,CARBON,32.0,75.0,38.5,330.0,350.0,16.0,18.0,False,False,130.0,2.0,0.9,1.1,0.9,1.2,1.0,0.9,694.0,72.0,694.0,72.0,2.0,1,False,1.0,3.0,68.0,47.0,692.0,31.5,False,False,True,False,True,8.0,1,True,100.0,200.0,150,SPOKED,SPOKED,0.0,0.0,80.0,80.0,280.0,750.0,34.9,700.0,1.0
410.0,66.0,605.0,70.5,145.0,45.0,565.0,74.0,620.0,60.0,48.0,28.6,32.0,25.0,26.0,13.0,15.0,BAMBOO,27.5,67.5,44.5,330.0,350.0,16.0,18.0,False,False,135.0,2.0,0.9,1.1,0.9,1.2,1.0,0.9,660.0,95.0,660.0,95.0,1.0,0,False,1.0,1.0,68.0,43.0,692.0,28.6,True,True,False,False,False,8.0,1,False,100.0,200.0,150,SPOKED,SPOKED,0.0,0.0,80.0,80.0,280.0,740.0,34.9,700.0,1.0
425.0,70.0,635.0,72.0,158.0,45.0,595.0,71.0,640.0,50.0,47.0,34.0,33.0,28.0,27.0,13.0,15.0,ALUMINIUM,30.5,69.0,44.0,330.0,350.0,16.0,18.0,False,False,130.0,2.0,0.9,1.1,0.9,1.2,1.0,0.9,690.0,83.0,690.0,83.0,0.0,2,False,1.0,3.0,68.0,45.5,692.0,31.0,True,False,False,True,True,8.0,1,True,100.0,200.0,150,SPOKED,SPOKED,0.0,0.0,80.0,80.0,280.0,760.0,34.9,700.0,1.0
405.0,70.0,600.0,73.0,145.0,45.0,515.0,74.0,648.0,45.0,40.0,28.6,36.5,23.35,23.35,13.0,15.0,ALUMINIUM,34.0,50.0,50.0,330.0,350.0,16.0,18.0,False,False,135.0,2.0,0.9,1.1,0.9,1.2,1.0,0.9,674.0,52.0,674.0,52.0,0.0,0,False,1.0,1.0,68.0,45.0,692.0,31.8,True,True,True,True,True,7.0,1,True,152.0,255.0,152,SPOKED,SPOKED,0.0,0.0,80.0,80.0,278.0,718.0,34.9,718.0,1.0
410.0,70.0,590.0,72.0,150.0,40.0,520.0,73.0,643.0,45.0,40.0,28.6,36.5,23.35,23.35,13.0,15.0,CARBON,35.0,52.0,48.0,330.0,350.0,16.0,18.0,False,False,135.0,2.0,0.9,1.1,0.9,1.2,1.0,0.9,674.0,52.0,674.0,52.0,0.0,0,False,1.0,1.0,68.0,45.0,692.0,31.8,True,True,True,True,True,8.0,1,True,150.0,250.0,150,SPOKED,SPOKED,0.0,0.0,80.0,80.0,278.0,720.0,34.9,730.0,1.0
400.0,70.0,610.0,74.0,140.0,50.0,510.0,75.0,653.0,45.0,40.0,28.6,36.5,23.35,23.35,13.0,15.0,STEEL,33.0,48.0,52.0,330.0,350.0,16.0,18.0,False,False,135.0,2.0,0.9,1.1,0.9,1.2,1.0,0.9,674.0,52.0,674.0,52.0,0.0,0,False,1.0,1.0,68.0,45.0,692.0,31.8,True,True,True,True,True,9.0,1,True,154.0,252.0,158,SPOKED,SPOKED,0.0,0.0,80.0,80.0,278.0,716.0,34.9,706.0,1.0
415.0,70.0,620.0,71.0,155.0,42.0,525.0,72.0,638.0,45.0,40.0,28.6,36.5,23.35,23.35,13.0,15.0,TITANIUM,36.0,54.0,46.0,330.0,350.0,16.0,18.0,False,False,135.0,2.0,0.9,1.1,0.9,1.2,1.0,0.9,674.0,52.0,674.0,52.0,0.0,0,False,1.0,1.0,68.0,45.0,692.0,31.8,True,True,True,True,True,10.0,1,True,148.0,248.0,148,SPOKED,SPOKED,0.0,0.0,80.0,80.0,278.0,722.0,34.9,740.0,1.0
395.0,70.0,580.0,75.0,135.0,48.0,505.0,76.0,658.0,45.0,40.0,28.6,36.5,23.35,23.35,13.0,15.0,BAMBOO,32.0,46.0,54.0,330.0,350.0,16.0,18.0,False,False,135.0,2.0,0.9,1.1,0.9,1.2,1.0,0.9,674.0,52.0,674.0,52.0,0.0,0,False,1.0,1.0,68.0,45.0,692.0,31.8,True,True,True,True,True,11.0,1,True,156.0,254.0,160,SPOKED,SPOKED,0.0,0.0,80.0,80.0,278.0,714.0,34.9,694.0,1.0
420.0,70.0,630.0,70.0,160.0,44.0,530.0,71.0,633.0,45.0,40.0,28.6,36.5,23.35,23.35,13.0,15.0,OTHER,37.0,56.0,44.0,330.0,350.0,16.0,18.0,False,False,135.0,2.0,0.9,1.1,0.9,1.2,1.0,0.9,674.0,52.0,674.0,52.0,0.0,0,False,1.0,1.0,68.0,45.0,692.0,31.8,True,True,True,True,True,12.0,1,True,146.0,246.0,146,SPOKED,SPOKED,0.0,0.0,80.0,80.0,278.0,724.0,34.9,750.0,1.0
430.0,70.0,605.0,73.0,142.0,46.0,518.0,74.5,648.0,45.0,40.0,28.6,36.5,23.35,23.35,13.0,15.0,ALUMINIUM,34.5,51.0,50.0,330.0,350.0,16.0,18.0,False,False,135.0,2.0,0.9,1.1,0.9,1.2,1.0,0.9,674.0,52.0,674.0,52.0,0.0,0,False,1.0,1.0,68.0,45.0,692.0,31.8,True,True,True,True,True,7.0,1,True,150.0,255.0,150,SPOKED,SPOKED,0.0,0.0,80.0,80.0,278.0,710.0,34.9,702.0,1.0
390.0,70.0,595.0,72.5,148.0,43.0,512.0,73.5,643.0,45.0,40.0,28.6,36.5,23.35,23.35,13.0,15.0,CARBON,35.5,49.0,48.0,330.0,350.0,16.0,18.0,False,False,135.0,2.0,0.9,1.1,0.9,1.2,1.0,0.9,674.0,52.0,674.0,52.0,0.0,0,False,1.0,1.0,68.0,45.0,692.0,31.8,True,True,True,True,True,8.0,1,True,155.0,253.0,155,SPOKED,SPOKED,0.0,0.0,80.0,80.0,278.0,726.0,34.9,742.0,1.0
440.0,70.0,615.0,74.5,152.0,49.0,522.0,75.5,653.0,45.0,40.0,28.6,36.5,23.35,23.35,13.0,15.0,STEEL,33.5,53.0,52.0,330.0,350.0,16.0,18.0,False,False,135.0,2.0,0.9,1.1,0.9,1.2,1.0,0.9,674.0,52.0,674.0,52.0,0.0,0,False,1.0,1.0,68.0,45.0,692.0,31.8,True,True,True,True,True,9.0,1,True,149.0,249.0,149,SPOKED,SPOKED,0.0,0.0,80.0,80.0,278.0,712.0,34.9,698.0,1.0
380.0,70.0,585.0,71.5,138.0,41.0,508.0,72.5,638.0,45.0,40.0,28.6,36.5,23.35,23.35,13.0,15.0,TITANIUM,36.5,47.0,46.0,330.0,350.0,16.0,18.0,False,False,135.0,2.0,0.9,1.1,0.9,1.2,1.0,0.9,674.0,52.0,674.0,52.0,0.0,0,False,1.0,1.0,68.0,45.0,692.0,31.8,True,True,True,True,True,10.0,1,True,153.0,251.0,153,SPOKED,SPOKED,0.0,0.0,80.0,80.0,278.0,728.0,34.9,748.0,1.0
420,70.0,620,72.0,150,50,580,73.0,630.0,50.0,45.0,28.6,33.6,36.5,23.35,13.0,15,ALUMINIUM,35.0,40.0,30.0,0.0,0.0,0.0,0,False,False,150.0,2.0,1.0,1.0,1.0,1.0,1.0,1.0,680.0,50.0,680.0,50.0,0.0,1,False,1.0,1.0,68.0,45.0,0.0,31.8,True,True,True,True,False,1.0,1,True,50.0,205.0,50,SPOKED,SPOKED,0.0,0.0,0.0,0.0,280.0,680.0,33.6,300.0,1.0
405,65.0,610,73.5,175,60,600,72.0,640.0,55.0,50.0,30.0,33.6,36.5,23.35,15.0,16,STEEL,30.0,45.0,25.0,0.0,0.0,0.0,0,False,False,135.0,2.0,1.1,1.0,1.2,1.0,1.0,1.0,680.0,60.0,680.0,60.0,0.0,1,False,1.0,1.0,68.0,50.0,0.0,31.8,True,False,True,True,False,1.0,1,True,60.0,200.0,80,SPOKED,SPOKED,0.0,0.0,0.0,0.0,280.0,680.0,33.6,300.0,1.0
430,75.0,650,70.0,130,40,550,74.0,600.0,45.0,40.0,25.4,29.0,36.5,23.35,12.0,14,CARBON,40.0,35.0,20.0,0.0,0.0,0.0,0,False,False,140.0,2.0,0.9,1.1,1.2,1.1,1.0,1.1,680.0,45.0,680.0,45.0,0.0,0,False,1.0,1.0,68.0,40.0,0.0,31.8,True,True,True,True,False,1.0,1,True,55.0,215.0,100,SPOKED,SPOKED,0.0,0.0,0.0,0.0,280.0,680.0,29.0,300.0,1.0
400,68.0,630,74.0,140,55,610,71.0,650.0,60.0,45.0,28.6,33.0,36.5,23.35,14.0,15,ALUMINIUM,50.0,60.0,35.0,0.0,0.0,0.0,0,False,False,130.0,2.0,1.0,1.0,1.0,1.0,1.0,1.0,680.0,55.0,680.0,55.0,0.0,2,False,1.0,1.0,68.0,42.0,0.0,31.8,False,True,True,True,False,1.0,1,True,48.0,190.0,70,SPOKED,SPOKED,0.0,0.0,0.0,0.0,280.0,680.0,33.0,300.0,1.0
450,72.0,615,71.5,160,65,620,70.5,620.0,50.0,50.0,30.0,34.0,36.5,23.35,13.0,16,STEEL,45.0,50.0,28.0,0.0,0.0,0.0,0,False,False,130.0,2.1,1.1,1.2,1.2,1.1,1.1,1.1,680.0,60.0,680.0,60.0,0.0,0,False,1.0,1.0,68.0,48.0,0.0,31.8,True,True,True,True,False,1.0,1,True,70.0,220.0,130,SPOKED,SPOKED,0.0,0.0,0.0,0.0,280.0,680.0,34.0,300.0,1.0
410,66.0,640,73.0,155,35,530,75.0,630.0,55.0,44.0,26.0,30.0,36.5,23.35,13.0,14,CARBON,38.0,42.0,22.0,0.0,0.0,0.0,0,False,False,135.0,2.0,1.0,1.0,1.0,1.0,1.0,1.0,680.0,52.0,680.0,52.0,0.0,1,False,1.0,1.0,68.0,44.0,0.0,31.8,True,False,True,True,False,1.0,1,True,50.0,210.0,90,SPOKED,SPOKED,0.0,0.0,0.0,0.0,280.0,680.0,30.0,300.0,1.0
425,69.0,655,70.5,145,60,600,72.5,610.0,52.0,48.0,29.0,33.0,36.5,23.35,14.0,15,BAMBOO,33.0,47.0,26.0,0.0,0.0,0.0,0,False,False,130.0,2.0,1.2,1.0,1.2,1.0,1.0,1.0,680.0,58.0,680.0,58.0,0.0,2,False,1.0,1.0,68.0,47.0,0.0,31.8,True,True,True,True,False,1.0,1,True,60.0,200.0,80,SPOKED,SPOKED,0.0,0.0,0.0,0.0,280.0,680.0,33.0,300.0,1.0
395,67.0,605,74.0,120,50,560,74.5,650.0,48.0,42.0,27.0,32.0,36.5,23.35,12.0,13,ALUMINIUM,36.0,44.0,24.0,0.0,0.0,0.0,0,False,False,140.0,2.0,1.0,1.0,1.0,1.0,1.0,1.0,680.0,50.0,680.0,50.0,0.0,1,False,1.0,1.0,68.0,42.0,0.0,31.8,True,True,True,True,False,1.0,1,True,55.0,205.0,95,SPOKED,SPOKED,0.0,0.0,0.0,0.0,280.0,680.0,32.0,300.0,1.0
430,71.0,628,72.5,165,70,580,70.0,620.0,55.0,50.0,30.0,34.0,36.5,23.35,16.0,16,STEEL,48.0,55.0,29.0,0.0,0.0,0.0,0,False,False,132.0,2.0,1.2,1.1,1.2,1.1,1.0,1.2,680.0,60.0,680.0,60.0,0.0,0,False,1.0,1.0,68.0,50.0,0.0,31.8,False,True,True,True,False,1.0,1,True,49.0,200.0,78,SPOKED,SPOKED,0.0,0.0,0.0,0.0,280.0,680.0,34.0,300.0,1.0
415,68.5,642,73.8,158,60,590,71.5,640.0,58.0,46.0,28.6,33.0,36.5,23.35,14.0,15,ALUMINIUM,42.0,48.0,27.0,0.0,0.0,0.0,0,False,False,138.0,2.0,1.1,1.2,1.1,1.1,1.0,1.1,680.0,55.0,680.0,55.0,0.0,1,False,1.0,1.0,68.0,46.0,0.0,31.8,True,True,True,True,False,1.0,1,True,52.0,205.0,85,SPOKED,SPOKED,0.0,0.0,0.0,0.0,280.0,680.0,33.0,300.0,1.0
410.0,65.0,610.0,72.0,150.0,50.0,550.0,72.0,640.0,40.0,68.0,30.0,32.0,37.0,23.0,13.0,15.0,ALUMINIUM,20.0,40.0,20.0,330.0,350.0,16.0,18.0,False,False,135.0,1.0,1.0,1.0,1.0,1.0,1.0,1.0,674.0,52.0,674.0,52.0,0.0,1,False,1.0,1.0,68.0,45.0,0.0,31.8,True,False,False,True,True,8.0,1,True,152.0,255.0,152,SPOKED,SPOKED,0.0,0.0,0.0,0.0,280.0,730.0,34.9,310.0,1.0
420.0,68.0,620.0,73.0,140.0,45.0,560.0,73.0,650.0,40.0,68.0,25.0,28.0,36.0,22.0,13.0,15.0,CARBON,22.0,42.0,18.0,330.0,350.0,16.0,18.0,False,False,135.0,0.9,0.9,0.9,0.9,0.9,0.9,0.9,674.0,52.0,674.0,52.0,0.0,2,False,1.0,1.0,68.0,46.0,0.0,31.8,False,True,False,False,True,9.0,2,False,152.0,255.0,152,SPOKED,SPOKED,0.0,0.0,0.0,0.0,285.0,735.0,34.9,315.0,1.0
430.0,70.0,630.0,71.5,160.0,55.0,540.0,71.0,630.0,40.0,68.0,32.0,32.0,38.0,24.0,13.0,15.0,STEEL,18.0,38.0,22.0,330.0,350.0,16.0,18.0,False,False,135.0,1.1,1.1,1.1,1.1,1.1,1.1,1.1,674.0,52.0,674.0,52.0,0.0,0,False,1.0,1.0,68.0,44.0,0.0,31.8,False,False,True,False,True,7.0,1,True,152.0,255.0,152,SPOKED,SPOKED,0.0,0.0,0.0,0.0,290.0,740.0,34.9,320.0,1.0
440.0,60.0,640.0,72.5,170.0,60.0,570.0,74.0,660.0,40.0,68.0,28.0,26.0,35.0,25.0,13.0,15.0,TITANIUM,24.0,44.0,16.0,330.0,350.0,16.0,18.0,False,False,135.0,0.8,0.8,0.8,0.8,0.8,0.8,0.8,674.0,52.0,674.0,52.0,0.0,1,False,1.0,1.0,68.0,47.0,0.0,31.8,True,False,False,True,True,10.0,2,False,152.0,255.0,152,SPOKED,SPOKED,0.0,0.0,0.0,0.0,295.0,745.0,34.9,325.0,1.0
450.0,75.0,600.0,74.0,130.0,48.0,530.0,70.0,620.0,40.0,68.0,35.0,34.0,39.0,23.0,13.0,15.0,BAMBOO,16.0,36.0,24.0,330.0,350.0,16.0,18.0,False,False,135.0,1.2,1.2,1.2,1.2,1.2,1.2,1.2,674.0,52.0,674.0,52.0,0.0,2,False,1.0,1.0,68.0,43.0,0.0,31.8,False,True,True,False,False,8.0,1,True,152.0,255.0,152,SPOKED,SPOKED,0.0,0.0,0.0,0.0,300.0,750.0,34.9,330.0,1.0
460.0,62.0,615.0,71.0,155.0,52.0,580.0,75.0,670.0,40.0,68.0,30.0,32.0,37.0,23.0,13.0,15.0,ALUMINIUM,21.0,41.0,19.0,330.0,350.0,16.0,18.0,False,False,135.0,1.0,1.0,1.0,1.0,1.0,1.0,1.0,674.0,52.0,674.0,52.0,0.0,1,False,1.0,1.0,68.0,48.0,0.0,31.8,False,False,True,False,True,9.0,2,False,152.0,255.0,152,SPOKED,SPOKED,0.0,0.0,0.0,0.0,305.0,755.0,34.9,335.0,1.0
470.0,72.0,625.0,73.5,145.0,44.0,520.0,72.5,610.0,40.0,68.0,25.0,28.0,36.0,22.0,13.0,15.0,CARBON,23.0,43.0,17.0,330.0,350.0,16.0,18.0,False,False,135.0,0.9,0.9,0.9,0.9,0.9,0.9,0.9,674.0,52.0,674.0,52.0,0.0,2,False,1.0,1.0,68.0,42.0,0.0,31.8,True,False,False,True,True,7.0,1,True,152.0,255.0,152,SPOKED,SPOKED,0.0,0.0,0.0,0.0,310.0,760.0,34.9,340.0,1.0
480.0,66.0,635.0,74.5,165.0,56.0,590.0,73.5,680.0,40.0,68.0,32.0,32.0,38.0,24.0,13.0,15.0,STEEL,17.0,37.0,23.0,330.0,350.0,16.0,18.0,False,False,135.0,1.1,1.1,1.1,1.1,1.1,1.1,1.1,674.0,52.0,674.0,52.0,0.0,0,False,1.0,1.0,68.0,49.0,0.0,31.8,False,True,True,False,False,10.0,2,False,152.0,255.0,152,SPOKED,SPOKED,0.0,0.0,0.0,0.0,315.0,765.0,34.9,345.0,1.0
490.0,69.0,605.0,72.2,135.0,62.0,510.0,71.5,600.0,40.0,68.0,28.0,26.0,35.0,25.0,13.0,15.0,TITANIUM,25.0,45.0,15.0,330.0,350.0,16.0,18.0,False,False,135.0,0.8,0.8,0.8,0.8,0.8,0.8,0.8,674.0,52.0,674.0,52.0,0.0,1,False,1.0,1.0,68.0,41.0,0.0,31.8,False,False,True,True,True,8.0,1,True,152.0,255.0,152,SPOKED,SPOKED,0.0,0.0,0.0,0.0,320.0,770.0,34.9,350.0,1.0
500.0,64.0,645.0,73.8,175.0,46.0,600.0,74.5,690.0,40.0,68.0,30.0,32.0,37.0,23.0,13.0,15.0,ALUMINIUM,19.0,39.0,21.0,330.0,350.0,16.0,18.0,False,False,135.0,1.0,1.0,1.0,1.0,1.0,1.0,1.0,674.0,52.0,674.0,52.0,0.0,1,False,1.0,1.0,68.0,50.0,0.0,31.8,False,False,False,True,True,9.0,2,False,152.0,255.0,152,SPOKED,SPOKED,0.0,0.0,0.0,0.0,325.0,775.0,34.9,355.0,1.0
