CS textfield,BB textfield,Stack,Head angle,Head tube length textfield,Seat stay junction0,Seat tube length,Seat angle,DT Length,FORK0R,BB diameter,ttd,dtd,csd,ssd,Chain stay position on BB,SSTopZOFFSET,MATERIAL,Head tube upper extension2,Seat tube extension2,Head tube lower extension2,SEATSTAYbrdgshift,CHAINSTAYbrdgshift,SEATSTAYbrdgdia1,CHAINSTAYbrdgdia1,SEATSTAYbrdgCheck,CHAINSTAYbrdgCheck,Dropout spacing,Wall thickness Bottom Bracket,Wall thickness Top tube,Wall thickness Head tube,Wall thickness Down tube,Wall thickness Chain stay,Wall thickness Seat stay,Wall thickness Seat tube,Wheel diameter front,RDBSD,Wheel diameter rear,FDBSD,Fork type,Stem kind,Display AEROBARS,Handlebar style,Head tube type,BB length,Head tube diameter,Wheel cut,Seat tube diameter,bottle SEATTUBE0 show,bottle DOWNTUBE0 show,Front Fender include,Rear Fender include,BELTorCHAIN,Number of cogs,Number of chainrings,Display RACK,FIRST color R_RGB,FIRST color G_RGB,FIRST color B_RGB,RIM_STYLE front,RIM_STYLE rear,SPOKES composite front,SPOKES composite rear,SBLADEW front,SBLADEW rear,Saddle length,Saddle height,Down tube diameter,Seatpost LENGTH,Seat tube type
430.0,70.0,600.0,73.0,150.0,45.0,520.0,73.0,560.0,45.0,40.0,55.0,36.0,30.0,30.0,13.0,15.0,STEEL,30.0,50.0,45.0,330.0,350.0,16.0,18.0,False,False,130.0,2.0,0.9,1.1,0.9,1.2,1.0,0.9,672.0,50.0,672.0,50.0,0.0,1.0,False,1.0,1.0,68.0,44.0,0.0,34.9,False,True,True,True,True,8.0,1.0,False,102.0,153.0,255.0,SPOKED,SPOKED,0.0,0.0,0.0,0.0,280.0,740.0,34.9,350.0,1.0
430.0,72.0,610.0,73.0,170.0,50.0,540.0,74.0,580.0,48.0,40.0,55.0,38.0,32.0,32.0,13.0,17.0,STEEL,35.0,45.0,40.0,330.0,350.0,16.0,18.0,False,False,130.0,2.0,0.9,1.1,0.9,1.2,1.0,0.9,672.0,50.0,672.0,50.0,0.0,1.0,False,1.0,1.0,68.0,44.0,0.0,34.9,False,True,True,True,True,8.0,1.0,False,102.0,153.0,255.0,SPOKED,SPOKED,0.0,0.0,0.0,0.0,285.0,750.0,34.9,350.0,1.0
420.0,72.0,595.0,72.5,160.0,40.0,510.0,72.0,550.0,44.0,40.0,55.0,36.0,31.0,31.0,13.0,15.0,STEEL,32.0,48.0,43.0,330.0,350.0,16.0,18.0,False,False,130.0,2.0,0.9,1.1,0.9,1.2,1.0,0.9,672.0,50.0,672.0,50.0,0.0,1.0,False,1.0,1.0,68.0,44.0,0.0,34.9,False,True,True,True,True,8.0,1.0,False,102.0,153.0,255.0,SPOKED,SPOKED,0.0,0.0,0.0,0.0,275.0,730.0,34.9,350.0,1.0
435.0,68.0,605.0,74.0,140.0,48.0,525.0,73.5,570.0,46.0,40.0,60.0,38.0,30.0,30.0,13.0,15.0,STEEL,28.0,47.0,42.0,330.0,350.0,16.0,18.0,False,False,130.0,2.0,0.9,1.1,0.9,1.2,1.0,0.9,672.0,50.0,672.0,50.0,0.0,1.0,False,1.0,1.0,68.0,44.0,0.0,34.9,False,True,True,True,True,8.0,1.0,False,102.0,153.0,255.0,SPOKED,SPOKED,0.0,0.0,0.0,0.0,290.0,760.0,34.9,350.0,1.0
425.0,75.0,610.0,73.5,155.0,45.0,530.0,74.0,565.0,43.0,40.0,55.0,36.0,30.0,30.0,13.0,14.0,STEEL,33.0,50.0,44.0,330.0,350.0,16.0,18.0,False,False,130.0,2.0,0.9,1.1,0.9,1.2,1.0,0.9,672.0,50.0,672.0,50.0,0.0,1.0,False,1.0,1.0,68.0,44.0,0.0,34.9,False,True,True,True,True,8.0,1.0,False,102.0,153.0,255.0,SPOKED,SPOKED,0.0,0.0,0.0,0.0,280.0,745.0,34.9,350.0,1.0
440.0,70.0,620.0,72.0,165.0,47.0,545.0,73.0,590.0,47.0,40.0,55.0,38.0,32.0,32.0,13.0,16.0,STEEL,36.0,52.0,46.0,330.0,350.0,16.0,18.0,False,False,130.0,2.0,0.9,1.1,0.9,1.2,1.0,0.9,672.0,50.0,672.0,50.0,0.0,1.0,False,1.0,1.0,68.0,44.0,0.0,34.9,False,True,True,True,True,8.0,1.0,False,102.0,153.0,255.0,SPOKED,SPOKED,0.0,0.0,0.0,0.0,295.0,760.0,34.9,350.0,1.0
430.0,65.0,585.0,74.5,145.0,43.0,505.0,72.5,540.0,42.0,40.0,55.0,36.0,30.0,30.0,12.0,14.0,STEEL,26.0,44.0,40.0,330.0,350.0,16.0,18.0,False,False,130.0,2.0,0.9,1.1,0.9,1.2,1.0,0.9,672.0,50.0,672.0,50.0,0.0,1.0,False,1.0,1.0,68.0,44.0,0.0,34.9,False,True,True,True,True,8.0,1.0,False,102.0,153.0,255.0,SPOKED,SPOKED,0.0,0.0,0.0,0.0,265.0,720.0,34.9,350.0,1.0
415.0,75.0,600.0,73.0,150.0,45.0,528.0,73.0,575.0,45.0,40.0,55.0,36.0,30.0,30.0,13.0,15.0,STEEL,30.0,48.0,44.0,330.0,350.0,16.0,18.0,False,False,130.0,2.0,0.9,1.1,0.9,1.2,1.0,0.9,672.0,50.0,672.0,50.0,0.0,1.0,False,1.0,1.0,68.0,44.0,0.0,34.9,False,True,True,True,True,8.0,1.0,False,102.0,153.0,255.0,SPOKED,SPOKED,0.0,0.0,0.0,0.0,285.0,750.0,34.9,350.0,1.0
425.0,68.0,595.0,73.0,180.0,52.0,535.0,74.0,600.0,49.0,40.0,55.0,38.0,32.0,32.0,13.0,16.0,STEEL,40.0,50.0,48.0,330.0,350.0,16.0,18.0,False,False,130.0,2.0,0.9,1.1,0.9,1.2,1.0,0.9,672.0,50.0,672.0,50.0,0.0,1.0,False,1.0,1.0,68.0,44.0,0.0,34.9,False,True,True,True,True,8.0,1.0,False,102.0,153.0,255.0,SPOKED,SPOKED,0.0,0.0,0.0,0.0,300.0,755.0,34.9,350.0,1.0
435.0,70.0,610.0,72.8,165.0,46.0,522.0,73.2,565.0,46.0,40.0,55.0,36.0,30.0,30.0,13.0,15.0,STEEL,35.0,49.0,45.0,330.0,350.0,16.0,18.0,False,False,130.0,2.0,0.9,1.1,0.9,1.2,1.0,0.9,672.0,50.0,672.0,50.0,0.0,1.0,False,1.0,1.0,68.0,44.0,0.0,34.9,False,True,True,True,True,8.0,1.0,False,102.0,153.0,255.0,SPOKED,SPOKED,0.0,0.0,0.0,0.0,295.0,745.0,34.9,350.0,1.0
400.0,65.0,600.0,73.0,160.0,45.0,550.0,73.0,650.0,50.0,42.0,28.6,30.0,30.0,30.0,13.0,15.0,STEEL,30.0,35.0,45.0,330.0,350.0,16.0,18.0,False,False,135.0,2.0,0.9,1.1,0.9,1.2,1.0,0.9,680.0,58.0,680.0,58.0,0.0,0.0,False,1.0,1.0,68.0,45.0,0.0,31.8,True,True,True,True,True,8.0,1.0,True,102.0,178.0,255.0,SPOKED,SPOKED,0.0,0.0,0.0,0.0,280.0,750.0,34.9,300.0,1.0
405.0,68.0,610.0,72.5,180.0,46.0,580.0,74.0,660.0,55.0,45.0,28.6,32.0,29.0,29.0,13.0,15.0,STEEL,31.0,36.0,46.0,330.0,350.0,16.0,18.0,False,False,135.0,2.0,0.9,1.1,0.9,1.2,1.0,0.9,680.0,58.0,680.0,58.0,0.0,1.0,False,1.0,1.0,68.0,45.0,0.0,31.8,True,True,True,True,True,9.0,2.0,True,102.0,178.0,255.0,SPOKED,SPOKED,0.0,0.0,0.0,0.0,280.0,760.0,34.9,300.0,1.0
410.0,72.0,620.0,71.5,200.0,47.0,610.0,75.0,640.0,45.0,40.0,28.6,28.6,31.0,31.0,13.0,15.0,STEEL,32.0,37.0,47.0,330.0,350.0,16.0,18.0,False,False,135.0,2.0,0.9,1.1,0.9,1.2,1.0,0.9,680.0,58.0,680.0,58.0,0.0,2.0,False,1.0,1.0,68.0,45.0,0.0,31.8,True,True,True,True,True,7.0,1.0,True,102.0,178.0,255.0,SPOKED,SPOKED,0.0,0.0,0.0,0.0,280.0,770.0,34.9,300.0,1.0
415.0,70.0,580.0,74.0,140.0,45.0,540.0,72.0,630.0,60.0,43.0,28.6,31.0,30.0,30.0,13.0,15.0,STEEL,33.0,38.0,48.0,330.0,350.0,16.0,18.0,False,False,135.0,2.0,0.9,1.1,0.9,1.2,1.0,0.9,680.0,58.0,680.0,58.0,0.0,0.0,False,1.0,1.0,68.0,45.0,0.0,31.8,True,True,True,True,True,10.0,2.0,True,102.0,178.0,255.0,SPOKED,SPOKED,0.0,0.0,0.0,0.0,280.0,740.0,34.9,300.0,1.0
420.0,66.0,630.0,73.5,155.0,46.0,630.0,73.5,670.0,50.0,41.0,28.6,29.0,32.0,32.0,13.0,15.0,STEEL,34.0,39.0,49.0,330.0,350.0,16.0,18.0,False,False,135.0,2.0,0.9,1.1,0.9,1.2,1.0,0.9,680.0,58.0,680.0,58.0,0.0,1.0,False,1.0,1.0,68.0,45.0,0.0,31.8,True,True,True,True,True,6.0,1.0,True,102.0,178.0,255.0,SPOKED,SPOKED,0.0,0.0,0.0,0.0,280.0,780.0,34.9,300.0,1.0
425.0,74.0,590.0,72.0,195.0,47.0,600.0,74.5,645.0,55.0,44.0,28.6,33.0,28.0,28.0,13.0,15.0,STEEL,35.0,40.0,50.0,330.0,350.0,16.0,18.0,False,False,135.0,2.0,0.9,1.1,0.9,1.2,1.0,0.9,680.0,58.0,680.0,58.0,0.0,2.0,False,1.0,1.0,68.0,45.0,0.0,31.8,True,True,True,True,True,11.0,2.0,True,102.0,178.0,255.0,SPOKED,SPOKED,0.0,0.0,0.0,0.0,280.0,730.0,34.9,300.0,1.0
430.0,69.0,605.0,73.0,170.0,45.0,565.0,72.5,655.0,50.0,42.0,28.6,30.0,30.0,30.0,13.0,15.0,STEEL,36.0,41.0,51.0,330.0,350.0,16.0,18.0,False,False,135.0,2.0,0.9,1.1,0.9,1.2,1.0,0.9,680.0,58.0,680.0,58.0,0.0,0.0,False,1.0,1.0,68.0,45.0,0.0,31.8,True,True,True,True,True,8.0,1.0,True,102.0,178.0,255.0,SPOKED,SPOKED,0.0,0.0,0.0,0.0,280.0,755.0,34.9,300.0,1.0
435.0,67.0,615.0,71.8,185.0,46.0,595.0,75.0,665.0,60.0,45.0,28.6,32.0,29.0,29.0,13.0,15.0,STEEL,37.0,42.0,52.0,330.0,350.0,16.0,18.0,False,False,135.0,2.0,0.9,1.1,0.9,1.2,1.0,0.9,680.0,58.0,680.0,58.0,0.0,1.0,False,1.0,1.0,68.0,45.0,0.0,31.8,True,True,True,True,True,9.0,2.0,True,102.0,178.0,255.0,SPOKED,SPOKED,0.0,0.0,0.0,0.0,280.0,765.0,34.9,300.0,1.0
440.0,73.0,625.0,74.0,165.0,47.0,625.0,73.0,635.0,45.0,40.0,28.6,28.6,31.0,31.0,13.0,15.0,STEEL,38.0,43.0,53.0,330.0,350.0,16.0,18.0,False,False,135.0,2.0,0.9,1.1,0.9,1.2,1.0,0.9,680.0,58.0,680.0,58.0,0.0,2.0,False,1.0,1.0,68.0,45.0,0.0,31.8,True,True,True,True,True,7.0,1.0,True,102.0,178.0,255.0,SPOKED,SPOKED,0.0,0.0,0.0,0.0,280.0,775.0,34.9,300.0,1.0
445.0,71.0,595.0,72.3,175.0,45.0,575.0,74.0,675.0,55.0,43.0,28.6,31.0,30.0,30.0,13.0,15.0,STEEL,39.0,44.0,54.0,330.0,350.0,16.0,18.0,False,False,135.0,2.0,0.9,1.1,0.9,1.2,1.0,0.9,680.0,58.0,680.0,58.0,0.0,0.0,False,1.0,1.0,68.0,45.0,0.0,31.8,True,True,True,True,True,10.0,2.0,True,102.0,178.0,255.0,SPOKED,SPOKED,0.0,0.0,0.0,0.0,280.0,745.0,34.9,300.0,1.0
410.0,70.0,620.0,73.0,150.0,45.0,560.0,73.0,650.0,50.0,40.0,28.6,33.6,36.5,23.35,13.0,15.0,STEEL,30.0,39.0,50.0,330.0,350.0,16.0,18.0,False,False,130.0,2.0,0.9,1.1,0.9,1.2,1.0,0.9,680.0,60.0,680.0,60.0,0.0,1.0,False,1.0,1.0,68.0,45.0,0.0,31.8,True,True,True,True,True,8.0,1.0,True,65.0,105.0,225.0,SPOKED,SPOKED,0.0,0.0,0.0,0.0,278.0,760.0,34.9,300.0,1.0
415.0,72.0,630.0,72.5,160.0,48.0,570.0,74.0,655.0,52.0,40.0,28.6,33.6,36.5,23.35,13.0,15.0,STEEL,32.0,40.0,53.0,330.0,350.0,16.0,18.0,False,False,130.0,2.0,0.9,1.1,0.9,1.2,1.0,0.9,680.0,60.0,680.0,60.0,0.0,1.0,False,1.0,1.0,68.0,45.0,0.0,31.8,True,True,True,True,True,8.0,1.0,True,65.0,105.0,225.0,SPOKED,SPOKED,0.0,0.0,0.0,0.0,278.0,760.0,34.9,300.0,1.0
405.0,68.0,610.0,73.5,140.0,42.0,555.0,73.5,645.0,48.0,40.0,28.6,33.6,36.5,23.35,13.0,15.0,STEEL,28.0,39.0,46.0,330.0,350.0,16.0,18.0,False,False,130.0,2.0,0.9,1.1,0.9,1.2,1.0,0.9,680.0,60.0,680.0,60.0,0.0,1.0,False,1.0,1.0,68.0,45.0,0.0,31.8,True,True,True,True,True,8.0,1.0,True,65.0,105.0,225.0,SPOKED,SPOKED,0.0,0.0,0.0,0.0,278.0,760.0,34.9,300.0,1.0
420.0,75.0,640.0,72.0,170.0,50.0,580.0,72.5,660.0,55.0,40.0,28.6,33.6,36.5,23.35,13.0,15.0,STEEL,34.0,41.0,56.0,330.0,350.0,16.0,18.0,False,False,130.0,2.0,0.9,1.1,0.9,1.2,1.0,0.9,680.0,60.0,680.0,60.0,0.0,1.0,False,1.0,1.0,68.0,45.0,0.0,31.8,True,True,True,True,True,8.0,1.0,True,65.0,105.0,225.0,SPOKED,SPOKED,0.0,0.0,0.0,0.0,278.0,760.0,34.9,300.0,1.0
400.0,65.0,600.0,74.0,130.0,40.0,545.0,74.0,635.0,45.0,40.0,28.6,33.6,36.5,23.35,13.0,15.0,STEEL,26.0,38.0,43.0,330.0,350.0,16.0,18.0,False,False,130.0,2.0,0.9,1.1,0.9,1.2,1.0,0.9,680.0,60.0,680.0,60.0,0.0,1.0,False,1.0,1.0,68.0,45.0,0.0,31.8,True,True,True,True,True,8.0,1.0,True,65.0,105.0,225.0,SPOKED,SPOKED,0.0,0.0,0.0,0.0,278.0,760.0,34.9,300.0,1.0
412.0,70.0,615.0,73.0,155.0,47.0,562.0,73.0,653.0,51.0,40.0,28.6,33.6,36.5,23.35,13.0,15.0,STEEL,31.0,39.0,51.0,330.0,350.0,16.0,18.0,False,False,130.0,2.0,0.9,1.1,0.9,1.2,1.0,0.9,680.0,60.0,680.0,60.0,0.0,1.0,False,1.0,1.0,68.0,45.0,0.0,31.8,True,True,True,True,True,8.0,1.0,True,65.0,105.0,225.0,SPOKED,SPOKED,0.0,0.0,0.0,0.0,278.0,760.0,34.9,300.0,1.0
408.0,69.0,625.0,72.8,158.0,46.0,570.0,73.0,657.0,53.0,40.0,28.6,33.6,36.5,23.35,13.0,15.0,STEEL,32.0,40.0,52.0,330.0,350.0,16.0,18.0,False,False,130.0,2.0,0.9,1.1,0.9,1.2,1.0,0.9,680.0,60.0,680.0,60.0,0.0,1.0,False,1.0,1.0,68.0,45.0,0.0,31.8,True,True,True,True,True,8.0,1.0,True,65.0,105.0,225.0,SPOKED,SPOKED,0.0,0.0,0.0,0.0,278.0,760.0,34.9,300.0,1.0
418.0,74.0,635.0,72.3,165.0,49.0,575.0,73.8,658.0,54.0,40.0,28.6,33.6,36.5,23.35,13.0,15.0,STEEL,33.0,40.0,55.0,330.0,350.0,16.0,18.0,False,False,130.0,2.0,0.9,1.1,0.9,1.2,1.0,0.9,680.0,60.0,680.0,60.0,0.0,1.0,False,1.0,1.0,68.0,45.0,0.0,31.8,True,True,True,True,True,8.0,1.0,True,65.0,105.0,225.0,SPOKED,SPOKED,0.0,0.0,0.0,0.0,278.0,760.0,34.9,300.0,1.0
402.0,65.0,605.0,73.6,145.0,43.0,552.0,73.4,648.0,49.0,40.0,28.6,33.6,36.5,23.35,13.0,15.0,STEEL,29.0,39.0,48.0,330.0,350.0,16.0,18.0,False,False,130.0,2.0,0.9,1.1,0.9,1.2,1.0,0.9,680.0,60.0,680.0,60.0,0.0,1.0,False,1.0,1.0,68.0,45.0,0.0,31.8,True,True,True,True,True,8.0,1.0,True,65.0,105.0,225.0,SPOKED,SPOKED,0.0,0.0,0.0,0.0,278.0,760.0,34.9,300.0,1.0
407.0,71.0,628.0,73.2,152.0,44.0,560.0,73.2,651.0,52.0,40.0,28.6,33.6,36.5,23.35,13.0,15.0,STEEL,30.0,39.0,50.0,330.0,350.0,16.0,18.0,False,False,130.0,2.0,0.9,1.1,0.9,1.2,1.0,0.9,680.0,60.0,680.0,60.0,0.0,1.0,False,1.0,1.0,68.0,45.0,0.0,31.8,True,True,True,True,True,8.0,1.0,True,65.0,105.0,225.0,SPOKED,SPOKED,0.0,0.0,0.0,0.0,278.0,760.0,34.9,300.0,1.0
390.0,65.0,580.0,72.0,140.0,40.0,520.0,73.0,630.0,45.0,45.0,30.0,32.0,23.35,13.0,15.0,9.0,STEEL,40.0,45.0,49.4,330.0,350.0,16.0,18.0,False,False,135.0,2.0,1.1,1.1,1.1,1.0,1.0,1.0,650.0,70.0,650.0,70.0,0.0,2.0,False,1.0,1.0,68.0,45.0,0.0,31.8,True,True,True,True,True,8.0,2.0,True,100.0,149.0,237.0,SPOKED,SPOKED,0.0,0.0,80.0,80.0,300.0,710.0,34.9,700.0,1.0
400.0,70.0,590.0,73.0,145.0,45.0,525.0,74.0,640.0,50.0,45.0,30.0,32.0,23.35,13.0,15.0,9.0,STEEL,40.0,45.0,49.4,330.0,350.0,16.0,18.0,False,False,135.0,2.0,1.1,1.1,1.1,1.0,1.0,1.0,650.0,70.0,650.0,70.0,0.0,2.0,False,1.0,1.0,68.0,45.0,0.0,31.8,True,True,True,True,True,8.0,2.0,True,100.0,149.0,237.0,SPOKED,SPOKED,0.0,0.0,80.0,80.0,300.0,710.0,34.9,700.0,1.0
410.0,75.0,600.0,74.0,150.0,50.0,530.0,73.5,650.0,55.0,45.0,30.0,32.0,23.35,13.0,15.0,9.0,STEEL,40.0,45.0,49.4,330.0,350.0,16.0,18.0,False,False,135.0,2.0,1.1,1.1,1.1,1.0,1.0,1.0,650.0,70.0,650.0,70.0,0.0,2.0,False,1.0,1.0,68.0,45.0,0.0,31.8,True,True,True,True,True,8.0,2.0,True,100.0,149.0,237.0,SPOKED,SPOKED,0.0,0.0,80.0,80.0,300.0,710.0,34.9,700.0,1.0
420.0,60.0,610.0,72.5,155.0,45.0,525.0,74.5,640.0,45.0,45.0,30.0,32.0,23.35,13.0,15.0,9.0,STEEL,40.0,45.0,49.4,330.0,350.0,16.0,18.0,False,False,135.0,2.0,1.1,1.1,1.1,1.0,1.0,1.0,650.0,70.0,650.0,70.0,0.0,2.0,False,1.0,1.0,68.0,45.0,0.0,31.8,True,True,True,True,True,8.0,2.0,True,100.0,149.0,237.0,SPOKED,SPOKED,0.0,0.0,80.0,80.0,300.0,710.0,34.9,700.0,1.0
430.0,68.0,620.0,73.5,150.0,50.0,530.0,75.0,650.0,50.0,45.0,30.0,32.0,23.35,13.0,15.0,9.0,STEEL,40.0,45.0,49.4,330.0,350.0,16.0,18.0,False,False,135.0,2.0,1.1,1.1,1.1,1.0,1.0,1.0,650.0,70.0,650.0,70.0,0.0,2.0,False,1.0,1.0,68.0,45.0,0.0,31.8,True,True,True,True,True,8.0,2.0,True,100.0,149.0,237.0,SPOKED,SPOKED,0.0,0.0,80.0,80.0,300.0,710.0,34.9,700.0,1.0
440.0,70.0,630.0,74.0,160.0,55.0,535.0,74.0,655.0,50.0,45.0,30.0,32.0,23.35,13.0,15.0,9.0,STEEL,40.0,45.0,49.4,330.0,350.0,16.0,18.0,False,False,135.0,2.0,1.1,1.1,1.1,1.0,1.0,1.0,650.0,70.0,650.0,70.0,0.0,2.0,False,1.0,1.0,68.0,45.0,0.0,31.8,True,True,True,True,True,8.0,2.0,True,100.0,149.0,237.0,SPOKED,SPOKED,0.0,0.0,80.0,80.0,300.0,710.0,34.9,700.0,1.0
450.0,72.0,640.0,72.0,145.0,45.0,525.0,73.0,635.0,45.0,45.0,30.0,32.0,23.35,13.0,15.0,9.0,STEEL,40.0,45.0,49.4,330.0,350.0,16.0,18.0,False,False,135.0,2.0,1.1,1.1,1.1,1.0,1.0,1.0,650.0,70.0,650.0,70.0,0.0,2.0,False,1.0,1.0,68.0,45.0,0.0,31.8,True,True,True,True,True,8.0,2.0,True,100.0,149.0,237.0,SPOKED,SPOKED,0.0,0.0,80.0,80.0,300.0,710.0,34.9,700.0,1.0
460.0,66.0,650.0,73.0,155.0,50.0,530.0,74.0,645.0,55.0,45.0,30.0,32.0,23.35,13.0,15.0,9.0,STEEL,40.0,45.0,49.4,330.0,350.0,16.0,18.0,False,False,135.0,2.0,1.1,1.1,1.1,1.0,1.0,1.0,650.0,70.0,650.0,70.0,0.0,2.0,False,1.0,1.0,68.0,45.0,0.0,31.8,True,True,True,True,True,8.0,2.0,True,100.0,149.0,237.0,SPOKED,SPOKED,0.0,0.0,80.0,80.0,300.0,710.0,34.9,700.0,1.0
470.0,70.0,660.0,74.0,140.0,40.0,520.0,73.0,630.0,50.0,45.0,30.0,32.0,23.35,13.0,15.0,9.0,STEEL,40.0,45.0,49.4,330.0,350.0,16.0,18.0,False,False,135.0,2.0,1.1,1.1,1.1,1.0,1.0,1.0,650.0,70.0,650.0,70.0,0.0,2.0,False,1.0,1.0,68.0,45.0,0.0,31.8,True,True,True,True,True,8.0,2.0,True,100.0,149.0,237.0,SPOKED,SPOKED,0.0,0.0,80.0,80.0,300.0,710.0,34.9,700.0,1.0
480.0,64.0,670.0,73.5,160.0,55.0,535.0,75.0,660.0,45.0,45.0,30.0,32.0,23.35,13.0,15.0,9.0,STEEL,40.0,45.0,49.4,330.0,350.0,16.0,18.0,False,False,135.0,2.0,1.1,1.1,1.1,1.0,1.0,1.0,650.0,70.0,650.0,70.0,0.0,2.0,False,1.0,1.0,68.0,45.0,0.0,31.8,True,True,True,True,True,8.0,2.0,True,100.0,149.0,237.0,SPOKED,SPOKED,0.0,0.0,80.0,80.0,300.0,710.0,34.9,700.0,1.0
450.0,65.0,600.0,73.0,150.0,50.0,580.0,73.0,640.0,45.0,45.0,1.0,1.0,1.0,1.0,13.0,15.0,STEEL,35.0,40.0,20.0,330.0,350.0,16.0,18.0,False,False,130.0,2.0,0.9,1.1,1.1,1.0,0.9,1.0,680.0,60.0,680.0,60.0,0.0,1.0,False,1.0,1.0,68.0,44.0,0.0,30.0,False,True,True,True,False,8.0,2.0,True,102.0,204.0,255.0,SPOKED,SPOKED,1.0,1.0,80.0,80.0,280.0,740.0,34.9,300.0,1.0
460.0,68.0,620.0,72.5,160.0,55.0,590.0,74.0,650.0,50.0,50.0,1.1,1.0,1.1,1.1,14.0,15.0,STEEL,36.0,42.0,22.0,335.0,352.0,16.0,18.0,True,True,135.0,2.0,1.0,1.2,1.0,1.0,1.0,1.1,685.0,55.0,685.0,55.0,0.0,1.0,False,1.0,1.0,70.0,46.0,0.0,32.0,True,True,True,True,True,9.0,1.0,True,100.0,149.0,237.0,SPOKED,DISC,1.0,0.0,85.0,0.0,285.0,750.0,35.0,320.0,1.0
440.0,63.0,590.0,74.0,140.0,48.0,570.0,72.0,630.0,45.0,45.0,0.9,1.1,1.0,1.0,13.0,15.0,STEEL,33.0,38.0,19.0,330.0,350.0,16.0,18.0,False,False,130.0,2.0,0.9,1.0,1.2,1.0,1.0,1.0,675.0,55.0,675.0,55.0,0.0,1.0,False,1.0,1.0,68.0,42.0,0.0,30.0,False,True,True,True,False,7.0,3.0,True,70.0,130.0,180.0,DISC,SPOKED,0.0,1.0,0.0,85.0,275.0,730.0,34.5,290.0,1.0
480.0,70.0,640.0,73.5,155.0,52.0,600.0,73.5,655.0,48.0,50.0,1.0,0.9,1.0,1.1,13.0,15.0,STEEL,37.0,45.0,21.0,330.0,350.0,16.0,18.0,True,True,135.0,2.0,1.1,1.2,1.0,1.0,1.0,1.1,690.0,58.0,690.0,58.0,0.0,1.0,False,1.0,1.0,68.0,45.0,0.0,32.0,False,False,True,True,False,8.0,2.0,True,95.0,158.0,160.0,SPOKED,SPOKED,1.0,1.0,80.0,80.0,282.0,760.0,34.7,310.0,1.0
455.0,66.0,610.0,72.0,145.0,50.0,585.0,73.0,645.0,46.0,45.0,1.0,1.0,1.1,1.0,13.0,15.0,STEEL,34.0,40.0,18.0,330.0,350.0,16.0,18.0,False,False,130.0,2.0,0.9,1.0,1.1,1.0,0.9,1.0,685.0,60.0,685.0,60.0,0.0,1.0,False,1.0,1.0,69.0,43.0,0.0,30.0,False,True,True,True,False,9.0,1.0,True,130.0,200.0,255.0,DISC,DISC,0.0,0.0,0.0,0.0,290.0,745.0,34.9,305.0,1.0
470.0,64.0,615.0,73.0,150.0,53.0,595.0,73.0,650.0,47.0,50.0,1.1,1.0,1.0,1.1,13.0,15.0,STEEL,35.0,43.0,20.0,330.0,350.0,16.0,18.0,True,False,135.0,2.0,1.0,1.1,1.0,1.0,1.0,1.0,680.0,57.0,680.0,57.0,0.0,1.0,False,1.0,1.0,68.0,46.0,0.0,31.0,True,False,True,True,True,10.0,2.0,True,85.0,99.0,185.0,SPOKED,DISC,1.0,0.0,80.0,0.0,270.0,735.0,35.0,300.0,1.0
430.0,67.0,605.0,74.0,142.0,49.0,575.0,72.5,635.0,45.0,45.0,0.9,1.0,1.0,1.0,13.0,15.0,STEEL,32.0,39.0,17.0,330.0,350.0,16.0,18.0,False,True,130.0,2.0,0.9,1.0,1.0,1.0,1.0,1.0,675.0,55.0,675.0,55.0,0.0,1.0,False,1.0,1.0,68.0,42.0,0.0,29.0,False,False,True,False,False,8.0,1.0,True,65.0,105.0,225.0,SPOKED,SPOKED,1.0,1.0,80.0,80.0,275.0,720.0,34.7,290.0,1.0
465.0,69.0,630.0,73.0,158.0,54.0,605.0,74.0,657.0,46.0,50.0,1.1,1.0,1.1,1.1,13.0,15.0,STEEL,38.0,44.0,23.0,330.0,350.0,16.0,18.0,True,True,135.0,2.0,1.1,1.2,1.1,1.0,1.0,1.1,688.0,59.0,688.0,59.0,0.0,1.0,False,1.0,1.0,69.0,45.0,0.0,32.0,True,True,True,True,False,9.0,3.0,True,123.0,104.0,238.0,DISC,SPOKED,0.0,1.0,0.0,80.0,295.0,765.0,34.8,315.0,1.0
445.0,62.0,595.0,74.0,138.0,47.0,565.0,72.0,628.0,45.0,45.0,1.0,1.1,1.0,1.0,13.0,15.0,STEEL,31.0,37.0,16.0,330.0,350.0,16.0,18.0,False,False,130.0,2.0,0.9,1.0,1.1,1.0,0.9,1.0,670.0,53.0,670.0,53.0,0.0,1.0,False,1.0,1.0,68.0,40.0,0.0,28.0,False,True,True,True,False,7.0,2.0,True,160.0,221.0,255.0,SPOKED,DISC,1.0,0.0,80.0,0.0,265.0,710.0,34.7,280.0,1.0
475.0,68.0,625.0,72.0,152.0,51.0,598.0,74.0,652.0,47.0,50.0,1.1,1.0,1.0,1.1,13.0,15.0,STEEL,36.0,43.0,22.0,330.0,350.0,16.0,18.0,False,True,135.0,2.0,1.0,1.1,1.0,1.0,1.0,1.1,682.0,56.0,682.0,56.0,0.0,1.0,False,1.0,1.0,68.0,44.0,0.0,31.0,True,False,True,False,True,10.0,2.0,True,65.0,105.0,255.0,SPOKED,SPOKED,0.0,1.0,0.0,80.0,280.0,750.0,34.9,295.0,1.0
420.0,60.0,580.0,72.0,140.0,55.0,520.0,72.0,580.0,45.0,40.0,28.6,34.9,30.0,20.0,10.0,15.0,STEEL,20.0,30.0,40.0,330.0,350.0,16.0,18.0,False,False,135.0,2.0,0.9,1.1,0.9,1.2,1.0,0.9,674.0,52.0,674.0,52.0,0.0,1.0,False,1.0,1.0,68.0,40.0,0.0,31.8,True,False,False,False,True,8.0,1.0,False,100.0,150.0,255.0,SPOKED,SPOKED,0.0,0.0,80.0,80.0,278.0,750.0,34.9,350.0,1.0
425.0,62.0,590.0,72.5,145.0,57.5,530.0,72.5,590.0,46.0,42.0,29.0,34.9,31.0,21.0,11.0,16.0,STEEL,22.5,32.5,42.0,330.0,350.0,16.0,18.0,False,False,135.0,2.0,0.9,1.1,0.9,1.2,1.0,0.9,674.0,52.0,674.0,52.0,0.0,1.0,False,1.0,1.0,68.0,42.0,0.0,31.8,True,False,False,False,True,8.0,1.0,False,100.0,150.0,255.0,SPOKED,SPOKED,0.0,0.0,80.0,80.0,278.0,750.0,34.9,350.0,1.0
430.0,64.0,600.0,73.0,150.0,60.0,540.0,73.0,600.0,47.0,44.0,30.0,34.9,32.0,22.0,12.0,17.0,STEEL,25.0,35.0,44.0,330.0,350.0,16.0,18.0,False,False,135.0,2.0,0.9,1.1,0.9,1.2,1.0,0.9,674.0,52.0,674.0,52.0,0.0,1.0,False,1.0,1.0,68.0,44.0,0.0,31.8,True,False,False,False,True,8.0,1.0,False,100.0,150.0,255.0,SPOKED,SPOKED,0.0,0.0,80.0,80.0,278.0,750.0,34.9,350.0,1.0
435.0,66.0,610.0,73.5,155.0,62.5,550.0,73.5,610.0,48.0,46.0,31.0,34.9,33.0,23.0,13.0,18.0,STEEL,27.5,37.5,46.0,330.0,350.0,16.0,18.0,False,False,135.0,2.0,0.9,1.1,0.9,1.2,1.0,0.9,674.0,52.0,674.0,52.0,0.0,1.0,False,1.0,1.0,68.0,46.0,0.0,31.8,True,False,False,False,True,8.0,1.0,False,100.0,150.0,255.0,SPOKED,SPOKED,0.0,0.0,80.0,80.0,278.0,750.0,34.9,350.0,1.0
440.0,68.0,620.0,74.0,160.0,65.0,560.0,74.0,620.0,49.0,48.0,32.0,34.9,34.0,24.0,14.0,19.0,STEEL,30.0,40.0,48.0,330.0,350.0,16.0,18.0,False,False,135.0,2.0,0.9,1.1,0.9,1.2,1.0,0.9,674.0,52.0,674.0,52.0,0.0,1.0,False,1.0,1.0,68.0,48.0,0.0,31.8,True,False,False,False,True,8.0,1.0,False,100.0,150.0,255.0,SPOKED,SPOKED,0.0,0.0,80.0,80.0,278.0,750.0,34.9,350.0,1.0
445.0,70.0,630.0,74.5,165.0,67.5,570.0,74.5,630.0,50.0,50.0,33.0,34.9,35.0,25.0,15.0,20.0,STEEL,32.5,42.5,50.0,330.0,350.0,16.0,18.0,False,False,135.0,2.0,0.9,1.1,0.9,1.2,1.0,0.9,674.0,52.0,674.0,52.0,0.0,1.0,False,1.0,1.0,68.0,50.0,0.0,31.8,True,False,False,False,True,8.0,1.0,False,100.0,150.0,255.0,SPOKED,SPOKED,0.0,0.0,80.0,80.0,278.0,750.0,34.9,350.0,1.0
450.0,72.0,640.0,75.0,170.0,70.0,580.0,75.0,640.0,51.0,52.0,33.6,34.9,36.0,30.0,16.0,21.0,STEEL,35.0,45.0,52.0,330.0,350.0,16.0,18.0,False,False,135.0,2.0,0.9,1.1,0.9,1.2,1.0,0.9,674.0,52.0,674.0,52.0,0.0,1.0,False,1.0,1.0,68.0,52.0,0.0,31.8,True,False,False,False,True,8.0,1.0,False,100.0,150.0,255.0,SPOKED,SPOKED,0.0,0.0,80.0,80.0,278.0,750.0,34.9,350.0,1.0
455.0,74.0,650.0,71.5,175.0,52.5,590.0,71.5,650.0,52.0,54.0,27.0,34.9,37.5,35.0,17.0,22.0,STEEL,37.5,47.5,54.0,330.0,350.0,16.0,18.0,False,False,135.0,2.0,0.9,1.1,0.9,1.2,1.0,0.9,674.0,52.0,674.0,52.0,0.0,1.0,False,1.0,1.0,68.0,54.0,0.0,31.8,True,False,False,False,True,8.0,1.0,False,100.0,150.0,255.0,SPOKED,SPOKED,0.0,0.0,80.0,80.0,278.0,750.0,34.9,350.0,1.0
460.0,76.0,660.0,71.0,180.0,50.0,600.0,71.0,660.0,53.0,56.0,26.0,34.9,38.0,37.5,18.0,23.0,STEEL,40.0,50.0,56.0,330.0,350.0,16.0,18.0,False,False,135.0,2.0,0.9,1.1,0.9,1.2,1.0,0.9,674.0,52.0,674.0,52.0,0.0,1.0,False,1.0,1.0,68.0,56.0,0.0,31.8,True,False,False,False,True,8.0,1.0,False,100.0,150.0,255.0,SPOKED,SPOKED,0.0,0.0,80.0,80.0,278.0,750.0,34.9,350.0,1.0
465.0,78.0,670.0,70.5,185.0,75.0,610.0,70.5,670.0,54.0,58.0,35.0,34.9,39.0,39.0,19.0,24.0,STEEL,42.5,52.5,58.0,330.0,350.0,16.0,18.0,False,False,135.0,2.0,0.9,1.1,0.9,1.2,1.0,0.9,674.0,52.0,674.0,52.0,0.0,1.0,False,1.0,1.0,68.0,58.0,0.0,31.8,True,False,False,False,True,8.0,1.0,False,100.0,150.0,255.0,SPOKED,SPOKED,0.0,0.0,80.0,80.0,278.0,750.0,34.9,350.0,1.0
420.0,60.0,600.0,73.0,160.0,45.0,540.0,73.5,650.0,50.0,45.0,40.0,28.6,36.5,23.35,13.0,15.0,STEEL,35.0,40.0,30.0,330.0,350.0,16.0,18.0,False,False,130.0,2.0,0.9,1.1,0.9,1.2,1.0,0.9,674.0,52.0,674.0,52.0,0.0,1.0,False,1.0,1.0,68.0,45.0,0.0,31.8,True,False,True,True,True,9.0,2.0,False,65.0,105.0,225.0,SPOKED,SPOKED,0.0,0.0,0.0,0.0,278.0,762.0,34.9,300.0,1.0
430.0,55.0,610.0,72.5,170.0,50.0,550.0,74.0,660.0,52.0,45.0,40.0,28.6,36.5,23.35,13.0,15.0,STEEL,36.0,42.0,30.0,330.0,350.0,16.0,18.0,False,False,130.0,2.0,0.95,1.05,0.92,1.18,1.02,0.88,674.0,52.0,674.0,52.0,0.0,1.0,False,1.0,1.0,68.0,45.0,0.0,31.8,False,True,True,True,True,8.0,1.0,False,65.0,105.0,225.0,SPOKED,SPOKED,0.0,0.0,0.0,0.0,278.0,762.0,34.9,300.0,1.0
425.0,65.0,595.0,73.5,155.0,48.0,545.0,73.0,645.0,48.0,45.0,40.0,28.6,36.5,23.35,13.0,15.0,STEEL,34.0,38.0,29.0,330.0,350.0,16.0,18.0,False,False,130.0,2.0,0.92,1.12,0.94,1.22,1.01,0.93,674.0,52.0,674.0,52.0,0.0,1.0,False,1.0,1.0,68.0,45.0,0.0,31.8,True,True,True,True,True,10.0,2.0,False,65.0,105.0,225.0,SPOKED,SPOKED,0.0,0.0,0.0,0.0,278.0,762.0,34.9,300.0,1.0
415.0,60.0,605.0,74.0,165.0,47.0,548.0,73.8,655.0,55.0,45.0,40.0,28.6,36.5,23.35,13.0,15.0,STEEL,37.0,41.0,31.0,330.0,350.0,16.0,18.0,False,False,130.0,2.0,0.98,1.08,0.96,1.19,1.03,0.9,674.0,52.0,674.0,52.0,0.0,1.0,False,1.0,1.0,68.0,45.0,0.0,31.8,False,False,True,True,True,11.0,1.0,False,65.0,105.0,225.0,SPOKED,SPOKED,0.0,0.0,0.0,0.0,278.0,762.0,34.9,300.0,1.0
440.0,58.0,620.0,72.0,180.0,50.0,560.0,73.2,670.0,50.0,45.0,40.0,28.6,36.5,23.35,13.0,15.0,STEEL,38.0,45.0,32.0,330.0,350.0,16.0,18.0,False,False,130.0,2.0,0.9,1.1,0.9,1.2,1.0,0.9,674.0,52.0,674.0,52.0,0.0,1.0,False,1.0,1.0,68.0,45.0,0.0,31.8,False,True,True,True,True,9.0,2.0,False,65.0,105.0,225.0,SPOKED,SPOKED,0.0,0.0,0.0,0.0,278.0,762.0,34.9,300.0,1.0
435.0,62.0,590.0,73.0,158.0,46.0,540.0,74.2,648.0,49.0,45.0,40.0,28.6,36.5,23.35,13.0,15.0,STEEL,35.0,40.0,30.0,330.0,350.0,16.0,18.0,False,False,130.0,2.0,1.0,1.1,0.9,1.2,1.0,0.9,674.0,52.0,674.0,52.0,0.0,1.0,False,1.0,1.0,68.0,45.0,0.0,31.8,False,False,True,True,True,10.0,2.0,False,65.0,105.0,225.0,SPOKED,SPOKED,0.0,0.0,0.0,0.0,278.0,762.0,34.9,300.0,1.0
425.0,60.0,615.0,72.8,162.0,49.0,555.0,73.5,665.0,53.0,45.0,40.0,28.6,36.5,23.35,13.0,15.0,STEEL,36.0,43.0,31.0,330.0,350.0,16.0,18.0,False,False,130.0,2.0,0.93,1.07,0.91,1.15,0.98,0.92,674.0,52.0,674.0,52.0,0.0,1.0,False,1.0,1.0,68.0,45.0,0.0,31.8,True,True,False,False,True,8.0,1.0,False,65.0,105.0,225.0,SPOKED,SPOKED,0.0,0.0,0.0,0.0,278.0,762.0,34.9,300.0,1.0
430.0,57.0,600.0,74.0,168.0,52.0,550.0,73.0,660.0,54.0,45.0,40.0,28.6,36.5,23.35,13.0,15.0,STEEL,37.0,42.0,33.0,330.0,350.0,16.0,18.0,False,False,130.0,2.0,0.88,1.12,0.9,1.18,1.0,0.94,674.0,52.0,674.0,52.0,0.0,1.0,False,1.0,1.0,68.0,45.0,0.0,31.8,False,True,True,True,True,9.0,2.0,False,65.0,105.0,225.0,SPOKED,SPOKED,0.0,0.0,0.0,0.0,278.0,762.0,34.9,300.0,1.0
420.0,63.0,605.0,73.3,160.0,47.0,545.0,74.0,650.0,51.0,45.0,40.0,28.6,36.5,23.35,13.0,15.0,STEEL,35.0,39.0,29.0,330.0,350.0,16.0,18.0,False,False,130.0,2.0,0.96,1.14,0.93,1.21,1.02,0.89,674.0,52.0,674.0,52.0,0.0,1.0,False,1.0,1.0,68.0,45.0,0.0,31.8,True,False,True,True,True,11.0,1.0,False,65.0,105.0,225.0,SPOKED,SPOKED,0.0,0.0,0.0,0.0,278.0,762.0,34.9,300.0,1.0
420.0,62.0,610.0,72.5,160.0,50.0,560.0,73.0,640.0,50.0,68.0,28.6,36.5,25.0,20.0,13.0,15.0,STEEL,34.0,45.0,45.0,330.0,350.0,16.0,18.0,False,False,130.0,2.0,0.9,1.1,0.9,1.2,1.0,0.9,674.0,52.0,674.0,52.0,1.0,0.0,False,1.0,1.0,68.0,45.0,0.0,31.8,True,True,True,True,True,8.0,2.0,True,100.0,149.0,237.0,SPOKED,SPOKED,0.0,0.0,80.0,80.0,278.0,740.0,34.9,300.0,1.0
425.0,65.0,620.0,73.0,170.0,50.0,570.0,73.0,650.0,50.0,68.0,28.6,36.5,25.0,20.0,13.0,15.0,STEEL,35.0,46.0,46.0,330.0,350.0,16.0,18.0,False,False,130.0,2.0,0.9,1.1,0.9,1.2,1.0,0.9,674.0,52.0,674.0,52.0,1.0,0.0,False,1.0,1.0,68.0,45.0,0.0,31.8,True,True,True,True,True,8.0,2.0,True,100.0,149.0,237.0,SPOKED,SPOKED,0.0,0.0,80.0,80.0,278.0,740.0,34.9,300.0,1.0
430.0,68.0,630.0,73.5,180.0,50.0,580.0,73.0,660.0,50.0,68.0,28.6,36.5,25.0,20.0,13.0,15.0,STEEL,36.0,47.0,47.0,330.0,350.0,16.0,18.0,False,False,130.0,2.0,0.9,1.1,0.9,1.2,1.0,0.9,674.0,52.0,674.0,52.0,1.0,0.0,False,1.0,1.0,68.0,45.0,0.0,31.8,True,True,True,True,True,8.0,2.0,True,100.0,149.0,237.0,SPOKED,SPOKED,0.0,0.0,80.0,80.0,278.0,740.0,34.9,300.0,1.0
415.0,66.0,625.0,72.8,165.0,50.0,565.0,73.0,655.0,50.0,68.0,28.6,36.5,25.0,20.0,13.0,15.0,STEEL,35.0,44.0,44.0,330.0,350.0,16.0,18.0,False,False,130.0,2.0,0.9,1.1,0.9,1.2,1.0,0.9,674.0,52.0,674.0,52.0,1.0,0.0,False,1.0,1.0,68.0,45.0,0.0,31.8,True,True,True,True,True,8.0,2.0,True,100.0,149.0,237.0,SPOKED,SPOKED,0.0,0.0,80.0,80.0,278.0,740.0,34.9,300.0,1.0
435.0,64.0,615.0,73.2,155.0,50.0,555.0,73.0,645.0,50.0,68.0,28.6,36.5,25.0,20.0,13.0,15.0,STEEL,34.0,43.0,43.0,330.0,350.0,16.0,18.0,False,False,130.0,2.0,0.9,1.1,0.9,1.2,1.0,0.9,674.0,52.0,674.0,52.0,1.0,0.0,False,1.0,1.0,68.0,45.0,0.0,31.8,True,True,True,True,True,8.0,2.0,True,100.0,149.0,237.0,SPOKED,SPOKED,0.0,0.0,80.0,80.0,278.0,740.0,34.9,300.0,1.0
445.0,69.0,635.0,73.6,175.0,50.0,585.0,73.0,665.0,50.0,68.0,28.6,36.5,25.0,20.0,13.0,15.0,STEEL,36.0,48.0,48.0,330.0,350.0,16.0,18.0,False,False,130.0,2.0,0.9,1.1,0.9,1.2,1.0,0.9,674.0,52.0,674.0,52.0,1.0,0.0,False,1.0,1.0,68.0,45.0,0.0,31.8,True,True,True,True,True,8.0,2.0,True,100.0,149.0,237.0,SPOKED,SPOKED,0.0,0.0,80.0,80.0,278.0,740.0,34.9,300.0,1.0
455.0,63.0,605.0,72.2,185.0,50.0,595.0,73.0,670.0,50.0,68.0,28.6,36.5,25.0,20.0,13.0,15.0,STEEL,37.0,49.0,49.0,330.0,350.0,16.0,18.0,False,False,130.0,2.0,0.9,1.1,0.9,1.2,1.0,0.9,674.0,52.0,674.0,52.0,1.0,0.0,False,1.0,1.0,68.0,45.0,0.0,31.8,True,True,True,True,True,8.0,2.0,True,100.0,149.0,237.0,SPOKED,SPOKED,0.0,0.0,80.0,80.0,278.0,740.0,34.9,300.0,1.0
465.0,67.0,640.0,73.8,150.0,50.0,550.0,73.0,635.0,50.0,68.0,28.6,36.5,25.0,20.0,13.0,15.0,STEEL,33.0,42.0,42.0,330.0,350.0,16.0,18.0,False,False,130.0,2.0,0.9,1.1,0.9,1.2,1.0,0.9,674.0,52.0,674.0,52.0,1.0,0.0,False,1.0,1.0,68.0,45.0,0.0,31.8,True,True,True,True,True,8.0,2.0,True,100.0,149.0,237.0,SPOKED,SPOKED,0.0,0.0,80.0,80.0,278.0,740.0,34.9,300.0,1.0
475.0,61.0,600.0,72.0,145.0,50.0,545.0,73.0,630.0,50.0,68.0,28.6,36.5,25.0,20.0,13.0,15.0,STEEL,38.0,50.0,50.0,330.0,350.0,16.0,18.0,False,False,130.0,2.0,0.9,1.1,0.9,1.2,1.0,0.9,674.0,52.0,674.0,52.0,1.0,0.0,False,1.0,1.0,68.0,45.0,0.0,31.8,True,True,True,True,True,8.0,2.0,True,100.0,149.0,237.0,SPOKED,SPOKED,0.0,0.0,80.0,80.0,278.0,740.0,34.9,300.0,1.0
485.0,70.0,645.0,74.0,190.0,50.0,600.0,73.0,675.0,50.0,68.0,28.6,36.5,25.0,20.0,13.0,15.0,STEEL,32.0,41.0,41.0,330.0,350.0,16.0,18.0,False,False,130.0,2.0,0.9,1.1,0.9,1.2,1.0,0.9,674.0,52.0,674.0,52.0,1.0,0.0,False,1.0,1.0,68.0,45.0,0.0,31.8,True,True,True,True,True,8.0,2.0,True,100.0,149.0,237.0,SPOKED,SPOKED,0.0,0.0,80.0,80.0,278.0,740.0,34.9,300.0,1.0
420.0,70.0,620.0,73.5,150.0,50.0,580.0,74.0,650.0,50.0,45.0,28.6,36.5,23.35,30.0,13.0,15.0,STEEL,35.0,55.0,50.0,330.0,350.0,16.0,18.0,False,False,135.0,2.0,0.9,1.1,0.9,1.0,0.9,0.9,680.0,50.0,680.0,50.0,0.0,0.0,False,1.0,1.0,68.0,45.0,0.0,31.8,False,False,True,True,True,9.0,1.0,False,102.0,153.0,255.0,SPOKED,SPOKED,0.0,0.0,80.0,80.0,300.0,320.0,34.9,750.0,1.0
430.0,65.0,630.0,72.5,140.0,55.0,570.0,73.0,640.0,47.0,45.0,28.6,36.5,23.35,32.0,13.0,15.0,STEEL,30.0,50.0,48.0,330.0,350.0,16.0,18.0,False,False,135.0,2.0,0.9,1.1,0.9,1.0,0.9,0.9,680.0,50.0,680.0,50.0,0.0,1.0,False,1.0,1.0,68.0,50.0,0.0,31.8,False,False,True,True,True,8.0,1.0,False,102.0,153.0,255.0,SPOKED,SPOKED,0.0,0.0,80.0,80.0,290.0,310.0,34.9,720.0,1.0
415.0,75.0,610.0,74.0,160.0,48.0,590.0,74.5,660.0,52.0,50.0,30.0,36.5,23.35,35.0,13.0,15.0,STEEL,38.0,58.0,55.0,330.0,350.0,16.0,18.0,False,False,135.0,2.0,0.9,1.1,0.9,1.0,0.9,0.9,680.0,50.0,680.0,50.0,0.0,2.0,False,1.0,1.0,68.0,45.0,0.0,31.8,False,False,True,True,True,10.0,1.0,False,102.0,153.0,255.0,SPOKED,SPOKED,0.0,0.0,80.0,80.0,310.0,330.0,34.9,780.0,1.0
405.0,68.0,620.0,73.0,155.0,53.0,600.0,73.5,655.0,48.0,45.0,28.6,36.5,23.35,33.0,13.0,15.0,STEEL,33.0,53.0,52.0,330.0,350.0,16.0,18.0,False,False,135.0,2.0,0.9,1.1,0.9,1.0,0.9,0.9,680.0,50.0,680.0,50.0,0.0,0.0,False,1.0,1.0,68.0,45.0,0.0,31.8,False,False,True,True,True,7.0,1.0,False,102.0,153.0,255.0,SPOKED,SPOKED,0.0,0.0,80.0,80.0,295.0,305.0,34.9,710.0,1.0
440.0,70.0,640.0,72.8,170.0,50.0,585.0,74.2,670.0,49.0,55.0,33.6,36.5,23.35,30.0,13.0,15.0,STEEL,32.0,57.0,54.0,330.0,350.0,16.0,18.0,False,False,135.0,2.0,0.9,1.1,0.9,1.0,0.9,0.9,680.0,50.0,680.0,50.0,0.0,1.0,False,1.0,1.0,68.0,45.0,0.0,31.8,False,False,True,True,True,11.0,1.0,False,102.0,153.0,255.0,SPOKED,SPOKED,0.0,0.0,80.0,80.0,320.0,340.0,34.9,800.0,1.0
425.0,72.0,635.0,73.9,145.0,47.0,595.0,73.8,660.0,46.0,60.0,28.6,36.5,23.35,36.0,13.0,15.0,STEEL,36.0,54.0,53.0,330.0,350.0,16.0,18.0,False,False,135.0,2.0,0.9,1.1,0.9,1.0,0.9,0.9,680.0,50.0,680.0,50.0,0.0,2.0,False,1.0,1.0,68.0,45.0,0.0,31.8,False,False,True,True,True,9.0,1.0,False,102.0,153.0,255.0,SPOKED,SPOKED,0.0,0.0,80.0,80.0,305.0,315.0,34.9,730.0,1.0
390.0,67.0,625.0,73.2,152.0,52.0,565.0,73.3,645.0,51.0,45.0,28.6,36.5,23.35,34.0,13.0,15.0,STEEL,34.0,50.0,50.0,330.0,350.0,16.0,18.0,False,False,135.0,2.0,0.9,1.1,0.9,1.0,0.9,0.9,680.0,50.0,680.0,50.0,0.0,1.0,False,1.0,1.0,68.0,45.0,0.0,31.8,False,False,True,True,True,8.0,1.0,False,102.0,153.0,255.0,SPOKED,SPOKED,0.0,0.0,80.0,80.0,300.0,320.0,34.9,740.0,1.0
435.0,69.0,615.0,74.5,158.0,54.0,575.0,74.5,665.0,54.0,48.0,33.6,36.5,23.35,38.0,13.0,15.0,STEEL,37.0,56.0,57.0,330.0,350.0,16.0,18.0,False,False,135.0,2.0,0.9,1.1,0.9,1.0,0.9,0.9,680.0,50.0,680.0,50.0,0.0,0.0,False,1.0,1.0,68.0,45.0,0.0,31.8,False,False,True,True,True,10.0,1.0,False,102.0,153.0,255.0,SPOKED,SPOKED,0.0,0.0,80.0,80.0,315.0,335.0,34.9,760.0,1.0
395.0,66.0,605.0,72.7,135.0,49.0,555.0,73.1,630.0,45.0,45.0,28.6,36.5,23.35,31.0,13.0,15.0,STEEL,31.0,49.0,45.0,330.0,350.0,16.0,18.0,False,False,135.0,2.0,0.9,1.1,0.9,1.0,0.9,0.9,680.0,50.0,680.0,50.0,0.0,2.0,False,1.0,1.0,68.0,45.0,0.0,31.8,False,False,True,True,True,7.0,1.0,False,102.0,153.0,255.0,SPOKED,SPOKED,0.0,0.0,80.0,80.0,285.0,300.0,34.9,710.0,1.0
450.0,74.0,650.0,73.6,165.0,56.0,605.0,74.7,675.0,53.0,50.0,30.0,36.5,23.35,40.0,13.0,15.0,STEEL,40.0,60.0,58.0,330.0,350.0,16.0,18.0,False,False,135.0,2.0,0.9,1.1,0.9,1.0,0.9,0.9,680.0,50.0,680.0,50.0,0.0,1.0,False,1.0,1.0,68.0,45.0,0.0,31.8,False,False,True,True,True,9.0,1.0,False,102.0,153.0,255.0,SPOKED,SPOKED,0.0,0.0,80.0,80.0,320.0,340.0,34.9,770.0,1.0
440.0,68.0,600.0,71.0,170.0,50.0,580.0,72.0,650.0,50.0,45.0,30.0,36.5,23.35,23.35,13.0,15.0,STEEL,25.0,40.0,45.0,0.0,0.0,0.0,0.0,False,False,130.0,2.0,0.9,1.1,0.9,1.2,1.0,0.9,680.0,121.0,680.0,121.0,0.0,1.0,False,1.0,1.0,68.0,45.0,0.0,31.8,True,True,True,True,True,7.0,2.0,True,65.0,105.0,225.0,SPOKED,SPOKED,0.0,0.0,80.0,80.0,278.0,750.0,34.9,300.0,1.0
445.0,69.0,610.0,72.0,175.0,55.0,590.0,73.0,660.0,50.0,45.0,30.0,36.5,23.35,23.35,13.0,15.0,STEEL,26.0,40.0,46.0,0.0,0.0,0.0,0.0,False,False,130.0,2.0,0.9,1.1,0.9,1.2,1.0,0.9,680.0,121.0,680.0,121.0,0.0,1.0,False,1.0,1.0,68.0,45.0,0.0,31.8,True,True,True,True,True,7.0,2.0,True,65.0,105.0,225.0,SPOKED,SPOKED,0.0,0.0,80.0,80.0,278.0,750.0,34.9,300.0,1.0
450.0,70.0,620.0,73.0,180.0,60.0,600.0,74.0,670.0,50.0,45.0,30.0,36.5,23.35,23.35,13.0,15.0,STEEL,27.0,40.0,47.0,0.0,0.0,0.0,0.0,False,False,130.0,2.0,0.9,1.1,0.9,1.2,1.0,0.9,680.0,121.0,680.0,121.0,0.0,1.0,False,1.0,1.0,68.0,45.0,0.0,31.8,True,True,True,True,True,7.0,2.0,True,65.0,105.0,225.0,SPOKED,SPOKED,0.0,0.0,80.0,80.0,278.0,750.0,34.9,300.0,1.0
455.0,71.0,630.0,74.0,185.0,45.0,610.0,73.0,680.0,50.0,45.0,30.0,36.5,23.35,23.35,13.0,15.0,STEEL,28.0,40.0,48.0,0.0,0.0,0.0,0.0,False,False,130.0,2.0,0.9,1.1,0.9,1.2,1.0,0.9,680.0,121.0,680.0,121.0,0.0,1.0,False,1.0,1.0,68.0,45.0,0.0,31.8,True,True,True,True,True,7.0,2.0,True,65.0,105.0,225.0,SPOKED,SPOKED,0.0,0.0,80.0,80.0,278.0,750.0,34.9,300.0,1.0
460.0,72.0,640.0,73.0,190.0,50.0,620.0,72.0,690.0,50.0,45.0,30.0,36.5,23.35,23.35,13.0,15.0,STEEL,29.0,40.0,49.0,0.0,0.0,0.0,0.0,False,False,130.0,2.0,0.9,1.1,0.9,1.2,1.0,0.9,680.0,121.0,680.0,121.0,0.0,1.0,False,1.0,1.0,68.0,45.0,0.0,31.8,True,True,True,True,True,7.0,2.0,True,65.0,105.0,225.0,SPOKED,SPOKED,0.0,0.0,80.0,80.0,278.0,750.0,34.9,300.0,1.0
465.0,69.0,650.0,72.0,195.0,55.0,630.0,73.0,700.0,50.0,45.0,30.0,36.5,23.35,23.35,13.0,15.0,STEEL,30.0,40.0,50.0,0.0,0.0,0.0,0.0,False,False,130.0,2.0,0.9,1.1,0.9,1.2,1.0,0.9,680.0,121.0,680.0,121.0,0.0,1.0,False,1.0,1.0,68.0,45.0,0.0,31.8,True,True,True,True,True,7.0,2.0,True,65.0,105.0,225.0,SPOKED,SPOKED,0.0,0.0,80.0,80.0,278.0,750.0,34.9,300.0,1.0
470.0,70.0,620.0,71.0,170.0,60.0,600.0,74.0,650.0,50.0,45.0,30.0,36.5,23.35,23.35,13.0,15.0,STEEL,25.0,40.0,45.0,0.0,0.0,0.0,0.0,False,False,130.0,2.0,0.9,1.1,0.9,1.2,1.0,0.9,680.0,121.0,680.0,121.0,0.0,1.0,False,1.0,1.0,68.0,45.0,0.0,31.8,True,True,True,True,True,7.0,2.0,True,65.0,105.0,225.0,SPOKED,SPOKED,0.0,0.0,80.0,80.0,278.0,750.0,34.9,300.0,1.0
475.0,71.0,630.0,72.0,175.0,45.0,610.0,73.0,660.0,50.0,45.0,30.0,36.5,23.35,23.35,13.0,15.0,STEEL,26.0,40.0,46.0,0.0,0.0,0.0,0.0,False,False,130.0,2.0,0.9,1.1,0.9,1.2,1.0,0.9,680.0,121.0,680.0,121.0,0.0,1.0,False,1.0,1.0,68.0,45.0,0.0,31.8,True,True,True,True,True,7.0,2.0,True,65.0,105.0,225.0,SPOKED,SPOKED,0.0,0.0,80.0,80.0,278.0,750.0,34.9,300.0,1.0
480.0,72.0,640.0,73.0,180.0,50.0,620.0,72.0,670.0,50.0,45.0,30.0,36.5,23.35,23.35,13.0,15.0,STEEL,27.0,40.0,47.0,0.0,0.0,0.0,0.0,False,False,130.0,2.0,0.9,1.1,0.9,1.2,1.0,0.9,680.0,121.0,680.0,121.0,0.0,1.0,False,1.0,1.0,68.0,45.0,0.0,31.8,True,True,True,True,True,7.0,2.0,True,65.0,105.0,225.0,SPOKED,SPOKED,0.0,0.0,80.0,80.0,278.0,750.0,34.9,300.0,1.0
485.0,73.0,650.0,74.0,185.0,55.0,630.0,73.0,680.0,50.0,45.0,30.0,36.5,23.35,23.35,13.0,15.0,STEEL,28.0,40.0,48.0,0.0,0.0,0.0,0.0,False,False,130.0,2.0,0.9,1.1,0.9,1.2,1.0,0.9,680.0,121.0,680.0,121.0,0.0,1.0,False,1.0,1.0,68.0,45.0,0.0,31.8,True,True,True,True,True,7.0,2.0,True,65.0,105.0,225.0,SPOKED,SPOKED,0.0,0.0,80.0,80.0,278.0,750.0,34.9,300.0,1.0
430.0,70.0,620.0,72.0,160.0,50.0,580.0,73.0,610.0,50.0,42.0,52.0,34.9,28.6,25.4,15.0,9.0,STEEL,30.0,40.0,50.0,330.0,350.0,16.0,18.0,False,False,135.0,2.0,1.5,1.5,2.0,1.5,1.5,2.0,680.0,52.0,680.0,52.0,0.0,2.0,False,1.0,1.0,68.0,45.0,0.0,31.8,True,False,True,True,True,7.0,1.0,True,100.0,150.0,255.0,SPOKED,SPOKED,0.0,0.0,0.0,0.0,280.0,750.0,34.9,350.0,1.0
440.0,72.0,630.0,71.0,150.0,50.0,570.0,74.0,600.0,45.0,42.0,54.0,34.9,28.6,25.4,15.0,9.0,STEEL,28.0,42.0,48.0,330.0,350.0,16.0,18.0,False,False,135.0,2.0,1.8,1.8,2.2,1.8,1.8,2.0,680.0,52.0,680.0,52.0,0.0,2.0,False,1.0,1.0,68.0,45.0,0.0,31.8,True,False,True,True,True,8.0,1.0,True,100.0,150.0,255.0,SPOKED,SPOKED,0.0,0.0,0.0,0.0,285.0,740.0,34.9,340.0,1.0
420.0,68.0,610.0,73.0,170.0,48.0,590.0,72.0,620.0,55.0,42.0,50.0,34.9,28.6,25.4,15.0,9.0,STEEL,32.0,38.0,52.0,330.0,350.0,16.0,18.0,False,False,135.0,2.0,2.0,1.5,2.0,1.5,1.5,2.0,700.0,52.0,700.0,52.0,0.0,2.0,False,1.0,1.0,68.0,45.0,0.0,31.8,True,False,True,True,True,7.0,2.0,True,95.0,160.0,255.0,SPOKED,SPOKED,0.0,0.0,0.0,0.0,290.0,755.0,34.9,345.0,1.0
450.0,75.0,640.0,71.5,155.0,52.0,575.0,73.5,605.0,50.0,42.0,52.0,34.9,28.6,25.4,15.0,9.0,STEEL,30.0,40.0,50.0,330.0,350.0,16.0,18.0,False,False,135.0,2.1,1.6,1.6,2.1,1.6,1.6,2.1,690.0,52.0,690.0,52.0,0.0,2.0,False,1.0,1.0,68.0,45.0,0.0,31.8,True,False,True,True,True,7.0,1.0,True,100.0,150.0,255.0,SPOKED,SPOKED,0.0,0.0,0.0,0.0,280.0,760.0,34.9,360.0,1.0
415.0,68.0,600.0,72.5,145.0,49.0,565.0,74.0,595.0,48.0,42.0,53.0,34.9,28.6,25.4,15.0,9.0,STEEL,29.0,41.0,49.0,330.0,350.0,16.0,18.0,False,False,135.0,2.0,1.7,1.7,2.0,1.7,1.7,2.0,675.0,52.0,675.0,52.0,0.0,2.0,False,1.0,1.0,68.0,45.0,0.0,31.8,True,False,True,True,True,8.0,1.0,True,90.0,155.0,250.0,SPOKED,SPOKED,0.0,0.0,0.0,0.0,275.0,745.0,34.9,330.0,1.0
435.0,70.0,650.0,73.0,165.0,51.0,585.0,73.0,615.0,52.0,42.0,51.0,34.9,28.6,25.4,15.0,9.0,STEEL,31.0,39.0,51.0,330.0,350.0,16.0,18.0,False,False,135.0,2.2,1.5,1.5,2.2,1.5,1.5,2.2,700.0,52.0,700.0,52.0,0.0,2.0,False,1.0,1.0,68.0,45.0,0.0,31.8,True,False,True,True,True,7.0,1.0,True,101.0,155.0,255.0,SPOKED,SPOKED,0.0,0.0,0.0,0.0,295.0,760.0,34.9,350.0,1.0
425.0,69.0,605.0,72.0,158.0,50.0,578.0,73.2,608.0,49.0,42.0,52.0,34.9,28.6,25.4,15.0,9.0,STEEL,30.5,40.5,50.5,330.0,350.0,16.0,18.0,False,False,135.0,2.0,1.7,1.7,2.0,1.7,1.7,2.0,685.0,52.0,685.0,52.0,0.0,2.0,False,1.0,1.0,68.0,45.0,0.0,31.8,True,False,True,True,True,7.0,2.0,True,105.0,148.0,255.0,SPOKED,SPOKED,0.0,0.0,0.0,0.0,285.0,750.0,34.9,355.0,1.0
445.0,71.0,615.0,71.2,162.0,49.5,580.0,73.8,612.0,53.0,42.0,54.0,34.9,28.6,25.4,15.0,9.0,STEEL,31.5,40.2,50.2,330.0,350.0,16.0,18.0,False,False,135.0,2.0,1.6,1.6,2.0,1.6,1.6,2.0,690.0,52.0,690.0,52.0,0.0,2.0,False,1.0,1.0,68.0,45.0,0.0,31.8,True,False,True,True,True,7.0,1.0,True,100.0,140.0,255.0,SPOKED,SPOKED,0.0,0.0,0.0,0.0,290.0,755.0,34.9,345.0,1.0
430.0,70.0,645.0,72.8,168.0,51.0,588.0,73.0,618.0,54.0,42.0,53.0,34.9,28.6,25.4,15.0,9.0,STEEL,30.8,39.8,50.8,330.0,350.0,16.0,18.0,False,False,135.0,2.1,1.7,1.7,2.1,1.7,1.7,2.1,700.0,52.0,700.0,52.0,0.0,2.0,False,1.0,1.0,68.0,45.0,0.0,31.8,True,False,True,True,True,8.0,1.0,True,98.0,155.0,253.0,SPOKED,SPOKED,0.0,0.0,0.0,0.0,288.0,758.0,34.9,348.0,1.0
420.0,68.0,600.0,73.5,175.0,53.0,595.0,72.5,625.0,56.0,42.0,50.0,34.9,28.6,25.4,15.0,9.0,STEEL,32.5,38.5,52.5,330.0,350.0,16.0,18.0,False,False,135.0,2.2,1.8,1.8,2.2,1.8,1.8,2.2,680.0,52.0,680.0,52.0,0.0,2.0,False,1.0,1.0,68.0,45.0,0.0,31.8,True,False,True,True,True,7.0,1.0,True,103.0,152.0,254.0,SPOKED,SPOKED,0.0,0.0,0.0,0.0,292.0,752.0,34.9,352.0,1.0
400.0,65.0,600.0,73.0,160.0,50.0,560.0,74.0,640.0,45.0,45.0,40.0,28.6,36.5,23.35,13.0,15.0,STEEL,35.0,45.0,50.0,330.0,350.0,16.0,18.0,False,False,130.0,2.0,1.0,1.0,1.1,1.0,0.9,2.0,680.0,58.0,680.0,58.0,0.0,2.0,False,1.0,1.0,68.0,45.0,0.0,31.8,True,True,True,True,True,8.0,2.0,True,100.0,149.0,237.0,SPOKED,SPOKED,0.0,0.0,0.0,0.0,280.0,750.0,34.9,300.0,1.0
410.0,68.0,610.0,72.5,170.0,55.0,570.0,73.5,645.0,45.0,45.0,40.0,28.6,36.5,23.35,13.0,15.0,STEEL,37.0,47.0,52.0,330.0,350.0,16.0,18.0,False,False,130.0,2.0,1.0,1.0,1.1,1.0,0.9,2.0,680.0,58.0,680.0,58.0,0.0,1.0,False,1.0,1.0,68.0,45.0,0.0,31.8,True,True,True,True,True,9.0,2.0,True,100.0,149.0,237.0,SPOKED,SPOKED,0.0,0.0,0.0,0.0,290.0,760.0,34.9,310.0,1.0
420.0,70.0,620.0,72.0,165.0,52.0,565.0,74.5,648.0,45.0,45.0,40.0,28.6,36.5,23.35,13.0,15.0,STEEL,36.0,46.0,51.0,330.0,350.0,16.0,18.0,False,False,130.0,2.0,1.0,1.0,1.1,1.0,0.9,2.0,680.0,58.0,680.0,58.0,0.0,0.0,False,1.0,1.0,68.0,45.0,0.0,31.8,True,True,True,True,True,10.0,2.0,True,100.0,149.0,237.0,SPOKED,SPOKED,0.0,0.0,0.0,0.0,295.0,740.0,34.9,305.0,1.0
430.0,66.0,630.0,73.5,180.0,60.0,580.0,73.0,650.0,45.0,45.0,40.0,28.6,36.5,23.35,13.0,15.0,STEEL,38.0,48.0,55.0,330.0,350.0,16.0,18.0,False,False,130.0,2.0,1.0,1.0,1.1,1.0,0.9,2.0,680.0,58.0,680.0,58.0,0.0,2.0,False,1.0,1.0,68.0,45.0,0.0,31.8,True,True,True,True,True,8.0,2.0,True,100.0,149.0,237.0,SPOKED,SPOKED,0.0,0.0,0.0,0.0,285.0,770.0,34.9,320.0,1.0
440.0,72.0,640.0,74.0,175.0,58.0,590.0,74.0,652.0,45.0,45.0,40.0,28.6,36.5,23.35,13.0,15.0,STEEL,34.0,50.0,53.0,330.0,350.0,16.0,18.0,False,False,130.0,2.0,1.0,1.0,1.1,1.0,0.9,2.0,680.0,58.0,680.0,58.0,0.0,1.0,False,1.0,1.0,68.0,45.0,0.0,31.8,True,True,True,True,True,9.0,2.0,True,100.0,149.0,237.0,SPOKED,SPOKED,0.0,0.0,0.0,0.0,300.0,780.0,34.9,330.0,1.0
390.0,67.0,605.0,72.8,155.0,53.0,555.0,74.2,638.0,45.0,45.0,40.0,28.6,36.5,23.35,13.0,15.0,STEEL,35.0,44.0,49.0,330.0,350.0,16.0,18.0,False,False,130.0,2.0,1.0,1.0,1.1,1.0,0.9,2.0,680.0,58.0,680.0,58.0,0.0,1.0,False,1.0,1.0,68.0,45.0,0.0,31.8,True,True,True,True,True,8.0,2.0,True,100.0,149.0,237.0,SPOKED,SPOKED,0.0,0.0,0.0,0.0,275.0,730.0,34.9,295.0,1.0
395.0,69.0,615.0,73.2,158.0,51.0,560.0,73.8,642.0,45.0,45.0,40.0,28.6,36.5,23.35,13.0,15.0,STEEL,36.0,45.0,50.0,330.0,350.0,16.0,18.0,False,False,130.0,2.0,1.0,1.0,1.1,1.0,0.9,2.0,680.0,58.0,680.0,58.0,0.0,1.0,False,1.0,1.0,68.0,45.0,0.0,31.8,True,True,True,True,True,9.0,2.0,True,100.0,149.0,237.0,SPOKED,SPOKED,0.0,0.0,0.0,0.0,265.0,720.0,34.9,290.0,1.0
460.0,64.0,625.0,71.5,150.0,49.0,545.0,75.0,635.0,45.0,45.0,40.0,28.6,36.5,23.35,13.0,15.0,STEEL,33.0,43.0,47.0,330.0,350.0,16.0,18.0,False,False,130.0,2.0,1.0,1.0,1.1,1.0,0.9,2.0,680.0,58.0,680.0,58.0,0.0,0.0,False,1.0,1.0,68.0,45.0,0.0,31.8,True,True,True,True,True,8.0,2.0,True,100.0,149.0,237.0,SPOKED,SPOKED,0.0,0.0,0.0,0.0,270.0,710.0,34.9,280.0,1.0
450.0,63.0,635.0,72.3,160.0,54.0,575.0,73.3,647.0,45.0,45.0,40.0,28.6,36.5,23.35,13.0,15.0,STEEL,37.0,49.0,52.0,330.0,350.0,16.0,18.0,False,False,130.0,2.0,1.0,1.0,1.1,1.0,0.9,2.0,680.0,58.0,680.0,58.0,0.0,2.0,False,1.0,1.0,68.0,45.0,0.0,31.8,True,True,True,True,True,9.0,2.0,True,100.0,149.0,237.0,SPOKED,SPOKED,0.0,0.0,0.0,0.0,275.0,725.0,34.9,285.0,1.0
380.0,71.0,650.0,73.7,185.0,57.0,590.0,74.7,660.0,45.0,45.0,40.0,28.6,36.5,23.35,13.0,15.0,STEEL,39.0,51.0,54.0,330.0,350.0,16.0,18.0,False,False,130.0,2.0,1.0,1.0,1.1,1.0,0.9,2.0,680.0,58.0,680.0,58.0,0.0,2.0,False,1.0,1.0,68.0,45.0,0.0,31.8,True,True,True,True,True,10.0,2.0,True,100.0,149.0,237.0,SPOKED,SPOKED,0.0,0.0,0.0,0.0,300.0,790.0,34.9,340.0,1.0
430.0,65.0,610.0,72.0,160.0,50.0,580.0,73.0,650.0,45.0,45.0,28.6,36.5,23.35,23.35,13.0,15.0,STEEL,30.0,50.0,40.0,330.0,0.0,16.0,0.0,True,False,135.0,2.0,0.9,1.1,0.9,1.2,1.0,0.9,700.0,50.0,700.0,50.0,0.0,1.0,False,1.0,1.0,68.0,45.0,0.0,31.8,False,True,True,True,True,8.0,3.0,True,65.0,105.0,225.0,DISC,SPOKED,0.0,0.0,0.0,0.0,278.0,760.0,34.9,350.0,1.0
435.0,65.0,605.0,73.0,155.0,48.0,575.0,74.0,645.0,45.0,45.0,28.6,36.5,23.35,23.35,13.0,15.0,STEEL,28.0,48.0,42.0,330.0,0.0,16.0,0.0,False,False,135.0,2.0,0.9,1.1,0.9,1.2,1.0,0.9,700.0,50.0,700.0,50.0,0.0,0.0,False,1.0,1.0,68.0,42.0,0.0,31.8,False,True,True,True,True,8.0,3.0,True,65.0,105.0,225.0,DISC,SPOKED,0.0,0.0,0.0,0.0,278.0,750.0,34.9,360.0,1.0
440.0,65.0,615.0,71.0,170.0,52.0,585.0,72.0,655.0,45.0,45.0,28.6,36.5,23.35,23.35,13.0,15.0,STEEL,32.0,52.0,38.0,330.0,0.0,16.0,0.0,True,False,135.0,2.0,0.9,1.1,0.9,1.2,1.0,0.9,700.0,50.0,700.0,50.0,0.0,2.0,False,1.0,1.0,68.0,50.0,0.0,31.8,False,True,True,True,True,8.0,3.0,True,65.0,105.0,225.0,DISC,SPOKED,0.0,0.0,0.0,0.0,278.0,770.0,34.9,340.0,1.0
445.0,65.0,600.0,72.5,165.0,46.0,590.0,73.5,660.0,45.0,45.0,28.6,36.5,23.35,23.35,13.0,15.0,STEEL,35.0,55.0,45.0,330.0,0.0,16.0,0.0,False,False,135.0,2.0,0.9,1.1,0.9,1.2,1.0,0.9,700.0,50.0,700.0,50.0,0.0,1.0,False,1.0,1.0,68.0,48.0,0.0,31.8,False,True,True,True,True,8.0,3.0,True,65.0,105.0,225.0,DISC,SPOKED,0.0,0.0,0.0,0.0,278.0,740.0,34.9,370.0,1.0
450.0,65.0,620.0,71.5,150.0,54.0,570.0,75.0,640.0,45.0,45.0,28.6,36.5,23.35,23.35,13.0,15.0,STEEL,25.0,45.0,35.0,330.0,0.0,16.0,0.0,True,False,135.0,2.0,0.9,1.1,0.9,1.2,1.0,0.9,700.0,50.0,700.0,50.0,0.0,2.0,False,1.0,1.0,68.0,43.0,0.0,31.8,False,True,True,True,True,8.0,3.0,True,65.0,105.0,225.0,DISC,SPOKED,0.0,0.0,0.0,0.0,278.0,780.0,34.9,330.0,1.0
425.0,65.0,605.0,73.5,158.0,49.0,582.0,72.5,648.0,45.0,45.0,28.6,36.5,23.35,23.35,13.0,15.0,STEEL,29.0,49.0,39.0,330.0,0.0,16.0,0.0,True,False,135.0,2.0,0.9,1.1,0.9,1.2,1.0,0.9,700.0,50.0,700.0,50.0,0.0,0.0,False,1.0,1.0,68.0,46.0,0.0,31.8,False,True,True,True,True,8.0,3.0,True,65.0,105.0,225.0,DISC,SPOKED,0.0,0.0,0.0,0.0,278.0,755.0,34.9,345.0,1.0
420.0,65.0,615.0,72.2,162.0,51.0,588.0,73.8,652.0,45.0,45.0,28.6,36.5,23.35,23.35,13.0,15.0,STEEL,31.0,51.0,41.0,330.0,0.0,16.0,0.0,False,False,135.0,2.0,0.9,1.1,0.9,1.2,1.0,0.9,700.0,50.0,700.0,50.0,0.0,1.0,False,1.0,1.0,68.0,44.0,0.0,31.8,False,True,True,True,True,8.0,3.0,True,65.0,105.0,225.0,DISC,SPOKED,0.0,0.0,0.0,0.0,278.0,765.0,34.9,355.0,1.0
435.0,65.0,610.0,71.8,159.0,47.0,579.0,74.2,649.0,45.0,45.0,28.6,36.5,23.35,23.35,13.0,15.0,STEEL,27.0,47.0,36.0,330.0,0.0,16.0,0.0,False,False,135.0,2.0,0.9,1.1,0.9,1.2,1.0,0.9,700.0,50.0,700.0,50.0,0.0,2.0,False,1.0,1.0,68.0,47.0,0.0,31.8,False,True,True,True,True,8.0,3.0,True,65.0,105.0,225.0,DISC,SPOKED,0.0,0.0,0.0,0.0,278.0,758.0,34.9,365.0,1.0
432.0,65.0,618.0,72.7,153.0,53.0,576.0,73.3,643.0,45.0,45.0,28.6,36.5,23.35,23.35,13.0,15.0,STEEL,34.0,54.0,44.0,330.0,0.0,16.0,0.0,True,False,135.0,2.0,0.9,1.1,0.9,1.2,1.0,0.9,700.0,50.0,700.0,50.0,0.0,1.0,False,1.0,1.0,68.0,49.0,0.0,31.8,False,True,True,True,True,8.0,3.0,True,65.0,105.0,225.0,DISC,SPOKED,0.0,0.0,0.0,0.0,278.0,752.0,34.9,375.0,1.0
438.0,65.0,607.0,73.1,167.0,50.0,584.0,72.9,657.0,45.0,45.0,28.6,36.5,23.35,23.35,13.0,15.0,STEEL,26.0,46.0,37.0,330.0,0.0,16.0,0.0,False,False,135.0,2.0,0.9,1.1,0.9,1.2,1.0,0.9,700.0,50.0,700.0,50.0,0.0,0.0,False,1.0,1.0,68.0,41.0,0.0,31.8,False,True,True,True,True,8.0,3.0,True,65.0,105.0,225.0,DISC,SPOKED,0.0,0.0,0.0,0.0,278.0,748.0,34.9,338.0,1.0
410,70,610,73,180,45,550.0,74.0,650.0,50.0,45.0,28.6,36.5,23.35,23.35,13.0,15.0,STEEL,35.0,40.0,45.0,330.0,350.0,16.0,18.0,True,True,135.0,2.0,0.9,1.1,0.9,1.2,1.0,0.9,680.0,58.0,680.0,58.0,0.0,1.0,False,1.0,1.0,68.0,45.0,0.0,31.8,True,True,True,True,True,8.0,1.0,True,100.0,150.0,255.0,SPOKED,SPOKED,0.0,0.0,80.0,80.0,278.0,750.0,34.9,300.0,1.0
420,65,620,72.5,160,50,540.0,75.0,645.0,48.0,60.0,31.8,38.0,25.0,25.0,14.0,15.0,STEEL,30.0,45.0,50.0,330.0,350.0,16.0,18.0,True,True,130.0,2.2,1.0,1.2,0.95,1.3,1.05,1.0,690.0,58.0,690.0,58.0,0.0,2.0,False,1.0,1.0,70.0,50.0,0.0,31.8,True,False,True,True,True,9.0,2.0,True,80.0,130.0,255.0,DISC,SPOKED,0.0,0.0,80.0,80.0,280.0,760.0,35.0,310.0,1.0
415,75,605,74,170,47,555.0,73.5,655.0,52.0,50.0,30.0,36.0,24.0,24.0,12.0,15.0,STEEL,28.0,38.0,42.0,330.0,350.0,16.0,18.0,True,True,135.0,2.0,0.8,1.0,0.85,1.1,0.9,0.85,680.0,52.0,680.0,52.0,0.0,0.0,False,1.0,3.0,68.0,42.0,0.0,30.0,False,True,True,True,True,7.0,1.0,True,120.0,160.0,255.0,DISC,DISC,0.0,0.0,80.0,80.0,275.0,740.0,34.0,295.0,2.0
425,68,615,73.2,155,46,545.0,74.2,648.0,49.0,45.0,29.0,37.0,23.5,23.5,13.5,15.0,STEEL,33.0,42.0,48.0,330.0,350.0,16.0,18.0,False,False,130.0,2.0,0.95,1.1,0.9,1.2,1.0,0.9,670.0,48.0,670.0,48.0,0.0,1.0,False,1.0,1.0,68.0,50.0,0.0,33.0,True,True,True,True,True,8.0,2.0,True,90.0,140.0,255.0,SPOKED,SPOKED,0.0,0.0,80.0,80.0,290.0,755.0,34.5,305.0,1.0
400,72,625,72.8,165,48,560.0,75.0,660.0,51.0,45.0,28.6,36.5,23.35,23.35,14.0,15.0,STEEL,32.0,44.0,46.0,330.0,350.0,16.0,18.0,True,True,135.0,2.0,1.1,1.3,0.9,1.25,1.05,1.0,685.0,60.0,685.0,60.0,0.0,2.0,False,1.0,1.0,70.0,45.0,0.0,31.8,True,False,True,True,True,10.0,1.0,True,110.0,170.0,255.0,DISC,SPOKED,0.0,0.0,80.0,80.0,282.0,760.0,35.5,315.0,1.0
430,69,630,72.5,190,45,530.0,73.0,640.0,47.0,50.0,28.6,37.5,24.0,24.0,13.0,15.0,STEEL,38.0,43.0,53.0,330.0,350.0,16.0,18.0,False,False,130.0,2.1,1.0,1.2,0.95,1.15,1.05,0.9,680.0,58.0,680.0,58.0,0.0,1.0,False,1.0,2.0,68.0,50.0,0.0,34.0,False,True,True,True,True,8.0,2.0,True,95.0,145.0,245.0,SPOKED,DISC,0.0,0.0,80.0,80.0,278.0,745.0,33.5,290.0,1.0
405,68,600,74.5,175,47,570.0,74.8,662.0,50.0,45.0,28.6,36.5,23.35,23.35,13.0,15.0,STEEL,34.0,41.0,49.0,330.0,350.0,16.0,18.0,True,True,135.0,2.0,0.9,1.1,0.9,1.2,1.0,0.9,680.0,58.0,680.0,58.0,1.0,2.0,False,1.0,1.0,68.0,45.0,0.0,31.8,True,True,True,True,True,7.0,1.0,True,100.0,150.0,240.0,DISC,DISC,0.0,0.0,80.0,80.0,276.0,755.0,34.0,300.0,1.0
420,71,618,73.7,185,44,565.0,74.3,658.0,49.0,45.0,29.5,36.5,23.5,23.5,14.0,15.0,STEEL,36.0,39.0,47.0,330.0,350.0,16.0,18.0,False,False,130.0,2.2,1.05,1.25,0.9,1.22,1.07,0.92,685.0,55.0,685.0,55.0,0.0,0.0,False,1.0,1.0,68.0,47.0,0.0,32.5,True,False,True,True,True,9.0,2.0,True,105.0,155.0,255.0,SPOKED,SPOKED,0.0,0.0,80.0,80.0,283.0,765.0,34.7,310.0,2.0
395,73,605,72,160,46,550.0,75.2,650.0,50.0,45.0,28.6,36.5,23.35,23.35,12.0,15.0,STEEL,31.0,38.0,44.0,330.0,350.0,16.0,18.0,True,True,135.0,2.0,0.9,1.1,0.9,1.2,1.0,0.9,685.0,60.0,685.0,60.0,0.0,1.0,False,1.0,1.0,68.0,45.0,0.0,31.8,True,True,True,True,True,8.0,1.0,True,120.0,140.0,255.0,TRISPOKE,TRISPOKE,1.0,1.0,80.0,80.0,280.0,760.0,34.9,300.0,1.0
425,70,620,74,170,45,565.0,74.0,655.0,50.0,45.0,30.0,36.5,23.35,23.35,13.0,15.0,STEEL,34.0,42.0,48.0,330.0,350.0,16.0,18.0,True,True,130.0,2.0,0.9,1.1,0.9,1.2,1.0,0.9,680.0,58.0,680.0,58.0,0.0,1.0,False,1.0,1.0,68.0,45.0,0.0,31.8,True,True,True,True,True,8.0,1.0,True,100.0,150.0,255.0,DISC,SPOKED,0.0,0.0,80.0,80.0,278.0,750.0,34.9,300.0,1.0
420.0,65.0,610.0,73.0,160.0,45.0,550.0,73.0,570.0,50.0,40.0,28.6,28.6,36.5,23.35,13.0,15.0,STEEL,30.0,50.0,45.0,330.0,350.0,16.0,18.0,False,False,130.0,2.0,1.0,1.0,1.0,1.0,1.0,1.0,700.0,55.0,700.0,55.0,0.0,1.0,False,1.0,1.0,68.0,45.0,0.0,31.8,True,True,True,True,True,8.0,1.0,True,100.0,150.0,255.0,SPOKED,DISC,0.0,0.0,0.0,0.0,280.0,730.0,28.6,320.0,1.0
430.0,70.0,620.0,74.0,170.0,50.0,560.0,74.0,580.0,52.0,45.0,28.6,28.6,36.5,23.35,13.0,15.0,STEEL,35.0,55.0,48.0,330.0,350.0,16.0,18.0,False,False,130.0,2.0,1.0,1.0,1.0,1.0,1.0,1.0,700.0,55.0,700.0,55.0,0.0,1.0,False,1.0,1.0,68.0,45.0,0.0,31.8,True,True,True,True,True,8.0,1.0,True,100.0,150.0,255.0,DISC,SPOKED,0.0,0.0,0.0,0.0,280.0,740.0,28.6,310.0,1.0
440.0,60.0,630.0,72.5,180.0,55.0,570.0,72.0,590.0,48.0,40.0,28.6,28.6,36.5,23.35,13.0,15.0,STEEL,25.0,45.0,42.0,330.0,350.0,16.0,18.0,False,False,130.0,2.0,1.0,1.0,1.0,1.0,1.0,1.0,700.0,55.0,700.0,55.0,0.0,1.0,False,1.0,1.0,68.0,45.0,0.0,31.8,True,True,True,True,True,8.0,1.0,True,100.0,150.0,255.0,SPOKED,SPOKED,0.0,0.0,0.0,0.0,280.0,750.0,28.6,330.0,1.0
450.0,75.0,640.0,72.0,175.0,60.0,580.0,74.5,600.0,55.0,45.0,28.6,28.6,36.5,23.35,13.0,15.0,STEEL,40.0,60.0,50.0,330.0,350.0,16.0,18.0,False,False,130.0,2.0,1.0,1.0,1.0,1.0,1.0,1.0,700.0,55.0,700.0,55.0,0.0,1.0,False,1.0,1.0,68.0,45.0,0.0,31.8,True,True,True,True,True,8.0,1.0,True,100.0,150.0,255.0,DISC,DISC,0.0,0.0,0.0,0.0,280.0,760.0,28.6,300.0,1.0
425.0,68.0,600.0,73.5,165.0,48.0,540.0,73.2,560.0,53.0,40.0,28.6,28.6,36.5,23.35,13.0,15.0,STEEL,32.0,52.0,47.0,330.0,350.0,16.0,18.0,False,False,130.0,2.0,1.0,1.0,1.0,1.0,1.0,1.0,700.0,55.0,700.0,55.0,0.0,1.0,False,1.0,1.0,68.0,45.0,0.0,31.8,True,True,True,True,True,8.0,1.0,True,100.0,150.0,255.0,SPOKED,SPOKED,0.0,0.0,0.0,0.0,280.0,735.0,28.6,315.0,1.0
435.0,72.0,650.0,73.8,185.0,53.0,590.0,73.8,610.0,49.0,45.0,28.6,28.6,36.5,23.35,13.0,15.0,STEEL,36.0,57.0,49.0,330.0,350.0,16.0,18.0,False,False,130.0,2.0,1.0,1.0,1.0,1.0,1.0,1.0,700.0,55.0,700.0,55.0,0.0,1.0,False,1.0,1.0,68.0,45.0,0.0,31.8,True,True,True,True,True,8.0,1.0,True,100.0,150.0,255.0,DISC,SPOKED,0.0,0.0,0.0,0.0,280.0,745.0,28.6,325.0,1.0
445.0,66.0,615.0,72.5,155.0,58.0,565.0,72.5,575.0,47.0,40.0,28.6,28.6,36.5,23.35,13.0,15.0,STEEL,28.0,47.0,44.0,330.0,350.0,16.0,18.0,False,False,130.0,2.0,1.0,1.0,1.0,1.0,1.0,1.0,700.0,55.0,700.0,55.0,0.0,1.0,False,1.0,1.0,68.0,45.0,0.0,31.8,True,True,True,True,True,8.0,1.0,True,100.0,150.0,255.0,SPOKED,DISC,0.0,0.0,0.0,0.0,280.0,755.0,28.6,305.0,1.0
415.0,74.0,635.0,73.2,195.0,43.0,575.0,73.5,585.0,54.0,45.0,28.6,28.6,36.5,23.35,13.0,15.0,STEEL,38.0,58.0,51.0,330.0,350.0,16.0,18.0,False,False,130.0,2.0,1.0,1.0,1.0,1.0,1.0,1.0,700.0,55.0,700.0,55.0,0.0,1.0,False,1.0,1.0,68.0,45.0,0.0,31.8,True,True,True,True,True,8.0,1.0,True,100.0,150.0,255.0,SPOKED,SPOKED,0.0,0.0,0.0,0.0,280.0,765.0,28.6,335.0,1.0
455.0,64.0,625.0,74.8,150.0,58.0,585.0,74.2,595.0,46.0,40.0,28.6,28.6,36.5,23.35,13.0,15.0,STEEL,26.0,48.0,43.0,330.0,350.0,16.0,18.0,False,False,130.0,2.0,1.0,1.0,1.0,1.0,1.0,1.0,700.0,55.0,700.0,55.0,0.0,1.0,False,1.0,1.0,68.0,45.0,0.0,31.8,True,True,True,True,True,8.0,1.0,True,100.0,150.0,255.0,DISC,SPOKED,0.0,0.0,0.0,0.0,280.0,725.0,28.6,295.0,1.0
460.0,69.0,605.0,72.2,190.0,52.0,555.0,72.8,565.0,51.0,45.0,28.6,28.6,36.5,23.35,13.0,15.0,STEEL,34.0,53.0,46.0,330.0,350.0,16.0,18.0,False,False,130.0,2.0,1.0,1.0,1.0,1.0,1.0,1.0,700.0,55.0,700.0,55.0,0.0,1.0,False,1.0,1.0,68.0,45.0,0.0,31.8,True,True,True,True,True,8.0,1.0,True,100.0,150.0,255.0,SPOKED,SPOKED,0.0,0.0,0.0,0.0,280.0,755.0,28.6,345.0,1.0
405,65,590,72.0,150,40,540.0,73.0,640.0,50.0,45.0,31.0,34.9,29.0,29.0,13.0,15.0,STEEL,35.0,32.0,45.0,0.0,0.0,0.0,0.0,False,False,135.0,2.0,1.0,1.2,1.1,1.0,1.0,1.2,705.0,35.0,705.0,35.0,0.0,1,False,1.0,1.0,68.0,45.0,0.0,31.8,False,False,False,True,True,8.0,2,True,103.0,149.0,237,SPOKED,SPOKED,0.0,0.0,0.0,0.0,280.0,760.0,34.9,330.0,1.0
410,62,600,71.5,160,45,550.0,74.0,650.0,48.0,45.0,32.0,34.9,30.0,30.0,13.0,15.0,STEEL,36.0,34.0,46.0,0.0,0.0,0.0,0.0,False,False,135.0,2.0,1.1,1.2,1.1,1.0,1.0,1.2,705.0,35.0,705.0,35.0,0.0,2,False,1.0,2.0,68.0,45.0,0.0,31.8,False,False,True,True,True,9.0,1,False,103.0,149.0,237,SPOKED,SPOKED,0.0,0.0,0.0,0.0,280.0,750.0,34.9,330.0,1.0
420,70,610,73.0,170,50,560.0,73.5,655.0,52.0,45.0,31.5,34.9,29.5,29.5,13.0,15.0,STEEL,38.0,36.0,48.0,0.0,0.0,0.0,0.0,False,False,135.0,2.0,1.2,1.1,1.2,0.9,0.9,1.1,705.0,35.0,705.0,35.0,0.0,0,False,1.0,1.0,68.0,45.0,0.0,31.8,False,False,True,False,True,7.0,3,True,103.0,149.0,237,SPOKED,SPOKED,0.0,0.0,0.0,0.0,280.0,770.0,34.9,330.0,1.0
395,68,580,72.5,140,35,530.0,72.0,635.0,47.0,45.0,31.0,34.9,29.0,29.0,13.0,15.0,STEEL,32.0,30.0,44.0,0.0,0.0,0.0,0.0,False,False,135.0,2.0,1.0,1.2,1.0,0.9,0.9,1.1,705.0,35.0,705.0,35.0,0.0,1,False,1.0,1.0,68.0,45.0,0.0,31.8,False,False,False,True,True,8.0,2,True,103.0,149.0,237,SPOKED,SPOKED,0.0,0.0,0.0,0.0,275.0,745.0,34.9,330.0,1.0
430,64,620,72.0,180,60,580.0,75.0,660.0,55.0,45.0,32.0,34.9,30.0,30.0,13.0,15.0,STEEL,40.0,38.0,49.0,0.0,0.0,0.0,0.0,False,False,135.0,2.0,1.2,1.2,1.2,1.0,1.0,1.2,705.0,35.0,705.0,35.0,0.0,2,False,1.0,2.0,68.0,45.0,0.0,31.8,False,True,False,True,True,8.0,1,True,103.0,149.0,237,SPOKED,SPOKED,0.0,0.0,0.0,0.0,290.0,780.0,34.9,330.0,1.0
415,66,605,71.0,155,42,545.0,73.8,645.0,50.0,45.0,31.0,34.9,29.0,29.0,13.0,15.0,STEEL,34.0,32.0,47.0,0.0,0.0,0.0,0.0,False,False,135.0,2.0,1.1,1.2,1.1,0.9,0.9,1.2,705.0,35.0,705.0,35.0,0.0,0,False,1.0,1.0,68.0,45.0,0.0,31.8,False,False,False,False,True,8.0,2,False,103.0,149.0,237,SPOKED,SPOKED,0.0,0.0,0.0,0.0,285.0,755.0,34.9,330.0,1.0
400,69,615,72.2,165,55,565.0,74.2,650.0,49.0,45.0,32.0,34.9,30.0,30.0,13.0,15.0,STEEL,37.0,35.0,48.0,0.0,0.0,0.0,0.0,False,False,135.0,2.0,1.1,1.1,1.2,0.9,0.9,1.1,705.0,35.0,705.0,35.0,0.0,1,False,1.0,1.0,68.0,45.0,0.0,31.8,True,False,True,True,True,9.0,1,True,103.0,149.0,237,SPOKED,SPOKED,0.0,0.0,0.0,0.0,280.0,765.0,34.9,330.0,1.0
425,61,630,73.5,145,48,550.0,73.5,655.0,53.0,45.0,31.0,34.9,29.0,29.0,13.0,15.0,STEEL,33.0,34.0,45.0,0.0,0.0,0.0,0.0,False,False,135.0,2.0,1.0,1.0,1.0,0.9,0.9,1.1,705.0,35.0,705.0,35.0,0.0,2,False,1.0,2.0,68.0,45.0,0.0,31.8,False,True,False,True,True,8.0,2,False,103.0,149.0,237,SPOKED,SPOKED,0.0,0.0,0.0,0.0,285.0,775.0,34.9,330.0,1.0
405,65,590,70.0,135,38,525.0,72.5,630.0,46.0,45.0,31.0,34.9,29.0,29.0,13.0,15.0,STEEL,31.0,32.0,43.0,0.0,0.0,0.0,0.0,False,False,135.0,2.0,1.1,1.1,1.1,0.9,0.9,1.1,705.0,35.0,705.0,35.0,0.0,1,False,1.0,1.0,68.0,45.0,0.0,31.8,False,False,True,False,True,7.0,3,True,103.0,149.0,237,SPOKED,SPOKED,0.0,0.0,0.0,0.0,275.0,740.0,34.9,330.0,1.0
435,63,625,71.8,175,52,570.0,74.5,658.0,54.0,45.0,32.0,34.9,30.0,30.0,13.0,15.0,STEEL,39.0,37.0,49.0,0.0,0.0,0.0,0.0,False,False,135.0,2.0,1.2,1.2,1.2,1.0,1.0,1.2,705.0,35.0,705.0,35.0,0.0,0,False,1.0,1.0,68.0,45.0,0.0,31.8,True,False,True,True,True,8.0,2,True,103.0,149.0,237,SPOKED,SPOKED,0.0,0.0,0.0,0.0,290.0,780.0,34.9,330.0,1.0
410.0,70.0,620.0,73.0,140.0,50.0,580.0,73.5,600.0,45.0,45.0,28.6,28.6,30.0,25.0,13.0,15.0,STEEL,30.0,50.0,40.0,330.0,350.0,16.0,18.0,False,False,130.0,1.0,1.1,1.0,1.2,1.0,1.0,1.1,680.0,52.0,680.0,52.0,0.0,1,False,1.0,1.0,68.0,45.0,692.0,31.8,False,True,True,True,True,8.0,1,True,100.0,149.0,237,SPOKED,SPOKED,0.0,0.0,0.0,0.0,280.0,600.0,34.9,700.0,1.0
415.0,65.0,630.0,72.5,150.0,52.0,575.0,74.0,610.0,46.0,50.0,29.0,29.0,32.0,26.0,14.0,16.0,STEEL,32.0,52.0,42.0,330.0,350.0,16.0,18.0,False,False,135.0,1.0,1.0,1.0,1.2,1.0,1.0,1.2,680.0,55.0,680.0,55.0,0.0,1,False,1.0,1.0,70.0,46.0,692.0,32.0,True,True,True,True,True,7.0,1,True,102.0,153.0,255,SPOKED,SPOKED,0.0,0.0,0.0,0.0,285.0,610.0,34.9,720.0,1.0
400.0,75.0,610.0,74.0,130.0,48.0,570.0,73.0,595.0,44.0,45.0,28.6,28.6,30.0,24.0,13.0,15.0,STEEL,28.0,48.0,38.0,330.0,350.0,16.0,18.0,False,False,130.0,1.0,1.1,1.0,1.2,1.0,1.0,1.1,700.0,60.0,700.0,60.0,0.0,2,False,1.0,1.0,68.0,44.0,692.0,31.8,False,True,False,False,True,8.0,2,False,120.0,180.0,240,SPOKED,SPOKED,0.0,0.0,0.0,0.0,290.0,590.0,34.9,680.0,1.0
430.0,68.0,625.0,72.0,145.0,54.0,585.0,73.8,605.0,48.0,55.0,30.0,30.0,33.0,28.0,15.0,16.0,STEEL,31.0,51.0,41.0,330.0,350.0,16.0,18.0,False,False,135.0,1.0,1.2,1.0,1.2,1.0,1.0,1.2,680.0,52.0,680.0,52.0,0.0,1,False,1.0,1.0,68.0,47.0,692.0,31.8,True,True,True,True,True,9.0,1,True,95.0,140.0,220,SPOKED,SPOKED,0.0,0.0,0.0,0.0,275.0,605.0,32.0,710.0,1.0
405.0,72.0,615.0,73.5,135.0,52.0,575.0,74.2,590.0,45.0,50.0,29.0,29.0,31.0,26.0,14.0,16.0,STEEL,29.0,49.0,39.0,330.0,350.0,16.0,18.0,False,False,130.0,1.1,1.1,1.0,1.2,1.0,1.0,1.1,680.0,57.0,680.0,57.0,0.0,2,False,1.0,1.0,69.0,45.0,692.0,31.8,False,True,False,True,True,8.0,2,False,110.0,160.0,230,SPOKED,SPOKED,0.0,0.0,0.0,0.0,285.0,595.0,33.5,690.0,1.0
420.0,66.0,618.0,72.7,145.0,53.0,580.0,73.7,600.0,46.0,48.0,30.0,30.0,33.0,27.0,15.0,16.0,STEEL,30.0,50.0,40.0,330.0,350.0,16.0,18.0,False,False,135.0,1.0,1.1,1.0,1.2,1.0,1.0,1.1,690.0,60.0,690.0,60.0,0.0,1,False,1.0,1.0,68.0,46.0,692.0,31.8,True,False,False,False,True,7.0,1,True,100.0,149.0,237,SPOKED,SPOKED,0.0,0.0,0.0,0.0,280.0,600.0,34.9,700.0,1.0
395.0,74.0,605.0,73.2,125.0,50.0,570.0,74.0,585.0,44.0,45.0,28.6,28.6,31.0,24.0,13.0,15.0,STEEL,28.0,48.0,38.0,330.0,350.0,16.0,18.0,False,False,130.0,1.0,1.1,1.0,1.2,1.0,1.0,1.1,680.0,52.0,680.0,52.0,0.0,0,False,1.0,1.0,68.0,45.0,692.0,31.8,True,True,True,True,True,9.0,1,True,105.0,150.0,240,SPOKED,SPOKED,0.0,0.0,0.0,0.0,275.0,610.0,34.9,720.0,1.0
425.0,68.0,622.0,72.8,150.0,55.0,590.0,73.9,615.0,47.0,52.0,30.0,30.0,33.0,28.0,15.0,16.0,STEEL,32.0,52.0,42.0,330.0,350.0,16.0,18.0,False,False,135.0,1.0,1.1,1.0,1.2,1.0,1.0,1.2,695.0,55.0,695.0,55.0,0.0,1,False,1.0,1.0,69.0,47.0,692.0,31.8,True,True,True,True,True,8.0,2,True,100.0,149.0,237,SPOKED,SPOKED,0.0,0.0,0.0,0.0,290.0,605.0,34.9,705.0,1.0
410.0,70.0,615.0,73.3,140.0,52.0,575.0,74.1,600.0,45.0,50.0,29.0,29.0,32.0,26.0,14.0,16.0,STEEL,30.0,50.0,40.0,330.0,350.0,16.0,18.0,False,False,130.0,1.0,1.1,1.0,1.2,1.0,1.0,1.1,680.0,52.0,680.0,52.0,0.0,1,False,1.0,1.0,68.0,46.0,692.0,31.8,False,True,True,True,True,7.0,1,True,100.0,140.0,230,SPOKED,SPOKED,0.0,0.0,0.0,0.0,280.0,600.0,34.9,700.0,2.0
430.0,64.0,628.0,72.6,155.0,57.0,590.0,73.8,610.0,46.0,48.0,30.0,30.0,34.0,29.0,16.0,17.0,STEEL,33.0,53.0,43.0,330.0,350.0,16.0,18.0,False,False,135.0,1.0,1.1,1.0,1.2,1.0,1.0,1.2,700.0,60.0,700.0,60.0,0.0,2,False,1.0,1.0,68.0,48.0,692.0,31.8,True,True,True,True,True,10.0,1,True,110.0,155.0,245,SPOKED,SPOKED,0.0,0.0,0.0,0.0,295.0,610.0,34.9,715.0,1.0
405.0,70.0,600.0,74.0,170.0,50.0,550.0,74.0,650.0,45.0,45.0,35.0,33.6,36.5,23.35,13.0,15.0,STEEL,32.0,35.0,48.0,330.0,350.0,16.0,18.0,True,True,130.0,2.0,0.9,1.1,0.9,1.2,1.0,0.9,700.0,50.0,700.0,50.0,0.0,2,False,1.0,1.0,68.0,45.0,0.0,31.8,False,True,True,True,True,8.0,1,True,100.0,150.0,255,SPOKED,SPOKED,0.0,0.0,0.0,0.0,280.0,760.0,34.9,300.0,1.0
420.0,70.0,610.0,73.5,160.0,55.0,560.0,73.5,655.0,50.0,45.0,34.0,33.6,36.5,23.35,13.0,15.0,STEEL,30.0,38.0,45.0,330.0,350.0,16.0,18.0,False,False,130.0,2.0,0.9,1.1,0.9,1.2,1.0,0.9,700.0,55.0,700.0,55.0,0.0,2,False,1.0,1.0,68.0,45.0,0.0,31.8,False,True,True,True,True,9.0,2,False,100.0,150.0,255,SPOKED,SPOKED,0.0,0.0,0.0,0.0,282.0,758.0,34.9,300.0,1.0
395.0,70.0,590.0,74.5,180.0,45.0,540.0,74.5,645.0,45.0,45.0,35.0,33.6,36.5,23.35,13.0,15.0,STEEL,35.0,33.0,50.0,330.0,350.0,16.0,18.0,True,False,130.0,2.0,0.9,1.1,0.9,1.2,1.0,0.9,700.0,52.0,700.0,52.0,0.0,2,False,1.0,1.0,68.0,45.0,0.0,31.8,False,True,True,True,True,7.0,1,True,100.0,150.0,255,SPOKED,SPOKED,0.0,0.0,0.0,0.0,285.0,755.0,34.9,300.0,1.0
410.0,70.0,605.0,73.0,165.0,52.0,565.0,73.0,660.0,48.0,45.0,36.0,33.6,36.5,23.35,13.0,15.0,STEEL,33.0,36.0,47.0,330.0,350.0,16.0,18.0,False,True,130.0,2.0,0.9,1.1,0.9,1.2,1.0,0.9,700.0,60.0,700.0,60.0,0.0,2,False,1.0,1.0,68.0,45.0,0.0,31.8,False,True,True,True,True,10.0,2,True,100.0,150.0,255,SPOKED,SPOKED,0.0,0.0,0.0,0.0,278.0,765.0,34.9,300.0,1.0
400.0,70.0,595.0,74.2,155.0,48.0,555.0,74.2,648.0,46.0,45.0,34.5,33.6,36.5,23.35,13.0,15.0,STEEL,31.0,34.0,49.0,330.0,350.0,16.0,18.0,True,True,130.0,2.0,0.9,1.1,0.9,1.2,1.0,0.9,700.0,53.0,700.0,53.0,0.0,2,False,1.0,1.0,68.0,45.0,0.0,31.8,False,True,True,True,True,8.0,1,False,100.0,150.0,255,SPOKED,SPOKED,0.0,0.0,0.0,0.0,288.0,752.0,34.9,300.0,1.0
415.0,70.0,615.0,73.8,175.0,60.0,570.0,73.8,660.0,45.0,45.0,36.5,33.6,36.5,23.35,13.0,15.0,STEEL,34.0,37.0,46.0,330.0,350.0,16.0,18.0,False,False,130.0,2.0,0.9,1.1,0.9,1.2,1.0,0.9,700.0,58.0,700.0,58.0,0.0,2,False,1.0,1.0,68.0,45.0,0.0,31.8,False,True,True,True,True,9.0,2,True,100.0,150.0,255,SPOKED,SPOKED,0.0,0.0,0.0,0.0,275.0,770.0,34.9,300.0,1.0
395.0,70.0,580.0,74.0,162.0,50.0,545.0,74.0,640.0,47.0,45.0,35.5,33.6,36.5,23.35,13.0,15.0,STEEL,32.0,35.0,48.0,330.0,350.0,16.0,18.0,True,False,130.0,2.0,0.9,1.1,0.9,1.2,1.0,0.9,700.0,54.0,700.0,54.0,0.0,2,False,1.0,1.0,68.0,45.0,0.0,31.8,False,True,False,True,True,7.0,1,False,100.0,150.0,255,SPOKED,SPOKED,0.0,0.0,0.0,0.0,290.0,740.0,34.9,300.0,1.0
430.0,70.0,620.0,73.2,168.0,58.0,565.0,73.2,658.0,46.0,45.0,36.0,33.6,36.5,23.35,13.0,15.0,STEEL,33.0,36.0,47.0,330.0,350.0,16.0,18.0,False,True,130.0,2.0,0.9,1.1,0.9,1.2,1.0,0.9,700.0,57.0,700.0,57.0,0.0,2,False,1.0,1.0,68.0,45.0,0.0,31.8,False,True,True,True,True,8.0,2,True,100.0,150.0,255,SPOKED,SPOKED,0.0,0.0,0.0,0.0,276.0,762.0,34.9,300.0,1.0
388.0,70.0,590.0,74.6,158.0,47.0,550.0,74.6,642.0,48.0,45.0,34.8,33.6,36.5,23.35,13.0,15.0,STEEL,31.0,34.0,49.0,330.0,350.0,16.0,18.0,True,True,130.0,2.0,0.9,1.1,0.9,1.2,1.0,0.9,700.0,56.0,700.0,56.0,0.0,2,False,1.0,1.0,68.0,45.0,0.0,31.8,False,True,False,False,True,9.0,1,False,100.0,150.0,255,SPOKED,SPOKED,0.0,0.0,0.0,0.0,295.0,748.0,34.9,300.0,1.0
405.0,70.0,605.0,73.9,172.0,53.0,560.0,73.9,655.0,45.0,45.0,35.8,33.6,36.5,23.35,13.0,15.0,STEEL,34.0,37.0,46.0,330.0,350.0,16.0,18.0,False,False,130.0,2.0,0.9,1.1,0.9,1.2,1.0,0.9,700.0,59.0,700.0,59.0,0.0,2,False,1.0,1.0,68.0,45.0,0.0,31.8,False,True,True,True,True,8.0,1,True,100.0,150.0,255,SPOKED,SPOKED,0.0,0.0,0.0,0.0,282.0,765.0,34.9,300.0,1.0
420.0,70.0,600.0,73.0,150.0,45.0,550.0,73.5,650.0,45.0,45.0,32.0,34.0,30.0,22.0,13.0,15.0,STEEL,35.0,50.0,45.0,330.0,350.0,16.0,18.0,False,False,130.0,2.0,0.9,1.1,0.9,1.2,1.0,0.9,700.0,50.0,700.0,50.0,0.0,0,False,1.0,1.0,68.0,45.0,0.0,31.8,True,False,True,True,True,8.0,1,True,50.0,100.0,200,SPOKED,SPOKED,1.0,1.0,80.0,80.0,280.0,740.0,34.0,330.0,1.0
435.0,65.0,610.0,72.5,155.0,50.0,555.0,73.0,655.0,50.0,46.0,33.0,35.0,31.0,23.0,13.0,16.0,STEEL,36.0,51.0,44.0,330.0,350.0,16.0,18.0,True,False,135.0,2.0,0.9,1.1,0.9,1.2,1.0,0.9,695.0,45.0,695.0,45.0,0.0,1,False,1.0,1.0,68.0,45.0,0.0,31.8,False,True,True,True,True,9.0,2,True,60.0,120.0,220,DISC,SPOKED,0.0,1.0,0.0,80.0,290.0,730.0,34.5,340.0,1.0
410.0,75.0,590.0,74.0,145.0,48.0,545.0,74.0,648.0,45.0,45.0,31.0,34.0,30.0,22.0,13.0,15.0,STEEL,34.0,48.0,46.0,330.0,350.0,16.0,18.0,True,True,130.0,2.0,1.1,1.2,1.1,1.0,1.0,1.0,710.0,40.0,710.0,40.0,0.0,2,False,1.0,1.0,68.0,45.0,0.0,31.8,False,False,True,True,True,8.0,1,True,100.0,149.0,237,SPOKED,SPOKED,1.0,1.0,85.0,85.0,285.0,750.0,34.5,340.0,1.0
445.0,68.0,620.0,71.5,160.0,47.0,560.0,72.5,660.0,50.0,47.0,33.0,36.0,32.0,24.0,14.0,15.0,STEEL,38.0,52.0,43.0,330.0,350.0,16.0,18.0,False,False,135.0,2.0,0.9,1.1,0.9,1.2,1.0,0.9,700.0,55.0,700.0,55.0,0.0,1,False,1.0,1.0,68.0,45.0,0.0,31.8,True,True,True,True,True,7.0,1,True,65.0,105.0,225,SPOKED,DISC,1.0,0.0,80.0,0.0,275.0,735.0,35.0,320.0,1.0
400.0,65.0,580.0,73.0,148.0,46.0,540.0,73.0,640.0,45.0,45.0,32.0,34.0,30.0,22.0,13.0,15.0,STEEL,36.0,49.0,45.0,330.0,350.0,16.0,18.0,False,False,130.0,2.0,0.9,1.1,0.9,1.2,1.0,0.9,685.0,42.0,685.0,42.0,0.0,0,False,1.0,1.0,68.0,45.0,0.0,31.8,True,True,True,False,True,9.0,2,True,70.0,130.0,180,TRISPOKE,SPOKED,1.0,1.0,100.0,75.0,290.0,730.0,33.0,310.0,1.0
430.0,72.0,605.0,74.0,152.0,49.0,600.0,74.5,658.0,48.0,46.0,34.0,36.0,32.0,24.0,14.0,15.0,STEEL,37.0,51.0,44.0,330.0,350.0,16.0,18.0,True,True,135.0,2.0,0.9,1.2,0.9,1.2,1.0,1.0,695.0,45.0,695.0,45.0,0.0,2,False,1.0,1.0,68.0,45.0,0.0,31.8,True,False,True,True,True,8.0,1,True,30.0,144.0,255,SPOKED,SPOKED,1.0,1.0,85.0,85.0,278.0,745.0,35.0,335.0,1.0
415.0,68.0,595.0,72.0,142.0,44.0,530.0,72.5,645.0,43.0,45.0,30.0,33.0,29.0,21.0,13.0,15.0,STEEL,32.0,47.0,46.0,330.0,350.0,16.0,18.0,False,False,130.0,2.0,0.9,1.1,0.9,1.2,1.0,0.9,710.0,48.0,710.0,48.0,0.0,1,False,1.0,1.0,68.0,45.0,0.0,31.8,False,False,False,True,True,9.0,2,False,70.0,130.0,180,SPOKED,SPOKED,1.0,1.0,80.0,80.0,280.0,720.0,33.0,310.0,1.0
440.0,70.0,615.0,73.5,158.0,48.0,570.0,73.0,662.0,46.0,48.0,34.0,36.0,32.0,23.0,14.0,15.0,STEEL,39.0,53.0,43.0,330.0,350.0,16.0,18.0,False,False,135.0,2.0,0.9,1.1,0.9,1.2,1.0,0.9,690.0,55.0,690.0,55.0,0.0,2,False,1.0,1.0,68.0,45.0,0.0,34.0,True,True,True,True,True,10.0,1,True,65.0,105.0,225,TRISPOKE,TRISPOKE,2.0,2.0,60.0,60.0,285.0,755.0,36.0,345.0,1.0
425.0,66.0,600.0,73.0,150.0,47.0,555.0,73.0,650.0,45.0,45.0,32.0,34.0,30.0,22.0,13.0,15.0,STEEL,35.0,50.0,45.0,330.0,350.0,16.0,18.0,False,False,130.0,2.0,0.9,1.1,0.9,1.2,1.0,0.9,700.0,50.0,700.0,50.0,0.0,1,False,1.0,1.0,68.0,45.0,0.0,31.8,False,False,False,False,True,8.0,1,False,0.0,100.0,200,SPOKED,SPOKED,1.0,1.0,85.0,85.0,280.0,740.0,34.0,330.0,1.0
437.0,70.0,605.0,74.0,153.0,46.0,545.0,74.0,655.0,55.0,50.0,33.0,35.0,31.0,23.0,14.0,15.0,STEEL,37.0,51.0,44.0,330.0,350.0,16.0,18.0,False,False,135.0,2.0,0.9,1.1,0.9,1.2,1.0,0.9,680.0,60.0,680.0,60.0,1.0,0,False,1.0,1.0,68.0,45.0,0.0,31.8,True,True,True,True,True,9.0,2,True,30.0,144.0,255,SPOKED,DISC,1.0,0.0,85.0,0.0,285.0,750.0,35.0,340.0,1.0
430.0,70.0,600.0,73.0,200.0,50.0,550.0,73.0,610.0,50.0,40.0,30.0,38.0,24.0,12.0,15.0,9.0,STEEL,35.0,40.0,50.0,330.0,350.0,16.0,18.0,False,False,135.0,2.0,0.9,1.1,0.9,1.2,1.0,0.9,680.0,29.0,680.0,29.0,0.0,1,False,1.0,1.0,68.0,45.0,0.0,31.8,False,True,True,True,True,8.0,2,True,65.0,105.0,225,SPOKED,SPOKED,0.0,0.0,0.0,0.0,278.0,75.0,34.9,300.0,1.0
440.0,75.0,615.0,74.0,190.0,55.0,545.0,72.0,605.0,48.0,40.0,29.0,37.0,23.0,13.0,14.0,8.0,STEEL,32.0,39.0,49.0,330.0,350.0,16.0,18.0,False,False,135.0,2.0,0.9,1.1,0.9,1.2,1.0,0.9,680.0,30.0,680.0,30.0,0.0,1,False,1.0,1.0,68.0,45.0,0.0,31.8,False,True,True,True,True,9.0,2,True,65.0,105.0,225,SPOKED,SPOKED,0.0,0.0,0.0,0.0,280.0,76.0,34.9,300.0,1.0
425.0,72.0,610.0,72.5,180.0,52.0,560.0,71.0,620.0,52.0,40.0,29.5,37.5,23.0,12.0,14.0,9.0,STEEL,31.0,39.0,49.0,330.0,350.0,16.0,18.0,False,False,130.0,2.0,0.9,1.1,0.9,1.2,1.0,0.9,680.0,29.0,680.0,29.0,0.0,1,False,1.0,1.0,68.0,45.0,0.0,31.8,False,True,True,True,True,7.0,1,True,65.0,105.0,225,SPOKED,SPOKED,0.0,0.0,0.0,0.0,280.0,78.0,34.9,310.0,1.0
435.0,68.0,605.0,71.0,210.0,48.0,545.0,72.0,600.0,48.0,40.0,28.0,36.0,22.5,12.0,13.0,8.0,STEEL,36.0,41.0,51.0,330.0,350.0,15.0,17.0,False,False,130.0,2.0,0.9,1.1,0.9,1.2,1.0,0.9,675.0,30.0,675.0,30.0,0.0,2,False,1.0,1.0,68.0,50.0,0.0,31.8,False,True,True,True,True,8.0,2,True,65.0,105.0,225,SPOKED,SPOKED,0.0,0.0,0.0,0.0,282.0,77.0,34.9,295.0,1.0
445.0,70.0,625.0,74.5,185.0,55.0,555.0,74.0,630.0,55.0,40.0,29.0,38.0,24.0,13.0,14.0,10.0,STEEL,34.0,41.0,52.0,335.0,355.0,16.0,18.0,False,False,135.0,2.0,0.9,1.1,0.9,1.2,1.0,0.9,685.0,27.0,685.0,27.0,0.0,1,False,1.0,1.0,68.0,45.0,0.0,31.8,False,True,True,True,True,9.0,1,True,65.0,105.0,225,SPOKED,SPOKED,0.0,0.0,0.0,0.0,284.0,79.0,34.9,300.0,1.0
440.0,65.0,595.0,70.0,220.0,47.0,530.0,75.0,595.0,49.0,40.0,30.0,39.0,23.0,14.0,15.0,9.0,STEEL,38.0,43.0,53.0,330.0,350.0,17.0,19.0,False,False,135.0,2.0,0.9,1.1,0.9,1.2,1.0,0.9,680.0,30.0,680.0,30.0,0.0,2,False,1.0,3.0,70.0,50.0,0.0,34.0,False,True,True,True,True,7.0,1,True,65.0,105.0,225,SPOKED,SPOKED,0.0,0.0,0.0,0.0,285.0,80.0,34.9,305.0,3.0
435.0,72.0,610.0,73.0,195.0,53.0,545.0,74.0,620.0,52.0,40.0,29.0,36.0,23.0,13.0,14.0,8.0,STEEL,33.0,40.0,45.0,330.0,350.0,16.0,18.0,False,False,130.0,2.0,0.9,1.1,0.9,1.2,1.0,0.9,686.0,32.0,686.0,32.0,1.0,1,False,1.0,1.0,68.0,45.0,0.0,31.8,False,True,True,True,True,8.0,2,True,65.0,105.0,225,SPOKED,SPOKED,0.0,0.0,0.0,0.0,279.0,76.0,34.9,300.0,1.0
430.0,68.0,605.0,72.0,205.0,50.0,550.0,73.0,615.0,50.0,40.0,30.0,37.0,23.0,13.0,15.0,9.0,STEEL,34.0,37.0,47.0,330.0,350.0,16.0,18.0,False,False,135.0,2.0,0.9,1.1,0.9,1.2,1.0,0.9,680.0,29.0,680.0,29.0,0.0,1,False,1.0,1.0,68.0,45.0,0.0,31.8,False,True,True,True,True,10.0,3,True,65.0,105.0,225,SPOKED,SPOKED,0.0,0.0,0.0,0.0,280.0,75.0,34.9,300.0,1.0
440.0,72.0,620.0,73.0,150.0,60.0,545.0,74.0,605.0,50.0,40.0,28.0,36.0,22.0,12.0,15.0,9.0,STEEL,25.0,40.0,45.0,330.0,350.0,16.0,18.0,False,False,135.0,2.0,0.9,1.1,0.9,1.2,1.0,0.9,680.0,29.0,680.0,29.0,0.0,1,False,1.0,1.0,68.0,45.0,690.0,31.8,False,True,True,True,True,8.0,2,True,65.0,105.0,225,SPOKED,SPOKED,0.0,0.0,0.0,0.0,279.0,75.0,34.9,300.0,0.0
435.0,70.0,615.0,72.0,175.0,55.0,555.0,73.0,625.0,50.0,40.0,29.5,38.0,24.0,13.0,14.0,9.0,STEEL,30.0,42.0,48.0,330.0,350.0,17.0,19.0,False,False,130.0,2.0,0.9,1.1,0.9,1.2,1.0,0.9,680.0,29.0,680.0,29.0,0.0,1,False,1.0,1.0,68.0,45.0,0.0,31.8,False,True,True,True,True,9.0,2,True,65.0,105.0,225,SPOKED,SPOKED,0.0,0.0,0.0,0.0,285.0,80.0,34.9,305.0,2.0
405,65,595,73.0,155,50,540.0,73.0,590.0,45.0,45.0,28.6,36.5,23.35,13.0,15.0,9.0,STEEL,35.0,50.0,50.0,330.0,350.0,16.0,18.0,True,True,135.0,2.0,0.9,1.1,0.9,1.2,1.0,0.9,680.0,58.0,680.0,58.0,0.0,2,False,1.0,1.0,68.0,45.0,0.0,31.8,False,True,True,True,True,9.0,2,True,100.0,150.0,255,SPOKED,SPOKED,0.0,0.0,0.0,0.0,280.0,780.0,34.9,300.0,1.0
410,60,590,72.0,165,55,545.0,74.0,595.0,45.0,45.0,28.6,36.5,23.35,13.0,15.0,9.0,STEEL,30.0,55.0,45.0,330.0,350.0,16.0,18.0,True,True,130.0,2.0,0.9,1.1,0.9,1.2,1.0,0.9,685.0,63.0,685.0,63.0,0.0,1,False,1.0,1.0,68.0,46.0,0.0,31.8,False,True,True,True,True,8.0,2,True,100.0,150.0,255,SPOKED,SPOKED,0.0,0.0,0.0,0.0,285.0,770.0,34.9,300.0,1.0
400,70,600,74.0,140,45,530.0,72.0,580.0,45.0,45.0,28.6,36.5,23.35,13.0,15.0,9.0,STEEL,32.0,48.0,52.0,332.0,348.0,16.0,18.0,True,True,130.0,2.0,0.9,1.1,0.9,1.2,1.0,0.9,675.0,53.0,675.0,53.0,0.0,2,False,1.0,1.0,68.0,45.0,0.0,31.8,False,False,True,True,True,10.0,2,True,100.0,150.0,255,SPOKED,SPOKED,0.0,0.0,0.0,0.0,290.0,800.0,34.9,320.0,1.0
420,65,605,73.5,155,50,540.0,73.0,585.0,50.0,45.0,28.6,36.5,23.35,13.0,15.0,9.0,STEEL,38.0,52.0,48.0,330.0,350.0,16.0,18.0,True,False,135.0,2.0,0.9,1.1,0.9,1.2,1.0,0.9,680.0,58.0,680.0,58.0,0.0,1,False,1.0,1.0,68.0,45.0,0.0,31.8,True,False,False,True,True,9.0,3,True,100.0,150.0,255,SPOKED,SPOKED,0.0,0.0,0.0,0.0,280.0,785.0,34.9,300.0,1.0
430,63,610,72.5,160,60,555.0,74.0,600.0,45.0,45.0,28.6,36.5,23.35,13.0,15.0,9.0,STEEL,40.0,60.0,50.0,335.0,345.0,16.0,18.0,True,True,135.0,2.0,0.9,1.1,0.9,1.2,1.0,0.9,680.0,58.0,680.0,58.0,0.0,2,False,1.0,1.0,68.0,46.0,0.0,31.8,True,True,True,False,True,7.0,3,True,100.0,150.0,255,SPOKED,TRISPOKE,0.0,1.0,0.0,50.0,300.0,760.0,34.9,310.0,1.0
400,70,580,72.0,150,50,520.0,71.0,580.0,45.0,45.0,28.6,36.5,23.35,13.0,15.0,9.0,STEEL,24.0,55.0,45.0,330.0,350.0,16.0,18.0,True,True,135.0,2.0,0.9,1.1,0.9,1.2,1.0,0.9,680.0,58.0,680.0,58.0,1.0,2,False,1.0,2.0,68.0,45.0,0.0,31.8,False,True,True,True,True,8.0,1,True,100.0,150.0,255,DISC,DISC,0.0,0.0,0.0,0.0,290.0,770.0,34.9,300.0,1.0
415,68,600,73.5,145,48,535.0,72.5,590.0,45.0,45.0,28.6,36.5,23.35,13.0,15.0,9.0,STEEL,36.0,62.0,57.0,330.0,350.0,16.0,18.0,False,True,130.0,2.0,0.9,1.1,0.9,1.2,1.0,0.9,670.0,48.0,670.0,48.0,0.0,0,False,1.0,3.0,68.0,50.0,0.0,31.8,False,False,True,True,True,9.0,2,False,100.0,150.0,255,SPOKED,SPOKED,0.0,0.0,0.0,0.0,280.0,790.0,34.9,305.0,2.0
395,65,585,71.5,160,52,550.0,73.5,585.0,47.0,45.0,28.6,36.5,23.35,13.0,15.0,9.0,STEEL,38.0,60.0,50.0,328.0,348.0,16.0,18.0,True,False,132.0,2.0,0.9,1.1,0.9,1.2,1.0,0.9,682.0,60.0,682.0,60.0,2.0,1,False,1.0,1.0,68.0,45.0,0.0,31.8,True,True,True,True,True,10.0,2,True,100.0,150.0,255,TRISPOKE,SPOKED,1.0,0.0,50.0,0.0,285.0,775.0,34.9,300.0,1.0
425,66,610,74.0,150,50,545.0,73.0,600.0,45.0,45.0,28.6,36.5,23.35,13.0,15.0,9.0,STEEL,35.0,53.0,47.0,332.0,352.0,16.0,18.0,True,True,135.0,2.0,0.9,1.1,0.9,1.2,1.0,0.9,678.0,56.0,678.0,56.0,0.0,2,False,1.0,1.0,68.0,45.0,0.0,31.8,False,False,False,True,True,8.0,2,False,100.0,150.0,255,SPOKED,DISC,0.0,0.0,0.0,0.0,290.0,780.0,34.9,300.0,1.0
410,67,595,72.0,155,55,540.0,73.5,595.0,45.0,45.0,28.6,36.5,23.35,13.0,15.0,9.0,STEEL,36.0,56.0,49.0,330.0,350.0,16.0,18.0,True,True,130.0,2.0,0.9,1.1,0.9,1.2,1.0,0.9,680.0,58.0,680.0,58.0,0.0,1,False,1.0,1.0,68.0,45.0,0.0,31.8,True,False,True,False,True,9.0,2,True,100.0,150.0,255,SPOKED,SPOKED,0.0,0.0,0.0,0.0,275.0,765.0,34.9,300.0,1.0
420.0,75.0,590.0,73.0,160.0,45.0,555.0,73.5,650.0,45.0,40.0,28.6,36.5,23.35,13.0,15.0,9.0,STEEL,30.0,50.0,50.0,330.0,350.0,16.0,18.0,False,False,130.0,2.0,0.9,1.1,0.9,1.2,1.0,0.9,700.0,52.0,700.0,52.0,0.0,1,False,1.0,1.0,68.0,45.0,692.0,31.8,False,False,True,True,True,7.0,1,True,100.0,155.0,255,SPOKED,SPOKED,0.0,0.0,0.0,0.0,278.0,800.0,34.9,350.0,1.0
415.0,70.0,600.0,72.5,150.0,47.0,560.0,74.0,660.0,48.0,40.0,28.6,36.5,23.35,13.0,15.0,9.0,STEEL,30.0,50.0,50.0,330.0,350.0,16.0,18.0,False,False,130.0,2.0,0.9,1.1,0.9,1.2,1.0,0.9,700.0,52.0,700.0,52.0,0.0,1,False,1.0,1.0,68.0,45.0,692.0,31.8,False,False,True,True,True,7.0,1,True,100.0,155.0,255,SPOKED,SPOKED,0.0,0.0,0.0,0.0,278.0,800.0,34.9,350.0,1.0
430.0,65.0,580.0,74.0,170.0,42.0,550.0,72.5,640.0,46.0,40.0,28.6,36.5,23.35,13.0,15.0,9.0,STEEL,30.0,50.0,50.0,330.0,350.0,16.0,18.0,False,False,130.0,2.0,0.9,1.1,0.9,1.2,1.0,0.9,700.0,52.0,700.0,52.0,0.0,1,False,1.0,1.0,68.0,45.0,692.0,31.8,False,False,True,True,True,7.0,1,True,100.0,155.0,255,SPOKED,SPOKED,0.0,0.0,0.0,0.0,278.0,800.0,34.9,350.0,1.0
425.0,80.0,610.0,73.5,155.0,44.0,565.0,75.0,655.0,47.0,40.0,28.6,36.5,23.35,13.0,15.0,9.0,STEEL,30.0,50.0,50.0,330.0,350.0,16.0,18.0,False,False,130.0,2.0,0.9,1.1,0.9,1.2,1.0,0.9,700.0,52.0,700.0,52.0,0.0,1,False,1.0,1.0,68.0,45.0,692.0,31.8,False,False,True,True,True,7.0,1,True,100.0,155.0,255,SPOKED,SPOKED,0.0,0.0,0.0,0.0,278.0,800.0,34.9,350.0,1.0
410.0,72.0,595.0,72.0,165.0,46.0,545.0,74.5,645.0,49.0,40.0,28.6,36.5,23.35,13.0,15.0,9.0,STEEL,30.0,50.0,50.0,330.0,350.0,16.0,18.0,False,False,130.0,2.0,0.9,1.1,0.9,1.2,1.0,0.9,700.0,52.0,700.0,52.0,0.0,1,False,1.0,1.0,68.0,45.0,692.0,31.8,False,False,True,True,True,7.0,1,True,100.0,155.0,255,SPOKED,SPOKED,0.0,0.0,0.0,0.0,278.0,800.0,34.9,350.0,1.0
428.0,68.0,605.0,73.2,158.0,43.0,558.0,73.8,652.0,46.5,40.0,28.6,36.5,23.35,13.0,15.0,9.0,STEEL,30.0,50.0,50.0,330.0,350.0,16.0,18.0,False,False,130.0,2.0,0.9,1.1,0.9,1.2,1.0,0.9,700.0,52.0,700.0,52.0,0.0,1,False,1.0,1.0,68.0,45.0,692.0,31.8,False,False,True,True,True,7.0,1,True,100.0,155.0,255,SPOKED,SPOKED,0.0,0.0,0.0,0.0,278.0,800.0,34.9,350.0,1.0
418.0,78.0,585.0,74.2,162.0,48.0,552.0,72.8,648.0,45.5,40.0,28.6,36.5,23.35,13.0,15.0,9.0,STEEL,30.0,50.0,50.0,330.0,350.0,16.0,18.0,False,False,130.0,2.0,0.9,1.1,0.9,1.2,1.0,0.9,700.0,52.0,700.0,52.0,0.0,1,False,1.0,1.0,68.0,45.0,692.0,31.8,False,False,True,True,True,7.0,1,True,100.0,155.0,255,SPOKED,SPOKED,0.0,0.0,0.0,0.0,278.0,800.0,34.9,350.0,1.0
423.0,67.0,598.0,72.8,168.0,41.0,562.0,74.2,658.0,48.5,40.0,28.6,36.5,23.35,13.0,15.0,9.0,STEEL,30.0,50.0,50.0,330.0,350.0,16.0,18.0,False,False,130.0,2.0,0.9,1.1,0.9,1.2,1.0,0.9,700.0,52.0,700.0,52.0,0.0,1,False,1.0,1.0,68.0,45.0,692.0,31.8,False,False,True,True,True,7.0,1,True,100.0,155.0,255,SPOKED,SPOKED,0.0,0.0,0.0,0.0,278.0,800.0,34.9,350.0,1.0
432.0,74.0,592.0,73.8,152.0,49.0,548.0,73.0,655.0,47.5,40.0,28.6,36.5,23.35,13.0,15.0,9.0,STEEL,30.0,50.0,50.0,330.0,350.0,16.0,18.0,False,False,130.0,2.0,0.9,1.1,0.9,1.2,1.0,0.9,700.0,52.0,700.0,52.0,0.0,1,False,1.0,1.0,68.0,45.0,692.0,31.8,False,False,True,True,True,7.0,1,True,100.0,155.0,255,SPOKED,SPOKED,0.0,0.0,0.0,0.0,278.0,800.0,34.9,350.0,1.0
427.0,69.0,600.0,73.4,158.0,46.5,559.0,73.4,653.0,46.0,40.0,28.6,36.5,23.35,13.0,15.0,9.0,STEEL,32.0,48.0,52.0,330.0,350.0,16.0,18.0,False,False,135.0,2.0,0.9,1.1,0.9,1.2,1.0,0.9,700.0,52.0,700.0,52.0,0.0,1,False,1.0,1.0,68.0,45.0,692.0,31.8,False,False,True,True,True,7.0,1,True,100.0,155.0,255,SPOKED,SPOKED,0.0,0.0,0.0,0.0,278.0,800.0,34.9,350.0,1.0
410.0,70.0,610.0,72.0,150.0,50.0,530.0,73.0,635.0,45.0,45.0,30.0,36.5,25.0,25.0,13.0,15.0,STEEL,35.0,45.0,45.0,0.0,0.0,0.0,0.0,False,False,135.0,1.0,1.1,1.0,1.2,1.0,1.0,1.0,680.0,52.0,680.0,52.0,0.0,0,False,1.0,1.0,68.0,45.0,0.0,31.8,True,True,True,True,True,10.0,1,True,100.0,150.0,255,SPOKED,SPOKED,0.0,0.0,0.0,0.0,280.0,750.0,35.0,750.0,1.0
420.0,68.0,620.0,71.5,160.0,55.0,540.0,73.5,640.0,44.0,45.0,31.0,36.5,25.5,25.5,13.0,15.0,STEEL,32.0,50.0,48.0,0.0,0.0,0.0,0.0,False,False,135.0,1.0,1.1,1.0,1.2,1.0,1.0,1.0,680.0,52.0,680.0,52.0,0.0,1,False,1.0,1.0,68.0,45.0,0.0,31.8,True,True,True,True,True,9.0,1,True,100.0,150.0,255,SPOKED,SPOKED,0.0,0.0,0.0,0.0,285.0,760.0,35.0,770.0,1.0
415.0,72.0,615.0,72.5,155.0,52.0,535.0,72.5,630.0,46.0,45.0,29.0,36.5,24.0,24.0,13.0,15.0,STEEL,38.0,55.0,42.0,0.0,0.0,0.0,0.0,False,False,135.0,1.0,1.1,1.0,1.2,1.0,1.0,1.0,680.0,52.0,680.0,52.0,0.0,2,False,1.0,1.0,68.0,45.0,0.0,31.8,True,True,True,True,True,11.0,1,True,100.0,150.0,255,SPOKED,SPOKED,0.0,0.0,0.0,0.0,290.0,740.0,35.0,760.0,1.0
405.0,75.0,630.0,70.0,145.0,48.0,525.0,72.0,625.0,47.0,45.0,30.0,36.5,26.0,26.0,13.0,15.0,STEEL,34.0,42.0,40.0,0.0,0.0,0.0,0.0,False,False,135.0,1.0,1.1,1.0,1.2,1.0,1.0,1.0,680.0,52.0,680.0,52.0,0.0,0,False,1.0,1.0,68.0,45.0,0.0,31.8,True,True,True,True,True,8.0,1,True,100.0,150.0,255,SPOKED,SPOKED,0.0,0.0,0.0,0.0,275.0,730.0,35.0,730.0,1.0
430.0,65.0,640.0,73.0,170.0,60.0,580.0,73.8,645.0,42.0,50.0,32.0,36.5,25.0,25.0,13.0,15.0,STEEL,36.0,48.0,50.0,0.0,0.0,0.0,0.0,False,False,135.0,1.0,1.1,1.0,1.2,1.0,1.0,1.0,680.0,52.0,680.0,52.0,0.0,1,False,1.0,1.0,68.0,45.0,0.0,31.8,True,True,True,True,True,12.0,1,True,100.0,150.0,255,SPOKED,SPOKED,0.0,0.0,0.0,0.0,300.0,780.0,35.0,800.0,1.0
400.0,69.0,605.0,71.0,140.0,50.0,520.0,73.2,638.0,43.0,40.0,30.0,36.5,24.0,26.0,13.0,15.0,STEEL,33.0,46.0,44.0,0.0,0.0,0.0,0.0,False,False,135.0,1.0,1.1,1.0,1.2,1.0,1.0,1.0,680.0,52.0,680.0,52.0,0.0,2,False,1.0,1.0,68.0,45.0,0.0,31.8,True,True,True,True,True,9.0,1,True,100.0,150.0,255,SPOKED,SPOKED,0.0,0.0,0.0,0.0,278.0,745.0,35.0,740.0,1.0
412.0,73.0,625.0,72.2,158.0,53.0,550.0,72.8,635.0,45.0,45.0,31.5,36.5,24.5,25.5,13.0,15.0,STEEL,37.0,52.0,47.0,0.0,0.0,0.0,0.0,False,False,135.0,1.0,1.1,1.0,1.2,1.0,1.0,1.0,680.0,52.0,680.0,52.0,0.0,0,False,1.0,1.0,68.0,45.0,0.0,31.8,True,True,True,True,True,10.0,1,True,100.0,150.0,255,SPOKED,SPOKED,0.0,0.0,0.0,0.0,282.0,755.0,35.0,760.0,1.0
425.0,67.0,635.0,70.5,165.0,57.0,570.0,74.0,640.0,44.0,47.0,30.5,36.5,25.0,24.0,13.0,15.0,STEEL,39.0,50.0,46.0,0.0,0.0,0.0,0.0,False,False,135.0,1.0,1.1,1.0,1.2,1.0,1.0,1.0,680.0,52.0,680.0,52.0,0.0,1,False,1.0,1.0,68.0,45.0,0.0,31.8,True,True,True,True,True,11.0,1,True,100.0,150.0,255,SPOKED,SPOKED,0.0,0.0,0.0,0.0,295.0,765.0,35.0,795.0,1.0
395.0,74.0,620.0,71.8,152.0,49.0,540.0,73.3,635.0,46.0,45.0,30.8,36.5,26.0,24.0,13.0,15.0,STEEL,35.0,43.0,41.0,0.0,0.0,0.0,0.0,False,False,135.0,1.0,1.1,1.0,1.2,1.0,1.0,1.0,680.0,52.0,680.0,52.0,0.0,2,False,1.0,1.0,68.0,45.0,0.0,31.8,True,True,True,True,True,8.0,1,True,100.0,150.0,255,SPOKED,SPOKED,0.0,0.0,0.0,0.0,279.0,748.0,35.0,755.0,1.0
418.0,71.0,645.0,72.7,162.0,58.0,560.0,73.6,642.0,43.0,46.0,31.2,36.5,25.2,25.8,13.0,15.0,STEEL,38.0,54.0,49.0,0.0,0.0,0.0,0.0,False,False,135.0,1.0,1.1,1.0,1.2,1.0,1.0,1.0,680.0,52.0,680.0,52.0,0.0,1,False,1.0,1.0,68.0,45.0,0.0,31.8,True,True,True,True,True,10.0,1,True,100.0,150.0,255,SPOKED,SPOKED,0.0,0.0,0.0,0.0,288.0,758.0,35.0,780.0,1.0
420.0,70.0,620.0,72.0,150.0,50.0,550.0,74.0,650.0,50.0,40.0,28.6,34.0,36.5,30.0,13.0,15.0,STEEL,35.0,50.0,45.0,330.0,350.0,16.0,18.0,False,False,130.0,2.0,0.9,1.1,0.9,1.2,1.0,0.9,680.0,52.0,680.0,52.0,0.0,1,False,1.0,1.0,68.0,45.0,0.0,31.8,False,True,True,True,True,9.0,1,True,65.0,105.0,225,SPOKED,SPOKED,0.0,0.0,0.0,0.0,280.0,720.0,34.9,400.0,1.0
430.0,75.0,640.0,71.0,160.0,55.0,560.0,73.5,660.0,55.0,40.0,28.6,34.0,36.5,35.0,13.0,15.0,STEEL,36.0,52.0,47.0,330.0,350.0,16.0,18.0,False,False,130.0,2.0,0.9,1.1,0.9,1.2,1.0,0.9,690.0,55.0,690.0,55.0,0.0,2,False,1.0,1.0,68.0,45.0,0.0,31.8,False,True,True,True,True,8.0,2,True,65.0,105.0,225,SPOKED,SPOKED,0.0,0.0,0.0,0.0,285.0,730.0,34.9,410.0,1.0
415.0,68.0,610.0,73.0,140.0,48.0,540.0,74.5,640.0,48.0,40.0,28.6,34.0,36.5,32.0,13.0,15.0,STEEL,32.0,48.0,44.0,330.0,350.0,16.0,18.0,False,False,130.0,2.0,0.9,1.1,0.9,1.2,1.0,0.9,670.0,50.0,670.0,50.0,0.0,0,False,1.0,1.0,68.0,45.0,0.0,31.8,False,True,True,True,True,9.0,1,True,65.0,105.0,225,SPOKED,SPOKED,0.0,0.0,0.0,0.0,278.0,705.0,34.9,390.0,1.0
425.0,72.0,630.0,72.5,155.0,52.0,555.0,73.0,655.0,52.0,40.0,28.6,34.0,36.5,34.0,13.0,15.0,STEEL,37.0,53.0,46.0,330.0,350.0,16.0,18.0,False,False,130.0,2.0,0.9,1.1,0.9,1.2,1.0,0.9,685.0,60.0,685.0,60.0,0.0,2,False,1.0,1.0,68.0,45.0,0.0,31.8,False,True,True,True,True,10.0,2,True,65.0,105.0,225,SPOKED,SPOKED,0.0,0.0,0.0,0.0,300.0,740.0,34.9,420.0,1.0
440.0,65.0,600.0,71.5,145.0,50.0,530.0,75.0,650.0,50.0,40.0,28.6,34.0,36.5,30.0,13.0,15.0,STEEL,34.0,49.0,43.0,330.0,350.0,16.0,18.0,False,False,130.0,2.0,0.9,1.1,0.9,1.2,1.0,0.9,680.0,55.0,680.0,55.0,0.0,0,False,1.0,1.0,68.0,45.0,0.0,31.8,False,True,True,True,True,9.0,1,True,65.0,105.0,225,SPOKED,SPOKED,0.0,0.0,0.0,0.0,290.0,715.0,34.9,405.0,1.0
435.0,70.0,645.0,72.0,170.0,60.0,580.0,73.5,670.0,60.0,40.0,28.6,34.0,36.5,38.0,13.0,15.0,STEEL,40.0,55.0,48.0,330.0,350.0,16.0,18.0,False,False,135.0,2.0,0.9,1.1,0.9,1.2,1.0,0.9,695.0,60.0,695.0,60.0,0.0,2,False,1.0,1.0,68.0,45.0,0.0,31.8,False,True,True,True,True,7.0,3,True,65.0,105.0,225,SPOKED,SPOKED,0.0,0.0,0.0,0.0,305.0,750.0,34.9,450.0,1.0
410.0,68.0,605.0,73.0,135.0,45.0,520.0,74.0,630.0,45.0,40.0,28.6,34.0,36.5,28.0,13.0,15.0,STEEL,33.0,47.0,42.0,330.0,350.0,16.0,18.0,False,False,130.0,2.0,0.9,1.1,0.9,1.2,1.0,0.9,660.0,50.0,660.0,50.0,0.0,1,False,1.0,1.0,68.0,45.0,0.0,31.8,False,True,True,True,True,9.0,1,True,65.0,105.0,225,SPOKED,SPOKED,0.0,0.0,0.0,0.0,275.0,700.0,34.9,380.0,1.0
420.0,74.0,650.0,72.5,180.0,55.0,570.0,73.8,660.0,55.0,40.0,28.6,34.0,36.5,36.0,13.0,15.0,STEEL,38.0,54.0,49.0,330.0,350.0,16.0,18.0,False,False,130.0,2.0,0.9,1.1,0.9,1.2,1.0,0.9,690.0,60.0,690.0,60.0,0.0,2,False,1.0,1.0,68.0,45.0,0.0,31.8,False,True,True,True,True,8.0,2,True,65.0,105.0,225,SPOKED,SPOKED,0.0,0.0,0.0,0.0,295.0,735.0,34.9,430.0,1.0
430.0,69.0,615.0,71.8,150.0,53.0,560.0,74.2,645.0,53.0,40.0,28.6,34.0,36.5,33.0,13.0,15.0,STEEL,35.0,51.0,46.0,330.0,350.0,16.0,18.0,False,False,130.0,2.0,0.9,1.1,0.9,1.2,1.0,0.9,675.0,52.0,675.0,52.0,0.0,0,False,1.0,1.0,68.0,45.0,0.0,31.8,False,True,True,True,True,9.0,1,True,65.0,105.0,225,SPOKED,SPOKED,0.0,0.0,0.0,0.0,288.0,710.0,34.9,395.0,1.0
425.0,70.0,620.0,72.2,160.0,50.0,550.0,73.9,655.0,50.0,40.0,28.6,34.0,36.5,30.0,13.0,15.0,STEEL,37.0,50.0,47.0,330.0,350.0,16.0,18.0,False,False,130.0,2.0,0.9,1.1,0.9,1.2,1.0,0.9,685.0,55.0,685.0,55.0,0.0,1,False,1.0,1.0,68.0,45.0,0.0,31.8,False,True,True,True,True,9.0,1,True,65.0,105.0,225,SPOKED,SPOKED,0.0,0.0,0.0,0.0,292.0,725.0,34.9,410.0,1.0
405.0,70.0,593.5,73.0,145.0,45.0,515.0,74.0,648.3,45.0,40.0,28.6,36.5,23.35,13.0,15.0,9.0,STEEL,30.0,50.0,50.0,330.0,350.0,16.0,18.0,False,False,135.0,2.0,0.9,1.1,0.9,1.2,1.0,0.9,680.0,50.0,680.0,50.0,1.0,0,False,1.0,1.0,68.0,45.0,692.0,31.8,False,False,False,False,True,8.0,1,False,65.0,105.0,225,SPOKED,SPOKED,0.0,0.0,80.0,80.0,300.0,750.0,34.9,300.0,1.0
420.0,72.0,610.0,72.5,160.0,50.0,525.0,73.5,660.0,50.0,40.0,28.6,36.5,23.35,13.0,15.0,9.0,STEEL,30.0,50.0,50.0,330.0,350.0,16.0,18.0,False,False,135.0,2.0,0.9,1.1,0.9,1.2,1.0,0.9,680.0,50.0,680.0,50.0,1.0,1,False,1.0,1.0,68.0,45.0,692.0,31.8,False,False,False,False,True,8.0,1,False,65.0,105.0,225,SPOKED,SPOKED,0.0,0.0,80.0,80.0,300.0,750.0,34.9,300.0,1.0
430.0,68.0,600.0,74.0,155.0,48.0,520.0,73.0,655.0,45.0,40.0,28.6,36.5,23.35,13.0,15.0,9.0,STEEL,30.0,50.0,50.0,330.0,350.0,16.0,18.0,False,False,135.0,2.0,0.9,1.1,0.9,1.2,1.0,0.9,680.0,50.0,680.0,50.0,1.0,2,False,1.0,1.0,68.0,45.0,692.0,31.8,False,False,False,False,True,8.0,1,False,65.0,105.0,225,SPOKED,SPOKED,0.0,0.0,80.0,80.0,300.0,750.0,34.9,300.0,1.0
415.0,65.0,605.0,73.5,150.0,46.0,530.0,74.0,650.0,50.0,40.0,28.6,36.5,23.35,13.0,15.0,9.0,STEEL,30.0,50.0,50.0,330.0,350.0,16.0,18.0,False,False,135.0,2.0,0.9,1.1,0.9,1.2,1.0,0.9,680.0,50.0,680.0,50.0,1.0,0,False,1.0,1.0,68.0,45.0,692.0,31.8,False,False,False,False,True,8.0,1,False,65.0,105.0,225,SPOKED,SPOKED,0.0,0.0,80.0,80.0,300.0,750.0,34.9,300.0,1.0
395.0,75.0,595.0,72.0,140.0,44.0,510.0,75.0,640.0,45.0,40.0,28.6,36.5,23.35,13.0,15.0,9.0,STEEL,30.0,50.0,50.0,330.0,350.0,16.0,18.0,False,False,135.0,2.0,0.9,1.1,0.9,1.2,1.0,0.9,680.0,50.0,680.0,50.0,1.0,1,False,1.0,1.0,68.0,45.0,692.0,31.8,False,False,False,False,True,8.0,1,False,65.0,105.0,225,SPOKED,SPOKED,0.0,0.0,80.0,80.0,300.0,750.0,34.9,300.0,1.0
410.0,68.0,620.0,72.7,165.0,47.0,535.0,73.8,665.0,48.0,40.0,28.6,36.5,23.35,13.0,15.0,9.0,STEEL,30.0,50.0,50.0,330.0,350.0,16.0,18.0,False,False,135.0,2.0,0.9,1.1,0.9,1.2,1.0,0.9,680.0,50.0,680.0,50.0,1.0,2,False,1.0,1.0,68.0,45.0,692.0,31.8,False,False,False,False,True,8.0,1,False,65.0,105.0,225,SPOKED,SPOKED,0.0,0.0,80.0,80.0,300.0,750.0,34.9,300.0,1.0
400.0,72.0,580.0,74.2,148.0,45.0,500.0,74.5,630.0,45.0,40.0,28.6,36.5,23.35,13.0,15.0,9.0,STEEL,30.0,50.0,50.0,330.0,350.0,16.0,18.0,False,False,135.0,2.0,0.9,1.1,0.9,1.2,1.0,0.9,680.0,50.0,680.0,50.0,1.0,0,False,1.0,1.0,68.0,45.0,692.0,31.8,False,False,False,False,True,8.0,1,False,65.0,105.0,225,SPOKED,SPOKED,0.0,0.0,80.0,80.0,300.0,750.0,34.9,300.0,1.0
425.0,70.0,630.0,73.0,170.0,52.0,540.0,73.0,675.0,50.0,40.0,28.6,36.5,23.35,13.0,15.0,9.0,STEEL,30.0,50.0,50.0,330.0,350.0,16.0,18.0,False,False,135.0,2.0,0.9,1.1,0.9,1.2,1.0,0.9,680.0,50.0,680.0,50.0,1.0,1,False,1.0,1.0,68.0,45.0,692.0,31.8,False,False,False,False,True,8.0,1,False,65.0,105.0,225,SPOKED,SPOKED,0.0,0.0,80.0,80.0,300.0,750.0,34.9,300.0,1.0
435.0,67.0,615.0,72.2,158.0,49.0,520.0,73.2,660.0,47.0,40.0,28.6,36.5,23.35,13.0,15.0,9.0,STEEL,30.0,50.0,50.0,330.0,350.0,16.0,18.0,False,False,135.0,2.0,0.9,1.1,0.9,1.2,1.0,0.9,680.0,50.0,680.0,50.0,1.0,2,False,1.0,1.0,68.0,45.0,692.0,31.8,False,False,False,False,True,8.0,1,False,65.0,105.0,225,SPOKED,SPOKED,0.0,0.0,80.0,80.0,300.0,750.0,34.9,300.0,1.0
390.0,74.0,590.0,73.8,142.0,43.0,505.0,74.0,645.0,45.0,40.0,28.6,36.5,23.35,13.0,15.0,9.0,STEEL,30.0,50.0,50.0,330.0,350.0,16.0,18.0,False,False,135.0,2.0,0.9,1.1,0.9,1.2,1.0,0.9,680.0,50.0,680.0,50.0,1.0,0,False,1.0,1.0,68.0,45.0,692.0,31.8,False,False,False,False,True,8.0,1,False,65.0,105.0,225,SPOKED,SPOKED,0.0,0.0,80.0,80.0,300.0,750.0,34.9,300.0,1.0
405.0,70.0,590.0,73.0,160.0,50.0,580.0,74.0,655.0,45.0,40.0,28.6,33.6,36.5,23.35,13.0,15.0,STEEL,35.0,50.0,45.0,330.0,350.0,16.0,18.0,False,False,135.0,2.0,0.9,1.1,0.9,1.2,1.0,0.9,668.0,23.0,668.0,23.0,0.0,2,False,1.0,1.0,68.0,45.0,0.0,31.8,False,True,True,True,False,8.0,1,True,100.0,149.0,237,SPOKED,SPOKED,0.0,0.0,0.0,0.0,280.0,760.0,28.6,300.0,1.0
412.0,70.0,610.0,72.5,170.0,50.0,590.0,73.5,645.0,48.0,40.0,28.6,33.6,36.5,23.35,13.0,15.0,STEEL,34.0,48.0,44.0,330.0,350.0,16.0,18.0,False,False,135.0,2.0,0.9,1.1,0.9,1.2,1.0,0.9,668.0,23.0,668.0,23.0,0.0,2,False,1.0,1.0,68.0,45.0,0.0,31.8,False,True,True,True,False,8.0,1,True,100.0,149.0,237,SPOKED,SPOKED,0.0,0.0,0.0,0.0,280.0,750.0,28.6,300.0,1.0
420.0,70.0,600.0,73.5,150.0,50.0,600.0,74.5,650.0,42.0,40.0,28.6,33.6,36.5,23.35,13.0,15.0,STEEL,36.0,52.0,46.0,330.0,350.0,16.0,18.0,False,False,135.0,2.0,0.9,1.1,0.9,1.2,1.0,0.9,668.0,23.0,668.0,23.0,0.0,2,False,1.0,1.0,68.0,45.0,0.0,31.8,False,True,True,True,False,8.0,1,True,100.0,149.0,237,SPOKED,SPOKED,0.0,0.0,0.0,0.0,280.0,770.0,28.6,300.0,1.0
430.0,70.0,605.0,74.0,155.0,50.0,610.0,74.0,660.0,45.0,40.0,28.6,33.6,36.5,23.35,13.0,15.0,STEEL,33.0,49.0,43.0,330.0,350.0,16.0,18.0,False,False,135.0,2.0,0.9,1.1,0.9,1.2,1.0,0.9,668.0,23.0,668.0,23.0,0.0,2,False,1.0,1.0,68.0,45.0,0.0,31.8,False,True,True,True,False,8.0,1,True,100.0,149.0,237,SPOKED,SPOKED,0.0,0.0,0.0,0.0,280.0,755.0,28.6,300.0,1.0
400.0,70.0,595.0,72.0,165.0,50.0,570.0,73.5,640.0,48.0,40.0,28.6,33.6,36.5,23.35,13.0,15.0,STEEL,37.0,51.0,47.0,330.0,350.0,16.0,18.0,False,False,135.0,2.0,0.9,1.1,0.9,1.2,1.0,0.9,668.0,23.0,668.0,23.0,0.0,2,False,1.0,1.0,68.0,45.0,0.0,31.8,False,True,True,True,False,8.0,1,True,100.0,149.0,237,SPOKED,SPOKED,0.0,0.0,0.0,0.0,280.0,765.0,28.6,300.0,1.0
415.0,70.0,615.0,73.0,175.0,50.0,580.0,74.5,655.0,42.0,40.0,28.6,33.6,36.5,23.35,13.0,15.0,STEEL,35.0,50.0,45.0,330.0,350.0,16.0,18.0,False,False,135.0,2.0,0.9,1.1,0.9,1.2,1.0,0.9,668.0,23.0,668.0,23.0,0.0,2,False,1.0,1.0,68.0,45.0,0.0,31.8,False,True,True,True,False,8.0,1,True,100.0,149.0,237,SPOKED,SPOKED,0.0,0.0,0.0,0.0,280.0,740.0,28.6,300.0,1.0
425.0,70.0,605.0,73.5,160.0,50.0,590.0,74.0,650.0,45.0,40.0,28.6,33.6,36.5,23.35,13.0,15.0,STEEL,34.0,48.0,44.0,330.0,350.0,16.0,18.0,False,False,135.0,2.0,0.9,1.1,0.9,1.2,1.0,0.9,668.0,23.0,668.0,23.0,0.0,2,False,1.0,1.0,68.0,45.0,0.0,31.8,False,True,True,True,False,8.0,1,True,100.0,149.0,237,SPOKED,SPOKED,0.0,0.0,0.0,0.0,280.0,780.0,28.6,300.0,1.0
395.0,70.0,600.0,72.5,170.0,50.0,600.0,73.5,645.0,48.0,40.0,28.6,33.6,36.5,23.35,13.0,15.0,STEEL,36.0,52.0,46.0,330.0,350.0,16.0,18.0,False,False,135.0,2.0,0.9,1.1,0.9,1.2,1.0,0.9,668.0,23.0,668.0,23.0,0.0,2,False,1.0,1.0,68.0,45.0,0.0,31.8,False,True,True,True,False,8.0,1,True,100.0,149.0,237,SPOKED,SPOKED,0.0,0.0,0.0,0.0,280.0,745.0,28.6,300.0,1.0
435.0,70.0,610.0,74.0,155.0,50.0,610.0,74.5,660.0,45.0,40.0,28.6,33.6,36.5,23.35,13.0,15.0,STEEL,33.0,49.0,43.0,330.0,350.0,16.0,18.0,False,False,135.0,2.0,0.9,1.1,0.9,1.2,1.0,0.9,668.0,23.0,668.0,23.0,0.0,2,False,1.0,1.0,68.0,45.0,0.0,31.8,False,True,True,True,False,8.0,1,True,100.0,149.0,237,SPOKED,SPOKED,0.0,0.0,0.0,0.0,280.0,785.0,28.6,300.0,1.0
405.0,70.0,595.0,72.0,165.0,50.0,570.0,73.5,640.0,48.0,40.0,28.6,33.6,36.5,23.35,13.0,15.0,STEEL,37.0,51.0,47.0,330.0,350.0,16.0,18.0,False,False,135.0,2.0,0.9,1.1,0.9,1.2,1.0,0.9,668.0,23.0,668.0,23.0,0.0,2,False,1.0,1.0,68.0,45.0,0.0,31.8,False,True,True,True,False,8.0,1,True,100.0,149.0,237,SPOKED,SPOKED,0.0,0.0,0.0,0.0,280.0,750.0,28.6,300.0,1.0
400.0,65.0,600.0,74.0,170.0,50.0,580.0,73.0,650.0,45.0,45.0,28.6,33.6,36.0,23.5,13.0,15.0,STEEL,35.0,40.0,50.0,330.0,350.0,16.0,18.0,False,False,135.0,2.0,0.9,1.1,0.9,1.2,1.0,0.9,680.0,54.0,680.0,54.0,0.0,1,False,1.0,1.0,70.0,45.0,0.0,31.8,False,False,False,False,True,8.0,1,False,100.0,200.0,255,SPOKED,SPOKED,0.0,0.0,0.0,0.0,280.0,760.0,33.6,300.0,1.0
395.0,62.0,610.0,73.5,165.0,45.0,590.0,73.5,660.0,44.0,45.0,30.0,33.0,36.5,23.0,13.0,15.0,STEEL,34.0,42.0,48.0,330.0,350.0,16.0,18.0,False,False,135.0,2.0,0.95,1.05,0.95,1.25,1.05,0.95,690.0,50.0,690.0,50.0,0.0,1,False,1.0,1.0,72.0,45.0,0.0,31.5,False,False,False,False,True,7.0,1,False,110.0,190.0,250,SPOKED,SPOKED,0.0,0.0,0.0,0.0,285.0,755.0,33.0,310.0,1.0
410.0,68.0,590.0,74.5,175.0,55.0,595.0,72.5,645.0,46.0,47.0,29.0,34.0,36.0,24.0,12.0,14.0,STEEL,36.0,39.0,52.0,330.0,350.0,17.0,19.0,False,False,135.0,2.0,1.0,1.2,1.0,1.3,1.1,1.0,680.0,55.0,680.0,55.0,0.0,1,False,1.0,1.0,68.0,46.0,0.0,32.0,False,False,False,False,True,9.0,1,False,105.0,205.0,245,SPOKED,SPOKED,0.0,0.0,0.0,0.0,290.0,770.0,33.6,305.0,1.0
380.0,60.0,610.0,73.0,160.0,48.0,585.0,74.0,655.0,43.0,45.0,28.6,33.0,36.0,23.0,14.0,15.0,STEEL,33.0,41.0,49.0,330.0,350.0,16.0,18.0,False,False,135.0,2.0,0.9,1.1,0.9,1.2,1.0,0.9,670.0,53.0,670.0,53.0,0.0,1,False,1.0,1.0,70.0,44.0,0.0,31.8,False,False,False,False,True,8.0,1,False,95.0,185.0,255,SPOKED,SPOKED,0.0,0.0,0.0,0.0,275.0,750.0,33.0,295.0,1.0
395.0,67.0,595.0,74.0,172.0,52.0,600.0,73.5,658.0,45.0,46.0,29.0,33.6,36.0,24.0,13.0,16.0,STEEL,35.0,43.0,51.0,330.0,350.0,17.0,18.0,False,False,135.0,2.0,0.9,1.1,0.9,1.2,1.0,0.9,685.0,54.0,685.0,54.0,0.0,1,False,1.0,1.0,69.0,45.0,0.0,32.0,False,False,False,False,True,9.0,1,False,100.0,195.0,250,SPOKED,SPOKED,0.0,0.0,0.0,0.0,285.0,765.0,33.6,300.0,1.0
405.0,66.0,605.0,73.2,168.0,50.0,590.0,73.8,662.0,46.0,45.0,29.5,34.0,36.0,23.5,13.0,15.0,STEEL,34.0,42.0,50.0,330.0,350.0,16.0,18.0,False,False,135.0,2.0,0.9,1.1,0.9,1.2,1.0,0.9,690.0,52.0,690.0,52.0,0.0,1,False,1.0,1.0,68.0,45.0,0.0,31.8,False,False,False,False,True,8.0,1,False,110.0,205.0,245,SPOKED,SPOKED,0.0,0.0,0.0,0.0,280.0,760.0,33.0,310.0,1.0
415.0,70.0,590.0,74.8,174.0,53.0,605.0,72.9,660.0,45.0,46.0,30.0,33.6,36.0,24.0,13.0,16.0,STEEL,36.0,44.0,53.0,330.0,350.0,17.0,18.0,False,False,135.0,2.0,0.9,1.1,0.9,1.2,1.0,0.9,680.0,54.0,680.0,54.0,0.0,1,False,1.0,1.0,70.0,46.0,0.0,32.0,False,False,False,False,True,7.0,1,False,102.0,198.0,255,SPOKED,SPOKED,0.0,0.0,0.0,0.0,288.0,770.0,33.6,300.0,1.0
390.0,65.0,600.0,73.7,162.0,49.0,583.0,73.1,652.0,44.0,45.0,29.0,34.0,36.0,23.0,13.0,15.0,STEEL,33.0,40.0,50.0,330.0,350.0,16.0,18.0,False,False,135.0,2.0,0.9,1.1,0.9,1.2,1.0,0.9,685.0,53.0,685.0,53.0,0.0,1,False,1.0,1.0,69.0,45.0,0.0,31.8,False,False,False,False,True,8.0,1,False,95.0,190.0,255,SPOKED,SPOKED,0.0,0.0,0.0,0.0,282.0,758.0,33.6,305.0,1.0
405.0,64.0,605.0,74.2,170.0,51.0,598.0,73.4,659.0,46.0,45.0,30.0,33.6,36.0,23.5,13.0,15.0,STEEL,35.0,42.0,52.0,330.0,350.0,17.0,18.0,False,False,135.0,2.0,0.9,1.1,0.9,1.2,1.0,0.9,690.0,54.0,690.0,54.0,0.0,1,False,1.0,1.0,68.0,45.0,0.0,32.0,False,False,False,False,True,9.0,1,False,105.0,200.0,250,SPOKED,SPOKED,0.0,0.0,0.0,0.0,290.0,765.0,33.6,300.0,1.0
395.0,66.0,598.0,73.9,168.0,50.0,590.0,73.6,657.0,45.0,45.0,29.0,33.0,36.0,23.0,13.0,15.0,STEEL,34.0,41.0,51.0,330.0,350.0,16.0,18.0,False,False,135.0,2.0,0.9,1.1,0.9,1.2,1.0,0.9,683.0,54.0,683.0,54.0,0.0,1,False,1.0,1.0,70.0,45.0,0.0,31.8,False,False,False,False,True,8.0,1,False,98.0,192.0,253,SPOKED,SPOKED,0.0,0.0,0.0,0.0,285.0,762.0,33.0,305.0,1.0
400,70,595,73.0,150,50,520.0,74.0,650.0,45.0,40.0,42.0,32.0,38.0,22.0,13.0,15.0,STEEL,35.0,50.0,50.0,330.0,350.0,16.0,18.0,False,True,130.0,2.0,0.9,1.1,0.9,1.2,1.0,0.9,700.0,50.0,700.0,50.0,1.0,0,False,1.0,1.0,68.0,45.0,692.0,31.8,True,True,True,True,True,8.0,1,True,65.0,105.0,225,SPOKED,SPOKED,0.0,0.0,80.0,80.0,280.0,720.0,34.0,330.0,1.0
405,68,605,72.5,145,52,530.0,73.5,655.0,46.0,42.0,43.0,33.0,36.0,23.0,14.0,16.0,STEEL,33.0,48.0,52.0,332.0,352.0,16.0,18.0,True,True,135.0,2.2,0.9,1.0,0.9,1.2,1.0,0.9,702.0,52.0,702.0,52.0,1.0,1,False,1.0,1.0,68.0,45.0,692.0,31.8,True,False,True,False,True,9.0,2,True,70.0,120.0,230,SPOKED,SPOKED,0.0,0.0,80.0,80.0,285.0,710.0,35.0,320.0,1.0
390,75,585,74.0,155,49,515.0,74.5,640.0,44.0,38.0,40.0,34.0,37.0,21.0,13.5,15.0,STEEL,36.0,52.0,48.0,330.0,348.0,17.0,19.0,False,False,130.0,2.0,0.9,1.1,0.9,1.2,1.0,0.9,698.0,49.0,698.0,49.0,1.0,2,False,1.0,1.0,68.0,45.0,692.0,31.8,True,True,True,True,True,7.0,1,True,60.0,100.0,220,SPOKED,SPOKED,0.0,0.0,80.0,80.0,275.0,730.0,33.0,340.0,1.0
410,70,600,73.5,150,51,525.0,73.0,660.0,47.0,45.0,44.0,33.0,38.0,22.5,14.0,16.0,STEEL,35.0,49.0,51.0,333.0,351.0,16.5,18.0,True,False,132.0,2.0,0.9,1.1,0.9,1.2,1.0,0.9,700.0,50.0,700.0,50.0,1.0,0,False,1.0,1.0,68.0,45.0,692.0,31.8,True,True,True,True,True,8.0,3,True,65.0,110.0,215,SPOKED,SPOKED,0.0,0.0,80.0,80.0,290.0,715.0,34.5,325.0,1.0
395,65,590,72.0,140,48,510.0,72.5,635.0,43.0,40.0,41.0,32.5,36.0,23.0,12.0,14.0,STEEL,32.0,47.0,47.0,330.0,347.0,15.0,18.0,False,True,128.0,2.0,0.9,1.1,0.9,1.2,1.0,0.9,695.0,51.0,695.0,51.0,1.0,1,False,1.0,1.0,68.0,45.0,692.0,31.8,True,True,True,False,True,6.0,1,True,60.0,120.0,200,SPOKED,SPOKED,0.0,0.0,80.0,80.0,270.0,725.0,33.5,310.0,1.0
402,72,598,73.0,152,53,535.0,74.0,648.0,45.0,42.0,43.5,33.5,37.5,22.0,13.0,15.0,STEEL,34.0,51.0,49.0,331.0,349.0,16.0,18.0,True,True,131.0,2.1,0.9,1.1,0.9,1.2,1.0,0.9,701.0,53.0,701.0,53.0,1.0,2,False,1.0,1.0,68.0,45.0,692.0,31.8,True,True,True,True,True,7.0,2,True,68.0,112.0,210,SPOKED,SPOKED,0.0,0.0,80.0,80.0,282.0,718.0,34.0,335.0,1.0
408,69,602,73.8,148,50,528.0,73.2,652.0,46.0,41.0,42.0,32.0,38.0,23.0,14.0,15.0,STEEL,34.0,50.0,50.0,332.0,350.0,16.0,18.0,False,True,133.0,2.0,0.9,1.1,0.9,1.2,1.0,0.9,699.0,50.0,699.0,50.0,1.0,1,False,1.0,1.0,68.0,45.0,692.0,31.8,True,True,False,True,True,8.0,1,True,63.0,108.0,220,SPOKED,SPOKED,0.0,0.0,80.0,80.0,288.0,705.0,34.0,340.0,1.0
395,73,610,72.8,160,54,540.0,74.2,660.0,45.0,43.0,43.0,34.0,36.5,22.5,13.0,15.0,STEEL,38.0,53.0,52.0,334.0,354.0,17.0,18.0,True,False,130.0,2.0,0.9,1.1,0.9,1.2,1.0,0.9,705.0,54.0,705.0,54.0,1.0,0,False,1.0,1.0,68.0,45.0,692.0,31.8,True,True,True,True,True,9.0,2,True,67.0,115.0,218,SPOKED,SPOKED,0.0,0.0,80.0,80.0,295.0,735.0,35.0,350.0,1.0
403,71,597,73.3,149,52,527.0,73.7,649.0,46.0,42.0,42.5,33.5,37.5,22.0,13.0,15.0,STEEL,36.0,51.0,49.0,331.0,349.0,16.0,18.0,False,True,131.0,2.0,0.9,1.1,0.9,1.2,1.0,0.9,701.0,52.0,701.0,52.0,1.0,2,False,1.0,1.0,68.0,45.0,692.0,31.8,True,False,False,True,True,8.0,1,True,66.0,110.0,210,SPOKED,SPOKED,0.0,0.0,80.0,80.0,282.0,712.0,34.0,345.0,1.0
397,69,592,72.2,142,49,522.0,72.8,638.0,44.0,39.0,41.0,32.0,36.0,23.0,12.0,14.0,STEEL,31.0,48.0,46.0,330.0,346.0,15.0,18.0,False,False,129.0,2.0,0.9,1.1,0.9,1.2,1.0,0.9,693.0,50.0,693.0,50.0,1.0,1,False,1.0,1.0,68.0,45.0,692.0,31.8,True,True,True,False,True,6.0,1,True,64.0,102.0,205,SPOKED,SPOKED,0.0,0.0,80.0,80.0,265.0,728.0,32.5,305.0,1.0
400,65,600,72.0,140,50,560.0,73.0,640.0,45.0,45.0,28.6,32.0,30.0,30.0,13.0,15.0,STEEL,40.0,40.0,35.0,330.0,350.0,16.0,16.0,False,False,135.0,1.0,1.0,0.95,1.0,1.0,1.0,1.0,680.0,50.0,680.0,50.0,0.0,1,False,1.0,1.0,68.0,45.0,692.0,31.8,False,True,True,True,True,8.0,1,True,100.0,149.0,237,SPOKED,SPOKED,1.0,1.0,80.0,80.0,278.0,650.0,34.9,300.0,1.0
410,63,610,71.5,150,55,565.0,72.5,645.0,47.0,48.0,28.6,33.0,31.0,31.0,13.0,15.0,STEEL,42.0,42.0,38.0,330.0,350.0,16.0,16.0,False,False,130.0,1.0,1.0,1.05,1.0,1.0,1.0,1.0,680.0,50.0,680.0,50.0,0.0,1,False,1.0,1.0,68.0,45.0,692.0,31.8,False,True,True,True,True,8.0,1,True,100.0,149.0,237,SPOKED,SPOKED,1.0,1.0,80.0,80.0,278.0,660.0,34.9,300.0,1.0
395,60,590,72.5,130,45,555.0,73.0,635.0,46.0,44.0,28.6,32.0,30.0,30.0,13.0,15.0,STEEL,38.0,38.0,33.0,330.0,350.0,16.0,16.0,False,False,140.0,1.0,1.0,0.95,1.1,1.0,1.0,1.0,680.0,50.0,680.0,50.0,0.0,1,False,1.0,1.0,68.0,45.0,692.0,31.8,False,True,True,True,True,8.0,1,True,100.0,149.0,237,SPOKED,SPOKED,1.0,1.0,80.0,80.0,278.0,640.0,34.9,300.0,1.0
405,67,620,73.0,160,60,570.0,72.0,650.0,48.0,50.0,28.6,34.0,32.0,32.0,13.0,15.0,STEEL,44.0,44.0,40.0,330.0,350.0,16.0,16.0,False,False,135.0,1.1,1.0,0.9,1.0,1.0,1.0,1.0,680.0,50.0,680.0,50.0,0.0,1,False,1.0,1.0,68.0,45.0,692.0,31.8,False,True,True,True,True,8.0,1,True,100.0,149.0,237,SPOKED,SPOKED,1.0,1.0,80.0,80.0,278.0,670.0,34.9,300.0,1.0
398,62,605,71.0,145,52,562.0,72.5,638.0,46.0,46.0,28.6,33.0,31.0,31.0,13.0,15.0,STEEL,41.0,41.0,36.0,330.0,350.0,16.0,16.0,False,False,132.0,1.0,0.95,1.0,1.05,1.15,1.0,1.0,680.0,50.0,680.0,50.0,0.0,1,False,1.0,1.0,68.0,45.0,692.0,31.8,False,True,True,True,True,8.0,1,True,100.0,149.0,237,SPOKED,SPOKED,1.0,1.0,80.0,80.0,278.0,655.0,34.9,300.0,1.0
402,64,615,72.2,155,58,567.0,72.8,648.0,49.0,47.0,28.6,33.5,31.0,31.0,13.0,15.0,STEEL,43.0,42.0,39.0,330.0,350.0,16.0,16.0,False,False,138.0,1.0,1.0,0.95,1.1,1.0,1.0,1.15,680.0,50.0,680.0,50.0,0.0,1,False,1.0,1.0,68.0,45.0,692.0,31.8,False,True,True,True,True,8.0,1,True,100.0,149.0,237,SPOKED,SPOKED,1.0,1.0,80.0,80.0,278.0,665.0,34.9,300.0,1.0
407,66,625,72.7,158,57,575.0,73.2,652.0,50.0,49.0,28.6,34.0,32.0,32.0,13.0,15.0,STEEL,45.0,45.0,42.0,330.0,350.0,16.0,16.0,False,False,136.0,1.0,1.0,0.95,1.0,1.05,1.0,1.0,680.0,50.0,680.0,50.0,0.0,1,False,1.0,1.0,68.0,45.0,692.0,31.8,False,True,True,True,True,8.0,1,True,100.0,149.0,237,SPOKED,SPOKED,1.0,1.0,80.0,80.0,278.0,675.0,34.9,300.0,1.0
399,61,595,71.8,135,53,558.0,72.3,642.0,46.0,45.0,28.6,32.0,30.0,30.0,13.0,15.0,STEEL,39.0,39.0,37.0,330.0,350.0,16.0,16.0,False,False,133.0,1.0,1.0,1.0,1.0,1.0,1.0,1.0,680.0,50.0,680.0,50.0,0.0,1,False,1.0,1.0,68.0,45.0,692.0,31.8,False,True,True,True,True,8.0,1,True,100.0,149.0,237,SPOKED,SPOKED,1.0,1.0,80.0,80.0,278.0,650.0,34.9,300.0,1.0
412,68,630,73.5,165,59,580.0,73.5,655.0,51.0,51.0,28.6,35.0,33.0,33.0,13.0,15.0,STEEL,46.0,46.0,43.0,330.0,350.0,16.0,16.0,False,False,140.0,1.0,1.0,0.95,1.0,1.0,1.0,1.0,680.0,50.0,680.0,50.0,0.0,1,False,1.0,1.0,68.0,45.0,692.0,31.8,False,True,True,True,True,8.0,1,True,100.0,149.0,237,SPOKED,SPOKED,1.0,1.0,80.0,80.0,278.0,680.0,34.9,300.0,1.0
403,63,608,72.3,142,54,563.0,72.9,639.0,47.0,46.0,28.6,33.2,31.2,31.2,13.0,15.0,STEEL,41.5,41.5,38.5,330.0,350.0,16.0,16.0,False,False,134.0,1.05,1.05,0.98,1.02,1.08,1.0,1.0,680.0,50.0,680.0,50.0,0.0,1,False,1.0,1.0,68.0,45.0,692.0,31.8,False,True,True,True,True,8.0,1,True,100.0,149.0,237,SPOKED,SPOKED,1.0,1.0,80.0,80.0,278.0,660.0,34.9,300.0,1.0
420.0,70.0,590.0,72.0,150.0,30.0,540.0,73.0,650.0,45.0,40.0,28.6,36.5,23.35,23.35,15.0,9.0,STEEL,25.0,50.0,50.0,330.0,350.0,16.0,18.0,False,False,130.0,2.0,0.9,1.1,0.9,1.2,1.0,0.9,676.0,54.0,676.0,54.0,0.0,1,False,1.0,1.0,68.0,45.0,0.0,31.8,False,False,False,False,True,6.0,1,False,102.0,178.0,255,SPOKED,SPOKED,0.0,0.0,80.0,80.0,280.0,765.0,34.9,330.0,1.0
430.0,75.0,600.0,72.5,155.0,45.0,550.0,73.5,655.0,50.0,40.0,28.6,36.5,23.35,23.35,15.0,9.0,STEEL,30.0,55.0,50.0,330.0,350.0,16.0,18.0,False,False,135.0,2.0,0.9,1.1,0.9,1.2,1.0,0.9,676.0,54.0,676.0,54.0,0.0,1,False,1.0,1.0,68.0,45.0,0.0,31.8,False,False,False,False,True,7.0,1,False,102.0,178.0,255,SPOKED,SPOKED,0.0,0.0,80.0,80.0,280.0,765.0,34.9,330.0,1.0
440.0,70.0,610.0,73.0,160.0,60.0,560.0,74.0,660.0,55.0,40.0,28.6,36.5,23.35,23.35,15.0,9.0,STEEL,35.0,60.0,50.0,330.0,350.0,16.0,18.0,False,False,130.0,2.0,0.9,1.1,0.9,1.2,1.0,0.9,676.0,54.0,676.0,54.0,0.0,1,False,1.0,1.0,68.0,45.0,0.0,31.8,False,False,False,False,True,8.0,1,False,102.0,178.0,255,SPOKED,SPOKED,0.0,0.0,80.0,80.0,280.0,765.0,34.9,330.0,1.0
450.0,65.0,620.0,73.5,165.0,45.0,570.0,72.0,665.0,45.0,40.0,28.6,36.5,23.35,23.35,15.0,9.0,STEEL,30.0,65.0,50.0,330.0,350.0,16.0,18.0,False,False,135.0,2.0,0.9,1.1,0.9,1.2,1.0,0.9,676.0,54.0,676.0,54.0,0.0,1,False,1.0,1.0,68.0,45.0,0.0,31.8,False,False,False,False,True,9.0,1,False,102.0,178.0,255,SPOKED,SPOKED,0.0,0.0,80.0,80.0,280.0,765.0,34.9,330.0,1.0
460.0,80.0,630.0,74.0,170.0,30.0,580.0,73.0,670.0,50.0,40.0,28.6,36.5,23.35,23.35,15.0,9.0,STEEL,25.0,70.0,50.0,330.0,350.0,16.0,18.0,False,False,130.0,2.0,0.9,1.1,0.9,1.2,1.0,0.9,676.0,54.0,676.0,54.0,0.0,1,False,1.0,1.0,68.0,45.0,0.0,31.8,False,False,False,False,True,10.0,2,False,102.0,178.0,255,SPOKED,SPOKED,0.0,0.0,80.0,80.0,280.0,765.0,34.9,330.0,1.0
420.0,75.0,640.0,72.0,175.0,60.0,540.0,73.5,650.0,55.0,40.0,28.6,36.5,23.35,23.35,15.0,9.0,STEEL,30.0,50.0,50.0,330.0,350.0,16.0,18.0,False,False,135.0,2.0,0.9,1.1,0.9,1.2,1.0,0.9,676.0,54.0,676.0,54.0,0.0,1,False,1.0,1.0,68.0,45.0,0.0,31.8,False,False,False,False,True,6.0,1,False,102.0,178.0,255,SPOKED,SPOKED,0.0,0.0,80.0,80.0,280.0,765.0,34.9,330.0,1.0
430.0,70.0,650.0,73.0,180.0,45.0,550.0,74.0,655.0,45.0,40.0,28.6,36.5,23.35,23.35,15.0,9.0,STEEL,35.0,55.0,50.0,330.0,350.0,16.0,18.0,False,False,130.0,2.0,0.9,1.1,0.9,1.2,1.0,0.9,676.0,54.0,676.0,54.0,0.0,1,False,1.0,1.0,68.0,45.0,0.0,31.8,False,False,False,False,True,7.0,1,False,102.0,178.0,255,SPOKED,SPOKED,0.0,0.0,80.0,80.0,280.0,765.0,34.9,330.0,1.0
440.0,78.0,660.0,74.0,185.0,30.0,560.0,72.0,660.0,50.0,40.0,28.6,36.5,23.35,23.35,15.0,9.0,STEEL,30.0,60.0,50.0,330.0,350.0,16.0,18.0,False,False,135.0,2.0,0.9,1.1,0.9,1.2,1.0,0.9,676.0,54.0,676.0,54.0,0.0,1,False,1.0,1.0,68.0,45.0,0.0,31.8,False,False,False,False,True,8.0,1,False,102.0,178.0,255,SPOKED,SPOKED,0.0,0.0,80.0,80.0,280.0,765.0,34.9,330.0,1.0
450.0,72.0,670.0,72.5,190.0,60.0,570.0,73.0,665.0,55.0,40.0,28.6,36.5,23.35,23.35,15.0,9.0,STEEL,25.0,65.0,50.0,330.0,350.0,16.0,18.0,False,False,130.0,2.0,0.9,1.1,0.9,1.2,1.0,0.9,676.0,54.0,676.0,54.0,0.0,1,False,1.0,1.0,68.0,45.0,0.0,31.8,False,False,False,False,True,9.0,1,False,102.0,178.0,255,SPOKED,SPOKED,0.0,0.0,80.0,80.0,280.0,765.0,34.9,330.0,1.0
460.0,68.0,665.0,73.5,195.0,45.0,580.0,73.5,670.0,45.0,40.0,28.6,36.5,23.35,23.35,15.0,9.0,STEEL,30.0,70.0,50.0,330.0,350.0,16.0,18.0,False,False,135.0,2.0,0.9,1.1,0.9,1.2,1.0,0.9,676.0,54.0,676.0,54.0,0.0,1,False,1.0,1.0,68.0,45.0,0.0,31.8,False,False,False,False,True,10.0,1,False,102.0,178.0,255,SPOKED,SPOKED,0.0,0.0,80.0,80.0,280.0,765.0,34.9,330.0,1.0
430.0,70.0,600.0,73.0,150.0,40.0,550.0,73.0,600.0,50.0,45.0,33.0,38.0,28.0,28.0,13.0,10.0,STEEL,35.0,45.0,25.0,320.0,350.0,16.0,16.0,True,True,135.0,2.0,1.0,1.2,1.3,1.0,1.0,1.2,700.0,78.0,700.0,78.0,1.0,1,False,1.0,1.0,68.0,45.0,0.0,36.0,True,True,True,True,True,8.0,1,True,100.0,149.0,237.0,SPOKED,SPOKED,0.0,0.0,0.0,0.0,280.0,740.0,36.0,280.0,1.0
425.0,68.0,610.0,74.0,155.0,42.0,555.0,74.0,605.0,48.0,45.0,34.0,37.0,28.0,28.0,12.0,11.0,STEEL,36.0,46.0,24.0,325.0,352.0,16.0,16.0,True,True,135.0,2.0,1.0,1.2,1.3,1.0,1.0,1.2,700.0,78.0,700.0,78.0,1.0,2,False,1.0,1.0,68.0,45.0,0.0,36.0,True,True,True,True,True,7.0,1,True,100.0,149.0,237.0,SPOKED,SPOKED,0.0,0.0,0.0,0.0,285.0,745.0,36.0,290.0,1.0
435.0,72.0,595.0,73.5,145.0,38.0,545.0,73.5,590.0,52.0,45.0,33.0,39.0,29.0,29.0,14.0,9.0,STEEL,34.0,44.0,26.0,318.0,348.0,18.0,18.0,True,True,135.0,2.0,1.0,1.2,1.3,1.0,1.0,1.2,700.0,78.0,700.0,78.0,1.0,1,False,1.0,1.0,68.0,45.0,0.0,35.0,True,True,True,True,True,9.0,1,True,100.0,149.0,237.0,SPOKED,SPOKED,0.0,0.0,0.0,0.0,275.0,735.0,37.0,275.0,1.0
420.0,66.0,620.0,72.5,160.0,44.0,560.0,72.5,610.0,47.0,45.0,32.0,38.0,27.0,27.0,13.0,10.0,STEEL,38.0,48.0,27.0,330.0,355.0,16.0,16.0,False,False,135.0,2.0,1.0,1.2,1.3,1.0,1.0,1.2,700.0,78.0,700.0,78.0,1.0,2,False,1.0,1.0,68.0,45.0,0.0,36.0,True,True,True,True,True,8.0,2,True,100.0,149.0,237.0,SPOKED,SPOKED,0.0,0.0,0.0,0.0,290.0,750.0,36.0,300.0,1.0
440.0,75.0,590.0,74.5,140.0,37.0,540.0,74.5,580.0,53.0,45.0,33.0,37.0,28.0,28.0,12.0,8.0,STEEL,33.0,42.0,23.0,315.0,345.0,18.0,18.0,True,True,135.0,2.0,1.0,1.2,1.3,1.0,1.0,1.2,700.0,78.0,700.0,78.0,1.0,1,False,1.0,1.0,68.0,45.0,0.0,36.0,True,True,True,True,True,6.0,1,True,100.0,149.0,237.0,SPOKED,SPOKED,0.0,0.0,0.0,0.0,282.0,730.0,37.0,260.0,1.0
415.0,68.0,610.0,73.2,152.0,41.0,555.0,73.2,605.0,49.0,45.0,34.0,38.0,28.0,28.0,14.0,11.0,STEEL,37.0,47.0,24.0,328.0,352.0,16.0,16.0,True,True,135.0,2.0,1.0,1.2,1.3,1.0,1.0,1.2,700.0,78.0,700.0,78.0,1.0,2,False,1.0,1.0,68.0,45.0,0.0,35.0,True,True,True,True,True,7.0,1,True,100.0,149.0,237.0,SPOKED,SPOKED,0.0,0.0,0.0,0.0,288.0,746.0,36.0,285.0,1.0
435.0,70.0,605.0,72.8,148.0,39.0,550.0,72.8,600.0,51.0,45.0,33.0,39.0,29.0,29.0,13.0,10.0,STEEL,36.0,45.0,26.0,322.0,351.0,18.0,18.0,True,True,135.0,2.0,1.0,1.2,1.3,1.0,1.0,1.2,700.0,78.0,700.0,78.0,1.0,1,False,1.0,1.0,68.0,45.0,0.0,36.0,True,True,True,True,True,9.0,2,True,100.0,149.0,237.0,SPOKED,SPOKED,0.0,0.0,0.0,0.0,295.0,748.0,38.0,295.0,1.0
430.0,67.0,612.0,73.5,158.0,43.0,558.0,73.5,608.0,48.0,45.0,34.0,38.0,28.0,28.0,12.0,9.0,STEEL,39.0,49.0,27.0,329.0,354.0,16.0,16.0,True,True,135.0,2.0,1.0,1.2,1.3,1.0,1.0,1.2,700.0,78.0,700.0,78.0,1.0,2,False,1.0,1.0,68.0,45.0,0.0,35.0,True,True,True,True,True,7.0,1,True,100.0,149.0,237.0,SPOKED,SPOKED,0.0,0.0,0.0,0.0,280.0,742.0,37.0,282.0,1.0
420.0,69.0,598.0,74.0,142.0,37.0,545.0,74.0,592.0,50.0,45.0,33.0,37.0,28.0,28.0,13.0,10.0,STEEL,35.0,44.0,25.0,317.0,349.0,18.0,18.0,True,True,135.0,2.0,1.0,1.2,1.3,1.0,1.0,1.2,700.0,78.0,700.0,78.0,1.0,1,False,1.0,1.0,68.0,45.0,0.0,36.0,True,True,True,True,True,8.0,1,True,100.0,149.0,237.0,SPOKED,SPOKED,0.0,0.0,0.0,0.0,278.0,738.0,36.0,276.0,1.0
425.0,71.0,607.0,73.3,153.0,42.0,553.0,73.3,602.0,49.0,45.0,34.0,38.0,28.0,28.0,13.0,11.0,STEEL,37.0,47.0,26.0,325.0,353.0,16.0,16.0,True,True,135.0,2.0,1.0,1.2,1.3,1.0,1.0,1.2,700.0,78.0,700.0,78.0,1.0,2,False,1.0,1.0,68.0,45.0,0.0,36.0,True,True,True,True,True,7.0,2,True,100.0,149.0,237.0,SPOKED,SPOKED,0.0,0.0,0.0,0.0,290.0,747.0,37.0,288.0,1.0
410.0,69.0,606.0,72.0,160.0,53.0,530.0,74.0,645.0,48.0,46.0,39.0,29.6,35.5,24.0,15.0,14.0,STEEL,32.0,45.0,42.0,330.0,350.0,16.0,18.0,False,False,135.0,2.0,0.9,1.1,0.9,1.2,1.0,0.9,674.0,52.0,674.0,52.0,0.0,1.0,False,1.0,1.0,68.0,45.0,692.0,31.8,False,True,True,True,True,7.0,1.0,False,65.0,105.0,225.0,SPOKED,SPOKED,0.0,0.0,80.0,80.0,278.0,700.0,34.9,300.0,1.0
395.0,72.0,580.0,74.0,140.0,47.0,555.0,72.0,660.0,42.0,44.0,41.0,27.0,37.5,21.5,12.0,16.0,STEEL,28.0,50.0,48.0,330.0,350.0,16.0,18.0,False,False,130.0,2.0,0.9,1.1,0.9,1.2,1.0,0.9,674.0,52.0,674.0,52.0,0.0,2.0,False,1.0,1.0,68.0,45.0,692.0,31.8,False,True,True,False,True,7.0,1.0,True,65.0,105.0,225.0,SPOKED,SPOKED,0.0,0.0,80.0,80.0,278.0,710.0,34.9,310.0,1.0
400.0,68.0,595.0,72.0,155.0,52.0,545.0,73.0,655.0,47.0,46.0,39.0,30.0,35.0,22.0,14.0,15.0,STEEL,35.0,43.0,47.0,330.0,350.0,16.0,18.0,False,False,135.0,2.0,0.9,1.1,0.9,1.2,1.0,0.9,674.0,52.0,674.0,52.0,0.0,1.0,False,1.0,1.0,68.0,45.0,692.0,31.8,False,True,True,False,True,7.0,1.0,False,65.0,105.0,225.0,SPOKED,SPOKED,0.0,0.0,80.0,80.0,278.0,690.0,34.9,290.0,1.0
415.0,75.0,605.0,71.0,145.0,49.0,550.0,74.0,640.0,43.0,43.0,42.0,26.0,38.0,24.0,13.0,16.0,STEEL,25.0,48.0,43.0,330.0,350.0,16.0,18.0,False,False,130.0,2.0,0.9,1.1,0.9,1.2,1.0,0.9,674.0,52.0,674.0,52.0,0.0,0.0,False,1.0,1.0,68.0,45.0,692.0,31.8,False,True,True,True,True,7.0,1.0,True,65.0,105.0,225.0,SPOKED,SPOKED,0.0,0.0,80.0,80.0,278.0,705.0,34.9,320.0,1.0
390.0,65.0,575.0,75.0,135.0,55.0,530.0,72.0,660.0,46.0,47.0,38.0,29.0,34.0,23.5,12.0,14.0,STEEL,32.0,42.0,44.0,330.0,350.0,16.0,18.0,False,False,135.0,2.0,0.9,1.1,0.9,1.2,1.0,0.9,674.0,52.0,674.0,52.0,0.0,2.0,False,1.0,1.0,68.0,45.0,692.0,31.8,False,True,False,False,True,7.0,1.0,False,65.0,105.0,225.0,SPOKED,SPOKED,0.0,0.0,80.0,80.0,278.0,680.0,34.9,280.0,1.0
405.0,68.0,600.0,73.0,150.0,50.0,545.0,73.0,650.0,45.0,45.0,40.0,28.0,36.5,23.0,13.0,15.0,STEEL,30.0,45.0,45.0,330.0,350.0,16.0,18.0,False,False,130.0,2.0,0.9,1.1,0.9,1.2,1.0,0.9,674.0,52.0,674.0,52.0,0.0,1.0,False,1.0,1.0,68.0,45.0,692.0,31.8,False,True,True,False,True,7.0,1.0,False,65.0,105.0,225.0,SPOKED,SPOKED,0.0,0.0,80.0,80.0,278.0,695.0,34.9,295.0,1.0
395.0,74.0,585.0,72.0,145.0,54.0,535.0,74.0,640.0,48.0,46.0,39.0,28.0,37.0,22.5,14.0,16.0,STEEL,34.0,47.0,46.0,330.0,350.0,16.0,18.0,False,False,135.0,2.0,0.9,1.1,0.9,1.2,1.0,0.9,674.0,52.0,674.0,52.0,0.0,2.0,False,1.0,1.0,68.0,45.0,692.0,31.8,False,True,False,True,True,7.0,1.0,True,65.0,105.0,225.0,SPOKED,SPOKED,0.0,0.0,80.0,80.0,278.0,720.0,34.9,285.0,1.0
410.0,70.0,590.0,73.0,152.0,50.0,545.0,73.0,655.0,44.0,45.0,41.0,29.0,36.0,23.0,13.0,15.0,STEEL,31.0,46.0,44.0,330.0,350.0,16.0,18.0,False,False,130.0,2.0,0.9,1.1,0.9,1.2,1.0,0.9,674.0,52.0,674.0,52.0,0.0,1.0,False,1.0,1.0,68.0,45.0,692.0,31.8,False,True,True,False,True,7.0,1.0,False,65.0,105.0,225.0,SPOKED,SPOKED,0.0,0.0,80.0,80.0,278.0,705.0,34.9,310.0,1.0
400.0,69.0,600.0,72.0,148.0,51.0,550.0,74.0,650.0,47.0,44.0,40.0,28.0,37.5,23.5,15.0,14.0,STEEL,33.0,45.0,43.0,330.0,350.0,16.0,18.0,False,False,135.0,2.0,0.9,1.1,0.9,1.2,1.0,0.9,674.0,52.0,674.0,52.0,0.0,0.0,False,1.0,1.0,68.0,45.0,692.0,31.8,False,True,False,False,True,7.0,1.0,False,65.0,105.0,225.0,SPOKED,SPOKED,0.0,0.0,80.0,80.0,278.0,695.0,34.9,295.0,1.0
395.0,71.0,595.0,74.0,142.0,48.0,540.0,72.0,660.0,46.0,46.0,39.0,29.0,35.5,22.0,12.0,16.0,STEEL,29.0,44.0,45.0,330.0,350.0,16.0,18.0,False,False,130.0,2.0,0.9,1.1,0.9,1.2,1.0,0.9,674.0,52.0,674.0,52.0,0.0,2.0,False,1.0,1.0,68.0,45.0,692.0,31.8,False,True,True,True,True,7.0,1.0,True,65.0,105.0,225.0,SPOKED,SPOKED,0.0,0.0,80.0,80.0,278.0,720.0,34.9,300.0,1.0
420.0,70.0,600.0,73.0,140.0,45.0,560.0,74.0,650.0,50.0,68.0,31.8,34.9,36.5,23.35,13.0,15.0,STEEL,32.0,50.0,45.0,330.0,350.0,16.0,18.0,False,False,135.0,2.0,0.9,1.1,0.9,1.2,1.0,0.9,680.0,52.0,680.0,52.0,0.0,1,False,1.0,1.0,68.0,45.0,0.0,31.8,True,True,True,True,True,8.0,2,True,100.0,149.0,237,SPOKED,SPOKED,0.0,0.0,0.0,0.0,300.0,765.0,34.9,350.0,1.0
435.0,65.0,610.0,72.5,160.0,50.0,580.0,73.5,640.0,48.0,68.0,28.6,33.6,36.5,23.4,15.0,15.0,STEEL,35.0,52.0,48.0,330.0,350.0,16.0,18.0,False,False,135.0,2.2,1.0,1.2,1.0,1.3,1.1,1.0,700.0,55.0,700.0,55.0,0.0,0,False,1.0,1.0,70.0,50.0,0.0,31.8,True,True,True,True,True,9.0,1,True,65.0,105.0,225,DISC,SPOKED,0.0,0.0,0.0,0.0,310.0,770.0,35.0,360.0,1.0
415.0,75.0,590.0,73.5,130.0,47.0,565.0,74.5,655.0,52.0,68.0,31.8,34.5,37.0,24.0,14.0,16.0,STEEL,30.0,48.0,46.0,330.0,350.0,16.0,18.0,True,False,135.0,2.0,1.0,1.1,1.0,1.2,1.0,0.9,680.0,50.0,680.0,50.0,0.0,2,False,1.0,1.0,68.0,45.0,0.0,31.6,False,True,True,False,True,8.0,2,True,70.0,130.0,180,SPOKED,TRISPOKE,0.0,1.0,0.0,5.0,290.0,760.0,34.9,340.0,2.0
450.0,60.0,615.0,72.0,155.0,52.0,590.0,73.0,630.0,48.0,70.0,30.0,33.0,36.5,25.0,14.0,15.0,STEEL,37.0,54.0,49.0,325.0,345.0,15.0,17.0,True,True,135.0,2.1,1.0,1.2,1.0,1.3,1.1,1.0,690.0,55.0,690.0,55.0,0.0,1,False,1.0,3.0,68.0,52.0,0.0,31.8,True,False,False,True,True,10.0,1,False,30.0,144.0,255,DISC,DISC,0.0,0.0,0.0,0.0,305.0,780.0,35.2,360.0,1.0
400.0,68.0,580.0,74.0,125.0,44.0,550.0,75.0,660.0,54.0,68.0,29.0,36.0,37.5,24.0,13.5,14.0,STEEL,29.0,47.0,44.0,330.0,350.0,16.0,18.0,False,False,135.0,2.0,0.8,1.1,0.8,1.2,1.0,0.9,680.0,50.0,680.0,50.0,0.0,2,False,2.0,1.0,68.0,46.0,0.0,31.8,False,True,True,True,True,7.0,2,True,135.0,206.0,250,SPOKED,SPOKED,0.0,0.0,0.0,0.0,295.0,755.0,36.0,340.0,1.0
425.0,72.0,605.0,71.5,150.0,48.0,570.0,74.0,645.0,49.0,68.0,30.5,35.5,37.5,24.5,14.0,15.5,STEEL,33.0,51.0,47.0,330.0,350.0,15.5,17.5,False,False,135.0,2.0,0.9,1.1,0.9,1.2,1.0,0.9,680.0,52.0,680.0,52.0,0.0,1,False,1.0,2.0,68.0,48.0,0.0,31.8,True,False,False,True,True,8.0,3,True,173.0,216.0,230,SPOKED,TRISPOKE,0.0,1.0,0.0,6.0,305.0,768.0,34.9,355.0,2.0
440.0,68.0,620.0,72.0,145.0,49.0,580.0,73.0,660.0,50.0,68.0,32.0,35.0,36.5,23.0,14.5,14.5,STEEL,36.0,53.0,48.0,330.0,350.0,16.0,18.0,True,True,135.0,2.0,0.9,1.1,0.9,1.2,1.0,1.0,690.0,54.0,690.0,54.0,1.0,0,False,0.0,0.0,70.0,46.0,0.0,27.2,True,True,True,True,True,9.0,2,False,0.0,191.0,255,DISC,SPOKED,0.0,0.0,0.0,0.0,295.0,770.0,36.0,360.0,0.0
395.0,62.0,595.0,73.0,135.0,46.0,550.0,74.0,620.0,47.0,68.0,31.3,34.6,36.5,24.2,13.0,15.0,STEEL,31.0,49.0,44.0,330.0,350.0,16.0,18.0,False,False,135.0,2.0,1.0,1.2,1.0,1.2,1.0,0.9,680.0,51.0,680.0,51.0,0.0,1,False,1.0,2.0,68.0,46.0,0.0,31.8,True,True,False,True,True,8.0,3,True,0.0,0.0,255,SPOKED,TRISPOKE,0.0,1.0,0.0,7.0,292.0,755.0,34.9,345.0,2.0
460.0,65.0,620.0,72.0,170.0,55.0,600.0,73.0,680.0,53.0,68.0,30.0,35.0,36.5,23.5,14.0,16.0,STEEL,38.0,55.0,50.0,330.0,350.0,17.0,19.0,True,True,135.0,2.0,0.9,1.2,0.9,1.3,1.1,1.0,700.0,60.0,700.0,60.0,0.0,1,False,1.0,3.0,70.0,56.0,0.0,31.8,True,True,True,False,True,8.0,2,True,25.0,25.0,112,TRISPOKE,SPOKED,1.0,0.0,8.0,0.0,305.0,780.0,36.5,370.0,1.0
430.0,70.0,600.0,73.0,145.0,50.0,580.0,74.0,650.0,51.0,68.0,31.8,35.0,36.5,24.0,14.2,15.2,STEEL,34.0,52.0,47.0,330.0,350.0,16.5,18.5,False,False,135.0,2.0,0.9,1.1,0.9,1.2,1.0,0.9,680.0,52.0,680.0,52.0,0.0,2,False,1.0,1.0,68.0,45.0,0.0,30.0,True,False,True,True,True,11.0,1,True,123.0,104.0,238,DISC,DISC,0.0,0.0,0.0,0.0,298.0,760.0,34.9,350.0,1.0
450,70,600,73.0,140,50,540.0,73.0,650.0,50.0,40.0,28.6,28.6,23.35,23.35,15.0,10.0,STEEL,30.0,40.0,50.0,330.0,0.0,16.0,0.0,True,False,135.0,2.0,1.0,1.0,1.0,1.2,1.0,1.0,680.0,120.0,680.0,120.0,1.0,0,False,1.0,1.0,68.0,45.0,0.0,34.9,True,False,True,True,True,8.0,1,True,100.0,150.0,230,SPOKED,SPOKED,0.0,0.0,80.0,80.0,278.0,700.0,28.6,300.0,1.0
445,70,610,74.0,150,50,540.0,74.0,660.0,45.0,40.0,28.6,28.6,23.35,23.35,15.0,10.0,STEEL,30.0,40.0,50.0,330.0,0.0,16.0,0.0,True,False,140.0,2.0,1.0,1.0,1.0,1.2,1.0,1.0,682.0,122.0,682.0,122.0,1.0,1,False,1.0,1.0,68.0,45.0,0.0,34.9,True,False,True,True,True,8.0,1,True,90.0,160.0,240,SPOKED,SPOKED,0.0,0.0,80.0,80.0,278.0,700.0,28.6,300.0,1.0
460,70,590,72.0,135,50,540.0,72.0,640.0,55.0,40.0,28.6,28.6,23.35,23.35,15.0,10.0,STEEL,30.0,40.0,50.0,330.0,0.0,16.0,0.0,True,False,132.0,2.0,1.0,1.0,1.0,1.2,1.0,1.0,678.0,118.0,678.0,118.0,1.0,2,False,1.0,1.0,68.0,45.0,0.0,34.9,True,False,True,True,True,8.0,1,True,80.0,140.0,220,SPOKED,SPOKED,0.0,0.0,80.0,80.0,278.0,700.0,28.6,300.0,1.0
455,70,620,73.5,145,50,540.0,74.0,655.0,48.0,40.0,28.6,28.6,23.35,23.35,15.0,10.0,STEEL,30.0,40.0,50.0,330.0,0.0,16.0,0.0,True,False,138.0,2.0,1.0,1.0,1.0,1.2,1.0,1.0,684.0,124.0,684.0,124.0,1.0,0,False,1.0,1.0,68.0,45.0,0.0,34.9,True,False,True,True,True,8.0,1,True,120.0,170.0,240,SPOKED,SPOKED,0.0,0.0,80.0,80.0,278.0,700.0,28.6,300.0,1.0
440,70,580,71.0,130,50,540.0,75.0,630.0,52.0,40.0,28.6,28.6,23.35,23.35,15.0,10.0,STEEL,30.0,40.0,50.0,330.0,0.0,16.0,0.0,True,False,130.0,2.0,1.0,1.0,1.0,1.2,1.0,1.0,670.0,110.0,670.0,110.0,1.0,1,False,1.0,1.0,68.0,45.0,0.0,34.9,True,False,True,True,True,8.0,1,True,110.0,160.0,225,SPOKED,SPOKED,0.0,0.0,80.0,80.0,278.0,700.0,28.6,300.0,1.0
465,70,605,74.0,155,50,540.0,72.5,670.0,47.0,40.0,28.6,28.6,23.35,23.35,15.0,10.0,STEEL,30.0,40.0,50.0,330.0,0.0,16.0,0.0,True,False,136.0,2.0,1.0,1.0,1.0,1.2,1.0,1.0,688.0,126.0,688.0,126.0,1.0,2,False,1.0,1.0,68.0,45.0,0.0,34.9,True,False,True,True,True,8.0,1,True,105.0,145.0,235,SPOKED,SPOKED,0.0,0.0,80.0,80.0,278.0,700.0,28.6,300.0,1.0
448,70,595,73.0,138,50,540.0,73.5,650.0,53.0,40.0,28.6,28.6,23.35,23.35,15.0,10.0,STEEL,30.0,40.0,50.0,330.0,0.0,16.0,0.0,True,False,134.0,2.0,1.0,1.0,1.0,1.2,1.0,1.0,682.0,122.0,682.0,122.0,1.0,0,False,1.0,1.0,68.0,45.0,0.0,34.9,True,False,True,True,True,8.0,1,True,95.0,155.0,220,SPOKED,SPOKED,0.0,0.0,80.0,80.0,278.0,700.0,28.6,300.0,1.0
452,70,615,72.5,142,50,540.0,74.5,660.0,49.0,40.0,28.6,28.6,23.35,23.35,15.0,10.0,STEEL,30.0,40.0,50.0,330.0,0.0,16.0,0.0,True,False,133.0,2.0,1.0,1.0,1.0,1.2,1.0,1.0,686.0,124.0,686.0,124.0,1.0,1,False,1.0,1.0,68.0,45.0,0.0,34.9,True,False,True,True,True,8.0,1,True,115.0,150.0,225,SPOKED,SPOKED,0.0,0.0,80.0,80.0,278.0,700.0,28.6,300.0,1.0
458,70,585,74.5,148,50,540.0,73.0,645.0,51.0,40.0,28.6,28.6,23.35,23.35,15.0,10.0,STEEL,30.0,40.0,50.0,330.0,0.0,16.0,0.0,True,False,137.0,2.0,1.0,1.0,1.0,1.2,1.0,1.0,678.0,118.0,678.0,118.0,1.0,2,False,1.0,1.0,68.0,45.0,0.0,34.9,True,False,True,True,True,8.0,1,True,100.0,140.0,210,SPOKED,SPOKED,0.0,0.0,80.0,80.0,278.0,700.0,28.6,300.0,1.0
442,70,625,73.0,132,50,540.0,75.0,635.0,46.0,40.0,28.6,28.6,23.35,23.35,15.0,10.0,STEEL,30.0,40.0,50.0,330.0,0.0,16.0,0.0,True,False,139.0,2.0,1.0,1.0,1.0,1.2,1.0,1.0,674.0,116.0,674.0,116.0,1.0,1,False,1.0,1.0,68.0,45.0,0.0,34.9,True,False,True,True,True,8.0,1,True,98.0,148.0,228,SPOKED,SPOKED,0.0,0.0,80.0,80.0,278.0,700.0,28.6,300.0,1.0
420.0,70.0,580.0,73.5,150.0,50.0,550.0,73.0,650.0,45.0,40.0,28.6,35.0,30.0,25.0,13.0,15.0,STEEL,30.0,50.0,45.0,0.0,0.0,0.0,0.0,False,False,130.0,2.0,1.1,1.2,1.2,1.0,0.9,1.0,680.0,120.0,680.0,120.0,0.0,1,False,1.0,1.0,68.0,45.0,0.0,45.0,False,False,False,False,True,10.0,1,False,173.0,216.0,230,SPOKED,SPOKED,0.0,0.0,0.0,0.0,300.0,760.0,35.0,300.0,1.0
415.0,72.0,590.0,74.0,160.0,50.0,560.0,73.0,660.0,45.0,40.0,28.6,35.0,30.0,25.0,13.0,15.0,STEEL,32.0,52.0,47.0,0.0,0.0,0.0,0.0,False,False,130.0,2.0,1.1,1.2,1.2,1.0,0.9,1.0,680.0,120.0,680.0,120.0,0.0,1,False,1.0,1.0,68.0,45.0,0.0,45.0,False,False,False,False,True,10.0,1,False,173.0,216.0,230,SPOKED,SPOKED,0.0,0.0,0.0,0.0,300.0,765.0,35.0,300.0,1.0
430.0,65.0,570.0,73.0,140.0,50.0,540.0,74.0,645.0,45.0,40.0,28.6,35.0,30.0,25.0,13.0,15.0,STEEL,28.0,48.0,43.0,0.0,0.0,0.0,0.0,False,False,130.0,2.0,1.1,1.2,1.2,1.0,0.9,1.0,680.0,120.0,680.0,120.0,0.0,1,False,1.0,1.0,68.0,45.0,0.0,45.0,False,False,False,False,True,10.0,1,False,173.0,216.0,230,SPOKED,SPOKED,0.0,0.0,0.0,0.0,300.0,755.0,35.0,300.0,1.0
435.0,75.0,560.0,72.5,170.0,50.0,530.0,72.5,635.0,45.0,40.0,28.6,35.0,30.0,25.0,13.0,15.0,STEEL,34.0,54.0,50.0,0.0,0.0,0.0,0.0,False,False,130.0,2.0,1.1,1.2,1.2,1.0,0.9,1.0,680.0,120.0,680.0,120.0,0.0,1,False,1.0,1.0,68.0,45.0,0.0,45.0,False,False,False,False,True,10.0,1,False,173.0,216.0,230,SPOKED,SPOKED,0.0,0.0,0.0,0.0,300.0,770.0,35.0,300.0,1.0
440.0,70.0,585.0,73.5,155.0,50.0,550.0,73.0,650.0,45.0,40.0,28.6,35.0,30.0,25.0,13.0,15.0,STEEL,31.0,51.0,46.0,0.0,0.0,0.0,0.0,False,False,130.0,2.0,1.1,1.2,1.2,1.0,0.9,1.0,680.0,120.0,680.0,120.0,0.0,1,False,1.0,1.0,68.0,45.0,0.0,45.0,False,False,False,False,True,10.0,1,False,173.0,216.0,230,SPOKED,SPOKED,0.0,0.0,0.0,0.0,300.0,760.0,35.0,300.0,1.0
425.0,80.0,575.0,74.5,165.0,50.0,545.0,73.5,655.0,45.0,40.0,28.6,35.0,30.0,25.0,13.0,15.0,STEEL,33.0,53.0,48.0,0.0,0.0,0.0,0.0,False,False,130.0,2.0,1.1,1.2,1.2,1.0,0.9,1.0,680.0,120.0,680.0,120.0,0.0,1,False,1.0,1.0,68.0,45.0,0.0,45.0,False,False,False,False,True,10.0,1,False,173.0,216.0,230,SPOKED,SPOKED,0.0,0.0,0.0,0.0,300.0,760.0,35.0,300.0,1.0
420.0,60.0,595.0,73.0,150.0,50.0,552.0,74.0,648.0,45.0,40.0,28.6,35.0,30.0,25.0,13.0,15.0,STEEL,30.0,50.0,45.0,0.0,0.0,0.0,0.0,False,False,130.0,2.0,1.1,1.2,1.2,1.0,0.9,1.0,680.0,120.0,680.0,120.0,0.0,1,False,1.0,1.0,68.0,45.0,0.0,45.0,False,False,False,False,True,10.0,1,False,173.0,216.0,230,SPOKED,SPOKED,0.0,0.0,0.0,0.0,300.0,750.0,35.0,300.0,1.0
438.0,68.0,580.0,73.0,160.0,50.0,558.0,73.0,652.0,45.0,40.0,28.6,35.0,30.0,25.0,13.0,15.0,STEEL,32.0,52.0,47.0,0.0,0.0,0.0,0.0,False,False,130.0,2.0,1.1,1.2,1.2,1.0,0.9,1.0,680.0,120.0,680.0,120.0,0.0,1,False,1.0,1.0,68.0,45.0,0.0,45.0,False,False,False,False,True,10.0,1,False,173.0,216.0,230,SPOKED,SPOKED,0.0,0.0,0.0,0.0,300.0,760.0,35.0,300.0,1.0
445.0,72.0,565.0,72.0,145.0,50.0,548.0,72.5,640.0,45.0,40.0,28.6,35.0,30.0,25.0,13.0,15.0,STEEL,29.0,49.0,44.0,0.0,0.0,0.0,0.0,False,False,130.0,2.0,1.1,1.2,1.2,1.0,0.9,1.0,680.0,120.0,680.0,120.0,0.0,1,False,1.0,1.0,68.0,45.0,0.0,45.0,False,False,False,False,True,10.0,1,False,173.0,216.0,230,SPOKED,SPOKED,0.0,0.0,0.0,0.0,300.0,755.0,35.0,300.0,1.0
432.0,70.0,590.0,74.0,158.0,50.0,555.0,73.5,658.0,45.0,40.0,28.6,35.0,30.0,25.0,13.0,15.0,STEEL,32.0,52.0,46.0,0.0,0.0,0.0,0.0,False,False,130.0,2.0,1.1,1.2,1.2,1.0,0.9,1.0,680.0,120.0,680.0,120.0,0.0,1,False,1.0,1.0,68.0,45.0,0.0,45.0,False,False,False,False,True,10.0,1,False,173.0,216.0,230,SPOKED,SPOKED,0.0,0.0,0.0,0.0,300.0,760.0,35.0,300.0,1.0
450.0,70.0,610.0,73.0,180.0,40.0,600.0,73.0,650.0,50.0,45.0,28.0,36.5,25.0,23.0,13.0,15.0,STEEL,30.0,45.0,45.0,330.0,350.0,16.0,18.0,False,False,130.0,2.0,0.9,1.1,0.9,1.2,1.0,0.9,700.0,52.0,700.0,52.0,1.0,0,False,1.0,1.0,68.0,45.0,0.0,31.8,True,True,True,True,True,8.0,1,True,100.0,149.0,237,DISC,SPOKED,0.0,0.0,80.0,80.0,280.0,750.0,34.9,300.0,1.0
460.0,72.0,600.0,72.5,175.0,42.0,620.0,73.5,645.0,52.0,45.0,29.0,36.8,26.0,24.0,13.0,15.5,STEEL,32.0,46.0,44.0,332.0,352.0,16.0,18.0,False,False,135.0,2.0,0.9,1.1,0.9,1.2,1.0,0.9,700.0,54.0,700.0,54.0,1.0,1,False,1.0,1.0,68.0,45.0,0.0,31.8,True,True,True,True,True,9.0,2,True,100.0,149.0,237,SPOKED,DISC,0.0,0.0,80.0,80.0,275.0,740.0,34.9,295.0,1.0
440.0,68.0,620.0,74.0,185.0,38.0,610.0,72.5,655.0,48.0,48.0,27.0,36.5,24.0,22.0,14.0,14.0,STEEL,29.0,44.0,46.0,329.0,349.0,16.0,18.0,False,False,130.0,2.0,0.9,1.1,0.9,1.2,1.0,0.9,700.0,50.0,700.0,50.0,0.0,2,False,1.0,1.0,68.0,45.0,0.0,31.8,True,True,True,True,True,8.0,1,True,100.0,149.0,237,TRISPOKE,SPOKED,1.0,0.0,80.0,80.0,280.0,760.0,34.9,300.0,1.0
455.0,69.0,615.0,73.5,190.0,41.0,605.0,73.2,648.0,50.0,45.0,28.5,36.7,25.5,23.5,13.2,15.2,STEEL,31.0,45.5,45.5,331.0,351.0,16.0,18.0,False,False,130.0,2.0,0.9,1.1,0.9,1.2,1.0,0.9,700.0,53.0,700.0,53.0,1.0,0,False,1.0,1.0,68.0,45.0,0.0,31.8,True,True,True,True,True,10.0,2,True,100.0,149.0,237,DISC,DISC,0.0,0.0,80.0,80.0,285.0,755.0,34.9,305.0,3.0
460.0,71.0,605.0,72.0,170.0,39.0,615.0,72.8,652.0,49.0,45.0,27.5,36.4,26.0,24.0,13.0,14.8,STEEL,28.0,44.0,44.0,330.0,350.0,16.0,18.0,False,False,130.0,2.0,0.9,1.1,0.9,1.2,1.0,0.9,700.0,52.0,700.0,52.0,1.0,1,False,1.0,1.0,68.0,45.0,0.0,31.8,True,True,True,True,True,9.0,1,True,100.0,149.0,237,SPOKED,SPOKED,0.0,0.0,80.0,80.0,275.0,745.0,34.9,290.0,1.0
445.0,70.0,625.0,74.0,195.0,43.0,630.0,73.7,660.0,51.0,45.0,29.0,36.5,24.5,22.5,14.0,15.0,STEEL,33.0,47.0,47.0,335.0,355.0,16.0,18.0,False,False,135.0,2.0,0.9,1.1,0.9,1.2,1.0,0.9,700.0,56.0,700.0,56.0,0.0,2,False,1.0,1.0,68.0,45.0,0.0,31.8,True,True,True,True,True,8.0,2,True,100.0,149.0,237,TRISPOKE,TRISPOKE,1.0,1.0,80.0,80.0,282.0,765.0,34.9,310.0,2.0
470.0,68.0,600.0,72.5,165.0,37.0,595.0,72.0,640.0,47.0,45.0,28.0,36.6,25.0,23.0,13.5,14.5,STEEL,27.0,42.0,43.0,328.0,348.0,16.0,18.0,False,False,130.0,2.0,0.9,1.1,0.9,1.2,1.0,0.9,700.0,50.0,700.0,50.0,1.0,1,False,1.0,1.0,68.0,45.0,0.0,31.8,True,True,True,True,True,7.0,1,True,100.0,149.0,237,DISC,DISC,0.0,0.0,80.0,80.0,279.0,735.0,34.9,280.0,1.0
480.0,69.0,630.0,73.8,200.0,44.0,640.0,73.8,665.0,53.0,45.0,30.0,37.0,26.5,24.5,14.0,15.8,STEEL,35.0,48.0,48.0,336.0,356.0,16.0,18.0,False,False,135.0,2.0,0.9,1.1,0.9,1.2,1.0,0.9,700.0,58.0,700.0,58.0,1.0,0,False,1.0,1.0,68.0,45.0,0.0,31.8,True,True,True,True,True,10.0,3,True,100.0,149.0,237,TRISPOKE,SPOKED,1.0,0.0,80.0,80.0,290.0,770.0,34.9,320.0,1.0
430.0,70.0,605.0,72.8,168.0,36.0,620.0,73.0,650.0,50.0,45.0,29.0,36.5,25.0,23.0,13.0,15.0,STEEL,28.0,46.0,44.0,330.0,350.0,16.0,18.0,False,False,130.0,2.0,0.9,1.1,0.9,1.2,1.0,0.9,700.0,52.0,700.0,52.0,0.0,1,False,1.0,1.0,68.0,45.0,0.0,31.8,True,True,True,True,True,8.0,2,True,100.0,149.0,237,SPOKED,SPOKED,0.0,0.0,80.0,80.0,278.0,745.0,34.9,300.0,1.0
465.0,72.0,615.0,73.2,178.0,42.0,610.0,73.4,658.0,52.0,45.0,28.0,36.8,26.0,24.0,13.5,15.3,STEEL,30.0,47.0,45.0,333.0,353.0,16.0,18.0,False,False,134.0,2.0,0.9,1.1,0.9,1.2,1.0,0.9,700.0,54.0,700.0,54.0,1.0,2,False,1.0,1.0,68.0,45.0,0.0,31.8,True,True,True,True,True,9.0,2,True,100.0,149.0,237,DISC,DISC,0.0,0.0,80.0,80.0,285.0,760.0,34.9,315.0,1.0
400,65,600,73.5,160.0,50.0,560.0,73.0,640.0,45.0,45.0,28.6,36.5,23.35,13.0,15.0,9.0,STEEL,30.0,50.0,45.0,330.0,350.0,16.0,18.0,False,False,130.0,2.0,0.9,1.1,0.9,1.2,1.0,0.9,700.0,70.0,700.0,70.0,0.0,0,False,1.0,1.0,68.0,36.0,0.0,31.8,False,True,True,True,False,8.0,1,True,100.0,150.0,255,SPOKED,SPOKED,0.0,0.0,0.0,0.0,280.0,750.0,34.9,350.0,1.0
395,68,610,74.0,155.0,55.0,570.0,74.0,650.0,50.0,45.0,28.6,36.5,23.35,13.0,15.0,9.0,STEEL,30.0,50.0,45.0,330.0,350.0,16.0,18.0,False,False,130.0,2.0,0.9,1.1,0.9,1.2,1.0,0.9,700.0,70.0,700.0,70.0,1.0,0,False,1.0,1.0,68.0,36.0,0.0,31.8,True,False,True,True,False,7.0,1,False,100.0,150.0,255,SPOKED,SPOKED,0.0,0.0,0.0,0.0,285.0,760.0,34.9,360.0,1.0
405,67,620,73.0,162.0,52.0,565.0,73.0,645.0,45.0,45.0,28.6,36.5,23.35,13.0,15.0,9.0,STEEL,30.0,50.0,45.0,330.0,350.0,16.0,18.0,False,False,130.0,2.0,0.9,1.1,0.9,1.2,1.0,0.9,700.0,70.0,700.0,70.0,0.0,1,False,1.0,1.0,68.0,36.0,0.0,31.8,True,True,True,True,False,8.0,1,True,100.0,150.0,255,SPOKED,SPOKED,0.0,0.0,0.0,0.0,290.0,755.0,34.9,355.0,1.0
410,66,590,72.5,150.0,53.0,550.0,72.5,630.0,42.0,45.0,28.6,36.5,23.35,13.0,15.0,9.0,STEEL,30.0,50.0,45.0,330.0,350.0,16.0,18.0,False,False,130.0,2.0,0.9,1.1,0.9,1.2,1.0,0.9,700.0,70.0,700.0,70.0,1.0,1,False,1.0,1.0,68.0,36.0,0.0,31.8,True,True,False,True,False,9.0,1,False,90.0,130.0,225,SPOKED,SPOKED,0.0,0.0,0.0,0.0,275.0,740.0,34.9,340.0,1.0
390,70,615,74.5,165.0,51.0,580.0,75.0,660.0,55.0,45.0,28.6,36.5,23.35,13.0,15.0,9.0,STEEL,30.0,50.0,45.0,330.0,350.0,16.0,18.0,False,False,130.0,2.0,0.9,1.1,0.9,1.2,1.0,0.9,700.0,70.0,700.0,70.0,0.0,2,False,1.0,1.0,68.0,36.0,0.0,31.8,False,True,True,True,False,8.0,2,True,110.0,160.0,240,SPOKED,SPOKED,0.0,0.0,0.0,0.0,295.0,765.0,34.9,365.0,1.0
385,65,605,73.0,158.0,54.0,575.0,74.0,655.0,48.0,45.0,28.6,36.5,23.35,13.0,15.0,9.0,STEEL,30.0,50.0,45.0,330.0,350.0,16.0,18.0,False,False,130.0,2.0,0.9,1.1,0.9,1.2,1.0,0.9,700.0,70.0,700.0,70.0,1.0,2,False,1.0,1.0,68.0,36.0,0.0,31.8,False,False,True,True,False,10.0,2,False,100.0,150.0,255,SPOKED,SPOKED,0.0,0.0,0.0,0.0,285.0,755.0,34.9,350.0,1.0
415,63,598,73.5,153.0,50.0,565.0,73.5,638.0,44.0,45.0,28.6,36.5,23.35,13.0,15.0,9.0,STEEL,30.0,50.0,45.0,330.0,350.0,16.0,18.0,False,False,130.0,2.0,0.9,1.1,0.9,1.2,1.0,0.9,700.0,70.0,700.0,70.0,0.0,1,False,1.0,1.0,68.0,36.0,0.0,31.8,True,False,True,True,False,7.0,1,True,95.0,140.0,230,SPOKED,SPOKED,0.0,0.0,0.0,0.0,270.0,735.0,34.9,345.0,1.0
420,67,612,74.0,160.0,56.0,572.0,74.0,648.0,52.0,45.0,28.6,36.5,23.35,13.0,15.0,9.0,STEEL,30.0,50.0,45.0,330.0,350.0,16.0,18.0,False,False,130.0,2.0,0.9,1.1,0.9,1.2,1.0,0.9,700.0,70.0,700.0,70.0,1.0,0,False,1.0,1.0,68.0,36.0,0.0,31.8,False,True,True,True,False,8.0,1,True,100.0,150.0,200,SPOKED,SPOKED,0.0,0.0,0.0,0.0,300.0,770.0,34.9,370.0,1.0
395,69,607,73.0,157.0,52.0,568.0,73.0,643.0,46.0,45.0,28.6,36.5,23.35,13.0,15.0,9.0,STEEL,30.0,50.0,45.0,330.0,350.0,16.0,18.0,False,False,130.0,2.0,0.9,1.1,0.9,1.2,1.0,0.9,700.0,70.0,700.0,70.0,0.0,0,False,1.0,1.0,68.0,36.0,0.0,31.8,True,False,False,True,False,9.0,1,False,80.0,120.0,200,SPOKED,SPOKED,0.0,0.0,0.0,0.0,290.0,760.0,34.9,360.0,1.0
405,65,620,72.0,152.0,55.0,560.0,73.0,640.0,43.0,45.0,28.6,36.5,23.35,13.0,15.0,9.0,STEEL,30.0,50.0,45.0,330.0,350.0,16.0,18.0,False,False,130.0,2.0,0.9,1.1,0.9,1.2,1.0,0.9,700.0,70.0,700.0,70.0,0.0,2,False,1.0,1.0,68.0,36.0,0.0,31.8,True,True,True,True,False,8.0,1,True,100.0,150.0,255,SPOKED,SPOKED,0.0,0.0,0.0,0.0,280.0,750.0,34.9,350.0,1.0
480,70,600,73.5,200,50,550.0,74.0,650.0,50.0,40.0,28.6,36.5,28.6,28.6,13.0,15.0,STEEL,40.0,40.0,30.0,0.0,0.0,0.0,0.0,False,False,135.0,2.0,0.9,1.1,0.9,1.2,1.0,0.9,672.0,50.0,672.0,50.0,1.0,1,False,1.0,1.0,68.0,45.0,0.0,31.8,False,False,False,False,True,7.0,1,False,65.0,105.0,225,SPOKED,SPOKED,0.0,0.0,0.0,0.0,278.0,770.0,36.5,250.0,1.0
490,70,610,72.8,210,55,545.0,73.5,655.0,55.0,40.0,28.6,36.5,28.6,28.6,13.0,15.0,STEEL,40.0,40.0,30.0,0.0,0.0,0.0,0.0,False,False,135.0,2.0,0.9,1.1,0.9,1.2,1.0,0.9,672.0,50.0,672.0,50.0,1.0,1,False,1.0,1.0,68.0,45.0,0.0,31.8,False,False,False,False,True,7.0,1,False,65.0,105.0,225,SPOKED,SPOKED,0.0,0.0,0.0,0.0,278.0,760.0,36.5,250.0,1.0
500,70,590,73.2,190,50,555.0,74.5,645.0,48.0,40.0,28.6,36.5,28.6,28.6,13.0,15.0,STEEL,40.0,40.0,30.0,0.0,0.0,0.0,0.0,False,False,135.0,2.0,0.9,1.1,0.9,1.2,1.0,0.9,672.0,50.0,672.0,50.0,1.0,1,False,1.0,1.0,68.0,45.0,0.0,31.8,False,False,False,False,True,7.0,1,False,65.0,105.0,225,SPOKED,SPOKED,0.0,0.0,0.0,0.0,278.0,775.0,36.5,250.0,1.0
520,70,605,73.7,205,50,540.0,73.0,650.0,52.0,40.0,28.6,36.5,28.6,28.6,13.0,15.0,STEEL,40.0,40.0,30.0,0.0,0.0,0.0,0.0,False,False,135.0,2.0,0.9,1.1,0.9,1.2,1.0,0.9,672.0,50.0,672.0,50.0,1.0,1,False,1.0,1.0,68.0,45.0,0.0,31.8,False,False,False,False,True,7.0,1,False,65.0,105.0,225,SPOKED,SPOKED,0.0,0.0,0.0,0.0,278.0,765.0,36.5,250.0,1.0
470,70,585,74.0,195,50,560.0,74.2,660.0,47.0,40.0,28.6,36.5,28.6,28.6,13.0,15.0,STEEL,40.0,40.0,30.0,0.0,0.0,0.0,0.0,False,False,135.0,2.0,0.9,1.1,0.9,1.2,1.0,0.9,672.0,50.0,672.0,50.0,1.0,1,False,1.0,1.0,68.0,45.0,0.0,31.8,False,False,False,False,True,7.0,1,False,65.0,105.0,225,SPOKED,SPOKED,0.0,0.0,0.0,0.0,278.0,755.0,36.5,250.0,1.0
495,70,620,72.5,185,50,550.0,75.0,640.0,53.0,40.0,28.6,36.5,28.6,28.6,13.0,15.0,STEEL,40.0,40.0,30.0,0.0,0.0,0.0,0.0,False,False,135.0,2.0,0.9,1.1,0.9,1.2,1.0,0.9,672.0,50.0,672.0,50.0,1.0,1,False,1.0,1.0,68.0,45.0,0.0,31.8,False,False,False,False,True,7.0,1,False,65.0,105.0,225,SPOKED,SPOKED,0.0,0.0,0.0,0.0,278.0,780.0,36.5,250.0,1.0
510,70,580,73.9,202,50,545.0,74.8,655.0,50.0,40.0,28.6,36.5,28.6,28.6,13.0,15.0,STEEL,40.0,40.0,30.0,0.0,0.0,0.0,0.0,False,False,135.0,2.0,0.9,1.1,0.9,1.2,1.0,0.9,672.0,50.0,672.0,50.0,1.0,1,False,1.0,1.0,68.0,45.0,0.0,31.8,False,False,False,False,True,7.0,1,False,65.0,105.0,225,SPOKED,SPOKED,0.0,0.0,0.0,0.0,278.0,765.0,36.5,250.0,1.0
485,70,615,72.9,198,50,552.0,73.3,648.0,49.0,40.0,28.6,36.5,28.6,28.6,13.0,15.0,STEEL,40.0,40.0,30.0,0.0,0.0,0.0,0.0,False,False,135.0,2.0,0.9,1.1,0.9,1.2,1.0,0.9,672.0,50.0,672.0,50.0,1.0,1,False,1.0,1.0,68.0,45.0,0.0,31.8,False,False,False,False,True,7.0,1,False,65.0,105.0,225,SPOKED,SPOKED,0.0,0.0,0.0,0.0,278.0,770.0,36.5,250.0,1.0
505,70,595,73.4,207,50,548.0,74.1,652.0,51.0,40.0,28.6,36.5,28.6,28.6,13.0,15.0,STEEL,40.0,40.0,30.0,0.0,0.0,0.0,0.0,False,False,135.0,2.0,0.9,1.1,0.9,1.2,1.0,0.9,672.0,50.0,672.0,50.0,1.0,1,False,1.0,1.0,68.0,45.0,0.0,31.8,False,False,False,False,True,7.0,1,False,65.0,105.0,225,SPOKED,SPOKED,0.0,0.0,0.0,0.0,278.0,760.0,36.5,250.0,1.0
530,70,600,73.0,188,50,555.0,73.7,642.0,46.0,40.0,28.6,36.5,28.6,28.6,13.0,15.0,STEEL,40.0,40.0,30.0,0.0,0.0,0.0,0.0,False,False,135.0,2.0,0.9,1.1,0.9,1.2,1.0,0.9,672.0,50.0,672.0,50.0,1.0,1,False,1.0,1.0,68.0,45.0,0.0,31.8,False,False,False,False,True,7.0,1,False,65.0,105.0,225,SPOKED,SPOKED,0.0,0.0,0.0,0.0,278.0,765.0,36.5,250.0,1.0
410.0,70.0,600.0,73.0,150.0,50.0,560.0,73.0,650.0,45.0,45.0,28.6,36.5,23.35,13.0,13.0,15.0,STEEL,33.1,45.0,40.0,330.0,350.0,16.0,18.0,False,False,135.0,0.9,1.1,0.9,1.2,1.0,0.9,0.9,674.0,52.0,674.0,52.0,0.0,1,False,1.0,1.0,68.0,45.0,0.0,31.8,False,False,False,False,True,8.0,1,False,100.0,149.0,237,SPOKED,SPOKED,1.0,1.0,80.0,80.0,278.0,760.0,34.9,300.0,1.0
400.0,70.0,590.0,72.0,140.0,50.0,555.0,72.0,640.0,45.0,45.0,28.6,36.5,23.35,13.0,13.0,15.0,STEEL,33.1,45.0,40.0,330.0,350.0,16.0,18.0,False,False,135.0,0.9,1.1,0.9,1.2,1.0,0.9,0.9,674.0,52.0,674.0,52.0,0.0,1,False,1.0,1.0,68.0,45.0,0.0,31.8,False,False,False,True,True,7.0,1,True,100.0,149.0,237,SPOKED,SPOKED,1.0,1.0,80.0,80.0,278.0,750.0,34.9,300.0,1.0
420.0,70.0,610.0,74.0,160.0,50.0,570.0,74.0,660.0,45.0,45.0,28.6,36.5,23.35,13.0,13.0,15.0,STEEL,33.1,45.0,40.0,330.0,350.0,16.0,18.0,False,False,130.0,0.9,1.1,0.9,1.2,1.0,0.9,0.9,674.0,52.0,674.0,52.0,0.0,1,False,1.0,1.0,68.0,45.0,0.0,31.8,False,True,True,False,True,8.0,1,True,100.0,149.0,237,SPOKED,SPOKED,1.0,1.0,80.0,80.0,278.0,770.0,34.9,300.0,1.0
405.0,70.0,605.0,73.5,145.0,50.0,555.0,72.5,655.0,45.0,45.0,28.6,36.5,23.35,13.0,13.0,15.0,STEEL,33.1,45.0,40.0,330.0,350.0,16.0,18.0,False,False,135.0,0.9,1.1,0.9,1.2,1.0,0.9,0.9,674.0,52.0,674.0,52.0,0.0,1,False,1.0,1.0,68.0,45.0,0.0,31.8,True,False,True,False,True,9.0,2,False,100.0,149.0,237,SPOKED,SPOKED,1.0,1.0,80.0,80.0,280.0,755.0,34.9,300.0,1.0
415.0,70.0,595.0,72.5,155.0,50.0,565.0,73.5,660.0,45.0,45.0,28.6,36.5,23.35,13.0,13.0,15.0,STEEL,33.1,45.0,40.0,330.0,350.0,16.0,18.0,False,False,135.0,0.9,1.1,0.9,1.2,1.0,0.9,0.9,674.0,52.0,674.0,52.0,0.0,1,False,1.0,1.0,68.0,45.0,0.0,31.8,False,False,True,True,True,8.0,1,True,100.0,149.0,237,SPOKED,SPOKED,1.0,1.0,80.0,80.0,278.0,765.0,34.9,300.0,1.0
395.0,70.0,585.0,71.5,135.0,50.0,550.0,74.0,645.0,45.0,45.0,28.6,36.5,23.35,13.0,13.0,15.0,STEEL,33.1,45.0,40.0,330.0,350.0,16.0,18.0,False,False,130.0,0.9,1.1,0.9,1.2,1.0,0.9,0.9,674.0,52.0,674.0,52.0,0.0,1,False,1.0,1.0,68.0,45.0,0.0,31.8,False,False,False,False,True,8.0,1,False,100.0,149.0,237,SPOKED,SPOKED,1.0,1.0,80.0,80.0,278.0,745.0,34.9,300.0,1.0
425.0,70.0,615.0,74.0,150.0,50.0,580.0,73.0,670.0,45.0,45.0,28.6,36.5,23.35,13.0,13.0,15.0,STEEL,33.1,50.0,40.0,330.0,350.0,16.0,18.0,False,False,135.0,0.9,1.1,0.9,1.2,1.0,0.9,0.9,674.0,52.0,674.0,52.0,0.0,0,False,1.0,1.0,68.0,45.0,0.0,31.8,False,False,True,False,True,10.0,1,False,100.0,149.0,237,SPOKED,SPOKED,1.0,1.0,80.0,80.0,280.0,780.0,34.9,300.0,1.0
415.0,70.0,600.0,73.0,150.0,60.0,560.0,73.0,650.0,45.0,45.0,28.6,36.5,23.35,13.0,15.0,12.0,STEEL,33.1,45.0,38.0,330.0,350.0,16.0,18.0,False,False,130.0,0.9,1.1,0.9,1.2,1.0,0.9,0.9,674.0,52.0,674.0,52.0,0.0,2,False,1.0,1.0,68.0,45.0,0.0,31.8,False,False,False,True,True,8.0,1,True,100.0,149.0,237,SPOKED,SPOKED,1.0,1.0,80.0,80.0,278.0,760.0,34.9,300.0,1.0
405.0,70.0,590.0,72.0,140.0,50.0,560.0,73.0,650.0,47.0,45.0,28.6,36.5,23.35,13.0,13.0,15.0,STEEL,33.1,40.0,40.0,330.0,350.0,16.0,18.0,False,False,135.0,0.9,1.1,0.9,1.2,1.0,0.9,0.9,674.0,52.0,674.0,52.0,1.0,1,False,1.0,1.0,68.0,45.0,0.0,31.8,False,True,False,False,True,8.0,1,False,100.0,149.0,237,SPOKED,SPOKED,1.0,1.0,80.0,80.0,278.0,750.0,34.9,300.0,1.0
420.0,68.0,600.0,73.0,150.0,50.0,565.0,73.0,650.0,45.0,46.0,28.6,36.5,23.35,13.0,13.0,15.0,STEEL,34.0,45.0,40.0,330.0,350.0,16.0,18.0,False,False,135.0,0.9,1.1,0.9,1.2,1.0,0.9,0.9,674.0,52.0,674.0,52.0,0.0,1,False,1.0,3.0,68.0,45.0,0.0,31.8,True,True,False,False,True,8.0,1,True,100.0,149.0,237,SPOKED,SPOKED,1.0,1.0,80.0,80.0,278.0,760.0,34.9,300.0,3.0
405.0,70.0,600.0,72.0,150.0,50.0,550.0,74.0,650.0,45.0,40.0,28.6,28.6,36.5,23.35,13.0,15.0,STEEL,35.0,45.0,45.0,330.0,350.0,16.0,18.0,False,True,135.0,2.0,0.9,1.1,0.9,1.2,1.0,0.9,680.0,52.0,680.0,52.0,0.0,0,False,1.0,1.0,68.0,45.0,692.0,31.8,True,True,True,True,True,8.0,1,True,102.0,178.0,255,SPOKED,SPOKED,1.0,1.0,80.0,80.0,280.0,740.0,34.9,300.0,1.0
415.0,72.0,620.0,71.0,160.0,50.0,560.0,73.0,660.0,45.0,40.0,28.6,28.6,36.5,23.35,13.0,15.0,STEEL,36.0,46.0,44.0,330.0,350.0,16.0,18.0,True,False,135.0,2.0,0.9,1.1,0.9,1.2,1.0,0.9,682.0,50.0,682.0,50.0,0.0,1,False,1.0,1.0,68.0,45.0,692.0,31.8,False,True,True,True,True,9.0,1,True,102.0,178.0,255,SPOKED,SPOKED,1.0,1.0,80.0,80.0,285.0,745.0,34.9,300.0,1.0
395.0,68.0,580.0,73.0,140.0,50.0,540.0,75.0,640.0,45.0,40.0,28.6,28.6,36.5,23.35,13.0,15.0,STEEL,34.0,44.0,46.0,330.0,350.0,16.0,18.0,False,False,135.0,2.0,0.9,1.1,0.9,1.2,1.0,0.9,684.0,52.0,684.0,52.0,0.0,2,False,1.0,1.0,68.0,45.0,692.0,31.8,True,False,True,True,True,10.0,1,True,102.0,178.0,255,SPOKED,SPOKED,1.0,1.0,80.0,80.0,290.0,750.0,34.9,300.0,1.0
425.0,65.0,640.0,70.0,170.0,50.0,570.0,72.0,670.0,45.0,40.0,28.6,28.6,36.5,23.35,13.0,15.0,STEEL,37.0,47.0,43.0,330.0,350.0,16.0,18.0,True,True,135.0,2.0,0.9,1.1,0.9,1.2,1.0,0.9,686.0,50.0,686.0,50.0,0.0,0,False,1.0,1.0,68.0,45.0,692.0,31.8,False,False,True,True,True,11.0,1,True,102.0,178.0,255,SPOKED,SPOKED,1.0,1.0,80.0,80.0,295.0,755.0,34.9,300.0,1.0
435.0,75.0,560.0,74.0,130.0,50.0,530.0,76.0,630.0,45.0,40.0,28.6,28.6,36.5,23.35,13.0,15.0,STEEL,33.0,43.0,47.0,330.0,350.0,16.0,18.0,False,False,135.0,2.0,0.9,1.1,0.9,1.2,1.0,0.9,688.0,54.0,688.0,54.0,0.0,1,False,1.0,1.0,68.0,45.0,692.0,31.8,True,True,True,True,True,12.0,1,True,102.0,178.0,255,SPOKED,SPOKED,1.0,1.0,80.0,80.0,300.0,760.0,34.9,300.0,1.0
445.0,78.0,630.0,69.0,180.0,50.0,580.0,72.5,680.0,45.0,40.0,28.6,28.6,36.5,23.35,13.0,15.0,STEEL,38.0,48.0,42.0,330.0,350.0,16.0,18.0,True,False,135.0,2.0,0.9,1.1,0.9,1.2,1.0,0.9,690.0,52.0,690.0,52.0,0.0,2,False,1.0,1.0,68.0,45.0,692.0,31.8,False,True,True,True,True,7.0,1,True,102.0,178.0,255,SPOKED,SPOKED,1.0,1.0,80.0,80.0,305.0,765.0,34.9,300.0,1.0
455.0,61.0,590.0,72.5,120.0,50.0,520.0,73.5,620.0,45.0,40.0,28.6,28.6,36.5,23.35,13.0,15.0,STEEL,32.0,42.0,48.0,330.0,350.0,16.0,18.0,False,True,135.0,2.0,0.9,1.1,0.9,1.2,1.0,0.9,692.0,50.0,692.0,50.0,0.0,0,False,1.0,1.0,68.0,45.0,692.0,31.8,True,False,True,True,True,6.0,1,True,102.0,178.0,255,SPOKED,SPOKED,1.0,1.0,80.0,80.0,310.0,770.0,34.9,300.0,1.0
465.0,59.0,610.0,71.5,155.0,50.0,590.0,74.5,635.0,45.0,40.0,28.6,28.6,36.5,23.35,13.0,15.0,STEEL,39.0,49.0,41.0,330.0,350.0,16.0,18.0,True,False,135.0,2.0,0.9,1.1,0.9,1.2,1.0,0.9,694.0,54.0,694.0,54.0,0.0,1,False,1.0,1.0,68.0,45.0,692.0,31.8,False,False,True,True,True,13.0,1,True,102.0,178.0,255,SPOKED,SPOKED,1.0,1.0,80.0,80.0,315.0,775.0,34.9,300.0,1.0
475.0,66.0,650.0,70.5,165.0,50.0,510.0,71.5,660.0,45.0,40.0,28.6,28.6,36.5,23.35,13.0,15.0,STEEL,31.0,41.0,49.0,330.0,350.0,16.0,18.0,False,True,135.0,2.0,0.9,1.1,0.9,1.2,1.0,0.9,696.0,52.0,696.0,52.0,0.0,2,False,1.0,1.0,68.0,45.0,692.0,31.8,True,True,True,True,True,8.0,1,True,102.0,178.0,255,SPOKED,SPOKED,1.0,1.0,80.0,80.0,320.0,780.0,34.9,300.0,1.0
485.0,73.0,670.0,73.5,145.0,50.0,600.0,75.5,655.0,45.0,40.0,28.6,28.6,36.5,23.35,13.0,15.0,STEEL,40.0,50.0,40.0,330.0,350.0,16.0,18.0,False,False,135.0,2.0,0.9,1.1,0.9,1.2,1.0,0.9,698.0,50.0,698.0,50.0,0.0,0,False,1.0,1.0,68.0,45.0,692.0,31.8,False,True,True,True,True,9.0,1,True,102.0,178.0,255,SPOKED,SPOKED,1.0,1.0,80.0,80.0,325.0,785.0,34.9,300.0,1.0
405.0,70.0,600.0,73.0,150.0,50.0,540.0,73.0,650.0,50.0,40.0,28.6,36.5,36.0,23.0,13.0,15.0,STEEL,30.0,50.0,45.0,330.0,350.0,16.0,18.0,False,True,135.0,2.0,2.0,2.0,2.0,2.0,2.0,2.0,700.0,50.0,700.0,50.0,0.0,1,False,1.0,1.0,68.0,45.0,0.0,31.8,False,True,True,True,True,8.0,2,True,65.0,105.0,225,SPOKED,SPOKED,0.0,0.0,0.0,0.0,280.0,740.0,34.9,350.0,1.0
410.0,75.0,610.0,74.0,160.0,50.0,550.0,74.0,660.0,45.0,40.0,28.6,36.5,36.0,23.0,13.0,15.0,STEEL,32.0,52.0,48.0,330.0,350.0,16.0,18.0,True,False,135.0,2.0,2.0,2.0,2.0,2.0,2.0,2.0,700.0,50.0,700.0,50.0,0.0,1,False,1.0,1.0,68.0,45.0,0.0,31.8,True,True,True,True,True,7.0,1,True,65.0,105.0,225,SPOKED,SPOKED,0.0,0.0,0.0,0.0,280.0,750.0,34.9,320.0,1.0
420.0,70.0,590.0,72.5,140.0,45.0,530.0,73.0,640.0,55.0,40.0,28.6,36.5,36.0,23.0,13.0,15.0,STEEL,28.0,48.0,44.0,330.0,350.0,16.0,18.0,False,False,130.0,2.0,2.0,2.0,2.0,2.0,2.0,2.0,700.0,50.0,700.0,50.0,0.0,1,False,1.0,1.0,68.0,45.0,0.0,31.8,False,True,True,True,True,9.0,3,True,65.0,105.0,225,SPOKED,SPOKED,0.0,0.0,0.0,0.0,280.0,730.0,34.9,350.0,1.0
415.0,65.0,580.0,73.5,155.0,52.0,545.0,72.5,655.0,50.0,40.0,28.6,36.5,36.0,23.0,13.0,15.0,STEEL,29.0,50.0,46.0,330.0,350.0,16.0,18.0,False,True,140.0,2.0,2.0,2.0,2.0,2.0,2.0,2.0,700.0,50.0,700.0,50.0,0.0,1,False,1.0,1.0,68.0,45.0,0.0,31.8,False,False,True,True,True,8.0,2,True,65.0,105.0,225,SPOKED,SPOKED,0.0,0.0,0.0,0.0,280.0,745.0,34.9,350.0,1.0
430.0,72.0,605.0,74.0,170.0,50.0,555.0,73.5,670.0,50.0,40.0,28.6,36.5,36.0,23.0,13.0,15.0,STEEL,31.0,53.0,47.0,330.0,350.0,16.0,18.0,True,True,135.0,2.0,2.0,2.0,2.0,2.0,2.0,2.0,700.0,50.0,700.0,50.0,0.0,1,False,1.0,1.0,68.0,45.0,0.0,31.8,True,True,True,True,True,10.0,2,True,65.0,105.0,225,SPOKED,SPOKED,0.0,0.0,0.0,0.0,280.0,760.0,34.9,350.0,1.0
395.0,68.0,595.0,72.0,145.0,48.0,538.0,73.2,648.0,48.0,40.0,28.6,36.5,36.0,23.0,13.0,15.0,STEEL,30.0,49.0,45.0,330.0,350.0,16.0,18.0,False,False,132.0,2.0,2.0,2.0,2.0,2.0,2.0,2.0,700.0,50.0,700.0,50.0,0.0,1,False,1.0,1.0,68.0,45.0,0.0,31.8,False,True,True,True,True,7.0,1,True,65.0,105.0,225,SPOKED,SPOKED,0.0,0.0,0.0,0.0,280.0,730.0,34.9,350.0,1.0
400.0,69.0,598.0,72.8,148.0,49.0,542.0,73.1,652.0,52.0,40.0,28.6,36.5,36.0,23.0,13.0,15.0,STEEL,29.0,51.0,44.0,330.0,350.0,16.0,18.0,True,False,133.0,2.0,2.0,2.0,2.0,2.0,2.0,2.0,700.0,50.0,700.0,50.0,0.0,1,False,1.0,1.0,68.0,45.0,0.0,31.8,False,True,True,True,True,8.0,2,True,65.0,105.0,225,SPOKED,SPOKED,0.0,0.0,0.0,0.0,280.0,735.0,34.9,350.0,1.0
410.0,66.0,602.0,73.2,160.0,51.0,548.0,73.4,658.0,49.0,40.0,28.6,36.5,36.0,23.0,13.0,15.0,STEEL,32.0,52.0,46.0,330.0,350.0,16.0,18.0,False,False,134.0,2.0,2.0,2.0,2.0,2.0,2.0,2.0,700.0,50.0,700.0,50.0,0.0,1,False,1.0,1.0,68.0,45.0,0.0,31.8,False,True,True,True,True,9.0,1,True,65.0,105.0,225,SPOKED,SPOKED,0.0,0.0,0.0,0.0,280.0,750.0,34.9,350.0,1.0
425.0,71.0,607.0,73.7,165.0,53.0,560.0,74.0,662.0,53.0,40.0,28.6,36.5,36.0,23.0,13.0,15.0,STEEL,33.0,54.0,48.0,330.0,350.0,16.0,18.0,True,True,136.0,2.0,2.0,2.0,2.0,2.0,2.0,2.0,700.0,50.0,700.0,50.0,0.0,1,False,1.0,1.0,68.0,45.0,0.0,31.8,False,True,True,True,True,11.0,3,True,65.0,105.0,225,SPOKED,SPOKED,0.0,0.0,0.0,0.0,280.0,760.0,34.9,350.0,1.0
390.0,73.0,593.0,72.3,150.0,47.0,550.0,72.9,645.0,47.0,40.0,28.6,36.5,36.0,23.0,13.0,15.0,STEEL,29.0,50.0,45.0,330.0,350.0,16.0,18.0,True,False,131.0,2.0,2.0,2.0,2.0,2.0,2.0,2.0,700.0,50.0,700.0,50.0,0.0,1,False,1.0,1.0,68.0,45.0,0.0,31.8,False,True,True,True,True,6.0,1,True,65.0,105.0,225,SPOKED,SPOKED,0.0,0.0,0.0,0.0,280.0,730.0,34.9,350.0,1.0
420.0,70.0,630.0,73.0,150.0,50.0,560.0,73.5,650.0,45.0,68.0,32.0,36.0,23.0,23.0,14.0,15.0,STEEL,35.0,40.0,45.0,330.0,350.0,16.0,18.0,False,False,135.0,2.0,1.0,1.1,1.0,0.9,0.9,0.9,674.0,52.0,674.0,52.0,0.0,0,False,1.0,1.0,68.0,45.0,0.0,31.8,True,True,True,True,True,8.0,1,True,65.0,105.0,225,SPOKED,SPOKED,0.0,0.0,80.0,80.0,300.0,760.0,36.0,350.0,1.0
435.0,75.0,640.0,72.5,140.0,60.0,580.0,74.0,660.0,42.0,68.0,34.0,36.0,23.5,23.5,13.0,16.0,STEEL,30.0,42.0,48.0,330.0,350.0,17.0,17.0,True,False,135.0,2.0,1.1,1.1,1.0,1.0,0.9,0.9,667.0,45.0,667.0,45.0,0.0,1,False,1.0,1.0,68.0,47.0,0.0,31.8,False,True,True,True,True,9.0,2,False,65.0,105.0,225,SPOKED,SPOKED,0.0,0.0,80.0,80.0,310.0,770.0,36.0,360.0,1.0
450.0,65.0,620.0,74.0,155.0,55.0,550.0,73.0,640.0,48.0,68.0,32.0,36.0,24.0,24.0,15.0,15.0,STEEL,32.0,38.0,46.0,330.0,350.0,16.0,16.0,True,True,130.0,2.0,0.9,1.2,1.1,0.9,1.0,0.9,674.0,52.0,674.0,52.0,0.0,2,False,1.0,1.0,68.0,50.0,0.0,31.8,True,False,False,True,True,7.0,1,True,65.0,105.0,225,SPOKED,SPOKED,0.0,0.0,80.0,80.0,320.0,750.0,36.0,340.0,1.0
425.0,68.0,655.0,73.5,160.0,45.0,600.0,74.0,670.0,44.0,68.0,33.0,36.0,23.5,23.5,14.0,16.0,STEEL,36.0,45.0,47.0,330.0,350.0,18.0,18.0,False,False,135.0,2.0,1.0,1.1,1.0,1.0,0.9,0.9,667.0,45.0,667.0,45.0,0.0,1,False,1.0,1.0,68.0,48.0,0.0,31.8,False,False,True,False,True,10.0,2,True,65.0,105.0,225,SPOKED,SPOKED,0.0,0.0,80.0,80.0,305.0,780.0,36.0,370.0,1.0
410.0,72.0,615.0,72.0,145.0,60.0,570.0,73.5,655.0,43.0,68.0,34.0,36.0,23.0,23.0,13.0,15.0,STEEL,31.0,44.0,44.0,330.0,350.0,17.0,17.0,True,True,130.0,2.0,0.9,1.1,0.9,0.9,1.0,0.9,674.0,52.0,674.0,52.0,0.0,2,False,1.0,1.0,68.0,46.0,0.0,31.8,True,True,False,True,True,9.0,1,False,65.0,105.0,225,SPOKED,SPOKED,0.0,0.0,80.0,80.0,315.0,765.0,36.0,360.0,1.0
440.0,66.0,625.0,74.0,170.0,50.0,530.0,72.5,645.0,46.0,68.0,32.0,36.0,23.5,23.5,14.0,16.0,STEEL,38.0,43.0,49.0,330.0,350.0,16.0,18.0,False,True,135.0,2.0,1.0,1.1,1.0,0.9,0.9,0.9,667.0,45.0,667.0,45.0,0.0,0,False,1.0,1.0,68.0,49.0,0.0,31.8,False,False,True,True,True,8.0,2,False,65.0,105.0,225,SPOKED,SPOKED,0.0,0.0,80.0,80.0,295.0,755.0,36.0,330.0,1.0
430.0,74.0,635.0,73.0,158.0,48.0,590.0,74.0,660.0,41.0,68.0,33.0,36.0,23.0,23.0,13.0,15.0,STEEL,34.0,46.0,48.0,330.0,350.0,17.0,17.0,True,False,130.0,2.0,1.0,1.2,1.0,0.9,0.9,0.9,674.0,52.0,674.0,52.0,0.0,1,False,1.0,1.0,68.0,45.0,0.0,31.8,True,False,True,False,True,10.0,1,True,65.0,105.0,225,SPOKED,SPOKED,0.0,0.0,80.0,80.0,310.0,785.0,36.0,340.0,1.0
460.0,69.0,645.0,72.5,142.0,57.0,545.0,73.0,625.0,47.0,68.0,34.0,36.0,23.5,23.5,14.5,15.5,STEEL,33.0,44.0,46.5,330.0,350.0,16.0,18.0,False,False,135.0,2.0,0.9,1.1,0.9,0.9,0.9,0.9,667.0,45.0,667.0,45.0,0.0,2,False,1.0,1.0,68.0,46.0,0.0,31.8,True,True,False,False,True,8.0,1,False,65.0,105.0,225,SPOKED,SPOKED,0.0,0.0,80.0,80.0,302.0,770.0,36.0,350.0,1.0
415.0,71.0,605.0,74.0,148.0,53.0,595.0,73.5,660.0,45.0,68.0,33.0,36.0,23.0,23.0,14.0,15.0,STEEL,36.0,42.0,45.0,330.0,350.0,17.0,18.0,True,True,130.0,2.0,1.0,1.1,1.0,1.0,0.9,0.9,674.0,52.0,674.0,52.0,0.0,1,False,1.0,1.0,68.0,47.0,0.0,31.8,True,False,True,True,True,7.0,2,True,65.0,105.0,225,SPOKED,SPOKED,0.0,0.0,80.0,80.0,318.0,755.0,36.0,365.0,1.0
445.0,73.0,650.0,73.0,152.0,49.0,565.0,72.5,635.0,44.0,68.0,32.0,36.0,24.0,24.0,13.5,15.0,STEEL,35.0,41.0,46.0,330.0,350.0,18.0,18.0,False,False,135.0,2.0,0.9,1.2,1.0,1.0,0.9,0.9,667.0,45.0,667.0,45.0,0.0,0,False,1.0,1.0,68.0,46.0,0.0,31.8,False,True,False,True,True,9.0,1,False,65.0,105.0,225,SPOKED,SPOKED,0.0,0.0,80.0,80.0,308.0,780.0,36.0,380.0,1.0
400,75,610,72.5,160,50,550.0,73.0,600.0,50.0,50.0,28.6,36.5,23.5,20.0,15.0,9.0,STEEL,40.0,40.0,50.0,330.0,350.0,16.0,18.0,False,False,135.0,2.0,1.0,1.2,1.0,1.2,1.0,1.0,700.0,50.0,700.0,50.0,1.0,0,False,1.0,1.0,70.0,45.0,0.0,31.8,False,True,True,True,True,8.0,1,True,65.0,105.0,225,SPOKED,SPOKED,0.0,0.0,0.0,0.0,80.0,780.0,35.0,330.0,1.0
410,80,620,73.0,165,48,560.0,73.5,620.0,48.0,50.0,30.0,38.0,24.0,21.0,15.0,9.0,STEEL,42.0,42.0,48.0,330.0,350.0,16.0,18.0,False,False,135.0,2.0,1.0,1.2,1.0,1.2,1.0,1.0,700.0,50.0,700.0,50.0,1.0,1,False,1.0,1.0,72.0,45.0,0.0,31.8,False,True,True,True,True,9.0,1,True,65.0,105.0,225,SPOKED,SPOKED,0.0,0.0,0.0,0.0,80.0,780.0,35.0,330.0,1.0
420,75,615,72.0,155,52,555.0,72.5,610.0,52.0,45.0,29.0,37.0,23.0,20.0,15.0,9.0,STEEL,38.0,38.0,52.0,330.0,350.0,16.0,18.0,False,False,135.0,2.0,0.9,1.1,0.9,1.1,0.9,0.9,700.0,50.0,700.0,50.0,1.0,2,False,1.0,1.0,68.0,45.0,0.0,31.8,False,True,True,True,True,8.0,1,True,65.0,105.0,225,SPOKED,SPOKED,0.0,0.0,0.0,0.0,80.0,780.0,35.0,330.0,1.0
425,78,625,73.5,170,50,565.0,73.0,630.0,50.0,50.0,28.6,36.5,24.0,22.0,15.0,9.0,STEEL,45.0,45.0,50.0,332.0,352.0,17.0,18.0,True,False,135.0,2.0,1.0,1.2,1.0,1.2,1.0,1.0,700.0,50.0,700.0,50.0,1.0,0,False,1.0,1.0,75.0,46.0,0.0,31.8,False,True,True,True,True,10.0,1,True,65.0,105.0,225,SPOKED,SPOKED,0.0,0.0,0.0,0.0,80.0,780.0,35.0,330.0,1.0
430,75,630,74.0,175,55,580.0,74.0,640.0,55.0,50.0,30.0,40.0,25.0,22.0,15.0,9.0,STEEL,45.0,45.0,55.0,330.0,350.0,18.0,18.0,True,True,135.0,2.0,1.0,1.2,1.0,1.2,1.0,1.0,700.0,50.0,700.0,55.0,1.0,1,False,1.0,1.0,75.0,46.0,0.0,31.8,True,True,True,True,True,9.0,2,True,65.0,105.0,225,SPOKED,SPOKED,0.0,0.0,0.0,0.0,80.0,780.0,35.0,330.0,1.0
405,77,605,72.5,160,52,555.0,73.0,615.0,52.0,50.0,29.0,37.0,24.0,21.0,15.0,9.0,STEEL,40.0,40.0,50.0,330.0,350.0,16.0,18.0,False,True,135.0,2.0,1.0,1.2,1.0,1.2,1.0,1.0,700.0,50.0,700.0,50.0,1.0,1,False,1.0,1.0,73.0,45.0,0.0,31.8,False,True,True,True,True,8.0,1,True,65.0,105.0,225,SPOKED,SPOKED,0.0,0.0,0.0,0.0,80.0,780.0,35.0,330.0,1.0
415,79,615,72.0,158,50,555.0,72.0,605.0,50.0,50.0,29.0,36.5,24.0,20.0,15.0,9.0,STEEL,42.0,42.0,48.0,330.0,350.0,16.0,18.0,False,False,132.0,2.0,0.9,1.1,0.9,1.1,0.9,1.0,700.0,55.0,700.0,55.0,1.0,0,False,1.0,1.0,70.0,45.0,0.0,31.8,False,True,True,True,True,8.0,1,True,65.0,105.0,225,SPOKED,SPOKED,0.0,0.0,0.0,0.0,80.0,780.0,35.0,330.0,1.0
420,80,620,73.0,165,48,560.0,73.5,620.0,48.0,50.0,30.0,38.0,24.0,21.0,15.0,9.0,STEEL,42.0,42.0,48.0,330.0,350.0,16.0,18.0,False,False,135.0,2.0,1.0,1.2,1.0,1.2,1.0,1.0,700.0,50.0,700.0,50.0,1.0,2,False,1.0,1.0,75.0,45.0,0.0,31.8,False,True,True,True,True,9.0,1,True,70.0,130.0,180,SPOKED,SPOKED,0.0,0.0,0.0,0.0,80.0,780.0,35.0,330.0,1.0
410,75,610,72.5,162,50,555.0,73.0,605.0,50.0,50.0,28.6,36.5,23.5,20.0,15.0,9.0,STEEL,40.0,40.0,50.0,330.0,350.0,16.0,18.0,False,False,135.0,2.0,1.0,1.2,1.0,1.2,1.0,1.0,700.0,50.0,700.0,50.0,1.0,1,False,1.0,1.0,70.0,45.0,0.0,31.8,False,True,True,True,True,8.0,3,True,65.0,105.0,225,SPOKED,SPOKED,0.0,0.0,0.0,0.0,80.0,780.0,35.0,330.0,1.0
395,77,600,72.0,150,50,540.0,72.5,600.0,50.0,50.0,28.6,36.5,23.5,20.0,15.0,9.0,STEEL,38.0,38.0,48.0,330.0,350.0,16.0,18.0,False,False,135.0,2.0,1.0,1.2,1.0,1.2,1.0,1.0,700.0,50.0,700.0,50.0,1.0,0,False,1.0,1.0,68.0,45.0,0.0,31.8,False,True,True,True,True,8.0,1,True,70.0,130.0,180,SPOKED,SPOKED,0.0,0.0,0.0,0.0,80.0,780.0,35.0,330.0,1.0
410,68,580,68,150,50,540.0,73.0,620.0,45.0,40.0,32.0,35.0,30.0,25.0,13.0,15.0,STEEL,35.0,40.0,50.0,330.0,350.0,16.0,18.0,False,False,135.0,2.0,0.9,1.1,0.9,1.2,1.0,0.9,700.0,23.0,700.0,23.0,1.0,2,False,1.0,1.0,68.0,45.0,28.6,31.8,True,True,True,True,True,8.0,1,True,65.0,105.0,225,SPOKED,SPOKED,0.0,0.0,1.1,1.1,280.0,750.0,34.9,350.0,1.0
413,70,583,69,155,50,540.0,73.0,623.0,45.0,40.0,32.0,35.0,30.0,25.0,13.0,15.0,STEEL,35.0,40.0,50.0,330.0,350.0,16.0,18.0,False,False,135.0,2.0,0.9,1.1,0.9,1.2,1.0,0.9,700.0,23.0,700.0,23.0,1.0,2,False,1.0,1.0,68.0,45.0,28.6,31.8,True,True,True,True,True,8.0,1,True,65.0,105.0,225,SPOKED,SPOKED,0.0,0.0,1.1,1.1,280.0,750.0,34.9,350.0,1.0
416,72,586,70,160,50,540.0,73.0,626.0,45.0,40.0,32.0,35.0,30.0,25.0,13.0,15.0,STEEL,35.0,40.0,50.0,330.0,350.0,16.0,18.0,False,False,135.0,2.0,0.9,1.1,0.9,1.2,1.0,0.9,700.0,23.0,700.0,23.0,1.0,2,False,1.0,1.0,68.0,45.0,28.6,31.8,True,True,True,True,True,8.0,1,True,65.0,105.0,225,SPOKED,SPOKED,0.0,0.0,1.1,1.1,280.0,750.0,34.9,350.0,1.0
419,68,589,71,165,50,540.0,73.0,629.0,45.0,40.0,32.0,35.0,30.0,25.0,13.0,15.0,STEEL,35.0,40.0,50.0,330.0,350.0,16.0,18.0,False,False,135.0,2.0,0.9,1.1,0.9,1.2,1.0,0.9,700.0,23.0,700.0,23.0,1.0,2,False,1.0,1.0,68.0,45.0,28.6,31.8,True,True,True,True,True,8.0,1,True,65.0,105.0,225,SPOKED,SPOKED,0.0,0.0,1.1,1.1,280.0,750.0,34.9,350.0,1.0
422,70,592,72,170,50,540.0,73.0,632.0,45.0,40.0,32.0,35.0,30.0,25.0,13.0,15.0,STEEL,35.0,40.0,50.0,330.0,350.0,16.0,18.0,False,False,135.0,2.0,0.9,1.1,0.9,1.2,1.0,0.9,700.0,23.0,700.0,23.0,1.0,2,False,1.0,1.0,68.0,45.0,28.6,31.8,True,True,True,True,True,8.0,1,True,65.0,105.0,225,SPOKED,SPOKED,0.0,0.0,1.1,1.1,280.0,750.0,34.9,350.0,1.0
425,72,595,68,175,50,540.0,73.0,635.0,45.0,40.0,32.0,35.0,30.0,25.0,13.0,15.0,STEEL,35.0,40.0,50.0,330.0,350.0,16.0,18.0,False,False,135.0,2.0,0.9,1.1,0.9,1.2,1.0,0.9,700.0,23.0,700.0,23.0,1.0,2,False,1.0,1.0,68.0,45.0,28.6,31.8,True,True,True,True,True,8.0,1,True,65.0,105.0,225,SPOKED,SPOKED,0.0,0.0,1.1,1.1,280.0,750.0,34.9,350.0,1.0
428,68,598,69,180,50,540.0,73.0,638.0,45.0,40.0,32.0,35.0,30.0,25.0,13.0,15.0,STEEL,35.0,40.0,50.0,330.0,350.0,16.0,18.0,False,False,135.0,2.0,0.9,1.1,0.9,1.2,1.0,0.9,700.0,23.0,700.0,23.0,1.0,2,False,1.0,1.0,68.0,45.0,28.6,31.8,True,True,True,True,True,8.0,1,True,65.0,105.0,225,SPOKED,SPOKED,0.0,0.0,1.1,1.1,280.0,750.0,34.9,350.0,1.0
431,70,601,70,185,50,540.0,73.0,641.0,45.0,40.0,32.0,35.0,30.0,25.0,13.0,15.0,STEEL,35.0,40.0,50.0,330.0,350.0,16.0,18.0,False,False,135.0,2.0,0.9,1.1,0.9,1.2,1.0,0.9,700.0,23.0,700.0,23.0,1.0,2,False,1.0,1.0,68.0,45.0,28.6,31.8,True,True,True,True,True,8.0,1,True,65.0,105.0,225,SPOKED,SPOKED,0.0,0.0,1.1,1.1,280.0,750.0,34.9,350.0,1.0
434,72,604,71,190,50,540.0,73.0,644.0,45.0,40.0,32.0,35.0,30.0,25.0,13.0,15.0,STEEL,35.0,40.0,50.0,330.0,350.0,16.0,18.0,False,False,135.0,2.0,0.9,1.1,0.9,1.2,1.0,0.9,700.0,23.0,700.0,23.0,1.0,2,False,1.0,1.0,68.0,45.0,28.6,31.8,True,True,True,True,True,8.0,1,True,65.0,105.0,225,SPOKED,SPOKED,0.0,0.0,1.1,1.1,280.0,750.0,34.9,350.0,1.0
437,68,607,72,195,50,540.0,73.0,647.0,45.0,40.0,32.0,35.0,30.0,25.0,13.0,15.0,STEEL,35.0,40.0,50.0,330.0,350.0,16.0,18.0,False,False,135.0,2.0,0.9,1.1,0.9,1.2,1.0,0.9,700.0,23.0,700.0,23.0,1.0,2,False,1.0,1.0,68.0,45.0,28.6,31.8,True,True,True,True,True,8.0,1,True,65.0,105.0,225,SPOKED,SPOKED,0.0,0.0,1.1,1.1,280.0,750.0,34.9,350.0,1.0
410.0,70.0,600.0,73.0,160.0,50.0,550.0,74.0,650.0,50.0,45.0,30.0,28.0,36.5,23.35,15.0,9.0,STEEL,30.0,45.0,45.0,330.0,350.0,16.0,18.0,True,False,135.0,2.0,0.9,1.1,0.9,1.2,1.0,0.9,680.0,52.0,680.0,52.0,0.0,1,False,1.0,1.0,68.0,45.0,0.0,31.8,False,False,True,True,True,8.0,2,True,65.0,105.0,225,SPOKED,SPOKED,0.0,0.0,0.0,0.0,300.0,760.0,34.9,300.0,1.0
405.0,75.0,610.0,72.5,170.0,55.0,555.0,73.5,655.0,52.0,45.0,30.0,28.0,36.5,23.35,16.0,10.0,STEEL,32.0,47.0,47.0,335.0,355.0,16.0,18.0,True,False,135.0,2.0,0.9,1.1,0.9,1.2,1.0,0.9,680.0,52.0,680.0,52.0,0.0,1,False,1.0,1.0,68.0,45.0,0.0,31.8,False,False,True,True,True,8.0,2,True,65.0,105.0,225,SPOKED,SPOKED,0.0,0.0,0.0,0.0,300.0,760.0,34.9,300.0,1.0
415.0,68.0,595.0,73.5,165.0,52.0,548.0,74.5,648.0,48.0,45.0,30.0,28.0,36.5,23.35,14.0,8.0,STEEL,29.0,42.0,48.0,328.0,348.0,16.0,18.0,True,False,135.0,2.0,0.9,1.1,0.9,1.2,1.0,0.9,680.0,52.0,680.0,52.0,0.0,1,False,1.0,1.0,68.0,45.0,0.0,31.8,False,False,True,True,True,8.0,2,True,65.0,105.0,225,SPOKED,SPOKED,0.0,0.0,0.0,0.0,300.0,760.0,34.9,300.0,1.0
408.0,73.0,605.0,72.0,155.0,48.0,545.0,73.0,660.0,55.0,45.0,30.0,28.0,36.5,23.35,17.0,11.0,STEEL,35.0,50.0,43.0,338.0,360.0,16.0,18.0,True,False,135.0,2.0,0.9,1.1,0.9,1.2,1.0,0.9,680.0,52.0,680.0,52.0,0.0,1,False,1.0,1.0,68.0,45.0,0.0,31.8,False,False,True,True,True,8.0,2,True,65.0,105.0,225,SPOKED,SPOKED,0.0,0.0,0.0,0.0,300.0,760.0,34.9,300.0,1.0
402.0,70.0,597.0,74.0,160.0,50.0,552.0,75.0,652.0,49.0,45.0,30.0,28.0,36.5,23.35,14.0,9.0,STEEL,31.0,44.0,46.0,330.0,350.0,16.0,18.0,True,False,135.0,2.0,0.9,1.1,0.9,1.2,1.0,0.9,680.0,52.0,680.0,52.0,0.0,1,False,1.0,1.0,68.0,45.0,0.0,31.8,False,False,True,True,True,8.0,2,True,65.0,105.0,225,SPOKED,SPOKED,0.0,0.0,0.0,0.0,300.0,760.0,34.9,300.0,1.0
405.0,68.0,602.0,72.8,158.0,49.0,549.0,73.8,645.0,51.0,45.0,30.0,28.0,36.5,23.35,15.0,10.0,STEEL,33.0,46.0,44.0,332.0,352.0,16.0,18.0,True,False,135.0,2.0,0.9,1.1,0.9,1.2,1.0,0.9,680.0,52.0,680.0,52.0,0.0,1,False,1.0,1.0,68.0,45.0,0.0,31.8,False,False,True,True,True,8.0,2,True,65.0,105.0,225,SPOKED,SPOKED,0.0,0.0,0.0,0.0,300.0,760.0,34.9,300.0,1.0
420.0,65.0,615.0,73.2,172.0,57.0,560.0,74.2,658.0,47.0,45.0,30.0,28.0,36.5,23.35,15.0,12.0,STEEL,34.0,49.0,45.0,340.0,360.0,16.0,18.0,True,False,135.0,2.0,0.9,1.1,0.9,1.2,1.0,0.9,680.0,52.0,680.0,52.0,0.0,1,False,1.0,1.0,68.0,45.0,0.0,31.8,False,False,True,True,True,8.0,2,True,65.0,105.0,225,SPOKED,SPOKED,0.0,0.0,0.0,0.0,300.0,760.0,34.9,300.0,1.0
395.0,75.0,590.0,72.0,150.0,45.0,540.0,73.0,640.0,46.0,45.0,30.0,28.0,36.5,23.35,13.0,8.0,STEEL,28.0,41.0,42.0,325.0,345.0,16.0,18.0,True,False,135.0,2.0,0.9,1.1,0.9,1.2,1.0,0.9,680.0,52.0,680.0,52.0,0.0,1,False,1.0,1.0,68.0,45.0,0.0,31.8,False,False,True,True,True,8.0,2,True,65.0,105.0,225,SPOKED,SPOKED,0.0,0.0,0.0,0.0,300.0,760.0,34.9,300.0,1.0
412.0,70.0,608.0,73.7,168.0,54.0,555.0,74.7,655.0,53.0,45.0,30.0,28.0,36.5,23.35,16.0,9.5,STEEL,31.5,47.5,46.5,334.0,354.0,16.0,18.0,True,False,135.0,2.0,0.9,1.1,0.9,1.2,1.0,0.9,680.0,52.0,680.0,52.0,0.0,1,False,1.0,1.0,68.0,45.0,0.0,31.8,False,False,True,True,True,8.0,2,True,65.0,105.0,225,SPOKED,SPOKED,0.0,0.0,0.0,0.0,300.0,760.0,34.9,300.0,1.0
397.0,72.0,600.0,72.5,162.0,53.0,550.0,73.3,650.0,52.0,45.0,30.0,28.0,36.5,23.35,15.0,10.5,STEEL,32.5,45.5,44.5,330.0,350.0,16.0,18.0,True,False,135.0,2.0,0.9,1.1,0.9,1.2,1.0,0.9,680.0,52.0,680.0,52.0,0.0,1,False,1.0,1.0,68.0,45.0,0.0,31.8,False,False,True,True,True,8.0,2,True,65.0,105.0,225,SPOKED,SPOKED,0.0,0.0,0.0,0.0,300.0,760.0,34.9,300.0,1.0
410,70,600,73.5,160,45,550.0,73.5,650.0,45.0,40.0,28.6,36.5,23.35,13.0,13.0,15.0,STEEL,30.0,45.0,45.0,330.0,350.0,16.0,18.0,False,False,135.0,2.0,0.9,1.1,0.9,1.2,1.0,0.9,674.0,52.0,674.0,52.0,0.0,2,False,1.0,1.0,68.0,45.0,45.0,31.8,False,True,False,False,True,8.0,1,True,100.0,149.0,237,SPOKED,SPOKED,0.0,0.0,0.0,0.0,280.0,750.0,34.9,300.0,1.0
420,65,610,74.0,150,45,560.0,74.0,660.0,45.0,40.0,28.6,36.5,23.35,13.0,13.0,15.0,STEEL,32.0,46.0,42.0,330.0,350.0,16.0,18.0,False,False,135.0,2.0,0.9,1.1,0.9,1.2,1.0,0.9,674.0,52.0,674.0,52.0,0.0,2,False,1.0,1.0,68.0,48.0,45.0,31.8,False,True,False,False,True,8.0,1,True,100.0,149.0,237,SPOKED,SPOKED,0.0,0.0,0.0,0.0,280.0,760.0,34.9,300.0,1.0
430,75,590,72.5,170,45,540.0,73.0,640.0,45.0,40.0,28.6,36.5,23.35,13.0,13.0,15.0,STEEL,28.0,43.0,50.0,330.0,350.0,16.0,18.0,False,False,135.0,2.0,0.9,1.1,0.9,1.2,1.0,0.9,674.0,52.0,674.0,52.0,0.0,2,False,1.0,1.0,68.0,45.0,45.0,31.8,False,True,False,False,True,8.0,1,True,100.0,149.0,237,SPOKED,SPOKED,0.0,0.0,0.0,0.0,280.0,740.0,34.9,300.0,1.0
415,68,605,73.0,155,45,555.0,73.2,655.0,45.0,40.0,28.6,36.5,23.35,13.0,13.0,15.0,STEEL,30.0,45.0,45.0,330.0,350.0,16.0,18.0,False,False,135.0,2.0,0.9,1.1,0.9,1.2,1.0,0.9,674.0,52.0,674.0,52.0,0.0,2,False,1.0,1.0,68.0,46.0,45.0,31.8,False,True,False,False,True,8.0,1,True,100.0,149.0,237,SPOKED,SPOKED,0.0,0.0,0.0,0.0,280.0,755.0,34.9,300.0,1.0
425,72,620,74.5,165,45,570.0,74.0,670.0,45.0,40.0,28.6,36.5,23.35,13.0,13.0,15.0,STEEL,31.0,47.0,48.0,330.0,350.0,16.0,18.0,False,False,135.0,2.0,0.9,1.1,0.9,1.2,1.0,0.9,674.0,52.0,674.0,52.0,0.0,2,False,1.0,1.0,68.0,47.0,45.0,31.8,False,True,False,False,True,8.0,1,True,100.0,149.0,237,SPOKED,SPOKED,0.0,0.0,0.0,0.0,280.0,765.0,34.9,300.0,1.0
435,70,600,73.0,160,45,550.0,73.5,650.0,45.0,40.0,28.6,36.5,23.35,13.0,13.0,15.0,STEEL,30.0,45.0,45.0,330.0,350.0,16.0,18.0,False,False,135.0,2.0,0.9,1.1,0.9,1.2,1.0,0.9,674.0,52.0,674.0,52.0,0.0,2,False,1.0,1.0,68.0,45.0,45.0,31.8,False,True,False,False,True,8.0,1,True,100.0,149.0,237,SPOKED,SPOKED,0.0,0.0,0.0,0.0,280.0,750.0,34.9,300.0,1.0
405,69,595,72.0,145,45,545.0,72.8,645.0,45.0,40.0,28.6,36.5,23.35,13.0,13.0,15.0,STEEL,29.0,44.0,48.0,330.0,350.0,16.0,18.0,False,False,135.0,2.0,0.9,1.1,0.9,1.2,1.0,0.9,674.0,52.0,674.0,52.0,0.0,2,False,1.0,1.0,68.0,44.0,45.0,31.8,False,True,False,False,True,8.0,1,True,100.0,149.0,237,SPOKED,SPOKED,0.0,0.0,0.0,0.0,280.0,745.0,34.9,300.0,1.0
440,66,615,73.8,158,45,565.0,73.7,675.0,45.0,40.0,28.6,36.5,23.35,13.0,13.0,15.0,STEEL,31.0,46.0,45.0,330.0,350.0,16.0,18.0,False,False,135.0,2.0,0.9,1.1,0.9,1.2,1.0,0.9,674.0,52.0,674.0,52.0,0.0,2,False,1.0,1.0,68.0,46.0,45.0,31.8,False,True,False,False,True,8.0,1,True,100.0,149.0,237,SPOKED,SPOKED,0.0,0.0,0.0,0.0,280.0,770.0,34.9,300.0,1.0
445,67,625,74.2,162,45,575.0,74.5,665.0,45.0,40.0,28.6,36.5,23.35,13.0,13.0,15.0,STEEL,32.0,48.0,46.0,330.0,350.0,16.0,18.0,False,False,135.0,2.0,0.9,1.1,0.9,1.2,1.0,0.9,674.0,52.0,674.0,52.0,0.0,2,False,1.0,1.0,68.0,48.0,45.0,31.8,False,True,False,False,True,8.0,1,True,100.0,149.0,237,SPOKED,SPOKED,0.0,0.0,0.0,0.0,280.0,780.0,34.9,300.0,1.0
450,63,585,71.5,140,45,530.0,73.0,635.0,45.0,40.0,28.6,36.5,23.35,13.0,13.0,15.0,STEEL,28.0,42.0,40.0,330.0,350.0,16.0,18.0,False,False,135.0,2.0,0.9,1.1,0.9,1.2,1.0,0.9,674.0,52.0,674.0,52.0,0.0,2,False,1.0,1.0,68.0,43.0,45.0,31.8,False,True,False,False,True,8.0,1,True,100.0,149.0,237,SPOKED,SPOKED,0.0,0.0,0.0,0.0,280.0,730.0,34.9,300.0,1.0
420.0,70.0,580.0,72.0,160.0,55.0,540.0,73.0,580.0,50.0,40.0,28.0,28.0,22.0,20.0,13.0,15.0,STEEL,30.0,52.0,40.0,0.0,0.0,0.0,0.0,False,False,130.0,1.2,1.1,1.1,1.2,1.0,0.9,1.2,700.0,25.0,700.0,25.0,0.0,1,False,1.0,1.0,68.0,34.0,0.0,31.8,False,True,True,True,True,8.0,1,True,65.0,105.0,225,SPOKED,SPOKED,0.0,0.0,0.0,0.0,280.0,760.0,28.6,300.0,1.0
425.0,65.0,590.0,73.0,155.0,50.0,550.0,72.5,570.0,52.0,40.0,28.5,28.0,21.5,20.5,13.0,15.0,STEEL,29.0,50.0,41.0,0.0,0.0,0.0,0.0,False,False,135.0,1.2,1.1,1.1,1.2,1.0,0.9,1.2,700.0,23.0,700.0,23.0,0.0,1,False,1.0,1.0,68.0,34.0,0.0,31.8,False,True,True,True,True,9.0,1,True,70.0,110.0,220,SPOKED,SPOKED,0.0,0.0,0.0,0.0,285.0,755.0,28.8,310.0,1.0
415.0,75.0,570.0,71.5,165.0,60.0,545.0,73.0,585.0,48.0,40.0,28.0,28.5,22.0,20.0,13.0,15.0,STEEL,31.0,51.0,42.0,0.0,0.0,0.0,0.0,False,False,130.0,1.2,1.1,1.1,1.2,1.0,0.9,1.2,700.0,25.0,700.0,25.0,0.0,1,False,1.0,1.0,68.0,34.0,0.0,31.8,False,True,True,True,True,7.0,1,True,60.0,100.0,210,SPOKED,SPOKED,0.0,0.0,0.0,0.0,300.0,750.0,29.0,290.0,1.0
430.0,70.0,600.0,72.5,150.0,55.0,560.0,72.0,590.0,54.0,40.0,28.2,28.0,21.8,20.2,13.0,15.0,STEEL,28.0,53.0,39.0,0.0,0.0,0.0,0.0,False,False,133.0,1.2,1.1,1.1,1.2,1.0,0.9,1.2,700.0,22.0,700.0,22.0,0.0,1,False,1.0,1.0,68.0,34.0,0.0,31.8,False,True,True,True,True,10.0,1,True,75.0,120.0,230,SPOKED,SPOKED,0.0,0.0,0.0,0.0,270.0,770.0,28.4,320.0,1.0
410.0,68.0,575.0,73.0,158.0,52.0,530.0,73.5,575.0,49.0,40.0,28.0,29.0,22.2,20.3,13.0,15.0,STEEL,30.0,54.0,40.0,0.0,0.0,0.0,0.0,False,False,132.0,1.2,1.1,1.1,1.2,1.0,0.9,1.2,700.0,24.0,700.0,24.0,0.0,1,False,1.0,1.0,68.0,34.0,0.0,31.8,False,True,True,True,True,8.0,1,True,68.0,105.0,220,SPOKED,SPOKED,0.0,0.0,0.0,0.0,285.0,745.0,28.7,305.0,1.0
428.0,72.0,585.0,71.0,162.0,58.0,555.0,71.5,590.0,51.0,40.0,28.4,28.0,22.1,20.1,13.0,15.0,STEEL,32.0,52.0,38.0,0.0,0.0,0.0,0.0,False,False,131.0,1.2,1.1,1.1,1.2,1.0,0.9,1.2,700.0,25.0,700.0,25.0,0.0,1,False,1.0,1.0,68.0,34.0,0.0,31.8,False,True,True,True,True,9.0,1,True,63.0,108.0,215,SPOKED,SPOKED,0.0,0.0,0.0,0.0,290.0,758.0,28.9,295.0,1.0
422.0,69.0,565.0,73.5,148.0,56.0,525.0,72.5,572.0,53.0,40.0,28.1,28.0,21.9,20.4,13.0,15.0,STEEL,29.5,49.0,39.5,0.0,0.0,0.0,0.0,False,False,130.0,1.2,1.1,1.1,1.2,1.0,0.9,1.2,700.0,22.0,700.0,22.0,0.0,1,False,1.0,1.0,68.0,34.0,0.0,31.8,False,True,True,True,True,7.0,1,True,69.0,115.0,205,SPOKED,SPOKED,0.0,0.0,0.0,0.0,295.0,748.0,28.2,315.0,1.0
418.0,67.0,595.0,71.0,170.0,53.0,535.0,73.0,579.0,47.0,40.0,28.3,28.0,21.7,20.6,13.0,15.0,STEEL,33.0,55.0,43.0,0.0,0.0,0.0,0.0,False,False,130.0,1.2,1.1,1.1,1.2,1.0,0.9,1.2,700.0,26.0,700.0,26.0,0.0,1,False,1.0,1.0,68.0,34.0,0.0,31.8,False,True,True,True,True,10.0,1,True,72.0,118.0,212,SPOKED,SPOKED,0.0,0.0,0.0,0.0,275.0,737.0,28.5,280.0,1.0
412.0,74.0,565.0,72.0,142.0,58.0,520.0,73.0,565.0,49.0,40.0,28.2,28.0,22.4,20.0,13.0,15.0,STEEL,26.0,48.0,38.0,0.0,0.0,0.0,0.0,False,False,130.0,1.2,1.1,1.1,1.2,1.0,0.9,1.2,700.0,24.0,700.0,24.0,0.0,1,False,1.0,1.0,68.0,34.0,0.0,31.8,False,True,True,True,True,8.0,1,True,68.0,105.0,225,SPOKED,SPOKED,0.0,0.0,0.0,0.0,285.0,765.0,28.6,300.0,1.0
435.0,66.0,605.0,71.5,175.0,57.0,565.0,72.0,600.0,46.0,40.0,27.8,28.0,21.6,20.7,13.0,15.0,STEEL,35.0,56.0,36.0,0.0,0.0,0.0,0.0,False,False,130.0,1.2,1.1,1.1,1.2,1.0,0.9,1.2,700.0,25.0,700.0,25.0,0.0,1,False,1.0,1.0,68.0,34.0,0.0,31.8,False,True,True,True,True,9.0,1,True,65.0,115.0,230,SPOKED,SPOKED,0.0,0.0,0.0,0.0,275.0,780.0,28.0,320.0,1.0
415.0,70.0,580.0,73.0,180.0,45.0,560.0,73.0,630.0,45.0,45.0,560.0,34.9,36.5,36.5,13.0,15.0,STEEL,35.0,40.0,50.0,330.0,350.0,16.0,18.0,False,False,130.0,2.0,0.9,1.1,0.9,1.2,1.0,0.9,690.0,50.0,690.0,50.0,0.0,1,False,1.0,1.0,68.0,45.0,0.0,31.8,False,False,False,False,True,7.0,1,False,65.0,105.0,225.0,SPOKED,SPOKED,0.0,0.0,0.0,0.0,280.0,760.0,34.9,300.0,1.0
420.0,68.0,575.0,72.5,170.0,50.0,555.0,73.5,625.0,47.0,45.0,565.0,35.0,36.0,36.5,14.0,14.0,STEEL,36.0,42.0,48.0,330.0,350.0,16.0,18.0,False,False,130.0,2.0,0.9,1.1,0.9,1.2,1.0,0.9,690.0,50.0,690.0,50.0,0.0,2,False,1.0,1.0,68.0,45.0,0.0,31.8,False,False,False,False,True,8.0,1,False,65.0,105.0,225.0,SPOKED,SPOKED,0.0,0.0,0.0,0.0,280.0,760.0,34.9,300.0,1.0
410.0,70.0,590.0,73.5,185.0,48.0,565.0,72.8,640.0,44.0,45.0,555.0,34.5,37.0,36.0,13.0,15.0,STEEL,34.0,40.0,52.0,330.0,350.0,16.0,18.0,False,False,130.0,2.0,0.9,1.1,0.9,1.2,1.0,0.9,690.0,50.0,690.0,50.0,0.0,1,False,1.0,1.0,68.0,45.0,0.0,31.8,False,False,False,False,True,9.0,1,False,65.0,105.0,225.0,SPOKED,SPOKED,0.0,0.0,0.0,0.0,280.0,760.0,34.9,300.0,1.0
430.0,69.0,565.0,72.8,160.0,46.0,550.0,73.2,620.0,46.0,45.0,570.0,35.2,36.5,37.0,12.0,15.0,STEEL,37.0,38.0,49.0,330.0,350.0,16.0,18.0,False,False,130.0,2.0,0.9,1.1,0.9,1.2,1.0,0.9,690.0,50.0,690.0,50.0,0.0,0,False,1.0,1.0,68.0,45.0,0.0,31.8,False,False,False,False,True,7.0,1,False,65.0,105.0,225.0,SPOKED,SPOKED,0.0,0.0,0.0,0.0,280.0,760.0,34.9,300.0,1.0
425.0,67.0,580.0,73.0,175.0,47.0,568.0,73.8,635.0,45.0,45.0,568.0,34.8,36.2,36.7,13.0,15.0,STEEL,35.0,42.0,51.0,330.0,350.0,16.0,18.0,False,False,130.0,2.0,0.9,1.1,0.9,1.2,1.0,0.9,690.0,50.0,690.0,50.0,0.0,2,False,1.0,1.0,68.0,45.0,0.0,31.8,False,False,False,False,True,8.0,1,False,65.0,105.0,225.0,SPOKED,SPOKED,0.0,0.0,0.0,0.0,280.0,760.0,34.9,300.0,1.0
415.0,70.0,590.0,73.2,190.0,50.0,575.0,74.0,645.0,45.0,45.0,582.0,35.0,37.0,36.5,14.0,16.0,STEEL,36.0,43.0,50.0,330.0,350.0,16.0,18.0,False,False,130.0,2.0,0.9,1.1,0.9,1.2,1.0,0.9,690.0,50.0,690.0,50.0,0.0,1,False,1.0,1.0,68.0,45.0,0.0,31.8,False,False,False,False,True,9.0,1,False,65.0,105.0,225.0,SPOKED,SPOKED,0.0,0.0,0.0,0.0,280.0,760.0,34.9,300.0,1.0
440.0,66.0,570.0,72.6,165.0,44.0,552.0,73.0,615.0,48.0,45.0,572.0,34.6,36.5,36.8,13.5,14.5,STEEL,35.5,40.5,49.5,330.0,350.0,16.0,18.0,False,False,130.0,2.0,0.9,1.1,0.9,1.2,1.0,0.9,690.0,50.0,690.0,50.0,0.0,2,False,1.0,1.0,68.0,45.0,0.0,31.8,False,False,False,False,True,7.0,1,False,65.0,105.0,225.0,SPOKED,SPOKED,0.0,0.0,0.0,0.0,280.0,760.0,34.9,300.0,1.0
405.0,68.0,565.0,73.4,155.0,45.0,558.0,72.7,620.0,47.0,45.0,562.0,34.7,36.4,36.3,13.0,15.0,STEEL,34.8,41.2,50.2,330.0,350.0,16.0,18.0,False,False,130.0,2.0,0.9,1.1,0.9,1.2,1.0,0.9,690.0,50.0,690.0,50.0,0.0,1,False,1.0,1.0,68.0,45.0,0.0,31.8,False,False,False,False,True,8.0,1,False,65.0,105.0,225.0,SPOKED,SPOKED,0.0,0.0,0.0,0.0,280.0,760.0,34.9,300.0,1.0
435.0,67.0,580.0,73.1,185.0,49.0,565.0,73.9,630.0,46.0,45.0,570.0,35.1,36.6,36.4,13.0,15.0,STEEL,36.5,42.0,50.5,330.0,350.0,16.0,18.0,False,False,130.0,2.0,0.9,1.1,0.9,1.2,1.0,0.9,690.0,50.0,690.0,50.0,0.0,0,False,1.0,1.0,68.0,45.0,0.0,31.8,False,False,False,False,True,9.0,1,False,65.0,105.0,225.0,SPOKED,SPOKED,0.0,0.0,0.0,0.0,280.0,760.0,34.9,300.0,1.0
420.0,69.0,575.0,72.9,170.0,46.0,560.0,73.3,625.0,45.0,45.0,566.0,34.9,36.5,36.5,14.0,15.0,STEEL,35.0,40.0,49.0,330.0,350.0,16.0,18.0,False,False,130.0,2.0,0.9,1.1,0.9,1.2,1.0,0.9,690.0,50.0,690.0,50.0,0.0,2,False,1.0,1.0,68.0,45.0,0.0,31.8,False,False,False,False,True,7.0,1,False,65.0,105.0,225.0,SPOKED,SPOKED,0.0,0.0,0.0,0.0,280.0,760.0,34.9,300.0,1.0
400.0,65.0,600.0,73.0,140.0,60.0,550.0,73.5,640.0,45.0,45.0,40.0,28.6,36.5,23.35,13.0,15.0,STEEL,25.0,40.0,35.0,330.0,350.0,16.0,18.0,False,False,135.0,2.0,0.9,1.1,0.9,1.2,1.0,0.9,680.0,52.0,680.0,52.0,1.0,0,False,1.0,1.0,68.0,45.0,0.0,31.8,False,False,False,False,True,7.0,1,False,102.0,178.0,255,SPOKED,SPOKED,0.0,0.0,0.0,0.0,280.0,80.0,34.9,700.0,1.0
410.0,68.0,610.0,72.5,150.0,70.0,560.0,73.0,650.0,48.0,50.0,45.0,28.6,36.5,23.35,13.0,15.0,STEEL,30.0,45.0,40.0,330.0,350.0,16.0,18.0,False,False,135.0,2.0,0.9,1.1,0.9,1.2,1.0,0.9,680.0,52.0,680.0,52.0,1.0,1,False,1.0,1.0,68.0,45.0,0.0,31.8,False,False,False,False,True,8.0,1,False,102.0,178.0,255,SPOKED,SPOKED,0.0,0.0,0.0,0.0,280.0,80.0,34.9,700.0,1.0
420.0,70.0,620.0,72.0,160.0,80.0,570.0,74.0,660.0,46.0,45.0,40.0,28.6,36.5,23.35,13.0,15.0,STEEL,35.0,42.0,45.0,330.0,350.0,16.0,18.0,False,False,135.0,2.0,0.9,1.1,0.9,1.2,1.0,0.9,680.0,52.0,680.0,52.0,1.0,2,False,1.0,1.0,68.0,45.0,0.0,31.8,False,False,False,False,True,9.0,1,False,102.0,178.0,255,SPOKED,SPOKED,0.0,0.0,0.0,0.0,280.0,80.0,34.9,700.0,1.0
390.0,65.0,590.0,74.0,130.0,55.0,520.0,74.5,630.0,44.0,45.0,40.0,28.6,36.5,23.35,13.0,15.0,STEEL,28.0,38.0,33.0,330.0,350.0,16.0,18.0,False,False,135.0,2.0,0.9,1.1,0.9,1.2,1.0,0.9,680.0,52.0,680.0,52.0,1.0,0,False,1.0,1.0,68.0,45.0,0.0,31.8,False,False,False,False,True,7.0,1,False,102.0,178.0,255,SPOKED,SPOKED,0.0,0.0,0.0,0.0,280.0,80.0,34.9,700.0,1.0
405.0,66.0,605.0,73.5,145.0,65.0,555.0,73.0,645.0,47.0,45.0,45.0,28.6,36.5,23.35,13.0,15.0,STEEL,32.0,44.0,38.0,330.0,350.0,16.0,18.0,False,False,135.0,2.0,0.9,1.1,0.9,1.2,1.0,0.9,680.0,52.0,680.0,52.0,1.0,1,False,1.0,1.0,68.0,45.0,0.0,31.8,False,False,False,False,True,8.0,1,False,102.0,178.0,255,SPOKED,SPOKED,0.0,0.0,0.0,0.0,280.0,80.0,34.9,700.0,1.0
430.0,69.0,630.0,72.0,155.0,75.0,580.0,73.5,670.0,50.0,50.0,40.0,28.6,36.5,23.35,13.0,15.0,STEEL,38.0,48.0,42.0,330.0,350.0,16.0,18.0,False,False,135.0,2.0,0.9,1.1,0.9,1.2,1.0,0.9,680.0,52.0,680.0,52.0,1.0,2,False,1.0,1.0,68.0,45.0,0.0,31.8,False,False,False,False,True,9.0,1,False,102.0,178.0,255,SPOKED,SPOKED,0.0,0.0,0.0,0.0,280.0,80.0,34.9,700.0,1.0
395.0,67.0,595.0,73.0,135.0,58.0,540.0,74.0,635.0,43.0,45.0,45.0,28.6,36.5,23.35,13.0,15.0,STEEL,26.0,41.0,36.0,330.0,350.0,16.0,18.0,False,False,135.0,2.0,0.9,1.1,0.9,1.2,1.0,0.9,680.0,52.0,680.0,52.0,1.0,0,False,1.0,1.0,68.0,45.0,0.0,31.8,False,False,False,False,True,7.0,1,False,102.0,178.0,255,SPOKED,SPOKED,0.0,0.0,0.0,0.0,280.0,80.0,34.9,700.0,1.0
415.0,66.5,615.0,72.5,148.0,68.0,565.0,73.0,655.0,49.0,50.0,40.0,28.6,36.5,23.35,13.0,15.0,STEEL,34.0,43.0,40.0,330.0,350.0,16.0,18.0,False,False,135.0,2.0,0.9,1.1,0.9,1.2,1.0,0.9,680.0,52.0,680.0,52.0,1.0,1,False,1.0,1.0,68.0,45.0,0.0,31.8,False,False,False,False,True,8.0,1,False,102.0,178.0,255,SPOKED,SPOKED,0.0,0.0,0.0,0.0,280.0,80.0,34.9,700.0,1.0
425.0,68.5,625.0,72.0,162.0,78.0,575.0,73.5,665.0,45.0,45.0,45.0,28.6,36.5,23.35,13.0,15.0,STEEL,36.0,46.0,43.0,330.0,350.0,16.0,18.0,False,False,135.0,2.0,0.9,1.1,0.9,1.2,1.0,0.9,680.0,52.0,680.0,52.0,1.0,2,False,1.0,1.0,68.0,45.0,0.0,31.8,False,False,False,False,True,9.0,1,False,102.0,178.0,255,SPOKED,SPOKED,0.0,0.0,0.0,0.0,280.0,80.0,34.9,700.0,1.0
405.0,65.5,605.0,73.5,142.0,62.0,550.0,74.0,645.0,46.0,45.0,40.0,28.6,36.5,23.35,13.0,15.0,STEEL,29.0,39.0,34.0,330.0,350.0,16.0,18.0,False,False,135.0,2.0,0.9,1.1,0.9,1.2,1.0,0.9,680.0,52.0,680.0,52.0,1.0,0,False,1.0,1.0,68.0,45.0,0.0,31.8,False,False,False,False,True,7.0,1,False,102.0,178.0,255,SPOKED,SPOKED,0.0,0.0,0.0,0.0,280.0,80.0,34.9,700.0,1.0
400.0,70.0,580.0,72.0,140.0,45.0,540.0,72.0,650.0,45.0,40.0,28.6,36.5,23.35,23.35,13.0,15.0,STEEL,35.0,50.0,45.0,0.0,0.0,0.0,0.0,False,False,135.0,2.0,0.9,1.1,1.3,0.9,0.9,0.9,680.0,58.0,680.0,58.0,0.0,1,False,1.0,1.0,68.0,45.0,0.0,31.8,False,True,True,True,True,8.0,1,True,100.0,149.0,237,SPOKED,SPOKED,0.0,0.0,0.0,0.0,300.0,300.0,34.9,300.0,1.0
405.0,70.0,585.0,72.2,142.0,45.0,545.0,72.0,651.0,45.0,40.0,28.6,36.5,23.35,23.35,13.0,14.0,STEEL,35.0,50.0,45.0,0.0,0.0,0.0,0.0,False,False,135.0,2.0,0.9,1.0,1.2,0.9,1.0,1.0,680.0,60.0,680.0,60.0,0.0,1,False,1.0,1.0,68.0,45.0,0.0,31.8,False,True,True,True,True,8.0,1,True,100.0,149.0,237,SPOKED,SPOKED,0.0,0.0,0.0,0.0,310.0,305.0,34.9,305.0,1.0
410.0,70.0,590.0,72.4,144.0,45.0,550.0,72.0,652.0,45.0,40.0,28.6,36.5,23.35,23.35,13.0,16.0,STEEL,35.0,50.0,45.0,0.0,0.0,0.0,0.0,False,False,135.0,2.0,1.0,1.1,1.3,0.9,1.0,0.9,680.0,62.0,680.0,62.0,0.0,1,False,1.0,1.0,68.0,45.0,0.0,31.8,False,True,True,True,True,8.0,1,True,100.0,149.0,237,SPOKED,SPOKED,0.0,0.0,0.0,0.0,320.0,310.0,34.9,310.0,1.0
415.0,70.0,595.0,72.6,146.0,45.0,555.0,72.0,653.0,45.0,40.0,28.6,36.5,23.35,23.35,13.0,15.0,STEEL,35.0,50.0,45.0,0.0,0.0,0.0,0.0,False,False,140.0,2.0,0.8,1.2,1.3,1.0,0.9,0.9,680.0,58.0,680.0,58.0,0.0,1,False,1.0,1.0,68.0,45.0,0.0,31.8,False,True,True,True,True,8.0,1,True,100.0,149.0,237,SPOKED,SPOKED,0.0,0.0,0.0,0.0,330.0,315.0,34.9,315.0,1.0
420.0,70.0,600.0,72.8,148.0,45.0,560.0,72.0,654.0,45.0,40.0,28.6,36.5,23.35,23.35,13.0,14.0,STEEL,35.0,50.0,45.0,0.0,0.0,0.0,0.0,False,False,140.0,2.0,0.9,1.1,1.4,0.9,1.0,0.9,680.0,60.0,680.0,60.0,0.0,1,False,1.0,1.0,68.0,45.0,0.0,31.8,False,True,True,True,True,8.0,1,True,100.0,149.0,237,SPOKED,SPOKED,0.0,0.0,0.0,0.0,340.0,320.0,34.9,320.0,1.0
425.0,70.0,605.0,73.0,150.0,45.0,565.0,72.0,655.0,45.0,40.0,28.6,36.5,23.35,23.35,13.0,16.0,STEEL,35.0,50.0,45.0,0.0,0.0,0.0,0.0,False,False,140.0,2.0,1.0,1.1,1.3,0.9,0.9,1.0,680.0,62.0,680.0,62.0,0.0,1,False,1.0,1.0,68.0,45.0,0.0,31.8,False,True,True,True,True,8.0,1,True,100.0,149.0,237,SPOKED,SPOKED,0.0,0.0,0.0,0.0,350.0,325.0,34.9,325.0,1.0
430.0,70.0,610.0,73.2,152.0,45.0,570.0,72.0,656.0,45.0,40.0,28.6,36.5,23.35,23.35,13.0,15.0,STEEL,35.0,50.0,45.0,0.0,0.0,0.0,0.0,False,False,135.0,2.0,0.9,1.2,1.3,0.9,0.9,0.9,680.0,60.0,680.0,60.0,0.0,1,False,1.0,1.0,68.0,45.0,0.0,31.8,False,True,True,True,True,8.0,1,True,100.0,149.0,237,SPOKED,SPOKED,0.0,0.0,0.0,0.0,360.0,330.0,34.9,330.0,1.0
435.0,70.0,615.0,73.4,154.0,45.0,575.0,72.0,657.0,45.0,40.0,28.6,36.5,23.35,23.35,13.0,14.0,STEEL,35.0,50.0,45.0,0.0,0.0,0.0,0.0,False,False,135.0,2.0,0.8,1.1,1.2,0.9,1.0,0.9,680.0,62.0,680.0,62.0,0.0,1,False,1.0,1.0,68.0,45.0,0.0,31.8,False,True,True,True,True,8.0,1,True,100.0,149.0,237,SPOKED,SPOKED,0.0,0.0,0.0,0.0,370.0,335.0,34.9,335.0,1.0
440.0,70.0,620.0,73.6,156.0,45.0,580.0,72.0,658.0,45.0,40.0,28.6,36.5,23.35,23.35,13.0,16.0,STEEL,35.0,50.0,45.0,0.0,0.0,0.0,0.0,False,False,140.0,2.0,0.9,1.0,1.3,0.9,1.0,1.0,680.0,58.0,680.0,58.0,0.0,1,False,1.0,1.0,68.0,45.0,0.0,31.8,False,True,True,True,True,8.0,1,True,100.0,149.0,237,SPOKED,SPOKED,0.0,0.0,0.0,0.0,380.0,340.0,34.9,340.0,1.0
445.0,70.0,625.0,73.8,158.0,45.0,585.0,72.0,659.0,45.0,40.0,28.6,36.5,23.35,23.35,13.0,15.0,STEEL,35.0,50.0,45.0,0.0,0.0,0.0,0.0,False,False,140.0,2.0,1.0,1.1,1.4,1.0,1.0,0.9,680.0,60.0,680.0,60.0,0.0,1,False,1.0,1.0,68.0,45.0,0.0,31.8,False,True,True,True,True,8.0,1,True,100.0,149.0,237,SPOKED,SPOKED,0.0,0.0,0.0,0.0,390.0,345.0,34.9,345.0,1.0
400.0,70.0,600.0,72.0,150.0,45.0,550.0,73.0,650.0,45.0,40.0,28.0,36.0,36.0,36.0,13.0,15.0,STEEL,35.0,45.0,50.0,330.0,350.0,16.0,18.0,False,False,135.0,2.0,1.1,0.9,1.1,1.2,1.0,0.9,680.0,120.0,680.0,120.0,0.0,1,False,1.0,1.0,68.0,45.0,0.0,31.8,False,False,True,True,True,8.0,1,True,65.0,105.0,225,SPOKED,SPOKED,0.0,0.0,0.0,0.0,278.0,760.0,34.9,330.0,1.0
405.0,72.0,605.0,73.0,155.0,50.0,555.0,72.5,655.0,43.0,40.0,28.0,36.0,36.0,36.0,13.0,15.0,STEEL,36.0,46.0,50.0,330.0,350.0,16.0,18.0,False,False,135.0,2.0,1.0,0.9,1.1,1.2,1.0,0.9,680.0,120.0,680.0,120.0,0.0,2,False,1.0,1.0,68.0,45.0,0.0,31.8,False,False,True,True,True,8.0,1,True,65.0,105.0,225,SPOKED,SPOKED,0.0,0.0,0.0,0.0,278.0,755.0,34.9,330.0,1.0
410.0,68.0,610.0,71.5,160.0,40.0,545.0,74.0,645.0,47.0,40.0,28.0,36.0,36.0,36.0,13.0,15.0,STEEL,38.0,44.0,50.0,330.0,350.0,16.0,18.0,False,False,135.0,2.0,1.1,0.9,1.0,1.2,1.0,0.9,680.0,120.0,680.0,120.0,0.0,2,False,1.0,1.0,68.0,45.0,0.0,31.8,False,False,True,True,True,8.0,1,True,65.0,105.0,225,SPOKED,SPOKED,0.0,0.0,0.0,0.0,278.0,765.0,34.9,330.0,1.0
415.0,75.0,590.0,72.5,148.0,47.0,558.0,73.5,648.0,44.0,40.0,28.0,36.0,36.0,36.0,13.0,15.0,STEEL,34.0,45.0,50.0,330.0,350.0,16.0,18.0,False,False,135.0,2.0,0.9,1.0,1.1,1.2,1.0,0.9,680.0,120.0,680.0,120.0,0.0,1,False,1.0,1.0,68.0,45.0,0.0,31.8,False,False,True,True,True,8.0,1,True,65.0,105.0,225,SPOKED,SPOKED,0.0,0.0,0.0,0.0,278.0,752.0,34.9,330.0,1.0
420.0,70.0,598.0,72.0,152.0,46.0,552.0,73.0,652.0,46.0,40.0,28.0,36.0,36.0,36.0,13.0,15.0,STEEL,35.5,45.5,50.0,330.0,350.0,16.0,18.0,False,False,135.0,2.0,1.1,0.9,1.1,1.2,1.0,0.9,680.0,120.0,680.0,120.0,0.0,1,False,1.0,1.0,68.0,45.0,0.0,31.8,False,False,True,True,True,8.0,1,True,65.0,105.0,225,SPOKED,SPOKED,0.0,0.0,0.0,0.0,278.0,760.0,34.9,330.0,1.0
425.0,69.0,602.0,73.5,158.0,48.0,547.0,72.0,658.0,42.0,40.0,28.0,36.0,36.0,36.0,13.0,15.0,STEEL,37.0,47.0,49.0,330.0,350.0,15.0,17.0,True,True,135.0,2.0,1.0,0.9,1.1,1.2,1.0,0.9,680.0,120.0,680.0,120.0,0.0,2,False,1.0,1.0,68.0,45.0,0.0,31.8,False,False,True,True,True,8.0,1,True,65.0,105.0,225,SPOKED,SPOKED,0.0,0.0,0.0,0.0,278.0,758.0,34.9,330.0,1.0
430.0,73.0,606.0,70.5,162.0,44.0,554.0,73.2,660.0,45.0,40.0,28.0,36.0,36.0,36.0,13.0,15.0,STEEL,38.5,45.0,50.0,330.0,350.0,16.0,18.0,False,False,135.0,2.0,1.1,0.9,1.1,1.2,1.0,0.9,680.0,120.0,680.0,120.0,0.0,1,False,1.0,3.0,68.0,45.0,0.0,31.8,False,False,True,True,True,8.0,1,True,65.0,105.0,225,SPOKED,SPOKED,0.0,0.0,0.0,0.0,278.0,761.0,34.9,330.0,1.0
435.0,71.0,599.0,71.0,149.0,43.0,549.0,73.8,647.0,48.0,40.0,28.0,36.0,36.0,36.0,13.0,15.0,STEEL,36.0,44.0,51.0,330.0,350.0,16.0,18.0,False,False,135.0,2.0,1.0,0.9,1.1,1.2,1.0,0.9,691.0,125.0,691.0,125.0,0.0,2,False,1.0,1.0,68.0,45.0,0.0,31.8,False,False,True,True,True,8.0,1,True,65.0,105.0,225,SPOKED,SPOKED,0.0,0.0,0.0,0.0,278.0,755.0,34.9,330.0,1.0
440.0,74.0,604.0,72.8,157.0,51.0,560.0,72.7,653.0,44.0,40.0,28.0,36.0,36.0,36.0,13.0,15.0,STEEL,37.5,47.0,48.0,330.0,350.0,16.0,18.0,False,False,135.0,2.0,1.1,0.9,1.1,1.2,1.0,0.9,680.0,120.0,680.0,120.0,0.0,1,False,1.0,1.0,68.0,45.0,0.0,31.8,False,False,True,True,True,8.0,1,True,65.0,105.0,225,SPOKED,SPOKED,0.0,0.0,0.0,0.0,278.0,763.0,34.9,330.0,1.0
445.0,70.0,600.0,73.2,154.0,45.0,550.0,73.0,650.0,45.0,40.0,28.0,36.0,36.0,36.0,13.0,15.0,STEEL,35.0,45.0,50.0,330.0,350.0,16.0,18.0,False,False,135.0,2.0,0.9,1.0,1.1,1.2,1.0,0.9,680.0,120.0,680.0,120.0,0.0,2,False,1.0,1.0,68.0,45.0,0.0,31.8,False,False,True,True,True,8.0,1,True,65.0,105.0,225,SPOKED,SPOKED,0.0,0.0,0.0,0.0,278.0,760.0,34.9,330.0,1.0
500.0,75.0,670.0,72.0,200.0,50.0,540.0,72.0,660.0,50.0,40.0,28.6,36.5,23.35,13.0,15.0,9.0,STEEL,33.0,40.0,49.0,330.0,350.0,16.0,18.0,False,False,130.0,2.0,0.9,1.1,0.9,1.2,1.0,0.9,680.0,121.0,680.0,121.0,0.0,0,False,1.0,1.0,68.0,45.0,0.0,31.8,False,True,True,True,True,7.0,1,True,103.0,155.0,239,SPOKED,SPOKED,1.0,1.0,80.0,80.0,278.0,760.0,34.9,300.0,1.0
495.0,73.0,665.0,73.0,190.0,55.0,550.0,71.0,655.0,55.0,40.0,28.6,36.5,23.35,13.0,15.0,9.0,STEEL,32.0,40.0,48.0,330.0,350.0,16.0,18.0,False,False,135.0,2.0,0.9,1.1,0.9,1.2,1.0,0.9,680.0,121.0,680.0,121.0,0.0,0,False,1.0,1.0,68.0,45.0,0.0,31.8,False,True,True,True,True,7.0,1,True,100.0,150.0,240,SPOKED,SPOKED,1.0,1.0,80.0,80.0,278.0,760.0,34.9,300.0,1.0
510.0,70.0,680.0,71.0,205.0,48.0,535.0,73.0,670.0,52.0,40.0,28.6,36.5,23.35,13.0,15.0,9.0,STEEL,34.0,40.0,50.0,330.0,350.0,16.0,18.0,False,False,130.0,2.0,0.9,1.1,0.9,1.2,1.0,0.9,680.0,121.0,680.0,121.0,0.0,0,False,1.0,1.0,68.0,45.0,0.0,31.8,False,True,True,True,True,7.0,1,True,110.0,160.0,245,SPOKED,SPOKED,1.0,1.0,80.0,80.0,278.0,760.0,34.9,300.0,1.0
480.0,75.0,672.0,72.5,195.0,53.0,545.0,70.5,662.0,51.0,40.0,28.6,36.5,23.35,13.0,15.0,9.0,STEEL,31.0,40.0,49.5,330.0,350.0,16.0,18.0,False,False,135.0,2.0,0.9,1.1,0.9,1.2,1.0,0.9,680.0,121.0,680.0,121.0,0.0,0,False,1.0,1.0,68.0,45.0,0.0,31.8,False,True,True,True,True,7.0,1,True,105.0,155.0,242,SPOKED,SPOKED,1.0,1.0,80.0,80.0,278.0,760.0,34.9,300.0,1.0
505.0,72.0,668.0,72.0,198.0,52.0,538.0,71.5,658.0,53.0,40.0,28.6,36.5,23.35,13.0,15.0,9.0,STEEL,33.0,40.0,49.0,330.0,350.0,16.0,18.0,False,False,130.0,2.0,0.9,1.1,0.9,1.2,1.0,0.9,680.0,121.0,680.0,121.0,0.0,0,False,1.0,1.0,68.0,45.0,0.0,31.8,False,True,True,True,True,7.0,1,True,95.0,145.0,235,SPOKED,SPOKED,1.0,1.0,80.0,80.0,278.0,760.0,34.9,300.0,1.0
490.0,74.0,670.0,72.0,202.0,50.0,540.0,72.5,660.0,50.0,40.0,28.6,36.5,23.35,13.0,15.0,9.0,STEEL,33.0,40.0,49.0,330.0,350.0,16.0,18.0,False,False,135.0,2.0,0.9,1.1,0.9,1.2,1.0,0.9,680.0,121.0,680.0,121.0,0.0,0,False,1.0,1.0,68.0,45.0,0.0,31.8,False,True,True,True,True,7.0,1,True,107.0,150.0,237,SPOKED,SPOKED,1.0,1.0,80.0,80.0,278.0,760.0,34.9,300.0,1.0
520.0,70.0,675.0,71.5,210.0,47.0,530.0,73.0,668.0,55.0,40.0,28.6,36.5,23.35,13.0,15.0,9.0,STEEL,36.0,40.0,51.0,330.0,350.0,16.0,18.0,False,False,130.0,2.0,0.9,1.1,0.9,1.2,1.0,0.9,680.0,121.0,680.0,121.0,0.0,0,False,1.0,1.0,68.0,45.0,0.0,31.8,False,True,True,True,True,7.0,1,True,102.0,148.0,240,SPOKED,SPOKED,1.0,1.0,80.0,80.0,278.0,760.0,34.9,300.0,1.0
485.0,73.0,667.0,73.0,192.0,54.0,548.0,71.0,663.0,52.0,40.0,28.6,36.5,23.35,13.0,15.0,9.0,STEEL,32.0,40.0,48.0,330.0,350.0,16.0,18.0,False,False,135.0,2.0,0.9,1.1,0.9,1.2,1.0,0.9,680.0,121.0,680.0,121.0,0.0,0,False,1.0,1.0,68.0,45.0,0.0,31.8,False,True,True,True,True,7.0,1,True,110.0,155.0,238,SPOKED,SPOKED,1.0,1.0,80.0,80.0,278.0,760.0,34.9,300.0,1.0
515.0,71.0,672.0,72.5,208.0,49.0,532.0,72.0,665.0,54.0,40.0,28.6,36.5,23.35,13.0,15.0,9.0,STEEL,35.0,40.0,50.5,330.0,350.0,16.0,18.0,False,False,130.0,2.0,0.9,1.1,0.9,1.2,1.0,0.9,680.0,121.0,680.0,121.0,0.0,0,False,1.0,1.0,68.0,45.0,0.0,31.8,False,True,True,True,True,7.0,1,True,100.0,149.0,237,SPOKED,SPOKED,1.0,1.0,80.0,80.0,278.0,760.0,34.9,300.0,1.0
475.0,75.0,670.0,72.0,194.0,51.0,542.0,71.8,660.0,53.0,40.0,28.6,36.5,23.35,13.0,15.0,9.0,STEEL,31.5,40.0,49.2,330.0,350.0,16.0,18.0,False,False,135.0,2.0,0.9,1.1,0.9,1.2,1.0,0.9,680.0,121.0,680.0,121.0,0.0,0,False,1.0,1.0,68.0,45.0,0.0,31.8,False,True,True,True,True,7.0,1,True,108.0,152.0,239,SPOKED,SPOKED,1.0,1.0,80.0,80.0,278.0,760.0,34.9,300.0,1.0
400,70,600,73.0,180,50,580.0,72.0,640.0,45.0,68.0,560.0,34.9,23.35,23.35,13.0,15.0,STEEL,35.0,30.0,40.0,0.0,0.0,0.0,0.0,False,False,135.0,2.0,1.0,1.1,1.1,1.0,1.0,1.0,680.0,121.0,680.0,121.0,0.0,1,False,1.0,1.0,68.0,45.0,0.0,31.8,False,True,True,True,True,8.0,2,True,102.0,153.0,255,SPOKED,SPOKED,1.0,1.0,80.0,80.0,280.0,710.0,34.9,300.0,1.0
410,68,595,73.5,170,48,575.0,73.0,645.0,45.0,68.0,555.0,34.9,23.35,23.35,13.0,15.0,STEEL,33.0,32.0,38.0,0.0,0.0,0.0,0.0,False,False,135.0,2.0,1.0,1.1,1.1,1.0,1.0,1.0,680.0,121.0,680.0,121.0,0.0,1,False,1.0,1.0,68.0,45.0,0.0,31.8,True,True,True,True,True,8.0,2,True,102.0,153.0,255,SPOKED,SPOKED,1.0,1.0,80.0,80.0,275.0,715.0,34.9,300.0,1.0
395,72,605,72.5,185,52,590.0,71.5,635.0,45.0,68.0,565.0,34.9,23.35,23.35,13.0,15.0,STEEL,36.0,29.0,42.0,0.0,0.0,0.0,0.0,False,False,135.0,2.0,1.0,1.1,1.1,1.0,1.0,1.0,680.0,121.0,680.0,121.0,0.0,1,False,1.0,1.0,68.0,45.0,0.0,31.8,False,True,True,True,True,8.0,2,True,102.0,153.0,255,SPOKED,SPOKED,1.0,1.0,80.0,80.0,290.0,705.0,34.9,300.0,1.0
405,69,610,73.0,175,49,585.0,72.5,638.0,45.0,68.0,558.0,34.9,23.35,23.35,13.0,15.0,STEEL,34.0,31.0,41.0,0.0,0.0,0.0,0.0,False,False,135.0,2.0,1.0,1.1,1.1,1.0,1.0,1.0,680.0,121.0,680.0,121.0,0.0,1,False,1.0,1.0,68.0,45.0,0.0,31.8,False,True,True,True,True,8.0,2,True,102.0,153.0,255,SPOKED,SPOKED,1.0,1.0,80.0,80.0,270.0,712.0,34.9,300.0,1.0
398,70,600,74.0,182,50,580.0,72.0,642.0,45.0,68.0,562.0,34.9,23.35,23.35,13.0,15.0,STEEL,35.0,30.0,40.0,0.0,0.0,0.0,0.0,False,False,135.0,2.0,1.0,1.1,1.1,1.0,1.0,1.0,680.0,121.0,680.0,121.0,0.0,1,False,1.0,1.0,68.0,45.0,0.0,31.8,False,True,True,True,True,8.0,2,True,102.0,153.0,255,SPOKED,SPOKED,1.0,1.0,80.0,80.0,285.0,708.0,34.9,300.0,1.0
420,65,590,73.0,178,47,575.0,73.0,650.0,45.0,68.0,568.0,34.9,23.35,23.35,13.0,15.0,STEEL,32.0,33.0,39.0,0.0,0.0,0.0,0.0,False,False,135.0,2.0,1.0,1.1,1.1,1.0,1.0,1.0,680.0,121.0,680.0,121.0,0.0,1,False,1.0,1.0,68.0,45.0,0.0,31.8,True,True,True,True,True,8.0,2,True,102.0,153.0,255,SPOKED,SPOKED,1.0,1.0,80.0,80.0,260.0,720.0,34.9,300.0,1.0
415,68,598,73.0,180,51,588.0,72.5,645.0,45.0,68.0,560.0,34.9,23.35,23.35,13.0,15.0,STEEL,35.0,31.0,40.0,0.0,0.0,0.0,0.0,False,False,135.0,2.0,1.0,1.1,1.1,1.0,1.0,1.0,680.0,121.0,680.0,121.0,0.0,1,False,1.0,1.0,68.0,45.0,0.0,31.8,False,True,True,True,True,8.0,2,True,102.0,153.0,255,SPOKED,SPOKED,1.0,1.0,80.0,80.0,265.0,705.0,34.9,300.0,1.0
390,71,602,72.8,183,53,592.0,72.0,637.0,45.0,68.0,552.0,34.9,23.35,23.35,13.0,15.0,STEEL,36.0,28.0,41.0,0.0,0.0,0.0,0.0,False,False,135.0,2.0,1.0,1.1,1.1,1.0,1.0,1.0,680.0,121.0,680.0,121.0,0.0,1,False,1.0,1.0,68.0,45.0,0.0,31.8,False,True,True,True,True,8.0,2,True,102.0,153.0,255,SPOKED,SPOKED,1.0,1.0,80.0,80.0,272.0,702.0,34.9,300.0,1.0
405,70,607,73.2,177,50,580.0,73.0,640.0,45.0,68.0,560.0,34.9,23.35,23.35,13.0,15.0,STEEL,34.0,30.0,40.0,0.0,0.0,0.0,0.0,False,False,135.0,2.0,1.0,1.1,1.1,1.0,1.0,1.0,680.0,121.0,680.0,121.0,0.0,1,False,1.0,1.0,68.0,45.0,0.0,31.8,False,True,True,True,True,8.0,2,True,102.0,153.0,255,SPOKED,SPOKED,1.0,1.0,80.0,80.0,278.0,708.0,34.9,300.0,1.0
400,69,595,73.1,179,48,578.0,72.0,638.0,45.0,68.0,558.0,34.9,23.35,23.35,13.0,15.0,STEEL,35.0,32.0,39.0,0.0,0.0,0.0,0.0,False,False,135.0,2.0,1.0,1.1,1.1,1.0,1.0,1.0,680.0,121.0,680.0,121.0,0.0,1,False,1.0,1.0,68.0,45.0,0.0,31.8,False,True,True,True,True,8.0,2,True,102.0,153.0,255,SPOKED,SPOKED,1.0,1.0,80.0,80.0,268.0,707.0,34.9,300.0,1.0
410,70,580,73.0,150,45,550.0,74.0,650.0,50.0,45.0,36.5,34.9,36.5,23.35,13.0,15.0,STEEL,35.0,40.0,49.0,0.0,0.0,0.0,0.0,False,False,135.0,2.0,0.9,1.1,0.9,1.2,1.0,0.9,674.0,52.0,674.0,52.0,1.0,0,False,1.0,1.0,68.0,45.0,0.0,31.8,False,False,True,True,False,1.0,1,False,65.0,105.0,225,SPOKED,SPOKED,0.0,0.0,0.0,0.0,278.0,760.0,34.9,300.0,1.0
430,60,560,72.0,140,50,540.0,73.0,660.0,55.0,45.0,32.0,30.0,36.5,23.35,12.0,15.0,STEEL,33.0,38.0,47.0,0.0,0.0,0.0,0.0,False,False,135.0,2.0,0.9,1.1,0.9,1.2,1.0,0.9,680.0,58.0,680.0,58.0,1.0,1,False,1.0,1.0,70.0,45.0,0.0,31.8,False,False,True,True,False,1.0,1,False,65.0,105.0,225,SPOKED,SPOKED,0.0,0.0,0.0,0.0,265.0,760.0,34.9,300.0,1.0
390,75,595,74.0,160,48,555.0,72.5,640.0,52.0,45.0,36.5,34.9,36.5,23.35,13.0,15.0,STEEL,36.0,42.0,50.0,0.0,0.0,0.0,0.0,False,False,140.0,2.0,0.9,1.1,0.9,1.2,1.0,0.9,690.0,68.0,690.0,68.0,1.0,2,False,1.0,1.0,68.0,45.0,0.0,31.8,False,False,True,True,False,1.0,1,False,65.0,105.0,225,SPOKED,SPOKED,0.0,0.0,0.0,0.0,280.0,765.0,34.9,320.0,1.0
420,65,570,73.5,130,48,555.0,73.5,660.0,48.0,45.0,28.6,28.6,36.5,23.35,13.5,14.0,STEEL,30.0,42.0,46.0,0.0,0.0,0.0,0.0,False,False,140.0,2.0,0.9,1.1,0.9,1.2,1.0,0.9,680.0,58.0,680.0,58.0,1.0,2,False,1.0,1.0,70.0,45.0,0.0,31.8,False,False,True,True,False,1.0,1,False,65.0,105.0,225,SPOKED,SPOKED,0.0,0.0,0.0,0.0,278.0,760.0,34.9,300.0,1.0
400,70,555,72.5,120,45,545.0,74.0,655.0,50.0,45.0,33.6,33.6,36.5,23.35,13.0,15.0,STEEL,35.0,40.0,49.0,0.0,0.0,0.0,0.0,False,False,135.0,2.0,0.9,1.1,0.9,1.2,1.0,0.9,674.0,52.0,674.0,52.0,1.0,0,False,1.0,1.0,68.0,45.0,0.0,31.8,False,False,True,True,False,1.0,1,False,65.0,105.0,225,SPOKED,SPOKED,0.0,0.0,0.0,0.0,265.0,760.0,34.9,300.0,1.0
450,70,590,71.0,155,47,560.0,72.0,665.0,52.0,45.0,36.5,34.9,36.5,23.35,13.0,15.0,STEEL,36.0,44.0,50.0,0.0,0.0,0.0,0.0,False,False,135.0,2.0,0.9,1.1,0.9,1.2,1.0,0.9,690.0,68.0,690.0,68.0,1.0,1,False,1.0,1.0,70.0,45.0,0.0,31.8,False,False,True,True,False,1.0,1,False,70.0,130.0,180,SPOKED,SPOKED,0.0,0.0,0.0,0.0,282.0,760.0,34.9,300.0,1.0
385,68,575,72.5,145,46,545.0,73.0,655.0,50.0,45.0,36.5,34.9,36.5,23.35,13.0,15.0,STEEL,34.0,49.0,49.0,0.0,0.0,0.0,0.0,False,False,140.0,2.0,0.9,1.1,0.9,1.2,1.0,0.9,674.0,52.0,674.0,52.0,1.0,0,False,1.0,1.0,68.0,45.0,0.0,31.8,False,False,True,True,False,1.0,1,False,65.0,105.0,225,SPOKED,SPOKED,0.0,0.0,0.0,0.0,278.0,760.0,34.9,300.0,1.0
445,62,585,74.0,150,47,555.0,72.8,670.0,50.0,45.0,36.5,34.9,36.5,23.35,13.0,15.0,STEEL,35.0,42.0,49.0,0.0,0.0,0.0,0.0,False,False,135.0,2.0,0.9,1.1,0.9,1.2,1.0,0.9,680.0,58.0,680.0,58.0,1.0,1,False,1.0,1.0,70.0,45.0,0.0,31.8,False,False,True,True,False,1.0,1,False,65.0,105.0,225,SPOKED,SPOKED,0.0,0.0,0.0,0.0,276.0,760.0,34.9,300.0,1.0
395,69,565,73.8,135,46,548.0,73.2,660.0,50.0,45.0,36.5,34.9,36.5,23.35,13.0,15.0,STEEL,33.0,39.0,48.0,0.0,0.0,0.0,0.0,False,False,135.0,2.0,0.9,1.1,0.9,1.2,1.0,0.9,674.0,52.0,674.0,52.0,1.0,1,False,1.0,1.0,68.0,45.0,0.0,31.8,False,False,True,True,False,1.0,1,False,65.0,105.0,225,SPOKED,SPOKED,0.0,0.0,0.0,0.0,270.0,758.0,34.9,300.0,1.0
415,73,600,73.0,165,50,570.0,72.3,680.0,50.0,45.0,36.5,34.9,36.5,23.35,13.0,15.0,STEEL,34.0,45.0,49.0,0.0,0.0,0.0,0.0,False,False,140.0,2.0,0.9,1.1,0.9,1.2,1.0,0.9,690.0,68.0,690.0,68.0,1.0,1,False,1.0,1.0,70.0,45.0,0.0,31.8,False,False,True,True,False,1.0,1,False,65.0,105.0,225,SPOKED,SPOKED,0.0,0.0,0.0,0.0,285.0,770.0,34.9,300.0,1.0
400.0,70.0,600.0,73.5,140.0,40.0,580.0,74.0,650.0,45.0,40.0,30.0,36.0,36.0,20.0,13.0,15.0,STEEL,30.0,40.0,40.0,0.0,0.0,0.0,0.0,False,False,130.0,2.0,1.0,1.0,1.0,1.0,1.0,1.0,680.0,52.0,680.0,52.0,0.0,1,False,1.0,1.0,68.0,45.0,0.0,31.8,True,True,True,True,True,7.0,1,True,65.0,105.0,225.0,SPOKED,SPOKED,0.0,0.0,0.0,0.0,280.0,720.0,36.5,350.0,1.0
390.0,75.0,610.0,74.0,150.0,38.0,590.0,73.5,660.0,46.0,42.0,32.0,37.0,34.0,22.0,14.0,15.0,STEEL,32.0,42.0,38.0,0.0,0.0,0.0,0.0,False,False,130.0,2.0,1.0,1.0,1.0,1.0,1.0,1.0,680.0,52.0,680.0,52.0,0.0,1,False,1.0,1.0,68.0,45.0,0.0,31.8,True,True,True,True,True,7.0,1,True,65.0,105.0,225.0,SPOKED,SPOKED,0.0,0.0,0.0,0.0,280.0,725.0,37.0,350.0,1.0
405.0,72.0,615.0,73.0,130.0,42.0,575.0,74.5,650.0,44.0,40.0,29.0,36.0,35.0,21.0,13.0,14.0,STEEL,35.0,41.0,40.0,0.0,0.0,0.0,0.0,False,False,130.0,2.0,1.0,1.0,1.0,1.0,1.0,1.0,680.0,52.0,680.0,52.0,0.0,1,False,1.0,1.0,68.0,45.0,0.0,31.8,True,True,True,True,True,7.0,1,True,65.0,105.0,225.0,SPOKED,SPOKED,0.0,0.0,0.0,0.0,280.0,718.0,36.5,350.0,1.0
415.0,68.0,590.0,75.0,160.0,45.0,600.0,73.0,640.0,47.0,41.0,31.0,35.0,33.0,19.0,12.0,16.0,STEEL,34.0,44.0,39.0,0.0,0.0,0.0,0.0,False,False,130.0,2.0,1.0,1.0,1.0,1.0,1.0,1.0,680.0,52.0,680.0,52.0,0.0,1,False,1.0,1.0,68.0,45.0,0.0,31.8,True,True,True,True,True,7.0,1,True,65.0,105.0,225.0,SPOKED,SPOKED,0.0,0.0,0.0,0.0,280.0,730.0,35.0,350.0,1.0
420.0,70.0,605.0,74.5,155.0,40.0,585.0,73.5,655.0,45.0,40.0,30.0,36.0,36.0,20.0,13.0,15.0,STEEL,33.0,43.0,37.0,0.0,0.0,0.0,0.0,False,False,130.0,2.0,1.0,1.0,1.0,1.0,1.0,1.0,680.0,52.0,680.0,52.0,0.0,1,False,1.0,1.0,68.0,45.0,0.0,31.8,True,True,True,True,True,7.0,1,True,65.0,105.0,225.0,SPOKED,SPOKED,0.0,0.0,0.0,0.0,280.0,715.0,36.0,350.0,1.0
395.0,73.0,600.0,73.5,145.0,39.0,570.0,74.0,645.0,44.0,42.0,31.0,36.0,35.0,22.0,14.0,15.0,STEEL,31.0,41.0,39.0,0.0,0.0,0.0,0.0,False,False,130.0,2.0,1.0,1.0,1.0,1.0,1.0,1.0,680.0,52.0,680.0,52.0,0.0,1,False,1.0,1.0,68.0,45.0,0.0,31.8,True,True,True,True,True,7.0,1,True,65.0,105.0,225.0,SPOKED,SPOKED,0.0,0.0,0.0,0.0,280.0,719.0,36.0,350.0,1.0
410.0,72.0,620.0,72.5,150.0,41.0,590.0,74.0,660.0,48.0,40.0,33.0,36.0,34.0,21.0,13.0,15.0,STEEL,32.0,42.0,41.0,0.0,0.0,0.0,0.0,False,False,130.0,2.0,1.0,1.0,1.0,1.0,1.0,1.0,680.0,52.0,680.0,52.0,0.0,1,False,1.0,1.0,68.0,45.0,0.0,31.8,True,True,True,True,True,7.0,1,True,65.0,105.0,225.0,SPOKED,SPOKED,0.0,0.0,0.0,0.0,280.0,725.0,36.0,350.0,1.0
380.0,75.0,595.0,74.5,140.0,36.0,565.0,73.5,635.0,45.0,40.0,30.0,35.0,36.0,19.0,13.0,15.0,STEEL,31.0,41.0,38.0,0.0,0.0,0.0,0.0,False,False,130.0,2.0,1.0,1.0,1.0,1.0,1.0,1.0,680.0,52.0,680.0,52.0,0.0,1,False,1.0,1.0,68.0,45.0,0.0,31.8,True,True,True,True,True,7.0,1,True,65.0,105.0,225.0,SPOKED,SPOKED,0.0,0.0,0.0,0.0,280.0,713.0,35.0,350.0,1.0
425.0,68.0,615.0,73.0,160.0,44.0,600.0,74.0,660.0,46.0,42.0,32.0,36.0,35.0,22.0,14.0,16.0,STEEL,34.0,44.0,40.0,0.0,0.0,0.0,0.0,False,False,130.0,2.0,1.0,1.0,1.0,1.0,1.0,1.0,680.0,52.0,680.0,52.0,0.0,1,False,1.0,1.0,68.0,45.0,0.0,31.8,True,True,True,True,True,7.0,1,True,65.0,105.0,225.0,SPOKED,SPOKED,0.0,0.0,0.0,0.0,280.0,728.0,36.0,350.0,1.0
405.0,70.0,610.0,74.0,150.0,42.0,580.0,73.5,650.0,45.0,41.0,31.0,36.0,36.0,20.0,13.0,15.0,STEEL,33.0,43.0,39.0,0.0,0.0,0.0,0.0,False,False,130.0,2.0,1.0,1.0,1.0,1.0,1.0,1.0,680.0,52.0,680.0,52.0,0.0,1,False,1.0,1.0,68.0,45.0,0.0,31.8,True,True,True,True,True,7.0,1,True,65.0,105.0,225.0,SPOKED,SPOKED,0.0,0.0,0.0,0.0,280.0,721.0,36.0,350.0,1.0
405,70,590,73.5,200,45,585.0,74.0,660.0,45.0,40.0,28.6,35.0,36.5,23.35,13.0,15.0,STEEL,30.0,45.0,49.0,330.0,350.0,16.0,18.0,False,False,135.0,2.0,0.9,1.1,0.9,1.2,1.0,0.9,680.0,121.0,680.0,121.0,1.0,2,False,1.0,1.0,68.0,45.0,0.0,31.8,False,False,True,True,True,8.0,1,False,65.0,105.0,225,SPOKED,SPOKED,0.0,0.0,0.0,0.0,280.0,755.0,35.0,300.0,1.0
410,65,595,73.0,190,45,590.0,73.5,655.0,45.0,40.0,28.6,35.0,36.5,23.35,13.0,15.0,STEEL,32.0,50.0,52.0,330.0,350.0,16.0,18.0,False,False,130.0,2.0,0.9,1.1,0.9,1.2,1.0,0.9,680.0,121.0,680.0,121.0,1.0,2,False,1.0,1.0,68.0,45.0,0.0,31.8,False,False,True,True,True,7.0,1,False,65.0,105.0,225,SPOKED,SPOKED,0.0,0.0,0.0,0.0,282.0,750.0,35.0,300.0,1.0
395,70,580,74.0,185,45,570.0,74.5,670.0,45.0,40.0,28.6,35.0,36.5,23.35,13.0,15.0,STEEL,28.0,42.0,45.0,330.0,350.0,16.0,18.0,False,False,135.0,2.0,0.9,1.1,0.9,1.2,1.0,0.9,680.0,121.0,680.0,121.0,1.0,2,False,1.0,2.0,68.0,45.0,0.0,31.8,False,False,True,True,True,9.0,1,False,65.0,105.0,225,SPOKED,SPOKED,0.0,0.0,0.0,0.0,285.0,745.0,35.0,300.0,1.0
420,70,600,72.5,205,45,600.0,73.0,650.0,45.0,40.0,28.6,35.0,36.5,23.35,13.0,15.0,STEEL,35.0,48.0,50.0,330.0,350.0,16.0,18.0,False,False,135.0,2.0,0.9,1.1,0.9,1.2,1.0,0.9,680.0,121.0,680.0,121.0,1.0,2,False,1.0,1.0,68.0,45.0,0.0,31.8,False,False,True,True,True,8.0,1,False,65.0,105.0,225,SPOKED,SPOKED,0.0,0.0,0.0,0.0,290.0,760.0,35.0,300.0,1.0
430,70,605,73.8,195,45,610.0,72.8,658.0,45.0,40.0,28.6,35.0,36.5,23.35,13.0,15.0,STEEL,26.0,60.0,46.0,330.0,350.0,16.0,18.0,True,False,130.0,2.0,0.9,1.1,0.9,1.2,1.0,0.9,680.0,121.0,680.0,121.0,1.0,1,False,1.0,1.0,68.0,45.0,0.0,31.8,False,False,True,True,True,10.0,1,False,65.0,105.0,225,SPOKED,SPOKED,0.0,0.0,0.0,0.0,295.0,765.0,35.0,300.0,1.0
390,70,575,74.2,180,45,560.0,74.7,667.0,45.0,40.0,28.6,35.0,36.5,23.35,13.0,15.0,STEEL,29.0,43.0,47.0,330.0,350.0,16.0,18.0,False,True,135.0,2.0,0.9,1.1,0.9,1.2,1.0,0.9,680.0,121.0,680.0,121.0,1.0,2,False,1.0,1.0,68.0,45.0,0.0,31.8,False,False,True,True,True,7.0,1,False,65.0,105.0,225,SPOKED,SPOKED,0.0,0.0,0.0,0.0,278.0,740.0,35.0,300.0,1.0
440,68,610,73.3,200,45,620.0,73.2,660.0,45.0,40.0,28.6,35.0,36.5,23.35,13.0,15.0,STEEL,34.0,55.0,49.0,330.0,350.0,16.0,18.0,False,False,130.0,2.0,0.9,1.1,0.9,1.2,1.0,0.9,680.0,121.0,680.0,121.0,1.0,2,False,1.0,1.0,68.0,45.0,0.0,31.8,False,False,True,True,True,9.0,1,False,65.0,105.0,225,SPOKED,SPOKED,0.0,0.0,0.0,0.0,300.0,770.0,35.0,300.0,1.0
415,70,588,74.0,188,45,580.0,75.0,655.0,45.0,40.0,28.6,35.0,36.5,23.35,13.0,15.0,STEEL,31.0,47.0,51.0,330.0,350.0,16.0,18.0,False,False,135.0,2.0,0.9,1.1,0.9,1.2,1.0,0.9,680.0,121.0,680.0,121.0,1.0,2,False,1.0,1.0,68.0,45.0,0.0,31.8,False,False,True,True,True,8.0,1,False,65.0,105.0,225,SPOKED,SPOKED,0.0,0.0,0.0,0.0,288.0,755.0,35.0,300.0,1.0
400,70,585,73.6,192,45,575.0,74.4,662.0,45.0,40.0,28.6,35.0,36.5,23.35,13.0,15.0,STEEL,33.0,49.0,48.0,330.0,350.0,16.0,18.0,False,False,135.0,2.0,0.9,1.1,0.9,1.2,1.0,0.9,680.0,121.0,680.0,121.0,1.0,2,False,1.0,1.0,68.0,45.0,0.0,31.8,False,False,True,True,True,6.0,1,False,65.0,105.0,225,SPOKED,SPOKED,0.0,0.0,0.0,0.0,286.0,748.0,35.0,300.0,1.0
395,70,605,73.0,198,45,595.0,73.8,656.0,45.0,40.0,28.6,35.0,36.5,23.35,13.0,15.0,STEEL,27.0,44.0,50.0,330.0,350.0,16.0,18.0,False,False,130.0,2.0,0.9,1.1,0.9,1.2,1.0,0.9,680.0,121.0,680.0,121.0,1.0,2,False,1.0,1.0,68.0,45.0,0.0,31.8,False,False,True,True,True,10.0,1,False,65.0,105.0,225,SPOKED,SPOKED,0.0,0.0,0.0,0.0,292.0,765.0,35.0,300.0,1.0
420,70,590,73.0,150,45,515.0,73.0,540.0,50.0,40.0,28.6,36.5,23.35,23.35,13.0,15.0,STEEL,30.0,45.0,40.0,330.0,350.0,16.0,18.0,False,False,135.0,2.0,1.0,1.0,1.0,1.0,1.0,1.0,680.0,52.0,680.0,52.0,1.0,1,False,1.0,1.0,68.0,45.0,31.8,31.8,True,True,True,True,False,1.0,1,True,60.0,120.0,200,SPOKED,SPOKED,0.0,0.0,80.0,80.0,280.0,750.0,34.9,350.0,1.0
430,68,600,72.0,155,47,520.0,72.5,545.0,48.0,40.0,28.6,36.5,23.35,23.35,13.0,15.0,STEEL,32.0,47.0,42.0,330.0,350.0,16.0,18.0,False,False,135.0,2.0,1.0,1.0,1.0,1.0,1.0,1.0,680.0,52.0,680.0,52.0,1.0,1,False,1.0,1.0,68.0,45.0,31.8,31.8,True,True,True,True,False,1.0,1,True,65.0,105.0,225,SPOKED,SPOKED,0.0,0.0,80.0,80.0,280.0,760.0,34.9,355.0,1.0
440,72,595,73.5,148,44,515.0,73.0,550.0,50.0,40.0,29.8,38.0,25.0,25.0,13.0,16.0,STEEL,31.0,44.0,41.0,330.0,350.0,16.0,18.0,False,False,135.0,2.0,1.0,1.0,1.0,1.0,1.0,1.0,680.0,52.0,680.0,52.0,1.0,1,False,1.0,1.0,68.0,45.0,31.8,31.8,True,True,True,True,False,1.0,1,True,70.0,130.0,180,TRISPOKE,SPOKED,1.0,0.0,90.0,80.0,280.0,755.0,34.9,350.0,1.0
450,65,605,72.5,160,48,530.0,72.0,555.0,60.0,40.0,29.8,38.0,25.0,25.0,13.0,15.0,STEEL,33.0,48.0,42.0,330.0,350.0,16.0,18.0,False,False,135.0,2.0,1.0,1.0,1.0,1.0,1.0,1.0,680.0,52.0,680.0,52.0,1.0,1,False,1.0,1.0,68.0,45.0,31.8,31.8,True,True,True,True,False,1.0,1,True,60.0,110.0,220,TRISPOKE,TRISPOKE,2.0,2.0,95.0,95.0,280.0,765.0,34.9,360.0,1.0
460,75,585,74.0,150,46,540.0,74.0,540.0,55.0,40.0,28.6,36.5,23.35,23.35,13.0,15.0,STEEL,30.0,46.0,40.0,330.0,350.0,16.0,18.0,False,False,135.0,2.0,1.0,1.0,1.0,1.0,1.0,1.0,680.0,52.0,680.0,52.0,1.0,1,False,1.0,1.0,68.0,45.0,31.8,31.8,True,True,True,True,False,1.0,1,True,100.0,149.0,237,DISC,DISC,0.0,0.0,80.0,80.0,280.0,750.0,34.9,365.0,1.0
470,70,590,73.0,155,47,525.0,73.5,545.0,50.0,40.0,28.6,36.5,23.35,23.35,13.0,15.0,STEEL,31.0,47.0,41.0,330.0,350.0,16.0,18.0,False,False,135.0,2.0,1.0,1.0,1.0,1.0,1.0,1.0,680.0,52.0,680.0,52.0,1.0,1,False,1.0,1.0,68.0,45.0,31.8,31.8,True,True,True,True,False,1.0,1,True,0.0,0.0,255,DISC,TRISPOKE,0.0,1.0,80.0,90.0,280.0,740.0,34.9,355.0,1.0
480,68,598,73.0,152,45,515.0,73.2,548.0,52.0,40.0,28.6,36.5,23.35,23.35,13.0,15.0,STEEL,32.0,45.0,42.0,330.0,350.0,16.0,18.0,False,False,135.0,2.0,1.0,1.0,1.0,1.0,1.0,1.0,680.0,52.0,680.0,52.0,1.0,1,False,1.0,1.0,68.0,45.0,31.8,31.8,True,True,True,True,False,1.0,1,True,25.0,25.0,112,SPOKED,DISC,0.0,0.0,80.0,80.0,280.0,755.0,34.9,350.0,1.0
430,69,592,72.0,147,44,520.0,72.0,542.0,48.0,40.0,28.6,36.5,23.35,23.35,13.0,15.0,STEEL,30.0,44.0,40.0,330.0,350.0,16.0,18.0,False,False,135.0,2.0,1.0,1.0,1.0,1.0,1.0,1.0,680.0,52.0,680.0,52.0,1.0,1,False,1.0,1.0,68.0,45.0,31.8,31.8,True,True,True,True,False,1.0,1,True,65.0,105.0,225,SPOKED,SPOKED,0.0,0.0,80.0,80.0,280.0,745.0,34.9,360.0,1.0
440,71,597,73.8,149,43,530.0,73.8,550.0,50.0,40.0,28.6,36.5,23.35,23.35,13.0,15.0,STEEL,31.0,43.0,41.0,330.0,350.0,16.0,18.0,False,False,135.0,2.0,1.0,1.0,1.0,1.0,1.0,1.0,680.0,52.0,680.0,52.0,1.0,1,False,1.0,1.0,68.0,45.0,31.8,31.8,True,True,True,True,False,1.0,1,True,75.0,120.0,200,SPOKED,SPOKED,0.0,0.0,80.0,80.0,280.0,750.0,34.9,355.0,1.0
450,67,600,72.2,158,49,540.0,72.2,555.0,55.0,40.0,29.8,38.0,25.0,25.0,13.0,15.0,STEEL,34.0,49.0,43.0,330.0,350.0,16.0,18.0,False,False,135.0,2.0,1.0,1.0,1.0,1.0,1.0,1.0,680.0,52.0,680.0,52.0,1.0,1,False,1.0,1.0,68.0,45.0,31.8,31.8,True,True,True,True,False,1.0,1,True,65.0,105.0,225,TRISPOKE,TRISPOKE,1.0,1.0,85.0,85.0,280.0,760.0,34.9,365.0,1.0
410.0,60.0,630.0,73.0,180.0,50.0,520.0,73.5,630.0,45.0,45.0,30.0,30.0,36.5,23.35,13.0,15.0,STEEL,35.0,50.0,45.0,330.0,350.0,16.0,18.0,False,False,135.0,2.0,0.9,0.9,0.9,0.9,0.9,0.9,680.0,52.0,680.0,52.0,0.0,1,False,1.0,1.0,68.0,45.0,0.0,31.8,False,True,True,True,True,8.0,1,True,65.0,105.0,225,SPOKED,SPOKED,0.0,0.0,0.0,0.0,280.0,720.0,34.9,330.0,1.0
405.0,62.0,635.0,72.5,170.0,48.0,525.0,74.0,635.0,45.0,45.0,32.0,31.0,36.5,23.35,13.0,15.0,STEEL,33.0,48.0,43.0,330.0,350.0,16.0,18.0,False,False,135.0,2.0,1.0,1.0,1.0,1.0,1.0,1.0,690.0,52.0,690.0,52.0,0.0,2,False,1.0,1.0,68.0,45.0,0.0,31.8,False,True,True,True,True,9.0,1,True,65.0,105.0,225,SPOKED,SPOKED,0.0,0.0,0.0,0.0,285.0,730.0,34.9,340.0,1.0
420.0,58.0,625.0,73.5,185.0,52.0,515.0,73.0,620.0,45.0,45.0,30.0,30.0,36.5,23.35,13.0,15.0,STEEL,36.0,49.0,44.0,330.0,350.0,16.0,18.0,False,False,135.0,1.8,0.9,1.1,0.9,1.0,1.0,1.0,680.0,45.0,680.0,45.0,0.0,1,False,1.0,1.0,68.0,45.0,0.0,31.8,False,True,True,True,True,7.0,1,True,65.0,105.0,225,SPOKED,SPOKED,0.0,0.0,0.0,0.0,275.0,725.0,34.9,330.0,1.0
400.0,61.0,620.0,74.0,175.0,49.0,530.0,74.5,625.0,45.0,45.0,31.0,29.0,36.5,23.35,13.0,15.0,STEEL,34.0,51.0,46.0,330.0,350.0,16.0,18.0,False,False,135.0,2.0,0.9,1.0,0.9,1.0,0.9,0.9,690.0,52.0,690.0,52.0,0.0,1,False,1.0,2.0,68.0,45.0,0.0,31.8,True,False,True,True,True,8.0,1,False,65.0,105.0,225,SPOKED,SPOKED,0.0,0.0,0.0,0.0,290.0,715.0,34.9,320.0,1.0
415.0,59.0,632.0,72.0,165.0,46.0,535.0,73.0,638.0,45.0,45.0,30.0,30.0,36.5,23.35,13.0,15.0,STEEL,32.0,52.0,47.0,330.0,350.0,16.0,18.0,False,False,135.0,1.9,0.9,0.9,0.9,1.0,1.0,1.0,675.0,45.0,675.0,45.0,0.0,1,False,1.0,1.0,68.0,45.0,0.0,31.8,False,True,True,True,True,10.0,1,True,65.0,105.0,225,SPOKED,SPOKED,0.0,0.0,0.0,0.0,280.0,725.0,34.9,330.0,1.0
408.0,63.0,640.0,73.2,190.0,53.0,545.0,72.5,650.0,45.0,45.0,33.0,32.0,36.5,23.35,13.0,15.0,STEEL,37.0,47.0,48.0,330.0,350.0,16.0,18.0,False,False,135.0,2.1,1.0,0.9,1.0,1.1,0.9,0.9,682.0,50.0,682.0,50.0,0.0,2,False,1.0,2.0,68.0,45.0,0.0,31.8,True,True,True,True,True,8.0,2,True,65.0,105.0,225,SPOKED,SPOKED,0.0,0.0,0.0,0.0,285.0,735.0,34.9,340.0,1.0
425.0,60.0,638.0,74.5,160.0,47.0,550.0,74.0,655.0,45.0,45.0,28.6,28.6,36.5,23.35,13.0,15.0,STEEL,31.0,54.0,49.0,330.0,350.0,16.0,18.0,False,False,135.0,2.0,0.9,1.0,0.9,1.0,0.9,1.0,688.0,52.0,688.0,52.0,0.0,1,False,1.0,1.0,68.0,45.0,0.0,31.8,False,True,True,True,True,9.0,1,True,65.0,105.0,225,SPOKED,SPOKED,0.0,0.0,0.0,0.0,290.0,740.0,34.9,330.0,1.0
395.0,61.0,628.0,72.8,155.0,46.5,515.0,73.8,640.0,45.0,45.0,30.0,30.0,36.5,23.35,13.0,15.0,STEEL,30.5,49.5,42.0,330.0,350.0,16.0,18.0,False,False,135.0,2.0,0.9,1.0,0.9,1.0,0.9,1.0,670.0,53.0,670.0,53.0,0.0,1,False,1.0,2.0,68.0,45.0,0.0,31.8,True,True,True,True,True,7.0,1,True,65.0,105.0,225,SPOKED,SPOKED,0.0,0.0,0.0,0.0,275.0,730.0,34.9,330.0,2.0
410.0,62.0,645.0,73.0,178.0,50.0,525.0,73.2,635.0,45.0,45.0,32.0,32.0,36.5,23.35,13.0,15.0,STEEL,35.0,48.0,45.0,330.0,350.0,16.0,18.0,False,False,135.0,2.0,1.0,1.0,1.0,1.0,1.0,1.0,685.0,50.0,685.0,50.0,0.0,1,False,1.0,1.0,68.0,45.0,0.0,31.8,False,False,True,True,True,8.0,1,False,65.0,105.0,225,SPOKED,SPOKED,0.0,0.0,0.0,0.0,282.0,728.0,34.9,330.0,1.0
395.0,64.0,637.0,74.0,172.0,49.0,540.0,74.5,642.0,45.0,45.0,29.0,29.0,36.5,23.35,13.0,15.0,STEEL,34.5,53.0,47.5,330.0,350.0,16.0,18.0,False,False,135.0,1.9,0.9,1.2,0.9,0.9,1.0,1.0,678.0,52.0,678.0,52.0,0.0,1,False,1.0,1.0,68.0,45.0,0.0,31.8,False,True,True,True,True,10.0,1,True,65.0,105.0,225,SPOKED,SPOKED,0.0,0.0,0.0,0.0,288.0,722.0,34.9,335.0,1.0
385.0,58.0,590.0,74.0,160.0,30.0,590.0,74.0,635.0,45.0,42.0,42.0,28.6,36.5,20.5,15.0,9.0,STEEL,30.0,31.0,40.0,330.0,350.0,16.0,18.0,False,False,135.0,2.0,0.9,1.1,0.9,1.2,1.0,0.9,674.0,52.0,674.0,52.0,0.0,0,False,1.0,1.0,73.0,45.0,0.0,31.8,False,False,True,True,True,8.0,1,True,65.0,105.0,225,SPOKED,SPOKED,0.0,0.0,80.0,80.0,300.0,720.0,34.9,820.0,1.0
390.0,60.0,600.0,73.5,155.0,35.0,600.0,73.5,640.0,47.0,45.0,40.0,32.0,36.5,22.0,15.0,9.0,STEEL,32.0,32.0,42.0,330.0,350.0,16.0,18.0,False,False,135.0,2.0,0.9,1.1,0.9,1.2,1.0,0.9,680.0,54.0,680.0,54.0,0.0,1,False,1.0,1.0,73.0,45.0,0.0,31.8,False,False,True,True,True,9.0,1,True,65.0,105.0,225,SPOKED,SPOKED,0.0,0.0,80.0,80.0,290.0,730.0,34.9,830.0,1.0
400.0,62.0,605.0,74.5,165.0,40.0,610.0,74.5,650.0,50.0,45.0,45.0,30.0,36.5,24.0,15.0,9.0,STEEL,35.0,34.0,45.0,330.0,350.0,16.0,18.0,False,False,135.0,2.0,0.9,1.1,0.9,1.2,1.0,0.9,674.0,52.0,674.0,52.0,0.0,2,False,1.0,1.0,73.0,45.0,0.0,31.8,False,False,True,True,True,10.0,2,True,60.0,100.0,210,SPOKED,SPOKED,0.0,0.0,80.0,80.0,300.0,740.0,34.9,840.0,1.0
395.0,55.0,570.0,73.0,145.0,30.0,580.0,73.0,630.0,45.0,42.0,42.0,28.6,36.5,20.0,15.0,9.0,STEEL,28.0,30.0,38.0,330.0,350.0,16.0,18.0,False,False,135.0,2.0,0.9,1.1,0.9,1.2,1.0,0.9,674.0,52.0,674.0,52.0,0.0,0,False,1.0,1.0,73.0,45.0,0.0,31.8,False,False,True,True,True,8.0,1,True,65.0,105.0,225,SPOKED,SPOKED,0.0,0.0,80.0,80.0,280.0,710.0,34.9,800.0,1.0
405.0,63.0,610.0,75.0,180.0,45.0,620.0,75.0,655.0,48.0,45.0,50.0,33.6,36.5,25.0,15.0,9.0,STEEL,40.0,45.0,48.0,330.0,350.0,16.0,18.0,False,False,135.0,2.0,0.9,1.1,0.9,1.2,1.0,0.9,680.0,54.0,680.0,54.0,0.0,0,False,1.0,1.0,75.0,45.0,0.0,31.8,False,False,True,True,True,9.0,1,True,70.0,120.0,225,SPOKED,SPOKED,0.0,0.0,80.0,80.0,310.0,750.0,34.9,860.0,1.0
380.0,60.0,580.0,74.8,150.0,35.0,600.0,74.8,620.0,46.0,42.0,44.0,29.0,36.5,22.0,14.0,9.0,STEEL,29.0,33.0,41.0,330.0,350.0,16.0,18.0,False,False,135.0,2.0,0.9,1.1,0.9,1.2,1.0,0.9,676.0,52.0,676.0,52.0,0.0,1,False,1.0,1.0,74.0,45.0,0.0,31.8,False,False,True,True,True,8.0,1,True,65.0,105.0,220,SPOKED,SPOKED,0.0,0.0,80.0,80.0,295.0,720.0,34.9,820.0,1.0
390.0,58.0,595.0,73.2,155.0,38.0,595.0,73.2,640.0,50.0,45.0,46.0,30.0,36.5,23.0,15.0,9.0,STEEL,30.0,35.0,40.0,330.0,350.0,16.0,18.0,False,False,135.0,2.0,0.9,1.1,0.9,1.2,1.0,0.9,678.0,53.0,678.0,53.0,0.0,0,False,1.0,1.0,73.0,45.0,0.0,31.8,False,False,True,True,True,10.0,1,True,60.0,110.0,230,SPOKED,SPOKED,0.0,0.0,80.0,80.0,305.0,760.0,34.9,880.0,1.0
410.0,65.0,605.0,74.6,170.0,42.0,610.0,74.6,650.0,52.0,45.0,48.0,31.0,36.5,24.0,15.0,9.0,STEEL,34.0,36.0,45.0,330.0,350.0,16.0,18.0,False,False,135.0,2.0,0.9,1.1,0.9,1.2,1.0,0.9,680.0,54.0,680.0,54.0,0.0,0,False,1.0,1.0,74.0,45.0,0.0,31.8,False,False,True,True,True,9.0,2,True,70.0,105.0,215,SPOKED,SPOKED,0.0,0.0,80.0,80.0,300.0,730.0,34.9,900.0,1.0
395.0,61.0,600.0,73.8,160.0,40.0,605.0,73.8,645.0,47.0,43.0,43.0,29.0,36.5,22.0,15.0,9.0,STEEL,32.0,34.0,42.0,330.0,350.0,16.0,18.0,False,False,135.0,2.0,0.9,1.1,0.9,1.2,1.0,0.9,674.0,52.0,674.0,52.0,0.0,0,False,1.0,1.0,74.0,45.0,0.0,31.8,False,False,True,True,True,8.0,2,True,80.0,120.0,200,SPOKED,SPOKED,0.0,0.0,80.0,80.0,290.0,780.0,34.9,890.0,1.0
400.0,63.0,610.0,75.0,170.0,45.0,620.0,75.0,655.0,50.0,45.0,50.0,33.6,36.5,25.0,15.0,9.0,STEEL,40.0,45.0,48.0,330.0,350.0,16.0,18.0,False,False,135.0,2.0,0.9,1.1,0.9,1.2,1.0,0.9,680.0,54.0,680.0,54.0,0.0,0,False,1.0,1.0,75.0,45.0,0.0,31.8,False,False,True,True,True,10.0,2,True,68.0,115.0,230,SPOKED,SPOKED,0.0,0.0,80.0,80.0,310.0,820.0,34.9,880.0,1.0
420.0,68.0,580.0,72.5,150.0,55.0,540.0,72.0,630.0,50.0,42.0,28.6,36.5,23.35,23.35,15.0,15.0,STEEL,30.0,40.0,45.0,330.0,350.0,16.0,18.0,False,False,135.0,2.0,0.9,1.1,0.9,1.2,1.0,0.9,680.0,28.0,680.0,28.0,0.0,0,False,1.0,1.0,68.0,45.0,0.0,31.8,True,True,True,True,True,7.0,1,False,65.0,105.0,225,SPOKED,SPOKED,1.0,1.0,80.0,80.0,280.0,700.0,36.5,350.0,1.0
430.0,68.0,590.0,73.5,160.0,55.0,550.0,73.0,640.0,50.0,42.0,28.6,36.5,23.35,23.35,15.0,15.0,STEEL,30.0,40.0,45.0,330.0,350.0,16.0,18.0,False,False,135.0,2.0,0.9,1.1,0.9,1.2,1.0,0.9,680.0,28.0,680.0,28.0,0.0,1,False,1.0,1.0,68.0,45.0,0.0,31.8,True,True,True,True,False,8.0,2,False,65.0,105.0,225,SPOKED,SPOKED,1.0,1.0,80.0,80.0,280.0,700.0,36.5,350.0,1.0
440.0,68.0,600.0,74.0,170.0,55.0,560.0,74.0,650.0,50.0,42.0,28.6,36.5,23.35,23.35,15.0,15.0,STEEL,30.0,40.0,45.0,330.0,350.0,16.0,18.0,False,False,135.0,2.0,0.9,1.1,0.9,1.2,1.0,0.9,680.0,28.0,680.0,28.0,0.0,2,False,1.0,1.0,68.0,45.0,0.0,31.8,True,True,True,True,True,9.0,3,False,65.0,105.0,225,SPOKED,SPOKED,1.0,1.0,80.0,80.0,280.0,700.0,36.5,350.0,1.0
425.0,68.0,610.0,71.5,140.0,55.0,530.0,71.0,620.0,50.0,42.0,28.6,36.5,23.35,23.35,15.0,15.0,STEEL,30.0,40.0,45.0,330.0,350.0,16.0,18.0,False,False,135.0,2.0,0.9,1.1,0.9,1.2,1.0,0.9,680.0,28.0,680.0,28.0,0.0,0,False,1.0,1.0,68.0,45.0,0.0,31.8,True,True,True,True,False,10.0,1,False,65.0,105.0,225,SPOKED,SPOKED,1.0,1.0,80.0,80.0,280.0,700.0,36.5,350.0,1.0
435.0,68.0,620.0,72.0,180.0,55.0,570.0,75.0,660.0,50.0,42.0,28.6,36.5,23.35,23.35,15.0,15.0,STEEL,30.0,40.0,45.0,330.0,350.0,16.0,18.0,False,False,135.0,2.0,0.9,1.1,0.9,1.2,1.0,0.9,680.0,28.0,680.0,28.0,0.0,1,False,1.0,1.0,68.0,45.0,0.0,31.8,True,True,True,True,True,11.0,2,False,65.0,105.0,225,SPOKED,SPOKED,1.0,1.0,80.0,80.0,280.0,700.0,36.5,350.0,1.0
445.0,68.0,630.0,73.0,155.0,55.0,545.0,72.5,635.0,50.0,42.0,28.6,36.5,23.35,23.35,15.0,15.0,STEEL,30.0,40.0,45.0,330.0,350.0,16.0,18.0,False,False,135.0,2.0,0.9,1.1,0.9,1.2,1.0,0.9,680.0,28.0,680.0,28.0,0.0,2,False,1.0,1.0,68.0,45.0,0.0,31.8,True,True,True,True,False,7.0,3,False,65.0,105.0,225,SPOKED,SPOKED,1.0,1.0,80.0,80.0,280.0,700.0,36.5,350.0,1.0
420.0,68.0,585.0,74.5,165.0,55.0,555.0,73.5,645.0,50.0,42.0,28.6,36.5,23.35,23.35,15.0,15.0,STEEL,30.0,40.0,45.0,330.0,350.0,16.0,18.0,False,False,135.0,2.0,0.9,1.1,0.9,1.2,1.0,0.9,680.0,28.0,680.0,28.0,0.0,0,False,1.0,1.0,68.0,45.0,0.0,31.8,True,True,True,True,True,8.0,1,False,65.0,105.0,225,SPOKED,SPOKED,1.0,1.0,80.0,80.0,280.0,700.0,36.5,350.0,1.0
430.0,68.0,595.0,71.0,145.0,55.0,535.0,71.5,625.0,50.0,42.0,28.6,36.5,23.35,23.35,15.0,15.0,STEEL,30.0,40.0,45.0,330.0,350.0,16.0,18.0,False,False,135.0,2.0,0.9,1.1,0.9,1.2,1.0,0.9,680.0,28.0,680.0,28.0,0.0,1,False,1.0,1.0,68.0,45.0,0.0,31.8,True,True,True,True,False,9.0,2,False,65.0,105.0,225,SPOKED,SPOKED,1.0,1.0,80.0,80.0,280.0,700.0,36.5,350.0,1.0
440.0,68.0,605.0,75.0,175.0,55.0,565.0,74.5,655.0,50.0,42.0,28.6,36.5,23.35,23.35,15.0,15.0,STEEL,30.0,40.0,45.0,330.0,350.0,16.0,18.0,False,False,135.0,2.0,0.9,1.1,0.9,1.2,1.0,0.9,680.0,28.0,680.0,28.0,0.0,2,False,1.0,1.0,68.0,45.0,0.0,31.8,True,True,True,True,True,10.0,3,False,65.0,105.0,225,SPOKED,SPOKED,1.0,1.0,80.0,80.0,280.0,700.0,36.5,350.0,1.0
450.0,68.0,615.0,72.5,155.0,55.0,550.0,72.5,640.0,50.0,42.0,28.6,36.5,23.35,23.35,15.0,15.0,STEEL,30.0,40.0,45.0,330.0,350.0,16.0,18.0,False,False,135.0,2.0,0.9,1.1,0.9,1.2,1.0,0.9,680.0,28.0,680.0,28.0,0.0,0,False,1.0,1.0,68.0,45.0,0.0,31.8,True,True,True,True,False,7.0,1,False,65.0,105.0,225,SPOKED,SPOKED,1.0,1.0,80.0,80.0,280.0,700.0,36.5,350.0,1.0
415.0,70.0,590,73.0,180,45,580.0,74.0,660.0,45.0,45.0,28.6,36.5,23.35,23.35,13.0,9.0,STEEL,35.0,40.0,40.0,0.0,0.0,0.0,0.0,False,False,135.0,2.0,0.9,1.1,0.9,1.2,1.0,0.9,674.0,52.0,674.0,52.0,0.0,0,False,1.0,1.0,68.0,45.0,0.0,31.8,False,True,True,True,True,8.0,1,True,100.0,150.0,240,SPOKED,SPOKED,0.0,0.0,0.0,0.0,250.0,760.0,34.9,350.0,1.0
420.0,65.0,600,72.5,170,45,575.0,73.5,655.0,46.0,40.0,28.6,36.5,23.35,23.35,13.0,9.0,STEEL,36.0,42.0,42.0,0.0,0.0,0.0,0.0,False,False,135.0,2.0,0.9,1.1,0.9,1.2,1.0,0.9,674.0,52.0,674.0,52.0,0.0,1,False,1.0,1.0,68.0,45.0,0.0,31.8,True,False,True,True,True,7.0,2,True,95.0,145.0,235,SPOKED,SPOKED,0.0,0.0,0.0,0.0,240.0,750.0,34.9,340.0,1.0
430.0,75.0,610,73.5,160,45,570.0,74.2,660.0,47.0,45.0,28.6,36.5,23.35,23.35,13.0,9.0,STEEL,37.0,43.0,43.0,0.0,0.0,0.0,0.0,False,False,135.0,2.0,0.9,1.1,0.9,1.2,1.0,0.9,674.0,52.0,674.0,52.0,0.0,2,False,1.0,1.0,68.0,44.0,0.0,31.8,False,True,True,True,True,9.0,1,True,105.0,155.0,245,SPOKED,SPOKED,0.0,0.0,0.0,0.0,260.0,755.0,34.9,345.0,1.0
405.0,68.0,585,74.0,150,45,585.0,73.0,650.0,45.0,40.0,28.6,36.5,23.35,23.35,13.0,9.0,STEEL,34.0,39.0,39.0,0.0,0.0,0.0,0.0,False,False,135.0,2.0,0.9,1.1,0.9,1.2,1.0,0.9,674.0,52.0,674.0,52.0,0.0,0,False,1.0,1.0,68.0,45.0,0.0,31.8,True,True,True,True,True,8.0,2,True,100.0,150.0,240,SPOKED,SPOKED,0.0,0.0,0.0,0.0,245.0,765.0,34.9,350.0,1.0
425.0,72.0,595,72.0,140,45,590.0,74.5,665.0,46.0,45.0,28.6,36.5,23.35,23.35,13.0,9.0,STEEL,38.0,41.0,41.0,0.0,0.0,0.0,0.0,False,False,135.0,2.0,0.9,1.1,0.9,1.2,1.0,0.9,674.0,52.0,674.0,52.0,0.0,1,False,1.0,1.0,68.0,46.0,0.0,31.8,False,True,True,True,True,9.0,1,True,102.0,152.0,238,SPOKED,SPOKED,0.0,0.0,0.0,0.0,255.0,770.0,34.9,355.0,1.0
415.5,70.5,605,73.2,160,45,600.0,73.8,670.0,48.0,40.0,28.6,36.5,23.35,23.35,13.0,9.0,STEEL,39.0,44.0,42.0,0.0,0.0,0.0,0.0,False,False,135.0,2.0,0.9,1.1,0.9,1.2,1.0,0.9,674.0,52.0,674.0,52.0,0.0,2,False,1.0,1.0,68.0,45.0,0.0,31.8,True,False,True,True,True,7.0,2,True,97.0,147.0,242,SPOKED,SPOKED,0.0,0.0,0.0,0.0,270.0,780.0,34.9,360.0,1.0
418.0,69.0,598,73.8,155,45,610.0,74.1,660.0,45.0,45.0,28.6,36.5,23.35,23.35,13.0,9.0,STEEL,40.0,45.0,43.0,0.0,0.0,0.0,0.0,False,False,135.0,2.0,0.9,1.1,0.9,1.2,1.0,0.9,674.0,52.0,674.0,52.0,0.0,0,False,1.0,1.0,68.0,47.0,0.0,31.8,True,True,True,True,True,8.0,1,True,101.0,149.0,241,SPOKED,SPOKED,0.0,0.0,0.0,0.0,275.0,785.0,34.9,365.0,1.0
412.0,74.0,602,72.8,165,45,620.0,73.3,655.0,50.0,40.0,28.6,36.5,23.35,23.35,13.0,9.0,STEEL,42.0,46.0,41.0,0.0,0.0,0.0,0.0,False,False,135.0,2.0,0.9,1.1,0.9,1.2,1.0,0.9,674.0,52.0,674.0,52.0,0.0,1,False,1.0,1.0,68.0,45.0,0.0,31.8,False,True,True,True,True,9.0,1,True,103.0,151.0,243,SPOKED,SPOKED,0.0,0.0,0.0,0.0,280.0,790.0,34.9,370.0,1.0
428.0,66.0,607,74.2,175,45,630.0,73.6,660.0,45.0,45.0,28.6,36.5,23.35,23.35,13.0,9.0,STEEL,43.0,47.0,42.0,0.0,0.0,0.0,0.0,False,False,135.0,2.0,0.9,1.1,0.9,1.2,1.0,0.9,674.0,52.0,674.0,52.0,0.0,0,False,1.0,1.0,68.0,46.0,0.0,31.8,True,True,True,True,True,10.0,2,True,99.0,148.0,239,SPOKED,SPOKED,0.0,0.0,0.0,0.0,285.0,795.0,34.9,375.0,1.0
408.0,73.0,592,73.1,185,45,640.0,74.0,650.0,46.0,40.0,28.6,36.5,23.35,23.35,13.0,9.0,STEEL,44.0,48.0,44.0,0.0,0.0,0.0,0.0,False,False,135.0,2.0,0.9,1.1,0.9,1.2,1.0,0.9,674.0,52.0,674.0,52.0,0.0,2,False,1.0,1.0,68.0,45.0,0.0,31.8,False,True,True,True,True,8.0,1,True,104.0,154.0,244,SPOKED,SPOKED,0.0,0.0,0.0,0.0,290.0,800.0,34.9,380.0,1.0
430.0,70.0,620.0,73.0,160.0,45.0,550.0,73.0,640.0,45.0,45.0,40.0,28.6,36.5,23.35,13.0,15.0,STEEL,35.0,40.0,45.0,330.0,350.0,16.0,18.0,False,False,135.0,2.0,0.9,1.1,0.9,1.2,1.0,0.9,680.0,52.0,680.0,52.0,0.0,1,False,1.0,1.0,68.0,44.0,0.0,34.9,False,True,True,True,True,7.0,1,True,70.0,130.0,180,SPOKED,SPOKED,0.0,0.0,80.0,80.0,290.0,760.0,28.6,700.0,1.0
425.0,72.0,630.0,72.5,155.0,48.0,560.0,72.0,650.0,42.0,45.0,38.0,28.6,36.5,23.35,13.0,15.0,STEEL,32.0,42.0,47.0,330.0,350.0,16.0,18.0,False,False,130.0,2.0,0.9,1.1,0.9,1.2,1.0,0.9,674.0,50.0,674.0,50.0,0.0,1,False,1.0,1.0,70.0,46.0,0.0,34.9,False,True,True,False,True,8.0,1,True,60.0,100.0,160,SPOKED,SPOKED,0.0,0.0,80.0,80.0,285.0,750.0,28.6,720.0,1.0
440.0,68.0,615.0,73.5,162.0,46.0,545.0,73.0,645.0,48.0,50.0,42.0,28.6,36.5,23.35,13.0,15.0,STEEL,38.0,40.0,46.0,330.0,350.0,16.0,18.0,False,False,135.0,2.0,0.9,1.1,0.9,1.2,1.0,0.9,680.0,52.0,680.0,52.0,0.0,2,False,1.0,1.0,68.0,44.0,0.0,34.9,False,True,False,False,False,1.0,1,False,75.0,120.0,200,SPOKED,SPOKED,0.0,0.0,80.0,80.0,295.0,770.0,28.6,700.0,1.0
450.0,65.0,640.0,72.0,170.0,50.0,570.0,74.0,660.0,44.0,45.0,40.0,28.6,36.5,23.35,13.0,15.0,STEEL,40.0,45.0,48.0,330.0,350.0,16.0,18.0,False,False,130.0,2.0,0.9,1.1,0.9,1.2,1.0,0.9,680.0,52.0,680.0,52.0,0.0,0,False,1.0,1.0,72.0,48.0,0.0,34.9,False,True,True,False,True,9.0,1,False,80.0,140.0,190,SPOKED,SPOKED,0.0,0.0,80.0,80.0,295.0,780.0,28.6,750.0,1.0
420.0,75.0,610.0,74.0,150.0,44.0,540.0,72.0,630.0,50.0,45.0,39.0,28.6,36.5,23.35,13.0,15.0,STEEL,33.0,38.0,43.0,330.0,350.0,16.0,18.0,False,False,135.0,2.0,0.9,1.1,0.9,1.2,1.0,0.9,674.0,48.0,674.0,48.0,0.0,1,False,1.0,1.0,66.0,42.0,0.0,34.9,False,False,True,True,True,7.0,2,True,65.0,120.0,170,SPOKED,SPOKED,0.0,0.0,80.0,80.0,280.0,740.0,28.6,700.0,1.0
435.0,70.0,655.0,73.0,175.0,49.0,580.0,73.0,655.0,46.0,45.0,41.0,28.6,36.5,23.35,13.0,15.0,STEEL,42.0,50.0,49.0,330.0,350.0,16.0,18.0,False,False,135.0,2.0,0.9,1.1,0.9,1.2,1.0,0.9,680.0,52.0,680.0,52.0,0.0,2,False,1.0,1.0,68.0,46.0,0.0,34.9,True,True,True,True,True,6.0,1,True,90.0,150.0,220,SPOKED,SPOKED,0.0,0.0,80.0,80.0,295.0,770.0,28.6,730.0,1.0
445.0,68.0,625.0,72.5,160.0,47.0,560.0,72.5,650.0,43.0,45.0,40.0,28.6,36.5,23.35,13.0,15.0,STEEL,36.0,42.0,46.0,330.0,350.0,16.0,18.0,False,False,130.0,2.0,0.9,1.1,0.9,1.2,1.0,0.9,674.0,51.0,674.0,51.0,0.0,1,False,1.0,3.0,68.0,44.0,0.0,34.9,False,True,True,False,True,8.0,2,True,70.0,130.0,180,SPOKED,SPOKED,0.0,0.0,80.0,80.0,288.0,755.0,28.6,710.0,1.0
430.0,69.0,635.0,73.0,158.0,46.0,555.0,73.0,645.0,45.0,45.0,38.0,28.6,36.5,23.35,13.0,15.0,STEEL,34.0,43.0,47.0,330.0,350.0,16.0,18.0,False,False,135.0,2.0,0.9,1.1,0.9,1.2,1.0,0.9,680.0,52.0,680.0,52.0,0.0,0,False,1.0,1.0,68.0,45.0,0.0,34.9,False,False,True,True,True,9.0,1,True,75.0,140.0,200,SPOKED,SPOKED,0.0,0.0,80.0,80.0,290.0,760.0,28.6,740.0,1.0
420.0,74.0,620.0,74.0,152.0,44.0,545.0,72.0,635.0,41.0,45.0,39.0,28.6,36.5,23.35,13.0,15.0,STEEL,33.0,39.0,44.0,330.0,350.0,16.0,18.0,False,False,130.0,2.0,0.9,1.1,0.9,1.2,1.0,0.9,674.0,52.0,674.0,52.0,0.0,2,False,1.0,1.0,66.0,42.0,0.0,34.9,False,True,True,True,False,7.0,1,False,60.0,120.0,180,SPOKED,SPOKED,0.0,0.0,80.0,80.0,282.0,745.0,28.6,715.0,1.0
450.0,67.0,645.0,72.0,168.0,50.0,575.0,74.0,660.0,47.0,45.0,40.0,28.6,36.5,23.35,13.0,15.0,STEEL,41.0,48.0,49.0,330.0,350.0,16.0,18.0,False,False,135.0,2.0,0.9,1.1,0.9,1.2,1.0,0.9,680.0,52.0,680.0,52.0,0.0,0,False,1.0,1.0,70.0,46.0,0.0,34.9,True,True,True,True,True,10.0,2,True,80.0,150.0,200,SPOKED,SPOKED,0.0,0.0,80.0,80.0,295.0,765.0,28.6,760.0,1.0
385.0,60.0,590.0,74.5,160.0,35.0,590.6,74.5,637.0,35.0,42.0,28.6,36.5,23.35,12.0,15.0,9.0,STEEL,29.8,30.6,39.6,330.0,350.0,16.0,18.0,False,False,130.0,2.0,0.9,1.1,0.9,1.2,1.0,0.9,676.0,52.0,676.0,52.0,0.0,1,False,1.0,1.0,73.0,38.0,692.0,28.6,False,False,False,False,True,8.0,1,False,65.0,105.0,225.0,SPOKED,SPOKED,0.0,0.0,80.0,80.0,300.0,820.0,31.0,300.0,1.0
395.0,62.0,600.0,75.0,170.0,45.0,600.0,74.0,640.0,40.0,43.0,30.0,36.5,24.0,13.0,15.0,9.0,STEEL,34.0,40.0,49.9,330.0,350.0,16.0,18.0,False,False,135.0,2.0,0.9,1.1,0.9,1.2,1.0,0.9,678.0,54.0,678.0,54.0,0.0,1,False,1.0,1.0,73.0,40.0,692.0,28.6,False,False,False,False,True,8.0,1,False,65.0,105.0,225.0,SPOKED,SPOKED,0.0,0.0,80.0,80.0,300.0,820.0,31.0,300.0,1.0
390.0,58.0,610.0,73.5,180.0,30.0,610.0,75.0,645.0,45.0,44.0,31.0,36.5,22.0,11.0,15.0,9.0,STEEL,35.0,45.0,45.0,330.0,350.0,16.0,18.0,False,False,130.0,2.0,0.9,1.1,0.9,1.2,1.0,0.9,680.0,52.0,680.0,52.0,0.0,1,False,1.0,1.0,73.0,42.0,692.0,28.6,False,False,False,False,True,8.0,1,False,65.0,105.0,225.0,SPOKED,SPOKED,0.0,0.0,80.0,80.0,300.0,820.0,31.0,300.0,1.0
400.0,64.0,575.0,76.0,165.0,50.0,580.0,73.5,630.0,35.0,45.0,29.0,36.5,23.0,12.5,15.0,9.0,STEEL,31.0,41.0,43.0,330.0,350.0,16.0,18.0,False,False,135.0,2.0,0.9,1.1,0.9,1.2,1.0,0.9,676.0,54.0,676.0,54.0,0.0,1,False,1.0,1.0,73.0,38.0,692.0,28.6,False,False,False,False,True,8.0,1,False,65.0,105.0,225.0,SPOKED,SPOKED,0.0,0.0,80.0,80.0,300.0,820.0,31.0,300.0,1.0
380.0,66.0,605.0,74.0,175.0,40.0,620.0,74.5,650.0,40.0,42.0,32.0,36.5,24.0,13.0,15.0,9.0,STEEL,33.0,43.0,47.0,330.0,350.0,16.0,18.0,False,False,130.0,2.0,0.9,1.1,0.9,1.2,1.0,0.9,678.0,52.0,678.0,52.0,0.0,1,False,1.0,1.0,73.0,40.0,692.0,28.6,False,False,False,False,True,8.0,1,False,65.0,105.0,225.0,SPOKED,SPOKED,0.0,0.0,80.0,80.0,300.0,820.0,31.0,300.0,1.0
410.0,60.0,595.0,75.0,185.0,30.0,590.0,74.0,635.0,45.0,43.0,28.0,36.5,22.0,11.0,15.0,9.0,STEEL,30.0,32.0,40.0,330.0,350.0,16.0,18.0,False,False,135.0,2.0,0.9,1.1,0.9,1.2,1.0,0.9,680.0,54.0,680.0,54.0,0.0,1,False,1.0,1.0,73.0,42.0,692.0,28.6,False,False,False,False,True,8.0,1,False,65.0,105.0,225.0,SPOKED,SPOKED,0.0,0.0,80.0,80.0,300.0,820.0,31.0,300.0,1.0
395.0,62.0,615.0,76.0,160.0,45.0,600.0,73.5,640.0,35.0,44.0,30.0,36.5,23.0,12.0,15.0,9.0,STEEL,29.0,30.0,42.0,330.0,350.0,16.0,18.0,False,False,130.0,2.0,0.9,1.1,0.9,1.2,1.0,0.9,676.0,52.0,676.0,52.0,0.0,1,False,1.0,1.0,73.0,38.0,692.0,28.6,False,False,False,False,True,8.0,1,False,65.0,105.0,225.0,SPOKED,SPOKED,0.0,0.0,80.0,80.0,300.0,820.0,31.0,300.0,1.0
405.0,64.0,585.0,73.5,170.0,35.0,610.0,74.5,645.0,40.0,45.0,31.0,36.5,24.0,13.0,15.0,9.0,STEEL,34.0,46.0,44.0,330.0,350.0,16.0,18.0,False,False,135.0,2.0,0.9,1.1,0.9,1.2,1.0,0.9,678.0,54.0,678.0,54.0,0.0,1,False,1.0,1.0,73.0,40.0,692.0,28.6,False,False,False,False,True,8.0,1,False,65.0,105.0,225.0,SPOKED,SPOKED,0.0,0.0,80.0,80.0,300.0,820.0,31.0,300.0,1.0
375.0,58.0,600.0,74.5,180.0,50.0,580.0,74.5,630.0,45.0,42.0,29.0,36.5,22.0,11.0,15.0,9.0,STEEL,35.0,42.0,46.0,330.0,350.0,16.0,18.0,False,False,130.0,2.0,0.9,1.1,0.9,1.2,1.0,0.9,680.0,52.0,680.0,52.0,0.0,1,False,1.0,1.0,73.0,42.0,692.0,28.6,False,False,False,False,True,8.0,1,False,65.0,105.0,225.0,SPOKED,SPOKED,0.0,0.0,80.0,80.0,300.0,820.0,31.0,300.0,1.0
415.0,66.0,620.0,75.5,165.0,40.0,620.0,74.0,650.0,35.0,43.0,32.0,36.5,23.35,12.5,15.0,9.0,STEEL,32.0,44.0,45.0,330.0,350.0,16.0,18.0,False,False,135.0,2.0,0.9,1.1,0.9,1.2,1.0,0.9,676.0,54.0,676.0,54.0,0.0,1,False,1.0,1.0,73.0,40.0,692.0,28.6,False,False,False,False,True,8.0,1,False,65.0,105.0,225.0,SPOKED,SPOKED,0.0,0.0,80.0,80.0,300.0,820.0,31.0,300.0,1.0
410.0,68.0,630.0,72.0,200.0,50.0,560.0,74.0,655.0,45.0,40.0,28.6,33.6,36.5,36.5,13.0,15.0,STEEL,35.0,50.0,50.0,330.0,350.0,0.0,0.0,False,False,135.0,1.0,1.0,1.0,1.0,1.0,1.0,1.0,674.0,52.0,674.0,52.0,0.0,2,False,1.0,1.0,68.0,45.0,0.0,34.9,False,True,True,True,True,8.0,1,True,100.0,149.0,237,SPOKED,SPOKED,0.0,0.0,0.0,0.0,280.0,760.0,33.6,300.0,1.0
405.0,70.0,625.0,73.0,190.0,55.0,550.0,75.0,650.0,47.0,40.0,28.6,33.6,36.5,36.5,13.0,15.0,STEEL,30.0,50.0,45.0,330.0,350.0,18.0,0.0,True,False,135.0,1.0,1.0,1.0,1.0,1.0,1.0,1.0,674.0,52.0,674.0,52.0,0.0,2,False,1.0,1.0,68.0,45.0,0.0,34.9,False,True,True,True,True,9.0,1,False,100.0,149.0,237,SPOKED,SPOKED,0.0,0.0,0.0,0.0,280.0,755.0,33.6,300.0,1.0
415.0,66.0,635.0,71.0,205.0,52.0,565.0,73.0,660.0,43.0,40.0,28.6,33.6,36.5,36.5,13.0,15.0,STEEL,40.0,50.0,50.0,330.0,350.0,0.0,0.0,False,False,135.0,1.0,1.0,1.0,1.0,1.0,1.0,1.0,674.0,52.0,674.0,52.0,0.0,2,False,1.0,1.0,68.0,45.0,0.0,34.9,False,True,True,True,True,7.0,2,True,100.0,149.0,237,SPOKED,SPOKED,0.0,0.0,0.0,0.0,280.0,755.0,33.6,300.0,1.0
420.0,67.0,620.0,72.5,195.0,48.0,555.0,74.5,660.0,46.0,40.0,28.6,33.6,36.5,36.5,13.0,15.0,STEEL,32.0,50.0,48.0,330.0,350.0,0.0,0.0,False,False,135.0,1.0,1.0,1.0,1.0,1.0,1.0,1.0,674.0,52.0,674.0,52.0,0.0,1,False,1.0,1.0,68.0,45.0,0.0,34.9,False,True,True,True,True,10.0,1,False,100.0,149.0,237,SPOKED,SPOKED,0.0,0.0,0.0,0.0,280.0,765.0,33.6,300.0,1.0
400.0,69.0,615.0,73.5,185.0,51.0,545.0,75.0,640.0,44.0,40.0,28.6,33.6,36.5,36.5,13.0,15.0,STEEL,28.0,50.0,42.0,330.0,350.0,18.0,18.0,True,True,135.0,1.0,1.0,1.0,1.0,1.0,1.0,1.0,674.0,52.0,674.0,52.0,0.0,2,False,1.0,1.0,68.0,45.0,0.0,34.9,False,True,True,True,True,11.0,2,True,100.0,149.0,237,SPOKED,SPOKED,0.0,0.0,0.0,0.0,280.0,770.0,33.6,300.0,1.0
395.0,71.0,612.0,72.0,180.0,49.0,560.0,74.0,645.0,48.0,40.0,28.6,33.6,36.5,36.5,13.0,15.0,STEEL,25.0,50.0,45.0,330.0,350.0,0.0,0.0,False,False,135.0,1.0,1.0,1.0,1.0,1.0,1.0,1.0,674.0,52.0,674.0,52.0,0.0,1,False,1.0,1.0,68.0,45.0,0.0,34.9,False,False,True,False,True,8.0,1,False,100.0,149.0,237,SPOKED,SPOKED,0.0,0.0,0.0,0.0,290.0,750.0,33.6,300.0,1.0
425.0,65.0,640.0,73.0,210.0,56.0,570.0,73.5,670.0,45.0,40.0,28.6,33.6,36.5,36.5,13.0,15.0,STEEL,45.0,50.0,55.0,330.0,350.0,18.0,18.0,True,True,135.0,1.0,1.0,1.0,1.0,1.0,1.0,1.0,674.0,52.0,674.0,52.0,0.0,2,False,1.0,1.0,68.0,45.0,0.0,34.9,False,True,True,False,True,9.0,2,True,100.0,149.0,237,SPOKED,SPOKED,0.0,0.0,0.0,0.0,290.0,760.0,33.6,300.0,1.0
405.0,68.5,628.0,71.5,198.0,53.0,555.0,74.0,655.0,45.0,40.0,28.6,33.6,36.5,36.5,13.0,15.0,STEEL,33.0,50.0,48.0,330.0,350.0,0.0,0.0,False,False,135.0,1.0,1.0,1.0,1.0,1.0,1.0,1.0,674.0,52.0,674.0,52.0,0.0,1,False,1.0,1.0,68.0,45.0,0.0,34.9,False,True,True,False,True,7.0,1,False,100.0,149.0,237,SPOKED,SPOKED,0.0,0.0,0.0,0.0,290.0,755.0,33.6,300.0,1.0
415.0,69.5,622.0,72.2,202.0,54.0,565.0,73.8,660.0,47.0,40.0,28.6,33.6,36.5,36.5,13.0,15.0,STEEL,38.0,50.0,52.0,330.0,350.0,18.0,18.0,True,True,135.0,1.0,1.0,1.0,1.0,1.0,1.0,1.0,674.0,52.0,674.0,52.0,0.0,2,False,1.0,1.0,68.0,45.0,0.0,34.9,False,True,True,False,True,10.0,1,True,100.0,149.0,237,SPOKED,SPOKED,0.0,0.0,0.0,0.0,290.0,760.0,33.6,300.0,1.0
410.0,66.5,630.0,72.8,188.0,50.0,560.0,74.2,650.0,44.0,40.0,28.6,33.6,36.5,36.5,13.0,15.0,STEEL,29.0,50.0,47.0,330.0,350.0,0.0,0.0,False,False,135.0,1.0,1.0,1.0,1.0,1.0,1.0,1.0,674.0,52.0,674.0,52.0,0.0,1,False,1.0,1.0,68.0,45.0,0.0,34.9,False,True,True,False,True,8.0,2,False,100.0,149.0,237,SPOKED,SPOKED,0.0,0.0,0.0,0.0,290.0,765.0,33.6,300.0,1.0
420.0,60.0,630.0,73.0,180.0,45.0,570.0,73.5,650.0,45.0,45.0,30.0,28.6,36.5,23.35,13.0,15.0,STEEL,35.0,45.0,40.0,330.0,350.0,16.0,18.0,True,False,135.0,2.0,0.9,1.1,0.9,1.2,1.0,0.9,680.0,52.0,680.0,52.0,0.0,2,False,1.0,1.0,68.0,45.0,0.0,31.8,False,False,True,True,True,8.0,1,False,65.0,105.0,225,SPOKED,SPOKED,0.0,0.0,80.0,80.0,280.0,700.0,34.9,300.0,1.0
430.0,65.0,620.0,74.0,170.0,50.0,560.0,74.0,640.0,50.0,45.0,31.0,28.6,36.5,23.35,13.0,15.0,STEEL,34.0,46.0,39.0,330.0,350.0,16.0,18.0,False,True,130.0,2.0,0.9,1.1,0.9,1.2,1.0,0.9,674.0,52.0,674.0,52.0,0.0,1,False,1.0,1.0,68.0,45.0,0.0,31.8,False,True,True,True,True,8.0,1,False,65.0,105.0,225,SPOKED,SPOKED,0.0,0.0,80.0,80.0,285.0,695.0,34.9,300.0,1.0
440.0,58.0,615.0,72.5,175.0,45.0,575.0,73.0,645.0,45.0,45.0,32.0,33.6,36.5,23.35,13.0,15.0,STEEL,36.0,44.0,41.0,330.0,350.0,16.0,18.0,True,False,135.0,2.0,0.9,1.1,0.9,1.2,1.0,0.9,680.0,60.0,680.0,60.0,0.0,0,False,1.0,3.0,68.0,45.0,0.0,31.8,True,True,True,True,True,9.0,1,True,65.0,105.0,225,SPOKED,TRISPOKE,0.0,1.0,80.0,90.0,275.0,705.0,34.9,320.0,1.0
410.0,62.0,625.0,73.5,165.0,45.0,565.0,74.5,635.0,50.0,45.0,30.5,28.6,36.5,23.35,13.0,15.0,STEEL,33.0,47.0,38.0,330.0,350.0,16.0,18.0,True,False,130.0,2.0,0.9,1.1,0.9,1.2,1.0,0.9,674.0,52.0,674.0,52.0,0.0,1,False,1.0,2.0,68.0,45.0,0.0,31.8,True,False,True,False,True,7.0,2,False,65.0,105.0,225,SPOKED,SPOKED,0.0,0.0,80.0,80.0,282.0,690.0,34.9,300.0,1.0
435.0,60.0,610.0,72.0,160.0,45.0,580.0,73.0,630.0,45.0,45.0,32.0,33.6,36.5,24.0,13.0,16.0,STEEL,32.0,45.0,42.0,330.0,350.0,16.0,18.0,False,True,135.0,2.0,0.9,1.1,0.9,1.2,1.0,0.9,680.0,55.0,680.0,55.0,0.0,2,False,1.0,1.0,68.0,45.0,0.0,31.8,False,False,False,False,True,8.0,1,True,65.0,105.0,225,SPOKED,SPOKED,0.0,0.0,80.0,80.0,280.0,705.0,34.9,285.0,1.0
425.0,63.0,635.0,74.5,185.0,45.0,550.0,74.0,655.0,50.0,45.0,30.0,28.6,36.5,23.35,13.0,15.0,STEEL,37.0,42.0,39.5,330.0,350.0,16.0,18.0,True,False,130.0,2.0,0.9,1.1,0.9,1.2,1.0,0.9,680.0,52.0,680.0,52.0,0.0,2,False,1.0,0.0,68.0,45.0,0.0,31.8,False,True,True,True,True,8.0,1,False,65.0,105.0,225,SPOKED,SPOKED,0.0,0.0,80.0,80.0,276.0,698.0,34.9,305.0,1.0
450.0,57.0,600.0,72.0,155.0,45.0,590.0,73.5,620.0,45.0,45.0,31.0,33.6,36.5,23.35,13.0,15.0,STEEL,31.0,47.0,43.0,330.0,350.0,16.0,18.0,False,True,135.0,2.0,0.9,1.1,0.9,1.2,1.0,0.9,674.0,50.0,674.0,50.0,0.0,1,False,1.0,2.0,68.0,45.0,0.0,31.8,True,False,False,True,True,9.0,1,True,65.0,105.0,225,SPOKED,SPOKED,0.0,0.0,80.0,80.0,279.0,710.0,34.9,290.0,1.0
400.0,59.0,605.0,73.8,172.0,45.0,555.0,74.2,638.0,45.0,45.0,30.5,28.6,36.5,23.35,13.0,15.0,STEEL,35.0,43.0,40.0,330.0,350.0,16.0,18.0,False,False,130.0,2.0,0.9,1.1,0.9,1.2,1.0,0.9,680.0,52.0,680.0,52.0,0.0,1,False,1.0,1.0,68.0,45.0,0.0,31.8,False,True,False,True,True,8.0,2,True,65.0,105.0,225,SPOKED,SPOKED,0.0,0.0,80.0,80.0,282.0,700.0,34.9,300.0,1.0
415.0,61.0,620.0,73.3,168.0,45.0,565.0,73.8,645.0,45.0,45.0,31.5,33.6,36.5,23.35,13.0,15.0,STEEL,36.0,46.0,39.0,330.0,350.0,16.0,18.0,True,True,135.0,2.0,0.9,1.1,0.9,1.2,1.0,0.9,680.0,52.0,680.0,52.0,0.0,2,False,1.0,1.0,68.0,45.0,0.0,31.8,True,False,True,True,True,8.0,1,False,65.0,105.0,225,SPOKED,SPOKED,0.0,0.0,80.0,80.0,281.0,702.0,34.9,300.0,1.0
395.0,70.0,640.0,74.0,182.0,45.0,580.0,74.5,660.0,50.0,45.0,30.0,33.6,36.5,23.35,13.0,15.0,STEEL,38.0,44.0,40.0,330.0,350.0,16.0,18.0,True,True,130.0,2.0,0.9,1.1,0.9,1.2,1.0,0.9,680.0,52.0,680.0,52.0,0.0,0,False,1.0,3.0,68.0,45.0,0.0,31.8,True,True,True,True,True,10.0,2,True,70.0,110.0,230,SPOKED,SPOKED,0.0,0.0,80.0,80.0,283.0,708.0,34.9,310.0,1.0
480.0,75.0,600.0,72.0,180.0,50.0,560.0,74.0,670.0,55.0,40.0,30.0,36.0,24.0,14.0,15.0,10.0,STEEL,35.0,40.0,50.0,310.0,0.0,15.0,0.0,True,False,135.0,2.0,1.0,1.0,1.0,1.2,1.0,1.0,680.0,58.0,680.0,58.0,0.0,0,False,1.0,1.0,68.0,46.0,0.0,31.8,False,False,False,False,True,8.0,1,False,100.0,149.0,237,SPOKED,SPOKED,0.0,0.0,0.0,0.0,280.0,750.0,36.0,300.0,1.0
450.0,70.0,580.0,73.0,170.0,45.0,540.0,74.5,660.0,50.0,40.0,29.0,35.0,23.0,13.0,16.0,9.0,STEEL,32.0,42.0,48.0,320.0,0.0,14.0,0.0,True,False,135.0,2.0,0.9,1.1,0.9,1.1,1.0,0.9,680.0,58.0,680.0,58.0,0.0,1,False,1.0,1.0,68.0,45.0,0.0,31.8,False,False,False,False,True,9.0,1,False,100.0,149.0,237,SPOKED,SPOKED,0.0,0.0,0.0,0.0,285.0,740.0,35.0,300.0,1.0
500.0,65.0,620.0,71.5,200.0,55.0,580.0,73.5,680.0,60.0,42.0,31.0,37.0,24.5,14.5,14.0,11.0,STEEL,38.0,45.0,52.0,305.0,0.0,16.0,0.0,True,False,135.0,2.1,1.0,1.2,1.0,1.2,1.1,1.0,680.0,58.0,680.0,58.0,0.0,2,False,1.0,1.0,68.0,48.0,0.0,31.8,False,False,False,False,True,10.0,1,False,100.0,149.0,237,SPOKED,SPOKED,0.0,0.0,0.0,0.0,290.0,760.0,37.0,310.0,1.0
470.0,80.0,590.0,72.5,165.0,48.0,550.0,74.0,665.0,53.0,40.0,30.0,36.0,23.0,13.0,17.0,9.0,STEEL,34.0,43.0,49.0,315.0,0.0,15.0,0.0,True,False,135.0,2.0,0.9,1.1,0.9,1.2,1.0,0.9,680.0,58.0,680.0,58.0,0.0,1,False,1.0,1.0,70.0,44.0,0.0,31.8,False,False,False,False,True,8.0,2,True,100.0,149.0,237,SPOKED,SPOKED,0.0,0.0,0.0,0.0,295.0,755.0,36.0,320.0,1.0
460.0,68.0,610.0,73.0,175.0,52.0,565.0,73.0,675.0,52.0,40.0,30.0,36.0,23.5,13.2,16.0,10.0,STEEL,36.0,41.0,51.0,312.0,0.0,15.0,0.0,True,False,135.0,2.0,1.0,1.0,1.0,1.2,1.0,1.0,680.0,58.0,680.0,58.0,0.0,0,False,1.0,1.0,68.0,47.0,0.0,31.8,False,False,False,False,True,9.0,2,False,100.0,149.0,237,SPOKED,SPOKED,0.0,0.0,0.0,0.0,300.0,765.0,38.0,330.0,1.0
485.0,72.0,605.0,72.0,185.0,53.0,570.0,74.5,672.0,54.0,40.0,29.0,35.0,24.0,13.5,15.0,9.0,STEEL,37.0,44.0,50.0,318.0,0.0,15.0,0.0,True,False,135.0,2.0,0.9,1.1,0.9,1.2,1.0,0.9,680.0,58.0,680.0,58.0,0.0,2,False,1.0,1.0,68.0,45.0,0.0,31.8,False,False,False,False,True,11.0,1,False,100.0,149.0,237,SPOKED,SPOKED,0.0,0.0,0.0,0.0,282.0,748.0,35.0,290.0,1.0
495.0,77.0,595.0,71.0,190.0,50.0,555.0,73.5,660.0,50.0,40.0,30.0,37.0,24.0,14.0,16.0,11.0,STEEL,39.0,46.0,49.0,320.0,0.0,16.0,0.0,True,False,135.0,2.0,0.9,1.1,0.9,1.2,1.0,0.9,680.0,58.0,680.0,58.0,0.0,0,False,1.0,1.0,70.0,44.0,0.0,31.8,False,False,False,False,True,8.0,2,True,100.0,149.0,237,SPOKED,SPOKED,0.0,0.0,0.0,0.0,288.0,752.0,36.0,315.0,1.0
455.0,69.0,585.0,73.5,160.0,47.0,545.0,74.5,655.0,51.0,40.0,29.0,34.0,23.0,13.0,15.0,8.0,STEEL,31.0,39.0,47.0,308.0,0.0,14.0,0.0,True,False,135.0,2.0,0.9,1.1,0.9,1.2,1.0,0.9,680.0,58.0,680.0,58.0,0.0,1,False,1.0,1.0,68.0,43.0,0.0,31.8,False,False,False,False,True,7.0,1,False,100.0,149.0,237,SPOKED,SPOKED,0.0,0.0,0.0,0.0,275.0,740.0,34.0,280.0,1.0
510.0,74.0,615.0,72.5,195.0,54.0,575.0,73.0,678.0,56.0,40.0,32.0,38.0,25.0,15.0,14.0,12.0,STEEL,40.0,48.0,53.0,322.0,0.0,18.0,0.0,True,False,135.0,2.2,1.0,1.2,1.0,1.2,1.1,1.0,680.0,58.0,680.0,58.0,0.0,2,False,1.0,1.0,68.0,50.0,0.0,31.8,False,False,False,False,True,10.0,2,True,100.0,149.0,237,SPOKED,SPOKED,0.0,0.0,0.0,0.0,295.0,765.0,38.0,330.0,1.0
440.0,66.0,575.0,74.0,155.0,46.0,535.0,74.0,650.0,49.0,40.0,28.0,34.0,23.0,12.0,17.0,9.0,STEEL,30.0,38.0,46.0,305.0,0.0,13.0,0.0,True,False,135.0,2.0,0.9,1.1,0.9,1.2,1.0,0.9,680.0,58.0,680.0,58.0,0.0,1,False,1.0,1.0,68.0,42.0,0.0,31.8,False,False,False,False,True,9.0,1,False,100.0,149.0,237,SPOKED,SPOKED,0.0,0.0,0.0,0.0,270.0,735.0,34.0,280.0,1.0
430,70,610,72.5,160,50,580.0,73.0,640.0,45.0,40.0,28.6,36.5,23.35,23.35,13.0,15.0,STEEL,35.0,50.0,45.0,0.0,0.0,0.0,0.0,False,False,135.0,2.0,2.0,2.0,2.0,2.0,2.0,2.0,674.0,52.0,674.0,52.0,0.0,1,False,1.0,1.0,68.0,45.0,0.0,31.8,False,False,True,True,True,8.0,1,True,100.0,150.0,255,SPOKED,SPOKED,0.0,0.0,0.0,0.0,278.0,800.0,34.9,300.0,1.0
435,68,615,73.0,165,52,590.0,74.0,650.0,47.0,42.0,28.6,36.5,23.35,23.35,13.0,15.0,STEEL,36.0,53.0,46.0,0.0,0.0,0.0,0.0,False,False,135.0,2.0,2.0,2.0,2.0,2.0,2.0,2.0,674.0,52.0,674.0,52.0,0.0,1,False,1.0,1.0,68.0,45.0,0.0,31.8,False,False,True,True,True,9.0,1,True,100.0,150.0,255,SPOKED,SPOKED,0.0,0.0,0.0,0.0,278.0,800.0,34.9,300.0,1.0
440,75,620,72.0,155,48,575.0,73.5,645.0,44.0,40.0,28.6,36.5,23.35,23.35,13.0,15.0,STEEL,34.0,52.0,44.0,0.0,0.0,0.0,0.0,False,False,135.0,2.0,2.0,2.0,2.0,2.0,2.0,2.0,674.0,52.0,674.0,52.0,0.0,1,False,1.0,1.0,68.0,45.0,0.0,31.8,False,False,True,True,True,8.0,2,True,100.0,150.0,255,SPOKED,SPOKED,0.0,0.0,0.0,0.0,278.0,800.0,34.9,300.0,1.0
425,70,605,74.0,180,55,600.0,72.0,630.0,48.0,43.0,29.0,37.0,23.35,23.35,13.0,14.0,STEEL,40.0,60.0,48.0,0.0,0.0,0.0,0.0,False,False,135.0,2.0,2.0,2.0,2.0,2.0,2.0,2.0,674.0,52.0,674.0,52.0,0.0,1,False,1.0,1.0,68.0,45.0,0.0,31.8,False,False,True,True,True,10.0,1,True,100.0,150.0,255,SPOKED,SPOKED,0.0,0.0,0.0,0.0,278.0,800.0,34.9,300.0,1.0
445,65,615,73.5,150,45,565.0,75.0,660.0,46.0,40.0,28.6,36.5,23.35,23.35,13.0,15.0,STEEL,32.0,48.0,42.0,0.0,0.0,0.0,0.0,False,False,135.0,2.0,2.0,2.0,2.0,2.0,2.0,2.0,674.0,52.0,674.0,52.0,0.0,1,False,1.0,1.0,68.0,45.0,0.0,31.8,False,False,True,True,True,7.0,1,True,100.0,150.0,255,SPOKED,SPOKED,0.0,0.0,0.0,0.0,278.0,800.0,34.9,300.0,1.0
435,72,630,71.5,175,60,610.0,74.0,670.0,50.0,45.0,30.0,38.0,23.35,23.35,14.0,16.0,STEEL,37.0,57.0,49.0,0.0,0.0,0.0,0.0,False,False,135.0,2.0,2.0,2.0,2.0,2.0,2.0,2.0,674.0,52.0,674.0,52.0,0.0,1,False,1.0,1.0,68.0,45.0,0.0,31.8,False,False,True,True,True,9.0,2,True,100.0,150.0,255,SPOKED,SPOKED,0.0,0.0,0.0,0.0,278.0,800.0,34.9,300.0,1.0
420,68,600,74.5,145,50,595.0,72.5,635.0,44.0,42.0,28.6,36.5,23.35,23.35,13.0,15.0,STEEL,33.0,51.0,47.0,0.0,0.0,0.0,0.0,False,False,135.0,2.0,2.0,2.0,2.0,2.0,2.0,2.0,674.0,52.0,674.0,52.0,0.0,1,False,1.0,1.0,68.0,45.0,0.0,31.8,False,False,True,True,True,8.0,1,True,100.0,150.0,255,SPOKED,SPOKED,0.0,0.0,0.0,0.0,278.0,800.0,34.9,300.0,1.0
430,70,618,72.5,158,53,580.0,73.8,640.0,45.0,40.0,28.6,36.5,23.35,23.35,13.0,15.0,STEEL,35.0,54.0,45.0,0.0,0.0,0.0,0.0,False,False,135.0,2.0,2.0,2.0,2.0,2.0,2.0,2.0,674.0,52.0,674.0,52.0,0.0,1,False,1.0,1.0,68.0,45.0,0.0,31.8,False,False,True,True,True,8.0,1,True,100.0,150.0,255,SPOKED,SPOKED,0.0,0.0,0.0,0.0,278.0,800.0,34.9,300.0,1.0
440,69,612,73.2,162,56,595.0,74.0,655.0,46.0,40.0,28.6,36.5,23.35,23.35,13.0,15.0,STEEL,38.0,56.0,47.0,0.0,0.0,0.0,0.0,False,False,135.0,2.0,2.0,2.0,2.0,2.0,2.0,2.0,674.0,52.0,674.0,52.0,0.0,1,False,1.0,1.0,68.0,45.0,0.0,31.8,False,False,True,True,True,8.0,1,True,100.0,150.0,255,SPOKED,SPOKED,0.0,0.0,0.0,0.0,278.0,800.0,34.9,300.0,1.0
425,75,625,71.0,170,58,605.0,73.3,660.0,47.0,43.0,28.6,36.5,23.35,23.35,13.0,15.0,STEEL,39.0,59.0,46.0,0.0,0.0,0.0,0.0,False,False,135.0,2.0,2.0,2.0,2.0,2.0,2.0,2.0,674.0,52.0,674.0,52.0,0.0,1,False,1.0,1.0,68.0,45.0,0.0,31.8,False,False,True,True,True,9.0,1,True,100.0,150.0,255,SPOKED,SPOKED,0.0,0.0,0.0,0.0,278.0,800.0,34.9,300.0,1.0
430,65,620,74,180,50,560.0,74.0,640.0,50.0,46.0,30.0,33.6,23.35,30.0,15.0,15.0,STEEL,40.0,50.0,55.0,330.0,350.0,16.0,18.0,False,False,135.0,2.0,1.2,1.1,1.2,1.0,0.9,1.2,700.0,70.0,700.0,70.0,0.0,1,False,1.0,1.0,68.0,45.0,700.0,31.8,True,False,True,False,True,9.0,1,False,65.0,105.0,225,SPOKED,SPOKED,1.0,1.0,80.0,80.0,280.0,700.0,33.6,330.0,1.0
435,67,630,73,170,55,580.0,75.0,645.0,52.0,45.0,29.0,33.6,23.35,32.0,15.5,15.0,STEEL,42.0,52.0,57.0,335.0,355.0,16.0,18.0,False,False,135.0,2.0,1.1,1.2,1.3,1.0,0.9,1.2,700.0,68.0,700.0,68.0,0.0,1,False,1.0,1.0,68.0,46.0,690.0,31.8,True,True,False,True,True,10.0,2,False,65.0,105.0,225,SPOKED,TRISPOKE,0.0,1.0,80.0,90.0,285.0,710.0,33.6,335.0,1.0
440,63,610,75,150,52,550.0,74.0,630.0,48.0,48.0,31.0,34.9,23.35,31.0,14.0,15.0,STEEL,38.0,48.0,52.0,330.0,350.0,16.0,18.0,True,True,135.0,2.0,1.2,1.1,1.2,1.0,0.9,1.2,700.0,72.0,700.0,72.0,0.0,1,False,1.0,1.0,68.0,45.0,700.0,31.8,False,True,True,True,True,9.0,2,False,60.0,100.0,220,DISC,DISC,0.0,0.0,0.0,0.0,275.0,695.0,34.9,320.0,1.0
445,65,625,73,160,50,565.0,73.0,635.0,51.0,47.0,30.0,33.6,23.35,30.0,15.0,15.0,STEEL,40.0,50.0,55.0,330.0,350.0,16.0,18.0,False,False,135.0,2.0,1.2,1.1,1.2,1.0,0.9,1.2,700.0,70.0,700.0,70.0,0.0,1,False,1.0,1.0,68.0,45.0,700.0,31.8,False,False,True,True,False,0.0,1,True,65.0,105.0,225,SPOKED,SPOKED,1.0,1.0,80.0,80.0,280.0,700.0,33.6,330.0,1.0
430,64,615,74,170,55,570.0,75.0,642.0,49.0,46.0,29.0,33.6,23.35,32.0,15.0,15.0,STEEL,42.0,52.0,58.0,330.0,350.0,16.0,18.0,False,False,135.0,2.0,1.2,1.1,1.2,1.0,0.9,1.2,700.0,69.0,700.0,69.0,0.0,1,False,1.0,1.0,68.0,46.0,700.0,31.8,True,True,True,False,True,8.0,1,False,65.0,105.0,225,DISC,SPOKED,0.0,1.0,0.0,80.0,285.0,705.0,33.6,332.0,1.0
450,66,635,73,155,48,555.0,74.0,638.0,53.0,45.0,30.0,34.9,23.35,30.0,14.5,15.0,STEEL,39.0,49.0,54.0,330.0,350.0,16.0,18.0,False,False,135.0,2.0,1.2,1.1,1.2,1.0,0.9,1.2,700.0,71.0,700.0,71.0,0.0,1,False,1.0,1.0,68.0,45.0,700.0,31.8,True,True,True,True,True,8.0,2,True,65.0,105.0,225,TRISPOKE,SPOKED,1.0,0.0,90.0,80.0,270.0,690.0,34.9,340.0,1.0
460,64,620,75,175,57,590.0,73.0,650.0,50.0,47.0,31.0,33.6,23.35,33.0,15.0,15.0,STEEL,44.0,54.0,59.0,330.0,350.0,16.0,18.0,False,False,135.0,2.0,1.2,1.1,1.2,1.0,0.9,1.2,680.0,52.0,680.0,52.0,0.0,1,False,1.0,1.0,68.0,45.0,680.0,31.8,False,False,False,False,True,10.0,1,False,65.0,105.0,225,TRISPOKE,DISC,1.0,0.0,90.0,0.0,275.0,705.0,33.6,330.0,1.0
470,62,612,73,165,53,545.0,74.0,625.0,47.0,46.0,30.0,33.6,23.35,30.0,15.0,15.0,STEEL,41.0,51.0,53.0,330.0,350.0,16.0,18.0,False,False,135.0,2.0,1.2,1.1,1.2,1.0,0.9,1.2,700.0,70.0,700.0,70.0,0.0,1,False,1.0,3.0,68.0,50.0,700.0,31.8,False,True,True,False,True,9.0,2,False,70.0,110.0,230,DISC,SPOKED,0.0,1.0,0.0,80.0,280.0,702.0,33.6,327.0,1.0
450,67,630,74,155,49,560.0,73.0,630.0,50.0,45.0,29.0,33.6,23.35,30.0,14.0,15.0,STEEL,39.0,49.0,54.0,330.0,350.0,16.0,18.0,False,False,135.0,2.0,1.2,1.1,1.2,1.0,0.9,1.2,700.0,68.0,700.0,68.0,0.0,1,False,1.0,2.0,68.0,45.0,700.0,31.8,True,False,False,True,True,9.0,1,False,65.0,105.0,225,SPOKED,DISC,1.0,0.0,80.0,0.0,282.0,698.0,33.6,333.0,2.0
460,63,625,75,170,55,575.0,74.0,645.0,52.0,46.0,30.0,34.9,23.35,32.0,15.0,15.0,STEEL,43.0,53.0,56.0,330.0,350.0,16.0,18.0,False,False,135.0,2.0,1.2,1.1,1.2,1.0,0.9,1.2,700.0,70.0,700.0,70.0,0.0,1,False,1.0,1.0,68.0,45.0,700.0,31.8,False,True,False,False,True,8.0,2,True,65.0,105.0,225,SPOKED,SPOKED,1.0,1.0,80.0,80.0,280.0,700.0,34.9,335.0,1.0
430.0,70.0,600.0,74.0,160.0,45.0,540.0,73.5,630.0,50.0,45.0,28.6,36.5,23.35,23.35,15.0,9.0,STEEL,30.0,40.0,50.0,330.0,350.0,16.0,18.0,False,False,130.0,2.0,0.9,1.1,0.9,1.2,1.0,0.9,680.0,50.0,680.0,50.0,0.0,1,False,1.0,1.0,68.0,45.0,0.0,31.8,False,True,True,True,True,8.0,1,True,100.0,149.0,237,SPOKED,SPOKED,0.0,0.0,80.0,80.0,278.0,730.0,34.9,300.0,1.0
435.0,72.0,605.0,73.8,165.0,46.0,545.0,73.2,635.0,52.0,45.0,28.6,36.5,23.35,23.35,15.5,9.5,STEEL,32.0,42.0,52.0,330.0,350.0,16.0,18.0,False,False,135.0,2.0,1.0,1.0,1.2,1.0,1.2,1.0,680.0,55.0,680.0,55.0,0.0,1,False,1.0,1.0,68.0,45.0,0.0,31.8,False,True,True,True,True,7.0,2,True,100.0,149.0,237,SPOKED,SPOKED,0.0,0.0,80.0,80.0,280.0,735.0,34.9,300.0,1.0
425.0,68.0,595.0,74.2,155.0,44.0,538.0,73.8,625.0,48.0,45.0,28.6,36.5,23.35,23.35,14.5,8.5,STEEL,28.0,38.0,48.0,330.0,350.0,16.0,18.0,False,False,130.0,2.0,0.9,1.1,0.9,1.2,1.0,0.9,674.0,48.0,674.0,48.0,0.0,1,False,1.0,1.0,68.0,45.0,0.0,31.8,False,True,True,False,True,8.0,1,True,100.0,149.0,237,SPOKED,SPOKED,0.0,0.0,80.0,80.0,275.0,725.0,34.9,300.0,1.0
440.0,67.0,610.0,73.6,170.0,47.0,550.0,73.0,640.0,50.0,45.0,28.6,36.5,23.35,23.35,16.0,10.0,STEEL,35.0,45.0,55.0,330.0,350.0,16.0,18.0,False,False,135.0,2.0,1.0,1.1,1.0,1.2,1.0,1.0,680.0,53.0,680.0,53.0,0.0,1,False,1.0,1.0,68.0,45.0,0.0,31.8,False,True,True,True,True,9.0,1,True,100.0,149.0,237,SPOKED,SPOKED,0.0,0.0,80.0,80.0,285.0,740.0,34.9,300.0,1.0
420.0,71.0,598.0,74.1,158.0,43.0,542.0,73.7,632.0,49.0,45.0,28.6,36.5,23.35,23.35,15.0,9.0,STEEL,29.0,39.0,49.0,330.0,350.0,16.0,18.0,False,False,130.0,2.0,1.0,1.0,1.0,1.0,1.0,1.0,678.0,52.0,678.0,52.0,0.0,1,False,1.0,1.0,68.0,45.0,0.0,31.8,False,True,True,True,True,8.0,2,True,100.0,149.0,237,SPOKED,SPOKED,0.0,0.0,80.0,80.0,278.0,720.0,34.9,300.0,1.0
430.0,69.0,602.0,73.9,162.0,45.0,548.0,73.3,638.0,50.0,45.0,28.6,36.5,23.35,23.35,15.0,9.0,STEEL,31.0,41.0,51.0,330.0,350.0,16.0,18.0,False,False,135.0,2.0,1.0,1.1,1.0,1.2,1.0,1.0,680.0,54.0,680.0,54.0,0.0,1,False,1.0,1.0,68.0,45.0,0.0,31.8,False,True,True,True,True,9.0,1,True,100.0,149.0,237,SPOKED,SPOKED,0.0,0.0,80.0,80.0,282.0,732.0,34.9,300.0,1.0
437.0,75.0,615.0,73.2,175.0,48.0,555.0,72.8,650.0,52.0,45.0,28.6,36.5,23.35,23.35,15.5,9.5,STEEL,33.0,43.0,53.0,330.0,350.0,16.0,18.0,False,False,130.0,2.0,1.0,1.1,1.0,1.2,1.0,1.0,682.0,56.0,682.0,56.0,0.0,1,False,1.0,1.0,68.0,45.0,0.0,31.8,False,True,True,True,True,8.0,1,True,100.0,149.0,237,SPOKED,SPOKED,0.0,0.0,80.0,80.0,288.0,745.0,34.9,300.0,1.0
422.0,73.0,608.0,74.3,152.0,42.0,544.0,74.0,628.0,48.0,45.0,28.6,36.5,23.35,23.35,14.0,8.0,STEEL,27.0,37.0,47.0,330.0,350.0,16.0,18.0,False,False,130.0,2.0,0.9,1.1,0.9,1.2,1.0,0.9,676.0,49.0,676.0,49.0,0.0,1,False,1.0,1.0,68.0,45.0,0.0,31.8,False,True,True,True,True,7.0,1,True,100.0,149.0,237,SPOKED,SPOKED,0.0,0.0,80.0,80.0,276.0,728.0,34.9,300.0,1.0
428.0,70.0,602.0,74.0,160.0,45.0,540.0,73.5,630.0,50.0,45.0,28.6,36.5,23.35,23.35,15.0,9.0,STEEL,30.0,40.0,50.0,330.0,350.0,16.0,18.0,False,False,130.0,2.0,0.9,1.1,0.9,1.2,1.0,0.9,680.0,50.0,680.0,50.0,0.0,1,False,1.0,1.0,68.0,45.0,0.0,31.8,False,True,True,True,True,8.0,1,True,100.0,149.0,237,SPOKED,TRISPOKE,0.0,1.0,80.0,80.0,280.0,730.0,34.9,300.0,1.0
432.0,71.0,607.0,73.4,168.0,46.0,547.0,73.4,637.0,51.0,45.0,28.6,36.5,23.35,23.35,15.2,9.2,STEEL,33.2,42.5,52.5,330.0,350.0,16.0,18.0,False,False,135.0,2.0,0.9,1.1,0.9,1.2,1.0,0.9,679.0,54.0,679.0,54.0,0.0,1,False,1.0,1.0,68.0,45.0,0.0,31.8,False,True,True,True,True,8.0,1,True,100.0,149.0,237,TRISPOKE,TRISPOKE,1.0,1.0,80.0,80.0,285.0,738.0,34.9,300.0,1.0
400.0,68.0,600.0,73.5,140.0,45.0,540.0,74.0,640.0,45.0,40.0,28.6,36.5,30.0,20.0,15.0,9.0,STEEL,32.0,45.0,45.0,330.0,350.0,16.0,18.0,False,False,135.0,2.0,0.9,1.1,0.9,1.2,1.0,0.9,700.0,70.0,700.0,70.0,1.0,0,False,1.0,1.0,70.0,45.0,0.0,30.0,False,False,False,False,True,7.0,2,False,100.0,150.0,255,SPOKED,SPOKED,0.0,0.0,80.0,80.0,300.0,760.0,34.9,350.0,1.0
405.0,70.0,610.0,72.5,145.0,46.0,550.0,73.5,645.0,47.0,42.0,29.0,37.0,31.0,21.0,16.0,9.5,STEEL,34.0,46.0,46.0,330.0,350.0,16.0,18.0,False,False,135.0,2.0,1.0,1.2,1.0,1.3,1.1,1.0,700.0,70.0,700.0,70.0,1.0,0,False,1.0,1.0,70.0,46.0,0.0,30.0,False,False,False,False,True,7.0,2,False,110.0,160.0,240,SPOKED,SPOKED,0.0,0.0,80.0,80.0,305.0,770.0,35.0,360.0,1.0
395.0,66.0,595.0,74.0,138.0,44.0,530.0,75.0,635.0,43.0,38.0,28.0,35.5,29.0,19.0,14.0,8.5,STEEL,30.0,44.0,44.0,330.0,350.0,16.0,18.0,False,False,133.0,2.1,0.95,1.05,0.95,1.15,1.05,0.95,700.0,70.0,700.0,70.0,1.0,0,False,1.0,1.0,70.0,44.0,0.0,30.0,False,False,False,False,True,7.0,2,False,90.0,140.0,220,SPOKED,SPOKED,0.0,0.0,80.0,80.0,295.0,750.0,34.5,340.0,1.0
410.0,65.0,605.0,73.0,142.0,47.0,545.0,73.0,650.0,46.0,40.0,28.6,36.0,30.5,20.5,15.5,9.2,STEEL,33.0,45.5,45.5,330.0,350.0,16.0,18.0,False,False,137.0,2.0,1.0,1.2,0.9,1.2,1.0,0.9,700.0,70.0,700.0,70.0,1.0,1,False,1.0,1.0,70.0,47.0,0.0,30.0,False,False,False,False,True,7.0,2,False,105.0,155.0,230,SPOKED,SPOKED,0.0,0.0,80.0,80.0,300.0,765.0,34.9,355.0,1.0
390.0,72.0,615.0,72.0,148.0,48.0,555.0,72.5,650.0,48.0,42.0,29.5,36.5,31.0,21.5,16.5,9.8,STEEL,35.0,47.0,47.0,330.0,350.0,16.0,18.0,False,False,138.0,2.0,0.9,1.1,0.9,1.2,1.0,0.9,700.0,70.0,700.0,70.0,1.0,0,False,1.0,1.0,70.0,48.0,0.0,30.0,False,False,False,False,True,7.0,2,False,95.0,145.0,225,SPOKED,SPOKED,0.0,0.0,80.0,80.0,310.0,780.0,35.2,365.0,1.0
415.0,69.0,598.0,74.5,146.0,45.0,548.0,74.5,638.0,44.0,39.0,28.2,36.0,30.0,20.0,15.0,9.0,STEEL,33.5,45.0,45.0,330.0,350.0,16.0,18.0,False,False,135.0,2.1,0.95,1.1,0.95,1.2,1.0,0.95,700.0,70.0,700.0,70.0,1.0,2,False,1.0,1.0,70.0,44.0,0.0,30.0,False,False,False,False,True,7.0,2,False,102.0,152.0,235,SPOKED,SPOKED,0.0,0.0,80.0,80.0,305.0,755.0,34.8,345.0,1.0
402.0,67.5,602.0,73.8,143.0,46.5,542.0,74.3,642.0,45.5,41.0,28.7,36.2,30.8,20.8,15.3,9.3,STEEL,33.8,45.3,45.3,330.0,350.0,16.0,18.0,False,False,136.0,2.0,0.9,1.1,0.9,1.2,1.0,0.9,700.0,70.0,700.0,70.0,1.0,1,False,1.0,1.0,70.0,46.0,0.0,30.0,False,False,False,False,True,7.0,2,False,98.0,148.0,228,SPOKED,SPOKED,0.0,0.0,80.0,80.0,298.0,748.0,34.7,348.0,1.0
398.0,68.5,601.0,73.2,141.5,45.5,546.0,73.7,639.0,45.2,40.5,28.6,36.1,30.2,20.2,15.2,9.1,STEEL,33.2,45.2,45.2,330.0,350.0,16.0,18.0,False,False,135.5,2.0,1.0,1.2,0.9,1.3,1.1,0.9,700.0,70.0,700.0,70.0,1.0,0,False,1.0,1.0,70.0,45.2,0.0,30.0,False,False,False,False,True,7.0,2,False,94.0,142.0,218,SPOKED,SPOKED,0.0,0.0,80.0,80.0,302.0,752.0,34.9,352.0,1.0
407.0,66.5,607.0,72.8,144.0,47.0,552.0,73.2,647.0,47.5,42.5,29.2,36.7,31.5,21.5,16.8,9.7,STEEL,34.5,46.5,46.5,330.0,350.0,16.0,18.0,False,False,139.0,2.2,1.05,1.15,0.95,1.25,1.05,0.95,700.0,70.0,700.0,70.0,1.0,1,False,1.0,1.0,70.0,47.5,0.0,30.0,False,False,False,False,True,7.0,2,False,99.0,149.0,233,SPOKED,SPOKED,0.0,0.0,80.0,80.0,300.0,760.0,35.1,357.0,1.0
392.0,70.0,612.0,74.2,147.0,44.0,538.0,74.8,635.0,43.5,38.5,28.4,36.3,29.5,19.5,14.5,8.8,STEEL,31.5,43.5,43.5,330.0,350.0,16.0,18.0,False,False,135.0,2.1,0.9,1.1,0.9,1.2,1.0,0.9,700.0,70.0,700.0,70.0,1.0,0,False,1.0,1.0,70.0,44.0,0.0,30.0,False,False,False,False,True,7.0,2,False,96.0,146.0,227,SPOKED,SPOKED,0.0,0.0,80.0,80.0,298.0,758.0,34.8,343.0,1.0
420.0,70.0,600.0,73.0,160.0,45.0,540.0,73.0,650.0,45.0,45.0,28.6,34.9,28.6,28.6,13.0,15.0,STEEL,30.0,40.0,50.0,330.0,350.0,16.0,18.0,False,False,135.0,2.0,0.9,1.1,0.9,1.2,1.0,0.9,680.0,50.0,680.0,50.0,0.0,0,False,1.0,1.0,68.0,45.0,0.0,31.8,True,True,True,True,True,8.0,1,True,100.0,149.0,237,SPOKED,SPOKED,0.0,0.0,0.0,0.0,280.0,760.0,34.9,300.0,1.0
430.0,68.0,610.0,72.5,165.0,50.0,550.0,74.0,660.0,50.0,45.0,28.6,34.9,28.6,28.6,14.0,15.0,STEEL,32.0,42.0,48.0,330.0,350.0,16.0,18.0,False,False,135.0,2.0,0.9,1.1,0.9,1.2,1.0,0.9,680.0,50.0,680.0,50.0,0.0,1,False,1.0,1.0,68.0,45.0,0.0,31.8,True,True,True,True,True,9.0,1,True,100.0,149.0,237,SPOKED,SPOKED,0.0,0.0,0.0,0.0,280.0,765.0,34.9,320.0,1.0
400.0,72.0,590.0,74.0,155.0,48.0,545.0,73.5,645.0,44.0,45.0,28.6,34.9,28.6,28.6,12.0,15.0,STEEL,28.0,38.0,52.0,330.0,350.0,16.0,18.0,False,False,140.0,2.0,0.9,1.1,0.9,1.2,1.0,0.9,680.0,50.0,680.0,50.0,0.0,2,False,1.0,1.0,68.0,45.0,0.0,31.8,True,True,True,True,True,8.0,2,True,100.0,149.0,237,SPOKED,SPOKED,0.0,0.0,0.0,0.0,280.0,758.0,34.9,300.0,1.0
440.0,65.0,620.0,73.5,170.0,46.0,560.0,72.5,670.0,46.0,45.0,28.6,34.9,28.6,28.6,13.0,15.0,STEEL,35.0,45.0,55.0,330.0,350.0,16.0,18.0,False,False,135.0,2.0,0.9,1.1,0.9,1.2,1.0,0.9,680.0,50.0,680.0,50.0,0.0,0,False,1.0,1.0,68.0,45.0,0.0,31.8,True,True,True,True,True,9.0,1,True,100.0,149.0,237,SPOKED,SPOKED,0.0,0.0,0.0,0.0,280.0,770.0,34.9,330.0,1.0
410.0,75.0,580.0,72.0,158.0,44.0,535.0,73.0,655.0,43.0,45.0,28.6,34.9,28.6,28.6,13.0,15.0,STEEL,29.0,39.0,49.0,330.0,350.0,16.0,18.0,False,False,132.0,2.0,0.9,1.1,0.9,1.2,1.0,0.9,680.0,50.0,680.0,50.0,0.0,1,False,1.0,1.0,68.0,45.0,0.0,31.8,True,True,True,True,True,8.0,1,True,100.0,149.0,237,SPOKED,SPOKED,0.0,0.0,0.0,0.0,280.0,755.0,34.9,310.0,1.0
432.0,68.0,605.0,73.0,162.0,47.0,555.0,74.0,663.0,47.0,45.0,28.6,34.9,28.6,28.6,15.0,15.0,STEEL,31.0,41.0,50.0,330.0,350.0,16.0,18.0,False,False,138.0,2.0,0.9,1.1,0.9,1.2,1.0,0.9,680.0,50.0,680.0,50.0,0.0,0,False,1.0,1.0,68.0,45.0,0.0,31.8,True,True,True,True,True,9.0,2,True,100.0,149.0,237,SPOKED,SPOKED,0.0,0.0,0.0,0.0,280.0,765.0,34.9,320.0,1.0
415.0,70.0,595.0,72.8,168.0,49.0,545.0,73.2,658.0,42.0,45.0,28.6,34.9,28.6,28.6,12.0,15.0,STEEL,34.0,43.0,51.0,330.0,350.0,16.0,18.0,False,False,134.0,2.0,0.9,1.1,0.9,1.2,1.0,0.9,680.0,50.0,680.0,50.0,0.0,1,False,1.0,1.0,68.0,45.0,0.0,31.8,True,True,True,True,True,8.0,1,True,100.0,149.0,237,SPOKED,SPOKED,0.0,0.0,0.0,0.0,280.0,762.0,34.9,315.0,1.0
425.0,66.0,615.0,73.2,175.0,50.0,560.0,72.7,670.0,48.0,45.0,28.6,34.9,28.6,28.6,14.0,15.0,STEEL,36.0,44.0,53.0,330.0,350.0,16.0,18.0,False,False,136.0,2.0,0.9,1.1,0.9,1.2,1.0,0.9,680.0,50.0,680.0,50.0,0.0,2,False,1.0,1.0,68.0,45.0,0.0,31.8,True,True,True,True,True,9.0,1,True,100.0,149.0,237,SPOKED,SPOKED,0.0,0.0,0.0,0.0,280.0,790.0,34.9,325.0,1.0
405.0,74.0,585.0,72.3,150.0,46.0,540.0,73.5,640.0,45.0,45.0,28.6,34.9,28.6,28.6,13.0,15.0,STEEL,30.0,40.0,47.0,330.0,350.0,16.0,18.0,False,False,133.0,2.0,0.9,1.1,0.9,1.2,1.0,0.9,680.0,50.0,680.0,50.0,0.0,0,False,1.0,1.0,68.0,45.0,0.0,31.8,True,True,True,True,True,8.0,1,True,100.0,149.0,237,SPOKED,SPOKED,0.0,0.0,0.0,0.0,280.0,750.0,34.9,305.0,1.0
435.0,69.0,600.0,73.7,180.0,48.0,565.0,72.9,675.0,46.0,45.0,28.6,34.9,28.6,28.6,14.0,15.0,STEEL,33.0,42.0,55.0,330.0,350.0,16.0,18.0,False,False,137.0,2.0,0.9,1.1,0.9,1.2,1.0,0.9,680.0,50.0,680.0,50.0,0.0,1,False,1.0,1.0,68.0,45.0,0.0,31.8,True,True,True,True,True,9.0,2,True,100.0,149.0,237,SPOKED,SPOKED,0.0,0.0,0.0,0.0,280.0,767.0,34.9,330.0,1.0
410.0,70.0,620.0,73.0,180.0,45.0,550.0,74.0,670.0,45.0,45.0,40.0,28.6,36.5,23.35,13.0,15.0,STEEL,35.0,45.0,50.0,330.0,350.0,16.0,18.0,False,False,135.0,2.0,1.0,1.0,1.0,1.0,1.0,1.0,700.0,50.0,700.0,50.0,0.0,1,False,1.0,1.0,68.0,45.0,0.0,31.8,False,False,False,False,True,8.0,1,False,100.0,140.0,230,SPOKED,SPOKED,0.0,0.0,0.0,0.0,278.0,750.0,34.9,300.0,1.0
405.0,75.0,630.0,72.5,170.0,48.0,545.0,74.5,665.0,50.0,45.0,40.0,28.6,36.5,23.35,13.0,15.0,STEEL,30.0,47.0,48.0,330.0,350.0,16.0,18.0,False,False,130.0,2.0,1.1,1.2,1.0,1.2,1.1,1.2,700.0,50.0,700.0,50.0,0.0,1,False,1.0,1.0,68.0,45.0,0.0,31.8,False,False,False,False,True,8.0,1,False,100.0,140.0,230,SPOKED,SPOKED,0.0,0.0,0.0,0.0,278.0,760.0,34.9,310.0,1.0
420.0,68.0,615.0,73.5,160.0,44.0,555.0,73.0,675.0,45.0,45.0,40.0,28.6,36.5,23.35,13.0,15.0,STEEL,32.0,44.0,52.0,335.0,345.0,16.0,18.0,False,False,135.0,2.0,0.9,1.1,0.9,1.1,1.0,1.0,700.0,50.0,700.0,50.0,0.0,1,False,1.0,1.0,68.0,45.0,0.0,31.8,False,False,False,False,True,9.0,1,False,100.0,140.0,230,SPOKED,SPOKED,0.0,0.0,0.0,0.0,278.0,740.0,34.9,305.0,1.0
430.0,72.0,640.0,73.0,185.0,46.0,560.0,73.5,680.0,48.0,45.0,40.0,28.6,36.5,23.35,13.0,15.0,STEEL,34.0,46.0,49.0,332.0,348.0,16.0,18.0,False,False,132.0,2.0,1.0,1.0,1.0,1.0,1.0,1.1,700.0,50.0,700.0,50.0,0.0,1,False,1.0,1.0,68.0,45.0,0.0,31.8,False,False,False,False,True,10.0,1,False,100.0,140.0,230,SPOKED,SPOKED,0.0,0.0,0.0,0.0,278.0,755.0,34.9,315.0,1.0
395.0,70.0,600.0,74.0,155.0,43.0,538.0,74.0,658.0,42.0,45.0,40.0,28.6,36.5,23.35,13.0,15.0,STEEL,30.0,43.0,50.0,330.0,350.0,16.0,18.0,False,False,135.0,2.0,1.0,1.2,1.1,1.0,1.0,1.0,700.0,50.0,700.0,50.0,0.0,1,False,1.0,1.0,68.0,45.0,0.0,31.8,False,False,False,False,True,7.0,1,False,100.0,140.0,230,SPOKED,SPOKED,0.0,0.0,0.0,0.0,278.0,745.0,34.9,290.0,1.0
415.0,65.0,610.0,72.0,178.0,47.0,552.0,73.0,672.0,47.0,45.0,40.0,28.6,36.5,23.35,13.0,15.0,STEEL,36.0,49.0,45.0,331.0,349.0,16.0,18.0,False,False,130.0,2.0,1.1,1.0,1.2,1.0,1.0,1.0,700.0,50.0,700.0,50.0,0.0,1,False,1.0,1.0,68.0,45.0,0.0,31.8,False,False,False,False,True,8.0,2,False,100.0,140.0,230,SPOKED,SPOKED,0.0,0.0,0.0,0.0,278.0,760.0,34.9,320.0,1.0
400.0,69.0,625.0,73.0,165.0,45.0,548.0,74.0,664.0,46.0,45.0,40.0,28.6,36.5,23.35,13.0,15.0,STEEL,33.0,45.0,51.0,334.0,346.0,16.0,18.0,False,False,135.0,2.0,1.0,1.1,1.0,1.1,1.0,1.0,700.0,50.0,700.0,50.0,0.0,1,False,1.0,1.0,68.0,45.0,0.0,31.8,False,False,False,False,True,6.0,1,False,100.0,140.0,230,SPOKED,SPOKED,0.0,0.0,0.0,0.0,278.0,735.0,34.9,300.0,1.0
390.0,73.0,635.0,74.0,175.0,42.0,540.0,73.0,660.0,44.0,45.0,40.0,28.6,36.5,23.35,13.0,15.0,STEEL,35.0,42.0,52.0,330.0,350.0,16.0,18.0,False,False,130.0,2.0,1.1,1.1,1.1,1.0,1.0,1.0,700.0,50.0,700.0,50.0,0.0,1,False,1.0,1.0,68.0,45.0,0.0,31.8,False,False,False,False,True,8.0,1,False,100.0,140.0,230,SPOKED,SPOKED,0.0,0.0,0.0,0.0,278.0,748.0,34.9,285.0,1.0
435.0,71.0,605.0,73.5,158.0,46.0,557.0,73.5,673.0,47.0,45.0,40.0,28.6,36.5,23.35,13.0,15.0,STEEL,31.0,46.0,50.0,332.0,348.0,16.0,18.0,False,False,135.0,2.0,1.0,1.2,1.0,1.1,1.1,1.0,700.0,50.0,700.0,50.0,0.0,1,False,1.0,1.0,68.0,45.0,0.0,31.8,False,False,False,False,True,7.0,1,False,100.0,140.0,230,SPOKED,SPOKED,0.0,0.0,0.0,0.0,278.0,765.0,34.9,295.0,1.0
425.0,69.5,628.0,72.5,162.0,45.0,550.0,74.0,662.0,46.5,45.0,40.0,28.6,36.5,23.35,13.0,15.0,STEEL,33.0,45.0,51.0,331.0,349.0,16.0,18.0,False,False,130.0,2.0,1.0,1.0,1.0,1.0,1.0,1.0,700.0,50.0,700.0,50.0,0.0,1,False,1.0,1.0,68.0,45.0,0.0,31.8,False,False,False,False,True,8.0,1,False,100.0,140.0,230,SPOKED,SPOKED,0.0,0.0,0.0,0.0,278.0,752.0,34.9,310.0,1.0
420,55,600,73,150,30,580.0,73.0,650.0,45.0,42.0,25.4,36.5,23.35,12.5,15.0,9,STEEL,30.0,30.0,40.0,330.0,350.0,16.0,18,False,False,135.0,2.0,0.9,1.1,0.9,1.2,1.0,0.9,700.0,25.0,700.0,25.0,0.0,1,False,1.0,1.0,68.0,38.0,0.0,31.8,False,False,False,False,True,8.0,1,False,100.0,149.0,237,SPOKED,SPOKED,0.0,0.0,0.0,0.0,280.0,760.0,36.5,300.0,1.0
430,60,610,72,160,32,590.0,72.0,660.0,50.0,42.0,25.4,36.5,23.35,12.5,15.0,9,STEEL,32.0,32.0,42.0,330.0,350.0,16.0,18,False,False,135.0,2.0,0.9,1.1,0.9,1.2,1.0,0.9,700.0,25.0,700.0,25.0,0.0,1,False,1.0,1.0,68.0,38.0,0.0,31.8,False,False,False,False,True,8.0,1,False,90.0,130.0,230,SPOKED,SPOKED,0.0,0.0,0.0,0.0,290.0,770.0,36.5,300.0,1.0
400,50,590,74,140,28,570.0,74.0,630.0,40.0,42.0,25.4,36.5,23.35,12.5,15.0,9,STEEL,28.0,28.0,38.0,330.0,350.0,16.0,18,False,False,135.0,2.0,0.9,1.1,0.9,1.2,1.0,0.9,700.0,25.0,700.0,25.0,0.0,1,False,1.0,1.0,68.0,36.0,0.0,31.8,False,False,False,False,True,8.0,1,False,80.0,120.0,210,SPOKED,SPOKED,0.0,0.0,0.0,0.0,280.0,755.0,36.5,300.0,1.0
405,55,605,73,155,30,585.0,73.0,645.0,45.0,42.0,25.4,36.5,23.35,12.5,15.0,9,STEEL,30.0,30.0,40.0,330.0,350.0,16.0,18,False,False,135.0,2.0,0.9,1.1,0.9,1.2,1.0,0.9,710.0,25.0,710.0,25.0,0.0,1,False,1.0,1.0,68.0,38.0,0.0,31.8,False,False,False,False,True,8.0,1,False,100.0,149.0,237,SPOKED,SPOKED,0.0,0.0,0.0,0.0,290.0,780.0,36.5,300.0,1.0
415,58,595,74,150,32,590.0,74.0,640.0,45.0,42.0,25.4,36.5,23.35,12.5,15.0,9,STEEL,30.0,30.0,40.0,330.0,350.0,16.0,18,False,False,135.0,2.0,0.9,1.1,0.9,1.2,1.0,0.9,680.0,30.0,680.0,30.0,0.0,1,False,1.0,1.0,68.0,38.0,0.0,31.8,False,False,False,False,True,8.0,1,False,110.0,160.0,250,SPOKED,SPOKED,0.0,0.0,0.0,0.0,285.0,765.0,36.5,300.0,1.0
420,55,600,73,150,30,580.0,73.0,650.0,45.0,42.0,28.0,38.0,25.0,13.0,15.0,9,STEEL,30.0,30.0,40.0,330.0,350.0,16.0,18,False,False,135.0,3.0,1.2,1.3,1.2,1.4,1.1,1.0,700.0,25.0,700.0,25.0,0.0,1,False,1.0,1.0,68.0,38.0,0.0,31.8,False,False,False,False,True,8.0,1,False,100.0,149.0,237,SPOKED,SPOKED,0.0,0.0,0.0,0.0,280.0,760.0,38.0,300.0,1.0
420,45,600,73,150,30,580.0,73.0,650.0,45.0,42.0,28.0,38.0,25.0,13.0,15.0,9,STEEL,30.0,30.0,40.0,330.0,350.0,16.0,18,False,False,135.0,3.0,1.2,1.3,1.2,1.4,1.1,1.0,700.0,25.0,700.0,25.0,0.0,1,False,1.0,1.0,68.0,38.0,0.0,31.8,False,False,False,False,True,8.0,1,False,100.0,149.0,237,SPOKED,SPOKED,0.0,0.0,0.0,0.0,280.0,760.0,38.0,300.0,1.0
420,55,600,73,150,30,580.0,73.0,650.0,45.0,42.0,28.0,38.0,25.0,13.0,20.0,9,STEEL,30.0,30.0,40.0,330.0,350.0,16.0,18,False,False,135.0,3.0,1.2,1.3,1.2,1.4,1.1,1.0,700.0,25.0,700.0,25.0,0.0,1,False,1.0,1.0,68.0,38.0,0.0,31.8,False,False,False,False,True,8.0,1,False,100.0,149.0,237,SPOKED,SPOKED,0.0,0.0,0.0,0.0,280.0,760.0,38.0,300.0,1.0
420,55,600,73,150,30,580.0,73.0,650.0,45.0,42.0,28.0,38.0,25.0,13.0,15.0,9,STEEL,30.0,30.0,40.0,330.0,350.0,16.0,18,False,False,135.0,3.0,1.2,1.3,1.2,1.4,1.1,1.0,700.0,25.0,700.0,25.0,0.0,1,False,1.0,1.0,68.0,44.0,0.0,31.8,False,False,False,False,True,8.0,1,False,100.0,149.0,237,SPOKED,SPOKED,0.0,0.0,0.0,0.0,280.0,760.0,38.0,300.0,1.0
420,55,600,73,150,30,580.0,73.0,650.0,45.0,42.0,28.0,38.0,25.0,13.0,15.0,9,STEEL,30.0,30.0,40.0,330.0,350.0,16.0,18,False,False,135.0,3.0,1.2,1.3,1.2,1.4,1.1,1.0,700.0,25.0,700.0,25.0,0.0,1,False,1.0,1.0,68.0,38.0,35.0,31.8,False,False,False,False,True,8.0,1,False,100.0,149.0,237,SPOKED,SPOKED,0.0,0.0,0.0,0.0,280.0,760.0,38.0,300.0,0.0
410.0,60.0,600.0,72.0,150.0,30.0,540.0,72.0,630.0,40.0,45.0,28.6,36.5,23.35,13.0,13.0,15.0,STEEL,30.0,40.0,35.0,0.0,0.0,0.0,0.0,False,False,135.0,2.0,0.9,1.1,0.9,1.2,1.0,0.9,700.0,78.0,700.0,78.0,0.0,0,False,1.0,1.0,68.0,45.0,0.0,31.8,False,False,False,False,True,7.0,1,False,100.0,150.0,255.0,SPOKED,SPOKED,0.0,0.0,0.0,0.0,280.0,780.0,34.9,300.0,1.0
420.0,65.0,605.0,72.5,160.0,35.0,550.0,72.5,635.0,42.0,45.0,28.6,36.5,23.35,13.0,13.0,15.0,STEEL,32.0,42.0,37.0,0.0,0.0,0.0,0.0,False,False,135.0,2.0,0.9,1.1,0.9,1.2,1.0,0.9,700.0,78.0,700.0,78.0,0.0,1,False,1.0,1.0,68.0,45.0,0.0,31.8,False,False,False,False,True,8.0,2,False,100.0,150.0,255.0,SPOKED,SPOKED,0.0,0.0,0.0,0.0,285.0,785.0,34.9,305.0,1.0
430.0,70.0,610.0,73.0,170.0,40.0,560.0,73.0,640.0,44.0,45.0,28.6,36.5,23.35,13.0,13.0,15.0,STEEL,34.0,44.0,39.0,0.0,0.0,0.0,0.0,False,False,135.0,2.0,0.9,1.1,0.9,1.2,1.0,0.9,700.0,78.0,700.0,78.0,0.0,2,False,1.0,1.0,68.0,45.0,0.0,31.8,False,False,False,False,True,9.0,3,False,100.0,150.0,255.0,SPOKED,SPOKED,0.0,0.0,0.0,0.0,290.0,790.0,34.9,310.0,1.0
440.0,75.0,615.0,73.5,180.0,45.0,570.0,74.0,645.0,46.0,45.0,28.6,36.5,23.35,13.0,13.0,15.0,STEEL,36.0,46.0,41.0,0.0,0.0,0.0,0.0,False,False,135.0,2.0,0.9,1.1,0.9,1.2,1.0,0.9,700.0,78.0,700.0,78.0,0.0,0,False,1.0,1.0,68.0,45.0,0.0,31.8,False,False,False,False,True,10.0,1,False,100.0,150.0,255.0,SPOKED,SPOKED,0.0,0.0,0.0,0.0,295.0,795.0,34.9,315.0,1.0
450.0,80.0,620.0,74.0,190.0,50.0,580.0,74.5,650.0,48.0,50.0,28.6,36.5,23.35,13.0,13.0,15.0,STEEL,38.0,48.0,43.0,0.0,0.0,0.0,0.0,False,False,135.0,2.0,0.9,1.1,0.9,1.2,1.0,0.9,700.0,78.0,700.0,78.0,0.0,1,False,1.0,1.0,68.0,45.0,0.0,31.8,False,False,False,False,True,11.0,2,False,100.0,150.0,255.0,SPOKED,SPOKED,0.0,0.0,0.0,0.0,300.0,800.0,34.9,320.0,1.0
460.0,85.0,625.0,74.5,200.0,55.0,590.0,75.0,655.0,50.0,50.0,28.6,36.5,23.35,13.0,13.0,15.0,STEEL,40.0,50.0,45.0,0.0,0.0,0.0,0.0,False,False,135.0,2.0,0.9,1.1,0.9,1.2,1.0,0.9,700.0,78.0,700.0,78.0,0.0,2,False,1.0,1.0,68.0,45.0,0.0,31.8,False,False,False,False,True,12.0,3,False,100.0,150.0,255.0,SPOKED,SPOKED,0.0,0.0,0.0,0.0,305.0,805.0,34.9,325.0,1.0
470.0,90.0,630.0,75.0,210.0,60.0,600.0,75.5,660.0,52.0,50.0,28.6,36.5,23.35,13.0,13.0,15.0,STEEL,42.0,52.0,47.0,0.0,0.0,0.0,0.0,False,False,135.0,2.0,0.9,1.1,0.9,1.2,1.0,0.9,700.0,78.0,700.0,78.0,0.0,0,False,1.0,1.0,68.0,45.0,0.0,31.8,False,False,False,False,True,13.0,1,False,100.0,150.0,255.0,SPOKED,SPOKED,0.0,0.0,0.0,0.0,310.0,810.0,34.9,330.0,1.0
480.0,95.0,635.0,75.5,220.0,65.0,610.0,76.0,665.0,54.0,50.0,28.6,36.5,23.35,13.0,13.0,15.0,STEEL,44.0,54.0,49.0,0.0,0.0,0.0,0.0,False,False,135.0,2.0,0.9,1.1,0.9,1.2,1.0,0.9,700.0,78.0,700.0,78.0,0.0,1,False,1.0,1.0,68.0,45.0,0.0,31.8,False,False,False,False,True,14.0,2,False,100.0,150.0,255.0,SPOKED,SPOKED,0.0,0.0,0.0,0.0,315.0,815.0,34.9,335.0,1.0
490.0,100.0,640.0,76.0,230.0,70.0,620.0,76.5,670.0,56.0,45.0,28.6,36.5,23.35,13.0,13.0,15.0,STEEL,46.0,56.0,51.0,0.0,0.0,0.0,0.0,False,False,135.0,2.0,0.9,1.1,0.9,1.2,1.0,0.9,700.0,78.0,700.0,78.0,0.0,2,False,1.0,1.0,68.0,45.0,0.0,31.8,False,False,False,False,True,15.0,3,False,100.0,150.0,255.0,SPOKED,SPOKED,0.0,0.0,0.0,0.0,320.0,820.0,34.9,340.0,1.0
500.0,105.0,645.0,76.5,240.0,75.0,630.0,77.0,675.0,58.0,45.0,28.6,36.5,23.35,13.0,13.0,15.0,STEEL,48.0,58.0,53.0,0.0,0.0,0.0,0.0,False,False,135.0,2.0,0.9,1.1,0.9,1.2,1.0,0.9,700.0,78.0,700.0,78.0,0.0,0,False,1.0,1.0,68.0,45.0,0.0,31.8,False,False,False,False,True,16.0,1,False,100.0,150.0,255.0,SPOKED,SPOKED,0.0,0.0,0.0,0.0,325.0,825.0,34.9,345.0,1.0
480,75,650,73.0,180,50,580.0,73.5,660.0,45.0,47.0,35.0,35.0,36.0,14.0,15.0,9,STEEL,35.0,55.0,45.0,330.0,350.0,16.0,18,False,False,135.0,2.0,0.9,1.1,0.9,1.2,1.0,0.9,674.0,52.0,674.0,52.0,0.0,1,False,1.0,1.0,68.0,45.0,0.0,31.8,False,False,True,True,False,8.0,1,True,100.0,149.0,237,SPOKED,SPOKED,0.0,0.0,80.0,80.0,278.0,760.0,34.9,300.0,1.0
490,80,660,72.5,190,50,570.0,74.0,655.0,45.0,47.0,35.0,35.0,36.0,14.0,15.0,9,STEEL,36.0,56.0,46.0,330.0,350.0,16.0,18,False,False,135.0,2.0,0.9,1.1,0.9,1.2,1.0,0.9,674.0,52.0,674.0,52.0,1.0,2,False,1.0,1.0,68.0,45.0,0.0,31.8,True,False,True,True,False,8.0,1,False,100.0,149.0,237,SPOKED,SPOKED,0.0,0.0,80.0,80.0,278.0,755.0,34.9,300.0,1.0
470,70,655,74.0,170,50,590.0,73.0,665.0,45.0,47.0,35.0,35.0,36.0,14.0,15.0,9,STEEL,34.0,54.0,44.0,330.0,350.0,16.0,18,False,False,135.0,2.0,0.9,1.1,0.9,1.2,1.0,0.9,674.0,52.0,674.0,52.0,2.0,0,False,1.0,1.0,68.0,45.0,0.0,31.8,True,True,True,True,False,8.0,1,True,100.0,149.0,237,SPOKED,SPOKED,0.0,0.0,80.0,80.0,278.0,765.0,34.9,300.0,1.0
450,78,645,72.0,160,50,565.0,74.0,670.0,45.0,47.0,35.0,35.0,36.0,14.0,15.0,9,STEEL,32.0,52.0,42.0,330.0,350.0,16.0,18,False,False,135.0,2.0,0.9,1.1,0.9,1.2,1.0,0.9,674.0,52.0,674.0,52.0,0.0,1,True,1.0,2.0,68.0,45.0,0.0,31.8,False,True,True,True,False,8.0,1,True,100.0,149.0,237,SPOKED,SPOKED,0.0,0.0,80.0,80.0,278.0,758.0,34.9,300.0,1.0
460,72,660,73.5,185,50,575.0,72.5,660.0,45.0,47.0,35.0,35.0,36.0,14.0,15.0,9,STEEL,31.0,53.0,41.0,330.0,350.0,16.0,18,False,False,135.0,2.0,0.9,1.1,0.9,1.2,1.0,0.9,674.0,52.0,674.0,52.0,0.0,0,False,1.0,3.0,68.0,45.0,0.0,31.8,False,False,True,False,False,8.0,1,True,100.0,149.0,237,SPOKED,SPOKED,0.0,0.0,80.0,80.0,278.0,770.0,34.9,300.0,1.0
485,75,655,73.0,175,50,585.0,73.0,662.0,45.0,47.0,35.0,35.0,36.0,14.0,15.0,9,STEEL,33.0,55.0,45.0,340.0,360.0,16.0,18,True,True,135.0,2.0,0.9,1.1,0.9,1.2,1.0,0.9,674.0,52.0,674.0,52.0,1.0,2,False,1.0,1.0,68.0,45.0,0.0,31.8,True,True,True,True,False,8.0,1,True,100.0,149.0,237,SPOKED,SPOKED,0.0,0.0,80.0,80.0,278.0,762.0,34.9,300.0,1.0
495,82,665,72.0,195,50,590.0,73.5,660.0,45.0,47.0,35.0,35.0,36.0,14.0,15.0,9,STEEL,37.0,57.0,47.0,330.0,350.0,16.0,18,False,False,135.0,2.0,0.9,1.1,0.9,1.2,1.0,0.9,674.0,52.0,674.0,52.0,2.0,1,False,1.0,1.0,68.0,45.0,0.0,31.8,False,True,True,False,False,8.0,1,False,100.0,149.0,237,SPOKED,SPOKED,0.0,0.0,80.0,80.0,278.0,763.0,34.9,300.0,1.0
505,80,670,73.0,185,50,580.0,74.0,658.0,45.0,47.0,35.0,35.0,36.0,14.0,15.0,9,STEEL,36.0,55.0,45.0,330.0,350.0,16.0,18,False,False,135.0,2.0,0.9,1.1,0.9,1.2,1.0,0.9,674.0,52.0,674.0,52.0,0.0,1,False,1.0,1.0,68.0,45.0,0.0,31.8,True,True,True,True,True,11.0,2,True,100.0,149.0,237,SPOKED,SPOKED,0.0,0.0,80.0,80.0,278.0,759.0,34.9,300.0,1.0
465,75,660,74.0,180,50,570.0,73.0,660.0,45.0,47.0,35.0,35.0,36.0,14.0,15.0,9,STEEL,35.0,55.0,45.0,330.0,350.0,16.0,18,False,False,135.0,2.0,0.9,1.1,0.9,1.2,1.0,0.9,674.0,52.0,674.0,52.0,0.0,1,False,1.0,1.0,68.0,45.0,0.0,31.8,False,False,True,True,False,8.0,1,True,100.0,149.0,237,TRISPOKE,TRISPOKE,1.0,1.0,70.0,70.0,278.0,764.0,34.9,300.0,1.0
475,77,668,72.7,182,50,580.0,72.8,662.0,45.0,47.0,35.0,35.0,36.0,14.0,15.0,9,STEEL,34.0,54.0,44.0,330.0,350.0,16.0,18,False,False,135.0,2.0,0.9,1.1,0.9,1.2,1.0,0.9,680.0,58.0,680.0,58.0,0.0,2,False,1.0,1.0,68.0,45.0,0.0,31.8,False,False,True,True,False,8.0,1,True,100.0,149.0,237,SPOKED,SPOKED,0.0,0.0,80.0,80.0,278.0,761.0,34.9,300.0,1.0
410,70,600,72.5,140,50,520.0,73.0,650.0,45.0,45.0,28.6,36.5,23.0,20.0,13.0,15,STEEL,32.0,48.0,46.0,330.0,350.0,16.0,18,False,False,135.0,2.0,1.1,1.1,1.1,0.9,0.9,1.2,680.0,120.0,680.0,120.0,1.0,1,False,1.0,1.0,68.0,45.0,30.0,31,True,False,True,True,True,8.0,1,True,100.0,149.0,237,SPOKED,SPOKED,0.0,0.0,80.0,80.0,280.0,700.0,34.0,350.0,1.0
405,65,590,73.5,145,55,515.0,73.5,655.0,50.0,50.0,29.0,36.0,23.5,21.0,13.0,16,STEEL,34.0,50.0,45.0,325.0,345.0,16.0,18,False,False,135.0,2.2,1.2,1.1,1.2,1.0,0.9,1.3,680.0,122.0,680.0,122.0,1.0,2,False,1.0,1.0,68.0,45.0,30.0,31,True,False,True,True,True,9.0,1,True,100.0,149.0,237,SPOKED,SPOKED,0.0,0.0,80.0,80.0,285.0,690.0,35.0,360.0,1.0
415,68,605,72.0,135,52,525.0,72.5,645.0,48.0,45.0,28.8,37.0,24.0,20.0,13.0,14,STEEL,31.0,47.0,47.0,332.0,348.0,16.0,18,False,False,130.0,2.0,1.1,1.2,1.1,0.9,0.9,1.2,674.0,120.0,674.0,120.0,1.0,0,False,1.0,1.0,68.0,45.0,30.0,31,True,False,True,True,True,8.0,2,True,100.0,149.0,237,SPOKED,SPOKED,0.0,0.0,80.0,80.0,275.0,705.0,34.5,340.0,1.0
400,72,595,74.0,150,50,530.0,74.0,650.0,45.0,45.0,28.6,36.5,23.0,19.0,13.0,15,STEEL,35.0,50.0,48.0,330.0,350.0,16.0,18,False,False,135.0,2.3,1.2,1.3,1.2,1.0,1.0,1.3,680.0,118.0,680.0,118.0,1.0,1,False,1.0,1.0,68.0,45.0,30.0,31,True,False,True,True,True,10.0,1,True,100.0,149.0,237,SPOKED,SPOKED,0.0,0.0,80.0,80.0,290.0,695.0,35.0,360.0,1.0
420,68,610,71.5,138,53,515.0,73.5,660.0,46.0,50.0,29.1,36.8,24.5,21.0,13.0,16,STEEL,32.0,48.0,45.0,335.0,345.0,16.0,18,False,False,135.0,2.1,1.1,1.2,1.1,1.0,0.9,1.2,675.0,119.0,675.0,119.0,1.0,2,False,1.0,1.0,68.0,45.0,30.0,31,True,False,True,True,True,9.0,2,True,100.0,149.0,237,SPOKED,SPOKED,0.0,0.0,80.0,80.0,282.0,710.0,34.0,355.0,1.0
415,67,585,73.0,142,52,527.0,73.0,648.0,44.0,45.0,28.7,36.3,23.2,19.8,13.0,15,STEEL,33.0,49.0,46.0,330.0,350.0,16.0,18,False,False,135.0,2.0,1.2,1.1,1.1,0.9,0.9,1.2,680.0,121.0,680.0,121.0,1.0,0,False,1.0,1.0,68.0,45.0,30.0,31,True,False,True,True,True,8.0,1,True,100.0,149.0,237,SPOKED,SPOKED,0.0,0.0,80.0,80.0,280.0,700.0,34.8,345.0,1.0
390,70,600,72.0,139,51,522.0,72.8,655.0,47.0,45.0,28.9,36.7,23.7,20.5,13.0,15,STEEL,31.0,46.0,47.0,333.0,345.0,16.0,18,False,False,135.0,2.3,1.3,1.2,1.1,0.9,0.9,1.3,685.0,122.0,685.0,122.0,1.0,1,False,1.0,1.0,68.0,45.0,30.0,31,True,False,True,True,True,10.0,2,True,100.0,149.0,237,SPOKED,SPOKED,0.0,0.0,80.0,80.0,284.0,702.0,35.0,358.0,1.0
405,69,595,73.2,141,53,524.0,73.2,650.0,45.0,45.0,29.0,36.6,23.6,21.0,13.0,15,STEEL,32.0,49.0,46.0,332.0,348.0,16.0,18,False,False,135.0,2.1,1.2,1.1,1.1,0.9,0.9,1.2,680.0,120.0,680.0,120.0,1.0,2,False,1.0,1.0,68.0,45.0,30.0,31,True,False,True,True,True,9.0,1,True,100.0,149.0,237,SPOKED,SPOKED,0.0,0.0,80.0,80.0,286.0,698.0,34.2,352.0,1.0
412,66,610,71.0,136,52,526.0,72.0,658.0,46.0,45.0,28.8,36.9,23.4,20.2,13.0,15,STEEL,33.0,48.0,47.0,330.0,345.0,16.0,18,False,False,135.0,2.2,1.2,1.2,1.1,0.9,0.9,1.3,685.0,121.0,685.0,121.0,1.0,0,False,1.0,1.0,68.0,45.0,30.0,31,True,False,True,True,True,8.0,1,True,100.0,149.0,237,SPOKED,SPOKED,0.0,0.0,80.0,80.0,280.0,709.0,35.0,355.0,1.0
408,71,605,74.0,148,55,518.0,74.0,652.0,45.0,45.0,29.2,36.4,23.2,20.8,13.0,15,STEEL,34.0,49.0,46.0,333.0,347.0,16.0,18,False,False,135.0,2.0,1.1,1.3,1.2,0.9,0.9,1.2,680.0,120.0,680.0,120.0,1.0,2,False,1.0,1.0,68.0,45.0,30.0,31,True,False,True,True,True,9.0,2,True,100.0,149.0,237,SPOKED,SPOKED,0.0,0.0,80.0,80.0,283.0,696.0,34.7,354.0,1.0
405.0,75.0,620.0,73.0,160.0,45.0,580.0,74.0,650.0,45.0,40.0,28.6,36.5,23.35,13.0,15.0,9.0,STEEL,35.0,48.0,48.0,330.0,350.0,16.0,18.0,False,False,130.0,2.0,1.0,1.0,1.0,1.0,1.0,1.0,680.0,121.0,680.0,121.0,0.0,0,False,1.0,1.0,68.0,45.0,692.0,31.8,False,False,True,True,True,8.0,1,True,102.0,178.0,255,SPOKED,SPOKED,0.0,0.0,0.0,0.0,280.0,762.0,34.9,300.0,1.0
420.0,78.0,640.0,72.5,170.0,48.0,600.0,73.5,655.0,48.0,40.0,28.6,36.5,23.35,13.0,15.0,9.0,STEEL,37.0,50.0,50.0,330.0,350.0,16.0,18.0,False,False,130.0,2.0,1.0,1.0,1.0,1.0,1.0,1.0,680.0,121.0,680.0,121.0,0.0,1,False,1.0,1.0,68.0,45.0,692.0,31.8,False,True,True,True,True,8.0,1,True,102.0,178.0,255,SPOKED,SPOKED,0.0,0.0,0.0,0.0,280.0,760.0,34.9,300.0,1.0
390.0,80.0,610.0,74.0,150.0,45.0,570.0,75.0,645.0,43.0,40.0,28.6,36.5,23.35,13.0,15.0,9.0,STEEL,33.0,46.0,46.0,330.0,350.0,16.0,18.0,False,False,130.0,2.0,1.0,1.0,1.0,1.0,1.0,1.0,680.0,121.0,680.0,121.0,0.0,2,False,1.0,1.0,68.0,45.0,692.0,31.8,False,False,True,True,True,8.0,1,True,102.0,178.0,255,SPOKED,SPOKED,0.0,0.0,0.0,0.0,280.0,764.0,34.9,300.0,1.0
430.0,85.0,650.0,71.0,180.0,50.0,610.0,72.0,660.0,50.0,40.0,28.6,36.5,23.35,13.0,15.0,9.0,STEEL,40.0,52.0,52.0,330.0,350.0,16.0,18.0,False,False,130.0,2.0,1.0,1.0,1.0,1.0,1.0,1.0,680.0,121.0,680.0,121.0,0.0,0,False,1.0,1.0,68.0,45.0,692.0,31.8,False,True,True,True,True,8.0,1,True,102.0,178.0,255,SPOKED,SPOKED,0.0,0.0,0.0,0.0,285.0,758.0,34.9,300.0,1.0
450.0,65.0,600.0,73.5,140.0,47.0,590.0,74.5,657.0,46.0,40.0,28.6,36.5,23.35,13.0,15.0,9.0,STEEL,32.0,49.0,49.0,330.0,350.0,16.0,18.0,False,False,130.0,2.0,1.0,1.0,1.0,1.0,1.0,1.0,680.0,121.0,680.0,121.0,0.0,1,False,1.0,1.0,68.0,45.0,692.0,31.8,False,False,True,True,True,8.0,1,True,102.0,178.0,255,SPOKED,SPOKED,0.0,0.0,0.0,0.0,282.0,760.0,34.9,300.0,1.0
395.0,75.0,625.0,72.0,155.0,46.0,605.0,73.0,652.0,44.0,40.0,28.6,36.5,23.35,13.0,15.0,9.0,STEEL,36.0,51.0,51.0,330.0,350.0,16.0,18.0,False,False,130.0,2.0,1.0,1.0,1.0,1.0,1.0,1.0,680.0,121.0,680.0,121.0,0.0,2,False,1.0,1.0,68.0,45.0,692.0,31.8,False,True,True,True,True,8.0,1,True,102.0,178.0,255,SPOKED,SPOKED,0.0,0.0,0.0,0.0,279.0,762.0,34.9,300.0,1.0
510.0,70.0,635.0,73.0,165.0,49.0,620.0,71.5,658.0,47.0,40.0,28.6,36.5,23.35,13.0,15.0,9.0,STEEL,38.0,53.0,53.0,330.0,350.0,16.0,18.0,False,False,130.0,2.0,1.0,1.0,1.0,1.0,1.0,1.0,680.0,121.0,680.0,121.0,0.0,0,False,1.0,1.0,68.0,45.0,692.0,31.8,False,False,True,True,True,8.0,1,True,102.0,178.0,255,SPOKED,SPOKED,0.0,0.0,0.0,0.0,286.0,758.0,34.9,300.0,1.0
380.0,82.0,605.0,74.0,152.0,45.0,585.0,74.0,648.0,42.0,40.0,28.6,36.5,23.35,13.0,15.0,9.0,STEEL,34.0,47.0,47.0,330.0,350.0,16.0,18.0,False,False,130.0,2.0,1.0,1.0,1.0,1.0,1.0,1.0,680.0,121.0,680.0,121.0,0.0,1,False,1.0,1.0,68.0,45.0,692.0,31.8,False,True,True,True,True,8.0,1,True,102.0,178.0,255,SPOKED,SPOKED,0.0,0.0,0.0,0.0,281.0,760.0,34.9,300.0,1.0
445.0,77.0,645.0,72.8,175.0,48.0,615.0,73.8,660.0,49.0,40.0,28.6,36.5,23.35,13.0,15.0,9.0,STEEL,39.0,54.0,54.0,330.0,350.0,16.0,18.0,False,False,130.0,2.0,1.0,1.0,1.0,1.0,1.0,1.0,680.0,121.0,680.0,121.0,0.0,2,False,1.0,1.0,68.0,45.0,692.0,31.8,False,False,True,True,True,8.0,1,True,102.0,178.0,255,SPOKED,SPOKED,0.0,0.0,0.0,0.0,285.0,759.0,34.9,300.0,1.0
400,70.0,600,73.0,150,50,550.0,73.0,650.0,40.0,45.0,40.0,28.6,36.5,23.35,14.0,15,STEEL,25.0,60.0,20.0,330.0,350.0,16.0,18,True,False,130.0,2.0,1.0,1.0,1.0,1.0,1.0,1.0,680.0,52.0,680.0,52.0,1.0,1,False,1.0,1.0,68.0,45.0,0.0,692,True,True,True,True,True,8.0,1,True,65.0,105.0,225,SPOKED,SPOKED,0.0,0.0,80.0,80.0,280.0,760.0,31.8,320.0,1.0
420,75.0,620,72.5,160,60,560.0,74.0,660.0,42.0,50.0,45.0,30.0,36.5,23.35,15.0,16,STEEL,27.0,63.0,22.0,330.0,350.0,16.0,18,False,True,135.0,1.8,0.9,1.1,1.0,1.0,1.0,1.0,670.0,60.0,670.0,60.0,0.0,2,False,1.0,1.0,68.0,45.0,0.0,692,True,True,True,True,True,9.0,2,True,65.0,105.0,225,DISC,SPOKED,0.0,0.0,80.0,80.0,290.0,770.0,31.8,325.0,1.0
380,68.0,580,74.0,140,40,540.0,72.0,640.0,38.0,50.0,40.0,28.6,36.5,23.35,14.0,15,STEEL,23.0,58.0,18.0,330.0,350.0,16.0,18,True,False,130.0,1.2,1.0,1.0,1.0,1.0,1.0,1.0,680.0,52.0,680.0,52.0,1.0,1,False,1.0,2.0,68.0,50.0,0.0,692,True,False,True,False,True,7.0,2,False,70.0,130.0,180,TRISPOKE,SPOKED,1.0,0.0,90.0,80.0,290.0,750.0,31.8,300.0,1.0
440,72.0,630,73.5,155,55,560.0,73.0,655.0,43.0,48.0,42.0,29.0,36.5,23.35,14.0,15,STEEL,26.0,62.0,21.0,330.0,350.0,16.0,18,False,False,132.0,1.0,1.0,1.0,1.0,1.0,1.0,1.0,675.0,55.0,675.0,55.0,0.0,0,False,1.0,1.0,68.0,45.0,0.0,692,False,True,True,True,True,9.0,1,True,65.0,105.0,225,SPOKED,SPOKED,0.0,0.0,80.0,80.0,295.0,770.0,31.8,330.0,1.0
410,71.0,610,72.0,145,48,545.0,72.5,645.0,41.0,47.0,41.0,28.6,36.5,23.35,14.0,15,STEEL,24.0,61.0,19.0,330.0,350.0,16.0,18,False,False,130.0,1.5,1.0,1.0,1.0,1.0,1.0,1.0,670.0,53.0,670.0,53.0,1.0,2,False,1.0,1.0,68.0,46.0,0.0,692,True,True,True,True,True,8.0,1,True,65.0,105.0,225,SPOKED,SPOKED,0.0,0.0,80.0,80.0,285.0,755.0,31.8,315.0,1.0
430,73.0,640,74.0,165,62,580.0,74.0,670.0,45.0,50.0,50.0,30.0,36.5,23.35,15.0,16,STEEL,28.0,65.0,23.0,330.0,350.0,16.0,18,True,True,135.0,2.0,1.1,1.0,1.1,1.0,1.0,1.0,680.0,58.0,680.0,58.0,1.0,2,False,1.0,1.0,68.0,45.0,0.0,692,False,True,True,True,True,10.0,1,True,65.0,105.0,225,SPOKED,SPOKED,0.0,0.0,80.0,80.0,300.0,780.0,31.8,330.0,1.0
390,70.0,590,73.0,150,53,555.0,73.5,655.0,39.0,46.0,42.0,29.0,36.5,23.35,14.0,15,STEEL,24.0,61.0,19.0,330.0,350.0,16.0,18,False,False,130.0,1.0,0.9,1.0,1.0,1.0,1.0,1.0,675.0,54.0,675.0,54.0,1.0,1,False,1.0,1.0,68.0,45.0,0.0,692,True,False,True,True,True,9.0,1,False,65.0,105.0,225,SPOKED,SPOKED,0.0,0.0,80.0,80.0,285.0,745.0,31.8,310.0,1.0
450,69.0,650,72.5,170,65,590.0,72.0,660.0,44.0,49.0,45.0,30.0,36.5,23.35,15.0,16,STEEL,30.0,70.0,25.0,330.0,350.0,16.0,18,True,True,135.0,1.7,1.0,1.0,1.0,1.0,1.0,1.0,670.0,57.0,670.0,57.0,0.0,2,False,1.0,1.0,68.0,45.0,0.0,692,True,True,True,True,True,8.0,1,True,65.0,105.0,225,SPOKED,SPOKED,0.0,0.0,80.0,80.0,295.0,790.0,31.8,335.0,1.0
405,72.5,615,73.0,158,57,565.0,73.0,652.0,42.0,47.0,43.0,29.0,36.5,23.35,14.0,15,STEEL,25.0,63.0,21.0,330.0,350.0,16.0,18,False,False,132.0,1.3,0.95,1.05,1.0,1.0,1.0,1.0,675.0,56.0,675.0,56.0,1.0,1,False,1.0,1.0,68.0,45.0,0.0,692,False,True,True,True,True,9.0,2,True,65.0,105.0,225,SPOKED,SPOKED,0.0,0.0,80.0,80.0,292.0,765.0,31.8,325.0,1.0
415,70.5,605,73.2,153,52,548.0,72.8,648.0,40.0,46.0,42.0,29.0,36.5,23.35,14.0,15,STEEL,25.0,60.0,20.0,330.0,350.0,16.0,18,False,False,130.0,1.6,1.0,1.0,1.0,1.0,1.0,1.0,680.0,52.0,680.0,52.0,1.0,1,False,1.0,1.0,68.0,45.0,0.0,692,True,False,False,True,True,8.0,1,True,65.0,105.0,225,SPOKED,SPOKED,0.0,0.0,80.0,80.0,287.0,752.0,31.8,318.0,1.0
420.0,60.0,610.0,72.5,160.0,40.0,550.0,73.0,640.0,45.0,40.0,30.0,35.0,22.0,22.0,13.0,15.0,STEEL,30.0,50.0,30.0,0.0,0.0,0.0,0.0,False,False,135.0,2.0,0.9,1.1,0.9,1.2,1.0,0.9,700.0,60.0,700.0,60.0,1.0,1,False,1.0,1.0,68.0,45.0,0.0,31.8,True,False,True,True,True,8.0,1,True,65.0,105.0,225.0,SPOKED,SPOKED,0.0,0.0,0.0,0.0,280.0,760.0,35.0,300.0,1.0
430.0,55.0,600.0,73.0,155.0,42.0,560.0,72.0,650.0,50.0,42.0,32.0,36.0,22.5,22.5,13.5,14.0,STEEL,28.0,52.0,32.0,0.0,0.0,0.0,0.0,False,False,135.0,2.0,1.0,1.1,1.0,1.2,1.1,0.9,700.0,58.0,700.0,58.0,1.0,1,False,1.0,1.0,68.0,48.0,0.0,31.8,True,False,True,True,True,9.0,1,True,65.0,105.0,225.0,SPOKED,SPOKED,0.0,0.0,0.0,0.0,285.0,755.0,36.0,310.0,1.0
410.0,65.0,620.0,72.0,165.0,38.0,540.0,74.0,630.0,48.0,40.0,28.0,34.0,21.5,21.5,12.5,16.0,STEEL,32.0,48.0,28.0,0.0,0.0,0.0,0.0,False,False,135.0,2.0,0.9,1.1,0.9,1.2,1.0,0.9,700.0,62.0,700.0,62.0,1.0,1,False,1.0,1.0,68.0,46.0,0.0,31.8,True,False,True,True,True,8.0,1,True,65.0,105.0,225.0,SPOKED,SPOKED,0.0,0.0,0.0,0.0,275.0,765.0,34.0,305.0,1.0
440.0,60.0,605.0,74.0,150.0,44.0,565.0,71.5,655.0,52.0,42.0,33.0,36.0,22.0,21.0,13.0,15.0,STEEL,29.0,49.0,31.0,0.0,0.0,0.0,0.0,False,False,135.0,2.0,0.9,1.1,0.9,1.2,1.0,0.9,700.0,60.0,700.0,60.0,1.0,1,False,1.0,1.0,68.0,44.0,0.0,31.8,True,False,True,True,True,10.0,1,True,65.0,105.0,225.0,SPOKED,SPOKED,0.0,0.0,0.0,0.0,282.0,754.0,35.5,315.0,1.0
450.0,58.0,615.0,73.5,158.0,42.0,570.0,72.0,645.0,47.0,43.0,31.0,35.0,22.2,21.8,13.2,14.5,STEEL,31.0,51.0,30.0,0.0,0.0,0.0,0.0,False,False,135.0,2.0,0.9,1.1,0.9,1.2,1.0,0.9,700.0,59.0,700.0,59.0,1.0,1,False,1.0,1.0,68.0,47.0,0.0,31.8,True,False,True,True,True,9.0,2,True,65.0,105.0,225.0,SPOKED,SPOKED,0.0,0.0,0.0,0.0,279.0,758.0,35.0,302.0,1.0
400.0,62.0,620.0,72.0,162.0,39.0,555.0,73.5,635.0,46.0,41.0,29.0,34.5,21.8,21.2,12.8,15.0,STEEL,30.0,50.0,30.0,0.0,0.0,0.0,0.0,False,False,135.0,2.0,0.9,1.1,0.9,1.2,1.0,0.9,700.0,61.0,700.0,61.0,1.0,1,False,1.0,1.0,68.0,45.0,0.0,31.8,True,False,True,True,True,7.0,1,True,65.0,105.0,225.0,SPOKED,SPOKED,0.0,0.0,0.0,0.0,276.0,762.0,34.8,308.0,1.0
460.0,59.0,595.0,71.5,152.0,45.0,565.0,74.0,660.0,49.0,42.0,32.0,36.5,22.0,22.5,13.0,14.0,STEEL,29.0,49.0,31.0,0.0,0.0,0.0,0.0,False,False,135.0,2.0,0.9,1.1,0.9,1.2,1.0,0.9,700.0,58.0,700.0,58.0,1.0,1,False,1.0,1.0,68.0,46.0,0.0,31.8,True,False,True,True,True,8.0,2,True,65.0,105.0,225.0,SPOKED,SPOKED,0.0,0.0,0.0,0.0,281.0,755.0,35.2,312.0,1.0
475.0,56.0,630.0,72.5,168.0,43.0,580.0,72.5,648.0,53.0,43.0,33.0,37.0,22.3,22.1,13.3,15.0,STEEL,32.0,52.0,32.0,0.0,0.0,0.0,0.0,False,False,135.0,2.0,0.9,1.1,0.9,1.2,1.0,0.9,700.0,57.0,700.0,57.0,1.0,1,False,1.0,1.0,68.0,48.0,0.0,31.8,True,False,True,True,True,10.0,1,True,65.0,105.0,225.0,SPOKED,SPOKED,0.0,0.0,0.0,0.0,283.0,770.0,36.0,320.0,1.0
390.0,63.0,615.0,73.0,159.0,37.0,545.0,73.8,638.0,47.0,41.0,30.0,35.5,21.7,21.3,12.7,14.8,STEEL,31.0,49.0,29.0,0.0,0.0,0.0,0.0,False,False,135.0,2.0,0.9,1.1,0.9,1.2,1.0,0.9,700.0,59.0,700.0,59.0,1.0,1,False,1.0,1.0,68.0,47.0,0.0,31.8,True,False,True,True,True,9.0,2,True,65.0,105.0,225.0,SPOKED,SPOKED,0.0,0.0,0.0,0.0,278.0,760.0,35.1,307.0,1.0
405.0,61.0,605.0,72.0,153.0,41.0,552.0,73.0,642.0,45.0,40.0,29.0,34.7,21.9,21.6,12.9,15.0,STEEL,30.0,50.0,30.0,0.0,0.0,0.0,0.0,False,False,135.0,2.0,0.9,1.1,0.9,1.2,1.0,0.9,700.0,60.0,700.0,60.0,1.0,1,False,1.0,1.0,68.0,45.0,0.0,31.8,True,False,True,True,True,8.0,1,True,65.0,105.0,225.0,SPOKED,SPOKED,0.0,0.0,0.0,0.0,280.0,755.0,35.0,300.0,1.0
420.0,70.0,630.0,73.0,160.0,45.0,580.0,73.0,640.0,45.0,45.0,31.8,32.0,36.5,23.35,14.0,15.0,STEEL,33.0,40.0,45.0,335.0,345.0,16.0,18.0,False,False,135.0,2.0,1.1,1.2,1.1,1.2,1.0,1.0,680.0,52.0,680.0,52.0,0.0,1,False,1.0,1.0,68.0,45.0,0.0,31.8,False,True,True,True,True,9.0,1,True,100.0,149.0,237,SPOKED,SPOKED,0.0,0.0,0.0,0.0,280.0,760.0,32.0,330.0,1.0
430.0,65.0,620.0,72.5,170.0,50.0,600.0,74.0,650.0,50.0,45.0,30.0,33.0,36.5,25.0,15.0,15.0,STEEL,35.0,45.0,48.0,330.0,350.0,16.0,18.0,False,False,135.0,2.0,1.0,1.1,1.0,1.1,1.0,1.0,690.0,60.0,690.0,60.0,1.0,0,False,1.0,2.0,68.0,50.0,0.0,34.9,True,False,True,True,True,10.0,2,True,100.0,149.0,237,SPOKED,SPOKED,0.0,0.0,0.0,0.0,300.0,750.0,33.0,320.0,1.0
405.0,75.0,640.0,74.0,150.0,45.0,565.0,73.0,620.0,45.0,45.0,28.6,29.0,36.5,23.35,14.0,15.0,STEEL,32.0,42.0,43.0,335.0,345.0,16.0,18.0,False,False,135.0,2.0,1.2,1.3,1.1,1.2,1.0,1.0,680.0,52.0,680.0,52.0,0.0,2,False,1.0,1.0,68.0,42.0,0.0,31.8,False,False,True,True,True,8.0,1,True,100.0,149.0,237,SPOKED,SPOKED,0.0,0.0,0.0,0.0,260.0,740.0,29.0,310.0,1.0
425.0,68.0,625.0,73.5,155.0,48.0,590.0,72.0,635.0,47.0,45.0,32.0,30.0,36.5,23.35,14.0,15.0,STEEL,34.0,44.0,47.0,330.0,350.0,16.0,18.0,False,False,135.0,2.0,1.1,1.2,1.0,1.1,1.2,1.0,685.0,54.0,685.0,54.0,1.0,1,False,1.0,1.0,68.0,40.0,0.0,31.8,False,True,True,True,True,11.0,2,True,100.0,149.0,237,SPOKED,SPOKED,0.0,0.0,0.0,0.0,290.0,770.0,30.0,340.0,2.0
435.0,62.0,615.0,72.0,165.0,50.0,610.0,74.0,655.0,50.0,45.0,31.1,31.0,36.5,25.5,15.0,15.0,STEEL,36.0,48.0,49.0,335.0,345.0,16.0,18.0,False,False,135.0,2.0,1.0,1.1,1.0,1.1,1.1,1.0,695.0,58.0,695.0,58.0,0.0,0,False,1.0,2.0,68.0,48.0,0.0,34.9,True,True,True,True,True,9.0,1,True,100.0,149.0,237,SPOKED,SPOKED,0.0,0.0,0.0,0.0,305.0,730.0,31.0,300.0,1.0
410.0,70.0,635.0,72.8,162.0,46.0,575.0,73.5,645.0,45.0,45.0,30.5,29.5,36.5,24.0,14.0,15.0,STEEL,33.0,43.0,46.0,330.0,350.0,16.0,18.0,False,False,135.0,2.0,1.2,1.3,1.1,1.2,1.0,1.0,690.0,56.0,690.0,56.0,1.0,2,False,1.0,1.0,68.0,43.0,0.0,31.8,False,True,True,True,True,10.0,2,True,100.0,149.0,237,SPOKED,SPOKED,0.0,0.0,0.0,0.0,275.0,755.0,29.5,325.0,2.0
422.0,73.0,628.0,73.0,158.0,47.0,585.0,73.0,638.0,48.0,45.0,32.2,32.0,36.5,23.5,14.0,15.0,STEEL,35.0,44.0,47.0,335.0,345.0,16.0,18.0,False,False,135.0,2.0,1.1,1.2,1.1,1.2,1.0,0.9,682.0,53.0,682.0,53.0,0.0,1,False,1.0,1.0,68.0,46.0,0.0,31.8,False,True,True,True,True,8.0,2,True,100.0,149.0,237,SPOKED,SPOKED,0.0,0.0,0.0,0.0,285.0,765.0,32.0,335.0,1.0
419.0,67.0,640.0,74.0,152.0,45.0,560.0,74.0,630.0,45.0,45.0,30.0,30.5,36.5,24.5,14.0,15.0,STEEL,32.0,42.0,43.0,330.0,350.0,16.0,18.0,False,False,135.0,2.0,1.0,1.1,1.0,1.1,1.0,1.0,678.0,50.0,678.0,50.0,1.0,0,False,1.0,2.0,68.0,42.0,0.0,31.8,True,False,True,True,True,9.0,1,True,100.0,149.0,237,SPOKED,SPOKED,0.0,0.0,0.0,0.0,295.0,745.0,30.5,315.0,2.0
428.0,66.0,632.0,73.2,166.0,49.0,595.0,73.0,648.0,47.0,45.0,31.8,32.5,36.5,23.8,15.0,15.0,STEEL,36.0,46.0,48.0,335.0,345.0,16.0,18.0,False,False,135.0,2.0,1.1,1.2,1.1,1.2,1.0,1.0,688.0,57.0,688.0,57.0,0.0,2,False,1.0,1.0,68.0,44.0,0.0,34.9,False,True,True,True,True,10.0,1,True,100.0,149.0,237,SPOKED,SPOKED,0.0,0.0,0.0,0.0,300.0,758.0,32.5,345.0,1.0
415.0,72.0,620.0,72.5,172.0,48.0,605.0,73.5,655.0,49.0,45.0,32.5,33.0,36.5,23.35,14.0,15.0,STEEL,34.0,45.0,47.0,330.0,350.0,16.0,18.0,False,False,135.0,2.0,1.2,1.3,1.2,1.2,1.0,1.0,692.0,59.0,692.0,59.0,1.0,1,False,1.0,2.0,68.0,47.0,0.0,31.8,True,True,True,True,True,11.0,2,True,100.0,149.0,237,SPOKED,SPOKED,0.0,0.0,0.0,0.0,310.0,749.0,33.0,338.0,2.0
405,70.0,600,73.0,120,50,540.0,73.5,580.0,50.0,68.0,33.7,28.6,25.4,25.4,15.0,9.0,STEEL,40.0,50.0,50.0,0.0,0.0,0.0,0,False,False,135.0,2.0,2.0,2.5,2.5,2.0,2.0,2.5,700.0,78.0,700.0,78.0,0.0,1,False,1.0,1.0,68.0,44.0,0.0,28.6,False,True,True,True,True,8.0,1,True,65.0,105.0,225,SPOKED,SPOKED,0.0,0.0,0.0,0.0,250.0,780.0,28.6,350.0,1.0
412,69.0,605,73.2,135,49,550.0,74.0,575.0,52.0,68.0,33.7,28.6,25.4,25.4,15.0,9.0,STEEL,42.0,52.0,48.0,0.0,0.0,0.0,0,False,False,135.0,2.0,2.0,2.5,2.5,2.0,2.0,2.5,700.0,78.0,700.0,78.0,1.0,2,False,1.0,1.0,68.0,44.0,0.0,28.6,False,True,False,True,True,9.0,1,True,70.0,130.0,235,DISC,SPOKED,0.0,0.0,0.0,0.0,255.0,785.0,28.6,360.0,1.0
408,71.0,602,72.8,128,51,550.0,73.7,590.0,50.0,68.0,34.0,28.0,26.0,26.0,14.0,9.5,STEEL,41.0,51.0,49.0,0.0,0.0,0.0,0,False,False,135.0,2.0,2.0,2.5,2.5,2.0,2.0,2.5,700.0,78.0,700.0,78.0,0.0,0,False,1.0,3.0,70.0,48.0,0.0,28.6,False,True,True,False,True,8.0,2,False,60.0,120.0,220,SPOKED,DISC,0.0,0.0,0.0,0.0,240.0,775.0,28.6,355.0,2.0
402,68.5,598,73.5,115,50,538.0,73.4,580.0,53.0,68.0,33.5,28.6,25.4,25.4,15.0,9.0,STEEL,39.0,49.0,47.0,0.0,0.0,0.0,0,False,False,135.0,2.0,2.0,2.5,2.5,2.0,2.0,2.5,700.0,78.0,700.0,78.0,2.0,1,False,1.0,1.0,68.0,44.0,0.0,28.6,False,False,True,True,True,7.0,1,True,75.0,130.0,245,SPOKED,SPOKED,0.0,0.0,0.0,0.0,245.0,790.0,28.6,345.0,1.0
410,70.0,610,72.5,140,52,560.0,73.8,600.0,50.0,68.0,33.7,28.6,25.4,25.4,15.0,10.0,STEEL,45.0,55.0,55.0,100.0,0.0,10.0,0,True,False,135.0,2.5,2.0,3.0,2.5,2.0,2.0,2.5,700.0,78.0,700.0,78.0,0.0,2,False,1.0,1.0,68.0,44.0,0.0,28.6,True,True,True,True,True,8.0,1,False,80.0,140.0,240,TRISPOKE,SPOKED,1.0,0.0,30.0,0.0,260.0,800.0,28.6,370.0,0.0
400,71.0,605,73.0,125,50,540.0,73.5,590.0,49.0,68.0,33.0,28.6,25.4,25.4,15.0,9.0,STEEL,40.0,50.0,50.0,0.0,0.0,0.0,0,False,False,135.0,1.8,1.8,2.2,2.2,1.8,1.8,2.2,700.0,78.0,700.0,78.0,1.0,1,False,1.0,2.0,70.0,48.0,0.0,28.6,False,True,True,True,False,10.0,1,True,65.0,105.0,225,SPOKED,SPOKED,0.0,0.0,0.0,0.0,250.0,785.0,28.6,360.0,1.0
415,69.0,595,74.0,118,48,530.0,74.0,570.0,52.0,68.0,32.0,28.6,25.4,25.4,15.0,9.0,STEEL,37.0,48.0,46.0,0.0,0.0,0.0,0,False,False,135.0,2.0,2.0,2.5,2.5,2.0,2.0,2.5,700.0,78.0,700.0,78.0,0.0,0,False,1.0,1.0,68.0,44.0,0.0,28.6,False,False,True,False,True,8.0,2,True,60.0,100.0,200,SPOKED,DISC,0.0,0.0,0.0,0.0,255.0,770.0,28.6,350.0,1.0
405,70.0,602,73.0,130,49,545.0,73.5,585.0,51.0,68.0,34.0,28.6,25.4,25.4,15.0,9.0,STEEL,42.0,52.0,48.0,0.0,0.0,0.0,0,False,False,135.0,2.0,2.0,2.5,2.5,2.0,2.0,2.5,700.0,78.0,700.0,78.0,1.0,2,False,1.0,2.0,68.0,44.0,0.0,28.6,False,True,True,True,False,9.0,1,False,75.0,125.0,230,SPOKED,SPOKED,0.0,0.0,0.0,0.0,248.0,788.0,28.6,365.0,2.0
410,69.5,598,73.8,120,50,538.0,74.2,580.0,50.0,68.0,33.7,28.6,25.4,25.4,16.0,9.0,STEEL,40.0,50.0,50.0,0.0,0.0,0.0,0,False,False,135.0,2.0,2.0,2.5,2.5,2.0,2.0,2.5,700.0,78.0,700.0,78.0,0.0,2,False,1.0,1.0,68.0,44.0,0.0,28.6,True,False,False,True,True,8.0,1,True,55.0,95.0,190,TRISPOKE,TRISPOKE,1.0,1.0,35.0,35.0,265.0,795.0,28.6,355.0,1.0
407,70.0,600,73.3,125,51,545.0,73.0,587.0,49.0,68.0,33.0,28.6,25.4,25.4,15.0,9.0,STEEL,41.0,51.0,49.0,0.0,0.0,0.0,0,False,False,135.0,2.0,2.0,2.5,2.5,2.0,2.0,2.5,700.0,78.0,700.0,78.0,1.0,1,False,1.0,1.0,68.0,44.0,0.0,28.6,False,False,True,True,False,8.0,1,False,65.0,105.0,225,SPOKED,DISC,0.0,0.0,0.0,0.0,250.0,780.0,28.6,360.0,1.0
430.0,60.0,560.0,72.5,150.0,45.0,550.0,73.0,630.0,45.0,40.0,25.4,31.8,25.4,20.0,15.0,9.0,STEEL,32.0,52.0,47.0,0.0,0.0,0.0,0.0,False,False,135.0,2.0,1.1,1.3,1.1,1.2,1.0,0.9,674.0,52.0,674.0,52.0,0.0,1,False,1.0,1.0,68.0,45.0,0.0,31.8,True,True,True,True,True,8.0,1,True,65.0,105.0,225,SPOKED,SPOKED,0.0,0.0,0.0,0.0,280.0,750.0,35.0,350.0,1.0
435.0,62.0,570.0,73.0,155.0,45.0,555.0,73.5,635.0,45.0,40.0,25.4,31.8,25.4,20.0,15.0,9.0,STEEL,34.0,54.0,49.0,0.0,0.0,0.0,0.0,False,False,135.0,2.0,1.1,1.3,1.1,1.2,1.0,0.9,674.0,52.0,674.0,52.0,0.0,1,False,1.0,1.0,68.0,45.0,0.0,31.8,True,True,True,True,True,8.0,1,True,65.0,105.0,225,SPOKED,SPOKED,0.0,0.0,0.0,0.0,280.0,750.0,35.0,350.0,1.0
440.0,65.0,580.0,72.0,160.0,45.0,560.0,74.0,640.0,46.0,40.0,25.4,31.8,25.4,20.0,15.0,9.0,STEEL,36.0,56.0,51.0,0.0,0.0,0.0,0.0,False,False,135.0,2.0,1.1,1.3,1.1,1.2,1.0,0.9,674.0,52.0,674.0,52.0,0.0,1,False,1.0,1.0,68.0,45.0,0.0,31.8,True,True,True,True,True,8.0,1,True,65.0,105.0,225,SPOKED,SPOKED,0.0,0.0,0.0,0.0,280.0,750.0,35.0,350.0,1.0
445.0,68.0,590.0,71.5,165.0,45.0,565.0,72.5,645.0,46.0,40.0,25.4,31.8,25.4,20.0,15.0,9.0,STEEL,38.0,58.0,53.0,0.0,0.0,0.0,0.0,False,False,135.0,2.0,1.1,1.3,1.1,1.2,1.0,0.9,674.0,52.0,674.0,52.0,0.0,1,False,1.0,1.0,68.0,45.0,0.0,31.8,True,True,True,True,True,8.0,1,True,65.0,105.0,225,SPOKED,SPOKED,0.0,0.0,0.0,0.0,280.0,750.0,35.0,350.0,1.0
450.0,60.0,600.0,73.5,170.0,45.0,570.0,73.0,650.0,47.0,40.0,25.4,31.8,25.4,20.0,15.0,9.0,STEEL,40.0,50.0,45.0,0.0,0.0,0.0,0.0,False,False,135.0,2.0,1.1,1.3,1.1,1.2,1.0,0.9,674.0,52.0,674.0,52.0,0.0,1,False,1.0,1.0,68.0,45.0,0.0,31.8,True,True,True,True,True,8.0,1,True,65.0,105.0,225,SPOKED,SPOKED,0.0,0.0,0.0,0.0,280.0,750.0,35.0,350.0,1.0
455.0,64.0,610.0,72.5,175.0,45.0,575.0,74.0,655.0,47.0,40.0,25.4,31.8,25.4,20.0,15.0,9.0,STEEL,42.0,53.0,48.0,0.0,0.0,0.0,0.0,False,False,135.0,2.0,1.1,1.3,1.1,1.2,1.0,0.9,674.0,52.0,674.0,52.0,0.0,1,False,1.0,1.0,68.0,45.0,0.0,31.8,True,True,True,True,True,8.0,1,True,65.0,105.0,225,SPOKED,SPOKED,0.0,0.0,0.0,0.0,280.0,750.0,35.0,350.0,1.0
460.0,67.0,620.0,74.0,180.0,45.0,580.0,72.0,660.0,48.0,40.0,25.4,31.8,25.4,20.0,15.0,9.0,STEEL,30.0,55.0,50.0,0.0,0.0,0.0,0.0,False,False,135.0,2.0,1.1,1.3,1.1,1.2,1.0,0.9,674.0,52.0,674.0,52.0,0.0,1,False,1.0,1.0,68.0,45.0,0.0,31.8,True,True,True,True,True,8.0,1,True,65.0,105.0,225,SPOKED,SPOKED,0.0,0.0,0.0,0.0,280.0,750.0,35.0,350.0,1.0
425.0,63.0,565.0,73.2,145.0,45.0,545.0,73.8,625.0,44.0,40.0,25.4,31.8,25.4,20.0,15.0,9.0,STEEL,33.0,57.0,52.0,0.0,0.0,0.0,0.0,False,False,135.0,2.0,1.1,1.3,1.1,1.2,1.0,0.9,674.0,52.0,674.0,52.0,0.0,1,False,1.0,1.0,68.0,45.0,0.0,31.8,True,True,True,True,True,8.0,1,True,65.0,105.0,225,SPOKED,SPOKED,0.0,0.0,0.0,0.0,280.0,750.0,35.0,350.0,1.0
420.0,61.0,555.0,72.8,140.0,45.0,540.0,73.2,620.0,44.0,40.0,25.4,31.8,25.4,20.0,15.0,9.0,STEEL,35.0,51.0,46.0,0.0,0.0,0.0,0.0,False,False,135.0,2.0,1.1,1.3,1.1,1.2,1.0,0.9,674.0,52.0,674.0,52.0,0.0,1,False,1.0,1.0,68.0,45.0,0.0,31.8,True,True,True,True,True,8.0,1,True,65.0,105.0,225,SPOKED,SPOKED,0.0,0.0,0.0,0.0,280.0,750.0,35.0,350.0,1.0
465.0,66.0,615.0,73.6,185.0,45.0,585.0,74.0,665.0,48.0,40.0,25.4,31.8,25.4,20.0,15.0,9.0,STEEL,37.0,59.0,54.0,0.0,0.0,0.0,0.0,False,False,135.0,2.0,1.1,1.3,1.1,1.2,1.0,0.9,674.0,52.0,674.0,52.0,0.0,1,False,1.0,1.0,68.0,45.0,0.0,31.8,True,True,True,True,True,8.0,1,True,65.0,105.0,225,SPOKED,SPOKED,0.0,0.0,0.0,0.0,280.0,750.0,35.0,350.0,1.0
420.0,70.0,600.0,73.0,160.0,45.0,550.0,73.0,650.0,50.0,40.0,31.8,34.9,30.0,30.0,15.0,9.0,STEEL,40.0,30.0,40.0,0.0,0.0,0.0,0.0,False,False,130.0,2.0,0.9,1.1,0.9,1.2,1.0,0.9,680.0,50.0,680.0,50.0,1.0,1,False,1.0,1.0,68.0,45.0,0.0,34.9,False,False,False,False,True,8.0,1,False,65.0,105.0,225,SPOKED,SPOKED,0.0,0.0,0.0,0.0,280.0,700.0,34.9,300.0,1.0
425.0,70.0,590.0,73.0,155.0,45.0,545.0,73.0,650.0,50.0,40.0,31.8,34.9,30.0,30.0,15.0,9.0,STEEL,38.0,28.0,38.0,0.0,0.0,0.0,0.0,False,False,130.0,2.0,0.9,1.1,0.9,1.2,1.0,0.9,680.0,50.0,680.0,50.0,1.0,1,False,1.0,3.0,68.0,50.0,0.0,34.9,False,False,False,False,True,9.0,1,False,65.0,105.0,225,SPOKED,SPOKED,0.0,0.0,0.0,0.0,285.0,695.0,34.9,300.0,1.0
415.0,70.0,605.0,72.5,150.0,45.0,560.0,73.5,645.0,50.0,40.0,31.8,34.9,30.0,30.0,15.0,9.0,ALUMINIUM,42.0,32.0,42.0,0.0,0.0,0.0,0.0,False,False,135.0,2.0,0.9,1.1,0.9,1.2,1.0,0.9,680.0,50.0,680.0,50.0,1.0,1,False,1.0,1.0,68.0,45.0,0.0,34.9,False,True,True,False,True,8.0,1,True,65.0,105.0,225,SPOKED,SPOKED,0.0,0.0,0.0,0.0,290.0,705.0,34.9,300.0,1.0
410.0,70.0,610.0,74.0,165.0,45.0,555.0,74.0,660.0,50.0,40.0,31.8,34.9,30.0,30.0,15.0,9.0,TITANIUM,40.0,30.0,40.0,0.0,0.0,0.0,0.0,False,False,130.0,2.0,0.9,1.1,0.9,1.2,1.0,0.9,680.0,50.0,680.0,50.0,1.0,1,False,1.0,1.0,68.0,45.0,0.0,34.9,False,False,False,False,True,8.0,1,False,65.0,105.0,225,SPOKED,SPOKED,0.0,0.0,0.0,0.0,275.0,695.0,34.9,300.0,1.0
435.0,70.0,595.0,73.5,158.0,45.0,548.0,73.0,648.0,50.0,40.0,31.8,34.9,30.0,30.0,15.0,9.0,STEEL,40.0,30.0,40.0,0.0,0.0,0.0,0.0,False,False,132.0,2.0,0.9,1.1,0.9,1.2,1.0,0.9,680.0,50.0,680.0,50.0,1.0,1,False,1.0,1.0,68.0,45.0,0.0,34.9,False,False,True,False,True,8.0,1,True,65.0,105.0,225,DISC,SPOKED,0.0,0.0,0.0,0.0,300.0,710.0,34.9,300.0,1.0
425.0,70.0,615.0,72.0,162.0,45.0,555.0,74.0,655.0,50.0,40.0,31.8,34.9,30.0,30.0,15.0,9.0,STEEL,40.0,30.0,40.0,0.0,0.0,0.0,0.0,False,False,130.0,2.0,0.9,1.1,0.9,1.2,1.0,0.9,680.0,50.0,680.0,50.0,1.0,1,False,1.0,1.0,68.0,45.0,0.0,34.9,False,False,False,False,True,8.0,1,False,65.0,105.0,225,DISC,DISC,0.0,0.0,0.0,0.0,285.0,690.0,34.9,300.0,1.0
420.0,70.0,610.0,73.0,152.0,45.0,540.0,73.5,650.0,50.0,40.0,28.6,31.8,28.6,28.6,15.0,9.0,CARBON,42.0,32.0,42.0,0.0,0.0,0.0,0.0,False,False,134.0,2.0,0.9,1.1,0.9,1.2,1.0,0.9,680.0,50.0,680.0,50.0,1.0,2,False,1.0,2.0,68.0,50.0,0.0,31.8,False,False,False,False,True,8.0,1,False,65.0,105.0,225,SPOKED,SPOKED,0.0,0.0,0.0,0.0,290.0,700.0,31.8,300.0,2.0
425.0,70.0,580.0,72.0,140.0,45.0,535.0,72.5,640.0,50.0,40.0,31.8,34.9,30.0,30.0,15.0,9.0,BAMBOO,40.0,30.0,40.0,0.0,0.0,0.0,0.0,False,False,130.0,2.0,0.9,1.1,0.9,1.2,1.0,0.9,680.0,50.0,680.0,50.0,1.0,1,False,1.0,1.0,68.0,45.0,0.0,34.9,True,True,True,True,True,8.0,1,True,65.0,105.0,225,SPOKED,SPOKED,0.0,0.0,0.0,0.0,295.0,705.0,34.9,300.0,1.0
430.0,70.0,600.0,73.0,155.0,45.0,550.0,73.0,650.0,50.0,40.0,31.8,34.9,30.0,30.0,15.0,9.0,OTHER,40.0,30.0,40.0,0.0,0.0,0.0,0.0,False,False,133.0,2.0,0.9,1.1,0.9,1.2,1.0,0.9,680.0,50.0,680.0,50.0,1.0,1,False,1.0,1.0,68.0,45.0,0.0,34.9,True,False,False,True,True,8.0,1,False,65.0,105.0,225,SPOKED,SPOKED,0.0,0.0,0.0,0.0,285.0,695.0,34.9,300.0,1.0
440.0,70.0,605.0,73.5,160.0,45.0,560.0,74.0,655.0,50.0,40.0,31.8,34.9,30.0,30.0,15.0,9.0,STEEL,40.0,30.0,40.0,0.0,0.0,0.0,0.0,False,False,130.0,2.0,0.9,1.1,0.9,1.2,1.0,0.9,680.0,50.0,680.0,50.0,1.0,1,False,1.0,1.0,68.0,45.0,0.0,34.9,False,False,True,False,True,8.0,1,True,65.0,105.0,225,SPOKED,SPOKED,0.0,0.0,0.0,0.0,300.0,710.0,34.9,300.0,1.0
405.0,70.0,593.5,73.0,145.0,45.0,515.0,74.0,648.3,45.0,40.0,28.6,36.5,23.35,23.5,13.0,15.0,STEEL,34.0,49.0,49.9,330.0,350.0,16.0,18.0,False,False,135.0,2.0,0.9,1.1,0.9,1.2,1.0,0.9,680.0,52.0,680.0,52.0,0.0,1,False,1.0,1.0,68.0,45.0,0.0,31.8,True,True,True,True,True,8.0,1,True,65.0,105.0,225,SPOKED,SPOKED,0.0,0.0,80.0,80.0,280.0,760.0,34.9,330.0,1.0
410.0,68.0,600.0,72.5,148.0,47.0,510.0,74.5,650.0,43.0,40.0,30.0,38.0,24.0,24.0,13.0,15.5,STEEL,35.0,50.0,50.0,330.0,350.0,16.0,18.0,False,False,130.0,2.1,1.0,1.2,1.0,1.3,1.1,1.0,682.0,50.0,682.0,50.0,0.0,1,False,1.0,1.0,68.0,45.0,0.0,31.8,True,True,True,True,True,7.0,1,True,65.0,105.0,225,SPOKED,SPOKED,0.0,0.0,80.0,80.0,282.0,762.0,35.0,340.0,1.0
400.0,72.0,585.0,74.0,142.0,44.0,520.0,73.5,640.0,47.0,40.0,28.6,36.5,23.35,23.0,13.0,14.5,STEEL,33.0,48.0,48.0,330.0,350.0,16.0,18.0,True,False,135.0,2.0,0.95,1.1,0.95,1.2,1.05,0.95,678.0,53.0,678.0,53.0,0.0,2,False,1.0,1.0,68.0,45.0,0.0,31.8,False,True,True,True,True,9.0,1,True,65.0,105.0,225,SPOKED,SPOKED,0.0,0.0,80.0,80.0,275.0,758.0,34.9,320.0,1.0
398.0,69.0,598.0,73.8,147.0,46.0,512.0,74.2,645.0,44.0,40.0,29.0,37.0,23.5,23.5,13.5,15.2,STEEL,34.5,49.5,49.2,330.0,350.0,16.0,18.0,False,True,132.0,2.0,0.92,1.15,0.92,1.25,1.1,0.92,679.0,51.0,679.0,51.0,0.0,1,False,1.0,1.0,68.0,45.0,0.0,31.8,False,True,True,True,True,8.0,1,True,65.0,105.0,225,SPOKED,SPOKED,0.0,0.0,80.0,80.0,276.0,759.0,34.9,335.0,1.0
420.0,66.0,605.0,72.0,150.0,48.0,518.0,73.0,650.0,46.0,40.0,29.5,37.5,24.0,24.5,13.0,15.8,STEEL,36.0,51.0,50.5,330.0,350.0,16.0,18.0,False,False,134.0,2.2,0.94,1.1,0.94,1.2,1.05,0.94,681.0,52.0,681.0,52.0,0.0,2,False,1.0,1.0,68.0,45.0,0.0,31.8,True,True,True,True,True,7.0,1,True,65.0,105.0,225,SPOKED,SPOKED,0.0,0.0,80.0,80.0,285.0,765.0,34.9,345.0,1.0
390.0,71.0,590.0,74.5,143.0,45.5,522.0,75.0,640.0,44.5,40.0,28.8,36.8,23.2,23.2,13.2,14.8,STEEL,33.5,48.5,48.8,330.0,350.0,16.0,18.0,True,True,133.0,2.0,0.93,1.12,0.93,1.23,1.07,0.93,682.0,49.0,682.0,49.0,0.0,0,False,1.0,1.0,68.0,45.0,0.0,31.8,False,True,True,True,True,8.0,1,True,65.0,105.0,225,SPOKED,SPOKED,0.0,0.0,80.0,80.0,270.0,755.0,34.9,325.0,1.0
415.0,70.0,597.0,73.2,147.5,47.0,510.5,74.8,646.0,45.2,40.0,28.9,37.2,23.4,23.4,13.1,15.3,STEEL,34.2,49.2,49.7,330.0,350.0,16.0,18.0,True,False,131.0,2.0,0.91,1.14,0.91,1.21,1.06,0.91,679.5,51.5,679.5,51.5,0.0,1,False,1.0,1.0,68.0,45.0,0.0,31.8,True,False,True,True,True,9.0,1,True,65.0,105.0,225,SPOKED,SPOKED,0.0,0.0,80.0,80.0,279.0,761.0,34.9,330.0,1.0
425.0,68.0,602.0,72.8,149.0,48.5,517.0,73.3,651.0,46.5,40.0,29.2,37.8,24.2,24.3,13.4,16.0,STEEL,36.2,51.2,50.8,330.0,350.0,16.0,18.0,False,False,136.0,2.1,0.9,1.1,0.9,1.2,1.0,0.9,683.0,48.0,683.0,48.0,0.0,2,False,1.0,1.0,68.0,45.0,0.0,31.8,True,False,True,True,True,8.0,1,True,65.0,105.0,225,SPOKED,SPOKED,0.0,0.0,80.0,80.0,281.0,763.0,34.9,338.0,1.0
395.0,69.5,588.0,73.7,144.0,45.2,523.0,75.2,642.0,44.7,40.0,28.4,36.7,23.1,23.3,13.0,14.7,STEEL,33.8,48.8,48.6,330.0,350.0,16.0,18.0,True,False,132.5,2.0,0.9,1.13,0.9,1.19,1.08,0.9,678.5,53.5,678.5,53.5,0.0,1,False,1.0,1.0,68.0,45.0,0.0,31.8,True,True,True,True,True,8.0,1,True,65.0,105.0,225,SPOKED,SPOKED,0.0,0.0,80.0,80.0,284.0,764.0,34.9,332.0,1.0
400.0,67.5,600.5,72.2,151.0,48.0,519.0,73.7,648.0,47.5,40.0,29.1,37.3,24.0,24.0,13.5,15.6,STEEL,36.0,50.5,50.0,330.0,350.0,16.0,18.0,False,False,135.5,2.0,0.95,1.15,0.95,1.25,1.05,0.95,680.0,52.0,680.0,52.0,0.0,2,False,1.0,1.0,68.0,45.0,0.0,31.8,False,True,True,True,True,7.0,1,True,65.0,105.0,225,SPOKED,SPOKED,0.0,0.0,80.0,80.0,283.0,760.0,34.9,340.0,1.0
405,70,600,73.0,150,45,550.0,73.0,640.0,45.0,45.0,40.0,32.0,36.0,36.0,13.0,15,STEEL,35.0,35.0,45.0,330.0,350.0,16.0,18,False,False,130.0,2.0,0.9,1.1,0.9,1.2,1.0,0.9,680.0,121.0,680.0,121.0,0.0,1,False,1.0,1.0,68.0,45.0,0.0,31.8,False,False,False,False,True,8.0,2,False,100.0,150.0,255,SPOKED,SPOKED,0.0,0.0,80.0,80.0,280.0,760.0,34.9,300.0,1.0
420,65,610,72.5,160,45,540.0,74.0,650.0,50.0,45.0,40.0,32.0,36.0,36.0,13.0,15,STEEL,38.0,37.0,48.0,330.0,350.0,16.0,18,False,False,135.0,2.0,0.9,1.1,0.9,1.2,1.0,0.9,680.0,121.0,680.0,121.0,0.0,1,False,1.0,1.0,68.0,45.0,0.0,31.8,False,False,False,False,True,9.0,2,False,100.0,150.0,255,SPOKED,SPOKED,0.0,0.0,80.0,80.0,285.0,770.0,35.5,310.0,1.0
395,75,590,74.0,155,45,560.0,73.0,645.0,45.0,45.0,40.0,32.0,36.0,36.0,13.0,15,STEEL,32.0,34.0,44.0,330.0,350.0,16.0,18,False,False,130.0,2.0,0.9,1.1,0.9,1.2,1.0,0.9,680.0,121.0,680.0,121.0,0.0,1,False,1.0,1.0,68.0,45.0,0.0,31.8,False,False,False,False,True,8.0,3,False,100.0,150.0,255,SPOKED,SPOKED,0.0,0.0,80.0,80.0,290.0,780.0,33.0,320.0,1.0
410,70,605,73.5,145,45,555.0,74.5,638.0,47.0,45.0,40.0,32.0,36.0,36.0,13.0,15,STEEL,36.0,38.0,46.0,330.0,350.0,16.0,18,False,False,130.0,2.0,0.9,1.1,0.9,1.2,1.0,0.9,680.0,121.0,680.0,121.0,0.0,1,False,1.0,1.0,68.0,45.0,0.0,31.8,False,False,False,False,True,10.0,2,False,100.0,150.0,255,SPOKED,SPOKED,0.0,0.0,80.0,80.0,275.0,755.0,34.0,305.0,1.0
400,68,600,73.0,150,45,550.0,74.0,640.0,45.0,45.0,40.0,32.0,36.0,36.0,13.0,15,STEEL,35.0,35.0,45.0,330.0,350.0,16.0,18,False,False,135.0,2.0,0.9,1.1,0.9,1.2,1.0,0.9,680.0,121.0,680.0,121.0,0.0,1,False,1.0,1.0,68.0,45.0,0.0,31.8,False,False,False,False,True,8.0,1,False,100.0,150.0,255,SPOKED,SPOKED,0.0,0.0,80.0,80.0,282.0,765.0,36.5,290.0,1.0
380,70,580,74.0,140,45,540.0,73.5,630.0,45.0,45.0,40.0,32.0,36.0,36.0,13.0,15,STEEL,33.0,34.0,44.0,330.0,350.0,16.0,18,False,False,130.0,2.0,0.9,1.1,0.9,1.2,1.0,0.9,680.0,121.0,680.0,121.0,0.0,1,False,1.0,1.0,68.0,45.0,0.0,31.8,False,False,False,False,True,9.0,2,False,100.0,150.0,255,SPOKED,SPOKED,0.0,0.0,80.0,80.0,278.0,750.0,37.0,295.0,1.0
425,65,615,72.0,170,45,565.0,74.0,655.0,50.0,45.0,40.0,32.0,36.0,36.0,13.0,15,STEEL,40.0,39.0,50.0,330.0,350.0,16.0,18,False,False,135.0,2.0,0.9,1.1,0.9,1.2,1.0,0.9,680.0,121.0,680.0,121.0,0.0,1,False,1.0,1.0,68.0,45.0,0.0,31.8,False,False,False,False,True,10.0,3,False,100.0,150.0,255,SPOKED,SPOKED,0.0,0.0,80.0,80.0,295.0,800.0,35.0,315.0,1.0
395,67,595,73.0,152,45,548.0,73.8,642.0,46.0,45.0,40.0,32.0,36.0,36.0,13.0,15,STEEL,36.0,35.0,45.0,330.0,350.0,16.0,18,False,False,130.0,2.0,0.9,1.1,0.9,1.2,1.0,0.9,680.0,121.0,680.0,121.0,0.0,1,False,1.0,1.0,68.0,45.0,0.0,31.8,False,False,False,False,True,8.0,2,False,100.0,150.0,255,SPOKED,SPOKED,0.0,0.0,80.0,80.0,292.0,765.0,34.2,305.0,1.0
415,69,610,72.8,158,45,555.0,74.2,648.0,48.0,45.0,40.0,32.0,36.0,36.0,13.0,15,STEEL,37.0,36.0,47.0,330.0,350.0,16.0,18,False,False,130.0,2.0,0.9,1.1,0.9,1.2,1.0,0.9,680.0,121.0,680.0,121.0,0.0,1,False,1.0,1.0,68.0,45.0,0.0,31.8,False,False,False,False,True,9.0,2,False,100.0,150.0,255,SPOKED,SPOKED,0.0,0.0,80.0,80.0,289.0,770.0,36.8,310.0,1.0
405,72,600,73.2,149,45,552.0,73.5,641.0,47.0,45.0,40.0,32.0,36.0,36.0,13.0,15,STEEL,35.0,36.0,46.0,330.0,350.0,16.0,18,False,False,130.0,2.0,0.9,1.1,0.9,1.2,1.0,0.9,680.0,121.0,680.0,121.0,0.0,1,False,1.0,1.0,68.0,45.0,0.0,31.8,False,False,False,False,True,8.0,1,False,100.0,150.0,255,SPOKED,SPOKED,0.0,0.0,80.0,80.0,285.0,755.0,34.9,300.0,1.0
494.19,80.0,668.2733911,71.5,200.1,50.0,540.0,70.0,658.529904,50.0,40.0,28.6,36.5,23.35,13.0,15.0,9.0,STEEL,33.1,40.0,49.4,330.0,350.0,16.0,18.0,False,False,130.0,2.0,0.9,1.1,0.9,1.2,1.0,0.9,680.0,121.0,680.0,121.0,0.0,0,False,1.0,1.0,68.0,45.0,692.0,31.8,True,False,True,True,True,8.0,2,True,102.0,153.0,255,SPOKED,SPOKED,0.0,0.0,0.0,0.0,278.0,762.0,34.9,300.0,1.0
405.0,70.0,591.9108569,73.0,145.0,45.0,515.2,74.0,653.4145038,45.0,45.0,40.0,28.6,36.5,23.35,13.0,15.0,STEEL,28.9,49.2,49.2,330.0,350.0,16.0,18.0,True,True,130.0,2.0,0.9,1.1,0.9,1.2,1.0,0.9,674.0,52.0,674.0,52.0,0.0,0,False,1.0,1.0,68.0,45.0,692.0,31.8,True,False,True,True,True,8.0,2,True,102.0,153.0,255,SPOKED,SPOKED,0.0,0.0,0.0,0.0,298.0,718.0,34.9,330.0,1.0
395.0,60.0,522.5191235,72.0,96.7,220.0,611.6,75.0,587.5256351,45.0,55.0,28.6,36.5,37.5,13.0,15.0,9.0,STEEL,13.5,131.6,4.1,330.0,350.0,16.0,18.0,True,True,130.0,2.0,0.9,1.1,0.9,1.2,1.0,0.9,674.0,52.0,674.0,52.0,0.0,0,False,1.0,1.0,68.0,50.0,685.0,31.8,True,False,True,True,True,8.0,2,True,102.0,153.0,255,SPOKED,SPOKED,0.0,0.0,0.0,0.0,240.0,695.0,34.9,50.0,1.0
385.0,58.0,587.0392466,74.5,160.3,30.0,590.6,74.5,637.3537657,35.0,42.0,25.4,36.5,20.5,12.5,15.0,9.0,STEEL,29.8,30.6,39.6,330.0,350.0,16.0,18.0,False,False,120.0,2.0,0.9,1.1,0.9,1.2,1.0,0.9,676.0,54.0,676.0,54.0,0.0,0,False,1.0,1.0,73.0,38.0,692.0,28.6,True,False,True,True,True,8.0,2,True,102.0,153.0,255,SPOKED,SPOKED,0.0,0.0,0.0,0.0,60.0,80.0,31.0,300.0,1.0
415.0,70.0,637.9091156,73.0,191.4,45.0,630.0,73.5,656.6201875,45.0,40.0,33.6,36.5,23.35,13.0,15.0,9.0,STEEL,27.8,32.1,43.5,330.0,350.0,16.0,18.0,False,False,130.0,2.0,0.9,1.1,0.9,1.2,1.0,0.9,674.0,52.0,674.0,52.0,0.0,0,False,1.0,1.0,68.0,45.0,692.0,31.8,True,False,True,True,True,8.0,2,True,102.0,153.0,255,SPOKED,SPOKED,0.0,0.0,0.0,0.0,275.0,865.0,34.9,300.0,2.0
389.89,70.0,568.6665991,66.5,117.2,45.0,450.2,74.5,654.4009557,45.0,40.0,28.6,36.5,30.0,13.0,15.0,9.0,STEEL,30.4,50.2,44.1,330.0,350.0,16.0,18.0,True,True,135.0,2.0,0.9,1.1,0.9,1.2,1.0,0.9,650.0,91.0,650.0,91.0,0.0,0,False,1.0,1.0,68.0,45.0,692.0,31.8,True,False,True,True,True,8.0,2,True,102.0,153.0,255,SPOKED,SPOKED,0.0,0.0,0.0,0.0,278.0,600.0,34.9,330.0,1.0
550.0,29.5,496.9336227,67.0,100.0,45.0,533.0,65.0,627.6098218,45.0,40.0,28.6,36.5,23.35,13.0,15.0,9.0,STEEL,46.9,44.9,50.1,330.0,350.0,16.0,18.0,False,False,135.0,2.0,0.9,1.1,0.9,1.2,1.0,0.9,628.0,69.0,628.0,69.0,0.0,0,False,1.0,1.0,68.0,45.0,692.0,31.8,True,False,True,True,True,8.0,2,True,102.0,153.0,255,SPOKED,SPOKED,0.0,0.0,0.0,0.0,278.0,700.0,34.9,300.0,2.0
405.0,70.0,593.536575,73.0,145.0,45.0,515.0,74.0,648.3152394,45.0,40.0,28.6,36.5,23.35,13.0,15.0,9.0,STEEL,34.0,49.0,49.9,330.0,350.0,16.0,18.0,False,False,130.0,2.0,0.9,1.1,0.9,1.2,1.0,0.9,674.0,52.0,674.0,52.0,0.0,0,False,1.0,1.0,68.0,45.0,692.0,31.8,True,False,True,True,True,8.0,2,True,102.0,153.0,255,SPOKED,SPOKED,0.0,0.0,0.0,0.0,278.0,718.0,34.9,300.0,2.0
380.0,47.01358832,561.1033732,74.00206468,168.8,45.0,552.4,76.00206468,623.9028894,45.0,40.0,28.6,36.5,23.35,13.0,15.0,9.0,STEEL,33.0,32.4,46.4,330.0,350.0,16.0,18.0,True,True,130.0,2.0,0.9,1.1,0.9,1.2,1.0,0.9,674.0,52.0,674.0,52.0,0.0,0,False,1.0,1.0,68.0,45.0,692.0,31.8,True,False,True,True,True,8.0,2,True,102.0,153.0,255,SPOKED,SPOKED,0.0,0.0,0.0,0.0,298.0,700.0,34.9,300.0,1.0
435.0,65.0,643.0599211,73.0,177.9,45.0,568.5,73.0,670.1914253,65.0,40.0,28.6,36.5,23.35,13.0,15.0,9.0,STEEL,34.8,48.5,49.4,330.0,350.0,16.0,18.0,True,True,130.0,2.0,0.9,1.1,0.9,1.2,1.0,0.9,694.0,110.0,694.0,110.0,0.0,0,False,1.0,1.0,68.0,45.0,692.0,31.8,True,False,True,True,True,8.0,2,True,102.0,153.0,255,SPOKED,SPOKED,0.0,0.0,0.0,0.0,260.0,759.0,34.9,330.0,1.0
400.0,70.0,580.0,72.0,150.0,45.0,530.0,73.0,650.0,50.0,45.0,40.0,28.6,36.5,23.35,13.0,15.0,STEEL,35.0,45.0,50.0,330.0,350.0,16.0,18.0,False,False,130.0,2.0,0.9,1.1,1.0,0.9,0.9,0.9,680.0,52.0,680.0,52.0,0.0,1,False,1.0,1.0,68.0,45.0,0.0,31.8,False,True,False,False,True,10.0,2,False,102.0,153.0,255,SPOKED,SPOKED,0.0,0.0,80.0,80.0,278.0,762.0,34.9,300.0,1.0
405.0,65.0,590.0,73.0,155.0,50.0,540.0,72.5,655.0,50.0,45.0,40.0,28.6,36.5,23.35,13.0,15.0,STEEL,35.0,45.0,50.0,330.0,350.0,16.0,18.0,False,False,130.0,2.0,0.9,1.1,1.0,0.9,0.9,0.9,680.0,52.0,680.0,52.0,1.0,1,False,1.0,1.0,68.0,45.0,0.0,31.8,False,True,False,False,True,11.0,2,False,102.0,153.0,255,SPOKED,SPOKED,0.0,0.0,80.0,80.0,285.0,755.0,34.9,300.0,1.0
410.0,60.0,600.0,71.5,160.0,40.0,525.0,74.0,645.0,55.0,45.0,40.0,28.6,36.5,23.35,13.0,15.0,STEEL,40.0,40.0,45.0,330.0,350.0,16.0,18.0,False,False,130.0,2.0,0.9,1.1,1.0,0.9,0.9,0.9,680.0,52.0,680.0,52.0,0.0,1,False,1.0,1.0,68.0,45.0,0.0,31.8,False,True,False,False,True,10.0,1,False,102.0,153.0,255,SPOKED,SPOKED,0.0,0.0,80.0,80.0,270.0,760.0,34.9,300.0,1.0
395.0,75.0,570.0,74.0,145.0,55.0,550.0,71.0,660.0,45.0,45.0,40.0,28.6,36.5,23.35,13.0,15.0,STEEL,30.0,55.0,55.0,330.0,350.0,16.0,18.0,False,False,130.0,2.0,0.9,1.1,1.0,0.9,0.9,0.9,680.0,52.0,680.0,52.0,0.0,1,False,1.0,1.0,68.0,45.0,0.0,31.8,False,True,False,False,True,12.0,3,False,102.0,153.0,255,SPOKED,SPOKED,0.0,0.0,80.0,80.0,290.0,745.0,34.9,300.0,1.0
415.0,80.0,610.0,70.5,165.0,45.0,530.0,72.0,640.0,50.0,45.0,40.0,28.6,36.5,23.35,13.0,15.0,STEEL,45.0,45.0,40.0,330.0,350.0,16.0,18.0,False,False,130.0,2.0,0.9,1.1,1.0,0.9,0.9,0.9,680.0,52.0,680.0,52.0,0.0,1,False,1.0,1.0,68.0,45.0,0.0,31.8,False,True,False,False,True,11.0,2,False,102.0,153.0,255,SPOKED,SPOKED,0.0,0.0,80.0,80.0,275.0,770.0,34.9,300.0,1.0
390.0,55.0,575.0,72.5,140.0,60.0,545.0,73.5,665.0,45.0,45.0,40.0,28.6,36.5,23.35,13.0,15.0,STEEL,28.0,60.0,50.0,330.0,350.0,16.0,18.0,False,False,130.0,2.0,0.9,1.1,1.0,0.9,0.9,0.9,680.0,52.0,680.0,52.0,0.0,1,False,1.0,1.0,68.0,45.0,0.0,31.8,False,True,False,False,True,10.0,2,False,102.0,153.0,255,SPOKED,SPOKED,0.0,0.0,80.0,80.0,280.0,750.0,34.9,300.0,1.0
420.0,68.0,605.0,73.5,170.0,50.0,535.0,71.5,635.0,50.0,45.0,40.0,28.6,36.5,23.35,13.0,15.0,STEEL,38.0,50.0,45.0,330.0,350.0,16.0,18.0,False,False,130.0,2.0,0.9,1.1,1.0,0.9,0.9,0.9,680.0,52.0,680.0,52.0,0.0,1,False,1.0,1.0,68.0,45.0,0.0,31.8,False,True,False,False,True,11.0,1,False,102.0,153.0,255,SPOKED,SPOKED,0.0,0.0,80.0,80.0,282.0,765.0,34.9,300.0,1.0
385.0,72.0,590.0,74.5,135.0,55.0,565.0,73.0,670.0,50.0,45.0,40.0,28.6,36.5,23.35,13.0,15.0,STEEL,26.0,55.0,55.0,330.0,350.0,16.0,18.0,False,False,130.0,2.0,0.9,1.1,1.0,0.9,0.9,0.9,680.0,52.0,680.0,52.0,0.0,1,False,1.0,1.0,68.0,45.0,0.0,31.8,False,True,False,False,True,12.0,3,False,102.0,153.0,255,SPOKED,SPOKED,0.0,0.0,80.0,80.0,295.0,758.0,34.9,300.0,1.0
430.0,66.0,615.0,71.0,175.0,45.0,525.0,74.5,630.0,55.0,45.0,40.0,28.6,36.5,23.35,13.0,15.0,STEEL,30.0,45.0,40.0,330.0,350.0,16.0,18.0,False,False,130.0,2.0,0.9,1.1,1.0,0.9,0.9,0.9,680.0,52.0,680.0,52.0,0.0,1,False,1.0,1.0,68.0,45.0,0.0,31.8,False,True,False,False,True,10.0,2,False,102.0,153.0,255,SPOKED,SPOKED,0.0,0.0,80.0,80.0,288.0,748.0,34.9,300.0,1.0
395.0,74.0,580.0,72.2,150.0,48.0,550.0,72.2,660.0,50.0,45.0,40.0,28.6,36.5,23.35,13.0,15.0,STEEL,32.0,48.0,45.0,330.0,350.0,16.0,18.0,False,False,130.0,2.0,0.9,1.1,1.0,0.9,0.9,0.9,680.0,52.0,680.0,52.0,0.0,1,False,1.0,1.0,68.0,45.0,0.0,31.8,False,True,False,False,True,11.0,2,False,102.0,153.0,255,SPOKED,SPOKED,0.0,0.0,80.0,80.0,280.0,752.0,34.9,300.0,1.0
420,70,600,73,145,50,550.0,73.0,660.0,50.0,45.0,28.6,36.5,23.35,23.35,13.0,15,STEEL,33.0,40.0,49.4,330.0,350.0,16.0,18,False,False,130.0,2.0,0.9,1.1,0.9,1.2,1.0,0.9,680.0,121.0,680.0,121.0,0.0,1,False,1.0,1.0,68.0,45.0,0.0,45,False,False,False,False,True,8.0,1,False,65.0,105.0,225,SPOKED,SPOKED,0.0,0.0,80.0,80.0,300.0,760.0,34.9,300.0,1.0
425,65,610,72,150,55,545.0,72.0,655.0,55.0,45.0,28.6,36.5,23.35,23.35,13.0,15,STEEL,33.0,40.0,49.4,330.0,350.0,16.0,18,False,False,135.0,2.0,0.9,1.1,0.9,1.2,1.0,0.9,680.0,121.0,680.0,121.0,0.0,2,False,1.0,1.0,68.0,45.0,0.0,45,False,False,False,False,True,9.0,1,False,65.0,105.0,225,SPOKED,SPOKED,0.0,0.0,80.0,80.0,300.0,755.0,34.9,300.0,1.0
430,68,620,74,140,50,560.0,74.0,670.0,48.0,45.0,28.6,36.5,23.35,23.35,13.0,15,STEEL,33.0,40.0,49.4,330.0,350.0,16.0,18,False,False,130.0,2.0,0.9,1.1,0.9,1.2,1.0,0.9,680.0,121.0,680.0,121.0,0.0,0,False,1.0,1.0,68.0,45.0,0.0,45,False,False,False,False,True,10.0,1,False,65.0,105.0,225,SPOKED,SPOKED,0.0,0.0,80.0,80.0,305.0,760.0,34.9,300.0,1.0
435,70,630,71,155,52,550.0,71.0,665.0,52.0,45.0,28.6,36.5,23.35,23.35,13.0,15,STEEL,33.0,40.0,49.4,330.0,350.0,16.0,18,False,False,135.0,2.0,0.9,1.1,0.9,1.2,1.0,0.9,680.0,121.0,680.0,121.0,0.0,1,False,1.0,1.0,68.0,45.0,0.0,45,False,False,False,False,True,11.0,1,False,65.0,105.0,225,SPOKED,SPOKED,0.0,0.0,80.0,80.0,295.0,750.0,34.9,300.0,1.0
440,72,640,73,160,60,540.0,73.0,660.0,50.0,45.0,28.6,36.5,23.35,23.35,13.0,15,STEEL,33.0,40.0,49.4,330.0,350.0,16.0,18,False,False,130.0,2.0,0.9,1.1,0.9,1.2,1.0,0.9,680.0,121.0,680.0,121.0,0.0,2,False,1.0,1.0,68.0,45.0,0.0,45,False,False,False,False,True,8.0,1,False,65.0,105.0,225,SPOKED,SPOKED,0.0,0.0,80.0,80.0,310.0,765.0,34.9,300.0,1.0
445,69,615,72,148,55,555.0,72.0,668.0,53.0,45.0,28.6,36.5,23.35,23.35,13.0,15,STEEL,33.0,40.0,49.4,330.0,350.0,16.0,18,False,False,135.0,2.0,0.9,1.1,0.9,1.2,1.0,0.9,680.0,121.0,680.0,121.0,0.0,0,False,1.0,1.0,68.0,45.0,0.0,45,False,False,False,False,True,9.0,1,False,65.0,105.0,225,SPOKED,SPOKED,0.0,0.0,80.0,80.0,300.0,758.0,34.9,300.0,1.0
450,67,625,74,142,58,565.0,74.0,672.0,47.0,45.0,28.6,36.5,23.35,23.35,13.0,15,STEEL,33.0,40.0,49.4,330.0,350.0,16.0,18,False,False,130.0,2.0,0.9,1.1,0.9,1.2,1.0,0.9,680.0,121.0,680.0,121.0,0.0,1,False,1.0,1.0,68.0,45.0,0.0,45,False,False,False,False,True,10.0,1,False,65.0,105.0,225,SPOKED,SPOKED,0.0,0.0,80.0,80.0,305.0,761.0,34.9,300.0,1.0
455,70,635,73,150,50,570.0,73.0,658.0,50.0,45.0,28.6,36.5,23.35,23.35,13.0,15,STEEL,33.0,40.0,49.4,330.0,350.0,16.0,18,False,False,135.0,2.0,0.9,1.1,0.9,1.2,1.0,0.9,680.0,121.0,680.0,121.0,0.0,2,False,1.0,1.0,68.0,45.0,0.0,45,False,False,False,False,True,11.0,1,False,65.0,105.0,225,SPOKED,SPOKED,0.0,0.0,80.0,80.0,295.0,755.0,34.9,300.0,1.0
460,68,628,71,146,54,560.0,71.0,664.0,54.0,45.0,28.6,36.5,23.35,23.35,13.0,15,STEEL,33.0,40.0,49.4,330.0,350.0,16.0,18,False,False,130.0,2.0,0.9,1.1,0.9,1.2,1.0,0.9,680.0,121.0,680.0,121.0,0.0,0,False,1.0,1.0,68.0,45.0,0.0,45,False,False,False,False,True,8.0,1,False,65.0,105.0,225,SPOKED,SPOKED,0.0,0.0,80.0,80.0,300.0,760.0,34.9,300.0,1.0
480,66,638,74,144,53,550.0,74.0,668.0,52.0,45.0,28.6,36.5,23.35,23.35,13.0,15,STEEL,33.0,40.0,49.4,330.0,350.0,16.0,18,False,False,135.0,2.0,0.9,1.1,0.9,1.2,1.0,0.9,680.0,121.0,680.0,121.0,0.0,1,False,1.0,1.0,68.0,45.0,0.0,45,False,False,False,False,True,9.0,1,False,65.0,105.0,225,SPOKED,SPOKED,0.0,0.0,80.0,80.0,308.0,762.0,34.9,300.0,1.0
420,70,600,72.0,140,50,580.0,74.0,640.0,45.0,45.0,30.0,36.5,23.35,23.35,13.0,15,STEEL,35.0,40.0,45.0,330.0,350.0,16.0,18,True,False,135.0,2.0,1.0,1.1,1.0,1.2,1.0,1.0,680.0,121.0,680.0,121.0,0.0,0,False,1.0,1.0,68.0,45.0,0.0,31.8,False,False,False,False,True,8.0,1,False,100.0,180.0,255,SPOKED,SPOKED,1.0,1.0,80.0,80.0,280.0,760.0,34.9,300.0,1.0
430,65,610,71.0,150,55,590.0,73.5,650.0,45.0,45.0,30.0,36.5,23.35,23.35,13.0,15,STEEL,38.0,42.0,48.0,330.0,350.0,16.0,18,False,True,130.0,2.0,1.0,1.1,1.0,1.2,1.0,1.0,680.0,121.0,680.0,121.0,0.0,1,False,1.0,1.0,68.0,45.0,0.0,31.8,False,False,False,False,True,9.0,2,True,110.0,170.0,240,SPOKED,SPOKED,1.0,1.0,80.0,80.0,282.0,770.0,34.9,300.0,1.0
440,75,620,73.0,130,45,600.0,74.5,635.0,45.0,45.0,30.0,36.5,23.35,23.35,13.0,15,STEEL,32.0,45.0,50.0,330.0,350.0,16.0,18,True,True,135.0,2.0,1.0,1.1,1.0,1.2,1.0,1.0,680.0,121.0,680.0,121.0,0.0,0,False,1.0,1.0,68.0,45.0,0.0,31.8,False,False,False,False,True,7.0,1,False,120.0,190.0,230,SPOKED,SPOKED,1.0,1.0,80.0,80.0,285.0,780.0,34.9,300.0,1.0
450,68,590,72.5,160,60,610.0,75.0,655.0,45.0,45.0,30.0,36.5,23.35,23.35,13.0,15,STEEL,40.0,48.0,42.0,330.0,350.0,16.0,18,False,False,135.0,2.0,1.0,1.1,1.0,1.2,1.0,1.0,680.0,121.0,680.0,121.0,0.0,1,False,1.0,1.0,68.0,45.0,0.0,31.8,False,False,False,True,True,8.0,2,False,130.0,165.0,255,SPOKED,SPOKED,1.0,1.0,80.0,80.0,290.0,795.0,34.9,300.0,1.0
425,72,605,71.5,145,52,575.0,73.0,645.0,45.0,45.0,30.0,36.5,23.35,23.35,13.0,15,STEEL,36.0,41.0,46.0,330.0,350.0,16.0,18,True,False,135.0,2.0,1.0,1.1,1.0,1.2,1.0,1.0,680.0,121.0,680.0,121.0,0.0,2,False,1.0,1.0,68.0,45.0,0.0,31.8,False,False,False,False,True,10.0,1,True,105.0,175.0,245,SPOKED,SPOKED,1.0,1.0,80.0,80.0,275.0,750.0,34.9,300.0,1.0
435,67,600,70.5,155,58,595.0,74.2,660.0,45.0,45.0,30.0,36.5,23.35,23.35,13.0,15,STEEL,34.0,47.0,43.0,330.0,350.0,16.0,18,False,False,130.0,2.0,1.0,1.1,1.0,1.2,1.0,1.0,680.0,121.0,680.0,121.0,0.0,0,False,1.0,1.0,68.0,45.0,0.0,31.8,False,False,False,False,True,7.0,2,False,115.0,185.0,235,SPOKED,SPOKED,1.0,1.0,80.0,80.0,295.0,780.0,34.9,300.0,1.0
420,69,615,72.2,142,48,585.0,74.8,650.0,45.0,45.0,30.0,36.5,23.35,23.35,13.0,15,STEEL,37.0,43.0,44.0,330.0,350.0,16.0,18,True,False,135.0,2.0,1.0,1.1,1.0,1.2,1.0,1.0,680.0,121.0,680.0,121.0,0.0,1,False,1.0,1.0,68.0,45.0,0.0,31.8,False,False,False,False,True,10.0,1,True,125.0,175.0,225,SPOKED,SPOKED,1.0,1.0,80.0,80.0,288.0,770.0,34.9,300.0,1.0
445,66,610,71.8,138,54,598.0,73.3,638.0,45.0,45.0,30.0,36.5,23.35,23.35,13.0,15,STEEL,39.0,46.0,47.0,330.0,350.0,16.0,18,False,False,130.0,2.0,1.0,1.1,1.0,1.2,1.0,1.0,680.0,121.0,680.0,121.0,0.0,2,False,1.0,1.0,68.0,45.0,0.0,31.8,False,False,False,False,True,8.0,2,False,135.0,190.0,220,SPOKED,SPOKED,1.0,1.0,80.0,80.0,292.0,765.0,34.9,300.0,1.0
430,70,600,72.0,148,50,590.0,74.5,645.0,45.0,45.0,30.0,36.5,23.35,23.35,13.0,15,STEEL,33.0,44.0,49.0,330.0,350.0,16.0,18,True,False,135.0,2.0,1.0,1.1,1.0,1.2,1.0,1.0,680.0,121.0,680.0,121.0,0.0,1,False,1.0,1.0,68.0,45.0,0.0,31.8,False,False,False,False,True,11.0,3,False,140.0,160.0,210,SPOKED,SPOKED,1.0,1.0,80.0,80.0,287.0,775.0,34.9,300.0,1.0
460,74,625,71.2,135,57,605.0,75.0,660.0,45.0,45.0,30.0,36.5,23.35,23.35,13.0,15,STEEL,31.0,49.0,41.0,330.0,350.0,16.0,18,False,False,130.0,2.0,1.0,1.1,1.0,1.2,1.0,1.0,680.0,121.0,680.0,121.0,0.0,0,False,1.0,1.0,68.0,45.0,0.0,31.8,False,False,False,False,True,9.0,2,False,115.0,195.0,225,SPOKED,SPOKED,1.0,1.0,80.0,80.0,290.0,785.0,34.9,300.0,1.0
430,70,600,73.0,160,50,530.0,73.0,650.0,45.0,45.0,28.6,36.5,36.5,23.35,13.0,15,STEEL,30.0,60.0,40.0,330.0,330.0,16.0,18,False,False,135.0,1.0,1.0,1.0,1.0,1.0,1.0,1.0,680.0,50.0,680.0,50.0,0.0,1,False,1.0,1.0,68.0,45.0,0.0,31.8,False,False,False,False,True,8.0,1,False,65.0,105.0,225,SPOKED,SPOKED,0.0,0.0,0.0,0.0,280.0,720.0,34.9,300.0,1.0
435,68,605,72.5,155,55,535.0,74.0,655.0,48.0,45.0,28.6,36.5,36.5,23.35,14.0,16,STEEL,28.0,62.0,42.0,335.0,335.0,16.0,18,False,False,135.0,0.9,1.1,1.0,1.1,1.0,1.0,1.0,670.0,45.0,670.0,45.0,0.0,2,False,1.0,1.0,68.0,44.0,0.0,31.8,False,False,False,False,True,7.0,1,False,65.0,105.0,225,SPOKED,SPOKED,0.0,0.0,0.0,0.0,285.0,710.0,34.9,305.0,1.0
430,72,610,74.0,170,60,540.0,73.0,660.0,50.0,45.0,28.6,36.5,36.5,23.35,13.0,15,STEEL,32.0,58.0,38.0,330.0,330.0,16.0,18,False,False,135.0,1.0,1.0,1.0,1.0,1.0,1.0,1.0,685.0,52.0,685.0,52.0,0.0,1,False,1.0,1.0,68.0,46.0,0.0,31.8,False,False,False,False,True,9.0,1,False,65.0,105.0,225,SPOKED,SPOKED,0.0,0.0,0.0,0.0,275.0,700.0,34.9,295.0,1.0
440,68,595,73.0,165,52,525.0,74.0,645.0,47.0,45.0,28.6,36.5,36.5,23.35,14.0,16,STEEL,30.0,60.0,42.0,332.0,332.0,16.0,18,False,False,135.0,0.9,1.0,1.0,1.1,1.0,1.0,1.0,678.0,48.0,678.0,48.0,0.0,0,False,1.0,1.0,68.0,45.0,0.0,31.8,False,False,False,False,True,8.0,1,False,65.0,105.0,225,SPOKED,SPOKED,0.0,0.0,0.0,0.0,280.0,715.0,34.9,310.0,1.0
425,70,605,72.0,150,50,530.0,72.0,648.0,46.0,45.0,28.6,36.5,36.5,23.35,12.0,15,STEEL,28.0,55.0,39.0,330.0,330.0,16.0,18,False,False,135.0,0.9,1.0,1.0,1.0,1.0,1.0,1.0,662.0,47.0,662.0,47.0,0.0,1,False,1.0,1.0,68.0,45.0,0.0,31.8,False,False,False,False,True,8.0,1,False,65.0,105.0,225,SPOKED,SPOKED,0.0,0.0,0.0,0.0,285.0,708.0,34.9,290.0,1.0
445,69,615,74.0,160,58,540.0,73.0,662.0,49.0,45.0,28.6,36.5,36.5,23.35,15.0,17,STEEL,32.0,62.0,40.0,335.0,335.0,16.0,18,False,False,135.0,1.0,1.1,1.0,1.1,1.0,1.0,1.0,680.0,50.0,680.0,50.0,0.0,1,False,1.0,1.0,68.0,45.0,0.0,31.8,False,False,False,False,True,10.0,1,False,65.0,105.0,225,SPOKED,SPOKED,0.0,0.0,0.0,0.0,290.0,725.0,34.9,305.0,1.0
435,72,590,73.0,155,53,520.0,73.0,640.0,47.0,45.0,28.6,36.5,36.5,23.35,13.0,15,STEEL,30.0,58.0,38.0,330.0,330.0,16.0,18,False,False,135.0,1.0,1.0,1.0,1.0,1.0,1.0,1.0,670.0,48.0,670.0,48.0,0.0,2,False,1.0,1.0,68.0,45.0,0.0,31.8,False,False,False,False,True,8.0,1,False,65.0,105.0,225,SPOKED,SPOKED,0.0,0.0,0.0,0.0,280.0,710.0,34.9,300.0,1.0
440,70,620,72.5,165,57,550.0,73.0,670.0,48.0,45.0,28.6,36.5,36.5,23.35,14.0,16,STEEL,31.0,61.0,41.0,335.0,335.0,16.0,18,False,False,135.0,0.9,1.0,1.0,1.1,1.0,1.0,1.0,690.0,50.0,690.0,50.0,0.0,1,False,1.0,1.0,68.0,45.0,0.0,31.8,False,False,False,False,True,9.0,1,False,65.0,105.0,225,SPOKED,SPOKED,0.0,0.0,0.0,0.0,295.0,730.0,34.9,310.0,1.0
425,71,600,73.0,158,55,535.0,74.0,650.0,46.0,45.0,28.6,36.5,36.5,23.35,13.0,15,STEEL,29.0,59.0,39.0,330.0,330.0,16.0,18,False,False,135.0,1.0,1.1,1.0,1.0,1.0,1.0,1.0,675.0,49.0,675.0,49.0,0.0,1,False,1.0,1.0,68.0,45.0,0.0,31.8,False,False,False,False,True,8.0,1,False,65.0,105.0,225,SPOKED,SPOKED,0.0,0.0,0.0,0.0,285.0,705.0,34.9,295.0,1.0
430,69,615,74.0,162,59,545.0,74.0,665.0,49.0,45.0,28.6,36.5,36.5,23.35,14.0,16,STEEL,33.0,63.0,41.0,332.0,332.0,16.0,18,False,False,135.0,1.0,1.0,1.0,1.1,1.0,1.0,1.0,680.0,50.0,680.0,50.0,0.0,1,False,1.0,1.0,68.0,45.0,0.0,31.8,False,False,False,False,True,9.0,1,False,65.0,105.0,225,SPOKED,SPOKED,0.0,0.0,0.0,0.0,290.0,720.0,34.9,300.0,1.0
410,70,600,73.0,140,50,560.0,73.0,650.0,45.0,42.0,30.0,36.5,36.5,23.35,13.0,15,STEEL,33.0,50.0,43.0,330.0,350.0,16.0,18,True,False,135.0,2.0,1.0,1.1,0.9,1.2,1.0,0.9,680.0,58.0,680.0,58.0,0.0,0,False,1.0,1.0,68.0,45.0,0.0,31.8,False,False,True,True,True,8.0,1,True,150.0,200.0,255,SPOKED,SPOKED,0.0,0.0,0.0,0.0,280.0,760.0,34.9,300.0,1.0
420,68,610,72.5,150,55,570.0,74.0,660.0,50.0,42.0,32.0,37.5,36.5,24.0,13.0,15,STEEL,34.0,52.0,42.0,332.0,352.0,17.0,18,True,True,135.0,2.1,1.1,1.2,0.9,1.1,1.0,1.1,674.0,57.0,674.0,57.0,0.0,2,False,1.0,1.0,68.0,44.0,0.0,31.8,False,False,True,True,True,9.0,1,True,140.0,180.0,255,SPOKED,SPOKED,0.0,0.0,0.0,0.0,285.0,780.0,34.9,310.0,1.0
395,72,590,73.5,130,48,550.0,73.0,640.0,43.0,42.0,28.0,36.5,36.5,23.0,13.0,15,STEEL,32.0,48.0,45.0,328.0,348.0,16.0,18,False,False,130.0,1.9,0.9,1.1,1.0,1.2,1.0,0.9,682.0,59.0,682.0,59.0,0.0,1,False,1.0,1.0,70.0,46.0,0.0,28.6,False,True,True,True,True,10.0,2,True,160.0,210.0,255,SPOKED,SPOKED,0.0,0.0,0.0,0.0,280.0,770.0,34.9,295.0,1.0
430,65,630,72.0,160,60,580.0,72.0,670.0,47.0,42.0,30.0,37.5,36.5,25.0,14.0,16,STEEL,35.0,55.0,40.0,335.0,355.0,16.0,18,True,False,135.0,2.0,1.0,1.0,0.9,1.2,1.0,0.9,674.0,56.0,674.0,56.0,0.0,0,False,1.0,1.0,68.0,45.0,0.0,31.8,True,False,True,True,True,7.0,1,False,170.0,220.0,255,SPOKED,SPOKED,0.0,0.0,0.0,0.0,275.0,765.0,35.0,305.0,1.0
400,75,580,73.5,145,50,540.0,74.0,645.0,42.0,42.0,29.0,36.5,36.5,23.5,12.0,15,STEEL,33.0,50.0,44.0,330.0,350.0,17.0,18,False,True,130.0,2.2,1.1,1.2,0.8,1.2,0.9,1.1,680.0,60.0,680.0,60.0,0.0,2,False,1.0,1.0,70.0,44.0,0.0,28.6,False,True,False,True,True,8.0,2,True,130.0,190.0,255,SPOKED,SPOKED,0.0,0.0,0.0,0.0,290.0,750.0,34.9,315.0,1.0
385,67,620,72.5,150,55,560.0,73.0,655.0,45.0,42.0,31.0,36.5,36.5,24.0,14.0,14,STEEL,34.0,53.0,41.0,333.0,353.0,16.0,17,True,True,135.0,2.0,1.0,1.1,0.9,1.1,1.0,0.9,678.0,58.0,678.0,58.0,0.0,1,False,1.0,1.0,68.0,45.0,0.0,31.8,True,True,True,False,True,9.0,1,True,155.0,205.0,255,SPOKED,SPOKED,0.0,0.0,0.0,0.0,285.0,780.0,34.9,300.0,1.0
395,66,595,73.0,140,52,555.0,72.5,648.0,43.0,42.0,30.0,36.5,36.5,23.0,13.0,15,STEEL,32.0,50.0,42.0,329.0,349.0,16.0,18,False,False,130.0,1.8,0.9,1.1,0.9,1.2,1.0,0.9,682.0,60.0,682.0,60.0,0.0,0,False,1.0,1.0,68.0,45.0,0.0,31.8,False,False,True,True,True,8.0,1,False,145.0,180.0,230,SPOKED,SPOKED,0.0,0.0,0.0,0.0,270.0,755.0,34.9,290.0,1.0
415,69,610,72.0,155,60,575.0,73.5,660.0,46.0,42.0,32.0,37.5,36.5,25.0,14.0,16,STEEL,35.0,55.0,40.0,334.0,354.0,17.0,18,True,False,135.0,2.1,1.1,1.2,0.9,1.2,1.0,1.1,674.0,57.0,674.0,57.0,0.0,2,False,1.0,1.0,68.0,45.0,0.0,31.8,True,False,False,False,True,7.0,2,True,200.0,220.0,255,SPOKED,SPOKED,0.0,0.0,0.0,0.0,300.0,770.0,34.9,300.0,1.0
405,64,585,73.5,135,50,545.0,74.0,645.0,44.0,42.0,29.0,36.5,36.5,23.0,13.0,15,STEEL,31.0,49.0,43.0,331.0,351.0,16.0,18,False,False,130.0,1.9,0.9,1.1,0.9,1.2,1.0,0.9,680.0,58.0,680.0,58.0,0.0,1,False,1.0,1.0,68.0,45.0,0.0,28.6,False,True,True,True,True,9.0,1,True,120.0,180.0,255,SPOKED,SPOKED,0.0,0.0,0.0,0.0,280.0,765.0,34.9,295.0,1.0
425,71,625,72.0,150,58,565.0,72.0,655.0,45.0,42.0,31.0,36.5,36.5,24.0,13.0,15,STEEL,33.0,53.0,41.0,332.0,352.0,17.0,17,True,True,135.0,2.0,1.0,1.1,0.9,1.2,1.0,0.9,678.0,59.0,678.0,59.0,0.0,2,False,1.0,1.0,68.0,46.0,0.0,31.8,True,True,True,True,True,8.0,1,True,155.0,215.0,255,SPOKED,SPOKED,0.0,0.0,0.0,0.0,290.0,775.0,34.9,310.0,1.0
450,70,600,73.0,160,50,580.0,73.5,580.0,50.0,40.0,28.6,36.5,23.35,13.0,13.0,15.0,STEEL,30.0,45.0,50.0,330.0,350.0,16.0,18.0,False,False,135.0,2.0,1.0,1.0,2.0,1.0,1.0,1.0,692.0,70.0,692.0,70.0,1.0,0,False,1.0,1.0,68.0,45.0,0.0,31.8,False,True,True,True,True,9.0,2,True,65.0,105.0,225,SPOKED,SPOKED,1.0,1.0,50.0,50.0,300.0,760.0,34.9,300.0,1.0
460,65,620,72.0,180,60,600.0,74.0,680.0,45.0,40.0,28.6,36.5,23.35,13.0,13.0,15.0,STEEL,32.0,43.0,48.0,330.0,350.0,16.0,18.0,False,False,135.0,2.0,1.0,1.0,2.0,1.0,1.0,1.0,680.0,120.0,680.0,120.0,1.0,1,False,1.0,1.0,68.0,45.0,0.0,31.8,False,True,True,True,True,8.0,2,True,65.0,105.0,225,SPOKED,SPOKED,1.0,1.0,50.0,50.0,300.0,750.0,34.9,350.0,1.0
480,75,610,73.5,170,55,590.0,73.0,660.0,55.0,40.0,28.6,36.5,23.35,13.0,13.0,15.0,STEEL,33.0,44.0,52.0,330.0,350.0,16.0,18.0,False,False,135.0,2.0,1.0,1.0,2.0,1.0,1.0,1.0,692.0,70.0,692.0,70.0,1.0,2,False,1.0,1.0,68.0,45.0,0.0,31.8,False,True,True,True,True,10.0,2,True,65.0,105.0,225,SPOKED,SPOKED,1.0,1.0,50.0,50.0,300.0,760.0,34.9,300.0,1.0
455,68,605,74.0,155,58,575.0,72.5,690.0,48.0,40.0,28.6,36.5,23.35,13.0,13.0,15.0,STEEL,28.0,47.0,49.0,330.0,350.0,16.0,18.0,False,False,135.0,2.0,1.0,1.0,2.0,1.0,1.0,1.0,680.0,120.0,680.0,120.0,1.0,0,False,1.0,1.0,68.0,45.0,0.0,31.8,False,True,True,True,True,7.0,2,True,65.0,105.0,225,SPOKED,SPOKED,1.0,1.0,50.0,50.0,300.0,755.0,34.9,300.0,1.0
470,66,630,72.5,190,52,610.0,73.8,675.0,52.0,40.0,28.6,36.5,23.35,13.0,13.0,15.0,STEEL,31.0,44.0,51.0,330.0,350.0,16.0,18.0,False,False,135.0,2.0,1.0,1.0,2.0,1.0,1.0,1.0,692.0,70.0,692.0,70.0,1.0,1,False,1.0,1.0,68.0,45.0,0.0,31.8,False,True,True,True,True,11.0,2,True,65.0,105.0,225,SPOKED,SPOKED,1.0,1.0,50.0,50.0,300.0,765.0,34.9,300.0,1.0
440,72,590,73.2,165,57,565.0,73.2,655.0,49.0,40.0,28.6,36.5,23.35,13.0,13.0,15.0,STEEL,29.0,46.0,47.0,330.0,350.0,16.0,18.0,False,False,135.0,2.0,1.0,1.0,2.0,1.0,1.0,1.0,680.0,120.0,680.0,120.0,1.0,2,False,1.0,1.0,68.0,45.0,0.0,31.8,False,True,True,True,True,8.0,2,True,65.0,105.0,225,SPOKED,SPOKED,1.0,1.0,50.0,50.0,300.0,750.0,34.9,300.0,1.0
490,74,625,71.8,175,54,595.0,74.2,685.0,46.0,40.0,28.6,36.5,23.35,13.0,13.0,15.0,STEEL,35.0,45.0,53.0,330.0,350.0,16.0,18.0,False,False,135.0,2.0,1.0,1.0,2.0,1.0,1.0,1.0,692.0,70.0,692.0,70.0,1.0,0,False,1.0,1.0,68.0,45.0,0.0,31.8,False,True,True,True,True,10.0,2,True,65.0,105.0,225,SPOKED,SPOKED,1.0,1.0,50.0,50.0,300.0,770.0,34.9,300.0,1.0
430,69,615,72.8,185,56,605.0,73.6,665.0,53.0,40.0,28.6,36.5,23.35,13.0,13.0,15.0,STEEL,34.0,48.0,50.0,330.0,350.0,16.0,18.0,False,False,135.0,2.0,1.0,1.0,2.0,1.0,1.0,1.0,680.0,120.0,680.0,120.0,1.0,1,False,1.0,1.0,68.0,45.0,0.0,31.8,False,True,True,True,True,9.0,2,True,65.0,105.0,225,SPOKED,SPOKED,1.0,1.0,50.0,50.0,300.0,760.0,34.9,300.0,1.0
475,67,605,73.7,168,53,580.0,73.0,672.0,47.0,40.0,28.6,36.5,23.35,13.0,13.0,15.0,STEEL,32.0,44.0,49.0,330.0,350.0,16.0,18.0,False,False,135.0,2.0,1.0,1.0,2.0,1.0,1.0,1.0,692.0,70.0,692.0,70.0,1.0,2,False,1.0,1.0,68.0,45.0,0.0,31.8,False,True,True,True,True,8.0,2,True,65.0,105.0,225,SPOKED,SPOKED,1.0,1.0,50.0,50.0,300.0,765.0,34.9,300.0,1.0
465,73,620,72.2,162,59,600.0,73.4,680.0,54.0,40.0,28.6,36.5,23.35,13.0,13.0,15.0,STEEL,29.0,47.0,50.0,330.0,350.0,16.0,18.0,False,False,135.0,2.0,1.0,1.0,2.0,1.0,1.0,1.0,680.0,120.0,680.0,120.0,1.0,1,False,1.0,1.0,68.0,45.0,0.0,31.8,False,True,True,True,True,7.0,2,True,65.0,105.0,225,SPOKED,SPOKED,1.0,1.0,50.0,50.0,300.0,755.0,34.9,300.0,1.0
430.0,70.0,610.0,73.0,160.0,45.0,580.0,74.0,650.0,45.0,45.0,32.0,38.0,24.0,30.0,13.0,15.0,STEEL,35.0,50.0,45.0,340.0,350.0,16.0,18.0,False,False,135.0,2.0,0.9,1.1,0.9,1.2,1.0,0.9,680.0,52.0,680.0,52.0,0.0,1,False,1.0,1.0,68.0,45.0,0.0,31.8,False,False,False,False,True,8.0,1,False,100.0,149.0,237,SPOKED,SPOKED,0.0,0.0,0.0,0.0,280.0,300.0,34.9,330.0,1.0
450.0,70.0,615.0,73.5,162.0,45.0,580.0,74.0,652.0,45.0,45.0,32.0,38.0,24.0,30.0,13.0,15.0,STEEL,35.0,50.0,45.0,340.0,350.0,16.0,18.0,False,False,135.0,2.0,0.9,1.1,0.9,1.2,1.0,0.9,680.0,50.0,680.0,50.0,0.0,1,False,1.0,1.0,68.0,45.0,0.0,31.8,False,True,True,True,True,9.0,1,True,100.0,149.0,237,SPOKED,SPOKED,0.0,0.0,0.0,0.0,280.0,300.0,34.9,330.0,1.0
440.0,70.0,605.0,72.5,158.0,45.0,580.0,73.5,648.0,48.0,45.0,32.0,38.0,24.0,30.0,13.0,15.0,STEEL,35.0,50.0,45.0,340.0,350.0,16.0,18.0,False,False,135.0,2.0,0.9,1.1,0.9,1.2,1.0,0.9,680.0,54.0,680.0,54.0,0.0,1,False,1.0,1.0,68.0,45.0,0.0,31.8,True,False,False,False,True,8.0,1,False,100.0,149.0,237,SPOKED,SPOKED,0.0,0.0,0.0,0.0,280.0,300.0,34.9,330.0,1.0
435.0,70.0,600.0,74.0,150.0,45.0,580.0,74.5,655.0,52.0,45.0,32.0,38.0,24.0,30.0,13.0,15.0,STEEL,35.0,50.0,45.0,340.0,350.0,16.0,18.0,False,False,135.0,2.0,0.9,1.1,0.9,1.2,1.0,0.9,680.0,52.0,680.0,52.0,0.0,2,False,1.0,3.0,68.0,52.0,0.0,31.8,False,False,False,False,True,8.0,1,False,100.0,149.0,237,TRISPOKE,SPOKED,1.0,0.0,80.0,0.0,280.0,300.0,34.9,330.0,1.0
480.0,70.0,620.0,73.0,170.0,45.0,580.0,73.0,660.0,45.0,45.0,32.0,38.0,24.0,30.0,13.0,15.0,STEEL,35.0,50.0,45.0,340.0,350.0,16.0,18.0,False,False,135.0,2.0,0.9,1.1,0.9,1.2,1.0,0.9,680.0,52.0,680.0,52.0,0.0,1,False,1.0,1.0,68.0,45.0,0.0,31.8,False,False,False,False,True,8.0,1,False,100.0,149.0,237,SPOKED,TRISPOKE,0.0,1.0,0.0,80.0,280.0,300.0,34.9,330.0,1.0
460.0,70.0,630.0,72.8,165.0,45.0,580.0,73.8,645.0,47.0,45.0,32.0,38.0,24.0,30.0,13.0,15.0,STEEL,35.0,50.0,45.0,340.0,350.0,16.0,18.0,False,False,135.0,2.0,0.9,1.1,0.9,1.2,1.0,0.9,680.0,52.0,680.0,52.0,0.0,1,False,1.0,2.0,68.0,45.0,0.0,31.8,False,False,False,False,True,9.0,1,False,100.0,149.0,237,TRISPOKE,TRISPOKE,1.0,1.0,75.0,75.0,280.0,300.0,34.9,330.0,1.0
430.0,70.0,610.0,73.0,160.0,45.0,580.0,74.0,650.0,45.0,45.0,32.0,38.0,24.0,30.0,13.0,15.0,STEEL,35.0,50.0,45.0,340.0,350.0,16.0,18.0,False,False,135.0,2.0,0.9,1.1,0.9,1.2,1.0,0.9,680.0,52.0,680.0,52.0,0.0,1,True,1.0,1.0,68.0,45.0,0.0,31.8,False,False,False,False,True,8.0,1,False,100.0,149.0,237,SPOKED,SPOKED,0.0,0.0,0.0,0.0,280.0,300.0,34.9,330.0,1.0
450.0,70.0,590.0,72.7,155.0,45.0,580.0,73.7,650.0,45.0,45.0,32.0,38.0,24.0,30.0,13.0,15.0,STEEL,35.0,50.0,45.0,340.0,350.0,16.0,18.0,False,False,135.0,2.0,0.9,1.1,0.9,1.2,1.0,0.9,680.0,52.0,680.0,52.0,0.0,1,False,1.0,1.0,68.0,45.0,0.0,31.8,False,False,False,False,False,0.0,1,False,100.0,149.0,237,SPOKED,SPOKED,0.0,0.0,0.0,0.0,280.0,300.0,34.9,330.0,1.0
420.0,70.0,595.0,73.2,158.0,45.0,580.0,74.0,655.0,45.0,45.0,32.0,38.0,24.0,30.0,13.0,15.0,STEEL,35.0,50.0,45.0,340.0,350.0,16.0,18.0,False,False,135.0,2.0,0.9,1.1,0.9,1.2,1.0,0.9,680.0,52.0,680.0,52.0,1.0,1,False,1.0,1.0,68.0,45.0,0.0,31.8,False,False,False,False,True,8.0,1,False,100.0,149.0,237,SPOKED,SPOKED,0.0,0.0,0.0,0.0,280.0,300.0,34.9,330.0,1.0
425.0,70.0,600.0,73.1,162.0,45.0,580.0,73.9,645.0,45.0,45.0,32.0,38.0,24.0,30.0,13.0,15.0,STEEL,35.0,50.0,45.0,340.0,350.0,16.0,18.0,False,False,130.0,2.0,0.9,1.1,0.9,1.2,1.0,0.9,680.0,52.0,680.0,52.0,1.0,1,False,1.0,1.0,68.0,45.0,0.0,31.8,True,True,True,True,True,9.0,1,True,100.0,149.0,237,SPOKED,SPOKED,0.0,0.0,0.0,0.0,280.0,300.0,34.9,330.0,1.0
395,70,600,73.0,180,50,550.0,73.0,660.0,45.0,48.0,28.6,36.5,36.5,23.35,13.0,15,STEEL,36.0,50.0,49.0,330.0,350.0,16.0,18,False,False,135.0,2.0,2.0,2.0,2.0,2.0,2.0,2.0,674.0,52.0,674.0,52.0,0.0,1,False,1.0,1.0,68.0,45.0,0.0,31.8,False,False,True,True,True,8.0,1,True,65.0,105.0,225,SPOKED,SPOKED,1.0,1.0,80.0,80.0,260.0,780.0,34.9,300.0,1.0
405,75,580,74.0,160,45,560.0,74.0,650.0,50.0,45.0,28.6,36.5,36.5,23.35,13.0,15,STEEL,32.0,40.0,44.0,330.0,350.0,16.0,18,False,False,135.0,2.0,2.0,2.0,2.0,2.0,2.0,2.0,674.0,52.0,674.0,52.0,0.0,1,False,1.0,1.0,68.0,45.0,0.0,31.8,False,False,True,True,True,8.0,1,True,65.0,105.0,225,SPOKED,SPOKED,1.0,1.0,80.0,80.0,260.0,780.0,34.9,300.0,1.0
410,65,620,72.0,200,55,540.0,72.0,670.0,40.0,50.0,28.6,36.5,36.5,23.35,13.0,15,STEEL,38.0,45.0,48.0,330.0,350.0,16.0,18,False,False,135.0,2.0,2.0,2.0,2.0,2.0,2.0,2.0,674.0,52.0,674.0,52.0,0.0,1,False,1.0,1.0,68.0,45.0,0.0,31.8,False,False,True,True,True,8.0,1,True,65.0,105.0,225,SPOKED,SPOKED,1.0,1.0,80.0,80.0,260.0,780.0,34.9,300.0,1.0
420,80,610,73.5,190,60,570.0,75.0,640.0,55.0,40.0,28.6,36.5,36.5,23.35,13.0,15,STEEL,34.0,55.0,53.0,330.0,350.0,16.0,18,False,False,135.0,2.0,2.0,2.0,2.0,2.0,2.0,2.0,674.0,52.0,674.0,52.0,0.0,1,False,1.0,1.0,68.0,45.0,0.0,31.8,False,False,True,True,True,8.0,1,True,65.0,105.0,225,SPOKED,SPOKED,1.0,1.0,80.0,80.0,260.0,780.0,34.9,300.0,1.0
430,70,590,74.5,170,52,530.0,73.5,680.0,45.0,46.0,28.6,36.5,36.5,23.35,13.0,15,STEEL,37.0,48.0,47.0,330.0,350.0,16.0,18,False,False,135.0,2.0,2.0,2.0,2.0,2.0,2.0,2.0,674.0,52.0,674.0,52.0,0.0,1,False,1.0,1.0,68.0,45.0,0.0,31.8,False,False,True,True,True,8.0,1,True,65.0,105.0,225,SPOKED,SPOKED,1.0,1.0,80.0,80.0,260.0,780.0,34.9,300.0,1.0
395,75,605,73.0,175,48,555.0,74.2,655.0,50.0,49.0,28.6,36.5,36.5,23.35,13.0,15,STEEL,33.0,42.0,43.0,330.0,350.0,16.0,18,False,False,135.0,2.0,2.0,2.0,2.0,2.0,2.0,2.0,674.0,52.0,674.0,52.0,0.0,1,False,1.0,1.0,68.0,45.0,0.0,31.8,False,False,True,True,True,8.0,1,True,65.0,105.0,225,SPOKED,SPOKED,1.0,1.0,80.0,80.0,260.0,780.0,34.9,300.0,1.0
405,65,595,72.5,165,53,565.0,72.8,665.0,40.0,44.0,28.6,36.5,36.5,23.35,13.0,15,STEEL,39.0,52.0,50.0,330.0,350.0,16.0,18,False,False,135.0,2.0,2.0,2.0,2.0,2.0,2.0,2.0,674.0,52.0,674.0,52.0,0.0,1,False,1.0,1.0,68.0,45.0,0.0,31.8,False,False,True,True,True,8.0,1,True,65.0,105.0,225,SPOKED,SPOKED,1.0,1.0,80.0,80.0,260.0,780.0,34.9,300.0,1.0
415,80,585,73.2,185,58,545.0,73.7,675.0,55.0,51.0,28.6,36.5,36.5,23.35,13.0,15,STEEL,35.0,43.0,45.0,330.0,350.0,16.0,18,False,False,135.0,2.0,2.0,2.0,2.0,2.0,2.0,2.0,674.0,52.0,674.0,52.0,0.0,1,False,1.0,1.0,68.0,45.0,0.0,31.8,False,False,True,True,True,8.0,1,True,65.0,105.0,225,SPOKED,SPOKED,1.0,1.0,80.0,80.0,260.0,780.0,34.9,300.0,1.0
425,70,615,74.0,195,49,575.0,74.1,645.0,45.0,47.0,28.6,36.5,36.5,23.35,13.0,15,STEEL,31.0,53.0,41.0,330.0,350.0,16.0,18,False,False,135.0,2.0,2.0,2.0,2.0,2.0,2.0,2.0,674.0,52.0,674.0,52.0,0.0,1,False,1.0,1.0,68.0,45.0,0.0,31.8,False,False,True,True,True,8.0,1,True,65.0,105.0,225,SPOKED,SPOKED,1.0,1.0,80.0,80.0,260.0,780.0,34.9,300.0,1.0
435,75,625,73.8,155,51,525.0,73.3,685.0,50.0,45.0,28.6,36.5,36.5,23.35,13.0,15,STEEL,40.0,46.0,51.0,330.0,350.0,16.0,18,False,False,135.0,2.0,2.0,2.0,2.0,2.0,2.0,2.0,674.0,52.0,674.0,52.0,0.0,1,False,1.0,1.0,68.0,45.0,0.0,31.8,False,False,True,True,True,8.0,1,True,65.0,105.0,225,SPOKED,SPOKED,1.0,1.0,80.0,80.0,260.0,780.0,34.9,300.0,1.0
405.0,70.0,590.0,73.0,145.0,45.0,515.0,74.0,655.0,45.0,40.0,28.6,33.6,36.5,23.35,13.0,15.0,STEEL,34.0,49.0,49.0,330.0,350.0,16.0,18.0,False,False,130.0,2.0,0.9,1.1,0.9,1.2,1.0,0.9,674.0,52.0,674.0,52.0,0.0,1,False,1.0,1.0,68.0,45.0,692.0,31.8,False,False,False,False,True,7.0,1,False,102.0,178.0,255,SPOKED,SPOKED,1.0,1.0,80.0,80.0,300.0,700.0,34.9,300.0,1.0
415.0,72.0,600.0,72.5,150.0,50.0,525.0,73.0,660.0,50.0,45.0,30.0,34.0,37.0,24.0,14.0,16.0,STEEL,36.0,50.0,50.0,335.0,355.0,17.0,19.0,True,False,135.0,2.0,1.0,1.2,1.0,1.3,1.1,1.0,680.0,55.0,680.0,55.0,0.0,1,False,1.0,1.0,68.0,47.0,690.0,32.0,False,False,False,False,True,8.0,1,True,80.0,150.0,220,SPOKED,SPOKED,1.0,1.0,80.0,80.0,305.0,710.0,35.0,310.0,1.0
395.0,68.0,580.0,74.0,140.0,43.0,505.0,75.0,650.0,43.0,42.0,28.0,33.0,36.0,23.0,12.0,14.0,STEEL,32.0,48.0,48.0,328.0,348.0,16.0,18.0,False,True,130.0,2.0,0.9,1.1,0.9,1.2,1.0,0.9,668.0,50.0,668.0,50.0,0.0,1,False,1.0,1.0,68.0,43.0,688.0,31.0,False,False,False,True,True,7.0,1,False,100.0,160.0,230,SPOKED,SPOKED,1.0,1.0,80.0,80.0,295.0,690.0,34.5,290.0,1.0
410.0,70.0,595.0,73.5,148.0,47.0,520.0,74.5,657.0,48.0,44.0,29.0,34.0,36.5,23.5,13.5,15.5,STEEL,35.0,49.5,49.0,333.0,353.0,16.5,18.5,True,True,132.0,2.0,0.95,1.15,0.95,1.25,1.05,0.95,672.0,53.0,672.0,53.0,0.0,1,False,1.0,1.0,68.0,46.0,690.0,32.0,True,False,True,False,True,7.0,2,False,110.0,190.0,250,SPOKED,SPOKED,1.0,1.0,80.0,80.0,310.0,705.0,35.2,295.0,1.0
400.0,69.0,585.0,74.5,143.0,44.0,510.0,75.0,645.0,44.0,42.0,28.6,33.2,36.3,23.2,12.5,14.5,STEEL,33.0,48.5,48.0,0.0,0.0,0.0,0.0,False,False,130.0,2.0,0.9,1.1,0.9,1.2,1.0,0.9,660.0,50.0,660.0,50.0,0.0,1,False,1.0,1.0,68.0,44.0,688.0,31.5,False,False,False,True,True,6.0,1,True,90.0,140.0,200,SPOKED,TRISPOKE,1.0,2.0,80.0,120.0,300.0,695.0,34.7,305.0,1.0
395.0,70.0,590.0,73.0,145.0,45.0,515.0,74.0,655.0,45.0,40.0,28.6,33.6,36.5,23.35,13.0,15.0,ALUMINIUM,34.0,49.0,49.0,330.0,350.0,16.0,18.0,False,False,130.0,2.1,0.85,1.05,0.85,1.15,0.95,0.85,674.0,52.0,674.0,52.0,0.0,1,False,1.0,1.0,68.0,45.0,692.0,31.8,False,False,False,False,False,7.0,1,False,102.0,153.0,255,SPOKED,SPOKED,1.0,1.0,80.0,80.0,300.0,700.0,34.9,300.0,1.0
405.0,70.0,600.0,73.5,147.0,46.0,520.0,74.5,660.0,46.0,42.0,29.0,34.0,36.7,23.4,13.2,15.2,TITANIUM,35.0,49.2,49.1,330.0,350.0,18.0,20.0,True,True,135.0,1.8,0.8,1.0,0.8,1.2,1.0,0.8,672.0,53.0,672.0,53.0,0.0,1,False,1.0,1.0,68.0,46.0,690.0,32.0,True,False,False,False,True,8.0,1,True,120.0,200.0,255,SPOKED,SPOKED,1.0,1.0,80.0,80.0,305.0,710.0,35.0,310.0,1.0
415.0,68.0,585.0,74.0,142.0,44.0,510.0,75.0,650.0,44.0,42.0,28.6,33.3,36.5,23.3,12.8,14.7,STEEL,33.7,48.7,48.4,0.0,0.0,0.0,0.0,False,False,130.0,2.0,0.9,1.1,0.9,1.2,1.0,0.9,668.0,52.0,668.0,52.0,0.0,1,False,1.0,1.0,68.0,45.0,688.0,31.9,True,True,False,True,True,7.0,2,False,95.0,165.0,235,SPOKED,SPOKED,1.0,1.0,80.0,80.0,295.0,695.0,34.6,305.0,1.0
400.0,72.0,590.0,73.2,146.0,45.5,517.0,74.2,658.0,47.0,44.0,29.2,34.1,36.6,23.45,13.3,15.3,STEEL,34.5,49.1,49.2,332.0,352.0,17.0,19.0,True,True,133.0,2.0,0.95,1.2,0.95,1.3,1.1,0.95,674.0,52.0,674.0,52.0,0.0,1,True,1.0,1.0,68.0,47.0,692.0,31.7,False,False,True,False,True,7.0,1,True,110.0,180.0,240,SPOKED,SPOKED,1.0,1.0,80.0,80.0,300.0,700.0,34.8,300.0,1.0
405.0,70.0,600.0,73.0,145.0,45.0,515.0,74.0,655.0,45.0,40.0,28.6,33.6,36.5,23.35,13.0,15.0,STEEL,34.0,49.0,49.0,330.0,350.0,16.0,18.0,False,False,130.0,2.0,0.9,1.1,0.9,1.2,1.0,0.9,674.0,52.0,674.0,52.0,0.0,2,True,1.0,1.0,68.0,45.0,692.0,31.8,False,True,False,False,True,7.0,1,False,102.0,178.0,255,SPOKED,SPOKED,1.0,1.0,80.0,80.0,300.0,700.0,34.9,300.0,1.0
