CS textfield,BB textfield,Stack,Head angle,Head tube length textfield,Seat stay junction0,Seat tube length,Seat angle,DT Length,FORK0R,BB diameter,ttd,dtd,csd,ssd,Chain stay position on BB,SSTopZOFFSET,MATERIAL,Head tube upper extension2,Seat tube extension2,Head tube lower extension2,SEATSTAYbrdgshift,CHAINSTAYbrdgshift,SEATSTAYbrdgdia1,CHAINSTAYbrdgdia1,SEATSTAYbrdgCheck,CHAINSTAYbrdgCheck,Dropout spacing,Wall thickness Bottom Bracket,Wall thickness Top tube,Wall thickness Head tube,Wall thickness Down tube,Wall thickness Chain stay,Wall thickness Seat stay,Wall thickness Seat tube,Wheel diameter front,RDBSD,Wheel diameter rear,FDBSD,Fork type,Stem kind,Display AEROBARS,Handlebar style,Head tube type,BB length,Head tube diameter,Wheel cut,Seat tube diameter,bottle SEATTUBE0 show,bottle DOWNTUBE0 show,Front Fender include,Rear Fender include,BELTorCHAIN,Number of cogs,Number of chainrings,Display RACK,FIRST color R_RGB,FIRST color G_RGB,FIRST color B_RGB,RIM_STYLE front,RIM_STYLE rear,SPOKES composite front,SPOKES composite rear,SBLADEW front,SBLADEW rear,Saddle length,Saddle height,Down tube diameter,Seatpost LENGTH,Seat tube type
494.19,80.0,668.2733911,71.5,200.1,50.0,540.0,70.0,658.529904,50.0,40.0,28.6,36.5,23.35,13.0,15.0,9.0,ALUMINIUM,33.1,40.0,49.4,330.0,350.0,16.0,18.0,False,False,130.0,2.0,0.9,1.1,0.9,1.2,1.0,0.9,680.0,121.0,680.0,121.0,1.0,0,False,1.0,1.0,68.0,45.0,692.0,31.8,False,True,False,False,True,11.0,2,False,0.0,0.0,0,SPOKED,SPOKED,0.0,0.0,0.0,0.0,278.0,762.0,34.9,300.0,1.0
405.0,70.0,591.9108569,73.0,145.0,45.0,515.2,74.0,653.4145038,45.0,40.0,28.6,36.5,23.35,13.0,15.0,9.0,ALUMINIUM,28.9,49.2,49.2,330.0,350.0,16.0,18.0,True,True,130.0,2.0,0.9,1.1,0.9,1.2,1.0,0.9,674.0,52.0,674.0,52.0,1.0,0,False,1.0,1.0,68.0,45.0,692.0,31.8,False,True,False,False,True,11.0,2,False,0.0,0.0,0,SPOKED,SPOKED,0.0,0.0,0.0,0.0,298.0,718.0,34.9,330.0,1.0
395.0,60.0,522.5191235,72.0,96.7,220.0,611.6,75.0,587.5256351,45.0,55.0,28.6,36.5,37.5,13.0,15.0,9.0,ALUMINIUM,13.5,131.6,4.1,330.0,350.0,16.0,18.0,True,True,130.0,2.0,0.9,1.1,0.9,1.2,1.0,0.9,674.0,52.0,674.0,52.0,1.0,0,False,1.0,1.0,68.0,50.0,685.0,31.8,False,True,False,False,True,11.0,2,False,0.0,0.0,0,SPOKED,SPOKED,0.0,0.0,0.0,0.0,240.0,695.0,34.9,50.0,0.0
385.0,58.0,587.0392466,74.5,160.3,30.0,590.6,74.5,637.3537657,35.0,42.0,25.4,36.5,20.5,12.5,15.0,9.0,ALUMINIUM,29.8,30.6,39.6,330.0,350.0,16.0,18.0,False,False,120.0,2.0,0.9,1.1,0.9,1.2,1.0,0.9,676.0,54.0,676.0,54.0,1.0,0,False,1.0,1.0,73.0,38.0,692.0,28.6,False,True,False,False,True,11.0,2,False,0.0,0.0,0,SPOKED,SPOKED,0.0,0.0,0.0,0.0,60.0,80.0,31.0,300.0,1.0
415.0,70.0,637.9091156,73.0,191.4,45.0,630.0,73.5,656.6201875,45.0,40.0,33.6,36.5,23.35,13.0,15.0,9.0,ALUMINIUM,27.8,32.1,43.5,330.0,350.0,16.0,18.0,False,False,130.0,2.0,0.9,1.1,0.9,1.2,1.0,0.9,674.0,52.0,674.0,52.0,1.0,0,False,1.0,1.0,68.0,45.0,692.0,31.8,False,True,False,False,True,11.0,2,False,0.0,0.0,0,SPOKED,SPOKED,0.0,0.0,0.0,0.0,275.0,865.0,34.9,300.0,2.0
389.89,70.0,568.6665991,66.5,117.2,45.0,450.2,74.5,654.4009557,45.0,40.0,28.6,36.5,30.0,13.0,15.0,9.0,ALUMINIUM,30.4,50.2,44.1,330.0,350.0,16.0,18.0,True,True,135.0,2.0,0.9,1.1,0.9,1.2,1.0,0.9,650.0,91.0,650.0,91.0,1.0,0,False,1.0,1.0,68.0,45.0,692.0,31.8,False,True,False,False,True,11.0,2,False,0.0,0.0,0,SPOKED,SPOKED,0.0,0.0,0.0,0.0,278.0,600.0,34.9,330.0,1.0
550.0,29.5,496.9336227,67.0,100.0,45.0,533.0,65.0,627.6098218,45.0,40.0,28.6,36.5,23.35,13.0,15.0,9.0,ALUMINIUM,46.9,44.9,50.1,330.0,350.0,16.0,18.0,False,False,135.0,2.0,0.9,1.1,0.9,1.2,1.0,0.9,628.0,69.0,628.0,69.0,1.0,0,False,1.0,1.0,68.0,45.0,692.0,31.8,False,True,False,False,True,11.0,2,False,0.0,0.0,0,SPOKED,SPOKED,0.0,0.0,0.0,0.0,278.0,700.0,34.9,300.0,2.0
405.0,70.0,593.536575,73.0,145.0,45.0,515.0,74.0,648.3152394,45.0,40.0,28.6,36.5,23.35,13.0,15.0,9.0,ALUMINIUM,34.0,49.0,49.9,330.0,350.0,16.0,18.0,False,False,130.0,2.0,0.9,1.1,0.9,1.2,1.0,0.9,674.0,52.0,674.0,52.0,1.0,0,False,1.0,1.0,68.0,45.0,692.0,31.8,False,True,False,False,True,11.0,2,False,0.0,0.0,0,SPOKED,SPOKED,0.0,0.0,0.0,0.0,278.0,718.0,34.9,300.0,2.0
380.0,47.01358832,561.1033732,74.00206468,168.8,45.0,552.4,76.00206468,623.9028894,45.0,40.0,28.6,36.5,23.35,13.0,15.0,9.0,ALUMINIUM,33.0,32.4,46.4,330.0,350.0,16.0,18.0,True,True,130.0,2.0,0.9,1.1,0.9,1.2,1.0,0.9,674.0,52.0,674.0,52.0,1.0,0,False,1.0,1.0,68.0,45.0,692.0,31.8,False,True,False,False,True,11.0,2,False,0.0,0.0,0,SPOKED,SPOKED,0.0,0.0,0.0,0.0,298.0,700.0,34.9,300.0,1.0
435.0,65.0,643.0599211,73.0,177.9,45.0,568.5,73.0,670.1914253,65.0,40.0,28.6,36.5,23.35,13.0,15.0,9.0,ALUMINIUM,34.8,48.5,49.4,330.0,350.0,16.0,18.0,True,True,130.0,2.0,0.9,1.1,0.9,1.2,1.0,0.9,694.0,110.0,694.0,110.0,1.0,0,False,1.0,1.0,68.0,45.0,692.0,31.8,False,True,False,False,True,11.0,2,False,0.0,0.0,0,SPOKED,SPOKED,0.0,0.0,0.0,0.0,260.0,759.0,34.9,330.0,1.0
420.0,65.0,620.0,68.0,150.0,50.0,500.0,73.0,640.0,45.0,40.0,33.0,36.0,26.0,26.0,13.0,15.0,ALUMINIUM,30.0,40.0,40.0,0.0,0.0,0.0,0.0,False,False,135.0,2.0,2.0,2.0,2.0,2.0,2.0,2.0,674.0,52.0,674.0,52.0,1.0,0,False,1.0,1.0,68.0,45.0,0.0,31.8,True,True,False,False,True,12.0,1,False,0.0,0.0,0,DISC,SPOKED,0.0,0.0,0.0,0.0,280.0,750.0,36.5,300.0,1.0
430.0,68.0,630.0,67.5,155.0,52.0,520.0,73.0,650.0,45.0,40.0,32.0,37.0,27.0,27.0,13.0,15.0,ALUMINIUM,32.0,42.0,38.0,0.0,0.0,0.0,0.0,False,False,135.0,2.0,2.0,2.0,2.0,2.0,2.0,2.0,674.0,52.0,674.0,52.0,1.0,1,False,1.0,1.0,68.0,45.0,0.0,31.8,True,True,False,False,True,11.0,1,False,0.0,0.0,0,DISC,SPOKED,0.0,0.0,0.0,0.0,285.0,760.0,36.5,310.0,1.0
440.0,70.0,640.0,69.0,160.0,48.0,540.0,73.0,660.0,45.0,40.0,34.0,35.0,25.0,25.0,13.0,15.0,ALUMINIUM,28.0,38.0,42.0,0.0,0.0,0.0,0.0,False,False,135.0,2.0,2.0,2.0,2.0,2.0,2.0,2.0,674.0,52.0,674.0,52.0,1.0,2,False,1.0,1.0,68.0,45.0,0.0,31.8,True,True,False,False,True,12.0,2,False,0.0,0.0,0,DISC,SPOKED,0.0,0.0,0.0,0.0,275.0,740.0,36.5,290.0,1.0
450.0,72.0,650.0,68.2,165.0,54.0,560.0,73.0,670.0,45.0,40.0,33.0,36.0,26.0,26.0,13.0,15.0,ALUMINIUM,31.0,41.0,39.0,0.0,0.0,0.0,0.0,False,False,135.0,2.0,2.0,2.0,2.0,2.0,2.0,2.0,674.0,52.0,674.0,52.0,1.0,0,False,1.0,1.0,68.0,45.0,0.0,31.8,True,True,False,False,True,11.0,2,False,0.0,0.0,0,DISC,SPOKED,0.0,0.0,0.0,0.0,290.0,770.0,36.5,320.0,1.0
410.0,66.0,610.0,67.8,145.0,46.0,480.0,73.0,630.0,45.0,40.0,32.0,37.0,27.0,27.0,13.0,15.0,ALUMINIUM,29.0,39.0,41.0,0.0,0.0,0.0,0.0,False,False,135.0,2.0,2.0,2.0,2.0,2.0,2.0,2.0,674.0,52.0,674.0,52.0,1.0,1,False,1.0,1.0,68.0,45.0,0.0,31.8,True,True,False,False,True,12.0,1,False,0.0,0.0,0,DISC,SPOKED,0.0,0.0,0.0,0.0,285.0,730.0,36.5,280.0,1.0
425.0,67.0,625.0,68.7,148.0,55.0,510.0,73.0,645.0,45.0,40.0,34.0,35.0,25.0,25.0,13.0,15.0,ALUMINIUM,33.0,43.0,37.0,0.0,0.0,0.0,0.0,False,False,135.0,2.0,2.0,2.0,2.0,2.0,2.0,2.0,674.0,52.0,674.0,52.0,1.0,2,False,1.0,1.0,68.0,45.0,0.0,31.8,True,True,False,False,True,11.0,1,False,0.0,0.0,0,DISC,SPOKED,0.0,0.0,0.0,0.0,280.0,765.0,36.5,315.0,1.0
435.0,69.0,635.0,69.0,152.0,45.0,530.0,73.0,655.0,45.0,40.0,33.0,36.0,26.0,26.0,13.0,15.0,ALUMINIUM,27.0,37.0,43.0,0.0,0.0,0.0,0.0,False,False,135.0,2.0,2.0,2.0,2.0,2.0,2.0,2.0,674.0,52.0,674.0,52.0,1.0,0,False,1.0,1.0,68.0,45.0,0.0,31.8,True,True,False,False,True,12.0,2,False,0.0,0.0,0,DISC,SPOKED,0.0,0.0,0.0,0.0,275.0,745.0,36.5,295.0,1.0
445.0,71.0,645.0,67.2,158.0,51.0,550.0,73.0,665.0,45.0,40.0,34.0,37.0,27.0,27.0,13.0,15.0,ALUMINIUM,30.0,40.0,40.0,0.0,0.0,0.0,0.0,False,False,135.0,2.0,2.0,2.0,2.0,2.0,2.0,2.0,674.0,52.0,674.0,52.0,1.0,1,False,1.0,1.0,68.0,45.0,0.0,31.8,True,True,False,False,True,11.0,2,False,0.0,0.0,0,DISC,SPOKED,0.0,0.0,0.0,0.0,290.0,775.0,36.5,325.0,1.0
415.0,64.0,615.0,66.9,162.0,53.0,490.0,73.0,635.0,45.0,40.0,32.0,35.0,25.0,25.0,13.0,15.0,ALUMINIUM,34.0,44.0,36.0,0.0,0.0,0.0,0.0,False,False,135.0,2.0,2.0,2.0,2.0,2.0,2.0,2.0,674.0,52.0,674.0,52.0,1.0,2,False,1.0,1.0,68.0,45.0,0.0,31.8,True,True,False,False,True,12.0,1,False,0.0,0.0,0,DISC,SPOKED,0.0,0.0,0.0,0.0,285.0,735.0,36.5,285.0,1.0
405.0,63.0,605.0,68.5,168.0,49.0,470.0,73.0,625.0,45.0,40.0,33.0,36.0,26.0,26.0,13.0,15.0,ALUMINIUM,26.0,36.0,36.0,0.0,0.0,0.0,0.0,False,False,135.0,2.0,2.0,2.0,2.0,2.0,2.0,2.0,674.0,52.0,674.0,52.0,1.0,0,False,1.0,1.0,68.0,45.0,0.0,31.8,True,True,False,False,True,11.0,1,False,0.0,0.0,0,DISC,SPOKED,0.0,0.0,0.0,0.0,280.0,755.0,36.5,305.0,1.0
440.0,60.0,550.0,67.0,150.0,50.0,500.0,74.0,630.0,50.0,42.0,34.0,36.0,28.0,28.0,13.0,15.0,ALUMINIUM,30.0,50.0,50.0,330.0,350.0,16.0,18.0,False,False,135.0,2.0,1.0,1.1,1.2,1.0,1.0,1.2,674.0,52.0,674.0,52.0,1.0,1,False,1.0,1.0,70.0,45.0,0.0,35.0,True,True,False,False,True,12.0,2,False,0.0,0.0,0,SPOKED,SPOKED,0.0,0.0,0.0,0.0,280.0,720.0,34.0,350.0,1.0
450.0,65.0,560.0,66.0,160.0,55.0,520.0,73.0,640.0,55.0,42.0,32.0,38.0,30.0,30.0,14.0,16.0,ALUMINIUM,35.0,55.0,55.0,330.0,350.0,16.0,18.0,False,False,135.0,2.0,1.1,1.2,1.1,1.0,1.1,1.2,674.0,52.0,674.0,52.0,1.0,2,False,1.0,1.0,70.0,45.0,0.0,35.0,True,True,False,False,True,11.0,1,False,30.0,30.0,30,SPOKED,SPOKED,0.0,0.0,0.0,0.0,275.0,730.0,33.0,350.0,1.0
460.0,70.0,570.0,69.0,140.0,52.0,510.0,75.0,650.0,50.0,42.0,33.0,37.0,29.0,29.0,15.0,14.0,ALUMINIUM,40.0,60.0,60.0,330.0,350.0,16.0,18.0,False,False,135.0,2.0,1.0,1.2,1.3,1.1,1.0,1.1,674.0,52.0,674.0,52.0,1.0,1,False,1.0,1.0,70.0,45.0,0.0,35.0,True,True,False,False,True,12.0,3,False,0.0,0.0,0,SPOKED,SPOKED,0.0,0.0,0.0,0.0,285.0,710.0,35.0,350.0,1.0
430.0,60.0,540.0,68.0,155.0,48.0,490.0,72.0,625.0,52.0,42.0,35.0,37.0,29.0,27.0,13.0,15.0,ALUMINIUM,32.0,48.0,52.0,330.0,350.0,16.0,18.0,False,False,135.0,2.0,1.0,1.1,1.2,1.2,1.0,1.1,674.0,52.0,674.0,52.0,1.0,2,False,1.0,1.0,70.0,45.0,0.0,35.0,True,True,False,False,True,11.0,2,False,0.0,0.0,0,SPOKED,SPOKED,0.0,0.0,0.0,0.0,278.0,700.0,34.0,350.0,1.0
445.0,63.0,555.0,67.5,158.0,53.0,515.0,74.5,635.0,53.0,42.0,34.0,36.0,28.5,29.0,14.0,15.0,ALUMINIUM,33.0,52.0,54.0,330.0,350.0,16.0,18.0,False,False,135.0,2.0,1.1,1.3,1.1,1.0,1.1,1.2,674.0,52.0,674.0,52.0,1.0,1,False,1.0,1.0,70.0,45.0,0.0,35.0,True,True,False,False,True,12.0,2,False,0.0,0.0,0,SPOKED,SPOKED,0.0,0.0,0.0,0.0,282.0,740.0,34.0,350.0,1.0
435.0,58.0,545.0,66.5,145.0,51.0,505.0,73.5,620.0,54.0,42.0,33.5,35.5,27.5,28.0,13.0,15.5,ALUMINIUM,31.0,50.0,51.0,330.0,350.0,16.0,18.0,False,False,135.0,2.0,1.0,1.2,1.2,1.1,1.0,1.0,674.0,52.0,674.0,52.0,1.0,1,False,1.0,1.0,70.0,45.0,0.0,35.0,True,True,False,False,True,11.0,1,False,30.0,30.0,30,SPOKED,SPOKED,0.0,0.0,0.0,0.0,276.0,725.0,33.0,350.0,1.0
470.0,65.0,580.0,68.5,165.0,56.0,530.0,74.2,660.0,55.0,42.0,32.5,37.0,29.0,30.0,13.0,16.0,ALUMINIUM,36.0,57.0,56.0,330.0,350.0,16.0,18.0,False,False,135.0,2.0,1.1,1.3,1.1,1.2,1.1,1.2,674.0,52.0,674.0,52.0,1.0,2,False,1.0,1.0,70.0,45.0,0.0,35.0,True,True,False,False,True,12.0,2,False,0.0,0.0,0,SPOKED,SPOKED,0.0,0.0,0.0,0.0,290.0,715.0,35.0,350.0,1.0
420.0,62.0,535.0,69.0,150.0,50.0,485.0,72.5,610.0,51.0,42.0,35.0,38.0,30.0,30.0,14.0,15.0,ALUMINIUM,34.0,50.0,53.0,330.0,350.0,16.0,18.0,False,False,135.0,2.0,1.0,1.2,1.3,1.0,1.0,1.1,674.0,52.0,674.0,52.0,1.0,1,False,1.0,1.0,70.0,45.0,0.0,35.0,True,True,False,False,True,11.0,1,False,0.0,0.0,0,SPOKED,SPOKED,0.0,0.0,0.0,0.0,279.0,700.0,34.0,350.0,1.0
455.0,67.0,568.0,67.0,152.0,54.0,522.0,73.1,640.0,56.0,42.0,34.0,36.0,28.0,28.0,13.0,16.0,ALUMINIUM,33.0,53.0,54.0,330.0,350.0,16.0,18.0,False,False,135.0,2.0,1.1,1.2,1.1,1.1,1.0,1.2,674.0,52.0,674.0,52.0,1.0,2,False,1.0,1.0,70.0,45.0,0.0,35.0,True,True,False,False,True,12.0,2,False,0.0,0.0,0,SPOKED,SPOKED,0.0,0.0,0.0,0.0,281.0,730.0,34.0,350.0,1.0
440.0,60.0,550.0,66.8,148.0,49.0,498.0,72.8,630.0,52.0,42.0,34.5,37.5,29.0,27.5,14.0,15.2,ALUMINIUM,32.5,49.0,52.5,330.0,350.0,16.0,18.0,False,False,135.0,2.0,1.0,1.1,1.2,1.2,1.0,1.1,674.0,52.0,674.0,52.0,1.0,1,False,1.0,1.0,70.0,45.0,0.0,35.0,True,True,False,False,True,11.0,1,False,30.0,30.0,30,SPOKED,SPOKED,0.0,0.0,0.0,0.0,277.0,720.0,33.0,350.0,1.0
405.0,70.0,580.0,68.0,110.0,50.0,600.0,74.0,640.0,50.0,42.0,34.0,35.0,33.0,32.0,13.0,15.0,ALUMINIUM,40.0,45.0,40.0,0.0,0.0,0.0,0.0,False,False,135.0,2.0,1.0,1.0,1.0,1.0,1.0,1.0,722.0,50.0,722.0,50.0,1.0,0,False,1.0,1.0,68.0,45.0,0.0,31.8,False,False,False,False,True,12.0,1,False,0.0,0.0,0,DISC,DISC,0.0,0.0,0.0,0.0,280.0,780.0,35.0,780.0,1.0
410.0,68.0,590.0,67.0,100.0,45.0,620.0,75.0,650.0,48.0,40.0,36.0,36.0,34.0,33.0,13.0,15.0,ALUMINIUM,35.0,48.0,42.0,0.0,0.0,0.0,0.0,False,False,135.0,2.0,1.1,1.1,1.1,1.1,1.1,1.1,722.0,52.0,722.0,52.0,1.0,1,False,1.0,1.0,68.0,45.0,0.0,31.8,False,False,False,False,True,12.0,1,False,0.0,0.0,0,DISC,DISC,0.0,0.0,0.0,0.0,282.0,785.0,36.0,785.0,1.0
420.0,65.0,570.0,69.0,120.0,48.0,610.0,74.5,630.0,52.0,44.0,35.0,35.0,33.0,32.0,13.0,15.0,ALUMINIUM,45.0,47.0,38.0,0.0,0.0,0.0,0.0,False,False,135.0,2.0,1.0,1.0,1.0,1.0,1.0,1.0,722.0,55.0,722.0,55.0,1.0,2,False,1.0,1.0,68.0,45.0,0.0,31.8,False,False,False,False,True,12.0,1,False,0.0,0.0,0,DISC,DISC,0.0,0.0,0.0,0.0,280.0,780.0,35.0,780.0,1.0
395.0,75.0,600.0,67.5,95.0,42.0,580.0,73.0,600.0,47.0,40.0,33.0,33.0,31.0,30.0,13.0,15.0,ALUMINIUM,30.0,42.0,45.0,0.0,0.0,0.0,0.0,False,False,135.0,2.0,1.0,1.2,1.0,1.0,1.2,1.2,722.0,48.0,722.0,48.0,1.0,0,False,1.0,1.0,68.0,45.0,0.0,31.8,False,False,False,False,True,12.0,1,False,0.0,0.0,0,DISC,DISC,0.0,0.0,0.0,0.0,275.0,770.0,34.0,770.0,1.0
415.0,72.0,565.0,68.5,105.0,47.0,605.0,74.3,635.0,49.0,43.0,36.0,37.0,34.0,33.5,13.0,15.0,ALUMINIUM,42.0,46.0,39.0,0.0,0.0,0.0,0.0,False,False,135.0,2.0,1.0,1.0,1.0,1.0,1.0,1.0,722.0,50.0,722.0,50.0,1.0,1,False,1.0,1.0,68.0,45.0,0.0,31.8,False,False,False,False,True,12.0,1,False,0.0,0.0,0,DISC,DISC,0.0,0.0,0.0,0.0,280.0,782.0,36.0,782.0,1.0
400.0,65.0,580.0,69.0,115.0,50.0,590.0,74.0,620.0,46.0,42.0,35.0,36.0,33.0,32.0,13.0,15.0,ALUMINIUM,44.0,49.0,41.0,0.0,0.0,0.0,0.0,False,False,135.0,2.0,1.1,1.0,1.1,1.0,1.0,1.1,722.0,53.0,722.0,53.0,1.0,2,False,1.0,1.0,68.0,45.0,0.0,31.8,False,False,False,False,True,12.0,1,False,0.0,0.0,0,DISC,DISC,0.0,0.0,0.0,0.0,281.0,783.0,35.5,783.0,1.0
420.0,68.0,595.0,68.2,108.0,44.0,615.0,75.2,645.0,51.0,44.0,36.5,37.0,34.5,32.5,13.0,15.0,ALUMINIUM,41.0,45.0,43.0,0.0,0.0,0.0,0.0,False,False,135.0,2.0,1.2,1.2,1.2,1.0,1.2,1.2,722.0,55.0,722.0,55.0,1.0,1,False,1.0,1.0,68.0,45.0,0.0,31.8,False,False,False,False,True,12.0,1,False,0.0,0.0,0,DISC,DISC,0.0,0.0,0.0,0.0,279.0,779.0,36.5,779.0,1.0
390.0,73.0,610.0,67.8,98.0,45.0,585.0,73.8,610.0,47.0,41.0,34.0,35.0,33.0,31.0,13.0,15.0,ALUMINIUM,39.0,43.0,46.0,0.0,0.0,0.0,0.0,False,False,135.0,2.0,1.0,1.0,1.0,1.0,1.0,1.0,722.0,49.0,722.0,49.0,1.0,0,False,1.0,1.0,68.0,45.0,0.0,31.8,False,False,False,False,True,12.0,1,False,0.0,0.0,0,DISC,DISC,0.0,0.0,0.0,0.0,276.0,776.0,34.5,776.0,1.0
425.0,69.0,575.0,68.6,112.0,49.0,605.0,74.7,655.0,53.0,43.0,36.0,37.5,34.0,33.0,13.0,15.0,ALUMINIUM,43.0,47.0,40.0,0.0,0.0,0.0,0.0,False,False,135.0,2.0,1.1,1.1,1.1,1.1,1.1,1.1,722.0,54.0,722.0,54.0,1.0,2,False,1.0,1.0,68.0,45.0,0.0,31.8,False,False,False,False,True,12.0,1,False,0.0,0.0,0,DISC,DISC,0.0,0.0,0.0,0.0,283.0,786.0,36.8,786.0,1.0
415.0,71.0,585.0,67.3,102.0,46.0,595.0,74.1,635.0,49.5,42.0,35.5,36.2,33.7,32.3,13.0,15.0,ALUMINIUM,38.0,44.0,42.0,0.0,0.0,0.0,0.0,False,False,135.0,2.0,1.0,1.0,1.0,1.0,1.0,1.0,722.0,51.0,722.0,51.0,1.0,1,False,1.0,1.0,68.0,45.0,0.0,31.8,False,False,False,False,True,12.0,1,False,0.0,0.0,0,DISC,DISC,0.0,0.0,0.0,0.0,280.0,781.0,35.2,781.0,1.0
420.0,60.0,580.0,66.0,140.0,45.0,550.0,72.0,650.0,45.0,45.0,35.0,36.5,23.35,23.35,13.0,15.0,ALUMINIUM,35.0,50.0,45.0,330.0,350.0,16.0,18.0,False,False,135.0,2.0,0.9,1.1,0.9,1.2,1.0,0.9,690.0,55.0,690.0,55.0,1.0,1,False,1.0,1.0,68.0,45.0,0.0,31.8,False,False,False,False,True,12.0,1,False,0.0,0.0,0,SPOKED,SPOKED,1.0,1.0,80.0,80.0,280.0,300.0,34.9,700.0,1.0
425.0,62.0,585.0,66.5,145.0,46.0,555.0,72.5,655.0,46.0,45.0,36.0,36.5,23.35,23.35,13.0,15.0,ALUMINIUM,36.0,51.0,46.0,330.0,350.0,16.0,18.0,False,False,135.0,2.0,0.9,1.1,0.9,1.2,1.0,0.9,690.0,55.0,690.0,55.0,1.0,1,False,1.0,1.0,73.0,46.0,0.0,31.8,False,False,False,False,True,12.0,1,False,0.0,0.0,0,SPOKED,SPOKED,1.0,1.0,80.0,80.0,281.0,305.0,34.9,710.0,1.0
430.0,64.0,590.0,67.0,150.0,47.0,560.0,73.0,660.0,47.0,45.0,37.0,36.5,23.35,23.35,13.0,15.0,ALUMINIUM,37.0,52.0,47.0,330.0,350.0,16.0,18.0,False,False,142.0,2.0,0.9,1.1,0.9,1.2,1.0,0.9,690.0,55.0,690.0,55.0,1.0,1,False,1.0,1.0,68.0,47.0,0.0,31.8,False,False,False,False,True,12.0,1,False,0.0,0.0,0,SPOKED,SPOKED,1.0,1.0,80.0,80.0,282.0,720.0,34.9,720.0,1.0
435.0,66.0,595.0,67.5,155.0,48.0,565.0,73.5,665.0,48.0,45.0,35.0,36.5,23.35,23.35,13.0,15.0,ALUMINIUM,38.0,53.0,48.0,330.0,350.0,16.0,18.0,False,False,142.0,2.0,0.9,1.1,0.9,1.2,1.0,0.9,690.0,55.0,690.0,55.0,1.0,1,False,1.0,1.0,73.0,48.0,0.0,31.8,False,False,False,False,True,12.0,1,False,0.0,0.0,0,SPOKED,SPOKED,1.0,1.0,80.0,80.0,283.0,730.0,34.9,730.0,1.0
440.0,68.0,600.0,68.0,160.0,49.0,570.0,74.0,670.0,49.0,45.0,36.0,36.5,23.35,23.35,13.0,15.0,ALUMINIUM,39.0,54.0,49.0,330.0,350.0,16.0,18.0,False,False,135.0,2.0,0.9,1.1,0.9,1.2,1.0,0.9,690.0,55.0,690.0,55.0,1.0,1,False,1.0,1.0,68.0,49.0,0.0,31.8,False,False,False,False,True,12.0,1,False,0.0,0.0,0,SPOKED,SPOKED,1.0,1.0,80.0,80.0,284.0,740.0,34.9,740.0,1.0
445.0,70.0,605.0,68.5,165.0,50.0,575.0,74.5,675.0,50.0,45.0,37.0,36.5,23.35,23.35,13.0,15.0,ALUMINIUM,40.0,55.0,50.0,330.0,350.0,16.0,18.0,False,False,142.0,2.0,0.9,1.1,0.9,1.2,1.0,0.9,690.0,55.0,690.0,55.0,1.0,1,False,1.0,1.0,73.5,50.0,0.0,31.8,False,False,False,False,True,12.0,1,False,0.0,0.0,0,SPOKED,SPOKED,1.0,1.0,80.0,80.0,285.0,750.0,34.9,750.0,1.0
450.0,72.0,610.0,69.0,170.0,51.0,580.0,75.0,680.0,51.0,45.0,38.0,36.5,23.35,23.35,13.0,15.0,ALUMINIUM,41.0,56.0,51.0,330.0,350.0,16.0,18.0,False,False,135.0,2.0,0.9,1.1,0.9,1.2,1.0,0.9,690.0,55.0,690.0,55.0,1.0,1,False,1.0,1.0,74.0,51.0,0.0,31.8,False,False,False,False,True,12.0,1,False,0.0,0.0,0,SPOKED,SPOKED,1.0,1.0,80.0,80.0,286.0,760.0,34.9,760.0,1.0
455.0,74.0,615.0,65.0,135.0,52.0,585.0,71.5,645.0,52.0,45.0,39.0,36.5,23.35,23.35,13.0,15.0,ALUMINIUM,34.0,49.0,44.0,330.0,350.0,16.0,18.0,False,False,142.0,2.0,0.9,1.1,0.9,1.2,1.0,0.9,690.0,55.0,690.0,55.0,1.0,1,False,1.0,1.0,71.5,44.0,0.0,31.8,False,False,False,False,True,12.0,1,False,0.0,0.0,0,SPOKED,SPOKED,1.0,1.0,80.0,80.0,287.0,770.0,34.9,770.0,1.0
460.0,76.0,620.0,65.5,130.0,53.0,590.0,71.0,640.0,43.0,45.0,34.0,36.5,23.35,23.35,13.0,15.0,ALUMINIUM,33.0,48.0,43.0,330.0,350.0,16.0,18.0,False,False,135.0,2.0,0.9,1.1,0.9,1.2,1.0,0.9,690.0,55.0,690.0,55.0,1.0,1,False,1.0,1.0,75.5,43.0,0.0,31.8,False,False,False,False,True,12.0,1,False,0.0,0.0,0,SPOKED,SPOKED,1.0,1.0,80.0,80.0,288.0,780.0,34.9,780.0,1.0
465.0,78.0,625.0,66.0,175.0,54.0,595.0,75.5,685.0,44.0,45.0,33.0,36.5,23.35,23.35,13.0,15.0,ALUMINIUM,42.0,57.0,52.0,330.0,350.0,16.0,18.0,False,False,142.0,2.0,0.9,1.1,0.9,1.2,1.0,0.9,690.0,55.0,690.0,55.0,1.0,1,False,1.0,1.0,75.0,52.0,0.0,31.8,False,False,False,False,True,12.0,1,False,0.0,0.0,0,SPOKED,SPOKED,1.0,1.0,80.0,80.0,289.0,790.0,34.9,790.0,1.0
395.0,65.0,550.0,72.5,120.0,45.0,550.0,73.0,630.0,50.0,45.0,28.6,33.6,36.5,36.5,13.0,15.0,ALUMINIUM,30.0,40.0,45.0,330.0,350.0,16.0,18.0,False,False,135.0,2.0,0.9,1.1,0.9,1.2,1.0,0.9,674.0,52.0,674.0,52.0,1.0,1,False,1.0,1.0,68.0,45.0,0.0,31.8,True,True,False,False,True,9.0,2,False,0.0,0.0,0,DISC,SPOKED,0.0,0.0,0.0,0.0,278.0,300.0,34.9,300.0,1.0
405.0,70.0,580.0,73.5,140.0,45.0,570.0,74.0,650.0,52.0,50.0,28.6,33.6,36.5,36.5,13.0,15.0,ALUMINIUM,30.0,40.0,45.0,330.0,350.0,16.0,18.0,False,False,135.0,2.0,0.9,1.1,0.9,1.2,1.0,0.9,674.0,52.0,674.0,52.0,1.0,1,False,1.0,1.0,68.0,45.0,0.0,31.8,True,True,False,False,True,10.0,1,False,0.0,0.0,0,DISC,SPOKED,0.0,0.0,0.0,0.0,278.0,300.0,34.9,300.0,1.0
380.0,75.0,530.0,72.0,100.0,45.0,530.0,72.0,610.0,48.0,40.0,28.6,33.6,36.5,36.5,13.0,15.0,ALUMINIUM,25.0,35.0,40.0,330.0,350.0,16.0,18.0,False,False,135.0,2.0,0.9,1.1,0.9,1.2,1.0,0.9,674.0,52.0,674.0,52.0,1.0,1,False,1.0,1.0,68.0,45.0,0.0,31.8,True,True,False,False,True,11.0,1,False,0.0,0.0,0,DISC,SPOKED,0.0,0.0,0.0,0.0,278.0,300.0,34.9,300.0,1.0
420.0,60.0,620.0,74.0,160.0,45.0,610.0,75.0,680.0,55.0,55.0,28.6,33.6,36.5,36.5,13.0,15.0,ALUMINIUM,30.0,40.0,45.0,330.0,350.0,16.0,18.0,False,False,135.0,2.0,0.9,1.1,0.9,1.2,1.0,0.9,674.0,52.0,674.0,52.0,1.0,1,False,1.0,1.0,68.0,45.0,0.0,31.8,True,True,False,False,True,9.0,3,False,0.0,0.0,0,DISC,SPOKED,0.0,0.0,0.0,0.0,278.0,300.0,34.9,300.0,1.0
440.0,80.0,660.0,73.0,180.0,45.0,630.0,74.0,700.0,60.0,60.0,28.6,33.6,36.5,36.5,13.0,15.0,ALUMINIUM,35.0,45.0,50.0,330.0,350.0,16.0,18.0,False,False,135.0,2.0,0.9,1.1,0.9,1.2,1.0,0.9,674.0,52.0,674.0,52.0,1.0,1,False,1.0,1.0,68.0,45.0,0.0,31.8,True,True,False,False,True,12.0,2,False,0.0,0.0,0,DISC,SPOKED,0.0,0.0,0.0,0.0,278.0,300.0,34.9,300.0,1.0
400.0,68.0,570.0,72.8,130.0,45.0,560.0,73.5,640.0,51.0,48.0,28.6,33.6,36.5,36.5,13.0,15.0,ALUMINIUM,30.0,40.0,45.0,330.0,350.0,16.0,18.0,False,False,135.0,2.0,0.9,1.1,0.9,1.2,1.0,0.9,674.0,52.0,674.0,52.0,1.0,1,False,1.0,1.0,68.0,45.0,0.0,31.8,True,True,False,False,True,8.0,1,False,0.0,0.0,0,DISC,SPOKED,0.0,0.0,0.0,0.0,278.0,300.0,34.9,300.0,1.0
410.0,72.0,600.0,73.2,150.0,45.0,590.0,73.8,660.0,53.0,52.0,28.6,33.6,36.5,36.5,13.0,15.0,ALUMINIUM,32.0,42.0,47.0,330.0,350.0,16.0,18.0,False,False,135.0,2.0,0.9,1.1,0.9,1.2,1.0,0.9,674.0,52.0,674.0,52.0,1.0,1,False,1.0,1.0,68.0,45.0,0.0,31.8,True,True,False,False,True,10.0,2,False,0.0,0.0,0,DISC,SPOKED,0.0,0.0,0.0,0.0,278.0,300.0,34.9,300.0,1.0
430.0,63.0,560.0,74.0,110.0,45.0,540.0,74.2,620.0,49.0,42.0,28.6,33.6,36.5,36.5,13.0,15.0,ALUMINIUM,28.0,38.0,43.0,330.0,350.0,16.0,18.0,False,False,135.0,2.0,0.9,1.1,0.9,1.2,1.0,0.9,674.0,52.0,674.0,52.0,1.0,1,False,1.0,1.0,68.0,45.0,0.0,31.8,True,True,False,False,True,11.0,3,False,0.0,0.0,0,DISC,SPOKED,0.0,0.0,0.0,0.0,278.0,300.0,34.9,300.0,1.0
390.0,77.0,640.0,72.2,170.0,45.0,620.0,72.2,690.0,58.0,58.0,28.6,33.6,36.5,36.5,13.0,15.0,ALUMINIUM,35.0,45.0,50.0,330.0,350.0,16.0,18.0,False,False,135.0,2.0,0.9,1.1,0.9,1.2,1.0,0.9,674.0,52.0,674.0,52.0,1.0,1,False,1.0,1.0,68.0,45.0,0.0,31.8,True,True,False,False,True,9.0,1,False,0.0,0.0,0,DISC,SPOKED,0.0,0.0,0.0,0.0,278.0,300.0,34.9,300.0,1.0
415.0,66.0,590.0,73.8,125.0,45.0,580.0,74.5,670.0,54.0,46.0,28.6,33.6,36.5,36.5,13.0,15.0,ALUMINIUM,30.0,40.0,45.0,330.0,350.0,16.0,18.0,False,False,135.0,2.0,0.9,1.1,0.9,1.2,1.0,0.9,674.0,52.0,674.0,52.0,1.0,1,False,1.0,1.0,68.0,45.0,0.0,31.8,True,True,False,False,True,10.0,2,False,0.0,0.0,0,DISC,SPOKED,0.0,0.0,0.0,0.0,278.0,300.0,34.9,300.0,1.0
410.0,50.0,600.0,67.0,150.0,45.0,580.0,74.0,650.0,45.0,45.0,28.6,28.6,36.5,36.5,14.0,15.0,ALUMINIUM,35.0,40.0,45.0,330.0,350.0,16.0,18.0,False,False,135.0,2.0,0.9,1.1,0.9,1.2,1.0,0.9,700.0,70.0,700.0,70.0,1.0,0,False,1.0,1.0,68.0,45.0,0.0,31.8,False,False,False,False,True,11.0,1,False,0.0,0.0,0,SPOKED,SPOKED,0.0,0.0,0.0,0.0,280.0,700.0,35.0,300.0,1.0
405.0,50.0,612.0,68.0,155.0,45.0,590.0,73.0,655.0,45.0,45.0,28.6,28.6,36.5,36.5,14.0,15.0,ALUMINIUM,35.0,40.0,45.0,330.0,350.0,16.0,18.0,False,False,135.0,2.0,0.9,1.1,0.9,1.2,1.0,0.9,700.0,70.0,700.0,70.0,1.0,1,False,1.0,1.0,68.0,45.0,0.0,31.8,False,False,False,False,True,11.0,1,False,0.0,0.0,0,SPOKED,SPOKED,0.0,0.0,0.0,0.0,280.0,700.0,35.0,300.0,1.0
400.0,50.0,605.0,66.0,145.0,45.0,575.0,75.0,645.0,45.0,45.0,28.6,28.6,36.5,36.5,14.0,15.0,ALUMINIUM,35.0,40.0,45.0,330.0,350.0,16.0,18.0,False,False,135.0,2.0,0.9,1.1,0.9,1.2,1.0,0.9,700.0,80.0,700.0,80.0,1.0,2,False,1.0,1.0,68.0,45.0,0.0,31.8,False,False,False,False,True,11.0,1,False,0.0,0.0,0,SPOKED,SPOKED,0.0,0.0,0.0,0.0,280.0,700.0,35.0,300.0,1.0
420.0,50.0,620.0,67.0,160.0,45.0,600.0,74.0,660.0,45.0,45.0,28.6,28.6,36.5,36.5,14.0,15.0,ALUMINIUM,35.0,40.0,45.0,330.0,350.0,16.0,18.0,False,False,142.0,2.0,0.9,1.1,0.9,1.2,1.0,0.9,700.0,65.0,700.0,65.0,1.0,0,False,1.0,1.0,68.0,45.0,0.0,31.8,False,False,True,True,True,11.0,1,False,0.0,0.0,0,SPOKED,SPOKED,0.0,0.0,0.0,0.0,280.0,700.0,35.0,300.0,1.0
415.0,50.0,605.0,68.0,150.0,45.0,585.0,73.5,655.0,45.0,45.0,28.6,28.6,36.5,36.5,14.0,15.0,ALUMINIUM,35.0,40.0,45.0,330.0,350.0,16.0,18.0,False,False,148.0,2.0,0.9,1.1,0.9,1.2,1.0,0.9,700.0,75.0,700.0,75.0,1.0,1,False,1.0,1.0,68.0,45.0,0.0,31.8,False,False,False,True,True,11.0,1,False,0.0,0.0,0,SPOKED,SPOKED,0.0,0.0,0.0,0.0,280.0,700.0,35.0,300.0,1.0
405.0,50.0,600.0,67.5,150.0,45.0,580.0,74.0,650.0,45.0,45.0,28.6,28.6,36.5,36.5,14.0,15.0,ALUMINIUM,35.0,40.0,45.0,330.0,350.0,16.0,18.0,True,True,135.0,2.0,0.9,1.1,1.0,1.3,1.1,0.9,700.0,70.0,700.0,70.0,1.0,2,False,1.0,1.0,68.0,45.0,0.0,31.8,False,False,False,False,True,12.0,1,False,0.0,0.0,0,SPOKED,SPOKED,0.0,0.0,0.0,0.0,285.0,705.0,35.0,300.0,1.0
410.0,50.0,605.0,67.0,150.0,45.0,580.0,74.0,650.0,45.0,45.0,28.6,28.6,36.5,36.5,14.0,15.0,ALUMINIUM,35.0,40.0,45.0,330.0,350.0,16.0,18.0,False,False,135.0,2.0,0.9,1.1,0.9,1.2,1.0,0.9,700.0,70.0,700.0,70.0,1.0,1,False,1.0,3.0,68.0,50.0,0.0,31.8,True,True,False,False,True,11.0,1,False,0.0,0.0,0,SPOKED,SPOKED,0.0,0.0,0.0,0.0,285.0,700.0,35.0,300.0,1.0
415.0,50.0,600.0,67.0,150.0,45.0,580.0,74.0,650.0,45.0,45.0,28.6,28.6,36.5,36.5,14.0,15.0,ALUMINIUM,35.0,40.0,45.0,330.0,350.0,16.0,18.0,False,False,135.0,2.0,0.9,1.1,0.9,1.2,1.0,0.9,700.0,70.0,700.0,70.0,1.0,2,False,1.0,1.0,68.0,45.0,0.0,31.8,False,False,False,False,True,11.0,1,True,0.0,0.0,0,SPOKED,SPOKED,0.0,0.0,0.0,0.0,280.0,700.0,35.0,300.0,1.0
410.0,50.0,600.0,67.0,150.0,45.0,580.0,74.0,650.0,45.0,45.0,28.6,28.6,36.5,36.5,14.0,15.0,ALUMINIUM,35.0,40.0,45.0,330.0,350.0,16.0,18.0,False,False,135.0,2.0,0.9,1.1,0.9,1.2,1.0,0.9,700.0,70.0,700.0,70.0,1.0,0,True,1.0,1.0,68.0,45.0,0.0,31.8,False,False,False,False,True,11.0,1,False,0.0,0.0,0,SPOKED,SPOKED,0.0,0.0,0.0,0.0,280.0,700.0,35.0,300.0,1.0
420.0,50.0,630.0,69.0,160.0,45.0,600.0,73.0,670.0,45.0,45.0,33.6,28.6,36.5,36.5,14.0,15.0,ALUMINIUM,30.0,45.0,50.0,330.0,350.0,16.0,18.0,False,False,135.0,2.5,1.0,1.2,1.0,1.3,1.1,1.0,700.0,75.0,700.0,75.0,1.0,1,False,1.0,2.0,68.0,45.0,0.0,32.0,False,False,False,False,True,12.0,2,False,0.0,0.0,0,SPOKED,SPOKED,0.0,0.0,0.0,0.0,300.0,720.0,38.0,320.0,2.0
440.0,75.0,610.0,67.5,150.0,55.0,580.0,73.0,680.0,50.0,47.0,34.0,34.0,32.0,25.0,13.0,15.0,ALUMINIUM,38.0,48.0,45.0,340.0,340.0,16.0,18.0,False,False,135.0,2.0,0.9,1.1,0.9,1.2,1.0,0.9,680.0,50.0,680.0,50.0,1.0,1,False,1.0,1.0,68.0,50.0,0.0,31.8,False,True,False,False,True,12.0,1,False,0.0,0.0,0,SPOKED,SPOKED,0.0,0.0,0.0,0.0,280.0,800.0,34.9,320.0,1.0
435.0,72.0,605.0,68.0,145.0,50.0,570.0,73.5,675.0,52.0,47.0,33.0,33.0,32.0,26.0,13.5,15.5,ALUMINIUM,36.0,46.0,43.0,345.0,345.0,16.0,18.0,True,False,135.0,2.5,1.0,1.2,0.9,1.2,1.0,0.9,700.0,50.0,700.0,50.0,1.0,1,False,1.0,1.0,68.0,48.0,0.0,31.8,False,True,False,False,True,12.0,1,False,0.0,0.0,0,SPOKED,SPOKED,0.0,0.0,0.0,0.0,285.0,810.0,34.9,330.0,1.0
445.0,74.0,615.0,66.0,155.0,60.0,590.0,72.5,690.0,48.0,47.0,34.5,34.5,32.5,28.0,14.0,16.0,ALUMINIUM,40.0,50.0,47.0,350.0,350.0,16.0,18.0,False,True,135.0,2.0,0.9,1.1,1.0,1.2,1.0,0.9,680.0,50.0,680.0,50.0,1.0,2,False,1.0,1.0,70.0,52.0,0.0,31.8,False,True,False,False,True,11.0,1,False,0.0,0.0,0,SPOKED,SPOKED,0.0,0.0,0.0,0.0,290.0,820.0,34.9,330.0,1.0
430.0,73.0,600.0,68.5,140.0,48.0,575.0,73.8,670.0,51.0,47.0,33.5,33.5,31.5,27.0,13.2,14.8,ALUMINIUM,35.0,45.0,42.0,342.0,342.0,16.0,18.0,True,True,135.0,2.1,0.95,1.15,0.95,1.25,1.05,0.95,700.0,50.0,700.0,50.0,1.0,1,False,1.0,1.0,68.0,48.0,0.0,31.8,False,True,False,False,True,12.0,1,False,0.0,0.0,0,SPOKED,SPOKED,0.0,0.0,0.0,0.0,275.0,780.0,34.9,310.0,1.0
450.0,76.0,620.0,66.5,160.0,65.0,600.0,72.0,700.0,49.0,47.0,34.0,34.0,32.0,29.0,14.5,16.2,ALUMINIUM,42.0,55.0,48.0,355.0,355.0,16.0,18.0,False,False,135.0,2.2,0.85,1.05,0.85,1.15,0.95,0.85,680.0,50.0,680.0,50.0,1.0,2,False,1.0,1.0,72.0,54.0,0.0,31.8,False,True,False,False,True,10.0,2,False,0.0,0.0,0,SPOKED,SPOKED,0.0,0.0,0.0,0.0,300.0,830.0,34.9,340.0,1.0
438.0,74.5,612.0,67.2,148.0,57.0,585.0,73.2,682.0,53.0,47.0,34.2,34.2,32.2,27.5,13.8,15.8,ALUMINIUM,39.0,49.0,46.0,348.0,348.0,16.0,18.0,True,True,135.0,2.0,0.9,1.1,0.9,1.2,1.0,0.9,700.0,50.0,700.0,50.0,1.0,1,False,1.0,1.0,69.0,51.0,0.0,31.8,False,True,False,False,True,11.0,1,False,0.0,0.0,0,SPOKED,SPOKED,0.0,0.0,0.0,0.0,285.0,815.0,34.9,325.0,1.0
442.0,73.5,605.0,67.8,152.0,58.0,588.0,73.4,688.0,50.0,47.0,34.1,34.1,32.1,27.8,14.1,15.9,ALUMINIUM,37.0,47.0,44.0,349.0,349.0,16.0,18.0,False,True,135.0,2.3,0.95,1.15,0.95,1.25,1.05,0.95,680.0,50.0,680.0,50.0,1.0,2,False,1.0,1.0,70.0,53.0,0.0,31.8,False,True,False,False,True,12.0,1,False,0.0,0.0,0,SPOKED,SPOKED,0.0,0.0,0.0,0.0,295.0,825.0,34.9,335.0,1.0
446.0,75.0,618.0,66.8,158.0,63.0,595.0,72.8,695.0,49.5,47.0,34.3,34.3,32.3,28.2,14.3,16.1,ALUMINIUM,41.0,53.0,49.0,352.0,352.0,16.0,18.0,True,False,135.0,2.1,0.9,1.1,0.9,1.2,1.0,0.9,700.0,50.0,700.0,50.0,1.0,1,False,1.0,1.0,71.0,55.0,0.0,31.8,False,True,False,False,True,11.0,2,False,0.0,0.0,0,SPOKED,SPOKED,0.0,0.0,0.0,0.0,295.0,835.0,34.9,345.0,1.0
440.5,74.8,613.0,67.0,149.0,56.0,582.0,73.1,685.0,52.5,47.0,34.15,34.15,32.15,27.9,13.9,15.85,ALUMINIUM,38.5,48.5,45.5,347.0,347.0,16.0,18.0,False,False,135.0,2.05,0.92,1.12,0.92,1.22,1.02,0.92,680.0,50.0,680.0,50.0,1.0,1,False,1.0,1.0,69.5,50.5,0.0,31.8,False,True,False,False,True,12.0,1,False,0.0,0.0,0,SPOKED,SPOKED,0.0,0.0,0.0,0.0,288.0,818.0,34.9,322.0,1.0
447.5,75.5,619.0,66.2,157.0,64.0,597.0,72.2,698.0,48.8,47.0,34.25,34.25,32.25,28.5,14.25,16.05,ALUMINIUM,41.5,54.0,49.5,353.0,353.0,16.0,18.0,False,True,135.0,2.15,0.88,1.08,0.88,1.18,0.98,0.88,700.0,50.0,700.0,50.0,1.0,2,False,1.0,1.0,72.0,54.5,0.0,31.8,False,True,False,False,True,11.0,1,False,0.0,0.0,0,SPOKED,SPOKED,0.0,0.0,0.0,0.0,298.0,838.0,34.9,342.0,1.0
430.0,70.0,600.0,66.5,120.0,50.0,480.0,73.0,620.0,50.0,40.0,30.0,35.0,25.0,20.0,13.0,15.0,ALUMINIUM,20.0,20.0,25.0,330.0,350.0,16.0,18.0,False,False,135.0,2.5,1.0,1.5,1.0,1.0,1.0,1.0,740.0,118.0,740.0,118.0,1.0,0,False,1.0,1.0,68.0,50.0,0.0,34.9,True,False,False,False,True,12.0,1,False,0.0,0.0,0,SPOKED,SPOKED,0.0,0.0,0.0,0.0,250.0,700.0,40.0,350.0,1.0
435.0,65.0,610.0,67.0,110.0,50.0,500.0,74.0,630.0,55.0,40.0,32.0,36.0,26.0,21.0,13.0,15.0,ALUMINIUM,18.0,22.0,26.0,330.0,350.0,16.0,18.0,False,False,148.0,2.5,1.2,1.5,1.0,1.0,1.0,1.0,740.0,118.0,740.0,118.0,1.0,1,False,1.0,3.0,68.0,52.0,0.0,34.9,True,True,False,False,True,11.0,2,False,0.0,0.0,0,DISC,DISC,0.0,0.0,0.0,0.0,260.0,710.0,42.0,360.0,1.0
440.0,75.0,595.0,65.0,130.0,55.0,470.0,72.0,615.0,50.0,40.0,29.0,35.0,25.0,20.0,13.0,15.0,ALUMINIUM,22.0,19.0,24.0,330.0,350.0,16.0,18.0,False,False,135.0,2.5,1.1,1.4,1.0,1.0,1.0,1.0,740.0,118.0,740.0,118.0,1.0,2,False,1.0,1.0,68.0,50.0,0.0,34.9,False,True,True,False,True,12.0,1,False,0.0,0.0,0,SPOKED,DISC,0.0,0.0,0.0,0.0,255.0,705.0,40.0,355.0,1.0
425.0,70.0,605.0,66.0,125.0,52.0,485.0,73.5,625.0,52.0,40.0,31.0,36.0,26.0,21.0,13.0,15.0,ALUMINIUM,21.0,21.0,25.0,330.0,350.0,16.0,18.0,False,False,135.0,2.5,1.0,1.5,1.0,1.0,1.0,1.0,740.0,118.0,740.0,118.0,1.0,0,False,1.0,1.0,68.0,50.0,0.0,34.9,True,False,False,True,True,10.0,1,False,0.0,0.0,0,SPOKED,SPOKED,0.0,0.0,0.0,0.0,260.0,710.0,40.0,350.0,1.0
450.0,65.0,590.0,67.5,115.0,50.0,475.0,74.5,610.0,55.0,40.0,30.0,35.0,25.0,20.0,13.0,15.0,ALUMINIUM,19.0,20.0,23.0,330.0,350.0,16.0,18.0,False,False,148.0,2.5,1.1,1.5,1.0,1.0,1.0,1.0,740.0,118.0,740.0,118.0,1.0,1,False,1.0,3.0,68.0,52.0,0.0,34.9,True,False,False,False,True,11.0,2,False,0.0,0.0,0,DISC,DISC,0.0,0.0,0.0,0.0,250.0,695.0,40.0,360.0,1.0
420.0,72.0,620.0,68.0,105.0,53.0,490.0,75.0,635.0,60.0,40.0,32.0,36.0,26.0,21.0,13.0,15.0,ALUMINIUM,17.0,23.0,22.0,330.0,350.0,16.0,18.0,False,True,135.0,2.5,1.0,1.5,1.0,1.0,1.0,1.0,740.0,118.0,740.0,118.0,1.0,2,False,1.0,1.0,68.0,50.0,0.0,34.9,False,True,False,False,True,12.0,1,False,0.0,0.0,0,SPOKED,SPOKED,0.0,0.0,0.0,0.0,265.0,720.0,40.0,370.0,1.0
428.0,68.0,580.0,65.5,118.0,51.0,465.0,72.5,605.0,50.0,40.0,28.0,35.0,25.0,20.0,13.0,15.0,ALUMINIUM,20.0,18.0,24.0,330.0,350.0,16.0,18.0,True,False,148.0,2.5,1.2,1.5,1.0,1.0,1.0,1.0,740.0,118.0,740.0,118.0,1.0,0,False,1.0,3.0,68.0,52.0,0.0,34.9,True,True,False,True,True,11.0,1,False,0.0,0.0,0,SPOKED,SPOKED,0.0,0.0,0.0,0.0,240.0,690.0,40.0,345.0,1.0
445.0,70.0,615.0,66.8,122.0,54.0,500.0,74.0,640.0,58.0,40.0,31.0,36.0,26.0,21.0,13.0,15.0,ALUMINIUM,21.0,22.0,26.0,330.0,350.0,16.0,18.0,False,False,135.0,2.5,1.1,1.5,1.0,1.0,1.0,1.0,740.0,118.0,740.0,118.0,1.0,1,False,1.0,1.0,68.0,50.0,0.0,34.9,False,True,False,False,True,12.0,2,False,0.0,0.0,0,SPOKED,SPOKED,0.0,0.0,0.0,0.0,255.0,715.0,40.0,365.0,1.0
430.0,74.0,600.0,67.2,110.0,50.0,480.0,73.2,620.0,55.0,40.0,30.0,35.0,25.0,20.0,13.0,15.0,ALUMINIUM,18.0,20.0,25.0,330.0,350.0,16.0,18.0,False,False,148.0,2.5,1.0,1.5,1.0,1.0,1.0,1.0,740.0,118.0,740.0,118.0,1.0,0,False,1.0,1.0,68.0,50.0,0.0,34.9,True,True,True,False,True,10.0,1,False,0.0,0.0,0,SPOKED,SPOKED,0.0,0.0,0.0,0.0,250.0,700.0,40.0,355.0,1.0
438.0,68.0,595.0,65.8,115.0,53.0,490.0,74.8,630.0,53.0,40.0,31.0,36.0,26.0,21.0,13.0,15.0,ALUMINIUM,19.0,21.0,23.0,330.0,350.0,16.0,18.0,False,True,135.0,2.5,1.0,1.5,1.0,1.0,1.0,1.0,740.0,118.0,740.0,118.0,1.0,2,False,1.0,3.0,68.0,52.0,0.0,34.9,True,False,False,True,True,11.0,2,False,0.0,0.0,0,SPOKED,SPOKED,0.0,0.0,0.0,0.0,265.0,705.0,42.0,375.0,1.0
440.0,70.0,590.0,67.0,110.0,50.0,520.0,74.0,650.0,50.0,50.0,30.0,36.0,25.0,25.0,13.0,15.0,ALUMINIUM,35.0,55.0,45.0,0.0,0.0,16.0,18.0,False,False,135.0,2.0,1.1,1.2,1.2,1.1,1.1,1.1,680.0,121.0,680.0,121.0,1.0,1,False,1.0,1.0,68.0,45.0,0.0,31.8,True,True,False,False,True,12.0,1,False,0.0,0.0,0,SPOKED,SPOKED,0.0,0.0,0.0,0.0,300.0,800.0,34.0,300.0,1.0
460.0,65.0,610.0,66.0,120.0,48.0,540.0,73.0,660.0,45.0,50.0,32.0,37.0,26.0,24.0,12.0,16.0,ALUMINIUM,36.0,53.0,46.0,0.0,0.0,16.0,18.0,False,False,135.0,2.0,1.15,1.2,1.25,1.1,1.1,1.15,680.0,121.0,680.0,121.0,1.0,2,False,1.0,1.0,68.0,46.0,0.0,31.8,True,True,False,False,True,11.0,2,False,0.0,0.0,0,SPOKED,SPOKED,0.0,0.0,0.0,0.0,295.0,780.0,35.0,320.0,1.0
430.0,75.0,580.0,68.0,100.0,55.0,560.0,75.0,640.0,52.0,50.0,31.0,36.5,24.5,25.0,14.0,15.0,ALUMINIUM,34.0,50.0,44.0,0.0,0.0,16.0,18.0,False,False,135.0,2.0,1.1,1.15,1.2,1.1,1.1,1.1,680.0,121.0,680.0,121.0,1.0,0,False,1.0,3.0,68.0,50.0,0.0,31.8,True,True,False,False,True,10.0,1,False,0.0,0.0,0,SPOKED,SPOKED,0.0,0.0,0.0,0.0,300.0,790.0,35.0,300.0,1.0
480.0,60.0,620.0,65.0,130.0,50.0,580.0,74.5,680.0,47.0,50.0,33.0,38.0,24.0,26.0,13.0,15.0,ALUMINIUM,37.0,57.0,48.0,0.0,0.0,16.0,18.0,False,False,135.0,2.0,1.2,1.2,1.3,1.1,1.1,1.2,680.0,121.0,680.0,121.0,1.0,1,False,1.0,1.0,70.0,48.0,0.0,31.8,True,True,False,False,True,10.0,1,False,0.0,0.0,0,SPOKED,SPOKED,0.0,0.0,0.0,0.0,310.0,765.0,36.0,310.0,1.0
470.0,68.0,600.0,66.5,140.0,60.0,520.0,73.5,670.0,53.0,50.0,34.0,37.0,26.0,25.0,12.0,16.0,ALUMINIUM,38.0,56.0,47.0,0.0,0.0,16.0,18.0,False,False,135.0,2.0,1.15,1.2,1.25,1.1,1.1,1.1,680.0,121.0,680.0,121.0,1.0,2,False,1.0,1.0,68.0,45.0,0.0,31.8,True,True,False,False,True,11.0,2,False,0.0,0.0,0,SPOKED,SPOKED,0.0,0.0,0.0,0.0,305.0,790.0,35.0,295.0,1.0
455.0,72.0,640.0,65.5,115.0,55.0,560.0,74.0,650.0,49.0,50.0,29.0,36.0,25.0,24.0,14.0,15.0,ALUMINIUM,35.0,54.0,45.0,0.0,0.0,16.0,18.0,False,False,135.0,2.0,1.1,1.2,1.2,1.1,1.1,1.1,740.0,118.0,740.0,118.0,1.0,1,False,1.0,1.0,68.0,45.0,0.0,31.8,True,True,False,False,True,12.0,1,False,0.0,0.0,0,SPOKED,SPOKED,0.0,0.0,0.0,0.0,300.0,300.0,1.0,,
435.0,74.0,583.0,67.5,125.0,58.0,550.0,75.0,675.0,46.0,50.0,30.0,38.0,24.0,26.0,13.0,15.0,ALUMINIUM,36.0,52.0,46.0,0.0,0.0,16.0,18.0,False,False,135.0,2.0,1.1,1.2,1.2,1.1,1.1,1.1,680.0,121.0,680.0,121.0,1.0,0,False,1.0,3.0,75.0,49.0,0.0,31.8,True,True,False,False,True,10.0,1,False,0.0,0.0,0,SPOKED,SPOKED,0.0,0.0,0.0,0.0,300.0,810.0,36.0,300.0,2.0
482.0,63.0,655.0,65.0,135.0,62.0,580.0,74.0,690.0,55.0,50.0,33.0,38.0,26.0,25.0,12.0,15.0,ALUMINIUM,39.0,60.0,50.0,0.0,0.0,16.0,18.0,False,False,135.0,2.0,1.2,1.2,1.3,1.1,1.1,1.2,740.0,118.0,740.0,118.0,1.0,2,False,1.0,1.0,68.0,45.0,0.0,31.8,True,True,False,False,True,11.0,1,False,0.0,0.0,0,SPOKED,SPOKED,0.0,0.0,0.0,0.0,310.0,800.0,36.0,310.0,1.0
445.0,69.0,620.0,66.0,140.0,52.0,540.0,74.5,660.0,48.0,50.0,32.0,37.0,24.0,26.0,14.0,15.0,ALUMINIUM,37.0,55.0,48.0,0.0,0.0,16.0,18.0,False,False,135.0,2.0,1.15,1.2,1.25,1.1,1.1,1.1,680.0,121.0,680.0,121.0,1.0,1,False,1.0,1.0,68.0,45.0,0.0,31.8,True,True,False,False,True,11.0,2,False,0.0,0.0,0,SPOKED,SPOKED,0.0,0.0,0.0,0.0,300.0,780.0,35.0,310.0,1.0
475.0,66.0,600.0,67.0,145.0,60.0,520.0,73.0,650.0,50.0,50.0,31.0,36.0,25.0,24.0,13.0,15.0,ALUMINIUM,38.0,54.0,45.0,0.0,0.0,16.0,18.0,False,False,135.0,2.0,1.1,1.2,1.2,1.1,1.1,1.1,700.0,120.0,700.0,120.0,1.0,1,False,1.0,1.0,68.0,45.0,0.0,31.8,True,True,False,False,True,12.0,1,False,0.0,0.0,0,SPOKED,SPOKED,0.0,0.0,0.0,0.0,300.0,800.0,34.0,300.0,1.0
430.0,35.0,600.0,67.0,120.0,50.0,470.0,73.0,600.0,46.0,68.0,35.0,60.0,30.0,25.0,15.0,15.0,ALUMINIUM,35.0,30.0,40.0,0.0,0.0,0.0,0.0,False,False,142.0,2.0,0.9,1.1,0.9,1.2,1.0,0.9,700.0,78.0,700.0,78.0,1.0,0,False,1.0,1.0,73.0,44.0,0.0,31.8,False,False,False,False,True,12.0,1,False,0.0,0.0,0,SPOKED,SPOKED,0.0,0.0,80.0,80.0,280.0,850.0,60.0,350.0,1.0
435.0,30.0,610.0,66.5,125.0,48.0,480.0,74.0,605.0,48.0,68.0,37.0,62.0,32.0,26.0,16.0,16.0,ALUMINIUM,36.0,31.0,38.0,0.0,0.0,0.0,0.0,False,False,148.0,2.0,0.9,1.1,0.9,1.2,1.0,0.9,710.0,82.0,710.0,82.0,1.0,1,False,1.0,1.0,73.0,44.0,0.0,32.0,False,False,False,False,True,11.0,1,False,0.0,0.0,0,SPOKED,SPOKED,0.0,0.0,80.0,80.0,285.0,860.0,62.0,360.0,1.0
420.0,40.0,590.0,67.5,115.0,52.0,460.0,73.5,590.0,45.0,68.0,36.0,61.0,31.0,27.0,14.0,15.0,ALUMINIUM,34.0,30.0,42.0,0.0,0.0,0.0,0.0,False,False,142.0,2.0,0.9,1.1,0.9,1.2,1.0,0.9,700.0,75.0,700.0,75.0,1.0,2,False,1.0,1.0,73.0,44.0,0.0,31.8,False,False,False,False,True,12.0,1,False,0.0,0.0,0,SPOKED,SPOKED,0.0,0.0,80.0,80.0,280.0,840.0,61.0,350.0,1.0
445.0,35.0,620.0,66.0,130.0,50.0,490.0,72.5,620.0,50.0,68.0,38.0,63.0,33.0,28.0,16.0,17.0,ALUMINIUM,37.0,31.0,40.0,0.0,0.0,0.0,0.0,False,False,148.0,2.0,0.9,1.1,0.9,1.2,1.0,0.9,710.0,80.0,710.0,80.0,1.0,0,False,1.0,1.0,73.0,44.0,0.0,32.0,False,False,False,False,True,12.0,1,False,0.0,0.0,0,SPOKED,SPOKED,0.0,0.0,80.0,80.0,285.0,860.0,63.0,350.0,1.0
430.0,32.0,605.0,68.0,120.0,49.0,475.0,74.0,600.0,46.0,68.0,35.0,60.0,30.0,25.0,15.0,15.0,ALUMINIUM,35.0,30.0,40.0,0.0,0.0,0.0,0.0,False,False,142.0,2.0,0.9,1.1,0.9,1.2,1.0,0.9,700.0,78.0,700.0,78.0,1.0,1,False,1.0,1.0,73.0,44.0,0.0,31.8,False,False,False,False,True,12.0,1,False,0.0,0.0,0,SPOKED,SPOKED,0.0,0.0,80.0,80.0,280.0,850.0,60.0,350.0,1.0
425.0,38.0,595.0,67.0,118.0,51.0,465.0,73.2,595.0,47.0,68.0,36.0,61.0,32.0,26.0,15.0,16.0,ALUMINIUM,36.0,31.0,39.0,0.0,0.0,0.0,0.0,False,False,142.0,2.0,0.9,1.1,0.9,1.2,1.0,0.9,700.0,76.0,700.0,76.0,1.0,2,False,1.0,1.0,73.0,44.0,0.0,32.0,False,False,False,False,True,12.0,1,False,0.0,0.0,0,SPOKED,SPOKED,0.0,0.0,80.0,80.0,285.0,845.0,61.0,350.0,1.0
440.0,33.0,615.0,66.8,128.0,48.0,485.0,74.5,615.0,49.0,68.0,37.0,62.0,33.0,27.0,16.0,17.0,ALUMINIUM,37.0,32.0,41.0,0.0,0.0,0.0,0.0,False,False,148.0,2.0,0.9,1.1,0.9,1.2,1.0,0.9,710.0,82.0,710.0,82.0,1.0,1,False,1.0,1.0,73.0,44.0,0.0,32.0,False,False,False,False,True,11.0,1,False,0.0,0.0,0,SPOKED,SPOKED,0.0,0.0,80.0,80.0,280.0,860.0,63.0,350.0,1.0
430.0,30.0,600.0,67.2,122.0,50.0,470.0,73.0,608.0,46.0,68.0,35.0,60.0,31.0,25.0,15.0,15.0,ALUMINIUM,35.0,30.0,40.0,0.0,0.0,0.0,0.0,False,False,142.0,2.0,0.9,1.1,0.9,1.2,1.0,0.9,700.0,79.0,700.0,79.0,1.0,0,False,1.0,1.0,73.0,44.0,0.0,31.0,False,False,False,False,True,12.0,1,False,0.0,0.0,0,SPOKED,SPOKED,0.0,0.0,80.0,80.0,280.0,850.0,60.0,350.0,1.0
435.0,36.0,605.0,66.6,125.0,49.0,475.0,74.3,605.0,48.0,68.0,36.0,61.0,32.0,26.0,15.0,16.0,ALUMINIUM,36.0,31.0,39.0,0.0,0.0,0.0,0.0,False,False,142.0,2.0,0.9,1.1,0.9,1.2,1.0,0.9,700.0,77.0,700.0,77.0,1.0,1,False,1.0,1.0,73.0,44.0,0.0,32.0,False,False,False,False,True,12.0,1,False,0.0,0.0,0,SPOKED,SPOKED,0.0,0.0,80.0,80.0,285.0,855.0,61.0,350.0,1.0
445.0,34.0,610.0,66.4,130.0,52.0,490.0,72.8,620.0,50.0,68.0,38.0,63.0,33.0,27.0,16.0,17.0,ALUMINIUM,37.0,32.0,41.0,0.0,0.0,0.0,0.0,False,False,148.0,2.0,0.9,1.1,0.9,1.2,1.0,0.9,710.0,83.0,710.0,83.0,1.0,2,False,1.0,1.0,73.0,44.0,0.0,32.0,False,False,False,False,True,11.0,1,False,0.0,0.0,0,SPOKED,SPOKED,0.0,0.0,80.0,80.0,280.0,860.0,63.0,350.0,1.0
450.0,35.0,560.0,67.0,140.0,45.0,580.0,73.0,640.0,45.0,45.0,28.6,36.5,23.35,23.35,13.0,15.0,ALUMINIUM,35.0,50.0,45.0,0.0,0.0,0.0,0.0,False,False,135.0,2.0,0.9,1.1,0.9,1.2,1.0,0.9,680.0,52.0,680.0,52.0,1.0,1,False,1.0,1.0,68.0,45.0,0.0,31.8,True,True,False,False,True,12.0,1,False,0.0,0.0,0,DISC,DISC,0.0,0.0,0.0,0.0,280.0,745.0,34.9,400.0,1.0
460.0,30.0,570.0,66.0,150.0,48.0,590.0,72.5,650.0,45.0,45.0,28.6,36.5,23.35,23.35,13.0,15.0,ALUMINIUM,38.0,55.0,48.0,0.0,0.0,0.0,0.0,False,False,135.0,2.0,0.9,1.1,0.9,1.2,1.0,0.9,680.0,60.0,680.0,60.0,1.0,2,False,1.0,1.0,68.0,45.0,0.0,31.8,True,True,False,False,True,11.0,2,False,0.0,0.0,0,DISC,DISC,0.0,0.0,0.0,0.0,290.0,750.0,34.9,410.0,1.0
440.0,40.0,550.0,68.0,130.0,42.0,570.0,72.0,630.0,45.0,45.0,28.6,36.5,23.35,23.35,13.0,15.0,ALUMINIUM,30.0,45.0,50.0,0.0,0.0,0.0,0.0,False,False,135.0,2.0,0.9,1.1,0.9,1.2,1.0,0.9,680.0,55.0,680.0,55.0,1.0,0,False,1.0,1.0,68.0,45.0,0.0,31.8,True,True,False,False,True,12.0,1,False,0.0,0.0,0,DISC,DISC,0.0,0.0,0.0,0.0,275.0,735.0,34.9,380.0,1.0
470.0,32.0,565.0,67.5,145.0,50.0,600.0,74.0,650.0,45.0,45.0,28.6,36.5,23.35,23.35,13.0,15.0,ALUMINIUM,36.0,52.0,48.0,0.0,0.0,0.0,0.0,False,False,135.0,2.0,0.9,1.1,0.9,1.2,1.0,0.9,680.0,58.0,680.0,58.0,1.0,1,False,1.0,1.0,68.0,45.0,0.0,31.8,True,True,False,False,True,10.0,1,False,0.0,0.0,0,DISC,DISC,0.0,0.0,0.0,0.0,285.0,755.0,34.9,420.0,1.0
430.0,35.0,555.0,66.5,135.0,43.0,575.0,73.5,635.0,45.0,45.0,28.6,36.5,23.35,23.35,13.0,15.0,ALUMINIUM,33.0,48.0,46.0,0.0,0.0,0.0,0.0,False,False,135.0,2.0,0.9,1.1,0.9,1.2,1.0,0.9,680.0,54.0,680.0,54.0,1.0,2,False,1.0,1.0,68.0,45.0,0.0,31.8,True,True,False,False,True,12.0,2,False,0.0,0.0,0,DISC,DISC,0.0,0.0,0.0,0.0,278.0,740.0,34.9,390.0,1.0
455.0,38.0,580.0,67.0,142.0,46.0,590.0,74.5,645.0,45.0,45.0,28.6,36.5,23.35,23.35,13.0,15.0,ALUMINIUM,37.0,56.0,49.0,0.0,0.0,0.0,0.0,False,False,135.0,2.0,0.9,1.1,0.9,1.2,1.0,0.9,680.0,60.0,680.0,60.0,1.0,0,False,1.0,1.0,68.0,45.0,0.0,31.8,True,True,False,False,True,11.0,1,False,0.0,0.0,0,DISC,DISC,0.0,0.0,0.0,0.0,282.0,745.0,34.9,405.0,1.0
465.0,34.0,575.0,66.7,138.0,49.0,605.0,73.0,655.0,45.0,45.0,28.6,36.5,23.35,23.35,13.0,15.0,ALUMINIUM,34.0,54.0,47.0,0.0,0.0,0.0,0.0,False,False,135.0,2.0,0.9,1.1,0.9,1.2,1.0,0.9,680.0,55.0,680.0,55.0,1.0,1,False,1.0,1.0,68.0,45.0,0.0,31.8,True,True,False,False,True,12.0,2,False,0.0,0.0,0,DISC,DISC,0.0,0.0,0.0,0.0,290.0,750.0,34.9,395.0,1.0
420.0,33.0,570.0,68.0,148.0,44.0,585.0,72.5,642.0,45.0,45.0,28.6,36.5,23.35,23.35,13.0,15.0,ALUMINIUM,35.0,51.0,45.0,0.0,0.0,0.0,0.0,False,False,135.0,2.0,0.9,1.1,0.9,1.2,1.0,0.9,680.0,58.0,680.0,58.0,1.0,2,False,1.0,1.0,68.0,45.0,0.0,31.8,True,True,False,False,True,11.0,1,False,0.0,0.0,0,DISC,DISC,0.0,0.0,0.0,0.0,276.0,735.0,34.9,385.0,1.0
485.0,36.0,565.0,67.0,140.0,47.0,595.0,73.2,650.0,45.0,45.0,28.6,36.5,23.35,23.35,13.0,15.0,ALUMINIUM,36.0,53.0,48.0,0.0,0.0,0.0,0.0,False,False,135.0,2.0,0.9,1.1,0.9,1.2,1.0,0.9,680.0,57.0,680.0,57.0,1.0,1,False,1.0,1.0,68.0,45.0,0.0,31.8,True,True,False,False,True,10.0,1,False,0.0,0.0,0,DISC,DISC,0.0,0.0,0.0,0.0,288.0,755.0,34.9,415.0,1.0
445.0,31.0,555.0,66.8,132.0,43.0,580.0,72.8,630.0,45.0,45.0,28.6,36.5,23.35,23.35,13.0,15.0,ALUMINIUM,32.0,50.0,44.0,0.0,0.0,0.0,0.0,False,False,135.0,2.0,0.9,1.1,0.9,1.2,1.0,0.9,680.0,54.0,680.0,54.0,1.0,0,False,1.0,1.0,68.0,45.0,0.0,31.8,True,True,False,False,True,12.0,1,False,0.0,0.0,0,DISC,DISC,0.0,0.0,0.0,0.0,280.0,740.0,34.9,370.0,1.0
430.0,70.0,610.0,68.0,125.0,55.0,520.0,72.0,620.0,45.0,45.0,40.0,36.5,30.0,30.0,15.0,10.0,ALUMINIUM,32.0,40.0,50.0,330.0,350.0,16.0,18.0,False,False,135.0,2.0,1.0,1.1,1.0,1.2,1.0,1.1,680.0,50.0,680.0,50.0,1.0,1,False,1.0,1.0,68.0,45.0,0.0,31.8,True,True,False,False,True,12.0,1,True,0.0,0.0,0,DISC,DISC,0.0,0.0,0.0,0.0,280.0,300.0,35.0,350.0,1.0
445.0,65.0,595.0,69.0,115.0,60.0,500.0,73.0,635.0,48.0,45.0,42.0,36.5,30.0,32.0,17.0,12.0,ALUMINIUM,30.0,38.0,45.0,330.0,350.0,16.0,18.0,True,False,142.0,2.0,1.0,1.1,1.0,1.2,1.0,1.1,690.0,55.0,690.0,55.0,1.0,0,False,1.0,1.0,70.0,48.0,0.0,32.0,True,False,False,False,True,11.0,2,False,34.0,34.0,34,SPOKED,TRISPOKE,0.0,1.0,0.0,0.0,285.0,310.0,36.0,360.0,1.0
440.0,75.0,620.0,67.0,130.0,50.0,530.0,71.0,640.0,43.0,45.0,48.0,38.0,29.0,33.0,16.0,9.0,ALUMINIUM,35.0,42.0,48.0,330.0,350.0,14.0,17.0,False,True,140.0,2.5,1.2,1.0,1.2,1.1,1.0,1.2,685.0,50.0,685.0,50.0,1.0,2,False,1.0,1.0,67.0,47.0,0.0,32.0,True,True,False,False,True,10.0,1,True,255.0,255.0,255,DISC,DISC,0.0,0.0,0.0,0.0,290.0,320.0,37.0,340.0,1.0
435.0,60.0,580.0,70.0,120.0,58.0,515.0,74.0,625.0,47.0,45.0,45.0,36.5,28.0,31.0,14.0,11.0,ALUMINIUM,28.0,36.0,44.0,330.0,350.0,18.0,19.0,True,True,138.0,1.8,0.9,1.05,0.95,1.1,0.9,1.0,675.0,52.0,675.0,52.0,1.0,1,False,1.0,1.0,66.0,44.0,0.0,31.0,False,True,False,False,True,12.0,1,False,100.0,100.0,100,SPOKED,SPOKED,0.0,0.0,0.0,0.0,295.0,330.0,35.0,360.0,2.0
460.0,72.0,630.0,66.0,135.0,52.0,540.0,70.0,660.0,42.0,45.0,50.0,37.0,31.0,34.0,15.0,13.0,ALUMINIUM,38.0,45.0,52.0,330.0,350.0,15.0,16.0,False,False,145.0,2.2,1.1,1.15,1.05,1.25,1.05,1.15,700.0,48.0,700.0,48.0,1.0,0,False,1.0,1.0,69.0,49.0,0.0,33.0,True,True,True,False,True,8.0,3,True,0.0,0.0,0,DISC,TRISPOKE,0.0,1.0,0.0,0.0,300.0,350.0,38.0,380.0,0.0
420.0,68.0,600.0,71.0,110.0,57.0,510.0,73.0,630.0,50.0,45.0,46.0,36.5,29.5,32.5,17.0,10.0,ALUMINIUM,27.0,37.0,43.0,330.0,350.0,17.0,18.0,True,False,132.0,2.0,1.0,1.1,1.0,1.2,1.0,1.1,680.0,54.0,680.0,54.0,1.0,1,False,1.0,1.0,67.5,46.5,0.0,31.5,False,False,False,False,True,11.0,2,False,128.0,0.0,0,SPOKED,SPOKED,0.0,0.0,0.0,0.0,285.0,300.0,36.0,345.0,1.0
425.0,73.0,625.0,69.5,118.0,53.0,525.0,71.5,650.0,44.0,45.0,44.0,37.5,30.5,33.5,16.5,12.5,ALUMINIUM,29.0,39.0,47.0,330.0,350.0,16.5,17.5,False,True,137.0,1.9,0.95,1.05,1.0,1.15,1.02,1.1,690.0,53.0,690.0,53.0,1.0,0,False,1.0,1.0,68.5,47.5,0.0,32.5,True,False,False,False,True,12.0,1,True,50.0,50.0,50,DISC,DISC,0.0,0.0,0.0,0.0,295.0,315.0,37.5,365.0,1.0
455.0,66.0,605.0,68.5,122.0,56.0,515.0,72.5,645.0,46.0,45.0,47.0,36.8,29.8,31.8,14.5,11.5,ALUMINIUM,31.0,41.0,49.0,330.0,350.0,15.8,16.8,True,False,139.0,2.1,1.05,1.075,0.98,1.2,1.02,1.07,695.0,49.0,695.0,49.0,1.0,1,False,1.0,1.0,68.8,48.8,0.0,32.8,False,True,False,True,True,10.0,2,False,200.0,200.0,200,SPOKED,DISC,0.0,0.0,0.0,0.0,290.0,310.0,36.5,355.0,2.0
440.0,71.0,615.0,67.5,128.0,54.0,535.0,70.5,655.0,43.5,45.0,45.5,37.2,29.2,32.2,15.5,12.5,ALUMINIUM,34.0,42.0,51.0,330.0,350.0,16.2,17.2,False,True,141.0,1.95,1.02,1.08,0.99,1.18,1.04,1.08,688.0,52.0,688.0,52.0,1.0,2,False,1.0,1.0,69.2,49.2,0.0,33.2,True,True,True,False,True,9.0,1,True,75.0,75.0,75,DISC,TRISPOKE,0.0,1.0,0.0,0.0,300.0,340.0,38.5,370.0,0.0
430.0,69.0,605.0,70.0,119.0,57.0,520.0,72.0,640.0,45.5,45.0,46.5,36.9,30.9,33.9,17.2,11.2,ALUMINIUM,33.5,40.5,49.5,330.0,350.0,16.8,18.8,True,False,136.0,2.05,1.08,1.09,1.0,1.22,1.03,1.09,692.0,51.0,692.0,51.0,1.0,1,False,1.0,1.0,68.2,46.2,0.0,31.8,False,False,False,False,True,12.0,3,False,180.0,180.0,180,SPOKED,SPOKED,0.0,0.0,0.0,0.0,295.0,305.0,36.8,350.0,1.0
440.0,70.0,580.0,68.5,140.0,50.0,580.0,74.0,650.0,45.0,40.0,30.0,36.5,30.0,32.0,13.0,15.0,ALUMINIUM,30.0,45.0,50.0,330.0,350.0,16.0,18.0,True,True,142.0,2.0,0.9,1.1,0.9,1.2,1.0,0.9,680.0,52.0,680.0,52.0,1.0,1,False,1.0,1.0,68.0,45.0,0.0,31.8,False,True,False,False,True,12.0,1,False,0.0,0.0,0,SPOKED,SPOKED,1.0,1.0,80.0,80.0,278.0,762.0,34.9,300.0,1.0
450.0,75.0,590.0,69.0,160.0,55.0,600.0,73.5,660.0,50.0,45.0,32.0,36.5,30.0,34.0,13.0,15.0,ALUMINIUM,35.0,50.0,45.0,330.0,350.0,16.0,18.0,True,True,135.0,2.0,0.9,1.1,0.9,1.2,1.0,0.9,680.0,52.0,680.0,52.0,1.0,2,False,1.0,1.0,68.0,45.0,0.0,31.8,False,True,False,False,True,12.0,1,False,0.0,0.0,0,SPOKED,SPOKED,1.0,1.0,80.0,80.0,278.0,762.0,34.9,300.0,1.0
430.0,65.0,570.0,68.0,150.0,48.0,570.0,74.5,645.0,45.0,42.0,31.0,36.5,32.0,33.0,13.0,15.0,ALUMINIUM,32.0,48.0,48.0,330.0,350.0,16.0,18.0,True,True,142.0,2.0,0.9,1.1,0.9,1.2,1.0,0.9,680.0,52.0,680.0,52.0,1.0,0,False,1.0,1.0,68.0,45.0,0.0,31.8,False,True,False,False,True,12.0,1,False,0.0,0.0,0,SPOKED,SPOKED,1.0,1.0,80.0,80.0,278.0,762.0,34.9,300.0,1.0
420.0,70.0,565.0,69.5,130.0,52.0,590.0,73.0,640.0,45.0,40.0,30.0,36.5,30.0,32.0,13.0,15.0,ALUMINIUM,28.0,46.0,48.0,330.0,350.0,16.0,18.0,False,True,142.0,2.0,0.9,1.1,0.9,1.2,1.0,0.9,680.0,52.0,680.0,52.0,1.0,1,False,1.0,1.0,68.0,45.0,0.0,31.8,False,True,False,False,True,12.0,1,False,0.0,0.0,0,SPOKED,SPOKED,1.0,1.0,80.0,80.0,278.0,762.0,34.9,300.0,1.0
460.0,60.0,600.0,68.0,155.0,50.0,580.0,74.0,655.0,45.0,44.0,30.0,36.5,30.0,32.0,13.0,15.0,ALUMINIUM,40.0,55.0,52.0,330.0,350.0,16.0,18.0,False,False,142.0,2.0,0.9,1.1,0.9,1.2,1.0,0.9,680.0,52.0,680.0,52.0,1.0,2,False,1.0,1.0,68.0,45.0,0.0,31.8,False,True,False,False,True,12.0,1,False,0.0,0.0,0,SPOKED,SPOKED,1.0,1.0,80.0,80.0,278.0,762.0,34.9,300.0,1.0
440.0,68.0,580.0,69.0,145.0,49.0,575.0,74.0,650.0,45.0,40.0,30.0,36.5,30.0,32.0,13.0,15.0,ALUMINIUM,30.0,45.0,48.0,330.0,350.0,16.0,18.0,True,False,135.0,2.0,0.9,1.1,0.9,1.2,1.0,0.9,680.0,52.0,680.0,52.0,1.0,0,False,1.0,1.0,68.0,45.0,0.0,31.8,False,True,False,False,True,12.0,1,False,0.0,0.0,0,SPOKED,SPOKED,1.0,1.0,80.0,80.0,278.0,762.0,34.9,300.0,1.0
435.0,70.0,572.0,68.5,140.0,50.0,585.0,74.5,648.0,45.0,40.0,30.0,36.5,30.0,35.0,13.0,15.0,ALUMINIUM,34.0,50.0,47.0,330.0,350.0,16.0,18.0,True,True,142.0,2.0,0.9,1.1,0.9,1.2,1.0,0.9,680.0,52.0,680.0,52.0,1.0,1,False,1.0,1.0,68.0,45.0,0.0,31.8,False,True,False,False,True,12.0,1,False,0.0,0.0,0,SPOKED,SPOKED,1.0,1.0,80.0,80.0,278.0,762.0,34.9,300.0,1.0
445.0,66.0,590.0,69.5,160.0,50.0,580.0,73.0,655.0,45.0,43.0,30.0,36.5,30.0,30.0,13.0,15.0,ALUMINIUM,38.0,53.0,50.0,330.0,350.0,16.0,18.0,False,False,142.0,2.0,0.9,1.1,0.9,1.2,1.0,0.9,680.0,52.0,680.0,52.0,1.0,2,False,1.0,1.0,68.0,45.0,0.0,31.8,False,True,False,False,True,12.0,1,False,0.0,0.0,0,SPOKED,SPOKED,1.0,1.0,80.0,80.0,278.0,762.0,34.9,300.0,1.0
425.0,72.0,575.0,68.0,135.0,47.0,575.0,74.0,642.0,45.0,40.0,30.0,36.5,30.0,33.0,13.0,15.0,ALUMINIUM,30.0,48.0,48.0,330.0,350.0,16.0,18.0,True,True,135.0,2.0,0.9,1.1,0.9,1.2,1.0,0.9,680.0,52.0,680.0,52.0,1.0,1,False,1.0,1.0,68.0,45.0,0.0,31.8,False,True,False,False,True,12.0,1,False,0.0,0.0,0,SPOKED,SPOKED,1.0,1.0,80.0,80.0,278.0,762.0,34.9,300.0,1.0
455.0,68.0,598.0,69.0,150.0,53.0,590.0,73.5,650.0,45.0,42.0,30.0,36.5,30.0,32.0,13.0,15.0,ALUMINIUM,35.0,49.0,50.0,330.0,350.0,16.0,18.0,True,False,142.0,2.0,0.9,1.1,0.9,1.2,1.0,0.9,680.0,52.0,680.0,52.0,1.0,0,False,1.0,1.0,68.0,45.0,0.0,31.8,False,True,False,False,True,12.0,1,False,0.0,0.0,0,SPOKED,SPOKED,1.0,1.0,80.0,80.0,278.0,762.0,34.9,300.0,1.0
420.0,40.0,580.0,65.0,100.0,50.0,550.0,72.0,630.0,45.0,40.0,33.6,38.0,36.5,36.5,13.0,15.0,ALUMINIUM,25.0,45.0,60.0,0.0,0.0,0.0,0.0,False,False,142.0,2.0,0.9,1.1,0.9,1.2,1.0,0.9,650.0,66.0,650.0,66.0,1.0,1,False,1.0,1.0,68.0,44.0,0.0,34.7,False,True,False,False,True,11.0,1,False,0.0,0.0,0,SPOKED,SPOKED,0.0,0.0,0.0,0.0,300.0,760.0,34.9,720.0,1.0
425.0,40.0,590.0,66.0,110.0,50.0,560.0,73.0,640.0,45.0,40.0,33.6,38.0,36.5,36.5,13.0,15.0,ALUMINIUM,30.0,50.0,70.0,0.0,0.0,0.0,0.0,False,False,142.0,2.0,0.9,1.1,0.9,1.2,1.0,0.9,670.0,48.0,670.0,48.0,1.0,1,False,1.0,1.0,68.0,44.0,0.0,34.7,False,True,False,False,True,11.0,1,False,0.0,0.0,0,SPOKED,SPOKED,0.0,0.0,0.0,0.0,300.0,760.0,34.9,720.0,1.0
430.0,40.0,600.0,67.0,120.0,50.0,570.0,74.0,650.0,45.0,40.0,33.6,38.0,36.5,36.5,13.0,15.0,ALUMINIUM,35.0,55.0,85.0,0.0,0.0,0.0,0.0,False,False,142.0,2.0,0.9,1.1,0.9,1.2,1.0,0.9,700.0,78.0,700.0,78.0,1.0,1,False,1.0,1.0,68.0,44.0,0.0,34.7,False,True,False,False,True,11.0,1,False,0.0,0.0,0,SPOKED,SPOKED,0.0,0.0,0.0,0.0,300.0,760.0,34.9,720.0,1.0
435.0,40.0,610.0,68.0,130.0,50.0,580.0,75.0,660.0,45.0,40.0,33.6,38.0,36.5,36.5,13.0,15.0,ALUMINIUM,40.0,60.0,85.0,0.0,0.0,0.0,0.0,False,False,142.0,2.0,0.9,1.1,0.9,1.2,1.0,0.9,650.0,66.0,650.0,66.0,1.0,1,False,1.0,1.0,68.0,44.0,0.0,34.7,False,True,False,False,True,11.0,1,False,0.0,0.0,0,SPOKED,SPOKED,0.0,0.0,0.0,0.0,300.0,760.0,34.9,720.0,1.0
440.0,40.0,620.0,69.0,140.0,50.0,590.0,76.0,670.0,45.0,40.0,33.6,38.0,36.5,36.5,13.0,15.0,ALUMINIUM,45.0,65.0,90.0,0.0,0.0,0.0,0.0,False,False,142.0,2.0,0.9,1.1,0.9,1.2,1.0,0.9,670.0,48.0,670.0,48.0,1.0,1,False,1.0,1.0,68.0,44.0,0.0,34.7,False,True,False,False,True,11.0,1,False,0.0,0.0,0,SPOKED,SPOKED,0.0,0.0,0.0,0.0,300.0,760.0,34.9,720.0,1.0
445.0,40.0,630.0,65.5,150.0,50.0,600.0,72.5,680.0,45.0,40.0,33.6,38.0,36.5,36.5,13.0,15.0,ALUMINIUM,50.0,70.0,95.0,0.0,0.0,0.0,0.0,False,False,142.0,2.0,0.9,1.1,0.9,1.2,1.0,0.9,700.0,78.0,700.0,78.0,1.0,1,False,1.0,1.0,68.0,44.0,0.0,34.7,False,True,False,False,True,11.0,1,False,0.0,0.0,0,SPOKED,SPOKED,0.0,0.0,0.0,0.0,300.0,760.0,34.9,720.0,1.0
450.0,40.0,640.0,66.5,160.0,50.0,610.0,73.5,690.0,45.0,40.0,33.6,38.0,36.5,36.5,13.0,15.0,ALUMINIUM,55.0,75.0,105.0,0.0,0.0,0.0,0.0,False,False,142.0,2.0,0.9,1.1,0.9,1.2,1.0,0.9,650.0,66.0,650.0,66.0,1.0,1,False,1.0,1.0,68.0,44.0,0.0,34.7,False,True,False,False,True,11.0,1,False,0.0,0.0,0,SPOKED,SPOKED,0.0,0.0,0.0,0.0,300.0,760.0,34.9,720.0,1.0
455.0,40.0,650.0,67.5,170.0,50.0,620.0,74.5,700.0,45.0,40.0,33.6,38.0,36.5,36.5,13.0,15.0,ALUMINIUM,60.0,80.0,110.0,0.0,0.0,0.0,0.0,False,False,142.0,2.0,0.9,1.1,0.9,1.2,1.0,0.9,670.0,48.0,670.0,48.0,1.0,1,False,1.0,1.0,68.0,44.0,0.0,34.7,False,True,False,False,True,11.0,1,False,0.0,0.0,0,SPOKED,SPOKED,0.0,0.0,0.0,0.0,300.0,760.0,34.9,720.0,1.0
460.0,40.0,660.0,68.5,180.0,50.0,630.0,75.5,710.0,45.0,40.0,33.6,38.0,36.5,36.5,13.0,15.0,ALUMINIUM,65.0,85.0,115.0,0.0,0.0,0.0,0.0,False,False,142.0,2.0,0.9,1.1,0.9,1.2,1.0,0.9,700.0,78.0,700.0,78.0,1.0,1,False,1.0,1.0,68.0,44.0,0.0,34.7,False,True,False,False,True,11.0,1,False,0.0,0.0,0,SPOKED,SPOKED,0.0,0.0,0.0,0.0,300.0,760.0,34.9,720.0,1.0
465.0,40.0,670.0,69.5,190.0,50.0,640.0,76.5,720.0,45.0,40.0,33.6,38.0,36.5,36.5,13.0,15.0,ALUMINIUM,70.0,90.0,120.0,0.0,0.0,0.0,0.0,False,False,142.0,2.0,0.9,1.1,0.9,1.2,1.0,0.9,650.0,66.0,650.0,66.0,1.0,1,False,1.0,1.0,68.0,44.0,0.0,34.7,False,True,False,False,True,11.0,1,False,0.0,0.0,0,SPOKED,SPOKED,0.0,0.0,0.0,0.0,300.0,760.0,34.9,720.0,1.0
412.0,70.0,560.0,67.0,110.0,45.0,500.0,75.0,650.0,45.0,45.0,28.6,36.5,36.5,30.0,12.0,15.0,ALUMINIUM,30.0,50.0,44.0,330.0,350.0,16.0,18.0,False,False,135.0,2.0,0.9,1.1,0.9,1.2,1.0,0.9,700.0,78.0,700.0,78.0,1.0,2,False,1.0,1.0,68.0,45.0,0.0,31.8,False,True,False,False,True,11.0,1,False,0.0,0.0,0,SPOKED,SPOKED,0.0,0.0,80.0,80.0,280.0,715.0,34.9,600.0,1.0
415.0,75.0,570.0,66.0,115.0,48.0,510.0,74.0,660.0,50.0,45.0,28.6,36.5,36.5,30.0,13.0,15.0,ALUMINIUM,32.0,52.0,46.0,330.0,350.0,16.0,18.0,False,False,135.0,2.0,0.9,1.1,0.9,1.2,1.0,0.9,700.0,78.0,700.0,78.0,1.0,2,False,1.0,1.0,68.0,45.0,0.0,31.8,False,True,False,False,True,11.0,1,False,0.0,0.0,0,SPOKED,SPOKED,0.0,0.0,80.0,80.0,280.0,720.0,34.9,620.0,1.0
420.0,70.0,560.0,67.0,110.0,45.0,500.0,75.0,650.0,45.0,45.0,29.0,36.5,36.5,30.0,15.0,15.0,ALUMINIUM,30.0,50.0,44.0,335.0,345.0,16.0,18.0,False,False,135.0,2.0,0.9,1.1,0.9,1.2,1.0,0.9,700.0,78.0,700.0,78.0,1.0,0,False,1.0,1.0,70.0,45.0,0.0,31.8,False,True,False,False,True,12.0,1,False,0.0,0.0,0,SPOKED,SPOKED,0.0,0.0,80.0,80.0,290.0,710.0,34.9,600.0,1.0
435.0,65.0,550.0,65.0,105.0,50.0,520.0,73.0,655.0,50.0,45.0,28.0,36.5,36.5,30.0,12.0,15.0,ALUMINIUM,28.0,48.0,42.0,330.0,350.0,16.0,18.0,False,False,135.0,2.0,0.9,1.1,0.9,1.2,1.0,0.9,700.0,78.0,700.0,78.0,1.0,1,False,1.0,1.0,68.0,45.0,0.0,31.8,False,True,False,False,True,10.0,1,False,0.0,0.0,0,SPOKED,SPOKED,0.0,0.0,80.0,80.0,275.0,705.0,34.9,610.0,1.0
410.0,72.0,575.0,68.0,120.0,47.0,495.0,74.5,670.0,48.0,45.0,28.6,36.5,36.5,30.0,14.0,15.0,ALUMINIUM,35.0,55.0,50.0,340.0,360.0,16.0,18.0,False,False,135.0,2.0,0.9,1.1,0.9,1.2,1.0,0.9,700.0,78.0,700.0,78.0,1.0,2,False,1.0,1.0,72.0,45.0,0.0,31.8,False,True,False,False,True,11.0,2,False,0.0,0.0,0,SPOKED,SPOKED,0.0,0.0,80.0,80.0,285.0,725.0,34.9,630.0,1.0
425.0,68.0,565.0,67.5,112.0,46.0,505.0,74.0,660.0,46.0,45.0,29.0,36.5,36.5,30.0,13.0,15.0,ALUMINIUM,31.0,51.0,45.0,330.0,350.0,16.0,18.0,False,False,135.0,2.0,0.9,1.1,0.9,1.2,1.0,0.9,700.0,78.0,700.0,78.0,1.0,0,False,1.0,1.0,68.0,45.0,0.0,31.8,False,True,False,False,True,12.0,1,False,0.0,0.0,0,SPOKED,SPOKED,0.0,0.0,80.0,80.0,280.0,715.0,34.9,620.0,1.0
418.0,69.0,558.0,66.5,108.0,45.0,498.0,75.0,652.0,45.0,45.0,28.6,36.5,36.5,30.0,14.0,15.0,ALUMINIUM,29.0,49.0,43.0,335.0,355.0,16.0,18.0,False,False,135.0,2.0,0.9,1.1,0.9,1.2,1.0,0.9,700.0,78.0,700.0,78.0,1.0,1,False,1.0,1.0,68.0,45.0,0.0,31.8,False,True,False,False,True,11.0,1,False,0.0,0.0,0,SPOKED,SPOKED,0.0,0.0,80.0,80.0,285.0,712.0,34.9,615.0,1.0
429.0,70.0,572.0,68.0,118.0,50.0,530.0,73.5,665.0,50.0,45.0,29.0,36.5,36.5,30.0,13.0,15.0,ALUMINIUM,32.0,53.0,48.0,340.0,360.0,16.0,18.0,False,False,135.0,2.0,0.9,1.1,0.9,1.2,1.0,0.9,700.0,78.0,700.0,78.0,1.0,0,False,1.0,1.0,70.0,45.0,0.0,31.8,False,True,False,False,True,10.0,2,False,0.0,0.0,0,SPOKED,SPOKED,0.0,0.0,80.0,80.0,290.0,730.0,34.9,640.0,1.0
422.0,72.0,562.0,65.5,107.0,47.0,515.0,74.8,658.0,47.0,45.0,28.6,36.5,36.5,30.0,13.0,15.0,ALUMINIUM,30.0,52.0,46.0,335.0,355.0,16.0,18.0,False,False,135.0,2.0,0.9,1.1,0.9,1.2,1.0,0.9,700.0,78.0,700.0,78.0,1.0,2,False,1.0,1.0,68.0,45.0,0.0,31.8,False,True,False,False,True,11.0,1,False,0.0,0.0,0,SPOKED,SPOKED,0.0,0.0,80.0,80.0,275.0,718.0,34.9,605.0,1.0
405.0,68.0,568.0,67.0,113.0,46.0,505.0,74.0,663.0,46.0,45.0,28.6,36.5,36.5,30.0,14.0,15.0,ALUMINIUM,31.0,50.0,44.0,330.0,350.0,16.0,18.0,False,False,135.0,2.0,0.9,1.1,0.9,1.2,1.0,0.9,700.0,78.0,700.0,78.0,1.0,1,False,1.0,1.0,68.0,45.0,0.0,31.8,False,True,False,False,True,12.0,1,False,0.0,0.0,0,SPOKED,SPOKED,0.0,0.0,80.0,80.0,280.0,715.0,34.9,600.0,1.0
420.0,70.0,610.0,73.0,160.0,45.0,600.0,75.0,650.0,45.0,45.0,28.6,36.5,23.35,23.35,13.0,9.0,ALUMINIUM,30.0,50.0,40.0,330.0,350.0,16.0,18.0,False,False,135.0,2.0,0.9,1.1,0.9,1.2,1.0,0.9,674.0,52.0,674.0,52.0,1.0,1,False,1.0,1.0,68.0,45.0,0.0,31.8,False,False,False,False,True,12.0,1,False,0.0,0.0,0,SPOKED,SPOKED,1.0,1.0,80.0,80.0,300.0,750.0,36.5,320.0,1.0
430.0,65.0,620.0,74.0,170.0,45.0,580.0,74.0,630.0,50.0,45.0,28.6,36.5,23.35,23.35,13.0,9.0,ALUMINIUM,35.0,55.0,42.0,330.0,350.0,16.0,18.0,False,False,135.0,2.0,0.9,1.1,0.9,1.2,1.0,0.9,680.0,52.0,680.0,52.0,1.0,2,False,1.0,2.0,68.0,45.0,0.0,31.8,False,False,False,False,True,11.0,2,False,0.0,0.0,0,SPOKED,SPOKED,1.0,1.0,80.0,80.0,290.0,760.0,36.5,330.0,1.0
415.0,70.0,605.0,73.5,155.0,50.0,610.0,75.0,640.0,45.0,45.0,28.6,36.5,23.35,23.35,13.0,9.0,ALUMINIUM,32.0,52.0,38.0,330.0,350.0,16.0,18.0,True,True,135.0,2.0,0.9,1.1,0.9,1.2,1.0,0.9,676.0,52.0,676.0,52.0,1.0,0,False,1.0,3.0,68.0,45.0,0.0,31.8,False,False,False,False,True,10.0,1,False,0.0,0.0,0,SPOKED,SPOKED,1.0,1.0,80.0,80.0,295.0,740.0,36.5,310.0,2.0
425.0,75.0,620.0,72.5,165.0,45.0,605.0,74.0,635.0,50.0,45.0,28.6,36.5,23.35,23.35,13.0,9.0,ALUMINIUM,33.0,53.0,39.0,330.0,350.0,16.0,18.0,False,False,135.0,2.0,0.9,1.1,0.9,1.2,1.0,0.9,672.0,52.0,672.0,52.0,1.0,1,False,1.0,1.0,68.0,45.0,0.0,31.8,False,False,False,False,True,11.0,2,False,0.0,0.0,0,DISC,SPOKED,1.0,1.0,80.0,80.0,300.0,730.0,36.5,320.0,1.0
405.0,68.0,600.0,74.5,150.0,50.0,620.0,76.0,655.0,45.0,45.0,28.6,36.5,23.35,23.35,13.0,9.0,ALUMINIUM,31.0,54.0,41.0,330.0,350.0,16.0,18.0,False,False,135.0,2.0,0.9,1.1,0.9,1.2,1.0,0.9,680.0,52.0,680.0,52.0,1.0,1,False,1.0,1.0,68.0,45.0,0.0,31.8,False,False,False,False,True,10.0,1,False,0.0,0.0,0,SPOKED,SPOKED,1.0,1.0,80.0,80.0,285.0,750.0,36.5,340.0,1.0
435.0,70.0,630.0,72.0,175.0,45.0,630.0,74.0,670.0,50.0,45.0,28.6,36.5,23.35,23.35,13.0,9.0,ALUMINIUM,37.0,57.0,43.0,330.0,350.0,16.0,18.0,True,False,135.0,2.0,0.9,1.1,0.9,1.2,1.0,0.9,674.0,52.0,674.0,52.0,1.0,1,False,1.0,1.0,68.0,45.0,0.0,31.8,False,False,False,False,True,12.0,2,False,0.0,0.0,0,SPOKED,SPOKED,1.0,1.0,80.0,80.0,300.0,720.0,36.5,310.0,1.0
400.0,72.0,615.0,73.5,160.0,45.0,600.0,75.5,645.0,47.0,45.0,28.6,36.5,23.35,23.35,13.0,9.0,ALUMINIUM,34.0,54.0,40.0,330.0,350.0,16.0,18.0,False,False,135.0,2.0,0.9,1.1,0.9,1.2,1.0,0.9,678.0,52.0,678.0,52.0,1.0,2,False,1.0,1.0,68.0,45.0,0.0,31.8,False,False,False,False,True,11.0,2,False,0.0,0.0,0,DISC,DISC,1.0,1.0,80.0,80.0,290.0,760.0,36.5,330.0,1.0
425.0,69.0,605.0,74.0,155.0,48.0,615.0,76.0,660.0,45.0,45.0,28.6,36.5,23.35,23.35,13.0,9.0,ALUMINIUM,32.0,53.0,39.0,330.0,350.0,16.0,18.0,False,False,135.0,2.0,0.9,1.1,0.9,1.2,1.0,0.9,670.0,52.0,670.0,52.0,1.0,1,False,1.0,1.0,68.0,45.0,0.0,31.8,False,True,False,False,True,10.0,1,False,0.0,0.0,0,SPOKED,SPOKED,1.0,1.0,80.0,80.0,295.0,745.0,36.5,340.0,1.0
420.0,70.0,625.0,72.0,170.0,45.0,620.0,74.0,650.0,50.0,45.0,28.6,36.5,23.35,23.35,13.0,9.0,ALUMINIUM,36.0,56.0,42.0,330.0,350.0,16.0,18.0,False,False,135.0,2.0,0.9,1.1,0.9,1.2,1.0,0.9,672.0,52.0,672.0,52.0,1.0,0,False,1.0,3.0,68.0,45.0,0.0,31.8,False,False,False,False,True,12.0,3,False,0.0,0.0,0,SPOKED,TRISPOKE,1.0,1.0,80.0,80.0,300.0,730.0,36.5,315.0,1.0
410.0,68.0,610.0,74.0,160.0,50.0,605.0,75.0,645.0,45.0,45.0,28.6,36.5,23.35,23.35,13.0,9.0,ALUMINIUM,33.0,54.0,40.0,330.0,350.0,16.0,18.0,False,False,135.0,2.0,0.9,1.1,0.9,1.2,1.0,0.9,676.0,52.0,676.0,52.0,1.0,2,False,1.0,1.0,68.0,45.0,0.0,31.8,False,True,True,False,True,11.0,2,True,0.0,0.0,0,SPOKED,SPOKED,1.0,1.0,80.0,80.0,290.0,725.0,36.5,330.0,1.0
430.0,68.0,580.0,67.0,140.0,50.0,550.0,74.0,650.0,45.0,45.0,28.6,36.5,23.35,23.35,13.0,15.0,ALUMINIUM,30.0,50.0,50.0,330.0,350.0,16.0,18.0,False,False,135.0,2.0,2.0,2.0,2.0,2.0,2.0,2.0,650.0,50.0,650.0,50.0,1.0,1,False,1.0,1.0,68.0,44.0,0.0,31.8,True,False,False,False,True,12.0,1,False,0.0,0.0,0,DISC,DISC,0.0,0.0,0.0,0.0,280.0,700.0,34.9,300.0,1.0
440.0,70.0,590.0,68.0,145.0,52.0,560.0,73.5,655.0,45.0,45.0,30.0,36.5,23.35,23.35,13.0,15.0,ALUMINIUM,32.0,52.0,48.0,330.0,350.0,14.0,18.0,True,False,135.0,2.0,2.0,2.0,2.0,2.0,2.0,2.0,650.0,50.0,650.0,50.0,1.0,1,False,1.0,1.0,68.0,45.0,0.0,31.8,True,True,False,False,True,12.0,2,False,0.0,0.0,0,DISC,DISC,0.0,0.0,0.0,0.0,280.0,710.0,34.9,300.0,1.0
450.0,72.0,600.0,69.0,150.0,55.0,570.0,74.5,660.0,45.0,45.0,32.0,36.5,23.35,23.35,13.0,15.0,ALUMINIUM,35.0,55.0,45.0,330.0,350.0,16.0,18.0,True,True,135.0,2.0,2.0,2.0,2.0,2.0,2.0,2.0,650.0,50.0,650.0,50.0,1.0,1,False,1.0,1.0,68.0,46.0,0.0,31.8,False,True,False,False,True,11.0,1,False,0.0,0.0,0,DISC,DISC,0.0,0.0,0.0,0.0,285.0,720.0,34.9,300.0,1.0
460.0,68.0,610.0,70.0,155.0,50.0,580.0,73.0,665.0,45.0,45.0,28.6,38.0,23.35,23.35,13.0,15.0,ALUMINIUM,33.0,53.0,52.0,330.0,350.0,16.0,18.0,False,True,135.0,2.0,2.0,2.0,2.0,2.0,2.0,2.0,650.0,48.0,650.0,48.0,1.0,1,False,1.0,1.0,68.0,44.0,0.0,31.8,True,False,False,False,True,12.0,2,False,0.0,0.0,0,DISC,DISC,0.0,0.0,0.0,0.0,275.0,730.0,34.9,300.0,1.0
470.0,66.0,620.0,71.0,160.0,48.0,590.0,72.5,670.0,45.0,45.0,30.0,36.5,23.35,23.35,13.0,15.0,ALUMINIUM,36.0,56.0,44.0,330.0,350.0,14.0,18.0,True,True,135.0,2.0,2.0,2.0,2.0,2.0,2.0,2.0,650.0,52.0,650.0,52.0,1.0,2,False,1.0,1.0,68.0,45.0,0.0,31.8,False,True,False,False,True,10.0,1,False,0.0,0.0,0,DISC,DISC,0.0,0.0,0.0,0.0,290.0,740.0,34.9,300.0,1.0
480.0,68.0,575.0,67.5,135.0,54.0,555.0,74.0,648.0,45.0,45.0,28.6,36.5,23.35,23.35,13.0,15.0,ALUMINIUM,31.0,51.0,49.0,330.0,350.0,16.0,18.0,False,False,135.0,2.0,2.0,2.0,2.0,2.0,2.0,2.0,650.0,50.0,650.0,50.0,1.0,1,False,1.0,1.0,68.0,44.0,0.0,31.8,True,False,False,False,True,12.0,2,False,0.0,0.0,0,DISC,DISC,0.0,0.0,0.0,0.0,280.0,730.0,34.9,300.0,1.0
490.0,69.0,585.0,66.5,142.0,53.0,565.0,74.0,652.0,45.0,45.0,29.0,36.5,23.35,23.35,13.0,15.0,ALUMINIUM,32.5,54.0,47.0,330.0,350.0,14.0,18.0,True,False,135.0,2.0,2.0,2.0,2.0,2.0,2.0,2.0,650.0,50.0,650.0,50.0,1.0,1,False,1.0,1.0,68.0,43.0,0.0,31.8,True,False,False,False,True,12.0,1,False,0.0,0.0,0,DISC,DISC,0.0,0.0,0.0,0.0,282.0,725.0,34.9,300.0,1.0
500.0,70.0,595.0,68.5,148.0,56.0,575.0,73.5,658.0,45.0,45.0,31.0,36.5,23.35,23.35,13.0,15.0,ALUMINIUM,34.0,56.0,46.0,330.0,350.0,16.0,18.0,False,True,135.0,2.0,2.0,2.0,2.0,2.0,2.0,2.0,650.0,50.0,650.0,50.0,1.0,1,False,1.0,1.0,68.0,44.0,0.0,31.8,False,True,False,False,True,11.0,1,False,0.0,0.0,0,DISC,DISC,0.0,0.0,0.0,0.0,285.0,715.0,34.9,300.0,1.0
510.0,65.0,605.0,69.5,152.0,51.0,585.0,73.0,662.0,45.0,45.0,28.6,36.5,23.35,23.35,13.0,15.0,ALUMINIUM,33.0,53.0,49.0,330.0,350.0,16.0,18.0,False,False,135.0,2.0,2.0,2.0,2.0,2.0,2.0,2.0,650.0,50.0,650.0,50.0,1.0,1,False,1.0,1.0,68.0,44.0,0.0,31.8,True,True,False,False,True,12.0,2,True,0.0,0.0,0,DISC,DISC,0.0,0.0,0.0,0.0,288.0,735.0,34.9,300.0,1.0
520.0,67.0,615.0,70.5,158.0,49.0,595.0,72.8,668.0,45.0,45.0,29.5,36.5,23.35,23.35,13.0,15.0,ALUMINIUM,37.0,57.0,43.0,330.0,350.0,14.0,18.0,True,True,135.0,2.0,2.0,2.0,2.0,2.0,2.0,2.0,650.0,50.0,650.0,50.0,1.0,1,False,1.0,1.0,68.0,45.0,0.0,31.8,False,False,False,False,True,12.0,1,False,0.0,0.0,0,DISC,DISC,0.0,0.0,0.0,0.0,282.0,745.0,34.9,300.0,1.0
420.0,65.0,605.0,73.0,120.0,45.0,600.0,73.0,655.0,45.0,40.0,33.6,36.5,28.0,20.0,13.0,15.0,ALUMINIUM,33.0,33.0,49.0,330.0,350.0,16.0,18.0,False,False,135.0,2.0,0.9,1.1,0.9,1.2,1.0,0.9,740.0,52.0,740.0,52.0,1.0,1,False,1.0,1.0,40.0,45.0,0.0,34.9,False,True,False,False,True,12.0,1,False,0.0,0.0,0,SPOKED,SPOKED,0.0,0.0,0.0,0.0,280.0,740.0,36.5,300.0,1.0
425.0,68.0,615.0,74.0,130.0,45.0,600.0,74.0,665.0,48.0,40.0,33.6,36.5,28.0,20.0,13.0,15.0,ALUMINIUM,33.0,33.0,49.0,330.0,350.0,16.0,18.0,False,False,135.0,2.0,0.9,1.1,0.9,1.2,1.0,0.9,740.0,52.0,740.0,52.0,1.0,1,False,1.0,1.0,40.0,45.0,0.0,34.9,False,True,False,False,True,12.0,1,False,0.0,0.0,0,SPOKED,SPOKED,0.0,0.0,0.0,0.0,280.0,740.0,36.5,300.0,1.0
415.0,62.0,600.0,72.5,115.0,45.0,600.0,72.5,650.0,42.0,40.0,33.6,36.5,28.0,20.0,13.0,15.0,ALUMINIUM,33.0,33.0,49.0,330.0,350.0,16.0,18.0,False,False,135.0,2.0,0.9,1.1,0.9,1.2,1.0,0.9,740.0,52.0,740.0,52.0,1.0,1,False,1.0,1.0,40.0,45.0,0.0,34.9,False,True,False,False,True,12.0,1,False,0.0,0.0,0,SPOKED,SPOKED,0.0,0.0,0.0,0.0,280.0,740.0,36.5,300.0,1.0
430.0,70.0,620.0,75.0,140.0,45.0,600.0,75.0,670.0,50.0,40.0,33.6,36.5,28.0,20.0,13.0,15.0,ALUMINIUM,33.0,33.0,49.0,330.0,350.0,16.0,18.0,False,False,135.0,2.0,0.9,1.1,0.9,1.2,1.0,0.9,740.0,52.0,740.0,52.0,1.0,1,False,1.0,1.0,40.0,45.0,0.0,34.9,False,True,False,False,True,12.0,1,False,0.0,0.0,0,SPOKED,SPOKED,0.0,0.0,0.0,0.0,280.0,740.0,36.5,300.0,1.0
410.0,60.0,598.0,73.5,110.0,45.0,600.0,73.5,645.0,40.0,40.0,33.6,36.5,28.0,20.0,13.0,15.0,ALUMINIUM,33.0,33.0,49.0,330.0,350.0,16.0,18.0,False,False,135.0,2.0,0.9,1.1,0.9,1.2,1.0,0.9,740.0,52.0,740.0,52.0,1.0,1,False,1.0,1.0,40.0,45.0,0.0,34.9,False,True,False,False,True,12.0,1,False,0.0,0.0,0,SPOKED,SPOKED,0.0,0.0,0.0,0.0,280.0,740.0,36.5,300.0,1.0
422.0,66.0,610.0,74.5,125.0,45.0,600.0,74.5,660.0,47.0,40.0,33.6,36.5,28.0,20.0,13.0,15.0,ALUMINIUM,33.0,33.0,49.0,330.0,350.0,16.0,18.0,False,False,135.0,2.0,0.9,1.1,0.9,1.2,1.0,0.9,740.0,52.0,740.0,52.0,1.0,1,False,1.0,1.0,40.0,45.0,0.0,34.9,False,True,False,False,True,12.0,1,False,0.0,0.0,0,SPOKED,SPOKED,0.0,0.0,0.0,0.0,280.0,740.0,36.5,300.0,1.0
428.0,64.0,608.0,73.0,135.0,45.0,600.0,73.0,668.0,46.0,40.0,33.6,36.5,28.0,20.0,13.0,15.0,ALUMINIUM,33.0,33.0,49.0,330.0,350.0,16.0,18.0,False,False,135.0,2.0,0.9,1.1,0.9,1.2,1.0,0.9,740.0,52.0,740.0,52.0,1.0,1,False,1.0,1.0,40.0,45.0,0.0,34.9,False,True,False,False,True,12.0,1,False,0.0,0.0,0,SPOKED,SPOKED,0.0,0.0,0.0,0.0,280.0,740.0,36.5,300.0,1.0
418.0,69.0,618.0,72.0,118.0,45.0,600.0,72.0,652.0,44.0,40.0,33.6,36.5,28.0,20.0,13.0,15.0,ALUMINIUM,33.0,33.0,49.0,330.0,350.0,16.0,18.0,False,False,135.0,2.0,0.9,1.1,0.9,1.2,1.0,0.9,740.0,52.0,740.0,52.0,1.0,1,False,1.0,1.0,40.0,45.0,0.0,34.9,False,True,False,False,True,12.0,1,False,0.0,0.0,0,SPOKED,SPOKED,0.0,0.0,0.0,0.0,280.0,740.0,36.5,300.0,1.0
435.0,61.0,602.0,74.0,132.0,45.0,600.0,74.0,672.0,49.0,40.0,33.6,36.5,28.0,20.0,13.0,15.0,ALUMINIUM,33.0,33.0,49.0,330.0,350.0,16.0,18.0,False,False,135.0,2.0,0.9,1.1,0.9,1.2,1.0,0.9,740.0,52.0,740.0,52.0,1.0,1,False,1.0,1.0,40.0,45.0,0.0,34.9,False,True,False,False,True,12.0,1,False,0.0,0.0,0,SPOKED,SPOKED,0.0,0.0,0.0,0.0,280.0,740.0,36.5,300.0,1.0
412.0,63.0,612.0,75.0,122.0,45.0,600.0,75.0,658.0,43.0,40.0,33.6,36.5,28.0,20.0,13.0,15.0,ALUMINIUM,33.0,33.0,49.0,330.0,350.0,16.0,18.0,False,False,135.0,2.0,0.9,1.1,0.9,1.2,1.0,0.9,740.0,52.0,740.0,52.0,1.0,1,False,1.0,1.0,40.0,45.0,0.0,34.9,False,True,False,False,True,12.0,1,False,0.0,0.0,0,SPOKED,SPOKED,0.0,0.0,0.0,0.0,280.0,740.0,36.5,300.0,1.0
430.0,70.0,580.0,73.0,160.0,45.0,560.0,73.0,650.0,50.0,45.0,38.0,34.0,36.0,33.0,14.0,15.0,ALUMINIUM,35.0,50.0,45.0,330.0,350.0,16.0,18.0,False,False,135.0,2.0,1.0,1.2,1.1,0.9,0.9,1.0,680.0,50.0,680.0,50.0,1.0,1,False,1.0,1.0,68.0,45.0,0.0,31.8,False,False,False,False,True,10.0,1,False,10.0,10.0,10,SPOKED,SPOKED,0.0,0.0,0.0,0.0,300.0,770.0,34.9,400.0,1.0
420.0,65.0,590.0,72.0,150.0,40.0,550.0,74.0,660.0,55.0,45.0,36.0,35.0,35.0,30.0,13.5,15.0,ALUMINIUM,30.0,55.0,40.0,330.0,350.0,16.0,18.0,False,False,135.0,2.0,1.1,1.2,1.1,0.95,0.9,1.05,690.0,55.0,690.0,55.0,1.0,2,False,1.0,1.0,68.0,50.0,0.0,34.0,True,True,True,True,True,11.0,2,True,0.0,0.0,0,DISC,SPOKED,0.0,0.0,0.0,0.0,280.0,760.0,36.0,420.0,1.0
440.0,75.0,600.0,71.0,170.0,50.0,570.0,72.0,640.0,50.0,45.0,37.0,34.5,36.0,32.0,14.0,15.0,ALUMINIUM,37.0,52.0,42.0,330.0,350.0,16.0,18.0,False,False,135.0,2.1,1.0,1.2,1.1,0.9,0.9,1.0,680.0,52.0,680.0,52.0,1.0,1,False,1.0,1.0,70.0,50.0,0.0,33.0,False,True,False,False,True,12.0,1,False,5.0,5.0,5,SPOKED,SPOKED,0.0,0.0,0.0,0.0,290.0,780.0,35.0,410.0,1.0
455.0,68.0,620.0,73.5,165.0,48.0,580.0,73.0,645.0,50.0,50.0,38.0,36.0,37.0,34.0,15.0,16.0,ALUMINIUM,36.0,54.0,43.0,330.0,350.0,16.0,18.0,False,False,135.0,2.0,1.05,1.2,1.15,0.9,0.9,1.03,700.0,55.0,700.0,55.0,1.0,2,False,1.0,1.0,68.0,46.0,0.0,32.0,True,True,True,False,True,9.0,2,False,15.0,15.0,15,SPOKED,SPOKED,0.0,0.0,0.0,0.0,300.0,775.0,35.0,430.0,1.0
415.0,72.0,570.0,70.5,155.0,44.0,550.0,74.5,660.0,52.0,45.0,39.0,33.0,36.0,31.0,13.0,14.0,ALUMINIUM,34.0,50.0,40.0,330.0,350.0,16.0,18.0,False,False,135.0,1.9,1.1,1.2,1.1,0.9,0.85,1.02,690.0,60.0,690.0,60.0,1.0,1,False,1.0,1.0,68.0,48.0,0.0,34.0,False,True,True,True,True,10.0,3,True,0.0,0.0,0,SPOKED,DISC,0.0,0.0,0.0,0.0,285.0,765.0,34.9,405.0,1.0
425.0,69.0,565.0,72.5,158.0,46.0,565.0,73.5,658.0,53.0,45.0,36.0,34.0,36.0,32.0,14.0,15.0,ALUMINIUM,35.0,53.0,41.0,330.0,350.0,16.0,18.0,False,False,135.0,2.05,1.2,1.2,1.15,0.9,0.9,1.05,680.0,58.0,680.0,58.0,1.0,2,False,1.0,1.0,70.0,47.0,0.0,33.5,True,False,False,True,True,11.0,1,False,20.0,20.0,20,DISC,DISC,0.0,0.0,0.0,0.0,295.0,770.0,35.0,415.0,1.0
435.0,71.0,605.0,72.0,162.0,49.0,575.0,72.5,650.0,54.0,45.0,37.0,35.0,37.0,33.5,14.5,15.0,ALUMINIUM,36.0,51.0,44.0,330.0,350.0,16.0,18.0,False,False,135.0,2.0,1.15,1.2,1.05,0.9,0.9,1.05,700.0,65.0,700.0,65.0,1.0,1,False,1.0,1.0,68.0,46.0,0.0,32.0,False,True,False,False,True,9.0,2,True,15.0,15.0,15,SPOKED,SPOKED,0.0,0.0,0.0,0.0,280.0,778.0,36.0,430.0,1.0
418.0,66.0,590.0,73.5,152.0,45.0,560.0,74.0,655.0,50.0,45.0,38.0,34.0,36.0,32.0,13.5,15.0,ALUMINIUM,34.0,52.0,42.0,330.0,350.0,16.0,18.0,False,False,135.0,1.9,1.1,1.2,1.1,0.9,0.9,1.0,690.0,60.0,690.0,60.0,1.0,2,False,1.0,1.0,68.0,48.0,0.0,34.0,True,False,True,False,True,12.0,1,False,0.0,0.0,0,SPOKED,DISC,0.0,0.0,0.0,0.0,285.0,762.0,35.0,410.0,1.0
450.0,74.0,615.0,71.0,168.0,50.0,585.0,72.0,640.0,53.0,45.0,37.0,35.0,36.0,33.0,15.0,15.0,ALUMINIUM,38.0,55.0,44.0,330.0,350.0,16.0,18.0,False,False,135.0,2.0,1.2,1.2,1.1,0.9,0.9,1.1,680.0,50.0,680.0,50.0,1.0,1,False,1.0,1.0,70.0,50.0,0.0,33.0,False,True,False,True,True,10.0,2,True,10.0,10.0,10,SPOKED,SPOKED,0.0,0.0,0.0,0.0,295.0,785.0,36.0,450.0,1.0
465.0,70.0,625.0,72.5,170.0,52.0,595.0,73.0,655.0,52.0,45.0,38.0,36.0,37.0,34.0,15.0,16.0,ALUMINIUM,37.0,56.0,45.0,330.0,350.0,16.0,18.0,False,False,135.0,2.1,1.1,1.3,1.2,0.9,0.9,1.1,700.0,60.0,700.0,60.0,1.0,2,False,1.0,1.0,68.0,48.0,0.0,35.0,True,True,True,True,True,11.0,1,False,0.0,0.0,0,SPOKED,SPOKED,0.0,0.0,0.0,0.0,300.0,790.0,36.5,440.0,1.0
420.0,65.0,580.0,68.0,140.0,60.0,550.0,74.0,630.0,45.0,45.0,30.0,32.0,28.0,24.0,13.0,15.0,ALUMINIUM,25.0,50.0,35.0,330.0,350.0,16.0,18.0,False,False,135.0,2.0,1.0,1.0,1.1,1.1,1.0,0.9,680.0,40.0,680.0,40.0,1.0,1,False,1.0,1.0,68.0,40.0,31.8,290,False,False,False,False,True,10.0,1,False,0.0,0.0,0,SPOKED,SPOKED,0.0,0.0,80.0,80.0,280.0,730.0,34.0,350.0,1.0
430.0,60.0,600.0,67.0,150.0,65.0,560.0,73.5,640.0,50.0,45.0,32.0,34.0,30.0,26.0,13.0,15.0,ALUMINIUM,28.0,55.0,30.0,330.0,350.0,16.0,18.0,True,False,135.0,2.0,0.9,1.1,1.0,1.2,1.0,0.9,680.0,45.0,680.0,45.0,1.0,2,False,1.0,1.0,69.0,42.0,31.8,295,False,False,False,False,True,10.0,1,False,0.0,0.0,0,SPOKED,SPOKED,0.0,0.0,80.0,80.0,285.0,735.0,34.0,360.0,1.0
445.0,70.0,620.0,69.0,130.0,75.0,580.0,72.0,650.0,45.0,45.0,35.0,30.0,29.0,28.0,13.0,15.0,ALUMINIUM,20.0,60.0,40.0,330.0,350.0,16.0,18.0,False,True,135.0,2.0,1.1,0.9,0.9,1.0,1.1,0.9,690.0,50.0,690.0,50.0,1.0,1,False,1.0,1.0,68.0,38.0,31.8,300,False,False,False,False,True,10.0,1,False,0.0,0.0,0,SPOKED,SPOKED,0.0,0.0,80.0,80.0,290.0,750.0,34.0,360.0,1.0
410.0,62.0,590.0,66.0,160.0,50.0,540.0,74.5,620.0,50.0,45.0,28.0,33.0,27.0,25.0,13.0,15.0,ALUMINIUM,30.0,45.0,35.0,330.0,350.0,16.0,18.0,False,False,135.0,2.0,1.1,1.1,1.2,1.0,1.0,0.9,670.0,42.0,670.0,42.0,1.0,2,False,1.0,1.0,70.0,45.0,31.8,285,False,False,False,False,True,10.0,1,False,0.0,0.0,0,SPOKED,SPOKED,0.0,0.0,80.0,80.0,300.0,720.0,34.0,340.0,1.0
455.0,58.0,650.0,68.5,145.0,70.0,600.0,73.2,660.0,45.0,45.0,30.0,32.0,28.0,24.0,13.0,15.0,ALUMINIUM,35.0,70.0,38.0,330.0,350.0,16.0,18.0,True,True,135.0,2.0,0.9,0.9,1.0,1.1,1.1,0.9,680.0,48.0,680.0,48.0,1.0,1,False,1.0,1.0,69.0,44.0,31.8,295,False,False,False,False,True,10.0,1,False,0.0,0.0,0,SPOKED,SPOKED,0.0,0.0,80.0,80.0,285.0,740.0,34.0,380.0,1.0
440.0,68.0,610.0,67.5,142.0,80.0,570.0,72.5,640.0,48.0,45.0,33.0,34.0,30.0,26.0,13.0,15.0,ALUMINIUM,32.0,65.0,36.0,330.0,350.0,16.0,18.0,False,False,135.0,2.0,1.0,0.9,1.1,0.9,1.0,0.9,685.0,46.0,685.0,46.0,1.0,2,False,1.0,1.0,68.0,43.0,31.8,290,False,False,False,False,True,10.0,1,False,0.0,0.0,0,SPOKED,SPOKED,0.0,0.0,80.0,80.0,295.0,760.0,34.0,370.0,1.0
460.0,64.0,630.0,68.0,135.0,55.0,565.0,73.8,655.0,50.0,45.0,31.0,33.0,29.0,23.0,13.0,15.0,ALUMINIUM,27.0,52.0,34.0,330.0,350.0,16.0,18.0,False,True,135.0,2.0,1.1,1.0,0.9,1.2,1.1,0.9,675.0,44.0,675.0,44.0,1.0,2,False,1.0,1.0,69.0,42.0,31.8,292,False,False,False,False,True,10.0,1,False,0.0,0.0,0,SPOKED,SPOKED,0.0,0.0,80.0,80.0,280.0,735.0,34.0,365.0,1.0
425.0,61.0,605.0,69.5,138.0,68.0,585.0,72.7,635.0,45.0,45.0,32.0,34.0,28.0,24.0,13.0,15.0,ALUMINIUM,29.0,58.0,37.0,330.0,350.0,16.0,18.0,True,False,135.0,2.0,0.9,1.1,1.2,1.0,1.0,0.9,680.0,43.0,680.0,43.0,1.0,1,False,1.0,1.0,68.0,41.0,31.8,298,False,False,False,False,True,10.0,1,False,0.0,0.0,0,SPOKED,SPOKED,0.0,0.0,80.0,80.0,295.0,745.0,34.0,355.0,1.0
435.0,66.0,640.0,67.2,155.0,72.0,590.0,73.3,645.0,50.0,45.0,30.0,32.0,29.0,26.0,13.0,15.0,ALUMINIUM,31.0,62.0,39.0,330.0,350.0,16.0,18.0,False,False,135.0,2.0,1.0,1.1,1.0,1.1,1.1,0.9,690.0,48.0,690.0,48.0,1.0,1,False,1.0,1.0,69.0,45.0,31.8,288,False,False,False,False,True,10.0,1,False,0.0,0.0,0,SPOKED,SPOKED,0.0,0.0,80.0,80.0,288.0,755.0,34.0,345.0,1.0
450.0,63.0,625.0,68.8,148.0,78.0,575.0,74.2,650.0,48.0,45.0,35.0,33.0,30.0,25.0,13.0,15.0,ALUMINIUM,33.0,68.0,32.0,330.0,350.0,16.0,18.0,True,True,135.0,2.0,1.1,0.9,1.1,1.2,1.0,0.9,680.0,47.0,680.0,47.0,1.0,2,False,1.0,1.0,68.0,44.0,31.8,294,False,False,False,False,True,10.0,1,False,0.0,0.0,0,SPOKED,SPOKED,0.0,0.0,80.0,80.0,298.0,765.0,34.0,390.0,1.0
425.0,70.0,600.0,67.0,130.0,50.0,520.0,74.0,620.0,50.0,45.0,28.6,34.0,22.0,22.0,13.0,9.0,ALUMINIUM,30.0,30.0,45.0,0.0,0.0,0.0,0.0,False,False,135.0,2.0,1.2,1.5,1.2,1.0,1.0,1.2,700.0,55.0,700.0,55.0,1.0,1,False,1.0,1.0,68.0,46.0,0.0,34.0,False,True,False,False,True,11.0,1,False,0.0,0.0,0,SPOKED,SPOKED,0.0,0.0,0.0,0.0,270.0,750.0,34.0,350.0,1.0
430.0,72.0,610.0,66.5,135.0,55.0,530.0,73.5,625.0,48.0,45.0,28.6,34.0,22.5,22.5,13.5,9.0,ALUMINIUM,32.0,29.0,46.0,0.0,0.0,0.0,0.0,False,False,135.0,2.1,1.3,1.6,1.3,1.1,1.1,1.3,700.0,55.0,700.0,55.0,1.0,1,False,1.0,1.0,68.0,47.0,0.0,34.0,False,True,False,False,True,12.0,1,False,0.0,0.0,0,SPOKED,SPOKED,0.0,0.0,0.0,0.0,275.0,760.0,34.0,360.0,1.0
420.0,68.0,595.0,67.5,125.0,48.0,510.0,74.5,615.0,49.0,45.0,31.8,36.0,25.0,25.0,14.0,9.0,ALUMINIUM,28.0,31.0,44.0,0.0,0.0,0.0,0.0,False,False,135.0,2.2,1.4,1.6,1.4,1.2,1.2,1.4,700.0,55.0,700.0,55.0,1.0,1,False,1.0,1.0,68.0,46.0,0.0,34.0,False,True,False,False,True,11.0,1,False,0.0,0.0,0,SPOKED,SPOKED,0.0,0.0,0.0,0.0,280.0,755.0,36.0,355.0,1.0
435.0,75.0,620.0,66.0,150.0,60.0,540.0,73.0,630.0,47.0,45.0,28.6,34.0,22.0,22.0,13.0,9.0,ALUMINIUM,35.0,33.0,47.0,0.0,0.0,0.0,0.0,False,False,135.0,2.0,1.2,1.5,1.2,1.0,1.0,1.2,700.0,55.0,700.0,55.0,1.0,1,False,1.0,1.0,68.0,46.0,0.0,34.0,False,True,False,False,True,11.0,1,False,0.0,0.0,0,SPOKED,SPOKED,0.0,0.0,0.0,0.0,265.0,770.0,34.0,365.0,1.0
440.0,65.0,585.0,67.8,140.0,52.0,515.0,74.2,605.0,52.0,45.0,30.0,35.0,23.0,23.0,13.2,9.0,ALUMINIUM,29.0,28.0,43.0,0.0,0.0,0.0,0.0,False,False,135.0,2.2,1.3,1.5,1.3,1.1,1.1,1.3,700.0,55.0,700.0,55.0,1.0,1,False,1.0,1.0,68.0,46.0,0.0,34.0,False,True,False,False,True,11.0,1,False,0.0,0.0,0,SPOKED,SPOKED,0.0,0.0,0.0,0.0,290.0,740.0,35.0,345.0,1.0
425.0,70.0,610.0,67.2,128.0,50.0,525.0,73.8,620.0,50.0,45.0,28.6,34.0,22.0,22.0,12.8,9.0,ALUMINIUM,31.0,30.5,45.5,0.0,0.0,0.0,0.0,False,False,135.0,2.0,1.2,1.5,1.2,1.0,1.0,1.2,700.0,55.0,700.0,55.0,1.0,1,False,1.0,1.0,68.0,46.0,0.0,34.0,False,True,False,False,True,11.0,1,False,0.0,0.0,0,SPOKED,SPOKED,0.0,0.0,0.0,0.0,270.0,755.0,34.0,350.0,1.0
430.0,68.0,600.0,67.5,132.0,51.0,535.0,73.5,625.0,49.0,45.0,29.0,34.5,22.2,22.2,13.0,9.0,ALUMINIUM,30.0,29.5,44.5,0.0,0.0,0.0,0.0,False,False,135.0,2.1,1.2,1.5,1.2,1.0,1.0,1.2,700.0,55.0,700.0,55.0,1.0,1,False,1.0,1.0,68.0,46.0,0.0,34.0,False,True,False,False,True,11.0,1,False,0.0,0.0,0,SPOKED,SPOKED,0.0,0.0,0.0,0.0,275.0,760.0,34.5,360.0,1.0
415.0,73.0,605.0,66.8,138.0,53.0,545.0,73.2,628.0,51.0,45.0,28.6,34.0,22.0,22.0,13.3,9.0,ALUMINIUM,33.0,29.0,46.0,0.0,0.0,0.0,0.0,False,False,135.0,2.0,1.3,1.5,1.3,1.0,1.0,1.3,700.0,55.0,700.0,55.0,1.0,1,False,1.0,1.0,68.0,46.0,0.0,34.0,False,True,False,False,True,11.0,1,False,0.0,0.0,0,SPOKED,SPOKED,0.0,0.0,0.0,0.0,260.0,765.0,34.0,370.0,1.0
435.0,69.0,590.0,67.4,142.0,49.0,520.0,74.0,615.0,48.0,45.0,31.8,36.0,25.0,25.0,14.0,9.0,ALUMINIUM,29.0,30.0,43.0,0.0,0.0,0.0,0.0,False,False,135.0,2.2,1.4,1.6,1.4,1.2,1.2,1.4,700.0,55.0,700.0,55.0,1.0,1,False,1.0,1.0,68.0,46.0,0.0,34.0,False,True,False,False,True,11.0,1,False,0.0,0.0,0,SPOKED,SPOKED,0.0,0.0,0.0,0.0,285.0,755.0,36.0,355.0,1.0
420.0,72.0,615.0,66.2,130.0,57.0,540.0,73.8,630.0,50.0,45.0,30.0,35.0,23.0,23.0,13.5,9.0,ALUMINIUM,32.0,31.0,45.0,0.0,0.0,0.0,0.0,False,False,135.0,2.0,1.2,1.5,1.2,1.0,1.0,1.2,700.0,55.0,700.0,55.0,1.0,1,False,1.0,1.0,68.0,46.0,0.0,34.0,False,True,False,False,True,11.0,1,False,0.0,0.0,0,SPOKED,SPOKED,0.0,0.0,0.0,0.0,270.0,760.0,35.0,360.0,1.0
440.0,30.0,610.0,66.5,130.0,50.0,540.0,73.0,630.0,45.0,40.0,28.6,36.5,24.0,23.0,13.0,15.0,ALUMINIUM,25.0,50.0,45.0,0.0,0.0,0.0,0.0,False,False,135.0,2.0,0.9,1.1,0.9,1.2,1.0,0.9,700.0,52.0,700.0,52.0,1.0,1,False,1.0,1.0,68.0,45.0,0.0,31.8,False,False,False,False,True,12.0,1,False,0.0,0.0,0,SPOKED,SPOKED,0.0,0.0,0.0,0.0,280.0,760.0,34.9,300.0,1.0
450.0,30.0,620.0,67.0,140.0,50.0,550.0,73.5,640.0,45.0,40.0,28.6,36.5,24.0,23.0,13.0,15.0,ALUMINIUM,30.0,55.0,45.0,0.0,0.0,0.0,0.0,False,False,135.0,2.0,0.9,1.1,0.9,1.2,1.0,0.9,700.0,52.0,700.0,52.0,1.0,1,False,1.0,1.0,68.0,48.0,0.0,31.8,False,False,False,False,True,12.0,2,False,0.0,0.0,0,SPOKED,SPOKED,0.0,0.0,0.0,0.0,285.0,770.0,34.9,310.0,1.0
430.0,30.0,600.0,66.0,120.0,50.0,530.0,72.5,620.0,45.0,40.0,28.6,36.5,24.0,23.0,13.0,15.0,ALUMINIUM,20.0,45.0,40.0,0.0,0.0,0.0,0.0,False,False,135.0,2.0,0.9,1.1,0.9,1.2,1.0,0.9,700.0,52.0,700.0,52.0,1.0,2,False,1.0,1.0,68.0,44.0,0.0,31.8,False,True,False,False,True,11.0,1,False,0.0,0.0,0,SPOKED,SPOKED,0.0,0.0,0.0,0.0,275.0,750.0,34.9,300.0,1.0
460.0,30.0,630.0,68.0,150.0,50.0,545.0,74.0,635.0,45.0,40.0,30.0,38.0,24.0,23.0,13.0,15.0,ALUMINIUM,28.0,53.0,47.0,0.0,0.0,0.0,0.0,False,False,135.0,2.0,1.0,1.2,1.0,1.3,1.0,1.0,700.0,52.0,700.0,52.0,1.0,2,False,1.0,1.0,68.0,46.0,0.0,32.0,False,False,False,False,True,12.0,1,False,0.0,0.0,0,SPOKED,SPOKED,0.0,0.0,0.0,0.0,285.0,780.0,34.9,320.0,1.0
435.0,30.0,605.0,65.5,110.0,50.0,535.0,72.0,625.0,50.0,40.0,28.6,36.5,24.0,23.0,13.0,15.0,ALUMINIUM,22.0,48.0,50.0,0.0,0.0,0.0,0.0,False,False,135.0,2.0,0.9,1.1,0.9,1.2,1.0,0.9,700.0,52.0,700.0,52.0,1.0,1,False,1.0,1.0,68.0,44.0,0.0,31.8,False,False,False,False,True,11.0,1,False,0.0,0.0,0,SPOKED,SPOKED,0.0,0.0,0.0,0.0,275.0,755.0,34.9,290.0,1.0
445.0,30.0,615.0,67.5,135.0,50.0,545.0,73.0,635.0,45.0,40.0,29.0,37.0,24.0,23.0,13.0,15.0,ALUMINIUM,27.0,54.0,46.0,0.0,0.0,0.0,0.0,False,False,135.0,2.0,0.9,1.1,0.9,1.2,1.0,0.9,700.0,52.0,700.0,52.0,1.0,2,False,1.0,1.0,68.0,47.0,0.0,31.8,False,False,False,False,True,12.0,1,False,10.0,10.0,10,SPOKED,SPOKED,0.0,0.0,0.0,0.0,280.0,765.0,34.9,305.0,1.0
440.0,30.0,610.0,66.5,130.0,50.0,540.0,73.0,630.0,45.0,40.0,28.6,36.5,24.0,23.0,13.0,15.0,ALUMINIUM,25.0,50.0,45.0,0.0,0.0,0.0,0.0,False,False,135.0,2.0,0.9,1.1,0.9,1.2,1.0,0.9,700.0,52.0,700.0,52.0,1.0,1,False,1.0,1.0,68.0,45.0,0.0,31.8,False,False,False,False,True,12.0,1,False,0.0,0.0,0,DISC,SPOKED,0.0,0.0,0.0,0.0,280.0,760.0,34.9,300.0,1.0
445.0,30.0,620.0,67.0,135.0,50.0,545.0,73.5,635.0,45.0,40.0,29.0,37.0,24.0,23.0,13.0,15.0,ALUMINIUM,27.0,54.0,46.0,0.0,0.0,0.0,0.0,False,False,135.0,2.0,0.9,1.1,0.9,1.2,1.0,0.9,700.0,52.0,700.0,52.0,1.0,1,False,1.0,1.0,68.0,47.0,0.0,31.8,False,False,False,False,True,11.0,1,False,0.0,0.0,0,SPOKED,TRISPOKE,0.0,1.0,0.0,40.0,280.0,765.0,34.9,300.0,1.0
455.0,30.0,625.0,67.0,140.0,50.0,550.0,74.0,640.0,45.0,40.0,29.0,37.0,24.0,23.0,13.0,15.0,ALUMINIUM,26.0,55.0,45.0,320.0,300.0,20.0,18.0,True,True,135.0,2.0,0.9,1.1,0.9,1.2,1.0,0.9,700.0,52.0,700.0,52.0,1.0,1,False,1.0,1.0,68.0,48.0,0.0,31.8,False,False,False,False,True,12.0,1,False,0.0,0.0,0,SPOKED,SPOKED,0.0,0.0,0.0,0.0,280.0,770.0,34.9,310.0,1.0
432.0,30.0,605.0,66.0,125.0,50.0,532.0,72.0,622.0,45.0,40.0,28.6,36.5,24.0,23.0,13.0,15.0,ALUMINIUM,23.0,47.0,43.0,0.0,0.0,0.0,0.0,False,False,135.0,2.0,0.9,1.1,0.9,1.2,1.0,0.9,700.0,52.0,700.0,52.0,1.0,1,False,1.0,1.0,68.0,45.0,0.0,31.8,True,False,False,False,True,10.0,1,False,0.0,0.0,0,SPOKED,SPOKED,0.0,0.0,0.0,0.0,280.0,750.0,34.9,295.0,1.0
455.0,70.0,610.0,67.0,120.0,40.0,560.0,73.0,630.0,45.0,50.0,40.0,35.0,30.0,30.0,15.0,9.0,ALUMINIUM,25.0,50.0,40.0,330.0,350.0,16.0,18.0,True,True,135.0,2.5,1.5,2.0,2.0,1.5,1.5,2.0,700.0,78.0,700.0,78.0,1.0,1,False,1.0,1.0,68.0,46.0,0.0,34.9,True,True,False,False,True,11.0,2,False,0.0,0.0,0,DISC,SPOKED,0.0,0.0,0.0,0.0,280.0,760.0,35.0,350.0,1.0
460.0,72.0,625.0,65.0,110.0,42.0,580.0,74.0,640.0,50.0,50.0,40.0,35.0,30.0,30.0,15.0,9.0,ALUMINIUM,22.0,55.0,38.0,330.0,350.0,16.0,18.0,True,True,142.0,2.5,1.5,2.0,2.0,1.5,1.5,2.0,700.0,78.0,700.0,78.0,1.0,1,False,1.0,1.0,68.0,46.0,0.0,34.9,True,True,False,False,True,12.0,1,False,20.0,20.0,20,DISC,DISC,0.0,0.0,0.0,0.0,280.0,750.0,35.0,345.0,1.0
450.0,68.0,595.0,68.0,130.0,38.0,540.0,72.0,620.0,40.0,50.0,40.0,35.0,30.0,30.0,15.0,9.0,ALUMINIUM,28.0,45.0,42.0,330.0,350.0,16.0,18.0,True,True,135.0,2.5,1.5,2.0,2.0,1.5,1.5,2.0,737.0,115.0,737.0,115.0,1.0,0,False,1.0,1.0,68.0,46.0,0.0,34.9,True,True,False,False,True,11.0,1,False,30.0,30.0,30,DISC,SPOKED,0.0,0.0,0.0,0.0,300.0,780.0,35.0,360.0,1.0
470.0,74.0,640.0,66.0,140.0,45.0,600.0,73.0,650.0,55.0,50.0,40.0,35.0,30.0,30.0,15.0,9.0,ALUMINIUM,30.0,60.0,45.0,330.0,350.0,16.0,18.0,True,True,135.0,2.5,1.5,2.0,2.0,1.5,1.5,2.0,700.0,78.0,700.0,78.0,1.0,1,False,1.0,1.0,68.0,46.0,0.0,34.9,True,True,True,False,True,12.0,2,False,255.0,255.0,255,DISC,DISC,0.0,0.0,0.0,0.0,285.0,765.0,35.0,340.0,1.0
455.0,70.0,615.0,69.0,125.0,43.0,570.0,72.0,635.0,48.0,50.0,40.0,35.0,30.0,30.0,15.0,9.0,ALUMINIUM,26.0,52.0,43.0,330.0,350.0,16.0,18.0,True,True,142.0,2.5,1.5,2.0,2.0,1.5,1.5,2.0,700.0,78.0,700.0,78.0,1.0,2,False,1.0,1.0,68.0,46.0,0.0,34.9,True,True,False,True,True,11.0,2,False,10.0,10.0,10,DISC,SPOKED,0.0,0.0,0.0,0.0,290.0,770.0,35.0,355.0,1.0
460.0,66.0,605.0,64.0,135.0,39.0,550.0,75.0,645.0,52.0,50.0,40.0,35.0,30.0,30.0,15.0,9.0,ALUMINIUM,27.0,48.0,47.0,330.0,350.0,16.0,18.0,True,True,142.0,2.5,1.5,2.0,2.0,1.5,1.5,2.0,737.0,115.0,737.0,115.0,1.0,1,False,1.0,1.0,68.0,46.0,0.0,34.9,True,True,False,False,True,12.0,1,False,100.0,100.0,100,DISC,SPOKED,0.0,0.0,0.0,0.0,295.0,775.0,35.0,365.0,1.0
450.0,75.0,650.0,70.0,115.0,41.0,600.0,71.0,660.0,53.0,50.0,40.0,35.0,30.0,30.0,15.0,9.0,ALUMINIUM,29.0,57.0,41.0,330.0,350.0,16.0,18.0,True,True,135.0,2.5,1.5,2.0,2.0,1.5,1.5,2.0,700.0,78.0,700.0,78.0,1.0,1,False,1.0,1.0,68.0,46.0,0.0,34.9,True,True,False,False,True,11.0,2,False,123.0,45.0,67,DISC,DISC,0.0,0.0,0.0,0.0,300.0,780.0,35.0,350.0,1.0
470.0,73.0,620.0,63.0,105.0,37.0,580.0,74.0,655.0,50.0,50.0,40.0,35.0,30.0,30.0,15.0,9.0,ALUMINIUM,23.0,53.0,44.0,330.0,350.0,16.0,18.0,True,True,142.0,2.5,1.5,2.0,2.0,1.5,1.5,2.0,737.0,115.0,737.0,115.0,1.0,0,False,1.0,1.0,68.0,46.0,0.0,34.9,True,True,True,True,True,13.0,1,True,50.0,50.0,50,DISC,SPOKED,1.0,0.0,30.0,0.0,305.0,785.0,35.0,375.0,1.0
455.0,71.0,600.0,71.0,145.0,44.0,560.0,70.0,640.0,47.0,50.0,40.0,35.0,30.0,30.0,15.0,9.0,ALUMINIUM,24.0,49.0,38.0,330.0,350.0,16.0,18.0,True,True,135.0,2.5,1.5,2.0,2.0,1.5,1.5,2.0,700.0,78.0,700.0,78.0,1.0,1,False,1.0,1.0,68.0,46.0,0.0,34.9,True,True,False,False,True,11.0,1,False,200.0,150.0,100,DISC,SPOKED,0.0,1.0,10.0,20.0,290.0,755.0,35.0,345.0,1.0
460.0,76.0,630.0,62.0,150.0,46.0,590.0,72.0,658.0,56.0,50.0,40.0,35.0,30.0,30.0,15.0,9.0,ALUMINIUM,31.0,58.0,48.0,330.0,350.0,16.0,18.0,True,True,142.0,2.5,1.5,2.0,2.0,1.5,1.5,2.0,737.0,115.0,737.0,115.0,1.0,2,False,1.0,1.0,68.0,46.0,0.0,34.9,True,True,False,False,True,11.0,2,False,255.0,0.0,0,DISC,SPOKED,0.0,0.0,0.0,0.0,300.0,800.0,35.0,380.0,1.0
420.0,55.0,580.0,66.0,120.0,45.0,550.0,73.0,640.0,45.0,45.0,30.0,40.0,30.0,30.0,13.0,16.0,ALUMINIUM,40.0,50.0,50.0,330.0,350.0,16.0,18.0,False,False,135.0,2.0,0.9,1.1,0.9,1.2,1.0,0.9,674.0,52.0,674.0,52.0,1.0,0,False,1.0,1.0,68.0,50.0,0.0,31.8,False,True,False,False,True,12.0,1,False,0.0,0.0,0,DISC,DISC,0.0,0.0,0.0,0.0,280.0,740.0,40.0,300.0,1.0
430.0,60.0,590.0,67.0,125.0,46.0,555.0,74.0,645.0,46.0,45.0,31.0,41.0,31.0,31.0,13.0,16.0,ALUMINIUM,41.0,51.0,51.0,330.0,350.0,16.0,18.0,False,False,135.0,2.0,0.9,1.1,0.9,1.2,1.0,0.9,674.0,52.0,674.0,52.0,1.0,1,False,1.0,1.0,68.0,50.0,0.0,31.8,False,True,False,False,True,12.0,1,False,0.0,0.0,0,DISC,DISC,0.0,0.0,0.0,0.0,285.0,745.0,40.0,300.0,1.0
440.0,65.0,600.0,68.0,130.0,47.0,560.0,72.0,650.0,47.0,45.0,32.0,42.0,32.0,32.0,13.0,16.0,ALUMINIUM,42.0,52.0,52.0,330.0,350.0,16.0,18.0,False,False,135.0,2.0,0.9,1.1,0.9,1.2,1.0,0.9,674.0,52.0,674.0,52.0,1.0,2,False,1.0,1.0,68.0,50.0,0.0,31.8,False,True,False,False,True,12.0,1,False,0.0,0.0,0,DISC,DISC,0.0,0.0,0.0,0.0,290.0,750.0,40.0,300.0,1.0
450.0,70.0,610.0,69.0,135.0,48.0,565.0,71.0,655.0,48.0,45.0,33.0,43.0,33.0,33.0,13.0,16.0,ALUMINIUM,43.0,53.0,53.0,330.0,350.0,16.0,18.0,False,False,135.0,2.0,0.9,1.1,0.9,1.2,1.0,0.9,674.0,52.0,674.0,52.0,1.0,0,False,1.0,1.0,68.0,50.0,0.0,31.8,False,True,False,False,True,12.0,1,False,0.0,0.0,0,DISC,DISC,0.0,0.0,0.0,0.0,295.0,755.0,40.0,300.0,1.0
460.0,75.0,620.0,70.0,140.0,49.0,570.0,70.0,660.0,49.0,45.0,34.0,44.0,34.0,34.0,13.0,16.0,ALUMINIUM,44.0,54.0,54.0,330.0,350.0,16.0,18.0,False,False,135.0,2.0,0.9,1.1,0.9,1.2,1.0,0.9,674.0,52.0,674.0,52.0,1.0,1,False,1.0,1.0,68.0,50.0,0.0,31.8,False,True,False,False,True,12.0,1,False,0.0,0.0,0,DISC,DISC,0.0,0.0,0.0,0.0,300.0,760.0,40.0,300.0,1.0
470.0,80.0,630.0,65.0,115.0,50.0,575.0,73.5,635.0,50.0,45.0,35.0,39.0,35.0,35.0,13.0,16.0,ALUMINIUM,39.0,49.0,49.0,330.0,350.0,16.0,18.0,False,False,135.0,2.0,0.9,1.1,0.9,1.2,1.0,0.9,674.0,52.0,674.0,52.0,1.0,2,False,1.0,1.0,68.0,50.0,0.0,31.8,False,True,False,False,True,12.0,1,False,0.0,0.0,0,DISC,DISC,0.0,0.0,0.0,0.0,275.0,735.0,40.0,300.0,1.0
480.0,50.0,640.0,66.5,110.0,51.0,580.0,74.5,630.0,51.0,45.0,36.0,38.0,36.0,36.0,13.0,16.0,ALUMINIUM,38.0,48.0,48.0,330.0,350.0,16.0,18.0,False,False,135.0,2.0,0.9,1.1,0.9,1.2,1.0,0.9,674.0,52.0,674.0,52.0,1.0,0,False,1.0,1.0,68.0,50.0,0.0,31.8,False,True,False,False,True,12.0,1,False,0.0,0.0,0,DISC,DISC,0.0,0.0,0.0,0.0,270.0,730.0,40.0,300.0,1.0
490.0,45.0,650.0,67.5,105.0,52.0,585.0,72.5,625.0,52.0,45.0,37.0,37.0,37.0,37.0,13.0,16.0,ALUMINIUM,37.0,47.0,47.0,330.0,350.0,16.0,18.0,False,False,135.0,2.0,0.9,1.1,0.9,1.2,1.0,0.9,674.0,52.0,674.0,52.0,1.0,1,False,1.0,1.0,68.0,50.0,0.0,31.8,False,True,False,False,True,12.0,1,False,0.0,0.0,0,DISC,DISC,0.0,0.0,0.0,0.0,265.0,725.0,40.0,300.0,1.0
500.0,57.0,660.0,68.5,100.0,53.0,590.0,71.5,620.0,53.0,45.0,38.0,36.0,38.0,38.0,13.0,16.0,ALUMINIUM,36.0,46.0,46.0,330.0,350.0,16.0,18.0,False,False,135.0,2.0,0.9,1.1,0.9,1.2,1.0,0.9,674.0,52.0,674.0,52.0,1.0,2,False,1.0,1.0,68.0,50.0,0.0,31.8,False,True,False,False,True,12.0,1,False,0.0,0.0,0,DISC,DISC,0.0,0.0,0.0,0.0,260.0,720.0,40.0,300.0,1.0
410.0,62.0,670.0,69.5,95.0,54.0,595.0,70.5,615.0,54.0,45.0,39.0,35.0,39.0,39.0,13.0,16.0,ALUMINIUM,35.0,45.0,45.0,330.0,350.0,16.0,18.0,False,False,135.0,2.0,0.9,1.1,0.9,1.2,1.0,0.9,674.0,52.0,674.0,52.0,1.0,0,False,1.0,1.0,68.0,50.0,0.0,31.8,False,True,False,False,True,12.0,1,False,0.0,0.0,0,DISC,DISC,0.0,0.0,0.0,0.0,255.0,715.0,40.0,300.0,1.0
440.0,65.0,640.0,67.0,120.0,50.0,540.0,74.0,620.0,45.0,54.0,35.0,40.0,35.0,30.0,20.0,15.0,ALUMINIUM,20.0,20.0,20.0,330.0,350.0,16.0,18.0,False,False,148.0,2.0,2.0,2.0,2.0,2.0,2.0,2.0,745.0,50.0,745.0,50.0,1.0,1,False,1.0,1.0,68.0,45.0,0.0,34.0,False,True,False,False,True,12.0,1,False,0.0,0.0,0,DISC,SPOKED,0.0,0.0,0.0,0.0,280.0,750.0,38.0,300.0,1.0
435.0,60.0,650.0,66.0,130.0,48.0,530.0,73.0,630.0,50.0,54.0,36.0,40.0,34.0,32.0,18.0,15.0,ALUMINIUM,22.0,18.0,18.0,330.0,350.0,16.0,18.0,False,False,148.0,2.2,2.2,2.2,2.2,2.2,2.2,2.2,750.0,55.0,750.0,55.0,1.0,1,False,1.0,1.0,68.0,45.0,0.0,34.0,False,True,False,False,True,12.0,1,False,0.0,0.0,0,DISC,SPOKED,0.0,0.0,0.0,0.0,280.0,750.0,38.0,300.0,1.0
450.0,63.0,635.0,68.0,110.0,52.0,545.0,75.0,615.0,48.0,54.0,37.0,42.0,36.0,32.0,22.0,16.0,ALUMINIUM,18.0,22.0,20.0,330.0,350.0,16.0,18.0,False,False,150.0,1.8,1.8,1.8,1.8,1.8,1.8,1.8,745.0,48.0,745.0,48.0,1.0,1,False,1.0,1.0,68.0,45.0,0.0,34.0,False,True,False,False,True,12.0,1,False,0.0,0.0,0,DISC,SPOKED,0.0,0.0,0.0,0.0,280.0,750.0,38.0,300.0,1.0
430.0,55.0,620.0,65.0,140.0,47.0,520.0,72.0,600.0,42.0,54.0,34.0,38.0,34.0,28.0,19.0,14.0,ALUMINIUM,24.0,16.0,20.0,330.0,350.0,16.0,18.0,False,False,148.0,2.1,2.1,2.1,2.1,2.1,2.1,2.1,745.0,50.0,745.0,50.0,1.0,1,False,1.0,1.0,68.0,45.0,0.0,34.0,False,True,False,False,True,12.0,1,False,0.0,0.0,0,DISC,SPOKED,0.0,0.0,0.0,0.0,280.0,750.0,38.0,300.0,1.0
445.0,62.0,645.0,67.5,125.0,49.0,535.0,74.5,625.0,46.0,54.0,35.0,41.0,35.0,31.0,21.0,15.5,ALUMINIUM,21.0,18.0,19.0,330.0,350.0,16.0,18.0,False,False,148.0,1.9,1.9,1.9,1.9,1.9,1.9,1.9,745.0,52.0,745.0,52.0,1.0,1,False,1.0,1.0,68.0,45.0,0.0,34.0,False,True,False,False,True,12.0,1,False,0.0,0.0,0,DISC,SPOKED,0.0,0.0,0.0,0.0,280.0,750.0,38.0,300.0,1.0
438.0,58.0,632.0,66.5,118.0,46.0,525.0,73.5,610.0,44.0,54.0,36.0,40.0,34.0,30.0,20.0,15.0,ALUMINIUM,20.0,20.0,18.0,330.0,350.0,16.0,18.0,False,False,148.0,2.0,2.0,2.0,2.0,2.0,2.0,2.0,745.0,50.0,745.0,50.0,1.0,1,False,1.0,1.0,68.0,45.0,0.0,34.0,False,True,False,False,True,12.0,1,False,0.0,0.0,0,DISC,SPOKED,0.0,0.0,0.0,0.0,280.0,750.0,38.0,300.0,1.0
442.0,59.0,638.0,67.0,122.0,50.0,540.0,74.0,618.0,47.0,54.0,35.0,39.0,35.0,32.0,22.0,16.0,ALUMINIUM,19.0,21.0,20.0,330.0,350.0,16.0,18.0,False,False,148.0,2.3,2.3,2.3,2.3,2.3,2.3,2.3,745.0,50.0,745.0,50.0,1.0,1,False,1.0,1.0,68.0,45.0,0.0,34.0,False,True,False,False,True,12.0,1,False,0.0,0.0,0,DISC,SPOKED,0.0,0.0,0.0,0.0,280.0,750.0,38.0,300.0,1.0
439.0,61.0,642.0,66.0,128.0,48.0,538.0,73.0,622.0,49.0,54.0,36.0,40.0,36.0,31.0,20.0,15.0,ALUMINIUM,20.0,19.0,22.0,330.0,350.0,16.0,18.0,False,False,148.0,1.7,1.7,1.7,1.7,1.7,1.7,1.7,745.0,50.0,745.0,50.0,1.0,1,False,1.0,1.0,68.0,45.0,0.0,34.0,False,True,False,False,True,12.0,1,False,0.0,0.0,0,DISC,SPOKED,0.0,0.0,0.0,0.0,280.0,750.0,38.0,300.0,1.0
441.0,64.0,648.0,68.0,115.0,51.0,542.0,75.0,625.0,45.0,54.0,35.0,40.0,35.0,33.0,21.0,15.0,ALUMINIUM,22.0,20.0,18.0,330.0,350.0,16.0,18.0,False,False,148.0,2.0,2.0,2.0,2.0,2.0,2.0,2.0,745.0,50.0,745.0,50.0,1.0,1,False,1.0,1.0,68.0,45.0,0.0,34.0,False,True,False,False,True,12.0,1,False,0.0,0.0,0,DISC,SPOKED,0.0,0.0,0.0,0.0,280.0,750.0,38.0,300.0,1.0
437.0,57.0,630.0,65.5,135.0,47.0,530.0,72.5,605.0,43.0,54.0,34.0,38.0,34.0,30.0,19.0,14.0,ALUMINIUM,23.0,17.0,20.0,330.0,350.0,16.0,18.0,False,False,148.0,2.2,2.2,2.2,2.2,2.2,2.2,2.2,745.0,50.0,745.0,50.0,1.0,1,False,1.0,1.0,68.0,45.0,0.0,34.0,False,True,False,False,True,12.0,1,False,0.0,0.0,0,DISC,SPOKED,0.0,0.0,0.0,0.0,280.0,750.0,38.0,300.0,1.0
430.0,65.0,600.0,68.0,140.0,60.0,500.0,74.0,620.0,50.0,45.0,38.0,34.0,36.5,25.0,13.0,15.0,ALUMINIUM,32.0,52.0,35.0,330.0,350.0,16.0,18.0,False,False,140.0,2.0,0.9,1.0,1.1,1.0,0.9,9.0,650.0,50.0,650.0,50.0,1.0,1,False,1.0,1.0,68.0,45.0,0.0,31.8,True,True,False,False,True,12.0,1,False,0.0,0.0,0,DISC,DISC,0.0,0.0,0.0,0.0,300.0,720.0,34.9,700.0,1.0
435.0,62.0,610.0,69.0,130.0,50.0,520.0,73.5,630.0,55.0,50.0,37.0,33.0,36.5,26.0,13.0,15.0,ALUMINIUM,30.0,55.0,32.0,330.0,350.0,16.0,18.0,False,False,138.0,2.0,0.9,1.0,1.1,1.0,0.9,9.0,650.0,50.0,650.0,50.0,1.0,1,False,1.0,1.0,68.0,45.0,0.0,31.8,True,True,False,False,True,12.0,1,False,0.0,0.0,0,DISC,DISC,0.0,0.0,0.0,0.0,300.0,720.0,34.9,700.0,1.0
440.0,68.0,620.0,67.0,150.0,70.0,540.0,74.5,640.0,45.0,45.0,39.0,35.0,36.5,27.0,13.0,15.0,ALUMINIUM,35.0,50.0,30.0,330.0,350.0,16.0,18.0,False,False,142.0,2.0,0.9,1.0,1.1,1.0,0.9,9.0,650.0,50.0,650.0,50.0,1.0,1,False,1.0,1.0,68.0,45.0,0.0,31.8,True,True,False,False,True,12.0,1,False,0.0,0.0,0,DISC,DISC,0.0,0.0,0.0,0.0,300.0,720.0,34.9,700.0,1.0
445.0,70.0,595.0,68.5,160.0,80.0,560.0,73.0,610.0,60.0,48.0,36.0,30.0,36.5,28.0,13.0,15.0,ALUMINIUM,33.0,58.0,38.0,330.0,350.0,16.0,18.0,False,False,135.0,2.0,0.9,1.0,1.1,1.0,0.9,9.0,650.0,50.0,650.0,50.0,1.0,1,False,1.0,1.0,68.0,45.0,0.0,31.8,True,True,False,False,True,12.0,1,False,0.0,0.0,0,DISC,DISC,0.0,0.0,0.0,0.0,300.0,720.0,34.9,700.0,1.0
450.0,60.0,580.0,70.0,120.0,40.0,480.0,75.0,600.0,52.0,47.0,40.0,31.0,36.5,29.0,13.0,15.0,ALUMINIUM,31.0,60.0,34.0,330.0,350.0,16.0,18.0,False,False,136.0,2.0,0.9,1.0,1.1,1.0,0.9,9.0,650.0,50.0,650.0,50.0,1.0,1,False,1.0,1.0,68.0,45.0,0.0,31.8,True,True,False,False,True,12.0,1,False,0.0,0.0,0,DISC,DISC,0.0,0.0,0.0,0.0,300.0,720.0,34.9,700.0,1.0
422.0,64.0,605.0,69.5,145.0,55.0,515.0,73.8,625.0,48.0,46.0,38.0,32.0,36.5,24.0,13.0,15.0,ALUMINIUM,34.0,57.0,36.0,330.0,350.0,16.0,18.0,False,False,139.0,2.0,0.9,1.0,1.1,1.0,0.9,9.0,650.0,50.0,650.0,50.0,1.0,1,False,1.0,1.0,68.0,45.0,0.0,31.8,True,True,False,False,True,12.0,1,False,0.0,0.0,0,DISC,DISC,0.0,0.0,0.0,0.0,300.0,720.0,34.9,700.0,1.0
460.0,66.0,615.0,67.5,170.0,90.0,550.0,74.2,635.0,53.0,49.0,37.0,33.5,36.5,30.0,13.0,15.0,ALUMINIUM,32.0,53.0,37.0,330.0,350.0,16.0,18.0,False,False,141.0,2.0,0.9,1.0,1.1,1.0,0.9,9.0,650.0,50.0,650.0,50.0,1.0,1,False,1.0,1.0,68.0,45.0,0.0,31.8,True,True,False,False,True,12.0,1,False,0.0,0.0,0,DISC,DISC,0.0,0.0,0.0,0.0,300.0,720.0,34.9,700.0,1.0
428.0,63.0,590.0,68.0,135.0,65.0,525.0,74.7,615.0,50.0,45.0,36.0,32.0,36.5,25.5,13.0,15.0,ALUMINIUM,30.0,56.0,33.0,330.0,350.0,16.0,18.0,False,False,137.0,2.0,0.9,1.0,1.1,1.0,0.9,9.0,650.0,50.0,650.0,50.0,1.0,1,False,1.0,1.0,68.0,45.0,0.0,31.8,True,True,False,False,True,12.0,1,False,0.0,0.0,0,DISC,DISC,0.0,0.0,0.0,0.0,300.0,720.0,34.9,700.0,1.0
438.0,67.0,625.0,68.8,155.0,75.0,545.0,73.2,638.0,46.0,50.0,39.0,34.5,36.5,27.5,13.0,15.0,ALUMINIUM,35.0,52.0,39.0,330.0,350.0,16.0,18.0,False,False,140.0,2.0,0.9,1.0,1.2,1.0,0.9,9.0,650.0,50.0,650.0,50.0,1.0,1,False,1.0,1.0,68.0,45.0,0.0,31.8,True,True,False,False,True,12.0,1,False,0.0,0.0,0,DISC,DISC,0.0,0.0,0.0,0.0,300.0,720.0,34.9,700.0,1.0
444.0,61.0,585.0,69.2,125.0,45.0,495.0,74.9,605.0,54.0,47.0,38.0,31.0,36.5,26.5,13.0,15.0,ALUMINIUM,31.0,59.0,36.0,330.0,350.0,16.0,18.0,False,False,138.0,2.0,0.9,1.0,1.2,1.0,0.9,9.0,650.0,50.0,650.0,50.0,1.0,1,False,1.0,1.0,68.0,45.0,0.0,31.8,True,True,False,False,True,12.0,1,False,0.0,0.0,0,DISC,DISC,0.0,0.0,0.0,0.0,300.0,720.0,34.9,700.0,1.0
430.0,70.0,630.0,70.0,140.0,45.0,580.0,74.0,640.0,50.0,48.0,30.0,37.0,24.0,24.0,13.0,15.0,ALUMINIUM,40.0,40.0,40.0,0.0,0.0,0.0,0.0,False,False,135.0,2.0,1.0,1.1,0.9,1.2,1.0,0.9,680.0,58.0,680.0,58.0,1.0,0,False,1.0,1.0,68.0,48.0,0.0,34.0,False,True,False,False,True,12.0,1,False,0.0,0.0,0.0,SPOKED,SPOKED,0.0,0.0,0.0,0.0,280.0,780.0,35.0,360.0,1.0
440.0,75.0,635.0,71.0,150.0,46.0,570.0,75.0,630.0,52.0,45.0,32.0,38.0,23.5,23.0,13.0,15.0,ALUMINIUM,45.0,42.0,38.0,0.0,0.0,0.0,0.0,False,False,135.0,2.0,1.1,1.0,1.0,1.1,1.0,0.9,680.0,58.0,680.0,58.0,1.0,0,False,1.0,1.0,68.0,50.0,0.0,33.0,False,True,False,False,True,12.0,1,False,0.0,0.0,0.0,SPOKED,SPOKED,0.0,0.0,0.0,0.0,290.0,770.0,36.0,350.0,1.0
420.0,65.0,620.0,72.0,130.0,44.0,560.0,73.0,620.0,48.0,50.0,33.0,36.0,24.5,24.0,13.0,15.0,ALUMINIUM,38.0,40.0,42.0,0.0,0.0,0.0,0.0,False,False,135.0,2.0,0.9,1.2,0.9,1.2,1.0,0.9,680.0,58.0,680.0,58.0,1.0,0,False,1.0,1.0,68.0,45.0,0.0,34.0,False,True,False,False,True,11.0,1,False,0.0,0.0,0.0,SPOKED,SPOKED,0.0,0.0,0.0,0.0,270.0,760.0,35.0,370.0,1.0
450.0,60.0,640.0,69.0,160.0,47.0,600.0,76.0,660.0,55.0,46.0,29.0,36.5,23.0,25.0,13.0,15.0,ALUMINIUM,50.0,48.0,45.0,0.0,0.0,0.0,0.0,False,False,135.0,2.0,1.0,1.1,0.9,1.2,1.0,0.9,680.0,58.0,680.0,58.0,1.0,0,False,1.0,1.0,68.0,48.0,0.0,31.0,False,True,False,False,True,12.0,2,False,0.0,0.0,0.0,SPOKED,SPOKED,0.0,0.0,0.0,0.0,300.0,800.0,37.0,340.0,1.0
415.0,72.0,655.0,68.0,145.0,45.5,570.0,75.5,650.0,47.0,42.0,31.0,37.0,24.0,23.5,13.0,15.0,ALUMINIUM,42.0,44.0,43.0,0.0,0.0,0.0,0.0,False,False,135.0,2.0,1.1,1.0,1.0,1.1,1.0,0.9,680.0,58.0,680.0,58.0,1.0,0,False,1.0,1.0,68.0,50.0,0.0,33.0,False,True,False,False,True,11.0,1,False,0.0,0.0,0.0,SPOKED,SPOKED,0.0,0.0,0.0,0.0,285.0,790.0,36.0,355.0,1.0
435.0,68.0,625.0,73.0,155.0,46.0,590.0,74.0,645.0,53.0,47.0,32.0,37.5,23.5,23.5,13.0,15.0,ALUMINIUM,48.0,45.0,46.0,0.0,0.0,0.0,0.0,False,False,135.0,2.0,1.0,1.1,0.9,1.2,1.0,0.9,680.0,58.0,680.0,58.0,1.0,0,False,1.0,1.0,68.0,48.0,0.0,32.0,False,True,False,False,True,12.0,1,False,0.0,0.0,0.0,SPOKED,SPOKED,0.0,0.0,0.0,0.0,292.0,775.0,35.0,365.0,1.0
425.0,62.0,600.0,71.0,135.0,44.5,555.0,73.5,615.0,49.0,46.0,31.5,36.5,24.0,24.5,13.0,15.0,ALUMINIUM,40.0,42.0,41.0,0.0,0.0,0.0,0.0,False,False,135.0,2.0,1.0,1.1,0.9,1.2,1.0,0.9,680.0,58.0,680.0,58.0,1.0,0,False,1.0,1.0,68.0,48.0,0.0,34.0,False,True,False,False,True,11.0,1,False,0.0,0.0,0.0,SPOKED,SPOKED,0.0,0.0,0.0,0.0,278.0,760.0,36.0,345.0,1.0
455.0,66.0,655.0,69.5,165.0,48.0,605.0,75.0,660.0,54.0,44.0,30.0,36.0,23.0,23.0,13.0,15.0,ALUMINIUM,50.0,48.0,45.0,0.0,0.0,0.0,0.0,False,False,135.0,2.0,1.1,1.0,1.0,1.1,1.0,0.9,680.0,58.0,680.0,58.0,1.0,0,False,1.0,1.0,68.0,50.0,0.0,31.0,False,True,False,False,True,12.0,1,False,0.0,0.0,0.0,SPOKED,SPOKED,0.0,0.0,0.0,0.0,305.0,815.0,35.0,380.0,1.0
395.0,80.0,650.0,67.0,120.0,45.0,550.0,77.0,620.0,46.0,49.0,31.0,37.0,24.0,25.0,13.0,15.0,ALUMINIUM,35.0,38.0,37.0,0.0,0.0,0.0,0.0,False,False,135.0,2.0,0.9,1.2,0.9,1.2,1.0,0.9,680.0,58.0,680.0,58.0,1.0,0,False,1.0,1.0,68.0,45.0,0.0,34.0,False,True,False,False,True,11.0,1,False,0.0,0.0,0.0,SPOKED,SPOKED,0.0,0.0,0.0,0.0,265.0,755.0,35.0,355.0,1.0
405.0,68.0,615.0,72.5,138.0,46.5,565.0,74.5,630.0,51.0,47.5,32.5,36.2,24.3,23.7,13.0,15.0,ALUMINIUM,44.0,43.0,42.5,0.0,0.0,0.0,0.0,False,False,135.0,2.0,1.0,1.1,0.9,1.2,1.0,0.9,680.0,58.0,680.0,58.0,1.0,0,False,1.0,1.0,68.0,47.0,0.0,33.0,False,True,False,False,True,12.0,1,False,0.0,0.0,0.0,SPOKED,SPOKED,0.0,0.0,0.0,0.0,288.0,765.0,35.7,340.0,1.0
430.0,70.0,630.0,67.0,150.0,45.0,550.0,73.0,650.0,45.0,45.0,34.0,36.5,23.0,23.0,13.0,15.0,ALUMINIUM,30.0,70.0,50.0,0.0,0.0,0.0,0.0,False,False,135.0,1.2,1.1,1.3,1.1,1.0,1.0,1.1,740.0,53.0,740.0,53.0,1.0,1,False,1.0,3.0,68.0,50.0,0.0,31.8,False,False,False,False,True,12.0,1,False,0.0,0.0,0,SPOKED,SPOKED,0.0,0.0,80.0,80.0,300.0,760.0,36.5,400.0,1.0
440.0,70.0,640.0,68.0,160.0,45.0,560.0,74.0,660.0,50.0,45.0,32.0,38.0,24.0,24.0,13.0,15.0,ALUMINIUM,32.0,75.0,55.0,0.0,0.0,0.0,0.0,False,False,148.0,1.3,1.1,1.3,1.1,1.0,1.0,1.1,740.0,53.0,740.0,53.0,1.0,2,False,1.0,3.0,68.0,52.0,0.0,31.8,False,False,False,False,True,12.0,1,False,0.0,0.0,0,TRISPOKE,SPOKED,1.0,0.0,100.0,80.0,300.0,755.0,36.5,400.0,1.0
420.0,70.0,620.0,66.0,140.0,40.0,540.0,73.5,640.0,45.0,45.0,33.0,36.5,23.5,23.5,13.0,15.0,ALUMINIUM,28.0,68.0,48.0,0.0,0.0,0.0,0.0,False,False,135.0,1.2,1.0,1.2,1.0,0.9,0.9,1.0,740.0,55.0,740.0,55.0,1.0,0,False,1.0,3.0,68.0,48.0,0.0,31.8,False,False,False,False,True,11.0,1,False,0.0,0.0,0,SPOKED,DISC,0.0,0.0,80.0,0.0,300.0,750.0,36.5,400.0,1.0
450.0,70.0,600.0,67.5,120.0,50.0,520.0,74.0,630.0,48.0,45.0,30.0,36.0,22.0,22.0,13.0,15.0,ALUMINIUM,25.0,65.0,45.0,0.0,0.0,0.0,0.0,False,False,148.0,1.1,1.0,1.2,1.0,0.9,0.9,1.0,700.0,50.0,700.0,50.0,1.0,1,False,1.0,3.0,68.0,46.0,0.0,31.8,False,False,False,False,True,12.0,1,False,0.0,0.0,0,SPOKED,SPOKED,0.0,0.0,80.0,80.0,305.0,730.0,36.0,380.0,1.0
430.0,70.0,635.0,67.0,155.0,45.0,550.0,73.0,648.0,46.0,45.0,34.0,36.5,23.0,23.0,13.0,15.0,ALUMINIUM,29.0,72.0,52.0,0.0,0.0,0.0,0.0,False,False,135.0,1.2,1.1,1.3,1.1,1.0,1.0,1.1,740.0,53.0,740.0,53.0,1.0,1,False,1.0,3.0,68.0,50.0,0.0,31.8,False,False,False,False,True,12.0,1,False,0.0,0.0,0,SPOKED,TRISPOKE,0.0,1.0,80.0,100.0,300.0,755.0,36.5,400.0,1.0
435.0,70.0,625.0,66.5,145.0,45.0,545.0,73.5,642.0,47.0,45.0,34.0,36.5,23.0,23.0,13.0,15.0,ALUMINIUM,28.0,70.0,50.0,0.0,0.0,0.0,0.0,False,False,148.0,1.3,1.1,1.3,1.1,1.0,1.0,1.1,740.0,53.0,740.0,53.0,1.0,1,False,1.0,3.0,68.0,50.0,0.0,31.8,False,False,True,False,True,12.0,1,False,0.0,0.0,0,SPOKED,SPOKED,0.0,0.0,80.0,80.0,305.0,750.0,36.5,400.0,1.0
425.0,70.0,630.0,67.0,150.0,45.0,550.0,74.0,650.0,45.0,45.0,34.0,36.5,23.0,23.0,13.0,15.0,ALUMINIUM,30.0,70.0,50.0,0.0,0.0,0.0,0.0,False,False,135.0,1.2,1.1,1.3,1.1,1.0,1.0,1.1,740.0,53.0,740.0,53.0,1.0,0,False,1.0,3.0,68.0,50.0,0.0,31.8,False,False,False,True,True,11.0,1,False,0.0,0.0,0,SPOKED,SPOKED,0.0,0.0,80.0,80.0,300.0,760.0,36.5,400.0,1.0
430.0,70.0,635.0,67.5,152.0,45.0,550.0,73.5,654.0,46.0,45.0,34.0,36.5,23.0,23.0,13.0,15.0,ALUMINIUM,29.0,70.0,50.0,0.0,0.0,0.0,0.0,False,False,148.0,1.3,1.1,1.3,1.1,1.0,1.0,1.1,740.0,53.0,740.0,53.0,1.0,1,False,1.0,3.0,68.0,50.0,0.0,31.8,False,True,False,False,True,12.0,1,False,0.0,0.0,0,SPOKED,SPOKED,0.0,0.0,80.0,80.0,300.0,758.0,36.5,400.0,1.0
430.0,70.0,630.0,67.0,150.0,45.0,560.0,73.0,650.0,46.0,45.0,34.0,36.5,23.0,23.0,13.0,15.0,ALUMINIUM,30.0,72.0,50.0,0.0,0.0,0.0,0.0,False,False,135.0,1.2,1.1,1.3,1.1,1.0,1.0,1.1,740.0,53.0,740.0,53.0,1.0,2,False,1.0,3.0,68.0,50.0,0.0,31.8,True,False,False,False,True,12.0,1,False,0.0,0.0,0,SPOKED,SPOKED,0.0,0.0,80.0,80.0,300.0,760.0,36.5,405.0,1.0
430.0,70.0,635.0,67.5,155.0,45.0,550.0,74.0,652.0,47.0,45.0,34.0,36.5,23.0,23.0,13.0,15.0,ALUMINIUM,31.0,73.0,52.0,0.0,0.0,0.0,0.0,False,False,148.0,1.3,1.1,1.3,1.1,1.0,1.0,1.1,740.0,53.0,740.0,53.0,1.0,1,False,1.0,3.0,68.0,50.0,0.0,31.8,True,True,False,False,True,12.0,1,False,0.0,0.0,0,SPOKED,SPOKED,0.0,0.0,80.0,80.0,300.0,758.0,36.5,400.0,1.0
430.0,35.0,620.0,68.0,140.0,50.0,530.0,73.0,660.0,45.0,40.0,50.0,36.5,36.5,23.0,13.0,9.0,ALUMINIUM,35.0,55.0,50.0,330.0,350.0,16.0,18.0,False,False,135.0,2.0,1.0,1.2,1.0,1.0,1.0,1.0,690.0,50.0,690.0,50.0,1.0,1,False,1.0,1.0,68.0,50.0,0.0,35.0,True,True,False,False,True,12.0,1,False,0.0,0.0,0,SPOKED,SPOKED,0.0,0.0,0.0,0.0,280.0,760.0,36.5,350.0,1.0
440.0,32.0,600.0,67.0,150.0,55.0,520.0,74.0,650.0,45.0,40.0,52.0,36.5,36.5,23.0,13.0,9.0,ALUMINIUM,40.0,60.0,55.0,330.0,350.0,16.0,18.0,False,False,135.0,2.0,1.0,1.2,1.0,1.0,1.0,1.0,690.0,50.0,690.0,50.0,1.0,2,False,1.0,3.0,70.0,55.0,0.0,35.0,False,True,False,False,True,11.0,2,False,0.0,0.0,0,SPOKED,SPOKED,0.0,0.0,0.0,0.0,280.0,770.0,36.5,350.0,1.0
420.0,30.0,640.0,69.0,130.0,50.0,540.0,73.0,670.0,45.0,40.0,50.0,36.5,36.5,23.0,13.0,9.0,ALUMINIUM,33.0,50.0,48.0,330.0,350.0,16.0,18.0,False,False,135.0,2.0,1.0,1.2,1.0,1.0,1.0,1.0,690.0,50.0,690.0,50.0,1.0,0,False,1.0,1.0,68.0,48.0,0.0,35.0,True,False,False,False,True,12.0,1,False,0.0,0.0,0,SPOKED,SPOKED,0.0,0.0,0.0,0.0,280.0,755.0,36.5,350.0,1.0
450.0,40.0,610.0,68.5,160.0,50.0,550.0,72.5,655.0,45.0,40.0,50.0,36.5,36.5,23.0,13.0,9.0,ALUMINIUM,42.0,62.0,58.0,330.0,350.0,16.0,18.0,False,False,135.0,2.0,1.0,1.2,1.0,1.0,1.0,1.0,690.0,50.0,690.0,50.0,1.0,1,False,1.0,1.0,68.0,50.0,0.0,35.0,False,False,False,False,True,10.0,1,False,0.0,0.0,0,SPOKED,SPOKED,0.0,0.0,0.0,0.0,280.0,765.0,36.5,350.0,1.0
435.0,38.0,630.0,67.5,120.0,50.0,525.0,73.5,665.0,45.0,40.0,50.0,36.5,36.5,23.0,13.0,9.0,ALUMINIUM,30.0,52.0,52.0,330.0,350.0,16.0,18.0,False,False,135.0,2.0,1.0,1.2,1.0,1.0,1.0,1.0,690.0,50.0,690.0,50.0,1.0,2,False,1.0,2.0,66.0,50.0,0.0,35.0,True,False,False,False,True,12.0,2,False,0.0,0.0,0,SPOKED,SPOKED,0.0,0.0,0.0,0.0,280.0,750.0,36.5,350.0,1.0
440.0,35.0,615.0,68.2,145.0,50.0,530.0,74.2,660.0,45.0,40.0,50.0,36.5,36.5,23.0,13.0,9.0,ALUMINIUM,38.0,57.0,53.0,330.0,350.0,16.0,18.0,False,False,135.0,2.0,1.0,1.2,1.0,1.0,1.0,1.0,690.0,50.0,690.0,50.0,1.0,0,False,1.0,1.0,68.0,50.0,0.0,35.0,False,True,False,False,True,11.0,1,False,0.0,0.0,0,SPOKED,SPOKED,0.0,0.0,0.0,0.0,280.0,758.0,36.5,350.0,1.0
425.0,33.0,605.0,69.5,135.0,50.0,535.0,73.8,660.0,45.0,40.0,50.0,36.5,36.5,23.0,13.0,9.0,ALUMINIUM,32.0,58.0,47.0,330.0,350.0,16.0,18.0,False,False,135.0,2.0,1.0,1.2,1.0,1.0,1.0,1.0,690.0,50.0,690.0,50.0,1.0,1,False,1.0,1.0,68.0,50.0,0.0,35.0,True,True,False,False,True,10.0,2,False,0.0,0.0,0,SPOKED,SPOKED,0.0,0.0,0.0,0.0,280.0,752.0,36.5,350.0,1.0
455.0,28.0,650.0,66.5,170.0,50.0,560.0,72.0,680.0,45.0,40.0,50.0,36.5,36.5,23.0,13.0,9.0,ALUMINIUM,45.0,65.0,60.0,330.0,350.0,16.0,18.0,False,False,135.0,2.0,1.0,1.2,1.0,1.0,1.0,1.0,690.0,50.0,690.0,50.0,1.0,2,False,1.0,3.0,68.0,55.0,0.0,35.0,False,True,False,False,True,12.0,1,False,0.0,0.0,0,SPOKED,SPOKED,0.0,0.0,0.0,0.0,280.0,770.0,36.5,350.0,1.0
460.0,31.0,625.0,68.8,155.0,50.0,545.0,74.5,670.0,45.0,40.0,50.0,36.5,36.5,23.0,13.0,9.0,ALUMINIUM,37.0,56.0,54.0,330.0,350.0,16.0,18.0,False,False,135.0,2.0,1.0,1.2,1.0,1.0,1.0,1.0,690.0,50.0,690.0,50.0,1.0,1,False,1.0,1.0,68.0,50.0,0.0,35.0,False,False,False,False,True,11.0,2,False,0.0,0.0,0,SPOKED,SPOKED,0.0,0.0,0.0,0.0,280.0,760.0,36.5,350.0,1.0
438.0,34.0,612.0,68.0,135.0,50.0,525.0,73.2,655.0,45.0,40.0,50.0,36.5,36.5,23.0,13.0,9.0,ALUMINIUM,36.0,54.0,51.0,330.0,350.0,16.0,18.0,False,False,135.0,2.0,1.0,1.2,1.0,1.0,1.0,1.0,690.0,50.0,690.0,50.0,1.0,0,False,1.0,2.0,66.0,50.0,0.0,35.0,False,True,False,False,True,11.0,2,False,0.0,0.0,0,SPOKED,SPOKED,0.0,0.0,0.0,0.0,280.0,755.0,36.5,350.0,1.0
440.0,70.0,620.0,74.0,160.0,50.0,560.0,73.0,650.0,45.0,50.0,28.6,34.9,36.5,36.5,13.0,15,ALUMINIUM,35.0,40.0,45.0,330.0,350.0,16.0,18,False,False,140.0,2.0,1.0,1.0,1.0,1.0,1.0,1.0,700.0,50.0,700.0,50.0,1.0,1,False,1.0,1.0,68.0,45.0,0.0,34,False,True,False,False,True,12.0,2,False,0.0,0.0,0,DISC,SPOKED,0.0,0.0,0.0,0.0,300.0,760.0,34.9,350.0,1.0
420.0,68.0,625.0,74.5,165.0,52.0,550.0,74.0,660.0,45.0,50.0,28.0,36.0,36.5,36.5,13.5,15.5,ALUMINIUM,36.0,41.0,46.0,332.0,352.0,17.0,19,True,True,135.0,2.0,1.0,1.0,1.1,1.1,1.0,1.0,710.0,55.0,710.0,55.0,1.0,2,False,1.0,1.0,70.0,46.0,0.0,33,True,True,True,False,True,12.0,1,False,0.0,0.0,0,DISC,DISC,0.0,0.0,0.0,0.0,310.0,760.0,35.0,360.0,1.0
455.0,65.0,600.0,66.0,100.0,48.0,550.0,73.0,630.0,45.0,45.0,30.0,28.6,36.5,23.35,13.0,16.0,ALUMINIUM,30.0,50.0,40.0,330.0,350.0,16.0,18.0,False,False,140.0,2.1,0.9,1.1,1.2,1.0,0.9,1.0,680.0,50.0,680.0,50.0,1.0,1,False,1.0,1.0,68.0,45.0,0.0,31.8,False,True,False,False,True,12.0,1,False,0.0,0.0,0,SPOKED,SPOKED,0.0,0.0,80.0,80.0,280.0,770.0,34.9,300.0,1.0
460.0,68.0,610.0,65.0,105.0,50.0,560.0,74.0,640.0,50.0,45.0,31.0,29.0,36.5,23.35,14.0,17.0,ALUMINIUM,32.0,52.0,42.0,335.0,355.0,16.0,18.0,False,False,135.0,2.0,1.0,1.2,1.3,1.1,1.0,1.1,690.0,52.0,690.0,52.0,1.0,2,False,1.0,1.0,70.0,50.0,0.0,32.0,False,True,False,False,True,11.0,2,False,0.0,0.0,0,SPOKED,SPOKED,0.0,0.0,80.0,80.0,285.0,765.0,35.0,290.0,1.0
470.0,72.0,620.0,67.0,95.0,52.0,555.0,73.5,650.0,48.0,45.0,32.0,30.0,36.5,23.35,12.0,15.0,ALUMINIUM,28.0,55.0,38.0,340.0,360.0,16.0,18.0,False,False,138.0,2.2,1.0,1.1,1.2,1.0,0.9,1.0,670.0,48.0,670.0,48.0,1.0,1,False,1.0,1.0,68.0,45.0,0.0,31.8,False,True,False,False,True,12.0,1,False,0.0,0.0,0,SPOKED,SPOKED,0.0,0.0,80.0,80.0,275.0,780.0,34.9,310.0,1.0
480.0,70.0,630.0,64.0,110.0,50.0,545.0,72.0,635.0,45.0,45.0,29.0,28.0,36.5,23.35,13.0,17.0,ALUMINIUM,35.0,48.0,45.0,330.0,345.0,16.0,18.0,False,False,142.0,2.1,0.95,1.15,1.25,1.05,0.95,1.05,685.0,51.0,685.0,51.0,1.0,2,False,1.0,1.0,67.0,46.0,0.0,32.1,False,True,False,False,True,10.0,2,False,0.0,0.0,0,SPOKED,SPOKED,0.0,0.0,80.0,80.0,290.0,760.0,35.0,295.0,1.0
452.0,66.0,610.0,68.0,102.0,49.0,560.0,73.0,645.0,47.0,45.0,30.0,29.0,36.5,23.35,12.0,16.0,ALUMINIUM,30.0,50.0,40.0,335.0,350.0,16.0,18.0,False,False,136.0,2.05,0.9,1.1,1.2,1.0,0.9,1.0,675.0,47.0,675.0,47.0,1.0,1,False,1.0,1.0,69.0,44.0,0.0,31.8,False,True,False,False,True,11.0,1,False,0.0,0.0,0,SPOKED,SPOKED,0.0,0.0,80.0,80.0,285.0,775.0,34.9,305.0,1.0
495.0,73.0,640.0,65.0,108.0,54.0,570.0,74.0,660.0,50.0,45.0,32.0,30.0,36.5,23.35,14.0,18.0,ALUMINIUM,36.0,56.0,43.0,345.0,355.0,16.0,18.0,False,False,140.0,2.2,1.0,1.2,1.3,1.1,1.0,1.1,690.0,55.0,690.0,55.0,1.0,2,False,1.0,1.0,70.0,47.0,0.0,32.0,False,True,False,False,True,12.0,1,False,0.0,0.0,0,SPOKED,SPOKED,0.0,0.0,80.0,80.0,280.0,770.0,34.9,310.0,1.0
460.0,72.0,600.0,67.5,97.0,47.0,565.0,73.2,625.0,46.0,45.0,31.2,28.7,36.5,23.35,13.5,16.5,ALUMINIUM,31.0,53.0,39.0,338.0,352.0,16.0,18.0,False,False,137.0,2.0,0.9,1.1,1.2,1.0,0.9,1.0,682.0,51.0,682.0,51.0,1.0,1,False,1.0,1.0,68.0,45.0,0.0,31.8,False,True,False,False,True,11.0,2,False,0.0,0.0,0,SPOKED,SPOKED,0.0,0.0,80.0,80.0,278.0,765.0,34.9,302.0,1.0
480.0,71.0,615.0,64.5,112.0,50.0,550.0,72.5,640.0,45.0,45.0,29.0,28.0,36.5,23.35,12.0,17.0,ALUMINIUM,34.0,49.0,44.0,332.0,348.0,16.0,18.0,False,False,141.0,2.15,0.95,1.15,1.25,1.05,0.95,1.05,688.0,53.0,688.0,53.0,1.0,2,False,1.0,1.0,69.0,46.0,0.0,32.1,False,True,False,False,True,12.0,1,False,0.0,0.0,0,SPOKED,SPOKED,0.0,0.0,80.0,80.0,282.0,772.0,34.9,308.0,1.0
450.0,69.0,605.0,66.8,104.0,49.0,558.0,73.8,635.0,47.0,45.0,30.0,29.5,36.5,23.35,13.0,16.0,ALUMINIUM,29.0,51.0,41.0,336.0,354.0,16.0,18.0,False,False,139.0,2.05,1.0,1.1,1.2,1.0,0.9,1.0,678.0,49.0,678.0,49.0,1.0,1,False,1.0,1.0,68.0,45.0,0.0,31.8,False,True,False,False,True,11.0,2,False,0.0,0.0,0,SPOKED,SPOKED,0.0,0.0,80.0,80.0,276.0,768.0,34.9,304.0,1.0
485.0,67.0,625.0,65.5,107.0,53.0,565.0,74.1,655.0,49.0,45.0,31.5,29.2,36.5,23.35,14.0,18.0,ALUMINIUM,37.0,54.0,42.0,344.0,358.0,16.0,18.0,False,False,142.0,2.2,1.0,1.2,1.3,1.1,1.0,1.1,692.0,56.0,692.0,56.0,1.0,2,False,1.0,1.0,70.0,48.0,0.0,32.5,False,True,False,False,True,12.0,1,False,0.0,0.0,0,SPOKED,SPOKED,0.0,0.0,80.0,80.0,288.0,778.0,34.9,315.0,1.0
435.0,65.0,620.0,68.0,150.0,50.0,500.0,74.0,650.0,50.0,47.0,30.0,38.0,32.0,25.0,15.0,9,ALUMINIUM,40.0,45.0,55.0,0.0,0.0,0.0,0,False,False,135.0,1.2,1.2,1.5,1.2,1.2,1.2,1.2,720.0,100.0,720.0,100.0,1.0,0,False,1.0,1.0,68.0,50.0,0.0,34,True,True,False,False,False,12.0,1,False,0.0,0.0,0,SPOKED,SPOKED,0.0,0.0,0.0,0.0,280.0,830.0,38.0,330.0,1.0
440.0,63.0,610.0,69.0,160.0,52.0,520.0,74.5,660.0,45.0,47.0,32.0,40.0,33.0,26.0,16.0,10,ALUMINIUM,42.0,46.0,52.0,0.0,0.0,0.0,0,False,False,135.0,1.3,1.2,1.5,1.3,1.2,1.3,1.3,700.0,90.0,700.0,90.0,1.0,1,False,1.0,1.0,68.0,52.0,0.0,35,True,False,False,False,False,11.0,1,False,0.0,0.0,0,DISC,SPOKED,0.0,0.0,0.0,0.0,290.0,820.0,40.0,340.0,1.0
430.0,67.0,630.0,67.0,140.0,48.0,510.0,73.5,640.0,50.0,47.0,28.0,36.0,30.0,24.0,14.0,9,ALUMINIUM,38.0,44.0,54.0,0.0,0.0,0.0,0,False,False,135.0,1.2,1.1,1.4,1.1,1.2,1.1,1.2,730.0,110.0,730.0,110.0,1.0,0,False,1.0,2.0,70.0,48.0,0.0,33,False,True,True,True,False,12.0,2,False,0.0,0.0,0,SPOKED,SPOKED,0.0,0.0,0.0,0.0,300.0,840.0,36.0,310.0,2.0
445.0,64.0,615.0,68.5,155.0,50.0,530.0,74.0,655.0,48.0,47.0,31.0,39.0,32.0,26.0,15.0,9,ALUMINIUM,41.0,47.0,53.0,0.0,0.0,0.0,0,False,False,135.0,1.3,1.2,1.4,1.3,1.2,1.2,1.3,720.0,102.0,720.0,102.0,1.0,1,False,1.0,1.0,68.0,52.0,0.0,34,True,True,False,False,False,11.0,1,False,0.0,0.0,0,SPOKED,DISC,0.0,0.0,0.0,0.0,285.0,825.0,39.0,320.0,1.0
438.0,66.0,625.0,69.0,145.0,49.0,515.0,74.2,645.0,47.0,47.0,29.0,37.0,31.0,25.0,15.0,9,ALUMINIUM,39.0,45.0,55.0,5.0,5.0,16.0,18,True,True,135.0,1.2,1.2,1.3,1.2,1.2,1.2,1.2,715.0,95.0,715.0,95.0,1.0,0,False,1.0,1.0,68.0,49.0,0.0,33,True,True,False,False,False,10.0,1,False,0.0,0.0,0,SPOKED,DISC,0.0,0.0,0.0,0.0,290.0,835.0,37.0,335.0,1.0
432.0,62.0,605.0,68.0,135.0,51.0,505.0,73.8,635.0,52.0,47.0,30.0,38.0,32.0,26.0,15.0,9,ALUMINIUM,37.0,43.0,56.0,0.0,0.0,0.0,0,False,False,148.0,1.3,1.2,1.5,1.2,1.2,1.2,1.3,780.0,120.0,780.0,120.0,1.0,1,False,1.0,1.0,68.0,53.0,0.0,36,True,False,True,False,False,12.0,2,False,0.0,0.0,0,SPOKED,SPOKED,0.0,0.0,0.0,0.0,295.0,845.0,38.0,350.0,1.0
438.0,68.0,635.0,67.5,170.0,50.0,540.0,74.3,670.0,46.0,47.0,34.0,42.0,35.0,28.0,16.0,10,ALUMINIUM,45.0,49.0,50.0,0.0,0.0,0.0,0,False,False,148.0,1.2,1.3,1.4,1.3,1.2,1.2,1.3,760.0,115.0,760.0,115.0,1.0,0,False,1.0,2.0,80.0,55.0,0.0,38,True,True,True,True,False,10.0,1,False,0.0,0.0,0,DISC,DISC,0.0,0.0,0.0,0.0,285.0,850.0,42.0,340.0,2.0
440.0,65.0,618.0,68.2,158.0,51.0,525.0,74.1,648.0,49.0,47.0,31.0,37.0,32.0,25.0,15.0,9,ALUMINIUM,43.0,47.0,51.0,0.0,0.0,0.0,0,False,False,135.0,1.2,1.1,1.4,1.2,1.2,1.1,1.2,710.0,100.0,710.0,100.0,0.0,2,False,1.0,3.0,68.0,50.0,0.0,34,False,True,False,True,False,12.0,2,True,0.0,0.0,0,SPOKED,SPOKED,0.0,0.0,0.0,0.0,295.0,825.0,37.0,345.0,1.0
436.0,64.0,622.0,67.8,152.0,50.0,515.0,74.0,655.0,47.0,47.0,30.0,38.0,32.0,26.0,15.0,9,ALUMINIUM,42.0,46.0,52.0,0.0,0.0,0.0,0,False,False,135.0,1.1,1.2,1.3,1.2,1.1,1.1,1.2,725.0,108.0,725.0,108.0,1.0,1,False,1.0,1.0,68.0,51.0,0.0,34,True,True,False,False,False,11.0,1,False,0.0,0.0,0,SPOKED,DISC,0.0,0.0,0.0,0.0,288.0,832.0,38.0,338.0,1.0
442.0,65.0,628.0,68.6,165.0,53.0,545.0,74.5,675.0,46.0,47.0,34.0,41.0,34.0,27.0,17.0,10,ALUMINIUM,44.0,50.0,58.0,0.0,0.0,0.0,0,False,False,148.0,1.2,1.2,1.5,1.3,1.2,1.2,1.3,735.0,112.0,735.0,112.0,1.0,0,False,1.0,1.0,68.0,53.0,0.0,36,True,False,False,True,False,12.0,1,False,0.0,0.0,0,DISC,SPOKED,0.0,0.0,0.0,0.0,292.0,848.0,41.0,348.0,1.0
420.0,45.0,580.0,66.5,110.0,45.0,540.0,73.0,620.0,45.0,40.0,28.6,36.5,36.5,25.0,13.0,15,ALUMINIUM,30.0,45.0,45.0,330.0,350.0,16.0,18,False,False,135.0,2.0,0.9,1.1,1.2,1.0,0.9,1.0,735.0,113.0,735.0,113.0,1.0,0,False,1.0,3.0,68.0,45.0,0.0,31.8,False,False,False,False,True,11.0,1,False,0.0,0.0,0,SPOKED,SPOKED,0.0,0.0,0.0,0.0,270.0,720.0,34.9,700.0,1.0
430.0,50.0,590.0,67.0,120.0,45.0,550.0,73.5,630.0,46.0,40.0,28.6,36.5,36.5,26.0,13.0,15,ALUMINIUM,32.0,48.0,48.0,330.0,350.0,16.0,18,False,False,135.0,2.0,0.9,1.1,1.2,1.0,0.9,1.0,735.0,113.0,735.0,113.0,1.0,1,False,1.0,1.0,68.0,45.0,0.0,31.8,False,False,False,False,True,11.0,1,False,0.0,0.0,0,SPOKED,SPOKED,0.0,0.0,0.0,0.0,275.0,730.0,34.9,710.0,1.0
440.0,55.0,600.0,67.5,130.0,45.0,560.0,74.0,640.0,47.0,40.0,28.6,36.5,36.5,27.0,13.0,15,ALUMINIUM,34.0,51.0,51.0,330.0,350.0,16.0,18,False,False,135.0,2.0,0.9,1.1,1.2,1.0,0.9,1.0,735.0,113.0,735.0,113.0,1.0,2,False,1.0,2.0,68.0,45.0,0.0,31.8,False,False,False,False,True,11.0,1,False,0.0,0.0,0,SPOKED,SPOKED,0.0,0.0,0.0,0.0,280.0,740.0,34.9,720.0,1.0
450.0,60.0,610.0,68.0,140.0,45.0,570.0,74.5,650.0,48.0,40.0,28.6,36.5,36.5,28.0,13.0,15,ALUMINIUM,36.0,54.0,54.0,330.0,350.0,16.0,18,False,False,135.0,2.0,0.9,1.1,1.2,1.0,0.9,1.0,735.0,113.0,735.0,113.0,1.0,0,False,1.0,3.0,68.0,45.0,0.0,31.8,False,False,False,False,True,11.0,1,False,0.0,0.0,0,SPOKED,SPOKED,0.0,0.0,0.0,0.0,285.0,750.0,34.9,730.0,1.0
460.0,65.0,620.0,68.5,150.0,45.0,580.0,75.0,660.0,49.0,40.0,28.6,36.5,36.5,29.0,13.0,15,ALUMINIUM,38.0,57.0,57.0,330.0,350.0,16.0,18,False,False,135.0,2.0,0.9,1.1,1.2,1.0,0.9,1.0,735.0,113.0,735.0,113.0,1.0,1,False,1.0,1.0,68.0,45.0,0.0,31.8,False,False,False,False,True,11.0,1,False,0.0,0.0,0,SPOKED,SPOKED,0.0,0.0,0.0,0.0,290.0,760.0,34.9,740.0,1.0
470.0,70.0,630.0,69.0,160.0,45.0,590.0,73.2,670.0,50.0,40.0,28.6,36.5,36.5,30.0,13.0,15,ALUMINIUM,40.0,60.0,60.0,330.0,350.0,16.0,18,False,False,135.0,2.0,0.9,1.1,1.2,1.0,0.9,1.0,735.0,113.0,735.0,113.0,1.0,2,False,1.0,2.0,68.0,45.0,0.0,31.8,False,False,False,False,True,11.0,1,False,0.0,0.0,0,SPOKED,SPOKED,0.0,0.0,0.0,0.0,295.0,770.0,34.9,750.0,1.0
480.0,75.0,640.0,69.5,170.0,45.0,600.0,74.2,680.0,51.0,40.0,28.6,36.5,36.5,31.0,13.0,15,ALUMINIUM,42.0,63.0,63.0,330.0,350.0,16.0,18,False,False,135.0,2.0,0.9,1.1,1.2,1.0,0.9,1.0,735.0,113.0,735.0,113.0,1.0,0,False,1.0,3.0,68.0,45.0,0.0,31.8,False,False,False,False,True,11.0,1,False,0.0,0.0,0,SPOKED,SPOKED,0.0,0.0,0.0,0.0,300.0,780.0,34.9,760.0,1.0
490.0,40.0,650.0,65.0,180.0,45.0,520.0,73.8,610.0,52.0,40.0,28.6,36.5,36.5,32.0,13.0,15,ALUMINIUM,44.0,66.0,66.0,330.0,350.0,16.0,18,False,False,135.0,2.0,0.9,1.1,1.2,1.0,0.9,1.0,735.0,113.0,735.0,113.0,1.0,1,False,1.0,1.0,68.0,45.0,0.0,31.8,False,False,False,False,True,11.0,1,False,0.0,0.0,0,SPOKED,SPOKED,0.0,0.0,0.0,0.0,305.0,790.0,34.9,770.0,1.0
500.0,35.0,660.0,70.0,190.0,45.0,510.0,74.8,600.0,53.0,40.0,28.6,36.5,36.5,33.0,13.0,15,ALUMINIUM,46.0,69.0,69.0,330.0,350.0,16.0,18,False,False,135.0,2.0,0.9,1.1,1.2,1.0,0.9,1.0,735.0,113.0,735.0,113.0,1.0,2,False,1.0,2.0,68.0,45.0,0.0,31.8,False,False,False,False,True,11.0,1,False,0.0,0.0,0,SPOKED,SPOKED,0.0,0.0,0.0,0.0,310.0,800.0,34.9,780.0,1.0
510.0,30.0,570.0,66.0,100.0,45.0,530.0,75.0,590.0,54.0,40.0,28.6,36.5,36.5,34.0,13.0,15,ALUMINIUM,48.0,72.0,72.0,330.0,350.0,16.0,18,False,False,135.0,2.0,0.9,1.1,1.2,1.0,0.9,1.0,735.0,113.0,735.0,113.0,1.0,0,False,1.0,3.0,68.0,45.0,0.0,31.8,False,False,False,False,True,11.0,1,False,0.0,0.0,0,SPOKED,SPOKED,0.0,0.0,0.0,0.0,315.0,710.0,34.9,790.0,1.0
420.0,55.0,620.0,68.0,120.0,45.0,560.0,72.0,640.0,50.0,45.0,40.0,28.6,36.5,37.5,13.0,15,ALUMINIUM,30.0,40.0,45.0,330.0,350.0,16.0,18,False,False,135.0,2.0,0.9,1.1,0.9,1.2,1.0,0.9,650.0,69.0,650.0,69.0,1.0,0,False,1.0,1.0,68.0,45.0,0.0,28.6,True,True,False,False,True,12.0,1,False,0.0,0.0,0,SPOKED,SPOKED,0.0,0.0,0.0,0.0,280.0,760.0,34.9,300.0,1.0
430.0,55.0,630.0,69.0,125.0,45.0,570.0,73.0,645.0,50.0,45.0,40.0,28.6,36.5,37.5,13.0,15,ALUMINIUM,30.0,40.0,45.0,330.0,350.0,16.0,18,False,False,135.0,2.0,0.9,1.1,0.9,1.2,1.0,0.9,650.0,69.0,650.0,69.0,1.0,1,False,1.0,1.0,68.0,45.0,0.0,28.6,True,True,False,False,True,12.0,1,False,0.0,0.0,0,SPOKED,SPOKED,0.0,0.0,0.0,0.0,280.0,760.0,34.9,300.0,2.0
440.0,55.0,640.0,70.0,130.0,45.0,580.0,74.0,650.0,50.0,45.0,40.0,28.6,36.5,37.5,13.0,15,ALUMINIUM,30.0,40.0,45.0,330.0,350.0,16.0,18,False,False,135.0,2.0,0.9,1.1,0.9,1.2,1.0,0.9,650.0,69.0,650.0,69.0,1.0,2,False,1.0,1.0,68.0,45.0,0.0,28.6,True,True,False,False,True,12.0,1,False,0.0,0.0,0,SPOKED,SPOKED,0.0,0.0,0.0,0.0,280.0,760.0,34.9,300.0,1.0
450.0,55.0,650.0,71.0,135.0,45.0,590.0,72.0,655.0,50.0,45.0,40.0,28.6,36.5,37.5,13.0,15,ALUMINIUM,30.0,40.0,45.0,330.0,350.0,16.0,18,False,False,135.0,2.0,0.9,1.1,0.9,1.2,1.0,0.9,650.0,69.0,650.0,69.0,1.0,0,False,1.0,1.0,68.0,45.0,0.0,28.6,True,True,False,False,True,12.0,1,False,0.0,0.0,0,SPOKED,SPOKED,0.0,0.0,0.0,0.0,280.0,760.0,34.9,300.0,2.0
460.0,55.0,660.0,72.0,140.0,45.0,600.0,73.0,660.0,50.0,45.0,40.0,28.6,36.5,37.5,13.0,15,ALUMINIUM,30.0,40.0,45.0,330.0,350.0,16.0,18,False,False,135.0,2.0,0.9,1.1,0.9,1.2,1.0,0.9,650.0,69.0,650.0,69.0,1.0,1,False,1.0,1.0,68.0,45.0,0.0,28.6,True,True,False,False,True,12.0,1,False,0.0,0.0,0,SPOKED,SPOKED,0.0,0.0,0.0,0.0,280.0,760.0,34.9,300.0,1.0
470.0,55.0,670.0,73.0,145.0,45.0,610.0,74.0,665.0,50.0,45.0,40.0,28.6,36.5,37.5,13.0,15,ALUMINIUM,30.0,40.0,45.0,330.0,350.0,16.0,18,False,False,135.0,2.0,0.9,1.1,0.9,1.2,1.0,0.9,650.0,69.0,650.0,69.0,1.0,2,False,1.0,1.0,68.0,45.0,0.0,28.6,True,True,False,False,True,12.0,1,False,0.0,0.0,0,SPOKED,SPOKED,0.0,0.0,0.0,0.0,280.0,760.0,34.9,300.0,2.0
480.0,55.0,680.0,74.0,150.0,45.0,620.0,72.0,670.0,50.0,45.0,40.0,28.6,36.5,37.5,13.0,15,ALUMINIUM,30.0,40.0,45.0,330.0,350.0,16.0,18,False,False,135.0,2.0,0.9,1.1,0.9,1.2,1.0,0.9,650.0,69.0,650.0,69.0,1.0,0,False,1.0,1.0,68.0,45.0,0.0,28.6,True,True,False,False,True,12.0,1,False,0.0,0.0,0,SPOKED,SPOKED,0.0,0.0,0.0,0.0,280.0,760.0,34.9,300.0,1.0
490.0,55.0,690.0,75.0,155.0,45.0,630.0,73.0,675.0,50.0,45.0,40.0,28.6,36.5,37.5,13.0,15,ALUMINIUM,30.0,40.0,45.0,330.0,350.0,16.0,18,False,False,135.0,2.0,0.9,1.1,0.9,1.2,1.0,0.9,650.0,69.0,650.0,69.0,1.0,1,False,1.0,1.0,68.0,45.0,0.0,28.6,True,True,False,False,True,12.0,1,False,0.0,0.0,0,SPOKED,SPOKED,0.0,0.0,0.0,0.0,280.0,760.0,34.9,300.0,2.0
500.0,55.0,700.0,66.0,160.0,45.0,640.0,74.0,680.0,50.0,45.0,40.0,28.6,36.5,37.5,13.0,15,ALUMINIUM,30.0,40.0,45.0,330.0,350.0,16.0,18,False,False,135.0,2.0,0.9,1.1,0.9,1.2,1.0,0.9,650.0,69.0,650.0,69.0,1.0,2,False,1.0,1.0,68.0,45.0,0.0,28.6,True,True,False,False,True,12.0,1,False,0.0,0.0,0,SPOKED,SPOKED,0.0,0.0,0.0,0.0,280.0,760.0,34.9,300.0,1.0
510.0,55.0,710.0,67.0,165.0,45.0,650.0,72.0,685.0,50.0,45.0,40.0,28.6,36.5,37.5,13.0,15,ALUMINIUM,30.0,40.0,45.0,330.0,350.0,16.0,18,False,False,135.0,2.0,0.9,1.1,0.9,1.2,1.0,0.9,650.0,69.0,650.0,69.0,1.0,0,False,1.0,1.0,68.0,45.0,0.0,28.6,True,True,False,False,True,12.0,1,False,0.0,0.0,0,SPOKED,SPOKED,0.0,0.0,0.0,0.0,280.0,760.0,34.9,300.0,2.0
435.0,50.0,580.0,67.0,140.0,45.0,580.0,74.0,650.0,45.0,45.0,28.6,36.5,23.5,23.5,15.0,9.0,ALUMINIUM,33.0,32.0,47.0,0.0,0.0,0.0,0.0,False,False,135.0,2.0,0.9,1.1,0.9,1.2,1.0,0.9,680.0,50.0,680.0,50.0,1.0,1,False,1.0,1.0,68.0,45.0,0.0,45.0,True,True,False,False,False,12.0,1,False,0.0,0.0,0,DISC,DISC,0.0,0.0,0.0,0.0,278.0,710.0,36.5,300.0,1.0
445.0,48.0,590.0,68.5,135.0,45.0,590.0,73.5,645.0,45.0,45.0,28.6,36.5,23.5,23.5,15.0,9.0,ALUMINIUM,33.0,32.0,47.0,0.0,0.0,0.0,0.0,False,False,135.0,2.0,0.9,1.1,0.9,1.2,1.0,0.9,680.0,50.0,680.0,50.0,1.0,1,False,1.0,1.0,68.0,45.0,0.0,45.0,True,True,False,False,False,12.0,1,False,0.0,0.0,0,DISC,DISC,0.0,0.0,0.0,0.0,278.0,715.0,36.5,300.0,1.0
455.0,52.0,570.0,69.0,145.0,45.0,600.0,74.5,655.0,45.0,45.0,28.6,36.5,23.5,23.5,15.0,9.0,ALUMINIUM,33.0,32.0,47.0,0.0,0.0,0.0,0.0,False,False,135.0,2.0,0.9,1.1,0.9,1.2,1.0,0.9,680.0,50.0,680.0,50.0,1.0,1,False,1.0,1.0,68.0,45.0,0.0,45.0,True,True,False,False,False,12.0,1,False,0.0,0.0,0,DISC,DISC,0.0,0.0,0.0,0.0,278.0,705.0,36.5,300.0,1.0
440.0,55.0,600.0,66.5,150.0,45.0,610.0,73.0,660.0,45.0,45.0,28.6,36.5,23.5,23.5,15.0,9.0,ALUMINIUM,33.0,32.0,47.0,0.0,0.0,0.0,0.0,False,False,135.0,2.0,0.9,1.1,0.9,1.2,1.0,0.9,680.0,50.0,680.0,50.0,1.0,1,False,1.0,1.0,68.0,45.0,0.0,45.0,True,True,False,False,False,12.0,1,False,0.0,0.0,0,DISC,DISC,0.0,0.0,0.0,0.0,278.0,720.0,36.5,300.0,1.0
450.0,45.0,610.0,67.5,130.0,45.0,620.0,75.0,640.0,45.0,45.0,28.6,36.5,23.5,23.5,15.0,9.0,ALUMINIUM,33.0,32.0,47.0,0.0,0.0,0.0,0.0,False,False,135.0,2.0,0.9,1.1,0.9,1.2,1.0,0.9,680.0,50.0,680.0,50.0,1.0,1,False,1.0,1.0,68.0,45.0,0.0,45.0,True,True,False,False,False,12.0,1,False,0.0,0.0,0,DISC,DISC,0.0,0.0,0.0,0.0,278.0,700.0,36.5,300.0,1.0
430.0,40.0,565.0,68.0,125.0,45.0,570.0,74.0,650.0,45.0,45.0,28.6,36.5,23.5,23.5,15.0,9.0,ALUMINIUM,33.0,32.0,47.0,0.0,0.0,0.0,0.0,False,False,135.0,2.0,0.9,1.1,0.9,1.2,1.0,0.9,680.0,50.0,680.0,50.0,1.0,1,False,1.0,1.0,68.0,45.0,0.0,45.0,True,True,False,False,False,12.0,1,False,0.0,0.0,0,DISC,DISC,0.0,0.0,0.0,0.0,278.0,725.0,36.5,300.0,1.0
460.0,60.0,595.0,69.5,155.0,45.0,585.0,73.8,655.0,45.0,45.0,28.6,36.5,23.5,23.5,15.0,9.0,ALUMINIUM,33.0,32.0,47.0,0.0,0.0,0.0,0.0,False,False,135.0,2.0,0.9,1.1,0.9,1.2,1.0,0.9,680.0,50.0,680.0,50.0,1.0,1,False,1.0,1.0,68.0,45.0,0.0,45.0,True,True,False,False,False,12.0,1,False,0.0,0.0,0,DISC,DISC,0.0,0.0,0.0,0.0,278.0,730.0,36.5,300.0,1.0
470.0,48.0,585.0,66.0,160.0,45.0,605.0,74.2,660.0,45.0,45.0,28.6,36.5,23.5,23.5,15.0,9.0,ALUMINIUM,33.0,32.0,47.0,0.0,0.0,0.0,0.0,False,False,135.0,2.0,0.9,1.1,0.9,1.2,1.0,0.9,680.0,50.0,680.0,50.0,1.0,1,False,1.0,1.0,68.0,45.0,0.0,45.0,True,True,False,False,False,12.0,1,False,0.0,0.0,0,DISC,DISC,0.0,0.0,0.0,0.0,278.0,705.0,36.5,300.0,1.0
425.0,53.0,575.0,67.8,138.0,45.0,595.0,73.1,645.0,45.0,45.0,28.6,36.5,23.5,23.5,15.0,9.0,ALUMINIUM,33.0,32.0,47.0,0.0,0.0,0.0,0.0,False,False,135.0,2.0,0.9,1.1,0.9,1.2,1.0,0.9,680.0,50.0,680.0,50.0,1.0,1,False,1.0,1.0,68.0,45.0,0.0,45.0,True,True,False,False,False,12.0,1,False,0.0,0.0,0,DISC,DISC,0.0,0.0,0.0,0.0,278.0,715.0,36.5,300.0,1.0
435.0,57.0,605.0,68.2,142.0,45.0,615.0,74.9,650.0,45.0,45.0,28.6,36.5,23.5,23.5,15.0,9.0,ALUMINIUM,33.0,32.0,47.0,0.0,0.0,0.0,0.0,False,False,135.0,2.0,0.9,1.1,0.9,1.2,1.0,0.9,680.0,50.0,680.0,50.0,1.0,1,False,1.0,1.0,68.0,45.0,0.0,45.0,True,True,False,False,False,12.0,1,False,0.0,0.0,0,DISC,DISC,0.0,0.0,0.0,0.0,278.0,710.0,36.5,300.0,1.0
425.0,62.0,620.0,67.0,115.0,45.0,520.0,74.0,650.0,45.0,45.0,30.0,36.5,36.5,23.35,13.0,15.0,ALUMINIUM,35.0,45.0,50.0,330.0,350.0,16.0,18.0,False,False,135.0,2.0,0.9,1.1,0.9,1.2,1.0,0.9,674.0,52.0,674.0,52.0,1.0,1,False,1.0,1.0,68.0,45.0,0.0,31.8,True,True,False,False,False,12.0,1,False,0.0,0.0,0,SPOKED,SPOKED,0.0,0.0,80.0,80.0,280.0,750.0,34.9,330.0,1.0
430.0,64.0,630.0,66.5,120.0,45.0,530.0,73.5,655.0,45.0,45.0,30.0,36.5,36.5,23.35,13.0,15.0,ALUMINIUM,36.0,46.0,51.0,330.0,350.0,16.0,18.0,False,False,135.0,2.0,0.9,1.1,0.9,1.2,1.0,0.9,674.0,52.0,674.0,52.0,1.0,1,False,1.0,1.0,68.0,45.0,0.0,31.8,True,True,False,False,False,12.0,1,False,0.0,0.0,0,SPOKED,SPOKED,0.0,0.0,80.0,80.0,280.0,760.0,34.9,330.0,1.0
435.0,66.0,640.0,68.0,125.0,45.0,540.0,75.0,660.0,45.0,45.0,30.0,36.5,36.5,23.35,13.0,15.0,ALUMINIUM,37.0,47.0,52.0,330.0,350.0,16.0,18.0,False,False,135.0,2.0,0.9,1.1,0.9,1.2,1.0,0.9,674.0,52.0,674.0,52.0,1.0,1,False,1.0,1.0,68.0,45.0,0.0,31.8,True,True,False,False,False,12.0,1,False,0.0,0.0,0,SPOKED,SPOKED,0.0,0.0,80.0,80.0,280.0,770.0,34.9,330.0,1.0
440.0,68.0,650.0,67.5,130.0,45.0,550.0,74.5,665.0,45.0,45.0,30.0,36.5,36.5,23.35,13.0,15.0,ALUMINIUM,38.0,48.0,53.0,330.0,350.0,16.0,18.0,False,False,135.0,2.0,0.9,1.1,0.9,1.2,1.0,0.9,674.0,52.0,674.0,52.0,1.0,1,False,1.0,1.0,68.0,45.0,0.0,31.8,True,True,False,False,False,12.0,1,False,0.0,0.0,0,SPOKED,SPOKED,0.0,0.0,80.0,80.0,280.0,780.0,34.9,330.0,1.0
445.0,70.0,660.0,66.0,135.0,45.0,560.0,73.0,670.0,45.0,45.0,30.0,36.5,36.5,23.35,13.0,15.0,ALUMINIUM,39.0,49.0,54.0,330.0,350.0,16.0,18.0,False,False,135.0,2.0,0.9,1.1,0.9,1.2,1.0,0.9,674.0,52.0,674.0,52.0,1.0,1,False,1.0,1.0,68.0,45.0,0.0,31.8,True,True,False,False,False,12.0,1,False,0.0,0.0,0,SPOKED,SPOKED,0.0,0.0,80.0,80.0,280.0,790.0,34.9,330.0,1.0
450.0,62.0,615.0,66.5,118.0,45.0,525.0,74.0,648.0,45.0,45.0,30.0,36.5,36.5,23.35,13.0,15.0,ALUMINIUM,36.5,45.5,50.5,330.0,350.0,16.0,18.0,False,False,135.0,2.0,0.9,1.1,0.9,1.2,1.0,0.9,674.0,52.0,674.0,52.0,1.0,1,False,1.0,1.0,68.0,45.0,0.0,31.8,True,True,False,False,False,12.0,1,False,0.0,0.0,0,SPOKED,SPOKED,0.0,0.0,80.0,80.0,280.0,755.0,34.9,330.0,1.0
455.0,64.0,625.0,67.2,122.0,45.0,535.0,74.2,658.0,45.0,45.0,30.0,36.5,36.5,23.35,13.0,15.0,ALUMINIUM,37.5,46.5,51.5,330.0,350.0,16.0,18.0,False,False,135.0,2.0,0.9,1.1,0.9,1.2,1.0,0.9,674.0,52.0,674.0,52.0,1.0,1,False,1.0,1.0,68.0,45.0,0.0,31.8,True,True,False,False,False,12.0,1,False,0.0,0.0,0,SPOKED,SPOKED,0.0,0.0,80.0,80.0,280.0,765.0,34.9,330.0,1.0
460.0,66.0,635.0,68.3,128.0,45.0,545.0,74.7,662.0,45.0,45.0,30.0,36.5,36.5,23.35,13.0,15.0,ALUMINIUM,38.3,47.3,52.7,330.0,350.0,16.0,18.0,False,False,135.0,2.0,0.9,1.1,0.9,1.2,1.0,0.9,674.0,52.0,674.0,52.0,1.0,1,False,1.0,1.0,68.0,45.0,0.0,31.8,True,True,False,False,False,12.0,1,False,0.0,0.0,0,SPOKED,SPOKED,0.0,0.0,80.0,80.0,280.0,775.0,34.9,330.0,1.0
465.0,68.0,645.0,67.8,132.0,45.0,555.0,73.8,668.0,45.0,45.0,30.0,36.5,36.5,23.35,13.0,15.0,ALUMINIUM,39.1,48.1,53.1,330.0,350.0,16.0,18.0,False,False,135.0,2.0,0.9,1.1,0.9,1.2,1.0,0.9,674.0,52.0,674.0,52.0,1.0,1,False,1.0,1.0,68.0,45.0,0.0,31.8,True,True,False,False,False,12.0,1,False,0.0,0.0,0,SPOKED,SPOKED,0.0,0.0,80.0,80.0,280.0,785.0,34.9,330.0,1.0
470.0,70.0,655.0,66.8,138.0,45.0,565.0,73.2,672.0,45.0,45.0,30.0,36.5,36.5,23.35,13.0,15.0,ALUMINIUM,39.5,49.5,54.5,330.0,350.0,16.0,18.0,False,False,135.0,2.0,0.9,1.1,0.9,1.2,1.0,0.9,674.0,52.0,674.0,52.0,1.0,1,False,1.0,1.0,68.0,45.0,0.0,31.8,True,True,False,False,False,12.0,1,False,0.0,0.0,0,SPOKED,SPOKED,0.0,0.0,80.0,80.0,280.0,795.0,34.9,330.0,1.0
450.0,70.0,580.0,67.5,120.0,45.0,550.0,73.0,650.0,45.0,45.0,34.0,36.0,30.0,30.0,13.0,15.0,ALUMINIUM,30.0,50.0,45.0,330.0,350.0,16.0,18.0,False,False,135.0,2.0,0.9,1.1,0.9,1.2,1.0,0.9,680.0,50.0,680.0,50.0,1.0,1,False,1.0,1.0,68.0,45.0,0.0,31.8,False,False,False,False,True,11.0,1,False,0.0,0.0,0,DISC,DISC,0.0,0.0,0.0,0.0,300.0,760.0,36.0,300.0,1.0
460.0,72.0,590.0,67.0,130.0,47.0,560.0,73.5,655.0,46.0,45.0,34.0,37.0,31.0,31.0,13.0,16.0,ALUMINIUM,32.0,52.0,46.0,332.0,352.0,16.0,18.0,False,False,136.0,2.2,0.95,1.15,0.95,1.25,1.05,0.95,690.0,48.0,690.0,48.0,1.0,2,False,1.0,1.0,68.0,46.0,0.0,31.8,False,False,False,False,True,12.0,2,False,0.0,0.0,0,DISC,DISC,0.0,0.0,0.0,0.0,310.0,755.0,37.0,310.0,1.0
470.0,68.0,595.0,68.0,125.0,44.0,545.0,74.0,648.0,44.0,44.0,35.0,36.0,32.0,31.5,13.0,15.0,ALUMINIUM,31.0,51.0,47.0,331.0,351.0,16.0,18.0,False,False,137.0,2.05,0.92,1.12,0.92,1.22,1.02,0.92,675.0,52.0,675.0,52.0,1.0,0,False,1.0,2.0,69.0,45.0,0.0,32.0,False,False,False,False,True,11.0,1,False,0.0,0.0,0,DISC,DISC,0.0,0.0,0.0,0.0,305.0,290.0,36.0,290.0,1.0
480.0,70.0,585.0,68.5,140.0,46.0,575.0,73.0,660.0,47.0,46.0,36.0,38.0,33.0,32.0,14.0,16.0,ALUMINIUM,33.0,53.0,48.0,333.0,353.0,16.0,18.0,False,False,138.0,2.0,0.9,1.1,0.9,1.2,1.0,0.9,685.0,49.0,685.0,49.0,1.0,1,False,1.0,1.0,67.0,47.0,0.0,31.8,False,False,False,False,True,10.0,1,False,0.0,0.0,0,DISC,DISC,0.0,0.0,0.0,0.0,315.0,320.0,38.0,320.0,1.0
490.0,65.0,600.0,67.2,135.0,45.5,565.0,73.8,658.0,45.0,45.0,34.0,37.0,31.0,31.0,13.0,15.5,ALUMINIUM,32.0,52.0,46.0,332.0,352.0,17.0,19.0,False,False,135.0,2.0,0.9,1.1,0.9,1.2,1.0,0.9,690.0,50.0,690.0,50.0,1.0,2,False,1.0,2.0,69.0,46.0,0.0,32.0,False,False,False,False,True,12.0,2,False,0.0,0.0,0,DISC,DISC,0.0,0.0,0.0,0.0,290.0,310.0,37.0,310.0,1.0
500.0,70.0,575.0,67.8,115.0,44.5,555.0,74.2,652.0,46.0,44.0,35.0,36.0,32.0,31.0,13.0,15.0,ALUMINIUM,29.0,50.0,44.0,331.0,351.0,16.0,18.0,False,False,137.0,2.0,0.9,1.1,0.9,1.2,1.0,0.9,680.0,51.0,680.0,51.0,1.0,0,False,1.0,1.0,68.0,45.0,0.0,31.8,False,False,False,False,True,11.0,1,False,0.0,0.0,0,DISC,DISC,0.0,0.0,0.0,0.0,305.0,300.0,36.0,300.0,1.0
510.0,68.0,565.0,68.0,118.0,46.5,545.0,73.3,648.0,45.0,45.0,36.0,38.0,33.0,32.0,14.0,16.0,ALUMINIUM,31.0,51.0,47.0,333.0,353.0,17.0,19.0,False,False,139.0,2.0,0.9,1.1,0.9,1.2,1.0,0.9,685.0,49.0,685.0,49.0,1.0,1,False,1.0,2.0,70.0,47.0,0.0,32.0,False,False,False,False,True,13.0,2,False,0.0,0.0,0,DISC,DISC,0.0,0.0,0.0,0.0,295.0,295.0,38.0,295.0,1.0
520.0,69.0,590.0,67.3,122.0,47.0,560.0,74.0,655.0,44.0,44.0,35.0,37.0,32.0,31.0,14.0,15.0,ALUMINIUM,30.0,49.0,46.0,332.0,352.0,16.0,18.0,False,False,138.0,2.0,0.9,1.1,0.9,1.2,1.0,0.9,680.0,50.0,680.0,50.0,1.0,2,False,1.0,1.0,68.0,45.0,0.0,31.8,False,False,False,False,True,11.0,1,False,0.0,0.0,0,DISC,DISC,0.0,0.0,0.0,0.0,320.0,305.0,37.0,305.0,1.0
540.0,67.0,555.0,68.2,115.0,46.0,535.0,74.5,642.0,45.0,45.0,34.0,36.0,31.0,31.0,13.0,15.0,ALUMINIUM,29.0,50.0,45.0,331.0,351.0,16.0,18.0,False,False,135.0,2.0,0.9,1.1,0.9,1.2,1.0,0.9,690.0,48.0,690.0,48.0,1.0,1,False,1.0,2.0,68.0,46.0,0.0,32.0,False,False,False,False,True,10.0,1,False,0.0,0.0,0,DISC,DISC,0.0,0.0,0.0,0.0,300.0,280.0,36.0,280.0,1.0
530.0,70.0,575.0,67.6,128.0,45.0,550.0,73.2,650.0,46.0,45.0,35.0,36.0,32.0,31.0,13.0,15.0,ALUMINIUM,31.0,52.0,46.0,332.0,352.0,17.0,19.0,False,False,136.0,2.0,0.9,1.1,0.9,1.2,1.0,0.9,675.0,52.0,675.0,52.0,1.0,0,False,1.0,1.0,69.0,45.0,0.0,31.8,False,False,False,False,True,12.0,2,False,0.0,0.0,0,DISC,DISC,0.0,0.0,0.0,0.0,310.0,315.0,36.0,315.0,1.0
430.0,30.0,590.0,65.0,120.0,45.0,530.0,75.0,630.0,45.0,45.0,28.6,36.5,36.5,23.35,13.0,15.0,ALUMINIUM,35.0,50.0,45.0,330.0,350.0,16.0,18.0,False,False,142.0,2.0,0.9,1.1,0.9,1.2,1.0,0.9,695.0,50.0,695.0,50.0,1.0,1,False,1.0,1.0,68.0,45.0,0.0,31.8,True,True,False,False,True,12.0,1,False,0.0,0.0,0,DISC,DISC,0.0,0.0,0.0,0.0,278.0,780.0,34.9,300.0,1.0
450.0,25.0,600.0,66.0,130.0,45.0,530.0,74.0,640.0,45.0,45.0,28.6,36.5,36.5,23.35,13.0,15.0,ALUMINIUM,35.0,50.0,45.0,330.0,350.0,16.0,18.0,False,False,142.0,2.0,0.9,1.1,0.9,1.2,1.0,0.9,695.0,50.0,695.0,50.0,1.0,1,False,1.0,1.0,68.0,45.0,0.0,31.8,True,True,False,False,True,12.0,1,False,0.0,0.0,0,DISC,DISC,0.0,0.0,0.0,0.0,278.0,780.0,34.9,300.0,1.0
470.0,35.0,610.0,67.0,140.0,45.0,530.0,73.0,650.0,45.0,45.0,28.6,36.5,36.5,23.35,13.0,15.0,ALUMINIUM,35.0,50.0,45.0,330.0,350.0,16.0,18.0,False,False,142.0,2.0,0.9,1.1,0.9,1.2,1.0,0.9,695.0,50.0,695.0,50.0,1.0,1,False,1.0,1.0,68.0,45.0,0.0,31.8,True,True,False,False,True,12.0,1,False,0.0,0.0,0,DISC,DISC,0.0,0.0,0.0,0.0,278.0,780.0,34.9,300.0,1.0
490.0,30.0,620.0,68.0,150.0,45.0,530.0,75.0,640.0,45.0,45.0,28.6,36.5,36.5,23.35,13.0,15.0,ALUMINIUM,35.0,50.0,45.0,330.0,350.0,16.0,18.0,False,False,142.0,2.0,0.9,1.1,0.9,1.2,1.0,0.9,695.0,50.0,695.0,50.0,1.0,1,False,1.0,1.0,68.0,45.0,0.0,31.8,True,True,False,False,True,12.0,1,False,0.0,0.0,0,DISC,DISC,0.0,0.0,0.0,0.0,278.0,780.0,34.9,300.0,1.0
510.0,25.0,630.0,69.0,160.0,45.0,530.0,74.0,630.0,45.0,45.0,28.6,36.5,36.5,23.35,13.0,15.0,ALUMINIUM,35.0,50.0,45.0,330.0,350.0,16.0,18.0,False,False,142.0,2.0,0.9,1.1,0.9,1.2,1.0,0.9,695.0,50.0,695.0,50.0,1.0,1,False,1.0,1.0,68.0,45.0,0.0,31.8,True,True,False,False,True,12.0,1,False,0.0,0.0,0,DISC,DISC,0.0,0.0,0.0,0.0,278.0,780.0,34.9,300.0,1.0
530.0,35.0,640.0,65.0,170.0,45.0,530.0,76.0,650.0,45.0,45.0,28.6,36.5,36.5,23.35,13.0,15.0,ALUMINIUM,35.0,50.0,45.0,330.0,350.0,16.0,18.0,False,False,142.0,2.0,0.9,1.1,0.9,1.2,1.0,0.9,695.0,50.0,695.0,50.0,1.0,1,False,1.0,1.0,68.0,45.0,0.0,31.8,True,True,False,False,True,12.0,1,False,0.0,0.0,0,DISC,DISC,0.0,0.0,0.0,0.0,278.0,780.0,34.9,300.0,1.0
450.0,30.0,600.0,66.0,125.0,45.0,530.0,74.0,635.0,45.0,45.0,28.6,36.5,36.5,23.35,13.0,15.0,ALUMINIUM,35.0,50.0,45.0,330.0,350.0,16.0,18.0,False,False,142.0,2.0,0.9,1.1,0.9,1.2,1.0,0.9,695.0,50.0,695.0,50.0,1.0,1,False,1.0,1.0,68.0,45.0,0.0,31.8,True,True,False,False,True,12.0,1,False,0.0,0.0,0,DISC,DISC,0.0,0.0,0.0,0.0,278.0,780.0,34.9,300.0,1.0
470.0,25.0,610.0,67.0,135.0,45.0,530.0,75.0,645.0,45.0,45.0,28.6,36.5,36.5,23.35,13.0,15.0,ALUMINIUM,35.0,50.0,45.0,330.0,350.0,16.0,18.0,False,False,142.0,2.0,0.9,1.1,0.9,1.2,1.0,0.9,695.0,50.0,695.0,50.0,1.0,1,False,1.0,1.0,68.0,45.0,0.0,31.8,True,True,False,False,True,12.0,1,False,0.0,0.0,0,DISC,DISC,0.0,0.0,0.0,0.0,278.0,780.0,34.9,300.0,1.0
490.0,30.0,620.0,68.0,145.0,45.0,530.0,73.0,655.0,45.0,45.0,28.6,36.5,36.5,23.35,13.0,15.0,ALUMINIUM,35.0,50.0,45.0,330.0,350.0,16.0,18.0,False,False,142.0,2.0,0.9,1.1,0.9,1.2,1.0,0.9,695.0,50.0,695.0,50.0,1.0,1,False,1.0,1.0,68.0,45.0,0.0,31.8,True,True,False,False,True,12.0,1,False,0.0,0.0,0,DISC,DISC,0.0,0.0,0.0,0.0,278.0,780.0,34.9,300.0,1.0
510.0,35.0,630.0,69.0,155.0,45.0,530.0,76.0,625.0,45.0,45.0,28.6,36.5,36.5,23.35,13.0,15.0,ALUMINIUM,35.0,50.0,45.0,330.0,350.0,16.0,18.0,False,False,142.0,2.0,0.9,1.1,0.9,1.2,1.0,0.9,695.0,50.0,695.0,50.0,1.0,1,False,1.0,1.0,68.0,45.0,0.0,31.8,True,True,False,False,True,12.0,1,False,0.0,0.0,0,DISC,DISC,0.0,0.0,0.0,0.0,278.0,780.0,34.9,300.0,1.0
450.0,70.0,620.0,67.0,150.0,60.0,620.0,73.0,650.0,50.0,45.0,34.0,36.0,23.0,23.0,15.0,15,ALUMINIUM,35.0,60.0,45.0,330.0,350.0,16.0,18,True,True,142.0,2.0,2.0,2.0,2.0,2.0,2.0,2.0,690.0,58.0,690.0,58.0,1.0,1,False,1.0,1.0,68.0,45.0,0.0,31.8,True,True,False,False,True,12.0,1,False,0.0,0.0,0,SPOKED,SPOKED,0.0,0.0,0.0,0.0,290.0,310.0,34.0,700.0,1.0
440.0,65.0,630.0,66.0,160.0,55.0,610.0,74.0,660.0,45.0,45.0,35.0,36.0,24.0,24.0,15.0,15,ALUMINIUM,40.0,55.0,50.0,335.0,355.0,17.0,19,True,True,142.0,2.0,2.0,2.0,2.0,2.0,2.0,2.0,695.0,58.0,695.0,58.0,1.0,2,False,1.0,1.0,70.0,47.0,0.0,33.0,True,False,False,False,True,11.0,1,False,0.0,0.0,0,SPOKED,DISC,0.0,0.0,0.0,0.0,295.0,315.0,35.0,720.0,1.0
455.0,60.0,605.0,68.0,145.0,65.0,600.0,73.5,640.0,50.0,47.0,36.0,37.0,23.5,23.5,14.0,16,ALUMINIUM,38.0,58.0,47.0,330.0,350.0,16.0,18,True,True,142.0,1.8,1.8,1.8,1.8,1.8,1.8,1.8,680.0,52.0,680.0,52.0,1.0,1,False,1.0,1.0,65.0,44.0,0.0,32.0,True,False,True,False,True,10.0,1,False,0.0,0.0,0,SPOKED,SPOKED,0.0,0.0,0.0,0.0,285.0,300.0,34.0,680.0,1.0
460.0,75.0,650.0,65.0,155.0,58.0,630.0,72.5,670.0,48.0,45.0,34.0,36.5,24.0,22.5,15.0,15,ALUMINIUM,42.0,60.0,44.0,340.0,360.0,18.0,20,True,True,142.0,2.0,2.0,2.0,2.0,2.0,2.0,2.0,700.0,60.0,700.0,60.0,1.0,0,False,1.0,1.0,68.0,46.0,0.0,31.8,False,True,False,False,True,12.0,2,True,0.0,0.0,0,TRISPOKE,SPOKED,1.0,0.0,50.0,0.0,300.0,320.0,35.0,750.0,1.0
435.0,68.0,615.0,69.0,140.0,62.0,605.0,73.0,655.0,52.0,44.0,33.5,36.0,23.0,23.0,15.0,15,ALUMINIUM,36.0,57.0,46.0,332.0,352.0,16.0,18,True,True,142.0,1.5,1.5,1.5,1.5,1.5,1.5,1.5,690.0,58.0,690.0,58.0,1.0,1,False,1.0,1.0,68.0,45.0,0.0,32.5,True,True,True,False,True,11.0,1,False,0.0,0.0,0,SPOKED,DISC,0.0,0.0,0.0,0.0,290.0,315.0,34.9,710.0,1.0
445.0,72.0,640.0,67.5,150.0,60.0,620.0,73.5,660.0,49.0,45.0,34.5,36.5,23.5,23.5,15.0,15,ALUMINIUM,39.0,59.0,48.0,338.0,358.0,17.0,19,True,True,142.0,2.0,2.0,2.0,2.0,2.0,2.0,2.0,695.0,59.0,695.0,59.0,1.0,2,False,1.0,1.0,68.0,45.0,0.0,31.8,False,False,False,False,True,12.0,1,False,0.0,0.0,0,SPOKED,SPOKED,0.0,0.0,0.0,0.0,295.0,330.0,34.0,730.0,1.0
430.0,66.0,610.0,68.5,148.0,63.0,610.0,74.0,645.0,51.0,46.0,35.0,36.8,23.0,23.0,15.0,14,ALUMINIUM,37.0,56.0,45.0,330.0,350.0,16.0,18,True,True,142.0,1.9,1.9,1.9,1.9,1.9,1.9,1.9,685.0,55.0,685.0,55.0,1.0,1,False,1.0,1.0,68.0,45.0,0.0,32.0,True,False,False,False,True,10.0,1,True,0.0,0.0,0,SPOKED,SPOKED,0.0,0.0,0.0,0.0,280.0,305.0,34.5,695.0,1.0
455.0,70.0,625.0,66.5,158.0,57.0,625.0,73.0,670.0,46.0,45.0,34.0,36.2,23.3,23.3,15.0,15,ALUMINIUM,41.0,61.0,50.0,340.0,360.0,18.0,20,True,True,142.0,2.0,2.0,2.0,2.0,2.0,2.0,2.0,690.0,58.0,690.0,58.0,1.0,1,False,1.0,1.0,68.0,45.0,0.0,31.8,False,True,False,False,True,11.0,2,True,0.0,0.0,0,TRISPOKE,DISC,1.0,0.0,55.0,0.0,300.0,325.0,35.0,725.0,1.0
465.0,68.0,635.0,65.5,152.0,59.0,635.0,72.0,680.0,47.0,45.0,34.5,36.5,23.7,23.7,15.0,15,ALUMINIUM,39.0,62.0,49.0,335.0,355.0,17.0,19,True,True,142.0,1.8,1.8,1.8,1.8,1.8,1.8,1.8,700.0,60.0,700.0,60.0,1.0,2,False,1.0,1.0,68.0,45.0,0.0,31.8,True,False,False,False,True,12.0,1,False,0.0,0.0,0,SPOKED,SPOKED,0.0,0.0,0.0,0.0,295.0,330.0,34.0,740.0,1.0
450.0,62.0,600.0,69.0,160.0,61.0,600.0,73.0,650.0,50.0,45.0,35.0,36.0,23.0,23.0,15.0,15,ALUMINIUM,35.0,58.0,45.0,330.0,350.0,16.0,18,True,True,142.0,2.0,2.0,2.0,2.0,2.0,2.0,2.0,680.0,52.0,680.0,52.0,1.0,1,False,1.0,1.0,68.0,45.0,0.0,31.8,False,True,False,False,True,11.0,1,False,0.0,0.0,0,DISC,SPOKED,0.0,0.0,0.0,0.0,290.0,310.0,34.0,700.0,1.0
430.0,60.0,620.0,67.0,120.0,45.0,550.0,73.0,630.0,45.0,40.0,33.4,36.5,23.35,13.0,15.0,9.0,ALUMINIUM,35.0,25.0,45.0,0.0,0.0,0.0,0.0,False,False,135.0,2.5,1.0,1.1,1.0,1.2,1.0,1.0,674.0,50.0,674.0,50.0,1.0,0,False,1.0,1.0,68.0,45.0,0.0,31.8,True,True,False,False,True,12.0,1,False,0.0,0.0,0,SPOKED,SPOKED,0.0,0.0,0.0,0.0,280.0,720.0,34.9,300.0,1.0
435.0,58.0,610.0,66.5,115.0,45.0,545.0,73.5,635.0,45.0,40.0,33.4,36.5,23.35,13.0,15.0,9.0,ALUMINIUM,35.0,25.0,45.0,0.0,0.0,0.0,0.0,False,False,135.0,2.5,1.0,1.1,1.0,1.2,1.0,1.0,674.0,50.0,674.0,50.0,1.0,0,False,1.0,1.0,68.0,45.0,0.0,31.8,True,True,False,False,True,12.0,1,False,0.0,0.0,0,SPOKED,SPOKED,0.0,0.0,0.0,0.0,280.0,720.0,34.9,300.0,1.0
440.0,62.0,630.0,67.5,125.0,45.0,555.0,74.0,625.0,45.0,40.0,33.4,36.5,23.35,13.0,15.0,9.0,ALUMINIUM,35.0,25.0,45.0,0.0,0.0,0.0,0.0,False,False,135.0,2.5,1.0,1.1,1.0,1.2,1.0,1.0,674.0,50.0,674.0,50.0,1.0,0,False,1.0,1.0,68.0,45.0,0.0,31.8,True,True,False,False,True,12.0,1,False,0.0,0.0,0,SPOKED,SPOKED,0.0,0.0,0.0,0.0,280.0,720.0,34.9,300.0,1.0
425.0,60.0,615.0,66.0,110.0,45.0,540.0,72.5,640.0,45.0,40.0,33.4,36.5,23.35,13.0,15.0,9.0,ALUMINIUM,35.0,25.0,45.0,0.0,0.0,0.0,0.0,False,False,135.0,2.5,1.0,1.1,1.0,1.2,1.0,1.0,674.0,50.0,674.0,50.0,1.0,0,False,1.0,1.0,68.0,45.0,0.0,31.8,True,True,False,False,True,12.0,1,False,0.0,0.0,0,SPOKED,SPOKED,0.0,0.0,0.0,0.0,280.0,720.0,34.9,300.0,1.0
445.0,59.0,605.0,68.0,130.0,45.0,560.0,74.5,620.0,45.0,40.0,33.4,36.5,23.35,13.0,15.0,9.0,ALUMINIUM,35.0,25.0,45.0,0.0,0.0,0.0,0.0,False,False,135.0,2.5,1.0,1.1,1.0,1.2,1.0,1.0,674.0,50.0,674.0,50.0,1.0,0,False,1.0,1.0,68.0,45.0,0.0,31.8,True,True,False,False,True,12.0,1,False,0.0,0.0,0,SPOKED,SPOKED,0.0,0.0,0.0,0.0,280.0,720.0,34.9,300.0,1.0
438.0,61.0,620.0,67.2,118.0,45.0,548.0,73.2,633.0,45.0,40.0,33.4,36.5,23.35,13.0,15.0,9.0,ALUMINIUM,35.0,25.0,45.0,0.0,0.0,0.0,0.0,False,False,135.0,2.5,1.0,1.1,1.0,1.2,1.0,1.0,674.0,50.0,674.0,50.0,1.0,0,False,1.0,1.0,68.0,45.0,0.0,31.8,True,True,False,False,True,12.0,1,False,0.0,0.0,0,SPOKED,SPOKED,0.0,0.0,0.0,0.0,280.0,720.0,34.9,300.0,1.0
432.0,57.0,608.0,66.8,122.0,45.0,552.0,73.8,628.0,45.0,40.0,33.4,36.5,23.35,13.0,15.0,9.0,ALUMINIUM,35.0,25.0,45.0,0.0,0.0,0.0,0.0,False,False,135.0,2.5,1.0,1.1,1.0,1.2,1.0,1.0,674.0,50.0,674.0,50.0,1.0,0,False,1.0,1.0,68.0,45.0,0.0,31.8,True,True,False,False,True,12.0,1,False,0.0,0.0,0,SPOKED,SPOKED,0.0,0.0,0.0,0.0,280.0,720.0,34.9,300.0,1.0
448.0,60.0,618.0,67.7,128.0,45.0,558.0,74.1,622.0,45.0,40.0,33.4,36.5,23.35,13.0,15.0,9.0,ALUMINIUM,35.0,25.0,45.0,0.0,0.0,0.0,0.0,False,False,135.0,2.5,1.0,1.1,1.0,1.2,1.0,1.0,674.0,50.0,674.0,50.0,1.0,0,False,1.0,1.0,68.0,45.0,0.0,31.8,True,True,False,False,True,12.0,1,False,0.0,0.0,0,SPOKED,SPOKED,0.0,0.0,0.0,0.0,280.0,720.0,34.9,300.0,1.0
427.0,63.0,622.0,66.2,112.0,45.0,542.0,72.8,638.0,45.0,40.0,33.4,36.5,23.35,13.0,15.0,9.0,ALUMINIUM,35.0,25.0,45.0,0.0,0.0,0.0,0.0,False,False,135.0,2.5,1.0,1.1,1.0,1.2,1.0,1.0,674.0,50.0,674.0,50.0,1.0,0,False,1.0,1.0,68.0,45.0,0.0,31.8,True,True,False,False,True,12.0,1,False,0.0,0.0,0,SPOKED,SPOKED,0.0,0.0,0.0,0.0,280.0,720.0,34.9,300.0,1.0
442.0,58.0,612.0,68.2,135.0,45.0,565.0,75.0,615.0,45.0,40.0,33.4,36.5,23.35,13.0,15.0,9.0,ALUMINIUM,35.0,25.0,45.0,0.0,0.0,0.0,0.0,False,False,135.0,2.5,1.0,1.1,1.0,1.2,1.0,1.0,674.0,50.0,674.0,50.0,1.0,0,False,1.0,1.0,68.0,45.0,0.0,31.8,True,True,False,False,True,12.0,1,False,0.0,0.0,0,SPOKED,SPOKED,0.0,0.0,0.0,0.0,280.0,720.0,34.9,300.0,1.0
470.0,75.0,600.0,68.0,150.0,50.0,560.0,74.0,650.0,45.0,45.0,34.0,36.0,24.0,25.0,14.0,15.0,ALUMINIUM,30.0,50.0,40.0,330.0,350.0,16.0,18.0,False,False,148.0,2.0,0.9,1.1,0.9,1.2,1.0,0.9,760.0,50.0,760.0,50.0,1.0,1,False,1.0,1.0,68.0,45.0,0.0,31.6,False,True,False,False,True,12.0,1,False,0.0,0.0,0,DISC,DISC,0.0,0.0,0.0,0.0,280.0,800.0,36.0,300.0,1.0
450.0,70.0,620.0,66.0,180.0,48.0,580.0,73.0,660.0,50.0,45.0,34.0,36.0,24.0,25.0,14.0,15.0,ALUMINIUM,35.0,60.0,45.0,330.0,350.0,16.0,18.0,False,False,148.0,2.0,0.9,1.1,0.9,1.2,1.0,0.9,750.0,50.0,760.0,50.0,1.0,0,False,1.0,1.0,68.0,45.0,0.0,31.6,True,True,False,False,True,11.0,1,False,0.0,0.0,0,DISC,SPOKED,0.0,0.0,0.0,0.0,290.0,820.0,36.0,300.0,1.0
460.0,65.0,580.0,69.0,140.0,46.0,550.0,75.0,640.0,42.0,45.0,34.0,36.0,24.0,25.0,14.5,15.5,ALUMINIUM,28.0,55.0,38.0,330.0,350.0,16.0,18.0,False,False,148.0,2.0,0.9,1.1,0.9,1.2,1.0,0.9,760.0,48.0,760.0,50.0,1.0,2,False,1.0,2.0,68.0,44.0,0.0,31.8,False,False,False,False,True,12.0,2,False,0.0,0.0,0,SPOKED,SPOKED,0.0,0.0,0.0,0.0,285.0,780.0,36.5,310.0,1.0
475.0,73.0,630.0,69.5,155.0,47.0,565.0,74.5,655.0,47.0,45.0,34.0,36.0,25.0,26.0,14.2,15.2,ALUMINIUM,32.5,52.5,42.5,330.0,350.0,16.0,18.0,False,False,148.0,2.0,0.9,1.1,0.9,1.2,1.0,0.9,760.0,48.0,760.0,50.0,1.0,1,False,1.0,1.0,68.0,45.0,0.0,31.7,False,True,False,False,True,10.0,2,False,0.0,0.0,0,SPOKED,SPOKED,0.0,0.0,0.0,0.0,275.0,805.0,36.5,305.0,1.0
465.0,68.0,590.0,70.0,145.0,46.0,555.0,75.0,645.0,43.0,45.0,34.0,36.0,24.5,25.5,14.3,15.3,ALUMINIUM,29.0,53.0,39.0,335.0,355.0,16.0,18.0,False,False,148.0,2.0,0.9,1.1,0.9,1.2,1.0,0.9,740.0,48.0,740.0,48.0,1.0,2,False,1.0,2.0,68.0,44.0,0.0,31.9,True,False,False,False,True,11.0,2,False,0.0,0.0,0,DISC,SPOKED,0.0,0.0,0.0,0.0,290.0,790.0,37.0,300.0,2.0
448.0,80.0,650.0,66.5,200.0,55.0,600.0,73.0,670.0,50.0,45.0,34.0,36.0,25.0,27.0,15.0,16.0,ALUMINIUM,40.0,60.0,50.0,330.0,350.0,16.0,18.0,False,False,148.0,2.0,0.9,1.1,0.9,1.2,1.0,0.9,760.0,52.0,760.0,52.0,1.0,1,False,1.0,3.0,70.0,46.0,0.0,32.0,True,True,False,False,True,12.0,1,False,0.0,0.0,0,DISC,DISC,0.0,0.0,0.0,0.0,295.0,840.0,38.0,320.0,1.0
455.0,74.0,605.0,68.5,148.0,49.0,562.0,74.0,652.0,44.0,45.0,34.0,36.0,24.0,25.0,14.1,15.1,ALUMINIUM,31.0,51.5,41.0,328.0,348.0,16.0,18.0,False,False,148.0,2.0,0.9,1.1,0.9,1.2,1.0,0.9,760.0,50.0,760.0,50.0,1.0,0,False,1.0,1.0,68.0,45.0,0.0,31.6,False,True,False,False,True,10.0,3,False,0.0,0.0,0,DISC,SPOKED,0.0,0.0,0.0,0.0,285.0,810.0,36.0,305.0,1.0
462.0,71.0,615.0,67.0,165.0,52.0,575.0,73.5,660.0,48.0,45.0,34.0,36.0,24.0,26.0,14.0,15.0,ALUMINIUM,33.0,54.0,43.0,330.0,350.0,16.0,18.0,False,False,148.0,2.0,0.9,1.1,0.9,1.2,1.0,0.9,760.0,50.0,760.0,50.0,1.0,1,False,1.0,1.0,68.0,45.0,0.0,31.7,False,True,False,False,True,11.0,2,False,0.0,0.0,0,DISC,DISC,0.0,0.0,0.0,0.0,288.0,820.0,36.0,315.0,1.0
472.0,76.0,585.0,70.0,142.0,47.0,553.0,75.0,643.0,42.0,45.0,34.0,36.0,24.5,25.5,14.4,15.4,ALUMINIUM,29.5,52.0,38.5,330.0,350.0,16.0,18.0,False,False,148.0,2.0,0.9,1.1,0.9,1.2,1.0,0.9,740.0,48.0,740.0,48.0,1.0,2,False,1.0,1.0,68.0,44.0,0.0,31.8,True,False,False,False,True,10.0,2,False,0.0,0.0,0,SPOKED,SPOKED,0.0,0.0,0.0,0.0,292.0,775.0,36.0,310.0,1.0
485.0,69.0,630.0,67.5,170.0,51.0,580.0,73.0,672.0,49.0,45.0,34.0,36.0,24.0,26.0,14.6,15.6,ALUMINIUM,36.0,58.0,46.0,330.0,350.0,16.0,18.0,False,False,148.0,2.0,0.9,1.1,0.9,1.2,1.0,0.9,760.0,50.0,760.0,50.0,1.0,1,False,1.0,1.0,68.0,45.0,0.0,31.7,True,True,False,False,True,12.0,1,False,0.0,0.0,0,DISC,SPOKED,0.0,0.0,0.0,0.0,295.0,830.0,36.0,320.0,1.0
450.0,40.0,620.0,67.5,145.0,45.0,540.0,73.5,630.0,45.0,45.0,28.6,36.5,30.0,25.0,13.0,15,ALUMINIUM,30.0,50.0,40.0,330.0,350.0,16.0,18,False,False,148.0,2.0,0.9,1.1,0.9,1.2,1.0,0.9,735.0,55.0,735.0,55.0,1.0,1,False,1.0,1.0,73.0,45.0,0.0,31.8,True,True,False,False,True,12.0,1,False,0.0,0.0,0,DISC,DISC,0.0,0.0,0.0,0.0,280.0,780.0,38.0,350.0,1.0
445.0,30.0,630.0,68.0,150.0,45.0,550.0,74.0,640.0,45.0,45.0,28.6,36.5,30.0,25.0,13.0,15,ALUMINIUM,30.0,50.0,40.0,330.0,350.0,16.0,18,False,False,135.0,2.0,0.9,1.1,0.9,1.2,1.0,0.9,735.0,55.0,735.0,55.0,1.0,1,False,1.0,1.0,73.0,45.0,0.0,31.8,True,True,False,False,True,12.0,1,False,0.0,0.0,0,DISC,DISC,0.0,0.0,0.0,0.0,280.0,780.0,38.0,350.0,1.0
460.0,50.0,615.0,67.0,140.0,45.0,530.0,73.0,620.0,45.0,45.0,28.6,36.5,30.0,25.0,13.0,15,ALUMINIUM,30.0,50.0,40.0,330.0,350.0,16.0,18,False,False,148.0,2.0,0.9,1.1,0.9,1.2,1.0,0.9,735.0,55.0,735.0,55.0,1.0,1,False,1.0,1.0,73.0,45.0,0.0,31.8,True,True,False,False,True,12.0,1,False,0.0,0.0,0,DISC,DISC,0.0,0.0,0.0,0.0,280.0,780.0,38.0,350.0,1.0
440.0,45.0,625.0,66.0,155.0,45.0,545.0,72.0,635.0,45.0,45.0,28.6,36.5,30.0,25.0,13.0,15,ALUMINIUM,30.0,50.0,40.0,330.0,350.0,16.0,18,False,False,135.0,2.0,0.9,1.1,0.9,1.2,1.0,0.9,735.0,55.0,735.0,55.0,1.0,1,False,1.0,1.0,73.0,45.0,0.0,31.8,True,True,False,False,True,12.0,1,False,0.0,0.0,0,DISC,DISC,0.0,0.0,0.0,0.0,280.0,780.0,38.0,350.0,1.0
455.0,35.0,625.0,69.0,160.0,45.0,535.0,74.5,640.0,45.0,45.0,28.6,36.5,30.0,25.0,13.0,15,ALUMINIUM,30.0,50.0,40.0,330.0,350.0,16.0,18,False,False,148.0,2.0,0.9,1.1,0.9,1.2,1.0,0.9,735.0,55.0,735.0,55.0,1.0,1,False,1.0,1.0,73.0,45.0,0.0,31.8,True,True,False,False,True,12.0,1,False,0.0,0.0,0,DISC,DISC,0.0,0.0,0.0,0.0,280.0,780.0,38.0,350.0,1.0
430.0,40.0,635.0,70.0,135.0,45.0,550.0,75.0,645.0,45.0,45.0,28.6,36.5,30.0,25.0,13.0,15,ALUMINIUM,30.0,50.0,40.0,330.0,350.0,16.0,18,False,False,148.0,2.0,0.9,1.1,0.9,1.2,1.0,0.9,735.0,55.0,735.0,55.0,1.0,1,False,1.0,1.0,73.0,45.0,0.0,31.8,True,True,False,False,True,12.0,1,False,0.0,0.0,0,DISC,DISC,0.0,0.0,0.0,0.0,280.0,780.0,38.0,350.0,1.0
450.0,30.0,620.0,66.5,148.0,45.0,545.0,73.5,630.0,45.0,45.0,28.6,36.5,30.0,25.0,13.0,15,ALUMINIUM,30.0,50.0,40.0,330.0,350.0,16.0,18,False,False,135.0,2.0,0.9,1.1,0.9,1.2,1.0,0.9,735.0,55.0,735.0,55.0,1.0,1,False,1.0,1.0,73.0,45.0,0.0,31.8,True,True,False,False,True,12.0,1,False,0.0,0.0,0,DISC,DISC,0.0,0.0,0.0,0.0,280.0,780.0,38.0,350.0,1.0
460.0,45.0,630.0,68.5,152.0,45.0,540.0,72.5,638.0,45.0,45.0,28.6,36.5,30.0,25.0,13.0,15,ALUMINIUM,30.0,50.0,40.0,330.0,350.0,16.0,18,False,False,148.0,2.0,0.9,1.1,0.9,1.2,1.0,0.9,735.0,55.0,735.0,55.0,1.0,1,False,1.0,1.0,73.0,45.0,0.0,31.8,True,True,False,False,True,12.0,1,False,0.0,0.0,0,DISC,DISC,0.0,0.0,0.0,0.0,280.0,780.0,38.0,350.0,1.0
435.0,40.0,630.0,67.5,142.0,45.0,560.0,73.0,630.0,45.0,45.0,28.6,36.5,30.0,25.0,13.0,15,ALUMINIUM,30.0,50.0,40.0,330.0,350.0,16.0,18,False,False,148.0,2.0,0.9,1.1,0.9,1.2,1.0,0.9,735.0,55.0,735.0,55.0,1.0,1,False,1.0,1.0,73.0,45.0,0.0,31.8,True,True,False,False,True,12.0,1,False,0.0,0.0,0,DISC,DISC,0.0,0.0,0.0,0.0,280.0,780.0,38.0,350.0,1.0
420.0,50.0,620.0,69.5,158.0,45.0,545.0,74.0,620.0,45.0,45.0,28.6,36.5,30.0,25.0,13.0,15,ALUMINIUM,30.0,50.0,40.0,330.0,350.0,16.0,18,False,False,135.0,2.0,0.9,1.1,0.9,1.2,1.0,0.9,735.0,55.0,735.0,55.0,1.0,1,False,1.0,1.0,73.0,45.0,0.0,31.8,True,True,False,False,True,12.0,1,False,0.0,0.0,0,DISC,DISC,0.0,0.0,0.0,0.0,280.0,780.0,38.0,350.0,1.0
420.0,60.0,580.0,65.5,110.0,50.0,550.0,74.0,650.0,45.0,40.0,34.0,34.9,28.0,28.0,13.0,15,ALUMINIUM,9.0,9.0,9.0,0.0,0.0,0.0,0,False,False,135.0,2.0,2.0,2.0,2.0,2.0,2.0,2.0,680.0,50.0,680.0,50.0,1.0,1,False,1.0,1.0,68.0,45.0,0.0,31.8,True,True,False,False,True,12.0,1,False,0.0,0.0,0,SPOKED,SPOKED,0.0,0.0,0.0,0.0,280.0,750.0,34.9,300.0,1.0
425.0,60.0,590.0,66.0,115.0,50.0,555.0,73.0,660.0,44.0,40.0,35.0,35.5,28.0,28.0,13.0,15,ALUMINIUM,9.0,9.0,9.0,0.0,0.0,0.0,0,False,False,135.0,2.0,2.0,2.0,2.0,2.0,2.0,2.0,680.0,50.0,680.0,50.0,1.0,1,False,1.0,1.0,68.0,45.0,0.0,31.8,True,True,False,False,True,12.0,1,False,0.0,0.0,0,SPOKED,SPOKED,0.0,0.0,0.0,0.0,280.0,750.0,34.9,300.0,1.0
430.0,60.0,600.0,66.5,120.0,50.0,560.0,72.5,670.0,46.0,40.0,34.5,35.0,28.0,28.0,13.0,15,ALUMINIUM,9.0,9.0,9.0,0.0,0.0,0.0,0,False,False,135.0,2.0,2.0,2.0,2.0,2.0,2.0,2.0,680.0,52.0,680.0,52.0,1.0,1,False,1.0,1.0,68.0,45.0,0.0,31.8,True,True,False,False,True,12.0,1,False,0.0,0.0,0,SPOKED,SPOKED,0.0,0.0,0.0,0.0,280.0,750.0,34.9,300.0,1.0
435.0,60.0,610.0,67.0,105.0,50.0,545.0,74.5,655.0,43.0,40.0,33.8,34.2,28.0,28.0,13.0,15,ALUMINIUM,9.0,9.0,9.0,0.0,0.0,0.0,0,False,False,135.0,2.0,2.0,2.0,2.0,2.0,2.0,2.0,680.0,50.0,680.0,50.0,1.0,1,False,1.0,1.0,68.0,45.0,0.0,31.8,True,True,False,False,True,12.0,1,False,0.0,0.0,0,SPOKED,SPOKED,0.0,0.0,0.0,0.0,280.0,750.0,34.9,300.0,1.0
440.0,60.0,620.0,67.5,108.0,50.0,565.0,73.5,665.0,47.0,40.0,34.2,35.0,28.0,28.0,13.0,15,ALUMINIUM,9.0,9.0,9.0,0.0,0.0,0.0,0,False,False,135.0,2.0,2.0,2.0,2.0,2.0,2.0,2.0,680.0,50.0,680.0,50.0,1.0,1,False,1.0,1.0,68.0,45.0,0.0,31.8,True,True,False,False,True,12.0,1,False,0.0,0.0,0,SPOKED,SPOKED,0.0,0.0,0.0,0.0,280.0,750.0,34.9,300.0,1.0
445.0,60.0,630.0,68.0,112.0,50.0,570.0,72.0,675.0,42.0,40.0,33.5,34.5,28.0,28.0,13.0,15,ALUMINIUM,9.0,9.0,9.0,0.0,0.0,0.0,0,False,False,135.0,2.0,2.0,2.0,2.0,2.0,2.0,2.0,680.0,50.0,680.0,50.0,1.0,1,False,1.0,1.0,68.0,45.0,0.0,31.8,True,True,False,False,True,12.0,1,False,0.0,0.0,0,SPOKED,SPOKED,0.0,0.0,0.0,0.0,280.0,750.0,34.9,300.0,1.0
450.0,60.0,625.0,65.0,109.0,50.0,558.0,74.0,662.0,45.0,40.0,34.0,34.8,28.0,28.0,13.0,15,ALUMINIUM,9.0,9.0,9.0,0.0,0.0,0.0,0,False,False,135.0,2.0,2.0,2.0,2.0,2.0,2.0,2.0,680.0,50.0,680.0,50.0,1.0,1,False,1.0,1.0,68.0,45.0,0.0,31.8,True,True,False,False,True,12.0,1,False,0.0,0.0,0,SPOKED,SPOKED,0.0,0.0,0.0,0.0,280.0,750.0,34.9,300.0,1.0
455.0,60.0,615.0,66.0,118.0,50.0,553.0,73.0,668.0,48.0,40.0,34.3,35.1,28.0,28.0,13.0,15,ALUMINIUM,9.0,9.0,9.0,0.0,0.0,0.0,0,False,False,135.0,2.0,2.0,2.0,2.0,2.0,2.0,2.0,680.0,50.0,680.0,50.0,1.0,1,False,1.0,1.0,68.0,45.0,0.0,31.8,True,True,False,False,True,12.0,1,False,0.0,0.0,0,SPOKED,SPOKED,0.0,0.0,0.0,0.0,280.0,750.0,34.9,300.0,1.0
460.0,60.0,605.0,67.0,102.0,50.0,548.0,72.5,652.0,46.0,40.0,33.9,34.1,28.0,28.0,13.0,15,ALUMINIUM,9.0,9.0,9.0,0.0,0.0,0.0,0,False,False,135.0,2.0,2.0,2.0,2.0,2.0,2.0,2.0,680.0,50.0,680.0,50.0,1.0,1,False,1.0,1.0,68.0,45.0,0.0,31.8,True,True,False,False,True,12.0,1,False,0.0,0.0,0,SPOKED,SPOKED,0.0,0.0,0.0,0.0,280.0,750.0,34.9,300.0,1.0
465.0,60.0,595.0,68.0,117.0,50.0,563.0,74.5,678.0,44.0,40.0,34.7,35.2,28.0,28.0,13.0,15,ALUMINIUM,9.0,9.0,9.0,0.0,0.0,0.0,0,False,False,135.0,2.0,2.0,2.0,2.0,2.0,2.0,2.0,680.0,50.0,680.0,50.0,1.0,1,False,1.0,1.0,68.0,45.0,0.0,31.8,True,True,False,False,True,12.0,1,False,0.0,0.0,0,SPOKED,SPOKED,0.0,0.0,0.0,0.0,280.0,750.0,34.9,300.0,1.0
430.0,70.0,650.0,67.0,110.0,45.0,480.0,74.0,630.0,50.0,68.0,34.9,34.9,25.0,25.0,15.0,9.0,ALUMINIUM,30.0,45.0,40.0,0.0,0.0,0.0,0.0,False,False,142.0,2.0,1.5,2.5,2.0,1.5,1.5,1.8,740.0,60.0,740.0,60.0,1.0,0,False,1.0,1.0,80.0,45.0,0.0,34.9,False,True,False,False,True,12.0,1,False,0.0,0.0,0,SPOKED,SPOKED,0.0,0.0,0.0,0.0,280.0,780.0,34.9,300.0,1.0
440.0,72.0,655.0,67.5,120.0,50.0,495.0,74.5,640.0,52.0,68.0,34.9,34.9,25.0,25.0,16.0,8.5,ALUMINIUM,32.0,48.0,42.0,0.0,0.0,0.0,0.0,False,False,142.0,2.1,1.6,2.6,2.1,1.6,1.6,1.9,740.0,60.0,740.0,60.0,1.0,1,False,1.0,1.0,85.0,46.0,0.0,34.9,False,True,False,False,True,12.0,1,False,0.0,0.0,0,SPOKED,SPOKED,0.0,0.0,0.0,0.0,285.0,780.0,34.9,300.0,1.0
445.0,65.0,640.0,66.0,105.0,47.0,470.0,73.0,620.0,46.0,68.0,34.9,34.9,25.0,25.0,14.0,10.0,ALUMINIUM,28.0,42.0,38.0,0.0,0.0,0.0,0.0,False,False,142.0,2.0,1.4,2.4,2.0,1.4,1.4,1.7,740.0,60.0,740.0,60.0,1.0,2,False,1.0,1.0,75.0,44.0,0.0,34.9,False,True,False,False,True,12.0,1,False,0.0,0.0,0,SPOKED,SPOKED,0.0,0.0,0.0,0.0,275.0,780.0,34.9,300.0,1.0
450.0,70.0,660.0,67.0,110.0,46.0,485.0,74.0,645.0,54.0,68.0,34.9,34.9,25.0,25.0,15.0,9.5,ALUMINIUM,30.0,45.0,39.0,0.0,0.0,0.0,0.0,False,False,142.0,2.2,1.5,2.5,2.0,1.5,1.5,1.8,740.0,60.0,740.0,60.0,1.0,0,False,1.0,1.0,80.0,47.0,0.0,34.9,False,True,False,False,True,12.0,1,False,0.0,0.0,0,SPOKED,SPOKED,0.0,0.0,0.0,0.0,290.0,780.0,34.9,300.0,1.0
455.0,68.0,650.0,68.0,118.0,49.0,500.0,75.0,650.0,50.0,68.0,34.9,34.9,25.0,25.0,16.0,8.0,ALUMINIUM,34.0,50.0,45.0,0.0,0.0,0.0,0.0,False,False,142.0,2.1,1.7,2.7,2.2,1.7,1.7,2.0,740.0,60.0,740.0,60.0,1.0,1,False,1.0,1.0,88.0,48.0,0.0,34.9,False,True,False,False,True,12.0,1,False,0.0,0.0,0,SPOKED,SPOKED,0.0,0.0,0.0,0.0,300.0,780.0,34.9,300.0,1.0
460.0,69.0,655.0,67.0,112.0,51.0,475.0,73.5,630.0,53.0,68.0,34.9,34.9,25.0,25.0,17.0,9.0,ALUMINIUM,29.0,44.0,41.0,0.0,0.0,0.0,0.0,False,False,142.0,2.0,1.5,2.5,2.1,1.5,1.5,1.8,740.0,60.0,740.0,60.0,1.0,2,False,1.0,1.0,82.0,49.0,0.0,34.9,False,True,False,False,True,12.0,1,False,0.0,0.0,0,SPOKED,SPOKED,0.0,0.0,0.0,0.0,280.0,780.0,34.9,300.0,1.0
465.0,71.0,645.0,66.5,108.0,52.0,490.0,74.5,638.0,47.0,68.0,34.9,34.9,25.0,25.0,15.5,10.0,ALUMINIUM,31.0,47.0,39.0,0.0,0.0,0.0,0.0,False,False,142.0,2.1,1.6,2.6,2.0,1.6,1.6,1.9,740.0,60.0,740.0,60.0,1.0,0,False,1.0,1.0,85.0,46.5,0.0,34.9,False,True,False,False,True,12.0,1,False,0.0,0.0,0,SPOKED,SPOKED,0.0,0.0,0.0,0.0,295.0,780.0,34.9,300.0,1.0
470.0,70.0,650.0,67.0,115.0,55.0,480.0,73.0,642.0,51.0,68.0,34.9,34.9,25.0,25.0,16.5,9.0,ALUMINIUM,33.0,43.0,42.0,0.0,0.0,0.0,0.0,False,False,142.0,2.0,1.5,2.5,2.1,1.5,1.5,1.8,740.0,60.0,740.0,60.0,1.0,1,False,1.0,1.0,87.0,45.5,0.0,34.9,False,True,False,False,True,12.0,1,False,0.0,0.0,0,SPOKED,SPOKED,0.0,0.0,0.0,0.0,285.0,780.0,34.9,300.0,1.0
475.0,66.0,660.0,66.8,122.0,53.0,495.0,74.2,648.0,49.0,68.0,34.9,34.9,25.0,25.0,15.0,8.5,ALUMINIUM,35.0,49.0,43.0,0.0,0.0,0.0,0.0,False,False,142.0,2.2,1.8,2.8,2.2,1.8,1.8,2.1,740.0,60.0,740.0,60.0,1.0,2,False,1.0,1.0,90.0,47.5,0.0,34.9,False,True,False,False,True,12.0,1,False,0.0,0.0,0,SPOKED,SPOKED,0.0,0.0,0.0,0.0,305.0,780.0,34.9,300.0,1.0
480.0,67.0,655.0,67.2,117.0,54.0,485.0,74.8,640.0,52.0,68.0,34.9,34.9,25.0,25.0,16.0,9.0,ALUMINIUM,31.5,46.5,41.5,0.0,0.0,0.0,0.0,False,False,142.0,2.1,1.6,2.6,2.0,1.6,1.6,1.9,740.0,60.0,740.0,60.0,1.0,0,False,1.0,1.0,83.0,46.0,0.0,34.9,False,True,False,False,True,12.0,1,False,0.0,0.0,0,SPOKED,SPOKED,0.0,0.0,0.0,0.0,290.0,780.0,34.9,300.0,1.0
430.0,40.0,630.0,67.0,120.0,150.0,450.0,73.0,550.0,50.0,40.0,33.6,36.0,30.0,30.0,15.0,10.0,ALUMINIUM,30.0,50.0,40.0,330.0,350.0,16.0,18.0,False,False,135.0,2.0,1.5,2.0,1.5,1.5,1.5,1.5,740.0,15.0,740.0,15.0,1.0,1,False,1.0,1.0,68.0,44.0,0.0,33.0,True,True,False,False,True,12.0,1,False,0.0,0.0,0,SPOKED,SPOKED,0.0,0.0,0.0,0.0,280.0,750.0,40.0,350.0,1.0
425.0,45.0,620.0,68.0,110.0,140.0,430.0,74.0,530.0,48.0,40.0,33.6,36.0,30.0,30.0,15.0,10.0,ALUMINIUM,28.0,48.0,38.0,330.0,350.0,16.0,18.0,False,False,135.0,2.0,1.5,2.0,1.5,1.5,1.5,1.5,740.0,15.0,740.0,15.0,1.0,1,False,1.0,1.0,68.0,44.0,0.0,33.0,True,True,False,False,True,11.0,1,False,0.0,0.0,0,SPOKED,SPOKED,0.0,0.0,0.0,0.0,275.0,740.0,40.0,340.0,1.0
435.0,50.0,640.0,65.0,115.0,155.0,460.0,72.0,560.0,52.0,40.0,33.6,36.0,30.0,30.0,15.0,10.0,ALUMINIUM,32.0,52.0,42.0,330.0,350.0,16.0,18.0,False,False,135.0,2.0,1.5,2.0,1.5,1.5,1.5,1.5,740.0,15.0,740.0,15.0,1.0,1,False,1.0,1.0,68.0,44.0,0.0,33.0,True,True,False,False,True,12.0,2,False,0.0,0.0,0,SPOKED,SPOKED,0.0,0.0,0.0,0.0,290.0,760.0,40.0,360.0,1.0
440.0,50.0,650.0,69.0,125.0,150.0,455.0,75.0,540.0,48.0,40.0,33.6,36.0,30.0,30.0,15.0,10.0,ALUMINIUM,33.0,53.0,43.0,330.0,350.0,16.0,18.0,False,False,135.0,2.0,1.5,2.0,1.5,1.5,1.5,1.5,740.0,15.0,740.0,15.0,1.0,1,False,1.0,1.0,68.0,44.0,0.0,33.0,True,True,False,False,True,10.0,1,False,0.0,0.0,0,SPOKED,SPOKED,0.0,0.0,0.0,0.0,295.0,755.0,40.0,355.0,1.0
425.0,45.0,615.0,70.0,105.0,135.0,420.0,75.0,530.0,48.0,40.0,33.6,36.0,30.0,30.0,15.0,10.0,ALUMINIUM,27.0,47.0,37.0,330.0,350.0,16.0,18.0,False,False,135.0,2.0,1.5,2.0,1.5,1.5,1.5,1.5,720.0,15.0,720.0,15.0,1.0,1,False,1.0,1.0,68.0,44.0,0.0,33.0,True,True,False,False,True,12.0,1,False,0.0,0.0,0,SPOKED,SPOKED,0.0,0.0,0.0,0.0,270.0,730.0,40.0,330.0,1.0
450.0,60.0,670.0,63.0,130.0,160.0,470.0,72.0,570.0,55.0,40.0,33.6,36.0,30.0,30.0,15.0,10.0,ALUMINIUM,35.0,55.0,45.0,330.0,350.0,16.0,18.0,False,False,135.0,2.0,1.5,2.0,1.5,1.5,1.5,1.5,740.0,15.0,740.0,15.0,1.0,1,False,1.0,1.0,68.0,44.0,0.0,33.0,False,True,False,False,True,10.0,1,False,0.0,0.0,0,SPOKED,SPOKED,0.0,0.0,0.0,0.0,300.0,760.0,40.0,360.0,1.0
445.0,45.0,635.0,66.5,118.0,152.0,455.0,74.0,545.0,50.0,40.0,33.6,36.0,30.0,30.0,15.0,10.0,ALUMINIUM,31.0,50.0,41.0,330.0,350.0,16.0,18.0,False,False,135.0,2.0,1.5,2.0,1.5,1.5,1.5,1.5,740.0,15.0,740.0,15.0,1.0,1,False,1.0,1.0,68.0,44.0,0.0,33.0,True,True,False,False,True,12.0,2,False,0.0,0.0,0,SPOKED,SPOKED,0.0,0.0,0.0,0.0,285.0,745.0,40.0,345.0,1.0
430.0,40.0,620.0,67.5,108.0,138.0,445.0,73.5,530.0,48.0,40.0,33.6,36.0,30.0,30.0,15.0,10.0,ALUMINIUM,28.0,48.0,38.0,330.0,350.0,16.0,18.0,False,False,135.0,2.0,1.5,2.0,1.5,1.5,1.5,1.5,740.0,15.0,740.0,15.0,1.0,1,False,1.0,1.0,68.0,44.0,0.0,33.0,True,True,False,False,True,12.0,1,False,0.0,0.0,0,SPOKED,SPOKED,0.0,0.0,0.0,0.0,275.0,730.0,40.0,335.0,1.0
440.0,55.0,650.0,64.5,128.0,158.0,465.0,72.5,560.0,53.0,40.0,33.6,36.0,30.0,30.0,15.0,10.0,ALUMINIUM,34.0,54.0,44.0,330.0,350.0,16.0,18.0,False,False,135.0,2.0,1.5,2.0,1.5,1.5,1.5,1.5,740.0,15.0,740.0,15.0,1.0,1,False,1.0,1.0,68.0,44.0,0.0,33.0,True,True,False,False,True,11.0,2,False,0.0,0.0,0,SPOKED,SPOKED,0.0,0.0,0.0,0.0,295.0,750.0,40.0,365.0,1.0
430.0,50.0,640.0,65.5,123.0,153.0,458.0,74.5,550.0,48.0,40.0,33.6,36.0,30.0,30.0,15.0,10.0,ALUMINIUM,32.0,51.0,42.5,330.0,350.0,16.0,18.0,False,False,135.0,2.0,1.5,2.0,1.5,1.5,1.5,1.5,740.0,15.0,740.0,15.0,1.0,1,False,1.0,1.0,68.0,44.0,0.0,33.0,True,True,False,False,True,12.0,1,False,0.0,0.0,0,SPOKED,SPOKED,0.0,0.0,0.0,0.0,288.0,748.0,40.0,350.0,1.0
430.0,25.0,620.0,68.0,120.0,45.0,520.0,74.0,630.0,42.0,41.0,28.6,36.5,30.0,30.0,15.0,15.0,ALUMINIUM,35.0,40.0,45.0,0.0,0.0,0.0,0.0,False,False,135.0,1.5,1.5,1.5,1.5,1.5,1.5,1.5,700.0,45.0,700.0,45.0,1.0,1,False,1.0,1.0,68.0,50.0,0.0,35.0,True,True,False,False,True,12.0,1,False,0.0,0.0,0,DISC,DISC,0.0,0.0,0.0,0.0,250.0,740.0,36.5,350.0,1.0
435.0,30.0,630.0,67.0,130.0,45.0,530.0,73.5,635.0,43.0,41.0,28.6,36.5,30.0,30.0,16.0,16.0,ALUMINIUM,36.0,42.0,44.0,0.0,0.0,0.0,0.0,False,False,142.0,1.6,1.6,1.6,1.6,1.6,1.6,1.6,710.0,50.0,710.0,50.0,1.0,1,False,1.0,1.0,73.0,52.0,0.0,36.0,True,True,False,False,True,12.0,1,False,0.0,0.0,0,DISC,DISC,0.0,0.0,0.0,0.0,255.0,745.0,36.5,360.0,1.0
425.0,20.0,610.0,69.0,115.0,45.0,515.0,75.0,625.0,41.0,41.0,28.6,36.5,30.0,30.0,14.0,14.0,ALUMINIUM,34.0,38.0,46.0,0.0,0.0,0.0,0.0,False,False,135.0,1.4,1.4,1.4,1.4,1.4,1.4,1.4,700.0,42.0,700.0,42.0,1.0,1,False,1.0,1.0,68.0,48.0,0.0,34.0,True,True,False,False,True,12.0,1,False,0.0,0.0,0,DISC,DISC,0.0,0.0,0.0,0.0,245.0,730.0,36.5,340.0,1.0
440.0,22.0,640.0,66.0,140.0,45.0,540.0,73.0,640.0,45.0,41.0,28.6,36.5,30.0,30.0,17.0,17.0,ALUMINIUM,37.0,43.0,47.0,0.0,0.0,0.0,0.0,False,False,142.0,1.8,1.8,1.8,1.8,1.8,1.8,1.8,720.0,48.0,720.0,48.0,1.0,1,False,1.0,1.0,75.0,53.0,0.0,36.0,True,True,False,False,True,12.0,1,False,0.0,0.0,0,DISC,DISC,0.0,0.0,0.0,0.0,260.0,750.0,36.5,360.0,1.0
420.0,28.0,605.0,70.0,110.0,45.0,505.0,74.5,620.0,40.0,41.0,28.6,36.5,30.0,30.0,15.0,15.0,ALUMINIUM,33.0,39.0,43.0,0.0,0.0,0.0,0.0,False,False,135.0,1.3,1.3,1.3,1.3,1.3,1.3,1.3,695.0,43.0,695.0,43.0,1.0,1,False,1.0,1.0,68.0,49.0,0.0,33.0,True,True,False,False,True,12.0,1,False,0.0,0.0,0,DISC,DISC,0.0,0.0,0.0,0.0,248.0,735.0,36.5,345.0,1.0
450.0,25.0,635.0,67.5,125.0,45.0,525.0,73.8,637.0,42.0,41.0,28.6,36.5,30.0,30.0,16.0,16.0,ALUMINIUM,36.0,41.0,42.0,0.0,0.0,0.0,0.0,False,False,148.0,1.7,1.7,1.7,1.7,1.7,1.7,1.7,710.0,47.0,710.0,47.0,1.0,1,False,1.0,1.0,70.0,51.0,0.0,36.0,True,True,False,False,True,12.0,1,False,0.0,0.0,0,DISC,DISC,0.0,0.0,0.0,0.0,252.0,750.0,36.5,365.0,1.0
415.0,24.0,615.0,68.2,118.0,45.0,518.0,74.2,628.0,41.0,41.0,28.6,36.5,30.0,30.0,14.0,14.0,ALUMINIUM,35.0,40.0,44.0,0.0,0.0,0.0,0.0,False,False,142.0,1.5,1.5,1.5,1.5,1.5,1.5,1.5,705.0,46.0,705.0,46.0,1.0,1,False,1.0,1.0,68.0,50.0,0.0,35.0,True,True,False,False,True,12.0,1,False,0.0,0.0,0,DISC,DISC,0.0,0.0,0.0,0.0,249.0,738.0,36.5,355.0,1.0
438.0,23.0,625.0,66.5,135.0,45.0,535.0,73.6,638.0,43.0,41.0,28.6,36.5,30.0,30.0,17.0,17.0,ALUMINIUM,38.0,44.0,48.0,0.0,0.0,0.0,0.0,False,False,135.0,1.55,1.55,1.55,1.55,1.55,1.55,1.55,715.0,49.0,715.0,49.0,1.0,1,False,1.0,1.0,75.0,53.0,0.0,36.0,True,True,False,False,True,12.0,1,False,0.0,0.0,0,DISC,DISC,0.0,0.0,0.0,0.0,257.0,755.0,36.5,370.0,1.0
422.0,26.0,608.0,69.5,112.0,45.0,510.0,74.8,622.0,40.0,41.0,28.6,36.5,30.0,30.0,15.0,15.0,ALUMINIUM,34.0,39.0,45.0,0.0,0.0,0.0,0.0,False,False,148.0,1.6,1.6,1.6,1.6,1.6,1.6,1.6,700.0,45.0,700.0,45.0,1.0,1,False,1.0,1.0,68.0,49.0,0.0,34.0,True,True,False,False,True,12.0,1,False,0.0,0.0,0,DISC,DISC,0.0,0.0,0.0,0.0,246.0,732.0,36.5,342.0,1.0
445.0,27.0,645.0,66.8,138.0,45.0,545.0,73.3,642.0,44.0,41.0,28.6,36.5,30.0,30.0,16.0,16.0,ALUMINIUM,37.0,42.0,47.0,0.0,0.0,0.0,0.0,False,False,135.0,1.4,1.4,1.4,1.4,1.4,1.4,1.4,720.0,48.0,720.0,48.0,1.0,1,False,1.0,1.0,70.0,52.0,0.0,37.0,True,True,False,False,True,12.0,1,False,0.0,0.0,0,DISC,DISC,0.0,0.0,0.0,0.0,260.0,760.0,36.5,375.0,1.0
450.0,60.0,600.0,68.0,120.0,45.0,560.0,71.0,650.0,45.0,45.0,40.0,28.0,36.5,30.0,13.0,15.0,ALUMINIUM,35.0,45.0,50.0,330.0,350.0,16.0,18.0,False,False,135.0,2.0,1.2,1.0,1.2,1.0,1.0,1.2,690.0,52.0,690.0,52.0,1.0,1,False,1.0,1.0,68.0,45.0,31.8,31.8,False,True,False,False,True,12.0,1,False,0.0,0.0,0,DISC,DISC,0.0,0.0,0.0,0.0,280.0,300.0,34.9,700.0,1.0
460.0,62.0,610.0,69.0,130.0,47.0,570.0,72.0,660.0,43.0,45.0,42.0,30.0,37.0,31.0,13.0,17.0,ALUMINIUM,37.0,47.0,55.0,330.0,350.0,16.0,18.0,False,False,148.0,2.0,1.1,1.0,1.2,1.0,1.0,1.1,680.0,50.0,680.0,50.0,1.0,1,False,1.0,1.0,68.0,45.0,31.8,31.8,False,True,False,False,True,11.0,1,False,0.0,0.0,0,DISC,DISC,0.0,0.0,0.0,0.0,282.0,295.0,34.9,710.0,1.0
470.0,58.0,620.0,70.0,110.0,43.0,555.0,70.0,640.0,47.0,45.0,38.0,26.0,35.0,29.0,13.0,15.0,ALUMINIUM,33.0,43.0,45.0,330.0,350.0,16.0,18.0,False,False,142.0,2.0,0.9,1.0,1.1,1.0,1.0,1.0,685.0,52.0,685.0,52.0,1.0,1,False,1.0,1.0,68.0,45.0,31.8,31.8,False,True,False,False,True,12.0,1,False,0.0,0.0,0,DISC,DISC,0.0,0.0,0.0,0.0,285.0,305.0,34.9,720.0,1.0
480.0,65.0,630.0,67.0,140.0,46.0,575.0,73.0,655.0,44.0,45.0,36.0,28.0,36.0,30.0,13.0,16.0,ALUMINIUM,35.0,46.0,52.0,330.0,350.0,16.0,18.0,False,False,135.0,2.0,1.0,0.9,1.2,1.0,1.0,1.2,692.0,53.0,692.0,53.0,1.0,1,False,1.0,1.0,68.0,45.0,31.8,31.8,False,True,False,False,True,10.0,1,False,0.0,0.0,0,DISC,DISC,0.0,0.0,0.0,0.0,288.0,310.0,34.9,730.0,1.0
490.0,60.0,640.0,68.0,125.0,44.0,565.0,72.0,665.0,46.0,45.0,39.0,29.0,36.0,31.0,13.0,17.0,ALUMINIUM,36.0,44.0,48.0,330.0,350.0,16.0,18.0,False,False,148.0,2.0,1.1,0.9,1.1,1.0,1.0,1.1,680.0,51.0,680.0,51.0,1.0,2,False,1.0,1.0,68.0,45.0,31.8,31.8,False,True,False,False,True,11.0,2,False,0.0,0.0,0,DISC,DISC,0.0,0.0,0.0,0.0,290.0,295.0,34.9,710.0,1.0
500.0,62.0,650.0,69.0,115.0,45.0,560.0,70.0,645.0,45.0,45.0,40.0,27.0,35.0,30.0,13.0,16.0,ALUMINIUM,34.0,45.0,50.0,330.0,350.0,16.0,18.0,False,False,135.0,2.0,0.9,1.0,1.2,1.0,1.0,1.2,700.0,54.0,700.0,54.0,1.0,1,False,1.0,1.0,68.0,45.0,31.8,31.8,False,True,False,False,True,12.0,1,False,0.0,0.0,0,DISC,DISC,0.0,0.0,0.0,0.0,292.0,300.0,34.9,740.0,3.0
520.0,58.0,660.0,70.0,135.0,46.0,575.0,71.0,655.0,44.0,45.0,42.0,29.0,37.0,31.0,13.0,15.0,ALUMINIUM,37.0,46.0,55.0,330.0,350.0,16.0,18.0,False,False,142.0,2.0,1.2,1.0,1.1,1.0,1.0,1.1,690.0,53.0,690.0,53.0,1.0,1,False,1.0,1.0,68.0,45.0,31.8,31.8,False,True,False,False,True,11.0,1,False,0.0,0.0,0,DISC,DISC,0.0,0.0,0.0,0.0,295.0,310.0,34.9,720.0,1.0
540.0,60.0,670.0,69.0,120.0,45.0,580.0,72.0,660.0,47.0,45.0,41.0,28.0,36.0,30.0,13.0,15.0,ALUMINIUM,35.0,45.0,50.0,330.0,350.0,16.0,18.0,False,False,135.0,2.0,1.0,0.9,1.2,1.0,1.0,1.2,680.0,52.0,680.0,52.0,1.0,1,False,1.0,1.0,68.0,45.0,31.8,31.8,False,True,False,False,True,12.0,1,False,0.0,0.0,0,DISC,DISC,0.0,0.0,0.0,0.0,298.0,305.0,34.9,750.0,1.0
560.0,65.0,590.0,71.0,140.0,47.0,555.0,70.0,650.0,46.0,45.0,38.0,26.0,35.0,29.0,13.0,17.0,ALUMINIUM,37.0,47.0,55.0,330.0,350.0,16.0,18.0,False,False,148.0,2.0,1.1,1.0,1.2,1.0,1.0,1.1,692.0,53.0,692.0,53.0,1.0,2,False,1.0,1.0,68.0,45.0,31.8,31.8,False,True,False,False,True,10.0,1,False,0.0,0.0,0,DISC,DISC,0.0,0.0,0.0,0.0,300.0,300.0,34.9,760.0,1.0
580.0,63.0,655.0,68.0,115.0,46.0,570.0,72.0,645.0,45.0,45.0,40.0,29.0,37.0,31.0,13.0,16.0,ALUMINIUM,36.0,46.0,48.0,330.0,350.0,16.0,18.0,False,False,135.0,2.0,0.9,1.0,1.1,1.0,1.0,1.1,700.0,54.0,700.0,54.0,1.0,1,False,1.0,1.0,68.0,45.0,31.8,31.8,False,True,False,False,True,12.0,2,False,0.0,0.0,0,DISC,DISC,0.0,0.0,0.0,0.0,302.0,315.0,34.9,780.0,1.0
440.0,60.0,610.0,67.0,150.0,55.0,560.0,73.0,650.0,50.0,40.0,28.6,23.35,20.5,36.5,13.0,15,ALUMINIUM,35.0,60.0,50.0,0.0,0.0,0.0,0,False,False,135.0,2.0,0.9,1.1,0.9,1.2,1.0,0.9,700.0,55.0,700.0,55.0,1.0,1,False,1.0,1.0,50.0,45.0,0.0,31.8,False,True,False,False,True,12.0,1,False,0.0,0.0,0,SPOKED,SPOKED,0.0,0.0,0.0,0.0,300.0,760.0,36.5,300.0,1.0
430.0,62.0,620.0,66.5,145.0,50.0,550.0,74.0,660.0,52.0,40.0,28.6,23.35,20.5,36.5,13.0,15,ALUMINIUM,32.0,55.0,48.0,0.0,0.0,0.0,0,False,False,135.0,2.0,0.9,1.1,0.9,1.2,1.0,0.9,700.0,55.0,700.0,55.0,1.0,1,False,1.0,1.0,50.0,45.0,0.0,31.8,False,True,False,False,True,12.0,1,False,0.0,0.0,0,SPOKED,SPOKED,0.0,0.0,0.0,0.0,300.0,770.0,36.5,310.0,1.0
445.0,58.0,605.0,68.0,155.0,60.0,570.0,73.5,645.0,48.0,40.0,28.6,23.35,20.5,36.5,13.0,12,ALUMINIUM,38.0,65.0,52.0,0.0,0.0,0.0,0,False,False,135.0,2.0,0.9,1.1,0.9,1.2,1.0,0.9,700.0,55.0,700.0,55.0,1.0,1,False,1.0,1.0,50.0,45.0,0.0,31.8,False,True,False,False,True,12.0,1,False,0.0,0.0,0,SPOKED,SPOKED,0.0,0.0,0.0,0.0,320.0,780.0,36.5,290.0,1.0
438.0,59.0,615.0,69.0,140.0,52.0,565.0,72.5,655.0,54.0,40.0,28.6,23.35,20.5,36.5,13.0,18,ALUMINIUM,30.0,58.0,48.0,0.0,0.0,0.0,0,False,False,135.0,2.0,0.9,1.1,0.9,1.2,1.0,0.9,700.0,55.0,700.0,55.0,1.0,1,False,1.0,1.0,50.0,45.0,0.0,31.8,False,True,False,False,True,12.0,1,False,0.0,0.0,0,SPOKED,SPOKED,0.0,0.0,0.0,0.0,310.0,765.0,36.5,295.0,1.0
435.0,61.0,630.0,67.5,148.0,58.0,568.0,73.0,662.0,51.0,40.0,28.6,23.35,20.5,36.5,13.0,15,ALUMINIUM,36.0,62.0,49.0,0.0,0.0,0.0,0,False,False,135.0,2.0,0.9,1.1,0.9,1.2,1.0,0.9,700.0,55.0,700.0,55.0,1.0,1,False,1.0,1.0,50.0,45.0,0.0,31.8,False,True,False,False,True,12.0,1,False,0.0,0.0,0,SPOKED,SPOKED,0.0,0.0,0.0,0.0,315.0,785.0,36.5,305.0,1.0
450.0,57.0,600.0,68.5,160.0,54.0,555.0,74.5,635.0,53.0,40.0,28.6,23.35,20.5,36.5,13.0,15,ALUMINIUM,40.0,58.0,51.0,0.0,0.0,0.0,0,False,False,135.0,2.0,0.9,1.1,0.9,1.2,1.0,0.9,700.0,55.0,700.0,55.0,1.0,1,False,1.0,1.0,50.0,45.0,0.0,31.8,False,True,False,False,True,12.0,1,False,0.0,0.0,0,SPOKED,SPOKED,0.0,0.0,0.0,0.0,300.0,770.0,36.5,285.0,1.0
420.0,63.0,625.0,66.0,142.0,53.0,562.0,73.2,668.0,49.0,40.0,28.6,23.35,20.5,36.5,13.0,16,ALUMINIUM,34.0,61.0,47.0,0.0,0.0,0.0,0,False,False,135.0,2.0,0.9,1.1,0.9,1.2,1.0,0.9,700.0,55.0,700.0,55.0,1.0,1,False,1.0,1.0,50.0,45.0,0.0,31.8,False,True,False,False,True,12.0,1,False,0.0,0.0,0,SPOKED,SPOKED,0.0,0.0,0.0,0.0,305.0,750.0,36.5,300.0,1.0
440.0,60.0,595.0,68.8,147.0,56.0,558.0,74.2,640.0,50.0,40.0,28.6,23.35,20.5,36.5,13.0,14,ALUMINIUM,37.0,59.0,53.0,0.0,0.0,0.0,0,False,False,135.0,2.0,0.9,1.1,0.9,1.2,1.0,0.9,700.0,55.0,700.0,55.0,1.0,1,False,1.0,1.0,50.0,45.0,0.0,31.8,False,True,False,False,True,12.0,1,False,0.0,0.0,0,SPOKED,SPOKED,0.0,0.0,0.0,0.0,325.0,780.0,36.5,310.0,1.0
430.0,62.0,605.0,67.2,152.0,57.0,565.0,73.8,655.0,52.0,40.0,28.6,23.35,20.5,36.5,13.0,15,ALUMINIUM,39.0,63.0,50.0,0.0,0.0,0.0,0,False,False,135.0,2.0,0.9,1.1,0.9,1.2,1.0,0.9,700.0,55.0,700.0,55.0,1.0,1,False,1.0,1.0,50.0,45.0,0.0,31.8,False,True,False,False,True,12.0,1,False,0.0,0.0,0,SPOKED,SPOKED,0.0,0.0,0.0,0.0,315.0,775.0,36.5,295.0,1.0
445.0,58.0,615.0,68.3,149.0,59.0,568.0,74.3,643.0,51.0,40.0,28.6,23.35,20.5,36.5,13.0,17,ALUMINIUM,33.0,57.0,49.0,0.0,0.0,0.0,0,False,False,135.0,2.0,0.9,1.1,0.9,1.2,1.0,0.9,700.0,55.0,700.0,55.0,1.0,1,False,1.0,1.0,50.0,45.0,0.0,31.8,False,True,False,False,True,12.0,1,False,0.0,0.0,0,SPOKED,SPOKED,0.0,0.0,0.0,0.0,305.0,765.0,36.5,300.0,1.0
430.0,60.0,610.0,67.0,120.0,45.0,520.0,73.0,650.0,50.0,50.0,28.6,28.6,36.5,36.5,13.0,15.0,ALUMINIUM,40.0,40.0,50.0,330.0,350.0,16.0,18.0,False,False,135.0,2.0,0.9,1.1,0.9,1.2,1.0,0.9,700.0,50.0,700.0,50.0,1.0,1,False,1.0,1.0,68.0,44.0,0.0,31.8,False,True,False,False,True,12.0,1,False,0.0,0.0,0,SPOKED,SPOKED,1.0,1.0,80.0,80.0,278.0,690.0,34.9,750.0,1.0
435.0,55.0,620.0,66.5,130.0,50.0,530.0,73.5,650.0,45.0,50.0,28.6,28.6,36.5,36.5,13.0,15.0,ALUMINIUM,38.0,42.0,48.0,330.0,350.0,16.0,18.0,True,False,135.0,2.0,0.9,1.1,0.9,1.2,1.0,0.9,700.0,50.0,700.0,50.0,1.0,1,False,1.0,1.0,68.0,44.0,0.0,31.8,False,True,False,False,True,12.0,1,False,0.0,0.0,0,SPOKED,SPOKED,1.0,1.0,80.0,80.0,278.0,690.0,34.9,750.0,1.0
440.0,65.0,630.0,67.5,140.0,55.0,540.0,74.0,650.0,55.0,50.0,28.6,28.6,36.5,36.5,13.0,15.0,ALUMINIUM,42.0,38.0,52.0,330.0,350.0,16.0,18.0,False,True,135.0,2.0,0.9,1.1,0.9,1.2,1.0,0.9,700.0,50.0,700.0,50.0,1.0,1,False,1.0,1.0,68.0,44.0,0.0,31.8,False,True,False,False,True,12.0,1,False,0.0,0.0,0,SPOKED,SPOKED,1.0,1.0,80.0,80.0,278.0,690.0,34.9,750.0,1.0
445.0,58.0,640.0,68.0,150.0,60.0,550.0,72.5,650.0,60.0,50.0,28.6,28.6,36.5,36.5,13.0,15.0,ALUMINIUM,44.0,44.0,55.0,330.0,350.0,16.0,18.0,True,True,135.0,2.0,0.9,1.1,0.9,1.2,1.0,0.9,700.0,50.0,700.0,50.0,1.0,1,False,1.0,1.0,68.0,44.0,0.0,31.8,False,True,False,False,True,12.0,1,False,0.0,0.0,0,SPOKED,SPOKED,1.0,1.0,80.0,80.0,278.0,690.0,34.9,750.0,1.0
450.0,62.0,650.0,66.0,160.0,65.0,560.0,73.2,650.0,40.0,50.0,28.6,28.6,36.5,36.5,13.0,15.0,ALUMINIUM,36.0,36.0,45.0,330.0,350.0,16.0,18.0,False,False,135.0,2.0,0.9,1.1,0.9,1.2,1.0,0.9,700.0,50.0,700.0,50.0,1.0,1,False,1.0,1.0,68.0,44.0,0.0,31.8,False,True,False,False,True,12.0,1,False,0.0,0.0,0,SPOKED,SPOKED,1.0,1.0,80.0,80.0,278.0,690.0,34.9,750.0,1.0
455.0,57.0,600.0,67.2,125.0,52.0,510.0,74.2,650.0,48.0,50.0,28.6,28.6,36.5,36.5,13.0,15.0,ALUMINIUM,39.0,43.0,49.0,330.0,350.0,16.0,18.0,True,False,135.0,2.0,0.9,1.1,0.9,1.2,1.0,0.9,700.0,50.0,700.0,50.0,1.0,1,False,1.0,1.0,68.0,44.0,0.0,31.8,False,True,False,False,True,12.0,1,False,0.0,0.0,0,SPOKED,SPOKED,1.0,1.0,80.0,80.0,278.0,690.0,34.9,750.0,1.0
460.0,63.0,605.0,67.8,135.0,58.0,515.0,72.8,650.0,52.0,50.0,28.6,28.6,36.5,36.5,13.0,15.0,ALUMINIUM,43.0,39.0,53.0,330.0,350.0,16.0,18.0,False,True,135.0,2.0,0.9,1.1,0.9,1.2,1.0,0.9,700.0,50.0,700.0,50.0,1.0,1,False,1.0,1.0,68.0,44.0,0.0,31.8,False,True,False,False,True,12.0,1,False,0.0,0.0,0,SPOKED,SPOKED,1.0,1.0,80.0,80.0,278.0,690.0,34.9,750.0,1.0
465.0,59.0,615.0,66.8,145.0,48.0,525.0,73.8,650.0,58.0,50.0,28.6,28.6,36.5,36.5,13.0,15.0,ALUMINIUM,37.0,45.0,46.0,330.0,350.0,16.0,18.0,True,True,135.0,2.0,0.9,1.1,0.9,1.2,1.0,0.9,700.0,50.0,700.0,50.0,1.0,1,False,1.0,1.0,68.0,44.0,0.0,31.8,False,True,False,False,True,12.0,1,False,0.0,0.0,0,SPOKED,SPOKED,1.0,1.0,80.0,80.0,278.0,690.0,34.9,750.0,1.0
470.0,61.0,625.0,66.2,155.0,62.0,535.0,72.2,650.0,42.0,50.0,28.6,28.6,36.5,36.5,13.0,15.0,ALUMINIUM,45.0,37.0,54.0,330.0,350.0,16.0,18.0,False,False,135.0,2.0,0.9,1.1,0.9,1.2,1.0,0.9,700.0,50.0,700.0,50.0,1.0,1,False,1.0,1.0,68.0,44.0,0.0,31.8,False,True,False,False,True,12.0,1,False,0.0,0.0,0,SPOKED,SPOKED,1.0,1.0,80.0,80.0,278.0,690.0,34.9,750.0,1.0
475.0,56.0,635.0,67.4,165.0,53.0,545.0,74.5,650.0,54.0,50.0,28.6,28.6,36.5,36.5,13.0,15.0,ALUMINIUM,41.0,41.0,51.0,330.0,350.0,16.0,18.0,True,False,135.0,2.0,0.9,1.1,0.9,1.2,1.0,0.9,700.0,50.0,700.0,50.0,1.0,1,False,1.0,1.0,68.0,44.0,0.0,31.8,False,True,False,False,True,12.0,1,False,0.0,0.0,0,SPOKED,SPOKED,1.0,1.0,80.0,80.0,278.0,690.0,34.9,750.0,1.0
420.0,65.0,580.0,68.0,150.0,50.0,550.0,72.0,630.0,48.0,50.0,32.0,34.0,33.0,30.0,20.0,14.0,ALUMINIUM,25.0,60.0,35.0,330.0,350.0,16.0,18.0,False,False,135.0,2.0,1.0,1.1,0.9,1.2,1.0,0.9,650.0,60.0,650.0,60.0,1.0,1,False,1.0,1.0,68.0,50.0,650.0,30.0,False,False,False,False,True,12.0,1,False,0.0,0.0,0,SPOKED,SPOKED,1.0,1.0,80.0,80.0,280.0,35.0,34.9,700.0,1.0
435.0,60.0,600.0,69.0,140.0,55.0,560.0,71.0,640.0,45.0,45.0,30.0,32.0,31.0,28.0,18.0,14.0,ALUMINIUM,22.0,55.0,30.0,330.0,350.0,16.0,18.0,False,True,135.0,2.0,1.0,1.1,0.9,1.2,1.0,0.9,670.0,60.0,670.0,60.0,1.0,2,False,1.0,1.0,73.0,48.0,670.0,32.0,True,False,False,False,True,11.0,1,False,0.0,0.0,0,SPOKED,SPOKED,1.0,1.0,80.0,80.0,290.0,36.0,34.9,720.0,1.0
450.0,70.0,620.0,67.5,155.0,60.0,540.0,73.0,650.0,50.0,50.0,33.0,35.0,33.5,32.0,22.0,14.0,ALUMINIUM,26.0,65.0,40.0,330.0,350.0,16.0,18.0,True,True,135.0,2.0,1.0,1.1,0.9,1.2,1.0,0.9,680.0,60.0,680.0,60.0,1.0,0,False,1.0,1.0,68.0,50.0,680.0,34.0,False,True,False,False,True,12.0,2,False,0.0,0.0,0,SPOKED,SPOKED,1.0,1.0,80.0,80.0,285.0,38.0,34.9,680.0,1.0
425.0,62.0,590.0,70.0,165.0,58.0,570.0,70.0,640.0,47.0,48.0,29.0,33.0,32.0,31.0,19.0,14.0,ALUMINIUM,28.0,50.0,38.0,330.0,350.0,16.0,18.0,False,False,135.0,2.0,1.0,1.1,0.9,1.2,1.0,0.9,660.0,55.0,660.0,55.0,1.0,2,False,1.0,1.0,73.0,46.0,660.0,30.0,False,False,False,False,True,11.0,1,False,0.0,0.0,0,SPOKED,SPOKED,1.0,1.0,80.0,80.0,295.0,36.0,34.9,750.0,1.0
480.0,68.0,630.0,68.0,170.0,52.0,580.0,72.0,660.0,46.0,52.0,34.0,36.0,34.0,32.5,24.0,14.0,ALUMINIUM,30.0,70.0,45.0,330.0,350.0,16.0,18.0,True,False,135.0,2.0,1.0,1.1,0.9,1.2,1.0,0.9,690.0,60.0,690.0,60.0,1.0,1,False,1.0,1.0,68.0,52.0,690.0,34.0,True,True,False,False,True,12.0,2,False,0.0,0.0,0,SPOKED,SPOKED,1.0,1.0,80.0,80.0,300.0,37.0,34.9,770.0,1.0
460.0,64.0,610.0,71.0,160.0,54.0,550.0,69.0,655.0,49.0,47.0,31.0,35.0,32.5,30.0,21.0,14.0,ALUMINIUM,27.0,63.0,42.0,330.0,350.0,16.0,18.0,False,True,135.0,2.0,1.0,1.1,0.9,1.2,1.0,0.9,655.0,60.0,655.0,60.0,1.0,2,False,1.0,1.0,73.0,49.0,655.0,32.0,False,True,False,False,True,10.0,1,False,0.0,0.0,0,SPOKED,SPOKED,1.0,1.0,80.0,80.0,295.0,36.0,34.9,730.0,1.0
440.0,66.0,600.0,72.0,145.0,56.0,545.0,74.0,640.0,46.0,45.0,29.5,33.5,31.5,29.5,18.5,14.0,ALUMINIUM,23.0,58.0,33.0,330.0,350.0,16.0,18.0,True,False,135.0,2.0,1.0,1.1,0.9,1.2,1.0,0.9,665.0,60.0,665.0,60.0,1.0,0,False,1.0,1.0,68.0,46.0,665.0,31.0,False,False,False,False,True,11.0,2,False,0.0,0.0,0,SPOKED,SPOKED,1.0,1.0,80.0,80.0,285.0,37.5,34.9,710.0,1.0
470.0,69.0,620.0,68.0,150.0,53.0,575.0,71.0,645.0,47.0,50.0,32.5,36.5,34.0,31.0,22.5,14.0,ALUMINIUM,24.0,62.0,37.0,330.0,350.0,16.0,18.0,False,True,135.0,2.0,1.0,1.1,0.9,1.2,1.0,0.9,675.0,60.0,675.0,60.0,1.0,1,False,1.0,1.0,73.0,49.0,675.0,33.0,True,False,False,False,True,12.0,1,False,0.0,0.0,0,SPOKED,SPOKED,1.0,1.0,80.0,80.0,288.0,36.8,34.9,740.0,1.0
490.0,67.0,640.0,66.5,180.0,51.0,585.0,75.0,660.0,49.0,55.0,34.5,37.0,35.0,33.0,25.0,14.0,ALUMINIUM,32.0,68.0,48.0,330.0,350.0,16.0,18.0,False,False,135.0,2.0,1.0,1.1,0.9,1.2,1.0,0.9,685.0,60.0,685.0,60.0,1.0,2,False,1.0,1.0,68.0,55.0,685.0,35.0,False,False,False,False,True,11.0,2,False,0.0,0.0,0,SPOKED,SPOKED,1.0,1.0,80.0,80.0,292.0,37.2,34.9,760.0,1.0
455.0,63.0,605.0,69.5,135.0,57.0,565.0,71.5,625.0,46.0,48.0,31.5,33.8,32.0,30.0,20.5,14.0,ALUMINIUM,21.0,57.0,34.0,330.0,350.0,16.0,18.0,True,True,135.0,2.0,1.0,1.1,0.9,1.2,1.0,0.9,660.0,60.0,660.0,60.0,1.0,1,False,1.0,1.0,73.0,47.0,660.0,32.0,False,True,False,False,True,12.0,1,False,0.0,0.0,0,SPOKED,SPOKED,1.0,1.0,80.0,80.0,287.0,36.5,34.9,710.0,1.0
430.0,35.0,620.0,67.0,120.0,60.0,480.0,74.0,720.0,50.0,46.0,28.0,35.0,25.0,25.0,15.0,10.0,ALUMINIUM,30.0,50.0,40.0,0.0,0.0,0.0,0.0,False,False,142.0,2.0,2.0,2.0,2.0,2.0,2.0,2.0,737.0,115.0,737.0,115.0,1.0,1,False,1.0,1.0,73.0,44.0,0.0,30.0,True,True,False,False,True,12.0,1,False,0.0,0.0,0,SPOKED,SPOKED,0.0,0.0,0.0,0.0,300.0,300.0,35.0,500.0,1.0
440.0,32.0,625.0,66.5,130.0,58.0,490.0,73.5,725.0,48.0,46.0,28.0,35.0,25.0,25.0,15.0,10.0,ALUMINIUM,30.0,50.0,40.0,0.0,0.0,0.0,0.0,False,False,142.0,2.0,2.0,2.0,2.0,2.0,2.0,2.0,737.0,115.0,737.0,115.0,1.0,2,False,1.0,1.0,73.0,44.0,0.0,30.0,True,True,False,False,True,11.0,1,False,0.0,0.0,0,SPOKED,SPOKED,0.0,0.0,0.0,0.0,300.0,300.0,35.0,500.0,1.0
432.0,30.0,615.0,68.0,115.0,62.0,475.0,74.5,735.0,50.0,46.0,28.0,35.0,25.0,25.0,15.0,10.0,ALUMINIUM,30.0,50.0,40.0,0.0,0.0,0.0,0.0,False,False,142.0,2.0,2.0,2.0,2.0,2.0,2.0,2.0,737.0,115.0,737.0,115.0,1.0,1,False,1.0,3.0,73.0,44.0,0.0,30.0,True,True,False,False,True,10.0,2,False,0.0,0.0,0,SPOKED,SPOKED,0.0,0.0,0.0,0.0,300.0,300.0,35.0,500.0,1.0
450.0,38.0,645.0,66.0,125.0,55.0,485.0,75.0,740.0,53.0,46.0,28.0,35.0,25.0,25.0,15.0,10.0,ALUMINIUM,30.0,50.0,40.0,0.0,0.0,0.0,0.0,False,False,142.0,2.0,2.0,2.0,2.0,2.0,2.0,2.0,737.0,115.0,737.0,115.0,1.0,0,False,1.0,1.0,73.0,44.0,0.0,30.0,True,True,False,True,True,12.0,1,False,0.0,0.0,0,SPOKED,SPOKED,0.0,0.0,0.0,0.0,300.0,300.0,35.0,500.0,1.0
438.0,36.0,635.0,66.8,140.0,68.0,495.0,73.2,710.0,49.0,46.0,28.0,35.0,25.0,25.0,15.0,10.0,ALUMINIUM,30.0,50.0,40.0,0.0,0.0,0.0,0.0,False,False,142.0,2.0,2.0,2.0,2.0,2.0,2.0,2.0,737.0,115.0,737.0,115.0,1.0,2,False,1.0,2.0,73.0,44.0,0.0,30.0,True,True,False,False,True,11.0,1,True,0.0,0.0,0,SPOKED,SPOKED,0.0,0.0,0.0,0.0,300.0,300.0,35.0,500.0,1.0
445.0,34.0,640.0,67.2,105.0,52.0,465.0,74.8,718.0,51.0,46.0,28.0,35.0,25.0,25.0,15.0,10.0,ALUMINIUM,30.0,50.0,40.0,0.0,0.0,0.0,0.0,False,False,142.0,2.0,2.0,2.0,2.0,2.0,2.0,2.0,737.0,115.0,737.0,115.0,1.0,1,False,1.0,1.0,73.0,44.0,0.0,30.0,True,True,True,True,True,12.0,2,False,0.0,0.0,0,SPOKED,SPOKED,0.0,0.0,0.0,0.0,300.0,300.0,35.0,500.0,1.0
428.0,31.0,600.0,67.7,118.0,59.0,478.0,73.7,722.0,52.0,46.0,28.0,35.0,25.0,25.0,15.0,10.0,ALUMINIUM,30.0,50.0,40.0,0.0,0.0,0.0,0.0,False,False,142.0,2.0,2.0,2.0,2.0,2.0,2.0,2.0,737.0,115.0,737.0,115.0,1.0,2,False,1.0,1.0,73.0,44.0,0.0,30.0,True,True,False,False,True,11.0,1,False,0.0,0.0,0,SPOKED,SPOKED,0.0,0.0,0.0,0.0,300.0,300.0,35.0,500.0,1.0
442.0,33.0,610.0,67.3,135.0,56.0,472.0,74.1,732.0,50.0,46.0,28.0,35.0,25.0,25.0,15.0,10.0,ALUMINIUM,30.0,50.0,40.0,0.0,0.0,0.0,0.0,False,False,142.0,2.0,2.0,2.0,2.0,2.0,2.0,2.0,737.0,115.0,737.0,115.0,1.0,0,False,1.0,2.0,73.0,44.0,0.0,30.0,True,True,True,False,True,12.0,1,False,0.0,0.0,0,SPOKED,SPOKED,0.0,0.0,0.0,0.0,300.0,300.0,35.0,500.0,1.0
436.0,37.0,622.0,66.2,122.0,64.0,488.0,75.0,738.0,49.0,46.0,28.0,35.0,25.0,25.0,15.0,10.0,ALUMINIUM,30.0,50.0,40.0,0.0,0.0,0.0,0.0,False,False,142.0,2.0,2.0,2.0,2.0,2.0,2.0,2.0,737.0,115.0,737.0,115.0,1.0,1,False,1.0,3.0,73.0,44.0,0.0,30.0,True,True,False,False,True,10.0,1,False,0.0,0.0,0,SPOKED,SPOKED,0.0,0.0,0.0,0.0,300.0,300.0,35.0,500.0,1.0
433.0,39.0,628.0,66.7,128.0,61.0,482.0,73.4,715.0,52.0,46.0,28.0,35.0,25.0,25.0,15.0,10.0,ALUMINIUM,30.0,50.0,40.0,0.0,0.0,0.0,0.0,False,False,142.0,2.0,2.0,2.0,2.0,2.0,2.0,2.0,737.0,115.0,737.0,115.0,1.0,2,False,1.0,1.0,73.0,44.0,0.0,30.0,True,True,False,True,True,11.0,1,False,0.0,0.0,0,SPOKED,SPOKED,0.0,0.0,0.0,0.0,300.0,300.0,35.0,500.0,1.0
440.0,50.0,600.0,67.0,90.0,45.0,500.0,73.0,630.0,50.0,68.0,28.6,33.6,36.5,30.0,13.0,15.0,ALUMINIUM,30.0,50.0,40.0,330.0,350.0,16.0,18.0,False,False,135.0,2.5,1.0,1.1,1.2,1.0,0.9,1.1,650.0,60.0,650.0,60.0,1.0,1,False,1.0,1.0,68.0,50.0,0.0,33.7,False,True,False,False,True,11.0,1,False,0.0,0.0,0,SPOKED,SPOKED,0.0,0.0,80.0,80.0,280.0,330.0,33.6,350.0,1.0
445.0,50.0,610.0,66.0,95.0,45.0,510.0,74.0,640.0,52.0,68.0,28.6,33.6,36.5,30.0,13.0,15.0,ALUMINIUM,32.0,52.0,42.0,330.0,350.0,16.0,18.0,False,False,135.0,2.5,1.0,1.1,1.2,1.0,0.9,1.1,655.0,60.0,655.0,60.0,1.0,1,False,1.0,1.0,68.0,50.0,0.0,33.7,False,True,False,False,True,11.0,1,False,0.0,0.0,0,SPOKED,SPOKED,0.0,0.0,80.0,80.0,280.0,330.0,33.6,350.0,1.0
450.0,50.0,620.0,65.0,100.0,45.0,520.0,72.0,650.0,54.0,68.0,28.6,33.6,36.5,30.0,13.0,15.0,ALUMINIUM,34.0,54.0,44.0,330.0,350.0,16.0,18.0,False,False,135.0,2.5,1.0,1.1,1.2,1.0,0.9,1.1,660.0,60.0,660.0,60.0,1.0,1,False,1.0,1.0,68.0,50.0,0.0,33.7,False,True,False,False,True,11.0,1,False,0.0,0.0,0,SPOKED,SPOKED,0.0,0.0,80.0,80.0,280.0,330.0,33.6,350.0,1.0
455.0,50.0,630.0,68.0,105.0,45.0,530.0,75.0,660.0,56.0,68.0,28.6,33.6,36.5,30.0,13.0,15.0,ALUMINIUM,36.0,56.0,46.0,330.0,350.0,16.0,18.0,False,False,135.0,2.5,1.0,1.1,1.2,1.0,0.9,1.1,665.0,60.0,665.0,60.0,1.0,1,False,1.0,1.0,68.0,50.0,0.0,33.7,False,True,False,False,True,11.0,1,False,0.0,0.0,0,SPOKED,SPOKED,0.0,0.0,80.0,80.0,280.0,330.0,33.6,350.0,1.0
460.0,50.0,640.0,69.0,110.0,45.0,540.0,73.0,670.0,58.0,68.0,28.6,33.6,36.5,30.0,13.0,15.0,ALUMINIUM,38.0,58.0,48.0,330.0,350.0,16.0,18.0,False,False,135.0,2.5,1.0,1.1,1.2,1.0,0.9,1.1,670.0,60.0,670.0,60.0,1.0,1,False,1.0,1.0,68.0,50.0,0.0,33.7,False,True,False,False,True,11.0,1,False,0.0,0.0,0,SPOKED,SPOKED,0.0,0.0,80.0,80.0,280.0,330.0,33.6,350.0,1.0
465.0,50.0,650.0,67.0,115.0,45.0,550.0,74.0,680.0,50.0,68.0,28.6,33.6,36.5,30.0,13.0,15.0,ALUMINIUM,30.0,50.0,40.0,330.0,350.0,16.0,18.0,False,False,142.0,2.5,1.0,1.1,1.2,1.0,0.9,1.1,675.0,60.0,675.0,60.0,1.0,1,False,1.0,1.0,68.0,50.0,0.0,33.7,False,True,False,False,True,11.0,1,False,0.0,0.0,0,SPOKED,SPOKED,0.0,0.0,80.0,80.0,280.0,330.0,33.6,350.0,1.0
470.0,50.0,660.0,66.0,120.0,45.0,560.0,72.0,690.0,52.0,68.0,28.6,33.6,36.5,30.0,13.0,15.0,ALUMINIUM,32.0,52.0,42.0,330.0,350.0,16.0,18.0,False,False,142.0,2.5,1.0,1.1,1.2,1.0,0.9,1.1,680.0,60.0,680.0,60.0,1.0,1,False,1.0,1.0,68.0,50.0,0.0,33.7,False,True,False,False,True,11.0,1,False,0.0,0.0,0,SPOKED,SPOKED,0.0,0.0,80.0,80.0,280.0,330.0,33.6,350.0,1.0
475.0,50.0,670.0,65.0,100.0,45.0,570.0,75.0,700.0,54.0,68.0,28.6,33.6,36.5,30.0,13.0,15.0,ALUMINIUM,34.0,54.0,44.0,330.0,350.0,16.0,18.0,False,False,142.0,2.5,1.0,1.1,1.2,1.0,0.9,1.1,685.0,60.0,685.0,60.0,1.0,1,False,1.0,1.0,68.0,50.0,0.0,33.7,False,True,False,False,True,11.0,1,False,0.0,0.0,0,SPOKED,SPOKED,0.0,0.0,80.0,80.0,280.0,330.0,33.6,350.0,1.0
480.0,50.0,680.0,68.0,95.0,45.0,580.0,73.0,710.0,56.0,68.0,28.6,33.6,36.5,30.0,13.0,15.0,ALUMINIUM,36.0,56.0,46.0,330.0,350.0,16.0,18.0,False,False,142.0,2.5,1.0,1.1,1.2,1.0,0.9,1.1,690.0,60.0,690.0,60.0,1.0,1,False,1.0,1.0,68.0,50.0,0.0,33.7,False,True,False,False,True,11.0,1,False,0.0,0.0,0,SPOKED,SPOKED,0.0,0.0,80.0,80.0,280.0,330.0,33.6,350.0,1.0
485.0,50.0,690.0,69.0,90.0,45.0,590.0,74.0,720.0,58.0,68.0,28.6,33.6,36.5,30.0,13.0,15.0,ALUMINIUM,38.0,58.0,48.0,330.0,350.0,16.0,18.0,False,False,142.0,2.5,1.0,1.1,1.2,1.0,0.9,1.1,695.0,60.0,695.0,60.0,1.0,1,False,1.0,1.0,68.0,50.0,0.0,33.7,False,True,False,False,True,11.0,1,False,0.0,0.0,0,SPOKED,SPOKED,0.0,0.0,80.0,80.0,280.0,330.0,33.6,350.0,1.0
450.0,65.0,620.0,68.0,120.0,45.0,600.0,74.0,630.0,50.0,40.0,30.0,36.5,25.0,25.0,13.0,15.0,ALUMINIUM,35.0,50.0,40.0,330.0,350.0,16.0,18.0,False,False,135.0,2.0,0.9,1.1,0.9,1.2,1.0,0.9,700.0,50.0,700.0,50.0,1.0,1,False,1.0,1.0,68.0,45.0,0.0,31.8,False,True,False,False,True,12.0,1,False,0.0,0.0,0,SPOKED,SPOKED,0.0,0.0,0.0,0.0,300.0,810.0,34.9,300.0,1.0
460.0,63.0,630.0,67.0,115.0,50.0,610.0,75.0,640.0,52.0,40.0,30.0,36.5,25.0,25.0,13.0,15.0,ALUMINIUM,35.0,50.0,40.0,330.0,350.0,16.0,18.0,False,False,135.0,2.0,0.9,1.1,0.9,1.2,1.0,0.9,700.0,50.0,700.0,50.0,1.0,2,False,1.0,1.0,68.0,45.0,0.0,31.8,False,True,False,False,True,12.0,1,False,0.0,0.0,0,SPOKED,SPOKED,0.0,0.0,0.0,0.0,300.0,820.0,34.9,300.0,1.0
430.0,60.0,605.0,66.5,110.0,48.0,590.0,73.5,620.0,48.0,40.0,30.0,36.5,24.0,24.0,13.0,15.0,ALUMINIUM,35.0,50.0,40.0,330.0,350.0,16.0,18.0,False,False,135.0,2.0,0.9,1.1,0.9,1.2,1.0,0.9,700.0,50.0,700.0,50.0,1.0,1,False,1.0,1.0,68.0,45.0,0.0,31.8,False,True,False,False,True,12.0,1,False,0.0,0.0,0,SPOKED,SPOKED,0.0,0.0,0.0,0.0,295.0,800.0,34.9,310.0,1.0
470.0,68.0,645.0,69.0,125.0,55.0,620.0,75.0,650.0,54.0,40.0,30.0,36.5,25.0,25.0,13.0,15.0,ALUMINIUM,35.0,50.0,40.0,330.0,350.0,16.0,18.0,False,False,135.0,2.0,0.9,1.1,0.9,1.2,1.0,0.9,700.0,50.0,700.0,50.0,1.0,1,False,1.0,1.0,68.0,45.0,0.0,31.8,False,True,False,False,True,12.0,1,False,0.0,0.0,0,SPOKED,SPOKED,0.0,0.0,0.0,0.0,305.0,830.0,34.9,280.0,1.0
545.0,70.0,655.0,67.5,130.0,60.0,630.0,74.5,660.0,53.0,40.0,30.0,36.5,25.0,25.0,13.0,15.0,ALUMINIUM,35.0,50.0,40.0,330.0,350.0,16.0,18.0,False,False,135.0,2.0,0.9,1.1,0.9,1.2,1.0,0.9,700.0,50.0,700.0,50.0,1.0,2,False,1.0,1.0,68.0,45.0,0.0,31.8,False,True,False,False,True,12.0,1,False,0.0,0.0,0,SPOKED,SPOKED,0.0,0.0,0.0,0.0,315.0,790.0,34.9,300.0,1.0
435.0,62.0,600.0,68.5,105.0,47.0,580.0,73.0,605.0,49.0,40.0,30.0,36.5,24.0,24.0,13.0,15.0,ALUMINIUM,35.0,50.0,40.0,330.0,350.0,16.0,18.0,False,False,135.0,2.0,0.9,1.1,0.9,1.2,1.0,0.9,700.0,50.0,700.0,50.0,1.0,0,False,1.0,1.0,68.0,45.0,0.0,31.8,False,True,False,False,True,12.0,1,False,0.0,0.0,0,SPOKED,SPOKED,0.0,0.0,0.0,0.0,290.0,815.0,34.9,290.0,1.0
500.0,66.0,630.0,68.0,118.0,52.0,605.0,74.0,625.0,51.0,40.0,30.0,36.5,25.0,25.0,13.0,15.0,ALUMINIUM,35.0,50.0,40.0,330.0,350.0,16.0,18.0,False,False,135.0,2.0,0.9,1.1,0.9,1.2,1.0,0.9,700.0,50.0,700.0,50.0,1.0,1,False,1.0,1.0,68.0,45.0,0.0,31.8,False,True,False,False,True,12.0,1,False,0.0,0.0,0,SPOKED,SPOKED,0.0,0.0,0.0,0.0,310.0,805.0,34.9,305.0,1.0
455.0,64.0,615.0,67.0,112.0,49.0,595.0,73.5,635.0,50.0,40.0,30.0,36.5,24.0,24.0,13.0,15.0,ALUMINIUM,35.0,50.0,40.0,330.0,350.0,16.0,18.0,False,False,135.0,2.0,0.9,1.1,0.9,1.2,1.0,0.9,700.0,50.0,700.0,50.0,1.0,1,False,1.0,1.0,68.0,45.0,0.0,31.8,False,True,False,False,True,12.0,1,False,0.0,0.0,0,SPOKED,SPOKED,0.0,0.0,0.0,0.0,300.0,795.0,34.9,295.0,1.0
480.0,67.0,635.0,69.5,122.0,54.0,615.0,75.0,645.0,53.0,40.0,30.0,36.5,25.0,25.0,13.0,15.0,ALUMINIUM,35.0,50.0,40.0,330.0,350.0,16.0,18.0,False,False,135.0,2.0,0.9,1.1,0.9,1.2,1.0,0.9,700.0,50.0,700.0,50.0,1.0,1,False,1.0,1.0,68.0,45.0,0.0,31.8,False,True,False,False,True,12.0,1,False,0.0,0.0,0,SPOKED,SPOKED,0.0,0.0,0.0,0.0,315.0,825.0,34.9,285.0,1.0
490.0,65.0,625.0,68.0,120.0,51.0,600.0,74.0,630.0,50.0,40.0,30.0,36.5,24.0,24.0,13.0,15.0,ALUMINIUM,35.0,50.0,40.0,330.0,350.0,16.0,18.0,False,False,135.0,2.0,0.9,1.1,0.9,1.2,1.0,0.9,700.0,50.0,700.0,50.0,1.0,1,False,1.0,1.0,68.0,45.0,0.0,31.8,False,True,False,False,True,12.0,1,True,0.0,0.0,0,SPOKED,SPOKED,0.0,0.0,0.0,0.0,300.0,800.0,34.9,300.0,1.0
420.0,35.0,630.0,67.0,120.0,50.0,560.0,73.0,630.0,50.0,68.0,31.8,36.5,23.35,23.35,13.0,15,ALUMINIUM,9.0,9.0,9.0,330.0,350.0,16.0,18,False,False,135.0,2.0,0.9,1.1,0.9,1.2,1.0,0.9,680.0,50.0,680.0,50.0,1.0,2,False,1.0,1.0,68.0,45.0,0.0,31.8,True,True,False,False,True,11.0,1,False,0.0,0.0,0,SPOKED,SPOKED,0.0,0.0,0.0,0.0,290.0,760.0,34.9,300.0,1.0
425.0,37.0,635.0,66.5,125.0,50.0,565.0,73.5,635.0,52.0,68.0,31.8,36.5,23.35,23.35,13.0,15,ALUMINIUM,9.0,9.0,9.0,330.0,350.0,16.0,18,False,False,135.0,2.0,0.9,1.1,0.9,1.2,1.0,0.9,680.0,48.0,680.0,48.0,1.0,2,False,1.0,1.0,68.0,45.0,0.0,31.8,True,True,False,False,True,12.0,1,False,0.0,0.0,0,SPOKED,SPOKED,0.0,0.0,0.0,0.0,295.0,765.0,34.9,310.0,1.0
430.0,34.0,640.0,66.0,130.0,50.0,570.0,74.0,640.0,48.0,68.0,31.8,36.5,23.35,23.35,13.0,15,ALUMINIUM,9.0,9.0,9.0,330.0,350.0,16.0,18,False,False,135.0,2.0,0.9,1.1,0.9,1.2,1.0,0.9,680.0,52.0,680.0,52.0,1.0,2,False,1.0,1.0,68.0,45.0,0.0,31.8,True,True,False,False,True,11.0,1,False,0.0,0.0,0,SPOKED,SPOKED,0.0,0.0,0.0,0.0,300.0,770.0,34.9,320.0,1.0
435.0,36.0,645.0,65.0,135.0,50.0,575.0,74.5,645.0,54.0,68.0,31.8,36.5,23.35,23.35,13.0,15,ALUMINIUM,9.0,9.0,9.0,330.0,350.0,16.0,18,False,False,135.0,2.0,0.9,1.1,0.9,1.2,1.0,0.9,680.0,51.0,680.0,51.0,1.0,2,False,1.0,1.0,68.0,45.0,0.0,31.8,True,True,False,False,True,10.0,1,False,0.0,0.0,0,SPOKED,SPOKED,0.0,0.0,0.0,0.0,285.0,755.0,34.9,305.0,1.0
440.0,38.0,650.0,68.0,140.0,50.0,580.0,75.0,650.0,46.0,68.0,31.8,36.5,23.35,23.35,13.0,15,ALUMINIUM,9.0,9.0,9.0,330.0,350.0,16.0,18,False,False,135.0,2.0,0.9,1.1,0.9,1.2,1.0,0.9,680.0,53.0,680.0,53.0,1.0,2,False,1.0,1.0,68.0,45.0,0.0,31.8,True,True,False,False,True,12.0,1,False,0.0,0.0,0,SPOKED,SPOKED,0.0,0.0,0.0,0.0,295.0,780.0,34.9,330.0,1.0
415.0,33.0,625.0,67.5,115.0,50.0,555.0,72.5,625.0,47.0,68.0,31.8,36.5,23.35,23.35,13.0,15,ALUMINIUM,9.0,9.0,9.0,330.0,350.0,16.0,18,False,False,135.0,2.0,0.9,1.1,0.9,1.2,1.0,0.9,680.0,49.0,680.0,49.0,1.0,2,False,1.0,1.0,68.0,45.0,0.0,31.8,True,True,False,False,True,11.0,1,False,0.0,0.0,0,SPOKED,SPOKED,0.0,0.0,0.0,0.0,280.0,750.0,34.9,290.0,1.0
445.0,39.0,655.0,65.5,118.0,50.0,590.0,73.0,655.0,55.0,68.0,31.8,36.5,23.35,23.35,13.0,15,ALUMINIUM,9.0,9.0,9.0,330.0,350.0,16.0,18,False,False,135.0,2.0,0.9,1.1,0.9,1.2,1.0,0.9,680.0,54.0,680.0,54.0,1.0,2,False,1.0,1.0,68.0,45.0,0.0,31.8,True,True,False,False,True,11.0,1,False,0.0,0.0,0,SPOKED,SPOKED,0.0,0.0,0.0,0.0,300.0,775.0,34.9,325.0,1.0
450.0,32.0,620.0,66.5,112.0,50.0,550.0,72.0,620.0,49.0,68.0,31.8,36.5,23.35,23.35,13.0,15,ALUMINIUM,9.0,9.0,9.0,330.0,350.0,16.0,18,False,False,135.0,2.0,0.9,1.1,0.9,1.2,1.0,0.9,680.0,50.0,680.0,50.0,1.0,2,False,1.0,1.0,68.0,45.0,0.0,31.8,True,True,False,False,True,12.0,1,False,0.0,0.0,0,SPOKED,SPOKED,0.0,0.0,0.0,0.0,290.0,755.0,34.9,295.0,1.0
455.0,31.0,660.0,67.0,122.0,50.0,565.0,73.0,660.0,53.0,68.0,31.8,36.5,23.35,23.35,13.0,15,ALUMINIUM,9.0,9.0,9.0,330.0,350.0,16.0,18,False,False,135.0,2.0,0.9,1.1,0.9,1.2,1.0,0.9,680.0,52.0,680.0,52.0,1.0,2,False,1.0,1.0,68.0,45.0,0.0,31.8,True,True,False,False,True,10.0,1,False,0.0,0.0,0,SPOKED,SPOKED,0.0,0.0,0.0,0.0,285.0,770.0,34.9,315.0,1.0
460.0,40.0,665.0,65.0,132.0,50.0,595.0,74.0,665.0,45.0,68.0,31.8,36.5,23.35,23.35,13.0,15,ALUMINIUM,9.0,9.0,9.0,330.0,350.0,16.0,18,False,False,135.0,2.0,0.9,1.1,0.9,1.2,1.0,0.9,680.0,48.0,680.0,48.0,1.0,2,False,1.0,1.0,68.0,45.0,0.0,31.8,True,True,False,False,True,12.0,1,False,0.0,0.0,0,SPOKED,SPOKED,0.0,0.0,0.0,0.0,295.0,760.0,34.9,310.0,1.0
430.0,70.0,605.0,73.0,120.0,45.0,540.0,73.5,670.0,50.0,40.0,28.6,36.5,23.35,23.35,13.0,15,ALUMINIUM,35.0,50.0,50.0,0.0,0.0,0.0,0,False,False,135.0,2.0,0.9,1.1,0.9,1.2,1.0,0.9,700.0,54.0,700.0,54.0,1.0,1,False,1.0,1.0,68.0,45.0,0.0,31.8,False,True,False,False,True,12.0,1,False,0.0,0.0,0,SPOKED,SPOKED,0.0,0.0,0.0,0.0,280.0,750.0,34.9,350.0,1.0
445.0,65.0,590.0,74.0,130.0,50.0,530.0,74.0,660.0,45.0,40.0,30.0,36.5,23.35,23.35,13.0,15,ALUMINIUM,30.0,55.0,48.0,0.0,0.0,0.0,0,False,False,135.0,2.0,0.9,1.1,0.9,1.2,1.0,0.9,720.0,54.0,720.0,54.0,1.0,0,False,1.0,1.0,68.0,45.0,0.0,31.8,False,False,False,False,True,11.0,2,False,0.0,0.0,0,SPOKED,SPOKED,0.0,0.0,0.0,0.0,280.0,720.0,34.9,350.0,1.0
450.0,70.0,600.0,72.0,125.0,48.0,545.0,73.0,675.0,50.0,40.0,32.0,38.0,24.0,24.0,13.0,15,ALUMINIUM,32.0,58.0,52.0,0.0,0.0,0.0,0,False,False,135.0,2.0,0.9,1.1,0.9,1.2,1.0,0.9,700.0,54.0,700.0,54.0,1.0,2,False,1.0,1.0,68.0,45.0,0.0,31.8,False,False,True,False,True,12.0,1,False,0.0,0.0,0,SPOKED,SPOKED,0.0,0.0,0.0,0.0,285.0,740.0,34.9,350.0,1.0
420.0,75.0,610.0,73.5,140.0,45.0,550.0,74.5,660.0,48.0,40.0,28.6,36.5,23.35,23.35,13.0,15,ALUMINIUM,38.0,52.0,50.0,0.0,0.0,0.0,0,False,False,135.0,2.0,0.9,1.1,0.9,1.2,1.0,0.9,690.0,54.0,690.0,54.0,1.0,1,False,1.0,1.0,68.0,45.0,0.0,31.8,False,True,False,False,True,10.0,2,False,0.0,0.0,0,SPOKED,SPOKED,0.0,0.0,0.0,0.0,278.0,730.0,34.9,360.0,1.0
455.0,65.0,595.0,72.5,110.0,47.0,525.0,73.8,665.0,47.0,40.0,30.0,37.0,24.0,24.0,13.0,15,ALUMINIUM,34.0,50.0,49.0,0.0,0.0,0.0,0,False,False,135.0,2.0,0.9,1.1,0.9,1.2,1.0,0.9,695.0,54.0,695.0,54.0,1.0,1,False,1.0,1.0,68.0,45.0,0.0,31.8,False,True,False,False,True,11.0,1,False,0.0,0.0,0,SPOKED,SPOKED,0.0,0.0,0.0,0.0,282.0,725.0,34.9,340.0,1.0
460.0,68.0,605.0,74.0,115.0,49.0,560.0,73.0,680.0,50.0,40.0,32.0,38.0,24.0,24.0,13.0,15,ALUMINIUM,36.0,56.0,54.0,0.0,0.0,0.0,0,False,False,135.0,2.0,0.9,1.1,0.9,1.2,1.0,0.9,705.0,54.0,705.0,54.0,1.0,0,False,1.0,1.0,68.0,45.0,0.0,31.8,False,False,False,False,True,12.0,1,False,0.0,0.0,0,SPOKED,SPOKED,0.0,0.0,0.0,0.0,288.0,760.0,34.9,360.0,1.0
440.0,70.0,600.0,73.0,135.0,46.0,550.0,74.0,670.0,46.0,40.0,28.6,36.5,23.35,23.35,13.0,15,ALUMINIUM,33.0,53.0,51.0,0.0,0.0,0.0,0,False,False,135.0,2.0,0.9,1.1,0.9,1.2,1.0,0.9,698.0,54.0,698.0,54.0,1.0,2,False,1.0,1.0,68.0,45.0,0.0,31.8,False,False,False,False,True,10.0,3,False,0.0,0.0,0,SPOKED,SPOKED,0.0,0.0,0.0,0.0,280.0,745.0,34.9,350.0,1.0
435.0,72.0,610.0,72.5,145.0,45.0,555.0,74.2,665.0,49.0,40.0,30.0,36.5,23.35,23.35,13.0,15,ALUMINIUM,35.0,54.0,50.0,0.0,0.0,0.0,0,False,False,135.0,2.0,0.9,1.1,0.9,1.2,1.0,0.9,690.0,54.0,690.0,54.0,1.0,1,False,1.0,1.0,68.0,45.0,0.0,31.8,False,True,True,True,True,11.0,1,False,0.0,0.0,0,SPOKED,SPOKED,0.0,0.0,0.0,0.0,285.0,755.0,34.9,355.0,1.0
445.0,69.0,598.0,73.2,140.0,48.0,545.0,73.7,672.0,48.0,40.0,28.6,36.5,23.35,23.35,13.0,15,ALUMINIUM,32.0,52.0,49.0,0.0,0.0,0.0,0,False,False,135.0,2.0,0.9,1.1,0.9,1.2,1.0,0.9,700.0,54.0,700.0,54.0,1.0,2,False,1.0,1.0,68.0,45.0,0.0,31.8,False,False,False,False,True,12.0,1,False,0.0,0.0,0,SPOKED,SPOKED,0.0,0.0,0.0,0.0,278.0,740.0,34.9,345.0,1.0
425.0,71.0,602.0,74.0,150.0,50.0,560.0,74.5,680.0,47.0,40.0,30.0,37.0,24.0,24.0,13.0,15,ALUMINIUM,40.0,56.0,55.0,330.0,350.0,16.0,18,True,True,135.0,2.0,0.9,1.1,0.9,1.2,1.0,0.9,700.0,54.0,700.0,54.0,1.0,1,False,1.0,1.0,68.0,45.0,0.0,31.8,False,True,False,False,True,11.0,2,False,0.0,0.0,0,SPOKED,SPOKED,0.0,0.0,0.0,0.0,282.0,745.0,34.9,360.0,1.0
420.0,70.0,610.0,68.5,150.0,40.0,580.0,73.0,640.0,50.0,40.0,28.6,36.5,36.5,23.35,13.0,15.0,ALUMINIUM,25.0,55.0,35.0,330.0,350.0,16.0,18.0,False,False,135.0,2.0,0.9,1.1,0.9,1.2,1.0,0.9,690.0,60.0,690.0,60.0,1.0,1,False,1.0,1.0,68.0,45.0,0.0,31.8,False,True,False,False,True,11.0,1,False,0.0,0.0,0,SPOKED,SPOKED,0.0,0.0,80.0,80.0,300.0,720.0,34.9,350.0,1.0
430.0,65.0,620.0,68.0,140.0,42.0,600.0,74.0,650.0,50.0,40.0,28.6,36.5,36.5,23.35,13.0,15.0,ALUMINIUM,28.0,52.0,38.0,330.0,350.0,16.0,18.0,False,False,148.0,2.0,0.9,1.1,0.9,1.2,1.0,0.9,690.0,60.0,690.0,60.0,1.0,1,False,1.0,1.0,68.0,45.0,0.0,31.8,False,True,False,False,True,12.0,1,False,0.0,0.0,0,SPOKED,SPOKED,0.0,0.0,80.0,80.0,300.0,720.0,34.9,350.0,1.0
400.0,60.0,580.0,69.0,160.0,38.0,560.0,73.5,630.0,55.0,40.0,28.6,36.5,36.5,23.35,13.0,15.0,ALUMINIUM,30.0,50.0,40.0,330.0,350.0,16.0,18.0,False,False,148.0,2.0,0.9,1.1,0.9,1.2,1.0,0.9,690.0,60.0,690.0,60.0,1.0,1,False,1.0,1.0,68.0,45.0,0.0,31.8,False,True,False,False,True,10.0,2,False,0.0,0.0,0,SPOKED,SPOKED,0.0,0.0,80.0,80.0,300.0,720.0,34.9,350.0,1.0
410.0,75.0,640.0,67.5,170.0,45.0,620.0,72.5,660.0,50.0,40.0,28.6,36.5,36.5,23.35,13.0,15.0,ALUMINIUM,27.0,54.0,36.0,330.0,350.0,16.0,18.0,False,False,135.0,2.0,0.9,1.1,0.9,1.2,1.0,0.9,690.0,60.0,690.0,60.0,1.0,1,False,1.0,1.0,68.0,45.0,0.0,31.8,False,True,False,False,True,12.0,3,False,0.0,0.0,0,SPOKED,SPOKED,0.0,0.0,80.0,80.0,300.0,720.0,34.9,350.0,1.0
450.0,70.0,650.0,67.0,155.0,48.0,630.0,73.0,670.0,45.0,40.0,28.6,36.5,36.5,23.35,13.0,15.0,ALUMINIUM,29.0,53.0,37.0,330.0,350.0,16.0,18.0,False,False,148.0,2.0,0.9,1.1,0.9,1.2,1.0,0.9,690.0,60.0,690.0,60.0,1.0,1,False,1.0,1.0,68.0,45.0,0.0,31.8,False,True,False,False,True,11.0,2,False,0.0,0.0,0,SPOKED,SPOKED,0.0,0.0,80.0,80.0,300.0,720.0,34.9,350.0,1.0
390.0,80.0,600.0,68.7,145.0,41.0,590.0,74.0,645.0,48.0,40.0,28.6,36.5,36.5,23.35,13.0,15.0,ALUMINIUM,26.0,56.0,34.0,330.0,350.0,16.0,18.0,False,False,135.0,2.0,0.9,1.1,0.9,1.2,1.0,0.9,690.0,60.0,690.0,60.0,1.0,1,False,1.0,1.0,68.0,45.0,0.0,31.8,False,True,False,False,True,10.0,1,False,0.0,0.0,0,SPOKED,SPOKED,0.0,0.0,80.0,80.0,300.0,720.0,34.9,350.0,1.0
440.0,68.0,630.0,68.2,165.0,43.0,610.0,73.8,655.0,52.0,40.0,28.6,36.5,36.5,23.35,13.0,15.0,ALUMINIUM,31.0,51.0,39.0,330.0,350.0,16.0,18.0,False,False,148.0,2.0,0.9,1.1,0.9,1.2,1.0,0.9,690.0,60.0,690.0,60.0,1.0,1,False,1.0,1.0,68.0,45.0,0.0,31.8,False,True,False,False,True,12.0,2,False,0.0,0.0,0,SPOKED,SPOKED,0.0,0.0,80.0,80.0,300.0,720.0,34.9,350.0,1.0
420.0,72.0,610.0,69.0,135.0,39.0,575.0,74.2,635.0,49.0,40.0,28.6,36.5,36.5,23.35,13.0,15.0,ALUMINIUM,28.0,49.0,42.0,330.0,350.0,16.0,18.0,False,False,135.0,2.0,0.9,1.1,0.9,1.2,1.0,0.9,690.0,60.0,690.0,60.0,1.0,1,False,1.0,1.0,68.0,45.0,0.0,31.8,False,True,False,False,True,11.0,1,False,0.0,0.0,0,SPOKED,SPOKED,0.0,0.0,80.0,80.0,300.0,720.0,34.9,350.0,1.0
405.0,75.0,620.0,68.0,180.0,44.0,605.0,72.8,660.0,50.0,40.0,28.6,36.5,36.5,23.35,13.0,15.0,ALUMINIUM,32.0,57.0,33.0,330.0,350.0,16.0,18.0,False,False,148.0,2.0,0.9,1.1,0.9,1.2,1.0,0.9,690.0,60.0,690.0,60.0,1.0,1,False,1.0,1.0,68.0,45.0,0.0,31.8,False,True,False,False,True,10.0,2,False,0.0,0.0,0,SPOKED,SPOKED,0.0,0.0,80.0,80.0,300.0,720.0,34.9,350.0,1.0
415.0,65.0,635.0,67.8,150.0,47.0,625.0,73.4,650.0,47.0,40.0,28.6,36.5,36.5,23.35,13.0,15.0,ALUMINIUM,30.0,55.0,35.0,330.0,350.0,16.0,18.0,False,False,135.0,2.0,0.9,1.1,0.9,1.2,1.0,0.9,690.0,60.0,690.0,60.0,1.0,1,False,1.0,1.0,68.0,45.0,0.0,31.8,False,True,False,False,True,11.0,1,False,0.0,0.0,0,SPOKED,SPOKED,0.0,0.0,80.0,80.0,300.0,720.0,34.9,350.0,1.0
420.0,55.0,620.0,67.5,130.0,45.0,550.0,73.0,630.0,50.0,40.0,30.0,36.5,36.0,23.0,13.0,15.0,ALUMINIUM,35.0,50.0,45.0,330.0,350.0,16.0,18.0,False,False,135.0,2.0,0.9,1.1,0.9,1.2,1.0,0.9,650.0,50.0,650.0,50.0,1.0,1,False,1.0,1.0,68.0,45.0,0.0,31.8,False,True,False,False,True,11.0,1,False,0.0,0.0,0.0,DISC,DISC,0.0,0.0,0.0,0.0,300.0,760.0,35.0,300.0,1.0
430.0,55.0,625.0,68.0,135.0,45.0,550.0,73.5,635.0,50.0,40.0,30.0,36.5,36.0,23.0,13.0,15.0,ALUMINIUM,35.0,50.0,45.0,330.0,350.0,16.0,18.0,False,False,135.0,2.0,0.9,1.1,0.9,1.2,1.0,0.9,650.0,50.0,650.0,50.0,1.0,1,False,1.0,1.0,68.0,45.0,0.0,31.8,False,True,False,False,True,11.0,1,False,0.0,0.0,0.0,DISC,DISC,0.0,0.0,0.0,0.0,300.0,760.0,35.0,300.0,1.0
440.0,55.0,615.0,67.0,125.0,45.0,550.0,72.5,640.0,50.0,40.0,30.0,36.5,36.0,23.0,13.0,15.0,ALUMINIUM,35.0,50.0,45.0,330.0,350.0,16.0,18.0,False,False,135.0,2.0,0.9,1.1,0.9,1.2,1.0,0.9,650.0,50.0,650.0,50.0,1.0,1,False,1.0,1.0,68.0,45.0,0.0,31.8,False,True,False,False,True,11.0,1,False,0.0,0.0,0.0,DISC,DISC,0.0,0.0,0.0,0.0,300.0,760.0,35.0,300.0,1.0
450.0,55.0,630.0,66.5,140.0,45.0,550.0,73.0,620.0,50.0,40.0,30.0,36.5,36.0,23.0,13.0,15.0,ALUMINIUM,35.0,50.0,45.0,330.0,350.0,16.0,18.0,False,False,135.0,2.0,0.9,1.1,0.9,1.2,1.0,0.9,650.0,50.0,650.0,50.0,1.0,1,False,1.0,1.0,68.0,45.0,0.0,31.8,False,True,False,False,True,11.0,1,False,0.0,0.0,0.0,DISC,DISC,0.0,0.0,0.0,0.0,300.0,760.0,35.0,300.0,1.0
460.0,55.0,635.0,68.5,120.0,45.0,550.0,74.0,645.0,50.0,40.0,30.0,36.5,36.0,23.0,13.0,15.0,ALUMINIUM,35.0,50.0,45.0,330.0,350.0,16.0,18.0,False,False,135.0,2.0,0.9,1.1,0.9,1.2,1.0,0.9,650.0,50.0,650.0,50.0,1.0,1,False,1.0,1.0,68.0,45.0,0.0,31.8,False,True,False,False,True,11.0,1,False,0.0,0.0,0.0,DISC,DISC,0.0,0.0,0.0,0.0,300.0,760.0,35.0,300.0,1.0
470.0,55.0,610.0,67.2,145.0,45.0,550.0,72.8,630.0,50.0,40.0,30.0,36.5,36.0,23.0,13.0,15.0,ALUMINIUM,35.0,50.0,45.0,330.0,350.0,16.0,18.0,False,False,135.0,2.0,0.9,1.1,0.9,1.2,1.0,0.9,650.0,50.0,650.0,50.0,1.0,1,False,1.0,1.0,68.0,45.0,0.0,31.8,False,True,False,False,True,11.0,1,False,0.0,0.0,0.0,DISC,DISC,0.0,0.0,0.0,0.0,300.0,760.0,35.0,300.0,1.0
480.0,55.0,640.0,68.2,150.0,45.0,550.0,73.2,650.0,50.0,40.0,30.0,36.5,36.0,23.0,13.0,15.0,ALUMINIUM,35.0,50.0,45.0,330.0,350.0,16.0,18.0,False,False,135.0,2.0,0.9,1.1,0.9,1.2,1.0,0.9,650.0,50.0,650.0,50.0,1.0,1,False,1.0,1.0,68.0,45.0,0.0,31.8,False,True,False,False,True,11.0,1,False,0.0,0.0,0.0,DISC,DISC,0.0,0.0,0.0,0.0,300.0,760.0,35.0,300.0,1.0
490.0,55.0,600.0,66.8,115.0,45.0,550.0,73.7,625.0,50.0,40.0,30.0,36.5,36.0,23.0,13.0,15.0,ALUMINIUM,35.0,50.0,45.0,330.0,350.0,16.0,18.0,False,False,135.0,2.0,0.9,1.1,0.9,1.2,1.0,0.9,650.0,50.0,650.0,50.0,1.0,1,False,1.0,1.0,68.0,45.0,0.0,31.8,False,True,False,False,True,11.0,1,False,0.0,0.0,0.0,DISC,DISC,0.0,0.0,0.0,0.0,300.0,760.0,35.0,300.0,1.0
500.0,55.0,645.0,68.8,155.0,45.0,550.0,72.2,650.0,50.0,40.0,30.0,36.5,36.0,23.0,13.0,15.0,ALUMINIUM,35.0,50.0,45.0,330.0,350.0,16.0,18.0,False,False,135.0,2.0,0.9,1.1,0.9,1.2,1.0,0.9,650.0,50.0,650.0,50.0,1.0,1,False,1.0,1.0,68.0,45.0,0.0,31.8,False,True,False,False,True,11.0,1,False,0.0,0.0,0.0,DISC,DISC,0.0,0.0,0.0,0.0,300.0,760.0,35.0,300.0,1.0
510.0,55.0,605.0,67.8,125.0,45.0,550.0,73.4,635.0,50.0,40.0,30.0,36.5,36.0,23.0,13.0,15.0,ALUMINIUM,35.0,50.0,45.0,330.0,350.0,16.0,18.0,False,False,135.0,2.0,0.9,1.1,0.9,1.2,1.0,0.9,650.0,50.0,650.0,50.0,1.0,1,False,1.0,1.0,68.0,45.0,0.0,31.8,False,True,False,False,True,11.0,1,False,0.0,0.0,0.0,DISC,DISC,0.0,0.0,0.0,0.0,300.0,760.0,35.0,300.0,1.0
430.0,65.0,615.0,69.0,110.0,45.0,540.0,74.0,610.0,50.0,45.0,28.6,28.6,36.5,23.35,13.0,9.0,ALUMINIUM,33.0,40.0,50.0,330.0,350.0,16.0,18.0,False,False,142.0,2.0,0.9,1.1,0.9,1.2,1.0,0.9,650.0,65.0,650.0,65.0,1.0,0,False,1.0,1.0,68.0,45.0,0.0,31.8,False,False,False,False,True,12.0,1,False,0.0,0.0,0,SPOKED,SPOKED,0.0,0.0,0.0,0.0,280.0,780.0,34.9,300.0,1.0
435.0,62.0,620.0,68.5,115.0,45.0,550.0,73.5,620.0,52.0,43.0,28.6,28.6,36.5,23.35,13.0,9.0,ALUMINIUM,34.0,42.0,48.0,330.0,350.0,16.0,18.0,False,False,142.0,2.0,0.9,1.1,0.9,1.2,1.0,0.9,650.0,65.0,650.0,65.0,1.0,1,False,1.0,1.0,68.0,44.0,0.0,31.8,False,False,False,False,True,11.0,2,False,0.0,0.0,0,SPOKED,SPOKED,0.0,0.0,0.0,0.0,275.0,790.0,34.9,305.0,1.0
425.0,65.0,605.0,70.0,100.0,45.0,545.0,74.5,600.0,48.0,44.0,28.6,28.6,36.5,23.35,13.0,9.0,ALUMINIUM,33.0,40.0,50.0,330.0,350.0,16.0,18.0,False,False,142.0,2.0,0.9,1.1,0.9,1.2,1.0,0.9,650.0,65.0,650.0,65.0,1.0,2,False,1.0,1.0,68.0,46.0,0.0,31.8,False,False,False,False,True,12.0,1,False,0.0,0.0,0,SPOKED,SPOKED,0.0,0.0,0.0,0.0,285.0,800.0,34.9,295.0,1.0
440.0,64.0,620.0,69.5,120.0,45.0,550.0,73.0,630.0,45.0,45.0,28.6,28.6,36.5,23.35,13.0,9.0,ALUMINIUM,35.0,43.0,48.0,330.0,350.0,16.0,18.0,False,False,142.0,2.0,0.9,1.1,0.9,1.2,1.0,0.9,650.0,65.0,650.0,65.0,1.0,1,False,1.0,1.0,68.0,45.0,0.0,31.8,False,False,False,False,True,10.0,2,False,0.0,0.0,0,SPOKED,SPOKED,0.0,0.0,0.0,0.0,280.0,785.0,34.9,310.0,1.0
420.0,66.0,630.0,68.5,105.0,45.0,545.0,74.0,620.0,50.0,43.0,28.6,28.6,36.5,23.35,13.0,9.0,ALUMINIUM,33.5,40.0,50.0,330.0,350.0,16.0,18.0,False,False,142.0,2.0,0.9,1.1,0.9,1.2,1.0,0.9,650.0,65.0,650.0,65.0,1.0,0,False,1.0,1.0,68.0,44.5,0.0,31.8,False,False,False,False,True,12.0,1,False,0.0,0.0,0,SPOKED,SPOKED,0.0,0.0,0.0,0.0,278.0,780.0,34.9,300.0,1.0
425.0,63.0,605.0,70.0,115.0,45.0,560.0,73.0,600.0,52.0,45.0,28.6,28.6,36.5,23.35,13.0,9.0,ALUMINIUM,33.0,40.0,50.0,330.0,350.0,16.0,18.0,False,False,142.0,2.0,0.9,1.1,0.9,1.2,1.0,0.9,650.0,65.0,650.0,65.0,1.0,2,False,1.0,1.0,68.0,46.0,0.0,31.8,False,False,False,False,True,11.0,2,False,0.0,0.0,0,SPOKED,SPOKED,0.0,0.0,0.0,0.0,282.0,320.0,34.9,795.0,1.0
445.0,65.0,620.0,69.0,95.0,45.0,540.0,74.5,600.0,48.0,44.0,28.6,28.6,36.5,23.35,13.0,9.0,ALUMINIUM,32.0,40.0,50.0,330.0,350.0,16.0,18.0,False,False,142.0,2.0,0.9,1.1,0.9,1.2,1.0,0.9,650.0,65.0,650.0,65.0,1.0,1,False,1.0,1.0,68.0,45.0,0.0,31.8,False,False,False,False,True,12.0,1,False,0.0,0.0,0,SPOKED,SPOKED,0.0,0.0,0.0,0.0,279.0,310.0,34.9,780.0,1.0
428.0,64.0,600.0,68.2,115.0,45.0,550.0,74.0,615.0,48.0,45.0,28.6,28.6,36.5,23.35,13.0,9.0,ALUMINIUM,33.0,40.0,50.0,330.0,350.0,16.0,18.0,False,False,142.0,2.0,0.9,1.1,0.9,1.2,1.0,0.9,650.0,65.0,650.0,65.0,1.0,0,False,1.0,1.0,68.0,44.0,0.0,31.8,False,False,False,False,True,11.0,2,False,0.0,0.0,0,SPOKED,SPOKED,0.0,0.0,0.0,0.0,281.0,315.0,34.9,785.0,1.0
450.0,66.0,610.0,67.5,110.0,45.0,560.0,75.0,605.0,55.0,45.0,28.6,28.6,36.5,23.35,13.0,9.0,ALUMINIUM,33.0,42.0,48.0,330.0,350.0,16.0,18.0,False,False,142.0,2.0,0.9,1.1,0.9,1.2,1.0,0.9,650.0,65.0,650.0,65.0,1.0,2,False,1.0,1.0,68.0,45.0,0.0,31.8,False,False,False,False,True,10.0,2,False,0.0,0.0,0,SPOKED,SPOKED,0.0,0.0,0.0,0.0,283.0,800.0,34.9,305.0,1.0
432.0,65.0,610.0,69.8,112.0,45.0,535.0,74.0,610.0,50.0,45.0,28.6,28.6,36.5,23.35,13.0,9.0,ALUMINIUM,34.0,40.0,50.0,330.0,350.0,16.0,18.0,False,False,142.0,2.0,0.9,1.1,0.9,1.2,1.0,0.9,650.0,65.0,650.0,65.0,1.0,1,False,1.0,1.0,68.0,45.0,0.0,31.8,False,False,False,False,True,12.0,1,False,0.0,0.0,0,SPOKED,SPOKED,0.0,0.0,0.0,0.0,280.0,300.0,34.9,800.0,1.0
430.0,60.0,550.0,67.0,130.0,40.0,580.0,72.0,600.0,45.0,40.0,28.6,36.5,23.35,23.35,13.0,15.0,ALUMINIUM,30.0,50.0,40.0,0.0,0.0,0.0,0.0,False,False,135.0,2.0,0.9,1.1,0.9,1.2,1.0,0.9,700.0,50.0,700.0,50.0,1.0,0,False,1.0,1.0,68.0,45.0,0.0,31.8,False,False,False,False,True,11.0,2,False,0.0,0.0,0,SPOKED,SPOKED,1.0,1.0,80.0,80.0,280.0,740.0,34.9,700.0,1.0
440.0,62.0,560.0,67.2,135.0,42.0,590.0,72.5,610.0,46.0,40.0,28.6,36.5,23.35,23.35,13.0,15.0,ALUMINIUM,30.0,50.0,40.0,0.0,0.0,0.0,0.0,False,False,135.0,2.0,0.9,1.1,0.9,1.2,1.0,0.9,700.0,50.0,700.0,50.0,1.0,0,False,1.0,1.0,68.0,45.0,0.0,31.8,False,False,False,False,True,11.0,2,False,0.0,0.0,0,SPOKED,SPOKED,1.0,1.0,80.0,80.0,280.0,740.0,34.9,700.0,1.0
450.0,64.0,570.0,68.0,140.0,44.0,600.0,73.0,620.0,47.0,40.0,28.6,36.5,23.35,23.35,13.0,15.0,ALUMINIUM,30.0,50.0,40.0,0.0,0.0,0.0,0.0,False,False,135.0,2.0,0.9,1.1,0.9,1.2,1.0,0.9,700.0,50.0,700.0,50.0,1.0,0,False,1.0,1.0,68.0,45.0,0.0,31.8,False,False,False,False,True,11.0,2,False,0.0,0.0,0,SPOKED,SPOKED,1.0,1.0,80.0,80.0,280.0,740.0,34.9,700.0,1.0
460.0,66.0,580.0,68.5,145.0,46.0,610.0,73.5,630.0,48.0,40.0,28.6,36.5,23.35,23.35,13.0,15.0,ALUMINIUM,30.0,50.0,40.0,0.0,0.0,0.0,0.0,False,False,135.0,2.0,0.9,1.1,0.9,1.2,1.0,0.9,700.0,50.0,700.0,50.0,1.0,0,False,1.0,1.0,68.0,45.0,0.0,31.8,False,False,False,False,True,11.0,2,False,0.0,0.0,0,SPOKED,SPOKED,1.0,1.0,80.0,80.0,280.0,740.0,34.9,700.0,1.0
470.0,68.0,590.0,69.0,150.0,48.0,620.0,74.0,640.0,49.0,40.0,28.6,36.5,23.35,23.35,13.0,15.0,ALUMINIUM,30.0,50.0,40.0,0.0,0.0,0.0,0.0,False,False,135.0,2.0,0.9,1.1,0.9,1.2,1.0,0.9,700.0,50.0,700.0,50.0,1.0,0,False,1.0,1.0,68.0,45.0,0.0,31.8,False,False,False,False,True,11.0,2,False,0.0,0.0,0,SPOKED,SPOKED,1.0,1.0,80.0,80.0,280.0,740.0,34.9,700.0,1.0
480.0,70.0,600.0,69.5,155.0,50.0,630.0,74.5,650.0,50.0,40.0,28.6,36.5,23.35,23.35,13.0,15.0,ALUMINIUM,30.0,50.0,40.0,0.0,0.0,0.0,0.0,False,False,135.0,2.0,0.9,1.1,0.9,1.2,1.0,0.9,700.0,50.0,700.0,50.0,1.0,0,False,1.0,1.0,68.0,45.0,0.0,31.8,False,False,False,False,True,11.0,2,False,0.0,0.0,0,SPOKED,SPOKED,1.0,1.0,80.0,80.0,280.0,740.0,34.9,700.0,1.0
490.0,72.0,610.0,70.0,160.0,52.0,640.0,75.0,660.0,51.0,40.0,28.6,36.5,23.35,23.35,13.0,15.0,ALUMINIUM,30.0,50.0,40.0,0.0,0.0,0.0,0.0,False,False,135.0,2.0,0.9,1.1,0.9,1.2,1.0,0.9,700.0,50.0,700.0,50.0,1.0,0,False,1.0,1.0,68.0,45.0,0.0,31.8,False,False,False,False,True,11.0,2,False,0.0,0.0,0,SPOKED,SPOKED,1.0,1.0,80.0,80.0,280.0,740.0,34.9,700.0,1.0
500.0,74.0,620.0,70.5,165.0,54.0,650.0,72.2,670.0,52.0,40.0,28.6,36.5,23.35,23.35,13.0,15.0,ALUMINIUM,30.0,50.0,40.0,0.0,0.0,0.0,0.0,False,False,135.0,2.0,0.9,1.1,0.9,1.2,1.0,0.9,700.0,50.0,700.0,50.0,1.0,0,False,1.0,1.0,68.0,45.0,0.0,31.8,False,False,False,False,True,11.0,2,False,0.0,0.0,0,SPOKED,SPOKED,1.0,1.0,80.0,80.0,280.0,740.0,34.9,700.0,1.0
420.0,76.0,630.0,71.0,170.0,56.0,660.0,72.7,680.0,53.0,40.0,28.6,36.5,23.35,23.35,13.0,15.0,ALUMINIUM,30.0,50.0,40.0,0.0,0.0,0.0,0.0,False,False,135.0,2.0,0.9,1.1,0.9,1.2,1.0,0.9,700.0,50.0,700.0,50.0,1.0,0,False,1.0,1.0,68.0,45.0,0.0,31.8,False,False,False,False,True,11.0,2,False,0.0,0.0,0,SPOKED,SPOKED,1.0,1.0,80.0,80.0,280.0,740.0,34.9,700.0,1.0
410.0,78.0,640.0,71.5,175.0,58.0,670.0,73.2,690.0,54.0,40.0,28.6,36.5,23.35,23.35,13.0,15.0,ALUMINIUM,30.0,50.0,40.0,0.0,0.0,0.0,0.0,False,False,135.0,2.0,0.9,1.1,0.9,1.2,1.0,0.9,700.0,50.0,700.0,50.0,1.0,0,False,1.0,1.0,68.0,45.0,0.0,31.8,False,False,False,False,True,11.0,2,False,0.0,0.0,0,SPOKED,SPOKED,1.0,1.0,80.0,80.0,280.0,740.0,34.9,700.0,1.0
415.0,40.0,610.0,65.0,120.0,45.0,580.0,72.0,650.0,45.0,45.0,28.6,36.5,30.0,30.0,13.0,15.0,ALUMINIUM,40.0,40.0,45.0,330.0,350.0,16.0,18.0,False,False,148.0,2.0,2.3,2.3,2.3,2.3,2.3,2.3,692.0,52.0,692.0,52.0,1.0,0,False,1.0,1.0,68.0,50.0,0.0,34.9,False,True,False,False,True,11.0,1,False,0.0,0.0,0,DISC,DISC,0.0,0.0,0.0,0.0,280.0,750.0,36.0,350.0,1.0
420.0,42.0,620.0,65.5,125.0,45.0,590.0,72.5,660.0,47.0,45.0,28.6,36.5,30.0,30.0,13.0,15.0,ALUMINIUM,40.0,40.0,45.0,330.0,350.0,16.0,18.0,False,False,148.0,2.0,2.3,2.3,2.3,2.3,2.3,2.3,692.0,52.0,692.0,52.0,1.0,1,False,1.0,1.0,68.0,50.0,0.0,34.9,False,True,False,False,True,11.0,1,False,0.0,0.0,0,DISC,DISC,0.0,0.0,0.0,0.0,280.0,750.0,36.0,350.0,1.0
425.0,44.0,630.0,66.0,130.0,45.0,600.0,73.0,670.0,49.0,45.0,28.6,36.5,30.0,30.0,13.0,15.0,ALUMINIUM,40.0,40.0,45.0,330.0,350.0,16.0,18.0,False,False,148.0,2.0,2.3,2.3,2.3,2.3,2.3,2.3,692.0,52.0,692.0,52.0,1.0,2,False,1.0,1.0,68.0,50.0,0.0,34.9,False,True,False,False,True,11.0,1,False,0.0,0.0,0,DISC,DISC,0.0,0.0,0.0,0.0,280.0,750.0,36.0,350.0,1.0
430.0,46.0,640.0,66.5,135.0,45.0,610.0,73.5,680.0,51.0,45.0,28.6,36.5,30.0,30.0,13.0,15.0,ALUMINIUM,40.0,40.0,45.0,330.0,350.0,16.0,18.0,False,False,148.0,2.0,2.3,2.3,2.3,2.3,2.3,2.3,692.0,52.0,692.0,52.0,1.0,0,False,1.0,1.0,68.0,50.0,0.0,34.9,False,True,False,False,True,11.0,1,False,0.0,0.0,0,DISC,DISC,0.0,0.0,0.0,0.0,280.0,750.0,36.0,350.0,1.0
410.0,48.0,650.0,67.0,140.0,45.0,620.0,74.0,690.0,53.0,45.0,28.6,36.5,30.0,30.0,13.0,15.0,ALUMINIUM,40.0,40.0,45.0,330.0,350.0,16.0,18.0,False,False,148.0,2.0,2.3,2.3,2.3,2.3,2.3,2.3,692.0,52.0,692.0,52.0,1.0,1,False,1.0,1.0,68.0,50.0,0.0,34.9,False,True,False,False,True,11.0,1,False,0.0,0.0,0,DISC,DISC,0.0,0.0,0.0,0.0,280.0,750.0,36.0,350.0,1.0
418.0,38.0,605.0,67.5,115.0,45.0,585.0,74.5,655.0,55.0,45.0,28.6,36.5,30.0,30.0,13.0,15.0,ALUMINIUM,40.0,40.0,45.0,330.0,350.0,16.0,18.0,False,False,142.0,2.0,2.3,2.3,2.3,2.3,2.3,2.3,716.0,52.0,716.0,52.0,1.0,2,False,1.0,1.0,68.0,50.0,0.0,34.9,False,True,False,False,True,11.0,1,False,0.0,0.0,0,DISC,DISC,0.0,0.0,0.0,0.0,280.0,750.0,36.0,350.0,1.0
422.0,36.0,615.0,68.0,110.0,45.0,595.0,75.0,665.0,50.0,45.0,28.6,36.5,30.0,30.0,13.0,15.0,ALUMINIUM,40.0,40.0,45.0,330.0,350.0,16.0,18.0,False,False,142.0,2.0,2.3,2.3,2.3,2.3,2.3,2.3,716.0,52.0,716.0,52.0,1.0,0,False,1.0,1.0,68.0,50.0,0.0,34.9,False,True,False,False,True,11.0,1,False,0.0,0.0,0,DISC,DISC,0.0,0.0,0.0,0.0,280.0,750.0,36.0,350.0,1.0
427.0,34.0,625.0,68.5,105.0,45.0,605.0,72.2,675.0,52.0,45.0,28.6,36.5,30.0,30.0,13.0,15.0,ALUMINIUM,40.0,40.0,45.0,330.0,350.0,16.0,18.0,False,False,142.0,2.0,2.3,2.3,2.3,2.3,2.3,2.3,716.0,52.0,716.0,52.0,1.0,1,False,1.0,1.0,68.0,50.0,0.0,34.9,False,True,False,False,True,11.0,1,False,0.0,0.0,0,DISC,DISC,0.0,0.0,0.0,0.0,280.0,750.0,36.0,350.0,1.0
432.0,32.0,635.0,69.0,100.0,45.0,615.0,73.7,685.0,54.0,45.0,28.6,36.5,30.0,30.0,13.0,15.0,ALUMINIUM,40.0,40.0,45.0,330.0,350.0,16.0,18.0,False,False,142.0,2.0,2.3,2.3,2.3,2.3,2.3,2.3,716.0,52.0,716.0,52.0,1.0,2,False,1.0,1.0,68.0,50.0,0.0,34.9,False,True,False,False,True,11.0,1,False,0.0,0.0,0,DISC,DISC,0.0,0.0,0.0,0.0,280.0,750.0,36.0,350.0,1.0
412.0,30.0,645.0,69.5,145.0,45.0,575.0,74.8,695.0,46.0,45.0,28.6,36.5,30.0,30.0,13.0,15.0,ALUMINIUM,40.0,40.0,45.0,330.0,350.0,16.0,18.0,False,False,142.0,2.0,2.3,2.3,2.3,2.3,2.3,2.3,716.0,52.0,716.0,52.0,1.0,0,False,1.0,1.0,68.0,50.0,0.0,34.9,False,True,False,False,True,11.0,1,False,0.0,0.0,0,DISC,DISC,0.0,0.0,0.0,0.0,280.0,750.0,36.0,350.0,1.0
450.0,65.0,600.0,70.0,140.0,60.0,550.0,72.0,640.0,45.0,55.0,30.0,38.0,37.0,30.0,25.0,14.0,ALUMINIUM,40.0,50.0,45.0,330.0,350.0,16.0,16.0,False,False,148.0,2.0,0.9,1.1,0.9,1.2,1.0,0.9,690.0,85.0,690.0,85.0,1.0,1,False,1.0,1.0,68.0,50.0,0.0,36.0,False,False,False,False,True,12.0,2,False,0.0,0.0,0,SPOKED,SPOKED,0.0,0.0,0.0,0.0,300.0,750.0,34.9,700.0,1.0
460.0,68.0,630.0,71.5,155.0,65.0,570.0,74.0,655.0,44.0,57.0,37.0,41.0,38.0,33.0,26.0,15.0,ALUMINIUM,43.0,55.0,50.0,335.0,345.0,16.0,16.0,False,False,148.0,2.0,0.9,1.1,0.9,1.2,1.0,0.9,695.0,90.0,695.0,90.0,1.0,1,False,1.0,1.0,68.0,52.0,0.0,37.0,False,False,False,False,True,11.0,1,False,0.0,0.0,0,SPOKED,SPOKED,0.0,0.0,0.0,0.0,310.0,760.0,34.9,710.0,1.0
440.0,62.0,615.0,69.0,135.0,60.0,540.0,71.0,635.0,47.0,53.0,29.0,36.0,37.0,29.0,24.0,14.0,ALUMINIUM,38.0,48.0,42.0,332.0,348.0,16.0,16.0,False,False,148.0,2.0,0.9,1.1,0.9,1.2,1.0,0.9,685.0,88.0,685.0,88.0,1.0,2,False,1.0,2.0,68.0,48.0,0.0,35.0,False,False,False,False,True,12.0,3,False,0.0,0.0,0,SPOKED,SPOKED,0.0,0.0,0.0,0.0,290.0,740.0,34.9,680.0,1.0
470.0,70.0,640.0,72.0,160.0,75.0,580.0,75.0,660.0,42.0,60.0,34.0,40.0,38.0,31.0,28.0,15.0,ALUMINIUM,45.0,58.0,55.0,338.0,352.0,16.0,16.0,False,False,148.0,2.0,0.9,1.1,0.9,1.2,1.0,0.9,700.0,95.0,700.0,95.0,1.0,0,False,1.0,1.0,68.0,55.0,0.0,38.0,False,False,False,False,True,10.0,2,False,0.0,0.0,0,SPOKED,SPOKED,0.0,0.0,0.0,0.0,320.0,780.0,34.9,730.0,1.0
430.0,58.0,580.0,68.0,120.0,55.0,530.0,70.0,630.0,50.0,50.0,28.6,36.5,37.5,27.0,22.0,14.0,ALUMINIUM,36.0,46.0,38.0,330.0,350.0,16.0,16.0,False,False,148.0,2.0,0.9,1.1,0.9,1.2,1.0,0.9,680.0,88.0,680.0,88.0,1.0,1,False,1.0,2.0,68.0,45.0,0.0,34.0,False,False,False,False,True,11.0,1,False,0.0,0.0,0,SPOKED,SPOKED,0.0,0.0,0.0,0.0,285.0,720.0,34.9,690.0,1.0
480.0,75.0,655.0,73.5,165.0,80.0,590.0,74.5,665.0,43.0,60.0,39.0,42.0,38.0,34.0,29.0,15.0,ALUMINIUM,47.0,60.0,58.0,340.0,350.0,16.0,16.0,False,False,148.0,2.0,0.9,1.1,0.9,1.2,1.0,0.9,700.0,100.0,700.0,100.0,1.0,2,False,1.0,1.0,68.0,55.0,0.0,38.0,False,False,False,False,True,12.0,3,False,0.0,0.0,0,SPOKED,SPOKED,0.0,0.0,0.0,0.0,315.0,770.0,34.9,800.0,1.0
420.0,60.0,570.0,67.0,130.0,50.0,525.0,69.0,625.0,46.0,52.0,31.0,37.0,37.0,28.0,23.0,14.0,ALUMINIUM,35.0,45.0,40.0,331.0,349.0,16.0,16.0,False,False,148.0,2.0,0.9,1.1,0.9,1.2,1.0,0.9,675.0,85.0,675.0,85.0,1.0,0,False,1.0,2.0,68.0,48.0,0.0,35.0,False,False,False,False,True,10.0,1,False,0.0,0.0,0,SPOKED,SPOKED,0.0,0.0,0.0,0.0,280.0,730.0,34.9,720.0,1.0
455.5,66.0,590.0,69.5,145.0,68.0,555.0,72.5,645.0,48.0,54.0,33.0,39.5,37.5,31.5,26.5,14.5,ALUMINIUM,41.0,54.0,48.0,333.0,347.0,16.0,16.0,False,False,148.0,2.0,0.9,1.1,0.9,1.2,1.0,0.9,688.0,92.0,688.0,92.0,1.0,1,False,1.0,1.0,68.0,53.0,0.0,36.5,False,False,False,False,True,11.0,2,False,0.0,0.0,0,SPOKED,SPOKED,0.0,0.0,0.0,0.0,305.0,760.0,34.9,700.0,1.0
465.0,72.0,650.0,74.0,170.0,85.0,600.0,75.0,670.0,42.5,59.0,40.0,42.5,38.0,34.5,29.5,15.0,ALUMINIUM,48.0,59.0,57.0,339.0,351.0,16.0,16.0,False,False,148.0,2.0,0.9,1.1,0.9,1.2,1.0,0.9,700.0,105.0,700.0,105.0,1.0,0,False,1.0,1.0,68.0,55.0,0.0,38.0,False,False,False,False,True,12.0,2,False,0.0,0.0,0,SPOKED,SPOKED,0.0,0.0,0.0,0.0,320.0,780.0,34.9,750.0,1.0
425.0,63.0,605.0,68.5,142.0,62.0,565.0,73.0,655.0,46.5,56.0,36.0,40.0,37.0,32.0,26.0,14.0,ALUMINIUM,39.0,51.0,46.0,334.0,346.0,16.0,16.0,False,False,148.0,2.0,0.9,1.1,0.9,1.2,1.0,0.9,692.0,89.0,692.0,89.0,1.0,2,False,1.0,2.0,68.0,50.0,0.0,36.0,False,False,False,False,True,10.0,1,False,0.0,0.0,0,SPOKED,SPOKED,0.0,0.0,0.0,0.0,295.0,740.0,34.9,710.0,1.0
400.0,65.0,600.0,67.0,120.0,40.0,550.0,71.0,620.0,55.0,50.0,30.0,33.0,34.0,30.0,13.0,15.0,ALUMINIUM,35.0,50.0,45.0,0.0,0.0,0.0,0.0,False,False,135.0,1.0,1.0,1.0,1.0,1.0,1.0,1.0,685.0,60.0,685.0,60.0,1.0,1,False,1.0,1.0,68.0,45.0,32.0,30.0,True,True,False,False,True,11.0,1,False,0.0,0.0,0,SPOKED,SPOKED,0.0,0.0,0.9,0.9,280.0,525.0,34.9,300.0,1.0
420.0,62.0,620.0,68.0,140.0,55.0,570.0,72.0,630.0,58.0,55.0,32.0,34.0,35.0,32.0,13.0,16.0,ALUMINIUM,38.0,52.0,48.0,0.0,0.0,0.0,0.0,False,False,135.0,1.1,1.1,1.1,1.1,1.1,1.1,1.1,680.0,62.0,680.0,62.0,1.0,1,False,1.0,1.0,68.0,50.0,31.0,32.0,True,True,False,False,True,12.0,2,False,0.0,0.0,0,SPOKED,SPOKED,0.0,0.0,0.9,0.9,285.0,530.0,35.0,320.0,1.0
380.0,70.0,590.0,66.0,100.0,30.0,520.0,69.0,610.0,52.0,45.0,29.0,32.0,33.0,29.0,13.0,14.0,ALUMINIUM,33.0,48.0,43.0,0.0,0.0,0.0,0.0,False,False,135.0,0.9,0.9,0.9,0.9,0.9,0.9,0.9,695.0,55.0,695.0,55.0,1.0,1,False,1.0,1.0,68.0,45.0,31.0,30.0,True,True,False,False,True,11.0,1,False,0.0,0.0,0,SPOKED,SPOKED,0.0,0.0,0.9,0.9,275.0,515.0,34.9,310.0,1.0
450.0,60.0,650.0,69.0,160.0,60.0,600.0,74.0,650.0,60.0,50.0,33.0,35.0,36.0,33.0,13.0,17.0,ALUMINIUM,40.0,55.0,50.0,0.0,0.0,0.0,0.0,False,False,135.0,1.2,1.2,1.2,1.2,1.2,1.2,1.2,680.0,65.0,680.0,65.0,1.0,1,False,1.0,1.0,68.0,45.0,33.0,34.0,True,True,False,False,True,13.0,2,False,0.0,0.0,0,SPOKED,SPOKED,0.0,0.0,0.9,0.9,290.0,540.0,36.0,330.0,1.0
430.0,68.0,610.0,68.0,130.0,50.0,580.0,73.0,635.0,57.0,48.0,31.0,34.0,35.0,32.0,13.0,15.0,ALUMINIUM,36.0,53.0,46.0,0.0,0.0,0.0,0.0,False,False,135.0,1.0,1.0,1.0,1.0,1.0,1.0,1.0,690.0,63.0,690.0,63.0,1.0,1,False,1.0,1.0,68.0,48.0,32.0,30.0,True,True,False,False,True,12.0,1,False,0.0,0.0,0,SPOKED,SPOKED,0.0,0.0,0.9,0.9,285.0,535.0,35.0,315.0,1.0
395.0,72.0,580.0,66.5,110.0,35.0,530.0,70.0,605.0,53.0,46.0,29.5,32.5,34.5,30.0,13.0,14.0,ALUMINIUM,35.0,49.0,42.0,0.0,0.0,0.0,0.0,False,False,135.0,0.9,1.1,0.9,1.1,0.9,1.1,0.9,685.0,57.0,685.0,57.0,1.0,1,False,1.0,1.0,68.0,45.0,32.0,28.0,True,True,False,False,True,11.0,1,False,0.0,0.0,0,SPOKED,SPOKED,0.0,0.0,0.9,0.9,278.0,520.0,34.9,305.0,1.0
415.0,63.0,630.0,67.5,145.0,45.0,590.0,72.5,640.0,59.0,52.0,32.5,34.5,35.5,31.5,13.0,15.0,ALUMINIUM,37.0,51.0,47.0,0.0,0.0,0.0,0.0,False,False,135.0,1.0,0.9,1.0,0.9,1.0,0.9,1.0,675.0,64.0,675.0,64.0,1.0,1,False,1.0,1.0,68.0,50.0,33.0,30.0,True,True,False,False,True,13.0,2,False,0.0,0.0,0,SPOKED,SPOKED,0.0,0.0,0.9,0.9,292.0,545.0,35.5,325.0,1.0
427.0,66.0,605.0,68.5,125.0,48.0,560.0,73.5,625.0,56.0,49.0,30.5,33.5,34.5,30.5,13.0,16.0,ALUMINIUM,36.0,54.0,45.0,0.0,0.0,0.0,0.0,False,False,135.0,1.0,1.0,1.0,1.0,1.0,1.0,1.0,690.0,61.0,690.0,61.0,1.0,1,False,1.0,1.0,68.0,46.0,32.0,30.0,True,True,False,False,True,12.0,1,False,0.0,0.0,0,SPOKED,SPOKED,0.0,0.0,0.9,0.9,288.0,532.0,35.2,315.0,1.0
390.0,69.0,595.0,67.0,115.0,42.0,545.0,71.5,615.0,54.0,47.0,29.8,32.2,33.2,29.8,13.0,14.0,ALUMINIUM,34.0,49.0,44.0,0.0,0.0,0.0,0.0,False,False,135.0,0.9,1.1,0.9,1.1,0.9,1.1,0.9,685.0,58.0,685.0,58.0,1.0,1,False,1.0,1.0,68.0,47.0,31.5,29.0,True,True,False,False,True,11.0,1,False,0.0,0.0,0,SPOKED,SPOKED,0.0,0.0,0.9,0.9,280.0,528.0,34.5,307.0,1.0
445.0,64.0,640.0,69.5,155.0,58.0,610.0,75.0,645.0,61.0,53.0,33.5,35.5,36.5,33.5,13.0,18.0,ALUMINIUM,42.0,56.0,52.0,0.0,0.0,0.0,0.0,False,False,135.0,1.1,1.1,1.1,1.1,1.1,1.1,1.1,675.0,66.0,675.0,66.0,1.0,1,False,1.0,1.0,68.0,50.0,33.0,34.0,True,True,False,False,True,13.0,2,False,0.0,0.0,0,SPOKED,SPOKED,0.0,0.0,0.9,0.9,295.0,550.0,37.0,340.0,1.0
420.0,65.0,600.0,67.0,120.0,50.0,520.0,73.0,650.0,45.0,45.0,28.6,36.5,23.35,23.35,13.0,15.0,ALUMINIUM,35.0,45.0,45.0,330.0,350.0,16.0,18.0,False,False,135.0,2.0,1.0,1.0,1.0,1.0,1.0,1.0,740.0,53.0,740.0,53.0,1.0,0,False,1.0,1.0,68.0,45.0,0.0,31.8,True,True,False,False,True,12.0,1,False,0.0,0.0,0,SPOKED,SPOKED,0.0,0.0,80.0,80.0,280.0,300.0,36.5,330.0,1.0
430.0,63.0,610.0,66.0,130.0,52.0,530.0,74.0,660.0,50.0,45.0,28.6,36.5,23.35,23.35,15.0,15.0,ALUMINIUM,38.0,48.0,48.0,330.0,350.0,16.0,18.0,False,False,135.0,2.0,1.0,1.0,1.0,1.0,1.0,1.0,740.0,53.0,740.0,53.0,1.0,1,False,1.0,1.0,68.0,45.0,0.0,34.9,False,True,False,False,True,11.0,2,False,0.0,0.0,0,SPOKED,SPOKED,0.0,0.0,80.0,80.0,285.0,310.0,36.5,340.0,1.0
405.0,62.0,595.0,68.0,115.0,48.0,515.0,72.0,640.0,42.0,45.0,28.6,36.5,23.35,23.35,13.0,15.0,ALUMINIUM,32.0,42.0,42.0,330.0,350.0,16.0,18.0,False,False,135.0,2.0,1.0,1.0,1.0,1.0,1.0,1.0,740.0,53.0,740.0,53.0,1.0,2,False,1.0,1.0,68.0,45.0,0.0,31.8,True,True,False,False,True,12.0,1,False,0.0,0.0,0,SPOKED,SPOKED,0.0,0.0,80.0,80.0,275.0,290.0,36.5,320.0,1.0
440.0,64.0,605.0,65.0,140.0,55.0,545.0,75.0,670.0,48.0,45.0,28.6,36.5,23.35,23.35,14.0,15.0,ALUMINIUM,40.0,50.0,50.0,330.0,350.0,16.0,18.0,False,False,135.0,2.0,1.0,1.0,1.0,1.0,1.0,1.0,740.0,53.0,740.0,53.0,1.0,0,False,1.0,1.0,68.0,45.0,0.0,31.8,True,True,False,False,True,13.0,1,False,0.0,0.0,0,SPOKED,SPOKED,0.0,0.0,80.0,80.0,290.0,315.0,36.5,350.0,1.0
415.0,66.0,620.0,67.5,125.0,50.0,525.0,73.5,655.0,46.0,45.0,28.6,36.5,23.35,23.35,13.0,15.0,ALUMINIUM,36.0,46.0,46.0,330.0,350.0,16.0,18.0,False,False,135.0,2.0,1.0,1.0,1.0,1.0,1.0,1.0,740.0,53.0,740.0,53.0,1.0,1,False,1.0,1.0,68.0,45.0,0.0,31.8,True,False,False,False,True,12.0,2,False,0.0,0.0,0,SPOKED,SPOKED,0.0,0.0,80.0,80.0,285.0,305.0,36.5,360.0,1.0
425.0,61.0,585.0,69.0,110.0,49.0,510.0,72.0,630.0,43.0,45.0,28.6,36.5,23.35,23.35,13.0,15.0,ALUMINIUM,34.0,44.0,44.0,330.0,350.0,16.0,18.0,False,False,135.0,2.0,1.0,1.0,1.0,1.0,1.0,1.0,740.0,53.0,740.0,53.0,1.0,2,False,1.0,1.0,68.0,45.0,0.0,34.9,False,True,False,False,True,11.0,1,False,0.0,0.0,0,SPOKED,SPOKED,0.0,0.0,80.0,80.0,270.0,295.0,36.5,310.0,1.0
435.0,65.0,615.0,66.5,135.0,53.0,535.0,74.0,665.0,47.0,45.0,28.6,36.5,23.35,23.35,14.0,15.0,ALUMINIUM,39.0,49.0,49.0,330.0,350.0,16.0,18.0,False,False,135.0,2.0,1.0,1.0,1.0,1.0,1.0,1.0,740.0,53.0,740.0,53.0,1.0,1,False,1.0,1.0,68.0,45.0,0.0,31.8,True,True,False,False,True,12.0,1,False,0.0,0.0,0,SPOKED,SPOKED,0.0,0.0,80.0,80.0,295.0,320.0,36.5,340.0,1.0
395.0,67.0,590.0,68.0,118.0,51.0,518.0,73.0,645.0,44.0,45.0,28.6,36.5,23.35,23.35,13.5,15.0,ALUMINIUM,33.0,43.0,43.0,330.0,350.0,16.0,18.0,False,False,135.0,2.0,1.0,1.0,1.0,1.0,1.0,1.0,740.0,53.0,740.0,53.0,1.0,0,False,1.0,1.0,68.0,45.0,0.0,31.8,True,True,False,False,True,11.0,2,False,0.0,0.0,0,SPOKED,SPOKED,0.0,0.0,80.0,80.0,278.0,300.0,36.5,325.0,1.0
445.0,64.0,625.0,65.5,138.0,54.0,540.0,75.5,675.0,49.0,45.0,28.6,36.5,23.35,23.35,14.5,15.0,ALUMINIUM,41.0,51.0,51.0,330.0,350.0,16.0,18.0,False,False,135.0,2.0,1.0,1.0,1.0,1.0,1.0,1.0,740.0,53.0,740.0,53.0,1.0,1,False,1.0,1.0,68.0,45.0,0.0,31.8,True,False,False,False,True,12.0,1,False,0.0,0.0,0,SPOKED,SPOKED,0.0,0.0,80.0,80.0,300.0,330.0,36.5,360.0,1.0
400.0,60.0,580.0,69.5,105.0,47.0,505.0,71.5,625.0,41.0,45.0,28.6,36.5,23.35,23.35,12.5,15.0,ALUMINIUM,31.0,41.0,41.0,330.0,350.0,16.0,18.0,False,False,135.0,2.0,1.0,1.0,1.0,1.0,1.0,1.0,740.0,53.0,740.0,53.0,1.0,2,False,1.0,1.0,68.0,45.0,0.0,31.8,True,True,False,False,True,11.0,1,False,0.0,0.0,0,SPOKED,SPOKED,0.0,0.0,80.0,80.0,260.0,280.0,36.5,305.0,1.0
450.0,70.0,610.0,66.0,120.0,50.0,550.0,73.0,650.0,50.0,45.0,33.0,38.0,26.0,17.0,13.0,15,ALUMINIUM,35.0,45.0,50.0,330.0,350.0,16.0,18,False,False,135.0,2.0,1.5,1.8,2.0,1.5,1.5,1.8,700.0,60.0,700.0,60.0,1.0,0,False,1.0,1.0,68.0,50.0,0.0,34,False,False,False,False,True,11.0,1,False,0.0,0.0,0,SPOKED,SPOKED,0.0,0.0,0.0,0.0,300.0,780.0,34.9,300.0,1.0
460.0,72.0,620.0,67.0,130.0,50.0,560.0,74.0,660.0,52.0,45.0,34.0,40.0,27.0,18.0,13.0,15,ALUMINIUM,36.0,47.0,52.0,330.0,350.0,16.0,18,False,False,135.0,2.0,1.5,1.8,2.0,1.5,1.5,1.8,700.0,60.0,700.0,60.0,1.0,1,False,1.0,1.0,68.0,50.0,0.0,34,False,False,False,False,True,12.0,1,False,0.0,0.0,0,SPOKED,SPOKED,0.0,0.0,0.0,0.0,300.0,790.0,34.9,310.0,1.0
470.0,68.0,630.0,68.0,110.0,50.0,540.0,73.5,640.0,48.0,45.0,32.0,36.0,25.0,16.0,13.0,15,ALUMINIUM,34.0,43.0,48.0,330.0,350.0,16.0,18,False,False,135.0,2.0,1.5,1.8,2.0,1.5,1.5,1.8,700.0,60.0,700.0,60.0,1.0,2,False,1.0,1.0,68.0,50.0,0.0,34,False,False,False,False,True,11.0,1,False,0.0,0.0,0,SPOKED,SPOKED,0.0,0.0,0.0,0.0,300.0,800.0,34.9,320.0,1.0
480.0,65.0,600.0,66.5,140.0,50.0,580.0,74.5,670.0,54.0,45.0,35.0,42.0,28.0,19.0,13.0,15,ALUMINIUM,37.0,49.0,54.0,330.0,350.0,16.0,18,False,False,135.0,2.0,1.5,1.8,2.0,1.5,1.5,1.8,700.0,60.0,700.0,60.0,1.0,0,False,1.0,1.0,68.0,50.0,0.0,34,False,False,False,False,True,12.0,1,False,0.0,0.0,0,SPOKED,SPOKED,0.0,0.0,0.0,0.0,300.0,770.0,34.9,300.0,1.0
440.0,75.0,640.0,67.5,125.0,50.0,565.0,73.0,655.0,50.0,45.0,33.0,38.0,26.0,17.0,13.0,15,ALUMINIUM,35.0,45.0,50.0,330.0,350.0,16.0,18,True,True,135.0,2.0,1.5,1.8,2.0,1.5,1.5,1.8,700.0,60.0,700.0,60.0,1.0,1,False,1.0,1.0,68.0,50.0,0.0,34,False,False,False,False,True,11.0,1,False,0.0,0.0,0,SPOKED,SPOKED,0.0,0.0,0.0,0.0,300.0,785.0,34.9,310.0,1.0
430.0,69.0,615.0,68.0,135.0,50.0,575.0,74.5,665.0,52.0,45.0,34.0,40.0,27.0,18.0,13.0,15,ALUMINIUM,36.0,47.0,52.0,330.0,350.0,16.0,18,True,True,135.0,2.0,1.5,1.8,2.0,1.5,1.5,1.8,700.0,60.0,700.0,60.0,1.0,2,False,1.0,1.0,68.0,50.0,0.0,34,False,False,False,False,True,12.0,1,False,0.0,0.0,0,SPOKED,SPOKED,0.0,0.0,0.0,0.0,300.0,795.0,34.9,320.0,1.0
455.0,73.0,625.0,66.2,115.0,45.0,555.0,73.0,645.0,48.0,45.0,32.0,36.0,25.0,16.0,13.0,15,ALUMINIUM,34.0,43.0,48.0,330.0,350.0,16.0,18,True,True,135.0,2.0,1.5,1.8,2.0,1.5,1.5,1.8,700.0,60.0,700.0,60.0,1.0,0,False,1.0,2.0,68.0,50.0,0.0,34,False,False,False,False,True,11.0,1,False,0.0,0.0,0,SPOKED,SPOKED,0.0,0.0,0.0,0.0,300.0,805.0,34.9,300.0,1.0
465.0,71.0,635.0,67.2,145.0,55.0,565.0,74.0,675.0,54.0,45.0,35.0,42.0,28.0,19.0,13.0,15,ALUMINIUM,37.0,49.0,54.0,330.0,350.0,16.0,18,True,True,135.0,2.0,1.5,1.8,2.0,1.5,1.5,1.8,700.0,60.0,700.0,60.0,1.0,1,False,1.0,2.0,68.0,50.0,0.0,34,False,False,False,False,True,12.0,1,False,0.0,0.0,0,SPOKED,SPOKED,0.0,0.0,0.0,0.0,300.0,775.0,34.9,310.0,1.0
475.0,67.0,605.0,68.5,105.0,50.0,545.0,73.5,635.0,50.0,45.0,33.0,38.0,26.0,17.0,13.0,15,ALUMINIUM,35.0,45.0,50.0,330.0,350.0,16.0,18,True,True,135.0,2.0,1.5,1.8,2.0,1.5,1.5,1.8,700.0,60.0,700.0,60.0,1.0,2,False,1.0,2.0,68.0,50.0,0.0,34,False,False,False,False,True,11.0,1,False,0.0,0.0,0,SPOKED,SPOKED,0.0,0.0,0.0,0.0,300.0,790.0,34.9,320.0,1.0
485.0,74.0,645.0,66.8,150.0,50.0,585.0,74.5,685.0,52.0,45.0,34.0,40.0,27.0,18.0,13.0,15,ALUMINIUM,36.0,47.0,52.0,330.0,350.0,16.0,18,True,True,135.0,2.0,1.5,1.8,2.0,1.5,1.5,1.8,700.0,60.0,700.0,60.0,1.0,0,False,1.0,2.0,68.0,50.0,0.0,34,False,False,False,False,True,12.0,1,False,0.0,0.0,0,SPOKED,SPOKED,0.0,0.0,0.0,0.0,300.0,795.0,34.9,300.0,1.0
430.0,65.0,580.0,68.0,120.0,50.0,560.0,74.0,640.0,50.0,40.0,28.6,36.5,23.35,23.35,13.0,15.0,ALUMINIUM,32.0,50.0,50.0,330.0,350.0,16.0,18.0,True,False,135.0,2.0,0.9,1.1,0.9,1.2,1.0,0.9,680.0,23.0,680.0,23.0,1.0,0,False,1.0,1.0,68.0,45.0,692.0,31.8,False,True,False,False,True,11.0,1,False,0.0,0.0,0,DISC,SPOKED,0.0,0.0,80.0,80.0,280.0,750.0,34.9,350.0,1.0
435.0,60.0,600.0,69.5,110.0,55.0,570.0,73.5,650.0,52.0,40.0,28.6,36.5,23.35,23.35,13.0,15.0,ALUMINIUM,35.0,52.0,48.0,330.0,350.0,16.0,18.0,False,True,135.0,2.0,0.9,1.1,0.9,1.2,1.0,0.9,680.0,23.0,680.0,23.0,1.0,1,False,1.0,2.0,68.0,44.0,692.0,31.8,False,False,False,False,True,10.0,1,False,0.0,0.0,0,DISC,SPOKED,0.0,0.0,80.0,80.0,275.0,760.0,34.9,360.0,1.0
440.0,55.0,620.0,67.0,115.0,50.0,580.0,74.5,660.0,48.0,40.0,28.6,36.5,23.35,23.35,13.0,15.0,ALUMINIUM,33.0,54.0,52.0,330.0,350.0,16.0,18.0,False,False,142.0,2.0,0.9,1.1,0.9,1.2,1.0,0.9,680.0,23.0,680.0,23.0,1.0,2,False,1.0,1.0,68.0,46.0,692.0,31.8,True,True,False,False,True,12.0,1,False,0.0,0.0,0,DISC,DISC,0.0,0.0,80.0,80.0,285.0,740.0,34.9,370.0,1.0
445.0,70.0,610.0,66.5,130.0,52.0,590.0,73.0,630.0,55.0,40.0,30.0,36.5,23.35,37.5,13.0,15.0,ALUMINIUM,30.0,48.0,54.0,330.0,350.0,16.0,18.0,True,True,148.0,2.0,1.0,1.2,1.0,1.3,1.1,1.0,680.0,23.0,680.0,23.0,1.0,0,False,1.0,1.0,68.0,50.0,692.0,35.0,False,False,False,False,True,9.0,2,False,0.0,0.0,0,TRISPOKE,DISC,1.0,0.0,90.0,80.0,290.0,380.0,34.9,380.0,2.0
450.0,58.0,630.0,68.5,125.0,58.0,600.0,74.0,670.0,50.0,40.0,28.6,38.0,25.0,25.0,13.0,15.0,ALUMINIUM,36.0,60.0,46.0,330.0,350.0,16.0,18.0,False,False,135.0,2.0,1.0,1.1,0.9,1.2,1.0,1.0,680.0,25.0,680.0,25.0,1.0,1,False,1.0,1.0,68.0,45.0,692.0,34.0,True,False,False,False,True,11.0,2,False,0.0,0.0,0,DISC,SPOKED,0.0,0.0,80.0,80.0,300.0,780.0,34.9,390.0,1.0
420.0,62.0,570.0,70.0,105.0,47.0,555.0,74.8,620.0,53.0,40.0,30.0,36.5,23.35,23.35,13.0,15.0,ALUMINIUM,34.0,49.0,53.0,330.0,350.0,16.0,18.0,True,False,135.0,2.0,0.9,1.1,0.9,1.2,1.0,0.9,680.0,23.0,680.0,23.0,1.0,2,False,1.0,2.0,68.0,46.0,692.0,31.8,True,True,False,False,True,12.0,1,False,0.0,0.0,0,DISC,SPOKED,0.0,0.0,80.0,80.0,272.0,720.0,34.9,360.0,1.0
425.0,68.0,590.0,67.5,118.0,53.0,565.0,73.2,655.0,51.0,40.0,28.6,36.5,23.35,23.35,13.0,15.0,ALUMINIUM,32.0,51.0,51.0,330.0,350.0,16.0,18.0,False,True,140.0,2.0,0.9,1.1,0.9,1.2,1.0,0.9,680.0,23.0,680.0,23.0,1.0,0,False,1.0,1.0,68.0,46.0,692.0,31.8,False,False,False,False,True,10.0,1,False,0.0,0.0,0,SPOKED,SPOKED,0.0,0.0,80.0,80.0,285.0,760.0,34.9,375.0,1.0
438.0,72.0,640.0,69.0,122.0,56.0,595.0,74.3,645.0,49.0,40.0,28.6,36.5,23.35,23.35,13.0,15.0,ALUMINIUM,37.0,53.0,49.0,330.0,350.0,16.0,18.0,True,True,148.0,2.0,1.0,1.1,1.0,1.2,1.0,1.0,680.0,23.0,680.0,23.0,1.0,1,False,1.0,1.0,68.0,45.0,692.0,30.0,True,False,False,False,True,11.0,2,False,0.0,0.0,0,DISC,DISC,0.0,0.0,80.0,80.0,288.0,795.0,34.9,390.0,2.0
442.0,64.0,625.0,66.0,128.0,50.0,585.0,74.6,660.0,54.0,40.0,28.6,36.5,23.35,23.35,13.0,15.0,ALUMINIUM,34.0,56.0,47.0,330.0,350.0,16.0,18.0,False,False,135.0,2.0,0.9,1.1,0.9,1.2,1.0,0.9,680.0,23.0,680.0,23.0,1.0,2,False,1.0,2.0,68.0,44.0,692.0,31.8,False,True,False,False,True,12.0,1,False,0.0,0.0,0,TRISPOKE,SPOKED,1.0,0.0,90.0,80.0,282.0,730.0,34.9,365.0,1.0
448.0,59.0,615.0,71.0,118.0,52.0,575.0,75.0,635.0,51.0,40.0,28.6,36.5,23.35,23.35,13.0,15.0,ALUMINIUM,31.0,57.0,51.0,330.0,350.0,16.0,18.0,True,False,142.0,2.0,0.9,1.1,0.9,1.2,1.0,0.9,680.0,23.0,680.0,23.0,1.0,0,False,1.0,1.0,68.0,46.0,692.0,31.8,False,False,False,False,True,10.0,1,False,0.0,0.0,0,DISC,SPOKED,0.0,0.0,80.0,80.0,280.0,765.0,34.9,355.0,1.0
405.0,70.0,600.0,67.0,140.0,45.0,550.0,73.0,660.0,42.0,40.0,30.0,36.0,36.0,36.0,20.0,15.0,ALUMINIUM,30.0,35.0,40.0,330.0,350.0,16.0,16.0,False,False,135.0,2.0,1.5,2.0,1.8,1.5,1.5,1.8,700.0,50.0,700.0,50.0,1.0,1,False,1.0,1.0,68.0,45.0,0.0,34.9,False,False,False,False,True,12.0,1,False,0.0,0.0,0,SPOKED,SPOKED,0.0,0.0,0.0,0.0,250.0,750.0,36.0,300.0,1.0
400.0,75.0,620.0,66.0,150.0,50.0,560.0,72.0,650.0,44.0,40.0,32.0,38.0,36.0,36.0,22.0,16.0,ALUMINIUM,32.0,36.0,42.0,332.0,352.0,16.0,16.0,False,False,142.0,2.0,1.6,2.1,1.8,1.5,1.5,1.8,720.0,50.0,720.0,50.0,1.0,0,False,1.0,1.0,70.0,46.0,0.0,35.0,False,False,False,False,True,11.0,2,True,0.0,0.0,0,SPOKED,SPOKED,0.0,0.0,0.0,0.0,255.0,760.0,38.0,310.0,1.0
395.0,68.0,580.0,67.5,140.5,48.0,545.0,73.5,655.0,43.0,40.0,31.0,37.0,35.0,35.0,21.0,15.5,ALUMINIUM,31.0,35.5,41.0,330.0,350.0,16.0,16.0,False,False,140.0,2.1,1.5,2.0,1.8,1.6,1.5,1.8,700.0,52.0,700.0,52.0,1.0,1,False,1.0,1.0,68.0,45.5,0.0,34.5,False,False,False,False,True,12.0,1,False,0.0,0.0,0,SPOKED,SPOKED,0.0,0.0,0.0,0.0,260.0,740.0,37.0,295.0,1.0
420.0,72.0,605.0,66.5,155.0,50.0,565.0,72.0,670.0,45.0,40.0,33.0,39.0,37.0,37.0,23.0,17.0,ALUMINIUM,34.0,37.0,43.0,335.0,355.0,16.0,16.0,False,False,142.0,2.0,1.7,2.2,1.8,1.5,1.5,1.9,720.0,50.0,720.0,50.0,1.0,2,False,1.0,1.0,69.0,47.0,0.0,35.0,False,False,False,False,True,11.0,1,False,0.0,0.0,0,SPOKED,SPOKED,0.0,0.0,0.0,0.0,265.0,755.0,39.0,305.0,1.0
390.0,65.0,590.0,67.0,135.0,44.0,540.0,74.0,640.0,40.0,40.0,29.0,35.0,35.0,35.0,20.0,15.0,ALUMINIUM,29.0,34.0,39.0,328.0,348.0,16.0,16.0,False,False,135.0,2.0,1.5,2.0,1.7,1.4,1.4,1.6,680.0,45.0,680.0,45.0,1.0,0,False,1.0,1.0,67.0,44.0,0.0,33.5,False,False,False,False,True,12.0,1,False,0.0,0.0,0,SPOKED,SPOKED,0.0,0.0,0.0,0.0,250.0,745.0,35.0,290.0,1.0
410.0,75.0,615.0,66.0,142.0,52.0,555.0,72.5,665.0,44.0,40.0,32.0,38.0,36.0,36.0,22.0,16.5,ALUMINIUM,33.0,36.5,42.5,333.0,353.0,16.0,16.0,False,False,142.0,2.2,1.6,2.1,1.8,1.6,1.5,1.8,700.0,50.0,700.0,50.0,1.0,1,False,1.0,1.0,70.0,46.0,0.0,35.0,False,False,False,False,True,10.0,1,True,0.0,0.0,0,SPOKED,SPOKED,0.0,0.0,0.0,0.0,255.0,760.0,38.0,300.0,1.0
395.0,68.0,595.0,67.2,138.0,48.0,548.0,73.2,652.0,42.0,40.0,31.0,37.0,36.0,36.0,21.0,15.8,ALUMINIUM,31.5,35.8,41.5,331.0,351.0,16.0,16.0,False,False,135.0,2.0,1.5,2.0,1.8,1.5,1.5,1.8,690.0,48.0,690.0,48.0,1.0,1,False,1.0,3.0,68.0,45.0,0.0,34.8,False,False,False,False,True,12.0,2,False,0.0,0.0,0,SPOKED,SPOKED,0.0,0.0,0.0,0.0,252.0,747.0,36.5,298.0,2.0
400.0,70.0,600.0,66.8,140.0,50.0,550.0,73.5,660.0,43.0,40.0,30.0,36.0,35.0,35.0,22.0,16.0,ALUMINIUM,32.0,36.0,42.0,332.0,352.0,16.0,16.0,False,False,135.0,2.0,1.5,2.0,1.8,1.5,1.5,1.8,700.0,50.0,700.0,50.0,1.0,2,False,1.0,1.0,69.0,46.0,0.0,35.0,False,False,False,False,True,11.0,1,False,0.0,0.0,0,SPOKED,SPOKED,0.0,0.0,0.0,0.0,260.0,750.0,36.0,305.0,1.0
390.0,65.0,585.0,68.0,132.0,45.0,542.0,74.0,645.0,41.0,40.0,29.0,35.0,34.0,34.0,20.0,15.0,ALUMINIUM,29.0,34.0,39.0,330.0,350.0,16.0,16.0,False,False,135.0,2.0,1.5,2.0,1.7,1.4,1.4,1.6,680.0,45.0,680.0,45.0,1.0,0,False,1.0,1.0,67.0,44.0,0.0,33.5,False,False,False,False,True,12.0,1,False,0.0,0.0,0,SPOKED,SPOKED,0.0,0.0,0.0,0.0,248.0,740.0,34.5,290.0,1.0
405.0,74.0,610.0,67.0,145.0,51.0,558.0,72.8,667.0,44.0,40.0,32.0,38.0,36.0,36.0,23.0,16.5,ALUMINIUM,33.5,36.5,42.5,334.0,354.0,16.0,16.0,False,False,142.0,2.1,1.6,2.1,1.8,1.6,1.5,1.8,710.0,50.0,710.0,50.0,1.0,1,False,1.0,3.0,70.0,47.0,0.0,35.0,False,False,False,False,True,11.0,1,True,0.0,0.0,0,SPOKED,SPOKED,0.0,0.0,0.0,0.0,255.0,755.0,37.0,300.0,1.0
440.0,70.0,630.0,67.0,140.0,50.0,500.0,74.0,630.0,48.0,45.0,35.0,38.0,23.35,23.35,13.0,15.0,ALUMINIUM,40.0,50.0,50.0,330.0,350.0,16.0,18.0,False,False,135.0,2.0,0.9,1.1,0.9,1.2,1.0,0.9,722.0,50.0,722.0,50.0,1.0,0,False,1.0,2.0,68.0,45.0,0.0,31.8,True,True,False,False,False,12.0,1,False,0.0,0.0,0,SPOKED,SPOKED,0.0,0.0,80.0,80.0,280.0,740.0,40.0,400.0,1.0
450.0,65.0,640.0,66.5,135.0,48.0,510.0,73.5,640.0,46.0,45.0,35.0,37.0,23.35,23.35,13.0,15.0,ALUMINIUM,38.0,52.0,48.0,330.0,350.0,16.0,18.0,False,False,135.0,2.0,0.9,1.1,0.9,1.2,1.0,0.9,720.0,52.0,720.0,52.0,1.0,1,False,1.0,2.0,68.0,45.0,0.0,31.8,True,True,False,False,False,12.0,1,False,0.0,0.0,0,SPOKED,SPOKED,0.0,0.0,80.0,80.0,285.0,745.0,40.0,410.0,1.0
435.0,72.0,625.0,68.0,145.0,52.0,495.0,74.5,615.0,50.0,45.0,36.0,37.0,23.35,23.35,13.0,15.0,ALUMINIUM,42.0,55.0,52.0,330.0,350.0,16.0,18.0,False,False,135.0,2.0,0.9,1.1,0.9,1.2,1.0,0.9,722.0,48.0,722.0,48.0,1.0,2,False,1.0,2.0,68.0,45.0,0.0,31.8,True,True,False,False,False,11.0,2,False,0.0,0.0,0,SPOKED,SPOKED,0.0,0.0,85.0,85.0,275.0,730.0,38.0,390.0,1.0
445.0,68.0,635.0,66.0,150.0,55.0,505.0,73.0,650.0,47.0,45.0,35.0,36.0,23.35,23.35,13.0,15.0,ALUMINIUM,45.0,48.0,55.0,330.0,350.0,16.0,18.0,False,False,135.0,2.0,0.9,1.1,0.9,1.2,1.0,0.9,722.0,50.0,722.0,50.0,1.0,1,False,1.0,2.0,68.0,45.0,0.0,31.8,True,True,True,False,False,12.0,1,False,0.0,0.0,0,SPOKED,SPOKED,0.0,0.0,80.0,80.0,280.0,750.0,40.0,405.0,1.0
430.0,75.0,620.0,67.5,138.0,50.0,490.0,74.5,620.0,49.0,45.0,36.0,38.0,23.35,23.35,13.0,15.0,ALUMINIUM,42.0,50.0,48.0,330.0,350.0,16.0,18.0,False,True,142.0,2.0,0.9,1.1,0.9,1.2,1.0,0.9,722.0,50.0,722.0,50.0,1.0,0,False,1.0,2.0,68.0,45.0,0.0,31.8,True,True,False,True,False,12.0,1,False,0.0,0.0,0,SPOKED,SPOKED,0.0,0.0,80.0,80.0,282.0,742.0,40.0,395.0,1.0
455.0,62.0,645.0,68.5,142.0,53.0,515.0,73.5,635.0,45.0,45.0,35.0,37.0,23.35,23.35,13.0,15.0,ALUMINIUM,40.0,52.0,50.0,330.0,350.0,16.0,18.0,False,False,135.0,2.0,0.9,1.1,0.9,1.2,1.0,0.9,700.0,50.0,700.0,50.0,1.0,2,False,1.0,2.0,68.0,45.0,0.0,31.8,True,True,True,True,False,12.0,2,False,0.0,0.0,0,SPOKED,SPOKED,0.0,0.0,80.0,80.0,290.0,760.0,40.0,450.0,1.0
440.0,67.0,638.0,67.0,139.0,50.0,500.0,74.0,620.0,48.0,45.0,35.0,38.0,23.35,23.35,13.0,15.0,ALUMINIUM,41.0,48.0,49.0,330.0,350.0,16.0,18.0,False,False,142.0,2.0,0.9,1.1,0.9,1.2,1.0,0.9,736.0,57.0,736.0,57.0,1.0,0,False,1.0,2.0,68.0,45.0,0.0,31.8,True,True,False,False,False,12.0,1,False,0.0,0.0,0,SPOKED,SPOKED,0.0,0.0,85.0,85.0,280.0,745.0,40.0,400.0,1.0
445.0,69.0,640.0,66.8,144.0,54.0,510.0,74.0,625.0,47.0,45.0,36.0,38.0,23.35,23.35,13.0,15.0,ALUMINIUM,43.0,54.0,52.0,330.0,350.0,16.0,18.0,False,False,142.0,2.0,0.9,1.1,0.9,1.2,1.0,0.9,722.0,50.0,722.0,50.0,1.0,1,False,1.0,3.0,68.0,50.0,0.0,31.8,True,True,False,False,False,12.0,2,False,0.0,0.0,0,SPOKED,SPOKED,0.0,0.0,80.0,80.0,285.0,740.0,40.0,420.0,2.0
432.0,71.0,628.0,67.2,137.0,52.0,495.0,74.2,618.0,46.0,45.0,35.0,36.0,23.35,23.35,13.0,15.0,ALUMINIUM,39.0,49.0,47.0,330.0,350.0,16.0,18.0,True,False,135.0,2.0,0.9,1.1,0.9,1.2,1.0,0.9,722.0,50.0,722.0,50.0,1.0,0,False,1.0,2.0,68.0,45.0,0.0,31.8,True,True,False,False,False,12.0,1,False,0.0,0.0,0,SPOKED,SPOKED,0.0,0.0,80.0,80.0,278.0,735.0,40.0,380.0,1.0
438.0,73.0,632.0,67.8,143.0,51.0,502.0,73.8,628.0,48.0,45.0,36.0,37.0,23.35,23.35,13.0,15.0,ALUMINIUM,42.0,53.0,51.0,330.0,350.0,16.0,18.0,False,False,142.0,2.0,0.9,1.1,0.9,1.2,1.0,0.9,722.0,50.0,722.0,50.0,1.0,1,False,1.0,2.0,68.0,45.0,0.0,31.8,True,True,False,False,False,0.0,2,False,0.0,0.0,0,SPOKED,SPOKED,0.0,0.0,80.0,80.0,283.0,738.0,40.0,395.0,1.0
440.0,60.0,560.0,66.5,100.0,50.0,520.0,73.0,630.0,60.0,50.0,32.0,36.5,23.35,23.35,13.0,15.0,ALUMINIUM,15.0,40.0,50.0,330.0,350.0,16.0,18.0,False,False,142.0,2.0,0.9,1.1,0.9,1.2,1.0,0.9,676.0,60.0,676.0,60.0,1.0,0,False,1.0,3.0,68.0,45.0,0.0,31.8,True,True,False,False,True,12.0,1,False,0.0,0.0,0,SPOKED,SPOKED,0.0,0.0,80.0,80.0,278.0,655.0,34.9,710.0,1.0
450.0,55.0,580.0,67.0,110.0,45.0,540.0,73.5,640.0,58.0,52.0,31.0,36.5,23.35,23.35,13.0,15.0,ALUMINIUM,16.0,45.0,52.0,330.0,350.0,16.0,18.0,False,False,142.0,2.0,0.9,1.1,0.9,1.2,1.0,0.9,676.0,60.0,676.0,60.0,1.0,1,False,1.0,3.0,68.0,45.0,0.0,31.8,True,True,False,False,True,11.0,1,False,0.0,0.0,0,SPOKED,SPOKED,0.0,0.0,80.0,80.0,278.0,650.0,34.9,700.0,1.0
460.0,65.0,600.0,68.0,120.0,55.0,560.0,74.0,650.0,62.0,54.0,33.0,36.5,23.35,23.35,13.0,15.0,ALUMINIUM,18.0,50.0,54.0,330.0,350.0,16.0,18.0,False,False,142.0,2.0,0.9,1.1,0.9,1.2,1.0,0.9,676.0,60.0,676.0,60.0,1.0,2,False,1.0,3.0,68.0,45.0,0.0,31.8,True,True,False,False,True,12.0,1,False,0.0,0.0,0,SPOKED,SPOKED,0.0,0.0,80.0,80.0,278.0,660.0,34.9,720.0,1.0
430.0,50.0,570.0,66.0,95.0,49.0,530.0,73.2,635.0,59.0,48.0,30.0,36.5,23.35,23.35,13.0,15.0,ALUMINIUM,14.0,42.0,48.0,330.0,350.0,16.0,18.0,False,False,142.0,2.0,0.9,1.1,0.9,1.2,1.0,0.9,676.0,60.0,676.0,60.0,1.0,0,False,1.0,3.0,68.0,45.0,0.0,31.8,True,True,False,False,True,13.0,1,False,0.0,0.0,0,SPOKED,SPOKED,0.0,0.0,80.0,80.0,278.0,652.0,34.9,705.0,1.0
470.0,63.0,620.0,67.5,125.0,60.0,580.0,74.5,655.0,64.0,55.0,32.5,36.5,23.35,23.35,13.0,15.0,ALUMINIUM,20.0,55.0,58.0,330.0,350.0,16.0,18.0,False,False,142.0,2.0,0.9,1.1,0.9,1.2,1.0,0.9,676.0,60.0,676.0,60.0,1.0,1,False,1.0,3.0,68.0,45.0,0.0,31.8,True,True,False,False,True,11.0,1,False,0.0,0.0,0,SPOKED,SPOKED,0.0,0.0,80.0,80.0,278.0,665.0,34.9,730.0,1.0
480.0,58.0,640.0,65.5,130.0,65.0,600.0,75.0,660.0,65.0,55.0,33.0,36.5,23.35,23.35,13.0,15.0,ALUMINIUM,22.0,60.0,62.0,330.0,350.0,16.0,18.0,False,False,142.0,2.0,0.9,1.1,0.9,1.2,1.0,0.9,676.0,60.0,676.0,60.0,1.0,2,False,1.0,3.0,68.0,45.0,0.0,31.8,True,True,False,False,True,12.0,1,False,0.0,0.0,0,SPOKED,SPOKED,0.0,0.0,80.0,80.0,278.0,670.0,34.9,740.0,1.0
445.0,62.0,590.0,67.2,105.0,47.0,550.0,73.8,645.0,61.0,53.0,31.0,36.5,23.35,23.35,13.0,15.0,ALUMINIUM,17.0,47.0,51.0,330.0,350.0,16.0,18.0,False,False,142.0,2.0,0.9,1.1,0.9,1.2,1.0,0.9,676.0,60.0,676.0,60.0,1.0,0,False,1.0,3.0,68.0,45.0,0.0,31.8,True,True,False,False,True,10.0,1,False,0.0,0.0,0,SPOKED,SPOKED,0.0,0.0,80.0,80.0,278.0,658.0,34.9,715.0,1.0
455.0,57.0,610.0,66.8,115.0,52.0,570.0,74.2,650.0,63.0,54.0,32.5,36.5,23.35,23.35,13.0,15.0,ALUMINIUM,19.0,52.0,55.0,330.0,350.0,16.0,18.0,False,False,142.0,2.0,0.9,1.1,0.9,1.2,1.0,0.9,676.0,60.0,676.0,60.0,1.0,1,False,1.0,3.0,68.0,45.0,0.0,31.8,True,True,False,False,True,11.0,1,False,0.0,0.0,0,SPOKED,SPOKED,0.0,0.0,80.0,80.0,278.0,662.0,34.9,725.0,1.0
465.0,60.0,630.0,68.5,118.0,58.0,590.0,75.0,658.0,66.0,55.0,33.0,36.5,23.35,23.35,13.0,15.0,ALUMINIUM,21.0,57.0,60.0,330.0,350.0,16.0,18.0,False,False,142.0,2.0,0.9,1.1,0.9,1.2,1.0,0.9,676.0,60.0,676.0,60.0,1.0,2,False,1.0,3.0,68.0,45.0,0.0,31.8,True,True,False,False,True,12.0,1,False,0.0,0.0,0,SPOKED,SPOKED,0.0,0.0,80.0,80.0,278.0,668.0,34.9,735.0,1.0
435.0,53.0,555.0,67.7,98.0,43.0,525.0,73.4,632.0,57.0,49.0,30.5,36.5,23.35,23.35,13.0,15.0,ALUMINIUM,13.0,38.0,46.0,330.0,350.0,16.0,18.0,False,False,142.0,2.0,0.9,1.1,0.9,1.2,1.0,0.9,676.0,60.0,676.0,60.0,1.0,0,False,1.0,3.0,68.0,45.0,0.0,31.8,True,True,False,False,True,11.0,1,False,0.0,0.0,0,SPOKED,SPOKED,0.0,0.0,80.0,80.0,278.0,654.0,34.9,690.0,1.0
450.0,50.0,580.0,67.0,140.0,45.0,500.0,73.0,600.0,50.0,47.0,34.9,40.0,36.5,30.0,13.0,15,ALUMINIUM,30.0,45.0,30.0,0.0,0.0,0.0,0,False,False,142.0,2.0,2.0,2.0,2.0,2.0,2.0,2.0,700.0,50.0,700.0,50.0,1.0,0,False,1.0,1.0,68.0,44.0,0.0,38,False,True,False,False,True,11.0,1,False,0.0,0.0,0,DISC,DISC,0.0,0.0,0.0,0.0,280.0,700.0,40.0,350.0,1.0
455.0,52.0,590.0,66.5,150.0,50.0,510.0,73.5,610.0,55.0,47.0,34.9,40.0,35.0,32.0,13.0,15,ALUMINIUM,32.0,46.0,32.0,0.0,0.0,0.0,0,False,False,142.0,2.0,2.0,2.0,2.0,2.0,2.0,2.0,700.0,50.0,700.0,50.0,1.0,0,False,1.0,1.0,68.0,44.0,0.0,38,False,True,False,False,True,11.0,1,False,0.0,0.0,0,DISC,DISC,0.0,0.0,0.0,0.0,285.0,710.0,40.0,360.0,1.0
440.0,48.0,570.0,68.0,135.0,43.0,495.0,72.5,590.0,52.0,47.0,34.9,40.0,36.5,30.0,13.0,15,ALUMINIUM,28.0,44.0,28.0,0.0,0.0,0.0,0,False,False,148.0,2.0,2.0,2.0,2.0,2.0,2.0,2.0,700.0,50.0,700.0,50.0,1.0,0,False,1.0,1.0,68.0,44.0,0.0,38,False,True,False,False,True,11.0,1,False,0.0,0.0,0,DISC,DISC,0.0,0.0,0.0,0.0,280.0,695.0,40.0,345.0,1.0
460.0,50.0,595.0,67.5,160.0,48.0,520.0,74.0,620.0,50.0,47.0,34.9,40.0,37.0,32.0,13.0,15,ALUMINIUM,35.0,48.0,35.0,0.0,0.0,0.0,0,False,False,142.0,2.0,2.0,2.0,2.0,2.0,2.0,2.0,700.0,50.0,700.0,50.0,1.0,0,False,1.0,1.0,68.0,44.0,0.0,38,False,True,False,False,True,11.0,1,False,0.0,0.0,0,DISC,DISC,0.0,0.0,0.0,0.0,290.0,720.0,40.0,340.0,1.0
445.0,55.0,575.0,66.0,145.0,46.0,505.0,73.2,605.0,53.0,47.0,33.6,38.0,35.0,32.0,13.0,15,ALUMINIUM,31.0,45.0,31.0,0.0,0.0,0.0,0,False,False,142.0,2.0,2.0,2.0,2.0,2.0,2.0,2.0,700.0,50.0,700.0,50.0,1.0,0,False,1.0,1.0,68.0,44.0,0.0,38,False,True,False,False,True,11.0,1,False,0.0,0.0,0,DISC,DISC,0.0,0.0,0.0,0.0,285.0,705.0,38.0,355.0,1.0
458.0,53.0,585.0,67.2,155.0,47.0,515.0,73.8,615.0,54.0,47.0,33.6,38.0,37.0,32.0,13.0,15,ALUMINIUM,33.0,47.0,33.0,0.0,0.0,0.0,0,False,False,142.0,2.0,2.0,2.0,2.0,2.0,2.0,2.0,700.0,50.0,700.0,50.0,1.0,0,False,1.0,1.0,70.0,42.0,0.0,36,False,True,False,False,True,11.0,1,False,0.0,0.0,0,DISC,DISC,0.0,0.0,0.0,0.0,280.0,715.0,38.0,360.0,1.0
470.0,50.0,600.0,68.5,150.0,50.0,500.0,74.2,630.0,56.0,47.0,33.6,38.0,37.0,28.0,13.0,15,ALUMINIUM,34.0,50.0,34.0,0.0,0.0,0.0,0,False,False,148.0,2.0,2.0,2.0,2.0,2.0,2.0,2.0,700.0,50.0,700.0,50.0,1.0,0,False,1.0,1.0,70.0,42.0,0.0,36,False,True,False,False,True,11.0,1,False,0.0,0.0,0,DISC,DISC,0.0,0.0,0.0,0.0,300.0,730.0,38.0,340.0,1.0
435.0,52.0,565.0,66.8,140.0,44.0,490.0,72.8,585.0,51.0,47.0,33.6,38.0,36.0,28.0,13.0,15,ALUMINIUM,29.0,43.0,29.0,0.0,0.0,0.0,0,False,False,142.0,2.0,2.0,2.0,2.0,2.0,2.0,2.0,700.0,50.0,700.0,50.0,1.0,0,False,1.0,1.0,70.0,42.0,0.0,36,False,True,False,False,True,11.0,1,False,0.0,0.0,0,DISC,DISC,0.0,0.0,0.0,0.0,278.0,690.0,38.0,345.0,1.0
465.0,49.0,590.0,67.9,148.0,49.0,508.0,73.6,618.0,55.0,47.0,34.9,40.0,36.0,30.0,13.0,15,ALUMINIUM,32.0,46.0,32.0,0.0,0.0,0.0,0,False,False,148.0,2.0,2.0,2.0,2.0,2.0,2.0,2.0,700.0,50.0,700.0,50.0,1.0,0,False,1.0,1.0,68.0,44.0,0.0,38,False,True,False,False,True,11.0,1,False,0.0,0.0,0,DISC,DISC,0.0,0.0,0.0,0.0,285.0,725.0,40.0,365.0,1.0
452.0,51.0,580.0,67.3,142.0,45.0,495.0,73.1,600.0,52.0,47.0,34.9,40.0,36.0,30.0,13.0,15,ALUMINIUM,30.0,45.0,30.0,0.0,0.0,0.0,0,False,False,142.0,2.0,2.0,2.0,2.0,2.0,2.0,2.0,700.0,50.0,700.0,50.0,1.0,0,False,1.0,1.0,68.0,44.0,0.0,38,False,True,False,False,True,11.0,1,False,0.0,0.0,0,DISC,DISC,0.0,0.0,0.0,0.0,280.0,700.0,40.0,350.0,1.0
0.0,50.0,630.0,66.5,120.0,50.0,520.0,74.5,620.0,42.0,40.0,30.0,36.5,23.35,23.35,13.0,15.0,ALUMINIUM,25.0,45.0,40.0,330.0,350.0,16.0,18.0,False,False,135.0,1.0,1.0,1.0,1.2,1.0,1.0,1.0,720.0,54.0,720.0,54.0,1.0,0,False,1.0,1.0,68.0,45.0,30.0,31.8,False,False,False,False,True,11.0,2,False,0.0,0.0,0,DISC,DISC,0.0,0.0,0.0,0.0,280.0,800.0,34.9,350.0,1.0
460.0,48.0,640.0,66.0,110.0,52.0,525.0,75.0,630.0,43.0,42.0,30.0,38.0,24.0,24.0,14.0,16.0,ALUMINIUM,22.0,48.0,38.0,328.0,350.0,15.0,18.0,True,False,135.0,1.0,1.0,1.0,1.2,1.0,1.0,1.0,715.0,50.0,715.0,50.0,1.0,0,False,1.0,1.0,70.0,47.0,30.0,31.8,False,True,False,False,True,9.0,1,False,0.0,0.0,0,DISC,DISC,0.0,0.0,0.0,0.0,290.0,790.0,35.0,360.0,1.0
455.0,52.0,645.0,67.0,130.0,48.0,515.0,74.0,610.0,42.5,40.0,32.0,36.5,23.5,23.5,13.5,15.5,ALUMINIUM,28.0,46.0,42.0,330.0,348.0,16.0,18.0,False,True,135.0,1.1,1.0,1.0,1.2,1.0,1.0,1.0,720.0,54.0,720.0,54.0,1.0,1,False,1.0,1.0,68.0,45.0,29.0,32.0,True,True,False,False,True,11.0,2,False,0.0,0.0,0,DISC,DISC,0.0,0.0,0.0,0.0,285.0,795.0,35.0,355.0,1.0
480.0,50.0,635.0,66.8,100.0,55.0,530.0,75.5,640.0,44.0,42.0,31.0,38.5,24.0,24.0,14.0,15.0,ALUMINIUM,20.0,50.0,35.0,332.0,352.0,16.0,18.0,True,True,135.0,1.0,1.0,1.1,1.2,1.0,1.0,1.0,710.0,52.0,710.0,52.0,1.0,0,False,1.0,1.0,66.0,44.0,30.0,31.8,False,False,False,False,True,10.0,2,False,0.0,0.0,0,DISC,DISC,0.0,0.0,0.0,0.0,295.0,805.0,34.9,365.0,1.0
465.0,53.0,655.0,67.2,115.0,51.0,518.0,74.7,615.0,42.2,40.0,32.0,36.5,23.7,23.7,13.2,15.2,ALUMINIUM,24.0,47.0,41.0,329.0,351.0,14.0,18.0,False,False,135.0,1.0,1.0,1.0,1.1,1.0,1.0,1.0,718.0,53.0,718.0,53.0,1.0,1,False,1.0,1.0,68.0,46.0,30.0,31.8,True,False,False,True,True,11.0,1,True,0.0,0.0,0,DISC,DISC,0.0,0.0,0.0,0.0,287.0,798.0,35.0,358.0,1.0
450.0,49.0,628.0,66.3,90.0,53.0,525.0,75.2,600.0,41.5,42.0,30.0,36.5,23.35,23.35,13.8,14.8,ALUMINIUM,26.0,45.0,39.0,331.0,349.0,15.0,17.0,True,True,135.0,1.0,1.0,1.0,1.1,1.0,1.0,1.0,722.0,54.0,722.0,54.0,1.0,2,False,1.0,1.0,68.0,45.0,30.0,31.8,False,True,False,False,True,12.0,2,False,0.0,0.0,0,DISC,DISC,0.0,0.0,0.0,0.0,282.0,792.0,35.0,352.0,1.0
475.0,50.5,650.0,67.8,140.0,49.0,512.0,74.3,625.0,43.5,40.5,31.5,36.5,23.4,23.4,13.3,15.7,ALUMINIUM,27.0,44.0,43.0,330.0,350.0,15.0,18.0,False,True,135.0,1.0,1.0,1.0,1.1,1.0,1.0,1.0,719.0,53.0,719.0,53.0,1.0,0,False,1.0,1.0,68.0,46.0,30.0,31.8,True,True,False,True,True,10.0,1,True,0.0,0.0,0,DISC,DISC,0.0,0.0,0.0,0.0,288.0,810.0,34.9,370.0,1.0
490.0,51.0,660.0,67.1,125.0,47.0,522.0,74.9,635.0,42.8,41.0,32.0,38.0,23.8,23.8,13.9,15.1,ALUMINIUM,23.0,49.0,37.0,334.0,353.0,16.0,18.0,True,False,135.0,1.0,1.0,1.1,1.1,1.0,1.0,1.0,711.0,52.0,711.0,52.0,1.0,1,False,1.0,1.0,68.0,45.0,30.0,31.8,False,False,True,False,True,11.0,2,False,0.0,0.0,0,DISC,DISC,0.0,0.0,0.0,0.0,293.0,820.0,35.0,375.0,1.0
485.0,49.5,638.0,66.7,105.0,54.0,528.0,75.3,618.0,43.2,42.0,30.0,36.5,23.35,23.35,13.4,15.4,ALUMINIUM,21.0,51.0,36.0,331.0,352.0,14.0,17.0,False,False,135.0,1.0,1.0,1.0,1.1,1.0,1.0,1.0,716.0,53.0,716.0,53.0,1.0,2,False,1.0,1.0,67.0,44.5,30.0,31.8,True,False,False,False,True,10.0,2,False,0.0,0.0,0,DISC,DISC,0.0,0.0,0.0,0.0,281.0,802.0,34.9,362.0,1.0
440.0,50.0,620.0,65.8,95.0,46.0,510.0,75.7,605.0,41.8,40.0,30.0,36.5,23.35,23.35,13.1,14.9,ALUMINIUM,19.0,43.0,34.0,333.0,350.0,15.0,18.0,True,True,135.0,1.0,1.0,1.0,1.2,1.0,1.0,1.0,723.0,54.0,723.0,54.0,1.0,0,False,1.0,1.0,69.0,45.0,30.0,31.8,False,True,False,True,True,12.0,1,False,0.0,0.0,0,DISC,DISC,0.0,0.0,0.0,0.0,278.0,790.0,35.0,345.0,1.0
430.0,70.0,600.0,67.5,140.0,45.0,550.0,73.5,650.0,50.0,45.0,33.6,36.5,30.0,30.0,13.0,15.0,ALUMINIUM,33.0,50.0,45.0,330.0,350.0,16.0,18.0,False,False,135.0,2.0,1.0,1.0,1.0,1.2,1.0,1.0,674.0,52.0,674.0,52.0,1.0,1,False,1.0,1.0,68.0,45.0,0.0,31.8,True,True,False,False,True,11.0,2,False,0.0,0.0,0,DISC,SPOKED,0.0,0.0,0.0,0.0,280.0,760.0,34.9,320.0,1.0
440.0,75.0,610.0,68.5,150.0,50.0,560.0,73.0,655.0,55.0,45.0,34.0,37.0,31.0,31.0,13.0,15.0,ALUMINIUM,35.0,48.0,47.0,335.0,355.0,16.0,18.0,False,False,135.0,2.0,1.0,1.0,1.0,1.2,1.0,1.0,674.0,52.0,674.0,52.0,1.0,2,False,1.0,1.0,70.0,48.0,0.0,31.8,False,True,False,False,True,12.0,2,True,0.0,0.0,0,SPOKED,DISC,0.0,0.0,0.0,0.0,290.0,750.0,35.0,330.0,1.0
435.0,68.0,605.0,67.0,145.0,47.0,555.0,74.0,645.0,52.0,45.0,33.0,36.0,30.0,30.0,14.0,14.0,ALUMINIUM,34.0,47.0,46.0,332.0,352.0,15.0,17.0,False,False,135.0,2.0,1.0,1.0,1.0,1.2,1.0,1.0,674.0,52.0,674.0,52.0,1.0,0,False,1.0,1.0,68.0,44.0,0.0,31.8,True,False,False,False,True,11.0,3,False,0.0,0.0,0,SPOKED,SPOKED,0.0,0.0,0.0,0.0,300.0,765.0,34.9,310.0,1.0
450.0,72.0,615.0,69.0,160.0,48.0,565.0,73.5,660.0,53.0,45.0,34.0,37.0,31.0,31.0,12.0,16.0,ALUMINIUM,36.0,50.0,48.0,338.0,358.0,17.0,19.0,False,False,135.0,2.0,1.0,1.0,1.0,1.2,1.0,1.0,674.0,52.0,674.0,52.0,1.0,1,False,1.0,1.0,73.0,50.0,0.0,31.8,False,True,False,False,True,10.0,2,False,0.0,0.0,0,DISC,DISC,0.0,0.0,0.0,0.0,285.0,755.0,35.0,340.0,1.0
438.0,69.0,602.0,67.8,138.0,46.0,548.0,74.2,648.0,49.0,45.0,33.5,36.5,29.5,29.5,13.5,15.0,ALUMINIUM,32.5,49.0,45.5,331.0,351.0,16.0,18.0,False,False,135.0,2.0,1.0,1.0,1.0,1.2,1.0,1.0,674.0,52.0,674.0,52.0,1.0,2,False,1.0,1.0,68.0,46.0,0.0,31.8,True,True,False,False,True,11.0,2,True,0.0,0.0,0,SPOKED,SPOKED,0.0,0.0,0.0,0.0,295.0,762.0,34.9,315.0,1.0
442.0,74.0,612.0,68.0,152.0,49.0,562.0,73.0,658.0,54.0,45.0,34.0,37.0,31.0,31.0,13.0,17.0,ALUMINIUM,35.5,51.0,47.5,336.0,356.0,17.0,19.0,False,False,135.0,2.0,1.0,1.0,1.0,1.2,1.0,1.0,674.0,52.0,674.0,52.0,1.0,0,False,1.0,1.0,70.0,49.0,0.0,31.8,False,False,True,True,True,10.0,3,False,0.0,0.0,0,SPOKED,DISC,0.0,0.0,0.0,0.0,300.0,755.0,35.0,325.0,1.0
445.0,71.0,607.0,67.2,146.0,47.0,558.0,74.5,652.0,51.0,45.0,33.8,36.8,30.5,30.5,13.0,15.0,ALUMINIUM,34.0,50.0,46.5,333.0,353.0,16.0,18.0,False,False,135.0,2.0,1.0,1.0,1.0,1.2,1.0,1.0,674.0,52.0,674.0,52.0,1.0,1,False,1.0,1.0,69.0,47.0,0.0,31.8,True,False,False,True,True,12.0,2,True,0.0,0.0,0,SPOKED,SPOKED,0.0,0.0,0.0,0.0,288.0,768.0,35.0,318.0,1.0
432.0,68.0,603.0,68.8,142.0,45.0,552.0,73.8,648.0,50.0,45.0,33.2,36.2,29.8,29.8,14.0,14.0,ALUMINIUM,33.0,48.0,45.0,330.0,350.0,15.0,17.0,False,False,135.0,2.0,1.0,1.0,1.0,1.2,1.0,1.0,674.0,52.0,674.0,52.0,1.0,2,False,1.0,1.0,68.0,45.0,0.0,31.8,False,True,True,False,True,11.0,2,False,0.0,0.0,0,DISC,SPOKED,0.0,0.0,0.0,0.0,292.0,760.0,34.9,310.0,1.0
447.0,73.0,618.0,69.2,158.0,48.0,568.0,73.0,665.0,55.0,45.0,34.0,37.0,31.0,31.0,13.0,16.0,ALUMINIUM,36.0,52.0,48.0,339.0,359.0,17.0,19.0,False,False,135.0,2.0,1.0,1.0,1.0,1.2,1.0,1.0,674.0,52.0,674.0,52.0,1.0,1,False,1.0,1.0,72.0,49.0,0.0,31.8,True,True,False,True,True,10.0,3,True,0.0,0.0,0,SPOKED,DISC,0.0,0.0,0.0,0.0,305.0,750.0,35.0,330.0,1.0
434.0,66.0,598.0,67.6,136.0,46.0,546.0,74.4,642.0,48.0,45.0,33.4,36.4,29.9,29.9,14.0,14.5,ALUMINIUM,32.8,47.0,45.2,331.0,351.0,15.5,17.5,False,False,135.0,2.0,1.0,1.0,1.0,1.2,1.0,1.0,674.0,52.0,674.0,52.0,1.0,0,False,1.0,1.0,67.0,44.0,0.0,31.8,False,False,False,False,True,11.0,2,False,0.0,0.0,0,SPOKED,SPOKED,0.0,0.0,0.0,0.0,298.0,763.0,34.9,312.0,1.0
405.0,70.0,580.0,66.5,90.0,45.0,520.0,72.5,600.0,45.0,40.0,42.0,38.0,36.5,30.0,15.0,9.0,ALUMINIUM,30.0,40.0,35.0,0.0,0.0,0.0,0.0,False,False,135.0,2.0,0.9,1.1,0.9,1.2,1.0,0.9,690.0,100.0,690.0,100.0,1.0,1,False,1.0,1.0,68.0,45.0,0.0,31.8,False,True,False,False,True,11.0,1,False,0.0,0.0,0,SPOKED,SPOKED,0.0,0.0,0.0,0.0,280.0,750.0,34.9,350.0,1.0
410.0,70.0,590.0,67.0,95.0,50.0,530.0,73.0,610.0,45.0,40.0,43.0,39.0,36.0,30.5,15.0,9.0,ALUMINIUM,30.0,40.0,35.0,0.0,0.0,0.0,0.0,False,False,135.0,2.0,0.9,1.1,0.9,1.2,1.0,0.9,690.0,100.0,690.0,100.0,1.0,1,False,1.0,1.0,68.0,45.0,0.0,31.8,False,True,False,False,True,11.0,1,False,0.0,0.0,0,SPOKED,SPOKED,0.0,0.0,0.0,0.0,280.0,760.0,34.9,350.0,1.0
415.0,70.0,600.0,67.5,100.0,55.0,540.0,73.5,620.0,45.0,40.0,41.0,40.0,37.0,29.5,15.0,9.0,ALUMINIUM,30.0,40.0,35.0,0.0,0.0,0.0,0.0,False,False,135.0,2.0,0.9,1.1,0.9,1.2,1.0,0.9,690.0,100.0,690.0,100.0,1.0,1,False,1.0,1.0,68.0,45.0,0.0,31.8,False,True,False,False,True,11.0,1,False,0.0,0.0,0,SPOKED,SPOKED,0.0,0.0,0.0,0.0,280.0,740.0,34.9,350.0,1.0
420.0,70.0,610.0,68.0,105.0,60.0,550.0,74.0,630.0,45.0,40.0,40.0,41.0,35.5,31.0,15.0,9.0,ALUMINIUM,30.0,40.0,35.0,0.0,0.0,0.0,0.0,False,False,135.0,2.0,0.9,1.1,0.9,1.2,1.0,0.9,690.0,100.0,690.0,100.0,1.0,1,False,1.0,1.0,68.0,45.0,0.0,31.8,False,True,False,False,True,11.0,1,False,0.0,0.0,0,SPOKED,SPOKED,0.0,0.0,0.0,0.0,280.0,755.0,34.9,350.0,1.0
425.0,70.0,620.0,66.0,110.0,45.0,560.0,74.5,640.0,45.0,40.0,44.0,42.0,37.5,31.5,15.0,9.0,ALUMINIUM,30.0,40.0,35.0,0.0,0.0,0.0,0.0,False,False,135.0,2.0,0.9,1.1,0.9,1.2,1.0,0.9,690.0,100.0,690.0,100.0,1.0,1,False,1.0,1.0,68.0,45.0,0.0,31.8,False,True,False,False,True,11.0,1,False,0.0,0.0,0,SPOKED,SPOKED,0.0,0.0,0.0,0.0,280.0,745.0,34.9,350.0,1.0
430.0,70.0,630.0,65.5,115.0,50.0,570.0,73.0,650.0,45.0,40.0,45.0,43.0,36.0,29.0,15.0,9.0,ALUMINIUM,30.0,40.0,35.0,0.0,0.0,0.0,0.0,False,False,135.0,2.0,0.9,1.1,0.9,1.2,1.0,0.9,690.0,100.0,690.0,100.0,1.0,1,False,1.0,1.0,68.0,45.0,0.0,31.8,False,True,False,False,True,11.0,1,False,0.0,0.0,0,SPOKED,SPOKED,0.0,0.0,0.0,0.0,280.0,765.0,34.9,350.0,1.0
435.0,70.0,640.0,67.0,120.0,55.0,580.0,72.0,605.0,45.0,40.0,42.5,37.0,36.5,30.0,15.0,9.0,ALUMINIUM,30.0,40.0,35.0,0.0,0.0,0.0,0.0,False,False,135.0,2.0,0.9,1.1,0.9,1.2,1.0,0.9,690.0,100.0,690.0,100.0,1.0,1,False,1.0,1.0,68.0,45.0,0.0,31.8,False,True,False,False,True,11.0,1,False,0.0,0.0,0,SPOKED,SPOKED,0.0,0.0,0.0,0.0,280.0,750.0,34.9,350.0,1.0
400.0,70.0,650.0,68.5,125.0,60.0,590.0,75.0,615.0,45.0,40.0,43.5,36.0,35.0,30.5,15.0,9.0,ALUMINIUM,30.0,40.0,35.0,0.0,0.0,0.0,0.0,False,False,135.0,2.0,0.9,1.1,0.9,1.2,1.0,0.9,690.0,100.0,690.0,100.0,1.0,1,False,1.0,1.0,68.0,45.0,0.0,31.8,False,True,False,False,True,11.0,1,False,0.0,0.0,0,SPOKED,SPOKED,0.0,0.0,0.0,0.0,280.0,755.0,34.9,350.0,1.0
395.0,70.0,660.0,66.8,130.0,50.0,600.0,73.8,625.0,45.0,40.0,41.5,44.0,36.5,29.8,15.0,9.0,ALUMINIUM,30.0,40.0,35.0,0.0,0.0,0.0,0.0,False,False,135.0,2.0,0.9,1.1,0.9,1.2,1.0,0.9,690.0,100.0,690.0,100.0,1.0,1,False,1.0,1.0,68.0,45.0,0.0,31.8,False,True,False,False,True,11.0,1,False,0.0,0.0,0,SPOKED,SPOKED,0.0,0.0,0.0,0.0,280.0,760.0,34.9,350.0,1.0
390.0,70.0,670.0,67.2,100.0,45.0,550.0,74.2,635.0,45.0,40.0,44.5,45.0,38.0,31.2,15.0,9.0,ALUMINIUM,30.0,40.0,35.0,0.0,0.0,0.0,0.0,False,False,135.0,2.0,0.9,1.1,0.9,1.2,1.0,0.9,690.0,100.0,690.0,100.0,1.0,1,False,1.0,1.0,68.0,45.0,0.0,31.8,False,True,False,False,True,11.0,1,False,0.0,0.0,0,SPOKED,SPOKED,0.0,0.0,0.0,0.0,280.0,750.0,34.9,350.0,1.0
395.0,45.0,590.0,67.5,120.0,45.0,480.0,73.5,620.0,50.0,40.0,33.7,28.6,25.0,25.0,13.0,15.0,ALUMINIUM,8.0,40.0,50.0,0.0,0.0,0.0,0.0,False,False,142.0,2.0,2.0,2.0,2.5,2.0,1.8,2.0,737.0,50.0,737.0,50.0,1.0,1,False,1.0,1.0,68.0,44.0,0.0,34.9,True,True,False,False,True,12.0,1,False,0.0,0.0,0,SPOKED,SPOKED,0.0,0.0,0.0,0.0,275.0,760.0,28.6,400.0,1.0
405.0,50.0,605.0,68.0,130.0,50.0,490.0,74.0,630.0,45.0,40.0,35.0,30.0,26.0,26.0,13.0,15.0,ALUMINIUM,8.0,40.0,50.0,0.0,0.0,0.0,0.0,False,False,142.0,2.1,2.0,2.0,2.5,2.0,1.8,2.0,737.0,50.0,737.0,50.0,1.0,2,False,1.0,1.0,68.0,44.0,0.0,34.9,True,True,False,False,True,11.0,1,False,0.0,0.0,0,SPOKED,SPOKED,0.0,0.0,0.0,0.0,275.0,765.0,28.6,400.0,1.0
410.0,48.0,600.0,67.0,125.0,44.0,470.0,73.0,615.0,50.0,40.0,33.7,28.6,25.0,25.0,13.0,15.0,ALUMINIUM,8.0,40.0,50.0,0.0,0.0,0.0,0.0,False,False,142.0,2.0,2.1,2.0,2.5,2.0,1.8,2.0,737.0,50.0,737.0,50.0,1.0,0,False,1.0,1.0,68.0,44.0,0.0,34.9,True,True,False,False,True,11.0,2,False,0.0,0.0,0,SPOKED,SPOKED,0.0,0.0,0.0,0.0,275.0,760.0,28.6,400.0,1.0
400.0,46.0,595.0,68.5,135.0,46.0,485.0,74.0,625.0,55.0,40.0,33.7,28.6,25.0,25.0,13.0,15.0,ALUMINIUM,8.0,40.0,50.0,0.0,0.0,0.0,0.0,False,False,142.0,2.0,2.0,2.1,2.5,2.0,1.8,2.0,737.0,50.0,737.0,50.0,1.0,1,False,1.0,1.0,68.0,44.0,0.0,34.9,True,True,False,False,True,12.0,1,False,0.0,0.0,0,SPOKED,SPOKED,0.0,0.0,0.0,0.0,275.0,755.0,28.6,400.0,1.0
420.0,55.0,620.0,66.5,140.0,52.0,500.0,73.5,650.0,50.0,40.0,33.7,28.6,25.0,25.0,13.0,15.0,ALUMINIUM,8.0,40.0,50.0,0.0,0.0,0.0,0.0,False,False,142.0,2.5,2.0,2.0,2.5,2.0,1.8,2.0,737.0,50.0,737.0,50.0,1.0,2,False,1.0,1.0,68.0,44.0,0.0,34.9,True,True,False,False,True,11.0,1,False,0.0,0.0,0,SPOKED,SPOKED,0.0,0.0,0.0,0.0,275.0,770.0,28.6,400.0,1.0
390.0,44.0,585.0,69.0,115.0,44.0,475.0,73.0,605.0,48.0,40.0,33.7,28.6,25.0,25.0,13.0,15.0,ALUMINIUM,8.0,40.0,50.0,0.0,0.0,0.0,0.0,False,False,142.0,2.0,2.0,2.0,2.2,2.0,1.8,2.0,737.0,50.0,737.0,50.0,1.0,0,False,1.0,1.0,68.0,44.0,0.0,34.9,True,True,False,False,True,12.0,1,False,0.0,0.0,0,SPOKED,SPOKED,0.0,0.0,0.0,0.0,275.0,750.0,28.6,400.0,1.0
415.0,49.0,610.0,67.8,128.0,48.0,492.0,73.8,635.0,52.0,40.0,33.7,28.6,25.0,25.0,13.0,15.0,ALUMINIUM,8.0,40.0,50.0,0.0,0.0,0.0,0.0,False,False,142.0,2.0,2.0,2.0,2.5,2.0,1.8,2.0,737.0,50.0,737.0,50.0,1.0,1,False,1.0,1.0,68.0,44.0,0.0,34.9,True,True,False,False,True,12.0,1,False,0.0,0.0,0,SPOKED,SPOKED,0.0,0.0,0.0,0.0,275.0,765.0,28.6,400.0,1.0
405.0,47.0,598.0,68.2,122.0,45.0,480.0,74.2,620.0,49.0,40.0,33.7,28.6,25.0,25.0,13.0,15.0,ALUMINIUM,8.0,40.0,50.0,0.0,0.0,0.0,0.0,False,False,142.0,2.0,2.0,2.0,2.5,2.0,1.8,2.0,737.0,50.0,737.0,50.0,1.0,0,False,1.0,1.0,68.0,44.0,0.0,34.9,True,True,False,False,True,11.0,1,False,0.0,0.0,0,SPOKED,SPOKED,0.0,0.0,0.0,0.0,275.0,760.0,28.6,400.0,1.0
395.0,43.0,580.0,69.5,110.0,42.0,470.0,74.5,595.0,46.0,40.0,33.7,28.6,25.0,25.0,13.0,15.0,ALUMINIUM,8.0,40.0,50.0,0.0,0.0,0.0,0.0,False,False,142.0,2.0,2.0,2.0,2.5,2.0,1.8,2.0,737.0,50.0,737.0,50.0,1.0,2,False,1.0,1.0,68.0,44.0,0.0,34.9,True,True,False,False,True,12.0,1,False,0.0,0.0,0,SPOKED,SPOKED,0.0,0.0,0.0,0.0,275.0,755.0,28.6,400.0,1.0
430.0,52.0,625.0,66.8,145.0,55.0,505.0,73.2,655.0,50.0,40.0,33.7,28.6,25.0,25.0,13.0,15.0,ALUMINIUM,8.0,40.0,50.0,0.0,0.0,0.0,0.0,False,False,142.0,2.0,2.0,2.0,2.5,2.0,1.8,2.0,737.0,50.0,737.0,50.0,1.0,1,False,1.0,1.0,68.0,44.0,0.0,34.9,True,True,False,False,True,11.0,1,False,0.0,0.0,0,SPOKED,SPOKED,0.0,0.0,0.0,0.0,275.0,775.0,28.6,400.0,1.0
480.0,75.0,560.0,68.0,120.0,60.0,540.0,74.0,640.0,50.0,45.0,28.6,36.5,23.0,30.0,13.0,15.0,ALUMINIUM,28.0,50.0,40.0,330.0,350.0,16.0,18.0,False,False,135.0,2.0,0.9,1.1,0.9,1.2,1.0,0.9,650.0,52.0,650.0,52.0,1.0,0,False,1.0,1.0,68.0,45.0,0.0,31.8,False,True,False,False,True,10.0,1,False,0.0,0.0,0,SPOKED,SPOKED,0.0,0.0,0.0,0.0,280.0,700.0,34.9,300.0,1.0
500.0,80.0,580.0,66.0,140.0,70.0,560.0,75.0,660.0,60.0,45.0,30.0,36.5,24.0,32.0,13.0,15.0,ALUMINIUM,30.0,55.0,42.0,330.0,350.0,16.0,18.0,False,False,135.0,2.0,0.9,1.1,0.9,1.2,1.0,0.9,650.0,50.0,650.0,50.0,1.0,1,False,1.0,1.0,68.0,45.0,0.0,31.8,False,True,False,False,True,11.0,1,False,0.0,0.0,0,SPOKED,SPOKED,0.0,0.0,0.0,0.0,285.0,710.0,34.9,320.0,1.0
460.0,70.0,550.0,70.0,110.0,50.0,530.0,73.0,630.0,55.0,45.0,28.6,36.5,23.0,30.0,13.0,15.0,ALUMINIUM,29.0,52.0,41.0,330.0,350.0,16.0,18.0,True,True,140.0,2.0,0.9,1.1,0.9,1.2,1.0,0.9,650.0,50.0,650.0,50.0,1.0,2,False,1.0,1.0,68.0,45.0,0.0,31.8,True,False,True,False,True,10.0,2,False,0.0,0.0,0,SPOKED,SPOKED,0.0,0.0,0.0,0.0,278.0,690.0,34.9,300.0,1.0
450.0,75.0,540.0,69.0,115.0,55.0,540.0,74.0,640.0,55.0,45.0,32.0,38.0,25.0,32.0,13.0,15.0,ALUMINIUM,31.0,54.0,43.0,330.0,350.0,16.0,18.0,False,False,135.0,2.0,1.0,1.2,1.0,1.3,1.1,1.0,650.0,52.0,650.0,52.0,1.0,0,False,1.0,1.0,70.0,47.0,0.0,32.0,False,True,True,False,True,12.0,2,False,0.0,0.0,0,SPOKED,SPOKED,0.0,0.0,0.0,0.0,290.0,720.0,35.0,310.0,1.0
495.0,65.0,570.0,67.0,130.0,65.0,550.0,76.0,650.0,50.0,45.0,28.6,36.5,24.0,30.0,13.0,15.0,ALUMINIUM,27.0,53.0,45.0,330.0,350.0,16.0,18.0,True,True,140.0,2.0,0.9,1.1,0.9,1.2,1.0,0.9,650.0,50.0,650.0,50.0,1.0,1,False,1.0,1.0,68.0,45.0,0.0,31.8,True,True,False,True,True,10.0,1,True,0.0,0.0,0,SPOKED,SPOKED,0.0,0.0,0.0,0.0,280.0,705.0,34.9,300.0,1.0
475.0,72.0,555.0,71.0,125.0,60.0,545.0,73.0,630.0,60.0,45.0,30.0,36.5,23.0,30.0,13.0,15.0,ALUMINIUM,29.0,51.0,42.0,330.0,350.0,16.0,18.0,False,False,135.0,2.0,0.9,1.1,0.9,1.2,1.0,0.9,650.0,52.0,650.0,52.0,1.0,2,False,1.0,1.0,68.0,45.0,0.0,31.8,False,False,False,False,True,11.0,1,False,0.0,0.0,0,SPOKED,SPOKED,0.0,0.0,0.0,0.0,285.0,695.0,34.9,320.0,1.0
490.0,68.0,565.0,69.0,118.0,58.0,550.0,72.0,635.0,55.0,45.0,28.6,36.5,25.0,32.0,13.0,15.0,ALUMINIUM,30.0,50.0,41.0,330.0,350.0,16.0,18.0,True,False,140.0,2.0,0.9,1.1,0.9,1.2,1.0,0.9,650.0,52.0,650.0,52.0,1.0,1,False,1.0,1.0,68.0,45.0,0.0,31.8,True,False,True,False,True,10.0,2,False,0.0,0.0,0,SPOKED,SPOKED,0.0,0.0,0.0,0.0,290.0,710.0,34.9,300.0,1.0
460.0,73.0,558.0,70.0,122.0,62.0,545.0,75.0,645.0,50.0,45.0,30.0,36.5,24.0,30.0,13.0,15.0,ALUMINIUM,28.0,52.0,43.0,330.0,350.0,16.0,18.0,False,True,135.0,2.0,0.9,1.1,0.9,1.2,1.0,0.9,650.0,50.0,650.0,50.0,1.0,0,False,1.0,1.0,68.0,45.0,0.0,31.8,False,True,False,True,True,12.0,1,False,0.0,0.0,0,SPOKED,SPOKED,0.0,0.0,0.0,0.0,280.0,695.0,34.9,320.0,1.0
485.0,77.0,570.0,68.0,135.0,68.0,560.0,74.0,650.0,60.0,45.0,28.6,36.5,23.0,30.0,13.0,15.0,ALUMINIUM,32.0,58.0,44.0,330.0,350.0,16.0,18.0,True,True,140.0,2.0,0.9,1.1,0.9,1.2,1.0,0.9,650.0,52.0,650.0,52.0,1.0,2,False,1.0,1.0,68.0,45.0,0.0,31.8,True,True,True,False,True,11.0,2,True,0.0,0.0,0,SPOKED,SPOKED,0.0,0.0,0.0,0.0,285.0,705.0,34.9,310.0,1.0
470.0,70.0,560.0,72.0,105.0,45.0,525.0,73.0,620.0,55.0,45.0,28.6,36.5,23.0,30.0,13.0,15.0,ALUMINIUM,26.0,50.0,38.0,330.0,350.0,16.0,18.0,False,False,135.0,2.0,0.9,1.1,0.9,1.2,1.0,0.9,650.0,52.0,650.0,52.0,1.0,1,False,1.0,1.0,68.0,45.0,0.0,31.8,False,False,False,False,True,10.0,1,False,0.0,0.0,0,SPOKED,SPOKED,0.0,0.0,0.0,0.0,278.0,700.0,34.9,295.0,1.0
430.0,65.0,630.0,67.0,140.0,50.0,570.0,74.0,650.0,55.0,50.0,30.0,35.0,36.5,32.0,15.0,15.0,ALUMINIUM,30.0,50.0,40.0,330.0,350.0,16.0,18.0,False,False,135.0,2.0,1.0,1.1,0.9,1.2,1.0,1.0,680.0,50.0,680.0,50.0,1.0,1,False,1.0,1.0,68.0,45.0,692.0,31.8,False,True,False,False,True,12.0,1,False,0.0,0.0,0,SPOKED,SPOKED,0.0,0.0,0.0,0.0,280.0,740.0,34.9,300.0,1.0
440.0,60.0,620.0,68.5,155.0,45.0,560.0,73.5,640.0,50.0,52.0,32.5,37.0,36.5,32.0,16.0,14.5,ALUMINIUM,32.0,48.0,38.0,335.0,345.0,16.0,18.0,False,False,140.0,2.0,1.2,1.1,1.0,1.1,1.0,1.1,650.0,55.0,650.0,55.0,1.0,0,False,1.0,1.0,68.0,44.0,690.0,31.6,False,True,False,False,True,10.0,1,False,0.0,0.0,0,SPOKED,DISC,0.0,0.0,0.0,0.0,290.0,730.0,36.5,310.0,1.0
460.0,62.0,610.0,67.0,150.0,60.0,580.0,74.0,655.0,52.0,50.0,30.0,36.0,36.5,33.0,14.0,15.0,ALUMINIUM,28.0,52.0,42.0,330.0,350.0,16.0,18.0,False,False,142.0,2.0,1.1,1.2,1.0,1.1,1.0,1.2,690.0,60.0,690.0,60.0,1.0,2,False,1.0,3.0,68.0,46.0,700.0,32.0,False,True,False,False,True,12.0,2,False,0.0,0.0,0,SPOKED,SPOKED,0.0,0.0,0.0,0.0,285.0,735.0,34.9,300.0,1.0
420.0,58.0,600.0,66.5,135.0,55.0,550.0,74.5,635.0,58.0,48.0,28.0,34.0,36.5,32.5,14.0,15.0,ALUMINIUM,26.0,45.0,36.0,332.0,348.0,17.0,0.0,True,False,138.0,2.0,1.0,1.1,0.9,1.2,1.0,1.0,675.0,52.0,675.0,52.0,1.0,1,False,1.0,1.0,68.0,45.0,695.0,31.8,False,True,False,False,True,11.0,1,False,0.0,0.0,0,SPOKED,SPOKED,0.0,0.0,0.0,0.0,278.0,725.0,34.9,300.0,1.0
450.0,55.0,620.0,68.0,145.0,50.0,565.0,73.0,645.0,53.0,50.0,30.0,35.5,36.5,33.0,15.0,15.0,ALUMINIUM,29.0,50.0,39.0,330.0,350.0,0.0,0.0,False,False,140.0,2.0,1.1,1.0,1.0,1.2,1.0,1.1,685.0,58.0,685.0,58.0,1.0,1,False,1.0,1.0,68.0,45.0,693.0,31.8,False,True,False,False,True,10.0,2,False,0.0,0.0,0,SPOKED,SPOKED,0.0,0.0,0.0,0.0,282.0,738.0,34.9,300.0,1.0
480.0,50.0,650.0,66.0,160.0,52.0,590.0,75.0,665.0,57.0,56.0,33.0,37.0,36.5,34.0,16.0,14.0,ALUMINIUM,35.0,55.0,45.0,330.0,350.0,0.0,0.0,False,False,145.0,2.0,1.0,1.2,0.9,1.1,1.0,1.0,700.0,65.0,700.0,65.0,1.0,1,False,1.0,1.0,68.0,45.0,698.0,31.8,False,True,False,False,True,12.0,1,False,0.0,0.0,0,SPOKED,SPOKED,0.0,0.0,0.0,0.0,295.0,745.0,34.9,300.0,1.0
465.0,54.0,640.0,67.5,155.0,58.0,575.0,74.0,660.0,55.0,50.0,30.5,36.0,36.5,33.5,15.0,16.0,ALUMINIUM,33.0,53.0,43.0,330.0,350.0,17.0,18.0,True,True,140.0,2.0,1.1,1.1,1.0,1.2,1.0,1.0,695.0,62.0,695.0,62.0,1.0,1,False,1.0,1.0,68.0,45.0,697.0,31.8,False,True,False,False,True,11.0,1,False,0.0,0.0,0,SPOKED,SPOKED,0.0,0.0,0.0,0.0,280.0,742.0,34.9,300.0,1.0
438.0,61.0,610.0,68.8,142.0,54.0,555.0,73.0,648.0,54.0,50.0,31.0,35.8,36.5,32.8,15.0,15.0,ALUMINIUM,31.0,49.0,40.0,330.0,350.0,0.0,0.0,False,False,138.0,2.0,1.0,1.1,0.9,1.2,1.0,1.0,680.0,55.0,680.0,55.0,1.0,2,False,1.0,1.0,68.0,45.0,694.0,31.8,False,True,False,False,True,12.0,2,False,0.0,0.0,0,SPOKED,SPOKED,0.0,0.0,0.0,0.0,276.0,738.0,34.9,300.0,1.0
450.0,58.0,625.0,67.2,148.0,56.0,580.0,74.5,660.0,53.0,48.0,30.0,36.0,36.5,33.0,15.0,15.0,ALUMINIUM,29.0,51.0,42.0,330.0,350.0,16.0,18.0,False,False,142.0,2.0,1.2,1.0,1.0,1.1,1.0,1.0,690.0,60.0,690.0,60.0,1.0,0,False,1.0,1.0,68.0,45.0,696.0,31.8,False,True,False,False,True,11.0,1,False,0.0,0.0,0,SPOKED,SPOKED,0.0,0.0,0.0,0.0,285.0,740.0,34.9,300.0,1.0
470.0,53.0,655.0,66.7,162.0,59.0,595.0,75.0,670.0,56.0,52.0,32.0,37.0,36.5,34.0,14.0,14.0,ALUMINIUM,36.0,56.0,46.0,330.0,350.0,17.0,18.0,True,True,145.0,2.0,1.1,1.2,0.9,1.1,1.0,1.2,700.0,65.0,700.0,65.0,1.0,1,False,1.0,1.0,68.0,45.0,699.0,31.8,False,True,False,False,True,12.0,2,False,0.0,0.0,0,SPOKED,SPOKED,0.0,0.0,0.0,0.0,290.0,748.0,34.9,300.0,1.0
430.0,30.0,600.0,67.0,110.0,120.0,430.0,73.0,650.0,50.0,40.0,28.6,36.5,23.35,23.35,13.0,15.0,ALUMINIUM,30.0,40.0,50.0,330.0,350.0,16.0,18.0,False,False,141.0,2.0,1.0,1.1,1.2,1.0,0.9,1.0,734.0,48.0,734.0,48.0,1.0,2,False,1.0,1.0,68.0,45.0,0.0,31.8,False,True,False,False,True,12.0,1,False,0.0,0.0,0,SPOKED,SPOKED,0.0,0.0,0.0,0.0,278.0,760.0,36.5,350.0,1.0
425.0,30.0,610.0,66.5,105.0,120.0,450.0,73.5,655.0,50.0,40.0,28.6,36.5,23.35,23.35,13.0,15.0,ALUMINIUM,30.0,40.0,50.0,330.0,350.0,16.0,18.0,False,False,141.0,2.0,1.0,1.1,1.2,1.0,0.9,1.0,734.0,48.0,734.0,48.0,1.0,2,False,1.0,1.0,68.0,45.0,0.0,31.8,False,True,False,False,True,12.0,1,False,0.0,0.0,0,SPOKED,SPOKED,0.0,0.0,0.0,0.0,278.0,780.0,36.5,350.0,1.0
435.0,35.0,620.0,67.5,115.0,120.0,470.0,74.0,660.0,52.0,40.0,28.6,36.5,23.35,23.35,13.0,15.0,ALUMINIUM,30.0,40.0,50.0,330.0,350.0,16.0,18.0,False,False,141.0,2.0,1.0,1.1,1.2,1.0,0.9,1.0,734.0,48.0,734.0,48.0,1.0,2,False,1.0,1.0,68.0,45.0,0.0,31.8,False,True,False,False,True,12.0,1,False,0.0,0.0,0,SPOKED,SPOKED,0.0,0.0,0.0,0.0,278.0,800.0,36.5,350.0,1.0
440.0,30.0,630.0,66.0,120.0,120.0,490.0,72.5,645.0,48.0,40.0,28.6,36.5,23.35,23.35,13.0,15.0,ALUMINIUM,30.0,40.0,50.0,330.0,350.0,16.0,18.0,False,False,141.0,2.0,1.0,1.1,1.2,1.0,0.9,1.0,734.0,48.0,734.0,48.0,1.0,2,False,1.0,1.0,68.0,45.0,0.0,31.8,False,True,False,False,True,12.0,1,False,0.0,0.0,0,SPOKED,SPOKED,0.0,0.0,0.0,0.0,278.0,820.0,36.5,350.0,1.0
430.0,25.0,640.0,68.0,100.0,120.0,510.0,73.0,660.0,55.0,40.0,28.6,36.5,23.35,23.35,13.0,15.0,ALUMINIUM,30.0,40.0,50.0,330.0,350.0,16.0,18.0,False,False,141.0,2.0,1.0,1.1,1.2,1.0,0.9,1.0,734.0,48.0,734.0,48.0,1.0,2,False,1.0,1.0,68.0,45.0,0.0,31.8,False,True,False,False,True,12.0,1,False,0.0,0.0,0,SPOKED,SPOKED,0.0,0.0,0.0,0.0,278.0,840.0,36.5,350.0,1.0
435.0,40.0,650.0,67.0,125.0,120.0,530.0,73.5,675.0,60.0,40.0,28.6,36.5,23.35,23.35,13.0,15.0,ALUMINIUM,30.0,40.0,50.0,330.0,350.0,16.0,18.0,False,False,141.0,2.0,1.0,1.1,1.2,1.0,0.9,1.0,734.0,48.0,734.0,48.0,1.0,2,False,1.0,1.0,68.0,45.0,0.0,31.8,False,True,False,False,True,12.0,1,False,0.0,0.0,0,SPOKED,SPOKED,0.0,0.0,0.0,0.0,278.0,860.0,36.5,350.0,1.0
420.0,30.0,660.0,65.0,130.0,120.0,550.0,73.0,680.0,47.0,40.0,28.6,36.5,23.35,23.35,13.0,15.0,ALUMINIUM,30.0,40.0,50.0,330.0,350.0,16.0,18.0,False,False,141.0,2.0,1.0,1.1,1.2,1.0,0.9,1.0,734.0,48.0,734.0,48.0,1.0,2,False,1.0,1.0,68.0,45.0,0.0,31.8,False,True,False,False,True,12.0,1,False,0.0,0.0,0,SPOKED,SPOKED,0.0,0.0,0.0,0.0,278.0,880.0,36.5,350.0,1.0
425.0,35.0,670.0,67.0,115.0,120.0,570.0,72.8,670.0,52.0,40.0,28.6,36.5,23.35,23.35,13.0,15.0,ALUMINIUM,30.0,40.0,50.0,330.0,350.0,16.0,18.0,False,False,141.0,2.0,1.0,1.1,1.2,1.0,0.9,1.0,734.0,48.0,734.0,48.0,1.0,2,False,1.0,1.0,68.0,45.0,0.0,31.8,False,True,False,False,True,12.0,1,False,0.0,0.0,0,SPOKED,SPOKED,0.0,0.0,0.0,0.0,278.0,900.0,36.5,350.0,1.0
430.0,30.0,680.0,66.8,110.0,120.0,590.0,73.2,660.0,50.0,40.0,28.6,36.5,23.35,23.35,13.0,15.0,ALUMINIUM,30.0,40.0,50.0,330.0,350.0,16.0,18.0,False,False,141.0,2.0,1.0,1.1,1.2,1.0,0.9,1.0,734.0,48.0,734.0,48.0,1.0,2,False,1.0,1.0,68.0,45.0,0.0,31.8,False,True,False,False,True,12.0,1,False,0.0,0.0,0,SPOKED,SPOKED,0.0,0.0,0.0,0.0,278.0,920.0,36.5,350.0,1.0
435.0,30.0,690.0,67.2,118.0,120.0,610.0,73.7,650.0,53.0,40.0,28.6,36.5,23.35,23.35,13.0,15.0,ALUMINIUM,30.0,40.0,50.0,330.0,350.0,16.0,18.0,False,False,141.0,2.0,1.0,1.1,1.2,1.0,0.9,1.0,734.0,48.0,734.0,48.0,1.0,2,False,1.0,1.0,68.0,45.0,0.0,31.8,False,True,False,False,True,12.0,1,False,0.0,0.0,0,SPOKED,SPOKED,0.0,0.0,0.0,0.0,278.0,940.0,36.5,350.0,1.0
420.0,60.0,605.0,67.0,100.0,45.0,450.0,73.0,650.0,50.0,45.0,31.8,36.5,23.35,23.35,13.0,15,ALUMINIUM,30.0,50.0,45.0,0.0,0.0,0.0,0,False,False,135.0,2.0,0.9,1.1,0.9,1.2,1.0,0.9,674.0,52.0,674.0,52.0,1.0,1,False,1.0,1.0,68.0,45.0,0.0,31.8,False,True,False,False,True,12.0,1,False,0.0,0.0,0,SPOKED,SPOKED,0.0,0.0,0.0,0.0,278.0,760.0,34.9,300.0,1.0
425.0,62.0,610.0,68.0,105.0,46.0,455.0,74.0,655.0,50.0,45.0,31.8,36.5,23.35,23.35,13.0,15,ALUMINIUM,32.0,52.0,47.0,0.0,0.0,0.0,0,False,False,135.0,2.0,0.9,1.1,0.9,1.2,1.0,0.9,674.0,52.0,674.0,52.0,1.0,2,False,1.0,1.0,68.0,45.0,0.0,31.8,False,True,False,False,True,12.0,1,False,0.0,0.0,0,SPOKED,SPOKED,0.0,0.0,0.0,0.0,278.0,760.0,34.9,300.0,1.0
430.0,64.0,615.0,66.0,95.0,44.0,440.0,72.0,645.0,55.0,45.0,31.8,36.5,23.35,23.35,13.0,15,ALUMINIUM,28.0,48.0,43.0,0.0,0.0,0.0,0,False,False,135.0,2.0,0.9,1.1,0.9,1.2,1.0,0.9,674.0,52.0,674.0,52.0,1.0,1,False,1.0,1.0,68.0,45.0,0.0,31.8,False,True,False,False,True,12.0,1,False,0.0,0.0,0,SPOKED,SPOKED,0.0,0.0,0.0,0.0,278.0,760.0,34.9,300.0,1.0
435.0,66.0,620.0,67.0,110.0,47.0,460.0,73.0,660.0,52.0,45.0,31.8,36.5,23.35,23.35,13.0,15,ALUMINIUM,34.0,54.0,46.0,0.0,0.0,0.0,0,False,False,135.0,2.0,0.9,1.1,0.9,1.2,1.0,0.9,674.0,52.0,674.0,52.0,1.0,2,False,1.0,1.0,68.0,45.0,0.0,31.8,False,True,False,False,True,12.0,1,False,0.0,0.0,0,SPOKED,SPOKED,0.0,0.0,0.0,0.0,278.0,760.0,34.9,300.0,1.0
440.0,68.0,625.0,68.0,100.0,45.0,470.0,74.0,650.0,50.0,45.0,31.8,36.5,23.35,23.35,13.0,15,ALUMINIUM,30.0,50.0,45.0,0.0,0.0,0.0,0,False,False,135.0,2.0,0.9,1.1,0.9,1.2,1.0,0.9,674.0,52.0,674.0,52.0,1.0,1,False,1.0,1.0,68.0,45.0,0.0,31.8,False,True,False,False,True,12.0,1,False,0.0,0.0,0,SPOKED,SPOKED,0.0,0.0,0.0,0.0,278.0,760.0,34.9,300.0,1.0
445.0,70.0,630.0,69.0,105.0,48.0,480.0,75.0,665.0,48.0,45.0,31.8,36.5,23.35,23.35,13.0,15,ALUMINIUM,32.0,52.0,47.0,0.0,0.0,0.0,0,False,False,135.0,2.0,0.9,1.1,0.9,1.2,1.0,0.9,674.0,52.0,674.0,52.0,1.0,2,False,1.0,1.0,68.0,45.0,0.0,31.8,False,True,False,False,True,12.0,1,False,0.0,0.0,0,SPOKED,SPOKED,0.0,0.0,0.0,0.0,278.0,760.0,34.9,300.0,1.0
415.0,62.0,600.0,67.0,102.0,46.0,455.0,73.0,658.0,50.0,45.0,31.8,36.5,23.35,23.35,13.0,15,ALUMINIUM,31.0,51.0,44.0,0.0,0.0,0.0,0,False,False,135.0,2.0,0.9,1.1,0.9,1.2,1.0,0.9,674.0,52.0,674.0,52.0,1.0,1,False,1.0,1.0,68.0,45.0,0.0,31.8,False,True,False,False,True,12.0,1,False,0.0,0.0,0,SPOKED,SPOKED,0.0,0.0,0.0,0.0,278.0,760.0,34.9,300.0,1.0
425.0,64.0,610.0,66.0,98.0,47.0,460.0,74.0,652.0,52.0,45.0,31.8,36.5,23.35,23.35,13.0,15,ALUMINIUM,29.0,49.0,46.0,0.0,0.0,0.0,0,False,False,135.0,2.0,0.9,1.1,0.9,1.2,1.0,0.9,674.0,52.0,674.0,52.0,1.0,2,False,1.0,1.0,68.0,45.0,0.0,31.8,False,True,False,False,True,12.0,1,False,0.0,0.0,0,SPOKED,SPOKED,0.0,0.0,0.0,0.0,278.0,760.0,34.9,300.0,1.0
435.0,66.0,620.0,65.0,108.0,45.0,450.0,75.0,660.0,54.0,45.0,31.8,36.5,23.35,23.35,13.0,15,ALUMINIUM,33.0,53.0,48.0,0.0,0.0,0.0,0,False,False,135.0,2.0,0.9,1.1,0.9,1.2,1.0,0.9,674.0,52.0,674.0,52.0,1.0,1,False,1.0,1.0,68.0,45.0,0.0,31.8,False,True,False,False,True,12.0,1,False,0.0,0.0,0,SPOKED,SPOKED,0.0,0.0,0.0,0.0,278.0,760.0,34.9,300.0,1.0
445.0,68.0,630.0,66.0,94.0,44.0,445.0,72.0,655.0,56.0,45.0,31.8,36.5,23.35,23.35,13.0,15,ALUMINIUM,27.0,47.0,42.0,0.0,0.0,0.0,0,False,False,135.0,2.0,0.9,1.1,0.9,1.2,1.0,0.9,674.0,52.0,674.0,52.0,1.0,2,False,1.0,1.0,68.0,45.0,0.0,31.8,False,True,False,False,True,12.0,1,False,0.0,0.0,0,SPOKED,SPOKED,0.0,0.0,0.0,0.0,278.0,760.0,34.9,300.0,1.0
430.0,30.0,620.0,68.0,120.0,45.0,460.0,73.0,650.0,45.0,37.0,35.0,42.0,33.0,33.0,15.0,8.0,ALUMINIUM,30.0,50.0,40.0,0.0,0.0,0.0,0.0,False,False,135.0,2.5,1.5,2.0,2.5,1.75,1.5,1.75,735.0,70.0,735.0,70.0,1.0,1,False,1.0,1.0,68.0,44.0,0.0,35.0,False,False,False,False,True,12.0,1,False,0.0,0.0,0,SPOKED,SPOKED,0.0,0.0,0.0,0.0,280.0,80.0,42.0,400.0,1.0
435.0,25.0,610.0,69.0,115.0,42.0,465.0,74.0,655.0,43.0,37.0,35.0,42.0,33.0,33.0,15.0,8.0,ALUMINIUM,28.0,48.0,42.0,0.0,0.0,0.0,0.0,False,False,148.0,2.5,1.5,2.0,2.5,1.75,1.5,1.75,735.0,70.0,735.0,70.0,1.0,0,False,1.0,1.0,68.0,44.0,0.0,35.0,False,False,False,False,True,12.0,1,False,0.0,0.0,0,SPOKED,SPOKED,0.0,0.0,0.0,0.0,280.0,80.0,42.0,400.0,3.0
440.0,20.0,630.0,67.5,130.0,38.0,470.0,73.5,660.0,40.0,37.0,36.0,45.0,34.0,34.0,15.0,10.0,ALUMINIUM,35.0,55.0,38.0,0.0,0.0,0.0,0.0,False,False,148.0,2.5,1.5,2.0,2.5,1.75,1.5,1.75,735.0,70.0,735.0,70.0,1.0,2,False,1.0,1.0,73.0,50.0,0.0,35.0,False,False,False,False,True,12.0,1,False,0.0,0.0,0,SPOKED,SPOKED,0.0,0.0,0.0,0.0,285.0,78.0,45.0,420.0,1.0
425.0,35.0,605.0,68.5,110.0,44.0,455.0,72.5,640.0,46.0,37.0,34.0,40.0,32.0,32.0,14.0,9.0,ALUMINIUM,25.0,50.0,45.0,0.0,0.0,0.0,0.0,False,False,135.0,2.5,1.5,2.0,2.5,1.75,1.5,1.75,735.0,70.0,735.0,70.0,0.0,1,False,1.0,1.0,68.0,44.0,0.0,34.0,False,False,False,False,True,11.0,1,False,0.0,0.0,0,SPOKED,SPOKED,0.0,0.0,0.0,0.0,275.0,82.0,40.0,380.0,1.0
445.0,28.0,640.0,66.5,140.0,36.0,480.0,75.0,670.0,48.0,37.0,37.0,47.0,34.0,34.0,15.0,8.0,ALUMINIUM,40.0,60.0,50.0,0.0,0.0,0.0,0.0,False,False,142.0,2.5,1.5,2.0,2.5,1.75,1.5,1.75,735.0,70.0,735.0,70.0,1.0,0,False,1.0,1.0,70.0,52.0,0.0,36.0,False,False,False,False,True,12.0,1,False,0.0,0.0,0,SPOKED,SPOKED,0.0,0.0,0.0,0.0,290.0,79.0,47.0,390.0,1.0
430.0,32.0,615.0,68.0,125.0,40.0,470.0,72.0,650.0,45.0,37.0,34.0,42.0,32.0,32.0,14.0,7.0,ALUMINIUM,32.0,52.0,40.0,0.0,0.0,0.0,0.0,False,False,148.0,2.5,1.5,2.0,2.5,1.75,1.5,1.75,735.0,70.0,735.0,70.0,1.0,1,False,1.0,1.0,68.0,44.0,0.0,34.0,False,False,False,False,True,10.0,2,False,0.0,0.0,0,SPOKED,SPOKED,0.0,0.0,0.0,0.0,288.0,76.0,42.0,400.0,1.0
438.0,22.0,625.0,67.0,135.0,35.0,475.0,74.0,660.0,50.0,37.0,36.0,45.0,34.0,34.0,15.0,8.0,ALUMINIUM,36.0,56.0,45.0,0.0,0.0,0.0,0.0,False,False,135.0,2.5,1.5,2.0,2.5,1.75,1.5,1.75,735.0,70.0,735.0,70.0,1.0,2,False,1.0,1.0,73.0,50.0,0.0,36.0,False,False,False,False,True,12.0,1,False,0.0,0.0,0,SPOKED,SPOKED,0.0,0.0,0.0,0.0,280.0,80.0,45.0,410.0,3.0
428.0,30.0,600.0,69.5,118.0,42.0,465.0,72.5,645.0,42.0,37.0,35.0,42.0,33.0,33.0,15.0,8.0,ALUMINIUM,29.0,49.0,39.0,0.0,0.0,0.0,0.0,False,False,142.0,2.5,1.5,2.0,2.5,1.75,1.5,1.75,735.0,70.0,735.0,70.0,1.0,0,False,1.0,1.0,68.0,44.0,0.0,34.0,False,False,False,False,True,10.0,1,False,0.0,0.0,0,SPOKED,SPOKED,0.0,0.0,0.0,0.0,285.0,78.0,42.0,395.0,1.0
445.0,24.0,635.0,66.8,138.0,38.0,480.0,74.2,675.0,47.0,37.0,37.0,45.0,34.0,34.0,15.0,8.0,ALUMINIUM,38.0,60.0,48.0,0.0,0.0,0.0,0.0,False,False,148.0,2.5,1.5,2.0,2.5,1.75,1.5,1.75,735.0,70.0,735.0,70.0,1.0,1,False,1.0,1.0,70.0,52.0,0.0,36.0,False,False,False,False,True,12.0,1,False,0.0,0.0,0,SPOKED,SPOKED,0.0,0.0,0.0,0.0,290.0,82.0,45.0,415.0,3.0
440.0,27.0,620.0,67.3,128.0,40.0,470.0,73.0,660.0,44.0,37.0,36.0,43.0,33.0,33.0,15.0,7.0,ALUMINIUM,33.0,54.0,41.0,0.0,0.0,0.0,0.0,False,False,135.0,2.5,1.5,2.0,2.5,1.75,1.5,1.75,735.0,70.0,735.0,70.0,0.0,1,False,1.0,1.0,68.0,44.0,0.0,35.0,False,False,False,False,True,11.0,2,False,0.0,0.0,0,SPOKED,SPOKED,0.0,0.0,0.0,0.0,282.0,79.0,43.0,400.0,1.0
430.0,65.0,600.0,67.5,140.0,45.0,560.0,73.0,650.0,45.0,45.0,28.6,36.5,36.5,23.35,13.0,15.0,ALUMINIUM,35.0,40.0,45.0,0.0,0.0,0.0,0.0,False,False,135.0,2.0,2.0,2.0,2.0,2.0,2.0,2.0,680.0,52.0,680.0,52.0,1.0,1,False,1.0,1.0,68.0,45.0,0.0,31.8,True,True,False,False,True,12.0,2,False,0.0,0.0,0,SPOKED,SPOKED,0.0,0.0,80.0,80.0,278.0,750.0,34.9,300.0,1.0
420.0,60.0,585.0,68.0,150.0,50.0,580.0,72.0,655.0,46.0,40.0,28.6,36.5,36.5,23.35,14.0,14.0,ALUMINIUM,38.0,42.0,43.0,0.0,0.0,0.0,0.0,False,False,135.0,2.0,2.0,2.0,2.0,2.0,2.0,2.0,680.0,50.0,680.0,50.0,1.0,0,False,1.0,3.0,70.0,50.0,0.0,34.9,True,True,False,False,True,11.0,3,False,0.0,0.0,0,SPOKED,SPOKED,0.0,0.0,80.0,80.0,300.0,760.0,35.0,320.0,1.0
440.0,70.0,620.0,66.0,130.0,60.0,600.0,74.0,640.0,44.0,50.0,28.6,36.5,36.5,23.35,12.0,16.0,ALUMINIUM,33.0,45.0,42.0,0.0,0.0,0.0,0.0,False,False,135.0,2.0,2.0,2.0,2.0,2.0,2.0,2.0,680.0,55.0,680.0,55.0,1.0,2,False,1.0,1.0,68.0,45.0,0.0,31.8,True,True,False,False,True,10.0,2,False,0.0,0.0,0,SPOKED,SPOKED,0.0,0.0,80.0,80.0,280.0,740.0,34.9,300.0,1.0
435.0,68.0,610.0,67.0,145.0,55.0,590.0,73.5,660.0,45.5,47.0,28.6,36.5,36.5,23.35,13.5,15.5,ALUMINIUM,36.5,41.0,44.5,0.0,0.0,0.0,0.0,False,False,135.0,2.0,2.0,2.0,2.0,2.0,2.0,2.0,680.0,53.0,680.0,53.0,1.0,1,False,1.0,1.0,68.0,45.0,0.0,31.8,True,True,False,False,True,11.0,1,False,0.0,0.0,0,SPOKED,SPOKED,0.0,0.0,80.0,80.0,275.0,755.0,34.9,300.0,1.0
425.0,63.0,580.0,69.0,160.0,53.0,570.0,72.5,645.0,46.0,43.0,28.6,36.5,36.5,23.35,13.8,14.8,ALUMINIUM,37.0,43.0,46.0,0.0,0.0,0.0,0.0,False,False,135.0,2.0,2.0,2.0,2.0,2.0,2.0,2.0,680.0,51.0,680.0,51.0,1.0,1,False,1.0,1.0,68.0,45.0,0.0,31.8,True,True,False,False,True,12.0,1,False,0.0,0.0,0,SPOKED,SPOKED,0.0,0.0,80.0,80.0,290.0,765.0,34.9,300.0,1.0
415.0,65.0,595.0,68.5,120.0,46.0,550.0,71.5,660.0,44.5,45.0,28.6,36.5,36.5,23.35,12.5,15.0,ALUMINIUM,34.0,39.0,47.0,0.0,0.0,0.0,0.0,False,False,135.0,2.0,2.0,2.0,2.0,2.0,2.0,2.0,680.0,52.0,680.0,52.0,1.0,1,False,1.0,1.0,68.0,45.0,0.0,31.8,True,True,False,False,True,11.0,1,False,0.0,0.0,0,SPOKED,SPOKED,0.0,0.0,80.0,80.0,265.0,745.0,34.9,300.0,1.0
445.0,62.0,605.0,66.5,155.0,60.0,610.0,74.0,635.0,45.0,41.0,28.6,36.5,36.5,23.35,14.0,16.0,ALUMINIUM,32.0,47.0,41.0,0.0,0.0,0.0,0.0,False,False,135.0,2.0,2.0,2.0,2.0,2.0,2.0,2.0,680.0,54.0,680.0,54.0,1.0,1,False,1.0,1.0,68.0,45.0,0.0,31.8,True,True,False,False,True,10.0,2,False,0.0,0.0,0,SPOKED,SPOKED,0.0,0.0,80.0,80.0,285.0,755.0,34.9,300.0,1.0
400.0,68.0,590.0,69.0,125.0,48.0,555.0,73.0,650.0,45.0,45.0,28.6,36.5,36.5,23.35,13.0,15.0,ALUMINIUM,36.0,42.0,44.0,0.0,0.0,0.0,0.0,False,False,135.0,2.0,2.0,2.0,2.0,2.0,2.0,2.0,680.0,52.0,680.0,52.0,1.0,1,False,1.0,1.0,68.0,45.0,0.0,31.8,True,True,False,False,True,12.0,2,False,0.0,0.0,0,SPOKED,SPOKED,0.0,0.0,80.0,80.0,272.0,748.0,34.9,300.0,1.0
455.0,70.0,615.0,67.0,135.0,58.0,595.0,73.5,660.0,46.0,47.0,28.6,36.5,36.5,23.35,12.0,15.0,ALUMINIUM,35.0,44.0,45.0,0.0,0.0,0.0,0.0,False,False,135.0,2.0,2.0,2.0,2.0,2.0,2.0,2.0,680.0,55.0,680.0,55.0,1.0,1,False,1.0,1.0,68.0,45.0,0.0,31.8,True,True,False,False,True,11.0,3,False,0.0,0.0,0,SPOKED,SPOKED,0.0,0.0,80.0,80.0,295.0,762.0,34.9,300.0,1.0
440.0,64.0,580.0,69.5,145.0,52.0,565.0,72.0,660.0,44.0,43.0,28.6,36.5,36.5,23.35,13.0,15.0,ALUMINIUM,34.5,41.5,43.5,0.0,0.0,0.0,0.0,False,False,135.0,2.0,2.0,2.0,2.0,2.0,2.0,2.0,680.0,51.0,680.0,51.0,1.0,1,False,1.0,1.0,68.0,45.0,0.0,31.8,True,True,False,False,True,10.0,1,False,0.0,0.0,0,SPOKED,SPOKED,0.0,0.0,80.0,80.0,282.0,752.0,34.9,300.0,1.0
445.0,35.0,610.0,67.0,150.0,45.0,450.0,73.0,590.0,50.0,68.0,32.0,37.0,28.0,22.0,13.0,15.0,ALUMINIUM,30.0,50.0,40.0,330.0,350.0,16.0,18.0,False,False,135.0,2.0,1.1,1.1,1.2,1.1,1.1,1.1,690.0,52.0,690.0,52.0,1.0,1,False,1.0,1.0,68.0,45.0,0.0,31.8,False,False,False,False,True,12.0,1,False,0.0,0.0,0,SPOKED,SPOKED,0.0,0.0,0.0,0.0,300.0,760.0,36.0,300.0,1.0
450.0,37.0,620.0,68.5,160.0,45.0,455.0,74.0,600.0,52.0,68.0,33.0,38.0,27.0,23.0,13.0,15.0,ALUMINIUM,35.0,55.0,45.0,330.0,350.0,16.0,18.0,False,False,135.0,2.0,1.1,1.1,1.2,1.1,1.1,1.1,690.0,52.0,690.0,52.0,1.0,1,False,1.0,1.0,68.0,45.0,0.0,31.8,False,False,False,False,True,12.0,1,False,0.0,0.0,0,SPOKED,SPOKED,0.0,0.0,0.0,0.0,300.0,760.0,37.0,300.0,1.0
460.0,40.0,630.0,66.5,140.0,45.0,460.0,73.5,610.0,48.0,68.0,31.0,36.0,29.0,21.0,13.0,15.0,ALUMINIUM,28.0,48.0,42.0,330.0,350.0,16.0,18.0,False,False,135.0,2.0,1.1,1.1,1.2,1.1,1.1,1.1,690.0,52.0,690.0,52.0,1.0,1,False,1.0,1.0,68.0,45.0,0.0,31.8,False,False,False,False,True,12.0,1,False,0.0,0.0,0,SPOKED,SPOKED,0.0,0.0,0.0,0.0,300.0,760.0,35.0,300.0,1.0
440.0,38.0,605.0,67.5,155.0,45.0,445.0,72.5,585.0,54.0,68.0,34.0,39.0,26.0,24.0,13.0,15.0,ALUMINIUM,32.0,52.0,47.0,330.0,350.0,16.0,18.0,False,False,135.0,2.0,1.1,1.1,1.2,1.1,1.1,1.1,690.0,52.0,690.0,52.0,1.0,1,False,1.0,1.0,68.0,45.0,0.0,31.8,False,False,False,False,True,12.0,1,False,0.0,0.0,0,SPOKED,SPOKED,0.0,0.0,0.0,0.0,300.0,760.0,38.0,300.0,1.0
455.0,42.0,615.0,68.0,165.0,45.0,470.0,74.5,595.0,46.0,68.0,32.0,37.0,30.0,22.0,13.0,15.0,ALUMINIUM,37.0,57.0,50.0,330.0,350.0,16.0,18.0,False,False,135.0,2.0,1.1,1.1,1.2,1.1,1.1,1.1,690.0,52.0,690.0,52.0,1.0,1,False,1.0,1.0,68.0,45.0,0.0,31.8,False,False,False,False,True,12.0,1,False,0.0,0.0,0,SPOKED,SPOKED,0.0,0.0,0.0,0.0,300.0,760.0,36.0,300.0,1.0
430.0,36.0,625.0,66.0,145.0,45.0,440.0,73.0,605.0,53.0,68.0,33.0,38.0,25.0,23.0,13.0,15.0,ALUMINIUM,29.0,49.0,38.0,330.0,350.0,16.0,18.0,False,False,135.0,2.0,1.1,1.1,1.2,1.1,1.1,1.1,690.0,52.0,690.0,52.0,1.0,1,False,1.0,1.0,68.0,45.0,0.0,31.8,False,False,False,False,True,12.0,1,False,0.0,0.0,0,SPOKED,SPOKED,0.0,0.0,0.0,0.0,300.0,760.0,37.0,300.0,1.0
462.0,39.0,635.0,67.0,170.0,45.0,475.0,74.0,615.0,47.0,68.0,31.0,36.0,28.0,21.0,13.0,15.0,ALUMINIUM,34.0,54.0,48.0,330.0,350.0,16.0,18.0,False,False,135.0,2.0,1.1,1.1,1.2,1.1,1.1,1.1,690.0,52.0,690.0,52.0,1.0,1,False,1.0,1.0,68.0,45.0,0.0,31.8,False,False,False,False,True,12.0,1,False,0.0,0.0,0,SPOKED,SPOKED,0.0,0.0,0.0,0.0,300.0,760.0,35.0,300.0,1.0
448.0,41.0,600.0,68.0,135.0,45.0,448.0,73.5,580.0,51.0,68.0,34.0,39.0,27.0,24.0,13.0,15.0,ALUMINIUM,31.0,51.0,41.0,330.0,350.0,16.0,18.0,False,False,135.0,2.0,1.1,1.1,1.2,1.1,1.1,1.1,690.0,52.0,690.0,52.0,1.0,1,False,1.0,1.0,68.0,45.0,0.0,31.8,False,False,False,False,True,12.0,1,False,0.0,0.0,0,SPOKED,SPOKED,0.0,0.0,0.0,0.0,300.0,760.0,38.0,300.0,1.0
458.0,43.0,640.0,66.5,175.0,45.0,465.0,72.5,620.0,49.0,68.0,30.0,35.0,29.0,20.0,13.0,15.0,ALUMINIUM,38.0,58.0,49.0,330.0,350.0,16.0,18.0,False,False,135.0,2.0,1.1,1.1,1.2,1.1,1.1,1.1,690.0,52.0,690.0,52.0,1.0,1,False,1.0,1.0,68.0,45.0,0.0,31.8,False,False,False,False,True,12.0,1,False,0.0,0.0,0,SPOKED,SPOKED,0.0,0.0,0.0,0.0,300.0,760.0,34.0,300.0,1.0
452.0,44.0,630.0,67.5,180.0,45.0,458.0,74.0,600.0,55.0,68.0,35.0,40.0,26.0,25.0,13.0,15.0,ALUMINIUM,33.0,53.0,39.0,330.0,350.0,16.0,18.0,False,False,135.0,2.0,1.1,1.1,1.2,1.1,1.1,1.1,690.0,52.0,690.0,52.0,1.0,1,False,1.0,1.0,68.0,45.0,0.0,31.8,False,False,False,False,True,12.0,1,False,0.0,0.0,0,SPOKED,SPOKED,0.0,0.0,0.0,0.0,300.0,760.0,39.0,300.0,1.0
410.0,60.0,610.0,67.5,120.0,60.0,560.0,73.0,620.0,50.0,68.0,28.0,34.0,36.0,28.0,13.0,15.0,ALUMINIUM,35.0,55.0,45.0,330.0,350.0,16.0,18.0,False,False,135.0,2.0,2.0,2.0,2.0,2.0,2.0,2.0,679.0,50.0,679.0,50.0,1.0,1,False,1.0,1.0,68.0,45.0,0.0,31.8,False,True,False,False,True,12.0,1,False,0.0,0.0,0,SPOKED,SPOKED,0.0,0.0,0.0,0.0,300.0,780.0,35.0,380.0,1.0
430.0,65.0,630.0,68.0,130.0,55.0,580.0,74.0,640.0,52.0,68.0,30.0,36.0,36.0,30.0,13.0,15.0,ALUMINIUM,38.0,58.0,48.0,330.0,350.0,16.0,18.0,False,False,135.0,2.0,2.0,2.0,2.0,2.0,2.0,2.0,680.0,51.0,680.0,52.0,1.0,1,False,1.0,1.0,68.0,45.0,0.0,31.8,False,True,False,False,True,12.0,1,False,0.0,0.0,0,SPOKED,SPOKED,0.0,0.0,0.0,0.0,300.0,790.0,36.0,390.0,1.0
395.0,57.0,600.0,66.5,110.0,70.0,550.0,72.5,630.0,48.0,68.0,28.0,35.0,36.0,29.0,13.0,15.0,ALUMINIUM,32.0,53.0,42.0,330.0,350.0,16.0,18.0,False,False,135.0,2.0,2.0,2.0,2.0,2.0,2.0,2.0,678.0,49.0,678.0,49.0,1.0,1,False,1.0,1.0,68.0,45.0,0.0,31.8,False,True,False,False,True,12.0,1,False,0.0,0.0,0,SPOKED,SPOKED,0.0,0.0,0.0,0.0,300.0,770.0,34.0,370.0,1.0
450.0,70.0,650.0,69.0,140.0,50.0,600.0,75.0,660.0,55.0,68.0,32.0,38.0,37.0,32.0,13.0,15.0,ALUMINIUM,40.0,60.0,50.0,330.0,350.0,16.0,18.0,False,False,135.0,2.0,2.0,2.0,2.0,2.0,2.0,2.0,682.0,51.0,682.0,52.0,1.0,1,False,1.0,1.0,68.0,45.0,0.0,31.8,False,True,False,False,True,12.0,1,False,0.0,0.0,0,SPOKED,SPOKED,0.0,0.0,0.0,0.0,300.0,800.0,37.0,400.0,1.0
420.0,63.0,620.0,67.0,125.0,65.0,570.0,73.5,635.0,51.0,68.0,29.0,35.0,36.0,29.0,13.0,15.0,ALUMINIUM,36.0,56.0,46.0,330.0,350.0,16.0,18.0,False,False,135.0,2.0,2.0,2.0,2.0,2.0,2.0,2.0,680.0,50.0,680.0,50.0,1.0,1,False,1.0,1.0,68.0,45.0,0.0,31.8,False,True,False,False,True,12.0,1,False,0.0,0.0,0,SPOKED,SPOKED,0.0,0.0,0.0,0.0,300.0,782.0,35.0,385.0,1.0
460.0,72.0,660.0,70.0,150.0,45.0,620.0,75.0,670.0,57.0,68.0,35.0,38.0,37.0,30.0,13.0,15.0,ALUMINIUM,42.0,62.0,52.0,330.0,350.0,16.0,18.0,False,False,135.0,2.0,2.0,2.0,2.0,2.0,2.0,2.0,685.0,53.0,685.0,55.0,1.0,1,False,1.0,1.0,68.0,45.0,0.0,31.8,False,True,False,False,True,12.0,1,False,0.0,0.0,0,SPOKED,SPOKED,0.0,0.0,0.0,0.0,300.0,810.0,38.0,420.0,1.0
380.0,55.0,590.0,65.0,100.0,80.0,540.0,71.0,610.0,45.0,68.0,27.0,33.0,35.0,27.0,13.0,15.0,ALUMINIUM,30.0,50.0,40.0,330.0,350.0,16.0,18.0,False,False,135.0,2.0,2.0,2.0,2.0,2.0,2.0,2.0,675.0,49.0,675.0,49.0,1.0,1,False,1.0,1.0,68.0,45.0,0.0,31.8,False,True,False,False,True,12.0,1,False,0.0,0.0,0,SPOKED,SPOKED,0.0,0.0,0.0,0.0,300.0,760.0,33.0,360.0,1.0
440.0,68.0,640.0,69.5,135.0,55.0,595.0,74.5,655.0,54.0,68.0,31.0,36.0,36.0,31.0,13.0,15.0,ALUMINIUM,39.0,59.0,49.0,330.0,350.0,16.0,18.0,False,False,135.0,2.0,2.0,2.0,2.0,2.0,2.0,2.0,683.0,51.0,683.0,51.0,1.0,1,False,1.0,1.0,68.0,45.0,0.0,31.8,False,True,False,False,True,12.0,1,False,0.0,0.0,0,SPOKED,SPOKED,0.0,0.0,0.0,0.0,300.0,795.0,36.0,395.0,1.0
475.0,75.0,680.0,72.0,160.0,40.0,640.0,76.0,690.0,60.0,68.0,38.0,40.0,38.0,32.0,13.0,15.0,ALUMINIUM,45.0,65.0,55.0,330.0,350.0,16.0,18.0,False,False,135.0,2.0,2.0,2.0,2.0,2.0,2.0,2.0,690.0,55.0,690.0,55.0,1.0,1,False,1.0,1.0,68.0,45.0,0.0,31.8,False,True,False,False,True,12.0,1,False,0.0,0.0,0,SPOKED,SPOKED,0.0,0.0,0.0,0.0,300.0,820.0,40.0,450.0,1.0
395.0,58.0,605.0,66.0,115.0,75.0,555.0,72.0,625.0,49.0,68.0,28.0,34.0,36.0,28.0,13.0,15.0,ALUMINIUM,33.0,54.0,44.0,330.0,350.0,16.0,18.0,False,False,135.0,2.0,2.0,2.0,2.0,2.0,2.0,2.0,677.0,50.0,677.0,50.0,1.0,1,False,1.0,1.0,68.0,45.0,0.0,31.8,False,True,False,False,True,12.0,1,False,0.0,0.0,0,SPOKED,SPOKED,0.0,0.0,0.0,0.0,300.0,772.0,35.0,375.0,1.0
445.0,40.0,600.0,67.0,120.0,50.0,520.0,74.0,640.0,50.0,40.0,28.6,36.5,30.0,20.0,15.0,9.0,ALUMINIUM,35.0,37.0,46.0,330.0,345.0,16.0,18.0,False,False,135.0,2.0,2.0,2.0,2.0,2.0,2.0,2.0,700.0,78.0,700.0,78.0,1.0,1,False,1.0,3.0,68.0,45.0,0.0,31.8,False,True,False,False,True,11.0,1,False,0.0,0.0,0,SPOKED,SPOKED,0.0,0.0,0.0,0.0,300.0,770.0,36.5,350.0,1.0
450.0,42.0,610.0,68.0,130.0,55.0,500.0,73.0,650.0,52.0,42.0,28.6,36.5,30.0,20.0,15.0,9.0,ALUMINIUM,37.0,36.0,48.0,330.0,345.0,16.0,18.0,False,False,135.0,2.0,2.0,2.0,2.0,2.0,2.0,2.0,700.0,78.0,700.0,78.0,1.0,2,False,1.0,1.0,68.0,45.0,0.0,31.8,True,False,False,False,True,10.0,2,False,0.0,0.0,0,SPOKED,SPOKED,0.0,0.0,0.0,0.0,298.0,780.0,36.5,360.0,1.0
440.0,38.0,590.0,66.5,115.0,52.0,540.0,74.5,630.0,48.0,38.0,28.6,36.5,30.0,20.0,15.0,9.0,ALUMINIUM,34.0,35.0,45.0,330.0,345.0,16.0,18.0,False,False,135.0,2.0,2.0,2.0,2.0,2.0,2.0,2.0,700.0,78.0,700.0,78.0,1.0,0,False,1.0,3.0,68.0,50.0,0.0,31.8,False,True,False,False,True,12.0,1,False,0.0,0.0,0,DISC,SPOKED,0.0,0.0,0.0,0.0,310.0,765.0,36.5,340.0,2.0
460.0,45.0,620.0,69.0,140.0,60.0,560.0,73.5,660.0,55.0,45.0,28.6,36.5,30.0,20.0,15.0,9.0,ALUMINIUM,40.0,40.0,50.0,330.0,345.0,16.0,18.0,False,False,135.0,2.0,2.0,2.0,2.0,2.0,2.0,2.0,700.0,78.0,700.0,78.0,1.0,1,False,1.0,3.0,68.0,50.0,0.0,31.8,False,False,False,False,True,11.0,1,True,0.0,0.0,0,SPOKED,TRISPOKE,0.0,1.0,0.0,50.0,305.0,775.0,36.5,350.0,1.0
435.0,35.0,580.0,68.5,125.0,53.0,530.0,74.0,645.0,50.0,40.0,28.6,36.5,30.0,20.0,15.0,9.0,ALUMINIUM,36.0,38.0,47.0,330.0,345.0,16.0,18.0,False,False,135.0,2.0,2.0,2.0,2.0,2.0,2.0,2.0,700.0,78.0,700.0,78.0,1.0,1,False,1.0,1.0,68.0,45.0,0.0,31.8,True,True,False,False,True,9.0,3,False,0.0,0.0,0,TRISPOKE,SPOKED,1.0,0.0,60.0,0.0,320.0,760.0,36.5,330.0,2.0
455.0,30.0,595.0,67.5,110.0,48.0,550.0,73.0,635.0,51.0,42.0,28.6,36.5,30.0,20.0,15.0,9.0,ALUMINIUM,33.0,34.0,44.0,330.0,345.0,16.0,18.0,False,False,135.0,2.0,2.0,2.0,2.0,2.0,2.0,2.0,700.0,78.0,700.0,78.0,1.0,0,False,1.0,3.0,68.0,45.0,0.0,31.8,False,True,False,False,True,11.0,1,False,0.0,0.0,0,SPOKED,DISC,0.0,0.0,0.0,0.0,300.0,770.0,36.5,345.0,1.0
420.0,43.0,605.0,66.0,105.0,50.0,540.0,74.5,620.0,49.0,40.0,28.6,36.5,30.0,20.0,15.0,9.0,ALUMINIUM,32.0,32.0,43.0,330.0,345.0,16.0,18.0,False,False,135.0,2.0,2.0,2.0,2.0,2.0,2.0,2.0,700.0,78.0,700.0,78.0,1.0,1,False,1.0,1.0,68.0,45.0,0.0,31.8,False,False,False,False,True,12.0,1,False,0.0,0.0,0,SPOKED,SPOKED,0.0,0.0,0.0,0.0,310.0,765.0,36.5,355.0,1.0
430.0,37.0,615.0,68.5,135.0,57.0,555.0,73.0,655.0,53.0,42.0,28.6,36.5,30.0,20.0,15.0,9.0,ALUMINIUM,39.0,39.0,49.0,330.0,345.0,16.0,18.0,False,False,135.0,2.0,2.0,2.0,2.0,2.0,2.0,2.0,700.0,78.0,700.0,78.0,1.0,2,False,1.0,3.0,68.0,45.0,0.0,31.8,True,True,False,False,True,10.0,1,True,0.0,0.0,0,SPOKED,TRISPOKE,0.0,2.0,0.0,55.0,300.0,780.0,36.5,360.0,2.0
470.0,42.0,625.0,67.0,145.0,65.0,565.0,73.5,660.0,56.0,45.0,28.6,36.5,30.0,20.0,15.0,9.0,ALUMINIUM,42.0,42.0,52.0,330.0,345.0,16.0,18.0,False,False,135.0,2.0,2.0,2.0,2.0,2.0,2.0,2.0,700.0,78.0,700.0,78.0,1.0,1,False,1.0,3.0,68.0,50.0,0.0,31.8,False,False,False,False,True,11.0,2,False,0.0,0.0,0,SPOKED,SPOKED,0.0,0.0,0.0,0.0,315.0,775.0,36.5,345.0,1.0
480.0,44.0,605.0,69.0,150.0,60.0,550.0,74.0,650.0,54.0,40.0,28.6,36.5,30.0,20.0,15.0,9.0,ALUMINIUM,45.0,45.0,55.0,330.0,345.0,16.0,18.0,False,False,135.0,2.0,2.0,2.0,2.0,2.0,2.0,2.0,700.0,78.0,700.0,78.0,1.0,2,False,1.0,3.0,68.0,45.0,0.0,31.8,True,False,False,False,True,12.0,1,True,0.0,0.0,0,SPOKED,SPOKED,0.0,0.0,0.0,0.0,305.0,770.0,36.5,350.0,2.0
450.0,60.0,580.0,67.0,110.0,45.0,520.0,73.0,640.0,45.0,45.0,33.6,36.5,30.0,24.0,13.0,15.0,ALUMINIUM,30.0,45.0,45.0,0.0,0.0,0.0,0.0,False,False,135.0,2.0,0.9,1.1,0.9,1.2,1.0,0.9,690.0,58.0,690.0,58.0,1.0,2,False,1.0,1.0,73.0,34.0,0.0,31.8,False,True,False,False,True,12.0,1,False,0.0,0.0,0,SPOKED,SPOKED,0.0,0.0,0.0,0.0,280.0,800.0,34.9,300.0,1.0
440.0,70.0,570.0,65.0,100.0,45.0,515.0,74.0,630.0,45.0,45.0,33.6,36.5,30.0,24.0,13.0,15.0,ALUMINIUM,25.0,40.0,50.0,0.0,0.0,0.0,0.0,False,False,142.0,2.0,0.9,1.1,0.9,1.2,1.0,0.9,690.0,58.0,690.0,58.0,1.0,2,False,1.0,1.0,73.0,34.0,0.0,31.8,False,True,False,False,True,12.0,1,False,0.0,0.0,0,SPOKED,SPOKED,0.0,0.0,0.0,0.0,290.0,790.0,34.9,300.0,1.0
460.0,65.0,590.0,68.0,120.0,45.0,530.0,72.0,650.0,45.0,45.0,33.6,36.5,30.0,24.0,13.0,15.0,ALUMINIUM,35.0,50.0,40.0,0.0,0.0,0.0,0.0,False,False,138.0,2.0,0.9,1.1,0.9,1.2,1.0,0.9,690.0,58.0,690.0,58.0,1.0,2,False,1.0,1.0,73.0,34.0,0.0,31.8,False,True,False,False,True,12.0,1,False,0.0,0.0,0,SPOKED,SPOKED,0.0,0.0,0.0,0.0,275.0,810.0,34.9,300.0,1.0
455.0,80.0,600.0,66.0,90.0,45.0,540.0,75.0,620.0,45.0,45.0,33.6,36.5,30.0,24.0,13.0,15.0,ALUMINIUM,32.0,43.0,48.0,0.0,0.0,0.0,0.0,False,False,137.0,2.0,0.9,1.1,0.9,1.2,1.0,0.9,690.0,58.0,690.0,58.0,1.0,2,False,1.0,1.0,73.0,34.0,0.0,31.8,False,True,False,False,True,12.0,1,False,0.0,0.0,0,SPOKED,SPOKED,0.0,0.0,0.0,0.0,285.0,805.0,34.9,300.0,1.0
470.0,50.0,570.0,69.0,115.0,45.0,525.0,73.5,635.0,45.0,45.0,33.6,36.5,30.0,24.0,13.0,15.0,ALUMINIUM,28.0,47.0,44.0,0.0,0.0,0.0,0.0,False,False,140.0,2.0,0.9,1.1,0.9,1.2,1.0,0.9,690.0,58.0,690.0,58.0,1.0,2,False,1.0,1.0,73.0,34.0,0.0,31.8,False,True,False,False,True,12.0,1,False,0.0,0.0,0,SPOKED,SPOKED,0.0,0.0,0.0,0.0,295.0,795.0,34.9,300.0,1.0
465.0,55.0,565.0,67.5,105.0,45.0,535.0,74.5,645.0,45.0,45.0,33.6,36.5,30.0,24.0,13.0,15.0,ALUMINIUM,30.0,42.0,46.0,0.0,0.0,0.0,0.0,False,False,136.0,2.0,0.9,1.1,0.9,1.2,1.0,0.9,690.0,58.0,690.0,58.0,1.0,2,False,1.0,1.0,73.0,34.0,0.0,31.8,False,True,False,False,True,12.0,1,False,0.0,0.0,0,SPOKED,SPOKED,0.0,0.0,0.0,0.0,280.0,820.0,34.9,300.0,1.0
450.0,75.0,580.0,65.5,98.0,45.0,510.0,72.5,628.0,45.0,45.0,33.6,36.5,30.0,24.0,13.0,15.0,ALUMINIUM,27.0,41.0,42.0,0.0,0.0,0.0,0.0,False,False,134.0,2.0,0.9,1.1,0.9,1.2,1.0,0.9,690.0,58.0,690.0,58.0,1.0,2,False,1.0,1.0,73.0,34.0,0.0,31.8,False,True,False,False,True,12.0,1,False,0.0,0.0,0,SPOKED,SPOKED,0.0,0.0,0.0,0.0,300.0,780.0,34.9,300.0,1.0
475.0,65.0,595.0,68.5,125.0,45.0,545.0,73.0,655.0,45.0,45.0,33.6,36.5,30.0,24.0,13.0,15.0,ALUMINIUM,33.0,49.0,43.0,0.0,0.0,0.0,0.0,False,False,141.0,2.0,0.9,1.1,0.9,1.2,1.0,0.9,690.0,58.0,690.0,58.0,1.0,2,False,1.0,1.0,73.0,34.0,0.0,31.8,False,True,False,False,True,12.0,1,False,0.0,0.0,0,SPOKED,SPOKED,0.0,0.0,0.0,0.0,290.0,810.0,34.9,300.0,1.0
445.0,68.0,555.0,66.5,112.0,45.0,520.0,74.0,640.0,45.0,45.0,33.6,36.5,30.0,24.0,13.0,15.0,ALUMINIUM,29.0,46.0,47.0,0.0,0.0,0.0,0.0,False,False,139.0,2.0,0.9,1.1,0.9,1.2,1.0,0.9,690.0,58.0,690.0,58.0,1.0,2,False,1.0,1.0,73.0,34.0,0.0,31.8,False,True,False,False,True,12.0,1,False,0.0,0.0,0,SPOKED,SPOKED,0.0,0.0,0.0,0.0,285.0,800.0,34.9,300.0,1.0
480.0,65.0,575.0,70.0,118.0,45.0,530.0,72.0,630.0,45.0,45.0,33.6,36.5,30.0,24.0,13.0,15.0,ALUMINIUM,31.0,44.0,49.0,0.0,0.0,0.0,0.0,False,False,138.0,2.0,0.9,1.1,0.9,1.2,1.0,0.9,690.0,58.0,690.0,58.0,1.0,2,False,1.0,1.0,73.0,34.0,0.0,31.8,False,True,False,False,True,12.0,1,False,0.0,0.0,0,SPOKED,SPOKED,0.0,0.0,0.0,0.0,275.0,805.0,34.9,300.0,1.0
430.0,40.0,595.0,68.0,130.0,40.0,580.0,73.0,650.0,45.0,40.0,30.0,38.0,27.0,27.0,13.0,15,ALUMINIUM,35.0,40.0,45.0,330.0,350.0,16.0,18,False,False,135.0,2.0,1.2,1.2,1.2,1.2,1.2,1.2,700.0,48.0,700.0,48.0,1.0,0,False,1.0,1.0,68.0,45.0,0.0,31.8,False,True,False,False,True,12.0,1,False,0.0,0.0,0,SPOKED,SPOKED,0.0,0.0,80.0,80.0,300.0,670.0,280.0,700.0,1.0
435.0,40.0,600.0,67.0,135.0,42.0,590.0,74.0,655.0,45.0,40.0,30.0,38.0,27.0,27.0,13.0,15,ALUMINIUM,37.0,42.0,47.0,330.0,350.0,16.0,18,False,False,135.0,2.0,1.2,1.2,1.2,1.2,1.2,1.2,700.0,48.0,700.0,48.0,1.0,0,False,1.0,1.0,68.0,45.0,0.0,31.8,False,True,False,False,True,12.0,1,False,0.0,0.0,0,SPOKED,SPOKED,0.0,0.0,80.0,80.0,300.0,675.0,285.0,710.0,1.0
440.0,40.0,590.0,69.0,125.0,38.0,570.0,72.0,645.0,45.0,40.0,30.0,38.0,27.0,27.0,13.0,15,ALUMINIUM,33.0,38.0,43.0,330.0,350.0,16.0,18,False,False,135.0,2.0,1.2,1.2,1.2,1.2,1.2,1.2,700.0,48.0,700.0,48.0,1.0,0,False,1.0,1.0,68.0,45.0,0.0,31.8,False,True,False,False,True,12.0,1,False,0.0,0.0,0,SPOKED,SPOKED,0.0,0.0,80.0,80.0,300.0,665.0,275.0,690.0,1.0
425.0,40.0,605.0,68.0,140.0,45.0,600.0,73.0,660.0,45.0,40.0,30.0,38.0,27.0,27.0,13.0,15,ALUMINIUM,39.0,44.0,49.0,330.0,350.0,16.0,18,False,False,135.0,2.0,1.2,1.2,1.2,1.2,1.2,1.2,700.0,48.0,700.0,48.0,1.0,0,False,1.0,1.0,68.0,45.0,0.0,31.8,False,True,False,False,True,12.0,1,False,0.0,0.0,0,SPOKED,SPOKED,0.0,0.0,80.0,80.0,300.0,680.0,290.0,720.0,1.0
445.0,40.0,585.0,66.0,120.0,35.0,550.0,74.0,640.0,45.0,40.0,30.0,38.0,27.0,27.0,13.0,15,ALUMINIUM,31.0,36.0,41.0,330.0,350.0,16.0,18,False,False,135.0,2.0,1.2,1.2,1.2,1.2,1.2,1.2,700.0,48.0,700.0,48.0,1.0,0,False,1.0,1.0,68.0,45.0,0.0,31.8,False,True,False,False,True,12.0,1,False,0.0,0.0,0,SPOKED,SPOKED,0.0,0.0,80.0,80.0,300.0,660.0,270.0,680.0,1.0
430.0,40.0,600.0,67.0,130.0,40.0,580.0,72.0,650.0,45.0,40.0,30.0,38.0,27.0,27.0,13.0,15,ALUMINIUM,35.0,40.0,45.0,330.0,350.0,16.0,18,False,False,135.0,2.0,1.2,1.2,1.2,1.2,1.2,1.2,700.0,48.0,700.0,48.0,1.0,0,False,1.0,1.0,68.0,45.0,0.0,31.8,False,True,False,False,True,12.0,1,False,0.0,0.0,0,SPOKED,SPOKED,0.0,0.0,80.0,80.0,300.0,670.0,280.0,700.0,1.0
440.0,40.0,595.0,69.0,135.0,42.0,590.0,73.0,655.0,45.0,40.0,30.0,38.0,27.0,27.0,13.0,15,ALUMINIUM,37.0,42.0,47.0,330.0,350.0,16.0,18,False,False,135.0,2.0,1.2,1.2,1.2,1.2,1.2,1.2,700.0,48.0,700.0,48.0,1.0,0,False,1.0,1.0,68.0,45.0,0.0,31.8,False,True,False,False,True,12.0,1,False,0.0,0.0,0,SPOKED,SPOKED,0.0,0.0,80.0,80.0,300.0,675.0,285.0,710.0,1.0
435.0,40.0,590.0,68.0,125.0,38.0,570.0,74.0,645.0,45.0,40.0,30.0,38.0,27.0,27.0,13.0,15,ALUMINIUM,33.0,38.0,43.0,330.0,350.0,16.0,18,False,False,135.0,2.0,1.2,1.2,1.2,1.2,1.2,1.2,700.0,48.0,700.0,48.0,1.0,0,False,1.0,1.0,68.0,45.0,0.0,31.8,False,True,False,False,True,12.0,1,False,0.0,0.0,0,SPOKED,SPOKED,0.0,0.0,80.0,80.0,300.0,665.0,275.0,690.0,1.0
450.0,40.0,605.0,67.0,140.0,45.0,600.0,72.0,660.0,45.0,40.0,30.0,38.0,27.0,27.0,13.0,15,ALUMINIUM,39.0,44.0,49.0,330.0,350.0,16.0,18,False,False,135.0,2.0,1.2,1.2,1.2,1.2,1.2,1.2,700.0,48.0,700.0,48.0,1.0,0,False,1.0,1.0,68.0,45.0,0.0,31.8,False,True,False,False,True,12.0,1,False,0.0,0.0,0,SPOKED,SPOKED,0.0,0.0,80.0,80.0,300.0,680.0,290.0,720.0,1.0
420.0,40.0,580.0,70.0,120.0,35.0,550.0,73.0,640.0,45.0,40.0,30.0,38.0,27.0,27.0,13.0,15,ALUMINIUM,31.0,36.0,41.0,330.0,350.0,16.0,18,False,False,135.0,2.0,1.2,1.2,1.2,1.2,1.2,1.2,700.0,48.0,700.0,48.0,1.0,0,False,1.0,1.0,68.0,45.0,0.0,31.8,False,True,False,False,True,12.0,1,False,0.0,0.0,0,SPOKED,SPOKED,0.0,0.0,80.0,80.0,300.0,660.0,270.0,680.0,1.0
430.0,60.0,590.0,67.0,100.0,50.0,500.0,73.0,650.0,50.0,45.0,32.0,38.0,28.0,28.0,15.0,9.0,ALUMINIUM,15.0,50.0,50.0,0.0,0.0,0.0,0.0,False,False,142.0,2.0,1.2,1.2,1.2,1.0,1.0,1.2,674.0,52.0,674.0,52.0,1.0,1.0,False,1.0,1.0,68.0,50.0,0.0,35.0,False,True,False,False,True,12.0,1.0,False,0.0,0.0,0.0,SPOKED,SPOKED,0.0,0.0,0.0,0.0,275.0,820.0,38.0,400.0,1.0
435.0,60.0,600.0,68.0,105.0,55.0,510.0,74.0,660.0,48.0,45.0,32.5,37.0,28.0,28.0,16.0,10.0,ALUMINIUM,16.0,55.0,52.0,0.0,0.0,0.0,0.0,False,False,142.0,2.0,1.2,1.2,1.2,1.0,1.0,1.2,674.0,52.0,674.0,52.0,1.0,1.0,False,1.0,1.0,68.0,52.0,0.0,36.0,False,True,False,False,True,12.0,1.0,False,0.0,0.0,0.0,SPOKED,SPOKED,0.0,0.0,0.0,0.0,278.0,830.0,37.0,410.0,1.0
440.0,65.0,580.0,66.5,110.0,50.0,495.0,72.5,640.0,47.0,45.0,31.5,38.5,29.0,29.0,14.0,9.5,ALUMINIUM,14.5,50.0,48.0,0.0,0.0,0.0,0.0,False,False,142.0,2.0,1.2,1.2,1.2,1.0,1.0,1.2,674.0,52.0,674.0,52.0,1.0,1.0,False,1.0,1.0,68.0,48.0,1.0,34.0,False,True,False,False,True,12.0,1.0,False,0.0,0.0,0.0,SPOKED,SPOKED,0.0,0.0,0.0,0.0,280.0,815.0,38.5,390.0,1.0
445.0,60.0,595.0,67.5,115.0,60.0,520.0,73.5,655.0,52.0,45.0,33.0,39.0,27.5,27.5,17.0,11.0,ALUMINIUM,18.0,58.0,54.0,0.0,0.0,0.0,0.0,False,False,148.0,2.0,1.2,1.2,1.2,1.0,1.0,1.2,674.0,52.0,674.0,52.0,1.0,1.0,False,1.0,1.0,68.0,51.0,0.0,36.5,False,True,False,False,True,12.0,1.0,False,0.0,0.0,0.0,SPOKED,SPOKED,0.0,0.0,0.0,0.0,276.0,825.0,39.0,405.0,1.0
450.0,62.0,600.0,66.8,108.0,52.0,505.0,72.8,650.0,49.0,45.0,32.2,38.2,28.5,28.5,15.5,9.2,ALUMINIUM,15.8,52.0,50.5,0.0,0.0,0.0,0.0,False,False,142.0,2.0,1.2,1.2,1.2,1.0,1.0,1.2,674.0,52.0,674.0,52.0,1.0,1.0,False,1.0,1.0,68.0,49.0,0.0,35.5,False,True,False,False,True,12.0,1.0,False,0.0,0.0,0.0,SPOKED,SPOKED,0.0,0.0,0.0,0.0,282.0,835.0,38.2,395.0,1.0
455.0,60.0,610.0,67.2,102.0,48.0,490.0,74.2,645.0,51.0,45.0,33.5,37.5,29.5,29.5,16.5,10.5,ALUMINIUM,16.2,54.0,52.5,0.0,0.0,0.0,0.0,False,False,145.0,2.0,1.2,1.2,1.2,1.0,1.0,1.2,674.0,52.0,674.0,52.0,1.0,1.0,False,1.0,1.0,68.0,53.0,0.0,36.0,False,True,False,False,True,12.0,1.0,False,0.0,0.0,0.0,SPOKED,SPOKED,0.0,0.0,0.0,0.0,279.0,830.0,37.5,415.0,1.0
460.0,60.0,585.0,66.2,107.0,54.0,515.0,73.8,658.0,46.0,45.0,32.8,38.8,28.8,28.8,15.2,9.8,ALUMINIUM,15.5,53.5,51.0,0.0,0.0,0.0,0.0,False,False,142.0,2.0,1.2,1.2,1.2,1.0,1.0,1.2,674.0,52.0,674.0,52.0,1.0,1.0,False,1.0,1.0,68.0,50.5,0.0,35.8,False,True,False,False,True,12.0,1.0,False,0.0,0.0,0.0,SPOKED,SPOKED,0.0,0.0,0.0,0.0,281.0,822.0,38.8,405.0,1.0
465.0,60.0,605.0,67.8,112.0,49.0,495.0,74.5,666.0,53.0,45.0,33.2,39.2,27.8,27.8,16.0,10.0,ALUMINIUM,17.0,56.0,53.0,0.0,0.0,0.0,0.0,False,False,142.0,2.0,1.2,1.2,1.2,1.0,1.0,1.2,674.0,52.0,674.0,52.0,1.0,1.0,False,1.0,1.0,68.0,52.5,0.0,36.2,False,True,False,False,True,12.0,1.0,False,0.0,0.0,0.0,SPOKED,SPOKED,0.0,0.0,0.0,0.0,284.0,838.0,39.2,420.0,1.0
470.0,60.0,595.0,67.0,115.0,56.0,510.0,73.0,660.0,50.0,45.0,32.0,38.0,28.0,28.0,15.0,9.0,ALUMINIUM,15.0,58.0,54.0,0.0,0.0,0.0,0.0,False,False,142.0,2.0,1.2,1.2,1.2,1.0,1.0,1.2,674.0,52.0,674.0,52.0,1.0,1.0,False,1.0,1.0,68.0,50.0,0.0,35.0,False,True,False,False,True,12.0,1.0,False,0.0,0.0,0.0,SPOKED,SPOKED,0.0,0.0,0.0,0.0,285.0,820.0,38.0,410.0,1.0
480.0,60.0,600.0,68.0,110.0,53.0,505.0,74.0,655.0,49.0,45.0,32.6,38.6,28.6,28.6,16.2,10.1,ALUMINIUM,16.2,55.2,51.1,0.0,0.0,0.0,0.0,False,False,142.0,2.0,1.2,1.2,1.2,1.0,1.0,1.2,674.0,52.0,674.0,52.0,1.0,1.0,False,1.0,1.0,68.0,51.2,0.0,36.1,False,True,False,False,True,12.0,1.0,False,0.0,0.0,0.0,SPOKED,SPOKED,0.0,0.0,0.0,0.0,283.0,825.0,38.6,415.0,1.0
390,50.0,620.0,73.5,170.0,45.0,580.0,76.0,650.0,45.0,45.0,30.0,36.5,23.35,23.35,15.0,15,ALUMINIUM,35.0,50.0,45.0,330.0,350.0,16.0,18,False,False,135.0,2.0,0.9,1.1,0.9,1.2,1.0,0.9,680.0,52.0,680.0,52.0,1.0,1,False,1.0,1.0,68.0,45.0,0.0,31.8,False,False,False,False,True,10.0,1,False,0.0,0.0,0,SPOKED,SPOKED,0.0,0.0,80.0,80.0,278.0,700.0,34.9,300.0,1.0
385,60.0,630.0,72.5,160.0,50.0,590.0,77.0,660.0,50.0,45.0,30.0,36.5,23.35,23.35,15.0,15,ALUMINIUM,30.0,55.0,50.0,330.0,350.0,16.0,18,True,False,135.0,2.0,0.9,1.1,0.9,1.2,1.0,0.9,680.0,52.0,680.0,52.0,1.0,1,False,1.0,1.0,68.0,45.0,0.0,31.8,False,False,False,False,True,10.0,1,False,0.0,0.0,0,SPOKED,SPOKED,0.0,0.0,80.0,80.0,278.0,700.0,34.9,300.0,1.0
395,55.0,615.0,74.0,180.0,40.0,575.0,75.5,640.0,43.0,45.0,30.0,36.5,23.35,23.35,15.0,15,ALUMINIUM,40.0,45.0,55.0,330.0,350.0,16.0,18,False,True,135.0,2.0,0.9,1.1,0.9,1.2,1.0,0.9,680.0,52.0,680.0,52.0,1.0,1,False,1.0,1.0,68.0,45.0,0.0,31.8,False,False,False,False,True,11.0,1,False,0.0,0.0,0,SPOKED,SPOKED,0.0,0.0,80.0,80.0,280.0,710.0,34.9,300.0,1.0
400,50.0,620.0,73.0,150.0,45.0,580.0,76.0,650.0,45.0,45.0,30.0,36.5,23.35,23.35,15.0,15,ALUMINIUM,30.0,60.0,40.0,330.0,350.0,16.0,18,False,False,135.0,2.0,0.9,1.1,0.9,1.2,1.0,0.9,680.0,52.0,680.0,52.0,1.0,1,False,1.0,1.0,68.0,45.0,0.0,31.8,False,True,True,False,True,12.0,2,True,0.0,0.0,0,SPOKED,SPOKED,0.0,0.0,80.0,80.0,280.0,720.0,34.9,300.0,1.0
380,65.0,650.0,73.8,190.0,50.0,600.0,78.0,670.0,55.0,45.0,30.0,36.5,23.35,23.35,15.0,15,ALUMINIUM,40.0,60.0,40.0,330.0,350.0,16.0,18,False,False,135.0,2.0,0.9,1.1,0.9,1.2,1.0,0.9,700.0,60.0,700.0,60.0,1.0,1,False,1.0,1.0,68.0,45.0,0.0,31.8,False,False,False,False,True,10.0,1,False,0.0,0.0,0,TRISPOKE,SPOKED,1.0,0.0,90.0,80.0,278.0,740.0,34.9,300.0,1.0
390,45.0,605.0,75.0,155.0,48.0,565.0,76.5,645.0,42.0,45.0,30.0,36.5,23.35,23.35,15.0,15,ALUMINIUM,35.0,45.0,42.0,330.0,350.0,16.0,18,False,False,135.0,2.0,0.9,1.1,0.9,1.2,1.0,0.9,680.0,52.0,680.0,52.0,1.0,1,False,1.0,1.0,68.0,45.0,0.0,31.8,False,False,False,False,True,10.0,1,False,0.0,0.0,0,SPOKED,TRISPOKE,0.0,1.0,80.0,90.0,278.0,720.0,34.9,300.0,1.0
415,50.0,635.0,74.5,165.0,47.0,590.0,77.5,660.0,48.0,45.0,30.0,36.5,23.35,23.35,15.0,15,ALUMINIUM,38.0,55.0,45.0,200.0,100.0,12.0,10,True,True,135.0,2.0,0.9,1.1,0.9,1.2,1.0,0.9,680.0,52.0,680.0,52.0,1.0,1,False,1.0,1.0,68.0,45.0,0.0,31.8,False,False,False,False,True,10.0,1,True,0.0,0.0,0,SPOKED,SPOKED,0.0,0.0,80.0,80.0,280.0,700.0,34.9,300.0,1.0
405,60.0,610.0,72.0,175.0,45.0,585.0,75.0,655.0,47.0,45.0,30.0,36.5,23.35,23.35,15.0,15,ALUMINIUM,35.0,50.0,48.0,330.0,350.0,16.0,18,False,False,135.0,2.0,0.9,1.1,0.9,1.2,1.0,0.9,680.0,52.0,680.0,52.0,1.0,1,False,1.0,1.0,68.0,45.0,0.0,31.8,False,True,True,True,True,10.0,1,False,0.0,0.0,0,SPOKED,SPOKED,0.0,0.0,80.0,80.0,278.0,710.0,34.9,300.0,1.0
395,55.0,625.0,73.2,160.0,43.0,570.0,76.0,648.0,44.0,45.0,30.0,36.5,23.35,23.35,15.0,15,ALUMINIUM,40.0,48.0,50.0,330.0,350.0,16.0,18,False,False,135.0,2.0,0.9,1.1,0.9,1.2,1.0,0.9,680.0,52.0,680.0,52.0,1.0,1,False,1.0,3.0,68.0,50.0,0.0,31.8,False,False,False,False,True,11.0,2,False,0.0,0.0,0,SPOKED,SPOKED,0.0,0.0,80.0,80.0,280.0,720.0,34.9,300.0,1.0
400,50.0,630.0,73.5,170.0,45.0,575.0,76.0,650.0,45.0,45.0,30.0,36.5,23.35,23.35,15.0,15,ALUMINIUM,35.0,50.0,45.0,330.0,350.0,16.0,18,False,False,135.0,2.0,0.9,1.1,0.9,1.2,1.0,0.9,680.0,52.0,680.0,52.0,1.0,1,False,1.0,1.0,68.0,45.0,0.0,31.8,False,False,True,True,False,10.0,1,False,0.0,0.0,0,DISC,DISC,0.0,0.0,80.0,80.0,278.0,700.0,34.9,300.0,1.0
430,70.0,620.0,67.0,150.0,45.0,580.0,73.5,640.0,45.0,45.0,30.0,40.0,25.0,25.0,14.0,15,ALUMINIUM,35.0,45.0,45.0,0.0,0.0,0.0,0,False,False,135.0,2.0,2.0,2.0,2.0,2.0,2.0,2.0,700.0,40.0,700.0,40.0,1.0,1,False,1.0,1.0,68.0,50.0,0.0,31.8,True,True,False,False,True,11.0,2,False,0.0,0.0,0,DISC,DISC,0.0,0.0,0.0,0.0,280.0,760.0,40.0,300.0,1.0
435,68.0,615.0,68.0,140.0,50.0,570.0,74.0,630.0,48.0,45.0,28.6,38.0,23.35,23.35,13.0,14,ALUMINIUM,32.0,48.0,42.0,0.0,0.0,0.0,0,False,False,140.0,2.0,2.0,2.0,2.0,2.0,2.0,2.0,702.0,41.0,702.0,41.0,1.0,0,False,1.0,1.0,70.0,52.0,0.0,33.0,True,True,False,False,True,12.0,2,False,0.0,0.0,0,DISC,DISC,0.0,0.0,0.0,0.0,275.0,755.0,38.0,320.0,1.0
440,72.0,630.0,66.0,155.0,55.0,600.0,73.0,650.0,46.0,50.0,30.0,42.0,28.0,28.0,15.0,16,ALUMINIUM,36.0,50.0,47.0,0.0,0.0,0.0,0,False,False,135.0,2.0,2.0,2.0,2.0,2.0,2.0,2.0,700.0,39.0,700.0,39.0,1.0,1,False,1.0,1.0,68.0,48.0,0.0,31.8,True,True,False,False,True,10.0,3,False,0.0,0.0,0,DISC,DISC,0.0,0.0,0.0,0.0,285.0,770.0,42.0,310.0,1.0
432,65.0,610.0,69.0,145.0,48.0,585.0,74.2,635.0,47.0,45.0,28.6,40.0,24.0,24.0,14.0,15,ALUMINIUM,34.0,47.0,45.0,0.0,0.0,0.0,0,False,False,135.0,2.0,2.0,2.0,2.0,2.0,2.0,2.0,700.0,40.0,700.0,40.0,1.0,2,False,1.0,1.0,68.0,48.0,0.0,31.0,True,True,False,False,True,11.0,1,False,0.0,0.0,0,DISC,DISC,0.0,0.0,0.0,0.0,280.0,755.0,40.0,300.0,1.0
438,75.0,640.0,67.5,152.0,50.0,590.0,73.8,638.0,44.0,50.0,30.0,41.0,26.0,26.0,15.0,16,ALUMINIUM,37.0,49.0,46.0,0.0,0.0,0.0,0,False,False,137.0,2.0,2.0,2.0,2.0,2.0,2.0,2.0,695.0,35.0,695.0,35.0,1.0,1,False,1.0,1.0,68.0,50.0,0.0,31.5,True,True,False,False,True,11.0,2,False,0.0,0.0,0,DISC,DISC,0.0,0.0,0.0,0.0,282.0,770.0,41.0,305.0,1.0
445,68.0,650.0,68.5,158.0,52.0,600.0,73.0,660.0,46.0,45.0,32.0,42.0,27.0,27.0,16.0,17,ALUMINIUM,38.0,50.0,48.0,0.0,0.0,0.0,0,False,False,138.0,2.0,2.0,2.0,2.0,2.0,2.0,2.0,710.0,45.0,710.0,45.0,1.0,1,False,1.0,1.0,70.0,52.0,0.0,32.0,True,True,False,False,True,10.0,3,False,0.0,0.0,0,DISC,DISC,0.0,0.0,0.0,0.0,285.0,780.0,42.0,320.0,1.0
430,70.0,605.0,66.5,142.0,46.0,575.0,74.0,625.0,47.0,45.0,28.6,38.0,25.0,25.0,14.0,15,ALUMINIUM,33.0,46.0,43.0,0.0,0.0,0.0,0,False,False,135.0,2.0,2.0,2.0,2.0,2.0,2.0,2.0,700.0,40.0,700.0,40.0,1.0,2,False,1.0,1.0,68.0,48.0,0.0,31.8,True,True,False,False,True,11.0,2,False,0.0,0.0,0,DISC,DISC,0.0,0.0,0.0,0.0,276.0,750.0,39.0,290.0,1.0
442,66.0,612.0,69.5,148.0,49.0,585.0,73.2,632.0,45.0,45.0,30.0,40.0,26.0,26.0,14.0,15,ALUMINIUM,35.0,48.0,45.0,0.0,0.0,0.0,0,False,False,136.0,2.0,2.0,2.0,2.0,2.0,2.0,2.0,705.0,42.0,705.0,42.0,1.0,0,False,1.0,1.0,68.0,50.0,0.0,31.8,True,True,False,False,True,12.0,2,False,0.0,0.0,0,DISC,DISC,0.0,0.0,0.0,0.0,280.0,760.0,42.0,300.0,1.0
438,67.0,618.0,67.0,145.0,50.0,590.0,74.5,640.0,46.0,45.0,30.0,40.0,25.0,25.0,15.0,16,ALUMINIUM,36.0,47.0,46.0,0.0,0.0,0.0,0,False,False,135.0,2.0,2.0,2.0,2.0,2.0,2.0,2.0,700.0,40.0,700.0,40.0,1.0,1,False,1.0,1.0,68.0,50.0,0.0,31.8,True,True,False,False,True,11.0,2,False,0.0,0.0,0,DISC,DISC,0.0,0.0,0.0,0.0,282.0,765.0,41.0,310.0,1.0
450,69.0,623.0,68.0,150.0,52.0,600.0,73.8,645.0,46.0,45.0,32.0,42.0,27.0,27.0,16.0,17,ALUMINIUM,38.0,49.0,47.0,0.0,0.0,0.0,0,False,False,140.0,2.0,2.0,2.0,2.0,2.0,2.0,2.0,702.0,41.0,702.0,41.0,1.0,1,False,1.0,1.0,68.0,52.0,0.0,32.0,True,True,False,False,True,12.0,3,False,0.0,0.0,0,DISC,DISC,0.0,0.0,0.0,0.0,285.0,780.0,42.0,320.0,1.0
410.0,50.0,580.0,68.5,150.0,45.0,560.0,74.0,640.0,45.0,45.0,45.0,36.5,36.5,30.0,13.0,15.0,ALUMINIUM,35.0,42.0,45.0,330.0,350.0,16.0,18.0,False,False,135.0,2.0,0.9,1.1,0.9,1.2,1.0,0.9,680.0,60.0,680.0,60.0,1.0,0,False,1.0,1.0,68.0,45.0,0.0,31.8,False,True,False,False,True,12.0,1,False,0.0,0.0,0,SPOKED,SPOKED,0.0,0.0,0.0,0.0,280.0,650.0,35.0,320.0,1.0
420.0,55.0,590.0,67.0,160.0,45.0,570.0,75.0,650.0,45.0,45.0,45.0,36.5,36.5,30.0,13.0,15.0,ALUMINIUM,36.0,45.0,47.0,330.0,350.0,16.0,18.0,False,False,135.0,2.0,0.9,1.1,0.9,1.2,1.0,0.9,690.0,65.0,690.0,65.0,1.0,1,False,1.0,1.0,68.0,45.0,0.0,31.8,True,False,False,False,True,11.0,2,False,0.0,0.0,0,SPOKED,SPOKED,0.0,0.0,290.0,660.0,35.0,330.0,1.0,,
400.0,60.0,595.0,69.0,140.0,45.0,555.0,73.0,630.0,45.0,45.0,45.0,36.5,36.5,30.0,13.0,15.0,ALUMINIUM,34.0,40.0,43.0,330.0,350.0,16.0,18.0,False,False,135.0,2.0,0.9,1.1,0.9,1.2,1.0,0.9,670.0,70.0,670.0,70.0,1.0,2,False,1.0,3.0,68.0,45.0,0.0,31.8,False,True,False,False,True,10.0,1,False,0.0,0.0,0,SPOKED,SPOKED,0.0,0.0,285.0,640.0,35.0,310.0,1.0,,
430.0,45.0,575.0,71.0,170.0,45.0,580.0,74.5,655.0,45.0,45.0,45.0,36.5,36.5,30.0,13.0,15.0,ALUMINIUM,38.0,44.0,46.0,330.0,350.0,16.0,18.0,False,False,135.0,2.0,0.9,1.1,0.9,1.2,1.0,0.9,685.0,55.0,685.0,55.0,1.0,0,False,1.0,1.0,68.0,45.0,0.0,31.8,False,True,False,False,True,12.0,2,False,0.0,0.0,0,SPOKED,SPOKED,0.0,0.0,295.0,660.0,35.0,325.0,1.0,,
415.0,50.0,565.0,66.5,135.0,45.0,545.0,76.0,635.0,45.0,45.0,45.0,36.5,36.5,30.0,13.0,15.0,ALUMINIUM,32.0,39.0,44.0,330.0,350.0,16.0,18.0,False,False,135.0,2.0,0.9,1.1,0.9,1.2,1.0,0.9,660.0,68.0,660.0,68.0,1.0,1,False,1.0,3.0,68.0,45.0,0.0,31.8,False,True,False,False,True,11.0,1,False,0.0,0.0,0,SPOKED,SPOKED,0.0,0.0,280.0,630.0,35.0,315.0,1.0,,
425.0,52.0,600.0,68.0,155.0,45.0,565.0,75.0,645.0,45.0,45.0,45.0,36.5,36.5,30.0,13.0,15.0,ALUMINIUM,37.0,41.0,48.0,330.0,350.0,16.0,18.0,False,False,135.0,2.0,0.9,1.1,0.9,1.2,1.0,0.9,695.0,62.0,695.0,62.0,1.0,2,False,1.0,1.0,68.0,45.0,0.0,31.8,False,False,False,False,True,10.0,2,False,0.0,0.0,0,SPOKED,SPOKED,0.0,0.0,300.0,670.0,35.0,330.0,1.0,,
405.0,53.0,585.0,70.0,145.0,45.0,555.0,73.5,638.0,45.0,45.0,45.0,36.5,36.5,30.0,13.0,15.0,ALUMINIUM,35.0,43.0,45.0,330.0,350.0,16.0,18.0,False,False,135.0,2.0,0.9,1.1,0.9,1.2,1.0,0.9,675.0,58.0,675.0,58.0,1.0,1,False,1.0,1.0,68.0,45.0,0.0,31.8,False,True,False,False,True,12.0,1,False,0.0,0.0,0,SPOKED,SPOKED,0.0,0.0,290.0,655.0,35.0,325.0,1.0,,
435.0,48.0,590.0,67.5,165.0,45.0,575.0,74.0,650.0,45.0,45.0,45.0,36.5,36.5,30.0,13.0,15.0,ALUMINIUM,36.5,46.0,47.5,330.0,350.0,16.0,18.0,False,False,135.0,2.0,0.9,1.1,0.9,1.2,1.0,0.9,690.0,64.0,690.0,64.0,1.0,0,False,1.0,3.0,68.0,45.0,0.0,31.8,True,True,False,False,True,11.0,2,False,0.0,0.0,0,SPOKED,SPOKED,0.0,0.0,300.0,680.0,35.0,330.0,1.0,,
395.0,60.0,610.0,69.5,150.0,45.0,590.0,75.5,660.0,45.0,45.0,45.0,36.5,36.5,30.0,13.0,15.0,ALUMINIUM,37.0,42.5,49.0,330.0,350.0,16.0,18.0,False,False,135.0,2.0,0.9,1.1,0.9,1.2,1.0,0.9,700.0,60.0,700.0,60.0,1.0,1,False,1.0,1.0,68.0,45.0,0.0,31.8,False,True,False,False,True,12.0,1,False,0.0,0.0,0,SPOKED,SPOKED,0.0,0.0,295.0,690.0,35.0,325.0,1.0,,
420.0,50.0,580.0,68.5,155.0,45.0,565.0,74.0,645.0,45.0,45.0,45.0,36.5,36.5,30.0,13.0,15.0,ALUMINIUM,35.5,41.5,46.5,330.0,350.0,16.0,18.0,False,False,135.0,2.0,0.9,1.1,0.9,1.2,1.0,0.9,680.0,66.0,680.0,66.0,1.0,2,False,1.0,3.0,68.0,45.0,0.0,31.8,False,True,False,False,True,10.0,1,False,0.0,0.0,0,SPOKED,SPOKED,0.0,0.0,285.0,660.0,35.0,315.0,1.0,,
450.0,70.0,620.0,70.0,140.0,45.0,560.0,73.0,650.0,45.0,45.0,33.6,34.9,27.0,24.0,13.0,15.0,ALUMINIUM,40.0,55.0,45.0,330.0,350.0,16.0,18.0,False,False,135.0,2.0,1.1,1.2,1.0,1.1,1.0,1.1,650.0,90.0,650.0,90.0,1.0,0,False,1.0,1.0,68.0,50.0,0.0,31.8,False,False,False,False,True,12.0,2,False,0.0,0.0,0,DISC,SPOKED,0.0,0.0,0.0,0.0,280.0,740.0,34.9,700.0,1.0
460.0,65.0,630.0,71.0,150.0,50.0,580.0,72.0,660.0,45.0,50.0,32.0,35.0,26.0,23.0,13.0,15.0,ALUMINIUM,42.0,57.0,47.0,330.0,350.0,16.0,18.0,False,False,135.0,2.0,1.2,1.1,1.1,1.0,1.1,1.0,650.0,85.0,650.0,85.0,1.0,1,False,1.0,1.0,68.0,50.0,0.0,31.8,False,False,False,False,True,11.0,1,False,0.0,0.0,0,DISC,SPOKED,0.0,0.0,0.0,0.0,290.0,750.0,35.0,720.0,1.0
470.0,60.0,615.0,69.0,130.0,45.0,590.0,73.5,640.0,50.0,45.0,31.8,34.0,25.5,22.0,13.0,15.0,ALUMINIUM,35.0,50.0,50.0,330.0,350.0,16.0,18.0,False,False,135.0,2.0,1.0,1.1,1.2,1.0,0.9,1.0,660.0,100.0,660.0,100.0,1.0,2,False,1.0,1.0,68.0,50.0,0.0,31.8,False,False,False,False,True,11.0,1,False,0.0,0.0,0,DISC,SPOKED,0.0,0.0,0.0,0.0,285.0,720.0,34.0,730.0,1.0
480.0,55.0,605.0,68.0,120.0,45.0,600.0,74.0,665.0,45.0,50.0,32.5,34.5,24.0,22.5,13.0,15.0,ALUMINIUM,45.0,60.0,40.0,330.0,350.0,16.0,18.0,False,False,135.0,2.0,0.9,1.3,1.0,1.1,1.0,1.2,650.0,85.0,650.0,85.0,1.0,0,False,1.0,1.0,68.0,50.0,0.0,31.8,False,False,False,False,True,10.0,2,False,0.0,0.0,0,DISC,SPOKED,0.0,0.0,0.0,0.0,290.0,750.0,35.0,740.0,1.0
490.0,75.0,640.0,74.0,170.0,45.0,620.0,71.0,670.0,45.0,60.0,33.0,36.0,29.0,27.0,13.0,15.0,ALUMINIUM,50.0,58.0,55.0,330.0,350.0,16.0,18.0,False,False,135.0,2.0,0.95,1.25,1.1,0.95,1.0,1.0,650.0,95.0,650.0,95.0,1.0,1,False,1.0,1.0,68.0,50.0,0.0,31.8,False,False,False,False,True,11.0,1,False,0.0,0.0,0,DISC,SPOKED,0.0,0.0,0.0,0.0,300.0,760.0,36.0,700.0,1.0
500.0,65.0,600.0,72.0,160.0,50.0,610.0,69.0,655.0,45.0,45.0,31.8,33.0,28.0,25.0,13.0,15.0,ALUMINIUM,38.0,52.0,47.0,330.0,350.0,16.0,18.0,False,False,135.0,2.0,1.2,1.0,1.2,1.1,1.0,1.0,650.0,80.0,650.0,80.0,1.0,2,False,1.0,1.0,68.0,50.0,0.0,31.8,False,False,False,False,True,10.0,2,False,0.0,0.0,0,DISC,SPOKED,0.0,0.0,0.0,0.0,280.0,720.0,33.0,710.0,1.0
510.0,70.0,610.0,73.0,150.0,45.0,580.0,72.0,665.0,45.0,50.0,33.0,34.0,26.5,24.5,13.0,15.0,ALUMINIUM,42.0,49.0,43.0,330.0,350.0,16.0,18.0,False,False,135.0,2.0,1.0,1.1,1.0,1.2,1.1,1.0,650.0,90.0,650.0,90.0,1.0,0,False,1.0,1.0,68.0,50.0,0.0,31.8,False,False,False,False,True,12.0,1,False,0.0,0.0,0,DISC,SPOKED,0.0,0.0,0.0,0.0,295.0,730.0,34.0,740.0,1.0
520.0,68.0,620.0,74.0,155.0,45.0,590.0,74.0,670.0,45.0,55.0,33.6,35.0,27.5,23.5,13.0,15.0,ALUMINIUM,48.0,57.0,46.0,330.0,350.0,16.0,18.0,False,False,135.0,2.0,1.1,1.2,1.1,1.0,1.0,1.1,650.0,95.0,650.0,95.0,1.0,1,False,1.0,1.0,68.0,50.0,0.0,31.8,False,False,False,False,True,11.0,2,False,0.0,0.0,0,DISC,SPOKED,0.0,0.0,0.0,0.0,300.0,760.0,35.0,700.0,1.0
530.0,69.0,635.0,67.0,125.0,45.0,575.0,75.0,645.0,45.0,45.0,32.0,33.5,24.5,22.5,13.0,15.0,ALUMINIUM,37.0,53.0,44.0,330.0,350.0,16.0,18.0,False,False,135.0,2.0,0.9,1.0,1.2,1.1,1.0,1.0,650.0,100.0,650.0,100.0,1.0,2,False,1.0,1.0,68.0,50.0,0.0,31.8,False,False,False,False,True,10.0,1,False,0.0,0.0,0,DISC,SPOKED,0.0,0.0,0.0,0.0,280.0,740.0,33.5,730.0,1.0
495.0,62.0,627.0,68.5,135.0,45.0,595.0,72.5,658.0,45.0,50.0,33.0,34.5,26.0,24.0,13.0,15.0,ALUMINIUM,39.0,56.0,42.0,330.0,350.0,16.0,18.0,False,False,135.0,2.0,1.05,1.15,1.05,1.0,1.0,1.2,650.0,90.0,650.0,90.0,1.0,0,False,1.0,1.0,68.0,50.0,0.0,31.8,False,False,False,False,True,12.0,2,False,0.0,0.0,0,DISC,SPOKED,0.0,0.0,0.0,0.0,285.0,725.0,34.5,745.0,1.0
430.0,65.0,610.0,68.0,140.0,47.0,580.0,74.0,640.0,45.0,45.0,33.0,32.0,36.5,23.35,13.0,15.0,ALUMINIUM,35.0,40.0,45.0,330.0,350.0,16.0,18.0,False,False,135.0,2.0,0.9,1.1,0.9,1.2,1.0,0.9,650.0,80.0,650.0,80.0,1.0,1,False,1.0,1.0,68.0,45.0,0.0,31.8,False,True,False,False,True,12.0,1,False,0.0,0.0,0,SPOKED,SPOKED,0.0,0.0,0.0,0.0,280.0,800.0,34.9,300.0,1.0
440.0,65.0,620.0,67.5,150.0,46.0,590.0,73.5,650.0,45.0,45.0,34.0,33.0,36.5,24.0,13.0,15.0,ALUMINIUM,36.0,42.0,43.0,330.0,350.0,16.0,18.0,False,False,135.0,2.0,0.9,1.1,0.9,1.2,1.0,0.9,660.0,85.0,660.0,85.0,1.0,1,False,1.0,1.0,68.0,46.0,0.0,32.0,False,True,False,False,True,11.0,1,False,0.0,0.0,0,SPOKED,SPOKED,0.0,0.0,0.0,0.0,285.0,810.0,35.0,310.0,1.0
420.0,60.0,605.0,69.0,135.0,48.0,575.0,75.0,635.0,46.0,50.0,32.0,31.0,37.0,23.0,14.0,16.0,ALUMINIUM,34.0,41.0,44.0,330.0,350.0,16.0,18.0,False,False,135.0,2.0,0.9,1.1,0.9,1.2,1.0,0.9,655.0,82.0,655.0,82.0,1.0,1,False,1.0,1.0,68.0,45.0,0.0,31.5,False,True,False,False,True,12.0,1,False,0.0,0.0,0,SPOKED,SPOKED,0.0,0.0,0.0,0.0,278.0,790.0,34.8,305.0,1.0
450.0,70.0,630.0,67.0,145.0,45.0,600.0,74.0,645.0,45.0,45.0,33.5,32.5,36.5,24.5,13.0,15.0,ALUMINIUM,37.0,43.0,42.0,330.0,350.0,16.0,18.0,False,False,135.0,2.0,0.9,1.1,0.9,1.2,1.0,0.9,658.0,88.0,658.0,88.0,1.0,1,False,1.0,1.0,68.0,45.0,0.0,32.2,False,True,False,False,True,11.0,1,False,0.0,0.0,0,SPOKED,SPOKED,0.0,0.0,0.0,0.0,290.0,815.0,35.2,320.0,1.0
435.0,63.0,595.0,68.5,138.0,49.0,570.0,74.5,630.0,46.0,50.0,32.8,31.8,37.5,23.8,13.0,15.0,ALUMINIUM,35.5,39.5,46.5,330.0,350.0,16.0,18.0,False,False,135.0,2.0,0.9,1.1,0.9,1.2,1.0,0.9,660.0,90.0,660.0,90.0,1.0,1,False,1.0,1.0,68.0,47.0,0.0,32.5,False,True,False,False,True,12.0,1,False,0.0,0.0,0,SPOKED,SPOKED,0.0,0.0,0.0,0.0,276.0,795.0,34.9,295.0,1.0
445.0,67.0,625.0,66.5,142.0,46.5,585.0,73.0,648.0,45.0,45.0,33.2,32.2,36.7,23.5,13.0,15.0,ALUMINIUM,36.5,44.5,41.5,330.0,350.0,16.0,18.0,False,False,135.0,2.0,0.9,1.1,0.9,1.2,1.0,0.9,652.0,83.0,652.0,83.0,1.0,1,False,1.0,1.0,68.0,44.0,0.0,31.9,False,True,False,False,True,11.0,1,False,0.0,0.0,0,SPOKED,SPOKED,0.0,0.0,0.0,0.0,288.0,805.0,34.5,315.0,1.0
425.0,64.0,600.0,70.0,130.0,48.0,565.0,75.5,620.0,45.0,50.0,31.5,30.5,37.2,23.2,14.0,16.0,ALUMINIUM,33.0,38.0,47.0,330.0,350.0,16.0,18.0,False,False,135.0,2.0,0.9,1.1,0.9,1.2,1.0,0.9,645.0,79.0,645.0,79.0,1.0,1,False,1.0,1.0,68.0,45.0,0.0,31.7,False,True,False,False,True,12.0,1,False,0.0,0.0,0,SPOKED,SPOKED,0.0,0.0,0.0,0.0,274.0,780.0,34.7,290.0,1.0
455.0,66.0,635.0,67.8,148.0,45.5,605.0,74.8,655.0,45.0,45.0,33.7,32.7,36.6,23.6,13.0,15.0,ALUMINIUM,37.5,45.0,40.0,330.0,350.0,16.0,18.0,False,False,135.0,2.0,0.9,1.1,0.9,1.2,1.0,0.9,668.0,89.0,668.0,89.0,1.0,1,False,1.0,1.0,68.0,45.0,0.0,31.8,False,True,False,False,True,11.0,1,False,0.0,0.0,0,SPOKED,SPOKED,0.0,0.0,0.0,0.0,292.0,820.0,34.8,325.0,1.0
415.0,62.0,590.0,69.2,132.0,49.5,555.0,75.2,615.0,46.0,50.0,31.8,30.8,37.8,23.8,14.0,16.0,ALUMINIUM,33.5,39.0,48.5,330.0,350.0,16.0,18.0,False,False,135.0,2.0,0.9,1.1,0.9,1.2,1.0,0.9,640.0,78.0,640.0,78.0,1.0,1,False,1.0,1.0,68.0,46.0,0.0,32.0,False,True,False,False,True,12.0,1,False,0.0,0.0,0,SPOKED,SPOKED,0.0,0.0,0.0,0.0,270.0,770.0,34.6,280.0,1.0
460.0,68.0,640.0,68.2,155.0,45.0,615.0,73.2,660.0,45.0,45.0,34.0,33.0,36.5,23.5,13.0,15.0,ALUMINIUM,38.0,46.0,39.0,330.0,350.0,16.0,18.0,False,False,135.0,2.0,0.9,1.1,0.9,1.2,1.0,0.9,672.0,92.0,672.0,92.0,1.0,1,False,1.0,1.0,68.0,45.0,0.0,31.8,False,True,False,False,True,11.0,1,False,0.0,0.0,0,SPOKED,SPOKED,0.0,0.0,0.0,0.0,295.0,830.0,35.1,330.0,1.0
420.0,65.0,610.0,68.0,130.0,45.0,540.0,74.0,630.0,50.0,45.0,40.0,33.6,36.5,23.35,13.0,15.0,ALUMINIUM,30.0,50.0,50.0,330.0,350.0,16.0,18.0,False,False,135.0,2.0,0.9,1.1,0.9,1.2,1.0,0.9,650.0,52.0,650.0,52.0,1.0,2,False,1.0,1.0,68.0,45.0,0.0,31.8,True,True,False,False,True,10.0,1,False,0.0,0.0,0,SPOKED,SPOKED,0.0,0.0,0.0,0.0,300.0,760.0,34.9,300.0,1.0
430.0,60.0,600.0,69.0,125.0,48.0,550.0,73.5,635.0,55.0,45.0,40.0,33.6,36.5,23.35,13.0,15.0,ALUMINIUM,28.0,52.0,48.0,330.0,350.0,16.0,18.0,False,False,142.0,2.0,0.9,1.1,0.9,1.2,1.0,0.9,650.0,52.0,650.0,52.0,1.0,2,False,1.0,1.0,68.0,44.0,0.0,31.8,True,True,True,False,True,11.0,1,True,0.0,0.0,0,SPOKED,SPOKED,0.0,0.0,0.0,0.0,310.0,750.0,34.9,320.0,1.0
440.0,62.0,620.0,67.5,135.0,50.0,530.0,74.5,640.0,53.0,45.0,40.0,33.6,36.5,23.35,14.0,16.0,ALUMINIUM,32.0,48.0,51.0,330.0,350.0,16.0,18.0,False,False,135.0,2.0,0.9,1.1,0.9,1.2,1.0,0.9,650.0,52.0,650.0,52.0,1.0,1,False,1.0,3.0,70.0,46.0,0.0,31.8,True,True,True,True,True,9.0,2,False,0.0,0.0,0,SPOKED,SPOKED,0.0,0.0,0.0,0.0,305.0,770.0,34.9,310.0,1.0
415.0,66.0,605.0,68.5,128.0,46.0,545.0,73.0,625.0,52.0,40.0,40.0,33.6,36.5,23.35,13.0,15.0,ALUMINIUM,31.0,49.0,49.0,330.0,350.0,16.0,18.0,False,False,135.0,2.0,0.9,1.1,0.9,1.2,1.0,0.9,650.0,52.0,650.0,52.0,1.0,2,False,1.0,1.0,68.0,45.0,0.0,31.8,True,True,False,False,True,12.0,1,False,0.0,0.0,0,SPOKED,SPOKED,0.0,0.0,0.0,0.0,300.0,765.0,34.9,315.0,1.0
425.0,64.0,615.0,67.0,132.0,47.0,535.0,75.0,615.0,51.0,45.0,42.0,36.0,38.0,25.0,14.0,16.0,ALUMINIUM,33.0,51.0,52.0,330.0,350.0,16.0,18.0,False,False,140.0,2.0,0.9,1.1,0.9,1.2,1.0,0.9,650.0,53.0,650.0,53.0,1.0,1,False,1.0,1.0,70.0,44.0,0.0,32.0,False,True,False,False,True,11.0,1,False,0.0,0.0,0,SPOKED,SPOKED,0.0,0.0,0.0,0.0,295.0,755.0,34.9,305.0,1.0
435.0,63.0,620.0,69.5,138.0,49.0,560.0,73.5,620.0,54.0,45.0,40.0,33.6,36.5,23.35,13.0,15.0,ALUMINIUM,35.0,53.0,49.0,330.0,350.0,16.0,18.0,False,False,135.0,2.0,0.9,1.1,0.9,1.2,1.0,0.9,650.0,52.0,650.0,52.0,1.0,2,False,1.0,2.0,68.0,45.0,0.0,31.8,True,False,False,False,True,10.0,1,False,0.0,0.0,0,SPOKED,SPOKED,0.0,0.0,0.0,0.0,300.0,780.0,34.9,320.0,2.0
445.0,61.0,630.0,67.5,140.0,51.0,545.0,74.0,605.0,53.0,45.0,40.0,33.6,36.5,23.35,14.0,15.0,ALUMINIUM,34.0,50.0,53.0,330.0,350.0,16.0,18.0,False,False,135.0,2.0,0.9,1.1,0.9,1.2,1.0,0.9,650.0,52.0,650.0,52.0,1.0,1,False,1.0,3.0,68.0,46.0,0.0,31.8,True,True,True,False,True,9.0,1,True,0.0,0.0,0,SPOKED,SPOKED,0.0,0.0,0.0,0.0,310.0,775.0,34.9,310.0,2.0
405.0,68.0,595.0,68.0,120.0,44.0,520.0,75.0,610.0,50.0,45.0,40.0,33.6,36.5,23.35,12.0,14.0,ALUMINIUM,27.0,47.0,47.0,330.0,350.0,16.0,18.0,False,False,142.0,2.0,0.9,1.1,0.9,1.2,1.0,0.9,650.0,52.0,650.0,52.0,1.0,2,False,1.0,1.0,68.0,45.0,0.0,31.8,True,True,True,True,True,10.0,1,False,0.0,0.0,0,SPOKED,SPOKED,0.0,0.0,0.0,0.0,300.0,740.0,34.9,305.0,1.0
455.0,59.0,635.0,67.0,145.0,52.0,550.0,74.5,650.0,56.0,45.0,40.0,33.6,36.5,23.35,14.0,16.0,ALUMINIUM,36.0,54.0,55.0,330.0,350.0,16.0,18.0,False,False,135.0,2.0,0.9,1.1,0.9,1.2,1.0,0.9,650.0,52.0,650.0,52.0,1.0,1,False,1.0,1.0,68.0,47.0,0.0,31.8,True,True,False,True,True,9.0,2,False,0.0,0.0,0,SPOKED,SPOKED,0.0,0.0,0.0,0.0,315.0,785.0,34.9,320.0,1.0
425.0,65.0,605.0,69.0,128.0,48.0,540.0,73.0,630.0,52.0,40.0,40.0,33.6,36.5,23.35,13.0,15.0,ALUMINIUM,29.0,49.0,49.0,330.0,350.0,16.0,18.0,False,False,135.0,2.0,0.9,1.1,0.9,1.2,1.0,0.9,650.0,52.0,650.0,52.0,1.0,2,False,1.0,2.0,68.0,44.0,0.0,31.8,True,True,False,False,True,10.0,1,False,0.0,0.0,0,SPOKED,SPOKED,0.0,0.0,0.0,0.0,300.0,760.0,34.9,315.0,1.0
430.0,40.0,600.0,67.0,110.0,50.0,550.0,73.0,650.0,50.0,45.0,30.0,36.5,36.5,23.35,15.0,9.0,ALUMINIUM,35.0,30.0,40.0,0.0,0.0,0.0,0.0,False,False,135.0,1.2,0.9,1.1,0.9,1.0,0.9,0.9,736.0,50.0,736.0,50.0,1.0,1,False,1.0,3.0,68.0,45.0,0.0,45.0,False,False,False,False,True,12.0,1,False,0.0,0.0,0,SPOKED,SPOKED,0.0,0.0,0.0,0.0,278.0,740.0,34.9,300.0,1.0
450.0,45.0,620.0,68.0,115.0,55.0,560.0,72.5,655.0,48.0,45.0,32.0,36.5,36.5,23.35,15.0,9.0,ALUMINIUM,34.0,32.0,38.0,0.0,0.0,0.0,0.0,False,False,135.0,1.2,0.9,1.1,0.9,1.0,0.9,0.9,736.0,50.0,736.0,50.0,1.0,2,False,1.0,3.0,68.0,45.0,0.0,45.0,False,True,False,False,True,12.0,1,False,0.0,0.0,0,SPOKED,SPOKED,0.0,0.0,0.0,0.0,280.0,730.0,34.9,300.0,1.0
440.0,50.0,610.0,66.0,105.0,60.0,545.0,74.0,660.0,52.0,45.0,31.0,36.5,36.5,23.35,15.0,9.0,ALUMINIUM,36.0,33.0,39.0,0.0,0.0,0.0,0.0,False,False,135.0,1.2,0.9,1.1,0.9,1.0,0.9,0.9,736.0,50.0,736.0,50.0,1.0,0,False,1.0,3.0,68.0,45.0,0.0,45.0,False,True,False,False,True,12.0,1,False,0.0,0.0,0,SPOKED,SPOKED,0.0,0.0,0.0,0.0,278.0,735.0,34.9,300.0,1.0
460.0,35.0,605.0,67.5,120.0,50.0,570.0,73.5,645.0,50.0,45.0,33.0,36.5,36.5,23.35,15.0,9.0,ALUMINIUM,35.0,31.0,40.0,0.0,0.0,0.0,0.0,False,False,135.0,1.2,0.9,1.1,0.9,1.0,0.9,0.9,736.0,50.0,736.0,50.0,1.0,1,False,1.0,3.0,68.0,45.0,0.0,45.0,False,False,False,False,True,12.0,1,False,0.0,0.0,0,SPOKED,SPOKED,0.0,0.0,0.0,0.0,280.0,745.0,34.9,300.0,1.0
420.0,45.0,630.0,68.5,110.0,45.0,558.0,72.0,642.0,50.0,45.0,34.0,36.5,36.5,23.35,15.0,9.0,ALUMINIUM,34.0,32.0,39.0,0.0,0.0,0.0,0.0,False,False,135.0,1.2,0.9,1.1,0.9,1.0,0.9,0.9,736.0,50.0,736.0,50.0,1.0,2,False,1.0,3.0,68.0,45.0,0.0,45.0,False,False,False,False,True,12.0,1,True,0.0,0.0,0,SPOKED,SPOKED,0.0,0.0,0.0,0.0,278.0,735.0,34.9,300.0,1.0
435.0,48.0,615.0,66.5,108.0,52.0,552.0,73.0,648.0,49.0,45.0,32.5,36.5,36.5,23.35,15.0,9.0,ALUMINIUM,36.0,34.0,38.0,0.0,0.0,0.0,0.0,False,False,135.0,1.2,0.9,1.1,0.9,1.0,0.9,0.9,736.0,50.0,736.0,50.0,1.0,1,False,1.0,3.0,68.0,45.0,0.0,45.0,True,False,False,False,True,12.0,1,False,0.0,0.0,0,SPOKED,SPOKED,0.0,0.0,0.0,0.0,278.0,730.0,34.9,300.0,1.0
445.0,38.0,625.0,67.0,112.0,58.0,565.0,74.0,660.0,50.0,45.0,31.5,36.5,36.5,23.35,15.0,9.0,ALUMINIUM,35.0,33.5,39.5,0.0,0.0,0.0,0.0,False,False,135.0,1.2,0.9,1.1,0.9,1.0,0.9,0.9,736.0,50.0,736.0,50.0,1.0,2,False,1.0,3.0,68.0,45.0,0.0,45.0,False,False,False,False,True,12.0,1,True,0.0,0.0,0,SPOKED,SPOKED,0.0,0.0,0.0,0.0,280.0,740.0,34.9,300.0,1.0
455.0,42.0,635.0,68.0,118.0,54.0,580.0,72.5,655.0,50.0,45.0,33.5,36.5,36.5,23.35,15.0,9.0,ALUMINIUM,36.0,35.0,38.0,0.0,0.0,0.0,0.0,False,False,135.0,1.2,0.9,1.1,0.9,1.0,0.9,0.9,736.0,50.0,736.0,50.0,1.0,0,False,1.0,3.0,68.0,45.0,0.0,45.0,False,False,False,False,True,12.0,1,False,0.0,0.0,0,SPOKED,SPOKED,0.0,0.0,0.0,0.0,278.0,750.0,34.9,300.0,1.0
425.0,33.0,600.0,66.0,102.0,50.0,545.0,73.5,640.0,50.0,45.0,30.5,36.5,36.5,23.35,15.0,9.0,ALUMINIUM,34.0,31.0,40.0,0.0,0.0,0.0,0.0,False,False,135.0,1.2,0.9,1.1,0.9,1.0,0.9,0.9,736.0,50.0,736.0,50.0,1.0,1,False,1.0,3.0,68.0,45.0,0.0,45.0,False,False,True,False,True,12.0,1,False,0.0,0.0,0,SPOKED,SPOKED,0.0,0.0,0.0,0.0,278.0,735.0,34.9,300.0,1.0
470.0,40.0,640.0,69.0,125.0,60.0,590.0,74.0,665.0,52.0,45.0,34.0,36.5,36.5,23.35,15.0,9.0,ALUMINIUM,37.0,36.0,37.0,0.0,0.0,0.0,0.0,False,False,135.0,1.2,0.9,1.1,0.9,1.0,0.9,0.9,736.0,50.0,736.0,50.0,1.0,2,False,1.0,3.0,68.0,45.0,0.0,45.0,False,True,True,False,True,12.0,1,True,0.0,0.0,0,SPOKED,SPOKED,0.0,0.0,0.0,0.0,280.0,755.0,34.9,300.0,1.0
415.0,50.0,600.0,67.0,110.0,50.0,550.0,73.0,640.0,45.0,40.0,28.0,36.0,24.0,24.0,15.0,9.0,ALUMINIUM,34.0,35.0,45.0,330.0,350.0,16.0,18.0,False,False,142.0,2.0,0.9,1.1,0.9,1.2,1.0,0.9,650.0,50.0,650.0,50.0,1.0,1,False,1.0,1.0,68.0,45.0,0.0,31.8,False,True,False,False,True,12.0,1,False,0.0,0.0,0,SPOKED,SPOKED,0.0,0.0,0.0,0.0,250.0,780.0,36.0,350.0,1.0
420.0,55.0,595.0,66.0,105.0,48.0,545.0,74.0,645.0,44.0,40.0,29.0,36.5,24.5,24.5,15.5,9.0,ALUMINIUM,35.0,36.0,46.0,330.0,350.0,16.0,18.0,False,False,135.0,2.0,0.9,1.1,0.9,1.2,1.0,0.9,650.0,50.0,650.0,50.0,1.0,2,False,1.0,1.0,68.0,45.0,0.0,31.8,False,True,False,False,True,11.0,1,False,0.0,0.0,0,SPOKED,SPOKED,0.0,0.0,0.0,0.0,255.0,770.0,36.5,345.0,1.0
410.0,60.0,610.0,68.0,120.0,52.0,560.0,72.5,635.0,46.0,40.0,28.5,37.0,23.5,23.5,14.5,9.0,ALUMINIUM,33.0,34.0,44.0,330.0,350.0,16.0,18.0,False,False,142.0,2.0,0.9,1.1,0.9,1.2,1.0,0.9,650.0,50.0,650.0,50.0,1.0,0,False,1.0,1.0,68.0,45.0,0.0,31.8,False,True,False,False,True,12.0,2,False,0.0,0.0,0,SPOKED,SPOKED,0.0,0.0,260.0,785.0,36.0,360.0,1.0,,
430.0,50.0,580.0,67.5,115.0,55.0,530.0,73.5,650.0,47.0,40.0,29.5,36.0,23.0,23.0,15.0,9.0,ALUMINIUM,36.0,37.0,48.0,330.0,350.0,16.0,18.0,False,False,135.0,2.0,0.9,1.1,0.9,1.2,1.0,0.9,650.0,50.0,650.0,50.0,1.0,2,False,1.0,1.0,68.0,45.0,0.0,31.8,False,True,False,False,True,11.0,1,False,0.0,0.0,0,SPOKED,SPOKED,0.0,0.0,265.0,790.0,36.0,340.0,1.0,,
425.0,52.0,605.0,66.5,100.0,50.0,555.0,74.0,655.0,44.0,40.0,28.8,36.8,24.0,24.0,15.2,9.0,ALUMINIUM,34.5,37.0,47.0,330.0,350.0,16.0,18.0,False,False,142.0,2.0,0.9,1.1,0.9,1.2,1.0,0.9,650.0,50.0,650.0,50.0,1.0,1,False,1.0,1.0,68.0,45.0,0.0,31.8,False,True,False,False,True,12.0,1,False,0.0,0.0,0,SPOKED,SPOKED,0.0,0.0,270.0,760.0,36.8,355.0,1.0,,
430.0,48.0,595.0,66.0,108.0,49.0,548.0,73.0,638.0,45.0,40.0,28.2,36.2,23.8,23.8,14.8,9.0,ALUMINIUM,35.2,35.5,45.5,330.0,350.0,16.0,18.0,False,False,135.0,2.0,0.9,1.1,0.9,1.2,1.0,0.9,650.0,50.0,650.0,50.0,1.0,0,False,1.0,1.0,68.0,45.0,0.0,31.8,False,True,False,False,True,11.0,2,False,0.0,0.0,0,SPOKED,SPOKED,0.0,0.0,275.0,775.0,36.2,365.0,1.0,,
420.0,53.0,600.0,67.5,112.0,53.0,552.0,73.0,642.0,45.0,40.0,28.7,36.7,24.1,24.1,15.3,9.0,ALUMINIUM,35.5,36.5,46.5,330.0,350.0,16.0,18.0,False,False,142.0,2.0,0.9,1.1,0.9,1.2,1.0,0.9,650.0,50.0,650.0,50.0,1.0,1,False,1.0,1.0,68.0,45.0,0.0,31.8,False,True,False,False,True,12.0,1,False,0.0,0.0,0,SPOKED,SPOKED,0.0,0.0,280.0,780.0,36.7,358.0,1.0,,
418.0,54.0,610.0,68.0,118.0,54.0,558.0,74.5,648.0,46.0,40.0,28.9,36.9,24.2,24.2,15.7,9.0,ALUMINIUM,36.8,37.8,47.8,330.0,350.0,16.0,18.0,False,False,135.0,2.0,0.9,1.1,0.9,1.2,1.0,0.9,650.0,50.0,650.0,50.0,1.0,2,False,1.0,1.0,68.0,45.0,0.0,31.8,False,True,False,False,True,10.0,2,False,0.0,0.0,0,SPOKED,SPOKED,0.0,0.0,275.0,768.0,36.9,352.0,1.0,,
412.0,56.0,595.0,66.8,109.0,47.0,538.0,73.2,639.0,44.0,40.0,29.2,37.2,23.9,23.9,15.1,9.0,ALUMINIUM,34.8,35.8,45.8,330.0,350.0,16.0,18.0,False,False,142.0,2.0,0.9,1.1,0.9,1.2,1.0,0.9,650.0,50.0,650.0,50.0,1.0,0,False,1.0,1.0,68.0,45.0,0.0,31.8,False,True,False,False,True,11.0,1,False,0.0,0.0,0,SPOKED,SPOKED,0.0,0.0,285.0,785.0,37.2,348.0,1.0,,
428.0,51.0,605.0,67.2,114.0,51.0,548.0,73.8,647.0,47.0,40.0,28.4,36.4,23.7,23.7,15.4,9.0,ALUMINIUM,36.2,37.2,47.2,330.0,350.0,16.0,18.0,False,False,135.0,2.0,0.9,1.1,0.9,1.2,1.0,0.9,650.0,50.0,650.0,50.0,1.0,1,False,1.0,1.0,68.0,45.0,0.0,31.8,False,True,False,False,True,12.0,2,False,0.0,0.0,0,SPOKED,SPOKED,0.0,0.0,270.0,772.0,36.4,362.0,1.0,,
430.0,40.0,610.0,67.0,120.0,45.0,560.0,73.0,650.0,50.0,40.0,31.8,34.0,30.0,25.4,13.0,9.0,ALUMINIUM,30.0,50.0,50.0,0.0,0.0,0.0,0.0,False,False,135.0,2.0,0.9,1.1,0.9,1.2,1.0,0.9,650.0,65.0,650.0,65.0,1.0,2,False,1.0,1.0,68.0,44.0,0.0,34.9,False,True,False,False,True,12.0,1,False,0.0,0.0,0,SPOKED,SPOKED,0.0,0.0,0.0,0.0,280.0,750.0,34.9,350.0,1.0
420.0,50.0,620.0,66.0,110.0,45.0,570.0,74.0,660.0,55.0,40.0,28.6,34.0,30.0,25.4,13.0,9.0,ALUMINIUM,32.0,52.0,48.0,0.0,0.0,0.0,0.0,False,False,135.0,2.0,0.9,1.1,0.9,1.2,1.0,0.9,650.0,65.0,650.0,65.0,1.0,1,False,1.0,1.0,70.0,45.0,0.0,34.9,False,True,False,False,True,11.0,2,False,0.0,0.0,0,SPOKED,SPOKED,0.0,0.0,0.0,0.0,280.0,760.0,34.9,360.0,1.0
440.0,45.0,600.0,68.0,130.0,45.0,550.0,73.5,640.0,55.0,40.0,31.8,34.0,30.0,25.4,13.0,9.0,ALUMINIUM,33.0,50.0,50.0,0.0,0.0,0.0,0.0,False,False,135.0,2.0,0.9,1.1,0.9,1.2,1.0,0.9,650.0,60.0,650.0,60.0,1.0,2,False,1.0,1.0,72.0,42.0,0.0,34.9,False,True,False,False,True,10.0,2,False,0.0,0.0,0,SPOKED,SPOKED,0.0,0.0,0.0,0.0,280.0,755.0,34.9,355.0,1.0
450.0,35.0,630.0,67.0,125.0,45.0,580.0,72.0,655.0,50.0,40.0,31.8,34.0,30.0,25.4,13.0,9.0,ALUMINIUM,31.0,48.0,52.0,0.0,0.0,0.0,0.0,False,False,135.0,2.0,0.9,1.1,0.9,1.2,1.0,0.9,650.0,65.0,650.0,65.0,1.0,2,False,1.0,1.0,68.0,43.0,0.0,34.9,False,True,False,False,True,12.0,1,False,0.0,0.0,0,SPOKED,SPOKED,0.0,0.0,0.0,0.0,280.0,745.0,34.9,340.0,1.0
425.0,50.0,615.0,66.5,115.0,45.0,565.0,73.5,648.0,52.0,40.0,28.6,34.0,30.0,25.4,13.0,9.0,ALUMINIUM,29.0,52.0,48.0,0.0,0.0,0.0,0.0,False,False,135.0,2.0,0.9,1.1,0.9,1.2,1.0,0.9,650.0,65.0,650.0,65.0,1.0,1,False,1.0,1.0,68.0,44.0,0.0,34.9,False,True,False,False,True,9.0,1,False,0.0,0.0,0,SPOKED,SPOKED,0.0,0.0,0.0,0.0,280.0,748.0,34.9,345.0,2.0
435.0,45.0,625.0,67.5,118.0,45.0,555.0,73.8,660.0,50.0,40.0,31.8,34.0,30.0,25.4,13.0,9.0,ALUMINIUM,32.0,50.0,50.0,0.0,0.0,0.0,0.0,False,False,135.0,2.0,0.9,1.1,0.9,1.2,1.0,0.9,650.0,65.0,650.0,65.0,1.0,1,False,1.0,1.0,68.0,44.0,0.0,34.9,False,True,False,False,True,11.0,1,False,0.0,0.0,0,SPOKED,SPOKED,0.0,0.0,0.0,0.0,280.0,752.0,34.9,350.0,3.0
430.0,40.0,605.0,68.5,122.0,45.0,560.0,74.2,645.0,50.0,40.0,31.8,34.0,30.0,25.4,13.0,9.0,ALUMINIUM,31.0,49.0,50.0,0.0,0.0,0.0,0.0,False,False,135.0,2.0,0.9,1.1,0.9,1.2,1.0,0.9,650.0,65.0,650.0,65.0,1.0,0,False,1.0,1.0,68.0,46.0,0.0,34.9,False,True,False,False,True,12.0,1,False,0.0,0.0,0,SPOKED,SPOKED,0.0,0.0,0.0,0.0,280.0,738.0,34.9,360.0,1.0
440.0,30.0,595.0,66.0,135.0,45.0,570.0,72.5,635.0,55.0,40.0,28.6,34.0,30.0,25.4,13.0,9.0,ALUMINIUM,30.0,50.0,50.0,0.0,0.0,0.0,0.0,False,False,135.0,2.0,0.9,1.1,0.9,1.2,1.0,0.9,650.0,65.0,650.0,65.0,1.0,1,False,1.0,1.0,68.0,44.0,0.0,34.9,False,True,False,False,True,10.0,2,False,0.0,0.0,0,SPOKED,SPOKED,0.0,0.0,0.0,0.0,280.0,760.0,34.9,370.0,1.0
420.0,55.0,590.0,65.5,105.0,45.0,575.0,73.0,660.0,50.0,40.0,28.6,34.0,30.0,25.4,13.0,9.0,ALUMINIUM,28.0,51.0,49.0,0.0,0.0,0.0,0.0,False,False,135.0,2.0,0.9,1.1,0.9,1.2,1.0,0.9,650.0,65.0,650.0,65.0,1.0,2,False,1.0,1.0,68.0,44.0,0.0,34.9,False,True,False,False,True,8.0,1,False,0.0,0.0,0,SPOKED,SPOKED,0.0,0.0,0.0,0.0,280.0,742.0,34.9,355.0,1.0
455.0,50.0,615.0,67.0,128.0,45.0,565.0,74.0,650.0,50.0,40.0,31.8,34.0,30.0,25.4,13.0,9.0,ALUMINIUM,33.0,50.0,50.0,0.0,0.0,0.0,0.0,False,False,135.0,2.0,0.9,1.1,0.9,1.2,1.0,0.9,650.0,65.0,650.0,65.0,1.0,1,False,1.0,1.0,72.0,46.0,0.0,34.9,False,True,False,False,True,11.0,2,False,0.0,0.0,0,SPOKED,SPOKED,0.0,0.0,0.0,0.0,280.0,759.0,34.9,365.0,1.0
430.0,60.0,630.0,67.5,130.0,45.0,550.0,74.0,635.0,45.0,49.0,28.6,36.5,30.0,30.0,13.0,15.0,ALUMINIUM,30.0,50.0,40.0,330.0,350.0,16.0,18.0,False,False,135.0,2.0,1.0,1.0,1.2,1.0,1.0,1.0,680.0,52.0,680.0,52.0,1.0,1,False,1.0,1.0,68.0,44.0,0.0,35.0,True,True,False,False,True,12.0,1,False,0.0,0.0,0,SPOKED,SPOKED,0.0,0.0,0.0,0.0,280.0,750.0,34.0,300.0,1.0
445.0,65.0,650.0,66.5,140.0,48.0,560.0,73.5,640.0,50.0,50.0,30.0,36.5,32.0,32.0,13.0,15.0,ALUMINIUM,32.0,52.0,42.0,330.0,350.0,16.0,18.0,False,False,135.0,2.0,1.1,1.0,1.2,1.1,1.1,1.0,675.0,50.0,675.0,50.0,1.0,2,False,1.0,1.0,68.0,45.0,0.0,36.0,True,False,True,True,True,11.0,2,False,0.0,0.0,0,SPOKED,SPOKED,0.0,0.0,0.0,0.0,285.0,760.0,35.0,305.0,1.0
420.0,62.0,625.0,68.0,125.0,46.0,545.0,74.5,630.0,48.0,47.0,27.0,36.0,29.0,29.0,12.0,15.0,ALUMINIUM,25.0,48.0,38.0,330.0,350.0,15.0,17.0,True,True,135.0,2.0,1.0,1.0,1.3,1.0,1.0,1.0,690.0,55.0,690.0,55.0,1.0,1,False,1.0,2.0,70.0,46.0,0.0,36.0,False,True,False,True,True,10.0,1,False,0.0,0.0,0,SPOKED,SPOKED,0.0,0.0,0.0,0.0,280.0,740.0,34.5,290.0,2.0
460.0,58.0,640.0,67.0,150.0,50.0,570.0,73.0,645.0,44.0,50.0,29.0,38.0,33.0,33.0,13.0,16.0,ALUMINIUM,35.0,54.0,44.0,330.0,350.0,16.0,18.0,False,False,142.0,2.0,1.2,1.0,1.2,1.0,1.0,1.0,700.0,60.0,700.0,60.0,1.0,2,False,1.0,1.0,68.0,50.0,0.0,37.0,True,True,True,False,True,12.0,2,True,10.0,10.0,10,SPOKED,SPOKED,0.0,0.0,0.0,0.0,285.0,755.0,35.0,310.0,1.0
400.0,64.0,620.0,69.0,120.0,44.0,535.0,75.0,620.0,52.0,48.0,28.6,36.5,31.0,31.0,13.0,14.0,ALUMINIUM,28.0,46.0,36.0,330.0,350.0,16.0,18.0,False,False,135.0,2.0,1.0,1.1,1.2,1.0,1.0,1.0,670.0,54.0,670.0,54.0,1.0,1,False,1.0,1.0,68.0,44.0,0.0,35.0,False,True,False,False,True,9.0,1,False,0.0,0.0,0,SPOKED,SPOKED,0.0,0.0,0.0,0.0,275.0,735.0,34.0,295.0,1.0
485.0,55.0,655.0,66.0,160.0,52.0,585.0,72.5,650.0,50.0,52.0,30.0,39.0,34.0,34.0,13.0,16.0,ALUMINIUM,38.0,56.0,48.0,330.0,350.0,17.0,19.0,True,True,142.0,2.0,1.2,1.1,1.3,1.1,1.1,1.2,700.0,58.0,700.0,58.0,1.0,2,False,1.0,3.0,75.0,52.0,5.0,38.0,True,True,True,True,True,11.0,3,True,0.0,0.0,0,SPOKED,SPOKED,0.0,0.0,0.0,0.0,290.0,760.0,36.0,320.0,2.0
455.0,59.0,635.0,67.5,145.0,50.0,565.0,73.5,640.0,47.0,49.0,29.0,37.0,32.0,32.0,13.0,15.0,ALUMINIUM,33.0,53.0,42.0,330.0,350.0,16.0,18.0,False,False,135.0,2.0,1.0,1.0,1.2,1.0,1.0,1.0,680.0,56.0,680.0,56.0,1.0,1,False,1.0,1.0,68.0,45.0,0.0,36.0,True,False,False,True,True,10.0,2,False,0.0,0.0,0,SPOKED,SPOKED,0.0,0.0,0.0,0.0,285.0,750.0,35.0,300.0,1.0
440.0,61.0,645.0,68.5,135.0,49.0,555.0,74.0,638.0,46.0,49.0,28.0,36.5,31.0,31.0,13.0,14.0,ALUMINIUM,31.0,51.0,41.0,330.0,350.0,16.0,18.0,False,False,135.0,2.0,1.0,1.0,1.2,1.0,1.0,1.0,690.0,57.0,690.0,57.0,1.0,1,False,1.0,2.0,70.0,46.0,0.0,37.0,False,False,False,False,True,12.0,1,False,0.0,0.0,0,SPOKED,SPOKED,0.0,0.0,0.0,0.0,280.0,745.0,34.0,305.0,2.0
470.0,57.0,660.0,66.8,155.0,51.0,580.0,73.0,648.0,49.0,50.0,30.0,38.0,33.0,33.0,13.0,16.0,ALUMINIUM,36.0,55.0,45.0,330.0,350.0,16.0,18.0,False,False,142.0,2.0,1.2,1.1,1.3,1.1,1.1,1.2,695.0,59.0,695.0,59.0,1.0,2,False,1.0,1.0,75.0,52.0,0.0,38.0,True,True,True,False,True,11.0,2,True,0.0,0.0,0,SPOKED,SPOKED,0.0,0.0,0.0,0.0,300.0,770.0,36.0,325.0,1.0
415.0,63.0,615.0,69.2,115.0,43.0,530.0,75.5,625.0,53.0,48.0,27.0,36.0,30.0,30.0,12.0,14.0,ALUMINIUM,26.0,47.0,37.0,330.0,350.0,16.0,18.0,False,False,135.0,2.0,1.0,1.0,1.2,1.0,1.0,1.0,675.0,53.0,675.0,53.0,1.0,1,False,1.0,1.0,68.0,44.0,0.0,35.0,False,True,False,False,True,9.0,1,False,0.0,0.0,0,SPOKED,SPOKED,0.0,0.0,0.0,0.0,270.0,730.0,34.0,290.0,1.0
