CS textfield,BB textfield,Stack,Head angle,Head tube length textfield,Seat stay junction0,Seat tube length,Seat angle,DT Length,FORK0R,BB diameter,ttd,dtd,csd,ssd,Chain stay position on BB,SSTopZOFFSET,MATERIAL,Head tube upper extension2,Seat tube extension2,Head tube lower extension2,SEATSTAYbrdgshift,CHAINSTAYbrdgshift,SEATSTAYbrdgdia1,CHAINSTAYbrdgdia1,SEATSTAYbrdgCheck,CHAINSTAYbrdgCheck,Dropout spacing,Wall thickness Bottom Bracket,Wall thickness Top tube,Wall thickness Head tube,Wall thickness Down tube,Wall thickness Chain stay,Wall thickness Seat stay,Wall thickness Seat tube,Wheel diameter front,RDBSD,Wheel diameter rear,FDBSD,Fork type,Stem kind,Display AEROBARS,Handlebar style,Head tube type,BB length,Head tube diameter,Wheel cut,Seat tube diameter,bottle SEATTUBE0 show,bottle DOWNTUBE0 show,Front Fender include,Rear Fender include,BELTorCHAIN,Number of cogs,Number of chainrings,Display RACK,FIRST color R_RGB,FIRST color G_RGB,FIRST color B_RGB,RIM_STYLE front,RIM_STYLE rear,SPOKES composite front,SPOKES composite rear,SBLADEW front,SBLADEW rear,Saddle length,Saddle height,Down tube diameter,Seatpost LENGTH,Seat tube type
415.0,70.0,620.0,73.0,140.0,45.0,540.0,73.0,620.0,50.0,50.0,34.0,40.0,30.0,30.0,15.0,9.0,TITANIUM,30.0,30.0,45.0,0.0,0.0,0.0,0.0,False,False,130.0,2.0,2.0,2.0,2.0,2.0,2.0,2.0,680.0,52.0,680.0,52.0,0,0,False,0,3,68.0,50.0,0.0,34.0,False,True,False,False,True,11,2,False,128.0,128.0,128.0,DISC,DISC,0,0,0.0,0.0,260.0,750.0,40.0,300.0,1.0
420.0,72.0,615.0,72.5,150.0,45.0,550.0,74.0,630.0,50.0,50.0,34.0,40.0,30.0,30.0,15.0,9.0,TITANIUM,30.0,30.0,45.0,0.0,0.0,0.0,0.0,False,False,130.0,2.0,2.0,2.0,2.0,2.0,2.0,2.0,680.0,52.0,680.0,52.0,0,1,False,0,3,68.0,50.0,0.0,34.0,False,True,False,False,True,11,2,False,128.0,128.0,128.0,DISC,DISC,0,0,0.0,0.0,260.0,750.0,40.0,300.0,1.0
410.0,68.0,625.0,73.5,145.0,40.0,535.0,73.5,625.0,48.0,50.0,34.0,40.0,30.0,30.0,15.0,9.0,TITANIUM,30.0,30.0,45.0,0.0,0.0,0.0,0.0,False,False,130.0,2.0,2.0,2.0,2.0,2.0,2.0,2.0,680.0,52.0,680.0,52.0,0,2,False,0,3,68.0,50.0,0.0,34.0,False,True,False,False,True,11,2,False,128.0,128.0,128.0,DISC,DISC,0,0,0.0,0.0,260.0,750.0,40.0,300.0,1.0
430.0,75.0,600.0,74.0,155.0,50.0,555.0,72.5,635.0,52.0,50.0,34.0,40.0,30.0,30.0,15.0,9.0,TITANIUM,30.0,30.0,45.0,0.0,0.0,0.0,0.0,False,False,130.0,2.0,2.0,2.0,2.0,2.0,2.0,2.0,680.0,52.0,680.0,52.0,0,0,False,0,3,68.0,50.0,0.0,34.0,False,True,False,False,True,11,2,False,128.0,128.0,128.0,DISC,DISC,0,0,0.0,0.0,260.0,750.0,40.0,300.0,1.0
418.0,70.0,610.0,73.2,160.0,45.0,545.0,73.8,627.0,50.0,50.0,34.0,40.0,30.0,30.0,15.0,9.0,TITANIUM,30.0,30.0,45.0,0.0,0.0,0.0,0.0,False,False,130.0,2.0,2.0,2.0,2.0,2.0,2.0,2.0,680.0,52.0,680.0,52.0,0,1,False,0,3,68.0,50.0,0.0,34.0,False,True,False,False,True,11,2,False,128.0,128.0,128.0,DISC,DISC,0,0,0.0,0.0,260.0,750.0,40.0,300.0,1.0
425.0,68.0,630.0,72.8,135.0,47.0,550.0,74.2,640.0,49.0,50.0,34.0,40.0,30.0,30.0,15.0,9.0,TITANIUM,30.0,30.0,45.0,0.0,0.0,0.0,0.0,False,False,130.0,2.0,2.0,2.0,2.0,2.0,2.0,2.0,680.0,52.0,680.0,52.0,0,2,False,0,3,68.0,50.0,0.0,34.0,False,True,False,False,True,11,2,False,128.0,128.0,128.0,DISC,DISC,0,0,0.0,0.0,260.0,750.0,40.0,300.0,1.0
420.0,70.0,605.0,73.6,150.0,43.0,538.0,73.1,620.0,51.0,50.0,34.0,40.0,30.0,30.0,15.0,9.0,TITANIUM,30.0,30.0,45.0,0.0,0.0,0.0,0.0,False,False,130.0,2.0,2.0,2.0,2.0,2.0,2.0,2.0,680.0,52.0,680.0,52.0,0,0,False,0,3,68.0,50.0,0.0,34.0,False,True,False,False,True,11,2,False,128.0,128.0,128.0,DISC,DISC,0,0,0.0,0.0,260.0,750.0,40.0,300.0,1.0
415.0,65.0,635.0,74.2,142.0,48.0,560.0,74.0,645.0,50.0,50.0,34.0,40.0,30.0,30.0,15.0,9.0,TITANIUM,30.0,30.0,45.0,0.0,0.0,0.0,0.0,False,False,130.0,2.0,2.0,2.0,2.0,2.0,2.0,2.0,680.0,52.0,680.0,52.0,0,1,False,0,3,68.0,50.0,0.0,34.0,False,True,False,False,True,11,2,False,128.0,128.0,128.0,DISC,DISC,0,0,0.0,0.0,260.0,750.0,40.0,300.0,1.0
428.0,72.0,620.0,72.9,148.0,46.0,552.0,73.4,632.0,50.0,50.0,34.0,40.0,30.0,30.0,15.0,9.0,TITANIUM,30.0,30.0,45.0,0.0,0.0,0.0,0.0,False,False,130.0,2.0,2.0,2.0,2.0,2.0,2.0,2.0,680.0,52.0,680.0,52.0,0,2,False,0,3,68.0,50.0,0.0,34.0,False,True,False,False,True,11,2,False,128.0,128.0,128.0,DISC,DISC,0,0,0.0,0.0,260.0,750.0,40.0,300.0,1.0
412.0,70.0,615.0,73.3,152.0,44.0,558.0,73.7,638.0,50.0,50.0,34.0,40.0,30.0,30.0,15.0,9.0,TITANIUM,30.0,30.0,45.0,0.0,0.0,0.0,0.0,False,False,130.0,2.0,2.0,2.0,2.0,2.0,2.0,2.0,680.0,52.0,680.0,52.0,0,0,False,0,3,68.0,50.0,0.0,34.0,False,True,False,False,True,11,2,False,128.0,128.0,128.0,DISC,DISC,0,0,0.0,0.0,260.0,750.0,40.0,300.0,1.0
410.0,65.0,600.0,72.0,160.0,45.0,550.0,73.0,650.0,50.0,40.0,28.6,36.5,23.35,13.0,15.0,9.0,TITANIUM,30.0,45.0,50.0,330.0,350.0,16.0,18.0,False,False,130.0,2.0,0.9,1.1,0.9,1.2,1.0,0.9,700.0,52.0,700.0,52.0,0,0,False,0,3,68.0,45.0,0.0,31.8,False,True,False,False,True,11,2,False,128.0,128.0,128.0,DISC,DISC,0,0,0.0,0.0,300.0,740.0,34.9,350.0,1.0
415.0,67.0,610.0,72.5,165.0,45.0,560.0,73.5,655.0,50.0,40.0,28.6,36.5,23.35,13.0,15.0,9.0,TITANIUM,31.0,46.0,51.0,330.0,350.0,16.0,18.0,False,False,130.0,2.0,0.9,1.1,0.9,1.2,1.0,0.9,700.0,52.0,700.0,52.0,0,0,False,0,3,68.0,45.0,0.0,31.8,False,True,False,False,True,11,2,False,128.0,128.0,128.0,DISC,DISC,0,0,0.0,0.0,300.0,745.0,34.9,355.0,1.0
420.0,69.0,620.0,73.0,170.0,45.0,570.0,74.0,660.0,50.0,40.0,28.6,36.5,23.35,13.0,15.0,9.0,TITANIUM,32.0,47.0,52.0,330.0,350.0,16.0,18.0,False,False,130.0,2.0,0.9,1.1,0.9,1.2,1.0,0.9,700.0,52.0,700.0,52.0,0,0,False,0,3,68.0,45.0,0.0,31.8,False,True,False,False,True,11,2,False,128.0,128.0,128.0,DISC,DISC,0,0,0.0,0.0,300.0,750.0,34.9,360.0,1.0
425.0,71.0,630.0,71.5,175.0,45.0,580.0,74.5,665.0,50.0,40.0,28.6,36.5,23.35,13.0,15.0,9.0,TITANIUM,33.0,48.0,53.0,330.0,350.0,16.0,18.0,False,False,130.0,2.0,0.9,1.1,0.9,1.2,1.0,0.9,700.0,52.0,700.0,52.0,0,0,False,0,3,68.0,45.0,0.0,31.8,False,True,False,False,True,11,2,False,128.0,128.0,128.0,DISC,DISC,0,0,0.0,0.0,300.0,755.0,34.9,365.0,1.0
430.0,73.0,640.0,72.8,180.0,45.0,590.0,75.0,670.0,50.0,40.0,28.6,36.5,23.35,13.0,15.0,9.0,TITANIUM,34.0,49.0,54.0,330.0,350.0,16.0,18.0,False,False,130.0,2.0,0.9,1.1,0.9,1.2,1.0,0.9,700.0,52.0,700.0,52.0,0,0,False,0,3,68.0,45.0,0.0,31.8,False,True,False,False,True,11,2,False,128.0,128.0,128.0,DISC,DISC,0,0,0.0,0.0,300.0,760.0,34.9,370.0,1.0
435.0,75.0,650.0,73.2,185.0,45.0,600.0,72.5,675.0,50.0,40.0,28.6,36.5,23.35,13.0,15.0,9.0,TITANIUM,35.0,50.0,55.0,330.0,350.0,16.0,18.0,False,False,130.0,2.0,0.9,1.1,0.9,1.2,1.0,0.9,700.0,52.0,700.0,52.0,0,0,False,0,3,68.0,45.0,0.0,31.8,False,True,False,False,True,11,2,False,128.0,128.0,128.0,DISC,DISC,0,0,0.0,0.0,300.0,765.0,34.9,375.0,1.0
400.0,63.0,590.0,72.3,190.0,45.0,610.0,73.2,680.0,50.0,40.0,28.6,36.5,23.35,13.0,15.0,9.0,TITANIUM,36.0,51.0,56.0,330.0,350.0,16.0,18.0,False,False,130.0,2.0,0.9,1.1,0.9,1.2,1.0,0.9,700.0,52.0,700.0,52.0,0,0,False,0,3,68.0,45.0,0.0,31.8,False,True,False,False,True,11,2,False,128.0,128.0,128.0,DISC,DISC,0,0,0.0,0.0,300.0,770.0,34.9,380.0,1.0
405.0,61.0,580.0,72.7,195.0,45.0,620.0,73.7,685.0,50.0,40.0,28.6,36.5,23.35,13.0,15.0,9.0,TITANIUM,37.0,52.0,57.0,330.0,350.0,16.0,18.0,False,False,130.0,2.0,0.9,1.1,0.9,1.2,1.0,0.9,700.0,52.0,700.0,52.0,0,0,False,0,3,68.0,45.0,0.0,31.8,False,True,False,False,True,11,2,False,128.0,128.0,128.0,DISC,DISC,0,0,0.0,0.0,300.0,775.0,34.9,385.0,1.0
445.0,59.0,570.0,73.1,200.0,45.0,630.0,74.3,690.0,50.0,40.0,28.6,36.5,23.35,13.0,15.0,9.0,TITANIUM,38.0,53.0,58.0,330.0,350.0,16.0,18.0,False,False,130.0,2.0,0.9,1.1,0.9,1.2,1.0,0.9,700.0,52.0,700.0,52.0,0,0,False,0,3,68.0,45.0,0.0,31.8,False,True,False,False,True,11,2,False,128.0,128.0,128.0,DISC,DISC,0,0,0.0,0.0,300.0,780.0,34.9,390.0,1.0
450.0,57.0,660.0,72.1,155.0,45.0,645.0,74.8,695.0,50.0,40.0,28.6,36.5,23.35,13.0,15.0,9.0,TITANIUM,39.0,54.0,59.0,330.0,350.0,16.0,18.0,False,False,130.0,2.0,0.9,1.1,0.9,1.2,1.0,0.9,700.0,52.0,700.0,52.0,0,0,False,0,3,68.0,45.0,0.0,31.8,False,True,False,False,True,11,2,False,128.0,128.0,128.0,DISC,DISC,0,0,0.0,0.0,300.0,785.0,34.9,395.0,1.0
420.0,70.0,620.0,73.5,180.0,50.0,550.0,73.9,670.0,48.0,40.0,28.6,36.5,23.35,23.35,13.0,15.0,TITANIUM,40.0,40.0,45.0,330.0,350.0,16.0,18.0,False,False,130.0,2.0,0.9,1.1,0.9,1.2,1.0,0.9,700.0,25.0,700.0,25.0,0,0,False,0,1,68.0,45.0,31.8,31.6,True,True,False,False,True,11,2,False,128.0,128.0,128.0,SPOKED,SPOKED,0,0,0.0,0.0,280.0,800.0,36.5,400.0,1.0
425.0,68.0,615.0,73.0,175.0,48.0,540.0,74.0,665.0,47.0,45.0,30.0,36.5,23.35,23.35,13.0,15.0,TITANIUM,38.0,42.0,44.0,330.0,350.0,16.0,18.0,False,False,130.0,2.0,0.9,1.1,0.9,1.2,1.0,0.9,700.0,25.0,700.0,25.0,0,0,False,0,1,68.0,45.0,31.8,31.7,True,True,False,False,True,10,2,False,128.0,128.0,128.0,SPOKED,SPOKED,0,0,0.0,0.0,280.0,790.0,36.5,380.0,1.0
430.0,72.0,630.0,74.0,185.0,52.0,560.0,73.5,680.0,50.0,42.0,29.0,36.5,23.35,23.35,13.0,15.0,TITANIUM,42.0,44.0,46.0,330.0,350.0,16.0,18.0,False,False,130.0,2.0,0.9,1.1,0.9,1.2,1.0,0.9,700.0,25.0,700.0,25.0,0,0,False,0,1,68.0,45.0,31.8,31.5,True,True,False,False,True,11,2,False,128.0,128.0,128.0,SPOKED,SPOKED,0,0,0.0,0.0,290.0,810.0,36.5,390.0,1.0
435.0,65.0,605.0,72.5,165.0,47.0,535.0,74.5,660.0,45.0,48.0,32.0,36.5,23.35,23.35,13.0,15.0,TITANIUM,36.0,38.0,43.0,330.0,350.0,16.0,18.0,False,False,130.0,2.0,0.9,1.1,0.9,1.2,1.0,0.9,700.0,25.0,700.0,25.0,0,0,False,0,1,68.0,45.0,31.8,31.6,True,True,False,False,True,10,2,False,128.0,128.0,128.0,SPOKED,SPOKED,0,0,0.0,0.0,275.0,805.0,36.5,405.0,1.0
440.0,75.0,640.0,72.8,190.0,55.0,580.0,73.0,690.0,52.0,44.0,31.0,36.5,23.35,23.35,13.0,15.0,TITANIUM,45.0,50.0,48.0,330.0,350.0,16.0,18.0,False,False,130.0,2.0,0.9,1.1,0.9,1.2,1.0,0.9,700.0,25.0,700.0,25.0,0,0,False,0,1,68.0,45.0,31.8,31.8,True,True,False,False,True,12,3,False,128.0,128.0,128.0,SPOKED,SPOKED,0,0,0.0,0.0,300.0,820.0,36.5,410.0,1.0
415.0,70.0,600.0,73.2,170.0,46.0,525.0,73.7,655.0,49.0,40.0,28.6,36.5,23.35,23.35,13.0,15.0,TITANIUM,35.0,41.0,42.0,330.0,350.0,16.0,18.0,False,False,130.0,2.0,0.9,1.1,0.9,1.2,1.0,0.9,700.0,25.0,700.0,25.0,0,0,False,0,1,68.0,45.0,31.8,31.4,True,True,False,False,True,10,2,False,128.0,128.0,128.0,SPOKED,SPOKED,0,0,0.0,0.0,285.0,795.0,36.5,415.0,1.0
428.0,68.0,625.0,74.2,182.0,51.0,565.0,74.1,685.0,51.0,42.0,29.5,36.5,23.35,23.35,13.0,15.0,TITANIUM,41.0,43.0,47.0,330.0,350.0,16.0,18.0,False,False,130.0,2.0,0.9,1.1,0.9,1.2,1.0,0.9,700.0,25.0,700.0,25.0,0,0,False,0,1,68.0,45.0,31.8,31.6,True,True,False,False,True,11,2,False,128.0,128.0,128.0,SPOKED,SPOKED,0,0,0.0,0.0,295.0,825.0,36.5,420.0,1.0
422.0,69.0,610.0,73.8,168.0,49.0,545.0,73.3,672.0,46.0,41.0,29.9,36.5,23.35,23.35,13.0,15.0,TITANIUM,39.0,40.0,44.0,330.0,350.0,16.0,18.0,False,False,130.0,2.0,0.9,1.1,0.9,1.2,1.0,0.9,700.0,25.0,700.0,25.0,0,0,False,0,1,68.0,45.0,31.8,31.9,True,True,False,False,True,10,2,False,128.0,128.0,128.0,SPOKED,SPOKED,0,0,0.0,0.0,270.0,780.0,36.5,395.0,1.0
438.0,73.0,635.0,73.1,188.0,54.0,575.0,74.4,687.0,53.0,46.0,33.0,36.5,23.35,23.35,13.0,15.0,TITANIUM,44.0,48.0,49.0,330.0,350.0,16.0,18.0,False,False,130.0,2.0,0.9,1.1,0.9,1.2,1.0,0.9,700.0,25.0,700.0,25.0,0,0,False,0,1,68.0,45.0,31.8,31.7,True,True,False,False,True,11,2,False,128.0,128.0,128.0,SPOKED,SPOKED,0,0,0.0,0.0,300.0,815.0,36.5,430.0,1.0
418.0,71.0,618.0,72.7,178.0,47.0,535.0,73.2,662.0,47.0,43.0,30.5,36.5,23.35,23.35,13.0,15.0,TITANIUM,37.0,42.0,45.0,330.0,350.0,16.0,18.0,False,False,130.0,2.0,0.9,1.1,0.9,1.2,1.0,0.9,700.0,25.0,700.0,25.0,0,0,False,0,1,68.0,45.0,31.8,31.5,True,True,False,False,True,10,2,False,128.0,128.0,128.0,SPOKED,SPOKED,0,0,0.0,0.0,290.0,805.0,36.5,375.0,1.0
410.0,60.0,550.0,72.5,110.0,45.0,520.0,73.0,630.0,45.0,40.0,28.0,28.6,23.35,13.0,15.0,9.0,TITANIUM,18.0,40.0,5.0,330.0,350.0,16.0,18.0,False,True,130.0,2.0,0.9,1.1,0.9,1.2,1.0,0.9,678.0,52.0,678.0,52.0,0,0,False,0,3,68.0,40.0,680.0,30.0,False,False,False,False,True,10,2,False,128.0,128.0,128.0,SPOKED,SPOKED,1,1,80.0,80.0,260.0,730.0,34.9,300.0,1.0
420.0,62.0,560.0,73.0,120.0,55.0,530.0,73.5,633.0,47.0,42.0,30.0,28.6,23.35,13.0,15.0,9.0,TITANIUM,20.0,50.0,10.0,330.0,350.0,16.0,18.0,True,False,130.0,2.0,0.9,1.1,0.9,1.2,1.0,0.9,679.0,52.0,679.0,52.0,0,0,False,0,3,68.0,41.0,685.0,31.0,False,False,False,False,True,10,2,False,128.0,128.0,128.0,SPOKED,SPOKED,1,1,80.0,80.0,265.0,735.0,34.9,300.0,1.0
430.0,64.0,570.0,73.5,130.0,65.0,540.0,74.0,636.0,49.0,44.0,32.0,28.6,23.35,13.0,15.0,9.0,TITANIUM,22.0,60.0,15.0,330.0,350.0,16.0,18.0,False,True,130.0,2.0,0.9,1.1,0.9,1.2,1.0,0.9,680.0,52.0,680.0,52.0,0,0,False,0,3,68.0,42.0,690.0,32.0,False,False,False,False,True,10,2,False,128.0,128.0,128.0,SPOKED,SPOKED,1,1,80.0,80.0,270.0,740.0,34.9,300.0,1.0
440.0,66.0,580.0,74.0,140.0,75.0,550.0,74.5,639.0,51.0,46.0,34.0,28.6,23.35,13.0,15.0,9.0,TITANIUM,24.0,70.0,20.0,330.0,350.0,16.0,18.0,True,False,130.0,2.0,0.9,1.1,0.9,1.2,1.0,0.9,681.0,52.0,681.0,52.0,0,0,False,0,3,68.0,43.0,695.0,33.0,False,False,False,False,True,10,2,False,128.0,128.0,128.0,SPOKED,SPOKED,1,1,80.0,80.0,275.0,745.0,34.9,300.0,1.0
450.0,68.0,590.0,74.5,150.0,85.0,560.0,75.0,642.0,53.0,48.0,36.0,28.6,23.35,13.0,15.0,9.0,TITANIUM,26.0,80.0,25.0,330.0,350.0,16.0,18.0,False,True,130.0,2.0,0.9,1.1,0.9,1.2,1.0,0.9,682.0,52.0,682.0,52.0,0,0,False,0,3,68.0,44.0,700.0,34.0,False,False,False,False,True,10,2,False,128.0,128.0,128.0,SPOKED,SPOKED,1,1,80.0,80.0,280.0,750.0,34.9,300.0,1.0
460.0,70.0,600.0,72.0,160.0,95.0,570.0,72.5,645.0,55.0,50.0,38.0,28.6,23.35,13.0,15.0,9.0,TITANIUM,28.0,90.0,30.0,330.0,350.0,16.0,18.0,True,False,130.0,2.0,0.9,1.1,0.9,1.2,1.0,0.9,683.0,52.0,683.0,52.0,0,0,False,0,3,68.0,45.0,705.0,35.0,False,False,False,False,True,10,2,False,128.0,128.0,128.0,SPOKED,SPOKED,1,1,80.0,80.0,285.0,755.0,34.9,300.0,1.0
470.0,72.0,610.0,71.5,170.0,105.0,580.0,72.0,648.0,57.0,52.0,40.0,28.6,23.35,13.0,15.0,9.0,TITANIUM,30.0,100.0,35.0,330.0,350.0,16.0,18.0,False,True,130.0,2.0,0.9,1.1,0.9,1.2,1.0,0.9,684.0,52.0,684.0,52.0,0,0,False,0,3,68.0,46.0,710.0,36.0,False,False,False,False,True,10,2,False,128.0,128.0,128.0,SPOKED,SPOKED,1,1,80.0,80.0,290.0,760.0,34.9,300.0,1.0
480.0,74.0,620.0,71.0,180.0,115.0,590.0,71.5,651.0,59.0,54.0,42.0,28.6,23.35,13.0,15.0,9.0,TITANIUM,32.0,110.0,40.0,330.0,350.0,16.0,18.0,True,False,130.0,2.0,0.9,1.1,0.9,1.2,1.0,0.9,685.0,52.0,685.0,52.0,0,0,False,0,3,68.0,47.0,715.0,37.0,False,False,False,False,True,10,2,False,128.0,128.0,128.0,SPOKED,SPOKED,1,1,80.0,80.0,295.0,765.0,34.9,300.0,1.0
490.0,76.0,630.0,70.5,190.0,125.0,600.0,71.0,654.0,61.0,56.0,44.0,28.6,23.35,13.0,15.0,9.0,TITANIUM,34.0,120.0,45.0,330.0,350.0,16.0,18.0,False,True,130.0,2.0,0.9,1.1,0.9,1.2,1.0,0.9,686.0,52.0,686.0,52.0,0,0,False,0,3,68.0,48.0,720.0,38.0,False,False,False,False,True,10,2,False,128.0,128.0,128.0,SPOKED,SPOKED,1,1,80.0,80.0,300.0,770.0,34.9,300.0,1.0
500.0,78.0,640.0,70.0,200.0,135.0,610.0,70.5,657.0,63.0,58.0,46.0,28.6,23.35,13.0,15.0,9.0,TITANIUM,36.0,130.0,50.0,330.0,350.0,16.0,18.0,True,False,130.0,2.0,0.9,1.1,0.9,1.2,1.0,0.9,687.0,52.0,687.0,52.0,0,0,False,0,3,68.0,49.0,725.0,39.0,False,False,False,False,True,10,2,False,128.0,128.0,128.0,SPOKED,SPOKED,1,1,80.0,80.0,305.0,775.0,34.9,300.0,1.0
410.0,70.0,600.0,73.0,150.0,45.0,560.0,73.0,600.0,55.0,40.0,31.8,34.9,28.6,25.4,20.0,9.0,TITANIUM,30.0,50.0,50.0,330.0,350.0,16.0,18.0,False,False,130.0,2.0,0.9,1.1,0.9,1.2,1.0,0.9,700.0,50.0,700.0,50.0,0,0,False,0,1,68.0,45.0,0.0,31.8,False,False,False,False,True,11,2,False,128.0,128.0,128.0,DISC,SPOKED,0,0,0.0,0.0,280.0,750.0,34.9,300.0,1.0
400.0,75.0,580.0,72.5,160.0,50.0,540.0,74.0,610.0,60.0,40.0,31.8,34.9,28.6,25.4,20.0,9.0,TITANIUM,30.0,50.0,50.0,330.0,350.0,16.0,18.0,False,False,130.0,2.0,0.9,1.1,0.9,1.2,1.0,0.9,700.0,50.0,700.0,50.0,0,0,False,0,3,68.0,45.0,0.0,31.8,False,False,False,False,True,11,2,False,128.0,128.0,128.0,DISC,TRISPOKE,0,1,0.0,0.0,280.0,750.0,34.9,320.0,3.0
420.0,65.0,620.0,74.0,140.0,40.0,570.0,72.0,590.0,50.0,40.0,31.8,34.9,28.6,25.4,20.0,9.0,TITANIUM,30.0,50.0,50.0,330.0,350.0,16.0,18.0,False,False,130.0,2.0,0.9,1.1,0.9,1.2,1.0,0.9,700.0,50.0,700.0,50.0,0,0,False,0,2,68.0,45.0,0.0,31.8,False,False,False,False,True,11,2,False,128.0,128.0,128.0,DISC,SPOKED,0,0,0.0,0.0,280.0,750.0,34.9,310.0,2.0
395.0,70.0,600.0,73.5,155.0,48.0,560.0,73.5,605.0,55.0,40.0,31.8,34.9,28.6,25.4,20.0,9.0,TITANIUM,30.0,50.0,50.0,330.0,350.0,16.0,18.0,False,False,130.0,2.0,0.9,1.1,0.9,1.2,1.0,0.9,700.0,50.0,700.0,50.0,0,0,False,0,1,68.0,45.0,0.0,31.8,False,False,False,False,True,11,2,False,128.0,128.0,128.0,DISC,TRISPOKE,0,1,0.0,0.0,280.0,750.0,34.9,330.0,1.0
410.0,80.0,590.0,72.0,145.0,46.0,550.0,72.5,600.0,58.0,40.0,31.8,34.9,28.6,25.4,20.0,9.0,TITANIUM,30.0,50.0,50.0,330.0,350.0,16.0,18.0,False,False,130.0,2.0,0.9,1.1,0.9,1.2,1.0,0.9,700.0,50.0,700.0,50.0,0,0,False,0,2,68.0,45.0,0.0,31.8,False,False,False,False,True,11,2,False,128.0,128.0,128.0,DISC,SPOKED,0,0,0.0,0.0,280.0,750.0,34.9,300.0,2.0
430.0,78.0,605.0,73.0,150.0,47.0,565.0,73.0,610.0,55.0,40.0,31.8,34.9,28.6,25.4,20.0,9.0,TITANIUM,30.0,50.0,50.0,330.0,350.0,16.0,18.0,False,False,130.0,2.0,0.9,1.1,0.9,1.2,1.0,0.9,700.0,50.0,700.0,50.0,0,0,False,0,3,68.0,45.0,0.0,31.8,False,False,False,False,True,11,2,False,128.0,128.0,128.0,DISC,SPOKED,0,0,0.0,0.0,280.0,750.0,34.9,340.0,3.0
405.0,72.0,595.0,72.8,148.0,49.0,555.0,73.2,600.0,57.0,40.0,31.8,34.9,28.6,25.4,20.0,9.0,TITANIUM,30.0,50.0,50.0,330.0,350.0,16.0,18.0,False,False,130.0,2.0,0.9,1.1,0.9,1.2,1.0,0.9,700.0,50.0,700.0,50.0,0,0,False,0,1,68.0,45.0,0.0,31.8,False,False,False,False,True,11,2,False,128.0,128.0,128.0,DISC,TRISPOKE,0,1,0.0,0.0,280.0,750.0,34.9,320.0,1.0
415.0,68.0,610.0,73.2,152.0,45.0,560.0,73.0,605.0,55.0,40.0,31.8,34.9,28.6,25.4,20.0,9.0,TITANIUM,30.0,50.0,50.0,330.0,350.0,16.0,18.0,False,False,130.0,2.0,0.9,1.1,0.9,1.2,1.0,0.9,700.0,50.0,700.0,50.0,0,0,False,0,2,68.0,45.0,0.0,31.8,False,False,False,False,True,11,2,False,128.0,128.0,128.0,DISC,TRISPOKE,0,1,0.0,0.0,280.0,750.0,34.9,330.0,2.0
390.0,70.0,585.0,71.5,142.0,50.0,550.0,74.0,595.0,60.0,40.0,31.8,34.9,28.6,25.4,20.0,9.0,TITANIUM,30.0,50.0,50.0,330.0,350.0,16.0,18.0,False,False,130.0,2.0,0.9,1.1,0.9,1.2,1.0,0.9,700.0,50.0,700.0,50.0,0,0,False,0,3,68.0,45.0,0.0,31.8,False,False,False,False,True,11,2,False,128.0,128.0,128.0,DISC,SPOKED,0,0,0.0,0.0,280.0,750.0,34.9,310.0,3.0
425.0,75.0,600.0,73.8,149.0,47.0,563.0,73.5,602.0,54.0,40.0,31.8,34.9,28.6,25.4,20.0,9.0,TITANIUM,30.0,50.0,50.0,330.0,350.0,16.0,18.0,False,False,130.0,2.0,0.9,1.1,0.9,1.2,1.0,0.9,700.0,50.0,700.0,50.0,0,0,False,0,1,68.0,45.0,0.0,31.8,False,False,False,False,True,11,2,False,128.0,128.0,128.0,DISC,SPOKED,0,0,0.0,0.0,280.0,750.0,34.9,335.0,1.0
405.0,70.0,590.0,73.0,160.0,45.0,550.0,73.0,600.0,50.0,45.0,38.0,36.0,25.0,25.0,13.0,15.0,TITANIUM,30.0,50.0,45.0,330.0,350.0,16.0,18.0,False,False,130.0,2.0,0.9,1.1,0.9,1.2,1.0,0.9,680.0,25.0,680.0,25.0,0,2,False,0,1,55.0,45.0,28.0,31.8,False,False,False,False,True,11,2,False,128.0,128.0,128.0,SPOKED,SPOKED,0,0,80.0,80.0,280.0,760.0,34.9,300.0,1.0
402.0,68.0,595.0,72.5,165.0,50.0,540.0,73.5,610.0,50.0,46.0,38.0,36.0,26.0,26.0,13.0,15.0,TITANIUM,32.0,52.0,47.0,330.0,350.0,16.0,18.0,False,False,130.0,2.0,1.0,1.1,0.9,1.2,1.0,0.9,700.0,25.0,700.0,25.0,0,2,False,0,1,55.0,45.0,28.0,31.8,False,False,False,False,True,12,2,False,150.0,150.0,150.0,SPOKED,SPOKED,0,0,80.0,80.0,290.0,765.0,34.9,320.0,1.0
410.0,72.0,610.0,74.0,155.0,48.0,555.0,72.5,605.0,45.0,47.0,40.0,38.0,27.0,27.0,14.0,15.0,TITANIUM,31.0,51.0,46.0,331.0,351.0,16.0,18.0,False,False,130.0,2.0,1.0,1.2,1.0,1.2,1.0,1.0,700.0,25.0,700.0,25.0,0,1,False,0,1,60.0,46.0,30.0,32.0,False,False,False,False,True,11,2,False,110.0,110.0,110.0,SPOKED,SPOKED,0,0,90.0,90.0,300.0,780.0,35.0,310.0,1.0
398.0,69.0,585.0,73.5,170.0,52.0,545.0,74.0,595.0,52.0,45.0,37.0,36.0,26.0,26.0,13.0,16.0,TITANIUM,33.0,53.0,48.0,332.0,352.0,17.0,19.0,False,False,130.0,2.0,1.0,1.2,1.0,1.2,1.0,1.0,700.0,25.0,700.0,25.0,0,2,False,0,1,60.0,46.0,29.0,32.0,False,False,False,False,True,12,2,False,129.0,129.0,129.0,SPOKED,SPOKED,0,0,85.0,85.0,285.0,770.0,34.9,310.0,1.0
415.0,75.0,600.0,72.0,160.0,49.0,560.0,72.8,610.0,48.0,50.0,39.0,37.0,28.0,28.0,14.0,15.0,TITANIUM,32.0,54.0,43.0,333.0,353.0,16.0,18.0,False,False,130.0,2.0,1.0,1.1,1.0,1.0,1.2,1.0,685.0,20.0,685.0,20.0,0,2,False,0,3,55.0,44.0,30.0,32.0,False,False,False,False,True,11,2,False,100.0,100.0,100.0,TRISPOKE,SPOKED,1,0,100.0,80.0,275.0,755.0,35.0,320.0,1.0
390.0,68.0,580.0,73.0,155.0,47.0,545.0,73.5,590.0,50.0,45.0,38.0,36.0,26.0,26.0,13.0,15.0,TITANIUM,30.0,50.0,45.0,334.0,354.0,16.0,18.0,False,False,130.0,2.0,0.8,1.0,0.8,0.9,0.8,0.9,680.0,22.0,680.0,22.0,0,1,False,0,1,58.0,46.0,28.0,32.0,False,False,False,False,True,10,2,False,140.0,140.0,140.0,DISC,SPOKED,0,0,0.0,80.0,285.0,760.0,35.0,300.0,1.0
420.0,70.0,605.0,72.8,162.0,51.0,565.0,73.2,615.0,49.0,48.0,39.0,37.0,27.0,27.0,14.0,16.0,TITANIUM,34.0,56.0,44.0,335.0,355.0,16.0,18.0,False,False,130.0,2.0,1.1,1.2,1.1,1.2,1.0,1.1,690.0,26.0,690.0,26.0,0,2,False,0,3,57.0,47.0,30.0,33.0,False,False,False,False,True,12,2,False,90.0,90.0,90.0,TRISPOKE,TRISPOKE,1,1,95.0,95.0,290.0,780.0,34.0,320.0,1.0
395.0,71.0,593.0,73.3,158.0,50.0,555.0,73.7,605.0,52.0,45.0,38.0,36.0,26.0,26.0,13.0,15.0,TITANIUM,32.0,54.0,46.0,336.0,356.0,17.0,19.0,False,False,130.0,2.0,1.0,1.1,1.0,1.2,1.0,1.0,680.0,27.0,680.0,27.0,0,2,False,0,1,56.0,46.0,29.0,32.5,False,False,False,False,True,11,2,False,115.0,115.0,115.0,SPOKED,DISC,0,0,80.0,0.0,280.0,770.0,35.0,310.0,1.0
405.0,69.0,600.0,73.1,172.0,53.0,570.0,74.0,620.0,50.0,46.0,40.0,38.0,27.0,27.0,14.0,16.0,TITANIUM,35.0,57.0,45.0,337.0,357.0,16.0,18.0,False,False,130.0,2.1,1.0,1.2,1.0,1.2,1.0,1.0,700.0,28.0,700.0,28.0,0,2,False,0,1,60.0,48.0,30.0,33.0,False,False,False,False,True,12,2,False,130.0,130.0,130.0,DISC,TRISPOKE,0,1,0.0,100.0,300.0,790.0,35.0,330.0,1.0
400.0,70.0,600.0,73.4,165.0,50.0,560.0,73.5,600.0,49.0,45.0,38.0,36.0,26.0,26.0,13.0,15.0,TITANIUM,32.0,54.0,46.0,338.0,358.0,16.0,18.0,False,False,130.0,2.0,0.9,1.1,0.9,1.2,1.0,0.9,680.0,25.0,680.0,25.0,0,2,False,0,3,55.0,45.0,28.0,32.0,False,False,False,False,True,11,2,False,100.0,100.0,100.0,SPOKED,SPOKED,0,0,80.0,80.0,280.0,765.0,35.0,310.0,1.0
405.0,70.0,600.0,72.0,150.0,45.0,580.0,73.0,560.0,45.0,45.0,28.6,33.6,23.35,23.35,13.0,9.0,TITANIUM,30.0,50.0,45.0,0.0,0.0,0.0,0.0,False,False,130.0,1.0,0.9,1.1,1.2,1.0,0.9,1.1,680.0,50.0,680.0,50.0,0,2,False,0,3,68.0,45.0,0.0,28.6,False,False,False,False,True,11,2,False,128.0,128.0,128.0,DISC,SPOKED,0,0,80.0,80.0,300.0,700.0,34.9,300.0,1.0
410.0,72.0,610.0,73.0,160.0,45.0,590.0,72.0,570.0,50.0,45.0,28.6,34.9,23.35,23.35,13.0,9.0,TITANIUM,35.0,55.0,50.0,0.0,0.0,0.0,0.0,False,False,130.0,1.1,0.9,1.0,1.2,1.0,0.9,1.1,682.0,52.0,685.0,52.0,0,0,False,0,3,68.0,45.0,0.0,28.6,False,False,False,False,True,11,2,False,128.0,128.0,128.0,DISC,DISC,0,0,80.0,80.0,300.0,710.0,34.9,310.0,1.0
415.0,68.0,620.0,74.0,170.0,45.0,600.0,74.0,580.0,45.0,45.0,28.6,33.6,23.35,23.35,13.0,9.0,TITANIUM,32.0,52.0,48.0,0.0,0.0,0.0,0.0,False,False,130.0,1.0,1.0,1.1,1.2,1.0,0.9,1.1,684.0,54.0,684.0,54.0,0,2,False,0,3,68.0,45.0,0.0,28.6,False,False,False,False,True,11,2,False,128.0,128.0,128.0,DISC,SPOKED,0,0,80.0,80.0,300.0,720.0,34.9,320.0,1.0
420.0,75.0,630.0,72.5,180.0,45.0,610.0,71.5,590.0,40.0,45.0,28.6,33.6,23.35,23.35,13.0,9.0,TITANIUM,30.0,50.0,45.0,0.0,0.0,0.0,0.0,False,False,130.0,0.9,1.0,1.1,1.2,1.0,0.9,1.1,686.0,56.0,686.0,56.0,0,2,False,0,3,68.0,45.0,0.0,28.6,False,False,False,False,True,11,2,False,128.0,128.0,128.0,DISC,SPOKED,0,0,80.0,80.0,300.0,730.0,34.9,330.0,1.0
425.0,65.0,640.0,73.5,190.0,45.0,620.0,75.0,600.0,45.0,45.0,28.6,33.6,23.35,23.35,13.0,9.0,TITANIUM,34.0,54.0,50.0,0.0,0.0,0.0,0.0,False,False,130.0,1.1,0.9,1.1,1.2,1.0,0.9,1.1,688.0,58.0,688.0,58.0,0,2,False,0,3,68.0,45.0,0.0,28.6,False,False,False,False,True,11,2,False,128.0,128.0,128.0,DISC,SPOKED,0,0,80.0,80.0,300.0,740.0,34.9,340.0,1.0
430.0,80.0,650.0,71.5,200.0,45.0,630.0,72.5,610.0,50.0,45.0,28.6,33.6,23.35,23.35,13.0,9.0,TITANIUM,36.0,56.0,52.0,0.0,0.0,0.0,0.0,False,False,130.0,1.0,0.9,1.0,1.2,1.0,0.9,1.1,690.0,60.0,690.0,60.0,0,0,False,0,3,68.0,45.0,0.0,28.6,False,False,False,False,True,11,2,False,128.0,128.0,128.0,DISC,SPOKED,0,0,80.0,80.0,300.0,750.0,34.9,350.0,1.0
435.0,60.0,660.0,74.5,130.0,45.0,640.0,73.2,620.0,45.0,45.0,28.6,33.6,23.35,23.35,13.0,9.0,TITANIUM,31.0,51.0,47.0,0.0,0.0,0.0,0.0,False,False,130.0,0.9,1.1,1.1,1.2,1.0,0.9,1.1,692.0,62.0,692.0,62.0,0,2,False,0,3,68.0,45.0,0.0,28.6,False,False,False,False,True,11,2,False,128.0,128.0,128.0,DISC,SPOKED,0,0,80.0,80.0,300.0,760.0,34.9,360.0,1.0
440.0,74.0,670.0,73.2,155.0,45.0,650.0,74.1,630.0,40.0,45.0,28.6,33.6,23.35,23.35,13.0,9.0,TITANIUM,33.0,53.0,49.0,0.0,0.0,0.0,0.0,False,False,130.0,1.1,1.0,1.1,1.2,1.0,0.9,1.1,694.0,65.0,694.0,65.0,0,0,False,0,3,68.0,45.0,0.0,28.6,False,False,False,False,True,11,2,False,128.0,128.0,128.0,DISC,SPOKED,0,0,80.0,80.0,300.0,770.0,34.9,370.0,1.0
445.0,69.0,680.0,72.8,165.0,45.0,660.0,72.8,640.0,45.0,45.0,28.6,33.6,23.35,23.35,13.0,9.0,TITANIUM,34.0,54.0,50.0,0.0,0.0,0.0,0.0,False,False,130.0,1.0,0.9,1.1,1.2,1.0,0.9,1.1,696.0,67.0,696.0,67.0,0,2,False,0,3,68.0,45.0,0.0,28.6,False,False,False,False,True,11,2,False,128.0,128.0,128.0,DISC,SPOKED,0,0,80.0,80.0,300.0,780.0,34.9,380.0,1.0
450.0,73.0,590.0,73.5,145.0,45.0,550.0,73.5,550.0,50.0,45.0,28.6,33.6,23.35,23.35,13.0,9.0,TITANIUM,32.0,52.0,48.0,0.0,0.0,0.0,0.0,False,False,130.0,1.1,1.0,1.0,1.2,1.0,0.9,1.1,698.0,68.0,698.0,68.0,0,0,False,0,3,68.0,45.0,0.0,28.6,False,False,False,False,True,11,2,False,128.0,128.0,128.0,DISC,SPOKED,0,0,80.0,80.0,300.0,690.0,34.9,390.0,1.0
415.0,75.0,580.0,73.0,160.0,45.0,530.0,73.5,650.0,45.0,40.0,34.0,35.0,23.0,13.0,13.0,15.0,TITANIUM,33.0,49.0,49.0,330.0,350.0,16.0,18.0,False,False,130.0,2.0,0.9,1.1,0.9,1.2,1.0,0.9,674.0,52.0,674.0,52.0,0,0,False,0,3,68.0,45.0,0.0,31.8,False,False,False,False,True,11,2,False,128.0,128.0,128.0,DISC,SPOKED,0,0,0.0,0.0,278.0,750.0,34.9,700.0,1.0
420.0,78.0,585.0,72.5,165.0,46.0,535.0,73.0,655.0,46.0,40.0,34.5,35.0,23.0,13.0,13.0,15.0,TITANIUM,32.0,48.5,50.0,330.0,350.0,16.0,18.0,False,False,130.0,2.0,0.9,1.1,0.9,1.2,1.0,0.9,674.0,52.0,674.0,52.0,0,0,False,0,3,68.0,45.0,0.0,31.8,False,False,False,False,True,11,2,False,128.0,128.0,128.0,DISC,SPOKED,0,0,0.0,0.0,280.0,755.0,34.9,705.0,1.0
410.0,75.0,575.0,73.5,158.0,44.0,525.0,73.0,645.0,44.0,40.0,33.0,35.0,23.5,13.5,13.0,15.0,TITANIUM,34.0,49.0,48.0,330.0,350.0,16.0,18.0,False,False,130.0,2.0,0.9,1.1,0.9,1.2,1.0,0.9,674.0,52.0,674.0,52.0,0,0,False,0,3,68.0,45.0,0.0,31.8,False,False,False,False,True,11,2,False,128.0,128.0,128.0,DISC,SPOKED,0,0,0.0,0.0,275.0,745.0,34.9,695.0,1.0
425.0,80.0,590.0,72.0,170.0,45.0,540.0,74.0,660.0,47.0,40.0,34.0,36.0,23.0,13.0,13.0,16.0,TITANIUM,33.0,50.0,49.0,331.0,351.0,16.0,18.0,False,False,130.0,2.0,0.9,1.1,0.9,1.2,1.0,0.9,674.0,52.0,674.0,52.0,0,0,False,0,3,68.0,45.0,0.0,31.8,False,False,False,False,True,11,2,False,128.0,128.0,128.0,DISC,SPOKED,0,0,0.0,0.0,285.0,760.0,34.9,710.0,1.0
430.0,75.0,578.0,74.0,155.0,46.0,532.0,73.0,648.0,46.0,40.0,33.5,36.0,23.0,13.0,13.0,16.0,TITANIUM,32.0,48.0,50.0,332.0,352.0,16.0,18.0,False,False,130.0,2.0,0.9,1.1,0.9,1.2,1.0,0.9,674.0,52.0,674.0,52.0,0,0,False,0,3,68.0,45.0,0.0,31.8,False,False,False,False,True,11,2,False,128.0,128.0,128.0,DISC,SPOKED,0,0,0.0,0.0,279.0,748.0,34.9,702.0,1.0
418.0,77.0,582.0,73.0,162.0,45.0,535.0,73.5,652.0,45.0,40.0,34.8,35.5,23.0,13.0,13.0,15.0,TITANIUM,33.5,49.5,48.5,333.0,353.0,16.0,18.0,False,False,130.0,2.0,0.9,1.1,0.9,1.2,1.0,0.9,674.0,52.0,674.0,52.0,0,0,False,0,3,68.0,45.0,0.0,31.8,False,False,False,False,True,11,2,False,128.0,128.0,128.0,DISC,SPOKED,0,0,0.0,0.0,282.0,752.0,34.9,708.0,1.0
412.0,74.0,579.0,73.8,159.0,46.0,528.0,73.2,648.5,44.5,40.0,34.2,35.8,23.2,13.0,13.0,15.0,TITANIUM,32.5,49.2,49.2,332.0,352.0,16.0,18.0,False,False,130.0,2.0,0.9,1.1,0.9,1.2,1.0,0.9,674.0,52.0,674.0,52.0,0,0,False,0,3,68.0,45.0,0.0,31.8,False,False,False,False,True,11,2,False,128.0,128.0,128.0,DISC,SPOKED,0,0,0.0,0.0,276.0,747.0,34.9,696.0,1.0
422.0,76.0,583.0,72.2,168.0,45.0,533.0,73.7,654.0,46.5,40.0,34.6,35.2,23.4,13.1,13.0,15.0,TITANIUM,33.8,48.8,48.8,331.5,351.5,16.0,18.0,False,False,130.0,2.0,0.9,1.1,0.9,1.2,1.0,0.9,674.0,52.0,674.0,52.0,0,0,False,0,3,68.0,45.0,0.0,31.8,False,False,False,False,True,11,2,False,128.0,128.0,128.0,DISC,SPOKED,0,0,0.0,0.0,281.0,753.0,34.9,705.0,1.0
419.0,79.0,586.0,74.2,171.0,45.0,536.0,73.4,658.0,45.0,40.0,34.4,35.4,23.0,13.0,13.0,15.0,TITANIUM,33.2,49.4,48.2,333.0,353.0,16.0,18.0,False,False,130.0,2.0,0.9,1.1,0.9,1.2,1.0,0.9,674.0,52.0,674.0,52.0,0,0,False,0,3,68.0,45.0,0.0,31.8,False,False,False,False,True,11,2,False,128.0,128.0,128.0,DISC,SPOKED,0,0,0.0,0.0,279.0,758.0,34.9,712.0,1.0
427.0,77.0,581.0,73.3,163.0,46.0,534.0,73.1,653.0,45.5,40.0,34.1,35.1,23.1,13.0,13.0,15.0,TITANIUM,33.5,48.5,48.5,331.0,351.0,16.0,18.0,False,False,130.0,2.0,0.9,1.1,0.9,1.2,1.0,0.9,674.0,52.0,674.0,52.0,0,0,False,0,3,68.0,45.0,0.0,31.8,False,False,False,False,True,11,2,False,128.0,128.0,128.0,DISC,SPOKED,0,0,0.0,0.0,283.0,749.0,34.9,699.0,1.0
405.0,63.0,580.0,73.0,140.0,45.0,550.0,73.0,650.0,50.0,42.0,35.0,35.0,35.0,23.0,15.0,9.0,TITANIUM,30.0,50.0,45.0,330.0,350.0,16.0,18.0,False,False,130.0,2.3,1.5,1.5,2.0,1.2,1.0,1.5,680.0,23.0,680.0,23.0,0,0,False,0,3,68.0,44.0,0.0,31.8,False,True,False,False,True,11,2,False,128.0,128.0,128.0,SPOKED,SPOKED,0,0,0.0,0.0,280.0,760.0,35.0,350.0,1.0
410.0,64.0,590.0,73.5,150.0,50.0,555.0,73.5,660.0,52.0,43.0,36.0,36.0,36.0,23.5,15.0,9.0,TITANIUM,32.0,52.0,47.0,330.0,350.0,16.0,18.0,False,False,130.0,2.3,1.5,1.5,2.0,1.2,1.0,1.5,680.0,23.0,680.0,23.0,0,0,False,0,3,68.0,44.0,0.0,31.8,False,True,False,False,True,11,2,False,128.0,128.0,128.0,SPOKED,SPOKED,0,0,0.0,0.0,280.0,765.0,36.0,350.0,1.0
415.0,65.0,600.0,72.5,160.0,55.0,560.0,72.5,670.0,48.0,42.0,34.0,34.0,34.0,23.0,15.0,9.0,TITANIUM,28.0,48.0,42.0,330.0,350.0,16.0,18.0,False,False,130.0,2.3,1.5,1.5,2.0,1.2,1.0,1.5,680.0,23.0,680.0,23.0,0,0,False,0,3,68.0,44.0,0.0,31.8,False,True,False,False,True,11,2,False,128.0,128.0,128.0,SPOKED,SPOKED,0,0,0.0,0.0,280.0,770.0,34.0,350.0,1.0
420.0,66.0,610.0,74.0,170.0,50.0,565.0,74.0,680.0,53.0,43.0,38.0,38.0,38.0,24.0,15.0,9.0,TITANIUM,35.0,55.0,50.0,330.0,350.0,16.0,18.0,False,False,130.0,2.3,1.5,1.5,2.0,1.2,1.0,1.5,680.0,23.0,680.0,23.0,0,0,False,0,3,68.0,44.0,0.0,31.8,False,True,False,False,True,11,2,False,128.0,128.0,128.0,SPOKED,SPOKED,0,0,0.0,0.0,280.0,775.0,38.0,350.0,1.0
425.0,67.0,620.0,72.0,180.0,60.0,565.0,72.0,690.0,50.0,45.0,37.0,37.0,37.0,24.5,15.0,9.0,TITANIUM,33.0,53.0,46.0,330.0,350.0,16.0,18.0,False,False,130.0,2.3,1.5,1.5,2.0,1.2,1.0,1.5,680.0,23.0,680.0,23.0,0,0,False,0,3,68.0,44.0,0.0,31.8,False,True,False,False,True,11,2,False,128.0,128.0,128.0,SPOKED,SPOKED,0,0,0.0,0.0,280.0,780.0,37.0,350.0,1.0
430.0,63.0,585.0,73.0,130.0,47.0,548.0,73.0,655.0,49.0,41.0,32.0,32.0,32.0,22.0,15.0,9.0,TITANIUM,29.0,49.0,43.0,330.0,350.0,16.0,18.0,False,False,130.0,2.3,1.5,1.5,2.0,1.2,1.0,1.5,680.0,23.0,680.0,23.0,0,0,False,0,3,68.0,44.0,0.0,31.8,False,True,False,False,True,11,2,False,128.0,128.0,128.0,SPOKED,SPOKED,0,0,0.0,0.0,280.0,755.0,32.0,350.0,1.0
435.0,64.0,595.0,73.5,145.0,52.0,552.0,73.5,665.0,51.0,44.0,38.0,38.0,38.0,24.0,15.0,9.0,TITANIUM,31.0,51.0,48.0,330.0,350.0,16.0,18.0,False,False,130.0,2.3,1.5,1.5,2.0,1.2,1.0,1.5,680.0,23.0,680.0,23.0,0,0,False,0,3,68.0,44.0,0.0,31.8,False,True,False,False,True,11,2,False,128.0,128.0,128.0,SPOKED,SPOKED,0,0,0.0,0.0,280.0,765.0,38.0,350.0,1.0
440.0,65.0,605.0,72.0,155.0,50.0,558.0,72.0,675.0,53.0,43.0,36.0,36.0,36.0,23.0,15.0,9.0,TITANIUM,34.0,54.0,49.0,330.0,350.0,16.0,18.0,False,False,130.0,2.3,1.5,1.5,2.0,1.2,1.0,1.5,680.0,23.0,680.0,23.0,0,0,False,0,3,68.0,44.0,0.0,31.8,False,True,False,False,True,11,2,False,128.0,128.0,128.0,SPOKED,SPOKED,0,0,0.0,0.0,280.0,770.0,36.0,350.0,1.0
445.0,66.0,615.0,74.0,165.0,54.0,562.0,73.0,685.0,49.0,45.0,35.0,35.0,35.0,23.5,15.0,9.0,TITANIUM,36.0,56.0,51.0,330.0,350.0,16.0,18.0,False,False,130.0,2.3,1.5,1.5,2.0,1.2,1.0,1.5,680.0,23.0,680.0,23.0,0,0,False,0,3,68.0,44.0,0.0,31.8,False,True,False,False,True,11,2,False,128.0,128.0,128.0,SPOKED,SPOKED,0,0,0.0,0.0,280.0,775.0,35.0,350.0,1.0
450.0,67.0,625.0,72.5,175.0,58.0,568.0,73.5,695.0,52.0,42.0,34.0,34.0,34.0,22.5,15.0,9.0,TITANIUM,37.0,57.0,52.0,330.0,350.0,16.0,18.0,False,False,130.0,2.3,1.5,1.5,2.0,1.2,1.0,1.5,680.0,23.0,680.0,23.0,0,0,False,0,3,68.0,44.0,0.0,31.8,False,True,False,False,True,11,2,False,128.0,128.0,128.0,SPOKED,SPOKED,0,0,0.0,0.0,280.0,780.0,34.0,350.0,1.0
400.0,70.0,580.0,73.0,150.0,50.0,530.0,73.0,655.0,50.0,47.0,28.6,34.9,36.5,23.35,13.0,15.0,TITANIUM,35.0,40.0,45.0,330.0,350.0,0.0,0.0,False,False,130.0,2.0,0.9,1.1,0.9,1.2,1.0,0.9,680.0,122.0,680.0,122.0,0,2,False,0,3,68.0,45.0,0.0,31.8,True,True,False,False,True,11,2,False,128.0,128.0,128.0,SPOKED,SPOKED,0,0,80.0,80.0,280.0,775.0,34.9,300.0,1.0
405.0,68.0,585.0,72.5,155.0,55.0,535.0,73.5,658.0,52.0,45.0,30.0,35.0,37.0,23.0,12.5,14.5,TITANIUM,36.0,41.0,46.0,340.0,350.0,16.0,0.0,True,False,130.0,2.0,0.9,1.1,0.9,1.2,1.0,0.9,680.0,122.0,680.0,122.0,0,2,False,0,3,68.0,45.0,0.0,31.8,True,True,False,False,True,11,2,False,128.0,128.0,128.0,SPOKED,SPOKED,0,0,80.0,80.0,280.0,770.0,34.9,300.0,1.0
398.0,72.0,590.0,73.5,148.0,52.0,528.0,72.5,652.0,48.0,48.0,29.0,34.0,36.0,24.0,13.5,15.5,TITANIUM,34.0,39.0,44.0,330.0,345.0,0.0,18.0,False,True,130.0,2.0,0.9,1.1,0.9,1.2,1.0,0.9,680.0,122.0,680.0,122.0,0,2,False,0,3,68.0,45.0,0.0,31.8,True,True,False,False,True,11,2,False,128.0,128.0,128.0,SPOKED,SPOKED,0,0,80.0,80.0,280.0,772.0,34.9,300.0,1.0
410.0,69.0,575.0,74.0,160.0,53.0,532.0,73.0,660.0,51.0,46.0,31.8,33.6,38.0,22.5,14.0,15.0,TITANIUM,37.0,42.0,47.0,335.0,348.0,15.0,17.0,True,True,130.0,2.0,0.9,1.1,0.9,1.2,1.0,0.9,680.0,122.0,680.0,122.0,0,2,False,0,3,68.0,45.0,0.0,31.8,True,True,False,False,True,11,2,False,128.0,128.0,128.0,SPOKED,SPOKED,0,0,80.0,80.0,280.0,768.0,34.9,300.0,1.0
395.0,75.0,578.0,72.0,145.0,49.0,525.0,72.0,650.0,49.0,47.0,28.0,34.5,35.5,23.5,13.0,14.0,TITANIUM,33.0,38.0,43.0,330.0,350.0,0.0,0.0,False,False,130.0,2.0,0.9,1.1,0.9,1.2,1.0,0.9,680.0,122.0,680.0,122.0,0,2,False,0,3,68.0,45.0,0.0,31.8,True,True,False,False,True,11,2,False,128.0,128.0,128.0,SPOKED,SPOKED,0,0,80.0,80.0,280.0,774.0,34.9,300.0,1.0
408.0,67.0,595.0,73.2,152.0,54.0,538.0,74.0,657.0,53.0,46.0,29.5,34.8,36.2,23.2,12.8,15.2,TITANIUM,36.5,41.5,46.5,330.0,350.0,0.0,0.0,False,False,130.0,2.0,0.9,1.1,0.9,1.2,1.0,0.9,680.0,122.0,680.0,122.0,0,2,False,0,3,68.0,45.0,0.0,31.8,True,True,False,False,True,11,2,False,128.0,128.0,128.0,SPOKED,SPOKED,0,0,80.0,80.0,280.0,769.0,34.9,300.0,1.0
402.0,71.0,582.0,72.8,149.0,51.0,531.0,73.3,653.0,47.0,48.0,30.5,34.0,37.2,22.8,13.2,14.8,TITANIUM,35.5,40.5,45.5,330.0,350.0,0.0,0.0,False,False,130.0,2.0,0.9,1.1,0.9,1.2,1.0,0.9,680.0,122.0,680.0,122.0,0,2,False,0,3,68.0,45.0,0.0,31.8,True,True,False,False,True,11,2,False,128.0,128.0,128.0,SPOKED,SPOKED,0,0,80.0,80.0,280.0,771.0,34.9,300.0,1.0
407.0,66.0,589.0,73.6,153.0,56.0,536.0,73.7,659.0,54.0,45.0,28.9,34.7,35.8,23.1,13.7,15.8,TITANIUM,37.5,42.5,47.5,330.0,350.0,0.0,0.0,False,False,130.0,2.0,0.9,1.1,0.9,1.2,1.0,0.9,680.0,122.0,680.0,122.0,0,2,False,0,3,68.0,45.0,0.0,31.8,True,True,False,False,True,11,2,False,128.0,128.0,128.0,SPOKED,SPOKED,0,0,80.0,80.0,280.0,776.0,34.9,300.0,1.0
399.0,74.0,577.0,72.2,147.0,48.0,527.0,72.2,651.0,46.0,47.0,29.2,34.4,36.8,22.4,12.9,14.2,TITANIUM,33.5,38.5,43.5,330.0,350.0,0.0,0.0,False,False,130.0,2.0,0.9,1.1,0.9,1.2,1.0,0.9,680.0,122.0,680.0,122.0,0,2,False,0,3,68.0,45.0,0.0,31.8,True,True,False,False,True,11,2,False,128.0,128.0,128.0,SPOKED,SPOKED,0,0,80.0,80.0,280.0,773.0,34.9,300.0,1.0
403.0,70.0,591.0,73.4,158.0,57.0,539.0,73.9,661.0,52.5,46.5,30.2,34.2,36.1,22.6,13.4,15.4,TITANIUM,38.0,43.0,48.0,330.0,350.0,0.0,0.0,False,False,130.0,2.0,0.9,1.1,0.9,1.2,1.0,0.9,680.0,122.0,680.0,122.0,0,2,False,0,3,68.0,45.0,0.0,31.8,True,True,False,False,True,11,2,False,128.0,128.0,128.0,SPOKED,SPOKED,0,0,80.0,80.0,280.0,770.0,34.9,300.0,1.0
460.0,70.0,590.0,72.0,120.0,50.0,550.0,72.0,650.0,50.0,40.0,30.0,38.0,25.0,25.0,13.0,15.0,TITANIUM,30.0,50.0,45.0,330.0,350.0,16.0,18.0,True,False,130.0,2.0,0.9,1.1,0.9,1.0,0.9,0.9,680.0,52.0,680.0,52.0,0,0,False,0,1,68.0,45.0,0.0,31.8,False,False,False,False,True,11,2,False,128.0,128.0,128.0,SPOKED,SPOKED,0,0,80.0,80.0,280.0,700.0,34.9,300.0,1.0
470.0,70.0,600.0,72.5,130.0,50.0,560.0,73.0,655.0,50.0,40.0,30.0,38.0,25.0,25.0,13.0,15.0,TITANIUM,32.0,52.0,43.0,330.0,350.0,16.0,18.0,False,True,135.0,2.0,0.9,1.1,0.9,1.0,0.9,0.9,680.0,52.0,680.0,52.0,0,1,False,0,1,68.0,45.0,0.0,31.8,False,False,False,False,True,11,2,False,128.0,128.0,128.0,SPOKED,SPOKED,0,0,80.0,80.0,280.0,700.0,34.9,300.0,1.0
480.0,70.0,610.0,73.0,140.0,50.0,570.0,72.5,660.0,50.0,40.0,30.0,38.0,25.0,25.0,13.0,15.0,TITANIUM,34.0,54.0,41.0,330.0,350.0,16.0,18.0,True,False,130.0,2.0,0.9,1.1,0.9,1.0,0.9,0.9,680.0,52.0,680.0,52.0,0,2,False,0,1,68.0,45.0,0.0,31.8,False,False,False,False,True,11,2,False,128.0,128.0,128.0,SPOKED,SPOKED,0,0,80.0,80.0,280.0,700.0,34.9,300.0,1.0
490.0,70.0,620.0,72.8,150.0,50.0,580.0,72.8,665.0,50.0,40.0,30.0,38.0,25.0,25.0,13.0,15.0,TITANIUM,36.0,56.0,39.0,330.0,350.0,16.0,18.0,False,True,135.0,2.0,0.9,1.1,0.9,1.0,0.9,0.9,680.0,52.0,680.0,52.0,0,0,False,0,1,68.0,45.0,0.0,31.8,False,False,False,False,True,11,2,False,128.0,128.0,128.0,SPOKED,SPOKED,0,0,80.0,80.0,280.0,700.0,34.9,300.0,1.0
500.0,70.0,630.0,72.2,160.0,50.0,590.0,72.2,670.0,50.0,40.0,30.0,38.0,25.0,25.0,13.0,15.0,TITANIUM,38.0,58.0,37.0,330.0,350.0,16.0,18.0,True,False,130.0,2.0,0.9,1.1,0.9,1.0,0.9,0.9,680.0,52.0,680.0,52.0,0,1,False,0,1,68.0,45.0,0.0,31.8,False,False,False,False,True,11,2,False,128.0,128.0,128.0,SPOKED,SPOKED,0,0,80.0,80.0,280.0,700.0,34.9,300.0,1.0
450.0,70.0,640.0,73.3,170.0,50.0,600.0,73.1,675.0,50.0,40.0,30.0,38.0,25.0,25.0,13.0,15.0,TITANIUM,40.0,60.0,35.0,330.0,350.0,16.0,18.0,False,True,135.0,2.0,0.9,1.1,0.9,1.0,0.9,0.9,680.0,52.0,680.0,52.0,0,2,False,0,1,68.0,45.0,0.0,31.8,False,False,False,False,True,11,2,False,128.0,128.0,128.0,SPOKED,SPOKED,0,0,80.0,80.0,280.0,700.0,34.9,300.0,1.0
440.0,70.0,650.0,72.6,180.0,50.0,610.0,72.7,680.0,50.0,40.0,30.0,38.0,25.0,25.0,13.0,15.0,TITANIUM,42.0,62.0,33.0,330.0,350.0,16.0,18.0,True,False,130.0,2.0,0.9,1.1,0.9,1.0,0.9,0.9,680.0,52.0,680.0,52.0,0,0,False,0,1,68.0,45.0,0.0,31.8,False,False,False,False,True,11,2,False,128.0,128.0,128.0,SPOKED,SPOKED,0,0,80.0,80.0,280.0,700.0,34.9,300.0,1.0
430.0,70.0,580.0,72.9,110.0,50.0,540.0,72.9,645.0,50.0,40.0,30.0,38.0,25.0,25.0,13.0,15.0,TITANIUM,28.0,48.0,47.0,330.0,350.0,16.0,18.0,False,True,135.0,2.0,0.9,1.1,0.9,1.0,0.9,0.9,680.0,52.0,680.0,52.0,0,1,False,0,1,68.0,45.0,0.0,31.8,False,False,False,False,True,11,2,False,128.0,128.0,128.0,SPOKED,SPOKED,0,0,80.0,80.0,280.0,700.0,34.9,300.0,1.0
520.0,70.0,595.0,72.1,125.0,50.0,530.0,72.3,635.0,50.0,40.0,30.0,38.0,25.0,25.0,13.0,15.0,TITANIUM,26.0,46.0,49.0,330.0,350.0,16.0,18.0,True,False,130.0,2.0,0.9,1.1,0.9,1.0,0.9,0.9,680.0,52.0,680.0,52.0,0,2,False,0,1,68.0,45.0,0.0,31.8,False,False,False,False,True,11,2,False,128.0,128.0,128.0,SPOKED,SPOKED,0,0,80.0,80.0,280.0,700.0,34.9,300.0,1.0
510.0,70.0,605.0,72.7,135.0,50.0,520.0,73.2,625.0,50.0,40.0,30.0,38.0,25.0,25.0,13.0,15.0,TITANIUM,24.0,44.0,51.0,330.0,350.0,16.0,18.0,False,True,135.0,2.0,0.9,1.1,0.9,1.0,0.9,0.9,680.0,52.0,680.0,52.0,0,0,False,0,1,68.0,45.0,0.0,31.8,False,False,False,False,True,11,2,False,128.0,128.0,128.0,SPOKED,SPOKED,0,0,80.0,80.0,280.0,700.0,34.9,300.0,1.0
400.0,70.0,590.0,72.0,140.0,45.0,540.0,72.0,680.0,50.0,47.0,28.6,36.5,23.35,15.0,13.0,15.0,TITANIUM,33.0,45.0,40.0,330.0,350.0,16.0,18.0,False,False,130.0,2.0,0.9,1.1,0.9,1.2,1.0,0.9,680.0,56.0,680.0,56.0,0,0,False,0,3,68.0,45.0,0.0,31.8,True,True,False,False,True,11,2,False,128.0,128.0,128.0,SPOKED,SPOKED,0,0,0.0,0.0,278.0,740.0,34.9,300.0,1.0
405.0,70.0,592.0,72.5,145.0,45.0,550.0,72.5,685.0,50.0,47.0,28.6,36.5,23.35,15.0,13.0,15.0,TITANIUM,33.0,45.0,40.0,330.0,350.0,16.0,18.0,False,False,130.0,2.0,0.9,1.1,0.9,1.2,1.0,0.9,680.0,56.0,680.0,56.0,0,1,False,0,3,68.0,45.0,0.0,31.8,True,True,False,False,True,11,2,False,128.0,128.0,128.0,DISC,SPOKED,0,0,0.0,0.0,278.0,745.0,34.9,300.0,1.0
410.0,70.0,594.0,73.0,150.0,45.0,560.0,73.0,690.0,50.0,47.0,28.6,36.5,23.35,15.0,13.0,15.0,TITANIUM,33.0,45.0,40.0,330.0,350.0,16.0,18.0,False,False,130.0,2.0,0.9,1.1,0.9,1.2,1.0,0.9,680.0,56.0,680.0,56.0,0,2,False,0,3,68.0,45.0,0.0,31.8,True,True,False,False,True,11,2,False,128.0,128.0,128.0,TRISPOKE,SPOKED,1,0,50.0,0.0,278.0,750.0,34.9,300.0,1.0
415.0,70.0,596.0,73.5,155.0,45.0,570.0,73.5,695.0,50.0,47.0,28.6,36.5,23.35,15.0,13.0,15.0,TITANIUM,33.0,45.0,40.0,330.0,350.0,16.0,18.0,False,False,130.0,2.0,0.9,1.1,0.9,1.2,1.0,0.9,680.0,56.0,680.0,56.0,0,0,False,0,3,68.0,45.0,0.0,31.8,True,True,False,False,True,11,2,False,128.0,128.0,128.0,DISC,SPOKED,0,0,0.0,0.0,278.0,755.0,34.9,300.0,1.0
420.0,70.0,598.0,74.0,160.0,45.0,580.0,74.0,700.0,50.0,47.0,28.6,36.5,23.35,15.0,13.0,15.0,TITANIUM,33.0,45.0,40.0,330.0,350.0,16.0,18.0,False,False,130.0,2.0,0.9,1.1,0.9,1.2,1.0,0.9,680.0,56.0,680.0,56.0,0,1,False,0,3,68.0,45.0,0.0,31.8,True,True,False,False,True,11,2,False,128.0,128.0,128.0,SPOKED,SPOKED,0,0,0.0,0.0,278.0,760.0,34.9,300.0,1.0
425.0,70.0,600.0,72.1,142.0,45.0,545.0,72.1,682.0,50.0,47.0,28.6,36.5,23.35,15.0,13.0,15.0,TITANIUM,33.0,45.0,40.0,330.0,350.0,16.0,18.0,False,False,130.0,2.0,0.9,1.1,0.9,1.2,1.0,0.9,680.0,56.0,680.0,56.0,0,2,False,0,3,68.0,45.0,0.0,31.8,True,True,False,False,True,11,2,False,128.0,128.0,128.0,TRISPOKE,SPOKED,1,0,50.0,0.0,278.0,742.0,34.9,300.0,1.0
430.0,70.0,602.0,72.6,147.0,45.0,555.0,72.6,687.0,50.0,47.0,28.6,36.5,23.35,15.0,13.0,15.0,TITANIUM,33.0,45.0,40.0,330.0,350.0,16.0,18.0,False,False,130.0,2.0,0.9,1.1,0.9,1.2,1.0,0.9,680.0,56.0,680.0,56.0,0,0,False,0,3,68.0,45.0,0.0,31.8,True,True,False,False,True,11,2,False,128.0,128.0,128.0,SPOKED,SPOKED,0,0,0.0,0.0,278.0,747.0,34.9,300.0,1.0
435.0,70.0,604.0,73.1,152.0,45.0,565.0,73.1,692.0,50.0,47.0,28.6,36.5,23.35,15.0,13.0,15.0,TITANIUM,33.0,45.0,40.0,330.0,350.0,16.0,18.0,False,False,130.0,2.0,0.9,1.1,0.9,1.2,1.0,0.9,680.0,56.0,680.0,56.0,0,1,False,0,3,68.0,45.0,0.0,31.8,True,True,False,False,True,11,2,False,128.0,128.0,128.0,DISC,SPOKED,0,0,0.0,0.0,278.0,752.0,34.9,300.0,1.0
440.0,70.0,606.0,73.6,157.0,45.0,575.0,73.6,697.0,50.0,47.0,28.6,36.5,23.35,15.0,13.0,15.0,TITANIUM,33.0,45.0,40.0,330.0,350.0,16.0,18.0,False,False,130.0,2.0,0.9,1.1,0.9,1.2,1.0,0.9,680.0,56.0,680.0,56.0,0,2,False,0,3,68.0,45.0,0.0,31.8,True,True,False,False,True,11,2,False,128.0,128.0,128.0,TRISPOKE,SPOKED,1,0,50.0,0.0,278.0,757.0,34.9,300.0,1.0
445.0,70.0,608.0,74.1,162.0,45.0,585.0,74.1,702.0,50.0,47.0,28.6,36.5,23.35,15.0,13.0,15.0,TITANIUM,33.0,45.0,40.0,330.0,350.0,16.0,18.0,False,False,130.0,2.0,0.9,1.1,0.9,1.2,1.0,0.9,680.0,56.0,680.0,56.0,0,0,False,0,3,68.0,45.0,0.0,31.8,True,True,False,False,True,11,2,False,128.0,128.0,128.0,SPOKED,SPOKED,0,0,0.0,0.0,278.0,762.0,34.9,300.0,1.0
405.0,70.0,600.0,73.0,150.0,45.0,550.0,73.0,650.0,45.0,40.0,30.0,35.0,25.0,20.0,13.0,15.0,TITANIUM,40.0,50.0,45.0,330.0,350.0,16.0,18.0,False,False,130.0,2.0,1.2,1.3,1.2,1.0,0.9,1.2,700.0,25.0,700.0,25.0,0,2,False,0,3,68.0,50.0,0.0,30.0,False,True,False,False,True,11,2,False,128.0,128.0,128.0,DISC,TRISPOKE,0,1,0.0,80.0,300.0,765.0,35.0,300.0,0.0
410.0,75.0,620.0,72.5,160.0,50.0,560.0,74.0,655.0,42.0,40.0,32.0,37.0,26.0,21.0,12.0,14.0,TITANIUM,42.0,52.0,47.0,330.0,350.0,16.0,18.0,False,False,130.0,2.0,1.2,1.3,1.2,1.1,0.9,1.2,700.0,27.0,700.0,27.0,0,1,False,0,3,68.0,52.0,0.0,30.0,False,True,False,False,True,11,2,False,128.0,128.0,128.0,DISC,TRISPOKE,0,1,0.0,80.0,305.0,770.0,34.0,310.0,0.0
395.0,68.0,590.0,74.5,155.0,48.0,555.0,73.5,660.0,46.0,40.0,31.0,36.0,24.0,22.0,13.0,15.0,TITANIUM,41.0,49.0,46.0,330.0,350.0,16.0,18.0,False,False,130.0,2.0,1.2,1.3,1.2,1.1,0.9,1.2,705.0,26.0,705.0,26.0,0,2,False,0,3,68.0,48.0,0.0,30.0,False,True,False,False,True,10,2,False,128.0,128.0,128.0,DISC,TRISPOKE,0,1,0.0,80.0,305.0,760.0,36.0,305.0,0.0
415.0,72.0,605.0,73.0,158.0,47.0,548.0,73.0,645.0,44.0,40.0,30.0,34.0,26.0,20.0,13.0,15.0,TITANIUM,43.0,51.0,44.0,330.0,350.0,16.0,18.0,False,False,130.0,2.0,1.2,1.3,1.2,1.0,0.9,1.2,720.0,27.0,720.0,27.0,0,2,False,0,3,68.0,51.0,0.0,30.0,False,True,False,False,True,12,1,False,128.0,128.0,128.0,DISC,TRISPOKE,0,1,0.0,80.0,310.0,780.0,34.0,315.0,0.0
400.0,70.0,610.0,72.8,162.0,46.0,555.0,72.5,655.0,43.0,40.0,29.0,35.0,25.0,21.0,13.0,15.0,TITANIUM,42.0,50.0,45.0,330.0,350.0,16.0,18.0,False,False,130.0,2.0,1.2,1.3,1.2,1.0,0.9,1.2,710.0,26.0,710.0,26.0,0,2,False,0,3,68.0,50.0,0.0,30.0,False,True,False,False,True,11,2,False,128.0,128.0,128.0,DISC,TRISPOKE,0,1,0.0,80.0,305.0,755.0,35.0,300.0,0.0
395.0,74.0,595.0,73.2,148.0,45.0,552.0,73.2,660.0,45.0,40.0,30.0,36.0,24.0,22.0,13.0,15.0,TITANIUM,40.0,50.0,45.0,330.0,350.0,16.0,18.0,False,False,130.0,2.0,1.2,1.3,1.2,1.1,0.9,1.2,695.0,25.0,695.0,25.0,0,2,False,0,3,68.0,49.0,0.0,30.0,False,True,False,False,True,10,3,False,128.0,128.0,128.0,DISC,TRISPOKE,0,1,0.0,80.0,300.0,765.0,36.0,305.0,0.0
410.0,71.0,605.0,74.0,153.0,49.0,558.0,73.8,652.0,44.0,40.0,31.0,35.0,25.0,22.0,13.0,15.0,TITANIUM,41.0,52.0,46.0,330.0,350.0,16.0,18.0,False,False,130.0,2.0,1.2,1.3,1.2,1.1,0.9,1.2,715.0,27.0,715.0,27.0,0,2,False,0,3,68.0,52.0,0.0,30.0,False,True,False,False,True,11,2,False,128.0,128.0,128.0,DISC,TRISPOKE,0,1,0.0,80.0,305.0,772.0,35.0,310.0,0.0
408.0,69.0,598.0,73.7,157.0,48.0,555.0,73.1,648.0,43.0,40.0,30.0,36.0,24.0,21.0,13.0,15.0,TITANIUM,42.0,51.0,45.0,330.0,350.0,16.0,18.0,False,False,130.0,2.0,1.2,1.3,1.2,1.1,0.9,1.2,705.0,26.0,705.0,26.0,0,2,False,0,3,68.0,51.0,0.0,30.0,False,True,False,False,True,10,2,False,128.0,128.0,128.0,DISC,TRISPOKE,0,1,0.0,80.0,302.0,768.0,36.0,308.0,0.0
412.0,73.0,612.0,72.3,160.0,50.0,562.0,72.9,660.0,42.0,40.0,30.0,35.0,25.0,23.0,13.0,15.0,TITANIUM,43.0,53.0,47.0,330.0,350.0,16.0,18.0,False,False,130.0,2.0,1.2,1.3,1.2,1.0,0.9,1.2,720.0,27.0,720.0,27.0,0,2,False,0,3,68.0,53.0,0.0,30.0,False,True,False,False,True,11,2,False,128.0,128.0,128.0,DISC,TRISPOKE,0,1,0.0,80.0,310.0,780.0,35.0,315.0,0.0
405.0,70.0,605.0,73.5,155.0,47.0,555.0,73.5,655.0,44.0,40.0,30.0,35.0,25.0,21.0,13.0,15.0,TITANIUM,41.0,50.0,45.0,330.0,350.0,16.0,18.0,False,False,130.0,2.0,1.2,1.3,1.2,1.0,0.9,1.2,710.0,26.0,710.0,26.0,0,2,False,0,3,68.0,50.0,0.0,30.0,False,True,False,False,True,12,3,False,128.0,128.0,128.0,DISC,TRISPOKE,0,1,0.0,80.0,305.0,765.0,35.0,310.0,0.0
410.0,75.0,630.0,73.5,200.0,50.0,550.0,73.0,660.0,50.0,40.0,28.6,36.5,23.35,36.5,13.0,15.0,TITANIUM,30.0,50.0,45.0,0.0,0.0,0.0,0.0,False,False,130.0,2.0,0.9,1.1,0.9,1.2,1.0,0.9,674.0,52.0,674.0,52.0,0,0,False,0,3,68.0,45.0,0.0,31.8,False,True,False,False,True,11,2,False,128.0,128.0,128.0,DISC,SPOKED,0,0,0.0,0.0,280.0,710.0,34.9,300.0,1.0
415.0,70.0,620.0,72.5,180.0,50.0,540.0,73.5,650.0,45.0,40.0,28.6,36.5,23.35,36.5,13.0,15.0,TITANIUM,30.0,50.0,45.0,0.0,0.0,0.0,0.0,False,False,130.0,2.0,0.9,1.1,0.9,1.2,1.0,0.9,674.0,52.0,674.0,52.0,0,0,False,0,3,68.0,45.0,0.0,31.8,False,True,False,False,True,11,2,False,128.0,128.0,128.0,DISC,SPOKED,0,0,0.0,0.0,280.0,705.0,34.9,300.0,1.0
420.0,65.0,640.0,74.0,220.0,45.0,560.0,72.5,670.0,55.0,40.0,28.6,36.5,23.35,36.5,13.0,15.0,TITANIUM,30.0,50.0,45.0,0.0,0.0,0.0,0.0,False,False,130.0,2.0,0.9,1.1,0.9,1.2,1.0,0.9,674.0,52.0,674.0,52.0,0,0,False,0,3,68.0,45.0,0.0,31.8,False,True,False,False,True,11,2,False,128.0,128.0,128.0,DISC,SPOKED,0,0,0.0,0.0,280.0,720.0,34.9,300.0,1.0
405.0,80.0,610.0,72.0,160.0,55.0,530.0,74.0,640.0,50.0,40.0,28.6,36.5,23.35,36.5,13.0,15.0,TITANIUM,30.0,50.0,45.0,0.0,0.0,0.0,0.0,False,False,130.0,2.0,0.9,1.1,0.9,1.2,1.0,0.9,674.0,52.0,674.0,52.0,0,0,False,0,3,68.0,45.0,0.0,31.8,False,True,False,False,True,11,2,False,128.0,128.0,128.0,DISC,SPOKED,0,0,0.0,0.0,280.0,700.0,34.9,300.0,1.0
430.0,60.0,650.0,73.0,210.0,48.0,570.0,73.0,680.0,52.0,40.0,28.6,36.5,23.35,36.5,13.0,15.0,TITANIUM,30.0,50.0,45.0,0.0,0.0,0.0,0.0,False,False,130.0,2.0,0.9,1.1,0.9,1.2,1.0,0.9,674.0,52.0,674.0,52.0,0,0,False,0,3,68.0,45.0,0.0,31.8,False,True,False,False,True,11,2,False,128.0,128.0,128.0,DISC,SPOKED,0,0,0.0,0.0,280.0,715.0,34.9,300.0,1.0
407.0,68.0,625.0,72.8,190.0,52.0,545.0,73.3,655.0,48.0,40.0,28.6,36.5,23.35,36.5,13.0,15.0,TITANIUM,30.0,50.0,45.0,0.0,0.0,0.0,0.0,False,False,130.0,2.0,0.9,1.1,0.9,1.2,1.0,0.9,674.0,52.0,674.0,52.0,0,0,False,0,3,68.0,45.0,0.0,31.8,False,True,False,False,True,11,2,False,128.0,128.0,128.0,DISC,SPOKED,0,0,0.0,0.0,280.0,725.0,34.9,300.0,1.0
412.0,72.0,635.0,73.2,205.0,47.0,558.0,72.8,670.0,51.0,40.0,28.6,36.5,23.35,36.5,13.0,15.0,TITANIUM,30.0,50.0,45.0,0.0,0.0,0.0,0.0,False,False,130.0,2.0,0.9,1.1,0.9,1.2,1.0,0.9,674.0,52.0,674.0,52.0,0,0,False,0,3,68.0,45.0,0.0,31.8,False,True,False,False,True,11,2,False,128.0,128.0,128.0,DISC,SPOKED,0,0,0.0,0.0,280.0,730.0,34.9,300.0,1.0
418.0,66.0,645.0,73.8,215.0,49.0,565.0,73.1,675.0,53.0,40.0,28.6,36.5,23.35,36.5,13.0,15.0,TITANIUM,30.0,50.0,45.0,0.0,0.0,0.0,0.0,False,False,130.0,2.0,0.9,1.1,0.9,1.2,1.0,0.9,674.0,52.0,674.0,52.0,0,0,False,0,3,68.0,45.0,0.0,31.8,False,True,False,False,True,11,2,False,128.0,128.0,128.0,DISC,SPOKED,0,0,0.0,0.0,280.0,705.0,34.9,300.0,1.0
403.0,78.0,615.0,72.2,170.0,54.0,535.0,73.7,645.0,49.0,40.0,28.6,36.5,23.35,36.5,13.0,15.0,TITANIUM,30.0,50.0,45.0,0.0,0.0,0.0,0.0,False,False,130.0,2.0,0.9,1.1,0.9,1.2,1.0,0.9,674.0,52.0,674.0,52.0,0,0,False,0,3,68.0,45.0,0.0,31.8,False,True,False,False,True,11,2,False,128.0,128.0,128.0,DISC,SPOKED,0,0,0.0,0.0,280.0,715.0,34.9,300.0,1.0
425.0,64.0,655.0,74.1,225.0,46.0,575.0,72.9,685.0,54.0,40.0,28.6,36.5,23.35,36.5,13.0,15.0,TITANIUM,30.0,50.0,45.0,0.0,0.0,0.0,0.0,False,False,130.0,2.0,0.9,1.1,0.9,1.2,1.0,0.9,674.0,52.0,674.0,52.0,0,0,False,0,3,68.0,45.0,0.0,31.8,False,True,False,False,True,11,2,False,128.0,128.0,128.0,DISC,SPOKED,0,0,0.0,0.0,280.0,720.0,34.9,300.0,1.0
400.0,70.0,650.0,73.5,180.0,50.0,580.0,74.0,660.0,45.0,40.0,30.0,34.9,36.5,23.35,13.0,15.0,TITANIUM,35.0,40.0,50.0,330.0,350.0,16.0,18.0,True,False,130.0,2.0,0.9,1.1,0.9,1.2,1.0,0.9,680.0,52.0,680.0,52.0,0,0,False,0,3,68.0,45.0,692.0,31.8,True,True,False,False,True,11,2,False,128.0,128.0,128.0,SPOKED,SPOKED,0,0,0.0,0.0,300.0,760.0,34.9,300.0,1.0
410.0,68.0,640.0,72.0,170.0,55.0,600.0,73.5,655.0,45.0,45.0,32.0,34.9,36.5,25.0,14.0,15.0,TITANIUM,38.0,43.0,48.0,330.0,350.0,16.0,18.0,True,True,135.0,2.0,0.9,1.1,0.9,1.2,1.0,0.9,682.0,52.0,682.0,52.0,0,1,False,0,1,68.0,45.0,692.0,31.8,False,True,False,False,True,11,2,False,128.0,128.0,128.0,SPOKED,SPOKED,0,0,0.0,0.0,300.0,755.0,34.9,300.0,1.0
395.0,72.0,630.0,71.5,160.0,52.0,570.0,74.5,650.0,45.0,50.0,29.0,34.9,36.5,24.0,15.0,15.0,TITANIUM,30.0,38.0,55.0,330.0,350.0,16.0,18.0,False,True,130.0,2.0,0.9,1.1,0.9,1.2,1.0,0.9,684.0,52.0,684.0,52.0,0,2,False,0,1,68.0,45.0,692.0,31.8,True,False,False,False,True,11,2,False,128.0,128.0,128.0,SPOKED,SPOKED,0,0,0.0,0.0,300.0,750.0,34.9,300.0,1.0
420.0,75.0,660.0,74.0,190.0,48.0,620.0,73.0,665.0,45.0,42.0,31.0,34.9,36.5,23.35,13.0,15.0,TITANIUM,40.0,45.0,52.0,330.0,350.0,16.0,18.0,False,False,130.0,2.0,0.9,1.1,0.9,1.2,1.0,0.9,686.0,52.0,686.0,52.0,0,0,False,0,3,68.0,45.0,692.0,31.8,False,False,False,False,True,12,2,False,128.0,128.0,128.0,SPOKED,SPOKED,0,0,0.0,0.0,320.0,765.0,34.9,300.0,1.0
405.0,69.0,620.0,73.0,150.0,50.0,575.0,74.0,655.0,45.0,44.0,28.6,34.9,36.5,23.35,15.0,15.0,TITANIUM,32.0,42.0,45.0,330.0,350.0,16.0,18.0,True,False,135.0,2.0,0.9,1.1,0.9,1.2,1.0,0.9,680.0,52.0,680.0,52.0,0,1,False,0,1,68.0,45.0,692.0,31.8,True,True,False,False,True,10,1,False,128.0,128.0,128.0,SPOKED,SPOKED,0,0,0.0,0.0,300.0,748.0,34.9,300.0,2.0
430.0,68.0,655.0,72.5,185.0,53.0,610.0,73.8,662.0,45.0,42.0,33.6,34.9,36.5,23.35,14.0,15.0,TITANIUM,37.0,47.0,53.0,330.0,350.0,16.0,18.0,True,True,130.0,2.0,0.9,1.1,0.9,1.2,1.0,0.9,690.0,52.0,690.0,52.0,0,2,False,0,1,68.0,45.0,692.0,31.8,False,True,False,False,True,11,2,False,128.0,128.0,128.0,SPOKED,SPOKED,0,0,0.0,0.0,305.0,758.0,34.9,300.0,1.0
380.0,65.0,610.0,71.0,165.0,47.0,560.0,74.2,648.0,45.0,48.0,29.5,34.9,36.5,23.35,13.0,15.0,TITANIUM,33.0,41.0,48.0,330.0,350.0,16.0,18.0,False,False,135.0,2.0,0.9,1.1,0.9,1.2,1.0,0.9,678.0,52.0,678.0,52.0,0,1,False,0,1,68.0,45.0,692.0,31.8,False,False,False,False,True,11,2,False,128.0,128.0,128.0,SPOKED,SPOKED,0,0,0.0,0.0,300.0,745.0,34.9,300.0,2.0
415.0,70.0,645.0,73.2,175.0,54.0,605.0,73.6,658.0,45.0,46.0,31.5,34.9,36.5,23.35,15.0,15.0,TITANIUM,36.0,44.0,49.0,330.0,350.0,16.0,18.0,False,True,130.0,2.0,0.9,1.1,0.9,1.2,1.0,0.9,688.0,52.0,688.0,52.0,0,0,False,0,1,68.0,45.0,692.0,31.8,True,False,False,False,True,12,1,False,128.0,128.0,128.0,SPOKED,SPOKED,0,0,0.0,0.0,295.0,752.0,34.9,300.0,1.0
390.0,67.0,625.0,72.3,155.0,51.0,585.0,74.3,652.0,45.0,50.0,30.0,34.9,36.5,23.35,14.0,15.0,TITANIUM,31.0,39.0,46.0,330.0,350.0,16.0,18.0,False,False,135.0,2.0,0.9,1.1,0.9,1.2,1.0,0.9,682.0,52.0,682.0,52.0,0,1,False,0,1,68.0,45.0,692.0,31.8,False,True,False,False,True,11,2,False,128.0,128.0,128.0,SPOKED,SPOKED,0,0,0.0,0.0,310.0,748.0,34.9,300.0,2.0
425.0,70.0,660.0,73.8,180.0,56.0,625.0,73.9,668.0,45.0,44.0,32.2,34.9,36.5,23.35,13.0,15.0,TITANIUM,39.0,46.0,50.0,330.0,350.0,16.0,18.0,True,False,130.0,2.0,0.9,1.1,0.9,1.2,1.0,0.9,692.0,52.0,692.0,52.0,0,2,False,0,1,68.0,45.0,692.0,31.8,True,False,False,False,True,12,2,True,128.0,128.0,128.0,SPOKED,SPOKED,0,0,0.0,0.0,305.0,762.0,34.9,300.0,1.0
410.0,70.0,610.0,73.0,170.0,45.0,550.0,74.0,660.0,45.0,40.0,28.6,36.5,23.35,13.0,13.0,15.0,TITANIUM,33.0,50.0,46.0,330.0,350.0,16.0,18.0,False,False,130.0,2.0,0.9,1.1,0.9,1.2,1.0,0.9,680.0,25.0,680.0,25.0,0,2,False,0,3,68.0,45.0,692.0,31.8,True,True,False,False,True,11,2,False,128.0,128.0,128.0,SPOKED,SPOKED,0,0,80.0,80.0,280.0,760.0,34.9,300.0,1.0
405.0,72.0,620.0,72.5,160.0,48.0,560.0,73.5,670.0,50.0,40.0,28.6,36.5,23.35,13.0,13.0,16.0,TITANIUM,32.0,49.0,47.0,330.0,350.0,16.0,18.0,False,False,130.0,2.0,0.9,1.1,0.9,1.2,1.0,0.9,685.0,28.0,685.0,28.0,0,0,False,0,3,68.0,46.0,695.0,31.8,True,True,False,False,True,11,2,False,128.0,128.0,128.0,SPOKED,SPOKED,0,0,80.0,80.0,285.0,750.0,34.9,305.0,1.0
415.0,68.0,600.0,74.0,180.0,46.0,545.0,74.5,655.0,45.0,40.0,28.6,36.5,23.35,13.0,13.0,15.0,TITANIUM,34.0,51.0,44.0,330.0,350.0,16.0,18.0,False,False,130.0,2.0,0.9,1.1,0.9,1.2,1.0,0.9,675.0,26.0,675.0,26.0,0,2,False,0,3,68.0,47.0,690.0,31.8,True,True,False,False,True,11,2,False,128.0,128.0,128.0,SPOKED,SPOKED,0,0,80.0,80.0,275.0,765.0,34.9,295.0,1.0
420.0,69.0,630.0,73.2,175.0,44.0,570.0,73.8,665.0,45.0,40.0,28.6,36.5,23.35,13.0,13.0,14.0,TITANIUM,33.5,50.0,45.5,330.0,350.0,16.0,18.0,False,False,130.0,2.0,0.9,1.1,0.9,1.2,1.0,0.9,682.0,27.0,682.0,27.0,0,1,False,0,3,68.0,45.0,692.0,31.8,True,True,False,False,True,11,2,False,100.0,100.0,100.0,SPOKED,SPOKED,0,0,80.0,80.0,290.0,755.0,34.9,310.0,1.0
395.0,71.0,605.0,72.8,165.0,47.0,535.0,74.2,645.0,42.0,40.0,28.6,36.5,23.35,13.0,13.0,15.5,TITANIUM,32.5,49.5,46.5,330.0,350.0,16.0,18.0,False,False,130.0,2.0,0.9,1.1,0.9,1.2,1.0,0.9,678.0,24.0,678.0,24.0,0,0,False,0,3,68.0,45.0,692.0,31.8,True,True,False,False,True,11,2,False,150.0,150.0,150.0,SPOKED,SPOKED,0,0,80.0,80.0,265.0,770.0,34.9,290.0,1.0
400.0,70.0,615.0,73.5,185.0,43.0,555.0,73.0,630.0,45.0,40.0,28.6,36.5,23.35,13.0,13.0,15.0,TITANIUM,35.0,52.0,43.0,330.0,350.0,16.0,18.0,False,False,130.0,2.0,0.9,1.1,0.9,1.2,1.0,0.9,672.0,25.0,672.0,25.0,0,2,False,0,3,68.0,49.0,694.0,31.8,True,True,False,False,True,11,2,False,200.0,200.0,200.0,SPOKED,SPOKED,0,0,80.0,80.0,300.0,740.0,34.9,320.0,1.0
430.0,68.0,620.0,74.0,172.0,46.0,565.0,74.3,668.0,48.0,40.0,28.6,36.5,23.35,13.0,13.0,14.5,TITANIUM,33.8,49.8,46.8,330.0,350.0,16.0,18.0,False,False,130.0,2.0,0.9,1.1,0.9,1.2,1.0,0.9,680.0,27.5,680.0,27.5,0,1,False,0,3,68.0,46.0,693.0,31.8,True,True,False,False,True,11,2,False,230.0,230.0,230.0,SPOKED,SPOKED,0,0,80.0,80.0,295.0,750.0,34.9,285.0,1.0
425.0,69.0,625.0,73.7,178.0,45.0,575.0,73.9,662.0,44.0,40.0,28.6,36.5,23.35,13.0,13.0,15.2,TITANIUM,34.5,50.5,45.2,330.0,350.0,16.0,18.0,False,False,130.0,2.0,0.9,1.1,0.9,1.2,1.0,0.9,685.0,26.5,685.0,26.5,0,0,False,0,3,68.0,45.5,691.0,31.8,True,True,False,False,True,11,2,False,100.0,100.0,100.0,SPOKED,SPOKED,0,0,80.0,80.0,285.0,765.0,34.9,300.0,1.0
435.0,70.0,600.0,72.9,168.0,47.0,545.0,74.4,650.0,46.0,40.0,28.6,36.5,23.35,13.0,13.0,15.8,TITANIUM,33.0,49.0,44.0,330.0,350.0,16.0,18.0,False,False,130.0,2.0,0.9,1.1,0.9,1.2,1.0,0.9,678.0,29.0,678.0,29.0,0,1,False,0,3,68.0,47.0,694.0,31.8,True,True,False,False,True,11,2,False,128.0,128.0,128.0,SPOKED,SPOKED,0,0,80.0,80.0,270.0,745.0,34.9,310.0,1.0
445.0,71.0,635.0,73.3,182.0,44.0,585.0,73.6,675.0,45.0,40.0,28.6,36.5,23.35,13.0,13.0,14.2,TITANIUM,34.2,51.2,45.0,330.0,350.0,16.0,18.0,False,False,130.0,2.0,0.9,1.1,0.9,1.2,1.0,0.9,690.0,27.0,690.0,27.0,0,0,False,0,3,68.0,48.0,693.0,31.8,True,True,False,False,True,11,2,False,150.0,150.0,150.0,SPOKED,SPOKED,0,0,80.0,80.0,300.0,780.0,34.9,300.0,1.0
405.0,70.0,570.0,73.0,160.0,45.0,540.0,73.0,650.0,45.0,42.0,28.6,36.5,32.0,26.0,13.0,15.0,TITANIUM,30.0,50.0,50.0,330.0,350.0,16.0,18.0,False,False,130.0,2.0,1.3,1.5,1.3,1.1,1.1,1.2,680.0,58.0,680.0,58.0,0,2,False,0,3,68.0,45.0,0.0,31.6,True,True,False,False,True,11,2,False,128.0,128.0,128.0,SPOKED,SPOKED,0,0,0.0,0.0,280.0,770.0,36.5,300.0,1.0
410.0,72.0,580.0,73.0,170.0,45.0,550.0,73.0,655.0,45.0,42.0,28.6,38.0,33.0,27.0,13.0,15.0,TITANIUM,32.0,52.0,52.0,330.0,350.0,16.0,18.0,False,False,130.0,2.0,1.3,1.5,1.3,1.1,1.1,1.2,680.0,58.0,680.0,58.0,0,2,False,0,3,68.0,45.0,0.0,31.6,True,True,False,False,True,11,2,False,128.0,128.0,128.0,SPOKED,SPOKED,0,0,0.0,0.0,280.0,780.0,38.0,300.0,1.0
395.0,68.0,560.0,73.0,150.0,45.0,530.0,73.0,645.0,45.0,42.0,28.6,35.0,31.0,25.0,13.0,15.0,TITANIUM,28.0,48.0,48.0,330.0,350.0,16.0,18.0,False,False,130.0,2.0,1.3,1.5,1.3,1.1,1.1,1.2,680.0,58.0,680.0,58.0,0,2,False,0,3,68.0,45.0,0.0,31.6,True,True,False,False,True,11,2,False,128.0,128.0,128.0,SPOKED,SPOKED,0,0,0.0,0.0,280.0,760.0,35.0,300.0,1.0
420.0,70.0,590.0,73.0,180.0,45.0,560.0,73.0,660.0,45.0,42.0,28.6,39.0,34.0,28.0,13.0,15.0,TITANIUM,34.0,54.0,54.0,330.0,350.0,16.0,18.0,False,False,130.0,2.0,1.3,1.5,1.3,1.1,1.1,1.2,680.0,58.0,680.0,58.0,0,2,False,0,3,68.0,45.0,0.0,31.6,True,True,False,False,True,11,2,False,128.0,128.0,128.0,SPOKED,SPOKED,0,0,0.0,0.0,280.0,785.0,39.0,300.0,1.0
400.0,74.0,575.0,73.0,155.0,45.0,545.0,73.0,648.0,45.0,42.0,28.6,37.0,32.0,26.0,13.0,15.0,TITANIUM,31.0,51.0,51.0,330.0,350.0,16.0,18.0,False,False,130.0,2.0,1.3,1.5,1.3,1.1,1.1,1.2,680.0,58.0,680.0,58.0,0,2,False,0,3,68.0,45.0,0.0,31.6,True,True,False,False,True,11,2,False,128.0,128.0,128.0,SPOKED,SPOKED,0,0,0.0,0.0,280.0,775.0,37.0,300.0,1.0
430.0,70.0,600.0,73.0,165.0,45.0,555.0,73.0,662.0,45.0,42.0,28.6,40.0,35.0,30.0,13.0,15.0,TITANIUM,33.0,53.0,53.0,330.0,350.0,16.0,18.0,False,False,130.0,2.0,1.3,1.5,1.3,1.1,1.1,1.2,680.0,58.0,680.0,58.0,0,2,False,0,3,68.0,45.0,0.0,31.6,True,True,False,False,True,11,2,False,128.0,128.0,128.0,SPOKED,SPOKED,0,0,0.0,0.0,280.0,790.0,40.0,300.0,1.0
390.0,69.0,565.0,73.0,158.0,45.0,535.0,73.0,650.0,45.0,42.0,28.6,36.0,31.0,26.0,13.0,15.0,TITANIUM,29.0,49.0,49.0,330.0,350.0,16.0,18.0,False,False,130.0,2.0,1.3,1.5,1.3,1.1,1.1,1.2,680.0,58.0,680.0,58.0,0,2,False,0,3,68.0,45.0,0.0,31.6,True,True,False,False,True,11,2,False,128.0,128.0,128.0,SPOKED,SPOKED,0,0,0.0,0.0,280.0,765.0,36.0,300.0,1.0
415.0,71.0,585.0,73.0,175.0,45.0,560.0,73.0,657.0,45.0,42.0,28.6,38.0,33.0,28.0,13.0,15.0,TITANIUM,32.0,52.0,52.0,330.0,350.0,16.0,18.0,False,False,130.0,2.0,1.3,1.5,1.3,1.1,1.1,1.2,680.0,58.0,680.0,58.0,0,2,False,0,3,68.0,45.0,0.0,31.6,True,True,False,False,True,11,2,False,128.0,128.0,128.0,SPOKED,SPOKED,0,0,0.0,0.0,280.0,780.0,38.0,300.0,1.0
405.0,73.0,595.0,73.0,172.0,45.0,550.0,73.0,658.0,45.0,42.0,28.6,39.0,34.0,29.0,13.0,15.0,TITANIUM,33.0,53.0,53.0,330.0,350.0,16.0,18.0,False,False,130.0,2.0,1.3,1.5,1.3,1.1,1.1,1.2,680.0,58.0,680.0,58.0,0,2,False,0,3,68.0,45.0,0.0,31.6,True,True,False,False,True,11,2,False,128.0,128.0,128.0,SPOKED,SPOKED,0,0,0.0,0.0,280.0,788.0,39.0,300.0,1.0
400.0,70.0,570.0,73.0,162.0,45.0,540.0,73.0,652.0,45.0,42.0,28.6,37.0,32.0,27.0,13.0,15.0,TITANIUM,30.0,50.0,50.0,330.0,350.0,16.0,18.0,False,False,130.0,2.0,1.3,1.5,1.3,1.1,1.1,1.2,680.0,58.0,680.0,58.0,0,2,False,0,3,68.0,45.0,0.0,31.6,True,True,False,False,True,11,2,False,128.0,128.0,128.0,SPOKED,SPOKED,0,0,0.0,0.0,280.0,775.0,37.0,300.0,1.0
400.0,55.0,620.0,73.5,150.0,40.0,580.0,74.0,650.0,50.0,50.0,30.0,35.0,32.0,28.0,13.0,16.0,TITANIUM,30.0,60.0,20.0,330.0,350.0,16.0,18.0,1,0,130.0,2.0,2.0,2.0,2.0,2.0,2.0,2.0,700.0,70.0,700.0,70.0,0,0,0,0,3,68.0,45.0,0.0,34.0,0,1,0,0,0,11,2,0,128.0,128.0,128.0,DISC,DISC,0,0,0.0,0.0,280.0,750.0,35.0,400.0,0.0
405.0,54.0,625.0,74.0,148.0,42.0,585.0,74.5,645.0,48.0,50.0,31.0,35.0,32.5,28.5,13.5,17.0,TITANIUM,28.0,58.0,18.0,330.0,350.0,16.5,18.0,1,0,130.0,2.0,2.0,2.0,2.0,2.0,2.0,2.0,700.0,68.0,700.0,68.0,0,1,0,0,3,68.0,44.0,0.0,33.5,0,1,0,0,0,11,2,0,128.0,128.0,128.0,SPOKED,SPOKED,1,1,80.0,80.0,290.0,760.0,35.0,420.0,0.0
420.0,57.0,630.0,73.0,160.0,38.0,590.0,75.0,655.0,52.0,55.0,32.0,36.0,33.0,29.0,14.0,16.0,TITANIUM,35.0,65.0,22.0,330.0,350.0,16.0,18.0,0,1,130.0,2.0,2.0,2.0,2.0,2.0,2.0,2.0,700.0,75.0,700.0,75.0,0,2,0,0,1,68.0,46.0,0.0,34.0,0,1,0,0,0,11,2,0,128.0,128.0,128.0,DISC,SPOKED,0,2,0.0,0.0,300.0,770.0,35.0,410.0,3.0
390.0,52.0,610.0,74.0,140.0,45.0,570.0,73.5,640.0,49.0,50.0,29.0,34.0,31.0,26.0,13.0,15.0,TITANIUM,25.0,55.0,15.0,330.0,350.0,16.0,18.0,1,1,130.0,2.0,2.0,2.0,2.0,2.0,2.0,2.0,700.0,65.0,700.0,65.0,0,0,0,0,0,68.0,45.0,0.0,34.0,1,1,0,0,0,11,2,1,128.0,128.0,128.0,TRISPOKE,SPOKED,1,0,120.0,0.0,285.0,740.0,35.0,430.0,0.0
430.0,60.0,640.0,72.5,170.0,35.0,600.0,76.0,660.0,53.0,50.0,33.0,36.0,34.0,30.0,13.0,17.0,TITANIUM,40.0,70.0,25.0,330.0,350.0,16.0,18.0,0,1,130.0,2.0,2.0,2.0,2.0,2.0,2.0,2.0,700.0,80.0,700.0,80.0,0,1,0,0,3,68.0,47.0,0.0,33.0,0,1,0,0,0,11,2,0,128.0,128.0,128.0,TRISPOKE,TRISPOKE,2,2,100.0,100.0,275.0,755.0,36.0,450.0,0.0
415.0,58.0,635.0,73.5,155.0,37.0,595.0,75.0,652.0,51.0,52.0,31.5,35.5,33.0,27.5,13.0,16.0,TITANIUM,32.0,62.0,23.0,330.0,350.0,16.0,18.0,1,0,130.0,2.0,2.0,2.0,2.0,2.0,2.0,2.0,700.0,72.0,700.0,72.0,0,2,0,0,2,68.0,46.0,0.0,34.0,0,1,0,0,0,11,2,0,128.0,128.0,128.0,DISC,DISC,0,0,0.0,0.0,295.0,765.0,35.0,380.0,1.0
395.0,53.0,615.0,74.0,145.0,43.0,575.0,74.5,642.0,47.0,50.0,30.5,34.5,31.5,28.5,13.0,15.0,TITANIUM,26.0,57.0,17.0,330.0,350.0,16.0,18.0,0,0,130.0,2.0,2.0,2.0,2.0,2.0,2.0,2.0,700.0,66.0,700.0,66.0,0,0,0,0,3,68.0,45.0,0.0,34.0,0,1,0,0,0,11,2,0,128.0,128.0,128.0,SPOKED,DISC,1,0,0.0,0.0,292.0,730.0,35.0,420.0,2.0
425.0,62.0,645.0,72.0,165.0,36.0,605.0,75.5,662.0,54.0,53.0,32.5,36.5,34.0,29.0,13.0,17.0,TITANIUM,38.0,68.0,27.0,330.0,350.0,16.0,18.0,1,1,130.0,2.0,2.0,2.0,2.0,2.0,2.0,2.0,700.0,78.0,700.0,78.0,0,1,0,0,1,68.0,47.0,0.0,33.0,0,1,0,0,0,11,2,0,128.0,128.0,128.0,DISC,SPOKED,0,1,0.0,0.0,300.0,780.0,36.0,440.0,0.0
410.0,56.0,630.0,73.0,150.0,39.0,590.0,74.0,650.0,50.0,51.0,31.0,35.5,32.5,27.0,13.0,16.0,TITANIUM,33.0,63.0,21.0,330.0,350.0,16.0,18.0,0,0,130.0,2.0,2.0,2.0,2.0,2.0,2.0,2.0,700.0,69.0,700.0,69.0,0,0,0,0,3,68.0,45.0,0.0,34.0,0,1,0,0,0,11,2,0,128.0,128.0,128.0,SPOKED,SPOKED,1,1,80.0,80.0,278.0,750.0,35.0,400.0,0.0
435.0,65.0,650.0,72.5,175.0,34.0,610.0,76.0,660.0,55.0,54.0,33.5,36.0,34.0,30.0,13.0,17.0,TITANIUM,42.0,72.0,28.0,330.0,350.0,16.0,18.0,1,1,130.0,2.0,2.0,2.0,2.0,2.0,2.0,2.0,700.0,82.0,700.0,82.0,0,1,0,0,2,68.0,48.0,0.0,32.0,0,1,0,0,0,11,2,0,128.0,128.0,128.0,TRISPOKE,TRISPOKE,2,2,100.0,100.0,285.0,785.0,36.0,460.0,0.0
420.0,70.0,600.0,73.5,180.0,50.0,560.0,73.5,640.0,50.0,45.0,28.6,28.6,36.5,23.35,13.0,9.0,TITANIUM,35.0,40.0,45.0,330.0,350.0,16.0,18.0,False,False,130.0,2.0,0.9,1.1,0.9,1.2,1.0,0.9,680.0,50.0,680.0,50.0,0,0,False,0,3,68.0,50.0,45.0,31.8,False,False,False,False,True,11,2,False,128.0,128.0,128.0,SPOKED,SPOKED,0,0,0.0,0.0,280.0,745.0,28.6,760.0,1.0
430.0,75.0,620.0,74.0,200.0,45.0,580.0,74.0,650.0,45.0,45.0,28.6,28.6,36.5,23.35,13.0,9.0,TITANIUM,40.0,45.0,50.0,330.0,350.0,16.0,18.0,False,False,130.0,2.0,0.9,1.1,0.9,1.2,1.0,0.9,680.0,50.0,680.0,50.0,0,1,False,0,3,68.0,55.0,45.0,31.8,False,True,False,False,True,11,2,False,128.0,128.0,128.0,DISC,SPOKED,0,0,0.0,0.0,285.0,750.0,28.6,765.0,1.0
415.0,65.0,590.0,72.5,170.0,52.0,570.0,73.0,635.0,50.0,45.0,28.6,28.6,36.5,23.35,13.0,9.0,TITANIUM,38.0,42.0,48.0,330.0,350.0,16.0,18.0,False,False,130.0,2.0,0.9,1.1,0.9,1.2,1.0,0.9,680.0,55.0,680.0,55.0,0,2,False,0,3,68.0,52.0,45.0,31.8,True,True,False,False,True,12,2,False,128.0,128.0,128.0,SPOKED,TRISPOKE,0,1,0.0,80.0,282.0,748.0,28.6,762.0,1.0
425.0,68.0,610.0,73.0,185.0,48.0,565.0,73.5,645.0,48.0,45.0,28.6,28.6,36.5,23.35,13.0,9.0,TITANIUM,36.0,41.0,46.0,330.0,350.0,16.0,18.0,False,False,130.0,2.0,0.9,1.1,0.9,1.2,1.0,0.9,680.0,50.0,680.0,50.0,0,0,True,2,3,68.0,53.0,45.0,31.8,False,False,False,False,True,11,2,False,128.0,128.0,128.0,DISC,DISC,0,0,0.0,0.0,280.0,755.0,28.6,768.0,1.0
430.0,72.0,605.0,73.8,190.0,46.0,575.0,73.2,650.0,50.0,45.0,28.6,28.6,36.5,23.35,13.0,9.0,TITANIUM,37.0,43.0,47.0,330.0,350.0,16.0,18.0,False,False,130.0,2.0,0.9,1.1,0.9,1.2,1.0,0.9,680.0,50.0,680.0,50.0,0,1,False,0,3,68.0,54.0,45.0,31.8,False,False,False,False,True,11,2,True,128.0,128.0,128.0,SPOKED,SPOKED,0,0,0.0,0.0,287.0,752.0,28.6,770.0,1.0
420.0,70.0,600.0,73.5,185.0,50.0,560.0,73.5,640.0,50.0,45.0,28.6,28.6,36.5,23.35,13.0,9.0,TITANIUM,35.0,40.0,45.0,330.0,350.0,16.0,18.0,False,False,130.0,2.0,0.9,1.1,0.9,1.2,1.0,0.9,680.0,50.0,680.0,50.0,0,0,False,0,3,68.0,50.0,45.0,31.8,False,False,True,True,True,11,2,False,128.0,128.0,128.0,SPOKED,SPOKED,0,0,0.0,0.0,280.0,745.0,28.6,760.0,1.0
415.0,68.0,595.0,72.8,175.0,51.0,565.0,73.0,638.0,48.0,45.0,28.6,28.6,36.5,23.35,13.0,9.0,TITANIUM,36.0,42.0,46.0,330.0,350.0,16.0,18.0,False,False,130.0,2.0,0.9,1.1,0.9,1.2,1.0,0.9,680.0,52.0,680.0,52.0,0,1,False,0,3,68.0,51.0,45.0,31.8,False,False,False,False,True,12,3,False,128.0,128.0,128.0,SPOKED,SPOKED,0,0,0.0,0.0,290.0,755.0,28.6,780.0,1.0
425.0,70.0,610.0,73.2,180.0,49.0,570.0,73.4,640.0,50.0,45.0,28.6,28.6,36.5,23.35,13.0,9.0,TITANIUM,35.0,40.0,45.0,330.0,350.0,16.0,18.0,False,False,130.0,2.0,0.9,1.1,0.9,1.2,1.0,0.9,680.0,50.0,680.0,50.0,0,0,False,0,3,68.0,50.0,45.0,31.8,False,False,False,False,False,1,1,False,128.0,128.0,128.0,SPOKED,SPOKED,0,0,0.0,0.0,280.0,745.0,28.6,760.0,1.0
435.0,74.0,635.0,74.0,165.0,47.0,585.0,74.0,655.0,45.0,45.0,28.6,28.6,36.5,23.35,13.0,9.0,TITANIUM,32.0,38.0,42.0,330.0,350.0,16.0,18.0,False,False,130.0,2.0,0.9,1.1,0.9,1.2,1.0,0.9,680.0,50.0,680.0,50.0,2,2,False,0,0,68.0,48.0,45.0,31.8,False,False,False,False,True,11,2,False,128.0,128.0,128.0,DISC,DISC,0,0,0.0,0.0,280.0,760.0,28.6,780.0,1.0
425.0,70.0,615.0,73.3,190.0,49.0,575.0,73.6,650.0,50.0,45.0,28.6,28.6,36.5,23.35,13.0,9.0,TITANIUM,35.0,40.0,45.0,330.0,350.0,16.0,18.0,False,False,130.0,2.0,0.9,1.1,0.9,1.2,1.0,0.9,680.0,50.0,680.0,50.0,0,0,False,0,3,68.0,52.0,45.0,31.8,False,False,False,False,True,11,2,False,128.0,128.0,128.0,SPOKED,SPOKED,0,0,0.0,0.0,283.0,749.0,28.6,755.0,0.0
405.0,70.0,610.0,73.0,150.0,45.0,540.0,73.5,580.0,50.0,45.0,28.6,36.5,23.35,23.35,13.0,15.0,TITANIUM,25.0,25.0,25.0,0.0,0.0,0.0,0.0,False,False,130.0,2.0,0.9,1.1,0.9,0.9,0.9,0.9,674.0,52.0,674.0,52.0,0,0,False,0,3,68.0,45.0,0.0,31.8,False,False,False,False,True,11,2,False,128.0,128.0,128.0,DISC,SPOKED,0,0,80.0,80.0,278.0,750.0,34.9,700.0,1.0
400.0,68.0,600.0,72.0,140.0,45.0,520.0,73.0,570.0,50.0,45.0,28.6,36.5,23.35,23.35,13.0,15.0,TITANIUM,25.0,25.0,25.0,0.0,0.0,0.0,0.0,False,False,130.0,2.0,0.9,1.1,0.9,0.9,0.9,0.9,674.0,52.0,674.0,52.0,0,0,False,0,3,68.0,45.0,0.0,31.8,False,False,False,False,True,11,2,False,128.0,128.0,128.0,DISC,SPOKED,0,0,80.0,80.0,278.0,755.0,34.9,700.0,1.0
410.0,72.0,620.0,74.0,160.0,45.0,560.0,74.0,600.0,50.0,45.0,28.6,36.5,23.35,23.35,13.0,15.0,TITANIUM,25.0,25.0,25.0,0.0,0.0,0.0,0.0,False,False,130.0,2.0,0.9,1.1,0.9,0.9,0.9,0.9,674.0,52.0,674.0,52.0,0,0,False,0,3,68.0,45.0,0.0,31.8,False,False,False,False,True,11,2,False,128.0,128.0,128.0,DISC,SPOKED,0,0,80.0,80.0,278.0,760.0,34.9,700.0,1.0
395.0,70.0,590.0,73.0,145.0,45.0,530.0,73.0,575.0,50.0,45.0,28.6,36.5,23.35,23.35,13.0,15.0,TITANIUM,25.0,25.0,25.0,0.0,0.0,0.0,0.0,False,False,130.0,2.0,0.9,1.1,0.9,0.9,0.9,0.9,674.0,52.0,674.0,52.0,0,0,False,0,3,68.0,45.0,0.0,31.8,False,False,False,False,True,11,2,False,128.0,128.0,128.0,DISC,SPOKED,0,0,80.0,80.0,278.0,765.0,34.9,700.0,1.0
415.0,75.0,615.0,72.5,155.0,45.0,550.0,73.5,590.0,50.0,45.0,28.6,36.5,23.35,23.35,13.0,15.0,TITANIUM,25.0,25.0,25.0,0.0,0.0,0.0,0.0,False,False,130.0,2.0,0.9,1.1,0.9,0.9,0.9,0.9,674.0,52.0,674.0,52.0,0,0,False,0,3,68.0,45.0,0.0,31.8,False,False,False,False,True,11,2,False,128.0,128.0,128.0,DISC,SPOKED,0,0,80.0,80.0,278.0,745.0,34.9,700.0,1.0
420.0,70.0,605.0,73.5,150.0,45.0,545.0,74.0,585.0,50.0,45.0,28.6,36.5,23.35,23.35,13.0,15.0,TITANIUM,25.0,25.0,25.0,0.0,0.0,0.0,0.0,False,False,130.0,2.0,0.9,1.1,0.9,0.9,0.9,0.9,674.0,52.0,674.0,52.0,0,0,False,0,3,68.0,45.0,0.0,31.8,False,False,False,False,True,11,2,False,128.0,128.0,128.0,DISC,SPOKED,0,0,80.0,80.0,278.0,758.0,34.9,700.0,1.0
390.0,65.0,595.0,72.0,147.0,45.0,525.0,73.5,572.0,50.0,45.0,28.6,36.5,23.35,23.35,13.0,15.0,TITANIUM,25.0,25.0,25.0,0.0,0.0,0.0,0.0,False,False,130.0,2.0,0.9,1.1,0.9,0.9,0.9,0.9,674.0,52.0,674.0,52.0,0,0,False,0,3,68.0,45.0,0.0,31.8,False,False,False,False,True,11,2,False,128.0,128.0,128.0,DISC,SPOKED,0,0,80.0,80.0,278.0,748.0,34.9,700.0,1.0
430.0,70.0,620.0,74.0,160.0,45.0,560.0,74.0,600.0,50.0,45.0,28.6,36.5,23.35,23.35,13.0,15.0,TITANIUM,25.0,25.0,25.0,0.0,0.0,0.0,0.0,False,False,130.0,2.0,0.9,1.1,0.9,0.9,0.9,0.9,674.0,52.0,674.0,52.0,0,0,False,0,3,68.0,45.0,0.0,31.8,False,False,False,False,True,11,2,False,128.0,128.0,128.0,DISC,SPOKED,0,0,80.0,80.0,278.0,762.0,34.9,700.0,1.0
395.0,72.0,600.0,73.0,150.0,45.0,535.0,73.0,580.0,50.0,45.0,28.6,36.5,23.35,23.35,13.0,15.0,TITANIUM,25.0,25.0,25.0,0.0,0.0,0.0,0.0,False,False,130.0,2.0,0.9,1.1,0.9,0.9,0.9,0.9,674.0,52.0,674.0,52.0,0,0,False,0,3,68.0,45.0,0.0,31.8,False,False,False,False,True,11,2,False,128.0,128.0,128.0,DISC,SPOKED,0,0,80.0,80.0,278.0,752.0,34.9,700.0,1.0
405.0,68.0,610.0,73.5,155.0,45.0,550.0,74.0,590.0,50.0,45.0,28.6,36.5,23.35,23.35,13.0,15.0,TITANIUM,25.0,25.0,25.0,0.0,0.0,0.0,0.0,False,False,130.0,2.0,0.9,1.1,0.9,0.9,0.9,0.9,674.0,52.0,674.0,52.0,0,0,False,0,3,68.0,45.0,0.0,31.8,False,False,False,False,True,11,2,False,128.0,128.0,128.0,DISC,SPOKED,0,0,80.0,80.0,278.0,760.0,34.9,700.0,1.0
430.0,70.0,600.0,72.0,180.0,30.0,560.0,73.0,650.0,45.0,40.0,28.6,36.5,23.35,13.0,15.0,9.0,TITANIUM,30.0,32.0,48.0,330.0,350.0,16.0,18.0,False,False,130.0,2.0,0.9,1.1,0.9,1.2,1.0,0.9,622.0,35.0,622.0,35.0,0,0,False,0,3,68.0,45.0,692.0,31.8,False,False,False,False,True,10,2,False,128.0,128.0,128.0,DISC,SPOKED,0,0,80.0,80.0,300.0,700.0,34.9,300.0,0.0
440.0,70.0,602.0,73.0,182.0,35.0,563.0,74.0,655.0,45.0,40.0,28.6,36.5,23.35,13.0,15.0,9.0,TITANIUM,31.0,33.0,47.0,330.0,350.0,16.0,18.0,False,False,130.0,2.0,0.9,1.1,0.9,1.2,1.0,0.9,622.0,35.0,622.0,35.0,0,1,False,0,3,68.0,45.0,692.0,31.8,False,False,False,False,True,10,2,False,128.0,128.0,128.0,DISC,SPOKED,0,0,80.0,80.0,305.0,702.0,34.9,310.0,0.0
450.0,70.0,604.0,74.0,184.0,30.0,566.0,72.0,660.0,45.0,40.0,28.6,36.5,23.35,13.0,15.0,9.0,TITANIUM,32.0,34.0,46.0,330.0,350.0,16.0,18.0,False,False,130.0,2.0,0.9,1.1,0.9,1.2,1.0,0.9,622.0,35.0,622.0,35.0,0,2,False,0,3,68.0,45.0,692.0,31.8,False,False,False,False,True,10,2,False,128.0,128.0,128.0,DISC,SPOKED,0,0,80.0,80.0,310.0,704.0,34.9,320.0,0.0
460.0,70.0,606.0,72.0,186.0,35.0,569.0,73.0,665.0,45.0,40.0,28.6,36.5,23.35,13.0,15.0,9.0,TITANIUM,30.0,32.0,48.0,330.0,350.0,16.0,18.0,False,False,130.0,2.0,0.9,1.1,0.9,1.2,1.0,0.9,622.0,35.0,622.0,35.0,0,0,False,0,3,68.0,45.0,692.0,31.8,False,False,False,False,True,10,2,False,128.0,128.0,128.0,DISC,SPOKED,0,0,80.0,80.0,315.0,706.0,34.9,330.0,0.0
470.0,70.0,608.0,73.0,188.0,30.0,572.0,74.0,670.0,45.0,40.0,28.6,36.5,23.35,13.0,15.0,9.0,TITANIUM,31.0,33.0,47.0,330.0,350.0,16.0,18.0,False,False,130.0,2.0,0.9,1.1,0.9,1.2,1.0,0.9,622.0,35.0,622.0,35.0,0,1,False,0,3,68.0,45.0,692.0,31.8,False,False,False,False,True,10,2,False,128.0,128.0,128.0,DISC,SPOKED,0,0,80.0,80.0,320.0,708.0,34.9,340.0,0.0
480.0,70.0,610.0,74.0,190.0,35.0,575.0,72.0,675.0,45.0,40.0,28.6,36.5,23.35,13.0,15.0,9.0,TITANIUM,32.0,34.0,46.0,330.0,350.0,16.0,18.0,False,False,130.0,2.0,0.9,1.1,0.9,1.2,1.0,0.9,622.0,35.0,622.0,35.0,0,2,False,0,3,68.0,45.0,692.0,31.8,False,False,False,False,True,10,2,False,128.0,128.0,128.0,DISC,SPOKED,0,0,80.0,80.0,325.0,710.0,34.9,350.0,0.0
490.0,70.0,612.0,72.0,192.0,30.0,578.0,73.0,680.0,45.0,40.0,28.6,36.5,23.35,13.0,15.0,9.0,TITANIUM,30.0,33.0,48.0,330.0,350.0,16.0,18.0,False,False,130.0,2.0,0.9,1.1,0.9,1.2,1.0,0.9,622.0,35.0,622.0,35.0,0,0,False,0,3,68.0,45.0,692.0,31.8,False,False,False,False,True,10,2,False,128.0,128.0,128.0,DISC,SPOKED,0,0,80.0,80.0,330.0,712.0,34.9,360.0,0.0
500.0,70.0,614.0,73.0,194.0,35.0,581.0,74.0,685.0,45.0,40.0,28.6,36.5,23.35,13.0,15.0,9.0,TITANIUM,31.0,34.0,47.0,330.0,350.0,16.0,18.0,False,False,130.0,2.0,0.9,1.1,0.9,1.2,1.0,0.9,622.0,35.0,622.0,35.0,0,1,False,0,3,68.0,45.0,692.0,31.8,False,False,False,False,True,10,2,False,128.0,128.0,128.0,DISC,SPOKED,0,0,80.0,80.0,335.0,714.0,34.9,370.0,0.0
510.0,70.0,616.0,74.0,196.0,30.0,584.0,72.0,690.0,45.0,40.0,28.6,36.5,23.35,13.0,15.0,9.0,TITANIUM,32.0,35.0,46.0,330.0,350.0,16.0,18.0,False,False,130.0,2.0,0.9,1.1,0.9,1.2,1.0,0.9,622.0,35.0,622.0,35.0,0,2,False,0,3,68.0,45.0,692.0,31.8,False,False,False,False,True,10,2,False,128.0,128.0,128.0,DISC,SPOKED,0,0,80.0,80.0,340.0,716.0,34.9,380.0,0.0
520.0,70.0,618.0,72.0,198.0,35.0,587.0,73.0,695.0,45.0,40.0,28.6,36.5,23.35,13.0,15.0,9.0,TITANIUM,30.0,36.0,48.0,330.0,350.0,16.0,18.0,False,False,130.0,2.0,0.9,1.1,0.9,1.2,1.0,0.9,622.0,35.0,622.0,35.0,0,0,False,0,3,68.0,45.0,692.0,31.8,False,False,False,False,True,10,2,False,128.0,128.0,128.0,DISC,SPOKED,0,0,80.0,80.0,345.0,718.0,34.9,390.0,0.0
420.0,70.0,580.0,73.5,160.0,50.0,550.0,73.0,620.0,50.0,68.0,32.0,34.9,27.0,22.0,18.0,14.0,TITANIUM,40.0,40.0,50.0,320.0,350.0,16.0,18.0,True,True,130.0,1.0,1.0,1.3,1.1,1.0,0.9,1.0,700.0,25.0,700.0,25.0,0,2,False,0,3,68.0,44.0,0.0,34.9,False,True,False,False,True,11,2,False,100.0,100.0,100.0,SPOKED,SPOKED,0,0,0.0,0.0,280.0,765.0,34.9,300.0,1.0
415.0,68.0,570.0,73.0,155.0,52.0,540.0,73.5,610.0,48.0,68.0,31.0,35.0,28.0,23.0,17.5,13.0,TITANIUM,38.0,42.0,55.0,315.0,345.0,16.5,18.5,True,True,130.0,1.0,1.1,1.2,1.0,1.1,1.0,1.0,705.0,26.0,705.0,26.0,0,2,False,0,3,68.0,44.0,0.0,34.9,True,True,False,False,True,11,2,False,120.0,120.0,120.0,SPOKED,SPOKED,0,0,0.0,0.0,285.0,770.0,34.9,310.0,1.0
430.0,72.5,600.0,74.0,170.0,50.0,560.0,72.5,630.0,52.0,68.0,33.0,36.0,29.0,21.0,18.0,15.0,TITANIUM,42.0,40.0,48.0,330.0,355.0,17.0,19.0,True,True,130.0,1.0,1.0,1.4,1.0,1.0,0.9,1.1,710.0,27.0,710.0,27.0,0,2,False,0,3,68.0,44.0,0.0,34.9,True,True,False,False,True,11,2,False,128.0,128.0,128.0,DISC,SPOKED,0,0,0.0,0.0,290.0,780.0,35.0,320.0,1.0
425.0,72.8,595.0,73.8,165.0,54.0,570.0,73.2,640.0,49.0,68.0,32.5,34.9,27.5,20.0,18.5,13.5,TITANIUM,41.0,39.0,53.0,325.0,360.0,16.5,18.5,True,True,130.0,1.0,1.1,1.3,1.0,0.9,1.0,1.0,700.0,25.5,700.0,25.5,0,1,False,0,3,68.0,44.0,0.0,34.9,False,True,False,False,True,11,2,False,140.0,140.0,140.0,SPOKED,DISC,0,0,0.0,0.0,295.0,790.0,34.9,305.0,1.0
410.0,65.0,560.0,73.2,150.0,48.0,540.0,74.0,610.0,45.0,68.0,30.0,34.9,26.0,23.0,17.0,13.0,TITANIUM,35.0,38.0,50.0,310.0,350.0,16.0,18.0,False,False,130.0,1.0,1.0,1.2,1.0,1.1,1.0,1.0,700.0,25.0,700.0,25.0,0,2,False,0,3,68.0,44.0,0.0,34.9,True,True,False,False,True,11,2,False,150.0,150.0,150.0,DISC,DISC,0,0,0.0,0.0,280.0,760.0,34.9,290.0,1.0
422.0,70.0,600.0,74.0,180.0,55.0,580.0,72.0,650.0,50.0,68.0,34.0,36.0,30.0,24.0,19.0,14.0,TITANIUM,45.0,45.0,60.0,330.0,360.0,18.0,20.0,True,True,130.0,1.0,1.2,1.4,1.1,1.1,1.0,1.2,710.0,28.0,710.0,28.0,0,2,False,0,3,68.0,44.0,0.0,34.9,False,True,False,False,True,11,2,False,160.0,160.0,160.0,TRISPOKE,TRISPOKE,1,1,60.0,60.0,300.0,800.0,34.9,315.0,1.0
415.0,68.0,585.0,73.0,160.0,51.0,555.0,73.5,630.0,48.0,68.0,33.5,35.5,28.5,22.0,18.0,13.0,TITANIUM,39.0,41.0,52.0,325.0,355.0,17.5,19.5,True,True,130.0,1.0,1.0,1.3,1.0,1.0,0.9,1.1,705.0,26.5,705.0,26.5,0,2,False,0,3,68.0,44.0,0.0,34.9,True,True,False,False,True,11,2,False,170.0,170.0,170.0,TRISPOKE,SPOKED,1,0,55.0,0.0,285.0,775.0,34.9,300.0,1.0
428.0,72.0,600.0,72.5,175.0,53.0,570.0,72.8,640.0,52.0,68.0,32.8,36.5,29.5,23.0,18.5,15.0,TITANIUM,43.0,39.0,49.0,328.0,358.0,17.0,19.0,True,True,130.0,1.0,1.0,1.4,1.1,1.0,0.9,1.2,710.0,27.5,710.0,27.5,0,2,False,0,3,68.0,44.0,0.0,34.9,False,True,False,False,True,11,2,False,180.0,180.0,180.0,SPOKED,TRISPOKE,0,1,0.0,55.0,295.0,785.0,34.9,320.0,1.0
430.0,73.5,610.0,74.0,185.0,55.0,580.0,73.0,650.0,50.0,68.0,34.5,36.8,30.5,24.0,19.0,14.0,TITANIUM,45.0,45.0,60.0,330.0,360.0,17.5,19.5,True,True,130.0,1.0,1.1,1.3,1.1,1.0,0.9,1.1,705.0,26.0,705.0,26.0,0,1,False,0,3,68.0,44.0,0.0,34.9,True,True,False,False,True,11,2,False,200.0,200.0,200.0,SPOKED,SPOKED,0,0,0.0,0.0,300.0,800.0,34.9,300.0,1.0
418.0,67.0,575.0,73.2,158.0,49.0,545.0,74.0,625.0,47.0,68.0,30.5,35.0,27.0,21.5,17.0,14.0,TITANIUM,37.0,40.0,50.0,318.0,348.0,16.0,18.0,True,True,130.0,1.0,1.0,1.2,1.0,1.0,0.9,1.0,700.0,25.0,700.0,25.0,0,1,False,0,3,68.0,44.0,0.0,34.9,False,True,False,False,True,11,1,False,220.0,220.0,220.0,DISC,DISC,0,0,0.0,0.0,285.0,760.0,34.9,295.0,1.0
405.0,70.0,610.0,72.5,165.0,45.0,550.0,73.5,650.0,50.0,45.0,31.8,31.8,36.5,23.35,13.0,15.0,TITANIUM,32.0,40.0,45.0,330.0,350.0,16.0,18.0,True,True,130.0,2.0,2.0,2.0,2.0,2.0,2.0,2.0,690.0,52.0,690.0,52.0,0,0,False,0,3,68.0,45.0,0.0,31.8,True,True,False,False,True,11,2,False,128.0,128.0,128.0,DISC,SPOKED,0,0,0.0,0.0,278.0,780.0,34.9,300.0,1.0
410.0,72.0,615.0,73.0,170.0,45.0,553.0,74.0,655.0,52.0,45.0,31.8,31.8,36.5,23.35,13.0,15.0,TITANIUM,35.0,42.0,40.0,330.0,350.0,16.0,18.0,False,True,130.0,2.0,2.0,2.0,2.0,2.0,2.0,2.0,695.0,52.0,695.0,52.0,0,1,False,0,3,68.0,45.0,0.0,31.8,True,True,False,False,True,11,2,False,128.0,128.0,128.0,DISC,SPOKED,0,0,0.0,0.0,278.0,785.0,34.9,305.0,1.0
415.0,68.0,605.0,72.0,160.0,45.0,547.0,73.0,645.0,48.0,45.0,31.8,31.8,36.5,23.35,13.0,15.0,TITANIUM,30.0,38.0,50.0,330.0,350.0,16.0,18.0,True,False,130.0,2.0,2.0,2.0,2.0,2.0,2.0,2.0,688.0,52.0,688.0,52.0,0,2,False,0,3,68.0,45.0,0.0,31.8,True,True,False,False,True,11,2,False,128.0,128.0,128.0,DISC,SPOKED,0,0,0.0,0.0,278.0,775.0,34.9,290.0,1.0
420.0,75.0,620.0,73.5,175.0,45.0,555.0,74.5,660.0,55.0,45.0,31.8,31.8,36.5,23.35,13.0,15.0,TITANIUM,37.0,45.0,35.0,330.0,350.0,16.0,18.0,False,False,130.0,2.0,2.0,2.0,2.0,2.0,2.0,2.0,692.0,52.0,692.0,52.0,0,0,False,0,3,68.0,45.0,0.0,31.8,True,True,False,False,True,11,2,False,128.0,128.0,128.0,DISC,SPOKED,0,0,0.0,0.0,278.0,790.0,34.9,310.0,1.0
425.0,65.0,595.0,74.0,180.0,45.0,545.0,75.0,635.0,45.0,45.0,31.8,31.8,36.5,23.35,13.0,15.0,TITANIUM,34.0,35.0,55.0,330.0,350.0,16.0,18.0,True,True,130.0,2.0,2.0,2.0,2.0,2.0,2.0,2.0,685.0,52.0,685.0,52.0,0,1,False,0,3,68.0,45.0,0.0,31.8,True,True,False,False,True,11,2,False,128.0,128.0,128.0,DISC,SPOKED,0,0,0.0,0.0,278.0,782.0,34.9,295.0,1.0
430.0,70.0,625.0,72.8,155.0,45.0,560.0,73.8,665.0,53.0,45.0,31.8,31.8,36.5,23.35,13.0,15.0,TITANIUM,33.0,43.0,42.0,330.0,350.0,16.0,18.0,False,True,130.0,2.0,2.0,2.0,2.0,2.0,2.0,2.0,698.0,52.0,698.0,52.0,0,2,False,0,3,68.0,45.0,0.0,31.8,True,True,False,False,True,11,2,False,128.0,128.0,128.0,DISC,SPOKED,0,0,0.0,0.0,278.0,788.0,34.9,320.0,1.0
435.0,68.0,630.0,73.2,185.0,45.0,540.0,74.2,675.0,47.0,45.0,31.8,31.8,36.5,23.35,13.0,15.0,TITANIUM,36.0,37.0,47.0,330.0,350.0,16.0,18.0,True,False,130.0,2.0,2.0,2.0,2.0,2.0,2.0,2.0,689.0,52.0,689.0,52.0,0,1,False,0,3,68.0,45.0,0.0,31.8,True,True,False,False,True,11,2,False,128.0,128.0,128.0,DISC,SPOKED,0,0,0.0,0.0,278.0,792.0,34.9,330.0,1.0
440.0,74.0,600.0,73.7,150.0,45.0,565.0,75.0,630.0,54.0,45.0,31.8,31.8,36.5,23.35,13.0,15.0,TITANIUM,31.0,44.0,32.0,330.0,350.0,16.0,18.0,False,False,130.0,2.0,2.0,2.0,2.0,2.0,2.0,2.0,694.0,52.0,694.0,52.0,0,0,False,0,3,68.0,45.0,0.0,31.8,True,True,False,False,True,11,2,False,128.0,128.0,128.0,DISC,SPOKED,0,0,0.0,0.0,278.0,780.0,34.9,340.0,1.0
445.0,73.0,635.0,72.3,190.0,45.0,535.0,73.2,680.0,49.0,45.0,31.8,31.8,36.5,23.35,13.0,15.0,TITANIUM,38.0,36.0,52.0,330.0,350.0,16.0,18.0,True,True,130.0,2.0,2.0,2.0,2.0,2.0,2.0,2.0,693.0,52.0,693.0,52.0,0,2,False,0,3,68.0,45.0,0.0,31.8,True,True,False,False,True,11,2,False,128.0,128.0,128.0,DISC,SPOKED,0,0,0.0,0.0,278.0,795.0,34.9,350.0,1.0
450.0,75.0,640.0,73.9,145.0,45.0,570.0,74.6,625.0,51.0,45.0,31.8,31.8,36.5,23.35,13.0,15.0,TITANIUM,29.0,46.0,38.0,330.0,350.0,16.0,18.0,False,True,130.0,2.0,2.0,2.0,2.0,2.0,2.0,2.0,696.0,52.0,696.0,52.0,0,1,False,0,3,68.0,45.0,0.0,31.8,True,True,False,False,True,11,2,False,128.0,128.0,128.0,DISC,SPOKED,0,0,0.0,0.0,278.0,800.0,34.9,360.0,1.0
420.0,68.0,600.0,72.0,160.0,50.0,550.0,73.0,650.0,50.0,40.0,31.8,36.5,30.0,22.0,14.0,15.0,TITANIUM,30.0,40.0,50.0,330.0,350.0,16.0,18.0,True,False,130.0,2.0,1.2,1.4,1.8,1.0,0.9,1.5,680.0,50.0,680.0,50.0,0,0,False,0,3,68.0,50.0,0.0,31.8,False,True,False,False,True,11,2,False,128.0,128.0,128.0,SPOKED,SPOKED,0,0,80.0,80.0,280.0,750.0,36.5,300.0,1.0
430.0,68.0,610.0,73.0,170.0,50.0,560.0,74.0,655.0,55.0,40.0,31.8,36.5,30.0,22.0,14.0,15.0,TITANIUM,32.0,42.0,52.0,330.0,350.0,16.0,18.0,False,True,130.0,2.0,1.3,1.5,2.0,1.1,1.0,1.6,680.0,50.0,680.0,50.0,0,1,False,0,3,68.0,50.0,0.0,31.8,True,True,False,False,True,11,2,False,120.0,120.0,120.0,SPOKED,SPOKED,0,0,80.0,80.0,285.0,760.0,36.6,300.0,1.0
440.0,68.0,620.0,71.5,180.0,50.0,570.0,73.5,660.0,60.0,40.0,31.8,36.5,30.0,22.0,14.0,15.0,TITANIUM,34.0,44.0,54.0,330.0,350.0,16.0,18.0,True,True,130.0,2.2,1.1,1.3,1.7,1.0,0.9,1.4,680.0,50.0,680.0,50.0,0,2,True,2,3,68.0,50.0,0.0,31.8,False,True,False,False,True,11,1,False,135.0,135.0,135.0,SPOKED,SPOKED,0,0,80.0,80.0,290.0,770.0,36.7,300.0,1.0
450.0,68.0,630.0,74.0,190.0,50.0,580.0,72.5,665.0,45.0,40.0,31.8,36.5,30.0,22.0,14.0,15.0,TITANIUM,36.0,46.0,56.0,330.0,350.0,16.0,18.0,False,False,130.0,2.4,1.4,1.6,2.1,1.2,1.1,1.7,680.0,50.0,680.0,50.0,0,0,False,0,3,68.0,50.0,0.0,31.8,True,True,False,False,True,11,2,False,125.0,125.0,125.0,SPOKED,SPOKED,0,0,80.0,80.0,295.0,780.0,36.8,300.0,1.0
460.0,68.0,640.0,72.5,200.0,50.0,590.0,74.5,670.0,52.0,40.0,31.8,36.5,30.0,22.0,14.0,15.0,TITANIUM,38.0,48.0,58.0,330.0,350.0,16.0,18.0,True,False,130.0,2.0,1.2,1.4,1.9,1.0,0.9,1.5,680.0,50.0,680.0,50.0,0,1,True,2,3,68.0,50.0,0.0,31.8,False,True,False,False,True,11,1,False,130.0,130.0,130.0,SPOKED,SPOKED,0,0,80.0,80.0,300.0,790.0,36.9,300.0,1.0
415.0,68.0,605.0,73.5,155.0,50.0,545.0,72.0,645.0,48.0,40.0,31.8,36.5,30.0,22.0,14.0,15.0,TITANIUM,28.0,38.0,48.0,330.0,350.0,16.0,18.0,False,True,135.0,2.1,1.3,1.5,2.0,1.1,1.0,1.6,680.0,50.0,680.0,50.0,0,2,False,0,3,68.0,50.0,0.0,31.8,True,True,False,False,True,11,2,False,122.0,122.0,122.0,SPOKED,SPOKED,0,0,80.0,80.0,285.0,760.0,36.6,300.0,1.0
425.0,68.0,615.0,71.0,165.0,50.0,555.0,73.2,660.0,58.0,40.0,31.8,36.5,30.0,22.0,14.0,15.0,TITANIUM,30.0,40.0,50.0,330.0,350.0,16.0,18.0,True,True,130.0,2.3,1.1,1.3,1.7,1.0,0.9,1.4,680.0,50.0,680.0,50.0,0,0,False,0,3,68.0,50.0,0.0,31.8,False,True,False,False,True,11,2,False,132.0,132.0,132.0,SPOKED,SPOKED,0,0,80.0,80.0,290.0,770.0,36.7,300.0,1.0
435.0,68.0,625.0,72.8,175.0,50.0,565.0,74.2,655.0,53.0,40.0,31.8,36.5,30.0,22.0,14.0,15.0,TITANIUM,35.0,45.0,55.0,330.0,350.0,16.0,18.0,False,True,130.0,2.0,1.4,1.6,2.1,1.2,1.1,1.7,680.0,50.0,680.0,50.0,0,1,True,2,3,68.0,50.0,0.0,31.8,True,True,False,False,True,11,1,False,118.0,118.0,118.0,SPOKED,SPOKED,0,0,80.0,80.0,295.0,780.0,36.8,300.0,1.0
445.0,68.0,635.0,73.2,185.0,50.0,575.0,73.8,650.0,47.0,40.0,31.8,36.5,30.0,22.0,14.0,15.0,TITANIUM,33.0,43.0,53.0,330.0,350.0,16.0,18.0,True,False,130.0,2.2,1.2,1.4,1.9,1.0,0.9,1.5,680.0,50.0,680.0,50.0,0,2,False,0,3,68.0,50.0,0.0,31.8,False,True,False,False,True,11,2,False,127.0,127.0,127.0,SPOKED,SPOKED,0,0,80.0,80.0,280.0,750.0,36.5,300.0,1.0
455.0,68.0,645.0,74.5,195.0,50.0,585.0,72.8,645.0,57.0,40.0,31.8,36.5,30.0,22.0,14.0,15.0,TITANIUM,31.0,41.0,51.0,330.0,350.0,16.0,18.0,False,True,135.0,2.1,1.3,1.5,2.0,1.1,1.0,1.6,680.0,50.0,680.0,50.0,0,0,False,0,3,68.0,50.0,0.0,31.8,True,True,False,False,True,11,2,False,123.0,123.0,123.0,SPOKED,SPOKED,0,0,80.0,80.0,300.0,790.0,36.9,300.0,1.0
450.0,70.0,600.0,72.0,120.0,50.0,580.0,73.0,650.0,45.0,45.0,31.8,28.6,36.5,23.0,13.0,15.0,TITANIUM,25.0,60.0,30.0,330.0,350.0,16.0,18.0,False,False,130.0,2.0,0.9,1.1,0.9,1.2,1.0,0.9,686.0,50.0,686.0,50.0,0,0,False,0,1,68.0,45.0,0.0,31.8,True,True,False,False,True,11,2,False,128.0,128.0,128.0,SPOKED,SPOKED,0,0,0.0,0.0,278.0,730.0,34.9,300.0,1.0
430.0,65.0,580.0,73.0,140.0,45.0,600.0,74.0,660.0,42.0,50.0,33.6,28.6,36.5,25.0,13.0,17.0,TITANIUM,28.0,55.0,32.0,330.0,350.0,16.0,18.0,False,False,132.0,2.0,0.9,1.1,0.9,1.2,1.0,0.9,680.0,60.0,680.0,60.0,0,0,False,0,1,68.0,45.0,0.0,31.8,True,True,False,False,True,11,2,False,128.0,128.0,128.0,TRISPOKE,SPOKED,1,0,90.0,0.0,278.0,730.0,34.9,300.0,1.0
470.0,75.0,620.0,71.0,110.0,60.0,570.0,72.0,640.0,48.0,40.0,28.6,25.4,36.5,22.0,13.0,14.0,TITANIUM,22.0,62.0,28.0,330.0,350.0,16.0,18.0,False,False,130.0,2.0,0.9,1.1,0.9,1.2,1.0,0.9,690.0,50.0,690.0,50.0,0,0,False,0,1,68.0,45.0,0.0,31.8,True,True,False,False,True,11,2,False,128.0,128.0,128.0,DISC,SPOKED,0,0,0.0,0.0,278.0,730.0,34.9,300.0,1.0
460.0,68.0,610.0,74.0,150.0,50.0,610.0,73.0,660.0,44.0,55.0,31.8,33.6,36.5,24.0,13.0,16.0,TITANIUM,30.0,58.0,35.0,330.0,350.0,16.0,18.0,False,False,135.0,2.0,0.9,1.1,0.9,1.2,1.0,0.9,685.0,50.0,685.0,50.0,0,0,False,0,1,68.0,45.0,0.0,31.8,True,True,False,False,True,11,2,False,128.0,128.0,128.0,SPOKED,TRISPOKE,0,1,0.0,80.0,278.0,730.0,34.9,300.0,1.0
420.0,70.0,590.0,72.5,130.0,55.0,590.0,74.5,650.0,46.0,45.0,30.0,29.0,36.5,23.5,13.0,15.0,TITANIUM,25.0,65.0,29.0,330.0,350.0,16.0,18.0,False,False,131.0,2.0,0.9,1.1,0.9,1.2,1.0,0.9,688.0,50.0,688.0,50.0,0,0,False,0,1,68.0,45.0,0.0,31.8,True,True,False,False,True,11,2,False,128.0,128.0,128.0,SPOKED,SPOKED,0,0,0.0,0.0,278.0,730.0,34.9,300.0,1.0
480.0,60.0,630.0,71.5,100.0,52.0,565.0,72.0,635.0,43.0,50.0,33.6,28.6,36.5,23.0,13.0,18.0,TITANIUM,20.0,60.0,25.0,330.0,350.0,16.0,18.0,False,False,130.0,2.0,0.9,1.1,0.9,1.2,1.0,0.9,682.0,50.0,682.0,50.0,0,0,False,0,1,68.0,45.0,0.0,31.8,True,True,False,False,True,11,2,False,128.0,128.0,128.0,DISC,DISC,0,0,0.0,0.0,278.0,730.0,34.9,300.0,1.0
440.0,65.0,600.0,75.0,160.0,48.0,600.0,73.5,655.0,47.0,45.0,31.0,27.0,36.5,23.0,13.0,16.0,TITANIUM,33.0,57.0,32.0,330.0,350.0,16.0,18.0,False,False,133.0,2.0,0.9,1.1,0.9,1.2,1.0,0.9,683.0,50.0,683.0,50.0,0,0,False,0,1,68.0,45.0,0.0,31.8,True,True,False,False,True,11,2,False,128.0,128.0,128.0,TRISPOKE,SPOKED,1,0,90.0,0.0,278.0,730.0,34.9,300.0,1.0
455.0,72.0,615.0,73.5,145.0,49.0,605.0,74.0,660.0,46.0,50.0,32.0,28.0,36.5,23.5,13.0,15.0,TITANIUM,29.0,63.0,34.0,330.0,350.0,16.0,18.0,False,False,132.0,2.0,0.9,1.1,0.9,1.2,1.0,0.9,680.0,50.0,680.0,50.0,0,0,False,0,1,68.0,45.0,0.0,31.8,True,True,False,False,True,11,2,False,128.0,128.0,128.0,SPOKED,DISC,0,0,0.0,0.0,278.0,730.0,34.9,300.0,1.0
425.0,68.0,595.0,72.0,125.0,54.0,585.0,73.0,648.0,45.0,45.0,31.8,28.6,36.5,22.5,13.0,15.0,TITANIUM,25.0,61.0,31.0,330.0,350.0,16.0,18.0,False,False,130.0,2.0,0.9,1.1,0.9,1.2,1.0,0.9,688.0,50.0,688.0,50.0,0,0,False,0,1,68.0,45.0,0.0,31.8,True,True,False,False,True,11,2,False,128.0,128.0,128.0,SPOKED,SPOKED,0,0,0.0,0.0,278.0,730.0,34.9,300.0,1.0
465.0,67.0,620.0,71.0,115.0,51.0,575.0,72.5,642.0,44.0,42.0,30.5,26.5,36.5,21.0,13.0,14.0,TITANIUM,24.0,59.0,27.0,330.0,350.0,16.0,18.0,False,False,131.0,2.0,0.9,1.1,0.9,1.2,1.0,0.9,683.0,50.0,683.0,50.0,0,0,False,0,1,68.0,45.0,0.0,31.8,True,True,False,False,True,11,2,False,128.0,128.0,128.0,DISC,SPOKED,0,0,0.0,0.0,278.0,730.0,34.9,300.0,1.0
400.0,70.0,650.0,73.0,160.0,50.0,600.0,73.0,650.0,45.0,40.0,32.0,29.0,36.5,23.35,15.0,15.0,TITANIUM,30.0,45.0,45.0,330.0,350.0,16.0,18.0,False,False,130.0,2.0,0.9,1.1,0.9,1.2,1.0,0.9,680.0,58.0,680.0,58.0,0,0,False,0,1,68.0,45.0,0.0,31.8,False,False,False,False,True,11,2,False,120.0,120.0,120.0,DISC,DISC,0,0,0.0,0.0,280.0,760.0,34.9,300.0,1.0
405.0,68.0,635.0,74.0,180.0,55.0,580.0,75.0,675.0,45.0,45.0,33.6,32.0,36.5,23.35,15.0,15.0,TITANIUM,34.0,48.0,48.0,330.0,350.0,16.0,18.0,False,False,130.0,2.0,0.9,1.1,0.9,1.2,1.0,0.9,680.0,58.0,680.0,58.0,0,0,False,0,1,68.0,45.0,0.0,31.8,False,False,False,False,True,11,2,False,120.0,120.0,120.0,DISC,DISC,0,0,0.0,0.0,280.0,760.0,34.9,300.0,1.0
410.0,72.0,670.0,72.5,150.0,45.0,620.0,74.0,660.0,45.0,40.0,31.0,30.0,36.5,23.35,15.0,15.0,TITANIUM,32.0,46.0,46.0,330.0,350.0,16.0,18.0,False,False,130.0,2.0,0.9,1.1,0.9,1.2,1.0,0.9,680.0,58.0,680.0,58.0,0,0,False,0,1,68.0,45.0,0.0,31.8,False,False,False,False,True,11,2,False,120.0,120.0,120.0,DISC,DISC,0,0,0.0,0.0,280.0,760.0,34.9,300.0,1.0
415.0,66.0,625.0,75.0,190.0,60.0,570.0,76.0,680.0,45.0,50.0,34.0,33.0,36.5,23.35,15.0,15.0,TITANIUM,35.0,50.0,50.0,330.0,350.0,16.0,18.0,False,False,130.0,2.0,0.9,1.1,0.9,1.2,1.0,0.9,680.0,58.0,680.0,58.0,0,0,False,0,1,68.0,45.0,0.0,31.8,False,False,False,False,True,11,2,False,120.0,120.0,120.0,DISC,DISC,0,0,0.0,0.0,280.0,760.0,34.9,300.0,1.0
420.0,74.0,660.0,73.5,170.0,52.0,630.0,73.5,655.0,45.0,42.0,30.0,28.0,36.5,23.35,15.0,15.0,TITANIUM,31.0,47.0,47.0,330.0,350.0,16.0,18.0,False,False,130.0,2.0,0.9,1.1,0.9,1.2,1.0,0.9,680.0,58.0,680.0,58.0,0,0,False,0,1,68.0,45.0,0.0,31.8,False,False,False,False,True,11,2,False,120.0,120.0,120.0,DISC,DISC,0,0,0.0,0.0,280.0,760.0,34.9,300.0,1.0
425.0,67.0,640.0,74.5,200.0,58.0,590.0,74.5,670.0,45.0,48.0,35.0,31.0,36.5,23.35,15.0,15.0,TITANIUM,33.0,49.0,49.0,330.0,350.0,16.0,18.0,False,False,130.0,2.0,0.9,1.1,0.9,1.2,1.0,0.9,680.0,58.0,680.0,58.0,0,0,False,0,1,68.0,45.0,0.0,31.8,False,False,False,False,True,11,2,False,120.0,120.0,120.0,DISC,DISC,0,0,0.0,0.0,280.0,760.0,34.9,300.0,1.0
430.0,71.0,655.0,72.0,155.0,47.0,615.0,73.0,645.0,45.0,43.0,32.5,29.5,36.5,23.35,15.0,15.0,TITANIUM,30.5,45.5,45.5,330.0,350.0,16.0,18.0,False,False,130.0,2.0,0.9,1.1,0.9,1.2,1.0,0.9,680.0,58.0,680.0,58.0,0,0,False,0,1,68.0,45.0,0.0,31.8,False,False,False,False,True,11,2,False,120.0,120.0,120.0,DISC,DISC,0,0,0.0,0.0,280.0,760.0,34.9,300.0,1.0
435.0,69.0,630.0,75.5,185.0,53.0,565.0,75.5,685.0,45.0,47.0,33.0,32.5,36.5,23.35,15.0,15.0,TITANIUM,34.5,48.5,48.5,330.0,350.0,16.0,18.0,False,False,130.0,2.0,0.9,1.1,0.9,1.2,1.0,0.9,680.0,58.0,680.0,58.0,0,0,False,0,1,68.0,45.0,0.0,31.8,False,False,False,False,True,11,2,False,120.0,120.0,120.0,DISC,DISC,0,0,0.0,0.0,280.0,760.0,34.9,300.0,1.0
440.0,75.0,675.0,73.0,165.0,57.0,645.0,74.0,665.0,45.0,41.0,31.5,30.5,36.5,23.35,15.0,15.0,TITANIUM,32.5,46.5,46.5,330.0,350.0,16.0,18.0,False,False,130.0,2.0,0.9,1.1,0.9,1.2,1.0,0.9,680.0,58.0,680.0,58.0,0,0,False,0,1,68.0,45.0,0.0,31.8,False,False,False,False,True,11,2,False,120.0,120.0,120.0,DISC,DISC,0,0,0.0,0.0,280.0,760.0,34.9,300.0,1.0
445.0,65.0,645.0,72.5,175.0,49.0,605.0,75.0,680.0,45.0,49.0,34.5,33.5,36.5,23.35,15.0,15.0,TITANIUM,33.5,49.5,49.5,330.0,350.0,16.0,18.0,False,False,130.0,2.0,0.9,1.1,0.9,1.2,1.0,0.9,680.0,58.0,680.0,58.0,0,0,False,0,1,68.0,45.0,0.0,31.8,False,False,False,False,True,11,2,False,120.0,120.0,120.0,DISC,DISC,0,0,0.0,0.0,280.0,760.0,34.9,300.0,1.0
410.0,65.0,620.0,73.0,180.0,50.0,580.0,73.5,650.0,50.0,45.0,31.8,36.5,23.35,13.0,15.0,9.0,TITANIUM,40.0,50.0,50.0,330.0,350.0,16.0,18.0,True,False,130.0,2.0,0.9,1.1,0.9,1.0,0.9,0.9,680.0,58.0,680.0,58.0,0,0,False,0,3,68.0,45.0,31.8,28.6,True,True,False,False,True,11,2,False,128.0,128.0,128.0,SPOKED,SPOKED,0,0,80.0,80.0,260.0,760.0,34.9,820.0,0.0
415.0,70.0,630.0,72.0,200.0,48.0,600.0,74.0,660.0,52.0,46.0,33.7,37.0,24.0,13.5,16.0,9.5,TITANIUM,45.0,55.0,55.0,330.0,350.0,16.0,18.0,False,True,130.0,2.0,1.0,1.2,1.1,1.2,1.0,1.0,685.0,60.0,685.0,60.0,0,1,False,0,3,68.0,46.0,32.0,28.6,True,True,False,False,True,11,2,False,120.0,120.0,120.0,SPOKED,SPOKED,0,0,80.0,80.0,265.0,770.0,35.0,830.0,0.0
420.0,75.0,610.0,74.0,160.0,52.0,560.0,73.0,640.0,48.0,44.0,30.1,36.0,22.5,12.5,14.0,8.5,TITANIUM,35.0,45.0,45.0,330.0,350.0,16.0,18.0,True,False,130.0,2.0,1.1,1.0,1.0,0.9,0.8,0.8,675.0,55.0,675.0,55.0,0,2,False,0,3,68.0,44.0,31.5,28.6,True,True,False,False,True,11,2,False,130.0,130.0,130.0,SPOKED,SPOKED,0,0,80.0,80.0,255.0,750.0,34.5,810.0,0.0
425.0,68.0,640.0,71.5,220.0,47.0,620.0,74.5,670.0,50.0,47.0,34.0,38.0,23.0,14.0,17.0,10.0,TITANIUM,50.0,60.0,60.0,330.0,350.0,16.0,18.0,False,False,130.0,2.0,1.2,1.3,1.2,0.8,1.1,1.1,690.0,62.0,690.0,62.0,0,0,False,0,3,68.0,47.0,32.2,28.6,True,True,False,False,True,11,2,False,125.0,125.0,125.0,SPOKED,SPOKED,0,0,80.0,80.0,270.0,780.0,35.5,840.0,0.0
430.0,72.0,615.0,73.5,170.0,49.0,570.0,72.5,630.0,51.0,48.0,32.5,35.5,24.5,12.8,13.0,8.0,TITANIUM,42.0,52.0,52.0,330.0,350.0,16.0,18.0,True,True,130.0,2.0,1.1,1.0,0.8,1.0,0.9,0.9,670.0,57.0,670.0,57.0,0,1,False,0,3,68.0,48.0,31.0,28.6,True,True,False,False,True,11,2,False,135.0,135.0,135.0,SPOKED,SPOKED,0,0,80.0,80.0,250.0,740.0,34.6,800.0,0.0
408.0,66.0,625.0,72.8,190.0,51.0,610.0,73.8,655.0,49.0,45.0,33.0,37.5,23.8,13.2,18.0,9.2,TITANIUM,47.0,57.0,57.0,330.0,350.0,16.0,18.0,False,False,130.0,2.0,1.2,1.0,1.1,1.3,1.2,1.05,695.0,59.0,695.0,59.0,0,2,False,0,3,68.0,45.0,32.5,28.6,True,True,False,False,True,11,2,False,140.0,140.0,140.0,SPOKED,SPOKED,0,0,80.0,80.0,275.0,800.0,35.2,860.0,0.0
412.0,73.0,605.0,73.2,140.0,46.0,590.0,74.2,645.0,53.0,49.0,31.0,36.2,22.8,12.2,12.0,8.8,TITANIUM,37.0,47.0,47.0,330.0,350.0,16.0,18.0,True,False,130.0,2.0,1.0,1.4,0.9,1.3,0.85,0.85,665.0,56.0,665.0,56.0,0,0,False,0,3,68.0,49.0,30.5,28.6,True,True,False,False,True,11,2,False,115.0,115.0,115.0,SPOKED,SPOKED,0,0,80.0,80.0,245.0,730.0,34.8,790.0,0.0
428.0,69.0,635.0,73.3,210.0,44.0,605.0,73.3,665.0,47.0,50.0,32.0,36.8,23.2,13.8,19.0,9.8,TITANIUM,52.0,62.0,62.0,330.0,350.0,16.0,18.0,False,True,130.0,2.0,1.2,0.9,1.2,0.9,1.0,0.95,680.0,61.0,680.0,61.0,0,1,False,0,3,68.0,50.0,33.0,28.6,True,True,False,False,True,11,2,False,145.0,145.0,145.0,SPOKED,SPOKED,0,0,80.0,80.0,280.0,720.0,35.8,780.0,0.0
435.0,67.0,620.0,71.8,175.0,53.0,565.0,74.1,635.0,50.0,46.0,34.5,35.8,24.2,12.0,11.0,8.2,TITANIUM,33.0,43.0,43.0,330.0,350.0,16.0,18.0,False,False,130.0,2.0,1.0,1.2,1.0,1.1,0.8,1.2,685.0,54.0,685.0,54.0,0,2,False,0,3,68.0,46.0,31.2,28.6,True,True,False,False,True,11,2,False,110.0,110.0,110.0,SPOKED,SPOKED,0,0,80.0,80.0,240.0,710.0,34.3,770.0,0.0
418.0,74.0,645.0,72.5,195.0,45.0,615.0,73.6,675.0,52.0,45.0,30.5,37.2,23.7,13.1,20.0,9.1,TITANIUM,49.0,58.0,58.0,330.0,350.0,16.0,18.0,False,True,130.0,2.0,0.9,1.1,0.9,0.95,1.05,0.9,675.0,58.0,675.0,58.0,0,0,False,0,3,68.0,45.0,32.8,28.6,True,True,False,False,True,11,2,False,150.0,150.0,150.0,SPOKED,SPOKED,0,0,80.0,80.0,265.0,790.0,35.1,850.0,0.0
405.0,70.0,550.0,71.0,120.0,45.0,530.0,73.0,620.0,45.0,40.0,28.0,36.0,24.0,13.0,13.0,15.0,TITANIUM,25.0,35.0,45.0,330.0,350.0,16.0,18.0,False,False,130.0,2.0,0.9,1.1,0.9,1.2,1.0,0.9,680.0,121.0,680.0,121.0,0,2,False,0,3,68.0,45.0,25.0,31.6,False,False,False,False,True,11,2,False,128.0,128.0,128.0,DISC,TRISPOKE,0,1,0.0,80.0,280.0,760.0,34.9,660.0,0.0
410.0,72.0,560.0,72.0,130.0,45.0,540.0,74.0,630.0,50.0,40.0,30.0,36.0,24.0,13.0,13.0,15.0,TITANIUM,28.0,37.0,47.0,330.0,350.0,16.0,18.0,False,False,130.0,2.0,0.9,1.1,0.9,1.2,1.0,0.9,680.0,121.0,680.0,121.0,0,2,False,0,3,68.0,45.0,25.0,31.6,False,False,False,False,True,11,2,False,128.0,128.0,128.0,DISC,TRISPOKE,0,1,0.0,80.0,280.0,765.0,34.9,670.0,0.0
415.0,74.0,570.0,73.0,140.0,45.0,550.0,73.0,640.0,40.0,40.0,32.0,36.0,24.0,13.0,13.0,15.0,TITANIUM,30.0,39.0,49.0,330.0,350.0,16.0,18.0,False,False,130.0,2.0,0.9,1.1,0.9,1.2,1.0,0.9,680.0,121.0,680.0,121.0,0,2,False,0,3,68.0,45.0,25.0,31.6,False,False,False,False,True,11,2,False,128.0,128.0,128.0,DISC,TRISPOKE,0,1,0.0,80.0,280.0,770.0,34.9,680.0,0.0
420.0,76.0,580.0,74.0,150.0,45.0,560.0,74.0,650.0,45.0,40.0,34.0,36.0,24.0,13.0,13.0,15.0,TITANIUM,32.0,41.0,51.0,330.0,350.0,16.0,18.0,False,False,130.0,2.0,0.9,1.1,0.9,1.2,1.0,0.9,680.0,121.0,680.0,121.0,0,2,False,0,3,68.0,45.0,25.0,31.6,False,False,False,False,True,11,2,False,128.0,128.0,128.0,DISC,TRISPOKE,0,1,0.0,80.0,280.0,775.0,34.9,690.0,0.0
425.0,78.0,590.0,73.0,160.0,45.0,570.0,75.0,660.0,50.0,40.0,28.0,36.0,24.0,13.0,13.0,15.0,TITANIUM,34.0,43.0,53.0,330.0,350.0,16.0,18.0,False,False,130.0,2.0,0.9,1.1,0.9,1.2,1.0,0.9,680.0,121.0,680.0,121.0,0,2,False,0,3,68.0,45.0,25.0,31.6,False,False,False,False,True,11,2,False,128.0,128.0,128.0,DISC,TRISPOKE,0,1,0.0,80.0,280.0,780.0,34.9,700.0,0.0
430.0,80.0,600.0,72.0,170.0,45.0,580.0,73.0,670.0,40.0,40.0,30.0,36.0,24.0,13.0,13.0,15.0,TITANIUM,36.0,45.0,55.0,330.0,350.0,16.0,18.0,False,False,130.0,2.0,0.9,1.1,0.9,1.2,1.0,0.9,680.0,121.0,680.0,121.0,0,2,False,0,3,68.0,45.0,25.0,31.6,False,False,False,False,True,11,2,False,128.0,128.0,128.0,DISC,TRISPOKE,0,1,0.0,80.0,280.0,785.0,34.9,710.0,0.0
435.0,82.0,610.0,71.0,180.0,45.0,590.0,74.0,680.0,45.0,40.0,32.0,36.0,24.0,13.0,13.0,15.0,TITANIUM,38.0,47.0,57.0,330.0,350.0,16.0,18.0,False,False,130.0,2.0,0.9,1.1,0.9,1.2,1.0,0.9,680.0,121.0,680.0,121.0,0,2,False,0,3,68.0,45.0,25.0,31.6,False,False,False,False,True,11,2,False,128.0,128.0,128.0,DISC,TRISPOKE,0,1,0.0,80.0,280.0,790.0,34.9,720.0,0.0
440.0,84.0,620.0,72.0,190.0,45.0,600.0,75.0,690.0,50.0,40.0,34.0,36.0,24.0,13.0,13.0,15.0,TITANIUM,40.0,49.0,59.0,330.0,350.0,16.0,18.0,False,False,130.0,2.0,0.9,1.1,0.9,1.2,1.0,0.9,680.0,121.0,680.0,121.0,0,2,False,0,3,68.0,45.0,25.0,31.6,False,False,False,False,True,11,2,False,128.0,128.0,128.0,DISC,TRISPOKE,0,1,0.0,80.0,280.0,795.0,34.9,730.0,0.0
445.0,86.0,630.0,73.0,200.0,45.0,610.0,73.0,700.0,45.0,40.0,30.0,36.0,24.0,13.0,13.0,15.0,TITANIUM,42.0,51.0,61.0,330.0,350.0,16.0,18.0,False,False,130.0,2.0,0.9,1.1,0.9,1.2,1.0,0.9,680.0,121.0,680.0,121.0,0,2,False,0,3,68.0,45.0,25.0,31.6,False,False,False,False,True,11,2,False,128.0,128.0,128.0,DISC,TRISPOKE,0,1,0.0,80.0,280.0,800.0,34.9,740.0,0.0
450.0,88.0,640.0,74.0,210.0,45.0,620.0,74.0,710.0,50.0,40.0,32.0,36.0,24.0,13.0,13.0,15.0,TITANIUM,44.0,53.0,63.0,330.0,350.0,16.0,18.0,False,False,130.0,2.0,0.9,1.1,0.9,1.2,1.0,0.9,680.0,121.0,680.0,121.0,0,2,False,0,3,68.0,45.0,25.0,31.6,False,False,False,False,True,11,2,False,128.0,128.0,128.0,DISC,TRISPOKE,0,1,0.0,80.0,280.0,805.0,34.9,750.0,0.0
405.0,72.0,610.0,73.0,160.0,45.0,560.0,74.0,630.0,45.0,40.0,28.6,36.5,23.35,23.35,13.0,15.0,TITANIUM,32.0,58.0,48.0,330.0,350.0,16.0,18.0,False,False,130.0,2.0,0.9,1.1,0.9,1.2,1.0,0.9,680.0,121.0,680.0,121.0,0,0,False,0,1,68.0,45.0,0.0,31.8,False,True,False,False,True,12,2,False,128.0,128.0,128.0,SPOKED,SPOKED,1,1,80.0,80.0,280.0,760.0,34.9,300.0,1.0
400.0,70.0,600.0,74.0,150.0,50.0,550.0,73.0,640.0,42.0,40.0,30.0,36.5,23.35,23.35,13.0,15.0,TITANIUM,30.0,55.0,50.0,330.0,350.0,16.0,18.0,False,False,130.0,2.0,0.9,1.1,0.9,1.2,1.0,0.9,680.0,121.0,680.0,121.0,0,0,False,0,1,68.0,45.0,0.0,31.8,False,True,False,False,True,11,2,False,128.0,128.0,128.0,SPOKED,SPOKED,1,1,80.0,80.0,285.0,760.0,34.9,300.0,1.0
410.0,68.0,620.0,72.5,170.0,44.0,565.0,74.5,635.0,47.0,40.0,28.0,36.5,23.35,23.35,13.0,15.0,TITANIUM,34.0,60.0,52.0,330.0,350.0,16.0,18.0,False,False,130.0,2.0,0.9,1.1,0.9,1.2,1.0,0.9,680.0,121.0,680.0,121.0,0,0,False,0,1,68.0,45.0,0.0,31.8,False,True,False,False,True,12,3,False,128.0,128.0,128.0,SPOKED,SPOKED,1,1,80.0,80.0,275.0,760.0,34.9,300.0,1.0
408.0,75.0,615.0,73.5,155.0,48.0,555.0,75.0,625.0,46.0,42.0,29.0,36.5,23.35,23.35,13.0,15.0,TITANIUM,33.0,57.0,49.0,330.0,350.0,16.0,18.0,False,False,130.0,2.0,0.9,1.1,0.9,1.2,1.0,0.9,680.0,121.0,680.0,121.0,0,0,False,0,1,68.0,45.0,0.0,31.8,False,True,False,False,True,11,2,False,128.0,128.0,128.0,SPOKED,SPOKED,1,1,80.0,80.0,290.0,760.0,34.9,300.0,1.0
395.0,72.0,605.0,72.8,160.0,47.0,545.0,73.0,638.0,44.0,40.0,27.0,36.5,23.35,23.35,13.0,15.0,TITANIUM,31.0,56.0,50.0,330.0,350.0,16.0,18.0,False,False,130.0,2.0,0.9,1.1,0.9,1.2,1.0,0.9,680.0,121.0,680.0,121.0,0,0,False,0,1,68.0,45.0,0.0,31.8,False,True,False,False,True,10,2,False,128.0,128.0,128.0,SPOKED,SPOKED,1,1,80.0,80.0,282.0,760.0,34.9,300.0,1.0
420.0,70.0,630.0,74.2,165.0,45.0,570.0,74.0,650.0,45.0,40.0,31.0,36.5,23.35,23.35,13.0,15.0,TITANIUM,35.0,62.0,53.0,330.0,350.0,16.0,18.0,False,False,130.0,2.0,0.9,1.1,0.9,1.2,1.0,0.9,680.0,121.0,680.0,121.0,0,0,False,0,1,68.0,45.0,0.0,31.8,False,True,False,False,True,12,2,False,128.0,128.0,128.0,SPOKED,SPOKED,1,1,80.0,80.0,295.0,760.0,34.9,300.0,1.0
395.0,68.0,590.0,73.1,145.0,43.0,540.0,73.8,620.0,42.0,40.0,28.5,36.5,23.35,23.35,13.0,15.0,TITANIUM,30.0,54.0,47.0,330.0,350.0,16.0,18.0,False,False,130.0,2.0,0.9,1.1,0.9,1.2,1.0,0.9,680.0,121.0,680.0,121.0,0,0,False,0,1,68.0,45.0,0.0,31.8,False,True,False,False,True,11,1,False,128.0,128.0,128.0,SPOKED,SPOKED,1,1,80.0,80.0,270.0,760.0,34.9,300.0,1.0
415.0,74.0,620.0,73.7,160.0,46.0,560.0,74.3,640.0,48.0,40.0,29.5,36.5,23.35,23.35,13.0,15.0,TITANIUM,33.0,59.0,51.0,330.0,350.0,16.0,18.0,False,False,130.0,2.0,0.9,1.1,0.9,1.2,1.0,0.9,680.0,121.0,680.0,121.0,0,0,False,0,1,68.0,45.0,0.0,31.8,False,True,False,False,True,12,2,False,128.0,128.0,128.0,SPOKED,SPOKED,1,1,80.0,80.0,300.0,760.0,34.9,300.0,1.0
402.0,71.0,612.0,73.3,158.0,49.0,555.0,74.0,630.0,45.0,40.0,30.5,36.5,23.35,23.35,13.0,15.0,TITANIUM,34.0,58.0,50.0,330.0,350.0,16.0,18.0,False,False,130.0,2.0,0.9,1.1,0.9,1.2,1.0,0.9,680.0,121.0,680.0,121.0,0,0,False,0,1,68.0,45.0,0.0,31.8,False,True,False,False,True,11,2,False,128.0,128.0,128.0,SPOKED,SPOKED,1,1,80.0,80.0,288.0,760.0,34.9,300.0,1.0
410.0,69.0,625.0,73.0,162.0,45.0,565.0,73.5,645.0,44.0,40.0,28.2,36.5,23.35,23.35,13.0,15.0,TITANIUM,32.0,61.0,54.0,330.0,350.0,16.0,18.0,False,False,130.0,2.0,0.9,1.1,0.9,1.2,1.0,0.9,680.0,121.0,680.0,121.0,0,0,False,0,1,68.0,45.0,0.0,31.8,False,True,False,False,True,12,2,False,128.0,128.0,128.0,SPOKED,SPOKED,1,1,80.0,80.0,292.0,760.0,34.9,300.0,1.0
420.0,75.0,600.0,72.0,190.0,50.0,560.0,73.0,660.0,50.0,45.0,28.6,36.5,23.35,13.0,15.0,9.0,TITANIUM,35.0,40.0,50.0,330.0,350.0,16.0,18.0,False,False,130.0,2.0,0.9,1.1,0.9,1.2,1.0,0.9,680.0,121.0,680.0,121.0,0,2,False,0,3,68.0,45.0,692.0,31.8,False,True,False,False,True,11,2,False,128.0,128.0,128.0,TRISPOKE,TRISPOKE,1,1,80.0,80.0,280.0,760.0,34.9,760.0,0.0
430.0,72.0,610.0,73.0,200.0,55.0,570.0,73.5,665.0,50.0,45.0,28.6,36.5,23.35,13.0,15.0,9.0,TITANIUM,36.0,42.0,51.0,330.0,350.0,16.0,18.0,False,False,130.0,2.0,0.9,1.1,0.9,1.2,1.0,0.9,680.0,121.0,680.0,121.0,0,2,False,0,3,68.0,45.0,692.0,31.8,False,True,False,False,True,11,2,False,128.0,128.0,128.0,TRISPOKE,TRISPOKE,1,1,80.0,80.0,280.0,780.0,34.9,780.0,0.0
440.0,70.0,620.0,72.5,185.0,52.0,580.0,74.0,655.0,50.0,45.0,28.6,36.5,23.35,13.0,15.0,9.0,TITANIUM,34.0,41.0,49.0,330.0,350.0,16.0,18.0,False,False,130.0,2.0,0.9,1.1,0.9,1.2,1.0,0.9,680.0,121.0,680.0,121.0,0,2,False,0,3,68.0,45.0,692.0,31.8,False,False,False,False,True,11,2,False,128.0,128.0,128.0,TRISPOKE,TRISPOKE,1,1,80.0,80.0,280.0,770.0,34.9,770.0,0.0
450.0,78.0,630.0,71.0,220.0,60.0,590.0,72.5,670.0,50.0,45.0,28.6,36.5,23.35,13.0,15.0,9.0,TITANIUM,38.0,44.0,52.0,330.0,350.0,16.0,18.0,False,False,130.0,2.0,0.9,1.1,0.9,1.2,1.0,0.9,680.0,121.0,680.0,121.0,0,2,False,0,3,68.0,45.0,692.0,31.8,True,True,False,False,True,11,2,False,128.0,128.0,128.0,TRISPOKE,TRISPOKE,1,1,80.0,80.0,285.0,790.0,34.9,800.0,0.0
415.0,70.0,585.0,72.0,180.0,48.0,555.0,73.0,650.0,50.0,45.0,28.6,36.5,23.35,13.0,15.0,9.0,TITANIUM,33.0,39.0,48.0,330.0,350.0,16.0,18.0,False,False,130.0,2.0,0.9,1.1,0.9,1.2,1.0,0.9,680.0,121.0,680.0,121.0,0,2,False,0,3,68.0,45.0,692.0,31.8,True,False,False,False,True,11,2,False,128.0,128.0,128.0,TRISPOKE,TRISPOKE,1,1,80.0,80.0,275.0,765.0,34.9,785.0,0.0
435.0,78.0,640.0,73.0,210.0,58.0,600.0,72.0,675.0,50.0,45.0,28.6,36.5,23.35,13.0,15.0,9.0,TITANIUM,39.0,45.0,53.0,330.0,350.0,16.0,18.0,False,False,130.0,2.0,0.9,1.1,0.9,1.2,1.0,0.9,680.0,121.0,680.0,121.0,0,2,False,0,3,68.0,45.0,692.0,31.8,False,False,False,False,True,11,2,False,128.0,128.0,128.0,TRISPOKE,TRISPOKE,1,1,80.0,80.0,290.0,800.0,34.9,820.0,0.0
425.0,72.0,590.0,71.5,195.0,54.0,580.0,74.0,660.0,50.0,45.0,28.6,36.5,23.35,13.0,15.0,9.0,TITANIUM,36.5,42.5,51.5,330.0,350.0,16.0,18.0,False,False,130.0,2.0,0.9,1.1,0.9,1.2,1.0,0.9,680.0,121.0,680.0,121.0,0,2,False,0,3,68.0,45.0,692.0,31.8,True,True,False,False,True,11,2,False,128.0,128.0,128.0,TRISPOKE,TRISPOKE,1,1,80.0,80.0,285.0,775.0,34.9,790.0,0.0
455.0,70.0,615.0,72.0,205.0,57.0,595.0,73.0,668.0,50.0,45.0,28.6,36.5,23.35,13.0,15.0,9.0,TITANIUM,37.0,43.0,52.5,330.0,350.0,16.0,18.0,False,False,130.0,2.0,0.9,1.1,0.9,1.2,1.0,0.9,680.0,121.0,680.0,121.0,0,2,False,0,3,68.0,45.0,692.0,31.8,False,True,False,False,True,11,2,False,128.0,128.0,128.0,TRISPOKE,TRISPOKE,1,1,80.0,80.0,290.0,800.0,34.9,800.0,0.0
405.0,80.0,580.0,73.0,175.0,49.0,565.0,73.5,645.0,50.0,45.0,28.6,36.5,23.35,13.0,15.0,9.0,TITANIUM,32.0,38.0,47.0,330.0,350.0,16.0,18.0,False,False,130.0,2.0,0.9,1.1,0.9,1.2,1.0,0.9,680.0,121.0,680.0,121.0,0,2,False,0,3,68.0,45.0,692.0,31.8,False,False,False,False,True,11,2,False,128.0,128.0,128.0,TRISPOKE,TRISPOKE,1,1,80.0,80.0,270.0,750.0,34.9,750.0,0.0
445.0,74.0,655.0,71.0,230.0,62.0,605.0,72.0,680.0,50.0,45.0,28.6,36.5,23.35,13.0,15.0,9.0,TITANIUM,40.0,47.0,55.0,330.0,350.0,16.0,18.0,False,False,130.0,2.0,0.9,1.1,0.9,1.2,1.0,0.9,680.0,121.0,680.0,121.0,0,2,False,0,3,68.0,45.0,692.0,31.8,True,True,False,False,True,11,2,False,128.0,128.0,128.0,TRISPOKE,TRISPOKE,1,1,80.0,80.0,295.0,820.0,34.9,820.0,0.0
405.0,70.0,615.0,73.0,180.0,50.0,580.0,73.0,645.0,45.0,40.0,30.0,36.5,25.0,25.0,13.0,15.0,TITANIUM,35.0,50.0,45.0,330.0,350.0,16.0,18.0,False,False,130.0,2.0,2.0,2.0,2.0,2.0,2.0,2.0,680.0,60.0,680.0,60.0,0,0,False,0,3,68.0,45.0,692.0,31.8,True,True,False,False,True,11,2,False,128.0,128.0,128.0,SPOKED,SPOKED,0,0,0.0,0.0,280.0,750.0,34.9,300.0,1.0
410.0,72.0,620.0,72.5,175.0,55.0,570.0,73.5,650.0,46.0,42.0,31.0,37.0,26.0,26.0,13.0,15.0,TITANIUM,36.0,52.0,46.0,330.0,350.0,16.0,18.0,False,False,130.0,2.0,2.0,2.0,2.0,2.0,2.0,2.0,680.0,62.0,680.0,62.0,0,1,False,0,3,68.0,45.0,692.0,31.8,True,True,False,False,True,11,2,False,128.0,128.0,128.0,SPOKED,SPOKED,0,0,0.0,0.0,280.0,752.0,34.9,300.0,1.0
415.0,68.0,625.0,73.5,170.0,52.0,575.0,72.5,655.0,44.0,40.0,32.0,36.5,27.0,27.0,13.0,15.0,TITANIUM,37.0,54.0,44.0,330.0,350.0,16.0,18.0,False,False,130.0,2.0,2.0,2.0,2.0,2.0,2.0,2.0,680.0,65.0,680.0,65.0,0,2,False,0,3,68.0,45.0,692.0,31.8,True,True,False,False,True,11,2,False,128.0,128.0,128.0,SPOKED,SPOKED,0,0,0.0,0.0,280.0,755.0,34.9,300.0,1.0
420.0,70.0,630.0,72.0,165.0,54.0,590.0,73.0,660.0,45.0,40.0,33.0,36.0,24.0,24.0,13.0,15.0,TITANIUM,38.0,56.0,47.0,330.0,350.0,16.0,18.0,False,False,130.0,2.0,2.0,2.0,2.0,2.0,2.0,2.0,680.0,60.0,680.0,60.0,0,0,False,0,3,68.0,45.0,692.0,31.8,True,True,False,False,True,11,2,False,128.0,128.0,128.0,SPOKED,SPOKED,0,0,0.0,0.0,280.0,740.0,34.9,300.0,1.0
425.0,75.0,635.0,74.0,182.0,53.0,600.0,74.0,665.0,47.0,41.0,30.0,37.0,26.0,26.0,13.0,15.0,TITANIUM,39.0,58.0,46.0,330.0,350.0,16.0,18.0,False,False,130.0,2.0,2.0,2.0,2.0,2.0,2.0,2.0,680.0,68.0,680.0,68.0,0,1,False,0,3,68.0,45.0,692.0,31.8,True,True,False,False,True,11,2,False,128.0,128.0,128.0,SPOKED,SPOKED,0,0,0.0,0.0,280.0,760.0,34.9,300.0,1.0
430.0,69.0,640.0,73.0,188.0,51.0,605.0,73.5,670.0,46.0,40.0,31.0,36.5,25.0,25.0,13.0,15.0,TITANIUM,40.0,60.0,45.0,330.0,350.0,16.0,18.0,False,False,130.0,2.0,2.0,2.0,2.0,2.0,2.0,2.0,680.0,70.0,680.0,70.0,0,2,False,0,3,68.0,45.0,692.0,31.8,True,True,False,False,True,11,2,False,128.0,128.0,128.0,SPOKED,SPOKED,0,0,0.0,0.0,280.0,758.0,34.9,300.0,1.0
435.0,74.0,645.0,73.8,190.0,50.0,620.0,74.0,672.0,48.0,42.0,32.0,36.0,28.0,28.0,13.0,15.0,TITANIUM,41.0,62.0,48.0,330.0,350.0,16.0,18.0,False,False,130.0,2.0,2.0,2.0,2.0,2.0,2.0,2.0,680.0,72.0,680.0,72.0,0,0,False,0,3,68.0,45.0,692.0,31.8,True,True,False,False,True,11,2,False,128.0,128.0,128.0,SPOKED,SPOKED,0,0,0.0,0.0,280.0,755.0,34.9,300.0,1.0
440.0,71.0,650.0,72.2,195.0,49.0,615.0,73.2,675.0,45.0,40.0,33.0,36.5,24.0,24.0,13.0,15.0,TITANIUM,42.0,64.0,46.0,330.0,350.0,16.0,18.0,False,False,130.0,2.0,2.0,2.0,2.0,2.0,2.0,2.0,680.0,65.0,680.0,65.0,0,1,False,0,3,68.0,45.0,692.0,31.8,True,True,False,False,True,11,2,False,128.0,128.0,128.0,SPOKED,SPOKED,0,0,0.0,0.0,280.0,745.0,34.9,300.0,1.0
445.0,73.0,655.0,72.7,200.0,48.0,630.0,74.5,680.0,47.0,41.0,30.0,37.0,26.0,26.0,13.0,15.0,TITANIUM,43.0,66.0,49.0,330.0,350.0,16.0,18.0,False,False,130.0,2.0,2.0,2.0,2.0,2.0,2.0,2.0,680.0,75.0,680.0,75.0,0,2,False,0,3,68.0,45.0,692.0,31.8,True,True,False,False,True,11,2,False,128.0,128.0,128.0,SPOKED,SPOKED,0,0,0.0,0.0,280.0,760.0,34.9,300.0,1.0
450.0,70.0,660.0,73.3,185.0,47.0,635.0,73.7,670.0,46.0,40.0,31.0,36.0,25.0,25.0,13.0,15.0,TITANIUM,44.0,55.0,47.0,330.0,350.0,16.0,18.0,False,False,130.0,2.0,2.0,2.0,2.0,2.0,2.0,2.0,680.0,68.0,680.0,68.0,0,0,False,0,3,68.0,45.0,692.0,31.8,True,True,False,False,True,11,2,False,128.0,128.0,128.0,SPOKED,SPOKED,0,0,0.0,0.0,280.0,750.0,34.9,300.0,1.0
420.0,72.0,610.0,73.5,150.0,45.0,550.0,73.0,650.0,45.0,42.0,30.0,35.0,24.0,22.0,15.0,10.0,TITANIUM,30.0,45.0,45.0,330.0,350.0,16.0,18.0,False,False,130.0,2.5,0.9,1.0,1.2,1.0,0.9,0.9,700.0,40.0,700.0,40.0,0,0,False,0,3,68.0,44.0,0.0,34.9,True,True,False,False,True,11,2,False,128.0,128.0,128.0,DISC,SPOKED,0,0,0.0,0.0,300.0,760.0,33.6,300.0,1.0
425.0,70.0,600.0,74.0,140.0,50.0,540.0,74.0,645.0,50.0,42.0,28.0,34.0,23.0,21.0,15.0,10.0,TITANIUM,28.0,44.0,42.0,330.0,350.0,16.0,18.0,False,False,130.0,2.5,0.9,1.0,1.2,1.0,0.9,0.9,700.0,40.0,700.0,40.0,0,1,False,0,3,68.0,44.0,0.0,34.9,True,True,False,False,True,11,1,False,128.0,128.0,128.0,DISC,SPOKED,0,0,0.0,0.0,300.0,760.0,33.6,300.0,1.0
430.0,75.0,605.0,74.0,160.0,48.0,560.0,73.5,655.0,45.0,42.0,30.0,34.5,24.5,22.5,15.0,10.0,TITANIUM,32.0,46.0,43.0,330.0,350.0,16.0,18.0,False,False,130.0,2.5,0.9,1.0,1.2,1.0,0.9,0.9,700.0,40.0,700.0,40.0,0,2,False,0,3,68.0,44.0,0.0,34.9,True,True,False,False,True,11,2,False,128.0,128.0,128.0,DISC,SPOKED,0,0,0.0,0.0,300.0,760.0,33.6,300.0,1.0
435.0,73.0,615.0,73.5,155.0,47.0,555.0,74.0,660.0,50.0,42.0,29.0,35.5,23.5,23.0,15.0,10.0,TITANIUM,31.0,45.0,44.0,330.0,350.0,16.0,18.0,False,False,130.0,2.5,0.9,1.0,1.2,1.0,0.9,0.9,700.0,40.0,700.0,40.0,0,0,False,0,3,68.0,44.0,0.0,34.9,True,True,False,False,True,11,2,False,128.0,128.0,128.0,DISC,SPOKED,0,0,0.0,0.0,300.0,760.0,33.6,300.0,1.0
440.0,71.0,605.0,74.0,145.0,46.0,545.0,73.0,650.0,45.0,42.0,29.5,34.8,23.8,22.8,15.0,10.0,TITANIUM,29.0,44.0,45.5,330.0,350.0,16.0,18.0,False,False,130.0,2.5,0.9,1.0,1.2,1.0,0.9,0.9,700.0,40.0,700.0,40.0,0,1,False,0,3,68.0,44.0,0.0,34.9,True,True,False,False,True,11,1,False,128.0,128.0,128.0,DISC,SPOKED,0,0,0.0,0.0,300.0,760.0,33.6,300.0,1.0
445.0,70.0,600.0,73.0,150.0,45.0,550.0,74.0,655.0,50.0,42.0,30.5,35.2,24.2,23.2,15.0,10.0,TITANIUM,30.0,45.5,44.5,330.0,350.0,16.0,18.0,False,False,130.0,2.5,0.9,1.0,1.2,1.0,0.9,0.9,700.0,40.0,700.0,40.0,0,2,False,0,3,68.0,44.0,0.0,34.9,True,True,False,False,True,11,2,False,128.0,128.0,128.0,DISC,SPOKED,0,0,0.0,0.0,300.0,760.0,33.6,300.0,1.0
450.0,72.0,610.0,74.0,160.0,49.0,560.0,73.5,660.0,45.0,42.0,28.8,35.0,24.0,22.0,15.0,10.0,TITANIUM,32.5,47.0,44.0,330.0,350.0,16.0,18.0,False,False,130.0,2.5,0.9,1.0,1.2,1.0,0.9,0.9,700.0,40.0,700.0,40.0,0,0,False,0,3,68.0,44.0,0.0,34.9,True,True,False,False,True,11,2,False,128.0,128.0,128.0,DISC,SPOKED,0,0,0.0,0.0,300.0,760.0,33.6,300.0,1.0
455.0,74.0,615.0,73.5,155.0,48.0,555.0,74.0,655.0,50.0,42.0,29.2,35.6,24.6,23.6,15.0,10.0,TITANIUM,31.0,46.0,43.0,330.0,350.0,16.0,18.0,False,False,130.0,2.5,0.9,1.0,1.2,1.0,0.9,0.9,700.0,40.0,700.0,40.0,0,1,False,0,3,68.0,44.0,0.0,34.9,True,True,False,False,True,11,1,False,128.0,128.0,128.0,DISC,SPOKED,0,0,0.0,0.0,300.0,760.0,33.6,300.0,1.0
460.0,73.0,620.0,74.0,165.0,50.0,565.0,73.0,662.0,45.0,42.0,30.0,36.0,25.0,24.0,15.0,10.0,TITANIUM,33.0,48.0,44.0,330.0,350.0,16.0,18.0,False,False,130.0,2.5,0.9,1.0,1.2,1.0,0.9,0.9,700.0,40.0,700.0,40.0,0,2,False,0,3,68.0,44.0,0.0,34.9,True,True,False,False,True,11,2,False,128.0,128.0,128.0,DISC,SPOKED,0,0,0.0,0.0,300.0,760.0,33.6,300.0,1.0
465.0,75.0,600.0,73.0,140.0,45.0,550.0,74.0,650.0,50.0,42.0,28.5,34.5,23.5,22.5,15.0,10.0,TITANIUM,28.5,45.0,42.5,330.0,350.0,16.0,18.0,False,False,130.0,2.5,0.9,1.0,1.2,1.0,0.9,0.9,700.0,40.0,700.0,40.0,0,0,False,0,3,68.0,44.0,0.0,34.9,True,True,False,False,True,11,1,False,128.0,128.0,128.0,DISC,SPOKED,0,0,0.0,0.0,300.0,760.0,33.6,300.0,1.0
405.0,70.0,590.0,72.0,145.0,50.0,550.0,72.0,650.0,45.0,44.0,28.0,37.0,23.0,14.0,13.0,15.0,TITANIUM,35.0,35.0,45.0,330.0,350.0,16.0,18.0,False,False,130.0,2.0,2.0,2.0,2.0,2.0,2.0,2.0,680.0,58.0,680.0,58.0,0,0,False,0,3,68.0,45.0,0.0,31.8,False,False,False,False,True,11,2,False,128.0,128.0,128.0,DISC,SPOKED,0,0,0.0,0.0,280.0,760.0,34.9,300.0,1.0
410.0,70.0,600.0,72.5,155.0,50.0,555.0,72.5,655.0,46.0,44.0,29.0,36.0,24.0,15.0,13.0,15.0,TITANIUM,40.0,40.0,50.0,330.0,350.0,16.0,18.0,False,False,130.0,2.0,2.0,2.0,2.0,2.0,2.0,2.0,680.0,58.0,680.0,58.0,0,1,False,0,3,68.0,45.0,0.0,31.8,False,False,False,False,True,11,2,False,128.0,128.0,128.0,DISC,SPOKED,0,0,0.0,0.0,280.0,760.0,34.9,300.0,1.0
415.0,70.0,610.0,73.0,165.0,50.0,560.0,73.0,660.0,47.0,44.0,30.0,38.0,22.0,16.0,13.0,15.0,TITANIUM,45.0,45.0,55.0,330.0,350.0,16.0,18.0,False,False,130.0,2.0,2.0,2.0,2.0,2.0,2.0,2.0,680.0,58.0,680.0,58.0,0,2,False,0,3,68.0,45.0,0.0,31.8,False,False,False,False,True,11,2,False,128.0,128.0,128.0,DISC,SPOKED,0,0,0.0,0.0,280.0,760.0,34.9,300.0,1.0
420.0,70.0,620.0,73.5,175.0,50.0,565.0,73.5,665.0,48.0,44.0,31.0,35.0,23.5,14.5,13.0,15.0,TITANIUM,50.0,50.0,60.0,330.0,350.0,16.0,18.0,False,False,130.0,2.0,2.0,2.0,2.0,2.0,2.0,2.0,680.0,58.0,680.0,58.0,0,0,False,0,3,68.0,45.0,0.0,31.8,False,False,False,False,True,11,2,False,128.0,128.0,128.0,DISC,SPOKED,0,0,0.0,0.0,280.0,760.0,34.9,300.0,1.0
425.0,70.0,580.0,74.0,185.0,50.0,570.0,74.0,670.0,49.0,44.0,32.0,39.0,22.5,15.5,13.0,15.0,TITANIUM,55.0,55.0,65.0,330.0,350.0,16.0,18.0,False,False,130.0,2.0,2.0,2.0,2.0,2.0,2.0,2.0,680.0,58.0,680.0,58.0,0,1,False,0,3,68.0,45.0,0.0,31.8,False,False,False,False,True,11,2,False,128.0,128.0,128.0,DISC,SPOKED,0,0,0.0,0.0,280.0,760.0,34.9,300.0,1.0
430.0,70.0,630.0,71.5,195.0,50.0,575.0,75.0,645.0,50.0,44.0,28.5,36.5,24.5,16.5,13.0,15.0,TITANIUM,60.0,60.0,50.0,330.0,350.0,16.0,18.0,False,False,130.0,2.0,2.0,2.0,2.0,2.0,2.0,2.0,680.0,58.0,680.0,58.0,0,2,False,0,3,68.0,45.0,0.0,31.8,False,False,False,False,True,11,2,False,128.0,128.0,128.0,DISC,SPOKED,0,0,0.0,0.0,280.0,760.0,34.9,300.0,1.0
435.0,70.0,605.0,72.2,160.0,50.0,580.0,72.2,635.0,51.0,44.0,29.5,37.5,21.5,14.2,13.0,15.0,TITANIUM,40.0,40.0,55.0,330.0,350.0,16.0,18.0,False,False,130.0,2.0,2.0,2.0,2.0,2.0,2.0,2.0,680.0,58.0,680.0,58.0,0,0,False,0,3,68.0,45.0,0.0,31.8,False,False,False,False,True,11,2,False,128.0,128.0,128.0,DISC,SPOKED,0,0,0.0,0.0,280.0,760.0,34.9,300.0,1.0
440.0,70.0,595.0,72.8,170.0,50.0,560.0,72.8,625.0,52.0,44.0,30.5,35.5,21.0,15.2,13.0,15.0,TITANIUM,45.0,45.0,60.0,330.0,350.0,16.0,18.0,False,False,130.0,2.0,2.0,2.0,2.0,2.0,2.0,2.0,680.0,58.0,680.0,58.0,0,1,False,0,3,68.0,45.0,0.0,31.8,False,False,False,False,True,11,2,False,128.0,128.0,128.0,DISC,SPOKED,0,0,0.0,0.0,280.0,760.0,34.9,300.0,1.0
445.0,70.0,615.0,73.3,180.0,50.0,555.0,73.3,620.0,53.0,44.0,31.5,38.5,22.0,16.2,13.0,15.0,TITANIUM,50.0,50.0,65.0,330.0,350.0,16.0,18.0,False,False,130.0,2.0,2.0,2.0,2.0,2.0,2.0,2.0,680.0,58.0,680.0,58.0,0,2,False,0,3,68.0,45.0,0.0,31.8,False,False,False,False,True,11,2,False,128.0,128.0,128.0,DISC,SPOKED,0,0,0.0,0.0,280.0,760.0,34.9,300.0,1.0
450.0,70.0,585.0,73.8,190.0,50.0,545.0,73.8,630.0,54.0,44.0,32.5,37.0,20.5,14.8,13.0,15.0,TITANIUM,55.0,55.0,45.0,330.0,350.0,16.0,18.0,False,False,130.0,2.0,2.0,2.0,2.0,2.0,2.0,2.0,680.0,58.0,680.0,58.0,0,0,False,0,3,68.0,45.0,0.0,31.8,False,False,False,False,True,11,2,False,128.0,128.0,128.0,DISC,SPOKED,0,0,0.0,0.0,280.0,760.0,34.9,300.0,1.0
420.0,70.0,610.0,73.0,170.0,45.0,550.0,73.5,650.0,45.0,40.0,30.0,36.5,23.0,23.0,13.0,15.0,TITANIUM,30.0,50.0,50.0,330.0,350.0,16.0,18.0,False,False,130.0,2.0,0.9,1.1,1.1,0.9,0.9,1.2,674.0,52.0,674.0,52.0,0,0,False,0,3,68.0,45.0,685.0,31.8,False,True,False,False,True,11,2,False,128.0,128.0,128.0,DISC,SPOKED,0,0,80.0,80.0,280.0,840.0,34.9,300.0,1.0
425.0,68.0,620.0,73.5,175.0,48.0,560.0,73.0,655.0,45.0,40.0,32.0,38.0,24.0,24.0,13.0,15.0,TITANIUM,32.0,52.0,52.0,330.0,350.0,16.0,18.0,False,False,130.0,2.0,0.9,1.1,1.1,0.9,0.9,1.2,674.0,52.0,674.0,52.0,0,0,False,0,3,68.0,50.0,690.0,31.8,False,True,False,False,True,11,2,False,130.0,130.0,130.0,DISC,DISC,0,0,80.0,80.0,280.0,840.0,34.9,300.0,1.0
415.0,72.0,605.0,72.5,165.0,46.0,545.0,74.0,648.0,45.0,40.0,29.0,35.5,22.5,22.5,13.0,15.0,TITANIUM,28.0,48.0,48.0,330.0,350.0,16.0,18.0,False,False,130.0,2.0,0.9,1.1,1.1,0.9,0.9,1.2,674.0,52.0,674.0,52.0,0,0,False,0,3,68.0,43.0,680.0,31.8,False,True,False,False,True,11,2,False,120.0,120.0,120.0,DISC,SPOKED,0,0,80.0,80.0,280.0,840.0,34.9,300.0,1.0
430.0,70.0,630.0,74.0,180.0,47.0,565.0,73.8,660.0,45.0,40.0,31.0,37.0,23.5,23.5,13.0,15.0,TITANIUM,35.0,55.0,55.0,330.0,350.0,16.0,18.0,False,False,130.0,2.0,0.9,1.1,1.1,0.9,0.9,1.2,674.0,52.0,674.0,52.0,0,0,False,0,3,68.0,47.0,695.0,31.8,False,True,False,False,True,11,2,False,140.0,140.0,140.0,DISC,SPOKED,0,0,80.0,80.0,280.0,840.0,34.9,300.0,1.0
410.0,69.0,600.0,73.2,160.0,44.0,540.0,74.2,640.0,45.0,40.0,30.5,36.0,23.2,23.2,13.0,15.0,TITANIUM,29.0,49.0,49.0,330.0,350.0,16.0,18.0,False,False,130.0,2.0,0.9,1.1,1.1,0.9,0.9,1.2,674.0,52.0,674.0,52.0,0,0,False,0,3,68.0,44.0,670.0,31.8,False,True,False,False,True,11,2,False,110.0,115.0,120.0,DISC,SPOKED,0,0,80.0,80.0,280.0,840.0,34.9,300.0,1.0
440.0,71.0,635.0,72.8,185.0,49.0,570.0,73.3,665.0,45.0,40.0,33.0,39.0,24.5,24.5,13.0,15.0,TITANIUM,36.0,54.0,54.0,330.0,350.0,16.0,18.0,False,False,130.0,2.0,0.9,1.1,1.1,0.9,0.9,1.2,674.0,52.0,674.0,52.0,0,0,False,0,3,68.0,52.0,700.0,31.8,False,True,False,False,True,11,2,False,150.0,150.0,150.0,DISC,SPOKED,0,0,80.0,80.0,280.0,840.0,34.9,300.0,1.0
420.0,68.5,615.0,73.7,172.0,46.5,555.0,73.6,656.0,45.0,40.0,31.5,37.5,23.3,23.3,13.0,15.0,TITANIUM,31.0,51.0,51.0,330.0,350.0,16.0,18.0,False,False,130.0,2.0,0.9,1.1,1.1,0.9,0.9,1.2,674.0,52.0,674.0,52.0,0,0,False,0,3,68.0,46.0,687.0,31.8,False,True,False,False,True,11,2,False,135.0,135.0,135.0,DISC,SPOKED,0,0,80.0,80.0,280.0,840.0,34.9,300.0,1.0
435.0,69.5,625.0,72.9,178.0,48.5,565.0,73.1,660.0,45.0,40.0,32.5,38.5,24.2,24.2,13.0,15.0,TITANIUM,34.0,53.0,53.0,330.0,350.0,16.0,18.0,False,False,130.0,2.0,0.9,1.1,1.1,0.9,0.9,1.2,674.0,52.0,674.0,52.0,0,0,False,0,3,68.0,49.0,692.0,31.8,False,True,False,False,True,11,2,False,125.0,125.0,125.0,DISC,SPOKED,0,0,80.0,80.0,280.0,840.0,34.9,300.0,1.0
425.0,70.5,618.0,73.3,168.0,47.2,558.0,73.9,652.0,45.0,40.0,31.8,37.8,23.7,23.7,13.0,15.0,TITANIUM,33.5,52.5,52.5,330.0,350.0,16.0,18.0,False,False,130.0,2.0,0.9,1.1,1.1,0.9,0.9,1.2,674.0,52.0,674.0,52.0,0,0,False,0,3,68.0,48.0,689.0,31.8,False,True,False,False,True,11,2,False,132.0,128.0,124.0,DISC,SPOKED,0,0,80.0,80.0,280.0,840.0,34.9,300.0,1.0
410.0,68.8,603.0,72.6,162.0,45.8,542.0,74.5,645.0,45.0,40.0,30.2,36.2,23.1,23.1,13.0,15.0,TITANIUM,29.5,49.5,49.5,330.0,350.0,16.0,18.0,False,False,130.0,2.0,0.9,1.1,1.1,0.9,0.9,1.2,674.0,52.0,674.0,52.0,0,0,False,0,3,68.0,45.5,678.0,31.8,False,True,False,False,True,11,2,False,122.0,122.0,122.0,DISC,SPOKED,0,0,80.0,80.0,280.0,840.0,34.9,300.0,1.0
430.0,70.0,610.0,73.0,160.0,45.0,550.0,73.0,650.0,45.0,40.0,32.0,34.9,36.5,20.0,13.0,15.0,TITANIUM,30.0,40.0,45.0,330.0,350.0,16.0,18.0,False,False,130.0,2.0,0.9,1.1,0.9,0.9,0.9,0.9,674.0,52.0,674.0,52.0,0,0,False,0,1,68.0,45.0,0.0,31.8,True,True,False,False,True,11,2,False,150.0,150.0,150.0,SPOKED,DISC,0,0,0.0,0.0,280.0,760.0,34.9,300.0,1.0
440.0,70.0,620.0,72.5,170.0,45.0,560.0,73.5,660.0,45.0,40.0,33.0,34.9,36.5,21.0,13.0,15.0,TITANIUM,32.0,38.0,47.0,330.0,350.0,16.0,18.0,False,False,130.0,2.0,0.9,1.1,0.9,0.9,0.9,0.9,674.0,52.0,674.0,52.0,0,1,False,0,1,68.0,45.0,0.0,31.8,True,True,False,False,True,11,2,False,150.0,150.0,150.0,DISC,SPOKED,0,0,0.0,0.0,280.0,760.0,34.9,300.0,1.0
420.0,70.0,630.0,73.5,180.0,45.0,570.0,74.0,640.0,45.0,40.0,31.0,34.9,36.5,22.0,13.0,15.0,TITANIUM,34.0,36.0,49.0,330.0,350.0,16.0,18.0,False,False,130.0,2.0,0.9,1.1,0.9,0.9,0.9,0.9,674.0,52.0,674.0,52.0,0,2,False,0,1,68.0,45.0,0.0,31.8,True,True,False,False,True,11,2,False,150.0,150.0,150.0,TRISPOKE,TRISPOKE,1,1,50.0,50.0,280.0,760.0,34.9,300.0,1.0
450.0,70.0,640.0,74.0,150.0,45.0,580.0,72.5,630.0,45.0,40.0,32.0,34.9,36.5,23.0,13.0,15.0,TITANIUM,36.0,34.0,51.0,330.0,350.0,16.0,18.0,False,False,130.0,2.0,0.9,1.1,0.9,0.9,0.9,0.9,674.0,52.0,674.0,52.0,0,0,False,0,1,68.0,45.0,0.0,31.8,True,True,False,False,True,11,2,False,150.0,150.0,150.0,SPOKED,DISC,0,0,0.0,0.0,280.0,760.0,34.9,300.0,1.0
435.0,70.0,600.0,73.0,165.0,45.0,540.0,73.0,655.0,45.0,40.0,33.0,34.9,36.5,24.0,13.0,15.0,TITANIUM,38.0,32.0,53.0,330.0,350.0,16.0,18.0,False,False,130.0,2.0,0.9,1.1,0.9,0.9,0.9,0.9,674.0,52.0,674.0,52.0,0,1,False,0,1,68.0,45.0,0.0,31.8,True,True,False,False,True,11,2,False,150.0,150.0,150.0,DISC,SPOKED,0,0,0.0,0.0,280.0,760.0,34.9,300.0,1.0
445.0,70.0,650.0,73.5,155.0,45.0,590.0,73.5,645.0,45.0,40.0,31.0,34.9,36.5,25.0,13.0,15.0,TITANIUM,40.0,30.0,55.0,330.0,350.0,16.0,18.0,False,False,130.0,2.0,0.9,1.1,0.9,0.9,0.9,0.9,674.0,52.0,674.0,52.0,0,2,False,0,1,68.0,45.0,0.0,31.8,True,True,False,False,True,11,2,False,150.0,150.0,150.0,TRISPOKE,TRISPOKE,1,1,50.0,50.0,280.0,760.0,34.9,300.0,1.0
425.0,70.0,615.0,72.8,175.0,45.0,555.0,74.0,665.0,45.0,40.0,32.0,34.9,36.5,26.0,13.0,15.0,TITANIUM,42.0,42.0,57.0,330.0,350.0,16.0,18.0,False,False,130.0,2.0,0.9,1.1,0.9,0.9,0.9,0.9,674.0,52.0,674.0,52.0,0,0,False,0,1,68.0,45.0,0.0,31.8,True,True,False,False,True,11,2,False,150.0,150.0,150.0,SPOKED,DISC,0,0,0.0,0.0,280.0,760.0,34.9,300.0,1.0
455.0,70.0,625.0,73.6,185.0,45.0,565.0,72.5,675.0,45.0,40.0,33.0,34.9,36.5,27.0,13.0,15.0,TITANIUM,44.0,44.0,59.0,330.0,350.0,16.0,18.0,False,False,130.0,2.0,0.9,1.1,0.9,0.9,0.9,0.9,674.0,52.0,674.0,52.0,0,1,False,0,1,68.0,45.0,0.0,31.8,True,True,False,False,True,11,2,False,150.0,150.0,150.0,DISC,SPOKED,0,0,0.0,0.0,280.0,760.0,34.9,300.0,1.0
465.0,70.0,635.0,74.0,145.0,45.0,575.0,73.5,620.0,45.0,40.0,31.0,34.9,36.5,28.0,13.0,15.0,TITANIUM,46.0,46.0,61.0,330.0,350.0,16.0,18.0,False,False,130.0,2.0,0.9,1.1,0.9,0.9,0.9,0.9,674.0,52.0,674.0,52.0,0,2,False,0,1,68.0,45.0,0.0,31.8,True,True,False,False,True,11,2,False,150.0,150.0,150.0,TRISPOKE,TRISPOKE,1,1,50.0,50.0,280.0,760.0,34.9,300.0,1.0
435.0,70.0,605.0,72.5,168.0,45.0,585.0,74.0,635.0,45.0,40.0,32.0,34.9,36.5,29.0,13.0,15.0,TITANIUM,48.0,48.0,63.0,330.0,350.0,16.0,18.0,False,False,130.0,2.0,0.9,1.1,0.9,0.9,0.9,0.9,674.0,52.0,674.0,52.0,0,0,False,0,1,68.0,45.0,0.0,31.8,True,True,False,False,True,11,2,False,150.0,150.0,150.0,SPOKED,DISC,0,0,0.0,0.0,280.0,760.0,34.9,300.0,1.0
405.0,70.0,580.0,73.0,140.0,50.0,530.0,74.0,650.0,50.0,40.0,28.6,33.6,23.35,23.35,13.0,15.0,TITANIUM,30.0,50.0,45.0,0.0,0.0,0.0,0.0,False,False,130.0,2.0,0.9,1.1,0.9,0.9,0.9,0.9,674.0,52.0,674.0,52.0,0,0,False,0,3,68.0,45.0,50.0,31.8,True,True,False,False,True,12,2,False,128.0,128.0,128.0,DISC,TRISPOKE,0,1,0.0,50.0,280.0,760.0,34.0,300.0,0.0
410.0,70.0,590.0,72.5,145.0,52.0,535.0,73.5,655.0,50.0,40.0,28.6,33.6,23.35,23.35,13.0,15.0,TITANIUM,32.0,52.0,47.0,0.0,0.0,0.0,0.0,False,False,130.0,2.0,0.9,1.1,0.9,0.9,0.9,0.9,674.0,52.0,674.0,52.0,0,0,False,0,3,68.0,45.0,50.0,31.8,True,True,False,False,True,12,2,False,128.0,128.0,128.0,DISC,TRISPOKE,0,1,0.0,50.0,280.0,760.0,34.0,300.0,0.0
415.0,70.0,600.0,73.5,150.0,50.0,540.0,74.5,660.0,50.0,40.0,28.6,33.6,23.35,23.35,13.0,15.0,TITANIUM,34.0,54.0,49.0,0.0,0.0,0.0,0.0,False,False,130.0,2.0,0.9,1.1,0.9,0.9,0.9,0.9,674.0,52.0,674.0,52.0,0,0,False,0,3,68.0,45.0,50.0,31.8,True,True,False,False,True,12,2,False,128.0,128.0,128.0,DISC,TRISPOKE,0,1,0.0,50.0,280.0,760.0,34.0,300.0,0.0
420.0,70.0,610.0,72.0,155.0,48.0,545.0,73.0,665.0,50.0,40.0,28.6,33.6,23.35,23.35,13.0,15.0,TITANIUM,36.0,56.0,51.0,0.0,0.0,0.0,0.0,False,False,130.0,2.0,0.9,1.1,0.9,0.9,0.9,0.9,674.0,52.0,674.0,52.0,0,0,False,0,3,68.0,45.0,50.0,31.8,True,True,False,False,True,12,2,False,128.0,128.0,128.0,DISC,TRISPOKE,0,1,0.0,50.0,280.0,760.0,34.0,300.0,0.0
425.0,70.0,620.0,73.0,150.0,50.0,550.0,74.0,670.0,50.0,40.0,28.6,33.6,23.35,23.35,13.0,15.0,TITANIUM,38.0,58.0,53.0,0.0,0.0,0.0,0.0,False,False,130.0,2.0,0.9,1.1,0.9,0.9,0.9,0.9,674.0,52.0,674.0,52.0,0,0,False,0,3,68.0,45.0,50.0,31.8,True,True,False,False,True,12,2,False,128.0,128.0,128.0,DISC,TRISPOKE,0,1,0.0,50.0,280.0,760.0,34.0,300.0,0.0
430.0,70.0,630.0,74.0,160.0,52.0,555.0,75.0,675.0,50.0,40.0,28.6,33.6,23.35,23.35,13.0,15.0,TITANIUM,40.0,60.0,55.0,0.0,0.0,0.0,0.0,False,False,130.0,2.0,0.9,1.1,0.9,0.9,0.9,0.9,674.0,52.0,674.0,52.0,0,0,False,0,3,68.0,45.0,50.0,31.8,True,True,False,False,True,12,2,False,128.0,128.0,128.0,DISC,TRISPOKE,0,1,0.0,50.0,280.0,760.0,34.0,300.0,0.0
435.0,70.0,640.0,73.0,165.0,50.0,560.0,74.0,680.0,50.0,40.0,28.6,33.6,23.35,23.35,13.0,15.0,TITANIUM,42.0,62.0,57.0,0.0,0.0,0.0,0.0,False,False,130.0,2.0,0.9,1.1,0.9,0.9,0.9,0.9,674.0,52.0,674.0,52.0,0,0,False,0,3,68.0,45.0,50.0,31.8,True,True,False,False,True,12,2,False,128.0,128.0,128.0,DISC,TRISPOKE,0,1,0.0,50.0,280.0,760.0,34.0,300.0,0.0
440.0,70.0,650.0,72.5,170.0,52.0,565.0,73.5,685.0,50.0,40.0,28.6,33.6,23.35,23.35,13.0,15.0,TITANIUM,44.0,64.0,59.0,0.0,0.0,0.0,0.0,False,False,130.0,2.0,0.9,1.1,0.9,0.9,0.9,0.9,674.0,52.0,674.0,52.0,0,0,False,0,3,68.0,45.0,50.0,31.8,True,True,False,False,True,12,2,False,128.0,128.0,128.0,DISC,TRISPOKE,0,1,0.0,50.0,280.0,760.0,34.0,300.0,0.0
445.0,70.0,660.0,73.5,160.0,50.0,570.0,74.5,690.0,50.0,40.0,28.6,33.6,23.35,23.35,13.0,15.0,TITANIUM,46.0,66.0,61.0,0.0,0.0,0.0,0.0,False,False,130.0,2.0,0.9,1.1,0.9,0.9,0.9,0.9,674.0,52.0,674.0,52.0,0,0,False,0,3,68.0,45.0,50.0,31.8,True,True,False,False,True,12,2,False,128.0,128.0,128.0,DISC,TRISPOKE,0,1,0.0,50.0,280.0,760.0,34.0,300.0,0.0
450.0,70.0,670.0,74.0,155.0,48.0,575.0,75.0,695.0,50.0,40.0,28.6,33.6,23.35,23.35,13.0,15.0,TITANIUM,48.0,68.0,63.0,0.0,0.0,0.0,0.0,False,False,130.0,2.0,0.9,1.1,0.9,0.9,0.9,0.9,674.0,52.0,674.0,52.0,0,0,False,0,3,68.0,45.0,50.0,31.8,True,True,False,False,True,12,2,False,128.0,128.0,128.0,DISC,TRISPOKE,0,1,0.0,50.0,280.0,760.0,34.0,300.0,0.0
410.0,70.0,550.0,73.0,140.0,45.0,530.0,74.0,600.0,45.0,45.0,28.6,36.5,23.35,20.0,13.0,15.0,TITANIUM,20.0,45.0,40.0,330.0,350.0,16.0,18.0,True,False,130.0,2.0,0.9,1.1,0.9,1.2,1.0,0.9,692.0,78.0,692.0,78.0,0,0,False,0,3,68.0,45.0,0.0,31.8,False,False,False,False,True,11,2,False,120.0,120.0,120.0,SPOKED,SPOKED,0,0,0.0,0.0,280.0,740.0,34.9,760.0,1.0
420.0,72.0,560.0,73.5,150.0,50.0,540.0,73.5,610.0,50.0,45.0,30.0,36.5,25.0,22.0,13.0,15.0,TITANIUM,25.0,50.0,45.0,330.0,350.0,16.0,18.0,False,True,130.0,2.0,0.9,1.1,0.9,1.2,1.0,0.9,700.0,78.0,700.0,78.0,0,1,False,0,3,68.0,45.0,0.0,31.8,False,False,False,False,True,11,2,False,130.0,130.0,130.0,SPOKED,SPOKED,0,0,0.0,0.0,285.0,750.0,31.0,770.0,1.0
430.0,74.0,570.0,74.0,160.0,55.0,550.0,75.0,620.0,55.0,45.0,32.0,36.5,27.0,24.0,13.0,15.0,TITANIUM,30.0,55.0,50.0,330.0,350.0,16.0,18.0,True,False,130.0,2.0,0.9,1.1,0.9,1.2,1.0,0.9,692.0,78.0,692.0,78.0,0,2,False,0,3,68.0,50.0,0.0,31.8,False,False,False,False,True,11,2,False,140.0,140.0,140.0,SPOKED,SPOKED,0,0,0.0,0.0,290.0,760.0,34.9,780.0,1.0
440.0,68.0,580.0,72.5,170.0,60.0,560.0,72.5,630.0,50.0,50.0,33.6,36.5,30.0,26.0,13.0,15.0,TITANIUM,35.0,60.0,55.0,330.0,350.0,16.0,18.0,False,True,130.0,2.0,0.9,1.1,0.9,1.2,1.0,0.9,700.0,78.0,700.0,78.0,0,0,False,0,3,68.0,45.0,0.0,31.8,False,False,False,False,True,11,2,False,110.0,110.0,110.0,SPOKED,SPOKED,0,0,0.0,0.0,295.0,770.0,31.0,790.0,1.0
450.0,65.0,590.0,73.0,180.0,40.0,570.0,73.0,640.0,45.0,45.0,28.6,36.5,23.35,28.0,13.0,15.0,TITANIUM,40.0,40.0,35.0,330.0,350.0,16.0,18.0,True,False,130.0,2.0,0.9,1.1,0.9,1.2,1.0,0.9,692.0,78.0,692.0,78.0,0,1,False,0,3,68.0,45.0,0.0,31.8,False,False,False,False,True,11,2,False,150.0,150.0,150.0,SPOKED,SPOKED,0,0,0.0,0.0,300.0,780.0,34.9,800.0,1.0
460.0,75.0,600.0,74.5,190.0,47.0,580.0,74.0,650.0,50.0,45.0,30.0,36.5,25.0,30.0,13.0,15.0,TITANIUM,45.0,45.0,40.0,330.0,350.0,16.0,18.0,False,True,130.0,2.0,0.9,1.1,0.9,1.2,1.0,0.9,700.0,78.0,700.0,78.0,0,2,False,0,3,68.0,45.0,0.0,31.8,False,False,False,False,True,11,2,False,125.0,125.0,125.0,SPOKED,SPOKED,0,0,0.0,0.0,275.0,790.0,31.0,810.0,1.0
400.0,69.0,610.0,73.0,130.0,52.0,590.0,73.0,660.0,55.0,45.0,32.0,36.5,27.0,32.0,13.0,15.0,TITANIUM,20.0,50.0,45.0,330.0,350.0,16.0,18.0,True,False,130.0,2.0,0.9,1.1,0.9,1.2,1.0,0.9,692.0,78.0,692.0,78.0,0,0,False,0,3,68.0,50.0,0.0,31.8,False,False,False,False,True,11,2,False,135.0,135.0,135.0,SPOKED,SPOKED,0,0,0.0,0.0,265.0,800.0,34.9,820.0,1.0
415.0,71.0,620.0,74.0,145.0,58.0,600.0,72.5,670.0,50.0,45.0,33.6,36.5,30.0,34.0,13.0,15.0,TITANIUM,25.0,55.0,50.0,330.0,350.0,16.0,18.0,False,True,130.0,2.0,0.9,1.1,0.9,1.2,1.0,0.9,700.0,78.0,700.0,78.0,0,1,False,0,3,68.0,50.0,0.0,31.8,False,False,False,False,True,11,2,False,145.0,145.0,145.0,SPOKED,SPOKED,0,0,0.0,0.0,255.0,810.0,31.0,830.0,1.0
425.0,73.0,630.0,72.0,155.0,48.0,610.0,74.0,680.0,45.0,45.0,28.6,36.5,23.35,36.0,13.0,15.0,TITANIUM,30.0,60.0,55.0,330.0,350.0,16.0,18.0,True,False,130.0,2.0,0.9,1.1,0.9,1.2,1.0,0.9,692.0,78.0,692.0,78.0,0,2,False,0,3,68.0,45.0,0.0,31.8,False,False,False,False,True,11,2,False,115.0,115.0,115.0,SPOKED,SPOKED,0,0,0.0,0.0,285.0,820.0,34.9,840.0,1.0
435.0,70.0,640.0,73.5,165.0,53.0,620.0,74.5,690.0,50.0,45.0,30.0,36.5,25.0,38.0,13.0,15.0,TITANIUM,35.0,40.0,35.0,330.0,350.0,16.0,18.0,False,True,130.0,2.0,0.9,1.1,0.9,1.2,1.0,0.9,700.0,78.0,700.0,78.0,0,0,False,0,3,68.0,45.0,0.0,31.8,False,False,False,False,True,11,2,False,155.0,155.0,155.0,SPOKED,SPOKED,0,0,0.0,0.0,295.0,730.0,34.9,750.0,1.0
430.0,70.0,630.0,73.0,160.0,50.0,600.0,74.0,650.0,50.0,40.0,33.0,35.0,36.5,24.0,13.0,15.0,TITANIUM,36.0,46.0,48.0,330.0,350.0,16.0,18.0,False,False,130.0,1.2,1.2,1.2,1.1,1.0,1.0,1.2,680.0,52.0,680.0,52.0,0,2,False,0,3,68.0,46.0,30.0,31.8,True,True,False,False,True,12,2,False,128.0,128.0,128.0,DISC,SPOKED,0,0,0.0,0.0,280.0,750.0,35.0,350.0,0.0
440.0,68.0,640.0,72.5,170.0,55.0,610.0,73.5,660.0,48.0,42.0,32.5,35.5,36.0,25.0,14.0,15.0,TITANIUM,37.0,45.0,49.0,330.0,350.0,16.0,18.0,True,True,130.0,1.2,1.2,1.2,1.1,1.0,1.0,1.2,680.0,52.0,680.0,52.0,0,2,False,0,3,68.0,46.0,30.0,31.8,True,True,False,False,True,11,2,False,128.0,128.0,128.0,DISC,SPOKED,0,0,0.0,0.0,280.0,755.0,35.0,350.0,0.0
450.0,72.0,650.0,74.0,180.0,60.0,620.0,74.5,665.0,45.0,44.0,34.0,36.0,37.0,26.0,12.0,15.0,TITANIUM,35.0,47.0,46.0,330.0,350.0,16.0,18.0,False,False,130.0,1.2,1.2,1.2,1.1,1.0,1.0,1.2,680.0,52.0,680.0,52.0,0,2,False,0,3,68.0,46.0,30.0,31.8,True,True,False,False,True,12,2,False,128.0,128.0,128.0,DISC,SPOKED,0,0,0.0,0.0,280.0,760.0,35.0,350.0,0.0
420.0,65.0,620.0,73.5,155.0,52.0,605.0,73.0,640.0,52.0,40.0,33.5,35.0,36.0,24.5,13.0,16.0,TITANIUM,34.0,46.0,47.0,330.0,350.0,16.0,18.0,True,False,130.0,1.2,1.2,1.2,1.1,1.0,1.0,1.2,680.0,52.0,680.0,52.0,0,2,False,0,3,68.0,46.0,30.0,31.8,True,True,False,False,True,11,2,False,128.0,128.0,128.0,DISC,SPOKED,0,0,0.0,0.0,280.0,745.0,35.0,350.0,0.0
460.0,75.0,655.0,72.0,165.0,58.0,630.0,74.0,670.0,47.0,42.0,32.0,36.5,36.0,27.0,13.0,15.0,TITANIUM,38.0,44.0,50.0,330.0,350.0,16.0,18.0,False,True,130.0,1.2,1.2,1.2,1.1,1.0,1.0,1.2,680.0,52.0,680.0,52.0,0,2,False,0,3,68.0,46.0,30.0,31.8,True,True,False,False,True,12,2,False,128.0,128.0,128.0,DISC,SPOKED,0,0,0.0,0.0,280.0,770.0,35.0,350.0,0.0
425.0,70.0,635.0,72.8,158.0,54.0,615.0,73.8,655.0,49.0,41.0,33.0,35.5,36.0,25.5,13.0,15.0,TITANIUM,36.0,45.0,48.0,330.0,350.0,16.0,18.0,True,True,130.0,1.2,1.2,1.2,1.1,1.0,1.0,1.2,680.0,52.0,680.0,52.0,0,2,False,0,3,68.0,46.0,30.0,31.8,True,True,False,False,True,11,2,False,128.0,128.0,128.0,DISC,SPOKED,0,0,0.0,0.0,280.0,748.0,35.0,350.0,0.0
445.0,68.0,645.0,73.2,172.0,57.0,625.0,74.0,660.0,46.0,43.0,34.0,36.0,37.0,26.0,14.0,15.0,TITANIUM,37.0,46.0,49.0,330.0,350.0,16.0,18.0,False,False,130.0,1.2,1.2,1.2,1.1,1.0,1.0,1.2,680.0,52.0,680.0,52.0,0,2,False,0,3,68.0,46.0,30.0,31.8,True,True,False,False,True,12,2,False,128.0,128.0,128.0,DISC,SPOKED,0,0,0.0,0.0,280.0,758.0,35.0,350.0,0.0
435.0,69.0,660.0,72.2,168.0,56.0,618.0,73.3,658.0,51.0,42.0,33.0,36.2,36.0,25.0,13.0,15.0,TITANIUM,34.0,45.0,48.0,330.0,350.0,16.0,18.0,False,False,130.0,1.2,1.2,1.2,1.1,1.0,1.0,1.2,680.0,52.0,680.0,52.0,0,2,False,0,3,68.0,46.0,30.0,31.8,True,True,False,False,True,11,2,False,128.0,128.0,128.0,DISC,SPOKED,0,0,0.0,0.0,280.0,765.0,35.0,350.0,0.0
460.0,73.0,658.0,74.5,175.0,60.0,628.0,74.8,668.0,50.0,44.0,34.0,36.5,37.0,26.0,12.0,14.0,TITANIUM,38.0,48.0,49.0,330.0,350.0,16.0,18.0,False,False,130.0,1.2,1.2,1.2,1.1,1.0,1.0,1.2,680.0,52.0,680.0,52.0,0,2,False,0,3,68.0,46.0,30.0,31.8,True,True,False,False,True,12,2,False,128.0,128.0,128.0,DISC,SPOKED,0,0,0.0,0.0,280.0,760.0,35.0,350.0,0.0
425.0,67.0,625.0,73.7,162.0,53.0,608.0,73.6,648.0,53.0,40.0,32.0,35.0,36.0,24.0,13.0,16.0,TITANIUM,35.0,46.0,47.0,330.0,350.0,16.0,18.0,True,False,130.0,1.2,1.2,1.2,1.1,1.0,1.0,1.2,680.0,52.0,680.0,52.0,0,2,False,0,3,68.0,46.0,30.0,31.8,True,True,False,False,True,11,2,False,128.0,128.0,128.0,DISC,SPOKED,0,0,0.0,0.0,280.0,742.0,35.0,350.0,0.0
410.0,65.0,550.0,73.0,150.0,45.0,525.0,73.0,560.0,45.0,40.0,31.8,36.5,23.35,23.35,13.0,15.0,TITANIUM,34.0,40.0,49.0,330.0,350.0,16.0,16.0,False,False,130.0,2.0,0.9,1.1,0.9,1.2,1.0,0.9,680.0,58.0,680.0,58.0,0,0,False,0,3,68.0,45.0,0.0,31.8,False,True,False,False,True,11,2,False,128.0,128.0,128.0,DISC,SPOKED,0,0,0.0,0.0,300.0,730.0,34.9,300.0,1.0
420.0,66.0,560.0,73.5,160.0,47.0,530.0,73.5,570.0,45.0,40.0,31.8,36.5,23.35,23.35,13.0,15.0,TITANIUM,36.0,42.0,48.0,330.0,350.0,16.0,16.0,False,False,130.0,2.0,0.95,1.05,0.95,1.15,1.05,0.95,680.0,58.0,680.0,58.0,0,0,False,0,3,68.0,46.0,0.0,31.8,False,True,False,False,True,11,2,False,120.0,120.0,120.0,DISC,SPOKED,0,0,0.0,0.0,300.0,740.0,34.9,310.0,1.0
430.0,64.0,540.0,72.5,140.0,43.0,510.0,72.5,550.0,45.0,40.0,31.8,36.5,23.35,23.35,13.0,15.0,TITANIUM,32.0,38.0,50.0,330.0,350.0,16.0,16.0,False,False,130.0,2.0,0.85,1.15,0.85,1.25,1.05,0.85,680.0,58.0,680.0,58.0,0,0,False,0,3,68.0,44.0,0.0,31.8,False,True,False,False,True,11,1,False,112.0,112.0,112.0,DISC,SPOKED,0,0,0.0,0.0,300.0,720.0,34.9,300.0,1.0
415.0,63.0,555.0,73.0,155.0,46.0,520.0,73.0,565.0,45.0,40.0,31.8,36.5,23.35,23.35,13.0,15.0,TITANIUM,35.0,41.0,49.0,330.0,350.0,16.0,16.0,False,False,130.0,2.0,0.9,1.1,0.9,1.2,1.05,0.9,680.0,58.0,680.0,58.0,0,0,False,0,3,68.0,45.0,0.0,31.8,False,True,False,False,True,12,2,False,135.0,135.0,135.0,DISC,SPOKED,0,0,0.0,0.0,300.0,735.0,34.9,295.0,1.0
425.0,67.0,545.0,74.0,145.0,45.0,515.0,74.0,555.0,45.0,40.0,31.8,36.5,23.35,23.35,13.0,15.0,TITANIUM,33.0,39.0,50.0,330.0,350.0,16.0,16.0,False,False,130.0,2.0,0.9,1.1,0.9,1.2,1.0,0.9,680.0,58.0,680.0,58.0,0,0,False,0,3,68.0,45.0,0.0,31.8,False,True,False,False,True,11,2,False,140.0,140.0,140.0,DISC,SPOKED,0,0,0.0,0.0,300.0,725.0,34.9,300.0,1.0
412.0,65.0,550.0,72.0,150.0,44.0,540.0,72.0,560.0,45.0,40.0,31.8,36.5,23.35,23.35,13.0,15.0,TITANIUM,34.0,40.0,49.0,330.0,350.0,16.0,16.0,False,False,130.0,2.0,0.9,1.1,0.9,1.2,1.0,0.9,680.0,58.0,680.0,58.0,0,0,False,0,3,68.0,45.0,0.0,31.8,False,True,False,False,True,12,3,False,130.0,130.0,130.0,DISC,SPOKED,0,0,0.0,0.0,300.0,720.0,34.9,310.0,1.0
427.0,66.0,560.0,73.5,160.0,47.0,535.0,73.5,570.0,45.0,40.0,31.8,36.5,23.35,23.35,13.0,15.0,TITANIUM,36.0,42.0,48.0,330.0,350.0,16.0,16.0,False,False,130.0,2.0,0.9,1.1,0.9,1.2,1.0,0.9,680.0,58.0,680.0,58.0,0,0,False,0,3,68.0,46.0,0.0,31.8,False,True,False,False,True,11,2,False,125.0,125.0,125.0,DISC,SPOKED,0,0,0.0,0.0,300.0,745.0,34.9,305.0,1.0
419.0,64.0,540.0,72.5,140.0,43.0,550.0,72.5,550.0,45.0,40.0,31.8,36.5,23.35,23.35,13.0,15.0,TITANIUM,32.0,38.0,50.0,330.0,350.0,16.0,16.0,False,False,130.0,2.0,0.9,1.1,0.9,1.2,1.0,0.9,680.0,58.0,680.0,58.0,0,0,False,0,3,68.0,44.0,0.0,31.8,False,True,False,False,True,11,2,False,118.0,118.0,118.0,DISC,SPOKED,0,0,0.0,0.0,300.0,735.0,34.9,300.0,1.0
422.0,68.0,555.0,73.0,155.0,45.0,545.0,73.0,565.0,45.0,40.0,31.8,36.5,23.35,23.35,13.0,15.0,TITANIUM,35.0,41.0,49.0,330.0,350.0,16.0,16.0,False,False,130.0,2.0,0.9,1.1,0.9,1.2,1.0,0.9,680.0,58.0,680.0,58.0,0,0,False,0,3,68.0,45.0,0.0,31.8,False,True,False,False,True,11,2,False,132.0,132.0,132.0,DISC,SPOKED,0,0,0.0,0.0,300.0,730.0,34.9,320.0,1.0
430.0,63.0,545.0,74.0,145.0,47.0,555.0,74.0,555.0,45.0,40.0,31.8,36.5,23.35,23.35,13.0,15.0,TITANIUM,33.0,39.0,50.0,330.0,350.0,16.0,16.0,False,False,130.0,2.0,0.9,1.1,0.9,1.2,1.0,0.9,680.0,58.0,680.0,58.0,0,0,False,0,3,68.0,46.0,0.0,31.8,False,True,False,False,True,10,2,False,127.0,127.0,127.0,DISC,SPOKED,0,0,0.0,0.0,300.0,715.0,34.9,300.0,1.0
415.0,72.0,610.0,73.5,150.0,50.0,530.0,73.5,570.0,45.0,45.0,35.0,45.0,30.0,28.0,15.0,8.0,TITANIUM,35.0,60.0,20.0,200.0,40.0,5.0,5.0,False,False,130.0,1.2,1.0,1.1,1.0,1.0,1.0,1.0,700.0,78.0,700.0,78.0,0,2,False,0,3,68.0,50.0,0.0,34.0,False,True,False,False,True,11,2,False,128.0,128.0,128.0,DISC,SPOKED,0,0,0.0,0.0,280.0,760.0,45.0,300.0,1.0
420.0,70.0,620.0,73.0,160.0,60.0,540.0,73.0,580.0,46.0,46.0,36.0,47.0,31.0,29.0,16.0,9.0,TITANIUM,36.0,65.0,22.0,205.0,42.0,5.0,5.0,False,False,130.0,1.1,1.0,1.1,1.0,1.0,1.0,1.0,700.0,80.0,700.0,80.0,0,2,False,0,3,70.0,52.0,0.0,35.0,False,True,False,False,True,12,2,False,128.0,128.0,128.0,DISC,SPOKED,0,0,0.0,0.0,285.0,755.0,47.0,310.0,1.0
425.0,68.0,605.0,74.0,155.0,55.0,535.0,73.5,575.0,44.0,45.0,35.0,46.0,30.0,28.0,16.0,8.0,TITANIUM,34.0,63.0,21.0,198.0,39.0,5.0,5.0,False,False,130.0,1.2,1.1,1.0,1.1,1.0,1.0,1.0,700.0,76.0,700.0,76.0,0,2,False,0,3,68.0,50.0,0.0,34.0,False,True,False,False,True,11,2,False,128.0,128.0,128.0,DISC,SPOKED,0,0,0.0,0.0,280.0,758.0,46.0,305.0,0.0
410.0,65.0,598.0,72.5,145.0,52.0,525.0,72.5,565.0,47.0,44.0,34.0,44.0,29.0,27.0,14.0,7.0,TITANIUM,33.0,58.0,19.0,190.0,38.0,4.0,4.0,False,False,130.0,1.0,0.9,1.0,1.0,1.0,1.0,1.0,700.0,75.0,700.0,75.0,0,2,False,0,3,68.0,48.0,0.0,33.0,False,True,False,False,True,10,3,False,128.0,128.0,128.0,DISC,SPOKED,0,0,0.0,0.0,290.0,765.0,44.0,295.0,1.0
430.0,75.0,615.0,73.0,165.0,58.0,545.0,73.8,590.0,46.0,45.0,38.0,48.0,31.0,29.0,17.0,9.0,TITANIUM,37.0,67.0,23.0,210.0,43.0,6.0,6.0,False,False,130.0,1.2,1.1,1.2,1.1,1.1,1.1,1.1,700.0,80.0,700.0,80.0,0,1,False,0,2,70.0,54.0,0.0,36.0,False,True,False,False,True,11,2,False,128.0,128.0,128.0,DISC,SPOKED,0,0,0.0,0.0,275.0,750.0,48.0,315.0,1.0
440.0,70.0,620.0,73.2,158.0,60.0,550.0,73.6,585.0,45.0,46.0,37.0,49.0,32.0,30.0,18.0,8.0,TITANIUM,36.0,68.0,22.0,200.0,40.0,5.0,5.0,False,False,130.0,1.1,1.1,1.1,1.1,1.0,1.0,1.0,700.0,82.0,700.0,82.0,0,2,False,0,3,70.0,50.0,0.0,35.0,False,True,False,False,True,12,2,False,128.0,128.0,128.0,DISC,SPOKED,0,0,0.0,0.0,280.0,752.0,49.0,308.0,1.0
455.0,65.0,630.0,74.0,172.0,62.0,560.0,74.0,600.0,47.0,45.0,40.0,50.0,31.0,30.0,19.0,9.0,TITANIUM,38.0,70.0,25.0,215.0,45.0,6.0,6.0,False,False,130.0,1.2,1.2,1.2,1.2,1.0,1.0,1.0,705.0,80.0,705.0,80.0,0,2,False,0,3,70.0,56.0,0.0,38.0,True,True,False,False,True,11,2,False,128.0,128.0,128.0,DISC,SPOKED,0,0,0.0,0.0,290.0,770.0,50.0,320.0,1.0
405.0,68.0,595.0,72.8,148.0,53.0,528.0,72.9,568.0,44.0,44.0,33.0,43.0,29.0,27.0,14.0,7.0,TITANIUM,32.0,59.0,18.0,195.0,37.0,4.0,4.0,False,False,130.0,1.0,1.0,1.0,1.0,1.0,1.0,1.0,700.0,77.0,700.0,77.0,0,2,False,0,3,68.0,49.0,0.0,34.0,False,True,False,False,True,10,2,False,128.0,128.0,128.0,DISC,SPOKED,0,0,0.0,0.0,285.0,755.0,43.0,295.0,1.0
435.0,70.0,600.0,73.3,152.0,57.0,532.0,73.4,572.0,45.0,45.0,35.0,46.0,31.0,28.0,16.0,8.0,TITANIUM,35.0,62.0,21.0,202.0,41.0,5.0,5.0,False,False,130.0,1.1,1.1,1.1,1.1,1.0,1.0,1.0,700.0,78.0,700.0,78.0,0,2,False,0,3,68.0,51.0,0.0,35.0,False,True,False,False,True,11,2,False,128.0,128.0,128.0,DISC,SPOKED,0,0,0.0,0.0,282.0,758.0,46.0,305.0,1.0
445.0,69.0,615.0,73.7,160.0,59.0,548.0,73.6,588.0,46.0,45.0,37.0,49.0,32.0,29.0,17.0,9.0,TITANIUM,37.0,66.0,23.0,210.0,42.0,6.0,6.0,False,False,130.0,1.2,1.1,1.2,1.1,1.1,1.0,1.0,700.0,79.0,700.0,79.0,0,2,False,0,1,68.0,53.0,0.0,36.0,False,True,False,False,True,11,2,False,128.0,128.0,128.0,DISC,SPOKED,0,0,0.0,0.0,288.0,756.0,49.0,312.0,2.0
420.0,75.0,600.0,72.5,130.0,40.0,560.0,73.0,600.0,45.0,47.0,28.6,34.9,36.5,23.35,13.0,15.0,TITANIUM,25.0,50.0,45.0,330.0,350.0,16.0,18.0,False,False,130.0,2.0,0.9,1.1,0.9,1.2,1.0,0.9,674.0,52.0,674.0,52.0,0,0,False,0,1,68.0,45.0,692.0,31.8,False,False,False,False,True,11,2,False,128.0,128.0,128.0,TRISPOKE,SPOKED,1,0,80.0,80.0,300.0,750.0,34.9,300.0,1.0
430.0,70.0,590.0,73.0,140.0,48.0,580.0,74.0,595.0,40.0,50.0,30.0,35.0,37.0,24.0,12.0,15.0,TITANIUM,28.0,48.0,48.0,330.0,350.0,16.0,18.0,False,False,130.0,2.0,0.9,1.1,0.9,1.2,1.0,0.9,680.0,54.0,680.0,54.0,0,1,False,0,3,70.0,46.0,692.0,32.0,True,False,False,False,True,12,2,False,100.0,100.0,100.0,TRISPOKE,TRISPOKE,1,1,85.0,85.0,295.0,760.0,35.0,310.0,0.0
415.0,80.0,610.0,71.0,150.0,60.0,550.0,72.0,610.0,50.0,45.0,29.0,34.0,36.0,23.0,14.0,15.0,TITANIUM,30.0,40.0,50.0,330.0,350.0,16.0,18.0,False,False,135.0,2.0,0.9,1.1,0.9,1.2,1.0,0.9,690.0,60.0,690.0,60.0,0,2,False,0,1,68.0,48.0,692.0,32.0,False,True,False,False,True,11,2,False,150.0,150.0,150.0,SPOKED,DISC,0,0,80.0,90.0,300.0,755.0,34.9,305.0,2.0
440.0,65.0,595.0,73.5,135.0,45.0,570.0,74.5,602.0,42.0,54.0,28.0,34.0,37.0,25.0,13.0,15.0,TITANIUM,27.0,47.0,47.0,330.0,350.0,16.0,18.0,False,False,130.0,2.0,0.9,1.1,0.9,1.2,1.0,0.9,672.0,55.0,672.0,55.0,0,0,False,0,3,72.0,44.0,692.0,31.8,True,True,False,False,True,11,2,False,110.0,110.0,110.0,SPOKED,TRISPOKE,0,1,80.0,85.0,285.0,745.0,35.0,295.0,1.0
400.0,75.0,580.0,74.0,120.0,55.0,565.0,75.0,590.0,38.0,48.0,28.6,34.9,36.5,23.35,12.0,15.0,TITANIUM,22.0,45.0,43.0,330.0,350.0,16.0,18.0,False,False,130.0,2.0,0.9,1.1,0.9,1.2,1.0,0.9,670.0,54.0,670.0,54.0,0,1,False,0,1,68.0,45.0,692.0,31.8,False,False,False,False,True,10,2,False,120.0,120.0,120.0,SPOKED,SPOKED,0,0,80.0,80.0,278.0,740.0,34.9,300.0,1.0
455.0,68.0,620.0,71.5,160.0,50.0,590.0,72.5,615.0,47.0,46.0,29.5,35.5,37.0,24.0,13.5,15.0,TITANIUM,32.0,52.0,52.0,330.0,350.0,16.0,18.0,False,False,135.0,2.0,0.9,1.1,0.9,1.2,1.0,0.9,688.0,58.0,688.0,58.0,0,2,False,0,3,72.0,47.0,692.0,32.0,True,False,False,False,True,12,2,False,130.0,130.0,130.0,TRISPOKE,TRISPOKE,1,1,90.0,90.0,305.0,760.0,35.5,310.0,2.0
425.0,72.0,605.0,72.0,145.0,42.0,575.0,73.5,605.0,43.0,49.0,28.8,34.9,36.5,23.5,13.0,15.0,TITANIUM,29.0,49.0,49.0,330.0,350.0,16.0,18.0,False,False,130.0,2.0,0.9,1.1,0.9,1.2,1.0,0.9,678.0,53.0,678.0,53.0,0,0,False,0,1,68.0,45.5,692.0,31.9,False,True,False,False,True,11,2,False,140.0,140.0,140.0,SPOKED,SPOKED,0,0,80.0,80.0,298.0,752.0,34.9,300.0,1.0
435.0,69.0,630.0,71.0,155.0,48.0,585.0,73.0,610.0,45.0,47.5,28.6,34.9,36.5,23.35,14.0,15.0,TITANIUM,31.0,51.0,51.0,330.0,350.0,16.0,18.0,False,False,130.0,2.0,0.9,1.1,0.9,1.2,1.0,0.9,682.0,55.0,682.0,55.0,0,1,False,0,3,70.0,46.0,692.0,31.8,True,True,False,False,True,11,2,False,125.0,125.0,125.0,SPOKED,SPOKED,0,0,80.0,80.0,300.0,758.0,34.9,305.0,1.0
390.0,78.0,580.0,74.5,125.0,55.0,565.0,75.5,595.0,40.0,50.0,29.0,34.9,36.5,24.0,12.5,15.0,TITANIUM,24.0,47.0,42.0,330.0,350.0,16.0,18.0,False,False,130.0,2.0,0.9,1.1,0.9,1.2,1.0,0.9,671.0,53.0,671.0,53.0,0,0,False,0,0,68.0,45.0,692.0,31.8,False,False,False,False,True,10,1,False,118.0,118.0,118.0,TRISPOKE,SPOKED,1,0,80.0,80.0,288.0,740.0,34.9,295.0,0.0
445.0,73.0,615.0,72.0,158.0,52.0,595.0,73.0,612.0,46.0,46.0,28.5,34.9,36.5,23.5,13.0,15.0,TITANIUM,33.0,53.0,53.0,330.0,350.0,16.0,18.0,False,False,130.0,2.0,0.9,1.1,0.9,1.2,1.0,0.9,686.0,56.0,686.0,56.0,0,2,False,0,3,72.0,47.0,692.0,32.0,True,True,False,False,True,12,2,False,135.0,135.0,135.0,TRISPOKE,TRISPOKE,1,1,90.0,90.0,302.0,765.0,34.9,315.0,2.0
410.0,72.0,610.0,73.0,160.0,45.0,550.0,74.0,655.0,50.0,45.0,32.0,34.0,30.0,25.0,15.0,12.0,TITANIUM,35.0,45.0,40.0,330.0,350.0,16.0,18.0,False,False,130.0,1.1,1.0,1.2,1.1,1.0,1.0,1.0,700.0,50.0,700.0,50.0,0,2,False,0,3,68.0,45.0,0.0,31.8,True,True,False,False,True,11,2,False,128.0,128.0,128.0,SPOKED,SPOKED,1,1,80.0,80.0,280.0,760.0,34.9,360.0,1.0
420.0,70.0,620.0,74.0,155.0,48.0,560.0,73.5,650.0,48.0,45.0,32.0,34.0,30.0,26.0,15.0,13.0,TITANIUM,36.0,46.0,42.0,330.0,350.0,16.0,18.0,False,False,130.0,1.0,0.9,1.1,1.0,0.9,1.0,1.0,700.0,50.0,700.0,50.0,0,2,False,0,3,68.0,50.0,0.0,32.0,True,False,False,False,True,12,2,False,100.0,100.0,100.0,SPOKED,SPOKED,1,1,80.0,80.0,282.0,758.0,34.9,362.0,1.0
405.0,74.0,605.0,72.5,165.0,43.0,545.0,74.5,660.0,52.0,45.0,33.0,35.0,31.0,24.0,15.0,12.0,TITANIUM,34.0,44.0,38.0,330.0,350.0,16.0,18.0,True,False,130.0,1.2,1.1,1.3,1.2,1.1,1.1,1.1,700.0,50.0,700.0,50.0,0,2,False,0,3,68.0,46.0,0.0,31.8,True,True,False,False,True,10,1,True,150.0,150.0,150.0,SPOKED,SPOKED,1,1,80.0,80.0,275.0,765.0,34.9,350.0,1.0
415.0,71.0,615.0,73.5,158.0,46.0,555.0,73.8,648.0,49.0,45.0,32.0,34.0,29.0,25.0,15.0,13.0,TITANIUM,37.0,47.0,41.0,330.0,350.0,16.0,18.0,False,True,130.0,1.1,1.0,1.2,1.1,1.0,1.0,1.0,700.0,52.0,700.0,52.0,0,2,False,0,3,68.0,45.0,0.0,31.8,True,True,False,False,True,11,2,False,160.0,160.0,160.0,SPOKED,SPOKED,1,1,80.0,80.0,285.0,755.0,34.9,365.0,1.0
425.0,69.0,625.0,72.0,152.0,44.0,565.0,74.2,660.0,51.0,45.0,33.0,35.0,31.0,26.0,15.0,14.0,TITANIUM,36.0,45.0,39.0,330.0,350.0,16.0,18.0,True,True,130.0,1.0,0.9,1.1,1.0,0.9,1.0,1.0,700.0,51.0,700.0,51.0,0,2,False,0,3,68.0,47.0,0.0,32.0,True,True,False,False,True,12,3,False,140.0,140.0,140.0,SPOKED,SPOKED,1,1,80.0,80.0,290.0,770.0,34.9,370.0,1.0
430.0,73.0,630.0,73.8,162.0,47.0,570.0,73.3,652.0,48.0,45.0,32.0,34.0,30.0,24.0,15.0,12.0,TITANIUM,35.0,46.0,41.0,330.0,350.0,16.0,18.0,False,False,130.0,1.2,1.1,1.3,1.2,1.1,1.1,1.1,700.0,50.0,700.0,50.0,0,2,False,0,3,68.0,43.0,0.0,31.8,True,False,False,False,True,11,1,True,120.0,120.0,120.0,SPOKED,SPOKED,1,1,80.0,80.0,276.0,762.0,34.9,355.0,1.0
400.0,72.0,600.0,74.2,157.0,45.0,540.0,73.6,658.0,50.0,45.0,32.0,34.0,30.0,25.0,15.0,13.0,TITANIUM,34.0,44.0,40.0,330.0,350.0,16.0,18.0,False,False,130.0,1.1,1.0,1.2,1.1,1.0,1.0,1.0,700.0,49.0,700.0,49.0,0,2,False,0,3,68.0,48.0,0.0,32.0,True,True,False,False,True,13,2,False,110.0,110.0,110.0,SPOKED,SPOKED,1,1,80.0,80.0,278.0,768.0,34.9,365.0,1.0
395.0,75.0,595.0,73.0,150.0,42.0,535.0,74.0,645.0,52.0,45.0,33.0,35.0,31.0,23.0,15.0,12.0,TITANIUM,33.0,43.0,39.0,330.0,350.0,16.0,18.0,True,True,130.0,1.0,0.9,1.1,1.0,0.9,1.0,1.0,700.0,50.0,700.0,50.0,0,2,False,0,3,68.0,46.0,0.0,31.8,True,True,False,False,True,12,2,True,100.0,105.0,110.0,SPOKED,SPOKED,1,1,80.0,80.0,274.0,758.0,34.9,350.0,1.0
405.0,70.0,610.0,72.8,155.0,46.0,545.0,73.9,660.0,50.0,45.0,32.0,34.0,30.0,25.0,15.0,13.0,TITANIUM,36.0,45.0,40.0,330.0,350.0,16.0,18.0,False,False,130.0,1.1,1.0,1.2,1.1,1.0,1.0,1.0,700.0,50.0,700.0,50.0,0,2,False,0,3,68.0,45.0,0.0,31.8,True,True,False,False,True,11,2,False,95.0,95.0,95.0,SPOKED,SPOKED,1,1,80.0,80.0,280.0,760.0,34.9,365.0,1.0
415.0,71.0,620.0,73.4,158.0,47.0,555.0,74.1,650.0,48.0,45.0,33.0,35.0,31.0,26.0,15.0,14.0,TITANIUM,37.0,47.0,42.0,330.0,350.0,16.0,18.0,True,False,130.0,1.2,1.1,1.3,1.2,1.1,1.1,1.1,700.0,50.0,700.0,50.0,0,2,False,0,3,68.0,47.0,0.0,32.0,True,False,False,False,True,12,2,True,105.0,105.0,105.0,SPOKED,SPOKED,1,1,80.0,80.0,286.0,755.0,34.9,360.0,1.0
440.0,70.0,620.0,73.0,160.0,50.0,560.0,74.0,655.0,50.0,45.0,32.0,36.5,24.0,22.0,14.0,15.0,TITANIUM,30.0,55.0,45.0,330.0,350.0,16.0,18.0,False,False,130.0,1.0,1.0,1.0,1.0,1.0,1.0,1.0,680.0,52.0,680.0,52.0,0,0,False,0,1,72.0,50.0,0.0,34.0,True,True,False,False,True,11,2,False,120.0,120.0,120.0,DISC,SPOKED,0,0,0.0,0.0,280.0,780.0,36.0,320.0,1.0
435.0,68.0,610.0,72.5,155.0,52.0,550.0,73.5,650.0,48.0,45.0,30.0,36.5,23.0,21.0,14.5,15.0,TITANIUM,28.0,50.0,43.0,330.0,350.0,16.0,18.0,False,False,130.0,1.0,1.0,1.0,1.0,1.0,1.0,1.0,680.0,52.0,680.0,52.0,0,2,False,0,1,70.0,48.0,0.0,33.0,True,True,False,False,True,12,2,False,110.0,110.0,110.0,DISC,SPOKED,0,0,0.0,0.0,290.0,800.0,35.0,310.0,1.0
445.0,72.0,630.0,73.5,165.0,48.0,570.0,74.5,660.0,52.0,47.0,34.0,36.5,25.0,23.0,13.0,15.0,TITANIUM,32.0,58.0,50.0,330.0,350.0,16.0,18.0,False,False,130.0,1.0,1.0,1.0,1.0,1.0,1.0,1.0,680.0,50.0,680.0,50.0,0,0,False,0,1,75.0,52.0,0.0,35.0,True,True,False,False,True,11,2,False,100.0,100.0,100.0,DISC,SPOKED,0,0,0.0,0.0,270.0,790.0,37.0,330.0,1.0
430.0,65.0,600.0,72.0,150.0,55.0,540.0,73.0,645.0,47.0,44.0,29.0,36.5,23.5,22.5,14.0,15.0,TITANIUM,26.0,46.0,42.0,330.0,350.0,16.0,18.0,False,False,130.0,1.0,1.0,1.0,1.0,1.0,1.0,1.0,680.0,52.0,680.0,52.0,0,2,False,0,1,68.0,47.0,0.0,32.0,True,True,False,False,True,12,2,False,130.0,130.0,130.0,DISC,SPOKED,0,0,0.0,0.0,275.0,760.0,36.5,300.0,1.0
450.0,75.0,640.0,73.8,170.0,49.0,580.0,74.2,670.0,55.0,48.0,33.0,36.5,26.0,24.0,13.5,15.0,TITANIUM,35.0,60.0,52.0,330.0,350.0,16.0,18.0,False,False,130.0,1.0,1.0,1.0,1.0,1.0,1.0,1.0,680.0,52.0,680.0,52.0,0,0,False,0,1,73.0,53.0,0.0,35.0,True,True,False,False,True,10,2,False,140.0,140.0,140.0,DISC,SPOKED,0,0,0.0,0.0,300.0,820.0,38.0,340.0,1.0
425.0,69.0,605.0,72.7,152.0,47.0,565.0,73.8,652.0,49.0,46.0,31.0,36.5,24.5,22.8,14.2,15.0,TITANIUM,27.0,53.0,44.0,330.0,350.0,16.0,18.0,False,False,130.0,1.0,1.0,1.0,1.0,1.0,1.0,1.0,680.0,52.0,680.0,52.0,0,2,False,0,1,71.0,49.0,0.0,34.0,True,True,False,False,True,12,2,False,125.0,125.0,125.0,DISC,SPOKED,0,0,0.0,0.0,285.0,770.0,36.0,315.0,1.0
438.0,71.0,625.0,73.2,158.0,54.0,575.0,74.6,660.0,53.0,47.0,32.5,36.5,25.5,23.5,13.8,15.0,TITANIUM,31.0,57.0,48.0,330.0,350.0,16.0,18.0,False,False,130.0,1.0,1.0,1.0,1.0,1.0,1.0,1.0,680.0,53.0,680.0,53.0,0,0,False,0,1,70.0,50.0,0.0,34.5,True,True,False,False,True,11,2,False,135.0,135.0,135.0,DISC,SPOKED,0,0,0.0,0.0,295.0,810.0,37.0,325.0,1.0
432.0,66.0,595.0,72.3,148.0,53.0,545.0,73.4,648.0,46.0,44.0,29.5,36.5,23.5,22.0,14.3,15.0,TITANIUM,29.0,49.0,43.5,330.0,350.0,16.0,18.0,False,False,130.0,1.0,1.0,1.0,1.0,1.0,1.0,1.0,680.0,52.0,680.0,52.0,0,2,False,0,1,69.0,46.0,0.0,33.5,True,True,False,False,True,12,2,False,118.0,118.0,118.0,DISC,SPOKED,0,0,0.0,0.0,265.0,740.0,35.5,305.0,1.0
448.0,74.0,635.0,74.0,168.0,46.0,585.0,75.0,668.0,54.0,49.0,33.5,36.5,26.5,24.5,13.2,15.0,TITANIUM,34.0,59.0,51.0,330.0,350.0,16.0,18.0,False,False,130.0,1.0,1.0,1.0,1.0,1.0,1.0,1.0,680.0,52.0,680.0,52.0,0,0,False,0,1,74.0,54.0,0.0,35.0,True,True,False,False,True,10,2,False,122.0,122.0,122.0,DISC,SPOKED,0,0,0.0,0.0,302.0,815.0,37.5,345.0,1.0
442.0,67.0,615.0,73.1,162.0,51.0,565.0,74.1,658.0,51.0,46.0,31.5,36.5,24.8,23.2,14.1,15.0,TITANIUM,29.5,56.0,49.0,330.0,350.0,16.0,18.0,False,False,130.0,1.0,1.0,1.0,1.0,1.0,1.0,1.0,680.0,51.0,680.0,51.0,0,2,False,0,1,71.5,51.0,0.0,34.2,True,True,False,False,True,11,2,False,127.0,127.0,127.0,DISC,SPOKED,0,0,0.0,0.0,288.0,775.0,36.2,318.0,1.0
405.0,70.0,590.0,73.0,150.0,50.0,520.0,73.0,650.0,50.0,40.0,28.6,36.5,23.0,13.0,15.0,9.0,TITANIUM,30.0,50.0,45.0,0.0,0.0,0.0,0.0,False,False,130.0,2.0,0.9,1.1,0.9,1.2,1.0,0.9,700.0,20.0,700.0,20.0,0,0,False,0,1,68.0,45.0,680.0,31.8,False,False,False,False,True,10,2,False,128.0,128.0,128.0,SPOKED,SPOKED,0,0,0.0,0.0,250.0,740.0,34.9,300.0,1.0
410.0,65.0,605.0,72.0,160.0,52.0,540.0,74.0,660.0,48.0,40.0,28.6,36.0,23.5,13.5,14.0,8.0,TITANIUM,32.0,52.0,47.0,0.0,0.0,0.0,0.0,False,False,130.0,2.0,0.9,1.1,0.9,1.2,1.0,0.9,702.0,22.0,702.0,22.0,0,1,False,0,1,68.0,45.0,680.0,31.8,False,False,False,False,True,11,2,False,120.0,120.0,120.0,SPOKED,SPOKED,0,0,0.0,0.0,255.0,745.0,34.9,310.0,1.0
395.0,75.0,580.0,74.0,140.0,48.0,510.0,72.0,640.0,52.0,40.0,28.6,37.0,22.5,12.5,16.0,10.0,TITANIUM,28.0,48.0,43.0,0.0,0.0,0.0,0.0,False,False,130.0,2.0,0.9,1.1,0.9,1.2,1.0,0.9,698.0,18.0,698.0,18.0,0,2,False,0,1,68.0,45.0,680.0,31.8,False,False,False,False,True,9,2,False,100.0,100.0,100.0,SPOKED,SPOKED,0,0,0.0,0.0,260.0,730.0,34.9,290.0,1.0
420.0,60.0,600.0,71.0,170.0,54.0,530.0,75.0,670.0,45.0,40.0,28.6,36.5,24.0,14.0,13.0,9.5,TITANIUM,35.0,50.0,49.0,0.0,0.0,0.0,0.0,False,False,130.0,2.0,0.9,1.1,0.9,1.2,1.0,0.9,705.0,21.0,705.0,21.0,0,0,False,0,1,68.0,45.0,680.0,31.8,False,False,False,False,True,12,3,False,140.0,140.0,140.0,SPOKED,SPOKED,0,0,0.0,0.0,280.0,755.0,34.9,320.0,1.0
415.0,80.0,620.0,70.0,130.0,53.0,550.0,71.0,630.0,55.0,40.0,28.6,36.0,23.2,13.2,15.5,9.2,TITANIUM,29.0,54.0,41.0,0.0,0.0,0.0,0.0,False,False,130.0,2.0,0.9,1.1,0.9,1.2,1.0,0.9,710.0,19.0,710.0,19.0,0,1,False,0,1,68.0,45.0,680.0,31.8,False,False,False,False,True,10,2,False,150.0,150.0,150.0,SPOKED,SPOKED,0,0,0.0,0.0,265.0,720.0,34.9,305.0,1.0
400.0,72.0,595.0,73.5,155.0,49.0,525.0,74.0,655.0,49.0,40.0,28.6,36.5,23.8,13.8,15.0,9.0,TITANIUM,31.0,51.0,46.0,0.0,0.0,0.0,0.0,False,False,130.0,2.0,0.9,1.1,0.9,1.2,1.0,0.9,703.0,20.5,703.0,20.5,0,0,False,0,1,68.0,45.0,680.0,31.8,False,False,False,False,True,11,2,False,135.0,135.0,135.0,SPOKED,SPOKED,0,0,0.0,0.0,270.0,735.0,34.9,315.0,1.0
430.0,68.0,615.0,72.5,165.0,55.0,545.0,73.5,665.0,47.0,40.0,28.6,36.2,23.1,13.1,14.0,8.5,TITANIUM,34.0,53.0,48.0,0.0,0.0,0.0,0.0,False,False,130.0,2.0,0.9,1.1,0.9,1.2,1.0,0.9,707.0,21.5,707.0,21.5,0,0,False,0,1,68.0,45.0,680.0,31.8,False,False,False,False,True,12,2,False,145.0,145.0,145.0,SPOKED,SPOKED,0,0,0.0,0.0,285.0,760.0,34.9,325.0,1.0
390.0,66.0,587.0,74.0,148.0,47.0,515.0,72.0,645.0,51.0,40.0,28.6,36.7,23.7,13.7,15.3,9.3,TITANIUM,29.5,49.5,44.5,0.0,0.0,0.0,0.0,False,False,130.0,2.0,0.9,1.1,0.9,1.2,1.0,0.9,701.0,20.2,701.0,20.2,0,0,False,0,1,68.0,45.0,680.0,31.8,False,False,False,False,True,11,2,False,130.0,130.0,130.0,SPOKED,SPOKED,0,0,0.0,0.0,255.0,745.0,34.9,305.0,1.0
425.0,71.0,610.0,73.0,158.0,56.0,550.0,73.0,670.0,46.0,40.0,28.6,36.5,22.8,12.8,15.8,9.8,TITANIUM,33.0,55.0,47.5,0.0,0.0,0.0,0.0,False,False,130.0,2.0,0.9,1.1,0.9,1.2,1.0,0.9,706.0,21.1,706.0,21.1,0,1,False,0,1,68.0,45.0,680.0,31.8,False,False,False,False,True,10,3,False,138.0,138.0,138.0,SPOKED,SPOKED,0,0,0.0,0.0,275.0,750.0,34.9,318.0,1.0
395.0,74.0,595.0,71.5,152.0,50.0,525.0,74.5,655.0,53.0,40.0,28.6,36.5,23.4,13.4,15.1,9.1,TITANIUM,30.5,50.5,45.5,0.0,0.0,0.0,0.0,False,False,130.0,2.0,0.9,1.1,0.9,1.2,1.0,0.9,704.0,20.8,704.0,20.8,0,0,False,0,1,68.0,45.0,680.0,31.8,False,False,False,False,True,11,2,False,132.0,132.0,132.0,SPOKED,SPOKED,0,0,0.0,0.0,265.0,740.0,34.9,312.0,1.0
400.0,68.0,640.0,72.0,170.0,35.0,550.0,73.0,660.0,50.0,50.0,30.0,36.5,23.0,25.0,14.0,16.0,TITANIUM,33.0,35.0,45.0,330.0,350.0,16.0,18.0,False,False,130.0,2.0,0.9,1.1,0.9,1.2,1.0,0.9,700.0,52.0,700.0,52.0,0,0,False,0,1,68.0,45.0,0.0,31.8,True,True,False,False,True,11,2,False,128.0,128.0,128.0,DISC,SPOKED,0,0,0.0,0.0,280.0,700.0,34.9,300.0,1.0
410.0,70.0,650.0,73.0,180.0,45.0,560.0,73.5,670.0,52.0,55.0,31.0,37.5,24.0,26.0,14.0,16.0,TITANIUM,34.0,37.0,47.0,330.0,350.0,16.0,18.0,False,False,130.0,2.0,0.9,1.1,0.9,1.2,1.0,0.9,700.0,52.0,700.0,52.0,0,0,False,0,1,68.0,45.0,0.0,31.8,True,True,False,False,True,11,2,False,128.0,128.0,128.0,DISC,SPOKED,0,0,0.0,0.0,285.0,705.0,34.9,300.0,1.0
420.0,72.0,660.0,74.0,190.0,50.0,570.0,74.0,680.0,48.0,45.0,32.0,35.0,22.0,27.0,14.0,16.0,TITANIUM,35.0,39.0,43.0,330.0,350.0,16.0,18.0,False,False,130.0,2.0,0.9,1.1,0.9,1.2,1.0,0.9,700.0,52.0,700.0,52.0,0,0,False,0,1,68.0,45.0,0.0,31.8,True,True,False,False,True,11,2,False,128.0,128.0,128.0,DISC,SPOKED,0,0,0.0,0.0,290.0,710.0,34.9,300.0,1.0
430.0,74.0,630.0,72.5,160.0,40.0,540.0,73.0,650.0,51.0,50.0,28.6,34.0,23.5,28.0,14.0,16.0,TITANIUM,32.0,31.0,49.0,330.0,350.0,16.0,18.0,False,False,130.0,2.0,0.9,1.1,0.9,1.2,1.0,0.9,700.0,52.0,700.0,52.0,0,0,False,0,1,68.0,45.0,0.0,31.8,True,True,False,False,True,11,2,False,128.0,128.0,128.0,DISC,SPOKED,0,0,0.0,0.0,275.0,690.0,34.9,300.0,1.0
440.0,73.0,645.0,73.5,175.0,30.0,555.0,74.5,665.0,49.0,55.0,33.0,36.0,24.5,29.0,14.0,16.0,TITANIUM,36.0,36.0,44.0,330.0,350.0,16.0,18.0,False,False,130.0,2.0,0.9,1.1,0.9,1.2,1.0,0.9,700.0,52.0,700.0,52.0,0,0,False,0,1,68.0,45.0,0.0,31.8,True,True,False,False,True,11,2,False,128.0,128.0,128.0,DISC,SPOKED,0,0,0.0,0.0,300.0,720.0,34.9,300.0,1.0
450.0,66.0,655.0,73.5,185.0,50.0,565.0,73.5,675.0,53.0,45.0,34.0,38.0,22.5,30.0,14.0,16.0,TITANIUM,38.0,38.0,46.0,330.0,350.0,16.0,18.0,False,False,130.0,2.0,0.9,1.1,0.9,1.2,1.0,0.9,700.0,52.0,700.0,52.0,0,0,False,0,1,68.0,45.0,0.0,31.8,True,True,False,False,True,11,2,False,128.0,128.0,128.0,DISC,SPOKED,0,0,0.0,0.0,295.0,715.0,34.9,300.0,1.0
395.0,69.0,635.0,74.0,165.0,45.0,545.0,74.0,655.0,47.0,50.0,28.6,34.0,23.5,25.0,14.0,16.0,TITANIUM,32.0,32.0,48.0,330.0,350.0,16.0,18.0,False,False,130.0,2.0,0.9,1.1,0.9,1.2,1.0,0.9,700.0,52.0,700.0,52.0,0,0,False,0,1,68.0,45.0,0.0,31.8,True,True,False,False,True,11,2,False,128.0,128.0,128.0,DISC,SPOKED,0,0,0.0,0.0,282.0,702.0,34.9,300.0,1.0
415.0,71.0,645.0,72.0,175.0,35.0,555.0,73.0,665.0,51.0,55.0,32.0,35.0,22.0,26.0,14.0,16.0,TITANIUM,36.0,36.0,44.0,330.0,350.0,16.0,18.0,False,False,130.0,2.0,0.9,1.1,0.9,1.2,1.0,0.9,700.0,52.0,700.0,52.0,0,0,False,0,1,68.0,45.0,0.0,31.8,True,True,False,False,True,11,2,False,128.0,128.0,128.0,DISC,SPOKED,0,0,0.0,0.0,288.0,708.0,34.9,300.0,1.0
425.0,73.0,655.0,73.5,185.0,40.0,565.0,74.5,675.0,49.0,50.0,34.0,36.0,24.5,27.0,14.0,16.0,TITANIUM,38.0,38.0,46.0,330.0,350.0,16.0,18.0,False,False,130.0,2.0,0.9,1.1,0.9,1.2,1.0,0.9,700.0,52.0,700.0,52.0,0,0,False,0,1,68.0,45.0,0.0,31.8,True,True,False,False,True,11,2,False,128.0,128.0,128.0,DISC,SPOKED,0,0,0.0,0.0,300.0,730.0,34.9,300.0,1.0
435.0,67.0,665.0,72.5,195.0,30.0,575.0,73.5,685.0,52.0,45.0,33.0,38.0,23.0,28.0,14.0,16.0,TITANIUM,40.0,40.0,48.0,330.0,350.0,16.0,18.0,False,False,130.0,2.0,0.9,1.1,0.9,1.2,1.0,0.9,700.0,52.0,700.0,52.0,0,0,False,0,1,68.0,45.0,0.0,31.8,True,True,False,False,True,11,2,False,128.0,128.0,128.0,DISC,SPOKED,0,0,0.0,0.0,310.0,740.0,34.9,300.0,1.0
405.0,70.0,570.0,72.0,150.0,45.0,540.0,73.0,650.0,45.0,45.0,30.0,28.6,36.5,23.35,13.0,15.0,TITANIUM,35.0,35.0,40.0,330.0,350.0,16.0,18.0,False,False,130.0,2.0,0.9,1.1,0.9,1.2,1.0,0.9,680.0,52.0,680.0,52.0,0,0,False,0,3,68.0,45.0,0.0,31.8,True,True,False,False,True,11,2,False,128.0,128.0,128.0,SPOKED,SPOKED,0,0,0.0,0.0,275.0,760.0,34.9,300.0,1.0
410.0,70.0,575.0,72.3,155.0,45.0,545.0,73.0,655.0,46.0,45.0,31.0,28.6,36.5,23.35,13.0,15.0,TITANIUM,36.0,36.0,41.0,330.0,350.0,16.0,18.0,False,False,130.0,2.0,0.9,1.1,0.9,1.2,1.0,0.9,680.0,52.0,680.0,52.0,0,0,False,0,3,68.0,45.0,0.0,31.8,True,True,False,False,True,11,2,False,128.0,128.0,128.0,SPOKED,SPOKED,0,0,0.0,0.0,278.0,765.0,34.9,300.0,1.0
415.0,70.0,580.0,72.6,160.0,45.0,550.0,73.0,660.0,47.0,45.0,32.0,28.6,36.5,23.35,13.0,15.0,TITANIUM,37.0,37.0,42.0,330.0,350.0,16.0,18.0,False,False,130.0,2.0,0.9,1.1,0.9,1.2,1.0,0.9,680.0,52.0,680.0,52.0,0,0,False,0,3,68.0,45.0,0.0,31.8,True,True,False,False,True,11,2,False,128.0,128.0,128.0,SPOKED,SPOKED,0,0,0.0,0.0,281.0,770.0,34.9,300.0,1.0
420.0,70.0,585.0,72.9,165.0,45.0,555.0,73.0,665.0,48.0,45.0,33.0,28.6,36.5,23.35,13.0,15.0,TITANIUM,38.0,38.0,43.0,330.0,350.0,16.0,18.0,False,False,130.0,2.0,0.9,1.1,0.9,1.2,1.0,0.9,680.0,52.0,680.0,52.0,0,0,False,0,3,68.0,45.0,0.0,31.8,True,True,False,False,True,11,2,False,128.0,128.0,128.0,SPOKED,SPOKED,0,0,0.0,0.0,284.0,775.0,34.9,300.0,1.0
425.0,70.0,590.0,73.2,170.0,45.0,560.0,73.0,670.0,49.0,45.0,34.0,28.6,36.5,23.35,13.0,15.0,TITANIUM,39.0,39.0,44.0,330.0,350.0,16.0,18.0,False,False,130.0,2.0,0.9,1.1,0.9,1.2,1.0,0.9,680.0,52.0,680.0,52.0,0,0,False,0,3,68.0,45.0,0.0,31.8,True,True,False,False,True,11,2,False,128.0,128.0,128.0,SPOKED,SPOKED,0,0,0.0,0.0,287.0,780.0,34.9,300.0,1.0
430.0,70.0,595.0,73.5,175.0,45.0,565.0,73.0,675.0,50.0,45.0,30.0,28.6,36.5,23.35,13.0,15.0,TITANIUM,40.0,40.0,45.0,330.0,350.0,16.0,18.0,False,False,130.0,2.0,0.9,1.1,0.9,1.2,1.0,0.9,680.0,52.0,680.0,52.0,0,0,False,0,3,68.0,45.0,0.0,31.8,True,True,False,False,True,11,2,False,128.0,128.0,128.0,SPOKED,SPOKED,0,0,0.0,0.0,290.0,785.0,34.9,300.0,1.0
435.0,70.0,600.0,73.8,180.0,45.0,570.0,73.0,680.0,51.0,45.0,31.0,28.6,36.5,23.35,13.0,15.0,TITANIUM,41.0,41.0,46.0,330.0,350.0,16.0,18.0,False,False,130.0,2.0,0.9,1.1,0.9,1.2,1.0,0.9,680.0,52.0,680.0,52.0,0,0,False,0,3,68.0,45.0,0.0,31.8,True,True,False,False,True,11,2,False,128.0,128.0,128.0,SPOKED,SPOKED,0,0,0.0,0.0,293.0,790.0,34.9,300.0,1.0
440.0,70.0,605.0,74.1,185.0,45.0,575.0,73.0,685.0,52.0,45.0,32.0,28.6,36.5,23.35,13.0,15.0,TITANIUM,42.0,42.0,47.0,330.0,350.0,16.0,18.0,False,False,130.0,2.0,0.9,1.1,0.9,1.2,1.0,0.9,680.0,52.0,680.0,52.0,0,0,False,0,3,68.0,45.0,0.0,31.8,True,True,False,False,True,11,2,False,128.0,128.0,128.0,SPOKED,SPOKED,0,0,0.0,0.0,296.0,795.0,34.9,300.0,1.0
445.0,70.0,610.0,74.4,190.0,45.0,580.0,73.0,690.0,53.0,45.0,33.0,28.6,36.5,23.35,13.0,15.0,TITANIUM,43.0,43.0,48.0,330.0,350.0,16.0,18.0,False,False,130.0,2.0,0.9,1.1,0.9,1.2,1.0,0.9,680.0,52.0,680.0,52.0,0,0,False,0,3,68.0,45.0,0.0,31.8,True,True,False,False,True,11,2,False,128.0,128.0,128.0,SPOKED,SPOKED,0,0,0.0,0.0,299.0,800.0,34.9,300.0,1.0
450.0,70.0,615.0,74.7,195.0,45.0,585.0,73.0,695.0,54.0,45.0,34.0,28.6,36.5,23.35,13.0,15.0,TITANIUM,44.0,44.0,49.0,330.0,350.0,16.0,18.0,False,False,130.0,2.0,0.9,1.1,0.9,1.2,1.0,0.9,680.0,52.0,680.0,52.0,0,0,False,0,3,68.0,45.0,0.0,31.8,True,True,False,False,True,11,2,False,128.0,128.0,128.0,SPOKED,SPOKED,0,0,0.0,0.0,302.0,805.0,34.9,300.0,1.0
410.0,75.0,610.0,73.0,160.0,45.0,580.0,73.5,600.0,50.0,40.0,28.0,34.0,23.0,23.0,15.0,9.0,TITANIUM,30.0,40.0,15.0,330.0,350.0,16.0,18.0,False,False,130.0,2.0,1.8,2.2,2.0,1.6,1.6,2.0,700.0,20.0,700.0,20.0,0,0,False,0,1,68.0,45.0,0.0,34.0,True,True,False,False,True,11,2,False,128.0,128.0,128.0,SPOKED,SPOKED,0,0,80.0,80.0,300.0,720.0,34.0,250.0,1.0
420.0,80.0,620.0,72.5,140.0,50.0,560.0,72.0,620.0,48.0,40.0,28.0,34.0,24.0,24.0,15.0,9.0,TITANIUM,25.0,35.0,12.0,330.0,350.0,16.0,18.0,False,False,130.0,2.0,1.8,2.0,2.0,1.6,1.6,2.0,700.0,20.0,700.0,20.0,0,1,False,0,2,68.0,45.0,0.0,34.0,True,True,False,False,True,11,2,False,128.0,128.0,128.0,SPOKED,SPOKED,0,0,80.0,80.0,300.0,730.0,34.0,250.0,2.0
405.0,70.0,600.0,74.0,180.0,45.0,540.0,74.0,605.0,52.0,40.0,28.0,34.0,23.0,23.0,15.0,9.0,TITANIUM,35.0,45.0,15.0,330.0,350.0,16.0,18.0,False,False,130.0,2.0,1.8,2.2,2.0,1.6,1.6,2.0,700.0,20.0,700.0,20.0,0,2,False,0,3,68.0,50.0,0.0,34.0,True,True,False,False,True,11,2,False,128.0,128.0,128.0,SPOKED,SPOKED,0,0,80.0,80.0,300.0,725.0,34.0,250.0,1.0
415.0,78.0,605.0,73.5,150.0,48.0,560.0,73.0,615.0,48.0,40.0,28.0,34.0,23.5,23.5,15.0,9.0,TITANIUM,28.0,38.0,14.0,330.0,350.0,16.0,18.0,False,False,130.0,2.0,1.8,2.2,2.0,1.6,1.6,2.0,700.0,20.0,700.0,20.0,0,1,False,0,1,68.0,45.0,0.0,34.0,True,True,False,False,True,11,2,False,128.0,128.0,128.0,SPOKED,SPOKED,0,0,80.0,80.0,300.0,710.0,34.0,250.0,2.0
430.0,65.0,620.0,72.0,170.0,50.0,580.0,72.5,630.0,50.0,40.0,30.0,36.0,24.0,24.0,15.0,9.0,TITANIUM,32.0,42.0,13.0,330.0,350.0,16.0,18.0,False,False,130.0,2.0,1.8,2.0,2.2,1.6,1.6,2.0,700.0,20.0,700.0,20.0,0,0,False,0,2,68.0,45.0,0.0,34.0,True,True,False,False,True,11,2,False,128.0,128.0,128.0,SPOKED,SPOKED,0,0,80.0,80.0,300.0,740.0,36.0,250.0,1.0
400.0,85.0,595.0,74.5,155.0,45.0,555.0,74.0,595.0,49.0,40.0,28.0,34.0,23.0,23.0,15.0,9.0,TITANIUM,30.0,40.0,12.0,330.0,350.0,16.0,18.0,False,False,130.0,2.0,1.8,2.2,2.0,1.6,1.6,2.0,700.0,20.0,700.0,20.0,0,1,False,0,3,68.0,48.0,0.0,34.0,True,True,False,False,True,11,2,False,128.0,128.0,128.0,SPOKED,SPOKED,0,0,80.0,80.0,300.0,715.0,34.0,250.0,2.0
425.0,72.0,615.0,73.0,165.0,50.0,600.0,75.0,610.0,47.0,40.0,28.0,34.0,24.0,24.0,15.0,9.0,TITANIUM,34.0,44.0,14.0,330.0,350.0,16.0,18.0,False,False,130.0,2.0,1.8,2.0,2.0,1.6,1.6,2.0,700.0,20.0,700.0,20.0,0,2,False,0,2,68.0,46.0,0.0,34.0,True,True,False,False,True,11,2,False,128.0,128.0,128.0,SPOKED,SPOKED,0,0,80.0,80.0,300.0,745.0,34.0,250.0,1.0
395.0,68.0,580.0,74.0,130.0,45.0,550.0,74.5,580.0,51.0,40.0,28.0,34.0,23.5,23.5,15.0,9.0,TITANIUM,24.0,36.0,12.0,330.0,350.0,16.0,18.0,False,False,130.0,2.0,1.8,2.2,2.0,1.6,1.6,2.0,700.0,20.0,700.0,20.0,0,0,False,0,1,68.0,45.0,0.0,34.0,True,True,False,False,True,11,2,False,128.0,128.0,128.0,SPOKED,SPOKED,0,0,80.0,80.0,300.0,705.0,34.0,250.0,2.0
415.0,75.0,605.0,73.5,145.0,50.0,575.0,73.5,600.0,50.0,40.0,28.0,34.0,24.0,24.0,15.0,9.0,TITANIUM,29.0,39.0,13.0,330.0,350.0,16.0,18.0,False,False,130.0,2.0,1.8,2.2,2.0,1.6,1.6,2.0,700.0,20.0,700.0,20.0,0,2,False,0,3,68.0,47.0,0.0,34.0,True,True,False,False,True,11,2,False,128.0,128.0,128.0,SPOKED,SPOKED,0,0,80.0,80.0,300.0,720.0,34.0,250.0,1.0
430.0,80.0,620.0,72.0,175.0,48.0,590.0,72.5,620.0,49.0,40.0,28.0,34.0,23.0,23.0,15.0,9.0,TITANIUM,33.0,41.0,15.0,330.0,350.0,16.0,18.0,False,False,130.0,2.0,1.8,2.2,2.0,1.6,1.6,2.0,700.0,20.0,700.0,20.0,0,1,False,0,1,68.0,45.0,0.0,34.0,True,True,False,False,True,11,2,False,128.0,128.0,128.0,SPOKED,SPOKED,0,0,80.0,80.0,300.0,735.0,34.0,250.0,2.0
405.0,68.0,600.0,73.5,160.0,45.0,520.0,73.0,580.0,50.0,40.0,28.6,34.9,23.35,23.35,14.0,9.0,TITANIUM,30.0,45.0,40.0,330.0,350.0,16.0,18.0,False,False,130.0,2.0,0.9,1.1,0.9,1.2,1.0,0.9,680.0,50.0,680.0,50.0,0,2,False,0,3,68.0,45.0,0.0,31.8,True,True,False,False,True,11,2,False,128.0,128.0,128.0,DISC,SPOKED,0,0,0.0,0.0,278.0,760.0,34.9,300.0,1.0
408.0,67.0,610.0,72.5,150.0,45.0,525.0,73.0,585.0,50.0,40.0,28.6,34.9,23.35,23.35,14.0,9.0,TITANIUM,28.0,45.0,42.0,330.0,350.0,16.0,18.0,False,False,130.0,2.0,0.9,1.1,0.9,1.2,1.0,0.9,680.0,50.0,680.0,50.0,0,0,False,0,3,68.0,45.0,0.0,31.8,True,True,False,False,True,11,2,False,128.0,128.0,128.0,DISC,SPOKED,0,0,0.0,0.0,278.0,760.0,34.9,300.0,1.0
400.0,69.0,590.0,73.5,165.0,45.0,520.0,73.5,580.0,52.0,40.0,28.6,34.9,23.35,23.35,14.0,9.0,TITANIUM,30.0,50.0,40.0,330.0,350.0,16.0,18.0,False,False,130.0,2.0,0.9,1.1,0.9,1.2,1.0,0.9,680.0,50.0,680.0,50.0,0,1,False,0,3,68.0,45.0,0.0,31.8,True,True,False,False,True,11,2,False,128.0,128.0,128.0,DISC,SPOKED,0,0,0.0,0.0,278.0,760.0,34.9,300.0,1.0
410.0,66.0,600.0,73.0,155.0,45.0,515.0,72.5,575.0,48.0,40.0,28.6,34.9,23.35,23.35,14.0,9.0,TITANIUM,32.0,45.0,45.0,330.0,350.0,16.0,18.0,False,False,130.0,2.0,0.9,1.1,0.9,1.2,1.0,0.9,680.0,50.0,680.0,50.0,0,2,False,0,3,68.0,45.0,0.0,31.8,True,True,False,False,True,11,2,False,128.0,128.0,128.0,DISC,SPOKED,0,0,0.0,0.0,278.0,760.0,34.9,300.0,1.0
405.0,68.0,605.0,74.0,160.0,45.0,530.0,73.0,590.0,50.0,40.0,28.6,34.9,23.35,23.35,14.0,9.0,TITANIUM,32.0,48.0,45.0,330.0,350.0,16.0,18.0,False,False,130.0,2.0,0.9,1.1,0.9,1.2,1.0,0.9,680.0,50.0,680.0,50.0,0,0,False,0,3,68.0,45.0,0.0,31.8,True,True,False,False,True,11,2,False,128.0,128.0,128.0,DISC,SPOKED,0,0,0.0,0.0,278.0,760.0,34.9,300.0,1.0
402.0,68.5,620.0,72.0,145.0,45.0,525.0,72.0,570.0,55.0,40.0,28.6,34.9,23.35,23.35,14.0,9.0,TITANIUM,26.0,45.0,35.0,330.0,350.0,16.0,18.0,False,False,130.0,2.0,0.9,1.1,0.9,1.2,1.0,0.9,680.0,50.0,680.0,50.0,0,1,False,0,3,68.0,45.0,0.0,31.8,True,True,False,False,True,11,2,False,128.0,128.0,128.0,DISC,SPOKED,0,0,0.0,0.0,278.0,760.0,34.9,300.0,1.0
415.0,67.5,595.0,73.8,170.0,45.0,520.0,73.2,595.0,47.0,40.0,28.6,34.9,23.35,23.35,14.0,9.0,TITANIUM,34.0,52.0,46.0,330.0,350.0,16.0,18.0,False,False,130.0,2.0,0.9,1.1,0.9,1.2,1.0,0.9,680.0,50.0,680.0,50.0,0,2,False,0,3,68.0,45.0,0.0,31.8,True,True,False,False,True,11,2,False,128.0,128.0,128.0,DISC,SPOKED,0,0,0.0,0.0,278.0,760.0,34.9,300.0,1.0
398.0,69.0,585.0,72.8,150.0,45.0,515.0,72.8,578.0,51.0,40.0,28.6,34.9,23.35,23.35,14.0,9.0,TITANIUM,29.0,47.0,39.0,330.0,350.0,16.0,18.0,False,False,130.0,2.0,0.9,1.1,0.9,1.2,1.0,0.9,680.0,50.0,680.0,50.0,0,0,False,0,3,68.0,45.0,0.0,31.8,True,True,False,False,True,11,2,False,128.0,128.0,128.0,DISC,SPOKED,0,0,0.0,0.0,278.0,760.0,34.9,300.0,1.0
412.0,68.0,615.0,73.2,158.0,45.0,528.0,73.4,588.0,49.0,40.0,28.6,34.9,23.35,23.35,14.0,9.0,TITANIUM,31.0,49.0,43.0,330.0,350.0,16.0,18.0,False,False,130.0,2.0,0.9,1.1,0.9,1.2,1.0,0.9,680.0,50.0,680.0,50.0,0,1,False,0,3,68.0,45.0,0.0,31.8,True,True,False,False,True,11,2,False,128.0,128.0,128.0,DISC,SPOKED,0,0,0.0,0.0,278.0,760.0,34.9,300.0,1.0
407.0,67.0,605.0,74.2,162.0,45.0,522.0,73.1,582.0,53.0,40.0,28.6,34.9,23.35,23.35,14.0,9.0,TITANIUM,33.0,46.0,41.0,330.0,350.0,16.0,18.0,False,False,130.0,2.0,0.9,1.1,0.9,1.2,1.0,0.9,680.0,50.0,680.0,50.0,0,2,False,0,3,68.0,45.0,0.0,31.8,True,True,False,False,True,11,2,False,128.0,128.0,128.0,DISC,SPOKED,0,0,0.0,0.0,278.0,760.0,34.9,300.0,1.0
420.0,70.0,560.0,73.0,160.0,50.0,550.0,73.0,650.0,50.0,40.0,28.6,36.5,36.5,23.35,15.0,9.0,TITANIUM,30.0,20.0,50.0,0.0,0.0,0.0,0.0,False,False,130.0,2.0,0.9,1.1,0.9,1.2,1.0,0.9,672.0,50.0,672.0,50.0,0,0,False,0,3,68.0,45.0,0.0,31.8,False,False,False,False,True,11,2,False,128.0,128.0,128.0,SPOKED,SPOKED,0,0,0.0,0.0,278.0,760.0,34.9,300.0,0.0
415.0,70.0,560.0,72.5,155.0,50.0,545.0,74.0,645.0,52.0,40.0,28.6,36.5,36.5,23.35,15.0,9.0,TITANIUM,30.0,20.0,50.0,0.0,0.0,0.0,0.0,False,False,130.0,2.0,0.9,1.1,0.9,1.2,1.0,0.9,672.0,50.0,672.0,50.0,0,0,False,0,3,68.0,45.0,0.0,31.8,False,False,False,False,True,11,2,False,128.0,128.0,128.0,SPOKED,SPOKED,0,0,0.0,0.0,280.0,765.0,34.9,300.0,0.0
425.0,70.0,570.0,74.0,165.0,50.0,560.0,72.5,655.0,48.0,40.0,28.6,36.5,36.5,23.35,15.0,9.0,TITANIUM,30.0,20.0,50.0,0.0,0.0,0.0,0.0,False,False,130.0,2.0,0.9,1.1,0.9,1.2,1.0,0.9,672.0,50.0,672.0,50.0,0,0,False,0,3,68.0,45.0,0.0,31.8,False,False,False,False,True,11,2,False,128.0,128.0,128.0,SPOKED,SPOKED,0,0,0.0,0.0,282.0,770.0,34.9,300.0,0.0
430.0,70.0,555.0,73.5,150.0,50.0,540.0,73.5,640.0,50.0,40.0,28.6,36.5,36.5,23.35,15.0,9.0,TITANIUM,30.0,20.0,50.0,0.0,0.0,0.0,0.0,False,False,130.0,2.0,0.9,1.1,0.9,1.2,1.0,0.9,672.0,50.0,672.0,50.0,0,0,False,0,3,68.0,45.0,0.0,31.8,False,False,False,False,True,11,2,False,128.0,128.0,128.0,SPOKED,SPOKED,0,0,0.0,0.0,284.0,775.0,34.9,300.0,0.0
410.0,70.0,565.0,72.0,158.0,50.0,555.0,72.5,660.0,50.0,40.0,28.6,36.5,36.5,23.35,15.0,9.0,TITANIUM,30.0,20.0,50.0,0.0,0.0,0.0,0.0,False,False,130.0,2.0,0.9,1.1,0.9,1.2,1.0,0.9,672.0,50.0,672.0,50.0,0,0,False,0,3,68.0,45.0,0.0,31.8,False,False,False,False,True,11,2,False,128.0,128.0,128.0,SPOKED,SPOKED,0,0,0.0,0.0,286.0,780.0,34.9,300.0,0.0
420.0,70.0,565.0,73.2,162.0,50.0,550.0,73.8,648.0,49.0,40.0,28.6,36.5,36.5,23.35,15.0,9.0,TITANIUM,30.0,20.0,50.0,0.0,0.0,0.0,0.0,False,False,130.0,2.0,0.9,1.1,0.9,1.2,1.0,0.9,672.0,50.0,672.0,50.0,0,0,False,0,3,68.0,45.0,0.0,31.8,False,False,False,False,True,11,2,False,128.0,128.0,128.0,SPOKED,SPOKED,0,0,0.0,0.0,288.0,785.0,34.9,300.0,0.0
418.0,70.0,558.0,72.8,157.0,50.0,548.0,73.2,652.0,51.0,40.0,28.6,36.5,36.5,23.35,15.0,9.0,TITANIUM,30.0,20.0,50.0,0.0,0.0,0.0,0.0,False,False,130.0,2.0,0.9,1.1,0.9,1.2,1.0,0.9,672.0,50.0,672.0,50.0,0,0,False,0,3,68.0,45.0,0.0,31.8,False,False,False,False,True,11,2,False,128.0,128.0,128.0,SPOKED,SPOKED,0,0,0.0,0.0,290.0,790.0,34.9,300.0,0.0
427.0,70.0,568.0,73.7,168.0,50.0,558.0,72.9,658.0,47.0,40.0,28.6,36.5,36.5,23.35,15.0,9.0,TITANIUM,30.0,20.0,50.0,0.0,0.0,0.0,0.0,False,False,130.0,2.0,0.9,1.1,0.9,1.2,1.0,0.9,672.0,50.0,672.0,50.0,0,0,False,0,3,68.0,45.0,0.0,31.8,False,False,False,False,True,11,2,False,128.0,128.0,128.0,SPOKED,SPOKED,0,0,0.0,0.0,292.0,795.0,34.9,300.0,0.0
412.0,70.0,562.0,72.3,152.0,50.0,543.0,74.2,642.0,53.0,40.0,28.6,36.5,36.5,23.35,15.0,9.0,TITANIUM,30.0,20.0,50.0,0.0,0.0,0.0,0.0,False,False,130.0,2.0,0.9,1.1,0.9,1.2,1.0,0.9,672.0,50.0,672.0,50.0,0,0,False,0,3,68.0,45.0,0.0,31.8,False,False,False,False,True,11,2,False,128.0,128.0,128.0,SPOKED,SPOKED,0,0,0.0,0.0,294.0,800.0,34.9,300.0,0.0
430.0,70.0,570.0,73.9,170.0,50.0,565.0,73.1,660.0,46.0,40.0,28.6,36.5,36.5,23.35,15.0,9.0,TITANIUM,30.0,20.0,50.0,0.0,0.0,0.0,0.0,False,False,130.0,2.0,0.9,1.1,0.9,1.2,1.0,0.9,672.0,50.0,672.0,50.0,0,0,False,0,3,68.0,45.0,0.0,31.8,False,False,False,False,True,11,2,False,128.0,128.0,128.0,SPOKED,SPOKED,0,0,0.0,0.0,296.0,805.0,34.9,300.0,0.0
400.0,70.0,600.0,73.0,150.0,45.0,580.0,73.5,600.0,45.0,45.0,32.0,36.5,25.0,30.0,15.0,7.0,TITANIUM,40.0,50.0,40.0,0.0,0.0,0.0,0.0,False,False,130.0,2.0,1.5,1.8,1.5,1.2,1.2,1.5,680.0,23.0,680.0,23.0,0,2,False,0,3,68.0,44.0,0.0,34.0,True,True,False,False,True,11,2,False,128.0,128.0,128.0,DISC,SPOKED,0,0,0.0,0.0,280.0,780.0,36.5,330.0,1.0
405.0,65.0,610.0,74.0,160.0,48.0,590.0,74.0,610.0,50.0,50.0,28.0,38.0,26.0,32.0,15.0,8.0,TITANIUM,45.0,55.0,42.0,0.0,0.0,0.0,0.0,False,False,130.0,2.0,1.0,1.8,1.4,1.2,1.2,1.4,680.0,23.0,680.0,23.0,0,2,False,0,3,68.0,46.0,0.0,36.0,False,True,False,False,True,12,2,False,128.0,128.0,128.0,DISC,DISC,0,0,0.0,0.0,290.0,790.0,37.0,340.0,1.0
390.0,75.0,580.0,72.5,140.0,50.0,570.0,73.0,595.0,44.0,45.0,30.0,36.5,26.0,28.0,15.0,7.0,TITANIUM,38.0,52.0,38.0,0.0,0.0,0.0,0.0,False,False,130.0,2.0,1.2,1.6,1.3,1.2,1.1,1.4,680.0,28.0,680.0,28.0,0,2,False,0,3,68.0,48.0,0.0,35.0,False,False,False,False,True,10,2,False,128.0,128.0,128.0,SPOKED,SPOKED,0,0,0.0,0.0,300.0,770.0,36.5,320.0,1.0
420.0,68.0,620.0,74.5,170.0,46.0,600.0,74.0,620.0,48.0,50.0,34.0,38.0,28.0,33.0,15.0,8.0,TITANIUM,48.0,58.0,45.0,0.0,0.0,0.0,0.0,False,False,130.0,2.0,1.5,1.8,1.5,1.3,1.3,1.5,680.0,25.0,680.0,25.0,0,2,False,0,3,70.0,50.0,0.0,36.0,True,True,False,False,True,11,2,False,128.0,128.0,128.0,DISC,DISC,0,0,0.0,0.0,280.0,800.0,37.0,350.0,1.0
415.0,72.0,590.0,73.5,155.0,47.0,585.0,73.5,605.0,47.0,47.0,33.0,36.5,27.0,31.0,15.0,8.0,TITANIUM,43.0,53.0,43.0,0.0,0.0,0.0,0.0,False,False,130.0,2.0,1.3,1.7,1.4,1.2,1.2,1.4,680.0,23.0,680.0,23.0,0,2,False,0,3,68.0,46.0,0.0,35.0,False,True,False,False,True,12,2,False,128.0,128.0,128.0,DISC,SPOKED,0,0,0.0,0.0,290.0,785.0,36.5,335.0,1.0
395.0,65.0,605.0,73.0,150.0,49.0,575.0,74.0,600.0,46.0,48.0,32.0,36.5,26.0,30.0,15.0,7.0,TITANIUM,41.0,54.0,40.0,0.0,0.0,0.0,0.0,False,False,130.0,2.0,1.4,1.7,1.4,1.2,1.2,1.4,680.0,23.0,680.0,23.0,0,2,False,0,3,68.0,47.0,0.0,34.5,True,True,False,False,True,11,2,False,128.0,128.0,128.0,DISC,DISC,0,0,0.0,0.0,285.0,775.0,36.5,340.0,1.0
410.0,70.0,615.0,74.0,160.0,50.0,595.0,73.0,615.0,49.0,50.0,35.0,36.5,28.0,32.0,15.0,8.0,TITANIUM,46.0,56.0,44.0,0.0,0.0,0.0,0.0,False,False,130.0,2.0,1.5,1.8,1.5,1.3,1.2,1.5,680.0,23.0,680.0,23.0,0,2,False,0,3,70.0,49.0,0.0,36.0,False,False,False,False,True,10,2,False,128.0,128.0,128.0,DISC,SPOKED,0,0,0.0,0.0,295.0,790.0,36.5,345.0,1.0
430.0,66.0,625.0,74.5,165.0,45.0,605.0,74.5,620.0,50.0,48.0,34.0,36.5,29.0,33.0,15.0,8.0,TITANIUM,47.0,57.0,45.0,0.0,0.0,0.0,0.0,False,False,130.0,2.0,1.5,1.8,1.5,1.3,1.3,1.5,680.0,23.0,680.0,23.0,0,2,False,0,3,72.0,50.0,0.0,37.0,True,True,False,False,True,11,2,False,128.0,128.0,128.0,DISC,DISC,0,0,0.0,0.0,300.0,800.0,36.5,350.0,1.0
380.0,78.0,595.0,73.0,145.0,49.0,580.0,73.0,590.0,45.0,47.0,30.0,36.5,25.0,29.0,15.0,7.0,TITANIUM,42.0,53.0,39.0,0.0,0.0,0.0,0.0,False,False,130.0,2.0,1.3,1.7,1.3,1.2,1.2,1.4,680.0,23.0,680.0,23.0,0,2,False,0,3,68.0,45.0,0.0,35.0,False,True,False,False,True,12,2,False,128.0,128.0,128.0,DISC,SPOKED,0,0,0.0,0.0,285.0,780.0,36.5,330.0,1.0
395.0,74.0,620.0,74.0,175.0,48.0,600.0,74.0,620.0,48.0,50.0,33.0,36.5,28.0,32.0,15.0,8.0,TITANIUM,50.0,60.0,46.0,0.0,0.0,0.0,0.0,False,False,130.0,2.0,1.5,1.8,1.5,1.3,1.3,1.5,680.0,23.0,680.0,23.0,0,2,False,0,3,70.0,52.0,0.0,37.0,True,True,False,False,True,11,2,False,128.0,128.0,128.0,DISC,DISC,0,0,0.0,0.0,300.0,800.0,36.5,340.0,1.0
420.0,65.0,610.0,73.0,160.0,50.0,580.0,74.0,650.0,45.0,45.0,32.0,36.0,25.0,23.0,13.0,15.0,TITANIUM,32.0,40.0,48.0,330.0,350.0,16.0,18.0,False,False,130.0,2.0,1.0,1.0,1.2,1.0,0.9,1.2,680.0,52.0,680.0,52.0,0,0,False,0,3,68.0,44.0,0.0,31.6,True,True,False,False,True,11,2,False,128.0,128.0,128.0,SPOKED,SPOKED,0,0,0.0,0.0,280.0,780.0,36.0,400.0,1.0
430.0,60.0,620.0,72.5,170.0,55.0,590.0,73.5,655.0,46.0,47.0,33.0,37.0,26.0,24.0,14.0,15.5,TITANIUM,33.0,42.0,47.0,330.0,350.0,16.0,18.0,False,False,130.0,2.0,1.0,1.0,1.2,1.0,0.9,1.2,680.0,52.0,680.0,52.0,0,0,False,0,3,68.0,44.0,0.0,31.6,True,True,False,False,True,11,2,False,128.0,128.0,128.0,SPOKED,SPOKED,0,0,0.0,0.0,285.0,790.0,37.0,420.0,1.0
440.0,62.0,630.0,74.0,180.0,60.0,600.0,74.5,660.0,47.0,46.0,31.0,35.0,27.0,23.5,13.5,16.0,TITANIUM,34.0,44.0,46.0,330.0,350.0,16.0,18.0,False,False,130.0,2.0,1.0,1.0,1.2,1.0,0.9,1.2,680.0,52.0,680.0,52.0,0,0,False,0,3,68.0,44.0,0.0,31.6,True,True,False,False,True,11,2,False,128.0,128.0,128.0,SPOKED,SPOKED,0,0,0.0,0.0,290.0,800.0,35.0,440.0,1.0
425.0,68.0,615.0,73.5,165.0,52.0,585.0,73.0,645.0,45.0,45.0,32.5,36.5,25.5,23.0,13.2,15.2,TITANIUM,31.5,41.0,48.5,330.0,350.0,16.0,18.0,False,False,130.0,2.0,1.0,1.0,1.2,1.0,0.9,1.2,680.0,52.0,680.0,52.0,0,0,False,0,3,68.0,44.0,0.0,31.6,True,True,False,False,True,11,2,False,128.0,128.0,128.0,SPOKED,SPOKED,0,0,0.0,0.0,295.0,805.0,36.5,430.0,1.0
435.0,66.0,625.0,72.0,175.0,58.0,595.0,75.0,670.0,46.5,48.0,34.0,38.0,26.0,24.5,14.5,16.5,TITANIUM,35.0,46.0,49.0,330.0,350.0,16.0,18.0,False,False,130.0,2.0,1.0,1.0,1.2,1.0,0.9,1.2,680.0,52.0,680.0,52.0,0,0,False,0,3,68.0,44.0,0.0,31.6,True,True,False,False,True,11,2,False,128.0,128.0,128.0,SPOKED,SPOKED,0,0,0.0,0.0,300.0,810.0,38.0,450.0,1.0
415.0,64.0,605.0,72.8,155.0,53.0,570.0,74.2,635.0,44.0,45.5,31.5,35.5,25.5,23.5,13.8,15.8,TITANIUM,32.5,39.0,45.5,330.0,350.0,16.0,18.0,False,False,130.0,2.0,1.0,1.0,1.2,1.0,0.9,1.2,680.0,52.0,680.0,52.0,0,0,False,0,3,68.0,44.0,0.0,31.6,True,True,False,False,True,11,2,False,128.0,128.0,128.0,SPOKED,SPOKED,0,0,0.0,0.0,275.0,775.0,35.5,390.0,1.0
445.0,69.0,635.0,73.2,185.0,62.0,605.0,73.8,675.0,48.0,47.5,33.5,37.5,26.5,24.0,14.2,16.2,TITANIUM,36.0,48.0,50.0,330.0,350.0,16.0,18.0,False,False,130.0,2.0,1.0,1.0,1.2,1.0,0.9,1.2,680.0,52.0,680.0,52.0,0,0,False,0,3,68.0,44.0,0.0,31.6,True,True,False,False,True,11,2,False,128.0,128.0,128.0,SPOKED,SPOKED,0,0,0.0,0.0,285.0,800.0,37.5,460.0,1.0
400.0,63.0,600.0,72.2,150.0,50.0,560.0,72.5,620.0,45.5,44.5,32.2,36.2,25.8,23.2,13.3,15.3,TITANIUM,30.0,37.0,44.0,330.0,350.0,16.0,18.0,False,False,130.0,2.0,1.0,1.0,1.2,1.0,0.9,1.2,680.0,52.0,680.0,52.0,0,0,False,0,3,68.0,44.0,0.0,31.6,True,True,False,False,True,11,2,False,128.0,128.0,128.0,SPOKED,SPOKED,0,0,0.0,0.0,280.0,780.0,36.2,410.0,1.0
425.5,67.0,640.0,74.5,190.0,65.0,615.0,74.8,680.0,49.0,49.0,34.5,38.5,26.8,24.8,14.8,16.8,TITANIUM,37.0,50.0,49.5,330.0,350.0,16.0,18.0,False,False,130.0,2.0,1.0,1.0,1.2,1.0,0.9,1.2,680.0,52.0,680.0,52.0,0,0,False,0,3,68.0,44.0,0.0,31.6,True,True,False,False,True,11,2,False,128.0,128.0,128.0,SPOKED,SPOKED,0,0,0.0,0.0,295.0,820.0,38.5,455.0,1.0
435.5,61.0,605.5,72.7,158.0,54.0,575.0,73.7,655.5,46.2,46.2,31.8,35.8,25.2,23.8,13.4,15.4,TITANIUM,31.8,43.0,47.8,330.0,350.0,16.0,18.0,False,False,130.0,2.0,1.0,1.0,1.2,1.0,0.9,1.2,680.0,52.0,680.0,52.0,0,0,False,0,3,68.0,44.0,0.0,31.6,True,True,False,False,True,11,2,False,128.0,128.0,128.0,SPOKED,SPOKED,0,0,0.0,0.0,290.0,790.0,35.8,420.0,1.0
415.0,70.0,590.0,73.5,170.0,45.0,580.0,73.0,600.0,45.0,40.0,28.6,36.5,30.0,23.0,13.0,15.0,TITANIUM,30.0,30.0,40.0,0.0,0.0,0.0,0.0,False,False,130.0,2.0,1.1,1.0,1.1,1.1,1.0,1.2,700.0,78.0,700.0,78.0,0,2,False,0,3,68.0,45.0,10.0,31.8,True,True,False,False,True,11,2,False,128.0,128.0,128.0,SPOKED,SPOKED,0,0,0.0,0.0,280.0,765.0,34.9,300.0,1.0
420.0,75.0,595.0,72.8,165.0,48.0,585.0,72.5,610.0,43.0,40.0,28.6,36.5,30.0,23.0,13.0,15.0,TITANIUM,32.0,32.0,42.0,0.0,0.0,0.0,0.0,False,False,130.0,2.0,1.1,1.0,1.1,1.1,1.0,1.2,700.0,78.0,700.0,78.0,0,2,False,0,3,68.0,45.0,10.0,31.8,True,True,False,False,True,11,2,False,128.0,128.0,128.0,SPOKED,SPOKED,0,0,0.0,0.0,280.0,765.0,34.9,300.0,1.0
410.0,68.0,585.0,73.2,160.0,43.0,575.0,73.5,595.0,47.0,40.0,28.6,36.5,30.0,23.0,13.0,15.0,TITANIUM,28.0,28.0,38.0,0.0,0.0,0.0,0.0,False,False,130.0,2.0,1.1,1.0,1.1,1.1,1.0,1.2,700.0,78.0,700.0,78.0,0,2,False,0,3,68.0,45.0,10.0,31.8,True,True,False,False,True,11,2,False,128.0,128.0,128.0,SPOKED,SPOKED,0,0,0.0,0.0,280.0,765.0,34.9,300.0,1.0
418.0,72.0,598.0,74.0,172.0,46.0,590.0,72.8,605.0,44.0,40.0,28.6,36.5,30.0,23.0,13.0,15.0,TITANIUM,34.0,34.0,44.0,0.0,0.0,0.0,0.0,False,False,130.0,2.0,1.1,1.0,1.1,1.1,1.0,1.2,700.0,78.0,700.0,78.0,0,2,False,0,3,68.0,45.0,10.0,31.8,True,True,False,False,True,11,2,False,128.0,128.0,128.0,SPOKED,SPOKED,0,0,0.0,0.0,280.0,765.0,34.9,300.0,1.0
422.0,70.0,592.0,73.0,168.0,44.0,582.0,73.2,598.0,46.0,40.0,28.6,36.5,30.0,23.0,13.0,15.0,TITANIUM,31.0,31.0,41.0,0.0,0.0,0.0,0.0,False,False,130.0,2.0,1.1,1.0,1.1,1.1,1.0,1.2,700.0,78.0,700.0,78.0,0,2,False,0,3,68.0,45.0,10.0,31.8,True,True,False,False,True,11,2,False,128.0,128.0,128.0,SPOKED,SPOKED,0,0,0.0,0.0,280.0,765.0,34.9,300.0,1.0
412.0,69.0,587.0,72.5,162.0,45.0,578.0,72.6,603.0,46.0,40.0,28.6,36.5,30.0,23.0,13.0,15.0,TITANIUM,29.0,29.0,39.0,0.0,0.0,0.0,0.0,False,False,130.0,2.0,1.1,1.0,1.1,1.1,1.0,1.2,700.0,78.0,700.0,78.0,0,2,False,0,3,68.0,45.0,10.0,31.8,True,True,False,False,True,11,2,False,128.0,128.0,128.0,SPOKED,SPOKED,0,0,0.0,0.0,280.0,765.0,34.9,300.0,1.0
425.0,73.0,600.0,73.7,175.0,47.0,595.0,73.1,612.0,45.0,40.0,28.6,36.5,30.0,23.0,13.0,15.0,TITANIUM,36.0,36.0,46.0,0.0,0.0,0.0,0.0,False,False,130.0,2.0,1.1,1.0,1.1,1.1,1.0,1.2,700.0,78.0,700.0,78.0,0,2,False,0,3,68.0,45.0,10.0,31.8,True,True,False,False,True,11,2,False,128.0,128.0,128.0,SPOKED,SPOKED,0,0,0.0,0.0,280.0,765.0,34.9,300.0,1.0
405.0,67.0,582.0,73.3,158.0,42.0,570.0,72.4,590.0,48.0,40.0,28.6,36.5,30.0,23.0,13.0,15.0,TITANIUM,26.0,26.0,36.0,0.0,0.0,0.0,0.0,False,False,130.0,2.0,1.1,1.0,1.1,1.1,1.0,1.2,700.0,78.0,700.0,78.0,0,2,False,0,3,68.0,45.0,10.0,31.8,True,True,False,False,True,11,2,False,128.0,128.0,128.0,SPOKED,SPOKED,0,0,0.0,0.0,280.0,765.0,34.9,300.0,1.0
430.0,74.0,602.0,74.2,178.0,49.0,600.0,73.6,615.0,44.0,40.0,28.6,36.5,30.0,23.0,13.0,15.0,TITANIUM,37.0,37.0,47.0,0.0,0.0,0.0,0.0,False,False,130.0,2.0,1.1,1.0,1.1,1.1,1.0,1.2,700.0,78.0,700.0,78.0,0,2,False,0,3,68.0,45.0,10.0,31.8,True,True,False,False,True,11,2,False,128.0,128.0,128.0,SPOKED,SPOKED,0,0,0.0,0.0,280.0,765.0,34.9,300.0,1.0
407.0,66.0,580.0,72.9,155.0,41.0,572.0,72.7,592.0,46.0,40.0,28.6,36.5,30.0,23.0,13.0,15.0,TITANIUM,27.0,27.0,37.0,0.0,0.0,0.0,0.0,False,False,130.0,2.0,1.1,1.0,1.1,1.1,1.0,1.2,700.0,78.0,700.0,78.0,0,2,False,0,3,68.0,45.0,10.0,31.8,True,True,False,False,True,11,2,False,128.0,128.0,128.0,SPOKED,SPOKED,0,0,0.0,0.0,280.0,765.0,34.9,300.0,1.0
405.0,70.0,580.0,73.0,160.0,45.0,550.0,73.5,610.0,50.0,40.0,28.6,32.0,25.0,25.0,12.0,15.0,TITANIUM,35.0,35.0,50.0,0.0,0.0,0.0,0.0,False,False,130.0,1.8,1.0,1.2,1.0,1.0,1.0,1.0,672.0,50.0,672.0,50.0,0,0,False,0,3,68.0,45.0,0.0,31.8,False,True,False,False,True,11,2,False,128.0,128.0,128.0,DISC,SPOKED,0,0,0.0,0.0,280.0,800.0,32.0,350.0,1.0
410.0,70.0,585.0,73.2,165.0,50.0,555.0,73.8,615.0,50.0,40.0,28.6,32.0,25.0,25.0,12.0,15.0,TITANIUM,35.0,35.0,50.0,0.0,0.0,0.0,0.0,False,False,130.0,1.8,1.0,1.2,1.0,1.0,1.0,1.0,672.0,50.0,672.0,50.0,0,0,False,0,3,68.0,45.0,0.0,31.8,False,True,False,False,True,11,2,False,128.0,128.0,128.0,DISC,SPOKED,0,0,0.0,0.0,280.0,800.0,32.0,350.0,1.0
415.0,70.0,590.0,73.4,170.0,55.0,560.0,74.0,620.0,50.0,40.0,28.6,32.0,25.0,25.0,12.0,15.0,TITANIUM,35.0,35.0,50.0,0.0,0.0,0.0,0.0,False,False,130.0,1.8,1.0,1.2,1.0,1.0,1.0,1.0,672.0,50.0,672.0,50.0,0,0,False,0,3,68.0,45.0,0.0,31.8,False,True,False,False,True,11,2,False,128.0,128.0,128.0,DISC,SPOKED,0,0,0.0,0.0,280.0,800.0,32.0,350.0,1.0
420.0,70.0,595.0,73.6,175.0,50.0,565.0,74.2,605.0,50.0,40.0,28.6,32.0,25.0,25.0,12.0,15.0,TITANIUM,35.0,35.0,50.0,0.0,0.0,0.0,0.0,False,False,130.0,1.8,1.0,1.2,1.0,1.0,1.0,1.0,672.0,50.0,672.0,50.0,0,0,False,0,3,68.0,45.0,0.0,31.8,False,True,False,False,True,11,2,False,128.0,128.0,128.0,DISC,SPOKED,0,0,0.0,0.0,280.0,800.0,32.0,350.0,1.0
425.0,70.0,600.0,73.8,180.0,45.0,570.0,74.5,610.0,50.0,40.0,28.6,32.0,25.0,25.0,12.0,15.0,TITANIUM,35.0,35.0,50.0,0.0,0.0,0.0,0.0,False,False,130.0,1.8,1.0,1.2,1.0,1.0,1.0,1.0,672.0,50.0,672.0,50.0,0,0,False,0,3,68.0,45.0,0.0,31.8,False,True,False,False,True,11,2,False,128.0,128.0,128.0,DISC,SPOKED,0,0,0.0,0.0,280.0,800.0,32.0,350.0,1.0
430.0,70.0,605.0,74.0,185.0,50.0,575.0,74.8,615.0,50.0,40.0,28.6,32.0,25.0,25.0,12.0,15.0,TITANIUM,35.0,35.0,50.0,0.0,0.0,0.0,0.0,False,False,130.0,1.8,1.0,1.2,1.0,1.0,1.0,1.0,672.0,50.0,672.0,50.0,0,0,False,0,3,68.0,45.0,0.0,31.8,False,True,False,False,True,11,2,False,128.0,128.0,128.0,DISC,SPOKED,0,0,0.0,0.0,280.0,800.0,32.0,350.0,1.0
435.0,70.0,610.0,74.2,190.0,55.0,580.0,75.0,620.0,50.0,40.0,28.6,32.0,25.0,25.0,12.0,15.0,TITANIUM,35.0,35.0,50.0,0.0,0.0,0.0,0.0,False,False,130.0,1.8,1.0,1.2,1.0,1.0,1.0,1.0,672.0,50.0,672.0,50.0,0,0,False,0,3,68.0,45.0,0.0,31.8,False,True,False,False,True,11,2,False,128.0,128.0,128.0,DISC,SPOKED,0,0,0.0,0.0,280.0,800.0,32.0,350.0,1.0
440.0,70.0,615.0,74.4,195.0,60.0,585.0,75.2,605.0,50.0,40.0,28.6,32.0,25.0,25.0,12.0,15.0,TITANIUM,35.0,35.0,50.0,0.0,0.0,0.0,0.0,False,False,130.0,1.8,1.0,1.2,1.0,1.0,1.0,1.0,672.0,50.0,672.0,50.0,0,0,False,0,3,68.0,45.0,0.0,31.8,False,True,False,False,True,11,2,False,128.0,128.0,128.0,DISC,SPOKED,0,0,0.0,0.0,280.0,800.0,32.0,350.0,1.0
445.0,70.0,620.0,74.6,200.0,55.0,590.0,75.5,610.0,50.0,40.0,28.6,32.0,25.0,25.0,12.0,15.0,TITANIUM,35.0,35.0,50.0,0.0,0.0,0.0,0.0,False,False,130.0,1.8,1.0,1.2,1.0,1.0,1.0,1.0,672.0,50.0,672.0,50.0,0,0,False,0,3,68.0,45.0,0.0,31.8,False,True,False,False,True,11,2,False,128.0,128.0,128.0,DISC,SPOKED,0,0,0.0,0.0,280.0,800.0,32.0,350.0,1.0
450.0,70.0,625.0,74.8,205.0,60.0,595.0,76.0,615.0,50.0,40.0,28.6,32.0,25.0,25.0,12.0,15.0,TITANIUM,35.0,35.0,50.0,0.0,0.0,0.0,0.0,False,False,130.0,1.8,1.0,1.2,1.0,1.0,1.0,1.0,672.0,50.0,672.0,50.0,0,0,False,0,3,68.0,45.0,0.0,31.8,False,True,False,False,True,11,2,False,128.0,128.0,128.0,DISC,SPOKED,0,0,0.0,0.0,280.0,800.0,32.0,350.0,1.0
410.0,70.0,610.0,73.0,160.0,45.0,580.0,74.0,650.0,45.0,45.0,45.0,28.6,36.5,23.35,15.0,15.0,TITANIUM,35.0,50.0,45.0,330.0,350.0,16.0,18.0,False,False,130.0,2.0,0.9,1.1,0.9,1.2,1.0,0.9,680.0,110.0,680.0,110.0,0,0,False,0,1,68.0,45.0,0.0,31.8,True,True,False,False,True,11,2,False,128.0,128.0,128.0,DISC,SPOKED,0,0,80.0,80.0,278.0,760.0,34.9,300.0,1.0
400.0,75.0,600.0,72.0,150.0,45.0,570.0,73.0,645.0,50.0,40.0,40.0,28.6,36.5,23.35,15.0,15.0,TITANIUM,30.0,45.0,40.0,330.0,350.0,16.0,18.0,False,False,130.0,2.0,0.9,1.1,0.9,1.2,1.0,0.9,680.0,110.0,680.0,110.0,0,0,False,0,1,68.0,45.0,0.0,31.8,True,False,False,False,True,11,2,False,120.0,120.0,120.0,TRISPOKE,SPOKED,1,0,100.0,80.0,278.0,750.0,34.9,300.0,1.0
420.0,70.0,620.0,74.0,170.0,45.0,590.0,75.0,660.0,45.0,45.0,50.0,28.6,36.5,23.35,15.0,15.0,TITANIUM,40.0,55.0,50.0,330.0,350.0,16.0,18.0,False,False,130.0,2.0,0.9,1.2,0.9,1.3,1.0,1.0,680.0,110.0,680.0,110.0,0,0,False,0,1,68.0,50.0,0.0,33.0,True,True,False,False,True,12,2,False,110.0,110.0,110.0,TRISPOKE,TRISPOKE,1,1,100.0,100.0,280.0,770.0,35.0,310.0,1.0
405.0,70.0,605.0,73.5,155.0,45.0,585.0,74.0,655.0,48.0,45.0,45.0,28.6,36.5,25.0,15.0,15.0,TITANIUM,32.0,52.0,48.0,330.0,350.0,16.0,18.0,True,False,130.0,2.0,0.9,1.1,0.9,1.2,1.0,0.9,680.0,110.0,680.0,110.0,0,0,True,2,1,68.0,45.0,0.0,31.8,True,True,False,False,True,11,2,True,130.0,130.0,130.0,DISC,DISC,0,0,80.0,80.0,279.0,765.0,34.9,305.0,1.0
415.0,68.0,615.0,72.5,165.0,45.0,590.0,74.5,660.0,47.0,42.0,48.0,28.6,36.5,23.35,15.0,15.0,TITANIUM,38.0,54.0,47.0,330.0,350.0,16.0,18.0,False,True,130.0,2.0,0.9,1.1,0.95,1.2,1.0,0.95,680.0,110.0,680.0,110.0,0,0,False,0,1,68.0,45.0,0.0,31.8,True,True,True,True,True,12,2,False,140.0,140.0,140.0,SPOKED,DISC,0,0,80.0,80.0,280.0,780.0,34.9,300.0,1.0
395.0,70.0,590.0,73.0,145.0,45.0,565.0,73.5,640.0,52.0,45.0,45.0,28.6,36.5,23.35,15.0,15.0,TITANIUM,29.0,47.0,43.0,330.0,350.0,16.0,18.0,False,False,130.0,2.0,0.9,1.1,0.9,1.2,1.0,0.9,680.0,110.0,680.0,110.0,0,1,False,1,2,68.0,45.0,0.0,31.8,True,False,False,False,True,11,1,False,125.0,125.0,125.0,SPOKED,SPOKED,0,0,80.0,80.0,275.0,740.0,34.9,290.0,1.0
410.0,74.0,630.0,73.0,180.0,45.0,600.0,75.0,670.0,45.0,50.0,45.0,28.6,36.5,23.35,15.0,15.0,TITANIUM,50.0,60.0,55.0,330.0,350.0,16.0,18.0,True,False,130.0,2.0,0.9,1.1,0.9,1.2,1.0,0.9,680.0,110.0,680.0,110.0,0,0,True,0,0,68.0,50.0,0.0,32.0,True,False,False,False,True,11,2,False,140.0,140.0,140.0,DISC,SPOKED,0,0,80.0,80.0,282.0,790.0,35.0,315.0,1.0
405.0,70.0,600.0,72.0,160.0,45.0,575.0,73.0,650.0,50.0,45.0,45.0,28.6,36.5,23.35,15.0,15.0,TITANIUM,35.0,50.0,45.0,330.0,350.0,16.0,18.0,False,False,130.0,2.0,0.9,1.1,0.9,1.2,1.0,0.9,680.0,110.0,680.0,110.0,0,0,False,1,1,68.0,45.0,0.0,31.8,False,True,False,False,True,11,2,True,100.0,100.0,100.0,SPOKED,TRISPOKE,0,1,80.0,100.0,276.0,755.0,34.9,305.0,1.0
415.0,75.0,620.0,74.5,170.0,45.0,595.0,74.0,665.0,45.0,45.0,45.0,28.6,36.5,23.35,15.0,15.0,TITANIUM,40.0,55.0,50.0,330.0,350.0,16.0,18.0,False,False,130.0,2.0,0.95,1.1,0.9,1.25,1.0,0.95,680.0,110.0,680.0,110.0,0,0,False,2,0,68.0,45.0,0.0,31.8,True,True,True,False,True,12,3,False,110.0,110.0,110.0,TRISPOKE,TRISPOKE,1,1,90.0,90.0,283.0,795.0,35.0,310.0,1.0
400.0,70.0,605.0,73.3,158.0,45.0,580.0,74.0,655.0,48.0,45.0,46.0,28.6,36.5,23.35,15.0,15.0,TITANIUM,34.0,51.0,49.0,330.0,350.0,16.0,18.0,True,True,130.0,2.0,0.9,1.1,0.9,1.2,1.0,0.9,680.0,110.0,680.0,110.0,0,0,False,0,1,68.0,45.0,0.0,31.8,True,True,False,True,True,11,2,False,115.0,115.0,115.0,SPOKED,SPOKED,0,0,80.0,80.0,279.0,760.0,34.9,300.0,2.0
400.0,75.0,580.0,73.0,120.0,60.0,560.0,73.0,630.0,45.0,50.0,30.0,38.0,25.0,26.0,15.0,14.0,TITANIUM,15.0,40.0,50.0,0.0,0.0,0.0,0.0,False,False,130.0,1.2,1.0,1.1,1.0,1.2,1.0,1.1,674.0,52.0,674.0,52.0,0,0,False,0,3,68.0,50.0,0.0,31.8,False,True,False,False,True,11,2,False,128.0,128.0,128.0,SPOKED,SPOKED,0,0,0.0,0.0,280.0,720.0,35.0,740.0,1.0
405.0,76.0,586.0,73.1,125.0,70.0,567.0,73.5,634.0,47.0,53.0,32.0,39.0,27.0,28.0,20.0,14.0,TITANIUM,17.0,45.0,52.0,0.0,0.0,0.0,0.0,False,False,130.0,1.2,1.0,1.1,1.0,1.2,1.0,1.1,674.0,52.0,674.0,52.0,0,1,False,0,3,68.0,53.0,0.0,31.8,False,True,False,False,True,11,2,False,128.0,128.0,128.0,SPOKED,SPOKED,0,0,0.0,0.0,280.0,720.0,35.0,740.0,1.0
410.0,77.0,592.0,73.2,130.0,80.0,574.0,73.0,638.0,49.0,56.0,34.0,40.0,29.0,30.0,25.0,14.0,TITANIUM,19.0,50.0,54.0,0.0,0.0,0.0,0.0,False,False,130.0,1.2,1.0,1.1,1.0,1.2,1.0,1.1,674.0,52.0,674.0,52.0,0,2,False,0,3,68.0,56.0,0.0,31.8,False,True,False,False,True,11,2,False,128.0,128.0,128.0,SPOKED,SPOKED,0,0,0.0,0.0,280.0,720.0,35.0,740.0,1.0
415.0,78.0,598.0,73.3,135.0,90.0,581.0,73.5,642.0,51.0,59.0,30.0,38.0,31.0,32.0,30.0,14.0,TITANIUM,15.0,55.0,56.0,0.0,0.0,0.0,0.0,False,False,130.0,1.2,1.0,1.1,1.0,1.2,1.0,1.1,674.0,52.0,674.0,52.0,0,0,False,0,3,68.0,50.0,0.0,31.8,False,True,False,False,True,11,2,False,128.0,128.0,128.0,SPOKED,SPOKED,0,0,0.0,0.0,280.0,720.0,35.0,740.0,1.0
420.0,79.0,604.0,73.4,140.0,100.0,588.0,73.0,646.0,53.0,50.0,32.0,39.0,33.0,34.0,15.0,14.0,TITANIUM,17.0,40.0,58.0,0.0,0.0,0.0,0.0,False,False,130.0,1.2,1.0,1.1,1.0,1.2,1.0,1.1,674.0,52.0,674.0,52.0,0,1,False,0,3,68.0,53.0,0.0,31.8,False,True,False,False,True,11,2,False,128.0,128.0,128.0,SPOKED,SPOKED,0,0,0.0,0.0,280.0,720.0,35.0,740.0,1.0
425.0,80.0,610.0,73.5,145.0,110.0,595.0,73.5,650.0,45.0,53.0,34.0,40.0,25.0,26.0,20.0,14.0,TITANIUM,19.0,45.0,50.0,0.0,0.0,0.0,0.0,False,False,130.0,1.2,1.0,1.1,1.0,1.2,1.0,1.1,674.0,52.0,674.0,52.0,0,2,False,0,3,68.0,56.0,0.0,31.8,False,True,False,False,True,11,2,False,128.0,128.0,128.0,SPOKED,SPOKED,0,0,0.0,0.0,280.0,720.0,35.0,740.0,1.0
430.0,81.0,616.0,73.6,150.0,120.0,602.0,73.0,654.0,47.0,56.0,30.0,38.0,27.0,28.0,25.0,14.0,TITANIUM,15.0,50.0,54.0,0.0,0.0,0.0,0.0,False,False,130.0,1.2,1.0,1.1,1.0,1.2,1.0,1.1,674.0,52.0,674.0,52.0,0,0,False,0,3,68.0,50.0,0.0,31.8,False,True,False,False,True,11,2,False,128.0,128.0,128.0,SPOKED,SPOKED,0,0,0.0,0.0,280.0,720.0,35.0,740.0,1.0
435.0,82.0,622.0,73.7,155.0,130.0,609.0,73.5,658.0,49.0,59.0,32.0,39.0,29.0,30.0,30.0,14.0,TITANIUM,17.0,55.0,54.0,0.0,0.0,0.0,0.0,False,False,130.0,1.2,1.0,1.1,1.0,1.2,1.0,1.1,674.0,52.0,674.0,52.0,0,1,False,0,3,68.0,53.0,0.0,31.8,False,True,False,False,True,11,2,False,128.0,128.0,128.0,SPOKED,SPOKED,0,0,0.0,0.0,280.0,720.0,35.0,740.0,1.0
440.0,83.0,628.0,73.8,160.0,140.0,616.0,73.0,662.0,51.0,50.0,34.0,40.0,31.0,32.0,15.0,14.0,TITANIUM,19.0,40.0,56.0,0.0,0.0,0.0,0.0,False,False,130.0,1.2,1.0,1.1,1.0,1.2,1.0,1.1,674.0,52.0,674.0,52.0,0,2,False,0,3,68.0,56.0,0.0,31.8,False,True,False,False,True,11,2,False,128.0,128.0,128.0,SPOKED,SPOKED,0,0,0.0,0.0,280.0,720.0,35.0,740.0,1.0
445.0,84.0,634.0,73.9,165.0,150.0,623.0,73.5,666.0,53.0,53.0,30.0,38.0,33.0,34.0,20.0,14.0,TITANIUM,15.0,45.0,58.0,0.0,0.0,0.0,0.0,False,False,130.0,1.2,1.0,1.1,1.0,1.2,1.0,1.1,674.0,52.0,674.0,52.0,0,0,False,0,3,68.0,50.0,0.0,31.8,False,True,False,False,True,11,2,False,128.0,128.0,128.0,SPOKED,SPOKED,0,0,0.0,0.0,280.0,720.0,35.0,740.0,1.0
410.0,70.0,580.0,73.5,160.0,45.0,550.0,73.0,620.0,40.0,40.0,33.6,28.6,36.5,23.35,15.0,9.0,TITANIUM,20.0,40.0,45.0,330.0,350.0,16.0,18.0,False,False,130.0,2.0,1.1,1.0,1.2,1.0,1.0,1.0,700.0,50.0,700.0,50.0,0,0,False,0,3,68.0,45.0,31.8,31.8,True,True,False,False,True,11,2,False,128.0,128.0,128.0,DISC,SPOKED,0,0,0.0,0.0,300.0,755.0,34.9,330.0,1.0
405.0,65.0,575.0,73.0,165.0,50.0,560.0,72.5,630.0,45.0,45.0,32.0,29.0,36.5,23.35,15.0,9.0,TITANIUM,22.0,38.0,48.0,330.0,350.0,16.0,18.0,False,False,135.0,2.0,1.1,1.0,1.2,1.0,1.0,1.0,685.0,50.0,685.0,50.0,0,1,False,0,3,68.0,45.0,31.8,31.8,True,True,False,False,True,11,2,False,128.0,128.0,128.0,DISC,TRISPOKE,1,0,50.0,0.0,295.0,750.0,34.9,335.0,1.0
420.0,75.0,590.0,74.0,155.0,46.0,545.0,73.2,625.0,40.0,40.0,33.6,28.6,36.5,23.35,15.0,9.0,TITANIUM,18.0,42.0,43.0,330.0,350.0,16.0,18.0,False,False,130.0,2.0,1.1,1.0,1.2,1.0,1.0,1.0,695.0,50.0,695.0,50.0,0,2,False,0,3,68.0,45.0,31.8,31.8,True,True,False,False,True,12,2,False,120.0,120.0,120.0,DISC,SPOKED,0,1,0.0,50.0,305.0,760.0,34.9,330.0,1.0
410.0,70.0,560.0,72.5,170.0,48.0,555.0,72.8,635.0,42.0,42.0,34.0,28.6,36.5,23.35,15.0,9.0,TITANIUM,21.0,41.0,46.0,330.0,350.0,16.0,18.0,False,False,130.0,2.0,1.1,1.0,1.2,1.0,1.0,1.0,700.0,50.0,700.0,50.0,0,0,False,0,3,68.0,45.0,31.8,31.8,True,True,False,False,True,11,1,False,130.0,130.0,130.0,DISC,TRISPOKE,1,0,60.0,0.0,302.0,752.0,34.9,325.0,1.0
415.0,68.0,570.0,73.0,162.0,47.0,548.0,73.0,622.0,40.0,40.0,33.6,28.6,36.5,23.35,15.0,9.0,TITANIUM,19.0,39.0,44.0,330.0,350.0,16.0,18.0,False,False,130.0,2.0,1.1,1.0,1.2,1.0,1.0,1.0,680.0,50.0,680.0,50.0,0,0,False,0,3,68.0,45.0,31.8,31.8,True,True,False,False,True,11,2,False,140.0,140.0,140.0,DISC,DISC,0,0,0.0,0.0,299.0,758.0,34.9,340.0,1.0
430.0,72.0,600.0,74.2,158.0,44.0,540.0,73.5,640.0,40.0,40.0,33.6,28.6,36.5,23.35,15.0,9.0,TITANIUM,17.0,37.0,42.0,330.0,350.0,16.0,18.0,False,False,130.0,2.0,1.1,1.0,1.2,1.0,1.0,1.0,710.0,52.0,710.0,52.0,0,0,False,0,1,68.0,45.0,31.8,31.8,True,True,False,False,True,12,2,False,150.0,150.0,150.0,DISC,SPOKED,0,0,0.0,0.0,310.0,765.0,35.2,350.0,1.0
420.0,68.0,585.0,73.8,168.0,46.0,555.0,72.7,630.0,42.0,45.0,32.0,29.0,36.5,23.35,15.0,9.0,TITANIUM,23.0,43.0,47.0,330.0,350.0,16.0,18.0,False,False,135.0,2.0,1.1,1.0,1.2,1.0,1.0,1.0,690.0,50.0,690.0,50.0,0,0,False,0,2,68.0,45.0,31.8,31.8,True,True,False,False,True,10,1,False,110.0,110.0,110.0,DISC,TRISPOKE,1,0,70.0,0.0,305.0,757.0,34.9,328.0,1.0
400.0,65.0,565.0,72.9,172.0,49.0,565.0,72.5,625.0,44.0,42.0,34.0,28.6,36.5,23.35,15.0,9.0,TITANIUM,24.0,45.0,48.0,330.0,350.0,16.0,18.0,False,False,130.0,2.0,1.0,1.0,1.2,1.0,1.0,1.0,675.0,49.0,675.0,49.0,0,0,False,0,1,68.0,45.0,31.8,31.8,True,True,False,False,True,11,2,False,90.0,90.0,90.0,DISC,SPOKED,0,0,0.0,0.0,300.0,750.0,34.9,340.0,1.0
395.0,68.0,550.0,73.1,175.0,47.0,550.0,73.0,615.0,42.0,40.0,33.6,28.6,36.5,23.35,15.0,9.0,TITANIUM,20.0,40.0,45.0,330.0,350.0,16.0,18.0,False,False,130.0,2.0,1.0,1.0,1.2,1.0,1.0,1.0,710.0,54.0,710.0,54.0,0,0,False,0,0,68.0,45.0,31.8,31.8,True,True,False,False,True,11,1,False,125.0,125.0,125.0,DISC,DISC,0,0,0.0,0.0,298.0,748.0,34.9,330.0,1.0
445.0,70.0,605.0,74.5,160.0,45.0,540.0,73.4,650.0,40.0,40.0,33.6,28.6,36.5,23.35,15.0,9.0,TITANIUM,19.0,38.0,42.0,330.0,350.0,16.0,18.0,False,False,135.0,2.0,1.0,1.0,1.2,1.0,1.0,1.0,720.0,50.0,720.0,50.0,0,0,False,0,1,68.0,45.0,31.8,31.8,True,True,False,False,True,12,2,False,135.0,135.0,135.0,DISC,SPOKED,0,0,0.0,0.0,315.0,770.0,34.9,360.0,1.0
395.0,70.0,620.0,73.0,150.0,45.0,520.0,73.5,650.0,45.0,45.0,28.6,36.5,23.35,23.35,13.0,15.0,TITANIUM,30.0,48.0,48.0,330.0,350.0,16.0,18.0,False,False,130.0,2.0,2.0,2.0,2.0,2.0,2.0,674.0,52.0,674.0,52.0,0.0,0,False,0,0,3,68.0,45.0,692.0,31.8,True,True,False,False,True,11,2,False,128.0,128.0,128.0,DISC,DISC,0,0,0.0,0.0,280.0,740.0,34.9,300.0,0.0
400.0,70.0,630.0,74.0,160.0,48.0,525.0,74.0,655.0,50.0,40.0,30.0,38.0,23.35,23.35,13.0,16.0,TITANIUM,32.0,46.0,50.0,330.0,350.0,16.0,18.0,False,False,135.0,2.0,2.0,2.0,2.0,2.0,2.0,674.0,52.0,674.0,52.0,0.0,1,False,0,0,3,68.0,45.0,692.0,31.8,True,True,False,False,True,11,2,False,128.0,128.0,128.0,DISC,DISC,0,0,0.0,0.0,280.0,740.0,34.9,300.0,0.0
410.0,65.0,615.0,72.0,145.0,50.0,515.0,73.0,645.0,45.0,45.0,29.0,35.0,23.35,23.35,13.0,14.0,TITANIUM,28.0,50.0,45.0,330.0,350.0,16.0,18.0,False,False,130.0,2.0,2.0,2.0,2.0,2.0,2.0,674.0,52.0,674.0,52.0,0.0,2,False,0,0,3,68.0,45.0,692.0,31.8,True,True,False,False,True,11,2,False,128.0,128.0,128.0,DISC,SPOKED,0,0,0.0,0.0,280.0,740.0,34.9,300.0,0.0
390.0,75.0,635.0,73.5,155.0,46.0,530.0,72.5,660.0,48.0,50.0,32.0,36.0,23.35,23.35,13.0,15.0,TITANIUM,35.0,47.0,52.0,330.0,350.0,16.0,18.0,False,False,130.0,2.0,2.0,2.0,2.0,2.0,2.0,674.0,52.0,674.0,52.0,0.0,0,False,0,0,3,68.0,45.0,692.0,31.8,False,True,False,False,True,11,2,False,128.0,128.0,128.0,DISC,DISC,0,0,0.0,0.0,280.0,740.0,34.9,300.0,0.0
405.0,68.0,605.0,74.0,140.0,47.0,510.0,74.5,635.0,45.0,45.0,28.6,36.5,23.35,23.35,13.0,15.0,TITANIUM,29.0,48.0,46.0,330.0,350.0,16.0,18.0,False,False,130.0,2.0,2.0,2.0,2.0,2.0,2.0,674.0,52.0,674.0,52.0,0.0,1,False,0,0,3,68.0,45.0,692.0,31.8,True,True,False,False,True,11,2,True,128.0,128.0,128.0,DISC,DISC,0,0,0.0,0.0,280.0,740.0,34.9,300.0,0.0
420.0,70.0,650.0,71.5,170.0,45.0,535.0,72.0,665.0,50.0,45.0,29.0,37.0,23.35,23.35,13.0,16.0,TITANIUM,34.0,52.0,55.0,330.0,350.0,16.0,18.0,False,False,135.0,2.0,2.0,2.0,2.0,2.0,2.0,674.0,52.0,674.0,52.0,0.0,2,False,0,0,3,68.0,45.0,692.0,31.8,True,True,True,False,True,11,2,False,128.0,128.0,128.0,DISC,DISC,0,0,0.0,0.0,280.0,740.0,34.9,300.0,0.0
385.0,72.0,610.0,75.0,135.0,44.0,505.0,75.0,630.0,45.0,45.0,28.6,36.5,23.35,23.35,13.0,15.0,TITANIUM,27.0,45.0,43.0,330.0,350.0,16.0,18.0,False,False,130.0,2.0,2.0,2.0,2.0,2.0,2.0,674.0,52.0,674.0,52.0,0.0,0,False,0,0,3,68.0,45.0,692.0,31.8,True,True,False,True,True,11,2,False,128.0,128.0,128.0,DISC,DISC,0,0,0.0,0.0,280.0,740.0,34.9,300.0,0.0
395.0,69.0,625.0,73.0,150.0,49.0,520.0,73.0,650.0,45.0,45.0,31.0,36.0,23.35,23.35,13.0,15.0,TITANIUM,31.0,49.0,49.0,330.0,350.0,16.0,18.0,False,False,130.0,2.0,2.0,2.0,2.0,2.0,2.0,674.0,52.0,674.0,52.0,0.0,1,False,0,0,3,68.0,45.0,692.0,31.8,True,True,False,False,False,11,2,False,128.0,128.0,128.0,DISC,DISC,0,0,0.0,0.0,280.0,740.0,34.9,300.0,0.0
415.0,70.0,635.0,72.5,155.0,48.0,540.0,73.5,655.0,50.0,45.0,28.6,36.5,23.35,23.35,13.0,15.0,TITANIUM,30.0,51.0,51.0,330.0,350.0,16.0,18.0,False,False,135.0,2.0,2.0,2.0,2.0,2.0,2.0,674.0,52.0,674.0,52.0,0.0,1,False,0,0,3,68.0,45.0,692.0,31.8,True,True,False,False,True,11,2,False,128.0,128.0,128.0,DISC,DISC,0,0,0.0,0.0,280.0,740.0,34.9,300.0,1.0
420.0,75.0,610.0,73.0,180.0,40.0,560.0,74.0,645.0,45.0,40.0,28.6,33.6,36.5,23.35,13.0,15.0,TITANIUM,35.0,35.0,45.0,330.0,350.0,16.0,18.0,False,False,130.0,2.0,1.0,1.0,1.0,1.0,1.0,1.0,680.0,52.0,680.0,52.0,0,2,False,0,3,68.0,45.0,31.8,30.0,True,True,False,False,True,11,2,False,128.0,128.0,128.0,DISC,SPOKED,1,1,80.0,80.0,280.0,740.0,34.9,330.0,0.0
425.0,70.0,600.0,72.5,170.0,45.0,570.0,73.5,650.0,50.0,40.0,28.6,33.6,36.5,23.35,13.5,16.0,TITANIUM,33.0,36.0,44.0,330.0,350.0,16.0,18.0,False,False,130.0,2.0,1.0,1.0,1.0,1.0,1.0,1.0,680.0,52.0,680.0,52.0,0,1,False,0,3,68.0,45.0,31.8,30.0,True,True,False,False,True,11,2,False,169.0,169.0,169.0,DISC,DISC,0,0,0.0,0.0,280.0,695.0,34.9,330.0,0.0
415.0,72.0,615.0,73.2,185.0,42.0,565.0,74.2,648.0,48.0,40.0,28.6,33.6,36.5,23.35,13.2,15.5,TITANIUM,34.0,36.0,46.0,330.0,350.0,16.0,18.0,False,False,130.0,2.0,1.0,1.0,1.0,1.0,1.0,1.0,680.0,52.0,680.0,52.0,0,2,False,0,3,68.0,45.0,31.8,30.0,True,False,False,False,True,12,2,False,100.0,100.0,100.0,DISC,SPOKED,0,1,0.0,80.0,290.0,750.0,34.9,340.0,0.0
430.0,68.0,605.0,72.8,175.0,43.0,575.0,73.8,655.0,46.0,40.0,28.6,33.6,36.5,23.35,13.3,15.2,TITANIUM,32.0,34.0,44.5,330.0,350.0,16.0,18.0,False,False,130.0,2.0,1.0,1.0,1.0,1.0,1.0,1.0,680.0,52.0,680.0,52.0,0,0,False,0,3,68.0,45.0,31.8,30.0,False,True,False,False,True,11,1,False,150.0,150.0,150.0,SPOKED,DISC,1,0,80.0,0.0,285.0,745.0,34.9,335.0,0.0
425.0,70.0,620.0,73.5,190.0,41.0,580.0,74.5,660.0,44.0,40.0,28.6,33.6,36.5,23.35,13.4,15.8,TITANIUM,36.0,37.0,47.0,330.0,350.0,16.0,18.0,False,False,130.0,2.0,1.0,1.0,1.0,1.0,1.0,1.0,680.0,52.0,680.0,52.0,0,1,False,0,3,68.0,45.0,31.8,30.0,True,True,False,False,True,12,2,False,200.0,200.0,200.0,DISC,SPOKED,0,1,0.0,80.0,295.0,755.0,34.9,345.0,0.0
418.0,73.0,618.0,73.1,182.0,42.5,565.0,74.1,650.0,48.0,40.0,28.6,33.6,36.5,23.35,13.1,15.3,TITANIUM,34.5,36.5,46.5,330.0,350.0,16.0,18.0,False,False,130.0,2.0,1.0,1.0,1.0,1.0,1.0,1.0,680.0,52.0,680.0,52.0,0,2,False,0,3,68.0,45.0,31.8,30.0,False,True,False,False,True,10,2,False,180.0,180.0,180.0,SPOKED,SPOKED,1,1,80.0,80.0,290.0,748.0,34.9,338.0,1.0
412.0,71.0,605.0,72.9,178.0,44.0,575.0,73.9,652.0,47.0,40.0,28.6,33.6,36.5,23.35,13.6,15.6,TITANIUM,32.5,35.5,45.5,330.0,350.0,16.0,18.0,False,False,130.0,2.0,1.0,1.0,1.0,1.0,1.0,1.0,680.0,52.0,680.0,52.0,0,0,False,0,3,68.0,45.0,31.8,30.0,False,False,False,False,True,11,1,False,160.0,160.0,160.0,DISC,DISC,0,0,0.0,0.0,275.0,735.0,34.9,325.0,2.0
435.0,69.0,622.0,73.3,188.0,41.5,565.0,74.3,658.0,46.5,40.0,28.6,33.6,36.5,23.35,13.4,15.4,TITANIUM,35.5,36.2,47.2,330.0,350.0,16.0,18.0,False,False,130.0,2.0,1.0,1.0,1.0,1.0,1.0,1.0,680.0,52.0,680.0,52.0,0,1,False,0,3,68.0,45.0,31.8,30.0,True,False,False,False,True,12,2,False,192.0,192.0,192.0,SPOKED,SPOKED,1,1,85.0,85.0,300.0,760.0,34.9,350.0,1.0
410.0,74.0,608.0,72.7,172.0,43.5,580.0,73.7,642.0,49.0,40.0,28.6,33.6,36.5,23.35,13.2,15.1,TITANIUM,33.5,35.0,45.7,330.0,350.0,16.0,18.0,False,False,130.0,2.0,1.0,1.0,1.0,1.0,1.0,1.0,680.0,52.0,680.0,52.0,0,2,False,0,3,68.0,45.0,31.8,30.0,True,True,False,False,True,11,2,False,120.0,120.0,120.0,DISC,SPOKED,0,1,0.0,80.0,285.0,742.0,34.9,332.0,0.0
420.0,65.0,590.0,72.5,140.0,45.0,550.0,73.0,610.0,45.0,42.0,30.0,34.0,23.0,23.0,13.0,15.0,TITANIUM,35.0,45.0,50.0,0.0,0.0,0.0,0.0,False,False,130.0,2.0,1.0,1.0,1.0,1.0,1.0,1.0,680.0,121.0,680.0,121.0,0,2,False,0,3,68.0,45.0,0.0,31.8,False,True,False,False,True,11,2,False,128.0,128.0,128.0,DISC,TRISPOKE,0,1,0.0,90.0,280.0,760.0,34.9,300.0,1.0
425.0,66.0,595.0,73.0,145.0,46.0,555.0,72.5,615.0,45.0,42.0,30.0,35.0,23.0,23.5,14.0,15.0,TITANIUM,36.0,46.0,51.0,0.0,0.0,0.0,0.0,False,False,130.0,2.0,1.0,1.0,1.0,1.0,1.0,1.0,685.0,122.0,680.0,121.0,0,2,False,0,1,68.0,45.0,0.0,31.8,False,True,False,False,True,11,2,False,128.0,128.0,128.0,DISC,SPOKED,0,0,0.0,80.0,285.0,765.0,35.0,300.0,1.0
430.0,67.0,600.0,73.5,150.0,47.0,560.0,73.0,620.0,45.0,42.0,31.0,34.0,23.5,23.0,13.5,16.0,TITANIUM,35.5,47.0,51.5,0.0,0.0,0.0,0.0,False,False,130.0,2.0,1.0,1.0,1.0,1.0,1.0,1.0,680.0,121.0,680.0,121.0,0,2,False,0,0,68.0,45.0,0.0,31.8,False,True,False,False,True,11,2,False,128.0,128.0,128.0,DISC,TRISPOKE,0,1,0.0,90.0,290.0,770.0,34.9,300.0,1.0
435.0,68.0,605.0,74.0,155.0,48.0,565.0,72.0,625.0,45.0,42.0,30.0,34.0,23.0,23.0,13.0,15.0,TITANIUM,36.0,48.0,52.0,0.0,0.0,0.0,0.0,False,False,130.0,2.0,1.0,1.0,1.0,1.0,1.0,1.0,680.0,121.0,680.0,121.0,0,2,False,0,1,68.0,45.0,0.0,31.8,False,False,False,False,True,11,2,False,128.0,128.0,128.0,DISC,SPOKED,0,0,0.0,80.0,275.0,755.0,34.9,300.0,1.0
440.0,69.0,610.0,73.0,160.0,49.0,570.0,73.5,630.0,45.0,42.0,31.0,35.0,23.0,23.5,13.5,16.0,TITANIUM,37.0,49.0,53.0,0.0,0.0,0.0,0.0,False,False,130.0,2.0,1.0,1.0,1.0,1.0,1.0,1.0,685.0,122.0,685.0,122.0,0,2,False,0,0,68.0,45.0,0.0,31.8,False,False,False,False,True,11,2,False,128.0,128.0,128.0,DISC,TRISPOKE,0,1,0.0,90.0,290.0,780.0,35.0,300.0,1.0
445.0,70.0,615.0,72.0,165.0,46.0,565.0,73.0,635.0,45.0,42.0,30.0,34.5,23.0,23.0,14.0,15.0,TITANIUM,36.5,47.5,52.5,0.0,0.0,0.0,0.0,False,False,130.0,2.0,1.0,1.0,1.0,1.0,1.0,1.0,680.0,121.0,680.0,121.0,0,2,False,0,1,68.0,45.0,0.0,31.8,True,False,False,False,True,11,2,False,128.0,128.0,128.0,DISC,SPOKED,0,0,0.0,80.0,285.0,770.0,34.9,300.0,1.0
450.0,71.0,620.0,73.5,170.0,47.0,575.0,72.5,640.0,45.0,42.0,31.0,35.0,23.5,23.5,13.0,16.0,TITANIUM,37.0,49.0,53.0,0.0,0.0,0.0,0.0,False,False,130.0,2.0,1.0,1.0,1.0,1.0,1.0,1.0,685.0,122.0,685.0,122.0,0,2,False,0,0,68.0,45.0,0.0,31.8,True,False,False,False,True,11,2,False,128.0,128.0,128.0,DISC,TRISPOKE,0,1,0.0,90.0,295.0,785.0,35.0,300.0,1.0
455.0,72.0,625.0,72.0,175.0,48.0,580.0,73.0,645.0,45.0,42.0,30.0,34.0,23.0,23.0,14.0,15.0,TITANIUM,38.0,50.0,54.0,0.0,0.0,0.0,0.0,False,False,130.0,2.0,1.0,1.0,1.0,1.0,1.0,1.0,680.0,121.0,680.0,121.0,0,2,False,0,1,68.0,45.0,0.0,31.8,False,False,False,False,True,11,2,False,128.0,128.0,128.0,DISC,SPOKED,0,0,0.0,80.0,280.0,760.0,34.9,300.0,1.0
460.0,73.0,630.0,74.0,180.0,49.0,585.0,72.5,650.0,45.0,42.0,31.0,35.5,23.5,23.5,13.5,16.0,TITANIUM,39.0,51.0,55.0,0.0,0.0,0.0,0.0,False,False,130.0,2.0,1.0,1.0,1.0,1.0,1.0,1.0,685.0,122.0,685.0,122.0,0,2,False,0,1,68.0,45.0,0.0,31.8,True,True,False,False,True,11,2,False,128.0,128.0,128.0,DISC,TRISPOKE,0,1,0.0,90.0,300.0,790.0,35.0,300.0,1.0
465.0,74.0,635.0,73.0,185.0,50.0,590.0,73.0,655.0,45.0,42.0,30.0,34.0,23.0,23.0,14.0,15.0,TITANIUM,40.0,52.0,56.0,0.0,0.0,0.0,0.0,False,False,130.0,2.0,1.0,1.0,1.0,1.0,1.0,1.0,680.0,121.0,680.0,121.0,0,2,False,0,1,68.0,45.0,0.0,31.8,False,True,False,False,True,11,2,False,128.0,128.0,128.0,DISC,SPOKED,0,0,0.0,80.0,285.0,765.0,34.9,300.0,1.0
420.0,75.0,620.0,73.0,150.0,40.0,580.0,73.0,630.0,45.0,45.0,40.0,33.6,36.5,23.35,13.0,15.0,TITANIUM,30.0,80.0,30.0,330.0,350.0,16.0,18.0,False,False,130.0,2.0,0.9,1.1,1.0,1.2,1.0,0.9,680.0,65.0,680.0,65.0,0,0,False,0,3,68.0,45.0,692.0,31.8,False,True,False,False,True,12,2,False,128.0,128.0,128.0,SPOKED,SPOKED,1,1,80.0,80.0,300.0,750.0,34.9,400.0,1.0
430.0,70.0,610.0,72.5,160.0,45.0,590.0,72.0,640.0,42.0,50.0,38.0,33.6,36.5,23.35,13.5,15.0,TITANIUM,28.0,85.0,35.0,330.0,350.0,16.0,18.0,False,False,135.0,2.0,0.9,1.1,1.0,1.2,1.0,0.9,682.0,60.0,682.0,60.0,0,1,False,0,3,68.0,45.0,692.0,31.8,False,True,False,False,True,11,2,False,128.0,128.0,128.0,SPOKED,SPOKED,1,1,80.0,80.0,295.0,740.0,34.9,410.0,1.0
410.0,65.0,605.0,73.5,140.0,50.0,600.0,74.0,620.0,47.0,40.0,42.0,33.6,36.5,23.35,13.0,15.0,TITANIUM,25.0,90.0,40.0,330.0,350.0,16.0,18.0,False,False,132.0,2.0,0.9,1.1,1.0,1.2,1.0,0.9,674.0,55.0,674.0,55.0,0,2,False,0,3,68.0,45.0,692.0,31.8,False,True,False,False,True,12,2,False,128.0,128.0,128.0,SPOKED,SPOKED,1,1,80.0,80.0,285.0,760.0,34.9,420.0,1.0
400.0,68.0,600.0,72.0,130.0,35.0,575.0,73.0,615.0,44.0,44.0,39.0,33.6,36.5,23.35,13.2,15.0,TITANIUM,32.0,75.0,28.0,330.0,350.0,16.0,18.0,False,False,133.0,2.0,0.9,1.1,1.0,1.2,1.0,0.9,688.0,66.0,688.0,66.0,0,0,False,0,3,68.0,45.0,692.0,31.8,False,True,False,False,True,11,2,False,128.0,128.0,128.0,SPOKED,SPOKED,1,1,80.0,80.0,290.0,745.0,34.9,430.0,1.0
450.0,73.0,630.0,74.0,170.0,45.0,620.0,75.0,650.0,46.0,50.0,44.0,33.6,36.5,23.35,13.4,15.0,TITANIUM,35.0,100.0,45.0,330.0,350.0,16.0,18.0,False,False,134.0,2.0,0.9,1.1,1.0,1.2,1.0,0.9,694.0,70.0,694.0,70.0,0,1,False,0,3,68.0,45.0,692.0,31.8,False,True,False,False,True,12,2,False,128.0,128.0,128.0,SPOKED,SPOKED,1,1,80.0,80.0,300.0,760.0,34.9,450.0,1.0
390.0,66.0,595.0,71.5,120.0,30.0,550.0,72.5,605.0,43.0,40.0,37.0,33.6,36.5,23.35,13.1,15.0,TITANIUM,22.0,70.0,25.0,330.0,350.0,16.0,18.0,False,False,132.0,2.0,0.9,1.1,1.0,1.2,1.0,0.9,676.0,58.0,676.0,58.0,0,2,False,0,3,68.0,45.0,692.0,31.8,False,True,False,False,True,11,2,False,128.0,128.0,128.0,SPOKED,SPOKED,1,1,80.0,80.0,285.0,725.0,34.9,340.0,1.0
500.0,80.0,640.0,73.5,180.0,50.0,630.0,74.5,660.0,50.0,50.0,45.0,33.6,36.5,23.35,13.3,15.0,TITANIUM,38.0,110.0,48.0,330.0,350.0,16.0,18.0,False,False,131.0,2.0,0.9,1.1,1.0,1.2,1.0,0.9,690.0,68.0,690.0,68.0,0,1,False,0,3,68.0,45.0,692.0,31.8,False,True,False,False,True,12,2,False,128.0,128.0,128.0,SPOKED,SPOKED,1,1,80.0,80.0,300.0,770.0,34.9,480.0,1.0
480.0,72.0,615.0,72.0,155.0,42.0,605.0,73.2,635.0,46.5,45.0,43.0,33.6,36.5,23.35,13.2,15.0,TITANIUM,33.0,95.0,32.0,330.0,350.0,16.0,18.0,False,False,133.0,2.0,0.9,1.1,1.0,1.2,1.0,0.9,678.0,62.0,678.0,62.0,0,2,False,0,3,68.0,45.0,692.0,31.8,False,True,False,False,True,11,2,False,128.0,128.0,128.0,SPOKED,SPOKED,1,1,80.0,80.0,288.0,755.0,34.9,460.0,1.0
455.0,69.0,625.0,74.0,165.0,47.0,615.0,74.0,645.0,48.0,48.0,42.0,33.6,36.5,23.35,13.1,15.0,TITANIUM,37.0,105.0,44.0,330.0,350.0,16.0,18.0,False,False,130.0,2.0,0.9,1.1,1.0,1.2,1.0,0.9,692.0,69.0,692.0,69.0,0,1,False,0,3,68.0,45.0,692.0,31.8,False,True,False,False,True,12,2,False,128.0,128.0,128.0,SPOKED,SPOKED,1,1,80.0,80.0,295.0,765.0,34.9,470.0,1.0
415.0,64.0,602.0,72.8,145.0,38.0,565.0,72.3,618.0,44.0,44.0,39.5,33.6,36.5,23.35,13.05,15.0,TITANIUM,29.0,78.0,29.0,330.0,350.0,16.0,18.0,False,False,133.0,2.0,0.9,1.1,1.0,1.2,1.0,0.9,674.0,57.0,674.0,57.0,0,0,False,0,3,68.0,45.0,692.0,31.8,False,True,False,False,True,11,2,False,128.0,128.0,128.0,SPOKED,SPOKED,1,1,80.0,80.0,292.0,730.0,34.9,390.0,1.0
415.0,70.0,570.0,72.5,140.0,55.0,530.0,73.5,600.0,50.0,40.0,30.0,35.0,25.0,25.0,13.0,10.0,TITANIUM,30.0,50.0,45.0,0.0,0.0,0.0,0.0,False,False,130.0,2.0,2.0,2.0,2.0,2.0,2.0,2.0,680.0,121.0,680.0,121.0,0,2,False,0,3,68.0,45.0,0.0,31.6,True,True,False,False,True,11,2,False,128.0,128.0,128.0,DISC,SPOKED,0,0,0.0,0.0,280.0,760.0,34.0,300.0,1.0
420.0,72.0,580.0,72.0,135.0,50.0,540.0,73.0,610.0,48.0,40.0,32.0,36.0,25.0,25.0,14.0,9.0,TITANIUM,28.0,52.0,47.0,0.0,0.0,0.0,0.0,False,False,130.0,2.0,2.0,2.0,2.0,2.0,2.0,2.0,680.0,121.0,680.0,121.0,0,0,False,0,3,70.0,46.0,0.0,31.6,True,True,False,False,True,11,2,False,128.0,128.0,128.0,SPOKED,DISC,0,0,0.0,0.0,290.0,755.0,34.5,310.0,0.0
410.0,68.0,560.0,73.0,150.0,60.0,520.0,74.0,580.0,52.0,40.0,34.0,35.0,26.0,26.0,12.0,11.0,TITANIUM,35.0,48.0,43.0,0.0,0.0,0.0,0.0,False,False,130.0,2.0,2.0,2.0,2.0,2.0,2.0,2.0,672.0,118.0,672.0,118.0,0,1,False,0,0,70.0,42.0,30.0,30.0,True,True,False,False,True,11,2,False,128.0,128.0,128.0,TRISPOKE,TRISPOKE,1,1,80.0,80.0,280.0,750.0,34.9,300.0,0.0
425.0,75.0,590.0,71.5,130.0,58.0,550.0,73.0,620.0,50.0,40.0,31.0,36.0,25.0,24.0,13.0,10.0,TITANIUM,32.0,55.0,46.0,0.0,0.0,0.0,0.0,False,False,130.0,2.0,2.0,2.0,2.0,2.0,2.0,2.0,680.0,121.0,680.0,121.0,0,0,False,0,1,68.0,44.0,0.0,32.0,False,True,False,False,True,11,2,False,128.0,128.0,128.0,SPOKED,TRISPOKE,0,1,0.0,85.0,270.0,740.0,35.0,320.0,1.0
408.0,68.0,565.0,74.0,120.0,52.0,525.0,74.0,590.0,49.0,40.0,33.0,35.0,24.0,24.0,13.0,9.0,TITANIUM,30.0,50.0,45.0,0.0,0.0,0.0,0.0,False,False,130.0,2.0,2.0,2.0,2.0,2.0,2.0,2.0,680.0,121.0,680.0,121.0,0,1,False,0,3,70.0,45.0,0.0,31.6,True,True,False,False,True,11,2,False,128.0,128.0,128.0,DISC,DISC,0,0,0.0,0.0,285.0,765.0,34.9,300.0,1.0
430.0,65.0,575.0,72.0,145.0,55.0,540.0,73.0,610.0,50.0,40.0,32.0,36.0,26.0,25.0,14.0,10.0,TITANIUM,35.0,50.0,48.0,0.0,0.0,0.0,0.0,False,False,130.0,2.0,2.0,2.0,2.0,2.0,2.0,2.0,680.0,121.0,680.0,121.0,0,2,False,0,2,68.0,46.0,0.0,31.6,True,False,False,False,True,11,2,False,128.0,128.0,128.0,SPOKED,SPOKED,0,0,0.0,0.0,275.0,755.0,35.5,350.0,2.0
412.0,70.0,565.0,73.5,130.0,54.0,520.0,74.0,605.0,48.0,40.0,34.0,36.0,25.0,24.0,13.0,11.0,TITANIUM,30.0,48.0,45.0,0.0,0.0,0.0,0.0,False,False,130.0,2.0,2.0,2.0,2.0,2.0,2.0,2.0,685.0,120.0,685.0,120.0,0,1,False,0,0,70.0,42.0,30.0,30.0,True,True,False,False,True,11,2,False,128.0,128.0,128.0,TRISPOKE,SPOKED,1,0,75.0,0.0,285.0,760.0,34.0,300.0,0.0
418.0,69.0,590.0,72.0,148.0,56.0,545.0,73.0,620.0,52.0,40.0,30.0,36.0,25.0,25.0,14.0,10.0,TITANIUM,34.0,51.0,49.0,0.0,0.0,0.0,0.0,False,False,130.0,2.0,2.0,2.0,2.0,2.0,2.0,2.0,680.0,121.0,680.0,121.0,0,0,False,0,1,68.0,44.0,0.0,32.0,True,True,False,False,True,11,2,False,128.0,128.0,128.0,DISC,TRISPOKE,0,1,0.0,85.0,300.0,770.0,35.5,320.0,1.0
405.0,71.0,560.0,73.0,135.0,53.0,525.0,74.0,595.0,49.0,40.0,32.0,35.0,26.0,25.0,12.0,9.0,TITANIUM,31.0,49.0,44.0,0.0,0.0,0.0,0.0,False,False,130.0,2.0,2.0,2.0,2.0,2.0,2.0,2.0,678.0,120.0,678.0,120.0,0,1,False,0,3,68.0,46.0,0.0,31.6,True,True,False,False,True,11,2,False,128.0,128.0,128.0,SPOKED,SPOKED,0,0,0.0,0.0,280.0,745.0,34.0,300.0,1.0
422.0,66.0,580.0,72.5,142.0,57.0,535.0,73.5,615.0,50.0,40.0,33.0,36.0,25.0,24.0,13.0,10.0,TITANIUM,33.0,50.0,47.0,0.0,0.0,0.0,0.0,False,False,130.0,2.0,2.0,2.0,2.0,2.0,2.0,2.0,680.0,122.0,680.0,122.0,0,2,False,0,2,69.0,45.0,0.0,31.6,False,True,False,False,True,11,2,False,128.0,128.0,128.0,SPOKED,DISC,0,0,0.0,0.0,290.0,765.0,35.0,310.0,2.0
415.0,70.0,610.0,73.0,170.0,50.0,580.0,73.0,660.0,50.0,40.0,31.8,33.6,23.95,23.95,15.0,9.0,TITANIUM,35.0,45.0,45.0,0.0,0.0,0.0,0.0,False,False,130.0,2.0,0.9,1.1,0.9,1.2,1.0,0.9,700.0,80.0,700.0,80.0,0,0,False,0,3,68.0,45.0,0.0,31.6,False,True,False,False,True,12,2,False,128.0,128.0,128.0,DISC,DISC,0,0,0.0,0.0,275.0,760.0,33.6,300.0,1.0
420.0,72.0,620.0,74.0,180.0,48.0,600.0,72.0,650.0,50.0,42.0,31.8,33.6,23.95,23.95,15.0,9.0,TITANIUM,40.0,50.0,55.0,0.0,0.0,0.0,0.0,False,False,130.0,2.0,0.9,1.1,0.9,1.2,1.0,0.9,700.0,80.0,700.0,80.0,0,0,False,0,3,68.0,45.0,0.0,31.6,False,True,False,False,True,12,2,False,128.0,128.0,128.0,DISC,DISC,0,0,0.0,0.0,275.0,760.0,33.6,300.0,1.0
425.0,68.0,630.0,72.0,160.0,52.0,610.0,74.0,655.0,50.0,38.0,31.8,33.6,23.95,23.95,15.0,9.0,TITANIUM,30.0,40.0,35.0,0.0,0.0,0.0,0.0,False,False,130.0,2.0,0.9,1.1,0.9,1.2,1.0,0.9,700.0,80.0,700.0,80.0,0,0,False,0,3,68.0,45.0,0.0,31.6,False,True,False,False,True,12,2,False,128.0,128.0,128.0,DISC,DISC,0,0,0.0,0.0,275.0,760.0,33.6,300.0,1.0
430.0,75.0,640.0,71.0,190.0,45.0,620.0,71.0,645.0,50.0,44.0,31.8,33.6,23.95,23.95,15.0,9.0,TITANIUM,45.0,55.0,60.0,0.0,0.0,0.0,0.0,False,False,130.0,2.0,0.9,1.1,0.9,1.2,1.0,0.9,700.0,80.0,700.0,80.0,0,0,False,0,3,68.0,45.0,0.0,31.6,False,True,False,False,True,12,2,False,128.0,128.0,128.0,DISC,DISC,0,0,0.0,0.0,275.0,760.0,33.6,300.0,1.0
435.0,65.0,600.0,75.0,150.0,55.0,590.0,75.0,670.0,50.0,36.0,31.8,33.6,23.95,23.95,15.0,9.0,TITANIUM,25.0,35.0,30.0,0.0,0.0,0.0,0.0,False,False,130.0,2.0,0.9,1.1,0.9,1.2,1.0,0.9,700.0,80.0,700.0,80.0,0,0,False,0,3,68.0,45.0,0.0,31.6,False,True,False,False,True,12,2,False,128.0,128.0,128.0,DISC,DISC,0,0,0.0,0.0,275.0,760.0,33.6,300.0,1.0
440.0,80.0,590.0,70.0,200.0,49.0,570.0,70.0,640.0,50.0,45.0,31.8,33.6,23.95,23.95,15.0,9.0,TITANIUM,50.0,60.0,65.0,0.0,0.0,0.0,0.0,False,False,130.0,2.0,0.9,1.1,0.9,1.2,1.0,0.9,700.0,80.0,700.0,80.0,0,0,False,0,3,68.0,45.0,0.0,31.6,False,True,False,False,True,12,2,False,128.0,128.0,128.0,DISC,DISC,0,0,0.0,0.0,275.0,760.0,33.6,300.0,1.0
410.0,60.0,580.0,69.0,140.0,51.0,630.0,69.0,675.0,50.0,34.0,31.8,33.6,23.95,23.95,15.0,9.0,TITANIUM,20.0,30.0,25.0,0.0,0.0,0.0,0.0,False,False,130.0,2.0,0.9,1.1,0.9,1.2,1.0,0.9,700.0,80.0,700.0,80.0,0,0,False,0,3,68.0,45.0,0.0,31.6,False,True,False,False,True,12,2,False,128.0,128.0,128.0,DISC,DISC,0,0,0.0,0.0,275.0,760.0,33.6,300.0,1.0
405.0,55.0,650.0,76.0,210.0,47.0,560.0,76.0,630.0,50.0,43.0,31.8,33.6,23.95,23.95,15.0,9.0,TITANIUM,55.0,48.0,58.0,0.0,0.0,0.0,0.0,False,False,130.0,2.0,0.9,1.1,0.9,1.2,1.0,0.9,700.0,80.0,700.0,80.0,0,0,False,0,3,68.0,45.0,0.0,31.6,False,True,False,False,True,12,2,False,128.0,128.0,128.0,DISC,DISC,0,0,0.0,0.0,275.0,760.0,33.6,300.0,1.0
400.0,78.0,555.0,72.5,155.0,53.0,550.0,73.5,685.0,50.0,39.0,31.8,33.6,23.95,23.95,15.0,9.0,TITANIUM,28.0,34.0,38.0,0.0,0.0,0.0,0.0,False,False,130.0,2.0,0.9,1.1,0.9,1.2,1.0,0.9,700.0,80.0,700.0,80.0,0,0,False,0,3,68.0,45.0,0.0,31.6,False,True,False,False,True,12,2,False,128.0,128.0,128.0,DISC,DISC,0,0,0.0,0.0,275.0,760.0,33.6,300.0,1.0
395.0,73.0,575.0,73.5,165.0,46.0,540.0,72.5,635.0,50.0,37.0,31.8,33.6,23.95,23.95,15.0,9.0,TITANIUM,32.0,42.0,48.0,0.0,0.0,0.0,0.0,False,False,130.0,2.0,0.9,1.1,0.9,1.2,1.0,0.9,700.0,80.0,700.0,80.0,0,0,False,0,3,68.0,45.0,0.0,31.6,False,True,False,False,True,12,2,False,128.0,128.0,128.0,DISC,DISC,0,0,0.0,0.0,275.0,760.0,33.6,300.0,1.0
400.0,70.0,660.0,73.0,180.0,40.0,560.0,73.0,650.0,50.0,45.0,31.8,33.6,36.5,23.35,15.0,14.0,TITANIUM,35.0,50.0,40.0,330.0,350.0,16.0,18.0,False,False,130.0,1.0,1.0,1.0,1.1,1.0,1.0,1.0,680.0,60.0,680.0,60.0,0,0,False,0,3,68.0,45.0,692.0,31.8,False,False,False,False,True,11,2,False,128.0,128.0,128.0,SPOKED,SPOKED,0,0,80.0,80.0,280.0,740.0,34.9,350.0,1.0
410.0,65.0,670.0,72.0,160.0,50.0,580.0,74.0,660.0,55.0,50.0,35.0,30.0,36.5,37.5,20.0,13.0,TITANIUM,40.0,60.0,45.0,330.0,350.0,16.0,18.0,False,False,130.0,0.9,1.1,1.1,1.2,1.2,1.1,1.2,674.0,52.0,674.0,52.0,0,1,False,0,3,68.0,45.0,692.0,31.8,False,False,False,False,True,12,2,False,128.0,128.0,128.0,SPOKED,SPOKED,0,0,80.0,80.0,290.0,720.0,34.9,360.0,1.0
420.0,75.0,650.0,74.0,140.0,30.0,550.0,73.5,645.0,50.0,40.0,28.6,28.6,36.5,23.35,18.0,14.0,TITANIUM,25.0,55.0,35.0,330.0,350.0,16.0,18.0,False,False,130.0,0.9,0.9,0.9,0.9,0.9,0.9,0.9,694.0,110.0,694.0,110.0,0,2,False,0,3,68.0,45.0,692.0,31.8,False,False,False,False,True,11,1,False,128.0,128.0,128.0,SPOKED,SPOKED,0,0,80.0,80.0,300.0,400.0,1.0,,
430.0,60.0,640.0,71.0,150.0,45.0,600.0,72.0,660.0,60.0,55.0,40.0,33.6,36.5,30.0,22.0,15.0,TITANIUM,47.0,70.0,50.0,330.0,350.0,16.0,18.0,False,False,135.0,1.2,1.1,1.0,1.2,1.1,1.0,1.2,680.0,65.0,680.0,65.0,0,1,False,0,3,68.0,45.0,692.0,31.8,False,False,False,False,True,12,2,False,128.0,128.0,128.0,SPOKED,SPOKED,0,0,80.0,80.0,285.0,735.0,34.9,380.0,1.0
450.0,68.0,670.0,72.5,170.0,35.0,570.0,75.0,655.0,52.0,50.0,38.0,30.0,36.5,37.5,25.0,14.0,TITANIUM,42.0,65.0,45.0,330.0,350.0,16.0,18.0,False,False,130.0,1.0,1.0,1.0,1.0,1.0,1.0,1.0,674.0,52.0,674.0,52.0,0,0,False,0,3,68.0,45.0,692.0,31.8,False,False,False,False,True,11,2,False,128.0,128.0,128.0,SPOKED,SPOKED,0,0,80.0,80.0,295.0,750.0,34.9,340.0,1.0
390.0,65.0,655.0,73.5,190.0,50.0,540.0,74.5,640.0,48.0,45.0,32.0,28.6,36.5,23.35,15.0,13.0,TITANIUM,30.0,60.0,30.0,330.0,350.0,16.0,18.0,False,False,130.0,0.9,0.9,0.9,0.9,0.9,0.9,0.9,680.0,80.0,680.0,80.0,0,2,False,0,3,68.0,45.0,692.0,31.8,False,False,False,False,True,12,2,False,128.0,128.0,128.0,SPOKED,SPOKED,0,0,80.0,80.0,290.0,730.0,34.9,365.0,1.0
440.0,70.0,675.0,71.5,155.0,40.0,585.0,73.2,670.0,60.0,55.0,30.0,33.6,36.5,20.0,17.0,15.0,TITANIUM,38.0,52.0,42.0,330.0,350.0,16.0,18.0,False,False,130.0,1.0,0.9,1.1,1.0,1.2,1.1,0.9,694.0,110.0,694.0,110.0,0,1,False,0,3,68.0,45.0,692.0,31.8,False,False,False,False,True,11,2,False,128.0,128.0,128.0,SPOKED,SPOKED,0,0,80.0,80.0,300.0,760.0,34.9,330.0,1.0
430.0,55.0,650.0,74.0,165.0,55.0,590.0,71.0,660.0,50.0,50.0,28.6,28.6,36.5,23.35,20.0,14.0,TITANIUM,30.0,60.0,35.0,330.0,350.0,16.0,18.0,False,False,135.0,0.9,0.9,0.9,0.9,0.9,0.9,0.9,674.0,52.0,674.0,52.0,0,2,False,0,3,68.0,45.0,692.0,31.8,False,False,False,False,True,12,2,False,128.0,128.0,128.0,SPOKED,SPOKED,0,0,80.0,80.0,280.0,720.0,34.9,350.0,1.0
445.0,72.0,680.0,72.0,175.0,42.0,575.0,73.5,670.0,55.0,45.0,33.6,33.6,36.5,37.5,18.0,15.0,TITANIUM,45.0,67.0,42.0,330.0,350.0,16.0,18.0,False,False,130.0,1.0,1.1,1.0,1.1,1.0,1.1,1.0,680.0,58.0,680.0,58.0,0,1,False,0,3,68.0,45.0,692.0,31.8,False,False,False,False,True,11,2,False,128.0,128.0,128.0,SPOKED,SPOKED,0,0,80.0,80.0,295.0,745.0,34.9,345.0,1.0
415.0,68.0,660.0,73.0,185.0,38.0,565.0,72.5,655.0,53.0,50.0,28.6,28.6,36.5,23.35,16.0,14.0,TITANIUM,30.0,60.0,35.0,330.0,350.0,16.0,18.0,False,False,130.0,0.9,1.0,1.1,1.2,1.1,0.9,1.0,694.0,100.0,694.0,100.0,0,2,False,0,3,68.0,45.0,692.0,31.8,False,False,False,False,True,12,2,False,128.0,128.0,128.0,SPOKED,SPOKED,0,0,80.0,80.0,300.0,760.0,34.9,360.0,1.0
420.0,65.0,580.0,73.5,120.0,50.0,560.0,73.0,615.0,50.0,40.0,28.6,34.0,36.5,25.0,15.0,15.0,TITANIUM,30.0,70.0,45.0,330.0,350.0,16.0,18.0,False,False,130.0,2.0,0.9,1.1,0.9,1.2,1.0,0.9,672.0,50.0,672.0,50.0,0,0,False,0,3,68.0,45.0,0.0,31.6,True,True,False,False,True,11,2,False,128.0,128.0,128.0,SPOKED,SPOKED,0,0,0.0,0.0,280.0,770.0,34.9,300.0,1.0
430.0,62.0,595.0,73.0,135.0,55.0,575.0,74.0,630.0,51.0,45.0,29.0,35.0,37.0,26.0,16.0,16.0,TITANIUM,35.0,75.0,48.0,330.0,350.0,16.0,18.0,False,False,130.0,2.0,0.9,1.1,0.9,1.2,1.0,0.9,672.0,50.0,672.0,50.0,0,0,False,0,3,68.0,45.0,0.0,31.6,True,True,False,False,True,11,2,False,128.0,128.0,128.0,SPOKED,SPOKED,0,0,0.0,0.0,280.0,780.0,34.9,300.0,1.0
415.0,68.0,600.0,72.5,125.0,50.0,560.0,73.0,620.0,52.0,40.0,28.6,33.6,36.5,25.0,15.0,15.0,TITANIUM,30.0,70.0,45.0,330.0,350.0,16.0,18.0,False,False,130.0,2.0,0.9,1.1,0.9,1.2,1.0,0.9,672.0,50.0,672.0,50.0,0,0,False,0,3,68.0,45.0,0.0,31.6,True,True,False,False,True,11,2,False,128.0,128.0,128.0,SPOKED,SPOKED,0,0,0.0,0.0,280.0,760.0,34.9,300.0,1.0
445.0,65.0,610.0,74.0,140.0,60.0,580.0,73.5,640.0,53.0,45.0,29.5,34.5,36.5,28.0,17.0,16.0,TITANIUM,36.0,78.0,50.0,330.0,350.0,16.0,18.0,False,False,130.0,2.0,0.9,1.1,0.9,1.2,1.0,0.9,672.0,50.0,672.0,50.0,0,0,False,0,3,68.0,45.0,0.0,31.6,True,True,False,False,True,11,2,False,128.0,128.0,128.0,SPOKED,SPOKED,0,0,0.0,0.0,280.0,775.0,34.9,300.0,1.0
440.0,67.0,595.0,73.5,130.0,55.0,570.0,74.0,635.0,49.0,45.0,29.0,35.0,37.0,26.0,16.0,16.0,TITANIUM,34.0,74.0,48.0,330.0,350.0,16.0,18.0,False,False,130.0,2.0,0.9,1.1,0.9,1.2,1.0,0.9,672.0,50.0,672.0,50.0,0,0,False,0,3,68.0,45.0,0.0,31.6,True,True,False,False,True,11,2,False,128.0,128.0,128.0,SPOKED,SPOKED,0,0,0.0,0.0,280.0,765.0,34.9,300.0,1.0
400.0,60.0,580.0,72.0,120.0,50.0,550.0,73.0,610.0,50.0,40.0,28.6,33.6,36.0,24.0,15.0,15.0,TITANIUM,32.0,68.0,44.0,330.0,350.0,16.0,18.0,False,False,130.0,2.0,0.9,1.1,0.9,1.2,1.0,0.9,672.0,50.0,672.0,50.0,0,0,False,0,3,68.0,45.0,0.0,31.6,True,True,False,False,True,11,2,False,128.0,128.0,128.0,SPOKED,SPOKED,0,0,0.0,0.0,280.0,755.0,34.9,300.0,1.0
425.0,64.0,605.0,73.2,128.0,53.0,568.0,73.8,628.0,51.0,44.0,29.0,34.0,36.5,27.0,17.0,16.0,TITANIUM,33.0,73.0,47.0,330.0,350.0,16.0,18.0,False,False,130.0,2.0,0.9,1.1,0.9,1.2,1.0,0.9,672.0,50.0,672.0,50.0,0,0,False,0,3,68.0,45.0,0.0,31.6,True,True,False,False,True,11,2,False,128.0,128.0,128.0,SPOKED,SPOKED,0,0,0.0,0.0,280.0,758.0,34.9,300.0,1.0
435.0,63.0,615.0,74.2,145.0,58.0,585.0,74.0,645.0,52.0,45.0,30.0,35.0,37.0,28.0,18.0,17.0,TITANIUM,38.0,80.0,52.0,330.0,350.0,16.0,18.0,False,False,130.0,2.0,0.9,1.1,0.9,1.2,1.0,0.9,672.0,50.0,672.0,50.0,0,0,False,0,3,68.0,45.0,0.0,31.6,True,True,False,False,True,11,2,False,128.0,128.0,128.0,SPOKED,SPOKED,0,0,0.0,0.0,280.0,772.0,34.9,300.0,1.0
410.0,66.0,590.0,72.8,132.0,56.0,572.0,73.4,632.0,50.0,42.0,29.0,33.0,36.0,26.5,16.0,16.0,TITANIUM,36.0,75.0,49.0,330.0,350.0,16.0,18.0,False,False,130.0,2.0,0.9,1.1,0.9,1.2,1.0,0.9,672.0,50.0,672.0,50.0,0,0,False,0,3,68.0,45.0,0.0,31.6,True,True,False,False,True,11,2,False,128.0,128.0,128.0,SPOKED,SPOKED,0,0,0.0,0.0,280.0,764.0,34.9,300.0,1.0
455.0,65.0,620.0,74.5,150.0,60.0,590.0,74.0,650.0,53.0,45.0,30.0,35.0,37.0,29.0,18.0,17.0,TITANIUM,40.0,85.0,55.0,330.0,350.0,16.0,18.0,False,False,130.0,2.0,0.9,1.1,0.9,1.2,1.0,0.9,672.0,50.0,672.0,50.0,0,0,False,0,3,68.0,45.0,0.0,31.6,True,True,False,False,True,11,2,False,128.0,128.0,128.0,SPOKED,SPOKED,0,0,0.0,0.0,280.0,780.0,34.9,300.0,1.0
480.0,70.0,630.0,73.0,160.0,45.0,560.0,73.0,650.0,45.0,45.0,28.6,36.5,23.35,23.35,13.0,15.0,TITANIUM,30.0,40.0,45.0,330.0,350.0,16.0,18.0,False,False,130.0,2.0,0.9,1.1,0.9,1.2,1.0,0.9,680.0,52.0,680.0,52.0,0,2,False,0,3,68.0,45.0,0.0,31.8,False,True,False,False,True,10,2,False,128.0,128.0,128.0,DISC,DISC,0,0,0.0,0.0,280.0,730.0,34.9,300.0,1.0
470.0,72.0,640.0,72.5,155.0,45.0,570.0,74.0,660.0,45.0,45.0,28.6,36.5,23.35,23.35,13.0,15.0,TITANIUM,32.0,42.0,46.0,330.0,350.0,16.0,18.0,False,False,130.0,2.2,0.9,1.1,0.9,1.2,1.0,0.9,680.0,52.0,680.0,52.0,0,2,False,0,3,68.0,45.0,0.0,31.8,True,True,False,False,True,10,2,False,128.0,128.0,128.0,DISC,SPOKED,0,0,0.0,0.0,285.0,735.0,34.9,305.0,1.0
490.0,68.0,620.0,73.5,150.0,45.0,555.0,72.5,655.0,45.0,45.0,28.6,36.5,23.35,23.35,13.0,15.0,TITANIUM,29.0,38.0,44.0,330.0,350.0,16.0,18.0,False,False,135.0,2.0,1.0,1.2,1.0,1.3,1.0,1.0,680.0,52.0,680.0,52.0,0,2,False,0,3,68.0,45.0,0.0,31.8,True,True,False,False,True,10,2,False,128.0,128.0,128.0,SPOKED,TRISPOKE,0,1,0.0,50.0,280.0,720.0,34.9,310.0,1.0
500.0,65.0,625.0,74.0,140.0,45.0,565.0,74.5,645.0,45.0,45.0,28.6,36.5,23.35,23.35,13.0,15.0,TITANIUM,31.0,39.0,43.0,330.0,350.0,16.0,18.0,False,False,130.0,2.0,0.8,1.0,0.9,1.1,1.0,0.9,680.0,52.0,680.0,52.0,0,2,True,0,3,68.0,45.0,0.0,31.8,True,True,False,False,True,10,2,False,128.0,128.0,128.0,TRISPOKE,SPOKED,1,0,0.0,0.0,290.0,740.0,34.9,295.0,1.0
460.0,68.0,635.0,73.2,158.0,45.0,555.0,73.8,658.0,45.0,45.0,28.6,36.5,23.35,23.35,13.0,15.0,TITANIUM,33.0,41.0,47.0,335.0,345.0,14.0,16.0,True,True,130.0,2.0,1.0,1.1,1.0,1.3,1.1,1.0,680.0,52.0,680.0,52.0,0,1,False,0,1,68.0,45.0,0.0,31.8,False,True,False,False,True,9,2,False,128.0,128.0,128.0,SPOKED,SPOKED,0,0,0.0,0.0,275.0,715.0,34.9,300.0,2.0
495.0,69.0,620.0,72.8,165.0,45.0,565.0,73.5,662.0,45.0,45.0,28.6,36.5,23.35,23.35,13.0,15.0,TITANIUM,35.0,43.0,42.0,330.0,350.0,16.0,18.0,False,True,130.0,2.1,0.9,1.2,0.9,1.2,1.0,0.9,680.0,52.0,680.0,52.0,0,1,False,0,1,68.0,45.0,0.0,31.8,True,True,True,False,True,11,1,True,128.0,128.0,128.0,SPOKED,SPOKED,0,0,0.0,0.0,285.0,725.0,34.9,310.0,1.0
485.0,70.0,648.0,73.0,170.0,45.0,580.0,73.0,648.0,45.0,45.0,28.6,36.5,23.35,23.35,13.0,15.0,TITANIUM,34.0,40.0,48.0,330.0,350.0,16.0,18.0,False,False,130.0,2.0,0.9,1.0,0.9,1.2,1.0,0.9,680.0,52.0,680.0,52.0,0,2,False,0,0,68.0,45.0,30.0,31.8,True,True,False,False,True,10,2,False,128.0,128.0,128.0,SPOKED,SPOKED,0,0,0.0,0.0,288.0,730.0,34.9,305.0,0.0
470.0,75.0,625.0,71.5,180.0,45.0,550.0,74.0,670.0,45.0,45.0,28.6,36.5,23.35,23.35,13.0,15.0,TITANIUM,36.0,44.0,40.0,330.0,350.0,16.0,18.0,False,False,130.0,2.0,0.9,1.1,0.9,1.2,1.0,0.9,680.0,52.0,680.0,52.0,0,2,True,0,2,68.0,45.0,0.0,31.8,True,True,False,False,True,10,2,False,128.0,128.0,128.0,TRISPOKE,TRISPOKE,1,1,50.0,50.0,282.0,720.0,34.9,300.0,2.0
502.0,68.0,630.0,72.8,160.0,45.0,565.0,73.8,652.0,45.0,45.0,28.6,36.5,23.35,23.35,13.0,15.0,TITANIUM,33.0,42.0,45.0,330.0,350.0,15.0,18.0,True,False,130.0,2.0,0.9,1.1,0.9,1.2,1.0,0.9,680.0,52.0,680.0,52.0,0,2,False,0,3,68.0,45.0,0.0,31.8,False,True,True,True,True,10,2,False,128.0,128.0,128.0,SPOKED,SPOKED,0,0,0.0,0.0,288.0,735.0,34.9,300.0,1.0
475.0,70.0,628.0,73.4,165.0,45.0,558.0,73.6,655.0,45.0,45.0,28.6,36.5,23.35,23.35,13.0,15.0,TITANIUM,32.0,41.0,45.0,332.0,348.0,16.0,17.0,True,True,130.0,2.5,0.9,1.3,1.5,1.2,1.1,0.9,680.0,52.0,680.0,52.0,0,2,False,0,1,68.0,45.0,0.0,31.8,True,False,False,False,True,10,2,False,128.0,128.0,128.0,SPOKED,DISC,0,0,0.0,0.0,283.0,720.0,34.9,305.0,1.0
400.0,75.0,620.0,73.5,150.0,50.0,580.0,74.0,640.0,50.0,50.0,35.0,32.0,26.0,30.0,25.0,16.0,TITANIUM,25.0,60.0,30.0,330.0,350.0,16.0,18.0,False,False,130.0,2.0,2.0,2.0,2.0,2.0,2.0,2.0,680.0,50.0,680.0,50.0,0,0,False,0,1,68.0,45.0,0.0,31.8,False,False,False,False,True,11,2,False,128.0,128.0,128.0,SPOKED,SPOKED,0,0,0.0,0.0,280.0,750.0,34.9,350.0,1.0
410.0,72.0,630.0,73.0,140.0,55.0,590.0,73.5,650.0,52.0,52.0,36.0,33.0,27.0,32.0,24.0,17.0,TITANIUM,20.0,70.0,28.0,330.0,350.0,16.0,18.0,False,False,130.0,2.0,2.0,2.0,2.0,2.0,2.0,2.0,682.0,50.0,682.0,50.0,0,2,False,0,1,68.0,45.0,0.0,31.8,False,False,False,False,True,11,2,False,128.0,128.0,128.0,SPOKED,SPOKED,0,0,0.0,0.0,280.0,740.0,34.9,360.0,1.0
395.0,70.0,610.0,74.0,160.0,48.0,575.0,74.5,635.0,48.0,48.0,34.0,31.0,26.0,29.0,23.0,15.0,TITANIUM,30.0,50.0,25.0,330.0,350.0,16.0,18.0,False,False,130.0,2.0,2.0,2.0,2.0,2.0,2.0,2.0,684.0,50.0,684.0,50.0,0,1,False,0,1,68.0,45.0,0.0,31.8,False,False,False,False,True,11,2,False,128.0,128.0,128.0,SPOKED,SPOKED,0,0,0.0,0.0,280.0,760.0,34.9,370.0,1.0
420.0,65.0,640.0,72.5,170.0,60.0,600.0,73.0,660.0,50.0,50.0,38.0,34.0,30.0,33.0,22.0,16.0,TITANIUM,35.0,80.0,35.0,330.0,350.0,16.0,18.0,False,False,130.0,2.0,2.0,2.0,2.0,2.0,2.0,2.0,686.0,50.0,686.0,50.0,0,0,False,0,1,68.0,45.0,0.0,31.8,False,False,False,False,True,11,2,False,128.0,128.0,128.0,SPOKED,SPOKED,0,0,0.0,0.0,280.0,730.0,34.9,380.0,1.0
430.0,68.0,600.0,73.0,155.0,45.0,590.0,75.0,655.0,55.0,55.0,37.0,32.0,28.0,31.0,26.0,18.0,TITANIUM,28.0,65.0,32.0,330.0,350.0,16.0,18.0,False,False,130.0,2.0,2.0,2.0,2.0,2.0,2.0,2.0,688.0,50.0,688.0,50.0,0,2,False,0,1,68.0,45.0,0.0,31.8,False,False,False,False,True,11,2,False,128.0,128.0,128.0,SPOKED,SPOKED,0,0,0.0,0.0,280.0,720.0,34.9,390.0,1.0
405.0,66.0,625.0,74.5,145.0,50.0,580.0,74.0,640.0,47.0,52.0,36.0,33.0,29.0,30.0,24.0,17.0,TITANIUM,22.0,55.0,29.0,330.0,350.0,16.0,18.0,False,False,130.0,2.0,2.0,2.0,2.0,2.0,2.0,2.0,690.0,50.0,690.0,50.0,0,1,False,0,1,68.0,45.0,0.0,31.8,False,False,False,False,True,11,2,False,128.0,128.0,128.0,SPOKED,SPOKED,0,0,0.0,0.0,280.0,755.0,34.9,400.0,1.0
415.0,62.0,615.0,73.8,135.0,52.0,585.0,73.2,645.0,49.0,49.0,35.0,32.0,28.0,29.0,25.0,16.0,TITANIUM,27.0,60.0,31.0,330.0,350.0,16.0,18.0,False,False,130.0,2.0,2.0,2.0,2.0,2.0,2.0,2.0,692.0,50.0,692.0,50.0,0,0,False,0,1,68.0,45.0,0.0,31.8,False,False,False,False,True,11,2,False,128.0,128.0,128.0,SPOKED,SPOKED,0,0,0.0,0.0,280.0,745.0,34.9,410.0,1.0
400.0,64.0,635.0,72.8,165.0,53.0,595.0,72.0,650.0,51.0,51.0,38.0,35.0,31.0,32.0,23.0,15.0,TITANIUM,33.0,75.0,36.0,330.0,350.0,16.0,18.0,False,False,130.0,2.0,2.0,2.0,2.0,2.0,2.0,2.0,694.0,50.0,694.0,50.0,0,2,False,0,1,68.0,45.0,0.0,31.8,False,False,False,False,True,11,2,False,128.0,128.0,128.0,SPOKED,SPOKED,0,0,0.0,0.0,280.0,735.0,34.9,420.0,1.0
390.0,70.0,605.0,74.2,150.0,47.0,570.0,74.8,630.0,46.0,50.0,34.0,31.0,27.0,28.0,22.0,17.0,TITANIUM,24.0,58.0,27.0,330.0,350.0,16.0,18.0,False,False,130.0,2.0,2.0,2.0,2.0,2.0,2.0,2.0,681.0,50.0,681.0,50.0,0,1,False,0,1,68.0,45.0,0.0,31.8,False,False,False,False,True,11,2,False,128.0,128.0,128.0,SPOKED,SPOKED,0,0,0.0,0.0,280.0,765.0,34.9,430.0,1.0
425.0,67.0,620.0,73.3,180.0,58.0,605.0,73.6,655.0,53.0,53.0,39.0,36.0,32.0,34.0,26.0,18.0,TITANIUM,40.0,90.0,38.0,330.0,350.0,16.0,18.0,False,False,130.0,2.0,2.0,2.0,2.0,2.0,2.0,2.0,683.0,50.0,683.0,50.0,0,0,False,0,1,68.0,45.0,0.0,31.8,False,False,False,False,True,11,2,False,128.0,128.0,128.0,SPOKED,SPOKED,0,0,0.0,0.0,280.0,770.0,34.9,440.0,1.0
410.0,70.0,600.0,73.0,180.0,50.0,580.0,73.5,565.0,45.0,45.0,42.0,32.0,37.0,26.0,13.0,15.0,TITANIUM,38.0,55.0,50.0,330.0,350.0,16.0,18.0,False,False,130.0,2.0,0.9,1.1,0.9,1.2,1.0,0.9,700.0,56.0,700.0,56.0,0,0,False,0,3,68.0,45.0,0.0,31.8,True,True,False,False,True,11,2,False,128.0,128.0,128.0,SPOKED,SPOKED,1,1,80.0,80.0,300.0,820.0,34.9,300.0,1.0
415.0,68.0,610.0,72.5,190.0,55.0,595.0,74.0,570.0,45.0,45.0,43.0,33.0,37.5,27.0,13.0,16.0,TITANIUM,40.0,60.0,52.0,330.0,350.0,16.0,18.0,False,False,130.0,2.0,0.9,1.1,0.9,1.2,1.0,0.9,700.0,56.0,700.0,56.0,0,2,False,0,3,68.0,46.0,0.0,32.0,True,True,False,False,True,12,1,False,128.0,128.0,128.0,SPOKED,SPOKED,1,1,80.0,80.0,305.0,830.0,34.9,305.0,1.0
405.0,72.0,595.0,73.5,170.0,50.0,570.0,73.0,560.0,45.0,45.0,41.5,31.5,36.5,25.5,13.0,14.0,TITANIUM,36.0,50.0,48.0,330.0,350.0,16.0,18.0,False,False,130.0,2.0,0.9,1.1,0.9,1.2,1.0,0.9,700.0,56.0,700.0,56.0,0,1,False,0,3,68.0,44.0,0.0,31.8,True,True,False,False,True,11,2,False,128.0,128.0,128.0,SPOKED,SPOKED,1,1,80.0,80.0,295.0,810.0,34.9,295.0,1.0
420.0,70.0,605.0,72.0,200.0,60.0,600.0,72.5,575.0,45.0,45.0,44.0,32.5,38.0,26.0,13.0,15.0,TITANIUM,42.0,65.0,55.0,330.0,350.0,16.0,18.0,False,False,130.0,2.0,0.9,1.1,0.9,1.2,1.0,0.9,700.0,56.0,700.0,56.0,0,0,False,0,3,68.0,47.0,0.0,33.0,True,True,False,False,True,12,2,False,128.0,128.0,128.0,SPOKED,SPOKED,1,1,80.0,80.0,310.0,840.0,34.9,310.0,1.0
430.0,66.0,590.0,74.0,160.0,50.0,560.0,74.0,550.0,45.0,45.0,39.0,30.0,35.0,24.0,13.0,14.0,TITANIUM,34.0,45.0,45.0,330.0,350.0,16.0,18.0,False,False,130.0,2.0,0.9,1.1,0.9,1.2,1.0,0.9,700.0,56.0,700.0,56.0,0,2,False,0,3,68.0,43.0,0.0,30.0,True,True,False,False,True,11,1,False,128.0,128.0,128.0,SPOKED,SPOKED,1,1,80.0,80.0,285.0,800.0,34.9,285.0,1.0
400.0,75.0,620.0,71.5,210.0,60.0,610.0,71.5,580.0,45.0,45.0,45.0,33.5,38.5,27.5,13.0,17.0,TITANIUM,45.0,70.0,58.0,330.0,350.0,16.0,18.0,False,False,130.0,2.0,0.9,1.1,0.9,1.2,1.0,0.9,700.0,56.0,700.0,56.0,0,0,False,0,3,68.0,48.0,0.0,33.5,True,True,False,False,True,12,2,False,128.0,128.0,128.0,SPOKED,SPOKED,1,1,80.0,80.0,315.0,850.0,34.9,315.0,1.0
412.0,69.0,602.0,73.0,175.0,55.0,585.0,73.0,567.0,45.0,45.0,42.5,32.0,37.0,26.5,13.0,15.5,TITANIUM,39.0,58.0,53.0,330.0,350.0,16.0,18.0,False,False,130.0,2.0,0.9,1.1,0.9,1.2,1.0,0.9,700.0,56.0,700.0,56.0,0,1,False,0,3,68.0,45.0,0.0,31.8,True,True,False,False,True,11,2,False,128.0,128.0,128.0,SPOKED,SPOKED,1,1,80.0,80.0,300.0,830.0,34.9,300.0,1.0
425.0,71.0,615.0,72.5,185.0,52.0,595.0,74.0,572.0,45.0,45.0,43.5,33.0,37.5,27.0,13.0,16.0,TITANIUM,41.0,63.0,57.0,330.0,350.0,16.0,18.0,False,False,130.0,2.0,0.9,1.1,0.9,1.2,1.0,0.9,700.0,56.0,700.0,56.0,0,2,False,0,3,68.0,47.0,0.0,32.0,True,True,False,False,True,12,1,False,128.0,128.0,128.0,SPOKED,SPOKED,1,1,80.0,80.0,308.0,845.0,34.9,308.0,1.0
395.0,72.0,590.0,73.5,165.0,50.0,565.0,73.5,555.0,45.0,45.0,40.0,31.0,36.0,25.0,13.0,14.5,TITANIUM,35.0,48.0,49.0,330.0,350.0,16.0,18.0,False,False,130.0,2.0,0.9,1.1,0.9,1.2,1.0,0.9,700.0,56.0,700.0,56.0,0,1,False,0,3,68.0,44.0,0.0,31.0,True,True,False,False,True,11,2,False,128.0,128.0,128.0,SPOKED,SPOKED,1,1,80.0,80.0,290.0,815.0,34.9,290.0,1.0
435.0,68.0,620.0,72.0,195.0,58.0,605.0,72.0,578.0,45.0,45.0,44.5,33.3,38.2,27.2,13.0,15.8,TITANIUM,43.0,67.0,56.0,330.0,350.0,16.0,18.0,False,False,130.0,2.0,0.9,1.1,0.9,1.2,1.0,0.9,700.0,56.0,700.0,56.0,0,0,False,0,3,68.0,49.0,0.0,33.3,True,True,False,False,True,12,2,False,128.0,128.0,128.0,SPOKED,SPOKED,1,1,80.0,80.0,312.0,855.0,34.9,312.0,1.0
410.0,70.0,580.0,73.0,150.0,45.0,550.0,73.0,650.0,45.0,40.0,30.0,35.0,25.0,25.0,15.0,15.0,TITANIUM,30.0,45.0,45.0,330.0,350.0,16.0,18.0,False,False,130.0,2.0,1.2,1.0,1.1,1.2,1.0,1.1,700.0,60.0,700.0,60.0,0,0,False,0,3,68.0,45.0,692.0,31.8,False,False,False,False,True,11,2,False,128.0,128.0,128.0,SPOKED,SPOKED,0,0,0.0,0.0,270.0,540.0,35.0,300.0,1.0
415.0,68.0,590.0,72.5,155.0,48.0,560.0,72.8,655.0,42.0,37.0,29.0,34.0,24.0,24.0,16.0,16.0,TITANIUM,32.0,46.0,46.0,332.0,352.0,16.0,18.0,False,False,135.0,2.0,1.1,1.05,1.1,1.05,1.0,1.0,705.0,55.0,705.0,55.0,0,0,False,0,3,70.0,47.0,690.0,32.0,False,False,False,False,True,12,2,False,120.0,120.0,120.0,SPOKED,SPOKED,0,0,0.0,0.0,260.0,545.0,34.0,295.0,1.0
420.0,72.0,575.0,73.5,145.0,47.0,545.0,73.2,648.0,48.0,40.0,31.0,36.0,26.0,26.0,14.0,16.0,TITANIUM,28.0,44.0,44.0,330.0,350.0,16.0,18.0,True,False,130.0,2.0,1.15,1.0,1.05,1.15,1.0,1.05,698.0,58.0,698.0,58.0,0,0,False,0,3,66.0,43.0,692.0,31.8,True,False,False,False,True,10,1,False,100.0,100.0,110.0,SPOKED,SPOKED,0,0,0.0,0.0,265.0,550.0,36.0,310.0,1.0
405.0,71.0,585.0,73.0,160.0,46.0,555.0,73.0,652.0,44.0,38.0,30.5,35.5,25.5,24.5,15.0,15.5,TITANIUM,31.0,45.5,45.5,331.0,351.0,16.5,18.5,False,True,130.0,2.0,1.2,1.1,1.0,1.1,1.0,1.2,702.0,59.0,702.0,59.0,0,0,False,0,3,69.0,46.0,695.0,31.9,False,True,False,False,True,11,2,False,110.0,110.0,100.0,SPOKED,SPOKED,0,0,0.0,0.0,275.0,535.0,35.5,305.0,1.0
430.0,70.0,572.0,72.8,148.0,49.0,565.0,73.1,660.0,46.0,39.0,29.5,34.5,24.5,25.5,15.0,14.5,TITANIUM,29.0,47.0,47.0,333.0,353.0,16.0,18.0,False,False,135.0,2.0,1.1,1.2,1.1,1.05,1.05,1.0,710.0,57.0,710.0,57.0,0,0,False,0,3,67.0,44.0,690.0,32.1,False,False,False,False,True,12,1,False,130.0,130.0,130.0,SPOKED,SPOKED,0,0,0.0,0.0,280.0,545.0,34.0,320.0,1.0
412.0,69.0,578.0,73.2,152.0,45.5,558.0,73.4,654.0,43.5,40.0,30.0,35.0,25.0,26.0,16.0,15.0,TITANIUM,30.5,45.0,45.0,330.5,350.5,16.2,18.2,False,False,132.0,2.0,1.15,1.1,1.05,1.2,1.0,1.05,703.0,56.0,703.0,56.0,0,0,False,0,3,68.5,45.5,692.0,31.8,False,False,False,False,True,11,2,False,140.0,140.0,150.0,SPOKED,SPOKED,0,0,0.0,0.0,272.0,538.0,35.0,315.0,1.0
425.0,71.5,582.0,73.1,158.0,48.5,562.0,72.9,656.0,44.5,39.0,30.8,35.2,25.8,24.8,14.8,16.2,TITANIUM,31.8,46.8,46.8,331.8,351.8,16.8,18.8,False,True,130.0,2.0,1.05,1.0,1.1,1.15,1.0,1.05,706.0,54.0,706.0,54.0,0,0,False,0,3,69.5,46.5,693.0,31.7,False,False,False,False,True,13,2,False,90.0,90.0,100.0,SPOKED,SPOKED,0,0,0.0,0.0,268.0,550.0,36.0,300.0,1.0
418.0,70.2,576.0,72.9,149.0,46.2,557.0,73.3,651.0,45.8,38.5,30.2,35.1,25.1,25.1,15.2,14.8,TITANIUM,30.2,45.2,45.2,330.2,350.2,16.1,18.1,False,False,133.0,2.0,1.12,1.08,1.06,1.14,1.02,1.08,701.0,61.0,701.0,61.0,0,0,False,0,3,68.2,45.2,694.0,31.9,False,False,False,False,True,10,2,False,200.0,200.0,200.0,SPOKED,SPOKED,0,0,0.0,0.0,274.0,542.0,35.2,310.0,1.0
422.0,69.8,584.0,73.3,153.0,47.8,559.0,73.5,653.0,43.8,39.5,29.8,35.8,25.8,24.9,15.5,15.5,TITANIUM,30.8,45.8,45.8,330.8,350.8,16.3,18.3,False,False,131.0,2.0,1.14,1.02,1.07,1.13,1.01,1.09,704.0,57.5,704.0,57.5,0,0,False,0,3,68.8,45.8,693.0,31.6,False,False,False,False,True,11,2,False,150.0,150.0,150.0,SPOKED,SPOKED,0,0,0.0,0.0,269.0,552.0,35.8,305.0,1.0
408.0,70.5,579.0,72.7,147.0,45.3,553.0,73.0,649.0,46.2,38.8,30.4,35.3,25.3,25.3,15.1,15.9,TITANIUM,29.5,45.5,45.5,330.5,350.5,16.4,18.4,False,False,134.0,2.0,1.18,1.09,1.04,1.19,1.03,1.06,699.0,59.5,699.0,59.5,0,0,False,0,3,67.5,44.5,691.0,31.8,False,False,False,False,True,12,1,False,80.0,80.0,90.0,SPOKED,SPOKED,0,0,0.0,0.0,276.0,540.0,35.1,298.0,1.0
420.0,70.0,620.0,73.0,160.0,47.0,560.0,73.5,655.0,50.0,45.0,30.0,36.5,28.0,28.0,15.0,15.0,TITANIUM,35.0,50.0,45.0,0.0,0.0,0.0,0.0,False,False,130.0,2.0,1.2,1.2,1.3,1.0,1.0,1.2,673.0,25.0,673.0,25.0,0,2,False,0,3,68.0,45.0,0.0,31.8,False,True,False,False,True,11,2,False,128.0,128.0,128.0,SPOKED,SPOKED,0,0,0.0,0.0,250.0,780.0,36.5,300.0,1.0
425.0,68.0,615.0,72.5,155.0,48.0,565.0,73.0,650.0,52.0,45.0,31.0,36.5,28.0,29.0,15.5,16.0,TITANIUM,34.0,52.0,44.0,0.0,0.0,0.0,0.0,False,False,130.0,2.0,1.2,1.2,1.3,1.0,1.0,1.2,673.0,24.0,673.0,24.0,0,2,False,0,3,68.0,46.0,0.0,31.8,False,True,False,False,True,11,2,False,120.0,120.0,120.0,SPOKED,SPOKED,0,0,0.0,0.0,245.0,770.0,36.5,300.0,1.0
430.0,72.0,630.0,74.0,165.0,47.0,555.0,74.0,660.0,48.0,45.0,30.0,37.0,28.0,29.0,14.0,15.0,TITANIUM,36.0,51.0,46.0,0.0,0.0,0.0,0.0,False,False,130.0,2.0,1.2,1.2,1.4,1.0,1.0,1.2,673.0,25.0,673.0,25.0,0,2,False,0,3,68.0,45.0,0.0,31.8,False,True,False,False,True,11,2,False,130.0,130.0,130.0,SPOKED,SPOKED,0,0,0.0,0.0,255.0,790.0,37.0,300.0,1.0
415.0,69.0,618.0,73.5,158.0,46.0,570.0,73.0,652.0,50.0,45.0,29.0,36.5,28.0,28.5,15.0,15.5,TITANIUM,35.5,50.0,45.5,0.0,0.0,0.0,0.0,False,False,130.0,2.0,1.1,1.2,1.3,1.0,1.0,1.1,673.0,24.5,673.0,24.5,0,2,False,0,3,68.0,45.0,0.0,31.8,False,True,False,False,True,11,2,False,125.0,125.0,125.0,SPOKED,SPOKED,0,0,0.0,0.0,250.0,780.0,36.5,300.0,1.0
440.0,71.0,625.0,72.0,162.0,49.0,565.0,72.5,658.0,55.0,45.0,32.0,37.0,29.0,29.0,16.0,16.0,TITANIUM,36.0,52.0,46.0,0.0,0.0,0.0,0.0,False,False,130.0,2.0,1.2,1.2,1.3,1.0,1.0,1.2,673.0,26.0,673.0,26.0,0,2,False,0,3,68.0,45.0,0.0,31.8,False,True,False,False,True,11,2,False,135.0,135.0,135.0,SPOKED,SPOKED,0,0,0.0,0.0,260.0,800.0,37.0,300.0,1.0
410.0,68.0,612.0,74.5,159.0,45.0,558.0,73.8,651.0,49.0,45.0,30.0,36.5,28.0,28.0,15.0,15.0,TITANIUM,34.0,49.0,44.0,0.0,0.0,0.0,0.0,False,False,130.0,2.0,1.2,1.1,1.3,1.0,1.0,1.2,673.0,25.0,673.0,25.0,0,2,False,0,3,68.0,45.0,0.0,31.8,False,True,False,False,True,11,2,False,127.0,127.0,127.0,SPOKED,SPOKED,0,0,0.0,0.0,248.0,775.0,36.5,300.0,1.0
435.0,70.0,620.0,73.2,161.0,48.0,562.0,73.3,657.0,50.0,45.0,31.0,36.5,28.0,28.0,15.5,15.5,TITANIUM,35.0,51.0,45.0,0.0,0.0,0.0,0.0,False,False,130.0,2.0,1.2,1.2,1.3,1.0,1.0,1.2,673.0,24.0,673.0,24.0,0,2,False,0,3,68.0,45.0,0.0,31.8,False,True,False,False,True,11,2,False,132.0,132.0,132.0,SPOKED,SPOKED,0,0,0.0,0.0,252.0,785.0,36.5,300.0,1.0
425.0,69.0,613.0,72.8,157.0,47.0,555.0,73.5,653.0,51.0,45.0,30.0,36.7,28.0,28.0,15.0,15.0,TITANIUM,34.5,50.5,44.5,0.0,0.0,0.0,0.0,False,False,130.0,2.0,1.2,1.3,1.3,1.0,1.0,1.2,673.0,25.0,673.0,25.0,0,2,False,0,3,68.0,45.0,0.0,31.8,False,True,False,False,True,11,2,False,126.0,126.0,126.0,SPOKED,SPOKED,0,0,0.0,0.0,249.0,772.0,36.7,300.0,1.0
418.0,67.0,619.0,73.0,158.0,47.5,560.0,73.6,654.0,50.0,45.0,30.0,36.5,28.0,28.0,15.0,15.0,TITANIUM,35.0,50.0,45.0,0.0,0.0,0.0,0.0,False,False,130.0,2.0,1.2,1.2,1.3,1.0,1.0,1.2,673.0,25.0,673.0,25.0,0,2,False,0,3,68.0,45.0,0.0,31.8,False,True,False,False,True,11,2,False,124.0,124.0,124.0,SPOKED,SPOKED,0,0,0.0,0.0,251.0,778.0,36.5,300.0,1.0
445.0,72.0,628.0,72.7,163.0,49.0,570.0,72.9,659.0,53.0,45.0,32.0,37.0,29.0,29.0,16.0,16.0,TITANIUM,36.5,52.0,46.0,0.0,0.0,0.0,0.0,False,False,130.0,2.0,1.2,1.2,1.3,1.0,1.0,1.2,673.0,26.0,673.0,26.0,0,2,False,0,3,68.0,45.0,0.0,31.8,False,True,False,False,True,11,2,False,130.0,130.0,130.0,SPOKED,SPOKED,0,0,0.0,0.0,260.0,795.0,37.0,300.0,1.0
405.0,75.0,620.0,73.0,170.0,50.0,600.0,74.0,660.0,45.0,45.0,28.6,33.6,36.5,23.35,13.0,15.0,TITANIUM,40.0,45.0,45.0,330.0,350.0,16.0,18.0,False,False,130.0,1.0,1.0,1.0,1.0,1.0,1.0,1.0,680.0,50.0,680.0,50.0,0,2,False,0,3,68.0,45.0,0.0,31.8,False,True,False,False,True,11,2,False,128.0,128.0,128.0,SPOKED,DISC,0,0,0.0,0.0,280.0,760.0,34.9,300.0,1.0
420.0,70.0,635.0,72.5,160.0,55.0,610.0,73.5,655.0,45.0,45.0,30.0,32.0,36.5,23.35,15.0,15.0,TITANIUM,45.0,50.0,50.0,330.0,350.0,16.0,18.0,True,True,130.0,1.0,1.0,1.0,1.0,1.0,1.0,1.0,680.0,52.0,680.0,52.0,0,2,False,0,3,68.0,45.0,0.0,31.8,True,True,False,False,True,12,2,False,128.0,128.0,128.0,DISC,SPOKED,0,0,0.0,0.0,285.0,750.0,34.9,310.0,1.0
415.0,65.0,625.0,74.0,180.0,48.0,605.0,75.0,660.0,45.0,45.0,28.6,34.9,36.5,23.35,13.0,15.0,TITANIUM,50.0,40.0,45.0,330.0,350.0,16.0,18.0,False,False,130.0,1.0,1.0,1.0,1.0,1.0,1.0,1.0,680.0,50.0,680.0,50.0,0,2,False,0,3,70.0,48.0,0.0,31.8,False,True,False,False,True,11,1,False,128.0,128.0,128.0,TRISPOKE,SPOKED,1,0,35.0,0.0,280.0,755.0,36.5,295.0,1.0
430.0,80.0,630.0,71.5,120.0,52.0,595.0,76.0,650.0,45.0,45.0,29.0,33.6,36.5,23.35,14.0,15.0,TITANIUM,35.0,45.0,40.0,330.0,350.0,16.0,18.0,True,False,130.0,1.0,1.0,1.0,1.0,1.0,1.0,1.0,680.0,48.0,680.0,48.0,0,2,False,0,3,68.0,45.0,0.0,31.8,True,False,False,False,True,11,2,False,128.0,128.0,128.0,SPOKED,TRISPOKE,0,1,0.0,35.0,275.0,745.0,34.9,305.0,1.0
400.0,68.0,615.0,74.5,150.0,50.0,610.0,74.0,665.0,45.0,45.0,31.0,34.5,36.5,23.35,13.0,15.0,TITANIUM,45.0,50.0,45.0,330.0,350.0,16.0,18.0,True,True,130.0,1.0,1.0,1.0,1.0,1.0,1.0,1.0,680.0,52.0,680.0,52.0,0,2,False,0,3,68.0,45.0,0.0,31.8,False,True,False,False,True,11,2,False,128.0,128.0,128.0,TRISPOKE,TRISPOKE,1,1,30.0,30.0,290.0,765.0,35.5,290.0,1.0
425.0,72.0,640.0,73.5,165.0,53.0,620.0,73.0,670.0,45.0,45.0,28.6,33.6,36.5,23.35,14.0,15.0,TITANIUM,40.0,45.0,45.0,330.0,350.0,16.0,18.0,False,False,130.0,1.0,1.0,1.0,1.0,1.0,1.0,1.0,680.0,50.0,680.0,50.0,0,2,False,0,3,68.0,45.0,0.0,31.8,False,False,False,False,True,11,2,False,128.0,128.0,128.0,DISC,DISC,0,0,0.0,0.0,285.0,755.0,34.9,315.0,1.0
410.0,74.0,610.0,72.0,140.0,49.0,590.0,74.5,645.0,45.0,45.0,28.6,33.6,36.5,23.35,12.0,15.0,TITANIUM,38.0,42.0,43.0,330.0,350.0,16.0,18.0,True,False,130.0,1.0,1.0,1.0,1.0,1.0,1.0,1.0,680.0,50.0,680.0,50.0,0,2,False,0,3,68.0,45.0,0.0,31.8,False,False,False,False,True,11,2,False,128.0,128.0,128.0,SPOKED,SPOKED,0,0,0.0,0.0,275.0,730.0,34.9,285.0,1.0
405.0,71.0,635.0,75.0,155.0,56.0,615.0,72.0,658.0,45.0,45.0,28.6,32.5,36.5,23.35,15.0,15.0,TITANIUM,45.0,45.0,50.0,330.0,350.0,16.0,18.0,False,True,130.0,1.0,1.0,1.0,1.0,1.0,1.0,1.0,680.0,50.0,680.0,50.0,0,2,False,0,3,68.0,45.0,0.0,31.8,False,True,False,False,True,11,2,False,128.0,128.0,128.0,DISC,TRISPOKE,0,1,0.0,30.0,285.0,740.0,34.9,305.0,1.0
440.0,69.0,650.0,71.0,175.0,57.0,625.0,75.5,670.0,45.0,45.0,28.6,33.0,36.5,23.35,16.0,15.0,TITANIUM,48.0,48.0,48.0,330.0,350.0,16.0,18.0,False,False,130.0,1.0,1.0,1.0,1.0,1.0,1.0,1.0,680.0,50.0,680.0,50.0,0,2,False,0,3,68.0,45.0,0.0,31.8,False,True,False,False,True,11,2,False,128.0,128.0,128.0,TRISPOKE,DISC,1,0,30.0,0.0,290.0,770.0,34.9,320.0,1.0
395.0,78.0,605.0,74.0,165.0,54.0,600.0,74.0,650.0,45.0,45.0,28.6,33.6,36.5,23.35,14.0,15.0,TITANIUM,42.0,45.0,45.0,330.0,350.0,16.0,18.0,True,True,130.0,1.0,1.0,1.0,1.0,1.0,1.0,1.0,680.0,50.0,680.0,50.0,0,2,False,0,3,68.0,45.0,0.0,31.8,True,True,False,False,True,11,2,False,128.0,128.0,128.0,SPOKED,SPOKED,0,0,0.0,0.0,280.0,735.0,34.9,300.0,1.0
430.0,70.0,550.0,73.0,160.0,50.0,550.0,74.0,660.0,45.0,34.0,32.0,30.0,25.0,25.0,15.0,9.0,TITANIUM,35.0,65.0,45.0,0.0,0.0,0.0,0.0,False,False,130.0,2.0,1.2,1.2,1.2,1.2,1.2,1.2,680.0,52.0,680.0,52.0,0,2,False,0,3,68.0,45.0,0.0,31.8,False,False,False,False,True,11,2,False,128.0,128.0,128.0,DISC,DISC,0,0,0.0,0.0,280.0,780.0,36.0,350.0,1.0
445.0,75.0,560.0,72.5,165.0,52.0,560.0,73.5,665.0,45.0,34.0,33.0,32.0,24.0,24.0,15.0,9.0,TITANIUM,36.0,67.0,46.0,0.0,0.0,0.0,0.0,False,False,130.0,2.0,1.1,1.2,1.1,1.2,1.1,1.1,674.0,52.0,674.0,52.0,0,2,False,0,3,70.0,46.0,0.0,31.8,False,True,False,False,True,12,2,False,128.0,128.0,128.0,DISC,DISC,0,0,0.0,0.0,285.0,785.0,37.0,355.0,1.0
450.0,70.0,570.0,74.0,170.0,53.0,570.0,74.5,670.0,50.0,34.0,34.0,33.0,26.0,26.0,15.0,9.0,TITANIUM,37.0,68.0,47.0,0.0,0.0,0.0,0.0,False,False,130.0,2.0,1.2,1.3,1.2,1.2,1.2,1.2,680.0,50.0,680.0,50.0,0,2,False,0,3,68.0,45.0,0.0,33.0,True,False,False,False,True,11,2,False,128.0,128.0,128.0,DISC,DISC,0,0,0.0,0.0,280.0,790.0,35.0,360.0,1.0
435.0,72.0,580.0,73.5,175.0,54.0,580.0,75.0,675.0,45.0,34.0,32.0,34.0,23.0,23.0,15.0,9.0,TITANIUM,38.0,69.0,48.0,0.0,0.0,0.0,0.0,False,False,130.0,2.1,1.2,1.1,1.3,1.2,1.1,1.2,680.0,53.0,680.0,53.0,0,1,False,0,3,68.0,45.0,0.0,31.8,False,False,False,False,True,10,2,False,128.0,128.0,128.0,DISC,DISC,0,0,0.0,0.0,290.0,795.0,34.0,370.0,1.0
420.0,68.0,590.0,72.0,180.0,55.0,590.0,74.0,680.0,45.0,34.0,33.0,36.0,22.0,22.0,15.0,9.0,TITANIUM,39.0,70.0,49.0,0.0,0.0,0.0,0.0,False,False,130.0,2.0,1.3,1.2,1.2,1.3,1.2,1.1,680.0,52.0,680.0,52.0,0,2,False,0,3,68.0,45.0,0.0,31.8,True,True,False,False,True,11,2,False,128.0,128.0,128.0,DISC,DISC,0,0,0.0,0.0,285.0,800.0,36.0,380.0,1.0
440.0,70.0,600.0,73.0,185.0,56.0,600.0,73.0,685.0,45.0,34.0,31.0,33.0,27.0,27.0,15.0,9.0,TITANIUM,40.0,72.0,50.0,0.0,0.0,0.0,0.0,False,False,130.0,2.0,1.1,1.2,1.1,1.2,1.1,1.2,700.0,55.0,700.0,55.0,0,2,False,0,3,68.0,45.0,0.0,31.8,False,False,False,False,True,12,2,False,128.0,128.0,128.0,DISC,DISC,0,0,0.0,0.0,280.0,810.0,33.0,390.0,1.0
455.0,70.0,610.0,74.0,190.0,57.0,610.0,74.0,690.0,42.0,34.0,30.0,34.0,25.0,25.0,15.0,9.0,TITANIUM,41.0,73.0,51.0,0.0,0.0,0.0,0.0,False,False,130.0,2.0,1.2,1.2,1.2,1.2,1.2,1.2,700.0,55.0,700.0,55.0,0,1,False,0,3,68.0,45.0,0.0,34.0,False,False,False,False,True,11,2,False,128.0,128.0,128.0,DISC,DISC,0,0,0.0,0.0,290.0,805.0,38.0,390.0,1.0
465.0,70.0,620.0,72.5,195.0,58.0,620.0,73.5,695.0,45.0,34.0,32.0,35.0,28.0,28.0,15.0,9.0,TITANIUM,42.0,74.0,52.0,0.0,0.0,0.0,0.0,False,False,130.0,2.0,1.3,1.2,1.2,1.2,1.3,1.2,680.0,52.0,680.0,52.0,0,2,False,0,3,68.0,45.0,0.0,31.8,False,False,False,False,True,11,2,False,128.0,128.0,128.0,DISC,DISC,0,0,0.0,0.0,285.0,810.0,35.0,400.0,1.0
475.0,70.0,630.0,73.0,200.0,59.0,630.0,74.0,700.0,45.0,34.0,33.0,36.0,23.0,23.0,15.0,9.0,TITANIUM,43.0,75.0,53.0,0.0,0.0,0.0,0.0,False,False,130.0,2.0,1.2,1.2,1.2,1.2,1.2,1.2,700.0,53.0,700.0,53.0,0,2,False,0,3,68.0,45.0,0.0,31.8,False,False,False,False,True,12,2,False,128.0,128.0,128.0,DISC,DISC,0,0,0.0,0.0,290.0,815.0,36.0,400.0,1.0
490.0,72.0,640.0,74.5,200.0,60.0,640.0,73.5,705.0,45.0,34.0,34.0,36.0,26.0,26.0,15.0,9.0,TITANIUM,44.0,76.0,54.0,0.0,0.0,0.0,0.0,False,False,130.0,2.0,1.1,1.2,1.2,1.2,1.1,1.2,700.0,54.0,700.0,54.0,0,2,False,0,3,68.0,46.0,0.0,32.0,False,False,False,False,True,12,2,False,128.0,128.0,128.0,DISC,DISC,0,0,0.0,0.0,295.0,820.0,38.0,420.0,1.0
405.0,70.0,610.0,72.0,130.0,50.0,540.0,73.0,650.0,50.0,45.0,28.6,36.5,23.35,23.35,13.0,15.0,TITANIUM,30.0,45.0,45.0,330.0,350.0,16.0,18.0,False,False,130.0,2.0,0.9,1.1,0.9,1.2,1.0,0.9,680.0,52.0,680.0,52.0,0,0,False,0,3,68.0,45.0,0.0,31.8,False,False,False,False,True,11,2,False,128.0,128.0,128.0,SPOKED,SPOKED,0,0,0.0,0.0,278.0,760.0,34.9,300.0,1.0
410.0,65.0,620.0,73.0,140.0,55.0,550.0,72.0,655.0,55.0,50.0,28.6,36.5,23.35,23.35,13.0,15.0,TITANIUM,35.0,50.0,50.0,330.0,350.0,16.0,18.0,False,False,130.0,2.0,0.9,1.1,0.9,1.2,1.0,0.9,680.0,52.0,680.0,52.0,0,0,False,0,3,68.0,45.0,0.0,31.8,False,False,False,False,True,11,2,False,128.0,128.0,128.0,SPOKED,SPOKED,0,0,0.0,0.0,278.0,760.0,34.9,300.0,1.0
415.0,75.0,630.0,71.5,150.0,60.0,560.0,73.5,660.0,45.0,55.0,28.6,36.5,23.35,23.35,13.0,15.0,TITANIUM,40.0,55.0,55.0,330.0,350.0,16.0,18.0,False,False,130.0,2.0,0.9,1.1,0.9,1.2,1.0,0.9,680.0,52.0,680.0,52.0,0,0,False,0,3,68.0,45.0,0.0,31.8,False,False,False,False,True,11,2,False,128.0,128.0,128.0,SPOKED,SPOKED,0,0,0.0,0.0,278.0,760.0,34.9,300.0,1.0
420.0,60.0,640.0,72.5,120.0,45.0,530.0,71.5,645.0,60.0,40.0,28.6,36.5,23.35,23.35,13.0,15.0,TITANIUM,25.0,40.0,60.0,330.0,350.0,16.0,18.0,False,False,130.0,2.0,0.9,1.1,0.9,1.2,1.0,0.9,680.0,52.0,680.0,52.0,0,0,False,0,3,68.0,45.0,0.0,31.8,False,False,False,False,True,11,2,False,128.0,128.0,128.0,SPOKED,SPOKED,0,0,0.0,0.0,278.0,760.0,34.9,300.0,1.0
425.0,80.0,600.0,73.5,160.0,65.0,570.0,74.0,665.0,50.0,60.0,28.6,36.5,23.35,23.35,13.0,15.0,TITANIUM,45.0,60.0,40.0,330.0,350.0,16.0,18.0,False,False,130.0,2.0,0.9,1.1,0.9,1.2,1.0,0.9,680.0,52.0,680.0,52.0,0,0,False,0,3,68.0,45.0,0.0,31.8,False,False,False,False,True,11,2,False,128.0,128.0,128.0,SPOKED,SPOKED,0,0,0.0,0.0,278.0,760.0,34.9,300.0,1.0
430.0,68.0,650.0,72.0,135.0,52.0,545.0,72.5,652.0,55.0,47.0,28.6,36.5,23.35,23.35,13.0,15.0,TITANIUM,32.0,48.0,52.0,330.0,350.0,16.0,18.0,False,False,130.0,2.0,0.9,1.1,0.9,1.2,1.0,0.9,680.0,52.0,680.0,52.0,0,0,False,0,3,68.0,45.0,0.0,31.8,False,False,False,False,True,11,2,False,128.0,128.0,128.0,SPOKED,SPOKED,0,0,0.0,0.0,278.0,760.0,34.9,300.0,1.0
435.0,72.0,670.0,73.0,145.0,58.0,565.0,73.7,662.0,45.0,52.0,28.6,36.5,23.35,23.35,13.0,15.0,TITANIUM,37.0,53.0,57.0,330.0,350.0,16.0,18.0,False,False,130.0,2.0,0.9,1.1,0.9,1.2,1.0,0.9,680.0,52.0,680.0,52.0,0,0,False,0,3,68.0,45.0,0.0,31.8,False,False,False,False,True,11,2,False,128.0,128.0,128.0,SPOKED,SPOKED,0,0,0.0,0.0,278.0,760.0,34.9,300.0,1.0
440.0,66.0,590.0,71.5,125.0,48.0,535.0,71.7,648.0,60.0,42.0,28.6,36.5,23.35,23.35,13.0,15.0,TITANIUM,27.0,43.0,47.0,330.0,350.0,16.0,18.0,False,False,130.0,2.0,0.9,1.1,0.9,1.2,1.0,0.9,680.0,52.0,680.0,52.0,0,0,False,0,3,68.0,45.0,0.0,31.8,False,False,False,False,True,11,2,False,128.0,128.0,128.0,SPOKED,SPOKED,0,0,0.0,0.0,278.0,760.0,34.9,300.0,1.0
445.0,74.0,660.0,74.0,155.0,62.0,575.0,74.2,668.0,50.0,57.0,28.6,36.5,23.35,23.35,13.0,15.0,TITANIUM,42.0,58.0,62.0,330.0,350.0,16.0,18.0,False,False,130.0,2.0,0.9,1.1,0.9,1.2,1.0,0.9,680.0,52.0,680.0,52.0,0,0,False,0,3,68.0,45.0,0.0,31.8,False,False,False,False,True,11,2,False,128.0,128.0,128.0,SPOKED,SPOKED,0,0,0.0,0.0,278.0,760.0,34.9,300.0,1.0
450.0,69.0,655.0,72.5,165.0,54.0,555.0,72.2,658.0,55.0,49.0,28.6,36.5,23.35,23.35,13.0,15.0,TITANIUM,33.0,49.0,54.0,330.0,350.0,16.0,18.0,False,False,130.0,2.0,0.9,1.1,0.9,1.2,1.0,0.9,680.0,52.0,680.0,52.0,0,0,False,0,3,68.0,45.0,0.0,31.8,False,False,False,False,True,11,2,False,128.0,128.0,128.0,SPOKED,SPOKED,0,0,0.0,0.0,278.0,760.0,34.9,300.0,1.0
420.0,70.0,590.0,72.0,160.0,45.0,540.0,73.0,610.0,45.0,40.0,28.6,36.5,36.5,30.0,13.0,15.0,TITANIUM,25.0,40.0,40.0,0.0,0.0,0.0,0.0,False,False,130.0,2.0,0.9,1.1,0.9,1.2,1.0,0.9,680.0,52.0,680.0,52.0,0,0,False,0,3,68.0,45.0,31.8,31.8,False,True,False,False,True,11,2,False,128.0,128.0,128.0,DISC,SPOKED,0,0,0.0,0.0,280.0,720.0,34.9,300.0,0.0
426.0,72.0,595.0,73.0,170.0,45.0,550.0,74.0,620.0,45.0,40.0,28.6,36.5,36.5,30.0,13.0,15.0,TITANIUM,30.0,45.0,40.0,0.0,0.0,0.0,0.0,False,False,130.0,2.0,0.9,1.1,0.9,1.2,1.0,0.9,680.0,52.0,680.0,52.0,0,0,False,0,3,68.0,45.0,31.8,31.8,False,True,False,False,True,11,2,False,128.0,128.0,128.0,DISC,SPOKED,0,0,0.0,0.0,285.0,725.0,34.9,300.0,0.0
432.0,68.0,600.0,74.0,180.0,45.0,560.0,72.5,630.0,45.0,40.0,28.6,36.5,36.5,30.0,13.0,15.0,TITANIUM,35.0,50.0,40.0,0.0,0.0,0.0,0.0,False,False,130.0,2.0,0.9,1.1,0.9,1.2,1.0,0.9,680.0,52.0,680.0,52.0,0,0,False,0,3,68.0,45.0,31.8,31.8,False,True,False,False,True,11,2,False,128.0,128.0,128.0,DISC,SPOKED,0,0,0.0,0.0,290.0,730.0,34.9,300.0,0.0
438.0,75.0,605.0,72.5,190.0,45.0,570.0,73.5,640.0,45.0,40.0,28.6,36.5,36.5,30.0,13.0,15.0,TITANIUM,40.0,55.0,40.0,0.0,0.0,0.0,0.0,False,False,130.0,2.0,0.9,1.1,0.9,1.2,1.0,0.9,680.0,52.0,680.0,52.0,0,0,False,0,3,68.0,45.0,31.8,31.8,False,True,False,False,True,11,2,False,128.0,128.0,128.0,DISC,SPOKED,0,0,0.0,0.0,295.0,735.0,34.9,300.0,0.0
444.0,65.0,610.0,74.5,200.0,45.0,580.0,74.5,650.0,45.0,40.0,28.6,36.5,36.5,30.0,13.0,15.0,TITANIUM,45.0,60.0,40.0,0.0,0.0,0.0,0.0,False,False,130.0,2.0,0.9,1.1,0.9,1.2,1.0,0.9,680.0,52.0,680.0,52.0,0,0,False,0,3,68.0,45.0,31.8,31.8,False,True,False,False,True,11,2,False,128.0,128.0,128.0,DISC,SPOKED,0,0,0.0,0.0,300.0,740.0,34.9,300.0,0.0
450.0,70.0,615.0,73.0,210.0,45.0,590.0,73.0,660.0,45.0,40.0,28.6,36.5,36.5,30.0,13.0,15.0,TITANIUM,50.0,65.0,40.0,0.0,0.0,0.0,0.0,False,False,130.0,2.0,0.9,1.1,0.9,1.2,1.0,0.9,680.0,52.0,680.0,52.0,0,0,False,0,3,68.0,45.0,31.8,31.8,False,True,False,False,True,11,2,False,128.0,128.0,128.0,DISC,SPOKED,0,0,0.0,0.0,305.0,745.0,34.9,300.0,0.0
456.0,73.0,620.0,72.0,220.0,45.0,600.0,72.0,670.0,45.0,40.0,28.6,36.5,36.5,30.0,13.0,15.0,TITANIUM,55.0,70.0,40.0,0.0,0.0,0.0,0.0,False,False,130.0,2.0,0.9,1.1,0.9,1.2,1.0,0.9,680.0,52.0,680.0,52.0,0,0,False,0,3,68.0,45.0,31.8,31.8,False,True,False,False,True,11,2,False,128.0,128.0,128.0,DISC,SPOKED,0,0,0.0,0.0,310.0,750.0,34.9,300.0,0.0
462.0,67.0,625.0,73.5,230.0,45.0,610.0,73.5,680.0,45.0,40.0,28.6,36.5,36.5,30.0,13.0,15.0,TITANIUM,60.0,75.0,40.0,0.0,0.0,0.0,0.0,False,False,130.0,2.0,0.9,1.1,0.9,1.2,1.0,0.9,680.0,52.0,680.0,52.0,0,0,False,0,3,68.0,45.0,31.8,31.8,False,True,False,False,True,11,2,False,128.0,128.0,128.0,DISC,SPOKED,0,0,0.0,0.0,315.0,755.0,34.9,300.0,0.0
468.0,69.0,630.0,74.0,240.0,45.0,620.0,74.0,690.0,45.0,40.0,28.6,36.5,36.5,30.0,13.0,15.0,TITANIUM,65.0,80.0,40.0,0.0,0.0,0.0,0.0,False,False,130.0,2.0,0.9,1.1,0.9,1.2,1.0,0.9,680.0,52.0,680.0,52.0,0,0,False,0,3,68.0,45.0,31.8,31.8,False,True,False,False,True,11,2,False,128.0,128.0,128.0,DISC,SPOKED,0,0,0.0,0.0,320.0,760.0,34.9,300.0,0.0
474.0,71.0,635.0,72.5,200.0,45.0,630.0,73.0,700.0,45.0,40.0,28.6,36.5,36.5,30.0,13.0,15.0,TITANIUM,50.0,55.0,40.0,0.0,0.0,0.0,0.0,False,False,130.0,2.0,0.9,1.1,0.9,1.2,1.0,0.9,680.0,52.0,680.0,52.0,0,0,False,0,3,68.0,45.0,31.8,31.8,False,True,False,False,True,11,2,False,128.0,128.0,128.0,DISC,SPOKED,0,0,0.0,0.0,300.0,735.0,34.9,300.0,0.0
420.0,75.0,550.0,73.0,160.0,50.0,550.0,74.0,580.0,50.0,40.0,29.0,33.0,28.0,25.0,15.0,20.0,TITANIUM,40.0,45.0,20.0,330.0,350.0,16.0,18.0,False,False,130.0,2.0,0.9,1.1,0.9,1.2,1.0,0.9,680.0,52.0,680.0,52.0,0,2,False,0,3,68.0,44.0,0.0,34.9,True,True,False,False,True,11,2,False,128.0,128.0,128.0,SPOKED,SPOKED,1,1,80.0,80.0,280.0,780.0,34.9,300.0,1.0
430.0,72.0,560.0,72.5,150.0,55.0,540.0,75.0,590.0,48.0,40.0,30.0,34.0,28.0,26.0,18.0,22.0,TITANIUM,38.0,43.0,22.0,330.0,350.0,16.0,18.0,False,False,130.0,2.0,0.9,1.1,0.9,1.2,1.0,0.9,680.0,52.0,680.0,52.0,0,2,False,0,3,68.0,44.0,0.0,34.9,True,True,False,False,False,12,2,False,120.0,120.0,120.0,SPOKED,SPOKED,1,1,80.0,80.0,285.0,770.0,34.9,320.0,1.0
425.0,80.0,540.0,74.0,170.0,60.0,560.0,73.0,570.0,52.0,40.0,28.0,32.0,29.0,24.0,16.0,18.0,TITANIUM,42.0,47.0,18.0,330.0,350.0,16.0,18.0,False,False,130.0,2.0,0.9,1.1,0.9,1.2,1.0,0.9,680.0,52.0,680.0,52.0,0,2,False,0,3,68.0,44.0,0.0,34.9,True,True,False,False,True,11,2,False,130.0,130.0,130.0,SPOKED,SPOKED,1,1,80.0,80.0,275.0,785.0,34.9,310.0,1.0
415.0,68.0,575.0,73.5,180.0,48.0,530.0,76.0,600.0,47.0,40.0,31.0,35.0,26.0,27.0,14.0,19.0,TITANIUM,45.0,50.0,25.0,330.0,350.0,16.0,18.0,False,False,130.0,2.0,0.9,1.1,0.9,1.2,1.0,0.9,680.0,52.0,680.0,52.0,0,2,False,0,3,68.0,44.0,0.0,34.9,True,True,False,False,True,10,1,False,125.0,125.0,125.0,SPOKED,SPOKED,1,1,90.0,90.0,290.0,765.0,34.9,305.0,1.0
440.0,78.0,530.0,72.0,140.0,52.0,545.0,74.0,600.0,49.0,40.0,29.0,33.0,28.0,26.0,17.0,21.0,TITANIUM,37.0,42.0,23.0,330.0,350.0,16.0,18.0,False,False,130.0,2.0,0.9,1.1,0.9,1.2,1.0,0.9,680.0,52.0,680.0,52.0,0,2,False,0,3,68.0,44.0,0.0,34.9,True,True,False,False,True,11,2,False,135.0,135.0,135.0,SPOKED,SPOKED,1,1,80.0,80.0,280.0,795.0,34.9,290.0,1.0
450.0,74.0,520.0,72.8,155.0,56.0,565.0,73.5,620.0,51.0,40.0,30.0,34.0,29.0,25.0,19.0,22.0,TITANIUM,39.0,44.0,21.0,330.0,350.0,16.0,18.0,False,False,130.0,2.0,0.9,1.1,0.9,1.2,1.0,0.9,680.0,52.0,680.0,52.0,0,2,False,0,3,68.0,44.0,0.0,34.9,True,True,False,False,True,11,2,False,140.0,140.0,140.0,SPOKED,SPOKED,1,1,80.0,80.0,300.0,780.0,34.9,310.0,1.0
430.0,77.0,545.0,73.2,165.0,53.0,550.0,74.5,610.0,50.0,40.0,32.0,35.0,30.0,28.0,18.0,20.0,TITANIUM,41.0,46.0,19.0,330.0,350.0,16.0,18.0,False,False,130.0,2.0,0.9,1.1,0.9,1.2,1.0,0.9,680.0,52.0,680.0,52.0,0,2,False,0,3,68.0,44.0,0.0,34.9,True,True,False,False,True,12,2,False,115.0,115.0,115.0,SPOKED,SPOKED,1,1,85.0,85.0,295.0,770.0,34.9,315.0,1.0
405.0,71.0,555.0,73.8,135.0,58.0,540.0,75.0,580.0,48.0,40.0,31.0,33.0,27.0,25.0,17.0,21.0,TITANIUM,36.0,41.0,24.0,330.0,350.0,16.0,18.0,False,False,130.0,2.0,0.9,1.1,0.9,1.2,1.0,0.9,680.0,52.0,680.0,52.0,0,2,False,0,3,68.0,44.0,0.0,34.9,True,True,False,False,True,11,2,False,132.0,132.0,132.0,SPOKED,SPOKED,1,1,80.0,80.0,270.0,790.0,34.9,300.0,1.0
440.0,69.0,565.0,74.1,190.0,50.0,560.0,73.0,600.0,53.0,40.0,30.0,34.0,28.0,26.0,16.0,22.0,TITANIUM,43.0,48.0,20.0,330.0,350.0,16.0,18.0,False,False,130.0,2.0,0.9,1.1,0.9,1.2,1.0,0.9,680.0,52.0,680.0,52.0,0,2,False,0,3,68.0,44.0,0.0,34.9,True,True,False,False,True,11,2,False,122.0,122.0,122.0,SPOKED,SPOKED,1,1,80.0,80.0,285.0,780.0,34.9,325.0,1.0
435.0,79.0,535.0,72.3,145.0,54.0,550.0,74.8,580.0,49.0,40.0,29.0,32.0,27.0,25.0,18.0,19.0,TITANIUM,38.0,43.0,22.0,330.0,350.0,16.0,18.0,False,False,130.0,2.0,0.9,1.1,0.9,1.2,1.0,0.9,680.0,52.0,680.0,52.0,0,2,False,0,3,68.0,44.0,0.0,34.9,True,True,False,False,True,12,2,False,138.0,138.0,138.0,SPOKED,SPOKED,1,1,80.0,80.0,290.0,775.0,34.9,305.0,1.0
420.0,70.0,620.0,73.5,160.0,40.0,580.0,74.0,650.0,50.0,40.0,38.0,30.0,40.0,25.0,13.0,15.0,TITANIUM,40.0,50.0,50.0,0.0,0.0,0.0,0.0,False,False,130.0,1.0,1.0,1.0,1.0,1.0,1.0,1.0,680.0,50.0,680.0,50.0,0,0,False,0,3,68.0,45.0,700.0,31.8,False,True,False,False,True,11,2,False,128.0,128.0,128.0,SPOKED,SPOKED,0,0,0.0,0.0,280.0,750.0,34.9,300.0,1.0
423.0,72.0,623.0,73.0,150.0,45.0,585.0,73.5,651.0,52.0,40.0,38.0,30.0,40.0,25.0,13.0,15.0,TITANIUM,35.0,45.0,45.0,0.0,0.0,0.0,0.0,False,False,130.0,1.0,1.0,1.0,1.0,1.0,1.0,1.0,680.0,50.0,680.0,50.0,0,0,False,0,3,68.0,45.0,700.0,31.8,False,True,False,False,True,11,2,False,128.0,128.0,128.0,SPOKED,SPOKED,0,0,0.0,0.0,280.0,755.0,34.9,300.0,1.0
426.0,68.0,626.0,72.5,170.0,50.0,590.0,74.5,652.0,48.0,40.0,38.0,30.0,40.0,25.0,13.0,15.0,TITANIUM,45.0,55.0,55.0,0.0,0.0,0.0,0.0,False,False,130.0,1.0,1.0,1.0,1.0,1.0,1.0,1.0,680.0,50.0,680.0,50.0,0,0,False,0,3,68.0,45.0,700.0,31.8,False,True,False,False,True,11,2,False,128.0,128.0,128.0,SPOKED,SPOKED,0,0,0.0,0.0,280.0,745.0,34.9,300.0,1.0
429.0,75.0,629.0,74.0,140.0,55.0,595.0,73.0,653.0,54.0,40.0,38.0,30.0,40.0,25.0,13.0,15.0,TITANIUM,30.0,40.0,40.0,0.0,0.0,0.0,0.0,False,False,130.0,1.0,1.0,1.0,1.0,1.0,1.0,1.0,680.0,50.0,680.0,50.0,0,0,False,0,3,68.0,45.0,700.0,31.8,False,True,False,False,True,11,2,False,128.0,128.0,128.0,SPOKED,SPOKED,0,0,0.0,0.0,280.0,760.0,34.9,300.0,1.0
432.0,65.0,632.0,72.0,180.0,60.0,600.0,74.0,654.0,46.0,40.0,38.0,30.0,40.0,25.0,13.0,15.0,TITANIUM,50.0,60.0,60.0,0.0,0.0,0.0,0.0,False,False,130.0,1.0,1.0,1.0,1.0,1.0,1.0,1.0,680.0,50.0,680.0,50.0,0,0,False,0,3,68.0,45.0,700.0,31.8,False,True,False,False,True,11,2,False,128.0,128.0,128.0,SPOKED,SPOKED,0,0,0.0,0.0,280.0,740.0,34.9,300.0,1.0
435.0,69.0,635.0,73.0,155.0,42.0,605.0,73.5,655.0,51.0,40.0,38.0,30.0,40.0,25.0,13.0,15.0,TITANIUM,37.0,47.0,47.0,0.0,0.0,0.0,0.0,False,False,130.0,1.0,1.0,1.0,1.0,1.0,1.0,1.0,680.0,50.0,680.0,50.0,0,0,False,0,3,68.0,45.0,700.0,31.8,False,True,False,False,True,11,2,False,128.0,128.0,128.0,SPOKED,SPOKED,0,0,0.0,0.0,280.0,752.0,34.9,300.0,1.0
438.0,73.0,638.0,72.5,165.0,47.0,610.0,74.5,656.0,53.0,40.0,38.0,30.0,40.0,25.0,13.0,15.0,TITANIUM,42.0,52.0,52.0,0.0,0.0,0.0,0.0,False,False,130.0,1.0,1.0,1.0,1.0,1.0,1.0,1.0,680.0,50.0,680.0,50.0,0,0,False,0,3,68.0,45.0,700.0,31.8,False,True,False,False,True,11,2,False,128.0,128.0,128.0,SPOKED,SPOKED,0,0,0.0,0.0,280.0,758.0,34.9,300.0,1.0
441.0,67.0,641.0,74.0,145.0,52.0,615.0,73.0,657.0,49.0,40.0,38.0,30.0,40.0,25.0,13.0,15.0,TITANIUM,32.0,42.0,42.0,0.0,0.0,0.0,0.0,False,False,130.0,1.0,1.0,1.0,1.0,1.0,1.0,1.0,680.0,50.0,680.0,50.0,0,0,False,0,3,68.0,45.0,700.0,31.8,False,True,False,False,True,11,2,False,128.0,128.0,128.0,SPOKED,SPOKED,0,0,0.0,0.0,280.0,748.0,34.9,300.0,1.0
444.0,74.0,644.0,73.5,175.0,57.0,620.0,74.0,658.0,55.0,40.0,38.0,30.0,40.0,25.0,13.0,15.0,TITANIUM,48.0,58.0,58.0,0.0,0.0,0.0,0.0,False,False,130.0,1.0,1.0,1.0,1.0,1.0,1.0,1.0,680.0,50.0,680.0,50.0,0,0,False,0,3,68.0,45.0,700.0,31.8,False,True,False,False,True,11,2,False,128.0,128.0,128.0,SPOKED,SPOKED,0,0,0.0,0.0,280.0,762.0,34.9,300.0,1.0
447.0,66.0,647.0,72.5,152.0,62.0,625.0,73.5,659.0,47.0,40.0,38.0,30.0,40.0,25.0,13.0,15.0,TITANIUM,36.0,46.0,46.0,0.0,0.0,0.0,0.0,False,False,130.0,1.0,1.0,1.0,1.0,1.0,1.0,1.0,680.0,50.0,680.0,50.0,0,0,False,0,3,68.0,45.0,700.0,31.8,False,True,False,False,True,11,2,False,128.0,128.0,128.0,SPOKED,SPOKED,0,0,0.0,0.0,280.0,742.0,34.9,300.0,1.0
400.0,70.0,600.0,73.0,160.0,50.0,550.0,73.0,650.0,45.0,40.0,32.0,34.9,34.0,32.0,40.0,15.0,TITANIUM,30.0,45.0,40.0,0.0,0.0,0.0,0.0,False,False,130.0,2.0,1.0,1.0,1.0,1.0,1.0,1.0,622.0,20.0,622.0,20.0,0,0,False,0,3,68.0,45.0,0.0,35.0,True,True,False,False,True,11,2,False,128.0,128.0,128.0,SPOKED,SPOKED,0,0,0.0,0.0,280.0,750.0,34.9,300.0,0.0
405.0,68.0,605.0,72.5,170.0,55.0,560.0,72.8,655.0,46.0,40.0,32.5,34.9,34.5,32.5,41.0,16.0,TITANIUM,31.0,46.0,42.0,0.0,0.0,0.0,0.0,False,False,130.0,2.0,1.0,1.0,1.0,1.0,1.0,1.0,622.0,20.0,622.0,20.0,0,0,False,0,3,68.0,45.0,0.0,35.0,True,True,False,False,True,11,2,False,128.0,128.0,128.0,SPOKED,SPOKED,0,0,0.0,0.0,280.0,750.0,34.9,300.0,0.0
410.0,72.0,610.0,73.5,180.0,52.0,570.0,73.2,660.0,47.0,40.0,33.0,34.9,35.0,33.0,39.0,15.0,TITANIUM,33.0,47.0,44.0,0.0,0.0,0.0,0.0,False,False,130.0,2.0,1.0,1.0,1.0,1.0,1.0,1.0,622.0,20.0,622.0,20.0,0,0,False,0,3,68.0,45.0,0.0,35.0,True,True,False,False,True,11,2,False,128.0,128.0,128.0,SPOKED,SPOKED,0,0,0.0,0.0,280.0,750.0,34.9,300.0,0.0
395.0,69.0,595.0,72.0,155.0,53.0,545.0,73.1,645.0,44.0,40.0,31.0,34.9,33.0,31.0,42.0,14.0,TITANIUM,28.0,44.0,38.0,0.0,0.0,0.0,0.0,False,False,130.0,2.0,1.0,1.0,1.0,1.0,1.0,1.0,622.0,20.0,622.0,20.0,0,0,False,0,3,68.0,45.0,0.0,35.0,True,True,False,False,True,11,2,False,128.0,128.0,128.0,SPOKED,SPOKED,0,0,0.0,0.0,280.0,750.0,34.9,300.0,0.0
415.0,71.0,615.0,73.0,165.0,54.0,575.0,72.5,665.0,48.0,40.0,33.5,34.9,34.0,33.5,40.0,16.0,TITANIUM,29.0,48.0,46.0,0.0,0.0,0.0,0.0,False,False,130.0,2.0,1.0,1.0,1.0,1.0,1.0,1.0,622.0,20.0,622.0,20.0,0,0,False,0,3,68.0,45.0,0.0,35.0,True,True,False,False,True,11,2,False,128.0,128.0,128.0,SPOKED,SPOKED,0,0,0.0,0.0,280.0,750.0,34.9,300.0,0.0
420.0,65.0,620.0,74.0,190.0,58.0,580.0,73.5,670.0,49.0,40.0,34.0,34.9,35.0,34.0,38.0,17.0,TITANIUM,35.0,50.0,48.0,0.0,0.0,0.0,0.0,False,False,130.0,2.0,1.0,1.0,1.0,1.0,1.0,1.0,622.0,20.0,622.0,20.0,0,0,False,0,3,68.0,45.0,0.0,35.0,True,True,False,False,True,11,2,False,128.0,128.0,128.0,SPOKED,SPOKED,0,0,0.0,0.0,280.0,750.0,34.9,300.0,0.0
390.0,66.0,590.0,72.8,150.0,51.0,530.0,72.2,635.0,43.0,40.0,30.0,34.9,32.0,30.0,42.0,14.0,TITANIUM,27.0,42.0,36.0,0.0,0.0,0.0,0.0,False,False,130.0,2.0,1.0,1.0,1.0,1.0,1.0,1.0,622.0,20.0,622.0,20.0,0,0,False,0,3,68.0,45.0,0.0,35.0,True,True,False,False,True,11,2,False,128.0,128.0,128.0,SPOKED,SPOKED,0,0,0.0,0.0,280.0,750.0,34.9,300.0,0.0
400.0,67.0,600.0,73.3,175.0,56.0,565.0,73.4,655.0,45.0,40.0,32.0,34.9,34.0,32.0,41.0,15.0,TITANIUM,32.0,49.0,43.0,0.0,0.0,0.0,0.0,False,False,130.0,2.0,1.0,1.0,1.0,1.0,1.0,1.0,622.0,20.0,622.0,20.0,0,0,False,0,3,68.0,45.0,0.0,35.0,True,True,False,False,True,11,2,False,128.0,128.0,128.0,SPOKED,SPOKED,0,0,0.0,0.0,280.0,750.0,34.9,300.0,0.0
405.0,63.0,605.0,74.2,185.0,60.0,590.0,74.0,660.0,50.0,40.0,33.0,34.9,34.5,33.0,39.0,16.0,TITANIUM,34.0,52.0,45.0,0.0,0.0,0.0,0.0,False,False,130.0,2.0,1.0,1.0,1.0,1.0,1.0,1.0,622.0,20.0,622.0,20.0,0,0,False,0,3,68.0,45.0,0.0,35.0,True,True,False,False,True,11,2,False,128.0,128.0,128.0,SPOKED,SPOKED,0,0,0.0,0.0,280.0,750.0,34.9,300.0,0.0
395.0,75.0,585.0,71.5,145.0,49.0,520.0,72.0,630.0,42.0,40.0,31.5,34.9,33.0,31.5,44.0,13.0,TITANIUM,26.0,41.0,35.0,0.0,0.0,0.0,0.0,False,False,130.0,2.0,1.0,1.0,1.0,1.0,1.0,1.0,622.0,20.0,622.0,20.0,0,0,False,0,3,68.0,45.0,0.0,35.0,True,True,False,False,True,11,2,False,128.0,128.0,128.0,SPOKED,SPOKED,0,0,0.0,0.0,280.0,750.0,34.9,300.0,0.0
405.0,68.0,610.0,72.5,150.0,50.0,520.0,73.0,650.0,50.0,40.0,30.0,36.0,36.0,30.0,13.0,15.0,TITANIUM,9.0,45.0,50.0,330.0,350.0,16.0,18.0,False,False,130.0,2.0,0.9,1.1,0.9,1.2,1.0,0.9,674.0,52.0,674.0,52.0,0,0,False,0,3,68.0,45.0,692.0,31.8,False,True,False,False,True,11,2,False,120.0,120.0,120.0,SPOKED,SPOKED,0,0,0.0,0.0,278.0,760.0,34.9,300.0,0.0
410.0,70.0,620.0,73.0,160.0,52.0,530.0,73.5,655.0,50.0,45.0,31.0,37.0,36.0,29.0,13.0,15.0,TITANIUM,8.0,46.0,51.0,330.0,350.0,16.0,18.0,False,False,130.0,2.0,0.9,1.1,0.9,1.2,1.0,0.9,674.0,52.0,674.0,52.0,0,1,False,0,3,68.0,46.0,692.0,31.8,False,True,False,False,True,11,2,False,125.0,125.0,125.0,SPOKED,SPOKED,0,0,0.0,0.0,280.0,765.0,34.9,300.0,0.0
415.0,72.0,630.0,73.5,170.0,48.0,540.0,73.8,660.0,50.0,50.0,32.0,38.0,35.0,31.0,13.0,15.0,TITANIUM,9.0,47.0,52.0,330.0,350.0,16.0,18.0,False,False,130.0,2.0,0.9,1.1,0.9,1.2,1.0,0.9,674.0,52.0,674.0,52.0,0,2,False,0,3,68.0,44.0,692.0,31.8,False,True,False,False,True,11,2,False,130.0,130.0,130.0,SPOKED,SPOKED,0,0,0.0,0.0,285.0,770.0,34.9,300.0,0.0
420.0,74.0,640.0,74.0,180.0,54.0,550.0,74.0,665.0,50.0,40.0,33.0,39.0,37.0,30.0,13.0,15.0,TITANIUM,10.0,48.0,53.0,330.0,350.0,16.0,18.0,False,False,130.0,2.0,0.9,1.1,0.9,1.2,1.0,0.9,674.0,52.0,674.0,52.0,0,0,False,0,3,68.0,45.0,692.0,31.8,False,True,False,False,True,11,2,False,135.0,135.0,135.0,SPOKED,SPOKED,0,0,0.0,0.0,290.0,775.0,34.9,300.0,0.0
425.0,66.0,650.0,74.5,190.0,46.0,560.0,74.2,670.0,50.0,45.0,34.0,40.0,36.0,32.0,13.0,15.0,TITANIUM,9.0,49.0,54.0,330.0,350.0,16.0,18.0,False,False,130.0,2.0,0.9,1.1,0.9,1.2,1.0,0.9,674.0,52.0,674.0,52.0,0,1,False,0,3,68.0,44.0,692.0,31.8,False,True,False,False,True,11,2,False,140.0,140.0,140.0,SPOKED,SPOKED,0,0,0.0,0.0,295.0,780.0,34.9,300.0,0.0
430.0,69.0,600.0,72.0,200.0,50.0,570.0,72.8,675.0,50.0,50.0,35.0,41.0,37.0,31.0,13.0,15.0,TITANIUM,10.0,50.0,55.0,330.0,350.0,16.0,18.0,False,False,130.0,2.0,0.9,1.1,0.9,1.2,1.0,0.9,674.0,52.0,674.0,52.0,0,2,False,0,3,68.0,45.0,692.0,31.8,False,True,False,False,True,11,2,False,145.0,145.0,145.0,SPOKED,SPOKED,0,0,0.0,0.0,300.0,785.0,34.9,300.0,0.0
435.0,71.0,605.0,73.2,145.0,52.0,580.0,73.1,680.0,50.0,40.0,30.0,42.0,36.0,32.0,13.0,15.0,TITANIUM,9.0,51.0,56.0,330.0,350.0,16.0,18.0,False,False,130.0,2.0,0.9,1.1,0.9,1.2,1.0,0.9,674.0,52.0,674.0,52.0,0,0,False,0,3,68.0,46.0,692.0,31.8,False,True,False,False,True,11,2,False,150.0,150.0,150.0,SPOKED,SPOKED,0,0,0.0,0.0,305.0,790.0,34.9,300.0,0.0
440.0,73.0,615.0,74.2,155.0,48.0,590.0,73.6,685.0,50.0,45.0,31.0,43.0,37.0,29.0,13.0,15.0,TITANIUM,8.0,52.0,57.0,330.0,350.0,16.0,18.0,False,False,130.0,2.0,0.9,1.1,0.9,1.2,1.0,0.9,674.0,52.0,674.0,52.0,0,1,False,0,3,68.0,44.0,692.0,31.8,False,True,False,False,True,11,2,False,155.0,155.0,155.0,SPOKED,SPOKED,0,0,0.0,0.0,310.0,795.0,34.9,300.0,0.0
445.0,75.0,625.0,72.8,165.0,54.0,600.0,74.1,690.0,50.0,50.0,32.0,44.0,36.0,30.0,13.0,15.0,TITANIUM,9.0,53.0,58.0,330.0,350.0,16.0,18.0,False,False,130.0,2.0,0.9,1.1,0.9,1.2,1.0,0.9,674.0,52.0,674.0,52.0,0,2,False,0,3,68.0,45.0,692.0,31.8,False,True,False,False,True,11,2,False,160.0,160.0,160.0,SPOKED,SPOKED,0,0,0.0,0.0,315.0,800.0,34.9,300.0,0.0
450.0,67.0,635.0,73.8,175.0,46.0,610.0,74.4,695.0,50.0,40.0,33.0,45.0,36.0,29.0,13.0,15.0,TITANIUM,10.0,54.0,59.0,330.0,350.0,16.0,18.0,False,False,130.0,2.0,0.9,1.1,0.9,1.2,1.0,0.9,674.0,52.0,674.0,52.0,0,0,False,0,3,68.0,46.0,692.0,31.8,False,True,False,False,True,11,2,False,165.0,165.0,165.0,SPOKED,SPOKED,0,0,0.0,0.0,320.0,805.0,34.9,300.0,0.0
410.0,65.0,610.0,73.0,140.0,42.0,540.0,72.0,550.0,45.0,40.0,28.6,36.5,23.35,13.0,12.0,9.0,TITANIUM,30.0,35.0,50.0,330.0,350.0,16.0,18.0,False,False,130.0,2.0,0.9,1.1,0.9,1.2,1.0,0.9,674.0,52.0,674.0,52.0,0,0,0,0,3,68.0,45.0,0.0,31.8,0,1,0,0,1,11,2,0,128.0,128.0,128.0,DISC,DISC,0,0,0.0,0.0,278.0,300.0,34.9,762.0,0.0
415.0,68.0,620.0,73.5,145.0,44.0,550.0,73.0,560.0,45.0,40.0,28.6,36.5,23.35,13.0,12.0,9.0,TITANIUM,30.0,35.0,50.0,330.0,350.0,16.0,18.0,False,False,130.0,2.0,0.9,1.1,0.9,1.2,1.0,0.9,674.0,52.0,674.0,52.0,0,0,0,0,3,68.0,45.0,0.0,31.8,0,1,0,0,1,11,2,0,128.0,128.0,128.0,DISC,DISC,0,0,0.0,0.0,278.0,300.0,34.9,762.0,0.0
420.0,70.0,630.0,74.0,150.0,46.0,560.0,73.5,570.0,45.0,40.0,28.6,36.5,23.35,13.0,12.0,9.0,TITANIUM,30.0,35.0,50.0,330.0,350.0,16.0,18.0,False,False,130.0,2.0,0.9,1.1,0.9,1.2,1.0,0.9,674.0,52.0,674.0,52.0,0,0,0,0,3,68.0,45.0,0.0,31.8,0,1,0,0,1,11,2,0,128.0,128.0,128.0,DISC,DISC,0,0,0.0,0.0,278.0,300.0,34.9,762.0,0.0
425.0,66.0,640.0,72.5,135.0,48.0,530.0,74.0,540.0,45.0,40.0,28.6,36.5,23.35,13.0,12.0,9.0,TITANIUM,30.0,35.0,50.0,330.0,350.0,16.0,18.0,False,False,130.0,2.0,0.9,1.1,0.9,1.2,1.0,0.9,674.0,52.0,674.0,52.0,0,0,0,0,3,68.0,45.0,0.0,31.8,0,1,0,0,1,11,2,0,128.0,128.0,128.0,DISC,DISC,0,0,0.0,0.0,278.0,300.0,34.9,762.0,0.0
430.0,68.0,650.0,73.0,140.0,50.0,540.0,72.0,550.0,45.0,40.0,28.6,36.5,23.35,13.0,12.0,9.0,TITANIUM,30.0,35.0,50.0,330.0,350.0,16.0,18.0,False,False,130.0,2.0,0.9,1.1,0.9,1.2,1.0,0.9,674.0,52.0,674.0,52.0,0,0,0,0,3,68.0,45.0,0.0,31.8,0,1,0,0,1,11,2,0,128.0,128.0,128.0,DISC,DISC,0,0,0.0,0.0,278.0,300.0,34.9,762.0,0.0
435.0,70.0,660.0,73.5,145.0,52.0,550.0,73.0,560.0,45.0,40.0,28.6,36.5,23.35,13.0,12.0,9.0,TITANIUM,30.0,35.0,50.0,330.0,350.0,16.0,18.0,False,False,130.0,2.0,0.9,1.1,0.9,1.2,1.0,0.9,674.0,52.0,674.0,52.0,0,0,0,0,3,68.0,45.0,0.0,31.8,0,1,0,0,1,11,2,0,128.0,128.0,128.0,DISC,DISC,0,0,0.0,0.0,278.0,300.0,34.9,762.0,0.0
440.0,67.0,670.0,74.0,150.0,54.0,560.0,73.5,570.0,45.0,40.0,28.6,36.5,23.35,13.0,12.0,9.0,TITANIUM,30.0,35.0,50.0,330.0,350.0,16.0,18.0,False,False,130.0,2.0,0.9,1.1,0.9,1.2,1.0,0.9,674.0,52.0,674.0,52.0,0,0,0,0,3,68.0,45.0,0.0,31.8,0,1,0,0,1,11,2,0,128.0,128.0,128.0,DISC,DISC,0,0,0.0,0.0,278.0,300.0,34.9,762.0,0.0
445.0,69.0,680.0,72.5,135.0,56.0,530.0,74.0,540.0,45.0,40.0,28.6,36.5,23.35,13.0,12.0,9.0,TITANIUM,30.0,35.0,50.0,330.0,350.0,16.0,18.0,False,False,130.0,2.0,0.9,1.1,0.9,1.2,1.0,0.9,674.0,52.0,674.0,52.0,0,0,0,0,3,68.0,45.0,0.0,31.8,0,1,0,0,1,11,2,0,128.0,128.0,128.0,DISC,DISC,0,0,0.0,0.0,278.0,300.0,34.9,762.0,0.0
450.0,68.0,640.0,73.0,140.0,58.0,540.0,72.0,550.0,45.0,40.0,28.6,36.5,23.35,13.0,12.0,9.0,TITANIUM,30.0,35.0,50.0,330.0,350.0,16.0,18.0,False,False,130.0,2.0,0.9,1.1,0.9,1.2,1.0,0.9,674.0,52.0,674.0,52.0,0,0,0,0,3,68.0,45.0,0.0,31.8,0,1,0,0,1,11,2,0,128.0,128.0,128.0,DISC,DISC,0,0,0.0,0.0,278.0,300.0,34.9,762.0,0.0
455.0,70.0,650.0,73.5,145.0,60.0,550.0,73.0,560.0,45.0,40.0,28.6,36.5,23.35,13.0,12.0,9.0,TITANIUM,30.0,35.0,50.0,330.0,350.0,16.0,18.0,False,False,130.0,2.0,0.9,1.1,0.9,1.2,1.0,0.9,674.0,52.0,674.0,52.0,0,0,0,0,3,68.0,45.0,0.0,31.8,0,1,0,0,1,11,2,0,128.0,128.0,128.0,DISC,DISC,0,0,0.0,0.0,278.0,300.0,34.9,762.0,0.0
405.0,70.0,600.0,73.0,150.0,50.0,580.0,73.0,660.0,50.0,45.0,30.0,34.0,36.5,23.5,13.0,15.0,TITANIUM,35.0,50.0,30.0,0.0,0.0,0.0,0.0,False,False,130.0,2.0,1.0,1.0,1.0,1.0,1.0,1.0,680.0,52.0,680.0,52.0,0,0,False,0,3,68.0,45.0,31.8,31.8,False,False,False,False,True,11,2,False,128.0,128.0,128.0,SPOKED,SPOKED,0,0,0.0,0.0,280.0,760.0,34.9,300.0,1.0
410.0,72.0,610.0,72.5,160.0,55.0,590.0,72.8,662.0,50.0,45.0,32.0,35.0,37.0,24.0,13.5,15.0,TITANIUM,36.0,52.0,32.0,0.0,0.0,0.0,0.0,False,False,130.0,2.0,1.0,1.0,1.0,1.0,1.0,1.0,680.0,52.0,680.0,52.0,0,1,False,0,3,68.0,45.0,31.8,31.8,False,False,False,False,True,11,2,False,128.0,128.0,128.0,SPOKED,SPOKED,0,0,0.0,0.0,280.0,760.0,34.9,300.0,1.0
420.0,68.0,620.0,73.5,155.0,50.0,585.0,73.2,665.0,52.0,46.0,30.0,34.0,36.5,23.5,13.0,15.0,TITANIUM,34.0,51.0,31.0,0.0,0.0,0.0,0.0,False,False,130.0,2.0,1.0,1.0,1.0,1.0,1.0,1.0,680.0,52.0,680.0,52.0,0,2,False,0,1,68.0,45.0,31.8,31.8,False,False,False,False,True,11,2,False,128.0,128.0,128.0,SPOKED,SPOKED,0,0,0.0,0.0,280.0,760.0,34.9,300.0,1.0
400.0,75.0,605.0,72.0,140.0,48.0,575.0,73.5,658.0,48.0,44.0,29.0,34.0,36.0,23.0,12.5,15.0,TITANIUM,32.0,48.0,28.0,0.0,0.0,0.0,0.0,False,False,130.0,2.0,1.0,1.0,1.0,1.0,1.0,1.0,680.0,52.0,680.0,52.0,0,0,False,0,3,68.0,45.0,31.8,31.8,False,False,False,False,True,11,2,False,128.0,128.0,128.0,SPOKED,SPOKED,0,0,0.0,0.0,280.0,760.0,34.9,300.0,1.0
415.0,70.0,615.0,74.0,170.0,60.0,600.0,73.0,670.0,55.0,45.0,31.0,34.5,36.5,24.0,13.0,14.0,TITANIUM,40.0,55.0,33.0,0.0,0.0,0.0,0.0,False,False,130.0,2.0,1.0,1.0,1.0,1.0,1.0,1.0,680.0,52.0,680.0,52.0,0,1,False,0,3,68.0,45.0,31.8,31.8,False,False,False,False,True,11,2,False,128.0,128.0,128.0,SPOKED,SPOKED,0,0,0.0,0.0,280.0,760.0,34.9,300.0,1.0
405.0,68.0,595.0,73.0,145.0,52.0,570.0,72.5,655.0,50.0,45.0,30.0,34.0,36.5,23.0,13.0,15.0,TITANIUM,33.0,49.0,29.0,0.0,0.0,0.0,0.0,False,False,130.0,2.0,1.0,1.0,1.0,1.0,1.0,1.0,680.0,52.0,680.0,52.0,0,2,False,0,3,68.0,45.0,31.8,31.8,False,False,False,False,True,11,2,False,128.0,128.0,128.0,SPOKED,SPOKED,0,0,0.0,0.0,280.0,760.0,34.9,300.0,1.0
430.0,72.0,630.0,73.8,160.0,58.0,610.0,74.0,675.0,60.0,47.0,33.0,35.0,37.0,25.0,14.0,16.0,TITANIUM,42.0,57.0,35.0,0.0,0.0,0.0,0.0,False,False,130.0,2.0,1.0,1.0,1.0,1.0,1.0,1.0,680.0,52.0,680.0,52.0,0,1,False,0,3,68.0,45.0,31.8,31.8,False,False,False,False,True,11,2,False,128.0,128.0,128.0,SPOKED,SPOKED,0,0,0.0,0.0,280.0,760.0,34.9,300.0,1.0
395.0,70.0,590.0,72.3,135.0,47.0,565.0,72.7,652.0,48.0,44.0,31.0,34.0,36.0,23.0,12.8,15.0,TITANIUM,31.0,47.0,27.0,0.0,0.0,0.0,0.0,False,False,130.0,2.0,1.0,1.0,1.0,1.0,1.0,1.0,680.0,52.0,680.0,52.0,0,0,False,0,1,68.0,45.0,31.8,31.8,False,False,False,False,True,11,2,False,128.0,128.0,128.0,SPOKED,SPOKED,0,0,0.0,0.0,280.0,760.0,34.9,300.0,1.0
420.0,75.0,620.0,74.2,180.0,60.0,600.0,73.9,680.0,55.0,46.0,33.0,35.0,37.0,24.0,14.0,15.0,TITANIUM,45.0,58.0,40.0,0.0,0.0,0.0,0.0,False,False,130.0,2.0,1.0,1.0,1.0,1.0,1.0,1.0,680.0,52.0,680.0,52.0,0,2,False,0,3,68.0,45.0,31.8,31.8,False,False,False,False,True,11,2,False,128.0,128.0,128.0,SPOKED,SPOKED,0,0,0.0,0.0,280.0,760.0,34.9,300.0,1.0
410.0,68.0,610.0,73.3,148.0,53.0,580.0,73.2,662.0,50.0,45.0,30.0,34.0,36.5,23.5,13.0,15.0,TITANIUM,36.0,51.0,30.0,0.0,0.0,0.0,0.0,False,False,130.0,2.0,1.0,1.0,1.0,1.0,1.0,1.0,680.0,52.0,680.0,52.0,0,1,False,0,3,68.0,45.0,31.8,31.8,False,False,False,False,True,11,2,False,128.0,128.0,128.0,SPOKED,SPOKED,0,0,0.0,0.0,280.0,760.0,34.9,300.0,1.0
415.0,70.0,550.0,73.0,120.0,50.0,550.0,73.5,580.0,45.0,47.0,32.0,38.0,28.0,22.0,13.0,9.0,TITANIUM,30.0,50.0,40.0,0.0,0.0,0.0,0.0,False,False,130.0,2.0,1.5,2.0,2.0,1.5,1.5,1.5,700.0,35.0,700.0,35.0,0,2,False,0,3,68.0,44.0,0.0,34.9,True,True,False,False,True,11,2,False,128.0,128.0,128.0,SPOKED,SPOKED,0,0,0.0,0.0,280.0,760.0,38.0,820.0,1.0
420.0,70.0,560.0,73.0,130.0,50.0,555.0,73.5,590.0,45.0,47.0,33.0,37.0,29.0,23.0,13.0,9.0,TITANIUM,32.0,52.0,40.0,0.0,0.0,0.0,0.0,False,False,130.0,2.0,1.5,2.0,2.0,1.5,1.5,1.5,700.0,35.0,700.0,35.0,0,1,False,0,3,68.0,44.0,0.0,34.9,True,True,False,False,True,11,2,False,128.0,128.0,128.0,DISC,SPOKED,0,0,0.0,0.0,280.0,760.0,37.0,820.0,1.0
425.0,70.0,570.0,73.0,140.0,50.0,560.0,73.5,600.0,45.0,47.0,34.0,39.0,30.0,24.0,13.0,9.0,TITANIUM,34.0,54.0,40.0,0.0,0.0,0.0,0.0,False,False,130.0,2.0,1.5,2.0,2.0,1.5,1.5,1.5,700.0,35.0,700.0,35.0,0,0,False,0,3,68.0,44.0,0.0,34.9,True,True,False,False,True,11,2,False,128.0,128.0,128.0,SPOKED,DISC,0,0,0.0,0.0,280.0,760.0,39.0,820.0,1.0
430.0,70.0,580.0,73.0,150.0,50.0,565.0,73.5,610.0,45.0,47.0,35.0,40.0,31.0,25.0,13.0,9.0,TITANIUM,36.0,56.0,40.0,0.0,0.0,0.0,0.0,False,False,130.0,2.0,1.5,2.0,2.0,1.5,1.5,1.5,700.0,35.0,700.0,35.0,0,1,False,0,3,68.0,44.0,0.0,34.9,True,True,False,False,True,11,2,False,128.0,128.0,128.0,DISC,DISC,0,0,0.0,0.0,280.0,760.0,40.0,820.0,1.0
435.0,70.0,590.0,73.0,160.0,50.0,570.0,73.5,620.0,45.0,47.0,31.0,36.0,32.0,26.0,13.0,9.0,TITANIUM,38.0,58.0,40.0,0.0,0.0,0.0,0.0,False,False,130.0,2.0,1.5,2.0,2.0,1.5,1.5,1.5,700.0,35.0,700.0,35.0,0,2,False,0,3,68.0,44.0,0.0,34.9,True,True,False,False,True,11,2,False,128.0,128.0,128.0,TRISPOKE,SPOKED,1,0,60.0,0.0,280.0,760.0,36.0,820.0,1.0
440.0,70.0,600.0,73.0,170.0,50.0,575.0,73.5,630.0,45.0,47.0,30.0,35.0,27.0,22.0,13.0,9.0,TITANIUM,40.0,60.0,40.0,0.0,0.0,0.0,0.0,False,False,130.0,2.0,1.5,2.0,2.0,1.5,1.5,1.5,700.0,35.0,700.0,35.0,0,0,False,0,3,68.0,44.0,0.0,34.9,True,True,False,False,True,11,2,False,128.0,128.0,128.0,SPOKED,TRISPOKE,0,1,0.0,60.0,280.0,760.0,35.0,820.0,1.0
445.0,70.0,610.0,73.0,180.0,50.0,580.0,73.5,640.0,45.0,47.0,34.5,38.5,29.5,23.5,13.0,9.0,TITANIUM,42.0,51.0,40.0,0.0,0.0,0.0,0.0,False,False,130.0,2.0,1.5,2.0,2.0,1.5,1.5,1.5,700.0,35.0,700.0,35.0,0,1,False,0,3,68.0,44.0,0.0,34.9,True,True,False,False,True,11,2,False,128.0,128.0,128.0,TRISPOKE,TRISPOKE,1,1,60.0,60.0,280.0,760.0,38.5,820.0,1.0
450.0,70.0,620.0,73.0,190.0,50.0,585.0,73.5,650.0,45.0,47.0,33.5,37.5,30.5,24.5,13.0,9.0,TITANIUM,44.0,53.0,40.0,0.0,0.0,0.0,0.0,False,False,130.0,2.0,1.5,2.0,2.0,1.5,1.5,1.5,700.0,35.0,700.0,35.0,0,2,False,0,3,68.0,44.0,0.0,34.9,True,True,False,False,True,11,2,False,128.0,128.0,128.0,DISC,TRISPOKE,1,1,60.0,60.0,280.0,760.0,37.5,820.0,1.0
455.0,70.0,630.0,73.0,200.0,50.0,590.0,73.5,660.0,45.0,47.0,32.5,39.5,31.5,25.5,13.0,9.0,TITANIUM,46.0,55.0,40.0,0.0,0.0,0.0,0.0,False,False,130.0,2.0,1.5,2.0,2.0,1.5,1.5,1.5,700.0,35.0,700.0,35.0,0,0,False,0,3,68.0,44.0,0.0,34.9,True,True,False,False,True,11,2,False,128.0,128.0,128.0,TRISPOKE,DISC,1,0,60.0,0.0,280.0,760.0,39.5,820.0,1.0
460.0,70.0,540.0,74.0,110.0,50.0,520.0,74.0,570.0,45.0,47.0,31.5,36.5,28.5,22.5,13.0,9.0,TITANIUM,39.0,57.0,40.0,0.0,0.0,0.0,0.0,False,False,130.0,2.0,1.5,2.0,2.0,1.5,1.5,1.5,700.0,35.0,700.0,35.0,2,1,True,2,3,68.0,44.0,0.0,34.9,True,True,False,False,True,11,2,False,128.0,128.0,128.0,SPOKED,SPOKED,0,0,0.0,0.0,280.0,770.0,36.5,830.0,1.0
405.0,68.0,620.0,73.0,160.0,50.0,550.0,73.0,650.0,50.0,40.0,33.1,36.5,23.35,23.35,13.0,15.0,TITANIUM,35.0,40.0,45.0,330.0,350.0,16.0,18.0,False,False,130.0,2.0,0.9,1.1,0.9,1.2,1.0,0.9,700.0,50.0,700.0,50.0,0,0,False,0,0,68.0,45.0,30.0,54.0,True,True,False,False,True,11,2,False,128.0,128.0,128.0,DISC,DISC,0,0,0.0,0.0,280.0,80.0,36.5,300.0,0.0
410.0,65.0,630.0,72.5,170.0,55.0,570.0,73.5,660.0,45.0,40.0,33.6,36.5,23.35,23.35,13.0,15.0,TITANIUM,30.0,42.0,48.0,330.0,350.0,16.0,18.0,False,False,130.0,2.0,0.9,1.1,0.9,1.2,1.0,0.9,700.0,50.0,700.0,50.0,0,0,False,0,0,68.0,45.0,30.0,54.0,True,True,False,False,True,12,2,False,128.0,128.0,128.0,DISC,DISC,0,0,0.0,0.0,280.0,82.0,36.5,310.0,0.0
400.0,70.0,615.0,73.5,155.0,52.0,535.0,72.0,640.0,55.0,40.0,33.1,36.5,23.35,23.35,13.0,15.0,TITANIUM,33.0,38.0,42.0,330.0,350.0,16.0,18.0,False,False,130.0,2.0,1.0,1.2,1.0,1.3,1.1,1.0,720.0,45.0,720.0,45.0,0,2,False,0,0,68.0,45.0,30.0,54.0,True,True,False,False,True,10,2,False,100.0,100.0,100.0,DISC,DISC,0,0,0.0,0.0,270.0,78.0,36.5,290.0,0.0
395.0,72.0,625.0,72.0,165.0,53.0,555.0,74.0,655.0,48.0,40.0,34.0,36.5,23.35,23.35,13.0,15.0,TITANIUM,34.0,40.0,46.0,330.0,350.0,16.0,18.0,False,False,130.0,2.0,0.9,1.1,0.9,1.2,1.0,0.9,680.0,55.0,680.0,55.0,0,1,False,0,0,68.0,45.0,30.0,56.0,True,True,False,False,True,11,1,False,140.0,140.0,140.0,DISC,DISC,0,0,0.0,0.0,285.0,81.0,36.5,305.0,0.0
420.0,67.0,635.0,73.2,180.0,57.0,565.0,73.8,662.0,52.0,40.0,33.5,36.5,23.35,23.35,13.0,15.0,TITANIUM,36.0,44.0,50.0,330.0,350.0,16.0,18.0,False,False,130.0,2.0,1.1,1.3,1.1,1.3,1.2,1.1,710.0,60.0,710.0,60.0,0,1,False,0,0,68.0,45.0,30.0,55.0,True,True,False,False,True,12,2,False,128.0,128.0,128.0,DISC,DISC,0,0,0.0,0.0,295.0,84.0,36.5,315.0,0.0
390.0,69.0,610.0,71.8,150.0,49.0,525.0,72.5,645.0,50.0,40.0,32.8,36.5,23.35,23.35,13.0,15.0,TITANIUM,31.0,36.0,44.0,330.0,350.0,16.0,18.0,False,False,130.0,2.0,0.9,1.0,0.9,1.1,1.0,0.9,690.0,48.0,690.0,48.0,0,0,False,0,0,68.0,45.0,30.0,53.0,True,True,False,False,True,9,2,False,128.0,128.0,128.0,DISC,DISC,0,0,0.0,0.0,265.0,75.0,36.5,285.0,0.0
415.0,66.0,640.0,73.8,175.0,54.0,560.0,74.5,670.0,53.0,40.0,33.2,36.5,23.35,23.35,13.0,15.0,TITANIUM,35.0,42.0,49.0,330.0,350.0,16.0,18.0,False,False,130.0,2.0,1.0,1.2,1.0,1.2,1.1,1.0,705.0,52.0,705.0,52.0,0,2,False,0,0,68.0,45.0,30.0,57.0,True,True,False,False,True,11,2,False,138.0,138.0,138.0,DISC,DISC,0,0,0.0,0.0,290.0,83.0,36.5,320.0,0.0
407.0,68.0,628.0,72.3,160.0,50.0,548.0,73.3,658.0,47.0,40.0,33.0,36.5,23.35,23.35,13.0,15.0,TITANIUM,32.0,39.0,47.0,330.0,350.0,16.0,18.0,False,False,130.0,2.0,0.9,1.1,0.9,1.2,1.0,0.9,695.0,50.0,695.0,50.0,0,1,False,0,0,68.0,45.0,30.0,54.0,True,True,False,False,True,10,1,False,128.0,128.0,128.0,DISC,DISC,0,0,0.0,0.0,280.0,80.0,36.5,300.0,0.0
395.0,71.0,635.0,73.5,170.0,57.0,565.0,74.0,660.0,55.0,40.0,34.0,36.5,23.35,23.35,13.0,15.0,TITANIUM,34.0,43.0,48.0,330.0,350.0,16.0,18.0,False,False,130.0,2.0,1.0,1.2,1.0,1.3,1.2,1.0,715.0,58.0,715.0,58.0,0,2,False,0,0,68.0,45.0,30.0,56.0,True,True,False,False,True,11,2,False,128.0,128.0,128.0,DISC,DISC,0,0,0.0,0.0,280.0,82.0,36.5,305.0,0.0
430.0,65.0,650.0,72.8,185.0,60.0,580.0,73.6,675.0,50.0,40.0,33.6,36.5,23.35,23.35,13.0,15.0,TITANIUM,37.0,45.0,52.0,330.0,350.0,16.0,18.0,False,False,130.0,2.0,1.1,1.3,1.1,1.3,1.2,1.1,730.0,62.0,730.0,62.0,0,0,False,0,0,68.0,45.0,30.0,56.0,True,True,False,False,True,12,2,False,128.0,128.0,128.0,DISC,DISC,0,0,0.0,0.0,300.0,85.0,36.5,330.0,0.0
410.0,75.0,630.0,73.5,180.0,45.0,615.0,73.0,675.0,50.0,40.0,28.6,33.6,36.5,380.0,13.0,15.0,TITANIUM,35.0,50.0,45.0,330.0,350.0,16.0,18.0,False,False,130.0,1.0,1.0,1.0,1.0,1.0,1.0,1.0,674.0,52.0,674.0,52.0,0,1,False,0,3,68.0,45.0,0.0,31.8,True,True,False,False,True,11,2,False,200.0,200.0,200.0,DISC,SPOKED,0,0,0.0,0.0,280.0,740.0,34.9,350.0,1.0
420.0,75.0,620.0,73.0,170.0,50.0,620.0,73.5,680.0,55.0,40.0,28.6,33.6,36.5,390.0,13.0,15.0,TITANIUM,30.0,45.0,50.0,320.0,350.0,16.0,18.0,True,False,130.0,1.1,1.1,1.1,1.1,1.1,1.1,1.1,680.0,58.0,680.0,58.0,0,2,False,0,3,70.0,46.0,0.0,32.0,True,False,False,False,True,12,2,False,150.0,150.0,150.0,TRISPOKE,TRISPOKE,1,1,80.0,80.0,290.0,730.0,34.5,340.0,1.0
400.0,65.0,640.0,74.0,160.0,45.0,610.0,74.0,670.0,50.0,40.0,28.6,33.6,36.5,370.0,13.0,15.0,TITANIUM,32.0,48.0,44.0,0.0,345.0,16.0,18.0,False,True,130.0,0.9,0.9,1.1,1.0,0.9,1.1,1.0,674.0,52.0,674.0,52.0,0,0,False,0,3,68.0,44.0,0.0,32.0,False,True,False,False,True,10,2,False,180.0,180.0,180.0,SPOKED,DISC,0,1,0.0,80.0,275.0,720.0,35.0,300.0,1.0
435.0,80.0,625.0,73.5,185.0,50.0,620.0,73.0,685.0,50.0,40.0,28.6,35.0,36.5,385.0,13.0,15.0,TITANIUM,38.0,55.0,48.0,330.0,355.0,16.0,18.0,True,True,130.0,1.0,1.0,1.0,1.0,1.0,1.0,1.0,680.0,58.0,680.0,58.0,0,1,False,0,3,70.0,47.0,0.0,31.8,True,True,False,False,True,11,2,False,220.0,220.0,220.0,DISC,SPOKED,0,0,0.0,0.0,290.0,750.0,34.9,345.0,1.0
415.0,75.0,615.0,72.5,160.0,48.0,605.0,74.0,660.0,50.0,40.0,28.6,33.6,36.5,375.0,13.0,15.0,TITANIUM,34.0,52.0,46.0,0.0,0.0,16.0,18.0,False,False,130.0,1.0,0.9,1.1,1.0,1.0,1.0,1.0,674.0,52.0,674.0,52.0,0,2,False,0,3,68.0,44.0,0.0,31.8,True,False,False,False,True,12,2,False,210.0,210.0,210.0,SPOKED,SPOKED,0,0,0.0,0.0,285.0,735.0,34.9,320.0,1.0
440.0,65.0,650.0,74.0,175.0,47.0,625.0,73.5,690.0,52.0,40.0,28.6,35.0,36.5,395.0,13.0,15.0,TITANIUM,36.0,53.0,49.0,0.0,0.0,16.0,18.0,False,False,130.0,0.9,1.0,1.0,1.0,1.0,1.0,1.0,680.0,58.0,680.0,58.0,0,0,False,0,3,70.0,46.0,0.0,32.0,False,True,False,False,True,10,2,False,195.0,195.0,195.0,DISC,DISC,0,0,0.0,0.0,295.0,760.0,34.9,360.0,1.0
405.0,75.0,610.0,73.0,155.0,49.0,600.0,74.0,665.0,50.0,40.0,28.6,33.6,36.5,375.0,13.0,15.0,TITANIUM,32.0,47.0,42.0,0.0,0.0,16.0,18.0,False,False,130.0,1.0,1.0,1.0,1.0,1.0,1.0,1.0,674.0,52.0,674.0,52.0,0,1,False,0,3,68.0,45.0,0.0,31.8,True,True,False,False,True,12,2,True,205.0,205.0,205.0,SPOKED,SPOKED,0,0,0.0,0.0,280.0,725.0,34.9,330.0,1.0
430.0,70.0,635.0,73.5,165.0,50.0,620.0,73.0,680.0,55.0,40.0,29.0,34.0,36.5,390.0,13.0,15.0,TITANIUM,37.0,54.0,50.0,340.0,350.0,16.0,18.0,True,False,130.0,0.9,0.9,1.1,1.0,0.9,1.1,1.0,680.0,52.0,674.0,52.0,0,2,False,0,3,70.0,46.0,0.0,32.0,False,True,False,False,True,11,2,False,190.0,190.0,190.0,TRISPOKE,SPOKED,1,0,85.0,0.0,295.0,745.0,34.9,355.0,1.0
450.0,70.0,640.0,74.0,180.0,45.0,615.0,74.0,695.0,55.0,40.0,28.6,34.5,36.5,380.0,13.0,15.0,TITANIUM,36.0,51.0,47.0,0.0,360.0,16.0,18.0,False,True,130.0,1.0,1.0,1.0,1.0,1.0,1.0,1.0,680.0,58.0,680.0,58.0,0,0,False,0,3,68.0,45.0,0.0,31.8,True,False,False,False,True,10,2,False,210.0,200.0,190.0,DISC,DISC,0,0,0.0,0.0,285.0,730.0,34.9,345.0,1.0
420.0,80.0,620.0,73.0,170.0,50.0,620.0,73.5,680.0,53.0,40.0,28.6,33.6,36.5,390.0,13.0,15.0,TITANIUM,35.0,50.0,45.0,330.0,350.0,16.0,18.0,True,True,130.0,1.0,1.0,1.1,1.0,1.0,1.0,1.0,674.0,52.0,674.0,52.0,0,1,False,0,3,70.0,46.0,0.0,32.0,True,True,False,False,True,12,2,True,180.0,180.0,200.0,SPOKED,TRISPOKE,0,1,0.0,80.0,290.0,740.0,34.9,350.0,1.0
430.0,70.0,580.0,73.0,170.0,60.0,580.0,74.0,620.0,50.0,40.0,31.8,34.9,28.6,36.5,15.0,15.0,TITANIUM,30.0,40.0,50.0,0.0,0.0,0.0,0.0,False,False,130.0,2.0,0.9,1.1,0.9,1.2,1.0,0.9,700.0,80.0,700.0,80.0,0,0,False,0,3,68.0,45.0,0.0,35.0,False,False,False,False,True,11,2,False,128.0,128.0,128.0,DISC,DISC,0,0,0.0,0.0,280.0,740.0,34.9,300.0,1.0
435.0,68.0,590.0,72.5,180.0,62.0,590.0,73.5,625.0,52.0,40.0,31.8,34.9,28.6,36.5,15.0,15.0,TITANIUM,32.0,42.0,52.0,0.0,0.0,0.0,0.0,False,False,130.0,2.0,0.9,1.1,0.9,1.2,1.0,0.9,700.0,80.0,700.0,80.0,0,0,False,0,3,68.0,45.0,0.0,35.0,False,False,False,False,True,11,2,False,128.0,128.0,128.0,DISC,DISC,0,0,0.0,0.0,280.0,745.0,34.9,310.0,1.0
440.0,65.0,600.0,74.0,190.0,64.0,600.0,75.0,630.0,54.0,40.0,31.8,34.9,28.6,36.5,15.0,15.0,TITANIUM,34.0,44.0,54.0,0.0,0.0,0.0,0.0,False,False,130.0,2.0,0.9,1.1,0.9,1.2,1.0,0.9,700.0,80.0,700.0,80.0,0,0,False,0,3,68.0,45.0,0.0,35.0,False,False,False,False,True,11,2,False,128.0,128.0,128.0,DISC,DISC,0,0,0.0,0.0,280.0,750.0,34.9,320.0,1.0
445.0,72.0,605.0,73.5,185.0,66.0,610.0,74.5,628.0,53.0,40.0,31.8,34.9,28.6,36.5,15.0,15.0,TITANIUM,36.0,46.0,56.0,0.0,0.0,0.0,0.0,False,False,130.0,2.0,0.9,1.1,0.9,1.2,1.0,0.9,700.0,80.0,700.0,80.0,0,0,False,0,3,68.0,45.0,0.0,35.0,False,False,False,False,True,11,2,False,128.0,128.0,128.0,DISC,DISC,0,0,0.0,0.0,280.0,755.0,34.9,330.0,1.0
450.0,70.0,610.0,72.0,200.0,68.0,615.0,74.0,615.0,55.0,40.0,31.8,34.9,28.6,36.5,15.0,15.0,TITANIUM,38.0,48.0,58.0,0.0,0.0,0.0,0.0,False,False,130.0,2.0,0.9,1.1,0.9,1.2,1.0,0.9,700.0,80.0,700.0,80.0,0,0,False,0,3,68.0,45.0,0.0,35.0,False,False,False,False,True,11,2,False,128.0,128.0,128.0,DISC,DISC,0,0,0.0,0.0,280.0,760.0,34.9,305.0,1.0
455.0,67.0,615.0,73.0,210.0,60.0,600.0,73.0,622.0,50.0,40.0,31.8,34.9,28.6,36.5,15.0,15.0,TITANIUM,40.0,50.0,60.0,0.0,0.0,0.0,0.0,False,False,130.0,2.0,0.9,1.1,0.9,1.2,1.0,0.9,700.0,80.0,700.0,80.0,0,0,False,0,3,68.0,45.0,0.0,35.0,False,False,False,False,True,11,2,False,128.0,128.0,128.0,DISC,DISC,0,0,0.0,0.0,280.0,745.0,34.9,315.0,1.0
460.0,75.0,620.0,72.5,220.0,62.0,605.0,74.0,628.0,52.0,40.0,31.8,34.9,28.6,36.5,15.0,15.0,TITANIUM,42.0,52.0,62.0,0.0,0.0,0.0,0.0,False,False,130.0,2.0,0.9,1.1,0.9,1.2,1.0,0.9,700.0,80.0,700.0,80.0,0,0,False,0,3,68.0,45.0,0.0,35.0,False,False,False,False,True,11,2,False,128.0,128.0,128.0,DISC,DISC,0,0,0.0,0.0,280.0,750.0,34.9,325.0,1.0
435.0,69.0,595.0,73.8,175.0,64.0,590.0,74.2,618.0,51.0,40.0,31.8,34.9,28.6,36.5,15.0,15.0,TITANIUM,35.0,45.0,55.0,0.0,0.0,0.0,0.0,False,False,130.0,2.0,0.9,1.1,0.9,1.2,1.0,0.9,700.0,80.0,700.0,80.0,0,0,False,0,3,68.0,45.0,0.0,35.0,False,False,False,False,True,11,2,False,128.0,128.0,128.0,DISC,DISC,0,0,0.0,0.0,280.0,748.0,34.9,312.0,1.0
442.0,71.0,610.0,73.2,195.0,65.0,605.0,74.8,625.0,53.0,40.0,31.8,34.9,28.6,36.5,15.0,15.0,TITANIUM,37.0,47.0,57.0,0.0,0.0,0.0,0.0,False,False,130.0,2.0,0.9,1.1,0.9,1.2,1.0,0.9,700.0,80.0,700.0,80.0,0,0,False,0,3,68.0,45.0,0.0,35.0,False,False,False,False,True,11,2,False,128.0,128.0,128.0,DISC,DISC,0,0,0.0,0.0,280.0,752.0,34.9,318.0,1.0
448.0,66.0,585.0,72.8,165.0,63.0,595.0,74.3,612.0,54.0,40.0,31.8,34.9,28.6,36.5,15.0,15.0,TITANIUM,33.0,43.0,53.0,0.0,0.0,0.0,0.0,False,False,130.0,2.0,0.9,1.1,0.9,1.2,1.0,0.9,700.0,80.0,700.0,80.0,0,0,False,0,3,68.0,45.0,0.0,35.0,False,False,False,False,True,11,2,False,128.0,128.0,128.0,DISC,DISC,0,0,0.0,0.0,280.0,742.0,34.9,308.0,1.0
420.0,70.0,580.0,73.0,140.0,50.0,595.0,73.0,655.0,50.0,45.0,28.6,36.5,36.5,23.35,13.0,9.0,TITANIUM,35.0,30.0,40.0,0.0,0.0,0.0,0.0,False,False,130.0,2.0,0.9,1.1,0.9,1.2,1.0,0.9,674.0,52.0,674.0,52.0,0,2,False,0,3,68.0,45.0,0.0,31.8,False,True,False,False,True,11,2,False,128.0,128.0,128.0,SPOKED,SPOKED,0,0,0.0,0.0,278.0,760.0,34.9,300.0,0.0
425.0,72.0,585.0,72.8,145.0,55.0,600.0,73.5,650.0,52.0,45.0,28.6,36.5,36.5,23.35,13.0,9.0,TITANIUM,36.0,31.0,41.0,0.0,0.0,0.0,0.0,False,False,130.0,2.0,0.9,1.1,0.9,1.2,1.0,0.9,676.0,52.0,676.0,52.0,0,2,False,0,3,68.0,45.0,0.0,31.8,False,True,False,False,True,11,2,False,128.0,128.0,128.0,SPOKED,SPOKED,0,0,0.0,0.0,278.0,760.0,34.9,300.0,0.0
430.0,68.0,575.0,73.2,135.0,52.0,590.0,72.5,660.0,48.0,45.0,28.6,36.5,36.5,23.35,13.0,9.0,TITANIUM,34.0,29.0,39.0,0.0,0.0,0.0,0.0,False,False,130.0,2.0,0.9,1.1,0.9,1.2,1.0,0.9,672.0,52.0,672.0,52.0,0,2,False,0,3,68.0,45.0,0.0,31.8,False,True,False,False,True,11,2,False,128.0,128.0,128.0,SPOKED,SPOKED,0,0,0.0,0.0,278.0,760.0,34.9,300.0,0.0
415.0,70.0,590.0,73.5,150.0,53.0,610.0,73.0,645.0,50.0,45.0,28.6,36.5,36.5,23.35,13.0,9.0,TITANIUM,37.0,32.0,42.0,0.0,0.0,0.0,0.0,False,False,130.0,2.0,0.9,1.1,0.9,1.2,1.0,0.9,674.0,52.0,674.0,52.0,0,2,False,0,3,68.0,45.0,0.0,31.8,False,True,False,False,True,11,2,False,128.0,128.0,128.0,SPOKED,SPOKED,0,0,0.0,0.0,278.0,760.0,34.9,300.0,0.0
418.0,69.0,578.0,72.5,138.0,54.0,605.0,73.2,658.0,49.0,45.0,28.6,36.5,36.5,23.35,13.0,9.0,TITANIUM,35.5,30.5,40.5,0.0,0.0,0.0,0.0,False,False,130.0,2.0,0.9,1.1,0.9,1.2,1.0,0.9,674.0,52.0,674.0,52.0,0,2,False,0,3,68.0,45.0,0.0,31.8,False,True,False,False,True,11,2,False,128.0,128.0,128.0,SPOKED,SPOKED,0,0,0.0,0.0,278.0,760.0,34.9,300.0,0.0
422.0,71.0,582.0,73.1,142.0,56.0,598.0,73.3,652.0,51.0,45.0,28.6,36.5,36.5,23.35,13.0,9.0,TITANIUM,36.5,31.5,41.5,0.0,0.0,0.0,0.0,False,False,130.0,2.0,0.9,1.1,0.9,1.2,1.0,0.9,674.0,52.0,674.0,52.0,0,2,False,0,3,68.0,45.0,0.0,31.8,False,True,False,False,True,11,2,False,128.0,128.0,128.0,SPOKED,SPOKED,0,0,0.0,0.0,278.0,760.0,34.9,300.0,0.0
428.0,67.0,576.0,72.9,136.0,50.0,592.0,72.8,659.0,50.0,45.0,28.6,36.5,36.5,23.35,13.0,9.0,TITANIUM,34.5,29.5,39.5,0.0,0.0,0.0,0.0,False,False,130.0,2.0,0.9,1.1,0.9,1.2,1.0,0.9,674.0,52.0,674.0,52.0,0,2,False,0,3,68.0,45.0,0.0,31.8,False,True,False,False,True,11,2,False,128.0,128.0,128.0,SPOKED,SPOKED,0,0,0.0,0.0,278.0,760.0,34.9,300.0,0.0
419.0,70.5,588.0,73.4,148.0,57.0,607.0,73.4,647.0,50.0,45.0,28.6,36.5,36.5,23.35,13.0,9.0,TITANIUM,37.5,32.5,42.5,0.0,0.0,0.0,0.0,False,False,130.0,2.0,0.9,1.1,0.9,1.2,1.0,0.9,674.0,52.0,674.0,52.0,0,2,False,0,3,68.0,45.0,0.0,31.8,False,True,False,False,True,11,2,False,128.0,128.0,128.0,SPOKED,SPOKED,0,0,0.0,0.0,278.0,760.0,34.9,300.0,0.0
423.0,69.5,579.0,73.0,139.0,51.0,594.0,73.0,656.0,49.0,45.0,28.6,36.5,36.5,23.35,13.0,9.0,TITANIUM,35.2,30.2,40.2,0.0,0.0,0.0,0.0,False,False,130.0,2.0,0.9,1.1,0.9,1.2,1.0,0.9,674.0,52.0,674.0,52.0,0,2,False,0,3,68.0,45.0,0.0,31.8,False,True,False,False,True,11,2,False,128.0,128.0,128.0,SPOKED,SPOKED,0,0,0.0,0.0,278.0,760.0,34.9,300.0,0.0
417.0,71.5,583.0,72.7,143.0,58.0,601.0,73.1,651.0,52.0,45.0,28.6,36.5,36.5,23.35,13.0,9.0,TITANIUM,36.2,31.2,41.2,0.0,0.0,0.0,0.0,False,False,130.0,2.0,0.9,1.1,0.9,1.2,1.0,0.9,674.0,52.0,674.0,52.0,0,2,False,0,3,68.0,45.0,0.0,31.8,False,True,False,False,True,11,2,False,128.0,128.0,128.0,SPOKED,SPOKED,0,0,0.0,0.0,278.0,760.0,34.9,300.0,0.0
420.0,70.0,560.0,73.0,160.0,50.0,540.0,73.5,610.0,50.0,40.0,34.0,30.0,25.0,25.0,13.0,9.0,TITANIUM,32.0,40.0,35.0,0.0,0.0,0.0,0.0,False,False,130.0,1.5,1.3,1.3,1.3,1.2,1.2,1.3,680.0,40.0,680.0,40.0,0,0,False,0,1,68.0,45.0,0.0,34.0,True,True,False,False,True,11,2,False,190.0,190.0,190.0,DISC,SPOKED,0,0,0.0,0.0,280.0,760.0,34.0,350.0,1.0
425.0,68.0,550.0,72.5,150.0,52.0,550.0,73.0,620.0,55.0,40.0,33.0,32.0,25.0,25.0,13.0,9.0,TITANIUM,30.0,38.0,34.0,0.0,0.0,0.0,0.0,False,False,130.0,1.6,1.3,1.4,1.3,1.2,1.2,1.3,700.0,38.0,700.0,38.0,0,0,False,0,1,68.0,44.0,0.0,34.0,True,True,False,False,True,12,2,False,190.0,190.0,190.0,DISC,SPOKED,0,0,0.0,0.0,280.0,750.0,34.0,360.0,1.0
430.0,72.0,570.0,73.5,170.0,48.0,560.0,72.5,600.0,45.0,40.0,35.0,29.0,25.0,24.0,14.0,9.0,TITANIUM,34.0,42.0,36.0,0.0,0.0,0.0,0.0,False,False,135.0,1.5,1.2,1.4,1.2,1.2,1.1,1.3,680.0,42.0,680.0,42.0,0,0,False,0,3,70.0,46.0,0.0,34.5,True,True,False,False,True,11,2,False,190.0,190.0,190.0,DISC,DISC,0,0,0.0,0.0,290.0,770.0,34.0,350.0,1.0
415.0,65.0,545.0,74.0,140.0,55.0,525.0,74.0,630.0,50.0,40.0,34.0,31.0,26.0,26.0,13.0,9.0,TITANIUM,28.0,35.0,33.0,0.0,0.0,0.0,0.0,False,False,130.0,1.4,1.2,1.3,1.2,1.1,1.1,1.2,700.0,40.0,700.0,40.0,0,1,False,0,1,68.0,44.5,0.0,33.0,True,False,False,False,True,12,2,False,190.0,190.0,190.0,SPOKED,SPOKED,0,0,0.0,0.0,285.0,745.0,34.0,340.0,1.0
422.0,70.0,565.0,72.0,155.0,50.0,535.0,73.2,605.0,50.0,40.0,34.5,30.5,25.0,24.5,13.0,9.0,TITANIUM,31.0,39.0,35.0,0.0,0.0,0.0,0.0,False,False,130.0,1.5,1.3,1.3,1.2,1.2,1.1,1.2,680.0,40.0,680.0,40.0,0,0,False,0,1,68.0,45.0,0.0,33.5,False,True,False,False,True,11,2,False,190.0,190.0,190.0,DISC,DISC,0,0,0.0,0.0,280.0,755.0,34.0,350.0,1.0
418.0,69.0,555.0,73.2,165.0,49.0,545.0,73.8,615.0,52.0,40.0,34.0,30.0,24.0,24.0,13.0,9.0,TITANIUM,33.0,41.0,36.0,0.0,0.0,0.0,0.0,False,False,130.0,1.6,1.3,1.4,1.3,1.2,1.2,1.3,685.0,40.0,685.0,40.0,0,2,False,0,3,70.0,46.0,0.0,34.0,True,True,False,False,True,11,2,False,128.0,128.0,128.0,DISC,SPOKED,0,0,0.0,0.0,280.0,765.0,34.0,355.0,1.0
427.0,71.0,562.0,72.8,158.0,51.0,548.0,73.0,618.0,48.0,40.0,35.0,32.0,25.0,25.0,13.0,9.0,TITANIUM,32.0,42.0,35.0,0.0,0.0,0.0,0.0,False,False,130.0,1.5,1.3,1.3,1.3,1.2,1.2,1.3,680.0,38.0,680.0,38.0,0,0,False,0,1,68.0,45.0,0.0,34.0,False,True,False,False,True,11,1,False,169.0,169.0,169.0,DISC,SPOKED,0,0,0.0,0.0,285.0,758.0,34.0,360.0,0.0
412.0,67.0,548.0,73.7,162.0,49.0,530.0,74.0,608.0,53.0,40.0,34.0,30.0,25.0,24.0,13.0,9.0,TITANIUM,34.0,38.0,36.0,0.0,0.0,0.0,0.0,False,False,130.0,1.4,1.2,1.3,1.2,1.1,1.1,1.2,690.0,39.0,690.0,39.0,0,1,False,0,1,68.0,45.0,0.0,33.5,True,False,True,False,True,11,2,False,200.0,200.0,200.0,SPOKED,SPOKED,0,0,0.0,0.0,290.0,740.0,34.0,345.0,1.0
435.0,74.0,580.0,72.2,180.0,53.0,570.0,72.2,640.0,55.0,40.0,35.0,32.0,25.0,25.0,13.0,9.0,TITANIUM,36.0,44.0,38.0,0.0,0.0,0.0,0.0,False,False,130.0,1.5,1.3,1.4,1.3,1.2,1.2,1.3,680.0,40.0,680.0,40.0,0,0,False,0,3,71.0,47.0,0.0,34.0,False,True,False,False,True,11,2,False,180.0,180.0,180.0,DISC,DISC,0,0,0.0,0.0,295.0,780.0,34.0,365.0,1.0
420.0,66.0,540.0,74.5,145.0,47.0,520.0,74.5,590.0,47.0,40.0,34.0,30.0,25.0,25.0,13.0,9.0,TITANIUM,29.0,37.0,33.0,0.0,0.0,0.0,0.0,False,False,130.0,1.5,1.2,1.3,1.2,1.1,1.1,1.2,675.0,41.0,675.0,41.0,0,2,False,0,1,67.0,44.0,0.0,33.0,True,False,False,False,True,11,2,False,160.0,160.0,160.0,DISC,SPOKED,0,0,0.0,0.0,275.0,730.0,34.0,330.0,1.0
405.0,70.0,600.0,72.0,145.0,50.0,555.0,73.0,645.0,50.0,45.0,28.6,33.6,36.5,23.35,13.0,15.0,TITANIUM,9.0,35.0,45.0,0.0,0.0,0.0,0.0,False,False,130.0,2.0,0.9,1.1,0.9,0.9,0.9,0.9,674.0,52.0,674.0,52.0,0,0,False,0,3,68.0,45.0,0.0,31.8,True,True,False,False,False,11,2,False,128.0,128.0,128.0,DISC,SPOKED,0,0,0.0,0.0,278.0,745.0,34.9,760.0,1.0
415.0,70.0,610.0,73.0,155.0,52.0,560.0,73.5,650.0,50.0,45.0,30.0,33.6,36.5,23.35,13.0,15.0,TITANIUM,10.0,37.0,48.0,0.0,0.0,0.0,0.0,False,False,130.0,2.0,0.9,1.1,0.9,0.9,0.9,0.9,674.0,52.0,674.0,52.0,0,0,False,0,3,68.0,45.0,0.0,31.8,True,True,False,False,False,12,2,False,128.0,128.0,128.0,TRISPOKE,SPOKED,1,0,75.0,0.0,280.0,750.0,35.0,760.0,1.0
425.0,70.0,620.0,72.5,165.0,50.0,565.0,74.0,655.0,50.0,45.0,28.6,34.0,36.5,23.35,13.0,15.0,TITANIUM,9.0,40.0,50.0,0.0,0.0,0.0,0.0,False,False,130.0,2.0,0.9,1.1,0.9,0.9,0.9,0.9,674.0,52.0,674.0,52.0,0,1,False,0,3,68.0,45.0,0.0,31.8,True,True,False,False,False,11,2,False,128.0,128.0,128.0,SPOKED,SPOKED,0,0,0.0,0.0,278.0,755.0,34.9,760.0,1.0
435.0,70.0,630.0,73.5,175.0,51.0,570.0,74.5,660.0,50.0,45.0,30.0,33.6,36.5,23.35,13.0,15.0,TITANIUM,10.0,42.0,49.0,0.0,0.0,0.0,0.0,False,False,130.0,2.0,0.9,1.1,0.9,0.9,0.9,0.9,674.0,52.0,674.0,52.0,0,0,False,0,3,68.0,45.0,0.0,31.8,True,True,False,False,False,11,2,False,128.0,128.0,128.0,DISC,DISC,0,0,0.0,0.0,282.0,760.0,35.0,760.0,1.0
445.0,70.0,640.0,72.0,150.0,53.0,575.0,73.0,665.0,50.0,45.0,28.6,33.8,36.5,23.35,13.0,15.0,TITANIUM,9.0,40.0,47.0,0.0,0.0,0.0,0.0,False,False,130.0,2.0,1.0,1.1,0.9,0.9,0.9,0.9,674.0,52.0,674.0,52.0,0,1,False,0,3,68.0,45.0,0.0,31.8,True,True,False,False,False,11,2,False,169.0,169.0,169.0,TRISPOKE,SPOKED,1,0,70.0,0.0,278.0,748.0,34.9,760.0,1.0
455.0,70.0,650.0,74.0,185.0,54.0,580.0,75.0,670.0,50.0,45.0,28.6,33.6,36.5,23.35,13.0,15.0,TITANIUM,11.0,45.0,55.0,0.0,0.0,0.0,0.0,False,False,130.0,2.0,0.9,1.1,0.9,0.9,0.9,0.9,674.0,52.0,674.0,52.0,0,0,False,0,3,68.0,45.0,0.0,31.8,True,True,False,False,False,12,1,False,128.0,128.0,128.0,DISC,DISC,0,0,0.0,0.0,275.0,765.0,34.9,760.0,1.0
465.0,70.0,605.0,72.5,160.0,50.0,590.0,74.0,652.0,50.0,45.0,29.0,33.6,36.5,23.35,13.0,15.0,TITANIUM,10.0,38.0,50.0,0.0,0.0,0.0,0.0,False,False,130.0,2.0,0.9,1.1,0.9,0.9,0.9,0.9,674.0,52.0,674.0,52.0,0,2,False,0,3,68.0,45.0,0.0,31.8,True,True,False,False,False,11,2,False,128.0,128.0,128.0,DISC,TRISPOKE,0,1,0.0,75.0,280.0,750.0,35.0,760.0,1.0
475.0,70.0,615.0,73.0,170.0,55.0,595.0,74.5,660.0,50.0,45.0,28.6,33.6,37.0,23.35,14.0,15.0,TITANIUM,9.0,42.0,50.0,0.0,0.0,0.0,0.0,False,False,130.0,2.0,0.9,1.1,0.9,0.9,0.9,0.9,674.0,52.0,674.0,52.0,0,0,False,0,3,68.0,45.0,0.0,31.8,True,True,False,False,False,11,2,False,128.0,128.0,128.0,SPOKED,SPOKED,0,0,0.0,0.0,278.0,752.0,34.9,760.0,1.0
485.0,70.0,625.0,73.5,180.0,52.0,585.0,75.0,665.0,50.0,45.0,30.0,34.2,36.5,23.35,13.0,15.0,TITANIUM,10.0,40.0,52.0,0.0,0.0,0.0,0.0,False,False,130.0,2.0,0.9,1.1,0.9,0.9,0.9,0.9,674.0,52.0,674.0,52.0,0,0,False,0,3,68.0,45.0,0.0,31.8,True,True,False,False,False,13,2,False,128.0,128.0,128.0,DISC,SPOKED,0,0,0.0,0.0,282.0,758.0,35.0,760.0,1.0
495.0,70.0,635.0,72.0,155.0,50.0,565.0,73.0,652.0,50.0,45.0,29.5,33.6,36.5,23.35,12.0,16.0,TITANIUM,11.0,36.0,48.0,0.0,0.0,0.0,0.0,False,False,130.0,2.0,0.9,1.1,0.9,0.9,0.9,0.9,674.0,52.0,674.0,52.0,2,0,False,0,3,68.0,45.0,0.0,31.8,True,False,False,False,False,11,2,False,120.0,120.0,120.0,TRISPOKE,TRISPOKE,1,1,80.0,80.0,278.0,749.0,34.9,760.0,1.0
405.0,65.0,600.0,73.0,150.0,40.0,580.0,73.5,600.0,50.0,47.0,28.6,36.5,23.35,13.0,9.0,15.0,TITANIUM,34.0,45.0,50.0,0.0,0.0,0.0,0.0,False,False,130.0,2.0,0.9,1.1,0.9,1.2,1.0,0.9,680.0,42.0,680.0,42.0,0,0,False,0,3,68.0,45.0,0.0,31.8,True,True,False,False,True,11,2,False,128.0,128.0,128.0,SPOKED,SPOKED,0,0,0.0,0.0,280.0,750.0,34.9,330.0,1.0
410.0,70.0,620.0,73.5,160.0,45.0,600.0,74.0,620.0,52.0,50.0,28.6,36.5,23.35,13.0,9.0,15.0,TITANIUM,36.0,47.0,52.0,0.0,0.0,0.0,0.0,False,False,130.0,2.0,0.9,1.1,0.9,1.2,1.0,0.9,680.0,42.0,680.0,42.0,0,0,False,0,3,68.0,45.0,0.0,31.8,True,True,False,False,True,11,2,False,128.0,128.0,128.0,SPOKED,SPOKED,0,0,0.0,0.0,280.0,750.0,34.9,330.0,1.0
420.0,75.0,610.0,72.5,140.0,50.0,620.0,73.0,580.0,48.0,45.0,28.6,36.5,23.35,13.0,9.0,15.0,TITANIUM,32.0,43.0,48.0,0.0,0.0,0.0,0.0,False,False,130.0,2.0,0.9,1.1,0.9,1.2,1.0,0.9,680.0,42.0,680.0,42.0,0,0,False,0,3,68.0,45.0,0.0,31.8,True,True,False,False,True,11,2,False,128.0,128.0,128.0,SPOKED,SPOKED,0,0,0.0,0.0,280.0,750.0,34.9,330.0,1.0
395.0,80.0,630.0,73.8,170.0,42.0,570.0,74.5,640.0,54.0,55.0,28.6,36.5,23.35,13.0,9.0,15.0,TITANIUM,38.0,49.0,54.0,0.0,0.0,0.0,0.0,False,False,130.0,2.0,0.9,1.1,0.9,1.2,1.0,0.9,680.0,42.0,680.0,42.0,0,0,False,0,3,68.0,45.0,0.0,31.8,True,True,False,False,True,11,2,False,128.0,128.0,128.0,SPOKED,SPOKED,0,0,0.0,0.0,280.0,750.0,34.9,330.0,1.0
415.0,68.0,595.0,72.2,155.0,48.0,610.0,73.2,590.0,46.0,48.0,28.6,36.5,23.35,13.0,9.0,15.0,TITANIUM,33.0,44.0,49.0,0.0,0.0,0.0,0.0,False,False,130.0,2.0,0.9,1.1,0.9,1.2,1.0,0.9,680.0,42.0,680.0,42.0,0,0,False,0,3,68.0,45.0,0.0,31.8,True,True,False,False,True,11,2,False,128.0,128.0,128.0,SPOKED,SPOKED,0,0,0.0,0.0,280.0,750.0,34.9,330.0,1.0
430.0,72.0,605.0,73.1,165.0,44.0,590.0,74.1,610.0,53.0,53.0,28.6,36.5,23.35,13.0,9.0,15.0,TITANIUM,37.0,48.0,53.0,0.0,0.0,0.0,0.0,False,False,130.0,2.0,0.9,1.1,0.9,1.2,1.0,0.9,680.0,42.0,680.0,42.0,0,0,False,0,3,68.0,45.0,0.0,31.8,True,True,False,False,True,11,2,False,128.0,128.0,128.0,SPOKED,SPOKED,0,0,0.0,0.0,280.0,750.0,34.9,330.0,1.0
400.0,77.0,625.0,72.8,145.0,46.0,630.0,73.8,630.0,49.0,46.0,28.6,36.5,23.35,13.0,9.0,15.0,TITANIUM,31.0,42.0,47.0,0.0,0.0,0.0,0.0,False,False,130.0,2.0,0.9,1.1,0.9,1.2,1.0,0.9,680.0,42.0,680.0,42.0,0,0,False,0,3,68.0,45.0,0.0,31.8,True,True,False,False,True,11,2,False,128.0,128.0,128.0,SPOKED,SPOKED,0,0,0.0,0.0,280.0,750.0,34.9,330.0,1.0
425.0,73.0,615.0,73.7,175.0,43.0,550.0,74.7,570.0,55.0,58.0,28.6,36.5,23.35,13.0,9.0,15.0,TITANIUM,39.0,50.0,55.0,0.0,0.0,0.0,0.0,False,False,130.0,2.0,0.9,1.1,0.9,1.2,1.0,0.9,680.0,42.0,680.0,42.0,0,0,False,0,3,68.0,45.0,0.0,31.8,True,True,False,False,True,11,2,False,128.0,128.0,128.0,SPOKED,SPOKED,0,0,0.0,0.0,280.0,750.0,34.9,330.0,1.0
390.0,67.0,585.0,72.0,135.0,49.0,615.0,73.1,605.0,47.0,49.0,28.6,36.5,23.35,13.0,9.0,15.0,TITANIUM,35.0,46.0,51.0,0.0,0.0,0.0,0.0,False,False,130.0,2.0,0.9,1.1,0.9,1.2,1.0,0.9,680.0,42.0,680.0,42.0,0,0,False,0,3,68.0,45.0,0.0,31.8,True,True,False,False,True,11,2,False,128.0,128.0,128.0,SPOKED,SPOKED,0,0,0.0,0.0,280.0,750.0,34.9,330.0,1.0
435.0,69.0,635.0,74.0,180.0,47.0,605.0,75.0,645.0,51.0,60.0,28.6,36.5,23.35,13.0,9.0,15.0,TITANIUM,40.0,50.0,55.0,0.0,0.0,0.0,0.0,False,False,130.0,2.0,0.9,1.1,0.9,1.2,1.0,0.9,680.0,42.0,680.0,42.0,0,0,False,0,3,68.0,45.0,0.0,31.8,True,True,False,False,True,11,2,False,128.0,128.0,128.0,SPOKED,SPOKED,0,0,0.0,0.0,280.0,750.0,34.9,330.0,1.0
400.0,70.0,590.0,73.0,150.0,60.0,550.0,73.0,645.0,50.0,45.0,30.0,38.0,25.0,25.0,13.0,15.0,TITANIUM,30.0,40.0,45.0,330.0,350.0,16.0,18.0,False,False,130.0,2.0,1.0,1.1,1.0,1.0,1.2,1.0,680.0,52.0,680.0,52.0,0,0,False,0,3,68.0,45.0,0.0,32.0,True,True,False,False,True,11,2,False,100.0,100.0,100.0,SPOKED,SPOKED,0,0,0.0,0.0,280.0,750.0,36.0,350.0,1.0
410.0,72.0,600.0,72.5,160.0,65.0,560.0,73.5,655.0,52.0,50.0,32.0,39.0,26.0,26.0,13.0,15.0,TITANIUM,32.0,42.0,46.0,331.0,351.0,16.0,18.0,False,False,130.0,2.0,1.0,1.1,1.0,1.0,1.2,1.0,682.0,55.0,682.0,55.0,0,1,False,0,3,70.0,46.0,0.0,32.0,True,True,False,False,True,12,2,False,110.0,110.0,110.0,DISC,SPOKED,0,0,0.0,0.0,285.0,760.0,36.0,360.0,1.0
420.0,74.0,610.0,74.0,170.0,70.0,570.0,74.0,660.0,53.0,45.0,28.0,40.0,27.0,27.0,13.0,16.0,TITANIUM,34.0,44.0,48.0,332.0,352.0,16.0,18.0,False,False,135.0,2.0,1.0,1.2,1.0,1.0,1.2,1.0,684.0,60.0,684.0,60.0,0,0,False,0,3,68.0,47.0,0.0,33.0,True,True,False,False,True,11,2,False,120.0,120.0,120.0,TRISPOKE,DISC,1,0,80.0,0.0,290.0,770.0,35.0,370.0,0.0
430.0,73.5,620.0,73.0,155.0,55.0,565.0,73.5,658.0,51.0,50.0,30.0,38.5,26.5,26.5,13.0,15.5,TITANIUM,31.0,43.0,46.5,333.0,353.0,16.0,18.0,False,False,130.0,2.0,1.0,1.1,1.0,1.0,1.2,1.0,686.0,58.0,686.0,58.0,0,2,False,0,3,70.0,45.0,0.0,32.0,True,True,False,False,True,11,2,False,105.0,105.0,105.0,DISC,DISC,0,0,0.0,0.0,275.0,740.0,36.5,365.0,1.0
440.0,71.0,605.0,72.8,145.0,62.0,555.0,73.0,650.0,49.0,47.0,29.0,37.0,25.0,25.0,13.0,15.0,TITANIUM,29.0,41.0,44.0,331.5,351.5,16.0,18.0,False,False,130.0,2.0,1.0,1.1,1.0,1.0,1.2,1.0,688.0,54.0,688.0,54.0,0,1,False,0,3,68.0,44.0,0.0,31.0,True,True,False,False,True,12,2,False,115.0,115.0,115.0,SPOKED,TRISPOKE,0,1,0.0,80.0,292.0,755.0,34.0,355.0,1.0
450.0,75.0,630.0,74.5,180.0,75.0,580.0,74.0,665.0,54.0,50.0,33.0,39.5,28.0,28.0,13.0,16.0,TITANIUM,36.0,46.0,50.0,334.0,354.0,16.0,18.0,False,False,135.0,2.0,1.0,1.3,1.0,1.0,1.2,1.0,690.0,62.0,690.0,62.0,0,2,False,0,3,72.0,48.0,0.0,34.0,True,True,False,False,True,10,2,False,95.0,95.0,95.0,DISC,SPOKED,0,0,0.0,0.0,300.0,780.0,37.0,380.0,1.0
460.0,68.0,595.0,72.0,140.0,58.0,545.0,72.5,642.0,48.0,46.0,28.5,37.5,24.5,24.5,13.0,15.0,TITANIUM,28.0,40.0,43.0,330.0,350.0,16.0,18.0,False,False,130.0,2.0,1.0,1.1,1.0,1.0,1.2,1.0,692.0,53.0,692.0,53.0,0,0,False,0,3,67.0,43.0,0.0,30.0,True,True,False,False,True,11,1,False,130.0,130.0,130.0,SPOKED,DISC,0,0,0.0,0.0,265.0,730.0,35.0,345.0,2.0
470.0,69.5,615.0,73.8,165.0,68.0,575.0,74.0,660.0,52.0,48.0,31.0,38.0,27.5,27.5,13.0,15.0,TITANIUM,33.0,45.0,47.0,332.0,352.0,16.0,18.0,False,False,135.0,2.0,1.0,1.2,1.0,1.0,1.2,1.0,694.0,57.0,694.0,57.0,0,1,False,0,3,69.0,46.0,0.0,33.0,True,True,False,False,True,12,3,False,90.0,90.0,90.0,TRISPOKE,TRISPOKE,1,1,80.0,80.0,310.0,760.0,34.5,365.0,0.0
480.0,66.0,580.0,72.2,135.0,59.0,540.0,72.0,640.0,50.0,47.0,29.5,37.0,24.0,24.0,13.0,15.0,TITANIUM,27.0,39.0,42.0,330.0,350.0,16.0,18.0,False,False,130.0,2.0,1.0,1.1,1.0,1.0,1.2,1.0,696.0,50.0,696.0,50.0,0,0,False,0,3,66.0,40.0,0.0,29.0,True,True,False,False,True,11,2,False,105.0,105.0,105.0,DISC,DISC,0,0,0.0,0.0,270.0,720.0,35.5,340.0,1.0
490.0,73.0,625.0,73.5,175.0,72.0,590.0,74.0,670.0,55.0,50.0,34.0,40.0,29.0,29.0,13.0,16.0,TITANIUM,35.0,47.0,52.0,333.0,353.0,16.0,18.0,False,False,135.0,2.0,1.0,1.2,1.0,1.0,1.2,1.0,698.0,65.0,698.0,65.0,0,2,False,0,3,68.0,49.0,0.0,35.0,True,True,False,False,True,12,2,False,115.0,115.0,115.0,SPOKED,SPOKED,0,0,0.0,0.0,295.0,790.0,38.0,390.0,1.0
420.0,70.0,610.0,73.0,160.0,50.0,550.0,73.5,680.0,50.0,40.0,30.0,28.6,24.0,24.0,13.0,15.0,TITANIUM,35.0,45.0,45.0,0.0,0.0,0.0,0.0,False,False,130.0,2.0,0.9,1.1,0.9,1.2,1.0,0.9,674.0,52.0,674.0,52.0,0,0,False,0,1,68.0,45.0,0.0,31.8,True,True,False,False,True,11,2,False,128.0,128.0,128.0,DISC,SPOKED,0,0,0.0,0.0,280.0,760.0,34.9,300.0,1.0
425.0,72.0,615.0,72.5,170.0,52.0,555.0,73.0,685.0,52.0,40.0,30.0,28.6,24.0,24.0,13.0,15.0,TITANIUM,32.0,48.0,47.0,0.0,0.0,0.0,0.0,False,False,130.0,2.0,0.9,1.1,0.9,1.2,1.0,0.9,674.0,52.0,674.0,52.0,0,0,False,0,1,68.0,46.0,0.0,31.8,True,True,False,False,True,12,2,False,128.0,128.0,128.0,DISC,TRISPOKE,0,1,0.0,80.0,285.0,755.0,34.9,300.0,1.0
430.0,68.0,620.0,73.5,180.0,48.0,560.0,72.5,670.0,51.0,40.0,30.0,28.6,24.0,24.0,13.0,15.0,TITANIUM,38.0,47.0,49.0,0.0,0.0,0.0,0.0,False,False,130.0,2.0,0.9,1.1,0.9,1.2,1.0,0.9,674.0,52.0,674.0,52.0,0,0,False,0,1,68.0,47.0,0.0,31.8,True,True,False,False,True,11,1,False,128.0,128.0,128.0,DISC,DISC,0,0,0.0,0.0,282.0,758.0,34.9,300.0,1.0
415.0,69.0,605.0,73.0,155.0,50.0,545.0,73.0,675.0,53.0,40.0,30.0,28.6,24.0,24.0,13.0,15.0,TITANIUM,30.0,50.0,43.0,0.0,0.0,0.0,0.0,False,False,130.0,2.0,0.9,1.1,0.9,1.2,1.0,0.9,674.0,52.0,674.0,52.0,0,0,False,0,1,68.0,44.0,0.0,31.8,True,True,False,False,True,10,2,False,128.0,128.0,128.0,DISC,TRISPOKE,0,1,0.0,80.0,280.0,762.0,34.9,300.0,1.0
435.0,71.0,625.0,72.8,185.0,55.0,580.0,73.2,690.0,54.0,40.0,30.0,28.6,24.0,24.0,13.0,15.0,TITANIUM,34.0,49.0,46.0,0.0,0.0,0.0,0.0,False,False,130.0,2.0,0.9,1.1,0.9,1.2,1.0,0.9,674.0,52.0,674.0,52.0,0,0,False,0,1,68.0,45.0,0.0,31.8,True,True,False,False,True,11,2,False,128.0,128.0,128.0,DISC,SPOKED,0,0,0.0,0.0,285.0,757.0,34.9,300.0,1.0
425.0,70.0,630.0,73.2,165.0,47.0,565.0,72.7,682.0,50.0,40.0,30.0,28.6,24.0,24.0,13.0,15.0,TITANIUM,36.0,46.0,44.0,0.0,0.0,0.0,0.0,False,False,130.0,2.0,0.9,1.1,0.9,1.2,1.0,0.9,674.0,52.0,674.0,52.0,0,0,False,0,1,68.0,45.0,0.0,31.8,True,True,False,False,True,12,1,False,128.0,128.0,128.0,DISC,DISC,0,0,0.0,0.0,278.0,759.0,34.9,300.0,1.0
418.0,68.0,600.0,73.4,158.0,51.0,548.0,73.1,677.0,52.0,40.0,30.0,28.6,24.0,24.0,13.0,15.0,TITANIUM,33.0,45.0,42.0,0.0,0.0,0.0,0.0,False,False,130.0,2.0,0.9,1.1,0.9,1.2,1.0,0.9,674.0,52.0,674.0,52.0,0,0,False,0,1,68.0,45.0,0.0,31.8,True,True,False,False,True,10,2,False,128.0,128.0,128.0,DISC,SPOKED,0,0,0.0,0.0,282.0,754.0,34.9,300.0,1.0
440.0,72.0,620.0,72.5,175.0,53.0,575.0,73.0,688.0,51.0,40.0,30.0,28.6,24.0,24.0,13.0,15.0,TITANIUM,37.0,48.0,48.0,0.0,0.0,0.0,0.0,False,False,130.0,2.0,0.9,1.1,0.9,1.2,1.0,0.9,674.0,52.0,674.0,52.0,0,0,False,0,1,68.0,45.0,0.0,31.8,True,True,False,False,True,11,2,False,128.0,128.0,128.0,DISC,TRISPOKE,0,1,0.0,80.0,279.0,761.0,34.9,300.0,1.0
410.0,69.0,610.0,73.1,162.0,49.0,552.0,72.9,665.0,53.0,40.0,30.0,28.6,24.0,24.0,13.0,15.0,TITANIUM,31.0,47.0,41.0,0.0,0.0,0.0,0.0,False,False,130.0,2.0,0.9,1.1,0.9,1.2,1.0,0.9,674.0,52.0,674.0,52.0,0,0,False,0,1,68.0,45.0,0.0,31.8,True,True,False,False,True,12,1,False,128.0,128.0,128.0,DISC,DISC,0,0,0.0,0.0,281.0,758.0,34.9,300.0,1.0
430.0,70.0,628.0,72.7,172.0,46.0,558.0,73.3,685.0,52.0,40.0,30.0,28.6,24.0,24.0,13.0,15.0,TITANIUM,39.0,49.0,47.0,0.0,0.0,0.0,0.0,False,False,130.0,2.0,0.9,1.1,0.9,1.2,1.0,0.9,674.0,52.0,674.0,52.0,0,0,False,0,1,68.0,45.0,0.0,31.8,True,True,False,False,True,11,2,False,128.0,128.0,128.0,DISC,SPOKED,0,0,0.0,0.0,283.0,759.0,34.9,300.0,1.0
405.0,70.0,600.0,73.0,180.0,50.0,550.0,73.0,650.0,50.0,40.0,28.6,36.5,23.35,23.35,15.0,9.0,TITANIUM,35.0,35.0,45.0,330.0,350.0,16.0,18.0,False,False,130.0,1.0,0.9,1.1,0.9,1.2,1.0,0.9,680.0,40.0,680.0,40.0,0,0,False,0,3,68.0,45.0,0.0,31.8,False,True,False,False,True,11,2,False,128.0,128.0,128.0,SPOKED,SPOKED,0,0,0.0,0.0,280.0,760.0,34.9,300.0,1.0
395.0,75.0,590.0,72.5,170.0,55.0,560.0,72.0,640.0,52.0,40.0,28.6,36.5,23.35,23.35,14.0,10.0,TITANIUM,34.0,36.0,46.0,330.0,350.0,16.0,18.0,True,False,130.0,1.0,0.9,1.1,0.9,1.2,1.0,0.9,680.0,38.0,680.0,38.0,0,2,False,0,1,68.0,44.0,0.0,31.8,True,True,False,False,True,12,2,False,120.0,120.0,120.0,DISC,SPOKED,0,0,0.0,0.0,285.0,770.0,35.0,310.0,1.0
415.0,65.0,605.0,73.5,185.0,45.0,540.0,73.0,655.0,48.0,40.0,28.6,36.5,23.35,23.35,16.0,8.0,TITANIUM,36.0,34.0,44.0,330.0,350.0,15.0,17.0,False,True,130.0,1.0,0.9,1.1,0.9,1.2,1.0,0.9,680.0,42.0,680.0,42.0,0,1,False,0,3,70.0,46.0,694.0,31.8,False,True,False,False,True,11,1,False,135.0,135.0,135.0,TRISPOKE,DISC,1,0,85.0,0.0,275.0,750.0,34.9,300.0,0.0
400.0,72.0,595.0,72.0,175.0,60.0,555.0,73.5,645.0,54.0,40.0,28.6,36.5,23.35,23.35,15.0,9.0,TITANIUM,35.0,35.0,45.0,330.0,350.0,16.0,18.0,True,True,130.0,1.0,0.9,1.1,0.9,1.2,1.0,0.9,680.0,38.0,680.0,38.0,2,0,False,0,3,68.0,45.0,0.0,31.8,True,True,False,False,True,11,2,False,100.0,100.0,100.0,DISC,DISC,0,0,0.0,0.0,290.0,765.0,35.0,320.0,2.0
410.0,68.0,610.0,74.0,190.0,52.0,545.0,72.8,660.0,49.0,40.0,28.6,36.5,23.35,23.35,15.0,10.0,TITANIUM,37.0,33.0,47.0,330.0,350.0,16.0,18.0,False,False,135.0,1.0,0.9,1.1,0.9,1.2,1.0,0.9,680.0,40.0,680.0,40.0,1,1,False,2,1,68.0,46.0,0.0,31.8,False,True,False,False,True,12,2,False,140.0,140.0,140.0,TRISPOKE,TRISPOKE,1,1,80.0,80.0,270.0,755.0,34.9,300.0,1.0
395.0,75.0,585.0,73.0,160.0,48.0,560.0,73.2,630.0,53.0,41.0,29.0,37.0,24.0,24.0,16.0,9.0,TITANIUM,34.0,37.0,46.0,330.0,350.0,15.5,17.5,True,False,130.0,1.0,0.9,1.1,0.9,1.2,1.0,0.9,680.0,39.0,680.0,39.0,0,0,False,1,1,68.0,45.0,0.0,32.0,False,True,False,False,True,10,1,False,110.0,110.0,110.0,SPOKED,DISC,0,0,0.0,0.0,280.0,745.0,35.0,295.0,1.0
420.0,65.0,620.0,74.0,200.0,60.0,535.0,72.5,670.0,47.0,40.0,28.6,38.0,23.35,23.35,15.0,9.0,TITANIUM,38.0,32.0,48.0,330.0,350.0,16.0,18.0,False,True,135.0,1.0,0.9,1.1,0.9,1.2,1.0,0.9,680.0,42.0,680.0,42.0,0,2,False,0,3,68.0,47.0,0.0,31.8,True,True,False,False,True,11,2,False,125.0,125.0,125.0,DISC,DISC,0,0,0.0,0.0,295.0,780.0,35.0,310.0,1.0
390.0,78.0,580.0,72.0,165.0,50.0,565.0,74.0,635.0,55.0,40.0,28.6,36.5,23.0,24.0,15.0,9.0,TITANIUM,34.0,36.0,45.0,330.0,350.0,16.0,18.0,True,True,130.0,1.0,0.9,1.1,0.9,1.2,1.0,0.9,680.0,40.0,680.0,40.0,0,0,False,2,1,68.0,44.0,0.0,31.8,False,True,False,False,True,11,2,False,118.0,118.0,118.0,TRISPOKE,SPOKED,1,0,90.0,0.0,285.0,765.0,35.0,300.0,1.0
408.0,69.0,600.0,73.0,178.0,53.0,548.0,73.3,658.0,51.0,41.0,29.0,36.5,23.5,23.5,15.0,10.0,TITANIUM,35.0,35.0,45.0,330.0,350.0,17.0,19.0,False,False,132.0,1.0,0.9,1.1,0.9,1.2,1.0,0.9,680.0,41.0,680.0,41.0,1,2,False,0,3,68.0,45.0,0.0,31.9,True,True,False,False,True,12,3,False,130.0,130.0,130.0,DISC,SPOKED,0,0,0.0,0.0,282.0,755.0,35.0,305.0,1.0
402.0,71.0,610.0,73.8,182.0,49.0,562.0,73.0,662.0,49.0,40.0,28.8,36.8,23.4,23.4,15.0,9.0,TITANIUM,36.0,34.0,46.0,330.0,350.0,16.0,18.0,True,False,130.0,1.0,0.9,1.1,0.9,1.2,1.0,0.9,680.0,39.0,680.0,39.0,0,1,False,0,1,68.0,45.0,0.0,32.0,True,False,False,False,True,11,2,False,122.0,122.0,122.0,SPOKED,SPOKED,0,0,0.0,0.0,288.0,770.0,34.9,300.0,1.0
430.0,70.0,550.0,73.0,160.0,50.0,540.0,72.0,670.0,50.0,40.0,28.6,34.9,23.35,23.35,13.0,15.0,TITANIUM,35.0,35.0,50.0,330.0,350.0,16.0,18.0,False,False,130.0,2.0,0.9,1.1,0.9,1.2,1.0,0.9,700.0,25.0,700.0,25.0,0,1,False,0,3,68.0,44.0,0.0,34.9,False,False,False,False,True,11,2,False,128.0,128.0,128.0,DISC,SPOKED,0,0,0.0,0.0,280.0,750.0,34.9,300.0,1.0
435.0,68.0,545.0,72.5,155.0,55.0,550.0,71.5,660.0,48.0,40.0,28.6,34.9,23.35,23.35,12.0,14.0,TITANIUM,33.0,34.0,48.0,335.0,355.0,16.0,18.0,False,False,135.0,2.0,0.9,1.1,0.9,1.2,1.0,0.9,700.0,25.0,700.0,25.0,0,1,False,0,3,70.0,45.0,0.0,35.0,False,False,False,False,True,11,2,False,128.0,128.0,128.0,DISC,SPOKED,0,0,0.0,0.0,280.0,755.0,34.9,310.0,1.0
440.0,72.0,560.0,74.0,170.0,52.0,545.0,73.0,680.0,52.0,40.0,28.6,34.9,23.35,23.35,14.0,16.0,TITANIUM,36.0,36.0,52.0,340.0,360.0,16.0,18.0,False,False,132.0,2.0,0.9,1.1,0.9,1.2,1.0,0.9,700.0,25.0,700.0,25.0,0,1,False,0,3,68.0,46.0,0.0,35.2,False,False,False,False,True,11,2,False,128.0,128.0,128.0,DISC,SPOKED,0,0,0.0,0.0,280.0,760.0,34.9,305.0,1.0
425.0,69.0,540.0,73.5,165.0,51.0,535.0,72.5,675.0,51.0,40.0,28.6,34.9,23.35,23.35,13.0,15.0,TITANIUM,34.0,35.0,51.0,332.0,352.0,16.0,18.0,False,False,128.0,2.0,0.9,1.1,0.9,1.2,1.0,0.9,700.0,25.0,700.0,25.0,0,1,False,0,3,68.0,43.0,0.0,34.7,False,False,False,False,True,11,2,False,128.0,128.0,128.0,DISC,SPOKED,0,0,0.0,0.0,280.0,745.0,34.9,295.0,1.0
420.0,75.0,565.0,72.0,150.0,54.0,550.0,71.8,665.0,55.0,40.0,28.6,34.9,23.35,23.35,13.0,17.0,TITANIUM,32.0,33.0,50.0,338.0,358.0,16.0,18.0,False,False,130.0,2.0,0.9,1.1,0.9,1.2,1.0,0.9,700.0,25.0,700.0,25.0,0,1,False,0,3,68.0,44.0,0.0,35.0,False,False,False,False,True,11,2,False,128.0,128.0,128.0,DISC,SPOKED,0,0,0.0,0.0,280.0,750.0,34.9,300.0,1.0
445.0,67.0,580.0,72.8,180.0,53.0,560.0,71.2,690.0,47.0,40.0,28.6,34.9,23.35,23.35,13.0,15.0,TITANIUM,40.0,38.0,53.0,345.0,365.0,16.0,18.0,False,False,134.0,2.0,0.9,1.1,0.9,1.2,1.0,0.9,700.0,25.0,700.0,25.0,0,1,False,0,3,70.0,47.0,0.0,35.3,False,False,False,False,True,11,2,False,128.0,128.0,128.0,DISC,SPOKED,0,0,0.0,0.0,280.0,765.0,34.9,315.0,1.0
432.0,70.0,555.0,73.2,158.0,56.0,545.0,72.2,678.0,49.0,40.0,28.6,34.9,23.35,23.35,13.0,16.0,TITANIUM,37.0,36.0,51.0,333.0,353.0,16.0,18.0,False,False,131.0,2.0,0.9,1.1,0.9,1.2,1.0,0.9,700.0,25.0,700.0,25.0,0,1,False,0,3,68.0,44.0,0.0,35.0,False,False,False,False,True,11,2,False,128.0,128.0,128.0,DISC,SPOKED,0,0,0.0,0.0,280.0,755.0,34.9,305.0,1.0
438.0,71.0,560.0,72.4,162.0,52.0,550.0,72.7,682.0,53.0,40.0,28.6,34.9,23.35,23.35,13.0,15.0,TITANIUM,35.0,35.0,50.0,336.0,356.0,16.0,18.0,False,False,130.0,2.0,0.9,1.1,0.9,1.2,1.0,0.9,700.0,25.0,700.0,25.0,0,1,False,0,3,68.0,44.5,0.0,34.9,False,False,False,False,True,11,2,False,128.0,128.0,128.0,DISC,SPOKED,0,0,0.0,0.0,280.0,758.0,34.9,308.0,1.0
427.0,73.0,548.0,73.8,168.0,50.0,538.0,72.9,670.0,50.0,40.0,28.6,34.9,23.35,23.35,13.0,15.0,TITANIUM,36.0,34.0,52.0,334.0,354.0,16.0,18.0,False,False,129.0,2.0,0.9,1.1,0.9,1.2,1.0,0.9,700.0,25.0,700.0,25.0,0,1,False,0,3,68.0,45.0,0.0,35.0,False,False,False,False,True,11,2,False,128.0,128.0,128.0,DISC,SPOKED,0,0,0.0,0.0,280.0,752.0,34.9,302.0,1.0
442.0,69.0,570.0,72.6,175.0,54.0,555.0,71.6,695.0,46.0,40.0,28.6,34.9,23.35,23.35,13.0,15.0,TITANIUM,38.0,37.0,53.0,339.0,359.0,16.0,18.0,False,False,132.0,2.0,0.9,1.1,0.9,1.2,1.0,0.9,700.0,25.0,700.0,25.0,0,1,False,0,3,68.0,46.0,0.0,35.2,False,False,False,False,True,11,2,False,128.0,128.0,128.0,DISC,SPOKED,0,0,0.0,0.0,280.0,765.0,34.9,310.0,1.0
425.0,65.0,600.0,73.0,160.0,42.0,550.0,74.0,660.0,50.0,40.0,33.6,34.9,24.0,24.0,13.0,12.0,TITANIUM,30.0,38.0,42.0,0.0,0.0,0.0,0.0,False,False,130.0,2.0,1.1,1.2,1.1,1.0,1.0,1.1,680.0,120.0,680.0,120.0,0,0,False,0,1,68.0,45.0,0.0,31.8,False,True,False,False,True,11,2,False,128.0,128.0,128.0,SPOKED,SPOKED,0,0,0.0,0.0,280.0,760.0,34.9,300.0,1.0
430.0,60.0,590.0,72.5,155.0,40.0,560.0,73.5,655.0,52.0,40.0,33.6,34.9,23.5,23.5,13.0,11.5,TITANIUM,28.0,36.0,40.0,0.0,0.0,0.0,0.0,False,False,135.0,2.0,0.9,1.0,1.0,0.9,0.9,1.0,680.0,120.0,680.0,120.0,0,2,False,0,3,70.0,46.0,0.0,31.8,False,True,False,False,True,11,2,False,128.0,128.0,128.0,SPOKED,SPOKED,0,0,0.0,0.0,280.0,755.0,34.9,295.0,3.0
420.0,62.0,595.0,73.5,158.0,41.0,545.0,74.0,662.0,50.0,40.0,33.6,34.9,24.0,23.0,13.0,12.5,TITANIUM,29.5,37.0,41.0,0.0,0.0,0.0,0.0,False,False,130.0,2.0,1.0,1.1,1.1,1.0,1.0,1.0,680.0,120.0,680.0,120.0,0,0,False,0,1,68.0,45.0,0.0,31.8,False,True,False,False,True,11,2,False,128.0,128.0,128.0,TRISPOKE,SPOKED,1,0,80.0,0.0,280.0,760.0,34.9,300.0,1.0
415.0,64.0,585.0,72.0,152.0,39.0,555.0,73.0,658.0,50.0,40.0,33.6,34.9,23.5,24.5,13.0,11.0,TITANIUM,27.0,35.0,39.0,0.0,0.0,0.0,0.0,False,False,130.0,2.0,0.9,1.1,1.1,0.9,0.9,1.0,680.0,120.0,680.0,120.0,0,2,False,0,1,68.0,45.0,0.0,31.8,False,True,False,False,True,11,2,False,128.0,128.0,128.0,SPOKED,DISC,0,0,0.0,0.0,280.0,760.0,34.9,300.0,1.0
440.0,66.0,605.0,73.0,162.0,43.0,555.0,74.0,665.0,48.0,40.0,33.6,34.9,24.0,24.0,13.0,12.0,TITANIUM,31.0,39.0,43.0,0.0,0.0,0.0,0.0,False,False,130.0,2.0,1.1,1.2,1.2,1.0,1.0,1.1,680.0,120.0,680.0,120.0,0,0,False,0,1,68.0,45.0,0.0,31.8,False,True,False,False,True,11,2,False,128.0,128.0,128.0,DISC,DISC,0,0,0.0,0.0,280.0,760.0,34.9,300.0,1.0
435.0,63.0,600.0,73.5,159.0,42.0,548.0,74.0,660.0,50.0,40.0,33.6,34.9,23.5,23.5,13.0,11.8,TITANIUM,29.0,36.5,40.5,0.0,0.0,0.0,0.0,False,False,130.0,2.0,1.0,1.1,1.0,0.9,0.9,1.0,680.0,120.0,680.0,120.0,0,2,False,0,1,68.0,45.0,0.0,31.8,False,True,False,False,True,11,2,False,128.0,128.0,128.0,SPOKED,TRISPOKE,0,1,0.0,80.0,280.0,760.0,34.9,300.0,1.0
410.0,68.0,595.0,74.0,157.0,40.0,560.0,75.0,658.0,48.0,40.0,33.6,34.9,23.5,23.5,13.0,12.0,TITANIUM,28.5,38.0,41.5,0.0,0.0,0.0,0.0,False,False,130.0,2.0,0.9,1.0,1.0,0.9,0.9,1.0,680.0,120.0,680.0,120.0,0,2,True,0,1,68.0,45.0,0.0,31.8,False,True,False,False,True,11,2,False,128.0,128.0,128.0,SPOKED,SPOKED,0,0,0.0,0.0,280.0,760.0,34.9,300.0,1.0
420.0,65.0,598.0,73.5,158.0,41.0,550.0,74.0,659.0,50.0,40.0,33.6,34.9,24.0,24.0,13.0,12.0,TITANIUM,29.2,37.5,42.0,0.0,0.0,0.0,0.0,False,False,130.0,2.0,1.0,1.1,1.1,1.0,1.0,1.0,680.0,120.0,680.0,120.0,0,0,False,0,1,68.0,45.0,0.0,31.8,False,True,True,False,True,11,2,False,128.0,128.0,128.0,SPOKED,SPOKED,0,0,0.0,0.0,280.0,760.0,34.9,300.0,1.0
430.0,59.0,592.0,72.5,154.0,39.0,555.0,73.0,654.0,52.0,40.0,33.6,34.9,23.5,23.5,13.0,11.5,TITANIUM,28.8,35.0,39.5,0.0,0.0,0.0,0.0,False,False,130.0,2.0,0.9,1.0,1.0,0.9,0.9,1.0,680.0,120.0,680.0,120.0,0,2,False,0,1,68.0,45.0,0.0,31.8,False,True,False,False,True,11,2,True,128.0,128.0,128.0,SPOKED,SPOKED,0,0,0.0,0.0,280.0,760.0,34.9,300.0,1.0
425.0,63.0,597.0,73.8,158.5,41.5,552.0,74.2,659.5,49.0,40.0,33.6,34.9,23.5,24.0,13.0,12.3,TITANIUM,29.8,37.8,41.8,0.0,0.0,0.0,0.0,False,False,132.0,2.0,1.0,1.1,1.0,0.95,0.95,1.0,680.0,120.0,680.0,120.0,0,0,False,0,1,68.0,45.0,0.0,31.8,False,True,False,True,True,11,2,False,128.0,128.0,128.0,SPOKED,SPOKED,0,0,0.0,0.0,280.0,760.0,34.9,300.0,1.0
415.0,70.0,610.0,73.0,150.0,50.0,550.0,74.0,660.0,45.0,40.0,28.6,36.5,23.35,16.0,13.0,15.0,TITANIUM,33.0,48.0,45.0,0.0,0.0,16.0,18.0,False,False,130.0,2.0,0.9,1.1,0.9,1.2,1.0,0.9,680.0,50.0,680.0,50.0,0,0,False,0,3,68.0,45.0,30.0,45.0,False,True,False,False,True,11,2,False,128.0,128.0,128.0,SPOKED,SPOKED,0,0,0.0,0.0,280.0,750.0,36.5,300.0,1.0
420.0,68.0,620.0,73.5,160.0,52.0,560.0,73.5,665.0,45.0,40.0,28.6,36.5,23.35,16.0,13.0,15.0,TITANIUM,35.0,50.0,47.0,0.0,0.0,16.0,18.0,False,False,130.0,2.0,0.9,1.1,0.9,1.2,1.0,0.9,680.0,50.0,680.0,50.0,0,0,False,0,3,68.0,46.0,29.0,46.0,False,True,False,False,True,11,2,False,128.0,128.0,128.0,SPOKED,SPOKED,0,0,0.0,0.0,285.0,760.0,36.5,310.0,1.0
410.0,72.0,605.0,72.5,155.0,48.0,545.0,74.5,655.0,42.0,40.0,28.6,36.5,23.35,16.0,13.0,15.0,TITANIUM,32.0,46.0,43.0,0.0,0.0,16.0,18.0,False,False,130.0,2.0,0.9,1.1,0.9,1.2,1.0,0.9,680.0,50.0,680.0,50.0,0,0,False,0,3,68.0,44.0,31.0,44.0,False,True,False,False,True,11,2,False,128.0,128.0,128.0,SPOKED,SPOKED,0,0,0.0,0.0,275.0,740.0,36.5,295.0,1.0
405.0,75.0,630.0,74.0,170.0,55.0,580.0,73.0,680.0,48.0,40.0,28.6,36.5,23.35,16.0,13.0,15.0,TITANIUM,40.0,55.0,50.0,0.0,0.0,16.0,18.0,False,False,130.0,2.0,0.9,1.1,0.9,1.2,1.0,0.9,680.0,50.0,680.0,50.0,0,0,False,0,3,68.0,48.0,28.0,47.0,False,True,False,False,True,11,2,False,128.0,128.0,128.0,SPOKED,SPOKED,0,0,0.0,0.0,290.0,770.0,36.5,320.0,1.0
445.0,68.0,590.0,72.0,140.0,50.0,540.0,75.0,645.0,43.0,40.0,28.6,36.5,23.35,16.0,13.0,15.0,TITANIUM,30.0,45.0,42.0,0.0,0.0,16.0,18.0,False,False,130.0,2.0,0.9,1.1,0.9,1.2,1.0,0.9,680.0,50.0,680.0,50.0,0,0,False,0,3,68.0,43.0,32.0,44.0,False,True,False,False,True,11,2,False,128.0,128.0,128.0,SPOKED,SPOKED,0,0,0.0,0.0,275.0,730.0,36.5,290.0,1.0
430.0,70.0,580.0,71.5,135.0,48.0,530.0,75.5,640.0,40.0,40.0,28.6,36.5,23.35,16.0,13.0,15.0,TITANIUM,28.0,44.0,40.0,0.0,0.0,16.0,18.0,False,False,130.0,2.0,0.9,1.1,0.9,1.2,1.0,0.9,680.0,50.0,680.0,50.0,0,0,False,0,3,68.0,43.0,32.0,43.0,False,True,False,False,True,11,2,False,128.0,128.0,128.0,SPOKED,SPOKED,0,0,0.0,0.0,270.0,720.0,36.5,285.0,1.0
400.0,68.0,650.0,74.5,180.0,58.0,590.0,73.0,670.0,46.0,40.0,28.6,36.5,23.35,16.0,13.0,15.0,TITANIUM,40.0,55.0,50.0,0.0,0.0,16.0,18.0,False,False,130.0,2.0,0.9,1.1,0.9,1.2,1.0,0.9,680.0,50.0,680.0,50.0,0,0,False,0,3,68.0,50.0,26.0,49.0,False,True,False,False,True,11,2,False,128.0,128.0,128.0,SPOKED,SPOKED,0,0,0.0,0.0,295.0,780.0,36.5,330.0,1.0
415.0,72.0,570.0,74.5,145.0,49.0,525.0,76.0,650.0,44.0,40.0,28.6,36.5,23.35,16.0,13.0,15.0,TITANIUM,31.0,43.0,41.0,0.0,0.0,16.0,18.0,False,False,130.0,2.0,0.9,1.1,0.9,1.2,1.0,0.9,680.0,50.0,680.0,50.0,0,0,False,0,3,68.0,42.0,30.0,43.0,False,True,False,False,True,11,2,False,128.0,128.0,128.0,SPOKED,SPOKED,0,0,0.0,0.0,260.0,735.0,36.5,300.0,1.0
450.0,66.0,600.0,73.0,165.0,53.0,575.0,73.5,669.0,47.0,40.0,28.6,36.5,23.35,16.0,13.0,15.0,TITANIUM,36.0,52.0,48.0,0.0,0.0,16.0,18.0,False,False,130.0,2.0,0.9,1.1,0.9,1.2,1.0,0.9,680.0,50.0,680.0,50.0,0,0,False,0,3,68.0,47.0,29.0,46.0,False,True,False,False,True,11,2,False,128.0,128.0,128.0,SPOKED,SPOKED,0,0,0.0,0.0,300.0,755.0,36.5,315.0,1.0
420.0,70.0,620.0,72.0,150.0,50.0,555.0,74.0,662.0,45.0,40.0,28.6,36.5,23.35,16.0,13.0,15.0,TITANIUM,33.0,49.0,46.0,0.0,0.0,16.0,18.0,False,False,130.0,2.0,0.9,1.1,0.9,1.2,1.0,0.9,680.0,50.0,680.0,50.0,0,0,False,0,3,68.0,45.0,30.0,45.0,False,True,False,False,True,11,2,False,128.0,128.0,128.0,SPOKED,SPOKED,0,0,0.0,0.0,280.0,745.0,36.5,300.0,1.0
425.0,70.0,630.0,73.0,160.0,45.0,560.0,73.0,600.0,50.0,40.0,31.8,36.5,23.35,23.35,13.0,15.0,TITANIUM,35.0,35.0,50.0,0.0,0.0,0.0,0.0,False,False,130.0,2.0,0.9,1.1,0.9,1.2,1.0,0.9,680.0,29.0,680.0,29.0,0,0,False,0,1,68.0,45.0,0.0,31.8,True,True,False,False,True,11,2,False,128.0,128.0,128.0,SPOKED,SPOKED,0,0,0.0,0.0,280.0,730.0,36.5,330.0,1.0
420.0,72.0,635.0,72.5,150.0,47.0,565.0,74.0,595.0,52.0,40.0,31.8,36.5,23.35,23.35,13.0,15.0,TITANIUM,33.0,36.0,52.0,0.0,0.0,0.0,0.0,False,False,130.0,2.0,0.9,1.1,0.9,1.2,1.0,0.9,680.0,29.0,680.0,29.0,0,1,False,0,1,68.0,44.0,0.0,31.8,True,True,False,False,True,11,2,False,128.0,128.0,128.0,SPOKED,SPOKED,0,0,0.0,0.0,280.0,720.0,36.5,340.0,1.0
430.0,68.0,625.0,73.5,165.0,43.0,550.0,72.5,610.0,48.0,40.0,31.8,36.5,23.35,23.35,13.0,15.0,TITANIUM,37.0,34.0,48.0,0.0,0.0,0.0,0.0,False,False,130.0,2.0,0.9,1.1,0.9,1.2,1.0,0.9,680.0,29.0,680.0,29.0,0,2,False,0,1,68.0,46.0,0.0,31.8,True,True,False,False,True,11,2,False,128.0,128.0,128.0,SPOKED,SPOKED,0,0,0.0,0.0,280.0,740.0,36.5,320.0,1.0
415.0,70.0,620.0,72.0,140.0,46.0,555.0,73.5,590.0,54.0,40.0,31.8,36.5,23.35,23.35,13.0,15.0,TITANIUM,30.0,38.0,45.0,0.0,0.0,0.0,0.0,False,False,130.0,2.0,0.9,1.1,0.9,1.2,1.0,0.9,680.0,29.0,680.0,29.0,0,0,False,0,1,68.0,44.0,0.0,31.8,True,True,False,False,True,11,2,False,128.0,128.0,128.0,SPOKED,SPOKED,0,0,0.0,0.0,280.0,715.0,36.5,350.0,2.0
440.0,75.0,640.0,74.0,170.0,44.0,570.0,73.0,605.0,50.0,40.0,31.8,36.5,23.35,23.35,13.0,15.0,TITANIUM,40.0,32.0,55.0,0.0,0.0,0.0,0.0,False,False,130.0,2.0,0.9,1.1,0.9,1.2,1.0,0.9,680.0,29.0,680.0,29.0,0,1,False,0,1,68.0,47.0,0.0,31.8,True,True,False,False,True,11,2,False,128.0,128.0,128.0,SPOKED,SPOKED,0,0,0.0,0.0,280.0,735.0,36.5,310.0,1.0
410.0,70.0,630.0,73.0,160.0,45.0,560.0,73.0,605.0,50.0,40.0,31.8,36.5,23.35,23.35,13.0,15.0,TITANIUM,35.0,35.0,50.0,0.0,0.0,0.0,0.0,False,False,130.0,2.0,0.9,1.1,0.9,1.2,1.0,0.9,680.0,29.0,680.0,29.0,0,1,False,0,1,68.0,45.0,0.0,31.8,True,True,False,False,True,11,1,False,128.0,128.0,128.0,SPOKED,SPOKED,0,0,0.0,0.0,280.0,725.0,36.5,330.0,3.0
420.0,70.0,635.0,73.0,155.0,45.0,560.0,73.0,600.0,50.0,40.0,30.0,34.0,25.0,25.0,13.0,15.0,TITANIUM,35.0,35.0,50.0,330.0,0.0,16.0,0.0,True,False,130.0,2.0,0.9,1.1,0.9,1.2,1.0,0.9,680.0,29.0,680.0,29.0,0,0,False,0,1,68.0,45.0,0.0,31.8,True,True,False,False,True,11,2,False,128.0,128.0,128.0,SPOKED,SPOKED,0,0,0.0,0.0,280.0,730.0,36.5,330.0,1.0
435.0,70.0,630.0,73.0,160.0,45.0,560.0,73.0,600.0,50.0,40.0,31.8,36.5,23.35,23.35,13.0,15.0,TITANIUM,35.0,35.0,50.0,0.0,350.0,0.0,18.0,False,True,130.0,2.0,0.9,1.1,0.9,1.2,1.0,0.9,680.0,29.0,680.0,29.0,0,0,False,0,1,68.0,45.0,0.0,31.8,True,True,False,False,True,11,2,False,128.0,128.0,128.0,SPOKED,SPOKED,0,0,0.0,0.0,280.0,730.0,36.5,330.0,1.0
425.0,70.0,640.0,74.0,160.0,45.0,560.0,74.0,605.0,50.0,40.0,31.8,36.5,23.35,23.35,13.0,15.0,TITANIUM,35.0,35.0,50.0,0.0,0.0,0.0,0.0,False,False,130.0,2.0,0.9,1.1,0.9,1.2,1.0,0.9,680.0,29.0,680.0,29.0,0,0,False,0,1,68.0,45.0,0.0,31.8,False,True,False,False,True,11,2,False,128.0,128.0,128.0,SPOKED,SPOKED,0,0,0.0,0.0,280.0,730.0,36.5,330.0,1.0
425.0,70.0,630.0,73.0,160.0,45.0,560.0,73.0,600.0,50.0,40.0,31.8,36.5,23.35,23.35,13.0,15.0,TITANIUM,35.0,35.0,50.0,330.0,350.0,16.0,18.0,True,True,130.0,2.0,0.9,1.1,0.9,1.2,1.0,0.9,680.0,29.0,680.0,29.0,0,0,False,0,1,68.0,45.0,0.0,31.8,True,True,False,False,True,11,2,False,128.0,128.0,128.0,SPOKED,SPOKED,0,0,0.0,0.0,280.0,730.0,36.5,330.0,1.0
410.0,70.0,600.0,73.0,170.0,50.0,550.0,73.0,650.0,45.0,40.0,33.0,36.5,23.35,23.35,13.0,15.0,TITANIUM,33.0,32.0,40.0,330.0,350.0,0.0,0.0,False,False,130.0,2.0,0.9,1.1,0.9,1.2,1.0,0.9,700.0,50.0,700.0,50.0,0,2,False,0,3,68.0,45.0,0.0,31.8,False,False,False,False,True,11,2,False,128.0,128.0,128.0,DISC,DISC,0,0,0.0,0.0,280.0,780.0,34.9,300.0,1.0
415.0,68.0,610.0,72.5,165.0,48.0,560.0,73.5,655.0,45.0,40.0,33.0,36.5,23.35,23.35,13.0,15.0,TITANIUM,33.0,32.0,40.0,330.0,350.0,0.0,0.0,False,False,130.0,2.0,0.9,1.1,0.9,1.2,1.0,0.9,700.0,48.0,700.0,48.0,0,2,False,0,3,68.0,45.0,0.0,31.8,False,False,False,False,True,12,2,False,128.0,128.0,128.0,DISC,DISC,0,0,0.0,0.0,285.0,790.0,34.9,300.0,1.0
420.0,72.0,605.0,73.0,172.0,50.0,545.0,72.0,648.0,45.0,40.0,33.0,36.5,23.35,23.35,13.0,15.0,TITANIUM,34.0,31.0,42.0,330.0,350.0,0.0,0.0,False,False,130.0,2.0,0.9,1.1,0.9,1.2,1.0,0.9,700.0,52.0,700.0,52.0,0,0,False,0,3,68.0,45.0,0.0,31.8,False,False,False,False,True,11,2,False,128.0,128.0,128.0,DISC,DISC,0,0,0.0,0.0,281.0,775.0,34.9,300.0,1.0
405.0,68.0,615.0,72.5,160.0,48.0,570.0,73.0,660.0,45.0,40.0,33.0,36.5,23.35,23.35,13.0,15.0,TITANIUM,32.0,33.0,38.0,330.0,350.0,0.0,0.0,False,False,130.0,2.0,0.9,1.1,0.9,1.2,1.0,0.9,700.0,50.0,700.0,50.0,0,1,False,0,3,68.0,45.0,0.0,31.8,False,False,False,False,True,11,2,False,128.0,128.0,128.0,DISC,DISC,0,0,0.0,0.0,290.0,790.0,34.9,300.0,1.0
408.0,69.0,605.0,73.5,168.0,49.0,555.0,73.2,652.0,45.0,40.0,33.0,36.5,23.35,23.35,13.0,15.0,TITANIUM,33.0,31.0,41.0,330.0,350.0,0.0,0.0,False,False,130.0,2.0,0.9,1.1,0.9,1.2,1.0,0.9,700.0,51.0,700.0,51.0,0,2,False,0,3,68.0,45.0,0.0,31.8,False,False,False,False,True,12,2,False,128.0,128.0,128.0,DISC,DISC,0,0,0.0,0.0,280.0,785.0,34.9,300.0,1.0
412.0,70.0,595.0,72.8,168.0,49.0,555.0,73.2,654.0,45.0,40.0,33.0,36.5,23.35,23.35,13.0,15.0,TITANIUM,34.0,32.0,40.0,330.0,350.0,0.0,0.0,False,False,130.0,2.0,0.9,1.1,0.9,1.2,1.0,0.9,700.0,50.0,700.0,50.0,0,0,False,0,3,68.0,45.0,0.0,31.8,False,False,False,False,True,11,2,False,128.0,128.0,128.0,DISC,DISC,0,0,0.0,0.0,286.0,795.0,34.9,300.0,1.0
411.0,70.0,590.0,73.2,162.0,47.0,565.0,72.7,658.0,45.0,40.0,33.0,36.5,23.35,23.35,13.0,15.0,TITANIUM,33.0,33.0,40.0,330.0,350.0,0.0,0.0,False,False,130.0,2.0,0.9,1.1,0.9,1.2,1.0,0.9,700.0,50.0,700.0,50.0,0,2,False,0,3,68.0,45.0,0.0,31.8,False,False,False,False,True,12,2,False,128.0,128.0,128.0,DISC,DISC,0,0,0.0,0.0,284.0,782.0,34.9,300.0,1.0
417.0,71.0,605.0,73.0,170.0,50.0,550.0,73.5,650.0,45.0,40.0,33.0,36.5,23.35,23.35,13.0,15.0,TITANIUM,33.0,32.0,40.0,330.0,350.0,0.0,0.0,False,False,130.0,2.0,0.9,1.1,0.9,1.2,1.0,0.9,700.0,48.0,700.0,48.0,0,2,False,0,3,68.0,45.0,0.0,31.8,False,False,False,False,True,11,2,False,128.0,128.0,128.0,DISC,DISC,0,0,0.0,0.0,282.0,788.0,34.9,300.0,1.0
413.0,68.0,620.0,72.0,155.0,46.0,580.0,72.5,665.0,45.0,40.0,33.0,36.5,23.35,23.35,13.0,15.0,TITANIUM,31.0,34.0,36.0,330.0,350.0,0.0,0.0,False,False,130.0,2.0,0.9,1.1,0.9,1.2,1.0,0.9,700.0,50.0,700.0,50.0,0,1,False,0,3,68.0,45.0,0.0,31.8,False,False,False,False,True,11,2,False,128.0,128.0,128.0,DISC,DISC,0,0,0.0,0.0,288.0,775.0,34.9,300.0,1.0
409.0,69.0,600.0,73.0,180.0,50.0,565.0,73.0,660.0,45.0,40.0,33.0,36.5,23.35,23.35,13.0,15.0,TITANIUM,35.0,30.0,45.0,330.0,350.0,0.0,0.0,False,False,130.0,2.0,0.9,1.1,0.9,1.2,1.0,0.9,700.0,50.0,700.0,50.0,0,1,False,0,3,68.0,45.0,0.0,31.8,False,False,False,False,True,12,2,False,128.0,128.0,128.0,DISC,DISC,0,0,0.0,0.0,283.0,790.0,34.9,300.0,1.0
400.0,65.0,620.0,72.0,120.0,45.0,560.0,73.0,620.0,45.0,40.0,26.0,28.0,23.0,20.0,13.0,15.0,TITANIUM,20.0,30.0,10.0,330.0,350.0,16.0,18.0,False,False,130.0,2.0,0.9,1.1,0.9,1.2,1.0,0.9,680.0,121.0,680.0,121.0,0,0,False,0,3,68.0,45.0,0.0,28.6,False,False,False,False,True,10,2,False,120.0,120.0,120.0,DISC,TRISPOKE,0,1,0.0,80.0,300.0,760.0,34.9,300.0,1.0
420.0,60.0,630.0,72.5,140.0,50.0,580.0,73.5,630.0,48.0,45.0,28.0,30.0,24.0,22.0,13.0,15.0,TITANIUM,25.0,60.0,20.0,330.0,350.0,16.0,18.0,False,False,130.0,2.0,0.9,1.1,0.9,1.2,1.0,0.9,680.0,121.0,680.0,121.0,0,0,False,0,3,68.0,45.0,0.0,28.6,False,False,False,False,True,10,2,False,120.0,120.0,120.0,DISC,TRISPOKE,0,1,0.0,80.0,300.0,760.0,34.9,300.0,1.0
440.0,70.0,640.0,73.0,160.0,55.0,600.0,74.0,640.0,50.0,50.0,30.0,32.0,25.0,24.0,13.0,15.0,TITANIUM,30.0,90.0,30.0,330.0,350.0,16.0,18.0,False,False,130.0,2.0,0.9,1.1,0.9,1.2,1.0,0.9,680.0,121.0,680.0,121.0,0,0,False,0,3,68.0,45.0,0.0,28.6,False,False,False,False,True,10,2,False,120.0,120.0,120.0,DISC,TRISPOKE,0,1,0.0,80.0,300.0,760.0,34.9,300.0,1.0
460.0,75.0,610.0,73.5,180.0,50.0,620.0,73.2,650.0,47.0,55.0,32.0,34.0,23.0,26.0,13.0,15.0,TITANIUM,35.0,120.0,40.0,330.0,350.0,16.0,18.0,False,False,130.0,2.0,0.9,1.1,0.9,1.2,1.0,0.9,680.0,121.0,680.0,121.0,0,0,False,0,3,68.0,45.0,0.0,28.6,False,False,False,False,True,10,2,False,120.0,120.0,120.0,DISC,TRISPOKE,0,1,0.0,80.0,300.0,760.0,34.9,300.0,1.0
480.0,68.0,650.0,72.8,200.0,45.0,610.0,73.8,660.0,49.0,60.0,33.0,35.0,24.0,20.0,13.0,15.0,TITANIUM,40.0,50.0,50.0,330.0,350.0,16.0,18.0,False,False,130.0,2.0,0.9,1.1,0.9,1.2,1.0,0.9,680.0,121.0,680.0,121.0,0,0,False,0,3,68.0,45.0,0.0,28.6,False,False,False,False,True,10,2,False,120.0,120.0,120.0,DISC,TRISPOKE,0,1,0.0,80.0,300.0,760.0,34.9,300.0,1.0
500.0,63.0,600.0,72.2,110.0,55.0,590.0,73.1,610.0,46.0,65.0,27.0,29.0,23.0,22.0,13.0,15.0,TITANIUM,45.0,80.0,5.0,330.0,350.0,16.0,18.0,False,False,130.0,2.0,0.9,1.1,0.9,1.2,1.0,0.9,680.0,121.0,680.0,121.0,0,0,False,0,3,68.0,45.0,0.0,28.6,False,False,False,False,True,10,2,False,120.0,120.0,120.0,DISC,TRISPOKE,0,1,0.0,80.0,300.0,760.0,34.9,300.0,1.0
420.0,73.0,625.0,73.2,130.0,45.0,570.0,73.6,625.0,44.0,42.0,29.0,31.0,25.0,24.0,13.0,15.0,TITANIUM,22.0,110.0,15.0,330.0,350.0,16.0,18.0,False,False,130.0,2.0,0.9,1.1,0.9,1.2,1.0,0.9,680.0,121.0,680.0,121.0,0,0,False,0,3,68.0,45.0,0.0,28.6,False,False,False,False,True,10,2,False,120.0,120.0,120.0,DISC,TRISPOKE,0,1,0.0,80.0,300.0,760.0,34.9,300.0,1.0
450.0,67.0,635.0,74.0,150.0,50.0,630.0,74.0,635.0,51.0,47.0,31.0,33.0,24.0,26.0,13.0,15.0,TITANIUM,27.0,40.0,25.0,330.0,350.0,16.0,18.0,False,False,130.0,2.0,0.9,1.1,0.9,1.2,1.0,0.9,680.0,121.0,680.0,121.0,0,0,False,0,3,68.0,45.0,0.0,28.6,False,False,False,False,True,10,2,False,120.0,120.0,120.0,DISC,TRISPOKE,0,1,0.0,80.0,300.0,760.0,34.9,300.0,1.0
430.0,72.0,645.0,72.0,170.0,55.0,550.0,72.8,645.0,43.0,52.0,25.0,26.0,23.0,20.0,13.0,15.0,TITANIUM,32.0,70.0,35.0,330.0,350.0,16.0,18.0,False,False,130.0,2.0,0.9,1.1,0.9,1.2,1.0,0.9,680.0,121.0,680.0,121.0,0,0,False,0,3,68.0,45.0,0.0,28.6,False,False,False,False,True,10,2,False,120.0,120.0,120.0,DISC,TRISPOKE,0,1,0.0,80.0,300.0,760.0,34.9,300.0,1.0
470.0,66.0,615.0,73.8,190.0,50.0,630.0,73.4,655.0,52.0,57.0,26.5,34.0,25.0,24.0,13.0,15.0,TITANIUM,37.0,100.0,45.0,330.0,350.0,16.0,18.0,False,False,130.0,2.0,0.9,1.1,0.9,1.2,1.0,0.9,680.0,121.0,680.0,121.0,0,0,False,0,3,68.0,45.0,0.0,28.6,False,False,False,False,True,10,2,False,120.0,120.0,120.0,DISC,TRISPOKE,0,1,0.0,80.0,300.0,760.0,34.9,300.0,1.0
